"DateTime","Container","Dry Bulk","General Cargo","Roll-on/roll-off","Tanker","30-day Moving Average","Prior Year: 30-day Moving Average"
"2019-01-01 00:00:00",902601,263267,86519,23253,486035,,
"2019-01-02 00:00:00",769717,317900,99784,16607,570206,,
"2019-01-03 00:00:00",1268009,231387,161471,55283,741863,,
"2019-01-04 00:00:00",1255686,251272,149068,54940,916384,,
"2019-01-05 00:00:00",1136650,267964,160395,37632,939329,,
"2019-01-06 00:00:00",1236736,172603,168498,41207,699461,,
"2019-01-07 00:00:00",1550304,248963,138768,63953,1090877,,
"2019-01-08 00:00:00",830638,449422,160990,47602,679931,,
"2019-01-09 00:00:00",1103199,352120,190912,42853,1183315,,
"2019-01-10 00:00:00",1872648,297854,217957,61354,703552,,
"2019-01-11 00:00:00",1313422,320412,189875,57204,802606,,
"2019-01-12 00:00:00",1928898,250154,147341,49920,923261,,
"2019-01-13 00:00:00",1032617,249771,124123,31525,710414,,
"2019-01-14 00:00:00",1385289,272615,164994,56272,970021,,
"2019-01-15 00:00:00",1406088,608897,184688,65099,778440,,
"2019-01-16 00:00:00",1663758,170833,230944,53446,1001932,,
"2019-01-17 00:00:00",1074512,141725,184690,52312,1132715,,
"2019-01-18 00:00:00",1974830,294316,160864,61833,770378,,
"2019-01-19 00:00:00",1755795,370495,189878,40886,778249,,
"2019-01-20 00:00:00",1171338,346733,153423,50685,954175,,
"2019-01-21 00:00:00",1456916,300897,150804,61227,914126,,
"2019-01-22 00:00:00",1189133,356661,234647,51406,969092,,
"2019-01-23 00:00:00",1343480,380018,206136,38629,1131709,,
"2019-01-24 00:00:00",1642528,356757,214994,63148,1233267,,
"2019-01-25 00:00:00",1305089,516765,192374,70159,758669,,
"2019-01-26 00:00:00",1609812,214947,176752,51124,1077337,,
"2019-01-27 00:00:00",1315271,205427,203774,32130,629786,,
"2019-01-28 00:00:00",1586924,269458,141057,50030,1067008,,
"2019-01-29 00:00:00",1629201,260581,157934,61207,968122,,
"2019-01-30 00:00:00",1646074,321873,190190,72318,659226,2777043,
"2019-01-31 00:00:00",1413552,403808,185246,85838,1072784,2823695.6333333333,
"2019-02-01 00:00:00",1327103,302546,169831,55019,1129824,2864033.433333333,
"2019-02-02 00:00:00",1852198,409577,131183,32590,852284,2891360.7,
"2019-02-03 00:00:00",997321,279892,112347,57950,738529,2876650.3666666667,
"2019-02-04 00:00:00",1237213,431447,135231,58179,751478,2879036.966666667,
"2019-02-05 00:00:00",1287259,244506,181210,63754,893235,2890753.066666667,
"2019-02-06 00:00:00",1314312,196890,196644,76522,905824,2877330.8666666667,
"2019-02-07 00:00:00",1392840,246058,193273,55021,1132942,2905716.1666666665,
"2019-02-08 00:00:00",1325109,224555,164676,68102,910303,2899727.966666667,
"2019-02-09 00:00:00",1271641,261058,130948,34582,865239,2880064.3666666667,
"2019-02-10 00:00:00",1517355,473479,148982,35051,809145,2890080.533333333,
"2019-02-11 00:00:00",1549099,152101,181068,85119,919689,2876330.933333333,
"2019-02-12 00:00:00",1324386,202558,176164,46094,987102,2895926.533333333,
"2019-02-13 00:00:00",1089902,639633,257791,62189,923495,2900054.1666666665,
"2019-02-14 00:00:00",1332932,638062,209731,68505,1332160,2917993.3666666667,
"2019-02-15 00:00:00",1178157,193272,215662,70144,1006044,2902738.533333333,
"2019-02-16 00:00:00",1400296,249187,172592,58387,1208741,2919513.2333333334,
"2019-02-17 00:00:00",1352327,144407,140370,45288,901550,2896903.466666667,
"2019-02-18 00:00:00",1832482,652220,183542,57494,1026815,2917479.1333333333,
"2019-02-19 00:00:00",1112917,587773,192764,60282,747805,2918318.9,
"2019-02-20 00:00:00",1774895,489276,190483,61088,1069384,2941691.1,
"2019-02-21 00:00:00",1040571,498915,243832,66697,1215137,2950498.6,
"2019-02-22 00:00:00",1611166,594681,193190,66103,965735,2961528.933333333,
"2019-02-23 00:00:00",1309792,209953,170617,44281,1167049,2941228.8,
"2019-02-24 00:00:00",1174673,326724,133694,48079,1055496,2937748.4,
"2019-02-25 00:00:00",1389243,540804,210171,69587,875634,2936263.8,
"2019-02-26 00:00:00",1335234,343303,212187,74968,1131283,2959951.033333333,
"2019-02-27 00:00:00",1453014,331293,254592,80254,748269,2951716.1333333333,
"2019-02-28 00:00:00",1433501,475606,211838,67305,1197917,2962020.3,
"2019-03-01 00:00:00",1384758,379669,176101,75527,741809,2957626.1333333333,
"2019-03-02 00:00:00",1294368,194983,200053,59840,909385,2940872.566666667,
"2019-03-03 00:00:00",1001206,411809,169626,53364,901375,2925974.3333333335,
"2019-03-04 00:00:00",1372691,522228,188474,53287,852400,2916349.466666667,
"2019-03-05 00:00:00",1469121,379603,157971,54012,952924,2943936.033333333,
"2019-03-06 00:00:00",1449771,178459,174357,65494,856512,2947637.3333333335,
"2019-03-07 00:00:00",1189412,358939,212499,65829,916628,2950082.3666666667,
"2019-03-08 00:00:00",1113430,324622,141994,57471,839248,2942968.033333333,
"2019-03-09 00:00:00",1188649,339553,182717,60766,1106032,2938220.966666667,
"2019-03-10 00:00:00",1337052,435331,127797,28033,788028,2939003.2666666666,
"2019-03-11 00:00:00",1158862,239481,198383,76412,739238,2933967.3666666667,
"2019-03-12 00:00:00",1400280,353907,190836,62181,1200449,2941422.3666666667,
"2019-03-13 00:00:00",1108508,453071,215963,51685,865445,2935009.1333333333,
"2019-03-14 00:00:00",741677,618430,190855,65931,816622,2924916.2,
"2019-03-15 00:00:00",1360850,233045,210453,56578,870778,2916872.6666666665,
"2019-03-16 00:00:00",1050383,113427,132823,51076,885939,2871947.6666666665,
"2019-03-17 00:00:00",1494537,256417,154357,37656,881840,2877331.7333333334,
"2019-03-18 00:00:00",1344154,424783,164808,76925,868333,2870325.566666667,
"2019-03-19 00:00:00",1064509,636337,178905,64291,1249956,2890661.3666666667,
"2019-03-20 00:00:00",1271664,283376,206622,45802,607756,2846082.966666667,
"2019-03-21 00:00:00",858514,623088,246243,65865,1199402,2855802.6333333333,
"2019-03-22 00:00:00",1761325,508797,238335,71762,725682,2846494.7,
"2019-03-23 00:00:00",1345912,623279,206687,57824,914444,2849260.8666666667,
"2019-03-24 00:00:00",1334453,285652,178170,47889,728057,2820705.2333333334,
"2019-03-25 00:00:00",1274240,626589,177392,72944,842362,2823766.433333333,
"2019-03-26 00:00:00",1476635,682549,168931,52370,1349432,2856808.6666666665,
"2019-03-27 00:00:00",1408322,261892,219463,44622,1078439,2854385.466666667,
"2019-03-28 00:00:00",1627666,339414,213743,60225,827601,2853440.966666667,
"2019-03-29 00:00:00",1192115,440444,222726,62769,942055,2853197.2,
"2019-03-30 00:00:00",1082379,246862,178063,57896,717739,2816422.7333333334,
"2019-03-31 00:00:00",1279616,223198,127577,60211,882360,2810259.3,
"2019-04-01 00:00:00",1582060,448051,191216,56785,856963,2826141.3333333335,
"2019-04-02 00:00:00",1579609,377415,193535,87873,885456,2845691.6666666665,
"2019-04-03 00:00:00",1352217,403132,196796,71973,901752,2843584.6333333333,
"2019-04-04 00:00:00",1180490,376442,237091,70950,1249662,2846951.7333333334,
"2019-04-05 00:00:00",1633053,402117,200779,71091,841017,2861067.1333333333,
"2019-04-06 00:00:00",1729413,361176,165289,52896,843497,2874698.533333333,
"2019-04-07 00:00:00",1133210,336174,168216,28610,827501,2875262.9,
"2019-04-08 00:00:00",1341360,344219,179022,67791,1082395,2879831.8666666667,
"2019-04-09 00:00:00",1551639,100793,200066,58080,718661,2876932.433333333,
"2019-04-10 00:00:00",1493107,571553,230635,94039,1166648,2915052.7666666666,
"2019-04-11 00:00:00",1431672,326325,214489,67281,1395589,2922642.7666666666,
"2019-04-12 00:00:00",1298563,531699,180768,92298,1207600,2943184.3,
"2019-04-13 00:00:00",1773885,266179,160310,39236,704710,2960211,
"2019-04-14 00:00:00",1012185,405651,135273,36249,817862,2949394.3333333335,
"2019-04-15 00:00:00",1466010,226657,142249,51891,1029071,2972135.6,
"2019-04-16 00:00:00",1547860,699873,208750,63094,822494,2989378.066666667,
"2019-04-17 00:00:00",1829842,344478,205635,82274,1031305,3009862.1333333333,
"2019-04-18 00:00:00",864971,376399,246264,70278,667277,2977568.3,
"2019-04-19 00:00:00",1753547,357286,159002,68654,601353,2995055.9,
"2019-04-20 00:00:00",920716,286894,137765,57514,703376,2965493,
"2019-04-21 00:00:00",871501,255434,112343,22285,766875,2922909.966666667,
"2019-04-22 00:00:00",1096087,246436,158416,48053,878814,2898898.433333333,
"2019-04-23 00:00:00",1319536,282595,161691,35274,1066458,2908609.533333333,
"2019-04-24 00:00:00",1466935,340670,176062,66040,791375,2903527.8333333335,
"2019-04-25 00:00:00",1351311,306570,194452,57463,1085474,2879039.533333333,
"2019-04-26 00:00:00",1717006,220659,180553,69984,1369344,2897199.6,
"2019-04-27 00:00:00",1345441,266623,181806,45150,1134098,2894014.6666666665,
"2019-04-28 00:00:00",1127330,337533,137968,40465,997769,2886712.8,
"2019-04-29 00:00:00",1307634,307513,179546,62234,868345,2901456.933333333,
"2019-04-30 00:00:00",564008,122925,65123,45960,114303,2846101.066666667,
"2019-05-01 00:00:00",1199663,567461,206421,48937,1258303,2850958,
"2019-05-02 00:00:00",1655926,351269,199715,52659,1049558,2857132.8,
"2019-05-03 00:00:00",860604,311699,158415,64377,1237438,2847355,
"2019-05-04 00:00:00",1320805,223853,164786,64935,935579,2833865.1333333333,
"2019-05-05 00:00:00",987346,34867,156770,33605,578181,2788621.533333333,
"2019-05-06 00:00:00",876449,369035,182623,46651,769367,2758350.1,
"2019-05-07 00:00:00",1649870,255594,185878,74756,1055412,2782610.8666666667,
"2019-05-08 00:00:00",1324447,478184,199852,74993,867050,2780268.433333333,
"2019-05-09 00:00:00",1350635,373678,189244,63007,1068887,2794142.2333333334,
"2019-05-10 00:00:00",1058723,602745,163818,102176,1043778,2774650.6,
"2019-05-11 00:00:00",1520517,374344,178672,47283,1008960,2764464.3666666667,
"2019-05-12 00:00:00",1687596,195779,130519,45781,966115,2754959.2333333334,
"2019-05-13 00:00:00",1137113,375709,170751,38833,1038518,2748846.1,
"2019-05-14 00:00:00",1438161,721177,185860,76245,1031907,2783717.466666667,
"2019-05-15 00:00:00",1197548,316698,184139,71019,601113,2765538.7333333334,
"2019-05-16 00:00:00",1487878,352014,202803,70369,871109,2753608.7,
"2019-05-17 00:00:00",1510961,343999,207427,72223,741048,2733012.9,
"2019-05-18 00:00:00",1206419,398435,162294,57909,986338,2752552.9,
"2019-05-19 00:00:00",1540833,274602,149952,29238,563745,2739837.2666666666,
"2019-05-20 00:00:00",1360291,384578,213201,44900,973432,2768842.6,
"2019-05-21 00:00:00",1054708,344876,190444,85023,813501,2784180.8,
"2019-05-22 00:00:00",1535444,153438,193953,66532,691019,2791266.933333333,
"2019-05-23 00:00:00",1430508,352845,213935,73889,842734,2792879.2,
"2019-05-24 00:00:00",1449788,365951,183705,63170,1560161,2818935.6,
"2019-05-25 00:00:00",1732119,351893,170185,53579,923259,2826794.1333333333,
"2019-05-26 00:00:00",1306471,186845,152022,44476,839068,2792504.7,
"2019-05-27 00:00:00",1345058,405001,155695,42650,846570,2786566.9,
"2019-05-28 00:00:00",1717357,184558,223042,85874,837378,2800138.2,
"2019-05-29 00:00:00",1374057,297571,211788,56512,1052964,2809059.2,
"2019-05-30 00:00:00",1054625,501786,164559,58274,776237,2863832.7333333334,
"2019-05-31 00:00:00",1376777,331037,171474,71345,760012,2844827.933333333,
"2019-06-01 00:00:00",1624030,364965,160658,44106,724759,2831807.3333333335,
"2019-06-02 00:00:00",1457152,424210,131128,29660,849833,2840455.3,
"2019-06-03 00:00:00",1159099,307703,203668,46462,1003791,2840814.6666666665,
"2019-06-04 00:00:00",1641558,403194,205550,52781,826086,2885428.6666666665,
"2019-06-05 00:00:00",1025669,295048,228261,70538,1083967,2900740.7333333334,
"2019-06-06 00:00:00",1714281,414683,203972,77031,939994,2905022.1666666665,
"2019-06-07 00:00:00",1443956,238064,194400,74109,1017514,2905806.033333333,
"2019-06-08 00:00:00",1032356,375358,144342,69334,637246,2879578.466666667,
"2019-06-09 00:00:00",1503360,406460,160776,45161,688883,2874024.566666667,
"2019-06-10 00:00:00",1219350,275605,161544,40850,1015973,2860142.933333333,
"2019-06-11 00:00:00",1058489,358754,190248,45821,580296,2833737.033333333,
"2019-06-12 00:00:00",1163647,285425,221100,71869,948412,2831388.3,
"2019-06-13 00:00:00",1338456,262152,181652,67217,1032761,2812351.566666667,
"2019-06-14 00:00:00",1713922,311515,197839,77264,1241138,2851390.2,
"2019-06-15 00:00:00",1020763,346728,140266,68804,707672,2828058.2666666666,
"2019-06-16 00:00:00",1613103,323923,123385,52169,1077231,2838529.8,
"2019-06-17 00:00:00",1108673,116121,223446,56646,1024387,2829126,
"2019-06-18 00:00:00",1732383,451416,167191,55671,733448,2848516.966666667,
"2019-06-19 00:00:00",1679374,363634,230681,59921,834836,2854918.466666667,
"2019-06-20 00:00:00",1112328,550624,224821,95098,978713,2870685.933333333,
"2019-06-21 00:00:00",1650735,337140,153784,76024,772206,2882335.6666666665,
"2019-06-22 00:00:00",1261922,404252,137359,70295,875786,2876859.033333333,
"2019-06-23 00:00:00",1199309,458017,144840,47654,650003,2839426.966666667,
"2019-06-24 00:00:00",1205954,507030,187825,48129,1039421,2831338,
"2019-06-25 00:00:00",1051879,600165,202996,68052,901980,2841211.8333333335,
"2019-06-26 00:00:00",1622960,292271,227887,64534,761796,2847027.566666667,
"2019-06-27 00:00:00",1870204,163043,235939,57264,1069835,2858630.3666666667,
"2019-06-28 00:00:00",1269962,246524,181335,91040,1085605,2854682.7333333334,
"2019-06-29 00:00:00",1409814,497865,144847,49694,1052156,2874645.7,
"2019-06-30 00:00:00",1385599,444977,158195,33033,646664,2873239.3333333335,
"2019-07-01 00:00:00",881869,256108,154355,46178,731299,2844949.1333333333,
"2019-07-02 00:00:00",1381032,210100,178720,75712,974772,2842560.7333333334,
"2019-07-03 00:00:00",1253199,370553,177967,75421,850321,2842785.066666667,
"2019-07-04 00:00:00",1323313,432211,198974,67484,791901,2832275.3666666667,
"2019-07-05 00:00:00",1448049,359090,142571,71600,896992,2839435.8,
"2019-07-06 00:00:00",1472335,381418,158014,58434,972954,2829208.7666666666,
"2019-07-07 00:00:00",1294941,72316,137768,40325,708229,2805392.933333333,
"2019-07-08 00:00:00",1177841,440855,169346,45802,914087,2821703.033333333,
"2019-07-09 00:00:00",1146377,568799,170096,87591,1006932,2827542.1666666665,
"2019-07-10 00:00:00",1364530,417525,252728,57132,778585,2832782,
"2019-07-11 00:00:00",1512462,242596,229769,63234,963957,2858729.433333333,
"2019-07-12 00:00:00",1344683,269970,202901,63933,909236,2862071.466666667,
"2019-07-13 00:00:00",1641331,378177,157000,65832,1063561,2876193.2666666666,
"2019-07-14 00:00:00",1316158,404454,166771,27786,1019251,2855951.3,
"2019-07-15 00:00:00",1041478,427633,187457,64695,995863,2870381.3666666667,
"2019-07-16 00:00:00",1686162,225060,196986,54226,906973,2866368.2,
"2019-07-17 00:00:00",1086936,174974,240197,61449,984788,2867003.7666666666,
"2019-07-18 00:00:00",1376405,534608,205508,73180,938413,2866604.433333333,
"2019-07-19 00:00:00",1416918,626662,154566,75373,1022094,2870842.8,
"2019-07-20 00:00:00",1590989,283895,168263,65997,992878,2875523.7,
"2019-07-21 00:00:00",1107737,365556,109461,37714,850099,2858212.8333333335,
"2019-07-22 00:00:00",1031758,445654,228676,48954,683383,2847839.7,
"2019-07-23 00:00:00",1438937,497874,216676,57478,888227,2867819.2333333334,
"2019-07-24 00:00:00",1287314,321461,216390,61499,1141628,2869150.566666667,
"2019-07-25 00:00:00",1438788,407593,198043,75583,930240,2876656.1,
"2019-07-26 00:00:00",1299619,211861,194152,56581,989338,2869392.8333333335,
"2019-07-27 00:00:00",1106198,222363,160005,50899,781450,2833546.966666667,
"2019-07-28 00:00:00",1529536,342128,162521,39360,759407,2832162.6666666665,
"2019-07-29 00:00:00",1317611,131500,142743,59418,946104,2813596.033333333,
"2019-07-30 00:00:00",1426112,480950,177401,46762,1088157,2831960.1333333333,
"2019-07-31 00:00:00",1407185,418666,198393,64652,945168,2864102.1,
"2019-08-01 00:00:00",1082926,462582,209015,73377,778049,2856956.8333333335,
"2019-08-02 00:00:00",1415091,204105,167696,79045,710705,2851929.3666666667,
"2019-08-03 00:00:00",1420204,251455,188865,52321,953396,2853674.533333333,
"2019-08-04 00:00:00",1195128,160371,159216,27426,867494,2836718.566666667,
"2019-08-05 00:00:00",1425585,327876,171638,51953,753834,2826309.7,
"2019-08-06 00:00:00",1771105,285394,202851,62662,750571,2853610.3,
"2019-08-07 00:00:00",1292171,146874,182880,65712,1125647,2855788.6,
"2019-08-08 00:00:00",1355792,493285,201054,68906,1020031,2861097.2333333334,
"2019-08-09 00:00:00",1448621,336683,162825,67147,1005677,2866111.7333333334,
"2019-08-10 00:00:00",1078366,439685,152225,39784,886327,2852256.7666666666,
"2019-08-11 00:00:00",1568541,208037,132463,26351,699572,2847064.533333333,
"2019-08-12 00:00:00",1261986,428645,153029,65039,994769,2833650,
"2019-08-13 00:00:00",1138482,361570,147961,51751,954059,2824296.8333333335,
"2019-08-14 00:00:00",1176612,110249,166761,51383,966636,2816114.033333333,
"2019-08-15 00:00:00",1235934,324142,175930,44343,954716,2804969.2333333334,
"2019-08-16 00:00:00",1724949,224203,147199,56941,1075772,2827659.8,
"2019-08-17 00:00:00",1099608,584535,131079,42655,764247,2810792.7666666666,
"2019-08-18 00:00:00",1292518,363984,106164,43457,1005897,2794672.8333333335,
"2019-08-19 00:00:00",1289183,414273,157301,55521,677501,2777731.566666667,
"2019-08-20 00:00:00",1411560,459692,186287,66691,732898,2790616.966666667,
"2019-08-21 00:00:00",1115881,592079,196229,61837,1165368,2813716.533333333,
"2019-08-22 00:00:00",1175188,231738,223747,57313,861532,2795394.1666666665,
"2019-08-23 00:00:00",1697800,290317,178883,59633,968562,2800957.566666667,
"2019-08-24 00:00:00",1390740,506534,180082,38880,966583,2802042.966666667,
"2019-08-25 00:00:00",1276100,432139,204312,38793,841708,2803425.6,
"2019-08-26 00:00:00",951895,551837,178369,39189,1108131,2820375.9,
"2019-08-27 00:00:00",1303579,277346,171788,52746,977726,2818717.2333333334,
"2019-08-28 00:00:00",1566204,425118,194598,59000,684758,2829793.933333333,
"2019-08-29 00:00:00",1110986,462976,229074,64877,987598,2817665.066666667,
"2019-08-30 00:00:00",1317317,355171,154601,71860,765577,2805346.7333333334,
"2019-08-31 00:00:00",1086892,336942,160775,66774,1127021,2811094.3666666667,
"2019-09-01 00:00:00",1069687,343405,128448,42337,583883,2797464.6333333333,
"2019-09-02 00:00:00",1143281,696764,164530,52336,860182,2799160,
"2019-09-03 00:00:00",1184100,365254,189775,59595,713682,2802586.2333333334,
"2019-09-04 00:00:00",1398992,421862,223722,68739,1124828,2819494.8666666667,
"2019-09-05 00:00:00",1183356,334389,196988,51206,706254,2799481.966666667,
"2019-09-06 00:00:00",1341738,321154,129264,65158,870027,2796617.3,
"2019-09-07 00:00:00",1543845,173337,133686,46599,805498,2782080.566666667,
"2019-09-08 00:00:00",1229385,429327,125589,43501,1037884,2776904.6666666665,
"2019-09-09 00:00:00",1290963,686296,206808,39782,767315,2790064.7333333334,
"2019-09-10 00:00:00",1364056,438411,159851,80434,990613,2803344.8333333335,
"2019-09-11 00:00:00",1566870,477641,197741,59391,979725,2815941.8666666667,
"2019-09-12 00:00:00",1023792,249570,214392,87294,1085790,2816175.6666666665,
"2019-09-13 00:00:00",1729975,338790,178938,60385,956381,2842603.3333333335,
"2019-09-14 00:00:00",1119481,438660,155040,62719,998350,2843909.3333333335,
"2019-09-15 00:00:00",1275663,227899,105141,49062,1176824,2830759.8333333335,
"2019-09-16 00:00:00",1165395,237335,195169,41791,921850,2828740.433333333,
"2019-09-17 00:00:00",1484343,323076,144921,76189,958023,2834558.3,
"2019-09-18 00:00:00",1401098,339826,221851,79546,951123,2847880.8333333335,
"2019-09-19 00:00:00",1319904,320783,219966,44588,978323,2848762.2333333334,
"2019-09-20 00:00:00",1666619,566106,183903,70810,997421,2860543.7333333334,
"2019-09-21 00:00:00",1225587,230302,142030,38171,994828,2863256.5,
"2019-09-22 00:00:00",1478299,551808,127530,26450,1111210,2866592.5,
"2019-09-23 00:00:00",1092944,412331,228184,44138,970193,2855425.066666667,
"2019-09-24 00:00:00",1431981,528664,172167,67727,933050,2866776.933333333,
"2019-09-25 00:00:00",1283834,317830,173196,61045,947846,2865254.8,
"2019-09-26 00:00:00",1315579,508170,243263,59462,1131270,2881073.966666667,
"2019-09-27 00:00:00",1485353,342505,161253,79848,856708,2880940.2666666666,
"2019-09-28 00:00:00",1334310,518667,145926,60185,853599,2882846,
"2019-09-29 00:00:00",1231751,346118,160855,35783,1184372,2892657.533333333,
"2019-09-30 00:00:00",1200351,447286,171560,58020,882442,2892033.2,
"2019-10-01 00:00:00",1285927,351198,162654,80012,699615,2905755.3,
"2019-10-02 00:00:00",1943851,258758,197445,55290,978711,2922987.1666666665,
"2019-10-03 00:00:00",1262784,495465,179350,58541,960803,2937805.2,
"2019-10-04 00:00:00",1214785,343648,159583,78080,884433,2919218.1333333333,
"2019-10-05 00:00:00",1388772,420843,115701,50331,1048912,2937630.033333333,
"2019-10-06 00:00:00",1315132,271872,116630,32887,820975,2931967.8333333335,
"2019-10-07 00:00:00",1116852,430884,132573,48848,746715,2924398.2,
"2019-10-08 00:00:00",1392329,341151,175771,50614,1091849,2930599.2666666666,
"2019-10-09 00:00:00",1135001,341641,186094,67869,1046122,2923451.466666667,
"2019-10-10 00:00:00",1557938,450337,197511,76930,850222,2926770.433333333,
"2019-10-11 00:00:00",1181574,306612,176070,88072,661444,2897849.8,
"2019-10-12 00:00:00",1089905,220351,169473,56254,773894,2886150.6666666665,
"2019-10-13 00:00:00",1526758,416051,176997,38187,735086,2873770.7,
"2019-10-14 00:00:00",1245581,635184,133676,55922,919702,2880964.9,
"2019-10-15 00:00:00",1258219,237837,210498,55079,852395,2873613.8333333335,
"2019-10-16 00:00:00",976564,286548,210297,63129,977134,2872019.1333333333,
"2019-10-17 00:00:00",1398756,435106,173178,70809,902267,2871805.433333333,
"2019-10-18 00:00:00",1448355,324819,164984,86913,679385,2862172.6333333333,
"2019-10-19 00:00:00",1231201,269770,163454,55767,920649,2854081.8666666667,
"2019-10-20 00:00:00",1201466,530706,142981,34685,927257,2832489.466666667,
"2019-10-21 00:00:00",1239201,504945,188420,55071,1059941,2846378.433333333,
"2019-10-22 00:00:00",1180583,318036,180546,90519,863765,2824317.4,
"2019-10-23 00:00:00",1922437,280255,192875,68410,913683,2845313.3666666667,
"2019-10-24 00:00:00",1193449,275562,272610,65968,880232,2830454.5,
"2019-10-25 00:00:00",1192736,397315,190827,71830,927039,2830320.933333333,
"2019-10-26 00:00:00",1686665,451847,125641,67816,779774,2825453.933333333,
"2019-10-27 00:00:00",1286743,247139,141013,42992,644338,2806672.033333333,
"2019-10-28 00:00:00",1272626,513657,194543,63219,1185261,2817225.9,
"2019-10-29 00:00:00",1181321,680245,178862,65779,1004114,2822274.3,
"2019-10-30 00:00:00",1411016,367401,189269,63909,936500,2829222.033333333,
"2019-10-31 00:00:00",1326628,258770,186130,69575,749469,2829594.2333333334,
"2019-11-01 00:00:00",1209578,445082,137883,61696,788628,2803221.033333333,
"2019-11-02 00:00:00",1155010,306402,109255,54604,940136,2790169.6,
"2019-11-03 00:00:00",1245616,306818,102043,42913,830478,2785080.533333333,
"2019-11-04 00:00:00",1326586,461144,163498,41651,939976,2782023.9,
"2019-11-05 00:00:00",1267604,276871,128776,56987,802636,2781203.533333333,
"2019-11-06 00:00:00",1212631,373618,193077,50857,810924,2786711.7333333334,
"2019-11-07 00:00:00",1200176,600008,237675,90981,862264,2784692.1333333333,
"2019-11-08 00:00:00",1038152,287824,169653,65639,932743,2775267.7666666666,
"2019-11-09 00:00:00",1457485,321306,147194,51521,878916,2766050.8,
"2019-11-10 00:00:00",1441308,392748,158439,42643,929678,2784419.1,
"2019-11-11 00:00:00",1239783,271972,151844,45063,750638,2789400.1333333333,
"2019-11-12 00:00:00",1446972,314243,178458,56447,913954,2789966.8333333335,
"2019-11-13 00:00:00",1142854,512824,154303,46338,1004443,2785656.3,
"2019-11-14 00:00:00",1339749,238654,190031,57323,1007726,2792971.1333333333,
"2019-11-15 00:00:00",1244158,303660,166048,72214,811714,2795774.6666666665,
"2019-11-16 00:00:00",1038603,418224,137582,51052,929641,2782273.2333333334,
"2019-11-17 00:00:00",1112589,336318,168348,43181,943275,2778914.4,
"2019-11-18 00:00:00",1835993,295355,173197,42181,730103,2793447.6333333333,
"2019-11-19 00:00:00",1400956,650090,194227,67611,970758,2808333.3333333335,
"2019-11-20 00:00:00",1281339,317795,181228,71214,942823,2799894.3333333335,
"2019-11-21 00:00:00",1359672,359735,213657,78260,1181471,2818539.3666666667,
"2019-11-22 00:00:00",1464485,323355,141380,66899,781468,2798536.8,
"2019-11-23 00:00:00",1335304,298489,134830,51870,1020286,2803634.8333333335,
"2019-11-24 00:00:00",1260496,615723,162986,36926,713580,2803966.8666666667,
"2019-11-25 00:00:00",1374277,416089,179551,66527,742770,2792882.6333333333,
"2019-11-26 00:00:00",1506173,457049,162003,74495,798337,2814077.9,
"2019-11-27 00:00:00",939198,452040,176919,47094,957695,2792199.5,
"2019-11-28 00:00:00",1504658,652377,206498,53748,1040063,2803766.933333333,
"2019-11-29 00:00:00",1512003,371119,167998,84332,1335514,2820529.2333333334,
"2019-11-30 00:00:00",1136199,268143,180278,52707,1055043,2823922.2333333334,
"2019-12-01 00:00:00",1550366,385916,109737,29629,946507,2836564.933333333,
"2019-12-02 00:00:00",1129901,270435,134455,56438,1062816,2839519.433333333,
"2019-12-03 00:00:00",1551969,501929,204699,69145,690903,2855878.8333333335,
"2019-12-04 00:00:00",1441959,406376,231040,61393,978089,2862079.1,
"2019-12-05 00:00:00",1082970,534000,240475,70515,873074,2871018.4,
"2019-12-06 00:00:00",1293134,366839,165844,64047,914817,2876470.566666667,
"2019-12-07 00:00:00",1074173,403639,125988,77812,845817,2861013.933333333,
"2019-12-08 00:00:00",1466680,337961,159936,33517,529432,2862130.8666666667,
"2019-12-09 00:00:00",1260050,553145,161514,50351,1204134,2874557.066666667,
"2019-12-10 00:00:00",1414780,628748,172853,79322,894381,2882067.433333333,
"2019-12-11 00:00:00",1551097,662343,181349,57462,878985,2911132.566666667,
"2019-12-12 00:00:00",1212043,291428,183661,74875,868985,2901831.2666666666,
"2019-12-13 00:00:00",1443866,363241,153691,61378,864380,2902692.1666666665,
"2019-12-14 00:00:00",983422,454598,144914,46957,890082,2892242.1666666665,
"2019-12-15 00:00:00",1189078,274736,153157,59764,1072113,2897277.8333333335,
"2019-12-16 00:00:00",1282799,742989,176242,68402,827136,2914694.8,
"2019-12-17 00:00:00",1264693,372676,157457,86003,1158203,2929206.6,
"2019-12-18 00:00:00",1297754,336370,193018,53656,1098602,2925959.533333333,
"2019-12-19 00:00:00",1611056,635917,215430,75797,802309,2927855.4,
"2019-12-20 00:00:00",1240377,375183,174845,57459,684515,2919121.3666666667,
"2019-12-21 00:00:00",1312123,409406,129875,80096,868397,2906024.7,
"2019-12-22 00:00:00",1430124,639385,143955,53527,817211,2916245.6333333333,
"2019-12-23 00:00:00",1759136,521349,141006,48351,891332,2933593.3333333335,
"2019-12-24 00:00:00",724281,258311,142999,46559,707952,2903273.1666666665,
"2019-12-25 00:00:00",1123743,252856,136717,38434,980409,2895037.533333333,
"2019-12-26 00:00:00",975728,282469,166336,51128,1170687,2883313.8666666667,
"2019-12-27 00:00:00",1400790,453116,180342,24407,1023215,2900278.2333333334,
"2019-12-28 00:00:00",938984,255761,133367,46677,954761,2862685.1666666665,
"2019-12-29 00:00:00",1122537,303180,139946,43052,1036702,2835166.8,
"2019-12-30 00:00:00",1190319,281160,166777,46992,1009175,2835235.6666666665,
"2019-12-31 00:00:00",635128,155146,130920,41758,749493,2791579.4,
"2020-01-01 00:00:00",567045,301013,120122,26508,721582,2760986.6,
"2020-01-02 00:00:00",891575,295322,161542,40251,662503,2728738.2333333334,
"2020-01-03 00:00:00",1045833,268143,109053,31731,769350,2698912.8333333335,
"2020-01-04 00:00:00",1478420,254562,139558,34500,625062,2689947.466666667,
"2020-01-05 00:00:00",814327,302301,115764,31583,1318597,2682543.3666666667,
"2020-01-06 00:00:00",837048,424000,136281,44767,756391,2671578.6333333333,
"2020-01-07 00:00:00",1056922,279857,157428,52161,693484,2661989.433333333,
"2020-01-08 00:00:00",1147832,446456,193427,51041,532311,2633384.8,
"2020-01-09 00:00:00",1506097,185417,159911,59972,1130788,2628453.3,
"2020-01-10 00:00:00",1055680,475556,143231,49363,1128642,2612493.6666666665,
"2020-01-11 00:00:00",1064256,529761,124881,44074,1023541,2617676.1,
"2020-01-12 00:00:00",1204824,389993,149047,36970,636320,2602027.8666666667,
"2020-01-13 00:00:00",1184552,338813,182812,48969,670600,2598886.433333333,
"2020-01-14 00:00:00",1122981,388177,146470,51206,1030296,2598561.933333333,
"2020-01-15 00:00:00",1239697,196136,170932,47188,670296,2572783.4,
"2020-01-16 00:00:00",1298339,336444,190273,64995,658935,2556447.8,
"2020-01-17 00:00:00",1088698,448556,146101,86846,986028,2549008.3333333335,
"2020-01-18 00:00:00",1552058,378278,148252,58185,857500,2537466.433333333,
"2020-01-19 00:00:00",1249020,368551,151358,35381,832951,2540961.8333333335,
"2020-01-20 00:00:00",1259509,311296,143288,41694,1238992,2547457.9,
"2020-01-21 00:00:00",1184471,357325,183167,77346,733373,2529173.1333333333,
"2020-01-22 00:00:00",1234630,406324,189071,64245,770548,2505960.3666666667,
"2020-01-23 00:00:00",970565,559104,172024,74556,898739,2532457.1,
"2020-01-24 00:00:00",1942703,438087,183860,73242,900605,2566001.8333333335,
"2020-01-25 00:00:00",1251234,205206,147371,66810,938150,2564748.8,
"2020-01-26 00:00:00",1424503,318795,153850,31966,666272,2548532.3,
"2020-01-27 00:00:00",1334908,465630,166560,51845,1088020,2574446.1666666665,
"2020-01-28 00:00:00",1549650,684418,155409,82680,885247,2598179.3666666667,
"2020-01-29 00:00:00",1782160,470414,210211,45894,1191782,2631714.1666666665,
"2020-01-30 00:00:00",1588829,455456,197163,67827,821104,2678978.6666666665,2777043
"2020-01-31 00:00:00",1466699,399082,172417,72535,992153,2724533.3,2823695.6333333333
"2020-02-01 00:00:00",1802415,435294,138839,50948,1048576,2772029.1666666665,2864033.433333333
"2020-02-02 00:00:00",1506551,376531,122691,48735,799652,2793030.933333333,2891360.7
"2020-02-03 00:00:00",1371885,604178,209059,44199,1021201,2816979,2876650.3666666667
"2020-02-04 00:00:00",1130330,421284,149726,77947,797557,2816788.6333333333,2879036.966666667
"2020-02-05 00:00:00",1347354,536302,191993,68873,817201,2842229.966666667,2890753.066666667
"2020-02-06 00:00:00",1136679,499382,199917,61904,594122,2850635.3,2877330.8666666667
"2020-02-07 00:00:00",1460671,311998,198340,68985,899745,2869591.466666667,2905716.1666666665
"2020-02-08 00:00:00",1702575,229286,186950,48631,1228229,2881375.033333333,2899727.966666667
"2020-02-09 00:00:00",1142013,288208,107857,24434,561655,2857098.1,2880064.3666666667
"2020-02-10 00:00:00",584494,331516,148316,37548,660759,2822968.6,2890080.533333333
"2020-02-11 00:00:00",1079577,407413,123437,46925,672355,2820054.1333333333,2876330.933333333
"2020-02-12 00:00:00",1711169,468807,191679,41516,704445,2843116.2666666666,2895926.533333333
"2020-02-13 00:00:00",993450,629621,193296,45335,958247,2845810.2333333334,2900054.1666666665
"2020-02-14 00:00:00",1695058,314809,183292,62913,685715,2866394.8666666667,2917993.3666666667
"2020-02-15 00:00:00",1158637,381626,171769,55935,737240,2864935.2,2902738.533333333
"2020-02-16 00:00:00",1182812,234246,150266,24852,744256,2850941.1333333333,2919513.2333333334
"2020-02-17 00:00:00",998854,449337,159360,55459,904508,2836715.9,2896903.466666667
"2020-02-18 00:00:00",1192012,222197,124389,43078,511826,2818590.7666666666,2917479.1333333333
"2020-02-19 00:00:00",1459392,522717,175308,68826,1305735,2836497.3666666667,2918318.9
"2020-02-20 00:00:00",1364834,505809,171478,74436,1184042,2861995.4,2941691.1
"2020-02-21 00:00:00",1830684,440582,197335,62098,791727,2883916.1333333333,2950498.6
"2020-02-22 00:00:00",1240105,317180,127985,58325,1026436,2887083.2666666666,2961528.933333333
"2020-02-23 00:00:00",1154550,439831,145886,41405,517280,2845764.8,2941228.8
"2020-02-24 00:00:00",1070942,657945,162365,49872,968278,2855785.6,2937748.4
"2020-02-25 00:00:00",1342424,412360,126274,71026,1133976,2872141.533333333,2936263.8
"2020-02-26 00:00:00",1727311,319905,172348,62110,895193,2874471.4,2959951.033333333
"2020-02-27 00:00:00",942550,852902,247520,70207,665717,2855187.6666666665,2951716.1333333333
"2020-02-28 00:00:00",1447499,363311,195551,75525,833735,2829026.2,2962020.3
"2020-02-29 00:00:00",1562392,392052,140642,76389,1105895,2833925.4,2957626.1333333333
"2020-03-01 00:00:00",1392377,243679,115634,33520,654658,2811824,2940872.566666667
"2020-03-02 00:00:00",1302451,454610,162903,56314,739816,2786491.4,2925974.3333333335
"2020-03-03 00:00:00",1155224,635941,175076,70225,725860,2783430.7333333334,2916349.466666667
"2020-03-04 00:00:00",1198661,539620,215954,72434,894918,2772466.433333333,2943936.033333333
"2020-03-05 00:00:00",1323863,516748,219831,64352,781887,2783461.3,2947637.3333333335
"2020-03-06 00:00:00",1396015,283501,151055,73245,986798,2781090.933333333,2950082.3666666667
"2020-03-07 00:00:00",1922056,378714,139730,66584,1063001,2817026.7666666666,2942968.033333333
"2020-03-08 00:00:00",1368759,367508,152963,42955,862229,2812182.2666666666,2938220.966666667
"2020-03-09 00:00:00",1411907,465312,180810,52655,979884,2802011.8,2939003.2666666666
"2020-03-10 00:00:00",1400790,305323,146704,77064,1327562,2839788,2933967.3666666667
"2020-03-11 00:00:00",1121595,417461,187107,65369,848761,2869043.7,2941422.3666666667
"2020-03-12 00:00:00",1120738,543521,214389,68259,643153,2877722.533333333,2935009.1333333333
"2020-03-13 00:00:00",1764509,389679,163577,79002,789811,2880021.433333333,2924916.2
"2020-03-14 00:00:00",1194765,465344,163049,63019,985147,2881734.033333333,2916872.6666666665
"2020-03-15 00:00:00",1232378,476239,166147,32672,800324,2873932.8,2871947.6666666665
"2020-03-16 00:00:00",1310834,526584,219513,40371,872489,2889419.6333333333,2877331.7333333334
"2020-03-17 00:00:00",1164627,331592,206133,86455,905497,2901349.2666666666,2870325.566666667
"2020-03-18 00:00:00",1060002,448758,203140,63300,599064,2894907.3,2890661.3666666667
"2020-03-19 00:00:00",1051905,501021,219286,80456,944057,2918348.3333333335,2846082.966666667
"2020-03-20 00:00:00",1290705,469084,188993,79381,985608,2901074.7333333334,2855802.6333333333
"2020-03-21 00:00:00",1396058,328486,155852,37113,702840,2878399.066666667,2846494.7
"2020-03-22 00:00:00",860092,261678,132472,33704,664445,2832730.933333333,2849260.8666666667
"2020-03-23 00:00:00",1072812,417601,166858,39791,1370203,2842639.033333333,2820705.2333333334
"2020-03-24 00:00:00",1229862,499992,160266,71661,867688,2860323.2,2823766.433333333
"2020-03-25 00:00:00",1010451,483055,203458,47150,779217,2847454.3333333335,2856808.6666666665
"2020-03-26 00:00:00",1316152,627161,198309,64231,864774,2846940.033333333,2854385.466666667
"2020-03-27 00:00:00",934531,520989,199905,71344,827084,2826173.033333333,2853440.966666667
"2020-03-28 00:00:00",1275747,316763,160324,45849,874250,2822640.2333333334,2853197.2
"2020-03-29 00:00:00",789717,425036,144448,22258,901497,2801550.7,2816422.7333333334
"2020-03-30 00:00:00",1280746,400704,225400,59349,794420,2784326.1333333333,2810259.3
"2020-03-31 00:00:00",1359510,332652,161833,51966,1038003,2801129.533333333,2826141.3333333335
"2020-04-01 00:00:00",1330060,473467,164047,38645,1333424,2821914.466666667,2845691.6666666665
"2020-04-02 00:00:00",1137840,488864,249674,62543,1009028,2828101.933333333,2843584.6333333333
"2020-04-03 00:00:00",1186746,414542,143691,75012,577393,2810628.1333333333,2846951.7333333334
"2020-04-04 00:00:00",1165498,307849,144214,39651,790678,2795334.566666667,2861067.1333333333
"2020-04-05 00:00:00",1374780,301858,159010,23335,668566,2783232.1333333333,2874698.533333333
"2020-04-06 00:00:00",1461207,439929,163674,33385,804330,2760980.033333333,2875262.9
"2020-04-07 00:00:00",1212904,241268,185249,42473,772799,2749655.6666666665,2879831.8666666667
"2020-04-08 00:00:00",1614119,372583,198076,39498,740056,2745447.7333333334,2876932.433333333
"2020-04-09 00:00:00",1109061,439850,177866,56889,1085395,2732501.6,2915052.7666666666
"2020-04-10 00:00:00",1570452,238606,143943,46492,883958,2740606.7333333334,2922642.7666666666
"2020-04-11 00:00:00",883662,277658,174035,33351,606749,2720119.1666666665,2943184.3
"2020-04-12 00:00:00",792499,176085,64597,13050,724973,2672939.6,2960211
"2020-04-13 00:00:00",1035255,248084,150749,26695,878696,2655210.566666667,2949394.3333333335
"2020-04-14 00:00:00",1210924,263882,126742,34585,746317,2644366.8,2972135.6
"2020-04-15 00:00:00",1002833,459555,209222,47618,797572,2629266.6,2989378.066666667
"2020-04-16 00:00:00",1332941,447670,241250,50519,880571,2637888.1333333333,3009862.1333333333
"2020-04-17 00:00:00",911141,369476,155684,64121,739454,2633408.6666666665,2977568.3
"2020-04-18 00:00:00",1355070,219970,106709,35598,919511,2628079.5,2995055.9
"2020-04-19 00:00:00",1207843,551378,143668,18531,668176,2613939.533333333,2965493
"2020-04-20 00:00:00",1156137,323430,141886,46498,842870,2610288.3333333335,2922909.966666667
"2020-04-21 00:00:00",1072782,456246,153150,49685,736482,2627486.533333333,2898898.433333333
"2020-04-22 00:00:00",815119,484102,215584,49312,883953,2606847.3666666667,2908609.533333333
"2020-04-23 00:00:00",1598822,293197,213027,47546,951101,2615988.6333333333,2903527.8333333335
"2020-04-24 00:00:00",1108848,369006,157142,58773,1034960,2622835.2333333334,2879039.533333333
"2020-04-25 00:00:00",1276465,469239,181775,40755,830451,2613769.933333333,2897199.6
"2020-04-26 00:00:00",1090657,372785,133749,31653,584228,2602409.8666666667,2894014.6666666665
"2020-04-27 00:00:00",990706,266378,192380,40631,878765,2592274.6333333333,2886712.8
"2020-04-28 00:00:00",1903459,371814,181335,46135,648019,2621201.466666667,2901456.933333333
"2020-04-29 00:00:00",1140894,206813,182722,40398,924278,2612350.6666666665,2846101.066666667
"2020-04-30 00:00:00",1423009,297796,123792,61934,701269,2601145.4,2850958
"2020-05-01 00:00:00",845982,336199,123293,29489,940938,2565686.6,2857132.8
"2020-05-02 00:00:00",903789,362407,138569,32726,771355,2541049.2666666666,2847355
"2020-05-03 00:00:00",1675716,277512,136767,17705,606385,2551605.4,2833865.1333333333
"2020-05-04 00:00:00",1211073,440004,167295,34932,682946,2554551,2788621.533333333
"2020-05-05 00:00:00",1572714,458061,161386,42402,727803,2569044.8333333335,2758350.1
"2020-05-06 00:00:00",1201333,436576,173093,41345,1056191,2569245.533333333,2782610.8666666667
"2020-05-07 00:00:00",1228906,336995,140067,54529,871324,2575150.1,2780268.433333333
"2020-05-08 00:00:00",1388498,210838,193624,38055,793839,2563834.033333333,2794142.2333333334
"2020-05-09 00:00:00",1153373,239475,156131,39424,909334,2551456.1,2774650.6
"2020-05-10 00:00:00",993517,260771,131704,30131,727565,2526796.8333333335,2764464.3666666667
"2020-05-11 00:00:00",807092,287354,142499,39627,945153,2535006.3333333335,2754959.2333333334
"2020-05-12 00:00:00",1901441,215586,167747,56740,972935,2586448.2666666666,2748846.1
"2020-05-13 00:00:00",952788,376489,170322,51189,861713,2588883,2783717.466666667
"2020-05-14 00:00:00",1305524,333043,198099,64788,503735,2589641.3666666667,2765538.7333333334
"2020-05-15 00:00:00",1233938,321145,137674,56106,818897,2591339.8333333335,2753608.7
"2020-05-16 00:00:00",1376193,161500,132848,38306,791236,2576243.7,2733012.9
"2020-05-17 00:00:00",1111457,288328,163568,32540,781195,2580816.566666667,2752552.9
"2020-05-18 00:00:00",954438,457551,160268,40016,850631,2575018.2,2739837.2666666666
"2020-05-19 00:00:00",1474062,539044,136300,44610,760790,2587192.3333333335,2768842.6
"2020-05-20 00:00:00",1162569,444569,188784,58251,821026,2592672.033333333,2784180.8
"2020-05-21 00:00:00",1637608,451541,174534,64919,876189,2617220.7666666666,2791266.933333333
"2020-05-22 00:00:00",920823,241622,169302,55489,1086358,2618070.7666666666,2792879.2
"2020-05-23 00:00:00",1151794,296916,127574,30435,617747,2588762.466666667,2818935.6
"2020-05-24 00:00:00",1390999,279615,163341,34926,654368,2581913.1666666665,2826794.1333333333
"2020-05-25 00:00:00",935188,673576,166057,39197,906405,2579304.7666666666,2792504.7
"2020-05-26 00:00:00",1111974,311764,181736,57055,656697,2582843.7666666666,2786566.9
"2020-05-27 00:00:00",1161248,296599,223251,44291,710313,2585071.7666666666,2800138.2
"2020-05-28 00:00:00",1235949,270215,191361,56358,835374,2566355.7666666666,2809059.2
"2020-05-29 00:00:00",1288451,270640,150783,65620,802267,2569110.8,2863832.7333333334
"2020-05-30 00:00:00",1049028,221107,130309,45227,1024163,2564511.566666667,2844827.933333333
"2020-05-31 00:00:00",908065,291527,126428,22069,740878,2558280.433333333,2831807.3333333335
"2020-06-01 00:00:00",893766,284686,179286,37288,912756,2561578.3333333335,2840455.3
"2020-06-02 00:00:00",1210292,388997,130666,42839,842722,2558292.933333333,2840814.6666666665
"2020-06-03 00:00:00",1573963,343964,155986,50394,935742,2575752.933333333,2885428.6666666665
"2020-06-04 00:00:00",1131405,402382,214534,50453,903038,2567068,2900740.7333333334
"2020-06-05 00:00:00",1179181,401941,134664,81179,827852,2557610.466666667,2905022.1666666665
"2020-06-06 00:00:00",1129901,244192,134371,39406,566395,2540358.2333333334,2905806.033333333
"2020-06-07 00:00:00",904466,273644,130249,30872,702007,2520903.8333333335,2879578.466666667
"2020-06-08 00:00:00",1376400,426956,186291,38767,908527,2535544.6,2874024.566666667
"2020-06-09 00:00:00",1626410,473863,186602,56478,736414,2566748,2860142.933333333
"2020-06-10 00:00:00",884969,322216,177027,49289,711942,2564205.2,2833737.033333333
"2020-06-11 00:00:00",1313584,415611,171697,73442,877050,2548769.9,2831388.3
"2020-06-12 00:00:00",1010911,235791,137085,57241,611921,2536784.533333333,2812351.566666667
"2020-06-13 00:00:00",1307065,221555,106145,30901,715782,2535992.933333333,2851390.2
"2020-06-14 00:00:00",1309990,383925,153622,32058,672830,2535481.533333333,2828058.2666666666
"2020-06-15 00:00:00",926167,273943,165128,38630,729889,2523271.2333333334,2838529.8
"2020-06-16 00:00:00",1441068,221386,161953,45641,964993,2538536.7,2829126
"2020-06-17 00:00:00",879029,398958,215572,68661,904316,2538658.033333333,2848516.966666667
"2020-06-18 00:00:00",1271112,357045,181678,75268,894450,2532816.533333333,2854918.466666667
"2020-06-19 00:00:00",1066166,185668,155429,60086,1076780,2528447,2870685.933333333
"2020-06-20 00:00:00",1053804,237529,167935,54732,686706,2494977.033333333,2882335.6666666665
"2020-06-21 00:00:00",1230663,319437,162812,26054,653114,2492259.7333333334,2876859.033333333
"2020-06-22 00:00:00",939759,254443,172904,57847,837510,2493526.566666667,2839426.966666667
"2020-06-23 00:00:00",1003024,381221,210316,74001,1108293,2501980.1,2831338
"2020-06-24 00:00:00",1720134,444752,202724,45864,986728,2524639.3666666667,2841211.8333333335
"2020-06-25 00:00:00",993240,476969,234475,62397,923952,2537033.066666667,2847027.566666667
"2020-06-26 00:00:00",1305040,359902,193207,62894,994688,2553034.1333333333,2858630.3666666667
"2020-06-27 00:00:00",1643782,223581,139992,65808,662782,2557923.1333333333,2854682.7333333334
"2020-06-28 00:00:00",1195492,320579,192994,33036,770705,2555758.033333333,2874645.7
"2020-06-29 00:00:00",1472668,445571,189147,41676,925201,2575906.3333333335,2873239.3333333335
"2020-06-30 00:00:00",1491532,238420,168350,80627,784847,2598400.8,2844949.1333333333
"2020-07-01 00:00:00",1097901,229203,218611,55519,953469,2606631.9,2842560.7333333334
"2020-07-02 00:00:00",1061996,150601,222134,63469,878206,2598662.033333333,2842785.066666667
"2020-07-03 00:00:00",1289647,294907,147193,62969,817177,2583723.433333333,2832275.3666666667
"2020-07-04 00:00:00",1283859,519771,136129,47721,874967,2589078.033333333,2839435.8
"2020-07-05 00:00:00",1242255,366885,111099,36523,842121,2588213,2829208.7666666666
"2020-07-06 00:00:00",1505975,377398,128458,64861,685321,2609804.9,2805392.933333333
"2020-07-07 00:00:00",1422503,440239,155046,73875,721047,2635521.033333333,2821703.033333333
"2020-07-08 00:00:00",1324851,336377,153710,61966,717489,2624102.466666667,2827542.1666666665
"2020-07-09 00:00:00",1290469,265408,161586,72504,852641,2609530.3,2832782
"2020-07-10 00:00:00",1246698,109904,173477,56779,1014455,2624726.066666667,2858729.433333333
"2020-07-11 00:00:00",1105943,265066,114662,55408,854051,2609517.433333333,2862071.466666667
"2020-07-12 00:00:00",941628,350828,144680,45829,765718,2616041.8666666667,2876193.2666666666
"2020-07-13 00:00:00",1563249,322934,144691,42461,1121973,2643170.9,2855951.3
"2020-07-14 00:00:00",1113935,330737,141162,65173,704766,2636616.4,2870381.3666666667
"2020-07-15 00:00:00",1129096,412616,197960,62643,989842,2658562.933333333,2866368.2
"2020-07-16 00:00:00",1225290,449682,193614,82472,662571,2651183.033333333,2867003.7666666666
"2020-07-17 00:00:00",1306079,261456,137102,65996,1255373,2669831.933333333,2866604.433333333
"2020-07-18 00:00:00",1594939,308159,146881,61694,645596,2669089.2,2870842.8
"2020-07-19 00:00:00",1074539,342672,128915,28072,725483,2660940.966666667,2875523.7
"2020-07-20 00:00:00",1302517,454311,174876,39961,1030527,2687657.3333333335,2858212.8333333335
"2020-07-21 00:00:00",1713564,449449,172565,68019,859036,2716676.2666666666,2847839.7
"2020-07-22 00:00:00",1483536,324665,205953,61729,787011,2736690.6333333333,2867819.2333333334
"2020-07-23 00:00:00",1458419,421149,195012,75153,842077,2743855.8666666667,2869150.566666667
"2020-07-24 00:00:00",944260,408678,185812,74514,824264,2711766.6666666665,2876656.1
"2020-07-25 00:00:00",1235467,292899,144744,60147,1096789,2716400.1333333333,2869392.8333333335
"2020-07-26 00:00:00",1036263,221957,106613,21945,977292,2698011.1,2833546.966666667
"2020-07-27 00:00:00",1302733,367135,181629,60474,688691,2693501.7,2832162.6666666665
"2020-07-28 00:00:00",1456935,159712,169346,52805,725805,2695228.1666666665,2813596.033333333
"2020-07-29 00:00:00",1742075,257268,226815,69784,754871,2694446.2666666666,2831960.1333333333
"2020-07-30 00:00:00",1339396,274510,186837,82396,708453,2688706.966666667,2864102.1
"2020-07-31 00:00:00",1053495,428745,162293,68317,1014286,2694454.533333333,2856956.8333333335
"2020-08-01 00:00:00",1247352,322060,149347,40449,985129,2706718.5,2851929.3666666667
"2020-08-02 00:00:00",953113,412279,139771,39455,646007,2692675.5,2853674.533333333
"2020-08-03 00:00:00",1298960,281053,174129,39118,782006,2683102.8333333335,2836718.566666667
"2020-08-04 00:00:00",1694232,341041,140147,68633,900310,2701286.2666666666,2826309.7
"2020-08-05 00:00:00",1614981,352138,200774,54636,741526,2708021.1,2853610.3
"2020-08-06 00:00:00",1440553,412199,191022,61960,912118,2714859.4,2855788.6
"2020-08-07 00:00:00",1176765,310157,144603,73253,906082,2715408.4,2861097.2333333334
"2020-08-08 00:00:00",930028,380061,134534,68409,669244,2700064.033333333,2866111.7333333334
"2020-08-09 00:00:00",933052,200637,117492,32479,794637,2682629.7666666666,2852256.7666666666
"2020-08-10 00:00:00",1189326,446402,205488,47491,644375,2687228,2847064.533333333
"2020-08-11 00:00:00",1387836,295520,120636,54142,931069,2705245.4,2833650
"2020-08-12 00:00:00",1254340,346510,201297,53248,886501,2690131.6333333333,2824296.8333333335
"2020-08-13 00:00:00",1656905,173403,173643,59737,933371,2711507.6666666665,2816114.033333333
"2020-08-14 00:00:00",1099593,126410,123715,59752,823452,2692866.566666667,2804969.2333333334
"2020-08-15 00:00:00",1324965,291624,141958,47547,866735,2694839.433333333,2827659.8
"2020-08-16 00:00:00",1085594,607805,150903,26010,765558,2681834.6666666665,2810792.7666666666
"2020-08-17 00:00:00",1393462,254283,133714,22784,967320,2682311.1333333333,2794672.8333333335
"2020-08-18 00:00:00",1760476,183964,204740,62304,895101,2709208.5,2777731.566666667
"2020-08-19 00:00:00",1370237,293768,209771,51673,960592,2705336.9,2790616.966666667
"2020-08-20 00:00:00",1442231,325522,203460,65510,898551,2694424.6666666665,2813716.533333333
"2020-08-21 00:00:00",1316643,409151,150304,61121,805014,2690403.066666667,2795394.1666666665
"2020-08-22 00:00:00",950360,262859,127677,40282,960211,2668722.1666666665,2800957.566666667
"2020-08-23 00:00:00",1257057,348361,113693,42796,632119,2667271.6333333333,2802042.966666667
"2020-08-24 00:00:00",1111193,550369,167810,51097,781275,2661662.2333333334,2803425.6
"2020-08-25 00:00:00",1249637,480275,178464,51492,724411,2672336.4,2820375.9
"2020-08-26 00:00:00",1158677,448890,168467,58866,676826,2669372.2666666666,2818717.2333333334
"2020-08-27 00:00:00",1552286,277889,201696,56339,1031955,2687891.2,2829793.933333333
"2020-08-28 00:00:00",1093194,373259,201708,86817,1005610,2678217.033333333,2817665.066666667
"2020-08-29 00:00:00",938915,171972,154045,44385,894479,2665289.966666667,2805346.7333333334
"2020-08-30 00:00:00",1106744,362745,171781,35900,644160,2651762.6666666665,2811094.3666666667
"2020-08-31 00:00:00",1328448,348692,144083,41939,670660,2644745.6666666665,2797464.6333333333
"2020-09-01 00:00:00",1196055,279112,175744,60995,935176,2659961.3666666667,2799160
"2020-09-02 00:00:00",1192894,249415,201730,68955,1157293,2669795.3666666667,2802586.2333333334
"2020-09-03 00:00:00",1352810,246535,156395,73909,772607,2651724.9,2819494.8666666667
"2020-09-04 00:00:00",1162733,342793,226003,49005,852041,2640675.3333333335,2799481.966666667
"2020-09-05 00:00:00",1128632,389627,122466,37723,679302,2618671.8,2796617.3
"2020-09-06 00:00:00",1056689,278985,128353,49010,784656,2608232.566666667,2782080.566666667
"2020-09-07 00:00:00",1071023,244491,178440,34417,1090872,2622798.066666667,2776904.6666666665
"2020-09-08 00:00:00",1530893,157577,150515,86893,935791,2648910.7,2790064.7333333334
"2020-09-09 00:00:00",1683803,358905,235515,60651,778966,2668402.7333333334,2803344.8333333335
"2020-09-10 00:00:00",1423127,311165,187620,51197,568563,2660152.033333333,2815941.8666666667
"2020-09-11 00:00:00",1177160,446077,161519,66886,945200,2661983.2333333334,2816175.6666666665
"2020-09-12 00:00:00",1351299,464820,119547,50165,625530,2649126.7333333334,2842603.3333333335
"2020-09-13 00:00:00",1366536,202863,129042,31987,593064,2652144.933333333,2843909.3333333335
"2020-09-14 00:00:00",1028606,461074,206215,47533,1073721,2656956.2,2830759.8333333335
"2020-09-15 00:00:00",1193234,358955,169692,84412,1356192,2674510.3333333335,2828740.433333333
"2020-09-16 00:00:00",1568796,311744,199087,59388,1015276,2687268.1,2834558.3
"2020-09-17 00:00:00",1382912,177273,172975,72116,564185,2662697,2847880.8333333335
"2020-09-18 00:00:00",1242786,278621,165603,75576,861876,2653977.7666666666,2848762.2333333334
"2020-09-19 00:00:00",1640680,433095,149812,63084,670251,2654699.2,2860543.7333333334
"2020-09-20 00:00:00",1171468,476476,145864,29564,849044,2652371.4,2863256.5
"2020-09-21 00:00:00",1212427,474556,166280,76689,780805,2664683.9,2866592.5
"2020-09-22 00:00:00",1533376,321282,167931,76968,763585,2680321.7333333334,2855425.066666667
"2020-09-23 00:00:00",1465753,506970,219844,78727,935257,2698481.6,2866776.933333333
"2020-09-24 00:00:00",1627539,568820,223951,68300,1040833,2726653.6333333333,2865254.8
"2020-09-25 00:00:00",1026706,482387,150329,79347,773386,2726667.7,2881073.966666667
"2020-09-26 00:00:00",975256,362257,108661,36021,731334,2696446.1333333333,2880940.2666666666
"2020-09-27 00:00:00",991284,396354,133661,41160,590255,2676183.3666666667,2882846
"2020-09-28 00:00:00",1324560,272201,173768,55487,940899,2694954.6,2892657.533333333
"2020-09-29 00:00:00",1792630,380046,173066,72470,657746,2720109.6333333333,2892033.2
"2020-09-30 00:00:00",1379887,393589,220605,67122,1220916,2745053.3333333335,2905755.3
"2020-10-01 00:00:00",1111467,309636,223625,71416,741440,2738737.2666666666,2922987.1666666665
"2020-10-02 00:00:00",1243184,495714,164822,68898,868924,2737779.2666666666,2937805.2
"2020-10-03 00:00:00",1532771,504562,101820,72462,913717,2755215.2,2919218.1333333333
"2020-10-04 00:00:00",1063472,439281,122886,44242,647825,2744719.3666666667,2937630.033333333
"2020-10-05 00:00:00",1251167,229053,165057,58905,799422,2749581.3333333335,2931967.8333333335
"2020-10-06 00:00:00",1082773,398687,174063,51959,682858,2752670.1,2924398.2
"2020-10-07 00:00:00",1623295,420059,186544,64029,645049,2763328.033333333,2930599.2666666666
"2020-10-08 00:00:00",1241909,354724,199299,52732,962114,2761632.066666667,2923451.466666667
"2020-10-09 00:00:00",1342793,240526,188599,77790,1164587,2758180.6333333333,2926770.433333333
"2020-10-10 00:00:00",2057079,381960,132195,52728,1049969,2795922.4,2897849.8
"2020-10-11 00:00:00",1574341,227060,100312,39491,855523,2795918.566666667,2886150.6666666665
"2020-10-12 00:00:00",1088345,399459,175377,53152,550231,2784425.2666666666,2873770.7
"2020-10-13 00:00:00",1156275,349192,170449,96023,689805,2789034.3666666667,2880964.9
"2020-10-14 00:00:00",1105304,133413,227966,53701,766212,2771349,2873613.8333333335
"2020-10-15 00:00:00",1871898,353182,158435,66804,885876,2777139.3333333335,2872019.1333333333
"2020-10-16 00:00:00",1089280,591152,180689,78366,836009,2764512.6333333333,2871805.433333333
"2020-10-17 00:00:00",1737930,259531,135973,44203,750135,2783122.966666667,2862172.6333333333
"2020-10-18 00:00:00",1206700,293844,143347,46613,519764,2769316.2666666666,2854081.8666666667
"2020-10-19 00:00:00",1340474,305322,152040,40869,1012216,2765783.1333333333,2832489.466666667
"2020-10-20 00:00:00",1685043,668584,162445,63629,1073169,2798465.1333333333,2846378.433333333
"2020-10-21 00:00:00",1513850,297282,179962,78770,729204,2801408.9,2824317.4
"2020-10-22 00:00:00",1138628,714134,204696,63440,884557,2806152.533333333,2845313.3666666667
"2020-10-23 00:00:00",1723561,863108,250039,88399,744165,2821576.7333333334,2830454.5
"2020-10-24 00:00:00",1239811,369788,153226,60170,1123121,2802132.566666667,2830320.933333333
"2020-10-25 00:00:00",1392499,249639,159682,45457,716601,2803856.2333333334,2825453.933333333
"2020-10-26 00:00:00",1142130,217032,181833,51445,646748,2804711.8666666667,2806672.033333333
"2020-10-27 00:00:00",1428851,489250,199526,88379,852108,2834892.6333333333,2817225.9
"2020-10-28 00:00:00",1208046,333779,164989,63564,1088299,2837951.3,2822274.3
"2020-10-29 00:00:00",950130,348777,170634,67685,807534,2813577.7,2829222.033333333
"2020-10-30 00:00:00",1624948,366549,171570,103123,1078948,2815678,2829594.2333333334
"2020-10-31 00:00:00",1304524,201883,143406,49555,763878,2815866.2666666666,2803221.033333333
"2020-11-01 00:00:00",835750,350966,139066,37959,584452,2786087.4,2790169.6
"2020-11-02 00:00:00",1389203,382981,123792,64888,1008842,2780900.3333333335,2785080.533333333
"2020-11-03 00:00:00",1287094,422020,134060,65940,870190,2796287.6,2782023.9
"2020-11-04 00:00:00",1344777,274333,202286,75174,1020052,2810054.8,2781203.533333333
"2020-11-05 00:00:00",1577451,425372,179393,64810,756849,2830506.2333333334,2786711.7333333334
"2020-11-06 00:00:00",1290752,440532,199657,75482,1143889,2837550.5,2784692.1333333333
"2020-11-07 00:00:00",1469829,266365,166370,74046,834703,2837567.9,2775267.7666666666
"2020-11-08 00:00:00",1419780,352534,172766,47593,825227,2831020.966666667,2766050.8
"2020-11-09 00:00:00",1083403,483013,156216,45326,896329,2797366.3333333335,2784419.1
"2020-11-10 00:00:00",1752423,305874,177201,81169,887232,2810939.4,2789400.1333333333
"2020-11-11 00:00:00",1579322,403497,235468,70636,1159068,2850320.8666666667,2789966.8333333335
"2020-11-12 00:00:00",1479100,277080,202471,84548,716472,2860251.6666666665,2785656.3
"2020-11-13 00:00:00",1358018,301208,194255,74575,917244,2878875.2,2792971.1333333333
"2020-11-14 00:00:00",1621413,166141,167791,55644,964657,2866856.6,2795774.6666666665
"2020-11-15 00:00:00",743065,323371,176322,51341,883082,2846912.2,2782273.2333333334
"2020-11-16 00:00:00",1630497,385394,163118,66728,867566,2853097.033333333,2778914.4
"2020-11-17 00:00:00",1374483,357523,154647,63473,840861,2872454.533333333,2793447.6333333333
"2020-11-18 00:00:00",1939237,393424,197986,85739,839088,2892606.6666666665,2808333.3333333335
"2020-11-19 00:00:00",1316488,466152,165869,69197,704905,2861598.1,2799894.3333333335
"2020-11-20 00:00:00",1317989,517575,183131,81235,1180489,2877643.2333333334,2818539.3666666667
"2020-11-21 00:00:00",1240547,639567,152495,70042,918326,2878160.3666666667,2798536.8
"2020-11-22 00:00:00",1426076,224078,142271,34736,684060,2839558.3666666667,2803634.8333333335
"2020-11-23 00:00:00",1254887,284462,163744,31728,666361,2821393.8333333335,2803966.8666666667
"2020-11-24 00:00:00",1547623,410963,139492,84640,1136744,2846580.433333333,2792882.6333333333
"2020-11-25 00:00:00",1309658,526675,252159,69055,1248728,2885483.6333333333,2814077.9
"2020-11-26 00:00:00",1426614,448271,213007,105359,912736,2887079.466666667,2792199.5
"2020-11-27 00:00:00",1924534,316405,188432,83724,759413,2900873.6333333333,2803766.933333333
"2020-11-28 00:00:00",1717203,472052,154226,78039,750560,2928450.7666666666,2820529.2333333334
"2020-11-29 00:00:00",943750,555675,175261,43024,689014,2897170.2,2823922.2333333334
"2020-11-30 00:00:00",1321603,449698,187943,55533,847166,2910460.3333333335,2836564.933333333
"2020-12-01 00:00:00",979167,190496,172745,83801,857487,2921644.6,2839519.433333333
"2020-12-02 00:00:00",1882334,520306,183269,83810,1073506,2947428.033333333,2855878.8333333335
"2020-12-03 00:00:00",1179101,318603,208163,81182,978788,2946978.966666667,2862079.1
"2020-12-04 00:00:00",1441597,534250,215504,76024,747802,2950264,2871018.4
"2020-12-05 00:00:00",1337593,456212,171754,51809,972796,2949806.533333333,2876470.566666667
"2020-12-06 00:00:00",1225605,151577,124754,36702,894293,2925893.566666667,2861013.933333333
"2020-12-07 00:00:00",1507833,366910,163559,51555,753713,2926969.033333333,2862130.8666666667
"2020-12-08 00:00:00",1201215,212962,144223,109982,1006101,2922188.933333333,2874557.066666667
"2020-12-09 00:00:00",1375710,389280,207799,60923,1088475,2937452.6666666665,2882067.433333333
"2020-12-10 00:00:00",1192145,308862,211386,92613,1140136,2928827.3333333335,2911132.566666667
"2020-12-11 00:00:00",1165919,379626,186240,65881,1210577,2914168.6333333333,2901831.2666666666
"2020-12-12 00:00:00",1490260,492454,149879,53554,743482,2919833.966666667,2902692.1666666665
"2020-12-13 00:00:00",1296229,444603,156198,43034,723721,2913783.1666666665,2892242.1666666665
"2020-12-14 00:00:00",1427039,328606,197735,54222,901630,2911569.2333333334,2897277.8333333335
"2020-12-15 00:00:00",1438533,506608,145034,61742,864230,2939535.3333333335,2914694.8
"2020-12-16 00:00:00",1330806,178318,227777,91352,593133,2916471.2333333334,2929206.6
"2020-12-17 00:00:00",1491735,327622,193587,59011,797364,2919082.6,2925959.533333333
"2020-12-18 00:00:00",1751218,346665,191323,74158,840123,2910682.8666666667,2927855.4
"2020-12-19 00:00:00",1053112,339985,158451,66425,815130,2901032.8333333335,2919121.3666666667
"2020-12-20 00:00:00",1355941,211339,198379,37874,731991,2876202.4,2906024.7
"2020-12-21 00:00:00",1514824,336248,162471,54661,891151,2874148.433333333,2916245.6333333333
"2020-12-22 00:00:00",2331693,496666,189726,68240,1135753,2931177.3,2933593.3333333335
"2020-12-23 00:00:00",1503352,366681,137813,84575,1343392,2965665.033333333,2903273.1666666665
"2020-12-24 00:00:00",685470,126314,126665,55639,575571,2907337.7,2895037.533333333
"2020-12-25 00:00:00",558540,112497,127668,30939,356731,2833340.2333333334,2883313.8666666667
"2020-12-26 00:00:00",1079830,177476,127102,31276,1050675,2812018.566666667,2900278.2333333334
"2020-12-27 00:00:00",865641,411547,155001,21690,615700,2771920.3,2862685.1666666665
"2020-12-28 00:00:00",1443664,406859,149835,45787,1011737,2768113.4,2835166.8
"2020-12-29 00:00:00",1291481,251212,173677,47665,804259,2773498.7333333334,2835235.6666666665
"2020-12-30 00:00:00",1710758,482154,155456,46160,841096,2785954.3,2791579.4
"2020-12-31 00:00:00",912456,66741,115229,47740,873089,2777005.4,2760986.6
"2021-01-01 00:00:00",949175,207930,83963,23155,674748,2716863,2728738.2333333334
"2021-01-02 00:00:00",769564,65910,170828,26651,674251,2681574.4,2698912.8333333335
"2021-01-03 00:00:00",1182064,340943,128848,38405,923484,2668192.933333333,2689947.466666667
"2021-01-04 00:00:00",1040624,241124,138085,32012,544314,2635059.1333333333,2682543.3666666667
"2021-01-05 00:00:00",929862,422029,157647,40384,804047,2632427.2333333334,2671578.6333333333
"2021-01-06 00:00:00",1650106,361229,235114,41377,462007,2629302.5,2661989.433333333
"2021-01-07 00:00:00",1320268,233614,166749,65919,698653,2622993.1666666665,2633384.8
"2021-01-08 00:00:00",1234292,541436,181773,64203,908293,2616586.1,2628453.3
"2021-01-09 00:00:00",1233639,267085,144402,37712,817820,2601769.4,2612493.6666666665
"2021-01-10 00:00:00",1217933,503240,177025,41516,926475,2597033.9,2617676.1
"2021-01-11 00:00:00",1385670,264124,168415,31075,561232,2579730,2602027.8666666667
"2021-01-12 00:00:00",1162091,426407,157756,66018,828267,2578955.2333333334,2598886.433333333
"2021-01-13 00:00:00",1269169,483228,193716,64495,674392,2571481,2598561.933333333
"2021-01-14 00:00:00",1350890,287008,229384,58355,1255920,2576994.466666667,2572783.4
"2021-01-15 00:00:00",1157845,531546,193077,69829,726581,2585577.466666667,2556447.8
"2021-01-16 00:00:00",1403613,281256,194293,48235,844366,2582325.2333333334,2549008.3333333335
"2021-01-17 00:00:00",1204225,608810,146017,40733,639974,2563534,2537466.433333333
"2021-01-18 00:00:00",1935245,412397,202229,36466,1056262,2603850.4,2540961.8333333335
"2021-01-19 00:00:00",1354881,246763,203615,72027,728183,2606182.1333333333,2547457.9
"2021-01-20 00:00:00",1712592,342168,213470,59514,1115357,2622307.3333333335,2529173.1333333333
"2021-01-21 00:00:00",1362833,421131,167008,58407,727001,2572783.8666666667,2505960.3666666667
"2021-01-22 00:00:00",1251055,358889,171752,58944,765616,2545131.8,2532457.1
"2021-01-23 00:00:00",1109960,273576,172181,56561,996154,2579757.8333333335,2566001.8333333335
"2021-01-24 00:00:00",1506745,507447,238392,56382,625871,2638040.566666667,2564748.8
"2021-01-25 00:00:00",1108082,447669,191886,28903,727601,2639300.066666667,2548532.3
"2021-01-26 00:00:00",1425341,507736,209353,79338,996626,2677594.7333333334,2574446.1666666665
"2021-01-27 00:00:00",1373156,392290,175242,68150,716699,2666517.066666667,2598179.3666666667
"2021-01-28 00:00:00",1060807,334984,180245,73108,843849,2664007.433333333,2631714.1666666665
"2021-01-29 00:00:00",1800191,423737,187753,80026,770297,2664887.2666666666,2678978.6666666665
"2021-01-30 00:00:00",1250978,319069,174742,59930,1063047,2693304.566666667,2724533.3
"2021-01-31 00:00:00",1242002,481879,133624,50159,880437,2721609.566666667,2772029.1666666665
"2021-02-01 00:00:00",2281704,440373,159083,42567,803678,2788950.2333333334,2793030.933333333
"2021-02-02 00:00:00",1440677,359293,226505,60776,746879,2796297.1333333333,2816979
"2021-02-03 00:00:00",1358888,172880,202445,85354,740707,2815101.533333333,2816788.6333333333
"2021-02-04 00:00:00",1429777,159522,229484,71762,1003845,2833115.966666667,2842229.966666667
"2021-02-05 00:00:00",1486622,428083,210259,79561,715410,2838786.1666666665,2850635.3
"2021-02-06 00:00:00",1630765,309330,189661,46812,825436,2856013.033333333,2869591.466666667
"2021-02-07 00:00:00",1024524,401739,144752,32452,886357,2841340.566666667,2881375.033333333
"2021-02-08 00:00:00",966102,289236,140569,54535,789992,2832666.3,2857098.1
"2021-02-09 00:00:00",1038230,72435,174797,71898,1061767,2817764.4,2822968.6
"2021-02-10 00:00:00",1180201,429193,173576,67501,1003167,2832535.433333333,2820054.1333333333
"2021-02-11 00:00:00",1102473,476236,216168,65628,833249,2834309.466666667,2843116.2666666666
"2021-02-12 00:00:00",1807817,281003,188341,62845,1010800,2856503.1666666665,2845810.2333333334
"2021-02-13 00:00:00",1463722,299614,185251,61617,1177352,2856703.3666666667,2866394.8666666667
"2021-02-14 00:00:00",1381567,261703,149010,51229,774217,2854664.7333333334,2864935.2
"2021-02-15 00:00:00",1600880,142526,216906,47586,770018,2854869.6333333333,2850941.1333333333
"2021-02-16 00:00:00",1461250,525549,123263,79957,727518,2864129,2836715.9
"2021-02-17 00:00:00",1484990,435390,198267,60896,1012345,2849105.533333333,2818590.7666666666
"2021-02-18 00:00:00",1241741,354709,201351,63334,816132,2851498.933333333,2836497.3666666667
"2021-02-19 00:00:00",1460386,213327,208864,76821,1027415,2836289.2333333334,2861995.4
"2021-02-20 00:00:00",1355436,411012,178284,84647,837565,2840641.6333333333,2883916.1333333333
"2021-02-21 00:00:00",1063414,400132,128958,42448,875779,2837457.2666666666,2887083.2666666666
"2021-02-22 00:00:00",1743232,308534,198344,41698,1102189,2863643.1666666665,2845764.8
"2021-02-23 00:00:00",1261392,271392,195832,100850,941712,2858188.033333333,2855785.6
"2021-02-24 00:00:00",1547280,344829,229918,67018,758692,2872975.066666667,2872141.533333333
"2021-02-25 00:00:00",1183729,597953,190489,93113,1010769,2868230.2,2874471.4
"2021-02-26 00:00:00",1250634,335321,196060,80320,1151863,2877852.533333333,2855187.6666666665
"2021-02-27 00:00:00",1392316,399577,237043,49415,946530,2895581.9,2829026.2
"2021-02-28 00:00:00",1911819,180160,143381,37408,798733,2889231.3333333335,2833925.4
"2021-03-01 00:00:00",1314635,410269,171067,56388,1466873,2907613.8333333335,2811824
"2021-03-02 00:00:00",1478598,649354,211445,87120,801797,2922287.8,2786491.4
"2021-03-03 00:00:00",1523502,431698,237453,61008,761501,2898546.8333333335,2783430.7333333334
"2021-03-04 00:00:00",1189427,171491,220227,64258,1116131,2896126.933333333,2772466.433333333
"2021-03-05 00:00:00",1061138,261617,201923,76178,1066956,2899711.4,2783461.3
"2021-03-06 00:00:00",976558,341586,215943,69733,669126,2878996.2,2781090.933333333
"2021-03-07 00:00:00",1432771,159534,98627,32202,940486,2870451.9,2817026.7666666666
"2021-03-08 00:00:00",1530769,524221,171216,46801,886174,2875690.6666666665,2812182.2666666666
"2021-03-09 00:00:00",986693,340352,133952,69483,1234600,2884866.066666667,2802011.8
"2021-03-10 00:00:00",1730886,520564,248373,72246,925440,2926769.3333333335,2839788
"2021-03-11 00:00:00",1180656,207983,159070,77444,721829,2924364.5,2869043.7
"2021-03-12 00:00:00",1420359,345821,145993,51449,1048281,2929639.6,2877722.533333333
"2021-03-13 00:00:00",1032530,567259,183880,55166,859710,2929799.1666666665,2880021.433333333
"2021-03-14 00:00:00",1174457,335000,143590,59035,827160,2902746.8666666667,2881734.033333333
"2021-03-15 00:00:00",1526996,408275,143730,38824,1051445,2902137.066666667,2873932.8
"2021-03-16 00:00:00",1456088,270011,206722,73502,808714,2908714.2666666666,2889419.6333333333
"2021-03-17 00:00:00",1669720,266712,199075,65404,932356,2920559.8666666667,2901349.2666666666
"2021-03-18 00:00:00",1227538,182955,213648,71322,967222,2912065.033333333,2894907.3
"2021-03-19 00:00:00",1067975,393296,225040,91726,1254140,2906741.433333333,2918348.3333333335
"2021-03-20 00:00:00",1221819,611391,146534,53982,686032,2908157.8,2901074.7333333334
"2021-03-21 00:00:00",1240512,486179,139101,53316,944765,2904059.6666666665,2878399.066666667
"2021-03-22 00:00:00",1232159,246895,182691,40518,861021,2893937.4,2832730.933333333
"2021-03-23 00:00:00",1804579,350723,165616,69544,763261,2915371,2842639.033333333
"2021-03-24 00:00:00",1586259,674788,245973,92153,1326839,2933104.8,2860323.2
"2021-03-25 00:00:00",992095,458969,209829,97591,1018176,2933287.6666666665,2847454.3333333335
"2021-03-26 00:00:00",1151251,301662,162810,91896,1014701,2925773.6,2846940.033333333
"2021-03-27 00:00:00",1588755,239257,201444,45202,993547,2925511.8333333335,2826173.033333333
"2021-03-28 00:00:00",1646348,301713,129793,50229,1012702,2929731.066666667,2822640.2333333334
"2021-03-29 00:00:00",1412363,441373,196890,52153,876372,2928206.8,2801550.7
"2021-03-30 00:00:00",1509496,347414,178431,74438,825979,2923682.3666666667,2784326.1333333333
"2021-03-31 00:00:00",1317667,423926,212774,76550,874400,2906551.466666667,2801129.533333333
"2021-04-01 00:00:00",1372992,182734,242202,66111,657977,2883008.033333333,2821914.466666667
"2021-04-02 00:00:00",1218047,370662,209200,80514,816736,2872340.7,2828101.933333333
"2021-04-03 00:00:00",1503754,310837,113259,42364,849768,2874288.3666666667,2810628.1333333333
"2021-04-04 00:00:00",1360166,347335,127215,39151,973151,2880261.6,2795334.566666667
"2021-04-05 00:00:00",904888,348874,147699,36842,709752,2876098.566666667,2783232.1333333333
"2021-04-06 00:00:00",1238711,342112,144228,53380,646489,2868142,2760980.033333333
"2021-04-07 00:00:00",1207208,446568,194083,42082,619531,2846485.3666666667,2749655.6666666665
"2021-04-08 00:00:00",1366347,276024,198647,79476,1017298,2852242.2666666666,2745447.7333333334
"2021-04-09 00:00:00",1726006,309083,189595,76183,774957,2838186,2732501.6
"2021-04-10 00:00:00",1019104,478310,166982,66266,775100,2843478.6,2740606.7333333334
"2021-04-11 00:00:00",1458681,351924,196991,41801,802422,2838142.2666666666,2720119.1666666665
"2021-04-12 00:00:00",1112278,298829,152460,55658,860014,2830832.2333333334,2672939.6
"2021-04-13 00:00:00",1471079,282976,155499,92910,1062447,2848354.6333333333,2655210.566666667
"2021-04-14 00:00:00",1302062,158149,182416,77214,730898,2824403.8,2644366.8
"2021-04-15 00:00:00",1394626,406560,223441,76105,909001,2830894.033333333,2629266.6
"2021-04-16 00:00:00",1460958,517433,203020,87264,926269,2832949.433333333,2637888.1333333333
"2021-04-17 00:00:00",1138029,485164,142134,39802,765900,2829893.8333333335,2633408.6666666665
"2021-04-18 00:00:00",1432396,306066,144687,66527,990460,2826825.433333333,2628079.5
"2021-04-19 00:00:00",1145296,391055,208106,35348,871189,2824533.3,2613939.533333333
"2021-04-20 00:00:00",1535030,562225,199045,83492,879025,2837698.2666666666,2610288.3333333335
"2021-04-21 00:00:00",1553003,284983,253638,84911,836310,2852683.6666666665,2627486.533333333
"2021-04-22 00:00:00",1701874,372099,199872,83483,932384,2857216.6,2606847.3666666667
"2021-04-23 00:00:00",1627643,536948,153899,79498,885383,2835794.8333333335,2615988.6333333333
"2021-04-24 00:00:00",1539389,135774,174432,78702,680219,2830189.566666667,2622835.2333333334
"2021-04-25 00:00:00",1793359,351778,146828,43829,892333,2847049.1666666665,2613769.933333333
"2021-04-26 00:00:00",1288364,587025,157723,51910,991566,2847329,2602409.8666666667
"2021-04-27 00:00:00",1477343,483099,198779,57602,1030196,2850870.433333333,2592274.6333333333
"2021-04-28 00:00:00",1361107,411116,196717,78603,843723,2847941.1333333333,2621201.466666667
"2021-04-29 00:00:00",1267933,290613,241204,87355,974481,2845468.7666666666,2612350.6666666665
"2021-04-30 00:00:00",859422,289535,176952,89968,806006,2822687.966666667,2601145.4
"2021-05-01 00:00:00",1319819,178190,109744,51733,1024842,2828098.033333333,2565686.6
"2021-05-02 00:00:00",949214,258528,101109,43061,649415,2804969.7666666666,2541049.2666666666
"2021-05-03 00:00:00",1134998,216355,216760,49367,660509,2786903.966666667,2551605.4
"2021-05-04 00:00:00",1189397,334081,214624,80202,957613,2784534.6,2554551
"2021-05-05 00:00:00",1824406,486687,224686,74854,697385,2823200.566666667,2569044.8333333335
"2021-05-06 00:00:00",1865366,292607,222789,89578,1273279,2867157.966666667,2569245.533333333
"2021-05-07 00:00:00",1611048,306312,239889,74959,1012061,2891650.7333333334,2575150.1
"2021-05-08 00:00:00",1262852,315113,132970,69326,832167,2880805.533333333,2563834.033333333
"2021-05-09 00:00:00",1834642,280130,120794,33356,561933,2872639.3666666667,2551456.1
"2021-05-10 00:00:00",1155999,298301,175753,47907,567624,2863966.6,2526796.8333333335
"2021-05-11 00:00:00",1077537,318549,200511,91860,857399,2853768.3333333335,2535006.3333333335
"2021-05-12 00:00:00",1286546,537070,210599,97634,1003015,2875623.066666667,2586448.2666666666
"2021-05-13 00:00:00",1363430,139229,228419,64465,1025528,2867494.933333333,2588883
"2021-05-14 00:00:00",1476862,261365,161725,103044,1004284,2886046.1333333333,2589641.3666666667
"2021-05-15 00:00:00",1238108,334819,166676,61080,910995,2876110.5,2591339.8333333335
"2021-05-16 00:00:00",1388321,131218,165317,41506,941414,2858538.1,2576243.7
"2021-05-17 00:00:00",1331460,237151,187136,67618,781067,2859651.6666666665,2580816.566666667
"2021-05-18 00:00:00",1314963,465770,228825,75414,988597,2864099.3666666667,2575018.2
"2021-05-19 00:00:00",1331761,333995,226983,80642,907774,2871771.566666667,2587192.3333333335
"2021-05-20 00:00:00",1480544,217573,257103,70433,861469,2859382,2592672.033333333
"2021-05-21 00:00:00",989265,368070,150362,70989,817657,2838831.7666666666,2617220.7666666666
"2021-05-22 00:00:00",1327886,188006,136368,75839,1014228,2820585.1333333333,2618070.7666666666
"2021-05-23 00:00:00",1455362,251705,124788,44226,709838,2797336.566666667,2588762.466666667
"2021-05-24 00:00:00",977718,284323,144271,59684,884028,2788720.2,2581913.1666666665
"2021-05-25 00:00:00",1054966,459817,183888,63754,1016542,2773748.2,2579304.7666666666
"2021-05-26 00:00:00",1621290,227029,207930,54745,980903,2774258.066666667,2582843.7666666666
"2021-05-27 00:00:00",1301813,412702,216391,74265,652617,2754617.1333333333,2585071.7666666666
"2021-05-28 00:00:00",1750593,237961,209007,64708,1035742,2768175.1666666665,2566355.7666666666
"2021-05-29 00:00:00",932480,650355,176359,70155,816062,2760969.3666666667,2569110.8
"2021-05-30 00:00:00",1067303,476459,140853,38577,907599,2774599.6333333333,2564511.566666667
"2021-05-31 00:00:00",1138916,408687,247090,52567,1030308,2781041.2333333334,2558280.433333333
"2021-06-01 00:00:00",1220497,139370,193760,74190,787193,2794831.4,2561578.3333333335
"2021-06-02 00:00:00",1932439,278455,240285,96229,1027320,2838056.1666666665,2558292.933333333
"2021-06-03 00:00:00",1212502,345059,232717,79243,1112371,2844921.933333333,2575752.933333333
"2021-06-04 00:00:00",1478195,573349,160853,69259,981761,2843435.3,2567068
"2021-06-05 00:00:00",1309583,180146,149365,48368,929029,2805863.8666666667,2557610.466666667
"2021-06-06 00:00:00",1105610,377558,148463,39109,715704,2777270.1666666665,2540358.2333333334
"2021-06-07 00:00:00",1389515,629925,179637,40854,782447,2790935.566666667,2520903.8333333335
"2021-06-08 00:00:00",1532195,385502,216435,80557,856993,2798963.3333333335,2535544.6
"2021-06-09 00:00:00",1243944,414407,208584,82807,777502,2815018.933333333,2566748
"2021-06-10 00:00:00",1569710,194833,247970,67882,750092,2824507.2,2564205.2
"2021-06-11 00:00:00",1324488,292198,184749,89083,757924,2808292.7666666666,2548769.9
"2021-06-12 00:00:00",1236064,241401,156274,73882,1110886,2808207.1333333333,2536784.533333333
"2021-06-13 00:00:00",809193,203222,155400,21903,947335,2779199.5,2535992.933333333
"2021-06-14 00:00:00",1504053,188817,173130,58523,883767,2782420.1666666665,2535481.533333333
"2021-06-15 00:00:00",1686582,170630,174129,74263,777921,2789612.033333333,2523271.2333333334
"2021-06-16 00:00:00",1255048,422425,223820,72416,684824,2791415.3333333335,2538536.7
"2021-06-17 00:00:00",1322228,262123,209167,92878,784785,2778002.5,2538658.033333333
"2021-06-18 00:00:00",1414264,310949,213912,93973,912258,2780142.3666666667,2532816.533333333
"2021-06-19 00:00:00",986254,304556,195382,54903,979865,2767936.1666666665,2528447
"2021-06-20 00:00:00",1293098,310132,137674,39149,491360,2763771.8666666667,2494977.033333333
"2021-06-21 00:00:00",1227498,216736,132237,52417,873798,2755784,2492259.7333333334
"2021-06-22 00:00:00",1112516,285821,164577,85404,666974,2746763.2666666666,2493526.566666667
"2021-06-23 00:00:00",1771568,248812,197211,66988,790290,2770925.2,2501980.1
"2021-06-24 00:00:00",949911,352899,160082,64920,874521,2758371.3333333335,2524639.3666666667
"2021-06-25 00:00:00",1821896,135866,181330,56917,977432,2761089.7666666666,2537033.066666667
"2021-06-26 00:00:00",1425347,313100,203427,54527,796992,2765609.7333333334,2553034.1333333333
"2021-06-27 00:00:00",1584040,310161,135791,44094,1207305,2765055.6,2557923.1333333333
"2021-06-28 00:00:00",1344110,258099,214809,69571,962761,2771853.433333333,2555758.033333333
"2021-06-29 00:00:00",1543040,202284,173227,71393,751378,2775538.1333333333,2575906.3333333335
"2021-06-30 00:00:00",1499308,466940,202027,77649,1171511,2793534.2,2598400.8
"2021-07-01 00:00:00",1219627,429324,200283,94351,993928,2810951.1,2606631.9
"2021-07-02 00:00:00",1394982,492461,180978,80199,877895,2792677.2,2598662.033333333
"2021-07-03 00:00:00",1530224,184244,150990,36745,1006510,2790237.4,2583723.433333333
"2021-07-04 00:00:00",1314838,273462,130916,29059,807092,2766635.1,2589078.033333333
"2021-07-05 00:00:00",1377224,295047,218611,55297,714222,2768098.966666667,2588213
"2021-07-06 00:00:00",1272447,310982,151764,76375,1110988,2785969.066666667,2609804.9
"2021-07-07 00:00:00",1741981,477752,163961,77121,853374,2795695.533333333,2635521.033333333
"2021-07-08 00:00:00",1630058,213239,218443,75141,733205,2788975.6333333333,2624102.466666667
"2021-07-09 00:00:00",1390571,364633,165990,75194,1164433,2803428.3333333335,2609530.3
"2021-07-10 00:00:00",1393583,114447,149420,53897,981009,2798823.3666666667,2624726.066666667
"2021-07-11 00:00:00",853132,167964,137282,30738,908054,2780447.1333333333,2609517.433333333
"2021-07-12 00:00:00",1464807,168826,224925,61041,728091,2774753.6333333333,2616041.8666666667
"2021-07-13 00:00:00",1450069,486432,187133,65172,745158,2801317.6,2643170.9
"2021-07-14 00:00:00",1349486,396154,177836,89223,767276,2800373.6666666665,2636616.4
"2021-07-15 00:00:00",1382835,310332,212018,60432,754641,2794931.3,2658562.933333333
"2021-07-16 00:00:00",1306145,517183,140351,72111,912686,2804595.933333333,2651183.033333333
"2021-07-17 00:00:00",1103162,231603,148779,56484,828054,2794492.2,2669831.933333333
"2021-07-18 00:00:00",1890661,236364,152944,41198,776497,2799568.966666667,2669089.2
"2021-07-19 00:00:00",925597,288092,184748,36758,804189,2790183.8,2660940.966666667
"2021-07-20 00:00:00",1523576,563377,176569,83799,880265,2822056.5,2687657.3333333335
"2021-07-21 00:00:00",1654883,346881,218883,76494,1051102,2850241.8333333335,2716676.2666666666
"2021-07-22 00:00:00",1341200,292420,157772,52531,920054,2865198.3333333335,2736690.6333333333
"2021-07-23 00:00:00",1265340,463735,176050,81285,1183442,2868364,2743855.8666666667
"2021-07-24 00:00:00",1363426,219610,173074,57503,1119436,2886054.2,2711766.6666666665
"2021-07-25 00:00:00",844308,217260,162661,29011,920151,2852718.6333333333,2716400.1333333333
"2021-07-26 00:00:00",1178547,394590,125363,41125,1250291,2859269.3666666667,2698011.1
"2021-07-27 00:00:00",1306869,371683,165532,86617,851771,2842639.4,2693501.7
"2021-07-28 00:00:00",916656,338097,213974,83180,752732,2824482.8,2695228.1666666665
"2021-07-29 00:00:00",1163127,125387,209601,109884,988420,2819652.7333333334,2694446.2666666666
"2021-07-30 00:00:00",1134495,438909,189901,75814,700330,2790385.8333333335,2688706.966666667
"2021-07-31 00:00:00",1395529,427462,147739,83954,816113,2788161.933333333,2694454.533333333
"2021-08-01 00:00:00",1246018,287616,142309,46255,935789,2775877.4,2706718.5
"2021-08-02 00:00:00",1069959,376604,137363,38498,849403,2761314.533333333,2692675.5
"2021-08-03 00:00:00",1541053,485458,198939,70552,935400,2783849.2,2683102.8333333335
"2021-08-04 00:00:00",1237997,363550,201589,72053,764366,2783154.3,2701286.2666666666
"2021-08-05 00:00:00",1146079,193706,218516,72346,1072352,2775835.6666666665,2708021.1
"2021-08-06 00:00:00",1360877,212880,166704,88668,957241,2758241.7666666666,2714859.4
"2021-08-07 00:00:00",1437915,370810,145203,45498,815260,2756394.8666666667,2715408.4
"2021-08-08 00:00:00",1245581,169685,131910,23556,738875,2728020.6,2700064.033333333
"2021-08-09 00:00:00",1346042,402623,172981,66454,1020402,2738558.933333333,2682629.7666666666
"2021-08-10 00:00:00",1377000,729268,151359,69844,1161817,2784963.1666666665,2687228
"2021-08-11 00:00:00",1385300,244564,202254,59808,900208,2789778.033333333,2705245.4
"2021-08-12 00:00:00",1123551,355761,165194,65794,1005457,2782504.533333333,2690131.6333333333
"2021-08-13 00:00:00",1194034,291815,177900,64536,1174497,2786598.1333333333,2711507.6666666665
"2021-08-14 00:00:00",1451532,247144,140108,64130,854755,2787845,2692866.566666667
"2021-08-15 00:00:00",1152460,280606,164751,28716,683829,2766574.4,2694839.433333333
"2021-08-16 00:00:00",1286200,460781,163489,51157,1113047,2790128.3,2681834.6666666665
"2021-08-17 00:00:00",1464153,202230,187998,33294,879549,2779113.6,2682311.1333333333
"2021-08-18 00:00:00",1243820,371645,197949,62390,1036738,2801551.966666667,2709208.5
"2021-08-19 00:00:00",1246095,407193,175182,58743,921860,2787601.5,2705336.9
"2021-08-20 00:00:00",1475785,362961,219831,83440,640931,2768758.1666666665,2694424.6666666665
"2021-08-21 00:00:00",1353376,305313,160012,56615,853247,2767577.2333333334,2690403.066666667
"2021-08-22 00:00:00",1142899,204498,101856,39351,737707,2736125.566666667,2668722.1666666665
"2021-08-23 00:00:00",862694,595218,142022,26131,882416,2721973.566666667,2667271.6333333333
"2021-08-24 00:00:00",1447273,559118,226353,67796,1302959,2769644.3,2661662.2333333334
"2021-08-25 00:00:00",1390401,675612,243780,52852,866796,2777628.6333333333,2672336.4
"2021-08-26 00:00:00",1212302,360196,198664,61521,747656,2770890.933333333,2669372.2666666666
"2021-08-27 00:00:00",1430403,138719,173983,72676,755295,2779771.6333333333,2687891.2
"2021-08-28 00:00:00",1347029,432096,144595,56183,759410,2784534.1333333333,2678217.033333333
"2021-08-29 00:00:00",1093057,477025,141535,31995,838613,2785960.1666666665,2665289.966666667
"2021-08-30 00:00:00",1355488,402928,154913,53166,895105,2785653,2651762.6666666665
"2021-08-31 00:00:00",1405121,514756,186019,64751,1101625,2806129.3,2644745.6666666665
"2021-09-01 00:00:00",1238191,369502,194940,57580,947881,2817338.3,2659961.3666666667
"2021-09-02 00:00:00",1430755,428220,208803,66949,646318,2802326.8666666667,2669795.3666666667
"2021-09-03 00:00:00",1179579,391283,148517,73011,779488,2800071.033333333,2651724.9
"2021-09-04 00:00:00",1879595,343902,187753,46294,907108,2822126.6,2640675.3333333335
"2021-09-05 00:00:00",1025350,464482,113752,32290,864744,2812601.1,2618671.8
"2021-09-06 00:00:00",1186775,403893,193277,49248,914624,2810372.533333333,2608232.566666667
"2021-09-07 00:00:00",1011301,642050,177299,69385,827552,2824305.7666666666,2622798.066666667
"2021-09-08 00:00:00",1636426,291686,222328,58194,858466,2826258.8666666667,2648910.7
"2021-09-09 00:00:00",1204418,470202,190628,85574,1050805,2810003.8,2668402.7333333334
"2021-09-10 00:00:00",1250485,481168,151794,73270,1046160,2817028.466666667,2660152.033333333
"2021-09-11 00:00:00",1245437,389858,149508,56348,996342,2821085.8333333335,2661983.2333333334
"2021-09-12 00:00:00",1248491,313137,132811,32912,928145,2812842.3666666667,2649126.7333333334
"2021-09-13 00:00:00",1435100,295594,212028,55519,994465,2820677.1666666665,2652144.933333333
"2021-09-14 00:00:00",1093271,382227,180909,55422,821949,2828124.8,2656956.2
"2021-09-15 00:00:00",1514694,326835,214158,68638,1236385,2837659.1,2674510.3333333335
"2021-09-16 00:00:00",1604372,346810,215869,89852,1004800,2854142.033333333,2687268.1
"2021-09-17 00:00:00",1337868,296281,164512,73330,614348,2839935.2333333334,2662697
"2021-09-18 00:00:00",1166505,403125,140106,57080,932692,2836282.6666666665,2653977.7666666666
"2021-09-19 00:00:00",1418716,380804,146626,32704,869288,2838455.3,2654699.2
"2021-09-20 00:00:00",1192504,385842,185878,46852,847734,2836130.466666667,2652371.4
"2021-09-21 00:00:00",1502291,292294,247176,85417,908892,2863122.966666667,2664683.9
"2021-09-22 00:00:00",1204293,534370,219225,77847,830338,2875042.6333333333,2680321.7333333334
"2021-09-23 00:00:00",1490782,344097,156671,83964,851665,2852498.6333333333,2698481.6
"2021-09-24 00:00:00",1860459,420633,179290,91369,1430948,2877607.2333333334,2726653.6333333333
"2021-09-25 00:00:00",999569,310882,150845,59523,621848,2863017.7666666666,2726667.7
"2021-09-26 00:00:00",1474068,468109,146342,27059,857750,2876426.1333333333,2696446.1333333333
"2021-09-27 00:00:00",1128903,506646,153399,45708,989353,2879249.6333333333,2676183.3666666667
"2021-09-28 00:00:00",1749295,494562,230019,72564,1052719,2913147.6333333333,2694954.6
"2021-09-29 00:00:00",1406727,474909,243889,73746,715529,2914921.3,2720109.6333333333
"2021-09-30 00:00:00",1188398,432745,196954,99223,721504,2893806.5,2745053.3333333335
"2021-10-01 00:00:00",1435119,263931,145591,77858,623369,2885065.566666667,2738737.2666666666
"2021-10-02 00:00:00",1431818,424219,157436,59922,1042574,2896229.033333333,2737779.2666666666
"2021-10-03 00:00:00",1160594,280871,126316,34508,1046936,2898806.8333333335,2755215.2
"2021-10-04 00:00:00",1385989,373316,178266,32101,779043,2878275.1666666665,2744719.3666666667
"2021-10-05 00:00:00",1311368,347735,145096,79013,900845,2887723.6,2749581.3333333335
"2021-10-06 00:00:00",1922191,487596,187136,79061,886882,2914892.1333333333,2752670.1
"2021-10-07 00:00:00",1130333,245646,200009,69679,993511,2911944.8666666667,2763328.033333333
"2021-10-08 00:00:00",1878059,185214,159211,87621,1050861,2921740.2333333334,2761632.066666667
"2021-10-09 00:00:00",935063,200344,166422,62081,1171111,2906185.8333333335,2758180.6333333333
"2021-10-10 00:00:00",1003273,546612,209169,34337,835808,2893729.6,2795922.4
"2021-10-11 00:00:00",1284693,315503,174502,44724,773986,2885593.2666666666,2795918.566666667
"2021-10-12 00:00:00",1135609,596501,199695,91842,821902,2891929.2,2784425.2666666666
"2021-10-13 00:00:00",1486280,390224,212475,85061,885529,2894157.6666666665,2789034.3666666667
"2021-10-14 00:00:00",1291707,374139,214897,63332,938478,2905783.533333333,2771349
"2021-10-15 00:00:00",1149320,169157,180284,82323,860041,2875130.2666666666,2777139.3333333335
"2021-10-16 00:00:00",1213367,199463,171245,51874,986137,2853809.5,2764512.6333333333
"2021-10-17 00:00:00",1157254,604811,177503,27123,827687,2864077.3,2783122.966666667
"2021-10-18 00:00:00",1421627,631770,181730,47184,1077863,2886099.6333333333,2769316.2666666666
"2021-10-19 00:00:00",1181490,359408,151575,80405,1066240,2885799.4,2765783.1333333333
"2021-10-20 00:00:00",1556116,386144,181521,71658,940359,2901699.3,2798465.1333333333
"2021-10-21 00:00:00",1359811,388517,210548,89773,1039318,2903428.966666667,2801408.9
"2021-10-22 00:00:00",896735,335818,143641,41149,817119,2882375.1333333333,2806152.533333333
"2021-10-23 00:00:00",1458442,389373,162922,76624,826339,2881925.6,2821576.7333333334
"2021-10-24 00:00:00",1267496,317138,116227,38537,1288821,2850109.066666667,2802132.566666667
"2021-10-25 00:00:00",1289398,496398,179182,45363,518112,2862968.933333333,2803856.2333333334
"2021-10-26 00:00:00",971687,378858,187292,76741,624703,2838500.433333333,2804711.8666666667
"2021-10-27 00:00:00",1194506,534668,234185,91255,902803,2842947.7333333334,2834892.6333333333
"2021-10-28 00:00:00",1483472,239806,210454,61402,1043604,2824267.2,2837951.3
"2021-10-29 00:00:00",1067467,291306,177448,100905,1242038,2823079.533333333,2813577.7
"2021-10-30 00:00:00",1024218,257724,153118,46095,859719,2813147.1666666665,2815678
"2021-10-31 00:00:00",1200555,285313,135670,56112,723900,2808336.4,2815866.2666666666
"2021-11-01 00:00:00",1796467,360460,150101,36180,894496,2812394.2333333334,2786087.4
"2021-11-02 00:00:00",1375326,176975,147565,73163,846104,2811391.433333333,2780900.3333333335
"2021-11-03 00:00:00",867501,284856,189454,80229,1077355,2803080.933333333,2796287.6
"2021-11-04 00:00:00",1563368,383642,200755,67033,919547,2814757.1333333333,2810054.8
"2021-11-05 00:00:00",1313228,277607,213198,98293,1080771,2795431.6,2830506.2333333334
"2021-11-06 00:00:00",1399048,168881,162475,54402,761247,2792327.3666666667,2837550.5
"2021-11-07 00:00:00",1011653,304774,184178,28963,949341,2762926.033333333,2837567.9
"2021-11-08 00:00:00",1265793,417426,177072,47108,839705,2769995.8666666667,2831020.966666667
"2021-11-09 00:00:00",1025725,399469,181730,94893,1042457,2773832.2,2797366.3333333335
"2021-11-10 00:00:00",1196829,577170,192377,85968,849604,2784117.1333333333,2810939.4
"2021-11-11 00:00:00",1116466,361411,225097,92536,1012956,2782880.933333333,2850320.8666666667
"2021-11-12 00:00:00",1851618,507041,209195,66652,1016220,2802587.066666667,2860251.6666666665
"2021-11-13 00:00:00",1265848,284700,144459,53629,894973,2794622.2333333334,2878875.2
"2021-11-14 00:00:00",1378208,417908,158835,33286,1180578,2818878.533333333,2866856.6
"2021-11-15 00:00:00",1378079,435400,164506,25274,1134914,2836081.7,2846912.2
"2021-11-16 00:00:00",1435193,393459,159645,76230,948232,2843361.3,2853097.033333333
"2021-11-17 00:00:00",1189700,313030,205312,94533,919491,2822091.466666667,2872454.533333333
"2021-11-18 00:00:00",1131963,489617,180119,99681,896676,2820723.1666666665,2892606.6666666665
"2021-11-19 00:00:00",1463981,342295,245175,87151,840031,2815484.4,2861598.1
"2021-11-20 00:00:00",1169740,232352,144841,52404,950772,2797555.966666667,2877643.2333333334
"2021-11-21 00:00:00",1813184,309915,183297,36739,646085,2822714.4,2878160.3666666667
"2021-11-22 00:00:00",898835,377586,190748,64150,1085695,2812824.8,2839558.3666666667
"2021-11-23 00:00:00",1567707,479020,195980,87944,986268,2822449.033333333,2821393.8333333335
"2021-11-24 00:00:00",1150115,372594,208236,90016,828280,2826475.3,2846580.433333333
"2021-11-25 00:00:00",1232434,549535,221017,75940,860602,2849817.433333333,2885483.6333333333
"2021-11-26 00:00:00",1769505,391679,198295,87753,1082967,2868909.966666667,2887079.466666667
"2021-11-27 00:00:00",1344079,198757,157155,47835,723631,2850000.066666667,2900873.6333333333
"2021-11-28 00:00:00",1180844,255398,173286,32664,701629,2832155,2928450.7666666666
"2021-11-29 00:00:00",1232107,348575,169588,51338,1143489,2852296.1333333333,2897170.2
"2021-11-30 00:00:00",961692,357770,156745,83488,703654,2847689.7333333334,2910460.3333333335
"2021-12-01 00:00:00",1011486,432674,201229,61867,1079068,2832643.7333333334,2921644.6
"2021-12-02 00:00:00",1491545,266381,201846,75423,839648,2841167.6,2947428.033333333
"2021-12-03 00:00:00",1053110,565804,146326,76717,885552,2848771.5,2946978.966666667
"2021-12-04 00:00:00",1172222,356439,145570,84706,1053248,2838032.8333333335,2950264
"2021-12-05 00:00:00",1228472,212544,194425,47107,775811,2820540.8666666667,2949806.533333333
"2021-12-06 00:00:00",1342756,293749,165918,46365,756899,2822528.8333333335,2925893.566666667
"2021-12-07 00:00:00",1531724,609684,187524,67939,639535,2841111.6333333333,2926969.033333333
"2021-12-08 00:00:00",1095228,401731,122938,60785,1090854,2841926.2666666666,2922188.933333333
"2021-12-09 00:00:00",1142065,285622,165729,66382,838110,2833713.8,2937452.6666666665
"2021-12-10 00:00:00",1105961,402590,164003,57751,732796,2819085.6666666665,2928827.3333333335
"2021-12-11 00:00:00",1139012,485022,134525,57337,748444,2810948.066666667,2914168.6333333333
"2021-12-12 00:00:00",1530619,238825,151288,50219,994937,2788119.3666666667,2919833.966666667
"2021-12-13 00:00:00",1289988,333811,161189,46232,938324,2792317.2666666666,2913783.1666666665
"2021-12-14 00:00:00",1401113,506442,151852,89422,924915,2789148.6666666665,2911569.2333333334
"2021-12-15 00:00:00",1690882,495756,229877,66722,772218,2793057.9,2939535.3333333335
"2021-12-16 00:00:00",1572464,527050,201236,70861,936253,2802894.8333333335,2916471.2333333334
"2021-12-17 00:00:00",1403130,450116,204312,86321,1018567,2817573.9,2919082.6
"2021-12-18 00:00:00",1282378,370047,172230,63776,833581,2815038.7666666666,2910682.8666666667
"2021-12-19 00:00:00",1391318,333660,166035,38522,597893,2799998.2666666666,2901032.8333333335
"2021-12-20 00:00:00",1511865,121976,210894,51337,1073890,2813993.4,2876202.4
"2021-12-21 00:00:00",1157727,460594,206203,73769,1255629,2819483.7,2874148.433333333
"2021-12-22 00:00:00",1289498,513885,209830,72138,1295586,2844948.1,2931177.3
"2021-12-23 00:00:00",1522660,439924,258967,56323,784520,2836463.6,2965665.033333333
"2021-12-24 00:00:00",913012,183403,143146,55548,1117868,2828587.433333333,2907337.7
"2021-12-25 00:00:00",543638,196251,139750,20229,1016344,2794476.1,2833340.2333333334
"2021-12-26 00:00:00",975845,378634,133382,26745,935229,2758463.6,2812018.566666667
"2021-12-27 00:00:00",1222237,340837,247346,34695,817268,2764828.1,2771920.3
"2021-12-28 00:00:00",1130068,420231,202373,41692,892494,2776262.5,2768113.4
"2021-12-29 00:00:00",1368615,448610,198412,68916,939594,2778897.6333333333,2773498.7333333334
"2021-12-30 00:00:00",1235943,225033,145301,59317,693872,2782101.3333333335,2785954.3
"2021-12-31 00:00:00",891574,72811,126960,51482,880484,2756667.533333333,2777005.4
"2022-01-01 00:00:00",632765,158536,104523,17755,516513,2708508.1333333333,2716863
"2022-01-02 00:00:00",1145442,250918,117936,25988,617483,2689516.066666667,2681574.4
"2022-01-03 00:00:00",1036916,534173,173959,30445,912299,2685369.9,2668192.933333333
"2022-01-04 00:00:00",1328598,480247,157688,66060,1246866,2712739.966666667,2635059.1333333333
"2022-01-05 00:00:00",1087932,336697,220586,53660,1354446,2727661.1,2632427.2333333334
"2022-01-06 00:00:00",1110144,321168,201183,69234,650822,2704866.2,2629302.5
"2022-01-07 00:00:00",1192441,158507,160088,66481,881378,2694445,2622993.1666666665
"2022-01-08 00:00:00",1064555,322985,113049,33326,969829,2694638.9,2616586.1
"2022-01-09 00:00:00",1264305,275695,142934,30791,714103,2693462.9,2601769.4
"2022-01-10 00:00:00",1525216,362926,153253,38132,1128570,2714921.533333333,2597033.9
"2022-01-11 00:00:00",1108818,296219,153840,57641,1171543,2708994.3333333335,2579730
"2022-01-12 00:00:00",1288694,353544,169214,71372,549912,2697767.1333333333,2578955.2333333334
"2022-01-13 00:00:00",642944,489971,177784,66817,837732,2669150.6,2571481
"2022-01-14 00:00:00",1424321,416851,186272,65431,1075681,2666253.9,2576994.466666667
"2022-01-15 00:00:00",1419289,368144,196534,64676,1090773,2660638.3666666667,2585577.466666667
"2022-01-16 00:00:00",1567951,288516,184907,51674,949110,2656628.5,2582325.2333333334
"2022-01-17 00:00:00",1043000,425680,122591,38835,800851,2646926.3,2563534
"2022-01-18 00:00:00",1329646,273968,183946,67435,839708,2652502.1333333333,2603850.4
"2022-01-19 00:00:00",1205984,642939,270929,78635,1063384,2662232.8,2606182.1333333333
"2022-01-20 00:00:00",1064980,250392,204268,65485,1042014,2644673.533333333,2622307.3333333335
"2022-01-21 00:00:00",1507560,201752,169380,73559,920252,2627726.066666667,2572783.8666666667
"2022-01-22 00:00:00",1123349,503737,192676,66300,990788,2621541.2,2545131.8
"2022-01-23 00:00:00",1493315,527123,161979,37959,864950,2643952.566666667,2579757.8333333335
"2022-01-24 00:00:00",1449510,330130,198431,60362,920462,2678709.433333333,2638040.566666667
"2022-01-25 00:00:00",1252608,144388,196734,82292,1161031,2691616.9,2639300.066666667
"2022-01-26 00:00:00",1509710,207080,242512,71085,1060127,2705887.966666667,2677594.7333333334
"2022-01-27 00:00:00",1080144,428345,229841,71483,928543,2707605.3,2666517.066666667
"2022-01-28 00:00:00",1601219,325670,185000,80666,964288,2712028.5,2664007.433333333
"2022-01-29 00:00:00",1633035,417864,166152,78800,835387,2737754.4,2664887.2666666666
"2022-01-30 00:00:00",1003965,176420,111344,38657,837610,2742576.966666667,2693304.566666667
"2022-01-31 00:00:00",1067138,411061,169831,40655,929885,2782193.7,2721609.566666667
"2022-02-01 00:00:00",1478210,136242,157716,79987,742413,2796754.5,2788950.2333333334
"2022-02-02 00:00:00",1010738,349213,219908,94328,998277,2796243.6333333333,2796297.1333333333
"2022-02-03 00:00:00",1762899,271584,221587,76419,966227,2796885.933333333,2815101.533333333
"2022-02-04 00:00:00",1139526,350755,169759,70450,1237746,2794049.8,2833115.966666667
"2022-02-05 00:00:00",1717609,648779,138181,48348,876263,2829936.966666667,2838786.1666666665
"2022-02-06 00:00:00",1199887,383918,133314,48026,896877,2836706.933333333,2856013.033333333
"2022-02-07 00:00:00",1247742,793075,197853,45045,634580,2850526.066666667,2841340.566666667
"2022-02-08 00:00:00",1337817,295916,192219,87245,873310,2862482.5,2832666.3
"2022-02-09 00:00:00",1330881,204379,238560,70141,1078441,2852959.433333333,2817764.4
"2022-02-10 00:00:00",1404414,364384,199271,84552,840523,2856462.5,2832535.433333333
"2022-02-11 00:00:00",1194233,163271,205050,79672,1042263,2864854.6333333333,2834309.466666667
"2022-02-12 00:00:00",1661072,349633,188115,71881,1159712,2905359.6,2856503.1666666665
"2022-02-13 00:00:00",1412798,452757,184759,34733,735044,2893744.1333333333,2856703.3666666667
"2022-02-14 00:00:00",1307273,453399,163576,57637,1037510,2889743.933333333,2854664.7333333334
"2022-02-15 00:00:00",1044915,402894,170905,72623,1012948,2878481.7666666666,2854869.6333333333
"2022-02-16 00:00:00",1245327,313446,182525,82802,769300,2883896.8,2864129
"2022-02-17 00:00:00",1152248,322750,178009,76820,878311,2881011.066666667,2849105.533333333
"2022-02-18 00:00:00",973511,203480,144556,45496,654702,2839672.8333333335,2851498.933333333
"2022-02-19 00:00:00",797944,222316,128575,62111,1022726,2826556.7,2836289.2333333334
"2022-02-20 00:00:00",978914,286494,115826,42689,901731,2808327.3333333335,2840641.6333333333
"2022-02-21 00:00:00",818108,232219,122402,38124,557141,2771365.066666667,2837457.2666666666
"2022-02-22 00:00:00",1604567,473747,179217,72044,867780,2775099.966666667,2863643.1666666665
"2022-02-23 00:00:00",1382881,389971,236982,78384,733458,2770525.933333333,2858188.033333333
"2022-02-24 00:00:00",1503003,224737,202962,57898,702809,2765671.2666666666,2872975.066666667
"2022-02-25 00:00:00",1277804,508173,172110,94104,955045,2762895.566666667,2868230.2
"2022-02-26 00:00:00",1285649,447007,160192,59048,635493,2757862.7333333334,2877852.533333333
"2022-02-27 00:00:00",1606967,270913,153884,56324,814131,2749375.3333333335,2895581.9
"2022-02-28 00:00:00",1562584,428919,220628,51298,814289,2747591.2333333334,2889231.3333333335
"2022-03-01 00:00:00",1560620,389899,186845,81509,963664,2781410.3333333335,2907613.8333333335
"2022-03-02 00:00:00",1381480,338762,226852,80987,711069,2785429.7,2922287.8
"2022-03-03 00:00:00",1117163,326417,198680,59448,770035,2781335.5,2898546.8333333335
"2022-03-04 00:00:00",1323278,372091,187216,87703,741034,2782630.6666666665,2896126.933333333
"2022-03-05 00:00:00",1394934,491210,181722,56277,923318,2774255.3333333335,2899711.4
"2022-03-06 00:00:00",1800044,265580,126617,33733,851454,2777894.8333333335,2878996.2
"2022-03-07 00:00:00",1115695,376050,182174,51402,1496183,2770972.466666667,2870451.9
"2022-03-08 00:00:00",1381487,524187,184111,102513,821524,2782699.8,2875690.6666666665
"2022-03-09 00:00:00",1469329,423929,238678,72058,651962,2780621.9,2884866.066666667
"2022-03-10 00:00:00",1311444,316874,186436,71171,963819,2782729.7666666666,2926769.3333333335
"2022-03-11 00:00:00",979125,238771,207076,75785,662742,2757432.7333333334,2924364.5
"2022-03-12 00:00:00",1083186,350695,159696,74645,869542,2745585.8333333335,2929639.6
"2022-03-13 00:00:00",1264791,402460,181662,43117,711516,2742887.433333333,2929799.1666666665
"2022-03-14 00:00:00",1236711,473041,193219,44729,790431,2719811.7666666666,2902746.8666666667
"2022-03-15 00:00:00",1034788,277321,210987,90698,845303,2707778.7666666666,2902137.066666667
"2022-03-16 00:00:00",1563769,580596,184436,69752,854341,2715562.1333333333,2908714.2666666666
"2022-03-17 00:00:00",819672,648123,255316,54828,754105,2709821.1,2920559.8666666667
"2022-03-18 00:00:00",1172976,248984,204462,76373,858846,2708762.533333333,2912065.033333333
"2022-03-19 00:00:00",979825,396731,156722,60461,1010093,2708619.3666666667,2906741.433333333
"2022-03-20 00:00:00",1283252,451794,185515,42051,655406,2728495.1333333333,2908157.8
"2022-03-21 00:00:00",1356866,279239,196957,59382,1121960,2754519.8666666667,2904059.6666666665
"2022-03-22 00:00:00",691122,389785,227461,82407,770173,2749030.533333333,2893937.4
"2022-03-23 00:00:00",1065830,449435,300091,70772,860497,2781652.2,2915371
"2022-03-24 00:00:00",1321456,564235,206399,69081,1253725,2788903.5,2933104.8
"2022-03-25 00:00:00",1474532,270310,239909,74905,863788,2792295.6333333333,2933287.6666666665
"2022-03-26 00:00:00",1396636,138751,104974,54243,1017634,2792989.4,2925773.6
"2022-03-27 00:00:00",1080896,612471,195528,23643,859239,2785140.6333333333,2925511.8333333335
"2022-03-28 00:00:00",983346,506811,210507,47933,916288,2787724.533333333,2929731.066666667
"2022-03-29 00:00:00",1173281,635199,228556,85650,884350,2791218.8,2928206.8
"2022-03-30 00:00:00",1683780,327942,237024,94308,1211300,2807107.1333333333,2923682.3666666667
"2022-03-31 00:00:00",1458991,154323,226056,58830,804218,2791103.1,2906551.466666667
"2022-04-01 00:00:00",811598,250583,119551,76722,698805,2765039.933333333,2883008.033333333
"2022-04-02 00:00:00",1525602,239917,151503,60379,885667,2778083.8666666667,2872340.7
"2022-04-03 00:00:00",1737370,152273,172687,63712,562858,2777335.7666666666,2874288.3666666667
"2022-04-04 00:00:00",1338011,468409,176496,57293,663196,2765867.2333333334,2880261.6
"2022-04-05 00:00:00",1567032,197264,178717,95596,960136,2763244.466666667,2876098.566666667
"2022-04-06 00:00:00",1216835,440280,170493,66728,965913,2751202.7,2868142
"2022-04-07 00:00:00",1175830,263574,202464,75923,949853,2739663.3333333335,2846485.3666666667
"2022-04-08 00:00:00",1395706,644082,166515,70156,957907,2752276.7666666666,2852242.2666666666
"2022-04-09 00:00:00",1405288,383581,161892,73128,779846,2750742.8,2838186
"2022-04-10 00:00:00",1379093,343400,171464,56652,694100,2766782.8,2843478.6
"2022-04-11 00:00:00",1456196,292208,220289,68961,788580,2776399.1333333333,2838142.2666666666
"2022-04-12 00:00:00",1323012,477300,202582,104962,769512,2785527.066666667,2830832.2333333334
"2022-04-13 00:00:00",1295133,253146,247696,83700,713704,2780702.3,2848354.6333333333
"2022-04-14 00:00:00",1023333,278838,268196,53602,805516,2779715.2333333334,2824403.8
"2022-04-15 00:00:00",1569434,342921,137075,74657,894052,2771889.5,2830894.033333333
"2022-04-16 00:00:00",1417413,242507,155533,30683,989524,2782009.6666666665,2832949.433333333
"2022-04-17 00:00:00",1003102,125317,126835,34375,1687039,2795843.7333333334,2829893.8333333335
"2022-04-18 00:00:00",1143805,377785,170732,43051,784252,2793036.6666666665,2826825.433333333
"2022-04-19 00:00:00",552393,461561,136561,60288,931315,2777173.566666667,2824533.3
"2022-04-20 00:00:00",1491783,269754,222682,88703,958822,2777751.3666666667,2837698.2666666666
"2022-04-21 00:00:00",1372104,481880,246636,67859,874601,2807155.7666666666,2852683.6666666665
"2022-04-22 00:00:00",1220823,622691,185527,89765,1002323,2819639.1333333333,2857216.6
"2022-04-23 00:00:00",1096011,358947,115895,74174,1093483,2797092.966666667,2835794.8333333335
"2022-04-24 00:00:00",969108,203383,154412,47638,793267,2771904.566666667,2830189.566666667
"2022-04-25 00:00:00",1638656,431384,209038,65525,825108,2787154.033333333,2847049.1666666665
"2022-04-26 00:00:00",1036922,552767,193679,87989,813001,2784240,2847329
"2022-04-27 00:00:00",1717238,599616,201073,71733,873445,2810847,2850870.433333333
"2022-04-28 00:00:00",1540036,382124,251650,89040,895804,2815900.933333333,2847941.1333333333
"2022-04-29 00:00:00",1053116,317508,214346,75097,1332285,2797167.3333333335,2845468.7666666666
"2022-04-30 00:00:00",1059653,298265,153960,46916,868997,2788012.566666667,2822687.966666667
"2022-05-01 00:00:00",1092483,178777,136818,39612,965128,2803197.566666667,2828098.033333333
"2022-05-02 00:00:00",1157515,306279,203352,52803,1228496,2806044,2804969.7666666666
"2022-05-03 00:00:00",1232549,272810,176302,76371,698868,2798311.2666666666,2786903.966666667
"2022-05-04 00:00:00",1551653,289853,226530,90271,1064701,2815631.466666667,2784534.6
"2022-05-05 00:00:00",1341663,329367,208904,83052,793383,2807552.6666666665,2823200.566666667
"2022-05-06 00:00:00",1123939,283473,181389,81860,798625,2794520.7666666666,2867157.966666667
"2022-05-07 00:00:00",1616409,181394,149922,74755,984152,2805820.3,2891650.7333333334
"2022-05-08 00:00:00",1371568,185763,155738,53244,1005753,2790410.1666666665,2880805.533333333
"2022-05-09 00:00:00",1236726,405877,167444,47699,1009544,2792529.1333333333,2872639.3666666667
"2022-05-10 00:00:00",1512189,346304,239258,90815,908920,2807622.1666666665,2863966.6
"2022-05-11 00:00:00",1318853,286727,212708,101252,1176504,2816615.5,2853768.3333333335
"2022-05-12 00:00:00",1413110,573661,211103,55883,1115268,2833004.066666667,2875623.066666667
"2022-05-13 00:00:00",1514774,295520,205533,90139,1232096,2857826.7333333334,2867494.933333333
"2022-05-14 00:00:00",1133375,198767,176409,69776,1102695,2866211.033333333,2886046.1333333333
"2022-05-15 00:00:00",1099181,342923,175382,33938,1059678,2855976.7,2876110.5
"2022-05-16 00:00:00",1553368,342089,175940,41085,908518,2862154.9,2858538.1
"2022-05-17 00:00:00",1086421,326645,225101,89683,1343065,2865296.9,2859651.6666666665
"2022-05-18 00:00:00",1154286,262392,201159,81650,958675,2869915,2864099.3666666667
"2022-05-19 00:00:00",1296260,128674,237888,83127,1132423,2894456.8333333335,2871771.566666667
"2022-05-20 00:00:00",1908237,510021,247442,91286,1374382,2931111.433333333,2859382
"2022-05-21 00:00:00",985586,416922,195710,65884,883211,2914585.7333333334,2838831.7666666666
"2022-05-22 00:00:00",1230314,287312,140040,41147,925991,2898040.933333333,2820585.1333333333
"2022-05-23 00:00:00",1291445,529161,225178,57605,854632,2905358.1666666665,2797336.566666667
"2022-05-24 00:00:00",1128095,562027,182356,72908,1032366,2932356.8333333335,2788720.2
"2022-05-25 00:00:00",1296130,285305,194590,83020,1235482,2929850.6333333333,2773748.2
"2022-05-26 00:00:00",1627986,476538,196004,70924,983383,2952200,2774258.066666667
"2022-05-27 00:00:00",853769,233957,181299,66631,920562,2911970.4,2754617.1333333333
"2022-05-28 00:00:00",1031869,367795,143756,55362,1052365,2895052.8666666667,2768175.1666666665
"2022-05-29 00:00:00",968865,382797,157010,40614,800110,2873620.7333333334,2760969.3666666667
"2022-05-30 00:00:00",1430613,331679,163522,51097,915567,2889110.3666666667,2774599.6333333333
"2022-05-31 00:00:00",1261953,303940,158383,75635,876948,2897911.8333333335,2781041.2333333334
"2022-06-01 00:00:00",1478325,280144,205630,90289,817430,2895357.3,2794831.4
"2022-06-02 00:00:00",1575397,349765,203818,63261,1555589,2938388.4,2838056.1666666665
"2022-06-03 00:00:00",1449545,256762,228670,65959,744815,2922480.1333333333,2844921.933333333
"2022-06-04 00:00:00",1301111,200703,175413,71848,1141720,2926960.7333333334,2843435.3
"2022-06-05 00:00:00",945283,85206,131967,33055,1083633,2920622.2,2805863.8666666667
"2022-06-06 00:00:00",951144,231841,144488,42048,906049,2896253.7,2777270.1666666665
"2022-06-07 00:00:00",1321427,389509,197504,84371,748764,2895237.566666667,2790935.566666667
"2022-06-08 00:00:00",1275232,300032,156920,86745,878180,2889564.6666666665,2798963.3333333335
"2022-06-09 00:00:00",1437520,449727,231421,71664,851952,2887724.9,2815018.933333333
"2022-06-10 00:00:00",1400797,416973,183807,76116,1096590,2890333,2824507.2
"2022-06-11 00:00:00",1578589,503859,155494,70756,1046387,2889868.1333333333,2808292.7666666666
"2022-06-12 00:00:00",1222982,284585,184668,37318,1035984,2870783.7,2808207.1333333333
"2022-06-13 00:00:00",1144340,406955,172679,74732,905891,2871569.6,2779199.5
"2022-06-14 00:00:00",918483,317153,238739,87975,802964,2860043.5,2782420.1666666665
"2022-06-15 00:00:00",1367507,334788,210264,96856,1136379,2864203.2666666666,2789612.033333333
"2022-06-16 00:00:00",1332224,364379,249462,78212,1428745,2876940.466666667,2791415.3333333335
"2022-06-17 00:00:00",1180351,413082,151267,94954,799479,2876305.933333333,2778002.5
"2022-06-18 00:00:00",1492852,280041,163482,48960,999960,2879869.9,2780142.3666666667
"2022-06-19 00:00:00",1112616,418922,112474,46543,687916,2821439.6333333333,2767936.1666666665
"2022-06-20 00:00:00",1161385,413321,199562,63228,914465,2828261.3666666667,2763771.8666666667
"2022-06-21 00:00:00",1283058,649888,218160,106589,1362231,2861432.433333333,2755784
"2022-06-22 00:00:00",1086491,241761,243520,87558,910649,2848497.933333333,2746763.2666666666
"2022-06-23 00:00:00",1080737,229321,196283,71109,735396,2826334.5,2770925.2
"2022-06-24 00:00:00",740236,302064,156105,83590,774520,2791734.1,2758371.3333333335
"2022-06-25 00:00:00",1669989,317866,173593,73089,900763,2784416.1666666665,2761089.7666666666
"2022-06-26 00:00:00",1056354,289463,161562,35607,835531,2788492.7666666666,2765609.7333333334
"2022-06-27 00:00:00",1219361,290166,177757,66027,1040810,2793258.8,2765055.6
"2022-06-28 00:00:00",1463385,512879,185902,86833,1111608,2826966.2,2771853.433333333
"2022-06-29 00:00:00",1371291,285550,207407,84732,674431,2817997.7333333334,2775538.1333333333
"2022-06-30 00:00:00",1520818,261044,232810,61760,1042862,2832746.533333333,2793534.2
"2022-07-01 00:00:00",1389652,365400,174569,93042,964526,2836592.3666666667,2810951.1
"2022-07-02 00:00:00",1108710,386715,134049,66640,865108,2797038.966666667,2792677.2
"2022-07-03 00:00:00",1268363,293104,148179,36421,1017123,2797619.6,2790237.4
"2022-07-04 00:00:00",1168361,324363,182887,43076,896870,2788444.8333333335,2766635.1
"2022-07-05 00:00:00",1279121,265163,224571,90167,875978,2803640.433333333,2768098.966666667
"2022-07-06 00:00:00",1098415,301866,246202,78969,902442,2815384.9,2785969.066666667
"2022-07-07 00:00:00",1942888,407379,221613,78341,1315461,2856188.7666666666,2795695.533333333
"2022-07-08 00:00:00",1350824,574417,202683,68863,1234178,2880650.6333333333,2788975.6333333333
"2022-07-09 00:00:00",1647448,246890,121756,76469,913161,2879431.2,2803428.3333333335
"2022-07-10 00:00:00",1074178,319484,127165,53608,955475,2857951.8,2798823.3666666667
"2022-07-11 00:00:00",1097759,449529,203456,52022,1120916,2843571.7666666666,2780447.1333333333
"2022-07-12 00:00:00",1328689,467916,210872,94228,1002198,2854850.7666666666,2774753.6333333333
"2022-07-13 00:00:00",1311086,382307,256641,112461,855548,2861965.8,2801317.6
"2022-07-14 00:00:00",972099,512925,216126,62745,918566,2872537.533333333,2800373.6666666665
"2022-07-15 00:00:00",973713,524716,141707,88537,1052041,2860368.3,2794931.3
"2022-07-16 00:00:00",995510,207636,141252,48525,856202,2820237.4,2804595.933333333
"2022-07-17 00:00:00",1233206,370135,188539,44334,960563,2825492,2794492.2
"2022-07-18 00:00:00",1069896,592845,161550,56890,1020436,2822702.9,2799568.966666667
"2022-07-19 00:00:00",1134925,636295,190346,82705,866964,2840461.6666666665,2790183.8
"2022-07-20 00:00:00",1172756,423649,255490,92001,1264937,2855690.566666667,2822056.5
"2022-07-21 00:00:00",1216507,348879,249201,59275,789311,2823799.1,2850241.8333333335
"2022-07-22 00:00:00",1392854,403464,221850,74195,1246297,2849421.566666667,2865198.3333333335
"2022-07-23 00:00:00",1254252,227207,187855,51006,852401,2858083.7666666666,2868364
"2022-07-24 00:00:00",1359060,287903,166796,25710,767147,2876420.3666666667,2886054.2
"2022-07-25 00:00:00",1057077,549720,197642,69546,840324,2862387.7333333334,2852718.6333333333
"2022-07-26 00:00:00",995425,341947,160369,74323,1131412,2873219.7666666666,2859269.3666666667
"2022-07-27 00:00:00",1328532,737835,236956,49527,1031072,2892879.8333333335,2842639.4
"2022-07-28 00:00:00",1137109,329593,229532,67348,980880,2872341.7,2824482.8
"2022-07-29 00:00:00",1161494,371628,185934,85288,1036746,2879597.3333333335,2819652.7333333334
"2022-07-30 00:00:00",1458950,415100,178854,51401,977571,2878349.433333333,2790385.8333333335
"2022-07-31 00:00:00",960921,365872,170483,32107,980033,2862423.1666666665,2788161.933333333
"2022-08-01 00:00:00",1164504,454557,148526,49001,751437,2862649.6333333333,2775877.4
"2022-08-02 00:00:00",1621343,181152,245644,73957,845330,2869457.6,2761314.533333333
"2022-08-03 00:00:00",1154100,397535,207047,58455,636268,2864052.7666666666,2783849.2
"2022-08-04 00:00:00",1187080,295322,189370,73778,741222,2855778.533333333,2783154.3
"2022-08-05 00:00:00",1470398,334350,184641,90127,950546,2869184,2775835.6666666665
"2022-08-06 00:00:00",1044938,248867,148066,68850,939793,2818677.7666666666,2758241.7666666666
"2022-08-07 00:00:00",1193721,314771,152284,37220,989636,2793899.7333333334,2756394.8666666667
"2022-08-08 00:00:00",1013491,319289,191096,58978,956278,2778346.966666667,2728020.6
"2022-08-09 00:00:00",1623147,201489,183121,60870,1059793,2798298.066666667,2738558.933333333
"2022-08-10 00:00:00",1190290,553166,223554,83700,1265266,2811374.8666666667,2784963.1666666665
"2022-08-11 00:00:00",1253103,629208,227524,64468,970029,2812722.3,2789778.033333333
"2022-08-12 00:00:00",1405078,387424,207054,72178,633730,2805636.2333333334,2782504.533333333
"2022-08-13 00:00:00",1451707,295103,134746,51620,971481,2813042.3666666667,2786598.1333333333
"2022-08-14 00:00:00",1112000,179351,176475,29826,829901,2797936.7333333334,2787845
"2022-08-15 00:00:00",1136277,457494,152294,37821,868453,2811377.533333333,2766574.4
"2022-08-16 00:00:00",963641,497643,181239,68618,1090542,2811541.466666667,2790128.3
"2022-08-17 00:00:00",1449737,323692,183741,54511,796150,2808415.3333333335,2779113.6
"2022-08-18 00:00:00",1110077,410162,232010,73289,946936,2803790.5,2801551.966666667
"2022-08-19 00:00:00",1205940,757567,213617,71783,899635,2801781.066666667,2787601.5
"2022-08-20 00:00:00",1285092,352878,133785,58517,932189,2805090.1666666665,2768758.1666666665
"2022-08-21 00:00:00",966111,524903,190098,22759,909130,2780900.966666667,2767577.2333333334
"2022-08-22 00:00:00",1197551,505659,183199,60435,1017476,2793954.6666666665,2736125.566666667
"2022-08-23 00:00:00",1084683,350189,242071,72040,744814,2790194.533333333,2721973.566666667
"2022-08-24 00:00:00",1221207,548371,188133,70625,704387,2790807.8,2769644.3
"2022-08-25 00:00:00",1308316,468975,204864,62247,1216699,2809395.3666666667,2777628.6333333333
"2022-08-26 00:00:00",1223945,167755,186441,66777,1255095,2793264.8,2770890.933333333
"2022-08-27 00:00:00",1232713,603429,143800,41943,891585,2798897.933333333,2779771.6333333333
"2022-08-28 00:00:00",733225,529474,153390,35499,786092,2778783.966666667,2784534.1333333333
"2022-08-29 00:00:00",897158,495658,171436,58574,1073619,2765936.2333333334,2785960.1666666665
"2022-08-30 00:00:00",1560647,189084,172807,72719,790279,2775140.3666666667,2785653
"2022-08-31 00:00:00",1373116,245199,201753,78804,595492,2772684.8333333335,2806129.3
"2022-09-01 00:00:00",1908763,527505,233686,66005,1084086,2801105.8,2817338.3
"2022-09-02 00:00:00",1159651,432561,165567,56504,874099,2808938.433333333,2802326.8666666667
"2022-09-03 00:00:00",1190056,82249,164244,70264,803004,2803039.566666667,2800071.033333333
"2022-09-04 00:00:00",1103969,423865,123587,35784,1071361,2793989.1666666665,2822126.6
"2022-09-05 00:00:00",978692,407196,201814,77319,1055810,2802999.933333333,2812601.1
"2022-09-06 00:00:00",1268694,276889,203351,106637,843345,2803376.1333333333,2810372.533333333
"2022-09-07 00:00:00",1470477,546595,209946,65602,1062988,2830592.033333333,2824305.7666666666
"2022-09-08 00:00:00",1427523,244063,244596,55389,789745,2818354.8666666667,2826258.8666666667
"2022-09-09 00:00:00",1408820,345318,188650,79400,961352,2807273.566666667,2810003.8
"2022-09-10 00:00:00",1031456,480336,116727,67709,747909,2783933.7333333334,2817028.466666667
"2022-09-11 00:00:00",1140059,492325,198045,23262,1096683,2792097.2333333334,2821085.8333333335
"2022-09-12 00:00:00",1272537,343329,170988,62352,832201,2784655.8666666667,2812842.3666666667
"2022-09-13 00:00:00",1336799,247031,147144,89863,1044944,2802596.933333333,2820677.1666666665
"2022-09-14 00:00:00",1214391,549835,220454,61664,944926,2813895.033333333,2828124.8
"2022-09-15 00:00:00",1226525,543830,200023,79548,927815,2819763.6333333333,2837659.1
"2022-09-16 00:00:00",929476,518531,184886,85382,755436,2808626.066666667,2854142.033333333
"2022-09-17 00:00:00",1104846,746397,119569,58134,827426,2811422.1,2839935.2333333334
"2022-09-18 00:00:00",791124,290031,151533,37408,744725,2773630.7333333334,2836282.6666666665
"2022-09-19 00:00:00",1264760,339033,161807,54962,1183425,2781681.9,2838455.3
"2022-09-20 00:00:00",1749683,571077,228046,96994,782883,2808871.8,2836130.466666667
"2022-09-21 00:00:00",1213410,318372,196772,73040,627606,2791034.566666667,2863122.966666667
"2022-09-22 00:00:00",1161463,309801,231099,98533,822682,2795360.5,2875042.6333333333
"2022-09-23 00:00:00",1357167,689587,153693,82876,896045,2810249.1333333333,2852498.6333333333
"2022-09-24 00:00:00",1449023,446134,170236,69905,963668,2804844.5,2877607.2333333334
"2022-09-25 00:00:00",1110724,330227,192305,53133,897053,2794292.1,2863017.7666666666
"2022-09-26 00:00:00",1805310,289444,215446,68405,1144159,2814602.466666667,2876426.1333333333
"2022-09-27 00:00:00",1413327,351653,187487,74332,1068446,2843188.3666666667,2879249.6333333333
"2022-09-28 00:00:00",1197489,432793,182342,77793,877205,2845561,2913147.6333333333
"2022-09-29 00:00:00",1419885,149122,208126,81687,893768,2844463.1333333333,2914921.3
"2022-09-30 00:00:00",1189384,280891,189142,94523,884854,2849277.7666666666,2893806.5
"2022-10-01 00:00:00",944376,370061,175770,71760,908970,2804307.2666666666,2885065.566666667
"2022-10-02 00:00:00",1125345,200360,181824,63068,675031,2789548.466666667,2896229.033333333
"2022-10-03 00:00:00",1297137,461763,177123,55756,910575,2809300,2898806.8333333335
"2022-10-04 00:00:00",1790177,380610,219657,110323,897454,2830622.3,2878275.1666666665
"2022-10-05 00:00:00",1312673,427504,205023,57302,1034619,2841165.4,2887723.6
"2022-10-06 00:00:00",878659,313432,192500,71173,651278,2821436.3666666667,2914892.1333333333
"2022-10-07 00:00:00",1182793,422890,166065,81845,1115657,2808558.066666667,2911944.8666666667
"2022-10-08 00:00:00",967908,282624,159203,64374,829311,2793294.7,2921740.2333333334
"2022-10-09 00:00:00",1260733,152312,114340,34932,906268,2776128.6666666665,2906185.8333333335
"2022-10-10 00:00:00",1270237,221712,171425,63402,1026459,2786431.8,2893729.6
"2022-10-11 00:00:00",1251768,542546,183108,80004,858957,2785299.3666666667,2885593.2666666666
"2022-10-12 00:00:00",1421829,369057,208771,90156,1317978,2809512.2,2891929.2
"2022-10-13 00:00:00",1496629,556409,214610,54593,723860,2815522.7666666666,2894157.6666666665
"2022-10-14 00:00:00",1211107,255491,202088,71669,1020925,2807856.1,2905783.533333333
"2022-10-15 00:00:00",1407968,518194,194769,82060,763071,2807466.566666667,2875130.2666666666
"2022-10-16 00:00:00",1294975,666610,154479,39414,1031590,2831245.2,2853809.5
"2022-10-17 00:00:00",1020936,339906,148524,50630,936730,2819257.3,2864077.3
"2022-10-18 00:00:00",1174839,405964,207430,86219,776959,2840477.566666667,2886099.6333333333
"2022-10-19 00:00:00",852624,197956,227137,88663,1181724,2825281.5,2885799.4
"2022-10-20 00:00:00",1461688,536389,196313,60898,981227,2818875.9,2901699.3
"2022-10-21 00:00:00",1117138,366954,169005,69679,862902,2824092,2903428.966666667
"2022-10-22 00:00:00",895187,293106,157341,77328,850741,2812429.3666666667,2882375.1333333333
"2022-10-23 00:00:00",1004202,235635,139178,37492,747777,2778592.5,2881925.6
"2022-10-24 00:00:00",710874,322316,175444,71673,1083842,2754098.6,2850109.066666667
"2022-10-25 00:00:00",1446390,625116,240874,106489,892498,2778363.1666666665,2862968.933333333
"2022-10-26 00:00:00",1687104,548684,219442,78125,993776,2778509.033333333,2838500.433333333
"2022-10-27 00:00:00",1132711,245978,237431,63052,985371,2764152,2842947.7333333334
"2022-10-28 00:00:00",1376874,310563,204795,82355,1100104,2774387.3333333335,2824267.2
"2022-10-29 00:00:00",980093,283487,187672,96857,1175026,2773405.2,2823079.533333333
"2022-10-30 00:00:00",1164857,397383,144735,29424,862916,2772088.7666666666,2813147.1666666665
"2022-10-31 00:00:00",868552,316993,161291,47245,691588,2759246.6333333333,2808336.4
"2022-11-01 00:00:00",1463664,461376,205749,69674,814479,2784890.533333333,2812394.2333333334
"2022-11-02 00:00:00",970242,381406,221172,60184,1060582,2777931.3666666667,2811391.433333333
"2022-11-03 00:00:00",1414132,300860,171458,86876,1128704,2768058.2666666666,2803080.933333333
"2022-11-04 00:00:00",929847,311389,137900,93582,1163532,2754696.033333333,2814757.1333333333
"2022-11-05 00:00:00",1497196,270077,187806,61404,893863,2781472.966666667,2795431.6
"2022-11-06 00:00:00",1098193,653409,141068,38571,676394,2769418.533333333,2792327.3666666667
"2022-11-07 00:00:00",1317838,398620,178636,71666,896794,2788089.533333333,2762926.033333333
"2022-11-08 00:00:00",1134879,458404,187808,71507,823015,2794991,2769995.8666666667
"2022-11-09 00:00:00",1080668,476602,216564,69900,1023690,2798797.6666666665,2773832.2
"2022-11-10 00:00:00",1268328,293867,175282,76336,831568,2789763.7333333334,2784117.1333333333
"2022-11-11 00:00:00",1421823,203488,202304,89734,751619,2765136.2,2782880.933333333
"2022-11-12 00:00:00",1436385,237479,125936,69433,966859,2758135.6,2802587.066666667
"2022-11-13 00:00:00",1117666,565041,163079,33605,1039922,2763403.1333333333,2794622.2333333334
"2022-11-14 00:00:00",1372394,282646,189195,45018,1126770,2765068.566666667,2818878.533333333
"2022-11-15 00:00:00",1143050,489535,206356,90103,770330,2748812.433333333,2836081.7
"2022-11-16 00:00:00",1337468,251201,187815,77835,1152856,2765827.4,2843361.3
"2022-11-17 00:00:00",1298123,228218,214418,39923,869602,2765789.933333333,2822091.466666667
"2022-11-18 00:00:00",1030201,241244,207684,112420,715300,2757748.3,2820723.1666666665
"2022-11-19 00:00:00",987890,164180,154695,84484,775586,2722091.9,2815484.4
"2022-11-20 00:00:00",1309506,309829,152157,38877,831706,2723971.2,2797555.966666667
"2022-11-21 00:00:00",1242768,383757,167117,67874,821296,2737608.1333333333,2822714.4
"2022-11-22 00:00:00",890476,579620,180985,66305,1032954,2757143.6,2812824.8
"2022-11-23 00:00:00",1243374,316656,152030,82442,1136392,2776035,2822449.033333333
"2022-11-24 00:00:00",1512741,232085,211885,80756,820339,2760916.3333333335,2826475.3
"2022-11-25 00:00:00",1265200,465850,187359,99374,1031020,2744971.6333333333,2849817.433333333
"2022-11-26 00:00:00",1116317,348913,182730,50446,904225,2742907.8666666667,2868909.966666667
"2022-11-27 00:00:00",860342,374056,142146,48512,936796,2719146.4,2850000.066666667
"2022-11-28 00:00:00",1055710,446366,157312,57976,737589,2710207.066666667,2832155
"2022-11-29 00:00:00",1162098,228838,191413,67343,1027004,2712786.933333333,2852296.1333333333
"2022-11-30 00:00:00",1107459,444337,191629,103166,819943,2732149.3666666667,2847689.7333333334
"2022-12-01 00:00:00",1516293,358287,211078,75650,1276714,2746252.2,2832643.7333333334
"2022-12-02 00:00:00",1129891,451573,199946,87230,1175676,2757943.566666667,2841167.6
"2022-12-03 00:00:00",1223528,315875,138003,74284,989674,2745921.3333333335,2848771.5
"2022-12-04 00:00:00",989625,564622,135902,33064,831948,2743217.7666666666,2838032.8333333335
"2022-12-05 00:00:00",1319559,210218,179828,49455,838101,2732778.4,2820540.8666666667
"2022-12-06 00:00:00",1247494,310017,153858,91109,1032945,2740371.7,2822528.8333333335
"2022-12-07 00:00:00",1092586,454652,177081,79448,774964,2730877.7333333334,2841111.6333333333
"2022-12-08 00:00:00",1547603,500547,204085,52186,866169,2747376.566666667,2841926.2666666666
"2022-12-09 00:00:00",1104382,413650,166618,86362,647342,2732407.566666667,2833713.8
"2022-12-10 00:00:00",674538,347030,150973,67755,803629,2712358.7333333334,2819085.6666666665
"2022-12-11 00:00:00",868252,376514,145203,51278,803294,2698210.6666666665,2810948.066666667
"2022-12-12 00:00:00",1022261,318917,160199,52354,809805,2682458.966666667,2788119.3666666667
"2022-12-13 00:00:00",1602217,311798,147842,73173,1128963,2693948.7,2792317.2666666666
"2022-12-14 00:00:00",1313429,564394,256880,75351,799336,2693727.8,2789148.6666666665
"2022-12-15 00:00:00",1112358,441731,213084,45132,669861,2686487.1333333333,2793057.9
"2022-12-16 00:00:00",1230591,329348,186001,75847,1336502,2691524.3,2802894.8333333335
"2022-12-17 00:00:00",1131458,219397,177292,55666,1069432,2691622.6,2817573.9
"2022-12-18 00:00:00",1013258,211132,145265,48507,827878,2689595.033333333,2815038.7666666666
"2022-12-19 00:00:00",1391114,320647,232867,49837,882316,2713260.2,2799998.2666666666
"2022-12-20 00:00:00",1296805,311359,184892,61581,964604,2719165.8333333335,2813993.4
"2022-12-21 00:00:00",1690654,422322,232811,73623,927612,2741306.466666667,2819483.7
"2022-12-22 00:00:00",1659542,253032,236508,69624,893873,2753381.466666667,2844948.1
"2022-12-23 00:00:00",1422774,310485,166895,65403,865903,2750067.1666666665,2836463.6
"2022-12-24 00:00:00",985011,124101,144874,46834,755850,2723362.1,2828587.433333333
"2022-12-25 00:00:00",401649,213012,129652,15573,875517,2676247.6666666665,2794476.1
"2022-12-26 00:00:00",1205216,233732,175430,44560,955297,2676634.433333333,2758463.6
"2022-12-27 00:00:00",1087608,556343,108448,48412,837879,2685862.433333333,2764828.1
"2022-12-28 00:00:00",877436,260544,180100,25506,1332011,2693216.7666666666,2776262.5
"2022-12-29 00:00:00",1475660,255186,129823,60470,817683,2695287.2666666666,2778897.6333333333
"2022-12-30 00:00:00",939732,226753,146145,50963,828980,2679488.033333333,2782101.3333333335
"2022-12-31 00:00:00",928327,119032,152940,33210,597884,2625933.1666666665,2756667.533333333
"2023-01-01 00:00:00",398524,398091,106473,32749,777157,2581554.966666667,2708508.1333333333
"2023-01-02 00:00:00",865652,236835,157118,46238,757990,2558970.2333333334,2689516.066666667
"2023-01-03 00:00:00",1203448,238372,157770,55870,708654,2552602.533333333,2685369.9
"2023-01-04 00:00:00",911324,299322,166230,50524,999500,2546927.1,2712739.966666667
"2023-01-05 00:00:00",916545,252420,140779,64917,834694,2526058.1333333333,2727661.1
"2023-01-06 00:00:00",1145439,450050,159585,68412,1069083,2536519.1666666665,2704866.2
"2023-01-07 00:00:00",1173330,253621,148947,45860,1174928,2524055.5,2694445
"2023-01-08 00:00:00",1271256,242796,108901,48989,680040,2521842.566666667,2694638.9
"2023-01-09 00:00:00",1180952,436236,179647,53734,716886,2539293.8333333335,2693462.9
"2023-01-10 00:00:00",1072919,377928,204181,77770,684157,2545041.466666667,2714921.533333333
"2023-01-11 00:00:00",1057143,293866,142144,70048,788103,2544633.9,2708994.3333333335
"2023-01-12 00:00:00",1094947,157670,140086,56133,1023770,2518253.8,2697767.1333333333
"2023-01-13 00:00:00",835804,278441,200265,63361,1321003,2507903.2666666666,2669150.6
"2023-01-14 00:00:00",1190842,223844,145031,65978,1110988,2516387,2666253.9
"2023-01-15 00:00:00",1414106,384955,138951,41761,744792,2501929.1666666665,2660638.3666666667
"2023-01-16 00:00:00",1304029,181868,159424,43270,1072842,2505535.533333333,2656628.5
"2023-01-17 00:00:00",746116,311973,150454,60066,824793,2500447.6666666665,2646926.3
"2023-01-18 00:00:00",911397,243919,169878,68980,695370,2474206.066666667,2652502.1333333333
"2023-01-19 00:00:00",1150005,481120,163937,63648,1169916,2481185.433333333,2662232.8
"2023-01-20 00:00:00",1112088,543959,170647,73684,925499,2463813.6,2644673.533333333
"2023-01-21 00:00:00",1107859,504887,126433,50616,803448,2446501.7666666666,2627726.066666667
"2023-01-22 00:00:00",1092706,682852,169366,40014,1062857,2453712.8,2621541.2
"2023-01-23 00:00:00",1326851,362442,222069,55681,1274950,2493223.533333333,2643952.566666667
"2023-01-24 00:00:00",1240132,578562,232029,74988,766347,2535113.1,2678709.433333333
"2023-01-25 00:00:00",1611970,379370,169189,81532,1160626,2561395.6,2691616.9
"2023-01-26 00:00:00",1228611,369431,195260,79028,852682,2564273.566666667,2705887.966666667
"2023-01-27 00:00:00",839815,172851,183106,92538,933578,2549150.7,2707605.3
"2023-01-28 00:00:00",1680844,339763,179535,62678,1071523,2569001.6333333333,2712028.5
"2023-01-29 00:00:00",1032643,238559,137070,38608,1082691,2580234.6333333333,2737754.4
"2023-01-30 00:00:00",1006238,347841,185186,64679,990313,2605664.1333333333,2742576.966666667
"2023-01-31 00:00:00",924047,516246,200344,56511,994431,2638284.3666666667,2782193.7
"2023-02-01 00:00:00",1327135,280139,182459,100158,1106850,2669381.966666667,2796754.5
"2023-02-02 00:00:00",1144216,373774,199166,56522,1095153,2686205.933333333,2796243.6333333333
"2023-02-03 00:00:00",1317983,87287,195603,62329,796031,2687283.066666667,2796885.933333333
"2023-02-04 00:00:00",1052530,281620,126416,64116,1050205,2699467.1333333333,2794049.8
"2023-02-05 00:00:00",1277764,407783,139569,34798,818378,2692324.5,2829936.966666667
"2023-02-06 00:00:00",1232539,579016,169124,61853,791310,2693563.533333333,2836706.933333333
"2023-02-07 00:00:00",1282657,492370,159053,90728,1090043,2718992.6666666665,2850526.066666667
"2023-02-08 00:00:00",1273229,259380,163533,61931,775575,2717865.6333333333,2862482.5
"2023-02-09 00:00:00",716837,507280,175620,67791,1018071,2720153.8,2852959.433333333
"2023-02-10 00:00:00",1165956,194677,179613,93463,860278,2724909.6666666665,2856462.5
"2023-02-11 00:00:00",1372052,344601,131039,35798,949955,2736937.3,2864854.6333333333
"2023-02-12 00:00:00",888759,538846,179254,47479,803222,2728893.1666666665,2905359.6
"2023-02-13 00:00:00",1303967,294788,175491,56428,1235052,2739861.3666666667,2893744.1333333333
"2023-02-14 00:00:00",1202595,374182,228271,96293,1202191,2752494.1333333333,2889743.933333333
"2023-02-15 00:00:00",1356019,487734,206963,70451,776466,2757034.3666666667,2878481.7666666666
"2023-02-16 00:00:00",1188662,251169,205991,57829,1145929,2782240.3666666667,2883896.8
"2023-02-17 00:00:00",1235374,199580,197743,61640,874616,2798220.9,2881011.066666667
"2023-02-18 00:00:00",1342228,449508,101140,61581,1050428,2797429.4,2839672.8333333335
"2023-02-19 00:00:00",942068,321875,167350,35735,1037282,2786710.466666667,2826556.7
"2023-02-20 00:00:00",1116814,550022,177352,45920,752610,2788359.933333333,2808327.3333333335
"2023-02-21 00:00:00",1343677,468525,159457,81249,939026,2786497.6666666665,2771365.066666667
"2023-02-22 00:00:00",1299112,526557,223048,67135,798108,2775563.8333333335,2775099.966666667
"2023-02-23 00:00:00",1476321,390206,189539,78771,1152200,2788729.8333333335,2770525.933333333
"2023-02-24 00:00:00",1298627,302080,158991,66964,1304126,2779666.1333333333,2765671.2666666666
"2023-02-25 00:00:00",1352579,471529,157674,58019,764519,2782309.3,2762895.566666667
"2023-02-26 00:00:00",930800,378212,144344,70013,727756,2783283.4,2757862.7333333334
"2023-02-27 00:00:00",1272419,360600,146858,49192,1144790,2771267.3,2749375.3333333335
"2023-02-28 00:00:00",1316277,442926,191554,77753,1014518,2788383.2333333334,2747591.2333333334
"2023-03-01 00:00:00",1124422,346226,223496,74027,835448,2788695.033333333,2781410.3333333335
"2023-03-02 00:00:00",1479850,466584,214833,91202,1311440,2817772.7333333334,2785429.7
"2023-03-03 00:00:00",1246070,298329,149553,80530,1101981,2813763.1,2781335.5
"2023-03-04 00:00:00",867200,231006,147684,58144,957811,2793529.7666666666,2782630.6666666665
"2023-03-05 00:00:00",1152329,479115,134672,46220,749949,2796965.1666666665,2774255.3333333335
"2023-03-06 00:00:00",1390092,545236,158934,60359,731776,2807349.3,2777894.8333333335
"2023-03-07 00:00:00",1004963,438838,157748,95370,900999,2804670.466666667,2770972.466666667
"2023-03-08 00:00:00",1146114,348543,199257,77361,628753,2790210,2782699.8
"2023-03-09 00:00:00",1308579,509121,189610,74994,940052,2787127.1333333333,2780621.9
"2023-03-10 00:00:00",1071322,412774,127764,68583,879655,2788009,2782729.7666666666
"2023-03-11 00:00:00",1327290,290043,155421,61028,710698,2789971.566666667,2757432.7333333334
"2023-03-12 00:00:00",922747,633757,135588,67440,683628,2788277.2,2745585.8333333335
"2023-03-13 00:00:00",1207077,231220,161217,55342,651582,2770711.033333333,2742887.433333333
"2023-03-14 00:00:00",890125,325910,154773,82495,1012049,2770970.566666667,2719811.7666666666
"2023-03-15 00:00:00",821820,358003,203555,92058,821229,2745335,2707778.7666666666
"2023-03-16 00:00:00",1308490,219243,269245,80673,865155,2733310.7,2715562.1333333333
"2023-03-17 00:00:00",1044313,132160,165905,87948,1025517,2718584.2666666666,2709821.1
"2023-03-18 00:00:00",958944,535057,132664,50609,938210,2710781.2,2708762.533333333
"2023-03-19 00:00:00",926457,592742,158640,43556,660777,2704554.8333333335,2708619.3666666667
"2023-03-20 00:00:00",1400659,413068,234919,55981,969932,2706877.8,2728495.1333333333
"2023-03-21 00:00:00",1022191,438404,145230,94181,973009,2712501.3333333335,2754519.8666666667
"2023-03-22 00:00:00",1157150,595752,212053,74009,753684,2717499.1333333333,2749030.533333333
"2023-03-23 00:00:00",1025677,524158,204991,85489,1275767,2721638.1666666665,2781652.2
"2023-03-24 00:00:00",1147547,364040,170077,83246,901661,2713391.933333333,2788903.5
"2023-03-25 00:00:00",1134191,204539,132577,51850,860996,2683295.4,2792295.6333333333
"2023-03-26 00:00:00",1380780,322288,163258,50514,852641,2671251.566666667,2792989.4
"2023-03-27 00:00:00",1633930,392654,139799,58109,1087795,2688184.1,2785140.6333333333
"2023-03-28 00:00:00",1217760,699875,187353,99475,1101372,2723341.466666667,2787724.533333333
"2023-03-29 00:00:00",1353665,449062,210092,81120,696233,2717218.6,2791218.8
"2023-03-30 00:00:00",1094931,440957,186393,84164,1196147,2715870.6,2807107.1333333333
"2023-03-31 00:00:00",982361,460087,153013,91660,796986,2711886.566666667,2791103.1
"2023-04-01 00:00:00",1483595,359421,147080,67515,797628,2688263.8666666667,2765039.933333333
"2023-04-02 00:00:00",1138836,353463,116989,54444,767496,2673422.2666666666,2778083.8666666667
"2023-04-03 00:00:00",1069905,647393,175302,72712,997189,2696778,2777335.7666666666
"2023-04-04 00:00:00",909451,269076,211296,88906,830949,2688358.1,2765867.2333333334
"2023-04-05 00:00:00",1161954,450857,207046,75542,854682,2683814.3666666667,2763244.466666667
"2023-04-06 00:00:00",1130679,390846,176672,86891,903677,2686842.533333333,2751202.7
"2023-04-07 00:00:00",1134441,278240,162036,78002,971463,2694314,2739663.3333333335
"2023-04-08 00:00:00",1350840,313561,166792,57287,793499,2682967.9,2752276.7666666666
"2023-04-09 00:00:00",909582,515329,142573,35854,1004389,2684555.2333333334,2750742.8
"2023-04-10 00:00:00",1311781,486772,153079,53765,573643,2685707.1,2766782.8
"2023-04-11 00:00:00",1087939,551524,171495,34192,1092407,2702187.2,2776399.1333333333
"2023-04-12 00:00:00",1006224,272414,186964,66991,680186,2699064.8333333335,2785527.066666667
"2023-04-13 00:00:00",889520,374460,251297,74523,1011474,2703595.9,2780702.3
"2023-04-14 00:00:00",1188028,591615,191809,86178,849685,2723951.433333333,2779715.2333333334
"2023-04-15 00:00:00",1168868,355233,129980,46012,748179,2714133.3,2771889.5
"2023-04-16 00:00:00",994415,215698,126357,45065,721136,2702360.433333333,2782009.6666666665
"2023-04-17 00:00:00",1184527,384082,213222,63445,956011,2708554.066666667,2795843.7333333334
"2023-04-18 00:00:00",1438355,424086,195769,73938,1075742,2736078.433333333,2793036.6666666665
"2023-04-19 00:00:00",1290272,586590,149579,72479,911175,2733929.466666667,2777173.566666667
"2023-04-20 00:00:00",1334298,435639,217468,67304,990343,2746331,2777751.3666666667
"2023-04-21 00:00:00",1492483,234374,184039,74333,1068584,2755036.8333333335,2807155.7666666666
"2023-04-22 00:00:00",1215560,490048,163483,74300,1013464,2749728.6333333333,2819639.1333333333
"2023-04-23 00:00:00",1198419,482071,189864,60217,998446,2758476.1666666665,2797092.966666667
"2023-04-24 00:00:00",1754863,369723,193314,56304,902097,2788214.433333333,2771904.566666667
"2023-04-25 00:00:00",1052039,620151,178622,66030,865327,2788637.3,2787154.033333333
"2023-04-26 00:00:00",1377047,329034,172113,72474,1031000,2777616.5,2784240
"2023-04-27 00:00:00",1385500,410228,190587,63135,1081016,2771770.8,2810847
"2023-04-28 00:00:00",1401746,259414,190234,99939,1117075,2781045.1,2815900.933333333
"2023-04-29 00:00:00",1169445,239274,141553,72072,1031113,2769407.1,2797167.3333333335
"2023-04-30 00:00:00",957946,262234,171159,57481,913602,2765351.1666666665,2788012.566666667
"2023-05-01 00:00:00",752910,514860,134018,49417,931343,2749594.6,2803197.566666667
"2023-05-02 00:00:00",937589,407286,146742,69971,978893,2753236.533333333,2806044
"2023-05-03 00:00:00",1078115,311029,207119,76260,715190,2734076.7,2798311.2666666666
"2023-05-04 00:00:00",1521499,310420,215945,85483,987446,2761113.566666667,2815631.466666667
"2023-05-05 00:00:00",1282816,263585,196281,69083,987379,2762748.533333333,2807552.6666666665
"2023-05-06 00:00:00",883894,325936,125291,56535,999244,2752819.966666667,2794520.7666666666
"2023-05-07 00:00:00",1413667,268116,156857,51136,1070009,2764006.533333333,2805820.3
"2023-05-08 00:00:00",1154807,453937,177482,59818,923695,2766932.4,2790410.1666666665
"2023-05-09 00:00:00",1185813,402430,179703,95442,723635,2766242.6333333333,2792529.1333333333
"2023-05-10 00:00:00",1600551,390438,194611,88514,655195,2777918.7666666666,2807622.1666666665
"2023-05-11 00:00:00",1318296,444985,219127,62545,612276,2768574.966666667,2816615.5
"2023-05-12 00:00:00",1293976,446908,176407,84830,1209276,2801862.6666666665,2833004.066666667
"2023-05-13 00:00:00",1470208,311101,138333,58163,1005314,2814590.933333333,2857826.7333333334
"2023-05-14 00:00:00",1086769,541895,164184,30541,859488,2807109.1333333333,2866211.033333333
"2023-05-15 00:00:00",991248,570179,157478,75974,991615,2818383.3666666667,2855976.7
"2023-05-16 00:00:00",1382490,542492,161106,85633,852980,2849118.3,2862154.9
"2023-05-17 00:00:00",1139242,406461,180508,66434,922691,2846253.1,2865296.9
"2023-05-18 00:00:00",1645226,377552,204119,45587,726819,2839300.033333333,2869915
"2023-05-19 00:00:00",939489,332257,143392,55631,956947,2819887.2,2894456.8333333335
"2023-05-20 00:00:00",1000122,254467,126421,52301,862760,2794920.566666667,2931111.433333333
"2023-05-21 00:00:00",1057187,367026,141372,45188,862287,2775561.5,2914585.7333333334
"2023-05-22 00:00:00",1286439,380407,250151,83171,1236605,2784892.6666666665,2898040.933333333
"2023-05-23 00:00:00",1044920,202814,223735,76783,907678,2769123.4,2905358.1666666665
"2023-05-24 00:00:00",1147042,289919,215326,90554,825339,2745519.7,2932356.8333333335
"2023-05-25 00:00:00",1090968,446153,227298,86612,1104295,2751291.933333333,2929850.6333333333
"2023-05-26 00:00:00",1332961,448752,176914,68229,949880,2751127.566666667,2952200
"2023-05-27 00:00:00",1043992,468732,157798,79876,1129316,2742769.466666667,2911970.4
"2023-05-28 00:00:00",992722,294909,140665,43058,1020849,2723562.3666666667,2895052.8666666667
"2023-05-29 00:00:00",1021354,323519,157791,60913,719381,2711212.5,2873620.7333333334
"2023-05-30 00:00:00",1065902,310839,165301,74935,1065626,2721885.433333333,2889110.3666666667
"2023-05-31 00:00:00",1295214,446868,215772,84583,781144,2736587.033333333,2897911.8333333335
"2023-06-01 00:00:00",1603051,453688,227544,84956,898659,2760834.8333333335,2895357.3
"2023-06-02 00:00:00",1354120,486294,176719,83138,874906,2780417.1333333333,2938388.4
"2023-06-03 00:00:00",913155,331617,170922,59709,943262,2757012.7,2922480.1333333333
"2023-06-04 00:00:00",1013694,428400,149766,38073,885464,2747554.3666666667,2926960.7333333334
"2023-06-05 00:00:00",1144446,427993,151031,60470,932583,2758408.2,2920622.2
"2023-06-06 00:00:00",979446,412913,162561,73222,728552,2738305.466666667,2896253.7
"2023-06-07 00:00:00",1447406,345222,241296,86109,1116712,2753871.8666666667,2895237.566666667
"2023-06-08 00:00:00",1651472,232126,224105,60258,799713,2766560.4,2889564.6666666665
"2023-06-09 00:00:00",936845,499716,173951,67509,835410,2752697.7,2887724.9
"2023-06-10 00:00:00",1357728,292601,142734,45581,711901,2749140.8,2890333
"2023-06-11 00:00:00",1349104,232358,152824,57949,718169,2725774.1333333333,2889868.1333333333
"2023-06-12 00:00:00",1308935,261103,176254,56225,853521,2714871.3333333335,2870783.7
"2023-06-13 00:00:00",1022057,363622,239397,75237,866961,2711018.2333333334,2871569.6
"2023-06-14 00:00:00",1281255,528259,207673,87624,1254383,2730108.466666667,2860043.5
"2023-06-15 00:00:00",1031168,523818,212553,68687,1039518,2725143.7666666666,2864203.2666666666
"2023-06-16 00:00:00",1193790,284772,157655,88473,1168722,2731079.3666666667,2876940.466666667
"2023-06-17 00:00:00",1242457,275983,153369,61256,898127,2718808.933333333,2876305.933333333
"2023-06-18 00:00:00",1000540,251802,128022,41710,624637,2706108.3666666667,2879869.9
"2023-06-19 00:00:00",1094460,592789,179639,65265,1045881,2728840.933333333,2821439.6333333333
"2023-06-20 00:00:00",1355381,378499,183353,80716,968550,2745289.2333333334,2828261.3666666667
"2023-06-21 00:00:00",1244797,727500,181292,79665,856793,2740398.1666666665,2861432.433333333
"2023-06-22 00:00:00",973870,421961,193503,68158,688300,2736726.8333333335,2848497.933333333
"2023-06-23 00:00:00",1617130,272866,223891,88759,922928,2755306.5,2826334.5
"2023-06-24 00:00:00",1310787,292808,138817,60240,822508,2744300.9,2791734.1
"2023-06-25 00:00:00",1198657,313593,160766,55829,1008053,2736306.3,2784416.1666666665
"2023-06-26 00:00:00",1166860,389962,180391,54648,804944,2726875.7,2788492.7666666666
"2023-06-27 00:00:00",1513334,506056,178411,92777,1156708,2758712.566666667,2793258.8
"2023-06-28 00:00:00",1031570,373943,240289,80544,917161,2770730.9,2826966.2
"2023-06-29 00:00:00",1152515,402655,182773,71197,947997,2773215.6333333333,2817997.7333333334
"2023-06-30 00:00:00",1552580,224833,194827,85419,731775,2772077.466666667,2832746.533333333
"2023-07-01 00:00:00",1158358,315236,105564,73433,855886,2746762.7333333334,2836592.3666666667
"2023-07-02 00:00:00",1030293,412344,142216,34977,750668,2726606.5,2797038.966666667
"2023-07-03 00:00:00",998299,303136,122416,59293,972035,2727823.8,2797619.6
"2023-07-04 00:00:00",1139190,217780,131567,74150,745556,2720918.7333333334,2788444.8333333335
"2023-07-05 00:00:00",1221179,272414,232182,79761,986673,2723441.6333333333,2803640.433333333
"2023-07-06 00:00:00",1308915,521946,196090,77235,1206433,2755239.4,2815384.9
"2023-07-07 00:00:00",1283130,280641,159816,87997,732012,2732134.7666666666,2856188.7666666666
"2023-07-08 00:00:00",1614646,506320,134394,56854,538533,2728236.6,2880650.6333333333
"2023-07-09 00:00:00",886846,266447,163683,41420,929666,2720724.2666666666,2879431.2
"2023-07-10 00:00:00",1033995,549754,192974,57246,1027817,2731099.2,2857951.8
"2023-07-11 00:00:00",1193883,547346,178441,98681,1004027,2748165.2,2843571.7666666666
"2023-07-12 00:00:00",1119364,320789,182005,86748,1043955,2751392.933333333,2854850.7666666666
"2023-07-13 00:00:00",1620688,303095,199579,59187,926429,2769449.8666666667,2861965.8
"2023-07-14 00:00:00",1113594,494967,187338,89868,948001,2751935.3333333335,2872537.533333333
"2023-07-15 00:00:00",1026682,361434,121447,67580,679928,2731311.8,2860368.3
"2023-07-16 00:00:00",879337,387205,139608,31251,632169,2703850.466666667,2820237.4
"2023-07-17 00:00:00",1128149,544271,162418,63862,601506,2699484.566666667,2825492
"2023-07-18 00:00:00",1052802,652698,163332,72193,955824,2727822.9,2822702.9
"2023-07-19 00:00:00",1406528,319165,190164,65548,1086194,2730808.433333333,2840461.6666666665
"2023-07-20 00:00:00",1310139,468808,197226,53284,1009351,2733218.933333333,2855690.566666667
"2023-07-21 00:00:00",1223684,349335,128921,90072,714159,2713756.1333333333,2823799.1
"2023-07-22 00:00:00",1114606,452678,145523,47499,1045988,2729106.1666666665,2849421.566666667
"2023-07-23 00:00:00",960431,155817,147199,42477,890129,2698121.566666667,2858083.7666666666
"2023-07-24 00:00:00",1432707,695454,172783,55543,804662,2715988.1333333333,2876420.3666666667
"2023-07-25 00:00:00",789291,235418,176152,82267,924079,2698331.566666667,2862387.7333333334
"2023-07-26 00:00:00",1187285,583380,249470,65151,1140868,2719309.933333333,2873219.7666666666
"2023-07-27 00:00:00",1178205,219924,174404,50703,760898,2683871.066666667,2892879.8333333335
"2023-07-28 00:00:00",1579743,525471,163959,63990,693213,2696633.5,2872341.7
"2023-07-29 00:00:00",1552281,317563,105041,67558,889103,2702446.533333333,2879597.3333333335
"2023-07-30 00:00:00",938783,314709,135654,34875,703530,2680383.3333333335,2878349.433333333
"2023-07-31 00:00:00",1019320,410552,179896,68180,779182,2678672.2333333334,2862423.1666666665
"2023-08-01 00:00:00",1021389,261806,182878,64488,729606,2674994.966666667,2862649.6333333333
"2023-08-02 00:00:00",1166750,603884,215221,64961,1047613,2696437.1333333333,2869457.6
"2023-08-03 00:00:00",1666504,229712,153903,58305,957701,2721700.2666666666,2864052.7666666666
"2023-08-04 00:00:00",1351177,309389,128624,83696,1023906,2725186.4,2855778.533333333
"2023-08-05 00:00:00",1231779,458360,171335,54432,831398,2706408.966666667,2869184
"2023-08-06 00:00:00",1080462,267689,125582,32890,521875,2689238.2333333334,2818677.7666666666
"2023-08-07 00:00:00",1461029,265539,183476,48256,837669,2687412.9,2793899.7333333334
"2023-08-08 00:00:00",1179483,552890,179362,60524,880194,2706225.933333333,2778346.966666667
"2023-08-09 00:00:00",1316284,403109,176914,46787,857454,2704184.8333333335,2798298.066666667
"2023-08-10 00:00:00",1470487,213564,189452,47396,1058722,2702759.7333333334,2811374.8666666667
"2023-08-11 00:00:00",1306485,356677,162070,82195,1022167,2708650.7,2812722.3
"2023-08-12 00:00:00",958384,281528,99256,59687,880390,2680992.433333333,2805636.2333333334
"2023-08-13 00:00:00",1246506,286669,158559,24868,826639,2671307.966666667,2813042.3666666667
"2023-08-14 00:00:00",885040,629961,156189,63660,834418,2681714.8,2797936.7333333334
"2023-08-15 00:00:00",1088802,493560,143110,42345,958176,2703595.2666666666,2811377.533333333
"2023-08-16 00:00:00",895641,331031,254780,39990,911550,2701354.7,2811541.466666667
"2023-08-17 00:00:00",1270479,439428,177643,67349,1185914,2709487.2333333334,2808415.3333333335
"2023-08-18 00:00:00",1529266,298747,195021,79004,827828,2704895.566666667,2803790.5
"2023-08-19 00:00:00",1176841,302626,130372,53267,856865,2687600.2666666666,2801781.066666667
"2023-08-20 00:00:00",846815,270961,125483,49659,895272,2677000.5,2805090.1666666665
"2023-08-21 00:00:00",1156267,681116,167578,33112,929584,2682379.7,2780900.966666667
"2023-08-22 00:00:00",1162701,431222,192525,63463,1086058,2707044.3333333335,2793954.6666666665
"2023-08-23 00:00:00",934183,217524,191078,73722,866396,2677769.3,2790194.533333333
"2023-08-24 00:00:00",1226817,438144,191872,62962,781955,2694254.6,2790807.8
"2023-08-25 00:00:00",1279214,433417,153868,77050,868889,2680463.966666667,2809395.3666666667
"2023-08-26 00:00:00",1101210,392638,185269,63778,918375,2689701.933333333,2793264.8
"2023-08-27 00:00:00",972062,280114,172034,45579,833065,2665584.1333333333,2798897.933333333
"2023-08-28 00:00:00",1046676,504100,141146,52682,902738,2656110.6333333333,2778783.966666667
"2023-08-29 00:00:00",1104292,556547,163151,78761,983317,2681394.7333333334,2765936.2333333334
"2023-08-30 00:00:00",1155738,311844,196785,71050,994750,2690495.7,2775140.3666666667
"2023-08-31 00:00:00",1042153,211894,180072,67942,826666,2692780.6666666665,2772684.8333333335
"2023-09-01 00:00:00",1467355,269069,130269,100497,971047,2687440.3666666667,2801105.8
"2023-09-02 00:00:00",1174474,301969,207018,53589,1041242,2677845.8,2808938.433333333
"2023-09-03 00:00:00",746651,458229,140307,33064,817103,2654463.966666667,2803039.566666667
"2023-09-04 00:00:00",1268208,513480,184572,43739,924050,2660688.8333333335,2793989.1666666665
"2023-09-05 00:00:00",906617,459404,230497,79964,900130,2678959.7333333334,2802999.933333333
"2023-09-06 00:00:00",1312166,386446,171300,62960,921323,2680900.466666667,2803376.1333333333
"2023-09-07 00:00:00",1376480,290589,161005,78067,840639,2677377.6333333333,2830592.033333333
"2023-09-08 00:00:00",1482780,324404,155317,91738,847616,2680754.3666666667,2818354.8666666667
"2023-09-09 00:00:00",831341,161225,170596,53847,852643,2650421.8,2807273.566666667
"2023-09-10 00:00:00",1032220,474205,128769,48001,828473,2636490.433333333,2783933.7333333334
"2023-09-11 00:00:00",983439,421332,245749,50140,960235,2649212.466666667,2792097.2333333334
"2023-09-12 00:00:00",1152563,279885,180561,73370,987023,2653551.533333333,2784655.8666666667
"2023-09-13 00:00:00",1095827,165255,240755,74630,987757,2653383.433333333,2802596.933333333
"2023-09-14 00:00:00",1474932,270114,158871,58526,1010889,2661628.7666666666,2813895.033333333
"2023-09-15 00:00:00",1192861,432323,239700,77496,937002,2676508.433333333,2819763.6333333333
"2023-09-16 00:00:00",1265839,399812,133605,58484,704743,2657230.3333333335,2808626.066666667
"2023-09-17 00:00:00",1091911,391407,140567,32223,815784,2641964.433333333,2811422.1
"2023-09-18 00:00:00",1115899,553996,182783,46662,1073360,2657056.066666667,2773630.7333333334
"2023-09-19 00:00:00",1268502,264419,165976,59739,1336906,2687301.8,2781681.9
"2023-09-20 00:00:00",1121762,372430,239854,83788,956695,2680864.066666667,2808871.8
"2023-09-21 00:00:00",1250001,378992,215087,74246,1032762,2681368.066666667,2791034.566666667
"2023-09-22 00:00:00",1642016,364237,138830,67520,911073,2709393.6,2795360.5
"2023-09-23 00:00:00",963349,212470,179902,66168,1356273,2711940.533333333,2810249.1333333333
"2023-09-24 00:00:00",1126518,350400,131172,39699,851040,2701486.466666667,2804844.5
"2023-09-25 00:00:00",1227108,272678,150691,61808,1133402,2707633.6333333333,2794292.1
"2023-09-26 00:00:00",1234456,528652,178496,76694,888659,2727770.7333333334,2814602.466666667
"2023-09-27 00:00:00",1464364,589705,218144,77738,879370,2747170.8333333335,2843188.3666666667
"2023-09-28 00:00:00",1601170,854605,189650,74508,896233,2771507.7666666666,2845561
"2023-09-29 00:00:00",1342029,399554,215340,83578,688455,2771467.6333333333,2844463.1333333333
"2023-09-30 00:00:00",1628445,353645,151589,55305,955090,2798645.8,2849277.7666666666
"2023-10-01 00:00:00",1286190,512717,138678,27793,745536,2791068.1,2804307.2666666666
"2023-10-02 00:00:00",971764,378611,159884,64214,1017137,2784845,2789548.466666667
"2023-10-03 00:00:00",988551,364955,195033,80732,1003679,2799432.066666667,2809300
"2023-10-04 00:00:00",1305864,380355,194210,64739,1002807,2799896.2,2830622.3
"2023-10-05 00:00:00",1168551,389585,204848,65038,915472,2805458.933333333,2841165.4
"2023-10-06 00:00:00",1358688,508455,153928,67824,959927,2811946.6,2821436.3666666667
"2023-10-07 00:00:00",1408481,315530,125653,54869,966594,2816091.2666666666,2808558.066666667
"2023-10-08 00:00:00",1167101,80853,114790,27772,939271,2797021.7666666666,2793294.7
"2023-10-09 00:00:00",1464789,574701,216675,62163,1187670,2844899.966666667,2776128.6666666665
"2023-10-10 00:00:00",778148,357687,180160,71021,1126257,2844953.933333333,2786431.8
"2023-10-11 00:00:00",1114028,476070,219146,77603,1054034,2854286.9,2785299.3666666667
"2023-10-12 00:00:00",1293443,250416,138883,76210,1260108,2865808.566666667,2809512.2
"2023-10-13 00:00:00",1495510,337897,192440,65955,691808,2873121.8333333335,2815522.7666666666
"2023-10-14 00:00:00",938153,201757,165426,41987,955537,2850772.3666666667,2807856.1
"2023-10-15 00:00:00",1115575,248350,106898,51556,758456,2830820.466666667,2807466.566666667
"2023-10-16 00:00:00",1363055,542091,180197,49217,793260,2842998.6666666665,2831245.2
"2023-10-17 00:00:00",853940,439453,159228,69484,756454,2836554.7,2819257.3
"2023-10-18 00:00:00",1249610,382379,192720,86403,839787,2829161,2840477.566666667
"2023-10-19 00:00:00",1167436,253477,169565,65085,797291,2807738.2,2825281.5
"2023-10-20 00:00:00",1181011,395512,150984,56988,1000527,2808087.533333333,2818875.9
"2023-10-21 00:00:00",1432627,507947,100222,63357,851359,2808234.433333333,2824092
"2023-10-22 00:00:00",966045,476897,140739,46506,849789,2786777.8666666667,2812429.3666666667
"2023-10-23 00:00:00",1002069,589695,167996,50905,927715,2785451.566666667,2778592.5
"2023-10-24 00:00:00",1611087,542275,169062,56591,1020033,2815459.066666667,2754098.6
"2023-10-25 00:00:00",1081578,586054,238576,88077,813387,2814192.2666666666,2778363.1666666665
"2023-10-26 00:00:00",1435235,424686,187301,95437,927285,2819625.3,2778509.033333333
"2023-10-27 00:00:00",1398993,444611,131182,87461,831254,2808430.6333333333,2764152
"2023-10-28 00:00:00",1273645,407878,146282,44073,967109,2782524.2,2774387.3333333335
"2023-10-29 00:00:00",873394,558248,181729,26189,757495,2771460.6,2773405.2
"2023-10-30 00:00:00",1220074,153148,162955,69179,977954,2752768.5,2772088.7666666666
"2023-10-31 00:00:00",1149741,240078,156614,94465,723333,2741212.8666666667,2759246.6333333333
"2023-11-01 00:00:00",1135468,342470,174238,86966,1046062,2747666.1,2784890.533333333
"2023-11-02 00:00:00",755480,433330,159194,38317,565996,2724978.1,2777931.3666666667
"2023-11-03 00:00:00",1309620,313687,109892,80916,967342,2719427.3333333335,2768058.2666666666
"2023-11-04 00:00:00",1172665,189390,130524,54719,651016,2701254.3333333335,2754696.033333333
"2023-11-05 00:00:00",959264,396930,124150,46697,924992,2681360.8333333335,2781472.966666667
"2023-11-06 00:00:00",1396182,359948,201376,39652,1048091,2687165.2,2769418.533333333
"2023-11-07 00:00:00",1136863,295868,175168,60572,1001213,2698495.6666666665,2788089.533333333
"2023-11-08 00:00:00",941992,274187,241704,72567,1004636,2666132.1,2794991
"2023-11-09 00:00:00",1370402,440395,198383,62879,906775,2681650.6666666665,2798797.6666666665
"2023-11-10 00:00:00",1378948,396414,186298,73714,741107,2676170.6,2789763.7333333334
"2023-11-11 00:00:00",1349126,255331,143088,52310,744051,2660332.1,2765136.2
"2023-11-12 00:00:00",1248344,748866,131691,40409,861324,2668565.3666666667,2758135.6
"2023-11-13 00:00:00",984527,405169,141738,65543,986902,2677932.9,2763403.1333333333
"2023-11-14 00:00:00",1065318,348146,127886,75703,789622,2682127.8,2765068.566666667
"2023-11-15 00:00:00",1142211,501140,166822,67559,800378,2673803.966666667,2748812.433333333
"2023-11-16 00:00:00",1299796,233355,195841,81829,711194,2681919.1333333333,2765827.4
"2023-11-17 00:00:00",2002840,426352,185929,66642,760525,2704966,2765789.933333333
"2023-11-18 00:00:00",1442050,197898,147952,67505,925777,2715909.6666666665,2757748.3
"2023-11-19 00:00:00",1017922,268654,120888,45806,736389,2696064,2722091.9
"2023-11-20 00:00:00",1246637,404607,172610,57998,959657,2692264.2,2723971.2
"2023-11-21 00:00:00",1401376,501880,208733,74002,1146785,2720690.933333333,2737608.1333333333
"2023-11-22 00:00:00",956750,398317,193014,67361,1328263,2727535.2333333334,2757143.6
"2023-11-23 00:00:00",842273,286571,191085,64583,889731,2690041.7333333334,2776035
"2023-11-24 00:00:00",1001221,379077,202173,60329,1180441,2690560.7333333334,2760916.3333333335
"2023-11-25 00:00:00",1280764,297132,162524,60090,743980,2673045.3,2744971.6333333333
"2023-11-26 00:00:00",1312299,338896,153928,31235,723379,2661919.533333333,2742907.8666666667
"2023-11-27 00:00:00",1297333,204758,165001,65921,904146,2655192,2719146.4
"2023-11-28 00:00:00",1265194,226853,130377,73162,847432,2660057.433333333,2710207.066666667
"2023-11-29 00:00:00",1406951,533530,163453,80748,787878,2673032.3333333335,2712786.933333333
"2023-11-30 00:00:00",1234847,348239,170352,97188,1135192,2693752.2,2732149.3666666667
"2023-12-01 00:00:00",1476504,441038,225711,75274,1118618,2712150.8333333335,2746252.2
"2023-12-02 00:00:00",1520085,367291,154781,44812,887396,2746219.2,2757943.566666667
"2023-12-03 00:00:00",819236,477775,133918,38711,816919,2729722.3666666667,2745921.3333333335
"2023-12-04 00:00:00",1106299,367984,150836,65597,769305,2738446.3333333335,2743217.7666666666
"2023-12-05 00:00:00",1007366,402179,197127,71166,755383,2737819.566666667,2732778.4
"2023-12-06 00:00:00",1148345,411659,201921,65070,1011563,2730930,2740371.7
"2023-12-07 00:00:00",737422,205903,196171,69674,670855,2704608.1333333333,2730877.7333333334
"2023-12-08 00:00:00",1528736,324721,171219,72522,1050475,2725027.533333333,2747376.566666667
"2023-12-09 00:00:00",1563410,472548,127276,62370,959945,2731917.6333333333,2732407.566666667
"2023-12-10 00:00:00",1105777,500750,125133,45790,1037328,2733193.533333333,2712358.7333333334
"2023-12-11 00:00:00",1400030,525614,152230,62003,913445,2750174.4,2698210.6666666665
"2023-12-12 00:00:00",983580,459639,187628,90161,791394,2732900.8333333335,2682458.966666667
"2023-12-13 00:00:00",1196174,520146,226426,61695,1010606,2747272.9,2693948.7
"2023-12-14 00:00:00",1349864,562741,222590,81183,1111670,2777985.6333333333,2693727.8
"2023-12-15 00:00:00",1166896,304687,184013,87317,1031060,2781181.2666666666,2686487.1333333333
"2023-12-16 00:00:00",1564469,468818,171188,37623,676943,2794415.566666667,2691524.3
"2023-12-17 00:00:00",1269746,509444,180368,39699,863889,2775110,2691622.6
"2023-12-18 00:00:00",1152014,700923,132097,49402,770072,2775887.8,2689595.033333333
"2023-12-19 00:00:00",1557679,281856,231875,78229,981362,2807266.2666666666,2713260.2
"2023-12-20 00:00:00",1336342,500726,240329,76430,962988,2816443.1666666665,2719165.8333333335
"2023-12-21 00:00:00",1358012,524126,167310,51987,695333,2798576.066666667,2741306.466666667
"2023-12-22 00:00:00",783709,271462,128329,43435,680581,2764036.2,2753381.466666667
"2023-12-23 00:00:00",1226945,211501,120408,54046,913265,2772433.566666667,2750067.1666666665
"2023-12-24 00:00:00",671690,297324,115395,19089,817257,2742349.466666667,2723362.1
"2023-12-25 00:00:00",517494,308435,78240,23658,1041562,2723178.8666666667,2676247.6666666665
"2023-12-26 00:00:00",1113301,365382,137119,24891,751494,2717593.933333333,2676634.433333333
"2023-12-27 00:00:00",1021937,348343,188282,27754,874614,2711719.533333333,2685862.433333333
"2023-12-28 00:00:00",1055943,273129,174902,48631,964181,2710844.8666666667,2693216.7666666666
"2023-12-29 00:00:00",1343199,295641,185914,45331,1015349,2707940.8333333335,2695287.2666666666
"2023-12-30 00:00:00",1311091,394677,161575,73618,814489,2700261.1666666665,2679488.033333333
"2023-12-31 00:00:00",399075,21129,138389,29924,640797,2629999.033333333,2625933.1666666665
"2024-01-01 00:00:00",800050,194401,121925,16182,670451,2590953.1333333333,2581554.966666667
"2024-01-02 00:00:00",1014463,231242,132711,45928,880937,2591577.466666667,2558970.2333333334
"2024-01-03 00:00:00",873025,355935,124913,28836,980375,2588345.6333333333,2552602.533333333
"2024-01-04 00:00:00",1037564,292966,135719,42969,813107,2584648.8333333335,2546927.1
"2024-01-05 00:00:00",1206646,390616,146993,37824,845468,2577615.1666666665,2526058.1333333333
"2024-01-06 00:00:00",940983,294157,154637,49329,728856,2587212.6666666665,2536519.1666666665
"2024-01-07 00:00:00",709216,386491,122309,33940,722932,2548119.3333333335,2524055.5
"2024-01-08 00:00:00",1266472,483381,149166,52102,981315,2539682.566666667,2521842.566666667
"2024-01-09 00:00:00",1090932,270092,149228,63814,848723,2526616.6333333333,2539293.8333333335
"2024-01-10 00:00:00",1381379,306282,204336,66849,1012743,2523892.2,2545041.466666667
"2024-01-11 00:00:00",1308715,150933,176763,63039,1060436,2532141.2,2544633.9
"2024-01-12 00:00:00",1464665,540177,210326,59158,821299,2534827.4,2518253.8
"2024-01-13 00:00:00",1226866,259855,156646,65653,1089708,2517182.933333333,2507903.2666666666
"2024-01-14 00:00:00",1130923,402650,149438,37216,827862,2509653.033333333,2516387
"2024-01-15 00:00:00",960048,328785,158361,39065,1075959,2497758.8666666667,2501929.1666666665
"2024-01-16 00:00:00",1155748,282245,198779,72240,792672,2485710.3,2505535.533333333
"2024-01-17 00:00:00",913338,347551,183746,71804,665854,2464969.7666666666,2500447.6666666665
"2024-01-18 00:00:00",1204992,415343,207350,84189,909876,2454661.6333333333,2474206.066666667
"2024-01-19 00:00:00",824726,395930,201665,72806,1191746,2440330.3,2481185.433333333
"2024-01-20 00:00:00",1312649,507857,154047,57994,830848,2442551.2333333334,2463813.6
"2024-01-21 00:00:00",1353345,477534,141957,41855,695349,2469301.9,2446501.7666666666
"2024-01-22 00:00:00",973105,200781,142805,41343,1025776,2464556.566666667,2453712.8
"2024-01-23 00:00:00",731683,809827,172373,69676,1191609,2499704.5,2493223.533333333
"2024-01-24 00:00:00",873702,309370,195592,59235,819151,2509293.7,2535113.1
"2024-01-25 00:00:00",1266382,400273,198503,77129,1139535,2532281.966666667,2561395.6
"2024-01-26 00:00:00",1034801,229404,194548,54364,959586,2532674.4,2564273.566666667
"2024-01-27 00:00:00",1304003,315675,163995,88013,1235561,2552356.933333333,2549150.7
"2024-01-28 00:00:00",1581567,473371,141818,37904,988450,2563612.533333333,2569001.6333333333
"2024-01-29 00:00:00",1190023,345471,171049,53213,797521,2557007.033333333,2580234.6333333333
"2024-01-30 00:00:00",1632988,232174,168519,89497,741873,2611532.566666667,2605664.1333333333
"2024-01-31 00:00:00",1233379,333158,148743,64691,1050072,2645768,2638284.3666666667
"2024-02-01 00:00:00",1729013,373599,213188,65446,1194093,2688103.9,2669381.966666667
"2024-02-02 00:00:00",1036051,414326,198415,75179,955648,2698655.966666667,2686205.933333333
"2024-02-03 00:00:00",1388084,274731,153474,69506,755823,2709298.9,2687283.066666667
"2024-02-04 00:00:00",1266545,435148,158606,49506,942733,2716798.4,2699467.1333333333
"2024-02-05 00:00:00",1231250,259813,151889,46509,1013722,2734639.2666666666,2692324.5
"2024-02-06 00:00:00",918246,309580,168286,80325,666685,2740247.8666666667,2693563.533333333
"2024-02-07 00:00:00",1307911,363844,185021,96102,893616,2737383.2333333334,2718992.6666666665
"2024-02-08 00:00:00",1485842,299984,223585,56341,886371,2755028.066666667,2717865.6333333333
"2024-02-09 00:00:00",1198722,283415,197347,81705,729865,2739009.933333333,2720153.8
"2024-02-10 00:00:00",1326679,273501,139205,79273,735018,2732136.1333333333,2724909.6666666665
"2024-02-11 00:00:00",970439,498526,142649,44082,1033808,2718598.2,2736937.3
"2024-02-12 00:00:00",1420090,379108,131230,55774,790848,2717875.5,2728893.1666666665
"2024-02-13 00:00:00",1031127,487540,169585,71361,810772,2718619.033333333,2739861.3666666667
"2024-02-14 00:00:00",1570687,442359,231834,78068,753784,2735769.7,2752494.1333333333
"2024-02-15 00:00:00",1377627,257687,261455,66264,1083908,2753945.1333333333,2757034.3666666667
"2024-02-16 00:00:00",1381898,219667,169623,84818,944625,2774556.2333333334,2782240.3666666667
"2024-02-17 00:00:00",1110950,281243,169206,46690,1102743,2770858.7666666666,2798220.9
"2024-02-18 00:00:00",1142600,414063,144139,58052,929979,2770923.533333333,2797429.4
"2024-02-19 00:00:00",1128649,357451,189201,47292,884250,2762371.8,2786710.466666667
"2024-02-20 00:00:00",1264097,410582,156085,75561,922815,2766342.1666666665,2788359.933333333
"2024-02-21 00:00:00",1403752,580489,205524,79248,839977,2790515.4,2786497.6666666665
"2024-02-22 00:00:00",1552869,465477,212397,77731,960360,2800304.8666666667,2775563.8333333335
"2024-02-23 00:00:00",1347281,539547,202578,53888,694771,2819672,2788729.8333333335
"2024-02-24 00:00:00",1076295,290694,120100,40318,895098,2797694.433333333,2779666.1333333333
"2024-02-25 00:00:00",827609,448657,119593,35208,621595,2783692.7333333334,2782309.3
"2024-02-26 00:00:00",1215707,334291,149207,47030,701930,2761723.1333333333,2783283.4
"2024-02-27 00:00:00",1196716,255997,168937,77966,1005681,2744463.033333333,2771267.3
"2024-02-28 00:00:00",1442565,421576,182445,92042,935364,2761687.033333333,2788383.2333333334
"2024-02-29 00:00:00",1633342,366540,227416,62523,865569,2771364.7,2788695.033333333
"2024-03-01 00:00:00",1177448,483159,128798,64175,560135,2757487.033333333,2817772.7333333334
"2024-03-02 00:00:00",825285,398944,150933,79263,839184,2714761.7666666666,2813763.1
"2024-03-03 00:00:00",867932,409221,187964,60774,836666,2704192.6333333333,2793529.7666666666
"2024-03-04 00:00:00",1386401,423879,182788,56959,901484,2714523.1333333333,2796965.1666666665
"2024-03-05 00:00:00",1495106,173898,177304,96802,931306,2715252.6,2807349.3
"2024-03-06 00:00:00",853312,519687,210924,93769,912602,2711490.533333333,2804670.466666667
"2024-03-07 00:00:00",910316,202566,211121,91314,1076333,2723107.8333333335,2790210
"2024-03-08 00:00:00",1105649,181677,174028,84803,966500,2711980.2666666666,2787127.1333333333
"2024-03-09 00:00:00",1170456,260740,124974,66893,807715,2694601.7333333334,2788009
"2024-03-10 00:00:00",1240049,516398,150326,50568,1031449,2711192.7666666666,2789971.566666667
"2024-03-11 00:00:00",1218234,430551,167994,58795,1073513,2724373.2666666666,2788277.2
"2024-03-12 00:00:00",1616836,411262,204994,60256,1224642,2751990.1,2770711.033333333
"2024-03-13 00:00:00",1000944,412551,248745,73490,996933,2750511.033333333,2770970.566666667
"2024-03-14 00:00:00",1400209,287568,230942,57366,1027005,2764934.4,2745335
"2024-03-15 00:00:00",1016054,544878,168240,79489,905812,2752858.933333333,2733310.7
"2024-03-16 00:00:00",1542573,485804,162161,54538,763586,2751582.8,2718584.2666666666
"2024-03-17 00:00:00",930942,292874,160712,44497,1009145,2739500.6666666665,2710781.2
"2024-03-18 00:00:00",1238516,265926,168990,60757,826869,2734508.1666666665,2704554.8333333335
"2024-03-19 00:00:00",970561,427480,194176,85321,753040,2725900.4,2706877.8
"2024-03-20 00:00:00",1196505,403570,205872,54101,850715,2729364.3,2712501.3333333335
"2024-03-21 00:00:00",1698936,337463,171313,74399,1039638,2745784.6333333333,2717499.1333333333
"2024-03-22 00:00:00",1123049,534858,241627,63513,1114259,2744728,2721638.1666666665
"2024-03-23 00:00:00",1330799,467843,197447,91702,942928,2736790.2666666666,2713391.933333333
"2024-03-24 00:00:00",1084201,315742,171472,37141,958263,2727748.7333333334,2683295.4
"2024-03-25 00:00:00",1484377,587186,176146,56375,922686,2754557.8666666667,2671251.566666667
"2024-03-26 00:00:00",1553318,429714,214891,95478,847601,2790836.466666667,2688184.1
"2024-03-27 00:00:00",1415829,251926,210408,71200,878515,2803493.7,2723341.466666667
"2024-03-28 00:00:00",878431,315125,176021,61342,811787,2788073.8333333335,2717218.6
"2024-03-29 00:00:00",1593133,520328,142761,57994,1008295,2796357.7666666666,2715870.6
"2024-03-30 00:00:00",871788,250504,143604,79594,682123,2758764.6333333333,2711886.566666667
"2024-03-31 00:00:00",1042980,216002,84320,35210,1000669,2757613,2688263.8666666667
"2024-04-01 00:00:00",1283117,318195,192516,31502,1119581,2779323.1333333333,2673422.2666666666
"2024-04-02 00:00:00",1015302,222781,193815,50730,904712,2780149.4,2696778
"2024-04-03 00:00:00",1284002,260936,140484,41294,982135,2772060.1333333333,2688358.1
"2024-04-04 00:00:00",922411,342131,171006,77146,1132112,2764406.5,2683814.3666666667
"2024-04-05 00:00:00",1266279,422215,240728,63559,807239,2771396.566666667,2686842.533333333
"2024-04-06 00:00:00",1166615,280267,136799,69449,700599,2766799.1666666665,2694314
"2024-04-07 00:00:00",1296087,275908,137839,33694,825168,2768666.466666667,2682967.9
"2024-04-08 00:00:00",1286874,343313,151752,63447,958879,2781116.2,2684555.2333333334
"2024-04-09 00:00:00",1098560,379809,171366,71518,669181,2761171.4,2685707.1
"2024-04-10 00:00:00",1258916,386768,202240,88048,814493,2754550.7666666666,2702187.2
"2024-04-11 00:00:00",1203474,304109,181108,52849,847515,2723586.033333333,2699064.8333333335
"2024-04-12 00:00:00",1325122,499906,181574,64052,727688,2725775.066666667,2703595.9
"2024-04-13 00:00:00",1246112,297700,162352,54743,1262316,2726446.033333333,2723951.433333333
"2024-04-14 00:00:00",1863033,200671,170990,27836,672765,2733806.1333333333,2714133.3
"2024-04-15 00:00:00",1391119,502515,178888,85788,794222,2731935.6,2702360.433333333
"2024-04-16 00:00:00",1042082,245857,206962,77812,861688,2731810.5,2708554.066666667
"2024-04-17 00:00:00",1395575,410394,241746,82609,684856,2740281.4,2736078.433333333
"2024-04-18 00:00:00",1194646,524126,236334,67580,1062095,2762088.1,2733929.466666667
"2024-04-19 00:00:00",1163420,341171,147684,84013,838706,2757562.566666667,2746331
"2024-04-20 00:00:00",1346691,328551,170846,80328,792704,2737474.566666667,2755036.8333333335
"2024-04-21 00:00:00",951573,420117,171386,47492,974044,2720384.8,2749728.6333333333
"2024-04-22 00:00:00",1268731,319447,169222,51350,1124227,2717126.533333333,2758476.1666666665
"2024-04-23 00:00:00",962810,483115,199772,86873,1018894,2723282.033333333,2788214.433333333
"2024-04-24 00:00:00",1552409,407935,178187,75830,908646,2719823.9,2788637.3
"2024-04-25 00:00:00",1308123,334310,234804,75015,1158501,2718815.6666666665,2777616.5
"2024-04-26 00:00:00",1498391,293607,216073,67407,725039,2717903.7333333334,2771770.8
"2024-04-27 00:00:00",1390210,295824,127723,78689,696930,2729459.3,2781045.1
"2024-04-28 00:00:00",1832879,325362,153033,40031,804988,2723918.433333333,2769407.1
"2024-04-29 00:00:00",1143976,231112,212149,56105,999566,2744429.066666667,2765351.1666666665
"2024-04-30 00:00:00",1038874,319962,164576,81718,1013421,2752408.466666667,2749594.6
"2024-05-01 00:00:00",1069545,295742,208797,71442,1030638,2743450.6666666665,2753236.533333333
"2024-05-02 00:00:00",1121976,204610,195361,68155,801934,2743607.3333333335,2734076.7
"2024-05-03 00:00:00",1384829,192706,177478,75505,1093878,2750792.3666666667,2761113.566666667
"2024-05-04 00:00:00",1105853,202435,149364,74690,902802,2743803.3,2762748.533333333
"2024-05-05 00:00:00",1475325,359014,121539,46546,958309,2749160.3333333335,2752819.966666667
"2024-05-06 00:00:00",1311482,444397,189139,66719,796263,2764302.9,2764006.533333333
"2024-05-07 00:00:00",1024598,409425,247736,72027,860587,2765826.033333333,2766932.4
"2024-05-08 00:00:00",1163208,376923,172036,80455,732439,2756519.466666667,2766242.6333333333
"2024-05-09 00:00:00",1215745,307829,200989,63483,938351,2767718.066666667,2777918.7666666666
"2024-05-10 00:00:00",974411,307438,176717,78070,922339,2758001.8333333335,2768574.966666667
"2024-05-11 00:00:00",1450102,303333,153393,58771,919310,2767863.6,2801862.6666666665
"2024-05-12 00:00:00",1279520,166662,136290,41738,838568,2756678.1333333333,2814590.933333333
"2024-05-13 00:00:00",1287502,402748,247970,51722,973794,2754695.8,2807109.1333333333
"2024-05-14 00:00:00",881398,631893,210435,88757,753976,2742402.2,2818383.3666666667
"2024-05-15 00:00:00",1252829,359885,186843,101887,1039878,2742028.3,2849118.3
"2024-05-16 00:00:00",1075732,394017,193773,62145,963951,2750535.5,2846253.1
"2024-05-17 00:00:00",1140580,292694,202791,99693,771303,2740264.8666666667,2839300.033333333
"2024-05-18 00:00:00",1215902,161816,167325,75727,913701,2721921.1333333333,2819887.2
"2024-05-19 00:00:00",1307585,179441,143851,51474,773735,2717957.1,2794920.566666667
"2024-05-20 00:00:00",1123579,323747,194586,44624,1266073,2725740.3333333335,2775561.5
"2024-05-21 00:00:00",1215460,347654,180872,51138,767440,2725672.1666666665,2784892.6666666665
"2024-05-22 00:00:00",888997,467681,181466,86670,1164494,2720883.4,2769123.4
"2024-05-23 00:00:00",1287506,290756,258980,66325,1125403,2730133.5,2745519.7
"2024-05-24 00:00:00",1258981,406134,193248,62716,739410,2714715.7666666666,2751291.933333333
"2024-05-25 00:00:00",1393204,193844,116589,72461,706234,2693768.1,2751127.566666667
"2024-05-26 00:00:00",1177221,302019,149254,30867,712431,2679476.9,2742769.466666667
"2024-05-27 00:00:00",1200448,572401,205603,85661,1244431,2703449.3666666667,2723562.3666666667
"2024-05-28 00:00:00",1098543,504599,209339,102343,615420,2682581.566666667,2711212.5
"2024-05-29 00:00:00",1252362,344833,210814,81510,1087094,2693705.033333333,2721885.433333333
"2024-05-30 00:00:00",1472402,256928,191795,75183,1012732,2706721.5,2736587.033333333
"2024-05-31 00:00:00",1596457,212822,159653,66263,717133,2709260.2333333334,2760834.8333333335
"2024-06-01 00:00:00",1384956,158815,162093,67251,1131704,2726352.7,2780417.1333333333
"2024-06-02 00:00:00",1337128,222255,137075,55218,844728,2715419.3333333335,2757012.7
"2024-06-03 00:00:00",1108813,386186,137877,63947,995494,2723992.433333333,2747554.3666666667
"2024-06-04 00:00:00",1260794,238937,186760,75402,861072,2712733.9,2758408.2
"2024-06-05 00:00:00",1156307,270361,187083,86915,812625,2702909.933333333,2738305.466666667
"2024-06-06 00:00:00",1191523,384379,212874,69049,1039514,2712342.2333333334,2753871.8666666667
"2024-06-07 00:00:00",1161499,422264,140596,54449,1038964,2722099.2333333334,2766560.4
"2024-06-08 00:00:00",1023001,148142,150023,57193,746079,2702033.966666667,2752697.7
"2024-06-09 00:00:00",1055625,297964,157978,35447,760153,2696972.8333333335,2749140.8
"2024-06-10 00:00:00",1015956,454920,182137,55064,975402,2690258.4,2725774.1333333333
"2024-06-11 00:00:00",1429410,329436,185952,98840,969957,2708618.8666666667,2714871.3333333335
"2024-06-12 00:00:00",1583101,461876,195678,81339,685070,2710063.1,2711018.2333333334
"2024-06-13 00:00:00",1356352,367224,225923,81283,915599,2722727,2730108.466666667
"2024-06-14 00:00:00",1036641,209134,208189,67511,1109406,2712378.9,2725143.7666666666
"2024-06-15 00:00:00",1469652,375319,128335,55625,676674,2712911.2333333334,2731079.3666666667
"2024-06-16 00:00:00",1193883,361734,148428,44279,1066198,2723159.533333333,2718808.933333333
"2024-06-17 00:00:00",1428299,437794,178472,48850,920531,2739141.966666667,2706108.3666666667
"2024-06-18 00:00:00",1169999,600707,219821,73760,1163443,2764863.8333333335,2728840.933333333
"2024-06-19 00:00:00",1146359,243199,191898,85860,895084,2751856.8666666667,2745289.2333333334
"2024-06-20 00:00:00",1092094,272811,232141,76542,899321,2752202.2666666666,2740398.1666666665
"2024-06-21 00:00:00",1340982,475707,215792,87386,785261,2756063.2333333334,2736726.8333333335
"2024-06-22 00:00:00",1339712,474517,134290,72336,935003,2753625.533333333,2755306.5
"2024-06-23 00:00:00",1443232,171398,159234,53429,757640,2751106.3666666667,2744300.9
"2024-06-24 00:00:00",1641100,375261,184112,52918,1055897,2778671.7333333334,2736306.3
"2024-06-25 00:00:00",993000,177866,241708,102582,1094122,2786588.3666666667,2726875.7
"2024-06-26 00:00:00",1146169,380744,240168,66275,853164,2765854.2,2758712.566666667
"2024-06-27 00:00:00",1540285,279621,247696,62790,1096735,2789083.8666666667,2770730.9
"2024-06-28 00:00:00",1149237,548536,195691,74556,756614,2780684.6666666665,2773215.6333333333
"2024-06-29 00:00:00",1477691,296187,147824,81552,793441,2773606.6,2772077.466666667
"2024-06-30 00:00:00",1421406,235062,161440,47039,746114,2768897.566666667,2746762.7333333334
"2024-07-01 00:00:00",1364397,422758,160500,49633,1003275,2772089.2,2726606.5
"2024-07-02 00:00:00",1044937,465781,184512,90998,777143,2770988.566666667,2727823.8
"2024-07-03 00:00:00",1296130,297534,211339,79441,1012616,2777813,2720918.7333333334
"2024-07-04 00:00:00",1356034,189275,213142,69944,1134291,2789137.2333333334,2723441.6333333333
"2024-07-05 00:00:00",1338643,310425,152369,75727,642384,2789346.1,2755239.4
"2024-07-06 00:00:00",1111682,330614,159395,65183,788527,2774614.3666666667,2732134.7666666666
"2024-07-07 00:00:00",1086417,514999,109654,51425,881491,2768820.966666667,2728236.6
"2024-07-08 00:00:00",1168160,302790,194760,49442,1314898,2799007.933333333,2720724.2666666666
"2024-07-09 00:00:00",1280331,359103,184039,79118,910160,2815861.6666666665,2731099.2
"2024-07-10 00:00:00",924196,659824,154789,64137,857160,2815082.6333333333,2748165.2
"2024-07-11 00:00:00",1419026,301238,221490,83837,1082370,2818228.8333333335,2751392.933333333
"2024-07-12 00:00:00",1210249,271235,161074,101799,749681,2801127.6333333333,2769449.8666666667
"2024-07-13 00:00:00",1522242,207911,132655,69827,792908,2793765.9,2751935.3333333335
"2024-07-14 00:00:00",994704,269784,183775,25552,837252,2783105.033333333,2731311.8
"2024-07-15 00:00:00",755994,470917,177079,59113,937907,2772952.1333333333,2703850.466666667
"2024-07-16 00:00:00",1352811,313675,180694,72977,1139115,2781110.7666666666,2699484.566666667
"2024-07-17 00:00:00",1771257,507868,205622,80735,1157486,2804745.2,2727822.9
"2024-07-18 00:00:00",1152573,289982,220014,85299,964175,2787555.7333333334,2730808.433333333
"2024-07-19 00:00:00",1344119,420047,173079,85809,906669,2799799.8333333335,2733218.933333333
"2024-07-20 00:00:00",1380254,340173,142709,52032,947456,2809456.3333333335,2713756.1333333333
"2024-07-21 00:00:00",963492,312224,186048,53769,762004,2788535.966666667,2729106.1666666665
"2024-07-22 00:00:00",1067811,619728,153511,68350,806196,2780527.566666667,2698121.566666667
"2024-07-23 00:00:00",1309633,228121,182762,74497,726787,2778423.433333333,2715988.1333333333
"2024-07-24 00:00:00",1029088,368124,241222,68675,998407,2758297.966666667,2698331.566666667
"2024-07-25 00:00:00",1107460,249194,233274,83461,798026,2753702.7666666666,2719309.933333333
"2024-07-26 00:00:00",1437222,303144,205549,49988,999696,2764005.2333333334,2683871.066666667
"2024-07-27 00:00:00",1498626,208236,151083,74875,1041074,2755563.433333333,2696633.5
"2024-07-28 00:00:00",1141767,202269,160159,45495,947588,2747984.1666666665,2702446.533333333
"2024-07-29 00:00:00",1013142,250371,164365,63067,848826,2732753.3333333335,2680383.3333333335
"2024-07-30 00:00:00",1145951,244136,188812,69581,987891,2733597.1333333333,2678672.2333333334
"2024-07-31 00:00:00",1172271,228800,186912,52267,1079311,2724230.7666666666,2674994.966666667
"2024-08-01 00:00:00",1047931,373729,195826,60503,907997,2724984.566666667,2696437.1333333333
"2024-08-02 00:00:00",1266062,352817,193573,85035,705933,2715196.6,2721700.2666666666
"2024-08-03 00:00:00",1621780,268631,169718,66379,635306,2708500.1666666665,2725186.4
"2024-08-04 00:00:00",1104740,299389,129838,50389,1234116,2718463.8666666667,2706408.966666667
"2024-08-05 00:00:00",1467868,370137,200008,60362,858556,2735181.6666666665,2689238.2333333334
"2024-08-06 00:00:00",1119362,166760,183657,68671,973999,2730797.2333333334,2687412.9
"2024-08-07 00:00:00",1193509,297534,193439,55949,631029,2708844.3666666667,2706225.933333333
"2024-08-08 00:00:00",1656798,354849,190158,81277,763447,2716636.7333333334,2704184.8333333335
"2024-08-09 00:00:00",1350728,252693,141996,111599,989560,2722852.066666667,2702759.7333333334
"2024-08-10 00:00:00",1197796,332356,164463,75636,934608,2709414.566666667,2708650.7
"2024-08-11 00:00:00",925283,239062,128846,32618,899296,2700449.8,2680992.433333333
"2024-08-12 00:00:00",916907,216924,192715,50220,843510,2683607.7333333334,2671307.966666667
"2024-08-13 00:00:00",1408988,255133,193386,79769,991696,2704204.7666666666,2681714.8
"2024-08-14 00:00:00",1255970,128665,190294,66585,1016873,2712784.033333333,2703595.2666666666
"2024-08-15 00:00:00",1101364,396868,149928,53285,1052751,2702614.6666666665,2701354.7
"2024-08-16 00:00:00",1262815,372700,153719,57507,952111,2671810.1,2709487.2333333334
"2024-08-17 00:00:00",1186267,234363,147934,42008,1183250,2674535.8666666667,2704895.566666667
"2024-08-18 00:00:00",1311256,158637,140531,41800,727314,2656195.933333333,2687600.2666666666
"2024-08-19 00:00:00",1391406,260214,193836,52223,833722,2651822.4,2677000.5
"2024-08-20 00:00:00",1157790,474984,178133,57520,931135,2669223.433333333,2682379.7
"2024-08-21 00:00:00",867414,299614,194265,54132,564437,2644698.6,2707044.3333333335
"2024-08-22 00:00:00",1171254,314624,196392,80538,1077589,2655319,2677769.3
"2024-08-23 00:00:00",1145387,247815,148945,54969,735289,2642881.6333333333,2694254.6
"2024-08-24 00:00:00",1062736,259886,184986,37958,754740,2637177.3333333335,2680463.966666667
"2024-08-25 00:00:00",1135672,195646,192118,25917,776255,2614843.966666667,2689701.933333333
"2024-08-26 00:00:00",1226921,242770,197025,56552,702705,2596579.9,2665584.1333333333
"2024-08-27 00:00:00",1020714,305023,144160,58713,1105023,2601125.3666666667,2656110.6333333333
"2024-08-28 00:00:00",1609739,358383,227984,97794,902905,2629693.066666667,2681394.7333333334
"2024-08-29 00:00:00",1287405,159282,218845,60760,647862,2620952.966666667,2690495.7
"2024-08-30 00:00:00",1156856,420120,182026,85735,1279403,2634438.8,2692780.6666666665
"2024-08-31 00:00:00",955654,290607,144434,44500,1058724,2631369.466666667,2687440.3666666667
"2024-09-01 00:00:00",1032362,578148,122446,43743,691946,2626876.533333333,2677845.8
"2024-09-02 00:00:00",1398288,381344,179238,41002,863676,2630267.8333333335,2654463.966666667
"2024-09-03 00:00:00",1073182,326514,175298,87692,697912,2615005.5,2660688.8333333335
"2024-09-04 00:00:00",935744,346282,238582,71043,778659,2595451.566666667,2678959.7333333334
"2024-09-05 00:00:00",1138910,469980,191676,65435,614863,2594399.1,2680900.466666667
"2024-09-06 00:00:00",1152778,310777,182858,82556,1104356,2609794.566666667,2677377.6333333333
"2024-09-07 00:00:00",1189355,211521,134645,64033,1023520,2595678.8,2680754.3666666667
"2024-09-08 00:00:00",1255661,148514,134519,36854,878133,2582582.3333333335,2650421.8
"2024-09-09 00:00:00",1048366,214860,177802,68055,946525,2574274.033333333,2636490.433333333
"2024-09-10 00:00:00",1210956,263997,214106,81746,1180383,2598477.1333333333,2649212.466666667
"2024-09-11 00:00:00",1419369,291757,176922,70608,852686,2618179.3333333335,2653551.533333333
"2024-09-12 00:00:00",1342022,240237,221289,68983,1062239,2618372.7666666666,2653383.433333333
"2024-09-13 00:00:00",1176407,306245,162089,66569,853624,2615257.6,2661628.7666666666
"2024-09-14 00:00:00",1268798,259394,113326,46263,784008,2605843.7333333334,2676508.433333333
"2024-09-15 00:00:00",1701562,171207,146909,39545,1155487,2619705.566666667,2657230.3333333335
"2024-09-16 00:00:00",1012600,288430,167099,61120,961246,2609594.8333333335,2641964.433333333
"2024-09-17 00:00:00",1249328,489258,189564,81262,854508,2625741.433333333,2657056.066666667
"2024-09-18 00:00:00",852748,244977,218650,81236,1015926,2615145.433333333,2687301.8
"2024-09-19 00:00:00",1488781,260601,201758,61369,823608,2616364.1,2680864.066666667
"2024-09-20 00:00:00",1506721,248664,164826,89068,1054597,2652498.033333333,2681368.066666667
"2024-09-21 00:00:00",987050,153554,151918,52039,925844,2633498.033333333,2709393.6
"2024-09-22 00:00:00",1502617,322225,134819,36040,773695,2648064.1,2711940.533333333
"2024-09-23 00:00:00",1386735,280509,208915,49826,977562,2668172.4,2701486.466666667
"2024-09-24 00:00:00",1137844,391107,215395,107856,915101,2682896.1333333333,2707633.6333333333
"2024-09-25 00:00:00",1470984,453012,196697,84269,770528,2701214.2333333334,2727770.7333333334
"2024-09-26 00:00:00",1247086,185722,240679,64727,706230,2694907.966666667,2747170.8333333335
"2024-09-27 00:00:00",1382741,259090,134786,78569,1089265,2686495.966666667,2771507.7666666666
"2024-09-28 00:00:00",1343532,172978,139746,60498,993111,2697685.7333333334,2771467.6333333333
"2024-09-29 00:00:00",1571836,142492,164920,42595,849644,2685930.066666667,2798645.8
"2024-09-30 00:00:00",1161433,309960,158007,47516,813121,2685801.1666666665,2791068.1
"2024-10-01 00:00:00",1470994,135560,181936,95183,702773,2689727.933333333,2784845
"2024-10-02 00:00:00",1069793,369223,211654,73300,851743,2680134,2799432.066666667
"2024-10-03 00:00:00",1280602,183444,199765,77359,922440,2690234.6,2799896.2
"2024-10-04 00:00:00",1013460,379624,155757,60233,692196,2687933.1666666665,2805458.933333333
"2024-10-05 00:00:00",1416350,152015,182855,61015,726668,2689867.6333333333,2811946.6
"2024-10-06 00:00:00",1059354,303861,167527,38903,606018,2667945.3666666667,2816091.2666666666
"2024-10-07 00:00:00",907696,418969,147647,65893,975958,2664382.4,2797021.7666666666
"2024-10-08 00:00:00",1310548,318968,151723,87215,834188,2672681.6,2844899.966666667
"2024-10-09 00:00:00",1170070,206798,223191,85033,880685,2676354.1,2844953.933333333
"2024-10-10 00:00:00",1172610,382968,219457,76422,949623,2671350.4,2854286.9
"2024-10-11 00:00:00",1306798,194780,201353,59488,921055,2667088.466666667,2865808.566666667
"2024-10-12 00:00:00",1451004,150133,159915,69621,762051,2655686.2,2873121.8333333335
"2024-10-13 00:00:00",1022552,436133,131362,38736,620439,2645162.2,2850772.3666666667
"2024-10-14 00:00:00",1350930,312224,175982,67059,745623,2651163.6,2830820.466666667
"2024-10-15 00:00:00",1172496,273261,177218,99315,913026,2631850.533333333,2842998.6666666665
"2024-10-16 00:00:00",1041315,365673,207105,59509,946530,2636171.9,2836554.7
"2024-10-17 00:00:00",1310646,179787,193711,74633,835336,2627178.033333333,2829161
"2024-10-18 00:00:00",1277197,133144,200633,69605,962932,2634843.9,2807738.2
"2024-10-19 00:00:00",1294200,317893,174632,54900,613329,2622138.4,2808087.533333333
"2024-10-20 00:00:00",1515717,144689,143500,46107,706857,2605237.933333333,2808234.433333333
"2024-10-21 00:00:00",911456,255846,169313,60388,893100,2605894.4,2786777.8666666667
"2024-10-22 00:00:00",1445096,493283,161281,86099,713592,2610227.1,2785451.566666667
"2024-10-23 00:00:00",1042811,312216,236529,87241,1051255,2604443.966666667,2815459.066666667
"2024-10-24 00:00:00",1082100,442499,192230,74088,1144750,2610056.2333333334,2814192.2666666666
"2024-10-25 00:00:00",1526481,279609,180197,62533,1054818,2614327.3666666667,2819625.3
"2024-10-26 00:00:00",1306881,530308,133874,62569,768265,2626242.3,2808430.6333333333
"2024-10-27 00:00:00",1033941,362364,176267,28076,893200,2611221.8666666667,2782524.2
"2024-10-28 00:00:00",1239705,212626,215592,52859,930867,2609281.8666666667,2771460.6
"2024-10-29 00:00:00",1653990,346153,180588,72954,883982,2621488.3,2752768.5
"2024-10-30 00:00:00",981613,329578,243638,98360,990511,2626610.2666666666,2741212.8666666667
"2024-10-31 00:00:00",1021650,289774,207634,63647,1216470,2633701.433333333,2747666.1
"2024-11-01 00:00:00",1473687,220350,132086,67582,826586,2638520.1,2724978.1
"2024-11-02 00:00:00",1368069,185774,106178,81254,968518,2640059.466666667,2719427.3333333335
"2024-11-03 00:00:00",1121179,325981,164893,28462,784119,2644171.433333333,2701254.3333333335
"2024-11-04 00:00:00",801232,384524,175897,40531,795155,2632785.7333333334,2681360.8333333335
"2024-11-05 00:00:00",1061039,200819,208626,101732,1025744,2646862.5,2687165.2
"2024-11-06 00:00:00",1486020,343614,226929,73882,829343,2661649.8666666667,2698495.6666666665
"2024-11-07 00:00:00",1573911,182419,277971,84192,931225,2673219.1333333333,2666132.1
"2024-11-08 00:00:00",1183893,246334,174339,82836,904568,2674092.066666667,2681650.6666666665
"2024-11-09 00:00:00",1514432,343167,160713,60265,685064,2672843.7333333334,2676170.6
"2024-11-10 00:00:00",1302121,288936,168736,35886,766474,2668799.2333333334,2660332.1
"2024-11-11 00:00:00",1128118,509754,190348,55987,891300,2674892.533333333,2668565.3666666667
"2024-11-12 00:00:00",1084659,342552,176474,77257,707900,2679546.9,2677932.9
"2024-11-13 00:00:00",1000301,91364,165676,108440,1013478,2670461.433333333,2682127.8
"2024-11-14 00:00:00",1019607,279654,227991,67830,943640,2667241.7,2673803.966666667
"2024-11-15 00:00:00",1208486,226087,157568,79286,948399,2667231.3,2681919.1333333333
"2024-11-16 00:00:00",1817951,402748,140130,60308,795146,2687970.433333333,2704966
"2024-11-17 00:00:00",1385723,522036,130658,35979,771968,2694732.1,2715909.6666666665
"2024-11-18 00:00:00",1418263,217742,223281,60744,1151656,2715289.6333333333,2696064
"2024-11-19 00:00:00",1262471,332008,188851,91790,751219,2717605.6,2692264.2
"2024-11-20 00:00:00",1232946,231909,166643,66478,877094,2727104.6666666665,2720690.933333333
"2024-11-21 00:00:00",999875,313483,253744,72575,992950,2718213.6,2727535.2333333334
"2024-11-22 00:00:00",1210377,487416,171149,83665,844996,2720465.1333333333,2690041.7333333334
"2024-11-23 00:00:00",1289094,176438,185849,70335,1003424,2713447.1666666665,2690560.7333333334
"2024-11-24 00:00:00",1257005,411949,146434,30460,742827,2696281.3666666667,2673045.3
"2024-11-25 00:00:00",997615,242155,159929,63810,981169,2684374.2333333334,2661919.533333333
"2024-11-26 00:00:00",1278558,479685,238789,85185,1166922,2709551.3666666667,2655192
"2024-11-27 00:00:00",1284731,391764,207926,73530,886225,2715969.033333333,2660057.433333333
"2024-11-28 00:00:00",1027803,353097,208568,70462,847525,2694961.7666666666,2673032.3333333335
"2024-11-29 00:00:00",1496283,166530,202809,85935,772917,2697654.4,2693752.2
"2024-11-30 00:00:00",1231599,285300,155216,69146,990055,2695392.1333333333,2712150.8333333335
"2024-12-01 00:00:00",1099345,364785,142363,45888,582143,2679199.7666666666,2746219.2
"2024-12-02 00:00:00",1612223,96810,171878,59568,798318,2680166.7666666666,2729722.3666666667
"2024-12-03 00:00:00",1453843,345852,184019,83838,967503,2700514.4,2738446.3333333335
"2024-12-04 00:00:00",1293362,521719,258340,84800,757878,2724473.466666667,2737819.566666667
"2024-12-05 00:00:00",1190430,88368,232659,68863,672454,2712967.533333333,2730930
"2024-12-06 00:00:00",946575,314335,167429,73433,822191,2691773.033333333,2704608.1333333333
"2024-12-07 00:00:00",979387,171538,122049,70278,842171,2662962.6333333333,2725027.533333333
"2024-12-08 00:00:00",1080571,173664,156855,26549,669456,2646799.6,2731917.6333333333
"2024-12-09 00:00:00",1298360,525644,146446,62186,976332,2654977.3666666667,2733193.533333333
"2024-12-10 00:00:00",1484526,273017,183968,84637,659950,2659109.3,2750174.4
"2024-12-11 00:00:00",989327,684817,212248,76258,1034678,2666503.566666667,2732900.8333333335
"2024-12-12 00:00:00",1538175,317882,227806,62711,1048021,2693362.2333333334,2747272.9
"2024-12-13 00:00:00",988519,342996,205832,81136,888351,2697615.2666666666,2777985.6333333333
"2024-12-14 00:00:00",1131721,370371,196143,78289,904232,2702349.966666667,2781181.2666666666
"2024-12-15 00:00:00",1466395,247174,167318,34296,965777,2711054.5,2794415.566666667
"2024-12-16 00:00:00",708325,280666,158188,75247,765945,2670124.033333333,2775110
"2024-12-17 00:00:00",1707974,475585,179482,67034,893241,2686022.933333333,2775887.8
"2024-12-18 00:00:00",1174257,475147,185532,100463,631029,2669181.2666666666,2807266.2666666666
"2024-12-19 00:00:00",1030769,327157,201979,74930,1103263,2672906.6666666665,2816443.1666666665
"2024-12-20 00:00:00",1446445,153201,202642,58446,729276,2673404.1,2798576.066666667
"2024-12-21 00:00:00",1650140,178620,167269,72232,803739,2681382.933333333,2764036.2
"2024-12-22 00:00:00",1070175,150493,131078,25317,512436,2651112.533333333,2772433.566666667
"2024-12-23 00:00:00",1150889,190448,116418,19607,678836,2632147.5,2742349.466666667
"2024-12-24 00:00:00",932891,249464,112803,78202,760423,2616984.2333333334,2723178.8666666667
"2024-12-25 00:00:00",610988,144559,136505,26606,782502,2592199.8666666667,2717593.933333333
"2024-12-26 00:00:00",919025,210927,146158,35914,795331,2554139.8666666667,2711719.533333333
"2024-12-27 00:00:00",807767,219730,118969,29539,950888,2530229.6666666665,2710844.8666666667
"2024-12-28 00:00:00",1439632,242052,133549,39871,908074,2538753.2666666666,2707940.8333333335
"2024-12-29 00:00:00",1309268,278272,153850,23813,709962,2530442.466666667,2700261.1666666665
"2024-12-30 00:00:00",1188875,246828,136695,62271,831676,2521610.2666666666,2629999.033333333
"2024-12-31 00:00:00",610253,162541,122247,41819,911163,2508726.933333333,2590953.1333333333
"2025-01-01 00:00:00",590135,71368,106894,6739,765298,2468780.3,2591577.466666667
"2025-01-02 00:00:00",881845,132101,137019,38014,768264,2432852.7333333334,2588345.6333333333
"2025-01-03 00:00:00",1311742,223382,178259,47456,832757,2422102.4,2584648.8333333335
"2025-01-04 00:00:00",1426841,122103,129140,22860,1071682,2439430.3666666667,2577615.1666666665
"2025-01-05 00:00:00",1057238,276193,123417,35407,828875,2439335.8666666667,2587212.6666666665
"2025-01-06 00:00:00",993821,175794,163870,34137,637061,2433311,2548119.3333333335
"2025-01-07 00:00:00",1112587,247081,207521,52514,685113,2439902.1666666665,2539682.566666667
"2025-01-08 00:00:00",1201829,159452,179248,36175,829506,2419810.3666666667,2526616.6333333333
"2025-01-09 00:00:00",1362114,268588,166794,65116,863844,2421155.2333333334,2523892.2
"2025-01-10 00:00:00",1461662,262607,184399,91180,724440,2412054,2532141.2
"2025-01-11 00:00:00",1242609,277354,187559,69920,797477,2391397.533333333,2534827.4
"2025-01-12 00:00:00",1082515,374472,114550,27076,626335,2382000.533333333,2517182.933333333
"2025-01-13 00:00:00",946984,487867,164775,70474,799952,2374977.2,2509653.033333333
"2025-01-14 00:00:00",975729,255202,172262,64328,809183,2354835.2333333334,2497758.8666666667
"2025-01-15 00:00:00",871047,366701,231413,82193,979605,2372921.7333333334,2485710.3
"2025-01-16 00:00:00",1036428,210476,201549,56111,948120,2343900.6333333333,2464969.7666666666
"2025-01-17 00:00:00",763555,270361,190430,74472,839042,2329614.966666667,2454661.6333333333
"2025-01-18 00:00:00",1582087,248498,194921,46891,912804,2337851.5,2440330.3
"2025-01-19 00:00:00",1134274,342138,181969,42995,627379,2329143.1,2442551.2333333334
"2025-01-20 00:00:00",1382991,341643,192881,46317,829621,2326524.7,2469301.9
"2025-01-21 00:00:00",934135,456064,143605,82598,753396,2342534.966666667,2464556.566666667
"2025-01-22 00:00:00",1267190,412370,220131,79489,1124454,2374116.9,2499704.5
"2025-01-23 00:00:00",1669562,391421,205571,91763,1079998,2417601.7333333334,2509293.7
"2025-01-24 00:00:00",1192639,181539,148452,63246,794605,2440246.1333333333,2532281.966666667
"2025-01-25 00:00:00",1666950,221896,150018,75479,989087,2473448.466666667,2532674.4
"2025-01-26 00:00:00",1357356,247401,129654,47540,1025527,2496134.6666666665,2552356.933333333
"2025-01-27 00:00:00",1010236,351848,144449,47625,827331,2483412.4,2563612.533333333
"2025-01-28 00:00:00",1112392,492828,155574,88524,950994,2494251.033333333,2557007.033333333
"2025-01-29 00:00:00",1417973,259829,169964,79011,552026,2494666.3666666667,2611532.566666667
"2025-01-30 00:00:00",1138530,261295,202338,73637,767040,2514493.966666667,2645768
"2025-01-31 00:00:00",1049792,296412,215396,67914,903864,2547593.3333333335,2688103.9
"2025-02-01 00:00:00",1370079,546063,169585,63779,712795,2577762.1,2698655.966666667
"2025-02-02 00:00:00",1174560,314965,169288,43978,619294,2568711.3666666667,2709298.9
"2025-02-03 00:00:00",1333289,430829,192727,47587,984985,2575937.966666667,2716798.4
"2025-02-04 00:00:00",1476492,362214,209506,72042,976746,2601800.7333333334,2734639.2666666666
"2025-02-05 00:00:00",1436648,290939,235070,88364,1082785,2639439.2333333334,2740247.8666666667
"2025-02-06 00:00:00",1714944,349197,232631,76544,991594,2674776.1666666665,2737383.2333333334
"2025-02-07 00:00:00",1188752,380618,154947,73345,979247,2687133.1333333333,2755028.066666667
"2025-02-08 00:00:00",1394265,194476,175243,75547,961116,2689606.2333333334,2739009.933333333
"2025-02-09 00:00:00",1200079,206600,165578,48703,556523,2671379.033333333,2732136.1333333333
"2025-02-10 00:00:00",1364483,284108,160380,67723,1327633,2692359.6,2718598.2
"2025-02-11 00:00:00",1484573,493314,201026,80274,820652,2720856.7333333334,2717875.5
"2025-02-12 00:00:00",1217119,241727,234476,73663,1029468,2731736.7666666666,2718619.033333333
"2025-02-13 00:00:00",1157170,198098,188628,89485,1049045,2745261.033333333,2735769.7
"2025-02-14 00:00:00",1214234,365674,172773,91747,1141926,2760440.8333333335,2753945.1333333333
"2025-02-15 00:00:00",936384,302644,185699,64447,826095,2755859.8333333335,2774556.2333333334
"2025-02-16 00:00:00",1768221,155312,187564,47582,809584,2783539.7333333334,2770858.7666666666
"2025-02-17 00:00:00",1133583,319070,143914,77650,1165866,2778702.4,2770923.533333333
"2025-02-18 00:00:00",1226709,443626,172452,78069,939557,2796424.6333333333,2762371.8
"2025-02-19 00:00:00",1142545,165194,223258,79578,629327,2777973.3,2766342.1666666665
"2025-02-20 00:00:00",1255353,443634,209007,59880,1003854,2798037.966666667,2790515.4
"2025-02-21 00:00:00",1320265,269566,147118,79776,782360,2781219.2,2800304.8666666667
"2025-02-22 00:00:00",1065356,276235,167261,66537,1114387,2756267.9,2819672
"2025-02-23 00:00:00",1317182,435890,167563,47755,948555,2774149.7666666666,2797694.433333333
"2025-02-24 00:00:00",1569380,319589,183223,62755,782140,2767938.7,2783692.7333333334
"2025-02-25 00:00:00",1093554,286614,175151,61382,668752,2750537.8666666667,2761723.1333333333
"2025-02-26 00:00:00",1415017,360030,191565,94378,596556,2759739.566666667,2744463.033333333
"2025-02-27 00:00:00",993373,383503,186668,77859,967828,2753370.3,2761687.033333333
"2025-02-28 00:00:00",1169933,229925,184335,64046,719660,2749673.6333333333,2771364.7
"2025-03-01 00:00:00",1413816,369015,187243,43722,758464,2760654.1,2757487.033333333
"2025-03-02 00:00:00",1256710,259445,181225,37940,822688,2761474.566666667,2714761.7666666666
"2025-03-03 00:00:00",1119605,277003,175403,55961,996852,2753558.966666667,2704192.6333333333
"2025-03-04 00:00:00",879521,434520,197368,71281,764865,2754408.433333333,2714523.1333333333
"2025-03-05 00:00:00",1441806,205410,177320,82005,570109,2737316.1,2715252.6
"2025-03-06 00:00:00",1127690,371205,239052,75404,919931,2725192.466666667,2711490.533333333
"2025-03-07 00:00:00",1064495,384250,196383,96451,1014765,2712609.966666667,2723107.8333333335
"2025-03-08 00:00:00",1438671,291339,213357,82381,812563,2695056.6,2711980.2666666666
"2025-03-09 00:00:00",1115566,198083,214445,40883,818712,2682082.1333333333,2694601.7333333334
"2025-03-10 00:00:00",1154282,301738,160481,60625,757077,2669867.2,2711192.7666666666
"2025-03-11 00:00:00",817347,266838,187117,92235,903800,2672862.6,2724373.2666666666
"2025-03-12 00:00:00",1454571,330485,230393,94072,929270,2667344.8666666667,2751990.1
"2025-03-13 00:00:00",1378380,262261,270068,64880,867457,2659451.7333333334,2750511.033333333
"2025-03-14 00:00:00",999881,349515,185723,75193,991169,2652952.6,2764934.4
"2025-03-15 00:00:00",1208837,278197,136721,75976,752369,2645274.933333333,2752858.933333333
"2025-03-16 00:00:00",1494463,217763,156482,34585,1003322,2642616.7333333334,2751582.8
"2025-03-17 00:00:00",1234811,334122,199753,43119,818520,2653118.8333333335,2739500.6666666665
"2025-03-18 00:00:00",1067261,167040,189950,80227,627533,2625243.7666666666,2734508.1666666665
"2025-03-19 00:00:00",1091682,490840,217871,97355,721733,2617890.566666667,2725900.4
"2025-03-20 00:00:00",998359,477184,197311,73239,697962,2604011.7666666666,2729364.3
"2025-03-21 00:00:00",818113,407760,163465,92339,802653,2605492.466666667,2745784.6333333333
"2025-03-22 00:00:00",1424068,350216,181048,65233,656695,2595676.6333333333,2744728
"2025-03-23 00:00:00",1510347,303668,157590,39401,799766,2602732.6666666665,2736790.2666666666
"2025-03-24 00:00:00",1182379,450065,198143,53925,958731,2607848.3666666667,2727748.7333333334
"2025-03-25 00:00:00",1798686,338850,164480,72184,1114275,2626899.9,2754557.8666666667
"2025-03-26 00:00:00",1308984,413572,228980,85866,873021,2626678.1333333333,2790836.466666667
"2025-03-27 00:00:00",811272,294765,241347,52657,1249914,2638828.466666667,2803493.7
"2025-03-28 00:00:00",1615532,352817,211440,82875,939284,2656975.433333333,2788073.8333333335
"2025-03-29 00:00:00",1417303,428860,162508,71287,741253,2664041.3,2796357.7666666666
"2025-03-30 00:00:00",964383,458853,179796,43315,810626,2667010.2,2758764.6333333333
"2025-03-31 00:00:00",1378084,328965,151907,66729,797756,2665382.966666667,2757613
"2025-04-01 00:00:00",1205168,140940,176202,90005,964988,2666026.433333333,2779323.1333333333
"2025-04-02 00:00:00",1108080,112110,244269,75387,999354,2663172.066666667,2780149.4
"2025-04-03 00:00:00",1022053,312457,204669,76738,677112,2661354.533333333,2772060.1333333333
"2025-04-04 00:00:00",1369450,296211,201746,85567,664528,2666049.533333333,2764406.5
"2025-04-05 00:00:00",1305633,198157,173693,78848,1012729,2667241.6333333333,2771396.566666667
"2025-04-06 00:00:00",1827941,342297,179930,52584,904707,2685611.6,2766799.1666666665
"2025-04-07 00:00:00",1154294,339221,172372,50579,755112,2673387,2768666.466666667
"2025-04-08 00:00:00",1529490,457433,182429,82808,760819,2694230.3333333335,2781116.2
"2025-04-09 00:00:00",983288,376955,186001,86200,741639,2692226.6666666665,2761171.4
"2025-04-10 00:00:00",1464845,234849,273927,80952,784451,2711283.1,2754550.7666666666
"2025-04-11 00:00:00",1193304,415862,168732,73736,1110765,2708736.7666666666,2723586.033333333
"2025-04-12 00:00:00",1393589,235705,195236,72864,763438,2702662.6333333333,2725775.066666667
"2025-04-13 00:00:00",2175482,309048,142518,37465,589170,2724402.2,2726446.033333333
"2025-04-14 00:00:00",1044382,408785,160275,57246,771957,2724086.966666667,2733806.1333333333
"2025-04-15 00:00:00",1319932,350757,183900,80590,831945,2719437.3,2731935.6
"2025-04-16 00:00:00",1206094,107240,198947,84827,664113,2707133.7333333334,2731810.5
"2025-04-17 00:00:00",1266725,235293,138999,74502,1009458,2726899.4,2740281.4
"2025-04-18 00:00:00",1096485,118372,166949,76066,854295,2716655.3,2762088.1
"2025-04-19 00:00:00",1019948,114109,111367,62955,907863,2709061.5,2757562.566666667
"2025-04-20 00:00:00",1338556,316136,102326,56323,768001,2718961.4,2737474.566666667
"2025-04-21 00:00:00",1219816,239623,134533,36799,943944,2715543.1333333333,2720384.8
"2025-04-22 00:00:00",1564302,369733,231505,37088,878288,2724548.533333333,2717126.533333333
"2025-04-23 00:00:00",1256165,469982,184688,79506,704458,2719600.1666666665,2723282.033333333
"2025-04-24 00:00:00",885251,190785,231730,65699,797012,2675667,2719823.9
"2025-04-25 00:00:00",1138231,351904,173233,63549,795273,2662725.4,2718815.6666666665
"2025-04-26 00:00:00",1447386,176368,149459,55394,816522,2662564.466666667,2717903.7333333334
"2025-04-27 00:00:00",1101397,275005,151188,30948,753073,2632885.9,2729459.3
"2025-04-28 00:00:00",1122939,241222,205298,51878,751516,2617940.2,2723918.433333333
"2025-04-29 00:00:00",1187086,245224,126733,88019,658817,2612903.7666666666,2744429.066666667
"2025-04-30 00:00:00",1285011,256126,179133,83347,681670,2604965.2666666666,2752408.466666667
"2025-05-01 00:00:00",1416387,303725,199860,50219,678972,2607360.1333333333,2743450.6666666665
"2025-05-02 00:00:00",1123420,157005,184564,52899,789565,2599635.2,2743607.3333333335
"2025-05-03 00:00:00",1125689,301862,175746,48837,831123,2605975.9,2750792.3666666667
"2025-05-04 00:00:00",1096635,177256,130424,32422,659104,2588587.1,2743803.3
"2025-05-05 00:00:00",1212859,218228,130229,60049,1023001,2584430.7,2749160.3333333335
"2025-05-06 00:00:00",1318491,229037,199021,78686,831235,2562730.8,2764302.9
"2025-05-07 00:00:00",1109412,280518,198406,67596,816242,2562750.6,2765826.033333333
"2025-05-08 00:00:00",1535598,309037,201386,60864,858975,2561179.8,2756519.466666667
"2025-05-09 00:00:00",1053971,269056,186553,69670,909326,2564996.2333333334,2767718.066666667
"2025-05-10 00:00:00",1365664,379463,140996,64024,918351,2565978.2666666666,2758001.8333333335
"2025-05-11 00:00:00",1360565,95621,136283,44120,508898,2538747.6666666665,2767863.6
"2025-05-12 00:00:00",1025802,183496,143269,60225,842595,2525232.8,2756678.1333333333
"2025-05-13 00:00:00",1548255,351950,181129,97785,1028845,2523709.4,2754695.8
"2025-05-14 00:00:00",1625323,194841,219727,74301,665116,2534931.5,2742402.2
"2025-05-15 00:00:00",1159425,129869,196585,65244,823609,2521851.966666667,2742028.3
"2025-05-16 00:00:00",1155925,169630,180120,86913,952235,2531305.533333333,2750535.5
"2025-05-17 00:00:00",1364689,199424,171782,69431,1100501,2537333.933333333,2740264.8666666667
"2025-05-18 00:00:00",1159818,187206,134127,45600,586874,2530715.7666666666,2721921.1333333333
"2025-05-19 00:00:00",1408338,381345,197071,64330,706123,2548748.2666666666,2717957.1
"2025-05-20 00:00:00",1514939,478288,211143,69714,610867,2558869.6,2725740.3333333335
"2025-05-21 00:00:00",1242108,275713,261792,75727,844255,2563032.466666667,2725672.1666666665
"2025-05-22 00:00:00",1086363,353238,190891,66758,1086647,2553131.3666666667,2720883.4
"2025-05-23 00:00:00",1482392,96821,164265,63574,1185904,2563069.8666666667,2730133.5
"2025-05-24 00:00:00",1155547,185558,131611,67264,963394,2574166.066666667,2714715.7666666666
"2025-05-25 00:00:00",994514,350481,129588,51497,959531,2572946.8333333335,2693768.1
"2025-05-26 00:00:00",1443522,417380,192371,92504,1035182,2590808.3,2679476.9
"2025-05-27 00:00:00",1034918,172966,166898,63065,675610,2584203.533333333,2703449.3666666667
"2025-05-28 00:00:00",1104838,185011,175539,63848,784973,2582249.1666666665,2682581.566666667
"2025-05-29 00:00:00",970615,388314,207476,62510,1158297,2598293.8333333335,2693705.033333333
"2025-05-30 00:00:00",1304410,220335,159885,57598,771877,2599254.3,2706721.5
"2025-05-31 00:00:00",846545,340691,125969,64184,974023,2589329.466666667,2709260.2333333334
"2025-06-01 00:00:00",1410515,331645,157473,35451,530000,2594583.8666666667,2726352.7
"2025-06-02 00:00:00",901643,289027,191298,41310,1127283,2596827.1666666665,2715419.3333333335
"2025-06-03 00:00:00",783929,223390,195901,63422,721263,2593229.566666667,2723992.433333333
"2025-06-04 00:00:00",1441694,224082,190635,61335,855992,2597541.8666666667,2712733.9
"2025-06-05 00:00:00",1403983,288493,213319,67169,955825,2606620.1333333333,2702909.933333333
"2025-06-06 00:00:00",1325872,208416,143857,88873,822658,2610537,2712342.2333333334
"2025-06-07 00:00:00",1142266,115580,148547,64363,1032262,2595108.8666666667,2722099.2333333334
"2025-06-08 00:00:00",1533698,209253,142892,29429,751019,2601032.2666666666,2702033.966666667
"2025-06-09 00:00:00",1155963,221313,194572,40405,851987,2587556.9,2696972.8333333335
"2025-06-10 00:00:00",1058779,404930,166811,69721,664080,2594851.533333333,2690258.4
"2025-06-11 00:00:00",1047905,122285,183159,62397,731408,2591243.966666667,2708618.8666666667
"2025-06-12 00:00:00",1241565,300843,206527,86713,888459,2575115.1666666665,2710063.1
"2025-06-13 00:00:00",1526706,407451,171321,71057,857250,2583597.8,2722727
"2025-06-14 00:00:00",1088759,284448,158407,81993,827581,2585812.7333333334,2712378.9
"2025-06-15 00:00:00",1456952,325836,137232,38024,813325,2593364,2712911.2333333334
"2025-06-16 00:00:00",1420433,170035,200683,66253,1044580,2593236.033333333,2723159.533333333
"2025-06-17 00:00:00",1240666,257251,164185,91799,671014,2603612.7,2739141.966666667
"2025-06-18 00:00:00",1930397,385130,187962,80938,619060,2618488.8333333335,2764863.8333333335
"2025-06-19 00:00:00",1306349,394475,186564,63072,708923,2610969.066666667,2751856.8666666667
"2025-06-20 00:00:00",1061562,313157,210435,82361,854162,2605038.7,2752202.2666666666
"2025-06-21 00:00:00",1118259,481262,197161,57754,830893,2601753.2666666666,2756063.2333333334
"2025-06-22 00:00:00",1358648,244117,167541,31074,802640,2588788.6,2753625.533333333
"2025-06-23 00:00:00",1549183,284353,134854,51160,737801,2597254.7333333334,2751106.3666666667
"2025-06-24 00:00:00",1156356,526186,182615,80589,709862,2602921.566666667,2778671.7333333334
"2025-06-25 00:00:00",1382747,429754,215949,77056,766090,2592609.1333333333,2786588.3666666667
"2025-06-26 00:00:00",1367349,254216,226938,51190,834909,2613314.033333333,2765854.2
"2025-06-27 00:00:00",868323,275508,209333,86743,791916,2610568.1666666665,2789083.8666666667
"2025-06-28 00:00:00",1141197,194416,147851,62791,863858,2597997.966666667,2780684.6666666665
"2025-06-29 00:00:00",1683916,281892,163124,26151,657377,2607942.9,2773606.6
"2025-06-30 00:00:00",982121,347485,242962,70759,963254,2616448.8333333335,2768897.566666667
"2025-07-01 00:00:00",889454,200838,172320,86847,984471,2612077.1666666665,2772089.2
"2025-07-02 00:00:00",888734,234621,198571,72921,838572,2601506.2,2770988.566666667
"2025-07-03 00:00:00",1557345,172609,202982,53873,1056126,2636674.3333333335,2777813
"2025-07-04 00:00:00",1321783,255593,139995,78392,758718,2629365.6333333333,2789137.2333333334
"2025-07-05 00:00:00",1702588,338288,105228,56509,885294,2634669.3333333335,2789346.1
"2025-07-06 00:00:00",1284670,209297,124109,36489,560815,2622192.466666667,2774614.3666666667
"2025-07-07 00:00:00",1160823,257111,178063,38909,781417,2619302.8666666667,2768820.966666667
"2025-07-08 00:00:00",1045211,273456,199988,84991,743202,2608655.1333333333,2799007.933333333
"2025-07-09 00:00:00",1170837,263859,164144,70440,764183,2607629.3,2815861.6666666665
"2025-07-10 00:00:00",1187449,309091,201609,45314,792111,2613337.5,2815082.6333333333
"2025-07-11 00:00:00",1156887,130750,142262,69203,768014,2617336.1,2818228.8333333335
"2025-07-12 00:00:00",1907171,219406,134224,55617,923958,2634544.8333333335,2801127.6333333333
"2025-07-13 00:00:00",1315074,478127,112136,54502,762484,2624162.4,2793765.9
"2025-07-14 00:00:00",983573,410487,178980,45269,1099916,2633397.2,2783105.033333333
"2025-07-15 00:00:00",901491,284814,193840,74523,625103,2610344.3,2772952.1333333333
"2025-07-16 00:00:00",1438627,310244,250958,65979,745453,2607320.1,2781110.7666666666
"2025-07-17 00:00:00",995523,534901,215513,56853,954470,2618398.5,2804745.2
"2025-07-18 00:00:00",1309716,207465,146336,70101,915088,2599905.7,2787555.7333333334
"2025-07-19 00:00:00",1360638,309959,164354,56293,956353,2606179.9,2799799.8333333335
"2025-07-20 00:00:00",1290475,326888,125835,52491,909455,2612295.033333333,2809456.3333333335
"2025-07-21 00:00:00",1197727,327263,163168,59489,648062,2602640.966666667,2788535.966666667
"2025-07-22 00:00:00",839699,249051,213517,63251,1069909,2597021.2,2780527.566666667
"2025-07-23 00:00:00",900898,309750,201849,80082,707849,2578457,2778423.433333333
"2025-07-24 00:00:00",1041562,284397,215280,68275,864892,2572416.8333333335,2758297.966666667
"2025-07-25 00:00:00",1497155,335226,145196,80271,889190,2574931.4,2753702.7666666666
"2025-07-26 00:00:00",1023890,154403,164775,48936,773301,2555954.6333333333,2764005.2333333334
"2025-07-27 00:00:00",1332407,468813,161407,38798,670547,2570626.033333333,2755563.433333333
"2025-07-28 00:00:00",1426693,181313,207123,63769,841627,2580973.3,2747984.1666666665
"2025-07-29 00:00:00",1127786,233213,164881,70133,732508,2564842.3333333335,2732753.3333333335
"2025-07-30 00:00:00",1732052,299292,218719,64121,857660,2583684.4,2733597.1333333333
"2025-07-31 00:00:00",1089170,644152,172816,79164,1243229,2613504.433333333,2724230.7666666666
"2025-08-01 00:00:00",1246422,138011,169438,58488,967599,2625055.966666667,2724984.566666667
"2025-08-02 00:00:00",1425649,231584,134974,44019,803840,2611626.3,2715196.6
"2025-08-03 00:00:00",1509943,149438,136268,48473,815800,2615140.966666667,2708500.1666666665
"2025-08-04 00:00:00",1312204,285775,152836,58739,822897,2599958.8,2718463.8666666667
"2025-08-05 00:00:00",1231053,369352,169225,67301,1038932,2621975,2735181.6666666665
"2025-08-06 00:00:00",1062468,281225,212403,58200,842696,2623330.7,2730797.2333333334
"2025-08-07 00:00:00",1744550,550991,194299,91390,896257,2661018.8,2708844.3666666667
"2025-08-08 00:00:00",1133522,337000,149113,71758,798955,2662915.3333333335,2716636.7333333334
"2025-08-09 00:00:00",1206312,86875,136165,35875,777078,2653139.533333333,2722852.066666667
"2025-08-10 00:00:00",1426799,177106,170501,48489,1009435,2671979.966666667,2709414.566666667
"2025-08-11 00:00:00",1371242,332778,175366,50485,613738,2648754.566666667,2700449.8
"2025-08-12 00:00:00",871137,422660,171433,59684,854302,2637318.2,2683607.7333333334
"2025-08-13 00:00:00",1490058,367355,156768,65686,1181152,2655411.433333333,2704204.7666666666
"2025-08-14 00:00:00",1061797,350567,249802,50987,1016402,2677070.8666666667,2712784.033333333
"2025-08-15 00:00:00",996986,352120,117333,53612,924830,2664857.966666667,2702614.6666666665
"2025-08-16 00:00:00",1002571,211692,137778,46983,530113,2637253.1666666665,2671810.1
"2025-08-17 00:00:00",1443002,192122,134683,26994,659071,2630824.6666666665,2674535.8666666667
"2025-08-18 00:00:00",1091109,331618,192534,58126,886235,2621225.6,2656195.933333333
"2025-08-19 00:00:00",1170257,283845,177493,62009,908495,2617790.6666666665,2651822.4
"2025-08-20 00:00:00",1134265,311290,227746,58479,715363,2619504.966666667,2669223.433333333
"2025-08-21 00:00:00",914374,415120,198824,43334,964933,2622877.066666667,2644698.6
"2025-08-22 00:00:00",1304002,345943,183338,47450,1016155,2646092.1,2655319
"2025-08-23 00:00:00",931910,413041,177881,45358,597822,2635811.966666667,2642881.6333333333
"2025-08-24 00:00:00",1291590,300828,149877,28480,1047516,2631520.3,2637177.3333333335
"2025-08-25 00:00:00",1170821,231291,154836,74433,855373,2642235.6,2614843.966666667
"2025-08-26 00:00:00",1012191,392090,157590,77831,763003,2633260.1,2596579.9
"2025-08-27 00:00:00",1026856,191444,221188,59302,818164,2619807.3333333335,2601125.3666666667
"2025-08-28 00:00:00",1460676,398486,237835,80209,858144,2643368.7,2629693.066666667
"2025-08-29 00:00:00",980849,289663,167085,57576,849545,2615797.566666667,2620952.966666667
"2025-08-30 00:00:00",1126344,227166,154715,38106,734657,2584212.533333333,2634438.8
"2025-08-31 00:00:00",1113976,361205,155065,32355,820757,2580991.8666666667,2631369.466666667
"2025-09-01 00:00:00",1223717,345927,176636,46003,714787,2576558.6666666665,2626876.533333333
"2025-09-02 00:00:00",1250524,308176,198529,74285,985265,2581787.8,2630267.8333333335
"2025-09-03 00:00:00",1051600,135492,168951,80296,883583,2571370.3,2615005.5
"2025-09-04 00:00:00",1226979,171489,184631,80141,717627,2554870.7333333334,2595451.566666667
"2025-09-05 00:00:00",1209204,314035,197010,69830,1087105,2568876.7333333334,2594399.1
"2025-09-06 00:00:00",1132485,379126,141647,50075,1137140,2547642.933333333,2609794.566666667
"2025-09-07 00:00:00",1175371,511658,138384,40215,602392,2546898.3666666667,2595678.8
"2025-09-08 00:00:00",952854,312944,173718,56451,742774,2546779.6333333333,2582582.3333333335
"2025-09-09 00:00:00",930551,388948,164844,77947,785894,2530641.3666666667,2574274.033333333
"2025-09-10 00:00:00",1245551,466716,164197,65524,883824,2540048.2666666666,2598477.1333333333
"2025-09-11 00:00:00",1134054,380895,174186,70492,1001168,2552767.5,2618179.3333333335
"2025-09-12 00:00:00",1733032,213240,168057,81305,979795,2549914.1666666665,2618372.7666666666
"2025-09-13 00:00:00",1322457,385944,150351,56664,1119449,2560090.6666666665,2615257.6
"2025-09-14 00:00:00",1653714,331393,133154,35135,940091,2581710.7,2605843.7333333334
"2025-09-15 00:00:00",630172,256246,130333,40377,755169,2577816.433333333,2619705.566666667
"2025-09-16 00:00:00",1186883,172323,182576,79828,969431,2582322.4,2609594.8333333335
"2025-09-17 00:00:00",1226956,333853,200386,73264,929854,2589145.3,2625741.433333333
"2025-09-18 00:00:00",1095482,403530,224918,61059,1250431,2603589.8333333335,2615145.433333333
"2025-09-19 00:00:00",1651558,107405,172445,66042,886804,2618161.033333333,2616364.1
"2025-09-20 00:00:00",1169793,222578,161648,73742,848497,2616150.1333333333,2652498.033333333
"2025-09-21 00:00:00",1555232,351067,150188,39451,690464,2612467.2,2633498.033333333
"2025-09-22 00:00:00",1157345,454492,180221,52249,1050652,2636766.1666666665,2648064.1
"2025-09-23 00:00:00",1312159,265726,182331,80748,681510,2626905.7333333334,2668172.4
"2025-09-24 00:00:00",1235338,472602,192193,67050,659769,2631578.7666666666,2682896.1333333333
"2025-09-25 00:00:00",1020780,232723,217312,64977,971133,2635052.6,2701214.2333333334
"2025-09-26 00:00:00",1226422,275571,158090,77765,866227,2644623.6,2694907.966666667
"2025-09-27 00:00:00",1211085,197720,156056,57126,1198897,2637474.1666666665,2686495.966666667
"2025-09-28 00:00:00",2037275,255652,148246,54641,810582,2669530.033333333,2697685.7333333334
"2025-09-29 00:00:00",978134,424718,137310,57059,928823,2677699.1666666665,2685930.066666667
"2025-09-30 00:00:00",1291748,287442,169714,91174,781411,2682304.3666666667,2685801.1666666665
"2025-10-01 00:00:00",916338,334994,169255,71548,702407,2671887.1,2689727.933333333
"2025-10-02 00:00:00",1108609,245138,203644,69380,765937,2657751.3666666667,2680134
"2025-10-03 00:00:00",1427880,311568,148720,74740,713612,2669637.933333333,2690234.6
"2025-10-04 00:00:00",952853,200548,128785,42962,586010,2653980.4,2687933.1666666665
"2025-10-05 00:00:00",1059851,283536,98124,19666,951255,2638488.2666666666,2689867.6333333333
"2025-10-06 00:00:00",1349492,199970,115831,48027,754478,2626065.433333333,2667945.3666666667
"2025-10-07 00:00:00",1259277,263229,195885,80287,1112657,2640842.8333333335,2664382.4
"2025-10-08 00:00:00",1064623,383553,202057,85530,771168,2649782.7,2672681.6
"2025-10-09 00:00:00",1056139,307862,184031,67526,858918,2653992.566666667,2676354.1
"2025-10-10 00:00:00",1200647,326136,168690,59845,738334,2642920.6333333333,2671350.4
"2025-10-11 00:00:00",1289394,307273,184149,55151,793136,2638530.8333333335,2667088.466666667
"2025-10-12 00:00:00",1054763,227258,106340,47911,1164919,2619389.2666666666,2655686.2
"2025-10-13 00:00:00",1489438,350262,164127,44601,991028,2619542.433333333,2645162.2
"2025-10-14 00:00:00",911664,690254,165430,65876,892091,2607270.066666667,2651163.6
"2025-10-15 00:00:00",939826,362696,167818,49981,864307,2626347.6666666665,2631850.533333333
"2025-10-16 00:00:00",1378190,247776,206282,50859,929165,2633722.933333333,2636171.9
"2025-10-17 00:00:00",1567499,223760,156884,72357,965226,2641103.6666666665,2627178.033333333
"2025-10-18 00:00:00",1244942,442680,140281,59612,621281,2623549.1,2634843.9
"2025-10-19 00:00:00",1232585,278809,175855,70030,898215,2615923.3,2622138.4
"2025-10-20 00:00:00",1304194,333754,193299,53534,1138991,2634173.966666667,2605237.933333333
"2025-10-21 00:00:00",1267763,236619,200821,62883,1012108,2633967.5,2605894.4
"2025-10-22 00:00:00",1565044,439764,240872,73566,617095,2635346.4,2610227.1
"2025-10-23 00:00:00",930766,168404,216500,54146,894046,2626726.2,2604443.966666667
"2025-10-24 00:00:00",1395701,286142,124756,59193,628528,2622305.066666667,2610056.2333333334
"2025-10-25 00:00:00",1204895,390753,129146,60258,877766,2627501.6333333333,2614327.3666666667
"2025-10-26 00:00:00",840832,257164,120369,46447,1019561,2616844.6666666665,2626242.3
"2025-10-27 00:00:00",1356296,371754,150904,41055,747887,2611745.2333333334,2611221.8666666667
"2025-10-28 00:00:00",1155915,279366,146991,84536,809622,2584080.1333333333,2609281.8666666667
"2025-10-29 00:00:00",1579353,183670,205584,77025,788518,2594350.3666666667,2621488.3
"2025-10-30 00:00:00",1113058,207390,199593,85423,1043680,2595272.1666666665,2626610.2666666666
"2025-10-31 00:00:00",1284228,438687,172679,79256,836324,2615826.566666667,2633701.433333333
"2025-11-01 00:00:00",1767926,312532,168737,58832,567101,2631906.7666666666,2638520.1
"2025-11-02 00:00:00",1254384,307104,175166,39668,643552,2623351.8666666667,2640059.466666667
"2025-11-03 00:00:00",1403111,286483,180019,49609,1131813,2661348.1333333333,2644171.433333333
"2025-11-04 00:00:00",1181908,300581,176518,75521,923366,2669530.966666667,2632785.7333333334
"2025-11-05 00:00:00",1001374,195267,230397,71693,1053112,2672332.7,2646862.5
"2025-11-06 00:00:00",1490376,246427,197210,68632,926202,2672916.9,2661649.8666666667
"2025-11-07 00:00:00",1231880,324373,163283,78790,985906,2682160.3666666667,2673219.1333333333
"2025-11-08 00:00:00",1354332,175422,170866,66048,894269,2688375.6,2674092.066666667
"2025-11-09 00:00:00",1158773,500709,146041,32349,833501,2694299.2666666666,2672843.7333333334
"2025-11-10 00:00:00",1179832,345976,150169,50430,710652,2687897.6666666665,2668799.2333333334
"2025-11-11 00:00:00",1302860,438588,174464,83981,679710,2690511.8666666667,2674892.533333333
"2025-11-12 00:00:00",1283617,318467,224943,66912,836032,2680196.3333333335,2679546.9
"2025-11-13 00:00:00",1284505,260893,238915,57376,782970,2676842,2670461.433333333
"2025-11-14 00:00:00",1379404,251899,150432,71561,901791,2689190.7333333334,2667241.7
"2025-11-15 00:00:00",1426205,342968,180073,69482,1106886,2699635.066666667,2667231.3
"2025-11-16 00:00:00",1050688,260187,132234,46897,599794,2669770.3333333335,2687970.433333333
"2025-11-17 00:00:00",1129827,354938,163754,49047,617162,2663301.8333333335,2694732.1
"2025-11-18 00:00:00",1111801,269613,168291,61587,980279,2661171.066666667,2715289.6333333333
"2025-11-19 00:00:00",1073492,250492,169852,88904,1021830,2647197.7666666666,2717605.6
"2025-11-20 00:00:00",1028534,357059,190945,70308,802610,2636173.433333333,2727104.6666666665
"2025-11-21 00:00:00",1014145,329535,166787,68573,947868,2622525.8,2718213.6
"2025-11-22 00:00:00",1722571,330347,143339,73967,746713,2647628.3333333335,2720465.1333333333
"2025-11-23 00:00:00",1207553,375173,164646,35948,556337,2642473.2,2713447.1666666665
"2025-11-24 00:00:00",840234,260144,155580,70504,905498,2628111.1333333333,2696281.3666666667
"2025-11-25 00:00:00",1098414,260548,122407,57504,904312,2633405.1333333333,2684374.2333333334
"2025-11-26 00:00:00",1207869,399618,177004,83948,813869,2633885.6666666665,2709551.3666666667
"2025-11-27 00:00:00",1083275,312411,203580,62461,1299112,2650032.7,2715969.033333333
"2025-11-28 00:00:00",1462741,399966,199938,64686,771978,2652204.2333333334,2694961.7666666666
"2025-11-29 00:00:00",1327036,301800,197104,70947,638757,2648420.6666666665,2697654.4
"2025-11-30 00:00:00",1238647,220986,160336,39469,577567,2629281.2333333334,2695392.1333333333
"2025-12-01 00:00:00",1337180,365574,174592,54042,792098,2624227.1333333333,2679199.7666666666
"2025-12-02 00:00:00",1031511,449321,169680,76519,832243,2628873.8666666667,2680166.7666666666
"2025-12-03 00:00:00",858923,324422,206315,83412,843347,2604386.933333333,2700514.4
"2025-12-04 00:00:00",1319481,315833,192091,63972,669275,2601145.6333333333,2724473.466666667
"2025-12-05 00:00:00",1685100,432198,182030,81664,776622,2621338.066666667,2712967.533333333
"2025-12-06 00:00:00",1329102,75094,175488,59645,814198,2605493.1333333333,2691773.033333333
"2025-12-07 00:00:00",1515620,303473,90336,30817,876120,2606563.8333333335,2662962.6333333333
"2025-12-08 00:00:00",1233506,392893,186453,53080,932295,2611140.1333333333,2646799.6
"2025-12-09 00:00:00",1114647,493649,179501,65722,836302,2611755.3666666667,2654977.3666666667
"2025-12-10 00:00:00",1192488,242122,202156,69660,856022,2615935.2333333334,2659109.3
"2025-12-11 00:00:00",1463680,266237,245799,69896,673918,2617266.033333333,2666503.566666667
"2025-12-12 00:00:00",1005383,373768,166243,70582,831787,2607859.033333333,2693362.2333333334
"2025-12-13 00:00:00",1478638,335901,202160,56325,908354,2619748.966666667,2697615.2666666666
"2025-12-14 00:00:00",1169858,341358,143770,49440,881566,2614112.466666667,2702349.966666667
"2025-12-15 00:00:00",1203903,297533,145402,36006,785840,2592214.6,2711054.5
"2025-12-16 00:00:00",932418,362359,153523,79888,878389,2602774.066666667,2670124.033333333
"2025-12-17 00:00:00",1265103,373916,211673,72972,843771,2617864.033333333,2686022.933333333
"2025-12-18 00:00:00",1264401,261377,196506,79339,772792,2617292.3333333335,2669181.2666666666
"2025-12-19 00:00:00",1424082,279200,202231,43811,886462,2624999.4,2672906.6666666665
"2025-12-20 00:00:00",1158691,297718,178332,78104,803533,2627229.8333333335,2673404.1
"2025-12-21 00:00:00",1569330,230440,128051,42546,644297,2630154.6,2681382.933333333
"2025-12-22 00:00:00",1520209,223613,171623,48012,957407,2626952.466666667,2651112.533333333
"2025-12-23 00:00:00",1652920,198897,147369,50008,857426,2645851.2,2632147.5
"2025-12-24 00:00:00",575934,138475,146269,31741,1154007,2639666.6,2616984.2333333334
"2025-12-25 00:00:00",417445,165518,104924,21039,686867,2604752.933333333,2592199.8666666667
"2025-12-26 00:00:00",1015767,341446,146226,33018,910665,2596913.1666666665,2554139.8666666667
"2025-12-27 00:00:00",1210490,126614,103315,26561,884652,2576605.7333333334,2530229.6666666665
"2025-12-28 00:00:00",1122095,84260,130599,33615,816722,2552871.466666667,2538753.2666666666
"2025-12-29 00:00:00",1520409,245852,131218,30740,753425,2557737.8666666667,2530442.466666667
"2025-12-30 00:00:00",1070097,231032,157921,43292,913140,2563687.4,2521610.2666666666
"2025-12-31 00:00:00",542908,196390,146412,40006,876698,2532983.8333333335,2508726.933333333
"2026-01-01 00:00:00",284238,114712,115280,22686,675881,2488100.6666666665,2468780.3
"2026-01-02 00:00:00",606902,186476,129707,18791,795915,2468812.3,2432852.7333333334
"2026-01-03 00:00:00",1136418,232483,108103,23282,977520,2466050.1333333333,2422102.4
"2026-01-04 00:00:00",574658,112869,121349,29838,600359,2408764.7333333334,2439430.3666666667
"2026-01-05 00:00:00",901246,219142,158288,40623,1032705,2405380.8666666667,2439335.8666666667
"2026-01-06 00:00:00",1052020,219782,129458,50489,696214,2383100.6,2433311
"2026-01-07 00:00:00",967133,299350,202746,31278,851121,2368214.2666666666,2439902.1666666665
"2026-01-08 00:00:00",973288,131294,208490,59902,928873,2355281.6333333333,2419810.3666666667
"2026-01-09 00:00:00",936224,336709,155803,45532,819934,2346339.8666666667,2421155.2333333334
"2026-01-10 00:00:00",992243,191073,111729,45489,569688,2319362.3666666667,2412054
"2026-01-11 00:00:00",1411706,350519,135068,27540,876713,2331154.433333333,2391397.533333333
"2026-01-12 00:00:00",1377140,547312,156872,46068,866761,2331580.1333333333,2382000.533333333
"2026-01-13 00:00:00",718843,449377,180902,75780,873370,2321989.566666667,2374977.2
"2026-01-14 00:00:00",1188885,279953,226788,74390,1118371,2335979.6333333333,2354835.2333333334
"2026-01-15 00:00:00",1445765,274562,184100,59076,1020922,2355241.2,2372921.7333333334
"2026-01-16 00:00:00",983426,410250,139931,75939,900317,2346655.3333333335,2343900.6333333333
"2026-01-17 00:00:00",1321016,234490,159248,35726,718287,2343133.4,2329614.966666667
"2026-01-18 00:00:00",1524141,486560,138305,30358,720269,2345261.1333333333,2337851.5
"2026-01-19 00:00:00",1161230,512074,184799,69287,936980,2356860.9,2329143.1
"2026-01-20 00:00:00",1146996,333786,179766,54848,988979,2359851.3333333335,2326524.7
"2026-01-21 00:00:00",899516,425321,193565,74783,641689,2336984.3333333335,2342534.966666667
"2026-01-22 00:00:00",1423208,169340,192885,35872,778699,2326763.7666666666,2374116.9
"2026-01-23 00:00:00",1269100,298914,141569,64264,790293,2344020.8,2417601.7333333334
"2026-01-24 00:00:00",1629120,382032,108560,47330,1339788,2414388.966666667,2440246.1333333333
"2026-01-25 00:00:00",894646,84355,181836,36438,663349,2394838.8,2473448.466666667
"2026-01-26 00:00:00",1621829,377576,142926,63707,919533,2420637.1666666665,2496134.6666666665
"2026-01-27 00:00:00",1027347,264739,162837,71740,911325,2428994.033333333,2483412.4
"2026-01-28 00:00:00",1225780,404358,153717,81770,752820,2426887.566666667,2494251.033333333
"2026-01-29 00:00:00",1547114,213772,207628,48379,831813,2441328.9,2494666.3666666667
"2026-01-30 00:00:00",1308331,308578,183123,71146,918422,2474235.966666667,2514493.966666667
"2026-01-31 00:00:00",753730,162542,138812,62019,663377,2493159.3666666667,2547593.3333333335
"2026-02-01 00:00:00",1129443,98000,120726,25902,812425,2508116.2,2577762.1
"2026-02-02 00:00:00",1426859,291163,179820,47359,632049,2511431.2,2568711.3666666667
"2026-02-03 00:00:00",1007420,229531,172930,73987,573273,2532033.8666666667,2575937.966666667
"2026-02-04 00:00:00",930442,143594,169136,69928,712713,2521160.7666666666,2601800.7333333334
"2026-02-05 00:00:00",1130398,275928,184444,61308,924742,2535456.6333333333,2639439.2333333334
"2026-02-06 00:00:00",1024453,181332,170120,63459,769289,2530690.4,2674776.1666666665
"2026-02-07 00:00:00",1426574,255743,129038,46589,723136,2539998,2687133.1333333333
"2026-02-08 00:00:00",1194592,395448,173523,33432,737740,2548015.7,2689606.2333333334
"2026-02-09 00:00:00",1370900,455244,195634,61876,657122,2575701.6333333333,2671379.033333333
"2026-02-10 00:00:00",1467856,282166,234906,80059,920356,2581828.8,2692359.6
"2026-02-11 00:00:00",1114398,394744,186488,75339,781548,2567107.933333333,2720856.7333333334
"2026-02-12 00:00:00",995307,252025,194924,67284,1065127,2576320.966666667,2731736.7666666666
"2026-02-13 00:00:00",1298454,96422,119659,67711,578678,2552072.1,2745261.033333333
"2026-02-14 00:00:00",1415388,185905,139018,71559,999372,2546299.2333333334,2760440.8333333335
"2026-02-15 00:00:00",1368017,333106,164819,53902,718544,2550583.466666667,2755859.8333333335
"2026-02-16 00:00:00",1195970,319760,123575,54520,861293,2553461.9,2783539.7333333334
"2026-02-17 00:00:00",1121056,394353,192493,70836,558756,2534724.433333333,2778702.4
"2026-02-18 00:00:00",1573983,120751,191371,74687,1184284,2544081.033333333,2796424.6333333333
"2026-02-19 00:00:00",1046403,269039,201507,66881,789566,2533048.466666667,2777973.3
"2026-02-20 00:00:00",1559261,266610,162411,71272,1086876,2563433.933333333,2798037.966666667
"2026-02-21 00:00:00",1263159,363891,194142,56481,1081808,2575416.466666667,2781219.2
"2026-02-22 00:00:00",1240204,317973,174372,42403,871683,2578166.466666667,2756267.9
"2026-02-23 00:00:00",1557726,383918,150805,53336,727309,2557042.466666667,2774149.7666666666
"2026-02-24 00:00:00",1038583,304427,195212,88111,902284,2579309.566666667,2767938.7
"2026-02-25 00:00:00",1219580,284580,234699,94035,835028,2564054.9,2750537.8666666667
"2026-02-26 00:00:00",1235727,310731,208604,59236,1040118,2577936.1666666665,2759739.566666667
"2026-02-27 00:00:00",1437031,346383,161872,66909,996803,2590954.566666667,2753370.3
"2026-02-28 00:00:00",1329669,196298,141456,64411,793750,2580183.7,2749673.6333333333
"2026-03-01 00:00:00",1205264,263347,133148,43510,643043,2563473.966666667,2760654.1
"2026-03-02 00:00:00",824593,497086,165588,61274,1114001,2592876.066666667,2761474.566666667
"2026-03-03 00:00:00",1588885,411034,162376,87963,902004,2625069.1,2753558.966666667
"2026-03-04 00:00:00",1483181,239881,237051,93071,814973,2634766.2666666666,2754408.433333333
"2026-03-05 00:00:00",1152464,404418,227158,70936,593090,2647797.4,2737316.1
"2026-03-06 00:00:00",1304775,121074,155560,73928,991941,2668512.8,2725192.466666667
"2026-03-07 00:00:00",1086926,306162,159658,58544,1320295,2680338.066666667,2712609.966666667
"2026-03-08 00:00:00",1475177,122775,181196,40753,540022,2685380.466666667,2695056.6
"2026-03-09 00:00:00",1151859,163849,129159,70888,837935,2677800.7666666666,2682082.1333333333
"2026-03-10 00:00:00",1438010,317254,151157,77126,857899,2688024.533333333,2669867.2
"2026-03-11 00:00:00",1101970,161029,223111,79182,847541,2677093.2,2672862.6
"2026-03-12 00:00:00",935235,448404,225368,65424,806214,2660269.6333333333,2667344.8666666667
"2026-03-13 00:00:00",1399693,245724,174535,61605,790592,2664257.3666666667,2659451.7333333334
"2026-03-14 00:00:00",1328972,116002,104015,61717,697951,2655390.1,2652952.6
"2026-03-15 00:00:00",1140727,176593,180944,42968,919699,2665390.2666666666,2645274.933333333
"2026-03-16 00:00:00",1178065,480023,182013,49734,928882,2665639.466666667,2642616.7333333334
"2026-03-17 00:00:00",1386245,302705,205453,82803,763075,2669035.6666666665,2653118.8333333335
"2026-03-18 00:00:00",1224760,332097,223002,68339,974888,2677968.2333333334,2625243.7666666666
"2026-03-19 00:00:00",1164853,186891,188235,61044,1141873,2691481.6,2617890.566666667
"2026-03-20 00:00:00",1312310,272245,144255,81987,925898,2677869.066666667,2604011.7666666666
"2026-03-21 00:00:00",1212659,379733,155652,77278,813122,2686703.8666666667,2605492.466666667
"2026-03-22 00:00:00",1582301,291617,178801,36595,1095280,2687975.6,2595676.6333333333
"2026-03-23 00:00:00",1319239,326656,170236,64959,830295,2679706.1,2602732.6666666665
"2026-03-24 00:00:00",1186983,644492,170422,88150,797094,2687723.4,2607848.3666666667
"2026-03-25 00:00:00",946127,492755,210398,72246,895225,2679178.7666666666,2626899.9
"2026-03-26 00:00:00",1417091,81378,172118,57950,1185606,2692029.3333333335,2626678.1333333333
"2026-03-27 00:00:00",915916,206241,194659,84340,590499,2669486.966666667,2638828.466666667
"2026-03-28 00:00:00",1578713,167090,136126,62541,955100,2670991.7,2656975.433333333
"2026-03-29 00:00:00",1362098,200645,170861,36047,707355,2653258.3,2664041.3
"2026-03-30 00:00:00",1079788,188066,147010,61720,991107,2651328.2666666666,2667010.2
"2026-03-31 00:00:00",1233791,336942,166171,83204,858940,2664352.6666666665,2665382.966666667
"2026-04-01 00:00:00",1803421,378319,205174,88558,888784,2687743,2666026.433333333
"2026-04-02 00:00:00",1112157,258445,194581,69007,830064,2664809.3333333335,2663172.066666667
"2026-04-03 00:00:00",1136580,181833,110019,77287,889431,2649042.2666666666,2661354.533333333
"2026-04-04 00:00:00",1300614,231881,139125,46801,783950,2650852.1666666665,2666049.533333333
"2026-04-05 00:00:00",1210115,207016,98702,37130,910130,2644712.3333333335,2667241.6333333333
"2026-04-06 00:00:00",854103,255005,107912,42130,655140,2610802.1666666665,2685611.6
"2026-04-07 00:00:00",1158356,513011,174877,36106,540402,2612896.433333333,2673387
"2026-04-08 00:00:00",1026411,430472,205096,55643,1111019,2628728.466666667,2694230.3333333335
"2026-04-09 00:00:00",1083954,221048,193349,60090,954394,2617774.8666666667,2692226.6666666665
"2026-04-10 00:00:00",1233188,282205,168446,75124,970877,2628341.6,2711283.1
"2026-04-11 00:00:00",1104973,213784,140025,65184,710991,2620151.933333333,2708736.7666666666
"2026-04-12 00:00:00",793670,256656,112818,37975,647390,2592696.9,2702662.6333333333
"2026-04-13 00:00:00",1622393,126164,153047,45701,1015081,2614488.1666666665,2724402.2
"2026-04-14 00:00:00",1218351,326289,216576,79132,1027656,2628057.8,2724086.966666667
"2026-04-15 00:00:00",1770263,214920,198674,60258,582981,2628337.2666666666,2719437.3
"2026-04-16 00:00:00",1241589,258747,234532,79454,787250,2623714.1333333333,2707133.7333333334
"2026-04-17 00:00:00",1174855,283959,158823,64003,1093421,2622113,2726899.4
"2026-04-18 00:00:00",1110946,216310,209084,57930,842464,2611907.6,2716655.3
"2026-04-19 00:00:00",1568489,364408,169851,53921,768955,2618205.033333333,2709061.5
"2026-04-20 00:00:00",1520362,174108,200405,70264,829200,2623401.933333333,2718961.4
"2026-04-21 00:00:00",1029241,342965,200262,97720,810750,2599947.4,2715543.1333333333
"2026-04-22 00:00:00",1579715,362429,205764,60930,1233516,2624312.8666666667,2724548.533333333
"2026-04-23 00:00:00",1342843,197898,204901,78526,752404,2613960.533333333,2719600.1666666665
"2026-04-24 00:00:00",1066608,216350,157584,66370,823231,2604406.533333333,2675667
"2026-04-25 00:00:00",1108647,242108,134146,76707,1052527,2594406.5,2662725.4
"2026-04-26 00:00:00",1744860,214895,124526,45040,926600,2629881.433333333,2662564.466666667
"2026-04-27 00:00:00",1304945,462936,222525,47478,801174,2627864.533333333,2632885.9
"2026-04-28 00:00:00",1107760,270999,205570,71216,851777,2628875.466666667,2617940.2
"2026-04-29 00:00:00",1453497,446688,221808,97285,925406,2651442.033333333,2612903.7666666666
"2026-04-30 00:00:00",906131,220297,171484,75724,736777,2632487.6333333333,2604965.2666666666
"2026-05-01 00:00:00",1590906,216084,139772,38315,621809,2607241.8,2607360.1333333333
"2026-05-02 00:00:00",1120201,248493,202876,47152,749154,2604028.966666667,2599635.2
"2026-05-03 00:00:00",1042080,397134,121894,32781,698698,2600609.8666666667,2605975.9
"2026-05-04 00:00:00",1219865,367849,195908,48899,814553,2605433.2,2588587.1
"2026-05-05 00:00:00",1185590,252944,217503,85772,976230,2613932.1666666665,2584430.7
"2026-05-06 00:00:00",1134405,399803,196615,69678,822123,2637543.966666667,2562730.8
"2026-05-07 00:00:00",1397140,235076,223474,98744,765389,2647446.8,2562750.6
"2026-05-08 00:00:00",1357221,127665,172832,58460,876437,2639579.1666666665,2561179.8
"2026-05-09 00:00:00",1185688,308936,129206,57733,1048454,2646818.6333333333,2564996.2333333334
"2026-05-10 00:00:00",1312957,355090,143238,45853,842472,2645810.4,2565978.2666666666
"2026-05-11 00:00:00",1114023,303988,228170,44600,809356,2654649.8333333335,2538747.6666666665
"2026-05-12 00:00:00",1339764,236071,171088,67575,701851,2676911.466666667,2525232.8
"2026-05-13 00:00:00",1188948,316385,173998,75599,1092501,2673079.7666666666,2523709.4
"2026-05-14 00:00:00",1418962,311816,234326,72196,613144,2665827.7,2534931.5
"2026-05-15 00:00:00",1497096,214315,161301,60388,1142609,2674114.533333333,2521851.966666667
"2026-05-16 00:00:00",1701841,306559,151184,58297,896892,2691220.8333333335,2531305.533333333
"2026-05-17 00:00:00",1340163,505355,156422,21532,717463,2690083.1333333333,2537333.933333333
"2026-05-18 00:00:00",952079,211543,177932,45697,765186,2680606.9,2530715.7666666666
"2026-05-19 00:00:00",1134630,319703,134461,92805,881032,2668507.5,2548748.2666666666
"2026-05-20 00:00:00",1268624,322941,261351,76656,879855,2669010.7,2558869.6
"2026-05-21 00:00:00",1408583,447049,198609,65286,846765,2685189.1,2563032.466666667
"2026-05-22 00:00:00",1212244,272996,161336,71444,789323,2654022.2666666666,2553131.3666666667
"2026-05-23 00:00:00",1163546,147060,153873,62313,928371,2649974.7,2563069.8666666667
"2026-05-24 00:00:00",1698917,159867,161078,39090,937021,2672168.9,2574166.066666667
"2026-05-25 00:00:00",1003008,539430,212762,49870,696557,2668418.6,2572946.8333333335
"2026-05-26 00:00:00",1137890,306540,175405,73036,691668,2646039.3666666667,2590808.3
"2026-05-27 00:00:00",1106109,308676,223986,64311,761634,2633561.3333333335,2584203.533333333
"2026-05-28 00:00:00",1220622,110038,173871,94066,1043646,2638058.8333333335,2582249.1666666665
"2026-05-29 00:00:00",1498847,318167,190183,68079,1015183,2636251.1333333333,2598293.8333333335
"2026-05-30 00:00:00",1599525,288378,129002,49181,858374,2663385.8333333335,2599254.3
"2026-05-31 00:00:00",1672359,153472,131723,31150,758633,2668067.6666666665,2589329.466666667
"2026-06-01 00:00:00",1031726,212821,175867,49216,752502,2663209.566666667,2594583.8666666667
"2026-06-02 00:00:00",1596536,205630,185541,76427,762268,2681003.6333333333,2596827.1666666665
"2026-06-03 00:00:00",888041,215130,236855,80637,808343,2667068.3666666667,2593229.566666667
"2026-06-04 00:00:00",1260126,239407,152334,61971,917886,2664191.1333333333,2597541.8666666667
"2026-06-05 00:00:00",1232594,247147,159188,79456,847157,2662288.1,2606620.1333333333
"2026-06-06 00:00:00",1221903,213913,119150,40593,817525,2652063.033333333,2610537
"2026-06-07 00:00:00",1132456,227875,194379,44318,792682,2645366.1666666665,2595108.8666666667
"2026-06-08 00:00:00",1490392,243741,205348,45175,584371,2639999.8,2601032.2666666666
"2026-06-09 00:00:00",1831965,294158,170181,71789,881264,2658325.1,2587556.9
"2026-06-10 00:00:00",1268120,271511,251457,80877,727544,2661637.6333333333,2594851.533333333
"2026-06-11 00:00:00",1373983,237396,198075,70330,940762,2671777.933333333,2591243.966666667
"2026-06-12 00:00:00",1693029,222016,128260,62815,831820,2674794.8333333335,2575115.1666666665
"2026-06-13 00:00:00",1219929,187952,115153,67860,777105,2665379.533333333,2583597.8
"2026-06-14 00:00:00",1502878,383163,125371,37426,967297,2663393.7666666666,2585812.7333333334
"2026-06-15 00:00:00",1239541,205633,152961,56869,996556,2647953.5,2593364
"2026-06-16 00:00:00",1054949,490814,169541,82517,864483,2645332.8,2593236.033333333
"2026-06-17 00:00:00",1237010,316285,257500,80952,784895,2662806.033333333,2603612.7
"2026-06-18 00:00:00",1770231,121941,202571,73800,840511,2677686.8,2618488.8333333335
"2026-06-19 00:00:00",1239644,184205,150042,67462,815254,2665925.966666667,2610969.066666667
"2026-06-20 00:00:00",1128213,245474,119697,44299,834569,2646123.966666667,2605038.7
"2026-06-21 00:00:00",1397585,291666,127102,33457,815556,2651390.6666666665,2601753.2666666666
"2026-06-22 00:00:00",1517574,425566,176129,41662,876872,2670812.3666666667,2588788.6
"2026-06-23 00:00:00",1257606,247167,169690,78749,556198,2647927.3,2597254.7333333334
"2026-06-24 00:00:00",1820532,443778,240366,69102,1294049,2693467.3666666667,2602921.566666667
"2026-06-25 00:00:00",853131,330971,204655,57160,591009,2681880.7,2592609.1333333333
"2026-06-26 00:00:00",1390522,429127,167047,77314,1182778,2707950.1333333333,2613314.033333333
"2026-06-27 00:00:00",1426004,105972,135879,47643,919933,2707722.8,2610568.1666666665
"2026-06-28 00:00:00",1123279,267620,130579,36147,679074,2679263.8,2597997.966666667
"2026-06-29 00:00:00",1472271,142827,179836,40956,695826,2666172.3333333335,2607942.9
"2026-06-30 00:00:00",1119603,345536,180565,85096,893952,2662086.466666667,2616448.8333333335
"2026-07-01 00:00:00",1148687,190024,215472,59144,959513,2673776.8333333335,2612077.1666666665
"2026-07-02 00:00:00",1268857,266512,195775,65271,690139,2662449.1666666665,2601506.2
"2026-07-03 00:00:00",1291684,311924,121689,63851,858271,2676396.566666667,2636674.3333333335