"DateTime","Container","Dry Bulk","General Cargo","Roll-on/roll-off","Tanker","7-day Moving Average","Prior Year: 7-day Moving Average"
"2019-01-01 00:00:00",19,1,15,1,45,,
"2019-01-02 00:00:00",12,0,22,1,42,,
"2019-01-03 00:00:00",27,1,13,8,49,,
"2019-01-04 00:00:00",20,2,14,7,46,,
"2019-01-05 00:00:00",18,4,7,4,59,,
"2019-01-06 00:00:00",18,3,9,4,44,,
"2019-01-07 00:00:00",28,2,19,7,51,88.85714285714286,
"2019-01-08 00:00:00",17,3,8,8,59,90.85714285714286,
"2019-01-09 00:00:00",23,3,17,6,51,94.14285714285714,
"2019-01-10 00:00:00",24,1,15,5,58,94.85714285714286,
"2019-01-11 00:00:00",25,4,17,6,56,97.57142857142857,
"2019-01-12 00:00:00",23,1,11,5,51,97.42857142857143,
"2019-01-13 00:00:00",17,2,17,6,42,98.28571428571429,
"2019-01-14 00:00:00",26,1,18,7,56,98.42857142857143,
"2019-01-15 00:00:00",15,6,14,7,47,97.57142857142857,
"2019-01-16 00:00:00",21,3,21,6,54,98.28571428571429,
"2019-01-17 00:00:00",18,6,23,7,45,97.71428571428571,
"2019-01-18 00:00:00",18,2,15,7,62,97.14285714285714,
"2019-01-19 00:00:00",21,4,8,5,47,96.28571428571429,
"2019-01-20 00:00:00",21,2,20,6,50,98.42857142857143,
"2019-01-21 00:00:00",21,0,26,8,60,99.42857142857143,
"2019-01-22 00:00:00",19,4,19,7,40,99.42857142857143,
"2019-01-23 00:00:00",18,2,21,7,60,99.85714285714286,
"2019-01-24 00:00:00",28,3,14,6,45,99.42857142857143,
"2019-01-25 00:00:00",19,7,16,6,60,100,
"2019-01-26 00:00:00",22,5,16,5,43,100.85714285714286,
"2019-01-27 00:00:00",14,3,13,4,43,97.71428571428571,
"2019-01-28 00:00:00",23,6,14,8,46,95.14285714285714,
"2019-01-29 00:00:00",18,5,15,7,59,97.28571428571429,
"2019-01-30 00:00:00",24,3,18,6,53,96.71428571428571,
"2019-01-31 00:00:00",26,4,25,6,57,99.85714285714286,
"2019-02-01 00:00:00",20,4,17,6,75,101.85714285714286,
"2019-02-02 00:00:00",22,3,8,5,47,101,
"2019-02-03 00:00:00",20,1,17,4,50,103.14285714285714,
"2019-02-04 00:00:00",27,2,15,9,42,102.85714285714286,
"2019-02-05 00:00:00",25,3,22,7,47,102.85714285714286,
"2019-02-06 00:00:00",21,5,19,7,43,101.57142857142857,
"2019-02-07 00:00:00",21,4,23,7,55,100.42857142857143,
"2019-02-08 00:00:00",21,3,14,4,62,97.85714285714286,
"2019-02-09 00:00:00",21,0,16,7,53,99.57142857142857,
"2019-02-10 00:00:00",14,4,16,7,36,97.42857142857143,
"2019-02-11 00:00:00",23,0,12,8,67,99.57142857142857,
"2019-02-12 00:00:00",25,4,16,8,57,100.42857142857143,
"2019-02-13 00:00:00",19,2,26,5,59,102.71428571428571,
"2019-02-14 00:00:00",29,2,18,7,42,101,
"2019-02-15 00:00:00",16,3,20,8,55,100.71428571428571,
"2019-02-16 00:00:00",28,1,10,6,65,102.57142857142857,
"2019-02-17 00:00:00",16,5,10,5,51,104,
"2019-02-18 00:00:00",31,4,17,11,45,103.71428571428571,
"2019-02-19 00:00:00",17,2,13,10,50,101.14285714285714,
"2019-02-20 00:00:00",24,8,23,4,50,100.85714285714286,
"2019-02-21 00:00:00",25,4,17,6,56,102.28571428571429,
"2019-02-22 00:00:00",18,7,10,7,52,101.14285714285714,
"2019-02-23 00:00:00",21,1,10,4,58,98.85714285714286,
"2019-02-24 00:00:00",18,2,14,9,55,100.42857142857143,
"2019-02-25 00:00:00",29,3,21,8,51,101,
"2019-02-26 00:00:00",25,3,20,9,51,103.28571428571429,
"2019-02-27 00:00:00",19,5,26,5,48,102.42857142857143,
"2019-02-28 00:00:00",17,5,14,6,59,101.42857142857143,
"2019-03-01 00:00:00",15,6,21,5,64,103.85714285714286,
"2019-03-02 00:00:00",17,0,12,5,46,101.85714285714286,
"2019-03-03 00:00:00",21,1,13,5,46,100.14285714285714,
"2019-03-04 00:00:00",27,4,16,11,47,99.14285714285714,
"2019-03-05 00:00:00",24,3,11,9,51,97.71428571428571,
"2019-03-06 00:00:00",20,2,17,8,59,98.14285714285714,
"2019-03-07 00:00:00",20,4,11,5,68,99.14285714285714,
"2019-03-08 00:00:00",28,3,17,6,53,98.57142857142857,
"2019-03-09 00:00:00",12,5,16,5,52,100,
"2019-03-10 00:00:00",15,0,13,4,37,97.57142857142857,
"2019-03-11 00:00:00",22,4,13,10,41,95.42857142857143,
"2019-03-12 00:00:00",18,2,20,8,43,94.42857142857143,
"2019-03-13 00:00:00",15,4,16,7,46,91.85714285714286,
"2019-03-14 00:00:00",20,5,23,5,57,92.14285714285714,
"2019-03-15 00:00:00",27,1,14,6,59,92.14285714285714,
"2019-03-16 00:00:00",10,4,10,6,48,90.42857142857143,
"2019-03-17 00:00:00",20,3,14,6,36,91.85714285714286,
"2019-03-18 00:00:00",18,2,20,11,52,93.71428571428571,
"2019-03-19 00:00:00",24,4,19,5,54,95.85714285714286,
"2019-03-20 00:00:00",18,4,16,6,54,97.28571428571429,
"2019-03-21 00:00:00",27,1,11,6,58,96.28571428571429,
"2019-03-22 00:00:00",20,5,18,6,52,95.42857142857143,
"2019-03-23 00:00:00",21,1,9,5,66,98.85714285714286,
"2019-03-24 00:00:00",16,0,15,5,47,99.42857142857143,
"2019-03-25 00:00:00",26,3,21,12,44,99.85714285714286,
"2019-03-26 00:00:00",27,5,17,7,56,100.71428571428571,
"2019-03-27 00:00:00",19,2,28,6,49,101.57142857142857,
"2019-03-28 00:00:00",30,4,11,7,54,102,
"2019-03-29 00:00:00",17,3,19,6,57,102.14285714285714,
"2019-03-30 00:00:00",20,5,10,7,56,101.57142857142857,
"2019-03-31 00:00:00",19,3,11,3,51,102.14285714285714,
"2019-04-01 00:00:00",24,2,18,7,58,102.57142857142857,
"2019-04-02 00:00:00",27,4,14,7,55,101.85714285714286,
"2019-04-03 00:00:00",18,3,19,8,61,102.57142857142857,
"2019-04-04 00:00:00",27,2,18,7,57,103.28571428571429,
"2019-04-05 00:00:00",24,6,12,5,58,103.71428571428571,
"2019-04-06 00:00:00",21,4,13,6,51,103.28571428571429,
"2019-04-07 00:00:00",13,2,16,5,53,103.57142857142857,
"2019-04-08 00:00:00",26,4,20,8,48,103.14285714285714,
"2019-04-09 00:00:00",27,1,17,7,53,102.85714285714286,
"2019-04-10 00:00:00",18,0,19,7,56,101.57142857142857,
"2019-04-11 00:00:00",39,5,16,8,60,104,
"2019-04-12 00:00:00",21,4,9,6,60,103.28571428571429,
"2019-04-13 00:00:00",13,2,15,6,54,102.57142857142857,
"2019-04-14 00:00:00",18,5,21,6,54,104.71428571428571,
"2019-04-15 00:00:00",34,2,17,7,39,103.71428571428571,
"2019-04-16 00:00:00",27,1,18,8,42,102.42857142857143,
"2019-04-17 00:00:00",20,2,16,6,49,101.42857142857143,
"2019-04-18 00:00:00",21,3,15,7,52,97.14285714285714,
"2019-04-19 00:00:00",27,1,13,5,56,97.42857142857143,
"2019-04-20 00:00:00",21,3,7,5,48,96.57142857142857,
"2019-04-21 00:00:00",18,3,14,5,49,94.42857142857143,
"2019-04-22 00:00:00",24,5,12,6,38,92.42857142857143,
"2019-04-23 00:00:00",22,4,21,5,52,93.57142857142857,
"2019-04-24 00:00:00",15,2,20,6,41,92.28571428571429,
"2019-04-25 00:00:00",27,4,13,6,48,92.28571428571429,
"2019-04-26 00:00:00",18,4,11,5,63,92.14285714285714,
"2019-04-27 00:00:00",17,0,7,5,72,94.57142857142857,
"2019-04-28 00:00:00",20,5,19,3,49,95.57142857142857,
"2019-04-29 00:00:00",31,2,19,8,40,97.71428571428571,
"2019-04-30 00:00:00",5,1,4,2,9,85.85714285714286,
"2019-05-01 00:00:00",33,3,26,9,92,97.14285714285714,
"2019-05-02 00:00:00",24,4,18,11,47,98,
"2019-05-03 00:00:00",25,1,17,5,46,97,
"2019-05-04 00:00:00",19,4,10,6,57,96.28571428571429,
"2019-05-05 00:00:00",20,3,13,5,49,95.42857142857143,
"2019-05-06 00:00:00",25,2,18,9,48,95.71428571428571,
"2019-05-07 00:00:00",17,3,19,7,52,106.71428571428571,
"2019-05-08 00:00:00",19,3,14,8,52,97.14285714285714,
"2019-05-09 00:00:00",26,1,15,7,54,97,
"2019-05-10 00:00:00",23,3,17,7,50,97.85714285714286,
"2019-05-11 00:00:00",21,2,12,6,53,97.57142857142857,
"2019-05-12 00:00:00",22,5,19,4,48,98.71428571428571,
"2019-05-13 00:00:00",24,7,14,10,49,99,
"2019-05-14 00:00:00",21,5,19,6,52,99.71428571428571,
"2019-05-15 00:00:00",25,3,10,7,47,99.14285714285714,
"2019-05-16 00:00:00",23,2,17,5,57,99.28571428571429,
"2019-05-17 00:00:00",26,4,18,6,52,100.14285714285714,
"2019-05-18 00:00:00",15,1,8,5,51,98.14285714285714,
"2019-05-19 00:00:00",18,1,16,5,39,95.42857142857143,
"2019-05-20 00:00:00",24,5,15,9,53,95.71428571428571,
"2019-05-21 00:00:00",21,3,9,7,49,93.71428571428571,
"2019-05-22 00:00:00",25,2,17,9,49,95.14285714285714,
"2019-05-23 00:00:00",25,3,16,6,58,95.71428571428571,
"2019-05-24 00:00:00",22,7,16,5,58,96,
"2019-05-25 00:00:00",19,3,9,5,45,96.14285714285714,
"2019-05-26 00:00:00",22,3,11,5,41,96.57142857142857,
"2019-05-27 00:00:00",25,2,17,8,59,97.28571428571429,
"2019-05-28 00:00:00",21,0,11,5,52,97.28571428571429,
"2019-05-29 00:00:00",24,1,20,9,54,98.14285714285714,
"2019-05-30 00:00:00",25,3,19,5,51,97.42857142857143,
"2019-05-31 00:00:00",18,2,4,6,56,94.28571428571429,
"2019-06-01 00:00:00",17,6,7,4,48,94.42857142857143,
"2019-06-02 00:00:00",16,3,13,5,40,93.71428571428571,
"2019-06-03 00:00:00",24,5,15,8,46,91.85714285714286,
"2019-06-04 00:00:00",22,2,18,7,26,89.85714285714286,
"2019-06-05 00:00:00",23,3,22,11,48,89.71428571428571,
"2019-06-06 00:00:00",26,3,16,5,49,89.14285714285714,
"2019-06-07 00:00:00",21,3,18,5,51,90.85714285714286,
"2019-06-08 00:00:00",11,5,6,5,42,89,
"2019-06-09 00:00:00",16,2,12,4,44,89.14285714285714,
"2019-06-10 00:00:00",23,3,12,8,52,89.14285714285714,
"2019-06-11 00:00:00",21,1,18,7,34,90,
"2019-06-12 00:00:00",25,1,17,6,58,90,
"2019-06-13 00:00:00",29,4,18,7,64,93.28571428571429,
"2019-06-14 00:00:00",18,3,19,5,66,95.14285714285714,
"2019-06-15 00:00:00",17,2,11,4,39,95.71428571428571,
"2019-06-16 00:00:00",26,2,12,5,40,96.71428571428571,
"2019-06-17 00:00:00",24,1,15,8,46,96.14285714285714,
"2019-06-18 00:00:00",22,2,14,6,51,98.14285714285714,
"2019-06-19 00:00:00",20,4,22,7,51,97.71428571428571,
"2019-06-20 00:00:00",29,2,14,7,56,95.71428571428571,
"2019-06-21 00:00:00",21,7,17,5,41,92.85714285714286,
"2019-06-22 00:00:00",20,3,9,4,58,95.85714285714286,
"2019-06-23 00:00:00",18,2,16,5,40,95.28571428571429,
"2019-06-24 00:00:00",25,0,21,7,54,97.14285714285714,
"2019-06-25 00:00:00",19,5,16,7,46,96.85714285714286,
"2019-06-26 00:00:00",20,1,16,7,56,96.28571428571429,
"2019-06-27 00:00:00",29,3,17,7,44,95.14285714285714,
"2019-06-28 00:00:00",27,1,13,6,59,97.28571428571429,
"2019-06-29 00:00:00",16,3,18,5,51,97.14285714285714,
"2019-06-30 00:00:00",19,3,14,4,51,98.57142857142857,
"2019-07-01 00:00:00",23,5,15,8,52,98,
"2019-07-02 00:00:00",23,2,13,7,46,97.71428571428571,
"2019-07-03 00:00:00",25,3,17,8,47,97.71428571428571,
"2019-07-04 00:00:00",23,1,20,7,41,96.57142857142857,
"2019-07-05 00:00:00",23,3,11,5,68,97.14285714285714,
"2019-07-06 00:00:00",19,4,8,6,47,95.85714285714286,
"2019-07-07 00:00:00",19,1,12,4,26,91.71428571428571,
"2019-07-08 00:00:00",32,6,29,8,58,96,
"2019-07-09 00:00:00",21,5,12,7,57,97.57142857142857,
"2019-07-10 00:00:00",22,3,16,6,58,98.28571428571429,
"2019-07-11 00:00:00",32,1,18,7,39,99,
"2019-07-12 00:00:00",15,5,15,5,60,97.57142857142857,
"2019-07-13 00:00:00",20,1,8,5,50,97.57142857142857,
"2019-07-14 00:00:00",19,0,23,4,58,103.57142857142857,
"2019-07-15 00:00:00",24,2,16,10,50,99.14285714285714,
"2019-07-16 00:00:00",19,1,11,7,54,97.71428571428571,
"2019-07-17 00:00:00",25,1,26,5,54,98.57142857142857,
"2019-07-18 00:00:00",33,2,10,7,51,99.42857142857143,
"2019-07-19 00:00:00",19,1,16,6,59,99.57142857142857,
"2019-07-20 00:00:00",21,3,9,6,53,100.71428571428571,
"2019-07-21 00:00:00",15,1,17,4,49,98.14285714285714,
"2019-07-22 00:00:00",23,1,12,7,51,97,
"2019-07-23 00:00:00",24,1,11,8,39,95.71428571428571,
"2019-07-24 00:00:00",22,2,11,5,52,93,
"2019-07-25 00:00:00",21,0,15,6,54,92,
"2019-07-26 00:00:00",16,2,14,4,54,90.42857142857143,
"2019-07-27 00:00:00",26,2,13,5,55,91.71428571428571,
"2019-07-28 00:00:00",20,4,13,4,43,91.42857142857143,
"2019-07-29 00:00:00",25,2,18,9,39,91.28571428571429,
"2019-07-30 00:00:00",18,1,16,6,47,92,
"2019-07-31 00:00:00",24,4,20,6,59,95,
"2019-08-01 00:00:00",22,5,19,6,50,95.85714285714286,
"2019-08-02 00:00:00",22,2,13,6,46,95.71428571428571,
"2019-08-03 00:00:00",20,2,3,4,37,90.71428571428571,
"2019-08-04 00:00:00",16,2,20,6,44,91.28571428571429,
"2019-08-05 00:00:00",28,4,18,9,54,94.14285714285714,
"2019-08-06 00:00:00",18,4,17,6,54,95.71428571428571,
"2019-08-07 00:00:00",27,0,14,6,54,94,
"2019-08-08 00:00:00",23,3,15,6,46,92.71428571428571,
"2019-08-09 00:00:00",24,2,14,5,53,94,
"2019-08-10 00:00:00",7,1,4,3,46,93.28571428571429,
"2019-08-11 00:00:00",20,3,8,5,48,92.71428571428571,
"2019-08-12 00:00:00",29,4,21,7,50,92.42857142857143,
"2019-08-13 00:00:00",14,5,15,6,66,93.42857142857143,
"2019-08-14 00:00:00",20,4,16,5,42,91.42857142857143,
"2019-08-15 00:00:00",28,3,16,7,52,93.28571428571429,
"2019-08-16 00:00:00",19,4,10,6,56,92.85714285714286,
"2019-08-17 00:00:00",17,1,8,5,38,94,
"2019-08-18 00:00:00",17,1,18,6,41,93.85714285714286,
"2019-08-19 00:00:00",24,1,13,6,48,91.14285714285714,
"2019-08-20 00:00:00",25,2,20,5,51,90.71428571428571,
"2019-08-21 00:00:00",23,2,25,7,46,93,
"2019-08-22 00:00:00",24,4,18,4,55,92.85714285714286,
"2019-08-23 00:00:00",19,2,11,6,40,90.42857142857143,
"2019-08-24 00:00:00",22,3,6,6,48,92.71428571428571,
"2019-08-25 00:00:00",22,2,17,6,51,94.85714285714286,
"2019-08-26 00:00:00",27,3,22,7,49,97.14285714285714,
"2019-08-27 00:00:00",24,3,14,6,47,95.85714285714286,
"2019-08-28 00:00:00",24,5,21,7,52,96.71428571428571,
"2019-08-29 00:00:00",21,4,16,4,57,96.28571428571429,
"2019-08-30 00:00:00",22,2,12,6,57,99.28571428571429,
"2019-08-31 00:00:00",21,2,10,6,40,98.42857142857143,
"2019-09-01 00:00:00",16,1,14,5,43,95.71428571428571,
"2019-09-02 00:00:00",20,3,26,8,59,96.85714285714286,
"2019-09-03 00:00:00",19,3,17,6,50,97,
"2019-09-04 00:00:00",28,4,21,8,54,97.85714285714286,
"2019-09-05 00:00:00",21,3,16,5,45,96.14285714285714,
"2019-09-06 00:00:00",20,3,11,6,65,97,
"2019-09-07 00:00:00",21,4,12,5,46,98.28571428571429,
"2019-09-08 00:00:00",19,2,15,5,44,99.14285714285714,
"2019-09-09 00:00:00",27,5,12,7,49,96.85714285714286,
"2019-09-10 00:00:00",19,2,11,7,65,98.14285714285714,
"2019-09-11 00:00:00",21,2,26,7,34,94.57142857142857,
"2019-09-12 00:00:00",22,3,15,7,37,93.71428571428571,
"2019-09-13 00:00:00",21,4,16,7,53,93.14285714285714,
"2019-09-14 00:00:00",15,1,9,4,46,91.28571428571429,
"2019-09-15 00:00:00",21,2,9,6,44,90.85714285714286,
"2019-09-16 00:00:00",23,4,22,7,55,92.42857142857143,
"2019-09-17 00:00:00",21,2,15,9,48,91.14285714285714,
"2019-09-18 00:00:00",25,5,16,6,44,92,
"2019-09-19 00:00:00",23,3,14,9,61,95.71428571428571,
"2019-09-20 00:00:00",17,3,17,6,45,93.85714285714286,
"2019-09-21 00:00:00",25,5,11,5,51,97,
"2019-09-22 00:00:00",22,3,15,6,51,99.14285714285714,
"2019-09-23 00:00:00",23,5,19,7,48,97.85714285714286,
"2019-09-24 00:00:00",22,4,15,9,56,99.42857142857143,
"2019-09-25 00:00:00",23,2,16,7,60,101.14285714285714,
"2019-09-26 00:00:00",23,4,23,7,52,101,
"2019-09-27 00:00:00",19,0,13,5,54,101.42857142857143,
"2019-09-28 00:00:00",17,1,14,5,43,99,
"2019-09-29 00:00:00",17,2,20,5,44,97.71428571428571,
"2019-09-30 00:00:00",23,4,18,9,60,99.42857142857143,
"2019-10-01 00:00:00",27,5,17,8,48,99.28571428571429,
"2019-10-02 00:00:00",25,3,18,5,44,97.42857142857143,
"2019-10-03 00:00:00",27,3,18,7,48,96.57142857142857,
"2019-10-04 00:00:00",20,0,15,5,54,97,
"2019-10-05 00:00:00",23,1,16,5,72,102.28571428571429,
"2019-10-06 00:00:00",14,5,16,6,38,101,
"2019-10-07 00:00:00",23,0,22,7,36,97.28571428571429,
"2019-10-08 00:00:00",20,4,14,10,54,96.85714285714286,
"2019-10-09 00:00:00",27,2,18,4,50,97.71428571428571,
"2019-10-10 00:00:00",24,4,25,8,51,99,
"2019-10-11 00:00:00",19,1,15,4,46,97.71428571428571,
"2019-10-12 00:00:00",22,2,11,7,49,94,
"2019-10-13 00:00:00",28,2,12,5,40,95.14285714285714,
"2019-10-14 00:00:00",20,1,23,9,62,99,
"2019-10-15 00:00:00",18,6,17,9,55,99.42857142857143,
"2019-10-16 00:00:00",30,2,15,7,58,101,
"2019-10-17 00:00:00",23,1,15,7,46,98.14285714285714,
"2019-10-18 00:00:00",19,5,17,6,51,100,
"2019-10-19 00:00:00",18,5,16,6,45,99.85714285714286,
"2019-10-20 00:00:00",21,2,11,4,42,98.85714285714286,
"2019-10-21 00:00:00",24,2,18,7,51,97,
"2019-10-22 00:00:00",21,4,20,8,53,97.14285714285714,
"2019-10-23 00:00:00",22,2,14,6,54,95.14285714285714,
"2019-10-24 00:00:00",22,4,16,8,56,97.14285714285714,
"2019-10-25 00:00:00",19,4,17,6,57,97.85714285714286,
"2019-10-26 00:00:00",22,5,9,4,48,97.57142857142857,
"2019-10-27 00:00:00",18,2,18,6,47,99.14285714285714,
"2019-10-28 00:00:00",25,3,19,8,67,102,
"2019-10-29 00:00:00",25,2,23,8,53,102.71428571428571,
"2019-10-30 00:00:00",20,0,15,6,45,101,
"2019-10-31 00:00:00",22,2,14,7,51,99.57142857142857,
"2019-11-01 00:00:00",20,2,15,7,53,98.71428571428571,
"2019-11-02 00:00:00",17,4,6,8,46,97.71428571428571,
"2019-11-03 00:00:00",21,2,16,5,39,96.57142857142857,
"2019-11-04 00:00:00",25,5,19,8,55,95.14285714285714,
"2019-11-05 00:00:00",19,2,10,6,32,89.14285714285714,
"2019-11-06 00:00:00",22,4,22,5,41,90.28571428571429,
"2019-11-07 00:00:00",20,3,13,6,59,91,
"2019-11-08 00:00:00",18,1,9,7,51,89.42857142857143,
"2019-11-09 00:00:00",14,4,18,6,52,91.28571428571429,
"2019-11-10 00:00:00",21,2,14,5,44,91.71428571428571,
"2019-11-11 00:00:00",26,2,19,8,41,89.42857142857143,
"2019-11-12 00:00:00",19,4,17,5,48,92.85714285714286,
"2019-11-13 00:00:00",21,4,18,8,40,92.42857142857143,
"2019-11-14 00:00:00",26,3,16,6,57,93.42857142857143,
"2019-11-15 00:00:00",19,1,15,7,50,94.28571428571429,
"2019-11-16 00:00:00",14,4,12,4,43,91.85714285714286,
"2019-11-17 00:00:00",20,1,12,5,61,93.71428571428571,
"2019-11-18 00:00:00",29,1,16,8,49,94.71428571428571,
"2019-11-19 00:00:00",21,4,18,8,40,94.42857142857143,
"2019-11-20 00:00:00",27,3,19,5,46,95.71428571428571,
"2019-11-21 00:00:00",21,2,23,8,53,95.57142857142857,
"2019-11-22 00:00:00",16,3,14,7,57,96.28571428571429,
"2019-11-23 00:00:00",20,2,6,6,45,96.57142857142857,
"2019-11-24 00:00:00",15,4,10,5,47,94,
"2019-11-25 00:00:00",34,6,20,9,48,96,
"2019-11-26 00:00:00",24,4,14,7,60,98.57142857142857,
"2019-11-27 00:00:00",22,0,16,7,47,97.42857142857143,
"2019-11-28 00:00:00",20,1,16,7,44,94.71428571428571,
"2019-11-29 00:00:00",24,3,19,5,54,95.85714285714286,
"2019-11-30 00:00:00",17,4,13,4,53,97.57142857142857,
"2019-12-01 00:00:00",19,3,15,4,40,97.57142857142857,
"2019-12-02 00:00:00",24,2,16,9,52,95.57142857142857,
"2019-12-03 00:00:00",25,4,23,8,43,94.71428571428571,
"2019-12-04 00:00:00",24,5,21,6,43,95.71428571428571,
"2019-12-05 00:00:00",20,7,15,8,46,96.85714285714286,
"2019-12-06 00:00:00",18,4,18,5,50,95.42857142857143,
"2019-12-07 00:00:00",22,2,9,5,61,96.57142857142857,
"2019-12-08 00:00:00",18,3,14,5,40,96.42857142857143,
"2019-12-09 00:00:00",23,4,16,7,47,95.57142857142857,
"2019-12-10 00:00:00",21,1,11,7,46,93.14285714285714,
"2019-12-11 00:00:00",25,2,10,6,57,93.28571428571429,
"2019-12-12 00:00:00",22,3,11,9,57,94.14285714285714,
"2019-12-13 00:00:00",22,1,14,6,57,94.85714285714286,
"2019-12-14 00:00:00",14,5,13,3,49,92.71428571428571,
"2019-12-15 00:00:00",21,3,8,4,44,92.71428571428571,
"2019-12-16 00:00:00",28,3,19,7,51,94.28571428571429,
"2019-12-17 00:00:00",17,4,19,8,41,94.71428571428571,
"2019-12-18 00:00:00",24,3,19,7,59,96.42857142857143,
"2019-12-19 00:00:00",17,5,16,7,44,94.57142857142857,
"2019-12-20 00:00:00",24,0,13,6,42,92.42857142857143,
"2019-12-21 00:00:00",22,2,10,6,57,94.28571428571429,
"2019-12-22 00:00:00",21,1,17,6,55,97.14285714285714,
"2019-12-23 00:00:00",28,3,16,7,59,97.85714285714286,
"2019-12-24 00:00:00",9,2,11,7,50,96.42857142857143,
"2019-12-25 00:00:00",10,0,12,0,52,91,
"2019-12-26 00:00:00",14,1,12,4,49,89.71428571428571,
"2019-12-27 00:00:00",17,2,14,0,58,90.57142857142857,
"2019-12-28 00:00:00",21,2,7,1,46,87.71428571428571,
"2019-12-29 00:00:00",25,6,13,6,49,87.57142857142857,
"2019-12-30 00:00:00",23,4,18,4,34,83.28571428571429,
"2019-12-31 00:00:00",11,4,12,7,47,83.57142857142857,
"2020-01-01 00:00:00",13,0,6,0,51,83,
"2020-01-02 00:00:00",18,4,18,3,41,83.57142857142857,
"2020-01-03 00:00:00",23,3,10,4,64,85.42857142857143,
"2020-01-04 00:00:00",17,3,11,6,51,87,
"2020-01-05 00:00:00",18,3,12,5,31,82.71428571428571,
"2020-01-06 00:00:00",23,2,23,5,49,85.42857142857143,
"2020-01-07 00:00:00",23,1,22,7,45,87.85714285714286,88.85714285714286
"2020-01-08 00:00:00",22,2,11,5,56,91.57142857142857,90.85714285714286
"2020-01-09 00:00:00",21,1,15,8,55,93.85714285714286,94.14285714285714
"2020-01-10 00:00:00",18,0,17,5,57,92.85714285714286,94.85714285714286
"2020-01-11 00:00:00",20,4,5,6,46,91.85714285714286,97.57142857142857
"2020-01-12 00:00:00",10,1,11,4,41,91.57142857142857,97.42857142857143
"2020-01-13 00:00:00",30,1,14,7,49,91.42857142857143,98.28571428571429
"2020-01-14 00:00:00",19,2,17,9,55,92,98.42857142857143
"2020-01-15 00:00:00",16,3,19,6,45,91,97.57142857142857
"2020-01-16 00:00:00",26,2,12,7,48,90.28571428571429,98.28571428571429
"2020-01-17 00:00:00",18,4,10,5,52,89.14285714285714,97.71428571428571
"2020-01-18 00:00:00",24,4,13,6,44,90.57142857142857,97.14285714285714
"2020-01-19 00:00:00",17,2,17,6,54,94.71428571428571,96.28571428571429
"2020-01-20 00:00:00",24,2,19,5,40,93.14285714285714,98.42857142857143
"2020-01-21 00:00:00",20,1,28,10,46,93.57142857142857,99.42857142857143
"2020-01-22 00:00:00",24,4,17,7,48,95.14285714285714,99.42857142857143
"2020-01-23 00:00:00",27,1,14,8,52,96.14285714285714,99.85714285714286
"2020-01-24 00:00:00",20,0,24,7,53,98.28571428571429,99.42857142857143
"2020-01-25 00:00:00",20,3,11,6,64,100.14285714285714,100
"2020-01-26 00:00:00",26,5,13,7,49,100.71428571428571,100.85714285714286
"2020-01-27 00:00:00",25,11,17,10,63,105.85714285714286,97.71428571428571
"2020-01-28 00:00:00",17,5,23,10,42,104.71428571428571,95.14285714285714
"2020-01-29 00:00:00",25,7,22,8,54,107,97.28571428571429
"2020-01-30 00:00:00",29,3,9,9,58,107.85714285714286,96.71428571428571
"2020-01-31 00:00:00",20,13,14,9,58,109.28571428571429,99.85714285714286
"2020-02-01 00:00:00",22,4,16,7,66,110.85714285714286,101.85714285714286
"2020-02-02 00:00:00",17,2,19,4,63,111.57142857142857,101
"2020-02-03 00:00:00",29,3,10,8,47,107.42857142857143,103.14285714285714
"2020-02-04 00:00:00",18,3,15,9,46,106.57142857142857,102.85714285714286
"2020-02-05 00:00:00",22,3,21,6,49,104.42857142857143,102.85714285714286
"2020-02-06 00:00:00",33,6,25,8,45,105.71428571428571,101.57142857142857
"2020-02-07 00:00:00",21,4,13,8,58,104.28571428571429,100.42857142857143
"2020-02-08 00:00:00",22,1,10,6,55,101.28571428571429,97.85714285714286
"2020-02-09 00:00:00",11,4,7,4,20,92.85714285714286,99.57142857142857
"2020-02-10 00:00:00",3,1,10,5,35,86.71428571428571,97.42857142857143
"2020-02-11 00:00:00",6,2,7,7,41,82.71428571428571,99.57142857142857
"2020-02-12 00:00:00",26,3,14,4,57,83.14285714285714,100.42857142857143
"2020-02-13 00:00:00",17,2,15,7,56,80.28571428571429,102.71428571428571
"2020-02-14 00:00:00",27,1,20,6,50,80.28571428571429,101
"2020-02-15 00:00:00",18,2,14,7,58,81,100.71428571428571
"2020-02-16 00:00:00",12,4,12,5,33,83.85714285714286,102.57142857142857
"2020-02-17 00:00:00",16,0,12,6,47,87.71428571428571,104
"2020-02-18 00:00:00",23,2,13,7,40,90.85714285714286,103.71428571428571
"2020-02-19 00:00:00",20,2,14,6,53,89.57142857142857,101.14285714285714
"2020-02-20 00:00:00",19,3,19,7,52,90,100.85714285714286
"2020-02-21 00:00:00",25,3,16,7,45,88.85714285714286,102.28571428571429
"2020-02-22 00:00:00",10,3,7,6,54,86.14285714285714,101.14285714285714
"2020-02-23 00:00:00",13,3,9,4,43,87,98.85714285714286
"2020-02-24 00:00:00",24,3,22,9,52,91.14285714285714,100.42857142857143
"2020-02-25 00:00:00",23,5,11,8,69,95.57142857142857,101
"2020-02-26 00:00:00",23,1,17,7,47,95.57142857142857,103.28571428571429
"2020-02-27 00:00:00",18,7,20,6,42,94.57142857142857,102.42857142857143
"2020-02-28 00:00:00",19,2,14,7,58,95.14285714285714,101.42857142857143
"2020-02-29 00:00:00",18,4,11,6,48,96.14285714285714,103.85714285714286
"2020-03-01 00:00:00",18,3,8,4,51,97.85714285714286,101.85714285714286
"2020-03-02 00:00:00",20,1,29,9,56,98.57142857142857,100.14285714285714
"2020-03-03 00:00:00",28,5,9,7,41,94.85714285714286,99.14285714285714
"2020-03-04 00:00:00",20,3,20,7,55,96.28571428571429,97.71428571428571
"2020-03-05 00:00:00",24,2,20,7,45,97,98.14285714285714
"2020-03-06 00:00:00",17,2,27,7,50,97.42857142857143,99.14285714285714
"2020-03-07 00:00:00",21,3,9,5,61,99.14285714285714,98.57142857142857
"2020-03-08 00:00:00",16,3,12,7,55,100.42857142857143,100
"2020-03-09 00:00:00",29,1,15,7,46,98,97.57142857142857
"2020-03-10 00:00:00",17,3,12,8,60,99.42857142857143,95.42857142857143
"2020-03-11 00:00:00",24,5,24,7,42,99,94.42857142857143
"2020-03-12 00:00:00",20,3,13,7,41,97,91.85714285714286
"2020-03-13 00:00:00",20,2,15,7,48,95.42857142857143,92.14285714285714
"2020-03-14 00:00:00",24,2,7,5,55,94.57142857142857,92.14285714285714
"2020-03-15 00:00:00",16,0,12,5,44,92.28571428571429,90.42857142857143
"2020-03-16 00:00:00",24,2,20,10,62,95.14285714285714,91.85714285714286
"2020-03-17 00:00:00",22,3,14,8,40,93.28571428571429,93.71428571428571
"2020-03-18 00:00:00",21,4,11,6,42,90.71428571428571,95.85714285714286
"2020-03-19 00:00:00",26,4,15,8,50,93.42857142857143,97.28571428571429
"2020-03-20 00:00:00",14,0,22,6,47,93,96.28571428571429
"2020-03-21 00:00:00",16,2,13,5,51,92.14285714285714,95.42857142857143
"2020-03-22 00:00:00",15,4,13,5,50,93.57142857142857,98.85714285714286
"2020-03-23 00:00:00",22,2,20,7,55,91.85714285714286,99.42857142857143
"2020-03-24 00:00:00",21,4,14,11,51,93.85714285714286,99.85714285714286
"2020-03-25 00:00:00",25,2,12,6,44,94.57142857142857,100.71428571428571
"2020-03-26 00:00:00",21,4,16,8,51,94.14285714285714,101.57142857142857
"2020-03-27 00:00:00",16,2,12,9,62,95.85714285714286,102
"2020-03-28 00:00:00",24,2,14,4,56,97.71428571428571,102.14285714285714
"2020-03-29 00:00:00",13,2,16,4,46,96.85714285714286,101.57142857142857
"2020-03-30 00:00:00",28,5,22,9,56,98.85714285714286,102.14285714285714
"2020-03-31 00:00:00",22,2,14,8,51,98.28571428571429,102.57142857142857
"2020-04-01 00:00:00",20,1,21,6,47,99.14285714285714,101.85714285714286
"2020-04-02 00:00:00",25,2,14,6,55,99.42857142857143,102.57142857142857
"2020-04-03 00:00:00",16,3,15,6,36,95.85714285714286,103.28571428571429
"2020-04-04 00:00:00",19,3,9,6,52,94.28571428571429,103.71428571428571
"2020-04-05 00:00:00",22,1,12,7,36,93.85714285714286,103.28571428571429
"2020-04-06 00:00:00",23,4,17,8,47,90.85714285714286,103.57142857142857
"2020-04-07 00:00:00",19,2,12,6,52,90,103.14285714285714
"2020-04-08 00:00:00",31,2,15,6,50,91.28571428571429,102.85714285714286
"2020-04-09 00:00:00",22,4,13,6,48,90,101.57142857142857
"2020-04-10 00:00:00",16,2,18,7,44,91.57142857142857,104
"2020-04-11 00:00:00",21,3,7,6,53,91.71428571428571,103.28571428571429
"2020-04-12 00:00:00",19,3,11,6,44,92.42857142857143,102.57142857142857
"2020-04-13 00:00:00",19,2,21,2,53,92.14285714285714,104.71428571428571
"2020-04-14 00:00:00",22,1,10,0,53,91.42857142857143,103.71428571428571
"2020-04-15 00:00:00",23,3,7,7,45,88.71428571428571,102.42857142857143
"2020-04-16 00:00:00",20,2,20,7,59,90.85714285714286,101.42857142857143
"2020-04-17 00:00:00",17,1,13,6,49,90.71428571428571,97.14285714285714
"2020-04-18 00:00:00",18,5,10,4,50,90.28571428571429,97.42857142857143
"2020-04-19 00:00:00",21,0,19,6,49,92,96.57142857142857
"2020-04-20 00:00:00",23,4,18,5,52,92.71428571428571,94.42857142857143
"2020-04-21 00:00:00",20,1,19,4,62,95.57142857142857,92.42857142857143
"2020-04-22 00:00:00",17,3,10,7,49,95.71428571428571,93.57142857142857
"2020-04-23 00:00:00",22,2,15,7,52,94.28571428571429,92.28571428571429
"2020-04-24 00:00:00",17,3,13,6,67,97.14285714285714,92.28571428571429
"2020-04-25 00:00:00",18,3,9,7,50,97.14285714285714,92.14285714285714
"2020-04-26 00:00:00",19,2,13,5,39,94.71428571428571,94.57142857142857
"2020-04-27 00:00:00",20,1,10,5,51,92.57142857142857,95.57142857142857
"2020-04-28 00:00:00",17,1,32,5,50,92.42857142857143,97.71428571428571
"2020-04-29 00:00:00",26,5,14,5,59,95.71428571428571,85.85714285714286
"2020-04-30 00:00:00",19,4,17,6,50,95.42857142857143,97.14285714285714
"2020-05-01 00:00:00",19,4,13,5,65,95.42857142857143,98
"2020-05-02 00:00:00",15,4,12,4,47,94.71428571428571,97
"2020-05-03 00:00:00",21,6,18,5,42,96.71428571428571,96.28571428571429
"2020-05-04 00:00:00",26,1,10,6,54,98.14285714285714,95.42857142857143
"2020-05-05 00:00:00",19,1,16,6,64,98.28571428571429,95.71428571428571
"2020-05-06 00:00:00",26,1,11,6,49,96,106.71428571428571
"2020-05-07 00:00:00",20,3,13,6,62,97.14285714285714,97.14285714285714
"2020-05-08 00:00:00",19,1,13,5,40,93.14285714285714,97
"2020-05-09 00:00:00",20,3,6,4,47,92.85714285714286,97.85714285714286
"2020-05-10 00:00:00",19,2,17,6,49,93,97.57142857142857
"2020-05-11 00:00:00",15,2,12,5,39,89.57142857142857,98.71428571428571
"2020-05-12 00:00:00",19,3,17,6,48,87.71428571428571,99
"2020-05-13 00:00:00",25,0,14,6,58,89.14285714285714,99.71428571428571
"2020-05-14 00:00:00",27,2,12,6,58,89.28571428571429,99.14285714285714
"2020-05-15 00:00:00",15,4,11,6,44,89.57142857142857,99.28571428571429
"2020-05-16 00:00:00",16,4,14,5,49,90.71428571428571,100.14285714285714
"2020-05-17 00:00:00",16,2,20,5,52,91,98.14285714285714
"2020-05-18 00:00:00",23,2,24,6,43,94.57142857142857,95.42857142857143
"2020-05-19 00:00:00",13,4,16,5,48,93.57142857142857,95.71428571428571
"2020-05-20 00:00:00",24,3,20,5,48,93.14285714285714,93.71428571428571
"2020-05-21 00:00:00",18,2,16,6,53,91.71428571428571,95.14285714285714
"2020-05-22 00:00:00",17,3,14,5,67,95.42857142857143,95.71428571428571
"2020-05-23 00:00:00",18,0,9,6,41,93.42857142857143,96
"2020-05-24 00:00:00",14,0,15,5,38,90.14285714285714,96.14285714285714
"2020-05-25 00:00:00",23,1,12,6,54,89.85714285714286,96.57142857142857
"2020-05-26 00:00:00",14,1,12,7,48,89.28571428571429,97.28571428571429
"2020-05-27 00:00:00",19,5,19,5,61,90.57142857142857,97.28571428571429
"2020-05-28 00:00:00",21,2,16,5,51,90.57142857142857,98.14285714285714
"2020-05-29 00:00:00",21,4,15,4,58,90,97.42857142857143
"2020-05-30 00:00:00",16,3,14,6,66,94.42857142857143,94.28571428571429
"2020-05-31 00:00:00",13,1,15,4,42,94.85714285714286,94.42857142857143
"2020-06-01 00:00:00",20,2,12,7,45,93.42857142857143,93.71428571428571
"2020-06-02 00:00:00",17,3,16,2,42,93.14285714285714,91.85714285714286
"2020-06-03 00:00:00",24,1,12,5,51,90.85714285714286,89.85714285714286
"2020-06-04 00:00:00",17,1,18,5,38,88.57142857142857,89.71428571428571
"2020-06-05 00:00:00",15,3,10,5,56,86.71428571428571,89.14285714285714
"2020-06-06 00:00:00",19,2,7,6,57,84.71428571428571,90.85714285714286
"2020-06-07 00:00:00",22,1,14,6,38,85.57142857142857,89
"2020-06-08 00:00:00",22,2,18,7,58,88.57142857142857,89.14285714285714
"2020-06-09 00:00:00",12,2,15,6,47,88.85714285714286,89.14285714285714
"2020-06-10 00:00:00",21,3,14,7,50,89.14285714285714,90
"2020-06-11 00:00:00",23,2,14,4,63,93,90
"2020-06-12 00:00:00",11,3,8,6,49,91.28571428571429,93.28571428571429
"2020-06-13 00:00:00",21,1,11,4,63,92.57142857142857,95.14285714285714
"2020-06-14 00:00:00",19,2,17,6,31,91.71428571428571,95.71428571428571
"2020-06-15 00:00:00",16,2,15,7,51,89.42857142857143,96.71428571428571
"2020-06-16 00:00:00",23,3,12,7,46,90.71428571428571,96.14285714285714
"2020-06-17 00:00:00",22,4,16,7,46,90.71428571428571,98.14285714285714
"2020-06-18 00:00:00",17,7,11,8,60,90.28571428571429,97.71428571428571
"2020-06-19 00:00:00",19,1,13,7,49,92,95.71428571428571
"2020-06-20 00:00:00",22,4,7,6,56,91.28571428571429,92.85714285714286
"2020-06-21 00:00:00",16,1,13,5,47,92.28571428571429,95.85714285714286
"2020-06-22 00:00:00",23,2,18,8,46,93.14285714285714,95.28571428571429
"2020-06-23 00:00:00",15,2,13,7,47,92.14285714285714,97.14285714285714
"2020-06-24 00:00:00",23,8,15,6,49,93,96.85714285714286
"2020-06-25 00:00:00",28,1,15,7,59,94,96.28571428571429
"2020-06-26 00:00:00",12,2,10,7,55,93.57142857142857,95.14285714285714
"2020-06-27 00:00:00",18,2,10,7,52,92.71428571428571,97.28571428571429
"2020-06-28 00:00:00",19,1,16,5,44,93.14285714285714,97.14285714285714
"2020-06-29 00:00:00",22,5,22,6,56,95.14285714285714,98.57142857142857
"2020-06-30 00:00:00",24,3,15,8,38,95.71428571428571,98
"2020-07-01 00:00:00",19,1,13,5,50,93.85714285714286,97.71428571428571
"2020-07-02 00:00:00",26,1,19,8,45,92.28571428571429,97.71428571428571
"2020-07-03 00:00:00",12,4,10,6,57,92.71428571428571,96.57142857142857
"2020-07-04 00:00:00",16,1,10,8,50,92.14285714285714,97.14285714285714
"2020-07-05 00:00:00",22,2,19,4,30,91,95.85714285714286
"2020-07-06 00:00:00",28,0,21,8,55,91.14285714285714,91.71428571428571
"2020-07-07 00:00:00",16,5,14,8,52,92.14285714285714,96
"2020-07-08 00:00:00",21,2,12,6,47,92.14285714285714,97.57142857142857
"2020-07-09 00:00:00",29,0,11,7,52,92.14285714285714,98.28571428571429
"2020-07-10 00:00:00",19,3,21,6,50,93.57142857142857,99
"2020-07-11 00:00:00",16,0,12,8,53,94.14285714285714,97.57142857142857
"2020-07-12 00:00:00",15,2,15,3,47,94.85714285714286,97.57142857142857
"2020-07-13 00:00:00",25,1,22,7,49,93.71428571428571,103.57142857142857
"2020-07-14 00:00:00",21,5,10,7,48,93.14285714285714,99.14285714285714
"2020-07-15 00:00:00",24,0,18,5,52,94.71428571428571,97.71428571428571
"2020-07-16 00:00:00",29,2,16,8,50,95.57142857142857,98.57142857142857
"2020-07-17 00:00:00",16,1,11,7,63,95.42857142857143,99.42857142857143
"2020-07-18 00:00:00",20,0,8,8,50,95,99.57142857142857
"2020-07-19 00:00:00",22,0,11,4,38,94,100.71428571428571
"2020-07-20 00:00:00",21,5,21,8,54,94.71428571428571,98.14285714285714
"2020-07-21 00:00:00",19,1,17,8,44,94.42857142857143,97
"2020-07-22 00:00:00",24,1,15,6,48,93.71428571428571,95.71428571428571
"2020-07-23 00:00:00",26,7,12,7,47,92.85714285714286,93
"2020-07-24 00:00:00",13,2,15,8,61,93,92
"2020-07-25 00:00:00",20,2,11,9,67,96.28571428571429,90.42857142857143
"2020-07-26 00:00:00",20,1,14,5,50,98.42857142857143,91.71428571428571
"2020-07-27 00:00:00",23,2,20,7,49,97.28571428571429,91.42857142857143
"2020-07-28 00:00:00",22,2,7,7,55,97.85714285714286,91.28571428571429
"2020-07-29 00:00:00",20,0,22,8,59,100,92
"2020-07-30 00:00:00",20,2,13,7,51,99.14285714285714,95
"2020-07-31 00:00:00",17,7,14,7,70,101.42857142857143,95.85714285714286
"2020-08-01 00:00:00",21,0,4,8,44,96.85714285714286,95.71428571428571
"2020-08-02 00:00:00",20,2,16,6,38,95.71428571428571,90.71428571428571
"2020-08-03 00:00:00",23,1,20,7,42,94.57142857142857,91.28571428571429
"2020-08-04 00:00:00",18,2,16,7,48,94.28571428571429,94.14285714285714
"2020-08-05 00:00:00",23,5,22,8,63,96,95.71428571428571
"2020-08-06 00:00:00",23,0,20,7,47,96.57142857142857,94
"2020-08-07 00:00:00",20,3,6,8,60,94,92.71428571428571
"2020-08-08 00:00:00",16,3,9,7,48,94.85714285714286,94
"2020-08-09 00:00:00",21,1,10,8,34,93.71428571428571,93.28571428571429
"2020-08-10 00:00:00",21,3,18,6,54,95,92.71428571428571
"2020-08-11 00:00:00",18,3,6,7,53,94.42857142857143,92.42857142857143
"2020-08-12 00:00:00",25,2,20,6,54,92.42857142857143,93.42857142857143
"2020-08-13 00:00:00",26,2,10,10,43,91.57142857142857,91.42857142857143
"2020-08-14 00:00:00",14,3,11,7,55,90.57142857142857,93.28571428571429
"2020-08-15 00:00:00",17,3,6,8,67,93.14285714285714,92.85714285714286
"2020-08-16 00:00:00",17,2,15,5,38,93.57142857142857,94
"2020-08-17 00:00:00",32,2,15,7,53,94.57142857142857,93.85714285714286
"2020-08-18 00:00:00",14,4,13,9,50,95,91.14285714285714
"2020-08-19 00:00:00",20,2,15,6,58,94.14285714285714,90.71428571428571
"2020-08-20 00:00:00",27,3,19,8,45,95.71428571428571,93
"2020-08-21 00:00:00",13,4,11,7,51,95.14285714285714,92.85714285714286
"2020-08-22 00:00:00",16,1,11,6,49,92.57142857142857,90.42857142857143
"2020-08-23 00:00:00",20,2,12,7,36,92.57142857142857,92.71428571428571
"2020-08-24 00:00:00",32,0,15,6,55,92.42857142857143,94.85714285714286
"2020-08-25 00:00:00",18,4,14,9,44,92.28571428571429,97.14285714285714
"2020-08-26 00:00:00",12,5,13,6,46,89.57142857142857,95.85714285714286
"2020-08-27 00:00:00",33,4,13,8,62,92.14285714285714,96.71428571428571
"2020-08-28 00:00:00",22,1,6,7,57,93.14285714285714,96.28571428571429
"2020-08-29 00:00:00",20,2,8,6,50,93.57142857142857,99.28571428571429
"2020-08-30 00:00:00",20,2,16,7,43,95.14285714285714,98.42857142857143
"2020-08-31 00:00:00",23,2,14,7,44,92.57142857142857,95.71428571428571
"2020-09-01 00:00:00",18,5,13,8,50,93.28571428571429,96.85714285714286
"2020-09-02 00:00:00",22,2,13,5,54,95.28571428571429,97
"2020-09-03 00:00:00",23,5,16,7,48,92.28571428571429,97.85714285714286
"2020-09-04 00:00:00",19,1,12,7,63,93.57142857142857,96.14285714285714
"2020-09-05 00:00:00",24,2,14,6,49,94.85714285714286,97
"2020-09-06 00:00:00",21,7,19,5,42,95.71428571428571,98.28571428571429
"2020-09-07 00:00:00",20,4,15,7,46,96,99.14285714285714
"2020-09-08 00:00:00",19,6,18,9,54,97.71428571428571,96.85714285714286
"2020-09-09 00:00:00",23,2,20,5,56,99.14285714285714,98.14285714285714
"2020-09-10 00:00:00",23,4,11,5,50,98.28571428571429,94.57142857142857
"2020-09-11 00:00:00",19,3,11,5,54,96.85714285714286,93.71428571428571
"2020-09-12 00:00:00",24,4,18,7,46,97.42857142857143,93.14285714285714
"2020-09-13 00:00:00",20,3,18,4,52,97.85714285714286,91.28571428571429
"2020-09-14 00:00:00",20,4,24,7,48,99.42857142857143,90.85714285714286
"2020-09-15 00:00:00",20,5,14,8,47,97.71428571428571,92.42857142857143
"2020-09-16 00:00:00",22,3,19,6,54,97.42857142857143,91.14285714285714
"2020-09-17 00:00:00",18,0,18,7,53,97.85714285714286,92
"2020-09-18 00:00:00",21,1,16,6,43,97.14285714285714,95.71428571428571
"2020-09-19 00:00:00",18,1,10,7,55,96,93.85714285714286
"2020-09-20 00:00:00",22,4,13,4,36,93.42857142857143,97
"2020-09-21 00:00:00",21,3,14,6,70,95,99.14285714285714
"2020-09-22 00:00:00",21,4,13,8,49,95.14285714285714,97.85714285714286
"2020-09-23 00:00:00",21,1,15,5,44,92.57142857142857,99.42857142857143
"2020-09-24 00:00:00",19,1,16,8,48,92,101.14285714285714
"2020-09-25 00:00:00",17,4,12,6,48,92,101
"2020-09-26 00:00:00",9,1,6,3,41,87.57142857142857,101.42857142857143
"2020-09-27 00:00:00",24,4,13,6,51,90.28571428571429,99
"2020-09-28 00:00:00",22,5,15,8,52,88.57142857142857,97.71428571428571
"2020-09-29 00:00:00",19,5,18,7,47,88.71428571428571,99.42857142857143
"2020-09-30 00:00:00",23,2,17,7,48,90.28571428571429,99.28571428571429
"2020-10-01 00:00:00",24,3,17,7,44,90.71428571428571,97.42857142857143
"2020-10-02 00:00:00",17,2,13,6,62,92.57142857142857,96.57142857142857
"2020-10-03 00:00:00",22,3,7,5,39,94.85714285714286,97
"2020-10-04 00:00:00",15,2,14,6,48,93,102.28571428571429
"2020-10-05 00:00:00",31,1,11,9,60,94.42857142857143,101
"2020-10-06 00:00:00",14,3,11,7,46,92.28571428571429,97.28571428571429
"2020-10-07 00:00:00",25,5,13,5,43,91.42857142857143,96.85714285714286
"2020-10-08 00:00:00",18,2,13,8,42,89.71428571428571,97.71428571428571
"2020-10-09 00:00:00",22,4,14,6,60,90.57142857142857,99
"2020-10-10 00:00:00",20,4,9,7,54,93.14285714285714,97.71428571428571
"2020-10-11 00:00:00",27,1,11,5,38,92.71428571428571,94
"2020-10-12 00:00:00",30,6,19,8,54,93.42857142857143,95.14285714285714
"2020-10-13 00:00:00",19,3,15,7,51,95.42857142857143,99
"2020-10-14 00:00:00",14,4,9,6,51,94.42857142857143,99.42857142857143
"2020-10-15 00:00:00",30,2,17,9,49,97.85714285714286,101
"2020-10-16 00:00:00",16,1,18,6,42,94.57142857142857,98.14285714285714
"2020-10-17 00:00:00",17,2,6,7,49,92.71428571428571,100
"2020-10-18 00:00:00",20,2,22,6,42,94.14285714285714,99.85714285714286
"2020-10-19 00:00:00",29,3,13,9,55,93,98.85714285714286
"2020-10-20 00:00:00",21,4,13,6,50,92.85714285714286,97
"2020-10-21 00:00:00",15,4,18,5,39,92.42857142857143,97.14285714285714
"2020-10-22 00:00:00",26,8,18,8,53,93.28571428571429,95.14285714285714
"2020-10-23 00:00:00",15,3,16,6,56,95.14285714285714,97.14285714285714
"2020-10-24 00:00:00",17,4,10,6,64,98,97.85714285714286
"2020-10-25 00:00:00",16,3,13,5,36,95.28571428571429,97.57142857142857
"2020-10-26 00:00:00",24,1,19,6,53,94.42857142857143,99.14285714285714
"2020-10-27 00:00:00",19,4,9,8,52,94.14285714285714,102
"2020-10-28 00:00:00",24,2,13,6,59,97.42857142857143,102.71428571428571
"2020-10-29 00:00:00",16,4,16,5,38,92.57142857142857,101
"2020-10-30 00:00:00",16,1,15,7,39,90,99.57142857142857
"2020-10-31 00:00:00",15,2,7,3,58,87.71428571428571,98.71428571428571
"2020-11-01 00:00:00",17,2,11,6,46,89,97.71428571428571
"2020-11-02 00:00:00",19,1,20,9,43,87.42857142857143,96.57142857142857
"2020-11-03 00:00:00",22,3,9,6,59,88.42857142857143,95.14285714285714
"2020-11-04 00:00:00",21,3,22,8,52,88.71428571428571,89.14285714285714
"2020-11-05 00:00:00",22,1,13,5,50,90.42857142857143,90.28571428571429
"2020-11-06 00:00:00",22,3,21,9,50,94.28571428571429,91
"2020-11-07 00:00:00",16,1,13,4,48,93.85714285714286,89.42857142857143
"2020-11-08 00:00:00",22,4,18,5,39,94.71428571428571,91.28571428571429
"2020-11-09 00:00:00",23,3,14,7,49,95.28571428571429,91.71428571428571
"2020-11-10 00:00:00",19,3,11,8,48,93.85714285714286,89.42857142857143
"2020-11-11 00:00:00",19,2,17,6,58,93.28571428571429,92.85714285714286
"2020-11-12 00:00:00",24,5,16,8,47,94.57142857142857,92.42857142857143
"2020-11-13 00:00:00",26,2,12,7,47,93,93.42857142857143
"2020-11-14 00:00:00",12,2,12,5,47,92.42857142857143,94.28571428571429
"2020-11-15 00:00:00",18,2,13,6,45,91.85714285714286,91.85714285714286
"2020-11-16 00:00:00",22,3,19,7,42,91.42857142857143,93.71428571428571
"2020-11-17 00:00:00",25,3,12,8,53,93.14285714285714,94.71428571428571
"2020-11-18 00:00:00",14,4,19,6,43,90.85714285714286,94.42857142857143
"2020-11-19 00:00:00",25,5,18,8,51,91.85714285714286,95.71428571428571
"2020-11-20 00:00:00",14,2,13,7,57,91.71428571428571,95.57142857142857
"2020-11-21 00:00:00",21,2,12,5,50,93.42857142857143,96.28571428571429
"2020-11-22 00:00:00",17,1,16,5,55,94.85714285714286,96.57142857142857
"2020-11-23 00:00:00",24,3,20,8,56,97.42857142857143,94
"2020-11-24 00:00:00",20,6,15,9,52,97.57142857142857,96
"2020-11-25 00:00:00",20,1,11,6,51,98,98.57142857142857
"2020-11-26 00:00:00",17,2,22,8,44,96,97.42857142857143
"2020-11-27 00:00:00",22,2,23,6,56,98.28571428571429,94.71428571428571
"2020-11-28 00:00:00",22,0,14,6,41,97.28571428571429,95.85714285714286
"2020-11-29 00:00:00",18,4,15,4,45,96.14285714285714,97.57142857142857
"2020-11-30 00:00:00",27,5,19,8,46,95.28571428571429,97.57142857142857
"2020-12-01 00:00:00",18,3,12,11,42,93,95.57142857142857
"2020-12-02 00:00:00",25,0,22,3,56,95.42857142857143,94.71428571428571
"2020-12-03 00:00:00",14,2,11,9,58,95.57142857142857,95.71428571428571
"2020-12-04 00:00:00",20,1,13,4,57,93.57142857142857,96.85714285714286
"2020-12-05 00:00:00",20,2,9,6,46,93.57142857142857,95.42857142857143
"2020-12-06 00:00:00",16,7,13,5,45,93.57142857142857,96.57142857142857
"2020-12-07 00:00:00",24,1,13,10,59,93.85714285714286,96.42857142857143
"2020-12-08 00:00:00",15,4,20,7,54,95.85714285714286,95.57142857142857
"2020-12-09 00:00:00",20,3,18,6,48,94.28571428571429,93.14285714285714
"2020-12-10 00:00:00",23,4,22,6,53,96.28571428571429,93.28571428571429
"2020-12-11 00:00:00",23,5,10,7,58,97.42857142857143,94.14285714285714
"2020-12-12 00:00:00",18,3,10,6,43,97,94.85714285714286
"2020-12-13 00:00:00",19,0,14,5,56,98.14285714285714,92.71428571428571
"2020-12-14 00:00:00",20,4,16,8,52,97.14285714285714,92.71428571428571
"2020-12-15 00:00:00",21,1,17,7,57,97.57142857142857,94.28571428571429
"2020-12-16 00:00:00",20,3,17,6,56,98.57142857142857,94.71428571428571
"2020-12-17 00:00:00",23,1,10,8,49,96.14285714285714,96.42857142857143
"2020-12-18 00:00:00",15,4,15,7,54,95,94.57142857142857
"2020-12-19 00:00:00",17,4,11,7,51,96.42857142857143,92.42857142857143
"2020-12-20 00:00:00",17,3,16,5,37,94.14285714285714,94.28571428571429
"2020-12-21 00:00:00",23,3,14,8,57,94.85714285714286,97.14285714285714
"2020-12-22 00:00:00",21,0,15,6,48,93,97.85714285714286
"2020-12-23 00:00:00",15,2,14,7,57,92,96.42857142857143
"2020-12-24 00:00:00",14,1,9,4,49,90,91
"2020-12-25 00:00:00",9,2,8,0,35,84.14285714285714,89.71428571428571
"2020-12-26 00:00:00",13,0,13,5,45,82.14285714285714,90.57142857142857
"2020-12-27 00:00:00",10,3,8,1,46,80.71428571428571,87.71428571428571
"2020-12-28 00:00:00",16,2,16,2,58,79.14285714285714,87.57142857142857
"2020-12-29 00:00:00",20,0,11,8,51,79.14285714285714,83.28571428571429
"2020-12-30 00:00:00",22,0,6,7,45,77,83.57142857142857
"2020-12-31 00:00:00",14,2,8,8,49,77.57142857142857,83
"2021-01-01 00:00:00",7,2,7,3,32,77.14285714285714,83.57142857142857
"2021-01-02 00:00:00",14,2,9,2,57,78.28571428571429,85.42857142857143
"2021-01-03 00:00:00",23,5,13,1,41,80.42857142857143,87
"2021-01-04 00:00:00",15,5,14,2,46,78.71428571428571,82.71428571428571
"2021-01-05 00:00:00",17,1,10,8,41,76.85714285714286,85.42857142857143
"2021-01-06 00:00:00",28,8,16,5,53,81.14285714285714,87.85714285714286
"2021-01-07 00:00:00",19,1,20,6,49,83.14285714285714,91.57142857142857
"2021-01-08 00:00:00",18,3,18,6,56,90.28571428571429,93.85714285714286
"2021-01-09 00:00:00",21,4,7,6,50,90.85714285714286,92.85714285714286
"2021-01-10 00:00:00",17,0,16,5,32,89,91.85714285714286
"2021-01-11 00:00:00",23,2,8,9,59,91.71428571428571,91.57142857142857
"2021-01-12 00:00:00",17,4,13,6,45,92.85714285714286,91.42857142857143
"2021-01-13 00:00:00",17,1,15,6,42,88.71428571428571,92
"2021-01-14 00:00:00",22,3,13,6,56,89.42857142857143,91
"2021-01-15 00:00:00",28,2,17,4,59,90.71428571428571,90.28571428571429
"2021-01-16 00:00:00",18,3,5,8,48,89.85714285714286,89.14285714285714
"2021-01-17 00:00:00",17,3,10,5,46,91.42857142857143,90.57142857142857
"2021-01-18 00:00:00",27,5,19,9,49,92.57142857142857,94.71428571428571
"2021-01-19 00:00:00",18,1,22,6,47,93.85714285714286,93.14285714285714
"2021-01-20 00:00:00",15,1,8,5,50,93.57142857142857,93.57142857142857
"2021-01-21 00:00:00",14,5,16,5,44,91.28571428571429,95.14285714285714
"2021-01-22 00:00:00",24,1,10,4,48,88,96.14285714285714
"2021-01-23 00:00:00",22,2,13,9,48,89.71428571428571,98.28571428571429
"2021-01-24 00:00:00",14,4,14,7,32,88.28571428571429,100.14285714285714
"2021-01-25 00:00:00",21,4,18,7,46,86.42857142857143,100.71428571428571
"2021-01-26 00:00:00",18,5,18,8,47,86.71428571428571,105.85714285714286
"2021-01-27 00:00:00",23,4,16,4,44,88.42857142857143,104.71428571428571
"2021-01-28 00:00:00",18,0,12,5,50,88.57142857142857,107
"2021-01-29 00:00:00",19,3,12,5,46,88.28571428571429,107.85714285714286
"2021-01-30 00:00:00",15,1,7,7,57,87.28571428571429,109.28571428571429
"2021-01-31 00:00:00",20,1,12,7,42,88.85714285714286,110.85714285714286
"2021-02-01 00:00:00",21,2,24,9,55,91,111.57142857142857
"2021-02-02 00:00:00",22,5,11,7,46,90.28571428571429,107.42857142857143
"2021-02-03 00:00:00",21,2,10,4,48,89.42857142857143,106.57142857142857
"2021-02-04 00:00:00",17,4,12,6,50,90,104.42857142857143
"2021-02-05 00:00:00",27,3,10,4,58,92.42857142857143,105.71428571428571
"2021-02-06 00:00:00",17,2,12,7,50,92.57142857142857,104.28571428571429
"2021-02-07 00:00:00",7,2,8,5,28,88,101.28571428571429
"2021-02-08 00:00:00",16,7,9,10,46,84.71428571428571,92.85714285714286
"2021-02-09 00:00:00",19,2,13,7,45,84,86.71428571428571
"2021-02-10 00:00:00",18,2,7,6,44,82.85714285714286,82.71428571428571
"2021-02-11 00:00:00",21,1,7,4,43,81,83.14285714285714
"2021-02-12 00:00:00",13,4,12,4,57,79.28571428571429,80.28571428571429
"2021-02-13 00:00:00",20,0,16,7,42,78.85714285714286,80.28571428571429
"2021-02-14 00:00:00",19,4,9,5,47,83.71428571428571,81
"2021-02-15 00:00:00",22,4,11,6,47,84,83.85714285714286
"2021-02-16 00:00:00",17,3,21,10,51,86.28571428571429,87.71428571428571
"2021-02-17 00:00:00",17,5,15,6,56,89.42857142857143,90.85714285714286
"2021-02-18 00:00:00",21,2,21,5,48,92.42857142857143,89.57142857142857
"2021-02-19 00:00:00",26,3,19,5,58,95.42857142857143,90
"2021-02-20 00:00:00",18,2,5,6,44,94,88.85714285714286
"2021-02-21 00:00:00",16,3,13,5,53,94.85714285714286,86.14285714285714
"2021-02-22 00:00:00",22,4,20,9,60,98.42857142857143,87
"2021-02-23 00:00:00",21,2,20,8,51,98.42857142857143,91.14285714285714
"2021-02-24 00:00:00",19,4,23,4,58,99.71428571428571,95.57142857142857
"2021-02-25 00:00:00",19,1,12,5,41,97,95.57142857142857
"2021-02-26 00:00:00",21,5,13,7,48,94.57142857142857,94.57142857142857
"2021-02-27 00:00:00",15,5,8,4,54,96.14285714285714,95.14285714285714
"2021-02-28 00:00:00",23,3,13,9,50,97.28571428571429,96.14285714285714
"2021-03-01 00:00:00",26,1,13,8,47,94.42857142857143,97.85714285714286
"2021-03-02 00:00:00",18,6,22,8,49,94.57142857142857,98.57142857142857
"2021-03-03 00:00:00",19,5,17,5,49,92.71428571428571,94.85714285714286
"2021-03-04 00:00:00",18,2,12,4,50,93.85714285714286,96.28571428571429
"2021-03-05 00:00:00",21,5,16,8,51,94.85714285714286,97
"2021-03-06 00:00:00",15,2,11,5,42,93.28571428571429,97.42857142857143
"2021-03-07 00:00:00",26,2,14,7,58,94.57142857142857,99.14285714285714
"2021-03-08 00:00:00",28,4,25,6,51,97.28571428571429,100.42857142857143
"2021-03-09 00:00:00",15,1,14,7,48,94.71428571428571,98
"2021-03-10 00:00:00",20,8,22,6,48,96,99.42857142857143
"2021-03-11 00:00:00",10,3,12,6,48,95,99
"2021-03-12 00:00:00",17,1,13,7,44,92.28571428571429,97
"2021-03-13 00:00:00",15,6,9,3,47,93,95.42857142857143
"2021-03-14 00:00:00",18,1,14,8,55,91.42857142857143,94.57142857142857
"2021-03-15 00:00:00",15,3,12,8,49,87.57142857142857,92.28571428571429
"2021-03-16 00:00:00",30,4,15,9,36,88.85714285714286,95.14285714285714
"2021-03-17 00:00:00",20,3,14,7,41,86.14285714285714,93.28571428571429
"2021-03-18 00:00:00",16,3,13,5,43,86.28571428571429,90.71428571428571
"2021-03-19 00:00:00",19,5,17,8,40,87.28571428571429,93.42857142857143
"2021-03-20 00:00:00",21,1,11,7,43,87.71428571428571,93
"2021-03-21 00:00:00",15,2,12,5,47,85.57142857142857,92.14285714285714
"2021-03-22 00:00:00",23,4,16,11,41,86.71428571428571,93.57142857142857
"2021-03-23 00:00:00",18,2,14,8,50,86.42857142857143,91.85714285714286
"2021-03-24 00:00:00",17,1,12,6,58,87.71428571428571,93.85714285714286
"2021-03-25 00:00:00",18,0,15,5,47,88.42857142857143,94.57142857142857
"2021-03-26 00:00:00",19,6,10,7,44,88,94.14285714285714
"2021-03-27 00:00:00",28,2,9,7,40,88.42857142857143,95.85714285714286
"2021-03-28 00:00:00",18,1,12,8,49,89.42857142857143,97.71428571428571
"2021-03-29 00:00:00",29,4,15,7,52,91.14285714285714,96.85714285714286
"2021-03-30 00:00:00",14,3,18,8,44,90.42857142857143,98.85714285714286
"2021-03-31 00:00:00",15,4,18,8,48,90.28571428571429,98.28571428571429
"2021-04-01 00:00:00",21,3,13,6,46,90.85714285714286,99.14285714285714
"2021-04-02 00:00:00",22,4,12,7,47,91.71428571428571,99.42857142857143
"2021-04-03 00:00:00",20,1,6,5,58,92.28571428571429,95.85714285714286
"2021-04-04 00:00:00",17,2,10,8,51,92.28571428571429,94.28571428571429
"2021-04-05 00:00:00",18,2,13,7,51,90,93.85714285714286
"2021-04-06 00:00:00",16,0,10,3,42,87.71428571428571,90.85714285714286
"2021-04-07 00:00:00",26,2,16,7,41,87.57142857142857,90
"2021-04-08 00:00:00",26,3,14,6,43,88,91.28571428571429
"2021-04-09 00:00:00",20,3,13,5,43,86.85714285714286,90
"2021-04-10 00:00:00",16,4,18,6,47,87,91.57142857142857
"2021-04-11 00:00:00",17,2,12,6,58,88,91.71428571428571
"2021-04-12 00:00:00",24,4,24,10,48,90.71428571428571,92.42857142857143
"2021-04-13 00:00:00",21,3,28,7,43,95.14285714285714,92.14285714285714
"2021-04-14 00:00:00",19,3,12,5,51,94.85714285714286,91.42857142857143
"2021-04-15 00:00:00",15,2,10,5,46,92.85714285714286,88.71428571428571
"2021-04-16 00:00:00",25,1,17,4,63,96.57142857142857,90.85714285714286
"2021-04-17 00:00:00",18,5,16,4,56,97.71428571428571,90.71428571428571
"2021-04-18 00:00:00",24,3,9,6,49,97.14285714285714,90.28571428571429
"2021-04-19 00:00:00",22,4,23,6,45,95.71428571428571,92
"2021-04-20 00:00:00",17,2,18,6,60,95.85714285714286,92.71428571428571
"2021-04-21 00:00:00",18,2,13,7,57,96.85714285714286,95.57142857142857
"2021-04-22 00:00:00",18,2,12,5,50,98.14285714285714,95.71428571428571
"2021-04-23 00:00:00",22,3,19,5,44,95.71428571428571,94.28571428571429
"2021-04-24 00:00:00",22,3,10,7,50,94.71428571428571,97.14285714285714
"2021-04-25 00:00:00",17,3,14,6,43,93.57142857142857,97.14285714285714
"2021-04-26 00:00:00",22,2,11,9,48,92.42857142857143,94.71428571428571
"2021-04-27 00:00:00",20,2,18,6,54,92,92.57142857142857
"2021-04-28 00:00:00",25,4,26,10,35,92.42857142857143,92.42857142857143
"2021-04-29 00:00:00",19,3,22,6,65,96.42857142857143,95.71428571428571
"2021-04-30 00:00:00",16,7,14,6,55,97.14285714285714,95.42857142857143
"2021-05-01 00:00:00",21,3,12,6,45,96.42857142857143,95.42857142857143
"2021-05-02 00:00:00",20,6,21,7,42,98.28571428571429,94.71428571428571
"2021-05-03 00:00:00",22,3,11,6,45,97.57142857142857,96.71428571428571
"2021-05-04 00:00:00",12,2,10,7,41,93.57142857142857,98.14285714285714
"2021-05-05 00:00:00",23,1,26,6,50,94.42857142857143,98.28571428571429
"2021-05-06 00:00:00",16,2,12,5,63,92,96
"2021-05-07 00:00:00",20,1,11,6,52,90.85714285714286,97.14285714285714
"2021-05-08 00:00:00",17,3,17,6,50,91.71428571428571,93.14285714285714
"2021-05-09 00:00:00",21,3,22,6,38,90.85714285714286,92.85714285714286
"2021-05-10 00:00:00",21,4,16,9,54,93.28571428571429,93
"2021-05-11 00:00:00",19,1,18,8,51,96.85714285714286,89.57142857142857
"2021-05-12 00:00:00",24,3,12,5,53,95.57142857142857,87.71428571428571
"2021-05-13 00:00:00",23,6,14,6,63,97.57142857142857,89.14285714285714
"2021-05-14 00:00:00",20,2,15,7,42,97,89.28571428571429
"2021-05-15 00:00:00",15,3,11,6,41,94.57142857142857,89.57142857142857
"2021-05-16 00:00:00",20,2,12,5,52,94.71428571428571,90.71428571428571
"2021-05-17 00:00:00",22,4,18,8,55,95.14285714285714,91
"2021-05-18 00:00:00",25,4,24,9,58,98.42857142857143,94.57142857142857
"2021-05-19 00:00:00",23,4,20,7,50,99.42857142857143,93.57142857142857
"2021-05-20 00:00:00",23,4,15,4,47,96.71428571428571,93.14285714285714
"2021-05-21 00:00:00",11,2,9,6,56,96.42857142857143,91.71428571428571
"2021-05-22 00:00:00",13,1,10,6,52,97.28571428571429,95.42857142857143
"2021-05-23 00:00:00",24,1,10,5,47,96.71428571428571,93.42857142857143
"2021-05-24 00:00:00",22,3,27,10,47,97,90.14285714285714
"2021-05-25 00:00:00",21,2,13,5,52,93.14285714285714,89.85714285714286
"2021-05-26 00:00:00",23,3,15,6,59,93.42857142857143,89.28571428571429
"2021-05-27 00:00:00",21,0,20,6,56,94.85714285714286,90.57142857142857
"2021-05-28 00:00:00",17,3,17,9,44,95.71428571428571,90.57142857142857
"2021-05-29 00:00:00",19,2,11,3,53,96.57142857142857,90
"2021-05-30 00:00:00",24,4,10,6,31,94.85714285714286,94.42857142857143
"2021-05-31 00:00:00",25,4,11,8,54,93.85714285714286,94.85714285714286
"2021-06-01 00:00:00",14,0,18,6,46,92.57142857142857,93.42857142857143
"2021-06-02 00:00:00",21,3,16,7,40,89.85714285714286,93.14285714285714
"2021-06-03 00:00:00",17,5,19,6,36,87,90.85714285714286
"2021-06-04 00:00:00",27,5,16,6,56,89.85714285714286,88.57142857142857
"2021-06-05 00:00:00",18,1,8,3,46,88.14285714285714,86.71428571428571
"2021-06-06 00:00:00",18,1,12,8,42,89,84.71428571428571
"2021-06-07 00:00:00",23,4,14,9,45,88,85.57142857142857
"2021-06-08 00:00:00",24,1,17,6,58,91.14285714285714,88.57142857142857
"2021-06-09 00:00:00",23,3,11,7,57,93.14285714285714,88.85714285714286
"2021-06-10 00:00:00",18,2,16,4,42,93,89.14285714285714
"2021-06-11 00:00:00",19,5,19,8,51,91.85714285714286,93
"2021-06-12 00:00:00",18,3,7,6,42,91.85714285714286,91.28571428571429
"2021-06-13 00:00:00",18,4,12,6,36,91.14285714285714,92.57142857142857
"2021-06-14 00:00:00",27,3,16,9,50,92.57142857142857,91.71428571428571
"2021-06-15 00:00:00",15,3,21,9,50,91.42857142857143,89.42857142857143
"2021-06-16 00:00:00",23,0,21,6,52,91.57142857142857,90.71428571428571
"2021-06-17 00:00:00",26,2,21,6,37,93,90.71428571428571
"2021-06-18 00:00:00",15,3,15,6,57,92.14285714285714,90.28571428571429
"2021-06-19 00:00:00",15,4,11,7,45,93,92
"2021-06-20 00:00:00",27,4,11,5,42,94.85714285714286,91.28571428571429
"2021-06-21 00:00:00",20,2,11,8,43,91.85714285714286,92.28571428571429
"2021-06-22 00:00:00",16,4,17,7,52,91.57142857142857,93.14285714285714
"2021-06-23 00:00:00",18,7,15,7,58,92,92.14285714285714
"2021-06-24 00:00:00",17,4,15,3,58,92.71428571428571,93
"2021-06-25 00:00:00",24,3,22,7,52,94.42857142857143,94
"2021-06-26 00:00:00",17,2,13,6,52,95.57142857142857,93.57142857142857
"2021-06-27 00:00:00",16,2,17,6,37,94,92.71428571428571
"2021-06-28 00:00:00",20,3,21,9,52,97,93.14285714285714
"2021-06-29 00:00:00",17,1,8,6,52,95.28571428571429,95.14285714285714
"2021-06-30 00:00:00",15,5,23,7,54,95.14285714285714,95.71428571428571
"2021-07-01 00:00:00",30,7,18,4,55,97.57142857142857,93.85714285714286
"2021-07-02 00:00:00",23,5,16,8,48,96.42857142857143,92.28571428571429
"2021-07-03 00:00:00",16,1,8,5,44,94.14285714285714,92.71428571428571
"2021-07-04 00:00:00",14,1,11,3,34,92,92.14285714285714
"2021-07-05 00:00:00",25,2,16,10,51,91.85714285714286,91
"2021-07-06 00:00:00",22,1,17,8,47,93.42857142857143,91.14285714285714
"2021-07-07 00:00:00",24,2,14,9,57,93.71428571428571,92.14285714285714
"2021-07-08 00:00:00",20,6,14,4,45,90.14285714285714,92.14285714285714
"2021-07-09 00:00:00",19,1,15,8,45,88.42857142857143,92.14285714285714
"2021-07-10 00:00:00",18,2,12,6,48,90.14285714285714,93.57142857142857
"2021-07-11 00:00:00",24,3,12,3,49,94.14285714285714,94.14285714285714
"2021-07-12 00:00:00",18,4,16,9,49,93,94.85714285714286
"2021-07-13 00:00:00",21,5,18,8,39,92.42857142857143,93.71428571428571
"2021-07-14 00:00:00",22,1,20,7,61,93.14285714285714,93.14285714285714
"2021-07-15 00:00:00",16,2,18,3,53,93.57142857142857,94.71428571428571
"2021-07-16 00:00:00",24,2,8,7,48,93.71428571428571,95.57142857142857
"2021-07-17 00:00:00",13,3,9,7,52,93.42857142857143,95.42857142857143
"2021-07-18 00:00:00",19,2,10,4,30,89.71428571428571,95
"2021-07-19 00:00:00",21,4,19,10,51,91,94
"2021-07-20 00:00:00",25,1,18,8,41,91.28571428571429,94.71428571428571
"2021-07-21 00:00:00",22,3,20,6,46,89.28571428571429,94.42857142857143
"2021-07-22 00:00:00",16,3,15,4,49,88.57142857142857,93.71428571428571
"2021-07-23 00:00:00",24,1,16,7,50,89.85714285714286,92.85714285714286
"2021-07-24 00:00:00",17,4,4,5,39,87.71428571428571,93
"2021-07-25 00:00:00",16,3,15,6,47,90.85714285714286,96.28571428571429
"2021-07-26 00:00:00",22,2,15,10,54,90.57142857142857,98.42857142857143
"2021-07-27 00:00:00",17,2,20,7,53,91.42857142857143,97.28571428571429
"2021-07-28 00:00:00",17,2,16,6,53,91,97.85714285714286
"2021-07-29 00:00:00",24,0,15,4,49,91.71428571428571,100
"2021-07-30 00:00:00",19,4,16,6,50,91.28571428571429,99.14285714285714
"2021-07-31 00:00:00",26,2,7,6,61,96,101.42857142857143
"2021-08-01 00:00:00",19,4,18,6,41,96.14285714285714,96.85714285714286
"2021-08-02 00:00:00",19,5,14,7,53,95.42857142857143,95.71428571428571
"2021-08-03 00:00:00",18,4,24,9,45,95.57142857142857,94.57142857142857
"2021-08-04 00:00:00",24,2,15,6,61,97.57142857142857,94.28571428571429
"2021-08-05 00:00:00",21,4,16,6,34,96,96
"2021-08-06 00:00:00",19,0,14,6,52,95.42857142857143,96.57142857142857
"2021-08-07 00:00:00",16,3,4,6,40,90.71428571428571,94
"2021-08-08 00:00:00",22,2,12,5,38,89.42857142857143,94.85714285714286
"2021-08-09 00:00:00",21,3,19,8,49,89.71428571428571,93.71428571428571
"2021-08-10 00:00:00",16,1,16,6,51,88.28571428571429,95
"2021-08-11 00:00:00",22,2,12,8,50,86.28571428571429,94.42857142857143
"2021-08-12 00:00:00",21,5,18,3,43,87.57142857142857,92.42857142857143
"2021-08-13 00:00:00",22,2,17,6,46,87.85714285714286,91.57142857142857
"2021-08-14 00:00:00",20,3,7,6,54,90.85714285714286,90.57142857142857
"2021-08-15 00:00:00",17,1,16,5,35,90.14285714285714,93.14285714285714
"2021-08-16 00:00:00",26,4,20,7,47,90.71428571428571,93.57142857142857
"2021-08-17 00:00:00",15,3,13,7,54,91,94.57142857142857
"2021-08-18 00:00:00",18,0,13,7,50,90.14285714285714,95
"2021-08-19 00:00:00",21,3,13,7,53,91.14285714285714,94.14285714285714
"2021-08-20 00:00:00",18,3,17,6,46,90.71428571428571,95.71428571428571
"2021-08-21 00:00:00",13,7,4,3,57,89.85714285714286,95.14285714285714
"2021-08-22 00:00:00",25,6,17,8,45,93.71428571428571,92.57142857142857
"2021-08-23 00:00:00",22,5,15,8,42,92,92.57142857142857
"2021-08-24 00:00:00",20,3,22,7,47,93,92.42857142857143
"2021-08-25 00:00:00",20,2,15,5,50,93.57142857142857,92.28571428571429
"2021-08-26 00:00:00",18,2,16,5,31,90,89.57142857142857
"2021-08-27 00:00:00",21,7,13,5,39,89.28571428571429,92.14285714285714
"2021-08-28 00:00:00",17,3,10,6,46,89,93.14285714285714
"2021-08-29 00:00:00",17,7,20,5,43,87.71428571428571,93.57142857142857
"2021-08-30 00:00:00",27,2,14,8,61,90.57142857142857,95.14285714285714
"2021-08-31 00:00:00",11,8,18,7,45,89.14285714285714,92.57142857142857
"2021-09-01 00:00:00",26,3,11,5,50,89.57142857142857,93.28571428571429
"2021-09-02 00:00:00",17,3,18,4,42,91.28571428571429,95.28571428571429
"2021-09-03 00:00:00",21,5,13,8,62,94.71428571428571,92.28571428571429
"2021-09-04 00:00:00",20,1,12,6,53,96.14285714285714,93.57142857142857
"2021-09-05 00:00:00",18,4,13,6,38,94.28571428571429,94.85714285714286
"2021-09-06 00:00:00",24,5,15,9,44,92.14285714285714,95.71428571428571
"2021-09-07 00:00:00",16,1,10,8,36,89.57142857142857,96
"2021-09-08 00:00:00",19,1,15,6,52,89.28571428571429,97.71428571428571
"2021-09-09 00:00:00",18,4,14,7,49,90.42857142857143,99.14285714285714
"2021-09-10 00:00:00",21,2,16,5,50,88.28571428571429,98.28571428571429
"2021-09-11 00:00:00",19,1,13,6,41,86.57142857142857,96.85714285714286
"2021-09-12 00:00:00",18,1,14,4,26,84.28571428571429,97.42857142857143
"2021-09-13 00:00:00",31,1,27,7,58,88.14285714285714,97.85714285714286
"2021-09-14 00:00:00",14,5,19,7,43,90.57142857142857,99.42857142857143
"2021-09-15 00:00:00",15,2,11,7,46,88.85714285714286,97.71428571428571
"2021-09-16 00:00:00",18,5,13,4,51,88.71428571428571,97.42857142857143
"2021-09-17 00:00:00",20,6,10,7,41,87.28571428571429,97.85714285714286
"2021-09-18 00:00:00",17,4,11,6,51,88.57142857142857,97.14285714285714
"2021-09-19 00:00:00",19,5,17,6,38,91.71428571428571,96
"2021-09-20 00:00:00",23,2,18,9,57,89.57142857142857,93.42857142857143
"2021-09-21 00:00:00",12,2,14,7,42,88,95
"2021-09-22 00:00:00",21,1,14,7,48,89.42857142857143,95.14285714285714
"2021-09-23 00:00:00",15,7,15,7,58,91,92.57142857142857
"2021-09-24 00:00:00",18,3,9,7,37,89.57142857142857,92
"2021-09-25 00:00:00",20,4,7,5,42,88,92
"2021-09-26 00:00:00",20,2,20,3,49,89.28571428571429,87.57142857142857
"2021-09-27 00:00:00",23,2,18,9,55,89,90.28571428571429
"2021-09-28 00:00:00",19,1,15,9,53,91.85714285714286,88.57142857142857
"2021-09-29 00:00:00",14,4,14,8,54,92.28571428571429,88.71428571428571
"2021-09-30 00:00:00",24,1,13,4,52,91.14285714285714,90.28571428571429
"2021-10-01 00:00:00",18,2,15,6,45,92.85714285714286,90.71428571428571
"2021-10-02 00:00:00",15,4,15,5,61,96,92.57142857142857
"2021-10-03 00:00:00",17,5,12,6,42,94.28571428571429,94.85714285714286
"2021-10-04 00:00:00",25,1,14,9,51,93.28571428571429,93
"2021-10-05 00:00:00",24,4,17,7,51,94.14285714285714,94.42857142857143
"2021-10-06 00:00:00",18,6,19,6,52,95.14285714285714,92.28571428571429
"2021-10-07 00:00:00",26,4,13,4,55,96.28571428571429,91.42857142857143
"2021-10-08 00:00:00",18,4,16,8,57,98.71428571428571,89.71428571428571
"2021-10-09 00:00:00",14,3,5,6,41,94.28571428571429,90.57142857142857
"2021-10-10 00:00:00",21,3,12,4,36,93.42857142857143,93.14285714285714
"2021-10-11 00:00:00",19,5,17,8,55,94,92.71428571428571
"2021-10-12 00:00:00",20,3,15,9,43,92.14285714285714,93.42857142857143
"2021-10-13 00:00:00",26,2,16,7,44,91.28571428571429,95.42857142857143
"2021-10-14 00:00:00",18,7,16,4,53,90.71428571428571,94.42857142857143
"2021-10-15 00:00:00",15,2,20,8,49,89.42857142857143,97.85714285714286
"2021-10-16 00:00:00",21,4,11,5,43,91.57142857142857,94.57142857142857
"2021-10-17 00:00:00",16,3,15,6,32,91,92.71428571428571
"2021-10-18 00:00:00",17,4,17,7,62,91.42857142857143,94.14285714285714
"2021-10-19 00:00:00",24,2,15,11,50,93.14285714285714,93
"2021-10-20 00:00:00",22,5,20,6,46,93.71428571428571,92.85714285714286
"2021-10-21 00:00:00",13,1,13,4,39,89.71428571428571,92.42857142857143
"2021-10-22 00:00:00",17,5,16,6,51,89.85714285714286,93.28571428571429
"2021-10-23 00:00:00",15,2,13,5,52,90.28571428571429,95.14285714285714
"2021-10-24 00:00:00",17,4,9,3,42,90.71428571428571,98
"2021-10-25 00:00:00",21,3,19,9,45,89.28571428571429,95.28571428571429
"2021-10-26 00:00:00",23,3,16,7,43,87.85714285714286,94.42857142857143
"2021-10-27 00:00:00",16,6,20,8,46,87.42857142857143,94.14285714285714
"2021-10-28 00:00:00",16,2,15,3,48,89.42857142857143,97.42857142857143
"2021-10-29 00:00:00",19,1,10,8,51,88.57142857142857,92.57142857142857
"2021-10-30 00:00:00",19,2,15,7,54,90,90
"2021-10-31 00:00:00",14,4,13,5,45,90.85714285714286,87.71428571428571
"2021-11-01 00:00:00",27,6,19,8,52,93,89
"2021-11-02 00:00:00",14,4,14,7,50,92.57142857142857,87.42857142857143
"2021-11-03 00:00:00",21,3,20,10,47,93.28571428571429,88.42857142857143
"2021-11-04 00:00:00",17,4,13,3,45,93,88.71428571428571
"2021-11-05 00:00:00",21,2,10,9,61,95,90.42857142857143
"2021-11-06 00:00:00",20,2,14,5,51,94.28571428571429,94.28571428571429
"2021-11-07 00:00:00",11,2,14,6,53,95,93.85714285714286
"2021-11-08 00:00:00",23,1,17,8,56,94,94.71428571428571
"2021-11-09 00:00:00",23,4,11,9,58,96.28571428571429,95.28571428571429
"2021-11-10 00:00:00",17,2,19,5,54,95.71428571428571,93.85714285714286
"2021-11-11 00:00:00",25,2,14,5,54,98.28571428571429,93.28571428571429
"2021-11-12 00:00:00",19,4,13,9,46,96.57142857142857,94.57142857142857
"2021-11-13 00:00:00",18,1,8,3,56,95.71428571428571,93
"2021-11-14 00:00:00",17,3,16,6,50,96.57142857142857,92.42857142857143
"2021-11-15 00:00:00",20,2,18,7,57,96.42857142857143,91.85714285714286
"2021-11-16 00:00:00",19,7,23,8,43,95.71428571428571,91.42857142857143
"2021-11-17 00:00:00",18,6,19,8,50,96.28571428571429,93.14285714285714
"2021-11-18 00:00:00",21,3,18,5,54,96.42857142857143,90.85714285714286
"2021-11-19 00:00:00",20,2,13,7,48,96.28571428571429,91.85714285714286
"2021-11-20 00:00:00",17,4,11,6,43,95.57142857142857,91.71428571428571
"2021-11-21 00:00:00",16,5,10,5,26,91.28571428571429,93.42857142857143
"2021-11-22 00:00:00",21,2,18,8,37,88.71428571428571,94.85714285714286
"2021-11-23 00:00:00",18,5,18,9,55,89.42857142857143,97.42857142857143
"2021-11-24 00:00:00",16,2,17,7,59,89.42857142857143,97.57142857142857
"2021-11-25 00:00:00",19,4,12,5,48,87.57142857142857,98
"2021-11-26 00:00:00",22,3,22,8,46,89.14285714285714,96
"2021-11-27 00:00:00",18,4,10,5,39,88.42857142857143,98.28571428571429
"2021-11-28 00:00:00",11,2,8,4,53,90.71428571428571,97.28571428571429
"2021-11-29 00:00:00",21,3,16,9,45,91.85714285714286,96.14285714285714
"2021-11-30 00:00:00",20,1,8,8,41,88,95.28571428571429
"2021-12-01 00:00:00",13,3,16,7,44,85.42857142857143,93
"2021-12-02 00:00:00",18,6,12,4,51,85.85714285714286,95.42857142857143
"2021-12-03 00:00:00",22,4,14,8,54,86,95.57142857142857
"2021-12-04 00:00:00",18,2,10,6,50,87.42857142857143,93.57142857142857
"2021-12-05 00:00:00",15,2,9,7,45,87.42857142857143,93.57142857142857
"2021-12-06 00:00:00",24,2,15,8,47,87.71428571428571,93.57142857142857
"2021-12-07 00:00:00",16,4,14,7,51,89.71428571428571,93.85714285714286
"2021-12-08 00:00:00",17,6,11,7,41,89.57142857142857,95.85714285714286
"2021-12-09 00:00:00",18,3,15,3,44,88.42857142857143,94.28571428571429
"2021-12-10 00:00:00",22,2,16,7,45,87,96.28571428571429
"2021-12-11 00:00:00",16,2,17,5,53,88,97.42857142857143
"2021-12-12 00:00:00",23,1,10,6,40,88.28571428571429,97
"2021-12-13 00:00:00",26,1,15,6,56,89.42857142857143,98.14285714285714
"2021-12-14 00:00:00",15,6,15,5,46,88.71428571428571,97.14285714285714
"2021-12-15 00:00:00",17,4,17,10,42,89.85714285714286,97.57142857142857
"2021-12-16 00:00:00",17,2,16,3,52,90.85714285714286,98.57142857142857
"2021-12-17 00:00:00",25,3,10,8,55,92.14285714285714,96.14285714285714
"2021-12-18 00:00:00",18,5,14,6,39,90.57142857142857,95
"2021-12-19 00:00:00",19,6,13,3,45,91.42857142857143,96.42857142857143
"2021-12-20 00:00:00",26,1,17,8,66,93.42857142857143,94.14285714285714
"2021-12-21 00:00:00",18,4,16,7,55,95.28571428571429,94.85714285714286
"2021-12-22 00:00:00",17,3,17,7,44,95,93
"2021-12-23 00:00:00",23,2,14,5,57,96.57142857142857,92
"2021-12-24 00:00:00",11,0,10,6,45,92.42857142857143,90
"2021-12-25 00:00:00",6,2,7,3,40,89,84.14285714285714
"2021-12-26 00:00:00",14,3,9,1,31,85,82.14285714285714
"2021-12-27 00:00:00",16,3,15,3,42,79.42857142857143,80.71428571428571
"2021-12-28 00:00:00",24,4,12,4,51,78.71428571428571,79.14285714285714
"2021-12-29 00:00:00",13,2,5,9,51,77.57142857142857,79.14285714285714
"2021-12-30 00:00:00",23,2,7,6,37,73.85714285714286,77
"2021-12-31 00:00:00",8,4,10,5,64,76.57142857142857,77.57142857142857
"2022-01-01 00:00:00",13,0,4,0,44,77,77.14285714285714
"2022-01-02 00:00:00",17,4,8,4,40,79.14285714285714,78.28571428571429
"2022-01-03 00:00:00",15,3,10,2,66,81.57142857142857,80.42857142857143
"2022-01-04 00:00:00",17,2,10,4,52,80.14285714285714,78.71428571428571
"2022-01-05 00:00:00",16,6,13,7,49,81.71428571428571,76.85714285714286
"2022-01-06 00:00:00",21,1,12,9,51,84.42857142857143,81.14285714285714
"2022-01-07 00:00:00",21,1,13,6,59,85.71428571428571,83.14285714285714
"2022-01-08 00:00:00",19,2,14,9,48,90.14285714285714,90.28571428571429
"2022-01-09 00:00:00",15,2,13,4,43,90.71428571428571,90.85714285714286
"2022-01-10 00:00:00",27,0,15,5,50,90.85714285714286,89
"2022-01-11 00:00:00",19,9,20,10,43,93.14285714285714,91.71428571428571
"2022-01-12 00:00:00",16,0,14,6,44,91.57142857142857,92.85714285714286
"2022-01-13 00:00:00",8,2,10,8,38,87.57142857142857,88.71428571428571
"2022-01-14 00:00:00",30,9,12,10,56,90,89.42857142857143
"2022-01-15 00:00:00",15,3,9,10,54,89.85714285714286,90.71428571428571
"2022-01-16 00:00:00",21,4,14,3,47,91.57142857142857,89.85714285714286
"2022-01-17 00:00:00",23,3,18,10,53,93,91.42857142857143
"2022-01-18 00:00:00",12,2,13,8,44,89.85714285714286,92.57142857142857
"2022-01-19 00:00:00",23,5,21,5,51,93.42857142857143,93.85714285714286
"2022-01-20 00:00:00",13,2,10,7,49,95.57142857142857,93.57142857142857
"2022-01-21 00:00:00",29,3,13,7,56,94.28571428571429,91.28571428571429
"2022-01-22 00:00:00",20,1,11,11,51,94.71428571428571,88
"2022-01-23 00:00:00",21,3,18,5,54,96.42857142857143,89.71428571428571
"2022-01-24 00:00:00",31,2,17,9,45,96,88.28571428571429
"2022-01-25 00:00:00",18,2,10,8,55,98,86.42857142857143
"2022-01-26 00:00:00",15,3,11,8,53,95.85714285714286,86.71428571428571
"2022-01-27 00:00:00",17,3,17,6,50,97.57142857142857,88.42857142857143
"2022-01-28 00:00:00",16,3,8,6,59,95.28571428571429,88.57142857142857
"2022-01-29 00:00:00",25,3,6,9,42,94,88.28571428571429
"2022-01-30 00:00:00",12,5,11,3,52,91.42857142857143,87.28571428571429
"2022-01-31 00:00:00",5,1,8,8,25,83.28571428571429,88.85714285714286
"2022-02-01 00:00:00",24,2,13,10,58,85.28571428571429,91
"2022-02-02 00:00:00",15,2,18,7,47,85.14285714285714,90.28571428571429
"2022-02-03 00:00:00",29,4,15,4,52,86.71428571428571,89.42857142857143
"2022-02-04 00:00:00",15,2,18,5,45,85.71428571428571,90
"2022-02-05 00:00:00",21,4,7,9,44,85.71428571428571,92.42857142857143
"2022-02-06 00:00:00",7,3,13,5,40,83.57142857142857,92.57142857142857
"2022-02-07 00:00:00",22,4,16,8,43,90.14285714285714,88
"2022-02-08 00:00:00",22,5,13,9,45,88.28571428571429,84.71428571428571
"2022-02-09 00:00:00",20,3,23,7,50,90.28571428571429,84
"2022-02-10 00:00:00",17,2,10,6,43,86.57142857142857,82.85714285714286
"2022-02-11 00:00:00",23,3,14,5,50,88,81
"2022-02-12 00:00:00",20,2,11,10,45,88.42857142857143,79.28571428571429
"2022-02-13 00:00:00",20,1,15,5,47,91.28571428571429,78.85714285714286
"2022-02-14 00:00:00",23,5,24,11,49,94,83.71428571428571
"2022-02-15 00:00:00",13,3,17,8,60,95,84
"2022-02-16 00:00:00",18,3,10,6,51,92.85714285714286,86.28571428571429
"2022-02-17 00:00:00",18,1,15,6,41,93.28571428571429,89.42857142857143
"2022-02-18 00:00:00",13,2,9,2,32,88,92.42857142857143
"2022-02-19 00:00:00",5,3,4,13,44,85.28571428571429,95.42857142857143
"2022-02-20 00:00:00",11,4,16,4,36,82.85714285714286,94
"2022-02-21 00:00:00",5,0,16,5,38,76,94.85714285714286
"2022-02-22 00:00:00",14,6,9,9,50,74.14285714285714,98.42857142857143
"2022-02-23 00:00:00",17,5,17,11,37,74,98.42857142857143
"2022-02-24 00:00:00",21,3,22,5,44,76,99.71428571428571
"2022-02-25 00:00:00",19,4,16,8,55,82.28571428571429,97
"2022-02-26 00:00:00",18,2,12,7,49,85,94.57142857142857
"2022-02-27 00:00:00",20,5,17,5,64,90.71428571428571,96.14285714285714
"2022-02-28 00:00:00",20,5,19,9,56,97.14285714285714,97.28571428571429
"2022-03-01 00:00:00",20,2,9,9,45,96.71428571428571,94.42857142857143
"2022-03-02 00:00:00",20,4,12,7,44,96.71428571428571,94.57142857142857
"2022-03-03 00:00:00",20,4,15,6,48,96.42857142857143,92.71428571428571
"2022-03-04 00:00:00",21,2,15,8,61,97.14285714285714,93.85714285714286
"2022-03-05 00:00:00",16,2,18,9,54,98.71428571428571,94.85714285714286
"2022-03-06 00:00:00",21,2,17,6,46,96,93.28571428571429
"2022-03-07 00:00:00",19,4,12,9,53,94.28571428571429,94.57142857142857
"2022-03-08 00:00:00",20,7,16,8,43,95.57142857142857,97.28571428571429
"2022-03-09 00:00:00",24,3,14,8,48,97,94.71428571428571
"2022-03-10 00:00:00",16,3,19,6,47,96.71428571428571,96
"2022-03-11 00:00:00",20,4,14,7,46,94.42857142857143,95
"2022-03-12 00:00:00",19,3,16,7,49,93.71428571428571,92.28571428571429
"2022-03-13 00:00:00",13,3,6,6,51,91.85714285714286,93
"2022-03-14 00:00:00",27,5,17,9,45,92.71428571428571,91.42857142857143
"2022-03-15 00:00:00",17,3,13,9,48,92.14285714285714,87.57142857142857
"2022-03-16 00:00:00",19,8,19,7,50,93,88.85714285714286
"2022-03-17 00:00:00",22,3,20,8,57,95.71428571428571,86.14285714285714
"2022-03-18 00:00:00",14,3,15,7,51,95.57142857142857,86.28571428571429
"2022-03-19 00:00:00",21,3,11,8,52,95.71428571428571,87.28571428571429
"2022-03-20 00:00:00",18,6,14,5,44,96.85714285714286,87.71428571428571
"2022-03-21 00:00:00",21,3,20,9,56,97.71428571428571,85.57142857142857
"2022-03-22 00:00:00",17,4,12,9,51,98.14285714285714,86.71428571428571
"2022-03-23 00:00:00",17,7,20,8,46,97.42857142857143,86.42857142857143
"2022-03-24 00:00:00",23,3,12,7,41,94,87.71428571428571
"2022-03-25 00:00:00",19,5,23,9,44,95.42857142857143,88.42857142857143
"2022-03-26 00:00:00",23,1,11,7,50,95,88
"2022-03-27 00:00:00",18,1,12,4,38,93,88.42857142857143
"2022-03-28 00:00:00",25,7,21,9,44,92.57142857142857,89.42857142857143
"2022-03-29 00:00:00",13,4,19,9,54,93.42857142857143,91.14285714285714
"2022-03-30 00:00:00",22,5,20,10,42,93.57142857142857,90.42857142857143
"2022-03-31 00:00:00",16,2,24,7,46,94.85714285714286,90.28571428571429
"2022-04-01 00:00:00",12,2,14,8,45,92.14285714285714,90.85714285714286
"2022-04-02 00:00:00",16,4,11,8,59,93,91.71428571428571
"2022-04-03 00:00:00",22,3,18,5,46,96,92.28571428571429
"2022-04-04 00:00:00",20,3,24,9,56,96.85714285714286,92.28571428571429
"2022-04-05 00:00:00",22,0,15,11,47,96.28571428571429,90
"2022-04-06 00:00:00",23,6,10,6,43,94.71428571428571,87.71428571428571
"2022-04-07 00:00:00",10,4,18,8,34,91.71428571428571,87.57142857142857
"2022-04-08 00:00:00",15,5,16,4,65,95.14285714285714,88
"2022-04-09 00:00:00",24,4,14,11,46,95.28571428571429,86.85714285714286
"2022-04-10 00:00:00",18,3,17,5,48,94.85714285714286,87
"2022-04-11 00:00:00",26,0,17,9,56,94.28571428571429,88
"2022-04-12 00:00:00",20,5,14,9,37,92.85714285714286,90.71428571428571
"2022-04-13 00:00:00",20,5,24,9,42,94.57142857142857,95.14285714285714
"2022-04-14 00:00:00",15,2,17,7,40,95.57142857142857,94.85714285714286
"2022-04-15 00:00:00",23,4,17,8,41,93.85714285714286,92.85714285714286
"2022-04-16 00:00:00",19,0,12,6,56,93,96.57142857142857
"2022-04-17 00:00:00",13,5,9,5,59,93,97.71428571428571
"2022-04-18 00:00:00",26,1,11,5,55,91.57142857142857,97.14285714285714
"2022-04-19 00:00:00",18,6,9,4,49,91.71428571428571,95.71428571428571
"2022-04-20 00:00:00",17,3,20,9,57,92.57142857142857,95.85714285714286
"2022-04-21 00:00:00",21,2,15,7,45,93.85714285714286,96.85714285714286
"2022-04-22 00:00:00",19,2,17,8,52,94.57142857142857,98.14285714285714
"2022-04-23 00:00:00",20,3,12,6,48,94,95.71428571428571
"2022-04-24 00:00:00",27,2,13,6,37,93.14285714285714,94.71428571428571
"2022-04-25 00:00:00",18,6,18,10,54,94.28571428571429,93.57142857142857
"2022-04-26 00:00:00",18,2,9,10,45,94,92.42857142857143
"2022-04-27 00:00:00",23,2,21,8,46,93.14285714285714,92
"2022-04-28 00:00:00",20,2,19,7,47,93.85714285714286,92.42857142857143
"2022-04-29 00:00:00",18,5,24,8,44,94,96.42857142857143
"2022-04-30 00:00:00",19,2,11,7,45,93.28571428571429,97.14285714285714
"2022-05-01 00:00:00",17,5,14,5,56,95,96.42857142857143
"2022-05-02 00:00:00",24,3,23,9,39,93.85714285714286,98.28571428571429
"2022-05-03 00:00:00",19,5,13,10,40,94.28571428571429,97.57142857142857
"2022-05-04 00:00:00",23,4,17,7,48,94.14285714285714,93.57142857142857
"2022-05-05 00:00:00",11,4,18,7,53,93.85714285714286,94.42857142857143
"2022-05-06 00:00:00",19,5,19,8,44,93.28571428571429,92
"2022-05-07 00:00:00",14,0,9,9,52,93.28571428571429,90.85714285714286
"2022-05-08 00:00:00",22,5,16,7,41,92.42857142857143,91.71428571428571
"2022-05-09 00:00:00",18,1,13,9,44,90.57142857142857,90.85714285714286
"2022-05-10 00:00:00",17,5,22,9,54,93.42857142857143,93.28571428571429
"2022-05-11 00:00:00",19,3,16,8,43,92,96.85714285714286
"2022-05-12 00:00:00",25,5,16,5,45,92.42857142857143,95.57142857142857
"2022-05-13 00:00:00",16,4,9,10,45,90.85714285714286,97.57142857142857
"2022-05-14 00:00:00",13,2,7,7,55,90.85714285714286,97
"2022-05-15 00:00:00",18,5,13,4,39,89.14285714285714,94.57142857142857
"2022-05-16 00:00:00",22,4,12,8,57,91.71428571428571,94.71428571428571
"2022-05-17 00:00:00",20,4,16,10,56,91.57142857142857,95.14285714285714
"2022-05-18 00:00:00",18,2,20,9,53,93.42857142857143,98.42857142857143
"2022-05-19 00:00:00",21,5,20,5,55,94.85714285714286,99.42857142857143
"2022-05-20 00:00:00",18,2,8,7,49,94.85714285714286,96.71428571428571
"2022-05-21 00:00:00",19,6,12,7,47,95.85714285714286,96.42857142857143
"2022-05-22 00:00:00",15,2,15,5,35,94.85714285714286,97.28571428571429
"2022-05-23 00:00:00",22,5,26,9,40,94.71428571428571,96.71428571428571
"2022-05-24 00:00:00",17,5,7,11,51,92.57142857142857,97
"2022-05-25 00:00:00",14,4,15,6,49,90.57142857142857,93.14285714285714
"2022-05-26 00:00:00",24,5,16,6,46,89.28571428571429,93.42857142857143
"2022-05-27 00:00:00",17,3,10,6,52,89.85714285714286,94.85714285714286
"2022-05-28 00:00:00",20,1,6,11,38,87.71428571428571,95.71428571428571
"2022-05-29 00:00:00",25,2,18,3,47,91,96.57142857142857
"2022-05-30 00:00:00",23,5,9,8,49,89.85714285714286,94.85714285714286
"2022-05-31 00:00:00",11,3,21,11,52,90.85714285714286,93.85714285714286
"2022-06-01 00:00:00",21,3,17,7,47,91.85714285714286,92.57142857142857
"2022-06-02 00:00:00",20,2,28,5,46,92.42857142857143,89.85714285714286
"2022-06-03 00:00:00",21,7,17,9,39,93.14285714285714,87
"2022-06-04 00:00:00",19,3,6,3,66,96.14285714285714,89.85714285714286
"2022-06-05 00:00:00",13,2,13,4,41,93,88.14285714285714
"2022-06-06 00:00:00",25,3,8,5,44,91.71428571428571,89
"2022-06-07 00:00:00",15,2,24,10,38,90.42857142857143,88
"2022-06-08 00:00:00",25,2,19,8,59,93,91.14285714285714
"2022-06-09 00:00:00",19,4,18,5,42,91.14285714285714,93.14285714285714
"2022-06-10 00:00:00",18,7,16,8,47,91.57142857142857,93
"2022-06-11 00:00:00",23,0,13,9,47,90.85714285714286,91.85714285714286
"2022-06-12 00:00:00",15,3,18,3,38,91.42857142857143,91.85714285714286
"2022-06-13 00:00:00",17,3,17,11,50,93.28571428571429,91.14285714285714
"2022-06-14 00:00:00",11,3,20,9,45,93.14285714285714,92.57142857142857
"2022-06-15 00:00:00",21,3,17,7,33,88.57142857142857,91.42857142857143
"2022-06-16 00:00:00",24,4,19,7,50,90.85714285714286,91.57142857142857
"2022-06-17 00:00:00",17,5,21,9,62,93.42857142857143,93
"2022-06-18 00:00:00",16,4,8,9,45,92,92.14285714285714
"2022-06-19 00:00:00",18,5,17,3,46,93.71428571428571,93
"2022-06-20 00:00:00",25,3,19,9,47,94.42857142857143,94.85714285714286
"2022-06-21 00:00:00",19,4,15,8,38,93.85714285714286,91.85714285714286
"2022-06-22 00:00:00",19,3,22,8,47,96.42857142857143,91.57142857142857
"2022-06-23 00:00:00",21,2,18,6,39,93.85714285714286,92
"2022-06-24 00:00:00",21,1,12,7,48,90.28571428571429,92.71428571428571
"2022-06-25 00:00:00",18,6,13,7,43,91,94.42857142857143
"2022-06-26 00:00:00",26,5,12,4,50,92.14285714285714,95.57142857142857
"2022-06-27 00:00:00",17,4,18,9,43,90.42857142857143,94
"2022-06-28 00:00:00",19,4,14,10,40,90.85714285714286,97
"2022-06-29 00:00:00",13,1,21,8,50,90,95.28571428571429
"2022-06-30 00:00:00",16,10,16,5,47,91.14285714285714,95.14285714285714
"2022-07-01 00:00:00",21,1,16,8,39,90.57142857142857,97.57142857142857
"2022-07-02 00:00:00",18,2,15,8,52,91.71428571428571,96.42857142857143
"2022-07-03 00:00:00",25,5,14,5,39,90.42857142857143,94.14285714285714
"2022-07-04 00:00:00",16,3,11,8,46,89.42857142857143,92
"2022-07-05 00:00:00",20,2,18,8,49,90.85714285714286,91.85714285714286
"2022-07-06 00:00:00",23,4,13,10,60,93.28571428571429,93.42857142857143
"2022-07-07 00:00:00",18,2,21,5,40,92.14285714285714,93.71428571428571
"2022-07-08 00:00:00",20,5,13,11,55,94.85714285714286,90.14285714285714
"2022-07-09 00:00:00",20,6,5,7,58,95,88.42857142857143
"2022-07-10 00:00:00",15,3,9,5,39,92.57142857142857,90.14285714285714
"2022-07-11 00:00:00",27,2,18,9,55,96.42857142857143,94.14285714285714
"2022-07-12 00:00:00",18,4,15,10,49,96.28571428571429,93
"2022-07-13 00:00:00",20,2,21,6,47,94.28571428571429,92.42857142857143
"2022-07-14 00:00:00",18,2,22,6,35,93.85714285714286,93.14285714285714
"2022-07-15 00:00:00",15,7,9,8,64,93.71428571428571,93.57142857142857
"2022-07-16 00:00:00",17,4,10,7,43,91.57142857142857,93.71428571428571
"2022-07-17 00:00:00",21,2,15,5,45,94,93.42857142857143
"2022-07-18 00:00:00",18,4,14,9,50,91.71428571428571,89.71428571428571
"2022-07-19 00:00:00",13,4,19,9,44,90.71428571428571,91
"2022-07-20 00:00:00",22,2,27,7,40,91,91.28571428571429
"2022-07-21 00:00:00",18,3,16,5,49,92.14285714285714,89.28571428571429
"2022-07-22 00:00:00",22,5,11,6,42,89.71428571428571,88.57142857142857
"2022-07-23 00:00:00",19,3,10,7,44,90,89.85714285714286
"2022-07-24 00:00:00",16,3,10,3,37,87.28571428571429,87.71428571428571
"2022-07-25 00:00:00",16,3,19,8,68,90,90.85714285714286
"2022-07-26 00:00:00",17,6,12,8,40,89.14285714285714,90.57142857142857
"2022-07-27 00:00:00",20,5,20,7,54,90.28571428571429,91.42857142857143
"2022-07-28 00:00:00",20,5,22,5,55,92.57142857142857,91
"2022-07-29 00:00:00",24,5,12,8,45,93.71428571428571,91.71428571428571
"2022-07-30 00:00:00",20,4,10,8,45,94.28571428571429,91.28571428571429
"2022-07-31 00:00:00",17,2,14,4,57,97.85714285714286,96
"2022-08-01 00:00:00",20,3,19,7,43,94.71428571428571,96.14285714285714
"2022-08-02 00:00:00",13,6,13,8,41,94.42857142857143,95.42857142857143
"2022-08-03 00:00:00",26,1,20,7,49,94,95.57142857142857
"2022-08-04 00:00:00",24,3,17,5,39,91.28571428571429,97.57142857142857
"2022-08-05 00:00:00",16,5,13,6,54,91.28571428571429,96
"2022-08-06 00:00:00",18,0,8,7,57,91.71428571428571,95.42857142857143
"2022-08-07 00:00:00",22,2,11,5,41,89.85714285714286,90.71428571428571
"2022-08-08 00:00:00",21,2,18,11,62,93,89.42857142857143
"2022-08-09 00:00:00",19,5,19,7,55,96.42857142857143,89.71428571428571
"2022-08-10 00:00:00",24,5,8,6,43,94,88.28571428571429
"2022-08-11 00:00:00",19,3,17,4,55,95.42857142857143,86.28571428571429
"2022-08-12 00:00:00",19,5,13,8,37,93.71428571428571,87.57142857142857
"2022-08-13 00:00:00",18,4,10,7,56,94.42857142857143,87.85714285714286
"2022-08-14 00:00:00",17,6,19,3,50,96.42857142857143,90.85714285714286
"2022-08-15 00:00:00",23,4,19,9,45,94.42857142857143,90.14285714285714
"2022-08-16 00:00:00",16,6,16,7,32,90.42857142857143,90.71428571428571
"2022-08-17 00:00:00",25,5,12,8,46,91.85714285714286,91
"2022-08-18 00:00:00",21,3,18,5,64,93.71428571428571,90.14285714285714
"2022-08-19 00:00:00",17,4,10,6,47,94,91.14285714285714
"2022-08-20 00:00:00",20,1,14,6,43,92.42857142857143,90.71428571428571
"2022-08-21 00:00:00",18,2,14,3,36,89.28571428571429,89.85714285714286
"2022-08-22 00:00:00",22,2,22,10,50,90.14285714285714,93.71428571428571
"2022-08-23 00:00:00",20,5,14,7,37,91,92
"2022-08-24 00:00:00",17,4,13,7,52,90.57142857142857,93
"2022-08-25 00:00:00",18,3,18,7,55,89.14285714285714,93.57142857142857
"2022-08-26 00:00:00",21,4,13,7,46,90.14285714285714,90
"2022-08-27 00:00:00",15,1,15,9,48,90.71428571428571,89.28571428571429
"2022-08-28 00:00:00",17,5,18,2,44,92.57142857142857,89
"2022-08-29 00:00:00",15,6,19,6,47,90.71428571428571,87.71428571428571
"2022-08-30 00:00:00",20,4,14,6,41,91,90.57142857142857
"2022-08-31 00:00:00",17,6,15,8,43,90.42857142857143,89.14285714285714
"2022-09-01 00:00:00",27,3,15,4,45,89.42857142857143,89.57142857142857
"2022-09-02 00:00:00",16,0,15,7,42,87.85714285714286,91.28571428571429
"2022-09-03 00:00:00",19,4,11,6,54,88.71428571428571,94.71428571428571
"2022-09-04 00:00:00",18,2,9,3,47,87.71428571428571,96.14285714285714
"2022-09-05 00:00:00",22,2,23,9,57,90.57142857142857,94.28571428571429
"2022-09-06 00:00:00",26,2,17,8,44,92.28571428571429,92.14285714285714
"2022-09-07 00:00:00",19,1,14,5,48,92,89.57142857142857
"2022-09-08 00:00:00",17,6,19,5,54,93,89.28571428571429
"2022-09-09 00:00:00",15,4,17,9,52,95.42857142857143,90.42857142857143
"2022-09-10 00:00:00",19,0,6,7,47,93.28571428571429,88.28571428571429
"2022-09-11 00:00:00",19,4,18,4,45,94.85714285714286,86.57142857142857
"2022-09-12 00:00:00",23,2,16,8,52,93.14285714285714,84.28571428571429
"2022-09-13 00:00:00",18,3,13,8,55,93.14285714285714,88.14285714285714
"2022-09-14 00:00:00",19,6,13,8,32,91.85714285714286,90.57142857142857
"2022-09-15 00:00:00",22,2,17,4,49,90.85714285714286,88.85714285714286
"2022-09-16 00:00:00",14,2,11,9,40,87.85714285714286,88.71428571428571
"2022-09-17 00:00:00",10,1,10,6,51,87.71428571428571,87.28571428571429
"2022-09-18 00:00:00",19,6,16,4,39,86.85714285714286,88.57142857142857
"2022-09-19 00:00:00",26,5,21,10,45,87.71428571428571,91.71428571428571
"2022-09-20 00:00:00",17,6,16,7,41,86.28571428571429,89.57142857142857
"2022-09-21 00:00:00",24,2,15,8,43,88.28571428571429,88
"2022-09-22 00:00:00",20,3,13,7,46,87.57142857142857,89.42857142857143
"2022-09-23 00:00:00",24,2,13,6,41,89,91
"2022-09-24 00:00:00",18,6,7,8,54,91.14285714285714,89.57142857142857
"2022-09-25 00:00:00",20,3,12,6,39,90.57142857142857,88
"2022-09-26 00:00:00",15,2,15,8,47,87.71428571428571,89.28571428571429
"2022-09-27 00:00:00",17,6,13,9,40,87.42857142857143,89
"2022-09-28 00:00:00",19,3,14,7,52,87.85714285714286,91.85714285714286
"2022-09-29 00:00:00",21,4,13,5,41,87.14285714285714,92.28571428571429
"2022-09-30 00:00:00",25,6,16,8,51,90,91.14285714285714
"2022-10-01 00:00:00",15,3,8,7,45,87.85714285714286,92.85714285714286
"2022-10-02 00:00:00",19,3,15,6,35,87.57142857142857,96
"2022-10-03 00:00:00",27,3,17,8,50,90.14285714285714,94.28571428571429
"2022-10-04 00:00:00",14,5,17,7,55,92,93.28571428571429
"2022-10-05 00:00:00",19,5,13,8,48,91.71428571428571,94.14285714285714
"2022-10-06 00:00:00",22,4,15,4,42,92.14285714285714,95.14285714285714
"2022-10-07 00:00:00",26,4,14,8,51,91.71428571428571,96.28571428571429
"2022-10-08 00:00:00",17,3,12,8,49,93.28571428571429,98.71428571428571
"2022-10-09 00:00:00",18,1,13,2,49,94,94.28571428571429
"2022-10-10 00:00:00",21,3,21,8,53,94.14285714285714,93.42857142857143
"2022-10-11 00:00:00",17,3,11,8,39,91.28571428571429,94
"2022-10-12 00:00:00",22,4,24,8,53,93.85714285714286,92.14285714285714
"2022-10-13 00:00:00",22,2,12,4,49,94.14285714285714,91.28571428571429
"2022-10-14 00:00:00",16,2,10,5,47,90.85714285714286,90.71428571428571
"2022-10-15 00:00:00",22,4,13,6,45,91,89.42857142857143
"2022-10-16 00:00:00",19,1,13,6,47,91.42857142857143,91.57142857142857
"2022-10-17 00:00:00",28,6,17,7,57,92.71428571428571,91
"2022-10-18 00:00:00",20,1,13,7,35,92.42857142857143,91.42857142857143
"2022-10-19 00:00:00",17,5,16,6,52,90.28571428571429,93.14285714285714
"2022-10-20 00:00:00",22,2,26,3,49,92.14285714285714,93.71428571428571
"2022-10-21 00:00:00",18,6,10,9,35,91.85714285714286,89.71428571428571
"2022-10-22 00:00:00",16,3,12,7,35,89.42857142857143,89.85714285714286
"2022-10-23 00:00:00",22,3,10,7,50,90.28571428571429,90.28571428571429
"2022-10-24 00:00:00",18,4,19,7,47,87.42857142857143,90.71428571428571
"2022-10-25 00:00:00",19,8,17,5,43,89.71428571428571,89.28571428571429
"2022-10-26 00:00:00",16,4,17,7,49,89.28571428571429,87.85714285714286
"2022-10-27 00:00:00",22,3,17,6,49,88.57142857142857,87.42857142857143
"2022-10-28 00:00:00",21,4,13,6,46,90.28571428571429,89.42857142857143
"2022-10-29 00:00:00",18,2,13,6,46,92,88.57142857142857
"2022-10-30 00:00:00",22,7,11,5,51,92.57142857142857,90
"2022-10-31 00:00:00",15,5,13,8,38,90.28571428571429,90.85714285714286
"2022-11-01 00:00:00",19,4,19,6,32,88.57142857142857,93
"2022-11-02 00:00:00",23,1,14,6,42,87.57142857142857,92.57142857142857
"2022-11-03 00:00:00",20,3,16,3,50,86.85714285714286,93.28571428571429
"2022-11-04 00:00:00",15,3,17,8,66,89.57142857142857,93
"2022-11-05 00:00:00",18,5,5,6,42,88.28571428571429,95
"2022-11-06 00:00:00",22,2,16,5,43,87.14285714285714,94.28571428571429
"2022-11-07 00:00:00",22,2,13,9,40,88.14285714285714,95
"2022-11-08 00:00:00",16,2,16,7,44,88.85714285714286,94
"2022-11-09 00:00:00",20,1,16,6,39,88.28571428571429,96.28571428571429
"2022-11-10 00:00:00",17,4,20,8,47,88.85714285714286,95.71428571428571
"2022-11-11 00:00:00",22,3,19,8,50,87.85714285714286,98.28571428571429
"2022-11-12 00:00:00",15,3,14,8,49,89.71428571428571,96.57142857142857
"2022-11-13 00:00:00",19,3,19,4,36,88.71428571428571,95.71428571428571
"2022-11-14 00:00:00",23,6,12,8,43,89.57142857142857,96.57142857142857
"2022-11-15 00:00:00",22,4,13,8,52,91.57142857142857,96.42857142857143
"2022-11-16 00:00:00",20,4,8,6,58,93.57142857142857,95.71428571428571
"2022-11-17 00:00:00",19,3,12,4,36,90.42857142857143,96.28571428571429
"2022-11-18 00:00:00",16,5,9,9,43,87.57142857142857,96.42857142857143
"2022-11-19 00:00:00",14,2,12,6,48,86.57142857142857,96.28571428571429
"2022-11-20 00:00:00",28,5,18,7,34,88.14285714285714,95.57142857142857
"2022-11-21 00:00:00",16,1,25,10,45,88.85714285714286,91.28571428571429
"2022-11-22 00:00:00",17,4,23,7,53,89.57142857142857,88.71428571428571
"2022-11-23 00:00:00",15,2,18,6,36,86.85714285714286,89.42857142857143
"2022-11-24 00:00:00",18,4,11,5,41,87.57142857142857,89.42857142857143
"2022-11-25 00:00:00",18,3,16,6,58,90.28571428571429,87.57142857142857
"2022-11-26 00:00:00",11,4,6,7,38,88,89.14285714285714
"2022-11-27 00:00:00",21,3,11,4,43,86.57142857142857,88.42857142857143
"2022-11-28 00:00:00",20,3,20,8,49,87,90.71428571428571
"2022-11-29 00:00:00",20,2,20,7,40,84.85714285714286,91.85714285714286
"2022-11-30 00:00:00",27,4,18,10,47,89,88
"2022-12-01 00:00:00",24,7,13,6,42,90.85714285714286,85.42857142857143
"2022-12-02 00:00:00",15,4,11,6,54,89.28571428571429,85.85714285714286
"2022-12-03 00:00:00",20,1,14,7,46,92.42857142857143,86
"2022-12-04 00:00:00",22,2,15,2,43,92.71428571428571,87.42857142857143
"2022-12-05 00:00:00",23,6,13,8,39,91.14285714285714,87.42857142857143
"2022-12-06 00:00:00",21,1,21,7,40,91.28571428571429,87.71428571428571
"2022-12-07 00:00:00",19,4,19,6,50,90.14285714285714,89.71428571428571
"2022-12-08 00:00:00",20,4,11,6,45,89.28571428571429,89.57142857142857
"2022-12-09 00:00:00",17,2,14,7,46,88.71428571428571,88.42857142857143
"2022-12-10 00:00:00",20,3,11,9,49,89.28571428571429,87
"2022-12-11 00:00:00",15,4,12,6,42,88.57142857142857,88
"2022-12-12 00:00:00",19,2,22,7,57,91.14285714285714,88.28571428571429
"2022-12-13 00:00:00",19,5,9,7,47,90.71428571428571,89.42857142857143
"2022-12-14 00:00:00",20,4,14,6,54,90.71428571428571,88.71428571428571
"2022-12-15 00:00:00",20,4,15,7,45,91.42857142857143,89.85714285714286
"2022-12-16 00:00:00",14,2,15,5,58,92.57142857142857,90.85714285714286
"2022-12-17 00:00:00",19,3,6,9,47,91.42857142857143,92.14285714285714
"2022-12-18 00:00:00",14,3,14,4,40,90.85714285714286,90.57142857142857
"2022-12-19 00:00:00",19,1,16,9,49,89,91.42857142857143
"2022-12-20 00:00:00",20,6,17,7,41,89.57142857142857,93.42857142857143
"2022-12-21 00:00:00",20,4,22,8,45,89.71428571428571,95.28571428571429
"2022-12-22 00:00:00",11,5,12,6,49,88.57142857142857,95
"2022-12-23 00:00:00",22,2,17,5,46,88.28571428571429,96.57142857142857
"2022-12-24 00:00:00",14,0,10,6,40,86.28571428571429,92.42857142857143
"2022-12-25 00:00:00",7,2,12,1,44,85,89
"2022-12-26 00:00:00",21,4,13,2,56,85.28571428571429,85
"2022-12-27 00:00:00",12,4,9,1,51,83.28571428571429,79.42857142857143
"2022-12-28 00:00:00",17,2,10,4,43,80,78.71428571428571
"2022-12-29 00:00:00",15,1,18,8,55,82,77.57142857142857
"2022-12-30 00:00:00",18,3,8,5,32,78.28571428571429,73.85714285714286
"2022-12-31 00:00:00",10,3,8,6,43,78.28571428571429,76.57142857142857
"2023-01-01 00:00:00",11,2,11,3,26,76.42857142857143,77
"2023-01-02 00:00:00",17,3,17,3,43,74.57142857142857,79.14285714285714
"2023-01-03 00:00:00",17,2,10,3,49,75.14285714285714,81.57142857142857
"2023-01-04 00:00:00",12,3,14,8,49,76.57142857142857,80.14285714285714
"2023-01-05 00:00:00",21,6,14,4,48,76,81.71428571428571
"2023-01-06 00:00:00",20,4,16,7,43,79.42857142857143,84.42857142857143
"2023-01-07 00:00:00",24,0,10,4,50,82,85.71428571428571
"2023-01-08 00:00:00",17,4,11,4,37,84.85714285714286,90.14285714285714
"2023-01-09 00:00:00",26,5,20,10,41,87.57142857142857,90.71428571428571
"2023-01-10 00:00:00",10,1,15,6,51,87.85714285714286,90.85714285714286
"2023-01-11 00:00:00",20,3,15,6,40,87.57142857142857,93.14285714285714
"2023-01-12 00:00:00",14,3,13,4,41,85,91.57142857142857
"2023-01-13 00:00:00",15,3,7,7,40,82.42857142857143,87.57142857142857
"2023-01-14 00:00:00",13,1,8,7,58,82.28571428571429,90
"2023-01-15 00:00:00",20,4,8,6,35,82.28571428571429,89.85714285714286
"2023-01-16 00:00:00",22,4,20,6,59,83.57142857142857,91.57142857142857
"2023-01-17 00:00:00",17,5,18,6,49,85.28571428571429,93
"2023-01-18 00:00:00",24,3,13,6,35,84.85714285714286,89.85714285714286
"2023-01-19 00:00:00",14,4,15,7,55,87.71428571428571,93.42857142857143
"2023-01-20 00:00:00",16,1,13,6,27,86.42857142857143,95.57142857142857
"2023-01-21 00:00:00",14,2,10,6,51,85.85714285714286,94.28571428571429
"2023-01-22 00:00:00",22,0,16,6,50,88.85714285714286,94.71428571428571
"2023-01-23 00:00:00",15,5,18,7,60,88,96.42857142857143
"2023-01-24 00:00:00",24,4,21,7,39,88,96
"2023-01-25 00:00:00",17,2,21,5,41,88.71428571428571,98
"2023-01-26 00:00:00",25,2,19,6,51,89.85714285714286,95.85714285714286
"2023-01-27 00:00:00",21,5,14,4,49,94.14285714285714,97.57142857142857
"2023-01-28 00:00:00",18,2,14,8,41,94.14285714285714,95.28571428571429
"2023-01-29 00:00:00",21,6,20,3,38,93.28571428571429,94
"2023-01-30 00:00:00",19,5,18,10,32,90.28571428571429,91.42857142857143
"2023-01-31 00:00:00",17,4,14,7,46,89.28571428571429,83.28571428571429
"2023-02-01 00:00:00",18,2,19,4,46,89.71428571428571,85.28571428571429
"2023-02-02 00:00:00",22,3,11,5,49,87.85714285714286,85.14285714285714
"2023-02-03 00:00:00",17,3,16,6,45,87,86.71428571428571
"2023-02-04 00:00:00",22,1,10,10,46,87.85714285714286,85.71428571428571
"2023-02-05 00:00:00",23,5,11,4,41,87.28571428571429,85.71428571428571
"2023-02-06 00:00:00",24,7,24,6,40,89.71428571428571,83.57142857142857
"2023-02-07 00:00:00",24,0,11,8,51,90.57142857142857,90.14285714285714
"2023-02-08 00:00:00",24,2,19,4,48,91.71428571428571,88.28571428571429
"2023-02-09 00:00:00",15,5,15,6,46,91.28571428571429,90.28571428571429
"2023-02-10 00:00:00",18,1,10,6,40,89.57142857142857,86.57142857142857
"2023-02-11 00:00:00",20,5,11,8,52,90.57142857142857,88
"2023-02-12 00:00:00",19,3,21,6,32,90.14285714285714,88.42857142857143
"2023-02-13 00:00:00",18,4,10,7,52,88.71428571428571,91.28571428571429
"2023-02-14 00:00:00",21,6,20,7,40,88.71428571428571,94
"2023-02-15 00:00:00",19,4,20,6,50,89,95
"2023-02-16 00:00:00",15,4,18,5,50,89.71428571428571,92.85714285714286
"2023-02-17 00:00:00",20,2,12,5,58,92.85714285714286,93.28571428571429
"2023-02-18 00:00:00",23,3,8,7,50,92.14285714285714,88
"2023-02-19 00:00:00",23,3,19,7,45,94.42857142857143,85.28571428571429
"2023-02-20 00:00:00",15,3,15,7,40,92.85714285714286,82.85714285714286
"2023-02-21 00:00:00",22,1,16,8,43,92.28571428571429,76
"2023-02-22 00:00:00",22,4,22,6,44,92.14285714285714,74.14285714285714
"2023-02-23 00:00:00",27,3,15,7,32,91,74
"2023-02-24 00:00:00",20,5,13,4,55,91,76
"2023-02-25 00:00:00",16,7,13,7,50,91.28571428571429,82.28571428571429
"2023-02-26 00:00:00",12,4,22,4,42,89.42857142857143,85
"2023-02-27 00:00:00",21,3,16,8,43,91,90.71428571428571
"2023-02-28 00:00:00",22,5,19,7,41,91.57142857142857,97.14285714285714
"2023-03-01 00:00:00",19,1,18,6,50,91,96.71428571428571
"2023-03-02 00:00:00",21,3,20,6,45,92.57142857142857,96.71428571428571
"2023-03-03 00:00:00",18,1,10,6,43,89.85714285714286,96.42857142857143
"2023-03-04 00:00:00",17,3,15,7,41,88.42857142857143,97.14285714285714
"2023-03-05 00:00:00",20,3,10,3,52,89,98.71428571428571
"2023-03-06 00:00:00",19,5,18,8,41,89,96
"2023-03-07 00:00:00",24,4,13,9,42,88.71428571428571,94.28571428571429
"2023-03-08 00:00:00",21,4,16,6,45,88.42857142857143,95.57142857142857
"2023-03-09 00:00:00",28,2,16,6,46,88.85714285714286,97
"2023-03-10 00:00:00",14,1,10,7,46,88.85714285714286,96.71428571428571
"2023-03-11 00:00:00",13,1,8,6,53,88.57142857142857,94.42857142857143
"2023-03-12 00:00:00",16,4,12,4,44,87.42857142857143,93.71428571428571
"2023-03-13 00:00:00",22,4,19,7,35,86.85714285714286,91.85714285714286
"2023-03-14 00:00:00",23,5,17,8,44,87.57142857142857,92.71428571428571
"2023-03-15 00:00:00",16,1,14,5,54,87.28571428571429,92.14285714285714
"2023-03-16 00:00:00",22,3,16,7,39,85.71428571428571,93
"2023-03-17 00:00:00",23,8,9,7,48,88.14285714285714,95.71428571428571
"2023-03-18 00:00:00",16,2,12,7,46,88.42857142857143,95.57142857142857
"2023-03-19 00:00:00",20,1,16,6,45,89.57142857142857,95.71428571428571
"2023-03-20 00:00:00",21,4,18,7,37,89.57142857142857,96.85714285714286
"2023-03-21 00:00:00",23,4,16,7,42,88.85714285714286,97.71428571428571
"2023-03-22 00:00:00",15,4,17,5,41,87.71428571428571,98.14285714285714
"2023-03-23 00:00:00",17,2,14,6,51,88.14285714285714,97.42857142857143
"2023-03-24 00:00:00",24,3,14,6,45,87.71428571428571,94
"2023-03-25 00:00:00",19,2,9,5,51,88.14285714285714,95.42857142857143
"2023-03-26 00:00:00",13,2,13,6,31,84.85714285714286,95
"2023-03-27 00:00:00",15,2,19,9,49,85.85714285714286,93
"2023-03-28 00:00:00",32,2,12,6,44,86.42857142857143,92.57142857142857
"2023-03-29 00:00:00",20,2,16,4,42,86.71428571428571,93.42857142857143
"2023-03-30 00:00:00",20,7,14,7,45,87.14285714285714,93.57142857142857
"2023-03-31 00:00:00",13,3,10,5,45,84.85714285714286,94.85714285714286
"2023-04-01 00:00:00",13,0,8,5,37,81.57142857142857,92.14285714285714
"2023-04-02 00:00:00",22,5,23,11,43,87.14285714285714,93
"2023-04-03 00:00:00",14,3,15,7,46,85.85714285714286,96
"2023-04-04 00:00:00",20,7,17,8,42,85.57142857142857,96.85714285714286
"2023-04-05 00:00:00",21,3,27,4,54,89.14285714285714,96.28571428571429
"2023-04-06 00:00:00",28,1,14,6,37,88.14285714285714,94.71428571428571
"2023-04-07 00:00:00",24,0,10,5,47,89.57142857142857,91.71428571428571
"2023-04-08 00:00:00",19,1,14,7,42,92.42857142857143,95.14285714285714
"2023-04-09 00:00:00",19,1,12,5,34,87.71428571428571,95.28571428571429
"2023-04-10 00:00:00",17,1,18,5,48,88.28571428571429,94.85714285714286
"2023-04-11 00:00:00",16,3,14,4,46,86.71428571428571,94.28571428571429
"2023-04-12 00:00:00",18,2,13,6,43,82.85714285714286,92.85714285714286
"2023-04-13 00:00:00",18,4,15,5,52,84,94.57142857142857
"2023-04-14 00:00:00",22,3,10,8,40,83.57142857142857,95.57142857142857
"2023-04-15 00:00:00",19,3,7,6,46,83.28571428571429,93.85714285714286
"2023-04-16 00:00:00",21,3,14,6,34,84.28571428571429,93
"2023-04-17 00:00:00",22,4,11,7,44,84.14285714285714,93
"2023-04-18 00:00:00",23,5,20,9,49,87.42857142857143,91.57142857142857
"2023-04-19 00:00:00",22,2,16,5,39,87.71428571428571,91.71428571428571
"2023-04-20 00:00:00",25,3,13,6,53,88.57142857142857,92.57142857142857
"2023-04-21 00:00:00",18,4,19,7,49,90.57142857142857,93.85714285714286
"2023-04-22 00:00:00",19,2,13,7,54,92.57142857142857,94.57142857142857
"2023-04-23 00:00:00",19,2,16,5,41,93.28571428571429,94
"2023-04-24 00:00:00",20,2,9,8,60,94.85714285714286,93.14285714285714
"2023-04-25 00:00:00",24,4,31,7,37,94.42857142857143,94.28571428571429
"2023-04-26 00:00:00",19,2,14,6,44,94.57142857142857,94
"2023-04-27 00:00:00",23,2,17,6,54,94.85714285714286,93.14285714285714
"2023-04-28 00:00:00",21,3,22,6,41,94.28571428571429,93.85714285714286
"2023-04-29 00:00:00",16,1,6,7,42,91,94
"2023-04-30 00:00:00",19,3,18,5,43,91.71428571428571,93.28571428571429
"2023-05-01 00:00:00",27,6,17,10,43,92.28571428571429,95
"2023-05-02 00:00:00",14,3,17,10,44,90.14285714285714,93.85714285714286
"2023-05-03 00:00:00",23,2,16,4,44,90.71428571428571,94.28571428571429
"2023-05-04 00:00:00",22,1,17,7,45,89.28571428571429,94.14285714285714
"2023-05-05 00:00:00",19,4,18,6,54,90.42857142857143,93.85714285714286
"2023-05-06 00:00:00",14,2,10,8,49,92,93.28571428571429
"2023-05-07 00:00:00",23,4,16,4,38,91.57142857142857,93.28571428571429
"2023-05-08 00:00:00",18,2,15,8,49,90,92.42857142857143
"2023-05-09 00:00:00",19,4,13,8,40,89.42857142857143,90.57142857142857
"2023-05-10 00:00:00",18,2,18,4,51,90,93.42857142857143
"2023-05-11 00:00:00",27,1,12,5,38,88.71428571428571,92
"2023-05-12 00:00:00",17,4,14,8,49,87.42857142857143,92.42857142857143
"2023-05-13 00:00:00",19,6,8,7,42,87.28571428571429,90.85714285714286
"2023-05-14 00:00:00",14,2,20,3,36,85.85714285714286,90.85714285714286
"2023-05-15 00:00:00",22,4,13,8,47,86.14285714285714,89.14285714285714
"2023-05-16 00:00:00",29,5,21,9,50,90.42857142857143,91.71428571428571
"2023-05-17 00:00:00",24,1,11,6,48,90,91.57142857142857
"2023-05-18 00:00:00",21,5,16,5,47,91.57142857142857,93.42857142857143
"2023-05-19 00:00:00",27,1,22,6,45,92.85714285714286,94.85714285714286
"2023-05-20 00:00:00",15,5,8,6,44,92.28571428571429,94.85714285714286
"2023-05-21 00:00:00",16,5,12,6,36,92.28571428571429,95.85714285714286
"2023-05-22 00:00:00",20,2,19,9,51,93.28571428571429,94.85714285714286
"2023-05-23 00:00:00",22,3,13,5,33,87.85714285714286,94.71428571428571
"2023-05-24 00:00:00",26,4,22,4,52,90.42857142857143,92.57142857142857
"2023-05-25 00:00:00",19,4,19,5,38,89.14285714285714,90.57142857142857
"2023-05-26 00:00:00",16,3,16,5,43,86.57142857142857,89.28571428571429
"2023-05-27 00:00:00",20,3,9,6,36,86,89.85714285714286
"2023-05-28 00:00:00",18,0,11,5,41,86,87.71428571428571
"2023-05-29 00:00:00",16,4,19,5,37,83.14285714285714,91
"2023-05-30 00:00:00",24,5,17,6,58,88,89.85714285714286
"2023-05-31 00:00:00",27,3,20,9,57,89.14285714285714,90.85714285714286
"2023-06-01 00:00:00",26,2,12,6,59,92,91.85714285714286
"2023-06-02 00:00:00",19,3,13,7,36,91.28571428571429,92.42857142857143
"2023-06-03 00:00:00",19,5,12,5,53,94.14285714285714,93.14285714285714
"2023-06-04 00:00:00",19,1,21,5,34,94.85714285714286,96.14285714285714
"2023-06-05 00:00:00",16,1,16,8,37,94.42857142857143,93
"2023-06-06 00:00:00",20,1,12,8,44,90.85714285714286,91.71428571428571
"2023-06-07 00:00:00",27,7,15,5,43,88.14285714285714,90.42857142857143
"2023-06-08 00:00:00",23,1,22,5,43,86.57142857142857,93
"2023-06-09 00:00:00",18,3,12,5,42,86.85714285714286,91.14285714285714
"2023-06-10 00:00:00",15,2,15,8,42,85.14285714285714,91.57142857142857
"2023-06-11 00:00:00",16,2,15,4,32,83.57142857142857,90.85714285714286
"2023-06-12 00:00:00",26,4,19,8,39,86.14285714285714,91.42857142857143
"2023-06-13 00:00:00",17,1,12,8,44,85.71428571428571,93.28571428571429
"2023-06-14 00:00:00",18,2,22,5,36,83.71428571428571,93.14285714285714
"2023-06-15 00:00:00",25,1,11,6,57,84.57142857142857,88.57142857142857
"2023-06-16 00:00:00",19,5,8,7,31,83.14285714285714,90.85714285714286
"2023-06-17 00:00:00",21,3,9,6,51,84.28571428571429,93.42857142857143
"2023-06-18 00:00:00",20,1,19,4,37,86,92
"2023-06-19 00:00:00",22,3,21,7,46,86.42857142857143,93.71428571428571
"2023-06-20 00:00:00",19,2,12,8,46,87.14285714285714,94.42857142857143
"2023-06-21 00:00:00",22,2,17,5,47,88.57142857142857,93.85714285714286
"2023-06-22 00:00:00",22,0,13,6,44,86.42857142857143,96.42857142857143
"2023-06-23 00:00:00",15,1,17,6,48,88.85714285714286,93.85714285714286
"2023-06-24 00:00:00",10,3,10,7,57,88.42857142857143,90.28571428571429
"2023-06-25 00:00:00",21,2,18,3,30,87.42857142857143,91
"2023-06-26 00:00:00",27,3,15,7,42,86.71428571428571,92.14285714285714
"2023-06-27 00:00:00",17,1,10,8,44,85.71428571428571,90.42857142857143
"2023-06-28 00:00:00",19,3,18,5,42,84.85714285714286,90.85714285714286
"2023-06-29 00:00:00",23,1,12,5,36,83.71428571428571,90
"2023-06-30 00:00:00",15,3,12,6,43,82.57142857142857,91.14285714285714
"2023-07-01 00:00:00",16,2,14,8,55,83.71428571428571,90.57142857142857
"2023-07-02 00:00:00",24,3,17,5,40,85.85714285714286,91.71428571428571
"2023-07-03 00:00:00",14,6,19,8,46,85.71428571428571,90.42857142857143
"2023-07-04 00:00:00",17,5,16,8,37,86.14285714285714,89.42857142857143
"2023-07-05 00:00:00",24,2,12,5,38,85.28571428571429,90.85714285714286
"2023-07-06 00:00:00",22,2,13,5,48,87.14285714285714,93.28571428571429
"2023-07-07 00:00:00",16,2,13,5,40,86.71428571428571,92.14285714285714
"2023-07-08 00:00:00",15,3,9,9,41,84.14285714285714,94.85714285714286
"2023-07-09 00:00:00",24,1,11,3,37,82.28571428571429,95
"2023-07-10 00:00:00",22,1,14,9,50,82.71428571428571,92.57142857142857
"2023-07-11 00:00:00",14,3,17,7,44,83,96.42857142857143
"2023-07-12 00:00:00",19,2,15,6,39,83,96.28571428571429
"2023-07-13 00:00:00",26,2,12,5,36,81.71428571428571,94.28571428571429
"2023-07-14 00:00:00",15,6,13,5,51,83.71428571428571,93.85714285714286
"2023-07-15 00:00:00",16,1,8,7,47,84,93.71428571428571
"2023-07-16 00:00:00",14,3,18,3,39,84.14285714285714,91.57142857142857
"2023-07-17 00:00:00",25,2,15,9,52,85.14285714285714,94
"2023-07-18 00:00:00",20,0,15,7,34,83.85714285714286,91.71428571428571
"2023-07-19 00:00:00",20,3,18,6,32,83.57142857142857,90.71428571428571
"2023-07-20 00:00:00",20,1,14,5,49,84.71428571428571,91
"2023-07-21 00:00:00",15,1,18,8,37,83.14285714285714,92.14285714285714
"2023-07-22 00:00:00",16,2,13,7,52,84.71428571428571,89.71428571428571
"2023-07-23 00:00:00",17,4,13,5,45,85.71428571428571,90
"2023-07-24 00:00:00",25,3,19,7,48,85.57142857142857,87.28571428571429
"2023-07-25 00:00:00",13,4,25,7,41,87.57142857142857,90
"2023-07-26 00:00:00",21,1,17,5,51,89.85714285714286,89.14285714285714
"2023-07-27 00:00:00",24,1,19,5,37,89.42857142857143,90.28571428571429
"2023-07-28 00:00:00",16,3,16,6,44,90.28571428571429,92.57142857142857
"2023-07-29 00:00:00",20,3,8,9,46,89.71428571428571,93.71428571428571
"2023-07-30 00:00:00",14,3,12,5,29,86.71428571428571,94.28571428571429
"2023-07-31 00:00:00",21,2,18,7,51,86.28571428571429,97.85714285714286
"2023-08-01 00:00:00",23,4,15,7,32,85,94.71428571428571
"2023-08-02 00:00:00",17,1,17,6,51,84.57142857142857,94.42857142857143
"2023-08-03 00:00:00",25,2,2,4,38,82.42857142857143,94
"2023-08-04 00:00:00",16,1,11,6,47,81.85714285714286,91.28571428571429
"2023-08-05 00:00:00",17,1,9,6,56,82.28571428571429,91.28571428571429
"2023-08-06 00:00:00",17,4,14,5,33,83.71428571428571,91.71428571428571
"2023-08-07 00:00:00",22,4,11,6,47,82.42857142857143,89.85714285714286
"2023-08-08 00:00:00",18,2,14,11,38,82.71428571428571,93
"2023-08-09 00:00:00",21,3,22,6,46,83.57142857142857,96.42857142857143
"2023-08-10 00:00:00",21,5,5,5,44,84.85714285714286,94
"2023-08-11 00:00:00",20,3,12,4,47,85.57142857142857,95.42857142857143
"2023-08-12 00:00:00",15,1,9,7,51,84.71428571428571,93.71428571428571
"2023-08-13 00:00:00",16,1,18,4,34,84.71428571428571,94.42857142857143
"2023-08-14 00:00:00",23,5,15,9,46,85.85714285714286,96.42857142857143
"2023-08-15 00:00:00",25,5,12,9,30,85.57142857142857,94.42857142857143
"2023-08-16 00:00:00",22,3,14,4,45,84.14285714285714,90.42857142857143
"2023-08-17 00:00:00",18,4,17,5,41,84.85714285714286,91.85714285714286
"2023-08-18 00:00:00",18,2,12,6,49,85,93.71428571428571
"2023-08-19 00:00:00",16,4,16,9,36,84.71428571428571,94
"2023-08-20 00:00:00",17,4,17,3,32,84.71428571428571,92.42857142857143
"2023-08-21 00:00:00",25,3,12,5,36,82.28571428571429,89.28571428571429
"2023-08-22 00:00:00",14,8,12,7,44,82.85714285714286,90.14285714285714
"2023-08-23 00:00:00",19,2,19,6,36,82,91
"2023-08-24 00:00:00",28,4,13,5,41,82.85714285714286,90.57142857142857
"2023-08-25 00:00:00",16,3,13,6,49,82.85714285714286,89.14285714285714
"2023-08-26 00:00:00",18,3,9,8,51,84,90.14285714285714
"2023-08-27 00:00:00",10,0,20,4,35,83.42857142857143,90.71428571428571
"2023-08-28 00:00:00",27,2,14,7,60,87.57142857142857,92.57142857142857
"2023-08-29 00:00:00",17,6,16,8,43,88.28571428571429,90.71428571428571
"2023-08-30 00:00:00",18,3,12,4,33,86.57142857142857,91
"2023-08-31 00:00:00",24,4,10,5,36,84.85714285714286,90.42857142857143
"2023-09-01 00:00:00",18,2,16,6,48,85.28571428571429,89.42857142857143
"2023-09-02 00:00:00",12,0,8,9,47,83.42857142857143,87.85714285714286
"2023-09-03 00:00:00",23,2,12,4,49,86.42857142857143,88.71428571428571
"2023-09-04 00:00:00",17,4,13,6,51,83.71428571428571,87.71428571428571
"2023-09-05 00:00:00",17,3,16,9,46,83.85714285714286,90.57142857142857
"2023-09-06 00:00:00",25,3,19,4,41,87,92.28571428571429
"2023-09-07 00:00:00",16,1,13,8,41,87,92
"2023-09-08 00:00:00",18,2,13,5,39,85.14285714285714,93
"2023-09-09 00:00:00",15,3,7,7,44,85.14285714285714,95.42857142857143
"2023-09-10 00:00:00",18,3,18,4,34,83.28571428571429,93.28571428571429
"2023-09-11 00:00:00",21,1,18,7,56,85,94.85714285714286
"2023-09-12 00:00:00",18,4,16,8,38,84,93.14285714285714
"2023-09-13 00:00:00",21,1,15,4,42,82.71428571428571,93.14285714285714
"2023-09-14 00:00:00",20,5,17,5,45,84.57142857142857,91.85714285714286
"2023-09-15 00:00:00",15,2,16,5,50,86.14285714285714,90.85714285714286
"2023-09-16 00:00:00",11,2,8,8,37,84.71428571428571,87.85714285714286
"2023-09-17 00:00:00",25,3,27,6,66,91.85714285714286,87.71428571428571
"2023-09-18 00:00:00",20,4,23,8,49,92,86.85714285714286
"2023-09-19 00:00:00",12,3,17,7,31,90,87.71428571428571
"2023-09-20 00:00:00",20,2,9,5,43,89.42857142857143,86.28571428571429
"2023-09-21 00:00:00",22,3,12,5,47,89,88.28571428571429
"2023-09-22 00:00:00",21,3,14,5,50,89.71428571428571,87.57142857142857
"2023-09-23 00:00:00",16,1,10,5,49,91.85714285714286,89
"2023-09-24 00:00:00",16,3,17,6,37,85,91.14285714285714
"2023-09-25 00:00:00",24,6,14,8,49,84.57142857142857,90.57142857142857
"2023-09-26 00:00:00",19,2,16,8,43,87.14285714285714,87.71428571428571
"2023-09-27 00:00:00",17,3,15,4,34,86.28571428571429,87.42857142857143
"2023-09-28 00:00:00",27,5,12,4,45,86.85714285714286,87.85714285714286
"2023-09-29 00:00:00",21,1,10,8,37,84.57142857142857,87.14285714285714
"2023-09-30 00:00:00",17,1,8,4,47,84,90
"2023-10-01 00:00:00",27,8,23,5,60,90.28571428571429,87.85714285714286
"2023-10-02 00:00:00",25,3,27,10,59,93.57142857142857,87.57142857142857
"2023-10-03 00:00:00",19,4,14,8,42,93.42857142857143,90.14285714285714
"2023-10-04 00:00:00",21,6,21,4,35,95.42857142857143,92
"2023-10-05 00:00:00",26,5,11,5,48,95.71428571428571,91.71428571428571
"2023-10-06 00:00:00",22,2,14,7,51,98.42857142857143,92.14285714285714
"2023-10-07 00:00:00",13,4,15,8,43,99.28571428571429,91.71428571428571
"2023-10-08 00:00:00",17,5,18,4,25,91.57142857142857,93.28571428571429
"2023-10-09 00:00:00",19,2,18,8,40,86.28571428571429,94
"2023-10-10 00:00:00",16,2,11,8,52,86.57142857142857,94.14285714285714
"2023-10-11 00:00:00",25,2,11,5,40,86,91.28571428571429
"2023-10-12 00:00:00",20,3,16,7,51,86.28571428571429,93.85714285714286
"2023-10-13 00:00:00",19,2,13,6,38,83.71428571428571,94.14285714285714
"2023-10-14 00:00:00",16,3,15,7,42,83.71428571428571,90.85714285714286
"2023-10-15 00:00:00",21,4,8,8,38,85.14285714285714,91
"2023-10-16 00:00:00",20,2,13,10,52,86.57142857142857,91.42857142857143
"2023-10-17 00:00:00",17,1,19,6,39,85.57142857142857,92.71428571428571
"2023-10-18 00:00:00",22,1,15,5,34,84.71428571428571,92.42857142857143
"2023-10-19 00:00:00",21,1,18,4,51,84.42857142857143,90.28571428571429
"2023-10-20 00:00:00",24,2,11,5,44,85.57142857142857,92.14285714285714
"2023-10-21 00:00:00",9,3,8,6,40,83.14285714285714,91.85714285714286
"2023-10-22 00:00:00",20,1,9,4,35,81.71428571428571,89.42857142857143
"2023-10-23 00:00:00",15,3,18,7,55,81.85714285714286,90.28571428571429
"2023-10-24 00:00:00",17,4,13,8,43,82.28571428571429,87.42857142857143
"2023-10-25 00:00:00",27,3,16,6,44,85,89.71428571428571
"2023-10-26 00:00:00",14,2,20,4,39,82.71428571428571,89.28571428571429
"2023-10-27 00:00:00",20,3,11,9,43,82.71428571428571,88.57142857142857
"2023-10-28 00:00:00",12,4,15,5,39,84,90.28571428571429
"2023-10-29 00:00:00",18,3,11,4,40,85,92
"2023-10-30 00:00:00",19,4,11,8,44,83.28571428571429,92.57142857142857
"2023-10-31 00:00:00",16,5,9,6,34,81.14285714285714,90.28571428571429
"2023-11-01 00:00:00",19,4,16,5,64,82.85714285714286,88.57142857142857
"2023-11-02 00:00:00",8,3,6,4,25,78.14285714285714,87.57142857142857
"2023-11-03 00:00:00",16,1,9,7,43,76.71428571428571,86.85714285714286
"2023-11-04 00:00:00",13,3,9,4,38,75.57142857142857,89.57142857142857
"2023-11-05 00:00:00",15,2,9,6,41,75.14285714285714,88.28571428571429
"2023-11-06 00:00:00",16,4,8,5,28,71.57142857142857,87.14285714285714
"2023-11-07 00:00:00",15,2,21,6,49,74.85714285714286,88.14285714285714
"2023-11-08 00:00:00",13,3,19,5,36,70.28571428571429,88.85714285714286
"2023-11-09 00:00:00",22,1,9,6,40,74.85714285714286,88.28571428571429
"2023-11-10 00:00:00",16,6,20,5,61,79.42857142857143,88.85714285714286
"2023-11-11 00:00:00",20,3,13,7,43,82.14285714285714,87.85714285714286
"2023-11-12 00:00:00",18,3,11,7,38,82.71428571428571,89.71428571428571
"2023-11-13 00:00:00",19,2,13,8,61,88.71428571428571,88.71428571428571
"2023-11-14 00:00:00",22,4,12,6,36,86.85714285714286,89.57142857142857
"2023-11-15 00:00:00",15,1,18,6,40,87.42857142857143,91.57142857142857
"2023-11-16 00:00:00",23,0,25,5,47,90.57142857142857,93.57142857142857
"2023-11-17 00:00:00",19,3,9,7,33,85.28571428571429,90.42857142857143
"2023-11-18 00:00:00",18,2,11,5,37,83.42857142857143,87.57142857142857
"2023-11-19 00:00:00",20,6,15,6,47,85.85714285714286,86.57142857142857
"2023-11-20 00:00:00",20,2,15,9,51,85,88.14285714285714
"2023-11-21 00:00:00",16,7,19,9,43,87,88.85714285714286
"2023-11-22 00:00:00",21,3,14,4,54,89.28571428571429,89.57142857142857
"2023-11-23 00:00:00",16,4,17,6,36,86.28571428571429,86.85714285714286
"2023-11-24 00:00:00",18,0,11,6,39,86.71428571428571,87.57142857142857
"2023-11-25 00:00:00",11,1,9,5,42,86,90.28571428571429
"2023-11-26 00:00:00",26,3,16,4,47,86.28571428571429,88
"2023-11-27 00:00:00",20,2,14,7,44,84.85714285714286,86.57142857142857
"2023-11-28 00:00:00",16,1,15,8,36,82.28571428571429,87
"2023-11-29 00:00:00",20,4,20,4,48,82.28571428571429,84.85714285714286
"2023-11-30 00:00:00",19,3,19,7,39,83.42857142857143,89
"2023-12-01 00:00:00",22,4,20,7,48,87.28571428571429,90.85714285714286
"2023-12-02 00:00:00",15,5,9,6,52,90,89.28571428571429
"2023-12-03 00:00:00",15,2,9,8,40,86.85714285714286,92.42857142857143
"2023-12-04 00:00:00",15,2,17,8,47,87.14285714285714,92.71428571428571
"2023-12-05 00:00:00",16,1,13,8,47,88.42857142857143,91.14285714285714
"2023-12-06 00:00:00",25,5,12,6,37,86.85714285714286,91.28571428571429
"2023-12-07 00:00:00",19,4,19,6,46,87.85714285714286,90.14285714285714
"2023-12-08 00:00:00",18,3,16,5,43,85.57142857142857,89.28571428571429
"2023-12-09 00:00:00",15,4,6,3,37,82.42857142857143,88.71428571428571
"2023-12-10 00:00:00",17,1,8,7,31,81,89.28571428571429
"2023-12-11 00:00:00",23,2,18,7,41,81.28571428571429,88.57142857142857
"2023-12-12 00:00:00",17,3,21,8,55,84,91.14285714285714
"2023-12-13 00:00:00",19,4,16,4,39,83.57142857142857,90.71428571428571
"2023-12-14 00:00:00",15,3,14,6,45,82,90.71428571428571
"2023-12-15 00:00:00",18,3,8,6,49,81.85714285714286,91.42857142857143
"2023-12-16 00:00:00",19,2,9,5,49,84.57142857142857,92.57142857142857
"2023-12-17 00:00:00",14,4,12,4,40,86,91.42857142857143
"2023-12-18 00:00:00",22,5,6,7,52,86.14285714285714,90.85714285714286
"2023-12-19 00:00:00",18,4,19,8,51,85.57142857142857,89
"2023-12-20 00:00:00",13,2,15,8,30,83.57142857142857,89.57142857142857
"2023-12-21 00:00:00",15,2,12,5,43,82.71428571428571,89.71428571428571
"2023-12-22 00:00:00",15,2,14,7,38,81.57142857142857,88.57142857142857
"2023-12-23 00:00:00",12,4,8,5,36,78.85714285714286,88.28571428571429
"2023-12-24 00:00:00",10,2,5,4,35,76.28571428571429,86.28571428571429
"2023-12-25 00:00:00",7,4,10,1,48,73.14285714285714,85
"2023-12-26 00:00:00",11,1,11,1,37,67.57142857142857,85.28571428571429
"2023-12-27 00:00:00",19,4,10,2,38,68.28571428571429,83.28571428571429
"2023-12-28 00:00:00",12,3,8,5,47,68,80
"2023-12-29 00:00:00",20,0,11,7,47,69.28571428571429,82
"2023-12-30 00:00:00",21,2,5,6,46,71.42857142857143,78.28571428571429
"2023-12-31 00:00:00",7,2,6,4,42,72.14285714285714,78.28571428571429
"2024-01-01 00:00:00",13,3,11,1,36,71.28571428571429,76.42857142857143
"2024-01-02 00:00:00",10,4,13,2,43,72.85714285714286,74.57142857142857
"2024-01-03 00:00:00",17,2,10,7,51,74.85714285714286,75.14285714285714
"2024-01-04 00:00:00",17,2,12,5,51,76.57142857142857,76.57142857142857
"2024-01-05 00:00:00",14,1,8,6,29,72.71428571428571,76
"2024-01-06 00:00:00",23,3,5,5,41,72.28571428571429,79.42857142857143
"2024-01-07 00:00:00",15,2,6,7,40,73.57142857142857,82
"2024-01-08 00:00:00",22,6,11,4,41,76.42857142857143,84.85714285714286
"2024-01-09 00:00:00",18,2,10,9,42,77.71428571428571,87.57142857142857
"2024-01-10 00:00:00",18,0,23,6,39,77.57142857142857,87.85714285714286
"2024-01-11 00:00:00",16,2,18,4,54,78.57142857142857,87.57142857142857
"2024-01-12 00:00:00",13,3,14,6,44,81.71428571428571,85
"2024-01-13 00:00:00",13,1,12,7,41,81.28571428571429,82.42857142857143
"2024-01-14 00:00:00",16,3,14,5,43,82.85714285714286,82.28571428571429
"2024-01-15 00:00:00",16,2,15,8,40,82.42857142857143,82.28571428571429
"2024-01-16 00:00:00",14,5,15,6,54,84.28571428571429,83.57142857142857
"2024-01-17 00:00:00",24,2,20,8,42,85.71428571428571,85.28571428571429
"2024-01-18 00:00:00",19,3,22,5,46,85.85714285714286,84.85714285714286
"2024-01-19 00:00:00",16,3,17,5,48,87.14285714285714,87.71428571428571
"2024-01-20 00:00:00",17,2,9,5,38,86.71428571428571,86.42857142857143
"2024-01-21 00:00:00",17,2,12,8,28,84.71428571428571,85.85714285714286
"2024-01-22 00:00:00",8,4,12,5,52,84.71428571428571,88.85714285714286
"2024-01-23 00:00:00",16,5,14,6,45,83.57142857142857,88
"2024-01-24 00:00:00",16,2,6,4,37,79.14285714285714,88
"2024-01-25 00:00:00",19,2,14,5,45,77.71428571428571,88.71428571428571
"2024-01-26 00:00:00",21,2,19,5,59,80.14285714285714,89.85714285714286
"2024-01-27 00:00:00",14,1,8,8,46,81,94.14285714285714
"2024-01-28 00:00:00",16,3,15,4,41,82.71428571428571,94.14285714285714
"2024-01-29 00:00:00",19,3,9,7,50,83.71428571428571,93.28571428571429
"2024-01-30 00:00:00",22,4,16,10,37,84.14285714285714,90.28571428571429
"2024-01-31 00:00:00",12,0,14,4,59,87.57142857142857,89.28571428571429
"2024-02-01 00:00:00",13,4,12,6,53,88,89.71428571428571
"2024-02-02 00:00:00",20,3,10,8,42,84.71428571428571,87.85714285714286
"2024-02-03 00:00:00",20,3,9,6,50,86.28571428571429,87
"2024-02-04 00:00:00",24,3,11,8,41,87.42857142857143,87.85714285714286
"2024-02-05 00:00:00",21,1,7,6,45,86.28571428571429,87.28571428571429
"2024-02-06 00:00:00",15,3,10,6,40,84.14285714285714,89.71428571428571
"2024-02-07 00:00:00",23,7,16,6,53,86.42857142857143,90.57142857142857
"2024-02-08 00:00:00",14,2,20,5,47,86.42857142857143,91.71428571428571
"2024-02-09 00:00:00",16,4,16,7,46,87.28571428571429,91.28571428571429
"2024-02-10 00:00:00",12,1,12,6,50,86.28571428571429,89.57142857142857
"2024-02-11 00:00:00",15,2,17,7,38,85.14285714285714,90.57142857142857
"2024-02-12 00:00:00",22,4,14,7,43,86.57142857142857,90.14285714285714
"2024-02-13 00:00:00",19,0,15,8,38,87.42857142857143,88.71428571428571
"2024-02-14 00:00:00",12,3,17,5,48,84.57142857142857,88.71428571428571
"2024-02-15 00:00:00",14,0,10,6,45,82.71428571428571,89
"2024-02-16 00:00:00",25,3,15,6,41,82.85714285714286,89.71428571428571
"2024-02-17 00:00:00",20,4,8,7,52,84.28571428571429,92.85714285714286
"2024-02-18 00:00:00",21,2,12,4,37,83.85714285714286,92.14285714285714
"2024-02-19 00:00:00",15,3,14,8,46,83.28571428571429,94.42857142857143
"2024-02-20 00:00:00",16,2,15,7,38,83,92.85714285714286
"2024-02-21 00:00:00",20,3,13,5,37,82,92.28571428571429
"2024-02-22 00:00:00",19,3,16,6,45,84,92.14285714285714
"2024-02-23 00:00:00",22,3,14,7,38,83.14285714285714,91
"2024-02-24 00:00:00",14,3,16,5,53,83.14285714285714,91
"2024-02-25 00:00:00",12,1,7,4,36,80.85714285714286,91.28571428571429
"2024-02-26 00:00:00",8,0,18,8,36,78.57142857142857,89.42857142857143
"2024-02-27 00:00:00",20,1,18,6,48,80.71428571428571,91
"2024-02-28 00:00:00",16,2,8,4,53,81.42857142857143,91.57142857142857
"2024-02-29 00:00:00",19,3,12,6,41,80.28571428571429,91
"2024-03-01 00:00:00",23,6,13,5,43,81.14285714285714,92.57142857142857
"2024-03-02 00:00:00",24,5,8,7,42,80.42857142857143,89.85714285714286
"2024-03-03 00:00:00",16,3,15,8,42,83.85714285714286,88.42857142857143
"2024-03-04 00:00:00",20,3,10,7,45,86,89
"2024-03-05 00:00:00",22,3,13,9,45,85.85714285714286,89
"2024-03-06 00:00:00",18,1,20,4,40,85.85714285714286,88.71428571428571
"2024-03-07 00:00:00",22,4,11,7,53,88.14285714285714,88.42857142857143
"2024-03-08 00:00:00",16,6,19,5,39,87.42857142857143,88.85714285714286
"2024-03-09 00:00:00",20,4,11,6,50,88.14285714285714,88.85714285714286
"2024-03-10 00:00:00",13,2,13,5,41,86.71428571428571,88.57142857142857
"2024-03-11 00:00:00",19,2,14,8,43,86.85714285714286,87.42857142857143
"2024-03-12 00:00:00",18,3,17,7,37,85.42857142857143,86.85714285714286
"2024-03-13 00:00:00",15,4,12,6,46,85.42857142857143,87.57142857142857
"2024-03-14 00:00:00",21,1,15,8,52,85.42857142857143,87.28571428571429
"2024-03-15 00:00:00",16,4,7,5,44,84.14285714285714,85.71428571428571
"2024-03-16 00:00:00",21,5,10,7,55,85.14285714285714,88.14285714285714
"2024-03-17 00:00:00",20,2,15,4,42,86.42857142857143,88.42857142857143
"2024-03-18 00:00:00",22,1,21,8,51,88.85714285714286,89.57142857142857
"2024-03-19 00:00:00",27,5,17,8,38,90.71428571428571,89.57142857142857
"2024-03-20 00:00:00",16,2,10,5,44,89.85714285714286,88.85714285714286
"2024-03-21 00:00:00",17,1,7,8,44,87,87.71428571428571
"2024-03-22 00:00:00",18,3,15,6,39,87.71428571428571,88.14285714285714
"2024-03-23 00:00:00",20,5,9,5,51,86.57142857142857,87.71428571428571
"2024-03-24 00:00:00",14,2,13,6,36,84.85714285714286,88.14285714285714
"2024-03-25 00:00:00",23,3,15,7,46,83.57142857142857,84.85714285714286
"2024-03-26 00:00:00",28,3,15,7,49,84.57142857142857,85.85714285714286
"2024-03-27 00:00:00",17,2,13,6,39,84.57142857142857,86.42857142857143
"2024-03-28 00:00:00",25,3,12,5,42,86,86.71428571428571
"2024-03-29 00:00:00",14,1,14,8,45,86.14285714285714,87.14285714285714
"2024-03-30 00:00:00",16,2,10,6,46,84.71428571428571,84.85714285714286
"2024-03-31 00:00:00",17,1,12,7,41,85.71428571428571,81.57142857142857
"2024-04-01 00:00:00",18,4,12,3,45,84,87.14285714285714
"2024-04-02 00:00:00",20,1,15,4,47,81.85714285714286,85.85714285714286
"2024-04-03 00:00:00",22,3,11,6,35,81.85714285714286,85.57142857142857
"2024-04-04 00:00:00",13,2,18,6,48,81.85714285714286,89.14285714285714
"2024-04-05 00:00:00",18,5,14,7,47,83.14285714285714,88.14285714285714
"2024-04-06 00:00:00",22,4,6,6,53,84.71428571428571,89.57142857142857
"2024-04-07 00:00:00",15,2,11,6,30,82.71428571428571,92.42857142857143
"2024-04-08 00:00:00",13,1,20,7,39,82.42857142857143,87.71428571428571
"2024-04-09 00:00:00",18,1,12,7,46,82,88.28571428571429
"2024-04-10 00:00:00",20,2,9,6,53,83.85714285714286,86.71428571428571
"2024-04-11 00:00:00",23,2,18,5,50,85.42857142857143,82.85714285714286
"2024-04-12 00:00:00",20,4,19,6,42,85.42857142857143,84
"2024-04-13 00:00:00",15,4,11,6,43,83.71428571428571,83.57142857142857
"2024-04-14 00:00:00",24,2,9,5,45,86.71428571428571,83.28571428571429
"2024-04-15 00:00:00",23,2,13,10,36,87.28571428571429,84.28571428571429
"2024-04-16 00:00:00",15,3,13,5,53,88,84.14285714285714
"2024-04-17 00:00:00",18,2,16,7,58,89.57142857142857,87.42857142857143
"2024-04-18 00:00:00",23,1,15,5,35,86.85714285714286,87.71428571428571
"2024-04-19 00:00:00",20,1,11,7,39,85,88.57142857142857
"2024-04-20 00:00:00",11,6,7,6,32,82.57142857142857,90.57142857142857
"2024-04-21 00:00:00",20,3,14,6,40,82.28571428571429,92.57142857142857
"2024-04-22 00:00:00",22,4,15,9,44,83.71428571428571,93.28571428571429
"2024-04-23 00:00:00",24,3,11,8,45,84,94.85714285714286
"2024-04-24 00:00:00",16,3,11,7,44,81.14285714285714,94.42857142857143
"2024-04-25 00:00:00",18,2,8,5,43,80.71428571428571,94.57142857142857
"2024-04-26 00:00:00",18,4,10,5,48,81.71428571428571,94.85714285714286
"2024-04-27 00:00:00",17,1,9,7,44,84,94.28571428571429
"2024-04-28 00:00:00",16,3,13,6,33,82.28571428571429,91
"2024-04-29 00:00:00",22,4,17,10,51,83.71428571428571,91.71428571428571
"2024-04-30 00:00:00",18,3,13,6,58,84.71428571428571,92.28571428571429
"2024-05-01 00:00:00",22,2,18,7,48,87,90.14285714285714
"2024-05-02 00:00:00",19,5,15,6,50,89.71428571428571,90.71428571428571
"2024-05-03 00:00:00",21,2,10,8,48,90.28571428571429,89.28571428571429
"2024-05-04 00:00:00",15,4,11,6,41,90.14285714285714,90.42857142857143
"2024-05-05 00:00:00",17,3,11,6,26,89,92
"2024-05-06 00:00:00",19,3,18,8,56,89,91.57142857142857
"2024-05-07 00:00:00",17,4,11,6,47,87.14285714285714,90
"2024-05-08 00:00:00",18,3,9,5,44,84.57142857142857,89.42857142857143
"2024-05-09 00:00:00",25,3,11,7,36,82.71428571428571,90
"2024-05-10 00:00:00",15,4,15,5,45,82,88.71428571428571
"2024-05-11 00:00:00",17,3,8,4,41,81.42857142857143,87.42857142857143
"2024-05-12 00:00:00",22,2,11,7,37,83.71428571428571,87.28571428571429
"2024-05-13 00:00:00",19,3,16,8,41,81.28571428571429,85.85714285714286
"2024-05-14 00:00:00",19,3,19,6,43,82,86.14285714285714
"2024-05-15 00:00:00",24,2,11,7,43,83.14285714285714,90.42857142857143
"2024-05-16 00:00:00",19,2,15,6,37,82.71428571428571,90
"2024-05-17 00:00:00",19,2,12,5,43,82.28571428571429,91.57142857142857
"2024-05-18 00:00:00",15,1,9,5,53,83.71428571428571,92.85714285714286
"2024-05-19 00:00:00",17,1,11,6,38,82.85714285714286,92.28571428571429
"2024-05-20 00:00:00",18,3,13,5,55,83.85714285714286,92.28571428571429
"2024-05-21 00:00:00",17,2,22,3,34,82.14285714285714,93.28571428571429
"2024-05-22 00:00:00",16,2,16,8,36,80.85714285714286,87.85714285714286
"2024-05-23 00:00:00",21,1,11,5,43,81.14285714285714,90.42857142857143
"2024-05-24 00:00:00",19,1,14,5,37,80.42857142857143,89.14285714285714
"2024-05-25 00:00:00",17,1,9,9,52,81.14285714285714,86.57142857142857
"2024-05-26 00:00:00",18,1,18,4,43,82.71428571428571,86
"2024-05-27 00:00:00",23,4,13,7,35,81,86
"2024-05-28 00:00:00",18,1,14,5,39,80.85714285714286,83.14285714285714
"2024-05-29 00:00:00",17,4,14,4,48,82.14285714285714,88
"2024-05-30 00:00:00",20,3,16,7,42,83.14285714285714,89.14285714285714
"2024-05-31 00:00:00",19,1,14,6,57,86.14285714285714,92
"2024-06-01 00:00:00",16,3,9,7,49,85.57142857142857,91.28571428571429
"2024-06-02 00:00:00",24,3,14,5,29,84.28571428571429,94.14285714285714
"2024-06-03 00:00:00",25,2,17,9,56,88.14285714285714,94.85714285714286
"2024-06-04 00:00:00",18,4,17,5,34,88.28571428571429,94.42857142857143
"2024-06-05 00:00:00",21,5,10,3,37,86.71428571428571,90.85714285714286
"2024-06-06 00:00:00",18,2,14,8,35,85.14285714285714,88.14285714285714
"2024-06-07 00:00:00",16,1,17,6,50,84.14285714285714,86.57142857142857
"2024-06-08 00:00:00",13,2,8,8,51,83.85714285714286,86.85714285714286
"2024-06-09 00:00:00",20,1,10,8,34,83.57142857142857,85.14285714285714
"2024-06-10 00:00:00",11,2,21,8,54,81.71428571428571,83.57142857142857
"2024-06-11 00:00:00",16,3,8,7,55,83.28571428571429,86.14285714285714
"2024-06-12 00:00:00",23,3,15,4,46,85.42857142857143,85.71428571428571
"2024-06-13 00:00:00",19,4,22,6,54,89.42857142857143,83.71428571428571
"2024-06-14 00:00:00",15,3,8,5,56,89,84.57142857142857
"2024-06-15 00:00:00",18,2,11,10,33,87.85714285714286,83.14285714285714
"2024-06-16 00:00:00",16,4,9,4,41,88,84.28571428571429
"2024-06-17 00:00:00",15,4,11,8,47,86.42857142857143,86
"2024-06-18 00:00:00",17,2,17,6,57,87.85714285714286,86.42857142857143
"2024-06-19 00:00:00",22,3,16,6,42,87.57142857142857,87.14285714285714
"2024-06-20 00:00:00",24,2,7,8,44,84.71428571428571,88.57142857142857
"2024-06-21 00:00:00",18,1,18,6,33,83.14285714285714,86.42857142857143
"2024-06-22 00:00:00",13,3,6,8,53,84.42857142857143,88.85714285714286
"2024-06-23 00:00:00",19,3,20,7,35,85.85714285714286,88.42857142857143
"2024-06-24 00:00:00",20,3,18,7,38,86,87.42857142857143
"2024-06-25 00:00:00",15,2,10,5,40,82.14285714285714,86.71428571428571
"2024-06-26 00:00:00",18,3,13,4,43,81,85.71428571428571
"2024-06-27 00:00:00",22,2,13,5,60,83.42857142857143,84.85714285714286
"2024-06-28 00:00:00",17,5,12,5,55,86,83.71428571428571
"2024-06-29 00:00:00",21,2,6,7,39,84.85714285714286,82.57142857142857
"2024-06-30 00:00:00",22,2,13,7,44,85.42857142857143,83.71428571428571
"2024-07-01 00:00:00",18,4,13,8,39,84.85714285714286,85.85714285714286
"2024-07-02 00:00:00",22,2,17,6,50,88.42857142857143,85.71428571428571
"2024-07-03 00:00:00",18,3,9,6,43,88.14285714285714,86.14285714285714
"2024-07-04 00:00:00",20,4,12,8,42,85.85714285714286,85.28571428571429
"2024-07-05 00:00:00",17,5,10,5,48,84.57142857142857,87.14285714285714
"2024-07-06 00:00:00",17,4,13,8,49,86.85714285714286,86.71428571428571
"2024-07-07 00:00:00",14,6,12,7,38,85.28571428571429,84.14285714285714
"2024-07-08 00:00:00",21,2,17,8,49,87.42857142857143,82.28571428571429
"2024-07-09 00:00:00",25,3,10,7,40,85.71428571428571,82.71428571428571
"2024-07-10 00:00:00",20,3,16,5,53,88.28571428571429,83
"2024-07-11 00:00:00",20,5,9,6,43,87.85714285714286,83
"2024-07-12 00:00:00",24,4,6,4,46,87.71428571428571,81.71428571428571
"2024-07-13 00:00:00",18,3,10,6,40,85.71428571428571,83.71428571428571
"2024-07-14 00:00:00",13,5,15,6,52,87.71428571428571,84
"2024-07-15 00:00:00",10,1,25,7,50,87.14285714285714,84.14285714285714
"2024-07-16 00:00:00",21,1,19,7,43,88,85.14285714285714
"2024-07-17 00:00:00",20,2,15,5,43,86.28571428571429,83.85714285714286
"2024-07-18 00:00:00",21,6,18,6,50,88.85714285714286,83.57142857142857
"2024-07-19 00:00:00",14,0,10,5,39,86.57142857142857,84.71428571428571
"2024-07-20 00:00:00",22,1,12,6,50,88.57142857142857,83.14285714285714
"2024-07-21 00:00:00",17,2,10,6,36,85.71428571428571,84.71428571428571
"2024-07-22 00:00:00",22,5,14,11,55,87.71428571428571,85.71428571428571
"2024-07-23 00:00:00",17,0,8,7,39,84.85714285714286,85.57142857142857
"2024-07-24 00:00:00",22,2,14,4,38,84.14285714285714,87.57142857142857
"2024-07-25 00:00:00",18,2,22,6,32,81.14285714285714,89.85714285714286
"2024-07-26 00:00:00",17,0,13,6,47,83.28571428571429,89.42857142857143
"2024-07-27 00:00:00",20,2,9,7,52,83.14285714285714,90.28571428571429
"2024-07-28 00:00:00",21,5,14,6,38,85,89.71428571428571
"2024-07-29 00:00:00",19,3,13,9,42,82,86.71428571428571
"2024-07-30 00:00:00",16,4,22,7,41,84.71428571428571,86.28571428571429
"2024-07-31 00:00:00",24,1,8,3,40,84.14285714285714,85
"2024-08-01 00:00:00",22,0,17,4,50,86,84.57142857142857
"2024-08-02 00:00:00",11,2,12,5,45,84.85714285714286,82.42857142857143
"2024-08-03 00:00:00",15,4,13,9,45,84.28571428571429,81.85714285714286
"2024-08-04 00:00:00",17,2,19,6,45,85,82.28571428571429
"2024-08-05 00:00:00",19,3,13,7,39,84.28571428571429,83.71428571428571
"2024-08-06 00:00:00",18,4,17,7,40,83.71428571428571,82.42857142857143
"2024-08-07 00:00:00",25,3,10,4,45,85.28571428571429,82.71428571428571
"2024-08-08 00:00:00",16,0,15,5,52,84.57142857142857,83.57142857142857
"2024-08-09 00:00:00",12,2,6,6,50,84.71428571428571,84.85714285714286
"2024-08-10 00:00:00",18,2,8,8,40,83.28571428571429,85.57142857142857
"2024-08-11 00:00:00",23,4,13,6,43,83.28571428571429,84.71428571428571
"2024-08-12 00:00:00",19,1,18,9,35,83.42857142857143,84.71428571428571
"2024-08-13 00:00:00",20,3,15,7,42,83.57142857142857,85.85714285714286
"2024-08-14 00:00:00",20,5,10,4,54,84.42857142857143,85.57142857142857
"2024-08-15 00:00:00",21,3,13,6,48,84.85714285714286,84.14285714285714
"2024-08-16 00:00:00",16,4,14,5,53,87.14285714285714,84.85714285714286
"2024-08-17 00:00:00",11,3,11,8,46,87.57142857142857,85
"2024-08-18 00:00:00",15,0,15,6,39,85.57142857142857,84.71428571428571
"2024-08-19 00:00:00",22,3,16,6,49,87.57142857142857,84.71428571428571
"2024-08-20 00:00:00",14,2,11,7,38,85.42857142857143,82.28571428571429
"2024-08-21 00:00:00",19,1,13,4,35,82.42857142857143,82.85714285714286
"2024-08-22 00:00:00",25,4,11,7,51,83.42857142857143,82
"2024-08-23 00:00:00",17,5,10,7,38,81.28571428571429,82.85714285714286
"2024-08-24 00:00:00",14,4,9,5,51,81.85714285714286,82.85714285714286
"2024-08-25 00:00:00",18,3,10,6,31,80.85714285714286,84
"2024-08-26 00:00:00",17,2,18,5,40,78.85714285714286,83.42857142857143
"2024-08-27 00:00:00",21,1,18,6,37,80.42857142857143,87.57142857142857
"2024-08-28 00:00:00",24,3,21,5,41,83.57142857142857,88.28571428571429
"2024-08-29 00:00:00",20,3,17,7,36,81.42857142857143,86.57142857142857
"2024-08-30 00:00:00",17,4,15,5,40,82,84.85714285714286
"2024-08-31 00:00:00",10,2,12,8,50,81.85714285714286,85.28571428571429
"2024-09-01 00:00:00",16,1,13,6,45,83.71428571428571,83.42857142857143
"2024-09-02 00:00:00",18,2,12,6,42,83.42857142857143,86.42857142857143
"2024-09-03 00:00:00",21,2,14,7,29,82,83.71428571428571
"2024-09-04 00:00:00",20,5,17,5,48,82.14285714285714,83.85714285714286
"2024-09-05 00:00:00",22,4,14,6,41,82.71428571428571,87
"2024-09-06 00:00:00",11,4,14,5,39,81.57142857142857,87
"2024-09-07 00:00:00",15,1,9,9,46,81.28571428571429,85.14285714285714
"2024-09-08 00:00:00",18,1,16,5,42,81.42857142857143,85.14285714285714
"2024-09-09 00:00:00",21,7,18,8,46,84.28571428571429,83.28571428571429
"2024-09-10 00:00:00",19,4,17,9,26,84.57142857142857,85
"2024-09-11 00:00:00",20,6,14,4,49,84.28571428571429,84
"2024-09-12 00:00:00",28,3,12,5,46,85.28571428571429,82.71428571428571
"2024-09-13 00:00:00",12,2,12,6,49,86.42857142857143,84.57142857142857
"2024-09-14 00:00:00",16,4,7,7,35,84.85714285714286,86.14285714285714
"2024-09-15 00:00:00",14,2,15,8,44,85,84.71428571428571
"2024-09-16 00:00:00",24,3,18,8,28,82.28571428571429,91.85714285714286
"2024-09-17 00:00:00",18,4,13,6,47,84.14285714285714,92
"2024-09-18 00:00:00",19,3,14,5,37,82,90
"2024-09-19 00:00:00",23,3,20,6,36,81.14285714285714,89.42857142857143
"2024-09-20 00:00:00",17,3,14,7,46,82,89
"2024-09-21 00:00:00",8,2,5,5,42,81,89.71428571428571
"2024-09-22 00:00:00",15,4,14,6,41,80.57142857142857,91.85714285714286
"2024-09-23 00:00:00",26,1,16,8,38,81.71428571428571,85
"2024-09-24 00:00:00",21,4,10,7,47,81.85714285714286,84.57142857142857
"2024-09-25 00:00:00",17,4,12,5,46,82.71428571428571,87.14285714285714
"2024-09-26 00:00:00",19,1,19,6,33,81.28571428571429,86.28571428571429
"2024-09-27 00:00:00",12,2,8,5,27,76.57142857142857,86.85714285714286
"2024-09-28 00:00:00",22,4,7,7,53,81,84.57142857142857
"2024-09-29 00:00:00",14,1,14,8,34,79.71428571428571,84
"2024-09-30 00:00:00",13,5,9,7,38,77.28571428571429,90.28571428571429
"2024-10-01 00:00:00",21,0,15,6,45,77,93.57142857142857
"2024-10-02 00:00:00",12,5,17,5,43,76.71428571428571,93.42857142857143
"2024-10-03 00:00:00",14,5,22,7,33,77.14285714285714,95.42857142857143
"2024-10-04 00:00:00",20,4,16,7,58,84.42857142857143,95.71428571428571
"2024-10-05 00:00:00",22,3,10,5,32,81.42857142857143,98.42857142857143
"2024-10-06 00:00:00",19,2,12,6,34,81.71428571428571,99.28571428571429
"2024-10-07 00:00:00",15,1,10,8,42,82.28571428571429,91.57142857142857
"2024-10-08 00:00:00",17,5,15,9,42,82.42857142857143,86.28571428571429
"2024-10-09 00:00:00",19,2,16,6,35,81.85714285714286,86.57142857142857
"2024-10-10 00:00:00",21,1,12,4,30,80,86
"2024-10-11 00:00:00",22,3,14,5,49,78.28571428571429,86.28571428571429
"2024-10-12 00:00:00",12,0,6,6,35,76.42857142857143,83.71428571428571
"2024-10-13 00:00:00",13,5,14,8,42,77.71428571428571,83.71428571428571
"2024-10-14 00:00:00",14,1,15,8,49,79.28571428571429,85.14285714285714
"2024-10-15 00:00:00",23,5,13,7,46,80.14285714285714,86.57142857142857
"2024-10-16 00:00:00",14,6,16,4,46,81.28571428571429,85.57142857142857
"2024-10-17 00:00:00",17,2,16,5,44,83.57142857142857,84.71428571428571
"2024-10-18 00:00:00",19,3,8,7,35,80.57142857142857,84.42857142857143
"2024-10-19 00:00:00",20,4,9,6,49,84.71428571428571,85.57142857142857
"2024-10-20 00:00:00",13,3,6,5,32,81.42857142857143,83.14285714285714
"2024-10-21 00:00:00",18,4,19,8,49,83,81.71428571428571
"2024-10-22 00:00:00",19,5,8,6,48,81.85714285714286,81.85714285714286
"2024-10-23 00:00:00",15,2,18,5,41,81.14285714285714,82.28571428571429
"2024-10-24 00:00:00",18,3,20,6,44,82.14285714285714,85
"2024-10-25 00:00:00",24,4,16,5,37,84.14285714285714,82.71428571428571
"2024-10-26 00:00:00",17,6,7,5,44,82.85714285714286,82.71428571428571
"2024-10-27 00:00:00",13,1,15,7,42,85.57142857142857,84
"2024-10-28 00:00:00",20,2,9,8,39,82.71428571428571,85
"2024-10-29 00:00:00",19,5,13,7,49,83.71428571428571,83.28571428571429
"2024-10-30 00:00:00",21,6,16,5,33,83.71428571428571,81.14285714285714
"2024-10-31 00:00:00",22,2,17,5,45,83.71428571428571,82.85714285714286
"2024-11-01 00:00:00",20,1,10,6,46,83.28571428571429,78.14285714285714
"2024-11-02 00:00:00",19,3,15,6,50,85.28571428571429,76.71428571428571
"2024-11-03 00:00:00",16,4,11,5,30,83.57142857142857,75.57142857142857
"2024-11-04 00:00:00",17,1,15,6,42,84,75.14285714285714
"2024-11-05 00:00:00",22,2,17,7,40,83.28571428571429,71.57142857142857
"2024-11-06 00:00:00",15,5,12,7,46,83.85714285714286,74.85714285714286
"2024-11-07 00:00:00",16,4,11,6,43,82.28571428571429,70.28571428571429
"2024-11-08 00:00:00",21,1,12,5,43,82.14285714285714,74.85714285714286
"2024-11-09 00:00:00",16,6,10,6,39,79.85714285714286,79.42857142857143
"2024-11-10 00:00:00",18,1,13,5,45,82.14285714285714,82.14285714285714
"2024-11-11 00:00:00",17,4,10,8,44,82.42857142857143,82.71428571428571
"2024-11-12 00:00:00",22,4,7,7,43,81.71428571428571,88.71428571428571
"2024-11-13 00:00:00",18,5,13,6,50,82.71428571428571,86.85714285714286
"2024-11-14 00:00:00",22,5,20,4,46,85.14285714285714,87.42857142857143
"2024-11-15 00:00:00",19,2,13,7,44,85.57142857142857,90.57142857142857
"2024-11-16 00:00:00",13,3,9,9,32,84,85.28571428571429
"2024-11-17 00:00:00",18,2,10,5,38,82.71428571428571,83.42857142857143
"2024-11-18 00:00:00",21,4,10,6,44,83,85.85714285714286
"2024-11-19 00:00:00",14,0,15,9,47,83.28571428571429,85
"2024-11-20 00:00:00",13,2,13,4,30,79,87
"2024-11-21 00:00:00",23,5,17,6,51,79.71428571428571,89.28571428571429
"2024-11-22 00:00:00",10,2,16,4,44,78.42857142857143,86.28571428571429
"2024-11-23 00:00:00",19,2,17,7,52,82.85714285714286,86.71428571428571
"2024-11-24 00:00:00",14,2,8,6,33,81.42857142857143,86
"2024-11-25 00:00:00",16,3,12,6,36,79.71428571428571,86.28571428571429
"2024-11-26 00:00:00",21,6,15,10,59,83.42857142857143,84.85714285714286
"2024-11-27 00:00:00",13,2,16,4,34,84.42857142857143,82.28571428571429
"2024-11-28 00:00:00",22,3,14,6,48,83.14285714285714,82.28571428571429
"2024-11-29 00:00:00",23,1,13,6,52,85.85714285714286,83.42857142857143
"2024-11-30 00:00:00",17,2,7,5,46,83,87.28571428571429
"2024-12-01 00:00:00",16,2,14,7,43,85.71428571428571,90
"2024-12-02 00:00:00",29,5,14,9,42,89.42857142857143,86.85714285714286
"2024-12-03 00:00:00",17,2,18,6,49,86.71428571428571,87.14285714285714
"2024-12-04 00:00:00",17,3,15,5,49,89.57142857142857,88.42857142857143
"2024-12-05 00:00:00",17,5,17,6,52,90.14285714285714,86.85714285714286
"2024-12-06 00:00:00",15,1,11,6,34,86.14285714285714,87.85714285714286
"2024-12-07 00:00:00",15,4,6,9,50,87.14285714285714,85.57142857142857
"2024-12-08 00:00:00",11,1,13,4,30,83.85714285714286,82.42857142857143
"2024-12-09 00:00:00",13,2,13,9,23,78.28571428571429,81
"2024-12-10 00:00:00",17,3,9,8,37,75.71428571428571,81.28571428571429
"2024-12-11 00:00:00",20,3,7,5,51,75.28571428571429,84
"2024-12-12 00:00:00",21,4,17,4,47,74.71428571428571,83.57142857142857
"2024-12-13 00:00:00",21,4,17,7,45,78.57142857142857,82
"2024-12-14 00:00:00",20,1,10,9,47,79,81.85714285714286
"2024-12-15 00:00:00",16,5,9,4,32,80,84.57142857142857
"2024-12-16 00:00:00",21,2,14,9,43,84.14285714285714,86
"2024-12-17 00:00:00",16,5,10,7,42,85,86.14285714285714
"2024-12-18 00:00:00",15,4,16,5,34,83.28571428571429,85.57142857142857
"2024-12-19 00:00:00",19,2,16,4,48,82.71428571428571,83.57142857142857
"2024-12-20 00:00:00",19,3,16,6,48,82.42857142857143,82.71428571428571
"2024-12-21 00:00:00",20,3,15,8,41,82.42857142857143,81.57142857142857
"2024-12-22 00:00:00",12,2,7,7,35,82,78.85714285714286
"2024-12-23 00:00:00",14,2,8,6,31,78,76.28571428571429
"2024-12-24 00:00:00",15,1,8,7,43,77.14285714285714,73.14285714285714
"2024-12-25 00:00:00",7,1,5,1,39,74.14285714285714,67.57142857142857
"2024-12-26 00:00:00",15,2,8,1,40,70.85714285714286,68.28571428571429
"2024-12-27 00:00:00",4,1,5,3,24,63,68
"2024-12-28 00:00:00",17,3,20,4,43,63,69.28571428571429
"2024-12-29 00:00:00",16,4,17,6,44,66.42857142857143,71.42857142857143
"2024-12-30 00:00:00",20,2,7,4,37,67.71428571428571,72.14285714285714
"2024-12-31 00:00:00",11,3,10,8,39,67.28571428571429,71.28571428571429
"2025-01-01 00:00:00",5,4,6,0,30,66.14285714285714,72.85714285714286
"2025-01-02 00:00:00",15,1,6,2,45,66.57142857142857,74.85714285714286
"2025-01-03 00:00:00",22,3,10,5,31,71.42857142857143,76.57142857142857
"2025-01-04 00:00:00",13,3,8,7,44,69.71428571428571,72.71428571428571
"2025-01-05 00:00:00",23,5,13,7,31,68.57142857142857,72.28571428571429
"2025-01-06 00:00:00",10,1,13,4,30,66.85714285714286,73.57142857142857
"2025-01-07 00:00:00",18,5,11,6,46,69,76.42857142857143
"2025-01-08 00:00:00",18,5,14,6,44,75,77.71428571428571
"2025-01-09 00:00:00",20,2,14,5,54,78.71428571428571,77.57142857142857
"2025-01-10 00:00:00",20,2,10,7,36,79.28571428571429,78.57142857142857
"2025-01-11 00:00:00",13,2,9,7,45,79.42857142857143,81.71428571428571
"2025-01-12 00:00:00",16,5,10,10,40,79.71428571428571,81.28571428571429
"2025-01-13 00:00:00",16,6,18,7,47,84.85714285714286,82.85714285714286
"2025-01-14 00:00:00",20,3,12,8,48,85.57142857142857,82.42857142857143
"2025-01-15 00:00:00",21,1,15,4,45,85.42857142857143,84.28571428571429
"2025-01-16 00:00:00",14,1,17,7,34,82.28571428571429,85.71428571428571
"2025-01-17 00:00:00",7,2,10,5,35,80,85.85714285714286
"2025-01-18 00:00:00",18,2,13,4,39,80,87.14285714285714
"2025-01-19 00:00:00",11,8,15,7,41,80.14285714285714,86.71428571428571
"2025-01-20 00:00:00",16,3,15,7,32,77.14285714285714,84.71428571428571
"2025-01-21 00:00:00",14,0,13,6,45,75.28571428571429,84.71428571428571
"2025-01-22 00:00:00",20,1,25,4,47,76.85714285714286,83.57142857142857
"2025-01-23 00:00:00",22,2,20,5,42,79.42857142857143,79.14285714285714
"2025-01-24 00:00:00",22,3,11,5,42,82.85714285714286,77.71428571428571
"2025-01-25 00:00:00",18,4,8,6,39,82.71428571428571,80.14285714285714
"2025-01-26 00:00:00",16,4,10,6,33,80.85714285714286,81
"2025-01-27 00:00:00",21,6,10,7,42,82.71428571428571,82.71428571428571
"2025-01-28 00:00:00",10,2,8,9,39,81.28571428571429,83.71428571428571
"2025-01-29 00:00:00",19,5,11,4,43,79.14285714285714,84.14285714285714
"2025-01-30 00:00:00",21,3,14,5,32,76.85714285714286,87.57142857142857
"2025-01-31 00:00:00",15,0,19,5,43,76.71428571428571,88
"2025-02-01 00:00:00",19,2,14,6,54,79.57142857142857,84.71428571428571
"2025-02-02 00:00:00",24,1,15,7,32,81,86.28571428571429
"2025-02-03 00:00:00",19,5,16,7,52,82.85714285714286,87.42857142857143
"2025-02-04 00:00:00",24,1,9,6,44,85.14285714285714,86.28571428571429
"2025-02-05 00:00:00",19,3,11,4,36,83.85714285714286,84.14285714285714
"2025-02-06 00:00:00",21,2,21,6,49,87.28571428571429,86.42857142857143
"2025-02-07 00:00:00",19,3,12,6,49,88.28571428571429,86.42857142857143
"2025-02-08 00:00:00",15,5,5,4,57,87,87.28571428571429
"2025-02-09 00:00:00",25,1,22,5,31,87.71428571428571,86.28571428571429
"2025-02-10 00:00:00",16,2,10,8,59,87.14285714285714,85.14285714285714
"2025-02-11 00:00:00",24,4,14,8,43,88.42857142857143,86.57142857142857
"2025-02-12 00:00:00",22,1,15,6,53,91.85714285714286,87.42857142857143
"2025-02-13 00:00:00",10,3,16,6,44,89,84.57142857142857
"2025-02-14 00:00:00",18,5,17,7,56,91,82.71428571428571
"2025-02-15 00:00:00",22,4,4,7,41,89.85714285714286,82.85714285714286
"2025-02-16 00:00:00",20,0,16,7,36,89.14285714285714,84.28571428571429
"2025-02-17 00:00:00",18,2,15,6,45,87.85714285714286,83.85714285714286
"2025-02-18 00:00:00",17,3,12,6,39,85.57142857142857,83.28571428571429
"2025-02-19 00:00:00",13,1,16,5,37,82,83
"2025-02-20 00:00:00",28,2,11,8,43,83.85714285714286,82
"2025-02-21 00:00:00",20,3,16,5,46,82,84
"2025-02-22 00:00:00",13,1,12,6,51,82.71428571428571,83.14285714285714
"2025-02-23 00:00:00",15,4,12,5,45,83,83.14285714285714
"2025-02-24 00:00:00",17,3,12,7,46,82.85714285714286,80.85714285714286
"2025-02-25 00:00:00",20,3,10,7,48,84.42857142857143,78.57142857142857
"2025-02-26 00:00:00",17,1,20,6,45,86.85714285714286,80.71428571428571
"2025-02-27 00:00:00",15,1,15,5,47,85.57142857142857,81.42857142857143
"2025-02-28 00:00:00",19,3,14,7,47,85.57142857142857,80.28571428571429
"2025-03-01 00:00:00",20,5,11,5,50,86.71428571428571,81.14285714285714
"2025-03-02 00:00:00",13,1,12,6,43,85.85714285714286,80.42857142857143
"2025-03-03 00:00:00",21,5,14,8,47,87.28571428571429,83.85714285714286
"2025-03-04 00:00:00",17,2,23,8,40,87.57142857142857,86
"2025-03-05 00:00:00",18,1,13,5,37,85.42857142857143,85.85714285714286
"2025-03-06 00:00:00",19,5,15,5,51,87.14285714285714,85.85714285714286
"2025-03-07 00:00:00",20,5,11,6,43,86.42857142857143,88.14285714285714
"2025-03-08 00:00:00",22,0,11,10,60,88.14285714285714,87.42857142857143
"2025-03-09 00:00:00",15,2,15,6,47,89.57142857142857,88.14285714285714
"2025-03-10 00:00:00",19,1,14,8,46,88.57142857142857,86.71428571428571
"2025-03-11 00:00:00",20,4,21,7,39,88.71428571428571,86.85714285714286
"2025-03-12 00:00:00",14,3,10,5,41,88.57142857142857,85.42857142857143
"2025-03-13 00:00:00",22,3,15,6,61,90.28571428571429,85.42857142857143
"2025-03-14 00:00:00",17,1,12,8,34,88.42857142857143,85.42857142857143
"2025-03-15 00:00:00",16,1,6,6,42,83.85714285714286,84.14285714285714
"2025-03-16 00:00:00",15,3,16,7,34,82.42857142857143,85.14285714285714
"2025-03-17 00:00:00",20,4,14,7,45,82.71428571428571,86.42857142857143
"2025-03-18 00:00:00",18,3,22,6,48,83.57142857142857,88.85714285714286
"2025-03-19 00:00:00",21,1,25,5,50,87.71428571428571,90.71428571428571
"2025-03-20 00:00:00",15,3,13,8,42,84,89.85714285714286
"2025-03-21 00:00:00",21,0,10,8,43,85.42857142857143,87
"2025-03-22 00:00:00",22,2,12,10,38,87.28571428571429,87.71428571428571
"2025-03-23 00:00:00",19,1,10,5,42,87.57142857142857,86.57142857142857
"2025-03-24 00:00:00",17,4,16,6,41,86.71428571428571,84.85714285714286
"2025-03-25 00:00:00",22,4,10,7,39,84.57142857142857,83.57142857142857
"2025-03-26 00:00:00",17,4,14,6,41,81.71428571428571,84.57142857142857
"2025-03-27 00:00:00",16,4,20,6,37,82,84.57142857142857
"2025-03-28 00:00:00",22,0,12,7,46,82.71428571428571,86
"2025-03-29 00:00:00",14,2,16,6,53,83.71428571428571,86.14285714285714
"2025-03-30 00:00:00",15,5,13,8,39,84.14285714285714,84.71428571428571
"2025-03-31 00:00:00",19,2,15,7,42,84.28571428571429,85.71428571428571
"2025-04-01 00:00:00",25,4,12,7,40,85.14285714285714,84
"2025-04-02 00:00:00",13,4,24,7,47,87,81.85714285714286
"2025-04-03 00:00:00",19,3,17,4,52,88.71428571428571,81.85714285714286
"2025-04-04 00:00:00",15,4,12,8,34,86.71428571428571,81.85714285714286
"2025-04-05 00:00:00",20,2,6,8,46,85.42857142857143,83.14285714285714
"2025-04-06 00:00:00",22,3,29,6,35,87.57142857142857,84.71428571428571
"2025-04-07 00:00:00",11,0,10,6,37,84.57142857142857,82.71428571428571
"2025-04-08 00:00:00",23,1,11,8,55,86,82.42857142857143
"2025-04-09 00:00:00",12,4,14,5,55,85.28571428571429,82
"2025-04-10 00:00:00",20,3,15,6,43,84.14285714285714,83.85714285714286
"2025-04-11 00:00:00",14,2,10,6,49,85.28571428571429,85.42857142857143
"2025-04-12 00:00:00",19,2,13,7,39,85,85.42857142857143
"2025-04-13 00:00:00",27,3,11,7,35,83.28571428571429,83.71428571428571
"2025-04-14 00:00:00",22,5,16,9,50,88.71428571428571,86.71428571428571
"2025-04-15 00:00:00",22,1,16,7,35,86.28571428571429,87.28571428571429
"2025-04-16 00:00:00",14,1,21,6,44,85.71428571428571,88
"2025-04-17 00:00:00",20,2,18,5,54,87.42857142857143,89.57142857142857
"2025-04-18 00:00:00",26,3,16,6,44,89.42857142857143,86.85714285714286
"2025-04-19 00:00:00",8,3,7,7,43,87.71428571428571,85
"2025-04-20 00:00:00",20,0,14,7,37,87,82.57142857142857
"2025-04-21 00:00:00",21,1,12,2,37,82.85714285714286,82.28571428571429
"2025-04-22 00:00:00",21,2,13,4,33,81.71428571428571,83.71428571428571
"2025-04-23 00:00:00",16,0,16,8,47,81.85714285714286,84
"2025-04-24 00:00:00",17,1,13,6,49,80,81.14285714285714
"2025-04-25 00:00:00",28,2,9,6,40,78.57142857142857,80.71428571428571
"2025-04-26 00:00:00",9,3,6,6,59,80.71428571428571,81.71428571428571
"2025-04-27 00:00:00",23,4,15,6,39,82,84
"2025-04-28 00:00:00",20,1,17,8,43,84.28571428571429,82.28571428571429
"2025-04-29 00:00:00",18,3,20,9,40,86.71428571428571,83.71428571428571
"2025-04-30 00:00:00",26,2,21,6,40,87.85714285714286,84.71428571428571
"2025-05-01 00:00:00",19,2,17,6,45,88.28571428571429,87
"2025-05-02 00:00:00",18,2,17,7,44,88.71428571428571,89.71428571428571
"2025-05-03 00:00:00",13,2,14,7,42,88,90.28571428571429
"2025-05-04 00:00:00",19,1,11,6,45,87.28571428571429,90.14285714285714
"2025-05-05 00:00:00",22,2,13,5,43,86.71428571428571,89
"2025-05-06 00:00:00",16,1,21,5,41,85.85714285714286,89
"2025-05-07 00:00:00",17,0,18,5,49,85,87.14285714285714
"2025-05-08 00:00:00",17,2,11,8,51,85,84.57142857142857
"2025-05-09 00:00:00",20,7,16,6,52,86.85714285714286,82.71428571428571
"2025-05-10 00:00:00",17,3,7,6,42,86.42857142857143,82
"2025-05-11 00:00:00",14,3,12,7,48,86.71428571428571,81.42857142857143
"2025-05-12 00:00:00",22,2,14,7,47,87.71428571428571,83.71428571428571
"2025-05-13 00:00:00",19,6,13,9,55,90.28571428571429,81.28571428571429
"2025-05-14 00:00:00",20,2,9,6,47,89.57142857142857,82
"2025-05-15 00:00:00",24,0,19,6,43,90,83.14285714285714
"2025-05-16 00:00:00",18,4,12,6,49,88.28571428571429,82.71428571428571
"2025-05-17 00:00:00",12,1,14,7,48,89.28571428571429,82.28571428571429
"2025-05-18 00:00:00",17,0,17,7,39,88.71428571428571,83.71428571428571
"2025-05-19 00:00:00",18,5,17,6,47,88.85714285714286,82.85714285714286
"2025-05-20 00:00:00",20,4,16,8,41,87,83.85714285714286
"2025-05-21 00:00:00",22,4,13,6,48,88.28571428571429,82.14285714285714
"2025-05-22 00:00:00",16,2,15,6,41,86.57142857142857,80.85714285714286
"2025-05-23 00:00:00",17,1,11,8,40,84.85714285714286,81.14285714285714
"2025-05-24 00:00:00",14,3,10,7,50,85.14285714285714,80.42857142857143
"2025-05-25 00:00:00",21,1,9,7,34,84,81.14285714285714
"2025-05-26 00:00:00",24,1,19,8,59,86.57142857142857,82.71428571428571
"2025-05-27 00:00:00",18,2,11,9,44,85.85714285714286,81
"2025-05-28 00:00:00",22,4,13,6,46,85.57142857142857,80.85714285714286
"2025-05-29 00:00:00",13,0,10,6,34,83.14285714285714,82.14285714285714
"2025-05-30 00:00:00",22,5,10,6,42,84.28571428571429,83.14285714285714
"2025-05-31 00:00:00",13,2,10,8,45,83.42857142857143,86.14285714285714
"2025-06-01 00:00:00",17,5,17,6,41,85.42857142857143,85.57142857142857
"2025-06-02 00:00:00",17,4,17,6,33,80.57142857142857,84.28571428571429
"2025-06-03 00:00:00",21,2,16,7,36,80.28571428571429,88.14285714285714
"2025-06-04 00:00:00",27,5,14,6,48,81.57142857142857,88.28571428571429
"2025-06-05 00:00:00",20,2,16,7,58,87.28571428571429,86.71428571428571
"2025-06-06 00:00:00",20,4,11,7,43,87.28571428571429,85.14285714285714
"2025-06-07 00:00:00",16,1,11,4,40,86.42857142857143,84.14285714285714
"2025-06-08 00:00:00",22,2,12,7,39,85.85714285714286,83.85714285714286
"2025-06-09 00:00:00",17,4,11,4,42,86,83.57142857142857
"2025-06-10 00:00:00",17,1,17,7,49,87.28571428571429,81.71428571428571
"2025-06-11 00:00:00",17,2,16,5,46,85.28571428571429,83.28571428571429
"2025-06-12 00:00:00",21,2,17,6,44,83.42857142857143,85.42857142857143
"2025-06-13 00:00:00",13,4,11,6,42,82.14285714285714,89.42857142857143
"2025-06-14 00:00:00",20,5,7,8,42,83.57142857142857,89
"2025-06-15 00:00:00",14,0,18,6,37,82.57142857142857,87.85714285714286
"2025-06-16 00:00:00",21,2,16,8,43,84.28571428571429,88
"2025-06-17 00:00:00",18,4,16,7,41,83.57142857142857,86.42857142857143
"2025-06-18 00:00:00",22,3,16,6,35,83,87.85714285714286
"2025-06-19 00:00:00",26,1,17,6,46,83.85714285714286,87.57142857142857
"2025-06-20 00:00:00",15,5,12,7,46,85.14285714285714,84.71428571428571
"2025-06-21 00:00:00",13,4,13,7,47,85.42857142857143,83.14285714285714
"2025-06-22 00:00:00",17,4,12,6,33,85,84.42857142857143
"2025-06-23 00:00:00",19,3,17,6,42,84.57142857142857,85.85714285714286
"2025-06-24 00:00:00",18,3,18,7,45,85.28571428571429,86
"2025-06-25 00:00:00",19,5,19,5,43,86.57142857142857,82.14285714285714
"2025-06-26 00:00:00",22,2,20,4,47,86.42857142857143,81
"2025-06-27 00:00:00",13,4,9,8,46,85.71428571428571,83.42857142857143
"2025-06-28 00:00:00",16,4,7,6,40,84.14285714285714,86
"2025-06-29 00:00:00",22,2,11,6,41,85.57142857142857,84.85714285714286
"2025-06-30 00:00:00",21,3,14,6,43,85.57142857142857,85.42857142857143
"2025-07-01 00:00:00",17,4,23,8,37,85.28571428571429,84.85714285714286
"2025-07-02 00:00:00",21,3,12,5,37,83.42857142857143,88.42857142857143
"2025-07-03 00:00:00",20,3,12,5,40,81.28571428571429,88.14285714285714
"2025-07-04 00:00:00",15,3,22,11,34,82,85.85714285714286
"2025-07-05 00:00:00",11,2,4,5,39,80.28571428571429,84.57142857142857
"2025-07-06 00:00:00",25,2,17,6,35,80.71428571428571,86.85714285714286
"2025-07-07 00:00:00",23,4,13,7,44,81.28571428571429,85.28571428571429
"2025-07-08 00:00:00",18,4,19,7,34,80.28571428571429,87.42857142857143
"2025-07-09 00:00:00",18,2,16,5,47,81.71428571428571,85.71428571428571
"2025-07-10 00:00:00",18,2,13,4,50,82.71428571428571,88.28571428571429
"2025-07-11 00:00:00",19,1,9,9,39,81.57142857142857,87.85714285714286
"2025-07-12 00:00:00",21,0,15,7,39,84.57142857142857,87.71428571428571
"2025-07-13 00:00:00",14,3,10,6,46,83.71428571428571,85.71428571428571
"2025-07-14 00:00:00",19,5,12,6,44,83,87.71428571428571
"2025-07-15 00:00:00",16,1,13,7,34,81.42857142857143,87.14285714285714
"2025-07-16 00:00:00",26,4,17,5,47,83,88
"2025-07-17 00:00:00",20,3,14,6,55,84.57142857142857,86.28571428571429
"2025-07-18 00:00:00",22,0,16,7,46,86.57142857142857,88.85714285714286
"2025-07-19 00:00:00",16,1,8,5,39,84.71428571428571,86.57142857142857
"2025-07-20 00:00:00",20,2,10,6,48,85.71428571428571,88.57142857142857
"2025-07-21 00:00:00",21,2,15,6,45,86.14285714285714,85.71428571428571
"2025-07-22 00:00:00",15,2,17,8,39,87.57142857142857,87.71428571428571
"2025-07-23 00:00:00",19,4,14,7,43,85.85714285714286,84.85714285714286
"2025-07-24 00:00:00",21,2,26,4,49,86.42857142857143,84.14285714285714
"2025-07-25 00:00:00",17,1,8,7,46,84.71428571428571,81.14285714285714
"2025-07-26 00:00:00",12,4,9,6,31,83.71428571428571,83.28571428571429
"2025-07-27 00:00:00",19,4,16,6,34,82.71428571428571,83.14285714285714
"2025-07-28 00:00:00",20,5,13,6,44,82.57142857142857,85
"2025-07-29 00:00:00",22,2,16,7,32,82.28571428571429,82
"2025-07-30 00:00:00",16,2,16,5,41,81.28571428571429,84.71428571428571
"2025-07-31 00:00:00",14,2,12,5,37,76.71428571428571,84.14285714285714
"2025-08-01 00:00:00",14,5,10,7,48,77.42857142857143,86
"2025-08-02 00:00:00",19,3,9,4,41,79.42857142857143,84.85714285714286
"2025-08-03 00:00:00",19,1,16,7,40,80,84.28571428571429
"2025-08-04 00:00:00",22,1,13,6,46,80,85
"2025-08-05 00:00:00",18,2,17,7,39,80.57142857142857,84.28571428571429
"2025-08-06 00:00:00",23,1,14,5,44,81.57142857142857,83.71428571428571
"2025-08-07 00:00:00",16,6,18,4,54,85.57142857142857,85.28571428571429
"2025-08-08 00:00:00",15,1,9,8,40,84,84.57142857142857
"2025-08-09 00:00:00",20,2,13,7,30,83.42857142857143,84.71428571428571
"2025-08-10 00:00:00",17,2,14,6,46,83.71428571428571,83.28571428571429
"2025-08-11 00:00:00",18,4,14,7,44,83.57142857142857,83.28571428571429
"2025-08-12 00:00:00",14,2,14,7,42,83,83.42857142857143
"2025-08-13 00:00:00",19,2,13,5,41,82,83.57142857142857
"2025-08-14 00:00:00",16,3,13,5,47,80,84.42857142857143
"2025-08-15 00:00:00",23,2,21,8,47,84,84.85714285714286
"2025-08-16 00:00:00",21,1,9,5,30,83.14285714285714,87.14285714285714
"2025-08-17 00:00:00",15,1,10,7,36,80.85714285714286,87.57142857142857
"2025-08-18 00:00:00",23,1,11,8,46,81.14285714285714,85.57142857142857
"2025-08-19 00:00:00",17,3,18,6,44,82.42857142857143,87.57142857142857
"2025-08-20 00:00:00",13,3,16,6,32,81,85.42857142857143
"2025-08-21 00:00:00",14,5,13,4,38,79.57142857142857,82.42857142857143
"2025-08-22 00:00:00",26,4,11,5,51,79,83.42857142857143
"2025-08-23 00:00:00",15,4,7,5,43,80.14285714285714,81.28571428571429
"2025-08-24 00:00:00",23,1,15,8,42,83,81.85714285714286
"2025-08-25 00:00:00",18,3,12,7,48,82.85714285714286,80.85714285714286
"2025-08-26 00:00:00",18,6,11,7,42,82.28571428571429,78.85714285714286
"2025-08-27 00:00:00",14,3,20,4,47,84.85714285714286,80.42857142857143
"2025-08-28 00:00:00",23,2,17,5,52,88.42857142857143,83.57142857142857
"2025-08-29 00:00:00",17,2,12,5,43,85.85714285714286,81.42857142857143
"2025-08-30 00:00:00",19,2,6,7,35,85.14285714285714,82
"2025-08-31 00:00:00",19,2,12,7,30,82.42857142857143,81.85714285714286
"2025-09-01 00:00:00",21,1,11,6,38,80.85714285714286,83.71428571428571
"2025-09-02 00:00:00",14,5,16,6,51,82,83.42857142857143
"2025-09-03 00:00:00",19,2,21,5,48,83,82
"2025-09-04 00:00:00",23,4,10,6,40,80.71428571428571,82.14285714285714
"2025-09-05 00:00:00",21,3,11,5,50,82.28571428571429,82.71428571428571
"2025-09-06 00:00:00",16,3,8,8,38,82.85714285714286,81.57142857142857
"2025-09-07 00:00:00",20,0,11,6,34,83,81.28571428571429
"2025-09-08 00:00:00",21,1,17,7,36,83.71428571428571,81.42857142857143
"2025-09-09 00:00:00",21,3,17,7,32,82,84.28571428571429
"2025-09-10 00:00:00",17,2,10,4,39,78.71428571428571,84.57142857142857
"2025-09-11 00:00:00",18,1,16,5,41,78.42857142857143,84.28571428571429
"2025-09-12 00:00:00",14,0,11,7,54,77.85714285714286,85.28571428571429
"2025-09-13 00:00:00",12,3,10,7,35,77,86.42857142857143
"2025-09-14 00:00:00",26,5,11,5,45,80,84.85714285714286
"2025-09-15 00:00:00",11,0,5,5,35,76.28571428571429,85
"2025-09-16 00:00:00",13,4,12,8,31,74.57142857142857,82.28571428571429
"2025-09-17 00:00:00",22,4,17,4,46,77.57142857142857,84.14285714285714
"2025-09-18 00:00:00",23,4,14,5,47,79.28571428571429,82
"2025-09-19 00:00:00",21,2,15,6,37,78.57142857142857,81.14285714285714
"2025-09-20 00:00:00",22,4,11,5,42,81,82
"2025-09-21 00:00:00",9,6,16,8,21,76.42857142857143,81
"2025-09-22 00:00:00",27,2,14,6,45,81.85714285714286,80.57142857142857
"2025-09-23 00:00:00",18,2,17,6,39,83.85714285714286,81.71428571428571
"2025-09-24 00:00:00",18,3,11,5,50,83,81.85714285714286
"2025-09-25 00:00:00",21,2,14,4,50,82.71428571428571,82.71428571428571
"2025-09-26 00:00:00",19,3,12,6,45,83.28571428571429,81.28571428571429
"2025-09-27 00:00:00",13,0,12,3,45,81.71428571428571,76.57142857142857
"2025-09-28 00:00:00",20,4,13,7,34,84.28571428571429,81
"2025-09-29 00:00:00",21,2,12,5,42,82.57142857142857,79.71428571428571
"2025-09-30 00:00:00",21,3,14,11,33,82.57142857142857,77.28571428571429
"2025-10-01 00:00:00",16,4,19,5,42,82.42857142857143,77
"2025-10-02 00:00:00",20,2,21,5,54,84,76.71428571428571
"2025-10-03 00:00:00",24,0,8,5,43,83.28571428571429,77.14285714285714
"2025-10-04 00:00:00",3,0,4,8,28,79,84.42857142857143
"2025-10-05 00:00:00",11,2,10,4,30,76,81.42857142857143
"2025-10-06 00:00:00",22,1,10,7,39,75.57142857142857,81.71428571428571
"2025-10-07 00:00:00",21,8,14,7,36,76.14285714285714,82.28571428571429
"2025-10-08 00:00:00",14,6,16,6,45,76.28571428571429,82.42857142857143
"2025-10-09 00:00:00",10,3,13,4,37,71.28571428571429,81.85714285714286
"2025-10-10 00:00:00",6,4,13,6,45,70.42857142857143,80
"2025-10-11 00:00:00",7,2,12,6,41,74,78.28571428571429
"2025-10-12 00:00:00",6,1,10,9,42,75.57142857142857,76.42857142857143
"2025-10-13 00:00:00",17,2,14,5,54,77.42857142857143,77.71428571428571
"2025-10-14 00:00:00",22,3,13,8,41,77.57142857142857,79.28571428571429
"2025-10-15 00:00:00",23,3,16,5,42,77.85714285714286,80.14285714285714
"2025-10-16 00:00:00",19,2,10,6,54,81.28571428571429,81.28571428571429
"2025-10-17 00:00:00",15,4,11,5,44,82,83.57142857142857
"2025-10-18 00:00:00",14,1,7,8,52,84,80.57142857142857
"2025-10-19 00:00:00",19,3,15,6,35,85.42857142857143,84.71428571428571
"2025-10-20 00:00:00",16,2,17,7,32,82.85714285714286,81.42857142857143
"2025-10-21 00:00:00",20,3,15,8,35,82,83
"2025-10-22 00:00:00",22,3,16,6,54,83.71428571428571,81.85714285714286
"2025-10-23 00:00:00",13,3,16,5,36,81.14285714285714,81.14285714285714
"2025-10-24 00:00:00",8,1,5,6,47,79.42857142857143,82.14285714285714
"2025-10-25 00:00:00",21,2,11,6,32,78,84.14285714285714
"2025-10-26 00:00:00",12,1,14,7,43,77.85714285714286,82.85714285714286
"2025-10-27 00:00:00",10,6,10,7,42,78,85.57142857142857
"2025-10-28 00:00:00",25,1,13,8,50,80.28571428571429,82.71428571428571
"2025-10-29 00:00:00",22,2,12,4,34,76.42857142857143,83.71428571428571
"2025-10-30 00:00:00",15,6,20,8,36,78.14285714285714,83.71428571428571
"2025-10-31 00:00:00",24,4,13,6,55,83.14285714285714,83.71428571428571
"2025-11-01 00:00:00",18,3,7,5,48,84.42857142857143,83.28571428571429
"2025-11-02 00:00:00",13,3,12,7,49,85.42857142857143,85.28571428571429
"2025-11-03 00:00:00",17,4,18,7,44,87.57142857142857,83.57142857142857
"2025-11-04 00:00:00",20,3,13,7,55,87.71428571428571,84
"2025-11-05 00:00:00",13,1,9,7,32,86,83.28571428571429
"2025-11-06 00:00:00",22,3,15,5,58,88.57142857142857,83.85714285714286
"2025-11-07 00:00:00",19,4,12,5,51,87,82.28571428571429
"2025-11-08 00:00:00",18,1,18,6,38,87,82.14285714285714
"2025-11-09 00:00:00",18,2,11,6,41,86.14285714285714,79.85714285714286
"2025-11-10 00:00:00",19,2,14,8,38,84.85714285714286,82.14285714285714
"2025-11-11 00:00:00",22,5,15,7,43,84,82.42857142857143
"2025-11-12 00:00:00",19,1,14,6,51,88.14285714285714,81.71428571428571
"2025-11-13 00:00:00",24,1,17,5,40,85.85714285714286,82.71428571428571
"2025-11-14 00:00:00",18,5,15,7,44,85.57142857142857,85.14285714285714
"2025-11-15 00:00:00",15,1,10,7,39,84.28571428571429,85.57142857142857
"2025-11-16 00:00:00",21,1,12,5,41,84.57142857142857,84
"2025-11-17 00:00:00",12,5,11,6,46,84.42857142857143,82.71428571428571
"2025-11-18 00:00:00",18,5,14,6,39,83,83
"2025-11-19 00:00:00",15,1,14,7,38,80.71428571428571,83.28571428571429
"2025-11-20 00:00:00",21,1,16,6,45,81,79
"2025-11-21 00:00:00",17,3,9,6,44,79.57142857142857,79.71428571428571
"2025-11-22 00:00:00",23,6,13,8,40,82.14285714285714,78.42857142857143
"2025-11-23 00:00:00",17,1,7,4,34,79.71428571428571,82.85714285714286
"2025-11-24 00:00:00",18,3,12,8,54,81.85714285714286,81.42857142857143
"2025-11-25 00:00:00",21,1,9,7,26,79.28571428571429,79.71428571428571
"2025-11-26 00:00:00",21,3,17,6,37,80.57142857142857,83.42857142857143
"2025-11-27 00:00:00",18,5,17,6,47,81.14285714285714,84.42857142857143
"2025-11-28 00:00:00",22,4,7,7,41,81.42857142857143,83.14285714285714
"2025-11-29 00:00:00",15,3,12,6,41,79.57142857142857,85.85714285714286
"2025-11-30 00:00:00",19,2,10,6,40,81.57142857142857,83
"2025-12-01 00:00:00",16,2,17,6,52,81.28571428571429,85.71428571428571
"2025-12-02 00:00:00",20,1,14,6,38,83.42857142857143,89.42857142857143
"2025-12-03 00:00:00",22,4,16,6,49,85.28571428571429,86.71428571428571
"2025-12-04 00:00:00",18,8,13,6,37,83.71428571428571,89.57142857142857
"2025-12-05 00:00:00",19,2,13,5,34,82.57142857142857,90.14285714285714
"2025-12-06 00:00:00",13,3,12,5,41,82.14285714285714,86.14285714285714
"2025-12-07 00:00:00",13,3,14,7,31,80.85714285714286,87.14285714285714
"2025-12-08 00:00:00",24,1,7,7,38,78.57142857142857,83.85714285714286
"2025-12-09 00:00:00",15,1,12,8,38,77.85714285714286,78.28571428571429
"2025-12-10 00:00:00",13,5,19,6,44,76.42857142857143,75.71428571428571
"2025-12-11 00:00:00",15,2,10,6,42,75.42857142857143,75.28571428571429
"2025-12-12 00:00:00",19,2,8,6,46,76.57142857142857,74.71428571428571
"2025-12-13 00:00:00",18,2,10,6,55,79,78.57142857142857
"2025-12-14 00:00:00",22,1,11,5,39,80.42857142857143,79
"2025-12-15 00:00:00",15,4,12,6,33,79.42857142857143,80
"2025-12-16 00:00:00",18,3,9,7,38,79.57142857142857,84.14285714285714
"2025-12-17 00:00:00",18,2,12,6,40,78.28571428571429,85
"2025-12-18 00:00:00",21,6,15,4,40,79.85714285714286,83.28571428571429
"2025-12-19 00:00:00",19,3,9,5,43,79.57142857142857,82.71428571428571
"2025-12-20 00:00:00",21,0,12,5,32,76.57142857142857,82.42857142857143
"2025-12-21 00:00:00",13,1,10,8,34,74.85714285714286,82.42857142857143
"2025-12-22 00:00:00",19,3,12,4,52,77.71428571428571,82
"2025-12-23 00:00:00",13,4,12,8,32,76.85714285714286,78
"2025-12-24 00:00:00",10,0,4,6,46,75.14285714285714,77.14285714285714
"2025-12-25 00:00:00",4,2,8,1,40,70.71428571428571,74.14285714285714
"2025-12-26 00:00:00",14,3,3,2,42,68.57142857142857,70.85714285714286
"2025-12-27 00:00:00",16,5,11,1,49,70.28571428571429,63
"2025-12-28 00:00:00",17,3,9,7,30,70.28571428571429,63
"2025-12-29 00:00:00",19,5,7,5,44,68.85714285714286,66.42857142857143
"2025-12-30 00:00:00",16,0,6,7,42,69.14285714285714,67.71428571428571
"2025-12-31 00:00:00",14,5,13,8,42,71.42857142857143,67.28571428571429
"2026-01-01 00:00:00",9,2,19,1,44,74.28571428571429,66.14285714285714
"2026-01-02 00:00:00",6,0,7,2,31,71.71428571428571,66.57142857142857
"2026-01-03 00:00:00",10,1,6,4,34,67.85714285714286,71.42857142857143
"2026-01-04 00:00:00",16,2,15,5,27,67.71428571428571,69.71428571428571
"2026-01-05 00:00:00",20,2,11,6,50,69,68.57142857142857
"2026-01-06 00:00:00",23,4,9,6,56,72.85714285714286,66.85714285714286
"2026-01-07 00:00:00",13,5,14,5,51,73.71428571428571,69
"2026-01-08 00:00:00",16,2,12,4,41,73.71428571428571,75
"2026-01-09 00:00:00",14,2,8,7,50,78.71428571428571,78.71428571428571
"2026-01-10 00:00:00",20,1,4,7,36,80.57142857142857,79.28571428571429
"2026-01-11 00:00:00",17,4,11,5,32,81.14285714285714,79.42857142857143
"2026-01-12 00:00:00",19,3,10,9,40,80,79.71428571428571
"2026-01-13 00:00:00",17,8,10,7,45,78.42857142857143,84.85714285714286
"2026-01-14 00:00:00",13,2,16,5,44,77.28571428571429,85.57142857142857
"2026-01-15 00:00:00",21,2,21,4,34,78.28571428571429,85.42857142857143
"2026-01-16 00:00:00",17,1,7,9,55,79.42857142857143,82.28571428571429
"2026-01-17 00:00:00",19,2,12,5,46,81.71428571428571,80
"2026-01-18 00:00:00",12,1,11,6,36,81.28571428571429,80
"2026-01-19 00:00:00",19,1,19,8,51,83.71428571428571,80.14285714285714
"2026-01-20 00:00:00",21,1,13,6,49,84.14285714285714,77.14285714285714
"2026-01-21 00:00:00",13,3,12,6,43,83.71428571428571,75.28571428571429
"2026-01-22 00:00:00",18,2,17,5,43,84.14285714285714,76.85714285714286
"2026-01-23 00:00:00",15,1,15,7,42,82.85714285714286,79.42857142857143
"2026-01-24 00:00:00",15,1,7,4,47,81.42857142857143,82.85714285714286
"2026-01-25 00:00:00",16,1,10,5,32,81.14285714285714,82.71428571428571
"2026-01-26 00:00:00",14,2,14,7,43,78.57142857142857,80.85714285714286
"2026-01-27 00:00:00",14,1,14,8,44,77.28571428571429,82.71428571428571
"2026-01-28 00:00:00",16,1,17,7,34,77,81.28571428571429
"2026-01-29 00:00:00",14,3,15,4,51,77.28571428571429,79.14285714285714
"2026-01-30 00:00:00",13,4,11,7,32,75.42857142857143,76.85714285714286
"2026-01-31 00:00:00",7,1,8,4,40,73.42857142857143,76.71428571428571
"2026-02-01 00:00:00",14,1,7,7,38,73.85714285714286,79.57142857142857
"2026-02-02 00:00:00",20,1,15,5,33,73,81
"2026-02-03 00:00:00",18,3,18,7,47,74.71428571428571,82.85714285714286
"2026-02-04 00:00:00",17,2,13,6,42,75.42857142857143,85.14285714285714
"2026-02-05 00:00:00",21,3,11,4,39,74.14285714285714,83.85714285714286
"2026-02-06 00:00:00",14,0,13,7,42,75.42857142857143,87.28571428571429
"2026-02-07 00:00:00",17,1,9,5,42,77.42857142857143,88.28571428571429
"2026-02-08 00:00:00",18,2,12,10,48,80.71428571428571,87
"2026-02-09 00:00:00",19,4,14,6,34,81.14285714285714,87.71428571428571
"2026-02-10 00:00:00",24,3,17,6,47,81.71428571428571,87.14285714285714
"2026-02-11 00:00:00",17,4,21,5,42,83,88.42857142857143
"2026-02-12 00:00:00",18,1,11,6,44,83.28571428571429,91.85714285714286
"2026-02-13 00:00:00",16,2,13,5,40,83.28571428571429,89
"2026-02-14 00:00:00",18,0,19,7,35,84,91
"2026-02-15 00:00:00",14,4,9,8,40,81.85714285714286,89.85714285714286
"2026-02-16 00:00:00",16,4,11,6,49,83.14285714285714,89.14285714285714
"2026-02-17 00:00:00",17,2,14,6,34,79.71428571428571,87.85714285714286
"2026-02-18 00:00:00",21,3,15,5,52,80.71428571428571,85.57142857142857
"2026-02-19 00:00:00",17,6,15,5,44,81.71428571428571,82
"2026-02-20 00:00:00",16,2,18,6,56,84.85714285714286,83.85714285714286
"2026-02-21 00:00:00",16,3,12,6,37,84.14285714285714,82
"2026-02-22 00:00:00",20,1,13,6,34,84,82.71428571428571
"2026-02-23 00:00:00",27,2,14,10,44,85.57142857142857,83
"2026-02-24 00:00:00",14,2,14,6,51,87.57142857142857,82.85714285714286
"2026-02-25 00:00:00",21,4,14,7,38,85.85714285714286,84.42857142857143
"2026-02-26 00:00:00",19,2,13,4,41,84.71428571428571,86.85714285714286
"2026-02-27 00:00:00",19,7,18,8,37,83.42857142857143,85.57142857142857
"2026-02-28 00:00:00",15,4,11,7,43,84.28571428571429,85.57142857142857
"2026-03-01 00:00:00",17,0,20,7,37,85.28571428571429,86.71428571428571
"2026-03-02 00:00:00",23,4,14,6,49,85.14285714285714,85.85714285714286
"2026-03-03 00:00:00",21,2,14,6,43,85,87.28571428571429
"2026-03-04 00:00:00",18,1,10,6,51,85.28571428571429,87.57142857142857
"2026-03-05 00:00:00",16,2,19,7,39,85.85714285714286,85.42857142857143
"2026-03-06 00:00:00",22,1,11,6,45,85.28571428571429,87.14285714285714
"2026-03-07 00:00:00",13,1,9,6,41,83.85714285714286,86.42857142857143
"2026-03-08 00:00:00",7,2,15,6,31,81,88.14285714285714
"2026-03-09 00:00:00",22,1,21,9,59,83.28571428571429,89.57142857142857
"2026-03-10 00:00:00",22,4,11,7,32,81.85714285714286,88.57142857142857
"2026-03-11 00:00:00",15,5,14,6,51,82.57142857142857,88.71428571428571
"2026-03-12 00:00:00",19,1,19,7,36,82.42857142857143,88.57142857142857
"2026-03-13 00:00:00",15,3,11,4,45,81.42857142857143,90.28571428571429
"2026-03-14 00:00:00",12,2,8,6,55,83.28571428571429,88.42857142857143
"2026-03-15 00:00:00",20,2,12,6,33,85,83.85714285714286
"2026-03-16 00:00:00",18,2,9,7,45,80.57142857142857,82.42857142857143
"2026-03-17 00:00:00",22,1,19,8,53,84.42857142857143,82.71428571428571
"2026-03-18 00:00:00",16,3,20,4,52,85,83.57142857142857
"2026-03-19 00:00:00",21,4,9,6,36,84.14285714285714,87.71428571428571
"2026-03-20 00:00:00",16,4,17,4,47,85.57142857142857,84
"2026-03-21 00:00:00",12,1,14,8,37,84,85.42857142857143
"2026-03-22 00:00:00",22,2,16,7,41,86.14285714285714,87.28571428571429
"2026-03-23 00:00:00",19,3,18,4,60,89.42857142857143,87.57142857142857
"2026-03-24 00:00:00",16,6,22,7,43,88.14285714285714,86.71428571428571
"2026-03-25 00:00:00",15,2,10,5,49,86.14285714285714,84.57142857142857
"2026-03-26 00:00:00",18,0,7,6,40,85.42857142857143,81.71428571428571
"2026-03-27 00:00:00",16,3,9,5,43,83.71428571428571,82
"2026-03-28 00:00:00",16,3,7,10,49,85.57142857142857,82.71428571428571
"2026-03-29 00:00:00",19,2,18,5,44,85.57142857142857,83.71428571428571
"2026-03-30 00:00:00",20,7,18,7,41,84,84.14285714285714
"2026-03-31 00:00:00",21,2,13,11,49,84.28571428571429,84.28571428571429
"2026-04-01 00:00:00",17,2,17,4,38,83.85714285714286,85.14285714285714
"2026-04-02 00:00:00",18,2,14,6,46,86,87
"2026-04-03 00:00:00",17,7,19,7,40,88,88.71428571428571
"2026-04-04 00:00:00",20,3,8,4,44,87.14285714285714,86.71428571428571
"2026-04-05 00:00:00",14,2,3,6,36,83.28571428571429,85.42857142857143
"2026-04-06 00:00:00",13,3,9,2,36,79,87.57142857142857
"2026-04-07 00:00:00",14,0,8,8,36,74.71428571428571,84.57142857142857
"2026-04-08 00:00:00",22,4,16,5,50,77.42857142857143,86
"2026-04-09 00:00:00",21,3,14,6,49,78.42857142857143,85.28571428571429
"2026-04-10 00:00:00",20,3,17,6,42,78.14285714285714,84.14285714285714
"2026-04-11 00:00:00",15,2,12,7,37,77.28571428571429,85.28571428571429
"2026-04-12 00:00:00",19,3,10,5,38,79.28571428571429,85
"2026-04-13 00:00:00",13,2,25,5,37,82,83.28571428571429
"2026-04-14 00:00:00",17,3,6,7,74,87.85714285714286,88.71428571428571
"2026-04-15 00:00:00",21,5,19,6,37,86.57142857142857,86.28571428571429
"2026-04-16 00:00:00",11,2,14,6,38,83.42857142857143,85.71428571428571
"2026-04-17 00:00:00",27,2,13,6,41,83.57142857142857,87.42857142857143
"2026-04-18 00:00:00",18,3,10,6,32,83,89.42857142857143
"2026-04-19 00:00:00",14,5,18,3,39,83.57142857142857,87.71428571428571
"2026-04-20 00:00:00",22,3,13,6,44,84.42857142857143,87
"2026-04-21 00:00:00",18,3,8,6,42,80.14285714285714,82.85714285714286
"2026-04-22 00:00:00",12,4,12,7,33,77.28571428571429,81.71428571428571
"2026-04-23 00:00:00",21,2,14,6,51,80.57142857142857,81.85714285714286
"2026-04-24 00:00:00",20,0,10,5,43,79,80
"2026-04-25 00:00:00",16,6,7,7,41,80.14285714285714,78.57142857142857
"2026-04-26 00:00:00",17,2,9,7,49,80.85714285714286,80.71428571428571
"2026-04-27 00:00:00",21,2,14,6,53,82,82
"2026-04-28 00:00:00",19,0,11,9,35,81.57142857142857,84.28571428571429
"2026-04-29 00:00:00",18,4,19,4,41,84.14285714285714,86.71428571428571
"2026-04-30 00:00:00",21,0,13,7,51,83.85714285714286,87.85714285714286
"2026-05-01 00:00:00",20,4,12,6,44,85,88.28571428571429
"2026-05-02 00:00:00",9,2,12,6,53,85.71428571428571,88.71428571428571
"2026-05-03 00:00:00",17,1,18,6,32,84.28571428571429,88
"2026-05-04 00:00:00",18,1,18,5,41,82.42857142857143,87.28571428571429
"2026-05-05 00:00:00",23,1,15,8,53,86.14285714285714,86.71428571428571
"2026-05-06 00:00:00",19,5,16,6,42,86.42857142857143,85.85714285714286
"2026-05-07 00:00:00",18,4,24,6,35,85.71428571428571,85
"2026-05-08 00:00:00",19,2,16,5,35,84.42857142857143,85
"2026-05-09 00:00:00",19,3,11,10,59,87.28571428571429,86.85714285714286
"2026-05-10 00:00:00",15,2,8,4,45,87.28571428571429,86.42857142857143
"2026-05-11 00:00:00",17,1,16,5,37,86.28571428571429,86.71428571428571
"2026-05-12 00:00:00",19,2,17,9,65,88,87.71428571428571
"2026-05-13 00:00:00",18,2,9,4,43,86.28571428571429,90.28571428571429
"2026-05-14 00:00:00",21,2,16,7,42,86.42857142857143,89.57142857142857
"2026-05-15 00:00:00",19,4,4,5,33,84.71428571428571,90
"2026-05-16 00:00:00",15,2,10,7,45,81.42857142857143,88.28571428571429
"2026-05-17 00:00:00",21,3,13,5,55,84.71428571428571,89.28571428571429
"2026-05-18 00:00:00",22,4,24,6,50,89,88.71428571428571
"2026-05-19 00:00:00",13,1,16,10,38,84.14285714285714,88.85714285714286
"2026-05-20 00:00:00",20,2,14,5,58,87.42857142857143,87
"2026-05-21 00:00:00",21,2,13,6,46,87.42857142857143,88.28571428571429
"2026-05-22 00:00:00",16,3,8,5,46,89.28571428571429,86.57142857142857
"2026-05-23 00:00:00",21,2,13,6,45,90.42857142857143,84.85714285714286
"2026-05-24 00:00:00",16,0,5,5,40,86,85.14285714285714
"2026-05-25 00:00:00",17,2,10,4,39,81.14285714285714,84
"2026-05-26 00:00:00",15,3,15,7,36,80.85714285714286,86.57142857142857
"2026-05-27 00:00:00",18,2,12,7,40,78,85.85714285714286
"2026-05-28 00:00:00",21,3,21,7,47,79.57142857142857,85.57142857142857
"2026-05-29 00:00:00",13,2,12,5,54,80.71428571428571,83.14285714285714
"2026-05-30 00:00:00",22,4,9,6,35,79.14285714285714,84.28571428571429
"2026-05-31 00:00:00",16,4,11,5,32,79.42857142857143,83.42857142857143
"2026-06-01 00:00:00",19,1,16,6,41,81,85.42857142857143
"2026-06-02 00:00:00",22,3,16,9,37,82.57142857142857,80.57142857142857
"2026-06-03 00:00:00",15,4,17,4,40,82.71428571428571,80.28571428571429
"2026-06-04 00:00:00",20,1,14,6,43,80.57142857142857,81.57142857142857
"2026-06-05 00:00:00",20,2,12,5,45,80.28571428571429,87.28571428571429
"2026-06-06 00:00:00",18,0,6,7,45,80.28571428571429,87.28571428571429
"2026-06-07 00:00:00",14,2,11,4,48,81.85714285714286,86.42857142857143
"2026-06-08 00:00:00",18,3,15,7,33,80.85714285714286,85.85714285714286
"2026-06-09 00:00:00",14,2,11,5,44,79.28571428571429,86
"2026-06-10 00:00:00",15,2,25,8,43,81.14285714285714,87.28571428571429
"2026-06-11 00:00:00",27,4,19,6,42,83.14285714285714,85.28571428571429
"2026-06-12 00:00:00",15,5,5,7,48,82.57142857142857,83.42857142857143
"2026-06-13 00:00:00",17,5,11,5,49,84.14285714285714,82.14285714285714
"2026-06-14 00:00:00",20,2,13,7,45,85.28571428571429,83.57142857142857
"2026-06-15 00:00:00",13,1,15,8,49,86.71428571428571,82.57142857142857
"2026-06-16 00:00:00",20,2,12,7,48,88.57142857142857,84.28571428571429
"2026-06-17 00:00:00",18,1,17,6,44,87.57142857142857,83.57142857142857
"2026-06-18 00:00:00",19,1,14,6,43,85.42857142857143,83
"2026-06-19 00:00:00",16,5,12,6,39,85.14285714285714,83.85714285714286
"2026-06-20 00:00:00",18,2,9,6,40,83.42857142857143,85.14285714285714
"2026-06-21 00:00:00",12,1,9,5,35,79.85714285714286,85.42857142857143
"2026-06-22 00:00:00",19,2,23,7,40,80.57142857142857,85
"2026-06-23 00:00:00",19,1,6,7,42,78.57142857142857,84.57142857142857
"2026-06-24 00:00:00",23,2,10,5,43,78.14285714285714,85.28571428571429
"2026-06-25 00:00:00",17,4,16,6,36,77.57142857142857,86.57142857142857
"2026-06-26 00:00:00",20,3,5,4,40,76.71428571428571,86.42857142857143
"2026-06-27 00:00:00",19,2,7,7,47,77.71428571428571,85.71428571428571
"2026-06-28 00:00:00",10,4,11,8,34,78.42857142857143,84.14285714285714
"2026-06-29 00:00:00",17,0,16,6,41,76.85714285714286,85.57142857142857
"2026-06-30 00:00:00",18,1,19,8,50,79.85714285714286,85.57142857142857
"2026-07-01 00:00:00",19,1,14,5,46,80.14285714285714,85.28571428571429
"2026-07-02 00:00:00",29,2,15,6,43,82.42857142857143,83.42857142857143
"2026-07-03 00:00:00",11,4,13,5,51,84.14285714285714,81.28571428571429