"DateTime","Container","Dry Bulk","General Cargo","Roll-on/roll-off","Tanker","7-day Moving Average","Prior Year: 7-day Moving Average"
"2019-01-01 00:00:00",0,2,0,0,8,,
"2019-01-02 00:00:00",0,0,0,0,7,,
"2019-01-03 00:00:00",0,2,0,0,3,,
"2019-01-04 00:00:00",0,1,0,0,8,,
"2019-01-05 00:00:00",0,2,0,0,4,,
"2019-01-06 00:00:00",0,0,0,0,8,,
"2019-01-07 00:00:00",0,2,0,0,9,8,
"2019-01-08 00:00:00",0,1,0,0,7,7.714285714285714,
"2019-01-09 00:00:00",0,1,0,0,11,8.428571428571429,
"2019-01-10 00:00:00",0,1,0,0,5,8.571428571428571,
"2019-01-11 00:00:00",0,0,0,0,8,8.428571428571429,
"2019-01-12 00:00:00",0,2,0,0,7,8.857142857142858,
"2019-01-13 00:00:00",0,1,0,0,6,8.714285714285714,
"2019-01-14 00:00:00",0,2,0,0,4,8,
"2019-01-15 00:00:00",0,0,1,0,6,7.857142857142857,
"2019-01-16 00:00:00",0,3,0,0,5,7.285714285714286,
"2019-01-17 00:00:00",0,2,0,0,6,7.571428571428571,
"2019-01-18 00:00:00",0,1,0,0,5,7.285714285714286,
"2019-01-19 00:00:00",0,0,0,0,7,7,
"2019-01-20 00:00:00",0,2,0,0,12,8,
"2019-01-21 00:00:00",0,2,0,0,7,8.428571428571429,
"2019-01-22 00:00:00",0,2,1,0,12,9.571428571428571,
"2019-01-23 00:00:00",0,1,0,0,4,9.142857142857142,
"2019-01-24 00:00:00",0,2,0,0,4,8.857142857142858,
"2019-01-25 00:00:00",0,0,0,0,9,9.285714285714286,
"2019-01-26 00:00:00",0,0,0,0,8,9.428571428571429,
"2019-01-27 00:00:00",0,1,1,0,9,9,
"2019-01-28 00:00:00",0,2,1,0,10,9.571428571428571,
"2019-01-29 00:00:00",0,2,0,0,4,8.285714285714286,
"2019-01-30 00:00:00",0,0,0,0,9,8.857142857142858,
"2019-01-31 00:00:00",0,1,0,0,2,8.428571428571429,
"2019-02-01 00:00:00",0,2,0,0,8,8.571428571428571,
"2019-02-02 00:00:00",0,1,0,0,5,8.285714285714286,
"2019-02-03 00:00:00",0,0,0,0,5,7.428571428571429,
"2019-02-04 00:00:00",0,1,1,0,9,7.142857142857143,
"2019-02-05 00:00:00",0,0,0,0,5,7,
"2019-02-06 00:00:00",0,2,0,0,9,7.285714285714286,
"2019-02-07 00:00:00",0,3,0,0,11,8.857142857142858,
"2019-02-08 00:00:00",0,2,0,0,9,9,
"2019-02-09 00:00:00",0,0,0,0,6,9,
"2019-02-10 00:00:00",0,2,0,0,6,9.428571428571429,
"2019-02-11 00:00:00",0,1,0,0,9,9.285714285714286,
"2019-02-12 00:00:00",0,1,0,0,4,9.285714285714286,
"2019-02-13 00:00:00",0,1,0,0,6,8.714285714285714,
"2019-02-14 00:00:00",0,2,1,0,8,8.285714285714286,
"2019-02-15 00:00:00",0,3,0,0,7,8.142857142857142,
"2019-02-16 00:00:00",0,1,0,0,7,8.428571428571429,
"2019-02-17 00:00:00",0,1,0,0,12,9.142857142857142,
"2019-02-18 00:00:00",0,4,0,0,7,9.285714285714286,
"2019-02-19 00:00:00",0,0,1,0,7,9.714285714285714,
"2019-02-20 00:00:00",0,3,0,0,3,9.571428571428571,
"2019-02-21 00:00:00",0,1,0,0,9,9.428571428571429,
"2019-02-22 00:00:00",0,1,0,0,7,9.142857142857142,
"2019-02-23 00:00:00",0,3,0,0,10,9.857142857142858,
"2019-02-24 00:00:00",0,1,0,0,8,9.285714285714286,
"2019-02-25 00:00:00",0,0,0,0,4,8.285714285714286,
"2019-02-26 00:00:00",0,0,0,0,12,8.857142857142858,
"2019-02-27 00:00:00",0,1,0,0,6,9,
"2019-02-28 00:00:00",0,2,0,0,6,8.714285714285714,
"2019-03-01 00:00:00",0,0,0,0,12,9.285714285714286,
"2019-03-02 00:00:00",0,0,0,0,7,8.428571428571429,
"2019-03-03 00:00:00",0,2,0,0,7,8.428571428571429,
"2019-03-04 00:00:00",0,1,0,0,8,9.142857142857142,
"2019-03-05 00:00:00",0,3,0,0,12,9.571428571428571,
"2019-03-06 00:00:00",0,1,0,0,7,9.714285714285714,
"2019-03-07 00:00:00",0,0,0,0,8,9.714285714285714,
"2019-03-08 00:00:00",0,0,0,0,12,9.714285714285714,
"2019-03-09 00:00:00",0,2,0,0,8,10.142857142857142,
"2019-03-10 00:00:00",0,0,0,0,4,9.428571428571429,
"2019-03-11 00:00:00",0,2,0,0,9,9.714285714285714,
"2019-03-12 00:00:00",0,0,0,0,8,8.714285714285714,
"2019-03-13 00:00:00",0,2,1,0,8,9.142857142857142,
"2019-03-14 00:00:00",0,0,0,0,8,9.142857142857142,
"2019-03-15 00:00:00",0,2,0,0,6,8.571428571428571,
"2019-03-16 00:00:00",0,1,0,0,11,8.857142857142858,
"2019-03-17 00:00:00",0,0,0,0,5,9,
"2019-03-18 00:00:00",0,1,0,0,8,8.714285714285714,
"2019-03-19 00:00:00",0,1,0,0,9,9,
"2019-03-20 00:00:00",0,0,0,0,8,8.571428571428571,
"2019-03-21 00:00:00",0,0,0,0,10,8.857142857142858,
"2019-03-22 00:00:00",0,1,0,0,4,8.428571428571429,
"2019-03-23 00:00:00",0,0,0,0,6,7.571428571428571,
"2019-03-24 00:00:00",0,1,0,0,7,8,
"2019-03-25 00:00:00",0,1,0,0,9,8.142857142857142,
"2019-03-26 00:00:00",0,1,1,0,12,8.714285714285714,
"2019-03-27 00:00:00",0,1,0,0,10,9.142857142857142,
"2019-03-28 00:00:00",0,0,0,0,7,8.714285714285714,
"2019-03-29 00:00:00",0,1,0,0,8,9.285714285714286,
"2019-03-30 00:00:00",0,0,0,0,5,9.142857142857142,
"2019-03-31 00:00:00",0,1,0,0,7,9.142857142857142,
"2019-04-01 00:00:00",0,2,0,0,11,9.571428571428571,
"2019-04-02 00:00:00",0,2,0,0,6,8.714285714285714,
"2019-04-03 00:00:00",0,0,0,0,10,8.571428571428571,
"2019-04-04 00:00:00",0,0,0,0,8,8.714285714285714,
"2019-04-05 00:00:00",0,0,1,0,6,8.428571428571429,
"2019-04-06 00:00:00",0,0,0,0,8,8.857142857142858,
"2019-04-07 00:00:00",0,2,0,0,11,9.571428571428571,
"2019-04-08 00:00:00",0,1,1,0,4,8.571428571428571,
"2019-04-09 00:00:00",0,0,0,0,9,8.714285714285714,
"2019-04-10 00:00:00",0,2,0,0,8,8.714285714285714,
"2019-04-11 00:00:00",0,1,0,0,7,8.714285714285714,
"2019-04-12 00:00:00",0,1,0,0,7,8.857142857142858,
"2019-04-13 00:00:00",0,1,0,0,9,9.142857142857142,
"2019-04-14 00:00:00",0,1,0,0,5,8.142857142857142,
"2019-04-15 00:00:00",0,3,0,0,9,9,
"2019-04-16 00:00:00",0,3,0,0,10,9.571428571428571,
"2019-04-17 00:00:00",0,1,0,0,9,9.571428571428571,
"2019-04-18 00:00:00",0,2,0,0,8,9.857142857142858,
"2019-04-19 00:00:00",0,2,0,0,6,9.857142857142858,
"2019-04-20 00:00:00",0,3,0,0,11,10.428571428571429,
"2019-04-21 00:00:00",0,1,0,0,7,10.714285714285714,
"2019-04-22 00:00:00",0,0,0,0,10,10.428571428571429,
"2019-04-23 00:00:00",0,1,0,0,11,10.285714285714286,
"2019-04-24 00:00:00",0,1,1,0,11,10.714285714285714,
"2019-04-25 00:00:00",0,1,0,0,9,10.714285714285714,
"2019-04-26 00:00:00",0,0,0,0,7,10.571428571428571,
"2019-04-27 00:00:00",0,2,0,0,5,9.571428571428571,
"2019-04-28 00:00:00",0,1,0,0,11,10.142857142857142,
"2019-04-29 00:00:00",0,2,0,0,9,10.285714285714286,
"2019-04-30 00:00:00",0,1,0,0,3,9.142857142857142,
"2019-05-01 00:00:00",0,1,0,0,9,8.714285714285714,
"2019-05-02 00:00:00",0,2,0,0,5,8.285714285714286,
"2019-05-03 00:00:00",0,0,0,0,8,8.428571428571429,
"2019-05-04 00:00:00",0,2,0,0,7,8.714285714285714,
"2019-05-05 00:00:00",0,1,0,0,8,8.285714285714286,
"2019-05-06 00:00:00",0,1,0,0,8,8,
"2019-05-07 00:00:00",0,2,0,0,8,8.857142857142858,
"2019-05-08 00:00:00",0,0,0,0,5,8.142857142857142,
"2019-05-09 00:00:00",0,2,0,0,9,8.714285714285714,
"2019-05-10 00:00:00",0,0,0,0,9,8.857142857142858,
"2019-05-11 00:00:00",0,1,0,0,11,9.285714285714286,
"2019-05-12 00:00:00",0,2,0,0,5,9,
"2019-05-13 00:00:00",0,0,0,0,9,9,
"2019-05-14 00:00:00",0,1,0,0,6,8.571428571428571,
"2019-05-15 00:00:00",0,2,0,0,5,8.857142857142858,
"2019-05-16 00:00:00",0,1,0,0,12,9.142857142857142,
"2019-05-17 00:00:00",0,2,0,0,10,9.571428571428571,
"2019-05-18 00:00:00",0,2,0,0,5,8.857142857142858,
"2019-05-19 00:00:00",0,0,0,0,6,8.714285714285714,
"2019-05-20 00:00:00",0,1,1,0,7,8.714285714285714,
"2019-05-21 00:00:00",0,0,0,0,8,8.857142857142858,
"2019-05-22 00:00:00",0,0,0,0,8,9,
"2019-05-23 00:00:00",0,2,0,0,9,8.714285714285714,
"2019-05-24 00:00:00",0,0,0,0,7,8,
"2019-05-25 00:00:00",0,3,0,0,12,9.142857142857142,
"2019-05-26 00:00:00",0,1,0,0,8,9.571428571428571,
"2019-05-27 00:00:00",0,1,0,0,6,9.285714285714286,
"2019-05-28 00:00:00",0,1,0,0,3,8.714285714285714,
"2019-05-29 00:00:00",0,2,0,0,10,9.285714285714286,
"2019-05-30 00:00:00",0,2,0,0,8,9.142857142857142,
"2019-05-31 00:00:00",0,2,0,0,9,9.714285714285714,
"2019-06-01 00:00:00",0,2,0,0,8,9,
"2019-06-02 00:00:00",0,1,0,0,5,8.571428571428571,
"2019-06-03 00:00:00",0,2,0,0,9,9.142857142857142,
"2019-06-04 00:00:00",0,0,0,0,9,9.857142857142858,
"2019-06-05 00:00:00",0,1,0,0,5,9,
"2019-06-06 00:00:00",0,1,0,0,6,8.571428571428571,
"2019-06-07 00:00:00",0,1,1,0,6,8.142857142857142,
"2019-06-08 00:00:00",0,0,0,0,10,8.142857142857142,
"2019-06-09 00:00:00",0,1,0,0,9,8.714285714285714,
"2019-06-10 00:00:00",0,2,0,0,5,8.142857142857142,
"2019-06-11 00:00:00",0,2,0,0,11,8.714285714285714,
"2019-06-12 00:00:00",0,1,0,0,8,9.142857142857142,
"2019-06-13 00:00:00",0,1,0,0,5,9,
"2019-06-14 00:00:00",0,2,0,0,9,9.428571428571429,
"2019-06-15 00:00:00",0,3,0,0,6,9.285714285714286,
"2019-06-16 00:00:00",0,0,0,0,4,8.428571428571429,
"2019-06-17 00:00:00",0,2,0,0,8,8.857142857142858,
"2019-06-18 00:00:00",0,0,0,0,7,8,
"2019-06-19 00:00:00",0,1,0,0,10,8.285714285714286,
"2019-06-20 00:00:00",0,0,0,0,8,8.571428571428571,
"2019-06-21 00:00:00",0,0,0,0,6,7.857142857142857,
"2019-06-22 00:00:00",0,1,0,0,8,7.857142857142857,
"2019-06-23 00:00:00",0,1,0,0,8,8.571428571428571,
"2019-06-24 00:00:00",0,0,0,0,10,8.571428571428571,
"2019-06-25 00:00:00",0,1,0,0,10,9.142857142857142,
"2019-06-26 00:00:00",0,0,0,0,8,8.714285714285714,
"2019-06-27 00:00:00",0,0,0,0,9,8.857142857142858,
"2019-06-28 00:00:00",0,2,0,0,7,9.285714285714286,
"2019-06-29 00:00:00",0,0,1,0,9,9.428571428571429,
"2019-06-30 00:00:00",0,1,0,0,6,9.142857142857142,
"2019-07-01 00:00:00",0,1,0,0,8,9,
"2019-07-02 00:00:00",0,1,0,0,8,8.714285714285714,
"2019-07-03 00:00:00",0,0,0,0,5,8.285714285714286,
"2019-07-04 00:00:00",0,1,0,0,6,8,
"2019-07-05 00:00:00",0,1,0,0,9,8.142857142857142,
"2019-07-06 00:00:00",0,2,0,0,4,7.571428571428571,
"2019-07-07 00:00:00",0,2,0,0,8,8,
"2019-07-08 00:00:00",0,1,0,0,9,8.142857142857142,
"2019-07-09 00:00:00",0,1,0,0,6,7.857142857142857,
"2019-07-10 00:00:00",0,1,0,0,5,8,
"2019-07-11 00:00:00",0,1,0,0,5,7.857142857142857,
"2019-07-12 00:00:00",0,2,0,0,10,8.142857142857142,
"2019-07-13 00:00:00",0,1,0,0,9,8.714285714285714,
"2019-07-14 00:00:00",0,1,0,0,6,8.285714285714286,
"2019-07-15 00:00:00",0,0,0,0,11,8.428571428571429,
"2019-07-16 00:00:00",0,1,0,0,7,8.571428571428571,
"2019-07-17 00:00:00",0,2,0,0,6,8.857142857142858,
"2019-07-18 00:00:00",0,2,0,0,10,9.714285714285714,
"2019-07-19 00:00:00",0,1,0,0,5,8.857142857142858,
"2019-07-20 00:00:00",0,0,0,0,10,8.857142857142858,
"2019-07-21 00:00:00",0,2,0,0,7,9.142857142857142,
"2019-07-22 00:00:00",0,2,0,0,6,8.714285714285714,
"2019-07-23 00:00:00",0,1,0,0,5,8.428571428571429,
"2019-07-24 00:00:00",0,0,0,0,7,8.285714285714286,
"2019-07-25 00:00:00",0,1,1,0,11,8.428571428571429,
"2019-07-26 00:00:00",0,1,0,0,3,8.142857142857142,
"2019-07-27 00:00:00",0,0,0,0,7,7.714285714285714,
"2019-07-28 00:00:00",0,0,0,0,4,7,
"2019-07-29 00:00:00",0,1,0,0,11,7.571428571428571,
"2019-07-30 00:00:00",0,0,0,0,8,7.857142857142857,
"2019-07-31 00:00:00",0,0,1,0,3,7.428571428571429,
"2019-08-01 00:00:00",0,1,0,0,9,7,
"2019-08-02 00:00:00",0,1,0,0,6,7.428571428571429,
"2019-08-03 00:00:00",0,2,0,0,8,7.857142857142857,
"2019-08-04 00:00:00",0,0,0,0,1,7.428571428571429,
"2019-08-05 00:00:00",1,2,0,0,16,8.428571428571429,
"2019-08-06 00:00:00",0,1,0,0,5,8.142857142857142,
"2019-08-07 00:00:00",0,2,1,0,7,9,
"2019-08-08 00:00:00",0,1,0,0,10,9.142857142857142,
"2019-08-09 00:00:00",0,1,0,0,8,9.428571428571429,
"2019-08-10 00:00:00",0,2,0,0,11,9.857142857142858,
"2019-08-11 00:00:00",0,1,0,0,6,10.714285714285714,
"2019-08-12 00:00:00",0,0,0,0,10,9.428571428571429,
"2019-08-13 00:00:00",0,2,0,0,6,9.714285714285714,
"2019-08-14 00:00:00",0,1,0,0,10,9.857142857142858,
"2019-08-15 00:00:00",0,1,0,0,6,9.285714285714286,
"2019-08-16 00:00:00",0,0,0,0,4,8.571428571428571,
"2019-08-17 00:00:00",0,1,0,0,11,8.428571428571429,
"2019-08-18 00:00:00",0,1,0,0,5,8.285714285714286,
"2019-08-19 00:00:00",0,2,0,0,9,8.428571428571429,
"2019-08-20 00:00:00",0,1,0,0,4,8,
"2019-08-21 00:00:00",0,2,1,0,5,7.571428571428571,
"2019-08-22 00:00:00",0,1,0,0,3,7.142857142857143,
"2019-08-23 00:00:00",0,1,0,0,9,8,
"2019-08-24 00:00:00",0,1,0,0,11,8,
"2019-08-25 00:00:00",0,1,0,0,7,8.285714285714286,
"2019-08-26 00:00:00",0,0,0,0,10,8.142857142857142,
"2019-08-27 00:00:00",0,1,0,0,5,8.285714285714286,
"2019-08-28 00:00:00",0,1,0,0,12,9,
"2019-08-29 00:00:00",0,1,0,0,10,10,
"2019-08-30 00:00:00",0,0,1,0,6,9.571428571428571,
"2019-08-31 00:00:00",0,1,0,0,7,9,
"2019-09-01 00:00:00",0,0,0,0,5,8.571428571428571,
"2019-09-02 00:00:00",0,3,0,0,2,7.857142857142857,
"2019-09-03 00:00:00",0,2,0,0,6,8.142857142857142,
"2019-09-04 00:00:00",0,1,0,0,9,7.714285714285714,
"2019-09-05 00:00:00",0,0,1,0,11,7.857142857142857,
"2019-09-06 00:00:00",0,0,0,0,6,7.714285714285714,
"2019-09-07 00:00:00",0,0,1,0,7,7.714285714285714,
"2019-09-08 00:00:00",0,1,0,0,3,7.571428571428571,
"2019-09-09 00:00:00",0,2,0,0,8,8.285714285714286,
"2019-09-10 00:00:00",0,0,0,0,7,8.142857142857142,
"2019-09-11 00:00:00",0,2,0,0,8,8.142857142857142,
"2019-09-12 00:00:00",0,0,0,0,8,7.571428571428571,
"2019-09-13 00:00:00",0,2,0,0,7,8,
"2019-09-14 00:00:00",0,1,0,0,7,8,
"2019-09-15 00:00:00",0,1,0,0,7,8.571428571428571,
"2019-09-16 00:00:00",0,1,0,0,12,9,
"2019-09-17 00:00:00",0,1,0,0,9,9.428571428571429,
"2019-09-18 00:00:00",0,2,0,0,7,9.285714285714286,
"2019-09-19 00:00:00",0,1,0,0,7,9.285714285714286,
"2019-09-20 00:00:00",0,1,0,0,13,10,
"2019-09-21 00:00:00",0,3,0,0,5,10,
"2019-09-22 00:00:00",0,0,0,0,8,10,
"2019-09-23 00:00:00",0,1,0,0,12,10,
"2019-09-24 00:00:00",0,0,1,0,10,10.142857142857142,
"2019-09-25 00:00:00",0,3,0,0,10,10.714285714285714,
"2019-09-26 00:00:00",0,0,1,0,5,10.428571428571429,
"2019-09-27 00:00:00",0,2,0,0,8,9.857142857142858,
"2019-09-28 00:00:00",0,2,0,0,8,10.142857142857142,
"2019-09-29 00:00:00",0,1,0,0,8,10.285714285714286,
"2019-09-30 00:00:00",0,1,0,0,12,10.285714285714286,
"2019-10-01 00:00:00",0,0,0,0,11,10.285714285714286,
"2019-10-02 00:00:00",0,2,0,0,9,10,
"2019-10-03 00:00:00",0,2,0,0,9,10.714285714285714,
"2019-10-04 00:00:00",0,0,0,0,8,10.428571428571429,
"2019-10-05 00:00:00",0,0,1,0,7,10.142857142857142,
"2019-10-06 00:00:00",0,0,0,0,5,9.571428571428571,
"2019-10-07 00:00:00",0,0,0,0,12,9.428571428571429,
"2019-10-08 00:00:00",0,1,0,0,8,9.142857142857142,
"2019-10-09 00:00:00",0,1,0,0,10,9.142857142857142,
"2019-10-10 00:00:00",0,1,0,0,5,8.428571428571429,
"2019-10-11 00:00:00",0,1,0,0,11,9,
"2019-10-12 00:00:00",0,2,0,0,7,9.142857142857142,
"2019-10-13 00:00:00",0,2,0,0,7,9.714285714285714,
"2019-10-14 00:00:00",0,1,0,0,9,9.428571428571429,
"2019-10-15 00:00:00",0,0,0,0,5,8.857142857142858,
"2019-10-16 00:00:00",0,1,1,0,7,8.571428571428571,
"2019-10-17 00:00:00",0,1,0,0,14,9.857142857142858,
"2019-10-18 00:00:00",0,2,0,0,10,9.857142857142858,
"2019-10-19 00:00:00",0,2,0,0,9,10.142857142857142,
"2019-10-20 00:00:00",0,0,1,0,11,10.571428571428571,
"2019-10-21 00:00:00",0,2,0,0,9,10.714285714285714,
"2019-10-22 00:00:00",0,0,0,0,8,11.142857142857142,
"2019-10-23 00:00:00",0,1,0,0,7,11,
"2019-10-24 00:00:00",0,2,1,0,7,10.285714285714286,
"2019-10-25 00:00:00",0,0,1,0,11,10.285714285714286,
"2019-10-26 00:00:00",0,3,0,0,11,10.714285714285714,
"2019-10-27 00:00:00",0,1,0,0,10,10.571428571428571,
"2019-10-28 00:00:00",0,0,0,0,7,10,
"2019-10-29 00:00:00",0,2,0,0,3,9.571428571428571,
"2019-10-30 00:00:00",0,0,0,0,4,9,
"2019-10-31 00:00:00",0,2,0,0,6,8.714285714285714,
"2019-11-01 00:00:00",1,0,0,0,9,8.428571428571429,
"2019-11-02 00:00:00",0,1,0,0,15,8.714285714285714,
"2019-11-03 00:00:00",0,2,0,0,5,8.142857142857142,
"2019-11-04 00:00:00",0,0,0,0,10,8.571428571428571,
"2019-11-05 00:00:00",0,1,0,0,9,9.285714285714286,
"2019-11-06 00:00:00",0,1,0,0,6,9.714285714285714,
"2019-11-07 00:00:00",0,2,0,0,10,10.285714285714286,
"2019-11-08 00:00:00",0,2,1,0,11,10.857142857142858,
"2019-11-09 00:00:00",0,0,0,0,4,9.142857142857142,
"2019-11-10 00:00:00",0,2,0,0,7,9.428571428571429,
"2019-11-11 00:00:00",0,0,0,0,7,9,
"2019-11-12 00:00:00",0,1,0,0,7,8.714285714285714,
"2019-11-13 00:00:00",0,1,0,0,7,8.857142857142858,
"2019-11-14 00:00:00",0,2,0,0,5,8.142857142857142,
"2019-11-15 00:00:00",0,2,0,0,11,8,
"2019-11-16 00:00:00",0,0,0,0,10,8.857142857142858,
"2019-11-17 00:00:00",0,2,2,0,7,9.142857142857142,
"2019-11-18 00:00:00",0,0,0,0,8,9.285714285714286,
"2019-11-19 00:00:00",0,2,0,0,11,10,
"2019-11-20 00:00:00",0,0,0,0,8,10,
"2019-11-21 00:00:00",0,0,0,0,7,10,
"2019-11-22 00:00:00",0,1,0,0,6,9.142857142857142,
"2019-11-23 00:00:00",0,1,0,0,8,9,
"2019-11-24 00:00:00",0,3,0,0,11,9.428571428571429,
"2019-11-25 00:00:00",0,0,0,0,11,9.857142857142858,
"2019-11-26 00:00:00",0,1,0,0,5,8.857142857142858,
"2019-11-27 00:00:00",0,2,0,0,9,9.285714285714286,
"2019-11-28 00:00:00",0,1,0,0,10,9.857142857142858,
"2019-11-29 00:00:00",0,1,0,0,6,9.857142857142858,
"2019-11-30 00:00:00",1,1,0,0,13,10.714285714285714,
"2019-12-01 00:00:00",0,0,1,0,8,10,
"2019-12-02 00:00:00",1,2,1,0,6,9.857142857142858,
"2019-12-03 00:00:00",0,0,0,0,7,10,
"2019-12-04 00:00:00",0,1,0,0,10,10,
"2019-12-05 00:00:00",0,1,0,0,7,9.571428571428571,
"2019-12-06 00:00:00",0,0,0,0,12,10.285714285714286,
"2019-12-07 00:00:00",0,1,0,0,9,9.571428571428571,
"2019-12-08 00:00:00",0,1,0,0,5,9.142857142857142,
"2019-12-09 00:00:00",0,1,1,0,9,9.285714285714286,
"2019-12-10 00:00:00",0,1,0,0,5,9.142857142857142,
"2019-12-11 00:00:00",0,1,0,0,12,9.428571428571429,
"2019-12-12 00:00:00",0,0,1,0,4,9,
"2019-12-13 00:00:00",0,1,0,0,10,8.857142857142858,
"2019-12-14 00:00:00",0,1,1,0,10,9.142857142857142,
"2019-12-15 00:00:00",0,1,0,0,11,10,
"2019-12-16 00:00:00",0,1,0,0,5,9.285714285714286,
"2019-12-17 00:00:00",0,0,0,0,12,10.142857142857142,
"2019-12-18 00:00:00",0,1,0,0,5,9.142857142857142,
"2019-12-19 00:00:00",1,2,1,0,10,10.428571428571429,
"2019-12-20 00:00:00",0,0,1,0,9,10.285714285714286,
"2019-12-21 00:00:00",0,1,1,0,9,10.142857142857142,
"2019-12-22 00:00:00",0,1,0,0,7,9.571428571428571,
"2019-12-23 00:00:00",0,1,0,0,11,10.428571428571429,
"2019-12-24 00:00:00",0,0,0,0,11,10.285714285714286,
"2019-12-25 00:00:00",0,0,0,0,12,11.142857142857142,
"2019-12-26 00:00:00",0,2,0,0,12,11.142857142857142,
"2019-12-27 00:00:00",0,1,0,0,7,10.857142857142858,
"2019-12-28 00:00:00",0,0,1,0,13,11.285714285714286,
"2019-12-29 00:00:00",0,0,0,0,10,11.571428571428571,
"2019-12-30 00:00:00",0,1,0,0,5,10.714285714285714,
"2019-12-31 00:00:00",0,1,0,0,11,10.857142857142858,
"2020-01-01 00:00:00",0,0,0,0,10,10.571428571428571,
"2020-01-02 00:00:00",0,2,1,0,8,10.142857142857142,
"2020-01-03 00:00:00",0,0,0,0,9,10.285714285714286,
"2020-01-04 00:00:00",0,1,0,0,12,10.142857142857142,
"2020-01-05 00:00:00",0,2,0,0,7,10,
"2020-01-06 00:00:00",0,1,1,0,12,11.142857142857142,
"2020-01-07 00:00:00",0,1,0,0,10,11,8
"2020-01-08 00:00:00",0,1,0,0,6,10.571428571428571,7.714285714285714
"2020-01-09 00:00:00",0,2,0,0,4,9.857142857142858,8.428571428571429
"2020-01-10 00:00:00",0,0,0,0,4,9.142857142857142,8.571428571428571
"2020-01-11 00:00:00",0,2,0,0,7,8.571428571428571,8.428571428571429
"2020-01-12 00:00:00",0,0,0,0,8,8.428571428571429,8.857142857142858
"2020-01-13 00:00:00",0,2,0,0,11,8.285714285714286,8.714285714285714
"2020-01-14 00:00:00",0,0,1,0,11,8.428571428571429,8
"2020-01-15 00:00:00",0,1,0,0,5,8.285714285714286,7.857142857142857
"2020-01-16 00:00:00",0,1,1,0,7,8.714285714285714,7.285714285714286
"2020-01-17 00:00:00",0,1,0,0,9,9.571428571428571,7.571428571428571
"2020-01-18 00:00:00",0,2,0,0,9,9.857142857142858,7.285714285714286
"2020-01-19 00:00:00",0,0,0,0,9,10,7
"2020-01-20 00:00:00",1,2,0,0,6,9.428571428571429,8
"2020-01-21 00:00:00",0,1,1,0,8,9.142857142857142,8.428571428571429
"2020-01-22 00:00:00",0,1,0,0,9,9.714285714285714,9.571428571428571
"2020-01-23 00:00:00",0,1,0,0,8,9.714285714285714,9.142857142857142
"2020-01-24 00:00:00",0,3,0,0,11,10.285714285714286,8.857142857142858
"2020-01-25 00:00:00",0,0,0,0,8,9.857142857142858,9.285714285714286
"2020-01-26 00:00:00",0,0,0,0,10,10,9.428571428571429
"2020-01-27 00:00:00",0,0,0,0,17,11.142857142857142,9
"2020-01-28 00:00:00",0,2,0,0,9,11.285714285714286,9.571428571428571
"2020-01-29 00:00:00",1,1,0,0,10,11.571428571428571,8.285714285714286
"2020-01-30 00:00:00",0,1,1,0,7,11.571428571428571,8.857142857142858
"2020-01-31 00:00:00",0,1,0,0,6,10.571428571428571,8.428571428571429
"2020-02-01 00:00:00",0,1,0,0,9,10.857142857142858,8.571428571428571
"2020-02-02 00:00:00",0,1,0,0,8,10.714285714285714,8.285714285714286
"2020-02-03 00:00:00",0,2,0,0,5,9.285714285714286,7.428571428571429
"2020-02-04 00:00:00",0,1,0,0,8,9,7.142857142857143
"2020-02-05 00:00:00",0,0,1,0,8,8.571428571428571,7
"2020-02-06 00:00:00",0,2,0,0,8,8.714285714285714,7.285714285714286
"2020-02-07 00:00:00",0,1,0,0,8,9,8.857142857142858
"2020-02-08 00:00:00",0,1,0,0,9,9,9
"2020-02-09 00:00:00",0,1,0,0,7,8.857142857142858,9
"2020-02-10 00:00:00",0,1,0,0,11,9.571428571428571,9.428571428571429
"2020-02-11 00:00:00",0,0,0,0,8,9.428571428571429,9.285714285714286
"2020-02-12 00:00:00",0,1,0,0,12,10,9.285714285714286
"2020-02-13 00:00:00",0,1,2,0,9,10.285714285714286,8.714285714285714
"2020-02-14 00:00:00",0,1,0,0,9,10.428571428571429,8.285714285714286
"2020-02-15 00:00:00",0,1,0,0,9,10.428571428571429,8.142857142857142
"2020-02-16 00:00:00",0,2,0,0,14,11.571428571428571,8.428571428571429
"2020-02-17 00:00:00",0,0,0,0,6,10.714285714285714,9.142857142857142
"2020-02-18 00:00:00",0,1,1,0,6,10.714285714285714,9.285714285714286
"2020-02-19 00:00:00",0,1,0,0,8,10.142857142857142,9.714285714285714
"2020-02-20 00:00:00",0,2,0,0,11,10.285714285714286,9.571428571428571
"2020-02-21 00:00:00",0,0,0,0,8,10,9.428571428571429
"2020-02-22 00:00:00",0,2,0,0,6,9.714285714285714,9.142857142857142
"2020-02-23 00:00:00",0,0,0,0,8,8.571428571428571,9.857142857142858
"2020-02-24 00:00:00",0,2,0,0,11,9.571428571428571,9.285714285714286
"2020-02-25 00:00:00",0,1,1,0,8,9.857142857142858,8.285714285714286
"2020-02-26 00:00:00",0,0,0,0,7,9.571428571428571,8.857142857142858
"2020-02-27 00:00:00",0,0,0,0,7,8.714285714285714,9
"2020-02-28 00:00:00",0,0,0,0,6,8.428571428571429,8.714285714285714
"2020-02-29 00:00:00",0,0,0,0,9,8.571428571428571,9.285714285714286
"2020-03-01 00:00:00",0,2,0,0,7,8.714285714285714,8.428571428571429
"2020-03-02 00:00:00",0,1,0,0,12,8.714285714285714,8.428571428571429
"2020-03-03 00:00:00",1,0,2,0,11,9.285714285714286,9.142857142857142
"2020-03-04 00:00:00",0,0,0,0,7,9.285714285714286,9.571428571428571
"2020-03-05 00:00:00",0,0,0,0,5,9,9.714285714285714
"2020-03-06 00:00:00",0,1,0,0,9,9.571428571428571,9.714285714285714
"2020-03-07 00:00:00",0,1,0,0,8,9.571428571428571,9.714285714285714
"2020-03-08 00:00:00",0,1,0,0,7,9.428571428571429,10.142857142857142
"2020-03-09 00:00:00",0,0,0,0,9,8.857142857142858,9.428571428571429
"2020-03-10 00:00:00",0,0,0,0,9,8.142857142857142,9.714285714285714
"2020-03-11 00:00:00",0,3,0,0,7,8.571428571428571,8.714285714285714
"2020-03-12 00:00:00",0,1,0,0,9,9.285714285714286,9.142857142857142
"2020-03-13 00:00:00",0,1,0,0,9,9.285714285714286,9.142857142857142
"2020-03-14 00:00:00",0,0,0,0,9,9.285714285714286,8.571428571428571
"2020-03-15 00:00:00",0,2,0,0,6,9.285714285714286,8.857142857142858
"2020-03-16 00:00:00",0,0,0,0,7,9,9
"2020-03-17 00:00:00",0,2,0,0,12,9.714285714285714,8.714285714285714
"2020-03-18 00:00:00",0,0,1,0,8,9.571428571428571,9
"2020-03-19 00:00:00",0,2,0,0,7,9.428571428571429,8.571428571428571
"2020-03-20 00:00:00",0,0,0,0,8,9.142857142857142,8.857142857142858
"2020-03-21 00:00:00",0,2,0,0,8,9.285714285714286,8.428571428571429
"2020-03-22 00:00:00",0,1,0,0,3,8.714285714285714,7.571428571428571
"2020-03-23 00:00:00",0,0,0,0,5,8.428571428571429,8
"2020-03-24 00:00:00",0,1,0,0,16,8.857142857142858,8.142857142857142
"2020-03-25 00:00:00",0,0,1,0,10,9.142857142857142,8.714285714285714
"2020-03-26 00:00:00",0,0,0,0,8,9,9.142857142857142
"2020-03-27 00:00:00",0,0,0,0,12,9.571428571428571,8.714285714285714
"2020-03-28 00:00:00",0,0,0,0,5,8.857142857142858,9.285714285714286
"2020-03-29 00:00:00",0,1,0,0,7,9.428571428571429,9.142857142857142
"2020-03-30 00:00:00",0,0,0,0,7,9.714285714285714,9.142857142857142
"2020-03-31 00:00:00",0,1,0,0,10,8.857142857142858,9.571428571428571
"2020-04-01 00:00:00",0,0,0,0,5,8,8.714285714285714
"2020-04-02 00:00:00",0,0,0,0,11,8.428571428571429,8.571428571428571
"2020-04-03 00:00:00",0,0,0,0,10,8.142857142857142,8.714285714285714
"2020-04-04 00:00:00",0,0,0,0,13,9.285714285714286,8.428571428571429
"2020-04-05 00:00:00",0,1,0,0,6,9.142857142857142,8.857142857142858
"2020-04-06 00:00:00",0,1,0,0,10,9.714285714285714,9.571428571428571
"2020-04-07 00:00:00",0,1,0,0,6,9.142857142857142,8.571428571428571
"2020-04-08 00:00:00",0,0,0,0,12,10.142857142857142,8.714285714285714
"2020-04-09 00:00:00",0,0,0,0,7,9.571428571428571,8.714285714285714
"2020-04-10 00:00:00",0,1,0,0,7,9.285714285714286,8.714285714285714
"2020-04-11 00:00:00",0,2,0,0,8,8.857142857142858,8.857142857142858
"2020-04-12 00:00:00",0,0,0,0,9,9.142857142857142,9.142857142857142
"2020-04-13 00:00:00",0,3,0,0,7,9,8.142857142857142
"2020-04-14 00:00:00",0,0,0,0,6,8.857142857142858,9
"2020-04-15 00:00:00",0,0,0,0,7,8.142857142857142,9.571428571428571
"2020-04-16 00:00:00",0,0,0,0,8,8.285714285714286,9.571428571428571
"2020-04-17 00:00:00",0,0,0,0,8,8.285714285714286,9.857142857142858
"2020-04-18 00:00:00",0,2,0,0,10,8.571428571428571,9.857142857142858
"2020-04-19 00:00:00",0,0,0,0,4,7.857142857142857,10.428571428571429
"2020-04-20 00:00:00",0,1,0,0,9,7.857142857142857,10.714285714285714
"2020-04-21 00:00:00",0,0,1,0,7,8.142857142857142,10.428571428571429
"2020-04-22 00:00:00",0,0,0,0,7,8.142857142857142,10.285714285714286
"2020-04-23 00:00:00",0,0,0,0,4,7.571428571428571,10.714285714285714
"2020-04-24 00:00:00",0,1,0,0,8,7.714285714285714,10.714285714285714
"2020-04-25 00:00:00",0,1,0,0,11,7.714285714285714,10.571428571428571
"2020-04-26 00:00:00",0,0,0,0,9,8.428571428571429,9.571428571428571
"2020-04-27 00:00:00",0,0,0,0,5,7.714285714285714,10.142857142857142
"2020-04-28 00:00:00",0,1,0,0,10,8.142857142857142,10.285714285714286
"2020-04-29 00:00:00",0,0,0,0,7,8.142857142857142,9.142857142857142
"2020-04-30 00:00:00",0,1,0,0,8,8.857142857142858,8.714285714285714
"2020-05-01 00:00:00",0,0,0,0,7,8.571428571428571,8.285714285714286
"2020-05-02 00:00:00",0,0,0,0,8,8,8.428571428571429
"2020-05-03 00:00:00",0,1,0,0,5,7.571428571428571,8.714285714285714
"2020-05-04 00:00:00",0,1,0,0,8,8.142857142857142,8.285714285714286
"2020-05-05 00:00:00",0,0,0,0,6,7.428571428571429,8
"2020-05-06 00:00:00",0,2,0,0,11,8.285714285714286,8.857142857142858
"2020-05-07 00:00:00",0,0,0,0,7,8,8.142857142857142
"2020-05-08 00:00:00",0,1,0,0,6,8,8.714285714285714
"2020-05-09 00:00:00",0,1,0,0,8,8.142857142857142,8.857142857142858
"2020-05-10 00:00:00",0,0,0,0,8,8.428571428571429,9.285714285714286
"2020-05-11 00:00:00",0,0,0,0,6,8,9
"2020-05-12 00:00:00",0,1,0,0,5,8,9
"2020-05-13 00:00:00",0,0,0,0,8,7.285714285714286,8.571428571428571
"2020-05-14 00:00:00",0,2,0,0,9,7.857142857142857,8.857142857142858
"2020-05-15 00:00:00",0,0,1,0,11,8.571428571428571,9.142857142857142
"2020-05-16 00:00:00",0,0,0,0,6,8.142857142857142,9.571428571428571
"2020-05-17 00:00:00",0,1,0,0,5,7.857142857142857,8.857142857142858
"2020-05-18 00:00:00",0,0,0,0,7,8,8.714285714285714
"2020-05-19 00:00:00",0,0,0,0,7,8.142857142857142,8.714285714285714
"2020-05-20 00:00:00",0,1,0,0,8,8.285714285714286,8.857142857142858
"2020-05-21 00:00:00",0,1,0,0,8,8,9
"2020-05-22 00:00:00",0,0,0,0,7,7.285714285714286,8.714285714285714
"2020-05-23 00:00:00",0,1,0,0,8,7.714285714285714,8
"2020-05-24 00:00:00",0,1,0,0,5,7.714285714285714,9.142857142857142
"2020-05-25 00:00:00",0,1,0,0,2,7.142857142857143,9.571428571428571
"2020-05-26 00:00:00",0,1,0,0,7,7.285714285714286,9.285714285714286
"2020-05-27 00:00:00",0,2,0,0,7,7.285714285714286,8.714285714285714
"2020-05-28 00:00:00",0,0,0,0,9,7.285714285714286,9.285714285714286
"2020-05-29 00:00:00",0,1,0,0,3,6.857142857142857,9.142857142857142
"2020-05-30 00:00:00",0,1,0,0,7,6.714285714285714,9.714285714285714
"2020-05-31 00:00:00",0,1,0,0,8,7.142857142857143,9
"2020-06-01 00:00:00",0,1,0,0,2,7.142857142857143,8.571428571428571
"2020-06-02 00:00:00",0,0,0,0,6,6.857142857142857,9.142857142857142
"2020-06-03 00:00:00",0,1,0,0,8,6.857142857142857,9.857142857142858
"2020-06-04 00:00:00",0,1,0,0,4,6.285714285714286,9
"2020-06-05 00:00:00",0,1,0,0,11,7.428571428571429,8.571428571428571
"2020-06-06 00:00:00",0,2,0,0,6,7.428571428571429,8.142857142857142
"2020-06-07 00:00:00",1,0,0,0,9,7.571428571428571,8.142857142857142
"2020-06-08 00:00:00",0,1,0,0,2,7.571428571428571,8.714285714285714
"2020-06-09 00:00:00",0,1,0,0,9,8.142857142857142,8.142857142857142
"2020-06-10 00:00:00",0,0,1,0,6,7.857142857142857,8.714285714285714
"2020-06-11 00:00:00",0,0,0,0,7,8.142857142857142,9.142857142857142
"2020-06-12 00:00:00",0,1,0,0,7,7.571428571428571,9
"2020-06-13 00:00:00",0,0,0,0,7,7.428571428571429,9.428571428571429
"2020-06-14 00:00:00",0,0,0,0,3,6.428571428571429,9.285714285714286
"2020-06-15 00:00:00",0,2,0,0,6,7.142857142857143,8.428571428571429
"2020-06-16 00:00:00",0,1,0,0,8,7,8.857142857142858
"2020-06-17 00:00:00",0,1,0,0,6,7,8
"2020-06-18 00:00:00",0,1,0,0,7,7.142857142857143,8.285714285714286
"2020-06-19 00:00:00",0,0,0,0,3,6.428571428571429,8.571428571428571
"2020-06-20 00:00:00",0,3,0,0,10,7.285714285714286,7.857142857142857
"2020-06-21 00:00:00",0,0,0,0,4,7.428571428571429,7.857142857142857
"2020-06-22 00:00:00",0,1,0,0,6,7.285714285714286,8.571428571428571
"2020-06-23 00:00:00",0,0,1,0,5,6.857142857142857,8.571428571428571
"2020-06-24 00:00:00",0,1,0,0,9,7.285714285714286,9.142857142857142
"2020-06-25 00:00:00",0,1,0,0,4,6.857142857142857,8.714285714285714
"2020-06-26 00:00:00",0,0,0,0,9,7.714285714285714,8.857142857142858
"2020-06-27 00:00:00",0,0,0,0,7,6.857142857142857,9.285714285714286
"2020-06-28 00:00:00",0,0,0,0,4,6.857142857142857,9.428571428571429
"2020-06-29 00:00:00",0,1,0,0,6,6.857142857142857,9.142857142857142
"2020-06-30 00:00:00",0,0,0,0,5,6.714285714285714,9
"2020-07-01 00:00:00",0,1,0,0,9,6.714285714285714,8.714285714285714
"2020-07-02 00:00:00",0,0,0,0,5,6.714285714285714,8.285714285714286
"2020-07-03 00:00:00",0,0,0,0,6,6.285714285714286,8
"2020-07-04 00:00:00",0,0,0,0,7,6.285714285714286,8.142857142857142
"2020-07-05 00:00:00",0,2,0,0,4,6.571428571428571,7.571428571428571
"2020-07-06 00:00:00",0,1,0,0,5,6.428571428571429,8
"2020-07-07 00:00:00",0,0,1,0,5,6.571428571428571,8.142857142857142
"2020-07-08 00:00:00",0,1,0,0,10,6.714285714285714,7.857142857142857
"2020-07-09 00:00:00",0,0,0,0,9,7.285714285714286,8
"2020-07-10 00:00:00",0,0,0,0,8,7.571428571428571,7.857142857142857
"2020-07-11 00:00:00",0,0,0,0,7,7.571428571428571,8.142857142857142
"2020-07-12 00:00:00",0,2,0,0,8,8.142857142857142,8.714285714285714
"2020-07-13 00:00:00",0,0,0,0,7,8.285714285714286,8.285714285714286
"2020-07-14 00:00:00",0,0,0,0,10,8.857142857142858,8.428571428571429
"2020-07-15 00:00:00",0,1,0,0,7,8.428571428571429,8.571428571428571
"2020-07-16 00:00:00",0,1,0,0,6,8.142857142857142,8.857142857142858
"2020-07-17 00:00:00",0,0,0,0,7,8,9.714285714285714
"2020-07-18 00:00:00",0,1,0,0,10,8.571428571428571,8.857142857142858
"2020-07-19 00:00:00",0,0,0,0,7,8.142857142857142,8.857142857142858
"2020-07-20 00:00:00",0,0,0,0,5,7.857142857142857,9.142857142857142
"2020-07-21 00:00:00",0,0,1,0,6,7.428571428571429,8.714285714285714
"2020-07-22 00:00:00",0,0,0,0,8,7.428571428571429,8.428571428571429
"2020-07-23 00:00:00",0,1,0,0,7,7.571428571428571,8.285714285714286
"2020-07-24 00:00:00",0,2,0,0,8,8,8.428571428571429
"2020-07-25 00:00:00",0,0,0,0,6,7.285714285714286,8.142857142857142
"2020-07-26 00:00:00",0,1,0,0,4,7,7.714285714285714
"2020-07-27 00:00:00",0,2,0,0,7,7.571428571428571,7
"2020-07-28 00:00:00",0,1,0,0,2,7,7.571428571428571
"2020-07-29 00:00:00",0,1,0,0,9,7.285714285714286,7.857142857142857
"2020-07-30 00:00:00",0,1,0,0,7,7.285714285714286,7.428571428571429
"2020-07-31 00:00:00",0,0,0,0,7,6.857142857142857,7
"2020-08-01 00:00:00",0,0,0,0,7,7,7.428571428571429
"2020-08-02 00:00:00",0,0,0,0,6,7.142857142857143,7.857142857142857
"2020-08-03 00:00:00",0,1,0,0,5,6.714285714285714,7.428571428571429
"2020-08-04 00:00:00",0,0,1,0,9,7.714285714285714,8.428571428571429
"2020-08-05 00:00:00",0,1,0,0,5,7.142857142857143,8.142857142857142
"2020-08-06 00:00:00",0,1,0,0,8,7.285714285714286,9
"2020-08-07 00:00:00",0,1,0,0,6,7.285714285714286,9.142857142857142
"2020-08-08 00:00:00",0,1,0,0,13,8.285714285714286,9.428571428571429
"2020-08-09 00:00:00",0,0,0,0,8,8.571428571428571,9.857142857142858
"2020-08-10 00:00:00",0,1,0,0,8,9,10.714285714285714
"2020-08-11 00:00:00",0,2,0,0,10,9.285714285714286,9.428571428571429
"2020-08-12 00:00:00",0,0,0,0,6,9.285714285714286,9.714285714285714
"2020-08-13 00:00:00",0,0,0,0,3,8.428571428571429,9.857142857142858
"2020-08-14 00:00:00",0,1,0,0,9,8.857142857142858,9.285714285714286
"2020-08-15 00:00:00",0,1,0,0,6,7.857142857142857,8.571428571428571
"2020-08-16 00:00:00",0,1,0,0,5,7.571428571428571,8.428571428571429
"2020-08-17 00:00:00",0,1,0,0,10,7.857142857142857,8.285714285714286
"2020-08-18 00:00:00",0,0,0,0,11,7.714285714285714,8.428571428571429
"2020-08-19 00:00:00",0,1,1,0,11,8.714285714285714,8
"2020-08-20 00:00:00",0,0,0,0,4,8.857142857142858,7.571428571428571
"2020-08-21 00:00:00",0,0,0,0,9,8.714285714285714,7.142857142857143
"2020-08-22 00:00:00",0,0,0,0,9,9,8
"2020-08-23 00:00:00",0,0,0,0,13,10,8
"2020-08-24 00:00:00",0,1,0,0,5,9.285714285714286,8.285714285714286
"2020-08-25 00:00:00",0,0,0,0,14,9.714285714285714,8.142857142857142
"2020-08-26 00:00:00",0,0,0,0,7,8.857142857142858,8.285714285714286
"2020-08-27 00:00:00",0,1,0,0,3,8.857142857142858,9
"2020-08-28 00:00:00",0,1,0,0,8,8.857142857142858,10
"2020-08-29 00:00:00",0,2,0,0,8,9,9.571428571428571
"2020-08-30 00:00:00",0,1,0,0,9,8.571428571428571,9
"2020-08-31 00:00:00",0,0,0,0,7,8.714285714285714,8.571428571428571
"2020-09-01 00:00:00",0,0,1,0,10,8.285714285714286,7.857142857142857
"2020-09-02 00:00:00",0,0,0,0,10,8.714285714285714,8.142857142857142
"2020-09-03 00:00:00",0,1,0,0,8,9.428571428571429,7.714285714285714
"2020-09-04 00:00:00",0,1,0,0,5,9,7.857142857142857
"2020-09-05 00:00:00",0,1,0,0,5,8.428571428571429,7.714285714285714
"2020-09-06 00:00:00",0,1,0,0,12,8.857142857142858,7.714285714285714
"2020-09-07 00:00:00",0,1,0,0,11,9.571428571428571,7.571428571428571
"2020-09-08 00:00:00",0,2,0,0,4,8.857142857142858,8.285714285714286
"2020-09-09 00:00:00",0,1,0,0,8,8.714285714285714,8.142857142857142
"2020-09-10 00:00:00",0,2,0,0,9,9,8.142857142857142
"2020-09-11 00:00:00",0,0,0,0,5,8.857142857142858,7.571428571428571
"2020-09-12 00:00:00",0,0,1,0,8,9.285714285714286,8
"2020-09-13 00:00:00",0,0,1,0,6,8.428571428571429,8
"2020-09-14 00:00:00",0,1,1,0,11,8.571428571428571,8.571428571428571
"2020-09-15 00:00:00",0,1,0,0,7,8.857142857142858,9
"2020-09-16 00:00:00",0,0,0,0,9,8.857142857142858,9.428571428571429
"2020-09-17 00:00:00",0,1,0,0,7,8.428571428571429,9.285714285714286
"2020-09-18 00:00:00",0,1,0,0,12,9.571428571428571,9.285714285714286
"2020-09-19 00:00:00",0,2,0,0,7,9.571428571428571,10
"2020-09-20 00:00:00",0,1,0,0,9,10,10
"2020-09-21 00:00:00",0,1,0,0,8,9.428571428571429,10
"2020-09-22 00:00:00",0,1,0,0,4,9,10
"2020-09-23 00:00:00",0,1,0,0,9,9.142857142857142,10.142857142857142
"2020-09-24 00:00:00",0,1,0,0,9,9.428571428571429,10.714285714285714
"2020-09-25 00:00:00",0,0,0,0,6,8.428571428571429,10.428571428571429
"2020-09-26 00:00:00",0,0,0,0,8,8.285714285714286,9.857142857142858
"2020-09-27 00:00:00",0,1,0,0,9,8.285714285714286,10.142857142857142
"2020-09-28 00:00:00",0,0,0,0,8,8.142857142857142,10.285714285714286
"2020-09-29 00:00:00",0,0,0,0,5,8.142857142857142,10.285714285714286
"2020-09-30 00:00:00",0,1,0,0,8,8,10.285714285714286
"2020-10-01 00:00:00",0,0,0,0,11,8.142857142857142,10
"2020-10-02 00:00:00",0,1,0,0,6,8.285714285714286,10.714285714285714
"2020-10-03 00:00:00",0,1,0,0,8,8.428571428571429,10.428571428571429
"2020-10-04 00:00:00",0,1,0,0,8,8.285714285714286,10.142857142857142
"2020-10-05 00:00:00",0,1,1,0,7,8.428571428571429,9.571428571428571
"2020-10-06 00:00:00",0,0,1,0,9,9.142857142857142,9.428571428571429
"2020-10-07 00:00:00",0,1,0,0,9,9.285714285714286,9.142857142857142
"2020-10-08 00:00:00",0,1,0,0,8,9,9.142857142857142
"2020-10-09 00:00:00",0,0,0,0,12,9.714285714285714,8.428571428571429
"2020-10-10 00:00:00",0,0,0,0,8,9.571428571428571,9
"2020-10-11 00:00:00",0,1,0,0,10,9.857142857142858,9.142857142857142
"2020-10-12 00:00:00",0,0,0,0,7,9.571428571428571,9.714285714285714
"2020-10-13 00:00:00",0,1,0,0,7,9.285714285714286,9.428571428571429
"2020-10-14 00:00:00",0,0,0,0,8,9,8.857142857142858
"2020-10-15 00:00:00",0,1,0,0,8,9,8.571428571428571
"2020-10-16 00:00:00",0,0,0,0,7,8.285714285714286,9.857142857142858
"2020-10-17 00:00:00",0,3,0,0,10,9,9.857142857142858
"2020-10-18 00:00:00",0,0,0,0,9,8.714285714285714,10.142857142857142
"2020-10-19 00:00:00",0,0,0,0,9,9,10.571428571428571
"2020-10-20 00:00:00",0,1,1,0,8,9.285714285714286,10.714285714285714
"2020-10-21 00:00:00",0,0,1,0,6,9.142857142857142,11.142857142857142
"2020-10-22 00:00:00",0,1,0,0,11,9.571428571428571,11
"2020-10-23 00:00:00",0,1,0,0,9,10,10.285714285714286
"2020-10-24 00:00:00",0,1,0,0,10,9.714285714285714,10.285714285714286
"2020-10-25 00:00:00",0,1,0,0,5,9.285714285714286,10.714285714285714
"2020-10-26 00:00:00",0,1,0,0,9,9.428571428571429,10.571428571428571
"2020-10-27 00:00:00",0,0,0,0,5,8.714285714285714,10
"2020-10-28 00:00:00",0,2,0,0,10,9.428571428571429,9.571428571428571
"2020-10-29 00:00:00",0,0,0,0,6,8.571428571428571,9
"2020-10-30 00:00:00",0,1,0,0,10,8.714285714285714,8.714285714285714
"2020-10-31 00:00:00",0,1,0,0,7,8.285714285714286,8.428571428571429
"2020-11-01 00:00:00",0,0,0,0,8,8.571428571428571,8.714285714285714
"2020-11-02 00:00:00",0,0,0,0,6,8,8.142857142857142
"2020-11-03 00:00:00",0,0,1,0,10,8.857142857142858,8.571428571428571
"2020-11-04 00:00:00",0,1,0,0,8,8.428571428571429,9.285714285714286
"2020-11-05 00:00:00",0,2,0,0,9,9.142857142857142,9.714285714285714
"2020-11-06 00:00:00",0,2,0,0,8,9,10.285714285714286
"2020-11-07 00:00:00",0,0,0,0,10,9.285714285714286,10.857142857142858
"2020-11-08 00:00:00",0,0,0,0,8,9.285714285714286,9.142857142857142
"2020-11-09 00:00:00",0,0,0,0,6,9.285714285714286,9.428571428571429
"2020-11-10 00:00:00",0,1,0,0,7,8.857142857142858,9
"2020-11-11 00:00:00",0,1,0,0,10,9.142857142857142,8.714285714285714
"2020-11-12 00:00:00",0,1,0,0,12,9.428571428571429,8.857142857142858
"2020-11-13 00:00:00",0,1,0,0,11,9.714285714285714,8.142857142857142
"2020-11-14 00:00:00",0,0,0,0,5,9,8
"2020-11-15 00:00:00",0,0,0,0,4,8.428571428571429,8.857142857142858
"2020-11-16 00:00:00",0,2,0,0,8,9,9.142857142857142
"2020-11-17 00:00:00",0,0,0,0,7,8.857142857142858,9.285714285714286
"2020-11-18 00:00:00",0,1,0,0,8,8.571428571428571,10
"2020-11-19 00:00:00",0,0,0,0,9,8,10
"2020-11-20 00:00:00",0,2,0,0,13,8.428571428571429,10
"2020-11-21 00:00:00",0,0,0,0,10,9.142857142857142,9.142857142857142
"2020-11-22 00:00:00",0,2,0,0,4,9.428571428571429,9
"2020-11-23 00:00:00",0,0,0,0,8,9.142857142857142,9.428571428571429
"2020-11-24 00:00:00",0,0,0,0,3,8.571428571428571,9.857142857142858
"2020-11-25 00:00:00",0,2,0,0,6,8.428571428571429,8.857142857142858
"2020-11-26 00:00:00",0,0,0,0,10,8.571428571428571,9.285714285714286
"2020-11-27 00:00:00",0,0,0,0,7,7.428571428571429,9.857142857142858
"2020-11-28 00:00:00",0,0,0,0,7,7,9.857142857142858
"2020-11-29 00:00:00",0,1,0,0,7,7.285714285714286,10.714285714285714
"2020-11-30 00:00:00",0,2,0,0,10,7.857142857142857,10
"2020-12-01 00:00:00",0,2,0,0,6,8.571428571428571,9.857142857142858
"2020-12-02 00:00:00",0,0,0,0,8,8.571428571428571,10
"2020-12-03 00:00:00",0,2,0,0,4,8,10
"2020-12-04 00:00:00",0,0,0,0,6,7.857142857142857,9.571428571428571
"2020-12-05 00:00:00",0,2,0,0,5,7.857142857142857,10.285714285714286
"2020-12-06 00:00:00",0,1,0,0,9,8.142857142857142,9.571428571428571
"2020-12-07 00:00:00",0,1,0,0,6,7.428571428571429,9.142857142857142
"2020-12-08 00:00:00",0,0,0,0,3,6.714285714285714,9.285714285714286
"2020-12-09 00:00:00",0,1,0,0,8,6.857142857142857,9.142857142857142
"2020-12-10 00:00:00",0,3,0,0,9,7.714285714285714,9.428571428571429
"2020-12-11 00:00:00",0,0,0,0,11,8.428571428571429,9
"2020-12-12 00:00:00",0,1,0,0,11,9.142857142857142,8.857142857142858
"2020-12-13 00:00:00",0,2,0,0,7,9,9.142857142857142
"2020-12-14 00:00:00",0,1,0,0,5,8.857142857142858,10
"2020-12-15 00:00:00",0,0,0,0,8,9.571428571428571,9.285714285714286
"2020-12-16 00:00:00",0,2,0,0,10,10,10.142857142857142
"2020-12-17 00:00:00",0,3,0,0,11,10.285714285714286,9.142857142857142
"2020-12-18 00:00:00",0,0,1,0,9,10.142857142857142,10.428571428571429
"2020-12-19 00:00:00",0,2,0,0,4,9.285714285714286,10.285714285714286
"2020-12-20 00:00:00",0,2,0,0,10,9.714285714285714,10.142857142857142
"2020-12-21 00:00:00",0,0,0,0,7,9.857142857142858,9.571428571428571
"2020-12-22 00:00:00",0,1,0,0,5,9.571428571428571,10.428571428571429
"2020-12-23 00:00:00",0,1,0,0,14,10,10.285714285714286
"2020-12-24 00:00:00",0,1,0,0,7,9.142857142857142,11.142857142857142
"2020-12-25 00:00:00",0,1,0,0,8,9,11.142857142857142
"2020-12-26 00:00:00",0,2,0,0,6,9.285714285714286,10.857142857142858
"2020-12-27 00:00:00",0,0,0,0,8,8.714285714285714,11.285714285714286
"2020-12-28 00:00:00",0,2,0,0,6,8.857142857142858,11.571428571428571
"2020-12-29 00:00:00",0,2,0,0,6,9.142857142857142,10.714285714285714
"2020-12-30 00:00:00",0,0,0,0,9,8.285714285714286,10.857142857142858
"2020-12-31 00:00:00",0,0,0,0,7,8.142857142857142,10.571428571428571
"2021-01-01 00:00:00",0,0,1,0,6,7.857142857142857,10.142857142857142
"2021-01-02 00:00:00",0,0,0,0,7,7.714285714285714,10.285714285714286
"2021-01-03 00:00:00",0,2,0,0,8,8,10.142857142857142
"2021-01-04 00:00:00",0,0,0,0,8,8,10
"2021-01-05 00:00:00",0,1,0,0,8,8.142857142857142,11.142857142857142
"2021-01-06 00:00:00",0,0,0,0,10,8.285714285714286,11
"2021-01-07 00:00:00",0,0,0,0,4,7.857142857142857,10.571428571428571
"2021-01-08 00:00:00",0,1,0,0,9,8.285714285714286,9.857142857142858
"2021-01-09 00:00:00",0,1,0,0,10,8.857142857142858,9.142857142857142
"2021-01-10 00:00:00",0,1,0,0,11,9.142857142857142,8.571428571428571
"2021-01-11 00:00:00",0,0,0,0,10,9.428571428571429,8.428571428571429
"2021-01-12 00:00:00",0,1,0,0,7,9.285714285714286,8.285714285714286
"2021-01-13 00:00:00",0,1,0,0,11,9.571428571428571,8.428571428571429
"2021-01-14 00:00:00",0,1,0,0,4,9.714285714285714,8.285714285714286
"2021-01-15 00:00:00",0,1,0,0,5,9.142857142857142,8.714285714285714
"2021-01-16 00:00:00",0,1,0,0,8,8.857142857142858,9.571428571428571
"2021-01-17 00:00:00",0,1,0,0,11,8.857142857142858,9.857142857142858
"2021-01-18 00:00:00",0,2,0,0,7,8.714285714285714,10
"2021-01-19 00:00:00",0,0,0,0,7,8.571428571428571,9.428571428571429
"2021-01-20 00:00:00",0,2,0,0,6,8,9.142857142857142
"2021-01-21 00:00:00",0,1,0,0,11,9,9.714285714285714
"2021-01-22 00:00:00",0,1,0,0,5,9,9.714285714285714
"2021-01-23 00:00:00",0,0,0,0,8,8.857142857142858,10.285714285714286
"2021-01-24 00:00:00",0,1,0,0,7,8.285714285714286,9.857142857142858
"2021-01-25 00:00:00",0,1,0,0,9,8.428571428571429,10
"2021-01-26 00:00:00",0,0,0,0,8,8.571428571428571,11.142857142857142
"2021-01-27 00:00:00",0,1,0,0,6,8.428571428571429,11.285714285714286
"2021-01-28 00:00:00",0,1,0,0,12,8.571428571428571,11.571428571428571
"2021-01-29 00:00:00",0,2,0,0,6,8.857142857142858,11.571428571428571
"2021-01-30 00:00:00",0,1,0,0,12,9.571428571428571,10.571428571428571
"2021-01-31 00:00:00",0,3,0,0,8,10,10.857142857142858
"2021-02-01 00:00:00",0,0,0,0,4,9.142857142857142,10.714285714285714
"2021-02-02 00:00:00",0,0,0,0,8,9.142857142857142,9.285714285714286
"2021-02-03 00:00:00",0,0,0,0,9,9.428571428571429,9
"2021-02-04 00:00:00",0,0,0,0,9,8.857142857142858,8.571428571428571
"2021-02-05 00:00:00",0,0,1,0,9,9.142857142857142,8.714285714285714
"2021-02-06 00:00:00",0,0,1,0,9,8.714285714285714,9
"2021-02-07 00:00:00",0,0,0,1,10,8.714285714285714,9
"2021-02-08 00:00:00",0,0,0,0,8,9.285714285714286,8.857142857142858
"2021-02-09 00:00:00",0,0,0,0,10,9.571428571428571,9.571428571428571
"2021-02-10 00:00:00",0,0,1,0,10,9.857142857142858,9.428571428571429
"2021-02-11 00:00:00",0,1,0,0,7,9.714285714285714,10
"2021-02-12 00:00:00",0,1,0,0,10,9.857142857142858,10.285714285714286
"2021-02-13 00:00:00",0,0,0,0,7,9.428571428571429,10.428571428571429
"2021-02-14 00:00:00",0,0,0,0,7,8.857142857142858,10.428571428571429
"2021-02-15 00:00:00",0,3,0,0,8,9.285714285714286,11.571428571428571
"2021-02-16 00:00:00",0,0,0,0,9,9.142857142857142,10.714285714285714
"2021-02-17 00:00:00",0,1,0,0,12,9.428571428571429,10.714285714285714
"2021-02-18 00:00:00",0,1,0,0,5,9.142857142857142,10.142857142857142
"2021-02-19 00:00:00",0,0,0,0,8,8.714285714285714,10.285714285714286
"2021-02-20 00:00:00",0,0,1,0,3,8.285714285714286,10
"2021-02-21 00:00:00",0,0,0,0,7,8.285714285714286,9.714285714285714
"2021-02-22 00:00:00",0,0,0,0,7,7.714285714285714,8.571428571428571
"2021-02-23 00:00:00",0,1,0,0,11,8.142857142857142,9.571428571428571
"2021-02-24 00:00:00",0,0,0,0,8,7.428571428571429,9.857142857142858
"2021-02-25 00:00:00",0,1,0,0,7,7.714285714285714,9.571428571428571
"2021-02-26 00:00:00",0,1,0,0,9,8,8.714285714285714
"2021-02-27 00:00:00",0,1,1,0,11,9.285714285714286,8.428571428571429
"2021-02-28 00:00:00",0,2,0,0,5,9.285714285714286,8.571428571428571
"2021-03-01 00:00:00",0,0,0,0,9,9.571428571428571,8.714285714285714
"2021-03-02 00:00:00",0,0,0,0,9,9.142857142857142,8.714285714285714
"2021-03-03 00:00:00",0,1,0,0,10,9.571428571428571,9.285714285714286
"2021-03-04 00:00:00",0,1,0,0,8,9.714285714285714,9.285714285714286
"2021-03-05 00:00:00",0,0,0,0,7,9.285714285714286,9
"2021-03-06 00:00:00",0,0,0,0,6,8.285714285714286,9.571428571428571
"2021-03-07 00:00:00",0,0,0,0,7,8.285714285714286,9.571428571428571
"2021-03-08 00:00:00",0,1,0,0,9,8.428571428571429,9.428571428571429
"2021-03-09 00:00:00",0,0,0,0,11,8.714285714285714,8.857142857142858
"2021-03-10 00:00:00",0,1,0,0,7,8.285714285714286,8.142857142857142
"2021-03-11 00:00:00",0,1,0,0,10,8.571428571428571,8.571428571428571
"2021-03-12 00:00:00",0,1,0,0,13,9.571428571428571,9.285714285714286
"2021-03-13 00:00:00",0,0,0,0,10,10.142857142857142,9.285714285714286
"2021-03-14 00:00:00",0,0,0,0,10,10.571428571428571,9.285714285714286
"2021-03-15 00:00:00",0,0,0,0,9,10.428571428571429,9.285714285714286
"2021-03-16 00:00:00",0,2,0,0,6,10,9
"2021-03-17 00:00:00",0,0,0,0,8,10,9.714285714285714
"2021-03-18 00:00:00",0,1,0,0,4,9.142857142857142,9.571428571428571
"2021-03-19 00:00:00",0,0,0,0,8,8.285714285714286,9.428571428571429
"2021-03-20 00:00:00",0,0,0,0,9,8.142857142857142,9.142857142857142
"2021-03-21 00:00:00",0,1,0,0,7,7.857142857142857,9.285714285714286
"2021-03-22 00:00:00",0,1,0,0,7,7.714285714285714,8.714285714285714
"2021-03-23 00:00:00",0,0,0,0,5,7.285714285714286,8.428571428571429
"2021-03-24 00:00:00",0,1,0,0,8,7.428571428571429,8.857142857142858
"2021-03-25 00:00:00",0,1,0,0,7,7.857142857142857,9.142857142857142
"2021-03-26 00:00:00",0,0,0,0,9,8,9
"2021-03-27 00:00:00",0,0,1,0,10,8.285714285714286,9.571428571428571
"2021-03-28 00:00:00",0,1,0,0,13,9.142857142857142,8.857142857142858
"2021-03-29 00:00:00",0,0,0,0,6,8.857142857142858,9.428571428571429
"2021-03-30 00:00:00",0,0,0,0,7,9.142857142857142,9.714285714285714
"2021-03-31 00:00:00",0,1,1,0,11,9.714285714285714,8.857142857142858
"2021-04-01 00:00:00",0,1,0,0,10,10.142857142857142,8
"2021-04-02 00:00:00",0,2,0,0,11,10.714285714285714,8.428571428571429
"2021-04-03 00:00:00",0,0,0,0,11,10.714285714285714,8.142857142857142
"2021-04-04 00:00:00",0,1,0,0,11,10.428571428571429,9.285714285714286
"2021-04-05 00:00:00",0,1,0,0,8,10.857142857142858,9.142857142857142
"2021-04-06 00:00:00",0,1,0,0,7,11,9.714285714285714
"2021-04-07 00:00:00",0,1,0,0,7,10.285714285714286,9.142857142857142
"2021-04-08 00:00:00",0,1,0,0,13,10.714285714285714,10.142857142857142
"2021-04-09 00:00:00",0,2,0,0,7,10.142857142857142,9.571428571428571
"2021-04-10 00:00:00",0,2,0,0,12,10.571428571428571,9.285714285714286
"2021-04-11 00:00:00",0,0,1,0,9,10.285714285714286,8.857142857142858
"2021-04-12 00:00:00",0,0,0,0,10,10.428571428571429,9.142857142857142
"2021-04-13 00:00:00",0,0,1,0,9,10.714285714285714,9
"2021-04-14 00:00:00",0,0,0,0,8,10.714285714285714,8.857142857142858
"2021-04-15 00:00:00",0,2,0,0,6,9.857142857142858,8.142857142857142
"2021-04-16 00:00:00",1,1,0,0,10,10.285714285714286,8.285714285714286
"2021-04-17 00:00:00",0,1,0,0,7,9.428571428571429,8.285714285714286
"2021-04-18 00:00:00",0,0,1,0,9,9.428571428571429,8.571428571428571
"2021-04-19 00:00:00",0,2,0,0,7,9.285714285714286,7.857142857142857
"2021-04-20 00:00:00",0,0,0,0,10,9.285714285714286,7.857142857142857
"2021-04-21 00:00:00",0,2,0,0,6,9.285714285714286,8.142857142857142
"2021-04-22 00:00:00",0,1,0,0,8,9.428571428571429,8.142857142857142
"2021-04-23 00:00:00",0,1,0,0,9,9.142857142857142,7.571428571428571
"2021-04-24 00:00:00",0,1,0,0,10,9.571428571428571,7.714285714285714
"2021-04-25 00:00:00",0,2,0,0,6,9.285714285714286,7.714285714285714
"2021-04-26 00:00:00",0,0,0,0,12,9.714285714285714,8.428571428571429
"2021-04-27 00:00:00",0,0,0,0,11,9.857142857142858,7.714285714285714
"2021-04-28 00:00:00",0,2,0,0,7,10,8.142857142857142
"2021-04-29 00:00:00",0,0,1,0,6,9.714285714285714,8.142857142857142
"2021-04-30 00:00:00",0,1,0,0,9,9.714285714285714,8.857142857142858
"2021-05-01 00:00:00",0,0,0,0,8,9.285714285714286,8.571428571428571
"2021-05-02 00:00:00",0,0,0,0,7,9.142857142857142,8
"2021-05-03 00:00:00",0,1,0,0,8,8.714285714285714,7.571428571428571
"2021-05-04 00:00:00",0,1,0,0,11,8.857142857142858,8.142857142857142
"2021-05-05 00:00:00",0,0,0,0,11,9.142857142857142,7.428571428571429
"2021-05-06 00:00:00",0,1,0,0,8,9.428571428571429,8.285714285714286
"2021-05-07 00:00:00",0,0,0,0,9,9.285714285714286,8
"2021-05-08 00:00:00",0,0,0,0,11,9.714285714285714,8
"2021-05-09 00:00:00",0,0,0,0,5,9.428571428571429,8.142857142857142
"2021-05-10 00:00:00",0,2,0,0,7,9.428571428571429,8.428571428571429
"2021-05-11 00:00:00",0,1,0,0,6,8.714285714285714,8
"2021-05-12 00:00:00",0,1,0,0,8,8.428571428571429,8
"2021-05-13 00:00:00",0,0,0,0,9,8.428571428571429,7.285714285714286
"2021-05-14 00:00:00",0,0,0,0,6,8,7.857142857142857
"2021-05-15 00:00:00",0,0,0,0,7,7.428571428571429,8.571428571428571
"2021-05-16 00:00:00",0,1,0,0,10,8.285714285714286,8.142857142857142
"2021-05-17 00:00:00",0,0,0,0,8,8.142857142857142,7.857142857142857
"2021-05-18 00:00:00",0,0,0,0,7,8.142857142857142,8
"2021-05-19 00:00:00",0,0,0,0,4,7.428571428571429,8.142857142857142
"2021-05-20 00:00:00",0,0,1,0,13,8.142857142857142,8.285714285714286
"2021-05-21 00:00:00",0,0,0,0,7,8.285714285714286,8
"2021-05-22 00:00:00",0,0,0,0,10,8.714285714285714,7.285714285714286
"2021-05-23 00:00:00",0,0,0,0,7,8.142857142857142,7.714285714285714
"2021-05-24 00:00:00",1,1,0,0,8,8.428571428571429,7.714285714285714
"2021-05-25 00:00:00",0,0,0,0,8,8.571428571428571,7.142857142857143
"2021-05-26 00:00:00",0,1,0,0,9,9.428571428571429,7.285714285714286
"2021-05-27 00:00:00",0,1,0,0,8,8.714285714285714,7.285714285714286
"2021-05-28 00:00:00",0,0,0,0,8,8.857142857142858,7.285714285714286
"2021-05-29 00:00:00",0,0,0,0,5,8.142857142857142,6.857142857142857
"2021-05-30 00:00:00",0,0,0,0,11,8.714285714285714,6.714285714285714
"2021-05-31 00:00:00",0,0,0,0,6,8.142857142857142,7.142857142857143
"2021-06-01 00:00:00",0,1,0,0,10,8.571428571428571,7.142857142857143
"2021-06-02 00:00:00",0,0,0,0,8,8.285714285714286,6.857142857142857
"2021-06-03 00:00:00",0,1,0,0,11,8.714285714285714,6.857142857142857
"2021-06-04 00:00:00",0,1,0,0,8,8.857142857142858,6.285714285714286
"2021-06-05 00:00:00",2,0,0,0,11,10,7.428571428571429
"2021-06-06 00:00:00",0,2,1,0,10,10.285714285714286,7.428571428571429
"2021-06-07 00:00:00",0,0,0,0,9,10.714285714285714,7.571428571428571
"2021-06-08 00:00:00",0,1,0,0,7,10.285714285714286,7.571428571428571
"2021-06-09 00:00:00",0,1,0,0,8,10.428571428571429,8.142857142857142
"2021-06-10 00:00:00",0,1,0,0,8,10,7.857142857142857
"2021-06-11 00:00:00",0,2,0,0,8,10.142857142857142,8.142857142857142
"2021-06-12 00:00:00",0,0,1,0,9,9.714285714285714,7.571428571428571
"2021-06-13 00:00:00",0,3,0,0,10,9.714285714285714,7.428571428571429
"2021-06-14 00:00:00",0,0,0,0,8,9.571428571428571,6.428571428571429
"2021-06-15 00:00:00",0,0,0,0,8,9.571428571428571,7.142857142857143
"2021-06-16 00:00:00",0,0,0,0,6,9.142857142857142,7
"2021-06-17 00:00:00",0,0,0,0,7,8.857142857142858,7
"2021-06-18 00:00:00",0,0,0,0,8,8.571428571428571,7.142857142857143
"2021-06-19 00:00:00",0,0,0,0,10,8.571428571428571,6.428571428571429
"2021-06-20 00:00:00",0,2,0,0,9,8.285714285714286,7.285714285714286
"2021-06-21 00:00:00",0,1,0,0,7,8.285714285714286,7.428571428571429
"2021-06-22 00:00:00",0,0,0,0,6,8,7.285714285714286
"2021-06-23 00:00:00",0,0,0,0,12,8.857142857142858,6.857142857142857
"2021-06-24 00:00:00",0,3,0,0,8,9.428571428571429,7.285714285714286
"2021-06-25 00:00:00",0,0,0,0,7,9.285714285714286,6.857142857142857
"2021-06-26 00:00:00",0,1,0,0,4,8.571428571428571,7.714285714285714
"2021-06-27 00:00:00",0,0,1,0,8,8.285714285714286,6.857142857142857
"2021-06-28 00:00:00",0,0,0,0,11,8.714285714285714,6.857142857142857
"2021-06-29 00:00:00",0,1,0,0,11,9.571428571428571,6.857142857142857
"2021-06-30 00:00:00",0,0,0,0,6,8.714285714285714,6.714285714285714
"2021-07-01 00:00:00",0,1,0,0,9,8.571428571428571,6.714285714285714
"2021-07-02 00:00:00",1,0,0,0,8,8.857142857142858,6.714285714285714
"2021-07-03 00:00:00",0,0,0,0,6,9,6.285714285714286
"2021-07-04 00:00:00",0,1,0,0,5,8.571428571428571,6.285714285714286
"2021-07-05 00:00:00",0,0,0,0,7,8,6.571428571428571
"2021-07-06 00:00:00",0,0,0,0,6,7.142857142857143,6.428571428571429
"2021-07-07 00:00:00",0,0,0,0,6,7.142857142857143,6.571428571428571
"2021-07-08 00:00:00",0,2,0,0,14,8,6.714285714285714
"2021-07-09 00:00:00",0,0,0,0,8,7.857142857142857,7.285714285714286
"2021-07-10 00:00:00",0,1,0,0,13,9,7.571428571428571
"2021-07-11 00:00:00",0,2,0,0,7,9.428571428571429,7.571428571428571
"2021-07-12 00:00:00",0,1,1,0,4,9.285714285714286,8.142857142857142
"2021-07-13 00:00:00",0,1,0,0,10,10,8.285714285714286
"2021-07-14 00:00:00",0,0,0,0,8,10.285714285714286,8.857142857142858
"2021-07-15 00:00:00",0,0,0,0,11,9.571428571428571,8.428571428571429
"2021-07-16 00:00:00",0,1,0,0,9,9.857142857142858,8.142857142857142
"2021-07-17 00:00:00",0,0,0,0,10,9.285714285714286,8
"2021-07-18 00:00:00",0,0,0,0,4,8.571428571428571,8.571428571428571
"2021-07-19 00:00:00",0,1,0,0,11,9.428571428571429,8.142857142857142
"2021-07-20 00:00:00",0,0,0,0,9,9.142857142857142,7.857142857142857
"2021-07-21 00:00:00",0,0,0,0,13,9.857142857142858,7.428571428571429
"2021-07-22 00:00:00",0,1,0,0,14,10.428571428571429,7.428571428571429
"2021-07-23 00:00:00",0,0,1,0,8,10.285714285714286,7.571428571428571
"2021-07-24 00:00:00",0,2,0,0,7,10.142857142857142,8
"2021-07-25 00:00:00",0,1,0,0,15,11.857142857142858,7.285714285714286
"2021-07-26 00:00:00",0,1,0,0,10,11.714285714285714,7
"2021-07-27 00:00:00",0,0,0,0,10,11.857142857142858,7.571428571428571
"2021-07-28 00:00:00",0,1,0,0,11,11.714285714285714,7
"2021-07-29 00:00:00",0,0,0,0,9,10.857142857142858,7.285714285714286
"2021-07-30 00:00:00",0,0,0,0,10,11,7.285714285714286
"2021-07-31 00:00:00",0,0,0,0,7,10.714285714285714,6.857142857142857
"2021-08-01 00:00:00",0,0,0,0,4,9,7
"2021-08-02 00:00:00",0,1,0,0,12,9.285714285714286,7.142857142857143
"2021-08-03 00:00:00",0,1,0,0,7,9,6.714285714285714
"2021-08-04 00:00:00",0,0,0,0,7,8.285714285714286,7.714285714285714
"2021-08-05 00:00:00",0,0,0,0,8,8.142857142857142,7.142857142857143
"2021-08-06 00:00:00",0,1,0,0,11,8.428571428571429,7.285714285714286
"2021-08-07 00:00:00",0,2,0,0,7,8.714285714285714,7.285714285714286
"2021-08-08 00:00:00",0,0,0,0,8,9.285714285714286,8.285714285714286
"2021-08-09 00:00:00",0,1,0,0,11,9.142857142857142,8.571428571428571
"2021-08-10 00:00:00",0,1,0,0,11,9.714285714285714,9
"2021-08-11 00:00:00",0,2,1,0,13,11,9.285714285714286
"2021-08-12 00:00:00",0,1,0,0,7,11,9.285714285714286
"2021-08-13 00:00:00",0,0,0,0,7,10.285714285714286,8.428571428571429
"2021-08-14 00:00:00",0,0,0,0,10,10.428571428571429,8.857142857142858
"2021-08-15 00:00:00",0,1,0,0,7,10.428571428571429,7.857142857142857
"2021-08-16 00:00:00",0,1,0,0,8,10,7.571428571428571
"2021-08-17 00:00:00",0,2,0,0,8,9.714285714285714,7.857142857142857
"2021-08-18 00:00:00",0,0,0,0,11,9,7.714285714285714
"2021-08-19 00:00:00",0,1,0,0,5,8.714285714285714,8.714285714285714
"2021-08-20 00:00:00",0,0,0,0,10,9.142857142857142,8.857142857142858
"2021-08-21 00:00:00",0,0,1,0,9,9.142857142857142,8.714285714285714
"2021-08-22 00:00:00",0,2,0,0,7,9.285714285714286,9
"2021-08-23 00:00:00",0,0,0,0,13,9.857142857142858,10
"2021-08-24 00:00:00",0,0,1,0,5,9.285714285714286,9.285714285714286
"2021-08-25 00:00:00",0,0,0,0,13,9.571428571428571,9.714285714285714
"2021-08-26 00:00:00",0,1,0,0,10,10.285714285714286,8.857142857142858
"2021-08-27 00:00:00",0,1,1,0,11,10.714285714285714,8.857142857142858
"2021-08-28 00:00:00",0,1,0,0,10,10.857142857142858,8.857142857142858
"2021-08-29 00:00:00",0,1,0,0,9,11,9
"2021-08-30 00:00:00",0,1,0,0,11,10.857142857142858,8.571428571428571
"2021-08-31 00:00:00",0,1,0,0,7,11.142857142857142,8.714285714285714
"2021-09-01 00:00:00",0,0,0,0,8,10.428571428571429,8.285714285714286
"2021-09-02 00:00:00",0,2,0,0,12,10.857142857142858,8.714285714285714
"2021-09-03 00:00:00",0,1,0,0,6,10,9.428571428571429
"2021-09-04 00:00:00",0,0,0,0,12,10.142857142857142,9
"2021-09-05 00:00:00",0,0,0,0,7,9.714285714285714,8.428571428571429
"2021-09-06 00:00:00",0,0,0,0,9,9.285714285714286,8.857142857142858
"2021-09-07 00:00:00",0,0,0,0,9,9.428571428571429,9.571428571428571
"2021-09-08 00:00:00",0,2,0,0,9,9.857142857142858,8.857142857142858
"2021-09-09 00:00:00",0,0,0,0,7,8.857142857142858,8.714285714285714
"2021-09-10 00:00:00",0,1,0,0,9,9.285714285714286,9
"2021-09-11 00:00:00",0,1,0,0,5,8.428571428571429,8.857142857142858
"2021-09-12 00:00:00",0,0,1,0,11,9.142857142857142,9.285714285714286
"2021-09-13 00:00:00",0,0,0,0,9,9.142857142857142,8.428571428571429
"2021-09-14 00:00:00",0,2,0,0,8,9.285714285714286,8.571428571428571
"2021-09-15 00:00:00",0,0,1,0,12,9.571428571428571,8.857142857142858
"2021-09-16 00:00:00",0,3,0,0,9,10.285714285714286,8.857142857142858
"2021-09-17 00:00:00",0,1,0,0,7,10,8.428571428571429
"2021-09-18 00:00:00",0,1,0,0,6,10.142857142857142,9.571428571428571
"2021-09-19 00:00:00",0,2,0,0,9,10,9.571428571428571
"2021-09-20 00:00:00",0,1,0,0,11,10.428571428571429,10
"2021-09-21 00:00:00",0,0,0,0,10,10.428571428571429,9.428571428571429
"2021-09-22 00:00:00",0,1,0,0,10,10.142857142857142,9
"2021-09-23 00:00:00",0,1,0,0,9,9.857142857142858,9.142857142857142
"2021-09-24 00:00:00",0,0,0,0,7,9.714285714285714,9.428571428571429
"2021-09-25 00:00:00",0,1,1,0,7,10,8.428571428571429
"2021-09-26 00:00:00",0,2,0,0,11,10.285714285714286,8.285714285714286
"2021-09-27 00:00:00",0,1,0,0,9,10,8.285714285714286
"2021-09-28 00:00:00",0,0,0,0,10,10,8.142857142857142
"2021-09-29 00:00:00",0,1,0,0,5,9.285714285714286,8.142857142857142
"2021-09-30 00:00:00",0,3,0,0,7,9.285714285714286,8
"2021-10-01 00:00:00",0,0,0,0,8,9.428571428571429,8.142857142857142
"2021-10-02 00:00:00",0,0,0,0,8,9.285714285714286,8.285714285714286
"2021-10-03 00:00:00",0,1,0,0,5,8.285714285714286,8.428571428571429
"2021-10-04 00:00:00",0,0,1,0,6,7.857142857142857,8.285714285714286
"2021-10-05 00:00:00",0,1,0,0,11,8.142857142857142,8.428571428571429
"2021-10-06 00:00:00",0,1,0,0,12,9.142857142857142,9.142857142857142
"2021-10-07 00:00:00",0,0,1,0,9,9.142857142857142,9.285714285714286
"2021-10-08 00:00:00",0,0,0,0,14,10,9
"2021-10-09 00:00:00",0,0,0,0,7,9.857142857142858,9.714285714285714
"2021-10-10 00:00:00",0,1,1,0,10,10.714285714285714,9.571428571428571
"2021-10-11 00:00:00",0,1,0,0,14,11.857142857142858,9.857142857142858
"2021-10-12 00:00:00",0,0,0,0,10,11.571428571428571,9.571428571428571
"2021-10-13 00:00:00",0,1,0,0,9,11.142857142857142,9.285714285714286
"2021-10-14 00:00:00",0,0,0,0,12,11.428571428571429,9
"2021-10-15 00:00:00",0,1,0,0,8,10.714285714285714,9
"2021-10-16 00:00:00",0,0,0,0,7,10.714285714285714,8.285714285714286
"2021-10-17 00:00:00",0,2,1,0,13,11.285714285714286,9
"2021-10-18 00:00:00",0,1,0,0,9,10.571428571428571,8.714285714285714
"2021-10-19 00:00:00",0,2,0,0,8,10.571428571428571,9
"2021-10-20 00:00:00",0,1,0,0,12,11,9.285714285714286
"2021-10-21 00:00:00",0,1,0,0,9,10.714285714285714,9.142857142857142
"2021-10-22 00:00:00",0,0,0,0,6,10.285714285714286,9.571428571428571
"2021-10-23 00:00:00",0,1,0,0,12,11.142857142857142,10
"2021-10-24 00:00:00",0,1,0,0,8,10.142857142857142,9.714285714285714
"2021-10-25 00:00:00",0,0,0,0,6,9.571428571428571,9.285714285714286
"2021-10-26 00:00:00",0,0,0,0,4,8.714285714285714,9.428571428571429
"2021-10-27 00:00:00",0,0,0,0,7,7.857142857142857,8.714285714285714
"2021-10-28 00:00:00",0,0,0,0,10,7.857142857142857,9.428571428571429
"2021-10-29 00:00:00",0,2,0,0,6,8.142857142857142,8.571428571428571
"2021-10-30 00:00:00",0,0,1,0,12,8.142857142857142,8.714285714285714
"2021-10-31 00:00:00",0,1,0,0,9,8.285714285714286,8.285714285714286
"2021-11-01 00:00:00",0,0,0,0,9,8.714285714285714,8.571428571428571
"2021-11-02 00:00:00",0,0,0,0,12,9.857142857142858,8
"2021-11-03 00:00:00",0,0,0,0,13,10.714285714285714,8.857142857142858
"2021-11-04 00:00:00",0,0,0,0,10,10.714285714285714,8.428571428571429
"2021-11-05 00:00:00",0,1,0,0,14,11.714285714285714,9.142857142857142
"2021-11-06 00:00:00",0,1,0,0,12,11.714285714285714,9
"2021-11-07 00:00:00",0,1,0,0,12,12.142857142857142,9.285714285714286
"2021-11-08 00:00:00",0,1,0,0,7,12,9.285714285714286
"2021-11-09 00:00:00",0,1,0,0,8,11.571428571428571,9.285714285714286
"2021-11-10 00:00:00",0,0,0,0,12,11.428571428571429,8.857142857142858
"2021-11-11 00:00:00",0,2,0,0,10,11.714285714285714,9.142857142857142
"2021-11-12 00:00:00",0,0,1,0,9,11,9.428571428571429
"2021-11-13 00:00:00",0,2,0,0,10,10.857142857142858,9.714285714285714
"2021-11-14 00:00:00",0,1,1,0,6,10.142857142857142,9
"2021-11-15 00:00:00",0,0,0,0,10,10.428571428571429,8.428571428571429
"2021-11-16 00:00:00",0,1,0,0,11,10.857142857142858,9
"2021-11-17 00:00:00",0,1,0,0,7,10.285714285714286,8.857142857142858
"2021-11-18 00:00:00",0,0,0,0,10,10,8.571428571428571
"2021-11-19 00:00:00",0,1,0,0,14,10.714285714285714,8
"2021-11-20 00:00:00",0,0,0,0,7,10,8.428571428571429
"2021-11-21 00:00:00",0,1,1,0,6,10,9.142857142857142
"2021-11-22 00:00:00",0,1,0,0,11,10.285714285714286,9.428571428571429
"2021-11-23 00:00:00",0,1,0,0,13,10.571428571428571,9.142857142857142
"2021-11-24 00:00:00",0,0,0,0,5,10.142857142857142,8.571428571428571
"2021-11-25 00:00:00",0,1,0,0,8,10,8.428571428571429
"2021-11-26 00:00:00",0,2,1,0,9,9.571428571428571,8.571428571428571
"2021-11-27 00:00:00",0,0,0,0,8,9.714285714285714,7.428571428571429
"2021-11-28 00:00:00",0,1,1,0,9,10.142857142857142,7
"2021-11-29 00:00:00",0,3,0,0,9,10.142857142857142,7.285714285714286
"2021-11-30 00:00:00",0,1,0,0,9,9.571428571428571,7.857142857142857
"2021-12-01 00:00:00",0,1,0,0,10,10.428571428571429,8.571428571428571
"2021-12-02 00:00:00",0,1,0,0,7,10.285714285714286,8.571428571428571
"2021-12-03 00:00:00",0,0,0,0,8,9.714285714285714,8
"2021-12-04 00:00:00",0,1,0,0,9,10,7.857142857142857
"2021-12-05 00:00:00",0,1,0,0,6,9.428571428571429,7.857142857142857
"2021-12-06 00:00:00",0,2,0,0,7,9,8.142857142857142
"2021-12-07 00:00:00",0,1,0,0,10,9.142857142857142,7.428571428571429
"2021-12-08 00:00:00",0,0,0,0,7,8.571428571428571,6.714285714285714
"2021-12-09 00:00:00",0,0,1,0,10,9,6.857142857142857
"2021-12-10 00:00:00",0,0,0,0,10,9.285714285714286,7.714285714285714
"2021-12-11 00:00:00",0,0,0,0,7,8.857142857142858,8.428571428571429
"2021-12-12 00:00:00",0,0,0,0,7,8.857142857142858,9.142857142857142
"2021-12-13 00:00:00",0,2,0,0,5,8.571428571428571,9
"2021-12-14 00:00:00",0,0,0,0,14,9,8.857142857142858
"2021-12-15 00:00:00",0,0,0,0,5,8.714285714285714,9.571428571428571
"2021-12-16 00:00:00",0,2,0,0,14,9.428571428571429,10
"2021-12-17 00:00:00",0,0,0,0,12,9.714285714285714,10.285714285714286
"2021-12-18 00:00:00",0,2,0,0,9,10.285714285714286,10.142857142857142
"2021-12-19 00:00:00",0,0,1,0,6,10.285714285714286,9.285714285714286
"2021-12-20 00:00:00",0,0,0,0,5,10,9.714285714285714
"2021-12-21 00:00:00",0,1,1,0,8,9.428571428571429,9.857142857142858
"2021-12-22 00:00:00",0,0,0,0,11,10.285714285714286,9.571428571428571
"2021-12-23 00:00:00",0,2,0,0,6,9.142857142857142,10
"2021-12-24 00:00:00",0,1,1,0,6,8.571428571428571,9.142857142857142
"2021-12-25 00:00:00",0,1,0,0,11,8.714285714285714,9
"2021-12-26 00:00:00",0,1,0,0,7,8.857142857142858,9.285714285714286
"2021-12-27 00:00:00",0,1,0,0,7,9.285714285714286,8.714285714285714
"2021-12-28 00:00:00",0,0,0,0,6,8.714285714285714,8.857142857142858
"2021-12-29 00:00:00",0,0,0,0,7,8.142857142857142,9.142857142857142
"2021-12-30 00:00:00",0,0,0,0,6,7.857142857142857,8.285714285714286
"2021-12-31 00:00:00",0,0,0,0,4,7.285714285714286,8.142857142857142
"2022-01-01 00:00:00",0,1,0,0,6,6.571428571428571,7.857142857142857
"2022-01-02 00:00:00",0,0,1,0,8,6.714285714285714,7.714285714285714
"2022-01-03 00:00:00",0,1,1,0,8,7,8
"2022-01-04 00:00:00",0,0,0,0,5,6.857142857142857,8
"2022-01-05 00:00:00",0,2,0,0,8,7.285714285714286,8.142857142857142
"2022-01-06 00:00:00",0,0,0,0,10,7.857142857142857,8.285714285714286
"2022-01-07 00:00:00",0,2,0,0,8,8.714285714285714,7.857142857142857
"2022-01-08 00:00:00",0,0,0,0,11,9.285714285714286,8.285714285714286
"2022-01-09 00:00:00",0,1,0,0,8,9.285714285714286,8.857142857142858
"2022-01-10 00:00:00",0,0,0,0,11,9.428571428571429,9.142857142857142
"2022-01-11 00:00:00",0,0,0,0,5,9.428571428571429,9.428571428571429
"2022-01-12 00:00:00",0,0,1,0,10,9.571428571428571,9.285714285714286
"2022-01-13 00:00:00",0,0,0,0,6,9,9.571428571428571
"2022-01-14 00:00:00",0,1,0,0,7,8.714285714285714,9.714285714285714
"2022-01-15 00:00:00",0,0,1,0,8,8.428571428571429,9.142857142857142
"2022-01-16 00:00:00",0,1,1,0,9,8.714285714285714,8.857142857142858
"2022-01-17 00:00:00",0,1,1,0,9,8.714285714285714,8.857142857142858
"2022-01-18 00:00:00",0,1,0,0,8,9.285714285714286,8.714285714285714
"2022-01-19 00:00:00",0,1,0,0,9,9.142857142857142,8.571428571428571
"2022-01-20 00:00:00",0,2,0,0,9,9.857142857142858,8
"2022-01-21 00:00:00",0,0,0,0,3,9.142857142857142,9
"2022-01-22 00:00:00",0,1,0,0,11,9.571428571428571,9
"2022-01-23 00:00:00",0,0,0,0,7,9,8.857142857142858
"2022-01-24 00:00:00",0,1,0,0,6,8.428571428571429,8.285714285714286
"2022-01-25 00:00:00",0,2,0,0,9,8.714285714285714,8.428571428571429
"2022-01-26 00:00:00",0,0,0,0,7,8.285714285714286,8.571428571428571
"2022-01-27 00:00:00",0,0,0,0,8,7.857142857142857,8.428571428571429
"2022-01-28 00:00:00",0,0,1,0,7,8.571428571428571,8.571428571428571
"2022-01-29 00:00:00",0,0,0,0,9,8.142857142857142,8.857142857142858
"2022-01-30 00:00:00",0,0,0,0,9,8.428571428571429,9.571428571428571
"2022-01-31 00:00:00",0,1,0,0,8,8.714285714285714,10
"2022-02-01 00:00:00",0,1,0,0,7,8.285714285714286,9.142857142857142
"2022-02-02 00:00:00",0,0,0,0,8,8.428571428571429,9.142857142857142
"2022-02-03 00:00:00",0,1,0,0,5,8.142857142857142,9.428571428571429
"2022-02-04 00:00:00",0,0,0,0,12,8.714285714285714,8.857142857142858
"2022-02-05 00:00:00",0,2,0,0,7,8.714285714285714,9.142857142857142
"2022-02-06 00:00:00",0,0,0,0,7,8.428571428571429,8.714285714285714
"2022-02-07 00:00:00",0,1,0,0,8,8.428571428571429,8.714285714285714
"2022-02-08 00:00:00",0,1,0,0,11,9,9.285714285714286
"2022-02-09 00:00:00",0,1,0,0,6,8.857142857142858,9.571428571428571
"2022-02-10 00:00:00",0,0,0,0,9,9.285714285714286,9.857142857142858
"2022-02-11 00:00:00",0,2,0,0,9,9.142857142857142,9.714285714285714
"2022-02-12 00:00:00",0,1,0,0,9,9.285714285714286,9.857142857142858
"2022-02-13 00:00:00",0,0,0,0,13,10.142857142857142,9.428571428571429
"2022-02-14 00:00:00",0,0,0,0,6,9.714285714285714,8.857142857142858
"2022-02-15 00:00:00",0,0,0,0,13,9.857142857142858,9.285714285714286
"2022-02-16 00:00:00",0,0,1,0,9,10.285714285714286,9.142857142857142
"2022-02-17 00:00:00",0,1,0,0,10,10.571428571428571,9.428571428571429
"2022-02-18 00:00:00",0,1,0,0,8,10.285714285714286,9.142857142857142
"2022-02-19 00:00:00",0,1,0,0,7,10,8.714285714285714
"2022-02-20 00:00:00",0,1,0,0,7,9.285714285714286,8.285714285714286
"2022-02-21 00:00:00",0,2,0,0,8,9.857142857142858,8.285714285714286
"2022-02-22 00:00:00",0,0,0,0,11,9.571428571428571,7.714285714285714
"2022-02-23 00:00:00",0,1,0,0,9,9.571428571428571,8.142857142857142
"2022-02-24 00:00:00",0,0,0,0,8,9.142857142857142,7.428571428571429
"2022-02-25 00:00:00",0,1,0,0,11,9.571428571428571,7.714285714285714
"2022-02-26 00:00:00",0,0,0,0,10,9.857142857142858,8
"2022-02-27 00:00:00",0,0,0,0,13,10.571428571428571,9.285714285714286
"2022-02-28 00:00:00",0,0,0,0,10,10.571428571428571,9.285714285714286
"2022-03-01 00:00:00",0,0,0,0,9,10.285714285714286,9.571428571428571
"2022-03-02 00:00:00",0,1,0,0,9,10.285714285714286,9.142857142857142
"2022-03-03 00:00:00",0,1,0,0,7,10.285714285714286,9.571428571428571
"2022-03-04 00:00:00",0,0,0,0,7,9.571428571428571,9.714285714285714
"2022-03-05 00:00:00",0,0,0,0,14,10.142857142857142,9.285714285714286
"2022-03-06 00:00:00",0,0,0,0,10,9.714285714285714,8.285714285714286
"2022-03-07 00:00:00",0,0,0,0,6,9.142857142857142,8.285714285714286
"2022-03-08 00:00:00",0,1,0,0,9,9.285714285714286,8.428571428571429
"2022-03-09 00:00:00",0,0,0,0,10,9.285714285714286,8.714285714285714
"2022-03-10 00:00:00",0,1,0,0,10,9.714285714285714,8.285714285714286
"2022-03-11 00:00:00",0,0,0,0,9,10,8.571428571428571
"2022-03-12 00:00:00",0,1,1,0,10,9.714285714285714,9.571428571428571
"2022-03-13 00:00:00",0,1,0,0,9,9.714285714285714,10.142857142857142
"2022-03-14 00:00:00",0,0,0,0,8,10,10.571428571428571
"2022-03-15 00:00:00",0,0,0,0,7,9.571428571428571,10.428571428571429
"2022-03-16 00:00:00",0,0,0,0,7,9.142857142857142,10
"2022-03-17 00:00:00",0,1,0,0,3,8.142857142857142,10
"2022-03-18 00:00:00",0,0,0,0,8,8,9.142857142857142
"2022-03-19 00:00:00",0,2,0,0,10,8,8.285714285714286
"2022-03-20 00:00:00",0,0,0,0,8,7.714285714285714,8.142857142857142
"2022-03-21 00:00:00",0,1,0,0,10,8.142857142857142,7.857142857142857
"2022-03-22 00:00:00",0,2,0,0,10,8.857142857142858,7.714285714285714
"2022-03-23 00:00:00",0,0,0,0,6,8.714285714285714,7.285714285714286
"2022-03-24 00:00:00",0,3,0,0,8,9.714285714285714,7.428571428571429
"2022-03-25 00:00:00",0,1,0,0,9,10,7.857142857142857
"2022-03-26 00:00:00",0,1,0,0,8,9.571428571428571,8
"2022-03-27 00:00:00",0,0,0,0,10,9.857142857142858,8.285714285714286
"2022-03-28 00:00:00",0,1,0,0,11,10,9.142857142857142
"2022-03-29 00:00:00",0,2,0,0,11,10.142857142857142,8.857142857142858
"2022-03-30 00:00:00",0,2,0,0,9,10.857142857142858,9.142857142857142
"2022-03-31 00:00:00",0,1,0,0,9,10.714285714285714,9.714285714285714
"2022-04-01 00:00:00",0,1,0,0,10,10.857142857142858,10.142857142857142
"2022-04-02 00:00:00",0,0,0,0,7,10.571428571428571,10.714285714285714
"2022-04-03 00:00:00",0,2,0,0,6,10.285714285714286,10.714285714285714
"2022-04-04 00:00:00",0,0,1,0,12,10.428571428571429,10.428571428571429
"2022-04-05 00:00:00",0,1,0,0,8,9.857142857142858,10.857142857142858
"2022-04-06 00:00:00",0,1,0,0,8,9.571428571428571,11
"2022-04-07 00:00:00",0,1,0,0,8,9.428571428571429,10.285714285714286
"2022-04-08 00:00:00",0,0,0,0,9,9.142857142857142,10.714285714285714
"2022-04-09 00:00:00",0,1,0,0,11,9.857142857142858,10.142857142857142
"2022-04-10 00:00:00",0,1,0,0,6,9.714285714285714,10.571428571428571
"2022-04-11 00:00:00",0,2,0,0,6,9,10.285714285714286
"2022-04-12 00:00:00",0,0,0,0,13,9.571428571428571,10.428571428571429
"2022-04-13 00:00:00",0,1,0,0,8,9.571428571428571,10.714285714285714
"2022-04-14 00:00:00",0,3,0,0,9,10,10.714285714285714
"2022-04-15 00:00:00",0,0,0,0,11,10.285714285714286,9.857142857142858
"2022-04-16 00:00:00",0,1,0,0,7,9.714285714285714,10.285714285714286
"2022-04-17 00:00:00",0,0,0,0,4,9.285714285714286,9.428571428571429
"2022-04-18 00:00:00",0,0,0,0,9,9.428571428571429,9.428571428571429
"2022-04-19 00:00:00",0,0,0,0,11,9.142857142857142,9.285714285714286
"2022-04-20 00:00:00",0,0,0,0,10,9.285714285714286,9.285714285714286
"2022-04-21 00:00:00",0,1,0,0,7,8.714285714285714,9.285714285714286
"2022-04-22 00:00:00",0,1,0,0,10,8.714285714285714,9.428571428571429
"2022-04-23 00:00:00",0,0,0,0,8,8.714285714285714,9.142857142857142
"2022-04-24 00:00:00",0,1,0,0,8,9.428571428571429,9.571428571428571
"2022-04-25 00:00:00",0,1,0,0,8,9.428571428571429,9.285714285714286
"2022-04-26 00:00:00",0,1,0,0,12,9.714285714285714,9.714285714285714
"2022-04-27 00:00:00",0,1,0,0,6,9.285714285714286,9.857142857142858
"2022-04-28 00:00:00",0,0,0,0,9,9.428571428571429,10
"2022-04-29 00:00:00",0,0,0,0,10,9.285714285714286,9.714285714285714
"2022-04-30 00:00:00",0,1,0,0,10,9.714285714285714,9.714285714285714
"2022-05-01 00:00:00",0,2,0,0,10,10.142857142857142,9.285714285714286
"2022-05-02 00:00:00",0,0,0,0,12,10.571428571428571,9.142857142857142
"2022-05-03 00:00:00",0,0,0,0,8,9.857142857142858,8.714285714285714
"2022-05-04 00:00:00",0,1,0,0,11,10.571428571428571,8.857142857142858
"2022-05-05 00:00:00",0,0,0,0,9,10.571428571428571,9.142857142857142
"2022-05-06 00:00:00",0,1,0,0,11,10.857142857142858,9.428571428571429
"2022-05-07 00:00:00",0,0,0,0,11,10.857142857142858,9.285714285714286
"2022-05-08 00:00:00",0,0,0,0,10,10.571428571428571,9.714285714285714
"2022-05-09 00:00:00",0,1,0,0,9,10.285714285714286,9.428571428571429
"2022-05-10 00:00:00",0,2,0,0,8,10.571428571428571,9.428571428571429
"2022-05-11 00:00:00",0,1,0,0,10,10.428571428571429,8.714285714285714
"2022-05-12 00:00:00",0,0,0,0,7,10.142857142857142,8.428571428571429
"2022-05-13 00:00:00",0,1,1,0,10,10.142857142857142,8.428571428571429
"2022-05-14 00:00:00",0,2,0,0,12,10.571428571428571,8
"2022-05-15 00:00:00",0,0,0,0,6,10,7.428571428571429
"2022-05-16 00:00:00",0,1,0,0,9,10,8.285714285714286
"2022-05-17 00:00:00",0,0,0,0,7,9.571428571428571,8.142857142857142
"2022-05-18 00:00:00",0,1,0,0,8,9.285714285714286,8.142857142857142
"2022-05-19 00:00:00",0,0,0,0,8,9.428571428571429,7.428571428571429
"2022-05-20 00:00:00",0,2,0,0,7,9,8.142857142857142
"2022-05-21 00:00:00",0,0,0,0,13,8.857142857142858,8.285714285714286
"2022-05-22 00:00:00",0,0,0,0,9,9.285714285714286,8.714285714285714
"2022-05-23 00:00:00",0,0,0,0,10,9.285714285714286,8.142857142857142
"2022-05-24 00:00:00",0,1,0,0,11,10,8.428571428571429
"2022-05-25 00:00:00",0,1,0,0,6,9.714285714285714,8.571428571428571
"2022-05-26 00:00:00",0,0,0,0,12,10.285714285714286,9.428571428571429
"2022-05-27 00:00:00",0,3,0,0,6,10.285714285714286,8.714285714285714
"2022-05-28 00:00:00",0,0,0,0,12,10.142857142857142,8.857142857142858
"2022-05-29 00:00:00",0,1,0,0,8,10.142857142857142,8.142857142857142
"2022-05-30 00:00:00",0,1,0,0,13,10.714285714285714,8.714285714285714
"2022-05-31 00:00:00",0,1,0,0,8,10.285714285714286,8.142857142857142
"2022-06-01 00:00:00",0,0,0,0,13,11.142857142857142,8.571428571428571
"2022-06-02 00:00:00",0,0,0,0,9,10.714285714285714,8.285714285714286
"2022-06-03 00:00:00",0,1,0,0,7,10.571428571428571,8.714285714285714
"2022-06-04 00:00:00",0,0,0,0,13,10.714285714285714,8.857142857142858
"2022-06-05 00:00:00",0,2,0,0,11,11.285714285714286,10
"2022-06-06 00:00:00",0,0,0,0,9,10.571428571428571,10.285714285714286
"2022-06-07 00:00:00",0,1,0,0,7,10.428571428571429,10.714285714285714
"2022-06-08 00:00:00",0,0,0,0,13,10.428571428571429,10.285714285714286
"2022-06-09 00:00:00",0,1,0,0,10,10.714285714285714,10.428571428571429
"2022-06-10 00:00:00",0,1,1,0,10,11.285714285714286,10
"2022-06-11 00:00:00",0,0,0,0,9,10.714285714285714,10.142857142857142
"2022-06-12 00:00:00",0,1,0,0,10,10.428571428571429,9.714285714285714
"2022-06-13 00:00:00",0,0,0,0,12,10.857142857142858,9.714285714285714
"2022-06-14 00:00:00",0,2,0,0,7,11,9.571428571428571
"2022-06-15 00:00:00",0,1,0,0,8,10.428571428571429,9.571428571428571
"2022-06-16 00:00:00",0,0,0,0,9,10.142857142857142,9.142857142857142
"2022-06-17 00:00:00",0,1,0,0,11,10.142857142857142,8.857142857142858
"2022-06-18 00:00:00",0,1,0,0,10,10.428571428571429,8.571428571428571
"2022-06-19 00:00:00",0,0,0,0,7,9.857142857142858,8.571428571428571
"2022-06-20 00:00:00",0,1,0,0,9,9.571428571428571,8.285714285714286
"2022-06-21 00:00:00",0,0,0,0,10,9.714285714285714,8.285714285714286
"2022-06-22 00:00:00",0,0,0,0,11,10,8
"2022-06-23 00:00:00",0,0,0,0,9,10,8.857142857142858
"2022-06-24 00:00:00",0,0,0,0,5,9,9.428571428571429
"2022-06-25 00:00:00",0,1,0,0,11,9.142857142857142,9.285714285714286
"2022-06-26 00:00:00",0,2,0,0,7,9.428571428571429,8.571428571428571
"2022-06-27 00:00:00",0,1,0,0,12,9.857142857142858,8.285714285714286
"2022-06-28 00:00:00",0,0,0,0,12,10.142857142857142,8.714285714285714
"2022-06-29 00:00:00",0,1,0,0,8,9.857142857142858,9.571428571428571
"2022-06-30 00:00:00",0,2,0,0,9,10.142857142857142,8.714285714285714
"2022-07-01 00:00:00",0,0,0,0,15,11.571428571428571,8.571428571428571
"2022-07-02 00:00:00",0,0,0,0,7,10.857142857142858,8.857142857142858
"2022-07-03 00:00:00",0,0,0,0,10,11,9
"2022-07-04 00:00:00",0,1,0,0,11,10.857142857142858,8.571428571428571
"2022-07-05 00:00:00",0,0,0,0,10,10.571428571428571,8
"2022-07-06 00:00:00",0,0,0,0,6,10.142857142857142,7.142857142857143
"2022-07-07 00:00:00",0,1,0,0,6,9.571428571428571,7.142857142857143
"2022-07-08 00:00:00",0,1,0,0,9,8.857142857142858,8
"2022-07-09 00:00:00",0,1,0,0,10,9.428571428571429,7.857142857142857
"2022-07-10 00:00:00",0,0,0,0,9,9.285714285714286,9
"2022-07-11 00:00:00",0,0,0,0,10,9,9.428571428571429
"2022-07-12 00:00:00",0,0,0,0,6,8.428571428571429,9.285714285714286
"2022-07-13 00:00:00",0,1,0,0,9,9,10
"2022-07-14 00:00:00",0,2,0,0,9,9.571428571428571,10.285714285714286
"2022-07-15 00:00:00",0,0,0,0,10,9.571428571428571,9.571428571428571
"2022-07-16 00:00:00",0,1,0,0,9,9.428571428571429,9.857142857142858
"2022-07-17 00:00:00",0,0,0,0,8,9.285714285714286,9.285714285714286
"2022-07-18 00:00:00",0,1,0,0,5,8.714285714285714,8.571428571428571
"2022-07-19 00:00:00",0,0,0,0,8,9,9.428571428571429
"2022-07-20 00:00:00",0,0,0,0,9,8.857142857142858,9.142857142857142
"2022-07-21 00:00:00",0,2,0,0,9,8.857142857142858,9.857142857142858
"2022-07-22 00:00:00",0,0,0,0,12,9.142857142857142,10.428571428571429
"2022-07-23 00:00:00",0,0,0,0,5,8.428571428571429,10.285714285714286
"2022-07-24 00:00:00",0,0,0,0,13,9.142857142857142,10.142857142857142
"2022-07-25 00:00:00",0,0,1,0,8,9.571428571428571,11.857142857142858
"2022-07-26 00:00:00",0,0,0,0,10,9.857142857142858,11.714285714285714
"2022-07-27 00:00:00",0,0,0,0,2,8.857142857142858,11.857142857142858
"2022-07-28 00:00:00",0,0,0,0,1,7.428571428571429,11.714285714285714
"2022-07-29 00:00:00",0,0,0,0,4,6.285714285714286,10.857142857142858
"2022-07-30 00:00:00",0,0,0,0,8,6.714285714285714,11
"2022-07-31 00:00:00",0,1,0,0,6,5.857142857142857,10.714285714285714
"2022-08-01 00:00:00",0,0,0,0,9,5.857142857142857,9
"2022-08-02 00:00:00",0,1,0,0,6,5.428571428571429,9.285714285714286
"2022-08-03 00:00:00",0,0,0,0,7,6.142857142857143,9
"2022-08-04 00:00:00",0,1,0,0,15,8.285714285714286,8.285714285714286
"2022-08-05 00:00:00",0,2,0,0,9,9.285714285714286,8.142857142857142
"2022-08-06 00:00:00",0,1,0,0,8,9.428571428571429,8.428571428571429
"2022-08-07 00:00:00",0,0,0,0,6,9.285714285714286,8.714285714285714
"2022-08-08 00:00:00",0,0,0,0,10,9.428571428571429,9.285714285714286
"2022-08-09 00:00:00",0,0,0,0,10,9.857142857142858,9.142857142857142
"2022-08-10 00:00:00",0,1,0,0,9,10.285714285714286,9.714285714285714
"2022-08-11 00:00:00",0,0,0,0,11,9.571428571428571,11
"2022-08-12 00:00:00",0,0,0,0,9,9.285714285714286,11
"2022-08-13 00:00:00",0,1,1,0,12,10,10.285714285714286
"2022-08-14 00:00:00",0,0,0,0,8,10.285714285714286,10.428571428571429
"2022-08-15 00:00:00",0,0,0,0,6,9.714285714285714,10.428571428571429
"2022-08-16 00:00:00",0,0,0,0,11,9.857142857142858,10
"2022-08-17 00:00:00",0,0,0,0,13,10.285714285714286,9.714285714285714
"2022-08-18 00:00:00",0,0,0,0,9,10,9
"2022-08-19 00:00:00",0,0,0,0,9,10,8.714285714285714
"2022-08-20 00:00:00",0,0,0,0,10,9.428571428571429,9.142857142857142
"2022-08-21 00:00:00",0,0,1,0,9,9.714285714285714,9.142857142857142
"2022-08-22 00:00:00",0,0,0,0,11,10.428571428571429,9.285714285714286
"2022-08-23 00:00:00",0,1,0,0,7,10,9.857142857142858
"2022-08-24 00:00:00",0,0,0,0,12,9.857142857142858,9.285714285714286
"2022-08-25 00:00:00",0,0,0,0,10,10,9.571428571428571
"2022-08-26 00:00:00",0,0,0,0,11,10.285714285714286,10.285714285714286
"2022-08-27 00:00:00",0,0,0,0,8,10,10.714285714285714
"2022-08-28 00:00:00",0,1,0,0,7,9.714285714285714,10.857142857142858
"2022-08-29 00:00:00",0,2,0,0,11,10,11
"2022-08-30 00:00:00",0,0,0,0,9,10.142857142857142,10.857142857142858
"2022-08-31 00:00:00",0,1,0,0,8,9.714285714285714,11.142857142857142
"2022-09-01 00:00:00",0,2,1,0,8,9.857142857142858,10.428571428571429
"2022-09-02 00:00:00",0,0,0,0,12,10,10.857142857142858
"2022-09-03 00:00:00",0,1,0,0,9,10.285714285714286,10
"2022-09-04 00:00:00",0,0,0,0,5,9.857142857142858,10.142857142857142
"2022-09-05 00:00:00",0,1,0,0,9,9.428571428571429,9.714285714285714
"2022-09-06 00:00:00",0,1,0,0,8,9.428571428571429,9.285714285714286
"2022-09-07 00:00:00",0,1,0,0,8,9.428571428571429,9.428571428571429
"2022-09-08 00:00:00",0,0,0,0,11,9.428571428571429,9.857142857142858
"2022-09-09 00:00:00",0,0,0,0,12,9.428571428571429,8.857142857142858
"2022-09-10 00:00:00",0,2,0,0,11,9.857142857142858,9.285714285714286
"2022-09-11 00:00:00",0,1,0,0,12,11,8.428571428571429
"2022-09-12 00:00:00",0,2,0,0,12,11.571428571428571,9.142857142857142
"2022-09-13 00:00:00",0,1,0,0,10,11.857142857142858,9.142857142857142
"2022-09-14 00:00:00",0,1,0,0,8,11.857142857142858,9.285714285714286
"2022-09-15 00:00:00",0,0,0,0,8,11.428571428571429,9.571428571428571
"2022-09-16 00:00:00",0,0,1,0,8,11,10.285714285714286
"2022-09-17 00:00:00",0,0,0,0,9,10.428571428571429,10
"2022-09-18 00:00:00",0,1,0,0,7,9.714285714285714,10.142857142857142
"2022-09-19 00:00:00",0,1,0,0,8,9,10
"2022-09-20 00:00:00",0,0,2,0,14,9.714285714285714,10.428571428571429
"2022-09-21 00:00:00",0,0,0,0,6,9.285714285714286,10.428571428571429
"2022-09-22 00:00:00",0,0,0,0,13,10,10.142857142857142
"2022-09-23 00:00:00",0,1,0,0,7,9.857142857142858,9.857142857142858
"2022-09-24 00:00:00",0,1,0,0,8,9.857142857142858,9.714285714285714
"2022-09-25 00:00:00",0,1,0,0,9,10.142857142857142,10
"2022-09-26 00:00:00",0,2,0,0,7,10.142857142857142,10.285714285714286
"2022-09-27 00:00:00",0,1,0,0,9,9.285714285714286,10
"2022-09-28 00:00:00",0,1,0,0,7,9.571428571428571,10
"2022-09-29 00:00:00",0,2,0,0,7,9,9.285714285714286
"2022-09-30 00:00:00",0,0,0,0,10,9.285714285714286,9.285714285714286
"2022-10-01 00:00:00",0,0,1,0,11,9.714285714285714,9.428571428571429
"2022-10-02 00:00:00",0,0,0,0,4,8.857142857142858,9.285714285714286
"2022-10-03 00:00:00",0,0,0,0,10,9,8.285714285714286
"2022-10-04 00:00:00",0,0,0,0,11,9.142857142857142,7.857142857142857
"2022-10-05 00:00:00",0,0,0,0,9,9.285714285714286,8.142857142857142
"2022-10-06 00:00:00",0,0,0,0,7,9,9.142857142857142
"2022-10-07 00:00:00",0,0,0,0,10,9,9.142857142857142
"2022-10-08 00:00:00",0,0,0,0,11,8.857142857142858,10
"2022-10-09 00:00:00",0,1,0,0,9,9.714285714285714,9.857142857142858
"2022-10-10 00:00:00",0,1,0,0,7,9.428571428571429,10.714285714285714
"2022-10-11 00:00:00",0,0,0,0,7,8.857142857142858,11.857142857142858
"2022-10-12 00:00:00",0,1,0,0,10,9.142857142857142,11.571428571428571
"2022-10-13 00:00:00",0,0,0,0,11,9.714285714285714,11.142857142857142
"2022-10-14 00:00:00",0,1,0,0,6,9.285714285714286,11.428571428571429
"2022-10-15 00:00:00",0,1,0,0,9,9.142857142857142,10.714285714285714
"2022-10-16 00:00:00",0,1,0,0,11,9.428571428571429,10.714285714285714
"2022-10-17 00:00:00",0,2,0,0,6,9.428571428571429,11.285714285714286
"2022-10-18 00:00:00",0,0,0,0,13,10.285714285714286,10.571428571428571
"2022-10-19 00:00:00",0,1,0,0,8,10,10.571428571428571
"2022-10-20 00:00:00",0,0,0,0,9,9.714285714285714,11
"2022-10-21 00:00:00",0,2,0,0,5,9.714285714285714,10.714285714285714
"2022-10-22 00:00:00",0,0,0,0,9,9.571428571428571,10.285714285714286
"2022-10-23 00:00:00",0,0,0,0,10,9.285714285714286,11.142857142857142
"2022-10-24 00:00:00",0,1,0,0,8,9.428571428571429,10.142857142857142
"2022-10-25 00:00:00",0,1,0,0,8,8.857142857142858,9.571428571428571
"2022-10-26 00:00:00",0,2,0,0,11,9.428571428571429,8.714285714285714
"2022-10-27 00:00:00",0,0,0,0,6,9,7.857142857142857
"2022-10-28 00:00:00",0,1,0,0,9,9.428571428571429,7.857142857142857
"2022-10-29 00:00:00",0,1,0,0,6,9.142857142857142,8.142857142857142
"2022-10-30 00:00:00",0,0,0,0,11,9.285714285714286,8.142857142857142
"2022-10-31 00:00:00",0,1,0,0,12,9.857142857142858,8.285714285714286
"2022-11-01 00:00:00",0,1,0,0,6,9.571428571428571,8.714285714285714
"2022-11-02 00:00:00",0,0,0,0,9,9,9.857142857142858
"2022-11-03 00:00:00",0,0,0,0,7,9.142857142857142,10.714285714285714
"2022-11-04 00:00:00",0,0,0,0,9,9,10.714285714285714
"2022-11-05 00:00:00",0,2,0,0,11,9.857142857142858,11.714285714285714
"2022-11-06 00:00:00",0,1,0,0,9,9.714285714285714,11.714285714285714
"2022-11-07 00:00:00",0,0,0,0,5,8.571428571428571,12.142857142857142
"2022-11-08 00:00:00",0,0,0,0,6,8.428571428571429,12
"2022-11-09 00:00:00",0,0,0,0,8,8.285714285714286,11.571428571428571
"2022-11-10 00:00:00",1,0,0,0,11,9,11.428571428571429
"2022-11-11 00:00:00",0,1,0,0,6,8.714285714285714,11.714285714285714
"2022-11-12 00:00:00",0,1,0,0,7,8,11
"2022-11-13 00:00:00",0,1,0,0,5,7.428571428571429,10.857142857142858
"2022-11-14 00:00:00",0,1,0,0,11,8.428571428571429,10.142857142857142
"2022-11-15 00:00:00",0,2,0,0,10,9.285714285714286,10.428571428571429
"2022-11-16 00:00:00",0,1,0,0,4,8.857142857142858,10.857142857142858
"2022-11-17 00:00:00",0,1,0,0,10,8.714285714285714,10.285714285714286
"2022-11-18 00:00:00",1,0,0,0,9,9.142857142857142,10
"2022-11-19 00:00:00",0,0,0,0,7,9,10.714285714285714
"2022-11-20 00:00:00",0,0,0,0,5,8.857142857142858,10
"2022-11-21 00:00:00",0,1,0,0,12,9,10
"2022-11-22 00:00:00",0,1,0,0,9,8.714285714285714,10.285714285714286
"2022-11-23 00:00:00",0,0,0,0,9,9.285714285714286,10.571428571428571
"2022-11-24 00:00:00",0,0,0,0,9,9,10.142857142857142
"2022-11-25 00:00:00",0,1,0,0,7,8.714285714285714,10
"2022-11-26 00:00:00",0,1,0,0,11,9.428571428571429,9.571428571428571
"2022-11-27 00:00:00",0,1,0,0,9,10.142857142857142,9.714285714285714
"2022-11-28 00:00:00",0,0,0,0,7,9.285714285714286,10.142857142857142
"2022-11-29 00:00:00",0,1,0,0,10,9.428571428571429,10.142857142857142
"2022-11-30 00:00:00",0,1,0,0,11,9.857142857142858,9.571428571428571
"2022-12-01 00:00:00",0,0,0,0,12,10.285714285714286,10.428571428571429
"2022-12-02 00:00:00",0,1,0,0,10,10.714285714285714,10.285714285714286
"2022-12-03 00:00:00",0,1,0,0,5,9.857142857142858,9.714285714285714
"2022-12-04 00:00:00",0,0,0,0,6,9.285714285714286,10
"2022-12-05 00:00:00",0,2,0,0,10,10,9.428571428571429
"2022-12-06 00:00:00",0,1,0,0,8,9.714285714285714,9
"2022-12-07 00:00:00",0,1,0,0,6,9,9.142857142857142
"2022-12-08 00:00:00",0,1,0,0,9,8.714285714285714,8.571428571428571
"2022-12-09 00:00:00",0,0,0,0,14,9.142857142857142,9
"2022-12-10 00:00:00",0,0,0,0,12,10,9.285714285714286
"2022-12-11 00:00:00",0,0,1,0,6,10.142857142857142,8.857142857142858
"2022-12-12 00:00:00",0,0,0,0,9,9.714285714285714,8.857142857142858
"2022-12-13 00:00:00",0,0,0,0,11,10,8.571428571428571
"2022-12-14 00:00:00",0,1,0,0,6,10,9
"2022-12-15 00:00:00",0,1,0,0,5,9.428571428571429,8.714285714285714
"2022-12-16 00:00:00",0,0,0,0,10,8.857142857142858,9.428571428571429
"2022-12-17 00:00:00",0,1,0,0,7,8.285714285714286,9.714285714285714
"2022-12-18 00:00:00",1,0,0,0,13,9.285714285714286,10.285714285714286
"2022-12-19 00:00:00",0,1,0,0,9,9.428571428571429,10.285714285714286
"2022-12-20 00:00:00",0,1,0,0,8,9.142857142857142,10
"2022-12-21 00:00:00",0,0,0,0,10,9.571428571428571,9.428571428571429
"2022-12-22 00:00:00",0,2,0,0,8,10.142857142857142,10.285714285714286
"2022-12-23 00:00:00",0,0,0,0,5,9.428571428571429,9.142857142857142
"2022-12-24 00:00:00",0,2,0,0,10,10,8.571428571428571
"2022-12-25 00:00:00",0,1,1,0,7,9.285714285714286,8.714285714285714
"2022-12-26 00:00:00",0,1,1,0,13,10,8.857142857142858
"2022-12-27 00:00:00",1,0,0,0,7,9.857142857142858,9.285714285714286
"2022-12-28 00:00:00",0,2,0,0,14,10.714285714285714,8.714285714285714
"2022-12-29 00:00:00",0,1,0,0,12,11.142857142857142,8.142857142857142
"2022-12-30 00:00:00",0,0,0,0,12,12.142857142857142,7.857142857142857
"2022-12-31 00:00:00",0,1,0,0,6,11.428571428571429,7.285714285714286
"2023-01-01 00:00:00",0,0,0,0,5,10.857142857142858,6.571428571428571
"2023-01-02 00:00:00",0,1,1,0,11,10.571428571428571,6.714285714285714
"2023-01-03 00:00:00",0,0,0,0,11,11,7
"2023-01-04 00:00:00",0,0,0,0,11,10.285714285714286,6.857142857142857
"2023-01-05 00:00:00",0,1,0,0,7,9.571428571428571,7.285714285714286
"2023-01-06 00:00:00",0,0,0,0,7,8.857142857142858,7.857142857142857
"2023-01-07 00:00:00",0,1,0,0,10,9.428571428571429,8.714285714285714
"2023-01-08 00:00:00",0,1,0,0,4,9.428571428571429,9.285714285714286
"2023-01-09 00:00:00",0,0,0,0,9,8.857142857142858,9.285714285714286
"2023-01-10 00:00:00",0,1,0,0,7,8.428571428571429,9.428571428571429
"2023-01-11 00:00:00",0,2,0,0,5,7.857142857142857,9.428571428571429
"2023-01-12 00:00:00",0,1,0,0,6,7.714285714285714,9.571428571428571
"2023-01-13 00:00:00",0,1,0,0,6,7.714285714285714,9
"2023-01-14 00:00:00",0,1,0,0,13,8.142857142857142,8.714285714285714
"2023-01-15 00:00:00",0,0,0,0,7,8.428571428571429,8.428571428571429
"2023-01-16 00:00:00",0,2,0,0,10,8.857142857142858,8.714285714285714
"2023-01-17 00:00:00",0,1,0,0,10,9.285714285714286,8.714285714285714
"2023-01-18 00:00:00",1,1,0,0,7,9.571428571428571,9.285714285714286
"2023-01-19 00:00:00",0,2,0,0,10,10.285714285714286,9.142857142857142
"2023-01-20 00:00:00",0,1,0,0,9,10.714285714285714,9.857142857142858
"2023-01-21 00:00:00",0,1,0,0,7,9.857142857142858,9.142857142857142
"2023-01-22 00:00:00",0,1,0,0,8,10.142857142857142,9.571428571428571
"2023-01-23 00:00:00",1,2,0,0,10,10.285714285714286,9
"2023-01-24 00:00:00",0,0,0,0,8,9.857142857142858,8.428571428571429
"2023-01-25 00:00:00",0,1,0,0,10,10.142857142857142,8.714285714285714
"2023-01-26 00:00:00",0,0,0,0,5,9.142857142857142,8.285714285714286
"2023-01-27 00:00:00",0,0,0,0,9,9,7.857142857142857
"2023-01-28 00:00:00",0,0,0,0,8,9,8.571428571428571
"2023-01-29 00:00:00",0,0,0,0,5,8.428571428571429,8.142857142857142
"2023-01-30 00:00:00",0,0,0,0,6,7.428571428571429,8.428571428571429
"2023-01-31 00:00:00",0,2,0,0,6,7.428571428571429,8.714285714285714
"2023-02-01 00:00:00",0,0,0,0,7,6.857142857142857,8.285714285714286
"2023-02-02 00:00:00",0,2,0,0,7,7.428571428571429,8.428571428571429
"2023-02-03 00:00:00",0,1,0,0,8,7.428571428571429,8.142857142857142
"2023-02-04 00:00:00",0,2,0,0,5,7.285714285714286,8.714285714285714
"2023-02-05 00:00:00",0,0,0,0,9,7.857142857142857,8.714285714285714
"2023-02-06 00:00:00",0,1,0,0,8,8.285714285714286,8.428571428571429
"2023-02-07 00:00:00",0,1,0,0,4,7.857142857142857,8.428571428571429
"2023-02-08 00:00:00",0,1,0,0,14,9,9
"2023-02-09 00:00:00",0,0,0,0,6,8.571428571428571,8.857142857142858
"2023-02-10 00:00:00",0,1,0,0,3,7.857142857142857,9.285714285714286
"2023-02-11 00:00:00",0,1,0,0,9,8.285714285714286,9.142857142857142
"2023-02-12 00:00:00",1,0,0,0,8,8.285714285714286,9.285714285714286
"2023-02-13 00:00:00",0,0,1,0,13,9,10.142857142857142
"2023-02-14 00:00:00",1,0,0,0,11,10,9.714285714285714
"2023-02-15 00:00:00",0,1,0,0,9,9.285714285714286,9.857142857142858
"2023-02-16 00:00:00",0,0,0,0,9,9.714285714285714,10.285714285714286
"2023-02-17 00:00:00",0,1,0,0,10,10.714285714285714,10.571428571428571
"2023-02-18 00:00:00",0,0,0,0,5,10,10.285714285714286
"2023-02-19 00:00:00",0,1,0,0,10,10.285714285714286,10
"2023-02-20 00:00:00",0,0,0,0,8,9.428571428571429,9.285714285714286
"2023-02-21 00:00:00",0,0,0,0,8,8.857142857142858,9.857142857142858
"2023-02-22 00:00:00",0,0,0,0,10,8.857142857142858,9.571428571428571
"2023-02-23 00:00:00",0,2,0,0,8,9,9.571428571428571
"2023-02-24 00:00:00",0,0,0,0,7,8.428571428571429,9.142857142857142
"2023-02-25 00:00:00",0,1,0,0,11,9.428571428571429,9.571428571428571
"2023-02-26 00:00:00",0,1,0,0,10,9.428571428571429,9.857142857142858
"2023-02-27 00:00:00",0,1,0,0,13,10.285714285714286,10.571428571428571
"2023-02-28 00:00:00",0,1,0,0,7,10.285714285714286,10.571428571428571
"2023-03-01 00:00:00",0,1,0,0,8,10.142857142857142,10.285714285714286
"2023-03-02 00:00:00",0,0,0,0,7,9.714285714285714,10.285714285714286
"2023-03-03 00:00:00",0,1,0,0,7,9.857142857142858,10.285714285714286
"2023-03-04 00:00:00",0,1,0,0,14,10.285714285714286,9.571428571428571
"2023-03-05 00:00:00",0,1,0,0,11,10.428571428571429,10.142857142857142
"2023-03-06 00:00:00",0,0,0,0,14,10.428571428571429,9.714285714285714
"2023-03-07 00:00:00",0,0,0,0,8,10.428571428571429,9.142857142857142
"2023-03-08 00:00:00",0,0,0,0,11,10.714285714285714,9.285714285714286
"2023-03-09 00:00:00",0,0,0,0,9,11,9.285714285714286
"2023-03-10 00:00:00",0,0,0,0,13,11.714285714285714,9.714285714285714
"2023-03-11 00:00:00",0,1,0,0,8,10.857142857142858,10
"2023-03-12 00:00:00",0,0,0,0,8,10.285714285714286,9.714285714285714
"2023-03-13 00:00:00",0,2,0,0,11,10.142857142857142,9.714285714285714
"2023-03-14 00:00:00",1,2,0,0,8,10.571428571428571,10
"2023-03-15 00:00:00",0,0,0,0,10,10.428571428571429,9.571428571428571
"2023-03-16 00:00:00",0,0,0,0,11,10.714285714285714,9.142857142857142
"2023-03-17 00:00:00",0,1,0,0,9,10.285714285714286,8.142857142857142
"2023-03-18 00:00:00",0,1,0,0,8,10.285714285714286,8
"2023-03-19 00:00:00",0,1,0,0,8,10.428571428571429,8
"2023-03-20 00:00:00",0,1,0,0,7,9.714285714285714,7.714285714285714
"2023-03-21 00:00:00",1,0,0,0,10,9.714285714285714,8.142857142857142
"2023-03-22 00:00:00",0,0,0,0,9,9.571428571428571,8.857142857142858
"2023-03-23 00:00:00",0,0,0,0,9,9.285714285714286,8.714285714285714
"2023-03-24 00:00:00",0,1,0,0,13,9.857142857142858,9.714285714285714
"2023-03-25 00:00:00",0,1,0,0,9,10,10
"2023-03-26 00:00:00",0,0,0,0,12,10.428571428571429,9.571428571428571
"2023-03-27 00:00:00",0,0,0,0,9,10.571428571428571,9.857142857142858
"2023-03-28 00:00:00",0,2,0,0,8,10.428571428571429,10
"2023-03-29 00:00:00",0,1,0,0,7,10.285714285714286,10.142857142857142
"2023-03-30 00:00:00",0,1,0,0,12,10.857142857142858,10.857142857142858
"2023-03-31 00:00:00",0,1,0,0,12,10.714285714285714,10.714285714285714
"2023-04-01 00:00:00",0,0,0,0,8,10.428571428571429,10.857142857142858
"2023-04-02 00:00:00",0,1,0,0,5,9.571428571428571,10.571428571428571
"2023-04-03 00:00:00",0,2,0,0,9,9.857142857142858,10.285714285714286
"2023-04-04 00:00:00",0,0,0,0,8,9.571428571428571,10.428571428571429
"2023-04-05 00:00:00",0,1,0,0,10,10,9.857142857142858
"2023-04-06 00:00:00",0,1,0,0,13,10.142857142857142,9.571428571428571
"2023-04-07 00:00:00",0,1,0,0,10,9.857142857142858,9.428571428571429
"2023-04-08 00:00:00",0,1,0,0,9,10.142857142857142,9.142857142857142
"2023-04-09 00:00:00",0,0,0,0,10,10.714285714285714,9.857142857142858
"2023-04-10 00:00:00",0,2,0,0,9,10.714285714285714,9.714285714285714
"2023-04-11 00:00:00",0,2,0,0,8,11,9
"2023-04-12 00:00:00",0,0,0,0,11,11,9.571428571428571
"2023-04-13 00:00:00",0,2,0,0,12,11,9.571428571428571
"2023-04-14 00:00:00",0,0,0,0,10,10.857142857142858,10
"2023-04-15 00:00:00",0,1,0,0,9,10.857142857142858,10.285714285714286
"2023-04-16 00:00:00",0,1,0,0,9,10.857142857142858,9.714285714285714
"2023-04-17 00:00:00",0,2,0,0,9,10.857142857142858,9.285714285714286
"2023-04-18 00:00:00",0,0,0,0,10,10.857142857142858,9.428571428571429
"2023-04-19 00:00:00",0,2,0,0,6,10.428571428571429,9.142857142857142
"2023-04-20 00:00:00",0,0,0,0,7,9.428571428571429,9.285714285714286
"2023-04-21 00:00:00",0,0,0,0,9,9.285714285714286,8.714285714285714
"2023-04-22 00:00:00",0,0,0,0,14,9.857142857142858,8.714285714285714
"2023-04-23 00:00:00",0,0,0,0,12,10.142857142857142,8.714285714285714
"2023-04-24 00:00:00",0,0,0,0,3,9,9.428571428571429
"2023-04-25 00:00:00",0,1,0,0,11,9.285714285714286,9.428571428571429
"2023-04-26 00:00:00",0,1,0,0,12,10,9.714285714285714
"2023-04-27 00:00:00",0,0,0,0,8,10.142857142857142,9.285714285714286
"2023-04-28 00:00:00",0,2,0,0,6,10,9.428571428571429
"2023-04-29 00:00:00",1,0,0,0,9,9.428571428571429,9.285714285714286
"2023-04-30 00:00:00",0,2,0,0,7,9,9.714285714285714
"2023-05-01 00:00:00",0,0,0,0,8,9.714285714285714,10.142857142857142
"2023-05-02 00:00:00",0,2,0,0,11,9.857142857142858,10.571428571428571
"2023-05-03 00:00:00",0,0,1,0,5,8.857142857142858,9.857142857142858
"2023-05-04 00:00:00",0,1,0,0,10,9.285714285714286,10.571428571428571
"2023-05-05 00:00:00",0,0,0,0,10,9.571428571428571,10.571428571428571
"2023-05-06 00:00:00",1,0,0,0,8,9.428571428571429,10.857142857142858
"2023-05-07 00:00:00",0,0,0,0,10,9.571428571428571,10.857142857142858
"2023-05-08 00:00:00",0,1,0,0,9,9.857142857142858,10.571428571428571
"2023-05-09 00:00:00",0,0,0,0,11,9.571428571428571,10.285714285714286
"2023-05-10 00:00:00",0,1,0,0,13,10.714285714285714,10.571428571428571
"2023-05-11 00:00:00",0,1,0,0,11,10.857142857142858,10.428571428571429
"2023-05-12 00:00:00",0,2,0,0,12,11.428571428571429,10.142857142857142
"2023-05-13 00:00:00",0,0,0,0,7,11.142857142857142,10.142857142857142
"2023-05-14 00:00:00",0,2,0,0,9,11.285714285714286,10.571428571428571
"2023-05-15 00:00:00",0,0,0,0,7,10.857142857142858,10
"2023-05-16 00:00:00",0,2,0,0,10,11,10
"2023-05-17 00:00:00",0,1,0,0,10,10.571428571428571,9.571428571428571
"2023-05-18 00:00:00",0,0,0,0,6,9.714285714285714,9.285714285714286
"2023-05-19 00:00:00",0,2,0,0,10,9.428571428571429,9.428571428571429
"2023-05-20 00:00:00",0,0,0,0,8,9.571428571428571,9
"2023-05-21 00:00:00",0,1,0,0,7,9.142857142857142,8.857142857142858
"2023-05-22 00:00:00",0,0,0,0,14,10.142857142857142,9.285714285714286
"2023-05-23 00:00:00",0,0,0,0,7,9.428571428571429,9.285714285714286
"2023-05-24 00:00:00",0,1,0,0,10,9.428571428571429,10
"2023-05-25 00:00:00",0,0,0,0,8,9.714285714285714,9.714285714285714
"2023-05-26 00:00:00",0,0,0,0,9,9.285714285714286,10.285714285714286
"2023-05-27 00:00:00",0,2,0,0,9,9.714285714285714,10.285714285714286
"2023-05-28 00:00:00",0,0,0,0,11,10.142857142857142,10.142857142857142
"2023-05-29 00:00:00",0,0,0,0,8,9.285714285714286,10.142857142857142
"2023-05-30 00:00:00",0,1,0,0,12,10.142857142857142,10.714285714285714
"2023-05-31 00:00:00",0,0,0,0,9,9.857142857142858,10.285714285714286
"2023-06-01 00:00:00",0,0,0,0,11,10.285714285714286,11.142857142857142
"2023-06-02 00:00:00",0,2,0,0,12,11,10.714285714285714
"2023-06-03 00:00:00",0,1,0,0,8,10.714285714285714,10.571428571428571
"2023-06-04 00:00:00",0,0,0,0,8,10.285714285714286,10.714285714285714
"2023-06-05 00:00:00",1,1,0,0,11,11,11.285714285714286
"2023-06-06 00:00:00",0,1,0,0,5,10,10.571428571428571
"2023-06-07 00:00:00",0,0,0,0,11,10.285714285714286,10.428571428571429
"2023-06-08 00:00:00",0,1,0,0,11,10.428571428571429,10.428571428571429
"2023-06-09 00:00:00",0,0,0,0,6,9.285714285714286,10.714285714285714
"2023-06-10 00:00:00",0,1,0,0,14,10.142857142857142,11.285714285714286
"2023-06-11 00:00:00",0,1,1,0,9,10.571428571428571,10.714285714285714
"2023-06-12 00:00:00",0,2,0,0,4,9.571428571428571,10.428571428571429
"2023-06-13 00:00:00",0,0,0,0,6,9.571428571428571,10.857142857142858
"2023-06-14 00:00:00",0,0,0,0,11,9.571428571428571,11
"2023-06-15 00:00:00",0,0,0,0,6,8.714285714285714,10.428571428571429
"2023-06-16 00:00:00",0,2,0,0,9,9.428571428571429,10.142857142857142
"2023-06-17 00:00:00",0,0,0,0,11,8.857142857142858,10.142857142857142
"2023-06-18 00:00:00",0,1,0,0,11,9,10.428571428571429
"2023-06-19 00:00:00",0,0,0,0,7,9.142857142857142,9.857142857142858
"2023-06-20 00:00:00",1,0,0,0,8,9.571428571428571,9.571428571428571
"2023-06-21 00:00:00",0,1,0,0,9,9.428571428571429,9.714285714285714
"2023-06-22 00:00:00",0,1,0,0,13,10.571428571428571,10
"2023-06-23 00:00:00",0,0,0,0,11,10.571428571428571,10
"2023-06-24 00:00:00",0,0,0,0,9,10.285714285714286,9
"2023-06-25 00:00:00",0,1,1,0,8,10,9.142857142857142
"2023-06-26 00:00:00",0,1,0,0,10,10.571428571428571,9.428571428571429
"2023-06-27 00:00:00",0,0,0,0,8,10.428571428571429,9.857142857142858
"2023-06-28 00:00:00",0,1,0,0,8,10.285714285714286,10.142857142857142
"2023-06-29 00:00:00",1,1,0,0,14,10.571428571428571,9.857142857142858
"2023-06-30 00:00:00",0,2,0,0,12,11,10.142857142857142
"2023-07-01 00:00:00",0,0,0,0,9,11,11.571428571428571
"2023-07-02 00:00:00",0,2,0,0,13,11.714285714285714,10.857142857142858
"2023-07-03 00:00:00",0,0,0,0,11,11.714285714285714,11
"2023-07-04 00:00:00",0,0,0,0,9,11.857142857142858,10.857142857142858
"2023-07-05 00:00:00",0,0,0,0,8,11.714285714285714,10.571428571428571
"2023-07-06 00:00:00",0,0,0,0,14,11.428571428571429,10.142857142857142
"2023-07-07 00:00:00",0,1,0,0,8,10.714285714285714,9.571428571428571
"2023-07-08 00:00:00",0,0,0,0,9,10.714285714285714,8.857142857142858
"2023-07-09 00:00:00",0,1,0,0,7,9.714285714285714,9.428571428571429
"2023-07-10 00:00:00",0,2,0,0,10,9.857142857142858,9.285714285714286
"2023-07-11 00:00:00",0,0,0,0,9,9.857142857142858,9
"2023-07-12 00:00:00",0,3,0,0,8,10.285714285714286,8.428571428571429
"2023-07-13 00:00:00",0,0,0,0,10,9.714285714285714,9
"2023-07-14 00:00:00",0,1,0,0,7,9.571428571428571,9.571428571428571
"2023-07-15 00:00:00",0,2,0,0,9,9.857142857142858,9.571428571428571
"2023-07-16 00:00:00",0,0,0,0,7,9.714285714285714,9.428571428571429
"2023-07-17 00:00:00",0,2,0,0,8,9.428571428571429,9.285714285714286
"2023-07-18 00:00:00",1,1,0,0,8,9.571428571428571,8.714285714285714
"2023-07-19 00:00:00",0,0,0,0,8,9.142857142857142,9
"2023-07-20 00:00:00",0,1,0,0,11,9.428571428571429,8.857142857142858
"2023-07-21 00:00:00",0,0,0,0,10,9.714285714285714,8.857142857142858
"2023-07-22 00:00:00",0,1,0,0,5,9,9.142857142857142
"2023-07-23 00:00:00",0,0,0,0,13,9.857142857142858,8.428571428571429
"2023-07-24 00:00:00",0,0,0,0,13,10.285714285714286,9.142857142857142
"2023-07-25 00:00:00",0,0,0,0,8,10,9.571428571428571
"2023-07-26 00:00:00",0,0,0,0,10,10.285714285714286,9.857142857142858
"2023-07-27 00:00:00",0,1,0,0,9,10,8.857142857142858
"2023-07-28 00:00:00",0,0,0,0,8,9.714285714285714,7.428571428571429
"2023-07-29 00:00:00",0,2,0,0,10,10.571428571428571,6.285714285714286
"2023-07-30 00:00:00",0,1,0,0,7,9.857142857142858,6.714285714285714
"2023-07-31 00:00:00",0,0,0,0,6,8.857142857142858,5.857142857142857
"2023-08-01 00:00:00",0,0,0,0,9,9,5.857142857142857
"2023-08-02 00:00:00",0,1,0,0,10,9.142857142857142,5.428571428571429
"2023-08-03 00:00:00",0,1,0,0,10,9.285714285714286,6.142857142857143
"2023-08-04 00:00:00",0,2,0,0,9,9.714285714285714,8.285714285714286
"2023-08-05 00:00:00",0,0,0,0,10,9.428571428571429,9.285714285714286
"2023-08-06 00:00:00",0,0,0,0,7,9.285714285714286,9.428571428571429
"2023-08-07 00:00:00",0,0,0,0,8,9.571428571428571,9.285714285714286
"2023-08-08 00:00:00",0,1,0,0,10,9.857142857142858,9.428571428571429
"2023-08-09 00:00:00",0,1,0,0,7,9.428571428571429,9.857142857142858
"2023-08-10 00:00:00",0,1,0,0,12,9.714285714285714,10.285714285714286
"2023-08-11 00:00:00",0,1,0,0,11,9.857142857142858,9.571428571428571
"2023-08-12 00:00:00",0,1,0,0,10,10,9.285714285714286
"2023-08-13 00:00:00",0,0,0,0,6,9.857142857142858,10
"2023-08-14 00:00:00",0,0,0,0,11,10.285714285714286,10.285714285714286
"2023-08-15 00:00:00",0,1,0,0,9,10.142857142857142,9.714285714285714
"2023-08-16 00:00:00",0,2,0,0,8,10.428571428571429,9.857142857142858
"2023-08-17 00:00:00",0,0,0,0,8,9.714285714285714,10.285714285714286
"2023-08-18 00:00:00",0,1,0,0,12,9.857142857142858,10
"2023-08-19 00:00:00",1,1,0,0,10,10,10
"2023-08-20 00:00:00",1,1,0,0,9,10.714285714285714,9.428571428571429
"2023-08-21 00:00:00",0,1,0,0,9,10.571428571428571,9.714285714285714
"2023-08-22 00:00:00",0,0,0,0,8,10.285714285714286,10.428571428571429
"2023-08-23 00:00:00",0,0,0,0,10,10.285714285714286,10
"2023-08-24 00:00:00",0,0,0,0,7,10.142857142857142,9.857142857142858
"2023-08-25 00:00:00",0,2,0,0,11,10.142857142857142,10
"2023-08-26 00:00:00",0,0,0,0,12,10.142857142857142,10.285714285714286
"2023-08-27 00:00:00",1,0,0,0,8,9.857142857142858,10
"2023-08-28 00:00:00",0,0,0,0,13,10.285714285714286,9.714285714285714
"2023-08-29 00:00:00",0,1,0,0,12,11,10
"2023-08-30 00:00:00",0,0,0,0,5,10.285714285714286,10.142857142857142
"2023-08-31 00:00:00",0,0,0,0,10,10.714285714285714,9.714285714285714
"2023-09-01 00:00:00",0,0,0,0,10,10.285714285714286,9.857142857142858
"2023-09-02 00:00:00",0,1,0,0,11,10.285714285714286,10
"2023-09-03 00:00:00",0,0,0,0,9,10.285714285714286,10.285714285714286
"2023-09-04 00:00:00",0,1,0,0,13,10.428571428571429,9.857142857142858
"2023-09-05 00:00:00",0,1,0,0,12,10.428571428571429,9.428571428571429
"2023-09-06 00:00:00",0,0,0,0,7,10.714285714285714,9.428571428571429
"2023-09-07 00:00:00",0,0,0,0,11,10.857142857142858,9.428571428571429
"2023-09-08 00:00:00",0,0,0,0,4,10,9.428571428571429
"2023-09-09 00:00:00",0,0,0,0,11,9.857142857142858,9.428571428571429
"2023-09-10 00:00:00",0,2,0,0,9,10.142857142857142,9.857142857142858
"2023-09-11 00:00:00",0,0,0,0,7,9.142857142857142,11
"2023-09-12 00:00:00",0,1,0,0,9,8.714285714285714,11.571428571428571
"2023-09-13 00:00:00",0,1,0,0,6,8.714285714285714,11.857142857142858
"2023-09-14 00:00:00",0,1,0,0,8,8.428571428571429,11.857142857142858
"2023-09-15 00:00:00",0,1,0,0,10,9.428571428571429,11.428571428571429
"2023-09-16 00:00:00",0,0,0,0,12,9.571428571428571,11
"2023-09-17 00:00:00",1,1,0,0,8,9.428571428571429,10.428571428571429
"2023-09-18 00:00:00",0,0,0,0,9,9.714285714285714,9.714285714285714
"2023-09-19 00:00:00",0,0,0,0,9,9.571428571428571,9
"2023-09-20 00:00:00",0,2,0,0,8,10,9.714285714285714
"2023-09-21 00:00:00",0,0,0,0,11,10.285714285714286,9.285714285714286
"2023-09-22 00:00:00",0,0,0,0,8,9.857142857142858,10
"2023-09-23 00:00:00",0,0,0,0,11,9.714285714285714,9.857142857142858
"2023-09-24 00:00:00",0,0,0,0,11,9.857142857142858,9.857142857142858
"2023-09-25 00:00:00",0,0,0,0,7,9.571428571428571,10.142857142857142
"2023-09-26 00:00:00",0,0,0,0,7,9.285714285714286,10.142857142857142
"2023-09-27 00:00:00",0,0,0,0,10,9.285714285714286,9.285714285714286
"2023-09-28 00:00:00",0,0,0,0,8,8.857142857142858,9.571428571428571
"2023-09-29 00:00:00",0,1,0,0,9,9.142857142857142,9
"2023-09-30 00:00:00",0,1,0,0,5,8.428571428571429,9.285714285714286
"2023-10-01 00:00:00",0,0,0,0,5,7.571428571428571,9.714285714285714
"2023-10-02 00:00:00",0,1,0,0,9,8,8.857142857142858
"2023-10-03 00:00:00",0,0,0,0,10,8.428571428571429,9
"2023-10-04 00:00:00",0,2,0,0,8,8.428571428571429,9.142857142857142
"2023-10-05 00:00:00",0,1,0,0,4,8,9.285714285714286
"2023-10-06 00:00:00",0,0,0,0,10,8,9
"2023-10-07 00:00:00",0,0,0,0,9,8.428571428571429,9
"2023-10-08 00:00:00",0,1,0,0,8,9,8.857142857142858
"2023-10-09 00:00:00",0,0,0,0,12,9.285714285714286,9.714285714285714
"2023-10-10 00:00:00",0,0,0,0,4,8.428571428571429,9.428571428571429
"2023-10-11 00:00:00",0,1,0,0,12,8.857142857142858,8.857142857142858
"2023-10-12 00:00:00",0,0,1,0,12,10,9.142857142857142
"2023-10-13 00:00:00",0,1,0,0,10,10.142857142857142,9.714285714285714
"2023-10-14 00:00:00",0,2,0,0,10,10.571428571428571,9.285714285714286
"2023-10-15 00:00:00",0,1,0,0,14,11.428571428571429,9.142857142857142
"2023-10-16 00:00:00",0,2,0,0,9,11.285714285714286,9.428571428571429
"2023-10-17 00:00:00",1,0,0,0,9,12.142857142857142,9.428571428571429
"2023-10-18 00:00:00",0,2,0,0,8,11.714285714285714,10.285714285714286
"2023-10-19 00:00:00",0,0,0,0,12,11.571428571428571,10
"2023-10-20 00:00:00",0,0,0,0,10,11.428571428571429,9.714285714285714
"2023-10-21 00:00:00",0,0,0,0,10,11.142857142857142,9.714285714285714
"2023-10-22 00:00:00",0,1,0,0,5,9.857142857142858,9.571428571428571
"2023-10-23 00:00:00",0,1,0,0,10,9.857142857142858,9.285714285714286
"2023-10-24 00:00:00",0,1,0,0,9,9.857142857142858,9.428571428571429
"2023-10-25 00:00:00",0,0,1,0,11,10.142857142857142,8.857142857142858
"2023-10-26 00:00:00",0,0,0,0,12,10.142857142857142,9.428571428571429
"2023-10-27 00:00:00",0,1,0,0,8,10,9
"2023-10-28 00:00:00",0,0,0,0,14,10.571428571428571,9.428571428571429
"2023-10-29 00:00:00",0,0,1,0,7,10.857142857142858,9.142857142857142
"2023-10-30 00:00:00",0,1,0,0,10,10.857142857142858,9.285714285714286
"2023-10-31 00:00:00",0,1,0,0,9,10.857142857142858,9.857142857142858
"2023-11-01 00:00:00",0,1,0,0,15,11.428571428571429,9.571428571428571
"2023-11-02 00:00:00",0,0,0,0,11,11.285714285714286,9
"2023-11-03 00:00:00",0,2,0,0,9,11.571428571428571,9.142857142857142
"2023-11-04 00:00:00",0,1,0,0,9,11,9
"2023-11-05 00:00:00",0,0,0,0,7,10.857142857142858,9.857142857142858
"2023-11-06 00:00:00",0,0,0,0,15,11.428571428571429,9.714285714285714
"2023-11-07 00:00:00",0,0,0,0,8,11.142857142857142,8.571428571428571
"2023-11-08 00:00:00",0,1,0,0,7,10,8.428571428571429
"2023-11-09 00:00:00",0,2,0,0,10,10.142857142857142,8.285714285714286
"2023-11-10 00:00:00",0,0,0,0,16,10.857142857142858,9
"2023-11-11 00:00:00",0,1,1,0,7,10.714285714285714,8.714285714285714
"2023-11-12 00:00:00",0,0,0,0,7,10.714285714285714,8
"2023-11-13 00:00:00",1,1,0,0,12,10.571428571428571,7.428571428571429
"2023-11-14 00:00:00",0,0,0,0,9,10.714285714285714,8.428571428571429
"2023-11-15 00:00:00",0,1,0,0,11,11.285714285714286,9.285714285714286
"2023-11-16 00:00:00",0,0,0,0,11,11.142857142857142,8.857142857142858
"2023-11-17 00:00:00",0,1,0,0,7,10,8.714285714285714
"2023-11-18 00:00:00",0,0,0,0,8,9.857142857142858,9.142857142857142
"2023-11-19 00:00:00",0,0,0,0,11,10.428571428571429,9
"2023-11-20 00:00:00",0,0,0,0,9,9.714285714285714,8.857142857142858
"2023-11-21 00:00:00",0,2,0,0,9,10,9
"2023-11-22 00:00:00",0,0,0,0,13,10.142857142857142,8.714285714285714
"2023-11-23 00:00:00",0,1,0,0,12,10.428571428571429,9.285714285714286
"2023-11-24 00:00:00",0,0,0,0,10,10.714285714285714,9
"2023-11-25 00:00:00",0,0,0,0,11,11.142857142857142,8.714285714285714
"2023-11-26 00:00:00",0,0,0,0,6,10.428571428571429,9.428571428571429
"2023-11-27 00:00:00",0,0,0,0,9,10.428571428571429,10.142857142857142
"2023-11-28 00:00:00",0,0,0,0,8,10,9.285714285714286
"2023-11-29 00:00:00",0,0,0,0,10,9.571428571428571,9.428571428571429
"2023-11-30 00:00:00",0,1,0,0,12,9.571428571428571,9.857142857142858
"2023-12-01 00:00:00",0,0,0,0,6,9,10.285714285714286
"2023-12-02 00:00:00",0,1,0,0,8,8.714285714285714,10.714285714285714
"2023-12-03 00:00:00",0,0,0,0,9,9.142857142857142,9.857142857142858
"2023-12-04 00:00:00",0,0,0,0,11,9.428571428571429,9.285714285714286
"2023-12-05 00:00:00",0,1,0,0,8,9.571428571428571,10
"2023-12-06 00:00:00",0,0,0,0,10,9.571428571428571,9.714285714285714
"2023-12-07 00:00:00",0,0,0,0,5,8.428571428571429,9
"2023-12-08 00:00:00",0,1,0,0,8,8.857142857142858,8.714285714285714
"2023-12-09 00:00:00",0,0,0,0,10,9,9.142857142857142
"2023-12-10 00:00:00",0,1,0,0,8,9,10
"2023-12-11 00:00:00",0,1,0,0,9,8.857142857142858,10.142857142857142
"2023-12-12 00:00:00",0,0,0,0,12,9.285714285714286,9.714285714285714
"2023-12-13 00:00:00",0,1,0,0,6,8.857142857142858,10
"2023-12-14 00:00:00",0,0,0,0,10,9.571428571428571,10
"2023-12-15 00:00:00",0,0,0,0,8,9.428571428571429,9.428571428571429
"2023-12-16 00:00:00",0,1,0,0,10,9.571428571428571,8.857142857142858
"2023-12-17 00:00:00",0,2,0,0,9,9.857142857142858,8.285714285714286
"2023-12-18 00:00:00",0,0,0,0,12,10.142857142857142,9.285714285714286
"2023-12-19 00:00:00",0,1,0,0,8,9.714285714285714,9.428571428571429
"2023-12-20 00:00:00",0,0,0,0,12,10.428571428571429,9.142857142857142
"2023-12-21 00:00:00",0,0,0,0,8,10.142857142857142,9.571428571428571
"2023-12-22 00:00:00",0,1,0,0,12,10.857142857142858,10.142857142857142
"2023-12-23 00:00:00",0,1,0,0,6,10.285714285714286,9.428571428571429
"2023-12-24 00:00:00",0,0,0,0,8,9.857142857142858,10
"2023-12-25 00:00:00",0,0,0,0,9,9.428571428571429,9.285714285714286
"2023-12-26 00:00:00",0,1,0,0,8,9.428571428571429,10
"2023-12-27 00:00:00",0,0,0,0,8,8.857142857142858,9.857142857142858
"2023-12-28 00:00:00",0,0,0,0,12,9.428571428571429,10.714285714285714
"2023-12-29 00:00:00",0,0,0,0,4,8.142857142857142,11.142857142857142
"2023-12-30 00:00:00",0,1,0,0,6,8.142857142857142,12.142857142857142
"2023-12-31 00:00:00",0,2,0,0,11,8.857142857142858,11.428571428571429
"2024-01-01 00:00:00",0,0,0,0,7,8.571428571428571,10.857142857142858
"2024-01-02 00:00:00",0,0,0,0,7,8.285714285714286,10.571428571428571
"2024-01-03 00:00:00",0,0,0,0,8,8.285714285714286,11
"2024-01-04 00:00:00",0,0,0,0,5,7.285714285714286,10.285714285714286
"2024-01-05 00:00:00",0,0,0,0,9,8,9.571428571428571
"2024-01-06 00:00:00",0,1,0,0,7,8.142857142857142,8.857142857142858
"2024-01-07 00:00:00",0,0,0,0,10,7.714285714285714,9.428571428571429
"2024-01-08 00:00:00",0,0,0,0,9,8,9.428571428571429
"2024-01-09 00:00:00",0,0,0,0,6,7.857142857142857,8.857142857142858
"2024-01-10 00:00:00",0,1,0,0,9,8.142857142857142,8.428571428571429
"2024-01-11 00:00:00",0,1,0,0,8,8.714285714285714,7.857142857142857
"2024-01-12 00:00:00",0,1,0,0,9,8.857142857142858,7.714285714285714
"2024-01-13 00:00:00",0,1,0,0,12,9.571428571428571,7.714285714285714
"2024-01-14 00:00:00",0,1,0,0,6,9.142857142857142,8.142857142857142
"2024-01-15 00:00:00",0,1,0,0,12,9.714285714285714,8.428571428571429
"2024-01-16 00:00:00",0,1,0,0,12,10.714285714285714,8.857142857142858
"2024-01-17 00:00:00",0,0,0,0,7,10.285714285714286,9.285714285714286
"2024-01-18 00:00:00",0,1,0,0,12,10.857142857142858,9.571428571428571
"2024-01-19 00:00:00",0,2,0,0,8,10.857142857142858,10.285714285714286
"2024-01-20 00:00:00",0,0,0,0,6,9.857142857142858,10.714285714285714
"2024-01-21 00:00:00",0,0,0,0,7,9.857142857142858,9.857142857142858
"2024-01-22 00:00:00",0,0,0,0,5,8.714285714285714,10.142857142857142
"2024-01-23 00:00:00",0,1,0,0,8,8.142857142857142,10.285714285714286
"2024-01-24 00:00:00",0,1,0,0,9,8.571428571428571,9.857142857142858
"2024-01-25 00:00:00",0,1,0,0,10,8.285714285714286,10.142857142857142
"2024-01-26 00:00:00",0,0,0,0,6,7.714285714285714,9.142857142857142
"2024-01-27 00:00:00",0,0,0,0,5,7.571428571428571,9
"2024-01-28 00:00:00",0,0,0,0,9,7.857142857142857,9
"2024-01-29 00:00:00",0,1,0,0,6,8.142857142857142,8.428571428571429
"2024-01-30 00:00:00",0,0,0,0,8,8,7.428571428571429
"2024-01-31 00:00:00",0,1,0,0,8,7.857142857142857,7.428571428571429
"2024-02-01 00:00:00",0,0,0,0,7,7.285714285714286,6.857142857142857
"2024-02-02 00:00:00",0,0,0,0,10,7.857142857142857,7.428571428571429
"2024-02-03 00:00:00",0,0,0,0,5,7.857142857142857,7.428571428571429
"2024-02-04 00:00:00",0,0,0,0,7,7.571428571428571,7.285714285714286
"2024-02-05 00:00:00",0,0,0,0,13,8.428571428571429,7.857142857142857
"2024-02-06 00:00:00",0,1,0,0,14,9.428571428571429,8.285714285714286
"2024-02-07 00:00:00",0,0,0,0,6,9,7.857142857142857
"2024-02-08 00:00:00",0,1,0,0,8,9.285714285714286,9
"2024-02-09 00:00:00",0,0,0,0,7,8.857142857142858,8.571428571428571
"2024-02-10 00:00:00",0,1,0,0,10,9.714285714285714,7.857142857142857
"2024-02-11 00:00:00",0,0,0,0,8,9.857142857142858,8.285714285714286
"2024-02-12 00:00:00",0,1,0,0,5,8.857142857142858,8.285714285714286
"2024-02-13 00:00:00",0,1,0,0,6,7.714285714285714,9
"2024-02-14 00:00:00",0,1,0,0,9,8.285714285714286,10
"2024-02-15 00:00:00",0,1,0,0,15,9.285714285714286,9.285714285714286
"2024-02-16 00:00:00",0,0,0,0,6,9.142857142857142,9.714285714285714
"2024-02-17 00:00:00",0,1,0,0,8,8.857142857142858,10.714285714285714
"2024-02-18 00:00:00",0,0,0,0,4,8.285714285714286,10
"2024-02-19 00:00:00",0,2,1,0,10,9.285714285714286,10.285714285714286
"2024-02-20 00:00:00",0,0,0,0,10,9.714285714285714,9.428571428571429
"2024-02-21 00:00:00",0,1,0,0,10,9.857142857142858,8.857142857142858
"2024-02-22 00:00:00",0,1,0,0,10,9.142857142857142,8.857142857142858
"2024-02-23 00:00:00",0,0,0,0,6,9.142857142857142,9
"2024-02-24 00:00:00",0,0,1,0,9,9.285714285714286,8.428571428571429
"2024-02-25 00:00:00",0,1,0,0,8,10,9.428571428571429
"2024-02-26 00:00:00",0,1,0,0,8,9.428571428571429,9.428571428571429
"2024-02-27 00:00:00",0,0,0,0,8,9.142857142857142,10.285714285714286
"2024-02-28 00:00:00",0,2,0,0,10,9.285714285714286,10.285714285714286
"2024-02-29 00:00:00",0,1,0,0,10,9.285714285714286,10.142857142857142
"2024-03-01 00:00:00",0,1,0,0,7,9.571428571428571,9.714285714285714
"2024-03-02 00:00:00",0,0,0,0,7,9.142857142857142,9.857142857142858
"2024-03-03 00:00:00",0,1,0,0,9,9.285714285714286,10.285714285714286
"2024-03-04 00:00:00",0,0,0,0,7,9,10.428571428571429
"2024-03-05 00:00:00",0,1,0,0,9,9.285714285714286,10.428571428571429
"2024-03-06 00:00:00",0,0,0,0,10,9,10.428571428571429
"2024-03-07 00:00:00",0,1,0,0,7,8.571428571428571,10.714285714285714
"2024-03-08 00:00:00",0,1,0,0,12,9.285714285714286,11
"2024-03-09 00:00:00",0,0,0,0,8,9.428571428571429,11.714285714285714
"2024-03-10 00:00:00",0,1,0,0,12,9.857142857142858,10.857142857142858
"2024-03-11 00:00:00",0,1,0,0,10,10.428571428571429,10.285714285714286
"2024-03-12 00:00:00",0,1,0,0,10,10.571428571428571,10.142857142857142
"2024-03-13 00:00:00",0,1,0,0,10,10.714285714285714,10.571428571428571
"2024-03-14 00:00:00",1,0,0,0,11,11.285714285714286,10.428571428571429
"2024-03-15 00:00:00",0,2,0,0,12,11.428571428571429,10.714285714285714
"2024-03-16 00:00:00",0,0,1,0,9,11.714285714285714,10.285714285714286
"2024-03-17 00:00:00",0,1,0,0,15,12.142857142857142,10.285714285714286
"2024-03-18 00:00:00",1,1,0,0,10,12.285714285714286,10.428571428571429
"2024-03-19 00:00:00",0,1,0,0,11,12.428571428571429,9.714285714285714
"2024-03-20 00:00:00",0,0,0,0,6,11.714285714285714,9.714285714285714
"2024-03-21 00:00:00",0,2,0,0,7,11.285714285714286,9.571428571428571
"2024-03-22 00:00:00",0,0,0,0,7,10.285714285714286,9.285714285714286
"2024-03-23 00:00:00",0,1,0,0,7,10,9.857142857142858
"2024-03-24 00:00:00",0,0,0,0,9,9,10
"2024-03-25 00:00:00",0,0,0,0,10,8.714285714285714,10.428571428571429
"2024-03-26 00:00:00",0,0,1,0,5,7.857142857142857,10.571428571428571
"2024-03-27 00:00:00",0,1,0,0,9,8.428571428571429,10.428571428571429
"2024-03-28 00:00:00",0,0,0,0,9,8.428571428571429,10.285714285714286
"2024-03-29 00:00:00",0,0,0,0,6,8.285714285714286,10.857142857142858
"2024-03-30 00:00:00",0,1,0,0,6,8.142857142857142,10.714285714285714
"2024-03-31 00:00:00",0,0,0,0,5,7.571428571428571,10.428571428571429
"2024-04-01 00:00:00",0,2,1,0,7,7.571428571428571,9.571428571428571
"2024-04-02 00:00:00",0,0,0,0,6,7.571428571428571,9.857142857142858
"2024-04-03 00:00:00",0,0,1,0,9,7.571428571428571,9.571428571428571
"2024-04-04 00:00:00",0,0,0,0,12,8,10
"2024-04-05 00:00:00",0,1,0,0,10,8.714285714285714,10.142857142857142
"2024-04-06 00:00:00",0,0,1,0,7,8.857142857142858,9.857142857142858
"2024-04-07 00:00:00",1,0,0,0,9,9.571428571428571,10.142857142857142
"2024-04-08 00:00:00",0,2,0,0,10,9.857142857142858,10.714285714285714
"2024-04-09 00:00:00",0,0,0,0,9,10.285714285714286,10.714285714285714
"2024-04-10 00:00:00",1,0,0,0,8,10.142857142857142,11
"2024-04-11 00:00:00",0,1,0,0,8,9.714285714285714,11
"2024-04-12 00:00:00",0,0,0,0,5,8.857142857142858,11
"2024-04-13 00:00:00",0,0,0,0,11,9.285714285714286,10.857142857142858
"2024-04-14 00:00:00",0,0,0,0,6,8.714285714285714,10.857142857142858
"2024-04-15 00:00:00",0,0,0,0,9,8.285714285714286,10.857142857142858
"2024-04-16 00:00:00",0,0,0,0,2,7.285714285714286,10.857142857142858
"2024-04-17 00:00:00",0,0,0,0,8,7.142857142857143,10.857142857142858
"2024-04-18 00:00:00",0,0,0,0,8,7,10.428571428571429
"2024-04-19 00:00:00",0,0,0,0,7,7.285714285714286,9.428571428571429
"2024-04-20 00:00:00",0,0,0,0,9,7,9.285714285714286
"2024-04-21 00:00:00",0,0,0,0,10,7.571428571428571,9.857142857142858
"2024-04-22 00:00:00",0,2,0,0,7,7.571428571428571,10.142857142857142
"2024-04-23 00:00:00",0,1,1,0,11,9.142857142857142,9
"2024-04-24 00:00:00",0,0,0,0,12,9.714285714285714,9.285714285714286
"2024-04-25 00:00:00",0,1,0,0,10,10.142857142857142,10
"2024-04-26 00:00:00",0,2,0,0,8,10.571428571428571,10.142857142857142
"2024-04-27 00:00:00",0,1,0,0,10,10.857142857142858,10
"2024-04-28 00:00:00",0,0,0,0,7,10.428571428571429,9.428571428571429
"2024-04-29 00:00:00",0,1,0,0,7,10.285714285714286,9
"2024-04-30 00:00:00",0,0,0,0,11,10,9.714285714285714
"2024-05-01 00:00:00",0,0,0,0,7,9.285714285714286,9.857142857142858
"2024-05-02 00:00:00",0,0,0,0,8,8.857142857142858,8.857142857142858
"2024-05-03 00:00:00",0,1,0,0,14,9.571428571428571,9.285714285714286
"2024-05-04 00:00:00",0,0,0,0,11,9.571428571428571,9.571428571428571
"2024-05-05 00:00:00",0,1,0,0,8,9.857142857142858,9.428571428571429
"2024-05-06 00:00:00",0,0,0,0,10,10.142857142857142,9.571428571428571
"2024-05-07 00:00:00",0,0,0,0,9,9.857142857142858,9.857142857142858
"2024-05-08 00:00:00",0,1,0,0,7,10,9.571428571428571
"2024-05-09 00:00:00",0,2,0,0,7,10.142857142857142,10.714285714285714
"2024-05-10 00:00:00",0,0,0,0,11,9.571428571428571,10.857142857142858
"2024-05-11 00:00:00",0,1,0,0,7,9.142857142857142,11.428571428571429
"2024-05-12 00:00:00",0,0,0,0,12,9.571428571428571,11.142857142857142
"2024-05-13 00:00:00",0,1,0,0,8,9.428571428571429,11.285714285714286
"2024-05-14 00:00:00",0,1,0,0,13,10.142857142857142,10.857142857142858
"2024-05-15 00:00:00",0,1,0,0,6,10,11
"2024-05-16 00:00:00",0,0,0,0,9,10,10.571428571428571
"2024-05-17 00:00:00",0,1,0,0,11,10.142857142857142,9.714285714285714
"2024-05-18 00:00:00",0,0,0,0,10,10.428571428571429,9.428571428571429
"2024-05-19 00:00:00",0,1,0,0,7,9.857142857142858,9.571428571428571
"2024-05-20 00:00:00",0,0,0,0,12,10.285714285714286,9.142857142857142
"2024-05-21 00:00:00",0,0,0,0,9,9.571428571428571,10.142857142857142
"2024-05-22 00:00:00",0,0,0,0,11,10.142857142857142,9.428571428571429
"2024-05-23 00:00:00",0,1,0,0,10,10.428571428571429,9.428571428571429
"2024-05-24 00:00:00",0,1,0,0,6,9.714285714285714,9.714285714285714
"2024-05-25 00:00:00",0,0,0,0,8,9.428571428571429,9.285714285714286
"2024-05-26 00:00:00",0,1,0,0,8,9.571428571428571,9.714285714285714
"2024-05-27 00:00:00",0,1,0,0,7,9,10.142857142857142
"2024-05-28 00:00:00",0,2,0,0,9,9.285714285714286,9.285714285714286
"2024-05-29 00:00:00",0,0,0,0,12,9.428571428571429,10.142857142857142
"2024-05-30 00:00:00",0,0,0,0,6,8.714285714285714,9.857142857142858
"2024-05-31 00:00:00",0,2,0,0,8,9.142857142857142,10.285714285714286
"2024-06-01 00:00:00",0,0,0,0,5,8.714285714285714,11
"2024-06-02 00:00:00",0,0,0,0,10,8.857142857142858,10.714285714285714
"2024-06-03 00:00:00",0,1,0,0,8,9,10.285714285714286
"2024-06-04 00:00:00",0,0,0,0,8,8.571428571428571,11
"2024-06-05 00:00:00",0,0,0,0,11,8.428571428571429,10
"2024-06-06 00:00:00",0,1,0,0,5,8.428571428571429,10.285714285714286
"2024-06-07 00:00:00",0,1,0,0,12,8.857142857142858,10.428571428571429
"2024-06-08 00:00:00",0,0,0,0,10,9.571428571428571,9.285714285714286
"2024-06-09 00:00:00",0,2,0,0,12,10.142857142857142,10.142857142857142
"2024-06-10 00:00:00",0,0,0,0,9,10.142857142857142,10.571428571428571
"2024-06-11 00:00:00",0,1,0,0,8,10.285714285714286,9.571428571428571
"2024-06-12 00:00:00",0,1,0,0,7,9.857142857142858,9.571428571428571
"2024-06-13 00:00:00",0,1,0,0,5,9.857142857142858,9.571428571428571
"2024-06-14 00:00:00",0,0,0,0,15,10.142857142857142,8.714285714285714
"2024-06-15 00:00:00",0,2,0,2,8,10.428571428571429,9.428571428571429
"2024-06-16 00:00:00",0,0,0,0,13,10.285714285714286,8.857142857142858
"2024-06-17 00:00:00",0,1,0,0,10,10.571428571428571,9
"2024-06-18 00:00:00",0,1,0,0,10,10.857142857142858,9.142857142857142
"2024-06-19 00:00:00",0,0,0,0,13,11.571428571428571,9.571428571428571
"2024-06-20 00:00:00",0,0,0,0,8,11.857142857142858,9.428571428571429
"2024-06-21 00:00:00",0,1,0,0,8,11,10.571428571428571
"2024-06-22 00:00:00",0,2,0,0,11,11.142857142857142,10.571428571428571
"2024-06-23 00:00:00",0,0,0,0,11,10.857142857142858,10.285714285714286
"2024-06-24 00:00:00",0,0,0,0,6,10.142857142857142,10
"2024-06-25 00:00:00",0,0,0,0,13,10.428571428571429,10.571428571428571
"2024-06-26 00:00:00",0,0,0,0,8,9.714285714285714,10.428571428571429
"2024-06-27 00:00:00",0,1,0,0,8,9.857142857142858,10.285714285714286
"2024-06-28 00:00:00",0,0,0,0,14,10.571428571428571,10.571428571428571
"2024-06-29 00:00:00",0,0,0,0,7,9.714285714285714,11
"2024-06-30 00:00:00",0,1,0,0,9,9.571428571428571,11
"2024-07-01 00:00:00",0,0,0,0,9,10,11.714285714285714
"2024-07-02 00:00:00",0,1,0,0,10,9.714285714285714,11.714285714285714
"2024-07-03 00:00:00",0,1,0,0,9,10,11.857142857142858
"2024-07-04 00:00:00",0,0,0,0,3,9.142857142857142,11.714285714285714
"2024-07-05 00:00:00",0,1,0,0,9,8.571428571428571,11.428571428571429
"2024-07-06 00:00:00",0,0,1,0,5,8.428571428571429,10.714285714285714
"2024-07-07 00:00:00",0,1,0,0,5,7.857142857142857,10.714285714285714
"2024-07-08 00:00:00",0,1,0,0,9,8,9.714285714285714
"2024-07-09 00:00:00",0,0,0,0,7,7.428571428571429,9.857142857142858
"2024-07-10 00:00:00",0,0,0,0,14,8,9.857142857142858
"2024-07-11 00:00:00",0,0,0,0,11,9.142857142857142,10.285714285714286
"2024-07-12 00:00:00",0,1,0,0,10,9.285714285714286,9.714285714285714
"2024-07-13 00:00:00",0,0,0,0,13,10.285714285714286,9.571428571428571
"2024-07-14 00:00:00",0,0,0,0,9,10.714285714285714,9.857142857142858
"2024-07-15 00:00:00",0,0,0,0,9,10.571428571428571,9.714285714285714
"2024-07-16 00:00:00",0,1,0,0,12,11.428571428571429,9.428571428571429
"2024-07-17 00:00:00",0,1,0,0,10,11,9.571428571428571
"2024-07-18 00:00:00",0,1,0,0,9,10.857142857142858,9.142857142857142
"2024-07-19 00:00:00",0,0,0,0,5,10,9.428571428571429
"2024-07-20 00:00:00",0,1,0,0,10,9.714285714285714,9.714285714285714
"2024-07-21 00:00:00",0,1,0,0,9,9.857142857142858,9
"2024-07-22 00:00:00",0,0,0,0,10,10,9.857142857142858
"2024-07-23 00:00:00",0,0,0,0,12,9.857142857142858,10.285714285714286
"2024-07-24 00:00:00",0,0,0,0,7,9.285714285714286,10
"2024-07-25 00:00:00",0,1,0,0,6,8.857142857142858,10.285714285714286
"2024-07-26 00:00:00",0,1,0,0,6,9.142857142857142,10
"2024-07-27 00:00:00",0,0,0,0,8,8.714285714285714,9.714285714285714
"2024-07-28 00:00:00",0,0,0,0,4,7.857142857142857,10.571428571428571
"2024-07-29 00:00:00",0,0,0,0,11,8,9.857142857142858
"2024-07-30 00:00:00",0,1,0,0,9,7.714285714285714,8.857142857142858
"2024-07-31 00:00:00",0,0,0,0,7,7.714285714285714,9
"2024-08-01 00:00:00",0,0,0,0,8,7.857142857142857,9.142857142857142
"2024-08-02 00:00:00",0,1,0,0,10,8.428571428571429,9.285714285714286
"2024-08-03 00:00:00",0,1,0,0,9,8.714285714285714,9.714285714285714
"2024-08-04 00:00:00",0,1,0,0,10,9.714285714285714,9.428571428571429
"2024-08-05 00:00:00",0,0,0,0,7,9.142857142857142,9.285714285714286
"2024-08-06 00:00:00",0,1,0,0,9,9.142857142857142,9.571428571428571
"2024-08-07 00:00:00",0,0,0,0,6,9,9.857142857142858
"2024-08-08 00:00:00",0,0,0,0,9,9.142857142857142,9.428571428571429
"2024-08-09 00:00:00",0,1,0,0,7,8.714285714285714,9.714285714285714
"2024-08-10 00:00:00",0,0,0,0,10,8.714285714285714,9.857142857142858
"2024-08-11 00:00:00",0,1,0,0,9,8.571428571428571,10
"2024-08-12 00:00:00",0,0,0,0,8,8.714285714285714,9.857142857142858
"2024-08-13 00:00:00",0,0,0,0,13,9.142857142857142,10.285714285714286
"2024-08-14 00:00:00",0,1,0,0,9,9.714285714285714,10.142857142857142
"2024-08-15 00:00:00",0,0,0,0,7,9.428571428571429,10.428571428571429
"2024-08-16 00:00:00",0,0,0,0,12,10,9.714285714285714
"2024-08-17 00:00:00",0,0,0,0,8,9.714285714285714,9.857142857142858
"2024-08-18 00:00:00",0,1,0,0,8,9.571428571428571,10
"2024-08-19 00:00:00",0,1,0,0,9,9.857142857142858,10.714285714285714
"2024-08-20 00:00:00",0,0,0,0,13,9.857142857142858,10.571428571428571
"2024-08-21 00:00:00",0,1,0,0,9,9.857142857142858,10.285714285714286
"2024-08-22 00:00:00",0,0,0,0,10,10.285714285714286,10.285714285714286
"2024-08-23 00:00:00",0,0,0,0,11,10.142857142857142,10.142857142857142
"2024-08-24 00:00:00",0,0,0,0,10,10.428571428571429,10.142857142857142
"2024-08-25 00:00:00",0,0,0,0,10,10.571428571428571,10.142857142857142
"2024-08-26 00:00:00",0,0,0,0,13,11,9.857142857142858
"2024-08-27 00:00:00",0,1,0,0,10,10.714285714285714,10.285714285714286
"2024-08-28 00:00:00",0,0,0,0,8,10.428571428571429,11
"2024-08-29 00:00:00",0,2,0,0,10,10.714285714285714,10.285714285714286
"2024-08-30 00:00:00",0,0,0,0,11,10.714285714285714,10.714285714285714
"2024-08-31 00:00:00",0,0,0,0,8,10.428571428571429,10.285714285714286
"2024-09-01 00:00:00",0,0,0,0,9,10.285714285714286,10.285714285714286
"2024-09-02 00:00:00",0,0,0,0,10,9.857142857142858,10.285714285714286
"2024-09-03 00:00:00",0,0,0,0,7,9.285714285714286,10.428571428571429
"2024-09-04 00:00:00",0,3,0,0,10,10,10.428571428571429
"2024-09-05 00:00:00",0,1,0,0,10,9.857142857142858,10.714285714285714
"2024-09-06 00:00:00",0,1,0,0,11,10,10.857142857142858
"2024-09-07 00:00:00",0,1,0,0,11,10.571428571428571,10
"2024-09-08 00:00:00",0,0,0,0,10,10.714285714285714,9.857142857142858
"2024-09-09 00:00:00",0,1,0,0,15,11.571428571428571,10.142857142857142
"2024-09-10 00:00:00",0,0,0,0,11,12.142857142857142,9.142857142857142
"2024-09-11 00:00:00",0,1,0,0,11,12,8.714285714285714
"2024-09-12 00:00:00",0,0,0,0,7,11.428571428571429,8.714285714285714
"2024-09-13 00:00:00",0,0,0,0,8,10.857142857142858,8.428571428571429
"2024-09-14 00:00:00",0,1,0,0,10,10.714285714285714,9.428571428571429
"2024-09-15 00:00:00",0,1,0,0,9,10.714285714285714,9.571428571428571
"2024-09-16 00:00:00",0,0,0,0,6,9.285714285714286,9.428571428571429
"2024-09-17 00:00:00",0,0,0,0,11,9.285714285714286,9.714285714285714
"2024-09-18 00:00:00",0,0,0,0,11,9.142857142857142,9.571428571428571
"2024-09-19 00:00:00",0,2,0,0,10,9.857142857142858,10
"2024-09-20 00:00:00",0,1,0,0,6,9.714285714285714,10.285714285714286
"2024-09-21 00:00:00",0,0,0,0,8,9.285714285714286,9.857142857142858
"2024-09-22 00:00:00",0,1,0,0,7,9,9.714285714285714
"2024-09-23 00:00:00",0,0,0,0,11,9.714285714285714,9.857142857142858
"2024-09-24 00:00:00",0,0,0,0,11,9.714285714285714,9.571428571428571
"2024-09-25 00:00:00",0,0,0,0,11,9.714285714285714,9.285714285714286
"2024-09-26 00:00:00",0,1,0,0,8,9.285714285714286,9.285714285714286
"2024-09-27 00:00:00",0,0,0,0,10,9.714285714285714,8.857142857142858
"2024-09-28 00:00:00",0,0,0,0,12,10.285714285714286,9.142857142857142
"2024-09-29 00:00:00",0,0,0,0,7,10.142857142857142,8.428571428571429
"2024-09-30 00:00:00",1,0,0,0,9,10,7.571428571428571
"2024-10-01 00:00:00",0,0,0,0,11,10,8
"2024-10-02 00:00:00",0,1,0,0,5,9.285714285714286,8.428571428571429
"2024-10-03 00:00:00",0,0,0,0,13,9.857142857142858,8.428571428571429
"2024-10-04 00:00:00",0,1,0,0,10,10,8
"2024-10-05 00:00:00",0,2,0,0,8,9.714285714285714,8
"2024-10-06 00:00:00",0,1,0,0,10,10.285714285714286,8.428571428571429
"2024-10-07 00:00:00",0,1,0,0,9,10.285714285714286,9
"2024-10-08 00:00:00",0,1,0,0,9,10.142857142857142,9.285714285714286
"2024-10-09 00:00:00",0,0,0,0,11,10.857142857142858,8.428571428571429
"2024-10-10 00:00:00",0,2,0,0,6,10.142857142857142,8.857142857142858
"2024-10-11 00:00:00",0,0,0,0,10,10,10
"2024-10-12 00:00:00",0,0,0,0,9,9.857142857142858,10.142857142857142
"2024-10-13 00:00:00",0,0,0,0,12,10,10.571428571428571
"2024-10-14 00:00:00",0,1,0,0,6,9.571428571428571,11.428571428571429
"2024-10-15 00:00:00",0,0,0,0,12,9.857142857142858,11.285714285714286
"2024-10-16 00:00:00",0,0,0,0,13,10.142857142857142,12.142857142857142
"2024-10-17 00:00:00",0,0,0,0,5,9.714285714285714,11.714285714285714
"2024-10-18 00:00:00",0,1,0,0,8,9.571428571428571,11.571428571428571
"2024-10-19 00:00:00",0,1,0,0,8,9.571428571428571,11.428571428571429
"2024-10-20 00:00:00",0,0,0,0,7,8.857142857142858,11.142857142857142
"2024-10-21 00:00:00",0,0,0,0,7,8.857142857142858,9.857142857142858
"2024-10-22 00:00:00",1,0,0,0,8,8.428571428571429,9.857142857142858
"2024-10-23 00:00:00",0,0,0,0,5,7.285714285714286,9.857142857142858
"2024-10-24 00:00:00",0,0,0,0,11,8.142857142857142,10.142857142857142
"2024-10-25 00:00:00",0,0,0,0,8,8,10.142857142857142
"2024-10-26 00:00:00",0,1,0,0,11,8.428571428571429,10
"2024-10-27 00:00:00",0,0,0,0,9,8.714285714285714,10.571428571428571
"2024-10-28 00:00:00",0,1,0,0,11,9.428571428571429,10.857142857142858
"2024-10-29 00:00:00",0,1,0,0,9,9.571428571428571,10.857142857142858
"2024-10-30 00:00:00",0,1,0,0,9,10.285714285714286,10.857142857142858
"2024-10-31 00:00:00",0,1,0,0,9,10.142857142857142,11.428571428571429
"2024-11-01 00:00:00",1,0,0,0,11,10.714285714285714,11.285714285714286
"2024-11-02 00:00:00",0,1,1,0,10,10.714285714285714,11.571428571428571
"2024-11-03 00:00:00",0,2,0,0,11,11.285714285714286,11
"2024-11-04 00:00:00",0,0,0,0,13,11.428571428571429,10.857142857142858
"2024-11-05 00:00:00",0,1,0,0,7,11.142857142857142,11.428571428571429
"2024-11-06 00:00:00",0,1,0,0,4,10.428571428571429,11.142857142857142
"2024-11-07 00:00:00",0,1,0,0,10,10.571428571428571,10
"2024-11-08 00:00:00",0,1,0,0,10,10.428571428571429,10.142857142857142
"2024-11-09 00:00:00",0,0,0,0,9,10,10.857142857142858
"2024-11-10 00:00:00",0,0,0,0,9,9.428571428571429,10.714285714285714
"2024-11-11 00:00:00",0,1,0,0,8,8.857142857142858,10.714285714285714
"2024-11-12 00:00:00",0,1,0,0,7,8.857142857142858,10.571428571428571
"2024-11-13 00:00:00",0,0,0,0,7,9.142857142857142,10.714285714285714
"2024-11-14 00:00:00",0,0,0,0,11,9.142857142857142,11.285714285714286
"2024-11-15 00:00:00",0,2,0,0,14,9.857142857142858,11.142857142857142
"2024-11-16 00:00:00",0,1,0,0,5,9.428571428571429,10
"2024-11-17 00:00:00",0,1,0,0,8,9.428571428571429,9.857142857142858
"2024-11-18 00:00:00",0,1,0,0,11,9.857142857142858,10.428571428571429
"2024-11-19 00:00:00",0,0,0,0,9,10,9.714285714285714
"2024-11-20 00:00:00",0,0,0,0,8,10.142857142857142,10
"2024-11-21 00:00:00",0,1,0,0,10,10.142857142857142,10.142857142857142
"2024-11-22 00:00:00",0,0,0,0,10,9.285714285714286,10.428571428571429
"2024-11-23 00:00:00",0,1,0,0,10,10,10.714285714285714
"2024-11-24 00:00:00",0,1,0,0,12,10.571428571428571,11.142857142857142
"2024-11-25 00:00:00",0,1,0,0,11,10.571428571428571,10.428571428571429
"2024-11-26 00:00:00",0,0,0,0,7,10.285714285714286,10.428571428571429
"2024-11-27 00:00:00",0,0,0,0,10,10.571428571428571,10
"2024-11-28 00:00:00",1,1,0,0,9,10.571428571428571,9.571428571428571
"2024-11-29 00:00:00",0,0,0,0,11,10.714285714285714,9.571428571428571
"2024-11-30 00:00:00",0,0,0,0,8,10.285714285714286,9
"2024-12-01 00:00:00",0,1,0,0,11,10.142857142857142,8.714285714285714
"2024-12-02 00:00:00",0,2,0,0,11,10.285714285714286,9.142857142857142
"2024-12-03 00:00:00",0,1,0,0,8,10.571428571428571,9.428571428571429
"2024-12-04 00:00:00",0,0,0,0,16,11.428571428571429,9.571428571428571
"2024-12-05 00:00:00",0,1,0,0,13,11.857142857142858,9.571428571428571
"2024-12-06 00:00:00",0,1,0,0,10,11.857142857142858,8.428571428571429
"2024-12-07 00:00:00",0,1,0,0,9,12.142857142857142,8.857142857142858
"2024-12-08 00:00:00",0,1,0,0,9,11.857142857142858,9
"2024-12-09 00:00:00",0,1,0,0,10,11.571428571428571,9
"2024-12-10 00:00:00",0,1,0,0,10,11.857142857142858,8.857142857142858
"2024-12-11 00:00:00",0,0,0,0,13,11.428571428571429,9.285714285714286
"2024-12-12 00:00:00",0,2,0,0,10,11.142857142857142,8.857142857142858
"2024-12-13 00:00:00",0,0,0,0,11,11.142857142857142,9.571428571428571
"2024-12-14 00:00:00",0,2,0,0,6,10.857142857142858,9.428571428571429
"2024-12-15 00:00:00",0,0,0,0,14,11.428571428571429,9.571428571428571
"2024-12-16 00:00:00",0,1,0,0,8,11.142857142857142,9.857142857142858
"2024-12-17 00:00:00",0,1,0,0,12,11.428571428571429,10.142857142857142
"2024-12-18 00:00:00",0,0,0,0,7,10.571428571428571,9.714285714285714
"2024-12-19 00:00:00",0,1,0,0,7,10,10.428571428571429
"2024-12-20 00:00:00",0,0,0,0,12,10.142857142857142,10.142857142857142
"2024-12-21 00:00:00",0,1,0,0,10,10.571428571428571,10.857142857142858
"2024-12-22 00:00:00",1,1,0,0,7,9.857142857142858,10.285714285714286
"2024-12-23 00:00:00",0,1,0,0,9,10,9.857142857142858
"2024-12-24 00:00:00",0,0,0,0,11,9.714285714285714,9.428571428571429
"2024-12-25 00:00:00",0,0,0,0,5,9.428571428571429,9.428571428571429
"2024-12-26 00:00:00",1,0,0,0,5,9.142857142857142,8.857142857142858
"2024-12-27 00:00:00",0,3,0,0,15,10,9.428571428571429
"2024-12-28 00:00:00",0,0,0,0,9,9.714285714285714,8.142857142857142
"2024-12-29 00:00:00",0,1,0,0,5,9.285714285714286,8.142857142857142
"2024-12-30 00:00:00",0,1,0,0,13,9.857142857142858,8.857142857142858
"2024-12-31 00:00:00",0,1,0,0,11,10,8.571428571428571
"2025-01-01 00:00:00",0,1,0,0,5,10.142857142857142,8.285714285714286
"2025-01-02 00:00:00",0,1,0,0,11,11,8.285714285714286
"2025-01-03 00:00:00",0,0,0,0,8,9.571428571428571,7.285714285714286
"2025-01-04 00:00:00",0,2,0,0,10,10,8
"2025-01-05 00:00:00",0,0,0,0,9,10.428571428571429,8.142857142857142
"2025-01-06 00:00:00",0,0,0,0,6,9.285714285714286,7.714285714285714
"2025-01-07 00:00:00",0,1,0,0,11,9.285714285714286,8
"2025-01-08 00:00:00",0,1,0,0,14,10.571428571428571,7.857142857142857
"2025-01-09 00:00:00",1,1,0,0,8,10.285714285714286,8.142857142857142
"2025-01-10 00:00:00",0,2,0,0,12,11.142857142857142,8.714285714285714
"2025-01-11 00:00:00",0,0,0,0,9,10.714285714285714,8.857142857142858
"2025-01-12 00:00:00",0,1,0,0,7,10.571428571428571,9.571428571428571
"2025-01-13 00:00:00",0,0,0,0,12,11.428571428571429,9.142857142857142
"2025-01-14 00:00:00",0,2,0,0,8,11.142857142857142,9.714285714285714
"2025-01-15 00:00:00",0,0,0,0,10,10.428571428571429,10.714285714285714
"2025-01-16 00:00:00",0,1,0,0,12,10.857142857142858,10.285714285714286
"2025-01-17 00:00:00",0,0,0,0,11,10.428571428571429,10.857142857142858
"2025-01-18 00:00:00",1,0,0,0,11,10.857142857142858,10.857142857142858
"2025-01-19 00:00:00",0,2,0,0,8,11.142857142857142,9.857142857142858
"2025-01-20 00:00:00",0,0,0,0,13,11.285714285714286,9.857142857142858
"2025-01-21 00:00:00",0,2,0,0,10,11.571428571428571,8.714285714285714
"2025-01-22 00:00:00",0,1,0,0,8,11.428571428571429,8.142857142857142
"2025-01-23 00:00:00",0,0,0,0,13,11.428571428571429,8.571428571428571
"2025-01-24 00:00:00",0,2,0,0,10,11.571428571428571,8.285714285714286
"2025-01-25 00:00:00",0,0,0,0,9,11.142857142857142,7.714285714285714
"2025-01-26 00:00:00",0,1,0,0,9,11.142857142857142,7.571428571428571
"2025-01-27 00:00:00",0,1,0,0,7,10.428571428571429,7.857142857142857
"2025-01-28 00:00:00",0,2,0,0,9,10.285714285714286,8.142857142857142
"2025-01-29 00:00:00",0,1,0,0,15,11.285714285714286,8
"2025-01-30 00:00:00",0,2,0,0,7,10.714285714285714,7.857142857142857
"2025-01-31 00:00:00",0,0,0,0,7,10,7.285714285714286
"2025-02-01 00:00:00",0,2,0,0,11,10.571428571428571,7.857142857142857
"2025-02-02 00:00:00",0,0,0,0,9,10.428571428571429,7.857142857142857
"2025-02-03 00:00:00",1,1,0,0,8,10.714285714285714,7.571428571428571
"2025-02-04 00:00:00",0,1,0,0,10,10.714285714285714,8.428571428571429
"2025-02-05 00:00:00",0,1,0,0,11,10.142857142857142,9.428571428571429
"2025-02-06 00:00:00",0,1,0,0,9,10.285714285714286,9
"2025-02-07 00:00:00",0,1,0,0,11,11,9.285714285714286
"2025-02-08 00:00:00",0,1,0,0,11,10.857142857142858,8.857142857142858
"2025-02-09 00:00:00",0,0,0,0,10,11,9.714285714285714
"2025-02-10 00:00:00",1,2,0,0,9,11.285714285714286,9.857142857142858
"2025-02-11 00:00:00",0,0,0,0,10,11.142857142857142,8.857142857142858
"2025-02-12 00:00:00",0,1,0,0,11,11.142857142857142,7.714285714285714
"2025-02-13 00:00:00",0,1,0,0,12,11.571428571428571,8.285714285714286
"2025-02-14 00:00:00",0,0,0,0,9,11.142857142857142,9.285714285714286
"2025-02-15 00:00:00",0,1,0,0,7,10.571428571428571,9.142857142857142
"2025-02-16 00:00:00",0,2,0,0,8,10.571428571428571,8.857142857142858
"2025-02-17 00:00:00",0,1,0,0,9,10.285714285714286,8.285714285714286
"2025-02-18 00:00:00",0,1,0,0,6,9.857142857142858,9.285714285714286
"2025-02-19 00:00:00",0,0,0,0,9,9.428571428571429,9.714285714285714
"2025-02-20 00:00:00",0,1,0,0,13,9.571428571428571,9.857142857142858
"2025-02-21 00:00:00",0,2,0,0,9,9.857142857142858,9.142857142857142
"2025-02-22 00:00:00",0,0,0,0,5,9.428571428571429,9.142857142857142
"2025-02-23 00:00:00",0,1,0,0,11,9.714285714285714,9.285714285714286
"2025-02-24 00:00:00",1,0,0,0,12,10.142857142857142,10
"2025-02-25 00:00:00",0,0,0,0,7,10.142857142857142,9.428571428571429
"2025-02-26 00:00:00",0,0,0,0,11,10.428571428571429,9.142857142857142
"2025-02-27 00:00:00",0,1,0,0,9,9.857142857142858,9.285714285714286
"2025-02-28 00:00:00",0,0,0,0,8,9.428571428571429,9.285714285714286
"2025-03-01 00:00:00",0,1,0,0,12,10.571428571428571,9.571428571428571
"2025-03-02 00:00:00",0,0,0,0,10,10.285714285714286,9.142857142857142
"2025-03-03 00:00:00",0,1,0,0,14,10.571428571428571,9.285714285714286
"2025-03-04 00:00:00",0,0,0,0,13,11.428571428571429,9
"2025-03-05 00:00:00",0,2,0,0,10,11.571428571428571,9.285714285714286
"2025-03-06 00:00:00",1,1,0,0,10,11.857142857142858,9
"2025-03-07 00:00:00",0,0,0,0,9,12,8.571428571428571
"2025-03-08 00:00:00",0,0,0,0,9,11.428571428571429,9.285714285714286
"2025-03-09 00:00:00",0,0,0,0,13,11.857142857142858,9.428571428571429
"2025-03-10 00:00:00",0,0,0,0,9,11,9.857142857142858
"2025-03-11 00:00:00",0,2,0,0,10,10.857142857142858,10.428571428571429
"2025-03-12 00:00:00",0,0,0,0,11,10.714285714285714,10.571428571428571
"2025-03-13 00:00:00",0,0,0,0,10,10.428571428571429,10.714285714285714
"2025-03-14 00:00:00",0,0,0,0,9,10.428571428571429,11.285714285714286
"2025-03-15 00:00:00",0,2,0,0,10,10.857142857142858,11.428571428571429
"2025-03-16 00:00:00",0,1,0,0,9,10.428571428571429,11.714285714285714
"2025-03-17 00:00:00",0,1,0,0,11,10.857142857142858,12.142857142857142
"2025-03-18 00:00:00",0,1,0,0,9,10.571428571428571,12.285714285714286
"2025-03-19 00:00:00",0,0,0,0,10,10.428571428571429,12.428571428571429
"2025-03-20 00:00:00",0,1,0,0,10,10.571428571428571,11.714285714285714
"2025-03-21 00:00:00",0,1,0,0,9,10.714285714285714,11.285714285714286
"2025-03-22 00:00:00",0,1,0,0,14,11.142857142857142,10.285714285714286
"2025-03-23 00:00:00",0,2,0,0,10,11.428571428571429,10
"2025-03-24 00:00:00",0,1,0,0,13,11.714285714285714,9
"2025-03-25 00:00:00",0,1,0,0,11,12,8.714285714285714
"2025-03-26 00:00:00",0,0,0,0,7,11.571428571428571,7.857142857142857
"2025-03-27 00:00:00",0,1,0,0,9,11.428571428571429,8.428571428571429
"2025-03-28 00:00:00",0,1,0,0,6,11,8.428571428571429
"2025-03-29 00:00:00",1,1,0,0,9,10.428571428571429,8.285714285714286
"2025-03-30 00:00:00",0,0,0,0,10,10.142857142857142,8.142857142857142
"2025-03-31 00:00:00",0,1,0,0,10,9.714285714285714,7.571428571428571
"2025-04-01 00:00:00",1,0,0,0,8,9.285714285714286,7.571428571428571
"2025-04-02 00:00:00",0,3,0,0,9,10,7.571428571428571
"2025-04-03 00:00:00",0,0,0,0,11,10.142857142857142,7.571428571428571
"2025-04-04 00:00:00",0,0,0,0,7,10.142857142857142,8
"2025-04-05 00:00:00",0,1,0,0,11,10.285714285714286,8.714285714285714
"2025-04-06 00:00:00",0,0,0,0,9,10.142857142857142,8.857142857142858
"2025-04-07 00:00:00",0,0,0,0,12,10.285714285714286,9.571428571428571
"2025-04-08 00:00:00",0,1,1,0,5,10,9.857142857142858
"2025-04-09 00:00:00",1,1,0,0,11,10.142857142857142,10.285714285714286
"2025-04-10 00:00:00",0,1,0,0,10,10.142857142857142,10.142857142857142
"2025-04-11 00:00:00",0,2,0,0,8,10.571428571428571,9.714285714285714
"2025-04-12 00:00:00",0,1,0,0,13,10.857142857142858,8.857142857142858
"2025-04-13 00:00:00",1,0,0,0,8,10.857142857142858,9.285714285714286
"2025-04-14 00:00:00",0,2,0,0,8,10.571428571428571,8.714285714285714
"2025-04-15 00:00:00",0,0,1,0,10,11.142857142857142,8.285714285714286
"2025-04-16 00:00:00",0,2,0,0,11,11.142857142857142,7.285714285714286
"2025-04-17 00:00:00",1,0,0,0,6,10.571428571428571,7.142857142857143
"2025-04-18 00:00:00",0,1,0,0,7,10.285714285714286,7
"2025-04-19 00:00:00",0,2,0,0,6,9.428571428571429,7.285714285714286
"2025-04-20 00:00:00",0,1,0,0,5,9,7
"2025-04-21 00:00:00",0,0,0,0,8,8.714285714285714,7.571428571428571
"2025-04-22 00:00:00",0,0,0,0,8,8.285714285714286,7.571428571428571
"2025-04-23 00:00:00",0,1,0,0,6,7.428571428571429,9.142857142857142
"2025-04-24 00:00:00",0,2,0,0,6,7.571428571428571,9.714285714285714
"2025-04-25 00:00:00",0,0,0,0,10,7.857142857142857,10.142857142857142
"2025-04-26 00:00:00",0,1,0,0,12,8.571428571428571,10.571428571428571
"2025-04-27 00:00:00",0,0,0,0,15,9.857142857142858,10.857142857142858
"2025-04-28 00:00:00",0,0,0,0,8,9.857142857142858,10.428571428571429
"2025-04-29 00:00:00",0,2,0,0,15,11.142857142857142,10.285714285714286
"2025-04-30 00:00:00",0,0,0,0,9,11.428571428571429,10
"2025-05-01 00:00:00",0,2,0,0,10,12,9.285714285714286
"2025-05-02 00:00:00",0,0,0,0,10,12,8.857142857142858
"2025-05-03 00:00:00",0,2,0,0,9,11.714285714285714,9.571428571428571
"2025-05-04 00:00:00",0,0,0,0,11,11.142857142857142,9.571428571428571
"2025-05-05 00:00:00",0,0,0,0,14,12,9.857142857142858
"2025-05-06 00:00:00",0,0,0,0,4,10.142857142857142,10.142857142857142
"2025-05-07 00:00:00",1,0,0,0,5,9.714285714285714,9.857142857142858
"2025-05-08 00:00:00",0,0,0,0,10,9.428571428571429,10
"2025-05-09 00:00:00",0,0,0,0,16,10.285714285714286,10.142857142857142
"2025-05-10 00:00:00",0,0,0,0,8,9.857142857142858,9.571428571428571
"2025-05-11 00:00:00",0,2,0,0,13,10.428571428571429,9.142857142857142
"2025-05-12 00:00:00",0,1,0,0,10,10,9.571428571428571
"2025-05-13 00:00:00",0,0,0,0,8,10.571428571428571,9.428571428571429
"2025-05-14 00:00:00",1,1,0,0,13,11.857142857142858,10.142857142857142
"2025-05-15 00:00:00",0,0,0,0,3,10.857142857142858,10
"2025-05-16 00:00:00",0,0,0,0,12,10.285714285714286,10
"2025-05-17 00:00:00",0,0,0,0,8,10.285714285714286,10.142857142857142
"2025-05-18 00:00:00",0,0,0,0,8,9.285714285714286,10.428571428571429
"2025-05-19 00:00:00",0,1,0,0,12,9.571428571428571,9.857142857142858
"2025-05-20 00:00:00",0,0,0,0,5,9.142857142857142,10.285714285714286
"2025-05-21 00:00:00",0,2,0,0,9,8.571428571428571,9.571428571428571
"2025-05-22 00:00:00",0,0,0,0,13,10,10.142857142857142
"2025-05-23 00:00:00",0,1,0,0,11,10,10.428571428571429
"2025-05-24 00:00:00",0,0,0,0,8,10,9.714285714285714
"2025-05-25 00:00:00",0,1,0,0,7,10,9.428571428571429
"2025-05-26 00:00:00",0,1,0,0,10,9.714285714285714,9.571428571428571
"2025-05-27 00:00:00",0,1,0,0,10,10.571428571428571,9
"2025-05-28 00:00:00",0,0,1,0,12,10.857142857142858,9.285714285714286
"2025-05-29 00:00:00",0,1,0,0,13,11,9.428571428571429
"2025-05-30 00:00:00",0,0,0,0,8,10.428571428571429,8.714285714285714
"2025-05-31 00:00:00",0,1,0,0,7,10.428571428571429,9.142857142857142
"2025-06-01 00:00:00",0,0,0,0,5,10,8.714285714285714
"2025-06-02 00:00:00",0,1,0,0,9,9.857142857142858,8.857142857142858
"2025-06-03 00:00:00",0,0,0,0,9,9.571428571428571,9
"2025-06-04 00:00:00",0,2,0,0,5,8.714285714285714,8.571428571428571
"2025-06-05 00:00:00",0,0,0,0,13,8.571428571428571,8.428571428571429
"2025-06-06 00:00:00",0,1,0,0,10,9,8.428571428571429
"2025-06-07 00:00:00",0,0,0,0,7,8.857142857142858,8.857142857142858
"2025-06-08 00:00:00",0,1,0,0,11,9.857142857142858,9.571428571428571
"2025-06-09 00:00:00",0,0,0,0,9,9.714285714285714,10.142857142857142
"2025-06-10 00:00:00",0,3,0,0,8,10,10.142857142857142
"2025-06-11 00:00:00",0,0,0,0,12,10.714285714285714,10.285714285714286
"2025-06-12 00:00:00",1,0,0,0,7,10,9.857142857142858
"2025-06-13 00:00:00",0,0,1,0,9,9.857142857142858,9.857142857142858
"2025-06-14 00:00:00",0,1,0,0,10,10.428571428571429,10.142857142857142
"2025-06-15 00:00:00",0,1,0,0,10,10.285714285714286,10.428571428571429
"2025-06-16 00:00:00",0,1,0,0,14,11.142857142857142,10.285714285714286
"2025-06-17 00:00:00",0,0,0,0,7,10.571428571428571,10.571428571428571
"2025-06-18 00:00:00",0,3,1,0,9,10.714285714285714,10.857142857142858
"2025-06-19 00:00:00",0,0,0,0,6,10.428571428571429,11.571428571428571
"2025-06-20 00:00:00",0,2,0,0,11,10.857142857142858,11.857142857142858
"2025-06-21 00:00:00",0,0,0,0,8,10.428571428571429,11
"2025-06-22 00:00:00",0,1,0,0,11,10.571428571428571,11.142857142857142
"2025-06-23 00:00:00",0,2,0,0,10,10.142857142857142,10.857142857142858
"2025-06-24 00:00:00",0,1,0,0,5,10,10.142857142857142
"2025-06-25 00:00:00",0,1,0,0,9,9.571428571428571,10.428571428571429
"2025-06-26 00:00:00",0,0,0,0,12,10.428571428571429,9.714285714285714
"2025-06-27 00:00:00",0,1,0,0,11,10.285714285714286,9.857142857142858
"2025-06-28 00:00:00",0,0,0,0,11,10.714285714285714,10.571428571428571
"2025-06-29 00:00:00",0,2,0,0,7,10.285714285714286,9.714285714285714
"2025-06-30 00:00:00",0,1,0,0,13,10.571428571428571,9.571428571428571
"2025-07-01 00:00:00",0,0,0,0,7,10.714285714285714,10
"2025-07-02 00:00:00",0,1,0,0,10,10.857142857142858,9.714285714285714
"2025-07-03 00:00:00",0,0,0,0,10,10.571428571428571,10
"2025-07-04 00:00:00",0,2,0,0,8,10.285714285714286,9.142857142857142
"2025-07-05 00:00:00",0,1,0,0,10,10.285714285714286,8.571428571428571
"2025-07-06 00:00:00",0,1,0,0,7,10.142857142857142,8.428571428571429
"2025-07-07 00:00:00",0,0,0,0,8,9.285714285714286,7.857142857142857
"2025-07-08 00:00:00",0,1,0,0,9,9.714285714285714,8
"2025-07-09 00:00:00",0,1,0,0,10,9.714285714285714,7.428571428571429
"2025-07-10 00:00:00",0,0,0,0,10,9.714285714285714,8
"2025-07-11 00:00:00",0,2,0,0,7,9.571428571428571,9.142857142857142
"2025-07-12 00:00:00",0,2,0,0,14,10.285714285714286,9.285714285714286
"2025-07-13 00:00:00",0,1,0,0,14,11.285714285714286,10.285714285714286
"2025-07-14 00:00:00",0,1,0,0,9,11.571428571428571,10.714285714285714
"2025-07-15 00:00:00",0,1,0,0,9,11.571428571428571,10.571428571428571
"2025-07-16 00:00:00",0,0,0,0,12,11.714285714285714,11.428571428571429
"2025-07-17 00:00:00",0,2,0,0,6,11.428571428571429,11
"2025-07-18 00:00:00",0,1,0,0,9,11.571428571428571,10.857142857142858
"2025-07-19 00:00:00",0,0,0,0,9,10.571428571428571,10
"2025-07-20 00:00:00",0,1,0,0,9,9.857142857142858,9.714285714285714
"2025-07-21 00:00:00",0,1,0,0,11,10.142857142857142,9.857142857142858
"2025-07-22 00:00:00",0,0,0,0,7,9.714285714285714,10
"2025-07-23 00:00:00",0,0,0,0,10,9.428571428571429,9.857142857142858
"2025-07-24 00:00:00",0,1,0,0,9,9.714285714285714,9.285714285714286
"2025-07-25 00:00:00",0,0,0,0,11,9.857142857142858,8.857142857142858
"2025-07-26 00:00:00",0,1,0,0,10,10.142857142857142,9.142857142857142
"2025-07-27 00:00:00",0,0,0,0,7,9.714285714285714,8.714285714285714
"2025-07-28 00:00:00",0,1,0,0,10,9.571428571428571,7.857142857142857
"2025-07-29 00:00:00",0,0,0,0,7,9.571428571428571,8
"2025-07-30 00:00:00",0,0,0,0,8,9.285714285714286,7.714285714285714
"2025-07-31 00:00:00",0,2,0,0,8,9.285714285714286,7.714285714285714
"2025-08-01 00:00:00",0,1,0,0,8,9,7.857142857142857
"2025-08-02 00:00:00",0,0,0,0,11,9,8.428571428571429
"2025-08-03 00:00:00",0,1,0,0,9,9.428571428571429,8.714285714285714
"2025-08-04 00:00:00",0,1,0,0,9,9.285714285714286,9.714285714285714
"2025-08-05 00:00:00",0,1,0,0,8,9.571428571428571,9.142857142857142
"2025-08-06 00:00:00",0,0,0,0,7,9.428571428571429,9.142857142857142
"2025-08-07 00:00:00",0,0,0,0,11,9.571428571428571,9
"2025-08-08 00:00:00",0,1,0,0,9,9.714285714285714,9.142857142857142
"2025-08-09 00:00:00",0,0,0,0,10,9.571428571428571,8.714285714285714
"2025-08-10 00:00:00",0,1,0,0,10,9.714285714285714,8.714285714285714
"2025-08-11 00:00:00",0,2,0,0,11,10.142857142857142,8.571428571428571
"2025-08-12 00:00:00",0,0,0,0,6,9.714285714285714,8.714285714285714
"2025-08-13 00:00:00",0,2,0,0,12,10.714285714285714,9.142857142857142
"2025-08-14 00:00:00",0,0,0,0,10,10.571428571428571,9.714285714285714
"2025-08-15 00:00:00",0,1,0,0,9,10.571428571428571,9.428571428571429
"2025-08-16 00:00:00",0,1,0,0,13,11.142857142857142,10
"2025-08-17 00:00:00",0,2,0,0,9,11.142857142857142,9.714285714285714
"2025-08-18 00:00:00",0,1,0,0,8,10.571428571428571,9.571428571428571
"2025-08-19 00:00:00",0,1,0,0,9,11.142857142857142,9.857142857142858
"2025-08-20 00:00:00",0,0,0,0,13,11,9.857142857142858
"2025-08-21 00:00:00",0,2,0,0,9,11.142857142857142,9.857142857142858
"2025-08-22 00:00:00",0,0,0,0,9,11,10.285714285714286
"2025-08-23 00:00:00",0,1,0,0,9,10.428571428571429,10.142857142857142
"2025-08-24 00:00:00",0,1,0,0,11,10.571428571428571,10.428571428571429
"2025-08-25 00:00:00",0,1,0,0,11,11,10.571428571428571
"2025-08-26 00:00:00",0,0,0,0,9,10.857142857142858,11
"2025-08-27 00:00:00",0,2,0,0,9,10.571428571428571,10.714285714285714
"2025-08-28 00:00:00",0,0,0,0,12,10.714285714285714,10.428571428571429
"2025-08-29 00:00:00",0,2,0,0,8,10.857142857142858,10.714285714285714
"2025-08-30 00:00:00",0,0,0,0,11,11,10.714285714285714
"2025-08-31 00:00:00",0,1,0,0,11,11,10.428571428571429
"2025-09-01 00:00:00",0,1,0,0,5,10.142857142857142,10.285714285714286
"2025-09-02 00:00:00",0,0,0,0,12,10.571428571428571,9.857142857142858
"2025-09-03 00:00:00",0,0,0,0,8,10.142857142857142,9.285714285714286
"2025-09-04 00:00:00",0,1,0,0,10,10,10
"2025-09-05 00:00:00",0,1,0,0,11,10.285714285714286,9.857142857142858
"2025-09-06 00:00:00",0,1,0,0,9,10.142857142857142,10
"2025-09-07 00:00:00",0,2,0,0,7,9.714285714285714,10.571428571428571
"2025-09-08 00:00:00",0,0,0,0,13,10.714285714285714,10.714285714285714
"2025-09-09 00:00:00",0,1,0,0,14,11.142857142857142,11.571428571428571
"2025-09-10 00:00:00",0,0,0,0,9,11.285714285714286,12.142857142857142
"2025-09-11 00:00:00",0,2,0,0,13,11.857142857142858,12
"2025-09-12 00:00:00",0,1,0,0,7,11.285714285714286,11.428571428571429
"2025-09-13 00:00:00",0,0,1,0,13,11.857142857142858,10.857142857142858
"2025-09-14 00:00:00",0,2,0,0,11,12.428571428571429,10.714285714285714
"2025-09-15 00:00:00",0,0,0,0,10,12,10.714285714285714
"2025-09-16 00:00:00",0,1,0,0,11,11.571428571428571,9.285714285714286
"2025-09-17 00:00:00",0,1,0,0,8,11.571428571428571,9.285714285714286
"2025-09-18 00:00:00",0,1,0,0,11,11.142857142857142,9.142857142857142
"2025-09-19 00:00:00",0,0,0,0,10,11.428571428571429,9.857142857142858
"2025-09-20 00:00:00",0,1,0,0,12,11.285714285714286,9.714285714285714
"2025-09-21 00:00:00",0,0,0,0,5,10.142857142857142,9.285714285714286
"2025-09-22 00:00:00",0,0,0,0,10,10.142857142857142,9
"2025-09-23 00:00:00",0,0,0,0,11,10,9.714285714285714
"2025-09-24 00:00:00",0,2,0,0,5,9.714285714285714,9.714285714285714
"2025-09-25 00:00:00",0,1,0,0,15,10.285714285714286,9.714285714285714
"2025-09-26 00:00:00",0,0,0,0,7,9.857142857142858,9.285714285714286
"2025-09-27 00:00:00",0,1,0,0,10,9.571428571428571,9.714285714285714
"2025-09-28 00:00:00",0,1,0,0,10,10.428571428571429,10.285714285714286
"2025-09-29 00:00:00",0,0,0,0,13,10.857142857142858,10.142857142857142
"2025-09-30 00:00:00",0,2,0,0,11,11.142857142857142,10
"2025-10-01 00:00:00",0,0,0,0,12,11.857142857142858,10
"2025-10-02 00:00:00",0,1,0,0,10,11.142857142857142,9.285714285714286
"2025-10-03 00:00:00",0,1,0,0,12,12,9.857142857142858
"2025-10-04 00:00:00",0,1,0,0,9,11.857142857142858,10
"2025-10-05 00:00:00",0,1,0,0,8,11.571428571428571,9.714285714285714
"2025-10-06 00:00:00",0,1,0,0,12,11.571428571428571,10.285714285714286
"2025-10-07 00:00:00",0,0,0,0,12,11.428571428571429,10.285714285714286
"2025-10-08 00:00:00",0,0,0,0,10,11.142857142857142,10.142857142857142
"2025-10-09 00:00:00",0,2,0,0,7,10.857142857142858,10.857142857142858
"2025-10-10 00:00:00",0,0,0,0,13,10.857142857142858,10.142857142857142
"2025-10-11 00:00:00",0,1,0,0,11,11.142857142857142,10
"2025-10-12 00:00:00",0,1,0,0,11,11.571428571428571,9.857142857142858
"2025-10-13 00:00:00",0,1,0,0,11,11.428571428571429,10
"2025-10-14 00:00:00",0,1,0,0,9,11.142857142857142,9.571428571428571
"2025-10-15 00:00:00",0,1,0,0,6,10.714285714285714,9.857142857142858
"2025-10-16 00:00:00",0,1,0,0,13,11.428571428571429,10.142857142857142
"2025-10-17 00:00:00",0,1,0,0,10,11.142857142857142,9.714285714285714
"2025-10-18 00:00:00",0,1,0,0,10,11,9.571428571428571
"2025-10-19 00:00:00",0,0,0,0,10,10.714285714285714,9.571428571428571
"2025-10-20 00:00:00",0,1,0,0,10,10.571428571428571,8.857142857142858
"2025-10-21 00:00:00",0,1,0,0,8,10.428571428571429,8.857142857142858
"2025-10-22 00:00:00",0,2,0,0,11,11.285714285714286,8.428571428571429
"2025-10-23 00:00:00",0,0,0,0,9,10.571428571428571,7.285714285714286
"2025-10-24 00:00:00",0,1,0,0,14,11.142857142857142,8.142857142857142
"2025-10-25 00:00:00",0,0,0,0,12,11.285714285714286,8
"2025-10-26 00:00:00",0,1,0,0,12,11.714285714285714,8.428571428571429
"2025-10-27 00:00:00",0,1,0,0,10,11.714285714285714,8.714285714285714
"2025-10-28 00:00:00",0,1,0,0,11,12.142857142857142,9.428571428571429
"2025-10-29 00:00:00",0,2,0,0,9,11.857142857142858,9.571428571428571
"2025-10-30 00:00:00",0,0,0,0,6,11.428571428571429,10.285714285714286
"2025-10-31 00:00:00",0,1,0,0,8,10.571428571428571,10.142857142857142
"2025-11-01 00:00:00",0,0,0,0,10,10.285714285714286,10.714285714285714
"2025-11-02 00:00:00",0,1,0,0,9,9.857142857142858,10.714285714285714
"2025-11-03 00:00:00",0,1,0,0,12,10.142857142857142,11.285714285714286
"2025-11-04 00:00:00",0,2,0,0,13,10.571428571428571,11.428571428571429
"2025-11-05 00:00:00",0,0,0,0,8,10.142857142857142,11.142857142857142
"2025-11-06 00:00:00",0,0,0,0,8,10.428571428571429,10.428571428571429
"2025-11-07 00:00:00",0,1,0,0,13,11.142857142857142,10.571428571428571
"2025-11-08 00:00:00",0,1,0,0,9,11.142857142857142,10.428571428571429
"2025-11-09 00:00:00",0,1,0,0,5,10.571428571428571,10
"2025-11-10 00:00:00",0,1,0,0,15,11,9.428571428571429
"2025-11-11 00:00:00",0,0,0,0,7,9.857142857142858,8.857142857142858
"2025-11-12 00:00:00",0,1,0,0,11,10.428571428571429,8.857142857142858
"2025-11-13 00:00:00",0,1,0,0,11,11,9.142857142857142
"2025-11-14 00:00:00",0,1,0,0,10,10.571428571428571,9.142857142857142
"2025-11-15 00:00:00",0,0,0,0,8,10.285714285714286,9.857142857142858
"2025-11-16 00:00:00",0,2,0,0,6,10.571428571428571,9.428571428571429
"2025-11-17 00:00:00",0,0,0,0,12,10,9.428571428571429
"2025-11-18 00:00:00",0,1,0,0,7,10.142857142857142,9.857142857142858
"2025-11-19 00:00:00",0,1,0,0,6,9.428571428571429,10
"2025-11-20 00:00:00",0,1,0,0,10,9.285714285714286,10.142857142857142
"2025-11-21 00:00:00",0,0,1,0,8,9,10.142857142857142
"2025-11-22 00:00:00",0,1,0,0,4,8.571428571428571,9.285714285714286
"2025-11-23 00:00:00",0,1,0,0,9,8.857142857142858,10
"2025-11-24 00:00:00",0,0,0,0,9,8.428571428571429,10.571428571428571
"2025-11-25 00:00:00",0,1,0,0,7,8.428571428571429,10.571428571428571
"2025-11-26 00:00:00",0,0,0,0,9,8.714285714285714,10.285714285714286
"2025-11-27 00:00:00",0,0,0,0,7,8.142857142857142,10.571428571428571
"2025-11-28 00:00:00",0,1,1,0,9,8.428571428571429,10.571428571428571
"2025-11-29 00:00:00",0,0,0,0,5,8.428571428571429,10.714285714285714
"2025-11-30 00:00:00",0,0,0,0,10,8.428571428571429,10.285714285714286
"2025-12-01 00:00:00",0,0,1,0,4,7.857142857142857,10.142857142857142
"2025-12-02 00:00:00",0,0,0,0,13,8.571428571428571,10.285714285714286
"2025-12-03 00:00:00",0,0,0,0,9,8.571428571428571,10.571428571428571
"2025-12-04 00:00:00",0,1,0,0,11,9.285714285714286,11.428571428571429
"2025-12-05 00:00:00",0,2,0,0,10,9.428571428571429,11.857142857142858
"2025-12-06 00:00:00",0,1,0,0,14,10.857142857142858,11.857142857142858
"2025-12-07 00:00:00",0,1,0,0,10,11,12.142857142857142
"2025-12-08 00:00:00",0,1,0,0,9,11.714285714285714,11.857142857142858
"2025-12-09 00:00:00",0,1,0,0,5,10.714285714285714,11.571428571428571
"2025-12-10 00:00:00",0,1,0,0,13,11.428571428571429,11.857142857142858
"2025-12-11 00:00:00",0,0,1,0,11,11.428571428571429,11.428571428571429
"2025-12-12 00:00:00",0,1,0,0,5,10.571428571428571,11.142857142857142
"2025-12-13 00:00:00",0,1,0,0,11,10.142857142857142,11.142857142857142
"2025-12-14 00:00:00",0,0,0,0,12,10.285714285714286,10.857142857142858
"2025-12-15 00:00:00",0,2,0,0,7,10.142857142857142,11.428571428571429
"2025-12-16 00:00:00",0,0,0,0,8,10.428571428571429,11.142857142857142
"2025-12-17 00:00:00",0,2,0,0,8,9.857142857142858,11.428571428571429
"2025-12-18 00:00:00",0,1,0,0,6,9.142857142857142,10.571428571428571
"2025-12-19 00:00:00",0,0,0,0,8,9.428571428571429,10
"2025-12-20 00:00:00",0,1,0,0,9,9.142857142857142,10.142857142857142
"2025-12-21 00:00:00",0,1,0,0,10,9,10.571428571428571
"2025-12-22 00:00:00",0,1,0,1,11,9.571428571428571,9.857142857142858
"2025-12-23 00:00:00",0,1,0,0,4,9.142857142857142,10
"2025-12-24 00:00:00",0,1,0,0,9,9.142857142857142,9.714285714285714
"2025-12-25 00:00:00",0,0,0,0,7,9.142857142857142,9.428571428571429
"2025-12-26 00:00:00",0,1,0,0,9,9.428571428571429,9.142857142857142
"2025-12-27 00:00:00",0,2,0,0,7,9.285714285714286,10
"2025-12-28 00:00:00",0,1,0,0,9,9.142857142857142,9.714285714285714
"2025-12-29 00:00:00",0,1,0,0,11,9,9.285714285714286
"2025-12-30 00:00:00",0,1,0,0,2,8.714285714285714,9.857142857142858
"2025-12-31 00:00:00",0,2,0,0,12,9.285714285714286,10
"2026-01-01 00:00:00",0,1,0,0,8,9.571428571428571,10.142857142857142
"2026-01-02 00:00:00",0,1,0,0,7,9.285714285714286,11
"2026-01-03 00:00:00",0,1,0,0,11,9.714285714285714,9.571428571428571
"2026-01-04 00:00:00",0,1,0,0,12,10.142857142857142,10
"2026-01-05 00:00:00",0,1,0,0,8,9.714285714285714,10.428571428571429
"2026-01-06 00:00:00",0,0,0,0,7,10.285714285714286,9.285714285714286
"2026-01-07 00:00:00",0,1,0,0,9,9.714285714285714,9.285714285714286
"2026-01-08 00:00:00",0,0,0,0,12,10.142857142857142,10.571428571428571
"2026-01-09 00:00:00",0,1,0,0,9,10.428571428571429,10.285714285714286
"2026-01-10 00:00:00",0,1,0,0,6,9.714285714285714,11.142857142857142
"2026-01-11 00:00:00",0,1,0,0,11,9.571428571428571,10.714285714285714
"2026-01-12 00:00:00",0,1,0,0,14,10.428571428571429,10.571428571428571
"2026-01-13 00:00:00",0,1,0,0,10,11,11.428571428571429
"2026-01-14 00:00:00",0,0,0,0,9,10.857142857142858,11.142857142857142
"2026-01-15 00:00:00",0,1,0,0,11,10.857142857142858,10.428571428571429
"2026-01-16 00:00:00",0,1,0,0,4,10.142857142857142,10.857142857142858
"2026-01-17 00:00:00",0,2,0,0,8,10.571428571428571,10.428571428571429
"2026-01-18 00:00:00",0,1,0,0,8,10.142857142857142,10.857142857142858
"2026-01-19 00:00:00",0,0,0,0,12,9.714285714285714,11.142857142857142
"2026-01-20 00:00:00",0,1,0,0,7,9.285714285714286,11.285714285714286
"2026-01-21 00:00:00",0,1,0,0,4,8.714285714285714,11.571428571428571
"2026-01-22 00:00:00",0,1,0,0,8,8.285714285714286,11.428571428571429
"2026-01-23 00:00:00",0,1,0,0,9,9,11.428571428571429
"2026-01-24 00:00:00",0,0,0,0,7,8.571428571428571,11.571428571428571
"2026-01-25 00:00:00",0,1,0,0,10,8.857142857142858,11.142857142857142
"2026-01-26 00:00:00",0,1,0,0,5,8,11.142857142857142
"2026-01-27 00:00:00",0,1,0,0,9,8.285714285714286,10.428571428571429
"2026-01-28 00:00:00",0,1,1,0,12,9.571428571428571,10.285714285714286
"2026-01-29 00:00:00",0,1,0,0,11,10,11.285714285714286
"2026-01-30 00:00:00",0,0,0,0,13,10.428571428571429,10.714285714285714
"2026-01-31 00:00:00",0,0,1,0,7,10.571428571428571,10
"2026-02-01 00:00:00",0,2,0,0,12,11,10.571428571428571
"2026-02-02 00:00:00",0,1,1,0,6,11.285714285714286,10.428571428571429
"2026-02-03 00:00:00",0,1,0,0,11,11.571428571428571,10.714285714285714
"2026-02-04 00:00:00",0,1,0,0,10,11.142857142857142,10.714285714285714
"2026-02-05 00:00:00",0,2,0,0,8,10.857142857142858,10.142857142857142
"2026-02-06 00:00:00",0,1,0,0,10,10.571428571428571,10.285714285714286
"2026-02-07 00:00:00",0,3,0,0,11,11.428571428571429,11
"2026-02-08 00:00:00",0,1,0,0,8,10.714285714285714,10.857142857142858
"2026-02-09 00:00:00",0,0,0,0,10,11,11
"2026-02-10 00:00:00",0,2,0,0,7,10.571428571428571,11.285714285714286
"2026-02-11 00:00:00",0,1,0,0,8,10.285714285714286,11.142857142857142
"2026-02-12 00:00:00",0,1,0,0,9,10.285714285714286,11.142857142857142
"2026-02-13 00:00:00",0,0,1,0,7,9.857142857142858,11.571428571428571
"2026-02-14 00:00:00",0,2,0,0,7,9.142857142857142,11.142857142857142
"2026-02-15 00:00:00",0,1,0,0,8,9.142857142857142,10.571428571428571
"2026-02-16 00:00:00",0,0,0,0,7,8.714285714285714,10.571428571428571
"2026-02-17 00:00:00",0,1,0,0,11,9.142857142857142,10.285714285714286
"2026-02-18 00:00:00",0,1,0,0,9,9.285714285714286,9.857142857142858
"2026-02-19 00:00:00",0,1,0,0,9,9.285714285714286,9.428571428571429
"2026-02-20 00:00:00",0,1,0,0,10,9.714285714285714,9.571428571428571
"2026-02-21 00:00:00",0,2,0,0,10,10.142857142857142,9.857142857142858
"2026-02-22 00:00:00",0,1,0,0,8,10.142857142857142,9.428571428571429
"2026-02-23 00:00:00",0,1,0,0,11,10.857142857142858,9.714285714285714
"2026-02-24 00:00:00",0,1,0,0,9,10.571428571428571,10.142857142857142
"2026-02-25 00:00:00",0,2,0,0,8,10.571428571428571,10.142857142857142
"2026-02-26 00:00:00",0,2,0,0,9,10.714285714285714,10.428571428571429
"2026-02-27 00:00:00",0,1,0,0,9,10.571428571428571,9.857142857142858
"2026-02-28 00:00:00",0,1,0,0,9,10.285714285714286,9.428571428571429
"2026-03-01 00:00:00",0,1,0,0,5,9.857142857142858,10.571428571428571
"2026-03-02 00:00:00",0,0,0,0,4,8.714285714285714,10.285714285714286
"2026-03-03 00:00:00",0,0,0,0,0,7.285714285714286,10.571428571428571
"2026-03-04 00:00:00",0,0,0,0,0,5.857142857142857,11.428571428571429
"2026-03-05 00:00:00",0,0,0,0,0,4.285714285714286,11.571428571428571
"2026-03-06 00:00:00",0,0,0,0,0,2.857142857142857,11.857142857142858
"2026-03-07 00:00:00",0,0,0,0,0,1.4285714285714286,12
"2026-03-08 00:00:00",0,0,0,0,0,0.5714285714285714,11.428571428571429
"2026-03-09 00:00:00",0,0,0,0,0,0,11.857142857142858
"2026-03-10 00:00:00",0,0,0,0,0,0,11
"2026-03-11 00:00:00",0,0,0,0,0,0,10.857142857142858
"2026-03-12 00:00:00",0,0,0,0,0,0,10.714285714285714
"2026-03-13 00:00:00",0,0,0,0,0,0,10.428571428571429
"2026-03-14 00:00:00",0,0,0,0,0,0,10.428571428571429
"2026-03-15 00:00:00",0,1,1,0,1,0.42857142857142855,10.857142857142858
"2026-03-16 00:00:00",0,0,0,0,3,0.8571428571428571,10.428571428571429
"2026-03-17 00:00:00",0,0,0,0,0,0.8571428571428571,10.857142857142858
"2026-03-18 00:00:00",0,0,0,0,0,0.8571428571428571,10.571428571428571
"2026-03-19 00:00:00",0,0,0,0,0,0.8571428571428571,10.428571428571429
"2026-03-20 00:00:00",0,0,0,0,1,1,10.571428571428571
"2026-03-21 00:00:00",0,0,0,0,0,1,10.714285714285714
"2026-03-22 00:00:00",0,0,0,0,0,0.5714285714285714,11.142857142857142
"2026-03-23 00:00:00",0,0,0,0,0,0.14285714285714285,11.428571428571429
"2026-03-24 00:00:00",0,0,0,0,0,0.14285714285714285,11.714285714285714
"2026-03-25 00:00:00",0,0,0,0,0,0.14285714285714285,12
"2026-03-26 00:00:00",3,3,0,0,2,1.2857142857142858,11.571428571428571
"2026-03-27 00:00:00",0,0,1,0,3,1.7142857142857142,11.428571428571429
"2026-03-28 00:00:00",1,0,0,0,0,1.8571428571428572,11
"2026-03-29 00:00:00",1,0,0,0,1,2.142857142857143,10.428571428571429
"2026-03-30 00:00:00",0,0,0,0,2,2.4285714285714284,10.142857142857142
"2026-03-31 00:00:00",0,0,0,0,0,2.4285714285714284,9.714285714285714
"2026-04-01 00:00:00",1,1,0,0,1,2.857142857142857,9.285714285714286
"2026-04-02 00:00:00",1,0,0,0,4,2.4285714285714284,10
"2026-04-03 00:00:00",0,2,1,0,1,2.4285714285714284,10.142857142857142
"2026-04-04 00:00:00",2,1,0,0,2,3,10.142857142857142
"2026-04-05 00:00:00",0,0,0,0,0,2.7142857142857144,10.285714285714286
"2026-04-06 00:00:00",2,6,0,0,7,4.571428571428571,10.142857142857142
"2026-04-07 00:00:00",0,1,0,0,0,4.714285714285714,10.285714285714286
"2026-04-08 00:00:00",0,1,0,1,3,5,10
"2026-04-09 00:00:00",2,1,0,1,2,5.142857142857143,10.142857142857142
"2026-04-10 00:00:00",0,1,0,0,2,5,10.142857142857142
"2026-04-11 00:00:00",2,0,0,0,1,4.714285714285714,10.571428571428571
"2026-04-12 00:00:00",0,2,0,0,0,5,10.857142857142858
"2026-04-13 00:00:00",0,1,0,0,4,3.5714285714285716,10.857142857142858
"2026-04-14 00:00:00",1,3,0,0,4,4.571428571428571,10.571428571428571
"2026-04-15 00:00:00",1,0,1,1,3,4.714285714285714,11.142857142857142
"2026-04-16 00:00:00",1,3,1,0,2,4.857142857142857,11.142857142857142
"2026-04-17 00:00:00",0,0,0,0,3,4.857142857142857,10.571428571428571
"2026-04-18 00:00:00",1,0,0,0,1,4.714285714285714,10.285714285714286
"2026-04-19 00:00:00",0,2,0,0,1,4.857142857142857,9.428571428571429
"2026-04-20 00:00:00",1,2,0,0,4,5.142857142857143,9
"2026-04-21 00:00:00",0,1,0,0,0,4.142857142857143,8.714285714285714
"2026-04-22 00:00:00",1,0,1,1,5,4.428571428571429,8.285714285714286
"2026-04-23 00:00:00",1,1,0,0,1,3.857142857142857,7.428571428571429
"2026-04-24 00:00:00",1,2,1,0,2,4.285714285714286,7.571428571428571
"2026-04-25 00:00:00",1,0,0,0,2,4.428571428571429,7.857142857142857
"2026-04-26 00:00:00",1,0,0,0,4,4.714285714285714,8.571428571428571
"2026-04-27 00:00:00",0,1,1,0,6,4.857142857142857,9.857142857142858
"2026-04-28 00:00:00",1,2,0,0,3,5.571428571428571,9.857142857142858
"2026-04-29 00:00:00",1,3,0,0,1,5.142857142857143,11.142857142857142
"2026-04-30 00:00:00",1,1,3,0,4,6,11.428571428571429
"2026-05-01 00:00:00",0,0,0,0,3,5.571428571428571,12
"2026-05-02 00:00:00",0,1,0,0,1,5.428571428571429,12
"2026-05-03 00:00:00",1,0,0,0,2,5.142857142857143,11.714285714285714
"2026-05-04 00:00:00",1,0,0,0,0,4.142857142857143,11.142857142857142
"2026-05-05 00:00:00",0,2,1,0,0,3.7142857142857144,12
"2026-05-06 00:00:00",0,0,0,0,0,3,10.142857142857142
"2026-05-07 00:00:00",0,0,0,0,0,1.7142857142857142,9.714285714285714
"2026-05-08 00:00:00",0,0,0,0,0,1.2857142857142858,9.428571428571429
"2026-05-09 00:00:00",0,0,0,0,0,1,10.285714285714286
"2026-05-10 00:00:00",2,5,3,0,4,2.5714285714285716,9.857142857142858
"2026-05-11 00:00:00",0,1,0,0,0,2.5714285714285716,10.428571428571429
"2026-05-12 00:00:00",0,0,0,0,0,2.142857142857143,10
"2026-05-13 00:00:00",0,0,0,0,0,2.142857142857143,10.571428571428571
"2026-05-14 00:00:00",0,0,0,0,1,2.2857142857142856,11.857142857142858
"2026-05-15 00:00:00",1,5,0,0,2,3.4285714285714284,10.857142857142858
"2026-05-16 00:00:00",0,0,0,0,0,3.4285714285714284,10.285714285714286
"2026-05-17 00:00:00",0,0,0,0,0,1.4285714285714286,10.285714285714286
"2026-05-18 00:00:00",0,0,0,0,0,1.2857142857142858,9.285714285714286
"2026-05-19 00:00:00",2,0,0,0,0,1.5714285714285714,9.571428571428571
"2026-05-20 00:00:00",0,0,0,0,0,1.5714285714285714,9.142857142857142
"2026-05-21 00:00:00",0,0,1,0,0,1.5714285714285714,8.571428571428571
"2026-05-22 00:00:00",1,4,2,0,6,2.2857142857142856,10
"2026-05-23 00:00:00",2,4,0,0,2,3.4285714285714284,10
"2026-05-24 00:00:00",0,0,0,0,0,3.4285714285714284,10
"2026-05-25 00:00:00",0,0,0,0,0,3.4285714285714284,10
"2026-05-26 00:00:00",1,3,2,0,8,5.142857142857143,9.714285714285714
"2026-05-27 00:00:00",0,0,0,0,1,5.285714285714286,10.571428571428571
"2026-05-28 00:00:00",1,0,0,0,0,5.285714285714286,10.857142857142858
"2026-05-29 00:00:00",0,0,0,0,0,3.4285714285714284,11
"2026-05-30 00:00:00",0,0,0,0,0,2.2857142857142856,10.428571428571429
"2026-05-31 00:00:00",0,0,0,0,2,2.5714285714285716,10.428571428571429
"2026-06-01 00:00:00",0,0,0,0,1,2.7142857142857144,10
"2026-06-02 00:00:00",0,0,0,0,0,0.7142857142857143,9.857142857142858
"2026-06-03 00:00:00",1,3,1,0,2,1.5714285714285714,9.571428571428571
"2026-06-04 00:00:00",0,1,0,0,1,1.7142857142857142,8.714285714285714
"2026-06-05 00:00:00",1,1,0,0,3,2.4285714285714284,8.571428571428571
"2026-06-06 00:00:00",0,0,0,0,0,2.4285714285714284,9
"2026-06-07 00:00:00",0,1,0,0,0,2.2857142857142856,8.857142857142858
"2026-06-08 00:00:00",0,0,0,0,0,2.142857142857143,9.857142857142858
"2026-06-09 00:00:00",0,0,0,0,0,2.142857142857143,9.714285714285714
"2026-06-10 00:00:00",0,0,1,0,4,1.8571428571428572,10
"2026-06-11 00:00:00",0,1,0,1,1,2,10.714285714285714
"2026-06-12 00:00:00",1,7,0,0,11,4,10
"2026-06-13 00:00:00",1,0,0,0,0,4.142857142857143,9.857142857142858
"2026-06-14 00:00:00",0,0,0,0,0,4,10.428571428571429
"2026-06-15 00:00:00",0,0,0,0,0,4,10.285714285714286
"2026-06-16 00:00:00",0,0,0,0,0,4,11.142857142857142
"2026-06-17 00:00:00",0,0,0,0,0,3.2857142857142856,10.571428571428571
"2026-06-18 00:00:00",0,0,0,0,0,2.857142857142857,10.714285714285714
"2026-06-19 00:00:00",0,0,0,0,0,0.14285714285714285,10.428571428571429
"2026-06-20 00:00:00",1,0,0,0,1,0.2857142857142857,10.857142857142858
"2026-06-21 00:00:00",0,0,0,0,0,0.2857142857142857,10.428571428571429
"2026-06-22 00:00:00",1,0,0,0,0,0.42857142857142855,10.571428571428571
"2026-06-23 00:00:00",2,0,0,0,0,0.7142857142857143,10.142857142857142
"2026-06-24 00:00:00",0,5,1,0,9,2.857142857142857,10
"2026-06-25 00:00:00",2,0,1,0,5,4,9.571428571428571
"2026-06-26 00:00:00",1,2,1,0,2,4.857142857142857,10.428571428571429
"2026-06-27 00:00:00",1,2,0,0,0,5,10.285714285714286
"2026-06-28 00:00:00",0,0,0,0,4,5.571428571428571,10.714285714285714
"2026-06-29 00:00:00",0,0,0,0,4,6,10.285714285714286
"2026-06-30 00:00:00",1,3,0,1,4,7,10.571428571428571
"2026-07-01 00:00:00",0,3,1,0,1,5.571428571428571,10.714285714285714
"2026-07-02 00:00:00",0,1,1,0,6,5.571428571428571,10.857142857142858
"2026-07-03 00:00:00",1,1,0,0,5,5.714285714285714,10.571428571428571