"DateTime","Container","Dry Bulk","General Cargo","Roll-on/roll-off","Tanker","7-day Moving Average","Prior Year: 7-day Moving Average"
"2019-01-01 00:00:00",5533,0,0,0,0,,
"2019-01-02 00:00:00",0,76024,0,0,0,,
"2019-01-03 00:00:00",7862,57224,0,63,0,,
"2019-01-04 00:00:00",0,0,0,0,16574,,
"2019-01-05 00:00:00",3271,0,0,0,0,,
"2019-01-06 00:00:00",0,0,0,0,12272,,
"2019-01-07 00:00:00",65707,61111,0,0,0,43663.28571428572,
"2019-01-08 00:00:00",3254,51993,0,0,0,50765.42857142857,
"2019-01-09 00:00:00",8787,0,0,0,0,41160.142857142855,
"2019-01-10 00:00:00",3254,223722,0,0,0,64278.28571428572,
"2019-01-11 00:00:00",5930,82641,0,0,0,74563.57142857143,
"2019-01-12 00:00:00",3254,173106,1052,0,15455,101649,
"2019-01-13 00:00:00",0,65861,0,0,12272,111057.85714285714,
"2019-01-14 00:00:00",0,0,0,0,0,92940.85714285714,
"2019-01-15 00:00:00",6509,170533,0,0,0,110340.14285714286,
"2019-01-16 00:00:00",4442,0,0,0,0,109719.42857142857,
"2019-01-17 00:00:00",5549,29654,0,0,0,82323.14285714286,
"2019-01-18 00:00:00",3254,0,0,63,0,70144.14285714286,
"2019-01-19 00:00:00",3254,184533,0,0,0,69418.28571428571,
"2019-01-20 00:00:00",3561,164564,0,0,0,82274.14285714286,
"2019-01-21 00:00:00",0,0,0,0,0,82274.14285714286,
"2019-01-22 00:00:00",0,28845,0,0,12272,62856.142857142855,
"2019-01-23 00:00:00",0,0,1206,0,0,62393.857142857145,
"2019-01-24 00:00:00",11783,48011,0,0,0,65906.85714285714,
"2019-01-25 00:00:00",3254,0,0,0,0,65897.71428571429,
"2019-01-26 00:00:00",0,45484,0,0,0,45568.57142857143,
"2019-01-27 00:00:00",0,0,0,0,0,21550.714285714286,
"2019-01-28 00:00:00",0,222365,0,0,0,53317.142857142855,
"2019-01-29 00:00:00",7570,114449,1875,0,0,65142.42857142857,
"2019-01-30 00:00:00",3254,0,0,0,45137,71883.28571428571,
"2019-01-31 00:00:00",0,58996,7564,0,0,72850,
"2019-02-01 00:00:00",3254,163716,0,0,0,96238.14285714286,
"2019-02-02 00:00:00",0,116803,0,0,3622,106944.14285714286,
"2019-02-03 00:00:00",19964,0,1875,0,45137,116512.28571428571,
"2019-02-04 00:00:00",6509,57224,0,0,0,93850.71428571429,
"2019-02-05 00:00:00",0,57224,0,0,0,84326.42857142857,
"2019-02-06 00:00:00",0,0,0,0,0,77413.28571428571,
"2019-02-07 00:00:00",6509,110898,0,0,0,84677.14285714286,
"2019-02-08 00:00:00",3254,158625,0,0,0,83949.85714285714,
"2019-02-09 00:00:00",6509,0,0,0,0,67676,
"2019-02-10 00:00:00",0,0,0,0,0,58107.857142857145,
"2019-02-11 00:00:00",18679,220779,0,0,0,83211.28571428571,
"2019-02-12 00:00:00",9107,0,0,0,3918,76897.14285714286,
"2019-02-13 00:00:00",0,57224,0,0,0,85072,
"2019-02-14 00:00:00",2728,0,0,0,0,68689.14285714286,
"2019-02-15 00:00:00",3254,33926,0,0,12272,52628.28571428572,
"2019-02-16 00:00:00",9764,220142,0,0,0,84542.28571428571,
"2019-02-17 00:00:00",8962,326690,0,0,0,132492.7142857143,
"2019-02-18 00:00:00",13128,112944,0,0,0,116294.71428571429,
"2019-02-19 00:00:00",23865,163982,0,0,0,141269.42857142858,
"2019-02-20 00:00:00",0,15928,0,0,0,135370,
"2019-02-21 00:00:00",0,217777,0,0,0,166091.2857142857,
"2019-02-22 00:00:00",0,80859,0,0,0,170577.7142857143,
"2019-02-23 00:00:00",3254,72167,0,0,0,148508.42857142858,
"2019-02-24 00:00:00",0,0,0,0,0,100558,
"2019-02-25 00:00:00",0,225452,0,0,0,114755.14285714286,
"2019-02-26 00:00:00",27231,12263,0,0,0,93561.71428571429,
"2019-02-27 00:00:00",21204,57224,7090,0,0,103503.28571428571,
"2019-02-28 00:00:00",0,78009,0,0,6378,84447.71428571429,
"2019-03-01 00:00:00",0,85924,6068,0,0,86038.14285714286,
"2019-03-02 00:00:00",3254,173915,1875,0,0,100841.42857142857,
"2019-03-03 00:00:00",17274,57224,0,0,0,111484.14285714286,
"2019-03-04 00:00:00",3254,0,0,0,12272,81494.85714285714,
"2019-03-05 00:00:00",0,174836,1875,0,0,101097.28571428571,
"2019-03-06 00:00:00",0,0,1206,0,0,89052.57142857143,
"2019-03-07 00:00:00",0,171673,0,0,0,101521.85714285714,
"2019-03-08 00:00:00",0,244960,0,0,0,123374.42857142857,
"2019-03-09 00:00:00",3254,0,0,0,91947,111396.85714285714,
"2019-03-10 00:00:00",5166,57224,1875,0,0,109935,
"2019-03-11 00:00:00",0,186384,0,0,12272,136096.42857142858,
"2019-03-12 00:00:00",6509,66018,2496,0,0,121569.85714285714,
"2019-03-13 00:00:00",0,0,0,0,0,121397.57142857143,
"2019-03-14 00:00:00",3254,0,0,0,0,97337.71428571429,
"2019-03-15 00:00:00",0,328571,0,0,0,109282.14285714286,
"2019-03-16 00:00:00",3254,151531,0,0,0,117794.14285714286,
"2019-03-17 00:00:00",6289,73245,0,0,0,119975.28571428571,
"2019-03-18 00:00:00",5591,7597,0,0,0,93479.85714285714,
"2019-03-19 00:00:00",3254,210756,0,0,0,113335,
"2019-03-20 00:00:00",20945,0,0,0,0,116327.14285714286,
"2019-03-21 00:00:00",0,166315,0,0,0,139621.57142857142,
"2019-03-22 00:00:00",0,103079,0,0,0,107408.42857142857,
"2019-03-23 00:00:00",9764,163220,0,0,0,110008.28571428571,
"2019-03-24 00:00:00",0,27514,0,0,0,102576.85714285714,
"2019-03-25 00:00:00",9372,76111,0,0,0,112904.71428571429,
"2019-03-26 00:00:00",3254,60795,0,0,0,91481.71428571429,
"2019-03-27 00:00:00",0,187462,0,0,0,115269.85714285714,
"2019-03-28 00:00:00",3254,6050,0,0,0,92839.85714285714,
"2019-03-29 00:00:00",14691,8960,0,0,0,81493,
"2019-03-30 00:00:00",6509,72890,5123,0,1035,69003.57142857143,
"2019-03-31 00:00:00",9660,0,0,0,0,66453,
"2019-04-01 00:00:00",6509,247604,0,0,0,90543,
"2019-04-02 00:00:00",6069,224823,0,0,0,114377.57142857143,
"2019-04-03 00:00:00",3349,0,0,0,0,88075.71428571429,
"2019-04-04 00:00:00",7302,0,0,0,0,87789.57142857143,
"2019-04-05 00:00:00",39952,90429,0,0,12272,104790,
"2019-04-06 00:00:00",1267,0,0,0,0,92748.28571428571,
"2019-04-07 00:00:00",0,0,0,0,0,91368.28571428571,
"2019-04-08 00:00:00",3254,159565,0,0,0,78326.28571428571,
"2019-04-09 00:00:00",3809,26794,0,0,0,49713.71428571428,
"2019-04-10 00:00:00",4348,318526,0,0,0,95360.14285714286,
"2019-04-11 00:00:00",8676,62182,0,0,0,104439.71428571429,
"2019-04-12 00:00:00",4715,0,0,0,0,84734.14285714286,
"2019-04-13 00:00:00",9764,0,0,0,0,85948,
"2019-04-14 00:00:00",0,0,0,0,0,85948,
"2019-04-15 00:00:00",6509,0,0,0,0,63617.857142857145,
"2019-04-16 00:00:00",756,54494,0,0,0,67138.85714285714,
"2019-04-17 00:00:00",3254,47381,0,0,0,28247.714285714286,
"2019-04-18 00:00:00",37975,279791,0,0,0,63520.142857142855,
"2019-04-19 00:00:00",4969,57224,0,0,661,71825.85714285714,
"2019-04-20 00:00:00",0,163841,1875,0,0,94104.71428571429,
"2019-04-21 00:00:00",3254,204457,0,0,12272,125531.14285714286,
"2019-04-22 00:00:00",10381,75577,0,0,0,136881,
"2019-04-23 00:00:00",11207,0,0,0,85714,142833.85714285713,
"2019-04-24 00:00:00",6793,210093,0,0,0,166584,
"2019-04-25 00:00:00",0,51843,0,0,0,128595,
"2019-04-26 00:00:00",4611,126936,0,0,0,138408.2857142857,
"2019-04-27 00:00:00",0,0,0,0,0,114734.57142857143,
"2019-04-28 00:00:00",6888,15829,0,0,0,86553.42857142857,
"2019-04-29 00:00:00",0,161837,0,0,0,97393.28571428571,
"2019-04-30 00:00:00",3554,45602,0,0,0,90569.71428571429,
"2019-05-01 00:00:00",3254,19205,0,0,0,62794.42857142857,
"2019-05-02 00:00:00",15678,155443,3086,0,1565,80498.71428571429,
"2019-05-03 00:00:00",0,225135,0,0,24545,97374.71428571429,
"2019-05-04 00:00:00",2679,78524,0,0,0,108975.14285714286,
"2019-05-05 00:00:00",23811,233459,1875,0,22082,145905.2857142857,
"2019-05-06 00:00:00",38283,0,0,0,0,128254.71428571429,
"2019-05-07 00:00:00",5351,266040,0,0,0,160002.57142857142,
"2019-05-08 00:00:00",12950,0,0,0,0,158644,
"2019-05-09 00:00:00",0,170035,35611,0,12272,164664.7142857143,
"2019-05-10 00:00:00",60298,0,0,0,31232,142072,
"2019-05-11 00:00:00",2061,159094,0,2315,15468,156034.42857142858,
"2019-05-12 00:00:00",15973,278992,0,0,0,157996.85714285713,
"2019-05-13 00:00:00",6509,78424,0,0,0,164661.2857142857,
"2019-05-14 00:00:00",3254,0,0,0,15261,128536.28571428571,
"2019-05-15 00:00:00",7617,57224,0,0,0,135949.42857142858,
"2019-05-16 00:00:00",3204,163916,0,0,0,128692.71428571429,
"2019-05-17 00:00:00",634,81516,0,0,0,127352.71428571429,
"2019-05-18 00:00:00",3254,0,0,0,0,102254.71428571429,
"2019-05-19 00:00:00",3566,113231,0,0,0,76802.14285714286,
"2019-05-20 00:00:00",29713,1205,0,0,0,69085.57142857143,
"2019-05-21 00:00:00",11521,61019,0,0,0,76803.28571428571,
"2019-05-22 00:00:00",0,221599,0,0,0,99197.14285714286,
"2019-05-23 00:00:00",3254,185604,0,0,0,102302.57142857143,
"2019-05-24 00:00:00",3254,0,0,0,44422,97377.71428571429,
"2019-05-25 00:00:00",0,78004,0,0,0,108056.28571428571,
"2019-05-26 00:00:00",5462,229970,0,0,0,125004.14285714286,
"2019-05-27 00:00:00",6131,0,0,0,0,121463.14285714286,
"2019-05-28 00:00:00",1505,165267,1875,0,0,135192.85714285713,
"2019-05-29 00:00:00",30783,0,0,0,0,107933.42857142857,
"2019-05-30 00:00:00",0,167863,0,0,0,104934,
"2019-05-31 00:00:00",11804,200094,0,0,0,128394.14285714286,
"2019-06-01 00:00:00",13119,0,0,0,0,119124.85714285714,
"2019-06-02 00:00:00",968,24366,6050,0,0,89975.28571428571,
"2019-06-03 00:00:00",4360,19308,0,0,0,92480.71428571429,
"2019-06-04 00:00:00",3254,161966,0,0,0,91991.14285714286,
"2019-06-05 00:00:00",0,147827,0,0,1798,108968.57142857143,
"2019-06-06 00:00:00",521,117594,0,0,60821,110550.71428571429,
"2019-06-07 00:00:00",13061,221566,0,0,12272,115551,
"2019-06-08 00:00:00",3254,0,0,0,18153,116735.14285714286,
"2019-06-09 00:00:00",3254,57224,0,0,0,120891.42857142857,
"2019-06-10 00:00:00",3254,163631,0,0,0,141351,
"2019-06-11 00:00:00",4963,0,0,0,0,118457,
"2019-06-12 00:00:00",5983,0,0,0,0,97936.71428571429,
"2019-06-13 00:00:00",0,0,0,0,0,72374.14285714286,
"2019-06-14 00:00:00",0,191723,0,0,15245,66669.71428571429,
"2019-06-15 00:00:00",8711,206108,0,0,0,94300,
"2019-06-16 00:00:00",8136,260076,0,0,0,123976.14285714286,
"2019-06-17 00:00:00",15499,57224,0,0,0,110524.28571428571,
"2019-06-18 00:00:00",29712,163989,0,0,165632,161148.7142857143,
"2019-06-19 00:00:00",13058,0,0,0,0,162159.42857142858,
"2019-06-20 00:00:00",319,57224,1875,0,21397,173704.57142857142,
"2019-06-21 00:00:00",0,231228,0,0,0,177170.14285714287,
"2019-06-22 00:00:00",12620,160285,1875,0,12272,173203.42857142858,
"2019-06-23 00:00:00",0,156359,0,0,0,157224.42857142858,
"2019-06-24 00:00:00",24976,57224,0,0,0,158578.2857142857,
"2019-06-25 00:00:00",0,57224,0,0,0,115419.71428571429,
"2019-06-26 00:00:00",0,0,0,0,0,113554.28571428571,
"2019-06-27 00:00:00",3282,201904,0,0,0,131321.57142857142,
"2019-06-28 00:00:00",7849,183664,0,0,0,125648,
"2019-06-29 00:00:00",0,57224,0,0,41496,113029,
"2019-06-30 00:00:00",30611,0,0,194,0,95092.85714285714,
"2019-07-01 00:00:00",37695,27859,0,0,0,92715,
"2019-07-02 00:00:00",558,2330,1875,0,0,85220.71428571429,
"2019-07-03 00:00:00",0,0,0,0,0,85220.71428571429,
"2019-07-04 00:00:00",3254,153440,2598,0,0,78664.42857142857,
"2019-07-05 00:00:00",19919,0,0,0,0,54151,
"2019-07-06 00:00:00",23668,128660,0,0,0,61809.42857142857,
"2019-07-07 00:00:00",31769,0,0,0,0,61947,
"2019-07-08 00:00:00",3254,0,0,0,0,53046.857142857145,
"2019-07-09 00:00:00",11257,0,0,0,0,53974.42857142857,
"2019-07-10 00:00:00",12052,171910,0,0,12272,82008.14285714286,
"2019-07-11 00:00:00",0,0,0,0,0,59252,
"2019-07-12 00:00:00",18570,93020,0,0,0,72347.85714285714,
"2019-07-13 00:00:00",8590,159613,1875,0,0,74883.57142857143,
"2019-07-14 00:00:00",3254,0,0,0,0,70810,
"2019-07-15 00:00:00",3254,9652,0,0,0,72189,
"2019-07-16 00:00:00",2092,164589,0,0,1590,94619.71428571429,
"2019-07-17 00:00:00",0,209915,0,0,0,96573.85714285714,
"2019-07-18 00:00:00",0,57224,0,0,0,104748.71428571429,
"2019-07-19 00:00:00",53651,221750,0,0,0,128150.42857142857,
"2019-07-20 00:00:00",0,0,0,0,0,103853.42857142857,
"2019-07-21 00:00:00",0,165683,0,0,0,127057.57142857143,
"2019-07-22 00:00:00",3254,171931,0,0,0,150240.2857142857,
"2019-07-23 00:00:00",3254,0,0,0,6712,127625.28571428571,
"2019-07-24 00:00:00",3254,54822,0,0,0,105934.14285714286,
"2019-07-25 00:00:00",0,57224,0,0,0,105934.14285714286,
"2019-07-26 00:00:00",25449,0,0,0,11726,71901.85714285714,
"2019-07-27 00:00:00",14075,0,0,0,9423,75258.71428571429,
"2019-07-28 00:00:00",24303,193069,0,0,0,82642.85714285714,
"2019-07-29 00:00:00",37329,159592,0,0,0,85747.85714285714,
"2019-07-30 00:00:00",3903,0,0,0,0,84881.57142857143,
"2019-07-31 00:00:00",41627,57224,0,0,45137,97154.71428571429,
"2019-08-01 00:00:00",3254,6243,0,0,0,90336.71428571429,
"2019-08-02 00:00:00",3254,173080,0,0,42676,116313.14285714286,
"2019-08-03 00:00:00",9764,25592,0,0,0,118007.28571428571,
"2019-08-04 00:00:00",21405,8102,0,0,15457,93377.71428571429,
"2019-08-05 00:00:00",3254,0,0,0,0,65711,
"2019-08-06 00:00:00",0,0,0,0,0,65153.42857142857,
"2019-08-07 00:00:00",10963,0,0,0,0,46149.71428571428,
"2019-08-08 00:00:00",2103,0,0,0,0,45093.28571428572,
"2019-08-09 00:00:00",2583,87191,0,0,0,26630.85714285714,
"2019-08-10 00:00:00",0,0,0,0,0,21579.85714285714,
"2019-08-11 00:00:00",47369,166795,0,0,0,45751.28571428572,
"2019-08-12 00:00:00",5585,488,0,0,12272,47907.28571428572,
"2019-08-13 00:00:00",3254,0,0,0,0,48372.142857142855,
"2019-08-14 00:00:00",37948,14353,0,194,0,54305.42857142857,
"2019-08-15 00:00:00",6565,0,0,0,0,54942.857142857145,
"2019-08-16 00:00:00",10417,46239,0,63,0,50220.857142857145,
"2019-08-17 00:00:00",6509,0,0,0,0,51150.71428571428,
"2019-08-18 00:00:00",6509,0,0,0,0,21485.571428571428,
"2019-08-19 00:00:00",13664,211107,0,0,0,50975,
"2019-08-20 00:00:00",0,22589,0,0,2948,54158.42857142857,
"2019-08-21 00:00:00",25967,57224,0,0,0,58543.57142857143,
"2019-08-22 00:00:00",0,554,0,0,12272,59438.142857142855,
"2019-08-23 00:00:00",31974,43585,0,0,0,62129.42857142857,
"2019-08-24 00:00:00",18131,38205,0,0,0,69247.57142857143,
"2019-08-25 00:00:00",7754,222128,0,0,0,101158,
"2019-08-26 00:00:00",50218,121061,0,0,11672,95183.71428571429,
"2019-08-27 00:00:00",0,2186,0,0,0,91847.71428571429,
"2019-08-28 00:00:00",7400,0,0,0,0,81020.28571428571,
"2019-08-29 00:00:00",3254,45631,0,0,0,86171.57142857143,
"2019-08-30 00:00:00",21377,165810,0,63,0,102127.57142857143,
"2019-08-31 00:00:00",3254,98419,0,0,12272,110357.71428571429,
"2019-09-01 00:00:00",6509,0,0,0,0,78447.28571428571,
"2019-09-02 00:00:00",26568,4517,0,0,0,56752,
"2019-09-03 00:00:00",0,129907,0,0,29358,79191.85714285714,
"2019-09-04 00:00:00",0,202178,0,0,0,107017.28571428571,
"2019-09-05 00:00:00",0,39597,0,0,0,105690.28571428571,
"2019-09-06 00:00:00",8435,166650,1410,0,0,104153.85714285714,
"2019-09-07 00:00:00",2589,0,0,0,0,88245.57142857143,
"2019-09-08 00:00:00",3254,185881,0,0,0,114335.14285714286,
"2019-09-09 00:00:00",13249,157494,0,0,0,134286.42857142858,
"2019-09-10 00:00:00",7049,278290,0,0,44971,158721.57142857142,
"2019-09-11 00:00:00",0,36750,0,0,12272,136842.2857142857,
"2019-09-12 00:00:00",0,164029,0,0,0,154618.2857142857,
"2019-09-13 00:00:00",17276,58180,0,0,0,140184,
"2019-09-14 00:00:00",2205,57224,0,0,0,148304.14285714287,
"2019-09-15 00:00:00",17791,24952,0,0,0,127390.85714285714,
"2019-09-16 00:00:00",0,2419,0,0,0,103344.42857142857,
"2019-09-17 00:00:00",3254,57224,0,0,10618,66313.85714285714,
"2019-09-18 00:00:00",3254,332896,0,63,12272,109094.28571428571,
"2019-09-19 00:00:00",3254,0,414,0,0,86185.71428571429,
"2019-09-20 00:00:00",1184,164780,0,0,0,99115.57142857143,
"2019-09-21 00:00:00",6708,57307,1875,63,0,100047.42857142857,
"2019-09-22 00:00:00",12744,0,0,0,0,95761.85714285714,
"2019-09-23 00:00:00",3254,1214,0,0,6420,96972,
"2019-09-24 00:00:00",6509,119215,0,0,35400,109833.28571428571,
"2019-09-25 00:00:00",3254,0,0,63,0,60523.57142857143,
"2019-09-26 00:00:00",5508,393854,3547,0,0,117558,
"2019-09-27 00:00:00",5411,96708,0,0,0,108437.14285714286,
"2019-09-28 00:00:00",22953,79281,0,0,0,113620.28571428571,
"2019-09-29 00:00:00",560,175105,0,0,0,136894.7142857143,
"2019-09-30 00:00:00",3254,44975,2334,194,0,142590.2857142857,
"2019-10-01 00:00:00",41434,282962,0,0,0,165914.57142857142,
"2019-10-02 00:00:00",3254,0,0,0,0,165905.42857142858,
"2019-10-03 00:00:00",3254,0,0,0,0,108811.71428571429,
"2019-10-04 00:00:00",7009,57224,0,0,0,103399.57142857143,
"2019-10-05 00:00:00",3254,170223,0,0,0,113577.14285714286,
"2019-10-06 00:00:00",3254,0,0,0,0,88947,
"2019-10-07 00:00:00",3254,77766,0,0,0,93270.14285714286,
"2019-10-08 00:00:00",6509,37499,0,0,0,53214.857142857145,
"2019-10-09 00:00:00",3254,57224,0,0,0,61389.857142857145,
"2019-10-10 00:00:00",6447,57224,0,0,0,70021,
"2019-10-11 00:00:00",7914,57224,0,0,0,70150.28571428571,
"2019-10-12 00:00:00",4494,52384,0,0,0,53493.142857142855,
"2019-10-13 00:00:00",5300,178422,0,0,0,79274.42857142857,
"2019-10-14 00:00:00",3254,57224,0,0,0,76339.85714285714,
"2019-10-15 00:00:00",0,0,0,0,0,70052.85714285714,
"2019-10-16 00:00:00",19537,186206,6468,0,0,91729,
"2019-10-17 00:00:00",6509,57224,0,0,0,91737.85714285714,
"2019-10-18 00:00:00",5611,0,0,0,0,83233.85714285714,
"2019-10-19 00:00:00",6509,0,0,0,0,76038.28571428571,
"2019-10-20 00:00:00",0,0,0,0,0,49792.142857142855,
"2019-10-21 00:00:00",9661,174875,0,0,0,67514.71428571429,
"2019-10-22 00:00:00",0,87351,0,0,0,79993.42857142857,
"2019-10-23 00:00:00",22309,186384,0,0,0,79490.71428571429,
"2019-10-24 00:00:00",8606,0,5238,0,0,72363.57142857143,
"2019-10-25 00:00:00",0,57224,0,0,10618,81253.71428571429,
"2019-10-26 00:00:00",0,44357,0,0,0,86660.57142857143,
"2019-10-27 00:00:00",0,0,0,0,0,86660.57142857143,
"2019-10-28 00:00:00",0,167783,0,0,0,84267.14285714286,
"2019-10-29 00:00:00",0,160851,0,0,10618,96284,
"2019-10-30 00:00:00",3023,173583,0,0,12272,93453.42857142857,
"2019-10-31 00:00:00",0,52932,0,0,25184,102635.14285714286,
"2019-11-01 00:00:00",3254,165241,0,0,0,117014.28571428571,
"2019-11-02 00:00:00",8333,0,0,0,0,111868,
"2019-11-03 00:00:00",21063,0,1875,0,0,115145,
"2019-11-04 00:00:00",8145,0,0,0,0,92339.57142857143,
"2019-11-05 00:00:00",3254,2421,0,0,0,68654.85714285714,
"2019-11-06 00:00:00",19066,1168,7828,0,0,45681,
"2019-11-07 00:00:00",3254,173461,0,0,0,59766.71428571428,
"2019-11-08 00:00:00",23577,165582,0,0,0,62718.57142857143,
"2019-11-09 00:00:00",6509,42487,0,0,0,68527.71428571429,
"2019-11-10 00:00:00",13019,193944,0,0,0,94817,
"2019-11-11 00:00:00",6509,0,863,0,0,94706.71428571429,
"2019-11-12 00:00:00",6509,0,0,0,44292,101153.28571428571,
"2019-11-13 00:00:00",15390,0,0,0,0,99343,
"2019-11-14 00:00:00",3254,54482,0,0,0,82346,
"2019-11-15 00:00:00",20402,63454,0,0,0,67302.71428571429,
"2019-11-16 00:00:00",5276,0,0,0,0,61056.857142857145,
"2019-11-17 00:00:00",7759,0,1875,0,0,32866.857142857145,
"2019-11-18 00:00:00",0,56164,1875,63,0,40114,
"2019-11-19 00:00:00",10386,84075,4953,0,0,47058.71428571428,
"2019-11-20 00:00:00",10843,0,0,0,0,46409.142857142855,
"2019-11-21 00:00:00",2614,170002,0,0,0,62820.42857142857,
"2019-11-22 00:00:00",14354,174814,0,0,0,77865,
"2019-11-23 00:00:00",0,0,0,0,0,77111.28571428571,
"2019-11-24 00:00:00",12141,57224,0,0,0,85644.42857142857,
"2019-11-25 00:00:00",3254,80813,0,0,0,89353.71428571429,
"2019-11-26 00:00:00",3254,58681,0,0,0,83999.57142857143,
"2019-11-27 00:00:00",1409,0,0,63,0,82660.85714285714,
"2019-11-28 00:00:00",3254,3769,0,0,0,59004.857142857145,
"2019-11-29 00:00:00",879,163378,0,0,0,55446.28571428572,
"2019-11-30 00:00:00",6509,36324,0,63,0,61574.42857142857,
"2019-12-01 00:00:00",3003,60443,0,0,0,60728.857142857145,
"2019-12-02 00:00:00",4827,54757,0,0,0,57231.28571428572,
"2019-12-03 00:00:00",16881,59986,1875,0,15738,61880.57142857143,
"2019-12-04 00:00:00",3254,0,0,0,0,62135.142857142855,
"2019-12-05 00:00:00",9764,110128,0,0,0,78259.28571428571,
"2019-12-06 00:00:00",3254,57224,0,0,0,63433.71428571428,
"2019-12-07 00:00:00",33839,0,0,0,0,62139.71428571428,
"2019-12-08 00:00:00",6509,0,0,0,0,54005.71428571428,
"2019-12-09 00:00:00",3254,220092,0,0,0,77400.28571428571,
"2019-12-10 00:00:00",13019,0,0,0,33751,70584.57142857143,
"2019-12-11 00:00:00",3254,87653,0,0,0,83106.57142857143,
"2019-12-12 00:00:00",6509,0,0,0,0,66908.85714285714,
"2019-12-13 00:00:00",6509,57224,0,0,0,67373.85714285714,
"2019-12-14 00:00:00",13019,0,1875,0,0,64667.57142857143,
"2019-12-15 00:00:00",0,0,1875,0,0,64005.57142857143,
"2019-12-16 00:00:00",12827,0,1875,0,0,34199.28571428572,
"2019-12-17 00:00:00",7002,57224,0,0,0,36693,
"2019-12-18 00:00:00",3254,0,8806,0,12272,27182.285714285714,
"2019-12-19 00:00:00",0,224118,1875,0,0,58537.28571428572,
"2019-12-20 00:00:00",21859,215506,0,0,0,83341.85714285714,
"2019-12-21 00:00:00",3254,0,0,0,0,81678.85714285714,
"2019-12-22 00:00:00",2877,41697,0,0,61533,96569.14285714286,
"2019-12-23 00:00:00",6509,64871,0,0,0,104666,
"2019-12-24 00:00:00",3254,61304,0,0,0,104713.42857142857,
"2019-12-25 00:00:00",0,0,0,0,0,101237.28571428571,
"2019-12-26 00:00:00",16502,57224,0,0,0,79484.71428571429,
"2019-12-27 00:00:00",6509,0,0,0,0,46505.142857142855,
"2019-12-28 00:00:00",3254,0,0,0,0,46505.142857142855,
"2019-12-29 00:00:00",3254,93128,0,0,0,45116,
"2019-12-30 00:00:00",17302,109596,0,0,0,53047.142857142855,
"2019-12-31 00:00:00",39642,0,1875,0,0,49755.57142857143,
"2020-01-01 00:00:00",3254,52932,0,0,0,57782.28571428572,
"2020-01-02 00:00:00",20843,0,0,0,71823,60488,
"2020-01-03 00:00:00",50695,135928,1664,0,14084,88468.42857142857,
"2020-01-04 00:00:00",5361,173348,0,0,0,113533.42857142857,
"2020-01-05 00:00:00",5571,64416,0,0,13835,111739.14285714286,
"2020-01-06 00:00:00",6509,57224,0,0,0,102715.57142857143,
"2020-01-07 00:00:00",8762,0,0,0,0,98036.14285714286,43663.28571428572
"2020-01-08 00:00:00",3254,57224,0,0,4207,99250.42857142857,50765.42857142857
"2020-01-09 00:00:00",0,57224,0,0,0,94187.28571428571,41160.142857142855
"2020-01-10 00:00:00",3254,10378,0,0,0,67224.57142857143,64278.28571428572
"2020-01-11 00:00:00",3254,187664,0,0,0,68968.85714285714,74563.57142857143
"2020-01-12 00:00:00",32931,11471,0,0,0,63337.28571428572,101649
"2020-01-13 00:00:00",14072,17687,0,0,0,58769.42857142857,111057.85714285714
"2020-01-14 00:00:00",7646,35118,0,0,0,63627,92940.85714285714
"2020-01-15 00:00:00",4383,74930,0,0,0,65716.57142857143,110340.14285714286
"2020-01-16 00:00:00",3254,0,0,0,6819,58980.857142857145,109719.42857142857
"2020-01-17 00:00:00",0,0,0,0,0,57033.28571428572,82323.14285714286
"2020-01-18 00:00:00",0,57224,0,0,10618,39450.857142857145,70144.14285714286
"2020-01-19 00:00:00",8449,1210,1875,0,0,34755.57142857143,69418.28571428571
"2020-01-20 00:00:00",5071,0,0,0,0,30943,82274.14285714286
"2020-01-21 00:00:00",9525,0,0,0,0,26194.428571428572,82274.14285714286
"2020-01-22 00:00:00",24591,168157,0,0,0,42399.28571428572,62856.142857142855
"2020-01-23 00:00:00",6509,554,0,0,0,41969.28571428572,62393.857142857145
"2020-01-24 00:00:00",9975,0,0,0,0,43394.28571428572,65906.85714285714
"2020-01-25 00:00:00",3254,57224,0,0,0,42342.42857142857,65897.71428571429
"2020-01-26 00:00:00",18220,57224,0,0,9335,52805.857142857145,45568.57142857143
"2020-01-27 00:00:00",7049,114449,1875,0,0,69706.14285714286,21550.714285714286
"2020-01-28 00:00:00",13019,0,0,0,0,70205.28571428571,53317.142857142855
"2020-01-29 00:00:00",3254,0,0,0,0,43134.71428571428,65142.42857142857
"2020-01-30 00:00:00",14686,87741,0,0,0,56758.142857142855,71883.28571428571
"2020-01-31 00:00:00",39978,74306,0,0,0,71659.42857142857,72850
"2020-02-01 00:00:00",0,26031,0,0,0,66738.28571428571,96238.14285714286
"2020-02-02 00:00:00",0,0,0,0,0,54627,106944.14285714286
"2020-02-03 00:00:00",3254,519404,0,0,0,111667.85714285714,116512.28571428571
"2020-02-04 00:00:00",6276,0,0,0,0,110704.57142857143,93850.71428571429
"2020-02-05 00:00:00",3254,0,1875,0,12272,112725.71428571429,84326.42857142857
"2020-02-06 00:00:00",1381,169273,0,0,0,122472.42857142857,77413.28571428571
"2020-02-07 00:00:00",0,57224,1875,0,0,114588.85714285714,84677.14285714286
"2020-02-08 00:00:00",0,0,0,0,0,110870.14285714286,83949.85714285714
"2020-02-09 00:00:00",4678,0,0,0,0,111538.42857142857,67676
"2020-02-10 00:00:00",28164,0,0,0,12272,42649.57142857143,58107.857142857145
"2020-02-11 00:00:00",12981,78080,0,0,2679,55144.42857142857,83211.28571428571
"2020-02-12 00:00:00",3254,0,0,0,0,53123.28571428572,76897.14285714286
"2020-02-13 00:00:00",31943,339641,0,0,0,81827.42857142857,85072
"2020-02-14 00:00:00",5908,7700,0,0,0,75328.85714285714,68689.14285714286
"2020-02-15 00:00:00",4525,0,2370,0,0,76314,52628.28571428572
"2020-02-16 00:00:00",3254,0,0,0,0,76110.57142857143,84542.28571428571
"2020-02-17 00:00:00",16829,55739,0,0,0,80700.71428571429,132492.7142857143
"2020-02-18 00:00:00",3254,75062,0,0,0,78497.42857142857,116294.71428571429
"2020-02-19 00:00:00",3254,89200,0,0,0,91240.42857142857,141269.42857142858
"2020-02-20 00:00:00",0,0,1875,0,0,38424.857142857145,135370
"2020-02-21 00:00:00",0,78353,0,0,0,47674,166091.2857142857
"2020-02-22 00:00:00",0,0,0,0,20382,49600.57142857143,170577.7142857143
"2020-02-23 00:00:00",3254,0,0,0,42208,55630.42857142857,148508.42857142858
"2020-02-24 00:00:00",0,259552,0,0,0,82342.42857142857,100558
"2020-02-25 00:00:00",0,8475,0,0,0,72365,114755.14285714286
"2020-02-26 00:00:00",16570,44874,0,0,0,67935,93561.71428571429
"2020-02-27 00:00:00",10863,47254,0,0,0,75969.57142857143,103503.28571428571
"2020-02-28 00:00:00",3254,0,0,0,0,65241.142857142855,84447.71428571429
"2020-02-29 00:00:00",3254,57224,2092,0,8862,72534.42857142857,86038.14285714286
"2020-03-01 00:00:00",24880,0,0,0,0,69594,100841.42857142857
"2020-03-02 00:00:00",3254,221506,1875,0,12048,66613,111484.14285714286
"2020-03-03 00:00:00",15388,76230,0,0,0,78490.57142857143,81494.85714285714
"2020-03-04 00:00:00",0,107641,0,0,0,85090,101097.28571428571
"2020-03-05 00:00:00",1237,243324,0,0,0,111725,89052.57142857143
"2020-03-06 00:00:00",0,57224,0,0,0,119435,101521.85714285714
"2020-03-07 00:00:00",0,0,0,0,0,109230,123374.42857142857
"2020-03-08 00:00:00",7345,0,0,0,0,106725,111396.85714285714
"2020-03-09 00:00:00",8999,27875,0,0,0,77895,109935
"2020-03-10 00:00:00",10022,0,0,0,0,66238.42857142857,136096.42857142858
"2020-03-11 00:00:00",0,0,0,0,0,50861.142857142855,121569.85714285714
"2020-03-12 00:00:00",11573,175951,0,0,1054,42863.42857142857,121397.57142857143
"2020-03-13 00:00:00",3254,0,0,0,10618,36670.42857142857,97337.71428571429
"2020-03-14 00:00:00",0,57224,0,0,0,44845.28571428572,109282.14285714286
"2020-03-15 00:00:00",4018,0,0,0,0,44370,117794.14285714286
"2020-03-16 00:00:00",6509,163382,0,0,0,63372.42857142857,119975.28571428571
"2020-03-17 00:00:00",4535,7225,0,0,0,63620.71428571428,93479.85714285714
"2020-03-18 00:00:00",0,163520,0,0,1334,87171.28571428571,113335
"2020-03-19 00:00:00",13171,0,0,0,0,62113.142857142855,116327.14285714286
"2020-03-20 00:00:00",0,0,0,0,5240,60879.857142857145,139621.57142857142
"2020-03-21 00:00:00",10989,79888,0,0,49944,72822.42857142857,107408.42857142857
"2020-03-22 00:00:00",4483,0,0,0,12272,74642.14285714286,110008.28571428571
"2020-03-23 00:00:00",12348,16870,0,0,37407,59889.857142857145,102576.85714285714
"2020-03-24 00:00:00",0,0,894,0,0,58337.57142857143,112904.71428571429
"2020-03-25 00:00:00",13970,172605,0,0,0,61440.57142857143,91481.71428571429
"2020-03-26 00:00:00",11930,57224,0,0,0,69438.28571428571,115269.85714285714
"2020-03-27 00:00:00",3254,0,0,0,0,69154.57142857143,92839.85714285714
"2020-03-28 00:00:00",0,18518,0,0,17268,54149.57142857143,81493
"2020-03-29 00:00:00",22066,0,0,0,12272,56661.42857142857,69003.57142857143
"2020-03-30 00:00:00",10155,57224,0,0,0,56769.142857142855,66453
"2020-03-31 00:00:00",87014,78493,0,0,39952,85993,90543
"2020-04-01 00:00:00",60234,0,0,0,0,67944.28571428571,114377.57142857143
"2020-04-02 00:00:00",50109,165582,0,0,64596,98106,88075.71428571429
"2020-04-03 00:00:00",14187,206532,0,0,0,129172.57142857143,87789.57142857143
"2020-04-04 00:00:00",31450,0,0,0,50875,135821,104790
"2020-04-05 00:00:00",57915,57224,0,0,5438,148140.85714285713,92748.28571428571
"2020-04-06 00:00:00",52656,0,0,0,0,146037.42857142858,91368.28571428571
"2020-04-07 00:00:00",27187,0,0,0,25184,124167.42857142857,78326.28571428571
"2020-04-08 00:00:00",46333,67317,0,0,86185,144110.57142857142,49713.71428571428
"2020-04-09 00:00:00",3254,0,0,0,0,104534.42857142857,95360.14285714286
"2020-04-10 00:00:00",39867,151669,0,0,0,100365.42857142857,104439.71428571429
"2020-04-11 00:00:00",7498,0,0,0,0,89675.71428571429,84734.14285714286
"2020-04-12 00:00:00",10627,0,0,0,0,73968.42857142857,85948
"2020-04-13 00:00:00",8589,71445,0,0,0,77879.71428571429,85948
"2020-04-14 00:00:00",24724,0,0,0,41307,79831.28571428571,63617.857142857145
"2020-04-15 00:00:00",42723,0,0,0,0,57386.57142857143,67138.85714285714
"2020-04-16 00:00:00",39820,57224,0,0,0,70785.28571428571,28247.714285714286
"2020-04-17 00:00:00",18318,129750,0,0,0,64575.42857142857,63520.142857142855
"2020-04-18 00:00:00",16784,42360,0,0,71032,82101,71825.85714285714
"2020-04-19 00:00:00",9206,166946,0,0,0,105747.57142857143,94104.71428571429
"2020-04-20 00:00:00",24963,0,0,0,0,97880.14285714286,125531.14285714286
"2020-04-21 00:00:00",2933,164010,0,0,0,112296,136881
"2020-04-22 00:00:00",19420,0,0,0,6787,109936.71428571429,142833.85714285713
"2020-04-23 00:00:00",4645,0,0,0,0,96736.71428571429,166584
"2020-04-24 00:00:00",38998,54478,0,0,0,88938,128595
"2020-04-25 00:00:00",13387,165077,14369,0,0,97889,138408.2857142857
"2020-04-26 00:00:00",19004,0,0,0,0,75439.14285714286,114734.57142857143
"2020-04-27 00:00:00",10109,68122,0,0,0,83048.85714285714,86553.42857142857
"2020-04-28 00:00:00",31335,81597,1875,0,0,75600.85714285714,97393.28571428571
"2020-04-29 00:00:00",51740,0,0,0,47445,86026.14285714286,90569.71428571429
"2020-04-30 00:00:00",13955,83125,0,0,80407,110718,62794.42857142857
"2020-05-01 00:00:00",14548,0,0,0,0,99442.42857142857,80498.71428571429
"2020-05-02 00:00:00",5561,35989,0,0,0,77830.42857142857,97374.71428571429
"2020-05-03 00:00:00",0,0,0,0,0,75115.57142857143,108975.14285714286
"2020-05-04 00:00:00",28837,28466,0,0,0,72125.85714285714,145905.2857142857
"2020-05-05 00:00:00",6245,0,0,0,0,56617,128254.71428571429
"2020-05-06 00:00:00",14230,328841,0,0,0,91458,160002.57142857142
"2020-05-07 00:00:00",10002,103052,0,0,0,82253.14285714286,158644
"2020-05-08 00:00:00",0,28352,0,0,0,84225.14285714286,164664.7142857143
"2020-05-09 00:00:00",14667,0,0,0,17603,82899.42857142857,142072
"2020-05-10 00:00:00",7261,0,0,0,0,83936.71428571429,156034.42857142858
"2020-05-11 00:00:00",0,229152,0,0,0,108486.57142857143,157996.85714285713
"2020-05-12 00:00:00",18401,490085,0,0,0,180235.42857142858,164661.2857142857
"2020-05-13 00:00:00",0,55173,0,0,0,139107,128536.28571428571
"2020-05-14 00:00:00",0,0,0,0,0,122956.42857142857,135949.42857142858
"2020-05-15 00:00:00",5460,184504,0,0,0,146044,128692.71428571429
"2020-05-16 00:00:00",3254,170656,0,0,0,166278.42857142858,127352.71428571429
"2020-05-17 00:00:00",0,137248,0,0,0,184848,102254.71428571429
"2020-05-18 00:00:00",25740,69682,0,0,0,165743.7142857143,76802.14285714286
"2020-05-19 00:00:00",0,166446,0,0,0,116880.71428571429,69085.57142857143
"2020-05-20 00:00:00",6509,0,0,0,0,109928.71428571429,76803.28571428571
"2020-05-21 00:00:00",0,32855,0,0,0,114622.28571428571,99197.14285714286
"2020-05-22 00:00:00",0,0,0,0,0,87484.42857142857,102302.57142857143
"2020-05-23 00:00:00",3254,143794,0,0,0,83647,97377.71428571429
"2020-05-24 00:00:00",11383,2761,0,0,0,66060.71428571429,108056.28571428571
"2020-05-25 00:00:00",10405,124069,0,0,0,71639.71428571429,125004.14285714286
"2020-05-26 00:00:00",3254,0,0,0,0,48326.57142857143,121463.14285714286
"2020-05-27 00:00:00",0,0,0,0,0,47396.71428571428,135192.85714285713
"2020-05-28 00:00:00",3254,0,0,0,76174,54050.142857142855,107933.42857142857
"2020-05-29 00:00:00",3839,57224,0,0,0,62773.57142857143,104934
"2020-05-30 00:00:00",0,191160,0,0,42419,75135.14285714286,128394.14285714286
"2020-05-31 00:00:00",3254,176762,0,0,0,98831.14285714286,119124.85714285714
"2020-06-01 00:00:00",0,0,1875,0,34917,84876.42857142857,89975.28571428571
"2020-06-02 00:00:00",3254,128158,0,0,0,103184.85714285714,92480.71428571429
"2020-06-03 00:00:00",0,39139,0,0,0,108776.14285714286,91991.14285714286
"2020-06-04 00:00:00",4124,0,1083,0,0,98173.14285714286,108968.57142857143
"2020-06-05 00:00:00",0,0,0,0,0,89449.71428571429,110550.71428571429
"2020-06-06 00:00:00",19555,0,1244,0,0,59052.42857142857,115551
"2020-06-07 00:00:00",5487,0,0,0,0,34119.71428571428,116735.14285714286
"2020-06-08 00:00:00",7614,0,0,0,0,29951.428571428572,120891.42857142857
"2020-06-09 00:00:00",6509,0,0,0,0,12108,141351
"2020-06-10 00:00:00",10928,44778,0,0,0,14474.857142857143,118457
"2020-06-11 00:00:00",0,0,0,0,12272,15484,97936.71428571429
"2020-06-12 00:00:00",3254,0,0,0,0,15948.857142857143,72374.14285714286
"2020-06-13 00:00:00",61567,82481,0,0,12097,35284.142857142855,66669.71428571429
"2020-06-14 00:00:00",8968,0,0,0,0,35781.42857142857,94300
"2020-06-15 00:00:00",3254,1753,550,0,12272,37241,123976.14285714286
"2020-06-16 00:00:00",3254,0,0,0,0,36776,110524.28571428571
"2020-06-17 00:00:00",11357,0,0,0,0,30440.285714285714,161148.7142857143
"2020-06-18 00:00:00",769,57224,0,0,0,36972,162159.42857142858
"2020-06-19 00:00:00",0,95500,0,0,5849,50985.71428571428,173704.57142857142
"2020-06-20 00:00:00",0,98794,0,0,90689,55748.28571428572,177170.14285714287
"2020-06-21 00:00:00",3254,0,0,0,0,54932,173203.42857142858
"2020-06-22 00:00:00",11534,0,1676,0,16832,56676.57142857143,157224.42857142858
"2020-06-23 00:00:00",0,91585,0,0,0,69295.28571428571,158578.2857142857
"2020-06-24 00:00:00",6639,0,0,0,0,68621.28571428571,115419.71428571429
"2020-06-25 00:00:00",0,0,0,0,12272,62089.57142857143,113554.28571428571
"2020-06-26 00:00:00",41228,43277,0,0,0,59683.142857142855,131321.57142857142
"2020-06-27 00:00:00",7983,110619,0,0,16535,51919.42857142857,125648
"2020-06-28 00:00:00",3254,162774,0,0,0,75173,113029
"2020-06-29 00:00:00",0,0,0,0,12272,72634.28571428571,95092.85714285714
"2020-06-30 00:00:00",19777,0,0,0,80562,73884.85714285714,92715
"2020-07-01 00:00:00",3171,0,0,0,2679,73772.14285714286,85220.71428571429
"2020-07-02 00:00:00",3254,53637,0,0,0,80146.42857142857,85220.71428571429
"2020-07-03 00:00:00",3254,222207,0,0,4713,100956.57142857143,78664.42857142857
"2020-07-04 00:00:00",0,25236,0,0,0,85256.28571428571,54151
"2020-07-05 00:00:00",4001,5004,0,0,0,62824.42857142857,61809.42857142857
"2020-07-06 00:00:00",0,226304,0,0,0,93400.42857142857,61947
"2020-07-07 00:00:00",3874,171174,0,0,0,104073.28571428571,53046.857142857145
"2020-07-08 00:00:00",41673,0,0,0,0,109190.85714285714,53974.42857142857
"2020-07-09 00:00:00",9250,112218,0,0,0,118416,82008.14285714286
"2020-07-10 00:00:00",9959,0,0,0,0,86956.42857142857,59252
"2020-07-11 00:00:00",4896,112302,0,0,0,100094,72347.85714285714
"2020-07-12 00:00:00",3254,14266,0,0,0,101310.42857142857,74883.57142857143
"2020-07-13 00:00:00",4800,223671,0,0,62271,110515.85714285714,70810
"2020-07-14 00:00:00",0,75444,0,0,0,96286.57142857143,72189
"2020-07-15 00:00:00",5731,171687,0,0,0,115678.85714285714,94619.71428571429
"2020-07-16 00:00:00",0,54522,1875,0,2439,106731.57142857143,96573.85714285714
"2020-07-17 00:00:00",0,1211,690,0,0,105580.57142857143,104748.71428571429
"2020-07-18 00:00:00",3254,165810,0,0,0,112990,128150.42857142857
"2020-07-19 00:00:00",9764,0,0,0,0,111881.85714285714,103853.42857142857
"2020-07-20 00:00:00",13768,94284,0,0,39226,91387.14285714286,127057.57142857143
"2020-07-21 00:00:00",3254,0,0,0,0,81074.28571428571,150240.2857142857
"2020-07-22 00:00:00",12032,0,0,0,12272,59200.71428571428,127625.28571428571
"2020-07-23 00:00:00",0,0,0,0,0,50795.42857142857,105934.14285714286
"2020-07-24 00:00:00",0,0,0,0,2575,50891.57142857143,105934.14285714286
"2020-07-25 00:00:00",3254,0,0,0,0,27204.285714285714,71901.85714285714
"2020-07-26 00:00:00",6509,72350,0,0,0,37075.142857142855,75258.71428571429
"2020-07-27 00:00:00",60276,49967,0,0,0,31784.285714285714,82642.85714285714
"2020-07-28 00:00:00",6509,57224,0,0,0,40424.28571428572,85747.85714285714
"2020-07-29 00:00:00",1499,175979,0,0,8999,63592,84881.57142857143
"2020-07-30 00:00:00",5260,51805,0,0,40547,77536.71428571429,97154.71428571429
"2020-07-31 00:00:00",0,64808,1875,0,0,86695,90336.71428571429
"2020-08-01 00:00:00",7565,57224,0,0,1412,95687.42857142857,116313.14285714286
"2020-08-02 00:00:00",3254,85046,0,0,0,97036.14285714286,118007.28571428571
"2020-08-03 00:00:00",9715,110998,3671,0,0,99056.42857142857,93377.71428571429
"2020-08-04 00:00:00",17184,23874,0,0,0,95817.14285714286,65711
"2020-08-05 00:00:00",0,0,0,0,0,69177.42857142857,65153.42857142857
"2020-08-06 00:00:00",3583,115903,0,0,7469,73369.28571428571,46149.71428571428
"2020-08-07 00:00:00",28439,848,0,0,0,68027,45093.28571428572
"2020-08-08 00:00:00",4470,63680,0,0,0,68305.42857142857,26630.85714285714
"2020-08-09 00:00:00",5043,54701,0,0,0,64225.857142857145,21579.85714285714
"2020-08-10 00:00:00",6509,72131,0,0,0,57691,45751.28571428572
"2020-08-11 00:00:00",18118,58422,0,0,0,62759.71428571428,47907.28571428572
"2020-08-12 00:00:00",10134,50749,0,0,0,71457.42857142857,48372.142857142855
"2020-08-13 00:00:00",32209,3635,0,0,13313,60343.42857142857,54305.42857142857
"2020-08-14 00:00:00",6509,0,0,0,14787,59202,54942.857142857145
"2020-08-15 00:00:00",0,14941,0,0,0,51600.71428571428,50220.857142857145
"2020-08-16 00:00:00",3254,72266,0,0,0,53854.57142857143,51150.71428571428
"2020-08-17 00:00:00",43169,167133,0,0,0,72663.42857142857,21485.571428571428
"2020-08-18 00:00:00",0,32455,0,0,0,66365.57142857143,50975
"2020-08-19 00:00:00",0,0,0,0,12272,59421,54158.42857142857
"2020-08-20 00:00:00",3254,57224,0,0,0,61038.28571428572,58543.57142857143
"2020-08-21 00:00:00",0,0,0,0,0,57995.857142857145,59438.142857142855
"2020-08-22 00:00:00",8602,0,1875,0,25184,60956,62129.42857142857
"2020-08-23 00:00:00",13729,0,0,0,0,52128.57142857143,69247.57142857143
"2020-08-24 00:00:00",0,145267,0,0,0,42837.71428571428,101158
"2020-08-25 00:00:00",12902,172375,0,0,0,64669.57142857143,95183.71428571429
"2020-08-26 00:00:00",3254,54510,0,0,0,71168.57142857143,91847.71428571429
"2020-08-27 00:00:00",48283,1203,0,0,0,69598.14285714286,81020.28571428571
"2020-08-28 00:00:00",3254,52508,33618,0,12272,84120.28571428571,86171.57142857143
"2020-08-29 00:00:00",3254,55853,0,0,0,87469.71428571429,102127.57142857143
"2020-08-30 00:00:00",0,0,0,0,37456,90859.28571428571,110357.71428571429
"2020-08-31 00:00:00",3254,70097,0,0,31284,85054.85714285714,78447.28571428571
"2020-09-01 00:00:00",12515,0,0,0,0,60374.42857142857,56752
"2020-09-02 00:00:00",0,0,0,0,14641,54213.857142857145,79191.85714285714
"2020-09-03 00:00:00",3254,53496,0,0,0,55251.71428571428,107017.28571428571
"2020-09-04 00:00:00",3254,186071,0,0,0,67776.14285714286,105690.28571428571
"2020-09-05 00:00:00",749,0,0,0,0,59439.142857142855,104153.85714285714
"2020-09-06 00:00:00",3254,0,0,0,0,54553.142857142855,88245.57142857143
"2020-09-07 00:00:00",11947,57224,0,0,0,49486.71428571428,114335.14285714286
"2020-09-08 00:00:00",0,0,0,0,4577,48352.71428571428,134286.42857142858
"2020-09-09 00:00:00",3254,49621,0,0,0,53814.857142857145,158721.57142857142
"2020-09-10 00:00:00",0,0,1209,0,0,45880.28571428572,136842.2857142857
"2020-09-11 00:00:00",13674,57224,0,0,0,28962,154618.2857142857
"2020-09-12 00:00:00",0,0,0,0,0,28855,140184
"2020-09-13 00:00:00",29636,255361,0,63,13251,71006,148304.14285714287
"2020-09-14 00:00:00",3254,0,0,0,97383,75501.28571428571,127390.85714285714
"2020-09-15 00:00:00",6509,73187,0,0,0,86232.71428571429,103344.42857142857
"2020-09-16 00:00:00",3254,163263,0,0,49713,109569.28571428571,66313.85714285714
"2020-09-17 00:00:00",0,15854,0,0,0,111661.42857142857,109094.28571428571
"2020-09-18 00:00:00",26607,0,0,0,30273,109659,86185.71428571429
"2020-09-19 00:00:00",9388,205204,0,0,0,140315,99115.57142857143
"2020-09-20 00:00:00",6509,0,0,0,0,98629,100047.42857142857
"2020-09-21 00:00:00",3254,333608,0,0,0,132375.42857142858,95761.85714285714
"2020-09-22 00:00:00",18309,110524,0,0,0,139394.85714285713,96972
"2020-09-23 00:00:00",3254,0,0,0,0,108969.42857142857,109833.28571428571
"2020-09-24 00:00:00",3638,0,0,0,0,107224.28571428571,60523.57142857143
"2020-09-25 00:00:00",0,51293,0,0,0,106426,117558
"2020-09-26 00:00:00",23354,57224,0,0,0,87281.28571428571,108437.14285714286
"2020-09-27 00:00:00",13397,0,0,0,0,88265.28571428571,113620.28571428571
"2020-09-28 00:00:00",0,149688,0,0,0,61526,136894.7142857143
"2020-09-29 00:00:00",1326,81551,0,0,0,54961,142590.2857142857
"2020-09-30 00:00:00",6509,0,0,0,0,55426,165914.57142857142
"2020-10-01 00:00:00",749,0,0,0,80238,66475.85714285714,165905.42857142858
"2020-10-02 00:00:00",9764,0,0,0,1323,60732.28571428572,108811.71428571429
"2020-10-03 00:00:00",0,0,0,0,0,49221,103399.57142857143
"2020-10-04 00:00:00",767,0,0,0,0,47416.71428571428,113577.14285714286
"2020-10-05 00:00:00",10764,491035,0,0,5651,98525.57142857143,88947
"2020-10-06 00:00:00",0,0,0,0,0,86685.85714285714,93270.14285714286
"2020-10-07 00:00:00",8282,19249,0,0,0,89689,53214.857142857145
"2020-10-08 00:00:00",52758,180038,0,0,0,111376.14285714286,61389.857142857145
"2020-10-09 00:00:00",0,0,0,0,0,109792.14285714286,70021
"2020-10-10 00:00:00",27959,56112,0,0,0,121802.28571428571,70150.28571428571
"2020-10-11 00:00:00",0,57224,0,0,0,129867.57142857143,53493.142857142855
"2020-10-12 00:00:00",3254,156065,0,0,0,80134.71428571429,79274.42857142857
"2020-10-13 00:00:00",2199,83120,0,0,0,92323.14285714286,76339.85714285714
"2020-10-14 00:00:00",10797,79271,0,0,0,101257,70052.85714285714
"2020-10-15 00:00:00",8496,78754,0,0,12272,82217.85714285714,91729
"2020-10-16 00:00:00",1514,166010,0,0,0,106149.85714285714,91737.85714285714
"2020-10-17 00:00:00",2684,51481,0,0,0,101877.57142857143,83233.85714285714
"2020-10-18 00:00:00",1099,160756,0,0,0,116824.85714285714,76038.28571428571
"2020-10-19 00:00:00",15349,49560,0,0,0,103337.71428571429,49792.142857142855
"2020-10-20 00:00:00",6685,16560,0,0,0,94470.14285714286,67514.71428571429
"2020-10-21 00:00:00",3254,174655,0,0,0,107019,79993.42857142857
"2020-10-22 00:00:00",6509,556,0,0,38627,99329,79490.71428571429
"2020-10-23 00:00:00",3254,542962,0,0,0,153428,72363.57142857143
"2020-10-24 00:00:00",18795,32671,0,0,9685,154426.2857142857,81253.71428571429
"2020-10-25 00:00:00",24598,140283,0,0,0,154858.57142857142,86660.57142857143
"2020-10-26 00:00:00",12609,164078,0,0,0,170826.85714285713,86660.57142857143
"2020-10-27 00:00:00",17080,0,0,0,0,169946,84267.14285714286
"2020-10-28 00:00:00",6509,57224,0,0,2679,154017.85714285713,96284
"2020-10-29 00:00:00",5102,38447,0,0,24545,157218,93453.42857142857
"2020-10-30 00:00:00",0,0,0,0,4825,79876.28571428571,102635.14285714286
"2020-10-31 00:00:00",0,39661,2798,0,12953,79056.28571428571,117014.28571428571
"2020-11-01 00:00:00",0,173214,0,0,111041,96109.85714285714,111868
"2020-11-02 00:00:00",0,78316,0,0,0,82056.71428571429,115145
"2020-11-03 00:00:00",60249,0,0,0,346,88273.14285714286,92339.57142857143
"2020-11-04 00:00:00",3254,0,0,0,14058,81258.85714285714,68654.85714285714
"2020-11-05 00:00:00",62575,212303,0,0,0,110799.57142857143,45681
"2020-11-06 00:00:00",12696,120128,0,0,0,129085.14285714286,59766.71428571428
"2020-11-07 00:00:00",10661,51468,0,63,0,130053.71428571429,62718.57142857143
"2020-11-08 00:00:00",4221,142068,0,0,6585,111285,68527.71428571429
"2020-11-09 00:00:00",21878,9103,7600,0,0,105608.71428571429,94817
"2020-11-10 00:00:00",10132,267676,0,0,15001,138782.2857142857,94706.71428571429
"2020-11-11 00:00:00",33085,79945,0,0,10806,154000,101153.28571428571
"2020-11-12 00:00:00",2893,169931,0,0,0,139420.85714285713,99343
"2020-11-13 00:00:00",0,0,0,0,33736,125265.42857142857,82346
"2020-11-14 00:00:00",17895,116757,0,0,0,135616.7142857143,67302.71428571429
"2020-11-15 00:00:00",0,0,0,0,0,113777.42857142857,61056.857142857145
"2020-11-16 00:00:00",78744,141333,0,0,0,139705.42857142858,32866.857142857145
"2020-11-17 00:00:00",8486,64740,0,0,0,108336.42857142857,40114
"2020-11-18 00:00:00",32618,52387,0,0,0,102789,47058.71428571428
"2020-11-19 00:00:00",2558,175650,0,0,0,103558,46409.142857142855
"2020-11-20 00:00:00",0,73553,0,0,386,109301.28571428571,62820.42857142857
"2020-11-21 00:00:00",16243,0,0,0,0,92385.71428571429,77865
"2020-11-22 00:00:00",13684,352553,0,0,0,144705.42857142858,77111.28571428571
"2020-11-23 00:00:00",43709,57224,0,0,0,127684.85714285714,85644.42857142857
"2020-11-24 00:00:00",3254,79820,0,0,0,129091.71428571429,89353.71428571429
"2020-11-25 00:00:00",519,52185,0,0,0,124477.42857142857,83999.57142857143
"2020-11-26 00:00:00",3254,0,0,0,0,99484,82660.85714285714
"2020-11-27 00:00:00",15385,0,0,0,0,91119.14285714286,59004.857142857145
"2020-11-28 00:00:00",17414,166265,0,0,0,115038.57142857143,55446.28571428572
"2020-11-29 00:00:00",5902,0,0,0,0,63562,61574.42857142857
"2020-11-30 00:00:00",72520,161672,0,0,0,82599,60728.857142857145
"2020-12-01 00:00:00",1003,53703,0,0,0,78546.42857142857,57231.28571428572
"2020-12-02 00:00:00",79145,250665,0,0,0,118133,61880.57142857143
"2020-12-03 00:00:00",6509,0,0,0,0,118598,62135.142857142855
"2020-12-04 00:00:00",950,165178,0,0,55626,148079.57142857142,78259.28571428571
"2020-12-05 00:00:00",3254,52712,0,0,39425,135467.2857142857,63433.71428571428
"2020-12-06 00:00:00",19449,72465,0,0,0,147754.85714285713,62139.71428571428
"2020-12-07 00:00:00",12580,160991,0,0,0,139094.7142857143,54005.71428571428
"2020-12-08 00:00:00",16259,166794,0,0,0,157429.85714285713,77400.28571428571
"2020-12-09 00:00:00",13019,0,0,0,0,112173.85714285714,70584.57142857143
"2020-12-10 00:00:00",24763,330065,0,0,0,161933.7142857143,83106.57142857143
"2020-12-11 00:00:00",23869,164198,0,0,0,157121.14285714287,66908.85714285714
"2020-12-12 00:00:00",3254,0,1875,0,0,144226.42857142858,67373.85714285714
"2020-12-13 00:00:00",3254,0,0,0,0,131560.57142857142,64667.57142857143
"2020-12-14 00:00:00",1288,15824,0,0,0,109209.28571428571,64005.57142857143
"2020-12-15 00:00:00",8916,116276,0,0,0,100943.42857142857,34199.28571428572
"2020-12-16 00:00:00",3254,203507,2253,0,0,128943,36693
"2020-12-17 00:00:00",10137,0,0,0,0,79701.42857142857,27182.285714285714
"2020-12-18 00:00:00",19945,139357,0,0,0,75592.14285714286,58537.28571428572
"2020-12-19 00:00:00",3972,42160,0,0,0,81449.57142857143,83341.85714285714
"2020-12-20 00:00:00",32075,190883,0,0,0,112835.85714285714,81678.85714285714
"2020-12-21 00:00:00",10126,217365,0,0,0,142890,96569.14285714286
"2020-12-22 00:00:00",76108,0,0,0,0,135878,104666
"2020-12-23 00:00:00",27392,54215,0,0,12643,119483,104713.42857142857
"2020-12-24 00:00:00",6509,57224,0,0,0,127139.71428571429,101237.28571428571
"2020-12-25 00:00:00",9883,66140,0,0,12272,116995.85714285714,79484.71428571429
"2020-12-26 00:00:00",1072,239905,0,0,0,144830.85714285713,46505.142857142855
"2020-12-27 00:00:00",21314,57371,0,0,0,124220.57142857143,46505.142857142855
"2020-12-28 00:00:00",14882,53509,0,0,0,101492,45116
"2020-12-29 00:00:00",0,186379,0,0,5726,118063,53047.142857142855
"2020-12-30 00:00:00",17830,63177,0,0,0,116171.14285714286,49755.57142857143
"2020-12-31 00:00:00",13550,110302,0,0,12272,126512.85714285714,57782.28571428572
"2021-01-01 00:00:00",5209,0,0,0,24711,118173.42857142857,60488
"2021-01-02 00:00:00",38006,49433,0,0,0,96239.42857142857,88468.42857142857
"2021-01-03 00:00:00",7040,163364,0,0,45137,115790.28571428571,113533.42857142857
"2021-01-04 00:00:00",23298,0,0,0,39950,115055.57142857143,111739.14285714286
"2021-01-05 00:00:00",17351,0,12946,0,0,91940.28571428571,102715.57142857143
"2021-01-06 00:00:00",6416,76823,0,0,25184,95856.71428571429,98036.14285714286
"2021-01-07 00:00:00",15311,2421,0,0,12272,80696.42857142857,99250.42857142857
"2021-01-08 00:00:00",3254,0,0,0,0,76887,94187.28571428571
"2021-01-09 00:00:00",9906,164530,0,0,0,89315.14285714286,67224.57142857143
"2021-01-10 00:00:00",6045,75981,6591,0,0,71183.14285714286,68968.85714285714
"2021-01-11 00:00:00",41000,10337,0,0,0,69481.57142857143,63337.28571428572
"2021-01-12 00:00:00",19585,0,0,63,0,67960.14285714286,58769.42857142857
"2021-01-13 00:00:00",8530,73309,0,0,58422,72508.57142857143,63627
"2021-01-14 00:00:00",6509,157924,0,0,0,91712.85714285714,65716.57142857143
"2021-01-15 00:00:00",14222,41355,0,0,0,99187.57142857143,58980.857142857145
"2021-01-16 00:00:00",3254,226477,0,0,0,107087,57033.28571428572
"2021-01-17 00:00:00",30454,57224,0,0,2679,107335.57142857143,39450.857142857145
"2021-01-18 00:00:00",5358,0,0,0,0,100767,34755.57142857143
"2021-01-19 00:00:00",2171,165683,1875,0,0,122207.28571428571,30943
"2021-01-20 00:00:00",22955,71698,0,0,0,115691.85714285714,26194.428571428572
"2021-01-21 00:00:00",3254,138418,0,0,0,112440.28571428571,42399.28571428572
"2021-01-22 00:00:00",956,83399,0,0,0,116551.57142857143,41969.28571428572
"2021-01-23 00:00:00",0,161696,0,0,0,106832.14285714286,43394.28571428572
"2021-01-24 00:00:00",12322,210285,0,0,0,125724.85714285714,42342.42857142857
"2021-01-25 00:00:00",3904,0,0,0,0,125517.14285714286,52805.857142857145
"2021-01-26 00:00:00",48045,165582,0,0,0,131788.14285714287,69706.14285714286
"2021-01-27 00:00:00",0,0,0,0,24711,121796.28571428571,70205.28571428571
"2021-01-28 00:00:00",18634,172044,0,0,0,128797.14285714286,43134.71428571428
"2021-01-29 00:00:00",6509,116215,0,0,0,134278.42857142858,56758.142857142855
"2021-01-30 00:00:00",6509,0,0,0,0,112108.85714285714,71659.42857142857
"2021-01-31 00:00:00",2471,0,0,0,0,80660.85714285714,66738.28571428571
"2021-02-01 00:00:00",12115,0,0,0,0,81833.85714285714,54627
"2021-02-02 00:00:00",6514,136398,3753,0,0,72268.14285714286,111667.85714285714
"2021-02-03 00:00:00",10452,0,0,0,0,70231.14285714286,110704.57142857143
"2021-02-04 00:00:00",1508,0,1875,0,0,43474.57142857143,112725.71428571429
"2021-02-05 00:00:00",9987,0,1875,0,0,27637,122472.42857142857
"2021-02-06 00:00:00",29820,79658,0,0,0,42347,114588.85714285714
"2021-02-07 00:00:00",8542,89990,0,0,0,56070.142857142855,110870.14285714286
"2021-02-08 00:00:00",0,146170,0,0,0,75220.85714285714,111538.42857142857
"2021-02-09 00:00:00",1395,162899,0,0,0,77739,42649.57142857143
"2021-02-10 00:00:00",27391,0,0,0,1130,80320.28571428571,55144.42857142857
"2021-02-11 00:00:00",0,0,0,0,64854,89101.85714285714,53123.28571428572
"2021-02-12 00:00:00",27933,111119,0,0,5864,108109.57142857143,81827.42857142857
"2021-02-13 00:00:00",0,259461,0,0,8849,130799.85714285714,75328.85714285714
"2021-02-14 00:00:00",8510,0,0,0,0,117939.42857142857,76314
"2021-02-15 00:00:00",1818,0,0,0,58307,105647.42857142857,76110.57142857143
"2021-02-16 00:00:00",54539,169046,0,0,3976,114685.71428571429,80700.71428571429
"2021-02-17 00:00:00",9012,0,0,0,30788,116297.14285714286,78497.42857142857
"2021-02-18 00:00:00",7562,0,0,0,60257,116720.71428571429,91240.42857142857
"2021-02-19 00:00:00",5481,35441,0,0,0,101864.57142857143,38424.857142857145
"2021-02-20 00:00:00",0,0,0,0,0,63534.42857142857,47674
"2021-02-21 00:00:00",20203,73122,0,0,0,75651,49600.57142857143
"2021-02-22 00:00:00",2997,79155,0,0,0,78797.71428571429,55630.42857142857
"2021-02-23 00:00:00",11561,0,0,0,270,47979,82342.42857142857
"2021-02-24 00:00:00",35995,161511,2148,0,0,70815.28571428571,72365
"2021-02-25 00:00:00",6509,243691,0,0,0,96869.85714285714,67935
"2021-02-26 00:00:00",1346,333090,4720,0,45548,145981.42857142858,75969.57142857143
"2021-02-27 00:00:00",39763,0,1063,0,60257,160422,65241.142857142855
"2021-02-28 00:00:00",34185,0,0,0,0,151973.2857142857,72534.42857142857
"2021-03-01 00:00:00",24051,58929,2335,0,0,152425.14285714287,69594
"2021-03-02 00:00:00",13977,0,0,0,0,152731.7142857143,66613
"2021-03-03 00:00:00",23987,87567,0,0,2875,140556.7142857143,78490.57142857143
"2021-03-04 00:00:00",11746,0,0,0,69316,116394,85090
"2021-03-05 00:00:00",3254,0,0,0,0,61901.142857142855,111725
"2021-03-06 00:00:00",5165,0,0,0,71391,58397.28571428572,119435
"2021-03-07 00:00:00",6120,73774,0,0,0,64927.28571428572,109230
"2021-03-08 00:00:00",2330,0,0,0,0,53072.142857142855,106725
"2021-03-09 00:00:00",26413,318280,14316,0,165173,125958.85714285714,77895
"2021-03-10 00:00:00",23379,0,0,0,0,112951.57142857143,66238.42857142857
"2021-03-11 00:00:00",17690,0,0,0,35138,108918.28571428571,50861.142857142855
"2021-03-12 00:00:00",17522,0,0,0,0,110956.57142857143,42863.42857142857
"2021-03-13 00:00:00",4673,78474,0,0,0,111898,36670.42857142857
"2021-03-14 00:00:00",12461,74490,0,0,0,112906,44845.28571428572
"2021-03-15 00:00:00",3254,53026,0,0,43737,126861.42857142857,44370
"2021-03-16 00:00:00",3254,0,0,0,0,52442.857142857145,63372.42857142857
"2021-03-17 00:00:00",10449,224714,0,0,0,82697.85714285714,63620.71428571428
"2021-03-18 00:00:00",7092,165440,0,0,72064,110093.42857142857,87171.28571428571
"2021-03-19 00:00:00",41118,0,0,0,0,113464.28571428571,62113.142857142855
"2021-03-20 00:00:00",14964,0,0,0,0,103723.85714285714,60879.857142857145
"2021-03-21 00:00:00",5533,0,0,0,72013,102380.28571428571,72822.42857142857
"2021-03-22 00:00:00",11048,23844,0,0,81254,104684.42857142857,74642.14285714286
"2021-03-23 00:00:00",6908,0,0,0,0,105206.42857142857,59889.857142857145
"2021-03-24 00:00:00",0,0,0,0,0,71611.57142857143,58337.57142857143
"2021-03-25 00:00:00",16350,0,0,0,0,39004.71428571428,61440.57142857143
"2021-03-26 00:00:00",0,0,0,0,44097,39430.28571428572,69438.28571428571
"2021-03-27 00:00:00",0,0,0,0,0,37292.57142857143,69154.57142857143
"2021-03-28 00:00:00",9010,339838,0,0,1380,76247.28571428571,54149.57142857143
"2021-03-29 00:00:00",3254,0,0,0,44270,66444.14285714286,56661.42857142857
"2021-03-30 00:00:00",23657,332649,0,0,2679,116740.85714285714,56769.142857142855
"2021-03-31 00:00:00",19592,0,0,0,0,119539.71428571429,85993
"2021-04-01 00:00:00",5449,0,0,0,0,117982.42857142857,67944.28571428571
"2021-04-02 00:00:00",16573,0,3980,0,233,114652.42857142857,98106
"2021-04-03 00:00:00",20163,0,0,0,0,117532.85714285714,129172.57142857143
"2021-04-04 00:00:00",9997,0,0,0,0,68928.28571428571,135821
"2021-04-05 00:00:00",6509,160438,0,0,10618,87505.57142857143,148140.85714285713
"2021-04-06 00:00:00",16454,57224,0,0,0,46747.42857142857,146037.42857142858
"2021-04-07 00:00:00",18142,0,0,0,9791,47939,124167.42857142857
"2021-04-08 00:00:00",0,57224,0,0,0,55335.42857142857,144110.57142857142
"2021-04-09 00:00:00",3254,0,0,0,0,52830.71428571428,104534.42857142857
"2021-04-10 00:00:00",19865,223437,0,0,0,84707.85714285714,100365.42857142857
"2021-04-11 00:00:00",6124,186264,0,0,0,110763.71428571429,89675.71428571429
"2021-04-12 00:00:00",6379,102902,0,0,0,101008.85714285714,73968.42857142857
"2021-04-13 00:00:00",0,78346,0,0,45028,108108.28571428571,77879.71428571429
"2021-04-14 00:00:00",0,277904,0,0,0,143818.42857142858,79831.28571428571
"2021-04-15 00:00:00",3254,49279,0,0,3328,143624,57386.57142857143
"2021-04-16 00:00:00",3254,165440,0,0,6808,168231.14285714287,70785.28571428571
"2021-04-17 00:00:00",12029,0,0,0,5346,135955.85714285713,64575.42857142857
"2021-04-18 00:00:00",2793,0,0,0,0,108870.85714285714,82101
"2021-04-19 00:00:00",3254,62579,0,0,32356,107286.42857142857,105747.57142857143
"2021-04-20 00:00:00",6509,166227,0,0,0,114338.28571428571,97880.14285714286
"2021-04-21 00:00:00",5162,8475,0,0,0,76586,112296
"2021-04-22 00:00:00",4645,0,0,0,0,69269.14285714286,109936.71428571429
"2021-04-23 00:00:00",0,0,0,0,0,44197.142857142855,96736.71428571429
"2021-04-24 00:00:00",0,323952,0,0,0,87993.71428571429,88938
"2021-04-25 00:00:00",5276,0,0,0,0,88348.42857142857,97889
"2021-04-26 00:00:00",3254,0,0,0,0,74786,75439.14285714286
"2021-04-27 00:00:00",18294,58353,0,0,0,61059,83048.85714285714
"2021-04-28 00:00:00",3254,109010,0,0,0,75148.57142857143,75600.85714285714
"2021-04-29 00:00:00",9822,0,0,0,0,75888.14285714286,86026.14285714286
"2021-04-30 00:00:00",54225,57224,0,0,0,91809.42857142857,110718
"2021-05-01 00:00:00",3254,0,0,0,0,45995.42857142857,99442.42857142857
"2021-05-02 00:00:00",18937,132405,0,0,0,66862,77830.42857142857
"2021-05-03 00:00:00",7160,171638,0,0,0,91939.85714285714,75115.57142857143
"2021-05-04 00:00:00",6475,0,0,0,0,81915.14285714286,72125.85714285714
"2021-05-05 00:00:00",6509,36646,0,0,0,72042.42857142857,56617
"2021-05-06 00:00:00",12909,133206,0,0,0,91512.85714285714,91458
"2021-05-07 00:00:00",3254,75623,0,0,0,86859.85714285714,82253.14285714286
"2021-05-08 00:00:00",49549,74574,0,0,0,104127,84225.14285714286
"2021-05-09 00:00:00",7750,0,0,0,0,83613.85714285714,82899.42857142857
"2021-05-10 00:00:00",2201,6507,0,0,45137,65763.42857142857,83936.71428571429
"2021-05-11 00:00:00",0,211787,268,0,11271,96742.28571428571,108486.57142857143
"2021-05-12 00:00:00",0,0,0,0,0,90577.14285714286,180235.42857142858
"2021-05-13 00:00:00",23510,163446,0,0,0,96411.71428571429,139107
"2021-05-14 00:00:00",1299,57224,0,0,0,93504,122956.42857142857
"2021-05-15 00:00:00",15145,191160,0,0,0,105244.28571428571,146044
"2021-05-16 00:00:00",13201,0,0,0,0,106023,166278.42857142858
"2021-05-17 00:00:00",0,34654,0,0,0,103281.28571428571,184848
"2021-05-18 00:00:00",6509,0,0,0,2679,72690.14285714286,165743.7142857143
"2021-05-19 00:00:00",3903,0,0,0,0,73247.71428571429,116880.71428571429
"2021-05-20 00:00:00",7197,68357,0,0,0,57333,109928.71428571429
"2021-05-21 00:00:00",20557,112574,0,0,0,67991.14285714286,114622.28571428571
"2021-05-22 00:00:00",38171,0,0,0,0,43971.857142857145,87484.42857142857
"2021-05-23 00:00:00",26885,194442,0,0,0,73704.14285714286,83647
"2021-05-24 00:00:00",44671,114449,0,0,0,91485,66060.71428571429
"2021-05-25 00:00:00",3254,29150,0,0,12272,96554.85714285714,71639.71428571429
"2021-05-26 00:00:00",5542,166593,0,0,1021,120734,48326.57142857143
"2021-05-27 00:00:00",6509,0,0,0,0,110870.42857142857,47396.71428571428
"2021-05-28 00:00:00",8228,91786,0,0,12272,107892.71428571429,54050.142857142855
"2021-05-29 00:00:00",40221,0,0,0,0,108185.57142857143,62773.57142857143
"2021-05-30 00:00:00",3254,107973,1875,0,988,92866.14285714286,75135.14285714286
"2021-05-31 00:00:00",44074,1381,1875,0,0,76896.28571428571,98831.14285714286
"2021-06-01 00:00:00",13655,196299,0,0,0,100507.14285714286,84876.42857142857
"2021-06-02 00:00:00",3254,57224,0,0,12272,86163.57142857143,103184.85714285714
"2021-06-03 00:00:00",3254,0,195,0,0,85726.57142857143,108776.14285714286
"2021-06-04 00:00:00",3519,0,0,0,0,70188.28571428571,98173.14285714286
"2021-06-05 00:00:00",3254,223859,0,0,0,96887.28571428571,89449.71428571429
"2021-06-06 00:00:00",33489,150106,0,0,0,106816.57142857143,59052.42857142857
"2021-06-07 00:00:00",58708,0,2751,0,0,108834.85714285714,34119.71428571428
"2021-06-08 00:00:00",34269,10499,0,0,8840,86499.85714285714,29951.428571428572
"2021-06-09 00:00:00",4747,24613,0,0,0,80301.14285714286,12108
"2021-06-10 00:00:00",1290,229847,0,0,0,112827.85714285714,14474.857142857143
"2021-06-11 00:00:00",2215,158751,1875,0,0,135588.2857142857,15484
"2021-06-12 00:00:00",7759,212590,0,0,0,134622,15948.857142857143
"2021-06-13 00:00:00",8116,0,0,0,0,109553.42857142857,35284.142857142855
"2021-06-14 00:00:00",0,48852,0,0,0,107752.42857142857,35781.42857142857
"2021-06-15 00:00:00",3254,0,0,0,0,100558.85714285714,37241
"2021-06-16 00:00:00",5205,84076,0,0,0,109118.85714285714,36776
"2021-06-17 00:00:00",3014,0,0,0,0,76529.85714285714,30440.285714285714
"2021-06-18 00:00:00",0,69532,0,0,0,63199.857142857145,36972
"2021-06-19 00:00:00",3565,0,1875,0,29862,36764.57142857143,50985.71428571428
"2021-06-20 00:00:00",22336,0,0,0,24733,42329.42857142857,55748.28571428572
"2021-06-21 00:00:00",3254,165911,0,0,0,59517.142857142855,54932
"2021-06-22 00:00:00",6509,0,0,0,0,59982.142857142855,56676.57142857143
"2021-06-23 00:00:00",0,27270,0,0,0,51123.42857142857,69295.28571428571
"2021-06-24 00:00:00",6509,57224,20866,0,0,62778.71428571428,68621.28571428571
"2021-06-25 00:00:00",28590,61930,0,0,0,65777.14285714286,62089.57142857143
"2021-06-26 00:00:00",8516,76623,0,0,0,72896.71428571429,59683.142857142855
"2021-06-27 00:00:00",17174,0,1875,0,0,68893.85714285714,51919.42857142857
"2021-06-28 00:00:00",5744,0,0,0,0,45547.857142857145,75173
"2021-06-29 00:00:00",9148,0,0,0,12272,47678,72634.28571428571
"2021-06-30 00:00:00",2884,52886,0,0,0,51749.42857142857,73884.85714285714
"2021-07-01 00:00:00",11441,82726,0,0,0,53116.142857142855,73772.14285714286
"2021-07-02 00:00:00",5328,50539,0,0,0,48165.71428571428,80146.42857142857
"2021-07-03 00:00:00",0,0,0,0,0,36002.857142857145,100956.57142857143
"2021-07-04 00:00:00",3254,56574,0,0,10618,43345.28571428572,85256.28571428571
"2021-07-05 00:00:00",12506,57224,0,0,0,52486.142857142855,62824.42857142857
"2021-07-06 00:00:00",13019,216347,0,0,5341,82956,93400.42857142857
"2021-07-07 00:00:00",0,102987,0,0,0,89701.28571428571,104073.28571428571
"2021-07-08 00:00:00",7386,0,0,0,0,77303.85714285714,109190.85714285714
"2021-07-09 00:00:00",3254,166012,0,0,0,93503.71428571429,118416
"2021-07-10 00:00:00",0,57224,0,0,0,101678.57142857143,86956.42857142857
"2021-07-11 00:00:00",28753,0,0,0,1044,95871.42857142857,100094
"2021-07-12 00:00:00",3254,0,6630,0,0,87322.14285714286,101310.42857142857
"2021-07-13 00:00:00",7685,0,0,0,0,54890.142857142855,110515.85714285714
"2021-07-14 00:00:00",19445,147658,0,0,0,64049.57142857143,96286.57142857143
"2021-07-15 00:00:00",0,187591,0,0,0,89793.14285714286,115678.85714285714
"2021-07-16 00:00:00",9764,0,0,0,0,67007,106731.57142857143
"2021-07-17 00:00:00",14881,0,0,0,0,60958,105580.57142857143
"2021-07-18 00:00:00",5807,0,0,0,0,57530.857142857145,112990
"2021-07-19 00:00:00",9764,57224,0,0,0,65688.57142857143,111881.85714285714
"2021-07-20 00:00:00",5212,184549,0,0,37456,97050.42857142857,91387.14285714286
"2021-07-21 00:00:00",14188,238790,1875,0,0,109586.28571428571,81074.28571428571
"2021-07-22 00:00:00",3254,0,0,0,0,83252.42857142857,59200.71428571428
"2021-07-23 00:00:00",0,59880,0,0,0,90411.85714285714,50795.42857142857
"2021-07-24 00:00:00",11277,55597,0,0,0,97839.57142857143,50891.57142857143
"2021-07-25 00:00:00",6203,0,0,0,0,97896.14285714286,27204.285714285714
"2021-07-26 00:00:00",3254,222712,0,0,0,120607.28571428571,37075.142857142855
"2021-07-27 00:00:00",9764,57224,0,0,0,97717.42857142857,31784.285714285714
"2021-07-28 00:00:00",0,4843,0,0,0,62001.57142857143,40424.28571428572
"2021-07-29 00:00:00",15667,59007,0,0,0,72204.57142857143,63592
"2021-07-30 00:00:00",0,0,0,63,0,63659.28571428572,77536.71428571429
"2021-07-31 00:00:00",6509,0,0,0,0,55035.57142857143,86695
"2021-08-01 00:00:00",12350,0,0,0,0,55913.71428571428,95687.42857142857
"2021-08-02 00:00:00",48106,36628,0,0,0,35737.71428571428,97036.14285714286
"2021-08-03 00:00:00",3254,0,0,0,0,26632.714285714286,99056.42857142857
"2021-08-04 00:00:00",3254,0,0,0,12272,28159,95817.14285714286
"2021-08-05 00:00:00",0,174883,0,0,0,42474.42857142857,69177.42857142857
"2021-08-06 00:00:00",3254,0,0,0,2120,43233.28571428572,73369.28571428571
"2021-08-07 00:00:00",6639,0,0,0,0,43251.857142857145,68027
"2021-08-08 00:00:00",28258,0,0,0,0,45524.42857142857,68305.42857142857
"2021-08-09 00:00:00",14040,221872,0,0,0,67121.28571428571,64225.857142857145
"2021-08-10 00:00:00",9182,0,0,63,0,67977.28571428571,57691
"2021-08-11 00:00:00",6509,57224,0,0,24545,78370.42857142857,62759.71428571428
"2021-08-12 00:00:00",0,165172,0,0,0,76983.14285714286,71457.42857142857
"2021-08-13 00:00:00",7508,761,0,0,0,77396.71428571429,60343.42857142857
"2021-08-14 00:00:00",3254,0,0,0,12272,78666.42857142857,59202
"2021-08-15 00:00:00",0,57224,0,0,0,82804.42857142857,51600.71428571428
"2021-08-16 00:00:00",6258,230839,0,0,0,82973.71428571429,53854.57142857143
"2021-08-17 00:00:00",3254,164738,14186,0,0,107678.42857142857,72663.42857142857
"2021-08-18 00:00:00",0,63027,0,0,0,104071,66365.57142857143
"2021-08-19 00:00:00",0,175409,0,0,0,105533.42857142857,59421
"2021-08-20 00:00:00",22784,57224,0,0,0,115781.85714285714,61038.28571428572
"2021-08-21 00:00:00",9764,0,1875,0,0,115226.57142857143,57995.857142857145
"2021-08-22 00:00:00",3254,0,0,0,0,107516.57142857143,60956
"2021-08-23 00:00:00",31576,57224,0,0,0,86331.28571428571,52128.57142857143
"2021-08-24 00:00:00",9764,0,0,0,20382,64612.42857142857,42837.71428571428
"2021-08-25 00:00:00",0,0,0,0,0,55608.57142857143,64669.57142857143
"2021-08-26 00:00:00",6610,0,0,0,0,31494.428571428572,71168.57142857143
"2021-08-27 00:00:00",0,0,0,0,15620,22296,69598.14285714286
"2021-08-28 00:00:00",3254,0,0,0,0,21098,84120.28571428571
"2021-08-29 00:00:00",876,221363,0,0,0,52381.71428571428,87469.71428571429
"2021-08-30 00:00:00",20645,57224,0,0,0,50820.142857142855,90859.28571428571
"2021-08-31 00:00:00",4585,29383,0,0,0,51366.142857142855,85054.85714285714
"2021-09-01 00:00:00",15962,0,0,0,12272,55399.57142857143,60374.42857142857
"2021-09-02 00:00:00",0,57224,0,0,0,62630.142857142855,54213.857142857145
"2021-09-03 00:00:00",3771,0,0,0,0,60937.42857142857,55251.71428571428
"2021-09-04 00:00:00",3254,0,0,0,0,60937.42857142857,67776.14285714286
"2021-09-05 00:00:00",18748,3119,0,0,0,32312.714285714286,59439.142857142855
"2021-09-06 00:00:00",0,0,1875,63,5341,22228.428571428572,54553.142857142855
"2021-09-07 00:00:00",13019,53603,0,0,0,26893.285714285714,49486.71428571428
"2021-09-08 00:00:00",22882,0,0,0,11901,27829,48352.71428571428
"2021-09-09 00:00:00",16529,0,0,0,0,22015.428571428572,53814.857142857145
"2021-09-10 00:00:00",7779,0,0,0,0,22588,45880.28571428572
"2021-09-11 00:00:00",6714,0,630,0,0,23172.428571428572,28962
"2021-09-12 00:00:00",7094,0,0,0,12272,22815.285714285714,28855
"2021-09-13 00:00:00",7480,0,0,0,0,22843.85714285714,71006
"2021-09-14 00:00:00",6509,57224,0,0,0,22431.14285714286,75501.28571428571
"2021-09-15 00:00:00",7569,0,0,0,0,18543.285714285714,86232.71428571429
"2021-09-16 00:00:00",19801,0,0,0,0,19010.714285714286,109569.28571428571
"2021-09-17 00:00:00",0,62729,0,0,0,26860.714285714286,111661.42857142857
"2021-09-18 00:00:00",17481,54604,4013,0,0,36682.857142857145,109659
"2021-09-19 00:00:00",3254,0,0,0,0,34381,140315
"2021-09-20 00:00:00",0,21888,0,0,0,36439.28571428572,98629
"2021-09-21 00:00:00",3254,68643,0,0,33751,42427.28571428572,132375.42857142858
"2021-09-22 00:00:00",16305,27604,0,0,50802,54876.42857142857,139394.85714285713
"2021-09-23 00:00:00",14220,0,0,0,0,54079.142857142855,108969.42857142857
"2021-09-24 00:00:00",0,0,0,0,6979,46114.857142857145,107224.28571428571
"2021-09-25 00:00:00",0,57224,1875,0,0,43686.142857142855,106426
"2021-09-26 00:00:00",7963,0,0,0,0,44358.857142857145,87281.28571428571
"2021-09-27 00:00:00",12435,38731,1875,0,0,48809.42857142857,88265.28571428571
"2021-09-28 00:00:00",4322,171106,0,0,0,58777.71428571428,61526
"2021-09-29 00:00:00",0,57224,0,0,0,53422.142857142855,54961
"2021-09-30 00:00:00",18438,0,1875,0,0,54292.57142857143,55426
"2021-10-01 00:00:00",3254,0,0,0,0,53760.42857142857,66475.85714285714
"2021-10-02 00:00:00",0,0,0,0,0,45317.71428571428,60732.28571428572
"2021-10-03 00:00:00",3254,77701,0,0,0,55745.28571428572,49221
"2021-10-04 00:00:00",20771,0,0,0,0,51135.142857142855,47416.71428571428
"2021-10-05 00:00:00",3254,57224,0,0,0,34713.857142857145,98525.57142857143
"2021-10-06 00:00:00",0,153144,0,0,20382,51328.57142857143,86685.85714285714
"2021-10-07 00:00:00",2149,0,2238,0,0,49053.57142857143,89689
"2021-10-08 00:00:00",3254,222427,0,0,3059,81266,111376.14285714286
"2021-10-09 00:00:00",4487,0,0,0,10618,83423.85714285714,109792.14285714286
"2021-10-10 00:00:00",9316,52492,0,0,0,80688.42857142857,121802.28571428571
"2021-10-11 00:00:00",12020,0,0,0,0,79438.28571428571,129867.57142857143
"2021-10-12 00:00:00",12097,110470,0,0,0,88308,80134.71428571429
"2021-10-13 00:00:00",23019,72452,0,0,0,77157.28571428571,92323.14285714286
"2021-10-14 00:00:00",9217,0,0,0,11383,79473.28571428571,101257
"2021-10-15 00:00:00",0,0,0,0,41685,52751,82217.85714285714
"2021-10-16 00:00:00",23841,0,0,0,0,53999,106149.85714285714
"2021-10-17 00:00:00",12723,69022,0,0,0,56847.28571428572,101877.57142857143
"2021-10-18 00:00:00",2654,0,0,0,0,55509.28571428572,116824.85714285714
"2021-10-19 00:00:00",3254,0,0,0,0,38464.57142857143,103337.71428571429
"2021-10-20 00:00:00",11238,88447,0,0,0,39066.42857142857,94470.14285714286
"2021-10-21 00:00:00",3254,0,0,0,12272,38341.71428571428,107019
"2021-10-22 00:00:00",6509,55494,0,0,0,41244.42857142857,99329
"2021-10-23 00:00:00",30498,0,0,0,12272,43948.57142857143,153428
"2021-10-24 00:00:00",3254,0,0,0,0,32735.428571428572,154426.2857142857
"2021-10-25 00:00:00",21873,0,0,0,0,35481,154858.57142857142
"2021-10-26 00:00:00",10298,0,0,0,0,36487.28571428572,170826.85714285713
"2021-10-27 00:00:00",3254,51916,0,0,0,30128.14285714286,169946
"2021-10-28 00:00:00",22220,0,0,63,0,31093.285714285714,154017.85714285713
"2021-10-29 00:00:00",20990,57224,0,0,0,33409.142857142855,157218
"2021-10-30 00:00:00",7117,0,0,0,0,28315.85714285714,79876.28571428571
"2021-10-31 00:00:00",12382,0,0,0,0,29619.85714285714,79056.28571428571
"2021-11-01 00:00:00",4692,57224,0,0,70309,45384.71428571428,96109.85714285714
"2021-11-02 00:00:00",7415,0,8450,0,11495,47822.28571428572,82056.71428571429
"2021-11-03 00:00:00",3254,57224,0,0,0,48580.57142857143,88273.14285714286
"2021-11-04 00:00:00",14040,165173,0,0,0,70999.28571428571,81258.85714285714
"2021-11-05 00:00:00",3254,115536,0,0,0,76795.85714285714,110799.57142857143
"2021-11-06 00:00:00",8905,0,0,0,0,77051.28571428571,129085.14285714286
"2021-11-07 00:00:00",0,75275,0,0,0,86036,130053.71428571429
"2021-11-08 00:00:00",3254,35698,0,0,0,72711.14285714286,111285
"2021-11-09 00:00:00",41544,83118,0,0,0,86611.28571428571,105608.71428571429
"2021-11-10 00:00:00",42742,47692,0,0,0,90890.57142857143,138782.2857142857
"2021-11-11 00:00:00",13588,0,0,0,81404,78858.85714285714,154000
"2021-11-12 00:00:00",8818,134598,0,0,2679,82759.42857142857,139420.85714285713
"2021-11-13 00:00:00",13628,72890,0,0,0,93847,125265.42857142857
"2021-11-14 00:00:00",16919,0,0,0,0,85510.42857142857,135616.7142857143
"2021-11-15 00:00:00",9415,162281,0,0,26337,108236.28571428571,113777.42857142857
"2021-11-16 00:00:00",6509,53476,0,0,0,98996.85714285714,139705.42857142858
"2021-11-17 00:00:00",6509,0,0,0,12272,88760.85714285714,108336.42857142857
"2021-11-18 00:00:00",6561,0,0,0,237,76161.85714285714,102789
"2021-11-19 00:00:00",6391,0,0,0,0,56204.142857142855,103558
"2021-11-20 00:00:00",69351,0,0,0,0,53751.71428571428,109301.28571428571
"2021-11-21 00:00:00",3254,97609,0,0,0,65743.85714285714,92385.71428571429
"2021-11-22 00:00:00",15815,83477,0,0,0,51637.857142857145,144705.42857142858
"2021-11-23 00:00:00",34053,0,0,0,0,47933.142857142855,127684.85714285714
"2021-11-24 00:00:00",16231,180131,0,0,0,73301.71428571429,129091.71428571429
"2021-11-25 00:00:00",6884,117,0,0,0,73330.57142857143,124477.42857142857
"2021-11-26 00:00:00",3254,60531,0,0,0,81529.85714285714,99484
"2021-11-27 00:00:00",4391,0,0,0,0,72249.85714285714,91119.14285714286
"2021-11-28 00:00:00",8767,0,0,0,0,59093.142857142855,115038.57142857143
"2021-11-29 00:00:00",4590,0,0,0,0,45564.28571428572,63562
"2021-11-30 00:00:00",13019,77901,0,0,0,53688.28571428572,82599
"2021-12-01 00:00:00",0,126141,5280,0,0,44411.142857142855,78546.42857142857
"2021-12-02 00:00:00",7746,57224,0,0,0,52692.57142857143,118133
"2021-12-03 00:00:00",0,179166,0,0,0,69175.42857142857,118598
"2021-12-04 00:00:00",0,28973,0,0,0,72687.14285714286,148079.57142857142
"2021-12-05 00:00:00",3254,12970,0,0,0,73752.57142857143,135467.2857142857
"2021-12-06 00:00:00",5375,0,0,0,0,73864.71428571429,147754.85714285713
"2021-12-07 00:00:00",96796,0,0,0,0,74704,139094.7142857143
"2021-12-08 00:00:00",3254,256779,0,0,0,93077.14285714286,157429.85714285713
"2021-12-09 00:00:00",34348,4137,0,0,12272,91046.71428571429,112173.85714285714
"2021-12-10 00:00:00",3254,0,0,0,36379,71113.57142857143,161933.7142857143
"2021-12-11 00:00:00",3254,0,0,0,1492,67652.71428571429,157121.14285714287
"2021-12-12 00:00:00",29749,0,0,0,0,69584.71428571429,144226.42857142858
"2021-12-13 00:00:00",90119,0,0,0,0,81691,131560.57142857142
"2021-12-14 00:00:00",3036,120556,0,0,0,85519,109209.28571428571
"2021-12-15 00:00:00",6509,0,0,0,0,49301.142857142855,100943.42857142857
"2021-12-16 00:00:00",6509,52941,0,0,0,50543,128943
"2021-12-17 00:00:00",0,0,0,0,68,44890.71428571428,79701.42857142857
"2021-12-18 00:00:00",5111,61659,0,0,0,53751.142857142855,75592.14285714286
"2021-12-19 00:00:00",14036,0,0,0,0,51506.42857142857,81449.57142857143
"2021-12-20 00:00:00",0,48818,0,0,47146,52341.42857142857,112835.85714285714
"2021-12-21 00:00:00",15959,0,0,0,0,36965.28571428572,142890
"2021-12-22 00:00:00",23683,0,0,0,0,39418.71428571428,135878
"2021-12-23 00:00:00",10346,0,0,0,5700,33218,119483
"2021-12-24 00:00:00",0,49276,0,0,770,40357.857142857145,127139.71428571429
"2021-12-25 00:00:00",0,45194,0,0,0,37275.57142857143,116995.85714285714
"2021-12-26 00:00:00",9053,0,0,0,0,36563.71428571428,144830.85714285713
"2021-12-27 00:00:00",0,0,0,0,0,22854.571428571428,124220.57142857143
"2021-12-28 00:00:00",33983,0,0,0,0,25429.428571428572,101492
"2021-12-29 00:00:00",9497,16772,0,0,0,25799,118063
"2021-12-30 00:00:00",4648,82328,0,0,0,35932,116171.14285714286
"2021-12-31 00:00:00",1437,57224,0,0,0,37162.71428571428,126512.85714285714
"2022-01-01 00:00:00",3254,0,0,0,0,31171.285714285714,118173.42857142857
"2022-01-02 00:00:00",8819,83156,0,0,0,43017.28571428572,96239.42857142857
"2022-01-03 00:00:00",19291,0,0,0,33751,50594.857142857145,115790.28571428571
"2022-01-04 00:00:00",41181,0,1875,0,0,51891.142857142855,115055.57142857143
"2022-01-05 00:00:00",9764,556,0,0,45137,56060.857142857145,91940.28571428571
"2022-01-06 00:00:00",12193,41860,6728,0,0,52318.857142857145,95856.71428571429
"2022-01-07 00:00:00",3254,171174,0,0,0,68857,80696.42857142857
"2022-01-08 00:00:00",26887,0,0,0,0,72233.14285714286,76887
"2022-01-09 00:00:00",1473,0,1875,0,0,59572.28571428572,89315.14285714286
"2022-01-10 00:00:00",6509,72094,0,0,12272,64977.142857142855,71183.14285714286
"2022-01-11 00:00:00",0,0,0,0,12272,60579.28571428572,69481.57142857143
"2022-01-12 00:00:00",3254,0,0,0,0,53121.57142857143,67960.14285714286
"2022-01-13 00:00:00",38659,79620,10156,0,0,62786.28571428572,72508.57142857143
"2022-01-14 00:00:00",0,0,0,0,12272,39621,91712.85714285714
"2022-01-15 00:00:00",0,0,3454,0,13704,38231.142857142855,99187.57142857143
"2022-01-16 00:00:00",3906,0,0,0,0,38310.71428571428,107087
"2022-01-17 00:00:00",14618,0,0,0,0,27416.571428571428,107335.57142857143
"2022-01-18 00:00:00",3254,0,1875,0,33305,31154.14285714286,100767
"2022-01-19 00:00:00",0,55553,0,0,0,38625.42857142857,122207.28571428571
"2022-01-20 00:00:00",13019,0,0,0,15692,24379.14285714286,115691.85714285714
"2022-01-21 00:00:00",10059,0,0,0,0,24063,112440.28571428571
"2022-01-22 00:00:00",8344,0,0,0,0,22803.85714285714,116551.57142857143
"2022-01-23 00:00:00",0,0,0,0,24692,25773.285714285714,106832.14285714286
"2022-01-24 00:00:00",6509,0,0,0,0,24614.85714285714,125724.85714285714
"2022-01-25 00:00:00",0,0,0,0,708,19225.285714285714,125517.14285714286
"2022-01-26 00:00:00",9283,48588,0,0,0,19556.571428571428,131788.14285714287
"2022-01-27 00:00:00",7807,142820,0,0,0,36973,121796.28571428571
"2022-01-28 00:00:00",23593,0,0,0,0,38906.42857142857,128797.14285714286
"2022-01-29 00:00:00",3254,167895,0,0,0,62164.42857142857,134278.42857142858
"2022-01-30 00:00:00",5843,0,0,0,0,59471.71428571428,112108.85714285714
"2022-01-31 00:00:00",6513,124187,0,0,79824,88616.85714285714,80660.85714285714
"2022-02-01 00:00:00",0,817,0,0,0,88632.42857142857,81833.85714285714
"2022-02-02 00:00:00",0,0,0,0,0,80365,72268.14285714286
"2022-02-03 00:00:00",10407,112896,0,0,0,76461.71428571429,70231.14285714286
"2022-02-04 00:00:00",426,46913,692,0,0,79952.85714285714,43474.57142857143
"2022-02-05 00:00:00",15327,0,0,0,0,57692.42857142857,27637
"2022-02-06 00:00:00",7263,0,0,0,0,57895.28571428572,42347
"2022-02-07 00:00:00",5548,23542,0,0,0,31976,56070.142857142855
"2022-02-08 00:00:00",13684,166049,0,0,0,57535.42857142857,75220.85714285714
"2022-02-09 00:00:00",8466,0,0,0,0,58744.857142857145,77739
"2022-02-10 00:00:00",0,0,0,0,0,41130,80320.28571428571
"2022-02-11 00:00:00",1109,57224,0,0,0,42601.857142857145,89101.85714285714
"2022-02-12 00:00:00",61012,231647,0,0,0,82220.85714285714,108109.57142857143
"2022-02-13 00:00:00",11788,28404,0,0,0,86925.14285714286,130799.85714285714
"2022-02-14 00:00:00",11316,0,0,0,69037,94248.57142857143,117939.42857142857
"2022-02-15 00:00:00",6509,0,7374,0,0,70555.85714285714,105647.42857142857
"2022-02-16 00:00:00",3254,0,0,0,0,69811.28571428571,114685.71428571429
"2022-02-17 00:00:00",1157,57224,0,0,0,78151.57142857143,116297.14285714286
"2022-02-18 00:00:00",4085,53227,1875,0,6276,79170.14285714286,116720.71428571429
"2022-02-19 00:00:00",12325,165616,0,0,1577,63007.28571428572,101864.57142857143
"2022-02-20 00:00:00",16231,143892,0,0,24692,83667.71428571429,63534.42857142857
"2022-02-21 00:00:00",6064,53493,0,0,0,80696.71428571429,75651
"2022-02-22 00:00:00",8420,99246,0,0,0,94094.28571428571,78797.71428571429
"2022-02-23 00:00:00",6509,104796,0,0,0,109530.28571428571,47979
"2022-02-24 00:00:00",16499,0,0,0,0,103547,70815.28571428571
"2022-02-25 00:00:00",6509,57224,0,0,0,103299.85714285714,96869.85714285714
"2022-02-26 00:00:00",6509,57224,0,0,0,86759,145981.42857142858
"2022-02-27 00:00:00",49363,210512,0,0,0,97481.85714285714,160422
"2022-02-28 00:00:00",3254,0,0,0,31983,94007.71428571429,151973.2857142857
"2022-03-01 00:00:00",15243,97907,0,0,0,94791.14285714286,152425.14285714287
"2022-03-02 00:00:00",0,0,0,0,0,78890.28571428571,152731.7142857143
"2022-03-03 00:00:00",54934,0,0,0,12272,86134.14285714286,140556.7142857143
"2022-03-04 00:00:00",20907,117120,1165,0,0,96914.14285714286,116394
"2022-03-05 00:00:00",0,0,0,0,0,87809.28571428571,61901.142857142855
"2022-03-06 00:00:00",8617,17084,0,0,0,54355.857142857145,58397.28571428572
"2022-03-07 00:00:00",3254,0,0,0,0,49786.71428571428,64927.28571428572
"2022-03-08 00:00:00",10275,0,0,0,0,35090.142857142855,53072.142857142855
"2022-03-09 00:00:00",0,0,0,0,0,35090.142857142855,125958.85714285714
"2022-03-10 00:00:00",21283,89068,0,0,0,41253.71428571428,112951.57142857143
"2022-03-11 00:00:00",9764,7705,0,0,3134,24312.428571428572,108918.28571428571
"2022-03-12 00:00:00",3254,166650,0,0,0,48584.57142857143,110956.57142857143
"2022-03-13 00:00:00",5922,78229,0,0,0,56934.57142857143,111898
"2022-03-14 00:00:00",3254,0,0,0,0,56934.57142857143,112906
"2022-03-15 00:00:00",10971,162425,0,0,0,80237.57142857143,126861.42857142857
"2022-03-16 00:00:00",6509,0,0,0,12272,82920.71428571429,52442.857142857145
"2022-03-17 00:00:00",0,165505,0,0,0,90799.85714285714,82697.85714285714
"2022-03-18 00:00:00",0,0,0,0,0,87856.28571428571,110093.42857142857
"2022-03-19 00:00:00",0,0,0,0,12272,65337.28571428572,113464.28571428571
"2022-03-20 00:00:00",3254,0,11151,0,7706,56474.57142857143,103723.85714285714
"2022-03-21 00:00:00",3254,51651,0,0,17604,66368.28571428571,102380.28571428571
"2022-03-22 00:00:00",11094,0,0,0,0,43182.28571428572,104684.42857142857
"2022-03-23 00:00:00",5782,35504,0,0,0,46397.28571428572,105206.42857142857
"2022-03-24 00:00:00",921,209497,0,0,0,52813.42857142857,71611.57142857143
"2022-03-25 00:00:00",0,65023,0,0,0,62102.42857142857,39004.71428571428
"2022-03-26 00:00:00",10689,165814,0,0,0,85564,39430.28571428572
"2022-03-27 00:00:00",14826,3633,0,0,0,85042.14285714286,37292.57142857143
"2022-03-28 00:00:00",21146,57224,11707,0,0,87552,76247.28571428571
"2022-03-29 00:00:00",3254,85324,0,0,0,98621.28571428571,66444.14285714286
"2022-03-30 00:00:00",10749,0,0,0,0,94258.71428571429,116740.85714285714
"2022-03-31 00:00:00",3254,136664,0,0,0,84187.42857142857,119539.71428571429
"2022-04-01 00:00:00",3254,76130,0,0,0,86239.14285714286,117982.42857142857
"2022-04-02 00:00:00",0,0,0,0,0,61024.42857142857,114652.42857142857
"2022-04-03 00:00:00",2230,0,1875,0,44082,65271.142857142855,117532.85714285714
"2022-04-04 00:00:00",18586,116074,0,0,0,71639.85714285714,68928.28571428571
"2022-04-05 00:00:00",5884,0,0,0,0,59826.28571428572,87505.57142857143
"2022-04-06 00:00:00",7226,0,0,0,0,59323,46747.42857142857
"2022-04-07 00:00:00",4626,166809,0,0,0,63825.28571428572,47939
"2022-04-08 00:00:00",0,76347,0,0,2530,63752.857142857145,55335.42857142857
"2022-04-09 00:00:00",618,231246,0,0,0,96876.28571428571,52830.71428571428
"2022-04-10 00:00:00",9764,187591,0,0,0,118186.14285714286,84707.85714285714
"2022-04-11 00:00:00",10771,6246,0,0,0,101380.14285714286,110763.71428571429
"2022-04-12 00:00:00",4490,0,0,0,4833,101871.57142857143,101008.85714285714
"2022-04-13 00:00:00",9732,74660,0,0,0,112895.42857142857,108108.28571428571
"2022-04-14 00:00:00",3254,112255,0,0,0,104906.14285714286,143818.42857142858
"2022-04-15 00:00:00",0,64860,0,0,10618,104420.42857142857,143624
"2022-04-16 00:00:00",390,9779,0,0,0,72749.71428571429,168231.14285714287
"2022-04-17 00:00:00",3254,71048,0,0,0,55170.71428571428,135955.85714285713
"2022-04-18 00:00:00",21279,0,0,0,0,55779.42857142857,108870.85714285714
"2022-04-19 00:00:00",5590,51123,0,0,32974,67260,107286.42857142857
"2022-04-20 00:00:00",9986,0,0,0,0,56630.42857142857,114338.28571428571
"2022-04-21 00:00:00",0,55736,0,0,0,48091.28571428572,76586
"2022-04-22 00:00:00",19470,0,0,0,12272,41843.28571428572,69269.14285714286
"2022-04-23 00:00:00",7788,328834,0,0,0,88479.57142857143,44197.142857142855
"2022-04-24 00:00:00",4735,0,0,0,0,78541.28571428571,87993.71428571429
"2022-04-25 00:00:00",11286,0,0,0,0,77113.71428571429,88348.42857142857
"2022-04-26 00:00:00",3254,66058,0,0,0,74203,74786
"2022-04-27 00:00:00",10545,0,0,0,1522,74500.28571428571,61059
"2022-04-28 00:00:00",11721,0,0,0,0,68212.42857142857,75148.57142857143
"2022-04-29 00:00:00",3254,150207,0,0,0,85601,75888.14285714286
"2022-04-30 00:00:00",35565,136082,0,0,70337,72081.28571428571,91809.42857142857
"2022-05-01 00:00:00",3254,0,0,0,0,71869.71428571429,45995.42857142857
"2022-05-02 00:00:00",25681,0,0,0,0,73926.14285714286,66862
"2022-05-03 00:00:00",6509,53400,0,0,0,72582.85714285714,91939.85714285714
"2022-05-04 00:00:00",10509,0,0,0,12272,74113.57142857143,81915.14285714286
"2022-05-05 00:00:00",6509,168506,0,4515,0,98086.57142857143,72042.42857142857
"2022-05-06 00:00:00",9933,114449,0,0,0,93932.42857142857,91512.85714285714
"2022-05-07 00:00:00",19744,0,0,0,0,62183.71428571428,86859.85714285714
"2022-05-08 00:00:00",2285,0,0,0,0,62045.28571428572,104127
"2022-05-09 00:00:00",39177,49433,0,0,83110,82908.14285714286,83613.85714285714
"2022-05-10 00:00:00",14458,0,0,0,0,76415,65763.42857142857
"2022-05-11 00:00:00",5453,124390,0,0,0,91709.57142857143,96742.28571428571
"2022-05-12 00:00:00",63441,0,3932,0,29930,79962.71428571429,90577.14285714286
"2022-05-13 00:00:00",6509,0,0,0,0,63123.57142857143,96411.71428571429
"2022-05-14 00:00:00",6829,225473,0,0,0,93489,93504
"2022-05-15 00:00:00",23827,0,0,0,12294,98322.85714285714,105244.28571428571
"2022-05-16 00:00:00",20298,0,1875,0,0,76958.85714285714,106023
"2022-05-17 00:00:00",10860,155591,0,0,0,98672.14285714286,103281.28571428571
"2022-05-18 00:00:00",3254,0,0,0,0,80587.85714285714,72690.14285714286
"2022-05-19 00:00:00",30011,254347,1875,0,33751,112399.57142857143,73247.71428571429
"2022-05-20 00:00:00",9450,0,0,0,14219,114851.14285714286,57333
"2022-05-21 00:00:00",27294,177530,0,0,0,110925.85714285714,67991.14285714286
"2022-05-22 00:00:00",5336,44342,0,0,33751,117684.14285714286,43971.857142857145
"2022-05-23 00:00:00",1744,228488,0,0,0,147407,73704.14285714286
"2022-05-24 00:00:00",26629,0,0,0,44348,133768,91485
"2022-05-25 00:00:00",17307,167296,0,0,0,159675,96554.85714285714
"2022-05-26 00:00:00",4732,0,0,0,0,114638.71428571429,120734
"2022-05-27 00:00:00",22847,240498,0,0,0,148878,110870.42857142857
"2022-05-28 00:00:00",21870,57551,277,0,56621,139091.7142857143,107892.71428571429
"2022-05-29 00:00:00",6656,0,0,0,0,128124,108185.57142857143
"2022-05-30 00:00:00",14014,118240,0,0,0,114127,92866.14285714286
"2022-05-31 00:00:00",10417,0,0,0,0,105475.42857142857,76896.28571428571
"2022-06-01 00:00:00",9764,329374,3750,0,66021,137519.42857142858,100507.14285714286
"2022-06-02 00:00:00",13985,128055,0,0,20897,160120.42857142858,86163.57142857143
"2022-06-03 00:00:00",17452,60235,0,0,0,133597.85714285713,85726.57142857143
"2022-06-04 00:00:00",10329,211189,0,0,0,145768.85714285713,70188.28571428571
"2022-06-05 00:00:00",32489,64914,0,0,0,158732.7142857143,96887.28571428571
"2022-06-06 00:00:00",27023,175176,0,0,10542,170231.14285714287,106816.57142857143
"2022-06-07 00:00:00",2045,0,5642,0,53900,177541.2857142857,108834.85714285714
"2022-06-08 00:00:00",20750,96285,0,0,8582,137070.85714285713,86499.85714285714
"2022-06-09 00:00:00",0,90351,0,0,0,126701.14285714286,80301.14285714286
"2022-06-10 00:00:00",34038,187820,0,0,0,147297.14285714287,112827.85714285714
"2022-06-11 00:00:00",16626,0,0,0,72785,128424.85714285714,135588.2857142857
"2022-06-12 00:00:00",6509,86037,1875,0,41165,133879.85714285713,134622
"2022-06-13 00:00:00",30745,70177,0,0,0,117905.57142857143,109553.42857142857
"2022-06-14 00:00:00",7595,81983,0,0,0,121904.28571428571,107752.42857142857
"2022-06-15 00:00:00",8658,70907,0,0,12272,117078.57142857143,100558.85714285714
"2022-06-16 00:00:00",0,319009,0,0,5795,150572,109118.85714285714
"2022-06-17 00:00:00",20801,169081,0,0,0,146004,76529.85714285714
"2022-06-18 00:00:00",50880,0,1875,0,1241,140944.7142857143,63199.857142857145
"2022-06-19 00:00:00",6509,151334,0,0,43817,150383.85714285713,36764.57142857143
"2022-06-20 00:00:00",44839,0,0,0,9764,143766.85714285713,42329.42857142857
"2022-06-21 00:00:00",42794,142747,0,0,0,157475.85714285713,59517.142857142855
"2022-06-22 00:00:00",32206,149601,0,0,0,170328.7142857143,59982.142857142855
"2022-06-23 00:00:00",19185,52936,0,63,0,134240.14285714287,51123.42857142857
"2022-06-24 00:00:00",51744,237549,0,0,0,148441.7142857143,62778.71428571428
"2022-06-25 00:00:00",9092,99773,0,0,10618,157796.85714285713,65777.14285714286
"2022-06-26 00:00:00",19153,80370,0,0,43017,149351.14285714287,72896.71428571429
"2022-06-27 00:00:00",15307,67029,0,1412,4594,154171,68893.85714285714
"2022-06-28 00:00:00",16128,58232,0,0,12272,140041.14285714287,45547.857142857145
"2022-06-29 00:00:00",47902,135921,0,0,0,140329,47678
"2022-06-30 00:00:00",12553,57224,0,0,0,139985,51749.42857142857
"2022-07-01 00:00:00",0,57224,0,0,0,106832.14285714286,53116.142857142855
"2022-07-02 00:00:00",6509,153695,0,0,103745,127470.42857142857,48165.71428571428
"2022-07-03 00:00:00",30407,136773,0,0,0,130990.14285714286,36002.857142857145
"2022-07-04 00:00:00",1905,62290,0,0,12205,129284,43345.28571428572
"2022-07-05 00:00:00",23757,0,0,0,1108,120460,52486.142857142855
"2022-07-06 00:00:00",10565,0,0,0,43017,101854.28571428571,82956
"2022-07-07 00:00:00",5054,54878,352,0,0,100498.28571428571,89701.28571428571
"2022-07-08 00:00:00",1058,57224,0,0,0,100649.57142857143,77303.85714285714
"2022-07-09 00:00:00",0,57224,0,0,44300,77445.71428571429,93503.71428571429
"2022-07-10 00:00:00",8602,59168,0,0,0,63244.42857142857,101678.57142857143
"2022-07-11 00:00:00",422,55556,0,0,43017,66472.57142857143,95871.42857142857
"2022-07-12 00:00:00",3254,163792,0,0,0,86784.28571428571,87322.14285714286
"2022-07-13 00:00:00",17351,0,0,0,0,81608.28571428571,54890.142857142855
"2022-07-14 00:00:00",11516,110867,0,0,0,90479.57142857143,64049.57142857143
"2022-07-15 00:00:00",39977,163989,1875,0,10105,113003,89793.14285714286
"2022-07-16 00:00:00",42182,60718,0,0,0,113199.57142857143,67007
"2022-07-17 00:00:00",3363,0,0,0,0,103998.42857142857,60958
"2022-07-18 00:00:00",25902,238306,0,0,15012,129744.71428571429,57530.857142857145
"2022-07-19 00:00:00",86034,210525,0,0,20026,151107.42857142858,65688.57142857143
"2022-07-20 00:00:00",22981,59474,0,0,38005,165837.57142857142,97050.42857142857
"2022-07-21 00:00:00",4775,57224,0,0,4623,157871.85714285713,109586.28571428571
"2022-07-22 00:00:00",45225,246805,0,0,0,168741,83252.42857142857
"2022-07-23 00:00:00",61199,49325,8917,0,943,171238.85714285713,90411.85714285714
"2022-07-24 00:00:00",21646,160800,0,0,0,196822.2857142857,97839.57142857143
"2022-07-25 00:00:00",2021,46716,0,0,0,163896,97896.14285714286
"2022-07-26 00:00:00",9444,57771,0,0,68491,138056.14285714287,120607.28571428571
"2022-07-27 00:00:00",1135,322747,410,0,0,167175,97717.42857142857
"2022-07-28 00:00:00",20776,185825,0,0,0,187171.85714285713,62001.57142857143
"2022-07-29 00:00:00",18585,66085,0,0,14138,159568.7142857143,72204.57142857143
"2022-07-30 00:00:00",0,191224,0,0,40556,175482.2857142857,63659.28571428572
"2022-07-31 00:00:00",7258,83673,0,0,13260,164303.14285714287,55035.57142857143
"2022-08-01 00:00:00",4905,0,0,0,0,158041.42857142858,55913.71428571428
"2022-08-02 00:00:00",14478,222728,0,0,0,172541.2857142857,35737.71428571428
"2022-08-03 00:00:00",7041,76992,0,0,111730,154179.7142857143,26632.714285714286
"2022-08-04 00:00:00",16100,85410,1186,0,0,139336.2857142857,28159
"2022-08-05 00:00:00",16833,222553,0,0,0,159418.85714285713,42474.42857142857
"2022-08-06 00:00:00",3254,0,0,0,43817,133032,43233.28571428572
"2022-08-07 00:00:00",0,79306,1875,0,46357,136367.14285714287,43251.857142857145
"2022-08-08 00:00:00",7489,60387,0,0,0,145363.14285714287,45524.42857142857
"2022-08-09 00:00:00",3254,75644,0,0,0,122747.85714285714,67121.28571428571
"2022-08-10 00:00:00",747,79349,0,0,0,106224,67977.28571428571
"2022-08-11 00:00:00",29034,0,1875,0,0,95968.42857142857,78370.42857142857
"2022-08-12 00:00:00",4572,57224,3466,0,40863,76931.28571428571,76983.14285714286
"2022-08-13 00:00:00",0,0,1875,0,0,70474.57142857143,77396.71428571429
"2022-08-14 00:00:00",25380,168593,1875,0,12272,81986.28571428571,78666.42857142857
"2022-08-15 00:00:00",2273,242915,2944,0,0,107737,82804.42857142857
"2022-08-16 00:00:00",12404,0,0,0,13334,100142.57142857143,82973.71428571429
"2022-08-17 00:00:00",3254,161206,0,0,0,112194.71428571429,107678.42857142857
"2022-08-18 00:00:00",22982,53326,0,0,2087,118978.57142857143,104071
"2022-08-19 00:00:00",8226,21507,4575,0,0,108718.85714285714,105533.42857142857
"2022-08-20 00:00:00",35253,116147,0,0,0,130079.57142857143,115781.85714285714
"2022-08-21 00:00:00",13284,2392,2555,0,0,102952.42857142857,115226.57142857143
"2022-08-22 00:00:00",21534,0,0,0,0,70581.28571428571,107516.57142857143
"2022-08-23 00:00:00",20572,28628,1875,0,0,74201,86331.28571428571
"2022-08-24 00:00:00",48472,2725,0,0,8079,59174.71428571428,64612.42857142857
"2022-08-25 00:00:00",5710,0,0,0,30286,53117.57142857143,55608.57142857143
"2022-08-26 00:00:00",18507,58341,0,0,0,59194.71428571428,31494.428571428572
"2022-08-27 00:00:00",25605,0,0,0,0,41224,22296
"2022-08-28 00:00:00",7232,60119,1875,0,0,48509.142857142855,21098
"2022-08-29 00:00:00",12635,103083,4656,0,0,62629.28571428572,52381.71428571428
"2022-08-30 00:00:00",6509,61336,0,0,44055,71318.71428571429,50820.142857142855
"2022-08-31 00:00:00",3421,0,1847,0,0,63603.142857142855,51366.142857142855
"2022-09-01 00:00:00",22850,94291,0,0,5241,75944.28571428571,55399.57142857143
"2022-09-02 00:00:00",31095,78369,0,0,0,80603.71428571429,62630.142857142855
"2022-09-03 00:00:00",334,44709,1875,0,0,83648.57142857143,60937.42857142857
"2022-09-04 00:00:00",43460,0,0,0,0,79967.57142857143,60937.42857142857
"2022-09-05 00:00:00",6509,165103,0,0,864,87410.85714285714,32312.714285714286
"2022-09-06 00:00:00",32079,0,0,0,33751,80829.28571428571,22228.428571428572
"2022-09-07 00:00:00",7856,585,0,0,18360,83905.57142857143,26893.285714285714
"2022-09-08 00:00:00",0,0,0,0,0,66422.14285714286,27829
"2022-09-09 00:00:00",39030,74384,0,0,0,66986.28571428571,22015.428571428572
"2022-09-10 00:00:00",8834,0,0,0,50046,68695,22588
"2022-09-11 00:00:00",16445,0,0,0,69971,74831.71428571429,23172.428571428572
"2022-09-12 00:00:00",0,0,0,0,0,50192,22815.285714285714
"2022-09-13 00:00:00",20250,54134,0,0,3720,51945.42857142857,22843.85714285714
"2022-09-14 00:00:00",15459,50226,1875,0,91808,70883.42857142857,22431.14285714286
"2022-09-15 00:00:00",35142,0,8076,0,0,77057.57142857143,18543.285714285714
"2022-09-16 00:00:00",37607,214527,0,0,29944,101152.71428571429,19010.714285714286
"2022-09-17 00:00:00",10410,21500,0,0,0,97300,26860.714285714286
"2022-09-18 00:00:00",6118,80839,0,0,44986,103803.71428571429,36682.857142857145
"2022-09-19 00:00:00",16215,0,0,0,0,106120.14285714286,34381
"2022-09-20 00:00:00",22456,0,1875,0,0,98438.28571428571,36439.28571428572
"2022-09-21 00:00:00",50955,126242,0,0,0,100985.42857142857,42427.28571428572
"2022-09-22 00:00:00",13511,0,0,0,18187,99339.57142857143,54876.42857142857
"2022-09-23 00:00:00",9919,55016,0,0,0,68319,54079.142857142855
"2022-09-24 00:00:00",3750,25866,0,0,0,67991.28571428571,46114.857142857145
"2022-09-25 00:00:00",22793,0,0,0,0,52398.42857142857,43686.142857142855
"2022-09-26 00:00:00",27392,57224,0,0,47437,68946.85714285714,44358.857142857145
"2022-09-27 00:00:00",20514,17493,0,0,12272,72653.71428571429,48809.42857142857
"2022-09-28 00:00:00",9856,0,7334,0,0,49795.42857142857,58777.71428571428
"2022-09-29 00:00:00",9517,0,0,0,0,46626.71428571428,53422.142857142855
"2022-09-30 00:00:00",39541,130425,0,0,0,61631,54292.57142857143
"2022-10-01 00:00:00",62466,0,0,0,43817,72583.42857142857,53760.42857142857
"2022-10-02 00:00:00",22635,0,0,0,0,72560.85714285714,45317.71428571428
"2022-10-03 00:00:00",73307,54767,0,0,15837,74254.85714285714,55745.28571428572
"2022-10-04 00:00:00",26799,0,0,0,12272,72653.71428571429,51135.142857142855
"2022-10-05 00:00:00",6509,77696,0,0,44829,88631.57142857143,34713.857142857145
"2022-10-06 00:00:00",24873,9989,0,0,0,92252.42857142857,51328.57142857143
"2022-10-07 00:00:00",92772,0,0,0,77348,92274.57142857143,49053.57142857143
"2022-10-08 00:00:00",9798,0,0,0,0,78490.85714285714,81266
"2022-10-09 00:00:00",47556,224490,0,0,65188,123433.71428571429,83423.85714285714
"2022-10-10 00:00:00",12704,143974,0,0,20416,128174.14285714286,80688.42857142857
"2022-10-11 00:00:00",22235,0,4394,0,43594,132624.2857142857,79438.28571428571
"2022-10-12 00:00:00",15149,80851,829,0,31766,132561.57142857142,88308
"2022-10-13 00:00:00",27389,36804,0,0,44298,143080,77157.28571428571
"2022-10-14 00:00:00",67043,173798,0,0,0,153183,79473.28571428571
"2022-10-15 00:00:00",38889,0,0,0,2985,157765.42857142858,52751
"2022-10-16 00:00:00",24708,0,1807,0,12746,115197.85714285714,53999
"2022-10-17 00:00:00",15073,0,0,194,37250,97401.28571428571,56847.28571428572
"2022-10-18 00:00:00",10756,161557,0,0,0,111985.57142857143,55509.28571428572
"2022-10-19 00:00:00",7271,0,0,0,0,94653.42857142857,38464.57142857143
"2022-10-20 00:00:00",5529,341847,0,0,0,128779.85714285714,39066.42857142857
"2022-10-21 00:00:00",33147,52535,4144,0,0,107206.42857142857,38341.71428571428
"2022-10-22 00:00:00",18087,0,0,0,833,103927.28571428571,41244.42857142857
"2022-10-23 00:00:00",53527,155570,2423,0,0,128535.71428571429,43948.57142857143
"2022-10-24 00:00:00",16211,301729,0,0,84033,178457.85714285713,32735.428571428572
"2022-10-25 00:00:00",13294,7364,0,0,25321,160410.42857142858,35481
"2022-10-26 00:00:00",25191,135962,0,0,12434,184170,36487.28571428572
"2022-10-27 00:00:00",37372,75612,1875,0,1616,151184.14285714287,30128.14285714286
"2022-10-28 00:00:00",70174,87730,0,0,47783,167735.57142857142,31093.285714285714
"2022-10-29 00:00:00",34630,53583,0,0,0,177634.57142857142,33409.142857142855
"2022-10-30 00:00:00",3147,90526,0,0,0,160799.2857142857,28315.85714285714
"2022-10-31 00:00:00",57710,64947,0,0,0,120896.85714285714,29619.85714285714
"2022-11-01 00:00:00",9739,45676,0,0,24692,125772.14285714286,45384.71428571428
"2022-11-02 00:00:00",13911,0,0,0,0,102961.14285714286,47822.28571428572
"2022-11-03 00:00:00",22583,0,0,0,0,89547.85714285714,48580.57142857143
"2022-11-04 00:00:00",40902,18630,0,0,44055,74962.28571428571,70999.28571428571
"2022-11-05 00:00:00",36155,204688,0,0,428,96827.71428571429,76795.85714285714
"2022-11-06 00:00:00",41544,0,0,0,42161,95403.57142857143,77051.28571428571
"2022-11-07 00:00:00",12591,0,5403,0,56310,88496.14285714286,86036
"2022-11-08 00:00:00",13825,0,0,0,0,79027.14285714286,72711.14285714286
"2022-11-09 00:00:00",20486,0,1131,0,0,80128.14285714286,86611.28571428571
"2022-11-10 00:00:00",24314,27514,0,0,27914,88293.85714285714,90890.57142857143
"2022-11-11 00:00:00",26776,0,0,0,0,77320.57142857143,78858.85714285714
"2022-11-12 00:00:00",28569,0,0,0,23329,50267.28571428572,82759.42857142857
"2022-11-13 00:00:00",25201,46322,0,0,0,48527,93847
"2022-11-14 00:00:00",23682,0,0,0,2855,41703.142857142855,85510.42857142857
"2022-11-15 00:00:00",15749,0,8135,0,34873,48122.142857142855,108236.28571428571
"2022-11-16 00:00:00",7011,222445,0,0,8657,79050.28571428571,98996.85714285714
"2022-11-17 00:00:00",3783,0,1875,0,46361,75089.85714285714,88760.85714285714
"2022-11-18 00:00:00",28697,0,4272,0,0,75974.71428571429,76161.85714285714
"2022-11-19 00:00:00",50084,0,0,0,44055,82009.14285714286,56204.142857142855
"2022-11-20 00:00:00",10875,50801,0,0,0,80602.57142857143,53751.71428571428
"2022-11-21 00:00:00",92855,0,0,0,27234,93967.14285714286,65743.85714285714
"2022-11-22 00:00:00",10553,91905,0,0,0,100210.14285714286,51637.857142857145
"2022-11-23 00:00:00",7636,67764,0,0,0,76965.28571428571,47933.142857142855
"2022-11-24 00:00:00",41422,0,0,0,0,75451.28571428571,73301.71428571429
"2022-11-25 00:00:00",28415,71007,0,0,82889,96785.85714285714,73330.57142857143
"2022-11-26 00:00:00",15954,195606,0,0,0,113560.14285714286,81529.85714285714
"2022-11-27 00:00:00",22833,31820,1732,0,0,112804.42857142857,72249.85714285714
"2022-11-28 00:00:00",14316,62694,0,0,0,106650.14285714286,59093.142857142855
"2022-11-29 00:00:00",24811,24178,1875,0,97594,113221.57142857143,45564.28571428572
"2022-11-30 00:00:00",11567,18062,1516,0,0,106899.42857142857,53688.28571428572
"2022-12-01 00:00:00",21848,0,0,0,45122,110549.14285714286,44411.142857142855
"2022-12-02 00:00:00",7157,0,0,0,945,85662.14285714286,52692.57142857143
"2022-12-03 00:00:00",16834,51337,5409,0,16099,68250.85714285714,69175.42857142857
"2022-12-04 00:00:00",60775,188961,0,0,0,95872.28571428571,72687.14285714286
"2022-12-05 00:00:00",33883,0,1107,0,44055,96163.14285714286,73752.57142857143
"2022-12-06 00:00:00",2975,0,0,0,28297,79422.14285714286,73864.71428571429
"2022-12-07 00:00:00",20070,0,0,0,1094,77996.14285714286,74704
"2022-12-08 00:00:00",2616,0,0,0,0,68802.71428571429,93077.14285714286
"2022-12-09 00:00:00",50249,0,0,0,16129,77127.71428571429,91046.71428571429
"2022-12-10 00:00:00",7035,58956,0,0,40062,79466.57142857143,71113.57142857143
"2022-12-11 00:00:00",17743,22873,0,0,0,49592.28571428572,67652.71428571429
"2022-12-12 00:00:00",64843,0,0,0,0,47563.28571428572,69584.71428571429
"2022-12-13 00:00:00",3254,80250,0,0,14951,57161.142857142855,81691
"2022-12-14 00:00:00",16855,0,0,0,59167,64998.142857142855,85519
"2022-12-15 00:00:00",4737,0,0,0,53167,72896.57142857143,49301.142857142855
"2022-12-16 00:00:00",25814,0,0,0,19361,69867.71428571429,50543
"2022-12-17 00:00:00",6509,0,0,0,0,55647.142857142855,44890.71428571428
"2022-12-18 00:00:00",44270,0,0,0,0,56169,53751.142857142855
"2022-12-19 00:00:00",43102,21949,0,0,0,56198.857142857145,51506.42857142857
"2022-12-20 00:00:00",26978,35135,1789,0,50066,58415,52341.42857142857
"2022-12-21 00:00:00",3254,31942,0,0,0,52582.71428571428,36965.28571428572
"2022-12-22 00:00:00",42235,0,0,0,457,50409.57142857143,39418.71428571428
"2022-12-23 00:00:00",4964,58883,0,0,0,53076.857142857145,33218
"2022-12-24 00:00:00",28728,0,0,0,0,56251,40357.857142857145
"2022-12-25 00:00:00",31497,0,0,0,90484,67352.71428571429,37275.57142857143
"2022-12-26 00:00:00",4302,56512,0,0,10813,68292.14285714286,36563.71428571428
"2022-12-27 00:00:00",29378,0,2412,0,40106,62281.71428571428,22854.571428571428
"2022-12-28 00:00:00",21218,30057,0,0,0,64578.71428571428,25429.428571428572
"2022-12-29 00:00:00",26752,36936,0,0,80215,79037.42857142857,25799
"2022-12-30 00:00:00",43019,188456,0,0,0,102984.28571428571,35932
"2022-12-31 00:00:00",3254,0,0,0,111471,115269.71428571429,37162.71428571428
"2023-01-01 00:00:00",6674,0,0,0,0,98797.14285714286,31171.285714285714
"2023-01-02 00:00:00",6509,57224,0,0,0,97669.42857142857,43017.28571428572
"2023-01-03 00:00:00",33876,0,0,0,4547,92887.57142857143,50594.857142857145
"2023-01-04 00:00:00",669,0,0,0,26893,89499.85714285714,51891.142857142855
"2023-01-05 00:00:00",3254,50567,0,0,2522,76991.42857142857,56060.857142857145
"2023-01-06 00:00:00",20157,51937,0,0,40377,59991.142857142855,52318.857142857145
"2023-01-07 00:00:00",27837,0,0,0,12272,49331.71428571428,68857
"2023-01-08 00:00:00",19042,0,0,0,0,51098.57142857143,72233.14285714286
"2023-01-09 00:00:00",6829,0,0,0,37247,48290.28571428572,59572.28571428572
"2023-01-10 00:00:00",13785,0,0,0,70261,54807.71428571428,64977.142857142855
"2023-01-11 00:00:00",3254,0,0,0,42990,57476.71428571428,60579.28571428572
"2023-01-12 00:00:00",15714,41553,0,0,48790,64578.57142857143,53121.57142857143
"2023-01-13 00:00:00",62847,0,897,0,62247,66510,62786.28571428572
"2023-01-14 00:00:00",14895,52957,1875,0,0,70741.14285714286,39621
"2023-01-15 00:00:00",7169,0,0,0,0,69045,38231.142857142855
"2023-01-16 00:00:00",8398,64255,0,0,73860,83679.14285714286,38310.71428571428
"2023-01-17 00:00:00",47709,33204,1875,0,33818,88330.71428571429,27416.571428571428
"2023-01-18 00:00:00",7722,0,0,0,11565,84479.71428571429,31154.14285714286
"2023-01-19 00:00:00",6661,0,0,0,44055,76573.85714285714,38625.42857142857
"2023-01-20 00:00:00",16845,0,0,0,3716,61512.28571428572,24379.14285714286
"2023-01-21 00:00:00",20980,57224,0,0,17834,65271,24063
"2023-01-22 00:00:00",25961,47839,0,0,0,74789.85714285714,22803.85714285714
"2023-01-23 00:00:00",28326,93189,0,0,0,71218.57142857143,25773.285714285714
"2023-01-24 00:00:00",21879,0,0,0,102480,72326.14285714286,24614.85714285714
"2023-01-25 00:00:00",23626,116092,0,0,0,89530.42857142857,19225.285714285714
"2023-01-26 00:00:00",9148,144982,0,0,12272,106057,19556.571428571428
"2023-01-27 00:00:00",24540,73417,0,0,60103,125699.71428571429,36973
"2023-01-28 00:00:00",11394,78721,0,0,0,124853.42857142857,38906.42857142857
"2023-01-29 00:00:00",16768,73360,0,0,0,127186,62164.42857142857
"2023-01-30 00:00:00",20007,24530,0,1473,38739,121933.85714285714,59471.71428571428
"2023-01-31 00:00:00",26435,4312,1875,0,0,108828.57142857143,88616.85714285714
"2023-02-01 00:00:00",11932,0,0,0,24358,94053.28571428571,88632.42857142857
"2023-02-02 00:00:00",6488,0,0,0,4547,71858,80365
"2023-02-03 00:00:00",34200,19379,0,0,0,56932,76461.71428571429
"2023-02-04 00:00:00",3749,5560,0,0,0,45388.28571428572,79952.85714285714
"2023-02-05 00:00:00",11613,73158,0,0,0,44623,57692.42857142857
"2023-02-06 00:00:00",37383,57224,0,0,34630,50978.42857142857,57895.28571428572
"2023-02-07 00:00:00",6669,187402,0,0,43933,80318.71428571429,31976
"2023-02-08 00:00:00",16376,0,0,0,15987,79757.71428571429,57535.42857142857
"2023-02-09 00:00:00",0,32815,0,0,42458,88934.42857142857,58744.857142857145
"2023-02-10 00:00:00",26479,0,0,0,0,85063,41130
"2023-02-11 00:00:00",35819,49484,0,0,0,95919.28571428571,42601.857142857145
"2023-02-12 00:00:00",10443,60215,0,0,0,93903,82220.85714285714
"2023-02-13 00:00:00",20567,0,6779,0,0,79346.85714285714,86925.14285714286
"2023-02-14 00:00:00",22003,50810,0,0,0,55748,94248.57142857143
"2023-02-15 00:00:00",15915,233892,0,0,76615,97756.28571428571,70555.85714285714
"2023-02-16 00:00:00",16517,74354,0,0,0,99984.57142857143,69811.28571428571
"2023-02-17 00:00:00",20894,57224,0,0,29175,111529.71428571429,78151.57142857143
"2023-02-18 00:00:00",41628,0,0,0,0,105290.42857142857,79170.14285714286
"2023-02-19 00:00:00",6509,0,0,0,42990,102267.85714285714,63007.28571428572
"2023-02-20 00:00:00",9904,160473,0,0,19065,125424.57142857143,83667.71428571429
"2023-02-21 00:00:00",6049,44342,0,0,0,122221.57142857143,80696.71428571429
"2023-02-22 00:00:00",0,0,0,0,39298,81203.85714285714,94094.28571428571
"2023-02-23 00:00:00",9175,0,0,0,0,69533,109530.28571428571
"2023-02-24 00:00:00",9467,0,0,0,15496,57771.28571428572,103547
"2023-02-25 00:00:00",28512,0,0,0,0,55897.57142857143,103299.85714285714
"2023-02-26 00:00:00",2017,0,0,0,0,49114.28571428572,86759
"2023-02-27 00:00:00",3254,0,0,0,1648,22751.428571428572,97481.85714285714
"2023-02-28 00:00:00",3413,0,0,0,0,16040.142857142857,94007.71428571429
"2023-03-01 00:00:00",7296,190217,0,0,0,38642.42857142857,94791.14285714286
"2023-03-02 00:00:00",36463,0,0,0,0,42540.71428571428,78890.28571428571
"2023-03-03 00:00:00",11622,0,0,0,0,40634.857142857145,86134.14285714286
"2023-03-04 00:00:00",59584,254245,0,0,0,81394.57142857143,96914.14285714286
"2023-03-05 00:00:00",10852,55608,0,0,45654,97123,87809.28571428571
"2023-03-06 00:00:00",9555,221670,0,0,0,129454.85714285714,54355.857142857145
"2023-03-07 00:00:00",3254,0,0,0,0,129432.14285714286,49786.71428571428
"2023-03-08 00:00:00",18027,0,0,0,0,103791.14285714286,35090.142857142855
"2023-03-09 00:00:00",1386,0,0,0,0,98780.14285714286,35090.142857142855
"2023-03-10 00:00:00",15401,57224,0,0,33751,112316.57142857143,41253.71428571428
"2023-03-11 00:00:00",45510,0,0,0,0,73985.14285714286,24312.428571428572
"2023-03-12 00:00:00",0,0,0,0,0,57968.57142857143,48584.57142857143
"2023-03-13 00:00:00",12921,33005,0,0,33751,36318.857142857145,56934.57142857143
"2023-03-14 00:00:00",3254,51474,0,0,0,43672.42857142857,56934.57142857143
"2023-03-15 00:00:00",19655,0,0,0,0,43905,80237.57142857143
"2023-03-16 00:00:00",35085,335707,0,0,36526,101895.42857142857,82920.71428571429
"2023-03-17 00:00:00",0,30216,0,0,0,91015.28571428571,90799.85714285714
"2023-03-18 00:00:00",13394,0,0,0,0,86427.28571428571,87856.28571428571
"2023-03-19 00:00:00",8626,0,0,0,0,87659.57142857143,65337.28571428572
"2023-03-20 00:00:00",0,0,0,0,0,76277,56474.57142857143
"2023-03-21 00:00:00",3254,0,0,0,0,68923.42857142857,66368.28571428571
"2023-03-22 00:00:00",6915,48241,0,0,0,73995,43182.28571428572
"2023-03-23 00:00:00",66794,57224,0,0,0,33523.57142857143,46397.28571428572
"2023-03-24 00:00:00",40810,80383,0,0,0,46520.42857142857,52813.42857142857
"2023-03-25 00:00:00",26093,107821,0,0,0,63737.71428571428,62102.42857142857
"2023-03-26 00:00:00",10502,66797,0,0,0,73548.28571428571,85564
"2023-03-27 00:00:00",29291,160438,4801,63,0,101347.42857142857,85042.14285714286
"2023-03-28 00:00:00",12420,0,0,0,0,102656.85714285714,87552
"2023-03-29 00:00:00",1152,128482,1146,0,33751,118282.14285714286,98621.28571428571
"2023-03-30 00:00:00",13256,0,0,0,0,102458.85714285714,94258.71428571429
"2023-03-31 00:00:00",7525,0,0,0,0,86220.42857142857,84187.42857142857
"2023-04-01 00:00:00",9764,164542,0,0,0,91990.71428571429,86239.14285714286
"2023-04-02 00:00:00",20229,57224,0,0,0,92012.71428571429,61024.42857142857
"2023-04-03 00:00:00",0,0,0,0,0,64213.57142857143,65271.142857142855
"2023-04-04 00:00:00",5793,48099,0,0,0,70138.28571428571,71639.85714285714
"2023-04-05 00:00:00",6509,60604,432,0,0,56283,59826.28571428572
"2023-04-06 00:00:00",14200,0,0,0,16386,58758.857142857145,59323
"2023-04-07 00:00:00",21261,0,0,0,0,60721.142857142855,63825.28571428572
"2023-04-08 00:00:00",3254,0,0,0,55263,44179.857142857145,63752.857142857145
"2023-04-09 00:00:00",0,230615,0,0,0,66060,96876.28571428571
"2023-04-10 00:00:00",5356,0,1875,0,0,67093,118186.14285714286
"2023-04-11 00:00:00",0,0,0,0,0,59394,101380.14285714286
"2023-04-12 00:00:00",15950,0,0,0,0,52023.142857142855,101871.57142857143
"2023-04-13 00:00:00",0,0,0,0,0,47653.57142857143,112895.42857142857
"2023-04-14 00:00:00",11857,61179,7882,0,0,56176.28571428572,104906.14285714286
"2023-04-15 00:00:00",16278,0,0,0,0,50142,104420.42857142857
"2023-04-16 00:00:00",5283,20459,0,0,0,20874.571428571428,72749.71428571429
"2023-04-17 00:00:00",37369,372462,0,0,0,78388.85714285714,55170.71428571428
"2023-04-18 00:00:00",24619,0,0,0,25184,85503.57142857143,55779.42857142857
"2023-04-19 00:00:00",11095,0,0,0,41112,90683.14285714286,67260
"2023-04-20 00:00:00",2252,0,0,0,0,91004.85714285714,56630.42857142857
"2023-04-21 00:00:00",14535,49613,0,0,32848,93301.57142857143,48091.28571428572
"2023-04-22 00:00:00",4738,0,0,0,3957,92218.28571428571,41843.28571428572
"2023-04-23 00:00:00",7040,167371,0,0,0,113456.71428571429,88479.57142857143
"2023-04-24 00:00:00",12501,217335,0,0,5295,88499.71428571429,78541.28571428571
"2023-04-25 00:00:00",44531,30337,0,0,0,92080.42857142857,77113.71428571429
"2023-04-26 00:00:00",16168,0,0,0,47050,93653.57142857143,74203
"2023-04-27 00:00:00",15796,37284,0,0,0,100914.71428571429,74500.28571428571
"2023-04-28 00:00:00",39969,0,0,0,43594,98995.57142857143,68212.42857142857
"2023-04-29 00:00:00",27470,80722,0,0,0,113209.42857142857,85601
"2023-04-30 00:00:00",16180,0,0,0,0,90604.85714285714,72081.28571428571
"2023-05-01 00:00:00",23370,165054,0,0,44852,90339.85714285714,71869.71428571429
"2023-05-02 00:00:00",6178,57224,0,0,18918,91404.57142857143,73926.14285714286
"2023-05-03 00:00:00",10669,54802,0,63,0,91735.42857142857,72582.85714285714
"2023-05-04 00:00:00",4722,0,0,0,3656,85349.57142857143,74113.57142857143
"2023-05-05 00:00:00",4206,78710,0,0,96412,99030.42857142857,98086.57142857143
"2023-05-06 00:00:00",74557,0,0,0,37520,99585.57142857143,93932.42857142857
"2023-05-07 00:00:00",24206,0,0,0,47209,107476.28571428571,62183.71428571428
"2023-05-08 00:00:00",17513,110531,0,0,0,92443,62045.28571428572
"2023-05-09 00:00:00",20862,107920,0,0,0,99080.42857142857,82908.14285714286
"2023-05-10 00:00:00",14026,103722,0,0,0,106539.57142857143,76415
"2023-05-11 00:00:00",2621,166012,0,0,18709,132106,91709.57142857143
"2023-05-12 00:00:00",51292,162765,0,0,0,137067.14285714287,79962.71428571429
"2023-05-13 00:00:00",0,162653,1875,0,43594,150787.7142857143,63123.57142857143
"2023-05-14 00:00:00",9277,0,0,0,31406,146397.42857142858,93489
"2023-05-15 00:00:00",45781,41729,1185,0,0,140776.42857142858,98322.85714285714
"2023-05-16 00:00:00",29269,112801,0,0,45137,149122.85714285713,76958.85714285714
"2023-05-17 00:00:00",6509,212319,0,0,2627,163938.2857142857,98672.14285714286
"2023-05-18 00:00:00",9237,0,0,0,42530,144570.2857142857,80587.85714285714
"2023-05-19 00:00:00",2258,0,0,0,12272,116066.42857142857,112399.57142857143
"2023-05-20 00:00:00",53425,77114,0,0,0,104983.28571428571,114851.14285714286
"2023-05-21 00:00:00",3254,78425,0,0,0,110840,110925.85714285714
"2023-05-22 00:00:00",5173,0,0,0,3120,99353.71428571429,117684.14285714286
"2023-05-23 00:00:00",37963,0,0,0,12272,79786.28571428571,147407
"2023-05-24 00:00:00",13304,56981,0,0,0,58190.28571428572,133768
"2023-05-25 00:00:00",40809,59012,0,0,51308,72384.85714285714,159675
"2023-05-26 00:00:00",19535,0,0,0,6732,74061.57142857143,114638.71428571429
"2023-05-27 00:00:00",7960,17226,0,0,41571,64949.71428571428,148878
"2023-05-28 00:00:00",15317,0,0,0,0,55469.28571428572,139091.7142857143
"2023-05-29 00:00:00",45627,160910,0,0,72603,94161.85714285714,128124
"2023-05-30 00:00:00",52294,186317,0,0,0,121072.71428571429,114127
"2023-05-31 00:00:00",33945,166064,0,0,0,139604.85714285713,105475.42857142857
"2023-06-01 00:00:00",67607,54224,0,0,0,135419.2857142857,137519.42857142858
"2023-06-02 00:00:00",18077,80147,0,0,0,145698.85714285713,160120.42857142858
"2023-06-03 00:00:00",9525,52031,0,0,0,144955.85714285713,133597.85714285713
"2023-06-04 00:00:00",9742,0,0,0,23237,147479.14285714287,145768.85714285713
"2023-06-05 00:00:00",14830,75625,0,0,0,120524,158732.7142857143
"2023-06-06 00:00:00",37357,0,0,0,0,91773.28571428571,170231.14285714287
"2023-06-07 00:00:00",45490,83182,0,0,0,81582.28571428571,177541.2857142857
"2023-06-08 00:00:00",6829,95499,0,0,1976,79078.57142857143,137070.85714285713
"2023-06-09 00:00:00",19474,0,0,0,86148,80135.57142857143,126701.14285714286
"2023-06-10 00:00:00",10006,81432,0,0,0,84404.57142857143,147297.14285714287
"2023-06-11 00:00:00",15102,0,0,0,0,81850.57142857143,128424.85714285714
"2023-06-12 00:00:00",0,0,0,0,0,68928.42857142857,133879.85714285713
"2023-06-13 00:00:00",0,0,0,0,0,63591.71428571428,117905.57142857143
"2023-06-14 00:00:00",0,0,0,0,0,45209.857142857145,121904.28571428571
"2023-06-15 00:00:00",0,0,0,0,0,30309.14285714286,117078.57142857143
"2023-06-16 00:00:00",0,0,0,0,0,15220.142857142857,150572
"2023-06-17 00:00:00",0,166091,0,0,0,25884.714285714286,146004
"2023-06-18 00:00:00",31533,74675,0,0,39777,44582.28571428572,140944.7142857143
"2023-06-19 00:00:00",24710,72191,0,0,524,58500.42857142857,150383.85714285713
"2023-06-20 00:00:00",3254,57224,0,0,0,67140.28571428571,143766.85714285713
"2023-06-21 00:00:00",3254,178024,0,0,0,93037.28571428571,157475.85714285713
"2023-06-22 00:00:00",16173,40663,0,0,41999,107156.57142857143,170328.7142857143
"2023-06-23 00:00:00",38169,68467,0,0,0,122390.42857142857,134240.14285714287
"2023-06-24 00:00:00",13450,127744,0,0,0,118833.85714285714,148441.7142857143
"2023-06-25 00:00:00",17074,114504,0,0,0,116775.85714285714,157796.85714285713
"2023-06-26 00:00:00",21035,46591,0,0,0,112518.71428571429,149351.14285714287
"2023-06-27 00:00:00",17372,0,0,0,458,106426,154171
"2023-06-28 00:00:00",48687,0,0,0,78100,98641.42857142857,140041.14285714287
"2023-06-29 00:00:00",85041,73927,0,0,0,107231.85714285714,140329
"2023-06-30 00:00:00",36474,0,0,0,52052,104644.57142857143,139985
"2023-07-01 00:00:00",10457,44617,0,0,0,92341.71428571429,106832.14285714286
"2023-07-02 00:00:00",34319,163365,0,0,0,101785.42857142857,127470.42857142857
"2023-07-03 00:00:00",9764,6708,0,0,15361,96672.28571428571,130990.14285714286
"2023-07-04 00:00:00",7807,36643,4867,0,25790,104855,129284
"2023-07-05 00:00:00",18505,0,0,0,10003,90815.28571428571,120460
"2023-07-06 00:00:00",6963,0,0,0,0,69100.28571428571,101854.28571428571
"2023-07-07 00:00:00",9764,57224,0,0,12318,67783.42857142857,100498.28571428571
"2023-07-08 00:00:00",18091,0,0,0,95542,76149,100649.57142857143
"2023-07-09 00:00:00",66077,54421,0,0,0,65122.42857142857,77445.71428571429
"2023-07-10 00:00:00",8302,0,0,0,0,61760.57142857143,63244.42857142857
"2023-07-11 00:00:00",24300,457,0,0,0,54567.42857142857,66472.57142857143
"2023-07-12 00:00:00",13678,23660,0,0,68723,65646.42857142857,86784.28571428571
"2023-07-13 00:00:00",16904,246408,0,0,0,102267.71428571429,81608.28571428571
"2023-07-14 00:00:00",44360,0,0,0,1590,97502.28571428571,90479.57142857143
"2023-07-15 00:00:00",13042,84991,0,0,0,95273.57142857143,113003
"2023-07-16 00:00:00",5891,129138,0,0,0,97349.28571428571,113199.57142857143
"2023-07-17 00:00:00",3117,39096,1875,0,45137,108909.85714285714,103998.42857142857
"2023-07-18 00:00:00",7262,0,0,1830,0,106672,129744.71428571429
"2023-07-19 00:00:00",50893,149716,0,0,21782,123290.57142857143,151107.42857142858
"2023-07-20 00:00:00",0,71312,0,0,62216,104750.14285714286,165837.57142857142
"2023-07-21 00:00:00",13263,0,0,0,0,100080.57142857143,157871.85714285713
"2023-07-22 00:00:00",20902,0,1181,0,23782,92628.14285714286,168741
"2023-07-23 00:00:00",8835,0,1875,0,25184,78466,171238.85714285713
"2023-07-24 00:00:00",0,14597,0,0,0,67804.71428571429,196822.2857142857
"2023-07-25 00:00:00",3254,0,715,0,67184,76670.85714285714,163896
"2023-07-26 00:00:00",28802,221926,0,0,36823,85979.28571428571,138056.14285714287
"2023-07-27 00:00:00",13485,0,0,0,42775,74941,167175
"2023-07-28 00:00:00",20652,21435,0,0,19529,81848.71428571429,187171.85714285713
"2023-07-29 00:00:00",7401,81456,0,0,6494,88918,159568.7142857143
"2023-07-30 00:00:00",21602,133092,0,0,0,105889.57142857143,175482.2857142857
"2023-07-31 00:00:00",5424,0,0,0,12147,106314.42857142857,164303.14285714287
"2023-08-01 00:00:00",28589,36901,0,0,114718,121893.71428571429,158041.42857142858
"2023-08-02 00:00:00",36281,0,0,0,1563,86221.28571428571,172541.2857142857
"2023-08-03 00:00:00",2702,0,0,0,33650,83377.14285714286,154179.7142857143
"2023-08-04 00:00:00",11113,187591,0,0,68342,112724.28571428571,139336.2857142857
"2023-08-05 00:00:00",13460,0,263,0,0,101063.28571428571,159418.85714285713
"2023-08-06 00:00:00",10592,91280,0,0,0,93517.14285714286,133032
"2023-08-07 00:00:00",18789,72557,0,0,10618,105573.42857142857,136367.14285714287
"2023-08-08 00:00:00",6886,225214,0,0,30698,117371.85714285714,145363.14285714287
"2023-08-09 00:00:00",11312,0,0,0,0,113581.57142857143,122747.85714285714
"2023-08-10 00:00:00",87654,223341,0,0,44852,159223.85714285713,106224
"2023-08-11 00:00:00",28042,21335,0,0,22723,131374.2857142857,95968.42857142857
"2023-08-12 00:00:00",26349,20466,0,0,16930,138520.2857142857,76931.28571428571
"2023-08-13 00:00:00",18318,102509,0,0,3712,141758.7142857143,70474.57142857143
"2023-08-14 00:00:00",18947,31171,0,0,71670,144590.7142857143,81986.28571428571
"2023-08-15 00:00:00",35953,0,0,0,0,112184.14285714286,107737
"2023-08-16 00:00:00",29112,0,0,0,0,114727,100142.57142857143
"2023-08-17 00:00:00",7669,0,0,0,0,64987.142857142855,112194.71428571429
"2023-08-18 00:00:00",26287,53743,0,0,38786,71661,118978.57142857143
"2023-08-19 00:00:00",8794,184882,1875,0,68107,100220,108718.85714285714
"2023-08-20 00:00:00",9537,164859,0,0,0,107342.14285714286,130079.57142857143
"2023-08-21 00:00:00",7638,76774,0,0,48757,108968.14285714286,102952.42857142857
"2023-08-22 00:00:00",3254,0,0,0,0,104296.85714285714,70581.28571428571
"2023-08-23 00:00:00",29780,0,0,0,0,104392.28571428571,74201
"2023-08-24 00:00:00",90944,54863,224,0,15457,126366.57142857143,59174.71428571428
"2023-08-25 00:00:00",17611,0,0,0,65518,121268.42857142857,53117.57142857143
"2023-08-26 00:00:00",38190,54817,0,0,0,96889.71428571429,59194.71428571428
"2023-08-27 00:00:00",3377,206131,0,0,0,101905.71428571429,41224
"2023-08-28 00:00:00",12536,0,0,0,0,84672.14285714286,48509.142857142855
"2023-08-29 00:00:00",9879,106110,0,0,0,100777.14285714286,62629.28571428572
"2023-08-30 00:00:00",47749,72852,0,0,0,113751.71428571429,71318.71428571429
"2023-08-31 00:00:00",24270,42317,0,0,0,100194.28571428571,63603.142857142855
"2023-09-01 00:00:00",7313,76867,0,0,21042,103350.28571428571,75944.28571428571
"2023-09-02 00:00:00",13711,183922,0,0,0,118296.71428571429,80603.71428571429
"2023-09-03 00:00:00",10691,130668,0,0,0,108561.28571428571,83648.57142857143
"2023-09-04 00:00:00",10978,91755,0,0,0,121446.71428571429,79967.57142857143
"2023-09-05 00:00:00",19364,69441,0,0,0,117563.28571428571,87410.85714285714
"2023-09-06 00:00:00",56985,0,0,0,6251,109368.28571428571,80829.28571428571
"2023-09-07 00:00:00",27209,8088,0,0,0,104898.42857142857,83905.57142857143
"2023-09-08 00:00:00",10579,69571,9755,0,0,102710.28571428571,66422.14285714286
"2023-09-09 00:00:00",43603,114202,0,0,0,97020.71428571429,66986.28571428571
"2023-09-10 00:00:00",14298,0,0,0,0,78869,68695
"2023-09-11 00:00:00",112030,253549,0,0,0,116418.28571428571,74831.71428571429
"2023-09-12 00:00:00",14121,130862,0,0,0,124443.85714285714,50192
"2023-09-13 00:00:00",16310,167018,0,0,0,141599.85714285713,51945.42857142857
"2023-09-14 00:00:00",71457,73381,0,3850,3795,158340.7142857143,70883.42857142857
"2023-09-15 00:00:00",31360,55524,0,0,0,157909.2857142857,77057.57142857143
"2023-09-16 00:00:00",20828,111129,0,0,0,154216.7142857143,101152.71428571429
"2023-09-17 00:00:00",7727,0,0,0,0,153278,97300
"2023-09-18 00:00:00",56831,176554,0,0,0,134393.2857142857,103803.71428571429
"2023-09-19 00:00:00",11979,57224,0,0,3698,124095.85714285714,106120.14285714286
"2023-09-20 00:00:00",18322,167224,0,0,1826,124673.42857142857,98438.28571428571
"2023-09-21 00:00:00",3254,28208,0,0,0,107384.71428571429,100985.42857142857
"2023-09-22 00:00:00",154392,0,0,0,0,117028.57142857143,99339.57142857143
"2023-09-23 00:00:00",43946,27261,0,0,0,108350,68319
"2023-09-24 00:00:00",17397,166424,0,0,0,133506.2857142857,67991.28571428571
"2023-09-25 00:00:00",29110,122938,0,0,0,121886.57142857143,52398.42857142857
"2023-09-26 00:00:00",61101,72402,0,0,0,130544,68946.85714285714
"2023-09-27 00:00:00",9764,0,3613,0,0,105687.71428571429,72653.71428571429
"2023-09-28 00:00:00",9070,274058,0,0,17160,144091.42857142858,49795.42857142857
"2023-09-29 00:00:00",23068,0,1875,0,47664,132407.85714285713,46626.71428571428
"2023-09-30 00:00:00",93698,39755,0,0,619,141388.42857142858,61631
"2023-10-01 00:00:00",39018,84693,0,0,0,132801.2857142857,72583.42857142857
"2023-10-02 00:00:00",15005,202261,784,0,9744,143622.42857142858,72560.85714285714
"2023-10-03 00:00:00",10204,0,0,0,0,126008.14285714286,74254.85714285714
"2023-10-04 00:00:00",59745,75915,0,2965,0,143900.57142857142,72653.71428571429
"2023-10-05 00:00:00",57308,60945,0,0,0,117895.57142857143,88631.57142857143
"2023-10-06 00:00:00",7615,247968,0,0,12272,145788.2857142857,92252.42857142857
"2023-10-07 00:00:00",26468,54643,0,0,0,138222.57142857142,92274.57142857143
"2023-10-08 00:00:00",6386,173003,0,0,35636,151267.57142857142,78490.85714285714
"2023-10-09 00:00:00",7887,57224,0,0,0,128027,123433.71428571429
"2023-10-10 00:00:00",77418,238344,0,0,33751,176499.85714285713,128174.14285714286
"2023-10-11 00:00:00",42713,70894,0,0,0,172925.85714285713,132624.2857142857
"2023-10-12 00:00:00",52019,44931,0,0,0,169882.42857142858,132561.57142857142
"2023-10-13 00:00:00",9694,106649,0,0,51300,155566.57142857142,143080
"2023-10-14 00:00:00",22497,217623,0,0,0,178282,153183
"2023-10-15 00:00:00",48191,0,0,0,0,154448.42857142858,157765.42857142858
"2023-10-16 00:00:00",53210,73252,0,0,43594,169440.42857142858,115197.85714285714
"2023-10-17 00:00:00",34059,75037,5311,0,61897,144696.57142857142,97401.28571428571
"2023-10-18 00:00:00",11680,137130,5796,0,0,150553.7142857143,111985.57142857143
"2023-10-19 00:00:00",34434,210788,0,0,2610,172108.42857142858,94653.42857142857
"2023-10-20 00:00:00",13356,161741,0,0,0,173173.14285714287,128779.85714285714
"2023-10-21 00:00:00",54949,46413,372,0,0,153403.85714285713,107206.42857142857
"2023-10-22 00:00:00",68730,0,0,0,0,156338,103927.28571428571
"2023-10-23 00:00:00",34551,137049,0,0,41467,162482.7142857143,128535.71428571429
"2023-10-24 00:00:00",61342,119555,0,0,0,163138.42857142858,178457.85714285713
"2023-10-25 00:00:00",23930,167848,0,0,27201,172334.57142857142,160410.42857142858
"2023-10-26 00:00:00",13946,31329,0,0,0,143397.7142857143,184170
"2023-10-27 00:00:00",7849,468593,0,0,0,186446.85714285713,151184.14285714287
"2023-10-28 00:00:00",22854,0,2707,0,0,175565,167735.57142857142
"2023-10-29 00:00:00",28683,120975,0,0,51624,194501.14285714287,177634.57142857142
"2023-10-30 00:00:00",4536,98133,0,0,0,178729.85714285713,160799.2857142857
"2023-10-31 00:00:00",18336,0,0,0,84868,167631,120896.85714285714
"2023-11-01 00:00:00",18452,114449,0,0,0,155334,125772.14285714286
"2023-11-02 00:00:00",6509,0,0,0,0,149796,102961.14285714286
"2023-11-03 00:00:00",18254,120220,0,0,0,101515,89547.85714285714
"2023-11-04 00:00:00",6742,27800,0,0,0,102798,74962.28571428571
"2023-11-05 00:00:00",78552,0,0,0,0,85265,96827.71428571429
"2023-11-06 00:00:00",10845,88750,10667,0,4280,86961.14285714286,95403.57142857143
"2023-11-07 00:00:00",46498,157116,0,0,0,101305.28571428571,88496.14285714286
"2023-11-08 00:00:00",2237,0,0,0,0,82639,79027.14285714286
"2023-11-09 00:00:00",128590,189705,18703,0,0,129851.85714285714,80128.14285714286
"2023-11-10 00:00:00",991,230409,0,0,0,143126.85714285713,88293.85714285714
"2023-11-11 00:00:00",25309,35076,0,0,3796,147360.85714285713,77320.57142857143
"2023-11-12 00:00:00",4075,74346,0,0,0,147342.2857142857,50267.28571428572
"2023-11-13 00:00:00",38824,62533,0,0,0,145458.7142857143,48527
"2023-11-14 00:00:00",38095,72185,0,0,0,132125.2857142857,41703.142857142855
"2023-11-15 00:00:00",9764,263107,0,0,1798,171044.42857142858,48122.142857142855
"2023-11-16 00:00:00",6444,0,0,0,0,123822.28571428571,79050.28571428571
"2023-11-17 00:00:00",84018,80965,0,0,0,114334.14285714286,75089.85714285714
"2023-11-18 00:00:00",52469,54358,0,0,3501,120926.71428571429,75974.71428571429
"2023-11-19 00:00:00",65000,23375,0,0,0,122348.71428571429,82009.14285714286
"2023-11-20 00:00:00",32250,224145,0,0,0,144497,80602.57142857143
"2023-11-21 00:00:00",24432,88155,0,0,0,144826.57142857142,93967.14285714286
"2023-11-22 00:00:00",26385,263399,1875,0,0,147253.42857142858,100210.14285714286
"2023-11-23 00:00:00",32035,100750,0,0,0,165302.14285714287,76965.28571428571
"2023-11-24 00:00:00",18661,0,0,0,19760,147222,75451.28571428571
"2023-11-25 00:00:00",52073,242671,0,0,21083,176578.85714285713,96785.85714285714
"2023-11-26 00:00:00",59148,3861,0,0,22659,176192.14285714287,113560.14285714286
"2023-11-27 00:00:00",6174,165646,0,0,0,164109.85714285713,112804.42857142857
"2023-11-28 00:00:00",20058,15288,13878,0,0,155058.2857142857,106650.14285714286
"2023-11-29 00:00:00",30294,141869,0,0,0,137987.42857142858,113221.57142857143
"2023-11-30 00:00:00",2212,31084,0,0,31902,128332.28571428571,106899.42857142857
"2023-12-01 00:00:00",6829,215139,0,0,0,154553.14285714287,110549.14285714286
"2023-12-02 00:00:00",75472,96598,0,0,0,134016.42857142858,85662.14285714286
"2023-12-03 00:00:00",62331,33204,0,0,12272,137179.14285714287,68250.85714285714
"2023-12-04 00:00:00",57235,76341,0,0,0,131715.85714285713,95872.28571428571
"2023-12-05 00:00:00",14691,165733,0,0,0,150458.42857142858,96163.14285714286
"2023-12-06 00:00:00",3931,225436,0,0,0,158630.57142857142,79422.14285714286
"2023-12-07 00:00:00",21817,45222,0,0,389,158949.14285714287,77996.14285714286
"2023-12-08 00:00:00",96304,62505,1875,0,36021,155340.42857142858,68802.71428571429
"2023-12-09 00:00:00",4790,0,6459,0,0,132366.14285714287,77127.71428571429
"2023-12-10 00:00:00",12467,89486,0,0,0,131529.7142857143,79466.57142857143
"2023-12-11 00:00:00",47592,0,1359,0,42418,125500.14285714286,49592.28571428572
"2023-12-12 00:00:00",25851,0,1875,0,0,103686.14285714286,47563.28571428572
"2023-12-13 00:00:00",3254,115915,0,0,49305,94987.28571428571,57161.142857142855
"2023-12-14 00:00:00",580,226620,2543,0,0,118175.14285714286,64998.142857142855
"2023-12-15 00:00:00",24005,0,0,0,0,93503.42857142857,72896.57142857143
"2023-12-16 00:00:00",49532,60744,0,0,0,107650,69867.71428571429
"2023-12-17 00:00:00",59755,78907,0,0,0,112894.28571428571,55647.142857142855
"2023-12-18 00:00:00",10986,244012,0,0,7368,137322.42857142858,56169
"2023-12-19 00:00:00",17791,0,0,0,20963,138898,56198.857142857145
"2023-12-20 00:00:00",30493,88511,0,0,26209,135574.85714285713,58415
"2023-12-21 00:00:00",31516,107850,0,0,0,122663.71428571429,52582.71428571428
"2023-12-22 00:00:00",28704,2899,0,0,1644,123984.14285714286,50409.57142857143
"2023-12-23 00:00:00",10523,222617,0,0,0,141536.14285714287,53076.857142857145
"2023-12-24 00:00:00",70305,98920,0,0,0,145902.2857142857,56251
"2023-12-25 00:00:00",47727,146814,0,0,0,136213,67352.71428571429
"2023-12-26 00:00:00",19745,54238,0,0,0,141245.7142857143,68292.14285714286
"2023-12-27 00:00:00",65074,99654,0,0,0,144033.57142857142,62281.71428571428
"2023-12-28 00:00:00",6509,60698,5850,0,51915,141977.42857142858,64578.71428571428
"2023-12-29 00:00:00",15147,212894,0,0,0,169805.14285714287,79037.42857142857
"2023-12-30 00:00:00",28317,79184,0,0,12272,153610,102984.28571428571
"2023-12-31 00:00:00",43229,0,0,0,0,135610.42857142858,115269.71428571429
"2024-01-01 00:00:00",12067,0,0,0,0,109542.57142857143,98797.14285714286
"2024-01-02 00:00:00",8473,26798,0,0,0,104012.28571428571,97669.42857142857
"2024-01-03 00:00:00",17165,0,0,0,27863,86912.14285714286,92887.57142857143
"2024-01-04 00:00:00",3254,74499,0,0,6216,81054.57142857143,89499.85714285714
"2024-01-05 00:00:00",0,0,6951,0,0,49470.142857142855,76991.42857142857
"2024-01-06 00:00:00",24547,803,4219,0,0,36583.71428571428,59991.142857142855
"2024-01-07 00:00:00",59191,38355,0,0,0,44343.42857142857,49331.71428571428
"2024-01-08 00:00:00",0,0,0,0,10618,44136.42857142857,51098.57142857143
"2024-01-09 00:00:00",1543,78177,806,0,0,50601.42857142857,48290.28571428572
"2024-01-10 00:00:00",4396,34322,0,0,4547,50349.71428571428,54807.71428571428
"2024-01-11 00:00:00",7866,0,0,0,0,39477.71428571428,57476.71428571428
"2024-01-12 00:00:00",251,96716,0,0,47501,59123.28571428572,64578.57142857143
"2024-01-13 00:00:00",33621,79104,0,0,0,71002.85714285714,66510
"2024-01-14 00:00:00",11493,0,0,0,0,58709.42857142857,70741.14285714286
"2024-01-15 00:00:00",31670,284460,0,0,0,102354.14285714286,69045
"2024-01-16 00:00:00",8463,0,0,0,0,92059.28571428571,83679.14285714286
"2024-01-17 00:00:00",129794,135069,0,0,12272,125469.28571428571,88330.71428571429
"2024-01-18 00:00:00",93467,34569,0,0,0,142636.42857142858,84479.71428571429
"2024-01-19 00:00:00",9680,78277,0,0,0,134563.14285714287,76573.85714285714
"2024-01-20 00:00:00",5850,81498,0,0,54511,138725.14285714287,61512.28571428572
"2024-01-21 00:00:00",6875,78512,0,0,0,149281.42857142858,65271
"2024-01-22 00:00:00",8343,190164,0,0,0,132478.14285714287,74789.85714285714
"2024-01-23 00:00:00",15409,111950,0,0,0,149463.2857142857,71218.57142857143
"2024-01-24 00:00:00",27924,0,0,0,0,113861.57142857143,72326.14285714286
"2024-01-25 00:00:00",0,0,0,0,0,95570.71428571429,89530.42857142857
"2024-01-26 00:00:00",1481,53123,0,0,0,90806.14285714286,106057
"2024-01-27 00:00:00",13339,0,0,0,25184,76043.71428571429,125699.71428571429
"2024-01-28 00:00:00",5838,195161,0,0,0,92559.71428571429,124853.42857142857
"2024-01-29 00:00:00",10244,0,0,0,0,65664.85714285714,127186
"2024-01-30 00:00:00",6804,76629,0,0,0,59389.71428571428,121933.85714285714
"2024-01-31 00:00:00",23779,21701,0,0,21062,64906.57142857143,108828.57142857143
"2024-02-01 00:00:00",13142,165115,0,0,0,90371.85714285714,94053.28571428571
"2024-02-02 00:00:00",76956,0,0,0,0,93564.85714285714,71858
"2024-02-03 00:00:00",45101,57224,0,0,12272,104432.85714285714,56932
"2024-02-04 00:00:00",27419,0,0,0,0,79635.71428571429,45388.28571428572
"2024-02-05 00:00:00",13947,0,1875,0,25044,84010.28571428571,44623
"2024-02-06 00:00:00",40227,179295,0,0,0,103451.57142857143,50978.42857142857
"2024-02-07 00:00:00",46815,70819,0,0,0,110750.42857142857,80318.71428571429
"2024-02-08 00:00:00",10396,0,0,0,0,86770.28571428571,79757.71428571429
"2024-02-09 00:00:00",57571,0,0,0,0,84001,88934.42857142857
"2024-02-10 00:00:00",18611,130573,0,0,1584,89168.14285714286,85063
"2024-02-11 00:00:00",7057,0,0,0,7548,87337.57142857143,95919.28571428571
"2024-02-12 00:00:00",6509,201617,0,0,6829,112207.57142857143,93903
"2024-02-13 00:00:00",28700,62564,0,0,49525,100960.14285714286,79346.85714285714
"2024-02-14 00:00:00",37941,0,1597,0,6702,90761.14285714286,55748
"2024-02-15 00:00:00",32919,157706,0,0,0,116508.14285714286,97756.28571428571
"2024-02-16 00:00:00",35556,0,0,0,8382,114560.71428571429,99984.57142857143
"2024-02-17 00:00:00",5597,192888,0,0,0,121377.28571428571,111529.71428571429
"2024-02-18 00:00:00",24417,185444,0,0,0,149271,105290.42857142857
"2024-02-19 00:00:00",50978,73651,0,63,12272,138129.42857142858,102267.85714285714
"2024-02-20 00:00:00",9757,77628,0,0,0,130500.14285714286,125424.57142857143
"2024-02-21 00:00:00",9764,219359,0,0,12272,158379.42857142858,122221.57142857143
"2024-02-22 00:00:00",0,183527,0,0,0,157365.42857142858,81203.85714285714
"2024-02-23 00:00:00",53098,57876,0,0,0,166942,69533
"2024-02-24 00:00:00",16692,113675,0,0,0,157210.85714285713,57771.28571428572
"2024-02-25 00:00:00",12781,79240,0,0,42613,146464.2857142857,55897.57142857143
"2024-02-26 00:00:00",14288,225731,1875,0,0,161454.2857142857,49114.28571428572
"2024-02-27 00:00:00",4128,51812,0,0,0,156962.2857142857,22751.428571428572
"2024-02-28 00:00:00",4776,170375,1875,0,47915,154611.85714285713,16040.142857142857
"2024-02-29 00:00:00",47660,57224,0,0,0,143377.2857142857,38642.42857142857
"2024-03-01 00:00:00",6766,59020,0,0,0,136921.85714285713,42540.71428571428
"2024-03-02 00:00:00",1076,351626,0,0,0,168684.14285714287,40634.857142857145
"2024-03-03 00:00:00",63408,57224,0,0,0,166683.85714285713,81394.57142857143
"2024-03-04 00:00:00",8868,164791,0,0,0,156936,97123
"2024-03-05 00:00:00",7619,57224,0,0,2472,158561.14285714287,129454.85714285714
"2024-03-06 00:00:00",7998,0,0,0,0,127569,129432.14285714286
"2024-03-07 00:00:00",28991,216740,0,0,12272,149443.14285714287,103791.14285714286
"2024-03-08 00:00:00",22820,164706,0,0,0,166834.57142857142,98780.14285714286
"2024-03-09 00:00:00",7637,7265,0,0,0,118577.28571428571,112316.57142857143
"2024-03-10 00:00:00",6509,0,0,0,38754,107810.28571428571,73985.14285714286
"2024-03-11 00:00:00",10036,163736,1875,0,0,108094.28571428571,57968.57142857143
"2024-03-12 00:00:00",12214,75816,0,0,0,111053.28571428571,36318.857142857145
"2024-03-13 00:00:00",16840,61007,0,0,67953,130739.57142857143,43672.42857142857
"2024-03-14 00:00:00",13364,79121,0,0,2940,107514,43905
"2024-03-15 00:00:00",4319,222309,0,0,61377,121868,101895.42857142857
"2024-03-16 00:00:00",30187,165779,1875,0,0,148002.2857142857,91015.28571428571
"2024-03-17 00:00:00",1069,90266,0,0,0,154584,86427.28571428571
"2024-03-18 00:00:00",0,78494,0,0,24545,144211.2857142857,87659.57142857143
"2024-03-19 00:00:00",73482,189139,0,0,0,169152.85714285713,76277
"2024-03-20 00:00:00",15884,160864,0,0,6878,174556.2857142857,68923.42857142857
"2024-03-21 00:00:00",9870,0,0,0,0,162334.14285714287,73995
"2024-03-22 00:00:00",3997,57781,0,0,0,130016,33523.57142857143
"2024-03-23 00:00:00",17940,0,0,0,0,104315.71428571429,46520.42857142857
"2024-03-24 00:00:00",97,183412,1658,0,0,117720.28571428571,63737.71428571428
"2024-03-25 00:00:00",40125,44797,0,0,0,115132.28571428571,73548.28571428571
"2024-03-26 00:00:00",58303,335045,0,0,12272,135560.85714285713,101347.42857142857
"2024-03-27 00:00:00",53999,61338,0,0,0,125805.42857142857,102656.85714285714
"2024-03-28 00:00:00",35800,19921,0,0,0,132355.57142857142,118282.14285714286
"2024-03-29 00:00:00",21168,118030,0,0,3796,143958,102458.85714285714
"2024-03-30 00:00:00",35323,122570,0,0,68595,173750.7142857143,86220.42857142857
"2024-03-31 00:00:00",16698,74030,0,0,18906,162960.14285714287,91990.71428571429
"2024-04-01 00:00:00",117971,14861,0,0,12272,171557.57142857142,92012.71428571429
"2024-04-02 00:00:00",7609,185092,0,0,37979,146566,64213.57142857143
"2024-04-03 00:00:00",11323,57224,0,0,41796,145852.57142857142,70138.28571428571
"2024-04-04 00:00:00",3617,231900,0,0,0,171537.7142857143,56283
"2024-04-05 00:00:00",8331,0,0,0,17475,154796.42857142858,58758.857142857145
"2024-04-06 00:00:00",3254,416569,0,0,4180,183013,60721.142857142855
"2024-04-07 00:00:00",11456,45774,0,0,0,175526.85714285713,44179.857142857145
"2024-04-08 00:00:00",0,161708,0,0,0,177898.7142857143,66060
"2024-04-09 00:00:00",26688,69960,0,0,0,158751.2857142857,67093
"2024-04-10 00:00:00",71254,61668,0,0,0,161976.7142857143,59394
"2024-04-11 00:00:00",5424,194086,8855,0,0,158097.85714285713,52023.142857142855
"2024-04-12 00:00:00",12614,192372,0,0,14102,185709.7142857143,47653.57142857143
"2024-04-13 00:00:00",5234,88229,0,0,61481,147272.42857142858,56176.28571428572
"2024-04-14 00:00:00",71204,0,0,0,36551,154490.2857142857,50142
"2024-04-15 00:00:00",16819,237403,0,0,12272,169459.85714285713,20874.571428571428
"2024-04-16 00:00:00",6509,57224,0,0,0,164757.85714285713,78388.85714285714
"2024-04-17 00:00:00",8499,161114,0,0,0,169999.42857142858,85503.57142857143
"2024-04-18 00:00:00",13019,230025,0,0,0,174953.7142857143,90683.14285714286
"2024-04-19 00:00:00",14726,57224,0,0,0,153934,91004.85714285714
"2024-04-20 00:00:00",14126,66010,0,0,0,143247.14285714287,93301.57142857143
"2024-04-21 00:00:00",11800,71378,0,0,4816,140424.14285714287,92218.28571428571
"2024-04-22 00:00:00",9920,191159,0,0,45137,137527.14285714287,113456.71428571429
"2024-04-23 00:00:00",57233,52817,0,0,0,144143.85714285713,88499.71428571429
"2024-04-24 00:00:00",13281,23642,1875,0,12272,127209.28571428571,92080.42857142857
"2024-04-25 00:00:00",46702,237760,233,0,45137,139607.42857142858,93653.57142857143
"2024-04-26 00:00:00",39248,57224,0,0,0,143110.42857142858,100914.71428571429
"2024-04-27 00:00:00",7605,82953,0,0,34612,149544,98995.57142857143
"2024-04-28 00:00:00",63471,175370,0,0,18103,173679.85714285713,113209.42857142857
"2024-04-29 00:00:00",13629,0,0,0,12272,142206.42857142858,90604.85714285714
"2024-04-30 00:00:00",9375,0,1875,0,24545,131598.42857142858,90339.85714285714
"2024-05-01 00:00:00",0,0,0,0,0,124302.57142857143,91404.57142857143
"2024-05-02 00:00:00",25153,193454,0,0,0,108413.42857142857,91735.42857142857
"2024-05-03 00:00:00",17721,279712,0,0,14978,139262,85349.57142857143
"2024-05-04 00:00:00",49043,76807,0,0,12272,141112.2857142857,99030.42857142857
"2024-05-05 00:00:00",17266,0,0,0,0,106872.28571428571,99585.57142857143
"2024-05-06 00:00:00",9764,155928,0,0,148857,148107.7142857143,107476.28571428571
"2024-05-07 00:00:00",9764,110360,0,0,0,160154.85714285713,92443
"2024-05-08 00:00:00",19781,74042,0,0,0,173558.2857142857,99080.42857142857
"2024-05-09 00:00:00",46037,110976,0,0,45137,171207.2857142857,106539.57142857143
"2024-05-10 00:00:00",3254,160957,0,0,0,150035.85714285713,132106
"2024-05-11 00:00:00",15044,111339,0,0,11628,150019.85714285713,137067.14285714287
"2024-05-12 00:00:00",6918,172141,0,0,0,173133.2857142857,150787.7142857143
"2024-05-13 00:00:00",57220,185881,0,0,0,162926.42857142858,146397.42857142858
"2024-05-14 00:00:00",22356,188449,892,0,0,176008.2857142857,140776.42857142858
"2024-05-15 00:00:00",60149,0,5708,0,3796,172555.2857142857,149122.85714285713
"2024-05-16 00:00:00",20577,246440,0,0,40169,187560.2857142857,163938.2857142857
"2024-05-17 00:00:00",23122,67848,0,0,12272,178850.42857142858,144570.2857142857
"2024-05-18 00:00:00",4225,165228,0,0,0,183342.14285714287,116066.42857142857
"2024-05-19 00:00:00",54758,106205,0,0,42559,186836.85714285713,104983.28571428571
"2024-05-20 00:00:00",25652,174807,0,0,42123,186762.7142857143,110840
"2024-05-21 00:00:00",6509,54215,0,0,0,165195.14285714287,99353.71428571429
"2024-05-22 00:00:00",49530,161601,0,0,1037,185554.57142857142,79786.28571428571
"2024-05-23 00:00:00",59954,104176,0,0,6791,166088.2857142857,58190.28571428572
"2024-05-24 00:00:00",0,0,3811,0,0,151883.7142857143,72384.85714285714
"2024-05-25 00:00:00",56608,165051,0,0,76492,170269.2857142857,74061.57142857143
"2024-05-26 00:00:00",135294,45821,0,0,94490,180567,64949.71428571428
"2024-05-27 00:00:00",29602,57224,0,0,0,158316.14285714287,55469.28571428572
"2024-05-28 00:00:00",40164,0,0,0,12272,157132,94161.85714285714
"2024-05-29 00:00:00",17240,0,0,0,0,129285,121072.71428571429
"2024-05-30 00:00:00",30600,72547,839,0,33751,124544.57142857143,139604.85714285713
"2024-05-31 00:00:00",10594,0,0,0,0,125513.57142857143,135419.2857142857
"2024-06-01 00:00:00",75658,0,0,0,0,93728.71428571429,145698.85714285713
"2024-06-02 00:00:00",6584,57224,0,0,0,63471.857142857145,144955.85714285713
"2024-06-03 00:00:00",31795,194097,0,0,0,83338.42857142857,147479.14285714287
"2024-06-04 00:00:00",55961,161750,0,0,60376,115574.42857142857,120524
"2024-06-05 00:00:00",4002,184457,4646,0,0,140698.14285714287,91773.28571428571
"2024-06-06 00:00:00",34928,87447,1875,0,77523,149846,81582.28571428571
"2024-06-07 00:00:00",26411,251344,0,0,0,188011.85714285713,79078.57142857143
"2024-06-08 00:00:00",41340,65882,0,0,22937,195797.85714285713,80135.57142857143
"2024-06-09 00:00:00",33048,167515,5564,0,0,216129.14285714287,84404.57142857143
"2024-06-10 00:00:00",27646,0,0,0,36544,193028.85714285713,81850.57142857143
"2024-06-11 00:00:00",20632,0,0,0,0,156249.42857142858,68928.42857142857
"2024-06-12 00:00:00",9872,78825,0,0,84227,153366.2857142857,63591.71428571428
"2024-06-13 00:00:00",38794,0,0,0,71482,140295.2857142857,45209.857142857145
"2024-06-14 00:00:00",44947,189779,0,0,1476,134359.2857142857,30309.14285714286
"2024-06-15 00:00:00",16671,191512,0,0,0,145505.42857142858,15220.142857142857
"2024-06-16 00:00:00",26789,0,0,0,5469,120666.85714285714,25884.714285714286
"2024-06-17 00:00:00",13210,59489,0,0,14029,123886.57142857143,44582.28571428572
"2024-06-18 00:00:00",5893,0,0,0,0,121781,58500.42857142857
"2024-06-19 00:00:00",37606,50557,0,0,89352,122437,67140.28571428571
"2024-06-20 00:00:00",10672,85319,0,0,14017,122398.57142857143,93037.28571428571
"2024-06-21 00:00:00",5417,0,3042,0,0,89863.85714285714,107156.57142857143
"2024-06-22 00:00:00",23626,0,0,0,33751,68320.28571428571,122390.42857142857
"2024-06-23 00:00:00",53315,0,0,0,0,71328.42857142857,118833.85714285714
"2024-06-24 00:00:00",2228,72030,0,0,49525,76622,116775.85714285714
"2024-06-25 00:00:00",20286,73525,0,0,0,89181.71428571429,112518.71428571429
"2024-06-26 00:00:00",32680,0,0,0,0,68490.85714285714,106426
"2024-06-27 00:00:00",16680,0,0,0,80162,66610.14285714286,98641.42857142857
"2024-06-28 00:00:00",51333,17467,106,0,30602,79617.28571428571,107231.85714285714
"2024-06-29 00:00:00",6509,57224,0,0,42304,86568.71428571429,104644.57142857143
"2024-06-30 00:00:00",32433,167723,0,0,0,107546,92341.71428571429
"2024-07-01 00:00:00",8037,0,0,0,0,91010.71428571429,101785.42857142857
"2024-07-02 00:00:00",47906,55209,0,0,39586,97995.14285714286,96672.28571428571
"2024-07-03 00:00:00",3254,0,0,0,0,93791.42857142857,104855
"2024-07-04 00:00:00",57963,30364,0,0,27697,96531.71428571429,90815.28571428571
"2024-07-05 00:00:00",23999,0,0,0,38766,91282.57142857143,69100.28571428571
"2024-07-06 00:00:00",53332,138428,0,0,0,103528.71428571429,67783.42857142857
"2024-07-07 00:00:00",30755,0,0,0,14878,81454.14285714286,76149
"2024-07-08 00:00:00",22274,86197,0,0,103976,110655.71428571429,65122.42857142857
"2024-07-09 00:00:00",19429,245794,0,0,0,128158.85714285714,61760.57142857143
"2024-07-10 00:00:00",95979,162708,2841,0,75652,175862.7142857143,54567.42857142857
"2024-07-11 00:00:00",74661,74733,0,8283,0,181813.2857142857,65646.42857142857
"2024-07-12 00:00:00",12103,0,0,0,2341,174910.14285714287,102267.71428571429
"2024-07-13 00:00:00",15228,91114,0,0,86480,175061.85714285713,97502.28571428571
"2024-07-14 00:00:00",11904,170883,0,0,0,194655.14285714287,95273.57142857143
"2024-07-15 00:00:00",11943,43906,0,0,0,172284,97349.28571428571
"2024-07-16 00:00:00",34155,82028,0,0,76143,161870.2857142857,108909.85714285714
"2024-07-17 00:00:00",16681,76051,1875,0,25184,130814.71428571429,106672
"2024-07-18 00:00:00",41587,187549,0,0,0,141023,123290.57142857143
"2024-07-19 00:00:00",23344,231574,0,0,83844,187354.14285714287,104750.14285714286
"2024-07-20 00:00:00",37144,35803,0,0,0,170229.14285714287,100080.57142857143
"2024-07-21 00:00:00",52660,54566,0,0,32984,164146.85714285713,92628.14285714286
"2024-07-22 00:00:00",11701,0,0,0,0,157839.85714285713,78466
"2024-07-23 00:00:00",12822,0,0,0,0,132196.14285714287,67804.71428571429
"2024-07-24 00:00:00",10052,0,0,0,60250,125126.28571428571,76670.85714285714
"2024-07-25 00:00:00",23374,6690,0,0,0,96687.42857142857,85979.28571428571
"2024-07-26 00:00:00",18222,13827,0,0,36920,58145.57142857143,74941
"2024-07-27 00:00:00",43608,57224,0,0,0,62129.142857142855,81848.71428571429
"2024-07-28 00:00:00",28335,54489,0,0,0,53931,88918
"2024-07-29 00:00:00",40137,0,0,0,0,57993.28571428572,105889.57142857143
"2024-07-30 00:00:00",16076,294985,0,0,6674,101552.42857142857,106314.42857142857
"2024-07-31 00:00:00",93997,70529,0,0,45854,121563.71428571429,121893.71428571429
"2024-08-01 00:00:00",12804,0,0,0,525,119173,86221.28571428571
"2024-08-02 00:00:00",34216,167628,0,0,82534,149946,83377.14285714286
"2024-08-03 00:00:00",12234,0,0,0,0,137289,112724.28571428571
"2024-08-04 00:00:00",40345,72003,3461,0,45946,148564.85714285713,101063.28571428571
"2024-08-05 00:00:00",16759,50533,1875,0,88739,165389.14285714287,93517.14285714286
"2024-08-06 00:00:00",10546,167895,0,0,36761,150741.7142857143,105573.42857142857
"2024-08-07 00:00:00",37083,216761,0,0,73829,167497.7142857143,117371.85714285714
"2024-08-08 00:00:00",36783,145872,0,0,31240,196150,113581.57142857143
"2024-08-09 00:00:00",23512,0,0,0,13708,160841.57142857142,159223.85714285713
"2024-08-10 00:00:00",41829,268927,1875,0,18846,206447.85714285713,131374.2857142857
"2024-08-11 00:00:00",6600,63370,0,0,85491,205549,138520.2857142857
"2024-08-12 00:00:00",79669,173518,0,0,0,219160.57142857142,141758.7142857143
"2024-08-13 00:00:00",29021,73094,0,0,0,203005.14285714287,144590.7142857143
"2024-08-14 00:00:00",28989,213494,0,0,0,190835,112184.14285714286
"2024-08-15 00:00:00",5877,243496,0,0,0,195903.14285714287,114727
"2024-08-16 00:00:00",17484,0,0,0,0,193083.57142857142,64987.142857142855
"2024-08-17 00:00:00",31783,241615,0,0,78176,195954.42857142858,71661
"2024-08-18 00:00:00",11800,77936,0,0,62176,195447.42857142858,100220
"2024-08-19 00:00:00",67226,0,0,0,60137,177472.42857142858,107342.14285714286
"2024-08-20 00:00:00",5210,156168,0,0,66231,195400.14285714287,108968.14285714286
"2024-08-21 00:00:00",21552,0,1875,0,0,164106.42857142858,104296.85714285714
"2024-08-22 00:00:00",24418,113113,0,0,75060,158851.85714285713,104392.28571428571
"2024-08-23 00:00:00",46268,0,0,0,14334,165011.57142857142,126366.57142857143
"2024-08-24 00:00:00",11586,240157,0,0,80238,162212.7142857143,121268.42857142857
"2024-08-25 00:00:00",9764,79109,0,0,0,153207,96889.71428571429
"2024-08-26 00:00:00",1468,0,0,0,0,135222,101905.71428571429
"2024-08-27 00:00:00",29566,3627,0,0,0,107448.28571428571,84672.14285714286
"2024-08-28 00:00:00",9764,57224,0,0,33751,118493.14285714286,100777.14285714286
"2024-08-29 00:00:00",0,0,0,0,0,88123,113751.71428571429
"2024-08-30 00:00:00",14808,0,0,0,0,81581,100194.28571428571
"2024-08-31 00:00:00",57114,189067,0,63,0,69332.85714285714,103350.28571428571
"2024-09-01 00:00:00",40066,0,0,0,0,62360.28571428572,118296.71428571429
"2024-09-02 00:00:00",9729,57224,0,0,0,71715.42857142857,108561.28571428571
"2024-09-03 00:00:00",19337,0,0,0,12272,71489.14285714286,121446.71428571429
"2024-09-04 00:00:00",55109,218744,0,0,0,96219.42857142857,117563.28571428571
"2024-09-05 00:00:00",53555,163893,0,0,0,127283.57142857143,109368.28571428571
"2024-09-06 00:00:00",22531,85651,1547,0,12272,142597.14285714287,104898.42857142857
"2024-09-07 00:00:00",36858,0,0,0,24545,116191.14285714286,102710.28571428571
"2024-09-08 00:00:00",39870,0,0,0,0,116163.14285714286,97020.71428571429
"2024-09-09 00:00:00",29680,57746,0,0,0,119087.85714285714,78869
"2024-09-10 00:00:00",3910,57224,0,0,0,123305.71428571429,116418.28571428571
"2024-09-11 00:00:00",3254,0,2013,0,0,84936.42857142857,124443.85714285714
"2024-09-12 00:00:00",9764,80383,0,0,0,66750.57142857143,141599.85714285713
"2024-09-13 00:00:00",46528,161317,0,0,25184,82611.57142857143,158340.7142857143
"2024-09-14 00:00:00",30930,57224,0,0,0,86433.28571428571,157909.2857142857
"2024-09-15 00:00:00",14440,275791,0,0,0,122199.28571428571,154216.7142857143
"2024-09-16 00:00:00",9408,97650,0,0,12272,126757,153278
"2024-09-17 00:00:00",10092,172405,0,0,0,144094.42857142858,134393.2857142857
"2024-09-18 00:00:00",14333,0,0,0,0,145389.42857142858,124095.85714285714
"2024-09-19 00:00:00",21089,0,0,0,65518,144883.7142857143,124673.42857142857
"2024-09-20 00:00:00",6509,57224,8263,0,0,121879.14285714286,107384.71428571429
"2024-09-21 00:00:00",12930,116856,0,0,42385,133881.7142857143,117028.57142857143
"2024-09-22 00:00:00",25556,0,0,0,0,96070.85714285714,108350
"2024-09-23 00:00:00",13426,79768,0,0,0,92337.14285714286,133506.2857142857
"2024-09-24 00:00:00",6199,0,0,0,33751,71973.42857142857,121886.57142857143
"2024-09-25 00:00:00",26835,0,0,0,0,73759.42857142857,130544
"2024-09-26 00:00:00",6509,23540,0,0,0,65679.71428571429,105687.71428571429
"2024-09-27 00:00:00",16145,57224,1875,0,0,66143.57142857143,144091.42857142858
"2024-09-28 00:00:00",4417,80454,1331,0,0,53862.142857142855,132407.85714285713
"2024-09-29 00:00:00",54688,79753,1875,0,0,69685.14285714286,141388.42857142858
"2024-09-30 00:00:00",11584,221029,0,0,0,89602,132801.2857142857
"2024-10-01 00:00:00",6620,0,0,0,12272,86593.71428571429,143622.42857142858
"2024-10-02 00:00:00",6509,0,0,0,12272,85443.28571428571,126008.14285714286
"2024-10-03 00:00:00",84905,0,0,0,0,93279.71428571429,143900.57142857142
"2024-10-04 00:00:00",41035,132010,0,0,0,107251.14285714286,117895.57142857143
"2024-10-05 00:00:00",14494,0,0,0,0,97007,145788.2857142857
"2024-10-06 00:00:00",8331,0,0,0,12272,80476.57142857143,138222.57142857142
"2024-10-07 00:00:00",76325,333291,0,0,49305,112806.42857142857,151267.57142857142
"2024-10-08 00:00:00",24916,0,0,0,0,113666.85714285714,128027
"2024-10-09 00:00:00",10796,48858,0,0,0,119505.71428571429,176499.85714285713
"2024-10-10 00:00:00",9764,0,0,0,0,108771.28571428571,172925.85714285713
"2024-10-11 00:00:00",88938,0,0,0,0,96756,169882.42857142858
"2024-10-12 00:00:00",13019,146435,0,0,1740,117713.28571428571,155566.57142857142
"2024-10-13 00:00:00",14470,0,1875,0,0,117104.85714285714,178282
"2024-10-14 00:00:00",23982,59620,0,0,52104,70931.28571428571,154448.42857142858
"2024-10-15 00:00:00",37678,19864,0,0,0,75592.28571428571,169440.42857142858
"2024-10-16 00:00:00",14098,116815,0,0,0,85772.28571428571,144696.57142857142
"2024-10-17 00:00:00",12089,61247,0,0,0,94854,150553.7142857143
"2024-10-18 00:00:00",63175,81996,0,0,18019,105461.57142857143,172108.42857142858
"2024-10-19 00:00:00",11033,0,0,63,38949,89583.14285714286,173173.14285714287
"2024-10-20 00:00:00",65638,302093,0,0,0,139781.2857142857,153403.85714285713
"2024-10-21 00:00:00",10251,0,0,0,25184,125456.71428571429,156338
"2024-10-22 00:00:00",29069,123086,0,0,28194,143000.42857142858,162482.7142857143
"2024-10-23 00:00:00",20464,193602,0,0,49944,162014.2857142857,163138.42857142858
"2024-10-24 00:00:00",9106,114449,0,0,1050,169338.57142857142,172334.57142857142
"2024-10-25 00:00:00",35114,57923,0,0,14978,161456.57142857142,143397.7142857143
"2024-10-26 00:00:00",3742,14576,0,0,42774,163034.7142857143,186446.85714285713
"2024-10-27 00:00:00",7226,0,0,0,0,111533.85714285714,175565
"2024-10-28 00:00:00",19003,43015,0,0,68131,125064.57142857143,194501.14285714287
"2024-10-29 00:00:00",15285,79272,0,0,0,112808.71428571429,178729.85714285713
"2024-10-30 00:00:00",6509,0,0,0,9381,77363,167631
"2024-10-31 00:00:00",50059,0,0,0,10618,68230.28571428571,155334
"2024-11-01 00:00:00",9764,0,0,0,0,54194.142857142855,149796
"2024-11-02 00:00:00",16274,73012,0,0,0,58221.857142857145,101515
"2024-11-03 00:00:00",26265,60940,0,0,12272,71400.85714285714,102798
"2024-11-04 00:00:00",23683,216575,0,0,0,87130.71428571429,85265
"2024-11-05 00:00:00",86270,955,3319,0,17647,89078.57142857143,86961.14285714286
"2024-11-06 00:00:00",54694,181262,0,0,12272,122269.71428571429,101305.28571428571
"2024-11-07 00:00:00",44707,188823,0,0,0,146963.14285714287,82639
"2024-11-08 00:00:00",0,65090,0,0,12272,156620,129851.85714285714
"2024-11-09 00:00:00",12767,363704,0,0,49321,204692.42857142858,143126.85714285713
"2024-11-10 00:00:00",16023,218072,0,0,9341,225257.85714285713,147360.85714285713
"2024-11-11 00:00:00",27037,26822,0,0,97654,212580,147342.2857142857
"2024-11-12 00:00:00",10889,119882,0,0,57711,224050,145458.7142857143
"2024-11-13 00:00:00",33870,57224,0,0,7277,202642,132125.2857142857
"2024-11-14 00:00:00",11123,214448,0,0,41210,207392,171044.42857142858
"2024-11-15 00:00:00",20371,0,0,0,30656,203630,123822.28571428571
"2024-11-16 00:00:00",25203,323457,1875,0,0,192878.7142857143,114334.14285714286
"2024-11-17 00:00:00",32422,0,0,0,12272,164487,120926.71428571429
"2024-11-18 00:00:00",3254,57532,0,0,13696,153482.7142857143,122348.71428571429
"2024-11-19 00:00:00",19607,118537,0,0,12272,148044.7142857143,144497
"2024-11-20 00:00:00",14996,0,0,0,0,136133.7142857143,144826.57142857142
"2024-11-21 00:00:00",54518,24968,0,0,10618,110894.14285714286,147253.42857142858
"2024-11-22 00:00:00",41040,54409,0,0,3949,117804.42857142857,165302.14285714287
"2024-11-23 00:00:00",75338,81038,0,0,154905,112196.85714285714,147222
"2024-11-24 00:00:00",64086,43782,0,0,19136,123955.28571428571,176578.85714285713
"2024-11-25 00:00:00",7322,266490,0,0,0,152430.7142857143,176192.14285714287
"2024-11-26 00:00:00",36172,68855,0,0,0,145946.42857142858,164109.85714285713
"2024-11-27 00:00:00",6882,94692,0,0,6132,159190.7142857143,155058.2857142857
"2024-11-28 00:00:00",33000,162708,0,0,0,174277,137987.42857142858
"2024-11-29 00:00:00",13448,0,0,0,47113,168728.57142857142,128332.28571428571
"2024-11-30 00:00:00",24123,0,1875,0,0,127973.71428571429,154553.14285714287
"2024-12-01 00:00:00",27817,18644,0,0,12272,118220.85714285714,134016.42857142858
"2024-12-02 00:00:00",18654,59378,0,0,0,90252.28571428571,137179.14285714287
"2024-12-03 00:00:00",4584,165257,0,0,0,99511.42857142857,131715.85714285713
"2024-12-04 00:00:00",17453,0,0,0,0,86618.14285714286,150458.42857142858
"2024-12-05 00:00:00",15896,0,7032,0,12272,63688.57142857143,158630.57142857142
"2024-12-06 00:00:00",6509,114934,0,0,0,72386.14285714286,158949.14285714287
"2024-12-07 00:00:00",6939,224154,0,0,0,101685.57142857143,155340.42857142858
"2024-12-08 00:00:00",0,57224,0,0,0,101469.85714285714,132366.14285714287
"2024-12-09 00:00:00",3254,104254,0,63,0,105689.85714285714,131529.7142857143
"2024-12-10 00:00:00",47898,88690,0,0,0,100939.57142857143,125500.14285714286
"2024-12-11 00:00:00",26051,48701,0,0,39033,114701.42857142857,103686.14285714286
"2024-12-12 00:00:00",15370,29817,0,0,0,116128.14285714286,94987.28571428571
"2024-12-13 00:00:00",8286,71667,1875,0,0,110468.85714285714,118175.14285714286
"2024-12-14 00:00:00",27791,61146,0,0,33751,94982.42857142857,93503.42857142857
"2024-12-15 00:00:00",7339,57224,0,0,0,96031,107650
"2024-12-16 00:00:00",4428,23982,0,0,12272,86475.42857142857,112894.28571428571
"2024-12-17 00:00:00",42985,0,0,0,0,73103.42857142857,137322.42857142858
"2024-12-18 00:00:00",3254,185410,0,0,0,83800.42857142857,138898
"2024-12-19 00:00:00",45418,321997,0,0,0,129832.85714285714,135574.85714285713
"2024-12-20 00:00:00",1315,0,0,0,0,118330.85714285714,122663.71428571429
"2024-12-21 00:00:00",16166,115796,1875,0,19334,122685.57142857143,123984.14285714286
"2024-12-22 00:00:00",46088,8786,1206,0,0,121473.85714285714,141536.14285714287
"2024-12-23 00:00:00",3186,37780,0,0,36708,126758.57142857143,145902.2857142857
"2024-12-24 00:00:00",18303,216771,0,0,7703,155300.42857142858,136213
"2024-12-25 00:00:00",25464,219345,0,0,11275,164931.85714285713,141245.7142857143
"2024-12-26 00:00:00",13981,56120,11224,0,0,124062,144033.57142857142
"2024-12-27 00:00:00",18142,139443,0,0,0,146386.2857142857,141977.42857142858
"2024-12-28 00:00:00",20195,79294,0,63,0,138726.2857142857,169805.14285714287
"2024-12-29 00:00:00",26891,12532,0,0,36347,141539,153610
"2024-12-30 00:00:00",7501,193286,0,0,25184,162724,135610.42857142858
"2024-12-31 00:00:00",9562,0,0,0,0,129407.42857142857,109542.57142857143
"2025-01-01 00:00:00",7677,0,0,0,0,93920.57142857143,104012.28571428571
"2025-01-02 00:00:00",27028,111820,0,0,31235,106600.28571428571,86912.14285714286
"2025-01-03 00:00:00",47007,297513,0,0,0,133305.2857142857,81054.57142857143
"2025-01-04 00:00:00",10436,121036,0,0,0,137865.42857142858,49470.142857142855
"2025-01-05 00:00:00",44764,163711,0,0,46024,163398.14285714287,36583.71428571428
"2025-01-06 00:00:00",25776,53700,0,0,45137,148918.57142857142,44343.42857142857
"2025-01-07 00:00:00",80981,63721,0,0,0,168224.2857142857,44136.42857142857
"2025-01-08 00:00:00",13189,65403,0,0,0,178355,50601.42857142857
"2025-01-09 00:00:00",36364,78857,0,0,0,170517.42857142858,50349.71428571428
"2025-01-10 00:00:00",32939,163634,1875,0,0,149650.14285714287,39477.71428571428
"2025-01-11 00:00:00",12040,0,0,0,34447,137509.2857142857,59123.28571428572
"2025-01-12 00:00:00",12421,0,0,0,0,102926.57142857143,71002.85714285714
"2025-01-13 00:00:00",14714,35457,0,0,88806,104978.42857142857,58709.42857142857
"2025-01-14 00:00:00",14168,85566,0,0,0,98554.42857142857,102354.14285714286
"2025-01-15 00:00:00",28696,147150,0,0,0,112448,92059.28571428571
"2025-01-16 00:00:00",23227,21486,0,63,0,102384.42857142857,125469.28571428571
"2025-01-17 00:00:00",36963,64149,0,0,16858,90887.71428571429,142636.42857142858
"2025-01-18 00:00:00",20525,0,0,0,0,87178.85714285714,134563.14285714287
"2025-01-19 00:00:00",26184,57224,0,0,18391,99947.42857142857,138725.14285714287
"2025-01-20 00:00:00",22106,26663,0,0,0,87060.57142857143,149281.42857142858
"2025-01-21 00:00:00",18772,37388,0,0,0,80835.85714285714,132478.14285714287
"2025-01-22 00:00:00",6694,238334,0,0,48868,97700.14285714286,149463.2857142857
"2025-01-23 00:00:00",21315,161367,0,0,0,117401,113861.57142857143
"2025-01-24 00:00:00",30534,0,0,0,0,104909.85714285714,95570.71428571429
"2025-01-25 00:00:00",14950,181171,0,0,0,129995.14285714286,90806.14285714286
"2025-01-26 00:00:00",49475,0,0,0,0,122520,76043.71428571429
"2025-01-27 00:00:00",8296,31314,0,0,29388,125410,92559.71428571429
"2025-01-28 00:00:00",70725,165864,7200,0,0,152214.14285714287,65664.85714285714
"2025-01-29 00:00:00",49775,0,0,0,12272,119092.71428571429,59389.71428571428
"2025-01-30 00:00:00",32303,103587,0,0,0,112408.14285714286,64906.57142857143
"2025-01-31 00:00:00",18935,79129,1875,0,0,122323.28571428571,90371.85714285714
"2025-02-01 00:00:00",21406,170302,0,0,0,121692.85714285714,93564.85714285714
"2025-02-02 00:00:00",43899,0,0,0,38604,126411.28571428571,104432.85714285714
"2025-02-03 00:00:00",15350,103508,0,0,12272,135287.14285714287,79635.71428571429
"2025-02-04 00:00:00",24991,94985,0,0,94528,131103.42857142858,84010.28571428571
"2025-02-05 00:00:00",27680,83673,0,0,35875,143272.2857142857,103451.57142857143
"2025-02-06 00:00:00",25147,49221,0,0,0,134483.57142857142,110750.42857142857
"2025-02-07 00:00:00",10504,56014,0,0,0,129709.14285714286,86770.28571428571
"2025-02-08 00:00:00",22053,57224,0,0,0,113647.42857142857,84001
"2025-02-09 00:00:00",8736,154361,0,0,0,125160.85714285714,89168.14285714286
"2025-02-10 00:00:00",3809,150077,0,0,12272,130164.85714285714,87337.57142857143
"2025-02-11 00:00:00",21745,0,0,0,0,102627.85714285714,112207.57142857143
"2025-02-12 00:00:00",52604,136408,0,0,42140,114617.14285714286,100960.14285714286
"2025-02-13 00:00:00",15229,191871,0,0,12123,135310.7142857143,90761.14285714286
"2025-02-14 00:00:00",6867,57224,0,0,0,134963.85714285713,116508.14285714286
"2025-02-15 00:00:00",36310,57224,0,0,45958,143566.14285714287,114560.71428571429
"2025-02-16 00:00:00",2017,82228,0,0,33751,137123.14285714287,121377.28571428571
"2025-02-17 00:00:00",18715,144067,0,0,0,136641,149271
"2025-02-18 00:00:00",11086,57224,0,0,0,143293.14285714287,138129.42857142858
"2025-02-19 00:00:00",36635,57224,0,0,0,123679.71428571429,130500.14285714286
"2025-02-20 00:00:00",5431,211433,0,0,45253,129807.42857142857,158379.42857142858
"2025-02-21 00:00:00",39888,317192,0,0,0,171663.14285714287,157365.42857142858
"2025-02-22 00:00:00",38075,0,0,0,10274,158642.7142857143,166942
"2025-02-23 00:00:00",15420,0,0,0,0,143988.85714285713,157210.85714285713
"2025-02-24 00:00:00",10933,202741,0,0,12272,153012.2857142857,146464.2857142857
"2025-02-25 00:00:00",112395,0,420,0,0,159370.14285714287,161454.2857142857
"2025-02-26 00:00:00",15951,163522,0,0,0,171600.57142857142,156962.2857142857
"2025-02-27 00:00:00",18657,353483,0,0,49305,194361.7142857143,154611.85714285713
"2025-02-28 00:00:00",16831,0,0,0,0,145754.57142857142,143377.2857142857
"2025-03-01 00:00:00",3254,0,0,0,46768,145993.57142857142,136921.85714285713
"2025-03-02 00:00:00",21455,167236,0,0,0,170746.57142857142,168684.14285714287
"2025-03-03 00:00:00",72978,0,0,0,44681,155277,166683.85714285713
"2025-03-04 00:00:00",34644,237429,0,0,0,178028.2857142857,156936
"2025-03-05 00:00:00",32586,165822,0,0,0,180733.2857142857,158561.14285714287
"2025-03-06 00:00:00",23199,0,0,0,0,123840.85714285714,127569
"2025-03-07 00:00:00",14801,0,0,0,0,123550.85714285714,149443.14285714287
"2025-03-08 00:00:00",46802,57224,1810,0,41937,137515.2857142857,166834.57142857142
"2025-03-09 00:00:00",13095,252222,0,0,10618,149978.7142857143,118577.28571428571
"2025-03-10 00:00:00",26385,0,0,0,919,137070.7142857143,107810.28571428571
"2025-03-11 00:00:00",41825,432366,0,0,4929,166648.85714285713,108094.28571428571
"2025-03-12 00:00:00",11715,60462,0,0,19136,151349.7142857143,111053.28571428571
"2025-03-13 00:00:00",29302,0,0,0,25184,155819.2857142857,130739.57142857143
"2025-03-14 00:00:00",9764,57224,0,0,0,163274.7142857143,107514
"2025-03-15 00:00:00",16274,0,0,0,0,144489,121868
"2025-03-16 00:00:00",9764,0,0,0,0,106464.57142857143,148002.2857142857
"2025-03-17 00:00:00",17422,68933,0,0,0,114900.57142857143,154584
"2025-03-18 00:00:00",33582,166888,0,0,0,75093.42857142857,144211.2857142857
"2025-03-19 00:00:00",11659,0,0,0,0,63714.142857142855,169152.85714285713
"2025-03-20 00:00:00",16831,0,0,0,49014,65337,174556.2857142857
"2025-03-21 00:00:00",3254,106929,0,0,16236,73827.14285714286,162334.14285714287
"2025-03-22 00:00:00",10567,160104,0,0,102562,110535.57142857143,130016
"2025-03-23 00:00:00",32860,161505,1875,0,0,137175,104315.71428571429
"2025-03-24 00:00:00",7060,143115,0,0,12272,148045.42857142858,117720.28571428571
"2025-03-25 00:00:00",29160,109548,0,0,25184,142819.85714285713,115132.28571428571
"2025-03-26 00:00:00",15785,112801,0,0,38128,164970.7142857143,135560.85714285713
"2025-03-27 00:00:00",12318,221564,0,0,0,188976,125805.42857142857
"2025-03-28 00:00:00",6509,204117,3009,0,636,201526.42857142858,132355.57142857142
"2025-03-29 00:00:00",6004,57224,0,0,38946,177089.57142857142,143958
"2025-03-30 00:00:00",21584,0,0,0,0,152138.7142857143,173750.7142857143
"2025-03-31 00:00:00",27361,21801,10236,0,41603,143360.57142857142,162960.14285714287
"2025-04-01 00:00:00",33246,72120,0,0,0,134999.85714285713,171557.57142857142
"2025-04-02 00:00:00",11575,0,19550,0,48297,122529.57142857143,146566
"2025-04-03 00:00:00",36480,0,0,0,41273,100225.42857142857,145852.57142857142
"2025-04-04 00:00:00",63386,21752,0,0,0,81777.71428571429,171537.7142857143
"2025-04-05 00:00:00",16274,21425,0,0,0,72567,154796.42857142858
"2025-04-06 00:00:00",12704,0,0,0,0,71298.42857142857,183013
"2025-04-07 00:00:00",0,0,0,0,0,56869.57142857143,175526.85714285713
"2025-04-08 00:00:00",33436,222461,0,0,18019,80948.14285714286,177898.7142857143
"2025-04-09 00:00:00",8989,57224,0,0,25184,82658.71428571429,158751.2857142857
"2025-04-10 00:00:00",7497,167004,0,0,66597,105993.57142857143,161976.7142857143
"2025-04-11 00:00:00",42643,0,0,0,0,99922.71428571429,158097.85714285713
"2025-04-12 00:00:00",9520,0,0,0,0,95897,185709.7142857143
"2025-04-13 00:00:00",32120,57224,0,0,48292,113744.57142857143,147272.42857142858
"2025-04-14 00:00:00",57931,0,0,0,86864,134429.57142857142,154490.2857142857
"2025-04-15 00:00:00",37669,0,0,0,13733,102641.85714285714,169459.85714285713
"2025-04-16 00:00:00",53510,169260,0,0,8554,122631.71428571429,164757.85714285713
"2025-04-17 00:00:00",42748,0,0,0,0,94296,169999.42857142858
"2025-04-18 00:00:00",5838,0,0,0,0,89038.14285714286,174953.7142857143
"2025-04-19 00:00:00",30150,214591,1875,0,8694,124151.14285714286,153934
"2025-04-20 00:00:00",39241,0,1875,63,16446,112721,143247.14285714287
"2025-04-21 00:00:00",1331,0,0,0,43442,98432.14285714286,140424.14285714287
"2025-04-22 00:00:00",102352,0,0,0,0,105710.57142857143,137527.14285714287
"2025-04-23 00:00:00",17708,120582,0,0,59825,100966.28571428571,144143.85714285713
"2025-04-24 00:00:00",3254,0,0,0,0,95324.28571428571,127209.28571428571
"2025-04-25 00:00:00",21812,166402,1875,0,33751,126467.71428571429,139607.42857142858
"2025-04-26 00:00:00",31389,57224,0,0,0,102653.71428571429,143110.42857142858
"2025-04-27 00:00:00",14715,0,9024,0,0,97812.85714285714,149544
"2025-04-28 00:00:00",7506,57224,0,0,0,100664,173679.85714285713
"2025-04-29 00:00:00",22679,331176,0,0,62168,145474.14285714287,142206.42857142858
"2025-04-30 00:00:00",10048,0,0,0,33751,123428.85714285714,131598.42857142858
"2025-05-01 00:00:00",30104,0,0,0,0,127264.57142857143,124302.57142857143
"2025-05-02 00:00:00",13019,112626,0,63,37178,118556.71428571429,108413.42857142857
"2025-05-03 00:00:00",20410,59016,0,0,31943,121807.71428571429,139262
"2025-05-04 00:00:00",18510,57224,0,0,0,129235.42857142857,141112.2857142857
"2025-05-05 00:00:00",9388,158300,0,0,0,143943.7142857143,106872.28571428571
"2025-05-06 00:00:00",54068,19689,4003,0,0,95620.57142857143,148107.7142857143
"2025-05-07 00:00:00",42581,166846,0,0,45137,125729.85714285714,160154.85714285713
"2025-05-08 00:00:00",6509,57224,0,0,13288,132432.42857142858,173558.2857142857
"2025-05-09 00:00:00",8734,0,0,0,64899,119682,171207.2857142857
"2025-05-10 00:00:00",9764,0,0,0,0,105166.85714285714,150035.85714285713
"2025-05-11 00:00:00",3254,164755,0,0,33751,123170.85714285714,150019.85714285713
"2025-05-12 00:00:00",27248,0,6743,0,0,104071.28571428571,173133.2857142857
"2025-05-13 00:00:00",3254,78795,0,0,0,104684,162926.42857142858
"2025-05-14 00:00:00",19325,166692,0,0,58936,103311,176008.2857142857
"2025-05-15 00:00:00",22338,0,0,0,0,95499,172555.2857142857
"2025-05-16 00:00:00",10259,39408,0,0,0,92075.14285714286,187560.2857142857
"2025-05-17 00:00:00",13019,0,0,0,0,92540.14285714286,178850.42857142858
"2025-05-18 00:00:00",19225,0,0,63,21236,69506.14285714286,183342.14285714287
"2025-05-19 00:00:00",20316,163951,0,0,0,90974.14285714286,186836.85714285713
"2025-05-20 00:00:00",14121,0,0,0,0,81270,186762.7142857143
"2025-05-21 00:00:00",13019,114449,0,0,0,64486.57142857143,165195.14285714287
"2025-05-22 00:00:00",63698,209366,0,0,43076,106458.28571428571,185554.57142857142
"2025-05-23 00:00:00",11133,0,0,0,99551,115175,166088.2857142857
"2025-05-24 00:00:00",13019,0,0,0,56117,123191.85714285714,151883.7142857143
"2025-05-25 00:00:00",7383,0,11841,0,8126,121310,170269.2857142857
"2025-05-26 00:00:00",8651,0,0,0,0,96221.85714285714,180567
"2025-05-27 00:00:00",70536,132069,0,0,0,123148.28571428571,158316.14285714287
"2025-05-28 00:00:00",26207,24702,0,0,0,112211.14285714286,157132
"2025-05-29 00:00:00",88526,273346,0,0,16533,121106.14285714286,129285
"2025-05-30 00:00:00",5609,34091,0,63,33751,115796.42857142857,124544.57142857143
"2025-05-31 00:00:00",14853,329827,0,0,0,155159.85714285713,125513.57142857143
"2025-06-01 00:00:00",48318,0,1875,0,0,158423,93728.71428571429
"2025-06-02 00:00:00",13019,0,0,0,0,159047,63471.857142857145
"2025-06-03 00:00:00",31844,57224,0,0,0,142827.42857142858,83338.42857142857
"2025-06-04 00:00:00",36762,78044,0,0,48480,158881.42857142858,115574.42857142857
"2025-06-05 00:00:00",33925,195350,0,0,0,137577.2857142857,140698.14285714287
"2025-06-06 00:00:00",27403,0,0,0,0,130989.71428571429,149846
"2025-06-07 00:00:00",20518,78859,0,0,95524,109592.71428571429,188011.85714285713
"2025-06-08 00:00:00",35896,60195,0,0,33751,120971.42857142857,195797.85714285713
"2025-06-09 00:00:00",37114,52289,0,0,0,131883.42857142858,216129.14285714287
"2025-06-10 00:00:00",11346,116653,0,0,0,137445,193028.85714285713
"2025-06-11 00:00:00",102073,177838,3972,63,8347,155874.57142857142,156249.42857142858
"2025-06-12 00:00:00",24832,114449,0,0,0,143018.14285714287,153366.2857142857
"2025-06-13 00:00:00",84279,56713,0,0,48547,166180.7142857143,140295.2857142857
"2025-06-14 00:00:00",44707,162752,0,0,33751,172796.42857142858,134359.2857142857
"2025-06-15 00:00:00",83891,0,0,0,0,166231.7142857143,145505.42857142858
"2025-06-16 00:00:00",8770,64932,0,0,0,163988.85714285713,120666.85714285714
"2025-06-17 00:00:00",60271,167431,0,0,1258,178412,123886.57142857143
"2025-06-18 00:00:00",8937,0,0,0,13497,139860.57142857142,121781
"2025-06-19 00:00:00",9764,0,0,0,28708,125459.42857142857,122437
"2025-06-20 00:00:00",38440,0,0,0,89615,116675.71428571429,122398.57142857143
"2025-06-21 00:00:00",17877,162708,0,0,0,108014.71428571429,89863.85714285714
"2025-06-22 00:00:00",17813,181787,0,0,0,124544.57142857143,68320.28571428571
"2025-06-23 00:00:00",53266,170986,0,0,11266,147661,71328.42857142857
"2025-06-24 00:00:00",20886,74854,0,0,0,128629.28571428571,76622
"2025-06-25 00:00:00",16755,70465,0,0,48993,144883.57142857142,89181.71428571429
"2025-06-26 00:00:00",9764,341284,0,0,12272,191290.42857142858,68490.85714285714
"2025-06-27 00:00:00",16370,0,0,0,0,175335.42857142858,66610.14285714286
"2025-06-28 00:00:00",0,0,0,0,69958,159531.57142857142,79617.28571428571
"2025-06-29 00:00:00",18969,967,0,0,0,133865.2857142857,86568.71428571429
"2025-06-30 00:00:00",51889,205285,0,0,522,137033.57142857142,107546
"2025-07-01 00:00:00",7948,57224,0,0,0,132666.85714285713,91010.71428571429
"2025-07-02 00:00:00",15261,169278,0,0,17439,142061.85714285713,97995.14285714286
"2025-07-03 00:00:00",82316,175119,0,0,0,126935.28571428571,93791.42857142857
"2025-07-04 00:00:00",20031,57224,0,0,0,135633.14285714287,96531.71428571429
"2025-07-05 00:00:00",26681,52539,0,0,12272,138709.7142857143,91282.57142857143
"2025-07-06 00:00:00",15500,161459,0,0,33751,165963.42857142858,103528.71428571429
"2025-07-07 00:00:00",21863,123992,0,0,12870,151824.85714285713,81454.14285714286
"2025-07-08 00:00:00",6509,8683,0,0,33751,149506.57142857142,110655.71428571429
"2025-07-09 00:00:00",29231,109855,1875,0,0,140789.85714285713,128158.85714285714
"2025-07-10 00:00:00",11175,0,0,0,58805,114010.71428571429,175862.7142857143
"2025-07-11 00:00:00",9953,57224,0,0,525,112646,181813.2857142857
"2025-07-12 00:00:00",105643,27872,0,0,0,118649.14285714286,174910.14285714287
"2025-07-13 00:00:00",30046,9348,0,0,33751,98997,175061.85714285713
"2025-07-14 00:00:00",4951,57224,417,0,26371,89031.14285714286,194655.14285714287
"2025-07-15 00:00:00",40080,41468,1875,0,78889,105226.57142857143,172284
"2025-07-16 00:00:00",0,95429,0,0,0,98721.85714285714,161870.2857142857
"2025-07-17 00:00:00",44472,0,2404,0,0,95421.14285714286,130814.71428571429
"2025-07-18 00:00:00",18450,54462,0,0,0,96165.57142857143,141023
"2025-07-19 00:00:00",13019,99566,0,0,38348,98654,187354.14285714287
"2025-07-20 00:00:00",43325,0,0,0,0,94393.71428571429,170229.14285714287
"2025-07-21 00:00:00",19298,52707,0,0,0,91971,164146.85714285713
"2025-07-22 00:00:00",49325,74499,0,0,45137,92920.71428571429,157839.85714285713
"2025-07-23 00:00:00",3254,0,2555,0,0,80118,132196.14285714287
"2025-07-24 00:00:00",13019,0,1875,0,33751,80371,125126.28571428571
"2025-07-25 00:00:00",3254,57224,0,0,0,78594.71428571429,96687.42857142857
"2025-07-26 00:00:00",9764,114449,0,0,0,74777.42857142857,58145.57142857143
"2025-07-27 00:00:00",4265,113249,0,0,0,85376,62129.142857142855
"2025-07-28 00:00:00",19774,290149,0,0,0,119364.28571428571,53931
"2025-07-29 00:00:00",13019,105556,0,63,0,112175.42857142857,57993.28571428572
"2025-07-30 00:00:00",0,0,1875,0,0,111613.28571428571,101552.42857142857
"2025-07-31 00:00:00",28570,88498,0,0,33751,126209.57142857143,121563.71428571429
"2025-08-01 00:00:00",23269,0,0,0,0,120893.85714285714,119173
"2025-08-02 00:00:00",42967,54027,0,63,46024,123589.28571428571,149946
"2025-08-03 00:00:00",26628,163792,0,0,0,134004.2857142857,137289
"2025-08-04 00:00:00",878,0,0,0,0,89854.85714285714,148564.85714285713
"2025-08-05 00:00:00",22784,193333,0,0,0,103780.42857142857,165389.14285714287
"2025-08-06 00:00:00",14952,169846,0,0,12272,131665.42857142858,150741.7142857143
"2025-08-07 00:00:00",10901,80411,0,0,78889,134434,167497.7142857143
"2025-08-08 00:00:00",8828,159018,0,0,33751,159909.57142857142,196150
"2025-08-09 00:00:00",3254,91739,0,0,0,153039.85714285713,160841.57142857142
"2025-08-10 00:00:00",31334,0,0,0,0,130313.28571428571,206447.85714285713
"2025-08-11 00:00:00",27691,0,0,0,9275,135468.7142857143,205549
"2025-08-12 00:00:00",45742,0,0,0,0,111129.28571428571,219160.57142857142
"2025-08-13 00:00:00",19541,0,0,0,0,85768,203005.14285714287
"2025-08-14 00:00:00",3254,0,0,0,0,61918.42857142857,190835
"2025-08-15 00:00:00",6509,61010,8888,0,0,44034.142857142855,195903.14285714287
"2025-08-16 00:00:00",3254,0,0,0,0,30928.428571428572,193083.57142857142
"2025-08-17 00:00:00",11510,0,0,0,10618,29613.428571428572,195954.42857142858
"2025-08-18 00:00:00",9764,57224,3750,0,0,34438.28571428572,195447.42857142858
"2025-08-19 00:00:00",17332,0,0,0,0,30379.714285714286,177472.42857142858
"2025-08-20 00:00:00",87799,20367,1875,0,0,43308.28571428572,195400.14285714287
"2025-08-21 00:00:00",9764,0,0,0,0,44238.28571428572,164106.42857142858
"2025-08-22 00:00:00",62805,57224,0,0,0,50470,158851.85714285713
"2025-08-23 00:00:00",6509,57224,0,0,0,59110,165011.57142857142
"2025-08-24 00:00:00",0,0,0,0,0,55948.71428571428,162212.7142857143
"2025-08-25 00:00:00",14161,0,1875,0,0,48133.857142857145,153207
"2025-08-26 00:00:00",41381,0,0,0,12272,53322.71428571428,135222
"2025-08-27 00:00:00",5926,0,0,0,0,38449.142857142855,107448.28571428571
"2025-08-28 00:00:00",34567,43761,1875,0,67031,58087.857142857145,118493.14285714286
"2025-08-29 00:00:00",62308,64544,0,0,3674,59587.57142857143,88123
"2025-08-30 00:00:00",3254,84081,0,0,10618,64476.142857142855,81581
"2025-08-31 00:00:00",25000,0,0,0,0,68047.57142857143,69332.85714285714
"2025-09-01 00:00:00",88484,0,0,0,0,78397.28571428571,62360.28571428572
"2025-09-02 00:00:00",27442,0,0,0,83337,86558,71715.42857142857
"2025-09-03 00:00:00",6509,0,0,0,12272,88394.57142857143,71489.14285714286
"2025-09-04 00:00:00",7567,48492,0,0,0,75369.42857142857,96219.42857142857
"2025-09-05 00:00:00",6509,0,0,0,0,57652.42857142857,127283.57142857143
"2025-09-06 00:00:00",3254,50608,0,0,0,51353.71428571428,142597.14285714287
"2025-09-07 00:00:00",43288,0,0,0,0,53966.28571428572,116191.14285714286
"2025-09-08 00:00:00",18094,99489,0,0,0,58123.42857142857,116163.14285714286
"2025-09-09 00:00:00",3254,66050,0,0,61287,60953.857142857145,119087.85714285714
"2025-09-10 00:00:00",19321,114449,0,0,11198,78980.57142857143,123305.71428571429
"2025-09-11 00:00:00",7567,0,1875,0,12272,74074.28571428571,84936.42857142857
"2025-09-12 00:00:00",13019,48759,0,0,0,81970,66750.57142857143
"2025-09-13 00:00:00",905,0,0,0,0,74404.57142857143,82611.57142857143
"2025-09-14 00:00:00",10822,0,0,0,0,69766.57142857143,86433.28571428571
"2025-09-15 00:00:00",18561,158565,0,0,0,78272.71428571429,122199.28571428571
"2025-09-16 00:00:00",9764,286325,0,0,0,101915.28571428571,126757
"2025-09-17 00:00:00",34931,86570,0,0,0,98562.71428571429,144094.42857142858
"2025-09-18 00:00:00",9764,58705,0,0,10618,106758.85714285714,145389.42857142858
"2025-09-19 00:00:00",76073,0,0,0,52846,116350.42857142857,144883.7142857143
"2025-09-20 00:00:00",3254,0,0,0,42221,122717.71428571429,121879.14285714286
"2025-09-21 00:00:00",3254,78605,0,0,33751,137687.7142857143,133881.7142857143
"2025-09-22 00:00:00",12148,57224,0,0,0,122294.28571428571,96070.85714285714
"2025-09-23 00:00:00",18454,78014,0,0,0,93777,92337.14285714286
"2025-09-24 00:00:00",3254,0,0,0,62227,85774.28571428571,71973.42857142857
"2025-09-25 00:00:00",6509,696,0,0,0,75505.42857142857,73759.42857142857
"2025-09-26 00:00:00",6509,166650,0,63,0,81834.42857142857,65679.71428571429
"2025-09-27 00:00:00",46960,101579,1268,0,0,96739,66143.57142857143
"2025-09-28 00:00:00",10187,0,0,0,0,81678.28571428571,53862.142857142855
"2025-09-29 00:00:00",13019,114449,0,0,0,89977.71428571429,69685.14285714286
"2025-09-30 00:00:00",13019,0,0,0,0,78056.28571428571,89602
"2025-10-01 00:00:00",0,0,5881,63,75385,80320.28571428571,86593.71428571429
"2025-10-02 00:00:00",12137,0,1875,0,0,81292.71428571429,85443.28571428571
"2025-10-03 00:00:00",32788,0,0,0,0,61230.57142857143,93279.71428571429
"2025-10-04 00:00:00",77606,57224,0,0,41162,64971.42857142857,107251.14285714286
"2025-10-05 00:00:00",10556,3481,3750,0,0,66057.28571428571,97007
"2025-10-06 00:00:00",6509,38205,0,0,0,54235.28571428572,80476.57142857143
"2025-10-07 00:00:00",28325,57224,0,0,66390,74081.14285714286,112806.42857142857
"2025-10-08 00:00:00",22071,221316,0,0,0,97232.28571428571,113666.85714285714
"2025-10-09 00:00:00",3254,57224,0,0,0,103870.28571428571,119505.71428571429
"2025-10-10 00:00:00",13339,88001,0,0,0,113663.42857142857,108771.28571428571
"2025-10-11 00:00:00",27106,0,0,0,0,92393.71428571429,96756
"2025-10-12 00:00:00",3686,0,0,0,13613,92324,117713.28571428571
"2025-10-13 00:00:00",13019,50084,0,0,0,94951,117104.85714285714
"2025-10-14 00:00:00",23172,57224,0,0,25184,88328.28571428571,70931.28571428571
"2025-10-15 00:00:00",21343,0,0,0,0,56607.57142857143,75592.28571428571
"2025-10-16 00:00:00",11528,221676,0,0,0,81282.71428571429,85772.28571428571
"2025-10-17 00:00:00",9764,64095,0,63,12272,79119.28571428571,94854
"2025-10-18 00:00:00",13019,0,0,0,40798,82935.28571428571,105461.57142857143
"2025-10-19 00:00:00",55758,81518,2131,0,0,100379.28571428571,89583.14285714286
"2025-10-20 00:00:00",31071,0,0,0,0,95803.14285714286,139781.2857142857
"2025-10-21 00:00:00",13019,57224,0,0,80415,102243,125456.71428571429
"2025-10-22 00:00:00",7567,0,0,0,0,100275,143000.42857142858
"2025-10-23 00:00:00",52125,0,0,0,0,74406.42857142857,162014.2857142857
"2025-10-24 00:00:00",10822,0,7999,0,0,64781.42857142857,169338.57142857142
"2025-10-25 00:00:00",6509,57224,0,0,4547,66847.71428571429,161456.57142857142
"2025-10-26 00:00:00",9764,13805,0,0,0,50299.42857142857,163034.7142857143
"2025-10-27 00:00:00",64537,0,0,0,0,55080.28571428572,111533.85714285714
"2025-10-28 00:00:00",15134,0,0,0,60084,44303,125064.57142857143
"2025-10-29 00:00:00",21552,60852,0,63,0,55003.142857142855,112808.71428571429
"2025-10-30 00:00:00",22033,0,0,0,0,50704.28571428572,77363
"2025-10-31 00:00:00",30352,0,1875,0,0,52619.42857142857,68230.28571428571
"2025-11-01 00:00:00",0,0,7359,0,0,43916.142857142855,54194.142857142855
"2025-11-02 00:00:00",59859,14137,0,0,0,51120,58221.857142857145
"2025-11-03 00:00:00",88825,0,0,0,0,54589.71428571428,71400.85714285714
"2025-11-04 00:00:00",22784,48544,0,63,74329,64661.57142857143,87130.71428571429
"2025-11-05 00:00:00",6073,0,1875,0,0,54015.857142857145,89078.57142857143
"2025-11-06 00:00:00",3254,57224,0,0,0,59508.142857142855,122269.71428571429
"2025-11-07 00:00:00",7567,49729,0,0,0,63089.42857142857,146963.14285714287
"2025-11-08 00:00:00",40305,57224,0,0,69215,85858.85714285714,156620
"2025-11-09 00:00:00",28428,57224,0,0,0,87524,204692.42857142858
"2025-11-10 00:00:00",19131,4839,0,0,59249,86723.28571428571,225257.85714285713
"2025-11-11 00:00:00",14813,170465,10570,0,0,93884.28571428571,212580
"2025-11-12 00:00:00",36007,114449,0,0,0,114242.71428571429,224050
"2025-11-13 00:00:00",8928,51200,0,0,0,114192.71428571429,202642
"2025-11-14 00:00:00",80147,162935,0,63,0,140742.57142857142,207392
"2025-11-15 00:00:00",11359,0,0,0,40043,124265,203630
"2025-11-16 00:00:00",6509,220557,0,0,0,144467,192878.7142857143
"2025-11-17 00:00:00",50438,48138,0,0,43468,152870.57142857142,164487
"2025-11-18 00:00:00",7567,63744,0,0,0,135079.42857142858,153482.7142857143
"2025-11-19 00:00:00",19523,211995,0,0,8630,147892.57142857142,148044.7142857143
"2025-11-20 00:00:00",26057,0,0,0,0,143025.14285714287,136133.7142857143
"2025-11-21 00:00:00",37786,245311,0,0,0,148732.7142857143,110894.14285714286
"2025-11-22 00:00:00",11614,2451,0,0,63496,152469.85714285713,117804.42857142857
"2025-11-23 00:00:00",36046,0,0,0,0,125181.14285714286,112196.85714285714
"2025-11-24 00:00:00",37317,96080,0,0,45137,130394,123955.28571428571
"2025-11-25 00:00:00",26090,38205,0,0,0,129391.71428571429,152430.7142857143
"2025-11-26 00:00:00",8691,29281,0,0,37840,105915.14285714286,145946.42857142858
"2025-11-27 00:00:00",45830,57224,6276,0,0,117811.42857142857,159190.7142857143
"2025-11-28 00:00:00",63529,231790,1875,0,0,119825.14285714286,174277
"2025-11-29 00:00:00",3254,0,0,0,41303,115110.28571428571,168728.57142857142
"2025-11-30 00:00:00",8869,0,0,0,16435,113575.71428571429,127973.71428571429
"2025-12-01 00:00:00",11258,28402,0,0,15210,95909.42857142857,118220.85714285714
"2025-12-02 00:00:00",10768,49343,0,0,34873,100293.85714285714,90252.28571428571
"2025-12-03 00:00:00",9764,25558,0,0,0,94509.57142857143,99511.42857142857
"2025-12-04 00:00:00",31275,0,0,0,85304,95545,86618.14285714286
"2025-12-05 00:00:00",21672,0,0,0,735,56289.71428571428,63688.57142857143
"2025-12-06 00:00:00",129771,27016,0,0,0,72322.42857142857,72386.14285714286
"2025-12-07 00:00:00",7356,79427,1104,0,69404,91177.85714285714,101685.57142857143
"2025-12-08 00:00:00",0,6995,0,0,0,84338.42857142857,101469.85714285714
"2025-12-09 00:00:00",0,57224,0,0,0,78943.85714285714,105689.85714285714
"2025-12-10 00:00:00",0,0,0,0,0,73897.71428571429,100939.57142857143
"2025-12-11 00:00:00",3885,0,0,0,0,57798.57142857143,114701.42857142857
"2025-12-12 00:00:00",12570,57209,0,0,0,64566.142857142855,116128.14285714286
"2025-12-13 00:00:00",9950,84356,0,0,0,55640.28571428572,110468.85714285714
"2025-12-14 00:00:00",12296,0,0,0,12272,36679.71428571428,94982.42857142857
"2025-12-15 00:00:00",20031,152654,0,0,72803,70750.42857142857,96031
"2025-12-16 00:00:00",66868,57224,0,0,42775,86414,86475.42857142857
"2025-12-17 00:00:00",8032,57224,0,0,0,95736.42857142857,73103.42857142857
"2025-12-18 00:00:00",17555,121367,0,0,0,115027.57142857143,83800.42857142857
"2025-12-19 00:00:00",23985,38205,0,0,0,113943.28571428571,129832.85714285714
"2025-12-20 00:00:00",101056,30255,0,0,49216,126260.71428571429,118330.85714285714
"2025-12-21 00:00:00",25542,0,0,0,0,126399.85714285714,122685.57142857143
"2025-12-22 00:00:00",15193,57224,0,0,12272,103428.42857142857,121473.85714285714
"2025-12-23 00:00:00",77126,8669,0,0,0,91846.42857142857,126758.57142857143
"2025-12-24 00:00:00",9764,0,1875,0,0,84186.85714285714,155300.42857142858
"2025-12-25 00:00:00",28501,0,0,0,60701,77083.85714285714,164931.85714285713
"2025-12-26 00:00:00",48140,0,5795,0,0,75904.71428571429,124062
"2025-12-27 00:00:00",21360,67351,0,0,0,62788,146386.2857142857
"2025-12-28 00:00:00",32516,0,0,0,48297,70683.85714285714,138726.2857142857
"2025-12-29 00:00:00",38213,0,0,0,0,64044.28571428572,141539
"2025-12-30 00:00:00",14077,6121,0,0,0,54673.28571428572,162724
"2025-12-31 00:00:00",112925,38205,0,0,42744,80706.71428571429,129407.42857142857
"2026-01-01 00:00:00",65652,0,0,0,0,77342.42857142857,93920.57142857143
"2026-01-02 00:00:00",15173,245827,0,0,0,106923,106600.28571428571
"2026-01-03 00:00:00",18286,86538,0,0,0,109225,133305.2857142857
"2026-01-04 00:00:00",23965,134536,0,0,153535,142257,137865.42857142858
"2026-01-05 00:00:00",72042,0,0,0,0,147089.7142857143,163398.14285714287
"2026-01-06 00:00:00",46379,83039,0,0,284565,203344.7142857143,148918.57142857142
"2026-01-07 00:00:00",30546,0,0,0,38876,185565.85714285713,168224.2857142857
"2026-01-08 00:00:00",16413,0,0,0,0,178531.7142857143,178355
"2026-01-09 00:00:00",14077,0,0,0,0,143257,170517.42857142858
"2026-01-10 00:00:00",12211,0,0,0,0,130026.42857142857,149650.14285714287
"2026-01-11 00:00:00",10822,0,19288,0,0,89751.14285714286,137509.2857142857
"2026-01-12 00:00:00",14980,0,0,0,59815,90144.42857142857,102926.57142857143
"2026-01-13 00:00:00",41439,0,0,0,33751,41745.57142857143,104978.42857142857
"2026-01-14 00:00:00",22784,38205,4362,0,47713,47980.28571428572,98554.42857142857
"2026-01-15 00:00:00",10822,0,0,0,0,47181.57142857143,112448
"2026-01-16 00:00:00",6509,0,0,0,0,46100.42857142857,102384.42857142857
"2026-01-17 00:00:00",7567,0,0,0,0,45437,90887.71428571429
"2026-01-18 00:00:00",13091,0,0,0,12272,44759,87178.85714285714
"2026-01-19 00:00:00",38595,291162,0,0,44930,87600.85714285714,99947.42857142857
"2026-01-20 00:00:00",37733,0,0,0,0,82249.71428571429,87060.57142857143
"2026-01-21 00:00:00",34773,42237,19730,0,33751,84739.42857142857,80835.85714285714
"2026-01-22 00:00:00",62402,0,0,0,12272,93861.14285714286,97700.14285714286
"2026-01-23 00:00:00",6509,0,0,0,62009,102719.71428571429,117401
"2026-01-24 00:00:00",46501,30608,0,0,12272,114407.42857142857,104909.85714285714
"2026-01-25 00:00:00",4312,0,0,0,0,111400,129995.14285714286
"2026-01-26 00:00:00",13624,0,0,0,0,59819.42857142857,122520
"2026-01-27 00:00:00",68375,34434,0,0,33751,73937.85714285714,125410
"2026-01-28 00:00:00",17795,0,0,0,32015,62411.71428571428,152214.14285714287
"2026-01-29 00:00:00",6509,0,0,0,57508,60889.42857142857,119092.71428571429
"2026-01-30 00:00:00",59477,0,0,0,0,59597.71428571428,112408.14285714286
"2026-01-31 00:00:00",75300,0,256,0,0,57622.71428571428,122323.28571428571
"2026-02-01 00:00:00",40509,0,0,0,50344,69985.85714285714,121692.85714285714
"2026-02-02 00:00:00",6509,252273,0,194,0,105036.42857142857,126411.28571428571
"2026-02-03 00:00:00",52899,0,0,0,0,93084.57142857143,135287.14285714287
"2026-02-04 00:00:00",60038,0,0,0,0,94545.71428571429,131103.42857142858
"2026-02-05 00:00:00",15089,0,0,0,0,87555.85714285714,143272.2857142857
"2026-02-06 00:00:00",0,0,0,0,50770,86312,134483.57142857142
"2026-02-07 00:00:00",17028,0,1875,0,110753,94040.57142857143,129709.14285714286
"2026-02-08 00:00:00",7567,0,0,0,0,82142.42857142857,113647.42857142857
"2026-02-09 00:00:00",33528,0,1875,0,0,50203.28571428572,125160.85714285714
"2026-02-10 00:00:00",14077,0,0,0,0,44657.28571428572,130164.85714285714
"2026-02-11 00:00:00",78213,164242,0,0,12272,72470.14285714286,102627.85714285714
"2026-02-12 00:00:00",20614,149305,0,0,41450,100510.28571428571,114617.14285714286
"2026-02-13 00:00:00",7567,0,1875,0,0,94606.28571428571,135310.7142857143
"2026-02-14 00:00:00",9488,73320,0,0,0,87913.71428571429,134963.85714285713
"2026-02-15 00:00:00",7567,0,0,0,0,87913.71428571429,143566.14285714287
"2026-02-16 00:00:00",6509,57224,1875,0,0,92228.71428571429,137123.14285714287
"2026-02-17 00:00:00",6509,0,0,0,0,91147.57142857143,136641
"2026-02-18 00:00:00",61736,57224,0,0,0,71752.28571428571,143293.14285714287
"2026-02-19 00:00:00",6509,0,0,0,0,42486.42857142857,123679.71428571429
"2026-02-20 00:00:00",7567,0,0,0,33751,47040.28571428572,129807.42857142857
"2026-02-21 00:00:00",10036,42740,0,0,0,42750.142857142855,171663.14285714287
"2026-02-22 00:00:00",49016,76261,0,0,33751,64387.71428571428,158642.7142857143
"2026-02-23 00:00:00",6509,38205,0,0,33751,66224.57142857143,143988.85714285713
"2026-02-24 00:00:00",11879,10860,0,0,12272,70296.42857142857,153012.2857142857
"2026-02-25 00:00:00",99021,71518,0,0,0,77664.85714285714,159370.14285714287
"2026-02-26 00:00:00",16470,0,0,0,39449,84723.42857142857,171600.57142857142
"2026-02-27 00:00:00",9764,0,0,0,0,80215.57142857143,194361.7142857143
"2026-02-28 00:00:00",14055,0,0,0,0,74683.85714285714,145754.57142857142
"2026-03-01 00:00:00",102802,55418,0,0,0,74568.14285714286,145993.57142857142
"2026-03-02 00:00:00",9764,0,0,0,46663,71419.71428571429,170746.57142857142
"2026-03-03 00:00:00",30382,38205,0,0,12272,77969.42857142857,155277
"2026-03-04 00:00:00",10822,0,0,0,73695,65680.42857142857,178028.2857142857
"2026-03-05 00:00:00",0,0,3775,0,44771,64627.28571428572,180733.2857142857
"2026-03-06 00:00:00",6509,0,0,0,12272,65915.57142857143,123840.85714285714
"2026-03-07 00:00:00",3254,0,0,0,0,64372.57142857143,123550.85714285714
"2026-03-08 00:00:00",18643,19433,0,0,0,47209.142857142855,137515.2857142857
"2026-03-09 00:00:00",8290,0,0,0,0,40332.28571428572,149978.7142857143
"2026-03-10 00:00:00",6509,0,0,0,0,29710.714285714286,137070.7142857143
"2026-03-11 00:00:00",6509,95494,0,63,0,32217.85714285714,166648.85714285713
"2026-03-12 00:00:00",18431,38205,0,0,0,33373.42857142857,151349.7142857143
"2026-03-13 00:00:00",6509,0,0,194,0,31648,155819.2857142857
"2026-03-14 00:00:00",21250,0,0,0,33751,39040.57142857143,163274.7142857143
"2026-03-15 00:00:00",120252,0,0,0,0,50780,144489
"2026-03-16 00:00:00",77938,0,0,0,0,60729.71428571428,106464.57142857143
"2026-03-17 00:00:00",9764,0,0,0,12272,62948,114900.57142857143
"2026-03-18 00:00:00",1770,0,2555,0,0,48984.857142857145,75093.42857142857
"2026-03-19 00:00:00",6509,165115,1875,0,38793,71221.71428571429,63714.142857142855
"2026-03-20 00:00:00",15134,0,0,0,12272,74179.28571428571,65337
"2026-03-21 00:00:00",6509,12956,0,0,0,69102.71428571429,73827.14285714286
"2026-03-22 00:00:00",41191,50433,0,0,0,65013.142857142855,110535.57142857143
"2026-03-23 00:00:00",14077,0,0,0,0,55890.142857142855,137175
"2026-03-24 00:00:00",61076,0,1021,0,0,61613.142857142855,148045.42857142858
"2026-03-25 00:00:00",85693,38205,0,0,0,78695,142819.85714285713
"2026-03-26 00:00:00",3254,160656,0,0,0,71783.14285714286,164970.7142857143
"2026-03-27 00:00:00",38384,57224,0,0,61129,90259,188976
"2026-03-28 00:00:00",13019,0,0,0,0,89338,201526.42857142858
"2026-03-29 00:00:00",3254,57224,0,0,0,84888.57142857143,177089.57142857142
"2026-03-30 00:00:00",51349,0,0,0,0,90213.14285714286,152138.7142857143
"2026-03-31 00:00:00",3254,0,0,0,0,81806.85714285714,143360.57142857142
"2026-04-01 00:00:00",3254,57224,1875,0,0,73014.85714285714,134999.85714285713
"2026-04-02 00:00:00",6509,63094,0,0,12272,61295.57142857143,122529.57142857143
"2026-04-03 00:00:00",38021,54489,0,0,8913,53393.42857142857,100225.42857142857
"2026-04-04 00:00:00",52261,0,0,0,0,58999.42857142857,81777.71428571429
"2026-04-05 00:00:00",7567,174950,0,0,64620,85664.85714285714,72567
"2026-04-06 00:00:00",35738,57224,1875,0,0,91877.57142857143,71298.42857142857
"2026-04-07 00:00:00",20587,0,19126,0,0,97086,56869.57142857143
"2026-04-08 00:00:00",25265,314668,0,0,0,136740.2857142857,80948.14285714286
"2026-04-09 00:00:00",0,0,0,0,12272,126796.85714285714,82658.71428571429
"2026-04-10 00:00:00",6509,57224,0,0,0,121412.71428571429,105993.57142857143
"2026-04-11 00:00:00",73505,6338,1875,0,0,125621,99922.71428571429
"2026-04-12 00:00:00",9764,0,1875,0,0,91978.57142857143,95897
"2026-04-13 00:00:00",3254,7749,7367,0,0,81054.71428571429,113744.57142857143
"2026-04-14 00:00:00",58669,0,0,0,16435,86110.71428571429,134429.57142857142
"2026-04-15 00:00:00",143799,274376,0,0,69215,107176,102641.85714285714
"2026-04-16 00:00:00",9764,0,0,63,25184,110424.57142857143,122631.71428571429
"2026-04-17 00:00:00",6509,0,0,0,2658,102629.42857142857,94296
"2026-04-18 00:00:00",9764,0,5660,0,45137,99607,89038.14285714286
"2026-04-19 00:00:00",31266,6997,0,194,29272,107619.85714285714,124151.14285714286
"2026-04-20 00:00:00",3254,47645,0,0,0,112266.85714285714,112721
"2026-04-21 00:00:00",58027,0,0,194,0,109855,98432.14285714286
"2026-04-22 00:00:00",8700,179181,1875,0,0,67335.71428571429,105710.57142857143
"2026-04-23 00:00:00",54466,49302,0,0,19886,79999,100966.28571428571
"2026-04-24 00:00:00",8570,175862,11642,0,57212,114873.28571428571,95324.28571428571
"2026-04-25 00:00:00",32268,0,0,0,63496,119902.14285714286,126467.71428571429
"2026-04-26 00:00:00",51805,61249,0,0,50728,133624,102653.71428571429
"2026-04-27 00:00:00",24817,32649,0,0,0,134562.14285714287,97812.85714285714
"2026-04-28 00:00:00",14156,66660,0,0,57567,146013.85714285713,100664
"2026-04-29 00:00:00",18777,239585,953,0,0,155951.14285714287,145474.14285714287
"2026-04-30 00:00:00",26756,73170,1875,0,0,152829.42857142858,123428.85714285714
"2026-05-01 00:00:00",6509,97469,0,0,0,131499.57142857142,127264.57142857143
"2026-05-02 00:00:00",33888,74532,0,0,43257,139487.42857142858,118556.71428571429
"2026-05-03 00:00:00",35378,76889,0,0,24357,135607.85714285713,121807.71428571429
"2026-05-04 00:00:00",39061,0,0,0,58470,141331.2857142857,129235.42857142857
"2026-05-05 00:00:00",85508,0,0,0,0,133777.57142857142,143943.7142857143
"2026-05-06 00:00:00",37688,43480,0,0,12272,110081,95620.57142857143
"2026-05-07 00:00:00",45905,92834,0,0,43954,121636.85714285714,125729.85714285714
"2026-05-08 00:00:00",23893,79168,9730,0,0,122895.71428571429,132432.42857142858
"2026-05-09 00:00:00",50908,2599,0,0,84108,120886.57142857143,119682
"2026-05-10 00:00:00",25650,35633,19751,0,274076,152098.85714285713,105166.85714285714
"2026-05-11 00:00:00",20659,0,0,0,71451,151324.42857142858,123170.85714285714
"2026-05-12 00:00:00",10398,290171,0,0,0,182047.42857142858,104071.28571428571
"2026-05-13 00:00:00",33363,0,0,0,0,173464.85714285713,104684
"2026-05-14 00:00:00",25963,17344,0,0,28399,157609.7142857143,103311
"2026-05-15 00:00:00",11321,22010,0,0,0,146258.42857142858,95499
"2026-05-16 00:00:00",18794,30998,0,0,185463,160207.14285714287,92075.14285714286
"2026-05-17 00:00:00",49874,113329,6715,0,12272,135504.2857142857,92540.14285714286
"2026-05-18 00:00:00",731,162559,0,0,53552,153323.42857142858,69506.14285714286
"2026-05-19 00:00:00",54299,208485,0,0,12074,149650.57142857142,90974.14285714286
"2026-05-20 00:00:00",13356,31882,0,2764,0,151742,81270
"2026-05-21 00:00:00",26938,52048,0,0,84976,164921.42857142858,64486.57142857143
"2026-05-22 00:00:00",10530,0,0,0,0,161664,106458.28571428571
"2026-05-23 00:00:00",30762,106876,0,0,4777,148401,115175
"2026-05-24 00:00:00",22708,84937,0,0,25886,141449.57142857142,123191.85714285714
"2026-05-25 00:00:00",42898,123704,0,0,0,134272.14285714287,121310
"2026-05-26 00:00:00",84933,0,0,0,0,107139.85714285714,96221.85714285714
"2026-05-27 00:00:00",24471,124326,0,0,5836,122372.71428571429,123148.28571428571
"2026-05-28 00:00:00",27094,0,0,0,0,102819.85714285714,112211.14285714286
"2026-05-29 00:00:00",21467,277747,0,0,0,144060.42857142858,121106.14285714286
"2026-05-30 00:00:00",7429,57224,0,0,333460,180589,115796.42857142857
"2026-05-31 00:00:00",19321,84341,0,0,42550,182400.57142857142,155159.85714285713
"2026-06-01 00:00:00",7886,0,0,0,105164,174750.2857142857,158423
"2026-06-02 00:00:00",78053,118727,0,0,40851,196564.2857142857,159047
"2026-06-03 00:00:00",34027,0,0,0,0,179334.85714285713,142827.42857142858
"2026-06-04 00:00:00",4419,0,0,0,52627,183613.7142857143,158881.42857142858
"2026-06-05 00:00:00",21360,7513,0,0,85008,157137.7142857143,137577.2857142857
"2026-06-06 00:00:00",86662,147060,0,0,5836,134486.85714285713,130989.71428571429
"2026-06-07 00:00:00",21692,0,0,0,13613,118643,109592.71428571429
"2026-06-08 00:00:00",9052,225273,0,0,4547,136617.7142857143,120971.42857142857
"2026-06-09 00:00:00",4434,130971,9327,0,4362,123969.71428571429,131883.42857142858
"2026-06-10 00:00:00",27656,88021,486,0,57977,143986,137445
"2026-06-11 00:00:00",16512,57224,0,0,45137,152818.57142857142,155874.57142857142
"2026-06-12 00:00:00",22390,52237,9209,0,5836,149360.14285714287,143018.14285714287
"2026-06-13 00:00:00",27916,184757,0,0,0,145519.2857142857,166180.7142857143
"2026-06-14 00:00:00",25406,59016,0,0,101315,167009.57142857142,172796.42857142858
"2026-06-15 00:00:00",9775,0,0,0,431,134343,166231.7142857143
"2026-06-16 00:00:00",24623,0,0,0,20363,119470.28571428571,163988.85714285713
"2026-06-17 00:00:00",16230,0,17424,0,0,99400.71428571429,178412
"2026-06-18 00:00:00",70155,171434,0,0,34873,121913.42857142857,139860.57142857142
"2026-06-19 00:00:00",35164,133493,0,0,14486,135266.42857142858,125459.42857142857
"2026-06-20 00:00:00",13245,57224,0,0,55404,122866.57142857143,116675.71428571429
"2026-06-21 00:00:00",16731,48749,0,0,23727,109076.57142857143,108014.71428571429
"2026-06-22 00:00:00",993,57224,0,0,48123,122810,124544.57142857143
"2026-06-23 00:00:00",63153,78586,0,0,58265,144955.57142857142,147661
"2026-06-24 00:00:00",0,57224,0,0,42253,154359,128629.28571428571
"2026-06-25 00:00:00",47959,79249,0,0,0,133036.85714285713,144883.57142857142
"2026-06-26 00:00:00",15376,362928,0,0,12272,162670.14285714287,191290.42857142858
"2026-06-27 00:00:00",59300,3484,0,0,36122,158817.7142857143,175335.42857142858
"2026-06-28 00:00:00",1303,57224,0,63,0,154443.85714285713,159531.57142857142
"2026-06-29 00:00:00",51655,67287,0,0,0,156244.14285714287,133865.2857142857
"2026-06-30 00:00:00",20075,3279,4558,0,113209,147832.42857142858,137033.57142857142
"2026-07-01 00:00:00",33187,133995,0,0,49680,164601.7142857143,132666.85714285713
"2026-07-02 00:00:00",32431,198527,0,0,0,179423.2857142857,142061.85714285713
"2026-07-03 00:00:00",14668,114449,0,0,83671,154025,126935.28571428571