"DateTime","Container","Dry Bulk","General Cargo","Roll-on/roll-off","Tanker","30-day Moving Average","Prior Year: 30-day Moving Average"
"2019-01-01 00:00:00",521201,689665,26654,1625,1413825,,
"2019-01-02 00:00:00",745160,438160,50058,2761,1580352,,
"2019-01-03 00:00:00",352014,429806,32208,345,1296939,,
"2019-01-04 00:00:00",677595,208776,10738,2420,1770105,,
"2019-01-05 00:00:00",683888,332348,27504,4428,2379729,,
"2019-01-06 00:00:00",722973,529783,36945,717,999167,,
"2019-01-07 00:00:00",737770,530303,47327,1583,1947523,,
"2019-01-08 00:00:00",431392,329625,25852,4140,1453729,,
"2019-01-09 00:00:00",662879,335787,21712,1015,1028857,,
"2019-01-10 00:00:00",279994,625817,26613,3613,1119542,,
"2019-01-11 00:00:00",274993,285284,25738,825,1073794,,
"2019-01-12 00:00:00",782784,516242,46378,4507,1363542,,
"2019-01-13 00:00:00",615526,253057,30877,2631,1959003,,
"2019-01-14 00:00:00",622543,596479,34168,907,1671385,,
"2019-01-15 00:00:00",419932,408229,18224,2214,1941849,,
"2019-01-16 00:00:00",830360,715571,67764,4531,991118,,
"2019-01-17 00:00:00",908793,498755,18468,1558,731960,,
"2019-01-18 00:00:00",670119,611535,35492,78,1253051,,
"2019-01-19 00:00:00",546713,251610,49434,1934,1402873,,
"2019-01-20 00:00:00",957009,346409,23568,2030,383326,,
"2019-01-21 00:00:00",464433,612461,44568,3400,2536914,,
"2019-01-22 00:00:00",481188,355419,32013,2745,2821033,,
"2019-01-23 00:00:00",734622,468726,57649,1268,2656397,,
"2019-01-24 00:00:00",607345,495777,46257,2457,1607311,,
"2019-01-25 00:00:00",615123,723681,25403,1385,2034686,,
"2019-01-26 00:00:00",430011,230347,31969,16061,1881660,,
"2019-01-27 00:00:00",400514,549991,47530,6268,2100689,,
"2019-01-28 00:00:00",860074,383641,46199,3450,978062,,
"2019-01-29 00:00:00",534162,454765,31107,3979,2400230,,
"2019-01-30 00:00:00",548789,532478,39024,1214,1204017,2699565.8333333335,
"2019-01-31 00:00:00",696762,470004,33820,2062,2561031,2736589.533333333,
"2019-02-01 00:00:00",576828,560313,64661,963,1698628,2739419.4,
"2019-02-02 00:00:00",613197,171393,45401,1125,1757238,2755320.9,
"2019-02-03 00:00:00",458123,405845,45664,4381,753696,2721923.7,
"2019-02-04 00:00:00",369011,579912,33058,3656,2079435,2709829.566666667,
"2019-02-05 00:00:00",496055,515046,31051,4554,1884442,2731215.066666667,
"2019-02-06 00:00:00",628951,606325,24190,2047,2352814,2742875.933333333,
"2019-02-07 00:00:00",337628,411325,31826,2581,2049973,2762495.7666666666,
"2019-02-08 00:00:00",469839,377723,35548,2260,1764192,2782472.7666666666,
"2019-02-09 00:00:00",410483,522936,53487,2348,1682671,2803017.7,
"2019-02-10 00:00:00",760231,511551,40977,2843,752279,2816592.8333333335,
"2019-02-11 00:00:00",288832,589148,48198,1840,1798061,2817013.8666666667,
"2019-02-12 00:00:00",306531,394873,53843,3118,1449221,2795230.2333333334,
"2019-02-13 00:00:00",461551,547269,38353,478,2194913,2805799.7666666666,
"2019-02-14 00:00:00",458626,482993,61063,2745,2317081,2823535.2,
"2019-02-15 00:00:00",587832,524728,29546,3622,1975611,2840601.6,
"2019-02-16 00:00:00",535155,452869,62181,5057,1575545,2856310.933333333,
"2019-02-17 00:00:00",511684,222019,60575,1956,1146850,2835404.433333333,
"2019-02-18 00:00:00",893737,441045,32151,3099,1710277,2862995.966666667,
"2019-02-19 00:00:00",416871,434852,73809,1993,1636315,2891379.1666666665,
"2019-02-20 00:00:00",635249,529692,53356,1450,1059408,2845291.566666667,
"2019-02-21 00:00:00",795168,791655,38010,5343,2197644,2849805.566666667,
"2019-02-22 00:00:00",1069103,644796,45423,3695,2925044,2875451.933333333,
"2019-02-23 00:00:00",730619,751909,44548,5784,2520993,2918608.9,
"2019-02-24 00:00:00",604115,485790,21424,5174,2103206,2912590.066666667,
"2019-02-25 00:00:00",506587,405254,63576,6899,1665585,2914518.6666666665,
"2019-02-26 00:00:00",653439,474480,30111,2255,2769011,2941995.5,
"2019-02-27 00:00:00",859733,660317,26360,2064,1791895,2977627.3,
"2019-02-28 00:00:00",316850,547705,30186,3313,1171166,2932459.6666666665,
"2019-03-01 00:00:00",500082,236831,39198,2369,1101010,2917592,
"2019-03-02 00:00:00",386700,512414,48261,3662,1809992,2884170.5,
"2019-03-03 00:00:00",906485,470415,43282,5012,2046833,2903191.6666666665,
"2019-03-04 00:00:00",674965,447789,62462,2477,1268143,2898774.5,
"2019-03-05 00:00:00",542525,554164,46110,1498,3012905,2981757.466666667,
"2019-03-06 00:00:00",554836,596796,44017,3765,1938191,2984175.533333333,
"2019-03-07 00:00:00",294298,383468,24139,3556,2117004,2980552.8333333335,
"2019-03-08 00:00:00",620678,456374,26893,1303,1799841,2956911.4,
"2019-03-09 00:00:00",324367,316832,41527,2612,1480634,2934665.933333333,
"2019-03-10 00:00:00",547516,348654,42601,1974,1524488,2928521.6,
"2019-03-11 00:00:00",742221,647853,35165,1969,2684269,2976506.3333333335,
"2019-03-12 00:00:00",544204,503492,48687,1120,2074131,3013298.033333333,
"2019-03-13 00:00:00",652783,508561,60799,3637,1922118,3027358.533333333,
"2019-03-14 00:00:00",480140,477210,41334,1577,1428646,3034735.8666666667,
"2019-03-15 00:00:00",682916,540858,72502,1788,1198524,3009869.933333333,
"2019-03-16 00:00:00",529277,575931,33270,1350,1843091,2998550.3666666667,
"2019-03-17 00:00:00",497435,430536,34266,4040,1365823,2972242.6666666665,
"2019-03-18 00:00:00",281515,498859,37589,2317,2085511,2981408.7666666666,
"2019-03-19 00:00:00",422290,249624,47665,2928,1600034,2994057.6333333333,
"2019-03-20 00:00:00",591150,797220,26939,1483,2320135,3015944.8,
"2019-03-21 00:00:00",356202,396379,31669,4817,2043273,3024895,
"2019-03-22 00:00:00",368912,456711,36122,2218,905197,3007895.1666666665,
"2019-03-23 00:00:00",511886,370246,45326,2243,2191994,2984357.6666666665,
"2019-03-24 00:00:00",446390,399709,32933,2924,1042334,2892232.1,
"2019-03-25 00:00:00",462367,393685,63696,1972,603306,2807937.8333333335,
"2019-03-26 00:00:00",443379,771998,57809,1086,2831887,2837485.966666667,
"2019-03-27 00:00:00",420201,346429,49597,2084,2318975,2853798.6333333333,
"2019-03-28 00:00:00",503774,534049,38201,5396,1219418,2799516.8,
"2019-03-29 00:00:00",581480,730959,34997,4692,1601298,2786618.6333333333,
"2019-03-30 00:00:00",744637,600489,57436,4228,954349,2796349.3333333335,
"2019-03-31 00:00:00",586750,247922,51602,1328,621853,2784014.8,
"2019-04-01 00:00:00",358991,705862,66955,9044,1320133,2774013.2,
"2019-04-02 00:00:00",532293,547595,29503,4362,1247076,2736973.2333333334,
"2019-04-03 00:00:00",479145,351229,28898,3075,2813331,2777634.5,
"2019-04-04 00:00:00",506291,510875,79928,2462,1649004,2730679.933333333,
"2019-04-05 00:00:00",535945,341441,26002,7156,1464028,2705245.2,
"2019-04-06 00:00:00",499817,435774,24469,1643,1986474,2709435.433333333,
"2019-04-07 00:00:00",459657,580086,41899,2428,1668411,2704348.7333333334,
"2019-04-08 00:00:00",610955,639772,63479,1171,2589266,2762304.6,
"2019-04-09 00:00:00",863653,408284,33621,2464,2225641,2797919,
"2019-04-10 00:00:00",378984,425385,23431,2623,2591847,2774945.6333333333,
"2019-04-11 00:00:00",405374,763152,49777,8915,1964413,2775612.2333333334,
"2019-04-12 00:00:00",644693,362843,48145,3924,2221188,2780042.033333333,
"2019-04-13 00:00:00",591059,483902,44211,2356,1996702,2803019.7,
"2019-04-14 00:00:00",805382,498795,30049,2008,946638,2795895.7333333334,
"2019-04-15 00:00:00",486072,502847,41105,979,2762161,2822903.8666666667,
"2019-04-16 00:00:00",322711,633390,36299,2803,2190150,2851345.6333333333,
"2019-04-17 00:00:00",619437,234225,53556,4937,2829422,2879205.2333333334,
"2019-04-18 00:00:00",408635,422208,28406,2368,2338638,2908462.1666666665,
"2019-04-19 00:00:00",751326,607988,29076,6345,2527818,2914649.8333333335,
"2019-04-20 00:00:00",583935,318809,43786,3050,1690086,2908227.1333333333,
"2019-04-21 00:00:00",609508,701833,35470,1166,2012339,2961265.5,
"2019-04-22 00:00:00",580286,265287,56398,927,1308334,2930916.6666666665,
"2019-04-23 00:00:00",553925,592181,41722,657,1091627,2942777.3333333335,
"2019-04-24 00:00:00",800632,724100,36446,3201,1583997,2996888.9,
"2019-04-25 00:00:00",717491,247438,38170,1305,3018769,2994122.8333333335,
"2019-04-26 00:00:00",503024,554196,71542,1950,2248036,3002171.8333333335,
"2019-04-27 00:00:00",857245,471319,27857,2026,2830182,3065098.3333333335,
"2019-04-28 00:00:00",555727,736112,36796,1753,2343881,3089126.466666667,
"2019-04-29 00:00:00",421166,741032,46562,2796,2386494,3130357.1,
"2019-04-30 00:00:00",504839,329836,24916,292,1515946,3159236.2666666666,
"2019-05-01 00:00:00",547787,584826,56121,4997,2130959,3188026.6,
"2019-05-02 00:00:00",662121,813862,54140,2107,1963822,3225867.566666667,
"2019-05-03 00:00:00",356551,268915,35253,773,1326347,3169606.3,
"2019-05-04 00:00:00",758918,539392,35204,8307,2460359,3204726.9,
"2019-05-05 00:00:00",519400,462021,45389,1791,1726291,3217404.066666667,
"2019-05-06 00:00:00",465643,360538,40759,1311,2117326,3218650.9,
"2019-05-07 00:00:00",817594,626496,51152,3928,2298420,3253487.8,
"2019-05-08 00:00:00",484695,334748,30363,5003,2890781,3248186.066666667,
"2019-05-09 00:00:00",288062,591189,31171,2646,2381795,3240226.033333333,
"2019-05-10 00:00:00",538091,518347,23774,2746,2264683,3237738.3666666667,
"2019-05-11 00:00:00",742179,521827,58824,3161,3159868,3280879.533333333,
"2019-05-12 00:00:00",594579,492857,20828,3699,2617869,3295847.433333333,
"2019-05-13 00:00:00",666059,651203,19995,999,2411901,3316911.433333333,
"2019-05-14 00:00:00",251222,433610,40012,680,1652862,3320095.2666666666,
"2019-05-15 00:00:00",399057,437134,77539,1984,2793262,3317289.1666666665,
"2019-05-16 00:00:00",520771,595255,29443,4237,1551200,3301140.933333333,
"2019-05-17 00:00:00",388751,480805,35580,1283,2558333,3291913.3,
"2019-05-18 00:00:00",580978,304787,23590,965,2304133,3292386.6,
"2019-05-19 00:00:00",664899,566573,14946,1559,1287254,3246142.3666666667,
"2019-05-20 00:00:00",483764,582594,66062,1005,2496154,3279139.6666666665,
"2019-05-21 00:00:00",769668,677734,26842,1423,2340150,3294323.2666666666,
"2019-05-22 00:00:00",672499,672350,66113,1322,2239954,3342357.1333333333,
"2019-05-23 00:00:00",656926,514052,48584,1768,2477754,3389656.5,
"2019-05-24 00:00:00",587435,486812,26769,3960,1909307,3385186.8,
"2019-05-25 00:00:00",711145,545570,25968,6608,1815107,3354560.966666667,
"2019-05-26 00:00:00",939776,536883,24193,4164,2938589,3390055.933333333,
"2019-05-27 00:00:00",672577,499474,37590,3003,2546596,3375742.8666666667,
"2019-05-28 00:00:00",412754,696361,42084,1508,1982200,3357764.1,
"2019-05-29 00:00:00",812800,314802,31382,1215,1777955,3335767.3,
"2019-05-30 00:00:00",310613,502184,27657,1493,2615678,3371827.3,
"2019-05-31 00:00:00",409652,393210,44255,834,2024879,3356765,
"2019-06-01 00:00:00",425139,350510,22833,137,2838248,3361458.433333333,
"2019-06-02 00:00:00",515315,918690,27930,2311,2350307,3422348.966666667,
"2019-06-03 00:00:00",420640,558560,51103,7517,3641517,3451587.4,
"2019-06-04 00:00:00",452031,481929,33867,577,1962704,3457461.5,
"2019-06-05 00:00:00",391277,323262,22095,1145,1962383,3447947.7,
"2019-06-06 00:00:00",352469,859875,42019,2071,2670459,3452257.8666666667,
"2019-06-07 00:00:00",553133,648152,30380,4044,2228748,3442886.8333333335,
"2019-06-08 00:00:00",223820,648565,38219,2373,2037751,3431415.7666666666,
"2019-06-09 00:00:00",369481,809958,30461,1721,2374224,3439355.8333333335,
"2019-06-10 00:00:00",917812,539342,42351,3755,2899269,3436578,
"2019-06-11 00:00:00",373817,608576,61773,1632,2336602,3424997.1333333333,
"2019-06-12 00:00:00",491485,428785,37457,2377,1679628,3387983.2,
"2019-06-13 00:00:00",380023,570557,27894,2910,2664807,3430243.6333333333,
"2019-06-14 00:00:00",1262519,824055,38616,3215,2175899,3450087.8333333335,
"2019-06-15 00:00:00",703049,749309,15295,3088,2320424,3486429.7333333334,
"2019-06-16 00:00:00",497830,581119,44918,912,2104973,3478596.4,
"2019-06-17 00:00:00",761029,439528,56511,2656,1967731,3479029.933333333,
"2019-06-18 00:00:00",291123,458134,21177,2912,2267137,3495871.933333333,
"2019-06-19 00:00:00",788178,738872,24241,3675,2111428,3497099.1,
"2019-06-20 00:00:00",921390,604140,20665,1356,2528865,3505785.6666666665,
"2019-06-21 00:00:00",697239,508820,36983,1395,1909910,3489189.066666667,
"2019-06-22 00:00:00",408416,514875,37982,1465,2679472,3487293.1333333333,
"2019-06-23 00:00:00",781991,531426,24057,969,2552580,3516517.7333333334,
"2019-06-24 00:00:00",718068,620006,44580,2557,2346728,3537435.966666667,
"2019-06-25 00:00:00",721310,390473,39693,3316,2742706,3519232.6333333333,
"2019-06-26 00:00:00",370917,461824,32704,1060,2568600,3508428,
"2019-06-27 00:00:00",905531,599311,60406,3667,2383070,3535664,
"2019-06-28 00:00:00",266861,570323,32407,4240,3502952,3583618.2666666666,
"2019-06-29 00:00:00",673366,437461,52335,6297,1711994,3564412.466666667,
"2019-06-30 00:00:00",727271,455344,37188,1573,1903838,3572825.4,
"2019-07-01 00:00:00",717127,375987,51433,2618,3734565,3614321.066666667,
"2019-07-02 00:00:00",390597,466980,28998,4944,1455795,3565413.2,
"2019-07-03 00:00:00",537892,593968,36552,1272,2515254,3532266.466666667,
"2019-07-04 00:00:00",437392,696981,52003,4875,2113532,3544722.2333333334,
"2019-07-05 00:00:00",714741,526336,63518,2524,2087391,3567867.1666666665,
"2019-07-06 00:00:00",336551,640386,55803,2739,2535882,3556016.2333333334,
"2019-07-07 00:00:00",679015,804764,37552,1782,2038729,3559262.1333333333,
"2019-07-08 00:00:00",692568,575335,66120,3007,2946767,3603697.933333333,
"2019-07-09 00:00:00",614953,387209,59995,4852,2414854,3600231.933333333,
"2019-07-10 00:00:00",551067,562179,26188,2777,2210753,3565246.6333333333,
"2019-07-11 00:00:00",682566,400441,33567,2494,2330246,3567477.1,
"2019-07-12 00:00:00",558257,715609,33790,4629,2355251,3601737.033333333,
"2019-07-13 00:00:00",513019,363849,28243,3241,3140703,3615165.4,
"2019-07-14 00:00:00",421492,576377,46210,1412,1787537,3566122.8666666667,
"2019-07-15 00:00:00",699329,374849,51410,2889,2527570,3561618.966666667,
"2019-07-16 00:00:00",517912,331729,34810,1795,2136227,3554709.6,
"2019-07-17 00:00:00",506306,527428,52215,1098,2554387,3568508.6,
"2019-07-18 00:00:00",485926,548580,36823,2646,2095603,3572811.6666666665,
"2019-07-19 00:00:00",435745,661625,55082,2261,3248299,3597365.6333333333,
"2019-07-20 00:00:00",695295,536621,30394,3248,2321914,3581067.3666666667,
"2019-07-21 00:00:00",481394,453572,40840,5257,1198969,3548590.1,
"2019-07-22 00:00:00",925530,751686,59097,2580,2555541,3570331.1333333333,
"2019-07-23 00:00:00",374965,448308,35146,2722,2928907,3566965.533333333,
"2019-07-24 00:00:00",417864,466428,31600,4172,1668192,3528842.533333333,
"2019-07-25 00:00:00",397106,507807,56354,1541,2725898,3521882.533333333,
"2019-07-26 00:00:00",639043,388215,40570,1642,2422037,3523762.6333333333,
"2019-07-27 00:00:00",856931,483916,44441,2593,2313165,3515397.9,
"2019-07-28 00:00:00",430741,405318,26383,937,2037701,3466207.7333333334,
"2019-07-29 00:00:00",540990,625277,41381,1882,2905225,3507318.1666666665,
"2019-07-30 00:00:00",481021,254147,46843,4312,2551813,3514415.466666667,
"2019-07-31 00:00:00",443151,375354,41199,6734,2767913,3472836.2,
"2019-08-01 00:00:00",359451,430696,36019,2614,2134242,3493359.8666666667,
"2019-08-02 00:00:00",588212,412925,34068,917,3533965,3522865.033333333,
"2019-08-03 00:00:00",264590,289445,34837,4084,2330350,3510148.966666667,
"2019-08-04 00:00:00",569161,379491,27195,3063,1842728,3491053.3333333335,
"2019-08-05 00:00:00",995936,848359,52110,6727,2235068,3509947.966666667,
"2019-08-06 00:00:00",744732,268544,43678,3197,2191224,3499599.1666666665,
"2019-08-07 00:00:00",392984,644593,37999,9285,3186201,3499174.6333333333,
"2019-08-08 00:00:00",527148,548079,36459,2178,2690357,3509920,
"2019-08-09 00:00:00",611988,595500,32029,4089,2231776,3514000.3333333335,
"2019-08-10 00:00:00",332076,610738,25127,2144,2107533,3501610.3,
"2019-08-11 00:00:00",496135,469135,7745,2711,2694544,3501701.3666666667,
"2019-08-12 00:00:00",579102,485873,35371,2530,2779638,3496150.1,
"2019-08-13 00:00:00",676486,552568,58597,1671,2483366,3527472.1666666665,
"2019-08-14 00:00:00",462385,283540,35379,2275,2748464,3523338.6333333333,
"2019-08-15 00:00:00",645303,732768,52952,2770,2243215,3545156.533333333,
"2019-08-16 00:00:00",292793,453652,31740,9950,2148401,3521660.066666667,
"2019-08-17 00:00:00",579309,546667,15952,309,1591591,3507134.933333333,
"2019-08-18 00:00:00",266793,390468,46964,3701,1742664,3442054.033333333,
"2019-08-19 00:00:00",791793,483854,38239,3193,2541482,3451090.4,
"2019-08-20 00:00:00",422170,437470,38414,1928,1450717,3456779.466666667,
"2019-08-21 00:00:00",350323,476695,27207,4607,2479178,3424898.466666667,
"2019-08-22 00:00:00",512965,345975,25938,1752,3138824,3432745.033333333,
"2019-08-23 00:00:00",482213,696864,30574,884,2728210,3477761.4,
"2019-08-24 00:00:00",399562,631750,44252,1098,1694763,3447185.533333333,
"2019-08-25 00:00:00",497267,418442,63049,1541,2911032,3460512.8333333335,
"2019-08-26 00:00:00",1022430,813890,43833,3199,2486109,3482793.3666666667,
"2019-08-27 00:00:00",495752,299895,52084,3079,2753915,3506248.2333333334,
"2019-08-28 00:00:00",614031,191571,28077,1226,2457249,3478828,
"2019-08-29 00:00:00",344841,932815,33123,1296,2276325,3487170.2,
"2019-08-30 00:00:00",751512,207403,18045,1878,2292437,3475067.5,
"2019-08-31 00:00:00",560997,850421,29842,2879,2682117,3513841.966666667,
"2019-09-01 00:00:00",432494,228572,45395,1169,1728389,3442706.1666666665,
"2019-09-02 00:00:00",887518,777913,54622,1307,2100807,3472668.6333333333,
"2019-09-03 00:00:00",602915,631995,45423,4974,2316840,3498685.5,
"2019-09-04 00:00:00",304776,342036,36066,2384,2760976,3475619.8666666667,
"2019-09-05 00:00:00",746597,407646,58993,3283,2912785,3504884.3,
"2019-09-06 00:00:00",294665,679653,12255,888,1913322,3459208,
"2019-09-07 00:00:00",866571,400521,88979,2688,2753417,3469473.1333333333,
"2019-09-08 00:00:00",745340,333844,34182,1569,1391296,3437168.033333333,
"2019-09-09 00:00:00",691050,212197,47298,6730,1902273,3429899.1666666665,
"2019-09-10 00:00:00",664834,526687,23852,1481,2704055,3438253.966666667,
"2019-09-11 00:00:00",448948,622498,41837,2225,1276366,3388566,
"2019-09-12 00:00:00",605008,415690,28683,5886,2521677,3382041.1,
"2019-09-13 00:00:00",720224,536764,26290,2838,2252118,3382247.533333333,
"2019-09-14 00:00:00",579163,295496,36052,3102,1542270,3341550,
"2019-09-15 00:00:00",330412,423123,44654,1945,2452198,3352076.466666667,
"2019-09-16 00:00:00",748891,174225,48731,2921,2787054,3386343.033333333,
"2019-09-17 00:00:00",396509,662169,48789,2914,2265776,3417195.466666667,
"2019-09-18 00:00:00",466760,807621,53695,3745,2838604,3427591.1,
"2019-09-19 00:00:00",587717,392191,22782,3340,2172573,3455187.7666666666,
"2019-09-20 00:00:00",488121,307897,28046,4546,2407199,3451780.8333333335,
"2019-09-21 00:00:00",393180,554528,31677,998,2011658,3417333.9,
"2019-09-22 00:00:00",531495,316112,32457,1514,1792064,3375163.7333333334,
"2019-09-23 00:00:00",719663,526682,66035,3101,2693789,3416425.066666667,
"2019-09-24 00:00:00",649090,479990,44383,1981,2352863,3404324.7333333334,
"2019-09-25 00:00:00",421798,602035,29603,1920,2276930,3369752.2333333334,
"2019-09-26 00:00:00",670551,294435,91155,4394,2141378,3356325.4,
"2019-09-27 00:00:00",447439,562957,20400,1251,1257642,3322909.6333333333,
"2019-09-28 00:00:00",450336,547952,31450,4224,3418838,3351723.1,
"2019-09-29 00:00:00",523263,277984,28634,2880,1980307,3336449.6666666665,
"2019-09-30 00:00:00",468826,679619,57425,8161,4049324,3374353.2,
"2019-10-01 00:00:00",431523,471797,47128,2928,3251392,3433311.566666667,
"2019-10-02 00:00:00",687977,642924,23147,3246,2158056,3423084.1333333333,
"2019-10-03 00:00:00",734774,458318,41604,3414,2071565,3413335.066666667,
"2019-10-04 00:00:00",439554,305205,43768,2213,2460864,3406847.1333333333,
"2019-10-05 00:00:00",508564,348114,60045,4136,1468181,3348838.3,
"2019-10-06 00:00:00",462198,465630,30136,1505,1758620,3342748.7333333334,
"2019-10-07 00:00:00",381388,604050,61287,635,2100927,3310619.1666666665,
"2019-10-08 00:00:00",365454,596438,68950,3262,2676400,3350761.6,
"2019-10-09 00:00:00",525220,734776,38446,3034,2276277,3374701.8666666667,
"2019-10-10 00:00:00",496248,461317,33863,4133,2839478,3371839.6,
"2019-10-11 00:00:00",665648,451476,48148,4601,3283580,3440559,
"2019-10-12 00:00:00",672399,537909,27822,3052,2060665,3431389.066666667,
"2019-10-13 00:00:00",375234,321910,40980,2022,2346527,3416336.9,
"2019-10-14 00:00:00",1023949,651375,36801,6010,2603079,3478508.1,
"2019-10-15 00:00:00",346495,497644,43191,856,2218976,3473669.1333333333,
"2019-10-16 00:00:00",566969,456019,57609,2856,2944152,3482528.533333333,
"2019-10-17 00:00:00",459084,611451,34340,3049,2166027,3479121.6333333333,
"2019-10-18 00:00:00",371546,431562,45897,3764,2125978,3439398.8333333335,
"2019-10-19 00:00:00",326924,545282,38290,3457,1514474,3414393.1,
"2019-10-20 00:00:00",475532,529407,46193,1391,2489937,3424615.066666667,
"2019-10-21 00:00:00",813238,560030,63339,2083,1961358,3438215.433333333,
"2019-10-22 00:00:00",632041,461919,54354,1781,1930480,3451780,
"2019-10-23 00:00:00",712108,417975,43085,3035,2674795,3446504.3333333335,
"2019-10-24 00:00:00",553728,850667,66174,3927,1991033,3444411.6,
"2019-10-25 00:00:00",248011,620016,25207,5358,2318229,3440562.6333333333,
"2019-10-26 00:00:00",738343,916860,43468,2150,2108699,3460816.1666666665,
"2019-10-27 00:00:00",589661,237217,41405,2706,1597698,3466782.9,
"2019-10-28 00:00:00",951335,584410,52944,3542,1892106,3434500.8,
"2019-10-29 00:00:00",346844,402200,43906,2338,1904582,3430727.6666666665,
"2019-10-30 00:00:00",427582,358509,30886,1427,1712308,3339639.2333333334,
"2019-10-31 00:00:00",412698,337086,40825,4957,1867974,3288264.9,
"2019-11-01 00:00:00",589423,651786,44173,204,1173017,3253039.966666667,
"2019-11-02 00:00:00",353709,191337,37706,2848,2717121,3252808,
"2019-11-03 00:00:00",584829,567889,22567,3330,2844607,3278528.6333333333,
"2019-11-04 00:00:00",622152,363457,30451,3824,1983482,3299006.1666666665,
"2019-11-05 00:00:00",419981,489288,31419,2609,1475038,3289014.3666666667,
"2019-11-06 00:00:00",713709,477125,27309,9140,1929782,3289306.7333333334,
"2019-11-07 00:00:00",394399,625816,53548,6809,2935101,3299479.3,
"2019-11-08 00:00:00",552715,445026,29171,3963,2133278,3285692.566666667,
"2019-11-09 00:00:00",438636,500226,34271,1339,1801299,3250383.6333333333,
"2019-11-10 00:00:00",603788,367877,29192,4202,1410696,3182460.2666666666,
"2019-11-11 00:00:00",531998,358678,37091,1686,1224685,3144203.2333333334,
"2019-11-12 00:00:00",431561,283924,31813,1069,2444336,3147737.566666667,
"2019-11-13 00:00:00",478980,376464,38858,2713,1238264,3074872.9,
"2019-11-14 00:00:00",479471,760835,33565,4699,1908896,3077549.7666666666,
"2019-11-15 00:00:00",606376,229617,31679,2256,1999936,3038958.3666666667,
"2019-11-16 00:00:00",494815,166911,22454,624,1114850,2989815.033333333,
"2019-11-17 00:00:00",481805,518169,29874,5490,712045,2948769.5,
"2019-11-18 00:00:00",630110,473683,42147,773,2030093,2973715.466666667,
"2019-11-19 00:00:00",408482,399090,42856,6142,881840,2913580.3,
"2019-11-20 00:00:00",392446,355572,29335,3284,1282346,2869011.3,
"2019-11-21 00:00:00",521597,364890,30173,6018,1460654,2845769.7333333334,
"2019-11-22 00:00:00",388851,368530,47057,11562,2272597,2820356.2666666666,
"2019-11-23 00:00:00",362518,393471,28003,1757,644030,2752497.933333333,
"2019-11-24 00:00:00",638811,375975,40933,3883,2162642,2752678.8333333335,
"2019-11-25 00:00:00",755879,592419,26346,2545,2402260,2751676.6,
"2019-11-26 00:00:00",613668,202048,59079,1571,2256067,2773801.5,
"2019-11-27 00:00:00",509999,455730,16003,2134,2032251,2758193.966666667,
"2019-11-28 00:00:00",844805,369384,22356,1679,896792,2739365.3666666667,
"2019-11-29 00:00:00",609809,538319,44009,3076,1799137,2754820.033333333,
"2019-11-30 00:00:00",714764,294353,52325,2836,2312110,2778581.8333333335,
"2019-12-01 00:00:00",723730,515552,32011,2537,1982245,2805164,
"2019-12-02 00:00:00",653980,270225,20704,1584,2594341,2813101.2333333334,
"2019-12-03 00:00:00",328298,339247,51128,3016,786974,2729282.7666666666,
"2019-12-04 00:00:00",510298,339219,46148,2036,1100447,2695775.3,
"2019-12-05 00:00:00",476739,557101,38254,784,1777343,2710171.6666666665,
"2019-12-06 00:00:00",553813,318075,37057,3858,1630281,2689705.6,
"2019-12-07 00:00:00",612373,522146,42175,7326,660875,2617346.1666666665,
"2019-12-08 00:00:00",307382,530151,30679,1612,1644146,2595673.3,
"2019-12-09 00:00:00",948370,529446,46886,783,2109583,2624316.7666666666,
"2019-12-10 00:00:00",524218,492630,19745,3877,1832510,2639557.7,
"2019-12-11 00:00:00",497737,405980,50800,2373,1239050,2640951.466666667,
"2019-12-12 00:00:00",471755,506965,33785,3399,1545194,2619898.066666667,
"2019-12-13 00:00:00",397202,303651,32563,955,928666,2604156.6666666665,
"2019-12-14 00:00:00",449043,372596,52981,5986,2394259,2607070.1,
"2019-12-15 00:00:00",726953,515793,50038,2287,1436494,2602460.3333333335,
"2019-12-16 00:00:00",392631,259295,38547,3476,916860,2596165.8,
"2019-12-17 00:00:00",504401,391110,28907,2007,1221834,2609528.6,
"2019-12-18 00:00:00",865895,631983,62169,3737,2135063,2626930.1,
"2019-12-19 00:00:00",543812,613238,45744,6259,1542100,2660688.5,
"2019-12-20 00:00:00",456360,399863,58599,8351,1210843,2663056.433333333,
"2019-12-21 00:00:00",426003,338756,32681,2261,2291726,2686659.5,
"2019-12-22 00:00:00",547093,380006,36984,4111,2397203,2695886.533333333,
"2019-12-23 00:00:00",956963,584574,58413,3546,1343368,2746456.033333333,
"2019-12-24 00:00:00",396929,537962,32521,3429,1808543,2731694.033333333,
"2019-12-25 00:00:00",369231,214536,26349,5776,1403887,2673038.066666667,
"2019-12-26 00:00:00",287557,698057,19615,1970,1168275,2641139.566666667,
"2019-12-27 00:00:00",657236,480193,28670,457,1991532,2645872.1333333333,
"2019-12-28 00:00:00",371936,371980,49500,3567,2236937,2675835.566666667,
"2019-12-29 00:00:00",607263,723015,37176,4406,1374045,2667554.033333333,
"2019-12-30 00:00:00",593090,527912,33857,2428,2323054,2671019.1,
"2019-12-31 00:00:00",578842,468721,32261,14599,1752795,2657390.8333333335,
"2020-01-01 00:00:00",517918,313157,31391,1186,1427774,2615743.966666667,
"2020-01-02 00:00:00",450517,385840,31929,1769,2526660,2678679.033333333,
"2020-01-03 00:00:00",579622,358670,48671,3346,1474658,2694239.6666666665,
"2020-01-04 00:00:00",453330,711697,28104,8128,1903993,2702740.5,
"2020-01-05 00:00:00",545460,353310,39241,1691,964905,2681458.033333333,
"2020-01-06 00:00:00",564835,479854,43317,1811,2143205,2727728.966666667,
"2020-01-07 00:00:00",568211,222961,36094,4675,1040803,2706354.6666666665,
"2020-01-08 00:00:00",383944,405391,38135,1201,1824671,2673630.1666666665,
"2020-01-09 00:00:00",558200,549729,44351,3143,1433052,2664146.566666667,
"2020-01-10 00:00:00",476741,420716,50895,9230,822341,2650278.966666667,
"2020-01-11 00:00:00",563275,314999,39373,3510,1187904,2635210.933333333,
"2020-01-12 00:00:00",398189,326085,40712,977,1555225,2657149.2666666666,
"2020-01-13 00:00:00",624590,909394,41106,4660,2610251,2687653.8333333335,
"2020-01-14 00:00:00",546301,264097,18342,616,1854123,2686050.7,
"2020-01-15 00:00:00",784936,445924,45246,2035,1637973,2729560.7666666666,
"2020-01-16 00:00:00",735404,610649,21066,5433,2585655,2789892.2333333334,
"2020-01-17 00:00:00",735573,392581,26223,3034,1414352,2752322.6,
"2020-01-18 00:00:00",638264,733804,26781,3885,1064976,2742874.2,
"2020-01-19 00:00:00",207276,349130,53478,868,1798728,2752056.2666666666,
"2020-01-20 00:00:00",591536,339863,43598,3326,1269712,2723943.1,
"2020-01-21 00:00:00",390259,429633,23339,1076,843127,2668010.7666666666,
"2020-01-22 00:00:00",440866,507235,49664,2506,1041809,2637851.3,
"2020-01-23 00:00:00",816073,353536,39187,4485,664935,2607812.2666666666,
"2020-01-24 00:00:00",570151,354308,24594,5078,1863832,2634418.466666667,
"2020-01-25 00:00:00",327324,380688,33509,3516,1868157,2649009.1666666665,
"2020-01-26 00:00:00",605312,252378,22872,5673,1258018,2615214.4,
"2020-01-27 00:00:00",569234,795349,50507,737,2483753,2644069.8666666667,
"2020-01-28 00:00:00",392741,584962,35872,1853,2557760,2671646,
"2020-01-29 00:00:00",539241,403765,33563,2159,1900611,2651612.8333333335,
"2020-01-30 00:00:00",582547,386790,80257,3454,1511227,2642181.4,2699565.8333333335
"2020-01-31 00:00:00",794615,275199,18764,1583,1580323,2654816.533333333,2736589.533333333
"2020-02-01 00:00:00",521555,452751,52981,805,1054466,2611011.3666666667,2739419.4
"2020-02-02 00:00:00",677127,413015,41638,2723,775722,2592520,2755320.9
"2020-02-03 00:00:00",422301,550138,36834,3986,1237860,2564049.1,2721923.7
"2020-02-04 00:00:00",404064,311988,28145,3174,1449215,2573781.8,2709829.566666667
"2020-02-05 00:00:00",980349,627831,44761,2665,1844715,2582691.8,2731215.066666667
"2020-02-06 00:00:00",872240,404065,34456,6687,2627087,2651751.7333333334,2742875.933333333
"2020-02-07 00:00:00",302068,240205,32752,2307,1584999,2635384.566666667,2762495.7666666666
"2020-02-08 00:00:00",324554,574448,19853,2723,1638681,2634444.1666666665,2782472.7666666666
"2020-02-09 00:00:00",334478,417377,27913,2062,969787,2633500.6,2803017.7
"2020-02-10 00:00:00",544180,396714,44513,3242,1148367,2634432.566666667,2816592.8333333335
"2020-02-11 00:00:00",892923,379818,30258,1305,815098,2627706.533333333,2817013.8666666667
"2020-02-12 00:00:00",341729,372876,35840,857,1345005,2557916.3333333335,2795230.2333333334
"2020-02-13 00:00:00",527015,403240,24513,4984,1675632,2556313.2333333334,2805799.7666666666
"2020-02-14 00:00:00",758475,620213,57857,1527,1570687,2559401.3666666667,2823535.2
"2020-02-15 00:00:00",755697,744773,47211,6068,2006521,2546136.8666666667,2840601.6
"2020-02-16 00:00:00",855293,565034,34989,2225,2440448,2590344.1333333333,2856310.933333333
"2020-02-17 00:00:00",547096,542409,40154,1788,2634988,2633635.033333333,2835404.433333333
"2020-02-18 00:00:00",725604,594706,19510,3182,1905285,2661595.066666667,2862995.966666667
"2020-02-19 00:00:00",478471,236450,55354,2320,1370845,2658108.6666666665,2891379.1666666665
"2020-02-20 00:00:00",559938,450660,26915,3060,1211590,2676933,2845291.566666667
"2020-02-21 00:00:00",514069,544415,33921,10128,2507098,2729184.6333333333,2849805.566666667
"2020-02-22 00:00:00",501639,745586,32436,8366,1704843,2766339.933333333,2875451.933333333
"2020-02-23 00:00:00",629962,247102,80699,4273,2232798,2778902.2333333334,2918608.9
"2020-02-24 00:00:00",482352,749235,65154,3628,2002932,2801905.933333333,2912590.066666667
"2020-02-25 00:00:00",559496,424849,20659,1033,1041199,2798672.2333333334,2914518.6666666665
"2020-02-26 00:00:00",482919,524399,15488,2673,1079066,2738837.533333333,2941995.5
"2020-02-27 00:00:00",493305,622681,32064,1036,1105448,2694882.1666666665,2977627.3
"2020-02-28 00:00:00",513630,449015,48848,5780,2607233,2719720.9,2932459.6666666665
"2020-02-29 00:00:00",582034,813176,37465,10338,2068494,2751295.2333333334,2917592
"2020-03-01 00:00:00",591593,413620,24542,4138,1378923,2742706.4,2884170.5
"2020-03-02 00:00:00",515483,291684,46808,1977,1548384,2753432.1,2903191.6666666665
"2020-03-03 00:00:00",594239,311609,25066,2888,2037708,2788808.2666666666,2898774.5
"2020-03-04 00:00:00",634728,422439,41195,4048,804626,2777338.6,2981757.466666667
"2020-03-05 00:00:00",657627,752712,42699,2718,2645802,2840837.6666666665,2984175.533333333
"2020-03-06 00:00:00",474513,472805,21071,2422,1979583,2822506.7666666666,2980552.8333333335
"2020-03-07 00:00:00",407228,547208,13108,5354,1914818,2787279.2666666666,2956911.4
"2020-03-08 00:00:00",288983,486220,68217,3210,1809942,2803754.2,2934665.933333333
"2020-03-09 00:00:00",994244,499165,44892,4917,2413140,2850290.8,2928521.6
"2020-03-10 00:00:00",553938,293356,31301,732,2233100,2895651.2,2976506.3333333335
"2020-03-11 00:00:00",422216,626997,51260,2734,1603780,2914650.3,3013298.033333333
"2020-03-12 00:00:00",529821,675259,69297,1506,2428934,2967497.3666666667,3027358.533333333
"2020-03-13 00:00:00",526019,324633,16659,1231,1851844,2988300.2,3034735.8666666667
"2020-03-14 00:00:00",333792,483505,60113,2942,1701192,2986505.5,3009869.933333333
"2020-03-15 00:00:00",571347,316101,18501,4266,2496513,2999770.8333333335,2998550.3666666667
"2020-03-16 00:00:00",785653,312579,52309,1172,1617536,2973403.466666667,2972242.6666666665
"2020-03-17 00:00:00",531065,562585,35252,1304,1838708,2942434.5,2981408.7666666666
"2020-03-18 00:00:00",595453,432887,57448,3318,1361138,2898561.5,2994057.6333333333
"2020-03-19 00:00:00",554279,378618,22956,1868,2095501,2892059.4,3015944.8
"2020-03-20 00:00:00",352448,675230,33726,1451,2279483,2932022.966666667,3024895
"2020-03-21 00:00:00",326877,263120,23462,1858,1394342,2923939.6,3007895.1666666665
"2020-03-22 00:00:00",565244,238533,51396,4398,1172560,2871356.1666666665,2984357.6666666665
"2020-03-23 00:00:00",1010280,627444,96297,2707,2634928,2917315.6,2892232.1
"2020-03-24 00:00:00",520709,446546,37421,1827,1942972,2909137,2807937.8333333335
"2020-03-25 00:00:00",365705,366941,38942,4625,1570031,2877234.933333333,2837485.966666667
"2020-03-26 00:00:00",533346,369175,28540,1038,2440614,2921417.533333333,2853798.6333333333
"2020-03-27 00:00:00",420779,568556,48321,4613,2915979,2983207.933333333,2799516.8
"2020-03-28 00:00:00",561270,490278,16952,2714,1357031,2988998.6,2786618.6333333333
"2020-03-29 00:00:00",374594,339450,39296,1565,1241734,2934736.1,2796349.3333333335
"2020-03-30 00:00:00",498321,378781,38420,1924,3079151,2950905.8,2784014.8
"2020-03-31 00:00:00",495404,537560,54010,1557,2190966,2979795.2,2774013.2
"2020-04-01 00:00:00",536185,379317,58547,5557,2775878,3024833.7,2736973.2333333334
"2020-04-02 00:00:00",373620,419749,59506,1670,3169713,3059925.466666667,2777634.5
"2020-04-03 00:00:00",544470,306354,27751,939,2279206,3101648.2666666666,2730679.933333333
"2020-04-04 00:00:00",577105,357129,46531,661,1712625,3054731.3,2705245.2
"2020-04-05 00:00:00",238410,594309,15639,587,1814072,3045151.9,2709435.433333333
"2020-04-06 00:00:00",683407,358996,54180,2286,2726916,3076420.966666667,2704348.7333333334
"2020-04-07 00:00:00",656760,586244,14691,3281,2876686,3125790.533333333,2762304.6
"2020-04-08 00:00:00",385675,429268,47067,1254,2908524,3119638.4,2797919
"2020-04-09 00:00:00",547170,163168,22396,5748,1879695,3103163.3666666667,2774945.6333333333
"2020-04-10 00:00:00",575949,219088,47745,4007,3176231,3147030.8333333335,2775612.2333333334
"2020-04-11 00:00:00",499604,521333,51737,7997,2057862,3128154.6666666665,2780042.033333333
"2020-04-12 00:00:00",827744,402512,35093,3167,1208236,3120033.5,2803019.7
"2020-04-13 00:00:00",630681,482457,28628,912,2858004,3167338.1333333333,2795895.7333333334
"2020-04-14 00:00:00",406112,578820,37621,6572,1775520,3147268.8,2822903.8666666667
"2020-04-15 00:00:00",500664,238101,26706,485,1940244,3145166.966666667,2851345.6333333333
"2020-04-16 00:00:00",410873,626003,42204,1014,1709314,3139183.3,2879205.2333333334
"2020-04-17 00:00:00",526088,349642,26926,2051,2538941,3172296.7333333334,2908462.1666666665
"2020-04-18 00:00:00",450086,561174,59299,1988,3131213,3210648.1333333333,2914649.8333333335
"2020-04-19 00:00:00",413912,363800,75290,2421,2103117,3197854.6666666665,2908227.1333333333
"2020-04-20 00:00:00",598433,252081,16105,944,2696967,3249683.6,2961265.5
"2020-04-21 00:00:00",286682,300844,29236,1127,1634625,3257029.6666666665,2930916.6666666665
"2020-04-22 00:00:00",416592,317230,48722,5166,2344739,3215722.7666666666,2942777.3333333335
"2020-04-23 00:00:00",552655,382592,20744,4274,2661028,3238116.566666667,2996888.9
"2020-04-24 00:00:00",554901,347873,12845,2019,2435917,3271693.3666666667,2994122.8333333335
"2020-04-25 00:00:00",546404,384681,41872,3964,2430003,3272833.7,3002171.8333333335
"2020-04-26 00:00:00",590989,604301,37703,751,2796231,3275224.1333333333,3065098.3333333335
"2020-04-27 00:00:00",599138,352012,50021,1627,2911281,3324752.066666667,3089126.466666667
"2020-04-28 00:00:00",607417,336903,25241,2273,3028767,3391551,3130357.1
"2020-04-29 00:00:00",1149688,367594,21254,962,3110064,3413316.4,3159236.2666666666
"2020-04-30 00:00:00",413722,327049,24846,3288,2292084,3406032.8333333335,3188026.6
"2020-05-01 00:00:00",447354,396518,60941,3364,1671934,3366853.5,3225867.566666667
"2020-05-02 00:00:00",247449,589684,43248,590,2039139,3330048.533333333,3169606.3
"2020-05-03 00:00:00",487683,479698,55233,3338,1404340,3305767.6,3204726.9
"2020-05-04 00:00:00",528819,300018,37281,1239,1522258,3295619.6333333333,3217404.066666667
"2020-05-05 00:00:00",606147,699618,44600,1223,1353538,3297023.3666666667,3218650.9
"2020-05-06 00:00:00",614928,428184,38621,1233,3236192,3313469.1333333333,3253487.8
"2020-05-07 00:00:00",879647,502773,62089,3256,1963338,3289250.6666666665,3248186.066666667
"2020-05-08 00:00:00",600533,420992,39635,3325,2336358,3276885.433333333,3240226.033333333
"2020-05-09 00:00:00",286194,395612,57537,1586,2412885,3294740.033333333,3237738.3666666667
"2020-05-10 00:00:00",353320,312874,24884,1637,995908,3216926.933333333,3280879.533333333
"2020-05-11 00:00:00",651974,238796,31058,2156,2892657,3239530.3333333335,3295847.433333333
"2020-05-12 00:00:00",500375,365482,43238,1819,2296313,3263879.566666667,3316911.433333333
"2020-05-13 00:00:00",761142,412049,35952,3487,3170621,3276632.033333333,3320095.2666666666
"2020-05-14 00:00:00",497545,515465,17062,3077,2612603,3304669,3317289.1666666665
"2020-05-15 00:00:00",338903,278129,55632,5396,2839917,3331728.4,3301140.933333333
"2020-05-16 00:00:00",452462,507045,35107,748,1521032,3322628.033333333,3291913.3
"2020-05-17 00:00:00",617641,335659,28102,1113,2072655,3309678.5,3292386.6
"2020-05-18 00:00:00",769884,698728,27197,2518,2339427,3297478.3666666667,3246142.3666666667
"2020-05-19 00:00:00",518359,575306,35023,2326,2410382,3316906.8666666667,3279139.6666666665
"2020-05-20 00:00:00",449160,606308,37286,924,2396026,3314412.7333333334,3294323.2666666666
"2020-05-21 00:00:00",706801,526968,22519,2008,1902470,3344687.966666667,3342357.1333333333
"2020-05-22 00:00:00",557857,256051,33405,1749,1762592,3327328.2666666666,3389656.5
"2020-05-23 00:00:00",340987,573793,51930,1397,2278244,3314830.2666666666,3385186.8
"2020-05-24 00:00:00",673029,360080,19113,628,1585392,3290986.433333333,3354560.966666667
"2020-05-25 00:00:00",854677,511362,25244,4699,2096206,3293828.6333333333,3390055.933333333
"2020-05-26 00:00:00",297587,363756,20656,2342,2789452,3275289.433333333,3375742.8666666667
"2020-05-27 00:00:00",363480,408857,20260,378,1830075,3232254.7666666666,3357764.1
"2020-05-28 00:00:00",304537,488653,31125,7704,1599176,3179941.2,3335767.3
"2020-05-29 00:00:00",493091,520001,29037,2560,1548086,3111381.6333333333,3371827.3
"2020-05-30 00:00:00",691726,512658,53278,2172,2924985,3148842.433333333,3356765
"2020-05-31 00:00:00",603733,460512,77441,2895,1819683,3161647.7666666666,3361458.433333333
"2020-06-01 00:00:00",530141,285730,45403,3004,1929990,3157453.033333333,3422348.966666667
"2020-06-02 00:00:00",659350,397995,27470,592,2540672,3197312.4,3451587.4
"2020-06-03 00:00:00",521417,539987,25803,5334,1953933,3219207.7333333334,3457461.5
"2020-06-04 00:00:00",432910,409956,36053,3113,1651907,3213501.5,3447947.7
"2020-06-05 00:00:00",482087,91231,44326,1336,2565129,3175666.3666666667,3452257.8666666667
"2020-06-06 00:00:00",326245,879285,43339,4438,1870680,3166095.7,3442886.8333333335
"2020-06-07 00:00:00",340600,544752,18049,3815,2318683,3160264.3333333335,3431415.7666666666
"2020-06-08 00:00:00",542348,367643,48906,2021,2100463,3157183.2333333334,3439355.8333333335
"2020-06-09 00:00:00",772199,322596,48475,1088,1954341,3204185.7666666666,3436578
"2020-06-10 00:00:00",454870,286737,57643,981,2300356,3180317.5,3424997.1333333333
"2020-06-11 00:00:00",952224,448786,29114,3994,1294900,3164377.2,3387983.2
"2020-06-12 00:00:00",372058,692945,22548,3750,1923554,3118763.933333333,3430243.6333333333
"2020-06-13 00:00:00",554916,450063,69087,1805,2301698,3109824.566666667,3450087.8333333335
"2020-06-14 00:00:00",439719,224406,55911,3305,2603029,3103437.566666667,3486429.7333333334
"2020-06-15 00:00:00",733475,467095,42326,1087,1758108,3119627.6,3478596.4
"2020-06-16 00:00:00",584202,499603,74939,4547,2488000,3139498.7333333334,3479029.933333333
"2020-06-17 00:00:00",626964,411862,28092,6625,1035920,3081888.8666666667,3495871.933333333
"2020-06-18 00:00:00",588629,721093,29021,1807,2527310,3092771.2,3497099.1
"2020-06-19 00:00:00",331006,308303,37163,2998,1939689,3063752.7333333334,3505785.6666666665
"2020-06-20 00:00:00",672075,535047,41149,3013,2006009,3066970.3333333335,3489189.066666667
"2020-06-21 00:00:00",387405,407273,40087,5672,2091107,3077633.1,3487293.1333333333
"2020-06-22 00:00:00",890620,707903,39571,3275,1978834,3090094.7666666666,3516517.7333333334
"2020-06-23 00:00:00",616030,598528,27515,1759,2016420,3110828.6,3537435.966666667
"2020-06-24 00:00:00",567596,426908,27027,1141,2182398,3101258.1333333333,3519232.6333333333
"2020-06-25 00:00:00",563376,649765,68138,2094,2667882,3117173.7666666666,3508428
"2020-06-26 00:00:00",520829,582836,39948,2540,2014160,3135082.6666666665,3535664
"2020-06-27 00:00:00",366289,439781,43562,6088,2223912,3156697.2,3583618.2666666666
"2020-06-28 00:00:00",470952,407308,46240,2988,1555304,3153031.3,3564412.466666667
"2020-06-29 00:00:00",668798,558524,56773,2724,2514205,3140238.3666666667,3572825.4
"2020-06-30 00:00:00",651171,563518,46414,1480,4164073,3222318,3614321.066666667
"2020-07-01 00:00:00",197647,515667,21327,3608,2057154,3222355.933333333,3565413.2
"2020-07-02 00:00:00",545556,463951,67261,5190,2310731,3214576.8333333335,3532266.466666667
"2020-07-03 00:00:00",420982,510064,51105,3008,1699621,3202520.466666667,3544722.2333333334
"2020-07-04 00:00:00",701468,316360,13506,3394,1371795,3198273.1666666665,3567867.1666666665
"2020-07-05 00:00:00",468148,537749,21786,1584,1397846,3173039.933333333,3556016.2333333334
"2020-07-06 00:00:00",666499,288864,67961,1070,1552291,3154796.7,3559262.1333333333
"2020-07-07 00:00:00",572797,379861,38568,3236,2503711,3163872.466666667,3603697.933333333
"2020-07-08 00:00:00",654170,413989,44267,1036,2322986,3176374.6666666665,3600231.933333333
"2020-07-09 00:00:00",365407,456178,48942,4726,1852461,3164008.566666667,3565246.6333333333
"2020-07-10 00:00:00",326374,369440,43713,783,2359787,3163992.2,3567477.1
"2020-07-11 00:00:00",604974,296968,38964,2411,2727624,3195389.6666666665,3601737.033333333
"2020-07-12 00:00:00",343790,459697,78120,5405,1352171,3169533.8666666667,3615165.4
"2020-07-13 00:00:00",1008013,819988,53523,3194,2037787,3187698.3,3566122.8666666667
"2020-07-14 00:00:00",609364,396751,18827,3084,1920453,3175101.933333333,3561618.966666667
"2020-07-15 00:00:00",576326,407126,27921,1023,1672005,3164512.3,3554709.6
"2020-07-16 00:00:00",660554,485690,55556,1367,1545332,3134419.033333333,3568508.6
"2020-07-17 00:00:00",890558,524038,31160,4177,2361272,3191143.6666666665,3572811.6666666665
"2020-07-18 00:00:00",412546,350259,31672,2284,2116093,3159310.1,3597365.6333333333
"2020-07-19 00:00:00",520260,193340,79828,1659,2085148,3168012.7333333334,3581067.3666666667
"2020-07-20 00:00:00",825160,564115,36373,3528,1841396,3168455.3,3548590.1
"2020-07-21 00:00:00",369377,231555,56749,1404,2587473,3178956.066666667,3570331.1333333333
"2020-07-22 00:00:00",241088,317333,62385,945,1982596,3145094.1666666665,3566965.533333333
"2020-07-23 00:00:00",645912,574039,30844,3015,3084994,3181045.9,3528842.533333333
"2020-07-24 00:00:00",607224,446062,23785,1071,1944559,3174966.8333333335,3521882.533333333
"2020-07-25 00:00:00",814664,207731,35814,2048,2009119,3145570.8,3523762.6333333333
"2020-07-26 00:00:00",221372,513319,29977,1895,2189243,3138753.6666666665,3515397.9
"2020-07-27 00:00:00",914584,640998,53032,1416,1922280,3153843.2,3466207.7333333334
"2020-07-28 00:00:00",431544,478389,28486,5898,1957759,3167819.2666666666,3507318.1666666665
"2020-07-29 00:00:00",477290,525994,54011,8990,2097120,3146565.433333333,3514415.466666667
"2020-07-30 00:00:00",657895,553060,14805,2183,1815874,3067137.3333333335,3472836.2
"2020-07-31 00:00:00",413758,474603,21979,1914,2945035,3102533.3333333335,3493359.8666666667
"2020-08-01 00:00:00",388099,204987,30496,2095,3363782,3122425.3,3522865.033333333
"2020-08-02 00:00:00",516471,323430,19744,1615,1297578,3104893.8,3510148.966666667
"2020-08-03 00:00:00",792337,430848,59416,9531,1699751,3124405.933333333,3491053.3333333335
"2020-08-04 00:00:00",412585,339801,52356,572,2145287,3141855.8333333335,3509947.966666667
"2020-08-05 00:00:00",580828,590356,30014,2048,1409221,3143048.4,3499599.1666666665
"2020-08-06 00:00:00",413324,282805,25120,4453,2478608,3133253,3499174.6333333333
"2020-08-07 00:00:00",478583,555875,40665,6998,1472663,3103864.3,3509920
"2020-08-08 00:00:00",360797,427834,64162,4089,2300275,3118179.1333333333,3514000.3333333335
"2020-08-09 00:00:00",561746,611340,12576,2441,2294306,3130922.6666666665,3501610.3
"2020-08-10 00:00:00",788242,483094,33412,1441,2473917,3134561.433333333,3501701.3666666667
"2020-08-11 00:00:00",294527,598778,34144,251,2680124,3180183,3496150.1
"2020-08-12 00:00:00",491781,273023,32371,1438,2442304,3157463.466666667,3527472.1666666665
"2020-08-13 00:00:00",669350,332732,56748,1140,1788389,3154126.033333333,3523338.6333333333
"2020-08-14 00:00:00",368094,329141,38900,1540,2074438,3158382.8666666667,3545156.533333333
"2020-08-15 00:00:00",446179,339598,35102,3453,2485515,3177094.3,3521660.066666667
"2020-08-16 00:00:00",415339,663535,50575,1807,1742713,3145853.1333333333,3507134.933333333
"2020-08-17 00:00:00",784287,447910,30356,4387,1650582,3146008.3333333335,3442054.033333333
"2020-08-18 00:00:00",492347,538917,55432,3283,2698096,3176269.7333333334,3451090.4
"2020-08-19 00:00:00",789133,488154,53074,3195,2303380,3188481.933333333,3456779.466666667
"2020-08-20 00:00:00",452944,551368,21586,1076,1586730,3167386.466666667,3424898.466666667
"2020-08-21 00:00:00",481646,306606,38671,2824,2058731,3176857.6,3432745.033333333
"2020-08-22 00:00:00",676435,502194,51535,4476,2344927,3151549.6666666665,3477761.4
"2020-08-23 00:00:00",587458,513040,56943,1823,1430795,3137128.2333333334,3447185.533333333
"2020-08-24 00:00:00",617187,434429,54480,3637,1353696,3116929.966666667,3460512.8333333335
"2020-08-25 00:00:00",491613,418632,33555,983,2749637,3141550.7666666666,3482793.3666666667
"2020-08-26 00:00:00",376240,507942,85121,3482,1786308,3115776.7333333334,3506248.2333333334
"2020-08-27 00:00:00",760317,583635,61251,2236,1831267,3126997.6,3478828
"2020-08-28 00:00:00",466702,268178,36952,2701,1942041,3112102.966666667,3487170.2
"2020-08-29 00:00:00",507658,642671,50077,4251,2644707,3138954.8,3475067.5
"2020-08-30 00:00:00",898283,560371,39356,1720,2186695,3133259.466666667,3513841.966666667
"2020-08-31 00:00:00",728940,581096,55156,1567,2420638,3126524.1,3442706.1666666665
"2020-09-01 00:00:00",313772,378049,37613,3740,1983966,3145134.1666666665,3472668.6333333333
"2020-09-02 00:00:00",564334,368511,36808,2516,1936647,3142365.1666666665,3498685.5
"2020-09-03 00:00:00",547312,531961,46893,2941,2444849,3163143.9,3475619.8666666667
"2020-09-04 00:00:00",535834,561445,35388,1601,1864200,3176010.6,3504884.3
"2020-09-05 00:00:00",656552,539284,37149,6743,2542750,3195283.033333333,3459208
"2020-09-06 00:00:00",665298,395163,19439,5988,2159421,3218300.433333333,3469473.1333333333
"2020-09-07 00:00:00",810916,723725,39737,386,2817240,3259462.033333333,3437168.033333333
"2020-09-08 00:00:00",609223,591615,55652,1580,2646747,3273542.6333333333,3429899.1666666665
"2020-09-09 00:00:00",315493,349500,36561,1108,1903677,3234416.966666667,3438253.966666667
"2020-09-10 00:00:00",535840,593682,30922,2506,2679725,3242245.2333333334,3388566
"2020-09-11 00:00:00",321845,606244,43695,11950,1908098,3230609.1,3382041.1
"2020-09-12 00:00:00",613942,351555,23711,3993,2198296,3242047.1666666665,3382247.533333333
"2020-09-13 00:00:00",650126,386884,28217,1620,1768502,3242821.7666666666,3341550
"2020-09-14 00:00:00",747862,583256,85558,6933,2635798,3267807.8,3352076.466666667
"2020-09-15 00:00:00",759823,568143,42054,1658,1483657,3267186.6333333333,3386343.033333333
"2020-09-16 00:00:00",416087,479758,27993,1695,1827013,3261687.7333333334,3417195.466666667
"2020-09-17 00:00:00",483622,535423,23951,3670,2318715,3247598.1,3427591.1
"2020-09-18 00:00:00",542715,463311,51983,3474,1819827,3222410.433333333,3455187.7666666666
"2020-09-19 00:00:00",466054,479827,47371,1283,1879157,3231076.933333333,3451780.8333333335
"2020-09-20 00:00:00",603437,488955,54372,1875,2479755,3255740.933333333,3417333.9
"2020-09-21 00:00:00",653136,512030,34255,1070,2171563,3248824,3375163.7333333334
"2020-09-22 00:00:00",660582,581134,25206,3123,1993731,3271281.3333333335,3416425.066666667
"2020-09-23 00:00:00",547803,597291,54026,1685,2275518,3305044.6666666665,3404324.7333333334
"2020-09-24 00:00:00",736291,885715,37288,7050,2478078,3320044.533333333,3369752.2333333334
"2020-09-25 00:00:00",552550,470476,50331,331,1878335,3326475.3666666667,3356325.4
"2020-09-26 00:00:00",574491,562938,63245,11406,1628959,3313219.9,3322909.6333333333
"2020-09-27 00:00:00",537560,364585,35878,724,1582228,3306700.066666667,3351723.1
"2020-09-28 00:00:00",667851,814358,27997,5453,2956799,3327470,3336449.6666666665
"2020-09-29 00:00:00",814712,593497,51763,7605,2009325,3320486,3374353.2
"2020-09-30 00:00:00",454781,571253,26347,6610,1634362,3284017.8666666667,3433311.566666667
"2020-10-01 00:00:00",522526,480633,46752,2206,2376063,3307719.433333333,3423084.1333333333
"2020-10-02 00:00:00",777409,604562,35834,275,1758195,3316634.6666666665,3413335.066666667
"2020-10-03 00:00:00",426752,257659,43166,2814,2357060,3300417.533333333,3406847.1333333333
"2020-10-04 00:00:00",543745,434635,36036,2794,1908718,3297999.7666666666,3348838.3
"2020-10-05 00:00:00",571937,559517,81980,3804,2251916,3287555.7666666666,3342748.7333333334
"2020-10-06 00:00:00",409651,342021,48622,3878,3048759,3307809.966666667,3310619.1666666665
"2020-10-07 00:00:00",630970,401818,30435,6812,1316601,3240964.1666666665,3350761.6
"2020-10-08 00:00:00",660941,646785,29875,2922,1188182,3195094.066666667,3374701.8666666667
"2020-10-09 00:00:00",608332,545595,50672,1128,1749415,3206720.933333333,3371839.6
"2020-10-10 00:00:00",453452,566010,47013,7659,1310379,3158115.5,3440559
"2020-10-11 00:00:00",728016,269727,48915,1589,1248770,3138288.1333333333,3431389.066666667
"2020-10-12 00:00:00",738739,633024,55706,6009,2268404,3155301.3333333335,3416336.9
"2020-10-13 00:00:00",560529,499456,48243,845,1627686,3152015.066666667,3478508.1
"2020-10-14 00:00:00",433053,359034,8249,7249,2869868,3139282.7666666666,3473669.1333333333
"2020-10-15 00:00:00",648381,362853,44434,6313,1943821,3144298.533333333,3482528.533333333
"2020-10-16 00:00:00",517134,545878,44338,6704,2170850,3162043.8,3479121.6333333333
"2020-10-17 00:00:00",631927,435300,22864,3906,1556533,3138215.2666666666,3439398.8333333335
"2020-10-18 00:00:00",549826,503877,41358,5505,1861196,3140897.033333333,3414393.1
"2020-10-19 00:00:00",733993,619822,42660,732,2052452,3160095.7,3424615.066666667
"2020-10-20 00:00:00",450436,459230,36784,5451,1820670,3131568.3,3438215.433333333
"2020-10-21 00:00:00",453050,539115,53748,1774,2253779,3129215.066666667,3451780
"2020-10-22 00:00:00",553150,318522,85621,1838,1735061,3110228.8666666667,3446504.3333333335
"2020-10-23 00:00:00",472976,319245,46298,2055,2075534,3091554.566666667,3444411.6
"2020-10-24 00:00:00",497450,641230,42209,6729,1917718,3056918.466666667,3440562.6333333333
"2020-10-25 00:00:00",673318,738146,29342,2196,1729615,3064271.7666666666,3460816.1666666665
"2020-10-26 00:00:00",634044,185380,63602,4705,2010744,3066186.4,3466782.9
"2020-10-27 00:00:00",705181,738774,42553,5450,1808062,3092154.6,3434500.8
"2020-10-28 00:00:00",444762,374800,25314,938,1840077,3032602.2,3430727.6666666665
"2020-10-29 00:00:00",649264,502483,14177,4228,3243032,3063811.6,3339639.2333333334
"2020-10-30 00:00:00",562326,434371,13958,1630,2424443,3088590.8,3288264.9
"2020-10-31 00:00:00",496082,514371,24468,706,2572505,3094588.933333333,3253039.966666667
"2020-11-01 00:00:00",492359,507178,38662,1141,2490011,3106358.3,3252808
"2020-11-02 00:00:00",745887,316070,48380,2692,1762849,3099306,3278528.6333333333
"2020-11-03 00:00:00",849260,282582,21913,9239,892930,3070305.6333333333,3299006.1666666665
"2020-11-04 00:00:00",558766,810034,48862,3258,1449764,3050356.533333333,3289014.3666666667
"2020-11-05 00:00:00",532594,395168,20025,4270,1369272,2999303.066666667,3289306.7333333334
"2020-11-06 00:00:00",675114,718918,19416,2553,1874241,3029423.566666667,3299479.3
"2020-11-07 00:00:00",441904,305883,42066,5113,1953799,3036758.433333333,3285692.566666667
"2020-11-08 00:00:00",549265,277046,26410,1533,1704677,3023551.3666666667,3250383.6333333333
"2020-11-09 00:00:00",698720,904847,61976,434,1363438,3045048.1333333333,3182460.2666666666
"2020-11-10 00:00:00",677339,338335,60910,6701,2256181,3079796.7,3144203.2333333334
"2020-11-11 00:00:00",584780,465498,63264,1040,1204073,3033688.8,3147737.566666667
"2020-11-12 00:00:00",393155,608684,25799,7473,1588624,3029921.6,3074872.9
"2020-11-13 00:00:00",557924,346099,62754,1681,1652342,2994699.8333333335,3077549.7666666666
"2020-11-14 00:00:00",356875,212466,50640,2444,1359862,2960582.5,3038958.3666666667
"2020-11-15 00:00:00",684072,377180,17990,2870,621904,2907886.066666667,2989815.033333333
"2020-11-16 00:00:00",846291,582636,61203,5097,1667347,2924954.466666667,2948769.5
"2020-11-17 00:00:00",356224,502070,61783,1784,1548816,2908584.8333333335,2973715.466666667
"2020-11-18 00:00:00",655422,369628,14878,2041,1912857,2892090.6333333333,2913580.3
"2020-11-19 00:00:00",610416,231647,43075,3141,1609957,2882946.2,2869011.3
"2020-11-20 00:00:00",493677,611552,28878,5565,2360245,2889561.6,2845769.7333333334
"2020-11-21 00:00:00",692777,299663,33551,1149,1311915,2877723.566666667,2820356.2666666666
"2020-11-22 00:00:00",468328,582570,33151,2664,945932,2848275.033333333,2752497.933333333
"2020-11-23 00:00:00",565178,362545,74948,1423,960308,2810244,2752678.8333333335
"2020-11-24 00:00:00",572900,549592,29610,7161,1478083,2792401.566666667,2751676.6
"2020-11-25 00:00:00",595920,361550,55405,7118,1794977,2789617.8666666667,2773801.5
"2020-11-26 00:00:00",601045,292658,27570,1442,878786,2739667.1666666665,2758193.966666667
"2020-11-27 00:00:00",606688,339013,38875,4240,1663364,2738543.2666666666,2739365.3666666667
"2020-11-28 00:00:00",523792,337251,45291,1930,1125044,2659214,2754820.033333333
"2020-11-29 00:00:00",404286,427417,37994,4435,1134113,2611597.933333333,2778581.8333333335
"2020-11-30 00:00:00",565436,387407,37738,1000,1249615,2566033.5,2805164
"2020-12-01 00:00:00",528318,509985,37673,1853,1501895,2534379.2,2813101.2333333334
"2020-12-02 00:00:00",669246,411411,31886,792,1631133,2529998.8333333335,2729282.7666666666
"2020-12-03 00:00:00",497432,622683,45599,1834,1414248,2547528.066666667,2695775.3
"2020-12-04 00:00:00",692962,455070,71712,3905,2408785,2572919.7333333334,2710171.6666666665
"2020-12-05 00:00:00",637235,631098,26849,4494,1099055,2575499.7333333334,2689705.6
"2020-12-06 00:00:00",400569,478544,19169,1352,994580,2528965.066666667,2617346.1666666665
"2020-12-07 00:00:00",465069,382662,65601,2911,1472622,2516968.6,2595673.3
"2020-12-08 00:00:00",662247,605473,31967,3454,1223320,2515886.3333333335,2624316.7666666666
"2020-12-09 00:00:00",361755,509492,63934,6181,976958,2478849.8333333335,2639557.7
"2020-12-10 00:00:00",586187,308853,21439,4225,1491458,2447939.533333333,2640951.466666667
"2020-12-11 00:00:00",597934,446701,50171,681,1493530,2456951.7,2619898.066666667
"2020-12-12 00:00:00",345462,276681,28576,5658,1390312,2437716.466666667,2604156.6666666665
"2020-12-13 00:00:00",725405,296263,29176,2148,1766941,2444354.1333333333,2607070.1
"2020-12-14 00:00:00",761872,572800,35367,3971,845463,2452260.7333333334,2602460.3333333335
"2020-12-15 00:00:00",496088,372595,27439,2182,1123478,2462852.9,2596165.8
"2020-12-16 00:00:00",538977,603119,26868,1641,1247099,2438023.8,2609528.6
"2020-12-17 00:00:00",477715,452887,34685,3835,2061139,2456676.7666666666,2626930.1
"2020-12-18 00:00:00",692902,313942,43130,3940,1008539,2426930.6666666665,2660688.5
"2020-12-19 00:00:00",227961,526119,61537,3150,2147392,2442527.9,2663056.433333333
"2020-12-20 00:00:00",603927,429884,41296,1680,1084238,2397897.933333333,2686659.5
"2020-12-21 00:00:00",746688,400561,43739,6900,1389035,2406160.433333333,2695886.533333333
"2020-12-22 00:00:00",540913,292847,102475,1262,1470602,2418675.6,2746456.033333333
"2020-12-23 00:00:00",725328,766901,40307,5026,2376840,2483675.466666667,2731694.033333333
"2020-12-24 00:00:00",416876,459171,37368,1246,1794076,2486055.1666666665,2673038.066666667
"2020-12-25 00:00:00",637685,261898,42466,2599,2246792,2498604.2,2641139.566666667
"2020-12-26 00:00:00",519660,571483,15456,6514,1330297,2520001.1,2645872.1333333333
"2020-12-27 00:00:00",747487,245376,53926,1310,1228375,2507477.6666666665,2675835.566666667
"2020-12-28 00:00:00",481922,747739,56473,1144,1434553,2530428.3666666667,2667554.033333333
"2020-12-29 00:00:00",603303,518151,42875,1897,1659562,2557679.7333333334,2671019.1
"2020-12-30 00:00:00",529491,581002,43062,3202,1953291,2586641.6333333333,2657390.8333333335
"2020-12-31 00:00:00",633777,482863,42125,1280,2114286,2609795.2666666666,2615743.966666667
"2021-01-01 00:00:00",431213,431576,38411,1652,1299342,2591719.3666666667,2678679.033333333
"2021-01-02 00:00:00",489500,251632,45153,2305,818632,2559233.2666666666,2694239.6666666665
"2021-01-03 00:00:00",674916,324197,48197,2447,1053543,2508261.7333333334,2702740.5
"2021-01-04 00:00:00",671890,405535,44583,660,1166013,2504593.433333333,2681458.033333333
"2021-01-05 00:00:00",507749,437528,47288,3724,1111912,2511726.566666667,2727728.966666667
"2021-01-06 00:00:00",520793,464444,37322,1817,2055832,2534771.2666666666,2706354.6666666665
"2021-01-07 00:00:00",535932,278168,22493,977,1811806,2538868.566666667,2673630.1666666665
"2021-01-08 00:00:00",667994,319686,38755,4173,2516310,2593155,2664146.566666667
"2021-01-09 00:00:00",523477,513714,45033,1040,1173967,2587990.6,2650278.966666667
"2021-01-10 00:00:00",388286,356498,82943,1812,1345616,2574195.033333333,2635210.933333333
"2021-01-11 00:00:00",1029975,440720,70843,1078,1782136,2616797.4,2657149.2666666666
"2021-01-12 00:00:00",466347,376073,35984,3080,728159,2576454.3,2687653.8333333335
"2021-01-13 00:00:00",651707,414051,52067,2067,1650355,2594813.1666666665,2686050.7
"2021-01-14 00:00:00",405042,708449,65958,4624,1405072,2613725.433333333,2729560.7666666666
"2021-01-15 00:00:00",467680,306492,63240,1949,1703642,2617901.8666666667,2789892.2333333334
"2021-01-16 00:00:00",689954,499808,39986,2637,1389796,2604299.066666667,2752322.6
"2021-01-17 00:00:00",555841,494966,34698,1852,1737159,2629701.3666666667,2742874.2
"2021-01-18 00:00:00",646558,479000,40229,3293,1309325,2613442.9,2752056.2666666666
"2021-01-19 00:00:00",292192,727243,20775,1285,594006,2595925.3333333335,2723943.1
"2021-01-20 00:00:00",623007,510252,44237,1060,1531239,2600020.8333333335,2668010.7666666666
"2021-01-21 00:00:00",1087909,357545,25115,2313,630283,2589856.1333333333,2637851.3
"2021-01-22 00:00:00",682056,398656,23360,1495,1880409,2558908.466666667,2607812.2666666666
"2021-01-23 00:00:00",498686,483274,32455,3413,1281943,2545276.1333333333,2634418.466666667
"2021-01-24 00:00:00",754582,416883,64912,1529,1444415,2528305.4,2649009.1666666665
"2021-01-25 00:00:00",633497,613024,72144,1396,1538568,2542146.1333333333,2615214.4
"2021-01-26 00:00:00",410584,526780,27371,977,1719321,2555764.6,2644069.8666666667
"2021-01-27 00:00:00",655538,902175,39666,3362,1957709,2583651.8333333335,2671646
"2021-01-28 00:00:00",689208,397594,53549,1871,1610759,2581225,2651612.8333333335
"2021-01-29 00:00:00",655975,518558,43307,456,1200456,2558181.566666667,2642181.4
"2021-01-30 00:00:00",476146,188977,64175,4785,1168170,2512445.5,2654816.533333333
"2021-01-31 00:00:00",564861,432838,23690,2180,980672,2505846.8333333335,2611011.3666666667
"2021-02-01 00:00:00",533985,376096,28263,2052,1765437,2542467.1666666665,2592520
"2021-02-02 00:00:00",616330,395353,71042,571,1523847,2559262.3,2564049.1
"2021-02-03 00:00:00",808890,513311,43036,1544,1755649,2587054.033333333,2573781.8
"2021-02-04 00:00:00",645411,605458,37494,3143,2317760,2637089.566666667,2582691.8
"2021-02-05 00:00:00",845203,322594,42739,1304,1837593,2636063.6333333333,2651751.7333333334
"2021-02-06 00:00:00",461099,266027,37490,11259,1663134,2629051.466666667,2635384.566666667
"2021-02-07 00:00:00",544690,349053,32536,1150,1214529,2582219.5,2634444.1666666665
"2021-02-08 00:00:00",850866,441993,31768,6605,1124858,2588848.1333333333,2633500.6
"2021-02-09 00:00:00",581951,643748,57699,2524,1791387,2618919.966666667,2634432.566666667
"2021-02-10 00:00:00",534368,512793,51262,1106,1976302,2610622.4,2627706.533333333
"2021-02-11 00:00:00",730192,625959,61172,1123,2202834,2677677.2333333334,2557916.3333333335
"2021-02-12 00:00:00",590064,428181,24725,806,2241105,2694831.466666667,2556313.2333333334
"2021-02-13 00:00:00",537478,643881,63452,2579,2390346,2729784.466666667,2559401.3666666667
"2021-02-14 00:00:00",517035,626137,40499,1314,1778176,2743789.7666666666,2546136.8666666667
"2021-02-15 00:00:00",554168,882907,69585,1238,2736263,2797856,2590344.1333333333
"2021-02-16 00:00:00",415942,421333,50500,1795,1991561,2799743.033333333,2633635.033333333
"2021-02-17 00:00:00",455256,584745,47833,2695,2028729,2821104.566666667,2661595.066666667
"2021-02-18 00:00:00",660786,390460,42717,1950,1495083,2852954.4,2658108.6666666665
"2021-02-19 00:00:00",884699,343399,47510,944,899884,2835175.6333333333,2676933
"2021-02-20 00:00:00",687596,459542,49443,4189,1485195,2854602.533333333,2729184.6333333333
"2021-02-21 00:00:00",642852,467996,32860,4077,1995587,2859848.966666667,2766339.933333333
"2021-02-22 00:00:00",1190017,370306,43225,4554,2033088,2904563.1,2778902.2333333334
"2021-02-23 00:00:00",764105,622157,58509,2240,879243,2892694.5,2801905.933333333
"2021-02-24 00:00:00",842834,564046,40164,2583,1701347,2902439.1333333333,2798672.2333333334
"2021-02-25 00:00:00",468034,501045,34510,4068,1328238,2890801.3666666667,2738837.533333333
"2021-02-26 00:00:00",586558,357027,13180,4516,1835358,2865407.566666667,2694882.1666666665
"2021-02-27 00:00:00",633960,278493,28466,3131,1592616,2858197,2719720.9
"2021-02-28 00:00:00",499346,756790,68951,5798,1500652,2871956.6666666665,2751295.2333333334
"2021-03-01 00:00:00",687198,354696,24766,1965,3122040,2948237.1,2742706.4
"2021-03-02 00:00:00",350166,448385,42336,1794,2205276,2983027.966666667,2753432.1
"2021-03-03 00:00:00",517531,575535,39732,1511,2746426,3022191.5,2788808.2666666666
"2021-03-04 00:00:00",883948,585479,42021,1009,1874392,3048181.466666667,2777338.6
"2021-03-05 00:00:00",663824,489519,54436,2620,1507808,3034707.3333333335,2840837.6666666665
"2021-03-06 00:00:00",630005,325965,34402,10222,2063014,3016518.7,2822506.7666666666
"2021-03-07 00:00:00",758099,519443,34137,1712,1771481,3017700.066666667,2787279.2666666666
"2021-03-08 00:00:00",598284,486098,52710,2618,1736198,3032263.2333333334,2803754.2
"2021-03-09 00:00:00",503304,484121,31538,9923,2696778,3085053.7666666666,2850290.8
"2021-03-10 00:00:00",714880,382991,42387,573,2470466,3123560.8666666667,2895651.2
"2021-03-11 00:00:00",859032,838257,74728,2702,2157639,3152062.5,2914650.3
"2021-03-12 00:00:00",292095,584733,34694,3574,1478327,3129315.6666666665,2967497.3666666667
"2021-03-13 00:00:00",718625,549151,40173,6174,1860342,3114421.7,2988300.2
"2021-03-14 00:00:00",770221,511002,53688,4644,2314162,3126716.566666667,2986505.5
"2021-03-15 00:00:00",725354,660222,63588,1320,2266478,3129357.6333333333,2999770.8333333335
"2021-03-16 00:00:00",548695,536410,45698,3009,2022897,3135809.4,2973403.466666667
"2021-03-17 00:00:00",868943,638579,48278,3346,2186759,3119200.9,2942434.5
"2021-03-18 00:00:00",670790,451521,32599,3014,2351025,3140128.4,2898561.5
"2021-03-19 00:00:00",550422,610548,32359,2253,2662318,3164750.1333333333,2892059.4
"2021-03-20 00:00:00",566789,630717,38110,6518,1346764,3164680.466666667,2932022.966666667
"2021-03-21 00:00:00",591483,520449,32437,5067,2064396,3199260.5,2923939.6
"2021-03-22 00:00:00",616806,601954,65474,2806,1391975,3199028.8333333335,2871356.1666666665
"2021-03-23 00:00:00",660240,590352,70567,1145,2358426,3216940.966666667,2917315.6
"2021-03-24 00:00:00",708607,554984,27148,964,2269181,3214264.1333333333,2909137
"2021-03-25 00:00:00",619296,593991,41333,1322,1683039,3234688.033333333,2877234.933333333
"2021-03-26 00:00:00",616719,600267,33526,581,2226871,3245587.6666666665,2921417.533333333
"2021-03-27 00:00:00",377029,540398,55337,5661,2114022,3270806.1,2983207.933333333
"2021-03-28 00:00:00",616642,429282,27035,1675,1298685,3256695.566666667,2988998.6
"2021-03-29 00:00:00",489716,414319,45070,3614,2123820,3274691.433333333,2934736.1
"2021-03-30 00:00:00",396220,774056,61263,92,2305116,3298198.2666666666,2950905.8
"2021-03-31 00:00:00",457804,899183,69827,2869,2273202,3281939.3,2979795.2
"2021-04-01 00:00:00",506335,711159,21133,4140,2050679,3290122.033333333,3024833.7
"2021-04-02 00:00:00",535775,481817,47093,4254,2412744,3276820.3,3059925.466666667
"2021-04-03 00:00:00",479764,560383,49548,2543,896667,3230222.2333333334,3101648.2666666666
"2021-04-04 00:00:00",485337,496722,58690,3947,2056881,3243001.3666666667,3054731.3
"2021-04-05 00:00:00",885835,582711,36960,2091,2438055,3272402.8,3045151.9
"2021-04-06 00:00:00",522333,638878,59360,1277,2453501,3292085.3,3076420.966666667
"2021-04-07 00:00:00",317393,465969,50848,7224,2120476,3294952.2,3125790.533333333
"2021-04-08 00:00:00",778224,725436,54132,2289,2589194,3309072.466666667,3119638.4
"2021-04-09 00:00:00",697717,552121,38351,1378,2067426,3300595.6666666665,3103163.3666666667
"2021-04-10 00:00:00",439577,682033,35091,4147,1791092,3267915.033333333,3147030.8333333335
"2021-04-11 00:00:00",711168,523332,58725,1526,1733732,3289083.466666667,3128154.6666666665
"2021-04-12 00:00:00",672087,490161,57855,5035,2628269,3311714.9,3120033.5
"2021-04-13 00:00:00",332368,308167,41825,513,1863385,3274799.2333333334,3167338.1333333333
"2021-04-14 00:00:00",506042,794910,71015,1320,2511964,3280408.8666666667,3147268.8
"2021-04-15 00:00:00",878000,982958,52841,1327,2397423,3318937,3145166.966666667
"2021-04-16 00:00:00",568222,417833,31226,18,2252735,3303074.6333333333,3139183.3
"2021-04-17 00:00:00",557457,496159,43309,3044,2164963,3294940.6666666665,3172296.7333333334
"2021-04-18 00:00:00",450810,620751,37059,9009,2301670,3280320.6333333333,3210648.1333333333
"2021-04-19 00:00:00",1152666,520315,59045,2231,2042359,3319911.2333333334,3197854.6666666665
"2021-04-20 00:00:00",461066,789876,85650,2386,2228836,3331710.6333333333,3249683.6
"2021-04-21 00:00:00",730008,337999,44366,1259,1840323,3340875.2666666666,3257029.6666666665
"2021-04-22 00:00:00",718563,793387,16690,1777,1503323,3319308.8666666667,3215722.7666666666
"2021-04-23 00:00:00",591524,514369,32636,1059,2011448,3305647.1666666665,3238116.566666667
"2021-04-24 00:00:00",749255,686734,33277,2348,2598922,3343365.7,3271693.3666666667
"2021-04-25 00:00:00",439748,683278,74776,4084,2053693,3335953.066666667,3272833.7
"2021-04-26 00:00:00",637006,617512,106355,737,2548619,3363212.6333333333,3275224.1333333333
"2021-04-27 00:00:00",610201,612121,69035,1698,1752606,3385623.9,3324752.066666667
"2021-04-28 00:00:00",688635,689533,34493,3763,1917397,3394199.966666667,3391551
"2021-04-29 00:00:00",854734,329923,61341,1865,2090470,3387586.4,3413316.4
"2021-04-30 00:00:00",580507,267169,37400,876,1923276,3357797.3333333335,3406032.8333333335
"2021-05-01 00:00:00",450948,494815,43349,2258,2982104,3380465.1333333333,3366853.5
"2021-05-02 00:00:00",676071,476068,49781,3489,859786,3333248.8666666667,3330048.533333333
"2021-05-03 00:00:00",934329,459416,39648,2037,1997756,3381391.533333333,3305767.6
"2021-05-04 00:00:00",289647,453490,47934,1283,2679512,3393734.5,3295619.6333333333
"2021-05-05 00:00:00",357178,488742,59214,1198,2931164,3390129.3,3297023.3666666667
"2021-05-06 00:00:00",597623,564901,58744,3253,1645783,3363294.433333333,3313469.1333333333
"2021-05-07 00:00:00",553498,682853,34360,1796,2915358,3404159.6,3289250.6666666665
"2021-05-08 00:00:00",569313,356195,51861,4307,1965208,3364079.7666666666,3276885.433333333
"2021-05-09 00:00:00",381219,512744,44147,507,1548467,3335082.466666667,3294740.033333333
"2021-05-10 00:00:00",625740,699160,50482,4892,1879387,3345340.1333333333,3216926.933333333
"2021-05-11 00:00:00",596989,716173,23479,2870,2826637,3383262.7,3239530.3333333335
"2021-05-12 00:00:00",631773,578473,28689,2155,1763463,3354967.533333333,3263879.566666667
"2021-05-13 00:00:00",570961,469222,20748,418,1841063,3366839.3333333335,3276632.033333333
"2021-05-14 00:00:00",629326,89245,27267,3836,2031859,3330048.4,3304669
"2021-05-15 00:00:00",430005,619420,35379,594,2424404,3303289.9,3331728.4
"2021-05-16 00:00:00",480876,537895,38446,1326,1965283,3295082.6,3322628.033333333
"2021-05-17 00:00:00",638631,371356,42750,1660,1338547,3266016.2,3309678.5
"2021-05-18 00:00:00",579467,702291,26898,962,2616927,3282924.5,3297478.3666666667
"2021-05-19 00:00:00",496114,948177,52017,4385,2106352,3277271.966666667,3316906.8666666667
"2021-05-20 00:00:00",859661,675920,71631,3537,2698527,3301987.2333333334,3314412.7333333334
"2021-05-21 00:00:00",365928,640853,34602,504,2286911,3314482,3344687.966666667
"2021-05-22 00:00:00",550836,629130,42574,3768,1947406,3319148.2333333334,3327328.2666666666
"2021-05-23 00:00:00",660354,414627,24140,1795,1664974,3306310.066666667,3314830.2666666666
"2021-05-24 00:00:00",611839,617683,48179,2932,2211482,3287029.6666666665,3290986.433333333
"2021-05-25 00:00:00",407668,528241,48753,767,2377919,3290621.966666667,3293828.6333333333
"2021-05-26 00:00:00",559787,690169,64170,5245,2528925,3288557.5,3275289.433333333
"2021-05-27 00:00:00",883944,647573,38475,2651,2062259,3308199.1333333333,3232254.7666666666
"2021-05-28 00:00:00",613920,567302,31156,7548,2071041,3306770.6666666665,3179941.2
"2021-05-29 00:00:00",877542,713540,55770,1058,2187328,3323334,3111381.6333333333
"2021-05-30 00:00:00",795843,594250,27783,2195,2088893,3346658.7,3148842.433333333
"2021-05-31 00:00:00",574846,817501,63616,3747,3688055,3385801.7666666666,3161647.7666666666
"2021-06-01 00:00:00",431712,307791,48700,3630,2052056,3411758.1333333333,3157453.033333333
"2021-06-02 00:00:00",410351,526479,54609,4325,2192788,3403603.7333333334,3197312.4
"2021-06-03 00:00:00",1199142,419679,43494,1684,1915941,3407205.966666667,3219207.7333333334
"2021-06-04 00:00:00",288757,643998,34365,1172,1852244,3373307.3,3213501.5
"2021-06-05 00:00:00",781496,475343,30696,4975,2006601,3387600.933333333,3175666.3666666667
"2021-06-06 00:00:00",632502,763777,26850,1935,2659502,3384157.3333333335,3166095.7
"2021-06-07 00:00:00",670004,559164,29872,7765,1735623,3386008.8333333335,3160264.3333333335
"2021-06-08 00:00:00",557720,799021,50744,731,2709653,3440368.466666667,3157183.2333333334
"2021-06-09 00:00:00",601184,739326,45732,368,3003659,3478055.3333333335,3204185.7666666666
"2021-06-10 00:00:00",595368,563700,41781,5421,2092872,3449154.933333333,3180317.5
"2021-06-11 00:00:00",428513,627377,37113,1945,2291578,3461887.1333333333,3164377.2
"2021-06-12 00:00:00",391805,409651,48322,2494,2205155,3467054.4,3118763.933333333
"2021-06-13 00:00:00",418274,817148,38736,2411,2402661,3496977.7333333334,3109824.566666667
"2021-06-14 00:00:00",718569,674277,54812,1731,2041574,3496349.9,3103437.566666667
"2021-06-15 00:00:00",715537,619309,36207,1508,2749895,3532971.1666666665,3119627.6
"2021-06-16 00:00:00",638518,465619,33444,3894,3000625,3591276.4,3139498.7333333334
"2021-06-17 00:00:00",691142,427280,44718,3034,1202088,3539333.3,3081888.8666666667
"2021-06-18 00:00:00",537450,285280,27270,1654,2893862,3543948.966666667,3092771.2
"2021-06-19 00:00:00",712913,802368,51468,4850,1393301,3499136.7,3063752.7333333334
"2021-06-20 00:00:00",742522,814826,36255,2298,2562118,3526777.5,3066970.3333333335
"2021-06-21 00:00:00",1065711,489976,66988,1327,2801135,3568491.2333333334,3077633.1
"2021-06-22 00:00:00",539891,399748,58414,2569,2331379,3587361.7333333334,3090094.7666666666
"2021-06-23 00:00:00",435827,582131,68873,992,2564353,3592696.8333333335,3110828.6
"2021-06-24 00:00:00",582522,751645,41069,2705,2471582,3608902.6333333333,3101258.1333333333
"2021-06-25 00:00:00",596835,613451,58411,4342,2076345,3592272.1666666665,3117173.7666666666
"2021-06-26 00:00:00",859147,674903,64446,3027,2406213,3604699.8666666667,3135082.6666666665
"2021-06-27 00:00:00",665885,286072,55268,3458,2064279,3597499.8,3156697.2
"2021-06-28 00:00:00",650541,1033389,75692,4181,2169798,3600778.7666666666,3153031.3
"2021-06-29 00:00:00",452768,424841,44869,6106,2650330,3603110.8,3140238.3666666667
"2021-06-30 00:00:00",664236,467402,32253,1859,3153757,3575502.1666666665,3222318
"2021-07-01 00:00:00",746690,685954,46647,1788,2474001,3612542.1333333333,3222355.933333333
"2021-07-02 00:00:00",596284,219945,27901,894,2635427,3622271.966666667,3214576.8333333335
"2021-07-03 00:00:00",384790,495219,47698,5660,1483689,3583509.1333333333,3202520.466666667
"2021-07-04 00:00:00",545866,482236,35641,5637,2851277,3620179.933333333,3198273.1666666665
"2021-07-05 00:00:00",515090,596419,45940,2538,1991224,3615249.8,3173039.933333333
"2021-07-06 00:00:00",551191,711271,71130,5777,2646967,3611975.7,3154796.7
"2021-07-07 00:00:00",597297,589613,63220,1687,1906191,3617161.6666666665,3163872.466666667
"2021-07-08 00:00:00",642463,420378,58669,1190,2733432,3608437.1666666665,3176374.6666666665
"2021-07-09 00:00:00",604641,589522,38415,1007,1884046,3566015.8,3164008.566666667
"2021-07-10 00:00:00",745355,424198,51564,1659,2586516,3583020.8333333335,3163992.2
"2021-07-11 00:00:00",775808,720170,36571,2828,3639608,3642636.566666667,3195389.6666666665
"2021-07-12 00:00:00",601117,416852,44808,1723,2233182,3650645.3,3169533.8666666667
"2021-07-13 00:00:00",722988,356705,47483,7441,2375749,3645016.566666667,3187698.3
"2021-07-14 00:00:00",746165,420083,37193,999,2496247,3652007.3,3175101.933333333
"2021-07-15 00:00:00",657256,722499,23100,3131,2921998,3658858.1333333333,3164512.3
"2021-07-16 00:00:00",489951,337228,65449,1947,1685451,3606788.966666667,3134419.033333333
"2021-07-17 00:00:00",501961,643375,30273,7163,2017071,3634508.566666667,3191143.6666666665
"2021-07-18 00:00:00",223916,795213,44680,1150,1844507,3606640.3333333335,3159310.1
"2021-07-19 00:00:00",454224,649403,45594,1664,3335729,3657363.966666667,3168012.7333333334
"2021-07-20 00:00:00",298995,558840,22443,1618,2192461,3621241.6,3168455.3
"2021-07-21 00:00:00",584980,489809,22333,2143,2135928,3581576.7333333334,3178956.066666667
"2021-07-22 00:00:00",727119,428222,41293,1212,3039856,3611766.433333333,3145094.1666666665
"2021-07-23 00:00:00",662004,357880,68772,1086,2588916,3612649.033333333,3181045.9
"2021-07-24 00:00:00",734452,597539,33090,3540,3266270,3638828.2,3174966.8333333335
"2021-07-25 00:00:00",410003,619478,31719,3471,1845661,3624193.1,3145570.8
"2021-07-26 00:00:00",699773,461890,34523,4300,2600145,3617289.6333333333,3138753.6666666665
"2021-07-27 00:00:00",369090,653181,20671,3875,2334491,3627501,3153843.2
"2021-07-28 00:00:00",635954,364501,38658,1797,3055696,3632934.3333333335,3167819.2666666666
"2021-07-29 00:00:00",503097,688862,70338,1316,2934525,3653574.8333333335,3146565.433333333
"2021-07-30 00:00:00",654284,746791,29543,2774,1644426,3612185.1,3067137.3333333335
"2021-07-31 00:00:00",541744,491449,60759,3214,3323733,3627712.3666666667,3102533.3333333335
"2021-08-01 00:00:00",576745,327871,51195,2797,1582754,3596409.466666667,3122425.3
"2021-08-02 00:00:00",596722,407727,66789,2891,2320898,3629008.433333333,3104893.8
"2021-08-03 00:00:00",525517,639655,36674,875,3444682,3653233.3,3124405.933333333
"2021-08-04 00:00:00",595742,448054,29267,1188,2352605,3662421.6,3141855.8333333335
"2021-08-05 00:00:00",710177,639503,47146,4904,1808413,3636548.466666667,3143048.4
"2021-08-06 00:00:00",735276,496986,28466,9078,2956147,3672146.6,3133253
"2021-08-07 00:00:00",708289,875141,43418,4179,2885263,3694151.7333333334,3103864.3
"2021-08-08 00:00:00",820265,522229,30675,1677,1468028,3684993.1333333333,3118179.1333333333
"2021-08-09 00:00:00",719043,556498,54990,1765,3407473,3716008.966666667,3130922.6666666665
"2021-08-10 00:00:00",360006,581691,55197,3632,2400934,3656891.3333333335,3134561.433333333
"2021-08-11 00:00:00",902979,681290,55696,2344,2252827,3676806.433333333,3180183
"2021-08-12 00:00:00",714665,774631,31109,2367,2280759,3686578.566666667,3157463.466666667
"2021-08-13 00:00:00",393043,340120,12475,3743,2315077,3665370.8,3154126.033333333
"2021-08-14 00:00:00",518205,172751,54947,3298,2116294,3616621.1,3158382.8666666667
"2021-08-15 00:00:00",471552,510876,47921,2617,2350443,3643400.7666666666,3177094.3
"2021-08-16 00:00:00",489398,457408,40928,2567,2731570,3660801.6333333333,3145853.1333333333
"2021-08-17 00:00:00",381974,562619,26494,1331,3090479,3699249.2333333334,3146008.3333333335
"2021-08-18 00:00:00",813460,426765,53032,2655,2312188,3669965.433333333,3176269.7333333334
"2021-08-19 00:00:00",481193,1025281,50208,951,2468423,3701688.9,3188481.933333333
"2021-08-20 00:00:00",470231,401770,50731,2365,2860420,3720033.1333333333,3167386.466666667
"2021-08-21 00:00:00",542230,786310,75872,307,2583192,3711707,3176857.6
"2021-08-22 00:00:00",372402,406096,33629,1227,2252378,3691276.3333333335,3151549.6666666665
"2021-08-23 00:00:00",673283,601714,50146,2580,2451398,3662750.466666667,3137128.2333333334
"2021-08-24 00:00:00",487209,403725,67474,5769,1969988,3663544.6666666665,3116929.966666667
"2021-08-25 00:00:00",504186,329844,37584,3582,2373079,3645132.8666666667,3141550.7666666666
"2021-08-26 00:00:00",618290,561382,35123,573,2380251,3652276.566666667,3115776.7333333334
"2021-08-27 00:00:00",595605,510788,46247,7606,2749149,3646036.2333333334,3126997.6
"2021-08-28 00:00:00",612938,451555,25806,5508,2844971,3637457.5,3112102.966666667
"2021-08-29 00:00:00",669661,618881,56933,2653,2671164,3668839.966666667,3138954.8
"2021-08-30 00:00:00",723475,701360,41213,1111,1957618,3635635.7666666666,3133259.466666667
"2021-08-31 00:00:00",548510,577199,86413,1933,2598356,3678004.1333333333,3126524.1
"2021-09-01 00:00:00",779640,455731,64437,3371,2420697,3688965.8666666667,3145134.1666666665
"2021-09-02 00:00:00",506496,600160,47936,2489,2823893,3666751.533333333,3142365.1666666665
"2021-09-03 00:00:00",451739,774817,40269,544,3177362,3700680.6333333333,3163143.9
"2021-09-04 00:00:00",840246,365177,33734,4130,2727797,3726045.3333333335,3176010.6
"2021-09-05 00:00:00",294330,619009,21451,5230,2580873,3702543.2,3195283.033333333
"2021-09-06 00:00:00",723844,502524,40099,2305,1953172,3659398.6333333333,3218300.433333333
"2021-09-07 00:00:00",751650,291169,46021,2079,1996271,3667542.466666667,3259462.033333333
"2021-09-08 00:00:00",532909,698963,56240,764,2163439,3624627.4,3273542.6333333333
"2021-09-09 00:00:00",594881,420980,29135,2157,2206598,3619703.8,3234416.966666667
"2021-09-10 00:00:00",814889,442818,46888,4090,2546125,3618359.533333333,3242245.2333333334
"2021-09-11 00:00:00",478709,658429,52408,3647,2603138,3618119.6666666665,3230609.1
"2021-09-12 00:00:00",464771,262533,21273,1980,3842073,3669058.966666667,3242047.1666666665
"2021-09-13 00:00:00",916327,607374,56235,2876,2365371,3705148.966666667,3242821.7666666666
"2021-09-14 00:00:00",455495,705037,58211,3678,2766447,3725330.8333333335,3267807.8
"2021-09-15 00:00:00",613050,460748,66152,1023,2303997,3716100.966666667,3267186.6333333333
"2021-09-16 00:00:00",469623,492794,46726,3731,3050238,3716108.4,3261687.7333333334
"2021-09-17 00:00:00",436352,613481,29131,1982,2184174,3704675.933333333,3247598.1
"2021-09-18 00:00:00",393710,474283,48565,6106,2760095,3693232.7333333334,3222410.433333333
"2021-09-19 00:00:00",461808,331462,37846,2989,2443251,3676294.2,3231076.933333333
"2021-09-20 00:00:00",733487,800211,28547,859,3641557,3716852.566666667,3255740.933333333
"2021-09-21 00:00:00",735349,413370,35720,2606,2600730,3740920.7,3248824
"2021-09-22 00:00:00",729311,531470,37698,2396,2175596,3730832.3,3271281.3333333335
"2021-09-23 00:00:00",744253,498046,52724,3996,2128761,3747286.3666666667,3305044.6666666665
"2021-09-24 00:00:00",583599,722343,37453,4372,2532464,3768351.433333333,3320044.533333333
"2021-09-25 00:00:00",530561,723840,42148,4008,1756907,3750413.1,3326475.3666666667
"2021-09-26 00:00:00",318483,670810,21147,6517,1494254,3703806.8333333335,3313219.9
"2021-09-27 00:00:00",752582,668713,78041,2088,3828525,3750112.7666666666,3306700.066666667
"2021-09-28 00:00:00",649508,641180,47569,1828,2408188,3741078.7666666666,3327470
"2021-09-29 00:00:00",744554,573822,42888,1930,3014026,3772826.8333333335,3320486
"2021-09-30 00:00:00",805793,795301,32550,1542,3213719,3807376.6333333333,3284017.8666666667
"2021-10-01 00:00:00",591836,430310,36698,2433,2399804,3798616.8666666667,3307719.433333333
"2021-10-02 00:00:00",873033,290599,20708,4496,3148845,3810507.1,3316634.6666666665
"2021-10-03 00:00:00",463327,231602,36149,5112,1697704,3743479.3,3300417.533333333
"2021-10-04 00:00:00",671411,815691,75451,1903,2687667,3752847.4,3297999.7666666666
"2021-10-05 00:00:00",463590,597689,37353,2322,3388534,3785134.3333333335,3287555.7666666666
"2021-10-06 00:00:00",567092,538013,37226,859,1874735,3778333.6,3307809.966666667
"2021-10-07 00:00:00",509706,513230,47063,3016,2083814,3780655.1,3240964.1666666665
"2021-10-08 00:00:00",671559,633471,28284,1320,2513479,3793848.1,3195094.066666667
"2021-10-09 00:00:00",594502,445894,50984,3184,1653788,3777001.433333333,3206720.933333333
"2021-10-10 00:00:00",276604,716386,32363,3282,2283315,3758906.1,3158115.5
"2021-10-11 00:00:00",563999,850056,52654,2399,2645234,3769506.533333333,3138288.1333333333
"2021-10-12 00:00:00",447690,356457,29055,4446,2560933,3729704.7666666666,3155301.3333333335
"2021-10-13 00:00:00",738285,575654,48018,1509,2334691,3721370.3,3152015.066666667
"2021-10-14 00:00:00",695924,626466,50106,5379,2578466,3720286.1,3139282.7666666666
"2021-10-15 00:00:00",565454,801414,72997,1560,2386007,3733034.6666666665,3144298.533333333
"2021-10-16 00:00:00",640826,439304,22030,4771,2614585,3721648.033333333,3162043.8
"2021-10-17 00:00:00",444565,787806,61878,2554,2731171,3747076.533333333,3138215.2666666666
"2021-10-18 00:00:00",625339,944981,41547,3356,2429644,3759146.9,3140897.033333333
"2021-10-19 00:00:00",632283,531456,27616,5318,1837398,3751037.2666666666,3160095.7
"2021-10-20 00:00:00",736227,623245,19129,1563,1909913,3687217.7,3131568.3
"2021-10-21 00:00:00",632383,526592,89364,418,1764389,3661396.9,3129215.066666667
"2021-10-22 00:00:00",481413,214511,50709,3241,2002278,3637252.8,3110228.8666666667
"2021-10-23 00:00:00",749004,810904,26840,2009,2371238,3654993.3,3091554.566666667
"2021-10-24 00:00:00",423518,490160,57028,2101,2123202,3628852.5,3056918.466666667
"2021-10-25 00:00:00",731226,649195,46657,6537,2032163,3642462.8333333335,3064271.7666666666
"2021-10-26 00:00:00",530253,535804,60917,5571,2468241,3678782.066666667,3066186.4
"2021-10-27 00:00:00",611655,466189,45341,2225,2618432,3625911.6,3092154.6
"2021-10-28 00:00:00",657269,837774,41619,1301,3167823,3657828.7333333334,3032602.2
"2021-10-29 00:00:00",391146,792063,30232,1888,2215671,3626288.1333333333,3063811.6
"2021-10-30 00:00:00",794901,605482,28587,3597,3046451,3613958.7333333334,3088590.8
"2021-10-31 00:00:00",343611,432804,40157,2055,1578660,3578498.8666666667,3094588.933333333
"2021-11-01 00:00:00",631192,759094,66268,3797,2228706,3556878.066666667,3106358.3
"2021-11-02 00:00:00",594300,584059,57880,13888,2981881,3616815.4,3099306
"2021-11-03 00:00:00",899465,409848,60127,4201,2006781,3587758.566666667,3070305.6333333333
"2021-11-04 00:00:00",517088,415158,59601,2835,2321725,3548655.566666667,3050356.533333333
"2021-11-05 00:00:00",530129,699728,34609,688,2028462,3557845.2666666666,2999303.066666667
"2021-11-06 00:00:00",642041,502285,53042,2238,2675681,3581793.9,3029423.566666667
"2021-11-07 00:00:00",347042,543247,34032,1917,963097,3516501.5,3036758.433333333
"2021-11-08 00:00:00",579005,915041,40045,3605,2045786,3544339.3,3023551.3666666667
"2021-11-09 00:00:00",440568,653776,68181,2727,1927979,3537048.8333333335,3045048.1333333333
"2021-11-10 00:00:00",698385,910354,47263,1012,2275589,3530990.7,3079796.7
"2021-11-11 00:00:00",660739,595549,39666,4474,2419047,3541687.2,3033688.8
"2021-11-12 00:00:00",852975,525286,27639,7193,2106260,3535727,3029921.6
"2021-11-13 00:00:00",565392,469195,50297,3639,1811427,3500513.8333333335,2994699.8333333335
"2021-11-14 00:00:00",506104,423357,35226,1539,1673948,3460938.433333333,2960582.5
"2021-11-15 00:00:00",591252,1193556,68258,2493,2580232,3484747.6666666665,2907886.066666667
"2021-11-16 00:00:00",542673,549997,53742,1034,2194942,3461894.8333333335,2924954.466666667
"2021-11-17 00:00:00",912225,902845,23367,6863,2501433,3471956.933333333,2908584.8333333335
"2021-11-18 00:00:00",616067,596390,72742,4276,1120408,3451150.433333333,2892090.6333333333
"2021-11-19 00:00:00",384496,611459,23437,12824,2383272,3455330.8333333335,2882946.2
"2021-11-20 00:00:00",674389,706701,41508,7538,2167158,3474802.3666666667,2889561.6
"2021-11-21 00:00:00",561896,706749,82760,2507,1891342,3491239.1666666665,2877723.566666667
"2021-11-22 00:00:00",546283,514246,33185,4991,2410580,3476215.533333333,2848275.033333333
"2021-11-23 00:00:00",792472,658292,47293,303,1796808,3482854.3,2810244
"2021-11-24 00:00:00",562880,557915,36866,3119,3220775,3513380.3,2792401.566666667
"2021-11-25 00:00:00",657462,492921,31192,2460,2609999,3519821.966666667,2789617.8666666667
"2021-11-26 00:00:00",564744,726623,50075,4163,2205282,3513390.2666666666,2739667.1666666665
"2021-11-27 00:00:00",719032,716037,41011,4270,1763005,3464642.6,2738543.2666666666
"2021-11-28 00:00:00",635600,801679,43558,4019,1704629,3456592.3,2659214
"2021-11-29 00:00:00",528998,942700,34959,2121,2786056,3450452.7333333334,2611597.933333333
"2021-11-30 00:00:00",677772,530570,38382,1995,2787517,3505084.6666666665,2566033.5
"2021-12-01 00:00:00",761694,625402,41081,14019,2440861,3511551.4,2534379.2
"2021-12-02 00:00:00",596472,510444,40590,2803,1768823,3467788.6333333333,2529998.8333333335
"2021-12-03 00:00:00",642192,640087,38250,4763,2056099,3467820.8666666667,2547528.066666667
"2021-12-04 00:00:00",950465,243622,26440,535,2145619,3469496.566666667,2572919.7333333334
"2021-12-05 00:00:00",281263,717881,28505,2721,2456893,3475951.566666667,2575499.7333333334
"2021-12-06 00:00:00",461728,627604,49665,1343,2508340,3468397.8666666667,2528965.066666667
"2021-12-07 00:00:00",411719,726192,39821,1332,1767910,3503652.3666666667,2516968.6
"2021-12-08 00:00:00",575220,377449,29760,1206,2507179,3500563.2666666666,2515886.3333333335
"2021-12-09 00:00:00",821667,502354,52776,658,2852750,3538462.066666667,2478849.8333333335
"2021-12-10 00:00:00",369566,728265,26620,2397,1253507,3486720.4,2447939.533333333
"2021-12-11 00:00:00",722481,911231,45534,11329,2351642,3497478.566666667,2456951.7
"2021-12-12 00:00:00",321086,657775,34315,7033,1292545,3457258.6666666665,2437716.466666667
"2021-12-13 00:00:00",245385,879124,46201,1977,1479119,3448987.3333333335,2444354.1333333333
"2021-12-14 00:00:00",602928,729435,54092,565,2251318,3482259.566666667,2452260.7333333334
"2021-12-15 00:00:00",718245,513593,21844,1515,2280750,3452264.6333333333,2462852.9
"2021-12-16 00:00:00",924509,921569,36386,5518,2657866,3492379.8666666667,2438023.8
"2021-12-17 00:00:00",682292,427139,56907,1466,2628642,3474036.8666666667,2456676.7666666666
"2021-12-18 00:00:00",447226,754901,53994,3112,1640703,3490372.3,2426930.6666666665
"2021-12-19 00:00:00",794769,1015483,47089,2460,2835566,3533035.1,2442527.9
"2021-12-20 00:00:00",561282,475365,41820,2737,2333222,3526939.2666666666,2397897.933333333
"2021-12-21 00:00:00",329273,748318,40149,1960,1829834,3517082.1333333333,2406160.433333333
"2021-12-22 00:00:00",473489,512327,32660,4532,1950911,3499236.466666667,2418675.6
"2021-12-23 00:00:00",770391,783905,71476,768,2033742,3511406.8666666667,2483675.466666667
"2021-12-24 00:00:00",626752,667353,47039,6340,2307324,3487181.9,2486055.1666666665
"2021-12-25 00:00:00",604422,494728,38795,1997,1463265,3447487.6666666665,2498604.2
"2021-12-26 00:00:00",411980,901797,69035,6573,1758765,3434063.1,2520001.1
"2021-12-27 00:00:00",638266,505696,82197,1588,2693037,3456644.2666666666,2507477.6666666665
"2021-12-28 00:00:00",657704,608912,45684,4884,1901081,3457603.433333333,2530428.3666666667
"2021-12-29 00:00:00",516307,595496,53214,3338,1765271,3412229.7,2557679.7333333334
"2021-12-30 00:00:00",498239,513924,31364,1347,1844120,3373987.966666667,2586641.6333333333
"2021-12-31 00:00:00",624248,334508,40689,1407,1418733,3325205.533333333,2609795.2666666666
"2022-01-01 00:00:00",471245,667038,40387,3062,703682,3290748.4,2591719.3666666667
"2022-01-02 00:00:00",461033,598662,48209,1422,2414482,3295495.5,2559233.2666666666
"2022-01-03 00:00:00",508903,698107,37747,4502,1912224,3288655.8333333335,2508261.7333333334
"2022-01-04 00:00:00",788474,368829,22537,2734,2113682,3282288.7666666666,2504593.433333333
"2022-01-05 00:00:00",478295,702455,45091,2777,1655940,3256817.933333333,2511726.566666667
"2022-01-06 00:00:00",370389,576233,46317,3143,1970008,3257455.3,2534771.2666666666
"2022-01-07 00:00:00",615054,354896,39987,7580,2213618,3248799.433333333,2538868.566666667
"2022-01-08 00:00:00",353562,632056,26276,4006,2422274,3222398.533333333,2593155
"2022-01-09 00:00:00",438751,466613,55737,3489,2229407,3249519.8666666667,2587990.6
"2022-01-10 00:00:00",830862,766884,39414,5273,2601920,3256257.566666667,2574195.033333333
"2022-01-11 00:00:00",587756,669894,56127,3382,1728792,3280697.5,2616797.4
"2022-01-12 00:00:00",508351,665325,59266,3256,3437709,3348100.9,2576454.3
"2022-01-13 00:00:00",391830,391146,33780,1798,1894458,3317256.6666666665,2594813.1666666665
"2022-01-14 00:00:00",459515,707928,30798,7654,1698830,3296215.966666667,2613725.433333333
"2022-01-15 00:00:00",754392,366908,54100,5716,2099214,3254032,2617901.8666666667
"2022-01-16 00:00:00",819139,562071,41607,1633,2043080,3243068,2604299.066666667
"2022-01-17 00:00:00",464154,405500,44071,7148,2711775,3267491.7,2629701.3666666667
"2022-01-18 00:00:00",387712,694085,28709,2398,1071348,3183787.6,2613442.9
"2022-01-19 00:00:00",775435,673681,72081,1607,1818281,3181342.966666667,2595925.3333333335
"2022-01-20 00:00:00",502146,695478,30915,3857,1800418,3184119.033333333,2600020.8333333335
"2022-01-21 00:00:00",420349,248886,17397,2150,1460879,3156643.6,2589856.1333333333
"2022-01-22 00:00:00",703845,679091,66708,4975,1779241,3142429.5,2558908.466666667
"2022-01-23 00:00:00",563712,761357,26736,4982,2127214,3136735.933333333,2545276.1333333333
"2022-01-24 00:00:00",632635,847247,42274,2551,2389744,3180444.1,2528305.4
"2022-01-25 00:00:00",810303,907450,37264,8225,2215437,3208128.4,2542146.1333333333
"2022-01-26 00:00:00",580277,524086,48924,1739,2765213,3208110.1,2555764.6
"2022-01-27 00:00:00",405995,764255,50810,1195,1616487,3195459.1666666665,2583651.8333333335
"2022-01-28 00:00:00",668048,583037,45533,2079,1623615,3195082.1333333333,2581225
"2022-01-29 00:00:00",571652,829409,30387,4450,1422525,3194063.1666666665,2558181.566666667
"2022-01-30 00:00:00",857832,848232,58977,2027,1773205,3231419.3666666667,2512445.5
"2022-01-31 00:00:00",710542,716691,67724,3608,3874780,3347683.7333333334,2505846.8333333335
"2022-02-01 00:00:00",586313,480188,30451,1517,1952695,3331929.066666667,2542467.1666666665
"2022-02-02 00:00:00",442717,615851,52343,1035,2080484,3332960.433333333,2559262.3
"2022-02-03 00:00:00",778637,673807,47555,2616,2258027,3348440.2333333334,2587054.033333333
"2022-02-04 00:00:00",733716,683957,34628,1421,2426455,3381627.8333333335,2637089.566666667
"2022-02-05 00:00:00",642404,478429,46749,6313,1342627,3366642.1333333333,2636063.6333333333
"2022-02-06 00:00:00",714590,538125,36897,2250,2532616,3386420.1333333333,2629051.466666667
"2022-02-07 00:00:00",805671,727744,55580,3571,3200493,3431583.1333333333,2582219.5
"2022-02-08 00:00:00",484225,652586,82435,3784,2021494,3433267.5,2588848.1333333333
"2022-02-09 00:00:00",931465,743933,40634,3517,1891936,3412171.933333333,2618919.966666667
"2022-02-10 00:00:00",583675,509650,36095,959,2255628,3423507.033333333,2610622.4
"2022-02-11 00:00:00",763729,539745,41074,1652,2525582,3396769.4,2677677.2333333334
"2022-02-12 00:00:00",510826,674902,39104,7215,2210955,3421102.5,2694831.466666667
"2022-02-13 00:00:00",483896,373863,42651,4845,2570848,3440148.533333333,2729784.466666667
"2022-02-14 00:00:00",857625,808133,59137,1803,3279987,3497693.7333333334,2743789.7666666666
"2022-02-15 00:00:00",677866,517622,81264,4985,2012965,3491933.1333333333,2797856
"2022-02-16 00:00:00",502139,612054,34655,3185,2905587,3506098.6333333333,2799743.033333333
"2022-02-17 00:00:00",535207,1141787,69253,3111,3106728,3595160.2333333334,2821104.566666667
"2022-02-18 00:00:00",392807,754945,35850,1930,2765852,3615503.533333333,2852954.4
"2022-02-19 00:00:00",552190,315950,39240,3417,1494093,3594572.566666667,2835175.6333333333
"2022-02-20 00:00:00",587874,510628,36788,5553,2788813,3653905.966666667,2854602.533333333
"2022-02-21 00:00:00",712383,754543,53174,8538,1337325,3641642.6666666665,2859848.966666667
"2022-02-22 00:00:00",789968,894454,42822,4600,2457301,3665147.2,2904563.1
"2022-02-23 00:00:00",747434,745813,65616,6602,2779823,3679508.6333333333,2892694.5
"2022-02-24 00:00:00",874328,720459,43581,4997,2326858,3679226.8,2902439.1333333333
"2022-02-25 00:00:00",573406,851867,45911,1141,2666244,3686504.4,2890801.3666666667
"2022-02-26 00:00:00",605475,444920,21938,3154,2314317,3704873.2333333334,2865407.566666667
"2022-02-27 00:00:00",488247,538073,33679,1932,2419744,3723518.466666667,2858197
"2022-02-28 00:00:00",637663,607918,54968,2507,3903194,3801779.6,2871956.6666666665
"2022-03-01 00:00:00",673587,621114,69127,4822,3064106,3831529.2666666666,2948237.1
"2022-03-02 00:00:00",1230095,1169176,75930,4967,3206764,3841982.3666666667,2983027.966666667
"2022-03-03 00:00:00",455169,614831,30853,3824,1693743,3833557.6666666665,3022191.5
"2022-03-04 00:00:00",431318,432753,35611,5320,1488648,3806931.6333333333,3048181.466666667
"2022-03-05 00:00:00",715789,575094,48941,6223,1907875,3790040.8333333335,3034707.3333333335
"2022-03-06 00:00:00",546427,795779,53651,5384,2990323,3807086.933333333,3016518.7
"2022-03-07 00:00:00",804118,568889,71177,2048,2967540,3870328.966666667,3017700.066666667
"2022-03-08 00:00:00",705349,752060,80012,5019,2079123,3863565.3,3032263.2333333334
"2022-03-09 00:00:00",550132,638035,69658,2857,3269508,3854803.066666667,3085053.7666666666
"2022-03-10 00:00:00",540685,377604,41361,3585,2169741,3851084.8,3123560.8666666667
"2022-03-11 00:00:00",697586,709546,56408,2414,1500787,3829593.2333333334,3152062.5
"2022-03-12 00:00:00",689556,706196,94642,4411,1469358,3815532.1,3129315.6666666665
"2022-03-13 00:00:00",614416,639409,48035,5076,2282484,3806120.2333333334,3114421.7
"2022-03-14 00:00:00",527408,352384,46854,5761,2445000,3803933.7666666666,3126716.566666667
"2022-03-15 00:00:00",324080,716789,35301,2226,1577938,3776608.066666667,3129357.6333333333
"2022-03-16 00:00:00",785158,752434,55017,3597,1101290,3699634.966666667,3135809.4
"2022-03-17 00:00:00",408442,505968,42558,2481,1045223,3656633.966666667,3119200.9
"2022-03-18 00:00:00",424110,581513,27920,914,1314181,3599668,3140128.4
"2022-03-19 00:00:00",516671,883493,110204,4404,3179873,3594286.2666666666,3164750.1333333333
"2022-03-20 00:00:00",855493,292478,39853,883,1525096,3553033.7,3164680.466666667
"2022-03-21 00:00:00",549304,958720,79478,1760,3352565,3637598.6333333333,3199260.5
"2022-03-22 00:00:00",433776,635880,41349,4599,2285765,3619989.1,3199028.8333333335
"2022-03-23 00:00:00",712799,596805,81100,1490,2560216,3656204.2333333334,3216940.966666667
"2022-03-24 00:00:00",598614,1058619,22095,3167,1510134,3622987.2,3214264.1333333333
"2022-03-25 00:00:00",480266,1038825,42173,5296,2608118,3617300.066666667,3234688.033333333
"2022-03-26 00:00:00",464365,686624,37194,5830,1493368,3574538.566666667,3245587.6666666665
"2022-03-27 00:00:00",561271,847740,26992,1828,1840566,3545866,3270806.1
"2022-03-28 00:00:00",575454,600400,57641,1843,2705744,3564242.066666667,3256695.566666667
"2022-03-29 00:00:00",494630,702112,67427,2494,2919964,3587740.566666667,3274691.433333333
"2022-03-30 00:00:00",490576,859460,58774,5858,2385124,3540858.8666666667,3298198.2666666666
"2022-03-31 00:00:00",682223,494947,74044,4098,3068545,3537228.7,3281939.3
"2022-04-01 00:00:00",864488,617759,48910,1122,2040650,3466761.8333333335,3290122.033333333
"2022-04-02 00:00:00",426117,527388,73385,3238,3280874,3517181.2333333334,3276820.3
"2022-04-03 00:00:00",498739,561047,37963,13524,1322143,3518506.7,3230222.2333333334
"2022-04-04 00:00:00",347318,1009446,35555,5274,4280837,3599323.533333333,3243001.3666666667
"2022-04-05 00:00:00",668730,589916,54939,1917,3269081,3605757.5,3272402.8
"2022-04-06 00:00:00",488350,595121,35610,2797,2870286,3591703.7666666666,3292085.3
"2022-04-07 00:00:00",699109,684847,42571,1812,2310278,3595605.3333333335,3294952.2
"2022-04-08 00:00:00",724948,557787,29981,5685,2332034,3566280,3309072.466666667
"2022-04-09 00:00:00",506343,650561,49873,3749,3316333,3612742.8,3300595.6666666665
"2022-04-10 00:00:00",748423,649094,51383,2944,2308145,3639184.466666667,3267915.033333333
"2022-04-11 00:00:00",531951,796481,65938,4864,2748837,3678647.8666666667,3289083.466666667
"2022-04-12 00:00:00",828435,593263,47057,367,2424637,3688792.4,3311714.9
"2022-04-13 00:00:00",796541,270411,53678,2085,2208120,3687239.966666667,3274799.2333333334
"2022-04-14 00:00:00",838425,688719,26968,2048,3339292,3761877.3333333335,3280408.8666666667
"2022-04-15 00:00:00",276389,479688,60495,7641,1889809,3762428.3,3318937
"2022-04-16 00:00:00",742595,480980,70507,3418,2700482,3828872.033333333,3303074.6333333333
"2022-04-17 00:00:00",643600,835025,44732,5268,2815823,3895399.1,3294940.6666666665
"2022-04-18 00:00:00",653222,400464,36605,4897,1629884,3829746.6666666665,3280320.6333333333
"2022-04-19 00:00:00",753207,800040,59276,964,2780775,3885761.9,3319911.2333333334
"2022-04-20 00:00:00",367515,755806,59876,2245,3545070,3878717.7666666666,3331710.6333333333
"2022-04-21 00:00:00",366254,881792,48992,5757,1926728,3872989.7,3340875.2666666666
"2022-04-22 00:00:00",779966,523388,47045,4148,2530976,3870760,3319308.8666666667
"2022-04-23 00:00:00",1032304,543583,39694,3224,2604573,3905118.466666667,3305647.1666666665
"2022-04-24 00:00:00",532918,763220,94172,5135,2724179,3903283.3666666667,3343365.7
"2022-04-25 00:00:00",679969,909830,49081,3694,2556256,3953664.966666667,3335953.066666667
"2022-04-26 00:00:00",539102,628906,57253,5428,2238058,3960010.4,3363212.6333333333
"2022-04-27 00:00:00",623399,866367,75384,4884,2301919,3957706,3385623.9
"2022-04-28 00:00:00",708246,411198,62616,9694,2136703,3929100.533333333,3394199.966666667
"2022-04-29 00:00:00",631893,509618,34375,3404,2725463,3932598.933333333,3387586.4
"2022-04-30 00:00:00",697171,856759,29079,3081,3746115,3966210.6666666665,3357797.3333333335
"2022-05-01 00:00:00",607942,508380,22214,5185,1780247,3944578.5,3380465.1333333333
"2022-05-02 00:00:00",486887,572988,28275,3415,2185236,3910105,3333248.8666666667
"2022-05-03 00:00:00",491354,603283,34742,2015,1923159,3930809.6666666665,3381391.533333333
"2022-05-04 00:00:00",737356,452892,47374,3797,2912554,3879994.6666666665,3393734.5
"2022-05-05 00:00:00",743993,733262,45358,5323,1980675,3844128.8,3390129.3
"2022-05-06 00:00:00",629378,513718,53065,2103,2102520,3821082.6666666665,3363294.433333333
"2022-05-07 00:00:00",562853,611465,48545,3780,2914489,3834499.8666666667,3404159.6
"2022-05-08 00:00:00",880615,589235,30692,4250,2897156,3859550.2666666666,3364079.7666666666
"2022-05-09 00:00:00",702732,694550,43507,6597,2648128,3845172.2,3335082.466666667
"2022-05-10 00:00:00",552516,495206,33141,2313,3402150,3869350.1333333333,3345340.1333333333
"2022-05-11 00:00:00",751809,799606,53767,3711,3083001,3887477.6333333333,3383262.7
"2022-05-12 00:00:00",476090,544239,41944,3378,1909114,3856844.466666667,3354967.533333333
"2022-05-13 00:00:00",282396,523059,52456,3040,2435449,3855696.6,3366839.3333333335
"2022-05-14 00:00:00",605989,695715,25599,5601,1684752,3793103.3,3330048.4
"2022-05-15 00:00:00",589257,718542,53104,3922,2692835,3837891.3666666667,3303289.9
"2022-05-16 00:00:00",504801,627494,53938,5728,2262579,3819776.5,3295082.6
"2022-05-17 00:00:00",416174,836956,52377,2580,2045027,3786732.1333333333,3266016.2
"2022-05-18 00:00:00",870125,398000,63619,2313,3451247,3855406.6,3282924.5
"2022-05-19 00:00:00",602864,606395,59039,11254,2430102,3832586.466666667,3277271.966666667
"2022-05-20 00:00:00",787547,780867,50960,1585,2861433,3824315.966666667,3301987.2333333334
"2022-05-21 00:00:00",816500,501796,36588,4449,2738468,3853258.2,3314482
"2022-05-22 00:00:00",465770,399909,46796,5540,1706445,3811222.7,3319148.2333333334
"2022-05-23 00:00:00",462104,572307,75010,4227,2206161,3781103.8666666667,3306310.066666667
"2022-05-24 00:00:00",538229,399424,56983,3241,2544302,3761855.7333333334,3287029.6666666665
"2022-05-25 00:00:00",962703,843891,49498,1798,2781656,3776546.4,3290621.966666667
"2022-05-26 00:00:00",573285,665394,58486,3811,2717962,3794885.8666666667,3288557.5
"2022-05-27 00:00:00",567495,680986,92478,2214,1969424,3776240.6333333333,3308199.1333333333
"2022-05-28 00:00:00",678047,335438,35488,4742,2384600,3779902.566666667,3306770.6666666665
"2022-05-29 00:00:00",525715,541488,24785,2834,2093795,3756031.2333333334,3323334
"2022-05-30 00:00:00",740281,742077,64989,6535,2909617,3727074.4,3346658.7
"2022-05-31 00:00:00",431646,589855,74018,3923,2550525,3751274.533333333,3385801.7666666666
"2022-06-01 00:00:00",664686,629739,42211,7092,2590608,3773192.6,3411758.1333333333
"2022-06-02 00:00:00",593311,622876,52824,7257,2107585,3784169.5,3403603.7333333334
"2022-06-03 00:00:00",607092,718228,38403,3439,2353326,3769720,3407205.966666667
"2022-06-04 00:00:00",519681,554065,69215,5656,2448263,3772662.466666667,3373307.3
"2022-06-05 00:00:00",379217,760872,28345,1430,2152344,3773376.7333333334,3387600.933333333
"2022-06-06 00:00:00",1001916,382767,48282,9641,1801501,3743476,3384157.3333333335
"2022-06-07 00:00:00",565709,545927,45728,1324,2780342,3728045.433333333,3386008.8333333335
"2022-06-08 00:00:00",494195,515846,55337,5172,2357790,3705806.3666666667,3440368.466666667
"2022-06-09 00:00:00",485114,483618,38710,1588,3188352,3696208.2333333334,3478055.3333333335
"2022-06-10 00:00:00",754234,367006,49318,5591,2641565,3667068.8666666667,3449154.933333333
"2022-06-11 00:00:00",693453,779912,36804,7922,2741141,3709884.566666667,3461887.1333333333
"2022-06-12 00:00:00",585147,759249,30197,606,2051404,3714224.8,3467054.4
"2022-06-13 00:00:00",643913,577062,37212,3350,2891357,3752066.3333333335,3496977.7333333334
"2022-06-14 00:00:00",533793,752349,61900,4738,2424275,3742712.8333333335,3496349.9
"2022-06-15 00:00:00",784930,467357,42129,5027,2282536,3746960.566666667,3532971.1666666665
"2022-06-16 00:00:00",633649,559930,32849,3038,2675848,3765366.8666666667,3591276.4
"2022-06-17 00:00:00",1054463,462960,42111,5203,3093664,3761136.8666666667,3539333.3
"2022-06-18 00:00:00",358131,467703,53962,3350,2342168,3744992.1333333333,3543948.966666667
"2022-06-19 00:00:00",832488,646052,65831,2277,2670224,3736141.433333333,3499136.7
"2022-06-20 00:00:00",542824,603410,42356,7666,2567358,3725002,3526777.5
"2022-06-21 00:00:00",584465,898582,33559,4060,2653387,3776655.1666666665,3568491.2333333334
"2022-06-22 00:00:00",592153,590592,93427,2634,3289441,3818269.8666666667,3587361.7333333334
"2022-06-23 00:00:00",516423,424973,36936,4391,2110311,3803298.1333333333,3592696.8333333335
"2022-06-24 00:00:00",627566,738242,42775,4291,2773251,3788184.3333333335,3608902.6333333333
"2022-06-25 00:00:00",595525,550182,54464,2386,3355559,3806156.966666667,3592272.1666666665
"2022-06-26 00:00:00",612952,874501,63483,6215,3139366,3852287.9,3604699.8666666667
"2022-06-27 00:00:00",1000920,732878,52124,2066,2921648,3894665.3,3597499.8
"2022-06-28 00:00:00",571100,690841,30418,724,2489846,3914475.9,3600778.7666666666
"2022-06-29 00:00:00",770732,561648,41386,2296,2472192,3893967.6333333333,3603110.8
"2022-06-30 00:00:00",487992,649041,66002,4440,3377861,3925146.466666667,3575502.1666666665
"2022-07-01 00:00:00",501300,637368,50845,2298,2141594,3905115.2666666666,3612542.1333333333
"2022-07-02 00:00:00",593126,314153,47036,5939,2175450,3896843.3666666667,3622271.966666667
"2022-07-03 00:00:00",446464,395295,17893,2596,2948995,3899868.3,3583509.1333333333
"2022-07-04 00:00:00",770950,673096,41085,6882,2236401,3904252.6,3620179.933333333
"2022-07-05 00:00:00",640682,515690,44365,1869,2880395,3929612.3666666667,3615249.8
"2022-07-06 00:00:00",558386,601819,57559,4403,2312953,3939312.7333333334,3611975.7
"2022-07-07 00:00:00",397018,595498,46797,5810,3273160,3951954.6666666665,3617161.6666666665
"2022-07-08 00:00:00",675543,767636,24822,5604,2116393,3957343.033333333,3608437.1666666665
"2022-07-09 00:00:00",700554,606964,18855,1690,2737574,3952951.4,3566015.8
"2022-07-10 00:00:00",397235,454147,39921,2686,2896566,3952045.966666667,3583020.8333333335
"2022-07-11 00:00:00",825785,472364,67937,3307,2053424,3924165.3,3642636.566666667
"2022-07-12 00:00:00",860319,569886,78576,3918,3256734,3968926.2333333334,3650645.3
"2022-07-13 00:00:00",550404,490734,51065,2802,3042830,3968423.933333333,3645016.566666667
"2022-07-14 00:00:00",413134,612693,33751,1489,2606785,3964783.7333333334,3652007.3
"2022-07-15 00:00:00",899174,357023,60657,777,2766909,3981536,3658858.1333333333
"2022-07-16 00:00:00",269738,663078,25897,3286,3016148,3983963.9,3606788.966666667
"2022-07-17 00:00:00",704050,56092,35924,3386,3171590,3961051.6666666665,3634508.566666667
"2022-07-18 00:00:00",776227,597260,77014,4904,2810373,3995733.8333333335,3606640.3333333335
"2022-07-19 00:00:00",391225,554535,54625,2711,3076625,3991162,3657363.966666667
"2022-07-20 00:00:00",795238,521309,25491,1834,2939095,4008473.8333333335,3621241.6
"2022-07-21 00:00:00",642551,729334,51491,1208,2139173,3988130.466666667,3581576.7333333334
"2022-07-22 00:00:00",456144,635370,48997,3202,3042110,3975382.8666666667,3611766.433333333
"2022-07-23 00:00:00",658657,552215,27039,3286,2559107,3998958.466666667,3612649.033333333
"2022-07-24 00:00:00",615031,517004,34327,2986,2548058,3983334.1,3638828.2
"2022-07-25 00:00:00",620705,709735,32153,4147,3045304,3978464.8333333335,3624193.1
"2022-07-26 00:00:00",801357,520916,56241,992,2302330,3944641.8666666667,3617289.6333333333
"2022-07-27 00:00:00",739071,705851,38701,2595,2424147,3917999.533333333,3627501
"2022-07-28 00:00:00",716587,723002,21287,2666,2564967,3926185.4,3632934.3333333335
"2022-07-29 00:00:00",544290,241437,48103,3436,2532654,3910240.8333333335,3653574.8333333335
"2022-07-30 00:00:00",725494,507245,35179,2449,1674778,3855567.7,3612185.1
"2022-07-31 00:00:00",254910,583878,46750,2798,3034288,3875208.3333333335,3627712.3666666667
"2022-08-01 00:00:00",620932,765149,70233,8727,3333594,3930639.7333333334,3596409.466666667
"2022-08-02 00:00:00",533042,817834,42915,3306,2414601,3930654.9,3629008.433333333
"2022-08-03 00:00:00",515675,560088,34019,2446,3588646,3963070.4,3653233.3
"2022-08-04 00:00:00",252371,797186,62744,1937,2166855,3936339.8333333335,3662421.6
"2022-08-05 00:00:00",673318,418560,64419,3873,2869106,3952811.7666666666,3636548.466666667
"2022-08-06 00:00:00",587239,672721,36235,1977,2263823,3927602,3672146.6
"2022-08-07 00:00:00",629517,416313,47119,2678,2912823,3941550.3,3694151.7333333334
"2022-08-08 00:00:00",965967,819497,51034,4472,3022948,3968159.8333333335,3684993.1333333333
"2022-08-09 00:00:00",556684,553011,41104,8044,1926988,3944669.1333333333,3716008.966666667
"2022-08-10 00:00:00",1068217,672553,30196,3657,3426882,4003958.7,3656891.3333333335
"2022-08-11 00:00:00",511263,466761,40662,8024,2032318,3946945.066666667,3676806.433333333
"2022-08-12 00:00:00",607064,809074,61412,2158,3252809,3966768.066666667,3686578.566666667
"2022-08-13 00:00:00",532168,594697,81663,3992,2578401,3970870.3666666667,3665370.8
"2022-08-14 00:00:00",417554,527122,19283,2346,3458170,3982201.3333333335,3616621.1
"2022-08-15 00:00:00",668690,950182,44960,4980,2808728,3998848,3643400.7666666666
"2022-08-16 00:00:00",906740,410979,43726,2631,3332870,4023044.8666666667,3660801.6333333333
"2022-08-17 00:00:00",764292,609651,22083,1069,3223824,4034882.8,3699249.2333333334
"2022-08-18 00:00:00",713250,694708,37248,5113,3089443,4050217.533333333,3669965.433333333
"2022-08-19 00:00:00",389955,564736,36584,3632,2650773,4028974.6333333333,3701688.9
"2022-08-20 00:00:00",676074,206786,57140,2648,2456662,4023493.2333333334,3720033.1333333333
"2022-08-21 00:00:00",285907,470196,37682,2637,3425987,4024712.433333333,3711707
"2022-08-22 00:00:00",763027,473536,67092,2298,1993675,4008023.3666666667,3691276.3333333335
"2022-08-23 00:00:00",597630,1225526,48529,6142,2956971,4045269.966666667,3662750.466666667
"2022-08-24 00:00:00",810135,313230,47504,4140,2356739,4015926.933333333,3663544.6666666665
"2022-08-25 00:00:00",582450,553520,49863,4865,3186199,4039095.6666666665,3645132.8666666667
"2022-08-26 00:00:00",697753,500569,54265,3541,2452242,4032362.3,3652276.566666667
"2022-08-27 00:00:00",525388,371298,27370,7109,3074007,4031584.433333333,3646036.2333333334
"2022-08-28 00:00:00",614728,915402,43526,4063,2232792,4046270.933333333,3637457.5
"2022-08-29 00:00:00",570085,908048,63371,4394,2560115,4084966.6333333333,3668839.966666667
"2022-08-30 00:00:00",515772,424884,71139,4452,3037469,4089336.3666666667,3635635.7666666666
"2022-08-31 00:00:00",948639,855295,53195,2668,3315283,4101884.466666667,3678004.1333333333
"2022-09-01 00:00:00",820253,773811,42070,5465,3956292,4161424.3,3688965.8666666667
"2022-09-02 00:00:00",807129,797777,33438,3820,2223731,4133591.5,3666751.533333333
"2022-09-03 00:00:00",625224,561781,42376,3075,3188761,4171595.9,3700680.6333333333
"2022-09-04 00:00:00",655389,593714,48587,2896,2793479,4173755.533333333,3726045.3333333335
"2022-09-05 00:00:00",524989,879737,77020,1441,2176957,4177027.466666667,3702543.2
"2022-09-06 00:00:00",689375,674593,42883,1236,3160629,4195703.266666667,3659398.6333333333
"2022-09-07 00:00:00",794609,497306,52608,2576,2418161,4159081.3,3667542.466666667
"2022-09-08 00:00:00",858925,495358,107904,4728,2848320,4200061.4,3624627.4
"2022-09-09 00:00:00",828160,663635,45888,3197,2542764,4162799.566666667,3619703.8
"2022-09-10 00:00:00",859355,937458,67787,3838,2859075,4218416.1,3618359.533333333
"2022-09-11 00:00:00",341016,467392,36325,5771,2650389,4177361.8333333335,3618119.6666666665
"2022-09-12 00:00:00",740894,661317,68921,4542,2995278,4200029.633333334,3669058.966666667
"2022-09-13 00:00:00",396355,410120,91337,4546,3203963,4189424.6333333333,3705148.966666667
"2022-09-14 00:00:00",556297,560400,26847,4246,3224237,4185907.3666666667,3725330.8333333335
"2022-09-15 00:00:00",739631,724308,42154,2847,2828667,4173929.3,3716100.966666667
"2022-09-16 00:00:00",505130,788501,66863,2165,1872259,4127729.3,3716108.4
"2022-09-17 00:00:00",626199,208339,48487,4104,1775017,4065142,3704675.933333333
"2022-09-18 00:00:00",323838,493033,36032,6871,3551647,4090666.7,3693232.7333333334
"2022-09-19 00:00:00",388928,923354,60679,5223,1918173,4087235.1,3676294.2
"2022-09-20 00:00:00",783122,645723,61749,7849,2213013,4070203.566666667,3716852.566666667
"2022-09-21 00:00:00",611958,464312,86709,3497,2767891,4091361.6666666665,3740920.7
"2022-09-22 00:00:00",506632,409817,56577,8221,2344441,4041057.8,3730832.3
"2022-09-23 00:00:00",578353,498577,44690,2358,3021226,4061506.3666666667,3747286.3666666667
"2022-09-24 00:00:00",774521,346209,28797,4075,2334224,4031870.7,3768351.433333333
"2022-09-25 00:00:00",456382,653984,32864,2811,2942130,4044530.7333333334,3750413.1
"2022-09-26 00:00:00",1023666,529919,48321,2709,2970571,4063531.2666666666,3703806.8333333335
"2022-09-27 00:00:00",605481,583454,36073,5865,1666457,4033091.933333333,3750112.7666666666
"2022-09-28 00:00:00",975620,573251,53198,2613,2339393,4027693.8333333335,3741078.7666666666
"2022-09-29 00:00:00",557478,723463,43021,3982,2198046,4010103.033333333,3772826.8333333335
"2022-09-30 00:00:00",464917,788555,76590,1279,3102699,3985401.7,3807376.6333333333
"2022-10-01 00:00:00",591731,546207,29649,9121,2941842,3936090.3666666667,3798616.8666666667
"2022-10-02 00:00:00",343325,895781,30541,5160,2320976,3927086.7,3810507.1
"2022-10-03 00:00:00",694254,552893,46811,2002,2872097,3918647.966666667,3743479.3
"2022-10-04 00:00:00",360446,477707,44422,6853,3120707,3915850.3666666667,3752847.4
"2022-10-05 00:00:00",452987,682262,50661,7827,1966257,3899178.5,3785134.3333333335
"2022-10-06 00:00:00",615916,308108,34517,3046,2345142,3857111.9,3778333.6
"2022-10-07 00:00:00",532822,782363,40396,2586,2277933,3852806.5,3780655.1
"2022-10-08 00:00:00",874826,616414,46794,6388,2883700,3856569.3666666667,3793848.1
"2022-10-09 00:00:00",588132,497771,50956,2384,2604991,3845255.6666666665,3777001.433333333
"2022-10-10 00:00:00",571175,893984,54583,1712,2478029,3820988,3758906.1
"2022-10-11 00:00:00",576144,360620,32655,633,2318520,3813910.466666667,3769506.533333333
"2022-10-12 00:00:00",876225,861023,43512,3368,3825993,3851882.6,3729704.7666666666
"2022-10-13 00:00:00",368839,419649,52605,7100,2352494,3821694.7333333334,3721370.3
"2022-10-14 00:00:00",818585,452340,52681,1124,1845609,3781638.6,3720286.1
"2022-10-15 00:00:00",476198,289477,89165,2755,2634799,3753465,3733034.6666666665
"2022-10-16 00:00:00",485479,434043,39095,2071,2114923,3748154.966666667,3721648.033333333
"2022-10-17 00:00:00",982164,542307,56892,2118,2840773,3806891.8666666667,3747076.533333333
"2022-10-18 00:00:00",401283,682061,29774,2244,1447426,3745270.7333333334,3759146.9
"2022-10-19 00:00:00",706757,725779,39185,4743,2991639,3784329,3751037.2666666666
"2022-10-20 00:00:00",644709,656606,57993,6421,2843149,3800909.8666666667,3687217.7
"2022-10-21 00:00:00",401181,88961,51806,1313,2107843,3758134.2666666666,3661396.9
"2022-10-22 00:00:00",415355,574366,35089,7864,3439510,3796351.1333333333,3637252.8
"2022-10-23 00:00:00",430160,742491,56017,4903,1728560,3756915.3,3654993.3
"2022-10-24 00:00:00",461912,654611,76724,2736,2437639,3761775.3,3628852.5
"2022-10-25 00:00:00",878864,474226,25584,1725,2344667,3749671.8666666667,3642462.8333333335
"2022-10-26 00:00:00",482429,689449,48320,4266,2718125,3728585.1666666665,3678782.066666667
"2022-10-27 00:00:00",607090,686462,81024,5740,2079943,3747349.5,3625911.6
"2022-10-28 00:00:00",567267,703098,43557,824,2447531,3741289.7,3657828.7333333334
"2022-10-29 00:00:00",486349,597932,66618,5922,2462493,3744400.566666667,3626288.1333333333
"2022-10-30 00:00:00",710414,753942,54869,3817,3266053,3756235.433333333,3613958.7333333334
"2022-10-31 00:00:00",708981,697868,41624,2044,2260716,3742658.3,3578498.8666666667
"2022-11-01 00:00:00",375382,340732,27330,4355,1985424,3713906.2666666666,3556878.066666667
"2022-11-02 00:00:00",828535,674604,44322,1903,1737607,3684536.8666666667,3616815.4
"2022-11-03 00:00:00",605978,539217,37028,8109,1443035,3638644.5,3587758.566666667
"2022-11-04 00:00:00",420378,670458,44637,3032,1069684,3606917.566666667,3548655.566666667
"2022-11-05 00:00:00",545500,558222,42692,8455,1379410,3581169.3333333335,3557845.2666666666
"2022-11-06 00:00:00",667479,559479,27454,3062,2234090,3576351.6,3581793.9
"2022-11-07 00:00:00",504127,419846,55626,2933,1527281,3512407.8666666667,3516501.5
"2022-11-08 00:00:00",672719,659210,67660,1862,1905578,3497834.466666667,3544339.3
"2022-11-09 00:00:00",534217,555524,41286,2187,2871410,3498005.8,3537048.8333333335
"2022-11-10 00:00:00",730322,617062,36528,4762,3058119,3536613.4,3530990.7
"2022-11-11 00:00:00",582583,608943,37443,3969,3237162,3498612.8333333335,3541687.2
"2022-11-12 00:00:00",747079,594229,62221,2269,1460784,3487476.1333333333,3535727
"2022-11-13 00:00:00",856474,217680,29981,4678,1330452,3463106.7666666666,3500513.8333333335
"2022-11-14 00:00:00",471172,740036,48267,944,2103031,3458808.533333333,3460938.433333333
"2022-11-15 00:00:00",685860,713170,39271,1356,1666086,3459812.8333333335,3484747.6666666665
"2022-11-16 00:00:00",584534,829785,64709,2417,2739158,3453024.566666667,3461894.8333333335
"2022-11-17 00:00:00",374961,847556,60467,1742,1899671,3473745.033333333,3471956.933333333
"2022-11-18 00:00:00",616769,592387,25083,3704,2675696,3455262.8333333335,3451150.433333333
"2022-11-19 00:00:00",536125,613170,46338,4524,2199584,3428291.433333333,3455330.8333333335
"2022-11-20 00:00:00",542046,580464,37191,695,1243586,3420053.8666666667,3474802.3666666667
"2022-11-21 00:00:00",859976,337816,39717,1580,2446755,3393842.2333333334,3491239.1666666665
"2022-11-22 00:00:00",628724,600510,30011,9356,2152203,3409131.433333333,3476215.533333333
"2022-11-23 00:00:00",594232,833445,55945,1499,1744119,3395652.1333333333,3482854.3
"2022-11-24 00:00:00",461167,527347,30766,2309,2562121,3390940.1333333333,3513380.3
"2022-11-25 00:00:00",661312,433423,30203,1690,1937092,3361644.533333333,3519821.966666667
"2022-11-26 00:00:00",429927,632319,73027,2060,2521343,3368258.1333333333,3513390.2666666666
"2022-11-27 00:00:00",522202,660044,53933,2269,3005508,3384314.066666667,3464642.6
"2022-11-28 00:00:00",727744,613885,42707,2383,2623758,3397352.8,3456592.3
"2022-11-29 00:00:00",310927,714405,37895,2987,3083694,3376046.6666666665,3450452.7333333334
"2022-11-30 00:00:00",428531,911819,41398,1456,2776958,3391010.8333333335,3505084.6666666665
"2022-12-01 00:00:00",493541,686819,52705,3826,2383345,3420578,3511551.4
"2022-12-02 00:00:00",446128,805692,42253,5663,1924443,3418484.933333333,3467788.6333333333
"2022-12-03 00:00:00",680198,777023,35929,4960,2018964,3447941.9,3467820.8666666667
"2022-12-04 00:00:00",529031,647507,39695,976,1390709,3461266.1,3469496.566666667
"2022-12-05 00:00:00",360359,578203,78004,5066,1949380,3475823.9,3475951.566666667
"2022-12-06 00:00:00",412223,867121,31780,6407,913258,3433797.966666667,3468397.8666666667
"2022-12-07 00:00:00",726742,626267,46447,3805,2244896,3471742.933333333,3503652.3666666667
"2022-12-08 00:00:00",470724,395691,28949,1875,2066444,3460297.933333333,3500563.2666666666
"2022-12-09 00:00:00",269565,466658,29124,806,2349974,3430680.933333333,3538462.066666667
"2022-12-10 00:00:00",525748,825588,39166,2658,1152073,3367295.2666666666,3486720.4
"2022-12-11 00:00:00",687610,705664,30908,3433,1741334,3323923.4,3497478.566666667
"2022-12-12 00:00:00",540575,762456,64686,1249,2382129,3353407.1333333333,3457258.6666666665
"2022-12-13 00:00:00",487188,569561,41997,1011,2258536,3384041.3666666667,3448987.3333333335
"2022-12-14 00:00:00",746651,566642,59488,564,2108320,3387981.8,3482259.566666667
"2022-12-15 00:00:00",510203,509210,43876,5064,2451241,3401776.6333333333,3452264.6333333333
"2022-12-16 00:00:00",542014,931493,67389,1801,2037779,3380439.033333333,3492379.8666666667
"2022-12-17 00:00:00",609913,817104,57535,4217,1297544,3367169.433333333,3474036.8666666667
"2022-12-18 00:00:00",662078,391964,44371,4522,1679115,3329449.566666667,3490372.3
"2022-12-19 00:00:00",741753,1019156,50945,4148,2147533,3348242.933333333,3533035.1
"2022-12-20 00:00:00",389196,572776,45699,4288,1994936,3368340.2666666666,3526939.2666666666
"2022-12-21 00:00:00",721373,419444,48849,2518,2275168,3361057.3333333335,3517082.1333333333
"2022-12-22 00:00:00",704365,757305,53804,2627,2589877,3383963.033333333,3499236.466666667
"2022-12-23 00:00:00",358957,404152,41527,3205,1136852,3341144.3666666667,3511406.8666666667
"2022-12-24 00:00:00",362041,562928,50786,721,2128351,3325181.566666667,3487181.9
"2022-12-25 00:00:00",1012326,930983,27595,2490,1832433,3349918.566666667,3447487.6666666665
"2022-12-26 00:00:00",771632,381526,43925,3857,1727804,3325587.6666666665,3434063.1
"2022-12-27 00:00:00",379299,580736,56179,2301,1935000,3282572.8,3456644.2666666666
"2022-12-28 00:00:00",827583,429474,46372,3283,1735263,3250289.1,3457603.433333333
"2022-12-29 00:00:00",508846,861936,38492,3684,1871944,3221455.7,3412229.7
"2022-12-30 00:00:00",675129,564868,36930,981,2120574,3196066.2333333334,3373987.966666667
"2022-12-31 00:00:00",492143,600269,58422,2950,1782936,3173282.1666666665,3325205.533333333
"2023-01-01 00:00:00",542138,527683,33266,2042,1694613,3159134.1333333333,3290748.4
"2023-01-02 00:00:00",588150,621147,41567,1630,1647122,3138552.2666666666,3295495.5
"2023-01-03 00:00:00",499293,272804,46586,3664,2358281,3157642.6,3288655.8333333335
"2023-01-04 00:00:00",598981,563749,37644,3793,1710298,3155757.7333333334,3282288.7666666666
"2023-01-05 00:00:00",661606,395875,62977,2351,762955,3144257.2333333334,3256817.933333333
"2023-01-06 00:00:00",366845,552706,50715,6378,1879003,3117840.033333333,3257455.3
"2023-01-07 00:00:00",763579,385656,30016,2497,2195672,3131631.466666667,3248799.433333333
"2023-01-08 00:00:00",431547,458489,68573,4952,1244493,3101362.466666667,3222398.533333333
"2023-01-09 00:00:00",513821,490726,56774,6005,1090790,3088458.8,3249519.8666666667
"2023-01-10 00:00:00",519306,440935,33510,2877,1627866,3070310.433333333,3256257.566666667
"2023-01-11 00:00:00",817300,572866,51006,3503,1198827,3033390.466666667,3280697.5
"2023-01-12 00:00:00",865269,601929,22255,1071,1193996,3010931.3666666667,3348100.9
"2023-01-13 00:00:00",478809,804279,26006,5778,1653107,2993808.533333333,3317256.6666666665
"2023-01-14 00:00:00",696475,856171,37114,1944,2177299,3002122.1666666665,3296215.966666667
"2023-01-15 00:00:00",420626,640013,69951,1729,1754790,2979009.933333333,3254032
"2023-01-16 00:00:00",455276,1007360,35735,968,2058812,3004737.8333333335,3243068
"2023-01-17 00:00:00",508216,347782,50259,1937,1677874,2998205.3,3267491.7
"2023-01-18 00:00:00",843118,439165,68899,4207,1565581,2963452.8333333335,3183787.6
"2023-01-19 00:00:00",692805,863781,33983,2732,1050091,2951336.2666666666,3181342.966666667
"2023-01-20 00:00:00",352743,712365,47276,3036,2582443,2959019.8333333335,3184119.033333333
"2023-01-21 00:00:00",643093,848703,42756,1600,1404193,2920098.7666666666,3156643.6
"2023-01-22 00:00:00",613996,874100,21687,4818,2229958,2980094.4,3142429.5
"2023-01-23 00:00:00",530634,645945,50561,1589,2490696,3000581.2333333334,3136735.933333333
"2023-01-24 00:00:00",522417,746648,57453,5472,2096738,2988011.3,3180444.1
"2023-01-25 00:00:00",755479,744171,42199,3973,2429266,3022889.6,3208128.4
"2023-01-26 00:00:00",922822,842387,50411,2770,1713012,3042152.8333333335,3208110.1
"2023-01-27 00:00:00",360618,440434,50675,2684,1694933,3025731.7666666666,3195459.1666666665
"2023-01-28 00:00:00",811042,421845,42945,3664,2024652,3026373.2333333334,3195082.1333333333
"2023-01-29 00:00:00",610349,460580,87672,3578,2269375,3027475.6666666665,3194063.1666666665
"2023-01-30 00:00:00",555443,784660,40253,2052,1748253,3033940.533333333,3231419.3666666667
"2023-01-31 00:00:00",881987,584991,41579,12459,2119491,3061965.933333333,3347683.7333333334
"2023-02-01 00:00:00",677739,563537,17481,4167,2242973,3082175.2333333334,3331929.066666667
"2023-02-02 00:00:00",708691,534576,53411,4809,1497148,3069442.1,3332960.433333333
"2023-02-03 00:00:00",755254,668188,46457,3341,1071922,3057132.1666666665,3348440.2333333334
"2023-02-04 00:00:00",604763,751208,32645,1796,1934393,3105099.966666667,3381627.8333333335
"2023-02-05 00:00:00",410277,693809,35575,2502,3529355,3165629.1666666665,3366642.1333333333
"2023-02-06 00:00:00",600966,312108,58352,3988,2778183,3178168.1666666665,3386420.1333333333
"2023-02-07 00:00:00",706586,837115,48756,1774,2055713,3226231.1666666665,3431583.1333333333
"2023-02-08 00:00:00",890160,288267,29190,3829,1120574,3232027.7333333334,3433267.5
"2023-02-09 00:00:00",585537,611455,51679,1939,1437081,3234134.2333333334,3412171.933333333
"2023-02-10 00:00:00",427673,640508,48271,1769,1726053,3240826.533333333,3423507.033333333
"2023-02-11 00:00:00",245572,903618,74228,5902,3425171,3306492.4,3396769.4
"2023-02-12 00:00:00",663281,582164,32500,1565,2088450,3319825.2,3421102.5
"2023-02-13 00:00:00",641335,599068,44292,3216,1942608,3301875.9,3440148.533333333
"2023-02-14 00:00:00",833188,479551,38960,1860,2319687,3328080.6,3497693.7333333334
"2023-02-15 00:00:00",803613,819797,72989,2953,1687908,3322384.3333333335,3491933.1333333333
"2023-02-16 00:00:00",776270,304055,47397,5083,1926432,3338156.466666667,3506098.6333333333
"2023-02-17 00:00:00",606034,711582,25418,2022,1370807,3331319.4,3595160.2333333334
"2023-02-18 00:00:00",668842,741281,50626,6173,2117581,3362689.7666666666,3615503.533333333
"2023-02-19 00:00:00",664725,740347,24716,332,2845634,3381952.7,3594572.566666667
"2023-02-20 00:00:00",921065,1003050,37773,2414,2395820,3429278.5,3653905.966666667
"2023-02-21 00:00:00",804383,679196,65245,859,2851622,3451170.1,3641642.6666666665
"2023-02-22 00:00:00",624809,852866,67652,2376,2291174,3455151.8666666667,3665147.2
"2023-02-23 00:00:00",608200,745239,57594,3211,2931029,3485703.433333333,3679508.6333333333
"2023-02-24 00:00:00",720256,574370,81927,3031,2957877,3497782.3333333335,3679226.8
"2023-02-25 00:00:00",444702,518510,55992,5624,1881728,3476954.1,3686504.4
"2023-02-26 00:00:00",614230,534888,78040,4516,2327829,3510626.3333333335,3704873.2333333334
"2023-02-27 00:00:00",802360,394011,80660,2900,3748058,3568087.8333333335,3723518.466666667
"2023-02-28 00:00:00",869376,625252,46490,4015,2841901,3599937.3,3801779.6
"2023-03-01 00:00:00",409520,548208,39712,978,1969367,3594508.1333333333,3831529.2666666666
"2023-03-02 00:00:00",634791,530812,69334,3858,1957076,3579686.933333333,3841982.3666666667
"2023-03-03 00:00:00",724537,903012,53194,8317,1997476,3585708.2,3833557.6666666665
"2023-03-04 00:00:00",786092,585718,76877,2069,2505092,3624282.1,3806931.6333333333
"2023-03-05 00:00:00",769423,514288,49391,1227,2194100,3657057.6333333333,3790040.8333333335
"2023-03-06 00:00:00",1236291,591069,31067,1683,2081913,3677631.566666667,3807086.933333333
"2023-03-07 00:00:00",723778,760819,38566,1767,1992131,3639149.5,3870328.966666667
"2023-03-08 00:00:00",702453,985949,52785,991,3311016,3682469.433333333,3863565.3
"2023-03-09 00:00:00",422798,617629,63316,2548,2919904,3695011.433333333,3854803.066666667
"2023-03-10 00:00:00",559499,298568,62809,5433,2246574,3723040.433333333,3851084.8
"2023-03-11 00:00:00",475938,783541,54310,4411,3795788,3803917.3333333335,3829593.2333333334
"2023-03-12 00:00:00",762747,467275,40461,2571,2785673,3844399.5,3815532.1
"2023-03-13 00:00:00",460554,622074,75590,1096,1999620,3794547.7333333334,3806120.2333333334
"2023-03-14 00:00:00",737354,951054,41259,1352,2665537,3828834.3666666667,3803933.7666666666
"2023-03-15 00:00:00",429328,653207,19887,1428,2257687,3833201.533333333,3776608.066666667
"2023-03-16 00:00:00",557044,578077,42178,3407,2157956,3822048.6333333333,3699634.966666667
"2023-03-17 00:00:00",545487,638860,22512,4106,2286054,3825707.2333333334,3656633.966666667
"2023-03-18 00:00:00",560978,746978,54064,9449,2950200,3867788.433333333,3599668
"2023-03-19 00:00:00",433863,675577,43078,3335,1671944,3871519.8333333335,3594286.2666666666
"2023-03-20 00:00:00",765356,743465,34724,4092,2412834,3884051.966666667,3553033.7
"2023-03-21 00:00:00",609812,492333,60642,4569,2311789,3857498.6,3637598.6333333333
"2023-03-22 00:00:00",408663,468438,42963,4193,869259,3771945.2333333334,3619989.1
"2023-03-23 00:00:00",522297,522680,39019,4745,2643203,3749633.3666666667,3656204.2333333334
"2023-03-24 00:00:00",651744,949061,44170,2491,2463064,3758688.3,3622987.2
"2023-03-25 00:00:00",545706,490484,59841,7744,2276657,3726526.6666666665,3617300.066666667
"2023-03-26 00:00:00",545354,821706,49577,3813,2643392,3717406.4,3574538.566666667
"2023-03-27 00:00:00",720973,641361,63237,1122,3252427,3776491.8666666667,3545866
"2023-03-28 00:00:00",632412,720833,38798,3682,2982845,3803794.066666667,3564242.066666667
"2023-03-29 00:00:00",650442,698112,43400,2073,2274061,3758463.966666667,3587740.566666667
"2023-03-30 00:00:00",606062,776808,32510,3668,3193925,3765995.1333333333,3540858.8666666667
"2023-03-31 00:00:00",675980,647594,36822,3279,1733090,3770294.3666666667,3537228.7
"2023-04-01 00:00:00",521257,582480,96176,4256,1054865,3739066.5,3466761.8333333335
"2023-04-02 00:00:00",637341,281245,19071,2913,1445340,3695712.1666666665,3517181.2333333334
"2023-04-03 00:00:00",600444,573473,37656,2243,2289248,3680619.466666667,3518506.7
"2023-04-04 00:00:00",563297,666557,71611,2770,2647130,3694717.4,3599323.533333333
"2023-04-05 00:00:00",544357,453192,28269,1840,3189693,3703895.1,3605757.5
"2023-04-06 00:00:00",560355,1098557,51094,6274,2934325,3741680.2666666666,3591703.7666666666
"2023-04-07 00:00:00",617377,495472,79570,5271,3566266,3732038.966666667,3595605.3333333335
"2023-04-08 00:00:00",593778,1009715,42747,4997,2899242,3749515.066666667,3566280
"2023-04-09 00:00:00",391291,427410,67551,7670,2318716,3750840.1,3612742.8
"2023-04-10 00:00:00",542839,1020974,65552,2007,3489057,3751054.5,3639184.466666667
"2023-04-11 00:00:00",588966,754110,56984,653,3046547,3764005.6666666665,3678647.8666666667
"2023-04-12 00:00:00",714612,818686,25163,2893,2598317,3797363.2,3688792.4
"2023-04-13 00:00:00",533669,710836,50565,4689,1406291,3741012.8666666667,3687239.966666667
"2023-04-14 00:00:00",947893,263322,47490,1215,2583062,3757061.2333333334,3761877.3333333335
"2023-04-15 00:00:00",588967,661077,60957,1149,2469110,3771814.566666667,3762428.3
"2023-04-16 00:00:00",435443,386937,57179,2330,2084535,3754127.933333333,3828872.033333333
"2023-04-17 00:00:00",1049588,711791,42248,2658,3196389,3776828.2333333334,3895399.1
"2023-04-18 00:00:00",446736,877194,55409,3565,1548635,3780286.433333333,3829746.6666666665
"2023-04-19 00:00:00",574435,750375,55347,703,1941899,3759029.3333333335,3885761.9
"2023-04-20 00:00:00",651428,532237,51304,2132,3594942,3804125.7,3878717.7666666666
"2023-04-21 00:00:00",438497,656426,51852,1920,3198078,3889234.066666667,3872989.7
"2023-04-22 00:00:00",417990,847693,39789,8014,2959928,3907282.9,3870760
"2023-04-23 00:00:00",726026,435512,30010,6243,2009569,3877177.2333333334,3905118.466666667
"2023-04-24 00:00:00",492654,359127,74101,4772,3209297,3902494.8666666667,3903283.3666666667
"2023-04-25 00:00:00",934859,628580,47326,4773,3093713,3924008.2333333334,3953664.966666667
"2023-04-26 00:00:00",795787,778457,38517,816,1967089,3887393,3960010.4
"2023-04-27 00:00:00",386082,735176,55682,2208,2494172,3863884.8333333335,3957706
"2023-04-28 00:00:00",423133,811380,20543,625,2424643,3864292.466666667,3929100.533333333
"2023-04-29 00:00:00",1156307,521113,36978,3486,1972212,3833529.7,3932598.933333333
"2023-04-30 00:00:00",532597,652685,96498,5202,2604778,3860029.6666666665,3966210.6666666665
"2023-05-01 00:00:00",445757,694360,71638,6717,3802731,3952102,3944578.5
"2023-05-02 00:00:00",629511,747340,61237,1429,2594800,4007049.033333333,3910105
"2023-05-03 00:00:00",600862,720179,61417,3989,2009077,4003464.4,3930809.6666666665
"2023-05-04 00:00:00",723351,510101,36015,4263,2425767,3995068.566666667,3879994.6666666665
"2023-05-05 00:00:00",497574,426661,22576,2135,2127757,3957047.033333333,3844128.8
"2023-05-06 00:00:00",785770,644096,76345,2472,2778370,3944928.533333333,3821082.6666666665
"2023-05-07 00:00:00",540618,578822,43066,7209,2081488,3894503.533333333,3834499.8666666667
"2023-05-08 00:00:00",693614,592779,58792,3883,2611221,3874830.433333333,3859550.2666666666
"2023-05-09 00:00:00",605272,465183,45573,2040,2052819,3873438.7666666666,3845172.2
"2023-05-10 00:00:00",633557,759329,51596,2950,2245250,3825847.2,3869350.1333333333
"2023-05-11 00:00:00",543443,415606,49889,4577,2028032,3778990.033333333,3887477.6333333333
"2023-05-12 00:00:00",816685,584588,36701,3789,2163011,3760493.7666666666,3856844.466666667
"2023-05-13 00:00:00",599158,461972,41671,3185,2750995,3798858.2666666666,3855696.6
"2023-05-14 00:00:00",559748,598201,35288,3891,3032167,3811735.1666666665,3793103.3
"2023-05-15 00:00:00",707620,769143,69144,1093,2103185,3807365.9,3837891.3666666667
"2023-05-16 00:00:00",533367,788779,73966,2669,2549254,3840086.533333333,3819776.5
"2023-05-17 00:00:00",810543,679843,30232,2152,2320163,3801428.2666666666,3786732.1333333333
"2023-05-18 00:00:00",443415,577791,46123,2621,1005883,3772904.6666666665,3855406.6
"2023-05-19 00:00:00",794913,867122,37425,2868,1766845,3777785.2,3832586.466666667
"2023-05-20 00:00:00",576608,449884,31874,2291,2459701,3734062.433333333,3824315.966666667
"2023-05-21 00:00:00",545263,608161,46811,3510,2040882,3697324.5,3853258.2
"2023-05-22 00:00:00",710637,956793,39849,4998,2479091,3694589.566666667,3811222.7
"2023-05-23 00:00:00",923207,613211,50365,8012,3365922,3753034.8333333335,3781103.8666666667
"2023-05-24 00:00:00",553503,832005,47346,3417,3130274,3767254.2333333334,3761855.7333333334
"2023-05-25 00:00:00",682562,719336,39684,5100,2243307,3733278.7666666666,3776546.4
"2023-05-26 00:00:00",952868,436061,31192,1394,2681714,3750697.6,3794885.8666666667
"2023-05-27 00:00:00",704640,548030,82214,7367,2069180,3741967.8333333335,3776240.6333333333
"2023-05-28 00:00:00",383949,742904,26351,5426,3125458,3762093.3333333335,3779902.566666667
"2023-05-29 00:00:00",590966,946519,61120,3349,3187387,3798735.5,3756031.2333333334
"2023-05-30 00:00:00",702395,674796,95953,2468,1968422,3783811.433333333,3727074.4
"2023-05-31 00:00:00",532601,537182,48002,9501,3195582,3760533.7,3751274.533333333
"2023-06-01 00:00:00",892299,646625,26694,2709,2399265,3758309.7333333334,3773192.6
"2023-06-02 00:00:00",647295,721524,47821,856,2931317,3790086.033333333,3784169.5
"2023-06-03 00:00:00",768032,939637,42294,1719,2653030,3813593.2666666666,3769720
"2023-06-04 00:00:00",497556,322283,46414,2813,1709319,3796982.3333333335,3772662.466666667
"2023-06-05 00:00:00",820784,943153,80197,4138,2958060,3814291.7,3773376.7333333334
"2023-06-06 00:00:00",708640,630488,34892,8005,2317394,3829232.2,3743476
"2023-06-07 00:00:00",424466,721789,51207,1845,2610468,3824215.2666666666,3728045.433333333
"2023-06-08 00:00:00",690678,680681,54009,3115,1903090,3829571.7333333334,3705806.3666666667
"2023-06-09 00:00:00",747800,671064,56097,10518,1411044,3803033,3696208.2333333334
"2023-06-10 00:00:00",801888,881397,34568,5376,1943902,3823885.8333333335,3667068.8666666667
"2023-06-11 00:00:00",853969,523310,50071,2551,2069411,3820370.3666666667,3709884.566666667
"2023-06-12 00:00:00",514012,741004,57070,1453,3016364,3836134.533333333,3714224.8
"2023-06-13 00:00:00",709802,562927,60456,3656,1877611,3802306.533333333,3752066.3333333335
"2023-06-14 00:00:00",538712,474615,36257,5262,3395006,3828962.1,3742712.8333333335
"2023-06-15 00:00:00",428577,637517,38613,2913,1611297,3787991.566666667,3746960.566666667
"2023-06-16 00:00:00",365031,377711,49196,3007,2856603,3781612.033333333,3765366.8666666667
"2023-06-17 00:00:00",472485,939150,50382,9164,2030784,3829150,3761136.8666666667
"2023-06-18 00:00:00",502184,542984,32005,2504,2379659,3828821.933333333,3744992.1333333333
"2023-06-19 00:00:00",871254,767905,67299,12369,2173517,3841221.8,3736141.433333333
"2023-06-20 00:00:00",566323,978209,40130,1646,2940931,3883975.3,3725002
"2023-06-21 00:00:00",589707,1014057,69668,5636,2518807,3884192.4,3776655.1666666665
"2023-06-22 00:00:00",654228,608436,55635,5419,3242524,3871043.466666667,3818269.8666666667
"2023-06-23 00:00:00",596748,794583,30879,4256,1504480,3816523.6666666665,3803298.1333333333
"2023-06-24 00:00:00",656897,388905,47284,3566,2429247,3811053.9,3788184.3333333335
"2023-06-25 00:00:00",659724,1139109,41127,3564,1961265,3801105.8666666667,3806156.966666667
"2023-06-26 00:00:00",750858,254141,53186,2958,2864252,3818238.1,3852287.9
"2023-06-27 00:00:00",772875,260501,60255,2927,2583891,3798116.8,3894665.3
"2023-06-28 00:00:00",723796,342868,40391,1004,2439599,3756727.033333333,3914475.9
"2023-06-29 00:00:00",367791,422284,32293,3285,2643006,3757547.7,3893967.6333333333
"2023-06-30 00:00:00",659247,853710,60584,3038,3057701,3767928.1333333333,3925146.466666667
"2023-07-01 00:00:00",787955,687719,43958,1122,2666088,3775236.3333333335,3905115.2666666666
"2023-07-02 00:00:00",447064,659281,39874,2437,2934425,3766378.4,3896843.3666666667
"2023-07-03 00:00:00",551043,622314,69654,4744,2554038,3746281.1,3899868.3
"2023-07-04 00:00:00",719940,726865,58881,2303,2622135,3798005.8333333335,3904252.6
"2023-07-05 00:00:00",390680,359585,24367,2392,2466261,3745903.966666667,3929612.3666666667
"2023-07-06 00:00:00",641954,1166625,50733,2752,2224834,3758819.8333333335,3939312.7333333334
"2023-07-07 00:00:00",460556,604406,20916,6034,1917973,3732156.6333333333,3951954.6666666665
"2023-07-08 00:00:00",697832,531416,35602,1037,2456094,3745170.1,3957343.033333333
"2023-07-09 00:00:00",713672,810083,39283,4665,1922501,3764959.466666667,3952951.4
"2023-07-10 00:00:00",598101,539975,41995,554,3246977,3790308.2,3952045.966666667
"2023-07-11 00:00:00",876607,576181,51585,4607,2457030,3805864.7333333334,3924165.3
"2023-07-12 00:00:00",733647,501135,48473,1643,2704958,3794529.7666666666,3968926.2333333334
"2023-07-13 00:00:00",521744,526338,39668,5107,2308906,3800773.3,3968423.933333333
"2023-07-14 00:00:00",399427,890117,79330,4070,2750306,3789886.6666666665,3964783.7333333334
"2023-07-15 00:00:00",724644,527564,88339,4330,2998102,3844021.8666666667,3981536
"2023-07-16 00:00:00",516106,537262,60432,3351,2354915,3838039.1,3983963.9
"2023-07-17 00:00:00",730971,689515,57534,2313,1799842,3830645.8333333335,3961051.6666666665
"2023-07-18 00:00:00",692420,882940,44445,3441,1827047,3830344.5,3995733.8333333335
"2023-07-19 00:00:00",955957,335667,35544,1542,3121381,3848935.8666666667,3991162
"2023-07-20 00:00:00",581585,573562,44517,1987,1749073,3796385.5,4008473.8333333335
"2023-07-21 00:00:00",904029,766883,55116,1505,4037465,3848622.7333333334,3988130.466666667
"2023-07-22 00:00:00",465676,736014,32805,3906,2464234,3819835.466666667,3975382.8666666667
"2023-07-23 00:00:00",589914,486300,37242,2603,1706584,3816225.466666667,3998958.466666667
"2023-07-24 00:00:00",810179,534496,63801,3008,2400681,3825768.066666667,3983334.1
"2023-07-25 00:00:00",800947,734695,47061,485,1975387,3817560.9,3978464.8333333335
"2023-07-26 00:00:00",675897,747004,57226,3421,3210808,3843192.8,3944641.8666666667
"2023-07-27 00:00:00",555312,464873,26269,6391,2394262,3835414.7666666666,3917999.533333333
"2023-07-28 00:00:00",650767,548399,46070,982,1975245,3824541.5,3926185.4
"2023-07-29 00:00:00",759888,876746,45984,523,2612865,3852119.4,3910240.8333333335
"2023-07-30 00:00:00",599052,614740,31588,2553,2587224,3825481.8333333335,3855567.7
"2023-07-31 00:00:00",789924,428807,53335,1971,3263942,3837186.2666666666,3875208.3333333335
"2023-08-01 00:00:00",463916,440195,41453,6744,2577530,3818745.033333333,3930639.7333333334
"2023-08-02 00:00:00",636605,350772,78778,1119,2790182,3820600.6,3930654.9
"2023-08-03 00:00:00",746250,653530,63652,2459,2629100,3819429.6,3963070.4
"2023-08-04 00:00:00",780591,676965,25597,5030,2375909,3840123.1666666665,3936339.8333333335
"2023-08-05 00:00:00",437580,574047,43502,1225,2388326,3818715.8,3952811.7666666666
"2023-08-06 00:00:00",579658,746835,68645,3919,2312523,3842105.6,3927602
"2023-08-07 00:00:00",1058383,666611,47280,392,2661867,3865857.3,3941550.3
"2023-08-08 00:00:00",510975,756869,40479,4933,3136494,3897842.433333333,3968159.8333333335
"2023-08-09 00:00:00",830742,798651,70456,6852,2284103,3883282.8666666667,3944669.1333333333
"2023-08-10 00:00:00",564049,534770,39149,3077,2144957,3860616.1333333333,4003958.7
"2023-08-11 00:00:00",721381,547879,36306,2553,3154512,3876375.1333333333,3946945.066666667
"2023-08-12 00:00:00",497778,737826,55961,2442,2026535,3873668,3966768.066666667
"2023-08-13 00:00:00",647011,376160,55555,2609,3328694,3883227.2,3970870.3666666667
"2023-08-14 00:00:00",634780,685595,67808,4516,2924892,3882381.1666666665,3982201.3333333335
"2023-08-15 00:00:00",481180,429908,47297,2936,2334157,3876494.8666666667,3998848
"2023-08-16 00:00:00",570717,674441,33943,2101,2418496,3890479,4023044.8666666667
"2023-08-17 00:00:00",589917,608139,61307,3792,1992085,3883977.466666667,4034882.8
"2023-08-18 00:00:00",611302,867276,37990,5108,2508835,3869991.3,4050217.533333333
"2023-08-19 00:00:00",579577,677754,26246,7025,2611636,3901708.3,4028974.6333333333
"2023-08-20 00:00:00",678513,599318,47909,1505,2172710,3826206.966666667,4023493.2333333334
"2023-08-21 00:00:00",791030,565839,61794,4914,3044511,3851722.4,4024712.433333333
"2023-08-22 00:00:00",657177,568009,54624,3083,2440766,3881756.433333333,4008023.3666666667
"2023-08-23 00:00:00",487558,552943,52888,2390,2741215,3882583.7666666666,4045269.966666667
"2023-08-24 00:00:00",713388,602598,58492,5699,2467719,3892227.966666667,4015926.933333333
"2023-08-25 00:00:00",808428,861922,52501,3620,2433724,3874422.6666666665,4039095.6666666665
"2023-08-26 00:00:00",616141,824512,26881,4361,3092101,3911652.533333333,4032362.3
"2023-08-27 00:00:00",581992,672669,38919,3819,1654543,3902668.7,4031584.433333333
"2023-08-28 00:00:00",908082,787950,76821,6863,2296530,3895343.7333333334,4046270.933333333
"2023-08-29 00:00:00",701318,619679,65164,2679,3243208,3921906.966666667,4084966.6333333333
"2023-08-30 00:00:00",881578,548697,67743,3466,2151443,3892405.2666666666,4089336.3666666667
"2023-08-31 00:00:00",906404,434910,36571,6387,2306280,3897762.4,4101884.466666667
"2023-09-01 00:00:00",561349,454580,57221,2510,3139149,3909674,4161424.3
"2023-09-02 00:00:00",445088,737035,53873,2954,2260932,3889837,4133591.5
"2023-09-03 00:00:00",618656,510305,52213,1879,3682632,3923223.5,4171595.9
"2023-09-04 00:00:00",1055719,579408,62978,5615,2571067,3950894.1333333333,4173755.533333333
"2023-09-05 00:00:00",530319,817420,57194,3554,2345589,3952310.8,4177027.466666667
"2023-09-06 00:00:00",627999,457064,52431,2145,1846245,3904022.6,4195703.266666667
"2023-09-07 00:00:00",572689,354980,85786,2150,2515619,3873405,4159081.3
"2023-09-08 00:00:00",724218,719887,37713,5527,2738944,3881254.1666666665,4200061.4
"2023-09-09 00:00:00",441868,484819,49673,1648,2881617,3900374.8333333335,4162799.566666667
"2023-09-10 00:00:00",542405,856055,48962,1535,2866603,3895472.7666666666,4218416.1
"2023-09-11 00:00:00",572283,639422,54271,3664,1762943,3885874.066666667,4177361.8333333335
"2023-09-12 00:00:00",696554,969891,29033,1649,2624479,3882926.6666666665,4200029.633333334
"2023-09-13 00:00:00",901713,797133,55914,2458,2831213,3891954.6,4189424.6333333333
"2023-09-14 00:00:00",716314,616159,40275,4253,2236871,3902567.933333333,4185907.3666666667
"2023-09-15 00:00:00",566541,390703,85564,1555,2748171,3905662.3333333335,4173929.3
"2023-09-16 00:00:00",553588,464004,35227,5329,1747451,3890674.2,4127729.3
"2023-09-17 00:00:00",997956,799276,38205,4231,2324129,3895117.2333333334,4065142
"2023-09-18 00:00:00",1083865,470711,57276,2080,2843053,3913608.8333333335,4090666.7
"2023-09-19 00:00:00",679473,726653,36691,850,2310707,3922089.533333333,4087235.1
"2023-09-20 00:00:00",505981,845754,55579,3541,3301135,3930219.6333333333,4070203.566666667
"2023-09-21 00:00:00",825685,718286,41006,5361,2277551,3935027.066666667,4091361.6666666665
"2023-09-22 00:00:00",602016,716988,47450,5830,2766246,3945078.2,4041057.8
"2023-09-23 00:00:00",553908,632832,86307,5739,2694272,3949250.2666666666,4061506.3666666667
"2023-09-24 00:00:00",882584,561158,35387,4822,2176663,3932597.533333333,4031870.7
"2023-09-25 00:00:00",888620,494895,53331,2410,2669194,3917412.5,4044530.7333333334
"2023-09-26 00:00:00",448165,836427,51311,6675,1835637,3924955.066666667,4063531.2666666666
"2023-09-27 00:00:00",730724,856264,40635,2720,3117728,3947349.533333333,4033091.933333333
"2023-09-28 00:00:00",523217,409586,45086,4258,2699317,3915663.2333333334,4027693.8333333335
"2023-09-29 00:00:00",575360,427433,56934,4704,2798867,3922675.8666666667,4010103.033333333
"2023-09-30 00:00:00",623858,680004,39155,3688,1560931,3896578.466666667,3985401.7
"2023-10-01 00:00:00",602826,624608,64137,1538,2984216,3898662.566666667,3936090.3666666667
"2023-10-02 00:00:00",696565,800807,68348,4111,3469371,3949973.2666666666,3927086.7
"2023-10-03 00:00:00",690950,243291,73511,2086,2139322,3892755.9,3918647.966666667
"2023-10-04 00:00:00",579072,600340,58807,822,2804456,3885046.033333333,3915850.3666666667
"2023-10-05 00:00:00",459781,574345,45215,1947,2116083,3866489.1333333333,3899178.5
"2023-10-06 00:00:00",549851,656654,27512,988,1763501,3866909.6333333333,3857111.9
"2023-10-07 00:00:00",456984,700713,65059,8526,2432108,3871315.033333333,3852806.5
"2023-10-08 00:00:00",670778,611156,57423,4744,3216185,3882448.3666666667,3856569.3666666667
"2023-10-09 00:00:00",773045,978648,96211,1221,2497506,3898681.966666667,3845255.6666666665
"2023-10-10 00:00:00",601294,591187,26584,2194,3549717,3913862.1333333333,3820988
"2023-10-11 00:00:00",769462,412631,35050,5059,2269851,3929177.7,3813910.466666667
"2023-10-12 00:00:00",776128,856824,67775,2300,2441231,3923266.2,3851882.6
"2023-10-13 00:00:00",720125,687579,76890,3806,2563416,3905378.966666667,3821694.7333333334
"2023-10-14 00:00:00",487009,596666,42198,7422,3116477,3926575.533333333,3781638.6
"2023-10-15 00:00:00",485775,1037301,47110,2663,1943057,3917354.7333333334,3753465
"2023-10-16 00:00:00",649740,606501,51700,3227,2638593,3955493.433333333,3748154.966666667
"2023-10-17 00:00:00",826863,872718,26189,908,1439879,3922252.1333333333,3806891.8666666667
"2023-10-18 00:00:00",798655,571290,54741,7060,2293548,3897862.6666666665,3745270.7333333334
"2023-10-19 00:00:00",282919,628540,57034,1254,2602862,3891803.566666667,3784329
"2023-10-20 00:00:00",507695,611643,39213,1334,1885514,3836250.466666667,3800909.8666666667
"2023-10-21 00:00:00",619698,362408,61119,4824,2559136,3827560.3333333335,3758134.2666666666
"2023-10-22 00:00:00",599454,677221,67998,4957,2410391,3814943.4,3796351.1333333333
"2023-10-23 00:00:00",713441,775564,58320,1365,2707986,3824397.3,3756915.3
"2023-10-24 00:00:00",662830,695385,93521,7515,1474455,3800167.033333333,3761775.3
"2023-10-25 00:00:00",420791,946282,61524,4949,1521018,3761704.4,3749671.8666666667
"2023-10-26 00:00:00",541737,759597,46257,7883,1816828,3761506.9,3728585.1666666665
"2023-10-27 00:00:00",641805,495250,48239,744,1036382,3677318.1,3747349.5
"2023-10-28 00:00:00",630975,449870,36814,5885,2032606,3659807.6666666665,3741289.7
"2023-10-29 00:00:00",620284,654416,45286,4299,1768976,3634139.6,3744400.566666667
"2023-10-30 00:00:00",726965,688535,38568,213,1203884,3625823.933333333,3756235.433333333
"2023-10-31 00:00:00",662286,455468,75930,5583,1560170,3575227.566666667,3742658.3
"2023-11-01 00:00:00",618729,656847,64955,8484,2119829,3522882.466666667,3713906.2666666666
"2023-11-02 00:00:00",432092,519032,54284,1695,2380422,3530827.8333333335,3684536.8666666667
"2023-11-03 00:00:00",717706,819944,46288,221,1452491,3497266.3666666667,3638644.5
"2023-11-04 00:00:00",735846,632894,17961,4990,1843819,3498537.6,3606917.566666667
"2023-11-05 00:00:00",552376,318478,59853,731,1462097,3478371.8666666667,3581169.3333333335
"2023-11-06 00:00:00",521909,734747,24016,1420,2349961,3477327.1666666665,3576351.6
"2023-11-07 00:00:00",789251,545640,67366,3644,1600469,3425530.1666666665,3512407.8666666667
"2023-11-08 00:00:00",705360,897286,43079,2583,1099648,3372241.2666666666,3497834.466666667
"2023-11-09 00:00:00",497213,434783,57274,3968,1909118,3309953.966666667,3498005.8
"2023-11-10 00:00:00",721000,557716,74355,2263,2359000,3317363.466666667,3536613.4
"2023-11-11 00:00:00",804470,751247,84466,12659,1978279,3300258.8333333335,3498612.8333333335
"2023-11-12 00:00:00",733269,887801,65159,2015,914416,3251953.6,3487476.1333333333
"2023-11-13 00:00:00",852411,832640,59046,2905,2257019,3243762,3463106.7666666666
"2023-11-14 00:00:00",304223,507584,30714,1447,1478999,3203997.1333333333,3458808.533333333
"2023-11-15 00:00:00",801468,725989,54325,4036,651398,3146912.2,3459812.8333333335
"2023-11-16 00:00:00",573612,840332,33806,8705,1600379,3143255.066666667,3453024.566666667
"2023-11-17 00:00:00",449116,537400,43588,2808,1490133,3103179.7333333334,3473745.033333333
"2023-11-18 00:00:00",509108,319923,35215,9101,995037,3046372.433333333,3455262.8333333335
"2023-11-19 00:00:00",705249,844693,12806,2345,919348,3027673.6333333333,3428291.433333333
"2023-11-20 00:00:00",986954,797853,68726,3315,809392,2996308.6333333333,3420053.8666666667
"2023-11-21 00:00:00",460439,496440,33916,2163,1465462,2952921.966666667,3393842.2333333334
"2023-11-22 00:00:00",590111,530505,47119,4437,1325815,2894298.8666666667,3409131.433333333
"2023-11-23 00:00:00",648891,750789,46043,1801,2218458,2918707.933333333,3395652.1333333333
"2023-11-24 00:00:00",564717,465129,53035,4314,1761135,2915166.8,3390940.1333333333
"2023-11-25 00:00:00",663434,798494,32648,1052,2137092,2930514.2,3361644.533333333
"2023-11-26 00:00:00",436864,335975,35326,5045,1341034,2928241.6666666665,3368258.1333333333
"2023-11-27 00:00:00",998258,261648,44518,2801,1762726,2925368.3333333335,3384314.066666667
"2023-11-28 00:00:00",648424,531781,31998,926,2187802,2935623.966666667,3397352.8
"2023-11-29 00:00:00",695837,395032,62277,2303,1299633,2928854.566666667,3376046.6666666665
"2023-11-30 00:00:00",732066,355569,88901,3203,1378324,2922142.1666666665,3391010.8333333335
"2023-12-01 00:00:00",769627,483407,66791,8982,1473406,2899921,3420578
"2023-12-02 00:00:00",404966,300963,52545,6398,2330383,2890178.7,3418484.933333333
"2023-12-03 00:00:00",762970,724270,81487,810,1668413,2896888.433333333,3447941.9
"2023-12-04 00:00:00",932693,787690,49210,2595,1116588,2885330.9,3461266.1
"2023-12-05 00:00:00",852287,459116,44485,760,1493015,2900535.2666666666,3475823.9
"2023-12-06 00:00:00",818007,253925,34975,2565,2514080,2900252.1,3433797.966666667
"2023-12-07 00:00:00",421411,906807,52419,3774,1511903,2896583.6666666665,3471742.933333333
"2023-12-08 00:00:00",560548,539129,30934,2019,1933971,2907204.6333333333,3460297.933333333
"2023-12-09 00:00:00",388232,619056,41900,2186,1892597,2908591.8666666667,3430680.933333333
"2023-12-10 00:00:00",777660,316034,38514,3589,1675932,2878504.933333333,3367295.2666666666
"2023-12-11 00:00:00",553011,458414,43464,4877,1749829,2851120.7666666666,3323923.4
"2023-12-12 00:00:00",538714,706468,41042,905,1509317,2857580.2666666666,3353407.1333333333
"2023-12-13 00:00:00",656752,435090,36704,3191,924122,2792641.3666666667,3384041.3666666667
"2023-12-14 00:00:00",722008,464345,41054,2615,1843100,2817646.6,3387981.8
"2023-12-15 00:00:00",588230,250306,36770,5128,1085852,2808615.566666667,3401776.6333333333
"2023-12-16 00:00:00",596643,949417,39634,1305,2107035,2829855.3333333335,3380439.033333333
"2023-12-17 00:00:00",525324,477756,53860,1437,1649609,2836020.066666667,3367169.433333333
"2023-12-18 00:00:00",655412,741633,70781,1976,1629706,2877057.566666667,3329449.566666667
"2023-12-19 00:00:00",554470,546383,62570,6693,1897708,2896503.9,3348242.933333333
"2023-12-20 00:00:00",554157,696501,52003,2078,2055177,2919626.7333333334,3368340.2666666666
"2023-12-21 00:00:00",745470,662772,25772,1942,883533,2914995.6666666665,3361057.3333333335
"2023-12-22 00:00:00",324946,729602,30994,4515,2162016,2940131.6,3383963.033333333
"2023-12-23 00:00:00",1078039,470186,37466,3245,1910500,2934580.033333333,3341144.3666666667
"2023-12-24 00:00:00",433504,1002264,39664,1402,1468052,2937798.3333333335,3325181.566666667
"2023-12-25 00:00:00",1069086,492112,93263,4662,2327421,2949592.5,3349918.566666667
"2023-12-26 00:00:00",540215,898710,42391,3773,1414151,2974425.966666667,3325587.6666666665
"2023-12-27 00:00:00",785018,986647,46844,662,2335887,3010596.1666666665,3282572.8
"2023-12-28 00:00:00",662422,745318,61262,1121,2023714,3013692.8666666667,3250289.1
"2023-12-29 00:00:00",588254,465268,50573,2043,1749689,3027051.066666667,3221455.7
"2023-12-30 00:00:00",563054,635301,55110,3577,1489083,3033319.8333333335,3196066.2333333334
"2023-12-31 00:00:00",396230,925502,70746,3244,1625071,3040605.7,3173282.1666666665
"2024-01-01 00:00:00",646135,494438,30369,1513,2147652,3048100.7333333334,3159134.1333333333
"2024-01-02 00:00:00",728539,552067,47713,1472,1106526,3021379.6,3138552.2666666666
"2024-01-03 00:00:00",562517,345817,25894,1563,1753473,3014728.8333333335,3157642.6
"2024-01-04 00:00:00",542443,309262,51231,708,1070585,2985547.6333333333,3155757.7333333334
"2024-01-05 00:00:00",871340,1216428,64345,5176,835743,2964530.2666666666,3144257.2333333334
"2024-01-06 00:00:00",831805,615341,54008,4962,1897654,2981445.2,3117840.033333333
"2024-01-07 00:00:00",503593,538711,38844,3102,972163,2947772.4,3131631.466666667
"2024-01-08 00:00:00",591663,592698,85396,1028,1299889,2935329.1333333333,3101362.466666667
"2024-01-09 00:00:00",895225,445115,45946,3501,1156647,2926485.8,3088458.8
"2024-01-10 00:00:00",415437,390360,51540,3710,2152942,2933298.7666666666,3070310.433333333
"2024-01-11 00:00:00",647190,697919,33019,1932,1428356,2933697.8666666667,3033390.466666667
"2024-01-12 00:00:00",404280,537119,33598,2282,1795639,2957599.8666666667,3010931.3666666667
"2024-01-13 00:00:00",382319,671143,42161,2900,1917396,2955693.033333333,2993808.533333333
"2024-01-14 00:00:00",437227,507154,25006,3675,2041162,2990624.2666666666,3002122.1666666665
"2024-01-15 00:00:00",1191545,621575,58756,1709,1761231,2988650.1333333333,2979009.933333333
"2024-01-16 00:00:00",489261,594958,61357,2830,1442918,2984761.6333333333,3004737.8333333335
"2024-01-17 00:00:00",696646,268348,58267,1355,1165870,2954460.8,2998205.3
"2024-01-18 00:00:00",663331,1063677,39733,3134,1187235,2950770.3333333335,2963452.8333333335
"2024-01-19 00:00:00",1016854,343690,43944,2925,2069919,2954684,2951336.2666666666
"2024-01-20 00:00:00",655919,607397,36918,1664,2194294,2993907.533333333,2959019.8333333335
"2024-01-21 00:00:00",559096,540328,65778,2826,1730333,2982117.566666667,2920098.7666666666
"2024-01-22 00:00:00",689627,818409,77349,1596,2596818,3004929.966666667,2980094.4
"2024-01-23 00:00:00",594393,515942,51960,1163,1993761,3012007.966666667,3000581.2333333334
"2024-01-24 00:00:00",515250,606153,68870,2720,2547417,3003803.466666667,2988011.3
"2024-01-25 00:00:00",716788,706925,57789,2674,1734557,3014453.1,3022889.6
"2024-01-26 00:00:00",427395,517471,50038,3599,1959532,2974552.3333333335,3042152.8333333335
"2024-01-27 00:00:00",721983,370053,69915,3187,2099949,2966927.3,3025731.7666666666
"2024-01-28 00:00:00",358072,536067,68017,2055,1852498,2965623.3666666667,3026373.2333333334
"2024-01-29 00:00:00",753271,760948,46774,6243,2777426,3018907.7333333334,3027475.6666666665
"2024-01-30 00:00:00",527007,619522,48642,418,2862168,3053473.3666666667,3033940.533333333
"2024-01-31 00:00:00",826714,406164,41263,3847,1452622,3033823.7666666666,3061965.933333333
"2024-02-01 00:00:00",800342,480728,79750,2361,1159691,3036709.1666666665,3082175.2333333334
"2024-02-02 00:00:00",599439,439204,44769,3311,1410039,3030292.533333333,3069442.1
"2024-02-03 00:00:00",794067,338993,35042,5210,1445783,3051788.066666667,3057132.1666666665
"2024-02-04 00:00:00",547773,629296,56745,3596,852513,3021684.3,3105099.966666667
"2024-02-05 00:00:00",825968,528068,38944,2911,1919254,3018730.3,3165629.1666666665
"2024-02-06 00:00:00",549993,515748,44009,1814,1823118,3048005.7,3178168.1666666665
"2024-02-07 00:00:00",634116,633828,43566,4629,1697591,3062774.4,3226231.1666666665
"2024-02-08 00:00:00",599465,702296,60012,3586,1682767,3079497.6333333333,3232027.7333333334
"2024-02-09 00:00:00",438845,665832,51151,1597,1829841,3078606.8,3234134.2333333334
"2024-02-10 00:00:00",502304,932707,43122,3779,1009932,3068054.2,3240826.533333333
"2024-02-11 00:00:00",563822,272186,33159,1652,1319385,3048630.5,3306492.4
"2024-02-12 00:00:00",891832,773748,70104,2893,1710520,3063070.1,3319825.2
"2024-02-13 00:00:00",511137,565740,73058,4001,1637920,3055657.9,3301875.9
"2024-02-14 00:00:00",908656,469712,27890,5823,1615115,3035403.933333333,3328080.6
"2024-02-15 00:00:00",678054,782377,49854,583,2173373,3071834.3666666667,3322384.3333333335
"2024-02-16 00:00:00",720313,581781,53262,2679,1313648,3087874.2333333334,3338156.466666667
"2024-02-17 00:00:00",618537,480431,33772,11279,1813709,3087894.7333333334,3331319.4
"2024-02-18 00:00:00",620278,521759,26956,2974,1073274,3046825.066666667,3362689.7666666666
"2024-02-19 00:00:00",630092,845965,57328,5301,2323056,3059010.1,3381952.7
"2024-02-20 00:00:00",692175,492980,51763,4142,2039354,3071745.033333333,3429278.5
"2024-02-21 00:00:00",628100,881148,40929,2242,785320,3010209.6,3451170.1
"2024-02-22 00:00:00",660892,673394,65102,3084,2550723,3036742.1666666665,3455151.8666666667
"2024-02-23 00:00:00",851437,736333,34739,3020,3195318,3072756.7333333334,3485703.433333333
"2024-02-24 00:00:00",663068,432775,57838,1018,1013913,3037752.5,3497782.3333333335
"2024-02-25 00:00:00",583237,688821,30180,3733,1095559,3019202.2,3476954.1
"2024-02-26 00:00:00",599264,499245,66763,1726,983268,2982041.6333333333,3510626.3333333335
"2024-02-27 00:00:00",512242,829235,35335,1982,1993543,3000562.6,3568087.8333333335
"2024-02-28 00:00:00",865686,682132,107943,2864,1542225,2962435.8333333335,3599937.3
"2024-02-29 00:00:00",946456,440996,56451,3502,1610537,2929108.566666667,3594508.1333333333
"2024-03-01 00:00:00",515599,571829,26658,9273,2051908,2943930.033333333,3579686.933333333
"2024-03-02 00:00:00",290244,766588,24853,5934,1545838,2947616,3585708.2
"2024-03-03 00:00:00",591756,456305,93100,1114,2142343,2973877.8333333335,3624282.1
"2024-03-04 00:00:00",1140228,771261,61375,5609,2326454,3030072.5,3657057.6333333333
"2024-03-05 00:00:00",684781,441476,42499,1706,2738098,3090693.8666666667,3677631.566666667
"2024-03-06 00:00:00",673180,763794,43833,5786,2716476,3120291.3666666667,3639149.5
"2024-03-07 00:00:00",842516,856123,57512,7180,2923046,3178681.6333333333,3682469.433333333
"2024-03-08 00:00:00",499235,503498,41404,1314,1944064,3177874.3333333335,3695011.433333333
"2024-03-09 00:00:00",415678,292403,55404,802,2893301,3198189.7,3723040.433333333
"2024-03-10 00:00:00",380339,776598,52755,5099,2707771,3229366.5,3803917.3333333335
"2024-03-11 00:00:00",465914,1174561,39645,2394,1301890,3245785.3,3844399.5
"2024-03-12 00:00:00",666063,636784,59522,5039,3198886,3324988.533333333,3794547.7333333334
"2024-03-13 00:00:00",645855,739563,66252,3576,2952869,3356955.7,3828834.3666666667
"2024-03-14 00:00:00",494528,740910,57264,2601,3134469,3411553.2333333334,3833201.533333333
"2024-03-15 00:00:00",942423,536562,55284,4479,3433903,3476401.7666666666,3822048.6333333333
"2024-03-16 00:00:00",1001257,621250,50165,7507,2709217,3499906.966666667,3825707.2333333334
"2024-03-17 00:00:00",531874,564094,34603,4176,2446242,3530217.2,3867788.433333333
"2024-03-18 00:00:00",742832,839579,77556,4073,3788255,3613369.7,3871519.8333333335
"2024-03-19 00:00:00",807300,611895,60649,956,2233933,3662352.566666667,3884051.966666667
"2024-03-20 00:00:00",761664,412421,84436,2975,1643296,3630454.066666667,3857498.6
"2024-03-21 00:00:00",736759,1005846,59171,2946,2854511,3676414.7666666666,3771945.2333333334
"2024-03-22 00:00:00",316085,443755,27772,5268,2043323,3693030.3,3749633.3666666667
"2024-03-23 00:00:00",651812,507081,37078,3603,2787170,3694148.4,3758688.3
"2024-03-24 00:00:00",796901,325225,55839,2530,1527413,3623717,3726526.6666666665
"2024-03-25 00:00:00",665107,744720,59334,2259,1270127,3642814.966666667,3717406.4
"2024-03-26 00:00:00",703321,460278,44492,11355,2429105,3684382.566666667,3776491.8666666667
"2024-03-27 00:00:00",698751,616221,53988,1877,2186163,3731273.7666666666,3803794.066666667
"2024-03-28 00:00:00",729058,733845,51779,8605,2184865,3742467.7333333334,3758463.966666667
"2024-03-29 00:00:00",991868,463505,47655,3662,3357674,3797917.9,3765995.1333333333
"2024-03-30 00:00:00",572636,701011,40759,7768,2691486,3829775.2666666666,3770294.3666666667
"2024-03-31 00:00:00",337979,605424,55636,6021,2423066,3838204.433333333,3739066.5
"2024-04-01 00:00:00",819909,877768,94505,5148,2367391,3889246.8,3695712.1666666665
"2024-04-02 00:00:00",781007,932447,53482,861,3402487,3952102.7333333334,3680619.466666667
"2024-04-03 00:00:00",833240,386358,49482,12306,2792329,3944395.533333333,3694717.4
"2024-04-04 00:00:00",736041,695622,50853,1294,2435083,3944740.2333333334,3703895.1
"2024-04-05 00:00:00",469158,645040,19782,16265,2648293,3931255.7333333334,3741680.2666666666
"2024-04-06 00:00:00",753723,555004,79697,4526,2408878,3901770.8666666667,3732038.966666667
"2024-04-07 00:00:00",865671,523539,33821,2188,2213072,3923396.7,3749515.066666667
"2024-04-08 00:00:00",627928,577323,49113,4791,1400146,3890120.3666666667,3750840.1
"2024-04-09 00:00:00",699328,840806,40431,4001,2512083,3895922.9,3751054.5
"2024-04-10 00:00:00",769535,338707,46835,1077,2957714,3933571.5,3764005.6666666665
"2024-04-11 00:00:00",795579,534819,52305,1316,2622791,3914921.9,3797363.2
"2024-04-12 00:00:00",452853,491457,38679,4185,2290517,3877241.033333333,3741012.8666666667
"2024-04-13 00:00:00",327520,647202,39629,7511,2321763,3841035.6333333333,3757061.2333333334
"2024-04-14 00:00:00",594978,763454,42330,5128,2718795,3812769.966666667,3771814.566666667
"2024-04-15 00:00:00",729011,665357,87158,1525,2092833,3785652.8333333335,3754127.933333333
"2024-04-16 00:00:00",587762,408856,52731,3364,1751964,3759775.8333333335,3776828.2333333334
"2024-04-17 00:00:00",577249,595759,43698,954,2574577,3704440.2333333334,3780286.433333333
"2024-04-18 00:00:00",677437,1006709,61375,2042,3146324,3743745.8333333335,3759029.3333333335
"2024-04-19 00:00:00",366280,419707,54575,3192,2169523,3747362,3804125.7
"2024-04-20 00:00:00",538902,636449,49173,8071,1708547,3690092.4,3889234.066666667
"2024-04-21 00:00:00",397087,967850,23991,3621,1839653,3703292.5,3907282.9
"2024-04-22 00:00:00",812285,606182,89837,3784,2918695,3718094.1333333333,3877177.2333333334
"2024-04-23 00:00:00",445546,656124,24733,1050,3032450,3766494.1,3902494.8666666667
"2024-04-24 00:00:00",699029,680860,56913,2641,1872523,3785508.1666666665,3924008.2333333334
"2024-04-25 00:00:00",734304,423191,49473,496,2122537,3774889.8333333335,3887393
"2024-04-26 00:00:00",618288,790611,51499,7855,1851070,3766967.2666666666,3863884.8333333335
"2024-04-27 00:00:00",506443,743983,64859,3514,2694011,3777122.466666667,3864292.466666667
"2024-04-28 00:00:00",853666,585788,49289,2290,2348933,3742975.9,3833529.7
"2024-04-29 00:00:00",627839,748834,80341,5769,2343977,3736079.3333333335,3860029.6666666665
"2024-04-30 00:00:00",577069,685433,36699,962,1973349,3730925.3333333335,3952102
"2024-05-01 00:00:00",917485,551081,67805,3658,1532613,3694522.533333333,4007049.033333333
"2024-05-02 00:00:00",381130,608952,62044,1402,3148139,3662235.066666667,4003464.4
"2024-05-03 00:00:00",589458,400295,69668,3256,1717654,3619122.2666666666,3995068.566666667
"2024-05-04 00:00:00",377409,413380,34223,9572,3573191,3635417.8333333335,3957047.033333333
"2024-05-05 00:00:00",375954,803579,30012,6608,2450082,3631007.6333333333,3944928.533333333
"2024-05-06 00:00:00",503576,598581,66242,5400,2067858,3612335.033333333,3894503.533333333
"2024-05-07 00:00:00",1038222,676972,87707,5455,3101427,3654718.3333333335,3874830.433333333
"2024-05-08 00:00:00",544167,592807,61266,900,2984276,3705522.3666666667,3873438.7666666666
"2024-05-09 00:00:00",690381,895053,55435,11221,2432632,3705125.3,3825847.2
"2024-05-10 00:00:00",737345,697285,48575,12637,3020894,3718554.5,3778990.033333333
"2024-05-11 00:00:00",679849,875696,30788,5656,2054527,3706544.6333333333,3760493.7666666666
"2024-05-12 00:00:00",592289,605824,58876,3911,2396028,3719186,3798858.2666666666
"2024-05-13 00:00:00",571623,743593,47915,3654,3171381,3759004.2666666666,3811735.1666666665
"2024-05-14 00:00:00",1265237,701158,54382,3021,2009428,3755955.6333333333,3807365.9
"2024-05-15 00:00:00",509664,760511,63432,5853,1731285,3739117.8666666667,3840086.533333333
"2024-05-16 00:00:00",956878,583190,69271,5590,2818114,3793396.7666666666,3801428.2666666666
"2024-05-17 00:00:00",463130,533084,26908,3470,3321210,3811915.466666667,3772904.6666666665
"2024-05-18 00:00:00",1040849,401341,27278,4042,2067848,3766830.8,3777785.2
"2024-05-19 00:00:00",608937,550918,62394,10817,1855743,3769348.5,3734062.433333333
"2024-05-20 00:00:00",409047,836421,64768,9967,2318950,3792615.566666667,3697324.5
"2024-05-21 00:00:00",623728,585518,49787,4395,2177463,3799571.7,3694589.566666667
"2024-05-22 00:00:00",845279,518601,53439,2906,2638119,3787156.8666666667,3753034.8333333335
"2024-05-23 00:00:00",725782,660985,85725,2153,2937777,3795574.2666666666,3767254.2333333334
"2024-05-24 00:00:00",818942,711909,70918,5058,2079414,3808050.1,3733278.7666666666
"2024-05-25 00:00:00",501524,704994,70098,11584,1887241,3802898.1,3750697.6
"2024-05-26 00:00:00",349410,755136,79905,7511,2263156,3807424.7333333334,3741967.8333333335
"2024-05-27 00:00:00",607807,800522,43963,11614,2419366,3803106.8,3762093.3333333335
"2024-05-28 00:00:00",771164,706921,64577,6066,2075249,3795907.2333333334,3798735.5
"2024-05-29 00:00:00",405341,995283,40782,3501,2423907,3797975.7,3783811.433333333
"2024-05-30 00:00:00",1253685,501670,53372,7952,2992748,3849172.7333333334,3760533.7
"2024-05-31 00:00:00",659355,864361,84371,4665,3246616,3908730.566666667,3758309.7333333334
"2024-06-01 00:00:00",656769,359148,78404,12723,2079191,3874882.933333333,3790086.033333333
"2024-06-02 00:00:00",603757,321841,34573,6009,2128752,3885369.7,3813593.2666666666
"2024-06-03 00:00:00",748806,562592,62499,8489,2955892,3883053.7666666666,3796982.3333333335
"2024-06-04 00:00:00",562416,553844,45159,2160,2249326,3874609.6333333333,3814291.7
"2024-06-05 00:00:00",561214,431476,94143,3494,2442469,3884314.3666666667,3829232.2
"2024-06-06 00:00:00",1006354,603735,72025,6545,1834321,3838087.5,3824215.2666666666
"2024-06-07 00:00:00",509620,962253,59816,6663,3180564,3855937.433333333,3829571.7333333334
"2024-06-08 00:00:00",955833,421675,67221,7476,2514090,3851989.6666666665,3803033
"2024-06-09 00:00:00",749158,674399,45465,3103,2267100,3826072.7666666666,3823885.8333333335
"2024-06-10 00:00:00",618026,452662,82712,9298,3209350,3850257.3333333335,3820370.3666666667
"2024-06-11 00:00:00",530056,741764,61404,7378,2722366,3863791.7333333334,3836134.533333333
"2024-06-12 00:00:00",789770,707434,35169,2094,1940643,3828356.5,3802306.533333333
"2024-06-13 00:00:00",847402,473952,48593,6100,2220800,3813810.6666666665,3828962.1
"2024-06-14 00:00:00",515910,496079,48205,8037,3134764,3851552.2666666666,3787991.566666667
"2024-06-15 00:00:00",563058,639915,38832,10373,2180018,3818190.7333333334,3781612.033333333
"2024-06-16 00:00:00",558976,661523,12977,2045,2628023,3802048.7,3829150
"2024-06-17 00:00:00",533388,440639,20829,1015,2450130,3798870.2,3828821.933333333
"2024-06-18 00:00:00",747880,609479,41960,9068,2125639,3813711.1333333333,3841221.8
"2024-06-19 00:00:00",871694,902515,84331,1236,2585565,3840584,3883975.3
"2024-06-20 00:00:00",615292,436547,60043,2230,2062858,3831786.533333333,3884192.4
"2024-06-21 00:00:00",352367,523357,55477,6471,2359570,3806416.2333333334,3871043.466666667
"2024-06-22 00:00:00",705078,927802,39849,7106,2403511,3795447,3816523.6666666665
"2024-06-23 00:00:00",585576,503277,28272,6963,2419522,3790692.4,3811053.9
"2024-06-24 00:00:00",763714,745407,64471,3278,2858366,3832685.6333333333,3801105.8666666667
"2024-06-25 00:00:00",660995,568342,59003,5526,2633080,3848413.2666666666,3818238.1
"2024-06-26 00:00:00",676183,616818,31569,5566,1496440,3813190.033333333,3798116.8
"2024-06-27 00:00:00",1324354,673948,60998,6422,2509464,3844897.033333333,3756727.033333333
"2024-06-28 00:00:00",458518,727325,62693,1491,2406104,3837807.433333333,3757547.7
"2024-06-29 00:00:00",453479,509075,47806,4758,2096659,3781219.066666667,3767928.1333333333
"2024-06-30 00:00:00",636844,689255,31534,4765,2985959,3764185.3,3775236.3333333335
"2024-07-01 00:00:00",667577,369484,62910,2429,2220007,3768724.1666666665,3766378.4
"2024-07-02 00:00:00",824215,1014647,53724,1361,2304208,3805498.2,3746281.1
"2024-07-03 00:00:00",428246,896296,47765,3837,2578152,3792698.466666667,3798005.8333333335
"2024-07-04 00:00:00",769795,549852,54875,819,2594794,3811272.566666667,3745903.966666667
"2024-07-05 00:00:00",478331,572286,36842,3034,2097811,3799789.3333333335,3758819.8333333335
"2024-07-06 00:00:00",494398,432255,61649,3812,3163822,3820887.6666666665,3732156.6333333333
"2024-07-07 00:00:00",486683,651887,47610,3857,2797422,3796505.8,3745170.1
"2024-07-08 00:00:00",681330,586316,66393,4649,1985163,3775090.966666667,3764959.466666667
"2024-07-09 00:00:00",757604,586330,67985,4098,2145237,3769158.6,3790308.2
"2024-07-10 00:00:00",495185,362517,68367,2210,2730558,3745384.9,3805864.7333333334
"2024-07-11 00:00:00",1419156,312260,54248,4776,2332797,3747394,3794529.7666666666
"2024-07-12 00:00:00",684938,740584,53773,5147,2019850,3748366.7333333334,3800773.3
"2024-07-13 00:00:00",788577,679939,48583,7460,2348526,3757574.533333333,3789886.6666666665
"2024-07-14 00:00:00",645067,377889,54140,2929,2329798,3731135.2,3844021.8666666667
"2024-07-15 00:00:00",527032,810228,72509,5626,1966221,3729449.3,3838039.1
"2024-07-16 00:00:00",767142,704331,55477,4469,2570320,3737389.533333333,3830645.8333333335
"2024-07-17 00:00:00",745603,416855,37566,5764,2431520,3743766.3333333335,3830344.5
"2024-07-18 00:00:00",582677,613975,54803,2460,3246585,3775981.933333333,3848935.8666666667
"2024-07-19 00:00:00",862124,565444,61038,4765,1863693,3739705.933333333,3796385.5
"2024-07-20 00:00:00",489566,611226,70423,4005,2198957,3746279.533333333,3848622.7333333334
"2024-07-21 00:00:00",490305,614772,38319,3952,2082496,3744033.1333333333,3819835.466666667
"2024-07-22 00:00:00",599764,300838,51119,4045,2265719,3715304.3666666667,3816225.466666667
"2024-07-23 00:00:00",628320,531731,46707,2874,1973420,3703285.9,3825768.066666667
"2024-07-24 00:00:00",464420,403843,82566,1070,1569740,3639499.066666667,3817560.9
"2024-07-25 00:00:00",685699,287277,40417,5780,1713078,3599675.6,3843192.8
"2024-07-26 00:00:00",636276,809449,53101,3191,2001952,3622255.4,3835414.7666666666
"2024-07-27 00:00:00",501451,490076,47253,2003,2348780,3582734.433333333,3824541.5
"2024-07-28 00:00:00",755923,583829,58285,3146,1752662,3565991.4,3852119.4
"2024-07-29 00:00:00",533181,494551,48405,4894,1599178,3551605.8666666667,3825481.8333333335
"2024-07-30 00:00:00",846326,903503,45465,3148,1998240,3533216.7,3837186.2666666666
"2024-07-31 00:00:00",430167,407227,40495,2574,2409228,3532125.933333333,3818745.033333333
"2024-08-01 00:00:00",627176,675605,76792,1419,1443113,3486324.2333333334,3820600.6
"2024-08-02 00:00:00",734815,858047,48333,4459,2994378,3509182.066666667,3819429.6
"2024-08-03 00:00:00",430582,537059,50528,3167,2673638,3500010.2333333334,3840123.1666666665
"2024-08-04 00:00:00",672323,567821,37403,1874,1748946,3494679,3818715.8
"2024-08-05 00:00:00",432224,750250,61311,8378,2350550,3476238.433333333,3842105.6
"2024-08-06 00:00:00",816994,478299,42813,6045,1417910,3435391.7,3865857.3
"2024-08-07 00:00:00",631298,1073758,53621,1278,2556516,3468479.1333333333,3897842.433333333
"2024-08-08 00:00:00",644730,529426,67771,7590,1655738,3446612.2,3883282.8666666667
"2024-08-09 00:00:00",425048,697962,29195,1265,2935371,3460945.6,3860616.1333333333
"2024-08-10 00:00:00",772877,873629,40584,5158,2598085,3466515.5,3876375.1333333333
"2024-08-11 00:00:00",884209,482075,75293,3401,2095104,3467708.566666667,3873668
"2024-08-12 00:00:00",715138,247014,61411,6349,1846130,3434474.1,3883227.2
"2024-08-13 00:00:00",716588,580778,42880,1505,2122664,3436294.1,3882381.1666666665
"2024-08-14 00:00:00",711194,518508,67072,3403,2710635,3457267.3,3876494.8666666667
"2024-08-15 00:00:00",724948,441240,34827,2365,2394805,3440482.1666666665,3890479
"2024-08-16 00:00:00",526112,747247,23804,4873,1726080,3420176.1,3883977.466666667
"2024-08-17 00:00:00",483223,769006,33836,605,2547757,3397973.533333333,3869991.3
"2024-08-18 00:00:00",743555,576689,43220,1290,1741802,3389623.1,3901708.3
"2024-08-19 00:00:00",329727,597197,99237,3991,1767827,3370416.7,3826206.966666667
"2024-08-20 00:00:00",626914,1163668,69850,1787,2137857,3396091.066666667,3851722.4
"2024-08-21 00:00:00",611367,352264,72455,1402,1986956,3389522.8333333335,3881756.433333333
"2024-08-22 00:00:00",996349,446546,41966,5278,2328142,3410697.066666667,3882583.7666666666
"2024-08-23 00:00:00",1108336,635433,31350,2564,2456147,3467770.3,3892227.966666667
"2024-08-24 00:00:00",631489,516794,74992,7369,2833450,3512165.3666666667,3874422.6666666665
"2024-08-25 00:00:00",712155,695242,53612,1293,4755413,3602623.466666667,3911652.533333333
"2024-08-26 00:00:00",624592,976726,59085,3118,1886396,3607968.8666666667,3902668.7
"2024-08-27 00:00:00",487311,434117,58113,11196,1796011,3595732.566666667,3895343.7333333334
"2024-08-28 00:00:00",715273,927802,94048,5014,7126220,3802004.1666666665,3921906.966666667
"2024-08-29 00:00:00",755083,774752,57956,4357,3030272,3829528.5,3892405.2666666666
"2024-08-30 00:00:00",563513,569744,48621,6138,2520135,3843477.433333333,3897762.4
"2024-08-31 00:00:00",754604,307821,30570,2894,1660102,3841206.7666666666,3909674
"2024-09-01 00:00:00",612546,754174,41957,1760,1846994,3795119.8,3889837
"2024-09-02 00:00:00",766780,715286,45159,2310,2469552,3805256.8333333335,3923223.5
"2024-09-03 00:00:00",597849,458076,39033,1617,3069439,3843178.4,3950894.1333333333
"2024-09-04 00:00:00",906154,723996,37526,1780,2252251,3853811.6,3952310.8
"2024-09-05 00:00:00",891289,895318,63827,1942,1787016,3883056.3666666667,3904022.6
"2024-09-06 00:00:00",709911,576598,71085,5318,2644446,3872752.533333333,3873405
"2024-09-07 00:00:00",382803,810926,35085,2356,2451596,3898669.6333333333,3881254.1666666665
"2024-09-08 00:00:00",798620,429082,52424,4989,2308827,3882173,3900374.8333333335
"2024-09-09 00:00:00",640596,751544,45075,6184,2403552,3867393.7333333334,3895472.7666666666
"2024-09-10 00:00:00",619669,421546,56691,5404,1861581,3848220.7333333334,3885874.066666667
"2024-09-11 00:00:00",835965,796060,46099,7635,3302318,3918622,3882926.6666666665
"2024-09-12 00:00:00",763555,390062,45143,1445,1581644,3895869.6333333333,3891954.6
"2024-09-13 00:00:00",622151,819047,57437,7960,1612315,3866139.433333333,3902567.933333333
"2024-09-14 00:00:00",683426,478909,77104,3796,2442408,3869054.6,3905662.3333333335
"2024-09-15 00:00:00",557752,747930,43715,4788,2373412,3892370.466666667,3890674.2
"2024-09-16 00:00:00",568707,848858,38087,3997,2489125,3896181.966666667,3895117.2333333334
"2024-09-17 00:00:00",773180,500593,54271,2106,2510895,3920664.966666667,3913608.8333333335
"2024-09-18 00:00:00",755741,771695,24057,7720,2019883,3946702.2,3922089.533333333
"2024-09-19 00:00:00",674990,340016,70259,6067,2351218,3928117.8333333335,3930219.6333333333
"2024-09-20 00:00:00",698882,1286010,44991,6631,2034581,3963006.3666666667,3935027.066666667
"2024-09-21 00:00:00",480385,504896,33021,2325,2328951,3947383.033333333,3945078.2
"2024-09-22 00:00:00",506308,685785,41480,2334,2526877,3931681.433333333,3949250.2666666666
"2024-09-23 00:00:00",1014836,721182,39932,6822,2407431,3935884.933333333,3932597.533333333
"2024-09-24 00:00:00",967778,485642,42956,1797,2372145,3857638.466666667,3917412.5
"2024-09-25 00:00:00",526289,610819,63423,5580,2633253,3867286.9,3924955.066666667
"2024-09-26 00:00:00",494846,578911,57293,3357,2592256,3898617.3666666667,3947349.533333333
"2024-09-27 00:00:00",564694,739897,33717,3430,2701502,3737780,3915663.2333333334
"2024-09-28 00:00:00",322468,616662,79638,4024,2574670,3703614.8666666667,3922675.8666666667
"2024-09-29 00:00:00",953267,466982,36740,2940,1938725,3693298.3333333335,3896578.466666667
"2024-09-30 00:00:00",426269,461189,49312,3815,2686300,3722328.2,3898662.566666667
"2024-10-01 00:00:00",909570,654774,81498,6263,1955969,3734016.9,3949973.2666666666
"2024-10-02 00:00:00",604748,401963,36883,2112,3498064,3752173.033333333,3892755.9
"2024-10-03 00:00:00",947818,719355,65183,9910,3068938,3773679.3666666667,3885046.033333333
"2024-10-04 00:00:00",808655,495923,35231,4300,1018367,3721704.966666667,3866489.1333333333
"2024-10-05 00:00:00",710562,402735,54406,5129,2468605,3721772.933333333,3866909.6333333333
"2024-10-06 00:00:00",374952,538180,68227,4389,1659563,3676371.3,3871315.033333333
"2024-10-07 00:00:00",684840,790672,55250,2667,3940445,3736074.966666667,3882448.3666666667
"2024-10-08 00:00:00",765390,588135,30589,5909,3075662,3765133,3898681.966666667
"2024-10-09 00:00:00",734110,468521,53871,5160,2232743,3753381.2666666666,3913862.1333333333
"2024-10-10 00:00:00",764076,875332,67494,609,2455605,3793322,3929177.7
"2024-10-11 00:00:00",781103,587257,40226,9627,2045138,3742497.6666666665,3923266.2
"2024-10-12 00:00:00",719083,606844,61292,610,2449608,3777684.066666667,3905378.966666667
"2024-10-13 00:00:00",499153,453608,46836,3823,1960388,3772514.033333333,3926575.533333333
"2024-10-14 00:00:00",572869,687501,33550,1684,1716617,3750066.5,3917354.7333333334
"2024-10-15 00:00:00",808264,572839,55358,9012,2706392,3764208.8,3955493.433333333
"2024-10-16 00:00:00",612264,645488,57357,4452,2145635,3748089.6333333333,3922252.1333333333
"2024-10-17 00:00:00",678306,685953,52017,3928,2721357,3758107.3,3897862.6666666665
"2024-10-18 00:00:00",728824,1071718,34515,1662,3132169,3804433.5,3891803.566666667
"2024-10-19 00:00:00",896019,425214,50765,3020,3288858,3845144.466666667,3836250.466666667
"2024-10-20 00:00:00",503817,979570,65654,1868,1597211,3814378.7666666666,3827560.3333333335
"2024-10-21 00:00:00",727438,795323,67291,1733,1688540,3812070.5,3814943.4
"2024-10-22 00:00:00",463964,689303,64188,1718,1651381,3782329.6666666665,3824397.3
"2024-10-23 00:00:00",754586,396578,47219,4738,1761795,3741486.8333333335,3800167.033333333
"2024-10-24 00:00:00",630190,380277,62851,6013,1837597,3709707.1333333333,3761704.4
"2024-10-25 00:00:00",504523,513986,50226,3537,2545617,3702324.2333333334,3761506.9
"2024-10-26 00:00:00",659676,687405,20477,5992,1689280,3680196.3,3677318.1
"2024-10-27 00:00:00",695766,452510,42582,2793,948916,3616840.6333333333,3659807.6666666665
"2024-10-28 00:00:00",569088,906005,50116,3785,1500386,3597904.533333333,3634139.6
"2024-10-29 00:00:00",793371,749462,37087,1738,2348159,3615609.8666666667,3625823.933333333
"2024-10-30 00:00:00",846098,675697,50573,7715,1548500,3598999.966666667,3575227.566666667
"2024-10-31 00:00:00",528140,414784,46031,1289,2768996,3604038.3333333335,3522882.466666667
"2024-11-01 00:00:00",668156,488444,47613,736,2524588,3576896.8666666667,3530827.8333333335
"2024-11-02 00:00:00",649340,523636,47662,4719,2457488,3539285.1,3497266.3666666667
"2024-11-03 00:00:00",490853,694380,60564,2930,1941822,3566887.7,3498537.6
"2024-11-04 00:00:00",952644,664337,48232,4886,1675431,3557024.066666667,3478371.8666666667
"2024-11-05 00:00:00",651384,627737,21283,2547,2423377,3593057.8666666667,3477327.1666666665
"2024-11-06 00:00:00",948625,472065,36051,7476,1775453,3518584.2,3425530.1666666665
"2024-11-07 00:00:00",542323,707659,39245,4566,2043740,3480979,3372241.2666666666
"2024-11-08 00:00:00",678291,767775,62980,2270,2190376,3487888.566666667,3309953.966666667
"2024-11-09 00:00:00",489436,559338,61482,3800,2778098,3478856.2333333334,3317363.466666667
"2024-11-10 00:00:00",557304,615570,46343,3498,1307469,3447750.533333333,3300258.8333333335
"2024-11-11 00:00:00",487848,450773,68789,1760,2521339,3437519.5,3251953.6
"2024-11-12 00:00:00",597866,607227,60081,5635,2880721,3477110.3,3243762
"2024-11-13 00:00:00",1066165,713626,39800,161,2614232,3524502.533333333,3203997.1333333333
"2024-11-14 00:00:00",632038,562195,48115,1354,1979188,3493536.6,3146912.2
"2024-11-15 00:00:00",621851,529305,61672,3787,1963920,3484047.8333333335,3143255.066666667
"2024-11-16 00:00:00",438150,883498,77057,5188,1596602,3446011.933333333,3103179.7333333334
"2024-11-17 00:00:00",808636,893886,46228,3892,2292895,3415233.533333333,3046372.433333333
"2024-11-18 00:00:00",867263,679080,61311,3069,3372214,3425869.1333333333,3027673.6333333333
"2024-11-19 00:00:00",880691,599518,45501,4560,2580299,3457950.5,2996308.6333333333
"2024-11-20 00:00:00",545461,318183,45882,1713,2124501,3449797.2666666666,2952921.966666667
"2024-11-21 00:00:00",643587,793828,60379,1490,2599797,3490748.1666666665,2894298.8666666667
"2024-11-22 00:00:00",498951,341778,30949,3715,1989104,3487400.8666666667,2918707.933333333
"2024-11-23 00:00:00",732712,676693,73313,5064,1279699,3482419.2666666666,2915166.8
"2024-11-24 00:00:00",1039988,674004,31387,4061,2306486,3497020.4,2930514.2
"2024-11-25 00:00:00",1021441,716782,64363,5400,1318230,3499133.3333333335,2928241.6666666665
"2024-11-26 00:00:00",928890,527007,48385,9046,1720145,3535496.933333333,2925368.3333333335
"2024-11-27 00:00:00",905202,543590,53767,6882,1550561,3536517.7333333334,2935623.966666667
"2024-11-28 00:00:00",578877,554828,19216,4367,1318948,3488065.066666667,2928854.566666667
"2024-11-29 00:00:00",840193,533069,41164,1291,1227656,3471891.433333333,2922142.1666666665
"2024-11-30 00:00:00",357255,390709,40426,888,2147966,3444491.466666667,2899921
"2024-12-01 00:00:00",565506,420471,30716,4051,1660192,3409538.2666666666,2890178.7
"2024-12-02 00:00:00",551130,870123,55306,2991,2332705,3413851.933333333,2896888.433333333
"2024-12-03 00:00:00",642949,699938,34523,471,2271051,3429131,2885330.9
"2024-12-04 00:00:00",847904,729181,50134,6930,2556024,3457285.8333333335,2900535.2666666666
"2024-12-05 00:00:00",622232,885567,53541,1434,1767313,3444078.1,2900252.1
"2024-12-06 00:00:00",711379,632688,30775,5244,2464024,3464226.2333333334,2896583.6666666665
"2024-12-07 00:00:00",570612,486151,34577,3653,2124271,3460283.7666666666,2907204.6333333333
"2024-12-08 00:00:00",692702,429921,33708,750,2261829,3450857.6666666665,2908591.8666666667
"2024-12-09 00:00:00",887510,642378,50934,4299,2837572,3468542.566666667,2878504.933333333
"2024-12-10 00:00:00",870331,799473,38993,5128,2136282,3512543.3,2851120.7666666666
"2024-12-11 00:00:00",1113537,674766,21136,2492,2102206,3525330.8,2857580.2666666666
"2024-12-12 00:00:00",464224,669240,67833,5092,2108494,3497442.7333333334,2792641.3666666667
"2024-12-13 00:00:00",678099,727735,47048,10072,1497454,3448323.6,2817646.6
"2024-12-14 00:00:00",514593,578302,32756,4333,1647455,3433475.2666666666,2808615.566666667
"2024-12-15 00:00:00",692083,548429,47446,4746,2178098,3443150.8333333335,2829855.3333333335
"2024-12-16 00:00:00",577229,599855,71791,1639,2061297,3453528.1666666665,2836020.066666667
"2024-12-17 00:00:00",253195,497599,85377,2228,2050773,3414982.6666666665,2877057.566666667
"2024-12-18 00:00:00",721584,726068,53010,591,1796065,3358795,2896503.9
"2024-12-19 00:00:00",1025439,491285,66263,4904,2542828,3359466.6333333333,2919626.7333333334
"2024-12-20 00:00:00",372619,703377,58196,6645,2558716,3381593.933333333,2914995.6666666665
"2024-12-21 00:00:00",643420,842286,45846,943,1669054,3351676.2,2940131.6
"2024-12-22 00:00:00",900504,708106,48096,1088,1455720,3359976.6,2934580.033333333
"2024-12-23 00:00:00",451377,1169395,53033,1783,1735865,3381442.3666666667,2937798.3333333335
"2024-12-24 00:00:00",568121,428435,48758,7844,2585921,3367547.6666666665,2949592.5
"2024-12-25 00:00:00",879490,945563,47492,1642,1731542,3383531.466666667,2974425.966666667
"2024-12-26 00:00:00",496638,590394,53998,1554,2169660,3386157.2333333334,3010596.1666666665
"2024-12-27 00:00:00",1243105,858714,39143,6843,2944677,3453906.433333333,3013692.8666666667
"2024-12-28 00:00:00",724058,602614,63661,3122,1677585,3473733.2333333334,3027051.066666667
"2024-12-29 00:00:00",944448,547777,44466,2539,1794396,3496741.566666667,3033319.8333333335
"2024-12-30 00:00:00",670787,674657,55020,1453,2006144,3512435.8333333335,3040605.7
"2024-12-31 00:00:00",592277,683473,76304,3114,1654950,3523408.6666666665,3048100.7333333334
"2025-01-01 00:00:00",512366,323024,45111,1071,1752115,3484122.7666666666,3021379.6
"2025-01-02 00:00:00",788159,421040,50336,1171,1143291,3442624.8666666667,3014728.8333333335
"2025-01-03 00:00:00",613018,720619,43639,1357,2414215,3429380.5,2985547.6333333333
"2025-01-04 00:00:00",354521,492810,47705,3151,2005613,3415170.8666666667,2964530.2666666666
"2025-01-05 00:00:00",710897,219606,36319,3744,1376897,3365282.566666667,2981445.2
"2025-01-06 00:00:00",505192,545054,80708,3323,1967683,3361372.8666666667,2947772.4
"2025-01-07 00:00:00",1058982,673937,63454,5172,2181441,3380175.466666667,2935329.1333333333
"2025-01-08 00:00:00",775093,560148,40418,2223,1735387,3336527.9,2926485.8
"2025-01-09 00:00:00",583161,659948,42389,1618,1704020,3307892.066666667,2933298.7666666666
"2025-01-10 00:00:00",764700,922477,33984,1134,2264058,3310299.6,2933697.8666666667
"2025-01-11 00:00:00",563281,571023,38203,7081,2068555,3308074.5,2957599.8666666667
"2025-01-12 00:00:00",597939,778115,34793,5152,1584617,3309414.533333333,2955693.033333333
"2025-01-13 00:00:00",574467,547438,50445,7000,1728253,3313753.433333333,2990624.2666666666
"2025-01-14 00:00:00",866066,1092382,31969,1125,1758661,3323067.066666667,2988650.1333333333
"2025-01-15 00:00:00",785262,643392,61533,2014,1643640,3317201.1666666665,2984761.6333333333
"2025-01-16 00:00:00",1242348,599948,58444,6613,1358847,3329769,2954460.8
"2025-01-17 00:00:00",381855,285069,58547,2773,1652796,3299226.566666667,2950770.3333333335
"2025-01-18 00:00:00",423151,429900,27306,4163,1351204,3236060.2,2954684
"2025-01-19 00:00:00",841610,458612,59152,1650,2203886,3231572.066666667,2993907.533333333
"2025-01-20 00:00:00",418440,430489,51738,2933,2420787,3235666.566666667,2982117.566666667
"2025-01-21 00:00:00",809083,693767,56250,2292,1972552,3249680.8333333335,3004929.966666667
"2025-01-22 00:00:00",694334,732593,76599,1194,1935881,3250652.7,3012007.966666667
"2025-01-23 00:00:00",757623,425080,87492,2334,2501632,3255155.533333333,3003803.466666667
"2025-01-24 00:00:00",702624,727133,75519,3063,1886710,3248132.933333333,3014453.1
"2025-01-25 00:00:00",497159,733919,32577,3326,2363809,3258751.1666666665,2974552.3333333335
"2025-01-26 00:00:00",495857,493834,38603,5597,935153,3154636.6,2966927.3
"2025-01-27 00:00:00",589639,632183,75616,4704,3565110,3214510.3,2965623.3666666667
"2025-01-28 00:00:00",1089566,662403,51668,1036,1839233,3224853.1666666665,3018907.7333333334
"2025-01-29 00:00:00",502583,476961,32592,2436,1815428,3205584.2333333334,3053473.3666666667
"2025-01-30 00:00:00",637727,650759,58046,5332,1767084,3209211.966666667,3033823.7666666666
"2025-01-31 00:00:00",696220,758258,47103,5089,2047698,3239901.466666667,3036709.1666666665
"2025-02-01 00:00:00",505754,1015845,51948,9600,2473815,3295000.533333333,3030292.533333333
"2025-02-02 00:00:00",722114,219776,48645,2142,1435551,3249513.2,3051788.066666667
"2025-02-03 00:00:00",427995,845595,48642,3207,2550206,3281908.1,3021684.3
"2025-02-04 00:00:00",685009,487470,47780,3877,2825370,3338642.8666666667,3018730.3
"2025-02-05 00:00:00",706631,596403,46091,1859,1650841,3335304.7666666666,3048005.7
"2025-02-06 00:00:00",1071474,633548,33568,1898,1709234,3317529.2666666666,3062774.4
"2025-02-07 00:00:00",390236,606979,52522,2063,1777083,3308049.7666666666,3079497.6333333333
"2025-02-08 00:00:00",421355,812485,66810,2580,1488186,3301392.6,3078606.8
"2025-02-09 00:00:00",596618,554008,51871,3966,1580382,3261409,3068054.2
"2025-02-10 00:00:00",783459,1002220,58325,6042,1707043,3271707.5,3048630.5
"2025-02-11 00:00:00",947519,758245,61035,9444,2590683,3317251.566666667,3063070.1
"2025-02-12 00:00:00",975081,394987,30701,5455,2650381,3355551.6333333333,3055657.9
"2025-02-13 00:00:00",933546,996084,45514,5409,2250277,3371572.566666667,3035403.933333333
"2025-02-14 00:00:00",746007,358987,41277,4644,2830788,3399767.9,3071834.3666666667
"2025-02-15 00:00:00",451449,535549,46045,1118,3175634,3431220.8,3087874.2333333334
"2025-02-16 00:00:00",489033,582955,60451,2613,1445821,3437881.8333333335,3087894.7333333334
"2025-02-17 00:00:00",1136368,594068,47187,1276,1590893,3475684.3,3046825.066666667
"2025-02-18 00:00:00",716337,640548,31357,4691,2599056,3489920.433333333,3059010.1
"2025-02-19 00:00:00",968154,572928,59747,3559,1927439,3496835.2666666666,3071745.033333333
"2025-02-20 00:00:00",595468,643160,51646,3510,2408743,3502454.8333333335,3010209.6
"2025-02-21 00:00:00",659281,761054,57010,2802,2192148,3510177.3666666667,3036742.1666666665
"2025-02-22 00:00:00",548223,536793,57102,536,3266443,3531341.6,3072756.7333333334
"2025-02-23 00:00:00",803141,735557,46150,7605,1234389,3512401.066666667,3037752.5
"2025-02-24 00:00:00",611714,515086,51902,3712,960706,3462811.966666667,3019202.2
"2025-02-25 00:00:00",574418,419178,33965,3275,933271,3462647.2333333334,2982041.6333333333
"2025-02-26 00:00:00",1104592,636068,56179,3549,1917832,3424346.2,3000562.6
"2025-02-27 00:00:00",827210,579457,29401,3679,1756641,3409428.9,2962435.8333333335
"2025-02-28 00:00:00",695029,390815,48773,1351,2134672,3424116.966666667,2929108.566666667
"2025-03-01 00:00:00",842758,870314,32667,3906,1872518,3440891,2943930.033333333
"2025-03-02 00:00:00",798332,488003,25288,3596,1633732,3420710.4,2947616
"2025-03-03 00:00:00",657498,742844,77116,1593,2907672,3431702.3666666667,2973877.8333333335
"2025-03-04 00:00:00",581020,563276,70858,4566,2011720,3458476.5,3030072.5
"2025-03-05 00:00:00",895233,723066,63187,4220,1567215,3437718.7333333334,3090693.8666666667
"2025-03-06 00:00:00",793591,538218,36436,946,2424042,3429176.433333333,3120291.3666666667
"2025-03-07 00:00:00",438506,654975,38617,1926,1998488,3433532.8,3178681.6333333333
"2025-03-08 00:00:00",528786,954956,51056,830,3074607,3472216.466666667,3177874.3333333335
"2025-03-09 00:00:00",753815,584443,20092,3482,2412953,3503746.4,3198189.7
"2025-03-10 00:00:00",487872,515414,80341,2765,2225059,3521081.066666667,3229366.5
"2025-03-11 00:00:00",770553,479277,41575,696,1940830,3535950.466666667,3245785.3
"2025-03-12 00:00:00",1120796,567358,39223,4972,1811713,3535516.1666666665,3324988.533333333
"2025-03-13 00:00:00",771148,363708,58932,5830,1686908,3486169.1666666665,3356955.7
"2025-03-14 00:00:00",616535,525693,70068,8147,1678845,3447591.8333333335,3411553.2333333334
"2025-03-15 00:00:00",448417,656974,45862,885,2080678,3414324.533333333,3476401.7666666666
"2025-03-16 00:00:00",514048,853717,66275,3250,2225911,3403708,3499906.966666667
"2025-03-17 00:00:00",666138,642362,66813,7738,2233551,3383935.1333333333,3530217.2
"2025-03-18 00:00:00",703183,769383,41835,3754,2143162,3419949.933333333,3613369.7
"2025-03-19 00:00:00",630920,848269,37602,2965,1846272,3419824.2,3662352.566666667
"2025-03-20 00:00:00",702949,521369,36792,1683,1720795,3386210.466666667,3630454.066666667
"2025-03-21 00:00:00",367060,526500,46309,2256,2228174,3374159.2,3676414.7666666666
"2025-03-22 00:00:00",837079,544294,41610,4070,1400299,3344986.7,3693030.3
"2025-03-23 00:00:00",442017,724363,28528,2142,1361562,3307864.1,3694148.4
"2025-03-24 00:00:00",534393,581326,49603,981,1253626,3241558.566666667,3623717
"2025-03-25 00:00:00",631050,421352,55014,251,2228986,3258552.466666667,3642814.966666667
"2025-03-26 00:00:00",1129734,921870,50512,7456,2426306,3338311.433333333,3684382.566666667
"2025-03-27 00:00:00",772136,701435,71006,3123,2609639,3411419.7,3731273.7666666666
"2025-03-28 00:00:00",723765,929930,51243,4295,1816308,3404997.3666666667,3742467.7333333334
"2025-03-29 00:00:00",712806,250187,51994,3134,2352339,3410799.7,3797917.9
"2025-03-30 00:00:00",673091,384254,24573,4940,3103842,3441468.2333333334,3829775.2666666666
"2025-03-31 00:00:00",585212,242685,61469,2830,2122691,3421225.5,3838204.433333333
"2025-04-01 00:00:00",702057,554100,67023,8426,3599269,3487289.7,3889246.8
"2025-04-02 00:00:00",764502,533173,76635,2547,3046527,3488511.7333333334,3952102.7333333334
"2025-04-03 00:00:00",748283,639118,33588,4916,2641598,3516380.033333333,3944395.533333333
"2025-04-04 00:00:00",268242,559338,73577,2024,1757679,3496644.6666666665,3944740.2333333334
"2025-04-05 00:00:00",917657,604233,40143,4083,1292064,3465476.1333333333,3931255.7333333334
"2025-04-06 00:00:00",480956,801537,54168,5713,2431549,3486856.433333333,3901770.8666666667
"2025-04-07 00:00:00",608639,488769,51707,3859,1994403,3438094.8,3923396.7
"2025-04-08 00:00:00",865664,722915,63789,3078,1766496,3426333.6333333333,3890120.3666666667
"2025-04-09 00:00:00",744335,350251,34789,4987,1554135,3405568.3666666667,3895922.9
"2025-04-10 00:00:00",559607,446572,49378,1406,2476459,3415584.6333333333,3933571.5
"2025-04-11 00:00:00",566216,693163,48057,10093,2091267,3411075.7,3914921.9
"2025-04-12 00:00:00",648172,622181,36349,2092,1465652,3407339.8,3877241.033333333
"2025-04-13 00:00:00",568080,767948,38790,1916,2525085,3440757.5,3841035.6333333333
"2025-04-14 00:00:00",918601,901806,48510,5412,2119800,3466134.533333333,3812769.966666667
"2025-04-15 00:00:00",763821,359266,50494,157,1702067,3439887.7666666666,3785652.8333333335
"2025-04-16 00:00:00",1053540,319231,50092,519,2064976,3435612.6666666665,3759775.8333333335
"2025-04-17 00:00:00",710369,266370,18365,1563,2372020,3425858.2,3704440.2333333334
"2025-04-18 00:00:00",840439,687677,42426,2175,2306801,3442974.7333333334,3743745.8333333335
"2025-04-19 00:00:00",775361,559491,51121,1739,2549259,3474754.466666667,3747362
"2025-04-20 00:00:00",530644,890642,69449,3320,2350701,3497236.3,3690092.4
"2025-04-21 00:00:00",789998,867780,70152,2342,1573721,3513124.466666667,3703292.5
"2025-04-22 00:00:00",750023,560525,38694,3530,2097094,3542833.2,3718094.1333333333
"2025-04-23 00:00:00",713921,546143,65744,2640,2285163,3582622.933333333,3766494.1
"2025-04-24 00:00:00",743170,573890,82361,4919,2039702,3586202.7333333334,3785508.1666666665
"2025-04-25 00:00:00",738657,562046,79473,4337,2512052,3564891.7333333334,3774889.8333333335
"2025-04-26 00:00:00",772763,427795,61357,1937,1812092,3528845.066666667,3766967.2666666666
"2025-04-27 00:00:00",593234,420615,32852,3536,2453411,3528115,3777122.466666667
"2025-04-28 00:00:00",726053,777762,47056,4742,2583714,3553744,3742975.9
"2025-04-29 00:00:00",660515,872225,57310,2486,1850029,3528806.2,3736079.3333333335
"2025-04-30 00:00:00",926708,718485,71775,9134,2138414,3557127.1666666665,3730925.3333333335
"2025-05-01 00:00:00",533943,1008874,44688,1703,2300610,3522425.3666666667,3694522.533333333
"2025-05-02 00:00:00",720771,793162,81697,8597,1940337,3493131.3,3662235.066666667
"2025-05-03 00:00:00",847487,740051,42903,5742,2169395,3484400.6333333333,3619122.2666666666
"2025-05-04 00:00:00",643062,577211,59194,2896,2259345,3513762.466666667,3635417.8333333335
"2025-05-05 00:00:00",612085,599350,55784,3394,2297776,3537436.066666667,3631007.6333333333
"2025-05-06 00:00:00",884133,559567,55188,2148,1236314,3502883.7,3612335.033333333
"2025-05-07 00:00:00",790131,493937,43872,7975,2566430,3528049,3654718.3333333335
"2025-05-08 00:00:00",622362,988072,35521,3051,1966241,3534492.6,3705522.3666666667
"2025-05-09 00:00:00",621769,771952,114659,2078,2100467,3565240.2,3705125.3
"2025-05-10 00:00:00",662205,813290,52770,3300,1553429,3550292.7666666666,3718554.5
"2025-05-11 00:00:00",796600,691339,41555,3443,2037482,3555680.1666666665,3706544.6333333333
"2025-05-12 00:00:00",703423,632949,67137,3624,2958940,3608734.2333333334,3719186
"2025-05-13 00:00:00",748262,440869,36696,3053,1975397,3585482.7666666666,3759004.2666666666
"2025-05-14 00:00:00",1034143,629198,35704,3090,2622542,3596501.1666666665,3755955.6333333333
"2025-05-15 00:00:00",640097,877142,48846,3495,2263665,3628416.2333333334,3739117.8666666667
"2025-05-16 00:00:00",689748,375720,58454,5614,1912526,3613539.7333333334,3793396.7666666666
"2025-05-17 00:00:00",668510,870223,48065,7437,1616910,3608288.566666667,3811915.466666667
"2025-05-18 00:00:00",509492,682915,45475,3898,1933984,3584829.933333333,3766830.8
"2025-05-19 00:00:00",783135,636553,51817,5349,2432304,3583902.9,3769348.5
"2025-05-20 00:00:00",848709,486067,53470,5589,1520167,3552878,3792615.566666667
"2025-05-21 00:00:00",567539,796094,42149,1719,1912067,3553397.2666666666,3799571.7
"2025-05-22 00:00:00",693394,525221,59910,3849,2219161,3555119.3,3787156.8666666667
"2025-05-23 00:00:00",560501,896286,43006,6226,2251727,3559923.6666666665,3795574.2666666666
"2025-05-24 00:00:00",524283,291161,47332,2256,1925612,3538143.3666666667,3808050.1
"2025-05-25 00:00:00",547690,713680,42253,3043,924865,3482642.3333333335,3802898.1
"2025-05-26 00:00:00",958110,481597,39102,1650,1715805,3486652.8666666667,3807424.7333333334
"2025-05-27 00:00:00",437250,675920,41020,5304,2512795,3492274.433333333,3803106.8
"2025-05-28 00:00:00",664198,431241,53175,2250,2247690,3467581.8333333335,3795907.2333333334
"2025-05-29 00:00:00",684126,801812,36935,3064,3115376,3507540.3666666667,3797975.7
"2025-05-30 00:00:00",616836,833894,49036,2977,1524782,3479640.9,3849172.7333333334
"2025-05-31 00:00:00",836823,649552,71540,4761,2437361,3483314.933333333,3908730.566666667
"2025-06-01 00:00:00",573223,324814,46476,7031,1868516,3459164.933333333,3874882.933333333
"2025-06-02 00:00:00",667469,782572,61629,6496,1994650,3449406.466666667,3885369.7
"2025-06-03 00:00:00",696421,523024,26581,4800,2276440,3448924.8666666667,3883053.7666666666
"2025-06-04 00:00:00",1078117,577062,49754,5565,1655523,3442179.433333333,3874609.6333333333
"2025-06-05 00:00:00",622609,568044,23368,4095,3398364,3504817.033333333,3884314.3666666667
"2025-06-06 00:00:00",586728,275461,25021,214,1855157,3466158.1666666665,3838087.5
"2025-06-07 00:00:00",734519,844200,28326,5305,1953333,3464505.8333333335,3855937.433333333
"2025-06-08 00:00:00",561407,398307,111682,3294,1390553,3426316.3,3851989.6666666665
"2025-06-09 00:00:00",874230,1075480,33839,2180,2976467,3488889.7,3826072.7666666666
"2025-06-10 00:00:00",680110,325903,58534,1883,2163694,3477546.6,3850257.3333333335
"2025-06-11 00:00:00",588856,530181,34944,5642,2619891,3457994.7666666666,3863791.7333333334
"2025-06-12 00:00:00",836417,829976,61700,3457,1998972,3475536.2666666666,3828356.5
"2025-06-13 00:00:00",706781,505950,63003,4295,1449606,3422368.033333333,3813810.6666666665
"2025-06-14 00:00:00",744104,582371,46541,3195,1611672,3394189.2333333334,3851552.2666666666
"2025-06-15 00:00:00",647650,1358380,69536,5953,5872281,3557914.1,3818190.7333333334
"2025-06-16 00:00:00",921334,1471865,121241,2070,7770417,3793773.6,3802048.7
"2025-06-17 00:00:00",430261,673417,57628,1968,6349624,3938345.1,3798870.2
"2025-06-18 00:00:00",838005,725868,61927,1853,5118187,4032901.033333333,3813711.1333333333
"2025-06-19 00:00:00",636488,912094,25622,9649,5996724,4188453.566666667,3840584
"2025-06-20 00:00:00",531897,1207945,99587,2326,5401374,4319239.033333333,3831786.533333333
"2025-06-21 00:00:00",521314,925951,54053,6121,5539809,4437429.566666666,3806416.2333333334
"2025-06-22 00:00:00",580269,962996,55579,2299,3296494,4475425.766666667,3795447
"2025-06-23 00:00:00",1062027,1028627,60922,7011,5305598,4631210.9,3790692.4
"2025-06-24 00:00:00",520175,612944,82197,2270,3406879,4710975.433333334,3832685.6333333333
"2025-06-25 00:00:00",869090,898863,97801,2534,5103224,4836817.1,3848413.2666666666
"2025-06-26 00:00:00",613371,737507,76764,5206,3829790,4889828.7,3813190.033333333
"2025-06-27 00:00:00",459102,729643,83781,3019,3570248,4938070.2,3844897.033333333
"2025-06-28 00:00:00",716565,422787,66608,5488,2474791,4906234.433333334,3837807.433333333
"2025-06-29 00:00:00",930179,1010753,68965,5105,4189352,5012128.666666667,3781219.066666667
"2025-06-30 00:00:00",1153639,1124223,79427,1957,4863495,5119552.033333333,3764185.3
"2025-07-01 00:00:00",697501,1030642,92770,384,8341860,5364322.066666666,3768724.1666666665
"2025-07-02 00:00:00",989079,698076,65754,1807,4592393,5458798.2,3805498.2
"2025-07-03 00:00:00",720113,700111,75071,8557,5902476,5588100.3,3792698.466666667
"2025-07-04 00:00:00",524907,487621,53397,1470,3621309,5632189.633333334,3811272.566666667
"2025-07-05 00:00:00",671639,966849,58328,3366,4323601,5679099.866666666,3799789.3333333335
"2025-07-06 00:00:00",529344,956411,68760,1049,3678415,5762146.7,3820887.6666666665
"2025-07-07 00:00:00",741196,746506,53245,1384,3097262,5797943.766666667,3796505.8
"2025-07-08 00:00:00",557780,652064,49125,2493,2742330,5849228.666666667,3775090.966666667
"2025-07-09 00:00:00",847271,616981,60691,5445,2377594,5814088.333333333,3769158.6
"2025-07-10 00:00:00",692772,445313,46578,2576,2213292,5819768.566666666,3745384.9
"2025-07-11 00:00:00",874326,718972,31949,5396,2768276,5840415.433333334,3747394
"2025-07-12 00:00:00",691087,475636,80066,6837,2375815,5837046.366666666,3748366.7333333334
"2025-07-13 00:00:00",734990,785886,43259,3086,2564458,5883781.233333333,3757574.533333333
"2025-07-14 00:00:00",820624,712182,43181,1561,1886025,5899637.466666667,3731135.2
"2025-07-15 00:00:00",754216,551831,41733,2508,2116918,5750084.366666666,3729449.3
"2025-07-16 00:00:00",781348,503000,51805,7327,4076079,5587838.7,3737389.533333333
"2025-07-17 00:00:00",820748,1197209,42797,4558,4703623,5563039.866666666,3743766.3333333335
"2025-07-18 00:00:00",411183,656698,34005,9158,3155747,5480405.033333333,3775981.933333333
"2025-07-19 00:00:00",416395,829231,44578,5368,2926224,5368445.833333333,3739705.933333333
"2025-07-20 00:00:00",707647,718857,70708,2288,2272326,5252735.566666666,3746279.533333333
"2025-07-21 00:00:00",822721,249726,106508,1904,2591764,5143581.6,3744033.1333333333
"2025-07-22 00:00:00",480277,465473,40429,5454,2357836,5091976.066666666,3715304.3666666667
"2025-07-23 00:00:00",936317,675127,77338,2750,1257657,4941475.833333333,3703285.9
"2025-07-24 00:00:00",528966,482682,43327,4305,2872578,4918389.033333333,3639499.066666667
"2025-07-25 00:00:00",393556,1075391,55689,3794,1915258,4800795.033333333,3599675.6
"2025-07-26 00:00:00",404115,410965,60477,423,2399653,4734561.333333333,3622255.4
"2025-07-27 00:00:00",791143,687905,31031,5035,1694859,4680033.866666666,3582734.433333333
"2025-07-28 00:00:00",687855,808423,47772,3409,2049132,4677045.633333334,3565991.4
"2025-07-29 00:00:00",635841,420399,45920,2924,2152267,4578812.1,3551605.8666666667
"2025-07-30 00:00:00",1012165,607297,70428,3770,2708626,4484796.9,3533216.7
"2025-07-31 00:00:00",610285,809232,47875,3624,2173318,4267502.833333333,3532125.933333333
"2025-08-01 00:00:00",708104,354091,45253,4832,2168571,4165294.1666666665,3486324.2333333334
"2025-08-02 00:00:00",309480,468233,25333,1681,2335600,4023094.2,3509182.066666667
"2025-08-03 00:00:00",618909,621313,45428,337,4083370,4045782.7333333334,3500010.2333333334
"2025-08-04 00:00:00",916280,613524,51452,3898,2254786,3972988.033333333,3494679
"2025-08-05 00:00:00",719637,806736,77966,5944,3322841,3962959.7666666666,3476238.433333333
"2025-08-06 00:00:00",908603,558818,64009,5509,2185766,3932397.033333333,3435391.7
"2025-08-07 00:00:00",605030,491727,54321,2819,2979694,3936723.7666666666,3468479.1333333333
"2025-08-08 00:00:00",577270,674834,64595,5696,2552701,3935627.6666666665,3446612.2
"2025-08-09 00:00:00",528868,313403,76499,3110,2450564,3934691.2333333334,3460945.6
"2025-08-10 00:00:00",546861,708284,75494,2204,1524249,3883297.1,3466515.5
"2025-08-11 00:00:00",1252138,900667,35578,2781,2375056,3914523.033333333,3467708.566666667
"2025-08-12 00:00:00",561563,614670,37241,9355,3274940,3926726.1666666665,3434474.1
"2025-08-13 00:00:00",696053,643128,62163,3172,3024050,3958892.6333333333,3436294.1
"2025-08-14 00:00:00",663372,672283,38253,2867,2571714,3974935.3333333335,3457267.3
"2025-08-15 00:00:00",641126,567152,45959,5195,2608968,3923230.1,3440482.1666666665
"2025-08-16 00:00:00",531041,1301897,71299,2223,7884145,4023952.2,3420176.1
"2025-08-17 00:00:00",678607,654445,38372,924,2708603,4017757.2333333334,3397973.533333333
"2025-08-18 00:00:00",786309,769146,47759,6496,2728857,4021649.3,3389623.1
"2025-08-19 00:00:00",528925,662996,53490,1300,2006209,4004352.466666667,3370416.7
"2025-08-20 00:00:00",792052,410724,51859,1190,3063240,4022567.033333333,3396091.066666667
"2025-08-21 00:00:00",830251,953553,59436,1748,2333993,4050217.6,3389522.8333333335
"2025-08-22 00:00:00",556743,283821,40039,3097,2798328,4074645.566666667,3410697.066666667
"2025-08-23 00:00:00",518816,454995,76726,1573,3218551,4085938.7666666666,3467770.3
"2025-08-24 00:00:00",456425,616032,52777,5355,2232071,4083237.7,3512165.3666666667
"2025-08-25 00:00:00",886864,874718,42193,5676,2183320,4107142.433333333,3602623.466666667
"2025-08-26 00:00:00",823980,397368,62711,1419,2239973,4117658.2333333334,3607968.8666666667
"2025-08-27 00:00:00",882891,824732,74090,2752,2995494,4157103.6,3595732.566666667
"2025-08-28 00:00:00",583016,642506,47005,7068,2381510,4170562.2333333334,3802004.1666666665
"2025-08-29 00:00:00",882304,583718,35782,1282,2216180,4147795.033333333,3829528.5
"2025-08-30 00:00:00",608361,453324,76165,4592,2554804,4149558.566666667,3843477.433333333
"2025-08-31 00:00:00",723463,544785,71451,6146,2435528,4166243,3841206.7666666666
"2025-09-01 00:00:00",945408,627006,51102,5971,2632208,4203622.1,3795119.8
"2025-09-02 00:00:00",860581,700641,34772,2919,2338981,4155906.4,3805256.8333333335
"2025-09-03 00:00:00",870873,559488,52537,2786,2392430,4157178.7,3843178.4
"2025-09-04 00:00:00",566358,487163,79259,7413,2129929,4101745.1333333333,3853811.6
"2025-09-05 00:00:00",883000,560079,56649,2542,2330936,4105428.1666666665,3883056.3666666667
"2025-09-06 00:00:00",416791,623374,39252,4911,3168163,4109391.4,3872752.533333333
"2025-09-07 00:00:00",599742,696113,37374,8521,1715762,4082138.1,3898669.6333333333
"2025-09-08 00:00:00",997697,435915,42650,4403,2138032,4090346.8666666667,3882173
"2025-09-09 00:00:00",617366,481240,44119,3853,2770853,4125691.466666667,3867393.7333333334
"2025-09-10 00:00:00",551796,581319,50648,6131,2254499,4088297.066666667,3848220.7333333334
"2025-09-11 00:00:00",505052,468288,77415,1535,2717378,4064026.933333333,3918622
"2025-09-12 00:00:00",529897,494892,40267,6569,2509767,4035787.7,3895869.6333333333
"2025-09-13 00:00:00",521349,507166,43018,6199,2051478,4008478.1666666665,3866139.433333333
"2025-09-14 00:00:00",872405,429855,53173,2502,2656448,4013344.1666666665,3869054.6
"2025-09-15 00:00:00",794769,825398,36724,4435,2447163,3823940.533333333,3892370.466666667
"2025-09-16 00:00:00",632185,710403,61554,3104,2015145,3801988.7,3896181.966666667
"2025-09-17 00:00:00",934932,424290,45742,5665,2797892,3797653.933333333,3920664.966666667
"2025-09-18 00:00:00",791639,525667,67866,3649,2320996,3812883.7,3946702.2
"2025-09-19 00:00:00",559808,794882,44136,2913,2762887,3807735.8333333335,3928117.8333333335
"2025-09-20 00:00:00",509670,395397,71044,3342,2714367,3791563.7333333334,3963006.3666666667
"2025-09-21 00:00:00",610585,910554,57371,524,2083728,3790921.6666666665,3947383.033333333
"2025-09-22 00:00:00",854011,784923,60242,6089,3306515,3815625.8333333335,3931681.433333333
"2025-09-23 00:00:00",782638,725093,48254,6923,2568793,3841260.6333333333,3935884.933333333
"2025-09-24 00:00:00",850141,499080,50726,2521,1891956,3817982.1,3857638.466666667
"2025-09-25 00:00:00",636003,1183288,69496,2559,3249735,3871836.7,3867286.9
"2025-09-26 00:00:00",483088,256730,62962,4522,2654060,3827883.566666667,3898617.3666666667
"2025-09-27 00:00:00",862511,824635,38528,11753,1556884,3815656.8,3737780
"2025-09-28 00:00:00",818646,570211,71371,4431,2566694,3826059.466666667,3703614.8666666667
"2025-09-29 00:00:00",592742,743884,80051,6976,2579187,3836246.3333333335,3693298.3333333335
"2025-09-30 00:00:00",545955,1826171,48306,4836,6784260,4017184.7333333334,3722328.2
"2025-10-01 00:00:00",783751,458968,56402,1546,2728594,4009436.7333333334,3734016.9
"2025-10-02 00:00:00",584271,858933,55272,2208,4975652,4094051.7666666666,3752173.033333333
"2025-10-03 00:00:00",988174,1127358,95669,2111,6674651,4261046.8,3773679.3666666667
"2025-10-04 00:00:00",587693,1004994,55400,880,3040915,4308372.1,3721704.966666667
"2025-10-05 00:00:00",655458,531433,58071,1140,3863321,4350912.633333334,3721772.933333333
"2025-10-06 00:00:00",804257,893721,86461,4397,5786384,4461670.666666667,3676371.3
"2025-10-07 00:00:00",706573,961503,64817,3961,4007952,4551247.366666666,3736074.966666667
"2025-10-08 00:00:00",884178,668715,70490,2602,2521051,4568858.7,3765133
"2025-10-09 00:00:00",485770,495158,51813,8151,2094526,4542791.366666666,3753381.2666666666
"2025-10-10 00:00:00",599634,377838,71850,3821,2775129,4555587.566666666,3793322
"2025-10-11 00:00:00",735066,430109,61978,3001,1660822,4526297.966666667,3742497.6666666665
"2025-10-12 00:00:00",502132,749082,33805,7963,1825426,4510865.2,3777684.066666667
"2025-10-13 00:00:00",914555,939643,79141,3967,3390278,4584144.733333333,3772514.033333333
"2025-10-14 00:00:00",1117391,315430,69204,447,1983343,4566525.666666667,3750066.5
"2025-10-15 00:00:00",866816,765579,45094,2316,2808351,4579181.233333333,3764208.8
"2025-10-16 00:00:00",725303,434333,44227,3062,2437577,4586585.033333333,3748089.6333333333
"2025-10-17 00:00:00",480263,492538,78700,1671,2126451,4552288.2,3758107.3
"2025-10-18 00:00:00",294510,512662,42036,5262,2220482,4531126.1,3804433.5
"2025-10-19 00:00:00",418660,755415,55138,1423,2297882,4509922.4,3845144.466666667
"2025-10-20 00:00:00",613283,533221,57676,3467,2233742,4501508.033333333,3814378.7666666666
"2025-10-21 00:00:00",391944,657737,73555,8025,2444196,4498597.833333333,3812070.5
"2025-10-22 00:00:00",834612,502083,49552,6870,2012264,4445050.966666667,3782329.6666666665
"2025-10-23 00:00:00",731997,570147,35504,7341,2129872,4423156.033333333,3741486.8333333335
"2025-10-24 00:00:00",541784,836499,43016,1398,1830919,4421796.133333334,3709707.1333333333
"2025-10-25 00:00:00",623153,405194,53590,4660,2827080,4380882.233333333,3702324.2333333334
"2025-10-26 00:00:00",515687,388176,57200,5755,1532287,4348806.866666666,3680196.3
"2025-10-27 00:00:00",939299,597638,58151,1759,2170215,4364565.333333333,3616840.6333333333
"2025-10-28 00:00:00",842582,518544,103697,8258,2612592,4366376.266666667,3597904.533333333
"2025-10-29 00:00:00",1039475,703463,30545,1920,2278454,4368076.466666667,3615609.8666666667
"2025-10-30 00:00:00",384613,462279,36694,3618,2913068,4187767.7666666666,3598999.966666667
"2025-10-31 00:00:00",580226,436564,92469,6058,1960569,4155988.7666666666,3604038.3333333335
"2025-11-01 00:00:00",861119,329394,75048,4425,2409064,4062745.7333333334,3576896.8666666667
"2025-11-02 00:00:00",609896,600557,53723,1677,2120425,3879356,3539285.1
"2025-11-03 00:00:00",1198562,529414,75719,2260,2118575,3853844.2,3566887.7
"2025-11-04 00:00:00",459993,429678,34269,3829,2350094,3792792.3,3557024.066666667
"2025-11-05 00:00:00",1209149,925919,41421,1692,3061950,3714955.7,3593057.8666666667
"2025-11-06 00:00:00",1111389,439049,51017,3136,1838252,3638223.566666667,3518584.2
"2025-11-07 00:00:00",613510,446157,64315,1685,2232377,3611923.8,3480979
"2025-11-08 00:00:00",660802,399178,42456,6907,2497538,3627639.5,3487888.566666667
"2025-11-09 00:00:00",1120220,534348,91885,4273,2258672,3633676.966666667,3478856.2333333334
"2025-11-10 00:00:00",1000692,748871,45189,5311,1800749,3657337.966666667,3447750.533333333
"2025-11-11 00:00:00",448035,834765,39336,7989,1466166,3646600.8666666667,3437519.5
"2025-11-12 00:00:00",808950,761236,59723,7338,2054990,3592089.466666667,3477110.3
"2025-11-13 00:00:00",658083,567306,53481,5571,1826045,3579578.7333333334,3524502.533333333
"2025-11-14 00:00:00",349822,876516,33086,1206,1102146,3508732.3666666667,3493536.6
"2025-11-15 00:00:00",586811,358728,52274,3652,1656133,3475835.433333333,3484047.8333333335
"2025-11-16 00:00:00",433202,546319,63690,1629,3334364,3515821.566666667,3446011.933333333
"2025-11-17 00:00:00",541836,581222,57365,6426,2185773,3525743.7,3415233.533333333
"2025-11-18 00:00:00",510255,694676,56316,3096,1513822,3500732,3425869.1333333333
"2025-11-19 00:00:00",959337,494817,56399,1480,2072711,3505510.2666666666,3457950.5
"2025-11-20 00:00:00",414479,423069,38529,2899,2039007,3483594.5,3449797.2666666666
"2025-11-21 00:00:00",737434,498441,70887,7401,1877707,3476477.7666666666,3490748.1666666665
"2025-11-22 00:00:00",512559,631065,76717,3328,2794191,3494577.8333333335,3487400.8666666667
"2025-11-23 00:00:00",623721,761855,38053,2325,2132176,3504728.1333333333,3482419.2666666666
"2025-11-24 00:00:00",906924,623658,41254,6923,2192319,3499975.1666666665,3497020.4
"2025-11-25 00:00:00",685299,628758,34052,2606,1276434,3504243.2,3499133.3333333335
"2025-11-26 00:00:00",1064860,561347,49389,1493,2690056,3524246,3535496.933333333
"2025-11-27 00:00:00",504209,488051,58405,4484,1828035,3484162.933333333,3536517.7333333334
"2025-11-28 00:00:00",417353,743338,48132,2410,2532286,3473818.3333333335,3488065.066666667
"2025-11-29 00:00:00",507022,439567,35702,3783,1992151,3446416.6,3471891.433333333
"2025-11-30 00:00:00",604219,441071,30624,9189,1677703,3435980.466666667,3444491.466666667
"2025-12-01 00:00:00",818998,722860,39103,5863,2288887,3442536.066666667,3409538.2666666666
"2025-12-02 00:00:00",767168,372630,81091,6072,1161032,3409260,3413851.933333333
"2025-12-03 00:00:00",704292,483426,35819,4695,1517530,3369967.6666666665,3429131
"2025-12-04 00:00:00",963025,340698,71575,4023,1866824,3368910.466666667,3457285.8333333335
"2025-12-05 00:00:00",655250,894028,41722,4329,1268234,3289691.7,3444078.1
"2025-12-06 00:00:00",483631,410021,55128,6714,3330159,3317785.3666666667,3464226.2333333334
"2025-12-07 00:00:00",440305,478133,33293,1100,1836706,3298834.8666666667,3460283.7666666666
"2025-12-08 00:00:00",576427,530590,44512,2750,1382391,3263161,3450857.6666666665
"2025-12-09 00:00:00",726303,400919,23641,3595,1239988,3209328.8666666667,3468542.566666667
"2025-12-10 00:00:00",494768,504162,25702,6354,1377495,3169584.2333333334,3512543.3
"2025-12-11 00:00:00",860301,507110,45537,3249,2471471,3205963.3333333335,3525330.8
"2025-12-12 00:00:00",592221,323151,49232,1695,1294348,3158243.033333333,3497442.7333333334
"2025-12-13 00:00:00",522290,513658,27725,0,2159895,3162012.033333333,3448323.6
"2025-12-14 00:00:00",617636,462958,29509,1433,1816600,3180857.466666667,3433475.2666666666
"2025-12-15 00:00:00",641190,647637,41049,1561,1971913,3202382.6666666665,3443150.8333333335
"2025-12-16 00:00:00",402806,609377,31325,1097,960474,3123245.2,3453528.1666666665
"2025-12-17 00:00:00",725645,489375,35434,3820,2315641,3129821.5,3414982.6666666665
"2025-12-18 00:00:00",687647,634408,32266,5612,1078616,3118500.7666666666,3358795
"2025-12-19 00:00:00",510120,218847,49486,4690,2089150,3094752.433333333,3359466.6333333333
"2025-12-20 00:00:00",728627,526421,46237,4059,1974254,3106806.2666666666,3381593.933333333
"2025-12-21 00:00:00",455650,628781,35851,1179,2057388,3106372,3351676.2
"2025-12-22 00:00:00",739548,675348,76376,7594,1825395,3083252.2,3359976.6
"2025-12-23 00:00:00",685244,812359,63055,3330,1448654,3065069.3333333335,3381442.3666666667
"2025-12-24 00:00:00",673634,430294,52791,4602,1616673,3031966.3666666667,3367547.6666666665
"2025-12-25 00:00:00",655928,694385,87232,3472,1636886,3046991.7333333334,3383531.466666667
"2025-12-26 00:00:00",873263,441870,71593,3881,1555300,2999617.033333333,3386157.2333333334
"2025-12-27 00:00:00",679501,931463,38689,5927,1449447,3007011.533333333,3453906.433333333
"2025-12-28 00:00:00",378027,547597,32550,4196,1436937,2962204.2333333334,3473733.2333333334
"2025-12-29 00:00:00",750413,543164,23512,583,1882934,2969617.3,3496741.566666667
"2025-12-30 00:00:00",651184,428434,56849,3041,1533746,2966632.433333333,3512435.8333333335
"2025-12-31 00:00:00",1094308,464327,41497,9212,1751957,2949485.3,3523408.6666666665
"2026-01-01 00:00:00",255619,998963,52398,4161,1704449,2970405.2666666666,3484122.7666666666
"2026-01-02 00:00:00",835708,488014,22207,1350,2553769,3008914.6666666665,3442624.8666666667
"2026-01-03 00:00:00",624918,433993,48742,1968,3253697,3046153.7666666666,3429380.5
"2026-01-04 00:00:00",417428,454286,41162,2845,949355,3012870.566666667,3415170.8666666667
"2026-01-05 00:00:00",907988,529698,73024,10723,1879394,2983376.3666666667,3365282.566666667
"2026-01-06 00:00:00",592930,420628,40654,1115,1795675,2985425.1666666665,3361372.8666666667
"2026-01-07 00:00:00",938630,742228,33269,4468,2058029,3026757.033333333,3380175.466666667
"2026-01-08 00:00:00",515678,374851,54075,3988,1412581,3025648.3,3336527.9
"2026-01-09 00:00:00",614786,476199,40688,2624,2213943,3056973.7666666666,3307892.066666667
"2026-01-10 00:00:00",442758,528262,26993,4167,984344,2993602.2,3310299.6
"2026-01-11 00:00:00",690846,318695,43122,667,2533277,3037800.933333333,3308074.5
"2026-01-12 00:00:00",649423,430704,46615,1242,1935620,3032469,3309414.533333333
"2026-01-13 00:00:00",388028,432776,59154,2936,1488874,3013923.466666667,3313753.433333333
"2026-01-14 00:00:00",720262,290262,43149,3143,2932473,3036787.933333333,3323067.066666667
"2026-01-15 00:00:00",883339,607636,67133,4056,2095807,3091884.466666667,3317201.1666666665
"2026-01-16 00:00:00",564975,283442,46300,0,2065797,3071571.2,3329769
"2026-01-17 00:00:00",356421,387998,44399,5747,1540531,3068122.966666667,3299226.566666667
"2026-01-18 00:00:00",406874,830022,38600,1608,2359918,3093613.966666667,3236060.2
"2026-01-19 00:00:00",1167478,706726,44807,2236,1727219,3105909.566666667,3231572.066666667
"2026-01-20 00:00:00",602948,900105,65593,2673,1712606,3109412.3,3235666.566666667
"2026-01-21 00:00:00",841860,439605,6878,2878,1234951,3082808.9,3249680.8333333335
"2026-01-22 00:00:00",764478,770955,33444,3920,1800806,3094840.7666666666,3250652.7
"2026-01-23 00:00:00",288204,595317,61012,8471,1133792,3071800.966666667,3255155.533333333
"2026-01-24 00:00:00",402902,321612,48392,2445,1541175,3046421.7333333334,3248132.933333333
"2026-01-25 00:00:00",476706,272677,36163,5318,559702,2993243.6666666665,3258751.1666666665
"2026-01-26 00:00:00",504392,633918,83231,5935,2284100,3006795.7,3154636.6
"2026-01-27 00:00:00",484149,654832,54429,6846,2146499,3038377.7333333334,3214510.3
"2026-01-28 00:00:00",753398,577560,59844,1872,1791594,3037832.8,3224853.1666666665
"2026-01-29 00:00:00",493986,344568,42427,3381,2183189,3050975.7666666666,3205584.2333333334
"2026-01-30 00:00:00",672202,417627,31478,3952,3066581,3078660.1666666665,3209211.966666667
"2026-01-31 00:00:00",522507,553249,54647,3134,1610568,3069610.533333333,3239901.466666667
"2026-02-01 00:00:00",562050,513100,76901,4908,2769513,3070458.1,3295000.533333333
"2026-02-02 00:00:00",804538,553858,49497,2207,2584247,3058159.1,3249513.2
"2026-02-03 00:00:00",551216,854390,43592,443,1606390,3097857.933333333,3281908.1
"2026-02-04 00:00:00",588534,474013,51117,3558,2286017,3097938.3333333335,3338642.8666666667
"2026-02-05 00:00:00",425115,839298,51836,2960,2187547,3119796.9,3335304.7666666666
"2026-02-06 00:00:00",832225,418811,29978,15193,3070601,3139469.8666666667,3317529.2666666666
"2026-02-07 00:00:00",686204,705638,71724,1197,1468156,3158527.966666667,3308049.7666666666
"2026-02-08 00:00:00",571313,583370,51162,7918,2083790,3156838.533333333,3301392.6
"2026-02-09 00:00:00",1323612,721165,51403,5501,2150640,3232365.3333333335,3261409
"2026-02-10 00:00:00",780617,747620,33982,7025,2708461,3255401.966666667,3271707.5
"2026-02-11 00:00:00",840146,440246,41978,1102,2212269,3271139.8,3317251.566666667
"2026-02-12 00:00:00",613679,782862,53959,2803,2674902,3329687.8,3355551.6333333333
"2026-02-13 00:00:00",236597,557008,37119,4787,1735968,3282427.3666666667,3371572.566666667
"2026-02-14 00:00:00",636454,375115,44928,4528,1363387,3241308.566666667,3399767.9
"2026-02-15 00:00:00",546598,570267,51022,591,1325742,3225765.6,3431220.8
"2026-02-16 00:00:00",546336,1056169,55356,5848,2782575,3296138.433333333,3437881.8333333335
"2026-02-17 00:00:00",708590,1097645,42510,1805,4802684,3396679.033333333,3475684.3
"2026-02-18 00:00:00",827527,926526,67080,3229,4658668,3491164.3666666667,3489920.433333333
"2026-02-19 00:00:00",555423,666977,28944,3059,1396692,3470069.933333333,3496835.2666666666
"2026-02-20 00:00:00",567787,1024588,64273,3673,2871732,3536933,3502454.8333333335
"2026-02-21 00:00:00",386998,457806,62468,2752,2307903,3531743.8333333335,3510177.3666666667
"2026-02-22 00:00:00",634753,813282,32608,2591,1828187,3572564.7333333334,3531341.6
"2026-02-23 00:00:00",485238,769085,55358,4177,2272924,3614906.6666666665,3512401.066666667
"2026-02-24 00:00:00",691409,544193,79971,1711,1686481,3670013.2666666666,3462811.966666667
"2026-02-25 00:00:00",387839,927492,49881,3709,2757772,3690517.3,3462647.2333333334
"2026-02-26 00:00:00",712861,395155,29552,4701,2485551,3699885.7666666666,3424346.2
"2026-02-27 00:00:00",534860,454266,33896,9914,3376363,3740720.466666667,3409428.9
"2026-02-28 00:00:00",663841,1146135,53863,4081,7173629,3939854.033333333,3424116.966666667
"2026-03-01 00:00:00",2583360,327301,31382,3479,1831796,3959370.1333333333,3440891
"2026-03-02 00:00:00",464739,590840,49803,2522,1750466,3963179.1666666665,3420710.4
"2026-03-03 00:00:00",973495,380474,43251,1993,2079449,3948252.033333333,3431702.3666666667
"2026-03-04 00:00:00",219102,447890,33356,2642,839204,3866513.3,3458476.5
"2026-03-05 00:00:00",763804,405959,29925,1848,1716340,3861907.8333333335,3437718.7333333334
"2026-03-06 00:00:00",518851,540841,48716,7184,1759194,3844292.5,3429176.433333333
"2026-03-07 00:00:00",355591,559933,48615,1235,4521242,3910287.8666666667,3433532.8
"2026-03-08 00:00:00",703548,340240,92235,305,1243849,3844066.3,3472216.466666667
"2026-03-09 00:00:00",275613,282312,27798,3611,1125827,3803474.3666666667,3503746.4
"2026-03-10 00:00:00",507401,332690,27869,5934,728286,3746961.7,3521081.066666667
"2026-03-11 00:00:00",312142,204043,39264,3282,801694,3650564.8666666667,3535950.466666667
"2026-03-12 00:00:00",263002,513138,33811,5005,3410962,3648838.6333333333,3535516.1666666665
"2026-03-13 00:00:00",104087,469953,23727,4277,837375,3578961.066666667,3486169.1666666665
"2026-03-14 00:00:00",375275,203023,37368,1383,583610,3481375.7666666666,3447591.8333333335
"2026-03-15 00:00:00",376706,763799,63651,11448,640482,3457529.3333333335,3414324.533333333
"2026-03-16 00:00:00",627543,425846,33719,1447,1162983,3451766.8666666667,3403708
"2026-03-17 00:00:00",368480,729327,31790,1112,597695,3426239.533333333,3383935.1333333333
"2026-03-18 00:00:00",360942,298261,29151,4046,450098,3316113.033333333,3419949.933333333
"2026-03-19 00:00:00",363750,327011,56055,4545,273791,3128510.066666667,3419824.2
"2026-03-20 00:00:00",390999,490036,14222,7328,343865,2953957.3,3386210.466666667
"2026-03-21 00:00:00",122138,461846,63057,2932,1151865,2925648.6333333333,3374159.2
"2026-03-22 00:00:00",1413205,318947,37615,2446,1252985,2875419.8333333335,3344986.7
"2026-03-23 00:00:00",381965,299196,28709,3528,1358067,2837204.3666666667,3307864.1
"2026-03-24 00:00:00",425810,497132,39514,4867,664988,2781233.7666666666,3241558.566666667
"2026-03-25 00:00:00",890120,422822,42774,7396,502948,2723876.066666667,3258552.466666667
"2026-03-26 00:00:00",562949,475930,31243,7769,427112,2673917.2,3338311.433333333
"2026-03-27 00:00:00",1163051,246530,36855,1987,1316474,2628523.3333333335,3411419.7
"2026-03-28 00:00:00",482187,326775,47957,2044,1069251,2571869.933333333,3404997.3666666667
"2026-03-29 00:00:00",476640,314234,29397,2057,505637,2469158.3,3410799.7
"2026-03-30 00:00:00",342478,440674,57760,4156,698731,2219232.8666666667,3441468.2333333334
"2026-03-31 00:00:00",490397,434639,36596,2878,1042145,2126877.2666666666,3421225.5
"2026-04-01 00:00:00",690235,423356,41361,2732,591070,2089889.8,3487289.7
"2026-04-02 00:00:00",457915,387019,15849,4356,910095,2033108.7666666666,3488511.7333333334
"2026-04-03 00:00:00",258183,395256,58616,2952,1739565,2063521.6666666667,3516380.033333333
"2026-04-04 00:00:00",1082473,502113,44258,4451,667443,2042950.3333333333,3496644.6666666665
"2026-04-05 00:00:00",485657,490116,70420,6079,1253378,2023979.4333333333,3465476.1333333333
"2026-04-06 00:00:00",687952,510598,24347,1361,885558,1911419.3,3486856.433333333
"2026-04-07 00:00:00",1499452,214078,47227,3139,567271,1909785.7666666666,3438094.8
"2026-04-08 00:00:00",561655,495169,26147,5110,1039623,1923537.1666666667,3426333.6333333333
"2026-04-09 00:00:00",653060,629995,49145,1935,1735546,1972454.0666666667,3405568.3666666667
"2026-04-10 00:00:00",473574,464276,36808,7817,948987,1991488.6666666667,3415584.6333333333
"2026-04-11 00:00:00",437850,385690,44676,2376,562695,1898400.8666666667,3411075.7
"2026-04-12 00:00:00",1449411,401370,38615,1067,808069,1940371.4333333333,3407339.8
"2026-04-13 00:00:00",357971,404067,37267,1849,607394,1947301.2333333334,3440757.5
"2026-04-14 00:00:00",270893,579263,36784,862,772660,1940780.6,3466134.533333333
"2026-04-15 00:00:00",774352,537540,69182,3613,392446,1924967.1333333333,3439887.7666666666
"2026-04-16 00:00:00",599386,374987,33743,3786,977394,1933663.6,3435612.6666666665
"2026-04-17 00:00:00",771022,340800,40635,5968,894338,1964005.8333333333,3425858.2
"2026-04-18 00:00:00",1228077,269519,51353,9411,785475,2007962.1333333333,3442974.7333333334
"2026-04-19 00:00:00",1149176,237881,50650,861,826830,2041927.0666666667,3474754.466666667
"2026-04-20 00:00:00",570620,802641,40601,2597,845711,2057271.7333333334,3497236.3
"2026-04-21 00:00:00",264920,409378,56143,4102,1266413,2023130.5333333334,3513124.466666667
"2026-04-22 00:00:00",1154370,437948,43223,8398,1181138,2048251.0333333334,3542833.2
"2026-04-23 00:00:00",1645678,463266,35027,5084,804593,2092295.5333333334,3582622.933333333
"2026-04-24 00:00:00",548552,524167,40624,4790,426623,2081585.4,3586202.7333333334
"2026-04-25 00:00:00",847946,520275,82661,9668,712508,2103853.966666667,3564891.7333333334
"2026-04-26 00:00:00",1042458,215523,50610,8890,1369397,2101253.433333333,3528845.066666667
"2026-04-27 00:00:00",1886554,745997,70198,4804,1479640,2176553.066666667,3528115
"2026-04-28 00:00:00",834186,456176,83876,704,1107896,2215049.033333333,3553744
"2026-04-29 00:00:00",1520863,271186,52498,5574,1477648,2274514.8666666667,3528806.2
"2026-04-30 00:00:00",970728,338751,35274,3989,1180978,2291950.4,3557127.1666666665
"2026-05-01 00:00:00",1083001,508029,21026,1918,1245879,2328987.066666667,3522425.3666666667
"2026-05-02 00:00:00",655499,439011,18653,8394,1002819,2340625.2666666666,3493131.3
"2026-05-03 00:00:00",939900,550183,38695,2606,1109815,2346845.8,3484400.6333333333
"2026-05-04 00:00:00",280867,502353,34047,6940,635582,2318814.1333333333,3513762.466666667
"2026-05-05 00:00:00",1270895,279177,41058,3299,804836,2321934.466666667,3537436.066666667
"2026-05-06 00:00:00",709364,366200,27120,1318,1900390,2351753.6,3502883.7
"2026-05-07 00:00:00",600228,494922,45851,3552,870309,2341210.1333333333,3528049
"2026-05-08 00:00:00",293315,251419,31678,7597,1288922,2332717.433333333,3534492.6
"2026-05-09 00:00:00",931214,417960,62981,2609,820295,2304896.6333333333,3565240.2
"2026-05-10 00:00:00",507992,676772,25779,7621,662037,2303188.033333333,3550292.7666666666
"2026-05-11 00:00:00",698433,363271,38433,3518,1486974,2341766.1,3555680.1666666665
"2026-05-12 00:00:00",310017,634418,40163,6076,1389392,2331150.566666667,3608734.2333333334
"2026-05-13 00:00:00",530932,636259,38093,3428,1324082,2368625.3666666667,3585482.7666666666
"2026-05-14 00:00:00",209633,184179,52396,5509,735199,2352840.4,3596501.1666666665
"2026-05-15 00:00:00",604817,519245,66929,7472,885223,2363058.8,3628416.2333333334
"2026-05-16 00:00:00",1333144,786854,38480,5098,1142276,2406943.8333333335,3613539.7333333334
"2026-05-17 00:00:00",861568,303227,34666,1584,1137731,2416477.8,3608288.566666667
"2026-05-18 00:00:00",315548,664947,56898,2937,1232271,2414103.2666666666,3584829.933333333
"2026-05-19 00:00:00",367161,247223,48161,7271,722245,2384992.1333333333,3583902.9
"2026-05-20 00:00:00",405784,248788,39795,3975,1344342,2377675.6,3552878
"2026-05-21 00:00:00",1608197,524198,65153,1613,1252339,2426026.933333333,3553397.2666666666
"2026-05-22 00:00:00",1545324,555685,52009,12733,1111643,2441104,3555119.3
"2026-05-23 00:00:00",454685,595040,63408,12072,1348921,2425120.1333333333,3559923.6666666665
"2026-05-24 00:00:00",357212,753263,48339,2792,1318411,2456295.533333333,3538143.3666666667
"2026-05-25 00:00:00",530784,380945,45240,3648,1090242,2452222.1,3482642.3333333335
"2026-05-26 00:00:00",941933,652641,55646,3953,3519125,2535102.8,3486652.8666666667
"2026-05-27 00:00:00",294616,478836,20729,1364,1905445,2485562.2666666666,3492274.433333333
"2026-05-28 00:00:00",300548,494867,55213,1504,1462636,2479959.9,3467581.8333333335
"2026-05-29 00:00:00",287581,165573,68445,2245,1849652,2448150.6333333333,3507540.3666666667
"2026-05-30 00:00:00",510022,389590,35463,9664,791347,2421695.9,3479640.9
"2026-05-31 00:00:00",640506,403257,36837,5134,1486465,2412107.533333333,3483314.933333333
"2026-06-01 00:00:00",394556,327919,34773,3739,1693804,2423121.5,3459164.933333333
"2026-06-02 00:00:00",478139,451088,30674,1443,1245868,2408655.3333333335,3449406.466666667
"2026-06-03 00:00:00",691943,548057,52564,4114,914174,2433690.7666666666,3448924.8666666667
"2026-06-04 00:00:00",345188,543573,49560,5959,1954022,2450325.6333333333,3442179.433333333
"2026-06-05 00:00:00",497076,221418,35130,2982,1528078,2426335.3333333335,3504817.033333333
"2026-06-06 00:00:00",395104,349892,41572,3502,1235389,2426688.5,3466158.1666666665
"2026-06-07 00:00:00",258750,579703,47175,1749,2024316,2461313.933333333,3464505.8333333335
"2026-06-08 00:00:00",419791,344283,44888,7440,1260405,2456039.066666667,3426316.3
"2026-06-09 00:00:00",350557,396666,72722,1911,1275052,2463262.7,3488889.7
"2026-06-10 00:00:00",504621,325529,54566,1846,1959301,2471770.6666666665,3477546.6
"2026-06-11 00:00:00",648369,358492,65844,4914,1556581,2480241.8666666667,3457994.7666666666
"2026-06-12 00:00:00",394212,720132,21435,5821,1471385,2482914.933333333,3475536.2666666666
"2026-06-13 00:00:00",413398,360331,45178,2866,1172669,2509832.533333333,3422368.033333333
"2026-06-14 00:00:00",557748,586284,45003,1929,1243041,2521509.9,3394189.2333333334
"2026-06-15 00:00:00",290238,276533,25849,6068,1168561,2470223.2333333334,3557914.1
"2026-06-16 00:00:00",259586,432034,62605,5724,1861418,2479642.9,3793773.6
"2026-06-17 00:00:00",615745,568431,46045,3178,1407055,2491904.466666667,3938345.1
"2026-06-18 00:00:00",659072,521715,45779,3665,889074,2516145.966666667,4032901.033333333
"2026-06-19 00:00:00",439038,203368,36714,5389,1558221,2522814.2666666666,4188453.566666667
"2026-06-20 00:00:00",516489,483234,26125,4326,987657,2475025.4,4319239.033333333
"2026-06-21 00:00:00",245125,383949,39892,2323,1064188,2423628.2333333334,4437429.566666666
"2026-06-22 00:00:00",685796,580218,40969,1368,1076022,2420636.466666667,4475425.766666667
"2026-06-23 00:00:00",841498,375319,46357,5893,1507726,2430529.2,4631210.9
"2026-06-24 00:00:00",1227395,367613,24304,4128,1377427,2462196.3333333335,4710975.433333334
"2026-06-25 00:00:00",554978,609495,56985,3241,1816914,2391140.533333333,4836817.1
"2026-06-26 00:00:00",1174945,506978,35336,4569,1234922,2399665.8,4889828.7
"2026-06-27 00:00:00",676601,655781,19643,3949,1645481,2422555.5,4938070.2
"2026-06-28 00:00:00",781119,465793,89389,6494,1332242,2432607.3333333335,4906234.433333334
"2026-06-29 00:00:00",464060,517286,43205,2040,997679,2442213.7666666666,5012128.666666667
"2026-06-30 00:00:00",998396,596961,50115,5532,1595790,2464700.566666667,5119552.033333333
"2026-07-01 00:00:00",1135761,686907,51908,3880,1047122,2480393.6333333333,5364322.066666666
"2026-07-02 00:00:00",498856,364586,55714,2201,1716985,2494764.966666667,5458798.2
"2026-07-03 00:00:00",567069,425472,37287,2658,852312,2483897.1,5588100.3