"DateTime","Container","Dry Bulk","General Cargo","Roll-on/roll-off","Tanker","30-day Moving Average","Prior Year: 30-day Moving Average"
"2019-01-01 00:00:00",14,5,1,1,19,,
"2019-01-02 00:00:00",18,4,8,5,17,,
"2019-01-03 00:00:00",17,9,4,0,5,,
"2019-01-04 00:00:00",13,1,5,0,17,,
"2019-01-05 00:00:00",14,7,6,4,11,,
"2019-01-06 00:00:00",12,5,8,4,10,,
"2019-01-07 00:00:00",18,8,7,2,16,,
"2019-01-08 00:00:00",11,5,9,5,15,,
"2019-01-09 00:00:00",16,5,7,3,15,,
"2019-01-10 00:00:00",9,8,4,5,13,,
"2019-01-11 00:00:00",12,2,2,0,17,,
"2019-01-12 00:00:00",13,7,4,1,18,,
"2019-01-13 00:00:00",11,2,4,1,13,,
"2019-01-14 00:00:00",22,12,6,1,18,,
"2019-01-15 00:00:00",17,8,3,2,10,,
"2019-01-16 00:00:00",16,6,9,4,12,,
"2019-01-17 00:00:00",12,7,2,3,8,,
"2019-01-18 00:00:00",17,5,2,0,12,,
"2019-01-19 00:00:00",11,2,5,0,13,,
"2019-01-20 00:00:00",14,9,3,0,19,,
"2019-01-21 00:00:00",12,4,2,3,18,,
"2019-01-22 00:00:00",11,4,3,4,19,,
"2019-01-23 00:00:00",13,5,8,2,11,,
"2019-01-24 00:00:00",17,14,4,1,9,,
"2019-01-25 00:00:00",25,7,6,1,19,,
"2019-01-26 00:00:00",14,1,6,0,12,,
"2019-01-27 00:00:00",6,6,2,1,14,,
"2019-01-28 00:00:00",9,4,3,2,15,,
"2019-01-29 00:00:00",7,4,7,2,10,,
"2019-01-30 00:00:00",12,6,6,2,14,40.3,
"2019-01-31 00:00:00",15,3,6,2,5,40,
"2019-02-01 00:00:00",12,7,3,0,12,39.4,
"2019-02-02 00:00:00",12,2,6,1,9,39.233333333333334,
"2019-02-03 00:00:00",7,2,3,1,7,38.7,
"2019-02-04 00:00:00",7,6,7,2,14,38.5,
"2019-02-05 00:00:00",7,4,3,2,9,38.03333333333333,
"2019-02-06 00:00:00",10,5,0,3,15,37.43333333333333,
"2019-02-07 00:00:00",6,6,2,2,14,36.93333333333333,
"2019-02-08 00:00:00",11,6,4,3,14,36.666666666666664,
"2019-02-09 00:00:00",8,3,7,1,16,36.53333333333333,
"2019-02-10 00:00:00",12,9,3,2,10,36.63333333333333,
"2019-02-11 00:00:00",10,5,6,2,14,36.43333333333333,
"2019-02-12 00:00:00",4,2,3,0,12,36.1,
"2019-02-13 00:00:00",10,8,3,1,13,35.3,
"2019-02-14 00:00:00",11,5,7,1,12,35.166666666666664,
"2019-02-15 00:00:00",15,7,3,4,12,34.96666666666667,
"2019-02-16 00:00:00",10,3,6,0,14,35,
"2019-02-17 00:00:00",11,5,5,2,12,34.96666666666667,
"2019-02-18 00:00:00",11,11,7,2,12,35.36666666666667,
"2019-02-19 00:00:00",12,5,6,2,15,35.2,
"2019-02-20 00:00:00",8,7,7,2,9,35,
"2019-02-21 00:00:00",5,7,7,2,20,35,
"2019-02-22 00:00:00",14,9,3,3,15,35.166666666666664,
"2019-02-23 00:00:00",13,15,7,0,16,35.36666666666667,
"2019-02-24 00:00:00",16,9,7,3,12,35,
"2019-02-25 00:00:00",10,2,5,1,7,34.733333333333334,
"2019-02-26 00:00:00",14,6,4,1,19,35.233333333333334,
"2019-02-27 00:00:00",20,5,5,5,15,35.8,
"2019-02-28 00:00:00",7,9,1,2,11,35.8,
"2019-03-01 00:00:00",9,2,3,2,19,35.63333333333333,
"2019-03-02 00:00:00",8,6,3,4,14,35.766666666666666,
"2019-03-03 00:00:00",16,3,9,1,19,36.233333333333334,
"2019-03-04 00:00:00",13,6,3,0,15,36.46666666666667,
"2019-03-05 00:00:00",15,7,3,4,18,37.36666666666667,
"2019-03-06 00:00:00",8,8,11,2,11,37.5,
"2019-03-07 00:00:00",10,4,3,3,17,37.9,
"2019-03-08 00:00:00",13,8,5,0,16,38.2,
"2019-03-09 00:00:00",11,4,10,2,14,38.56666666666667,
"2019-03-10 00:00:00",10,4,1,1,12,38.233333333333334,
"2019-03-11 00:00:00",8,7,8,2,14,38.36666666666667,
"2019-03-12 00:00:00",12,2,2,3,13,38.233333333333334,
"2019-03-13 00:00:00",15,7,9,1,18,38.666666666666664,
"2019-03-14 00:00:00",12,6,2,1,20,39.333333333333336,
"2019-03-15 00:00:00",12,4,6,4,11,39.4,
"2019-03-16 00:00:00",14,4,6,1,16,39.56666666666667,
"2019-03-17 00:00:00",11,6,0,1,8,39.06666666666667,
"2019-03-18 00:00:00",11,6,5,2,16,39.3,
"2019-03-19 00:00:00",8,4,5,2,16,39.3,
"2019-03-20 00:00:00",13,5,4,1,18,39.233333333333334,
"2019-03-21 00:00:00",9,1,3,2,16,38.93333333333333,
"2019-03-22 00:00:00",9,4,4,2,8,38.733333333333334,
"2019-03-23 00:00:00",13,3,4,0,10,38.36666666666667,
"2019-03-24 00:00:00",5,8,3,1,11,37.833333333333336,
"2019-03-25 00:00:00",17,7,3,2,14,37.56666666666667,
"2019-03-26 00:00:00",15,5,14,3,31,38.266666666666666,
"2019-03-27 00:00:00",13,6,6,4,17,38.96666666666667,
"2019-03-28 00:00:00",15,4,5,1,14,38.8,
"2019-03-29 00:00:00",19,9,7,1,15,38.833333333333336,
"2019-03-30 00:00:00",18,7,5,0,13,39.266666666666666,
"2019-03-31 00:00:00",14,7,5,1,15,39.5,
"2019-04-01 00:00:00",9,10,8,2,14,39.766666666666666,
"2019-04-02 00:00:00",16,8,5,0,19,39.766666666666666,
"2019-04-03 00:00:00",13,7,6,4,16,40.06666666666667,
"2019-04-04 00:00:00",8,5,7,1,17,39.766666666666666,
"2019-04-05 00:00:00",14,4,2,3,10,39.53333333333333,
"2019-04-06 00:00:00",6,4,5,1,12,39.233333333333334,
"2019-04-07 00:00:00",12,6,3,1,18,39.166666666666664,
"2019-04-08 00:00:00",11,5,10,5,12,39.233333333333334,
"2019-04-09 00:00:00",12,8,3,3,15,39.666666666666664,
"2019-04-10 00:00:00",9,3,4,2,16,39.5,
"2019-04-11 00:00:00",13,6,6,2,14,39.8,
"2019-04-12 00:00:00",15,8,8,1,15,39.7,
"2019-04-13 00:00:00",13,5,1,2,13,39.46666666666667,
"2019-04-14 00:00:00",11,4,6,4,10,39.4,
"2019-04-15 00:00:00",9,6,7,2,21,39.53333333333333,
"2019-04-16 00:00:00",15,8,12,1,20,40.53333333333333,
"2019-04-17 00:00:00",17,4,9,3,23,41.06666666666667,
"2019-04-18 00:00:00",13,10,8,2,13,41.43333333333333,
"2019-04-19 00:00:00",18,8,3,4,12,41.56666666666667,
"2019-04-20 00:00:00",15,8,4,1,15,41.96666666666667,
"2019-04-21 00:00:00",13,13,5,0,12,42.5,
"2019-04-22 00:00:00",13,5,6,4,17,43,
"2019-04-23 00:00:00",16,8,1,1,17,43.5,
"2019-04-24 00:00:00",9,7,5,2,16,43.36666666666667,
"2019-04-25 00:00:00",13,3,4,1,14,42.266666666666666,
"2019-04-26 00:00:00",11,7,11,0,16,42.233333333333334,
"2019-04-27 00:00:00",22,10,4,2,13,42.63333333333333,
"2019-04-28 00:00:00",13,5,5,1,18,42.333333333333336,
"2019-04-29 00:00:00",11,14,8,3,21,42.8,
"2019-04-30 00:00:00",12,8,5,0,16,42.766666666666666,
"2019-05-01 00:00:00",12,1,4,3,16,42.53333333333333,
"2019-05-02 00:00:00",15,8,10,2,12,42.5,
"2019-05-03 00:00:00",9,3,6,2,16,42.166666666666664,
"2019-05-04 00:00:00",15,3,3,3,16,42.233333333333334,
"2019-05-05 00:00:00",11,5,5,1,12,42.266666666666666,
"2019-05-06 00:00:00",14,5,11,2,13,42.833333333333336,
"2019-05-07 00:00:00",16,8,6,3,14,43.06666666666667,
"2019-05-08 00:00:00",16,2,3,1,9,42.666666666666664,
"2019-05-09 00:00:00",16,8,8,0,21,43.06666666666667,
"2019-05-10 00:00:00",15,7,2,0,20,43.4,
"2019-05-11 00:00:00",16,3,3,3,18,43.46666666666667,
"2019-05-12 00:00:00",14,3,5,0,10,42.96666666666667,
"2019-05-13 00:00:00",14,1,6,2,16,43.13333333333333,
"2019-05-14 00:00:00",10,5,2,3,10,42.96666666666667,
"2019-05-15 00:00:00",20,5,10,2,12,43.1,
"2019-05-16 00:00:00",16,6,8,2,20,42.96666666666667,
"2019-05-17 00:00:00",14,6,1,2,15,42.36666666666667,
"2019-05-18 00:00:00",18,4,6,1,13,42.233333333333334,
"2019-05-19 00:00:00",16,7,6,5,9,42.166666666666664,
"2019-05-20 00:00:00",11,4,3,3,16,41.96666666666667,
"2019-05-21 00:00:00",19,7,5,3,18,42.266666666666666,
"2019-05-22 00:00:00",17,5,5,7,23,42.666666666666664,
"2019-05-23 00:00:00",16,7,6,2,17,42.833333333333336,
"2019-05-24 00:00:00",18,3,6,2,15,43,
"2019-05-25 00:00:00",19,8,9,2,21,43.8,
"2019-05-26 00:00:00",17,6,3,1,12,43.6,
"2019-05-27 00:00:00",15,7,5,4,14,43.4,
"2019-05-28 00:00:00",14,6,9,0,11,43.333333333333336,
"2019-05-29 00:00:00",15,8,10,5,16,43.233333333333334,
"2019-05-30 00:00:00",18,4,3,0,20,43.36666666666667,
"2019-05-31 00:00:00",15,7,6,0,15,43.6,
"2019-06-01 00:00:00",13,4,4,1,12,43.166666666666664,
"2019-06-02 00:00:00",13,11,10,5,12,43.666666666666664,
"2019-06-03 00:00:00",14,6,8,0,22,44,
"2019-06-04 00:00:00",7,8,4,2,20,44.233333333333334,
"2019-06-05 00:00:00",14,7,6,2,12,44.1,
"2019-06-06 00:00:00",15,7,3,1,15,43.9,
"2019-06-07 00:00:00",19,11,3,3,12,44.46666666666667,
"2019-06-08 00:00:00",12,7,3,1,16,44,
"2019-06-09 00:00:00",15,5,2,3,15,43.86666666666667,
"2019-06-10 00:00:00",16,10,7,4,15,44.166666666666664,
"2019-06-11 00:00:00",14,9,2,2,20,44.666666666666664,
"2019-06-12 00:00:00",17,6,7,5,20,45.2,
"2019-06-13 00:00:00",20,8,6,4,27,46.36666666666667,
"2019-06-14 00:00:00",23,7,6,3,20,46.7,
"2019-06-15 00:00:00",23,9,5,1,19,46.86666666666667,
"2019-06-16 00:00:00",17,7,7,2,16,47.233333333333334,
"2019-06-17 00:00:00",23,9,6,2,21,47.86666666666667,
"2019-06-18 00:00:00",12,8,6,2,13,47.8,
"2019-06-19 00:00:00",18,4,2,3,17,48.03333333333333,
"2019-06-20 00:00:00",14,3,4,4,17,47.7,
"2019-06-21 00:00:00",24,3,5,5,14,47.5,
"2019-06-22 00:00:00",18,4,7,2,24,47.733333333333334,
"2019-06-23 00:00:00",18,9,4,3,18,48,
"2019-06-24 00:00:00",18,6,9,5,21,48,
"2019-06-25 00:00:00",19,7,6,4,22,48.63333333333333,
"2019-06-26 00:00:00",17,6,6,4,16,48.766666666666666,
"2019-06-27 00:00:00",20,5,4,2,25,49.3,
"2019-06-28 00:00:00",20,6,8,3,20,49.4,
"2019-06-29 00:00:00",17,8,8,3,24,49.9,
"2019-06-30 00:00:00",14,4,5,1,15,49.766666666666666,
"2019-07-01 00:00:00",18,6,10,3,23,50.63333333333333,
"2019-07-02 00:00:00",21,5,4,1,21,50.666666666666664,
"2019-07-03 00:00:00",14,5,5,4,16,50.46666666666667,
"2019-07-04 00:00:00",20,8,9,2,18,51,
"2019-07-05 00:00:00",23,6,3,2,17,51.333333333333336,
"2019-07-06 00:00:00",10,11,5,3,13,51.36666666666667,
"2019-07-07 00:00:00",20,9,10,2,17,51.7,
"2019-07-08 00:00:00",19,9,7,4,19,52.333333333333336,
"2019-07-09 00:00:00",12,6,7,3,22,52.666666666666664,
"2019-07-10 00:00:00",19,8,8,3,12,52.6,
"2019-07-11 00:00:00",16,10,7,4,28,53.2,
"2019-07-12 00:00:00",25,6,7,1,16,53.2,
"2019-07-13 00:00:00",21,4,7,0,24,52.9,
"2019-07-14 00:00:00",19,9,6,2,14,52.6,
"2019-07-15 00:00:00",14,6,6,5,26,52.6,
"2019-07-16 00:00:00",17,7,9,5,12,52.63333333333333,
"2019-07-17 00:00:00",16,7,7,1,20,52.3,
"2019-07-18 00:00:00",19,8,4,4,22,52.833333333333336,
"2019-07-19 00:00:00",17,5,9,10,16,53.266666666666666,
"2019-07-20 00:00:00",20,5,7,0,27,53.833333333333336,
"2019-07-21 00:00:00",23,8,4,4,16,53.96666666666667,
"2019-07-22 00:00:00",16,12,10,4,14,54,
"2019-07-23 00:00:00",19,7,8,6,18,54.2,
"2019-07-24 00:00:00",17,6,8,2,10,53.666666666666664,
"2019-07-25 00:00:00",19,5,5,1,24,53.53333333333333,
"2019-07-26 00:00:00",22,7,4,4,12,53.53333333333333,
"2019-07-27 00:00:00",21,7,9,4,21,53.733333333333334,
"2019-07-28 00:00:00",12,5,6,5,17,53.333333333333336,
"2019-07-29 00:00:00",18,12,5,3,20,53.266666666666666,
"2019-07-30 00:00:00",16,3,6,5,21,53.666666666666664,
"2019-07-31 00:00:00",17,5,8,5,14,53.3,
"2019-08-01 00:00:00",18,6,6,6,18,53.36666666666667,
"2019-08-02 00:00:00",21,4,5,3,25,53.833333333333336,
"2019-08-03 00:00:00",15,5,7,1,17,53.43333333333333,
"2019-08-04 00:00:00",12,5,8,5,7,52.96666666666667,
"2019-08-05 00:00:00",17,8,10,2,31,53.833333333333336,
"2019-08-06 00:00:00",15,4,9,4,13,53.4,
"2019-08-07 00:00:00",14,12,7,4,18,53.3,
"2019-08-08 00:00:00",19,8,5,2,28,53.7,
"2019-08-09 00:00:00",20,7,9,3,23,54.1,
"2019-08-10 00:00:00",23,9,5,3,26,54.13333333333333,
"2019-08-11 00:00:00",19,6,5,4,12,53.833333333333336,
"2019-08-12 00:00:00",16,2,3,2,22,53.46666666666667,
"2019-08-13 00:00:00",17,7,5,4,14,53.36666666666667,
"2019-08-14 00:00:00",18,5,6,2,20,53.166666666666664,
"2019-08-15 00:00:00",17,7,3,2,21,53.166666666666664,
"2019-08-16 00:00:00",21,8,6,6,13,53.266666666666666,
"2019-08-17 00:00:00",19,2,6,0,20,52.93333333333333,
"2019-08-18 00:00:00",19,5,6,1,17,52.63333333333333,
"2019-08-19 00:00:00",12,6,8,3,24,52.43333333333333,
"2019-08-20 00:00:00",15,7,7,4,9,52,
"2019-08-21 00:00:00",17,8,8,4,12,51.766666666666666,
"2019-08-22 00:00:00",17,3,7,1,14,51.233333333333334,
"2019-08-23 00:00:00",18,4,6,3,15,51.333333333333336,
"2019-08-24 00:00:00",16,9,11,0,21,51.43333333333333,
"2019-08-25 00:00:00",18,7,10,4,14,51.56666666666667,
"2019-08-26 00:00:00",23,9,12,4,24,51.9,
"2019-08-27 00:00:00",11,7,6,4,17,51.9,
"2019-08-28 00:00:00",16,4,8,2,24,51.766666666666666,
"2019-08-29 00:00:00",19,11,10,2,16,52,
"2019-08-30 00:00:00",19,3,5,3,14,51.833333333333336,
"2019-08-31 00:00:00",20,6,6,4,15,51.733333333333334,
"2019-09-01 00:00:00",21,3,10,4,14,51.53333333333333,
"2019-09-02 00:00:00",14,9,10,3,14,51.7,
"2019-09-03 00:00:00",15,10,6,1,16,52.06666666666667,
"2019-09-04 00:00:00",12,4,10,2,18,51.333333333333336,
"2019-09-05 00:00:00",18,5,8,3,28,51.9,
"2019-09-06 00:00:00",15,8,5,3,16,51.63333333333333,
"2019-09-07 00:00:00",25,6,7,1,17,51.43333333333333,
"2019-09-08 00:00:00",16,3,4,4,9,50.56666666666667,
"2019-09-09 00:00:00",21,8,8,9,14,50.36666666666667,
"2019-09-10 00:00:00",16,6,6,2,24,50.63333333333333,
"2019-09-11 00:00:00",12,5,2,2,20,50.5,
"2019-09-12 00:00:00",21,5,6,4,18,50.733333333333334,
"2019-09-13 00:00:00",20,5,6,5,20,50.9,
"2019-09-14 00:00:00",20,6,7,1,21,51.06666666666667,
"2019-09-15 00:00:00",19,5,6,3,18,50.96666666666667,
"2019-09-16 00:00:00",20,6,11,4,28,51.7,
"2019-09-17 00:00:00",17,8,11,3,26,52.266666666666666,
"2019-09-18 00:00:00",19,8,6,3,17,52.266666666666666,
"2019-09-19 00:00:00",13,6,2,4,16,52.233333333333334,
"2019-09-20 00:00:00",21,7,7,2,27,52.733333333333334,
"2019-09-21 00:00:00",11,8,5,1,16,52.7,
"2019-09-22 00:00:00",26,4,7,4,15,53.03333333333333,
"2019-09-23 00:00:00",19,9,7,5,22,53.2,
"2019-09-24 00:00:00",13,3,10,6,17,53.06666666666667,
"2019-09-25 00:00:00",17,9,5,2,23,52.53333333333333,
"2019-09-26 00:00:00",15,4,5,3,14,52.4,
"2019-09-27 00:00:00",21,9,5,3,23,52.63333333333333,
"2019-09-28 00:00:00",17,11,5,0,24,52.6,
"2019-09-29 00:00:00",18,7,9,5,20,53.1,
"2019-09-30 00:00:00",21,10,11,3,34,54.03333333333333,
"2019-10-01 00:00:00",13,3,5,0,24,53.8,
"2019-10-02 00:00:00",14,8,7,3,24,54,
"2019-10-03 00:00:00",17,7,2,5,19,54.06666666666667,
"2019-10-04 00:00:00",17,5,10,3,20,54.36666666666667,
"2019-10-05 00:00:00",19,6,6,3,16,53.96666666666667,
"2019-10-06 00:00:00",16,7,7,6,12,54,
"2019-10-07 00:00:00",17,2,7,2,15,53.56666666666667,
"2019-10-08 00:00:00",14,7,10,2,22,54.2,
"2019-10-09 00:00:00",18,10,9,6,22,54.36666666666667,
"2019-10-10 00:00:00",16,8,4,6,14,54.166666666666664,
"2019-10-11 00:00:00",21,3,6,4,25,54.766666666666666,
"2019-10-12 00:00:00",17,7,5,1,20,54.63333333333333,
"2019-10-13 00:00:00",21,4,5,3,13,54.3,
"2019-10-14 00:00:00",18,9,10,3,18,54.4,
"2019-10-15 00:00:00",15,9,7,3,19,54.46666666666667,
"2019-10-16 00:00:00",20,9,16,4,26,54.666666666666664,
"2019-10-17 00:00:00",19,5,9,5,23,54.53333333333333,
"2019-10-18 00:00:00",15,6,6,3,19,54.4,
"2019-10-19 00:00:00",20,5,8,4,20,54.93333333333333,
"2019-10-20 00:00:00",12,3,9,4,24,54.53333333333333,
"2019-10-21 00:00:00",25,9,12,3,18,55.4,
"2019-10-22 00:00:00",15,5,14,3,17,55.333333333333336,
"2019-10-23 00:00:00",17,6,2,5,20,54.93333333333333,
"2019-10-24 00:00:00",16,6,8,5,18,55.06666666666667,
"2019-10-25 00:00:00",19,4,7,3,22,55.03333333333333,
"2019-10-26 00:00:00",25,7,7,2,27,55.93333333333333,
"2019-10-27 00:00:00",15,4,7,3,18,55.46666666666667,
"2019-10-28 00:00:00",21,8,10,4,21,55.7,
"2019-10-29 00:00:00",11,7,9,3,12,55.13333333333333,
"2019-10-30 00:00:00",20,9,7,3,14,54.266666666666666,
"2019-10-31 00:00:00",13,7,5,2,15,54.166666666666664,
"2019-11-01 00:00:00",19,3,4,7,17,53.96666666666667,
"2019-11-02 00:00:00",18,7,11,2,24,54.36666666666667,
"2019-11-03 00:00:00",15,8,6,3,15,54.1,
"2019-11-04 00:00:00",21,5,8,4,28,54.63333333333333,
"2019-11-05 00:00:00",10,9,8,3,16,54.56666666666667,
"2019-11-06 00:00:00",16,6,9,1,15,54.7,
"2019-11-07 00:00:00",20,9,9,5,17,54.86666666666667,
"2019-11-08 00:00:00",19,7,5,4,24,54.666666666666664,
"2019-11-09 00:00:00",19,7,10,2,11,54.7,
"2019-11-10 00:00:00",21,3,6,3,17,54.4,
"2019-11-11 00:00:00",15,5,11,1,18,54.4,
"2019-11-12 00:00:00",14,4,4,6,17,54.36666666666667,
"2019-11-13 00:00:00",16,7,8,1,22,54.233333333333334,
"2019-11-14 00:00:00",21,7,6,1,17,54.2,
"2019-11-15 00:00:00",16,7,7,3,24,53.6,
"2019-11-16 00:00:00",18,4,10,2,16,53.233333333333334,
"2019-11-17 00:00:00",16,5,10,1,17,53.233333333333334,
"2019-11-18 00:00:00",17,2,5,3,17,52.8,
"2019-11-19 00:00:00",15,4,5,4,19,52.63333333333333,
"2019-11-20 00:00:00",11,2,4,4,13,51.53333333333333,
"2019-11-21 00:00:00",17,3,4,3,17,51.2,
"2019-11-22 00:00:00",13,9,8,4,13,51.1,
"2019-11-23 00:00:00",10,6,8,4,17,50.833333333333336,
"2019-11-24 00:00:00",13,8,6,1,20,50.6,
"2019-11-25 00:00:00",15,6,10,3,20,50.13333333333333,
"2019-11-26 00:00:00",14,4,6,5,14,50,
"2019-11-27 00:00:00",17,9,7,3,15,49.56666666666667,
"2019-11-28 00:00:00",17,5,8,2,20,49.9,
"2019-11-29 00:00:00",16,2,3,2,15,49.4,
"2019-11-30 00:00:00",19,6,12,1,22,50,
"2019-12-01 00:00:00",15,6,5,1,12,49.63333333333333,
"2019-12-02 00:00:00",22,6,4,3,19,49.36666666666667,
"2019-12-03 00:00:00",12,2,8,4,16,49.2,
"2019-12-04 00:00:00",14,6,5,0,16,48.36666666666667,
"2019-12-05 00:00:00",15,2,4,1,13,48,
"2019-12-06 00:00:00",16,5,5,3,20,48.06666666666667,
"2019-12-07 00:00:00",23,6,11,1,18,48.03333333333333,
"2019-12-08 00:00:00",13,7,5,2,14,47.43333333333333,
"2019-12-09 00:00:00",15,4,7,4,22,47.53333333333333,
"2019-12-10 00:00:00",13,5,5,2,8,46.96666666666667,
"2019-12-11 00:00:00",10,3,4,1,15,46.4,
"2019-12-12 00:00:00",18,8,6,2,13,46.46666666666667,
"2019-12-13 00:00:00",20,10,9,3,21,46.766666666666666,
"2019-12-14 00:00:00",21,5,12,3,25,47.233333333333334,
"2019-12-15 00:00:00",20,4,8,1,23,47.2,
"2019-12-16 00:00:00",17,6,10,5,17,47.36666666666667,
"2019-12-17 00:00:00",12,11,7,3,20,47.5,
"2019-12-18 00:00:00",23,8,4,5,15,47.86666666666667,
"2019-12-19 00:00:00",16,6,10,1,23,48.166666666666664,
"2019-12-20 00:00:00",24,3,10,2,20,49,
"2019-12-21 00:00:00",15,6,9,4,22,49.4,
"2019-12-22 00:00:00",13,8,8,3,13,49.333333333333336,
"2019-12-23 00:00:00",22,7,16,7,21,50.266666666666666,
"2019-12-24 00:00:00",11,7,7,4,14,50.1,
"2019-12-25 00:00:00",14,7,7,4,20,50.03333333333333,
"2019-12-26 00:00:00",18,10,3,0,26,50.5,
"2019-12-27 00:00:00",23,9,7,2,20,50.833333333333336,
"2019-12-28 00:00:00",18,4,8,2,25,51,
"2019-12-29 00:00:00",17,5,8,1,19,51.4,
"2019-12-30 00:00:00",16,10,10,3,16,51.233333333333334,
"2019-12-31 00:00:00",16,8,7,2,20,51.7,
"2020-01-01 00:00:00",23,2,7,3,21,51.766666666666666,
"2020-01-02 00:00:00",19,7,9,5,28,52.63333333333333,
"2020-01-03 00:00:00",20,8,10,2,19,53.233333333333334,
"2020-01-04 00:00:00",17,5,6,3,22,53.833333333333336,
"2020-01-05 00:00:00",17,4,4,5,11,53.56666666666667,
"2020-01-06 00:00:00",19,9,14,3,21,53.8,
"2020-01-07 00:00:00",15,3,6,4,20,54.03333333333333,
"2020-01-08 00:00:00",19,5,8,3,17,54.03333333333333,
"2020-01-09 00:00:00",20,8,9,3,18,54.86666666666667,
"2020-01-10 00:00:00",16,5,0,4,15,55.1,
"2020-01-11 00:00:00",13,3,6,0,9,54.56666666666667,
"2020-01-12 00:00:00",11,2,3,0,14,53.46666666666667,
"2020-01-13 00:00:00",19,12,4,2,30,53.5,
"2020-01-14 00:00:00",15,7,7,5,21,53.46666666666667,
"2020-01-15 00:00:00",21,10,8,6,12,53.53333333333333,
"2020-01-16 00:00:00",16,5,5,4,16,53.3,
"2020-01-17 00:00:00",24,6,5,3,19,53.36666666666667,
"2020-01-18 00:00:00",22,12,10,6,26,54.03333333333333,
"2020-01-19 00:00:00",15,9,9,2,21,53.93333333333333,
"2020-01-20 00:00:00",17,11,13,1,16,54,
"2020-01-21 00:00:00",21,4,5,5,13,54.1,
"2020-01-22 00:00:00",18,10,6,7,21,53.733333333333334,
"2020-01-23 00:00:00",21,7,7,5,19,54.266666666666666,
"2020-01-24 00:00:00",16,9,5,1,18,54.166666666666664,
"2020-01-25 00:00:00",17,7,5,2,15,53.8,
"2020-01-26 00:00:00",7,0,4,2,12,52.6,
"2020-01-27 00:00:00",15,6,11,3,29,52.833333333333336,
"2020-01-28 00:00:00",15,14,4,0,30,53.266666666666666,
"2020-01-29 00:00:00",18,5,12,3,13,53.13333333333333,
"2020-01-30 00:00:00",20,10,5,1,14,53.03333333333333,40.3
"2020-01-31 00:00:00",16,3,4,0,15,52.43333333333333,40
"2020-02-01 00:00:00",19,6,9,1,21,52.03333333333333,39.4
"2020-02-02 00:00:00",26,6,7,0,13,51.8,39.233333333333334
"2020-02-03 00:00:00",18,5,10,2,14,51.666666666666664,38.7
"2020-02-04 00:00:00",16,6,7,7,18,52.1,38.5
"2020-02-05 00:00:00",20,9,10,4,19,51.96666666666667,38.03333333333333
"2020-02-06 00:00:00",21,15,7,5,24,52.766666666666666,37.43333333333333
"2020-02-07 00:00:00",22,4,8,0,18,52.766666666666666,36.93333333333333
"2020-02-08 00:00:00",19,10,6,0,13,52.43333333333333,36.666666666666664
"2020-02-09 00:00:00",18,3,8,1,17,52.666666666666664,36.53333333333333
"2020-02-10 00:00:00",15,7,9,5,21,53.53333333333333,36.63333333333333
"2020-02-11 00:00:00",18,4,7,3,15,54.1,36.43333333333333
"2020-02-12 00:00:00",12,4,6,0,19,53.233333333333334,36.1
"2020-02-13 00:00:00",13,8,7,3,15,52.93333333333333,35.3
"2020-02-14 00:00:00",20,13,12,4,14,53.13333333333333,35.166666666666664
"2020-02-15 00:00:00",25,9,16,4,26,54.266666666666666,34.96666666666667
"2020-02-16 00:00:00",20,9,6,3,28,54.56666666666667,35
"2020-02-17 00:00:00",19,12,7,4,15,53.93333333333333,34.96666666666667
"2020-02-18 00:00:00",21,8,6,2,13,53.733333333333334,35.36666666666667
"2020-02-19 00:00:00",18,5,16,6,18,53.9,35.2
"2020-02-20 00:00:00",26,6,8,4,22,54.5,35
"2020-02-21 00:00:00",17,7,9,3,19,54.266666666666666,35
"2020-02-22 00:00:00",22,6,9,5,21,54.4,35.166666666666664
"2020-02-23 00:00:00",17,4,8,4,20,54.53333333333333,35.36666666666667
"2020-02-24 00:00:00",19,8,15,6,25,55.43333333333333,35
"2020-02-25 00:00:00",13,10,9,2,17,56.3,34.733333333333334
"2020-02-26 00:00:00",20,4,6,1,17,55.766666666666666,35.233333333333334
"2020-02-27 00:00:00",14,4,3,0,14,54.833333333333336,35.8
"2020-02-28 00:00:00",18,5,10,3,21,55.03333333333333,35.8
"2020-02-29 00:00:00",28,12,13,4,19,55.9,35.63333333333333
"2020-03-01 00:00:00",15,6,8,3,20,56.36666666666667,35.766666666666666
"2020-03-02 00:00:00",19,3,10,1,24,56.4,36.233333333333334
"2020-03-03 00:00:00",12,2,10,2,18,56.13333333333333,36.46666666666667
"2020-03-04 00:00:00",16,5,3,1,17,55.9,37.36666666666667
"2020-03-05 00:00:00",19,12,5,5,17,56.03333333333333,37.5
"2020-03-06 00:00:00",17,8,5,3,26,55.93333333333333,37.9
"2020-03-07 00:00:00",19,9,14,5,20,55.766666666666666,38.2
"2020-03-08 00:00:00",17,6,6,1,19,55.666666666666664,38.56666666666667
"2020-03-09 00:00:00",20,3,5,3,14,55.56666666666667,38.233333333333334
"2020-03-10 00:00:00",18,8,6,1,19,55.733333333333334,38.36666666666667
"2020-03-11 00:00:00",14,11,16,5,17,55.93333333333333,38.233333333333334
"2020-03-12 00:00:00",15,8,17,2,25,56.6,38.666666666666664
"2020-03-13 00:00:00",19,6,4,3,20,56.96666666666667,39.333333333333336
"2020-03-14 00:00:00",16,10,6,4,19,57.266666666666666,39.4
"2020-03-15 00:00:00",21,7,3,4,12,56.733333333333334,39.56666666666667
"2020-03-16 00:00:00",17,5,14,5,20,56.1,39.06666666666667
"2020-03-17 00:00:00",19,7,7,1,23,55.8,39.3
"2020-03-18 00:00:00",17,5,4,7,20,55.666666666666664,39.3
"2020-03-19 00:00:00",22,7,7,3,13,55.733333333333334,39.233333333333334
"2020-03-20 00:00:00",22,6,6,5,16,55.46666666666667,38.93333333333333
"2020-03-21 00:00:00",16,6,7,2,14,54.766666666666666,38.733333333333334
"2020-03-22 00:00:00",20,5,9,3,9,54.46666666666667,38.36666666666667
"2020-03-23 00:00:00",16,5,8,2,12,53.8,37.833333333333336
"2020-03-24 00:00:00",19,3,7,4,22,53.86666666666667,37.56666666666667
"2020-03-25 00:00:00",15,9,7,5,17,53.2,38.266666666666666
"2020-03-26 00:00:00",22,6,12,4,24,53.766666666666666,38.96666666666667
"2020-03-27 00:00:00",23,6,6,4,21,54.166666666666664,38.8
"2020-03-28 00:00:00",23,8,10,2,13,54.86666666666667,38.833333333333336
"2020-03-29 00:00:00",16,6,6,3,9,54.3,39.266666666666666
"2020-03-30 00:00:00",15,2,8,3,17,53.266666666666666,39.5
"2020-03-31 00:00:00",18,11,14,8,20,53.9,39.766666666666666
"2020-04-01 00:00:00",19,4,8,5,17,53.766666666666666,39.766666666666666
"2020-04-02 00:00:00",22,9,9,2,21,54.4,40.06666666666667
"2020-04-03 00:00:00",16,5,2,1,16,54.333333333333336,39.766666666666666
"2020-04-04 00:00:00",22,5,5,4,21,54.3,39.53333333333333
"2020-04-05 00:00:00",14,9,13,3,14,54.1,39.233333333333334
"2020-04-06 00:00:00",24,4,12,4,18,53.93333333333333,39.166666666666664
"2020-04-07 00:00:00",22,8,3,4,22,54.266666666666666,39.233333333333334
"2020-04-08 00:00:00",17,5,11,5,20,54.7,39.666666666666664
"2020-04-09 00:00:00",18,4,8,6,18,54.766666666666666,39.5
"2020-04-10 00:00:00",18,7,5,1,21,54.4,39.8
"2020-04-11 00:00:00",16,9,11,1,19,54.03333333333333,39.7
"2020-04-12 00:00:00",17,6,8,3,19,54.06666666666667,39.46666666666667
"2020-04-13 00:00:00",16,7,5,2,21,53.93333333333333,39.4
"2020-04-14 00:00:00",21,7,6,3,19,54.233333333333334,39.53333333333333
"2020-04-15 00:00:00",10,4,8,1,12,53.36666666666667,40.53333333333333
"2020-04-16 00:00:00",25,1,6,3,15,53.13333333333333,41.06666666666667
"2020-04-17 00:00:00",17,7,5,3,19,53.06666666666667,41.43333333333333
"2020-04-18 00:00:00",22,9,10,1,21,53.43333333333333,41.56666666666667
"2020-04-19 00:00:00",19,6,10,3,10,53.2,41.96666666666667
"2020-04-20 00:00:00",23,4,6,1,22,53.56666666666667,42.5
"2020-04-21 00:00:00",14,5,7,5,20,53.733333333333334,43
"2020-04-22 00:00:00",14,5,8,1,12,53.63333333333333,43.5
"2020-04-23 00:00:00",16,4,7,6,11,53.266666666666666,43.36666666666667
"2020-04-24 00:00:00",18,7,8,6,18,53.4,42.266666666666666
"2020-04-25 00:00:00",17,5,6,1,21,52.8,42.233333333333334
"2020-04-26 00:00:00",13,2,4,4,19,52.2,42.63333333333333
"2020-04-27 00:00:00",20,8,8,7,19,52.4,42.333333333333336
"2020-04-28 00:00:00",15,6,8,2,21,52.8,42.8
"2020-04-29 00:00:00",22,4,6,4,14,52.96666666666667,42.766666666666666
"2020-04-30 00:00:00",21,7,8,3,23,52.666666666666664,42.53333333333333
"2020-05-01 00:00:00",16,3,7,6,14,52.43333333333333,42.5
"2020-05-02 00:00:00",16,5,11,4,14,52,42.166666666666664
"2020-05-03 00:00:00",24,5,3,1,17,52.333333333333336,42.233333333333334
"2020-05-04 00:00:00",14,6,11,3,20,52.233333333333334,42.266666666666666
"2020-05-05 00:00:00",20,6,10,5,13,52.266666666666666,42.833333333333336
"2020-05-06 00:00:00",22,8,11,0,22,52.3,43.06666666666667
"2020-05-07 00:00:00",21,7,7,3,17,52.166666666666664,42.666666666666664
"2020-05-08 00:00:00",18,4,8,3,11,51.7,43.06666666666667
"2020-05-09 00:00:00",23,3,10,3,29,52.166666666666664,43.4
"2020-05-10 00:00:00",13,5,7,2,17,51.9,43.46666666666667
"2020-05-11 00:00:00",20,5,12,3,14,51.833333333333336,42.96666666666667
"2020-05-12 00:00:00",16,4,6,2,17,51.56666666666667,43.13333333333333
"2020-05-13 00:00:00",15,2,6,1,19,51.3,42.96666666666667
"2020-05-14 00:00:00",19,13,7,3,28,51.766666666666666,43.1
"2020-05-15 00:00:00",18,5,10,9,26,52.86666666666667,42.96666666666667
"2020-05-16 00:00:00",21,9,4,1,14,52.833333333333336,42.36666666666667
"2020-05-17 00:00:00",21,6,12,2,13,52.93333333333333,42.233333333333334
"2020-05-18 00:00:00",21,8,10,3,17,52.8,42.166666666666664
"2020-05-19 00:00:00",16,7,6,4,16,52.833333333333336,41.96666666666667
"2020-05-20 00:00:00",19,7,8,2,17,52.733333333333334,42.266666666666666
"2020-05-21 00:00:00",18,6,7,3,17,52.733333333333334,42.666666666666664
"2020-05-22 00:00:00",17,4,6,3,19,53.03333333333333,42.833333333333336
"2020-05-23 00:00:00",19,10,10,3,25,53.8,43
"2020-05-24 00:00:00",12,6,5,5,9,53.13333333333333,43.8
"2020-05-25 00:00:00",21,7,7,3,11,53.1,43.6
"2020-05-26 00:00:00",15,9,4,2,17,53.266666666666666,43.4
"2020-05-27 00:00:00",19,7,9,3,22,53.2,43.333333333333336
"2020-05-28 00:00:00",15,2,7,4,18,53,43.233333333333334
"2020-05-29 00:00:00",20,5,5,1,13,52.8,43.36666666666667
"2020-05-30 00:00:00",17,10,9,1,20,52.63333333333333,43.6
"2020-05-31 00:00:00",19,11,11,0,22,53.2,43.166666666666664
"2020-06-01 00:00:00",16,4,8,5,19,53.266666666666666,43.666666666666664
"2020-06-02 00:00:00",16,5,9,1,14,53.1,44
"2020-06-03 00:00:00",17,5,9,2,22,53.13333333333333,44.233333333333334
"2020-06-04 00:00:00",16,3,13,5,14,53.03333333333333,44.1
"2020-06-05 00:00:00",21,1,5,2,22,52.63333333333333,43.9
"2020-06-06 00:00:00",21,5,17,4,14,52.833333333333336,44.46666666666667
"2020-06-07 00:00:00",21,6,5,4,22,53.3,44
"2020-06-08 00:00:00",15,5,8,3,8,52.333333333333336,43.86666666666667
"2020-06-09 00:00:00",16,5,9,1,23,52.666666666666664,44.166666666666664
"2020-06-10 00:00:00",18,2,7,3,18,52.46666666666667,44.666666666666664
"2020-06-11 00:00:00",25,6,11,2,16,52.96666666666667,45.2
"2020-06-12 00:00:00",19,3,4,4,17,53.1,46.36666666666667
"2020-06-13 00:00:00",18,3,9,2,22,52.56666666666667,46.7
"2020-06-14 00:00:00",18,4,7,2,16,51.86666666666667,46.86666666666667
"2020-06-15 00:00:00",20,7,4,4,21,52.1,47.233333333333334
"2020-06-16 00:00:00",18,10,12,5,16,52.333333333333336,47.86666666666667
"2020-06-17 00:00:00",20,3,6,4,15,51.96666666666667,47.8
"2020-06-18 00:00:00",17,9,7,2,17,52.06666666666667,48.03333333333333
"2020-06-19 00:00:00",20,4,9,1,14,51.9,47.7
"2020-06-20 00:00:00",28,9,8,5,23,52.63333333333333,47.5
"2020-06-21 00:00:00",17,5,11,3,13,52.63333333333333,47.733333333333334
"2020-06-22 00:00:00",20,8,8,4,20,52.4,48
"2020-06-23 00:00:00",23,4,7,6,14,52.96666666666667,48
"2020-06-24 00:00:00",20,5,7,5,24,53.36666666666667,48.63333333333333
"2020-06-25 00:00:00",20,5,10,3,11,53.43333333333333,48.766666666666666
"2020-06-26 00:00:00",20,3,6,1,21,53.13333333333333,49.3
"2020-06-27 00:00:00",22,4,6,4,22,53.53333333333333,49.4
"2020-06-28 00:00:00",16,2,10,0,20,53.666666666666664,49.9
"2020-06-29 00:00:00",25,6,12,1,19,53.86666666666667,49.766666666666666
"2020-06-30 00:00:00",20,9,5,3,16,53.53333333333333,50.63333333333333
"2020-07-01 00:00:00",20,5,7,1,22,53.63333333333333,50.666666666666664
"2020-07-02 00:00:00",17,2,7,3,14,53.56666666666667,50.46666666666667
"2020-07-03 00:00:00",24,3,6,1,23,53.63333333333333,51
"2020-07-04 00:00:00",18,5,10,2,16,53.63333333333333,51.333333333333336
"2020-07-05 00:00:00",17,5,7,2,16,53.5,51.36666666666667
"2020-07-06 00:00:00",21,5,14,3,14,53.36666666666667,51.7
"2020-07-07 00:00:00",19,5,9,2,19,53.233333333333334,52.333333333333336
"2020-07-08 00:00:00",22,6,9,1,22,53.93333333333333,52.666666666666664
"2020-07-09 00:00:00",26,4,10,2,26,54.4,52.6
"2020-07-10 00:00:00",19,4,8,1,13,54.3,53.2
"2020-07-11 00:00:00",28,3,7,2,22,54.36666666666667,53.2
"2020-07-12 00:00:00",17,4,8,4,17,54.46666666666667,52.9
"2020-07-13 00:00:00",24,6,9,4,17,54.666666666666664,52.6
"2020-07-14 00:00:00",24,6,7,5,20,55.166666666666664,52.6
"2020-07-15 00:00:00",20,4,6,0,22,55.03333333333333,52.63333333333333
"2020-07-16 00:00:00",20,8,5,0,21,54.8,52.3
"2020-07-17 00:00:00",20,2,7,3,16,54.8,52.833333333333336
"2020-07-18 00:00:00",22,4,8,3,17,54.86666666666667,53.266666666666666
"2020-07-19 00:00:00",22,7,8,1,21,55.233333333333334,53.833333333333336
"2020-07-20 00:00:00",17,5,5,5,17,54.43333333333333,53.96666666666667
"2020-07-21 00:00:00",20,1,6,3,17,54.36666666666667,54
"2020-07-22 00:00:00",12,5,10,2,18,53.93333333333333,54.2
"2020-07-23 00:00:00",20,5,8,6,18,54.03333333333333,53.666666666666664
"2020-07-24 00:00:00",22,7,5,2,18,53.8,53.53333333333333
"2020-07-25 00:00:00",28,3,10,4,22,54.4,53.53333333333333
"2020-07-26 00:00:00",16,9,9,3,13,54.36666666666667,53.733333333333334
"2020-07-27 00:00:00",22,4,8,3,15,54.166666666666664,53.333333333333336
"2020-07-28 00:00:00",22,10,10,4,17,54.666666666666664,53.266666666666666
"2020-07-29 00:00:00",17,5,10,4,17,54.333333333333336,53.666666666666664
"2020-07-30 00:00:00",25,6,7,2,23,54.666666666666664,53.3
"2020-07-31 00:00:00",17,6,8,4,21,54.7,53.36666666666667
"2020-08-01 00:00:00",22,3,5,2,24,55.13333333333333,53.833333333333336
"2020-08-02 00:00:00",21,4,7,1,15,54.833333333333336,53.43333333333333
"2020-08-03 00:00:00",24,6,10,5,18,55.233333333333334,52.96666666666667
"2020-08-04 00:00:00",18,1,6,2,23,55.333333333333336,53.833333333333336
"2020-08-05 00:00:00",17,5,4,1,14,54.8,53.4
"2020-08-06 00:00:00",19,6,9,2,21,54.9,53.3
"2020-08-07 00:00:00",21,9,7,1,21,54.86666666666667,53.7
"2020-08-08 00:00:00",16,5,10,0,27,54.53333333333333,54.1
"2020-08-09 00:00:00",20,5,7,3,18,54.8,54.13333333333333
"2020-08-10 00:00:00",21,6,6,2,21,54.6,53.833333333333336
"2020-08-11 00:00:00",17,7,5,0,23,54.666666666666664,53.46666666666667
"2020-08-12 00:00:00",23,7,6,2,15,54.43333333333333,53.36666666666667
"2020-08-13 00:00:00",21,2,6,3,12,53.833333333333336,53.166666666666664
"2020-08-14 00:00:00",18,5,7,1,25,53.96666666666667,53.166666666666664
"2020-08-15 00:00:00",21,4,13,2,16,54.03333333333333,53.266666666666666
"2020-08-16 00:00:00",18,9,13,0,18,54.36666666666667,52.93333333333333
"2020-08-17 00:00:00",23,3,6,1,20,54.333333333333336,52.63333333333333
"2020-08-18 00:00:00",20,9,10,1,28,54.63333333333333,52.43333333333333
"2020-08-19 00:00:00",23,4,9,2,31,55.3,52
"2020-08-20 00:00:00",17,9,3,1,15,55.233333333333334,51.766666666666666
"2020-08-21 00:00:00",21,6,7,1,22,55.56666666666667,51.233333333333334
"2020-08-22 00:00:00",22,3,10,0,22,55.56666666666667,51.333333333333336
"2020-08-23 00:00:00",21,5,9,1,24,55.766666666666666,51.43333333333333
"2020-08-24 00:00:00",18,6,7,1,21,55.3,51.56666666666667
"2020-08-25 00:00:00",20,3,9,3,31,55.833333333333336,51.9
"2020-08-26 00:00:00",14,8,4,1,17,55.56666666666667,51.9
"2020-08-27 00:00:00",16,10,15,2,21,55.6,51.766666666666666
"2020-08-28 00:00:00",29,3,8,4,20,55.96666666666667,52
"2020-08-29 00:00:00",15,6,10,4,19,55.666666666666664,51.833333333333336
"2020-08-30 00:00:00",16,5,6,3,21,55.5,51.733333333333334
"2020-08-31 00:00:00",15,12,12,0,17,55.5,51.53333333333333
"2020-09-01 00:00:00",26,4,3,1,24,55.833333333333336,51.7
"2020-09-02 00:00:00",26,2,10,3,16,55.63333333333333,52.06666666666667
"2020-09-03 00:00:00",19,3,9,3,17,55.666666666666664,51.333333333333336
"2020-09-04 00:00:00",19,7,11,2,19,56.233333333333334,51.9
"2020-09-05 00:00:00",25,7,13,3,15,56.43333333333333,51.63333333333333
"2020-09-06 00:00:00",26,5,7,3,19,56.46666666666667,51.43333333333333
"2020-09-07 00:00:00",27,8,11,3,21,56.86666666666667,50.56666666666667
"2020-09-08 00:00:00",17,7,7,2,16,56.733333333333334,50.36666666666667
"2020-09-09 00:00:00",15,4,9,1,19,56.46666666666667,50.63333333333333
"2020-09-10 00:00:00",22,10,10,1,23,56.93333333333333,50.5
"2020-09-11 00:00:00",25,9,8,3,14,57.13333333333333,50.733333333333334
"2020-09-12 00:00:00",21,4,6,3,17,57.36666666666667,50.9
"2020-09-13 00:00:00",24,8,14,4,15,57.666666666666664,51.06666666666667
"2020-09-14 00:00:00",26,7,8,3,27,58.166666666666664,50.96666666666667
"2020-09-15 00:00:00",19,8,10,1,21,58.2,51.7
"2020-09-16 00:00:00",19,7,7,2,22,58.333333333333336,52.266666666666666
"2020-09-17 00:00:00",23,5,9,5,21,58.166666666666664,52.266666666666666
"2020-09-18 00:00:00",29,7,8,2,31,58.43333333333333,52.233333333333334
"2020-09-19 00:00:00",19,6,8,1,18,58.666666666666664,52.733333333333334
"2020-09-20 00:00:00",21,10,10,2,21,58.9,52.7
"2020-09-21 00:00:00",19,5,13,1,21,58.96666666666667,53.03333333333333
"2020-09-22 00:00:00",24,8,8,1,14,58.8,53.2
"2020-09-23 00:00:00",25,5,10,3,22,59.2,53.06666666666667
"2020-09-24 00:00:00",20,6,8,2,23,58.96666666666667,52.53333333333333
"2020-09-25 00:00:00",18,3,7,4,22,59.3,52.4
"2020-09-26 00:00:00",23,6,15,6,16,59.36666666666667,52.63333333333333
"2020-09-27 00:00:00",18,10,10,3,25,59.43333333333333,52.6
"2020-09-28 00:00:00",27,9,10,3,26,60.13333333333333,53.1
"2020-09-29 00:00:00",26,6,9,1,20,60.5,54.03333333333333
"2020-09-30 00:00:00",17,8,5,3,18,60.333333333333336,53.8
"2020-10-01 00:00:00",22,7,10,3,23,60.56666666666667,54
"2020-10-02 00:00:00",20,7,13,1,15,60.53333333333333,54.06666666666667
"2020-10-03 00:00:00",16,6,10,2,18,60.56666666666667,54.36666666666667
"2020-10-04 00:00:00",21,7,8,2,25,60.733333333333334,53.96666666666667
"2020-10-05 00:00:00",23,7,20,1,27,61.233333333333334,54
"2020-10-06 00:00:00",17,6,9,2,21,61.06666666666667,53.56666666666667
"2020-10-07 00:00:00",27,6,7,4,23,60.96666666666667,54.2
"2020-10-08 00:00:00",24,8,15,5,20,61.733333333333334,54.36666666666667
"2020-10-09 00:00:00",16,5,9,2,23,61.96666666666667,54.166666666666664
"2020-10-10 00:00:00",25,6,11,2,16,61.766666666666666,54.766666666666666
"2020-10-11 00:00:00",24,7,14,1,19,61.96666666666667,54.63333333333333
"2020-10-12 00:00:00",21,6,4,3,16,61.93333333333333,54.3
"2020-10-13 00:00:00",24,6,7,0,20,61.666666666666664,54.4
"2020-10-14 00:00:00",20,9,3,2,18,61.03333333333333,54.46666666666667
"2020-10-15 00:00:00",18,7,12,3,24,61.2,54.666666666666664
"2020-10-16 00:00:00",18,2,9,3,16,60.9,54.53333333333333
"2020-10-17 00:00:00",16,9,8,4,19,60.666666666666664,54.4
"2020-10-18 00:00:00",18,10,9,1,20,60.03333333333333,54.93333333333333
"2020-10-19 00:00:00",22,4,10,4,25,60.46666666666667,54.53333333333333
"2020-10-20 00:00:00",26,6,8,2,20,60.4,55.4
"2020-10-21 00:00:00",21,9,9,4,20,60.53333333333333,55.333333333333336
"2020-10-22 00:00:00",23,4,7,2,19,60.53333333333333,54.93333333333333
"2020-10-23 00:00:00",17,7,8,1,19,60.1,55.06666666666667
"2020-10-24 00:00:00",22,8,12,8,22,60.53333333333333,55.03333333333333
"2020-10-25 00:00:00",23,8,7,4,12,60.53333333333333,55.93333333333333
"2020-10-26 00:00:00",18,5,12,4,21,60.333333333333336,55.46666666666667
"2020-10-27 00:00:00",25,11,10,1,15,60.2,55.7
"2020-10-28 00:00:00",15,6,8,3,25,59.6,55.13333333333333
"2020-10-29 00:00:00",25,4,14,1,20,59.666666666666664,54.266666666666666
"2020-10-30 00:00:00",25,12,3,2,19,60,54.166666666666664
"2020-10-31 00:00:00",18,5,15,1,22,59.86666666666667,53.96666666666667
"2020-11-01 00:00:00",22,4,8,2,18,59.8,54.36666666666667
"2020-11-02 00:00:00",23,2,8,2,18,59.833333333333336,54.1
"2020-11-03 00:00:00",21,6,8,3,22,59.733333333333334,54.63333333333333
"2020-11-04 00:00:00",14,6,9,0,23,58.86666666666667,54.56666666666667
"2020-11-05 00:00:00",26,6,8,2,23,59.2,54.7
"2020-11-06 00:00:00",22,8,6,2,23,59,54.86666666666667
"2020-11-07 00:00:00",21,6,7,2,20,58.46666666666667,54.666666666666664
"2020-11-08 00:00:00",21,3,12,1,16,58.4,54.7
"2020-11-09 00:00:00",21,5,10,2,16,58.2,54.4
"2020-11-10 00:00:00",22,7,9,2,23,58.13333333333333,54.4
"2020-11-11 00:00:00",21,7,8,2,23,58.5,54.36666666666667
"2020-11-12 00:00:00",12,6,10,4,23,58.43333333333333,54.233333333333334
"2020-11-13 00:00:00",27,4,6,2,16,58.53333333333333,54.2
"2020-11-14 00:00:00",14,3,10,1,15,57.833333333333336,53.6
"2020-11-15 00:00:00",16,2,5,3,11,57.46666666666667,53.233333333333334
"2020-11-16 00:00:00",25,4,10,4,19,57.666666666666664,53.233333333333334
"2020-11-17 00:00:00",19,3,9,4,15,57.4,52.8
"2020-11-18 00:00:00",21,7,4,4,18,57.03333333333333,52.63333333333333
"2020-11-19 00:00:00",12,4,5,4,17,56.36666666666667,51.53333333333333
"2020-11-20 00:00:00",19,4,9,3,23,56.2,51.2
"2020-11-21 00:00:00",24,10,3,2,18,56.266666666666666,51.1
"2020-11-22 00:00:00",16,6,7,4,12,56.03333333333333,50.833333333333336
"2020-11-23 00:00:00",25,1,7,0,23,55.5,50.6
"2020-11-24 00:00:00",25,7,7,3,13,55.53333333333333,50.13333333333333
"2020-11-25 00:00:00",21,5,6,2,15,55.166666666666664,50
"2020-11-26 00:00:00",13,4,9,3,18,54.666666666666664,49.56666666666667
"2020-11-27 00:00:00",23,3,8,2,12,54.36666666666667,49.9
"2020-11-28 00:00:00",17,4,10,2,19,53.96666666666667,49.4
"2020-11-29 00:00:00",16,9,10,5,12,53.666666666666664,50
"2020-11-30 00:00:00",23,5,5,0,18,53.333333333333336,49.63333333333333
"2020-12-01 00:00:00",24,7,12,1,20,53.666666666666664,49.36666666666667
"2020-12-02 00:00:00",23,10,8,3,16,53.9,49.2
"2020-12-03 00:00:00",15,9,6,4,14,53.5,48.36666666666667
"2020-12-04 00:00:00",23,4,12,5,20,53.9,48
"2020-12-05 00:00:00",12,12,7,1,22,53.53333333333333,48.06666666666667
"2020-12-06 00:00:00",24,6,6,2,13,53.2,48.03333333333333
"2020-12-07 00:00:00",16,3,12,2,13,52.86666666666667,47.43333333333333
"2020-12-08 00:00:00",24,5,2,1,16,52.7,47.53333333333333
"2020-12-09 00:00:00",22,5,9,3,22,52.93333333333333,46.96666666666667
"2020-12-10 00:00:00",20,8,8,3,21,52.833333333333336,46.4
"2020-12-11 00:00:00",17,4,5,2,21,52.43333333333333,46.46666666666667
"2020-12-12 00:00:00",17,6,8,5,20,52.46666666666667,46.766666666666666
"2020-12-13 00:00:00",16,5,8,2,16,52.2,47.233333333333334
"2020-12-14 00:00:00",15,8,13,3,17,52.63333333333333,47.2
"2020-12-15 00:00:00",24,4,7,2,18,53.233333333333334,47.36666666666667
"2020-12-16 00:00:00",24,8,11,5,16,53.3,47.5
"2020-12-17 00:00:00",19,5,2,4,20,53.3,47.86666666666667
"2020-12-18 00:00:00",21,1,10,3,18,53.266666666666666,48.166666666666664
"2020-12-19 00:00:00",13,12,8,2,17,53.6,49
"2020-12-20 00:00:00",12,5,8,3,20,53.266666666666666,49.4
"2020-12-21 00:00:00",19,4,5,4,14,52.9,49.333333333333336
"2020-12-22 00:00:00",26,4,13,1,17,53.43333333333333,50.266666666666666
"2020-12-23 00:00:00",22,5,10,3,21,53.6,50.1
"2020-12-24 00:00:00",16,3,11,2,15,53.333333333333336,50.03333333333333
"2020-12-25 00:00:00",22,4,7,2,18,53.46666666666667,50.5
"2020-12-26 00:00:00",19,6,5,3,20,53.666666666666664,50.833333333333336
"2020-12-27 00:00:00",17,5,4,0,19,53.56666666666667,51
"2020-12-28 00:00:00",16,5,17,1,15,53.63333333333333,51.4
"2020-12-29 00:00:00",19,9,6,3,13,53.56666666666667,51.233333333333334
"2020-12-30 00:00:00",17,9,13,5,15,53.833333333333336,51.7
"2020-12-31 00:00:00",16,8,7,4,13,53.3,51.766666666666666
"2021-01-01 00:00:00",17,4,11,4,11,52.86666666666667,52.63333333333333
"2021-01-02 00:00:00",24,3,11,1,21,53.266666666666666,53.233333333333334
"2021-01-03 00:00:00",17,3,12,6,14,52.86666666666667,53.833333333333336
"2021-01-04 00:00:00",19,3,3,2,15,52.46666666666667,53.56666666666667
"2021-01-05 00:00:00",21,6,12,4,17,52.766666666666666,53.8
"2021-01-06 00:00:00",15,9,9,2,23,53.166666666666664,54.03333333333333
"2021-01-07 00:00:00",15,1,9,0,8,52.666666666666664,54.03333333333333
"2021-01-08 00:00:00",22,5,4,3,24,52.56666666666667,54.86666666666667
"2021-01-09 00:00:00",20,8,6,0,15,52.2,55.1
"2021-01-10 00:00:00",18,6,11,4,21,52.56666666666667,54.56666666666667
"2021-01-11 00:00:00",25,5,13,4,17,52.833333333333336,53.46666666666667
"2021-01-12 00:00:00",22,5,5,2,14,52.86666666666667,53.5
"2021-01-13 00:00:00",15,5,11,6,24,53.03333333333333,53.46666666666667
"2021-01-14 00:00:00",18,5,9,4,15,52.9,53.53333333333333
"2021-01-15 00:00:00",12,4,8,4,15,52.2,53.3
"2021-01-16 00:00:00",19,5,7,1,16,52.13333333333333,53.36666666666667
"2021-01-17 00:00:00",18,8,8,0,34,52.63333333333333,54.03333333333333
"2021-01-18 00:00:00",16,5,9,2,16,52.5,53.93333333333333
"2021-01-19 00:00:00",19,8,11,1,19,52.833333333333336,54
"2021-01-20 00:00:00",25,10,10,3,21,53.6,54.1
"2021-01-21 00:00:00",18,5,5,0,13,52.93333333333333,53.733333333333334
"2021-01-22 00:00:00",19,4,3,4,16,52.43333333333333,54.266666666666666
"2021-01-23 00:00:00",15,8,7,4,18,52.6,54.166666666666664
"2021-01-24 00:00:00",11,6,14,4,17,52.56666666666667,53.8
"2021-01-25 00:00:00",21,7,14,1,19,52.86666666666667,52.6
"2021-01-26 00:00:00",15,5,9,3,23,53.2,52.833333333333336
"2021-01-27 00:00:00",31,12,11,2,18,53.86666666666667,53.266666666666666
"2021-01-28 00:00:00",21,9,6,3,31,54.53333333333333,53.13333333333333
"2021-01-29 00:00:00",25,6,8,2,17,54.5,53.03333333333333
"2021-01-30 00:00:00",19,3,8,4,20,54.7,52.43333333333333
"2021-01-31 00:00:00",18,9,10,1,17,54.96666666666667,52.03333333333333
"2021-02-01 00:00:00",24,5,6,3,18,54.833333333333336,51.8
"2021-02-02 00:00:00",21,4,9,1,18,54.86666666666667,51.666666666666664
"2021-02-03 00:00:00",26,9,13,3,24,55.96666666666667,52.1
"2021-02-04 00:00:00",19,8,12,2,24,56.13333333333333,51.96666666666667
"2021-02-05 00:00:00",24,3,8,3,23,56.233333333333334,52.766666666666666
"2021-02-06 00:00:00",20,5,6,5,24,57.13333333333333,52.766666666666666
"2021-02-07 00:00:00",19,12,8,4,18,57.233333333333334,52.43333333333333
"2021-02-08 00:00:00",21,3,10,0,20,57.4,52.666666666666664
"2021-02-09 00:00:00",17,8,12,1,23,57.43333333333333,53.53333333333333
"2021-02-10 00:00:00",23,8,12,3,22,57.56666666666667,54.1
"2021-02-11 00:00:00",18,7,7,5,21,57.9,53.233333333333334
"2021-02-12 00:00:00",21,6,6,1,18,57.6,52.93333333333333
"2021-02-13 00:00:00",11,8,10,4,21,57.7,53.13333333333333
"2021-02-14 00:00:00",21,5,7,2,20,58.1,54.266666666666666
"2021-02-15 00:00:00",18,8,9,1,25,58.53333333333333,54.56666666666667
"2021-02-16 00:00:00",20,7,9,4,21,58.3,53.93333333333333
"2021-02-17 00:00:00",20,7,11,2,18,58.63333333333333,53.733333333333334
"2021-02-18 00:00:00",18,8,9,2,16,58.46666666666667,53.9
"2021-02-19 00:00:00",20,4,8,0,16,57.766666666666666,54.5
"2021-02-20 00:00:00",19,6,5,0,16,57.93333333333333,54.266666666666666
"2021-02-21 00:00:00",23,7,9,2,17,58.333333333333336,54.4
"2021-02-22 00:00:00",22,4,10,4,21,58.63333333333333,54.53333333333333
"2021-02-23 00:00:00",26,8,9,3,27,59.333333333333336,55.43333333333333
"2021-02-24 00:00:00",19,8,9,1,16,59.03333333333333,56.3
"2021-02-25 00:00:00",23,7,7,1,13,58.9,55.766666666666666
"2021-02-26 00:00:00",21,2,1,1,18,57.86666666666667,54.833333333333336
"2021-02-27 00:00:00",14,7,9,2,24,57.4,55.03333333333333
"2021-02-28 00:00:00",20,10,8,3,13,57.266666666666666,55.9
"2021-03-01 00:00:00",24,4,13,4,27,57.86666666666667,56.36666666666667
"2021-03-02 00:00:00",18,5,17,1,22,58.13333333333333,56.4
"2021-03-03 00:00:00",24,10,10,3,23,58.6,56.13333333333333
"2021-03-04 00:00:00",24,9,2,1,21,58.733333333333334,55.9
"2021-03-05 00:00:00",22,9,13,3,17,58.36666666666667,56.03333333333333
"2021-03-06 00:00:00",20,2,6,0,18,57.733333333333334,55.93333333333333
"2021-03-07 00:00:00",16,2,5,1,19,57.13333333333333,55.766666666666666
"2021-03-08 00:00:00",18,9,8,4,18,57.03333333333333,55.666666666666664
"2021-03-09 00:00:00",18,14,15,5,28,57.666666666666664,55.56666666666667
"2021-03-10 00:00:00",19,6,10,3,23,57.9,55.733333333333334
"2021-03-11 00:00:00",19,8,10,1,21,57.833333333333336,55.93333333333333
"2021-03-12 00:00:00",21,5,6,1,23,57.43333333333333,56.6
"2021-03-13 00:00:00",18,4,7,3,19,57.2,56.96666666666667
"2021-03-14 00:00:00",22,6,16,3,24,57.833333333333336,57.266666666666666
"2021-03-15 00:00:00",14,9,10,2,21,57.9,56.733333333333334
"2021-03-16 00:00:00",17,9,12,2,20,58.06666666666667,56.1
"2021-03-17 00:00:00",19,5,9,3,12,57.63333333333333,55.8
"2021-03-18 00:00:00",23,9,8,3,20,57.7,55.666666666666664
"2021-03-19 00:00:00",17,4,9,2,23,57.6,55.733333333333334
"2021-03-20 00:00:00",21,4,11,2,20,57.766666666666666,55.46666666666667
"2021-03-21 00:00:00",22,5,5,0,14,57.7,54.766666666666666
"2021-03-22 00:00:00",19,9,9,2,21,58.166666666666664,54.46666666666667
"2021-03-23 00:00:00",21,12,9,4,23,58.53333333333333,53.8
"2021-03-24 00:00:00",28,4,8,2,22,58.63333333333333,53.86666666666667
"2021-03-25 00:00:00",16,10,6,5,19,58.06666666666667,53.2
"2021-03-26 00:00:00",23,6,5,3,21,58.233333333333334,53.766666666666666
"2021-03-27 00:00:00",18,9,11,4,24,58.733333333333334,54.166666666666664
"2021-03-28 00:00:00",13,5,9,3,24,59.1,54.86666666666667
"2021-03-29 00:00:00",15,4,4,3,17,58.666666666666664,54.3
"2021-03-30 00:00:00",22,5,8,1,19,58.7,53.266666666666666
"2021-03-31 00:00:00",25,8,10,0,25,58.56666666666667,53.9
"2021-04-01 00:00:00",18,6,18,4,21,58.7,53.766666666666666
"2021-04-02 00:00:00",22,10,8,1,22,58.46666666666667,54.4
"2021-04-03 00:00:00",21,9,6,1,19,58.43333333333333,54.333333333333336
"2021-04-04 00:00:00",12,5,4,3,19,57.733333333333334,54.3
"2021-04-05 00:00:00",21,4,2,1,18,57.733333333333334,54.1
"2021-04-06 00:00:00",14,9,10,6,17,58.166666666666664,53.93333333333333
"2021-04-07 00:00:00",19,7,9,2,21,58.2,54.266666666666666
"2021-04-08 00:00:00",19,6,11,3,28,57.766666666666666,54.7
"2021-04-09 00:00:00",22,5,11,3,25,57.93333333333333,54.766666666666666
"2021-04-10 00:00:00",22,10,10,4,22,58.233333333333334,54.4
"2021-04-11 00:00:00",18,4,14,1,21,58.3,54.03333333333333
"2021-04-12 00:00:00",24,7,14,3,16,58.733333333333334,54.06666666666667
"2021-04-13 00:00:00",17,3,12,1,17,58.03333333333333,53.93333333333333
"2021-04-14 00:00:00",24,7,7,2,17,58.06666666666667,54.233333333333334
"2021-04-15 00:00:00",14,12,16,2,18,58.13333333333333,53.36666666666667
"2021-04-16 00:00:00",28,3,10,0,17,58.46666666666667,53.13333333333333
"2021-04-17 00:00:00",20,6,13,3,17,58.333333333333336,53.06666666666667
"2021-04-18 00:00:00",6,9,14,2,23,58.3,53.43333333333333
"2021-04-19 00:00:00",31,4,11,2,24,58.766666666666666,53.2
"2021-04-20 00:00:00",19,8,16,4,19,59.43333333333333,53.56666666666667
"2021-04-21 00:00:00",19,8,11,4,15,59.333333333333336,53.733333333333334
"2021-04-22 00:00:00",18,6,12,4,25,59.2,53.63333333333333
"2021-04-23 00:00:00",21,7,8,2,20,59,53.266666666666666
"2021-04-24 00:00:00",20,7,11,2,24,59.266666666666666,53.4
"2021-04-25 00:00:00",18,5,9,1,20,59.1,52.8
"2021-04-26 00:00:00",22,4,13,3,28,59.233333333333334,52.2
"2021-04-27 00:00:00",20,7,6,2,20,59.266666666666666,52.4
"2021-04-28 00:00:00",18,10,12,2,14,59.7,52.8
"2021-04-29 00:00:00",23,3,9,2,21,59.8,52.96666666666667
"2021-04-30 00:00:00",20,6,5,5,24,59.53333333333333,52.666666666666664
"2021-05-01 00:00:00",21,7,16,2,22,59.56666666666667,52.43333333333333
"2021-05-02 00:00:00",18,8,5,6,19,59.333333333333336,52
"2021-05-03 00:00:00",22,7,13,1,23,59.666666666666664,52.333333333333336
"2021-05-04 00:00:00",16,5,10,1,23,60.06666666666667,52.233333333333334
"2021-05-05 00:00:00",20,2,13,2,27,60.666666666666664,52.266666666666666
"2021-05-06 00:00:00",17,9,8,3,19,60.666666666666664,52.3
"2021-05-07 00:00:00",18,4,10,2,32,60.93333333333333,52.166666666666664
"2021-05-08 00:00:00",16,3,5,6,28,60.63333333333333,51.7
"2021-05-09 00:00:00",14,8,11,1,12,59.96666666666667,52.166666666666664
"2021-05-10 00:00:00",24,11,17,5,19,60.233333333333334,51.9
"2021-05-11 00:00:00",23,6,11,2,20,60.36666666666667,51.833333333333336
"2021-05-12 00:00:00",26,6,6,0,21,60.2,51.56666666666667
"2021-05-13 00:00:00",16,3,8,1,20,60.13333333333333,51.3
"2021-05-14 00:00:00",18,4,5,1,19,59.8,51.766666666666666
"2021-05-15 00:00:00",16,8,14,2,21,59.766666666666666,52.86666666666667
"2021-05-16 00:00:00",16,4,12,0,26,59.766666666666666,52.833333333333336
"2021-05-17 00:00:00",22,6,13,3,22,60,52.93333333333333
"2021-05-18 00:00:00",21,8,9,1,15,60,52.8
"2021-05-19 00:00:00",23,9,9,3,19,59.7,52.833333333333336
"2021-05-20 00:00:00",17,3,15,2,26,59.6,52.733333333333334
"2021-05-21 00:00:00",21,5,5,3,16,59.36666666666667,52.733333333333334
"2021-05-22 00:00:00",23,5,10,2,19,59.166666666666664,53.03333333333333
"2021-05-23 00:00:00",17,7,9,1,17,58.93333333333333,53.8
"2021-05-24 00:00:00",21,6,12,2,26,59.03333333333333,53.13333333333333
"2021-05-25 00:00:00",21,6,7,4,20,59.2,53.1
"2021-05-26 00:00:00",22,5,17,6,20,59.2,53.266666666666666
"2021-05-27 00:00:00",22,5,7,3,17,59.166666666666664,53.2
"2021-05-28 00:00:00",25,3,7,1,19,59.13333333333333,53
"2021-05-29 00:00:00",20,10,4,2,24,59.2,52.8
"2021-05-30 00:00:00",18,7,11,3,27,59.4,52.63333333333333
"2021-05-31 00:00:00",19,6,16,3,17,59.166666666666664,53.2
"2021-06-01 00:00:00",18,7,12,1,27,59.46666666666667,53.266666666666666
"2021-06-02 00:00:00",24,6,11,0,18,59.233333333333334,53.1
"2021-06-03 00:00:00",18,7,10,3,26,59.53333333333333,53.13333333333333
"2021-06-04 00:00:00",19,9,9,3,26,59.6,53.03333333333333
"2021-06-05 00:00:00",21,5,10,5,23,59.86666666666667,52.63333333333333
"2021-06-06 00:00:00",15,9,7,2,18,59.36666666666667,52.833333333333336
"2021-06-07 00:00:00",20,5,10,2,24,59.46666666666667,53.3
"2021-06-08 00:00:00",23,9,9,4,22,60.166666666666664,52.333333333333336
"2021-06-09 00:00:00",23,9,12,1,21,59.833333333333336,52.666666666666664
"2021-06-10 00:00:00",18,8,10,2,22,59.766666666666666,52.46666666666667
"2021-06-11 00:00:00",19,8,12,2,20,59.833333333333336,52.96666666666667
"2021-06-12 00:00:00",15,2,13,2,22,60.03333333333333,53.1
"2021-06-13 00:00:00",22,9,13,2,22,60.733333333333334,52.56666666666667
"2021-06-14 00:00:00",21,6,12,2,25,60.9,51.86666666666667
"2021-06-15 00:00:00",20,3,12,1,18,60.766666666666666,52.1
"2021-06-16 00:00:00",24,6,7,1,18,60.43333333333333,52.333333333333336
"2021-06-17 00:00:00",11,11,6,2,19,60.266666666666666,51.96666666666667
"2021-06-18 00:00:00",18,3,6,1,24,59.9,52.06666666666667
"2021-06-19 00:00:00",14,5,11,3,22,59.63333333333333,51.9
"2021-06-20 00:00:00",21,9,11,1,18,59.96666666666667,52.63333333333333
"2021-06-21 00:00:00",23,6,16,2,23,60.333333333333336,52.63333333333333
"2021-06-22 00:00:00",23,5,8,1,16,60.4,52.4
"2021-06-23 00:00:00",19,2,13,3,21,60.1,52.96666666666667
"2021-06-24 00:00:00",17,10,5,2,23,60.06666666666667,53.36666666666667
"2021-06-25 00:00:00",23,7,10,8,19,59.96666666666667,53.43333333333333
"2021-06-26 00:00:00",19,2,11,3,12,59.733333333333334,53.13333333333333
"2021-06-27 00:00:00",22,2,12,4,19,59.86666666666667,53.53333333333333
"2021-06-28 00:00:00",18,7,15,4,25,60.166666666666664,53.666666666666664
"2021-06-29 00:00:00",17,6,12,2,28,60.13333333333333,53.86666666666667
"2021-06-30 00:00:00",27,5,6,1,20,60.06666666666667,53.53333333333333
"2021-07-01 00:00:00",21,4,11,2,24,59.96666666666667,53.63333333333333
"2021-07-02 00:00:00",24,3,8,1,19,59.833333333333336,53.56666666666667
"2021-07-03 00:00:00",17,8,8,3,14,59.36666666666667,53.63333333333333
"2021-07-04 00:00:00",19,7,14,5,16,59.2,53.63333333333333
"2021-07-05 00:00:00",14,7,5,1,18,58.56666666666667,53.5
"2021-07-06 00:00:00",25,9,11,3,21,59.166666666666664,53.36666666666667
"2021-07-07 00:00:00",24,8,7,3,15,59.03333333333333,53.233333333333334
"2021-07-08 00:00:00",11,9,11,2,27,58.8,53.93333333333333
"2021-07-09 00:00:00",23,6,6,0,20,58.43333333333333,54.4
"2021-07-10 00:00:00",20,5,17,2,23,58.666666666666664,54.3
"2021-07-11 00:00:00",21,9,7,2,24,58.733333333333334,54.36666666666667
"2021-07-12 00:00:00",18,5,12,2,14,58.63333333333333,54.46666666666667
"2021-07-13 00:00:00",26,6,6,5,22,58.53333333333333,54.666666666666664
"2021-07-14 00:00:00",18,8,12,0,18,58.2,55.166666666666664
"2021-07-15 00:00:00",10,5,12,4,22,58.166666666666664,55.03333333333333
"2021-07-16 00:00:00",26,4,9,2,16,58.2,54.8
"2021-07-17 00:00:00",14,6,7,4,25,58.43333333333333,54.8
"2021-07-18 00:00:00",21,6,11,1,17,58.56666666666667,54.86666666666667
"2021-07-19 00:00:00",15,7,8,3,25,58.666666666666664,55.233333333333334
"2021-07-20 00:00:00",25,3,9,1,20,58.6,54.43333333333333
"2021-07-21 00:00:00",17,5,8,4,21,58.1,54.36666666666667
"2021-07-22 00:00:00",14,5,12,4,27,58.4,53.93333333333333
"2021-07-23 00:00:00",18,4,11,2,23,58.4,54.03333333333333
"2021-07-24 00:00:00",22,10,7,2,20,58.53333333333333,53.8
"2021-07-25 00:00:00",16,6,8,4,29,58.4,54.4
"2021-07-26 00:00:00",23,4,9,2,18,58.7,54.36666666666667
"2021-07-27 00:00:00",17,9,11,4,25,58.93333333333333,54.166666666666664
"2021-07-28 00:00:00",21,6,9,4,28,58.9,54.666666666666664
"2021-07-29 00:00:00",17,3,9,3,19,58.43333333333333,54.333333333333336
"2021-07-30 00:00:00",19,8,8,3,22,58.46666666666667,54.666666666666664
"2021-07-31 00:00:00",17,5,11,2,18,58.166666666666664,54.7
"2021-08-01 00:00:00",18,6,6,3,15,57.93333333333333,55.13333333333333
"2021-08-02 00:00:00",17,7,13,4,19,58.266666666666666,54.833333333333336
"2021-08-03 00:00:00",15,5,12,0,27,58.2,55.233333333333334
"2021-08-04 00:00:00",19,7,7,1,20,58.5,55.333333333333336
"2021-08-05 00:00:00",17,7,9,3,21,58.1,54.8
"2021-08-06 00:00:00",17,5,6,4,30,58.266666666666666,54.9
"2021-08-07 00:00:00",17,12,7,1,18,58.1,54.86666666666667
"2021-08-08 00:00:00",17,3,10,2,19,57.96666666666667,54.53333333333333
"2021-08-09 00:00:00",22,5,9,3,23,57.8,54.8
"2021-08-10 00:00:00",24,8,14,1,17,57.833333333333336,54.6
"2021-08-11 00:00:00",20,7,13,2,32,58.6,54.666666666666664
"2021-08-12 00:00:00",21,8,7,5,16,58.333333333333336,54.43333333333333
"2021-08-13 00:00:00",18,4,9,3,14,58.06666666666667,53.833333333333336
"2021-08-14 00:00:00",21,5,8,2,22,58.233333333333334,53.96666666666667
"2021-08-15 00:00:00",20,7,19,3,22,58.7,54.03333333333333
"2021-08-16 00:00:00",16,5,4,5,23,58.6,54.36666666666667
"2021-08-17 00:00:00",18,9,8,1,22,58.666666666666664,54.333333333333336
"2021-08-18 00:00:00",16,5,12,2,21,58.6,54.63333333333333
"2021-08-19 00:00:00",23,10,11,3,21,58.93333333333333,55.3
"2021-08-20 00:00:00",15,6,4,3,19,58.666666666666664,55.233333333333334
"2021-08-21 00:00:00",16,10,20,3,26,59.1,55.56666666666667
"2021-08-22 00:00:00",23,6,9,3,23,59.3,55.56666666666667
"2021-08-23 00:00:00",20,6,11,5,24,59.46666666666667,55.766666666666666
"2021-08-24 00:00:00",22,4,9,4,20,59.333333333333336,55.3
"2021-08-25 00:00:00",21,3,6,4,28,59.53333333333333,55.833333333333336
"2021-08-26 00:00:00",16,8,13,4,27,59.6,55.56666666666667
"2021-08-27 00:00:00",21,9,5,3,19,59.233333333333334,55.6
"2021-08-28 00:00:00",11,7,8,3,22,59.233333333333334,55.96666666666667
"2021-08-29 00:00:00",18,10,5,1,25,59.2,55.666666666666664
"2021-08-30 00:00:00",24,6,11,3,23,59.666666666666664,55.5
"2021-08-31 00:00:00",17,8,10,2,20,59.96666666666667,55.5
"2021-09-01 00:00:00",20,5,11,1,21,59.9,55.833333333333336
"2021-09-02 00:00:00",22,8,9,5,23,60.166666666666664,55.63333333333333
"2021-09-03 00:00:00",19,8,10,1,19,60.266666666666666,55.666666666666664
"2021-09-04 00:00:00",17,6,12,2,30,60.6,56.233333333333334
"2021-09-05 00:00:00",19,6,6,2,15,60.13333333333333,56.43333333333333
"2021-09-06 00:00:00",27,6,8,2,22,60.46666666666667,56.46666666666667
"2021-09-07 00:00:00",18,7,11,2,23,60.8,56.86666666666667
"2021-09-08 00:00:00",17,11,12,2,21,60.833333333333336,56.733333333333334
"2021-09-09 00:00:00",19,5,12,5,22,60.8,56.46666666666667
"2021-09-10 00:00:00",18,5,9,5,20,60.233333333333334,56.93333333333333
"2021-09-11 00:00:00",19,5,7,1,19,60.03333333333333,57.13333333333333
"2021-09-12 00:00:00",21,3,11,3,21,60.4,57.36666666666667
"2021-09-13 00:00:00",20,6,16,3,24,60.766666666666666,57.666666666666664
"2021-09-14 00:00:00",12,6,6,2,24,60.06666666666667,58.166666666666664
"2021-09-15 00:00:00",21,7,15,4,27,60.766666666666666,58.2
"2021-09-16 00:00:00",21,9,14,2,22,61.1,58.333333333333336
"2021-09-17 00:00:00",22,10,6,2,25,61.4,58.166666666666664
"2021-09-18 00:00:00",15,6,12,3,14,60.8,58.43333333333333
"2021-09-19 00:00:00",19,6,12,2,22,61.266666666666666,58.666666666666664
"2021-09-20 00:00:00",21,6,11,2,25,60.93333333333333,58.9
"2021-09-21 00:00:00",17,6,8,3,22,60.666666666666664,58.96666666666667
"2021-09-22 00:00:00",18,6,11,2,21,60.4,58.8
"2021-09-23 00:00:00",21,5,10,4,26,60.63333333333333,59.2
"2021-09-24 00:00:00",20,6,12,2,23,60.666666666666664,58.96666666666667
"2021-09-25 00:00:00",20,6,13,4,18,60.43333333333333,59.3
"2021-09-26 00:00:00",19,10,6,5,19,60.5,59.36666666666667
"2021-09-27 00:00:00",21,7,7,4,27,61,59.43333333333333
"2021-09-28 00:00:00",19,2,10,1,23,60.86666666666667,60.13333333333333
"2021-09-29 00:00:00",17,8,9,3,18,60.46666666666667,60.5
"2021-09-30 00:00:00",20,14,8,3,23,60.833333333333336,60.333333333333336
"2021-10-01 00:00:00",15,7,14,2,25,61,60.56666666666667
"2021-10-02 00:00:00",21,7,7,3,20,60.7,60.53333333333333
"2021-10-03 00:00:00",15,6,4,1,14,60.13333333333333,60.56666666666667
"2021-10-04 00:00:00",22,4,14,3,16,59.86666666666667,60.733333333333334
"2021-10-05 00:00:00",18,6,12,3,26,60.43333333333333,61.233333333333334
"2021-10-06 00:00:00",17,13,7,3,27,60.5,61.06666666666667
"2021-10-07 00:00:00",18,8,18,6,25,60.96666666666667,60.96666666666667
"2021-10-08 00:00:00",17,10,7,1,21,60.733333333333334,61.733333333333334
"2021-10-09 00:00:00",17,6,15,0,21,60.6,61.96666666666667
"2021-10-10 00:00:00",16,8,7,4,20,60.53333333333333,61.766666666666666
"2021-10-11 00:00:00",25,8,10,3,25,61.2,61.96666666666667
"2021-10-12 00:00:00",20,3,13,2,23,61.266666666666666,61.93333333333333
"2021-10-13 00:00:00",15,8,15,2,16,60.833333333333336,61.666666666666664
"2021-10-14 00:00:00",18,3,7,3,24,61,61.03333333333333
"2021-10-15 00:00:00",17,9,12,2,26,60.733333333333334,61.2
"2021-10-16 00:00:00",21,5,13,0,16,60.3,60.9
"2021-10-17 00:00:00",16,6,16,3,25,60.333333333333336,60.666666666666664
"2021-10-18 00:00:00",19,10,11,1,13,60.46666666666667,60.03333333333333
"2021-10-19 00:00:00",16,10,11,2,23,60.5,60.46666666666667
"2021-10-20 00:00:00",26,12,7,2,26,60.766666666666666,60.4
"2021-10-21 00:00:00",20,12,12,1,21,61.1,60.53333333333333
"2021-10-22 00:00:00",19,3,8,2,16,60.766666666666666,60.53333333333333
"2021-10-23 00:00:00",16,6,13,2,18,60.4,60.1
"2021-10-24 00:00:00",15,7,17,4,22,60.46666666666667,60.53333333333333
"2021-10-25 00:00:00",18,7,11,3,15,60.233333333333334,60.53333333333333
"2021-10-26 00:00:00",23,6,10,5,19,60.36666666666667,60.333333333333336
"2021-10-27 00:00:00",19,4,10,4,21,60.1,60.2
"2021-10-28 00:00:00",16,12,15,1,23,60.5,59.6
"2021-10-29 00:00:00",20,8,11,1,15,60.5,59.666666666666664
"2021-10-30 00:00:00",20,5,13,2,31,60.6,60
"2021-10-31 00:00:00",17,8,10,4,20,60.46666666666667,59.86666666666667
"2021-11-01 00:00:00",19,8,11,3,26,60.766666666666666,59.8
"2021-11-02 00:00:00",18,8,7,1,29,61.53333333333333,59.833333333333336
"2021-11-03 00:00:00",18,7,8,1,29,61.666666666666664,59.733333333333334
"2021-11-04 00:00:00",18,4,6,2,16,61.03333333333333,58.86666666666667
"2021-11-05 00:00:00",17,7,9,2,24,60.766666666666666,59.2
"2021-11-06 00:00:00",12,10,8,2,27,60.233333333333334,59
"2021-11-07 00:00:00",15,6,7,2,21,60.06666666666667,58.46666666666667
"2021-11-08 00:00:00",20,9,12,3,24,60.36666666666667,58.4
"2021-11-09 00:00:00",17,6,10,2,23,60.46666666666667,58.2
"2021-11-10 00:00:00",22,10,5,0,22,60.06666666666667,58.13333333333333
"2021-11-11 00:00:00",18,11,9,4,23,60.2,58.5
"2021-11-12 00:00:00",15,5,6,2,23,60.03333333333333,58.43333333333333
"2021-11-13 00:00:00",22,8,7,2,20,60.166666666666664,58.53333333333333
"2021-11-14 00:00:00",18,5,6,1,16,59.5,57.833333333333336
"2021-11-15 00:00:00",16,10,13,3,20,59.733333333333334,57.46666666666667
"2021-11-16 00:00:00",20,5,10,4,18,59.43333333333333,57.666666666666664
"2021-11-17 00:00:00",23,5,14,2,21,59.8,57.4
"2021-11-18 00:00:00",19,4,8,3,20,59.53333333333333,57.03333333333333
"2021-11-19 00:00:00",17,7,7,4,20,58.93333333333333,56.36666666666667
"2021-11-20 00:00:00",22,8,9,2,27,59,56.2
"2021-11-21 00:00:00",17,11,12,2,27,59.7,56.266666666666666
"2021-11-22 00:00:00",17,5,9,2,29,59.93333333333333,56.03333333333333
"2021-11-23 00:00:00",23,7,6,4,25,59.93333333333333,55.5
"2021-11-24 00:00:00",21,11,10,3,17,60.2,55.53333333333333
"2021-11-25 00:00:00",14,13,4,2,21,59.9,55.166666666666664
"2021-11-26 00:00:00",21,7,11,4,25,60.233333333333334,54.666666666666664
"2021-11-27 00:00:00",20,8,9,2,18,59.9,54.36666666666667
"2021-11-28 00:00:00",18,10,12,1,21,60.13333333333333,53.96666666666667
"2021-11-29 00:00:00",15,14,7,2,23,59.8,53.666666666666664
"2021-11-30 00:00:00",18,6,9,2,22,59.733333333333334,53.333333333333336
"2021-12-01 00:00:00",19,12,11,2,22,59.7,53.666666666666664
"2021-12-02 00:00:00",15,8,11,3,20,59.5,53.9
"2021-12-03 00:00:00",17,3,7,4,21,59.13333333333333,53.5
"2021-12-04 00:00:00",15,6,6,1,22,59.266666666666666,53.9
"2021-12-05 00:00:00",18,9,10,2,16,59.13333333333333,53.53333333333333
"2021-12-06 00:00:00",26,4,14,1,28,59.6,53.2
"2021-12-07 00:00:00",18,10,10,2,24,60.03333333333333,52.86666666666667
"2021-12-08 00:00:00",15,4,6,2,29,59.63333333333333,52.7
"2021-12-09 00:00:00",18,10,7,3,21,59.666666666666664,52.93333333333333
"2021-12-10 00:00:00",16,8,8,1,19,59.43333333333333,52.833333333333336
"2021-12-11 00:00:00",20,9,8,2,21,59.266666666666666,52.43333333333333
"2021-12-12 00:00:00",20,4,4,1,19,59.166666666666664,52.46666666666667
"2021-12-13 00:00:00",18,8,11,5,21,59.3,52.2
"2021-12-14 00:00:00",19,8,16,1,29,60.2,52.63333333333333
"2021-12-15 00:00:00",18,5,12,2,14,59.833333333333336,53.233333333333334
"2021-12-16 00:00:00",19,9,13,10,28,60.56666666666667,53.3
"2021-12-17 00:00:00",16,5,16,0,19,60.266666666666666,53.3
"2021-12-18 00:00:00",18,8,8,3,19,60.333333333333336,53.266666666666666
"2021-12-19 00:00:00",19,5,16,4,21,60.666666666666664,53.6
"2021-12-20 00:00:00",20,4,11,0,21,60.266666666666666,53.266666666666666
"2021-12-21 00:00:00",12,8,9,1,22,59.7,52.9
"2021-12-22 00:00:00",14,9,8,5,24,59.63333333333333,53.43333333333333
"2021-12-23 00:00:00",20,9,7,6,22,59.6,53.6
"2021-12-24 00:00:00",22,6,8,1,17,59.333333333333336,53.333333333333336
"2021-12-25 00:00:00",23,6,14,3,26,59.93333333333333,53.46666666666667
"2021-12-26 00:00:00",18,13,7,2,19,59.63333333333333,53.666666666666664
"2021-12-27 00:00:00",17,3,8,2,21,59.43333333333333,53.56666666666667
"2021-12-28 00:00:00",18,7,6,2,21,59.166666666666664,53.63333333333333
"2021-12-29 00:00:00",12,7,14,4,22,59.1,53.56666666666667
"2021-12-30 00:00:00",14,8,11,3,19,59.03333333333333,53.833333333333336
"2021-12-31 00:00:00",17,6,3,5,16,58.4,53.3
"2022-01-01 00:00:00",17,8,7,3,16,58.2,52.86666666666667
"2022-01-02 00:00:00",16,9,7,4,17,58.233333333333334,53.266666666666666
"2022-01-03 00:00:00",21,7,6,4,25,58.666666666666664,52.86666666666667
"2022-01-04 00:00:00",19,3,9,1,16,58.43333333333333,52.46666666666667
"2022-01-05 00:00:00",12,7,10,3,18,57.666666666666664,52.766666666666666
"2022-01-06 00:00:00",15,8,9,5,26,57.63333333333333,53.166666666666664
"2022-01-07 00:00:00",16,9,11,1,23,57.766666666666666,52.666666666666664
"2022-01-08 00:00:00",16,4,8,2,23,57.56666666666667,52.56666666666667
"2022-01-09 00:00:00",18,9,8,3,17,57.666666666666664,52.2
"2022-01-10 00:00:00",20,11,10,2,28,58.03333333333333,52.56666666666667
"2022-01-11 00:00:00",16,6,11,3,22,58.36666666666667,52.833333333333336
"2022-01-12 00:00:00",21,8,14,3,21,58.5,52.86666666666667
"2022-01-13 00:00:00",19,12,9,4,25,58.36666666666667,53.03333333333333
"2022-01-14 00:00:00",16,8,5,4,19,58.4,52.9
"2022-01-15 00:00:00",20,10,13,2,19,57.9,52.2
"2022-01-16 00:00:00",16,5,4,2,17,57.5,52.13333333333333
"2022-01-17 00:00:00",19,8,13,2,25,57.86666666666667,52.63333333333333
"2022-01-18 00:00:00",17,9,8,2,19,57.53333333333333,52.5
"2022-01-19 00:00:00",22,6,13,1,26,57.93333333333333,52.833333333333336
"2022-01-20 00:00:00",11,6,11,4,23,58.03333333333333,53.6
"2022-01-21 00:00:00",2,0,0,0,4,56.233333333333334,52.93333333333333
"2022-01-22 00:00:00",25,14,11,4,22,56.63333333333333,52.43333333333333
"2022-01-23 00:00:00",23,8,12,3,21,57.06666666666667,52.6
"2022-01-24 00:00:00",17,10,14,4,21,56.86666666666667,52.56666666666667
"2022-01-25 00:00:00",26,13,7,5,26,57.46666666666667,52.86666666666667
"2022-01-26 00:00:00",20,6,11,4,20,57.8,53.2
"2022-01-27 00:00:00",19,6,14,1,27,58.233333333333334,53.86666666666667
"2022-01-28 00:00:00",14,4,8,4,22,58,54.53333333333333
"2022-01-29 00:00:00",18,7,7,2,24,58.1,54.5
"2022-01-30 00:00:00",23,6,8,5,28,58.86666666666667,54.7
"2022-01-31 00:00:00",24,5,13,2,27,59.53333333333333,54.96666666666667
"2022-02-01 00:00:00",20,8,6,1,27,59.833333333333336,54.833333333333336
"2022-02-02 00:00:00",13,8,5,2,15,59.166666666666664,54.86666666666667
"2022-02-03 00:00:00",18,14,12,3,21,59.833333333333336,55.96666666666667
"2022-02-04 00:00:00",20,4,10,5,29,60.43333333333333,56.13333333333333
"2022-02-05 00:00:00",16,6,8,5,19,60.13333333333333,56.233333333333334
"2022-02-06 00:00:00",15,2,4,1,17,59.43333333333333,57.13333333333333
"2022-02-07 00:00:00",14,11,2,0,18,59.166666666666664,57.233333333333334
"2022-02-08 00:00:00",22,4,8,3,19,59.2,57.4
"2022-02-09 00:00:00",23,13,12,5,25,59.43333333333333,57.43333333333333
"2022-02-10 00:00:00",20,7,8,4,27,59.7,57.56666666666667
"2022-02-11 00:00:00",12,6,14,3,24,59.43333333333333,57.9
"2022-02-12 00:00:00",19,7,7,3,26,59.2,57.6
"2022-02-13 00:00:00",19,3,10,3,23,59.4,57.7
"2022-02-14 00:00:00",19,10,14,4,28,59.766666666666666,58.1
"2022-02-15 00:00:00",25,7,9,0,32,60.733333333333334,58.53333333333333
"2022-02-16 00:00:00",17,8,12,5,16,60.43333333333333,58.3
"2022-02-17 00:00:00",22,7,13,5,23,60.93333333333333,58.63333333333333
"2022-02-18 00:00:00",11,8,13,1,28,60.7,58.46666666666667
"2022-02-19 00:00:00",15,6,12,1,21,60.7,57.766666666666666
"2022-02-20 00:00:00",27,8,9,3,22,62.8,57.93333333333333
"2022-02-21 00:00:00",18,5,7,4,16,61.93333333333333,58.333333333333336
"2022-02-22 00:00:00",15,6,8,2,24,61.53333333333333,58.63333333333333
"2022-02-23 00:00:00",25,6,11,4,21,61.56666666666667,59.333333333333336
"2022-02-24 00:00:00",16,5,11,2,25,60.96666666666667,59.03333333333333
"2022-02-25 00:00:00",18,9,13,6,23,61.233333333333334,58.9
"2022-02-26 00:00:00",16,7,10,4,33,61.333333333333336,57.86666666666667
"2022-02-27 00:00:00",14,14,10,4,27,61.9,57.4
"2022-02-28 00:00:00",16,11,15,3,26,62.333333333333336,57.266666666666666
"2022-03-01 00:00:00",23,9,11,3,38,62.8,57.86666666666667
"2022-03-02 00:00:00",24,14,15,6,53,64.16666666666667,58.13333333333333
"2022-03-03 00:00:00",20,9,8,4,20,64.13333333333334,58.6
"2022-03-04 00:00:00",14,5,10,2,23,64.5,58.733333333333334
"2022-03-05 00:00:00",19,9,9,2,29,64.5,58.36666666666667
"2022-03-06 00:00:00",16,9,11,3,30,64.53333333333333,57.733333333333334
"2022-03-07 00:00:00",16,5,17,1,27,64.93333333333334,57.13333333333333
"2022-03-08 00:00:00",19,8,11,6,21,65.8,57.03333333333333
"2022-03-09 00:00:00",16,6,10,5,25,66.36666666666666,57.666666666666664
"2022-03-10 00:00:00",25,7,14,2,26,66.96666666666667,57.9
"2022-03-11 00:00:00",17,7,10,5,20,66.33333333333333,57.833333333333336
"2022-03-12 00:00:00",16,7,9,3,21,66,57.43333333333333
"2022-03-13 00:00:00",13,8,14,4,19,65.96666666666667,57.2
"2022-03-14 00:00:00",20,6,12,5,30,66.33333333333333,57.833333333333336
"2022-03-15 00:00:00",18,5,12,2,26,66.5,57.9
"2022-03-16 00:00:00",20,4,7,3,28,66.06666666666666,58.06666666666667
"2022-03-17 00:00:00",10,4,8,0,7,64.6,57.63333333333333
"2022-03-18 00:00:00",11,5,11,3,20,64.33333333333333,57.7
"2022-03-19 00:00:00",20,13,4,2,18,63.9,57.6
"2022-03-20 00:00:00",22,3,10,5,25,64.03333333333333,57.766666666666666
"2022-03-21 00:00:00",15,14,21,3,30,64.96666666666667,57.7
"2022-03-22 00:00:00",19,5,8,3,23,64.6,58.166666666666664
"2022-03-23 00:00:00",17,5,14,3,21,64.93333333333334,58.53333333333333
"2022-03-24 00:00:00",22,13,9,7,26,65.66666666666667,58.63333333333333
"2022-03-25 00:00:00",19,10,15,4,26,65.9,58.06666666666667
"2022-03-26 00:00:00",13,8,7,1,22,65.63333333333334,58.233333333333334
"2022-03-27 00:00:00",12,6,5,2,20,64.83333333333333,58.733333333333334
"2022-03-28 00:00:00",15,3,7,0,23,64.1,59.1
"2022-03-29 00:00:00",19,8,9,1,29,64,58.666666666666664
"2022-03-30 00:00:00",16,12,10,2,23,63.733333333333334,58.7
"2022-03-31 00:00:00",23,11,13,4,25,63.46666666666667,58.56666666666667
"2022-04-01 00:00:00",18,14,16,4,25,62.3,58.7
"2022-04-02 00:00:00",14,6,17,4,21,62.333333333333336,58.46666666666667
"2022-04-03 00:00:00",23,6,10,3,19,62.56666666666667,58.43333333333333
"2022-04-04 00:00:00",12,6,13,4,29,62.43333333333333,57.733333333333334
"2022-04-05 00:00:00",23,5,11,2,24,62.3,57.733333333333334
"2022-04-06 00:00:00",18,5,6,4,25,62.03333333333333,58.166666666666664
"2022-04-07 00:00:00",19,11,8,4,19,61.9,58.2
"2022-04-08 00:00:00",19,7,12,5,19,61.9,57.766666666666666
"2022-04-09 00:00:00",14,8,19,0,26,61.666666666666664,57.93333333333333
"2022-04-10 00:00:00",21,7,15,3,16,61.766666666666666,58.233333333333334
"2022-04-11 00:00:00",19,9,14,3,24,62.2,58.3
"2022-04-12 00:00:00",18,7,6,2,25,62.2,58.733333333333334
"2022-04-13 00:00:00",20,7,10,3,23,61.86666666666667,58.03333333333333
"2022-04-14 00:00:00",22,11,12,3,22,62.1,58.06666666666667
"2022-04-15 00:00:00",11,5,18,3,22,62,58.13333333333333
"2022-04-16 00:00:00",25,4,11,4,20,63.166666666666664,58.46666666666667
"2022-04-17 00:00:00",16,6,8,4,19,63.266666666666666,58.333333333333336
"2022-04-18 00:00:00",17,5,10,3,23,63.3,58.3
"2022-04-19 00:00:00",20,12,14,4,27,63.7,58.766666666666666
"2022-04-20 00:00:00",18,6,12,2,23,62.96666666666667,59.43333333333333
"2022-04-21 00:00:00",19,8,13,3,20,63.13333333333333,59.333333333333336
"2022-04-22 00:00:00",20,7,9,4,27,63.36666666666667,59.2
"2022-04-23 00:00:00",23,2,12,0,23,62.8,59
"2022-04-24 00:00:00",17,7,6,3,25,62.266666666666666,59.266666666666666
"2022-04-25 00:00:00",17,6,7,5,25,62.56666666666667,59.1
"2022-04-26 00:00:00",25,4,12,2,24,63.3,59.233333333333334
"2022-04-27 00:00:00",20,3,13,3,24,63.8,59.266666666666666
"2022-04-28 00:00:00",21,7,13,1,23,63.766666666666666,59.7
"2022-04-29 00:00:00",14,4,11,3,23,63.5,59.8
"2022-04-30 00:00:00",19,12,11,5,22,63.266666666666666,59.53333333333333
"2022-05-01 00:00:00",17,6,8,3,20,62.5,59.56666666666667
"2022-05-02 00:00:00",17,9,10,2,24,62.5,59.333333333333336
"2022-05-03 00:00:00",17,5,5,2,21,62.13333333333333,59.666666666666664
"2022-05-04 00:00:00",22,6,11,3,29,62.36666666666667,60.06666666666667
"2022-05-05 00:00:00",21,11,9,5,20,62.4,60.666666666666664
"2022-05-06 00:00:00",18,6,12,3,26,62.63333333333333,60.666666666666664
"2022-05-07 00:00:00",20,4,11,4,23,62.666666666666664,60.93333333333333
"2022-05-08 00:00:00",17,9,7,3,21,62.5,60.63333333333333
"2022-05-09 00:00:00",19,3,8,4,23,62.166666666666664,59.96666666666667
"2022-05-10 00:00:00",17,6,6,3,21,61.86666666666667,60.233333333333334
"2022-05-11 00:00:00",27,8,5,5,26,61.93333333333333,60.36666666666667
"2022-05-12 00:00:00",18,4,7,5,20,61.8,60.2
"2022-05-13 00:00:00",13,5,9,1,24,61.43333333333333,60.13333333333333
"2022-05-14 00:00:00",17,6,3,1,26,60.86666666666667,59.8
"2022-05-15 00:00:00",19,10,12,6,24,61.266666666666666,59.766666666666666
"2022-05-16 00:00:00",16,5,15,6,20,61.2,59.766666666666666
"2022-05-17 00:00:00",12,8,14,2,24,61.43333333333333,60
"2022-05-18 00:00:00",25,7,16,5,22,62,60
"2022-05-19 00:00:00",16,5,14,4,19,61.36666666666667,59.7
"2022-05-20 00:00:00",22,13,10,1,22,61.6,59.6
"2022-05-21 00:00:00",22,6,15,3,29,62,59.36666666666667
"2022-05-22 00:00:00",17,5,8,2,23,61.6,59.166666666666664
"2022-05-23 00:00:00",15,5,16,1,27,61.733333333333334,58.93333333333333
"2022-05-24 00:00:00",16,5,10,1,21,61.56666666666667,59.03333333333333
"2022-05-25 00:00:00",24,4,14,3,22,61.8,59.2
"2022-05-26 00:00:00",15,7,11,2,32,61.8,59.2
"2022-05-27 00:00:00",14,10,6,5,16,61.4,59.166666666666664
"2022-05-28 00:00:00",27,3,10,4,25,61.53333333333333,59.13333333333333
"2022-05-29 00:00:00",18,5,12,3,27,61.86666666666667,59.2
"2022-05-30 00:00:00",17,5,11,2,33,61.833333333333336,59.4
"2022-05-31 00:00:00",17,7,19,6,23,62.43333333333333,59.166666666666664
"2022-06-01 00:00:00",13,9,14,4,26,62.56666666666667,59.46666666666667
"2022-06-02 00:00:00",26,4,13,2,22,63.13333333333333,59.233333333333334
"2022-06-03 00:00:00",20,8,11,5,18,62.833333333333336,59.53333333333333
"2022-06-04 00:00:00",21,8,18,6,23,63.166666666666664,59.6
"2022-06-05 00:00:00",13,6,8,2,24,62.766666666666666,59.86666666666667
"2022-06-06 00:00:00",25,5,14,4,28,63.233333333333334,59.36666666666667
"2022-06-07 00:00:00",20,7,9,3,25,63.46666666666667,59.46666666666667
"2022-06-08 00:00:00",23,5,18,5,23,64.03333333333333,60.166666666666664
"2022-06-09 00:00:00",18,7,17,4,30,64.8,59.833333333333336
"2022-06-10 00:00:00",16,5,12,4,19,64.3,59.766666666666666
"2022-06-11 00:00:00",23,5,6,1,21,64.36666666666666,59.833333333333336
"2022-06-12 00:00:00",15,8,10,5,19,64.53333333333333,60.03333333333333
"2022-06-13 00:00:00",22,5,11,1,32,65.13333333333334,60.733333333333334
"2022-06-14 00:00:00",23,6,13,3,22,65,60.9
"2022-06-15 00:00:00",20,7,14,3,29,65.36666666666666,60.766666666666666
"2022-06-16 00:00:00",15,6,12,3,30,65.56666666666666,60.43333333333333
"2022-06-17 00:00:00",18,11,9,4,25,65.3,60.266666666666666
"2022-06-18 00:00:00",18,6,11,2,22,65.33333333333333,59.9
"2022-06-19 00:00:00",20,8,17,1,22,65.33333333333333,59.63333333333333
"2022-06-20 00:00:00",18,3,11,2,20,64.63333333333334,59.96666666666667
"2022-06-21 00:00:00",22,6,13,1,32,65.26666666666667,60.333333333333336
"2022-06-22 00:00:00",22,9,13,7,23,65.6,60.4
"2022-06-23 00:00:00",19,6,12,3,23,65.93333333333334,60.1
"2022-06-24 00:00:00",20,7,14,4,19,65.83333333333333,60.06666666666667
"2022-06-25 00:00:00",21,7,19,1,28,66.13333333333334,59.96666666666667
"2022-06-26 00:00:00",15,9,16,2,25,66.66666666666667,59.733333333333334
"2022-06-27 00:00:00",20,7,13,1,25,66.56666666666666,59.86666666666667
"2022-06-28 00:00:00",21,8,14,1,31,66.9,60.166666666666664
"2022-06-29 00:00:00",22,6,9,4,24,66.8,60.13333333333333
"2022-06-30 00:00:00",18,9,14,0,23,66.53333333333333,60.06666666666667
"2022-07-01 00:00:00",20,4,11,7,29,66.7,59.96666666666667
"2022-07-02 00:00:00",14,7,10,3,20,66.26666666666667,59.833333333333336
"2022-07-03 00:00:00",16,4,14,3,17,66,59.36666666666667
"2022-07-04 00:00:00",20,10,12,1,28,65.83333333333333,59.2
"2022-07-05 00:00:00",19,8,18,7,27,66.7,58.56666666666667
"2022-07-06 00:00:00",23,4,17,3,18,66.33333333333333,59.166666666666664
"2022-07-07 00:00:00",13,2,13,4,20,65.93333333333334,59.03333333333333
"2022-07-08 00:00:00",17,5,11,7,14,65.26666666666667,58.8
"2022-07-09 00:00:00",16,6,7,2,28,64.7,58.43333333333333
"2022-07-10 00:00:00",18,5,10,2,25,64.83333333333333,58.666666666666664
"2022-07-11 00:00:00",23,3,11,1,24,65.03333333333333,58.733333333333334
"2022-07-12 00:00:00",19,5,17,1,26,65.4,58.63333333333333
"2022-07-13 00:00:00",17,7,10,5,19,64.96666666666667,58.53333333333333
"2022-07-14 00:00:00",18,6,11,2,27,64.86666666666666,58.2
"2022-07-15 00:00:00",22,6,9,6,21,64.56666666666666,58.166666666666664
"2022-07-16 00:00:00",17,8,13,5,23,64.56666666666666,58.2
"2022-07-17 00:00:00",19,3,14,3,19,64.26666666666667,58.43333333333333
"2022-07-18 00:00:00",24,9,14,1,20,64.56666666666666,58.56666666666667
"2022-07-19 00:00:00",19,3,13,3,29,64.53333333333333,58.666666666666664
"2022-07-20 00:00:00",19,9,13,4,29,65.2,58.6
"2022-07-21 00:00:00",29,8,11,2,18,65,58.1
"2022-07-22 00:00:00",19,4,9,7,28,64.76666666666667,58.4
"2022-07-23 00:00:00",15,8,6,3,24,64.53333333333333,58.4
"2022-07-24 00:00:00",17,10,16,6,27,64.93333333333334,58.53333333333333
"2022-07-25 00:00:00",20,5,11,2,18,64.26666666666667,58.4
"2022-07-26 00:00:00",23,5,10,1,32,64.4,58.7
"2022-07-27 00:00:00",18,8,6,2,16,63.86666666666667,58.93333333333333
"2022-07-28 00:00:00",20,6,7,8,15,63.233333333333334,58.9
"2022-07-29 00:00:00",20,8,8,2,20,63,58.43333333333333
"2022-07-30 00:00:00",20,7,7,4,19,62.766666666666666,58.46666666666667
"2022-07-31 00:00:00",18,7,17,0,26,62.666666666666664,58.166666666666664
"2022-08-01 00:00:00",22,5,10,5,29,63.233333333333334,57.93333333333333
"2022-08-02 00:00:00",21,9,15,2,18,63.6,58.266666666666666
"2022-08-03 00:00:00",21,14,17,7,24,64,58.2
"2022-08-04 00:00:00",17,11,9,5,33,63.86666666666667,58.5
"2022-08-05 00:00:00",22,10,16,4,25,64.26666666666667,58.1
"2022-08-06 00:00:00",22,8,9,3,21,64.63333333333334,58.266666666666666
"2022-08-07 00:00:00",22,3,9,4,22,64.83333333333333,58.1
"2022-08-08 00:00:00",26,7,12,3,30,65.46666666666667,57.96666666666667
"2022-08-09 00:00:00",19,5,7,3,27,65.5,57.8
"2022-08-10 00:00:00",20,12,19,2,31,66.23333333333333,57.833333333333336
"2022-08-11 00:00:00",19,5,5,5,27,66,58.6
"2022-08-12 00:00:00",21,6,19,3,26,66.56666666666666,58.333333333333336
"2022-08-13 00:00:00",15,6,11,3,26,66.46666666666667,58.06666666666667
"2022-08-14 00:00:00",10,5,8,1,18,65.73333333333333,58.233333333333334
"2022-08-15 00:00:00",19,10,19,4,30,66.26666666666667,58.7
"2022-08-16 00:00:00",31,3,12,4,30,67,58.6
"2022-08-17 00:00:00",29,4,12,4,30,67.36666666666666,58.666666666666664
"2022-08-18 00:00:00",21,9,10,5,31,67.66666666666667,58.6
"2022-08-19 00:00:00",18,2,12,2,25,67.16666666666667,58.93333333333333
"2022-08-20 00:00:00",24,3,9,0,27,67,58.666666666666664
"2022-08-21 00:00:00",18,6,19,6,24,67.2,59.1
"2022-08-22 00:00:00",25,7,8,2,27,67.63333333333334,59.3
"2022-08-23 00:00:00",20,11,15,1,16,67.2,59.46666666666667
"2022-08-24 00:00:00",24,5,13,1,28,67.7,59.333333333333336
"2022-08-25 00:00:00",22,8,18,2,24,67.8,59.53333333333333
"2022-08-26 00:00:00",23,8,15,2,24,68.53333333333333,59.6
"2022-08-27 00:00:00",17,7,7,2,28,68.7,59.233333333333334
"2022-08-28 00:00:00",23,11,8,2,22,68.96666666666667,59.233333333333334
"2022-08-29 00:00:00",23,7,14,2,23,69.36666666666666,59.2
"2022-08-30 00:00:00",18,10,18,1,23,69.43333333333334,59.666666666666664
"2022-08-31 00:00:00",20,9,15,4,25,69.5,59.96666666666667
"2022-09-01 00:00:00",23,6,15,3,25,69.73333333333333,59.9
"2022-09-02 00:00:00",18,9,14,5,29,69.46666666666667,60.166666666666664
"2022-09-03 00:00:00",17,8,12,1,26,69.1,60.266666666666666
"2022-09-04 00:00:00",20,1,13,4,20,68.46666666666667,60.6
"2022-09-05 00:00:00",26,7,16,2,27,68.96666666666667,60.13333333333333
"2022-09-06 00:00:00",19,10,15,3,27,69.43333333333334,60.46666666666667
"2022-09-07 00:00:00",27,5,18,1,25,69.36666666666666,60.8
"2022-09-08 00:00:00",20,6,15,3,32,69.86666666666666,60.833333333333336
"2022-09-09 00:00:00",21,5,15,4,28,69.5,60.8
"2022-09-10 00:00:00",18,13,11,1,29,69.86666666666666,60.233333333333334
"2022-09-11 00:00:00",18,3,10,3,26,69.36666666666666,60.03333333333333
"2022-09-12 00:00:00",27,9,13,6,28,70.1,60.4
"2022-09-13 00:00:00",24,4,12,3,28,71.06666666666666,60.766666666666666
"2022-09-14 00:00:00",19,5,9,4,29,70.53333333333333,60.06666666666667
"2022-09-15 00:00:00",22,8,21,1,22,70.33333333333333,60.766666666666666
"2022-09-16 00:00:00",23,6,12,3,18,69.76666666666667,61.1
"2022-09-17 00:00:00",22,2,11,3,26,69.36666666666666,61.4
"2022-09-18 00:00:00",18,6,8,2,22,69.26666666666667,60.8
"2022-09-19 00:00:00",17,8,15,2,23,69.33333333333333,61.266666666666666
"2022-09-20 00:00:00",30,5,15,2,32,69.7,60.93333333333333
"2022-09-21 00:00:00",18,5,17,7,23,69.73333333333333,60.666666666666664
"2022-09-22 00:00:00",17,6,12,5,32,70.03333333333333,60.4
"2022-09-23 00:00:00",21,8,15,4,21,69.96666666666667,60.63333333333333
"2022-09-24 00:00:00",26,4,11,4,24,69.8,60.666666666666664
"2022-09-25 00:00:00",20,8,11,4,24,69.63333333333334,60.43333333333333
"2022-09-26 00:00:00",23,9,15,5,22,70.06666666666666,60.5
"2022-09-27 00:00:00",24,10,11,3,23,70.23333333333333,61
"2022-09-28 00:00:00",19,5,9,5,16,69.73333333333333,60.86666666666667
"2022-09-29 00:00:00",19,8,11,4,14,69.26666666666667,60.46666666666667
"2022-09-30 00:00:00",19,7,11,3,31,69.2,60.833333333333336
"2022-10-01 00:00:00",23,6,14,2,28,69.23333333333333,61
"2022-10-02 00:00:00",19,8,8,3,17,68.56666666666666,60.7
"2022-10-03 00:00:00",24,6,14,1,31,68.96666666666667,60.13333333333333
"2022-10-04 00:00:00",22,6,14,5,27,69.5,59.86666666666667
"2022-10-05 00:00:00",17,9,9,2,25,68.96666666666667,60.43333333333333
"2022-10-06 00:00:00",22,4,16,9,22,68.93333333333334,60.5
"2022-10-07 00:00:00",18,10,8,5,26,68.63333333333334,60.96666666666667
"2022-10-08 00:00:00",22,4,10,5,24,68.26666666666667,60.733333333333334
"2022-10-09 00:00:00",27,8,11,1,28,68.33333333333333,60.6
"2022-10-10 00:00:00",21,10,11,4,27,68.36666666666666,60.53333333333333
"2022-10-11 00:00:00",25,6,12,3,22,68.63333333333334,61.2
"2022-10-12 00:00:00",26,7,15,1,22,68.23333333333333,61.266666666666666
"2022-10-13 00:00:00",22,6,21,6,31,68.73333333333333,60.833333333333336
"2022-10-14 00:00:00",21,4,16,5,21,68.76666666666667,61
"2022-10-15 00:00:00",22,6,12,1,22,68.4,60.733333333333334
"2022-10-16 00:00:00",21,9,12,2,26,68.66666666666667,60.3
"2022-10-17 00:00:00",26,6,10,3,25,68.86666666666666,60.333333333333336
"2022-10-18 00:00:00",25,6,15,4,24,69.46666666666667,60.46666666666667
"2022-10-19 00:00:00",21,7,15,4,27,69.76666666666667,60.5
"2022-10-20 00:00:00",19,8,15,6,30,69.56666666666666,60.766666666666666
"2022-10-21 00:00:00",21,8,21,6,19,69.73333333333333,61.1
"2022-10-22 00:00:00",19,7,5,4,27,69.4,60.766666666666666
"2022-10-23 00:00:00",20,10,5,5,21,69.13333333333334,60.4
"2022-10-24 00:00:00",20,5,14,1,30,69.16666666666667,60.46666666666667
"2022-10-25 00:00:00",29,3,11,1,24,69.2,60.233333333333334
"2022-10-26 00:00:00",23,8,17,6,26,69.4,60.36666666666667
"2022-10-27 00:00:00",19,7,13,6,25,69.36666666666666,60.1
"2022-10-28 00:00:00",21,7,10,3,28,69.86666666666666,60.5
"2022-10-29 00:00:00",16,8,13,2,17,69.86666666666666,60.5
"2022-10-30 00:00:00",19,8,11,1,27,69.7,60.6
"2022-10-31 00:00:00",21,6,15,5,27,69.73333333333333,60.46666666666667
"2022-11-01 00:00:00",25,6,11,6,19,70.13333333333334,60.766666666666666
"2022-11-02 00:00:00",27,10,14,5,26,70.33333333333333,61.53333333333333
"2022-11-03 00:00:00",22,7,11,4,20,70,61.666666666666664
"2022-11-04 00:00:00",21,8,12,2,31,70.4,61.03333333333333
"2022-11-05 00:00:00",23,6,8,1,19,69.86666666666666,60.766666666666666
"2022-11-06 00:00:00",25,8,8,2,20,69.73333333333333,60.233333333333334
"2022-11-07 00:00:00",21,7,14,0,23,69.73333333333333,60.06666666666667
"2022-11-08 00:00:00",22,7,9,5,24,69.46666666666667,60.36666666666667
"2022-11-09 00:00:00",22,8,11,4,22,69.26666666666667,60.46666666666667
"2022-11-10 00:00:00",15,6,12,6,29,69.26666666666667,60.06666666666667
"2022-11-11 00:00:00",24,10,12,4,28,69.5,60.2
"2022-11-12 00:00:00",19,10,10,4,23,68.83333333333333,60.03333333333333
"2022-11-13 00:00:00",23,4,6,3,17,68.36666666666666,60.166666666666664
"2022-11-14 00:00:00",26,10,11,2,27,68.8,59.5
"2022-11-15 00:00:00",24,11,10,2,17,68.6,59.733333333333334
"2022-11-16 00:00:00",25,11,13,3,26,68.86666666666666,59.43333333333333
"2022-11-17 00:00:00",24,10,18,4,28,69.2,59.8
"2022-11-18 00:00:00",22,7,12,5,25,69.1,59.53333333333333
"2022-11-19 00:00:00",19,6,8,1,19,68.26666666666667,58.93333333333333
"2022-11-20 00:00:00",21,5,5,1,11,67.2,59
"2022-11-21 00:00:00",17,7,8,3,31,67.33333333333333,59.7
"2022-11-22 00:00:00",25,10,13,5,28,68,59.93333333333333
"2022-11-23 00:00:00",23,12,15,3,27,68.33333333333333,59.93333333333333
"2022-11-24 00:00:00",24,5,20,3,21,68.5,60.2
"2022-11-25 00:00:00",21,7,6,2,19,67.66666666666667,59.9
"2022-11-26 00:00:00",21,4,8,1,28,67.4,60.233333333333334
"2022-11-27 00:00:00",22,8,11,2,23,67.3,59.9
"2022-11-28 00:00:00",26,5,20,2,14,67.66666666666667,60.13333333333333
"2022-11-29 00:00:00",21,8,12,6,30,68.03333333333333,59.8
"2022-11-30 00:00:00",21,9,7,2,29,67.83333333333333,59.733333333333334
"2022-12-01 00:00:00",21,5,10,5,26,67.83333333333333,59.7
"2022-12-02 00:00:00",24,6,6,7,18,67.13333333333334,59.5
"2022-12-03 00:00:00",21,10,8,4,20,67.1,59.13333333333333
"2022-12-04 00:00:00",24,6,10,3,20,66.73333333333333,59.266666666666666
"2022-12-05 00:00:00",21,10,16,6,29,67.56666666666666,59.13333333333333
"2022-12-06 00:00:00",27,9,16,3,18,67.9,59.6
"2022-12-07 00:00:00",25,7,15,3,20,68.06666666666666,60.03333333333333
"2022-12-08 00:00:00",18,9,13,3,25,68.1,59.63333333333333
"2022-12-09 00:00:00",19,9,11,4,25,68.13333333333334,59.666666666666664
"2022-12-10 00:00:00",26,7,8,4,25,68.2,59.43333333333333
"2022-12-11 00:00:00",23,4,10,4,17,67.53333333333333,59.266666666666666
"2022-12-12 00:00:00",24,10,14,5,30,68.1,59.166666666666664
"2022-12-13 00:00:00",25,5,14,3,24,68.7,59.3
"2022-12-14 00:00:00",19,7,14,4,24,68.43333333333334,60.2
"2022-12-15 00:00:00",25,8,15,4,17,68.6,59.833333333333336
"2022-12-16 00:00:00",23,6,12,7,22,68.33333333333333,60.56666666666667
"2022-12-17 00:00:00",23,8,6,0,18,67.36666666666666,60.266666666666666
"2022-12-18 00:00:00",21,6,10,4,27,67.26666666666667,60.333333333333336
"2022-12-19 00:00:00",25,8,10,2,26,67.86666666666666,60.666666666666664
"2022-12-20 00:00:00",18,8,12,4,26,68.7,60.266666666666666
"2022-12-21 00:00:00",23,5,15,4,23,68.83333333333333,59.7
"2022-12-22 00:00:00",22,7,15,2,27,68.56666666666666,59.63333333333333
"2022-12-23 00:00:00",23,5,14,6,23,68.26666666666667,59.6
"2022-12-24 00:00:00",21,8,8,6,25,68.1,59.333333333333336
"2022-12-25 00:00:00",20,10,12,4,19,68.43333333333334,59.93333333333333
"2022-12-26 00:00:00",22,6,8,5,30,68.73333333333333,59.63333333333333
"2022-12-27 00:00:00",27,9,15,2,19,68.93333333333334,59.43333333333333
"2022-12-28 00:00:00",16,6,12,3,28,68.86666666666666,59.166666666666664
"2022-12-29 00:00:00",26,6,9,5,29,68.8,59.1
"2022-12-30 00:00:00",25,10,10,3,27,69.03333333333333,59.03333333333333
"2022-12-31 00:00:00",20,7,12,2,15,68.66666666666667,58.4
"2023-01-01 00:00:00",24,9,13,3,30,69.26666666666667,58.2
"2023-01-02 00:00:00",23,8,20,4,23,69.76666666666667,58.233333333333334
"2023-01-03 00:00:00",25,3,10,2,32,70.06666666666666,58.666666666666664
"2023-01-04 00:00:00",22,11,10,3,29,69.83333333333333,58.43333333333333
"2023-01-05 00:00:00",25,6,16,3,18,69.66666666666667,57.666666666666664
"2023-01-06 00:00:00",18,7,11,5,20,69.36666666666666,57.63333333333333
"2023-01-07 00:00:00",21,9,8,5,28,69.46666666666667,57.766666666666666
"2023-01-08 00:00:00",25,4,8,2,16,69.03333333333333,57.56666666666667
"2023-01-09 00:00:00",23,9,15,3,19,69,57.666666666666664
"2023-01-10 00:00:00",26,6,13,6,20,69.43333333333334,58.03333333333333
"2023-01-11 00:00:00",18,7,8,3,23,68.63333333333334,58.36666666666667
"2023-01-12 00:00:00",15,10,12,5,21,68.36666666666666,58.5
"2023-01-13 00:00:00",20,8,10,3,19,68.1,58.36666666666667
"2023-01-14 00:00:00",24,10,7,2,25,68.06666666666666,58.4
"2023-01-15 00:00:00",23,5,17,5,24,68.2,57.9
"2023-01-16 00:00:00",20,9,21,2,25,68.93333333333334,57.5
"2023-01-17 00:00:00",21,4,15,6,24,69,57.86666666666667
"2023-01-18 00:00:00",19,5,14,2,20,68.63333333333334,57.53333333333333
"2023-01-19 00:00:00",28,13,6,6,24,68.93333333333334,57.93333333333333
"2023-01-20 00:00:00",18,14,14,2,25,69.03333333333333,58.03333333333333
"2023-01-21 00:00:00",19,9,5,1,18,68.33333333333333,56.233333333333334
"2023-01-22 00:00:00",18,9,11,5,24,68.2,56.63333333333333
"2023-01-23 00:00:00",24,7,20,5,24,68.6,57.06666666666667
"2023-01-24 00:00:00",22,6,10,5,27,68.76666666666667,56.86666666666667
"2023-01-25 00:00:00",24,7,8,4,25,68.66666666666667,57.46666666666667
"2023-01-26 00:00:00",19,10,8,4,22,68.36666666666666,57.8
"2023-01-27 00:00:00",17,4,10,3,26,68.2,58.233333333333334
"2023-01-28 00:00:00",23,7,10,2,22,67.83333333333333,58
"2023-01-29 00:00:00",26,7,12,4,14,67.43333333333334,58.1
"2023-01-30 00:00:00",25,7,13,1,22,67.83333333333333,58.86666666666667
"2023-01-31 00:00:00",20,7,18,6,24,67.7,59.53333333333333
"2023-02-01 00:00:00",25,4,13,2,23,67.33333333333333,59.833333333333336
"2023-02-02 00:00:00",16,6,20,3,19,67.06666666666666,59.166666666666664
"2023-02-03 00:00:00",26,8,11,2,22,66.86666666666666,59.833333333333336
"2023-02-04 00:00:00",20,10,18,2,21,66.96666666666667,60.43333333333333
"2023-02-05 00:00:00",19,8,11,2,23,67.03333333333333,60.13333333333333
"2023-02-06 00:00:00",20,7,15,1,35,67.26666666666667,59.43333333333333
"2023-02-07 00:00:00",20,10,15,4,22,67.8,59.166666666666664
"2023-02-08 00:00:00",25,3,14,7,32,68.2,59.2
"2023-02-09 00:00:00",16,5,9,0,16,67.36666666666666,59.43333333333333
"2023-02-10 00:00:00",18,4,5,3,16,66.93333333333334,59.7
"2023-02-11 00:00:00",16,9,23,4,35,67.73333333333333,59.43333333333333
"2023-02-12 00:00:00",27,6,18,4,23,68.33333333333333,59.2
"2023-02-13 00:00:00",18,5,15,4,35,68.63333333333334,59.4
"2023-02-14 00:00:00",17,4,14,4,25,68.3,59.766666666666666
"2023-02-15 00:00:00",21,10,22,9,20,68.46666666666667,60.733333333333334
"2023-02-16 00:00:00",24,6,15,5,28,68.73333333333333,60.43333333333333
"2023-02-17 00:00:00",18,6,7,3,25,68.7,60.93333333333333
"2023-02-18 00:00:00",20,8,13,1,18,68.13333333333334,60.7
"2023-02-19 00:00:00",23,4,6,2,17,67.43333333333334,60.7
"2023-02-20 00:00:00",20,13,5,1,28,67.93333333333334,62.8
"2023-02-21 00:00:00",21,7,25,4,21,68.3,61.93333333333333
"2023-02-22 00:00:00",18,7,19,2,28,68.1,61.53333333333333
"2023-02-23 00:00:00",22,9,16,6,32,68.6,61.56666666666667
"2023-02-24 00:00:00",23,9,19,4,24,68.96666666666667,60.96666666666667
"2023-02-25 00:00:00",21,9,15,1,24,69.2,61.233333333333334
"2023-02-26 00:00:00",22,8,15,3,19,69.43333333333334,61.333333333333336
"2023-02-27 00:00:00",25,4,16,5,36,70.16666666666667,61.9
"2023-02-28 00:00:00",24,8,18,7,33,71.06666666666666,62.333333333333336
"2023-03-01 00:00:00",18,8,16,5,27,71.26666666666667,62.8
"2023-03-02 00:00:00",18,4,16,3,22,70.86666666666666,64.16666666666667
"2023-03-03 00:00:00",20,7,11,2,23,70.73333333333333,64.13333333333334
"2023-03-04 00:00:00",25,6,19,2,34,71.46666666666667,64.5
"2023-03-05 00:00:00",20,5,15,5,25,71.5,64.5
"2023-03-06 00:00:00",26,7,13,4,31,71.83333333333333,64.53333333333333
"2023-03-07 00:00:00",20,12,16,5,23,72.26666666666667,64.93333333333334
"2023-03-08 00:00:00",22,3,15,7,35,72.4,65.8
"2023-03-09 00:00:00",22,5,16,2,23,72.3,66.36666666666666
"2023-03-10 00:00:00",24,3,12,4,29,72,66.96666666666667
"2023-03-11 00:00:00",19,10,21,4,23,73.03333333333333,66.33333333333333
"2023-03-12 00:00:00",26,6,13,3,29,74.06666666666666,66
"2023-03-13 00:00:00",21,6,18,2,25,73.56666666666666,65.96666666666667
"2023-03-14 00:00:00",28,10,18,4,26,73.83333333333333,66.33333333333333
"2023-03-15 00:00:00",20,9,11,3,26,73.56666666666666,66.5
"2023-03-16 00:00:00",26,9,15,6,28,74.23333333333333,66.06666666666666
"2023-03-17 00:00:00",24,7,11,2,26,73.83333333333333,64.6
"2023-03-18 00:00:00",23,10,6,3,26,73.5,64.33333333333333
"2023-03-19 00:00:00",24,11,14,1,27,74.1,63.9
"2023-03-20 00:00:00",21,7,15,5,23,74.46666666666667,64.03333333333333
"2023-03-21 00:00:00",22,8,17,3,21,75.1,64.96666666666667
"2023-03-22 00:00:00",23,2,8,5,18,74.73333333333333,64.6
"2023-03-23 00:00:00",17,3,7,4,27,74.06666666666666,64.93333333333334
"2023-03-24 00:00:00",29,9,12,2,29,74.3,65.66666666666667
"2023-03-25 00:00:00",22,9,22,2,26,74.16666666666667,65.9
"2023-03-26 00:00:00",23,11,17,3,28,74.26666666666667,65.63333333333334
"2023-03-27 00:00:00",25,3,21,3,23,74.43333333333334,64.83333333333333
"2023-03-28 00:00:00",18,7,12,4,24,74.36666666666666,64.1
"2023-03-29 00:00:00",19,9,6,4,18,73.36666666666666,64
"2023-03-30 00:00:00",27,10,12,5,30,73.16666666666667,63.733333333333334
"2023-03-31 00:00:00",23,5,14,2,26,73.03333333333333,63.46666666666667
"2023-04-01 00:00:00",19,8,14,3,22,73.13333333333334,62.3
"2023-04-02 00:00:00",21,4,6,0,9,72.36666666666666,62.333333333333336
"2023-04-03 00:00:00",13,8,4,1,20,71.03333333333333,62.56666666666667
"2023-04-04 00:00:00",27,8,10,6,23,71.16666666666667,62.43333333333333
"2023-04-05 00:00:00",25,9,21,4,29,71.4,62.3
"2023-04-06 00:00:00",19,7,12,2,28,71.13333333333334,62.03333333333333
"2023-04-07 00:00:00",30,11,18,6,33,71.66666666666667,61.9
"2023-04-08 00:00:00",13,12,16,2,24,71.63333333333334,61.9
"2023-04-09 00:00:00",33,5,18,4,28,72.16666666666667,61.666666666666664
"2023-04-10 00:00:00",18,9,16,4,28,72.1,61.766666666666666
"2023-04-11 00:00:00",25,12,19,5,22,72.3,62.2
"2023-04-12 00:00:00",26,6,15,8,29,72.7,62.2
"2023-04-13 00:00:00",18,10,17,0,31,72.36666666666666,61.86666666666667
"2023-04-14 00:00:00",22,8,14,6,19,72.36666666666666,62.1
"2023-04-15 00:00:00",26,2,7,3,20,71.5,62
"2023-04-16 00:00:00",19,11,10,0,24,71.3,63.166666666666664
"2023-04-17 00:00:00",27,7,9,1,32,71.56666666666666,63.266666666666666
"2023-04-18 00:00:00",24,10,26,5,26,72.03333333333333,63.3
"2023-04-19 00:00:00",21,8,20,4,23,72.2,63.7
"2023-04-20 00:00:00",16,9,18,5,25,72.26666666666667,62.96666666666667
"2023-04-21 00:00:00",14,8,9,5,23,72.36666666666666,63.13333333333333
"2023-04-22 00:00:00",25,8,14,5,28,73.1,63.36666666666667
"2023-04-23 00:00:00",26,7,14,2,24,72.83333333333333,62.8
"2023-04-24 00:00:00",24,10,19,3,23,72.76666666666667,62.266666666666666
"2023-04-25 00:00:00",28,8,20,4,32,73.1,62.56666666666667
"2023-04-26 00:00:00",25,6,18,2,33,73.4,63.3
"2023-04-27 00:00:00",19,8,17,6,24,73.7,63.8
"2023-04-28 00:00:00",24,8,19,3,22,74.36666666666666,63.766666666666666
"2023-04-29 00:00:00",28,4,13,1,23,73.86666666666666,63.5
"2023-04-30 00:00:00",26,7,20,1,14,73.8,63.266666666666666
"2023-05-01 00:00:00",26,9,20,3,29,74.5,62.5
"2023-05-02 00:00:00",25,8,19,5,30,76.06666666666666,62.5
"2023-05-03 00:00:00",24,7,10,4,25,76.86666666666666,62.13333333333333
"2023-05-04 00:00:00",21,7,11,5,29,76.83333333333333,62.36666666666667
"2023-05-05 00:00:00",29,4,5,5,31,76.36666666666666,62.4
"2023-05-06 00:00:00",27,7,18,6,25,76.86666666666666,62.63333333333333
"2023-05-07 00:00:00",22,8,14,3,20,75.83333333333333,62.666666666666664
"2023-05-08 00:00:00",21,7,21,4,25,76.2,62.5
"2023-05-09 00:00:00",29,10,18,5,22,76.06666666666666,62.166666666666664
"2023-05-10 00:00:00",25,10,21,3,32,76.6,61.86666666666667
"2023-05-11 00:00:00",24,6,22,8,27,76.73333333333333,61.93333333333333
"2023-05-12 00:00:00",27,9,8,2,29,76.43333333333334,61.8
"2023-05-13 00:00:00",27,5,17,3,27,76.53333333333333,61.43333333333333
"2023-05-14 00:00:00",17,10,16,0,32,76.73333333333333,60.86666666666667
"2023-05-15 00:00:00",26,6,9,2,19,76.86666666666666,61.266666666666666
"2023-05-16 00:00:00",25,10,16,5,26,77.46666666666667,61.2
"2023-05-17 00:00:00",28,6,17,5,22,77.53333333333333,61.43333333333333
"2023-05-18 00:00:00",23,7,12,7,18,76.73333333333333,62
"2023-05-19 00:00:00",21,5,17,2,35,76.86666666666666,61.36666666666667
"2023-05-20 00:00:00",17,7,17,4,21,76.63333333333334,61.6
"2023-05-21 00:00:00",24,8,16,3,19,77,62
"2023-05-22 00:00:00",29,6,17,4,35,77.36666666666666,61.6
"2023-05-23 00:00:00",21,2,14,5,33,77.43333333333334,61.733333333333334
"2023-05-24 00:00:00",24,6,20,2,25,77.36666666666666,61.56666666666667
"2023-05-25 00:00:00",20,9,16,4,20,76.6,61.8
"2023-05-26 00:00:00",21,7,14,9,23,76.26666666666667,61.8
"2023-05-27 00:00:00",22,9,19,3,27,76.46666666666667,61.4
"2023-05-28 00:00:00",19,7,11,2,20,75.9,61.53333333333333
"2023-05-29 00:00:00",25,8,24,4,30,76.63333333333334,61.86666666666667
"2023-05-30 00:00:00",28,9,22,4,29,77.43333333333334,61.833333333333336
"2023-05-31 00:00:00",24,5,17,2,23,76.9,62.43333333333333
"2023-06-01 00:00:00",26,7,13,7,31,76.8,62.56666666666667
"2023-06-02 00:00:00",24,10,10,3,21,76.73333333333333,63.13333333333333
"2023-06-03 00:00:00",26,12,16,0,27,77,62.833333333333336
"2023-06-04 00:00:00",18,4,15,4,20,76.56666666666666,63.166666666666664
"2023-06-05 00:00:00",25,10,20,3,32,76.8,62.766666666666666
"2023-06-06 00:00:00",23,10,19,5,18,77.06666666666666,63.233333333333334
"2023-06-07 00:00:00",24,8,11,3,28,76.93333333333334,63.46666666666667
"2023-06-08 00:00:00",24,11,17,6,20,76.73333333333333,64.03333333333333
"2023-06-09 00:00:00",18,8,17,7,21,76.06666666666666,64.8
"2023-06-10 00:00:00",21,9,16,6,34,76.03333333333333,64.3
"2023-06-11 00:00:00",25,7,11,1,23,75.76666666666667,64.36666666666666
"2023-06-12 00:00:00",23,10,16,3,21,75.56666666666666,64.53333333333333
"2023-06-13 00:00:00",19,11,17,3,24,75.53333333333333,65.13333333333334
"2023-06-14 00:00:00",28,5,18,4,25,76.13333333333334,65
"2023-06-15 00:00:00",23,4,11,4,26,75.66666666666667,65.36666666666666
"2023-06-16 00:00:00",18,5,17,3,24,75.3,65.56666666666666
"2023-06-17 00:00:00",24,5,14,1,26,75.4,65.3
"2023-06-18 00:00:00",20,4,16,1,30,75.1,65.33333333333333
"2023-06-19 00:00:00",31,8,19,3,22,75.66666666666667,65.33333333333333
"2023-06-20 00:00:00",26,7,15,3,19,75.66666666666667,64.63333333333334
"2023-06-21 00:00:00",19,9,19,5,29,75.33333333333333,65.26666666666667
"2023-06-22 00:00:00",23,6,21,5,28,75.6,65.6
"2023-06-23 00:00:00",18,13,12,7,29,75.66666666666667,65.93333333333334
"2023-06-24 00:00:00",24,5,14,5,32,76.03333333333333,65.83333333333333
"2023-06-25 00:00:00",28,9,10,3,20,75.9,66.13333333333334
"2023-06-26 00:00:00",25,9,20,3,31,76.16666666666667,66.66666666666667
"2023-06-27 00:00:00",25,5,13,1,28,76.6,66.56666666666666
"2023-06-28 00:00:00",23,4,8,6,22,75.66666666666667,66.9
"2023-06-29 00:00:00",26,8,17,2,32,75.43333333333334,66.8
"2023-06-30 00:00:00",22,11,14,2,30,75.7,66.53333333333333
"2023-07-01 00:00:00",23,7,17,2,25,75.36666666666666,66.7
"2023-07-02 00:00:00",28,8,11,1,25,75.53333333333333,66.26666666666667
"2023-07-03 00:00:00",27,7,11,4,26,75.33333333333333,66
"2023-07-04 00:00:00",28,5,17,5,22,75.86666666666666,65.83333333333333
"2023-07-05 00:00:00",21,6,17,5,29,75.46666666666667,66.7
"2023-07-06 00:00:00",26,8,18,5,32,75.93333333333334,66.33333333333333
"2023-07-07 00:00:00",14,8,7,6,18,75.23333333333333,65.93333333333334
"2023-07-08 00:00:00",22,9,12,2,30,75.13333333333334,65.26666666666667
"2023-07-09 00:00:00",23,8,16,0,16,74.86666666666666,64.7
"2023-07-10 00:00:00",21,11,15,1,33,74.7,64.83333333333333
"2023-07-11 00:00:00",18,9,18,2,30,75.03333333333333,65.03333333333333
"2023-07-12 00:00:00",25,6,17,2,22,75,65.4
"2023-07-13 00:00:00",27,7,15,4,23,75.06666666666666,64.96666666666667
"2023-07-14 00:00:00",17,11,18,6,29,75.1,64.86666666666666
"2023-07-15 00:00:00",20,9,21,1,30,75.53333333333333,64.56666666666666
"2023-07-16 00:00:00",28,9,15,2,24,75.9,64.56666666666666
"2023-07-17 00:00:00",25,6,11,5,26,76,64.26666666666667
"2023-07-18 00:00:00",29,7,17,3,21,76.2,64.56666666666666
"2023-07-19 00:00:00",19,9,14,5,30,76,64.53333333333333
"2023-07-20 00:00:00",17,7,15,3,29,76.03333333333333,65.2
"2023-07-21 00:00:00",23,8,20,5,32,76.26666666666667,65
"2023-07-22 00:00:00",23,7,18,3,21,75.9,64.76666666666667
"2023-07-23 00:00:00",22,6,13,2,35,75.86666666666666,64.53333333333333
"2023-07-24 00:00:00",26,8,21,8,26,76.16666666666667,64.93333333333334
"2023-07-25 00:00:00",25,6,20,4,22,76.4,64.26666666666667
"2023-07-26 00:00:00",27,12,12,2,26,76.1,64.4
"2023-07-27 00:00:00",21,7,18,3,28,76.26666666666667,63.86666666666667
"2023-07-28 00:00:00",21,5,11,4,17,76.1,63.233333333333334
"2023-07-29 00:00:00",21,6,12,1,26,75.46666666666667,63
"2023-07-30 00:00:00",22,5,10,6,23,75.03333333333333,62.766666666666666
"2023-07-31 00:00:00",21,5,16,2,22,74.76666666666667,62.666666666666664
"2023-08-01 00:00:00",25,5,24,3,29,75.2,63.233333333333334
"2023-08-02 00:00:00",21,5,19,1,33,75.33333333333333,63.6
"2023-08-03 00:00:00",24,10,12,3,30,75.4,64
"2023-08-04 00:00:00",26,9,14,8,26,75.56666666666666,63.86666666666667
"2023-08-05 00:00:00",27,5,7,3,25,74.83333333333333,64.26666666666667
"2023-08-06 00:00:00",26,4,19,2,20,75.43333333333334,64.63333333333334
"2023-08-07 00:00:00",30,8,20,5,32,76.1,64.83333333333333
"2023-08-08 00:00:00",20,9,18,2,20,76.3,65.46666666666667
"2023-08-09 00:00:00",26,6,18,3,24,76.16666666666667,65.5
"2023-08-10 00:00:00",23,7,16,4,29,76.23333333333333,66.23333333333333
"2023-08-11 00:00:00",22,10,19,1,27,76.46666666666667,66
"2023-08-12 00:00:00",19,7,16,3,22,76.16666666666667,66.56666666666666
"2023-08-13 00:00:00",27,7,19,2,19,75.93333333333334,66.46666666666667
"2023-08-14 00:00:00",26,8,20,6,24,76.03333333333333,65.73333333333333
"2023-08-15 00:00:00",23,8,20,3,28,76.16666666666667,66.26666666666667
"2023-08-16 00:00:00",24,11,11,3,22,76.1,67
"2023-08-17 00:00:00",22,6,18,7,26,76.16666666666667,67.36666666666666
"2023-08-18 00:00:00",22,8,20,4,32,76.46666666666667,67.66666666666667
"2023-08-19 00:00:00",25,6,16,1,28,76.63333333333334,67.16666666666667
"2023-08-20 00:00:00",28,9,19,4,25,76.53333333333333,67
"2023-08-21 00:00:00",29,4,16,6,22,76.7,67.2
"2023-08-22 00:00:00",23,4,13,4,25,76.4,67.63333333333334
"2023-08-23 00:00:00",21,4,15,8,27,75.93333333333334,67.2
"2023-08-24 00:00:00",20,7,16,5,22,75.7,67.7
"2023-08-25 00:00:00",20,8,16,5,29,75.66666666666667,67.8
"2023-08-26 00:00:00",26,7,17,2,30,75.83333333333333,68.53333333333333
"2023-08-27 00:00:00",23,5,13,2,27,76.23333333333333,68.7
"2023-08-28 00:00:00",29,7,20,4,32,77.1,68.96666666666667
"2023-08-29 00:00:00",21,10,14,1,28,77.36666666666666,69.36666666666666
"2023-08-30 00:00:00",27,4,21,3,19,77.63333333333334,69.43333333333334
"2023-08-31 00:00:00",19,9,18,4,23,77.2,69.5
"2023-09-01 00:00:00",22,4,13,3,31,77,69.73333333333333
"2023-09-02 00:00:00",19,9,21,3,25,76.93333333333334,69.46666666666667
"2023-09-03 00:00:00",24,5,17,4,29,76.8,69.1
"2023-09-04 00:00:00",28,9,25,4,34,77.9,68.46666666666667
"2023-09-05 00:00:00",23,14,20,1,30,78.46666666666667,68.96666666666667
"2023-09-06 00:00:00",23,6,20,4,18,77.66666666666667,69.43333333333334
"2023-09-07 00:00:00",31,6,18,3,36,78.5,69.36666666666666
"2023-09-08 00:00:00",20,7,14,2,20,78.03333333333333,69.86666666666666
"2023-09-09 00:00:00",28,7,12,3,31,78.1,69.5
"2023-09-10 00:00:00",26,10,7,5,21,77.76666666666667,69.86666666666666
"2023-09-11 00:00:00",28,4,24,4,25,78.36666666666666,69.36666666666666
"2023-09-12 00:00:00",24,8,11,2,26,78.26666666666667,70.1
"2023-09-13 00:00:00",25,9,22,4,22,78.2,71.06666666666666
"2023-09-14 00:00:00",19,3,16,6,31,77.96666666666667,70.53333333333333
"2023-09-15 00:00:00",22,6,18,3,26,78.1,70.33333333333333
"2023-09-16 00:00:00",29,6,18,2,30,78.3,69.76666666666667
"2023-09-17 00:00:00",23,6,16,4,22,77.8,69.36666666666666
"2023-09-18 00:00:00",27,4,17,2,27,77.83333333333333,69.26666666666667
"2023-09-19 00:00:00",19,6,17,2,30,77.46666666666667,69.33333333333333
"2023-09-20 00:00:00",18,11,16,4,19,77.16666666666667,69.7
"2023-09-21 00:00:00",30,5,19,9,28,77.9,69.73333333333333
"2023-09-22 00:00:00",22,4,22,3,22,77.83333333333333,70.03333333333333
"2023-09-23 00:00:00",22,5,20,2,28,78.06666666666666,69.96666666666667
"2023-09-24 00:00:00",26,8,14,2,27,78.03333333333333,69.8
"2023-09-25 00:00:00",29,6,20,2,22,77.93333333333334,69.63333333333334
"2023-09-26 00:00:00",22,7,18,4,16,77.83333333333333,70.06666666666666
"2023-09-27 00:00:00",19,8,19,7,32,77.6,70.23333333333333
"2023-09-28 00:00:00",19,5,23,5,22,77.6,69.73333333333333
"2023-09-29 00:00:00",25,6,16,4,38,78.1,69.26666666666667
"2023-09-30 00:00:00",26,9,8,5,18,77.86666666666666,69.2
"2023-10-01 00:00:00",24,7,20,3,23,78,69.23333333333333
"2023-10-02 00:00:00",25,10,21,4,28,78.36666666666666,68.56666666666666
"2023-10-03 00:00:00",28,5,20,3,28,78.53333333333333,68.96666666666667
"2023-10-04 00:00:00",26,10,14,5,27,77.93333333333334,69.5
"2023-10-05 00:00:00",23,7,27,5,23,77.83333333333333,68.96666666666667
"2023-10-06 00:00:00",22,7,5,3,27,77.6,68.93333333333334
"2023-10-07 00:00:00",17,4,14,3,27,76.63333333333334,68.63333333333334
"2023-10-08 00:00:00",22,11,17,1,20,76.9,68.26666666666667
"2023-10-09 00:00:00",28,7,20,7,32,77.33333333333333,68.33333333333333
"2023-10-10 00:00:00",21,5,17,1,23,77.26666666666667,68.36666666666666
"2023-10-11 00:00:00",27,6,15,4,23,76.93333333333334,68.63333333333334
"2023-10-12 00:00:00",22,12,21,4,30,77.53333333333333,68.23333333333333
"2023-10-13 00:00:00",26,9,13,2,29,77.43333333333334,68.73333333333333
"2023-10-14 00:00:00",19,8,18,1,24,77.26666666666667,68.76666666666667
"2023-10-15 00:00:00",23,10,26,2,30,77.8,68.4
"2023-10-16 00:00:00",19,7,18,5,30,77.6,68.66666666666667
"2023-10-17 00:00:00",24,8,14,3,24,77.66666666666667,68.86666666666666
"2023-10-18 00:00:00",23,6,17,0,29,77.6,69.46666666666667
"2023-10-19 00:00:00",19,5,18,5,29,77.66666666666667,69.76666666666667
"2023-10-20 00:00:00",27,5,21,3,25,78.1,69.56666666666666
"2023-10-21 00:00:00",21,5,13,3,26,77.33333333333333,69.73333333333333
"2023-10-22 00:00:00",23,10,18,5,15,77.26666666666667,69.4
"2023-10-23 00:00:00",19,6,25,3,33,77.56666666666666,69.13333333333334
"2023-10-24 00:00:00",28,11,24,2,25,78,69.16666666666667
"2023-10-25 00:00:00",24,6,20,6,23,78,69.2
"2023-10-26 00:00:00",19,7,16,7,30,78.4,69.4
"2023-10-27 00:00:00",22,6,17,5,18,77.83333333333333,69.36666666666666
"2023-10-28 00:00:00",22,5,12,3,28,77.7,69.86666666666666
"2023-10-29 00:00:00",20,4,18,6,25,77.16666666666667,69.86666666666666
"2023-10-30 00:00:00",25,9,18,0,26,77.56666666666666,69.7
"2023-10-31 00:00:00",23,8,13,1,20,77.16666666666667,69.73333333333333
"2023-11-01 00:00:00",27,8,19,3,37,77.36666666666666,70.13333333333334
"2023-11-02 00:00:00",23,11,22,5,26,77.46666666666667,70.33333333333333
"2023-11-03 00:00:00",22,12,20,1,22,77.3,70
"2023-11-04 00:00:00",20,5,13,3,25,76.66666666666667,70.4
"2023-11-05 00:00:00",24,4,14,2,23,76.76666666666667,69.86666666666666
"2023-11-06 00:00:00",25,9,13,1,31,77.23333333333333,69.73333333333333
"2023-11-07 00:00:00",29,3,17,5,22,77.4,69.73333333333333
"2023-11-08 00:00:00",23,6,17,4,22,76.66666666666667,69.46666666666667
"2023-11-09 00:00:00",19,5,21,3,24,76.83333333333333,69.26666666666667
"2023-11-10 00:00:00",23,12,21,6,37,77.63333333333334,69.26666666666667
"2023-11-11 00:00:00",28,7,16,3,17,77.03333333333333,69.5
"2023-11-12 00:00:00",22,9,10,3,20,76.53333333333333,68.83333333333333
"2023-11-13 00:00:00",19,10,17,2,28,76.73333333333333,68.36666666666666
"2023-11-14 00:00:00",18,4,21,3,25,76.06666666666666,68.8
"2023-11-15 00:00:00",22,7,15,3,20,75.66666666666667,68.6
"2023-11-16 00:00:00",21,7,20,0,21,75.53333333333333,68.86666666666666
"2023-11-17 00:00:00",22,8,12,2,20,75.16666666666667,69.2
"2023-11-18 00:00:00",24,5,12,2,20,74.73333333333333,69.1
"2023-11-19 00:00:00",21,7,12,3,25,74.3,68.26666666666667
"2023-11-20 00:00:00",23,11,21,2,30,74.93333333333334,67.2
"2023-11-21 00:00:00",23,6,11,5,20,74.73333333333333,67.33333333333333
"2023-11-22 00:00:00",22,6,16,4,23,74.23333333333333,68
"2023-11-23 00:00:00",24,10,12,5,31,73.96666666666667,68.33333333333333
"2023-11-24 00:00:00",19,7,15,2,24,73.56666666666666,68.5
"2023-11-25 00:00:00",24,6,24,2,27,73.7,67.66666666666667
"2023-11-26 00:00:00",16,4,12,0,25,73.33333333333333,67.4
"2023-11-27 00:00:00",28,4,25,3,19,73.63333333333334,67.3
"2023-11-28 00:00:00",26,4,15,2,27,73.66666666666667,67.66666666666667
"2023-11-29 00:00:00",28,1,14,4,21,73.33333333333333,68.03333333333333
"2023-11-30 00:00:00",22,10,20,3,24,73.8,67.83333333333333
"2023-12-01 00:00:00",26,4,11,2,18,72.7,67.83333333333333
"2023-12-02 00:00:00",20,5,18,3,21,72.03333333333333,67.13333333333334
"2023-12-03 00:00:00",20,7,17,2,20,71.66666666666667,67.1
"2023-12-04 00:00:00",24,9,12,6,28,72.1,66.73333333333333
"2023-12-05 00:00:00",17,6,25,2,19,72.16666666666667,67.56666666666666
"2023-12-06 00:00:00",24,3,14,5,28,72,67.9
"2023-12-07 00:00:00",24,5,15,5,14,71.56666666666666,68.06666666666666
"2023-12-08 00:00:00",24,7,11,3,30,71.66666666666667,68.1
"2023-12-09 00:00:00",25,11,15,1,27,71.9,68.13333333333334
"2023-12-10 00:00:00",29,4,18,3,21,71.1,68.2
"2023-12-11 00:00:00",26,5,23,3,27,71.53333333333333,67.53333333333333
"2023-12-12 00:00:00",24,3,16,4,25,71.8,68.1
"2023-12-13 00:00:00",25,9,18,3,21,71.8,68.7
"2023-12-14 00:00:00",21,4,9,4,28,71.63333333333334,68.43333333333334
"2023-12-15 00:00:00",21,7,11,5,19,71.5,68.6
"2023-12-16 00:00:00",23,8,16,2,27,71.73333333333333,68.33333333333333
"2023-12-17 00:00:00",20,7,16,4,25,72,67.36666666666666
"2023-12-18 00:00:00",21,6,24,3,30,72.7,67.26666666666667
"2023-12-19 00:00:00",19,7,18,5,22,72.8,67.86666666666666
"2023-12-20 00:00:00",24,8,11,4,28,72.4,68.7
"2023-12-21 00:00:00",28,8,21,4,20,72.93333333333334,68.83333333333333
"2023-12-22 00:00:00",19,7,12,3,27,72.83333333333333,68.56666666666666
"2023-12-23 00:00:00",28,6,14,2,21,72.46666666666667,68.26666666666667
"2023-12-24 00:00:00",25,12,15,3,22,72.8,68.1
"2023-12-25 00:00:00",26,5,21,2,24,72.63333333333334,68.43333333333334
"2023-12-26 00:00:00",23,7,16,4,26,73.26666666666667,68.73333333333333
"2023-12-27 00:00:00",28,8,20,4,22,73.36666666666666,68.93333333333334
"2023-12-28 00:00:00",21,6,14,2,33,73.43333333333334,68.86666666666666
"2023-12-29 00:00:00",21,2,19,3,12,73.06666666666666,68.8
"2023-12-30 00:00:00",26,8,20,4,26,73.23333333333333,69.03333333333333
"2023-12-31 00:00:00",25,5,17,1,23,73.56666666666666,68.66666666666667
"2024-01-01 00:00:00",30,4,14,2,21,73.7,69.26666666666667
"2024-01-02 00:00:00",26,7,7,2,21,73.6,69.76666666666667
"2024-01-03 00:00:00",23,7,16,4,20,73.3,70.06666666666666
"2024-01-04 00:00:00",19,3,12,3,13,72.66666666666667,69.83333333333333
"2024-01-05 00:00:00",25,11,17,4,30,73.1,69.66666666666667
"2024-01-06 00:00:00",24,10,8,2,20,73.13333333333334,69.36666666666666
"2024-01-07 00:00:00",24,6,12,6,22,72.96666666666667,69.46666666666667
"2024-01-08 00:00:00",21,8,25,4,20,72.93333333333334,69.03333333333333
"2024-01-09 00:00:00",15,5,26,2,17,72.6,69
"2024-01-10 00:00:00",24,7,13,3,29,72.33333333333333,69.43333333333334
"2024-01-11 00:00:00",25,7,13,0,18,72.03333333333333,68.63333333333334
"2024-01-12 00:00:00",25,8,19,1,24,72.06666666666666,68.36666666666666
"2024-01-13 00:00:00",20,8,14,1,32,72.36666666666666,68.1
"2024-01-14 00:00:00",29,6,14,0,26,72.76666666666667,68.06666666666666
"2024-01-15 00:00:00",21,5,19,4,27,72.76666666666667,68.2
"2024-01-16 00:00:00",21,7,22,3,27,73.03333333333333,68.93333333333334
"2024-01-17 00:00:00",20,2,8,2,16,71.83333333333333,69
"2024-01-18 00:00:00",27,15,13,9,31,72.63333333333334,68.63333333333334
"2024-01-19 00:00:00",24,5,12,2,27,72.46666666666667,68.93333333333334
"2024-01-20 00:00:00",27,10,10,1,19,72,69.03333333333333
"2024-01-21 00:00:00",26,4,18,3,24,72.23333333333333,68.33333333333333
"2024-01-22 00:00:00",23,7,17,5,19,72.23333333333333,68.2
"2024-01-23 00:00:00",22,9,22,2,30,72.5,68.6
"2024-01-24 00:00:00",20,7,11,5,28,72.26666666666667,68.76666666666667
"2024-01-25 00:00:00",27,8,21,2,23,72.43333333333334,68.66666666666667
"2024-01-26 00:00:00",30,6,11,2,14,71.8,68.36666666666666
"2024-01-27 00:00:00",27,10,25,1,18,71.96666666666667,68.2
"2024-01-28 00:00:00",22,4,10,2,24,72.13333333333334,67.83333333333333
"2024-01-29 00:00:00",20,9,15,1,29,71.8,67.43333333333334
"2024-01-30 00:00:00",20,10,26,4,25,72.26666666666667,67.83333333333333
"2024-01-31 00:00:00",26,4,16,6,28,72.56666666666666,67.7
"2024-02-01 00:00:00",30,3,20,7,13,72.9,67.33333333333333
"2024-02-02 00:00:00",25,3,8,0,21,72.46666666666667,67.06666666666666
"2024-02-03 00:00:00",17,1,2,3,14,72.03333333333333,66.86666666666666
"2024-02-04 00:00:00",20,12,12,0,15,71.1,66.96666666666667
"2024-02-05 00:00:00",27,8,12,6,29,71.7,67.03333333333333
"2024-02-06 00:00:00",19,3,7,1,24,71.16666666666667,67.26666666666667
"2024-02-07 00:00:00",28,8,13,8,19,71.1,67.8
"2024-02-08 00:00:00",21,9,20,2,29,71.63333333333334,68.2
"2024-02-09 00:00:00",21,6,19,3,20,71.4,67.36666666666666
"2024-02-10 00:00:00",25,8,21,1,21,71.83333333333333,66.93333333333334
"2024-02-11 00:00:00",21,3,13,1,18,71.13333333333334,67.73333333333333
"2024-02-12 00:00:00",18,6,15,2,19,70.63333333333334,68.33333333333333
"2024-02-13 00:00:00",19,9,17,1,29,70.63333333333334,68.63333333333334
"2024-02-14 00:00:00",26,2,17,5,26,70.63333333333334,68.3
"2024-02-15 00:00:00",28,8,14,3,31,70.76666666666667,68.46666666666667
"2024-02-16 00:00:00",26,10,19,3,26,71.96666666666667,68.73333333333333
"2024-02-17 00:00:00",21,7,19,4,26,71.36666666666666,68.7
"2024-02-18 00:00:00",19,3,6,1,15,70.5,68.13333333333334
"2024-02-19 00:00:00",23,8,4,5,26,70.46666666666667,67.43333333333334
"2024-02-20 00:00:00",26,5,9,5,34,70.6,67.93333333333334
"2024-02-21 00:00:00",22,11,13,4,22,70.63333333333334,68.3
"2024-02-22 00:00:00",22,9,15,7,33,70.66666666666667,68.1
"2024-02-23 00:00:00",25,7,24,2,24,71.03333333333333,68.6
"2024-02-24 00:00:00",20,7,18,2,22,70.63333333333334,68.96666666666667
"2024-02-25 00:00:00",21,10,19,2,20,70.93333333333334,69.2
"2024-02-26 00:00:00",21,6,19,1,24,70.6,69.43333333333334
"2024-02-27 00:00:00",24,9,20,3,20,71.06666666666666,70.16666666666667
"2024-02-28 00:00:00",28,6,23,5,29,71.63333333333334,71.06666666666666
"2024-02-29 00:00:00",17,9,7,1,19,70.56666666666666,71.26666666666667
"2024-03-01 00:00:00",22,6,8,3,18,69.8,70.86666666666666
"2024-03-02 00:00:00",25,10,20,3,18,69.9,70.73333333333333
"2024-03-03 00:00:00",19,8,14,1,30,70.4,71.46666666666667
"2024-03-04 00:00:00",28,5,20,2,25,71.83333333333333,71.5
"2024-03-05 00:00:00",20,5,17,5,32,72.5,71.83333333333333
"2024-03-06 00:00:00",24,7,25,2,23,72.46666666666667,72.26666666666667
"2024-03-07 00:00:00",18,10,10,9,24,73.03333333333333,72.4
"2024-03-08 00:00:00",22,11,26,5,27,73.53333333333333,72.3
"2024-03-09 00:00:00",16,5,13,3,20,72.73333333333333,72
"2024-03-10 00:00:00",22,12,13,7,34,73.36666666666666,73.03333333333333
"2024-03-11 00:00:00",25,10,19,2,22,73.43333333333334,74.06666666666666
"2024-03-12 00:00:00",21,6,11,4,23,73.73333333333333,73.56666666666666
"2024-03-13 00:00:00",32,9,17,0,26,74.53333333333333,73.83333333333333
"2024-03-14 00:00:00",22,8,14,6,32,74.76666666666667,73.56666666666666
"2024-03-15 00:00:00",22,9,17,5,30,75,74.23333333333333
"2024-03-16 00:00:00",17,8,16,3,24,74.46666666666667,73.83333333333333
"2024-03-17 00:00:00",18,6,14,4,34,74.2,73.5
"2024-03-18 00:00:00",30,7,17,3,25,74.36666666666666,74.1
"2024-03-19 00:00:00",22,7,20,6,30,75.73333333333333,74.46666666666667
"2024-03-20 00:00:00",23,6,14,3,19,75.7,75.1
"2024-03-21 00:00:00",23,8,16,4,26,75.63333333333334,74.73333333333333
"2024-03-22 00:00:00",21,4,12,3,25,75.4,74.06666666666666
"2024-03-23 00:00:00",24,8,18,3,21,75,74.3
"2024-03-24 00:00:00",15,9,13,1,19,74.16666666666667,74.16666666666667
"2024-03-25 00:00:00",24,7,13,0,29,74.3,74.26666666666667
"2024-03-26 00:00:00",18,5,6,4,23,73.76666666666667,74.43333333333334
"2024-03-27 00:00:00",26,10,6,4,25,73.76666666666667,74.36666666666666
"2024-03-28 00:00:00",21,5,15,4,24,73.53333333333333,73.36666666666666
"2024-03-29 00:00:00",23,8,9,2,17,72.46666666666667,73.16666666666667
"2024-03-30 00:00:00",25,11,32,8,32,74.3,73.03333333333333
"2024-03-31 00:00:00",21,8,18,3,24,74.86666666666666,73.13333333333334
"2024-04-01 00:00:00",23,9,34,4,24,75.46666666666667,72.36666666666666
"2024-04-02 00:00:00",20,10,25,5,24,75.86666666666666,71.03333333333333
"2024-04-03 00:00:00",28,4,15,4,33,76,71.16666666666667
"2024-04-04 00:00:00",22,8,18,3,31,76.1,71.4
"2024-04-05 00:00:00",18,6,15,8,28,75.9,71.13333333333334
"2024-04-06 00:00:00",27,5,23,2,26,76.3,71.66666666666667
"2024-04-07 00:00:00",31,7,14,7,26,76.1,71.63333333333334
"2024-04-08 00:00:00",17,11,21,2,29,76.86666666666666,72.16666666666667
"2024-04-09 00:00:00",16,6,15,3,25,76.1,72.1
"2024-04-10 00:00:00",17,11,14,1,21,75.63333333333334,72.3
"2024-04-11 00:00:00",21,4,19,5,25,75.93333333333334,72.7
"2024-04-12 00:00:00",27,6,16,3,23,75.63333333333334,72.36666666666666
"2024-04-13 00:00:00",16,5,16,4,25,75.1,72.36666666666666
"2024-04-14 00:00:00",22,7,14,3,22,74.6,71.5
"2024-04-15 00:00:00",27,7,20,2,24,75,71.3
"2024-04-16 00:00:00",7,2,3,0,9,73.16666666666667,71.56666666666666
"2024-04-17 00:00:00",17,8,10,8,28,72.8,72.03333333333333
"2024-04-18 00:00:00",7,10,23,3,26,72.26666666666667,72.2
"2024-04-19 00:00:00",18,9,16,6,24,72.53333333333333,72.26666666666667
"2024-04-20 00:00:00",21,7,10,0,22,71.96666666666667,72.36666666666666
"2024-04-21 00:00:00",19,7,11,3,23,71.9,73.1
"2024-04-22 00:00:00",20,12,16,3,27,72.03333333333333,72.83333333333333
"2024-04-23 00:00:00",13,7,15,4,30,72.43333333333334,72.76666666666667
"2024-04-24 00:00:00",22,8,18,1,23,72.4,73.1
"2024-04-25 00:00:00",17,5,14,1,30,72.76666666666667,73.4
"2024-04-26 00:00:00",25,11,24,4,23,73.3,73.7
"2024-04-27 00:00:00",21,9,16,3,19,73.26666666666667,74.36666666666666
"2024-04-28 00:00:00",23,9,16,3,15,73.5,73.86666666666666
"2024-04-29 00:00:00",20,8,20,7,24,72.53333333333333,73.8
"2024-04-30 00:00:00",22,5,16,4,28,72.56666666666666,74.5
"2024-05-01 00:00:00",18,6,18,3,20,71.6,76.06666666666666
"2024-05-02 00:00:00",17,5,10,2,20,70.6,76.86666666666666
"2024-05-03 00:00:00",22,14,15,4,30,70.63333333333334,76.83333333333333
"2024-05-04 00:00:00",23,5,16,5,30,70.53333333333333,76.36666666666666
"2024-05-05 00:00:00",19,8,17,4,23,70.4,76.86666666666666
"2024-05-06 00:00:00",15,6,23,2,22,69.9,75.83333333333333
"2024-05-07 00:00:00",27,5,13,0,32,69.63333333333334,76.2
"2024-05-08 00:00:00",16,10,25,3,25,69.6,76.06666666666666
"2024-05-09 00:00:00",19,8,11,7,24,69.73333333333333,76.6
"2024-05-10 00:00:00",27,6,11,7,31,70.33333333333333,76.73333333333333
"2024-05-11 00:00:00",17,13,24,3,31,70.8,76.43333333333334
"2024-05-12 00:00:00",22,10,12,1,31,70.83333333333333,76.53333333333333
"2024-05-13 00:00:00",22,6,30,3,23,71.43333333333334,76.73333333333333
"2024-05-14 00:00:00",14,8,12,3,21,71.1,76.86666666666666
"2024-05-15 00:00:00",24,10,14,3,24,70.93333333333334,77.46666666666667
"2024-05-16 00:00:00",31,8,27,2,30,73.5,77.53333333333333
"2024-05-17 00:00:00",14,8,13,7,28,73.46666666666667,76.73333333333333
"2024-05-18 00:00:00",24,7,16,2,24,73.6,76.86666666666666
"2024-05-19 00:00:00",25,6,16,7,26,73.83333333333333,76.63333333333334
"2024-05-20 00:00:00",17,10,22,6,30,74.66666666666667,77
"2024-05-21 00:00:00",22,3,18,4,30,75.13333333333334,77.36666666666666
"2024-05-22 00:00:00",25,10,23,3,35,75.73333333333333,77.43333333333334
"2024-05-23 00:00:00",20,12,19,3,33,76.33333333333333,77.36666666666666
"2024-05-24 00:00:00",23,11,16,6,21,76.5,76.6
"2024-05-25 00:00:00",24,10,23,5,23,77.1,76.26666666666667
"2024-05-26 00:00:00",20,6,17,1,26,76.53333333333333,76.46666666666667
"2024-05-27 00:00:00",18,6,23,6,24,76.83333333333333,75.9
"2024-05-28 00:00:00",21,8,17,1,24,77,76.63333333333334
"2024-05-29 00:00:00",17,10,17,6,30,77.03333333333333,77.43333333333334
"2024-05-30 00:00:00",26,5,19,4,23,77.1,76.9
"2024-05-31 00:00:00",21,11,21,5,25,77.7,76.8
"2024-06-01 00:00:00",19,3,24,4,22,78.3,76.73333333333333
"2024-06-02 00:00:00",24,10,15,2,22,77.9,77
"2024-06-03 00:00:00",23,5,22,2,22,77.73333333333333,76.56666666666666
"2024-06-04 00:00:00",24,10,16,0,29,78,76.8
"2024-06-05 00:00:00",22,2,21,9,22,78.26666666666667,77.06666666666666
"2024-06-06 00:00:00",24,7,21,5,21,78.3,76.93333333333334
"2024-06-07 00:00:00",20,8,14,6,30,78.26666666666667,76.73333333333333
"2024-06-08 00:00:00",22,7,22,3,23,78.53333333333333,76.06666666666666
"2024-06-09 00:00:00",26,10,21,5,24,78.66666666666667,76.03333333333333
"2024-06-10 00:00:00",19,6,17,4,27,78.16666666666667,75.76666666666667
"2024-06-11 00:00:00",20,8,21,4,31,78.43333333333334,75.56666666666666
"2024-06-12 00:00:00",20,7,22,3,26,78.23333333333333,75.53333333333333
"2024-06-13 00:00:00",28,7,22,10,23,79.3,76.13333333333334
"2024-06-14 00:00:00",17,6,17,3,30,79.23333333333333,75.66666666666667
"2024-06-15 00:00:00",18,7,17,5,24,78.33333333333333,75.3
"2024-06-16 00:00:00",15,7,13,2,27,78.13333333333334,75.4
"2024-06-17 00:00:00",15,5,13,0,22,77.53333333333333,75.1
"2024-06-18 00:00:00",26,6,15,6,27,77.53333333333333,75.66666666666667
"2024-06-19 00:00:00",19,10,22,5,32,77.63333333333334,75.66666666666667
"2024-06-20 00:00:00",21,5,20,5,23,77.53333333333333,75.33333333333333
"2024-06-21 00:00:00",16,5,16,5,28,76.66666666666667,75.6
"2024-06-22 00:00:00",15,7,15,5,30,76.16666666666667,75.66666666666667
"2024-06-23 00:00:00",30,7,15,2,24,76.2,76.03333333333333
"2024-06-24 00:00:00",26,9,16,4,25,76.03333333333333,75.9
"2024-06-25 00:00:00",14,6,17,5,34,76.23333333333333,76.16666666666667
"2024-06-26 00:00:00",21,6,14,2,21,75.8,76.6
"2024-06-27 00:00:00",26,5,18,3,24,75.96666666666667,75.66666666666667
"2024-06-28 00:00:00",23,9,20,2,35,76.26666666666667,75.43333333333334
"2024-06-29 00:00:00",14,7,19,4,22,75.9,75.7
"2024-06-30 00:00:00",27,9,10,6,24,75.66666666666667,75.36666666666666
"2024-07-01 00:00:00",19,2,19,2,26,75.53333333333333,75.53333333333333
"2024-07-02 00:00:00",20,6,18,1,26,75.46666666666667,75.33333333333333
"2024-07-03 00:00:00",19,8,18,4,22,75.36666666666666,75.86666666666666
"2024-07-04 00:00:00",19,7,14,4,27,75.1,75.46666666666667
"2024-07-05 00:00:00",23,6,18,6,27,75.23333333333333,75.93333333333334
"2024-07-06 00:00:00",21,7,27,3,18,75.16666666666667,75.23333333333333
"2024-07-07 00:00:00",17,6,16,5,27,74.93333333333334,75.13333333333334
"2024-07-08 00:00:00",29,4,14,1,22,74.7,74.86666666666666
"2024-07-09 00:00:00",20,9,18,7,18,74.23333333333333,74.7
"2024-07-10 00:00:00",20,8,25,2,39,74.93333333333334,75.03333333333333
"2024-07-11 00:00:00",27,5,21,3,27,74.9,75
"2024-07-12 00:00:00",30,11,17,6,20,75.1,75.06666666666666
"2024-07-13 00:00:00",15,5,18,4,33,74.6,75.1
"2024-07-14 00:00:00",24,7,14,7,22,74.63333333333334,75.53333333333333
"2024-07-15 00:00:00",23,3,17,3,31,74.83333333333333,75.9
"2024-07-16 00:00:00",22,7,13,3,25,75.03333333333333,76
"2024-07-17 00:00:00",18,6,10,4,19,75.1,76.2
"2024-07-18 00:00:00",23,8,18,2,25,74.96666666666667,76
"2024-07-19 00:00:00",22,7,24,4,19,74.56666666666666,76.03333333333333
"2024-07-20 00:00:00",15,14,15,1,20,74.26666666666667,76.26666666666667
"2024-07-21 00:00:00",19,10,18,6,24,74.5,75.9
"2024-07-22 00:00:00",28,5,15,3,27,74.7,75.86666666666666
"2024-07-23 00:00:00",21,5,21,2,24,74.53333333333333,76.16666666666667
"2024-07-24 00:00:00",17,1,17,3,21,73.83333333333333,76.4
"2024-07-25 00:00:00",20,4,17,6,23,73.63333333333334,76.1
"2024-07-26 00:00:00",22,8,21,4,20,74,76.26666666666667
"2024-07-27 00:00:00",20,2,15,4,25,73.66666666666667,76.1
"2024-07-28 00:00:00",24,5,15,6,17,72.93333333333334,75.46666666666667
"2024-07-29 00:00:00",24,8,12,2,33,73.36666666666666,75.03333333333333
"2024-07-30 00:00:00",21,10,19,4,29,73.6,74.76666666666667
"2024-07-31 00:00:00",17,4,15,5,21,73.4,75.2
"2024-08-01 00:00:00",22,5,22,3,30,73.76666666666667,75.33333333333333
"2024-08-02 00:00:00",31,8,21,1,27,74.33333333333333,75.4
"2024-08-03 00:00:00",21,8,12,4,25,74.3,75.56666666666666
"2024-08-04 00:00:00",19,6,18,3,27,74.06666666666666,74.83333333333333
"2024-08-05 00:00:00",21,7,16,3,27,74,75.43333333333334
"2024-08-06 00:00:00",19,7,24,2,22,74.1,76.1
"2024-08-07 00:00:00",24,8,24,1,23,74.43333333333334,76.3
"2024-08-08 00:00:00",26,4,18,5,24,74.6,76.16666666666667
"2024-08-09 00:00:00",23,5,14,2,21,73.63333333333334,76.23333333333333
"2024-08-10 00:00:00",17,14,12,1,26,73.2,76.46666666666667
"2024-08-11 00:00:00",20,6,22,6,25,73.03333333333333,76.16666666666667
"2024-08-12 00:00:00",25,8,22,6,17,73.13333333333334,75.93333333333334
"2024-08-13 00:00:00",21,4,27,1,27,73.33333333333333,76.03333333333333
"2024-08-14 00:00:00",19,6,15,6,23,73.06666666666666,76.16666666666667
"2024-08-15 00:00:00",30,5,14,8,20,73.3,76.1
"2024-08-16 00:00:00",20,8,21,6,33,74.33333333333333,76.16666666666667
"2024-08-17 00:00:00",20,6,16,2,26,74.13333333333334,76.46666666666667
"2024-08-18 00:00:00",23,10,10,1,20,73.73333333333333,76.63333333333334
"2024-08-19 00:00:00",18,7,18,5,25,74,76.53333333333333
"2024-08-20 00:00:00",20,12,26,3,26,74.33333333333333,76.7
"2024-08-21 00:00:00",24,9,18,2,33,74.6,76.4
"2024-08-22 00:00:00",22,8,17,3,20,74.5,75.93333333333334
"2024-08-23 00:00:00",22,3,21,5,25,75.06666666666666,75.7
"2024-08-24 00:00:00",30,7,19,3,27,75.6,75.66666666666667
"2024-08-25 00:00:00",17,1,19,5,29,75.46666666666667,75.83333333333333
"2024-08-26 00:00:00",22,11,20,2,28,76.03333333333333,76.23333333333333
"2024-08-27 00:00:00",20,4,19,6,23,76.2,77.1
"2024-08-28 00:00:00",23,5,24,5,27,76.36666666666666,77.36666666666666
"2024-08-29 00:00:00",22,8,18,4,27,76.23333333333333,77.63333333333334
"2024-08-30 00:00:00",23,5,17,3,24,76.56666666666666,77.2
"2024-08-31 00:00:00",16,5,19,2,22,75.96666666666667,77
"2024-09-01 00:00:00",26,8,22,3,33,76.1,76.93333333333334
"2024-09-02 00:00:00",21,10,22,3,25,76.46666666666667,76.8
"2024-09-03 00:00:00",26,4,16,2,21,76.33333333333333,77.9
"2024-09-04 00:00:00",25,8,17,4,23,76.43333333333334,78.46666666666667
"2024-09-05 00:00:00",31,9,18,3,26,76.86666666666666,77.66666666666667
"2024-09-06 00:00:00",19,12,18,5,24,76.8,78.5
"2024-09-07 00:00:00",21,5,16,8,31,76.93333333333334,78.03333333333333
"2024-09-08 00:00:00",20,9,17,3,32,77.46666666666667,78.1
"2024-09-09 00:00:00",17,7,15,5,27,77.5,77.76666666666667
"2024-09-10 00:00:00",26,5,21,6,30,77.8,78.36666666666666
"2024-09-11 00:00:00",24,13,20,5,29,78.23333333333333,78.26666666666667
"2024-09-12 00:00:00",28,7,25,4,22,78.43333333333334,78.2
"2024-09-13 00:00:00",17,8,23,2,24,78.6,77.96666666666667
"2024-09-14 00:00:00",26,10,18,3,29,78.9,78.1
"2024-09-15 00:00:00",27,5,19,3,25,78.6,78.3
"2024-09-16 00:00:00",27,8,19,7,20,78.96666666666667,77.8
"2024-09-17 00:00:00",26,7,24,0,34,79.86666666666666,77.83333333333333
"2024-09-18 00:00:00",22,10,16,6,23,80,77.46666666666667
"2024-09-19 00:00:00",23,4,26,3,24,79.76666666666667,77.16666666666667
"2024-09-20 00:00:00",24,9,20,1,19,79.33333333333333,77.9
"2024-09-21 00:00:00",19,9,15,6,24,79.43333333333334,77.83333333333333
"2024-09-22 00:00:00",23,7,21,5,19,79.4,78.06666666666666
"2024-09-23 00:00:00",27,8,16,3,33,79.43333333333334,78.03333333333333
"2024-09-24 00:00:00",27,5,19,5,23,79.7,77.93333333333334
"2024-09-25 00:00:00",23,11,21,6,35,80.13333333333334,77.83333333333333
"2024-09-26 00:00:00",25,8,26,1,24,80.53333333333333,77.6
"2024-09-27 00:00:00",23,10,23,3,25,80.53333333333333,77.6
"2024-09-28 00:00:00",26,4,16,3,27,80.43333333333334,78.1
"2024-09-29 00:00:00",29,7,14,3,18,80.4,77.86666666666666
"2024-09-30 00:00:00",20,5,14,3,28,80.6,78
"2024-10-01 00:00:00",19,6,15,0,23,79.63333333333334,78.36666666666666
"2024-10-02 00:00:00",25,7,20,4,24,79.6,78.53333333333333
"2024-10-03 00:00:00",22,5,20,5,30,80.03333333333333,77.93333333333334
"2024-10-04 00:00:00",25,6,18,6,25,80.13333333333334,77.83333333333333
"2024-10-05 00:00:00",26,9,9,2,17,79.33333333333333,77.6
"2024-10-06 00:00:00",20,5,18,6,29,79.33333333333333,76.63333333333334
"2024-10-07 00:00:00",24,11,16,1,25,79.2,76.9
"2024-10-08 00:00:00",29,8,24,3,27,79.53333333333333,77.33333333333333
"2024-10-09 00:00:00",26,4,15,4,22,79.53333333333333,77.26666666666667
"2024-10-10 00:00:00",26,9,25,3,25,79.53333333333333,76.93333333333334
"2024-10-11 00:00:00",25,9,16,4,23,79.06666666666666,77.53333333333333
"2024-10-12 00:00:00",32,8,22,2,23,79.1,77.43333333333334
"2024-10-13 00:00:00",22,5,16,3,27,79.06666666666666,77.26666666666667
"2024-10-14 00:00:00",23,12,26,2,17,78.86666666666666,77.8
"2024-10-15 00:00:00",19,7,20,6,25,78.8,77.6
"2024-10-16 00:00:00",25,6,17,3,23,78.56666666666666,77.66666666666667
"2024-10-17 00:00:00",27,8,23,4,21,78.3,77.6
"2024-10-18 00:00:00",24,9,15,3,29,78.4,77.66666666666667
"2024-10-19 00:00:00",27,5,17,6,28,78.5,78.1
"2024-10-20 00:00:00",15,6,17,5,20,78.16666666666667,77.33333333333333
"2024-10-21 00:00:00",25,12,22,5,20,78.53333333333333,77.26666666666667
"2024-10-22 00:00:00",27,7,16,2,25,78.6,77.56666666666666
"2024-10-23 00:00:00",27,10,16,7,13,78.13333333333334,78
"2024-10-24 00:00:00",25,4,19,3,29,78.16666666666667,78
"2024-10-25 00:00:00",33,9,19,6,23,77.96666666666667,78.4
"2024-10-26 00:00:00",27,8,19,6,22,77.9,77.83333333333333
"2024-10-27 00:00:00",22,2,12,4,20,77.1,77.7
"2024-10-28 00:00:00",22,9,15,2,26,77.03333333333333,77.16666666666667
"2024-10-29 00:00:00",26,3,15,3,19,76.86666666666666,77.56666666666666
"2024-10-30 00:00:00",24,9,15,8,24,77.2,77.16666666666667
"2024-10-31 00:00:00",20,3,23,2,21,77.4,77.36666666666666
"2024-11-01 00:00:00",34,6,24,1,30,77.9,77.46666666666667
"2024-11-02 00:00:00",23,9,20,2,26,77.83333333333333,77.3
"2024-11-03 00:00:00",24,8,20,4,20,77.7,76.66666666666667
"2024-11-04 00:00:00",33,6,20,5,24,78.53333333333333,76.76666666666667
"2024-11-05 00:00:00",21,10,15,3,26,78.43333333333334,77.23333333333333
"2024-11-06 00:00:00",23,8,23,4,23,78.56666666666666,77.4
"2024-11-07 00:00:00",28,7,12,6,28,78.23333333333333,76.66666666666667
"2024-11-08 00:00:00",26,15,18,2,23,78.66666666666667,76.83333333333333
"2024-11-09 00:00:00",24,3,12,1,24,77.86666666666666,77.63333333333334
"2024-11-10 00:00:00",27,7,21,2,21,77.9,77.03333333333333
"2024-11-11 00:00:00",28,13,27,0,25,78.1,76.53333333333333
"2024-11-12 00:00:00",27,6,27,7,23,78.66666666666667,76.73333333333333
"2024-11-13 00:00:00",25,8,23,3,22,78.7,76.06666666666666
"2024-11-14 00:00:00",26,11,13,2,20,78.53333333333333,75.66666666666667
"2024-11-15 00:00:00",23,5,14,5,31,78.66666666666667,75.53333333333333
"2024-11-16 00:00:00",26,7,17,1,17,78.16666666666667,75.16666666666667
"2024-11-17 00:00:00",22,8,13,4,25,77.9,74.73333333333333
"2024-11-18 00:00:00",24,7,29,7,21,78.06666666666666,74.3
"2024-11-19 00:00:00",35,4,22,4,21,78.83333333333333,74.93333333333334
"2024-11-20 00:00:00",25,5,14,3,20,78.26666666666667,74.73333333333333
"2024-11-21 00:00:00",24,13,17,5,22,78.4,74.23333333333333
"2024-11-22 00:00:00",31,7,16,3,25,78.7,73.96666666666667
"2024-11-23 00:00:00",25,10,12,3,27,78.6,73.56666666666666
"2024-11-24 00:00:00",21,8,10,2,24,77.76666666666667,73.7
"2024-11-25 00:00:00",28,7,22,4,29,78.03333333333333,73.33333333333333
"2024-11-26 00:00:00",17,9,25,3,21,78.53333333333333,73.63333333333334
"2024-11-27 00:00:00",18,6,17,2,14,77.96666666666667,73.66666666666667
"2024-11-28 00:00:00",28,4,14,4,20,78.1,73.33333333333333
"2024-11-29 00:00:00",25,5,8,3,18,77.4,73.8
"2024-11-30 00:00:00",18,4,6,2,19,76.73333333333333,72.7
"2024-12-01 00:00:00",22,5,12,1,20,75.56666666666666,72.03333333333333
"2024-12-02 00:00:00",19,13,10,1,26,75.2,71.66666666666667
"2024-12-03 00:00:00",24,10,21,2,15,75.06666666666666,72.1
"2024-12-04 00:00:00",25,8,18,6,21,74.73333333333333,72.16666666666667
"2024-12-05 00:00:00",24,10,20,4,28,75.1,72
"2024-12-06 00:00:00",30,4,19,7,19,75.03333333333333,71.56666666666666
"2024-12-07 00:00:00",29,11,19,2,21,75.06666666666666,71.66666666666667
"2024-12-08 00:00:00",22,7,16,3,20,74.53333333333333,71.9
"2024-12-09 00:00:00",29,7,15,5,16,74.8,71.1
"2024-12-10 00:00:00",20,11,25,0,24,74.86666666666666,71.53333333333333
"2024-12-11 00:00:00",26,6,11,6,21,74.1,71.8
"2024-12-12 00:00:00",21,11,20,6,24,73.83333333333333,71.8
"2024-12-13 00:00:00",26,8,17,5,21,73.7,71.63333333333334
"2024-12-14 00:00:00",24,9,18,3,18,73.7,71.5
"2024-12-15 00:00:00",20,4,12,1,27,73.23333333333333,71.73333333333333
"2024-12-16 00:00:00",22,10,15,4,21,73.36666666666666,72
"2024-12-17 00:00:00",21,7,23,4,23,73.56666666666666,72.7
"2024-12-18 00:00:00",22,8,10,3,17,72.63333333333334,72.8
"2024-12-19 00:00:00",25,12,15,5,19,72.3,72.4
"2024-12-20 00:00:00",22,6,21,8,24,72.76666666666667,72.93333333333334
"2024-12-21 00:00:00",33,9,11,3,25,72.76666666666667,72.83333333333333
"2024-12-22 00:00:00",18,5,15,4,19,72.06666666666666,72.46666666666667
"2024-12-23 00:00:00",25,9,24,1,19,72.1,72.8
"2024-12-24 00:00:00",15,9,16,3,25,72.2,72.63333333333334
"2024-12-25 00:00:00",23,9,22,3,12,71.5,73.26666666666667
"2024-12-26 00:00:00",29,7,14,4,13,71.23333333333333,73.36666666666666
"2024-12-27 00:00:00",34,11,21,6,31,72.76666666666667,73.43333333333334
"2024-12-28 00:00:00",25,8,16,3,17,72.73333333333333,73.06666666666666
"2024-12-29 00:00:00",30,5,15,2,13,72.93333333333334,73.23333333333333
"2024-12-30 00:00:00",26,10,16,7,28,74.2,73.56666666666666
"2024-12-31 00:00:00",19,13,27,3,22,75,73.7
"2025-01-01 00:00:00",21,7,14,2,9,74.46666666666667,73.6
"2025-01-02 00:00:00",20,1,1,1,14,73.3,73.3
"2025-01-03 00:00:00",23,14,8,6,27,73.3,72.66666666666667
"2025-01-04 00:00:00",29,7,13,5,19,72.86666666666666,73.1
"2025-01-05 00:00:00",22,4,16,3,16,72.26666666666667,73.13333333333334
"2025-01-06 00:00:00",27,6,24,4,16,72.1,72.96666666666667
"2025-01-07 00:00:00",25,8,14,3,26,72.36666666666666,72.93333333333334
"2025-01-08 00:00:00",22,6,14,7,27,72.5,72.6
"2025-01-09 00:00:00",30,8,17,1,17,72.26666666666667,72.33333333333333
"2025-01-10 00:00:00",30,5,15,8,21,72.56666666666666,72.03333333333333
"2025-01-11 00:00:00",22,10,22,2,27,72.6,72.06666666666666
"2025-01-12 00:00:00",18,8,15,2,18,72.06666666666666,72.36666666666666
"2025-01-13 00:00:00",28,6,12,5,25,72.2,72.76666666666667
"2025-01-14 00:00:00",21,12,13,3,15,72.2,72.76666666666667
"2025-01-15 00:00:00",28,8,16,7,20,72.43333333333334,73.03333333333333
"2025-01-16 00:00:00",28,10,12,6,20,72.36666666666666,71.83333333333333
"2025-01-17 00:00:00",21,4,26,2,19,72.76666666666667,72.63333333333334
"2025-01-18 00:00:00",18,2,11,0,19,71.9,72.46666666666667
"2025-01-19 00:00:00",27,9,9,5,15,71.36666666666666,72
"2025-01-20 00:00:00",28,11,17,6,27,71.63333333333334,72.23333333333333
"2025-01-21 00:00:00",21,7,10,1,27,71.8,72.23333333333333
"2025-01-22 00:00:00",25,8,17,5,25,71.86666666666666,72.5
"2025-01-23 00:00:00",26,6,20,4,26,72.33333333333333,72.26666666666667
"2025-01-24 00:00:00",27,7,24,4,24,72.9,72.43333333333334
"2025-01-25 00:00:00",24,10,17,8,21,73.33333333333333,71.8
"2025-01-26 00:00:00",17,8,23,3,22,72.33333333333333,71.96666666666667
"2025-01-27 00:00:00",27,11,19,3,21,72.73333333333333,72.13333333333334
"2025-01-28 00:00:00",29,7,20,3,20,73.2,71.8
"2025-01-29 00:00:00",27,6,11,7,28,72.93333333333334,72.26666666666667
"2025-01-30 00:00:00",28,10,13,3,16,72.46666666666667,72.56666666666666
"2025-01-31 00:00:00",32,9,11,4,20,73.23333333333333,72.9
"2025-02-01 00:00:00",21,5,14,4,22,74.2,72.46666666666667
"2025-02-02 00:00:00",26,6,13,3,18,73.8,72.03333333333333
"2025-02-03 00:00:00",27,11,21,3,19,74.06666666666666,71.1
"2025-02-04 00:00:00",25,6,19,5,24,74.66666666666667,71.7
"2025-02-05 00:00:00",25,8,20,5,21,74.73333333333333,71.16666666666667
"2025-02-06 00:00:00",27,7,24,6,20,75,71.1
"2025-02-07 00:00:00",30,10,17,1,28,75.33333333333333,71.63333333333334
"2025-02-08 00:00:00",19,9,10,5,24,75.13333333333334,71.4
"2025-02-09 00:00:00",25,7,13,5,21,74.86666666666666,71.83333333333333
"2025-02-10 00:00:00",20,10,21,4,31,74.96666666666667,71.13333333333334
"2025-02-11 00:00:00",29,10,25,6,29,76.23333333333333,70.63333333333334
"2025-02-12 00:00:00",26,7,23,6,18,76.36666666666666,70.63333333333334
"2025-02-13 00:00:00",27,11,23,3,26,77.23333333333333,70.63333333333334
"2025-02-14 00:00:00",22,9,21,3,21,77.13333333333334,70.76666666666667
"2025-02-15 00:00:00",23,9,15,1,16,76.73333333333333,71.96666666666667
"2025-02-16 00:00:00",23,9,18,1,25,76.86666666666666,71.36666666666666
"2025-02-17 00:00:00",27,7,24,7,23,78.13333333333334,70.5
"2025-02-18 00:00:00",26,10,15,4,22,78.53333333333333,70.46666666666667
"2025-02-19 00:00:00",25,5,20,5,25,78.23333333333333,70.6
"2025-02-20 00:00:00",27,5,27,4,29,79.1,70.63333333333334
"2025-02-21 00:00:00",25,10,19,2,24,79.1,70.66666666666667
"2025-02-22 00:00:00",31,8,18,0,15,78.76666666666667,71.03333333333333
"2025-02-23 00:00:00",22,6,18,1,24,78.26666666666667,70.63333333333334
"2025-02-24 00:00:00",26,8,17,2,24,78.16666666666667,70.93333333333334
"2025-02-25 00:00:00",15,4,10,1,13,77.16666666666667,70.6
"2025-02-26 00:00:00",18,9,6,6,24,76.56666666666666,71.06666666666666
"2025-02-27 00:00:00",28,7,16,2,25,76.53333333333333,71.63333333333334
"2025-02-28 00:00:00",25,8,10,4,22,76.2,70.56666666666666
"2025-03-01 00:00:00",25,14,14,3,24,76.53333333333333,69.8
"2025-03-02 00:00:00",27,3,12,0,21,76.1,69.9
"2025-03-03 00:00:00",23,10,20,3,27,76.66666666666667,70.4
"2025-03-04 00:00:00",22,7,30,2,34,77.63333333333334,71.83333333333333
"2025-03-05 00:00:00",28,9,23,9,24,78.03333333333333,72.5
"2025-03-06 00:00:00",24,9,17,5,23,78,72.46666666666667
"2025-03-07 00:00:00",19,8,17,7,22,77.8,73.03333333333333
"2025-03-08 00:00:00",24,7,21,1,20,77.43333333333334,73.53333333333333
"2025-03-09 00:00:00",22,5,16,4,24,76.93333333333334,72.73333333333333
"2025-03-10 00:00:00",29,13,24,4,38,78.3,73.36666666666666
"2025-03-11 00:00:00",25,10,18,5,27,78.76666666666667,73.43333333333334
"2025-03-12 00:00:00",25,9,23,4,26,78.8,73.73333333333333
"2025-03-13 00:00:00",24,3,13,6,24,77.83333333333333,74.53333333333333
"2025-03-14 00:00:00",27,11,22,3,25,78.1,74.76666666666667
"2025-03-15 00:00:00",24,11,22,4,23,77.9,75
"2025-03-16 00:00:00",19,8,25,2,25,78,74.46666666666667
"2025-03-17 00:00:00",26,8,25,4,29,78.93333333333334,74.2
"2025-03-18 00:00:00",26,5,11,3,20,78.56666666666666,74.36666666666666
"2025-03-19 00:00:00",24,11,23,7,28,78.73333333333333,75.73333333333333
"2025-03-20 00:00:00",27,8,17,1,23,78.7,75.7
"2025-03-21 00:00:00",15,4,16,2,18,77.86666666666666,75.63333333333334
"2025-03-22 00:00:00",26,8,24,6,38,78.2,75.4
"2025-03-23 00:00:00",24,6,11,3,20,77.66666666666667,75
"2025-03-24 00:00:00",22,6,9,1,21,77.23333333333333,74.16666666666667
"2025-03-25 00:00:00",14,2,1,2,18,76.1,74.3
"2025-03-26 00:00:00",26,10,14,6,25,76.23333333333333,73.76666666666667
"2025-03-27 00:00:00",23,10,21,3,20,77.36666666666666,73.76666666666667
"2025-03-28 00:00:00",25,10,18,3,27,78.03333333333333,73.53333333333333
"2025-03-29 00:00:00",19,8,16,2,26,77.8,72.46666666666667
"2025-03-30 00:00:00",25,4,10,6,26,77.86666666666666,74.3
"2025-03-31 00:00:00",20,6,17,4,21,77.46666666666667,74.86666666666666
"2025-04-01 00:00:00",26,6,18,6,26,78.1,75.46666666666667
"2025-04-02 00:00:00",27,10,18,4,24,78.1,75.86666666666666
"2025-04-03 00:00:00",28,8,17,2,27,77.66666666666667,76
"2025-04-04 00:00:00",27,5,14,2,24,76.96666666666667,76.1
"2025-04-05 00:00:00",28,7,16,7,22,77.03333333333333,75.9
"2025-04-06 00:00:00",21,11,17,5,24,77.2,76.3
"2025-04-07 00:00:00",21,6,30,7,28,77.83333333333333,76.1
"2025-04-08 00:00:00",32,8,18,4,18,78.13333333333334,76.86666666666666
"2025-04-09 00:00:00",26,8,17,5,26,77.26666666666667,76.1
"2025-04-10 00:00:00",31,6,18,5,27,77.33333333333333,75.63333333333334
"2025-04-11 00:00:00",27,8,11,4,17,76.66666666666667,75.93333333333334
"2025-04-12 00:00:00",21,8,19,3,22,76.76666666666667,75.63333333333334
"2025-04-13 00:00:00",28,9,22,3,20,76.56666666666666,75.1
"2025-04-14 00:00:00",23,7,12,2,24,76.03333333333333,74.6
"2025-04-15 00:00:00",24,2,16,4,22,75.66666666666667,75
"2025-04-16 00:00:00",29,10,10,4,24,75.16666666666667,73.16666666666667
"2025-04-17 00:00:00",21,4,9,1,21,74.86666666666666,72.8
"2025-04-18 00:00:00",27,6,7,3,27,74.1,72.26666666666667
"2025-04-19 00:00:00",28,14,13,4,21,74.23333333333333,72.53333333333333
"2025-04-20 00:00:00",22,10,23,2,20,74.96666666666667,71.96666666666667
"2025-04-21 00:00:00",29,11,22,5,25,74.63333333333334,71.9
"2025-04-22 00:00:00",25,4,18,9,20,75.03333333333333,72.03333333333333
"2025-04-23 00:00:00",20,14,25,3,25,75.96666666666667,72.43333333333334
"2025-04-24 00:00:00",27,13,19,7,27,77.83333333333333,72.4
"2025-04-25 00:00:00",20,10,22,4,27,77.9,72.76666666666667
"2025-04-26 00:00:00",28,7,14,4,23,77.86666666666666,73.3
"2025-04-27 00:00:00",19,7,22,1,36,77.93333333333334,73.26666666666667
"2025-04-28 00:00:00",27,4,22,9,28,78.56666666666666,73.5
"2025-04-29 00:00:00",22,13,23,1,23,78.93333333333334,72.53333333333333
"2025-04-30 00:00:00",27,7,21,3,21,79.3,72.56666666666666
"2025-05-01 00:00:00",30,8,22,2,23,79.4,71.6
"2025-05-02 00:00:00",23,6,19,6,20,79.1,70.6
"2025-05-03 00:00:00",25,7,16,7,22,78.93333333333334,70.63333333333334
"2025-05-04 00:00:00",22,3,21,5,26,79.1,70.53333333333333
"2025-05-05 00:00:00",28,9,17,2,26,79.16666666666667,70.4
"2025-05-06 00:00:00",23,5,20,3,15,78.76666666666667,69.9
"2025-05-07 00:00:00",17,4,5,4,14,77.16666666666667,69.63333333333334
"2025-05-08 00:00:00",32,9,4,5,30,77.16666666666667,69.6
"2025-05-09 00:00:00",29,7,29,5,33,77.86666666666666,69.73333333333333
"2025-05-10 00:00:00",24,11,27,2,29,78.06666666666666,70.33333333333333
"2025-05-11 00:00:00",28,7,21,2,31,78.8,70.8
"2025-05-12 00:00:00",19,7,23,1,29,79,70.83333333333333
"2025-05-13 00:00:00",23,8,18,6,21,78.8,71.43333333333334
"2025-05-14 00:00:00",28,8,26,3,24,79.5,71.1
"2025-05-15 00:00:00",26,5,19,7,15,79.63333333333334,70.93333333333334
"2025-05-16 00:00:00",24,5,22,6,29,79.93333333333334,73.5
"2025-05-17 00:00:00",24,5,16,3,27,80.56666666666666,73.46666666666667
"2025-05-18 00:00:00",23,8,14,4,17,80.43333333333334,73.6
"2025-05-19 00:00:00",23,9,26,9,35,81.16666666666667,73.83333333333333
"2025-05-20 00:00:00",24,9,19,6,18,81.13333333333334,74.66666666666667
"2025-05-21 00:00:00",25,10,20,0,24,80.7,75.13333333333334
"2025-05-22 00:00:00",27,6,18,5,26,80.9,75.73333333333333
"2025-05-23 00:00:00",22,8,14,6,27,80.56666666666666,76.33333333333333
"2025-05-24 00:00:00",27,3,15,1,18,79.6,76.5
"2025-05-25 00:00:00",27,12,16,5,20,79.5,77.1
"2025-05-26 00:00:00",27,6,20,2,28,79.73333333333333,76.53333333333333
"2025-05-27 00:00:00",24,6,12,2,32,79.43333333333334,76.83333333333333
"2025-05-28 00:00:00",28,10,19,3,23,79.2,77
"2025-05-29 00:00:00",26,12,16,4,31,79.43333333333334,77.03333333333333
"2025-05-30 00:00:00",22,5,23,0,22,79.2,77.1
"2025-05-31 00:00:00",24,10,9,4,15,78.43333333333334,77.7
"2025-06-01 00:00:00",21,7,13,5,17,78.06666666666666,78.3
"2025-06-02 00:00:00",30,6,20,5,22,78.26666666666667,77.9
"2025-06-03 00:00:00",21,7,12,1,15,77.56666666666666,77.73333333333333
"2025-06-04 00:00:00",22,6,12,6,15,76.86666666666666,78
"2025-06-05 00:00:00",24,5,13,4,29,77.16666666666667,78.26666666666667
"2025-06-06 00:00:00",22,3,14,2,22,77.8,78.3
"2025-06-07 00:00:00",31,7,11,2,27,77.73333333333333,78.26666666666667
"2025-06-08 00:00:00",24,7,15,1,20,76.53333333333333,78.53333333333333
"2025-06-09 00:00:00",31,8,24,3,32,76.7,78.66666666666667
"2025-06-10 00:00:00",25,10,19,5,28,76.63333333333334,78.16666666666667
"2025-06-11 00:00:00",23,8,21,6,30,76.93333333333334,78.43333333333334
"2025-06-12 00:00:00",21,9,22,3,23,77,78.23333333333333
"2025-06-13 00:00:00",25,6,22,3,23,76.66666666666667,79.3
"2025-06-14 00:00:00",24,9,14,5,25,76.83333333333333,79.23333333333333
"2025-06-15 00:00:00",19,4,15,5,30,76.4,78.33333333333333
"2025-06-16 00:00:00",28,8,21,4,30,76.93333333333334,78.13333333333334
"2025-06-17 00:00:00",19,6,21,3,23,77.13333333333334,77.53333333333333
"2025-06-18 00:00:00",24,8,20,9,22,76.5,77.53333333333333
"2025-06-19 00:00:00",20,8,8,3,23,76.03333333333333,77.63333333333334
"2025-06-20 00:00:00",26,6,19,3,21,75.9,77.53333333333333
"2025-06-21 00:00:00",19,4,12,5,22,75.23333333333333,76.66666666666667
"2025-06-22 00:00:00",20,4,14,5,26,74.96666666666667,76.16666666666667
"2025-06-23 00:00:00",26,9,17,3,27,75.56666666666666,76.2
"2025-06-24 00:00:00",20,8,13,0,17,74.83333333333333,76.03333333333333
"2025-06-25 00:00:00",21,8,21,1,23,74.53333333333333,76.23333333333333
"2025-06-26 00:00:00",28,7,24,5,28,75.06666666666666,75.8
"2025-06-27 00:00:00",28,10,18,4,23,75.06666666666666,75.96666666666667
"2025-06-28 00:00:00",22,8,17,3,23,74.53333333333333,76.26666666666667
"2025-06-29 00:00:00",20,9,24,5,22,74.8,75.9
"2025-06-30 00:00:00",32,4,25,3,32,75.93333333333334,75.66666666666667
"2025-07-01 00:00:00",23,6,17,4,16,76.03333333333333,75.53333333333333
"2025-07-02 00:00:00",26,4,23,3,21,75.83333333333333,75.46666666666667
"2025-07-03 00:00:00",28,8,16,6,23,76.66666666666667,75.36666666666666
"2025-07-04 00:00:00",26,7,10,3,24,76.96666666666667,75.1
"2025-07-05 00:00:00",21,6,19,1,18,76.63333333333334,75.23333333333333
"2025-07-06 00:00:00",14,7,9,2,20,76.26666666666667,75.16666666666667
"2025-07-07 00:00:00",25,6,14,5,21,76.03333333333333,74.93333333333334
"2025-07-08 00:00:00",18,9,20,1,22,76.13333333333334,74.7
"2025-07-09 00:00:00",28,6,17,4,29,75.66666666666667,74.23333333333333
"2025-07-10 00:00:00",23,6,18,3,23,75.2,74.93333333333334
"2025-07-11 00:00:00",19,5,19,5,26,74.73333333333333,74.9
"2025-07-12 00:00:00",25,5,18,2,24,74.6,75.1
"2025-07-13 00:00:00",27,12,22,2,26,74.93333333333334,74.6
"2025-07-14 00:00:00",23,7,20,5,21,74.9,74.63333333333334
"2025-07-15 00:00:00",25,8,15,4,20,74.86666666666666,74.83333333333333
"2025-07-16 00:00:00",26,5,16,10,30,74.73333333333333,75.03333333333333
"2025-07-17 00:00:00",28,13,11,5,22,74.96666666666667,75.1
"2025-07-18 00:00:00",25,6,19,4,23,74.76666666666667,74.96666666666667
"2025-07-19 00:00:00",27,9,18,5,19,75.3,74.56666666666666
"2025-07-20 00:00:00",21,11,21,2,16,75.16666666666667,74.26666666666667
"2025-07-21 00:00:00",22,9,26,5,28,76.1,74.5
"2025-07-22 00:00:00",18,6,13,6,30,76.23333333333333,74.7
"2025-07-23 00:00:00",31,3,29,4,22,76.46666666666667,74.53333333333333
"2025-07-24 00:00:00",31,4,19,7,28,77.5,73.83333333333333
"2025-07-25 00:00:00",15,8,19,2,22,77.23333333333333,73.63333333333334
"2025-07-26 00:00:00",26,5,21,4,30,77.03333333333333,74
"2025-07-27 00:00:00",22,4,19,6,15,76.46666666666667,73.66666666666667
"2025-07-28 00:00:00",19,12,23,4,25,76.8,72.93333333333334
"2025-07-29 00:00:00",17,4,14,3,25,76.23333333333333,73.36666666666666
"2025-07-30 00:00:00",22,7,19,2,23,75.46666666666667,73.6
"2025-07-31 00:00:00",26,12,21,4,14,75.83333333333333,73.4
"2025-08-01 00:00:00",29,6,16,5,26,76,73.76666666666667
"2025-08-02 00:00:00",15,10,13,5,21,75.43333333333334,74.33333333333333
"2025-08-03 00:00:00",28,6,18,3,21,75.63333333333334,74.3
"2025-08-04 00:00:00",27,8,23,5,25,76.4,74.06666666666666
"2025-08-05 00:00:00",21,7,19,6,21,77.13333333333334,74
"2025-08-06 00:00:00",25,4,18,4,19,77.1,74.1
"2025-08-07 00:00:00",27,6,20,6,26,77.6,74.43333333333334
"2025-08-08 00:00:00",29,12,25,3,23,77.86666666666666,74.6
"2025-08-09 00:00:00",21,5,10,6,24,77.63333333333334,73.63333333333334
"2025-08-10 00:00:00",26,7,22,4,20,77.8,73.2
"2025-08-11 00:00:00",31,11,16,5,30,78.43333333333334,73.03333333333333
"2025-08-12 00:00:00",24,8,18,7,21,78.06666666666666,73.13333333333334
"2025-08-13 00:00:00",27,12,27,5,25,78.73333333333333,73.33333333333333
"2025-08-14 00:00:00",21,6,17,6,22,78.73333333333333,73.06666666666666
"2025-08-15 00:00:00",21,5,13,2,25,78.03333333333333,73.3
"2025-08-16 00:00:00",21,12,16,3,23,77.9,74.33333333333333
"2025-08-17 00:00:00",27,7,14,4,27,77.96666666666667,74.13333333333334
"2025-08-18 00:00:00",26,10,18,5,28,78.26666666666667,73.73333333333333
"2025-08-19 00:00:00",25,7,26,0,21,78.53333333333333,74
"2025-08-20 00:00:00",26,7,15,5,27,78.2,74.33333333333333
"2025-08-21 00:00:00",27,10,19,6,21,78.53333333333333,74.6
"2025-08-22 00:00:00",21,4,22,7,17,77.93333333333334,74.5
"2025-08-23 00:00:00",28,5,16,2,26,77.53333333333333,75.06666666666666
"2025-08-24 00:00:00",27,4,21,6,20,77.93333333333334,75.6
"2025-08-25 00:00:00",31,8,23,6,33,78.43333333333334,75.46666666666667
"2025-08-26 00:00:00",23,8,24,5,24,79.03333333333333,76.03333333333333
"2025-08-27 00:00:00",32,5,16,2,29,79.06666666666666,76.2
"2025-08-28 00:00:00",23,6,17,6,21,79.4,76.36666666666666
"2025-08-29 00:00:00",23,7,20,5,25,79.63333333333334,76.23333333333333
"2025-08-30 00:00:00",25,6,16,2,22,79.43333333333334,76.56666666666666
"2025-08-31 00:00:00",22,6,18,7,25,79.3,75.96666666666667
"2025-09-01 00:00:00",27,5,20,6,22,79.83333333333333,76.1
"2025-09-02 00:00:00",26,9,22,4,25,80.16666666666667,76.46666666666667
"2025-09-03 00:00:00",25,8,16,6,21,79.76666666666667,76.33333333333333
"2025-09-04 00:00:00",25,5,27,2,29,80.23333333333333,76.43333333333334
"2025-09-05 00:00:00",24,10,20,5,27,80.76666666666667,76.86666666666666
"2025-09-06 00:00:00",25,9,15,2,19,80.26666666666667,76.8
"2025-09-07 00:00:00",26,9,21,4,22,79.93333333333334,76.93333333333334
"2025-09-08 00:00:00",25,7,24,2,32,80.73333333333333,77.46666666666667
"2025-09-09 00:00:00",22,7,19,2,26,80.63333333333334,77.5
"2025-09-10 00:00:00",23,7,20,3,25,80.13333333333334,77.8
"2025-09-11 00:00:00",30,10,20,6,29,80.7,78.23333333333333
"2025-09-12 00:00:00",24,2,19,5,16,79.7,78.43333333333334
"2025-09-13 00:00:00",27,8,11,2,25,79.73333333333333,78.6
"2025-09-14 00:00:00",28,8,18,7,26,80.43333333333334,78.9
"2025-09-15 00:00:00",19,11,22,9,26,80.83333333333333,78.6
"2025-09-16 00:00:00",20,9,25,3,29,81.06666666666666,78.96666666666667
"2025-09-17 00:00:00",26,9,16,5,21,80.73333333333333,79.86666666666666
"2025-09-18 00:00:00",31,3,17,7,20,80.7,80
"2025-09-19 00:00:00",31,5,19,8,27,81.03333333333333,79.76666666666667
"2025-09-20 00:00:00",25,9,18,6,30,81.2,79.33333333333333
"2025-09-21 00:00:00",23,7,19,3,20,81.23333333333333,79.43333333333334
"2025-09-22 00:00:00",21,3,18,7,29,81.26666666666667,79.4
"2025-09-23 00:00:00",21,10,14,5,28,81.26666666666667,79.43333333333334
"2025-09-24 00:00:00",20,5,12,4,14,79.73333333333333,79.7
"2025-09-25 00:00:00",30,12,14,6,30,80,80.13333333333334
"2025-09-26 00:00:00",30,5,27,7,27,80.4,80.53333333333333
"2025-09-27 00:00:00",23,8,22,4,20,80.53333333333333,80.53333333333333
"2025-09-28 00:00:00",26,7,15,4,28,80.53333333333333,80.43333333333334
"2025-09-29 00:00:00",23,8,22,5,28,81.03333333333333,80.4
"2025-09-30 00:00:00",21,9,17,3,27,81,80.6
"2025-10-01 00:00:00",27,6,10,3,22,80.6,79.63333333333334
"2025-10-02 00:00:00",28,5,16,7,26,80.46666666666667,79.6
"2025-10-03 00:00:00",21,5,23,6,24,80.56666666666666,80.03333333333333
"2025-10-04 00:00:00",28,12,18,4,28,80.63333333333334,80.13333333333334
"2025-10-05 00:00:00",26,8,14,3,15,79.96666666666667,79.33333333333333
"2025-10-06 00:00:00",27,4,17,4,21,80.06666666666666,79.33333333333333
"2025-10-07 00:00:00",28,7,25,6,23,80.3,79.2
"2025-10-08 00:00:00",25,7,19,3,28,80.03333333333333,79.53333333333333
"2025-10-09 00:00:00",22,7,12,6,14,79.53333333333333,79.53333333333333
"2025-10-10 00:00:00",28,8,18,2,24,79.6,79.53333333333333
"2025-10-11 00:00:00",28,8,17,8,23,79.23333333333333,79.06666666666666
"2025-10-12 00:00:00",21,8,20,6,22,79.6,79.1
"2025-10-13 00:00:00",29,10,29,4,34,80.7,79.06666666666666
"2025-10-14 00:00:00",26,7,13,4,27,80.36666666666666,78.86666666666666
"2025-10-15 00:00:00",27,11,23,4,23,80.4,78.8
"2025-10-16 00:00:00",27,8,15,6,26,80.26666666666667,78.56666666666666
"2025-10-17 00:00:00",23,6,19,4,18,80.03333333333333,78.3
"2025-10-18 00:00:00",18,10,14,2,23,79.66666666666667,78.4
"2025-10-19 00:00:00",25,2,19,5,21,79.06666666666666,78.5
"2025-10-20 00:00:00",21,11,25,3,28,79.06666666666666,78.16666666666667
"2025-10-21 00:00:00",21,10,22,6,22,79.36666666666666,78.53333333333333
"2025-10-22 00:00:00",23,9,20,8,25,79.6,78.6
"2025-10-23 00:00:00",35,6,24,5,24,80.13333333333334,78.13333333333334
"2025-10-24 00:00:00",22,10,17,5,25,80.93333333333334,78.16666666666667
"2025-10-25 00:00:00",25,6,14,6,20,80.23333333333333,77.96666666666667
"2025-10-26 00:00:00",27,7,21,4,23,79.76666666666667,77.9
"2025-10-27 00:00:00",26,7,12,6,25,79.73333333333333,77.1
"2025-10-28 00:00:00",20,9,20,5,28,79.8,77.03333333333333
"2025-10-29 00:00:00",29,9,18,4,21,79.63333333333334,76.86666666666666
"2025-10-30 00:00:00",22,4,15,7,18,79.26666666666667,77.2
"2025-10-31 00:00:00",25,4,20,5,15,79.3,77.4
"2025-11-01 00:00:00",26,6,19,4,23,79.16666666666667,77.9
"2025-11-02 00:00:00",28,4,16,4,23,79.03333333333333,77.83333333333333
"2025-11-03 00:00:00",22,9,21,4,28,78.83333333333333,77.7
"2025-11-04 00:00:00",24,9,16,5,24,79.23333333333333,78.53333333333333
"2025-11-05 00:00:00",23,10,21,6,16,79.33333333333333,78.43333333333334
"2025-11-06 00:00:00",25,6,15,5,26,78.93333333333334,78.56666666666666
"2025-11-07 00:00:00",21,12,16,3,36,79.13333333333334,78.23333333333333
"2025-11-08 00:00:00",25,9,17,3,25,79.73333333333333,78.66666666666667
"2025-11-09 00:00:00",20,8,14,5,20,79.3,77.86666666666666
"2025-11-10 00:00:00",27,4,23,6,29,79.46666666666667,77.9
"2025-11-11 00:00:00",19,7,16,6,16,79.03333333333333,78.1
"2025-11-12 00:00:00",23,5,16,6,29,78.13333333333334,78.66666666666667
"2025-11-13 00:00:00",26,9,23,5,20,78.33333333333333,78.7
"2025-11-14 00:00:00",24,7,17,7,23,78,78.53333333333333
"2025-11-15 00:00:00",21,8,12,6,24,77.63333333333334,78.66666666666667
"2025-11-16 00:00:00",26,6,20,7,20,77.93333333333334,78.16666666666667
"2025-11-17 00:00:00",24,9,18,7,22,78.36666666666666,77.9
"2025-11-18 00:00:00",24,6,18,7,22,78.53333333333333,78.06666666666666
"2025-11-19 00:00:00",29,5,16,6,18,78.06666666666666,78.83333333333333
"2025-11-20 00:00:00",22,5,16,10,18,77.73333333333333,78.26666666666667
"2025-11-21 00:00:00",23,6,15,4,22,77.23333333333333,78.4
"2025-11-22 00:00:00",19,4,14,3,20,76.1,78.7
"2025-11-23 00:00:00",22,10,14,3,24,75.9,78.6
"2025-11-24 00:00:00",25,2,31,5,28,76.56666666666666,77.76666666666667
"2025-11-25 00:00:00",25,9,19,3,21,76.4,78.03333333333333
"2025-11-26 00:00:00",25,7,12,2,24,76.2,78.53333333333333
"2025-11-27 00:00:00",22,8,23,5,20,76.06666666666666,77.96666666666667
"2025-11-28 00:00:00",26,7,18,5,22,75.96666666666667,78.1
"2025-11-29 00:00:00",21,8,20,3,19,76.13333333333334,77.4
"2025-11-30 00:00:00",24,5,15,7,22,76.26666666666667,76.73333333333333
"2025-12-01 00:00:00",24,10,14,3,18,75.96666666666667,75.56666666666666
"2025-12-02 00:00:00",26,8,15,4,21,75.93333333333334,75.2
"2025-12-03 00:00:00",31,7,16,4,19,75.7,75.06666666666666
"2025-12-04 00:00:00",22,5,26,7,25,75.93333333333334,74.73333333333333
"2025-12-05 00:00:00",23,12,17,6,30,76.33333333333333,75.1
"2025-12-06 00:00:00",17,6,18,2,34,76.33333333333333,75.03333333333333
"2025-12-07 00:00:00",23,7,18,5,19,75.8,75.06666666666666
"2025-12-08 00:00:00",26,7,26,6,27,76.23333333333333,74.53333333333333
"2025-12-09 00:00:00",18,11,15,3,14,76.03333333333333,74.8
"2025-12-10 00:00:00",17,7,14,8,26,75.46666666666667,74.86666666666666
"2025-12-11 00:00:00",25,5,23,3,22,75.93333333333334,74.1
"2025-12-12 00:00:00",32,4,17,1,15,75.6,73.83333333333333
"2025-12-13 00:00:00",23,8,15,2,22,75.16666666666667,73.7
"2025-12-14 00:00:00",26,8,17,2,24,75.13333333333334,73.7
"2025-12-15 00:00:00",25,6,18,4,23,75.3,73.23333333333333
"2025-12-16 00:00:00",21,8,12,3,20,74.8,73.36666666666666
"2025-12-17 00:00:00",24,10,12,3,20,74.43333333333334,73.56666666666666
"2025-12-18 00:00:00",19,6,9,3,19,73.73333333333333,72.63333333333334
"2025-12-19 00:00:00",13,3,3,1,18,72.53333333333333,72.3
"2025-12-20 00:00:00",22,7,8,7,32,72.7,72.76666666666667
"2025-12-21 00:00:00",23,10,10,6,18,72.6,72.76666666666667
"2025-12-22 00:00:00",29,10,15,6,27,73.5,72.06666666666666
"2025-12-23 00:00:00",21,8,21,5,17,73.46666666666667,72.1
"2025-12-24 00:00:00",23,6,15,10,26,73.1,72.2
"2025-12-25 00:00:00",26,9,19,5,21,73.2,71.5
"2025-12-26 00:00:00",24,5,16,6,27,73.46666666666667,71.23333333333333
"2025-12-27 00:00:00",27,12,15,2,17,73.3,72.76666666666667
"2025-12-28 00:00:00",18,6,14,4,22,72.83333333333333,72.73333333333333
"2025-12-29 00:00:00",21,9,16,5,28,73.1,72.93333333333334
"2025-12-30 00:00:00",14,4,8,1,12,71.96666666666667,74.2
"2025-12-31 00:00:00",18,8,10,5,29,72,75
"2026-01-01 00:00:00",18,10,20,3,25,72.06666666666666,74.46666666666667
"2026-01-02 00:00:00",25,7,20,6,17,72,73.3
"2026-01-03 00:00:00",27,7,21,6,23,71.96666666666667,73.3
"2026-01-04 00:00:00",16,5,11,5,26,71.13333333333334,72.86666666666666
"2026-01-05 00:00:00",25,11,15,8,23,71.3,72.26666666666667
"2026-01-06 00:00:00",29,5,19,7,15,71.4,72.1
"2026-01-07 00:00:00",21,9,17,7,20,70.8,72.36666666666666
"2026-01-08 00:00:00",24,4,19,4,27,71.36666666666666,72.5
"2026-01-09 00:00:00",22,5,19,7,27,71.63333333333334,72.26666666666667
"2026-01-10 00:00:00",23,9,13,7,18,71.36666666666666,72.56666666666666
"2026-01-11 00:00:00",26,8,16,2,20,71.46666666666667,72.6
"2026-01-12 00:00:00",24,8,15,4,30,71.83333333333333,72.06666666666666
"2026-01-13 00:00:00",18,13,17,3,22,71.7,72.2
"2026-01-14 00:00:00",21,7,18,5,27,71.76666666666667,72.2
"2026-01-15 00:00:00",24,8,18,6,20,72.16666666666667,72.43333333333334
"2026-01-16 00:00:00",23,5,3,3,14,71.46666666666667,72.36666666666666
"2026-01-17 00:00:00",20,8,8,7,23,71.8,72.76666666666667
"2026-01-18 00:00:00",20,9,20,5,20,73,71.9
"2026-01-19 00:00:00",25,7,18,5,26,73.16666666666667,71.36666666666666
"2026-01-20 00:00:00",18,12,19,9,20,73.53333333333333,71.63333333333334
"2026-01-21 00:00:00",17,6,6,2,12,72.06666666666666,71.8
"2026-01-22 00:00:00",19,4,15,7,23,71.93333333333334,71.86666666666666
"2026-01-23 00:00:00",25,11,24,5,27,72.33333333333333,72.33333333333333
"2026-01-24 00:00:00",28,6,19,5,19,72.23333333333333,72.9
"2026-01-25 00:00:00",17,7,18,5,22,71.93333333333334,73.33333333333333
"2026-01-26 00:00:00",24,7,16,4,18,71.8,72.33333333333333
"2026-01-27 00:00:00",23,11,13,9,22,72.26666666666667,72.73333333333333
"2026-01-28 00:00:00",26,6,30,5,18,72.46666666666667,73.2
"2026-01-29 00:00:00",23,5,15,5,30,73.76666666666667,72.93333333333334
"2026-01-30 00:00:00",25,4,17,5,29,74.1,72.46666666666667
"2026-01-31 00:00:00",29,6,16,1,20,73.96666666666667,73.23333333333333
"2026-02-01 00:00:00",18,8,17,7,26,74,74.2
"2026-02-02 00:00:00",16,9,24,5,23,73.76666666666667,73.8
"2026-02-03 00:00:00",23,13,14,5,24,74.3,74.06666666666666
"2026-02-04 00:00:00",19,8,19,6,30,74.3,74.66666666666667
"2026-02-05 00:00:00",24,11,19,2,24,74.46666666666667,74.73333333333333
"2026-02-06 00:00:00",27,5,15,10,22,74.63333333333334,75
"2026-02-07 00:00:00",26,11,16,3,23,74.66666666666667,75.33333333333333
"2026-02-08 00:00:00",27,8,18,6,15,74.46666666666667,75.13333333333334
"2026-02-09 00:00:00",22,4,19,7,25,74.7,74.86666666666666
"2026-02-10 00:00:00",24,14,18,3,22,75,74.96666666666667
"2026-02-11 00:00:00",20,6,20,2,26,74.76666666666667,76.23333333333333
"2026-02-12 00:00:00",23,8,16,7,25,74.96666666666667,76.36666666666666
"2026-02-13 00:00:00",24,7,26,4,21,75.1,77.23333333333333
"2026-02-14 00:00:00",24,7,17,3,29,75.23333333333333,77.13333333333334
"2026-02-15 00:00:00",23,8,20,4,18,76.06666666666666,76.73333333333333
"2026-02-16 00:00:00",18,8,13,7,20,76.06666666666666,76.86666666666666
"2026-02-17 00:00:00",27,12,18,3,33,76.7,78.13333333333334
"2026-02-18 00:00:00",29,7,20,6,30,77.06666666666666,78.53333333333333
"2026-02-19 00:00:00",19,11,20,7,24,77.16666666666667,78.23333333333333
"2026-02-20 00:00:00",24,12,21,6,23,78.6,79.1
"2026-02-21 00:00:00",22,10,20,5,25,79.06666666666666,79.1
"2026-02-22 00:00:00",26,6,13,0,16,78.03333333333333,78.76666666666667
"2026-02-23 00:00:00",23,8,23,5,33,78.53333333333333,78.26666666666667
"2026-02-24 00:00:00",22,9,22,6,30,79.2,78.16666666666667
"2026-02-25 00:00:00",22,9,13,1,21,79.1,77.16666666666667
"2026-02-26 00:00:00",27,6,11,2,19,78.66666666666667,76.56666666666666
"2026-02-27 00:00:00",20,13,23,7,27,78.83333333333333,76.53333333333333
"2026-02-28 00:00:00",18,9,11,3,22,78.33333333333333,76.2
"2026-03-01 00:00:00",19,5,11,0,13,77.26666666666667,76.53333333333333
"2026-03-02 00:00:00",6,9,9,3,14,76.23333333333333,76.1
"2026-03-03 00:00:00",4,2,4,0,3,74.13333333333334,76.66666666666667
"2026-03-04 00:00:00",2,2,5,1,3,72,77.63333333333334
"2026-03-05 00:00:00",0,0,0,1,2,69.46666666666667,78.03333333333333
"2026-03-06 00:00:00",2,0,4,1,1,67,78
"2026-03-07 00:00:00",4,0,4,0,3,64.7,77.8
"2026-03-08 00:00:00",2,0,1,0,0,62.166666666666664,77.43333333333334
"2026-03-09 00:00:00",1,0,2,2,2,59.766666666666666,76.93333333333334
"2026-03-10 00:00:00",1,0,3,1,0,57.46666666666667,78.3
"2026-03-11 00:00:00",0,1,1,0,1,55,78.76666666666667
"2026-03-12 00:00:00",2,1,2,0,2,52.53333333333333,78.8
"2026-03-13 00:00:00",1,1,0,0,0,50.13333333333333,77.83333333333333
"2026-03-14 00:00:00",1,0,5,0,1,47.733333333333334,78.1
"2026-03-15 00:00:00",4,12,20,3,18,46.9,77.9
"2026-03-16 00:00:00",3,3,11,2,7,45.1,78
"2026-03-17 00:00:00",1,2,8,1,5,43.233333333333334,78.93333333333334
"2026-03-18 00:00:00",3,1,2,1,3,41.36666666666667,78.56666666666666
"2026-03-19 00:00:00",2,4,7,0,2,38.766666666666666,78.73333333333333
"2026-03-20 00:00:00",2,4,5,1,1,36.13333333333333,78.7
"2026-03-21 00:00:00",3,1,8,0,6,34.03333333333333,77.86666666666666
"2026-03-22 00:00:00",5,1,4,0,3,31.6,78.2
"2026-03-23 00:00:00",2,1,4,2,3,29.266666666666666,77.66666666666667
"2026-03-24 00:00:00",6,2,7,0,6,27.933333333333334,77.23333333333333
"2026-03-25 00:00:00",2,3,5,1,5,25.4,76.1
"2026-03-26 00:00:00",8,5,2,2,4,23.133333333333333,76.23333333333333
"2026-03-27 00:00:00",4,0,5,0,10,21.566666666666666,77.36666666666666
"2026-03-28 00:00:00",2,0,7,0,1,19.733333333333334,78.03333333333333
"2026-03-29 00:00:00",2,0,3,0,2,16.966666666666665,77.8
"2026-03-30 00:00:00",7,6,13,1,9,16.066666666666666,77.86666666666666
"2026-03-31 00:00:00",3,5,5,2,6,15.166666666666666,77.46666666666667
"2026-04-01 00:00:00",6,2,3,0,4,14.3,78.1
"2026-04-02 00:00:00",3,2,5,0,6,14.4,78.1
"2026-04-03 00:00:00",5,5,7,3,9,14.933333333333334,77.66666666666667
"2026-04-04 00:00:00",8,4,7,0,12,15.866666666666667,76.96666666666667
"2026-04-05 00:00:00",5,3,6,0,3,16.166666666666668,77.03333333333333
"2026-04-06 00:00:00",8,8,4,0,13,16.9,77.2
"2026-04-07 00:00:00",3,1,1,0,2,17.033333333333335,77.83333333333333
"2026-04-08 00:00:00",3,3,8,3,7,17.6,78.13333333333334
"2026-04-09 00:00:00",8,3,1,2,5,18.066666666666666,77.26666666666667
"2026-04-10 00:00:00",0,2,7,0,4,18.4,77.33333333333333
"2026-04-11 00:00:00",5,0,1,2,1,18.466666666666665,76.66666666666667
"2026-04-12 00:00:00",10,5,15,1,9,19.733333333333334,76.76666666666667
"2026-04-13 00:00:00",4,2,11,2,12,20.533333333333335,76.56666666666666
"2026-04-14 00:00:00",6,6,8,1,6,19.533333333333335,76.03333333333333
"2026-04-15 00:00:00",7,3,8,3,8,19.633333333333333,75.66666666666667
"2026-04-16 00:00:00",5,5,5,1,9,19.9,75.16666666666667
"2026-04-17 00:00:00",4,2,8,1,8,20.333333333333332,74.86666666666666
"2026-04-18 00:00:00",6,4,9,2,6,20.733333333333334,74.1
"2026-04-19 00:00:00",5,5,8,0,1,20.933333333333334,74.23333333333333
"2026-04-20 00:00:00",7,6,9,2,10,21.466666666666665,74.96666666666667
"2026-04-21 00:00:00",3,2,11,2,3,21.733333333333334,74.63333333333334
"2026-04-22 00:00:00",9,1,9,2,10,22.366666666666667,75.03333333333333
"2026-04-23 00:00:00",9,5,6,1,4,22.5,75.96666666666667
"2026-04-24 00:00:00",6,4,11,1,6,22.9,77.83333333333333
"2026-04-25 00:00:00",8,2,8,1,5,23,77.9
"2026-04-26 00:00:00",7,1,7,0,7,23.1,77.86666666666666
"2026-04-27 00:00:00",6,4,11,1,9,23.8,77.93333333333334
"2026-04-28 00:00:00",8,3,12,0,8,24.6,78.56666666666666
"2026-04-29 00:00:00",7,7,11,4,4,24.5,78.93333333333334
"2026-04-30 00:00:00",10,1,14,0,6,24.833333333333332,79.3
"2026-05-01 00:00:00",4,6,10,1,8,25.3,79.4
"2026-05-02 00:00:00",8,2,6,0,5,25.466666666666665,79.1
"2026-05-03 00:00:00",4,5,9,1,3,25.233333333333334,78.93333333333334
"2026-05-04 00:00:00",6,4,8,1,4,24.966666666666665,79.1
"2026-05-05 00:00:00",3,4,6,1,2,24.933333333333334,79.16666666666667
"2026-05-06 00:00:00",2,0,2,1,1,24.033333333333335,78.76666666666667
"2026-05-07 00:00:00",5,6,6,0,4,24.5,77.16666666666667
"2026-05-08 00:00:00",3,0,1,0,2,23.9,77.16666666666667
"2026-05-09 00:00:00",1,4,12,1,6,24.066666666666666,77.86666666666666
"2026-05-10 00:00:00",5,11,5,1,7,24.6,78.06666666666666
"2026-05-11 00:00:00",2,3,7,1,3,24.833333333333332,78.8
"2026-05-12 00:00:00",2,2,2,1,4,23.866666666666667,79
"2026-05-13 00:00:00",6,8,14,1,9,24.1,78.8
"2026-05-14 00:00:00",3,1,5,1,1,23.566666666666666,79.5
"2026-05-15 00:00:00",3,6,5,0,2,23.133333333333333,79.63333333333334
"2026-05-16 00:00:00",6,4,10,2,15,23.533333333333335,79.93333333333334
"2026-05-17 00:00:00",5,1,6,0,2,23.233333333333334,80.56666666666666
"2026-05-18 00:00:00",1,2,10,0,11,23.133333333333333,80.43333333333334
"2026-05-19 00:00:00",5,4,4,1,2,23.033333333333335,81.16666666666667
"2026-05-20 00:00:00",0,0,6,0,0,22.1,81.13333333333334
"2026-05-21 00:00:00",9,3,10,0,13,22.566666666666666,80.7
"2026-05-22 00:00:00",4,8,7,1,9,22.5,80.9
"2026-05-23 00:00:00",7,6,4,0,4,22.366666666666667,80.56666666666666
"2026-05-24 00:00:00",1,1,2,1,1,21.633333333333333,79.6
"2026-05-25 00:00:00",3,3,8,1,3,21.433333333333334,79.5
"2026-05-26 00:00:00",4,5,6,0,14,21.666666666666668,79.73333333333333
"2026-05-27 00:00:00",2,3,6,0,4,21.133333333333333,79.43333333333334
"2026-05-28 00:00:00",3,0,4,1,2,20.433333333333334,79.2
"2026-05-29 00:00:00",1,0,6,1,1,19.633333333333333,79.43333333333334
"2026-05-30 00:00:00",0,1,6,0,1,18.866666666666667,79.2
"2026-05-31 00:00:00",2,2,9,1,10,18.7,78.43333333333334
"2026-06-01 00:00:00",1,1,6,2,2,18.4,78.06666666666666
"2026-06-02 00:00:00",3,3,2,2,4,18.133333333333333,78.26666666666667
"2026-06-03 00:00:00",3,5,10,0,6,18.166666666666668,77.56666666666666
"2026-06-04 00:00:00",8,15,8,5,36,20.033333333333335,76.86666666666666
"2026-06-05 00:00:00",2,1,4,0,7,20.3,77.16666666666667
"2026-06-06 00:00:00",0,1,2,0,2,19.766666666666666,77.8
"2026-06-07 00:00:00",0,1,8,0,0,19.866666666666667,77.73333333333333
"2026-06-08 00:00:00",5,5,3,2,7,19.8,76.53333333333333
"2026-06-09 00:00:00",0,5,13,1,9,19.766666666666666,76.7
"2026-06-10 00:00:00",7,11,16,0,25,21.2,76.63333333333334
"2026-06-11 00:00:00",4,6,6,3,8,21.733333333333334,76.93333333333334
"2026-06-12 00:00:00",5,7,5,1,17,21.633333333333333,77
"2026-06-13 00:00:00",1,1,1,0,0,21.366666666666667,76.66666666666667
"2026-06-14 00:00:00",3,4,9,1,7,21.633333333333333,76.83333333333333
"2026-06-15 00:00:00",0,3,4,0,2,20.7,76.4
"2026-06-16 00:00:00",3,2,15,1,8,21.2,76.93333333333334
"2026-06-17 00:00:00",3,6,11,1,1,21.133333333333333,77.13333333333334
"2026-06-18 00:00:00",5,1,11,1,4,21.333333333333332,76.5
"2026-06-19 00:00:00",3,2,18,1,4,22.066666666666666,76.03333333333333
"2026-06-20 00:00:00",9,5,18,0,4,22.1,75.9
"2026-06-21 00:00:00",4,1,8,1,2,21.666666666666668,75.23333333333333
"2026-06-22 00:00:00",4,3,10,0,10,21.866666666666667,74.96666666666667
"2026-06-23 00:00:00",14,2,11,2,8,22.9,75.56666666666666
"2026-06-24 00:00:00",7,8,16,2,13,23.833333333333332,74.83333333333333
"2026-06-25 00:00:00",9,4,15,1,13,24.266666666666666,74.53333333333333
"2026-06-26 00:00:00",8,5,9,0,8,24.766666666666666,75.06666666666666
"2026-06-27 00:00:00",8,4,14,0,8,25.566666666666666,75.06666666666666
"2026-06-28 00:00:00",3,4,9,2,6,26.066666666666666,74.53333333333333
"2026-06-29 00:00:00",6,3,13,0,9,26.833333333333332,74.8
"2026-06-30 00:00:00",11,6,17,2,8,27.5,75.93333333333334
"2026-07-01 00:00:00",6,5,10,1,8,28.1,76.03333333333333
"2026-07-02 00:00:00",2,6,15,0,9,28.7,75.83333333333333
"2026-07-03 00:00:00",4,6,16,2,9,29.133333333333333,76.66666666666667