"DateTime","Container","Dry Bulk","General Cargo","Roll-on/roll-off","Tanker","30-day Moving Average","Prior Year: 30-day Moving Average"
"2019-01-01 00:00:00",145741,621013,939,4191,945395,,
"2019-01-02 00:00:00",407751,771067,29702,14782,626659,,
"2019-01-03 00:00:00",175858,570027,2991,6995,882144,,
"2019-01-04 00:00:00",659359,572888,1990,7642,683100,,
"2019-01-05 00:00:00",226859,757743,28105,1661,1178181,,
"2019-01-06 00:00:00",314075,683396,15163,3562,1061969,,
"2019-01-07 00:00:00",480983,1036698,29378,12798,1270101,,
"2019-01-08 00:00:00",469591,819246,56227,1265,885997,,
"2019-01-09 00:00:00",156061,1053867,25769,1456,833205,,
"2019-01-10 00:00:00",361892,1246907,49559,618,982001,,
"2019-01-11 00:00:00",444002,1169294,25668,2440,913855,,
"2019-01-12 00:00:00",322447,744939,13855,1995,1237802,,
"2019-01-13 00:00:00",576416,843575,44103,3585,1472080,,
"2019-01-14 00:00:00",479526,934366,27848,15089,859569,,
"2019-01-15 00:00:00",332608,973241,42209,7102,956446,,
"2019-01-16 00:00:00",329937,1004346,16974,4470,1172806,,
"2019-01-17 00:00:00",427833,1224815,46664,3114,1385866,,
"2019-01-18 00:00:00",447501,315736,63027,5674,809282,,
"2019-01-19 00:00:00",594626,1257746,16142,0,1327402,,
"2019-01-20 00:00:00",433301,849136,37423,1870,783406,,
"2019-01-21 00:00:00",470010,591152,4632,0,1386018,,
"2019-01-22 00:00:00",886302,1025432,11512,20621,858877,,
"2019-01-23 00:00:00",410377,417411,9470,5754,732010,,
"2019-01-24 00:00:00",574014,805086,19000,6792,907609,,
"2019-01-25 00:00:00",712752,967781,12953,3170,1040351,,
"2019-01-26 00:00:00",329005,921758,34875,5896,1038948,,
"2019-01-27 00:00:00",354394,811348,12999,3576,876006,,
"2019-01-28 00:00:00",521543,968426,16303,3963,977450,,
"2019-01-29 00:00:00",150218,844405,36637,11937,789547,,
"2019-01-30 00:00:00",629302,541555,43802,8046,849999,2294634.3333333335,
"2019-01-31 00:00:00",385019,853368,51157,1695,679950,2303098.2,
"2019-02-01 00:00:00",435657,772188,13453,1233,785460,2308365.7666666666,
"2019-02-02 00:00:00",340308,1073562,33815,4932,577584,2321438.566666667,
"2019-02-03 00:00:00",197763,656527,10011,4109,395038,2299387.3333333335,
"2019-02-04 00:00:00",512746,663643,28268,2043,257831,2275120.2,
"2019-02-05 00:00:00",788847,392095,4083,6358,154767,2250719.566666667,
"2019-02-06 00:00:00",523676,607649,14559,6305,764735,2220284.8,
"2019-02-07 00:00:00",280026,336994,30497,8227,738439,2192346.7,
"2019-02-08 00:00:00",305660,1262787,43412,5357,1622315,2231319.2333333334,
"2019-02-09 00:00:00",278423,968348,19538,187,1392038,2231904.533333333,
"2019-02-10 00:00:00",310723,1079477,7112,4636,1189444,2233108.8666666667,
"2019-02-11 00:00:00",273068,343177,12584,3239,528301,2194419.533333333,
"2019-02-12 00:00:00",239130,630944,21805,7446,1192391,2166151.3666666667,
"2019-02-13 00:00:00",535624,1155748,8090,6235,881180,2175167.4,
"2019-02-14 00:00:00",408233,1114136,50616,618,1818767,2211192.9,
"2019-02-15 00:00:00",565376,1230352,12904,3754,818316,2214598.433333333,
"2019-02-16 00:00:00",317948,801911,23952,1834,462142,2165248.1,
"2019-02-17 00:00:00",433877,539016,20582,2512,1410253,2190748.6666666665,
"2019-02-18 00:00:00",341349,1299929,23954,11999,1313119,2183896.8,
"2019-02-19 00:00:00",359588,774350,49694,3347,1269454,2195606.7,
"2019-02-20 00:00:00",166072,447813,10002,3912,778624,2160760.466666667,
"2019-02-21 00:00:00",372391,573946,68777,717,784406,2127343.533333333,
"2019-02-22 00:00:00",551528,726984,38406,2037,289631,2128462.3666666667,
"2019-02-23 00:00:00",116325,364555,21393,8210,872108,2097465.2666666666,
"2019-02-24 00:00:00",460529,844755,45744,5296,1347122,2096346.7,
"2019-02-25 00:00:00",172635,1566489,40550,5686,1676697,2134065.9,
"2019-02-26 00:00:00",289794,670080,36600,15425,1269338,2141496.533333333,
"2019-02-27 00:00:00",1130222,621767,55548,3081,1089991,2155260.3666666667,
"2019-02-28 00:00:00",174422,711958,19019,8097,389806,2137612.1666666665,
"2019-03-01 00:00:00",536007,623446,20556,3850,1428411,2155597.7,
"2019-03-02 00:00:00",296185,750041,5704,5123,567791,2144052.8666666667,
"2019-03-03 00:00:00",367959,849463,6798,6381,504112,2134943.566666667,
"2019-03-04 00:00:00",645697,780910,35781,5325,1370744,2161885.7333333334,
"2019-03-05 00:00:00",405110,817809,2126,3441,800885,2187416.7333333334,
"2019-03-06 00:00:00",401023,721971,25094,4818,1039407,2211676.1,
"2019-03-07 00:00:00",194764,803754,46724,22081,1097547,2238966.9,
"2019-03-08 00:00:00",453376,900765,13617,5529,890636,2250533.7333333334,
"2019-03-09 00:00:00",437013,749395,21284,5674,1430956,2292205.2666666666,
"2019-03-10 00:00:00",429092,679404,19149,2180,230096,2229551.4,
"2019-03-11 00:00:00",449108,615266,1283,1683,589215,2196152.033333333,
"2019-03-12 00:00:00",802495,672553,39628,9505,861809,2189305.6333333333,
"2019-03-13 00:00:00",521904,909129,19679,6690,1058102,2234476.933333333,
"2019-03-14 00:00:00",361305,658686,34599,7738,977710,2232754.3333333335,
"2019-03-15 00:00:00",425890,630692,8047,10232,1160836,2221048.3,
"2019-03-16 00:00:00",384629,634490,59360,7684,1030641,2178529.2,
"2019-03-17 00:00:00",451985,771847,18262,6081,944822,2163939.2333333334,
"2019-03-18 00:00:00",420354,700718,8674,2275,1174715,2187237.6333333333,
"2019-03-19 00:00:00",254904,339534,31827,1923,887718,2157559.933333333,
"2019-03-20 00:00:00",609930,831177,21016,13749,1112219,2144151,
"2019-03-21 00:00:00",546068,1255099,36784,3311,1051584,2158698.066666667,
"2019-03-22 00:00:00",227635,878929,21247,6334,817707,2176879.1666666665,
"2019-03-23 00:00:00",504231,580543,24438,6062,1121020,2191414.3666666667,
"2019-03-24 00:00:00",244359,434372,18621,2898,733612,2185590.033333333,
"2019-03-25 00:00:00",515355,869648,25535,1303,752840,2211659.8333333335,
"2019-03-26 00:00:00",386742,941189,10419,7545,754628,2191562.3333333335,
"2019-03-27 00:00:00",522350,963666,9200,4151,1014828,2159966.7666666666,
"2019-03-28 00:00:00",384819,666781,24711,12154,870327,2149218.6,
"2019-03-29 00:00:00",393464,665672,30479,3183,1221621,2129679.066666667,
"2019-03-30 00:00:00",538126,764172,35883,14519,836618,2159213.066666667,
"2019-03-31 00:00:00",426040,341361,22106,4837,1052241,2133690.2666666666,
"2019-04-01 00:00:00",440726,727700,39563,4224,1051724,2154993.5,
"2019-04-02 00:00:00",399837,1112002,48228,260,917815,2179774.566666667,
"2019-04-03 00:00:00",801270,414089,15154,7959,1029963,2160773.7666666666,
"2019-04-04 00:00:00",337541,678889,50295,369,855356,2157209.6666666665,
"2019-04-05 00:00:00",621229,616191,6494,3305,415584,2139559.2333333334,
"2019-04-06 00:00:00",344379,468015,22992,6918,1071766,2131199.2,
"2019-04-07 00:00:00",343937,403494,30929,957,841061,2109747.6333333333,
"2019-04-08 00:00:00",278756,827740,17425,12854,1009509,2093146.3,
"2019-04-09 00:00:00",329957,786621,35310,5991,1172886,2125508.1,
"2019-04-10 00:00:00",649222,1001014,13759,8206,1265958,2168228.2333333334,
"2019-04-11 00:00:00",307109,1192754,16844,6633,940936,2170837.5,
"2019-04-12 00:00:00",604799,702519,23874,0,809699,2158350.3333333335,
"2019-04-13 00:00:00",443593,1042417,20512,2330,1470958,2189676.1,
"2019-04-14 00:00:00",453019,637035,9304,1453,802848,2178608.1,
"2019-04-15 00:00:00",568635,758695,45258,5831,1167878,2192924.5,
"2019-04-16 00:00:00",427307,982205,50644,11874,1166562,2207777.566666667,
"2019-04-17 00:00:00",402234,732139,15551,2034,1308910,2212915.3,
"2019-04-18 00:00:00",311074,779511,13287,4050,958474,2231265,
"2019-04-19 00:00:00",404079,431830,34208,1443,1270491,2216396.933333333,
"2019-04-20 00:00:00",361718,803738,68122,419,1004766,2194594.1666666665,
"2019-04-21 00:00:00",342820,869083,37035,5959,1116119,2208566.2,
"2019-04-22 00:00:00",430042,1142125,21578,15415,931710,2218718.933333333,
"2019-04-23 00:00:00",385705,673372,44929,89,1587740,2260651.4,
"2019-04-24 00:00:00",289767,724257,12882,797,915528,2253269.533333333,
"2019-04-25 00:00:00",650048,619719,45055,5164,911148,2257623.1,
"2019-04-26 00:00:00",368198,910130,26461,7875,1330468,2261921.2,
"2019-04-27 00:00:00",291493,937191,17441,5405,975905,2270875.8,
"2019-04-28 00:00:00",371190,666049,39622,15686,980511,2262830.4,
"2019-04-29 00:00:00",287207,412762,25535,1791,1473965,2263228.466666667,
"2019-04-30 00:00:00",345491,793576,9550,8236,664152,2262375.6333333333,
"2019-05-01 00:00:00",686894,997269,44539,3166,1214060,2285108.6333333333,
"2019-05-02 00:00:00",393431,916074,37024,8442,964558,2279821.4,
"2019-05-03 00:00:00",451272,1103259,8471,1518,1159501,2295007.533333333,
"2019-05-04 00:00:00",343336,743960,47197,2653,525405,2286344.1666666665,
"2019-05-05 00:00:00",227326,884545,44021,448,830448,2297143.7333333334,
"2019-05-06 00:00:00",236981,929845,45290,7478,1189876,2313657.1333333333,
"2019-05-07 00:00:00",209817,579748,23590,8688,1239768,2328365.066666667,
"2019-05-08 00:00:00",396848,629987,44146,7722,888168,2322384.6333333333,
"2019-05-09 00:00:00",423661,642953,14449,8493,706930,2304575.1,
"2019-05-10 00:00:00",687755,724520,15955,2996,998519,2287628,
"2019-05-11 00:00:00",386899,459334,14884,3743,854998,2262814.033333333,
"2019-05-12 00:00:00",226167,549995,11641,3803,787826,2244098.7333333334,
"2019-05-13 00:00:00",247106,890678,33134,1678,766905,2209421.9,
"2019-05-14 00:00:00",427843,471905,50609,14639,1182945,2217564.7666666666,
"2019-05-15 00:00:00",638654,655021,16217,5098,1104814,2213348.5,
"2019-05-16 00:00:00",479743,710465,12264,8242,1280327,2208430.1333333333,
"2019-05-17 00:00:00",389549,1211959,39962,1499,1295300,2224343.566666667,
"2019-05-18 00:00:00",563206,702325,50860,5388,1299361,2242834.7,
"2019-05-19 00:00:00",441347,805479,4142,5262,821374,2240686.5,
"2019-05-20 00:00:00",428259,709404,35796,11442,1116648,2242779.2666666666,
"2019-05-21 00:00:00",523937,588395,35480,5612,1001410,2235573.3333333335,
"2019-05-22 00:00:00",224951,1004597,55895,9649,1059690,2229370.3666666667,
"2019-05-23 00:00:00",409720,746727,16315,3237,1068210,2214449.8,
"2019-05-24 00:00:00",383115,1063780,26594,3606,1087542,2235163.6666666665,
"2019-05-25 00:00:00",440220,888425,70927,10214,725979,2231984.7333333334,
"2019-05-26 00:00:00",421443,478331,58776,1592,864229,2204692.566666667,
"2019-05-27 00:00:00",445690,856888,27292,0,1277834,2217368.033333333,
"2019-05-28 00:00:00",358286,719393,30496,13293,1013129,2219419.3,
"2019-05-29 00:00:00",489040,691934,8318,5791,891710,2215603.6,
"2019-05-30 00:00:00",334658,835201,27331,4086,1162081,2233682.2333333334,
"2019-05-31 00:00:00",413009,868351,5348,1058,719832,2202404.433333333,
"2019-06-01 00:00:00",353768,786120,19160,4862,693745,2187008.7,
"2019-06-02 00:00:00",337427,841936,15092,6702,525342,2153757.933333333,
"2019-06-03 00:00:00",450995,1012222,15921,6642,880229,2177206.566666667,
"2019-06-04 00:00:00",337055,687400,24735,6039,1874839,2208649.1666666665,
"2019-06-05 00:00:00",286494,784832,7756,3593,1128542,2202040.7,
"2019-06-06 00:00:00",545204,422509,38790,5756,1005423,2200576.2333333334,
"2019-06-07 00:00:00",379223,768549,5392,8571,1441053,2221773.3666666667,
"2019-06-08 00:00:00",468632,502324,5971,25,875160,2223627.6666666665,
"2019-06-09 00:00:00",461373,801773,20724,2765,985915,2218387.7666666666,
"2019-06-10 00:00:00",383474,653531,23586,2834,1164564,2235325.533333333,
"2019-06-11 00:00:00",231633,711585,29910,921,963383,2247258.966666667,
"2019-06-12 00:00:00",441856,824053,5549,297,1328361,2269279.3,
"2019-06-13 00:00:00",411579,805324,53209,6990,1714761,2297410.1333333333,
"2019-06-14 00:00:00",342573,789081,21301,4253,982703,2288080.3,
"2019-06-15 00:00:00",316310,403179,32903,2285,1146189,2268407.8333333335,
"2019-06-16 00:00:00",306852,597100,8727,567,1336056,2245442.1333333333,
"2019-06-17 00:00:00",473860,1113911,30722,4809,938940,2243479.1333333333,
"2019-06-18 00:00:00",227874,684391,28096,901,892755,2235359.6333333333,
"2019-06-19 00:00:00",330618,511273,23860,203,991540,2220557.9,
"2019-06-20 00:00:00",676483,530198,20638,16330,673276,2212627.5,
"2019-06-21 00:00:00",540939,703318,44829,2029,1333534,2221622.8333333335,
"2019-06-22 00:00:00",516334,884469,52401,3246,1026186,2229570.2666666666,
"2019-06-23 00:00:00",377671,571490,34966,4179,1066304,2212568.933333333,
"2019-06-24 00:00:00",344903,1133441,12764,2722,1052461,2226253.2,
"2019-06-25 00:00:00",338593,565736,12212,2718,1183352,2235527.8333333335,
"2019-06-26 00:00:00",327288,624071,35340,4142,921929,2212363.566666667,
"2019-06-27 00:00:00",775024,1115104,21183,11853,1166659,2244204.533333333,
"2019-06-28 00:00:00",270265,578123,33547,3616,1322755,2248255.1,
"2019-06-29 00:00:00",424634,512568,32392,4883,817832,2229220,
"2019-06-30 00:00:00",382126,616109,7689,3306,894334,2225752.2666666666,
"2019-07-01 00:00:00",271099,887030,41854,9905,1526233,2255034.466666667,
"2019-07-02 00:00:00",380997,417632,38902,5252,1193370,2265356.4,
"2019-07-03 00:00:00",303581,675726,28138,3827,982272,2252941.033333333,
"2019-07-04 00:00:00",366345,356995,48221,4001,1118220,2218398.2333333334,
"2019-07-05 00:00:00",214019,481956,29537,8144,880900,2198509.466666667,
"2019-07-06 00:00:00",338477,406177,63755,3416,1346383,2203193.6,
"2019-07-07 00:00:00",332869,390350,50379,7019,748568,2167406.8333333335,
"2019-07-08 00:00:00",544572,401635,24451,6429,821933,2165637.1666666665,
"2019-07-09 00:00:00",135038,268198,34967,5640,949139,2136318.2,
"2019-07-10 00:00:00",541249,773229,44480,2771,1203551,2147561.2,
"2019-07-11 00:00:00",356256,170385,9230,2081,579415,2120225.533333333,
"2019-07-12 00:00:00",387025,443379,19783,2937,777976,2087924.9333333333,
"2019-07-13 00:00:00",473664,336296,11087,1054,1123995,2053065.7,
"2019-07-14 00:00:00",381441,434555,40311,7190,556727,2029076,
"2019-07-15 00:00:00",182248,772486,29863,2688,1373672,2044412.3666666667,
"2019-07-16 00:00:00",487378,1053837,9149,10468,1198120,2061400.9333333333,
"2019-07-17 00:00:00",402629,729391,40568,780,997740,2048362.9333333333,
"2019-07-18 00:00:00",652605,740500,46616,832,1017487,2069163.6666666667,
"2019-07-19 00:00:00",694356,452623,27654,2231,1520892,2097172.3333333335,
"2019-07-20 00:00:00",353555,677846,36786,1763,1163056,2107708.3,
"2019-07-21 00:00:00",482926,565034,56142,8216,1290563,2100316.033333333,
"2019-07-22 00:00:00",520797,737625,26986,1539,1254622,2102280.3,
"2019-07-23 00:00:00",394441,871556,11446,2080,1166811,2115337.966666667,
"2019-07-24 00:00:00",359136,672878,57829,9279,1387746,2113357.1666666665,
"2019-07-25 00:00:00",310670,832017,51249,3470,1212670,2123606.033333333,
"2019-07-26 00:00:00",768188,591662,18478,5249,777064,2131868.3666666667,
"2019-07-27 00:00:00",223685,522600,12852,6376,1129902,2092054.7,
"2019-07-28 00:00:00",257466,1089405,22241,3488,994262,2097339.966666667,
"2019-07-29 00:00:00",347254,839407,32611,6966,1059264,2113779.8,
"2019-07-30 00:00:00",272869,767114,17874,4532,1258977,2127706.6,
"2019-07-31 00:00:00",276376,608748,21860,177,719522,2090725.2333333334,
"2019-08-01 00:00:00",530109,799242,11313,6534,1173205,2106866.7666666666,
"2019-08-02 00:00:00",464882,776485,22016,5100,968345,2114976.1333333333,
"2019-08-03 00:00:00",307272,720914,8672,1904,1142398,2124555.2666666666,
"2019-08-04 00:00:00",115818,613162,34317,1336,1254241,2138032.533333333,
"2019-08-05 00:00:00",429455,653226,43733,4733,1020796,2137823.8333333335,
"2019-08-06 00:00:00",419960,716616,24812,2637,929480,2156634.433333333,
"2019-08-07 00:00:00",326335,493805,6974,7852,1253494,2166282.2333333334,
"2019-08-08 00:00:00",598397,866347,11631,7753,1041562,2204039.3,
"2019-08-09 00:00:00",351426,814235,33775,10225,1011054,2192553.7666666666,
"2019-08-10 00:00:00",320349,572917,42158,0,1319280,2230464.933333333,
"2019-08-11 00:00:00",202773,829109,20207,3268,1095331,2247784.533333333,
"2019-08-12 00:00:00",593117,730437,30366,14117,1258931,2270480.533333333,
"2019-08-13 00:00:00",374128,665910,25238,13019,913110,2289520.066666667,
"2019-08-14 00:00:00",534776,626635,23145,6512,696528,2273741.466666667,
"2019-08-15 00:00:00",578941,471217,9875,1688,765167,2242672.4,
"2019-08-16 00:00:00",261865,814487,15416,2278,1658042,2262038.433333333,
"2019-08-17 00:00:00",336511,994800,35020,6846,1031629,2260263.933333333,
"2019-08-18 00:00:00",494570,674262,38801,2968,1034150,2245163.8,
"2019-08-19 00:00:00",425162,551382,43196,13783,956353,2237059.5,
"2019-08-20 00:00:00",339291,629414,66616,8279,1309709,2235407.2666666666,
"2019-08-21 00:00:00",386048,1168656,10266,3875,762409,2228396.8666666667,
"2019-08-22 00:00:00",440239,729617,2666,3037,1844499,2247520.933333333,
"2019-08-23 00:00:00",414523,696672,22227,4219,1340947,2247244.966666667,
"2019-08-24 00:00:00",367573,671532,33393,484,943632,2234129.566666667,
"2019-08-25 00:00:00",278269,679148,64915,25017,1096888,2233582.7666666666,
"2019-08-26 00:00:00",437682,691118,26805,16992,996067,2242691.1333333333,
"2019-08-27 00:00:00",398174,969440,37915,3967,1593939,2263910.3,
"2019-08-28 00:00:00",406606,497773,31984,3629,842104,2247130.066666667,
"2019-08-29 00:00:00",351433,626848,24243,1633,1014472,2237038.8666666667,
"2019-08-30 00:00:00",533957,696463,13142,3079,1215525,2264888.4,
"2019-08-31 00:00:00",457694,644254,52326,0,913562,2249802.8666666667,
"2019-09-01 00:00:00",117345,660337,11693,5044,1254201,2243529.2,
"2019-09-02 00:00:00",136398,460749,14601,4406,866919,2220259.6666666665,
"2019-09-03 00:00:00",491119,561223,24210,13628,1243944,2230768.033333333,
"2019-09-04 00:00:00",244869,686043,29214,77,1467616,2239963.7666666666,
"2019-09-05 00:00:00",195536,381024,8197,10783,889635,2219686.2333333334,
"2019-09-06 00:00:00",282203,785736,46247,3899,1179966,2226672.7,
"2019-09-07 00:00:00",268953,472551,16951,7610,664022,2190152.6,
"2019-09-08 00:00:00",319447,412392,13685,7372,1084256,2177367.1333333333,
"2019-09-09 00:00:00",436279,620833,53143,9376,892186,2169271.2,
"2019-09-10 00:00:00",210605,873174,36502,3521,1053251,2170150.066666667,
"2019-09-11 00:00:00",330831,586151,37077,587,1315538,2158257.1,
"2019-09-12 00:00:00",390069,644264,11241,9035,958649,2158985.433333333,
"2019-09-13 00:00:00",664135,614484,15825,12821,1075051,2175475.8333333335,
"2019-09-14 00:00:00",435616,873288,26348,4312,814827,2186392.6333333333,
"2019-09-15 00:00:00",384159,558588,37779,11434,1179693,2167045.066666667,
"2019-09-16 00:00:00",370439,806764,15402,7257,951515,2158597.3,
"2019-09-17 00:00:00",243671,654661,46428,16159,1166616,2154690.1666666665,
"2019-09-18 00:00:00",644577,493408,5581,2899,866491,2155459.433333333,
"2019-09-19 00:00:00",468154,685030,8321,501,1217467,2156331.6333333333,
"2019-09-20 00:00:00",491277,531782,28797,3349,1070054,2149465,
"2019-09-21 00:00:00",519071,638559,2968,6313,1094631,2124181.2,
"2019-09-22 00:00:00",218850,369934,46731,6627,1220753,2103658,
"2019-09-23 00:00:00",447079,698370,17066,3401,703408,2098748.5,
"2019-09-24 00:00:00",364275,474960,52789,9842,1293211,2100443.3,
"2019-09-25 00:00:00",502394,998320,76774,17909,1348693,2126290.9,
"2019-09-26 00:00:00",549447,473457,28150,8585,982975,2094263.3333333333,
"2019-09-27 00:00:00",633378,1123887,85952,6458,835771,2124375.1333333333,
"2019-09-28 00:00:00",472927,416411,10321,821,1235032,2128271,
"2019-09-29 00:00:00",132605,521014,10604,702,1347944,2113294.3333333335,
"2019-09-30 00:00:00",514536,882009,9506,11197,913938,2122072.6,
"2019-10-01 00:00:00",254582,1009676,28517,5139,812675,2124138.3,
"2019-10-02 00:00:00",628381,711263,79609,3599,1107475,2159046.7333333334,
"2019-10-03 00:00:00",371513,635053,36468,15238,953424,2148299.2333333334,
"2019-10-04 00:00:00",522507,577480,40294,14467,1409523,2152847.8666666667,
"2019-10-05 00:00:00",381266,825487,5139,8037,1203641,2184127.533333333,
"2019-10-06 00:00:00",163501,559937,15084,3801,1127044,2169838.1,
"2019-10-07 00:00:00",676103,485674,15670,6696,922453,2192388.3333333335,
"2019-10-08 00:00:00",484519,659482,51240,12547,1140136,2209414.2666666666,
"2019-10-09 00:00:00",400366,641875,59108,64,1390766,2225426.1333333333,
"2019-10-10 00:00:00",389174,457521,35306,690,1405664,2229136.3,
"2019-10-11 00:00:00",461589,572892,24367,3879,1080667,2224910.1333333333,
"2019-10-12 00:00:00",478348,590422,21599,1909,763511,2219661.2333333334,
"2019-10-13 00:00:00",179991,742356,27187,210,1341615,2216629.466666667,
"2019-10-14 00:00:00",578977,704993,58341,754,965909,2221782.3,
"2019-10-15 00:00:00",424054,947386,7580,6899,959582,2227577.1,
"2019-10-16 00:00:00",323495,805171,26961,9686,798383,2221321.3333333335,
"2019-10-17 00:00:00",277213,757325,41771,3603,1667015,2241967.6,
"2019-10-18 00:00:00",608996,607554,49287,6280,814052,2244408.2,
"2019-10-19 00:00:00",328593,646417,9696,309,1264181,2240065.533333333,
"2019-10-20 00:00:00",550043,778583,13211,7830,725447,2238394.1666666665,
"2019-10-21 00:00:00",314618,727570,42020,9925,1136546,2237365.6,
"2019-10-22 00:00:00",627926,631782,9508,6719,1474892,2266963.3666666667,
"2019-10-23 00:00:00",352200,863517,20017,8628,750897,2271161.1333333333,
"2019-10-24 00:00:00",260333,878338,83531,430,1148435,2277027.3,
"2019-10-25 00:00:00",448317,546505,39675,4753,1061058,2248901.4,
"2019-10-26 00:00:00",701776,688019,19086,2023,1156157,2266383,
"2019-10-27 00:00:00",264916,405829,14530,602,995584,2232916.8,
"2019-10-28 00:00:00",263792,717676,58971,10202,793059,2223189.8666666667,
"2019-10-29 00:00:00",344708,664083,30175,6000,1253796,2232719.7666666666,
"2019-10-30 00:00:00",255068,868525,56762,8675,897168,2224553.6666666665,
"2019-10-31 00:00:00",534252,686303,41145,17524,802307,2223585.1333333333,
"2019-11-01 00:00:00",404665,958655,61743,10280,1208555,2227371.033333333,
"2019-11-02 00:00:00",382862,807045,7502,925,1328394,2244538.566666667,
"2019-11-03 00:00:00",485467,585702,20176,2811,982606,2228288.033333333,
"2019-11-04 00:00:00",297735,628571,25495,4958,1109757,2216386.466666667,
"2019-11-05 00:00:00",212503,940577,10557,9889,1464859,2242020.5,
"2019-11-06 00:00:00",341072,972539,22458,8758,1362874,2262057.3333333335,
"2019-11-07 00:00:00",386174,505821,2527,12330,887144,2243592.933333333,
"2019-11-08 00:00:00",539572,784024,43728,7929,1133892,2244158.6666666665,
"2019-11-09 00:00:00",453690,1023539,10252,546,1154870,2255976.5,
"2019-11-10 00:00:00",212136,506449,49514,4076,1198422,2250216.466666667,
"2019-11-11 00:00:00",508888,722895,13945,1475,973584,2262383,
"2019-11-12 00:00:00",178608,938192,39411,6256,877850,2254015.033333333,
"2019-11-13 00:00:00",355992,624437,80508,236,1006900,2245984.966666667,
"2019-11-14 00:00:00",373996,559103,10128,10395,989190,2232561.966666667,
"2019-11-15 00:00:00",464813,474264,38640,929,710990,2223426.4,
"2019-11-16 00:00:00",448785,1106085,51376,0,1203925,2225534.6666666665,
"2019-11-17 00:00:00",344567,693968,16449,3286,992997,2224371.1333333333,
"2019-11-18 00:00:00",359334,1182816,26267,9550,1593642,2255118.4,
"2019-11-19 00:00:00",452575,723064,30901,4015,696765,2249525.2666666666,
"2019-11-20 00:00:00",338598,1042193,55853,6351,1009724,2256926.4,
"2019-11-21 00:00:00",564066,530279,38911,3291,793284,2229559.6666666665,
"2019-11-22 00:00:00",850988,740194,14192,11901,1463122,2265730.966666667,
"2019-11-23 00:00:00",221021,481635,11567,646,1190768,2250216.533333333,
"2019-11-24 00:00:00",624995,717010,32626,2666,1177713,2265373.033333333,
"2019-11-25 00:00:00",412711,941606,4386,12648,1411705,2272572.933333333,
"2019-11-26 00:00:00",433888,609331,43405,23231,861694,2282242.533333333,
"2019-11-27 00:00:00",371977,448021,37164,1624,1483329,2298856.4,
"2019-11-28 00:00:00",97638,296571,8176,3100,1023453,2269862.066666667,
"2019-11-29 00:00:00",508649,755068,23244,1760,352935,2255044.1,
"2019-11-30 00:00:00",347955,628565,32109,3301,912985,2249823.4,
"2019-12-01 00:00:00",316011,770914,24668,1482,1088591,2235082.1333333333,
"2019-12-02 00:00:00",331857,762663,43355,14528,1094725,2225762.566666667,
"2019-12-03 00:00:00",247291,709011,13313,4208,1292584,2232084.1333333333,
"2019-12-04 00:00:00",427560,972632,36853,6722,1380947,2257357.3666666667,
"2019-12-05 00:00:00",462872,920368,8303,7150,1566485,2268250.3666666667,
"2019-12-06 00:00:00",716269,1047603,42558,3250,1389429,2284630.8666666667,
"2019-12-07 00:00:00",319570,537617,21810,1253,784926,2280336.966666667,
"2019-12-08 00:00:00",527788,731235,28383,1015,1533965,2290778.1333333333,
"2019-12-09 00:00:00",246833,764628,43146,16660,920817,2269084.6333333333,
"2019-12-10 00:00:00",458607,558992,48633,6316,1025367,2273328.9,
"2019-12-11 00:00:00",364750,529876,25358,5928,1021790,2264226.4,
"2019-12-12 00:00:00",388655,601938,20381,6230,1135489,2267972.533333333,
"2019-12-13 00:00:00",391968,613466,29940,9258,1250548,2275542.8666666667,
"2019-12-14 00:00:00",269482,514445,33978,5951,1438063,2286179.8333333335,
"2019-12-15 00:00:00",205054,950471,30577,1626,981888,2302179.3,
"2019-12-16 00:00:00",351659,1186880,44540,5952,737359,2286053.566666667,
"2019-12-17 00:00:00",333851,951245,35735,8012,1058461,2297255.066666667,
"2019-12-18 00:00:00",406699,611007,14909,2672,1115010,2263211.1333333333,
"2019-12-19 00:00:00",526034,737861,22054,4708,1283384,2285435.2333333334,
"2019-12-20 00:00:00",709192,612757,47970,13066,1001825,2283171.8,
"2019-12-21 00:00:00",455542,731517,12931,5367,1374729,2304847.2333333334,
"2019-12-22 00:00:00",343982,1008333,15147,446,1224054,2288566.066666667,
"2019-12-23 00:00:00",493987,586283,22338,5414,1358376,2307258.3,
"2019-12-24 00:00:00",200427,664621,31935,1161,1378947,2297994.3666666667,
"2019-12-25 00:00:00",70947,361785,16293,1343,1055507,2255421.6333333333,
"2019-12-26 00:00:00",629901,936848,36321,5787,1611887,2297061.7,
"2019-12-27 00:00:00",461874,727058,14078,3375,671056,2281572.7333333334,
"2019-12-28 00:00:00",392077,842217,6491,2458,695358,2298561.6333333333,
"2019-12-29 00:00:00",280448,664331,39997,2841,1725735,2334284.6666666665,
"2019-12-30 00:00:00",350842,890145,13199,5602,1298936,2355411.8333333335,
"2019-12-31 00:00:00",166074,617987,5782,266,844389,2336506.3666666667,
"2020-01-01 00:00:00",96559,487572,6971,1233,1131611,2319066.5,
"2020-01-02 00:00:00",391033,457969,48629,8801,1232901,2314830.8666666667,
"2020-01-03 00:00:00",280605,502530,17540,450,1395641,2293899.2333333334,
"2020-01-04 00:00:00",396006,683091,8949,1633,833750,2259174.1333333333,
"2020-01-05 00:00:00",188235,712233,36113,1949,820704,2211178.1,
"2020-01-06 00:00:00",262138,615869,15947,9959,972695,2218225.8333333335,
"2020-01-07 00:00:00",225520,502487,31358,531,961361,2181521.466666667,
"2020-01-08 00:00:00",250351,789026,14422,1937,1075516,2186160.3,
"2020-01-09 00:00:00",253705,624048,61299,33,1140724,2185556.6333333333,
"2020-01-10 00:00:00",246608,757191,24963,665,1507565,2205199.3333333335,
"2020-01-11 00:00:00",473178,476495,25551,944,1057827,2201242.2,
"2020-01-12 00:00:00",401584,508674,9892,2429,1200170,2195494.3333333335,
"2020-01-13 00:00:00",468738,645574,24038,2476,1003193,2191564.2,
"2020-01-14 00:00:00",189805,608028,32532,6434,457193,2162376.6333333333,
"2020-01-15 00:00:00",312198,722637,79775,6274,460486,2137542.2333333334,
"2020-01-16 00:00:00",281073,489397,17240,6137,963005,2116526.933333333,
"2020-01-17 00:00:00",390217,777803,16441,12902,934892,2115925.566666667,
"2020-01-18 00:00:00",536054,967433,23162,3385,1526466,2132007.3666666667,
"2020-01-19 00:00:00",369586,465574,38580,227,1512299,2132055.7,
"2020-01-20 00:00:00",264189,516204,36276,280,1361663,2118673,
"2020-01-21 00:00:00",322926,1074848,14332,17667,1132191,2117672.9,
"2020-01-22 00:00:00",575589,508676,27460,3595,871215,2101677.3333333335,
"2020-01-23 00:00:00",474905,320397,767,10658,1399252,2099306.8333333335,
"2020-01-24 00:00:00",533652,700191,25333,5036,1154660,2129740.2333333334,
"2020-01-25 00:00:00",651257,604125,32104,664,882395,2094733.4666666666,
"2020-01-26 00:00:00",522238,788201,36710,1680,1112437,2114194.033333333,
"2020-01-27 00:00:00",411445,1313351,24315,11484,1485659,2157782.8666666667,
"2020-01-28 00:00:00",370048,960731,102146,7967,1456254,2163909.533333333,
"2020-01-29 00:00:00",439675,1283352,32859,11854,1660568,2192895.8,
"2020-01-30 00:00:00",564777,913249,38412,6127,1318725,2233122.6333333333,2294634.3333333335
"2020-01-31 00:00:00",943764,1050496,64923,2394,976529,2276928.3,2303098.2
"2020-02-01 00:00:00",363533,749404,34509,4454,1499634,2294001.6333333333,2308365.7666666666
"2020-02-02 00:00:00",370537,823160,2969,6414,1554624,2312699.466666667,2321438.566666667
"2020-02-03 00:00:00",486331,444336,8084,4354,937755,2311280.533333333,2299387.3333333335
"2020-02-04 00:00:00",271365,602868,27739,3536,1274090,2325292.566666667,2275120.2
"2020-02-05 00:00:00",397960,747495,15333,4362,1011743,2335302.1333333333,2250719.566666667
"2020-02-06 00:00:00",490819,518036,38015,21136,1435154,2361365.9,2220284.8
"2020-02-07 00:00:00",381322,633572,37060,603,1015594,2359262.466666667,2192346.7
"2020-02-08 00:00:00",221937,447954,42059,2471,1824195,2374555.9,2231319.2333333334
"2020-02-09 00:00:00",201899,658165,26679,3677,1056118,2354873.966666667,2231904.533333333
"2020-02-10 00:00:00",419982,696482,20048,13439,773714,2351196.533333333,2233108.8666666667
"2020-02-11 00:00:00",304601,660648,11966,3760,356845,2325032.2666666666,2194419.533333333
"2020-02-12 00:00:00",360731,663061,40647,3899,482341,2305254.2,2166151.3666666667
"2020-02-13 00:00:00",379695,666923,19596,2608,2111787,2368141.433333333,2175167.4
"2020-02-14 00:00:00",641466,907632,42263,5348,1344512,2413469.7333333334,2211192.9
"2020-02-15 00:00:00",192898,480327,19127,5498,1105826,2415030.5,2214598.433333333
"2020-02-16 00:00:00",387485,617608,17473,2062,748977,2403075.466666667,2165248.1
"2020-02-17 00:00:00",366066,801757,37158,8106,731535,2366012.8666666667,2190748.6666666665
"2020-02-18 00:00:00",305363,786677,41459,7451,580272,2343844.7333333334,2183896.8
"2020-02-19 00:00:00",258103,657294,12252,5327,1706665,2359212.466666667,2195606.7
"2020-02-20 00:00:00",627338,673206,42643,22820,1638799,2373974.1333333333,2160760.466666667
"2020-02-21 00:00:00",643795,596295,8003,6093,1271685,2391952,2127343.533333333
"2020-02-22 00:00:00",374992,656072,34417,5813,1498108,2404066.033333333,2128462.3666666667
"2020-02-23 00:00:00",649850,680618,32458,3830,1220898,2409691.8666666667,2097465.2666666666
"2020-02-24 00:00:00",450815,763360,35359,8711,1534004,2430415.2,2096346.7
"2020-02-25 00:00:00",409787,552710,14921,10897,986683,2414206.3666666667,2134065.9
"2020-02-26 00:00:00",395795,483868,36933,852,1535536,2387763.6,2141496.533333333
"2020-02-27 00:00:00",591238,629097,64769,6409,1288512,2377192.6333333333,2155260.3666666667
"2020-02-28 00:00:00",835459,406235,11867,3716,1471978,2353890.6,2137612.1666666665
"2020-02-29 00:00:00",266123,610896,39534,1523,1283841,2332577.8,2155597.7
"2020-03-01 00:00:00",410132,582694,73425,196,1033588,2301308.5,2144052.8666666667
"2020-03-02 00:00:00",901881,590874,52541,3917,1159696,2303220.966666667,2134943.566666667
"2020-03-03 00:00:00",241939,643169,14790,4892,1059694,2276780.3666666667,2161885.7333333334
"2020-03-04 00:00:00",292213,414504,27091,7732,782747,2264894.566666667,2187416.7333333334
"2020-03-05 00:00:00",658909,510192,24206,5308,1276854,2274757.033333333,2211676.1
"2020-03-06 00:00:00",452515,751599,34185,1403,1502412,2293597.6333333333,2238966.9
"2020-03-07 00:00:00",381626,547621,31879,4457,1219746,2283003.033333333,2250533.7333333334
"2020-03-08 00:00:00",515112,593656,7296,263,1356178,2296481.466666667,2292205.2666666666
"2020-03-09 00:00:00",509628,682122,44915,10048,1690506,2309768.3666666667,2229551.4
"2020-03-10 00:00:00",383975,859203,11023,6348,479189,2302875.2,2196152.033333333
"2020-03-11 00:00:00",363356,383495,10095,2435,797020,2290632.8666666667,2189305.6333333333
"2020-03-12 00:00:00",728859,385671,26734,1417,1403677,2330917.533333333,2234476.933333333
"2020-03-13 00:00:00",394857,647343,19248,7582,1348275,2359805.3,2232754.3333333335
"2020-03-14 00:00:00",396595,410942,25935,1190,1406293,2328483.4,2221048.3
"2020-03-15 00:00:00",351133,648504,9930,263,987798,2297030.3666666667,2178529.2
"2020-03-16 00:00:00",517322,596735,41468,2055,1005337,2309005.1666666665,2163939.2333333334
"2020-03-17 00:00:00",345203,839120,23012,798,1053855,2325284.7333333334,2187237.6333333333
"2020-03-18 00:00:00",348686,894213,10144,420,1237227,2343487.033333333,2157559.933333333
"2020-03-19 00:00:00",506791,342818,16878,7316,2199517,2388556.8666666667,2144151
"2020-03-20 00:00:00",363849,899228,25273,6363,1081735,2379783.8333333335,2158698.066666667
"2020-03-21 00:00:00",354053,772427,8080,2065,1788811,2377137.8,2176879.1666666665
"2020-03-22 00:00:00",412564,663024,34488,9222,984713,2363076,2191414.3666666667
"2020-03-23 00:00:00",325272,569656,7140,7365,945720,2339267.8666666667,2185590.033333333
"2020-03-24 00:00:00",310979,590719,22287,1327,1191001,2323556.466666667,2211659.8333333335
"2020-03-25 00:00:00",276823,688097,69147,4181,1198219,2305030.466666667,2191562.3333333335
"2020-03-26 00:00:00",478855,772329,26147,11519,1556135,2334030,2159966.7666666666
"2020-03-27 00:00:00",562446,788399,19360,12884,1330848,2342728.6333333333,2149218.6
"2020-03-28 00:00:00",280646,959683,30228,0,1818370,2359691.966666667,2129679.066666667
"2020-03-29 00:00:00",335421,856430,6221,493,728509,2332952.7333333334,2159213.066666667
"2020-03-30 00:00:00",408960,618028,23610,1661,1436741,2342522.1666666665,2133690.2666666666
"2020-03-31 00:00:00",188401,586000,15622,13868,1069567,2334969.6,2154993.5
"2020-04-01 00:00:00",276453,630616,36083,6374,1322250,2320398.533333333,2179774.566666667
"2020-04-02 00:00:00",360062,476766,23673,8088,672931,2306299.6666666665,2160773.7666666666
"2020-04-03 00:00:00",595287,859185,14408,337,1311835,2348191.9,2157209.6666666665
"2020-04-04 00:00:00",353890,844188,36362,887,1610341,2360531.8333333335,2139559.2333333334
"2020-04-05 00:00:00",260614,589204,30741,1906,1109945,2335541.6,2131199.2
"2020-04-06 00:00:00",387254,624929,32808,3648,1054139,2332789.9,2109747.6333333333
"2020-04-07 00:00:00",272039,479170,31354,751,723531,2300601.433333333,2093146.3
"2020-04-08 00:00:00",331192,625014,28676,356,953471,2267317.6,2125508.1
"2020-04-09 00:00:00",339935,621379,35317,4231,1082916,2278785.6333333333,2168228.2333333334
"2020-04-10 00:00:00",471447,749674,51445,5094,1095144,2305999.1666666665,2170837.5
"2020-04-11 00:00:00",209291,640699,15676,4350,1130433,2287802.1333333333,2158350.3333333335
"2020-04-12 00:00:00",151869,512913,21388,317,920656,2260796.566666667,2189676.1
"2020-04-13 00:00:00",211679,672139,46030,227,1099587,2253753.566666667,2178608.1
"2020-04-14 00:00:00",237496,572483,51783,1716,1066819,2251509.1666666665,2192924.5
"2020-04-15 00:00:00",586860,832398,16749,6393,931063,2258527.3666666667,2207777.566666667
"2020-04-16 00:00:00",224897,792552,38911,3908,878783,2247762.7333333334,2212915.3
"2020-04-17 00:00:00",502267,599308,72611,8499,1165621,2243016.433333333,2231265
"2020-04-18 00:00:00",487771,679022,5870,537,1128603,2217299.2333333334,2216396.933333333
"2020-04-19 00:00:00",264050,606220,26275,0,567350,2186880.6333333333,2194594.1666666665
"2020-04-20 00:00:00",287789,487802,92732,12200,943939,2150181.8,2208566.2
"2020-04-21 00:00:00",220724,838771,20092,2212,1139297,2154084.4,2218718.933333333
"2020-04-22 00:00:00",359390,699532,16892,7379,1187123,2167923.1,2260651.4
"2020-04-23 00:00:00",339084,797225,43899,5322,1324632,2181051.3666666667,2253269.533333333
"2020-04-24 00:00:00",425913,775718,26502,2502,1009124,2181161.066666667,2257623.1
"2020-04-25 00:00:00",555241,914412,60953,1971,1090751,2173772.466666667,2261921.2
"2020-04-26 00:00:00",352309,716183,38318,0,870564,2149220.1666666665,2270875.8
"2020-04-27 00:00:00",365240,786709,23067,5057,920517,2116275.7333333334,2262830.4
"2020-04-28 00:00:00",409849,522602,38820,1899,724179,2108617.966666667,2263228.466666667
"2020-04-29 00:00:00",587056,579570,17655,4716,862843,2094045.9,2262375.6333333333
"2020-04-30 00:00:00",363773,345892,19713,2973,1161339,2094720.4666666666,2285108.6333333333
"2020-05-01 00:00:00",387232,908242,16510,1673,972678,2095205.7333333334,2279821.4
"2020-05-02 00:00:00",320521,583045,21985,0,920367,2105352.3666666667,2295007.533333333
"2020-05-03 00:00:00",512158,689073,16730,660,565343,2072116.0666666667,2286344.1666666665
"2020-05-04 00:00:00",214733,701262,19567,0,985050,2041280.8333333333,2297143.7333333334
"2020-05-05 00:00:00",185159,680283,35608,2388,558059,2023583.7333333334,2313657.1333333333
"2020-05-06 00:00:00",303450,704490,15622,874,907412,2017886.0333333334,2328365.066666667
"2020-05-07 00:00:00",371998,571707,16572,1795,778793,2025686.5333333334,2322384.6333333333
"2020-05-08 00:00:00",316206,725551,14615,187,1051953,2031346.7666666666,2304575.1
"2020-05-09 00:00:00",581724,865242,23581,488,764493,2036405.0333333334,2287628
"2020-05-10 00:00:00",130789,463855,32163,2257,652353,2000025.4333333333,2262814.033333333
"2020-05-11 00:00:00",356569,758540,19547,1995,1315748,2015090.4,2244098.7333333334
"2020-05-12 00:00:00",297665,609617,17736,8314,831737,2020354.5666666667,2209421.9
"2020-05-13 00:00:00",315746,862928,28402,77,619178,2013576.9,2217564.7666666666
"2020-05-14 00:00:00",351263,991705,22391,208,920126,2025423.3666666667,2213348.5
"2020-05-15 00:00:00",269875,470453,24357,1991,750108,1996867.4666666666,2208430.1333333333
"2020-05-16 00:00:00",502027,329397,34896,1848,855282,1989680.7,2224343.566666667
"2020-05-17 00:00:00",122396,665320,28595,0,675545,1961132.4666666666,2242834.7
"2020-05-18 00:00:00",611797,846526,9282,3152,644445,1954912.5,2240686.5
"2020-05-19 00:00:00",293056,592399,31336,5611,663529,1958980.5333333334,2242779.2666666666
"2020-05-20 00:00:00",279000,641635,23281,0,1018523,1963579.5,2235573.3333333335
"2020-05-21 00:00:00",392550,713564,42106,6193,641680,1949412.8666666667,2229370.3666666667
"2020-05-22 00:00:00",573886,737519,27112,1265,1170518,1957412.4666666666,2214449.8
"2020-05-23 00:00:00",337400,537302,33806,890,864210,1932860.8,2235163.6666666665
"2020-05-24 00:00:00",263118,527254,9410,0,1011542,1918579.4333333333,2231984.7333333334
"2020-05-25 00:00:00",418918,790028,28234,1234,760725,1897773.0666666667,2204692.566666667
"2020-05-26 00:00:00",231597,798681,43671,11581,762172,1893450.8666666667,2217368.033333333
"2020-05-27 00:00:00",413849,556698,8245,350,954554,1887887.6666666667,2219419.3
"2020-05-28 00:00:00",507705,493986,7303,7432,1074678,1901012.8666666667,2215603.6
"2020-05-29 00:00:00",390626,418723,21012,2817,909871,1890719.7,2233682.2333333334
"2020-05-30 00:00:00",301662,352860,36241,0,690473,1873637.7333333334,2202404.433333333
"2020-05-31 00:00:00",180667,525043,7204,1015,996288,1854433.7,2187008.7
"2020-06-01 00:00:00",335934,904530,40623,2665,936279,1866904.2333333334,2153757.933333333
"2020-06-02 00:00:00",235113,719285,6188,3820,1103535,1876370.0333333334,2177206.566666667
"2020-06-03 00:00:00",231568,514531,23383,1031,794609,1864520.4,2208649.1666666665
"2020-06-04 00:00:00",570270,793642,9608,411,629093,1882571.3,2202040.7
"2020-06-05 00:00:00",384428,478859,21386,4759,912982,1878256.8666666667,2200576.2333333334
"2020-06-06 00:00:00",355621,649453,48243,1537,1046191,1890262.8666666667,2221773.3666666667
"2020-06-07 00:00:00",322150,464403,13120,0,558369,1865247.0666666667,2223627.6666666665
"2020-06-08 00:00:00",442961,288194,3945,3300,672723,1837766.7333333334,2218387.7666666666
"2020-06-09 00:00:00",161104,1158904,46822,3583,1104111,1877537,2235325.533333333
"2020-06-10 00:00:00",384822,403382,19442,3688,957042,1854736.3333333333,2247258.966666667
"2020-06-11 00:00:00",426590,776918,26152,747,1369670,1882570.2,2269279.3
"2020-06-12 00:00:00",712977,724455,45489,3668,1180847,1910607.1,2297410.1333333333
"2020-06-13 00:00:00",190221,571741,28885,268,879377,1890100.4333333333,2288080.3
"2020-06-14 00:00:00",308481,511157,9703,263,918498,1897810.8666666667,2268407.8333333335
"2020-06-15 00:00:00",466942,571297,4557,205,907512,1905379.5333333334,2245442.1333333333
"2020-06-16 00:00:00",186441,568973,8624,10218,572151,1900531.3666666667,2243479.1333333333
"2020-06-17 00:00:00",291975,361577,12091,1233,918423,1882867.8666666667,2235359.6333333333
"2020-06-18 00:00:00",290082,631538,47663,6181,1138746,1900477.2,2220557.9
"2020-06-19 00:00:00",329207,595937,24973,3659,853037,1895289.8,2212627.5
"2020-06-20 00:00:00",477730,582084,2183,3732,1019481,1904926.9666666666,2221622.8333333335
"2020-06-21 00:00:00",348501,627179,10820,0,1148906,1892430.5333333334,2229570.2666666666
"2020-06-22 00:00:00",418190,624215,22240,3903,1076329,1904806.0666666667,2212568.933333333
"2020-06-23 00:00:00",207092,678472,7804,7397,871481,1903503.6666666667,2226253.2
"2020-06-24 00:00:00",173992,794108,23656,450,1176332,1909150.3666666667,2235527.8333333335
"2020-06-25 00:00:00",408218,833331,14093,1275,1133415,1927238,2212363.566666667
"2020-06-26 00:00:00",462519,886748,3003,6093,1047191,1942966.7,2244204.533333333
"2020-06-27 00:00:00",341543,462149,29195,540,1574038,1953512.1666666667,2248255.1
"2020-06-28 00:00:00",413363,576684,5943,2984,869143,1957681.2333333334,2229220
"2020-06-29 00:00:00",455360,663575,25575,4674,1391613,1996333.2666666666,2225752.2666666666
"2020-06-30 00:00:00",304293,673718,30311,5596,1066489,2008672.8666666667,2255034.466666667
"2020-07-01 00:00:00",377998,657483,34246,6481,968635,2002833.2,2265356.4
"2020-07-02 00:00:00",390423,622469,22784,5864,916581,1999172.6,2252941.033333333
"2020-07-03 00:00:00",331752,544863,15548,4216,591378,1996593.7333333334,2218398.2333333334
"2020-07-04 00:00:00",468404,545365,7384,0,1081237,1999905.9,2198509.466666667
"2020-07-05 00:00:00",220263,652832,35573,265,710673,1993812.2666666666,2203193.6
"2020-07-06 00:00:00",672624,827713,23121,4970,1504486,2024874.7,2167406.8333333335
"2020-07-07 00:00:00",394128,668428,18849,9735,1218704,2056601.4666666666,2165637.1666666665
"2020-07-08 00:00:00",120803,472557,30105,266,855726,2058879.2666666666,2136318.2
"2020-07-09 00:00:00",344784,662674,15719,5749,1150559,2049044.8,2147561.2
"2020-07-10 00:00:00",208751,646729,54572,13553,680166,2043557.8666666667,2120225.533333333
"2020-07-11 00:00:00",455891,601989,4838,493,1215146,2032833.6,2087924.9333333333
"2020-07-12 00:00:00",341610,230700,36967,13561,724921,1988844.3666666667,2053065.7
"2020-07-13 00:00:00",297680,710762,62720,6778,721521,1993143.6,2029076
"2020-07-14 00:00:00",534689,654986,26741,4194,967878,2007823.2,2044412.3666666667
"2020-07-15 00:00:00",195843,495425,33813,8351,1406667,2014142.8,2061400.9333333333
"2020-07-16 00:00:00",281081,543362,20401,5632,868279,2026554.3666666667,2048362.9333333333
"2020-07-17 00:00:00",574865,407934,24661,2216,1333118,2051804.2333333334,2069163.6666666667
"2020-07-18 00:00:00",457547,473294,56940,7262,1420025,2061832.6333333333,2097172.3333333335
"2020-07-19 00:00:00",333001,519962,1492,208,928913,2061057.9333333333,2107708.3
"2020-07-20 00:00:00",279256,743074,15484,17643,1088758,2063024.7,2100316.033333333
"2020-07-21 00:00:00",221857,440110,21835,4017,1138189,2052711.3333333333,2102280.3
"2020-07-22 00:00:00",174886,859260,36217,187,611766,2037292.7333333334,2115337.966666667
"2020-07-23 00:00:00",366089,613226,26344,12948,1006335,2045716.0333333334,2113357.1666666665
"2020-07-24 00:00:00",352413,746918,27736,19357,1310870,2055341.3333333333,2123606.033333333
"2020-07-25 00:00:00",474074,667487,16024,419,505747,2031121.7,2131868.3666666667
"2020-07-26 00:00:00",146659,718178,7344,12299,626236,2001293.5666666667,2092054.7
"2020-07-27 00:00:00",476178,635695,19231,5491,1419246,2006239.4666666666,2097339.966666667
"2020-07-28 00:00:00",451934,595744,62531,1645,1602633,2034451.9333333333,2113779.8
"2020-07-29 00:00:00",211554,614999,28443,2962,975023,2010858.2333333334,2127706.6
"2020-07-30 00:00:00",310059,698482,17596,4403,876063,2005064.8,2090725.2333333334
"2020-07-31 00:00:00",535450,213962,24095,3690,1282150,2005548.1666666667,2106866.7666666666
"2020-08-01 00:00:00",371813,603790,5667,14024,711293,1997163.6666666667,2114976.1333333333
"2020-08-02 00:00:00",277524,829758,5205,1394,999669,2018023.4,2124555.2666666666
"2020-08-03 00:00:00",449851,583855,54549,4755,1284386,2027190.2333333334,2138032.533333333
"2020-08-04 00:00:00",261470,647433,28359,7410,1089126,2040996.8,2137823.8333333335
"2020-08-05 00:00:00",301760,874040,36003,6963,1264322,2022669.1333333333,2156634.433333333
"2020-08-06 00:00:00",270092,354069,37291,8204,1056317,2003206.7333333334,2166282.2333333334
"2020-08-07 00:00:00",363313,1027553,54847,5923,1017333,2036190.9,2204039.3
"2020-08-08 00:00:00",336805,882402,27477,3786,1486530,2054774.6333333333,2192553.7666666666
"2020-08-09 00:00:00",325084,994033,29111,1973,1032100,2080725.6666666667,2230464.933333333
"2020-08-10 00:00:00",333217,594081,35339,5003,1069333,2072679.5666666667,2247784.533333333
"2020-08-11 00:00:00",542876,428710,36047,4354,779567,2087472.6,2270480.533333333
"2020-08-12 00:00:00",185118,730307,14542,6423,1252584,2100456.1333333333,2289520.066666667
"2020-08-13 00:00:00",312473,777077,4040,1782,1033197,2098458.7333333334,2273741.466666667
"2020-08-14 00:00:00",550041,1012870,15793,1054,1532073,2130849.933333333,2242672.4
"2020-08-15 00:00:00",693948,737655,27851,695,1109289,2159206,2262038.433333333
"2020-08-16 00:00:00",200328,625868,34678,4200,1164654,2148770.533333333,2260263.933333333
"2020-08-17 00:00:00",211747,673627,27439,13371,1371190,2144847.466666667,2245163.8
"2020-08-18 00:00:00",335839,828039,21951,4613,824893,2152572.8,2237059.5
"2020-08-19 00:00:00",482576,623855,20572,5040,815779,2146026.2666666666,2235407.2666666666
"2020-08-20 00:00:00",430458,959757,41567,6759,825703,2160634.3,2228396.8666666667
"2020-08-21 00:00:00",475785,446740,5265,1023,1241117,2176888.033333333,2247520.933333333
"2020-08-22 00:00:00",255211,703124,17457,1233,1080642,2177978.7,2247244.966666667
"2020-08-23 00:00:00",382456,536504,5941,737,734140,2151394.566666667,2234129.566666667
"2020-08-24 00:00:00",391608,560847,4332,7981,709858,2151757.033333333,2233582.7666666666
"2020-08-25 00:00:00",208304,546506,7478,16773,288753,2136993.6,2242691.1333333333
"2020-08-26 00:00:00",363647,531091,1241,640,795074,2108188.6,2263910.3
"2020-08-27 00:00:00",291958,1363043,6144,3063,425599,2087365.9333333333,2247130.066666667
"2020-08-28 00:00:00",548882,928131,50063,5273,1613217,2131118.8333333335,2237038.8666666667
"2020-08-29 00:00:00",359896,350421,22192,9557,1011522,2126018.3333333335,2264888.4
"2020-08-30 00:00:00",249619,606968,18144,6881,911898,2117157.033333333,2249802.8666666667
"2020-08-31 00:00:00",346418,641412,28956,8315,781248,2120482.566666667,2243529.2
"2020-09-01 00:00:00",309789,978517,16940,20495,1081507,2130272.7,2220259.6666666665
"2020-09-02 00:00:00",347077,523924,12688,263,1114807,2117651.5,2230768.033333333
"2020-09-03 00:00:00",327918,752704,12374,2876,907031,2116621.6,2239963.7666666666
"2020-09-04 00:00:00",438376,932675,33189,3546,691925,2103842.4,2219686.2333333334
"2020-09-05 00:00:00",272240,888351,40820,16040,947785,2118484.5,2226672.7
"2020-09-06 00:00:00",320332,887771,16540,4322,790368,2103496.4,2190152.6
"2020-09-07 00:00:00",134877,657941,16457,266,768817,2064874.7666666666,2177367.1333333333
"2020-09-08 00:00:00",284125,306109,17055,4902,1171044,2044906.1,2169271.2
"2020-09-09 00:00:00",381229,1081377,14440,339,653932,2048050.9,2170150.066666667
"2020-09-10 00:00:00",349594,916243,1828,1791,989912,2063644.8333333333,2158257.1
"2020-09-11 00:00:00",486220,587845,28406,616,1097586,2064034.9,2158985.433333333
"2020-09-12 00:00:00",291982,632213,32601,5859,1087043,2061405.9666666666,2175475.8333333335
"2020-09-13 00:00:00",246994,978499,8743,4298,667988,2021228.8333333333,2186392.6333333333
"2020-09-14 00:00:00",869243,274808,15182,6695,930548,2005463.3666666667,2167045.066666667
"2020-09-15 00:00:00",166921,416729,8100,8114,900023,1987801.8333333333,2158597.3
"2020-09-16 00:00:00",301775,779799,7158,7371,1032394,1982172.5666666667,2154690.1666666665
"2020-09-17 00:00:00",512992,1364184,12815,9484,1208933,2018608.6333333333,2155459.433333333
"2020-09-18 00:00:00",276320,944458,31562,1928,1066106,2031027.2,2156331.6333333333
"2020-09-19 00:00:00",293796,815695,59706,5336,1079870,2030699.1,2149465
"2020-09-20 00:00:00",104063,764577,6560,4464,191332,1994067.8,2124181.2
"2020-09-21 00:00:00",293792,921722,20273,2748,284940,1976261.4666666666,2103658
"2020-09-22 00:00:00",461966,507217,14753,1190,603482,1973889.1333333333,2098748.5
"2020-09-23 00:00:00",363504,822534,4728,7373,1333688,2002462.6666666667,2100443.3
"2020-09-24 00:00:00",544531,868808,21625,5678,1316575,2058776.2666666666,2126290.9
"2020-09-25 00:00:00",711986,815298,37239,2158,1414816,2101769.966666667,2094263.3333333333
"2020-09-26 00:00:00",390309,856013,5583,7289,1441170,2122121.6666666665,2124375.1333333333
"2020-09-27 00:00:00",302930,1004334,9727,4878,908815,2091625.4,2128271
"2020-09-28 00:00:00",409041,711637,42050,3793,1423412,2119503.7333333334,2113294.3333333335
"2020-09-29 00:00:00",217941,653587,17733,9826,670017,2112023.6333333333,2122072.6
"2020-09-30 00:00:00",535951,1028792,25531,4472,820247,2132311.7666666666,2124138.3
"2020-10-01 00:00:00",449636,1023572,26579,328,924941,2132905.3,2159046.7333333334
"2020-10-02 00:00:00",209856,563982,28200,0,1201464,2133063.4,2148299.2333333334
"2020-10-03 00:00:00",456630,840435,14011,1497,881263,2139427.7666666666,2152847.8666666667
"2020-10-04 00:00:00",442600,722731,28903,3768,658416,2131318.033333333,2184127.533333333
"2020-10-05 00:00:00",282324,965849,26064,11293,1071056,2137696.566666667,2169838.1
"2020-10-06 00:00:00",562509,866369,8126,6489,1141347,2156546.7666666666,2192388.3333333335
"2020-10-07 00:00:00",185336,1071484,19193,7723,1092505,2183143,2209414.2666666666
"2020-10-08 00:00:00",604199,905706,13165,3689,421986,2188659.7,2225426.1333333333
"2020-10-09 00:00:00",447280,371263,467,15022,243742,2153541.433333333,2229136.3
"2020-10-10 00:00:00",305136,708556,17575,2537,835955,2140554.4,2224910.1333333333
"2020-10-11 00:00:00",223597,1046853,24398,7298,1098089,2147206.466666667,2219661.2333333334
"2020-10-12 00:00:00",423202,785497,29197,345,1074365,2155970.033333333,2216629.466666667
"2020-10-13 00:00:00",138582,930897,11837,11746,1414808,2176014.966666667,2221782.3
"2020-10-14 00:00:00",422391,1014833,42873,302,984864,2188307.9,2227577.1
"2020-10-15 00:00:00",247288,463475,18452,5517,1211943,2203200.933333333,2221321.3333333335
"2020-10-16 00:00:00",459597,892611,29432,6571,1077969,2214457.1,2241967.6
"2020-10-17 00:00:00",409951,617091,4624,4564,726567,2169603.2666666666,2244408.2
"2020-10-18 00:00:00",565974,1001944,31262,8875,907459,2176108.033333333,2240065.533333333
"2020-10-19 00:00:00",522870,1043906,60132,4445,882771,2184765.466666667,2238394.1666666665
"2020-10-20 00:00:00",146500,869453,10945,20728,1301140,2227357.933333333,2237365.6
"2020-10-21 00:00:00",189458,786401,32950,9144,1064053,2245975.6666666665,2266963.3666666667
"2020-10-22 00:00:00",245039,729804,16342,6709,1150939,2264650.033333333,2271161.1333333333
"2020-10-23 00:00:00",522305,1059408,22160,1320,1125215,2271269.433333333,2277027.3
"2020-10-24 00:00:00",344116,883387,22639,8519,949166,2252956.5,2248901.4
"2020-10-25 00:00:00",450143,546742,23995,8254,1322333,2231955.3333333335,2266383
"2020-10-26 00:00:00",771729,1471027,34964,15253,906461,2248591.1666666665,2232916.8
"2020-10-27 00:00:00",388545,932442,31595,6264,716823,2243424.2,2223189.8666666667
"2020-10-28 00:00:00",180254,399801,4993,18997,957757,2209153.066666667,2232719.7666666666
"2020-10-29 00:00:00",371125,548633,55034,10301,935047,2220854.2666666666,2224553.6666666665
"2020-10-30 00:00:00",390898,937878,61736,3492,1249080,2228457.3333333335,2223585.1333333333
"2020-10-31 00:00:00",462436,839135,41044,1215,740572,2217102.033333333,2227371.033333333
"2020-11-01 00:00:00",364356,744675,23314,8654,822573,2215771.2,2244538.566666667
"2020-11-02 00:00:00",400985,795531,39918,5438,936626,2215260,2228288.033333333
"2020-11-03 00:00:00",421955,761591,52371,5970,686631,2217663.3333333335,2216386.466666667
"2020-11-04 00:00:00",618385,892448,25951,7251,1164572,2229397.2333333334,2242020.5
"2020-11-05 00:00:00",443833,934180,28236,2542,1082218,2226269.6,2262057.3333333335
"2020-11-06 00:00:00",548435,757289,6673,2831,958836,2222863.6666666665,2243592.933333333
"2020-11-07 00:00:00",381177,811008,24030,2029,691458,2221562.4,2244158.6666666665
"2020-11-08 00:00:00",338929,878720,32254,1124,1352570,2272423.2666666666,2255976.5
"2020-11-09 00:00:00",268673,859278,39492,759,749606,2274024.9,2250216.466666667
"2020-11-10 00:00:00",243773,977211,50797,11506,949794,2268453.1,2262383
"2020-11-11 00:00:00",306066,825831,9170,4747,897024,2259460.7333333334,2254015.033333333
"2020-11-12 00:00:00",414524,811468,36143,8069,1140848,2256233.7,2245984.966666667
"2020-11-13 00:00:00",352811,862268,15800,7099,1213806,2255784.4,2232561.966666667
"2020-11-14 00:00:00",234898,1058487,6047,8180,948352,2266094.066666667,2223426.4
"2020-11-15 00:00:00",530056,663687,14868,4249,578980,2243616,2225534.6666666665
"2020-11-16 00:00:00",479673,1226416,22283,11290,1231665,2283900.3,2224371.1333333333
"2020-11-17 00:00:00",589572,1319962,16012,2939,869495,2293315.7333333334,2255118.4
"2020-11-18 00:00:00",317617,571729,34325,1633,1123984,2277820.933333333,2249525.2666666666
"2020-11-19 00:00:00",510256,1261374,14313,3362,1095433,2295686.8333333335,2256926.4
"2020-11-20 00:00:00",544954,858067,8566,6709,1320292,2317573,2229559.6666666665
"2020-11-21 00:00:00",157631,802499,12247,6588,939584,2309896.7666666666,2265730.966666667
"2020-11-22 00:00:00",164581,856244,41639,8566,938074,2285853.2666666666,2250216.533333333
"2020-11-23 00:00:00",555426,814417,40233,3634,869981,2288381.9,2265373.033333333
"2020-11-24 00:00:00",254711,1011808,15073,4638,1268665,2295162.7333333334,2272572.933333333
"2020-11-25 00:00:00",654926,1289574,6577,1218,1095304,2290101.3666666667,2282242.533333333
"2020-11-26 00:00:00",154610,270463,27183,87,866624,2264877.6666666665,2298856.4
"2020-11-27 00:00:00",513737,736285,20190,13178,859263,2284239.3333333335,2269862.066666667
"2020-11-28 00:00:00",401913,956397,12203,7194,979656,2298813.3666666667,2255044.1
"2020-11-29 00:00:00",161303,1138875,21816,660,587355,2274377.566666667,2249823.4
"2020-11-30 00:00:00",368958,806535,29689,1166,1172472,2284191.6333333333,2235082.1333333333
"2020-12-01 00:00:00",316066,797223,28712,2768,957263,2288806.966666667,2225762.566666667
"2020-12-02 00:00:00",476651,955274,9985,2629,696300,2287551.6,2232084.1333333333
"2020-12-03 00:00:00",533136,484489,36145,8602,474405,2274493.5,2257357.3666666667
"2020-12-04 00:00:00",322833,1319320,5287,5300,1536321,2290508.6,2268250.3666666667
"2020-12-05 00:00:00",222515,852910,36519,964,1122758,2281997.1,2284630.8666666667
"2020-12-06 00:00:00",148139,840100,24061,3090,883689,2269497.6666666665,2280336.966666667
"2020-12-07 00:00:00",446953,768869,45262,2773,1089345,2284281,2290778.1333333333
"2020-12-08 00:00:00",309984,900429,27899,4220,1166048,2277780.533333333,2269084.6333333333
"2020-12-09 00:00:00",541565,984365,22995,2942,1205855,2305777.7333333334,2273328.9
"2020-12-10 00:00:00",541075,1271418,55547,2328,1101072,2330389.6333333333,2264226.4
"2020-12-11 00:00:00",420206,913739,23198,506,922817,2338310.7333333334,2267972.533333333
"2020-12-12 00:00:00",271249,1326756,33666,4767,910004,2342823.6666666665,2275542.8666666667
"2020-12-13 00:00:00",281845,900785,24814,3921,877138,2330714.2666666666,2286179.8333333335
"2020-12-14 00:00:00",340632,716360,31692,5123,865851,2320837.3333333335,2302179.3
"2020-12-15 00:00:00",595451,770880,16686,5845,1444203,2355544.9,2286053.566666667
"2020-12-16 00:00:00",170346,821926,10362,5190,931020,2321128.6666666665,2297255.066666667
"2020-12-17 00:00:00",320013,896744,51374,2130,1327363,2314450.1666666665,2263211.1333333333
"2020-12-18 00:00:00",622474,911537,33718,2903,1214497,2338978.2666666666,2285435.2333333334
"2020-12-19 00:00:00",357565,608825,36253,7760,1414944,2323665.2333333334,2283171.8
"2020-12-20 00:00:00",300744,931840,13488,25,882128,2303319.6333333333,2304847.2333333334
"2020-12-21 00:00:00",546322,1171656,8517,10959,1154057,2335752.1,2288566.066666667
"2020-12-22 00:00:00",243872,813275,53012,4291,1763333,2364708.2,2307258.3
"2020-12-23 00:00:00",446504,730000,28225,2230,1182810,2368244.2,2297994.3666666667
"2020-12-24 00:00:00",235647,880710,25744,452,904668,2351321.8,2255421.6333333333
"2020-12-25 00:00:00",33158,215115,8343,640,1492116,2308047.466666667,2297061.7
"2020-12-26 00:00:00",420951,976211,52905,5359,950502,2344279.6666666665,2281572.7333333334
"2020-12-27 00:00:00",442050,949780,2596,809,824358,2346844.3,2298561.6333333333
"2020-12-28 00:00:00",672898,699396,19771,8425,1268836,2357243.066666667,2334284.6666666665
"2020-12-29 00:00:00",277066,956112,12306,9287,984685,2368224.4,2355411.8333333335
"2020-12-30 00:00:00",374612,758975,53112,7821,1076046,2364615.8333333335,2336506.3666666667
"2020-12-31 00:00:00",85157,683638,15826,1136,771302,2346449.8333333335,2319066.5
"2021-01-01 00:00:00",21941,727011,17596,0,708702,2324263.3666666667,2314830.8666666667
"2021-01-02 00:00:00",483145,1169647,17148,1228,1485753,2378268.2,2293899.2333333334
"2021-01-03 00:00:00",128759,539914,1804,419,754852,2319491,2259174.1333333333
"2021-01-04 00:00:00",205307,582950,5827,2882,1029159,2305839.533333333,2211178.1
"2021-01-05 00:00:00",255419,821982,25698,6278,1293667,2322638.3333333335,2218225.8333333335
"2021-01-06 00:00:00",281723,1336701,48596,3287,1124012,2337342.2333333334,2181521.466666667
"2021-01-07 00:00:00",346528,650608,18498,6056,922613,2321866.3333333335,2186160.3
"2021-01-08 00:00:00",793482,1046290,7283,762,824772,2319028.466666667,2185556.6333333333
"2021-01-09 00:00:00",210669,1132097,52744,1499,1332215,2310954.466666667,2205199.3333333335
"2021-01-10 00:00:00",173153,650906,35983,2876,926147,2294574.3,2201242.2
"2021-01-11 00:00:00",379778,849425,11914,4354,1039925,2285872.8,2195494.3333333335
"2021-01-12 00:00:00",449015,894076,1723,10529,1136436,2299315.2333333334,2191564.2
"2021-01-13 00:00:00",259121,852782,20648,7311,1218144,2312593.566666667,2162376.6333333333
"2021-01-14 00:00:00",502628,1211795,15280,1075,1312570,2319603.1333333333,2137542.2333333334
"2021-01-15 00:00:00",465009,957158,58972,7009,1062261,2339988.6,2116526.933333333
"2021-01-16 00:00:00",583320,1028575,3018,3906,1070317,2343038.8333333335,2115925.566666667
"2021-01-17 00:00:00",353005,812722,46323,2841,888849,2320325.8666666667,2132007.3666666667
"2021-01-18 00:00:00",358111,772944,13424,2733,1134931,2315552.3,2132055.7
"2021-01-19 00:00:00",379737,910168,15025,10683,994841,2321626.6666666665,2118673
"2021-01-20 00:00:00",313047,540747,28652,7416,859276,2283547.3666666667,2117672.9
"2021-01-21 00:00:00",386180,961017,19826,1711,552413,2251659.466666667,2101677.3333333335
"2021-01-22 00:00:00",686243,758064,14899,1085,540176,2238682.7333333334,2099306.8333333335
"2021-01-23 00:00:00",247554,969556,41403,8028,748253,2237601.8,2129740.2333333334
"2021-01-24 00:00:00",257669,819185,10121,3866,543498,2233767.466666667,2094733.4666666666
"2021-01-25 00:00:00",257086,1072510,8232,450,1146349,2236390.7333333334,2114194.033333333
"2021-01-26 00:00:00",392303,630497,19333,10032,1612127,2251214.066666667,2157782.8666666667
"2021-01-27 00:00:00",356679,818237,12259,867,1327792,2246097.7,2163909.533333333
"2021-01-28 00:00:00",463630,760068,27619,2808,1182378,2252666.1333333333,2192895.8
"2021-01-29 00:00:00",304362,850062,37861,2577,1330615,2261163.2,2233122.6333333333
"2021-01-30 00:00:00",370767,731389,18554,9096,989409,2279901.8333333335,2276928.3
"2021-01-31 00:00:00",412764,874116,32516,6144,567376,2293824.3333333335,2294001.6333333333
"2021-02-01 00:00:00",153044,1003198,33279,7093,1785089,2287983.6666666665,2312699.466666667
"2021-02-02 00:00:00",394457,744331,7267,17519,1226309,2320121.6,2311280.533333333
"2021-02-03 00:00:00",329302,441484,29849,2627,897561,2315945.033333333,2325292.566666667
"2021-02-04 00:00:00",966091,739909,40555,4393,1278064,2336810.6,2335302.1333333333
"2021-02-05 00:00:00",210070,770663,27040,4376,1173769,2316530.4,2361365.9
"2021-02-06 00:00:00",785632,756962,2782,8844,1093721,2339985.066666667,2359262.466666667
"2021-02-07 00:00:00",261986,791899,34274,2648,697124,2310496.5,2374555.9
"2021-02-08 00:00:00",568056,785783,23683,13472,1149766,2304214.6,2354873.966666667
"2021-02-09 00:00:00",331639,855436,14576,957,523690,2302122.466666667,2351196.533333333
"2021-02-10 00:00:00",236574,777066,14323,4893,517660,2277626.3333333335,2325032.2666666666
"2021-02-11 00:00:00",392920,722382,57668,2556,949040,2265386.066666667,2305254.2
"2021-02-12 00:00:00",369915,686673,19068,261,1648728,2277607.4,2368141.433333333
"2021-02-13 00:00:00",290013,886269,27144,5126,802111,2243184.466666667,2413469.7333333334
"2021-02-14 00:00:00",431929,812497,28326,419,895990,2230476.3333333335,2415030.5
"2021-02-15 00:00:00",325273,582942,34762,1837,270373,2181344.6666666665,2403075.466666667
"2021-02-16 00:00:00",239518,130672,2958,14237,151564,2129184.933333333,2366012.8666666667
"2021-02-17 00:00:00",423855,896737,18918,1506,574982,2116980,2343844.7333333334
"2021-02-18 00:00:00",427257,932701,18045,588,661806,2107977.9,2359212.466666667
"2021-02-19 00:00:00",433027,1164020,28043,5779,829696,2131692.033333333,2373974.1333333333
"2021-02-20 00:00:00",421713,494492,46157,4765,821960,2127289.7333333334,2391952
"2021-02-21 00:00:00",366939,762868,18052,260,676523,2121428.9,2404066.033333333
"2021-02-22 00:00:00",270353,627806,39526,8803,633565,2106937.566666667,2409691.8666666667
"2021-02-23 00:00:00",240342,1110680,22391,15281,1179208,2138056.433333333,2430415.2
"2021-02-24 00:00:00",388200,1050753,68534,825,1350072,2150515,2414206.3666666667
"2021-02-25 00:00:00",511353,685431,25682,7877,914723,2133207.6,2387763.6
"2021-02-26 00:00:00",227664,590294,17837,3808,451286,2092376.1333333333,2377192.6333333333
"2021-02-27 00:00:00",273739,736986,46402,77,584473,2065881.7333333334,2353890.6
"2021-02-28 00:00:00",209781,602614,15632,266,866938,2038206.8,2332577.8
"2021-03-01 00:00:00",418039,712728,13694,9929,194263,2012521.4333333333,2301308.5
"2021-03-02 00:00:00",154856,1087170,12692,4899,1568185,2043684.2666666666,2303220.966666667
"2021-03-03 00:00:00",423740,802633,21012,4173,883111,2015449.8,2276780.3666666667
"2021-03-04 00:00:00",383911,726213,7177,295,1127647,2010628.4666666666,2264894.566666667
"2021-03-05 00:00:00",524382,674392,12652,5593,789803,2020828.3,2274757.033333333
"2021-03-06 00:00:00",534985,880881,38394,4707,875449,1997675.3666666667,2293597.6333333333
"2021-03-07 00:00:00",218894,588638,23678,4257,586084,1972196.5666666667,2283003.033333333
"2021-03-08 00:00:00",622653,1338141,28583,4721,1263518,1992519,2296481.466666667
"2021-03-09 00:00:00",157513,607068,34429,7042,1122493,1997206.1666666667,2309768.3666666667
"2021-03-10 00:00:00",397286,1311865,12305,2783,954111,2001792.5,2302875.2
"2021-03-11 00:00:00",706070,795582,25472,516,1009332,2028815,2290632.8666666667
"2021-03-12 00:00:00",442673,971803,71868,10832,906769,2057262.8333333333,2330917.533333333
"2021-03-13 00:00:00",252201,880042,14474,4928,1016772,2058724.4,2359805.3
"2021-03-14 00:00:00",267044,888289,18429,4210,849427,2035482.8333333333,2328483.4
"2021-03-15 00:00:00",246266,559681,4110,8314,970498,2028089.5333333334,2297030.3666666667
"2021-03-16 00:00:00",413361,1167451,15755,10800,992349,2042441.3666666667,2309005.1666666665
"2021-03-17 00:00:00",517786,1142350,9897,1043,1183851,2097099.6,2325284.7333333334
"2021-03-18 00:00:00",595241,574812,16430,6474,942380,2150312.433333333,2343487.033333333
"2021-03-19 00:00:00",339731,1027610,43240,6431,1052976,2168779,2388556.8666666667
"2021-03-20 00:00:00",478313,736671,36287,5301,478028,2158586.033333333,2379783.8333333335
"2021-03-21 00:00:00",559272,927350,4393,554,859992,2154952.466666667,2377137.8
"2021-03-22 00:00:00",134278,891558,14626,6113,1197140,2170106.966666667,2363076
"2021-03-23 00:00:00",415109,1141186,45991,748,1237446,2203968.3,2339267.8666666667
"2021-03-24 00:00:00",403127,800677,23622,9573,814946,2219698.033333333,2323556.466666667
"2021-03-25 00:00:00",483367,1030726,33851,1293,965652,2217930.933333333,2305030.466666667
"2021-03-26 00:00:00",480572,823317,13922,531,1566597,2218816.1666666665,2334030
"2021-03-27 00:00:00",614869,827222,4974,5341,759918,2221057.966666667,2342728.6333333333
"2021-03-28 00:00:00",568393,634097,31898,15162,1183134,2259117.8333333335,2359691.966666667
"2021-03-29 00:00:00",310026,757287,7691,13736,760003,2266020.2666666666,2332952.7333333334
"2021-03-30 00:00:00",243853,955418,39081,11724,1409346,2298160.033333333,2342522.1666666665
"2021-03-31 00:00:00",375300,534220,56450,5462,722325,2309663.433333333,2334969.6
"2021-04-01 00:00:00",574811,909845,26450,6030,1309725,2309631.933333333,2320398.533333333
"2021-04-02 00:00:00",365665,792089,21145,3794,943845,2309361.1666666665,2306299.6666666665
"2021-04-03 00:00:00",506027,713925,15607,1547,787877,2302019.3,2348191.9
"2021-04-04 00:00:00",339487,645795,37895,0,969452,2301546.2333333334,2360531.8333333335
"2021-04-05 00:00:00",318237,784647,7054,3609,1018962,2294815.8,2335541.6
"2021-04-06 00:00:00",381188,865690,41939,4115,823311,2317972.2333333334,2332789.9
"2021-04-07 00:00:00",477427,690900,42125,1245,998916,2283072.2,2300601.433333333
"2021-04-08 00:00:00",479742,877924,32509,3193,988580,2298185.5,2267317.6
"2021-04-09 00:00:00",490234,815358,6353,1247,1186954,2292245.2333333334,2278785.6333333333
"2021-04-10 00:00:00",220432,745825,40910,7666,515123,2258678.066666667,2305999.1666666665
"2021-04-11 00:00:00",151106,780810,10304,1995,1219934,2250684.566666667,2287802.1333333333
"2021-04-12 00:00:00",526924,1309684,11913,4480,908823,2270464.933333333,2260796.566666667
"2021-04-13 00:00:00",389664,745370,20458,5024,1070285,2277245.066666667,2253753.566666667
"2021-04-14 00:00:00",470003,812716,20663,12968,674320,2283971.8333333335,2251509.1666666665
"2021-04-15 00:00:00",322490,656191,59714,1108,686515,2254848.533333333,2258527.3666666667
"2021-04-16 00:00:00",582473,1061780,22032,925,962544,2247342.6666666665,2247762.7333333334
"2021-04-17 00:00:00",407674,468448,13449,6402,1062936,2241461.9,2243016.433333333
"2021-04-18 00:00:00",374806,823985,33164,227,1091489,2236584.5,2217299.2333333334
"2021-04-19 00:00:00",291071,684595,19835,8099,1092647,2248639.3,2186880.6333333333
"2021-04-20 00:00:00",249425,969614,18683,3676,706726,2235191.5,2150181.8
"2021-04-21 00:00:00",666733,756305,69830,7715,1513535,2260871.6666666665,2154084.4
"2021-04-22 00:00:00",461207,746752,36363,7428,1066555,2243465.7333333334,2167923.1
"2021-04-23 00:00:00",386477,721277,24513,9913,1183479,2252589.566666667,2181051.3666666667
"2021-04-24 00:00:00",345537,686484,16282,6711,690166,2226932.533333333,2181161.066666667
"2021-04-25 00:00:00",225185,811441,24611,6272,1254150,2208156.466666667,2173772.466666667
"2021-04-26 00:00:00",248096,569163,19135,6315,954935,2194333.9,2149220.1666666665
"2021-04-27 00:00:00",470296,736244,23395,15693,1258880,2196728.1666666665,2116275.7333333334
"2021-04-28 00:00:00",283475,1370728,20371,5803,1006287,2224658.7666666666,2108617.966666667
"2021-04-29 00:00:00",172706,697999,9479,2417,941085,2196800.8333333335,2094045.9
"2021-04-30 00:00:00",565872,637033,21066,11595,1027490,2215777.5,2094720.4666666666
"2021-05-01 00:00:00",195665,1153795,45229,2046,811342,2195151.466666667,2095205.7333333334
"2021-05-02 00:00:00",306794,684366,24578,3590,1241076,2199613.4,2105352.3666666667
"2021-05-03 00:00:00",291636,756067,43532,10782,927294,2199757.533333333,2072116.0666666667
"2021-05-04 00:00:00",159459,540682,6716,1973,607001,2177197.533333333,2041280.8333333333
"2021-05-05 00:00:00",411040,959496,30975,766,1046100,2187726.6,2023583.7333333334
"2021-05-06 00:00:00",306087,621938,36448,12670,975843,2182284.8,2017886.0333333334
"2021-05-07 00:00:00",393213,952781,24387,3654,1028042,2188666.8333333335,2025686.5333333334
"2021-05-08 00:00:00",471734,915722,10697,11921,1005266,2189779.966666667,2031346.7666666666
"2021-05-09 00:00:00",186034,598258,9664,1012,1089568,2169259.466666667,2036405.0333333334
"2021-05-10 00:00:00",426854,662567,26895,16174,1237750,2197269,2000025.4333333333
"2021-05-11 00:00:00",286390,760826,42535,5651,983976,2194443.433333333,2015090.4
"2021-05-12 00:00:00",328767,737736,71337,4404,1185264,2179966.2333333334,2020354.5666666667
"2021-05-13 00:00:00",119832,931228,6919,1298,1414638,2188069.9,2013576.9
"2021-05-14 00:00:00",475691,812917,7318,4540,1165393,2203909.6,2025423.3666666667
"2021-05-15 00:00:00",464561,617976,22449,3062,757857,2208572.566666667,1996867.4666666666
"2021-05-16 00:00:00",587485,935203,26358,13208,1008380,2206601.8666666667,1989680.7
"2021-05-17 00:00:00",169672,780530,10147,7160,971197,2205928.4,1961132.4666666666
"2021-05-18 00:00:00",319216,460281,30184,3626,969422,2187897.1,1954912.5
"2021-05-19 00:00:00",355371,998421,13352,5185,944648,2195254.7,1958980.5333333334
"2021-05-20 00:00:00",390283,754813,18459,16491,1442348,2217730.3666666667,1963579.5
"2021-05-21 00:00:00",324083,647652,11632,3532,858885,2178785.9,1949412.8666666667
"2021-05-22 00:00:00",1060562,593883,16931,2378,1032162,2191706.2666666666,1957412.4666666666
"2021-05-23 00:00:00",401965,812022,15691,1747,502087,2171967.966666667,1932860.8
"2021-05-24 00:00:00",439023,915586,52794,10731,873983,2190199.3666666667,1918579.4333333333
"2021-05-25 00:00:00",436647,885999,34595,2789,772193,2183884.9,1897773.0666666667
"2021-05-26 00:00:00",896844,893444,2219,5980,1203091,2224015.933333333,1893450.8666666667
"2021-05-27 00:00:00",296653,605189,11722,8557,959162,2203241.6666666665,1887887.6666666667
"2021-05-28 00:00:00",531308,621841,39362,1860,969794,2185825.033333333,1901012.8666666667
"2021-05-29 00:00:00",544045,517553,15833,8238,1577798,2213817.8333333335,1890719.7
"2021-05-30 00:00:00",251950,485311,5120,0,1149899,2201458.6666666665,1873637.7333333334
"2021-05-31 00:00:00",318169,582875,18028,4613,846805,2186872.2666666666,1854433.7
"2021-06-01 00:00:00",360982,1094143,16945,6189,792432,2187215.2666666666,1866904.2333333334
"2021-06-02 00:00:00",170328,1439327,15543,3813,1103434,2210653.1666666665,1876370.0333333334
"2021-06-03 00:00:00",204151,900044,29527,2263,1314551,2248476.8666666667,1864520.4
"2021-06-04 00:00:00",206806,805497,31215,984,1434203,2249487.7333333334,1882571.3
"2021-06-05 00:00:00",258520,834515,16329,2192,1217874,2262035.7,1878256.8666666667
"2021-06-06 00:00:00",640493,569504,7640,3556,1147580,2260925.4,1890262.8666666667
"2021-06-07 00:00:00",169823,608117,56061,9424,1457819,2257122.433333333,1865247.0666666667
"2021-06-08 00:00:00",269493,863543,24414,18533,1241853,2274899.3333333335,1837766.7333333334
"2021-06-09 00:00:00",224903,852954,76674,7341,754083,2259756.3666666667,1877537
"2021-06-10 00:00:00",944957,454219,9926,988,1393407,2283893.6666666665,1854736.3333333333
"2021-06-11 00:00:00",312044,638999,15777,1752,1056814,2273822.966666667,1882570.2
"2021-06-12 00:00:00",364436,899207,83271,5033,1288072,2279359.933333333,1910607.1
"2021-06-13 00:00:00",201846,603378,53685,16365,1165789,2265200.066666667,1890100.4333333333
"2021-06-14 00:00:00",413548,573636,57964,4874,952231,2269744.966666667,1897810.8666666667
"2021-06-15 00:00:00",266027,576562,19638,7165,1107869,2249965.9,1905379.5333333334
"2021-06-16 00:00:00",295904,391603,10404,4788,1175803,2247959.1,1900531.3666666667
"2021-06-17 00:00:00",543181,559203,46037,8019,1307961,2270681.466666667,1882867.8666666667
"2021-06-18 00:00:00",480110,735013,14491,3469,1219883,2275214.433333333,1900477.2
"2021-06-19 00:00:00",106609,424641,10025,5666,1034604,2240519.4,1895289.8
"2021-06-20 00:00:00",168897,497229,3191,2053,976617,2233926,1904926.9666666666
"2021-06-21 00:00:00",276638,768063,23764,5792,916843,2210098.8666666667,1892430.5333333334
"2021-06-22 00:00:00",209544,607202,9208,15884,919189,2211016.066666667,1904806.0666666667
"2021-06-23 00:00:00",372304,762640,48270,3751,1064061,2209646.3,1903503.6666666667
"2021-06-24 00:00:00",378799,653895,15203,5882,1347673,2218620.6333333333,1909150.3666666667
"2021-06-25 00:00:00",772516,461518,34547,5144,1262492,2203108.566666667,1927238
"2021-06-26 00:00:00",411812,831211,56378,1190,904106,2213889.033333333,1942966.7
"2021-06-27 00:00:00",250833,630570,21424,6633,1158587,2210684.933333333,1953512.1666666667
"2021-06-28 00:00:00",568869,685581,10367,4056,1231043,2205233.1333333333,1957681.2333333334
"2021-06-29 00:00:00",440664,624128,25467,5426,1038132,2213284.3666666667,1996333.2666666666
"2021-06-30 00:00:00",288258,773389,44661,2023,993712,2224336.2666666666,2008672.8666666667
"2021-07-01 00:00:00",432616,476001,26556,0,1244097,2221288.8,2002833.2
"2021-07-02 00:00:00",279379,672781,6816,391,757679,2187441.933333333,1999172.6
"2021-07-03 00:00:00",351034,1105517,11726,9180,802077,2181741.6666666665,1996593.7333333334
"2021-07-04 00:00:00",80445,632181,13864,749,973982,2155825.4,1999905.9
"2021-07-05 00:00:00",318118,538567,28028,6094,984110,2140675.033333333,1993812.2666666666
"2021-07-06 00:00:00",165041,420541,18062,3941,1144977,2120134.8,2024874.7
"2021-07-07 00:00:00",443915,471931,13653,3293,1521607,2125239.7666666666,2056601.4666666666
"2021-07-08 00:00:00",284593,627004,22073,6837,955841,2107856.7333333334,2058879.2666666666
"2021-07-09 00:00:00",353710,594610,14429,2154,1081285,2112197.8666666667,2049044.8
"2021-07-10 00:00:00",246108,703278,11831,12284,1073331,2086975.6333333333,2043557.8666666667
"2021-07-11 00:00:00",328523,638531,32600,227,951402,2084505.3666666667,2032833.6
"2021-07-12 00:00:00",401474,620229,25771,232,1097683,2068017.6333333333,1988844.3666666667
"2021-07-13 00:00:00",276448,853041,1058,3467,1051032,2072817.0666666667,1993143.6
"2021-07-14 00:00:00",363917,670597,12701,1652,1562161,2093109.5666666667,2007823.2
"2021-07-15 00:00:00",344836,934295,5096,5536,1080412,2106206.7333333334,2014142.8
"2021-07-16 00:00:00",493822,375722,28468,3671,1220017,2114313.3333333335,2026554.3666666667
"2021-07-17 00:00:00",208100,969713,5587,563,1089822,2107959.4,2051804.2333333334
"2021-07-18 00:00:00",128035,434727,21298,4789,411220,2059529.5,2061832.6333333333
"2021-07-19 00:00:00",591332,830400,7101,12010,1330340,2099184.2,2061057.9333333333
"2021-07-20 00:00:00",330615,780729,22005,3984,1157754,2120754.3333333335,2063024.7
"2021-07-21 00:00:00",361463,661432,34568,748,1075985,2125524.2666666666,2052711.3333333333
"2021-07-22 00:00:00",485887,874458,37255,5231,1338810,2158211.5,2037292.7333333334
"2021-07-23 00:00:00",345390,682834,9265,1889,1373771,2163615.6333333333,2045716.0333333334
"2021-07-24 00:00:00",311780,933176,12449,5954,1054242,2160820.433333333,2055341.3333333333
"2021-07-25 00:00:00",248097,338249,21521,535,798154,2123165.066666667,2031121.7
"2021-07-26 00:00:00",399834,500865,13343,1583,929876,2111191.7666666666,2001293.5666666667
"2021-07-27 00:00:00",102089,510030,9168,4024,1130298,2100777.3333333335,2006239.4666666666
"2021-07-28 00:00:00",202846,541322,34594,5000,929862,2074567.6333333333,2034451.9333333333
"2021-07-29 00:00:00",398235,839379,27795,2893,952303,2077460.5666666667,2010858.2333333334
"2021-07-30 00:00:00",253458,702127,38437,3414,924145,2071445.1333333333,2005064.8
"2021-07-31 00:00:00",683511,543381,43393,3619,1397883,2087862.4666666666,2005548.1666666667
"2021-08-01 00:00:00",318734,799246,20125,3260,876812,2097900.1666666665,1997163.6666666667
"2021-08-02 00:00:00",581443,799996,24021,14028,853828,2097693.1,2018023.4
"2021-08-03 00:00:00",394410,701570,35594,4962,915115,2109374.1666666665,2027190.2333333334
"2021-08-04 00:00:00",117445,932005,32854,6665,1105597,2120029.1333333333,2040996.8
"2021-08-05 00:00:00",338529,385857,42373,4083,901215,2117345.8,2022669.1333333333
"2021-08-06 00:00:00",585847,730145,38801,18287,1135315,2119145.8,2003206.7333333334
"2021-08-07 00:00:00",216437,527759,67017,535,952666,2114748,2036190.9
"2021-08-08 00:00:00",115819,603447,374,0,884247,2100004.5,2054774.6333333333
"2021-08-09 00:00:00",594040,894039,38609,13215,792801,2109533.6333333333,2080725.6666666667
"2021-08-10 00:00:00",202146,591383,56225,1162,1052302,2107931.566666667,2072679.5666666667
"2021-08-11 00:00:00",285190,836152,57944,0,1306078,2119263.966666667,2087472.6
"2021-08-12 00:00:00",301351,567457,28840,7741,1250107,2118278.933333333,2100456.1333333333
"2021-08-13 00:00:00",422509,595340,17811,487,1123558,2103234.7666666666,2098458.7333333334
"2021-08-14 00:00:00",602629,748830,29738,3761,1140079,2108396.8666666667,2130849.933333333
"2021-08-15 00:00:00",230276,564872,34821,9686,934095,2096798.4333333333,2159206
"2021-08-16 00:00:00",353446,733832,13057,7634,624404,2078751.3666666667,2148770.533333333
"2021-08-17 00:00:00",287865,565965,34750,4277,1018935,2109142.1333333333,2144847.466666667
"2021-08-18 00:00:00",156264,652916,12430,4005,769268,2069932.0666666667,2152572.8
"2021-08-19 00:00:00",473828,529102,35930,2203,946462,2059680,2146026.2666666666
"2021-08-20 00:00:00",567813,546742,14011,7083,1208312,2066672.0333333334,2160634.3
"2021-08-21 00:00:00",294427,579453,18841,1381,1120907,2042450.8666666667,2176888.033333333
"2021-08-22 00:00:00",162602,610569,10388,2191,1368639,2033825.4333333333,2177978.7
"2021-08-23 00:00:00",364949,430660,37850,2306,941452,2015812.9333333333,2151394.566666667
"2021-08-24 00:00:00",346111,599273,3001,1831,1147119,2038839.0666666667,2151757.033333333
"2021-08-25 00:00:00",238620,770392,29810,1727,946001,2043540.7,2136993.6
"2021-08-26 00:00:00",595138,418342,37301,6205,1422174,2067659.0333333334,2108188.6
"2021-08-27 00:00:00",230104,584627,13743,451,720860,2062197.8,2087365.9333333333
"2021-08-28 00:00:00",363562,342328,16879,5258,997445,2045693.3666666667,2131118.8333333335
"2021-08-29 00:00:00",166571,199719,4005,7269,788564,2020511.5,2126018.3333333335
"2021-08-30 00:00:00",299367,347114,38207,19752,1012154,1988671.7333333334,2117157.033333333
"2021-08-31 00:00:00",418928,423292,18700,1538,1161984,1988880.8333333333,2120482.566666667
"2021-09-01 00:00:00",601332,615619,26792,2081,986780,1987523.6333333333,2130272.7
"2021-09-02 00:00:00",283075,473422,34506,1025,1124568,1983021.7,2117651.5
"2021-09-03 00:00:00",276657,520048,26984,6029,1290005,1980527,2116621.6
"2021-09-04 00:00:00",429166,756919,34944,1285,553019,1983969.4333333333,2103842.4
"2021-09-05 00:00:00",148913,373919,7901,1031,457977,1933347.4333333333,2118484.5
"2021-09-06 00:00:00",205118,439706,20318,2558,1266173,1938996,2103496.4
"2021-09-07 00:00:00",482026,600347,39867,9743,999768,1956591.5666666667,2064874.7666666666
"2021-09-08 00:00:00",270673,656877,52440,1649,741124,1936260.2666666666,2044906.1
"2021-09-09 00:00:00",359292,558669,14193,1162,783133,1930034.6666666667,2048050.9
"2021-09-10 00:00:00",515171,647073,22911,4818,1366796,1932414.9333333333,2063644.8333333333
"2021-09-11 00:00:00",207752,851405,59718,2513,976616,1930498.5666666667,2064034.9
"2021-09-12 00:00:00",213001,650735,37827,6823,876457,1918003.1,2061405.9666666666
"2021-09-13 00:00:00",457487,516014,35831,4917,621195,1888350.0666666667,2021228.8333333333
"2021-09-14 00:00:00",165434,788726,4007,10853,478863,1877487.9333333333,2005463.3666666667
"2021-09-15 00:00:00",396633,713824,5085,183,1164179,1895739.1,1987801.8333333333
"2021-09-16 00:00:00",563638,513080,33244,2740,913656,1899558,1982172.5666666667
"2021-09-17 00:00:00",350135,717917,21707,8895,1728148,1940622,2018608.6333333333
"2021-09-18 00:00:00",150037,815860,24928,7837,830206,1935333.5,2031027.2
"2021-09-19 00:00:00",442725,304742,21289,0,900329,1912837.6,2030699.1
"2021-09-20 00:00:00",343617,806421,46511,2337,983984,1918433.0666666667,1994067.8
"2021-09-21 00:00:00",503450,917490,25365,3948,1278953,1937593.6333333333,1976261.4666666666
"2021-09-22 00:00:00",309021,454193,25587,3740,714739,1928595.5333333334,1973889.1333333333
"2021-09-23 00:00:00",155919,592231,13587,1367,1228551,1925072.8,2002462.6666666667
"2021-09-24 00:00:00",145198,952068,18958,1253,1008893,1929733.4333333333,2058776.2666666666
"2021-09-25 00:00:00",225750,660444,33120,6085,1184102,1917411.5333333334,2101769.966666667
"2021-09-26 00:00:00",391890,716317,6780,4169,859727,1931714.6666666667,2122121.6666666665
"2021-09-27 00:00:00",290436,1274760,14254,15043,1194074,1967151.2666666666,2091625.4
"2021-09-28 00:00:00",304357,669519,55339,3792,864724,1991538.2333333334,2119503.7333333334
"2021-09-29 00:00:00",534776,694908,35516,9282,842784,2004894.0666666667,2112023.6333333333
"2021-09-30 00:00:00",159332,754475,36837,10309,1001629,2002831.8333333333,2132311.7666666666
"2021-10-01 00:00:00",362384,819528,14328,1664,986057,2001210.5,2132905.3
"2021-10-02 00:00:00",383035,1093014,13856,4090,1020232,2021131.6333333333,2133063.4
"2021-10-03 00:00:00",274518,797461,48194,1822,1026014,2022074.4333333333,2139427.7666666666
"2021-10-04 00:00:00",334261,867944,35373,6053,1201793,2044410.7,2131318.033333333
"2021-10-05 00:00:00",578674,856275,9084,4978,1094626,2096207.3,2137696.566666667
"2021-10-06 00:00:00",539249,604890,37834,10978,1150472,2109859.066666667,2156546.7666666666
"2021-10-07 00:00:00",204694,1327698,28699,1264,1326728,2135103.4,2183143
"2021-10-08 00:00:00",356060,1018515,7879,1541,950661,2155499.8666666667,2188659.7
"2021-10-09 00:00:00",332865,734997,27434,3307,1152299,2173314.8333333335,2153541.433333333
"2021-10-10 00:00:00",408582,894980,22244,4727,863045,2161208.466666667,2140554.4
"2021-10-11 00:00:00",191178,646811,38099,10561,786504,2147046.8,2147206.466666667
"2021-10-12 00:00:00",195232,862547,24401,4754,954311,2155593.6666666665,2155970.033333333
"2021-10-13 00:00:00",337846,548708,36608,7756,1254205,2173916.1333333333,2176014.966666667
"2021-10-14 00:00:00",367856,993367,21351,4215,1057273,2207122.066666667,2188307.9
"2021-10-15 00:00:00",566285,974312,43778,1480,905678,2214176.2333333334,2203200.933333333
"2021-10-16 00:00:00",394374,985298,24184,1605,905437,2223660.8666666667,2214457.1
"2021-10-17 00:00:00",167695,767403,10664,493,954455,2192791.033333333,2169603.2666666666
"2021-10-18 00:00:00",474095,1387042,13248,15925,960612,2226859.5,2176108.033333333
"2021-10-19 00:00:00",548870,1027256,20646,643,1585937,2277335.1,2184765.466666667
"2021-10-20 00:00:00",216503,770984,45505,9218,1022500,2273396.4,2227357.933333333
"2021-10-21 00:00:00",337578,1060929,15238,11376,1092616,2266347.466666667,2245975.6666666665
"2021-10-22 00:00:00",352586,833940,41387,3272,1250672,2298833.433333333,2264650.033333333
"2021-10-23 00:00:00",388444,764194,35946,8829,1166835,2311253.3333333335,2271269.433333333
"2021-10-24 00:00:00",269022,857906,48224,7300,688845,2302750.9,2252956.5
"2021-10-25 00:00:00",433834,1157387,35190,7937,1011232,2320620.1,2231955.3333333335
"2021-10-26 00:00:00",191005,885184,8517,7589,1131724,2328791.466666667,2248591.1666666665
"2021-10-27 00:00:00",268690,838994,24910,4368,755704,2298927.966666667,2243424.2
"2021-10-28 00:00:00",453987,996242,31596,6565,854581,2313769.2333333334,2209153.066666667
"2021-10-29 00:00:00",311796,926581,15055,12323,566091,2304255.1666666665,2220854.2666666666
"2021-10-30 00:00:00",323048,947856,13838,1091,1657441,2336944.966666667,2228457.3333333335
"2021-10-31 00:00:00",364733,856157,33583,1016,1122083,2343398.466666667,2217102.033333333
"2021-11-01 00:00:00",200109,1192218,21579,6754,1352958,2352044.6666666665,2215771.2
"2021-11-02 00:00:00",424076,1104151,19052,9432,995726,2365525.6,2215260
"2021-11-03 00:00:00",319751,782722,29580,1018,1053666,2356902.7,2217663.3333333335
"2021-11-04 00:00:00",517055,958490,8379,1649,1027731,2355891.533333333,2229397.2333333334
"2021-11-05 00:00:00",507334,496005,34921,8618,1464773,2361499.1666666665,2226269.6
"2021-11-06 00:00:00",788973,1190534,39307,3363,1210991,2372968.7333333334,2222863.6666666665
"2021-11-07 00:00:00",178718,933209,8553,685,1237716,2373776.066666667,2221562.4
"2021-11-08 00:00:00",622512,746542,53287,24138,815000,2374128.7333333334,2272423.2666666666
"2021-11-09 00:00:00",247321,1032056,13465,7525,1042420,2379102.3666666667,2274024.9
"2021-11-10 00:00:00",344139,1519621,33492,1203,1019925,2420609.933333333,2268453.1
"2021-11-11 00:00:00",305023,800530,7159,5773,1461086,2438554.066666667,2259460.7333333334
"2021-11-12 00:00:00",377582,726426,34417,1890,1362200,2449133.8333333335,2256233.7
"2021-11-13 00:00:00",194995,839448,35155,7019,1304600,2447039.2333333334,2255784.4
"2021-11-14 00:00:00",349202,983338,52195,1278,918982,2440821.3,2266094.066666667
"2021-11-15 00:00:00",337310,985344,4350,5098,1349314,2453171.8666666667,2243616
"2021-11-16 00:00:00",207981,862787,3374,1871,1075115,2461519.066666667,2283900.3
"2021-11-17 00:00:00",299956,1188710,17792,1607,1069958,2452422.2333333334,2293315.7333333334
"2021-11-18 00:00:00",415914,843926,42661,2116,1159749,2428456.033333333,2277820.933333333
"2021-11-19 00:00:00",481742,1026366,12031,7441,1157483,2449134.3,2295686.8333333335
"2021-11-20 00:00:00",505863,1031208,38722,60,710062,2441407.066666667,2317573
"2021-11-21 00:00:00",190398,424241,1027,5924,1728094,2437001.1,2309896.7666666666
"2021-11-22 00:00:00",375333,571514,49280,7719,1060732,2427011.8666666667,2285853.2666666666
"2021-11-23 00:00:00",189444,968375,32341,14285,857619,2433370.8333333335,2288381.9
"2021-11-24 00:00:00",171718,887045,15890,8742,1126020,2418832.066666667,2295162.7333333334
"2021-11-25 00:00:00",81311,768182,38241,0,839835,2402283.6,2290101.3666666667
"2021-11-26 00:00:00",568680,839945,20934,12909,915234,2417784.9,2264877.6666666665
"2021-11-27 00:00:00",255809,884029,27958,3135,1056073,2413919.3666666667,2284239.3333333335
"2021-11-28 00:00:00",247454,732579,17850,419,765939,2411665.7333333334,2298813.3666666667
"2021-11-29 00:00:00",258196,1046203,27153,6514,1051627,2393213.1,2274377.566666667
"2021-11-30 00:00:00",352988,1003558,6647,6805,1207797,2399887.3333333335,2284191.6333333333
"2021-12-01 00:00:00",185803,1015258,15741,8311,1078528,2384221.6666666665,2288806.966666667
"2021-12-02 00:00:00",345747,747493,37801,369,1017422,2370768.1333333333,2287551.6
"2021-12-03 00:00:00",358637,676135,28818,3718,1249130,2375091.566666667,2274493.5
"2021-12-04 00:00:00",203233,1094275,27548,1680,1640741,2390230.8333333335,2290508.6
"2021-12-05 00:00:00",212814,586981,27581,1435,871007,2363169.566666667,2281997.1
"2021-12-06 00:00:00",259850,779737,24214,3112,1709519,2347944.8333333335,2269497.6666666665
"2021-12-07 00:00:00",340613,965591,14840,8805,1268294,2355920.2666666666,2284281
"2021-12-08 00:00:00",294217,1058562,21161,8100,711049,2350307.3666666667,2277780.533333333
"2021-12-09 00:00:00",319763,811455,13486,7040,1351473,2355655.066666667,2305777.7333333334
"2021-12-10 00:00:00",527603,1040299,38863,289,928443,2342892.2333333334,2330389.6333333333
"2021-12-11 00:00:00",515836,736041,14033,3654,1641952,2353957.033333333,2338310.7333333334
"2021-12-12 00:00:00",152464,730022,6771,9663,1390068,2346839.433333333,2342823.6666666665
"2021-12-13 00:00:00",621360,876376,44910,5091,1136601,2356943.433333333,2330714.2666666666
"2021-12-14 00:00:00",224961,788433,11635,2944,510869,2331404.966666667,2320837.3333333335
"2021-12-15 00:00:00",117415,520909,19752,8212,1571238,2316608.8,2355544.9
"2021-12-16 00:00:00",348263,824626,21992,3152,1087510,2321089.5,2321128.6666666665
"2021-12-17 00:00:00",460860,779470,31875,2963,1178727,2316951.966666667,2314450.1666666665
"2021-12-18 00:00:00",549132,796528,21844,640,496278,2296953.8333333335,2338978.2666666666
"2021-12-19 00:00:00",381408,1164671,24538,6492,1413902,2307152.2333333334,2323665.2333333334
"2021-12-20 00:00:00",340406,1179747,12885,14076,1891342,2345570.2333333334,2303319.6333333333
"2021-12-21 00:00:00",240986,844849,19876,15740,1211121,2344999.9,2335752.1
"2021-12-22 00:00:00",336321,593510,18748,3375,1114471,2345061.566666667,2364708.2
"2021-12-23 00:00:00",243545,911153,16730,2326,1259755,2357443.1,2368244.2
"2021-12-24 00:00:00",280266,851939,6575,2543,883210,2351280.3333333335,2351321.8
"2021-12-25 00:00:00",7530,499868,16045,147,993352,2344259.2666666666,2308047.466666667
"2021-12-26 00:00:00",222628,486443,35208,1219,1029313,2324829.6,2344279.6666666665
"2021-12-27 00:00:00",210927,778412,22828,614,1208164,2324627.6333333333,2346844.3
"2021-12-28 00:00:00",267103,762785,6328,5985,1248005,2342159.7666666666,2357243.066666667
"2021-12-29 00:00:00",440217,1026147,15093,0,1361279,2357261.2,2368224.4
"2021-12-30 00:00:00",180204,790905,13141,2566,1071962,2339960.6,2364615.8333333335
"2021-12-31 00:00:00",235705,674599,9733,1017,626670,2314763.1333333333,2346449.8333333335
"2022-01-01 00:00:00",80606,458675,16899,7713,1218790,2302558.066666667,2324263.3666666667
"2022-01-02 00:00:00",198156,83080,18944,64,934068,2266487.2,2378268.2
"2022-01-03 00:00:00",159396,696480,11013,3144,513239,2213680.033333333,2319491
"2022-01-04 00:00:00",122159,562882,24845,8117,1236503,2222169.7,2305839.533333333
"2022-01-05 00:00:00",407720,850171,4945,0,1309948,2215381.533333333,2322638.3333333335
"2022-01-06 00:00:00",234415,599127,20668,1336,1098910,2193925.3,2337342.2333333334
"2022-01-07 00:00:00",215226,757422,23585,4586,1664731,2213007.3666666667,2321866.3333333335
"2022-01-08 00:00:00",406873,963341,9062,1967,1127861,2213203.533333333,2319028.466666667
"2022-01-09 00:00:00",310987,811945,41927,469,649840,2189192.533333333,2310954.466666667
"2022-01-10 00:00:00",308902,737596,63689,5353,1300674,2172682.5,2294574.3
"2022-01-11 00:00:00",207165,749600,39671,2768,1420698,2177046.2333333334,2285872.8
"2022-01-12 00:00:00",205343,833342,31829,1173,897829,2153218.566666667,2299315.2333333334
"2022-01-13 00:00:00",577110,962289,67378,2776,1444733,2203733.5,2312593.566666667
"2022-01-14 00:00:00",477750,587119,6369,4839,1299474,2208334.066666667,2319603.1333333333
"2022-01-15 00:00:00",137987,1155753,18626,0,618413,2196508.4,2339988.6
"2022-01-16 00:00:00",264661,845827,9082,5347,1122145,2189613.9,2343038.8333333335
"2022-01-17 00:00:00",268263,825794,68303,595,1351903,2211295.2333333334,2320325.8666666667
"2022-01-18 00:00:00",312949,722984,10330,12123,1005583,2180393.8333333335,2315552.3
"2022-01-19 00:00:00",339248,659663,14201,3572,937714,2130924.966666667,2321626.6666666665
"2022-01-20 00:00:00",208984,871794,10080,176,1343809,2134334,2283547.3666666667
"2022-01-21 00:00:00",301983,936182,42903,1256,945348,2139708.9,2251659.466666667
"2022-01-22 00:00:00",161167,768100,43005,490,1279815,2133677.7666666666,2238682.7333333334
"2022-01-23 00:00:00",402708,851797,8768,6238,1010408,2142190.6666666665,2237601.8
"2022-01-24 00:00:00",350154,857291,14663,767,924424,2163202.7,2233767.466666667
"2022-01-25 00:00:00",336746,445806,30378,5042,1263626,2173428.8333333335,2236390.7333333334
"2022-01-26 00:00:00",341523,754869,66099,6887,1454211,2186850.2666666666,2251214.066666667
"2022-01-27 00:00:00",563428,908457,28873,5343,936771,2191939.2333333334,2246097.7
"2022-01-28 00:00:00",193046,546119,3431,472,771663,2147672.3,2252666.1333333333
"2022-01-29 00:00:00",672741,816957,1385,8273,1985600,2195211.466666667,2261163.2
"2022-01-30 00:00:00",379699,743128,38749,4077,1095962,2219008.033333333,2279901.8333333335
"2022-01-31 00:00:00",367545,695921,26409,5405,1178359,2235373.3666666667,2293824.3333333335
"2022-02-01 00:00:00",257664,747246,22430,14026,844503,2257091.966666667,2287983.6666666665
"2022-02-02 00:00:00",273325,673541,11166,2921,342848,2254443.1,2320121.6
"2022-02-03 00:00:00",252415,736524,29383,7809,1125876,2261026.6333333333,2315945.033333333
"2022-02-04 00:00:00",506857,838778,5320,831,995004,2253493.4,2336810.6
"2022-02-05 00:00:00",296271,1169684,10251,414,1013636,2271353.533333333,2316530.4
"2022-02-06 00:00:00",290014,801043,5006,3725,1364710,2264651.566666667,2339985.066666667
"2022-02-07 00:00:00",173298,1105724,52142,4044,1236517,2266738.966666667,2310496.5
"2022-02-08 00:00:00",438046,783357,15710,1234,1374303,2293321.8,2304214.6
"2022-02-09 00:00:00",405979,613330,35962,4586,885896,2277639.9,2302122.466666667
"2022-02-10 00:00:00",256987,852033,1057,13059,1311529,2278132.033333333,2277626.3333333335
"2022-02-11 00:00:00",645799,725923,36257,1573,1012564,2293218.6333333333,2265386.066666667
"2022-02-12 00:00:00",686272,287742,37956,368,1126339,2262698.1333333333,2277607.4
"2022-02-13 00:00:00",197212,970826,14465,5631,456703,2238341.1,2243184.466666667
"2022-02-14 00:00:00",308304,779121,23446,689,1251218,2252741.2,2230476.3333333335
"2022-02-15 00:00:00",164306,647970,8985,9299,881139,2234895.9,2181344.6666666665
"2022-02-16 00:00:00",451563,703709,21726,4167,1175674,2229628.433333333,2129184.933333333
"2022-02-17 00:00:00",336517,644827,23963,1519,1050364,2229402.5,2116980
"2022-02-18 00:00:00",314726,894876,12153,11040,798227,2231956.6666666665,2107977.9
"2022-02-19 00:00:00",296937,861220,33847,1717,1262411,2232666.2,2131692.033333333
"2022-02-20 00:00:00",296594,878904,12804,4754,1327915,2242442.6666666665,2127289.7333333334
"2022-02-21 00:00:00",369787,688428,26674,2254,874229,2232735.966666667,2121428.9
"2022-02-22 00:00:00",220605,662556,32590,7006,958691,2219453.6666666665,2106937.566666667
"2022-02-23 00:00:00",179155,710287,23986,286,559018,2196968.1666666665,2138056.433333333
"2022-02-24 00:00:00",304883,517470,31619,4313,1146711,2194414.7333333334,2150515
"2022-02-25 00:00:00",630799,637895,41357,1690,1399788,2197346.1333333333,2133207.6
"2022-02-26 00:00:00",399781,1091969,50902,2263,1334273,2211890.066666667,2092376.1333333333
"2022-02-27 00:00:00",184466,231858,12741,9561,1165968,2214885.566666667,2065881.7333333334
"2022-02-28 00:00:00",663943,1054891,48061,9277,1485270,2207435.3333333335,2038206.8
"2022-03-01 00:00:00",142775,1031281,23409,10594,1338962,2216948.7,2012521.4333333333
"2022-03-02 00:00:00",223631,1159909,32518,4443,1219066,2229146.4,2043684.2666666666
"2022-03-03 00:00:00",237148,654073,23828,370,1144687,2234954.2666666666,2015449.8
"2022-03-04 00:00:00",564725,950532,42524,7502,1041625,2278391.3666666667,2010628.4666666666
"2022-03-05 00:00:00",492557,587237,10631,599,1586530,2295909.5,2020828.3
"2022-03-06 00:00:00",360546,567244,11121,1209,635763,2270212.7,1997675.3666666667
"2022-03-07 00:00:00",399800,786228,23018,5744,775078,2253533.066666667,1972196.5666666667
"2022-03-08 00:00:00",197166,425694,3319,5579,1117538,2229693.1333333333,1992519
"2022-03-09 00:00:00",217012,796787,23911,4929,1489980,2228389.566666667,1997206.1666666667
"2022-03-10 00:00:00",374306,867915,25600,0,1175422,2222742.8,2001792.5
"2022-03-11 00:00:00",724635,629997,26679,4093,1501777,2254123.6666666665,2028815
"2022-03-12 00:00:00",129223,759251,41538,1205,839295,2231985.3,2057262.8333333333
"2022-03-13 00:00:00",302715,984670,19065,1968,966937,2227093.3,2058724.4
"2022-03-14 00:00:00",339782,416179,70577,5188,1448511,2231812.033333333,2035482.8333333333
"2022-03-15 00:00:00",166362,590488,7622,15745,1006601,2236544.8666666667,2028089.5333333334
"2022-03-16 00:00:00",232978,890907,29919,7226,1135025,2234320.8666666667,2042441.3666666667
"2022-03-17 00:00:00",620305,721169,25377,3107,1344418,2267743.533333333,2097099.6
"2022-03-18 00:00:00",341309,905905,26124,6961,839635,2259846.7666666666,2150312.433333333
"2022-03-19 00:00:00",362310,885166,42371,2133,1451568,2282725.3666666667,2168779
"2022-03-20 00:00:00",593386,1167292,4732,2531,1154956,2312454.6666666665,2158586.033333333
"2022-03-21 00:00:00",458490,690019,17419,496,1224354,2310276.3333333335,2154952.466666667
"2022-03-22 00:00:00",255812,958777,28127,4444,1158973,2306448.5,2170106.966666667
"2022-03-23 00:00:00",229037,545907,9116,4860,981647,2300088.1333333333,2203968.3
"2022-03-24 00:00:00",343940,835284,11632,1961,1545143,2328638.4,2219698.033333333
"2022-03-25 00:00:00",610711,730100,16026,5020,1256748,2366834.2333333334,2217930.933333333
"2022-03-26 00:00:00",440556,966165,25747,1351,1329484,2392111.3,2218816.1666666665
"2022-03-27 00:00:00",527714,594198,34577,319,973908,2372750.7666666666,2221057.966666667
"2022-03-28 00:00:00",210198,650336,38402,3706,1723601,2364319.2666666666,2259117.8333333335
"2022-03-29 00:00:00",356514,550416,22183,8267,1566353,2394290.566666667,2266020.2666666666
"2022-03-30 00:00:00",298946,937471,48001,5481,1595904,2381769.3333333335,2298160.033333333
"2022-03-31 00:00:00",348508,499146,15827,2497,875245,2354909.3666666667,2309663.433333333
"2022-04-01 00:00:00",317163,1223431,21408,77,1035923,2353523.8333333335,2309631.933333333
"2022-04-02 00:00:00",360383,762071,13756,1333,1275379,2365284.4,2309361.1666666665
"2022-04-03 00:00:00",226204,978705,25693,5803,1009849,2353262.566666667,2302019.3
"2022-04-04 00:00:00",412619,1098291,19882,0,1547633,2366624.8666666667,2301546.2333333334
"2022-04-05 00:00:00",155911,792519,9052,13175,788556,2372735.8666666667,2294815.8
"2022-04-06 00:00:00",410565,363941,17658,2901,1299284,2376218.533333333,2317972.2333333334
"2022-04-07 00:00:00",346485,642670,41508,1935,1471545,2401380.1333333333,2283072.2
"2022-04-08 00:00:00",299698,1102396,38547,8583,921056,2395968.966666667,2298185.5
"2022-04-09 00:00:00",305507,525772,55810,57,2050627,2412453.1,2292245.2333333334
"2022-04-10 00:00:00",140480,782025,10510,3075,1057601,2382670.033333333,2258678.066666667
"2022-04-11 00:00:00",272769,546100,26143,187,859676,2380481.966666667,2250684.566666667
"2022-04-12 00:00:00",264181,716701,80780,8484,1359744,2385633.2666666666,2270464.933333333
"2022-04-13 00:00:00",223118,1270847,9690,6534,1340115,2404635.566666667,2277245.066666667
"2022-04-14 00:00:00",733142,453311,44424,3316,524528,2403698.933333333,2283971.8333333335
"2022-04-15 00:00:00",459376,819552,55927,3426,1689921,2428103.8666666667,2254848.533333333
"2022-04-16 00:00:00",174578,919541,18780,1134,1268459,2417040.8666666667,2247342.6666666665
"2022-04-17 00:00:00",419889,818828,24497,208,607409,2408737.433333333,2241461.9
"2022-04-18 00:00:00",491577,683444,20895,3017,1316422,2401130.966666667,2236584.5
"2022-04-19 00:00:00",692010,1152899,49050,2870,1254977,2408761.2666666666,2248639.3
"2022-04-20 00:00:00",130360,542061,53218,5507,1315607,2397293.6666666665,2235191.5
"2022-04-21 00:00:00",303250,829686,56728,3363,1436783,2404749.7,2260871.6666666665
"2022-04-22 00:00:00",266793,861829,27524,2505,1200762,2424378.1,2243465.7333333334
"2022-04-23 00:00:00",242027,620826,38232,291,1620719,2417182.566666667,2252589.566666667
"2022-04-24 00:00:00",221172,852661,21853,4570,932010,2397637.7333333334,2226932.533333333
"2022-04-25 00:00:00",909358,836554,35247,8755,1253285,2406967.5,2208156.466666667
"2022-04-26 00:00:00",267625,558989,34451,6081,1361976,2410247.7333333334,2194333.9
"2022-04-27 00:00:00",376428,513540,44484,817,1289568,2396867.433333333,2196728.1666666665
"2022-04-28 00:00:00",794298,561718,17676,12562,1051286,2394661.1666666665,2224658.7666666666
"2022-04-29 00:00:00",551603,601185,58271,4434,1326737,2383208.6666666665,2196800.8333333335
"2022-04-30 00:00:00",236630,896537,13184,10825,960884,2395770.033333333,2215777.5
"2022-05-01 00:00:00",409168,664416,31469,5261,1355969,2391379.533333333,2195151.466666667
"2022-05-02 00:00:00",233720,836892,31741,7074,1110320,2384940.2666666666,2199613.4
"2022-05-03 00:00:00",380350,853662,18838,7850,1367753,2397680.066666667,2199757.533333333
"2022-05-04 00:00:00",110583,482594,51727,2756,1076779,2352547.3666666667,2177197.533333333
"2022-05-05 00:00:00",426975,953238,7061,1175,1071675,2375911.1333333333,2187726.6
"2022-05-06 00:00:00",463722,592178,48256,5791,1478544,2392382.533333333,2182284.8
"2022-05-07 00:00:00",265466,993790,11317,1300,1065530,2386824.433333333,2188666.8333333335
"2022-05-08 00:00:00",252810,333727,26988,2240,931034,2359374.7666666666,2189779.966666667
"2022-05-09 00:00:00",474869,837999,15216,7257,1252244,2347701.933333333,2169259.466666667
"2022-05-10 00:00:00",206559,947918,37356,4206,951730,2352837.8666666667,2197269
"2022-05-11 00:00:00",316078,989263,22886,510,1839707,2401623.566666667,2194443.433333333
"2022-05-12 00:00:00",659673,722906,34050,227,932335,2398933.566666667,2179966.2333333334
"2022-05-13 00:00:00",474425,817491,37539,77,1520729,2398932.066666667,2188069.9
"2022-05-14 00:00:00",441014,757900,22153,455,1050819,2416052.6333333333,2203909.6
"2022-05-15 00:00:00",248025,682643,25617,6188,896937,2377092.6,2208572.566666667
"2022-05-16 00:00:00",315004,1003384,12558,11437,1548136,2394026.7666666666,2206601.8666666667
"2022-05-17 00:00:00",466955,868305,43335,10368,1040426,2412645.4,2205928.4
"2022-05-18 00:00:00",185017,771114,51716,909,1178719,2401716.066666667,2187897.1
"2022-05-19 00:00:00",791366,1085933,9229,3572,1404449,2406474.1666666665,2195254.7
"2022-05-20 00:00:00",550550,677872,40749,1310,1211600,2420985.3666666667,2217730.3666666667
"2022-05-21 00:00:00",220426,755282,55472,33,1306051,2411233.7333333334,2178785.9
"2022-05-22 00:00:00",314427,562989,46338,620,633027,2384499.966666667,2191706.2666666666
"2022-05-23 00:00:00",205655,888046,31566,8507,1657551,2393474.3333333335,2171967.966666667
"2022-05-24 00:00:00",433681,658467,34007,1130,1110915,2400339,2190199.3666666667
"2022-05-25 00:00:00",157195,1042638,38932,8854,1364926,2385983.8666666667,2183884.9
"2022-05-26 00:00:00",551128,609025,31868,2391,1382325,2397571.2333333334,2224015.933333333
"2022-05-27 00:00:00",226331,971890,43434,7100,1088244,2401310,2203241.6666666665
"2022-05-28 00:00:00",480045,714740,35428,2146,1638988,2415770.1666666665,2185825.033333333
"2022-05-29 00:00:00",341103,578393,27498,3883,1332928,2407155.8,2213817.8333333335
"2022-05-30 00:00:00",341818,901523,16686,2927,1259185,2420625,2201458.6666666665
"2022-05-31 00:00:00",227969,690866,22282,4193,1443824,2418053.1,2186872.2666666666
"2022-06-01 00:00:00",282326,720343,28007,3073,1046610,2413407,2187215.2666666666
"2022-06-02 00:00:00",368760,666308,22863,387,1464620,2409889.8666666667,2210653.1666666665
"2022-06-03 00:00:00",315861,393075,28626,3882,1316005,2420990.033333333,2248476.8666666667
"2022-06-04 00:00:00",210196,596240,34653,266,953908,2398828,2249487.7333333334
"2022-06-05 00:00:00",237315,698231,20418,6749,967335,2376879.6666666665,2262035.7
"2022-06-06 00:00:00",166486,1269688,49389,9193,1038952,2383423.2,2260925.4
"2022-06-07 00:00:00",523671,654813,45967,448,725387,2396873,2257122.433333333
"2022-06-08 00:00:00",150062,670339,21688,60,1668681,2394314.3,2274899.3333333335
"2022-06-09 00:00:00",357042,670505,30852,2399,1165928,2396946.1333333333,2259756.3666666667
"2022-06-10 00:00:00",478237,730689,13018,7834,1320186,2376330.2,2283893.6666666665
"2022-06-11 00:00:00",564472,724455,28322,283,1087959,2378206.8,2273822.966666667
"2022-06-12 00:00:00",180456,708890,21790,291,1092317,2349989.6,2279359.933333333
"2022-06-13 00:00:00",244241,714532,46749,2993,1432908,2355625.8,2265200.066666667
"2022-06-14 00:00:00",550096,605724,20300,946,1182512,2372298.1666666665,2269744.966666667
"2022-06-15 00:00:00",243322,898200,33429,283,1141479,2353171.2333333334,2249965.9
"2022-06-16 00:00:00",370998,850285,4747,4323,1078251,2349145.1,2247959.1
"2022-06-17 00:00:00",682494,457825,47656,589,1243789,2357307.6666666665,2270681.466666667
"2022-06-18 00:00:00",570601,754788,20235,6887,1311078,2336275.6666666665,2275214.433333333
"2022-06-19 00:00:00",343055,853029,56557,33,1279179,2337934.5,2240519.4
"2022-06-20 00:00:00",171167,841427,21764,2400,626394,2315464.2,2233926
"2022-06-21 00:00:00",380357,710088,22871,10478,1275921,2343541.2333333334,2210098.8666666667
"2022-06-22 00:00:00",344622,582199,21048,5921,1636814,2336850.6666666665,2211016.066666667
"2022-06-23 00:00:00",496111,1089249,17292,1680,1776276,2374930.966666667,2209646.3
"2022-06-24 00:00:00",160568,679576,50738,3082,1134860,2355473.566666667,2218620.6333333333
"2022-06-25 00:00:00",391015,411894,20746,227,1405732,2343902.6333333333,2203108.566666667
"2022-06-26 00:00:00",172125,629912,38375,5476,894628,2324019.8333333335,2213889.033333333
"2022-06-27 00:00:00",445791,763665,26874,12791,1076794,2305838.6666666665,2210684.933333333
"2022-06-28 00:00:00",326780,804286,34586,14178,1021955,2303104.7333333334,2205233.1333333333
"2022-06-29 00:00:00",358940,524440,20263,10020,1643147,2304260.533333333,2213284.3666666667
"2022-06-30 00:00:00",322077,734126,6249,1394,1454648,2308572.533333333,2224336.2666666666
"2022-07-01 00:00:00",426526,519310,78852,1321,1122730,2310851.8333333335,2221288.8
"2022-07-02 00:00:00",365854,544891,12575,3429,900636,2287666.6666666665,2187441.933333333
"2022-07-03 00:00:00",82578,702195,11765,5321,1030145,2280151.7666666666,2181741.6666666665
"2022-07-04 00:00:00",123657,462590,18504,8410,717039,2264649.6,2155825.4
"2022-07-05 00:00:00",302824,649915,53587,5697,1009799,2267709,2140675.033333333
"2022-07-06 00:00:00",226726,664229,25305,7405,1429594,2261694.033333333,2120134.8
"2022-07-07 00:00:00",319028,430988,21003,1565,1233566,2263556.1,2125239.7666666666
"2022-07-08 00:00:00",285596,855982,56810,3526,1227035,2260826.9,2107856.7333333334
"2022-07-09 00:00:00",158405,586779,45550,4096,1551930,2264828.1333333333,2112197.8666666667
"2022-07-10 00:00:00",722553,479610,16913,56,905557,2250652.1666666665,2086975.6333333333
"2022-07-11 00:00:00",350600,835917,17445,1189,1069028,2246275.1666666665,2084505.3666666667
"2022-07-12 00:00:00",200684,434705,729,12656,935036,2232277.2,2068017.6333333333
"2022-07-13 00:00:00",166199,708228,34222,2354,1449335,2229574.2,2072817.0666666667
"2022-07-14 00:00:00",192954,674191,34548,260,673115,2203423.7666666666,2093109.5666666667
"2022-07-15 00:00:00",388934,556933,14583,77,1754682,2216707.1,2106206.7333333334
"2022-07-16 00:00:00",594110,588319,49048,5078,1128634,2218593.1,2114313.3333333335
"2022-07-17 00:00:00",110255,507756,14504,906,1252161,2200367.3,2107959.4
"2022-07-18 00:00:00",268769,393985,14955,3758,1466570,2183182.1666666665,2059529.5
"2022-07-19 00:00:00",194247,744787,12759,10428,1179765,2170186.6666666665,2099184.2
"2022-07-20 00:00:00",171778,770225,25351,756,1632231,2201426.1,2120754.3333333335
"2022-07-21 00:00:00",210393,694735,33762,2475,814773,2179973.566666667,2125524.2666666666
"2022-07-22 00:00:00",492173,796974,15045,2862,1296413,2180402.2666666666,2158211.5
"2022-07-23 00:00:00",471030,748369,22707,1090,1398420,2155769,2163615.6333333333
"2022-07-24 00:00:00",835919,391030,38034,3253,1465408,2179263,2160820.433333333
"2022-07-25 00:00:00",311639,863373,52660,4760,1199022,2185990.9,2123165.066666667
"2022-07-26 00:00:00",318515,857591,36579,14691,1368427,2214500.6333333333,2111191.7666666666
"2022-07-27 00:00:00",347074,541545,45906,12907,939065,2199853.4,2100777.3333333335
"2022-07-28 00:00:00",446975,517506,49711,10698,1353094,2205726.7,2074567.6333333333
"2022-07-29 00:00:00",422833,554360,24627,2693,1295500,2197166.8333333335,2077460.5666666667
"2022-07-30 00:00:00",195341,855507,26253,5175,1521341,2200004.466666667,2071445.1333333333
"2022-07-31 00:00:00",229671,473846,16836,6123,1019211,2186569.2333333334,2087862.4666666666
"2022-08-01 00:00:00",158913,992119,54648,12618,1240451,2207614.7333333334,2097900.1666666665
"2022-08-02 00:00:00",346883,800187,74179,5456,769501,2213088.2666666666,2097693.1
"2022-08-03 00:00:00",554449,626233,26962,1810,1607548,2262648.5,2109374.1666666665
"2022-08-04 00:00:00",230116,777946,21739,17356,1325304,2274336.433333333,2120029.1333333333
"2022-08-05 00:00:00",451146,699407,2532,6619,1291726,2277608.7666666666,2117345.8
"2022-08-06 00:00:00",272424,601569,11978,549,1103731,2277078.6666666665,2119145.8
"2022-08-07 00:00:00",432434,750591,48646,9005,1073170,2273242,2114748
"2022-08-08 00:00:00",1120020,804226,37456,4186,1527347,2311457.966666667,2100004.5
"2022-08-09 00:00:00",526581,761014,14340,1651,858055,2312689.933333333,2109533.6333333333
"2022-08-10 00:00:00",214043,634474,2133,314,1182266,2304658.2333333334,2107931.566666667
"2022-08-11 00:00:00",345047,1003779,10133,4094,1194540,2337117.8333333335,2119263.966666667
"2022-08-12 00:00:00",323195,1111142,50036,5604,1170791,2347132.3666666667,2118278.933333333
"2022-08-13 00:00:00",301568,509752,29054,129,1085846,2358842,2103234.7666666666
"2022-08-14 00:00:00",394484,482475,13516,103,1603772,2351480,2108396.8666666667
"2022-08-15 00:00:00",250227,760771,29600,10821,1514456,2358169.6333333333,2096798.4333333333
"2022-08-16 00:00:00",78981,664652,23447,1493,1197291,2360845.7666666666,2078751.3666666667
"2022-08-17 00:00:00",276854,693392,25681,1529,1488799,2372119.6333333333,2109142.1333333333
"2022-08-18 00:00:00",159647,530460,30662,2916,726028,2349043.8333333335,2069932.0666666667
"2022-08-19 00:00:00",451625,809045,28314,1083,1487066,2354936.966666667,2059680
"2022-08-20 00:00:00",323184,673151,23087,4973,1187801,2370138.8666666667,2066672.0333333334
"2022-08-21 00:00:00",184878,646816,15853,2897,1060067,2347040.2333333334,2042450.8666666667
"2022-08-22 00:00:00",263869,940041,35753,1007,1210827,2340703.1666666665,2033825.4333333333
"2022-08-23 00:00:00",317752,932676,43744,8450,1300391,2336348.9,2015812.9333333333
"2022-08-24 00:00:00",206132,956372,41074,1886,968557,2327767.8,2038839.0666666667
"2022-08-25 00:00:00",293596,742188,14202,6003,1010997,2310140.433333333,2043540.7
"2022-08-26 00:00:00",957835,1126949,41872,208,765669,2343675.066666667,2067659.0333333334
"2022-08-27 00:00:00",197034,419787,7098,360,1147663,2323473.533333333,2062197.8
"2022-08-28 00:00:00",242401,690573,13290,3743,1173845,2317601.533333333,2045693.3666666667
"2022-08-29 00:00:00",575915,362590,30446,3504,868255,2292171.1333333333,2020511.5
"2022-08-30 00:00:00",248595,657431,47230,18668,1288892,2309342.3333333335,1988671.7333333334
"2022-08-31 00:00:00",158996,584855,44095,5426,1158405,2292443.3,1988880.8333333333
"2022-09-01 00:00:00",302567,638908,23108,5273,1077594,2294151.466666667,1987523.6333333333
"2022-09-02 00:00:00",489621,575538,41051,4734,993387,2270395.8333333335,1983021.7
"2022-09-03 00:00:00",502842,751906,7158,985,1235788,2274602.966666667,1980527
"2022-09-04 00:00:00",319716,630232,24470,0,1405513,2272219.6,1983969.4333333333
"2022-09-05 00:00:00",113137,377743,27841,5107,1445425,2271519.7,1933347.4333333333
"2022-09-06 00:00:00",327952,776084,34559,3161,891037,2262151.1333333333,1938996
"2022-09-07 00:00:00",216795,752109,36486,794,941421,2210630.066666667,1956591.5666666667
"2022-09-08 00:00:00",506936,762866,33460,1660,1072699,2217829.3666666667,1936260.2666666666
"2022-09-09 00:00:00",297664,787276,7788,7547,1437075,2234633.433333333,1930034.6666666667
"2022-09-10 00:00:00",132237,1067061,27713,385,966832,2222521.2,1932414.9333333333
"2022-09-11 00:00:00",374257,581266,45010,6889,778634,2193363.966666667,1930498.5666666667
"2022-09-12 00:00:00",286479,459374,27357,2309,1145142,2193174.2333333334,1918003.1
"2022-09-13 00:00:00",254664,888212,47931,14056,1235550,2191376.566666667,1888350.0666666667
"2022-09-14 00:00:00",241013,427741,22779,2704,1173754,2168113.7,1877487.9333333333
"2022-09-15 00:00:00",336013,855429,27761,766,1432547,2191001.966666667,1895739.1
"2022-09-16 00:00:00",497505,527344,27969,9118,1628235,2197799.2333333334,1899558
"2022-09-17 00:00:00",237026,751637,56952,4200,1192236,2224210.6,1940622
"2022-09-18 00:00:00",360409,857233,26966,770,1183052,2212587.2666666666,1935333.5
"2022-09-19 00:00:00",292834,774014,28011,379,1660380,2230701.2666666666,1912837.6
"2022-09-20 00:00:00",339901,750823,27070,444,1089078,2240594.8,1918433.0666666667
"2022-09-21 00:00:00",288471,625680,6964,864,1350903,2234640.9,1937593.6333333333
"2022-09-22 00:00:00",581531,470229,35281,208,1114009,2221248.966666667,1928595.5333333334
"2022-09-23 00:00:00",273741,695736,19263,3061,1333759,2226300.3333333335,1925072.8
"2022-09-24 00:00:00",182143,876829,32041,8951,1690024,2250400.4,1929733.4333333333
"2022-09-25 00:00:00",475025,469758,6948,5771,1134958,2223731.066666667,1917411.5333333334
"2022-09-26 00:00:00",193683,640680,10157,404,1223296,2233607.1,1931714.6666666667
"2022-09-27 00:00:00",558474,785534,5509,7998,1394752,2254554.2,1967151.2666666666
"2022-09-28 00:00:00",277812,982416,12875,2402,1617192,2289620.433333333,1991538.2333333334
"2022-09-29 00:00:00",224310,835316,8153,7258,1551049,2301795.933333333,2004894.0666666667
"2022-09-30 00:00:00",214746,615674,10255,491,713562,2288560.933333333,2002831.8333333333
"2022-10-01 00:00:00",340963,765486,47873,6720,1172545,2298098.8333333335,2001210.5
"2022-10-02 00:00:00",245002,626580,56488,1088,1213511,2299376.7333333334,2021131.6333333333
"2022-10-03 00:00:00",87655,804609,24708,8674,798632,2273563.466666667,2022074.4333333333
"2022-10-04 00:00:00",471109,633126,29687,1452,1004605,2265565.3,2044410.7
"2022-10-05 00:00:00",309984,1126019,8913,567,1705003,2304939.8,2096207.3
"2022-10-06 00:00:00",410516,859430,11050,263,971971,2312287.6,2109859.066666667
"2022-10-07 00:00:00",410760,666381,24051,8977,1173983,2323505.933333333,2135103.4
"2022-10-08 00:00:00",339364,802908,8065,0,1619344,2336574.466666667,2155499.8666666667
"2022-10-09 00:00:00",218973,538394,9024,3935,888690,2307296.6,2173314.8333333335
"2022-10-10 00:00:00",217971,606982,7869,5146,1380248,2308096.3333333335,2161208.466666667
"2022-10-11 00:00:00",221344,1109247,24087,6494,782118,2320004.1666666665,2147046.8
"2022-10-12 00:00:00",269972,1144853,50467,3767,783018,2331051.2666666666,2155593.6666666665
"2022-10-13 00:00:00",470499,629160,13582,1397,1590151,2339863.533333333,2173916.1333333333
"2022-10-14 00:00:00",747899,818363,20850,2563,1258648,2372541.3666666667,2207122.066666667
"2022-10-15 00:00:00",345176,980331,62137,5593,1442322,2378642.966666667,2214176.2333333334
"2022-10-16 00:00:00",174738,896549,28236,7622,1008239,2359483.3666666667,2223660.8666666667
"2022-10-17 00:00:00",435705,864361,31221,1516,1089041,2365476.4,2192791.033333333
"2022-10-18 00:00:00",416232,751689,17453,1170,799376,2350726.066666667,2226859.5
"2022-10-19 00:00:00",225986,918787,11006,1275,1656287,2352650.3333333335,2277335.1
"2022-10-20 00:00:00",599653,806167,31107,263,863775,2355772.066666667,2273396.4
"2022-10-21 00:00:00",304921,1227992,55403,3892,1426626,2380637.2333333334,2266347.466666667
"2022-10-22 00:00:00",214939,965352,15626,4326,1158192,2385876.433333333,2298833.433333333
"2022-10-23 00:00:00",232762,625303,24811,3614,1309885,2381570.2333333334,2311253.3333333335
"2022-10-24 00:00:00",402463,666380,27190,4646,1218676,2365882.533333333,2302750.9
"2022-10-25 00:00:00",111659,710713,18824,16953,953142,2356510.2666666666,2320620.1
"2022-10-26 00:00:00",578791,716736,40400,487,1097693,2368706.433333333,2328791.466666667
"2022-10-27 00:00:00",280650,1085131,23562,6675,1080241,2359506.1666666665,2298927.966666667
"2022-10-28 00:00:00",218353,965843,10346,3719,1457616,2351612.1666666665,2313769.2333333334
"2022-10-29 00:00:00",479973,823369,47511,4644,1026034,2343460.3666666667,2304255.1666666665
"2022-10-30 00:00:00",324450,729928,20572,2571,1334071,2372022.6,2336944.966666667
"2022-10-31 00:00:00",626956,988821,51568,3593,824498,2377417.466666667,2343398.466666667
"2022-11-01 00:00:00",219789,853315,8651,8737,1155388,2380857.6666666665,2352044.6666666665
"2022-11-02 00:00:00",258194,866638,27715,4898,1154551,2400448.4,2365525.6
"2022-11-03 00:00:00",605408,967013,38466,56,1391759,2429205.7,2356902.7
"2022-11-04 00:00:00",567517,651432,26380,227,1554339,2417519.3666666667,2355891.533333333
"2022-11-05 00:00:00",323137,933940,4641,11309,1498758,2434804.7666666666,2361499.1666666665
"2022-11-06 00:00:00",70678,572587,33198,2152,928781,2412245.933333333,2372968.7333333334
"2022-11-07 00:00:00",306365,660374,10450,2259,928094,2383508.033333333,2373776.066666667
"2022-11-08 00:00:00",218810,746802,27337,7867,2020710,2428925.1666666665,2374128.7333333334
"2022-11-09 00:00:00",333873,819913,1012,359,767658,2419078.3333333335,2379102.3666666667
"2022-11-10 00:00:00",210193,1111903,31407,524,1403923,2439567,2420609.933333333
"2022-11-11 00:00:00",401156,946049,12165,1757,1306461,2453417.466666667,2438554.066666667
"2022-11-12 00:00:00",438158,850678,17534,1618,1262907,2448954.533333333,2449133.8333333335
"2022-11-13 00:00:00",411941,399095,7132,5509,1268557,2423751.5,2447039.2333333334
"2022-11-14 00:00:00",113523,636615,21307,3590,1149798,2393393.8,2440821.3
"2022-11-15 00:00:00",389896,936227,16247,3299,911499,2398120,2453171.8666666667
"2022-11-16 00:00:00",728892,1118754,12710,6841,1579656,2432286.9,2461519.066666667
"2022-11-17 00:00:00",323744,1173060,32771,775,772775,2442860.466666667,2452422.2333333334
"2022-11-18 00:00:00",632436,772850,56349,1724,1431579,2445580.3333333335,2428456.033333333
"2022-11-19 00:00:00",290696,687378,58764,1773,954727,2435326.033333333,2449134.3
"2022-11-20 00:00:00",361053,737535,10772,3708,1208499,2412083.6333333333,2441407.066666667
"2022-11-21 00:00:00",375527,820849,10027,1505,1215747,2414257.8,2437001.1
"2022-11-22 00:00:00",494708,883989,23225,14444,1719513,2445574.8,2427011.8666666667
"2022-11-23 00:00:00",237628,928583,18680,4979,1534856,2459087.3666666667,2433370.8333333335
"2022-11-24 00:00:00",135967,411766,4275,274,989980,2450119.6333333333,2418832.066666667
"2022-11-25 00:00:00",608098,654713,53297,1029,1658027,2468154.933333333,2402283.6
"2022-11-26 00:00:00",374214,813432,20549,1257,1026340,2460139.3333333335,2417784.9
"2022-11-27 00:00:00",213759,868162,6315,5229,1426713,2455616.066666667,2413919.3666666667
"2022-11-28 00:00:00",421879,928160,14117,77,974946,2454204.3666666667,2411665.7333333334
"2022-11-29 00:00:00",366788,697803,13864,647,557165,2428360.1666666665,2393213.1
"2022-11-30 00:00:00",246673,1021311,28184,656,2001736,2455131.033333333,2399887.3333333335
"2022-12-01 00:00:00",251327,725383,20105,3641,1099345,2450261.8,2384221.6666666665
"2022-12-02 00:00:00",350390,573200,31806,5951,937408,2436487.1,2370768.1333333333
"2022-12-03 00:00:00",325978,754781,9025,4760,516806,2390108.6666666665,2375091.566666667
"2022-12-04 00:00:00",320116,549188,5862,6675,1148287,2364449.8,2390230.8333333335
"2022-12-05 00:00:00",208985,568639,39665,5697,1180717,2338846.9,2363169.566666667
"2022-12-06 00:00:00",466754,1003577,56716,11046,1596891,2389766.7666666666,2347944.8333333335
"2022-12-07 00:00:00",183713,727008,10420,3922,886245,2386559.1,2355920.2666666666
"2022-12-08 00:00:00",243836,1048797,18307,7750,1398822,2376425.2333333334,2350307.3666666667
"2022-12-09 00:00:00",225649,739051,19774,485,1371242,2390871.6,2355655.066666667
"2022-12-10 00:00:00",544120,1295936,11087,4255,1168215,2399726.966666667,2342892.2333333334
"2022-12-11 00:00:00",443161,1033609,39275,1888,1309829,2405066.1666666665,2353957.033333333
"2022-12-12 00:00:00",394464,696490,40195,5097,1199487,2397227.4,2346839.433333333
"2022-12-13 00:00:00",389913,1227194,4265,7084,992113,2414838.7,2356943.433333333
"2022-12-14 00:00:00",364920,865015,13987,1833,1402468,2438951.933333333,2331404.966666667
"2022-12-15 00:00:00",302855,660967,43310,1157,1590297,2450332.6333333333,2316608.8
"2022-12-16 00:00:00",432195,985418,33780,6196,1046287,2418900.1,2321089.5
"2022-12-17 00:00:00",637114,1074090,19319,1941,1329716,2444202.1333333333,2316951.966666667
"2022-12-18 00:00:00",444980,604072,15600,2002,1140558,2421277.8,2296953.8333333335
"2022-12-19 00:00:00",178733,788058,36727,2876,1048822,2423340.4,2307152.2333333334
"2022-12-20 00:00:00",614509,1112434,11662,20592,570246,2423602.933333333,2345570.2333333334
"2022-12-21 00:00:00",652198,799989,54790,6651,1412007,2440335.6333333333,2344999.9
"2022-12-22 00:00:00",365409,1015519,16434,3654,1245159,2424012.066666667,2345061.566666667
"2022-12-23 00:00:00",159612,398341,14676,2005,1007037,2385909.9,2357443.1
"2022-12-24 00:00:00",106679,443335,35616,283,848662,2382320.466666667,2351280.3333333335
"2022-12-25 00:00:00",48296,355058,3171,584,1002167,2330124.2,2344259.2666666666
"2022-12-26 00:00:00",386189,1013797,30544,2222,752520,2328440.3,2324829.6
"2022-12-27 00:00:00",332084,879782,19951,263,1770438,2344518.1666666665,2324627.6333333333
"2022-12-28 00:00:00",178428,765613,2568,2039,1509997,2348500.3,2342159.7666666666
"2022-12-29 00:00:00",349958,828459,31319,3134,1204124,2374524.6666666665,2357261.2
"2022-12-30 00:00:00",442033,930028,5033,4032,1298596,2353896.6666666665,2339960.6
"2022-12-31 00:00:00",67458,566617,3377,7913,582574,2324834.4,2314763.1333333333
"2023-01-01 00:00:00",26606,560171,9778,359,357422,2293353.5,2302558.066666667
"2023-01-02 00:00:00",477226,653922,50984,4427,1036501,2313743.8333333335,2266487.2
"2023-01-03 00:00:00",158756,627060,20418,12555,1531420,2324413.066666667,2213680.033333333
"2023-01-04 00:00:00",238909,1024845,46287,1838,1224738,2342176.8666666667,2222169.7
"2023-01-05 00:00:00",403562,627444,54345,1597,1024549,2308060.566666667,2215381.533333333
"2023-01-06 00:00:00",404197,828084,28391,489,1631708,2344112.6,2193925.3
"2023-01-07 00:00:00",216002,913235,60832,1014,882492,2322647.966666667,2213007.3666666667
"2023-01-08 00:00:00",166019,667172,25696,100,1255146,2314578.966666667,2213203.533333333
"2023-01-09 00:00:00",321144,988685,26105,3383,1377209,2304342.8666666667,2189192.533333333
"2023-01-10 00:00:00",248744,851143,41517,260,1136300,2286016.1666666665,2172682.5
"2023-01-11 00:00:00",304100,838690,22345,3919,1353148,2292231.8,2177046.2333333334
"2023-01-12 00:00:00",440455,956994,35924,4285,1836189,2314007.6,2153218.566666667
"2023-01-13 00:00:00",302192,822874,4271,794,1129849,2301066.066666667,2203733.5
"2023-01-14 00:00:00",194184,892504,9979,2563,1393819,2297548,2208334.066666667
"2023-01-15 00:00:00",226220,826646,20794,6573,1284438,2292907.933333333,2196508.4
"2023-01-16 00:00:00",318634,771714,11155,1628,1137405,2265519.566666667,2189613.9
"2023-01-17 00:00:00",612712,660061,7998,10873,903810,2265127.7,2211295.2333333334
"2023-01-18 00:00:00",206610,833761,24628,1030,838858,2260116.6,2180393.8333333335
"2023-01-19 00:00:00",298517,1090055,37474,3974,1287950,2273067.5,2130924.966666667
"2023-01-20 00:00:00",957943,1136877,14547,3223,1378867,2291928.1333333333,2134334
"2023-01-21 00:00:00",139829,851664,20882,375,1323497,2281597.033333333,2139708.9
"2023-01-22 00:00:00",348915,749910,28647,36,1215794,2306984.8,2133677.7666666666
"2023-01-23 00:00:00",297592,480221,16071,8627,1520077,2336585.3333333335,2142190.6666666665
"2023-01-24 00:00:00",533467,838316,14571,17667,677562,2358995.6333333333,2163202.7
"2023-01-25 00:00:00",379196,764353,21136,1976,1036932,2359606.3333333335,2173428.8333333335
"2023-01-26 00:00:00",369599,438812,8881,2833,1895795,2350053.2,2186850.2666666666
"2023-01-27 00:00:00",572692,646652,25286,1692,1422016,2357043.1333333333,2191939.2333333334
"2023-01-28 00:00:00",353784,984865,36775,3177,1358466,2367712.1333333333,2147672.3
"2023-01-29 00:00:00",157525,995554,10905,1380,1033521,2351684.2666666666,2195211.466666667
"2023-01-30 00:00:00",443787,638471,4972,902,780251,2373032.5,2219008.033333333
"2023-01-31 00:00:00",328212,580804,15873,10972,747182,2397322.8666666667,2235373.3666666667
"2023-02-01 00:00:00",226484,882835,5306,3892,1117230,2397745.8666666667,2257091.966666667
"2023-02-02 00:00:00",256650,898953,21178,5827,1145490,2397009.1333333333,2254443.1
"2023-02-03 00:00:00",348403,877279,30678,345,1205036,2394513.4,2261026.6333333333
"2023-02-04 00:00:00",324251,920643,40185,266,1240995,2408341.466666667,2253493.4
"2023-02-05 00:00:00",554706,402508,14764,1434,1032227,2378767,2271353.533333333
"2023-02-06 00:00:00",411515,797144,6765,7021,1436393,2398275.8333333335,2264651.566666667
"2023-02-07 00:00:00",331919,826480,56202,5064,1173427,2407574.433333333,2266738.966666667
"2023-02-08 00:00:00",288209,309171,29646,5366,1102137,2374841.033333333,2293321.8
"2023-02-09 00:00:00",336717,831612,22510,6309,1314567,2382632.9,2277639.9
"2023-02-10 00:00:00",315663,903231,13721,1444,897238,2369602.7666666666,2278132.033333333
"2023-02-11 00:00:00",346767,693654,30725,2698,1359207,2341576.2666666666,2293218.6333333333
"2023-02-12 00:00:00",392314,562489,4229,77,848605,2326500.7,2262698.1333333333
"2023-02-13 00:00:00",456627,605521,17178,444,898010,2309325.1333333333,2238341.1
"2023-02-14 00:00:00",365034,996168,20247,8777,1538786,2328136.533333333,2252741.2
"2023-02-15 00:00:00",400173,497657,4695,3507,663953,2305784.7,2234895.9
"2023-02-16 00:00:00",377512,580898,11016,1612,1108093,2301907.3666666667,2229628.433333333
"2023-02-17 00:00:00",471869,589663,35950,5467,1320426,2319190.5,2229402.5
"2023-02-18 00:00:00",223232,966873,30912,2249,1153171,2307806.1666666665,2231956.6666666665
"2023-02-19 00:00:00",328889,646432,40297,4994,864860,2254273.3333333335,2232666.2
"2023-02-20 00:00:00",322657,1202382,41254,2996,1772429,2287789.3333333335,2242442.6666666665
"2023-02-21 00:00:00",404172,562129,31171,2856,1248288,2284633.1666666665,2232735.966666667
"2023-02-22 00:00:00",210663,651164,43189,5436,1568772,2289854.2333333334,2219453.6666666665
"2023-02-23 00:00:00",141100,607565,22528,77,745346,2271022,2196968.1666666665
"2023-02-24 00:00:00",1075456,401592,15112,3244,454049,2262550.6333333333,2194414.7333333334
"2023-02-25 00:00:00",304340,635743,37663,3728,920048,2235403.966666667,2197346.1333333333
"2023-02-26 00:00:00",296997,906462,28388,6229,1221385,2228441.3333333335,2211890.066666667
"2023-02-27 00:00:00",402850,420573,39216,2278,1483208,2215476.433333333,2214885.566666667
"2023-02-28 00:00:00",488979,681051,17842,5945,1178288,2221250.533333333,2207435.3333333335
"2023-03-01 00:00:00",218404,743250,32409,6462,1324877,2236484.5,2216948.7
"2023-03-02 00:00:00",450562,803567,9416,1637,1264346,2264700.566666667,2229146.4
"2023-03-03 00:00:00",292648,835844,17313,3909,1352499,2273582.7666666666,2234954.2666666666
"2023-03-04 00:00:00",485963,663147,28504,864,1318161,2279200.466666667,2278391.3666666667
"2023-03-05 00:00:00",300119,586375,9932,4721,1024923,2261344.533333333,2295909.5
"2023-03-06 00:00:00",284725,713544,3995,1374,1004909,2244084.7333333334,2270212.7
"2023-03-07 00:00:00",289452,620893,23244,2475,876430,2237646.533333333,2253533.066666667
"2023-03-08 00:00:00",197076,599013,21592,3899,927595,2207324.3666666667,2229693.1333333333
"2023-03-09 00:00:00",332966,947659,22139,510,1524288,2221806.7333333334,2228389.566666667
"2023-03-10 00:00:00",455946,910273,54686,5659,1590262,2264550.1666666665,2222742.8
"2023-03-11 00:00:00",232690,563012,21222,3108,1583103,2260930.7,2254123.6666666665
"2023-03-12 00:00:00",340958,304812,47421,5528,989245,2246152.6333333333,2231985.3
"2023-03-13 00:00:00",1089368,694215,3875,3837,1115485,2261943.7666666666,2227093.3
"2023-03-14 00:00:00",301102,693916,51841,14325,1231283,2278102.2,2231812.033333333
"2023-03-15 00:00:00",488095,773812,36211,7322,1467895,2304620.6333333333,2236544.8666666667
"2023-03-16 00:00:00",232727,818018,3734,496,1582421,2294900,2234320.8666666667
"2023-03-17 00:00:00",380492,972992,9841,4156,1056201,2323356.566666667,2267743.533333333
"2023-03-18 00:00:00",445755,749615,36476,5590,1160443,2333981.466666667,2259846.7666666666
"2023-03-19 00:00:00",179010,621767,23117,441,1147601,2318933.3333333335,2282725.3666666667
"2023-03-20 00:00:00",547560,914540,23388,5942,1428425,2337047.2333333334,2312454.6666666665
"2023-03-21 00:00:00",134827,673253,12547,900,1697910,2358179.3666666667,2310276.3333333335
"2023-03-22 00:00:00",413363,528580,38797,1684,1057918,2314799.933333333,2306448.5
"2023-03-23 00:00:00",298935,575128,44230,33,1322335,2314534.7333333334,2300088.1333333333
"2023-03-24 00:00:00",367876,955752,15791,2460,939831,2307951.1,2328638.4
"2023-03-25 00:00:00",410147,509465,33341,4563,1018187,2323253.8666666667,2366834.2333333334
"2023-03-26 00:00:00",513930,1026639,15787,4407,942341,2341708.8666666667,2392111.3
"2023-03-27 00:00:00",449416,625702,26944,3199,939336,2346478.033333333,2372750.7666666666
"2023-03-28 00:00:00",316243,729579,37003,14727,1803469,2361197.033333333,2364319.2666666666
"2023-03-29 00:00:00",201389,663546,50974,6182,1326594,2357882.7333333334,2394290.566666667
"2023-03-30 00:00:00",392949,911922,4271,2592,1466425,2371417.7,2381769.3333333335
"2023-03-31 00:00:00",309739,606574,27714,287,630623,2346402.2,2354909.3666666667
"2023-04-01 00:00:00",196223,451600,40984,5300,1280752,2327913.2666666666,2353523.8333333335
"2023-04-02 00:00:00",310027,662975,30169,3204,1271181,2320424.466666667,2365284.4
"2023-04-03 00:00:00",424815,543000,19870,10103,841688,2298519.2,2353262.566666667
"2023-04-04 00:00:00",469291,820585,23969,5201,1360513,2323635.7333333334,2366624.8666666667
"2023-04-05 00:00:00",305167,598826,18634,901,1156137,2326006.3,2372735.8666666667
"2023-04-06 00:00:00",348483,586210,25582,926,1129520,2335280.6333333333,2376218.533333333
"2023-04-07 00:00:00",611435,601095,17077,147,984444,2350781.3333333335,2401380.1333333333
"2023-04-08 00:00:00",283268,497050,35714,1017,1594218,2336904.7,2395968.966666667
"2023-04-09 00:00:00",97605,582266,23557,1346,775855,2285698,2412453.1
"2023-04-10 00:00:00",234948,960875,9001,2957,1472676,2294942.1333333333,2382670.033333333
"2023-04-11 00:00:00",194048,555581,10137,6357,1369512,2309864.7333333334,2380481.966666667
"2023-04-12 00:00:00",162306,587280,31310,77,1495133,2288842,2385633.2666666666
"2023-04-13 00:00:00",401665,532189,32761,2731,626160,2265610.1,2404635.566666667
"2023-04-14 00:00:00",535793,735575,9582,5669,1213148,2256491.2333333334,2403698.933333333
"2023-04-15 00:00:00",221078,544123,16363,82,1376938,2240530.7333333334,2428103.8666666667
"2023-04-16 00:00:00",202813,686396,16932,5163,1012672,2223873.9,2417040.8666666667
"2023-04-17 00:00:00",414440,770759,38201,3099,1242593,2226247.8,2408737.433333333
"2023-04-18 00:00:00",365580,816795,20047,82,1258557,2242552.2333333334,2401130.966666667
"2023-04-19 00:00:00",570833,710015,28570,3780,1395441,2235511.6666666665,2408761.2666666666
"2023-04-20 00:00:00",467246,821827,13577,6989,1046921,2230082.4,2397293.6666666665
"2023-04-21 00:00:00",536928,816802,33522,82,1486139,2257853.5,2404749.7
"2023-04-22 00:00:00",229460,736678,12489,475,931600,2246854.966666667,2424378.1
"2023-04-23 00:00:00",334737,434503,25288,2170,807347,2224266.066666667,2417182.566666667
"2023-04-24 00:00:00",654155,667144,37971,11740,980271,2236785.5,2397637.7333333334
"2023-04-25 00:00:00",321773,865254,6367,8903,1219245,2234066.7666666666,2406967.5
"2023-04-26 00:00:00",473837,612453,51462,2528,1170824,2242950.433333333,2410247.7333333334
"2023-04-27 00:00:00",424856,340244,50070,6518,1687800,2229898.933333333,2396867.433333333
"2023-04-28 00:00:00",541155,972019,35119,510,929625,2237556.8,2394661.1666666665
"2023-04-29 00:00:00",286287,661218,17041,936,1330862,2221496.3333333335,2383208.6666666665
"2023-04-30 00:00:00",158629,605628,29204,359,1125428,2232973.3333333335,2395770.033333333
"2023-05-01 00:00:00",212898,757326,39041,10971,1062260,2236561.5,2391379.533333333
"2023-05-02 00:00:00",313643,541275,12087,1370,1087956,2225854.1333333333,2384940.2666666666
"2023-05-03 00:00:00",601452,436902,16154,3585,1516915,2250371.8333333335,2397680.066666667
"2023-05-04 00:00:00",519893,673307,32892,1901,991866,2235048.3333333335,2352547.3666666667
"2023-05-05 00:00:00",310580,484506,47210,3577,1668287,2249531.6,2375911.1333333333
"2023-05-06 00:00:00",351262,573373,13017,7618,1097431,2247930.8,2392382.533333333
"2023-05-07 00:00:00",222316,413269,40745,359,1185455,2236195.7666666666,2386824.433333333
"2023-05-08 00:00:00",420182,740546,26311,6491,1475261,2244780.066666667,2359374.7666666666
"2023-05-09 00:00:00",180313,656490,32628,7291,1000482,2257999.2,2347701.933333333
"2023-05-10 00:00:00",103991,700397,23835,7172,1297947,2239761.966666667,2352837.8666666667
"2023-05-11 00:00:00",269344,803658,15266,653,1232909,2245968.5,2401623.566666667
"2023-05-12 00:00:00",444672,560716,43608,143,1281581,2247789.1666666665,2398933.566666667
"2023-05-13 00:00:00",233899,614695,6230,510,1347311,2268027.033333333,2398932.066666667
"2023-05-14 00:00:00",320054,621192,39279,608,1056116,2252609.6666666665,2416052.6333333333
"2023-05-15 00:00:00",336239,874057,10023,1200,1321757,2265432.8,2377092.6
"2023-05-16 00:00:00",308388,968793,14755,5689,1215694,2285077.6,2394026.7666666666
"2023-05-17 00:00:00",188995,811189,25149,1989,1198569,2276970.7666666666,2412645.4
"2023-05-18 00:00:00",195162,977915,11442,4774,1583143,2287349.8,2401716.066666667
"2023-05-19 00:00:00",926502,841606,38919,7329,1437594,2305460.1666666665,2406474.1666666665
"2023-05-20 00:00:00",291266,656581,24887,8146,1003450,2293052.6333333333,2420985.3666666667
"2023-05-21 00:00:00",770696,476769,10562,2531,1046892,2274185.2666666666,2411233.7333333334
"2023-05-22 00:00:00",373001,672542,37403,952,767459,2272207.033333333,2384499.966666667
"2023-05-23 00:00:00",609565,671584,25928,7392,1448135,2310825.6,2393474.3333333335
"2023-05-24 00:00:00",301020,699560,38553,7829,1184684,2306837.7,2400339
"2023-05-25 00:00:00",353578,666135,19168,5515,976161,2293471.433333333,2385983.8666666667
"2023-05-26 00:00:00",577049,749401,41085,3984,1719342,2319463.6666666665,2397571.2333333334
"2023-05-27 00:00:00",387688,743517,39918,2571,662214,2297011.033333333,2401310
"2023-05-28 00:00:00",166190,304980,23545,506,767658,2256492.6,2415770.1666666665
"2023-05-29 00:00:00",302048,1061122,8794,5906,1336437,2270424.7666666666,2407155.8
"2023-05-30 00:00:00",194548,535792,14011,1370,1094353,2267785.7,2420625
"2023-05-31 00:00:00",219576,658153,6120,3109,1091206,2264307.8333333335,2418053.1
"2023-06-01 00:00:00",303082,852075,12699,0,1051163,2273063.966666667,2413407
"2023-06-02 00:00:00",477501,609044,49113,89,904986,2255254.7,2409889.8666666667
"2023-06-03 00:00:00",102996,538820,2868,2631,1542321,2254247.1333333333,2420990.033333333
"2023-06-04 00:00:00",161365,891700,15439,5778,1080507,2242268,2398828
"2023-06-05 00:00:00",138407,1162678,12351,514,752553,2243061.433333333,2376879.6666666665
"2023-06-06 00:00:00",197614,614235,10486,13015,1036502,2243385.066666667,2383423.2
"2023-06-07 00:00:00",161570,388228,41433,5394,1130114,2211983.3666666667,2396873
"2023-06-08 00:00:00",300935,528732,22314,314,1288874,2220782.2666666666,2394314.3
"2023-06-09 00:00:00",292053,438525,2829,5756,1095015,2210810.066666667,2396946.1333333333
"2023-06-10 00:00:00",216363,628336,16567,596,1233292,2203253.966666667,2376330.2
"2023-06-11 00:00:00",488110,1024089,18298,1887,1364974,2222141.8,2378206.8
"2023-06-12 00:00:00",273768,508642,4237,187,1204211,2215088.533333333,2349989.6
"2023-06-13 00:00:00",875149,806282,25721,6380,1256899,2246194.7666666666,2355625.8
"2023-06-14 00:00:00",301375,893259,31051,970,1597172,2255546.7,2372298.1666666665
"2023-06-15 00:00:00",357717,743075,23195,518,1457303,2257829.533333333,2353171.2333333334
"2023-06-16 00:00:00",535904,601092,15059,2711,852518,2250542.6,2349145.1
"2023-06-17 00:00:00",260801,616445,6202,283,1079969,2223584.8666666667,2357307.6666666665
"2023-06-18 00:00:00",568452,882287,11361,5507,1282854,2206868.466666667,2336275.6666666665
"2023-06-19 00:00:00",215529,543840,13133,7701,1084392,2202877.1333333333,2337934.5
"2023-06-20 00:00:00",406737,612938,37504,13471,1136356,2199528.966666667,2315464.2
"2023-06-21 00:00:00",464349,793565,51896,21233,1811136,2242556.533333333,2343541.2333333334
"2023-06-22 00:00:00",421580,619565,16304,2047,1233340,2226897.533333333,2336850.6666666665
"2023-06-23 00:00:00",186825,668196,16778,309,1116108,2218783.2,2374930.966666667
"2023-06-24 00:00:00",371673,615506,16027,1972,1137352,2222849.1666666665,2355473.566666667
"2023-06-25 00:00:00",168849,592899,42368,999,1001393,2180036.966666667,2343902.6333333333
"2023-06-26 00:00:00",231819,797621,10181,2866,1066353,2189134.6,2324019.8333333335
"2023-06-27 00:00:00",335773,709843,23803,5725,1196160,2222748.8666666667,2305838.6666666665
"2023-06-28 00:00:00",472255,504018,46303,13257,1768427,2225747.566666667,2303104.7333333334
"2023-06-29 00:00:00",432855,573033,7060,9952,1084424,2234656.033333333,2304260.533333333
"2023-06-30 00:00:00",352903,617621,41627,6597,1033613,2237129.4,2308572.533333333
"2023-07-01 00:00:00",233248,575119,3397,0,897280,2220130.3666666667,2310851.8333333335
"2023-07-02 00:00:00",142615,654684,7892,5404,1476292,2228335.5,2287666.6666666665
"2023-07-03 00:00:00",695281,830443,8313,1024,832023,2234250.7666666666,2280151.7666666666
"2023-07-04 00:00:00",107653,508855,1300,9205,1287786,2226251.033333333,2264649.6
"2023-07-05 00:00:00",172987,374438,19204,17228,745079,2201665.6,2267709
"2023-07-06 00:00:00",402185,505737,24828,10110,1105054,2207534.3333333335,2261694.033333333
"2023-07-07 00:00:00",150308,799159,19775,2102,1081404,2218401.1666666665,2263556.1
"2023-07-08 00:00:00",164532,565364,21522,6258,1324462,2216433.5,2260826.9
"2023-07-09 00:00:00",392636,415544,9410,3046,880861,2212010.8,2264828.1333333333
"2023-07-10 00:00:00",789349,595657,14483,283,1202382,2228910.8333333335,2250652.1666666665
"2023-07-11 00:00:00",372651,642346,22606,13286,1455602,2215882.1,2246275.1666666665
"2023-07-12 00:00:00",316806,605313,21008,3809,1284868,2223907.3666666667,2232277.2
"2023-07-13 00:00:00",143406,632741,18388,452,1014650,2185214,2229574.2
"2023-07-14 00:00:00",402504,589550,24205,5407,1029019,2159442.3,2203423.7666666666
"2023-07-15 00:00:00",332983,558418,17246,2609,1094967,2140256.2666666666,2216707.1
"2023-07-16 00:00:00",407781,802766,20989,2118,1179979,2153801.2666666666,2218593.1
"2023-07-17 00:00:00",312747,589631,44585,1391,1077047,2155857.8,2200367.3
"2023-07-18 00:00:00",317173,432849,15819,7222,1751650,2148332.8333333335,2183182.1666666665
"2023-07-19 00:00:00",271676,618514,38979,591,1182955,2156603.566666667,2170186.6666666665
"2023-07-20 00:00:00",422137,833991,14012,737,1063080,2160835.1333333333,2201426.1
"2023-07-21 00:00:00",163810,451685,18806,1878,1275342,2119812.933333333,2179973.566666667
"2023-07-22 00:00:00",303087,647312,49988,248,991517,2109790.1666666665,2180402.2666666666
"2023-07-23 00:00:00",131206,538411,15200,359,1108331,2103299.8333333335,2155769
"2023-07-24 00:00:00",336917,587461,51030,187,1093605,2100855.5,2179263
"2023-07-25 00:00:00",444394,815700,6944,855,1608035,2136502.7333333334,2185990.9
"2023-07-26 00:00:00",521377,468843,14608,6647,1187320,2139501.3666666667,2214500.6333333333
"2023-07-27 00:00:00",318230,587826,17785,6756,1716646,2152032.7666666666,2199853.4
"2023-07-28 00:00:00",440473,507832,12978,6510,1392498,2137233.5,2205726.7
"2023-07-29 00:00:00",396684,590802,9278,2198,1099411,2136935.1,2197166.8333333335
"2023-07-30 00:00:00",338340,532496,58711,2880,854028,2128071.3,2200004.466666667
"2023-07-31 00:00:00",275332,613155,18931,8323,1084883,2137790.7,2186569.2333333334
"2023-08-01 00:00:00",355830,742345,27912,14845,1378544,2145543.9,2207614.7333333334
"2023-08-02 00:00:00",436144,350449,14935,2409,1316581,2137324.8,2213088.2666666666
"2023-08-03 00:00:00",129531,567405,26714,750,932217,2128718.7333333334,2262648.5
"2023-08-04 00:00:00",315936,505756,16323,0,927484,2143270.8,2274336.433333333
"2023-08-05 00:00:00",245980,608750,28617,841,1183129,2143917.6333333333,2277608.7666666666
"2023-08-06 00:00:00",512534,348372,5414,459,760976,2129751.2666666666,2277078.6666666665
"2023-08-07 00:00:00",180343,406088,7988,9285,1179877,2119799.3,2273242
"2023-08-08 00:00:00",347184,464749,30610,2131,1204816,2131399.1666666665,2311457.966666667
"2023-08-09 00:00:00",305967,382361,24264,4571,1161319,2107276.9,2312689.933333333
"2023-08-10 00:00:00",804915,491496,27253,505,1249371,2109511.8,2304658.2333333334
"2023-08-11 00:00:00",347428,951081,13946,3066,1338436,2123583.6666666665,2337117.8333333335
"2023-08-12 00:00:00",393040,445137,35226,5451,1408755,2139516.2,2347132.3666666667
"2023-08-13 00:00:00",281593,548657,40132,873,1304801,2143695.2333333334,2358842
"2023-08-14 00:00:00",443614,600061,19624,514,1371191,2157987.8,2351480
"2023-08-15 00:00:00",167245,869312,15864,18359,1576892,2165789.1666666665,2358169.6333333333
"2023-08-16 00:00:00",168614,885175,23013,77,1102027,2170905.933333333,2360845.7666666666
"2023-08-17 00:00:00",385602,604087,33639,1365,1424371,2168384.433333333,2372119.6333333333
"2023-08-18 00:00:00",276283,616278,6540,0,1247629,2169518.2666666666,2349043.8333333335
"2023-08-19 00:00:00",341274,374460,16768,4516,1009287,2149929.933333333,2354936.966666667
"2023-08-20 00:00:00",260890,809893,7037,3775,1316755,2166157.6,2370138.8666666667
"2023-08-21 00:00:00",642936,723801,11661,7326,970640,2178297.966666667,2347040.2333333334
"2023-08-22 00:00:00",143282,876058,29662,5387,1538965,2204959.7666666666,2340703.1666666665
"2023-08-23 00:00:00",443926,672834,15822,4130,1295916,2217073.966666667,2336348.9
"2023-08-24 00:00:00",370152,699771,55270,510,1261722,2200790.6333333333,2327767.8
"2023-08-25 00:00:00",452256,843566,30618,796,1744706,2229895.566666667,2310140.433333333
"2023-08-26 00:00:00",248871,342766,35465,0,465563,2178076.2333333334,2343675.066666667
"2023-08-27 00:00:00",164773,468743,11478,9962,1518581,2171851.1,2323473.533333333
"2023-08-28 00:00:00",370899,866986,18033,6609,1036642,2178544.2666666666,2317601.533333333
"2023-08-29 00:00:00",234462,417291,57792,0,1179906,2181977.5,2292171.1333333333
"2023-08-30 00:00:00",430129,594579,36143,717,1135821,2188536.3,2309342.3333333335
"2023-08-31 00:00:00",276761,696759,7281,60,933651,2168370.6666666665,2292443.3
"2023-09-01 00:00:00",443023,740285,32548,2920,1325928,2182510.3666666667,2294151.466666667
"2023-09-02 00:00:00",312480,703952,18238,0,1645284,2216621.7333333334,2270395.8333333335
"2023-09-03 00:00:00",84870,571561,46358,3025,866136,2210169.966666667,2274602.966666667
"2023-09-04 00:00:00",111905,658586,1564,511,1033292,2201454.5,2272219.6
"2023-09-05 00:00:00",651443,823956,49328,12370,1074419,2234246.8,2271519.7
"2023-09-06 00:00:00",336072,665832,16758,1186,1568153,2261060.933333333,2262151.1333333333
"2023-09-07 00:00:00",927656,658228,22530,7845,948466,2278235.5,2210630.066666667
"2023-09-08 00:00:00",275877,782097,27063,11908,1436600,2300071,2217829.3666666667
"2023-09-09 00:00:00",249664,584570,31514,348,1304042,2286624.066666667,2234633.433333333
"2023-09-10 00:00:00",401769,423179,8793,819,1051282,2261019.933333333,2222521.2
"2023-09-11 00:00:00",443259,734154,21045,1722,1193800,2264565.7666666666,2193363.966666667
"2023-09-12 00:00:00",128121,643743,37375,23009,1483092,2269208.6,2193174.2333333334
"2023-09-13 00:00:00",399349,806021,8706,1382,1322685,2272646.7333333334,2191376.566666667
"2023-09-14 00:00:00",432067,625100,33662,0,1524876,2271581,2168113.7
"2023-09-15 00:00:00",316963,913152,7140,283,952367,2271947.8,2191001.966666667
"2023-09-16 00:00:00",346071,1014806,21556,3556,1383704,2282635.3666666667,2197799.2333333334
"2023-09-17 00:00:00",431224,550934,19080,359,1508402,2294744.3,2224210.6
"2023-09-18 00:00:00",314361,418808,39074,4777,1338452,2307049.7333333334,2212587.2666666666
"2023-09-19 00:00:00",409873,496069,19745,2208,1313418,2301815.2666666666,2230701.2666666666
"2023-09-20 00:00:00",499713,984458,49493,895,1481345,2323800.1333333333,2240594.8
"2023-09-21 00:00:00",347211,674761,39838,20802,1098030,2310042.8666666667,2234640.9
"2023-09-22 00:00:00",283233,649694,6989,4250,1338047,2305029.1333333333,2221248.966666667
"2023-09-23 00:00:00",282473,596921,2154,452,1048673,2289803.966666667,2226300.3333333335
"2023-09-24 00:00:00",254984,730010,8723,946,907141,2250799.3666666667,2250400.4
"2023-09-25 00:00:00",312577,934478,11647,1816,917074,2286963.7,2223731.066666667
"2023-09-26 00:00:00",387356,1029521,57696,8398,1465628,2312799.1,2233607.1
"2023-09-27 00:00:00",291014,1088883,20928,4843,1099653,2319670.7333333334,2254554.2
"2023-09-28 00:00:00",559548,774109,19034,16941,1403181,2349116.1,2289620.433333333
"2023-09-29 00:00:00",423262,650229,51057,6701,1307106,2357148.433333333,2301795.933333333
"2023-09-30 00:00:00",203352,518468,13904,7226,967945,2350361.1333333333,2288560.933333333
"2023-10-01 00:00:00",300413,852715,8701,11264,1612109,2358377.6666666665,2298098.8333333335
"2023-10-02 00:00:00",194696,868932,17728,1106,588504,2324744.6,2299376.7333333334
"2023-10-03 00:00:00",175379,674694,41278,5466,1261942,2344305.033333333,2273563.466666667
"2023-10-04 00:00:00",412126,1505534,7796,2099,1010598,2382048.433333333,2265565.3
"2023-10-05 00:00:00",489312,394110,14886,5114,1465600,2373965.033333333,2304939.8
"2023-10-06 00:00:00",528497,868580,22269,0,1255815,2376870.2333333334,2312287.6
"2023-10-07 00:00:00",337403,939140,20333,3562,975956,2367259.1,2323505.933333333
"2023-10-08 00:00:00",323980,923839,53161,4127,994886,2359473.966666667,2336574.466666667
"2023-10-09 00:00:00",436639,601450,29074,2944,1284963,2365638.466666667,2307296.6
"2023-10-10 00:00:00",170611,1106798,40130,10581,1558290,2398991,2308096.3333333335
"2023-10-11 00:00:00",448538,714320,24997,5550,1629084,2413274.566666667,2320004.1666666665
"2023-10-12 00:00:00",281437,688033,31975,549,1581001,2422196.4,2331051.2666666666
"2023-10-13 00:00:00",393690,1011272,13229,4626,1106137,2421890.033333333,2339863.533333333
"2023-10-14 00:00:00",426892,555323,27901,580,1638874,2423018.933333333,2372541.3666666667
"2023-10-15 00:00:00",406023,716889,25953,7356,911735,2418953.8333333335,2378642.966666667
"2023-10-16 00:00:00",211249,668553,18698,4089,1590560,2409735.8666666667,2359483.3666666667
"2023-10-17 00:00:00",315725,989723,12911,0,1046253,2404889.6,2365476.4
"2023-10-18 00:00:00",238562,996848,17801,4376,1737070,2434195.933333333,2350726.066666667
"2023-10-19 00:00:00",416836,527713,27841,5481,1316822,2435975.3333333335,2352650.3333333335
"2023-10-20 00:00:00",454787,1172834,23780,7019,1498455,2440674.1333333333,2355772.066666667
"2023-10-21 00:00:00",307271,520173,9130,86,1251879,2437604.033333333,2380637.2333333334
"2023-10-22 00:00:00",152448,324853,45914,5761,1579798,2431822.466666667,2385876.433333333
"2023-10-23 00:00:00",565854,965520,17301,391,1442987,2467201.966666667,2381570.2333333334
"2023-10-24 00:00:00",330214,1007605,20834,7775,978202,2481962.8,2365882.533333333
"2023-10-25 00:00:00",473578,758703,11087,1617,1530020,2501876.466666667,2356510.2666666666
"2023-10-26 00:00:00",624917,576777,16871,5306,1588634,2497340.033333333,2368706.433333333
"2023-10-27 00:00:00",429708,955831,29426,727,1142009,2499085.966666667,2359506.1666666665
"2023-10-28 00:00:00",136008,657742,2321,4380,1484517,2482824.5,2351612.1666666665
"2023-10-29 00:00:00",446640,414626,11508,12817,1492592,2480818.6,2343460.3666666667
"2023-10-30 00:00:00",505619,818709,17387,3594,1462868,2517394.7333333334,2372022.6
"2023-10-31 00:00:00",200673,381525,8798,3855,1096375,2480928.7333333334,2377417.466666667
"2023-11-01 00:00:00",272630,859397,25370,7879,756167,2489278.1333333333,2380857.6666666665
"2023-11-02 00:00:00",507574,1100770,20256,26,1029045,2505908.466666667,2400448.4
"2023-11-03 00:00:00",473564,833712,9482,64,960683,2483886.6,2429205.7
"2023-11-04 00:00:00",337150,1024310,18256,0,1215902,2491439.6666666665,2417519.3666666667
"2023-11-05 00:00:00",275402,541513,22767,10817,1205682,2470807,2434804.7666666666
"2023-11-06 00:00:00",196675,554317,34791,1498,1387515,2467420.433333333,2412245.933333333
"2023-11-07 00:00:00",381923,682086,18767,7521,1190634,2466784.966666667,2383508.033333333
"2023-11-08 00:00:00",606756,871088,36457,3603,1217076,2479448.7333333334,2428925.1666666665
"2023-11-09 00:00:00",502939,824408,29819,736,1268608,2470785.3333333335,2419078.3333333335
"2023-11-10 00:00:00",423850,1208594,21136,582,895343,2461685.8666666667,2439567
"2023-11-11 00:00:00",526583,584229,20675,0,1547590,2464888.6,2453417.466666667
"2023-11-12 00:00:00",389072,1024109,7135,5824,661759,2450186.7,2448954.533333333
"2023-11-13 00:00:00",373342,780593,7016,945,1573651,2453052.7,2423751.5
"2023-11-14 00:00:00",436373,811806,25796,1549,1495468,2476487.3,2393393.8
"2023-11-15 00:00:00",425358,916778,30557,6622,1426944,2486924.1,2398120
"2023-11-16 00:00:00",506151,527048,40751,4452,1401516,2490767.7666666666,2432286.9
"2023-11-17 00:00:00",512005,658654,21209,0,1113750,2467799.7,2442860.466666667
"2023-11-18 00:00:00",279020,762754,6145,7360,987118,2459389.7333333334,2445580.3333333335
"2023-11-19 00:00:00",352667,1065815,27109,4058,1047478,2437398.2333333334,2435326.033333333
"2023-11-20 00:00:00",318676,794373,17869,498,1720917,2462858.1333333333,2412083.6333333333
"2023-11-21 00:00:00",400190,902107,30371,16386,1306794,2481094.1333333333,2414257.8
"2023-11-22 00:00:00",263979,387768,8214,3594,1298308,2446754.5,2445574.8
"2023-11-23 00:00:00",113660,499487,5559,0,1572382,2441636.3,2459087.3666666667
"2023-11-24 00:00:00",389479,1175534,35736,8186,1339919,2447431.466666667,2450119.6333333333
"2023-11-25 00:00:00",314846,785608,5870,3573,1471828,2439738.7333333334,2468154.933333333
"2023-11-26 00:00:00",286532,915646,8977,46,1254606,2436675.6333333333,2460139.3333333335
"2023-11-27 00:00:00",237276,912373,7213,4803,1220150,2439903.8,2455616.066666667
"2023-11-28 00:00:00",228431,593322,10485,3231,1339215,2433120.533333333,2454204.3666666667
"2023-11-29 00:00:00",324235,575738,17802,10227,1974431,2436262.533333333,2428360.1666666665
"2023-11-30 00:00:00",265816,648791,38594,3473,1040648,2446465.933333333,2455131.033333333
"2023-12-01 00:00:00",263710,668407,58581,7402,695493,2438870.933333333,2450261.8
"2023-12-02 00:00:00",563635,599096,3776,5499,1093424,2425796.3333333335,2436487.1
"2023-12-03 00:00:00",453446,926963,10392,602,1574023,2448727.3,2390108.6666666665
"2023-12-04 00:00:00",347041,899216,65827,3709,1515908,2456596.7666666666,2364449.8
"2023-12-05 00:00:00",583053,1268431,41736,5681,1477283,2500596.9,2338846.9
"2023-12-06 00:00:00",137821,892811,21458,3703,1394670,2509785.7333333334,2389766.7666666666
"2023-12-07 00:00:00",520180,872471,26663,1981,1764417,2539945.1333333333,2386559.1
"2023-12-08 00:00:00",185936,795462,56242,2991,1202941,2523564.933333333,2376425.2333333334
"2023-12-09 00:00:00",396818,687840,39305,125,1521792,2524210.566666667,2390871.6
"2023-12-10 00:00:00",346388,705261,3889,7614,1452747,2523090.2333333334,2399726.966666667
"2023-12-11 00:00:00",257016,971330,6691,818,1218125,2515587.1333333333,2405066.1666666665
"2023-12-12 00:00:00",259374,782783,52342,9466,1048799,2517749.3333333335,2397227.4
"2023-12-13 00:00:00",255900,989116,38202,1505,1169159,2508360.5,2414838.7
"2023-12-14 00:00:00",755561,969882,58403,1857,1352139,2520588.8333333335,2438951.933333333
"2023-12-15 00:00:00",384541,936976,11090,6979,1398984,2518332.6,2450332.6333333333
"2023-12-16 00:00:00",396868,916804,31940,0,923219,2511296.2333333334,2418900.1
"2023-12-17 00:00:00",179244,676394,11144,698,1398577,2509977.433333333,2444202.1333333333
"2023-12-18 00:00:00",203652,885974,36004,11416,1682644,2535887.1,2421277.8
"2023-12-19 00:00:00",222718,728817,42583,7808,1468342,2534991.8,2423340.4
"2023-12-20 00:00:00",491756,1028721,25585,414,1333167,2535902.033333333,2423602.933333333
"2023-12-21 00:00:00",550764,806993,26378,270,1784310,2552997.533333333,2440335.6333333333
"2023-12-22 00:00:00",488841,744349,14583,2727,1280520,2571969.3666666667,2424012.066666667
"2023-12-23 00:00:00",452742,902922,47782,1815,1467032,2594676.1666666665,2385909.9
"2023-12-24 00:00:00",155719,933376,51600,283,1305588,2577932.966666667,2382320.466666667
"2023-12-25 00:00:00",108933,274313,36448,0,836109,2533735.466666667,2330124.2
"2023-12-26 00:00:00",407958,977782,13365,14122,1042119,2533386.8666666667,2328440.3
"2023-12-27 00:00:00",172798,952211,35265,5298,1703952,2549643.8666666667,2344518.1666666665
"2023-12-28 00:00:00",384469,854515,26112,1557,1444497,2567526.066666667,2348500.3
"2023-12-29 00:00:00",381481,807791,16787,2110,1650241,2566058.433333333,2374524.6666666665
"2023-12-30 00:00:00",455506,562003,37292,5109,989337,2567789.1,2353896.6666666665
"2023-12-31 00:00:00",407323,849093,34934,266,1463350,2603168.1,2324834.4
"2024-01-01 00:00:00",24443,805592,16445,640,1206585,2596110.466666667,2293353.5
"2024-01-02 00:00:00",455331,987130,23177,4484,874293,2575409.966666667,2313743.8333333335
"2024-01-03 00:00:00",421787,847807,14121,161,963094,2555919,2324413.066666667
"2024-01-04 00:00:00",450161,1035846,8214,3833,1360418,2538661.933333333,2342176.8666666667
"2024-01-05 00:00:00",176918,784327,25826,14681,774720,2516195.7333333334,2308060.566666667
"2024-01-06 00:00:00",468606,808853,15342,2265,2139224,2524481.7333333334,2344112.6
"2024-01-07 00:00:00",152074,517721,8018,7528,1425437,2520054.933333333,2322647.966666667
"2024-01-08 00:00:00",469524,796956,26353,1379,890982,2504698.8333333335,2314578.966666667
"2024-01-09 00:00:00",198259,466030,41959,1998,710877,2468139.7,2304342.8666666667
"2024-01-10 00:00:00",301847,755798,20538,5945,1392749,2468902.8333333335,2286016.1666666665
"2024-01-11 00:00:00",451080,995449,5246,1976,1420794,2492962.1,2292231.8
"2024-01-12 00:00:00",573993,710396,31586,4621,1407081,2502088.5,2314007.6
"2024-01-13 00:00:00",153992,859504,16096,0,1546241,2483354.7666666666,2301066.066666667
"2024-01-14 00:00:00",79689,709916,34239,2240,1273886,2462068,2297548
"2024-01-15 00:00:00",306018,1005219,10737,512,1362612,2475943.6,2292907.933333333
"2024-01-16 00:00:00",230657,820132,25772,7393,1405305,2483383.8,2265519.566666667
"2024-01-17 00:00:00",167408,538917,12353,284,1096235,2449900.7,2265127.7
"2024-01-18 00:00:00",627207,576877,2977,227,1341322,2452512,2260116.6
"2024-01-19 00:00:00",358100,543148,55158,3517,947062,2420090.1333333333,2273067.5
"2024-01-20 00:00:00",598977,936395,22705,0,1311274,2410111.3,2291928.1333333333
"2024-01-21 00:00:00",299717,690438,15941,4613,991175,2392473.3333333335,2281597.033333333
"2024-01-22 00:00:00",202625,809922,42553,4732,1163844,2370852.9,2306984.8
"2024-01-23 00:00:00",322863,551332,4148,2859,487289,2334916.966666667,2336585.3333333335
"2024-01-24 00:00:00",156269,600105,30726,9148,692818,2342692.466666667,2358995.6333333333
"2024-01-25 00:00:00",362823,353613,47282,2228,2212757,2360137.6333333333,2359606.3333333335
"2024-01-26 00:00:00",637591,879553,16782,4674,503484,2332556.433333333,2350053.2
"2024-01-27 00:00:00",362022,346719,15630,3527,1619762,2320440,2357043.1333333333
"2024-01-28 00:00:00",430518,1115670,15152,6135,942181,2308815.066666667,2367712.1333333333
"2024-01-29 00:00:00",606650,626898,28055,10250,1280414,2325582.6666666665,2351684.2666666666
"2024-01-30 00:00:00",249441,844282,9491,13039,1504737,2321116.6666666665,2373032.5
"2024-01-31 00:00:00",372598,886360,24789,808,1281034,2338179.6333333333,2397322.8666666667
"2024-02-01 00:00:00",527570,877031,24427,851,1319493,2351678.2,2397745.8666666667
"2024-02-02 00:00:00",380205,804395,22890,8620,1071092,2353019.2666666666,2397009.1333333333
"2024-02-03 00:00:00",369096,963347,3755,4079,1240129,2343750.466666667,2394513.4
"2024-02-04 00:00:00",241933,755293,26457,5105,1404227,2365635,2408341.466666667
"2024-02-05 00:00:00",335003,839819,31997,6221,976036,2324127.966666667,2378767
"2024-02-06 00:00:00",285697,840064,11689,7012,1197590,2331837.2333333334,2398275.8333333335
"2024-02-07 00:00:00",553788,805958,11340,1478,1302331,2348160.4,2407574.433333333
"2024-02-08 00:00:00",689832,614045,17970,1273,1503866,2395089.2,2374841.033333333
"2024-02-09 00:00:00",545619,714535,29447,7536,1349373,2400743.7,2382632.9
"2024-02-10 00:00:00",347951,779555,22757,0,1258660,2385223.033333333,2369602.7666666666
"2024-02-11 00:00:00",246451,646709,19493,359,718478,2348683.3333333335,2341576.2666666666
"2024-02-12 00:00:00",355555,871456,25208,263,1357068,2349807.2666666666,2326500.7
"2024-02-13 00:00:00",316217,1295260,29871,10739,1478858,2384173.2333333334,2309325.1333333333
"2024-02-14 00:00:00",219051,691004,14976,7207,718196,2349684.3666666667,2328136.533333333
"2024-02-15 00:00:00",424602,969057,28331,4839,1432823,2362030.9,2305784.7
"2024-02-16 00:00:00",529621,886432,22159,7084,1467296,2398610.8333333335,2301907.3666666667
"2024-02-17 00:00:00",528208,620003,16913,2535,1266387,2394792.1,2319190.5
"2024-02-18 00:00:00",363069,738874,44822,908,1537414,2420728.8333333335,2307806.1666666665
"2024-02-19 00:00:00",310907,1046324,8654,8654,979719,2403559.2333333334,2254273.3333333335
"2024-02-20 00:00:00",203545,932363,17902,2640,1363844,2420839.7,2287789.3333333335
"2024-02-21 00:00:00",419299,493833,11923,408,1285477,2420415.2333333334,2284633.1666666665
"2024-02-22 00:00:00",320217,1233227,57921,455,1604853,2482021.5,2289854.2333333334
"2024-02-23 00:00:00",507340,747641,20604,1415,1329942,2519284.1666666665,2271022
"2024-02-24 00:00:00",606534,763876,25497,583,1208489,2506826.7333333334,2262550.6333333333
"2024-02-25 00:00:00",231555,864755,14972,4025,1008861,2509562.7666666666,2235403.966666667
"2024-02-26 00:00:00",450022,690584,22192,7439,972910,2502745.7333333334,2228441.3333333335
"2024-02-27 00:00:00",232329,651072,44044,8603,1411765,2497350.8666666667,2215476.433333333
"2024-02-28 00:00:00",434953,798677,33745,77,1203381,2494636.2666666666,2221250.533333333
"2024-02-29 00:00:00",488165,626315,16121,10555,862928,2474072.9,2236484.5
"2024-03-01 00:00:00",625448,894829,29321,4925,1300574,2483723.1333333333,2264700.566666667
"2024-03-02 00:00:00",371523,666468,39859,7721,1066182,2463802.466666667,2273582.7666666666
"2024-03-03 00:00:00",297654,1001139,11862,4363,825618,2458917,2279200.466666667
"2024-03-04 00:00:00",473779,809791,29547,6976,379315,2429550.466666667,2261344.533333333
"2024-03-05 00:00:00",139252,623528,32958,0,1185205,2414481.5,2244084.7333333334
"2024-03-06 00:00:00",223500,965437,27240,5106,972932,2414652.7,2237646.533333333
"2024-03-07 00:00:00",482283,642653,59905,3967,1693749,2432669.6666666665,2207324.3666666667
"2024-03-08 00:00:00",591587,793675,11421,57,1165731,2428922.2333333334,2221806.7333333334
"2024-03-09 00:00:00",260999,829584,20825,4985,1107641,2408823.8666666667,2264550.1666666665
"2024-03-10 00:00:00",172873,479244,111492,2242,1563405,2398248.6666666665,2260930.7
"2024-03-11 00:00:00",276406,836989,48905,373,1487769,2406299.3666666667,2246152.6333333333
"2024-03-12 00:00:00",690411,1065046,29562,8710,1747864,2469969.7,2261943.7666666666
"2024-03-13 00:00:00",464759,696500,6315,8685,1212417,2462607.2666666666,2278102.2
"2024-03-14 00:00:00",584899,634724,21352,491,1355523,2444808.7333333334,2304620.6333333333
"2024-03-15 00:00:00",427430,928462,14457,6215,1282579,2478432.5,2294900
"2024-03-16 00:00:00",297007,820600,14745,762,1304936,2464378.933333333,2323356.566666667
"2024-03-17 00:00:00",184717,916637,18809,642,1265424,2446833.466666667,2333981.466666667
"2024-03-18 00:00:00",489464,1111725,25219,4130,1423774,2467508.9,2318933.3333333335
"2024-03-19 00:00:00",233103,1011683,25127,6379,1275442,2463063.8333333335,2337047.2333333334
"2024-03-20 00:00:00",495700,671896,5789,4962,1829524,2484850.7333333334,2358179.3666666667
"2024-03-21 00:00:00",437023,1002487,53812,749,925157,2481481.8,2314799.933333333
"2024-03-22 00:00:00",607644,961688,5374,233,1448342,2508559.7666666666,2314534.7333333334
"2024-03-23 00:00:00",260909,1073180,40663,8360,992657,2480529.6666666665,2307951.1
"2024-03-24 00:00:00",146739,751013,31916,14765,1050052,2460114.3333333335,2323253.8666666667
"2024-03-25 00:00:00",303880,798620,48808,1496,1162129,2450446.2,2341708.8666666667
"2024-03-26 00:00:00",560890,407360,37572,10099,1427739,2461095.933333333,2346478.033333333
"2024-03-27 00:00:00",272891,1214465,32019,7780,1542813,2491990.1666666665,2361197.033333333
"2024-03-28 00:00:00",639617,1010887,31673,3412,1522951,2520681.066666667,2357882.7333333334
"2024-03-29 00:00:00",398863,617826,3529,0,1030569,2506679.5,2371417.7
"2024-03-30 00:00:00",339076,613101,8746,3874,1574951,2524535,2346402.2
"2024-03-31 00:00:00",447888,652250,25722,2688,1045409,2501830.1666666665,2327913.2666666666
"2024-04-01 00:00:00",353935,1161764,16665,794,1337160,2525782.4,2320424.466666667
"2024-04-02 00:00:00",279494,630986,28985,20057,1298451,2529693.533333333,2298519.2
"2024-04-03 00:00:00",520492,686038,6236,662,980002,2546160.8666666667,2323635.7333333334
"2024-04-04 00:00:00",457579,900084,27070,0,1232920,2567384.533333333,2326006.3
"2024-04-05 00:00:00",410480,754168,9624,1091,1294191,2576562.6333333333,2335280.6333333333
"2024-04-06 00:00:00",424123,571522,17047,3171,1260950,2556370.966666667,2350781.3333333335
"2024-04-07 00:00:00",216209,801218,11008,795,1156452,2543811.3333333335,2336904.7
"2024-04-08 00:00:00",462637,719233,12602,890,1311508,2553239.2,2285698
"2024-04-09 00:00:00",246060,788730,14218,7025,1149837,2549126.6,2294942.1333333333
"2024-04-10 00:00:00",526710,620543,10216,7553,1021306,2533656.2,2309864.7333333334
"2024-04-11 00:00:00",376689,649754,61402,645,1304545,2495370.9,2288842
"2024-04-12 00:00:00",332364,578660,9286,2576,1063401,2481957.933333333,2265610.1
"2024-04-13 00:00:00",250664,605342,5985,404,1474207,2473278.3666666667,2256491.2333333334
"2024-04-14 00:00:00",343590,513372,39356,3703,1060268,2449983.1333333333,2240530.7333333334
"2024-04-15 00:00:00",670751,1037949,35264,2823,1104526,2463758.8333333335,2223873.9
"2024-04-16 00:00:00",168166,662427,22100,6949,928514,2443823.033333333,2226247.8
"2024-04-17 00:00:00",249993,794922,22616,6408,889998,2407477.466666667,2242552.2333333334
"2024-04-18 00:00:00",458046,572187,9363,60,1225678,2397930.6666666665,2235511.6666666665
"2024-04-19 00:00:00",777353,647245,43369,660,627567,2367541.566666667,2230082.4
"2024-04-20 00:00:00",209287,627233,22527,5061,1533392,2366817.3666666667,2257853.5
"2024-04-21 00:00:00",343089,658194,35165,384,802598,2327355.7666666666,2246854.966666667
"2024-04-22 00:00:00",163913,990002,14817,1217,899655,2317150.3333333335,2224266.066666667
"2024-04-23 00:00:00",218676,788226,12750,7657,1093320,2321355.2666666666,2236785.5
"2024-04-24 00:00:00",554484,726118,39721,8862,1591470,2341546.1,2234066.7666666666
"2024-04-25 00:00:00",490465,943593,47412,10214,1499514,2359797.533333333,2242950.433333333
"2024-04-26 00:00:00",303405,782806,37739,2456,1110379,2332024.7333333334,2229898.933333333
"2024-04-27 00:00:00",355969,667466,14434,728,1167955,2298625.033333333,2237556.8
"2024-04-28 00:00:00",437354,782242,21167,1576,1106711,2308567.1,2221496.3333333335
"2024-04-29 00:00:00",478215,758607,16411,8701,1451394,2314353.066666667,2232973.3333333335
"2024-04-30 00:00:00",489988,755667,4465,6482,1039588,2318427.566666667,2236561.5
"2024-05-01 00:00:00",452827,385485,13760,1042,1021299,2285230.6333333333,2225854.1333333333
"2024-05-02 00:00:00",443817,801980,20485,1598,1330612,2296581.433333333,2250371.8333333335
"2024-05-03 00:00:00",603004,503062,16402,7285,1533825,2312252.9,2235048.3333333335
"2024-05-04 00:00:00",344395,827221,19811,9497,1431115,2312732.533333333,2249531.6
"2024-05-05 00:00:00",217824,584652,36266,2688,1064643,2293949.533333333,2247930.8
"2024-05-06 00:00:00",280935,552874,11243,0,1747698,2304480.8666666667,2236195.7666666666
"2024-05-07 00:00:00",294299,910892,21034,11113,1310111,2316539.7666666666,2244780.066666667
"2024-05-08 00:00:00",222557,747988,29433,3405,1649384,2321402.8333333335,2257999.2
"2024-05-09 00:00:00",306676,789453,30456,2019,1027093,2319730.3333333335,2239761.966666667
"2024-05-10 00:00:00",712841,791016,13121,9607,1463240,2346513.433333333,2245968.5
"2024-05-11 00:00:00",310381,713484,6355,511,1321031,2345137.6,2247789.1666666665
"2024-05-12 00:00:00",388300,869882,9594,359,1407568,2368118.066666667,2268027.033333333
"2024-05-13 00:00:00",382731,478956,10111,1360,1631812,2373730.2666666666,2252609.6666666665
"2024-05-14 00:00:00",371479,863358,8311,6829,963744,2382178.1666666665,2265432.8
"2024-05-15 00:00:00",453508,695276,13254,23765,1267249,2368902.6333333333,2285077.6
"2024-05-16 00:00:00",494052,703311,60686,266,1490484,2400924.1,2276970.7666666666
"2024-05-17 00:00:00",212095,1007061,36435,5412,655254,2399334.6666666665,2287349.8
"2024-05-18 00:00:00",203835,839130,14666,3800,991810,2392264.8333333335,2305460.1666666665
"2024-05-19 00:00:00",244529,572370,10152,4138,1228706,2391054.7666666666,2293052.6333333333
"2024-05-20 00:00:00",214690,724527,33089,10217,986401,2376769.033333333,2274185.2666666666
"2024-05-21 00:00:00",183123,929067,21348,9759,872110,2382634.933333333,2272207.033333333
"2024-05-22 00:00:00",350946,943697,12465,5197,1237377,2398637.3333333335,2310825.6
"2024-05-23 00:00:00",627818,820628,18003,7601,1036478,2411633.8666666667,2306837.7
"2024-05-24 00:00:00",180848,934233,16035,649,1996446,2418552.1666666665,2293471.433333333
"2024-05-25 00:00:00",768923,1107149,12027,1636,1150189,2420176.3666666667,2319463.6666666665
"2024-05-26 00:00:00",226548,713368,19857,8236,1104321,2414694.3,2297011.033333333
"2024-05-27 00:00:00",220165,887299,10875,9251,1877023,2441296.3666666667,2256492.6
"2024-05-28 00:00:00",127295,622721,11827,5772,1146834,2426809.566666667,2270424.7666666666
"2024-05-29 00:00:00",480567,781048,22777,4332,1402460,2426071.533333333,2267785.7
"2024-05-30 00:00:00",401000,775740,18458,3877,1084479,2425650.433333333,2264307.8333333335
"2024-05-31 00:00:00",711323,661503,9526,3281,961728,2441415.3666666667,2273063.966666667
"2024-06-01 00:00:00",70425,613385,44030,912,1324545,2423242.1,2255254.7
"2024-06-02 00:00:00",337910,411848,9435,10366,1015618,2393962.066666667,2254247.1333333333
"2024-06-03 00:00:00",302668,752320,11981,187,1425669,2389321.533333333,2242268
"2024-06-04 00:00:00",360383,776939,21869,18577,1347990,2409977.9,2243061.433333333
"2024-06-05 00:00:00",495376,838573,76295,338,1261604,2412625.7666666666,2243385.066666667
"2024-06-06 00:00:00",411029,851655,7068,5066,1432490,2417954.433333333,2211983.3666666667
"2024-06-07 00:00:00",396432,1129635,29119,794,1249984,2423061.3333333335,2220782.2666666666
"2024-06-08 00:00:00",447416,664726,3525,11406,947383,2420353,2210810.066666667
"2024-06-09 00:00:00",197391,695328,16161,441,960989,2383035.8666666667,2203253.966666667
"2024-06-10 00:00:00",251382,664637,11161,584,1606686,2389125.533333333,2222141.8
"2024-06-11 00:00:00",186731,687269,14596,2254,1077594,2365550.2333333334,2215088.533333333
"2024-06-12 00:00:00",466506,988882,22198,4647,1364456,2376941.2,2246194.7666666666
"2024-06-13 00:00:00",666238,610452,9063,676,1286692,2388921.1333333333,2255546.7
"2024-06-14 00:00:00",498261,873520,24790,339,1275094,2396219.533333333,2257829.533333333
"2024-06-15 00:00:00",251305,654672,19807,3931,1069882,2371246.2333333334,2250542.6
"2024-06-16 00:00:00",238826,656987,40222,359,1214491,2379067.066666667,2223584.8666666667
"2024-06-17 00:00:00",308233,770572,7817,9625,1487708,2396757.7333333334,2206868.466666667
"2024-06-18 00:00:00",341728,914564,10857,13016,1870653,2433121.9,2202877.1333333333
"2024-06-19 00:00:00",435444,539656,14734,4452,434855,2415128.9,2199528.966666667
"2024-06-20 00:00:00",375124,674640,27288,0,1124286,2421326.7,2242556.533333333
"2024-06-21 00:00:00",398213,967657,2709,82,1636387,2436505.6,2226897.533333333
"2024-06-22 00:00:00",394682,741392,17355,7042,1344304,2436313.8666666667,2218783.2
"2024-06-23 00:00:00",332378,592710,41698,2954,1099974,2401030.8,2222849.1666666665
"2024-06-24 00:00:00",314605,1099744,28021,908,1639560,2402461.1666666665,2180036.966666667
"2024-06-25 00:00:00",369566,784092,61172,434,1458283,2422501.9,2189134.6
"2024-06-26 00:00:00",681126,679752,35385,1486,947736,2400530.966666667,2222748.8666666667
"2024-06-27 00:00:00",533297,790228,65768,60,1398695,2429651,2225747.566666667
"2024-06-28 00:00:00",417991,699128,3736,1581,1963929,2442823.566666667,2234656.033333333
"2024-06-29 00:00:00",281490,873480,61587,715,1561534,2459331.8666666667,2237129.4
"2024-06-30 00:00:00",414855,626753,69575,9458,872086,2447510.8,2220130.3666666667
"2024-07-01 00:00:00",198616,770864,17021,2146,1244598,2453509,2228335.5
"2024-07-02 00:00:00",250049,854085,23666,18744,1390786,2478580.7666666666,2234250.7666666666
"2024-07-03 00:00:00",742613,687282,21216,8438,1427142,2491709.5,2226251.033333333
"2024-07-04 00:00:00",195129,655566,22620,6354,1213179,2477279,2201665.6
"2024-07-05 00:00:00",416057,500392,18920,3467,1110985,2456533.466666667,2207534.3333333335
"2024-07-06 00:00:00",187966,901141,28374,108,983278,2436318.9,2218401.1666666665
"2024-07-07 00:00:00",382871,789288,41400,3649,548176,2401632.6666666665,2216433.5
"2024-07-08 00:00:00",239360,552482,3971,1241,491979,2375452,2212010.8
"2024-07-09 00:00:00",326238,645557,43787,3980,1789632,2406748.2333333334,2228910.8333333335
"2024-07-10 00:00:00",345364,432391,11056,861,866044,2377457,2215882.1
"2024-07-11 00:00:00",190433,407094,81031,2825,1291441,2377603.066666667,2223907.3666666667
"2024-07-12 00:00:00",442959,870882,10007,1763,1719811,2384227.1666666665,2185214
"2024-07-13 00:00:00",422754,597929,36491,413,1190127,2373380.2,2159442.3
"2024-07-14 00:00:00",74085,532913,31505,4373,907978,2336008.5,2140256.2666666666
"2024-07-15 00:00:00",261983,806357,48854,631,1608871,2360245.1,2153801.2666666666
"2024-07-16 00:00:00",275579,582695,13214,7281,983657,2350629.966666667,2155857.8
"2024-07-17 00:00:00",312779,731140,25039,420,1416427,2347358.2333333334,2148332.8333333335
"2024-07-18 00:00:00",316693,663344,45512,266,1094151,2312996.466666667,2156603.566666667
"2024-07-19 00:00:00",435865,664724,17517,8643,1133412,2340697.2666666666,2160835.1333333333
"2024-07-20 00:00:00",389122,997399,14853,2340,1339945,2358774.466666667,2119812.933333333
"2024-07-21 00:00:00",318951,562937,8664,4774,1177186,2327689.8666666667,2109790.1666666665
"2024-07-22 00:00:00",218715,894179,60797,3866,1774424,2342596.8666666667,2103299.8333333335
"2024-07-23 00:00:00",380257,1124313,31426,4831,1448627,2373255,2100855.5
"2024-07-24 00:00:00",528069,699935,39662,77,2028876,2380381.033333333,2136502.7333333334
"2024-07-25 00:00:00",639877,796023,15415,943,1261520,2381722,2139501.3666666667
"2024-07-26 00:00:00",232130,1146806,22881,4122,1178724,2389694.6333333333,2152032.7666666666
"2024-07-27 00:00:00",200854,507620,47345,9690,1834714,2383433.933333333,2137233.5
"2024-07-28 00:00:00",302397,861639,35278,5349,1292026,2363778.033333333,2136935.1
"2024-07-29 00:00:00",290378,683753,82845,4279,976670,2339082.1,2128071.3
"2024-07-30 00:00:00",256038,728360,22572,7477,1102778,2343232.066666667,2137790.7
"2024-07-31 00:00:00",675713,637152,14484,1096,1222869,2353834.3333333335,2145543.9
"2024-08-01 00:00:00",648417,800162,22396,9447,880636,2347958.7666666666,2137324.8
"2024-08-02 00:00:00",496544,860677,43467,3384,902975,2328637.533333333,2128718.7333333334
"2024-08-03 00:00:00",380335,716742,6504,209,1481654,2345057.466666667,2143270.8
"2024-08-04 00:00:00",500454,603789,29902,359,1015671,2348402.6333333333,2143917.6333333333
"2024-08-05 00:00:00",216733,268178,24615,6907,1483305,2345031.566666667,2129751.2666666666
"2024-08-06 00:00:00",113150,567847,47764,3591,1398531,2357215,2119799.3
"2024-08-07 00:00:00",286613,1051313,14502,2771,1371605,2405140.7666666666,2131399.1666666665
"2024-08-08 00:00:00",837984,718922,24151,2656,1768839,2423252.6333333333,2107276.9
"2024-08-09 00:00:00",515992,760177,29597,603,1559755,2463599.5,2109511.8
"2024-08-10 00:00:00",105937,909509,7432,3801,1203972,2472193.6,2123583.6666666665
"2024-08-11 00:00:00",250201,457140,12955,1832,1245101,2436253.966666667,2139516.2
"2024-08-12 00:00:00",319701,1045749,41068,5460,1052242,2443471,2143695.2333333334
"2024-08-13 00:00:00",252915,819824,37033,13520,1536879,2480448.4,2157987.8
"2024-08-14 00:00:00",129181,647409,15282,631,1343049,2460743.433333333,2165789.1666666665
"2024-08-15 00:00:00",375087,384279,33922,10972,1121639,2462859.3,2170905.933333333
"2024-08-16 00:00:00",594576,759544,25536,7174,1308035,2469827.933333333,2168384.433333333
"2024-08-17 00:00:00",259458,758481,24125,1471,1155641,2472468.3333333335,2169518.2666666666
"2024-08-18 00:00:00",336758,735494,35588,359,1370765,2479761.8,2149929.933333333
"2024-08-19 00:00:00",292299,879492,46997,829,898657,2458915.6666666665,2166157.6
"2024-08-20 00:00:00",359138,930721,35709,5102,1636208,2488728.033333333,2178297.966666667
"2024-08-21 00:00:00",473234,881105,8825,1457,1095655,2472337.7333333334,2204959.7666666666
"2024-08-22 00:00:00",428870,636217,29146,414,1237469,2450426.466666667,2217073.966666667
"2024-08-23 00:00:00",466081,783288,11084,2851,1742666,2440738.1666666665,2200790.6333333333
"2024-08-24 00:00:00",369547,701977,12649,2161,1640984,2441189.5,2229895.566666667
"2024-08-25 00:00:00",334501,906079,12701,1666,1096915,2433429.3666666667,2178076.2333333334
"2024-08-26 00:00:00",296894,712947,10031,907,963494,2412897.6666666665,2171851.1
"2024-08-27 00:00:00",236818,1102609,14311,10158,1112808,2412231.6666666665,2178544.2666666666
"2024-08-28 00:00:00",421261,942338,8183,159,1530082,2441034.933333333,2181977.5
"2024-08-29 00:00:00",314179,608927,40743,4564,1365938,2448272.433333333,2188536.3
"2024-08-30 00:00:00",475078,712445,24822,6447,1399983,2450521.2,2168370.6666666665
"2024-08-31 00:00:00",177870,720829,24978,594,1341753,2447353.3666666667,2182510.3666666667
"2024-09-01 00:00:00",313119,711859,48134,1200,961885,2438324.933333333,2216621.7333333334
"2024-09-02 00:00:00",92677,552924,26609,423,1046873,2409460.2,2210169.966666667
"2024-09-03 00:00:00",199148,1095418,18531,1086,1632226,2436001.433333333,2201454.5
"2024-09-04 00:00:00",512264,1027221,8532,4562,600348,2441107.7333333334,2234246.8
"2024-09-05 00:00:00",558366,556822,41479,5543,1599848,2462146.9,2261060.933333333
"2024-09-06 00:00:00",356049,661774,25522,1287,1403517,2452858.466666667,2278235.5
"2024-09-07 00:00:00",367750,632345,5499,501,1599942,2427974.5,2300071
"2024-09-08 00:00:00",306663,616603,21008,6978,1087311,2400389.2666666666,2286624.066666667
"2024-09-09 00:00:00",272515,654767,13561,719,1375746,2403278,2261019.933333333
"2024-09-10 00:00:00",226807,539566,21080,7538,307493,2374453,2264565.7666666666
"2024-09-11 00:00:00",414897,543785,17647,4830,623868,2345813.1,2269208.6
"2024-09-12 00:00:00",711802,537161,16902,353,1449285,2347657.4,2272646.7333333334
"2024-09-13 00:00:00",553179,1109990,16507,4204,2003199,2399375.3,2271581
"2024-09-14 00:00:00",177123,1110843,37029,56,1077922,2415277.6333333333,2271947.8
"2024-09-15 00:00:00",225400,684314,29486,441,1293602,2399890.2,2282635.3666666667
"2024-09-16 00:00:00",471638,1018346,77222,4023,1574516,2431442.5,2294744.3
"2024-09-17 00:00:00",231772,788546,30152,3097,1352084,2428998.6333333333,2307049.7333333334
"2024-09-18 00:00:00",299340,1113439,15235,815,1842042,2467418.566666667,2301815.2666666666
"2024-09-19 00:00:00",527847,808270,21299,9749,1212930,2454525.7333333334,2323800.1333333333
"2024-09-20 00:00:00",365097,988045,8167,3352,1890806,2481032.2666666666,2310042.8666666667
"2024-09-21 00:00:00",370606,1037907,17436,419,1038226,2485448,2305029.1333333333
"2024-09-22 00:00:00",250954,1076651,13839,1880,1150002,2468359.933333333,2289803.966666667
"2024-09-23 00:00:00",214445,911911,29761,0,1115868,2453182.2,2250799.3666666667
"2024-09-24 00:00:00",338553,706857,17289,7282,907961,2440718.3333333335,2286963.7
"2024-09-25 00:00:00",375527,751525,7255,12155,1195124,2452628.7333333334,2312799.1
"2024-09-26 00:00:00",571895,916705,39182,6508,1268842,2463509.6,2319670.7333333334
"2024-09-27 00:00:00",512925,848604,52924,2553,1706654,2470897.3666666667,2349116.1
"2024-09-28 00:00:00",324645,1284811,4262,1308,1381846,2492981.466666667,2357148.433333333
"2024-09-29 00:00:00",399699,783517,27881,4335,1255635,2488057.933333333,2350361.1333333333
"2024-09-30 00:00:00",196032,763947,17054,3101,1149943,2483526.2333333334,2358377.6666666665
"2024-10-01 00:00:00",54451,922527,30706,393,1310769,2492947.8,2324744.6
"2024-10-02 00:00:00",54682,932440,30528,543,1180959,2508936.066666667,2344305.033333333
"2024-10-03 00:00:00",346222,1205016,12580,1917,1470638,2511934.6666666665,2382048.433333333
"2024-10-04 00:00:00",416786,1062470,17383,161,1169156,2529035.5,2373965.033333333
"2024-10-05 00:00:00",259443,760646,8774,3040,1898660,2534652.1333333333,2376870.2333333334
"2024-10-06 00:00:00",80492,666485,23138,3741,1118602,2516128.933333333,2367259.1
"2024-10-07 00:00:00",497947,751116,4836,6998,1152679,2509713.7,2359473.966666667
"2024-10-08 00:00:00",336835,1177859,7674,7313,1073585,2528537.033333333,2365638.466666667
"2024-10-09 00:00:00",344518,1060737,2053,1528,921950,2528986.1,2398991
"2024-10-10 00:00:00",233741,607919,19490,154,1416126,2568150.9,2413274.566666667
"2024-10-11 00:00:00",326116,970461,15285,25,930738,2589404.1666666665,2422196.4
"2024-10-12 00:00:00",186148,650949,9157,10260,1044807,2562264.7666666666,2421890.033333333
"2024-10-13 00:00:00",207704,700970,18783,9843,1299842,2513933.3,2423018.933333333
"2024-10-14 00:00:00",475660,928731,24389,269,1662745,2536893.9,2418953.8333333335
"2024-10-15 00:00:00",179132,1198503,24689,7554,953842,2541243.1,2409735.8666666667
"2024-10-16 00:00:00",680545,1133801,24149,1767,1294586,2540879.6666666665,2404889.6
"2024-10-17 00:00:00",504642,1087785,27090,3816,1244839,2556297,2434195.933333333
"2024-10-18 00:00:00",479811,1051228,18872,5744,1442213,2547196.7333333334,2435975.3333333335
"2024-10-19 00:00:00",209243,810389,4527,4963,1329843,2539825.6333333333,2440674.1333333333
"2024-10-20 00:00:00",269101,949888,38401,3414,1155369,2511849,2437604.033333333
"2024-10-21 00:00:00",333042,1113339,13817,4300,1063922,2513976.6,2431822.466666667
"2024-10-22 00:00:00",250317,912728,25909,8417,1301302,2514154.7333333334,2467201.966666667
"2024-10-23 00:00:00",370932,1233106,12539,4805,1619302,2546444.6,2481962.8
"2024-10-24 00:00:00",331218,1106201,38824,3761,1440464,2577862.2,2501876.466666667
"2024-10-25 00:00:00",184996,864346,34970,7258,1092106,2572598.566666667,2497340.033333333
"2024-10-26 00:00:00",268866,830559,19842,5522,1314256,2560462.1666666665,2499085.966666667
"2024-10-27 00:00:00",388746,684131,31610,359,1052270,2528244.1,2482824.5
"2024-10-28 00:00:00",397257,1338271,42234,7076,1126112,2525380,2480818.6
"2024-10-29 00:00:00",240677,1340690,7501,4137,1094633,2532598.933333333,2517394.7333333334
"2024-10-30 00:00:00",501131,744932,27866,6078,1462215,2553003.933333333,2480928.7333333334
"2024-10-31 00:00:00",391669,921829,21396,866,1002636,2553655.8333333335,2489278.1333333333
"2024-11-01 00:00:00",663427,991892,7908,1990,1366830,2581419.066666667,2505908.466666667
"2024-11-02 00:00:00",582812,1039120,38174,1464,1140348,2573604.1,2483886.6
"2024-11-03 00:00:00",248099,889667,22579,4204,1061287,2558933.6666666665,2491439.6666666665
"2024-11-04 00:00:00",445845,810585,7038,1532,1312181,2547154.3666666667,2470807
"2024-11-05 00:00:00",254834,751908,42587,11056,1437678,2567341.2333333334,2467420.433333333
"2024-11-06 00:00:00",154280,928847,14509,4309,1565629,2575807.6333333333,2466784.966666667
"2024-11-07 00:00:00",464479,556322,5534,9473,1250192,2565232.1333333333,2479448.7333333334
"2024-11-08 00:00:00",410559,980790,12360,685,1358730,2579643.6,2470785.3333333335
"2024-11-09 00:00:00",268600,1094559,12669,443,1072204,2585345.2333333334,2461685.8666666667
"2024-11-10 00:00:00",316788,1110967,20050,2700,969108,2591244.7,2464888.6
"2024-11-11 00:00:00",463369,1164837,16892,187,1120544,2620061.6666666665,2450186.7
"2024-11-12 00:00:00",161879,894165,1887,9719,1685901,2637275.3666666667,2453052.7
"2024-11-13 00:00:00",356122,1402460,43301,3631,1276653,2636954.6,2476487.3
"2024-11-14 00:00:00",294331,495923,32835,5268,1011280,2619485.1666666665,2486924.1
"2024-11-15 00:00:00",571207,1297873,24247,474,1522644,2628871.966666667,2490767.7666666666
"2024-11-16 00:00:00",321903,797336,20078,1688,1780538,2630651.1333333333,2467799.7
"2024-11-17 00:00:00",377458,1006802,18012,10861,1296491,2621043.1,2459389.7333333334
"2024-11-18 00:00:00",334424,1290181,34997,741,1359335,2643066.966666667,2437398.2333333334
"2024-11-19 00:00:00",618248,819001,37359,16242,1377867,2658151.8,2462858.1333333333
"2024-11-20 00:00:00",222050,828182,29834,1330,1458645,2658539.2,2481094.1333333333
"2024-11-21 00:00:00",351534,896626,41868,7548,1226263,2659378.1666666665,2446754.5
"2024-11-22 00:00:00",565625,1002362,9963,1502,1520732,2654694.8666666667,2441636.3
"2024-11-23 00:00:00",222872,1006614,26355,1625,1474383,2648407.533333333,2447431.466666667
"2024-11-24 00:00:00",282964,1318307,20615,348,884836,2659187.3333333335,2439738.7333333334
"2024-11-25 00:00:00",434084,772274,81044,2990,1791931,2680630.2,2436675.6333333333
"2024-11-26 00:00:00",562559,1274035,5986,5689,1295749,2713526.9,2439903.8
"2024-11-27 00:00:00",462983,1046018,13341,10056,1521820,2718302.6,2433120.533333333
"2024-11-28 00:00:00",276181,612205,3338,224,1385176,2704618.7,2436262.533333333
"2024-11-29 00:00:00",886712,831861,60083,7389,1521316,2723456.6,2446465.933333333
"2024-11-30 00:00:00",248576,982055,7562,82,1003659,2720240.933333333,2438870.933333333
"2024-12-01 00:00:00",615108,680005,8442,1243,786510,2688882.8333333335,2425796.3333333335
"2024-12-02 00:00:00",298184,1102576,27458,8241,1086880,2679596.8333333335,2448727.3
"2024-12-03 00:00:00",192488,820744,32263,10251,1176881,2679823.066666667,2456596.7666666666
"2024-12-04 00:00:00",221485,1159806,35145,1390,1527140,2692082.4,2500596.9
"2024-12-05 00:00:00",418891,668137,25447,6023,1083182,2682203,2509785.7333333334
"2024-12-06 00:00:00",244125,721840,12611,6817,1480856,2675492.533333333,2539945.1333333333
"2024-12-07 00:00:00",371647,1150290,20791,12592,916404,2681683.433333333,2523564.933333333
"2024-12-08 00:00:00",270589,922231,14794,873,1575440,2682376.8666666667,2524210.566666667
"2024-12-09 00:00:00",500663,690639,13853,2809,1687784,2697286,2523090.2333333334
"2024-12-10 00:00:00",145393,670664,21150,4970,794499,2671188.1666666665,2515587.1333333333
"2024-12-11 00:00:00",538332,1485560,10503,1947,1459278,2695514.533333333,2517749.3333333335
"2024-12-12 00:00:00",344582,1062790,14681,9662,1506810,2701680.2666666666,2508360.5
"2024-12-13 00:00:00",314152,916928,6288,304,1692818,2696624.3,2520588.8333333335
"2024-12-14 00:00:00",691368,672911,4251,1490,1679358,2736949.033333333,2518332.6
"2024-12-15 00:00:00",334118,1003079,43420,33,1333121,2713526.5,2511296.2333333334
"2024-12-16 00:00:00",485600,1099021,29594,3104,1285960,2712917.6666666665,2509977.433333333
"2024-12-17 00:00:00",229062,922477,5609,7768,1054233,2696568.4,2535887.1
"2024-12-18 00:00:00",330753,790512,12057,8690,1073641,2669767.433333333,2534991.8
"2024-12-19 00:00:00",510468,1036073,37074,0,1470738,2675955.3,2535902.033333333
"2024-12-20 00:00:00",484210,1025784,31113,9800,1293264,2686092.8666666667,2552997.533333333
"2024-12-21 00:00:00",495398,677930,34461,2180,1507498,2692546.966666667,2571969.3666666667
"2024-12-22 00:00:00",316555,1550319,21846,367,1147648,2690432.033333333,2594676.1666666665
"2024-12-23 00:00:00",480531,919707,12751,10893,1366835,2692394.1666666665,2577932.966666667
"2024-12-24 00:00:00",129147,711300,5018,902,1270924,2679401.5,2533735.466666667
"2024-12-25 00:00:00",72515,732699,4278,82,1992188,2670049.2333333334,2533386.8666666667
"2024-12-26 00:00:00",401168,1304499,12260,1266,964384,2654701.4,2549643.8666666667
"2024-12-27 00:00:00",384472,955744,20792,3826,1233770,2639514.1666666665,2567526.066666667
"2024-12-28 00:00:00",329421,881067,7507,3809,1057704,2639593.7333333334,2566058.433333333
"2024-12-29 00:00:00",380736,1026869,6120,187,1334617,2620966.1333333333,2567789.1
"2024-12-30 00:00:00",319710,1012062,57985,6637,1468388,2641727.933333333,2603168.1
"2024-12-31 00:00:00",124314,560399,23157,3161,960913,2627749.4,2596110.466666667
"2025-01-01 00:00:00",78646,513145,7146,0,1465463,2612451.3333333335,2575409.966666667
"2025-01-02 00:00:00",626949,572812,16835,5061,1634735,2633243.566666667,2555919
"2025-01-03 00:00:00",234765,672497,17991,593,1007514,2599523.566666667,2538661.933333333
"2025-01-04 00:00:00",271444,881091,19328,82,949454,2596847.3666666667,2516195.7333333334
"2025-01-05 00:00:00",163391,674659,7062,1083,1142387,2580924.9,2524481.7333333334
"2025-01-06 00:00:00",324734,677609,31550,1206,1136012,2570904.3666666667,2520054.933333333
"2025-01-07 00:00:00",278517,1440611,8506,228,1445942,2583900.066666667,2504698.8333333335
"2025-01-08 00:00:00",246241,738296,8400,1006,1244926,2562004,2468139.7
"2025-01-09 00:00:00",394981,820192,29730,419,1436861,2596854.2666666666,2468902.8333333335
"2025-01-10 00:00:00",388963,385798,22764,245,1081630,2542980.066666667,2492962.1
"2025-01-11 00:00:00",253476,904676,17086,82,1365564,2529725.3,2502088.5
"2025-01-12 00:00:00",469078,604673,9245,1030,1068783,2503802.6666666665,2483354.7666666666
"2025-01-13 00:00:00",284364,842333,12127,1438,1522811,2490925.7333333334,2462068
"2025-01-14 00:00:00",345420,839815,12007,7696,1287140,2483535.8666666667,2475943.6
"2025-01-15 00:00:00",453071,1124630,32001,7874,1298329,2483956.6666666665,2483383.8
"2025-01-16 00:00:00",379399,820405,8835,87,1329208,2494582.9,2449900.7
"2025-01-17 00:00:00",393238,888078,49731,3970,1649567,2520214.2666666666,2452512
"2025-01-18 00:00:00",104933,1049907,16115,924,1142795,2495558.2333333334,2420090.1333333333
"2025-01-19 00:00:00",440321,680735,20176,82,1467191,2487702.6333333333,2410111.3
"2025-01-20 00:00:00",431832,751965,46885,1794,1570271,2490545.533333333,2392473.3333333335
"2025-01-21 00:00:00",116914,543929,9001,8791,460290,2427285.066666667,2370852.9
"2025-01-22 00:00:00",218125,193324,13217,266,631222,2369466.2333333334,2334916.966666667
"2025-01-23 00:00:00",289142,258590,6476,165,920867,2348064.3333333335,2342692.466666667
"2025-01-24 00:00:00",561065,749534,20496,2259,1359636,2344438.6333333333,2360137.6333333333
"2025-01-25 00:00:00",151939,1101364,11463,976,1495116,2347014.4,2332556.433333333
"2025-01-26 00:00:00",470716,1081945,2910,1579,1083903,2348429.2666666666,2320440
"2025-01-27 00:00:00",509385,1113451,46259,5274,1220049,2368926.4,2308815.066666667
"2025-01-28 00:00:00",191941,955642,27112,4079,1029040,2350902.433333333,2325582.6666666665
"2025-01-29 00:00:00",295431,592158,10806,419,827933,2312967.7333333334,2321116.6666666665
"2025-01-30 00:00:00",370059,819025,22691,283,960620,2329658.8333333335,2338179.6333333333
"2025-01-31 00:00:00",393046,871279,18347,4455,1350410,2348763.533333333,2351678.2
"2025-02-01 00:00:00",354161,791855,18334,2528,1939702,2357103.1666666665,2353019.2666666666
"2025-02-02 00:00:00",328661,623957,25037,1106,1397473,2371865.533333333,2343750.466666667
"2025-02-03 00:00:00",285386,736588,35928,3683,750363,2361550.7333333334,2365635
"2025-02-04 00:00:00",328877,952829,8968,4584,1167819,2377367.3,2324127.966666667
"2025-02-05 00:00:00",259427,246934,12018,0,1064014,2357743.3,2331837.2333333334
"2025-02-06 00:00:00",525718,976578,16109,2586,1028282,2336925.7,2348160.4
"2025-02-07 00:00:00",645756,551731,44983,5438,763129,2329331.5,2395089.2
"2025-02-08 00:00:00",134592,723389,12572,6329,864109,2297958.433333333,2400743.7
"2025-02-09 00:00:00",418889,706682,11199,161,1290369,2316221.8,2385223.033333333
"2025-02-10 00:00:00",282906,971802,35980,2749,1097390,2311219.933333333,2348683.3333333335
"2025-02-11 00:00:00",230207,812215,5694,838,950561,2306110.066666667,2349807.2666666666
"2025-02-12 00:00:00",380295,640714,16465,4275,1613410,2305846.6,2384173.2333333334
"2025-02-13 00:00:00",394805,875070,18683,3762,1351771,2310913.8,2349684.3666666667
"2025-02-14 00:00:00",540986,950581,31725,2966,1214393,2305072.066666667,2362030.9
"2025-02-15 00:00:00",244085,1085824,36533,1973,790011,2292421.7666666666,2398610.8333333335
"2025-02-16 00:00:00",274982,863837,3159,3792,1038032,2265728.7,2394792.1
"2025-02-17 00:00:00",352802,1157927,17008,289,1171426,2278554.6666666665,2420728.8333333335
"2025-02-18 00:00:00",247652,820780,18688,8073,1052365,2263189.933333333,2403559.2333333334
"2025-02-19 00:00:00",452858,620350,28027,184,1784417,2265959.433333333,2420839.7
"2025-02-20 00:00:00",316642,900689,16875,2564,1341684,2313943.933333333,2420415.2333333334
"2025-02-21 00:00:00",661024,712382,13104,3728,1160163,2363752.433333333,2482021.5
"2025-02-22 00:00:00",326545,811801,48766,82,1416477,2401367.2,2519284.1666666665
"2025-02-23 00:00:00",290148,813161,6883,11055,1164752,2387800.933333333,2506826.7333333334
"2025-02-24 00:00:00",429519,594287,43566,4715,1450957,2379873.7333333334,2509562.7666666666
"2025-02-25 00:00:00",403319,717444,14590,7243,682245,2352666.6666666665,2502745.7333333334
"2025-02-26 00:00:00",442190,573161,11181,1089,1715472,2347622.3666666667,2497350.8666666667
"2025-02-27 00:00:00",516392,809326,8215,2083,1328654,2362850.933333333,2494636.2666666666
"2025-02-28 00:00:00",565196,800184,6786,1447,1170509,2390096.8333333335,2474072.9
"2025-03-01 00:00:00",340347,1201357,19318,647,1290054,2412731.5,2483723.1333333333
"2025-03-02 00:00:00",417983,599967,16687,4186,991710,2392497.8,2463802.466666667
"2025-03-03 00:00:00",206719,799420,9031,1239,1142020,2360892.9,2458917
"2025-03-04 00:00:00",464839,768144,21056,4360,1160625,2362319.1333333333,2429550.466666667
"2025-03-05 00:00:00",213743,697756,3736,4930,1404631,2379413.933333333,2414481.5
"2025-03-06 00:00:00",623405,863713,18617,1791,1216896,2388125.466666667,2414652.7
"2025-03-07 00:00:00",459555,800536,27399,0,1221626,2419016.3,2432669.6666666665
"2025-03-08 00:00:00",428985,716616,12451,1306,556071,2391221.6666666665,2428922.2333333334
"2025-03-09 00:00:00",533219,713053,23607,1113,1215446,2407068.1333333333,2408823.8666666667
"2025-03-10 00:00:00",422408,932813,32343,9299,1304696,2439087.1666666665,2398248.6666666665
"2025-03-11 00:00:00",372997,761958,23270,6167,953905,2428787.1,2406299.3666666667
"2025-03-12 00:00:00",186513,678589,58571,419,1412428,2426976.9,2469969.7
"2025-03-13 00:00:00",643532,1186147,12946,2655,2258865,2497131.5,2462607.2666666666
"2025-03-14 00:00:00",636335,934272,10239,6450,1050659,2496557.9,2444808.7333333334
"2025-03-15 00:00:00",525719,792754,25429,89,1129688,2490877.4,2478432.5
"2025-03-16 00:00:00",435923,860884,9586,1041,1786558,2502655.4,2464378.933333333
"2025-03-17 00:00:00",289505,707371,35142,4917,1106304,2502149.1666666665,2446833.466666667
"2025-03-18 00:00:00",392325,736314,26005,3386,1075956,2503822.1,2467508.9
"2025-03-19 00:00:00",379235,734599,40935,2645,1342254,2497162.7666666666,2463063.8333333335
"2025-03-20 00:00:00",425357,811740,16320,1541,1091225,2503783.6,2484850.7333333334
"2025-03-21 00:00:00",310588,1236768,42038,419,1340790,2505275.933333333,2481481.8
"2025-03-22 00:00:00",378959,1026183,39385,3141,887326,2497160.533333333,2508559.7666666666
"2025-03-23 00:00:00",183899,564717,37920,5583,923984,2469350.466666667,2480529.6666666665
"2025-03-24 00:00:00",330096,611143,14861,2023,1299946,2457830.2666666666,2460114.3333333335
"2025-03-25 00:00:00",609217,809345,17823,16628,1084577,2466216.6333333333,2450446.2
"2025-03-26 00:00:00",244502,1014902,15875,360,1725650,2482158.2,2461095.933333333
"2025-03-27 00:00:00",482504,1001581,23740,2348,1199571,2511655.1333333333,2491990.1666666665
"2025-03-28 00:00:00",414948,735343,17254,12114,1473179,2508646.7333333334,2520681.066666667
"2025-03-29 00:00:00",282692,850709,10983,5475,1673489,2513936.033333333,2506679.5
"2025-03-30 00:00:00",311896,585375,14438,9165,1046239,2494702.3666666667,2524535
"2025-03-31 00:00:00",534074,638932,22102,8274,685392,2462604,2501830.1666666665
"2025-04-01 00:00:00",154144,1081717,22224,6802,1700436,2493763.8333333335,2525782.4
"2025-04-02 00:00:00",738019,576072,33111,77,1379371,2512704.433333333,2529693.533333333
"2025-04-03 00:00:00",391964,758935,44630,9193,916407,2502774.8,2546160.8666666667
"2025-04-04 00:00:00",553945,668066,43745,0,1114690,2504629.933333333,2567384.533333333
"2025-04-05 00:00:00",132207,775683,22219,3979,1282647,2487707.033333333,2576562.6333333333
"2025-04-06 00:00:00",196056,830628,14267,2606,849272,2467164.2333333334,2556370.966666667
"2025-04-07 00:00:00",155667,514179,28648,3460,1380126,2479385.8333333335,2543811.3333333335
"2025-04-08 00:00:00",105690,971577,14704,23569,1151956,2472087.8666666667,2553239.2
"2025-04-09 00:00:00",478212,1422987,5548,1553,1454994,2494145.6,2549126.6
"2025-04-10 00:00:00",400891,1058724,17817,5896,1635961,2527512.066666667,2533656.2
"2025-04-11 00:00:00",436724,795126,12069,7575,1263098,2533447.7333333334,2495370.9
"2025-04-12 00:00:00",134531,903811,22403,103,1351104,2477041,2481957.933333333
"2025-04-13 00:00:00",307706,858432,9536,1958,1494671,2478185.8333333335,2473278.3666666667
"2025-04-14 00:00:00",413791,690826,11661,2820,1202735,2473124.4,2449983.1333333333
"2025-04-15 00:00:00",308253,854511,25500,419,523690,2427070.4,2463758.8333333335
"2025-04-16 00:00:00",333579,751992,49050,1351,1429605,2441148.4,2443823.033333333
"2025-04-17 00:00:00",631316,806333,23108,3708,968311,2447774.7,2407477.466666667
"2025-04-18 00:00:00",631224,978974,11641,1770,1775643,2477760.7666666666,2397930.6666666665
"2025-04-19 00:00:00",359119,434902,37832,7711,1152909,2465970.2333333334,2367541.566666667
"2025-04-20 00:00:00",679002,489506,29590,8326,1305378,2452009.966666667,2366817.3666666667
"2025-04-21 00:00:00",324105,956022,39247,7208,1213649,2458851.3333333335,2327355.7666666666
"2025-04-22 00:00:00",387126,812836,33095,7584,1595653,2496191.3,2317150.3333333335
"2025-04-23 00:00:00",337856,612819,8034,4502,1112528,2490113.5,2321355.2666666666
"2025-04-24 00:00:00",377951,718919,40240,3573,1311948,2487281.433333333,2341546.1
"2025-04-25 00:00:00",404055,631479,24483,3184,1236232,2463886.3666666667,2359797.533333333
"2025-04-26 00:00:00",305826,657207,27967,1282,1117470,2443886.5,2332024.7333333334
"2025-04-27 00:00:00",379375,704888,39563,10954,855952,2421816.2333333334,2298625.033333333
"2025-04-28 00:00:00",483028,728298,39943,3443,1270635,2411882.7333333334,2308567.1
"2025-04-29 00:00:00",367478,541837,11922,283,1740908,2435059.966666667,2314353.066666667
"2025-04-30 00:00:00",474539,620024,15660,2779,1233332,2450312.033333333,2318427.566666667
"2025-05-01 00:00:00",434236,808261,16658,2716,968682,2425819.6666666665,2285230.6333333333
"2025-05-02 00:00:00",411648,913793,12734,10291,1729872,2437542.6333333333,2296581.433333333
"2025-05-03 00:00:00",292844,465902,34606,4369,1163835,2432223.566666667,2312252.9
"2025-05-04 00:00:00",200835,581816,9049,2865,896402,2409240.8333333335,2312732.533333333
"2025-05-05 00:00:00",493837,767815,17725,3252,1051767,2413162.9,2293949.533333333
"2025-05-06 00:00:00",377139,663647,7159,10645,1789077,2444990.7,2304480.8666666667
"2025-05-07 00:00:00",297873,884113,35619,1260,1060396,2451563.5,2316539.7666666666
"2025-05-08 00:00:00",267276,609465,34388,2279,1298756,2449719.033333333,2321402.8333333335
"2025-05-09 00:00:00",398877,795705,23349,794,2152130,2449971.1666666665,2319730.3333333335
"2025-05-10 00:00:00",681060,593034,2377,3360,1625740,2442847.1,2346513.433333333
"2025-05-11 00:00:00",380614,736018,70885,2374,892361,2428435.8666666667,2345137.6
"2025-05-12 00:00:00",405904,584859,27965,2858,1301256,2425465.6,2368118.066666667
"2025-05-13 00:00:00",143997,798793,17219,5568,1624567,2422726.9,2373730.2666666666
"2025-05-14 00:00:00",435607,526957,20349,99,946895,2409662.8666666667,2382178.1666666665
"2025-05-15 00:00:00",397206,653560,85073,5215,1538515,2441902.7333333334,2368902.6333333333
"2025-05-16 00:00:00",374923,1063130,7068,14810,1865202,2467221.2333333334,2400924.1
"2025-05-17 00:00:00",320457,684033,22970,613,1253999,2462197.933333333,2399334.6666666665
"2025-05-18 00:00:00",562944,524041,10219,3849,1392929,2432022.2,2392264.8333333335
"2025-05-19 00:00:00",298324,689797,29328,1105,1264725,2441715.8666666667,2391054.7666666666
"2025-05-20 00:00:00",563683,975356,44585,10586,1188385,2450742.3666666667,2376769.033333333
"2025-05-21 00:00:00",238506,814145,29064,8664,1166469,2441296.1,2382634.933333333
"2025-05-22 00:00:00",258506,943451,13992,5512,955143,2419306.2333333334,2398637.3333333335
"2025-05-23 00:00:00",491475,765168,13756,6967,1721567,2450079.466666667,2411633.8666666667
"2025-05-24 00:00:00",305547,428560,16452,5734,1345637,2438389.433333333,2418552.1666666665
"2025-05-25 00:00:00",312809,779081,38078,16881,817915,2427233.6333333333,2420176.3666666667
"2025-05-26 00:00:00",336827,777143,24550,1733,856869,2423479.3666666667,2414694.3
"2025-05-27 00:00:00",315003,818292,52940,9384,1141708,2435032.6666666665,2441296.3666666667
"2025-05-28 00:00:00",281764,849870,15507,4228,1146233,2427441.433333333,2426809.566666667
"2025-05-29 00:00:00",395305,725575,21122,3862,1439437,2424870.5,2426071.533333333
"2025-05-30 00:00:00",397755,713975,9098,9562,1155028,2422839.9,2425650.433333333
"2025-05-31 00:00:00",122535,775405,35250,15927,1289386,2423104.8666666667,2441415.3666666667
"2025-06-01 00:00:00",287932,733829,4300,2382,1305205,2398281.7666666666,2423242.1
"2025-06-02 00:00:00",304414,903622,45981,4543,871556,2403900.3333333335,2393962.066666667
"2025-06-03 00:00:00",327976,522085,10147,7570,868799,2405420.6666666665,2389321.533333333
"2025-06-04 00:00:00",484387,625417,51641,2252,1426783,2413956.6,2409977.9
"2025-06-05 00:00:00",231453,727816,32211,903,1251836,2393841.8,2412625.7666666666
"2025-06-06 00:00:00",576217,1067313,17124,508,1117152,2410476.8333333335,2417954.433333333
"2025-06-07 00:00:00",260787,733122,25289,9154,1583115,2423787.066666667,2423061.3333333335
"2025-06-08 00:00:00",167505,840923,46219,1175,1430099,2394289.3,2420353
"2025-06-09 00:00:00",368524,579501,49707,11267,1621147,2385108.6333333333,2383035.8666666667
"2025-06-10 00:00:00",286149,599865,74989,6871,1170075,2386965.1333333333,2389125.533333333
"2025-06-11 00:00:00",727149,723763,14050,360,756211,2383588.1333333333,2365550.2333333334
"2025-06-12 00:00:00",384368,776604,22162,6821,1395303,2383425.466666667,2376941.2
"2025-06-13 00:00:00",483408,746881,19212,11303,1489635,2410776.4,2388921.1333333333
"2025-06-14 00:00:00",359523,820492,25321,3323,1315710,2405603.033333333,2396219.533333333
"2025-06-15 00:00:00",268443,705988,39248,7840,1007764,2362408,2371246.2333333334
"2025-06-16 00:00:00",215923,505358,29918,1796,1059598,2346758.7,2379067.066666667
"2025-06-17 00:00:00",250330,565509,21739,7306,1961423,2357169.4,2396757.7333333334
"2025-06-18 00:00:00",461364,710663,25455,3497,1214249,2361567.8,2433121.9
"2025-06-19 00:00:00",432591,804292,18055,4479,1110472,2347811.1,2415128.9
"2025-06-20 00:00:00",578319,536546,38393,4378,1199642,2351158.7333333334,2421326.7
"2025-06-21 00:00:00",406487,950977,27036,871,1119962,2362116.3,2436505.6
"2025-06-22 00:00:00",257445,549834,19871,1465,1290104,2332775.933333333,2436313.8666666667
"2025-06-23 00:00:00",225293,458395,10438,9708,631314,2307216.6333333333,2401030.8
"2025-06-24 00:00:00",487014,758213,58550,818,1909832,2348872.2666666666,2402461.1666666665
"2025-06-25 00:00:00",210015,806088,47922,7126,1136618,2355893.8666666667,2422501.9
"2025-06-26 00:00:00",444245,823299,20725,646,1273244,2363388.1,2400530.966666667
"2025-06-27 00:00:00",312981,695043,33312,580,1547676,2373120.8666666667,2429651
"2025-06-28 00:00:00",504188,533977,41255,574,1283801,2365737.2666666666,2442823.566666667
"2025-06-29 00:00:00",309957,553125,35852,1226,1312038,2363296.7333333334,2459331.8666666667
"2025-06-30 00:00:00",235260,1071864,10971,9801,980647,2365631.433333333,2447510.8
"2025-07-01 00:00:00",151627,958123,8822,12124,1027336,2359777.7,2453509
"2025-07-02 00:00:00",337926,765463,13802,2600,1018121,2360037.6333333333,2478580.7666666666
"2025-07-03 00:00:00",292792,674263,8706,639,1178204,2373971.8666666667,2491709.5
"2025-07-04 00:00:00",565869,615985,1047,283,851294,2355438.466666667,2477279
"2025-07-05 00:00:00",252909,565318,55744,1234,1224418,2350618.566666667,2456533.466666667
"2025-07-06 00:00:00",331757,458938,9828,359,1464505,2333520.8333333335,2436318.9
"2025-07-07 00:00:00",257004,744773,35122,8165,1352470,2326389.7666666666,2401632.6666666665
"2025-07-08 00:00:00",185530,599124,16126,3108,912769,2300747.533333333,2375452
"2025-07-09 00:00:00",176929,834965,37781,10693,1301365,2291800.4,2406748.2333333334
"2025-07-10 00:00:00",749867,953012,5973,3984,996903,2310860.2333333334,2377457
"2025-07-11 00:00:00",344534,418221,32626,115,1792539,2323077,2377603.066666667
"2025-07-12 00:00:00",108355,829635,1886,7954,1135244,2306337.4,2384227.1666666665
"2025-07-13 00:00:00",451167,857637,45486,327,1756060,2318345.2,2373380.2
"2025-07-14 00:00:00",204746,565841,13634,640,1251243,2302069.8333333335,2336008.5
"2025-07-15 00:00:00",401503,859596,32478,8654,891707,2307558.466666667,2360245.1
"2025-07-16 00:00:00",998050,531171,10607,4760,1058460,2333906.933333333,2350629.966666667
"2025-07-17 00:00:00",322585,597023,15975,2018,1047868,2306545.8333333335,2347358.2333333334
"2025-07-18 00:00:00",620866,907242,7900,2868,1280890,2320030.3666666667,2312996.466666667
"2025-07-19 00:00:00",230761,983826,28972,9354,932412,2313878.1333333333,2340697.2666666666
"2025-07-20 00:00:00",298060,521770,35945,2506,1099078,2300547.466666667,2358774.466666667
"2025-07-21 00:00:00",262193,830800,21085,8063,1433785,2302234.1333333333,2327689.8666666667
"2025-07-22 00:00:00",238432,666865,21236,7043,1478354,2312007.7666666666,2342596.8666666667
"2025-07-23 00:00:00",458828,740829,20854,2384,1122095,2345669.1,2373255
"2025-07-24 00:00:00",545524,667908,19782,9328,1518613,2330560.033333333,2380381.033333333
"2025-07-25 00:00:00",290849,927548,34158,5974,1226807,2339812.2666666666,2381722
"2025-07-26 00:00:00",157656,702259,34622,527,1162630,2322996.9,2389694.6333333333
"2025-07-27 00:00:00",267548,1051860,20507,9759,1168131,2320604.033333333,2383433.933333333
"2025-07-28 00:00:00",169245,454554,44187,6563,1097678,2300885.2333333334,2363778.033333333
"2025-07-29 00:00:00",487416,1082790,12808,13021,1422134,2327751.033333333,2339082.1
"2025-07-30 00:00:00",208436,477159,28964,3335,968722,2307019.966666667,2343232.066666667
"2025-07-31 00:00:00",388663,589177,16238,461,938214,2299510.6666666665,2353834.3333333335
"2025-08-01 00:00:00",880373,954116,28324,1838,1056803,2325628.8666666667,2347958.7666666666
"2025-08-02 00:00:00",221105,957175,39907,342,1262765,2336518.466666667,2328637.533333333
"2025-08-03 00:00:00",167809,506445,19492,11895,734160,2316696.033333333,2345057.466666667
"2025-08-04 00:00:00",236943,1043003,9239,2266,934451,2320905.433333333,2348402.6333333333
"2025-08-05 00:00:00",296000,825412,14536,7062,1468923,2332457.033333333,2345031.566666667
"2025-08-06 00:00:00",259518,731142,15081,11430,1442813,2334538.6,2357215
"2025-08-07 00:00:00",461770,589708,31325,9600,1156334,2352274.6,2405140.7666666666
"2025-08-08 00:00:00",350287,1041324,7458,795,1444293,2368355.433333333,2423252.6333333333
"2025-08-09 00:00:00",289368,698079,32759,1533,1114545,2349240.3,2463599.5
"2025-08-10 00:00:00",142175,579218,24298,5786,1245215,2329528.8333333335,2472193.6
"2025-08-11 00:00:00",241381,953810,85439,7185,1464293,2351830.1,2436253.966666667
"2025-08-12 00:00:00",423444,611572,37670,8185,1381580,2330222.8666666667,2443471
"2025-08-13 00:00:00",601913,819148,15838,366,1288073,2353197.3333333335,2480448.4
"2025-08-14 00:00:00",268300,920987,45628,618,1888566,2384202.6,2460743.433333333
"2025-08-15 00:00:00",420903,1117786,6879,1320,943191,2380436.933333333,2462859.3
"2025-08-16 00:00:00",224799,946622,15135,0,1591975,2406872.3333333335,2469827.933333333
"2025-08-17 00:00:00",397145,726659,31047,5874,1242914,2393001.433333333,2472468.3333333335
"2025-08-18 00:00:00",333205,690656,7706,6591,1658752,2410054.2333333334,2479761.8
"2025-08-19 00:00:00",331730,746876,19846,1658,1407648,2428400.933333333,2458915.6666666665
"2025-08-20 00:00:00",150931,841055,15686,6131,833066,2404765.433333333,2488728.033333333
"2025-08-21 00:00:00",980882,548373,8499,5020,1405597,2422646.7,2472337.7333333334
"2025-08-22 00:00:00",289657,860644,29968,9183,1236916,2425359.2666666666,2450426.466666667
"2025-08-23 00:00:00",301219,789729,25079,2791,1218967,2411246.8,2440738.1666666665
"2025-08-24 00:00:00",281519,671868,19239,16282,1587351,2414277.6333333333,2441189.5
"2025-08-25 00:00:00",242504,699405,27046,8808,1444211,2426420.3333333335,2433429.3666666667
"2025-08-26 00:00:00",368921,712998,22189,15710,1458928,2428451.9,2412897.6666666665
"2025-08-27 00:00:00",427292,777340,31899,607,1332949,2455047.3,2412231.6666666665
"2025-08-28 00:00:00",449419,807231,43437,2812,942939,2429302.966666667,2441034.933333333
"2025-08-29 00:00:00",573947,683404,36774,285,1487306,2465806.466666667,2448272.433333333
"2025-08-30 00:00:00",272992,778379,39614,3660,1307442,2481450.7666666666,2450521.2
"2025-08-31 00:00:00",296733,703592,6525,1775,1211960,2458088.2333333334,2447353.3666666667
"2025-09-01 00:00:00",167702,516353,21303,8308,1230666,2440189.5,2438324.933333333
"2025-09-02 00:00:00",340404,667860,49040,5407,1087840,2463881.2333333334,2409460.2
"2025-09-03 00:00:00",552642,962287,12618,4311,1430708,2488436.6333333333,2436001.433333333
"2025-09-04 00:00:00",292099,541239,20154,1784,1573175,2482320.6333333333,2441107.7333333334
"2025-09-05 00:00:00",401456,1255962,47009,3224,1051375,2492288.8666666667,2462146.9
"2025-09-06 00:00:00",228154,363954,43283,910,1215935,2479072.1333333333,2452858.466666667
"2025-09-07 00:00:00",515796,740371,1365,774,1303457,2469658.9,2427974.5
"2025-09-08 00:00:00",290845,922101,33245,3312,1122237,2477507.3666666667,2400389.2666666666
"2025-09-09 00:00:00",416930,683559,66653,7950,1594632,2503275.1666666665,2403278
"2025-09-10 00:00:00",352928,869078,32363,3565,1597903,2506732.6,2374453
"2025-09-11 00:00:00",479160,1010834,4754,20274,1056126,2510355.6333333333,2345813.1
"2025-09-12 00:00:00",639428,945029,63845,4313,1083915,2510728.966666667,2347657.4
"2025-09-13 00:00:00",246828,599255,13043,526,1346031,2480115.033333333,2399375.3
"2025-09-14 00:00:00",189877,702835,35918,3789,1343366,2472971.8,2415277.6333333333
"2025-09-15 00:00:00",386832,1018618,15736,2286,1857549,2489721.5,2399890.2
"2025-09-16 00:00:00",253065,631985,18733,1972,1416932,2487022.933333333,2431442.5
"2025-09-17 00:00:00",303156,1172269,40398,0,1568290,2499929.9,2428998.6333333333
"2025-09-18 00:00:00",568165,939076,34114,2809,1765545,2526661.6333333333,2467418.566666667
"2025-09-19 00:00:00",368213,636390,36826,3435,1726532,2557479.2666666666,2454525.7333333334
"2025-09-20 00:00:00",441186,596915,16119,11278,1225348,2535561.8333333335,2481032.2666666666
"2025-09-21 00:00:00",314266,901483,21259,8707,1388901,2542503.6,2485448
"2025-09-22 00:00:00",368773,841040,13620,3747,1338499,2550100.1333333333,2468359.933333333
"2025-09-23 00:00:00",220518,1039983,16140,8393,1285726,2549916.7,2453182.2
"2025-09-24 00:00:00",369860,693735,20491,1956,1398573,2552004.6666666665,2440718.3333333335
"2025-09-25 00:00:00",408292,910363,8427,818,892857,2540071.6,2452628.7333333334
"2025-09-26 00:00:00",578753,887980,12499,360,1540800,2555081.7666666666,2463509.6
"2025-09-27 00:00:00",240828,865435,15735,4647,1449143,2566080.033333333,2470897.3666666667
"2025-09-28 00:00:00",235062,623130,11793,370,1433780,2550160.566666667,2492981.466666667
"2025-09-29 00:00:00",367500,677089,10527,4626,1682841,2561510.433333333,2488057.933333333
"2025-09-30 00:00:00",348317,813677,56837,1244,1137549,2566078.433333333,2483526.2333333334
"2025-10-01 00:00:00",505089,595863,28949,291,1069590,2574593.6333333333,2492947.8
"2025-10-02 00:00:00",391750,792372,21006,13475,1565886,2595724.933333333,2508936.066666667
"2025-10-03 00:00:00",568210,794390,27887,242,1339202,2587970.3333333335,2511934.6666666665
"2025-10-04 00:00:00",157880,644552,19293,327,1343617,2579210.933333333,2529035.5
"2025-10-05 00:00:00",334946,478488,8455,2744,1482075,2564133.5,2534652.1333333333
"2025-10-06 00:00:00",330169,781269,30946,4348,1800192,2600623.2666666666,2516128.933333333
"2025-10-07 00:00:00",329513,1072484,16735,7396,1231392,2603815.3,2509713.7
"2025-10-08 00:00:00",281512,664272,68675,2178,1395270,2605154.1666666665,2528537.033333333
"2025-10-09 00:00:00",222897,892584,34540,586,1370346,2596861.7666666666,2528986.1
"2025-10-10 00:00:00",498086,806481,9745,2942,1448803,2593869.2,2568150.9
"2025-10-11 00:00:00",560678,792539,24625,754,1477844,2603378.966666667,2589404.1666666665
"2025-10-12 00:00:00",292325,606379,23379,1932,1376742,2588852.8333333335,2562264.7666666666
"2025-10-13 00:00:00",161892,1085946,18845,4644,1400526,2604392.066666667,2513933.3
"2025-10-14 00:00:00",472199,857075,19279,8016,1314586,2617571.1333333333,2536893.9
"2025-10-15 00:00:00",213950,903280,41298,7484,1547404,2598650.9,2541243.1
"2025-10-16 00:00:00",363588,912140,11586,6380,1730316,2622028.466666667,2540879.6666666665
"2025-10-17 00:00:00",792613,906052,25439,553,1090151,2613051.6333333333,2556297
"2025-10-18 00:00:00",271642,807545,19538,4803,1409795,2586505.6333333333,2547196.7333333334
"2025-10-19 00:00:00",480345,635112,35860,1315,1333843,2577008.4,2539825.6333333333
"2025-10-20 00:00:00",185203,745854,26211,227,1408411,2579510.1333333333,2511849
"2025-10-21 00:00:00",336879,663452,18544,12926,1015079,2559918.8,2513976.6
"2025-10-22 00:00:00",477024,738271,42045,1783,1589328,2569344.433333333,2514154.7333333334
"2025-10-23 00:00:00",404437,1238499,32521,2931,1258049,2581533.7333333334,2546444.6
"2025-10-24 00:00:00",366437,819198,54529,6970,1213124,2580721.933333333,2577862.2
"2025-10-25 00:00:00",343190,710558,24673,1265,1499102,2592656.2,2572598.566666667
"2025-10-26 00:00:00",259231,878966,16755,2273,942012,2561950.933333333,2560462.1666666665
"2025-10-27 00:00:00",436980,737546,6804,910,1412960,2562597.966666667,2528244.1
"2025-10-28 00:00:00",308381,555301,14233,3675,1257581,2557099.1,2525380
"2025-10-29 00:00:00",339148,875279,34499,779,1459321,2555980.6,2532598.933333333
"2025-10-30 00:00:00",369748,622274,46319,870,1018114,2545970.533333333,2553003.933333333
"2025-10-31 00:00:00",441875,1009654,19946,1475,1311224,2565450.2333333334,2553655.8333333335
"2025-11-01 00:00:00",298263,1148882,8316,3380,1313521,2565045.9,2581419.066666667
"2025-11-02 00:00:00",254381,776702,5219,3115,844964,2536860.8,2573604.1
"2025-11-03 00:00:00",215402,921565,21867,4644,918755,2534079.7666666666,2558933.6666666665
"2025-11-04 00:00:00",225318,785282,8893,7525,1572846,2543851.6,2547154.3666666667
"2025-11-05 00:00:00",660287,1113066,8327,1689,1170067,2544068.6,2567341.2333333334
"2025-11-06 00:00:00",399503,823916,12148,446,1480831,2546046,2575807.6333333333
"2025-11-07 00:00:00",614739,868859,9378,10279,1249110,2557394.7333333334,2565232.1333333333
"2025-11-08 00:00:00",441559,962494,6165,2211,991342,2553488.6333333333,2579643.6
"2025-11-09 00:00:00",231614,798201,19970,501,1664360,2551774.8666666667,2585345.2333333334
"2025-11-10 00:00:00",214669,756238,40219,306,1007751,2523866.1666666665,2591244.7
"2025-11-11 00:00:00",359366,505657,9883,4274,1512629,2526901.3,2620061.6666666665
"2025-11-12 00:00:00",523511,818923,5526,348,1347781,2527708.933333333,2637275.3666666667
"2025-11-13 00:00:00",483659,940820,3492,1491,1247411,2527899.5,2636954.6
"2025-11-14 00:00:00",444786,741619,29489,4182,1566316,2530332.2,2619485.1666666665
"2025-11-15 00:00:00",380346,1143966,29058,263,1364446,2526800.933333333,2628871.966666667
"2025-11-16 00:00:00",487568,586532,31226,1420,1470863,2518893.9,2630651.1333333333
"2025-11-17 00:00:00",277308,1302546,5221,4744,1103184,2524883.033333333,2621043.1
"2025-11-18 00:00:00",247371,542567,43208,15500,1229919,2511285.966666667,2643066.966666667
"2025-11-19 00:00:00",338241,764016,21372,129,1250281,2511557.2333333334,2658151.8
"2025-11-20 00:00:00",311401,697209,32994,833,1868310,2540352.8666666667,2658539.2
"2025-11-21 00:00:00",487477,724626,19541,768,1138703,2524441.7666666666,2659378.1666666665
"2025-11-22 00:00:00",382943,1252728,37421,3324,1574667,2534929.9,2654694.8666666667
"2025-11-23 00:00:00",446006,854722,23336,3928,1227902,2538117.7666666666,2648407.533333333
"2025-11-24 00:00:00",514647,891419,20973,494,1422149,2547147.433333333,2659187.3333333335
"2025-11-25 00:00:00",215237,991384,6349,4654,1486641,2567314.933333333,2680630.2
"2025-11-26 00:00:00",809300,854946,2800,348,1900894,2599751.2666666666,2713526.9
"2025-11-27 00:00:00",199853,528277,2431,9573,1255948,2594981.6666666665,2718302.6
"2025-11-28 00:00:00",386107,880123,13941,801,1388718,2593670.4,2704618.7
"2025-11-29 00:00:00",424885,1119760,6114,742,1389615,2623130.1666666665,2723456.6
"2025-11-30 00:00:00",187477,789914,15066,6126,1207006,2603843.933333333,2720240.933333333
"2025-12-01 00:00:00",261648,699663,21452,814,777441,2570132.466666667,2688882.8333333335
"2025-12-02 00:00:00",147887,1121297,53721,9080,1898468,2615001.8,2679596.8333333335
"2025-12-03 00:00:00",414811,811457,33396,3576,1079867,2623697.3666666667,2679823.066666667
"2025-12-04 00:00:00",165413,741077,3191,6364,2056842,2636131.5,2692082.4
"2025-12-05 00:00:00",609769,791319,30059,0,1333577,2629841.033333333,2682203
"2025-12-06 00:00:00",395908,1024808,19373,3476,819416,2614712.2,2675492.533333333
"2025-12-07 00:00:00",275377,581931,42903,625,1340094,2597664.2,2681683.433333333
"2025-12-08 00:00:00",201942,638938,8715,1577,1734946,2603742.5,2682376.8666666667
"2025-12-09 00:00:00",326396,829186,30997,5816,1845449,2614515.8666666667,2697286
"2025-12-10 00:00:00",485463,777611,38914,502,1434580,2638445.5,2671188.1666666665
"2025-12-11 00:00:00",372208,630962,13688,1243,1362872,2638084.3333333335,2695514.533333333
"2025-12-12 00:00:00",369961,673100,51824,457,865555,2613578.033333333,2701680.2666666666
"2025-12-13 00:00:00",440539,881675,11099,12065,1100859,2605890.1333333333,2696624.3
"2025-12-14 00:00:00",362843,600120,40936,359,1190163,2586157.6,2736949.033333333
"2025-12-15 00:00:00",440827,765516,25358,467,1676886,2585856.933333333,2713526.5
"2025-12-16 00:00:00",247354,1028995,15812,12134,1482571,2592832.5,2712917.6666666665
"2025-12-17 00:00:00",566534,757155,41824,3772,1327405,2592955.3666666667,2696568.4
"2025-12-18 00:00:00",303841,859823,6910,222,979189,2595335.933333333,2669767.433333333
"2025-12-19 00:00:00",549583,590478,30583,1295,2094074,2625068.6,2675955.3
"2025-12-20 00:00:00",494559,1004705,41042,640,2238438,2654023.2666666666,2686092.8666666667
"2025-12-21 00:00:00",220899,607400,2056,1093,1120417,2640048.1333333333,2692546.966666667
"2025-12-22 00:00:00",237255,1038052,15407,4720,271868,2583922.066666667,2690432.033333333
"2025-12-23 00:00:00",728418,869850,16190,2825,1176074,2591837.3666666667,2692394.1666666665
"2025-12-24 00:00:00",199409,593019,9831,1156,668395,2545908.4,2679401.5
"2025-12-25 00:00:00",91163,373244,51892,4363,1791319,2532832.2,2670049.2333333334
"2025-12-26 00:00:00",325995,852025,11046,8588,1872797,2516237.7333333334,2654701.4
"2025-12-27 00:00:00",260542,1437199,41297,4941,1783863,2567296.6666666665,2639514.1666666665
"2025-12-28 00:00:00",479675,775532,22791,5297,1324301,2565226.8,2639593.7333333334
"2025-12-29 00:00:00",380584,1080960,29578,343,968431,2549186.1333333333,2620966.1333333333
"2025-12-30 00:00:00",397370,579837,3243,13269,1492383,2558536.6666666665,2641727.933333333
"2025-12-31 00:00:00",67585,655946,6962,82,1234272,2565330.966666667,2627749.4
"2026-01-01 00:00:00",157306,621393,17417,0,1447289,2532429.2666666666,2612451.3333333335
"2026-01-02 00:00:00",305584,504096,17658,2852,1759667,2540654.466666667,2633243.566666667
"2026-01-03 00:00:00",413099,1096457,18404,4659,1208063,2532914.2333333334,2599523.566666667
"2026-01-04 00:00:00",487239,795276,9616,0,1460768,2532520.066666667,2596847.3666666667
"2026-01-05 00:00:00",372403,727560,21028,1811,1533281,2545623.5,2580924.9
"2026-01-06 00:00:00",185870,856067,35727,1787,1522491,2557657.1333333333,2570904.3666666667
"2026-01-07 00:00:00",471458,786606,5573,2469,1390097,2559993.3,2583900.066666667
"2026-01-08 00:00:00",297402,616615,11144,208,1395878,2536106.6666666665,2562004
"2026-01-09 00:00:00",682633,1286223,14034,867,1306159,2554535.033333333,2596854.2666666666
"2026-01-10 00:00:00",229500,845621,17846,1543,1564947,2563817.7666666666,2542980.066666667
"2026-01-11 00:00:00",292738,809347,10192,1242,1484696,2585061.6333333333,2529725.3
"2026-01-12 00:00:00",432370,943222,19731,269,1299746,2593365.066666667,2503802.6666666665
"2026-01-13 00:00:00",187324,1111507,6625,8021,1223702,2604790.2666666666,2490925.7333333334
"2026-01-14 00:00:00",346914,1199395,12492,2364,1248753,2601485.8,2483535.8666666667
"2026-01-15 00:00:00",175430,898367,40954,4360,1468457,2594842.4,2483956.6666666665
"2026-01-16 00:00:00",570495,959389,34358,1841,1715209,2614329.3333333335,2494582.9
"2026-01-17 00:00:00",475892,597007,49996,303,1302752,2623528.2666666666,2520214.2666666666
"2026-01-18 00:00:00",162107,862282,1359,6603,1154513,2587556.4,2495558.2333333334
"2026-01-19 00:00:00",298552,848521,25204,736,1192147,2540415.433333333,2487702.6333333333
"2026-01-20 00:00:00",186857,763262,9088,5912,1504607,2557677.7666666666,2490545.533333333
"2026-01-21 00:00:00",487526,1090985,8374,419,1565002,2610511.1333333333,2427285.066666667
"2026-01-22 00:00:00",505572,752836,29766,10113,834915,2588505.933333333,2369466.2333333334
"2026-01-23 00:00:00",472741,664406,9627,5448,1013939,2611651.1,2348064.3333333335
"2026-01-24 00:00:00",238727,460937,12445,4178,1638812,2613088.433333333,2344438.6333333333
"2026-01-25 00:00:00",267457,853092,1123,571,830707,2575838.1666666665,2347014.4
"2026-01-26 00:00:00",356719,638119,10669,1873,952851,2523584.4,2348429.2666666666
"2026-01-27 00:00:00",166213,1016661,13209,17458,2006884,2544012.2333333334,2368926.4
"2026-01-28 00:00:00",360011,615628,36833,6694,1484249,2545462.966666667,2350902.433333333
"2026-01-29 00:00:00",218573,647693,12884,14180,1117468,2529619.3333333335,2312967.7333333334
"2026-01-30 00:00:00",391809,999989,30616,354,1464629,2560371.033333333,2329658.8333333335
"2026-01-31 00:00:00",350457,615900,21166,4067,1257648,2560565.5,2348763.533333333
"2026-02-01 00:00:00",250780,661039,23921,4455,1521318,2556287.2,2357103.1666666665
"2026-02-02 00:00:00",241565,573387,17402,6429,1091496,2529273.8333333335,2371865.533333333
"2026-02-03 00:00:00",356026,477822,9691,7975,1202645,2505982.4,2361550.7333333334
"2026-02-04 00:00:00",360009,1198437,34008,21,1530548,2521547.1666666665,2377367.3
"2026-02-05 00:00:00",708039,532221,12560,5210,1303464,2520199.033333333,2357743.3
"2026-02-06 00:00:00",597593,1169931,64033,3987,1263903,2534973.933333333,2336925.7
"2026-02-07 00:00:00",414067,498449,17882,283,1391482,2535004.6333333333,2329331.5
"2026-02-08 00:00:00",571808,742752,10411,1087,1242107,2510946.1666666665,2297958.433333333
"2026-02-09 00:00:00",406234,904268,40438,1656,1699304,2524027.6333333333,2316221.8
"2026-02-10 00:00:00",415411,947024,52403,7255,1003889,2518286.6333333333,2311219.933333333
"2026-02-11 00:00:00",339936,890784,18242,1095,1352929,2515208.066666667,2306110.066666667
"2026-02-12 00:00:00",380968,697345,34141,5515,1023779,2502027,2305846.6
"2026-02-13 00:00:00",579679,454304,21159,2516,750866,2468647.1,2310913.8
"2026-02-14 00:00:00",215579,880929,29176,419,1161019,2458632.1,2305072.066666667
"2026-02-15 00:00:00",529716,999431,8158,758,1443921,2448654.933333333,2292421.7666666666
"2026-02-16 00:00:00",262590,713996,20165,366,1173944,2440158.6666666665,2265728.7
"2026-02-17 00:00:00",257547,871353,8207,2656,1138586,2443208.2,2278554.6666666665
"2026-02-18 00:00:00",417165,730224,64390,4815,1792428,2464670.466666667,2263189.933333333
"2026-02-19 00:00:00",424586,778592,33591,419,1589608,2476572.566666667,2265959.433333333
"2026-02-20 00:00:00",535091,917128,39271,345,873462,2450339,2313943.933333333
"2026-02-21 00:00:00",374935,545119,11022,263,1252346,2452021.7333333334,2363752.433333333
"2026-02-22 00:00:00",171067,759298,31634,3419,1375639,2457851.533333333,2401367.2
"2026-02-23 00:00:00",301833,710471,22255,7243,1246142,2455613.1666666665,2387800.933333333
"2026-02-24 00:00:00",387408,1011014,20664,7731,1873442,2500523.6666666665,2379873.7333333334
"2026-02-25 00:00:00",202331,779549,7757,13778,1114038,2505764.2666666666,2352666.6666666665
"2026-02-26 00:00:00",301598,846149,17104,5726,1741608,2495489.6,2347622.3666666667
"2026-02-27 00:00:00",287992,1033083,23487,12125,1297635,2500519.966666667,2362850.933333333
"2026-02-28 00:00:00",366665,813869,13781,2971,1458157,2522008.2666666666,2390096.8333333335
"2026-03-01 00:00:00",462109,1047063,43987,1225,1459053,2526209.466666667,2412731.5
"2026-03-02 00:00:00",170523,821892,31744,165,1673197,2541152.1666666665,2392497.8
"2026-03-03 00:00:00",370841,690622,43213,511,1802456,2556023.2,2360892.9
"2026-03-04 00:00:00",320559,876010,37586,6936,1058340,2568328.3666666667,2362319.1333333333
"2026-03-05 00:00:00",413617,860436,24191,2441,947938,2574810.533333333,2379413.933333333
"2026-03-06 00:00:00",664713,1002823,21602,4555,1460049,2575834.566666667,2388125.466666667
"2026-03-07 00:00:00",245031,1193250,8199,5355,1864750,2601004.2666666666,2419016.3
"2026-03-08 00:00:00",551637,731436,11451,1761,1320240,2584906.8333333335,2391221.6666666665
"2026-03-09 00:00:00",231948,1142085,19982,1605,1762627,2612776.3666666667,2407068.1333333333
"2026-03-10 00:00:00",257259,742467,76802,7393,1459852,2611963.3,2439087.1666666665
"2026-03-11 00:00:00",383919,731100,3482,3352,1240556,2588980.1333333333,2428787.1
"2026-03-12 00:00:00",653573,768037,21445,4312,1487661,2605948.3333333335,2426976.9
"2026-03-13 00:00:00",681072,669101,26484,4148,1403691,2611998.8666666667,2497131.5
"2026-03-14 00:00:00",250711,919292,55508,3570,1748016,2639843.966666667,2496557.9
"2026-03-15 00:00:00",354074,1201090,9258,6394,1368798,2677547.1666666665,2490877.4
"2026-03-16 00:00:00",309157,592997,19145,302,610514,2652380.3666666667,2502655.4
"2026-03-17 00:00:00",724843,1134632,44362,2641,1948224,2681471.066666667,2502149.1666666665
"2026-03-18 00:00:00",681302,785641,82246,360,1383355,2706865.7333333334,2503822.1
"2026-03-19 00:00:00",392468,1010254,32416,8815,1415133,2726223.566666667,2497162.7666666666
"2026-03-20 00:00:00",454861,913005,25825,9307,1792322,2732433.433333333,2503783.6
"2026-03-21 00:00:00",289935,721587,17681,4465,1145491,2710845.566666667,2505275.933333333
"2026-03-22 00:00:00",411737,754685,25477,6543,1234230,2713091.4,2497160.533333333
"2026-03-23 00:00:00",315234,630465,21786,6953,1841725,2734174,2469350.466666667
"2026-03-24 00:00:00",269737,941844,45922,6659,1567630,2750531.9,2457830.2666666666
"2026-03-25 00:00:00",222930,890534,31409,983,1495586,2762315.066666667,2466216.6333333333
"2026-03-26 00:00:00",399410,977295,40872,18228,1431271,2747875.5,2482158.2
"2026-03-27 00:00:00",807802,1335783,46682,1433,2017026,2817584.7,2511655.1333333333
"2026-03-28 00:00:00",338612,741919,33346,1369,1800039,2817687.8,2508646.7333333334
"2026-03-29 00:00:00",357488,635949,374,1976,2214695,2836226.3,2513936.033333333
"2026-03-30 00:00:00",340522,693934,25001,6202,1290975,2826266.066666667,2494702.3666666667
"2026-03-31 00:00:00",298490,1019519,5833,7621,1041601,2804920.3333333335,2462604
"2026-04-01 00:00:00",495082,866466,24495,13191,1271181,2804016.8666666667,2493763.8333333335
"2026-04-02 00:00:00",447755,905413,8143,3658,1971847,2818322.6,2512704.433333333
"2026-04-03 00:00:00",582090,692974,19393,3455,1939466,2849587.466666667,2502774.8
"2026-04-04 00:00:00",238342,620362,16754,4764,1574098,2856444.1,2504629.933333333
"2026-04-05 00:00:00",222017,599472,2007,2084,1481553,2828223.6,2487707.033333333
"2026-04-06 00:00:00",334876,1019107,13404,555,2246366,2838147.7,2467164.2333333334
"2026-04-07 00:00:00",218043,754243,10351,11659,1423845,2831534.8,2479385.8333333335
"2026-04-08 00:00:00",296839,561287,28075,3290,1999122,2822546.933333333,2472087.8666666667
"2026-04-09 00:00:00",289229,519126,9485,7009,1221650,2805971.066666667,2494145.6
"2026-04-10 00:00:00",579141,686573,47567,575,1645547,2825870.966666667,2527512.066666667
"2026-04-11 00:00:00",355003,954809,5581,3749,1727992,2829607.8666666667,2533447.7333333334
"2026-04-12 00:00:00",496253,498114,13316,359,1140998,2808425.933333333,2477041
"2026-04-13 00:00:00",234348,1113394,26179,2698,1703013,2811843.6333333333,2478185.8333333335
"2026-04-14 00:00:00",390642,894627,16085,4288,1823312,2818154.9,2473124.4
"2026-04-15 00:00:00",647094,1335143,14874,2030,1797135,2893626.966666667,2427070.4
"2026-04-16 00:00:00",458864,1054093,32514,129,1623542,2870775.1666666665,2441148.4
"2026-04-17 00:00:00",585588,467161,8205,392,1551951,2860121.6333333333,2447774.7
"2026-04-18 00:00:00",219429,1002834,30216,1434,1764487,2865432.433333333,2477760.7666666666
"2026-04-19 00:00:00",340307,920901,15434,6917,1423818,2849167.566666667,2465970.2333333334
"2026-04-20 00:00:00",443290,1098483,13962,5041,1676546,2884439.6666666665,2452009.966666667
"2026-04-21 00:00:00",106449,814597,18233,10977,1901868,2898421.466666667,2458851.3333333335
"2026-04-22 00:00:00",436353,1234247,4206,1361,1779976,2919754.2,2496191.3
"2026-04-23 00:00:00",407574,774317,20600,4121,1614565,2919400.433333333,2490113.5
"2026-04-24 00:00:00",362133,1000146,11747,184,1690845,2933521.033333333,2487281.433333333
"2026-04-25 00:00:00",482971,765036,16904,4509,1869286,2942575.3333333335,2463886.3666666667
"2026-04-26 00:00:00",262177,961715,21677,359,1413203,2890922.1,2443886.5
"2026-04-27 00:00:00",460755,837678,4895,8368,2240442,2912150.6,2421816.2333333334
"2026-04-28 00:00:00",285223,535606,76956,2276,1127670,2872725.6,2411882.7333333334
"2026-04-29 00:00:00",585287,655146,38153,4822,1827373,2897863.8,2435059.966666667
"2026-04-30 00:00:00",345007,687881,18388,2991,1873554,2916355.8,2450312.033333333
"2026-05-01 00:00:00",738242,468728,14590,899,1547462,2919672.7666666666,2425819.6666666665
"2026-05-02 00:00:00",504367,724762,46950,266,1239720,2892314.5,2437542.6333333333
"2026-05-03 00:00:00",201309,584135,43161,5466,1165104,2851040.8666666667,2432223.566666667
"2026-05-04 00:00:00",409016,1091582,26317,5498,1711351,2877355.7333333334,2409240.8333333335
"2026-05-05 00:00:00",149933,954389,23800,15010,2483302,2921332.533333333,2413162.9
"2026-05-06 00:00:00",448268,850910,23337,3438,1586790,2897947,2444990.7
"2026-05-07 00:00:00",204065,659349,50348,0,1859203,2909774.3666666667,2451563.5
"2026-05-08 00:00:00",420991,788760,19737,2636,1499850,2904553.066666667,2449719.033333333
"2026-05-09 00:00:00",354034,567968,9721,510,1398847,2914038.966666667,2449971.1666666665
"2026-05-10 00:00:00",181879,801834,59044,3521,1304370,2893747.1666666665,2442847.1
"2026-05-11 00:00:00",255845,966242,14688,212,1373404,2879189,2428435.8666666667
"2026-05-12 00:00:00",155257,548234,8283,7854,2240403,2906221.8333333335,2425465.6
"2026-05-13 00:00:00",533209,724912,14871,2326,1763160,2904850.2666666666,2422726.9
"2026-05-14 00:00:00",891112,553184,44889,3574,1901330,2913687.966666667,2409662.8666666667
"2026-05-15 00:00:00",312747,628317,45316,5058,917784,2850786.2,2441902.7333333334
"2026-05-16 00:00:00",270079,834554,30688,8021,1711473,2840308.3333333335,2467221.2333333334
"2026-05-17 00:00:00",359629,1085304,5156,6887,1400015,2848431.533333333,2462197.933333333
"2026-05-18 00:00:00",476763,644448,25963,754,1486197,2835622.2333333334,2432022.2
"2026-05-19 00:00:00",210402,847997,36425,11004,1219367,2822882.8666666667,2441715.8666666667
"2026-05-20 00:00:00",601662,359399,39080,77,1778933,2807610.566666667,2450742.3666666667
"2026-05-21 00:00:00",432332,675558,9639,3259,1631064,2804268.066666667,2441296.1
"2026-05-22 00:00:00",426182,794700,25344,905,1490431,2780315.3333333335,2419306.2333333334
"2026-05-23 00:00:00",487452,854282,24280,4902,1493975,2781772.466666667,2450079.466666667
"2026-05-24 00:00:00",393549,760066,19035,778,1789375,2778364.033333333,2438389.433333333
"2026-05-25 00:00:00",370677,698642,29837,13540,1657541,2766081.8333333335,2427233.6333333333
"2026-05-26 00:00:00",114871,628725,39581,3340,1740617,2761682.1,2423479.3666666667
"2026-05-27 00:00:00",510257,481914,62817,1467,1561526,2730543.7666666666,2435032.6666666665
"2026-05-28 00:00:00",563678,1089936,25832,2506,1801281,2779060.533333333,2427441.433333333
"2026-05-29 00:00:00",255226,915009,19991,2964,1744301,2773284.1,2424870.5
"2026-05-30 00:00:00",362383,575626,8499,266,1246370,2748794.8666666667,2422839.9
"2026-05-31 00:00:00",144462,537597,12986,1400,1386268,2725887.8666666667,2423104.8666666667
"2026-06-01 00:00:00",319383,678883,10603,1685,1335428,2720218.3666666667,2398281.7666666666
"2026-06-02 00:00:00",122764,820939,31363,9803,1520357,2737086.9,2403900.3333333335
"2026-06-03 00:00:00",246059,777280,27020,5790,1175220,2703340.3666666667,2405420.6666666665
"2026-06-04 00:00:00",436819,1003287,7382,1315,1612754,2684511.1333333333,2413956.6
"2026-06-05 00:00:00",435069,934043,13939,184,1546541,2685079.1,2393841.8
"2026-06-06 00:00:00",355001,424984,7671,2444,1386754,2665208.7333333334,2410476.8333333335
"2026-06-07 00:00:00",311291,506707,15898,7370,1885332,2665029.3333333335,2423787.066666667
"2026-06-08 00:00:00",285560,614489,10540,559,1036915,2652262.2,2394289.3
"2026-06-09 00:00:00",401255,786233,20172,5538,1369208,2659987.433333333,2385108.6333333333
"2026-06-10 00:00:00",239078,824276,18109,7767,1765183,2668121.466666667,2386965.1333333333
"2026-06-11 00:00:00",645181,965587,26801,518,1718223,2681331.066666667,2383588.1333333333
"2026-06-12 00:00:00",243505,525994,57748,5275,1681670,2663854.7333333334,2383425.466666667
"2026-06-13 00:00:00",310911,514559,4786,4836,1469228,2627529.033333333,2410776.4
"2026-06-14 00:00:00",267680,867283,30323,702,824140,2630225.966666667,2405603.033333333
"2026-06-15 00:00:00",197580,835741,62062,1182,1067457,2607199.8,2362408
"2026-06-16 00:00:00",228085,547257,10314,8126,1083533,2574543.8333333335,2346758.7
"2026-06-17 00:00:00",312418,818785,26059,4755,1080511,2561490.5,2357169.4
"2026-06-18 00:00:00",444739,807628,5925,87,846865,2554158.7,2361567.8
"2026-06-19 00:00:00",304479,711055,15652,3002,2131097,2567029.7666666666,2347811.1
"2026-06-20 00:00:00",429473,704083,27052,2819,1552058,2565817.7,2351158.7333333334
"2026-06-21 00:00:00",343663,541227,14762,3505,1339575,2549323.3666666667,2362116.3
"2026-06-22 00:00:00",428989,715814,23255,725,1524359,2543598.066666667,2332775.933333333
"2026-06-23 00:00:00",288599,813036,9839,10234,1220241,2522902.8333333335,2307216.6333333333
"2026-06-24 00:00:00",397657,812576,10915,9690,1460276,2520265.433333333,2348872.2666666666
"2026-06-25 00:00:00",343722,905574,6485,6851,1746634,2536336.466666667,2355893.8666666667
"2026-06-26 00:00:00",629425,588011,35463,818,1896824,2554088.5,2363388.1
"2026-06-27 00:00:00",294922,833919,41921,9527,1613330,2531101.2333333334,2373120.8666666667
"2026-06-28 00:00:00",530993,804834,13484,569,1347855,2523109.3333333335,2365737.2666666666
"2026-06-29 00:00:00",331103,577733,6231,5081,1449623,2528996.8,2363296.7333333334
"2026-06-30 00:00:00",322603,679424,14653,10064,1308219,2537405.2,2365631.433333333
"2026-07-01 00:00:00",349587,701268,17210,77,1055836,2530005.1333333333,2359777.7
"2026-07-02 00:00:00",348751,747447,38805,5359,1469417,2533490.5,2360037.6333333333
"2026-07-03 00:00:00",806767,673661,15289,5993,1294291,2552311.6333333333,2373971.8666666667