"DateTime","Container","Dry Bulk","General Cargo","Roll-on/roll-off","Tanker","7-day Moving Average","Prior Year: 7-day Moving Average"
"2019-01-01 00:00:00",0,0,0,0,0,,
"2019-01-02 00:00:00",0,0,0,0,0,,
"2019-01-03 00:00:00",0,0,0,0,0,,
"2019-01-04 00:00:00",0,0,0,0,0,,
"2019-01-05 00:00:00",0,0,0,0,72839,,
"2019-01-06 00:00:00",0,0,0,0,0,,
"2019-01-07 00:00:00",0,0,0,0,0,10405.57142857143,
"2019-01-08 00:00:00",0,0,0,0,0,10405.57142857143,
"2019-01-09 00:00:00",0,0,0,0,0,10405.57142857143,
"2019-01-10 00:00:00",0,0,0,0,0,10405.57142857143,
"2019-01-11 00:00:00",0,0,0,0,0,10405.57142857143,
"2019-01-12 00:00:00",0,0,0,0,0,0,
"2019-01-13 00:00:00",0,0,261,0,5496,822.4285714285714,
"2019-01-14 00:00:00",0,0,0,0,0,822.4285714285714,
"2019-01-15 00:00:00",0,0,261,0,0,859.7142857142857,
"2019-01-16 00:00:00",0,0,0,0,0,859.7142857142857,
"2019-01-17 00:00:00",0,0,0,0,0,859.7142857142857,
"2019-01-18 00:00:00",0,0,0,0,72839,11265.285714285714,
"2019-01-19 00:00:00",0,0,0,0,72839,21670.85714285714,
"2019-01-20 00:00:00",0,0,0,0,0,20848.428571428572,
"2019-01-21 00:00:00",0,0,0,0,0,20848.428571428572,
"2019-01-22 00:00:00",0,0,0,0,0,20811.14285714286,
"2019-01-23 00:00:00",0,0,0,0,279235,60701.857142857145,
"2019-01-24 00:00:00",0,0,0,0,72839,71107.42857142857,
"2019-01-25 00:00:00",0,0,0,0,0,60701.857142857145,
"2019-01-26 00:00:00",0,0,0,0,72839,60701.857142857145,
"2019-01-27 00:00:00",0,0,0,0,43579,66927.42857142857,
"2019-01-28 00:00:00",0,0,0,0,5496,67712.57142857143,
"2019-01-29 00:00:00",0,0,0,0,0,67712.57142857143,
"2019-01-30 00:00:00",0,0,0,0,0,27821.85714285714,
"2019-01-31 00:00:00",0,0,0,0,95226,31020,
"2019-02-01 00:00:00",0,0,0,0,0,31020,
"2019-02-02 00:00:00",0,0,0,0,72839,31020,
"2019-02-03 00:00:00",0,0,0,0,0,24794.428571428572,
"2019-02-04 00:00:00",0,0,0,0,254905,60424.28571428572,
"2019-02-05 00:00:00",0,0,0,0,72839,70829.85714285714,
"2019-02-06 00:00:00",0,0,0,0,0,70829.85714285714,
"2019-02-07 00:00:00",0,0,0,0,72839,67631.71428571429,
"2019-02-08 00:00:00",0,0,0,0,0,67631.71428571429,
"2019-02-09 00:00:00",0,0,0,0,0,57226.142857142855,
"2019-02-10 00:00:00",0,0,0,0,0,57226.142857142855,
"2019-02-11 00:00:00",0,0,0,0,28470,24878.285714285714,
"2019-02-12 00:00:00",0,0,0,0,0,14472.714285714286,
"2019-02-13 00:00:00",0,0,0,0,292925,56319.142857142855,
"2019-02-14 00:00:00",0,0,0,0,43579,52139.142857142855,
"2019-02-15 00:00:00",0,0,0,0,0,52139.142857142855,
"2019-02-16 00:00:00",0,0,261,0,0,52176.42857142857,
"2019-02-17 00:00:00",0,0,0,0,0,52176.42857142857,
"2019-02-18 00:00:00",0,0,0,0,0,48109.28571428572,
"2019-02-19 00:00:00",0,0,0,0,72839,58514.857142857145,
"2019-02-20 00:00:00",0,0,0,0,0,16668.428571428572,
"2019-02-21 00:00:00",0,0,0,0,0,10442.857142857143,
"2019-02-22 00:00:00",0,0,0,0,0,10442.857142857143,
"2019-02-23 00:00:00",0,0,0,0,290571,51915.71428571428,
"2019-02-24 00:00:00",0,0,0,0,72839,62321.28571428572,
"2019-02-25 00:00:00",0,0,0,0,280296,102363.57142857143,
"2019-02-26 00:00:00",0,0,0,0,72839,102363.57142857143,
"2019-02-27 00:00:00",0,0,0,0,0,102363.57142857143,
"2019-02-28 00:00:00",0,0,0,0,0,102363.57142857143,
"2019-03-01 00:00:00",0,0,0,0,0,102363.57142857143,
"2019-03-02 00:00:00",0,0,0,0,72839,71259,
"2019-03-03 00:00:00",0,0,0,0,0,60853.42857142857,
"2019-03-04 00:00:00",0,0,0,0,33524,25600.285714285714,
"2019-03-05 00:00:00",0,0,0,0,164708,38724.42857142857,
"2019-03-06 00:00:00",0,0,0,0,0,38724.42857142857,
"2019-03-07 00:00:00",0,0,0,0,0,38724.42857142857,
"2019-03-08 00:00:00",0,0,0,0,0,38724.42857142857,
"2019-03-09 00:00:00",0,0,0,0,0,28318.85714285714,
"2019-03-10 00:00:00",0,0,0,0,0,28318.85714285714,
"2019-03-11 00:00:00",0,0,0,0,0,23529.714285714286,
"2019-03-12 00:00:00",0,0,0,0,0,0,
"2019-03-13 00:00:00",0,0,0,0,49601,7085.857142857143,
"2019-03-14 00:00:00",0,0,0,0,0,7085.857142857143,
"2019-03-15 00:00:00",0,0,0,0,0,7085.857142857143,
"2019-03-16 00:00:00",0,0,0,0,0,7085.857142857143,
"2019-03-17 00:00:00",0,0,0,0,0,7085.857142857143,
"2019-03-18 00:00:00",0,0,0,0,0,7085.857142857143,
"2019-03-19 00:00:00",0,0,0,0,0,7085.857142857143,
"2019-03-20 00:00:00",0,0,0,0,286490,40927.142857142855,
"2019-03-21 00:00:00",0,0,0,0,72839,51332.71428571428,
"2019-03-22 00:00:00",0,0,0,0,145679,72144,
"2019-03-23 00:00:00",0,0,0,0,0,72144,
"2019-03-24 00:00:00",0,0,0,0,0,72144,
"2019-03-25 00:00:00",0,0,0,0,0,72144,
"2019-03-26 00:00:00",0,0,0,0,0,72144,
"2019-03-27 00:00:00",0,0,0,0,596354,116410.28571428571,
"2019-03-28 00:00:00",0,0,0,0,72839,116410.28571428571,
"2019-03-29 00:00:00",0,0,261,0,0,95636.28571428571,
"2019-03-30 00:00:00",0,0,0,0,0,95636.28571428571,
"2019-03-31 00:00:00",0,0,0,0,0,95636.28571428571,
"2019-04-01 00:00:00",0,0,0,0,0,95636.28571428571,
"2019-04-02 00:00:00",0,0,0,0,5496,96421.42857142857,
"2019-04-03 00:00:00",0,0,0,0,95226,24831.714285714286,
"2019-04-04 00:00:00",0,0,0,0,43579,20651.714285714286,
"2019-04-05 00:00:00",0,0,0,0,0,20614.428571428572,
"2019-04-06 00:00:00",0,0,0,0,0,20614.428571428572,
"2019-04-07 00:00:00",0,0,0,0,0,20614.428571428572,
"2019-04-08 00:00:00",0,0,0,0,0,20614.428571428572,
"2019-04-09 00:00:00",0,0,0,0,0,19829.285714285714,
"2019-04-10 00:00:00",0,0,0,0,387366,61563.57142857143,
"2019-04-11 00:00:00",0,0,0,0,0,55338,
"2019-04-12 00:00:00",0,0,0,0,0,55338,
"2019-04-13 00:00:00",0,0,0,0,0,55338,
"2019-04-14 00:00:00",0,0,0,0,0,55338,
"2019-04-15 00:00:00",0,0,0,0,0,55338,
"2019-04-16 00:00:00",0,0,0,0,369315,108097.28571428571,
"2019-04-17 00:00:00",0,0,0,0,0,52759.28571428572,
"2019-04-18 00:00:00",0,0,0,0,78335,63950,
"2019-04-19 00:00:00",0,0,0,0,0,63950,
"2019-04-20 00:00:00",0,0,0,0,0,63950,
"2019-04-21 00:00:00",0,0,0,0,0,63950,
"2019-04-22 00:00:00",0,0,0,0,0,63950,
"2019-04-23 00:00:00",0,0,0,0,0,11190.714285714286,
"2019-04-24 00:00:00",0,0,0,0,0,11190.714285714286,
"2019-04-25 00:00:00",0,0,0,0,0,0,
"2019-04-26 00:00:00",0,0,0,0,0,0,
"2019-04-27 00:00:00",0,0,0,0,0,0,
"2019-04-28 00:00:00",0,0,0,0,0,0,
"2019-04-29 00:00:00",0,0,0,0,0,0,
"2019-04-30 00:00:00",0,0,0,0,0,0,
"2019-05-01 00:00:00",0,0,0,0,0,0,
"2019-05-02 00:00:00",0,0,0,0,0,0,
"2019-05-03 00:00:00",0,0,0,0,0,0,
"2019-05-04 00:00:00",0,0,0,0,0,0,
"2019-05-05 00:00:00",0,0,0,0,0,0,
"2019-05-06 00:00:00",0,0,0,0,0,0,
"2019-05-07 00:00:00",0,0,0,0,0,0,
"2019-05-08 00:00:00",0,0,0,0,0,0,
"2019-05-09 00:00:00",0,0,0,0,0,0,
"2019-05-10 00:00:00",0,0,0,0,0,0,
"2019-05-11 00:00:00",0,0,0,0,0,0,
"2019-05-12 00:00:00",0,0,0,0,0,0,
"2019-05-13 00:00:00",0,0,0,0,0,0,
"2019-05-14 00:00:00",0,0,0,0,0,0,
"2019-05-15 00:00:00",0,0,0,0,95226,13603.714285714286,
"2019-05-16 00:00:00",0,0,0,0,72839,24009.285714285714,
"2019-05-17 00:00:00",0,0,0,0,90092,36879.57142857143,
"2019-05-18 00:00:00",0,0,0,0,0,36879.57142857143,
"2019-05-19 00:00:00",0,0,0,0,0,36879.57142857143,
"2019-05-20 00:00:00",0,0,0,0,0,36879.57142857143,
"2019-05-21 00:00:00",0,0,0,0,0,36879.57142857143,
"2019-05-22 00:00:00",0,0,0,0,0,23275.85714285714,
"2019-05-23 00:00:00",0,0,0,0,0,12870.285714285714,
"2019-05-24 00:00:00",0,0,0,0,0,0,
"2019-05-25 00:00:00",0,0,0,0,0,0,
"2019-05-26 00:00:00",0,0,0,0,0,0,
"2019-05-27 00:00:00",0,0,0,0,72839,10405.57142857143,
"2019-05-28 00:00:00",0,0,0,0,0,10405.57142857143,
"2019-05-29 00:00:00",0,0,0,0,0,10405.57142857143,
"2019-05-30 00:00:00",0,0,0,0,0,10405.57142857143,
"2019-05-31 00:00:00",0,0,0,0,0,10405.57142857143,
"2019-06-01 00:00:00",0,0,0,0,0,10405.57142857143,
"2019-06-02 00:00:00",0,0,0,0,95226,24009.285714285714,
"2019-06-03 00:00:00",0,0,0,0,0,13603.714285714286,
"2019-06-04 00:00:00",0,0,0,0,0,13603.714285714286,
"2019-06-05 00:00:00",0,0,0,0,0,13603.714285714286,
"2019-06-06 00:00:00",0,0,0,0,43579,19829.285714285714,
"2019-06-07 00:00:00",0,0,0,0,0,19829.285714285714,
"2019-06-08 00:00:00",0,0,0,0,0,19829.285714285714,
"2019-06-09 00:00:00",0,0,0,0,95226,19829.285714285714,
"2019-06-10 00:00:00",0,0,0,0,0,19829.285714285714,
"2019-06-11 00:00:00",0,0,0,0,0,19829.285714285714,
"2019-06-12 00:00:00",0,0,0,0,0,19829.285714285714,
"2019-06-13 00:00:00",0,0,0,0,0,13603.714285714286,
"2019-06-14 00:00:00",0,0,0,0,0,13603.714285714286,
"2019-06-15 00:00:00",0,0,0,0,0,13603.714285714286,
"2019-06-16 00:00:00",0,0,0,0,95226,13603.714285714286,
"2019-06-17 00:00:00",0,0,0,0,0,13603.714285714286,
"2019-06-18 00:00:00",0,0,0,0,72839,24009.285714285714,
"2019-06-19 00:00:00",0,0,0,0,43579,30234.85714285714,
"2019-06-20 00:00:00",0,0,0,0,0,30234.85714285714,
"2019-06-21 00:00:00",0,0,0,0,0,30234.85714285714,
"2019-06-22 00:00:00",0,0,0,0,95226,43838.57142857143,
"2019-06-23 00:00:00",0,0,0,0,0,30234.85714285714,
"2019-06-24 00:00:00",0,0,0,0,0,30234.85714285714,
"2019-06-25 00:00:00",0,0,0,0,0,19829.285714285714,
"2019-06-26 00:00:00",0,0,0,0,0,13603.714285714286,
"2019-06-27 00:00:00",0,0,0,0,0,13603.714285714286,
"2019-06-28 00:00:00",0,0,0,0,0,13603.714285714286,
"2019-06-29 00:00:00",0,0,0,0,0,0,
"2019-06-30 00:00:00",0,0,0,0,81577,11653.857142857143,
"2019-07-01 00:00:00",0,0,0,0,0,11653.857142857143,
"2019-07-02 00:00:00",0,0,0,0,0,11653.857142857143,
"2019-07-03 00:00:00",0,0,0,0,0,11653.857142857143,
"2019-07-04 00:00:00",0,0,0,0,0,11653.857142857143,
"2019-07-05 00:00:00",0,0,0,0,0,11653.857142857143,
"2019-07-06 00:00:00",0,0,0,0,0,11653.857142857143,
"2019-07-07 00:00:00",0,0,0,0,0,0,
"2019-07-08 00:00:00",0,0,0,0,95226,13603.714285714286,
"2019-07-09 00:00:00",0,0,0,0,0,13603.714285714286,
"2019-07-10 00:00:00",0,0,0,0,0,13603.714285714286,
"2019-07-11 00:00:00",0,0,0,0,0,13603.714285714286,
"2019-07-12 00:00:00",0,0,0,0,0,13603.714285714286,
"2019-07-13 00:00:00",0,0,0,0,0,13603.714285714286,
"2019-07-14 00:00:00",0,0,0,0,72839,24009.285714285714,
"2019-07-15 00:00:00",0,0,0,0,72839,20811.14285714286,
"2019-07-16 00:00:00",0,0,261,0,0,20848.428571428572,
"2019-07-17 00:00:00",0,0,0,0,0,20848.428571428572,
"2019-07-18 00:00:00",0,0,0,0,0,20848.428571428572,
"2019-07-19 00:00:00",0,0,0,0,0,20848.428571428572,
"2019-07-20 00:00:00",0,0,0,0,0,20848.428571428572,
"2019-07-21 00:00:00",0,0,0,0,0,10442.857142857143,
"2019-07-22 00:00:00",0,0,0,0,0,37.285714285714285,
"2019-07-23 00:00:00",0,0,0,0,0,0,
"2019-07-24 00:00:00",0,0,0,0,185318,26474,
"2019-07-25 00:00:00",0,0,0,0,0,26474,
"2019-07-26 00:00:00",0,0,0,0,0,26474,
"2019-07-27 00:00:00",0,0,0,0,0,26474,
"2019-07-28 00:00:00",0,0,0,0,0,26474,
"2019-07-29 00:00:00",0,0,0,0,0,26474,
"2019-07-30 00:00:00",0,0,0,0,0,26474,
"2019-07-31 00:00:00",0,0,0,0,0,0,
"2019-08-01 00:00:00",0,0,0,0,116419,16631.285714285714,
"2019-08-02 00:00:00",0,0,0,0,75747,27452.285714285714,
"2019-08-03 00:00:00",0,0,0,0,0,27452.285714285714,
"2019-08-04 00:00:00",0,0,0,0,0,27452.285714285714,
"2019-08-05 00:00:00",0,0,0,0,0,27452.285714285714,
"2019-08-06 00:00:00",0,0,0,0,0,27452.285714285714,
"2019-08-07 00:00:00",0,0,0,0,0,27452.285714285714,
"2019-08-08 00:00:00",0,0,261,0,0,10858.285714285714,
"2019-08-09 00:00:00",0,0,0,0,0,37.285714285714285,
"2019-08-10 00:00:00",0,0,0,0,72839,10442.857142857143,
"2019-08-11 00:00:00",0,0,0,0,0,10442.857142857143,
"2019-08-12 00:00:00",0,0,0,0,0,10442.857142857143,
"2019-08-13 00:00:00",0,0,0,0,0,10442.857142857143,
"2019-08-14 00:00:00",0,0,0,0,0,10442.857142857143,
"2019-08-15 00:00:00",0,0,0,0,95226,24009.285714285714,
"2019-08-16 00:00:00",0,0,0,0,0,24009.285714285714,
"2019-08-17 00:00:00",0,0,0,0,0,13603.714285714286,
"2019-08-18 00:00:00",0,0,0,0,0,13603.714285714286,
"2019-08-19 00:00:00",0,0,0,0,0,13603.714285714286,
"2019-08-20 00:00:00",0,0,0,0,0,13603.714285714286,
"2019-08-21 00:00:00",0,0,0,0,0,13603.714285714286,
"2019-08-22 00:00:00",0,0,0,0,0,0,
"2019-08-23 00:00:00",0,0,0,0,95226,13603.714285714286,
"2019-08-24 00:00:00",0,0,0,0,72839,24009.285714285714,
"2019-08-25 00:00:00",0,0,0,0,0,24009.285714285714,
"2019-08-26 00:00:00",0,0,0,0,0,24009.285714285714,
"2019-08-27 00:00:00",0,0,0,0,0,24009.285714285714,
"2019-08-28 00:00:00",0,0,0,0,0,24009.285714285714,
"2019-08-29 00:00:00",0,0,0,0,168066,48018.71428571428,
"2019-08-30 00:00:00",0,0,0,0,0,34415,
"2019-08-31 00:00:00",0,0,0,0,0,24009.428571428572,
"2019-09-01 00:00:00",0,0,0,0,0,24009.428571428572,
"2019-09-02 00:00:00",0,0,0,0,0,24009.428571428572,
"2019-09-03 00:00:00",0,0,0,0,72839,34415,
"2019-09-04 00:00:00",0,0,0,0,95226,48018.71428571428,
"2019-09-05 00:00:00",0,0,0,0,0,24009.285714285714,
"2019-09-06 00:00:00",0,0,0,0,0,24009.285714285714,
"2019-09-07 00:00:00",0,0,261,0,0,24046.571428571428,
"2019-09-08 00:00:00",0,0,0,0,0,24046.571428571428,
"2019-09-09 00:00:00",0,0,0,0,0,24046.571428571428,
"2019-09-10 00:00:00",0,0,0,0,72839,24046.571428571428,
"2019-09-11 00:00:00",0,0,0,0,0,10442.857142857143,
"2019-09-12 00:00:00",0,0,0,0,0,10442.857142857143,
"2019-09-13 00:00:00",0,0,0,0,0,10442.857142857143,
"2019-09-14 00:00:00",0,0,0,0,0,10405.57142857143,
"2019-09-15 00:00:00",0,0,0,0,0,10405.57142857143,
"2019-09-16 00:00:00",0,0,0,0,170458,34756.71428571428,
"2019-09-17 00:00:00",0,0,0,0,95226,37954.857142857145,
"2019-09-18 00:00:00",0,0,0,0,0,37954.857142857145,
"2019-09-19 00:00:00",0,0,0,0,0,37954.857142857145,
"2019-09-20 00:00:00",0,0,0,0,0,37954.857142857145,
"2019-09-21 00:00:00",0,0,0,0,0,37954.857142857145,
"2019-09-22 00:00:00",0,0,0,0,72839,48360.42857142857,
"2019-09-23 00:00:00",0,0,0,0,0,24009.285714285714,
"2019-09-24 00:00:00",0,0,0,0,0,10405.57142857143,
"2019-09-25 00:00:00",0,0,0,0,72839,20811.14285714286,
"2019-09-26 00:00:00",0,0,0,0,0,20811.14285714286,
"2019-09-27 00:00:00",0,0,0,0,0,20811.14285714286,
"2019-09-28 00:00:00",0,0,0,0,0,20811.14285714286,
"2019-09-29 00:00:00",0,0,0,0,0,10405.57142857143,
"2019-09-30 00:00:00",0,0,0,0,95226,24009.285714285714,
"2019-10-01 00:00:00",0,0,0,0,0,24009.285714285714,
"2019-10-02 00:00:00",0,0,0,0,0,13603.714285714286,
"2019-10-03 00:00:00",0,0,0,0,0,13603.714285714286,
"2019-10-04 00:00:00",0,0,0,0,0,13603.714285714286,
"2019-10-05 00:00:00",0,0,0,0,5496,14388.857142857143,
"2019-10-06 00:00:00",0,0,0,0,0,14388.857142857143,
"2019-10-07 00:00:00",0,0,0,0,0,785.1428571428571,
"2019-10-08 00:00:00",0,0,0,0,0,785.1428571428571,
"2019-10-09 00:00:00",0,0,0,0,0,785.1428571428571,
"2019-10-10 00:00:00",0,0,0,0,0,785.1428571428571,
"2019-10-11 00:00:00",0,0,0,0,72839,11190.714285714286,
"2019-10-12 00:00:00",0,0,0,0,95226,24009.285714285714,
"2019-10-13 00:00:00",0,0,0,0,0,24009.285714285714,
"2019-10-14 00:00:00",0,0,0,0,0,24009.285714285714,
"2019-10-15 00:00:00",0,0,0,0,0,24009.285714285714,
"2019-10-16 00:00:00",0,0,0,0,0,24009.285714285714,
"2019-10-17 00:00:00",0,0,0,0,72839,34414.857142857145,
"2019-10-18 00:00:00",0,0,0,0,0,24009.285714285714,
"2019-10-19 00:00:00",0,0,0,0,72839,20811.14285714286,
"2019-10-20 00:00:00",0,0,0,0,0,20811.14285714286,
"2019-10-21 00:00:00",0,0,0,0,0,20811.14285714286,
"2019-10-22 00:00:00",0,0,0,0,0,20811.14285714286,
"2019-10-23 00:00:00",0,0,0,0,0,20811.14285714286,
"2019-10-24 00:00:00",0,0,0,0,72839,20811.14285714286,
"2019-10-25 00:00:00",0,0,0,0,72839,31216.714285714286,
"2019-10-26 00:00:00",0,0,0,0,0,20811.14285714286,
"2019-10-27 00:00:00",0,0,0,0,0,20811.14285714286,
"2019-10-28 00:00:00",0,0,0,0,0,20811.14285714286,
"2019-10-29 00:00:00",0,0,0,0,0,20811.14285714286,
"2019-10-30 00:00:00",0,0,0,0,0,20811.14285714286,
"2019-10-31 00:00:00",0,0,0,0,0,10405.57142857143,
"2019-11-01 00:00:00",0,0,0,0,0,0,
"2019-11-02 00:00:00",0,0,0,0,95226,13603.714285714286,
"2019-11-03 00:00:00",0,0,0,0,0,13603.714285714286,
"2019-11-04 00:00:00",0,0,0,0,0,13603.714285714286,
"2019-11-05 00:00:00",0,0,0,0,0,13603.714285714286,
"2019-11-06 00:00:00",0,0,0,0,0,13603.714285714286,
"2019-11-07 00:00:00",0,0,0,0,0,13603.714285714286,
"2019-11-08 00:00:00",0,0,0,0,0,13603.714285714286,
"2019-11-09 00:00:00",0,0,0,0,0,0,
"2019-11-10 00:00:00",0,0,0,0,0,0,
"2019-11-11 00:00:00",0,0,0,0,0,0,
"2019-11-12 00:00:00",0,0,0,0,0,0,
"2019-11-13 00:00:00",0,0,0,0,0,0,
"2019-11-14 00:00:00",0,0,0,0,0,0,
"2019-11-15 00:00:00",0,0,0,0,0,0,
"2019-11-16 00:00:00",0,0,0,0,0,0,
"2019-11-17 00:00:00",0,0,0,0,0,0,
"2019-11-18 00:00:00",0,0,0,0,0,0,
"2019-11-19 00:00:00",0,0,0,0,72839,10405.57142857143,
"2019-11-20 00:00:00",0,0,0,0,0,10405.57142857143,
"2019-11-21 00:00:00",0,0,0,0,0,10405.57142857143,
"2019-11-22 00:00:00",0,0,0,0,0,10405.57142857143,
"2019-11-23 00:00:00",0,0,0,0,0,10405.57142857143,
"2019-11-24 00:00:00",0,0,0,0,0,10405.57142857143,
"2019-11-25 00:00:00",0,0,0,0,0,10405.57142857143,
"2019-11-26 00:00:00",0,0,0,0,0,0,
"2019-11-27 00:00:00",0,0,0,0,0,0,
"2019-11-28 00:00:00",0,0,0,0,0,0,
"2019-11-29 00:00:00",0,0,0,0,0,0,
"2019-11-30 00:00:00",0,0,0,0,0,0,
"2019-12-01 00:00:00",0,0,0,0,0,0,
"2019-12-02 00:00:00",0,0,0,0,72839,10405.57142857143,
"2019-12-03 00:00:00",0,0,0,0,0,10405.57142857143,
"2019-12-04 00:00:00",0,0,0,0,0,10405.57142857143,
"2019-12-05 00:00:00",0,0,0,0,0,10405.57142857143,
"2019-12-06 00:00:00",0,0,0,0,0,10405.57142857143,
"2019-12-07 00:00:00",0,0,0,0,0,10405.57142857143,
"2019-12-08 00:00:00",0,0,0,0,0,10405.57142857143,
"2019-12-09 00:00:00",0,0,0,0,0,0,
"2019-12-10 00:00:00",0,0,0,0,0,0,
"2019-12-11 00:00:00",0,0,0,0,0,0,
"2019-12-12 00:00:00",0,0,0,0,0,0,
"2019-12-13 00:00:00",0,0,0,0,0,0,
"2019-12-14 00:00:00",0,0,0,0,0,0,
"2019-12-15 00:00:00",0,0,0,0,0,0,
"2019-12-16 00:00:00",0,0,0,0,0,0,
"2019-12-17 00:00:00",0,0,0,0,0,0,
"2019-12-18 00:00:00",0,0,0,0,0,0,
"2019-12-19 00:00:00",0,0,0,0,0,0,
"2019-12-20 00:00:00",0,0,0,0,0,0,
"2019-12-21 00:00:00",0,0,0,0,0,0,
"2019-12-22 00:00:00",0,0,0,0,0,0,
"2019-12-23 00:00:00",0,0,0,0,72839,10405.57142857143,
"2019-12-24 00:00:00",0,0,0,0,0,10405.57142857143,
"2019-12-25 00:00:00",0,0,0,0,0,10405.57142857143,
"2019-12-26 00:00:00",0,0,0,0,0,10405.57142857143,
"2019-12-27 00:00:00",0,0,0,0,0,10405.57142857143,
"2019-12-28 00:00:00",0,0,0,0,0,10405.57142857143,
"2019-12-29 00:00:00",0,0,0,0,95226,24009.285714285714,
"2019-12-30 00:00:00",0,0,0,0,0,13603.714285714286,
"2019-12-31 00:00:00",0,0,0,0,0,13603.714285714286,
"2020-01-01 00:00:00",0,0,0,0,0,13603.714285714286,
"2020-01-02 00:00:00",0,0,0,0,0,13603.714285714286,
"2020-01-03 00:00:00",0,0,0,0,0,13603.714285714286,
"2020-01-04 00:00:00",0,0,0,0,0,13603.714285714286,
"2020-01-05 00:00:00",0,0,0,0,0,0,
"2020-01-06 00:00:00",0,0,0,0,0,0,
"2020-01-07 00:00:00",0,0,0,0,0,0,10405.57142857143
"2020-01-08 00:00:00",0,0,0,0,0,0,10405.57142857143
"2020-01-09 00:00:00",0,0,0,0,0,0,10405.57142857143
"2020-01-10 00:00:00",0,0,0,0,0,0,10405.57142857143
"2020-01-11 00:00:00",0,0,0,0,0,0,10405.57142857143
"2020-01-12 00:00:00",0,0,0,0,72839,10405.57142857143,0
"2020-01-13 00:00:00",0,0,0,0,0,10405.57142857143,822.4285714285714
"2020-01-14 00:00:00",0,0,0,0,0,10405.57142857143,822.4285714285714
"2020-01-15 00:00:00",0,0,0,0,0,10405.57142857143,859.7142857142857
"2020-01-16 00:00:00",0,0,0,0,0,10405.57142857143,859.7142857142857
"2020-01-17 00:00:00",0,0,0,0,0,10405.57142857143,859.7142857142857
"2020-01-18 00:00:00",0,0,0,0,0,10405.57142857143,11265.285714285714
"2020-01-19 00:00:00",0,0,0,0,0,0,21670.85714285714
"2020-01-20 00:00:00",0,0,0,0,0,0,20848.428571428572
"2020-01-21 00:00:00",0,0,0,0,0,0,20848.428571428572
"2020-01-22 00:00:00",0,0,261,0,0,37.285714285714285,20811.14285714286
"2020-01-23 00:00:00",0,0,0,0,0,37.285714285714285,60701.857142857145
"2020-01-24 00:00:00",0,0,0,0,0,37.285714285714285,71107.42857142857
"2020-01-25 00:00:00",0,0,0,0,0,37.285714285714285,60701.857142857145
"2020-01-26 00:00:00",0,0,0,0,0,37.285714285714285,60701.857142857145
"2020-01-27 00:00:00",0,0,0,0,0,37.285714285714285,66927.42857142857
"2020-01-28 00:00:00",0,0,0,0,0,37.285714285714285,67712.57142857143
"2020-01-29 00:00:00",0,0,0,0,0,0,67712.57142857143
"2020-01-30 00:00:00",0,0,0,0,0,0,27821.85714285714
"2020-01-31 00:00:00",0,0,0,0,0,0,31020
"2020-02-01 00:00:00",0,0,0,0,0,0,31020
"2020-02-02 00:00:00",0,0,0,0,0,0,31020
"2020-02-03 00:00:00",0,0,0,0,0,0,24794.428571428572
"2020-02-04 00:00:00",0,0,0,0,0,0,60424.28571428572
"2020-02-05 00:00:00",0,0,0,0,0,0,70829.85714285714
"2020-02-06 00:00:00",0,0,0,0,0,0,70829.85714285714
"2020-02-07 00:00:00",0,0,0,0,0,0,67631.71428571429
"2020-02-08 00:00:00",0,0,0,0,0,0,67631.71428571429
"2020-02-09 00:00:00",0,0,0,0,0,0,57226.142857142855
"2020-02-10 00:00:00",0,0,0,0,0,0,57226.142857142855
"2020-02-11 00:00:00",0,0,0,0,0,0,24878.285714285714
"2020-02-12 00:00:00",0,0,0,0,0,0,14472.714285714286
"2020-02-13 00:00:00",0,0,0,0,0,0,56319.142857142855
"2020-02-14 00:00:00",0,0,0,0,0,0,52139.142857142855
"2020-02-15 00:00:00",0,0,0,0,95226,13603.714285714286,52139.142857142855
"2020-02-16 00:00:00",0,0,0,0,0,13603.714285714286,52176.42857142857
"2020-02-17 00:00:00",0,0,0,0,0,13603.714285714286,52176.42857142857
"2020-02-18 00:00:00",0,0,0,0,0,13603.714285714286,48109.28571428572
"2020-02-19 00:00:00",0,0,0,0,0,13603.714285714286,58514.857142857145
"2020-02-20 00:00:00",0,0,261,0,0,13641,16668.428571428572
"2020-02-21 00:00:00",0,0,0,0,0,13641,10442.857142857143
"2020-02-22 00:00:00",0,0,0,0,72839,10442.857142857143,10442.857142857143
"2020-02-23 00:00:00",0,0,0,0,0,10442.857142857143,51915.71428571428
"2020-02-24 00:00:00",0,0,0,0,0,10442.857142857143,62321.28571428572
"2020-02-25 00:00:00",0,0,0,0,0,10442.857142857143,102363.57142857143
"2020-02-26 00:00:00",0,0,0,0,0,10442.857142857143,102363.57142857143
"2020-02-27 00:00:00",0,0,0,0,0,10405.57142857143,102363.57142857143
"2020-02-28 00:00:00",0,0,0,0,0,10405.57142857143,102363.57142857143
"2020-02-29 00:00:00",0,0,0,0,40729,5818.428571428572,102363.57142857143
"2020-03-01 00:00:00",0,0,0,0,0,5818.428571428572,71259
"2020-03-02 00:00:00",0,0,0,0,0,5818.428571428572,60853.42857142857
"2020-03-03 00:00:00",0,0,0,0,0,5818.428571428572,25600.285714285714
"2020-03-04 00:00:00",0,0,0,0,0,5818.428571428572,38724.42857142857
"2020-03-05 00:00:00",0,0,0,0,0,5818.428571428572,38724.42857142857
"2020-03-06 00:00:00",0,0,0,0,90092,18688.714285714286,38724.42857142857
"2020-03-07 00:00:00",0,0,0,0,72839,23275.85714285714,38724.42857142857
"2020-03-08 00:00:00",0,0,0,0,0,23275.85714285714,28318.85714285714
"2020-03-09 00:00:00",0,0,0,0,0,23275.85714285714,28318.85714285714
"2020-03-10 00:00:00",0,0,0,0,0,23275.85714285714,23529.714285714286
"2020-03-11 00:00:00",0,0,0,0,0,23275.85714285714,0
"2020-03-12 00:00:00",0,0,0,0,0,23275.85714285714,7085.857142857143
"2020-03-13 00:00:00",0,0,0,0,0,10405.57142857143,7085.857142857143
"2020-03-14 00:00:00",0,0,0,0,0,0,7085.857142857143
"2020-03-15 00:00:00",0,0,0,0,95226,13603.714285714286,7085.857142857143
"2020-03-16 00:00:00",0,0,0,0,0,13603.714285714286,7085.857142857143
"2020-03-17 00:00:00",0,0,0,0,0,13603.714285714286,7085.857142857143
"2020-03-18 00:00:00",0,0,0,0,0,13603.714285714286,7085.857142857143
"2020-03-19 00:00:00",0,0,0,0,0,13603.714285714286,40927.142857142855
"2020-03-20 00:00:00",0,0,0,0,0,13603.714285714286,51332.71428571428
"2020-03-21 00:00:00",0,0,0,0,0,13603.714285714286,72144
"2020-03-22 00:00:00",0,0,0,0,0,0,72144
"2020-03-23 00:00:00",0,0,0,0,72839,10405.57142857143,72144
"2020-03-24 00:00:00",0,0,0,0,0,10405.57142857143,72144
"2020-03-25 00:00:00",0,0,0,0,0,10405.57142857143,72144
"2020-03-26 00:00:00",0,0,0,0,0,10405.57142857143,116410.28571428571
"2020-03-27 00:00:00",0,0,0,0,0,10405.57142857143,116410.28571428571
"2020-03-28 00:00:00",0,0,0,0,0,10405.57142857143,95636.28571428571
"2020-03-29 00:00:00",0,0,0,0,0,10405.57142857143,95636.28571428571
"2020-03-30 00:00:00",0,0,0,0,0,0,95636.28571428571
"2020-03-31 00:00:00",0,0,0,0,0,0,95636.28571428571
"2020-04-01 00:00:00",0,0,0,0,0,0,96421.42857142857
"2020-04-02 00:00:00",0,0,0,0,0,0,24831.714285714286
"2020-04-03 00:00:00",0,0,0,0,0,0,20651.714285714286
"2020-04-04 00:00:00",0,0,0,0,95226,13603.714285714286,20614.428571428572
"2020-04-05 00:00:00",0,0,0,0,0,13603.714285714286,20614.428571428572
"2020-04-06 00:00:00",0,0,0,0,0,13603.714285714286,20614.428571428572
"2020-04-07 00:00:00",0,0,0,0,0,13603.714285714286,20614.428571428572
"2020-04-08 00:00:00",0,0,0,0,0,13603.714285714286,19829.285714285714
"2020-04-09 00:00:00",0,0,261,0,0,13641,61563.57142857143
"2020-04-10 00:00:00",0,0,0,0,0,13641,55338
"2020-04-11 00:00:00",0,0,0,0,95226,13641,55338
"2020-04-12 00:00:00",0,0,0,0,0,13641,55338
"2020-04-13 00:00:00",0,0,0,0,0,13641,55338
"2020-04-14 00:00:00",0,0,0,0,0,13641,55338
"2020-04-15 00:00:00",0,0,0,0,0,13641,108097.28571428571
"2020-04-16 00:00:00",0,0,0,0,0,13603.714285714286,52759.28571428572
"2020-04-17 00:00:00",0,0,0,0,95226,27207.428571428572,63950
"2020-04-18 00:00:00",0,0,0,0,17443,16095.57142857143,63950
"2020-04-19 00:00:00",0,0,0,0,0,16095.57142857143,63950
"2020-04-20 00:00:00",0,0,0,0,0,16095.57142857143,63950
"2020-04-21 00:00:00",0,0,0,0,0,16095.57142857143,63950
"2020-04-22 00:00:00",0,0,0,0,0,16095.57142857143,11190.714285714286
"2020-04-23 00:00:00",0,0,0,0,0,16095.57142857143,11190.714285714286
"2020-04-24 00:00:00",0,0,0,0,72839,12897.42857142857,0
"2020-04-25 00:00:00",0,0,0,0,0,10405.57142857143,0
"2020-04-26 00:00:00",0,0,0,0,0,10405.57142857143,0
"2020-04-27 00:00:00",0,0,0,0,0,10405.57142857143,0
"2020-04-28 00:00:00",0,0,0,0,0,10405.57142857143,0
"2020-04-29 00:00:00",0,0,0,0,0,10405.57142857143,0
"2020-04-30 00:00:00",0,0,0,0,0,10405.57142857143,0
"2020-05-01 00:00:00",0,0,0,0,0,0,0
"2020-05-02 00:00:00",0,0,0,0,95226,13603.714285714286,0
"2020-05-03 00:00:00",0,0,0,0,0,13603.714285714286,0
"2020-05-04 00:00:00",0,0,0,0,0,13603.714285714286,0
"2020-05-05 00:00:00",0,0,0,0,0,13603.714285714286,0
"2020-05-06 00:00:00",0,0,0,0,0,13603.714285714286,0
"2020-05-07 00:00:00",0,0,0,0,0,13603.714285714286,0
"2020-05-08 00:00:00",0,0,0,0,0,13603.714285714286,0
"2020-05-09 00:00:00",0,0,0,0,0,0,0
"2020-05-10 00:00:00",0,0,0,0,0,0,0
"2020-05-11 00:00:00",0,0,0,0,0,0,0
"2020-05-12 00:00:00",0,0,0,0,95226,13603.714285714286,0
"2020-05-13 00:00:00",0,0,0,0,0,13603.714285714286,0
"2020-05-14 00:00:00",0,0,0,0,0,13603.714285714286,13603.714285714286
"2020-05-15 00:00:00",0,0,0,0,0,13603.714285714286,24009.285714285714
"2020-05-16 00:00:00",0,0,0,0,0,13603.714285714286,36879.57142857143
"2020-05-17 00:00:00",0,0,0,0,0,13603.714285714286,36879.57142857143
"2020-05-18 00:00:00",0,0,0,0,82549,25396.428571428572,36879.57142857143
"2020-05-19 00:00:00",0,0,0,0,0,11792.714285714286,36879.57142857143
"2020-05-20 00:00:00",0,0,0,0,0,11792.714285714286,36879.57142857143
"2020-05-21 00:00:00",0,0,0,0,0,11792.714285714286,23275.85714285714
"2020-05-22 00:00:00",0,0,0,0,0,11792.714285714286,12870.285714285714
"2020-05-23 00:00:00",0,0,0,0,0,11792.714285714286,0
"2020-05-24 00:00:00",0,0,0,0,0,11792.714285714286,0
"2020-05-25 00:00:00",0,0,0,0,0,0,0
"2020-05-26 00:00:00",0,0,0,0,0,0,10405.57142857143
"2020-05-27 00:00:00",0,0,0,0,0,0,10405.57142857143
"2020-05-28 00:00:00",0,0,0,0,0,0,10405.57142857143
"2020-05-29 00:00:00",0,0,0,0,0,0,10405.57142857143
"2020-05-30 00:00:00",0,0,0,0,0,0,10405.57142857143
"2020-05-31 00:00:00",0,0,0,0,0,0,10405.57142857143
"2020-06-01 00:00:00",0,0,0,0,0,0,24009.285714285714
"2020-06-02 00:00:00",0,0,0,0,80366,11480.857142857143,13603.714285714286
"2020-06-03 00:00:00",0,0,0,0,0,11480.857142857143,13603.714285714286
"2020-06-04 00:00:00",0,0,0,0,0,11480.857142857143,13603.714285714286
"2020-06-05 00:00:00",0,0,0,0,0,11480.857142857143,19829.285714285714
"2020-06-06 00:00:00",0,0,0,0,0,11480.857142857143,19829.285714285714
"2020-06-07 00:00:00",0,0,0,0,0,11480.857142857143,19829.285714285714
"2020-06-08 00:00:00",0,0,0,0,0,11480.857142857143,19829.285714285714
"2020-06-09 00:00:00",0,0,0,0,95226,13603.714285714286,19829.285714285714
"2020-06-10 00:00:00",0,0,0,0,0,13603.714285714286,19829.285714285714
"2020-06-11 00:00:00",0,0,0,0,0,13603.714285714286,19829.285714285714
"2020-06-12 00:00:00",0,0,0,0,0,13603.714285714286,13603.714285714286
"2020-06-13 00:00:00",0,0,0,0,0,13603.714285714286,13603.714285714286
"2020-06-14 00:00:00",0,0,261,0,0,13641,13603.714285714286
"2020-06-15 00:00:00",0,0,0,0,0,13641,13603.714285714286
"2020-06-16 00:00:00",0,0,0,0,95226,13641,13603.714285714286
"2020-06-17 00:00:00",0,0,0,0,0,13641,24009.285714285714
"2020-06-18 00:00:00",0,0,0,0,0,13641,30234.85714285714
"2020-06-19 00:00:00",0,0,0,0,0,13641,30234.85714285714
"2020-06-20 00:00:00",0,0,0,0,0,13641,30234.85714285714
"2020-06-21 00:00:00",0,0,0,0,0,13603.714285714286,43838.57142857143
"2020-06-22 00:00:00",0,0,0,0,95226,27207.428571428572,30234.85714285714
"2020-06-23 00:00:00",0,0,0,0,0,13603.714285714286,30234.85714285714
"2020-06-24 00:00:00",0,0,0,0,0,13603.714285714286,19829.285714285714
"2020-06-25 00:00:00",0,0,0,0,0,13603.714285714286,13603.714285714286
"2020-06-26 00:00:00",0,0,0,0,0,13603.714285714286,13603.714285714286
"2020-06-27 00:00:00",0,0,0,0,0,13603.714285714286,13603.714285714286
"2020-06-28 00:00:00",0,0,0,0,0,13603.714285714286,0
"2020-06-29 00:00:00",0,0,0,0,0,0,11653.857142857143
"2020-06-30 00:00:00",0,0,0,0,0,0,11653.857142857143
"2020-07-01 00:00:00",0,0,0,0,0,0,11653.857142857143
"2020-07-02 00:00:00",0,0,0,0,0,0,11653.857142857143
"2020-07-03 00:00:00",0,0,0,0,0,0,11653.857142857143
"2020-07-04 00:00:00",0,0,0,0,72839,10405.57142857143,11653.857142857143
"2020-07-05 00:00:00",0,0,0,0,0,10405.57142857143,11653.857142857143
"2020-07-06 00:00:00",0,0,0,0,0,10405.57142857143,0
"2020-07-07 00:00:00",0,0,0,0,0,10405.57142857143,13603.714285714286
"2020-07-08 00:00:00",0,0,0,0,0,10405.57142857143,13603.714285714286
"2020-07-09 00:00:00",0,0,0,0,0,10405.57142857143,13603.714285714286
"2020-07-10 00:00:00",0,0,0,0,0,10405.57142857143,13603.714285714286
"2020-07-11 00:00:00",0,0,0,0,0,0,13603.714285714286
"2020-07-12 00:00:00",0,0,0,0,0,0,13603.714285714286
"2020-07-13 00:00:00",0,0,0,0,72839,10405.57142857143,24009.285714285714
"2020-07-14 00:00:00",0,0,0,0,0,10405.57142857143,20811.14285714286
"2020-07-15 00:00:00",0,0,0,0,0,10405.57142857143,20848.428571428572
"2020-07-16 00:00:00",0,0,0,0,0,10405.57142857143,20848.428571428572
"2020-07-17 00:00:00",0,0,0,0,0,10405.57142857143,20848.428571428572
"2020-07-18 00:00:00",0,0,0,0,72839,20811.14285714286,20848.428571428572
"2020-07-19 00:00:00",0,0,0,0,0,20811.14285714286,20848.428571428572
"2020-07-20 00:00:00",0,0,0,0,0,10405.57142857143,10442.857142857143
"2020-07-21 00:00:00",0,0,0,0,0,10405.57142857143,37.285714285714285
"2020-07-22 00:00:00",0,0,0,0,0,10405.57142857143,0
"2020-07-23 00:00:00",0,0,0,0,0,10405.57142857143,26474
"2020-07-24 00:00:00",0,0,0,0,0,10405.57142857143,26474
"2020-07-25 00:00:00",0,0,0,0,95226,13603.714285714286,26474
"2020-07-26 00:00:00",0,0,0,0,0,13603.714285714286,26474
"2020-07-27 00:00:00",0,0,0,0,0,13603.714285714286,26474
"2020-07-28 00:00:00",0,0,0,0,0,13603.714285714286,26474
"2020-07-29 00:00:00",0,0,0,0,0,13603.714285714286,26474
"2020-07-30 00:00:00",0,0,0,0,0,13603.714285714286,0
"2020-07-31 00:00:00",0,0,261,0,0,13641,16631.285714285714
"2020-08-01 00:00:00",0,0,0,0,72839,10442.857142857143,27452.285714285714
"2020-08-02 00:00:00",0,0,0,0,95226,24046.571428571428,27452.285714285714
"2020-08-03 00:00:00",0,0,0,0,0,24046.571428571428,27452.285714285714
"2020-08-04 00:00:00",0,0,0,0,0,24046.571428571428,27452.285714285714
"2020-08-05 00:00:00",0,0,0,0,0,24046.571428571428,27452.285714285714
"2020-08-06 00:00:00",0,0,0,0,0,24046.571428571428,27452.285714285714
"2020-08-07 00:00:00",0,0,0,0,0,24009.285714285714,10858.285714285714
"2020-08-08 00:00:00",0,0,0,0,95226,27207.428571428572,37.285714285714285
"2020-08-09 00:00:00",0,0,0,0,0,13603.714285714286,10442.857142857143
"2020-08-10 00:00:00",0,0,0,0,0,13603.714285714286,10442.857142857143
"2020-08-11 00:00:00",0,0,0,0,0,13603.714285714286,10442.857142857143
"2020-08-12 00:00:00",0,0,0,0,0,13603.714285714286,10442.857142857143
"2020-08-13 00:00:00",0,0,0,0,0,13603.714285714286,10442.857142857143
"2020-08-14 00:00:00",0,0,0,0,0,13603.714285714286,24009.285714285714
"2020-08-15 00:00:00",0,0,0,0,95226,13603.714285714286,24009.285714285714
"2020-08-16 00:00:00",0,0,0,0,0,13603.714285714286,13603.714285714286
"2020-08-17 00:00:00",0,0,0,0,0,13603.714285714286,13603.714285714286
"2020-08-18 00:00:00",0,0,0,0,0,13603.714285714286,13603.714285714286
"2020-08-19 00:00:00",0,0,0,0,0,13603.714285714286,13603.714285714286
"2020-08-20 00:00:00",0,0,0,0,0,13603.714285714286,13603.714285714286
"2020-08-21 00:00:00",0,0,0,0,0,13603.714285714286,0
"2020-08-22 00:00:00",0,0,0,0,0,0,13603.714285714286
"2020-08-23 00:00:00",0,0,0,0,0,0,24009.285714285714
"2020-08-24 00:00:00",0,0,0,0,0,0,24009.285714285714
"2020-08-25 00:00:00",0,0,0,0,0,0,24009.285714285714
"2020-08-26 00:00:00",0,0,0,0,0,0,24009.285714285714
"2020-08-27 00:00:00",0,0,0,0,0,0,24009.285714285714
"2020-08-28 00:00:00",0,0,0,0,0,0,48018.71428571428
"2020-08-29 00:00:00",0,0,0,0,72839,10405.57142857143,34415
"2020-08-30 00:00:00",0,0,0,0,0,10405.57142857143,24009.428571428572
"2020-08-31 00:00:00",0,0,0,0,0,10405.57142857143,24009.428571428572
"2020-09-01 00:00:00",0,0,0,0,95226,24009.285714285714,24009.428571428572
"2020-09-02 00:00:00",0,0,0,0,0,24009.285714285714,34415
"2020-09-03 00:00:00",0,0,0,0,0,24009.285714285714,48018.71428571428
"2020-09-04 00:00:00",0,0,0,0,72839,34414.857142857145,24009.285714285714
"2020-09-05 00:00:00",0,0,0,0,0,24009.285714285714,24009.285714285714
"2020-09-06 00:00:00",0,0,0,0,0,24009.285714285714,24046.571428571428
"2020-09-07 00:00:00",0,0,0,0,0,24009.285714285714,24046.571428571428
"2020-09-08 00:00:00",0,0,261,0,0,10442.857142857143,24046.571428571428
"2020-09-09 00:00:00",0,0,0,0,95226,24046.571428571428,24046.571428571428
"2020-09-10 00:00:00",0,0,0,0,0,24046.571428571428,10442.857142857143
"2020-09-11 00:00:00",0,0,0,0,0,13641,10442.857142857143
"2020-09-12 00:00:00",0,0,0,0,0,13641,10442.857142857143
"2020-09-13 00:00:00",0,0,261,0,0,13678.285714285714,10405.57142857143
"2020-09-14 00:00:00",0,0,0,0,0,13678.285714285714,10405.57142857143
"2020-09-15 00:00:00",0,0,0,0,72839,24046.571428571428,34756.71428571428
"2020-09-16 00:00:00",0,0,0,0,0,10442.857142857143,37954.857142857145
"2020-09-17 00:00:00",0,0,0,0,0,10442.857142857143,37954.857142857145
"2020-09-18 00:00:00",0,0,0,0,0,10442.857142857143,37954.857142857145
"2020-09-19 00:00:00",0,0,0,0,0,10442.857142857143,37954.857142857145
"2020-09-20 00:00:00",0,0,0,0,0,10405.57142857143,37954.857142857145
"2020-09-21 00:00:00",0,0,0,0,0,10405.57142857143,48360.42857142857
"2020-09-22 00:00:00",0,0,0,0,0,0,24009.285714285714
"2020-09-23 00:00:00",0,0,261,0,0,37.285714285714285,10405.57142857143
"2020-09-24 00:00:00",0,0,0,0,0,37.285714285714285,20811.14285714286
"2020-09-25 00:00:00",0,0,0,0,40729,5855.714285714285,20811.14285714286
"2020-09-26 00:00:00",0,0,0,0,0,5855.714285714285,20811.14285714286
"2020-09-27 00:00:00",0,0,0,0,0,5855.714285714285,20811.14285714286
"2020-09-28 00:00:00",0,0,0,0,0,5855.714285714285,10405.57142857143
"2020-09-29 00:00:00",0,0,0,0,0,5855.714285714285,24009.285714285714
"2020-09-30 00:00:00",0,0,0,0,0,5818.428571428572,24009.285714285714
"2020-10-01 00:00:00",0,0,0,0,95226,19422.14285714286,13603.714285714286
"2020-10-02 00:00:00",0,0,0,0,0,13603.714285714286,13603.714285714286
"2020-10-03 00:00:00",0,0,0,0,0,13603.714285714286,13603.714285714286
"2020-10-04 00:00:00",0,0,0,0,0,13603.714285714286,14388.857142857143
"2020-10-05 00:00:00",0,0,0,0,0,13603.714285714286,14388.857142857143
"2020-10-06 00:00:00",0,0,0,0,0,13603.714285714286,785.1428571428571
"2020-10-07 00:00:00",0,0,0,0,72839,24009.285714285714,785.1428571428571
"2020-10-08 00:00:00",0,0,0,0,0,10405.57142857143,785.1428571428571
"2020-10-09 00:00:00",0,0,0,0,0,10405.57142857143,785.1428571428571
"2020-10-10 00:00:00",0,0,0,0,0,10405.57142857143,11190.714285714286
"2020-10-11 00:00:00",0,0,0,0,0,10405.57142857143,24009.285714285714
"2020-10-12 00:00:00",0,0,0,0,0,10405.57142857143,24009.285714285714
"2020-10-13 00:00:00",0,0,0,0,0,10405.57142857143,24009.285714285714
"2020-10-14 00:00:00",0,0,0,0,0,0,24009.285714285714
"2020-10-15 00:00:00",0,0,0,0,0,0,24009.285714285714
"2020-10-16 00:00:00",0,0,0,0,0,0,34414.857142857145
"2020-10-17 00:00:00",0,0,0,0,0,0,24009.285714285714
"2020-10-18 00:00:00",0,0,0,0,0,0,20811.14285714286
"2020-10-19 00:00:00",0,0,0,0,0,0,20811.14285714286
"2020-10-20 00:00:00",0,0,0,0,0,0,20811.14285714286
"2020-10-21 00:00:00",0,0,0,0,0,0,20811.14285714286
"2020-10-22 00:00:00",0,0,0,0,0,0,20811.14285714286
"2020-10-23 00:00:00",0,0,0,0,90092,12870.285714285714,20811.14285714286
"2020-10-24 00:00:00",0,0,0,0,0,12870.285714285714,31216.714285714286
"2020-10-25 00:00:00",0,0,0,0,0,12870.285714285714,20811.14285714286
"2020-10-26 00:00:00",0,0,0,0,0,12870.285714285714,20811.14285714286
"2020-10-27 00:00:00",0,0,0,0,0,12870.285714285714,20811.14285714286
"2020-10-28 00:00:00",0,0,0,0,0,12870.285714285714,20811.14285714286
"2020-10-29 00:00:00",0,0,0,0,0,12870.285714285714,20811.14285714286
"2020-10-30 00:00:00",0,0,0,0,0,0,10405.57142857143
"2020-10-31 00:00:00",0,0,0,0,0,0,0
"2020-11-01 00:00:00",0,0,0,0,0,0,13603.714285714286
"2020-11-02 00:00:00",0,0,0,0,0,0,13603.714285714286
"2020-11-03 00:00:00",0,0,0,0,0,0,13603.714285714286
"2020-11-04 00:00:00",0,0,0,0,72839,10405.57142857143,13603.714285714286
"2020-11-05 00:00:00",0,0,0,0,0,10405.57142857143,13603.714285714286
"2020-11-06 00:00:00",0,0,0,0,0,10405.57142857143,13603.714285714286
"2020-11-07 00:00:00",0,0,0,0,0,10405.57142857143,13603.714285714286
"2020-11-08 00:00:00",0,0,0,0,0,10405.57142857143,0
"2020-11-09 00:00:00",0,0,0,0,0,10405.57142857143,0
"2020-11-10 00:00:00",0,0,0,0,0,10405.57142857143,0
"2020-11-11 00:00:00",0,0,0,0,0,0,0
"2020-11-12 00:00:00",0,0,0,0,0,0,0
"2020-11-13 00:00:00",0,0,0,0,0,0,0
"2020-11-14 00:00:00",0,0,0,0,0,0,0
"2020-11-15 00:00:00",0,0,0,0,0,0,0
"2020-11-16 00:00:00",0,0,0,0,0,0,0
"2020-11-17 00:00:00",0,0,0,0,0,0,0
"2020-11-18 00:00:00",0,0,0,0,0,0,10405.57142857143
"2020-11-19 00:00:00",0,0,0,0,0,0,10405.57142857143
"2020-11-20 00:00:00",0,0,0,0,0,0,10405.57142857143
"2020-11-21 00:00:00",0,0,0,0,0,0,10405.57142857143
"2020-11-22 00:00:00",0,0,0,0,0,0,10405.57142857143
"2020-11-23 00:00:00",0,0,0,0,0,0,10405.57142857143
"2020-11-24 00:00:00",0,0,0,0,0,0,10405.57142857143
"2020-11-25 00:00:00",0,0,0,0,0,0,0
"2020-11-26 00:00:00",0,0,0,0,0,0,0
"2020-11-27 00:00:00",0,0,0,0,0,0,0
"2020-11-28 00:00:00",0,0,0,0,0,0,0
"2020-11-29 00:00:00",0,0,0,0,0,0,0
"2020-11-30 00:00:00",0,0,0,0,0,0,0
"2020-12-01 00:00:00",0,0,0,0,0,0,10405.57142857143
"2020-12-02 00:00:00",0,0,0,0,0,0,10405.57142857143
"2020-12-03 00:00:00",0,0,0,0,0,0,10405.57142857143
"2020-12-04 00:00:00",0,0,0,0,0,0,10405.57142857143
"2020-12-05 00:00:00",0,0,0,0,0,0,10405.57142857143
"2020-12-06 00:00:00",0,0,0,0,0,0,10405.57142857143
"2020-12-07 00:00:00",0,0,0,0,0,0,10405.57142857143
"2020-12-08 00:00:00",0,0,0,0,0,0,0
"2020-12-09 00:00:00",0,0,0,0,0,0,0
"2020-12-10 00:00:00",0,0,0,0,0,0,0
"2020-12-11 00:00:00",0,0,0,0,0,0,0
"2020-12-12 00:00:00",0,0,0,0,0,0,0
"2020-12-13 00:00:00",0,0,0,0,72839,10405.57142857143,0
"2020-12-14 00:00:00",0,0,0,0,0,10405.57142857143,0
"2020-12-15 00:00:00",0,0,0,0,0,10405.57142857143,0
"2020-12-16 00:00:00",0,0,0,0,0,10405.57142857143,0
"2020-12-17 00:00:00",0,0,0,0,0,10405.57142857143,0
"2020-12-18 00:00:00",0,0,0,0,0,10405.57142857143,0
"2020-12-19 00:00:00",0,0,0,0,0,10405.57142857143,0
"2020-12-20 00:00:00",0,0,0,0,0,0,0
"2020-12-21 00:00:00",0,0,0,0,0,0,0
"2020-12-22 00:00:00",0,0,0,0,0,0,10405.57142857143
"2020-12-23 00:00:00",0,0,0,0,72839,10405.57142857143,10405.57142857143
"2020-12-24 00:00:00",0,0,0,0,0,10405.57142857143,10405.57142857143
"2020-12-25 00:00:00",0,0,0,0,0,10405.57142857143,10405.57142857143
"2020-12-26 00:00:00",0,0,0,0,0,10405.57142857143,10405.57142857143
"2020-12-27 00:00:00",0,0,0,0,0,10405.57142857143,10405.57142857143
"2020-12-28 00:00:00",0,0,0,0,0,10405.57142857143,24009.285714285714
"2020-12-29 00:00:00",0,0,0,0,0,10405.57142857143,13603.714285714286
"2020-12-30 00:00:00",0,0,0,0,0,0,13603.714285714286
"2020-12-31 00:00:00",0,0,0,0,0,0,13603.714285714286
"2021-01-01 00:00:00",0,0,0,0,0,0,13603.714285714286
"2021-01-02 00:00:00",0,0,0,0,0,0,13603.714285714286
"2021-01-03 00:00:00",0,0,0,0,0,0,13603.714285714286
"2021-01-04 00:00:00",0,0,0,0,0,0,0
"2021-01-05 00:00:00",0,0,0,0,0,0,0
"2021-01-06 00:00:00",0,0,0,0,0,0,0
"2021-01-07 00:00:00",0,0,0,0,95226,13603.714285714286,0
"2021-01-08 00:00:00",0,0,0,0,0,13603.714285714286,0
"2021-01-09 00:00:00",0,0,0,0,0,13603.714285714286,0
"2021-01-10 00:00:00",0,0,0,0,0,13603.714285714286,0
"2021-01-11 00:00:00",0,0,0,0,0,13603.714285714286,10405.57142857143
"2021-01-12 00:00:00",0,0,0,0,0,13603.714285714286,10405.57142857143
"2021-01-13 00:00:00",0,0,0,0,0,13603.714285714286,10405.57142857143
"2021-01-14 00:00:00",0,0,0,0,0,0,10405.57142857143
"2021-01-15 00:00:00",0,0,0,0,0,0,10405.57142857143
"2021-01-16 00:00:00",0,0,0,0,72839,10405.57142857143,10405.57142857143
"2021-01-17 00:00:00",0,0,0,0,0,10405.57142857143,10405.57142857143
"2021-01-18 00:00:00",0,0,0,0,0,10405.57142857143,0
"2021-01-19 00:00:00",0,0,0,0,0,10405.57142857143,0
"2021-01-20 00:00:00",0,0,0,0,0,10405.57142857143,0
"2021-01-21 00:00:00",0,0,0,0,0,10405.57142857143,37.285714285714285
"2021-01-22 00:00:00",0,0,0,0,72839,20811.14285714286,37.285714285714285
"2021-01-23 00:00:00",0,0,0,0,0,10405.57142857143,37.285714285714285
"2021-01-24 00:00:00",0,0,0,0,0,10405.57142857143,37.285714285714285
"2021-01-25 00:00:00",0,0,0,0,0,10405.57142857143,37.285714285714285
"2021-01-26 00:00:00",0,0,0,0,72839,20811.14285714286,37.285714285714285
"2021-01-27 00:00:00",0,0,0,0,0,20811.14285714286,37.285714285714285
"2021-01-28 00:00:00",0,0,0,0,0,20811.14285714286,0
"2021-01-29 00:00:00",0,0,0,0,0,10405.57142857143,0
"2021-01-30 00:00:00",0,0,0,0,0,10405.57142857143,0
"2021-01-31 00:00:00",0,0,0,0,0,10405.57142857143,0
"2021-02-01 00:00:00",0,49384,0,0,0,17460.428571428572,0
"2021-02-02 00:00:00",0,0,0,0,0,7054.857142857143,0
"2021-02-03 00:00:00",0,0,0,0,0,7054.857142857143,0
"2021-02-04 00:00:00",0,0,0,0,0,7054.857142857143,0
"2021-02-05 00:00:00",0,0,0,0,0,7054.857142857143,0
"2021-02-06 00:00:00",0,0,0,0,0,7054.857142857143,0
"2021-02-07 00:00:00",0,0,0,0,95226,20658.571428571428,0
"2021-02-08 00:00:00",0,0,0,0,0,13603.714285714286,0
"2021-02-09 00:00:00",0,0,0,0,0,13603.714285714286,0
"2021-02-10 00:00:00",0,1286,0,0,43579,20013.14285714286,0
"2021-02-11 00:00:00",0,0,0,0,0,20013.14285714286,0
"2021-02-12 00:00:00",0,0,0,0,0,20013.14285714286,0
"2021-02-13 00:00:00",0,0,0,0,0,20013.14285714286,0
"2021-02-14 00:00:00",0,0,0,0,95226,20013.14285714286,13603.714285714286
"2021-02-15 00:00:00",0,0,0,0,0,20013.14285714286,13603.714285714286
"2021-02-16 00:00:00",0,0,0,0,72839,30418.714285714286,13603.714285714286
"2021-02-17 00:00:00",0,0,0,0,0,24009.285714285714,13603.714285714286
"2021-02-18 00:00:00",0,0,0,0,0,24009.285714285714,13603.714285714286
"2021-02-19 00:00:00",0,0,0,0,0,24009.285714285714,13641
"2021-02-20 00:00:00",0,0,0,0,0,24009.285714285714,13641
"2021-02-21 00:00:00",0,0,261,0,0,10442.857142857143,10442.857142857143
"2021-02-22 00:00:00",0,0,0,0,0,10442.857142857143,10442.857142857143
"2021-02-23 00:00:00",0,0,0,0,0,37.285714285714285,10442.857142857143
"2021-02-24 00:00:00",0,0,0,0,0,37.285714285714285,10442.857142857143
"2021-02-25 00:00:00",0,0,0,0,72839,10442.857142857143,10442.857142857143
"2021-02-26 00:00:00",0,0,0,0,0,10442.857142857143,10405.57142857143
"2021-02-27 00:00:00",0,0,0,0,0,10442.857142857143,10405.57142857143
"2021-02-28 00:00:00",0,0,0,0,95226,24009.285714285714,5818.428571428572
"2021-03-01 00:00:00",0,0,0,0,0,24009.285714285714,5818.428571428572
"2021-03-02 00:00:00",0,0,0,0,0,24009.285714285714,5818.428571428572
"2021-03-03 00:00:00",0,0,0,0,43579,30234.85714285714,5818.428571428572
"2021-03-04 00:00:00",0,0,0,0,0,19829.285714285714,5818.428571428572
"2021-03-05 00:00:00",0,0,0,0,0,19829.285714285714,5818.428571428572
"2021-03-06 00:00:00",0,0,0,0,72839,30234.85714285714,18688.714285714286
"2021-03-07 00:00:00",0,0,0,0,0,16631.14285714286,23275.85714285714
"2021-03-08 00:00:00",0,0,261,0,0,16668.428571428572,23275.85714285714
"2021-03-09 00:00:00",0,0,0,0,0,16668.428571428572,23275.85714285714
"2021-03-10 00:00:00",0,0,0,0,72839,20848.428571428572,23275.85714285714
"2021-03-11 00:00:00",0,0,0,0,0,20848.428571428572,23275.85714285714
"2021-03-12 00:00:00",0,0,0,0,0,20848.428571428572,23275.85714285714
"2021-03-13 00:00:00",0,0,0,0,0,10442.857142857143,10405.57142857143
"2021-03-14 00:00:00",0,0,0,0,0,10442.857142857143,0
"2021-03-15 00:00:00",0,0,0,0,0,10405.57142857143,13603.714285714286
"2021-03-16 00:00:00",0,0,0,0,0,10405.57142857143,13603.714285714286
"2021-03-17 00:00:00",0,0,0,0,72839,10405.57142857143,13603.714285714286
"2021-03-18 00:00:00",0,0,0,0,0,10405.57142857143,13603.714285714286
"2021-03-19 00:00:00",0,0,0,0,95226,24009.285714285714,13603.714285714286
"2021-03-20 00:00:00",0,0,0,0,0,24009.285714285714,13603.714285714286
"2021-03-21 00:00:00",0,0,0,0,0,24009.285714285714,13603.714285714286
"2021-03-22 00:00:00",0,0,0,0,0,24009.285714285714,0
"2021-03-23 00:00:00",0,0,0,0,0,24009.285714285714,10405.57142857143
"2021-03-24 00:00:00",0,0,261,0,0,13641,10405.57142857143
"2021-03-25 00:00:00",0,0,0,0,0,13641,10405.57142857143
"2021-03-26 00:00:00",0,0,0,0,43579,6262.857142857143,10405.57142857143
"2021-03-27 00:00:00",0,0,0,0,0,6262.857142857143,10405.57142857143
"2021-03-28 00:00:00",0,0,0,0,0,6262.857142857143,10405.57142857143
"2021-03-29 00:00:00",0,0,0,0,0,6262.857142857143,10405.57142857143
"2021-03-30 00:00:00",0,0,0,0,0,6262.857142857143,0
"2021-03-31 00:00:00",0,0,0,0,0,6225.571428571428,0
"2021-04-01 00:00:00",0,0,0,0,0,6225.571428571428,0
"2021-04-02 00:00:00",0,0,0,0,0,0,0
"2021-04-03 00:00:00",0,0,0,0,0,0,0
"2021-04-04 00:00:00",0,0,0,0,0,0,13603.714285714286
"2021-04-05 00:00:00",0,0,0,0,0,0,13603.714285714286
"2021-04-06 00:00:00",0,0,0,0,0,0,13603.714285714286
"2021-04-07 00:00:00",0,0,0,0,0,0,13603.714285714286
"2021-04-08 00:00:00",0,0,0,0,72839,10405.57142857143,13603.714285714286
"2021-04-09 00:00:00",0,0,0,0,0,10405.57142857143,13641
"2021-04-10 00:00:00",0,0,0,0,0,10405.57142857143,13641
"2021-04-11 00:00:00",0,0,0,0,72839,20811.14285714286,13641
"2021-04-12 00:00:00",0,0,0,0,0,20811.14285714286,13641
"2021-04-13 00:00:00",0,0,0,0,0,20811.14285714286,13641
"2021-04-14 00:00:00",0,0,0,0,0,20811.14285714286,13641
"2021-04-15 00:00:00",0,0,0,0,0,10405.57142857143,13641
"2021-04-16 00:00:00",0,0,0,0,0,10405.57142857143,13603.714285714286
"2021-04-17 00:00:00",0,0,0,0,72839,20811.14285714286,27207.428571428572
"2021-04-18 00:00:00",0,0,0,0,0,10405.57142857143,16095.57142857143
"2021-04-19 00:00:00",0,0,0,0,95226,24009.285714285714,16095.57142857143
"2021-04-20 00:00:00",0,0,0,0,0,24009.285714285714,16095.57142857143
"2021-04-21 00:00:00",0,0,0,0,43579,30234.85714285714,16095.57142857143
"2021-04-22 00:00:00",0,0,0,0,0,30234.85714285714,16095.57142857143
"2021-04-23 00:00:00",0,0,0,0,0,30234.85714285714,16095.57142857143
"2021-04-24 00:00:00",0,0,0,0,0,19829.285714285714,12897.42857142857
"2021-04-25 00:00:00",0,0,0,0,95226,33433,10405.57142857143
"2021-04-26 00:00:00",0,0,0,0,43579,26054.85714285714,10405.57142857143
"2021-04-27 00:00:00",0,0,0,0,0,26054.85714285714,10405.57142857143
"2021-04-28 00:00:00",0,0,0,0,0,19829.285714285714,10405.57142857143
"2021-04-29 00:00:00",0,0,0,0,72839,30234.85714285714,10405.57142857143
"2021-04-30 00:00:00",0,0,0,0,0,30234.85714285714,10405.57142857143
"2021-05-01 00:00:00",0,0,0,0,0,30234.85714285714,0
"2021-05-02 00:00:00",0,0,0,0,95226,30234.85714285714,13603.714285714286
"2021-05-03 00:00:00",0,0,0,0,0,24009.285714285714,13603.714285714286
"2021-05-04 00:00:00",0,0,0,0,43579,30234.85714285714,13603.714285714286
"2021-05-05 00:00:00",0,0,0,0,0,30234.85714285714,13603.714285714286
"2021-05-06 00:00:00",0,0,0,0,0,19829.285714285714,13603.714285714286
"2021-05-07 00:00:00",0,0,0,0,0,19829.285714285714,13603.714285714286
"2021-05-08 00:00:00",0,0,0,0,95226,33433,13603.714285714286
"2021-05-09 00:00:00",0,0,0,0,0,19829.285714285714,0
"2021-05-10 00:00:00",0,0,0,0,0,19829.285714285714,0
"2021-05-11 00:00:00",0,0,0,0,72839,24009.285714285714,0
"2021-05-12 00:00:00",0,0,0,0,0,24009.285714285714,13603.714285714286
"2021-05-13 00:00:00",0,0,0,0,0,24009.285714285714,13603.714285714286
"2021-05-14 00:00:00",0,0,0,0,0,24009.285714285714,13603.714285714286
"2021-05-15 00:00:00",0,0,0,0,95226,24009.285714285714,13603.714285714286
"2021-05-16 00:00:00",0,0,0,0,0,24009.285714285714,13603.714285714286
"2021-05-17 00:00:00",0,0,0,0,0,24009.285714285714,13603.714285714286
"2021-05-18 00:00:00",0,0,0,0,0,13603.714285714286,25396.428571428572
"2021-05-19 00:00:00",0,0,261,0,0,13641,11792.714285714286
"2021-05-20 00:00:00",0,0,0,0,0,13641,11792.714285714286
"2021-05-21 00:00:00",0,0,0,0,95226,27244.714285714286,11792.714285714286
"2021-05-22 00:00:00",0,0,261,0,0,13678.285714285714,11792.714285714286
"2021-05-23 00:00:00",0,0,0,0,0,13678.285714285714,11792.714285714286
"2021-05-24 00:00:00",0,0,0,0,0,13678.285714285714,11792.714285714286
"2021-05-25 00:00:00",0,0,0,0,0,13678.285714285714,0
"2021-05-26 00:00:00",0,0,0,0,0,13641,0
"2021-05-27 00:00:00",0,0,0,0,168066,37650.42857142857,0
"2021-05-28 00:00:00",0,0,0,0,0,24046.714285714286,0
"2021-05-29 00:00:00",0,0,0,0,0,24009.428571428572,0
"2021-05-30 00:00:00",0,10134,0,0,0,25457.14285714286,0
"2021-05-31 00:00:00",0,0,0,0,0,25457.14285714286,0
"2021-06-01 00:00:00",0,0,0,0,0,25457.14285714286,0
"2021-06-02 00:00:00",0,0,261,0,42565,31575.285714285714,11480.857142857143
"2021-06-03 00:00:00",0,0,783,0,0,7677.714285714285,11480.857142857143
"2021-06-04 00:00:00",0,0,0,0,95226,21281.428571428572,11480.857142857143
"2021-06-05 00:00:00",0,0,261,0,0,21318.714285714286,11480.857142857143
"2021-06-06 00:00:00",0,0,0,0,0,19871,11480.857142857143
"2021-06-07 00:00:00",0,0,0,0,0,19871,11480.857142857143
"2021-06-08 00:00:00",0,0,261,0,0,19908.285714285714,11480.857142857143
"2021-06-09 00:00:00",0,0,0,0,0,13790.142857142857,13603.714285714286
"2021-06-10 00:00:00",0,0,0,0,0,13678.285714285714,13603.714285714286
"2021-06-11 00:00:00",0,0,0,0,85470,12284.57142857143,13603.714285714286
"2021-06-12 00:00:00",0,0,0,0,0,12247.285714285714,13603.714285714286
"2021-06-13 00:00:00",0,0,0,0,72839,22652.85714285714,13603.714285714286
"2021-06-14 00:00:00",0,0,522,0,0,22727.428571428572,13641
"2021-06-15 00:00:00",0,0,0,0,0,22690.14285714286,13641
"2021-06-16 00:00:00",0,0,0,0,0,22690.14285714286,13641
"2021-06-17 00:00:00",0,0,0,0,0,22690.14285714286,13641
"2021-06-18 00:00:00",0,0,0,0,95226,24083.85714285714,13641
"2021-06-19 00:00:00",0,0,0,0,0,24083.85714285714,13641
"2021-06-20 00:00:00",0,0,0,0,0,13678.285714285714,13641
"2021-06-21 00:00:00",0,0,0,0,0,13603.714285714286,13603.714285714286
"2021-06-22 00:00:00",0,0,0,0,72839,24009.285714285714,27207.428571428572
"2021-06-23 00:00:00",0,0,0,0,0,24009.285714285714,13603.714285714286
"2021-06-24 00:00:00",0,0,0,0,0,24009.285714285714,13603.714285714286
"2021-06-25 00:00:00",0,0,0,0,0,10405.57142857143,13603.714285714286
"2021-06-26 00:00:00",0,0,0,0,95226,24009.285714285714,13603.714285714286
"2021-06-27 00:00:00",0,0,0,0,0,24009.285714285714,13603.714285714286
"2021-06-28 00:00:00",0,0,0,0,0,24009.285714285714,13603.714285714286
"2021-06-29 00:00:00",0,0,0,0,72839,24009.285714285714,0
"2021-06-30 00:00:00",0,0,0,0,0,24009.285714285714,0
"2021-07-01 00:00:00",0,0,0,0,0,24009.285714285714,0
"2021-07-02 00:00:00",0,0,0,0,95226,37613,0
"2021-07-03 00:00:00",0,0,0,0,0,24009.285714285714,0
"2021-07-04 00:00:00",0,0,0,0,0,24009.285714285714,10405.57142857143
"2021-07-05 00:00:00",0,0,0,0,0,24009.285714285714,10405.57142857143
"2021-07-06 00:00:00",0,0,0,0,72839,24009.285714285714,10405.57142857143
"2021-07-07 00:00:00",0,0,0,0,0,24009.285714285714,10405.57142857143
"2021-07-08 00:00:00",0,0,0,0,95226,37613,10405.57142857143
"2021-07-09 00:00:00",0,0,0,0,0,24009.285714285714,10405.57142857143
"2021-07-10 00:00:00",0,0,0,0,0,24009.285714285714,10405.57142857143
"2021-07-11 00:00:00",0,0,0,0,0,24009.285714285714,0
"2021-07-12 00:00:00",0,0,0,0,0,24009.285714285714,0
"2021-07-13 00:00:00",0,0,0,0,0,13603.714285714286,10405.57142857143
"2021-07-14 00:00:00",0,0,0,0,0,13603.714285714286,10405.57142857143
"2021-07-15 00:00:00",0,0,0,0,95226,13603.714285714286,10405.57142857143
"2021-07-16 00:00:00",0,0,0,0,0,13603.714285714286,10405.57142857143
"2021-07-17 00:00:00",0,0,0,0,0,13603.714285714286,10405.57142857143
"2021-07-18 00:00:00",0,0,0,0,0,13603.714285714286,20811.14285714286
"2021-07-19 00:00:00",0,0,0,0,0,13603.714285714286,20811.14285714286
"2021-07-20 00:00:00",0,0,0,0,0,13603.714285714286,10405.57142857143
"2021-07-21 00:00:00",0,0,0,0,95226,27207.428571428572,10405.57142857143
"2021-07-22 00:00:00",0,0,0,0,0,13603.714285714286,10405.57142857143
"2021-07-23 00:00:00",0,0,0,0,0,13603.714285714286,10405.57142857143
"2021-07-24 00:00:00",0,0,0,0,72839,24009.285714285714,10405.57142857143
"2021-07-25 00:00:00",0,0,0,0,0,24009.285714285714,13603.714285714286
"2021-07-26 00:00:00",0,0,0,0,0,24009.285714285714,13603.714285714286
"2021-07-27 00:00:00",0,0,0,0,0,24009.285714285714,13603.714285714286
"2021-07-28 00:00:00",0,0,0,0,72839,20811.14285714286,13603.714285714286
"2021-07-29 00:00:00",0,0,0,0,0,20811.14285714286,13603.714285714286
"2021-07-30 00:00:00",0,0,0,0,72839,31216.714285714286,13603.714285714286
"2021-07-31 00:00:00",0,0,0,0,0,20811.14285714286,13641
"2021-08-01 00:00:00",0,0,0,0,0,20811.14285714286,10442.857142857143
"2021-08-02 00:00:00",0,0,0,0,0,20811.14285714286,24046.571428571428
"2021-08-03 00:00:00",0,0,0,0,0,20811.14285714286,24046.571428571428
"2021-08-04 00:00:00",0,0,0,0,0,10405.57142857143,24046.571428571428
"2021-08-05 00:00:00",0,0,0,0,0,10405.57142857143,24046.571428571428
"2021-08-06 00:00:00",0,0,0,0,0,0,24046.571428571428
"2021-08-07 00:00:00",0,0,0,0,0,0,24009.285714285714
"2021-08-08 00:00:00",0,0,0,0,0,0,27207.428571428572
"2021-08-09 00:00:00",0,0,0,0,0,0,13603.714285714286
"2021-08-10 00:00:00",0,0,0,0,0,0,13603.714285714286
"2021-08-11 00:00:00",0,0,0,0,0,0,13603.714285714286
"2021-08-12 00:00:00",0,0,0,0,0,0,13603.714285714286
"2021-08-13 00:00:00",0,0,0,0,0,0,13603.714285714286
"2021-08-14 00:00:00",0,0,0,0,0,0,13603.714285714286
"2021-08-15 00:00:00",0,0,261,0,0,37.285714285714285,13603.714285714286
"2021-08-16 00:00:00",0,0,0,0,72839,10442.857142857143,13603.714285714286
"2021-08-17 00:00:00",0,0,0,0,0,10442.857142857143,13603.714285714286
"2021-08-18 00:00:00",0,0,261,0,0,10480.142857142857,13603.714285714286
"2021-08-19 00:00:00",0,0,0,0,0,10480.142857142857,13603.714285714286
"2021-08-20 00:00:00",0,0,0,0,0,10480.142857142857,13603.714285714286
"2021-08-21 00:00:00",0,0,0,0,0,10480.142857142857,13603.714285714286
"2021-08-22 00:00:00",0,0,0,0,0,10442.857142857143,0
"2021-08-23 00:00:00",0,0,0,0,0,37.285714285714285,0
"2021-08-24 00:00:00",0,0,0,0,0,37.285714285714285,0
"2021-08-25 00:00:00",0,0,0,0,0,0,0
"2021-08-26 00:00:00",0,0,0,0,0,0,0
"2021-08-27 00:00:00",0,0,0,0,72839,10405.57142857143,0
"2021-08-28 00:00:00",0,0,0,0,0,10405.57142857143,0
"2021-08-29 00:00:00",0,0,0,0,0,10405.57142857143,10405.57142857143
"2021-08-30 00:00:00",0,0,0,0,0,10405.57142857143,10405.57142857143
"2021-08-31 00:00:00",0,0,0,0,0,10405.57142857143,10405.57142857143
"2021-09-01 00:00:00",0,0,0,0,72839,20811.14285714286,24009.285714285714
"2021-09-02 00:00:00",0,0,0,0,72839,31216.714285714286,24009.285714285714
"2021-09-03 00:00:00",0,0,0,0,0,20811.14285714286,24009.285714285714
"2021-09-04 00:00:00",0,0,0,0,0,20811.14285714286,34414.857142857145
"2021-09-05 00:00:00",0,0,0,0,60991,29524.14285714286,24009.285714285714
"2021-09-06 00:00:00",0,0,0,0,0,29524.14285714286,24009.285714285714
"2021-09-07 00:00:00",0,0,0,0,0,29524.14285714286,24009.285714285714
"2021-09-08 00:00:00",0,0,0,0,0,19118.571428571428,10442.857142857143
"2021-09-09 00:00:00",0,0,0,0,0,8713,24046.571428571428
"2021-09-10 00:00:00",0,0,261,0,0,8750.285714285714,24046.571428571428
"2021-09-11 00:00:00",0,0,0,0,0,8750.285714285714,13641
"2021-09-12 00:00:00",0,0,0,0,0,37.285714285714285,13641
"2021-09-13 00:00:00",0,0,0,0,80366,11518.142857142857,13678.285714285714
"2021-09-14 00:00:00",0,0,0,0,75493,22302.85714285714,13678.285714285714
"2021-09-15 00:00:00",0,0,522,0,0,22377.428571428572,24046.571428571428
"2021-09-16 00:00:00",0,0,0,0,0,22377.428571428572,10442.857142857143
"2021-09-17 00:00:00",0,0,0,0,0,22340.14285714286,10442.857142857143
"2021-09-18 00:00:00",0,0,0,0,0,22340.14285714286,10442.857142857143
"2021-09-19 00:00:00",0,0,0,0,0,22340.14285714286,10442.857142857143
"2021-09-20 00:00:00",0,0,0,0,80366,22340.14285714286,10405.57142857143
"2021-09-21 00:00:00",0,0,0,0,0,11555.42857142857,10405.57142857143
"2021-09-22 00:00:00",0,0,0,0,0,11480.857142857143,0
"2021-09-23 00:00:00",0,0,0,0,0,11480.857142857143,37.285714285714285
"2021-09-24 00:00:00",0,0,0,0,0,11480.857142857143,37.285714285714285
"2021-09-25 00:00:00",0,0,0,0,0,11480.857142857143,5855.714285714285
"2021-09-26 00:00:00",0,0,0,0,80366,22961.714285714286,5855.714285714285
"2021-09-27 00:00:00",0,0,0,0,0,11480.857142857143,5855.714285714285
"2021-09-28 00:00:00",0,0,0,0,5496,12266,5855.714285714285
"2021-09-29 00:00:00",0,0,0,0,78407,23467,5855.714285714285
"2021-09-30 00:00:00",0,0,0,0,0,23467,5818.428571428572
"2021-10-01 00:00:00",0,0,0,0,5496,24252.14285714286,19422.14285714286
"2021-10-02 00:00:00",0,0,0,0,80366,35733,13603.714285714286
"2021-10-03 00:00:00",0,0,0,0,0,24252.14285714286,13603.714285714286
"2021-10-04 00:00:00",0,0,0,0,0,24252.14285714286,13603.714285714286
"2021-10-05 00:00:00",0,0,0,0,0,23467,13603.714285714286
"2021-10-06 00:00:00",0,0,0,0,0,12266,13603.714285714286
"2021-10-07 00:00:00",0,0,0,0,72839,22671.571428571428,24009.285714285714
"2021-10-08 00:00:00",0,0,0,0,0,21886.428571428572,10405.57142857143
"2021-10-09 00:00:00",0,0,0,0,0,10405.57142857143,10405.57142857143
"2021-10-10 00:00:00",0,0,0,0,0,10405.57142857143,10405.57142857143
"2021-10-11 00:00:00",0,0,0,0,80366,21886.428571428572,10405.57142857143
"2021-10-12 00:00:00",0,0,0,0,0,21886.428571428572,10405.57142857143
"2021-10-13 00:00:00",0,0,0,0,5496,22671.571428571428,10405.57142857143
"2021-10-14 00:00:00",0,0,0,0,0,12266,0
"2021-10-15 00:00:00",0,0,0,0,0,12266,0
"2021-10-16 00:00:00",0,0,0,0,5496,13051.142857142857,0
"2021-10-17 00:00:00",0,0,0,0,0,13051.142857142857,0
"2021-10-18 00:00:00",0,0,0,0,0,1570.2857142857142,0
"2021-10-19 00:00:00",0,0,0,0,0,1570.2857142857142,0
"2021-10-20 00:00:00",0,0,0,0,0,785.1428571428571,0
"2021-10-21 00:00:00",0,0,0,0,0,785.1428571428571,0
"2021-10-22 00:00:00",0,0,0,0,72839,11190.714285714286,0
"2021-10-23 00:00:00",0,0,0,0,0,10405.57142857143,12870.285714285714
"2021-10-24 00:00:00",0,0,0,0,0,10405.57142857143,12870.285714285714
"2021-10-25 00:00:00",0,0,0,0,0,10405.57142857143,12870.285714285714
"2021-10-26 00:00:00",0,0,0,0,0,10405.57142857143,12870.285714285714
"2021-10-27 00:00:00",0,0,0,0,0,10405.57142857143,12870.285714285714
"2021-10-28 00:00:00",0,0,0,0,0,10405.57142857143,12870.285714285714
"2021-10-29 00:00:00",0,0,0,0,0,0,12870.285714285714
"2021-10-30 00:00:00",0,0,0,0,0,0,0
"2021-10-31 00:00:00",0,0,0,0,0,0,0
"2021-11-01 00:00:00",0,0,0,0,0,0,0
"2021-11-02 00:00:00",0,0,0,0,52311,7473,0
"2021-11-03 00:00:00",0,0,0,0,0,7473,0
"2021-11-04 00:00:00",0,0,0,0,0,7473,10405.57142857143
"2021-11-05 00:00:00",0,0,0,0,0,7473,10405.57142857143
"2021-11-06 00:00:00",0,0,0,0,0,7473,10405.57142857143
"2021-11-07 00:00:00",0,0,0,0,0,7473,10405.57142857143
"2021-11-08 00:00:00",0,0,0,0,0,7473,10405.57142857143
"2021-11-09 00:00:00",0,10134,0,0,0,1447.7142857142858,10405.57142857143
"2021-11-10 00:00:00",0,0,0,0,0,1447.7142857142858,10405.57142857143
"2021-11-11 00:00:00",0,0,0,0,0,1447.7142857142858,0
"2021-11-12 00:00:00",0,0,0,0,0,1447.7142857142858,0
"2021-11-13 00:00:00",0,0,0,0,0,1447.7142857142858,0
"2021-11-14 00:00:00",0,0,0,0,0,1447.7142857142858,0
"2021-11-15 00:00:00",0,0,0,0,0,1447.7142857142858,0
"2021-11-16 00:00:00",0,0,0,0,0,0,0
"2021-11-17 00:00:00",0,0,0,0,0,0,0
"2021-11-18 00:00:00",0,0,0,0,0,0,0
"2021-11-19 00:00:00",0,0,0,0,0,0,0
"2021-11-20 00:00:00",0,0,0,0,0,0,0
"2021-11-21 00:00:00",0,0,0,0,72839,10405.57142857143,0
"2021-11-22 00:00:00",0,0,0,0,0,10405.57142857143,0
"2021-11-23 00:00:00",0,0,0,0,0,10405.57142857143,0
"2021-11-24 00:00:00",0,0,0,0,0,10405.57142857143,0
"2021-11-25 00:00:00",0,0,0,0,0,10405.57142857143,0
"2021-11-26 00:00:00",0,0,0,0,0,10405.57142857143,0
"2021-11-27 00:00:00",0,0,0,0,0,10405.57142857143,0
"2021-11-28 00:00:00",0,0,0,0,0,0,0
"2021-11-29 00:00:00",0,0,0,0,0,0,0
"2021-11-30 00:00:00",0,0,0,0,72839,10405.57142857143,0
"2021-12-01 00:00:00",0,0,0,0,0,10405.57142857143,0
"2021-12-02 00:00:00",0,0,0,0,0,10405.57142857143,0
"2021-12-03 00:00:00",0,0,0,0,0,10405.57142857143,0
"2021-12-04 00:00:00",0,0,0,0,95226,24009.285714285714,0
"2021-12-05 00:00:00",0,0,0,0,0,24009.285714285714,0
"2021-12-06 00:00:00",0,0,0,0,0,24009.285714285714,0
"2021-12-07 00:00:00",0,0,0,0,0,13603.714285714286,0
"2021-12-08 00:00:00",0,0,0,0,0,13603.714285714286,0
"2021-12-09 00:00:00",0,0,0,0,0,13603.714285714286,0
"2021-12-10 00:00:00",0,0,0,0,0,13603.714285714286,0
"2021-12-11 00:00:00",0,0,0,0,0,0,0
"2021-12-12 00:00:00",0,0,0,0,0,0,0
"2021-12-13 00:00:00",0,0,0,0,0,0,10405.57142857143
"2021-12-14 00:00:00",0,0,0,0,0,0,10405.57142857143
"2021-12-15 00:00:00",0,0,0,0,0,0,10405.57142857143
"2021-12-16 00:00:00",0,0,0,0,0,0,10405.57142857143
"2021-12-17 00:00:00",0,0,0,0,0,0,10405.57142857143
"2021-12-18 00:00:00",0,0,0,0,0,0,10405.57142857143
"2021-12-19 00:00:00",0,0,0,0,0,0,10405.57142857143
"2021-12-20 00:00:00",0,0,0,0,0,0,0
"2021-12-21 00:00:00",0,0,0,0,0,0,0
"2021-12-22 00:00:00",0,0,0,0,0,0,0
"2021-12-23 00:00:00",0,0,0,0,0,0,10405.57142857143
"2021-12-24 00:00:00",0,0,0,0,80366,11480.857142857143,10405.57142857143
"2021-12-25 00:00:00",0,0,0,0,0,11480.857142857143,10405.57142857143
"2021-12-26 00:00:00",0,0,0,0,0,11480.857142857143,10405.57142857143
"2021-12-27 00:00:00",0,0,0,0,0,11480.857142857143,10405.57142857143
"2021-12-28 00:00:00",0,0,0,0,0,11480.857142857143,10405.57142857143
"2021-12-29 00:00:00",0,0,0,0,0,11480.857142857143,10405.57142857143
"2021-12-30 00:00:00",0,0,0,0,0,11480.857142857143,0
"2021-12-31 00:00:00",0,0,0,0,0,0,0
"2022-01-01 00:00:00",0,0,0,0,0,0,0
"2022-01-02 00:00:00",0,0,0,0,0,0,0
"2022-01-03 00:00:00",0,0,0,0,0,0,0
"2022-01-04 00:00:00",0,0,261,0,0,37.285714285714285,0
"2022-01-05 00:00:00",0,0,0,0,0,37.285714285714285,0
"2022-01-06 00:00:00",0,0,0,0,0,37.285714285714285,0
"2022-01-07 00:00:00",0,0,0,0,0,37.285714285714285,13603.714285714286
"2022-01-08 00:00:00",0,0,0,0,0,37.285714285714285,13603.714285714286
"2022-01-09 00:00:00",0,0,0,0,0,37.285714285714285,13603.714285714286
"2022-01-10 00:00:00",0,0,0,0,0,37.285714285714285,13603.714285714286
"2022-01-11 00:00:00",0,0,0,0,0,0,13603.714285714286
"2022-01-12 00:00:00",0,0,0,0,80366,11480.857142857143,13603.714285714286
"2022-01-13 00:00:00",0,0,0,0,0,11480.857142857143,13603.714285714286
"2022-01-14 00:00:00",0,0,0,0,0,11480.857142857143,0
"2022-01-15 00:00:00",0,0,0,0,0,11480.857142857143,0
"2022-01-16 00:00:00",0,0,0,0,0,11480.857142857143,10405.57142857143
"2022-01-17 00:00:00",0,0,0,0,0,11480.857142857143,10405.57142857143
"2022-01-18 00:00:00",0,0,0,0,0,11480.857142857143,10405.57142857143
"2022-01-19 00:00:00",0,0,0,0,0,0,10405.57142857143
"2022-01-20 00:00:00",0,0,0,0,0,0,10405.57142857143
"2022-01-21 00:00:00",0,0,0,0,0,0,10405.57142857143
"2022-01-22 00:00:00",0,0,0,0,0,0,20811.14285714286
"2022-01-23 00:00:00",0,0,0,0,0,0,10405.57142857143
"2022-01-24 00:00:00",0,0,0,0,0,0,10405.57142857143
"2022-01-25 00:00:00",0,0,0,0,0,0,10405.57142857143
"2022-01-26 00:00:00",0,0,0,0,80366,11480.857142857143,20811.14285714286
"2022-01-27 00:00:00",0,0,0,0,0,11480.857142857143,20811.14285714286
"2022-01-28 00:00:00",0,0,0,0,0,11480.857142857143,20811.14285714286
"2022-01-29 00:00:00",0,0,0,0,0,11480.857142857143,10405.57142857143
"2022-01-30 00:00:00",0,0,0,0,0,11480.857142857143,10405.57142857143
"2022-01-31 00:00:00",0,0,0,0,0,11480.857142857143,10405.57142857143
"2022-02-01 00:00:00",0,0,0,0,0,11480.857142857143,17460.428571428572
"2022-02-02 00:00:00",0,0,0,0,0,0,7054.857142857143
"2022-02-03 00:00:00",0,0,0,0,0,0,7054.857142857143
"2022-02-04 00:00:00",0,0,0,0,0,0,7054.857142857143
"2022-02-05 00:00:00",0,0,0,0,0,0,7054.857142857143
"2022-02-06 00:00:00",0,0,0,0,0,0,7054.857142857143
"2022-02-07 00:00:00",0,0,0,0,0,0,20658.571428571428
"2022-02-08 00:00:00",0,10134,0,0,0,1447.7142857142858,13603.714285714286
"2022-02-09 00:00:00",0,0,0,0,0,1447.7142857142858,13603.714285714286
"2022-02-10 00:00:00",0,0,0,0,0,1447.7142857142858,20013.14285714286
"2022-02-11 00:00:00",0,0,0,0,72839,11853.285714285714,20013.14285714286
"2022-02-12 00:00:00",0,0,0,0,0,11853.285714285714,20013.14285714286
"2022-02-13 00:00:00",0,10134,0,0,0,13301,20013.14285714286
"2022-02-14 00:00:00",0,0,0,0,0,13301,20013.14285714286
"2022-02-15 00:00:00",0,0,0,0,5496,12638.42857142857,20013.14285714286
"2022-02-16 00:00:00",0,0,0,0,80366,24119.285714285714,30418.714285714286
"2022-02-17 00:00:00",0,0,0,0,0,24119.285714285714,24009.285714285714
"2022-02-18 00:00:00",0,0,0,0,0,13713.714285714286,24009.285714285714
"2022-02-19 00:00:00",0,0,0,0,0,13713.714285714286,24009.285714285714
"2022-02-20 00:00:00",0,0,0,0,0,12266,24009.285714285714
"2022-02-21 00:00:00",0,0,0,0,0,12266,10442.857142857143
"2022-02-22 00:00:00",0,0,0,0,0,11480.857142857143,10442.857142857143
"2022-02-23 00:00:00",0,0,0,0,80366,11480.857142857143,37.285714285714285
"2022-02-24 00:00:00",0,0,0,0,0,11480.857142857143,37.285714285714285
"2022-02-25 00:00:00",0,0,0,0,151482,33121.142857142855,10442.857142857143
"2022-02-26 00:00:00",0,0,0,0,0,33121.142857142855,10442.857142857143
"2022-02-27 00:00:00",0,0,0,0,0,33121.142857142855,10442.857142857143
"2022-02-28 00:00:00",0,0,0,0,0,33121.142857142855,24009.285714285714
"2022-03-01 00:00:00",0,0,0,0,0,33121.142857142855,24009.285714285714
"2022-03-02 00:00:00",0,0,0,0,0,21640.285714285714,24009.285714285714
"2022-03-03 00:00:00",0,0,0,0,72839,32045.85714285714,30234.85714285714
"2022-03-04 00:00:00",0,0,0,0,0,10405.57142857143,19829.285714285714
"2022-03-05 00:00:00",0,0,0,0,0,10405.57142857143,19829.285714285714
"2022-03-06 00:00:00",0,0,0,0,0,10405.57142857143,30234.85714285714
"2022-03-07 00:00:00",0,0,0,0,0,10405.57142857143,16631.14285714286
"2022-03-08 00:00:00",0,0,0,0,0,10405.57142857143,16668.428571428572
"2022-03-09 00:00:00",0,0,0,0,0,10405.57142857143,16668.428571428572
"2022-03-10 00:00:00",0,0,0,0,0,0,20848.428571428572
"2022-03-11 00:00:00",0,0,0,0,0,0,20848.428571428572
"2022-03-12 00:00:00",0,0,0,0,0,0,20848.428571428572
"2022-03-13 00:00:00",0,0,0,0,80366,11480.857142857143,10442.857142857143
"2022-03-14 00:00:00",0,0,0,0,0,11480.857142857143,10442.857142857143
"2022-03-15 00:00:00",0,0,0,0,0,11480.857142857143,10405.57142857143
"2022-03-16 00:00:00",0,0,0,0,0,11480.857142857143,10405.57142857143
"2022-03-17 00:00:00",0,0,0,0,0,11480.857142857143,10405.57142857143
"2022-03-18 00:00:00",0,0,0,0,0,11480.857142857143,10405.57142857143
"2022-03-19 00:00:00",0,0,0,0,0,11480.857142857143,24009.285714285714
"2022-03-20 00:00:00",0,0,0,0,80366,11480.857142857143,24009.285714285714
"2022-03-21 00:00:00",0,0,0,0,0,11480.857142857143,24009.285714285714
"2022-03-22 00:00:00",0,0,0,0,0,11480.857142857143,24009.285714285714
"2022-03-23 00:00:00",0,0,0,0,0,11480.857142857143,24009.285714285714
"2022-03-24 00:00:00",0,0,0,0,0,11480.857142857143,13641
"2022-03-25 00:00:00",0,0,0,0,0,11480.857142857143,13641
"2022-03-26 00:00:00",0,0,0,0,0,11480.857142857143,6262.857142857143
"2022-03-27 00:00:00",0,0,0,0,0,0,6262.857142857143
"2022-03-28 00:00:00",0,0,0,0,0,0,6262.857142857143
"2022-03-29 00:00:00",0,0,261,0,0,37.285714285714285,6262.857142857143
"2022-03-30 00:00:00",0,0,0,0,0,37.285714285714285,6262.857142857143
"2022-03-31 00:00:00",0,0,0,0,0,37.285714285714285,6225.571428571428
"2022-04-01 00:00:00",0,0,0,0,0,37.285714285714285,6225.571428571428
"2022-04-02 00:00:00",0,0,0,0,0,37.285714285714285,0
"2022-04-03 00:00:00",0,0,0,0,80366,11518.142857142857,0
"2022-04-04 00:00:00",0,0,0,0,0,11518.142857142857,0
"2022-04-05 00:00:00",0,0,0,0,0,11480.857142857143,0
"2022-04-06 00:00:00",0,0,0,0,0,11480.857142857143,0
"2022-04-07 00:00:00",0,0,0,0,0,11480.857142857143,0
"2022-04-08 00:00:00",0,0,0,0,0,11480.857142857143,10405.57142857143
"2022-04-09 00:00:00",0,0,0,0,0,11480.857142857143,10405.57142857143
"2022-04-10 00:00:00",0,0,0,0,0,0,10405.57142857143
"2022-04-11 00:00:00",0,0,0,0,65821,9403,20811.14285714286
"2022-04-12 00:00:00",0,0,0,0,0,9403,20811.14285714286
"2022-04-13 00:00:00",0,0,0,0,0,9403,20811.14285714286
"2022-04-14 00:00:00",0,0,0,0,0,9403,20811.14285714286
"2022-04-15 00:00:00",0,0,0,0,0,9403,10405.57142857143
"2022-04-16 00:00:00",0,0,0,0,0,9403,10405.57142857143
"2022-04-17 00:00:00",0,0,0,0,0,9403,20811.14285714286
"2022-04-18 00:00:00",0,0,0,0,0,0,10405.57142857143
"2022-04-19 00:00:00",0,0,0,0,0,0,24009.285714285714
"2022-04-20 00:00:00",0,0,0,0,0,0,24009.285714285714
"2022-04-21 00:00:00",0,0,0,0,0,0,30234.85714285714
"2022-04-22 00:00:00",0,0,0,0,0,0,30234.85714285714
"2022-04-23 00:00:00",0,0,0,0,0,0,30234.85714285714
"2022-04-24 00:00:00",0,0,0,0,0,0,19829.285714285714
"2022-04-25 00:00:00",0,0,0,0,0,0,33433
"2022-04-26 00:00:00",0,0,0,0,0,0,26054.85714285714
"2022-04-27 00:00:00",0,0,0,0,0,0,26054.85714285714
"2022-04-28 00:00:00",0,0,0,0,0,0,19829.285714285714
"2022-04-29 00:00:00",0,0,0,0,0,0,30234.85714285714
"2022-04-30 00:00:00",0,0,0,0,0,0,30234.85714285714
"2022-05-01 00:00:00",0,0,0,0,0,0,30234.85714285714
"2022-05-02 00:00:00",0,0,0,0,0,0,30234.85714285714
"2022-05-03 00:00:00",0,0,0,0,0,0,24009.285714285714
"2022-05-04 00:00:00",0,0,0,0,0,0,30234.85714285714
"2022-05-05 00:00:00",0,0,0,0,0,0,30234.85714285714
"2022-05-06 00:00:00",0,0,0,0,0,0,19829.285714285714
"2022-05-07 00:00:00",0,0,0,0,0,0,19829.285714285714
"2022-05-08 00:00:00",0,0,0,0,0,0,33433
"2022-05-09 00:00:00",0,0,0,0,0,0,19829.285714285714
"2022-05-10 00:00:00",0,0,0,0,0,0,19829.285714285714
"2022-05-11 00:00:00",0,0,0,0,0,0,24009.285714285714
"2022-05-12 00:00:00",0,0,261,0,0,37.285714285714285,24009.285714285714
"2022-05-13 00:00:00",0,0,0,0,0,37.285714285714285,24009.285714285714
"2022-05-14 00:00:00",0,0,0,0,0,37.285714285714285,24009.285714285714
"2022-05-15 00:00:00",0,0,0,0,72839,10442.857142857143,24009.285714285714
"2022-05-16 00:00:00",0,0,0,0,0,10442.857142857143,24009.285714285714
"2022-05-17 00:00:00",0,0,0,0,0,10442.857142857143,24009.285714285714
"2022-05-18 00:00:00",0,0,0,0,80366,21923.714285714286,13603.714285714286
"2022-05-19 00:00:00",0,0,0,0,0,21886.428571428572,13641
"2022-05-20 00:00:00",0,0,0,0,0,21886.428571428572,13641
"2022-05-21 00:00:00",0,0,0,0,0,21886.428571428572,27244.714285714286
"2022-05-22 00:00:00",0,0,0,0,0,11480.857142857143,13678.285714285714
"2022-05-23 00:00:00",0,0,261,0,0,11518.142857142857,13678.285714285714
"2022-05-24 00:00:00",0,0,0,0,0,11518.142857142857,13678.285714285714
"2022-05-25 00:00:00",0,0,0,0,80366,11518.142857142857,13678.285714285714
"2022-05-26 00:00:00",0,0,0,0,0,11518.142857142857,13641
"2022-05-27 00:00:00",0,0,0,0,0,11518.142857142857,37650.42857142857
"2022-05-28 00:00:00",0,0,0,0,0,11518.142857142857,24046.714285714286
"2022-05-29 00:00:00",0,0,261,0,0,11555.42857142857,24009.428571428572
"2022-05-30 00:00:00",0,0,0,0,0,11518.142857142857,25457.14285714286
"2022-05-31 00:00:00",0,0,0,0,80366,22999,25457.14285714286
"2022-06-01 00:00:00",0,0,0,0,0,11518.142857142857,25457.14285714286
"2022-06-02 00:00:00",0,0,0,0,0,11518.142857142857,31575.285714285714
"2022-06-03 00:00:00",0,0,0,0,0,11518.142857142857,7677.714285714285
"2022-06-04 00:00:00",0,0,0,0,0,11518.142857142857,21281.428571428572
"2022-06-05 00:00:00",0,0,0,0,0,11480.857142857143,21318.714285714286
"2022-06-06 00:00:00",0,0,0,0,0,11480.857142857143,19871
"2022-06-07 00:00:00",0,0,0,0,80366,11480.857142857143,19871
"2022-06-08 00:00:00",0,0,0,0,0,11480.857142857143,19908.285714285714
"2022-06-09 00:00:00",0,0,0,0,72839,21886.428571428572,13790.142857142857
"2022-06-10 00:00:00",0,0,0,0,0,21886.428571428572,13678.285714285714
"2022-06-11 00:00:00",0,0,0,0,0,21886.428571428572,12284.57142857143
"2022-06-12 00:00:00",0,0,0,0,0,21886.428571428572,12247.285714285714
"2022-06-13 00:00:00",0,0,0,0,0,21886.428571428572,22652.85714285714
"2022-06-14 00:00:00",0,0,0,0,0,10405.57142857143,22727.428571428572
"2022-06-15 00:00:00",0,0,0,0,72839,20811.14285714286,22690.14285714286
"2022-06-16 00:00:00",0,0,0,0,0,10405.57142857143,22690.14285714286
"2022-06-17 00:00:00",0,0,261,0,0,10442.857142857143,22690.14285714286
"2022-06-18 00:00:00",0,0,0,0,90092,23313.14285714286,24083.85714285714
"2022-06-19 00:00:00",0,0,0,0,0,23313.14285714286,24083.85714285714
"2022-06-20 00:00:00",0,0,0,0,80366,34794,13678.285714285714
"2022-06-21 00:00:00",0,0,0,0,0,34794,13603.714285714286
"2022-06-22 00:00:00",0,0,0,0,0,24388.428571428572,24009.285714285714
"2022-06-23 00:00:00",0,0,0,0,0,24388.428571428572,24009.285714285714
"2022-06-24 00:00:00",0,0,0,0,72839,34756.71428571428,24009.285714285714
"2022-06-25 00:00:00",0,0,0,0,0,21886.428571428572,10405.57142857143
"2022-06-26 00:00:00",0,0,0,0,0,21886.428571428572,24009.285714285714
"2022-06-27 00:00:00",0,0,0,0,72839,20811.14285714286,24009.285714285714
"2022-06-28 00:00:00",0,0,0,0,0,20811.14285714286,24009.285714285714
"2022-06-29 00:00:00",0,0,0,0,0,20811.14285714286,24009.285714285714
"2022-06-30 00:00:00",0,0,0,0,0,20811.14285714286,24009.285714285714
"2022-07-01 00:00:00",0,0,261,0,51350,17778.571428571428,24009.285714285714
"2022-07-02 00:00:00",0,0,0,0,0,17778.571428571428,37613
"2022-07-03 00:00:00",0,0,0,0,72839,28184.14285714286,24009.285714285714
"2022-07-04 00:00:00",0,0,0,0,0,17778.571428571428,24009.285714285714
"2022-07-05 00:00:00",0,0,0,0,0,17778.571428571428,24009.285714285714
"2022-07-06 00:00:00",0,0,0,0,0,17778.571428571428,24009.285714285714
"2022-07-07 00:00:00",0,0,0,0,0,17778.571428571428,24009.285714285714
"2022-07-08 00:00:00",0,0,0,0,0,10405.57142857143,37613
"2022-07-09 00:00:00",0,0,0,0,38741,15940,24009.285714285714
"2022-07-10 00:00:00",0,0,0,0,0,5534.428571428572,24009.285714285714
"2022-07-11 00:00:00",0,0,0,0,95230,19138.714285714286,24009.285714285714
"2022-07-12 00:00:00",0,0,0,0,0,19138.714285714286,24009.285714285714
"2022-07-13 00:00:00",0,0,0,0,0,19138.714285714286,13603.714285714286
"2022-07-14 00:00:00",0,0,0,0,0,19138.714285714286,13603.714285714286
"2022-07-15 00:00:00",0,0,0,0,0,19138.714285714286,13603.714285714286
"2022-07-16 00:00:00",0,0,0,0,0,13604.285714285714,13603.714285714286
"2022-07-17 00:00:00",0,0,0,0,51350,20940,13603.714285714286
"2022-07-18 00:00:00",0,0,0,0,0,7335.714285714285,13603.714285714286
"2022-07-19 00:00:00",0,0,0,0,95230,20940,13603.714285714286
"2022-07-20 00:00:00",0,0,0,0,0,20940,13603.714285714286
"2022-07-21 00:00:00",0,0,0,0,80366,32420.85714285714,27207.428571428572
"2022-07-22 00:00:00",0,0,0,0,0,32420.85714285714,13603.714285714286
"2022-07-23 00:00:00",0,0,0,0,0,32420.85714285714,13603.714285714286
"2022-07-24 00:00:00",0,0,0,0,0,25085.14285714286,24009.285714285714
"2022-07-25 00:00:00",0,0,0,0,95230,38689.42857142857,24009.285714285714
"2022-07-26 00:00:00",0,0,0,0,0,25085.14285714286,24009.285714285714
"2022-07-27 00:00:00",0,0,261,0,0,25122.428571428572,24009.285714285714
"2022-07-28 00:00:00",0,0,0,0,0,13641.57142857143,20811.14285714286
"2022-07-29 00:00:00",0,0,0,0,0,13641.57142857143,20811.14285714286
"2022-07-30 00:00:00",0,0,0,0,0,13641.57142857143,31216.714285714286
"2022-07-31 00:00:00",0,0,0,0,175596,38726.71428571428,20811.14285714286
"2022-08-01 00:00:00",0,0,0,0,0,25122.428571428572,20811.14285714286
"2022-08-02 00:00:00",0,0,0,0,0,25122.428571428572,20811.14285714286
"2022-08-03 00:00:00",0,0,0,0,0,25085.14285714286,20811.14285714286
"2022-08-04 00:00:00",0,0,0,0,90092,37955.42857142857,10405.57142857143
"2022-08-05 00:00:00",0,0,0,0,0,37955.42857142857,10405.57142857143
"2022-08-06 00:00:00",0,0,0,0,0,37955.42857142857,0
"2022-08-07 00:00:00",0,0,0,0,0,12870.285714285714,0
"2022-08-08 00:00:00",0,0,0,0,80366,24351.14285714286,0
"2022-08-09 00:00:00",0,0,0,0,95230,37955.42857142857,0
"2022-08-10 00:00:00",0,0,0,0,0,37955.42857142857,0
"2022-08-11 00:00:00",0,0,0,0,0,25085.14285714286,0
"2022-08-12 00:00:00",0,0,0,0,0,25085.14285714286,0
"2022-08-13 00:00:00",0,0,0,0,90092,37955.42857142857,0
"2022-08-14 00:00:00",0,0,0,0,0,37955.42857142857,0
"2022-08-15 00:00:00",0,0,0,0,95230,40078.857142857145,37.285714285714285
"2022-08-16 00:00:00",0,0,0,0,0,26474.571428571428,10442.857142857143
"2022-08-17 00:00:00",0,0,0,0,0,26474.571428571428,10442.857142857143
"2022-08-18 00:00:00",0,0,0,0,0,26474.571428571428,10480.142857142857
"2022-08-19 00:00:00",0,0,0,0,0,26474.571428571428,10480.142857142857
"2022-08-20 00:00:00",0,0,0,0,0,13604.285714285714,10480.142857142857
"2022-08-21 00:00:00",0,0,0,0,133971,32743,10480.142857142857
"2022-08-22 00:00:00",0,0,0,0,0,19138.714285714286,10442.857142857143
"2022-08-23 00:00:00",0,0,0,0,0,19138.714285714286,37.285714285714285
"2022-08-24 00:00:00",0,0,0,0,0,19138.714285714286,37.285714285714285
"2022-08-25 00:00:00",0,0,0,0,0,19138.714285714286,0
"2022-08-26 00:00:00",0,0,0,0,0,19138.714285714286,0
"2022-08-27 00:00:00",0,0,0,0,72839,29544.285714285714,10405.57142857143
"2022-08-28 00:00:00",0,0,0,0,95230,24009.85714285714,10405.57142857143
"2022-08-29 00:00:00",0,0,0,0,0,24009.85714285714,10405.57142857143
"2022-08-30 00:00:00",0,0,0,0,85230,36185.57142857143,10405.57142857143
"2022-08-31 00:00:00",0,0,0,0,0,36185.57142857143,10405.57142857143
"2022-09-01 00:00:00",0,0,0,0,0,36185.57142857143,20811.14285714286
"2022-09-02 00:00:00",0,0,0,0,43579,42411.142857142855,31216.714285714286
"2022-09-03 00:00:00",0,0,0,0,0,32005.571428571428,20811.14285714286
"2022-09-04 00:00:00",0,0,0,0,38741,23935.714285714286,20811.14285714286
"2022-09-05 00:00:00",0,0,0,0,0,23935.714285714286,29524.14285714286
"2022-09-06 00:00:00",0,0,0,0,0,11760,29524.14285714286
"2022-09-07 00:00:00",0,0,0,0,0,11760,29524.14285714286
"2022-09-08 00:00:00",0,0,0,0,0,11760,19118.571428571428
"2022-09-09 00:00:00",0,0,0,0,0,5534.428571428572,8713
"2022-09-10 00:00:00",0,0,0,0,43579,11760,8750.285714285714
"2022-09-11 00:00:00",0,0,0,0,0,6225.571428571428,8750.285714285714
"2022-09-12 00:00:00",0,0,0,0,90092,19095.85714285714,37.285714285714285
"2022-09-13 00:00:00",0,0,0,0,0,19095.85714285714,11518.142857142857
"2022-09-14 00:00:00",0,0,0,0,0,19095.85714285714,22302.85714285714
"2022-09-15 00:00:00",0,0,0,0,0,19095.85714285714,22377.428571428572
"2022-09-16 00:00:00",0,0,0,0,0,19095.85714285714,22377.428571428572
"2022-09-17 00:00:00",0,0,0,0,0,12870.285714285714,22340.14285714286
"2022-09-18 00:00:00",0,0,0,0,0,12870.285714285714,22340.14285714286
"2022-09-19 00:00:00",0,0,0,0,0,0,22340.14285714286
"2022-09-20 00:00:00",0,0,0,0,90092,12870.285714285714,22340.14285714286
"2022-09-21 00:00:00",0,0,0,0,72839,23275.85714285714,11555.42857142857
"2022-09-22 00:00:00",0,0,0,0,0,23275.85714285714,11480.857142857143
"2022-09-23 00:00:00",0,0,0,0,0,23275.85714285714,11480.857142857143
"2022-09-24 00:00:00",0,0,0,0,0,23275.85714285714,11480.857142857143
"2022-09-25 00:00:00",0,0,0,0,0,23275.85714285714,11480.857142857143
"2022-09-26 00:00:00",0,0,0,0,0,23275.85714285714,22961.714285714286
"2022-09-27 00:00:00",0,0,0,0,0,10405.57142857143,11480.857142857143
"2022-09-28 00:00:00",0,0,0,0,80366,11480.857142857143,12266
"2022-09-29 00:00:00",0,0,0,0,0,11480.857142857143,23467
"2022-09-30 00:00:00",0,0,0,0,0,11480.857142857143,23467
"2022-10-01 00:00:00",0,0,261,0,0,11518.142857142857,24252.14285714286
"2022-10-02 00:00:00",0,0,0,0,0,11518.142857142857,35733
"2022-10-03 00:00:00",0,0,0,0,80366,22999,24252.14285714286
"2022-10-04 00:00:00",0,0,0,0,0,22999,24252.14285714286
"2022-10-05 00:00:00",0,0,0,0,0,11518.142857142857,23467
"2022-10-06 00:00:00",0,0,0,0,0,11518.142857142857,12266
"2022-10-07 00:00:00",0,0,0,0,90092,24388.428571428572,22671.571428571428
"2022-10-08 00:00:00",0,0,0,0,0,24351.14285714286,21886.428571428572
"2022-10-09 00:00:00",0,0,0,0,0,24351.14285714286,10405.57142857143
"2022-10-10 00:00:00",0,0,0,0,80366,24351.14285714286,10405.57142857143
"2022-10-11 00:00:00",0,0,0,0,0,24351.14285714286,21886.428571428572
"2022-10-12 00:00:00",0,0,0,0,0,24351.14285714286,21886.428571428572
"2022-10-13 00:00:00",0,0,0,0,90092,37221.42857142857,22671.571428571428
"2022-10-14 00:00:00",0,0,0,0,0,24351.14285714286,12266
"2022-10-15 00:00:00",0,0,0,0,0,24351.14285714286,12266
"2022-10-16 00:00:00",0,0,0,0,0,24351.14285714286,13051.142857142857
"2022-10-17 00:00:00",0,0,0,0,0,12870.285714285714,13051.142857142857
"2022-10-18 00:00:00",0,0,0,0,0,12870.285714285714,1570.2857142857142
"2022-10-19 00:00:00",0,0,0,0,0,12870.285714285714,1570.2857142857142
"2022-10-20 00:00:00",0,0,0,0,80366,11480.857142857143,785.1428571428571
"2022-10-21 00:00:00",0,0,0,0,0,11480.857142857143,785.1428571428571
"2022-10-22 00:00:00",0,0,0,0,0,11480.857142857143,11190.714285714286
"2022-10-23 00:00:00",0,0,0,0,0,11480.857142857143,10405.57142857143
"2022-10-24 00:00:00",0,0,0,0,0,11480.857142857143,10405.57142857143
"2022-10-25 00:00:00",0,0,0,0,0,11480.857142857143,10405.57142857143
"2022-10-26 00:00:00",0,0,0,0,0,11480.857142857143,10405.57142857143
"2022-10-27 00:00:00",0,0,0,0,0,0,10405.57142857143
"2022-10-28 00:00:00",0,0,0,0,0,0,10405.57142857143
"2022-10-29 00:00:00",0,0,0,0,80366,11480.857142857143,0
"2022-10-30 00:00:00",0,0,0,0,0,11480.857142857143,0
"2022-10-31 00:00:00",0,0,0,0,0,11480.857142857143,0
"2022-11-01 00:00:00",0,0,0,0,0,11480.857142857143,0
"2022-11-02 00:00:00",0,0,0,0,0,11480.857142857143,7473
"2022-11-03 00:00:00",0,0,261,0,0,11518.142857142857,7473
"2022-11-04 00:00:00",0,0,0,0,0,11518.142857142857,7473
"2022-11-05 00:00:00",0,0,0,0,0,37.285714285714285,7473
"2022-11-06 00:00:00",0,0,0,0,0,37.285714285714285,7473
"2022-11-07 00:00:00",0,0,0,0,0,37.285714285714285,7473
"2022-11-08 00:00:00",0,0,0,0,0,37.285714285714285,7473
"2022-11-09 00:00:00",0,0,0,0,0,37.285714285714285,1447.7142857142858
"2022-11-10 00:00:00",0,0,0,0,0,0,1447.7142857142858
"2022-11-11 00:00:00",0,0,0,0,51350,7335.714285714285,1447.7142857142858
"2022-11-12 00:00:00",0,0,0,0,0,7335.714285714285,1447.7142857142858
"2022-11-13 00:00:00",0,0,261,0,0,7373,1447.7142857142858
"2022-11-14 00:00:00",0,0,0,0,0,7373,1447.7142857142858
"2022-11-15 00:00:00",0,0,0,0,0,7373,1447.7142857142858
"2022-11-16 00:00:00",0,0,0,0,0,7373,0
"2022-11-17 00:00:00",0,0,0,0,0,7373,0
"2022-11-18 00:00:00",0,0,0,0,0,37.285714285714285,0
"2022-11-19 00:00:00",0,0,261,0,0,74.57142857142857,0
"2022-11-20 00:00:00",0,0,0,0,0,37.285714285714285,0
"2022-11-21 00:00:00",0,0,0,0,0,37.285714285714285,10405.57142857143
"2022-11-22 00:00:00",0,0,0,0,0,37.285714285714285,10405.57142857143
"2022-11-23 00:00:00",0,0,0,0,0,37.285714285714285,10405.57142857143
"2022-11-24 00:00:00",0,0,0,0,0,37.285714285714285,10405.57142857143
"2022-11-25 00:00:00",0,0,0,0,0,37.285714285714285,10405.57142857143
"2022-11-26 00:00:00",0,0,0,0,80366,11480.857142857143,10405.57142857143
"2022-11-27 00:00:00",0,0,0,0,0,11480.857142857143,10405.57142857143
"2022-11-28 00:00:00",0,0,0,0,0,11480.857142857143,0
"2022-11-29 00:00:00",0,0,0,0,0,11480.857142857143,0
"2022-11-30 00:00:00",0,0,0,0,0,11480.857142857143,10405.57142857143
"2022-12-01 00:00:00",0,0,0,0,0,11480.857142857143,10405.57142857143
"2022-12-02 00:00:00",0,0,0,0,0,11480.857142857143,10405.57142857143
"2022-12-03 00:00:00",0,0,0,0,80366,11480.857142857143,10405.57142857143
"2022-12-04 00:00:00",0,0,0,0,0,11480.857142857143,24009.285714285714
"2022-12-05 00:00:00",0,0,0,0,0,11480.857142857143,24009.285714285714
"2022-12-06 00:00:00",0,0,0,0,0,11480.857142857143,24009.285714285714
"2022-12-07 00:00:00",0,0,0,0,0,11480.857142857143,13603.714285714286
"2022-12-08 00:00:00",0,0,0,0,0,11480.857142857143,13603.714285714286
"2022-12-09 00:00:00",0,0,0,0,0,11480.857142857143,13603.714285714286
"2022-12-10 00:00:00",0,0,0,0,0,0,13603.714285714286
"2022-12-11 00:00:00",0,0,0,0,0,0,0
"2022-12-12 00:00:00",0,0,0,0,0,0,0
"2022-12-13 00:00:00",0,0,0,0,0,0,0
"2022-12-14 00:00:00",0,0,0,0,0,0,0
"2022-12-15 00:00:00",0,0,0,0,72839,10405.57142857143,0
"2022-12-16 00:00:00",0,0,0,0,0,10405.57142857143,0
"2022-12-17 00:00:00",0,0,0,0,0,10405.57142857143,0
"2022-12-18 00:00:00",0,0,0,0,0,10405.57142857143,0
"2022-12-19 00:00:00",0,0,0,0,0,10405.57142857143,0
"2022-12-20 00:00:00",0,0,0,0,0,10405.57142857143,0
"2022-12-21 00:00:00",0,0,0,0,0,10405.57142857143,0
"2022-12-22 00:00:00",0,0,0,0,72839,10405.57142857143,0
"2022-12-23 00:00:00",0,0,0,0,0,10405.57142857143,0
"2022-12-24 00:00:00",0,0,0,0,0,10405.57142857143,11480.857142857143
"2022-12-25 00:00:00",0,0,0,0,0,10405.57142857143,11480.857142857143
"2022-12-26 00:00:00",0,0,0,0,0,10405.57142857143,11480.857142857143
"2022-12-27 00:00:00",0,0,0,0,72839,20811.14285714286,11480.857142857143
"2022-12-28 00:00:00",0,0,0,0,0,20811.14285714286,11480.857142857143
"2022-12-29 00:00:00",0,0,0,0,30911,14821.42857142857,11480.857142857143
"2022-12-30 00:00:00",0,0,0,0,0,14821.42857142857,11480.857142857143
"2022-12-31 00:00:00",0,0,0,0,0,14821.42857142857,0
"2023-01-01 00:00:00",0,0,0,0,72839,25227,0
"2023-01-02 00:00:00",0,0,0,0,0,25227,0
"2023-01-03 00:00:00",0,0,0,0,42565,20902.14285714286,0
"2023-01-04 00:00:00",0,0,0,0,0,20902.14285714286,37.285714285714285
"2023-01-05 00:00:00",0,0,0,0,0,16486.285714285714,37.285714285714285
"2023-01-06 00:00:00",0,0,0,0,0,16486.285714285714,37.285714285714285
"2023-01-07 00:00:00",0,0,0,0,0,16486.285714285714,37.285714285714285
"2023-01-08 00:00:00",0,0,0,0,0,6080.714285714285,37.285714285714285
"2023-01-09 00:00:00",0,0,0,0,0,6080.714285714285,37.285714285714285
"2023-01-10 00:00:00",0,0,0,0,0,0,37.285714285714285
"2023-01-11 00:00:00",0,0,0,0,74450,10635.714285714286,0
"2023-01-12 00:00:00",0,0,0,0,0,10635.714285714286,11480.857142857143
"2023-01-13 00:00:00",0,0,0,0,72839,21041.285714285714,11480.857142857143
"2023-01-14 00:00:00",0,0,0,0,0,21041.285714285714,11480.857142857143
"2023-01-15 00:00:00",0,0,0,0,0,21041.285714285714,11480.857142857143
"2023-01-16 00:00:00",0,0,0,0,80366,32522.14285714286,11480.857142857143
"2023-01-17 00:00:00",0,0,0,0,0,32522.14285714286,11480.857142857143
"2023-01-18 00:00:00",0,0,0,0,72839,32292,11480.857142857143
"2023-01-19 00:00:00",0,0,0,0,0,32292,0
"2023-01-20 00:00:00",0,0,0,0,0,21886.428571428572,0
"2023-01-21 00:00:00",0,0,0,0,0,21886.428571428572,0
"2023-01-22 00:00:00",0,0,0,0,0,21886.428571428572,0
"2023-01-23 00:00:00",0,0,0,0,72839,20811.14285714286,0
"2023-01-24 00:00:00",0,0,0,0,167619,44756.71428571428,0
"2023-01-25 00:00:00",0,0,0,0,0,34351.142857142855,0
"2023-01-26 00:00:00",0,0,0,0,80366,45832,11480.857142857143
"2023-01-27 00:00:00",0,0,0,0,0,45832,11480.857142857143
"2023-01-28 00:00:00",0,0,0,0,72839,56237.57142857143,11480.857142857143
"2023-01-29 00:00:00",0,0,0,0,0,56237.57142857143,11480.857142857143
"2023-01-30 00:00:00",0,0,0,0,0,45832,11480.857142857143
"2023-01-31 00:00:00",0,0,0,0,0,21886.428571428572,11480.857142857143
"2023-02-01 00:00:00",0,0,0,0,72839,32292,11480.857142857143
"2023-02-02 00:00:00",0,0,0,0,72839,31216.714285714286,0
"2023-02-03 00:00:00",0,0,0,0,42565,37297.42857142857,0
"2023-02-04 00:00:00",0,0,0,0,43579,33117.42857142857,0
"2023-02-05 00:00:00",0,0,0,0,0,33117.42857142857,0
"2023-02-06 00:00:00",0,0,0,0,0,33117.42857142857,0
"2023-02-07 00:00:00",0,0,0,0,0,33117.42857142857,0
"2023-02-08 00:00:00",0,0,261,0,72839,33154.71428571428,1447.7142857142858
"2023-02-09 00:00:00",0,0,0,0,80366,34230,1447.7142857142858
"2023-02-10 00:00:00",0,0,0,0,42565,34230,1447.7142857142858
"2023-02-11 00:00:00",0,0,0,0,43579,34230,11853.285714285714
"2023-02-12 00:00:00",0,0,0,0,0,34230,11853.285714285714
"2023-02-13 00:00:00",0,0,261,0,0,34267.28571428572,13301
"2023-02-14 00:00:00",0,0,0,0,90092,47137.57142857143,13301
"2023-02-15 00:00:00",0,0,0,0,80366,48175.57142857143,12638.42857142857
"2023-02-16 00:00:00",0,0,0,0,0,36694.71428571428,24119.285714285714
"2023-02-17 00:00:00",0,0,261,0,43579,36876.857142857145,24119.285714285714
"2023-02-18 00:00:00",0,0,0,0,42565,36732,13713.714285714286
"2023-02-19 00:00:00",0,0,0,0,0,36732,13713.714285714286
"2023-02-20 00:00:00",0,0,0,0,0,36694.71428571428,12266
"2023-02-21 00:00:00",0,0,0,0,90092,36694.71428571428,12266
"2023-02-22 00:00:00",0,0,0,0,80366,36694.71428571428,11480.857142857143
"2023-02-23 00:00:00",0,0,0,0,5496,37479.857142857145,11480.857142857143
"2023-02-24 00:00:00",0,0,0,0,31884,35771.857142857145,11480.857142857143
"2023-02-25 00:00:00",0,0,0,0,0,29691.14285714286,33121.142857142855
"2023-02-26 00:00:00",0,0,0,0,42565,35771.857142857145,33121.142857142855
"2023-02-27 00:00:00",0,0,0,0,0,35771.857142857145,33121.142857142855
"2023-02-28 00:00:00",0,0,0,0,90092,35771.857142857145,33121.142857142855
"2023-03-01 00:00:00",0,0,0,0,72839,34696.57142857143,33121.142857142855
"2023-03-02 00:00:00",0,0,0,0,0,33911.42857142857,21640.285714285714
"2023-03-03 00:00:00",0,0,0,0,0,29356.571428571428,32045.85714285714
"2023-03-04 00:00:00",0,0,0,0,0,29356.571428571428,10405.57142857143
"2023-03-05 00:00:00",0,0,0,0,42565,29356.571428571428,10405.57142857143
"2023-03-06 00:00:00",0,0,0,0,0,29356.571428571428,10405.57142857143
"2023-03-07 00:00:00",0,0,0,0,0,16486.285714285714,10405.57142857143
"2023-03-08 00:00:00",0,0,0,0,38779,11620.57142857143,10405.57142857143
"2023-03-09 00:00:00",0,0,0,0,80366,23101.428571428572,10405.57142857143
"2023-03-10 00:00:00",0,0,0,0,0,23101.428571428572,0
"2023-03-11 00:00:00",0,0,0,0,0,23101.428571428572,0
"2023-03-12 00:00:00",0,0,0,0,0,17020.714285714286,0
"2023-03-13 00:00:00",0,0,0,0,0,17020.714285714286,11480.857142857143
"2023-03-14 00:00:00",0,0,0,0,42565,23101.428571428572,11480.857142857143
"2023-03-15 00:00:00",0,0,0,0,0,17561.571428571428,11480.857142857143
"2023-03-16 00:00:00",0,0,0,0,0,6080.714285714285,11480.857142857143
"2023-03-17 00:00:00",0,0,0,0,80366,17561.571428571428,11480.857142857143
"2023-03-18 00:00:00",0,0,0,0,72839,27967.14285714286,11480.857142857143
"2023-03-19 00:00:00",0,0,0,0,72839,38372.71428571428,11480.857142857143
"2023-03-20 00:00:00",0,0,0,0,0,38372.71428571428,11480.857142857143
"2023-03-21 00:00:00",0,0,0,0,42565,38372.71428571428,11480.857142857143
"2023-03-22 00:00:00",0,0,0,0,0,38372.71428571428,11480.857142857143
"2023-03-23 00:00:00",0,0,0,0,0,38372.71428571428,11480.857142857143
"2023-03-24 00:00:00",0,0,0,0,80366,38372.71428571428,11480.857142857143
"2023-03-25 00:00:00",0,0,0,0,116419,44598.42857142857,11480.857142857143
"2023-03-26 00:00:00",0,0,261,0,0,34230.142857142855,11480.857142857143
"2023-03-27 00:00:00",0,0,0,0,42565,40310.857142857145,0
"2023-03-28 00:00:00",0,0,261,0,0,34267.42857142857,0
"2023-03-29 00:00:00",0,0,0,0,0,34267.42857142857,37.285714285714285
"2023-03-30 00:00:00",0,0,0,0,0,34267.42857142857,37.285714285714285
"2023-03-31 00:00:00",0,0,0,0,80366,34267.42857142857,37.285714285714285
"2023-04-01 00:00:00",0,0,0,0,0,17636.14285714286,37.285714285714285
"2023-04-02 00:00:00",0,0,0,0,0,17598.85714285714,37.285714285714285
"2023-04-03 00:00:00",0,0,0,0,43579,17743.714285714286,11518.142857142857
"2023-04-04 00:00:00",0,0,0,0,132658,36657.57142857143,11518.142857142857
"2023-04-05 00:00:00",0,0,0,0,0,36657.57142857143,11480.857142857143
"2023-04-06 00:00:00",0,0,0,0,0,36657.57142857143,11480.857142857143
"2023-04-07 00:00:00",0,0,0,0,0,25176.714285714286,11480.857142857143
"2023-04-08 00:00:00",0,0,0,0,0,25176.714285714286,11480.857142857143
"2023-04-09 00:00:00",0,0,0,0,43579,31402.285714285714,11480.857142857143
"2023-04-10 00:00:00",0,0,0,0,72583,35545.71428571428,0
"2023-04-11 00:00:00",0,0,0,0,80366,28075.428571428572,9403
"2023-04-12 00:00:00",0,0,0,0,42565,34156.142857142855,9403
"2023-04-13 00:00:00",0,0,0,0,0,34156.142857142855,9403
"2023-04-14 00:00:00",0,0,261,0,0,34193.42857142857,9403
"2023-04-15 00:00:00",0,0,0,0,43579,40419,9403
"2023-04-16 00:00:00",0,0,261,0,0,34230.71428571428,9403
"2023-04-17 00:00:00",0,0,0,0,80366,35342.57142857143,9403
"2023-04-18 00:00:00",0,0,0,0,0,23861.714285714286,0
"2023-04-19 00:00:00",0,0,0,0,0,17781,0
"2023-04-20 00:00:00",0,0,0,0,90092,30651.285714285714,0
"2023-04-21 00:00:00",0,0,0,0,0,30614,0
"2023-04-22 00:00:00",0,0,0,0,43579,30614,0
"2023-04-23 00:00:00",0,0,0,0,72839,40982.28571428572,0
"2023-04-24 00:00:00",0,0,0,0,0,29501.428571428572,0
"2023-04-25 00:00:00",0,0,261,0,0,29538.714285714286,0
"2023-04-26 00:00:00",0,0,0,0,0,29538.714285714286,0
"2023-04-27 00:00:00",0,0,0,0,72839,27074,0
"2023-04-28 00:00:00",0,0,0,0,0,27074,0
"2023-04-29 00:00:00",0,0,0,0,43579,27074,0
"2023-04-30 00:00:00",0,0,0,0,80366,28149.285714285714,0
"2023-05-01 00:00:00",0,0,0,0,0,28149.285714285714,0
"2023-05-02 00:00:00",0,0,0,0,0,28112,0
"2023-05-03 00:00:00",0,0,0,0,0,28112,0
"2023-05-04 00:00:00",0,0,0,0,0,17706.428571428572,0
"2023-05-05 00:00:00",0,0,0,0,0,17706.428571428572,0
"2023-05-06 00:00:00",0,0,0,0,0,11480.857142857143,0
"2023-05-07 00:00:00",0,0,0,0,0,0,0
"2023-05-08 00:00:00",0,0,261,0,133671,19133.14285714286,0
"2023-05-09 00:00:00",0,0,0,0,0,19133.14285714286,0
"2023-05-10 00:00:00",0,0,0,0,0,19133.14285714286,0
"2023-05-11 00:00:00",0,0,0,0,0,19133.14285714286,0
"2023-05-12 00:00:00",0,0,0,0,0,19133.14285714286,37.285714285714285
"2023-05-13 00:00:00",0,0,0,0,0,19133.14285714286,37.285714285714285
"2023-05-14 00:00:00",0,0,261,0,72839,29576,37.285714285714285
"2023-05-15 00:00:00",0,0,0,0,0,10442.857142857143,10442.857142857143
"2023-05-16 00:00:00",0,0,261,0,0,10480.142857142857,10442.857142857143
"2023-05-17 00:00:00",0,0,0,0,43579,16705.714285714286,10442.857142857143
"2023-05-18 00:00:00",0,0,0,0,0,16705.714285714286,21923.714285714286
"2023-05-19 00:00:00",0,0,0,0,0,16705.714285714286,21886.428571428572
"2023-05-20 00:00:00",0,0,0,0,90092,29576,21886.428571428572
"2023-05-21 00:00:00",0,0,0,0,0,19133.14285714286,21886.428571428572
"2023-05-22 00:00:00",0,0,0,0,0,19133.14285714286,11480.857142857143
"2023-05-23 00:00:00",0,0,0,0,122932,36657.57142857143,11518.142857142857
"2023-05-24 00:00:00",0,0,0,0,43579,36657.57142857143,11518.142857142857
"2023-05-25 00:00:00",0,0,0,0,0,36657.57142857143,11518.142857142857
"2023-05-26 00:00:00",0,0,0,0,0,36657.57142857143,11518.142857142857
"2023-05-27 00:00:00",0,0,0,0,72839,34192.857142857145,11518.142857142857
"2023-05-28 00:00:00",0,0,0,0,0,34192.857142857145,11518.142857142857
"2023-05-29 00:00:00",0,0,0,0,0,34192.857142857145,11555.42857142857
"2023-05-30 00:00:00",0,0,0,0,42565,22711.85714285714,11518.142857142857
"2023-05-31 00:00:00",0,0,0,0,145679,37297.57142857143,22999
"2023-06-01 00:00:00",0,0,0,0,0,37297.57142857143,11518.142857142857
"2023-06-02 00:00:00",0,0,0,0,0,37297.57142857143,11518.142857142857
"2023-06-03 00:00:00",0,0,0,0,0,26892,11518.142857142857
"2023-06-04 00:00:00",0,0,0,0,42565,32972.71428571428,11518.142857142857
"2023-06-05 00:00:00",0,0,0,0,0,32972.71428571428,11480.857142857143
"2023-06-06 00:00:00",0,0,0,0,0,26892,11480.857142857143
"2023-06-07 00:00:00",0,0,0,0,0,6080.714285714285,11480.857142857143
"2023-06-08 00:00:00",0,0,0,0,43579,12306.285714285714,11480.857142857143
"2023-06-09 00:00:00",0,0,0,0,0,12306.285714285714,21886.428571428572
"2023-06-10 00:00:00",0,0,0,0,0,12306.285714285714,21886.428571428572
"2023-06-11 00:00:00",0,0,0,0,0,6225.571428571428,21886.428571428572
"2023-06-12 00:00:00",0,0,0,0,0,6225.571428571428,21886.428571428572
"2023-06-13 00:00:00",0,0,0,0,0,6225.571428571428,21886.428571428572
"2023-06-14 00:00:00",0,0,0,0,0,6225.571428571428,10405.57142857143
"2023-06-15 00:00:00",0,0,0,0,72839,10405.57142857143,20811.14285714286
"2023-06-16 00:00:00",0,0,261,0,0,10442.857142857143,10405.57142857143
"2023-06-17 00:00:00",0,0,261,0,0,10480.142857142857,10442.857142857143
"2023-06-18 00:00:00",0,0,0,0,0,10480.142857142857,23313.14285714286
"2023-06-19 00:00:00",0,0,0,0,0,10480.142857142857,23313.14285714286
"2023-06-20 00:00:00",0,0,0,0,28294,14522.142857142857,34794
"2023-06-21 00:00:00",0,0,0,0,0,14522.142857142857,34794
"2023-06-22 00:00:00",0,0,0,0,0,4116.571428571428,24388.428571428572
"2023-06-23 00:00:00",0,0,0,0,0,4079.285714285714,24388.428571428572
"2023-06-24 00:00:00",0,0,0,0,0,4042,34756.71428571428
"2023-06-25 00:00:00",0,0,0,0,0,4042,21886.428571428572
"2023-06-26 00:00:00",0,0,0,0,0,4042,21886.428571428572
"2023-06-27 00:00:00",0,0,0,0,0,0,20811.14285714286
"2023-06-28 00:00:00",0,0,0,0,42565,6080.714285714285,20811.14285714286
"2023-06-29 00:00:00",0,0,0,0,0,6080.714285714285,20811.14285714286
"2023-06-30 00:00:00",0,0,0,0,0,6080.714285714285,20811.14285714286
"2023-07-01 00:00:00",0,0,0,0,0,6080.714285714285,17778.571428571428
"2023-07-02 00:00:00",0,0,0,0,72839,16486.285714285714,17778.571428571428
"2023-07-03 00:00:00",0,0,0,0,0,16486.285714285714,28184.14285714286
"2023-07-04 00:00:00",0,0,0,0,115405,32972.71428571428,17778.571428571428
"2023-07-05 00:00:00",0,0,0,0,0,26892,17778.571428571428
"2023-07-06 00:00:00",0,0,0,0,0,26892,17778.571428571428
"2023-07-07 00:00:00",0,0,0,0,72839,37297.57142857143,17778.571428571428
"2023-07-08 00:00:00",0,0,0,0,0,37297.57142857143,10405.57142857143
"2023-07-09 00:00:00",0,0,0,0,80366,38372.857142857145,15940
"2023-07-10 00:00:00",0,0,0,0,0,38372.857142857145,5534.428571428572
"2023-07-11 00:00:00",0,0,0,0,0,21886.428571428572,19138.714285714286
"2023-07-12 00:00:00",0,0,0,0,0,21886.428571428572,19138.714285714286
"2023-07-13 00:00:00",0,0,0,0,0,21886.428571428572,19138.714285714286
"2023-07-14 00:00:00",0,0,0,0,72839,21886.428571428572,19138.714285714286
"2023-07-15 00:00:00",0,0,0,0,0,21886.428571428572,19138.714285714286
"2023-07-16 00:00:00",0,0,0,0,80366,21886.428571428572,13604.285714285714
"2023-07-17 00:00:00",0,0,0,0,0,21886.428571428572,20940
"2023-07-18 00:00:00",0,0,0,0,0,21886.428571428572,7335.714285714285
"2023-07-19 00:00:00",0,0,0,0,0,21886.428571428572,20940
"2023-07-20 00:00:00",0,0,0,0,0,21886.428571428572,20940
"2023-07-21 00:00:00",0,0,0,0,0,11480.857142857143,32420.85714285714
"2023-07-22 00:00:00",0,0,0,0,0,11480.857142857143,32420.85714285714
"2023-07-23 00:00:00",0,0,0,0,0,0,32420.85714285714
"2023-07-24 00:00:00",0,0,0,0,0,0,25085.14285714286
"2023-07-25 00:00:00",0,0,0,0,72839,10405.57142857143,38689.42857142857
"2023-07-26 00:00:00",0,0,0,0,0,10405.57142857143,25085.14285714286
"2023-07-27 00:00:00",0,0,0,0,72839,20811.14285714286,25122.428571428572
"2023-07-28 00:00:00",0,0,0,0,0,20811.14285714286,13641.57142857143
"2023-07-29 00:00:00",0,0,0,0,0,20811.14285714286,13641.57142857143
"2023-07-30 00:00:00",0,0,0,0,0,20811.14285714286,13641.57142857143
"2023-07-31 00:00:00",0,0,0,0,0,20811.14285714286,38726.71428571428
"2023-08-01 00:00:00",0,0,0,0,0,10405.57142857143,25122.428571428572
"2023-08-02 00:00:00",0,0,0,0,0,10405.57142857143,25122.428571428572
"2023-08-03 00:00:00",0,0,0,0,145679,20811.285714285714,25085.14285714286
"2023-08-04 00:00:00",0,0,0,0,0,20811.285714285714,37955.42857142857
"2023-08-05 00:00:00",0,0,0,0,0,20811.285714285714,37955.42857142857
"2023-08-06 00:00:00",0,0,0,0,72839,31216.85714285714,37955.42857142857
"2023-08-07 00:00:00",0,0,0,0,0,31216.85714285714,12870.285714285714
"2023-08-08 00:00:00",0,0,0,0,42565,37297.57142857143,24351.14285714286
"2023-08-09 00:00:00",0,0,0,0,0,37297.57142857143,37955.42857142857
"2023-08-10 00:00:00",0,0,0,0,0,16486.285714285714,37955.42857142857
"2023-08-11 00:00:00",0,0,0,0,0,16486.285714285714,25085.14285714286
"2023-08-12 00:00:00",0,0,0,0,90092,29356.571428571428,25085.14285714286
"2023-08-13 00:00:00",0,0,0,0,72839,29356.571428571428,37955.42857142857
"2023-08-14 00:00:00",0,0,0,0,0,29356.571428571428,37955.42857142857
"2023-08-15 00:00:00",0,0,0,0,80366,34756.71428571428,40078.857142857145
"2023-08-16 00:00:00",0,0,0,0,42565,40837.42857142857,26474.571428571428
"2023-08-17 00:00:00",0,0,0,0,0,40837.42857142857,26474.571428571428
"2023-08-18 00:00:00",0,0,0,0,0,40837.42857142857,26474.571428571428
"2023-08-19 00:00:00",0,0,0,0,0,27967.14285714286,26474.571428571428
"2023-08-20 00:00:00",0,0,0,0,0,17561.571428571428,13604.285714285714
"2023-08-21 00:00:00",0,0,0,0,72839,27967.14285714286,32743
"2023-08-22 00:00:00",0,0,0,0,0,16486.285714285714,19138.714285714286
"2023-08-23 00:00:00",0,0,0,0,80366,21886.428571428572,19138.714285714286
"2023-08-24 00:00:00",0,0,0,0,42565,27967.14285714286,19138.714285714286
"2023-08-25 00:00:00",0,0,0,0,0,27967.14285714286,19138.714285714286
"2023-08-26 00:00:00",0,0,0,0,0,27967.14285714286,19138.714285714286
"2023-08-27 00:00:00",0,0,0,0,0,27967.14285714286,29544.285714285714
"2023-08-28 00:00:00",0,0,0,0,72839,27967.14285714286,24009.85714285714
"2023-08-29 00:00:00",0,0,0,0,0,27967.14285714286,24009.85714285714
"2023-08-30 00:00:00",0,0,0,0,0,16486.285714285714,36185.57142857143
"2023-08-31 00:00:00",0,0,0,0,80366,21886.428571428572,36185.57142857143
"2023-09-01 00:00:00",0,0,0,0,0,21886.428571428572,36185.57142857143
"2023-09-02 00:00:00",0,0,0,0,0,21886.428571428572,42411.142857142855
"2023-09-03 00:00:00",0,0,0,0,0,21886.428571428572,32005.571428571428
"2023-09-04 00:00:00",0,0,0,0,0,11480.857142857143,23935.714285714286
"2023-09-05 00:00:00",0,0,0,0,0,11480.857142857143,23935.714285714286
"2023-09-06 00:00:00",0,0,0,0,0,11480.857142857143,11760
"2023-09-07 00:00:00",0,0,0,0,80366,11480.857142857143,11760
"2023-09-08 00:00:00",0,0,0,0,72839,21886.428571428572,11760
"2023-09-09 00:00:00",0,0,0,0,0,21886.428571428572,5534.428571428572
"2023-09-10 00:00:00",0,0,0,0,0,21886.428571428572,11760
"2023-09-11 00:00:00",0,0,0,0,72839,32292,6225.571428571428
"2023-09-12 00:00:00",0,0,0,0,0,32292,19095.85714285714
"2023-09-13 00:00:00",0,0,0,0,80366,43772.857142857145,19095.85714285714
"2023-09-14 00:00:00",0,0,0,0,0,32292,19095.85714285714
"2023-09-15 00:00:00",0,0,0,0,0,21886.428571428572,19095.85714285714
"2023-09-16 00:00:00",0,0,0,0,42565,27967.14285714286,19095.85714285714
"2023-09-17 00:00:00",0,0,0,0,0,27967.14285714286,12870.285714285714
"2023-09-18 00:00:00",0,0,0,0,0,17561.571428571428,12870.285714285714
"2023-09-19 00:00:00",0,0,0,0,0,17561.571428571428,0
"2023-09-20 00:00:00",0,0,0,0,72839,16486.285714285714,12870.285714285714
"2023-09-21 00:00:00",0,0,0,0,80366,27967.14285714286,23275.85714285714
"2023-09-22 00:00:00",0,0,0,0,42565,34047.857142857145,23275.85714285714
"2023-09-23 00:00:00",0,0,0,0,0,27967.14285714286,23275.85714285714
"2023-09-24 00:00:00",0,0,0,0,0,27967.14285714286,23275.85714285714
"2023-09-25 00:00:00",0,0,0,0,0,27967.14285714286,23275.85714285714
"2023-09-26 00:00:00",0,0,0,0,0,27967.14285714286,23275.85714285714
"2023-09-27 00:00:00",0,0,0,0,0,17561.571428571428,10405.57142857143
"2023-09-28 00:00:00",0,0,0,0,0,6080.714285714285,11480.857142857143
"2023-09-29 00:00:00",0,0,0,0,0,0,11480.857142857143
"2023-09-30 00:00:00",0,0,0,0,72839,10405.57142857143,11480.857142857143
"2023-10-01 00:00:00",0,0,0,0,153206,32292.14285714286,11518.142857142857
"2023-10-02 00:00:00",0,0,0,0,0,32292.14285714286,11518.142857142857
"2023-10-03 00:00:00",0,0,0,0,0,32292.14285714286,22999
"2023-10-04 00:00:00",0,0,0,0,0,32292.14285714286,22999
"2023-10-05 00:00:00",0,0,0,0,72839,42697.71428571428,11518.142857142857
"2023-10-06 00:00:00",0,0,261,0,0,42735,11518.142857142857
"2023-10-07 00:00:00",0,0,0,0,122932,49891.142857142855,24388.428571428572
"2023-10-08 00:00:00",0,0,0,0,0,28004.571428571428,24351.14285714286
"2023-10-09 00:00:00",0,0,0,0,346644,77525.14285714286,24351.14285714286
"2023-10-10 00:00:00",0,0,0,0,0,77525.14285714286,24351.14285714286
"2023-10-11 00:00:00",0,0,0,0,0,77525.14285714286,24351.14285714286
"2023-10-12 00:00:00",0,0,0,0,0,67119.57142857143,24351.14285714286
"2023-10-13 00:00:00",0,0,0,0,42565,73163,37221.42857142857
"2023-10-14 00:00:00",0,0,0,0,80366,67082.14285714286,24351.14285714286
"2023-10-15 00:00:00",0,0,0,0,0,67082.14285714286,24351.14285714286
"2023-10-16 00:00:00",0,0,0,0,0,17561.571428571428,24351.14285714286
"2023-10-17 00:00:00",0,0,0,0,0,17561.571428571428,12870.285714285714
"2023-10-18 00:00:00",0,0,0,0,42565,23642.285714285714,12870.285714285714
"2023-10-19 00:00:00",0,0,0,0,0,23642.285714285714,12870.285714285714
"2023-10-20 00:00:00",0,0,0,0,0,17561.571428571428,11480.857142857143
"2023-10-21 00:00:00",0,0,0,0,72839,16486.285714285714,11480.857142857143
"2023-10-22 00:00:00",0,0,0,0,0,16486.285714285714,11480.857142857143
"2023-10-23 00:00:00",0,0,0,0,0,16486.285714285714,11480.857142857143
"2023-10-24 00:00:00",0,0,0,0,0,16486.285714285714,11480.857142857143
"2023-10-25 00:00:00",0,0,0,0,0,10405.57142857143,11480.857142857143
"2023-10-26 00:00:00",0,0,0,0,0,10405.57142857143,11480.857142857143
"2023-10-27 00:00:00",0,0,0,0,0,10405.57142857143,0
"2023-10-28 00:00:00",0,0,0,0,0,0,0
"2023-10-29 00:00:00",0,0,0,0,80366,11480.857142857143,11480.857142857143
"2023-10-30 00:00:00",0,0,0,0,0,11480.857142857143,11480.857142857143
"2023-10-31 00:00:00",0,0,0,0,0,11480.857142857143,11480.857142857143
"2023-11-01 00:00:00",0,0,0,0,0,11480.857142857143,11480.857142857143
"2023-11-02 00:00:00",0,0,0,0,0,11480.857142857143,11480.857142857143
"2023-11-03 00:00:00",0,0,0,0,0,11480.857142857143,11518.142857142857
"2023-11-04 00:00:00",0,0,0,0,0,11480.857142857143,11518.142857142857
"2023-11-05 00:00:00",0,0,0,0,0,0,37.285714285714285
"2023-11-06 00:00:00",0,0,0,0,0,0,37.285714285714285
"2023-11-07 00:00:00",0,0,0,0,0,0,37.285714285714285
"2023-11-08 00:00:00",0,0,0,0,0,0,37.285714285714285
"2023-11-09 00:00:00",0,0,0,0,0,0,37.285714285714285
"2023-11-10 00:00:00",0,0,0,0,0,0,0
"2023-11-11 00:00:00",0,0,0,0,80366,11480.857142857143,7335.714285714285
"2023-11-12 00:00:00",0,0,0,0,0,11480.857142857143,7335.714285714285
"2023-11-13 00:00:00",0,0,0,0,0,11480.857142857143,7373
"2023-11-14 00:00:00",0,0,0,0,0,11480.857142857143,7373
"2023-11-15 00:00:00",0,0,0,0,0,11480.857142857143,7373
"2023-11-16 00:00:00",0,0,0,0,0,11480.857142857143,7373
"2023-11-17 00:00:00",0,0,0,0,0,11480.857142857143,7373
"2023-11-18 00:00:00",0,0,0,0,0,0,37.285714285714285
"2023-11-19 00:00:00",0,0,0,0,0,0,74.57142857142857
"2023-11-20 00:00:00",0,0,0,0,0,0,37.285714285714285
"2023-11-21 00:00:00",0,0,261,0,0,37.285714285714285,37.285714285714285
"2023-11-22 00:00:00",0,0,0,0,0,37.285714285714285,37.285714285714285
"2023-11-23 00:00:00",0,0,0,0,0,37.285714285714285,37.285714285714285
"2023-11-24 00:00:00",0,0,0,0,0,37.285714285714285,37.285714285714285
"2023-11-25 00:00:00",0,0,0,0,0,37.285714285714285,37.285714285714285
"2023-11-26 00:00:00",0,0,0,0,0,37.285714285714285,11480.857142857143
"2023-11-27 00:00:00",0,0,0,0,0,37.285714285714285,11480.857142857143
"2023-11-28 00:00:00",0,0,0,0,0,0,11480.857142857143
"2023-11-29 00:00:00",0,0,0,0,0,0,11480.857142857143
"2023-11-30 00:00:00",0,0,0,0,0,0,11480.857142857143
"2023-12-01 00:00:00",0,0,0,0,0,0,11480.857142857143
"2023-12-02 00:00:00",0,0,0,0,0,0,11480.857142857143
"2023-12-03 00:00:00",0,0,0,0,0,0,11480.857142857143
"2023-12-04 00:00:00",0,0,0,0,80366,11480.857142857143,11480.857142857143
"2023-12-05 00:00:00",0,0,0,0,0,11480.857142857143,11480.857142857143
"2023-12-06 00:00:00",0,0,0,0,0,11480.857142857143,11480.857142857143
"2023-12-07 00:00:00",0,0,0,0,0,11480.857142857143,11480.857142857143
"2023-12-08 00:00:00",0,0,0,0,0,11480.857142857143,11480.857142857143
"2023-12-09 00:00:00",0,0,0,0,72839,21886.428571428572,11480.857142857143
"2023-12-10 00:00:00",0,0,0,0,0,21886.428571428572,0
"2023-12-11 00:00:00",0,0,0,0,72839,20811.14285714286,0
"2023-12-12 00:00:00",0,0,0,0,0,20811.14285714286,0
"2023-12-13 00:00:00",0,0,261,0,0,20848.428571428572,0
"2023-12-14 00:00:00",0,0,0,0,0,20848.428571428572,0
"2023-12-15 00:00:00",0,0,0,0,0,20848.428571428572,10405.57142857143
"2023-12-16 00:00:00",0,0,0,0,72839,20848.428571428572,10405.57142857143
"2023-12-17 00:00:00",0,0,0,0,0,20848.428571428572,10405.57142857143
"2023-12-18 00:00:00",0,0,0,0,0,10442.857142857143,10405.57142857143
"2023-12-19 00:00:00",0,0,0,0,0,10442.857142857143,10405.57142857143
"2023-12-20 00:00:00",0,0,0,0,0,10405.57142857143,10405.57142857143
"2023-12-21 00:00:00",0,0,0,0,0,10405.57142857143,10405.57142857143
"2023-12-22 00:00:00",0,0,0,0,0,10405.57142857143,10405.57142857143
"2023-12-23 00:00:00",0,0,0,0,0,0,10405.57142857143
"2023-12-24 00:00:00",0,0,0,0,0,0,10405.57142857143
"2023-12-25 00:00:00",0,0,0,0,0,0,10405.57142857143
"2023-12-26 00:00:00",0,0,261,0,0,37.285714285714285,10405.57142857143
"2023-12-27 00:00:00",0,0,0,0,0,37.285714285714285,20811.14285714286
"2023-12-28 00:00:00",0,0,0,0,0,37.285714285714285,20811.14285714286
"2023-12-29 00:00:00",0,0,0,0,0,37.285714285714285,14821.42857142857
"2023-12-30 00:00:00",0,0,261,0,0,74.57142857142857,14821.42857142857
"2023-12-31 00:00:00",0,0,0,0,0,74.57142857142857,14821.42857142857
"2024-01-01 00:00:00",0,0,0,0,0,74.57142857142857,25227
"2024-01-02 00:00:00",0,0,261,0,0,74.57142857142857,25227
"2024-01-03 00:00:00",0,0,0,0,0,74.57142857142857,20902.14285714286
"2024-01-04 00:00:00",0,0,0,0,0,74.57142857142857,20902.14285714286
"2024-01-05 00:00:00",0,0,0,0,0,74.57142857142857,16486.285714285714
"2024-01-06 00:00:00",0,0,0,0,0,37.285714285714285,16486.285714285714
"2024-01-07 00:00:00",0,0,0,0,0,37.285714285714285,16486.285714285714
"2024-01-08 00:00:00",0,0,0,0,0,37.285714285714285,6080.714285714285
"2024-01-09 00:00:00",0,0,0,0,0,0,6080.714285714285
"2024-01-10 00:00:00",0,0,0,0,0,0,0
"2024-01-11 00:00:00",0,0,0,0,0,0,10635.714285714286
"2024-01-12 00:00:00",0,0,0,0,0,0,10635.714285714286
"2024-01-13 00:00:00",0,0,0,0,0,0,21041.285714285714
"2024-01-14 00:00:00",0,0,0,0,0,0,21041.285714285714
"2024-01-15 00:00:00",0,0,0,0,0,0,21041.285714285714
"2024-01-16 00:00:00",0,0,0,0,0,0,32522.14285714286
"2024-01-17 00:00:00",0,0,0,0,72839,10405.57142857143,32522.14285714286
"2024-01-18 00:00:00",0,0,0,0,0,10405.57142857143,32292
"2024-01-19 00:00:00",0,0,0,0,0,10405.57142857143,32292
"2024-01-20 00:00:00",0,0,0,0,0,10405.57142857143,21886.428571428572
"2024-01-21 00:00:00",0,0,0,0,0,10405.57142857143,21886.428571428572
"2024-01-22 00:00:00",0,0,0,0,0,10405.57142857143,21886.428571428572
"2024-01-23 00:00:00",0,0,261,0,0,10442.857142857143,20811.14285714286
"2024-01-24 00:00:00",0,0,0,0,0,37.285714285714285,44756.71428571428
"2024-01-25 00:00:00",0,0,0,0,72839,10442.857142857143,34351.142857142855
"2024-01-26 00:00:00",0,0,0,0,0,10442.857142857143,45832
"2024-01-27 00:00:00",0,0,0,0,0,10442.857142857143,45832
"2024-01-28 00:00:00",0,0,0,0,0,10442.857142857143,56237.57142857143
"2024-01-29 00:00:00",0,0,0,0,0,10442.857142857143,56237.57142857143
"2024-01-30 00:00:00",0,0,0,0,72839,20811.14285714286,45832
"2024-01-31 00:00:00",0,0,0,0,0,20811.14285714286,21886.428571428572
"2024-02-01 00:00:00",0,0,261,0,0,10442.857142857143,32292
"2024-02-02 00:00:00",0,0,0,0,0,10442.857142857143,31216.714285714286
"2024-02-03 00:00:00",0,0,0,0,0,10442.857142857143,37297.42857142857
"2024-02-04 00:00:00",0,0,0,0,0,10442.857142857143,33117.42857142857
"2024-02-05 00:00:00",0,0,0,0,0,10442.857142857143,33117.42857142857
"2024-02-06 00:00:00",0,0,0,0,0,37.285714285714285,33117.42857142857
"2024-02-07 00:00:00",0,0,0,0,0,37.285714285714285,33117.42857142857
"2024-02-08 00:00:00",0,0,0,0,0,0,33154.71428571428
"2024-02-09 00:00:00",0,0,0,0,0,0,34230
"2024-02-10 00:00:00",0,0,0,0,0,0,34230
"2024-02-11 00:00:00",0,0,0,0,0,0,34230
"2024-02-12 00:00:00",0,0,0,0,0,0,34230
"2024-02-13 00:00:00",0,0,0,0,0,0,34267.28571428572
"2024-02-14 00:00:00",0,0,0,0,0,0,47137.57142857143
"2024-02-15 00:00:00",0,0,0,0,0,0,48175.57142857143
"2024-02-16 00:00:00",0,0,0,0,0,0,36694.71428571428
"2024-02-17 00:00:00",0,0,0,0,0,0,36876.857142857145
"2024-02-18 00:00:00",0,0,0,0,0,0,36732
"2024-02-19 00:00:00",0,0,0,0,0,0,36732
"2024-02-20 00:00:00",0,0,0,0,0,0,36694.71428571428
"2024-02-21 00:00:00",0,0,0,0,0,0,36694.71428571428
"2024-02-22 00:00:00",0,0,0,0,0,0,36694.71428571428
"2024-02-23 00:00:00",0,0,0,0,0,0,37479.857142857145
"2024-02-24 00:00:00",0,0,0,0,0,0,35771.857142857145
"2024-02-25 00:00:00",0,0,261,0,0,37.285714285714285,29691.14285714286
"2024-02-26 00:00:00",0,0,0,0,0,37.285714285714285,35771.857142857145
"2024-02-27 00:00:00",0,0,0,0,0,37.285714285714285,35771.857142857145
"2024-02-28 00:00:00",0,0,0,0,0,37.285714285714285,35771.857142857145
"2024-02-29 00:00:00",0,0,0,0,0,37.285714285714285,34696.57142857143
"2024-03-01 00:00:00",0,0,0,0,90092,12907.57142857143,33911.42857142857
"2024-03-02 00:00:00",0,0,0,0,0,12907.57142857143,29356.571428571428
"2024-03-03 00:00:00",0,0,0,0,0,12870.285714285714,29356.571428571428
"2024-03-04 00:00:00",0,0,0,0,0,12870.285714285714,29356.571428571428
"2024-03-05 00:00:00",0,0,0,0,72839,23275.85714285714,29356.571428571428
"2024-03-06 00:00:00",0,0,0,0,0,23275.85714285714,16486.285714285714
"2024-03-07 00:00:00",0,0,0,0,80366,34756.71428571428,11620.57142857143
"2024-03-08 00:00:00",0,0,0,0,90092,34756.71428571428,23101.428571428572
"2024-03-09 00:00:00",0,0,0,0,0,34756.71428571428,23101.428571428572
"2024-03-10 00:00:00",0,0,0,0,0,34756.71428571428,23101.428571428572
"2024-03-11 00:00:00",0,0,0,0,0,34756.71428571428,17020.714285714286
"2024-03-12 00:00:00",0,0,261,0,0,24388.428571428572,17020.714285714286
"2024-03-13 00:00:00",0,0,0,0,0,24388.428571428572,23101.428571428572
"2024-03-14 00:00:00",0,0,0,0,80366,24388.428571428572,17561.571428571428
"2024-03-15 00:00:00",0,0,0,0,0,11518.142857142857,6080.714285714285
"2024-03-16 00:00:00",0,0,0,0,0,11518.142857142857,17561.571428571428
"2024-03-17 00:00:00",0,0,0,0,72839,21923.714285714286,27967.14285714286
"2024-03-18 00:00:00",0,0,0,0,0,21923.714285714286,38372.71428571428
"2024-03-19 00:00:00",0,0,0,0,90092,34756.71428571428,38372.71428571428
"2024-03-20 00:00:00",0,0,0,0,0,34756.71428571428,38372.71428571428
"2024-03-21 00:00:00",0,0,0,0,80366,34756.71428571428,38372.71428571428
"2024-03-22 00:00:00",0,0,0,0,0,34756.71428571428,38372.71428571428
"2024-03-23 00:00:00",0,0,0,0,0,34756.71428571428,38372.71428571428
"2024-03-24 00:00:00",0,0,0,0,0,24351.14285714286,44598.42857142857
"2024-03-25 00:00:00",0,0,0,0,0,24351.14285714286,34230.142857142855
"2024-03-26 00:00:00",0,0,0,0,0,11480.857142857143,40310.857142857145
"2024-03-27 00:00:00",0,0,0,0,80366,22961.714285714286,34267.42857142857
"2024-03-28 00:00:00",0,0,0,0,0,11480.857142857143,34267.42857142857
"2024-03-29 00:00:00",0,0,0,0,90092,24351.14285714286,34267.42857142857
"2024-03-30 00:00:00",0,0,0,0,0,24351.14285714286,34267.42857142857
"2024-03-31 00:00:00",0,0,0,0,0,24351.14285714286,17636.14285714286
"2024-04-01 00:00:00",0,0,0,0,0,24351.14285714286,17598.85714285714
"2024-04-02 00:00:00",0,0,0,0,0,24351.14285714286,17743.714285714286
"2024-04-03 00:00:00",0,0,0,0,0,12870.285714285714,36657.57142857143
"2024-04-04 00:00:00",0,0,0,0,80366,24351.14285714286,36657.57142857143
"2024-04-05 00:00:00",0,0,0,0,0,11480.857142857143,36657.57142857143
"2024-04-06 00:00:00",0,0,0,0,0,11480.857142857143,25176.714285714286
"2024-04-07 00:00:00",0,0,0,0,0,11480.857142857143,25176.714285714286
"2024-04-08 00:00:00",0,0,0,0,0,11480.857142857143,31402.285714285714
"2024-04-09 00:00:00",0,0,0,0,0,11480.857142857143,35545.71428571428
"2024-04-10 00:00:00",0,0,0,0,0,11480.857142857143,28075.428571428572
"2024-04-11 00:00:00",0,0,0,0,0,0,34156.142857142855
"2024-04-12 00:00:00",0,0,0,0,72839,10405.57142857143,34156.142857142855
"2024-04-13 00:00:00",0,0,0,0,0,10405.57142857143,34193.42857142857
"2024-04-14 00:00:00",0,0,0,0,0,10405.57142857143,40419
"2024-04-15 00:00:00",0,0,0,0,0,10405.57142857143,34230.71428571428
"2024-04-16 00:00:00",0,0,0,0,0,10405.57142857143,35342.57142857143
"2024-04-17 00:00:00",0,0,0,0,0,10405.57142857143,23861.714285714286
"2024-04-18 00:00:00",0,0,0,0,80366,21886.428571428572,17781
"2024-04-19 00:00:00",0,0,0,0,0,11480.857142857143,30651.285714285714
"2024-04-20 00:00:00",0,0,0,0,0,11480.857142857143,30614
"2024-04-21 00:00:00",0,0,0,0,0,11480.857142857143,30614
"2024-04-22 00:00:00",0,0,0,0,0,11480.857142857143,40982.28571428572
"2024-04-23 00:00:00",0,0,0,0,0,11480.857142857143,29501.428571428572
"2024-04-24 00:00:00",0,0,0,0,0,11480.857142857143,29538.714285714286
"2024-04-25 00:00:00",0,0,0,0,0,0,29538.714285714286
"2024-04-26 00:00:00",0,0,0,0,80366,11480.857142857143,27074
"2024-04-27 00:00:00",0,0,0,0,0,11480.857142857143,27074
"2024-04-28 00:00:00",0,0,0,0,0,11480.857142857143,27074
"2024-04-29 00:00:00",0,0,0,0,94973,25048.428571428572,28149.285714285714
"2024-04-30 00:00:00",0,0,0,0,0,25048.428571428572,28149.285714285714
"2024-05-01 00:00:00",0,0,261,0,0,25085.714285714286,28112
"2024-05-02 00:00:00",0,0,0,0,0,25085.714285714286,28112
"2024-05-03 00:00:00",0,0,0,0,0,13604.857142857143,17706.428571428572
"2024-05-04 00:00:00",0,0,0,0,80366,25085.714285714286,17706.428571428572
"2024-05-05 00:00:00",0,0,0,0,0,25085.714285714286,11480.857142857143
"2024-05-06 00:00:00",0,0,0,0,0,11518.142857142857,0
"2024-05-07 00:00:00",0,0,0,0,0,11518.142857142857,19133.14285714286
"2024-05-08 00:00:00",0,0,0,0,0,11480.857142857143,19133.14285714286
"2024-05-09 00:00:00",0,0,0,0,72839,21886.428571428572,19133.14285714286
"2024-05-10 00:00:00",0,0,0,0,0,21886.428571428572,19133.14285714286
"2024-05-11 00:00:00",0,0,0,0,80366,21886.428571428572,19133.14285714286
"2024-05-12 00:00:00",0,0,0,0,0,21886.428571428572,19133.14285714286
"2024-05-13 00:00:00",0,0,0,0,0,21886.428571428572,29576
"2024-05-14 00:00:00",0,0,0,0,0,21886.428571428572,10442.857142857143
"2024-05-15 00:00:00",0,0,0,0,0,21886.428571428572,10480.142857142857
"2024-05-16 00:00:00",0,0,0,0,0,11480.857142857143,16705.714285714286
"2024-05-17 00:00:00",0,0,0,0,0,11480.857142857143,16705.714285714286
"2024-05-18 00:00:00",0,0,0,0,72839,10405.57142857143,16705.714285714286
"2024-05-19 00:00:00",0,0,0,0,0,10405.57142857143,29576
"2024-05-20 00:00:00",0,0,0,0,0,10405.57142857143,19133.14285714286
"2024-05-21 00:00:00",0,0,0,0,72839,20811.14285714286,19133.14285714286
"2024-05-22 00:00:00",0,0,0,0,0,20811.14285714286,36657.57142857143
"2024-05-23 00:00:00",0,0,0,0,0,20811.14285714286,36657.57142857143
"2024-05-24 00:00:00",0,0,0,0,0,20811.14285714286,36657.57142857143
"2024-05-25 00:00:00",0,0,0,0,72839,20811.14285714286,36657.57142857143
"2024-05-26 00:00:00",0,0,0,0,0,20811.14285714286,34192.857142857145
"2024-05-27 00:00:00",0,0,0,0,0,20811.14285714286,34192.857142857145
"2024-05-28 00:00:00",0,0,0,0,0,10405.57142857143,34192.857142857145
"2024-05-29 00:00:00",0,0,0,0,0,10405.57142857143,22711.85714285714
"2024-05-30 00:00:00",0,0,0,0,0,10405.57142857143,37297.57142857143
"2024-05-31 00:00:00",0,0,0,0,0,10405.57142857143,37297.57142857143
"2024-06-01 00:00:00",0,0,0,0,72839,10405.57142857143,37297.57142857143
"2024-06-02 00:00:00",0,0,0,0,0,10405.57142857143,26892
"2024-06-03 00:00:00",0,0,0,0,0,10405.57142857143,32972.71428571428
"2024-06-04 00:00:00",0,0,0,0,0,10405.57142857143,32972.71428571428
"2024-06-05 00:00:00",0,0,0,0,0,10405.57142857143,26892
"2024-06-06 00:00:00",0,0,0,0,72839,20811.14285714286,6080.714285714285
"2024-06-07 00:00:00",0,0,0,0,0,20811.14285714286,12306.285714285714
"2024-06-08 00:00:00",0,0,0,0,0,10405.57142857143,12306.285714285714
"2024-06-09 00:00:00",0,0,0,0,0,10405.57142857143,12306.285714285714
"2024-06-10 00:00:00",0,0,0,0,0,10405.57142857143,6225.571428571428
"2024-06-11 00:00:00",0,0,0,0,0,10405.57142857143,6225.571428571428
"2024-06-12 00:00:00",0,0,0,0,0,10405.57142857143,6225.571428571428
"2024-06-13 00:00:00",0,0,0,0,0,0,6225.571428571428
"2024-06-14 00:00:00",0,0,0,0,72839,10405.57142857143,10405.57142857143
"2024-06-15 00:00:00",0,0,0,0,0,10405.57142857143,10442.857142857143
"2024-06-16 00:00:00",0,0,0,0,0,10405.57142857143,10480.142857142857
"2024-06-17 00:00:00",0,0,0,0,0,10405.57142857143,10480.142857142857
"2024-06-18 00:00:00",0,0,0,0,0,10405.57142857143,10480.142857142857
"2024-06-19 00:00:00",0,0,0,0,72839,20811.14285714286,14522.142857142857
"2024-06-20 00:00:00",0,0,0,0,0,20811.14285714286,14522.142857142857
"2024-06-21 00:00:00",0,0,0,0,40335,16167.714285714286,4116.571428571428
"2024-06-22 00:00:00",0,0,0,0,0,16167.714285714286,4079.285714285714
"2024-06-23 00:00:00",0,0,0,0,0,16167.714285714286,4042
"2024-06-24 00:00:00",0,0,0,0,0,16167.714285714286,4042
"2024-06-25 00:00:00",0,0,0,0,0,16167.714285714286,4042
"2024-06-26 00:00:00",0,0,0,0,0,5762.142857142857,0
"2024-06-27 00:00:00",0,0,0,0,72839,16167.714285714286,6080.714285714285
"2024-06-28 00:00:00",0,0,0,0,0,10405.57142857143,6080.714285714285
"2024-06-29 00:00:00",0,0,0,0,0,10405.57142857143,6080.714285714285
"2024-06-30 00:00:00",0,0,0,0,0,10405.57142857143,6080.714285714285
"2024-07-01 00:00:00",0,0,0,0,0,10405.57142857143,16486.285714285714
"2024-07-02 00:00:00",0,0,261,0,0,10442.857142857143,16486.285714285714
"2024-07-03 00:00:00",0,0,0,0,72839,20848.428571428572,32972.71428571428
"2024-07-04 00:00:00",0,0,0,0,0,10442.857142857143,26892
"2024-07-05 00:00:00",0,0,0,0,0,10442.857142857143,26892
"2024-07-06 00:00:00",0,0,0,0,0,10442.857142857143,37297.57142857143
"2024-07-07 00:00:00",0,0,0,0,0,10442.857142857143,37297.57142857143
"2024-07-08 00:00:00",0,0,0,0,0,10442.857142857143,38372.857142857145
"2024-07-09 00:00:00",0,0,0,0,0,10405.57142857143,38372.857142857145
"2024-07-10 00:00:00",0,0,0,0,0,0,21886.428571428572
"2024-07-11 00:00:00",0,0,0,0,0,0,21886.428571428572
"2024-07-12 00:00:00",0,0,0,0,0,0,21886.428571428572
"2024-07-13 00:00:00",0,0,0,0,72839,10405.57142857143,21886.428571428572
"2024-07-14 00:00:00",0,0,261,0,0,10442.857142857143,21886.428571428572
"2024-07-15 00:00:00",0,0,0,0,0,10442.857142857143,21886.428571428572
"2024-07-16 00:00:00",0,0,0,0,0,10442.857142857143,21886.428571428572
"2024-07-17 00:00:00",0,0,0,0,0,10442.857142857143,21886.428571428572
"2024-07-18 00:00:00",0,0,0,0,0,10442.857142857143,21886.428571428572
"2024-07-19 00:00:00",0,0,0,0,0,10442.857142857143,21886.428571428572
"2024-07-20 00:00:00",0,0,0,0,0,37.285714285714285,11480.857142857143
"2024-07-21 00:00:00",0,0,0,0,72839,10405.57142857143,11480.857142857143
"2024-07-22 00:00:00",0,0,0,0,0,10405.57142857143,0
"2024-07-23 00:00:00",0,0,0,0,0,10405.57142857143,0
"2024-07-24 00:00:00",0,0,0,0,0,10405.57142857143,10405.57142857143
"2024-07-25 00:00:00",0,0,0,0,0,10405.57142857143,10405.57142857143
"2024-07-26 00:00:00",0,0,0,0,0,10405.57142857143,20811.14285714286
"2024-07-27 00:00:00",0,0,0,0,0,10405.57142857143,20811.14285714286
"2024-07-28 00:00:00",0,0,0,0,72839,10405.57142857143,20811.14285714286
"2024-07-29 00:00:00",0,0,0,0,0,10405.57142857143,20811.14285714286
"2024-07-30 00:00:00",0,0,0,0,0,10405.57142857143,20811.14285714286
"2024-07-31 00:00:00",0,0,0,0,0,10405.57142857143,10405.57142857143
"2024-08-01 00:00:00",0,0,0,0,0,10405.57142857143,10405.57142857143
"2024-08-02 00:00:00",0,0,0,0,0,10405.57142857143,20811.285714285714
"2024-08-03 00:00:00",0,0,0,0,0,10405.57142857143,20811.285714285714
"2024-08-04 00:00:00",0,0,0,0,0,0,20811.285714285714
"2024-08-05 00:00:00",0,0,0,0,0,0,31216.85714285714
"2024-08-06 00:00:00",0,0,0,0,0,0,31216.85714285714
"2024-08-07 00:00:00",0,0,0,0,72839,10405.57142857143,37297.57142857143
"2024-08-08 00:00:00",0,0,0,0,0,10405.57142857143,37297.57142857143
"2024-08-09 00:00:00",0,0,0,0,0,10405.57142857143,16486.285714285714
"2024-08-10 00:00:00",0,0,0,0,0,10405.57142857143,16486.285714285714
"2024-08-11 00:00:00",0,0,0,0,0,10405.57142857143,29356.571428571428
"2024-08-12 00:00:00",0,0,0,0,0,10405.57142857143,29356.571428571428
"2024-08-13 00:00:00",0,0,0,0,0,10405.57142857143,29356.571428571428
"2024-08-14 00:00:00",0,0,0,0,72839,10405.57142857143,34756.71428571428
"2024-08-15 00:00:00",0,0,0,0,0,10405.57142857143,40837.42857142857
"2024-08-16 00:00:00",0,0,0,0,0,10405.57142857143,40837.42857142857
"2024-08-17 00:00:00",0,0,0,0,0,10405.57142857143,40837.42857142857
"2024-08-18 00:00:00",0,0,0,0,0,10405.57142857143,27967.14285714286
"2024-08-19 00:00:00",0,0,0,0,0,10405.57142857143,17561.571428571428
"2024-08-20 00:00:00",0,0,0,0,0,10405.57142857143,27967.14285714286
"2024-08-21 00:00:00",0,0,0,0,0,0,16486.285714285714
"2024-08-22 00:00:00",0,0,0,0,0,0,21886.428571428572
"2024-08-23 00:00:00",0,0,261,0,0,37.285714285714285,27967.14285714286
"2024-08-24 00:00:00",0,0,0,0,0,37.285714285714285,27967.14285714286
"2024-08-25 00:00:00",0,0,0,0,0,37.285714285714285,27967.14285714286
"2024-08-26 00:00:00",0,0,0,0,0,37.285714285714285,27967.14285714286
"2024-08-27 00:00:00",0,0,0,0,0,37.285714285714285,27967.14285714286
"2024-08-28 00:00:00",0,0,0,0,0,37.285714285714285,27967.14285714286
"2024-08-29 00:00:00",0,0,0,0,0,37.285714285714285,16486.285714285714
"2024-08-30 00:00:00",0,0,0,0,0,0,21886.428571428572
"2024-08-31 00:00:00",0,0,0,0,0,0,21886.428571428572
"2024-09-01 00:00:00",0,0,0,0,0,0,21886.428571428572
"2024-09-02 00:00:00",0,0,0,0,0,0,21886.428571428572
"2024-09-03 00:00:00",0,0,0,0,0,0,11480.857142857143
"2024-09-04 00:00:00",0,0,0,0,0,0,11480.857142857143
"2024-09-05 00:00:00",0,0,0,0,0,0,11480.857142857143
"2024-09-06 00:00:00",0,0,0,0,0,0,11480.857142857143
"2024-09-07 00:00:00",0,0,0,0,0,0,21886.428571428572
"2024-09-08 00:00:00",0,0,0,0,0,0,21886.428571428572
"2024-09-09 00:00:00",0,0,0,0,0,0,21886.428571428572
"2024-09-10 00:00:00",0,0,0,0,0,0,32292
"2024-09-11 00:00:00",0,0,0,0,89118,12731.142857142857,32292
"2024-09-12 00:00:00",0,0,0,0,0,12731.142857142857,43772.857142857145
"2024-09-13 00:00:00",0,0,0,0,0,12731.142857142857,32292
"2024-09-14 00:00:00",0,0,0,0,0,12731.142857142857,21886.428571428572
"2024-09-15 00:00:00",0,0,0,0,0,12731.142857142857,27967.14285714286
"2024-09-16 00:00:00",0,0,0,0,0,12731.142857142857,27967.14285714286
"2024-09-17 00:00:00",0,0,0,0,42565,18811.85714285714,17561.571428571428
"2024-09-18 00:00:00",0,0,0,0,0,6080.714285714285,17561.571428571428
"2024-09-19 00:00:00",0,0,0,0,0,6080.714285714285,16486.285714285714
"2024-09-20 00:00:00",0,0,0,0,0,6080.714285714285,27967.14285714286
"2024-09-21 00:00:00",0,0,0,0,0,6080.714285714285,34047.857142857145
"2024-09-22 00:00:00",0,0,0,0,0,6080.714285714285,27967.14285714286
"2024-09-23 00:00:00",0,0,0,0,0,6080.714285714285,27967.14285714286
"2024-09-24 00:00:00",0,0,0,0,0,0,27967.14285714286
"2024-09-25 00:00:00",0,0,0,0,0,0,27967.14285714286
"2024-09-26 00:00:00",0,0,0,0,72839,10405.57142857143,17561.571428571428
"2024-09-27 00:00:00",0,0,0,0,42565,16486.285714285714,6080.714285714285
"2024-09-28 00:00:00",0,0,0,0,0,16486.285714285714,0
"2024-09-29 00:00:00",0,0,0,0,0,16486.285714285714,10405.57142857143
"2024-09-30 00:00:00",0,0,0,0,0,16486.285714285714,32292.14285714286
"2024-10-01 00:00:00",0,0,0,0,0,16486.285714285714,32292.14285714286
"2024-10-02 00:00:00",0,0,0,0,0,16486.285714285714,32292.14285714286
"2024-10-03 00:00:00",0,0,0,0,0,6080.714285714285,32292.14285714286
"2024-10-04 00:00:00",0,0,0,0,0,0,42697.71428571428
"2024-10-05 00:00:00",0,0,0,0,0,0,42735
"2024-10-06 00:00:00",0,0,0,0,0,0,49891.142857142855
"2024-10-07 00:00:00",0,0,0,0,0,0,28004.571428571428
"2024-10-08 00:00:00",0,0,0,0,0,0,77525.14285714286
"2024-10-09 00:00:00",0,0,0,0,0,0,77525.14285714286
"2024-10-10 00:00:00",0,0,0,0,0,0,77525.14285714286
"2024-10-11 00:00:00",0,0,0,0,0,0,67119.57142857143
"2024-10-12 00:00:00",0,0,0,0,0,0,73163
"2024-10-13 00:00:00",0,0,0,0,0,0,67082.14285714286
"2024-10-14 00:00:00",0,0,0,0,0,0,67082.14285714286
"2024-10-15 00:00:00",0,0,0,0,0,0,17561.571428571428
"2024-10-16 00:00:00",0,0,0,0,0,0,17561.571428571428
"2024-10-17 00:00:00",0,0,0,0,0,0,23642.285714285714
"2024-10-18 00:00:00",0,0,0,0,0,0,23642.285714285714
"2024-10-19 00:00:00",0,0,0,0,0,0,17561.571428571428
"2024-10-20 00:00:00",0,0,0,0,0,0,16486.285714285714
"2024-10-21 00:00:00",0,0,0,0,0,0,16486.285714285714
"2024-10-22 00:00:00",0,0,0,0,0,0,16486.285714285714
"2024-10-23 00:00:00",0,0,0,0,0,0,16486.285714285714
"2024-10-24 00:00:00",0,0,0,0,0,0,10405.57142857143
"2024-10-25 00:00:00",0,0,0,0,0,0,10405.57142857143
"2024-10-26 00:00:00",0,0,0,0,0,0,10405.57142857143
"2024-10-27 00:00:00",0,0,0,0,0,0,0
"2024-10-28 00:00:00",0,0,0,0,0,0,11480.857142857143
"2024-10-29 00:00:00",0,0,0,0,0,0,11480.857142857143
"2024-10-30 00:00:00",0,0,0,0,0,0,11480.857142857143
"2024-10-31 00:00:00",0,0,0,0,0,0,11480.857142857143
"2024-11-01 00:00:00",0,0,0,0,0,0,11480.857142857143
"2024-11-02 00:00:00",0,0,0,0,0,0,11480.857142857143
"2024-11-03 00:00:00",0,0,0,0,0,0,11480.857142857143
"2024-11-04 00:00:00",0,0,0,0,0,0,0
"2024-11-05 00:00:00",0,0,0,0,0,0,0
"2024-11-06 00:00:00",0,0,261,0,0,37.285714285714285,0
"2024-11-07 00:00:00",0,0,0,0,0,37.285714285714285,0
"2024-11-08 00:00:00",0,0,0,0,0,37.285714285714285,0
"2024-11-09 00:00:00",0,0,0,0,0,37.285714285714285,0
"2024-11-10 00:00:00",0,0,0,0,0,37.285714285714285,11480.857142857143
"2024-11-11 00:00:00",0,0,0,0,0,37.285714285714285,11480.857142857143
"2024-11-12 00:00:00",0,0,0,0,0,37.285714285714285,11480.857142857143
"2024-11-13 00:00:00",0,0,0,0,0,0,11480.857142857143
"2024-11-14 00:00:00",0,0,0,0,0,0,11480.857142857143
"2024-11-15 00:00:00",0,0,0,0,0,0,11480.857142857143
"2024-11-16 00:00:00",0,0,0,0,0,0,11480.857142857143
"2024-11-17 00:00:00",0,0,0,0,0,0,0
"2024-11-18 00:00:00",0,0,0,0,0,0,0
"2024-11-19 00:00:00",0,0,0,0,0,0,0
"2024-11-20 00:00:00",0,0,0,0,0,0,37.285714285714285
"2024-11-21 00:00:00",0,0,0,0,0,0,37.285714285714285
"2024-11-22 00:00:00",0,0,0,0,0,0,37.285714285714285
"2024-11-23 00:00:00",0,0,0,0,0,0,37.285714285714285
"2024-11-24 00:00:00",0,0,0,0,0,0,37.285714285714285
"2024-11-25 00:00:00",0,0,0,0,0,0,37.285714285714285
"2024-11-26 00:00:00",0,0,0,0,0,0,37.285714285714285
"2024-11-27 00:00:00",0,0,0,0,0,0,0
"2024-11-28 00:00:00",0,0,0,0,0,0,0
"2024-11-29 00:00:00",0,0,0,0,0,0,0
"2024-11-30 00:00:00",0,0,0,0,0,0,0
"2024-12-01 00:00:00",0,0,0,0,0,0,0
"2024-12-02 00:00:00",0,0,0,0,0,0,0
"2024-12-03 00:00:00",0,0,0,0,0,0,11480.857142857143
"2024-12-04 00:00:00",0,0,0,0,0,0,11480.857142857143
"2024-12-05 00:00:00",0,0,0,0,0,0,11480.857142857143
"2024-12-06 00:00:00",0,0,0,0,0,0,11480.857142857143
"2024-12-07 00:00:00",0,0,0,0,0,0,11480.857142857143
"2024-12-08 00:00:00",0,0,0,0,0,0,21886.428571428572
"2024-12-09 00:00:00",0,0,0,0,0,0,21886.428571428572
"2024-12-10 00:00:00",0,0,0,0,0,0,20811.14285714286
"2024-12-11 00:00:00",0,0,0,0,0,0,20811.14285714286
"2024-12-12 00:00:00",0,0,0,0,0,0,20848.428571428572
"2024-12-13 00:00:00",0,0,0,0,0,0,20848.428571428572
"2024-12-14 00:00:00",0,0,261,0,72839,10442.857142857143,20848.428571428572
"2024-12-15 00:00:00",0,0,0,0,0,10442.857142857143,20848.428571428572
"2024-12-16 00:00:00",0,0,0,0,0,10442.857142857143,20848.428571428572
"2024-12-17 00:00:00",0,0,0,0,0,10442.857142857143,10442.857142857143
"2024-12-18 00:00:00",0,0,0,0,0,10442.857142857143,10442.857142857143
"2024-12-19 00:00:00",0,0,0,0,0,10442.857142857143,10405.57142857143
"2024-12-20 00:00:00",0,0,0,0,0,10442.857142857143,10405.57142857143
"2024-12-21 00:00:00",0,0,0,0,0,0,10405.57142857143
"2024-12-22 00:00:00",0,0,0,0,0,0,0
"2024-12-23 00:00:00",0,0,0,0,0,0,0
"2024-12-24 00:00:00",0,0,0,0,0,0,0
"2024-12-25 00:00:00",0,0,0,0,0,0,37.285714285714285
"2024-12-26 00:00:00",0,0,0,0,0,0,37.285714285714285
"2024-12-27 00:00:00",0,0,0,0,72839,10405.57142857143,37.285714285714285
"2024-12-28 00:00:00",0,0,261,0,0,10442.857142857143,37.285714285714285
"2024-12-29 00:00:00",0,0,0,0,0,10442.857142857143,74.57142857142857
"2024-12-30 00:00:00",0,0,0,0,0,10442.857142857143,74.57142857142857
"2024-12-31 00:00:00",0,0,0,0,0,10442.857142857143,74.57142857142857
"2025-01-01 00:00:00",0,0,0,0,0,10442.857142857143,74.57142857142857
"2025-01-02 00:00:00",0,0,0,0,0,10442.857142857143,74.57142857142857
"2025-01-03 00:00:00",0,0,0,0,0,37.285714285714285,74.57142857142857
"2025-01-04 00:00:00",0,0,0,0,0,0,74.57142857142857
"2025-01-05 00:00:00",0,0,0,0,0,0,37.285714285714285
"2025-01-06 00:00:00",0,0,0,0,0,0,37.285714285714285
"2025-01-07 00:00:00",0,0,0,0,0,0,37.285714285714285
"2025-01-08 00:00:00",0,0,0,0,0,0,0
"2025-01-09 00:00:00",0,0,0,0,0,0,0
"2025-01-10 00:00:00",0,0,0,0,0,0,0
"2025-01-11 00:00:00",0,0,0,0,0,0,0
"2025-01-12 00:00:00",0,0,0,0,0,0,0
"2025-01-13 00:00:00",0,0,0,0,0,0,0
"2025-01-14 00:00:00",0,0,0,0,0,0,0
"2025-01-15 00:00:00",0,0,0,0,0,0,0
"2025-01-16 00:00:00",0,0,0,0,0,0,10405.57142857143
"2025-01-17 00:00:00",0,0,0,0,0,0,10405.57142857143
"2025-01-18 00:00:00",0,0,0,0,0,0,10405.57142857143
"2025-01-19 00:00:00",0,0,0,0,0,0,10405.57142857143
"2025-01-20 00:00:00",0,0,0,0,0,0,10405.57142857143
"2025-01-21 00:00:00",0,0,0,0,0,0,10405.57142857143
"2025-01-22 00:00:00",0,0,0,0,0,0,10442.857142857143
"2025-01-23 00:00:00",0,0,0,0,0,0,37.285714285714285
"2025-01-24 00:00:00",0,0,0,0,0,0,10442.857142857143
"2025-01-25 00:00:00",0,0,0,0,0,0,10442.857142857143
"2025-01-26 00:00:00",0,0,0,0,0,0,10442.857142857143
"2025-01-27 00:00:00",0,0,0,0,0,0,10442.857142857143
"2025-01-28 00:00:00",0,0,0,0,0,0,10442.857142857143
"2025-01-29 00:00:00",0,0,0,0,0,0,20811.14285714286
"2025-01-30 00:00:00",0,0,0,0,0,0,20811.14285714286
"2025-01-31 00:00:00",0,0,0,0,0,0,10442.857142857143
"2025-02-01 00:00:00",0,0,0,0,0,0,10442.857142857143
"2025-02-02 00:00:00",0,0,0,0,0,0,10442.857142857143
"2025-02-03 00:00:00",0,0,0,0,0,0,10442.857142857143
"2025-02-04 00:00:00",0,0,0,0,0,0,10442.857142857143
"2025-02-05 00:00:00",0,0,0,0,0,0,37.285714285714285
"2025-02-06 00:00:00",0,0,0,0,0,0,37.285714285714285
"2025-02-07 00:00:00",0,0,0,0,0,0,0
"2025-02-08 00:00:00",0,0,0,0,0,0,0
"2025-02-09 00:00:00",0,0,0,0,0,0,0
"2025-02-10 00:00:00",0,0,0,0,0,0,0
"2025-02-11 00:00:00",0,0,0,0,0,0,0
"2025-02-12 00:00:00",0,0,0,0,0,0,0
"2025-02-13 00:00:00",0,0,0,0,0,0,0
"2025-02-14 00:00:00",0,0,0,0,0,0,0
"2025-02-15 00:00:00",0,0,0,0,0,0,0
"2025-02-16 00:00:00",0,0,0,0,0,0,0
"2025-02-17 00:00:00",0,0,0,0,0,0,0
"2025-02-18 00:00:00",0,0,0,0,0,0,0
"2025-02-19 00:00:00",0,0,0,0,0,0,0
"2025-02-20 00:00:00",0,0,0,0,0,0,0
"2025-02-21 00:00:00",0,0,0,0,0,0,0
"2025-02-22 00:00:00",0,0,0,0,0,0,0
"2025-02-23 00:00:00",0,0,0,0,0,0,0
"2025-02-24 00:00:00",0,0,0,0,0,0,37.285714285714285
"2025-02-25 00:00:00",0,0,0,0,0,0,37.285714285714285
"2025-02-26 00:00:00",0,0,0,0,0,0,37.285714285714285
"2025-02-27 00:00:00",0,0,0,0,0,0,37.285714285714285
"2025-02-28 00:00:00",0,0,0,0,0,0,37.285714285714285
"2025-03-01 00:00:00",0,0,0,0,0,0,12907.57142857143
"2025-03-02 00:00:00",0,0,0,0,0,0,12907.57142857143
"2025-03-03 00:00:00",0,0,0,0,0,0,12870.285714285714
"2025-03-04 00:00:00",0,0,0,0,0,0,12870.285714285714
"2025-03-05 00:00:00",0,0,0,0,0,0,23275.85714285714
"2025-03-06 00:00:00",0,0,0,0,0,0,23275.85714285714
"2025-03-07 00:00:00",0,0,0,0,0,0,34756.71428571428
"2025-03-08 00:00:00",0,0,0,0,0,0,34756.71428571428
"2025-03-09 00:00:00",0,0,0,0,0,0,34756.71428571428
"2025-03-10 00:00:00",0,0,0,0,0,0,34756.71428571428
"2025-03-11 00:00:00",0,0,0,0,0,0,34756.71428571428
"2025-03-12 00:00:00",0,0,0,0,0,0,24388.428571428572
"2025-03-13 00:00:00",0,0,0,0,0,0,24388.428571428572
"2025-03-14 00:00:00",0,0,0,0,0,0,24388.428571428572
"2025-03-15 00:00:00",0,0,0,0,0,0,11518.142857142857
"2025-03-16 00:00:00",0,0,0,0,0,0,11518.142857142857
"2025-03-17 00:00:00",0,0,0,0,0,0,21923.714285714286
"2025-03-18 00:00:00",0,0,0,0,0,0,21923.714285714286
"2025-03-19 00:00:00",0,0,0,0,0,0,34756.71428571428
"2025-03-20 00:00:00",0,0,0,0,0,0,34756.71428571428
"2025-03-21 00:00:00",0,0,0,0,0,0,34756.71428571428
"2025-03-22 00:00:00",0,0,0,0,0,0,34756.71428571428
"2025-03-23 00:00:00",0,0,0,0,0,0,34756.71428571428
"2025-03-24 00:00:00",0,0,0,0,0,0,24351.14285714286
"2025-03-25 00:00:00",0,0,0,0,0,0,24351.14285714286
"2025-03-26 00:00:00",0,0,0,0,0,0,11480.857142857143
"2025-03-27 00:00:00",0,0,0,0,0,0,22961.714285714286
"2025-03-28 00:00:00",0,0,0,0,0,0,11480.857142857143
"2025-03-29 00:00:00",0,0,0,0,0,0,24351.14285714286
"2025-03-30 00:00:00",0,0,0,0,0,0,24351.14285714286
"2025-03-31 00:00:00",0,0,0,0,0,0,24351.14285714286
"2025-04-01 00:00:00",0,0,0,0,0,0,24351.14285714286
"2025-04-02 00:00:00",0,0,0,0,0,0,24351.14285714286
"2025-04-03 00:00:00",0,0,0,0,0,0,12870.285714285714
"2025-04-04 00:00:00",0,0,0,0,0,0,24351.14285714286
"2025-04-05 00:00:00",0,0,0,0,0,0,11480.857142857143
"2025-04-06 00:00:00",0,0,0,0,0,0,11480.857142857143
"2025-04-07 00:00:00",0,0,0,0,0,0,11480.857142857143
"2025-04-08 00:00:00",0,0,0,0,0,0,11480.857142857143
"2025-04-09 00:00:00",0,0,0,0,0,0,11480.857142857143
"2025-04-10 00:00:00",0,0,0,0,0,0,11480.857142857143
"2025-04-11 00:00:00",0,0,0,0,0,0,0
"2025-04-12 00:00:00",0,0,0,0,0,0,10405.57142857143
"2025-04-13 00:00:00",0,0,0,0,0,0,10405.57142857143
"2025-04-14 00:00:00",0,0,261,0,0,37.285714285714285,10405.57142857143
"2025-04-15 00:00:00",0,0,0,0,0,37.285714285714285,10405.57142857143
"2025-04-16 00:00:00",0,0,0,0,0,37.285714285714285,10405.57142857143
"2025-04-17 00:00:00",0,0,0,0,0,37.285714285714285,10405.57142857143
"2025-04-18 00:00:00",0,0,0,0,0,37.285714285714285,21886.428571428572
"2025-04-19 00:00:00",0,0,0,0,0,37.285714285714285,11480.857142857143
"2025-04-20 00:00:00",0,0,0,0,0,37.285714285714285,11480.857142857143
"2025-04-21 00:00:00",0,0,0,0,0,0,11480.857142857143
"2025-04-22 00:00:00",0,0,0,0,0,0,11480.857142857143
"2025-04-23 00:00:00",0,0,0,0,0,0,11480.857142857143
"2025-04-24 00:00:00",0,0,0,0,0,0,11480.857142857143
"2025-04-25 00:00:00",0,0,0,0,0,0,0
"2025-04-26 00:00:00",0,0,0,0,0,0,11480.857142857143
"2025-04-27 00:00:00",0,0,0,0,0,0,11480.857142857143
"2025-04-28 00:00:00",0,0,0,0,0,0,11480.857142857143
"2025-04-29 00:00:00",0,0,0,0,0,0,25048.428571428572
"2025-04-30 00:00:00",0,0,0,0,0,0,25048.428571428572
"2025-05-01 00:00:00",0,0,0,0,0,0,25085.714285714286
"2025-05-02 00:00:00",0,0,0,0,0,0,25085.714285714286
"2025-05-03 00:00:00",0,0,0,0,0,0,13604.857142857143
"2025-05-04 00:00:00",0,0,0,0,0,0,25085.714285714286
"2025-05-05 00:00:00",0,0,0,0,0,0,25085.714285714286
"2025-05-06 00:00:00",0,0,0,0,0,0,11518.142857142857
"2025-05-07 00:00:00",0,0,0,0,0,0,11518.142857142857
"2025-05-08 00:00:00",0,0,724,0,0,103.42857142857143,11480.857142857143
"2025-05-09 00:00:00",0,0,0,0,0,103.42857142857143,21886.428571428572
"2025-05-10 00:00:00",0,0,0,0,0,103.42857142857143,21886.428571428572
"2025-05-11 00:00:00",0,0,0,0,0,103.42857142857143,21886.428571428572
"2025-05-12 00:00:00",0,0,0,0,0,103.42857142857143,21886.428571428572
"2025-05-13 00:00:00",0,0,0,0,0,103.42857142857143,21886.428571428572
"2025-05-14 00:00:00",0,0,0,0,0,103.42857142857143,21886.428571428572
"2025-05-15 00:00:00",0,0,0,0,0,0,21886.428571428572
"2025-05-16 00:00:00",0,0,0,0,0,0,11480.857142857143
"2025-05-17 00:00:00",0,0,0,0,0,0,11480.857142857143
"2025-05-18 00:00:00",0,0,0,0,0,0,10405.57142857143
"2025-05-19 00:00:00",0,0,0,0,0,0,10405.57142857143
"2025-05-20 00:00:00",0,0,0,0,0,0,10405.57142857143
"2025-05-21 00:00:00",0,0,0,0,0,0,20811.14285714286
"2025-05-22 00:00:00",0,0,0,0,0,0,20811.14285714286
"2025-05-23 00:00:00",0,0,0,0,0,0,20811.14285714286
"2025-05-24 00:00:00",0,0,0,0,0,0,20811.14285714286
"2025-05-25 00:00:00",0,0,0,0,0,0,20811.14285714286
"2025-05-26 00:00:00",0,0,0,0,0,0,20811.14285714286
"2025-05-27 00:00:00",0,0,0,0,0,0,20811.14285714286
"2025-05-28 00:00:00",0,0,0,0,0,0,10405.57142857143
"2025-05-29 00:00:00",0,0,0,0,0,0,10405.57142857143
"2025-05-30 00:00:00",0,0,261,0,0,37.285714285714285,10405.57142857143
"2025-05-31 00:00:00",0,0,0,0,0,37.285714285714285,10405.57142857143
"2025-06-01 00:00:00",0,0,0,0,0,37.285714285714285,10405.57142857143
"2025-06-02 00:00:00",0,0,0,0,0,37.285714285714285,10405.57142857143
"2025-06-03 00:00:00",0,0,0,0,0,37.285714285714285,10405.57142857143
"2025-06-04 00:00:00",0,0,0,0,0,37.285714285714285,10405.57142857143
"2025-06-05 00:00:00",0,0,0,0,0,37.285714285714285,10405.57142857143
"2025-06-06 00:00:00",0,0,0,0,0,0,20811.14285714286
"2025-06-07 00:00:00",0,0,0,0,0,0,20811.14285714286
"2025-06-08 00:00:00",0,0,0,0,0,0,10405.57142857143
"2025-06-09 00:00:00",0,0,0,0,0,0,10405.57142857143
"2025-06-10 00:00:00",0,0,0,0,0,0,10405.57142857143
"2025-06-11 00:00:00",0,0,0,0,0,0,10405.57142857143
"2025-06-12 00:00:00",0,0,0,0,0,0,10405.57142857143
"2025-06-13 00:00:00",0,0,0,0,0,0,0
"2025-06-14 00:00:00",0,0,0,0,0,0,10405.57142857143
"2025-06-15 00:00:00",0,0,0,0,0,0,10405.57142857143
"2025-06-16 00:00:00",0,0,724,0,0,103.42857142857143,10405.57142857143
"2025-06-17 00:00:00",0,0,261,0,0,140.71428571428572,10405.57142857143
"2025-06-18 00:00:00",0,0,0,0,0,140.71428571428572,10405.57142857143
"2025-06-19 00:00:00",0,0,0,0,0,140.71428571428572,20811.14285714286
"2025-06-20 00:00:00",0,0,0,0,0,140.71428571428572,20811.14285714286
"2025-06-21 00:00:00",0,0,0,0,0,140.71428571428572,16167.714285714286
"2025-06-22 00:00:00",0,0,0,0,0,140.71428571428572,16167.714285714286
"2025-06-23 00:00:00",0,0,0,0,0,37.285714285714285,16167.714285714286
"2025-06-24 00:00:00",0,0,0,0,0,0,16167.714285714286
"2025-06-25 00:00:00",0,0,0,0,0,0,16167.714285714286
"2025-06-26 00:00:00",0,0,0,0,0,0,5762.142857142857
"2025-06-27 00:00:00",0,0,0,0,0,0,16167.714285714286
"2025-06-28 00:00:00",0,0,0,0,0,0,10405.57142857143
"2025-06-29 00:00:00",0,0,0,0,0,0,10405.57142857143
"2025-06-30 00:00:00",0,0,0,0,0,0,10405.57142857143
"2025-07-01 00:00:00",0,0,0,0,0,0,10405.57142857143
"2025-07-02 00:00:00",0,0,0,0,0,0,10442.857142857143
"2025-07-03 00:00:00",0,0,0,0,0,0,20848.428571428572
"2025-07-04 00:00:00",0,0,0,0,0,0,10442.857142857143
"2025-07-05 00:00:00",0,0,0,0,0,0,10442.857142857143
"2025-07-06 00:00:00",0,0,0,0,0,0,10442.857142857143
"2025-07-07 00:00:00",0,0,0,0,0,0,10442.857142857143
"2025-07-08 00:00:00",0,0,0,0,0,0,10442.857142857143
"2025-07-09 00:00:00",0,0,0,0,0,0,10405.57142857143
"2025-07-10 00:00:00",0,0,0,0,0,0,0
"2025-07-11 00:00:00",0,0,0,0,0,0,0
"2025-07-12 00:00:00",0,0,0,0,0,0,0
"2025-07-13 00:00:00",0,0,0,0,0,0,10405.57142857143
"2025-07-14 00:00:00",0,0,0,0,0,0,10442.857142857143
"2025-07-15 00:00:00",0,0,0,0,0,0,10442.857142857143
"2025-07-16 00:00:00",0,0,0,0,0,0,10442.857142857143
"2025-07-17 00:00:00",0,0,0,0,0,0,10442.857142857143
"2025-07-18 00:00:00",0,0,0,0,0,0,10442.857142857143
"2025-07-19 00:00:00",0,0,0,0,0,0,10442.857142857143
"2025-07-20 00:00:00",0,0,0,0,0,0,37.285714285714285
"2025-07-21 00:00:00",0,0,0,0,0,0,10405.57142857143
"2025-07-22 00:00:00",0,0,0,0,0,0,10405.57142857143
"2025-07-23 00:00:00",0,0,0,0,0,0,10405.57142857143
"2025-07-24 00:00:00",0,0,0,0,0,0,10405.57142857143
"2025-07-25 00:00:00",0,0,0,0,0,0,10405.57142857143
"2025-07-26 00:00:00",0,0,0,0,0,0,10405.57142857143
"2025-07-27 00:00:00",0,0,0,0,0,0,10405.57142857143
"2025-07-28 00:00:00",0,0,0,0,0,0,10405.57142857143
"2025-07-29 00:00:00",0,0,0,0,0,0,10405.57142857143
"2025-07-30 00:00:00",0,0,0,0,0,0,10405.57142857143
"2025-07-31 00:00:00",0,0,0,0,0,0,10405.57142857143
"2025-08-01 00:00:00",0,0,0,0,0,0,10405.57142857143
"2025-08-02 00:00:00",0,0,0,0,0,0,10405.57142857143
"2025-08-03 00:00:00",0,0,0,0,0,0,10405.57142857143
"2025-08-04 00:00:00",0,0,0,0,0,0,0
"2025-08-05 00:00:00",0,0,0,0,0,0,0
"2025-08-06 00:00:00",0,0,0,0,0,0,0
"2025-08-07 00:00:00",0,0,0,0,0,0,10405.57142857143
"2025-08-08 00:00:00",0,0,0,0,0,0,10405.57142857143
"2025-08-09 00:00:00",0,0,0,0,0,0,10405.57142857143
"2025-08-10 00:00:00",0,0,0,0,0,0,10405.57142857143
"2025-08-11 00:00:00",0,0,0,0,0,0,10405.57142857143
"2025-08-12 00:00:00",0,0,0,0,0,0,10405.57142857143
"2025-08-13 00:00:00",0,0,0,0,0,0,10405.57142857143
"2025-08-14 00:00:00",0,0,0,0,0,0,10405.57142857143
"2025-08-15 00:00:00",0,0,0,0,0,0,10405.57142857143
"2025-08-16 00:00:00",0,0,0,0,0,0,10405.57142857143
"2025-08-17 00:00:00",0,0,0,0,0,0,10405.57142857143
"2025-08-18 00:00:00",0,0,0,0,0,0,10405.57142857143
"2025-08-19 00:00:00",0,0,0,0,0,0,10405.57142857143
"2025-08-20 00:00:00",0,0,0,0,0,0,10405.57142857143
"2025-08-21 00:00:00",0,0,261,0,0,37.285714285714285,0
"2025-08-22 00:00:00",0,0,0,0,0,37.285714285714285,0
"2025-08-23 00:00:00",0,0,0,0,0,37.285714285714285,37.285714285714285
"2025-08-24 00:00:00",0,0,0,0,0,37.285714285714285,37.285714285714285
"2025-08-25 00:00:00",0,0,0,0,0,37.285714285714285,37.285714285714285
"2025-08-26 00:00:00",0,0,0,0,0,37.285714285714285,37.285714285714285
"2025-08-27 00:00:00",0,0,0,0,0,37.285714285714285,37.285714285714285
"2025-08-28 00:00:00",0,0,0,0,0,0,37.285714285714285
"2025-08-29 00:00:00",0,0,0,0,0,0,37.285714285714285
"2025-08-30 00:00:00",0,0,0,0,0,0,0
"2025-08-31 00:00:00",0,0,0,0,0,0,0
"2025-09-01 00:00:00",0,0,0,0,0,0,0
"2025-09-02 00:00:00",0,0,0,0,0,0,0
"2025-09-03 00:00:00",0,0,0,0,0,0,0
"2025-09-04 00:00:00",0,0,0,0,0,0,0
"2025-09-05 00:00:00",0,0,0,0,0,0,0
"2025-09-06 00:00:00",0,0,0,0,0,0,0
"2025-09-07 00:00:00",0,0,0,0,0,0,0
"2025-09-08 00:00:00",0,0,0,0,0,0,0
"2025-09-09 00:00:00",0,0,0,0,0,0,0
"2025-09-10 00:00:00",0,0,0,0,0,0,0
"2025-09-11 00:00:00",0,0,0,0,0,0,12731.142857142857
"2025-09-12 00:00:00",0,0,116,0,0,16.571428571428573,12731.142857142857
"2025-09-13 00:00:00",0,0,0,0,0,16.571428571428573,12731.142857142857
"2025-09-14 00:00:00",0,0,0,0,0,16.571428571428573,12731.142857142857
"2025-09-15 00:00:00",0,0,0,0,0,16.571428571428573,12731.142857142857
"2025-09-16 00:00:00",0,0,0,0,0,16.571428571428573,12731.142857142857
"2025-09-17 00:00:00",0,0,0,0,0,16.571428571428573,18811.85714285714
"2025-09-18 00:00:00",0,0,0,0,0,16.571428571428573,6080.714285714285
"2025-09-19 00:00:00",0,0,0,0,0,0,6080.714285714285
"2025-09-20 00:00:00",0,0,0,0,0,0,6080.714285714285
"2025-09-21 00:00:00",0,0,0,0,0,0,6080.714285714285
"2025-09-22 00:00:00",0,0,0,0,0,0,6080.714285714285
"2025-09-23 00:00:00",0,0,261,0,0,37.285714285714285,6080.714285714285
"2025-09-24 00:00:00",0,0,0,0,0,37.285714285714285,0
"2025-09-25 00:00:00",0,0,0,0,72839,10442.857142857143,0
"2025-09-26 00:00:00",0,0,0,0,0,10442.857142857143,10405.57142857143
"2025-09-27 00:00:00",0,0,0,0,0,10442.857142857143,16486.285714285714
"2025-09-28 00:00:00",0,0,0,0,0,10442.857142857143,16486.285714285714
"2025-09-29 00:00:00",0,0,0,0,0,10442.857142857143,16486.285714285714
"2025-09-30 00:00:00",0,0,0,0,0,10405.57142857143,16486.285714285714
"2025-10-01 00:00:00",0,0,0,0,0,10405.57142857143,16486.285714285714
"2025-10-02 00:00:00",0,0,261,0,0,37.285714285714285,16486.285714285714
"2025-10-03 00:00:00",0,0,0,0,0,37.285714285714285,6080.714285714285
"2025-10-04 00:00:00",0,0,0,0,0,37.285714285714285,0
"2025-10-05 00:00:00",0,0,0,0,0,37.285714285714285,0
"2025-10-06 00:00:00",0,0,0,0,0,37.285714285714285,0
"2025-10-07 00:00:00",0,0,0,0,0,37.285714285714285,0
"2025-10-08 00:00:00",0,0,0,0,0,37.285714285714285,0
"2025-10-09 00:00:00",0,0,0,0,0,0,0
"2025-10-10 00:00:00",0,0,0,0,0,0,0
"2025-10-11 00:00:00",0,0,0,0,0,0,0
"2025-10-12 00:00:00",0,0,0,0,0,0,0
"2025-10-13 00:00:00",0,0,0,0,145679,20811.285714285714,0
"2025-10-14 00:00:00",0,0,0,0,0,20811.285714285714,0
"2025-10-15 00:00:00",0,0,261,0,0,20848.571428571428,0
"2025-10-16 00:00:00",0,0,0,0,0,20848.571428571428,0
"2025-10-17 00:00:00",0,0,0,0,0,20848.571428571428,0
"2025-10-18 00:00:00",0,0,0,0,0,20848.571428571428,0
"2025-10-19 00:00:00",0,0,0,0,0,20848.571428571428,0
"2025-10-20 00:00:00",0,0,0,0,0,37.285714285714285,0
"2025-10-21 00:00:00",0,0,0,0,0,37.285714285714285,0
"2025-10-22 00:00:00",0,0,0,0,0,0,0
"2025-10-23 00:00:00",0,0,0,0,0,0,0
"2025-10-24 00:00:00",0,0,0,0,0,0,0
"2025-10-25 00:00:00",0,0,0,0,0,0,0
"2025-10-26 00:00:00",0,0,0,0,0,0,0
"2025-10-27 00:00:00",0,0,0,0,0,0,0
"2025-10-28 00:00:00",0,0,0,0,0,0,0
"2025-10-29 00:00:00",0,0,0,0,0,0,0
"2025-10-30 00:00:00",0,0,0,0,0,0,0
"2025-10-31 00:00:00",0,0,0,0,0,0,0
"2025-11-01 00:00:00",0,0,0,0,0,0,0
"2025-11-02 00:00:00",0,0,0,0,0,0,0
"2025-11-03 00:00:00",0,0,0,0,0,0,0
"2025-11-04 00:00:00",0,0,0,0,0,0,0
"2025-11-05 00:00:00",0,0,0,0,0,0,0
"2025-11-06 00:00:00",0,0,0,0,0,0,37.285714285714285
"2025-11-07 00:00:00",0,0,0,0,0,0,37.285714285714285
"2025-11-08 00:00:00",0,0,0,0,0,0,37.285714285714285
"2025-11-09 00:00:00",0,0,0,0,0,0,37.285714285714285
"2025-11-10 00:00:00",0,0,0,0,0,0,37.285714285714285
"2025-11-11 00:00:00",0,0,0,0,0,0,37.285714285714285
"2025-11-12 00:00:00",0,0,0,0,0,0,37.285714285714285
"2025-11-13 00:00:00",0,0,0,0,0,0,0
"2025-11-14 00:00:00",0,0,0,0,0,0,0
"2025-11-15 00:00:00",0,0,0,0,0,0,0
"2025-11-16 00:00:00",0,0,0,0,0,0,0
"2025-11-17 00:00:00",0,0,0,0,0,0,0
"2025-11-18 00:00:00",0,0,0,0,0,0,0
"2025-11-19 00:00:00",0,0,0,0,0,0,0
"2025-11-20 00:00:00",0,0,0,0,0,0,0
"2025-11-21 00:00:00",0,0,0,0,0,0,0
"2025-11-22 00:00:00",0,0,0,0,0,0,0
"2025-11-23 00:00:00",0,0,0,0,0,0,0
"2025-11-24 00:00:00",0,0,0,0,0,0,0
"2025-11-25 00:00:00",0,0,0,0,0,0,0
"2025-11-26 00:00:00",0,0,0,0,0,0,0
"2025-11-27 00:00:00",0,0,0,0,0,0,0
"2025-11-28 00:00:00",0,0,0,0,0,0,0
"2025-11-29 00:00:00",0,0,0,0,0,0,0
"2025-11-30 00:00:00",0,0,0,0,0,0,0
"2025-12-01 00:00:00",0,0,0,0,0,0,0
"2025-12-02 00:00:00",0,0,0,0,0,0,0
"2025-12-03 00:00:00",0,0,0,0,0,0,0
"2025-12-04 00:00:00",0,0,0,0,0,0,0
"2025-12-05 00:00:00",0,0,0,0,0,0,0
"2025-12-06 00:00:00",0,0,0,0,0,0,0
"2025-12-07 00:00:00",0,0,0,0,0,0,0
"2025-12-08 00:00:00",0,0,0,0,0,0,0
"2025-12-09 00:00:00",0,0,0,0,0,0,0
"2025-12-10 00:00:00",0,0,0,0,0,0,0
"2025-12-11 00:00:00",0,0,0,0,0,0,0
"2025-12-12 00:00:00",0,0,0,0,0,0,0
"2025-12-13 00:00:00",0,0,0,0,0,0,0
"2025-12-14 00:00:00",0,0,0,0,0,0,10442.857142857143
"2025-12-15 00:00:00",0,0,0,0,0,0,10442.857142857143
"2025-12-16 00:00:00",0,0,0,0,0,0,10442.857142857143
"2025-12-17 00:00:00",0,0,0,0,0,0,10442.857142857143
"2025-12-18 00:00:00",0,0,0,0,0,0,10442.857142857143
"2025-12-19 00:00:00",0,0,0,0,0,0,10442.857142857143
"2025-12-20 00:00:00",0,0,0,0,0,0,10442.857142857143
"2025-12-21 00:00:00",0,0,0,0,0,0,0
"2025-12-22 00:00:00",0,0,0,0,0,0,0
"2025-12-23 00:00:00",0,0,0,0,0,0,0
"2025-12-24 00:00:00",0,0,0,0,0,0,0
"2025-12-25 00:00:00",0,0,0,0,0,0,0
"2025-12-26 00:00:00",0,0,0,0,0,0,0
"2025-12-27 00:00:00",0,0,0,0,0,0,10405.57142857143
"2025-12-28 00:00:00",0,0,261,0,0,37.285714285714285,10442.857142857143
"2025-12-29 00:00:00",0,0,0,0,0,37.285714285714285,10442.857142857143
"2025-12-30 00:00:00",0,0,0,0,0,37.285714285714285,10442.857142857143
"2025-12-31 00:00:00",0,0,0,0,0,37.285714285714285,10442.857142857143
"2026-01-01 00:00:00",0,0,0,0,0,37.285714285714285,10442.857142857143
"2026-01-02 00:00:00",0,0,0,0,0,37.285714285714285,10442.857142857143
"2026-01-03 00:00:00",0,0,0,0,0,37.285714285714285,37.285714285714285
"2026-01-04 00:00:00",0,0,0,0,0,0,0
"2026-01-05 00:00:00",0,0,0,0,0,0,0
"2026-01-06 00:00:00",0,0,0,0,0,0,0
"2026-01-07 00:00:00",0,0,0,0,0,0,0
"2026-01-08 00:00:00",0,0,0,0,0,0,0
"2026-01-09 00:00:00",0,0,0,0,0,0,0
"2026-01-10 00:00:00",0,0,0,0,0,0,0
"2026-01-11 00:00:00",0,0,0,0,0,0,0
"2026-01-12 00:00:00",0,0,0,0,0,0,0
"2026-01-13 00:00:00",0,0,0,0,0,0,0
"2026-01-14 00:00:00",0,0,0,0,0,0,0
"2026-01-15 00:00:00",0,0,0,0,0,0,0
"2026-01-16 00:00:00",0,0,0,0,0,0,0
"2026-01-17 00:00:00",0,0,0,0,0,0,0
"2026-01-18 00:00:00",0,0,0,0,0,0,0
"2026-01-19 00:00:00",0,0,0,0,0,0,0
"2026-01-20 00:00:00",0,0,0,0,0,0,0
"2026-01-21 00:00:00",0,0,0,0,0,0,0
"2026-01-22 00:00:00",0,0,0,0,0,0,0
"2026-01-23 00:00:00",0,0,261,0,0,37.285714285714285,0
"2026-01-24 00:00:00",0,0,0,0,0,37.285714285714285,0
"2026-01-25 00:00:00",0,0,0,0,0,37.285714285714285,0
"2026-01-26 00:00:00",0,0,0,0,0,37.285714285714285,0
"2026-01-27 00:00:00",0,0,0,0,0,37.285714285714285,0
"2026-01-28 00:00:00",0,0,0,0,0,37.285714285714285,0
"2026-01-29 00:00:00",0,0,0,0,0,37.285714285714285,0
"2026-01-30 00:00:00",0,0,0,0,0,0,0
"2026-01-31 00:00:00",0,0,0,0,0,0,0
"2026-02-01 00:00:00",0,0,0,0,0,0,0
"2026-02-02 00:00:00",0,0,0,0,0,0,0
"2026-02-03 00:00:00",0,0,0,0,0,0,0
"2026-02-04 00:00:00",0,0,0,0,0,0,0
"2026-02-05 00:00:00",0,0,0,0,0,0,0
"2026-02-06 00:00:00",0,0,0,0,0,0,0
"2026-02-07 00:00:00",0,0,0,0,0,0,0
"2026-02-08 00:00:00",0,0,0,0,0,0,0
"2026-02-09 00:00:00",0,0,0,0,0,0,0
"2026-02-10 00:00:00",0,0,0,0,0,0,0
"2026-02-11 00:00:00",0,0,0,0,0,0,0
"2026-02-12 00:00:00",0,0,0,0,0,0,0
"2026-02-13 00:00:00",0,0,0,0,0,0,0
"2026-02-14 00:00:00",0,0,0,0,0,0,0
"2026-02-15 00:00:00",0,0,0,0,0,0,0
"2026-02-16 00:00:00",0,0,0,0,0,0,0
"2026-02-17 00:00:00",0,0,0,0,0,0,0
"2026-02-18 00:00:00",0,0,0,0,0,0,0
"2026-02-19 00:00:00",0,0,0,0,0,0,0
"2026-02-20 00:00:00",0,0,0,0,0,0,0
"2026-02-21 00:00:00",0,0,0,0,0,0,0
"2026-02-22 00:00:00",0,0,0,0,0,0,0
"2026-02-23 00:00:00",0,0,0,0,0,0,0
"2026-02-24 00:00:00",0,0,0,0,0,0,0
"2026-02-25 00:00:00",0,0,0,0,0,0,0
"2026-02-26 00:00:00",0,0,0,0,0,0,0
"2026-02-27 00:00:00",0,0,0,0,0,0,0
"2026-02-28 00:00:00",0,0,0,0,0,0,0
"2026-03-01 00:00:00",0,0,0,0,0,0,0
"2026-03-02 00:00:00",0,0,0,0,0,0,0
"2026-03-03 00:00:00",0,0,0,0,0,0,0
"2026-03-04 00:00:00",0,0,0,0,0,0,0
"2026-03-05 00:00:00",0,0,0,0,0,0,0
"2026-03-06 00:00:00",0,0,0,0,0,0,0
"2026-03-07 00:00:00",0,0,0,0,0,0,0
"2026-03-08 00:00:00",0,0,0,0,0,0,0
"2026-03-09 00:00:00",0,0,0,0,0,0,0
"2026-03-10 00:00:00",0,0,0,0,0,0,0
"2026-03-11 00:00:00",0,0,0,0,5496,785.1428571428571,0
"2026-03-12 00:00:00",0,0,0,0,0,785.1428571428571,0
"2026-03-13 00:00:00",0,0,0,0,0,785.1428571428571,0
"2026-03-14 00:00:00",0,0,0,0,0,785.1428571428571,0
"2026-03-15 00:00:00",0,0,0,0,0,785.1428571428571,0
"2026-03-16 00:00:00",0,0,0,0,0,785.1428571428571,0
"2026-03-17 00:00:00",0,0,0,0,0,785.1428571428571,0
"2026-03-18 00:00:00",0,0,0,0,0,0,0
"2026-03-19 00:00:00",0,0,0,0,0,0,0
"2026-03-20 00:00:00",0,0,0,0,0,0,0
"2026-03-21 00:00:00",0,0,0,0,0,0,0
"2026-03-22 00:00:00",0,0,0,0,0,0,0
"2026-03-23 00:00:00",0,0,0,0,0,0,0
"2026-03-24 00:00:00",0,0,0,0,0,0,0
"2026-03-25 00:00:00",0,0,0,0,0,0,0
"2026-03-26 00:00:00",0,0,0,0,0,0,0
"2026-03-27 00:00:00",0,0,0,0,0,0,0
"2026-03-28 00:00:00",0,0,0,0,0,0,0
"2026-03-29 00:00:00",0,0,0,0,0,0,0
"2026-03-30 00:00:00",0,0,0,0,0,0,0
"2026-03-31 00:00:00",0,0,0,0,0,0,0
"2026-04-01 00:00:00",0,0,0,0,0,0,0
"2026-04-02 00:00:00",0,0,0,0,0,0,0
"2026-04-03 00:00:00",0,0,0,0,0,0,0
"2026-04-04 00:00:00",0,0,0,0,0,0,0
"2026-04-05 00:00:00",0,0,0,0,0,0,0
"2026-04-06 00:00:00",0,0,0,0,0,0,0
"2026-04-07 00:00:00",0,0,0,0,0,0,0
"2026-04-08 00:00:00",0,0,0,0,103536,14790.857142857143,0
"2026-04-09 00:00:00",0,0,0,0,0,14790.857142857143,0
"2026-04-10 00:00:00",0,0,0,0,0,14790.857142857143,0
"2026-04-11 00:00:00",0,0,0,0,0,14790.857142857143,0
"2026-04-12 00:00:00",0,0,0,0,0,14790.857142857143,0
"2026-04-13 00:00:00",0,0,0,0,0,14790.857142857143,0
"2026-04-14 00:00:00",0,0,0,0,0,14790.857142857143,37.285714285714285
"2026-04-15 00:00:00",0,0,0,0,0,0,37.285714285714285
"2026-04-16 00:00:00",0,0,0,0,0,0,37.285714285714285
"2026-04-17 00:00:00",0,0,0,0,0,0,37.285714285714285
"2026-04-18 00:00:00",0,0,0,0,0,0,37.285714285714285
"2026-04-19 00:00:00",0,0,0,0,0,0,37.285714285714285
"2026-04-20 00:00:00",0,0,0,0,0,0,37.285714285714285
"2026-04-21 00:00:00",0,0,0,0,0,0,0
"2026-04-22 00:00:00",0,0,0,0,0,0,0
"2026-04-23 00:00:00",0,0,0,0,0,0,0
"2026-04-24 00:00:00",0,0,0,0,0,0,0
"2026-04-25 00:00:00",0,0,0,0,0,0,0
"2026-04-26 00:00:00",0,0,0,0,0,0,0
"2026-04-27 00:00:00",0,0,0,0,0,0,0
"2026-04-28 00:00:00",0,0,0,0,0,0,0
"2026-04-29 00:00:00",0,0,0,0,0,0,0
"2026-04-30 00:00:00",0,0,0,0,0,0,0
"2026-05-01 00:00:00",0,0,0,0,0,0,0
"2026-05-02 00:00:00",0,0,0,0,0,0,0
"2026-05-03 00:00:00",0,0,0,0,0,0,0
"2026-05-04 00:00:00",0,0,0,0,0,0,0
"2026-05-05 00:00:00",0,0,0,0,0,0,0
"2026-05-06 00:00:00",0,0,0,0,0,0,0
"2026-05-07 00:00:00",0,0,0,0,0,0,0
"2026-05-08 00:00:00",0,0,0,0,0,0,103.42857142857143
"2026-05-09 00:00:00",0,0,0,0,0,0,103.42857142857143
"2026-05-10 00:00:00",0,0,0,0,0,0,103.42857142857143
"2026-05-11 00:00:00",0,0,0,0,0,0,103.42857142857143
"2026-05-12 00:00:00",0,0,0,0,0,0,103.42857142857143
"2026-05-13 00:00:00",0,0,0,0,0,0,103.42857142857143
"2026-05-14 00:00:00",0,0,0,0,0,0,103.42857142857143
"2026-05-15 00:00:00",0,0,0,0,0,0,0
"2026-05-16 00:00:00",0,0,0,0,0,0,0
"2026-05-17 00:00:00",0,0,0,0,0,0,0
"2026-05-18 00:00:00",0,0,0,0,0,0,0
"2026-05-19 00:00:00",0,0,0,0,0,0,0
"2026-05-20 00:00:00",0,0,0,0,0,0,0
"2026-05-21 00:00:00",0,0,0,0,0,0,0
"2026-05-22 00:00:00",0,0,0,0,0,0,0
"2026-05-23 00:00:00",0,0,0,0,0,0,0
"2026-05-24 00:00:00",0,0,0,0,0,0,0
"2026-05-25 00:00:00",0,0,0,0,0,0,0
"2026-05-26 00:00:00",0,0,0,0,0,0,0
"2026-05-27 00:00:00",0,0,0,0,0,0,0
"2026-05-28 00:00:00",0,0,0,0,0,0,0
"2026-05-29 00:00:00",0,0,0,0,0,0,0
"2026-05-30 00:00:00",0,0,0,0,0,0,37.285714285714285
"2026-05-31 00:00:00",0,0,0,0,0,0,37.285714285714285
"2026-06-01 00:00:00",0,0,0,0,0,0,37.285714285714285
"2026-06-02 00:00:00",0,0,0,0,0,0,37.285714285714285
"2026-06-03 00:00:00",0,0,0,0,0,0,37.285714285714285
"2026-06-04 00:00:00",0,0,0,0,0,0,37.285714285714285
"2026-06-05 00:00:00",0,0,0,0,0,0,37.285714285714285
"2026-06-06 00:00:00",0,0,0,0,0,0,0
"2026-06-07 00:00:00",0,0,0,0,0,0,0
"2026-06-08 00:00:00",0,0,0,0,0,0,0
"2026-06-09 00:00:00",0,0,0,0,0,0,0
"2026-06-10 00:00:00",0,0,0,0,0,0,0
"2026-06-11 00:00:00",0,0,0,0,0,0,0
"2026-06-12 00:00:00",0,0,0,0,0,0,0
"2026-06-13 00:00:00",0,0,0,0,0,0,0
"2026-06-14 00:00:00",0,0,0,0,0,0,0
"2026-06-15 00:00:00",0,0,0,0,0,0,0
"2026-06-16 00:00:00",0,0,0,0,0,0,103.42857142857143
"2026-06-17 00:00:00",0,0,0,0,0,0,140.71428571428572
"2026-06-18 00:00:00",0,0,0,0,0,0,140.71428571428572
"2026-06-19 00:00:00",0,0,0,0,72839,10405.57142857143,140.71428571428572
"2026-06-20 00:00:00",0,0,0,0,72839,20811.14285714286,140.71428571428572
"2026-06-21 00:00:00",0,0,0,0,0,20811.14285714286,140.71428571428572
"2026-06-22 00:00:00",0,0,0,0,0,20811.14285714286,140.71428571428572
"2026-06-23 00:00:00",0,0,0,0,0,20811.14285714286,37.285714285714285
"2026-06-24 00:00:00",0,0,0,0,0,20811.14285714286,0
"2026-06-25 00:00:00",0,0,0,0,0,20811.14285714286,0
"2026-06-26 00:00:00",0,0,0,0,0,10405.57142857143,0
"2026-06-27 00:00:00",0,0,0,0,0,0,0
"2026-06-28 00:00:00",0,0,0,0,1569,224.14285714285714,0
"2026-06-29 00:00:00",0,0,0,0,0,224.14285714285714,0
"2026-06-30 00:00:00",0,0,0,0,44662,6604.428571428572,0
"2026-07-01 00:00:00",0,0,0,0,0,6604.428571428572,0
"2026-07-02 00:00:00",0,0,0,0,0,6604.428571428572,0
"2026-07-03 00:00:00",0,0,0,0,0,6604.428571428572,0