"DateTime","Container","Dry Bulk","General Cargo","Roll-on/roll-off","Tanker","7-day Moving Average","Prior Year: 7-day Moving Average"
"2019-01-01 00:00:00",143140,0,9857,2058,57984,,
"2019-01-02 00:00:00",53882,0,9385,0,57922,,
"2019-01-03 00:00:00",185353,0,7897,5507,92387,,
"2019-01-04 00:00:00",166695,0,5987,1189,125929,,
"2019-01-05 00:00:00",209553,0,1091,3567,158755,,
"2019-01-06 00:00:00",183180,1199,3210,2171,148576,,
"2019-01-07 00:00:00",86506,0,7720,4322,428235,309038.14285714284,
"2019-01-08 00:00:00",114248,0,6551,6235,97433,310670.71428571426,
"2019-01-09 00:00:00",127469,0,6122,1189,121104,329913,
"2019-01-10 00:00:00",287993,0,7283,4471,150964,352708.4285714286,
"2019-01-11 00:00:00",213172,0,9061,3567,118686,359092.28571428574,
"2019-01-12 00:00:00",256433,0,7791,2378,101254,358362.14285714284,
"2019-01-13 00:00:00",78857,38745,6626,3552,82252,340033,
"2019-01-14 00:00:00",170175,0,5621,1823,100703,304538.5714285714,
"2019-01-15 00:00:00",103207,0,12936,2378,205611,318776.4285714286,
"2019-01-16 00:00:00",207245,1199,11042,4756,93414,327601.14285714284,
"2019-01-17 00:00:00",78056,0,19641,8957,328433,325369.14285714284,
"2019-01-18 00:00:00",368574,0,7100,5655,147274,351671.5714285714,
"2019-01-19 00:00:00",268745,0,9852,2378,70611,349347.4285714286,
"2019-01-20 00:00:00",149160,0,13571,3907,230772,376115.5714285714,
"2019-01-21 00:00:00",277464,0,16493,2378,140832,398807.71428571426,
"2019-01-22 00:00:00",140966,0,5310,1895,168323,397716.71428571426,
"2019-01-23 00:00:00",72153,0,9725,6907,343886,414147.28571428574,
"2019-01-24 00:00:00",194958,0,11381,8406,130588,401325.14285714284,
"2019-01-25 00:00:00",249111,57517,11163,4756,107399,387231.4285714286,
"2019-01-26 00:00:00",235731,0,8555,3970,159471,395251.4285714286,
"2019-01-27 00:00:00",368065,15983,2291,2490,79953,405447.5714285714,
"2019-01-28 00:00:00",184364,1199,4240,3646,142133,390935.4285714286,
"2019-01-29 00:00:00",93086,30036,6336,4218,109685,380487.85714285716,
"2019-01-30 00:00:00",128923,3130,7634,2378,115936,355534.85714285716,
"2019-01-31 00:00:00",121739,1199,12306,1189,377990,379690.71428571426,
"2019-02-01 00:00:00",120674,0,11455,2378,252538,373561.85714285716,
"2019-02-02 00:00:00",250714,0,2824,2403,112234,367911.71428571426,
"2019-02-03 00:00:00",132588,0,8692,5201,91916,334999.4285714286,
"2019-02-04 00:00:00",133428,0,7240,4256,52186,315217.71428571426,
"2019-02-05 00:00:00",273676,27935,16001,2378,107060,341459.14285714284,
"2019-02-06 00:00:00",160932,43242,5941,4658,307345,379190.14285714284,
"2019-02-07 00:00:00",118742,0,14093,6322,509615,398382.85714285716,
"2019-02-08 00:00:00",50033,0,6709,3567,186285,378318.28571428574,
"2019-02-09 00:00:00",211882,0,6262,2748,124082,375003.71428571426,
"2019-02-10 00:00:00",372034,0,11317,2614,44201,402399.4285714286,
"2019-02-11 00:00:00",124013,0,5328,10248,143792,414723.71428571426,
"2019-02-12 00:00:00",116153,0,9680,3759,53524,379875.71428571426,
"2019-02-13 00:00:00",88783,0,9897,2378,70806,329839.4285714286,
"2019-02-14 00:00:00",136192,0,4968,6596,111777,274233.85714285716,
"2019-02-15 00:00:00",64997,0,21640,4728,99307,266245.14285714284,
"2019-02-16 00:00:00",265159,0,2603,2378,275195,294868.28571428574,
"2019-02-17 00:00:00",204761,4086,1376,3823,266524,302069,
"2019-02-18 00:00:00",210703,1199,6470,6518,95693,307383.71428571426,
"2019-02-19 00:00:00",207082,3130,12079,4448,110075,329340.71428571426,
"2019-02-20 00:00:00",75539,52124,9427,1624,175293,349647.14285714284,
"2019-02-21 00:00:00",196114,22058,6474,6331,360534,397072.4285714286,
"2019-02-22 00:00:00",211373,39975,3592,7135,87302,419744.5714285714,
"2019-02-23 00:00:00",292444,28099,10026,1189,428525,450451.28571428574,
"2019-02-24 00:00:00",238827,0,11529,6219,468862,485432.14285714284,
"2019-02-25 00:00:00",217384,0,13484,4850,96341,487071.71428571426,
"2019-02-26 00:00:00",141926,1199,13425,3638,136527,481343.28571428574,
"2019-02-27 00:00:00",69852,0,13391,4756,79304,460385.28571428574,
"2019-02-28 00:00:00",48515,0,9387,1189,258472,421249.85714285716,
"2019-03-01 00:00:00",78564,30510,11355,2378,73685,399409.14285714284,
"2019-03-02 00:00:00",213243,0,5908,3537,120798,339866.71428571426,
"2019-03-03 00:00:00",135754,0,6917,1189,106730,272031.4285714286,
"2019-03-04 00:00:00",257152,4021,5036,4576,212619,293652.14285714284,
"2019-03-05 00:00:00",168977,0,9982,2641,250533,312997.4285714286,
"2019-03-06 00:00:00",68267,0,9974,7918,260026,338552,
"2019-03-07 00:00:00",91017,0,7690,0,119973,324425.85714285716,
"2019-03-08 00:00:00",134481,0,6316,6840,66393,326931.14285714284,
"2019-03-09 00:00:00",143659,41688,6843,6558,116712,322927.4285714286,
"2019-03-10 00:00:00",82592,0,2041,1189,161456,322454.14285714284,
"2019-03-11 00:00:00",188471,1199,2970,9268,50104,289397.85714285716,
"2019-03-12 00:00:00",57250,0,11448,4799,347952,287871.5714285714,
"2019-03-13 00:00:00",116067,3130,11143,5972,92341,271081.28571428574,
"2019-03-14 00:00:00",98125,7617,10124,2378,137363,276356.5714285714,
"2019-03-15 00:00:00",162830,0,4978,3567,110459,286043,
"2019-03-16 00:00:00",42660,0,2676,3583,168469,272032.71428571426,
"2019-03-17 00:00:00",202248,0,8245,0,110192,282519.4285714286,
"2019-03-18 00:00:00",215321,0,5794,7231,86242,291458.85714285716,
"2019-03-19 00:00:00",121506,3130,6856,0,154153,272058.28571428574,
"2019-03-20 00:00:00",71237,1199,18541,3567,75930,263747.14285714284,
"2019-03-21 00:00:00",130949,0,9620,1463,351867,297789,
"2019-03-22 00:00:00",279130,0,6054,3567,72434,309124.71428571426,
"2019-03-23 00:00:00",174096,0,4674,3647,86492,316485,
"2019-03-24 00:00:00",123789,0,20016,6962,65404,301554.5714285714,
"2019-03-25 00:00:00",385379,1385,10412,6237,73547,324750.71428571426,
"2019-03-26 00:00:00",201673,42014,7897,2378,201472,349006.4285714286,
"2019-03-27 00:00:00",96157,0,10879,2378,94422,353772.4285714286,
"2019-03-28 00:00:00",259213,3130,11445,5040,129643,341568.4285714286,
"2019-03-29 00:00:00",88719,0,11105,3071,155218,326844,
"2019-03-30 00:00:00",122595,44566,10830,3960,120296,331606.71428571426,
"2019-03-31 00:00:00",223357,0,1512,2051,94786,346683,
"2019-04-01 00:00:00",236202,0,6600,7460,125733,332259.28571428574,
"2019-04-02 00:00:00",96804,47750,6691,5461,140846,309704.85714285716,
"2019-04-03 00:00:00",27614,52040,9408,10156,227790,327300.85714285716,
"2019-04-04 00:00:00",179075,0,8697,8721,339996,345589.14285714284,
"2019-04-05 00:00:00",265816,1581,4626,5805,90545,361340.5714285714,
"2019-04-06 00:00:00",274605,30654,5081,6932,254478,399841.14285714284,
"2019-04-07 00:00:00",142539,0,11112,1648,68121,385800.4285714286,
"2019-04-08 00:00:00",101133,50461,6804,6144,92281,368776.14285714284,
"2019-04-09 00:00:00",88718,0,9610,5729,86625,353508.85714285716,
"2019-04-10 00:00:00",67840,0,14166,8178,192327,347152,
"2019-04-11 00:00:00",95231,33452,10139,10490,533377,368037.85714285716,
"2019-04-12 00:00:00",217982,1199,4200,5152,254946,384481.5714285714,
"2019-04-13 00:00:00",150870,0,7751,2193,149273,347100.71428571426,
"2019-04-14 00:00:00",143323,72644,5951,1648,62243,356013.5714285714,
"2019-04-15 00:00:00",232304,0,6421,6347,371796,407448.4285714286,
"2019-04-16 00:00:00",312782,0,8329,6897,96297,440823,
"2019-04-17 00:00:00",75116,0,9660,5332,84801,425451.4285714286,
"2019-04-18 00:00:00",93684,0,6965,7115,81253,354926.71428571426,
"2019-04-19 00:00:00",429141,0,8636,6599,73860,359891.85714285716,
"2019-04-20 00:00:00",186862,0,3571,2193,101305,357583.85714285716,
"2019-04-21 00:00:00",90621,0,7529,404,84315,342878,
"2019-04-22 00:00:00",198268,33551,4832,1922,134769,308088.5714285714,
"2019-04-23 00:00:00",135041,1199,24834,1711,216340,301634.4285714286,
"2019-04-24 00:00:00",71271,49253,10109,6686,131565,315059.4285714286,
"2019-04-25 00:00:00",252233,7184,3468,3236,88207,338675.28571428574,
"2019-04-26 00:00:00",264810,0,10914,6345,428413,366139,
"2019-04-27 00:00:00",202029,0,2787,840,236994,387384.71428571426,
"2019-04-28 00:00:00",69397,3940,9542,1214,104960,388268,
"2019-04-29 00:00:00",218616,0,16978,8639,54039,377543.71428571426,
"2019-04-30 00:00:00",28464,0,693,2569,14586,329998.85714285716,
"2019-05-01 00:00:00",136590,165936,9346,7374,255246,373657.14285714284,
"2019-05-02 00:00:00",79504,4329,10170,6087,63687,346435.5714285714,
"2019-05-03 00:00:00",163126,0,10511,5370,87070,282949.14285714284,
"2019-05-04 00:00:00",107386,0,3427,7677,362210,288384.71428571426,
"2019-05-05 00:00:00",214591,0,823,1545,50434,299576.28571428574,
"2019-05-06 00:00:00",68913,0,9448,7997,111560,285239.85714285716,
"2019-05-07 00:00:00",65026,0,10305,3121,137701,309502.85714285716,
"2019-05-08 00:00:00",182020,0,3497,10565,41681,261398.57142857142,
"2019-05-09 00:00:00",206800,0,5547,7510,144059,289989.71428571426,
"2019-05-10 00:00:00",110219,42713,8252,9348,122165,293792.71428571426,
"2019-05-11 00:00:00",266185,39987,5334,2800,109298,285636.28571428574,
"2019-05-12 00:00:00",266720,18701,5844,5100,96874,303614.28571428574,
"2019-05-13 00:00:00",125143,0,7615,6944,192915,322857.14285714284,
"2019-05-14 00:00:00",228789,0,7576,4261,65154,335661,
"2019-05-15 00:00:00",85229,0,4223,8684,67034,325290.5714285714,
"2019-05-16 00:00:00",69199,0,4842,1251,109374,299683.28571428574,
"2019-05-17 00:00:00",119352,47397,8310,6118,66352,293230.71428571426,
"2019-05-18 00:00:00",216980,0,4366,2378,250369,300443.28571428574,
"2019-05-19 00:00:00",287093,0,3217,0,77965,296876.85714285716,
"2019-05-20 00:00:00",153255,1199,7664,5601,218376,304516.71428571426,
"2019-05-21 00:00:00",98596,1587,5149,5475,69063,286529.5714285714,
"2019-05-22 00:00:00",88338,0,9774,13193,140562,298915,
"2019-05-23 00:00:00",98865,0,4183,3640,78377,298972.14285714284,
"2019-05-24 00:00:00",221512,0,6757,6841,438345,359818.71428571426,
"2019-05-25 00:00:00",280845,0,3864,1926,51474,340392.5714285714,
"2019-05-26 00:00:00",276638,0,4188,1281,118069,344950,
"2019-05-27 00:00:00",167795,34252,11178,4061,99356,335028,
"2019-05-28 00:00:00",250768,0,6400,1922,44577,352713.4285714286,
"2019-05-29 00:00:00",151068,0,10525,9438,106370,356361,
"2019-05-30 00:00:00",65573,0,7494,1947,67874,350335.85714285716,
"2019-05-31 00:00:00",96192,0,2780,5945,166072,292840.85714285716,
"2019-06-01 00:00:00",221183,10932,2970,1898,122050,295829.85714285716,
"2019-06-02 00:00:00",214121,15699,7622,3784,208482,302905.85714285716,
"2019-06-03 00:00:00",107668,5349,4576,8597,67051,285277.14285714284,
"2019-06-04 00:00:00",81928,3130,8988,3282,66538,265305.4285714286,
"2019-06-05 00:00:00",152927,405,17009,11370,390278,307389.71428571426,
"2019-06-06 00:00:00",236237,0,7403,1720,185413,348515.85714285716,
"2019-06-07 00:00:00",289745,13181,11513,8031,107076,371166.71428571426,
"2019-06-08 00:00:00",22951,0,2047,2473,65263,333124,
"2019-06-09 00:00:00",120883,0,5545,1281,87487,299622.28571428574,
"2019-06-10 00:00:00",275512,1199,3319,3296,94204,325949.28571428574,
"2019-06-11 00:00:00",67765,0,4833,4201,34727,318472.14285714284,
"2019-06-12 00:00:00",167051,0,13833,6729,219659,294941,
"2019-06-13 00:00:00",121974,0,6910,4145,86672,264788.14285714284,
"2019-06-14 00:00:00",215573,0,15722,6099,237910,271325,
"2019-06-15 00:00:00",82660,42629,2518,1189,110806,292334.85714285716,
"2019-06-16 00:00:00",463062,0,1239,7647,76445,339934.28571428574,
"2019-06-17 00:00:00",56564,0,6416,7139,95756,309697.85714285716,
"2019-06-18 00:00:00",93585,0,5063,2068,68525,317942.85714285716,
"2019-06-19 00:00:00",86284,0,23270,9776,66847,286357.71428571426,
"2019-06-20 00:00:00",135948,0,15121,7143,211647,307808.71428571426,
"2019-06-21 00:00:00",165018,0,5929,5738,119545,282226.5714285714,
"2019-06-22 00:00:00",276591,0,2195,3590,170309,312638.4285714286,
"2019-06-23 00:00:00",210290,0,4869,5289,132310,284690.5714285714,
"2019-06-24 00:00:00",139964,0,9329,5120,141091,303208.85714285716,
"2019-06-25 00:00:00",89880,0,7709,3500,140198,313501.28571428574,
"2019-06-26 00:00:00",43770,0,13529,10216,131906,315393.28571428574,
"2019-06-27 00:00:00",253259,15544,10926,4013,85877,315359.14285714284,
"2019-06-28 00:00:00",94255,0,10047,5583,164834,312286.14285714284,
"2019-06-29 00:00:00",219915,0,7126,1189,204284,309404.5714285714,
"2019-06-30 00:00:00",241756,44044,9483,2495,181539,327484.5714285714,
"2019-07-01 00:00:00",100019,0,6774,7746,97329,315536.5714285714,
"2019-07-02 00:00:00",191528,0,6539,3586,166077,333599.85714285716,
"2019-07-03 00:00:00",109282,0,4930,10573,149180,344248.85714285716,
"2019-07-04 00:00:00",161302,0,11139,3273,157425,339037.14285714284,
"2019-07-05 00:00:00",96073,0,4671,4524,182777,340941.14285714284,
"2019-07-06 00:00:00",308241,0,2330,2001,162524,347024.28571428574,
"2019-07-07 00:00:00",114055,0,3974,2865,28706,299921.85714285716,
"2019-07-08 00:00:00",134489,40280,7251,4201,82185,307998.85714285716,
"2019-07-09 00:00:00",107212,7184,6961,2748,153730,295156.85714285716,
"2019-07-10 00:00:00",104135,0,8650,9220,98962,287585.85714285716,
"2019-07-11 00:00:00",164925,3130,8096,5592,49262,272995.5714285714,
"2019-07-12 00:00:00",38063,0,11277,4781,162498,262791.5714285714,
"2019-07-13 00:00:00",359604,0,1110,0,107666,261832,
"2019-07-14 00:00:00",242983,0,20293,2375,177870,303820.5714285714,
"2019-07-15 00:00:00",64735,0,5330,11913,142839,297593.5714285714,
"2019-07-16 00:00:00",201713,0,5562,2343,202638,316796.4285714286,
"2019-07-17 00:00:00",155926,0,17188,5216,181144,336583.14285714284,
"2019-07-18 00:00:00",164751,0,11430,2593,211956,359401,
"2019-07-19 00:00:00",150948,0,9704,9133,79489,364066,
"2019-07-20 00:00:00",149883,0,3294,1823,228657,351962.71428571426,
"2019-07-21 00:00:00",125418,0,5165,2053,115477,324047.4285714286,
"2019-07-22 00:00:00",136474,0,4407,7760,128523,331525.4285714286,
"2019-07-23 00:00:00",139780,0,4564,3628,58216,302087.14285714284,
"2019-07-24 00:00:00",100753,0,5885,6002,72184,277137.14285714284,
"2019-07-25 00:00:00",91804,0,10021,3595,221936,268083.71428571426,
"2019-07-26 00:00:00",108710,0,5082,4678,62441,258317.57142857142,
"2019-07-27 00:00:00",223509,3506,5309,2724,164480,260585.14285714287,
"2019-07-28 00:00:00",227050,0,7195,4181,131661,278009.85714285716,
"2019-07-29 00:00:00",238127,0,2859,7528,127381,292114.4285714286,
"2019-07-30 00:00:00",143254,0,12024,808,126682,303054.4285714286,
"2019-07-31 00:00:00",97312,874,9810,9054,137043,312950.14285714284,
"2019-08-01 00:00:00",91401,1381,14860,4862,97495,296184.85714285716,
"2019-08-02 00:00:00",151207,0,5467,7556,101584,308313.85714285716,
"2019-08-03 00:00:00",40484,3130,966,3131,35737,263159.28571428574,
"2019-08-04 00:00:00",176038,0,4497,1648,130873,255012,
"2019-08-05 00:00:00",284119,26880,8615,4564,188930,274613.71428571426,
"2019-08-06 00:00:00",109443,0,17617,7197,71978,263680.14285714284,
"2019-08-07 00:00:00",170236,0,6102,6842,175668,278645.14285714284,
"2019-08-08 00:00:00",155379,0,9256,1284,258837,309324.5714285714,
"2019-08-09 00:00:00",142202,0,9291,2813,67869,303090.5714285714,
"2019-08-10 00:00:00",112753,0,2604,0,92473,320859.28571428574,
"2019-08-11 00:00:00",361866,0,1318,4218,107502,343980.4285714286,
"2019-08-12 00:00:00",137929,1199,12084,4260,155292,315074.28571428574,
"2019-08-13 00:00:00",66864,0,6499,2954,55621,304460.71428571426,
"2019-08-14 00:00:00",124678,0,8162,3924,81434,284367.5714285714,
"2019-08-15 00:00:00",106487,0,7750,3553,135896,259929,
"2019-08-16 00:00:00",109311,0,11234,3004,146318,266742.14285714284,
"2019-08-17 00:00:00",82671,0,3819,2407,44201,256066.42857142858,
"2019-08-18 00:00:00",180631,48661,5381,2694,31908,226691,
"2019-08-19 00:00:00",183767,0,2903,4290,89501,222362,
"2019-08-20 00:00:00",135311,0,10180,5216,85260,237223.14285714287,
"2019-08-21 00:00:00",87494,13000,12515,11885,405762,281860.14285714284,
"2019-08-22 00:00:00",116876,0,12604,1875,154225,286416.4285714286,
"2019-08-23 00:00:00",447803,0,5646,8077,123922,331499.4285714286,
"2019-08-24 00:00:00",91365,5172,3570,2473,101622,341657,
"2019-08-25 00:00:00",195737,0,9153,2772,67462,342492.5714285714,
"2019-08-26 00:00:00",66272,0,7873,5147,95892,327452.85714285716,
"2019-08-27 00:00:00",128171,0,5946,3118,99654,327584.71428571426,
"2019-08-28 00:00:00",209582,29872,17203,8690,90156,302563,
"2019-08-29 00:00:00",102385,0,12595,4462,169903,303100.85714285716,
"2019-08-30 00:00:00",168062,0,5920,10838,207046,275446.28571428574,
"2019-08-31 00:00:00",215501,0,8045,811,197492,306538.85714285716,
"2019-09-01 00:00:00",157337,0,2471,4807,52182,298206.28571428574,
"2019-09-02 00:00:00",69882,0,10035,9025,167608,309830,
"2019-09-03 00:00:00",125391,0,12097,2068,77131,306943.85714285716,
"2019-09-04 00:00:00",173467,29210,12499,10008,213884,318881.85714285716,
"2019-09-05 00:00:00",50609,0,9400,3178,52567,294083.14285714284,
"2019-09-06 00:00:00",145294,58575,2990,10475,117492,285934.5714285714,
"2019-09-07 00:00:00",204211,0,10930,2378,171612,281260.4285714286,
"2019-09-08 00:00:00",283516,0,5598,2083,112315,307934.14285714284,
"2019-09-09 00:00:00",75892,3130,14122,4350,54658,293020.28571428574,
"2019-09-10 00:00:00",219862,1199,6828,2068,122125,312362.5714285714,
"2019-09-11 00:00:00",63958,0,11184,8762,160560,284561.71428571426,
"2019-09-12 00:00:00",30118,0,6803,5053,180339,299784.28571428574,
"2019-09-13 00:00:00",475633,0,20374,5420,222470,355366,
"2019-09-14 00:00:00",63418,0,3738,0,165323,332987.28571428574,
"2019-09-15 00:00:00",201521,483,4201,2584,42403,311227.4285714286,
"2019-09-16 00:00:00",207676,28987,7140,7757,199261,353894.28571428574,
"2019-09-17 00:00:00",104384,0,5294,5711,62450,329002.4285714286,
"2019-09-18 00:00:00",117689,0,11345,5082,92550,326460,
"2019-09-19 00:00:00",59133,3130,6750,2860,204055,334119.4285714286,
"2019-09-20 00:00:00",214528,0,9847,5733,159824,286410,
"2019-09-21 00:00:00",265977,0,2860,0,216397,322517.71428571426,
"2019-09-22 00:00:00",198298,0,8255,2895,278423,356328.85714285716,
"2019-09-23 00:00:00",69763,0,7758,4975,95574,317364.4285714286,
"2019-09-24 00:00:00",232078,32597,5790,3538,139093,350972.71428571426,
"2019-09-25 00:00:00",65659,0,9549,9216,180629,356456.5714285714,
"2019-09-26 00:00:00",77456,1199,14204,4787,256791,367672.28571428574,
"2019-09-27 00:00:00",156850,0,4845,5855,62310,344804.71428571426,
"2019-09-28 00:00:00",232579,0,3287,2095,185979,336048.4285714286,
"2019-09-29 00:00:00",236587,45970,9550,2865,50421,315694.4285714286,
"2019-09-30 00:00:00",173257,0,7628,9668,280005,357478.5714285714,
"2019-10-01 00:00:00",60384,0,12099,4123,136049,328844,
"2019-10-02 00:00:00",313314,0,7799,4552,153844,359480.4285714286,
"2019-10-03 00:00:00",150866,0,8289,4774,128240,350585.14285714284,
"2019-10-04 00:00:00",169368,0,8953,6288,205751,373513.85714285716,
"2019-10-05 00:00:00",251599,0,7324,3403,244063,385292.4285714286,
"2019-10-06 00:00:00",214297,4086,6806,5843,111860,384935.14285714284,
"2019-10-07 00:00:00",70559,0,6249,5129,79002,340703.85714285716,
"2019-10-08 00:00:00",75390,0,4531,6389,130836,341345.4285714286,
"2019-10-09 00:00:00",97602,1199,12763,3273,225806,321507.5714285714,
"2019-10-10 00:00:00",153465,3130,19988,7640,196547,334164.71428571426,
"2019-10-11 00:00:00",41958,0,13459,3273,104937,301774.28571428574,
"2019-10-12 00:00:00",95206,0,2205,2932,259855,280889.85714285716,
"2019-10-13 00:00:00",439596,0,10286,7188,75380,307969.4285714286,
"2019-10-14 00:00:00",93703,0,9689,5643,234890,334110,
"2019-10-15 00:00:00",144592,0,14401,3450,181260,352189.5714285714,
"2019-10-16 00:00:00",127313,3130,6609,7797,137930,343923.28571428574,
"2019-10-17 00:00:00",176024,0,5067,6968,90200,329278.85714285716,
"2019-10-18 00:00:00",71806,3130,5988,4122,53604,325710.71428571426,
"2019-10-19 00:00:00",215040,0,8703,3539,134404,325923.28571428574,
"2019-10-20 00:00:00",247070,0,3356,2083,137087,305515.85714285716,
"2019-10-21 00:00:00",51135,55605,6199,3748,152716,294870.14285714284,
"2019-10-22 00:00:00",180292,43010,7652,7783,243239,314623.28571428574,
"2019-10-23 00:00:00",149220,1199,7068,6754,182150,323710.71428571426,
"2019-10-24 00:00:00",95232,0,9879,7373,159441,322805.5714285714,
"2019-10-25 00:00:00",90059,0,8426,5651,156689,340259,
"2019-10-26 00:00:00",389882,0,2851,0,111563,360631.85714285716,
"2019-10-27 00:00:00",250947,0,6468,3183,109501,357846.28571428574,
"2019-10-28 00:00:00",114336,0,9851,4192,161207,360729.4285714286,
"2019-10-29 00:00:00",198307,0,12387,4569,208018,352344.4285714286,
"2019-10-30 00:00:00",106856,0,10609,3273,92352,333301.4285714286,
"2019-10-31 00:00:00",124950,0,5887,4424,68416,323551.85714285716,
"2019-11-01 00:00:00",240598,49997,8752,5738,114309,346204.71428571426,
"2019-11-02 00:00:00",69380,0,4519,2193,84632,297123,
"2019-11-03 00:00:00",299995,0,3229,5676,189666,315475.4285714286,
"2019-11-04 00:00:00",198148,0,11395,5116,434170,366795.85714285716,
"2019-11-05 00:00:00",74060,0,22329,0,67587,329752.28571428574,
"2019-11-06 00:00:00",146634,45949,12444,3592,80785,340654.28571428574,
"2019-11-07 00:00:00",109679,7223,12258,2458,212783,360758,
"2019-11-08 00:00:00",80661,0,2868,5025,146928,334484.85714285716,
"2019-11-09 00:00:00",222933,50741,8819,4779,159118,375294.28571428574,
"2019-11-10 00:00:00",66828,0,3252,11950,230181,348672.14285714284,
"2019-11-11 00:00:00",183166,0,5157,2378,136805,302769,
"2019-11-12 00:00:00",246712,0,9495,1189,130072,334696.28571428574,
"2019-11-13 00:00:00",90326,0,6764,9571,112919,324721.4285714286,
"2019-11-14 00:00:00",142721,0,8875,1454,148275,318567.5714285714,
"2019-11-15 00:00:00",149746,0,10295,4549,156451,330790.28571428574,
"2019-11-16 00:00:00",30138,3130,7285,3647,144511,293979,
"2019-11-17 00:00:00",149609,0,5225,1648,289500,313089.28571428574,
"2019-11-18 00:00:00",152568,0,6984,4295,49881,296835.28571428574,
"2019-11-19 00:00:00",240319,1199,5409,7470,120141,294988.4285714286,
"2019-11-20 00:00:00",110514,0,7833,3273,105212,296024.28571428574,
"2019-11-21 00:00:00",201753,0,11754,4016,146209,304939.5714285714,
"2019-11-22 00:00:00",411081,0,5794,6877,122436,337103.5714285714,
"2019-11-23 00:00:00",92102,0,1503,9163,76039,335688.5714285714,
"2019-11-24 00:00:00",144988,34163,1932,0,131666,316655.28571428574,
"2019-11-25 00:00:00",164245,3130,6860,2190,61388,320095.85714285716,
"2019-11-26 00:00:00",294705,0,7716,2772,86448,322539.14285714284,
"2019-11-27 00:00:00",84560,0,6906,8653,107976,319862.5714285714,
"2019-11-28 00:00:00",188158,34731,10343,7752,130834,321017.71428571426,
"2019-11-29 00:00:00",285623,45786,13778,2403,272730,331607.85714285716,
"2019-11-30 00:00:00",88416,0,6453,768,108213,335185.5714285714,
"2019-12-01 00:00:00",183031,0,2339,1214,173444,341939.5714285714,
"2019-12-02 00:00:00",46164,3130,6319,8227,162909,340359,
"2019-12-03 00:00:00",252689,14138,22213,4126,60969,335001.14285714284,
"2019-12-04 00:00:00",166676,0,13009,9649,132714,351280.14285714284,
"2019-12-05 00:00:00",124215,95731,10058,7189,90617,344993.28571428574,
"2019-12-06 00:00:00",203602,3130,12129,4549,80532,299796.28571428574,
"2019-12-07 00:00:00",104073,0,3589,6670,108112,302452.5714285714,
"2019-12-08 00:00:00",307065,2306,5095,1189,82659,307922.14285714284,
"2019-12-09 00:00:00",74715,18363,3717,1189,92585,302753.71428571426,
"2019-12-10 00:00:00",104217,1199,5153,8324,100262,283470.71428571426,
"2019-12-11 00:00:00",371080,3130,5501,5945,160382,315469.28571428574,
"2019-12-12 00:00:00",107898,3130,4978,9513,122240,304033.4285714286,
"2019-12-13 00:00:00",184343,0,8247,5390,150639,310416,
"2019-12-14 00:00:00",112663,52730,8036,3567,130445,322558.4285714286,
"2019-12-15 00:00:00",154453,6260,4735,4756,97327,303875.28571428574,
"2019-12-16 00:00:00",141708,3951,8773,8044,128107,318163.14285714284,
"2019-12-17 00:00:00",78794,12521,8254,8324,97475,316193.4285714286,
"2019-12-18 00:00:00",193952,3130,8089,6579,199414,296925.71428571426,
"2019-12-19 00:00:00",232616,9390,9372,7135,120455,315669.85714285716,
"2019-12-20 00:00:00",174560,0,7206,7135,68042,302573.14285714284,
"2019-12-21 00:00:00",267569,3130,4349,7135,114922,315382.28571428574,
"2019-12-22 00:00:00",245709,3130,7113,4201,121980,331753.71428571426,
"2019-12-23 00:00:00",327760,3130,9325,8431,101498,354548,
"2019-12-24 00:00:00",50155,3130,8874,7802,144919,355906.85714285716,
"2019-12-25 00:00:00",54084,0,6512,0,191819,333228.4285714286,
"2019-12-26 00:00:00",119582,3130,9073,3012,86008,310633.5714285714,
"2019-12-27 00:00:00",82969,1199,5550,0,226832,319148.85714285716,
"2019-12-28 00:00:00",147086,0,2764,1189,121920,301413.5714285714,
"2019-12-29 00:00:00",122645,4834,5306,5880,121938,284052.28571428574,
"2019-12-30 00:00:00",100597,542,9508,4201,138563,255947.57142857142,
"2019-12-31 00:00:00",122845,4095,5972,2378,111475,260502.7142857143,
"2020-01-01 00:00:00",34364,0,3689,0,114602,246251.14285714287,
"2020-01-02 00:00:00",199393,0,9348,225,98207,258589.57142857142,
"2020-01-03 00:00:00",141020,35566,5191,3551,98350,253893.7142857143,
"2020-01-04 00:00:00",93878,3130,10678,4829,102830,245663.2857142857,
"2020-01-05 00:00:00",128714,34731,10450,3273,199740,262278.4285714286,
"2020-01-06 00:00:00",71918,20533,14664,2470,163714,265119.5714285714,
"2020-01-07 00:00:00",152809,0,15257,2591,43672,260485.7142857143,309038.14285714284
"2020-01-08 00:00:00",164005,0,4621,6434,69550,273622.14285714284,310670.71428571426
"2020-01-09 00:00:00",236229,0,9133,5818,193381,293248.85714285716,329913
"2020-01-10 00:00:00",235058,0,11560,3455,148951,309726.85714285716,352708.4285714286
"2020-01-11 00:00:00",107835,3130,4593,7267,104593,311451.4285714286,359092.28571428574
"2020-01-12 00:00:00",161994,0,3117,2083,122670,299016.28571428574,358362.14285714284
"2020-01-13 00:00:00",134468,0,10752,5797,100800,295947.28571428574,340033
"2020-01-14 00:00:00",144389,0,12639,5121,150941,310056,304538.5714285714
"2020-01-15 00:00:00",114276,0,9388,3682,67841,302995.5714285714,318776.4285714286
"2020-01-16 00:00:00",325597,1391,9739,4107,103816,303008.4285714286,327601.14285714284
"2020-01-17 00:00:00",91121,13064,5867,4549,92171,275544,325369.14285714284
"2020-01-18 00:00:00",120593,17020,9585,4709,82015,276473.28571428574,351671.5714285714
"2020-01-19 00:00:00",170677,3130,5270,8050,114156,278104.5714285714,349347.4285714286
"2020-01-20 00:00:00",134849,32488,7899,1563,249293,303001.28571428574,376115.5714285714
"2020-01-21 00:00:00",264960,4414,10645,5440,144455,319690.4285714286,398807.71428571426
"2020-01-22 00:00:00",155905,351,4951,8422,54349,323803.5714285714,397716.71428571426
"2020-01-23 00:00:00",100981,31889,4122,3827,110307,296157.4285714286,414147.28571428574
"2020-01-24 00:00:00",66215,0,9597,5974,60870,286997.85714285716,401325.14285714284
"2020-01-25 00:00:00",171173,0,2896,7464,123530,297160.85714285716,387231.4285714286
"2020-01-26 00:00:00",159610,6848,6381,3646,88910,292034.14285714284,395251.4285714286
"2020-01-27 00:00:00",199276,66285,11584,4856,217904,302578.71428571426,405447.5714285714
"2020-01-28 00:00:00",121317,50096,15379,10977,55212,277302.71428571426,390935.4285714286
"2020-01-29 00:00:00",370703,19981,7339,5730,102155,317578.28571428574,380487.85714285716
"2020-01-30 00:00:00",132241,6260,6051,9251,66819,313220.4285714286,355534.85714285716
"2020-01-31 00:00:00",161454,25042,5936,6691,99336,335478,379690.71428571426
"2020-02-01 00:00:00",225702,46522,13831,3567,146453,354194,373561.85714285716
"2020-02-02 00:00:00",268433,0,5364,3029,152193,377568.71428571426,367911.71428571426
"2020-02-03 00:00:00",165892,23193,4387,9394,101352,349613.28571428574,334999.4285714286
"2020-02-04 00:00:00",157937,0,5773,4745,266470,375605.14285714284,315217.71428571426
"2020-02-05 00:00:00",132315,0,8436,4849,132852,343111.5714285714,341459.14285714284
"2020-02-06 00:00:00",123327,33297,16577,5209,77544,348159,379190.14285714284
"2020-02-07 00:00:00",215845,0,9918,4027,162679,361588.71428571426,398382.85714285716
"2020-02-08 00:00:00",308385,0,4519,3328,159901,367311.28571428574,378318.28571428574
"2020-02-09 00:00:00",22730,0,1968,3360,22485,313243.28571428574,375003.71428571426
"2020-02-10 00:00:00",0,0,12091,2191,129845,290373.28571428574,402399.4285714286
"2020-02-11 00:00:00",37770,0,6651,3337,83023,246924.2857142857,414723.71428571426
"2020-02-12 00:00:00",217759,0,7267,1189,174166,264342.5714285714,379875.71428571426
"2020-02-13 00:00:00",208971,0,9949,4312,99823,273928.14285714284,329839.4285714286
"2020-02-14 00:00:00",106854,42672,12956,1189,62795,250213.7142857143,274233.85714285716
"2020-02-15 00:00:00",60357,0,5406,3662,111583,208052.85714285713,266245.14285714284
"2020-02-16 00:00:00",102101,34163,5401,6154,149291,243277,294868.28571428574
"2020-02-17 00:00:00",127383,0,5747,1927,32783,246664.57142857142,302069
"2020-02-18 00:00:00",360531,30917,5161,2805,104179,299923.4285714286,307383.71428571426
"2020-02-19 00:00:00",274448,1740,7138,7719,258374,321214.71428571426,329340.71428571426
"2020-02-20 00:00:00",135638,10192,7417,4462,100035,311884.71428571426,349647.14285714284
"2020-02-21 00:00:00",236864,0,12095,5739,123931,333622.28571428574,397072.4285714286
"2020-02-22 00:00:00",32222,23715,4002,4219,138934,336777.4285714286,419744.5714285714
"2020-02-23 00:00:00",49475,0,2527,2005,74448,312683.71428571426,450451.28571428574
"2020-02-24 00:00:00",137049,3130,10293,4763,61488,319667,485432.14285714284
"2020-02-25 00:00:00",184335,3130,9097,9281,350277,327170.85714285716,487071.71428571426
"2020-02-26 00:00:00",575959,0,6708,5657,220599,364242.85714285716,481343.28571428574
"2020-02-27 00:00:00",46383,35164,12076,5589,43205,347767.71428571426,460385.28571428574
"2020-02-28 00:00:00",32785,0,15128,5216,51396,308610,421249.85714285716
"2020-02-29 00:00:00",319601,35189,10028,1900,121467,349337.28571428574,399409.14285714284
"2020-03-01 00:00:00",58579,0,2163,1579,165349,363510.85714285716,339866.71428571426
"2020-03-02 00:00:00",85269,41457,9608,5940,170471,377228.4285714286,272031.4285714286
"2020-03-03 00:00:00",250057,149451,3709,7312,104443,371350.14285714284,293652.14285714284
"2020-03-04 00:00:00",168546,0,31375,7244,107498,300741.5714285714,312997.4285714286
"2020-03-05 00:00:00",155793,1100,13009,8976,69954,315943.85714285716,338552
"2020-03-06 00:00:00",198282,0,18960,6260,136636,352460,324425.85714285716
"2020-03-07 00:00:00",204673,298,3974,3642,71204,323260.85714285716,326931.14285714284
"2020-03-08 00:00:00",87044,0,7904,1648,123576,322189.71428571426,322927.4285714286
"2020-03-09 00:00:00",310657,0,5474,2600,128018,341333,322454.14285714284
"2020-03-10 00:00:00",52213,0,4212,7496,195954,304890.5714285714,289397.85714285716
"2020-03-11 00:00:00",308339,37972,10105,6108,85042,323876.71428571426,287871.5714285714
"2020-03-12 00:00:00",80451,0,6593,7329,75583,312608.28571428574,271081.28571428574
"2020-03-13 00:00:00",299018,0,11549,4644,112570,322271.5714285714,276356.5714285714
"2020-03-14 00:00:00",85895,0,3347,5391,102561,309900.5714285714,286043
"2020-03-15 00:00:00",111156,0,8152,3592,239398,330204.28571428574,272032.71428571426
"2020-03-16 00:00:00",137247,0,7912,5125,220395,319337,282519.4285714286
"2020-03-17 00:00:00",247959,0,10600,7009,62035,329012.4285714286,291458.85714285716
"2020-03-18 00:00:00",259550,30495,3299,5711,38836,313344.5714285714,272058.28571428574
"2020-03-19 00:00:00",142159,0,18952,8610,149431,334658.4285714286,263747.14285714284
"2020-03-20 00:00:00",115036,0,15746,2837,139698,312592.14285714284,297789
"2020-03-21 00:00:00",64623,35300,4729,1664,71487,309822.14285714284,309124.71428571426
"2020-03-22 00:00:00",87554,7253,4675,1648,72152,282819.85714285716,316485
"2020-03-23 00:00:00",159472,0,8495,3295,408434,312679.4285714286,301554.5714285714
"2020-03-24 00:00:00",144022,16217,4665,12589,147397,312291.71428571426,324750.71428571426
"2020-03-25 00:00:00",106829,0,4347,3360,54079,288109.28571428574,349006.4285714286
"2020-03-26 00:00:00",252669,4783,11644,5168,109975,297407.4285714286,353772.4285714286
"2020-03-27 00:00:00",134109,36438,8289,6616,147000,305855.28571428574,341568.4285714286
"2020-03-28 00:00:00",146934,4477,15136,3645,182739,330873.4285714286,326844
"2020-03-29 00:00:00",47961,0,3409,1214,98667,327726.14285714284,331606.71428571426
"2020-03-30 00:00:00",112836,53502,11761,3030,77424,281848.71428571426,346683
"2020-03-31 00:00:00",252105,0,10663,6703,120302,291117.85714285716,332259.28571428574
"2020-04-01 00:00:00",46715,0,6227,4493,46074,281817.14285714284,309704.85714285716
"2020-04-02 00:00:00",138354,0,12461,3843,199042,277454.4285714286,327300.85714285716
"2020-04-03 00:00:00",94963,298,6663,4462,78071,256312.14285714287,345589.14285714284
"2020-04-04 00:00:00",96969,0,5500,2212,198800,249247.85714285713,361340.5714285714
"2020-04-05 00:00:00",133160,0,3206,2403,69363,257373.57142857142,399841.14285714284
"2020-04-06 00:00:00",196050,33789,5002,7798,140390,275155.71428571426,385800.4285714286
"2020-04-07 00:00:00",229852,0,6058,3691,236318,287462.14285714284,368776.14285714284
"2020-04-08 00:00:00",209485,0,8307,5942,160337,327542.28571428574,353508.85714285716
"2020-04-09 00:00:00",112748,35300,6425,8120,383862,355078.85714285716,347152
"2020-04-10 00:00:00",75138,0,9108,8929,182655,368132.28571428574,368037.85714285716
"2020-04-11 00:00:00",99169,2173,3046,2292,94220,353477.85714285716,384481.5714285714
"2020-04-12 00:00:00",129873,0,4665,1214,39534,348785.5714285714,347100.71428571426
"2020-04-13 00:00:00",143101,0,7635,0,216227,346490.5714285714,356013.5714285714
"2020-04-14 00:00:00",310962,0,6189,0,81234,335414.4285714286,407448.4285714286
"2020-04-15 00:00:00",167233,0,1533,4618,53858,313010.4285714286,440823
"2020-04-16 00:00:00",107456,0,13272,4172,167845,276766,425451.4285714286
"2020-04-17 00:00:00",214102,0,18450,7629,62353,280581,354926.71428571426
"2020-04-18 00:00:00",235063,13028,3225,810,55215,295787,359891.85714285716
"2020-04-19 00:00:00",274623,0,2751,4633,96308,324791.14285714284,357583.85714285716
"2020-04-20 00:00:00",42901,0,8426,1189,119129,296888.4285714286,342878
"2020-04-21 00:00:00",228110,0,11402,2837,195976,302594.14285714284,308088.5714285714
"2020-04-22 00:00:00",102528,0,4519,12179,79168,298473,301634.4285714286
"2020-04-23 00:00:00",230871,0,6322,6992,65170,300845.85714285716,315059.4285714286
"2020-04-24 00:00:00",107719,32461,8389,7827,208162,309706.28571428574,338675.28571428574
"2020-04-25 00:00:00",62245,0,11602,4462,73048,287422.71428571426,366139
"2020-04-26 00:00:00",212486,99727,3695,2734,64372,288094,387384.71428571426
"2020-04-27 00:00:00",70878,0,2625,1281,62662,283208.4285714286,388268
"2020-04-28 00:00:00",271757,0,9464,6891,78579,272974.85714285716,377543.71428571426
"2020-04-29 00:00:00",121443,20068,8237,8229,153188,289085,329998.85714285716
"2020-04-30 00:00:00",144754,25436,9087,9271,48202,278712.85714285716,373657.14285714284
"2020-05-01 00:00:00",220838,0,15494,8629,210079,291638.71428571426,346435.5714285714
"2020-05-02 00:00:00",79535,36512,4446,1189,52024,294831.5714285714,282949.14285714284
"2020-05-03 00:00:00",425328,34163,12606,2456,83747,319872.71428571426,288384.71428571426
"2020-05-04 00:00:00",103428,0,3236,506,64146,324711.4285714286,299576.28571428574
"2020-05-05 00:00:00",290789,0,11687,2378,170897,340291.4285714286,285239.85714285716
"2020-05-06 00:00:00",89122,0,6408,3598,160234,332891,309502.85714285716
"2020-05-07 00:00:00",80217,26569,12409,8719,97249,331235.85714285716,261398.57142857142
"2020-05-08 00:00:00",262509,0,7840,6633,98627,319888.71428571426,289989.71428571426
"2020-05-09 00:00:00",53318,474,2092,2378,209714,333356,293792.71428571426
"2020-05-10 00:00:00",99826,0,8422,7533,254268,306462.71428571426,285636.28571428574
"2020-05-11 00:00:00",23030,26879,2203,94,158818,312135.28571428574,303614.28571428574
"2020-05-12 00:00:00",401886,0,12466,4479,324307,350333.4285714286,322857.14285714284
"2020-05-13 00:00:00",154122,0,6288,8767,217653,368543.14285714284,335661
"2020-05-14 00:00:00",179997,0,8703,6856,65883,373725.4285714286,325290.5714285714
"2020-05-15 00:00:00",101689,0,7206,9082,96222,350666.85714285716,299683.28571428574
"2020-05-16 00:00:00",150701,0,10806,4200,109932,351761.4285714286,293230.71428571426
"2020-05-17 00:00:00",71279,0,4610,3538,58962,318667,300443.28571428574
"2020-05-18 00:00:00",154724,0,9795,1214,82590,323995.4285714286,296876.85714285716
"2020-05-19 00:00:00",205310,24011,6226,4364,101544,266612.14285714284,304516.71428571426
"2020-05-20 00:00:00",59657,0,9490,9558,133246,241629.42857142858,286529.5714285714
"2020-05-21 00:00:00",162320,0,6225,2604,53759,236410.57142857142,298915
"2020-05-22 00:00:00",125681,0,10712,4591,164050,249387,298972.14285714284
"2020-05-23 00:00:00",195161,0,2194,1797,97582,252400.57142857142,359818.71428571426
"2020-05-24 00:00:00",183042,0,5218,4346,112897,276274.14285714284,340392.5714285714
"2020-05-25 00:00:00",62635,22421,5800,0,124332,271540.4285714286,344950
"2020-05-26 00:00:00",176528,0,4976,7289,85146,261895.42857142858,335028
"2020-05-27 00:00:00",80730,35300,9720,8236,161229,273790,352713.4285714286
"2020-05-28 00:00:00",60828,0,10649,3041,90847,265283.85714285716,356361
"2020-05-29 00:00:00",193128,0,6190,8681,133176,270446.71428571426,350335.85714285716
"2020-05-30 00:00:00",33156,3374,6104,6349,102085,249637.2857142857,292840.85714285716
"2020-05-31 00:00:00",130273,0,4508,3029,61804,234510.2857142857,295829.85714285716
"2020-06-01 00:00:00",138964,11356,3385,634,176336,251008.57142857142,302905.85714285716
"2020-06-02 00:00:00",265693,0,7339,1189,148426,272252.4285714286,285277.14285714284
"2020-06-03 00:00:00",54883,0,5961,4398,197101,267556.5714285714,265305.4285714286
"2020-06-04 00:00:00",155282,0,18680,2798,81084,280767.85714285716,307389.71428571426
"2020-06-05 00:00:00",131755,0,5128,4921,171375,276768.4285714286,348515.85714285716
"2020-06-06 00:00:00",90244,0,1239,5999,139951,289106.28571428574,371166.71428571426
"2020-06-07 00:00:00",83882,0,2027,8807,71652,284356.71428571426,333124
"2020-06-08 00:00:00",274736,0,6126,755,129650,295869.85714285716,299622.28571428574
"2020-06-09 00:00:00",219072,0,8379,7981,129530,287629.28571428574,325949.28571428574
"2020-06-10 00:00:00",126975,33160,14853,8468,185111,302804.4285714286,318472.14285714284
"2020-06-11 00:00:00",178579,35300,12610,7030,183314,325517.28571428574,294941
"2020-06-12 00:00:00",28503,0,3221,7957,45260,292911.85714285716,264788.14285714284
"2020-06-13 00:00:00",203291,0,4613,1189,84085,300875.4285714286,271325
"2020-06-14 00:00:00",132284,0,5857,7560,57842,306186.4285714286,292334.85714285716
"2020-06-15 00:00:00",63791,0,6229,2805,70445,267901,339934.28571428574
"2020-06-16 00:00:00",346574,1199,10440,10374,115546,284925.28571428574,309697.85714285716
"2020-06-17 00:00:00",202273,0,8326,4484,47615,269800.85714285716,317942.85714285716
"2020-06-18 00:00:00",164339,46914,6175,8450,180584,268319.4285714286,286357.71428571426
"2020-06-19 00:00:00",78322,0,16940,8108,130233,289556.85714285716,307808.71428571426
"2020-06-20 00:00:00",57344,22719,3029,9455,112720,276998.14285714284,282226.5714285714
"2020-06-21 00:00:00",153075,20697,2658,3082,124810,291395.14285714284,312638.4285714286
"2020-06-22 00:00:00",95790,0,12489,5422,108894,302727.4285714286,284690.5714285714
"2020-06-23 00:00:00",51103,0,5239,12363,220264,274847,303208.85714285716
"2020-06-24 00:00:00",146178,15921,3762,3325,75777,272313.71428571426,313501.28571428574
"2020-06-25 00:00:00",146555,0,14619,10178,106473,253936.57142857142,315393.28571428574
"2020-06-26 00:00:00",244845,0,5315,5086,127487,275241,315359.14285714284
"2020-06-27 00:00:00",111837,0,3171,5767,78258,274350.4285714286,312286.14285714284
"2020-06-28 00:00:00",112179,0,14318,5561,48303,256641.85714285713,309404.5714285714
"2020-06-29 00:00:00",136683,0,9031,813,155992,268059.5714285714,327484.5714285714
"2020-06-30 00:00:00",415658,0,9620,15229,111608,305651.85714285716,315536.5714285714
"2020-07-01 00:00:00",65110,24900,5407,6481,147804,306328.71428571426,333599.85714285716
"2020-07-02 00:00:00",88922,0,14001,12365,186272,309719.5714285714,344248.85714285716
"2020-07-03 00:00:00",78555,67352,4758,4778,120825,294510.28571428574,339037.14285714284
"2020-07-04 00:00:00",249672,60551,4618,10642,102762,327254.85714285716,340941.14285714284
"2020-07-05 00:00:00",60778,28500,12233,2628,80362,327846,347024.28571428574
"2020-07-06 00:00:00",335171,0,7948,4860,82757,346162.5714285714,299921.85714285716
"2020-07-07 00:00:00",347963,75216,7319,12093,198665,358896.85714285716,307998.85714285716
"2020-07-08 00:00:00",110592,11552,10166,10449,106598,358847.5714285714,295156.85714285716
"2020-07-09 00:00:00",365999,0,6289,10168,71260,380584.14285714284,287585.85714285716
"2020-07-10 00:00:00",78311,0,23614,6757,163568,380010,272995.5714285714
"2020-07-11 00:00:00",98018,0,3381,6430,46190,340834.85714285716,262791.5714285714
"2020-07-12 00:00:00",40511,3980,7003,5602,154958,344770.85714285716,261832
"2020-07-13 00:00:00",144980,298,15916,2226,164992,330153.14285714284,303820.5714285714
"2020-07-14 00:00:00",59644,3130,9249,11701,47216,257251,297593.5714285714
"2020-07-15 00:00:00",158355,0,12064,3912,80070,257971.57142857142,316796.4285714286
"2020-07-16 00:00:00",84548,0,7165,11572,81940,219615.7142857143,336583.14285714284
"2020-07-17 00:00:00",129674,79955,6844,10480,415376,272484.28571428574,359401
"2020-07-18 00:00:00",164908,0,6129,6780,75908,286728,364066
"2020-07-19 00:00:00",87255,0,6814,2371,33595,275011.14285714284,351962.71428571426
"2020-07-20 00:00:00",95430,56178,6438,4226,175697,276376.5714285714,324047.4285714286
"2020-07-21 00:00:00",427189,0,6039,13867,84659,333635.5714285714,331525.4285714286
"2020-07-22 00:00:00",240512,0,11690,8510,211589,364764.14285714284,302087.14285714284
"2020-07-23 00:00:00",96684,31225,5314,13835,86844,371718.14285714284,277137.14285714284
"2020-07-24 00:00:00",122315,0,19052,7709,134398,320453,268083.71428571426
"2020-07-25 00:00:00",208691,34163,5521,3756,260562,357448.4285714286,258317.57142857142
"2020-07-26 00:00:00",126390,0,7907,5262,92346,372001.28571428574,260585.14285714287
"2020-07-27 00:00:00",147902,30610,7460,2378,143628,371145.4285714286,278009.85714285716
"2020-07-28 00:00:00",123046,0,3291,12425,137071,334585.28571428574,292114.4285714286
"2020-07-29 00:00:00",263903,0,14971,8681,55822,316167.4285714286,303054.4285714286
"2020-07-30 00:00:00",90817,1048,13592,13926,114561,316173.5714285714,312950.14285714284
"2020-07-31 00:00:00",216543,298,5597,8330,112404,324702.14285714284,296184.85714285716
"2020-08-01 00:00:00",192665,0,917,7396,197046,308320.85714285716,308313.85714285716
"2020-08-02 00:00:00",95903,0,3238,6200,39095,295825.28571428574,263159.28571428574
"2020-08-03 00:00:00",125180,0,11793,3590,108711,284010.4285714286,255012
"2020-08-04 00:00:00",302385,0,7562,9894,90155,303176.71428571426,274613.71428571426
"2020-08-05 00:00:00",328013,556,21497,10873,98284,319726.14285714284,263680.14285714284
"2020-08-06 00:00:00",122655,0,8033,11477,81772,318296.28571428574,278645.14285714284
"2020-08-07 00:00:00",213916,34163,3225,7392,41911,312215.4285714286,309324.5714285714
"2020-08-08 00:00:00",45412,0,4311,6249,107811,278752.28571428574,303090.5714285714
"2020-08-09 00:00:00",72476,0,3875,8367,29243,274398.85714285716,320859.28571428574
"2020-08-10 00:00:00",72073,1698,18957,0,70817,262151.71428571426,343980.4285714286
"2020-08-11 00:00:00",224703,21927,5098,11152,82622,252938.42857142858,315074.28571428574
"2020-08-12 00:00:00",240837,0,8255,8487,89299,236889.2857142857,304460.71428571426
"2020-08-13 00:00:00",288380,0,4641,9171,53501,255711.57142857142,284367.5714285714
"2020-08-14 00:00:00",97020,0,4466,7820,138938,248231,259929
"2020-08-15 00:00:00",120387,0,3003,10463,111874,259937.42857142858,266742.14285714284
"2020-08-16 00:00:00",213118,1199,6589,0,123476,292854.5714285714,256066.42857142858
"2020-08-17 00:00:00",129224,0,7555,2054,120621,306555.85714285716,226691
"2020-08-18 00:00:00",263178,0,8123,11427,258526,334520.14285714284,222362
"2020-08-19 00:00:00",330966,23095,14232,5602,72017,348667.71428571426,237223.14285714287
"2020-08-20 00:00:00",172207,0,19100,11129,257704,363588.71428571426,281860.14285714284
"2020-08-21 00:00:00",54922,1356,3167,7352,67951,347375.14285714284,286416.4285714286
"2020-08-22 00:00:00",168589,0,2851,4346,160547,360318.85714285716,331499.4285714286
"2020-08-23 00:00:00",68691,0,2205,9524,132636,341558.14285714284,341657
"2020-08-24 00:00:00",169462,0,3171,0,80605,340670.14285714284,342492.5714285714
"2020-08-25 00:00:00",241182,31960,12396,8223,81083,316897.5714285714,327452.85714285716
"2020-08-26 00:00:00",14659,51827,8318,5843,45700,271245.5714285714,327584.71428571426
"2020-08-27 00:00:00",145505,0,3901,7808,194836,255804.14285714287,302563
"2020-08-28 00:00:00",136590,0,1512,6833,157406,279746,303100.85714285716
"2020-08-29 00:00:00",71585,0,2478,3885,90216,255721.7142857143,275446.28571428574
"2020-08-30 00:00:00",68448,0,6070,5856,101885,251321.85714285713,306538.85714285716
"2020-08-31 00:00:00",118089,0,6519,1189,76640,244064.57142857142,298206.28571428574
"2020-09-01 00:00:00",254954,0,8252,9349,115441,245943.14285714287,309830
"2020-09-02 00:00:00",163944,0,7827,6319,57981,261617.85714285713,306943.85714285716
"2020-09-03 00:00:00",177648,0,7588,8115,92637,252180.42857142858,318881.85714285716
"2020-09-04 00:00:00",104688,0,7924,7702,255874,262730,294083.14285714284
"2020-09-05 00:00:00",123912,1199,10928,1818,101967,272967.14285714284,285934.5714285714
"2020-09-06 00:00:00",95427,39544,10985,6816,98314,282800,281260.4285714286
"2020-09-07 00:00:00",151147,3130,6045,2378,150778,298663.14285714284,307934.14285714284
"2020-09-08 00:00:00",471009,0,7893,9351,103084,327712,293020.28571428574
"2020-09-09 00:00:00",196602,0,14797,5840,143522,345524.85714285716,312362.5714285714
"2020-09-10 00:00:00",105310,28500,16045,5301,71332,337025,284561.71428571426
"2020-09-11 00:00:00",167171,47138,6836,7940,92949,329288.5714285714,299784.28571428574
"2020-09-12 00:00:00",97618,244,10622,3620,87350,323521.5714285714,355366
"2020-09-13 00:00:00",181039,0,10874,5618,81609,327529,332987.28571428574
"2020-09-14 00:00:00",86349,0,8362,3679,242654,331466.85714285716,311227.4285714286
"2020-09-15 00:00:00",140387,1199,4892,11793,64371,278796.14285714284,353894.28571428574
"2020-09-16 00:00:00",271307,0,11407,5169,159351,291149.28571428574,329002.4285714286
"2020-09-17 00:00:00",178068,0,17319,9458,133314,307102.28571428574,326460
"2020-09-18 00:00:00",201211,0,9923,7980,95490,306041,334119.4285714286
"2020-09-19 00:00:00",124186,0,9069,7425,126021,315647.71428571426,286410
"2020-09-20 00:00:00",106600,45566,2003,4429,106066,313579.85714285716,322517.71428571426
"2020-09-21 00:00:00",212973,0,7751,3012,135119,316124.28571428574,356328.85714285716
"2020-09-22 00:00:00",242982,54560,4668,8360,93978,342111,317364.4285714286
"2020-09-23 00:00:00",108157,0,8279,8422,126993,314199.28571428574,350972.71428571426
"2020-09-24 00:00:00",119856,0,9437,8420,155283,307747.4285714286,356456.5714285714
"2020-09-25 00:00:00",80502,1199,3113,6447,51595,283212,367672.28571428574
"2020-09-26 00:00:00",25494,0,11650,6419,88710,264008,344804.71428571426
"2020-09-27 00:00:00",118267,1199,5161,6791,116307,261588.14285714287,336048.4285714286
"2020-09-28 00:00:00",187451,0,2761,7533,99000,252715.42857142858,315694.4285714286
"2020-09-29 00:00:00",266619,15216,7665,5169,88105,249604.7142857143,357478.5714285714
"2020-09-30 00:00:00",140849,43971,13946,11934,169567,267950,328844
"2020-10-01 00:00:00",167185,0,18035,9682,64644,263171.28571428574,359480.4285714286
"2020-10-02 00:00:00",133266,0,12029,6243,129497,282911.14285714284,350585.14285714284
"2020-10-03 00:00:00",192887,41819,2671,5364,56413,306751.28571428574,373513.85714285716
"2020-10-04 00:00:00",160164,0,3717,1189,141900,315214.71428571426,385292.4285714286
"2020-10-05 00:00:00",61222,0,5765,9425,132346,302645,384935.14285714284
"2020-10-06 00:00:00",164616,0,5818,7996,135237,292772.71428571426,340703.85714285716
"2020-10-07 00:00:00",268348,23914,4984,6202,59857,290349.71428571426,341345.4285714286
"2020-10-08 00:00:00",132906,0,7635,6640,51573,281665.14285714284,321507.5714285714
"2020-10-09 00:00:00",209291,0,9165,5817,205705,302942.5714285714,334164.71428571426
"2020-10-10 00:00:00",119473,34163,11373,2163,124613,301890,301774.28571428574
"2020-10-11 00:00:00",134706,0,1239,3721,104419,292906.4285714286,280889.85714285716
"2020-10-12 00:00:00",95771,19120,10372,6069,173867,306683.85714285716,307969.4285714286
"2020-10-13 00:00:00",141269,0,6894,6774,97710,297966.4285714286,334110
"2020-10-14 00:00:00",95165,0,10418,7140,147773,283279.14285714284,352189.5714285714
"2020-10-15 00:00:00",392667,0,9139,5043,176967,338288.14285714284,343923.28571428574
"2020-10-16 00:00:00",82064,0,15330,6333,77169,302705.14285714284,329278.85714285716
"2020-10-17 00:00:00",208252,0,3580,3429,227141,324221.71428571426,325710.71428571426
"2020-10-18 00:00:00",148505,1199,5703,9524,130906,331615.14285714284,325923.28571428574
"2020-10-19 00:00:00",95268,0,5378,3567,168590,326987,305515.85714285716
"2020-10-20 00:00:00",548145,0,11770,9491,327336,419000.5714285714,294870.14285714284
"2020-10-21 00:00:00",60412,0,10992,9921,107107,408705.85714285716,314623.28571428574
"2020-10-22 00:00:00",127897,102964,12735,12508,327599,408689.71428571426,323710.71428571426
"2020-10-23 00:00:00",218041,0,6395,5558,72118,426006.14285714284,322805.5714285714
"2020-10-24 00:00:00",69174,22014,6554,5630,179658,403238.71428571426,340259
"2020-10-25 00:00:00",291773,34163,7232,3006,107000,424286.71428571426,360631.85714285716
"2020-10-26 00:00:00",117080,1199,13790,5457,92468,418171.28571428574,357846.28571428574
"2020-10-27 00:00:00",126084,0,9106,11991,79390,322432.71428571426,360729.4285714286
"2020-10-28 00:00:00",136416,0,3636,5260,172943,340978.71428571426,352344.4285714286
"2020-10-29 00:00:00",173042,0,4058,9029,169358,308376.4285714286,333301.4285714286
"2020-10-30 00:00:00",263912,0,9641,11278,126352,323958,323551.85714285716
"2020-10-31 00:00:00",28035,0,2027,1422,169539,312242.5714285714,346204.71428571426
"2020-11-01 00:00:00",125317,0,5622,6118,106744,283760.71428571426,297123
"2020-11-02 00:00:00",96859,0,7567,10575,134381,286530.28571428574,315475.4285714286
"2020-11-03 00:00:00",184271,0,7547,10946,252105,319144.28571428574,366795.85714285716
"2020-11-04 00:00:00",318770,0,10022,9266,210537,352050,329752.28571428574
"2020-11-05 00:00:00",262258,0,7036,7984,92619,354108.28571428574,340654.28571428574
"2020-11-06 00:00:00",226875,44015,12003,6931,288675,378010.5714285714,360758
"2020-11-07 00:00:00",60378,0,11410,9480,80088,372344.14285714284,334484.85714285716
"2020-11-08 00:00:00",81592,35931,14619,1189,94778,370102.4285714286,375294.28571428574
"2020-11-09 00:00:00",46871,0,3348,9448,211311,373187.5714285714,348672.14285714284
"2020-11-10 00:00:00",181921,0,5636,10752,60248,345142.85714285716,302769
"2020-11-11 00:00:00",302682,2548,10421,4876,277208,352163.14285714284,334696.28571428574
"2020-11-12 00:00:00",377462,0,13680,9882,146550,377545.71428571426,324721.4285714286
"2020-11-13 00:00:00",278455,0,4755,7931,141037,356642.85714285716,318567.5714285714
"2020-11-14 00:00:00",86864,0,5051,11499,184255,374687.4285714286,330790.28571428574
"2020-11-15 00:00:00",38152,0,5380,8601,105243,364582.5714285714,293979
"2020-11-16 00:00:00",200538,1443,6752,6745,286821,397628.71428571426,313089.28571428574
"2020-11-17 00:00:00",203032,0,4194,11039,82075,403597.85714285716,296835.28571428574
"2020-11-18 00:00:00",250406,0,9195,7964,247687,391814.28571428574,294988.4285714286
"2020-11-19 00:00:00",153755,31941,7806,8901,76817,353478.14285714284,296024.28571428574
"2020-11-20 00:00:00",156827,0,6783,8075,349923,366253.85714285716,304939.5714285714
"2020-11-21 00:00:00",83655,0,6155,3491,129251,356951.28571428574,337103.5714285714
"2020-11-22 00:00:00",57846,0,6538,5586,64635,353698.28571428574,335688.5714285714
"2020-11-23 00:00:00",137964,0,7103,6935,125100,321527,316655.28571428574
"2020-11-24 00:00:00",233126,34044,4478,15588,177991,345082.28571428574,320095.85714285716
"2020-11-25 00:00:00",140070,0,6770,9131,106084,308911.4285714286,322539.14285714284
"2020-11-26 00:00:00",105755,0,10217,11020,295378,329361.28571428574,319862.5714285714
"2020-11-27 00:00:00",384306,0,8915,11591,166044,336396.71428571426,321017.71428571426
"2020-11-28 00:00:00",190030,0,10196,4960,59638,342435.71428571426,331607.85714285716
"2020-11-29 00:00:00",109489,1199,8244,2532,224271,372597.28571428574,335185.5714285714
"2020-11-30 00:00:00",87586,0,5539,10821,72410,358205,341939.5714285714
"2020-12-01 00:00:00",69072,41609,4285,15464,138662,330185.85714285716,340359
"2020-12-02 00:00:00",624075,0,7855,8601,117161,400991,335001.14285714284
"2020-12-03 00:00:00",145118,0,8155,9937,89953,376818.85714285716,351280.14285714284
"2020-12-04 00:00:00",94439,0,6699,8804,78184,322143,344993.28571428574
"2020-12-05 00:00:00",85169,0,3621,5077,68802,307549.28571428574,299796.28571428574
"2020-12-06 00:00:00",65019,0,5979,5565,81590,280751.85714285716,302452.5714285714
"2020-12-07 00:00:00",198986,1199,10101,14500,245368,322723.14285714284,307922.14285714284
"2020-12-08 00:00:00",197535,0,25051,11081,349320,367565,302753.71428571426
"2020-12-09 00:00:00",61452,21646,8132,10474,61555,282646.28571428574,283470.71428571426
"2020-12-10 00:00:00",372989,45260,13179,9653,101427,323981.14285714284,315469.28571428574
"2020-12-11 00:00:00",93711,34731,5527,9385,178677,343110.71428571426,304033.4285714286
"2020-12-12 00:00:00",77158,49202,3428,5731,71221,349406.71428571426,310416
"2020-12-13 00:00:00",100576,0,2478,7622,94707,356153.71428571426,322558.4285714286
"2020-12-14 00:00:00",289956,0,4133,9128,147872,353430,303875.28571428574
"2020-12-15 00:00:00",93699,0,7602,7736,108895,301279.28571428574,318163.14285714284
"2020-12-16 00:00:00",90929,0,5029,10488,163001,316448.85714285716,316193.4285714286
"2020-12-17 00:00:00",277714,0,2421,8253,56314,288190.71428571426,296925.71428571426
"2020-12-18 00:00:00",82361,0,9883,10721,115141,273344.28571428574,315669.85714285716
"2020-12-19 00:00:00",111778,29126,6860,3799,191064,292756.71428571426,302573.14285714284
"2020-12-20 00:00:00",117940,0,11036,0,166253,305591.85714285716,315382.28571428574
"2020-12-21 00:00:00",167350,1199,6272,6427,185459,293537.4285714286,331753.71428571426
"2020-12-22 00:00:00",639376,0,4770,6546,161767,378470,354548
"2020-12-23 00:00:00",36021,0,7195,6670,126098,365118,355906.85714285716
"2020-12-24 00:00:00",69093,0,6778,4744,175560,352471.5714285714,333228.4285714286
"2020-12-25 00:00:00",19794,0,2610,0,49623,331603,310633.5714285714
"2020-12-26 00:00:00",62640,0,4013,6039,258472,329965.4285714286,319148.85714285716
"2020-12-27 00:00:00",215137,0,693,0,119903,335751.71428571426,301413.5714285714
"2020-12-28 00:00:00",48119,0,8768,1284,314417,336591.71428571426,284052.28571428574
"2020-12-29 00:00:00",95790,0,9923,4911,119262,253367,255947.57142857142
"2020-12-30 00:00:00",453240,0,3352,6595,146892,315380.5714285714,260502.7142857143
"2020-12-31 00:00:00",106786,0,3779,2378,175895,320046.4285714286,246251.14285714287
"2021-01-01 00:00:00",37189,42305,1561,5411,36740,327357.85714285716,258589.57142857142
"2021-01-02 00:00:00",30636,1199,2124,3131,175148,310368.4285714286,253893.7142857143
"2021-01-03 00:00:00",62196,29252,10551,0,239262,311158.14285714284,245663.2857142857
"2021-01-04 00:00:00",53070,27371,4395,0,85062,282202.5714285714,262278.4285714286
"2021-01-05 00:00:00",140319,0,3215,1311,207603,299711.28571428574,265119.5714285714
"2021-01-06 00:00:00",261634,28623,10091,11068,72656,267424.71428571426,260485.7142857143
"2021-01-07 00:00:00",102621,0,8190,3764,197236,270706.71428571426,273622.14285714284
"2021-01-08 00:00:00",309619,0,11728,8388,179154,325804.14285714284,293248.85714285716
"2021-01-09 00:00:00",135101,22486,2508,1999,134267,337821.71428571426,309726.85714285716
"2021-01-10 00:00:00",94181,0,4415,6118,72220,314346.5714285714,311451.4285714286
"2021-01-11 00:00:00",243332,0,4432,3948,116880,342731.4285714286,299016.28571428574
"2021-01-12 00:00:00",49526,78128,8108,8955,222304,344813.4285714286,295947.28571428574
"2021-01-13 00:00:00",210906,0,7018,8826,61990,331194.4285714286,310056
"2021-01-14 00:00:00",130908,0,4802,6408,382591,361608.28571428574,302995.5714285714
"2021-01-15 00:00:00",116321,0,7330,10424,82516,319851.4285714286,303008.4285714286
"2021-01-16 00:00:00",166724,1610,1694,4503,169538,326667,275544
"2021-01-17 00:00:00",251106,0,7464,3247,102904,353493.85714285716,276473.28571428574
"2021-01-18 00:00:00",510548,22749,18305,9088,200947,409643.14285714284,278104.5714285714
"2021-01-19 00:00:00",55742,0,8347,6483,70221,377324.5714285714,303001.28571428574
"2021-01-20 00:00:00",102300,0,1012,8864,93826,365504.85714285716,319690.4285714286
"2021-01-21 00:00:00",298560,87238,10467,4164,132849,366729.28571428574,323803.5714285714
"2021-01-22 00:00:00",70591,0,9019,11043,63598,357823.5714285714,296157.4285714286
"2021-01-23 00:00:00",48325,0,11172,5244,381088,372360.4285714286,286997.85714285716
"2021-01-24 00:00:00",242475,0,8511,8726,42456,363424.14285714284,297160.85714285716
"2021-01-25 00:00:00",189028,0,10416,4400,42470,289806.5714285714,292034.14285714284
"2021-01-26 00:00:00",117770,1199,14142,8694,119066,306961,302578.71428571426
"2021-01-27 00:00:00",238046,75745,10350,8651,47720,331891,277302.71428571426
"2021-01-28 00:00:00",70031,0,5670,5510,128908,285725.14285714284,317578.28571428574
"2021-01-29 00:00:00",172614,3130,3063,6052,57779,298351.85714285716,313220.4285714286
"2021-01-30 00:00:00",71575,0,1367,2810,360743,297018.5714285714,335478
"2021-01-31 00:00:00",179704,0,2258,7884,190544,308193,354194
"2021-02-01 00:00:00",373712,0,8370,8694,158284,351442.28571428574,377568.71428571426
"2021-02-02 00:00:00",241863,298,3166,6590,133637,369254,349613.28571428574
"2021-02-03 00:00:00",333583,0,5475,7024,123258,381943.85714285716,375605.14285714284
"2021-02-04 00:00:00",105245,0,8626,4891,321562,414830.28571428574,343111.5714285714
"2021-02-05 00:00:00",200839,24374,6289,8642,96458,428253.71428571426,348159
"2021-02-06 00:00:00",30438,1199,5910,2584,68183,381370.85714285716,361588.71428571426
"2021-02-07 00:00:00",16372,0,5608,7831,156294,353616,367311.28571428574
"2021-02-08 00:00:00",53632,0,1465,9051,77662,295437.5714285714,313243.28571428574
"2021-02-09 00:00:00",73922,0,6239,7761,311474,297414.85714285716,290373.28571428574
"2021-02-10 00:00:00",336874,0,3536,3679,56068,287531.5714285714,246924.2857142857
"2021-02-11 00:00:00",261880,0,3018,2364,126730,280912.71428571426,264342.5714285714
"2021-02-12 00:00:00",99410,22261,7141,4605,257985,288741.14285714284,273928.14285714284
"2021-02-13 00:00:00",40592,0,12535,7375,200665,310577,250213.7142857143
"2021-02-14 00:00:00",198268,12652,3130,4750,100710,329634.85714285716,208052.85714285713
"2021-02-15 00:00:00",154514,3130,6817,1189,113769,349293.28571428574,243277
"2021-02-16 00:00:00",197646,0,9922,11009,87589,335974.71428571426,246664.57142857142
"2021-02-17 00:00:00",110606,0,7527,6931,139986,316673.85714285716,299923.4285714286
"2021-02-18 00:00:00",168304,0,11014,6085,170178,311186.5714285714,321214.71428571426
"2021-02-19 00:00:00",286815,1199,4410,6318,326966,344659.14285714284,311884.71428571426
"2021-02-20 00:00:00",180891,33028,3684,4875,143413,359619.71428571426,333622.28571428574
"2021-02-21 00:00:00",51294,3130,8288,4587,327715,370406,336777.4285714286
"2021-02-22 00:00:00",235802,0,7878,5853,191591,393506.85714285716,312683.71428571426
"2021-02-23 00:00:00",121646,27856,11175,9836,140563,394208.4285714286,319667
"2021-02-24 00:00:00",229327,46092,10749,5700,117401,414811,327170.85714285716
"2021-02-25 00:00:00",74154,0,7161,8543,229474,409632.5714285714,364242.85714285716
"2021-02-26 00:00:00",123264,0,3588,8930,186673,366310.4285714286,347767.71428571426
"2021-02-27 00:00:00",69449,3130,3703,4284,157439,348041,308610
"2021-02-28 00:00:00",392375,0,5036,7425,213423,379933.14285714284,349337.28571428574
"2021-03-01 00:00:00",71137,0,4213,6666,161788,351744.4285714286,363510.85714285716
"2021-03-02 00:00:00",300477,0,12587,9716,60628,362077.4285714286,377228.4285714286
"2021-03-03 00:00:00",55633,47342,8085,4475,98545,334193.28571428574,371350.14285714284
"2021-03-04 00:00:00",193464,7886,7652,5160,199181,347623.71428571426,300741.5714285714
"2021-03-05 00:00:00",175772,0,6113,5694,100889,342768.5714285714,315943.85714285716
"2021-03-06 00:00:00",68630,0,6967,8337,62473,329683.14285714284,352460
"2021-03-07 00:00:00",140260,0,10185,7086,210502,293936.5714285714,323260.85714285716
"2021-03-08 00:00:00",114070,0,8926,2226,112625,293085.5714285714,322189.71428571426
"2021-03-09 00:00:00",64506,3130,8568,11717,319041,296450.4285714286,341333
"2021-03-10 00:00:00",331315,42190,13522,5082,90137,334760,304890.5714285714
"2021-03-11 00:00:00",27840,0,6400,5957,82786,293279.71428571426,323876.71428571426
"2021-03-12 00:00:00",224633,0,4556,3863,123181,302960.28571428574,312608.28571428574
"2021-03-13 00:00:00",46823,38751,1915,4489,98233,309218.14285714284,322271.5714285714
"2021-03-14 00:00:00",110190,0,3918,3992,106280,288696.14285714284,309900.5714285714
"2021-03-15 00:00:00",210576,5420,9842,4519,116004,304198,330204.28571428574
"2021-03-16 00:00:00",64145,3130,5377,14177,113073,274618,319337
"2021-03-17 00:00:00",95935,27653,6297,6455,45132,231650.14285714287,329012.4285714286
"2021-03-18 00:00:00",371681,0,6134,8945,231272,302371.5714285714,313344.5714285714
"2021-03-19 00:00:00",61277,6833,8364,9564,172032,288348.4285714286,334658.4285714286
"2021-03-20 00:00:00",200372,0,12162,8693,168459,316844.85714285716,312592.14285714284
"2021-03-21 00:00:00",115627,0,2460,6424,56432,310639.71428571426,309822.14285714284
"2021-03-22 00:00:00",269045,0,17682,11291,64083,312888.4285714286,282819.85714285716
"2021-03-23 00:00:00",424042,42569,7176,13427,100656,368312.5714285714,312679.4285714286
"2021-03-24 00:00:00",39042,0,7879,6110,314383,394875.5714285714,312291.71428571426
"2021-03-25 00:00:00",51778,0,4463,7789,91975,328871.5714285714,288109.28571428574
"2021-03-26 00:00:00",137204,0,7722,3361,111233,329078.5714285714,297407.4285714286
"2021-03-27 00:00:00",222014,33824,1986,5318,183395,337200.14285714284,305855.28571428574
"2021-03-28 00:00:00",195730,0,11795,3817,95389,355169.71428571426,330873.4285714286
"2021-03-29 00:00:00",233931,10303,2527,4316,58592,347679.4285714286,327726.14285714284
"2021-03-30 00:00:00",33559,486,11216,12136,374149,325347.4285714286,281848.71428571426
"2021-03-31 00:00:00",111959,1199,13596,8100,78189,303294.5714285714,291117.85714285716
"2021-04-01 00:00:00",214663,0,4677,12554,58555,322501,281817.14285714284
"2021-04-02 00:00:00",94487,0,3964,10113,135494,320292.14285714284,277454.4285714286
"2021-04-03 00:00:00",204213,0,7401,8449,147727,309042.4285714286,256312.14285714287
"2021-04-04 00:00:00",232122,0,1569,10488,160313,323008.5714285714,249247.85714285713
"2021-04-05 00:00:00",71669,0,3625,634,85959,301896.71428571426,257373.57142857142
"2021-04-06 00:00:00",271883,0,5115,4418,108466,295944.71428571426,275155.71428571426
"2021-04-07 00:00:00",255706,0,14421,7413,98381,319212.85714285716,287462.14285714284
"2021-04-08 00:00:00",265438,0,12103,8137,168537,342608,327542.28571428574
"2021-04-09 00:00:00",103535,0,10305,4812,125923,342682,355078.85714285716
"2021-04-10 00:00:00",92992,0,11917,7176,160748,329116.85714285716,368132.28571428574
"2021-04-11 00:00:00",237997,0,1784,3011,121060,323310.85714285716,353477.85714285716
"2021-04-12 00:00:00",90677,1199,7385,9677,100509,330105.28571428574,348785.5714285714
"2021-04-13 00:00:00",31261,3130,15528,7967,110753,298499.14285714284,346490.5714285714
"2021-04-14 00:00:00",191440,298,2088,8425,118290,290587.71428571426,335414.4285714286
"2021-04-15 00:00:00",129243,0,7600,6085,88021,258692.42857142858,313010.4285714286
"2021-04-16 00:00:00",113193,0,16287,6306,229218,275896.28571428574,276766
"2021-04-17 00:00:00",153555,1366,9132,4406,130022,279560.28571428574,280581
"2021-04-18 00:00:00",328333,3130,3522,11117,117404,293796.5714285714,295787
"2021-04-19 00:00:00",94833,3235,15201,4924,33759,285583.14285714284,324791.14285714284
"2021-04-20 00:00:00",98667,0,7180,12192,122612,295870.5714285714,296888.4285714286
"2021-04-21 00:00:00",188575,0,8931,6351,56422,287261.85714285716,302594.14285714284
"2021-04-22 00:00:00",57655,0,6013,10616,257121,301612.71428571426,298473
"2021-04-23 00:00:00",616808,15102,8544,3490,86348,353796.85714285716,300845.85714285716
"2021-04-24 00:00:00",143026,0,7548,8813,119415,350985.5714285714,309706.28571428574
"2021-04-25 00:00:00",121052,0,13696,2439,67432,314001.71428571426,287422.71428571426
"2021-04-26 00:00:00",122268,47610,11638,9155,150615,341049.28571428574,288094
"2021-04-27 00:00:00",88444,0,20335,4768,228654,355556.4285714286,283208.4285714286
"2021-04-28 00:00:00",301054,2727,8948,11703,59596,373235,272974.85714285716
"2021-04-29 00:00:00",72422,0,18421,9251,95962,353899.4285714286,289085
"2021-04-30 00:00:00",52849,61031,3846,4181,132969,285982.85714285716,278712.85714285716
"2021-05-01 00:00:00",189823,0,8276,9078,61874,284589.71428571426,291638.71428571426
"2021-05-02 00:00:00",47597,0,7141,5346,70773,274052.4285714286,294831.5714285714
"2021-05-03 00:00:00",118639,3130,7196,1268,30026,248191.42857142858,319872.71428571426
"2021-05-04 00:00:00",89559,42231,4533,16171,194565,248885.42857142858,324711.4285714286
"2021-05-05 00:00:00",282849,0,20253,8849,187249,265338.4285714286,340291.4285714286
"2021-05-06 00:00:00",218971,0,16732,13431,429736,334312,332891
"2021-05-07 00:00:00",278628,0,4079,5077,160196,361898.4285714286,331235.85714285716
"2021-05-08 00:00:00",198265,0,4677,7522,129048,371964.28571428574,319888.71428571426
"2021-05-09 00:00:00",240401,8015,12197,2628,79509,402234.71428571426,333356
"2021-05-10 00:00:00",66930,22643,6703,8281,76040,405140.14285714284,306462.71428571426
"2021-05-11 00:00:00",137545,0,7201,11302,131568,396648.14285714284,312135.28571428574
"2021-05-12 00:00:00",142985,0,7957,8592,82997,359981,350333.4285714286
"2021-05-13 00:00:00",376292,0,34198,7164,70649,332756.85714285716,368543.14285714284
"2021-05-14 00:00:00",202386,0,9525,6949,161234,323058.85714285716,373725.4285714286
"2021-05-15 00:00:00",92646,0,12736,403,188702,316626.71428571426,350666.85714285716
"2021-05-16 00:00:00",188254,0,6653,10026,78452,308146,351761.4285714286
"2021-05-17 00:00:00",262615,244,16119,6347,71668,333345.4285714286,318667
"2021-05-18 00:00:00",117239,0,23485,12018,140158,334100.4285714286,323995.4285714286
"2021-05-19 00:00:00",394308,0,12431,9487,138046,378635,266612.14285714284
"2021-05-20 00:00:00",97762,0,8104,3205,81222,336062.28571428574,241629.42857142858
"2021-05-21 00:00:00",51002,0,4813,9913,177434,316500.5714285714,236410.57142857142
"2021-05-22 00:00:00",45776,0,9097,10794,103281,298566.5714285714,249387
"2021-05-23 00:00:00",145795,0,8435,5606,98333,294964.14285714284,252400.57142857142
"2021-05-24 00:00:00",60413,0,13270,11288,133641,275195.28571428574,276274.14285714284
"2021-05-25 00:00:00",115077,0,8090,3559,70145,261476.7142857143,271540.4285714286
"2021-05-26 00:00:00",179280,0,6279,2386,118807,226116.42857142858,261895.42857142858
"2021-05-27 00:00:00",97538,0,14722,8498,143155,236633.57142857142,273790
"2021-05-28 00:00:00",254915,0,12317,5290,180940,266676.4285714286,265283.85714285716
"2021-05-29 00:00:00",76441,44180,3542,3891,85081,272988.71428571426,270446.71428571426
"2021-05-30 00:00:00",170996,0,1141,1822,97149,274837.28571428574,249637.2857142857
"2021-05-31 00:00:00",98951,36288,5411,7131,71940,274995.71428571426,234510.2857142857
"2021-06-01 00:00:00",30328,0,6259,8624,77006,264330.85714285716,251008.57142857142
"2021-06-02 00:00:00",326563,22664,12458,11172,73957,284340,272252.4285714286
"2021-06-03 00:00:00",151390,190811,15647,10973,154493,321397.4285714286,267556.5714285714
"2021-06-04 00:00:00",358359,0,12712,5654,145009,331150.5714285714,280767.85714285716
"2021-06-05 00:00:00",218672,0,6856,1805,73952,343743.4285714286,276768.4285714286
"2021-06-06 00:00:00",75241,0,4356,1189,189180,343580.28571428574,289106.28571428574
"2021-06-07 00:00:00",156792,49243,5822,8297,71001,353785.14285714284,284356.71428571426
"2021-06-08 00:00:00",322439,0,11836,10012,141165,405675.85714285716,295869.85714285716
"2021-06-09 00:00:00",208401,3130,8581,10477,94701,388315.28571428574,287629.28571428574
"2021-06-10 00:00:00",349242,0,5730,5175,107484,380360.5714285714,302804.4285714286
"2021-06-11 00:00:00",86920,0,8987,8365,93047,334015.5714285714,325517.28571428574
"2021-06-12 00:00:00",160617,3005,2426,6899,181706,341639.71428571426,292911.85714285716
"2021-06-13 00:00:00",39786,0,4209,474,32121,314014.5714285714,300875.4285714286
"2021-06-14 00:00:00",71437,34163,8686,5183,130318,308105,306186.4285714286
"2021-06-15 00:00:00",183963,23269,7877,12614,146608,292230.71428571426,267901
"2021-06-16 00:00:00",133493,0,15362,5293,108041,283216.28571428574,284925.28571428574
"2021-06-17 00:00:00",101392,0,8730,10116,58702,241974.7142857143,269800.85714285716
"2021-06-18 00:00:00",282213,0,15683,2224,95036,270237.14285714284,268319.4285714286
"2021-06-19 00:00:00",62408,27081,9742,6314,159374,257418,289556.85714285716
"2021-06-20 00:00:00",225867,3130,7546,3254,42734,286838.14285714284,276998.14285714284
"2021-06-21 00:00:00",57966,0,6591,5439,90324,274057.14285714284,291395.14285714284
"2021-06-22 00:00:00",180044,0,9947,10208,88191,261779.85714285713,302727.4285714286
"2021-06-23 00:00:00",142323,0,14467,7907,172627,272513.4285714286,274847
"2021-06-24 00:00:00",80252,3130,9690,4403,208955,290726.28571428574,272313.71428571426
"2021-06-25 00:00:00",144499,0,13928,7419,157018,280398.85714285716,253936.57142857142
"2021-06-26 00:00:00",270418,0,7670,2378,156953,305041.5714285714,275241
"2021-06-27 00:00:00",283371,0,9958,474,255260,343117.4285714286,274350.4285714286
"2021-06-28 00:00:00",58592,3130,14994,7508,108799,347789.4285714286,256641.85714285713
"2021-06-29 00:00:00",97338,0,1220,8587,70838,332017.14285714284,268059.5714285714
"2021-06-30 00:00:00",179549,52978,12251,10130,122156,337694.28571428574,305651.85714285716
"2021-07-01 00:00:00",273425,106195,9204,10022,122090,368338,306328.71428571426
"2021-07-02 00:00:00",148925,0,9176,3785,144431,365974,309719.5714285714
"2021-07-03 00:00:00",280944,0,6665,5478,85371,357551.14285714284,294510.28571428574
"2021-07-04 00:00:00",55811,0,5854,1836,44135,294490.28571428574,327254.85714285716
"2021-07-05 00:00:00",122763,0,10962,7473,103060,301809.28571428574,327846
"2021-07-06 00:00:00",177332,0,7365,11257,284841,345068,346162.5714285714
"2021-07-07 00:00:00",86625,0,8534,6697,263253,343360.14285714284,358896.85714285716
"2021-07-08 00:00:00",370669,0,10209,6512,75558,335076,358847.5714285714
"2021-07-09 00:00:00",206854,43293,10124,6161,57715,337623.28571428574,380584.14285714284
"2021-07-10 00:00:00",109767,0,10857,7277,49172,308854,380010
"2021-07-11 00:00:00",88634,0,6709,0,104012,321956.71428571426,340834.85714285716
"2021-07-12 00:00:00",163742,6656,7999,6229,146206,334324.4285714286,344770.85714285716
"2021-07-13 00:00:00",199512,0,10712,11565,93950,310744.85714285716,330153.14285714284
"2021-07-14 00:00:00",114176,0,9825,8285,157824,300030.5714285714,257251
"2021-07-15 00:00:00",305741,3130,8499,6068,76532,291033.85714285716,257971.57142857142
"2021-07-16 00:00:00",70765,3130,3262,4011,62866,265303.4285714286,219615.7142857143
"2021-07-17 00:00:00",43125,0,6624,9688,149530,269859.71428571426,272484.28571428574
"2021-07-18 00:00:00",196594,0,3208,0,73623,280441,286728
"2021-07-19 00:00:00",71199,46583,16554,8769,123579,271277,275011.14285714284
"2021-07-20 00:00:00",229079,0,6729,10947,95551,275072.4285714286,276376.5714285714
"2021-07-21 00:00:00",265601,0,12976,8213,92297,287783.4285714286,333635.5714285714
"2021-07-22 00:00:00",199449,0,11968,4879,81998,273258.14285714284,364764.14285714284
"2021-07-23 00:00:00",61607,0,10466,3845,250425,299302.28571428574,371718.14285714284
"2021-07-24 00:00:00",172408,0,2104,2784,146885,315761.4285714286,320453
"2021-07-25 00:00:00",109487,0,4005,1189,194254,320834.28571428574,357448.4285714286
"2021-07-26 00:00:00",113849,4054,6596,4591,326756,347857.4285714286,372001.28571428574
"2021-07-27 00:00:00",54396,0,12774,12615,121760,327748.5714285714,371145.4285714286
"2021-07-28 00:00:00",38432,0,8405,5452,117329,297824.4285714286,334585.28571428574
"2021-07-29 00:00:00",92224,0,6532,6903,90091,283175.28571428574,316167.4285714286
"2021-07-30 00:00:00",109481,298,30696,6978,202940,286610.85714285716,316173.5714285714
"2021-07-31 00:00:00",297341,0,5213,13109,252576,321476.28571428574,324702.14285714284
"2021-08-01 00:00:00",43616,0,17361,8526,97817,301245.5714285714,308320.85714285716
"2021-08-02 00:00:00",237351,0,3497,2079,250946,306678.14285714284,295825.28571428574
"2021-08-03 00:00:00",296538,7170,11798,9918,265824,362350,284010.4285714286
"2021-08-04 00:00:00",104671,0,7631,10604,116563,372328.85714285716,303176.71428571426
"2021-08-05 00:00:00",177654,0,8240,10748,38278,377924.5714285714,319726.14285714284
"2021-08-06 00:00:00",172378,0,7434,6175,278438,394215,318296.28571428574
"2021-08-07 00:00:00",125850,0,1788,8938,47051,339270.14285714284,312215.4285714286
"2021-08-08 00:00:00",115401,0,9116,3721,113087,349842.4285714286,278752.28571428574
"2021-08-09 00:00:00",193830,0,16613,6893,46097,316922.4285714286,274398.85714285716
"2021-08-10 00:00:00",292471,3130,11832,9824,138673,297591.28571428574,262151.71428571426
"2021-08-11 00:00:00",114306,0,2951,10620,162772,304902.71428571426,252938.42857142858
"2021-08-12 00:00:00",138559,0,15549,10282,96084,308553.28571428574,236889.2857142857
"2021-08-13 00:00:00",90562,0,7764,9868,341240,306411.71428571426,255711.57142857142
"2021-08-14 00:00:00",159007,0,3496,11173,134752,324240.5714285714,248231
"2021-08-15 00:00:00",19366,0,8528,3642,78939,305547.71428571426,259937.42857142858
"2021-08-16 00:00:00",84917,298,8198,3964,305957,325533.5714285714,292854.5714285714
"2021-08-17 00:00:00",323302,0,10473,7799,102088,323781,306555.85714285716
"2021-08-18 00:00:00",60311,0,6831,8088,260070,330159.4285714286,334520.14285714284
"2021-08-19 00:00:00",226146,0,5104,5984,118765,343806,348667.71428571426
"2021-08-20 00:00:00",57267,0,24240,4992,52700,299486.71428571426,363588.71428571426
"2021-08-21 00:00:00",69493,0,4565,10072,219547,298808,347375.14285714284
"2021-08-22 00:00:00",96128,0,6176,5989,75874,309335.28571428574,360318.85714285716
"2021-08-23 00:00:00",117768,35177,7900,5906,50339,282729,341558.14285714284
"2021-08-24 00:00:00",309436,0,18899,14173,158892,290977.28571428574,340670.14285714284
"2021-08-25 00:00:00",167824,0,7382,6649,199062,297494.14285714284,316897.5714285714
"2021-08-26 00:00:00",88899,0,13860,6224,40460,267986.14285714284,271245.5714285714
"2021-08-27 00:00:00",289910,0,12580,6099,67055,301764.14285714284,255804.14285714287
"2021-08-28 00:00:00",229952,0,23967,6967,131259,314402.4285714286,279746
"2021-08-29 00:00:00",57586,64377,6099,3642,107064,322202.71428571426,255721.7142857143
"2021-08-30 00:00:00",277071,0,4554,8114,104665,347533.14285714284,251321.85714285713
"2021-08-31 00:00:00",92368,43949,8181,10685,105967,313211.85714285716,244064.57142857142
"2021-09-01 00:00:00",239157,0,4858,9718,163607,318415.14285714284,245943.14285714287
"2021-09-02 00:00:00",271229,0,5714,8720,64053,347025.5714285714,261617.85714285713
"2021-09-03 00:00:00",211197,0,8145,6926,119189,342712.85714285716,252180.42857142858
"2021-09-04 00:00:00",216365,0,4503,4414,174831,343851.28571428574,262730
"2021-09-05 00:00:00",73762,0,6381,2616,96769,335388.28571428574,272967.14285714284
"2021-09-06 00:00:00",91010,8648,9623,7455,92088,308877.14285714284,282800
"2021-09-07 00:00:00",133040,0,3217,13564,134604,312202,298663.14285714284
"2021-09-08 00:00:00",223206,0,19761,7297,200389,316960.85714285716,327712
"2021-09-09 00:00:00",184414,44449,11650,18448,207800,333681.71428571426,345524.85714285716
"2021-09-10 00:00:00",110877,0,6350,2607,126478,319518.14285714284,337025
"2021-09-11 00:00:00",296863,0,13166,4215,69813,317224.28571428574,329288.5714285714
"2021-09-12 00:00:00",55686,0,7383,4260,74919,311898.5714285714,323521.5714285714
"2021-09-13 00:00:00",84525,0,15444,5468,131243,315877.85714285716,327529
"2021-09-14 00:00:00",39866,0,19529,8916,82706,296819.5714285714,331466.85714285716
"2021-09-15 00:00:00",190362,0,3513,8346,111361,277238.4285714286,278796.14285714284
"2021-09-16 00:00:00",249751,0,9294,8881,237460,282756.14285714284,291149.28571428574
"2021-09-17 00:00:00",189450,0,5563,5876,81341,287887.4285714286,307102.28571428574
"2021-09-18 00:00:00",173984,47016,6875,8885,149016,288133,306041
"2021-09-19 00:00:00",129711,0,23638,398,41004,295633.4285714286,315647.71428571426
"2021-09-20 00:00:00",74607,0,8226,8714,214567,305552.5714285714,313579.85714285716
"2021-09-21 00:00:00",286480,0,5973,8275,95741,340617.14285714284,316124.28571428574
"2021-09-22 00:00:00",250513,0,13156,9574,142742,355245.85714285716,342111
"2021-09-23 00:00:00",129169,0,11166,11094,132919,323669,314199.28571428574
"2021-09-24 00:00:00",161249,0,3233,6274,299248,350493.71428571426,307747.4285714286
"2021-09-25 00:00:00",138739,38427,5183,6762,71031,332546.14285714284,283212
"2021-09-26 00:00:00",84347,0,8565,1189,90004,331025.28571428574,264008
"2021-09-27 00:00:00",26558,0,5717,5871,164686,316270.71428571426,261588.14285714287
"2021-09-28 00:00:00",105299,0,7920,13361,203754,306822.85714285716,252715.42857142858
"2021-09-29 00:00:00",115488,0,11146,9727,119103,283891.28571428574,249604.7142857143
"2021-09-30 00:00:00",293103,298,6310,8686,80974,298894.5714285714,267950
"2021-10-01 00:00:00",70469,0,8384,4869,81080,255294.2857142857,263171.28571428574
"2021-10-02 00:00:00",99156,0,8227,7895,239175,268767.28571428574,282911.14285714284
"2021-10-03 00:00:00",86502,48515,5630,3683,103555,277878.85714285716,306751.28571428574
"2021-10-04 00:00:00",98004,0,10564,6176,262285,302764,315214.71428571426
"2021-10-05 00:00:00",177546,0,14013,10292,110439,300186.14285714284,302645
"2021-10-06 00:00:00",312802,3130,6796,9160,169283,335287.14285714284,292772.71428571426
"2021-10-07 00:00:00",86421,0,12035,8367,195720,322883,290349.71428571426
"2021-10-08 00:00:00",256492,0,6098,6107,160615,360670.28571428574,281665.14285714284
"2021-10-09 00:00:00",166107,45385,4977,3128,148877,362673.28571428574,302942.5714285714
"2021-10-10 00:00:00",57001,22133,6357,2456,88076,352407.28571428574,301890
"2021-10-11 00:00:00",140785,0,5721,6797,106925,335721.4285714286,292906.4285714286
"2021-10-12 00:00:00",50880,10324,8598,13794,103571,317847.14285714284,306683.85714285716
"2021-10-13 00:00:00",218080,0,4146,10274,62156,288345,297966.4285714286
"2021-10-14 00:00:00",207662,0,13575,9704,131145,296851.28571428574,283279.14285714284
"2021-10-15 00:00:00",237532,0,13831,6737,146505,293321.71428571426,338288.14285714284
"2021-10-16 00:00:00",86539,0,4729,5232,198239,282788.14285714284,302705.14285714284
"2021-10-17 00:00:00",115244,3130,5009,6021,106670,291366.5714285714,324221.71428571426
"2021-10-18 00:00:00",58389,0,7895,4495,206727,293834.85714285716,331615.14285714284
"2021-10-19 00:00:00",192947,0,7818,13172,134309,316846.14285714284,326987
"2021-10-20 00:00:00",451590,78165,16879,9089,81633,365803.28571428574,419000.5714285714
"2021-10-21 00:00:00",64921,0,5854,8159,113464,341562.14285714284,408705.85714285716
"2021-10-22 00:00:00",94675,41570,12472,5896,131115,324579.71428571426,408689.71428571426
"2021-10-23 00:00:00",67514,298,3077,435,165519,316308.5714285714,426006.14285714284
"2021-10-24 00:00:00",193164,0,2200,1189,259949,347798.4285714286,403238.71428571426
"2021-10-25 00:00:00",257919,41636,10161,6031,133184,372287.71428571426,424286.71428571426
"2021-10-26 00:00:00",196383,139,9991,8434,80960,364810.4285714286,418171.28571428574
"2021-10-27 00:00:00",210551,6058,13144,11203,92038,321330.14285714284,322432.71428571426
"2021-10-28 00:00:00",63525,27569,4964,5658,129620,326892.71428571426,340978.71428571426
"2021-10-29 00:00:00",99209,0,11001,9781,306770,347040.14285714284,308376.4285714286
"2021-10-30 00:00:00",85162,32992,5948,8869,43688,338442.5714285714,323958
"2021-10-31 00:00:00",130839,26497,5154,2458,154247,318827.4285714286,312242.5714285714
"2021-11-01 00:00:00",493448,8865,10708,6276,61476,337662.14285714284,283760.71428571426
"2021-11-02 00:00:00",83388,298,16540,12494,56300,319535.4285714286,286530.28571428574
"2021-11-03 00:00:00",83299,568,14337,12467,116346,304396,319144.28571428574
"2021-11-04 00:00:00",65703,10484,6392,4532,115841,300341,352050
"2021-11-05 00:00:00",132935,0,5451,6826,145133,280853.14285714284,354108.28571428574
"2021-11-06 00:00:00",82006,0,4838,3087,155758,290714.71428571426,378010.5714285714
"2021-11-07 00:00:00",13673,0,10329,0,287478,289612.4285714286,372344.14285714284
"2021-11-08 00:00:00",255489,0,22445,8345,83872,259523.57142857142,370102.4285714286
"2021-11-09 00:00:00",54771,0,2836,13383,106993,260804.14285714287,373187.5714285714
"2021-11-10 00:00:00",240753,69561,17314,4403,85688,288047.28571428574,345142.85714285716
"2021-11-11 00:00:00",58941,0,6001,13292,94674,283755.4285714286,352163.14285714284
"2021-11-12 00:00:00",171869,0,7536,2800,164739,291841,377545.71428571426
"2021-11-13 00:00:00",103954,0,4972,4164,154377,294952.14285714284,356642.85714285716
"2021-11-14 00:00:00",204701,0,5917,3025,191106,308276.28571428574,374687.4285714286
"2021-11-15 00:00:00",66760,0,7858,1796,137281,285925.28571428574,364582.5714285714
"2021-11-16 00:00:00",310377,3130,11428,11342,300320,351441.4285714286,397628.71428571426
"2021-11-17 00:00:00",196664,649,13253,10151,111128,339173.85714285716,403597.85714285716
"2021-11-18 00:00:00",147716,0,6067,6659,93324,350724.85714285716,391814.28571428574
"2021-11-19 00:00:00",298612,3130,18579,6799,56063,355901.71428571426,353478.14285714284
"2021-11-20 00:00:00",38945,0,6474,3732,87281,337182.4285714286,366253.85714285716
"2021-11-21 00:00:00",213803,0,6462,83,43747,317089,356951.28571428574
"2021-11-22 00:00:00",88127,0,12397,6781,244957,336884.4285714286,353698.28571428574
"2021-11-23 00:00:00",353012,0,11163,14491,210886,330163.71428571426,321527
"2021-11-24 00:00:00",161743,0,3561,9469,179847,333417,345082.28571428574
"2021-11-25 00:00:00",142136,43063,4990,12526,228514,358769,308911.4285714286
"2021-11-26 00:00:00",106981,0,11565,6083,72287,332159.5714285714,329361.28571428574
"2021-11-27 00:00:00",77325,51272,11532,2612,74211,343662.4285714286,336396.71428571426
"2021-11-28 00:00:00",93057,0,2221,4260,242028,354729.71428571426,342435.71428571426
"2021-11-29 00:00:00",259066,0,6134,4921,101738,357529.14285714284,372597.28571428574
"2021-11-30 00:00:00",34775,0,8417,10610,114182,297305.14285714284,358205
"2021-12-01 00:00:00",41600,0,7326,10382,304310,298590.71428571426,330185.85714285716
"2021-12-02 00:00:00",322859,3130,5801,7334,113784,301687.71428571426,400991
"2021-12-03 00:00:00",181294,0,6926,12256,65306,311525.71428571426,376818.85714285716
"2021-12-04 00:00:00",69613,0,7389,4917,214526,322881.85714285716,322143
"2021-12-05 00:00:00",253677,0,1782,2695,142047,331258.4285714286,307549.28571428574
"2021-12-06 00:00:00",150768,0,5221,1797,73090,311118,280751.85714285716
"2021-12-07 00:00:00",32691,39242,8152,8907,126535,317910.14285714284,322723.14285714284
"2021-12-08 00:00:00",273118,34952,4225,6506,121082,328805.28571428574,367565
"2021-12-09 00:00:00",60117,0,4453,7711,88939,287135.5714285714,282646.28571428574
"2021-12-10 00:00:00",163603,0,8049,3627,124174,291945.71428571426,323981.14285714284
"2021-12-11 00:00:00",81856,0,8557,4374,117342,279900.5714285714,343110.71428571426
"2021-12-12 00:00:00",178820,0,3017,7779,147513,270890.14285714284,349406.71428571426
"2021-12-13 00:00:00",301349,0,8095,1189,87689,294811,356153.71428571426
"2021-12-14 00:00:00",40982,971,4299,7826,168227,295779.14285714284,353430
"2021-12-15 00:00:00",280352,0,11581,7659,90690,288693.28571428574,301279.28571428574
"2021-12-16 00:00:00",179843,0,6950,4412,136188,312432.28571428574,316448.85714285716
"2021-12-17 00:00:00",131917,73974,7081,5379,114568,317213.14285714284,288190.71428571426
"2021-12-18 00:00:00",84498,0,8044,6113,27701,304959.85714285716,273344.28571428574
"2021-12-19 00:00:00",99203,125567,3249,317,75126,300150.28571428574,292756.71428571426
"2021-12-20 00:00:00",279959,0,11238,5408,175921,310751.14285714284,305591.85714285716
"2021-12-21 00:00:00",51576,0,4890,6623,461356,353913.85714285716,293537.4285714286
"2021-12-22 00:00:00",223791,0,10120,4603,48700,339189.71428571426,378470
"2021-12-23 00:00:00",360552,4361,9925,3910,85455,358733.85714285716,365118
"2021-12-24 00:00:00",115102,0,7522,6453,65689,338997.85714285716,352471.5714285714
"2021-12-25 00:00:00",26961,0,4790,0,55332,333387.28571428574,331603
"2021-12-26 00:00:00",30335,0,3875,0,29944,299200.4285714286,329965.4285714286
"2021-12-27 00:00:00",42778,0,5836,1422,63640,247936,335751.71428571426
"2021-12-28 00:00:00",76498,0,3553,2764,62871,193827.42857142858,336591.71428571426
"2021-12-29 00:00:00",132792,68727,3326,9979,104572,198424.85714285713,253367
"2021-12-30 00:00:00",314496,0,5092,3821,28542,182388.85714285713,315380.5714285714
"2021-12-31 00:00:00",50960,2292,7987,2453,177169,188973.7142857143,320046.4285714286
"2022-01-01 00:00:00",33078,0,2951,0,99248,195858.57142857142,327357.85714285716
"2022-01-02 00:00:00",161169,0,4196,3481,72052,221107.7142857143,310368.4285714286
"2022-01-03 00:00:00",41051,0,5556,816,209573,241582,311158.14285714284
"2022-01-04 00:00:00",57246,0,3648,0,260705,266712.5714285714,282202.5714285714
"2022-01-05 00:00:00",190250,44449,9644,9405,106068,272486.85714285716,299711.28571428574
"2022-01-06 00:00:00",93844,0,5976,13165,131299,257106,267424.71428571426
"2022-01-07 00:00:00",97722,0,4924,9375,246022,273846.14285714284,270706.71428571426
"2022-01-08 00:00:00",206858,0,9101,2138,130271,304287.71428571426,325804.14285714284
"2022-01-09 00:00:00",68032,0,3382,8275,144958,301966.14285714284,337821.71428571426
"2022-01-10 00:00:00",70269,0,7230,3027,80594,288269.4285714286,314346.5714285714
"2022-01-11 00:00:00",68992,45012,11141,8060,306511,305143.4285714286,342731.4285714286
"2022-01-12 00:00:00",80732,0,8839,5880,57750,275627,344813.4285714286
"2022-01-13 00:00:00",15593,244,4288,7611,59682,253217.42857142858,331194.4285714286
"2022-01-14 00:00:00",268214,10649,7804,7790,261019,281422.14285714284,361608.28571428574
"2022-01-15 00:00:00",162633,0,688,8534,88814,268893.85714285716,319851.4285714286
"2022-01-16 00:00:00",444387,48814,2774,1189,170638,332201.85714285716,326667
"2022-01-17 00:00:00",33972,0,10040,7545,77246,327585.14285714284,353493.85714285716
"2022-01-18 00:00:00",224227,0,9944,6399,62373,308046,409643.14285714284
"2022-01-19 00:00:00",94888,0,19508,4684,331655,350550.71428571426,377324.5714285714
"2022-01-20 00:00:00",203638,0,2762,6180,129885,386986.14285714284,365504.85714285716
"2022-01-21 00:00:00",236891,0,10543,5498,240578,378134,366729.28571428574
"2022-01-22 00:00:00",80543,0,6724,4104,90194,366833.4285714286,357823.5714285714
"2022-01-23 00:00:00",100194,0,6018,4371,84048,299237.5714285714,372360.4285714286
"2022-01-24 00:00:00",209738,0,14430,7296,73108,324347.5714285714,363424.14285714284
"2022-01-25 00:00:00",73480,0,3024,8581,144306,313840.14285714284,289806.5714285714
"2022-01-26 00:00:00",137394,14855,2993,5334,72732,282779.14285714284,306961
"2022-01-27 00:00:00",86271,12630,13409,11161,68474,261276.2857142857,331891
"2022-01-28 00:00:00",162222,1396,7321,9131,291613,258158,285725.14285714284
"2022-01-29 00:00:00",197244,0,5768,4826,44875,268321.85714285716,298351.85714285716
"2022-01-30 00:00:00",240930,703,3137,3552,84885,288118.5714285714,297018.5714285714
"2022-01-31 00:00:00",17666,42577,2057,5137,29680,258482.14285714287,308193
"2022-02-01 00:00:00",269925,3130,5257,16742,104864,282843.14285714284,351442.28571428574
"2022-02-02 00:00:00",86377,0,10097,6800,140085,284279.14285714284,369254
"2022-02-03 00:00:00",130986,28487,8220,5946,150635,303183.28571428574,381943.85714285716
"2022-02-04 00:00:00",108331,0,12051,1305,49783,260295.85714285713,414830.28571428574
"2022-02-05 00:00:00",369717,27277,5406,6138,70645,292648.85714285716,428253.71428571426
"2022-02-06 00:00:00",40597,0,2503,3361,351958,301964.71428571426,381370.85714285716
"2022-02-07 00:00:00",221035,32008,14335,2809,41554,332625.28571428574,353616
"2022-02-08 00:00:00",82267,1587,14705,17440,263803,329751.71428571426,295437.5714285714
"2022-02-09 00:00:00",141917,12521,11783,2684,79164,330424.71428571426,297414.85714285716
"2022-02-10 00:00:00",76871,0,7169,11554,52909,305314.5714285714,287531.5714285714
"2022-02-11 00:00:00",119656,0,9006,7186,128603,318597.4285714286,280912.71428571426
"2022-02-12 00:00:00",298416,0,8618,10193,126517,313534.71428571426,288741.14285714284
"2022-02-13 00:00:00",215200,0,6463,0,104142,303161.14285714284,310577
"2022-02-14 00:00:00",132341,0,11905,11125,294564,322903,329634.85714285716
"2022-02-15 00:00:00",149696,0,4228,9586,141941,312281.28571428574,349293.28571428574
"2022-02-16 00:00:00",160992,35924,9886,8382,64289,316767.5714285714,335974.71428571426
"2022-02-17 00:00:00",140136,3130,9997,10424,205228,348255.14285714284,316673.85714285716
"2022-02-18 00:00:00",29764,0,7133,392,25217,319405.85714285716,311186.5714285714
"2022-02-19 00:00:00",20359,0,966,11133,141400,280850.5714285714,344659.14285714284
"2022-02-20 00:00:00",67985,0,9485,1611,86938,258024,359619.71428571426
"2022-02-21 00:00:00",37516,0,6765,1242,62024,209111.57142857142,370406
"2022-02-22 00:00:00",91480,5258,6031,9058,117878,198291,393506.85714285716
"2022-02-23 00:00:00",235091,3130,11969,9246,102430,210061.2857142857,394208.4285714286
"2022-02-24 00:00:00",126367,0,29051,3664,104990,195083.42857142858,414811
"2022-02-25 00:00:00",179351,44074,10000,10244,135559,240329.7142857143,409632.5714285714
"2022-02-26 00:00:00",228050,45012,6277,2987,62540,264759.4285714286,366310.4285714286
"2022-02-27 00:00:00",198852,0,9649,7039,88392,284461.28571428574,348041
"2022-02-28 00:00:00",200034,0,13910,5056,114554,316748,379933.14285714284
"2022-03-01 00:00:00",91836,33246,7528,13234,76452,315689.28571428574,351744.4285714286
"2022-03-02 00:00:00",242746,0,6158,6206,95127,314028,362077.4285714286
"2022-03-03 00:00:00",80469,19056,10414,8049,79176,304469.71428571426,334193.28571428574
"2022-03-04 00:00:00",69462,3130,10093,9328,210702,293539.14285714284,347623.71428571426
"2022-03-05 00:00:00",125530,0,11089,12237,96486,279321.5714285714,342768.5714285714
"2022-03-06 00:00:00",269484,0,5474,5973,51945,283456.4285714286,329683.14285714284
"2022-03-07 00:00:00",42977,20674,6957,5523,164770,270220.28571428574,293936.5714285714
"2022-03-08 00:00:00",85837,35870,9821,9631,109600,274286.5714285714,293085.5714285714
"2022-03-09 00:00:00",179091,49411,12575,9892,85999,272390.85714285716,296450.4285714286
"2022-03-10 00:00:00",166742,0,14122,4879,143472,291255.28571428574,334760
"2022-03-11 00:00:00",113030,1548,6624,5855,36035,271309.14285714284,293279.71428571426
"2022-03-12 00:00:00",156120,3130,9370,4741,165203,284626.5714285714,302960.28571428574
"2022-03-13 00:00:00",36411,298,5349,4423,101095,258155.2857142857,309218.14285714284
"2022-03-14 00:00:00",278024,0,7181,9001,134320,284958.71428571426,288696.14285714284
"2022-03-15 00:00:00",42544,0,5010,9045,305176,300818,304198
"2022-03-16 00:00:00",170678,0,11884,9019,62270,288944.14285714284,274618
"2022-03-17 00:00:00",170090,27542,15268,12548,97426,288038.71428571426,231650.14285714287
"2022-03-18 00:00:00",139012,0,4889,6330,111129,302076.85714285716,302371.5714285714
"2022-03-19 00:00:00",143222,31492,17888,5963,190698,309319.71428571426,288348.4285714286
"2022-03-20 00:00:00",88115,53381,7169,0,177049,334767.85714285716,316844.85714285716
"2022-03-21 00:00:00",245309,0,9203,13290,284732,352483.4285714286,310639.71428571426
"2022-03-22 00:00:00",23503,28051,6184,12625,88034,323429.5714285714,312888.4285714286
"2022-03-23 00:00:00",211005,0,13906,10014,126109,338741.71428571426,368312.5714285714
"2022-03-24 00:00:00",100960,32961,5656,11006,190225,341303.5714285714,394875.5714285714
"2022-03-25 00:00:00",101524,0,14012,12791,186988,349011.4285714286,328871.5714285714
"2022-03-26 00:00:00",164011,0,7597,6311,81664,330485.5714285714,329078.5714285714
"2022-03-27 00:00:00",59152,0,4935,3552,105561,308698,337200.14285714284
"2022-03-28 00:00:00",54253,46204,16094,8548,204136,276798.28571428574,355169.71428571426
"2022-03-29 00:00:00",142607,0,15624,10239,100375,292576.28571428574,347679.4285714286
"2022-03-30 00:00:00",314336,61180,12323,11654,68385,307839.85714285716,325347.4285714286
"2022-03-31 00:00:00",51271,0,13966,6612,67466,279055,303294.5714285714
"2022-04-01 00:00:00",55622,0,6815,7563,105734,259114.85714285713,322501
"2022-04-02 00:00:00",137561,298,8807,8645,105285,259259.57142857142,320292.14285714284
"2022-04-03 00:00:00",293957,0,8598,3521,43626,284474,309042.4285714286
"2022-04-04 00:00:00",219211,49303,16071,7451,113076,295313.4285714286,323008.5714285714
"2022-04-05 00:00:00",247172,0,8032,17852,251709,331873.5714285714,301896.71428571426
"2022-04-06 00:00:00",109340,0,5615,4781,61910,290983,295944.71428571426
"2022-04-07 00:00:00",29700,45012,11922,15473,194766,313491.28571428574,319212.85714285716
"2022-04-08 00:00:00",85374,0,12773,6095,126123,321295.71428571426,342608
"2022-04-09 00:00:00",90953,0,6991,8913,202972,328329,342682
"2022-04-10 00:00:00",200325,26713,8768,10109,56588,321586.5714285714,329116.85714285716
"2022-04-11 00:00:00",106420,0,10776,10511,92586,295183.71428571426,323310.85714285716
"2022-04-12 00:00:00",186954,28928,7203,11838,73356,264257.28571428574,330105.28571428574
"2022-04-13 00:00:00",165380,0,15531,9357,101416,279977.14285714284,298499.14285714284
"2022-04-14 00:00:00",69865,0,22002,7634,41335,257686.2857142857,290587.71428571426
"2022-04-15 00:00:00",386379,298,4965,8578,269692,320478.85714285716,258692.42857142858
"2022-04-16 00:00:00",39362,0,7200,4170,170082,307762.28571428574,275896.28571428574
"2022-04-17 00:00:00",207208,0,6274,4951,713384,397664.14285714284,279560.28571428574
"2022-04-18 00:00:00",110141,0,7201,5434,101182,398187.5714285714,293796.5714285714
"2022-04-19 00:00:00",37135,2548,2022,3388,51017,367877.71428571426,285583.14285714284
"2022-04-20 00:00:00",98959,0,13298,14486,157368,366795.5714285714,295870.5714285714
"2022-04-21 00:00:00",76937,0,6600,7143,108677,375155.4285714286,287261.85714285716
"2022-04-22 00:00:00",91612,0,12671,10469,106689,311088,301612.71428571426
"2022-04-23 00:00:00",216267,0,5144,9579,96574,326338,353796.85714285716
"2022-04-24 00:00:00",141266,0,10839,3942,56894,223641.42857142858,350985.5714285714
"2022-04-25 00:00:00",89517,44449,7026,10746,85745,225573.7142857143,314001.71428571426
"2022-04-26 00:00:00",127509,0,4124,11456,110461,248065.14285714287,341049.28571428574
"2022-04-27 00:00:00",119893,0,10819,5474,142218,247249.85714285713,355556.4285714286
"2022-04-28 00:00:00",143314,0,14426,8606,66247,251998,373235
"2022-04-29 00:00:00",49033,3428,8658,3664,398681,286572.71428571426,353899.4285714286
"2022-04-30 00:00:00",45704,0,11246,10978,107770,264877.5714285714,285982.85714285716
"2022-05-01 00:00:00",24133,0,3899,4943,166014,262884.4285714286,284589.71428571426
"2022-05-02 00:00:00",280987,21533,17732,2631,53009,282657.4285714286,274052.4285714286
"2022-05-03 00:00:00",148131,0,7005,14229,53168,278226.28571428574,248191.42857142858
"2022-05-04 00:00:00",219294,0,15574,11570,300806,316632,248885.42857142858
"2022-05-05 00:00:00",104534,43886,15722,12793,137653,328345.4285714286,265338.4285714286
"2022-05-06 00:00:00",109268,3130,9051,2993,93382,293254,334312
"2022-05-07 00:00:00",41866,0,8489,13831,173522,302112.5714285714,361898.4285714286
"2022-05-08 00:00:00",162670,1199,4328,5273,168694,322566,371964.28571428574
"2022-05-09 00:00:00",200589,0,5318,6093,175797,324266.5714285714,402234.71428571426
"2022-05-10 00:00:00",63765,3130,19334,9350,139717,326090,405140.14285714284
"2022-05-11 00:00:00",103626,0,12939,10765,99331,280292.4285714286,396648.14285714284
"2022-05-12 00:00:00",111830,34129,11541,5003,45838,265114.28571428574,359981
"2022-05-13 00:00:00",141829,57084,3544,9063,404493,321998.71428571426,332756.85714285716
"2022-05-14 00:00:00",76724,0,2867,3640,170715,324318.4285714286,323058.85714285716
"2022-05-15 00:00:00",63983,3130,3403,6515,156952,308864.14285714284,316626.71428571426
"2022-05-16 00:00:00",366420,3130,4739,6715,115187,324348.85714285716,308146
"2022-05-17 00:00:00",120323,0,5530,7940,354034,360424.71428571426,333345.4285714286
"2022-05-18 00:00:00",69424,0,12154,9520,137910,360760,334100.4285714286
"2022-05-19 00:00:00",64646,3130,12506,9313,140786,363908.71428571426,378635
"2022-05-20 00:00:00",279835,0,7726,6854,56337,326014,336062.28571428574
"2022-05-21 00:00:00",68129,31331,2284,6012,45395,311615,316500.5714285714
"2022-05-22 00:00:00",41447,0,8052,406,74288,295930.71428571426,298566.5714285714
"2022-05-23 00:00:00",93262,0,23382,14958,112383,259901.42857142858,294964.14285714284
"2022-05-24 00:00:00",46567,0,4209,11376,190709,226334.85714285713,275195.28571428574
"2022-05-25 00:00:00",185792,577,7090,7696,140252,242392,261476.7142857143
"2022-05-26 00:00:00",238547,3130,12123,7265,62026,255636.2857142857,226116.42857142858
"2022-05-27 00:00:00",56786,3130,6630,2425,106559,230604.7142857143,236633.57142857142
"2022-05-28 00:00:00",170628,0,3338,2851,132308,252886.42857142858,266676.4285714286
"2022-05-29 00:00:00",109898,8329,8613,4929,233945,287389.4285714286,272988.71428571426
"2022-05-30 00:00:00",192083,3130,5873,7777,135657,301751.4285714286,274837.28571428574
"2022-05-31 00:00:00",21101,0,11843,10871,110635,287692.5714285714,274995.71428571426
"2022-06-01 00:00:00",80257,0,12842,8748,166624,277273.14285714284,264330.85714285716
"2022-06-02 00:00:00",282067,1197,19961,9261,90288,288656.5714285714,284340
"2022-06-03 00:00:00",104015,0,8899,12678,73648,292043.71428571426,321397.4285714286
"2022-06-04 00:00:00",287283,0,3107,2439,89556,302509.4285714286,331150.5714285714
"2022-06-05 00:00:00",60985,0,3569,3953,188558,286988,343743.4285714286
"2022-06-06 00:00:00",84108,0,12110,634,99133,265768.71428571426,343580.28571428574
"2022-06-07 00:00:00",73915,1035,15794,12168,72701,268792,353785.14285714284
"2022-06-08 00:00:00",186865,31950,13262,7950,61849,273564,405675.85714285716
"2022-06-09 00:00:00",109273,3385,13252,7242,129210,253505,388315.28571428574
"2022-06-10 00:00:00",70125,48595,13419,4551,135504,263927,380360.5714285714
"2022-06-11 00:00:00",169836,0,7220,8452,91699,248901.7142857143,334015.5714285714
"2022-06-12 00:00:00",92683,0,7797,634,258550,263558.5714285714,341639.71428571426
"2022-06-13 00:00:00",77681,298,7089,9407,61061,257780.14285714287,314014.5714285714
"2022-06-14 00:00:00",23301,0,20831,15677,223078,273105.14285714284,308105
"2022-06-15 00:00:00",42911,0,23027,13467,297563,283832.71428571426,292230.71428571426
"2022-06-16 00:00:00",355826,3130,10021,9560,135290,319756.28571428574,283216.28571428574
"2022-06-17 00:00:00",121625,0,15954,8432,127332,319920.4285714286,241974.7142857143
"2022-06-18 00:00:00",150454,0,4295,8072,82385,315348.71428571426,270237.14285714284
"2022-06-19 00:00:00",96563,0,8721,1836,87187,291726.5714285714,257418
"2022-06-20 00:00:00",82056,21403,5871,8099,152930,308130,286838.14285714284
"2022-06-21 00:00:00",179703,66847,9602,15493,65411,315868.4285714286,274057.14285714284
"2022-06-22 00:00:00",115291,3130,20110,11383,151222,305035.28571428574,261779.85714285713
"2022-06-23 00:00:00",88048,0,6338,10881,54686,254481.7142857143,272513.4285714286
"2022-06-24 00:00:00",55382,0,5545,3047,60802,233257.85714285713,290726.28571428574
"2022-06-25 00:00:00",56143,3130,7059,10917,65051,218557.14285714287,280398.85714285716
"2022-06-26 00:00:00",240490,1045,7828,1189,145673,247402.57142857142,305041.5714285714
"2022-06-27 00:00:00",182165,0,10205,5153,58669,245378.57142857142,343117.4285714286
"2022-06-28 00:00:00",246827,44449,6943,17122,102848,256969,347789.4285714286
"2022-06-29 00:00:00",120836,0,10864,7968,77113,244918.14285714287,332017.14285714284
"2022-06-30 00:00:00",141307,9688,12477,13068,195990,275286.4285714286,337694.28571428574
"2022-07-01 00:00:00",263424,0,8584,4138,108521,312413.5714285714,368338
"2022-07-02 00:00:00",47300,0,9039,8127,98248,315329.85714285716,365974
"2022-07-03 00:00:00",156761,109949,3856,1189,85342,309740.14285714284,357551.14285714284
"2022-07-04 00:00:00",67216,0,3928,8290,247001,319775,294490.28571428574
"2022-07-05 00:00:00",129182,0,17200,13106,86762,295212.28571428574,301809.28571428574
"2022-07-06 00:00:00",106191,0,20072,9206,93136,296901.4285714286,345068
"2022-07-07 00:00:00",192756,0,15918,9753,302510,318102.28571428574,343360.14285714284
"2022-07-08 00:00:00",110919,5501,9137,8147,197992,310535.14285714284,335076
"2022-07-09 00:00:00",366346,0,2959,12731,185939,368429.4285714286,337623.28571428574
"2022-07-10 00:00:00",78291,44928,1512,3870,338457,384138,308854
"2022-07-11 00:00:00",185626,3130,9986,3279,51527,373725.5714285714,321956.71428571426
"2022-07-12 00:00:00",69670,0,2431,18548,231242,384531.28571428574,334324.4285714286
"2022-07-13 00:00:00",187314,0,15243,8656,149217,403363.5714285714,310744.85714285716
"2022-07-14 00:00:00",64965,0,15766,6295,52719,348907.71428571426,300030.5714285714
"2022-07-15 00:00:00",105838,19286,3620,7698,82162,332751.85714285716,291033.85714285716
"2022-07-16 00:00:00",38611,72742,11716,3489,154231,291725.28571428574,265303.4285714286
"2022-07-17 00:00:00",191263,490,10829,2033,132016,273093,269859.71428571426
"2022-07-18 00:00:00",101339,3130,3934,11068,96872,267778,280441
"2022-07-19 00:00:00",67266,0,12032,9442,77068,245480.42857142858,271277
"2022-07-20 00:00:00",97682,3130,15892,12547,91009,225456.14285714287,275072.4285714286
"2022-07-21 00:00:00",201360,3402,6352,4325,85288,248453.57142857142,287783.4285714286
"2022-07-22 00:00:00",213560,721,9469,8224,115038,266797.5714285714,273258.14285714284
"2022-07-23 00:00:00",149337,40677,3613,3796,111145,270766.14285714284,299302.28571428574
"2022-07-24 00:00:00",104680,3130,2811,0,37930,243897.42857142858,315761.4285714286
"2022-07-25 00:00:00",101052,3130,10627,7198,171288,254890.2857142857,320834.28571428574
"2022-07-26 00:00:00",54422,74017,5586,11754,193776,279711.4285714286,347857.4285714286
"2022-07-27 00:00:00",100950,0,16291,8625,102157,280820.28571428574,327748.5714285714
"2022-07-28 00:00:00",176583,0,17819,6911,88248,279225,297824.4285714286
"2022-07-29 00:00:00",192361,3130,8799,11296,163101,283749.71428571426,283175.28571428574
"2022-07-30 00:00:00",52511,47162,14607,2607,86662,268747.14285714284,286610.85714285716
"2022-07-31 00:00:00",111936,0,10940,1463,224113,297304.4285714286,321476.28571428574
"2022-08-01 00:00:00",120918,0,9604,9813,68194,285195.14285714284,301245.5714285714
"2022-08-02 00:00:00",155527,57484,9685,13264,97072,284263.28571428574,306678.14285714284
"2022-08-03 00:00:00",122203,684,14417,8872,95041,286148.14285714284,362350
"2022-08-04 00:00:00",135507,0,14631,11252,56304,275881.4285714286,372328.85714285716
"2022-08-05 00:00:00",178167,0,8462,11051,67328,259641.57142857142,377924.5714285714
"2022-08-06 00:00:00",99470,0,6696,9235,148367,268244.14285714284,394215
"2022-08-07 00:00:00",80494,0,2504,1836,108407,246071.14285714287,339270.14285714284
"2022-08-08 00:00:00",179878,0,12299,7381,200407,273419.14285714284,349842.4285714286
"2022-08-09 00:00:00",196419,0,10222,13788,72357,267669.71428571426,316922.4285714286
"2022-08-10 00:00:00",101379,54369,8340,13325,75077,269280.4285714286,297591.28571428574
"2022-08-11 00:00:00",225935,12317,11050,7927,113999,291214,304902.71428571426
"2022-08-12 00:00:00",215213,0,8466,11735,75621,297789.28571428574,308553.28571428574
"2022-08-13 00:00:00",182241,298,3543,2913,246817,322367,306411.71428571426
"2022-08-14 00:00:00",54505,0,10187,1379,201949,333049.85714285716,324240.5714285714
"2022-08-15 00:00:00",97717,6726,8391,7996,62250,302066.28571428574,305547.71428571426
"2022-08-16 00:00:00",45854,42149,7888,10778,70883,285604.28571428574,325533.5714285714
"2022-08-17 00:00:00",202858,0,9879,10614,84185,293467.85714285716,323781
"2022-08-18 00:00:00",227688,0,8696,6907,134568,294415.14285714284,330159.4285714286
"2022-08-19 00:00:00",82886,0,9408,10411,140875,284778.85714285716,343806
"2022-08-20 00:00:00",170069,3130,10627,8350,58076,258270.14285714287,299486.71428571426
"2022-08-21 00:00:00",65396,0,5001,1284,191422,257567.7142857143,298808
"2022-08-22 00:00:00",172880,0,14146,13704,116525,276735.5714285714,309335.28571428574
"2022-08-23 00:00:00",124268,16515,7743,11518,39798,279920,282729
"2022-08-24 00:00:00",89368,0,7200,14217,89275,264566.14285714284,290977.28571428574
"2022-08-25 00:00:00",164298,0,9229,6438,301459,279361,297494.14285714284
"2022-08-26 00:00:00",148700,3130,13599,8002,118006,286197.71428571426,267986.14285714284
"2022-08-27 00:00:00",67722,0,10751,7386,158851,285406,301764.14285714284
"2022-08-28 00:00:00",48226,93293,8806,2453,126657,287739.14285714284,314402.4285714286
"2022-08-29 00:00:00",35944,87977,13576,8491,41424,269190.28571428574,322202.71428571426
"2022-08-30 00:00:00",203957,3130,8509,14177,103453,288244.85714285716,347533.14285714284
"2022-08-31 00:00:00",90997,0,14189,13099,37456,281913.71428571426,313211.85714285716
"2022-09-01 00:00:00",333551,0,8639,6132,139774,282866.85714285716,318415.14285714284
"2022-09-02 00:00:00",72748,0,11946,6272,94189,267683.71428571426,347025.5714285714
"2022-09-03 00:00:00",227351,0,15242,8727,75519,279416.4285714286,342712.85714285716
"2022-09-04 00:00:00",40369,0,2440,1502,137107,265414,343851.28571428574
"2022-09-05 00:00:00",74541,33447,20342,11611,123523,276278.5714285714,335388.28571428574
"2022-09-06 00:00:00",114853,0,15554,13368,105341,264262.85714285716,308877.14285714284
"2022-09-07 00:00:00",153736,0,10064,7470,228075,299063.14285714284,312202
"2022-09-08 00:00:00",148648,0,12998,6677,113506,269596.4285714286,316960.85714285716
"2022-09-09 00:00:00",102899,0,18097,10401,260629,299149.4285714286,333681.71428571426
"2022-09-10 00:00:00",195276,0,1239,4557,177635,306559.14285714284,319518.14285714284
"2022-09-11 00:00:00",156145,0,12061,0,162545,327892.28571428574,317224.28571428574
"2022-09-12 00:00:00",42067,0,11373,10157,90347,312246.5714285714,311898.5714285714
"2022-09-13 00:00:00",116147,46550,10932,13524,195309,331296.14285714284,315877.85714285716
"2022-09-14 00:00:00",95263,0,18919,9557,85332,304114.4285714286,296819.5714285714
"2022-09-15 00:00:00",148380,0,9253,3680,130127,305487.4285714286,277238.4285714286
"2022-09-16 00:00:00",147429,0,4078,11537,195755,300740.71428571426,282756.14285714284
"2022-09-17 00:00:00",48021,0,2835,4688,180317,280334.28571428574,287887.4285714286
"2022-09-18 00:00:00",46749,244,10755,1597,90246,254454.2857142857,288133
"2022-09-19 00:00:00",113431,0,6907,7633,442564,313967.14285714284,295633.4285714286
"2022-09-20 00:00:00",324587,41101,10485,14983,90866,328189.71428571426,305552.5714285714
"2022-09-21 00:00:00",158103,36019,8138,10025,49706,335749.85714285716,340617.14285714284
"2022-09-22 00:00:00",84045,2772,22011,8560,134423,330088.71428571426,355245.85714285716
"2022-09-23 00:00:00",185279,0,7132,8027,125316,325368,323669
"2022-09-24 00:00:00",33407,0,5593,10315,197048,326868.28571428574,350493.71428571426
"2022-09-25 00:00:00",57785,0,4136,3737,109763,330558.4285714286,332546.14285714284
"2022-09-26 00:00:00",304399,0,11116,10977,114413,312040,331025.28571428574
"2022-09-27 00:00:00",83761,3130,7924,14371,87464,271272.71428571426,316270.71428571426
"2022-09-28 00:00:00",165532,2955,8145,16388,194172,289158.4285714286,306822.85714285716
"2022-09-29 00:00:00",103589,5699,6446,4619,34256,275272.4285714286,283891.28571428574
"2022-09-30 00:00:00",208656,0,10881,13551,131208,280778.4285714286,298894.5714285714
"2022-10-01 00:00:00",89126,0,5941,3243,178574,285138.5714285714,255294.2857142857
"2022-10-02 00:00:00",44777,0,12165,2771,109307,284224,268767.28571428574
"2022-10-03 00:00:00",267128,40313,9951,9498,87120,280381.85714285716,277878.85714285716
"2022-10-04 00:00:00",46934,3130,11355,5005,236755,295600.28571428574,302764
"2022-10-05 00:00:00",65441,6749,7878,13414,155932,275917.85714285716,300186.14285714284
"2022-10-06 00:00:00",108800,244,10755,7389,74314,282616.85714285716,335287.14285714284
"2022-10-07 00:00:00",230756,3130,9020,4415,379268,320087.28571428574,322883
"2022-10-08 00:00:00",68613,0,10921,9225,142112,313513.85714285716,360670.28571428574
"2022-10-09 00:00:00",41848,7365,2894,3953,103764,312200.14285714284,362673.28571428574
"2022-10-10 00:00:00",204062,0,17414,14120,131567,305507.5714285714,352407.28571428574
"2022-10-11 00:00:00",112657,0,12620,12326,86451,294203.85714285716,335721.4285714286
"2022-10-12 00:00:00",220234,0,15840,8030,243855,328281.5714285714,317847.14285714284
"2022-10-13 00:00:00",197500,25297,13966,11002,177546,360254.28571428574,288345
"2022-10-14 00:00:00",63828,0,9432,7761,194584,310113.5714285714,296851.28571428574
"2022-10-15 00:00:00",89152,0,5456,5824,68995,301336,293321.71428571426
"2022-10-16 00:00:00",189683,0,7927,6522,187389,334435.85714285716,282788.14285714284
"2022-10-17 00:00:00",195657,30426,7700,8017,260358,353721.14285714284,291366.5714285714
"2022-10-18 00:00:00",67496,40062,8077,11248,34532,344773,293834.85714285716
"2022-10-19 00:00:00",131896,18289,11197,13885,239473,334313,316846.14285714284
"2022-10-20 00:00:00",206984,0,21385,8029,213136,337773.28571428574,365803.28571428574
"2022-10-21 00:00:00",68771,0,6864,8169,258796,347344.14285714284,341562.14285714284
"2022-10-22 00:00:00",63511,22725,4784,6738,130303,355720.5714285714,324579.71428571426
"2022-10-23 00:00:00",50363,691,5681,2215,72222,318527.71428571426,316308.5714285714
"2022-10-24 00:00:00",139956,0,11860,8992,174449,294684.5714285714,347798.4285714286
"2022-10-25 00:00:00",350015,44586,16151,10470,186345,358420.4285714286,372287.71428571426
"2022-10-26 00:00:00",154510,0,8786,11761,237632,358127.5714285714,364810.4285714286
"2022-10-27 00:00:00",100162,3094,11119,10973,164366,335296.28571428574,321330.14285714284
"2022-10-28 00:00:00",67611,0,7008,5004,146084,318597.14285714284,326892.71428571426
"2022-10-29 00:00:00",80067,3130,7010,7401,150254,321425.5714285714,347040.14285714284
"2022-10-30 00:00:00",132111,66783,2845,3953,105077,347082.28571428574,338442.5714285714
"2022-10-31 00:00:00",56773,6735,6184,9995,34635,315520.14285714284,318827.4285714286
"2022-11-01 00:00:00",56864,0,9731,10638,260299,276943.71428571426,337662.14285714284
"2022-11-02 00:00:00",137671,0,12314,12502,100610,255573.14285714287,319535.4285714286
"2022-11-03 00:00:00",149289,0,15772,8240,262297,276413.71428571426,304396
"2022-11-04 00:00:00",40068,3130,5780,6217,272589,290996.14285714284,300341
"2022-11-05 00:00:00",123028,0,818,8872,122759,292084.14285714284,280853.14285714284
"2022-11-06 00:00:00",109179,41258,6156,1908,144467,290969.5714285714,290714.71428571426
"2022-11-07 00:00:00",98118,0,3454,10421,94246,304100.5714285714,289612.4285714286
"2022-11-08 00:00:00",85811,0,9908,11221,224355,303209.5714285714,259523.57142857142
"2022-11-09 00:00:00",130971,0,9112,11354,128851,305665.71428571426,260804.14285714287
"2022-11-10 00:00:00",196047,3130,15263,11824,115100,292203.71428571426,288047.28571428574
"2022-11-11 00:00:00",200932,0,10468,8703,112002,292821.14285714284,283755.4285714286
"2022-11-12 00:00:00",103814,0,4623,1823,99654,286312,291841
"2022-11-13 00:00:00",101272,0,9566,4839,135103,278856.5714285714,294952.14285714284
"2022-11-14 00:00:00",347442,39059,7696,4575,145371,327128.4285714286,308276.28571428574
"2022-11-15 00:00:00",56235,40838,8030,10776,74575,307008.4285714286,285925.28571428574
"2022-11-16 00:00:00",210200,6251,3891,9765,246237,335016.28571428574,351441.4285714286
"2022-11-17 00:00:00",116998,3130,17889,7846,95637,320749.85714285716,339173.85714285716
"2022-11-18 00:00:00",61726,1211,2870,13875,72513,295048.4285714286,350724.85714285716
"2022-11-19 00:00:00",65961,0,12787,4955,107657,292397.85714285716,355901.71428571426
"2022-11-20 00:00:00",202134,9247,7380,0,95334,301443,337182.4285714286
"2022-11-21 00:00:00",263993,0,6467,15749,85991,276879.71428571426,317089
"2022-11-22 00:00:00",52748,0,16355,12802,182714,287474.5714285714,336884.4285714286
"2022-11-23 00:00:00",69028,0,9622,7478,158877,254426.14285714287,330163.71428571426
"2022-11-24 00:00:00",136520,0,6572,9448,88942,254423.57142857142,333417
"2022-11-25 00:00:00",146876,0,6192,6623,166073,279219,358769
"2022-11-26 00:00:00",39442,0,7607,4028,55987,267176.85714285716,332159.5714285714
"2022-11-27 00:00:00",112343,1665,4523,4573,90164,252772.85714285713,343662.4285714286
"2022-11-28 00:00:00",187768,0,10577,7908,68598,238866,354729.71428571426
"2022-11-29 00:00:00",133564,13106,25315,11854,152184,249066.7142857143,357529.14285714284
"2022-11-30 00:00:00",170428,3130,10159,10679,154364,263889,297305.14285714284
"2022-12-01 00:00:00",192650,33817,17869,11225,136467,285395.71428571426,298590.71428571426
"2022-12-02 00:00:00",131349,3130,7349,6252,137382,279638.28571428574,301687.71428571426
"2022-12-03 00:00:00",78063,0,6407,7810,168155,301548.4285714286,311525.71428571426
"2022-12-04 00:00:00",100278,0,13403,0,112120,303338.85714285716,322881.85714285716
"2022-12-05 00:00:00",166914,36905,6503,9871,137817,315218.71428571426,331258.4285714286
"2022-12-06 00:00:00",25443,0,14249,12233,73956,285198.4285714286,311118
"2022-12-07 00:00:00",178016,0,9812,7260,93827,276649.14285714284,317910.14285714284
"2022-12-08 00:00:00",170377,44449,10160,11979,74345,265118,328805.28571428574
"2022-12-09 00:00:00",72771,0,7174,12725,55836,245552.85714285713,287135.5714285714
"2022-12-10 00:00:00",86084,2185,11398,5550,88919,236081.57142857142,291945.71428571426
"2022-12-11 00:00:00",51739,0,3806,4276,122618,229887,279900.5714285714
"2022-12-12 00:00:00",167102,0,6497,4899,187710,231058.14285714287,270890.14285714284
"2022-12-13 00:00:00",231776,0,7957,14873,318199,294904.4285714286,294811
"2022-12-14 00:00:00",154126,0,6491,4937,88932,289986,295779.14285714284
"2022-12-15 00:00:00",129703,1141,9280,10475,76845,278005.28571428574,288693.28571428574
"2022-12-16 00:00:00",61063,0,13092,9919,235239,302406.28571428574,312432.28571428574
"2022-12-17 00:00:00",125552,0,1898,6871,157667,316385.14285714284,317213.14285714284
"2022-12-18 00:00:00",83893,39947,10360,0,53791,317178.4285714286,304959.85714285716
"2022-12-19 00:00:00",169670,0,13622,8259,136071,311666,300150.28571428574
"2022-12-20 00:00:00",177129,0,9515,6643,118550,274384.85714285716,310751.14285714284
"2022-12-21 00:00:00",192029,0,9448,6287,189071,294720.4285714286,353913.85714285716
"2022-12-22 00:00:00",168967,0,6354,0,231993,320415.85714285716,339189.71428571426
"2022-12-23 00:00:00",188581,34182,8808,0,165375,331506.4285714286,358733.85714285716
"2022-12-24 00:00:00",227954,0,5091,4260,83853,335673.5714285714,338997.85714285716
"2022-12-25 00:00:00",52883,0,9540,0,103404,332507,333387.28571428574
"2022-12-26 00:00:00",27911,3130,5291,0,134467,310103.85714285716,299200.4285714286
"2022-12-27 00:00:00",133935,7021,5825,0,70511,296597.28571428574,247936
"2022-12-28 00:00:00",153423,0,7882,3350,208059,293151.28571428574,193827.42857142858
"2022-12-29 00:00:00",103570,0,16000,5695,76705,263816.5714285714,198424.85714285713
"2022-12-30 00:00:00",53147,4129,6443,1189,84691,228481.2857142857,182388.85714285713
"2022-12-31 00:00:00",50375,1862,8437,11443,46318,199521,188973.7142857143
"2023-01-01 00:00:00",15786,0,6019,507,57931,187295,195858.57142857142
"2023-01-02 00:00:00",43686,45012,6098,1269,106647,191854,221107.7142857143
"2023-01-03 00:00:00",205128,0,1473,0,112186,206353.42857142858,241582
"2023-01-04 00:00:00",54559,6260,26175,14004,131121,186268.57142857142,266712.5714285714
"2023-01-05 00:00:00",86420,33395,7201,10676,153069,198953,272486.85714285716
"2023-01-06 00:00:00",45006,81135,8326,13702,126149,216770,257106
"2023-01-07 00:00:00",138678,0,5167,4653,133144,240085,273846.14285714284
"2023-01-08 00:00:00",85887,5628,4116,4597,129561,261448.7142857143,304287.71428571426
"2023-01-09 00:00:00",363360,0,15214,8237,92631,300981.28571428574,301966.14285714284
"2023-01-10 00:00:00",123346,0,16052,9755,112744,292854,288269.4285714286
"2023-01-11 00:00:00",167183,0,7463,9934,65250,295384.14285714284,305143.4285714286
"2023-01-12 00:00:00",62255,0,13866,7445,78377,276981.4285714286,275627
"2023-01-13 00:00:00",54685,3130,4721,8638,153902,269946.85714285716,253217.42857142858
"2023-01-14 00:00:00",70827,0,5461,7700,197799,269967.71428571426,281422.14285714284
"2023-01-15 00:00:00",99941,0,7284,4959,171794,277709,268893.85714285716
"2023-01-16 00:00:00",237495,0,9698,6301,99842,259694,332201.85714285716
"2023-01-17 00:00:00",86894,6048,15627,11937,163275,262820.4285714286,327585.14285714284
"2023-01-18 00:00:00",132100,0,9789,10496,60879,257596.7142857143,308046
"2023-01-19 00:00:00",160935,9926,4551,13169,235876,295098.85714285716,350550.71428571426
"2023-01-20 00:00:00",63480,0,9578,10054,70383,284873,386986.14285714284
"2023-01-21 00:00:00",78994,0,7105,474,104760,271951,378134
"2023-01-22 00:00:00",101657,0,13625,7758,199643,277480.14285714284,366833.4285714286
"2023-01-23 00:00:00",318129,33071,18540,5497,302893,323879.5714285714,299237.5714285714
"2023-01-24 00:00:00",103954,82808,6891,11078,84587,324670.71428571426,324347.5714285714
"2023-01-25 00:00:00",152878,0,7436,11422,226259,351060.71428571426,313840.14285714284
"2023-01-26 00:00:00",68771,0,9746,14822,105189,318785,282779.14285714284
"2023-01-27 00:00:00",63499,39303,6411,8457,237734,347629.14285714284,261276.2857142857
"2023-01-28 00:00:00",248964,0,6804,2926,295098,399409.14285714284,258158
"2023-01-29 00:00:00",67267,3130,14282,0,89704,378223.4285714286,268321.85714285716
"2023-01-30 00:00:00",82074,0,17387,12993,129209,315870.85714285716,288118.5714285714
"2023-01-31 00:00:00",27530,33724,6670,12994,143225,306560,258482.14285714287
"2023-02-01 00:00:00",200030,5951,15783,11389,263104,320597.71428571426,282843.14285714284
"2023-02-02 00:00:00",103299,244,7276,13634,305394,353643.28571428574,284279.14285714284
"2023-02-03 00:00:00",58197,0,12468,10294,156218,336753.5714285714,303183.28571428574
"2023-02-04 00:00:00",134143,0,8438,8212,179634,304844.14285714284,260295.85714285713
"2023-02-05 00:00:00",237020,0,1425,3953,142215,334877,292648.85714285716
"2023-02-06 00:00:00",84168,1773,14927,6436,86109,327984.14285714284,301964.71428571426
"2023-02-07 00:00:00",78863,0,7444,12146,173013,334744.4285714286,332625.28571428574
"2023-02-08 00:00:00",234577,0,13464,9584,58291,308981,329751.71428571426
"2023-02-09 00:00:00",45458,0,8368,11734,141393,277139,330424.71428571426
"2023-02-10 00:00:00",49379,0,10159,13051,143058,274063.4285714286,305314.5714285714
"2023-02-11 00:00:00",158664,28577,5438,3463,77906,266009.4285714286,318597.4285714286
"2023-02-12 00:00:00",145522,24256,12137,5931,88697,250570.85714285713,313534.71428571426
"2023-02-13 00:00:00",221019,0,4977,8208,156374,278737.14285714284,303161.14285714284
"2023-02-14 00:00:00",148837,29886,21477,11288,238159,304192,322903
"2023-02-15 00:00:00",111688,0,18745,12856,182516,305604.85714285716,312281.28571428574
"2023-02-16 00:00:00",44364,0,13920,10032,251074,321667.28571428574,316767.5714285714
"2023-02-17 00:00:00",33957,0,9637,8217,109762,313942.4285714286,348255.14285714284
"2023-02-18 00:00:00",254394,44449,5561,6895,121043,336555.5714285714,319405.85714285716
"2023-02-19 00:00:00",126126,0,6010,4368,194701,344364.4285714286,280850.5714285714
"2023-02-20 00:00:00",29779,0,5311,4484,94071,307659.85714285716,258024
"2023-02-21 00:00:00",210906,32585,4659,13834,153552,302786.5714285714,209111.57142857142
"2023-02-22 00:00:00",180939,3057,17203,8486,112667,302293.28571428574,198291
"2023-02-23 00:00:00",268835,10983,11372,10109,134254,318888.14285714284,210061.2857142857
"2023-02-24 00:00:00",50837,46212,11154,10394,265646,350698.14285714284,195083.42857142858
"2023-02-25 00:00:00",46013,0,5018,4709,103832,311730.85714285716,240329.7142857143
"2023-02-26 00:00:00",65118,17578,15295,3477,73972,289478.85714285716,264759.4285714286
"2023-02-27 00:00:00",226832,0,8207,6611,199939,333470.71428571426,284461.28571428574
"2023-02-28 00:00:00",62518,34080,14189,10097,194051,319099.14285714284,316748
"2023-03-01 00:00:00",56286,0,14722,9761,128362,302924.5714285714,315689.28571428574
"2023-03-02 00:00:00",358641,0,19528,11298,217381,327395.28571428574,314028
"2023-03-03 00:00:00",159730,0,6232,11208,103965,312665.5714285714,304469.71428571426
"2023-03-04 00:00:00",41568,0,9187,2378,173841,322294.71428571426,293539.14285714284
"2023-03-05 00:00:00",56048,3130,966,3433,144310,326929.85714285716,279321.5714285714
"2023-03-06 00:00:00",80225,3890,8381,11152,86158,290960.85714285716,283456.4285714286
"2023-03-07 00:00:00",90727,36703,7094,11238,42524,272868.14285714284,270220.28571428574
"2023-03-08 00:00:00",196787,29540,5279,10973,65568,287013.5714285714,274286.5714285714
"2023-03-09 00:00:00",120081,0,9405,10920,74811,231066.2857142857,272390.85714285716
"2023-03-10 00:00:00",75999,0,7915,13028,105174,219777.7142857143,291255.28571428574
"2023-03-11 00:00:00",227933,0,5149,6795,108291,237091,271309.14285714284
"2023-03-12 00:00:00",23375,5090,4130,3689,99049,226726.42857142858,284626.5714285714
"2023-03-13 00:00:00",209564,0,6621,6095,105465,246432.14285714287,258155.2857142857
"2023-03-14 00:00:00",43993,3374,9917,13540,124750,247473.2857142857,284958.71428571426
"2023-03-15 00:00:00",59558,0,11941,13695,152539,237414.14285714287,300818
"2023-03-16 00:00:00",97312,7858,11509,9984,133519,243837.7142857143,288944.14285714284
"2023-03-17 00:00:00",64786,1165,5616,11839,203177,255904.57142857142,288038.71428571426
"2023-03-18 00:00:00",86415,0,4787,5495,112656,236074,302076.85714285716
"2023-03-19 00:00:00",115488,0,10031,8145,106326,251024.85714285713,309319.71428571426
"2023-03-20 00:00:00",158550,3130,12992,4978,333782,277551.5714285714,334767.85714285716
"2023-03-21 00:00:00",166876,0,9519,12878,199397,305136.5714285714,352483.4285714286
"2023-03-22 00:00:00",99014,89965,15861,11359,71001,312203.28571428574,323429.5714285714
"2023-03-23 00:00:00",60685,0,10088,7886,123990,303984.14285714284,338741.71428571426
"2023-03-24 00:00:00",109509,0,2809,11135,72975,291104.5714285714,341303.5714285714
"2023-03-25 00:00:00",32388,44449,6656,4426,157617,296273.5714285714,349011.4285714286
"2023-03-26 00:00:00",203839,0,8541,2350,194271,320417.71428571426,330485.5714285714
"2023-03-27 00:00:00",58039,0,15711,13593,171113,283992.5714285714,308698
"2023-03-28 00:00:00",172286,2870,7356,13417,109420,272089.71428571426,276798.28571428574
"2023-03-29 00:00:00",310963,0,12264,11788,85817,291179.85714285716,292576.28571428574
"2023-03-30 00:00:00",54410,0,5550,11890,214440,303128.71428571426,307839.85714285716
"2023-03-31 00:00:00",20362,3130,7836,12281,55077,289165.71428571426,279055
"2023-04-01 00:00:00",152253,0,4208,4007,29351,281206,259114.85714285713
"2023-04-02 00:00:00",89010,72336,10469,6156,103471,262983.4285714286,259259.57142857142
"2023-04-03 00:00:00",177356,0,6637,10962,168243,277946.4285714286,284474
"2023-04-04 00:00:00",67884,18964,12357,10798,106223,265214.5714285714,295313.4285714286
"2023-04-05 00:00:00",97928,244,20462,11944,180962,249601.57142857142,331873.5714285714
"2023-04-06 00:00:00",97448,0,3900,4660,93387,237188,290983
"2023-04-07 00:00:00",48677,0,2077,10214,140564,251880.2857142857,313491.28571428574
"2023-04-08 00:00:00",355411,0,11860,3906,41892,283773.28571428574,321295.71428571426
"2023-04-09 00:00:00",64425,0,5536,8657,41631,260745.85714285713,328329
"2023-04-10 00:00:00",178125,0,8487,4309,80428,247624.57142857142,321586.5714285714
"2023-04-11 00:00:00",26675,13247,6181,0,350212,273351.5714285714,295183.71428571426
"2023-04-12 00:00:00",106000,0,13217,12661,140294,267727.4285714286,264257.28571428574
"2023-04-13 00:00:00",82830,0,9660,8873,178846,279272.14285714284,279977.14285714284
"2023-04-14 00:00:00",74518,2709,4647,12976,60020,272606.28571428574,257686.2857142857
"2023-04-15 00:00:00",67402,40537,3357,1189,59393,238150.42857142858,320478.85714285716
"2023-04-16 00:00:00",143591,396,3181,634,52829,249633.2857142857,307762.28571428574
"2023-04-17 00:00:00",96400,42952,11719,13056,152463,256096.2857142857,397664.14285714284
"2023-04-18 00:00:00",308882,1647,11440,13795,71449,257653.2857142857,398187.5714285714
"2023-04-19 00:00:00",119291,0,8847,11478,68743,248537.14285714287,367877.71428571426
"2023-04-20 00:00:00",88026,0,5860,8079,88253,235681.42857142858,366795.5714285714
"2023-04-21 00:00:00",198267,0,12279,10273,170261,269425.71428571426,375155.4285714286
"2023-04-22 00:00:00",72114,38400,6232,3964,159832,284949,311088
"2023-04-23 00:00:00",136501,3130,6223,6633,139681,298025.85714285716,326338
"2023-04-24 00:00:00",160144,0,20374,8148,116014,296324.28571428574,223641.42857142858
"2023-04-25 00:00:00",116027,0,15156,14573,56577,267055.5714285714,225573.7142857143
"2023-04-26 00:00:00",234507,0,11036,13016,113438,290432.5714285714,248065.14285714287
"2023-04-27 00:00:00",61800,216,7405,2358,168310,297557.14285714284,247249.85714285713
"2023-04-28 00:00:00",77689,0,12823,9989,137820,275734.4285714286,251998
"2023-04-29 00:00:00",67288,28206,4372,4056,49756,257611.2857142857,286572.71428571426
"2023-04-30 00:00:00",77346,0,11892,4833,54195,237053.85714285713,264877.5714285714
"2023-05-01 00:00:00",149294,0,7854,6676,149096,238231.14285714287,262884.4285714286
"2023-05-02 00:00:00",63850,0,10482,15355,265907,260125.42857142858,282657.4285714286
"2023-05-03 00:00:00",148960,0,8465,11276,87353,243562.14285714287,278226.28571428574
"2023-05-04 00:00:00",159375,0,14982,10674,88696,248367.2857142857,316632
"2023-05-05 00:00:00",77486,2377,13823,8668,109275,244554.14285714287,328345.4285714286
"2023-05-06 00:00:00",24079,43886,8226,7539,195304,262461.85714285716,293254
"2023-05-07 00:00:00",122706,0,11578,5024,102156,275775.85714285716,302112.5714285714
"2023-05-08 00:00:00",83242,37325,8495,9934,124477,268712.14285714284,322566
"2023-05-09 00:00:00",70968,0,3231,13393,110555,246219.85714285713,324266.5714285714
"2023-05-10 00:00:00",178633,0,14971,14646,135744,258782.7142857143,326090
"2023-05-11 00:00:00",78560,0,4508,11230,60013,241723.2857142857,280292.4285714286
"2023-05-12 00:00:00",145663,0,9565,12192,256283,272019.5714285714,265114.28571428574
"2023-05-13 00:00:00",47629,216,4756,4057,84991,252393.42857142858,321998.71428571426
"2023-05-14 00:00:00",117853,44449,8402,0,110005,257999.7142857143,324318.4285714286
"2023-05-15 00:00:00",80158,6097,8381,10636,104687,250354.7142857143,308864.14285714284
"2023-05-16 00:00:00",279019,24463,15950,16506,113585,286265.5714285714,324348.85714285716
"2023-05-17 00:00:00",280198,0,7789,8261,210424,309505.28571428574,360424.71428571426
"2023-05-18 00:00:00",68324,470,14128,6323,53572,307863.5714285714,360760
"2023-05-19 00:00:00",98267,0,13978,6364,243074,299003.5714285714,363908.71428571426
"2023-05-20 00:00:00",81966,244,3624,3247,121024,308782.85714285716,326014
"2023-05-21 00:00:00",91075,6260,3998,3579,118511,300599.4285714286,311615
"2023-05-22 00:00:00",107403,0,21868,11821,106160,305927,295930.71428571426
"2023-05-23 00:00:00",89001,0,10747,7043,163344,280299.85714285716,259901.42857142858
"2023-05-24 00:00:00",228511,50466,18571,11079,115124,268454,226334.85714285713
"2023-05-25 00:00:00",44799,42198,12478,12606,93067,277358.28571428574,242392
"2023-05-26 00:00:00",66474,0,13580,7833,224834,270363.5714285714,255636.2857142857
"2023-05-27 00:00:00",91686,1647,3007,8191,87546,267788.28571428574,230604.7142857143
"2023-05-28 00:00:00",89672,0,2907,7683,57332,258384.14285714287,252886.42857142858
"2023-05-29 00:00:00",57938,3130,13726,1189,72118,244219.85714285713,287389.4285714286
"2023-05-30 00:00:00",187642,6260,11907,2926,156228,257767,301751.4285714286
"2023-05-31 00:00:00",233291,6260,11992,19425,121158,253249,287692.5714285714
"2023-06-01 00:00:00",191093,0,3414,12003,231324,286489.71428571426,277273.14285714284
"2023-06-02 00:00:00",77595,0,12800,15643,67585,266618.71428571426,288656.5714285714
"2023-06-03 00:00:00",67110,1350,11805,9129,159293,274705.5714285714,292043.71428571426
"2023-06-04 00:00:00",106867,54004,10102,5336,162150,300543.4285714286,302509.4285714286
"2023-06-05 00:00:00",143949,0,8302,6217,300879,345007.14285714284,286988
"2023-06-06 00:00:00",54413,0,8312,11355,59428,311942,265768.71428571426
"2023-06-07 00:00:00",220974,35928,13637,12040,97052,310157.14285714284,268792
"2023-06-08 00:00:00",125280,0,15512,9968,59472,277642.71428571426,273564
"2023-06-09 00:00:00",64258,472,3265,9892,106600,279194.71428571426,253505
"2023-06-10 00:00:00",90685,0,6812,504,64652,266904.28571428574,263927
"2023-06-11 00:00:00",66665,0,3170,3481,167596,252968.85714285713,248901.7142857143
"2023-06-12 00:00:00",198467,34844,30588,14221,68316,236838.57142857142,263558.5714285714
"2023-06-13 00:00:00",50820,0,10323,14057,225378,260705.57142857142,257780.14285714287
"2023-06-14 00:00:00",111263,298,13056,13154,107102,241454.2857142857,273105.14285714284
"2023-06-15 00:00:00",208551,0,8909,11680,103938,259003.7142857143,283832.71428571426
"2023-06-16 00:00:00",100726,0,4264,13179,92270,262711.14285714284,319756.28571428574
"2023-06-17 00:00:00",55365,3130,6358,6310,58819,258043.85714285713,319920.4285714286
"2023-06-18 00:00:00",46490,0,3940,6222,88741,244398.2857142857,315348.71428571426
"2023-06-19 00:00:00",53582,0,13146,5969,124205,223036.2857142857,291726.5714285714
"2023-06-20 00:00:00",172272,0,7369,10744,96706,221110,308130
"2023-06-21 00:00:00",227355,44024,12334,11508,118040,245165.57142857142,315868.4285714286
"2023-06-22 00:00:00",103453,0,9044,11838,74464,225982.85714285713,305035.28571428574
"2023-06-23 00:00:00",197566,0,8422,7869,124319,244230.85714285713,254481.7142857143
"2023-06-24 00:00:00",21060,19429,5327,4201,125479,250732.85714285713,233257.85714285713
"2023-06-25 00:00:00",22640,35623,7986,4195,42227,246058.2857142857,218557.14285714287
"2023-06-26 00:00:00",228208,0,5437,12616,134027,272256.28571428574,247402.57142857142
"2023-06-27 00:00:00",235027,38495,4152,15401,150846,294660.4285714286,245378.57142857142
"2023-06-28 00:00:00",190506,2287,19766,10864,110174,283279.71428571426,256969
"2023-06-29 00:00:00",159400,0,5390,11776,45797,286645.85714285716,244918.14285714287
"2023-06-30 00:00:00",52116,23653,7258,11094,176076,276934.5714285714,275286.4285714286
"2023-07-01 00:00:00",86317,0,5788,6495,116560,282600.71428571426,312413.5714285714
"2023-07-02 00:00:00",74779,27786,8951,6222,202383,312236.4285714286,315329.85714285716
"2023-07-03 00:00:00",90889,90728,9195,5329,100096,300229.28571428574,309740.14285714284
"2023-07-04 00:00:00",139489,24932,5030,12041,82570,274535.14285714284,319775
"2023-07-05 00:00:00",300012,47562,4585,12348,101317,293424.85714285716,295212.28571428574
"2023-07-06 00:00:00",59411,2740,14248,10632,229992,306947.85714285716,296901.4285714286
"2023-07-07 00:00:00",37946,3130,6268,9366,99963,290730.28571428574,318102.28571428574
"2023-07-08 00:00:00",208764,0,6657,7166,50201,298962.85714285716,310535.14285714284
"2023-07-09 00:00:00",138166,14363,3991,3481,155809,298347.14285714284,368429.4285714286
"2023-07-10 00:00:00",77534,0,7798,8669,144242,290062.28571428574,384138
"2023-07-11 00:00:00",37724,6504,9437,14335,66403,271539.5714285714,373725.5714285714
"2023-07-12 00:00:00",147274,0,7309,12418,82503,240636.85714285713,384531.28571428574
"2023-07-13 00:00:00",299513,0,5192,10647,58309,248728,403363.5714285714
"2023-07-14 00:00:00",111213,0,4538,12730,183402,270900.85714285716,348907.71428571426
"2023-07-15 00:00:00",133535,0,4038,6887,156989,274995.4285714286,332751.85714285716
"2023-07-16 00:00:00",39060,0,2821,7315,84721,249010.7142857143,291725.28571428574
"2023-07-17 00:00:00",84070,0,9042,7383,94682,242858.42857142858,273093
"2023-07-18 00:00:00",151900,0,4623,12516,92716,261051.42857142858,267778
"2023-07-19 00:00:00",169267,0,12484,12691,116632,269847,245480.42857142858
"2023-07-20 00:00:00",90725,3130,7191,9903,102129,246906.57142857142,225456.14285714287
"2023-07-21 00:00:00",175084,0,7499,12251,71049,240335.14285714287,248453.57142857142
"2023-07-22 00:00:00",79186,6641,11294,4756,198688,240209,266797.5714285714
"2023-07-23 00:00:00",76786,3057,1023,5498,173088,258142.7142857143,270766.14285714284
"2023-07-24 00:00:00",90151,0,22140,3953,137728,266542,243897.42857142858
"2023-07-25 00:00:00",58180,244,23306,10872,105919,257508.7142857143,254890.2857142857
"2023-07-26 00:00:00",137071,0,11101,10447,328854,282708.5714285714,279711.4285714286
"2023-07-27 00:00:00",263935,0,12597,10579,67487,302925.5714285714,280820.28571428574
"2023-07-28 00:00:00",48634,15638,14395,12984,56556,286114.71428571426,279225
"2023-07-29 00:00:00",224686,8219,7397,5777,71653,288567,283749.71428571426
"2023-07-30 00:00:00",83799,0,5648,3481,81957,276485.71428571426,268747.14285714284
"2023-07-31 00:00:00",85999,0,11390,10146,121810,272967.4285714286,297304.4285714286
"2023-08-01 00:00:00",100131,0,10657,7704,80953,273099.4285714286,285195.14285714284
"2023-08-02 00:00:00",152515,0,17238,13668,117218,246408.85714285713,284263.28571428574
"2023-08-03 00:00:00",228470,0,545,10240,62462,238854.57142857142,286148.14285714284
"2023-08-04 00:00:00",110086,0,5532,13181,82042,247802.14285714287,275881.4285714286
"2023-08-05 00:00:00",22587,0,7394,5149,246514,242646.7142857143,259641.57142857142
"2023-08-06 00:00:00",35858,3130,2737,6222,34916,229500.7142857143,268244.14285714284
"2023-08-07 00:00:00",166904,0,8313,5025,93970,235910.42857142858,246071.14285714287
"2023-08-08 00:00:00",192791,0,5869,12512,81423,249217.42857142858,273419.14285714284
"2023-08-09 00:00:00",148412,16777,14131,8551,83362,245016.57142857142,267669.71428571426
"2023-08-10 00:00:00",132552,30413,1417,9069,68697,236506.7142857143,269280.4285714286
"2023-08-11 00:00:00",165875,0,7627,11707,144029,253420.7142857143,291214
"2023-08-12 00:00:00",32950,0,3519,2297,88786,231407.42857142858,297789.28571428574
"2023-08-13 00:00:00",131494,0,18202,94,89939,253817,322367
"2023-08-14 00:00:00",218089,0,13365,10729,113433,265446.14285714284,333049.85714285716
"2023-08-15 00:00:00",198692,424,10053,7732,81325,266250.5714285714,302066.28571428574
"2023-08-16 00:00:00",59989,0,7831,6649,129599,256655.57142857142,285604.28571428574
"2023-08-17 00:00:00",97654,99597,5860,7263,124124,269848.28571428574,293467.85714285716
"2023-08-18 00:00:00",146858,0,4530,7832,174269,270455.5714285714,294415.14285714284
"2023-08-19 00:00:00",241045,0,7833,6010,109252,304254,284778.85714285716
"2023-08-20 00:00:00",48860,74368,5631,3071,54775,296679.14285714284,258270.14285714287
"2023-08-21 00:00:00",131347,0,6893,4599,217948,297417.71428571426,257567.7142857143
"2023-08-22 00:00:00",77626,45634,4561,7672,131707,292985.71428571426,276735.5714285714
"2023-08-23 00:00:00",64313,0,12008,15889,178366,302486.71428571426,279920
"2023-08-24 00:00:00",193852,44737,8008,4195,80569,302038.85714285716,264566.14285714284
"2023-08-25 00:00:00",100549,24717,8856,14534,130946,294340.85714285716,279361
"2023-08-26 00:00:00",65290,24319,10315,8487,223588,289749.4285714286,286197.71428571426
"2023-08-27 00:00:00",8569,0,7470,0,97540,279302.71428571426,285406
"2023-08-28 00:00:00",105567,0,7269,10040,208958,275166.5714285714,287739.14285714284
"2023-08-29 00:00:00",155276,45020,11973,16674,95454,283337.4285714286,269190.28571428574
"2023-08-30 00:00:00",77536,24234,8159,8995,61149,270408.5714285714,288244.85714285716
"2023-08-31 00:00:00",189393,0,10802,12206,97951,267407.14285714284,281913.71428571426
"2023-09-01 00:00:00",90243,0,9996,5263,169927,266810.85714285716,282866.85714285716
"2023-09-02 00:00:00",43638,0,2064,7100,148331,248115.42857142858,267683.71428571426
"2023-09-03 00:00:00",69806,0,5025,3552,231628,276177.28571428574,279416.4285714286
"2023-09-04 00:00:00",142338,21706,10934,4607,178586,279939.85714285716,265414
"2023-09-05 00:00:00",67252,48932,10151,11952,61563,262147.28571428574,276278.5714285714
"2023-09-06 00:00:00",350267,0,12618,8443,109907,305170.4285714286,264262.85714285716
"2023-09-07 00:00:00",217836,0,8383,12620,106220,310128.4285714286,299063.14285714284
"2023-09-08 00:00:00",52115,0,7835,5774,223749,312134.71428571426,269596.4285714286
"2023-09-09 00:00:00",54169,0,2189,3577,158739,314640.5714285714,299149.4285714286
"2023-09-10 00:00:00",71118,26977,8160,3689,173497,310845,306559.14285714284
"2023-09-11 00:00:00",67089,0,10801,3943,150319,292842.4285714286,327892.28571428574
"2023-09-12 00:00:00",61942,0,10162,13495,115710,293051,312246.5714285714
"2023-09-13 00:00:00",154528,0,17774,8449,238135,284144,331296.14285714284
"2023-09-14 00:00:00",211484,13700,9440,11298,123416,287612.5714285714,304114.4285714286
"2023-09-15 00:00:00",80943,0,8930,4485,124867,277577.14285714284,305487.4285714286
"2023-09-16 00:00:00",28086,0,12318,11680,100559,268144.14285714284,300740.71428571426
"2023-09-17 00:00:00",157522,6260,11637,0,278124,292444.14285714284,280334.28571428574
"2023-09-18 00:00:00",176764,173361,14603,7014,121380,329725.4285714286,254454.2857142857
"2023-09-19 00:00:00",85523,0,5966,10842,120416,332787.85714285716,313967.14285714284
"2023-09-20 00:00:00",161922,0,1943,5672,166058,320889,328189.71428571426
"2023-09-21 00:00:00",77248,3130,11672,10477,136458,302267.14285714284,335749.85714285716
"2023-09-22 00:00:00",186711,9818,6465,12107,99843,315941.28571428574,330088.71428571426
"2023-09-23 00:00:00",130618,0,8157,5776,128087,333083.5714285714,325368
"2023-09-24 00:00:00",60981,0,8191,4309,53115,286376.85714285716,326868.28571428574
"2023-09-25 00:00:00",194100,1321,6340,5539,115488,262043.42857142858,330558.4285714286
"2023-09-26 00:00:00",56074,0,16253,10404,65972,251465.7142857143,312040
"2023-09-27 00:00:00",71322,0,9575,13554,59960,225582.2857142857,271272.71428571426
"2023-09-28 00:00:00",159144,57527,4985,9149,51171,231723.85714285713,289158.4285714286
"2023-09-29 00:00:00",209570,0,11003,10602,40871,225595.57142857142,275272.4285714286
"2023-09-30 00:00:00",287236,0,8568,1547,242066,263706.85714285716,280778.4285714286
"2023-10-01 00:00:00",122932,59666,7960,3572,133929,292487.4285714286,285138.5714285714
"2023-10-02 00:00:00",140850,0,12608,8572,183870,295789.14285714284,284224
"2023-10-03 00:00:00",76622,43997,9456,13241,80846,306569.14285714284,280381.85714285716
"2023-10-04 00:00:00",132300,6188,15647,5378,76110,318170.85714285716,295600.28571428574
"2023-10-05 00:00:00",163453,45328,19830,7457,193598,339269.28571428574,275917.85714285716
"2023-10-06 00:00:00",285754,25197,5848,9893,296748,389468.5714285714,282616.85714285716
"2023-10-07 00:00:00",79306,0,9754,5207,126634,343966.28571428574,320087.28571428574
"2023-10-08 00:00:00",25324,0,5298,7643,213635,333086.4285714286,313513.85714285716
"2023-10-09 00:00:00",42253,0,9820,7976,65097,301550,312200.14285714284
"2023-10-10 00:00:00",39571,0,8868,18777,329098,326143.14285714284,305507.5714285714
"2023-10-11 00:00:00",158521,10448,8809,11222,127935,337759.4285714286,294203.85714285716
"2023-10-12 00:00:00",183914,0,10383,11144,183995,332012.28571428574,328281.5714285714
"2023-10-13 00:00:00",84099,0,7493,11397,36892,262932.28571428574,360254.28571428574
"2023-10-14 00:00:00",166384,3130,22873,6124,200489,288374.85714285716,310113.5714285714
"2023-10-15 00:00:00",153665,17243,1842,4826,82482,289540.4285714286,301336
"2023-10-16 00:00:00",89558,0,9771,9909,170570,311635,334435.85714285716
"2023-10-17 00:00:00",39913,0,8686,8629,56979,271333.85714285716,353721.14285714284
"2023-10-18 00:00:00",146945,0,7025,14792,146644,271115.14285714284,344773
"2023-10-19 00:00:00",363307,0,7299,9096,140926,289857,334313
"2023-10-20 00:00:00",51501,34575,7883,10896,163146,308159.71428571426,337773.28571428574
"2023-10-21 00:00:00",87024,0,1529,9677,179669,290859.71428571426,347344.14285714284
"2023-10-22 00:00:00",105211,83898,5750,6348,121038,299743.4285714286,355720.5714285714
"2023-10-23 00:00:00",85668,2329,13242,6040,131932,293944,318527.71428571426
"2023-10-24 00:00:00",35903,0,7329,12343,77383,296622.71428571426,294684.5714285714
"2023-10-25 00:00:00",183203,3130,15571,12342,161519,305245.5714285714,358420.4285714286
"2023-10-26 00:00:00",199719,0,12337,11299,125995,280777.14285714284,358127.5714285714
"2023-10-27 00:00:00",241963,78600,8066,14302,129634,310000.71428571426,335296.28571428574
"2023-10-28 00:00:00",130730,0,5834,3802,286789,331322.85714285716,318597.14285714284
"2023-10-29 00:00:00",48796,0,3218,0,52180,300172.5714285714,321425.5714285714
"2023-10-30 00:00:00",71134,32921,8804,11742,84818,295916.71428571426,347082.28571428574
"2023-10-31 00:00:00",40456,28104,1726,16919,136736,308914.4285714286,315520.14285714284
"2023-11-01 00:00:00",163365,0,8789,10459,137678,300989.4285714286,276943.71428571426
"2023-11-02 00:00:00",32054,0,11689,8496,28011,262546.5714285714,255573.14285714287
"2023-11-03 00:00:00",156848,47595,4873,8192,68795,235937.57142857142,276413.71428571426
"2023-11-04 00:00:00",178900,13106,3571,4574,77287,214549.42857142858,290996.14285714284
"2023-11-05 00:00:00",143403,45241,5709,7167,171275,252921.14285714287,292084.14285714284
"2023-11-06 00:00:00",43767,0,4864,6204,33441,235614.7142857143,290969.5714285714
"2023-11-07 00:00:00",64307,0,16923,8867,171302,240965.85714285713,304100.5714285714
"2023-11-08 00:00:00",107974,33278,18950,12409,224792,251982.14285714287,303209.5714285714
"2023-11-09 00:00:00",115001,0,3599,10992,118400,275945.4285714286,305665.71428571426
"2023-11-10 00:00:00",194964,8192,14619,12339,129694,286446.28571428574,292203.71428571426
"2023-11-11 00:00:00",97745,21747,9112,5970,119677,283134.14285714284,292821.14285714284
"2023-11-12 00:00:00",206069,3130,5319,9451,91011,274874.85714285716,286312
"2023-11-13 00:00:00",91759,12145,4804,10245,126249,297293,278856.5714285714
"2023-11-14 00:00:00",59226,0,4019,11396,34033,275475,327128.4285714286
"2023-11-15 00:00:00",58667,0,13217,11102,163002,253844.14285714287,307008.4285714286
"2023-11-16 00:00:00",230368,0,26757,12656,59458,265450.5714285714,335016.28571428574
"2023-11-17 00:00:00",260709,0,6356,9689,56218,261616.7142857143,320749.85714285716
"2023-11-18 00:00:00",125892,42883,8196,7792,66297,261160.7142857143,295048.4285714286
"2023-11-19 00:00:00",27418,0,3535,3547,126650,239185,292397.85714285716
"2023-11-20 00:00:00",207667,0,8967,13380,174823,261990,301443
"2023-11-21 00:00:00",257016,35381,5419,18118,113615,307829.4285714286,276879.71428571426
"2023-11-22 00:00:00",75109,6731,16848,8783,315337,333089.4285714286,287474.5714285714
"2023-11-23 00:00:00",59917,3130,16626,6997,178446,323929.28571428574,254426.14285714287
"2023-11-24 00:00:00",76814,0,11786,5897,76945,300853.71428571426,254423.57142857142
"2023-11-25 00:00:00",146943,3130,2913,1823,134555,306325.5714285714,279219
"2023-11-26 00:00:00",56615,0,9530,8794,128821,312412.5714285714,267176.85714285716
"2023-11-27 00:00:00",182287,0,6514,6422,88454,295104,252772.85714285713
"2023-11-28 00:00:00",104713,0,4290,10606,80354,262306,238866
"2023-11-29 00:00:00",204905,59438,11049,9671,51385,249968.85714285713,249066.7142857143
"2023-11-30 00:00:00",75299,0,13782,10440,106435,241517.42857142858,263889
"2023-12-01 00:00:00",226191,12101,16132,11639,95582,268689.28571428574,285395.71428571426
"2023-12-02 00:00:00",68764,30431,1429,6525,115879,259212.85714285713,279638.28571428574
"2023-12-03 00:00:00",42175,0,1875,1224,108365,252052.85714285713,301548.4285714286
"2023-12-04 00:00:00",61959,805,6345,11694,82148,234806.14285714287,303338.85714285716
"2023-12-05 00:00:00",117021,0,6111,13009,183887,251958.14285714287,315218.71428571426
"2023-12-06 00:00:00",213746,12061,5887,9673,134598,257603.2857142857,285198.4285714286
"2023-12-07 00:00:00",158449,0,24612,8555,64319,264742.85714285716,276649.14285714284
"2023-12-08 00:00:00",188191,0,12968,9231,96879,256974.85714285713,265118
"2023-12-09 00:00:00",76993,0,3814,3162,178857,262660.28571428574,245552.85714285713
"2023-12-10 00:00:00",138946,0,1143,7612,114502,278169.28571428574,236081.57142857142
"2023-12-11 00:00:00",136761,0,11764,5407,88314,289497.28571428574,229887
"2023-12-12 00:00:00",72803,0,10390,13331,180759,283391,231058.14285714287
"2023-12-13 00:00:00",184174,14363,10655,6633,74412,271144.28571428574,294904.4285714286
"2023-12-14 00:00:00",54750,78154,10637,6414,156660,278384.71428571426,289986
"2023-12-15 00:00:00",167468,0,8284,8091,82156,272488.85714285716,278005.28571428574
"2023-12-16 00:00:00",161538,1349,5438,4173,75163,270322.4285714286,302406.28571428574
"2023-12-17 00:00:00",156429,43959,5314,0,85203,274422.71428571426,316385.14285714284
"2023-12-18 00:00:00",85657,0,2954,8499,106654,268925.28571428574,317178.4285714286
"2023-12-19 00:00:00",271225,25620,13248,10608,193143,302719.5714285714,311666
"2023-12-20 00:00:00",20468,0,14382,7916,175052,292373.85714285716,274384.85714285716
"2023-12-21 00:00:00",185947,0,6173,3368,47296,283254.85714285716,294720.4285714286
"2023-12-22 00:00:00",38703,0,7971,3709,83054,264317.5714285714,320415.85714285716
"2023-12-23 00:00:00",145404,0,6645,634,56225,258781.14285714287,331506.4285714286
"2023-12-24 00:00:00",30187,0,3684,1116,62347,231128.14285714287,335673.5714285714
"2023-12-25 00:00:00",10548,2662,8223,1189,120430,222454.85714285713,332507
"2023-12-26 00:00:00",27672,0,2672,0,30782,157780.7142857143,310103.85714285716
"2023-12-27 00:00:00",199189,31395,4264,0,64669,169452.14285714287,296597.28571428574
"2023-12-28 00:00:00",50034,0,8370,3071,89477,156333.2857142857,293151.28571428574
"2023-12-29 00:00:00",183153,0,6191,6372,190075,192383.7142857143,263816.5714285714
"2023-12-30 00:00:00",315078,37563,3271,6727,121120,231648.42857142858,228481.2857142857
"2023-12-31 00:00:00",16155,0,0,6897,97924,235025.85714285713,199521
"2024-01-01 00:00:00",158340,0,2012,94,81293,249124.14285714287,187295
"2024-01-02 00:00:00",38900,244,4545,1189,137796,266488.28571428574,191854
"2024-01-03 00:00:00",104824,0,4660,4546,94672,253514.7142857143,206353.42857142858
"2024-01-04 00:00:00",98959,0,7115,7320,179679,273818,186268.57142857142
"2024-01-05 00:00:00",86682,0,4819,13964,28775,237882.14285714287,198953
"2024-01-06 00:00:00",185264,884,1341,3567,88826,208756.85714285713,216770
"2024-01-07 00:00:00",71458,0,1048,6288,142003,223017,240085
"2024-01-08 00:00:00",102481,28065,10206,3834,75548,219930.57142857142,261448.7142857143
"2024-01-09 00:00:00",198685,0,2017,17606,144484,245661.85714285713,300981.28571428574
"2024-01-10 00:00:00",194784,0,17112,8785,215949,278223,292854
"2024-01-11 00:00:00",317518,0,10683,12683,163541,308415.85714285716,295384.14285714284
"2024-01-12 00:00:00",73724,33471,11561,9395,160688,330501.4285714286,276981.4285714286
"2024-01-13 00:00:00",45173,0,11051,11851,148112,321402.14285714284,269946.85714285716
"2024-01-14 00:00:00",41557,43845,6784,0,74739,313706.28571428574,269967.71428571426
"2024-01-15 00:00:00",60116,23009,15258,7016,300417,340232.14285714284,277709
"2024-01-16 00:00:00",47210,37759,13617,15934,139563,324702.14285714284,259694
"2024-01-17 00:00:00",262812,0,13480,17129,78949,315521.85714285716,262820.4285714286
"2024-01-18 00:00:00",144946,0,17704,12644,148311,289690.4285714286,257596.7142857143
"2024-01-19 00:00:00",55973,0,7183,10178,220751,290439.85714285716,295098.85714285716
"2024-01-20 00:00:00",140415,0,8199,5898,157292,304099.28571428574,284873
"2024-01-21 00:00:00",115216,30707,6587,9190,65063,312647.71428571426,271951
"2024-01-22 00:00:00",48874,44738,8722,4248,237139,303777.14285714284,277480.14285714284
"2024-01-23 00:00:00",54891,118828,6397,15237,120476,312598,323879.5714285714
"2024-01-24 00:00:00",59935,0,6779,10373,112897,286543.14285714284,324670.71428571426
"2024-01-25 00:00:00",233074,0,8700,14065,256545,313511.5714285714,351060.71428571426
"2024-01-26 00:00:00",241958,4800,12788,6778,130490,328187.28571428574,318785
"2024-01-27 00:00:00",217137,0,5207,11388,135411,336378.5714285714,347629.14285714284
"2024-01-28 00:00:00",165732,55139,5291,4429,92065,350077.5714285714,399409.14285714284
"2024-01-29 00:00:00",110153,41790,4313,9688,123014,342254.28571428574,378223.4285714286
"2024-01-30 00:00:00",109578,0,6591,16122,59183,324489.28571428574,315870.85714285716
"2024-01-31 00:00:00",50325,0,5299,11816,134115,326142.14285714284,306560
"2024-02-01 00:00:00",113951,6188,16225,13753,256962,311098.5714285714,320597.71428571426
"2024-02-02 00:00:00",45969,3130,5127,10031,54518,271378.5714285714,353643.28571428574
"2024-02-03 00:00:00",145478,29396,4498,10369,125151,263628.4285714286,336753.5714285714
"2024-02-04 00:00:00",300527,0,1692,8880,106119,277137.14285714284,304844.14285714284
"2024-02-05 00:00:00",65960,1199,5706,4388,128662,265273.85714285716,334877
"2024-02-06 00:00:00",81466,27965,6230,15920,119869,273842,327984.14285714284
"2024-02-07 00:00:00",252163,1550,11421,12347,175661,309783,334744.4285714286
"2024-02-08 00:00:00",99667,0,9139,13264,83506,280997.14285714284,308981
"2024-02-09 00:00:00",59993,0,10018,9363,88826,288057.85714285716,277139
"2024-02-10 00:00:00",194627,45012,8167,10186,82751,291751,274063.4285714286
"2024-02-11 00:00:00",310434,0,9589,8690,103191,293848.85714285716,266009.4285714286
"2024-02-12 00:00:00",77277,37059,5808,9238,86974,295340.4285714286,250570.85714285713
"2024-02-13 00:00:00",78017,0,6828,15850,96830,287636.71428571426,278737.14285714284
"2024-02-14 00:00:00",135391,0,14278,11856,166000,269691.5714285714,304192
"2024-02-15 00:00:00",145731,0,5929,10135,86197,275750.71428571426,305604.85714285716
"2024-02-16 00:00:00",301898,0,6638,11181,41871,303377.71428571426,321667.28571428574
"2024-02-17 00:00:00",154056,33216,5955,8736,119368,300604.5714285714,313942.4285714286
"2024-02-18 00:00:00",110240,40253,8845,3953,106843,277494.5714285714,336555.5714285714
"2024-02-19 00:00:00",48450,0,14869,3464,126133,274146,344364.4285714286
"2024-02-20 00:00:00",85571,3130,8386,10680,207407,290953.28571428574,307659.85714285716
"2024-02-21 00:00:00",68813,47830,9716,13037,57594,272305.5714285714,302786.5714285714
"2024-02-22 00:00:00",234285,76984,11149,13560,280553,324953.85714285716,302293.28571428574
"2024-02-23 00:00:00",163485,0,11492,10694,99988,314106.71428571426,318888.14285714284
"2024-02-24 00:00:00",30973,3130,13528,5981,208963,305713,350698.14285714284
"2024-02-25 00:00:00",42504,0,3322,3071,69000,283964.85714285716,311730.85714285716
"2024-02-26 00:00:00",113994,0,9842,8697,91507,288411,289478.85714285716
"2024-02-27 00:00:00",216164,0,19450,15622,205944,308697.4285714286,333470.71428571426
"2024-02-28 00:00:00",118811,0,6137,12367,206577,329683.4285714286,319099.14285714284
"2024-02-29 00:00:00",40887,17038,8284,9732,82909,264300.71428571426,302924.5714285714
"2024-03-01 00:00:00",262808,42804,6501,13206,63061,278975.28571428574,327395.28571428574
"2024-03-02 00:00:00",83657,0,4872,9898,101215,269984.5714285714,312665.5714285714
"2024-03-03 00:00:00",50924,42883,6799,3481,67708,277684.4285714286,322294.71428571426
"2024-03-04 00:00:00",148639,2964,5668,9780,168282,293583.71428571426,326929.85714285716
"2024-03-05 00:00:00",179693,0,9466,15835,54967,265409.5714285714,290960.85714285716
"2024-03-06 00:00:00",58910,0,4816,12274,68248,236888.7142857143,272868.14285714284
"2024-03-07 00:00:00",95679,3130,7592,14267,202191,260318.57142857142,287013.5714285714
"2024-03-08 00:00:00",53261,49593,16787,9618,143237,243763.7142857143,231066.2857142857
"2024-03-09 00:00:00",97294,45511,4215,7349,133107,256311.85714285713,219777.7142857143
"2024-03-10 00:00:00",21212,36007,3643,5935,76552,252247.85714285713,237091
"2024-03-11 00:00:00",143914,0,12480,5107,139426,247332.57142857142,226726.42857142858
"2024-03-12 00:00:00",189485,3130,14073,8058,127224,259048,246432.14285714287
"2024-03-13 00:00:00",152562,90913,7105,11458,289197,317189.14285714284,247473.2857142857
"2024-03-14 00:00:00",136816,0,30750,14040,179946,322716.5714285714,237414.14285714287
"2024-03-15 00:00:00",29252,0,8101,10425,45768,297152.14285714284,243837.7142857143
"2024-03-16 00:00:00",267336,41334,6824,8855,171851,326969.71428571426,255904.57142857142
"2024-03-17 00:00:00",31007,0,2537,3481,136224,331241.4285714286,236074
"2024-03-18 00:00:00",148856,0,9739,9403,121022,329540.28571428574,251024.85714285713
"2024-03-19 00:00:00",98538,38735,10596,14521,97512,317816.4285714286,277551.5714285714
"2024-03-20 00:00:00",122175,0,8022,11879,266916,297496,305136.5714285714
"2024-03-21 00:00:00",278410,244,3118,10465,94833,301141.5714285714,312203.28571428574
"2024-03-22 00:00:00",62864,0,17882,11608,127662,319208.71428571426,303984.14285714284
"2024-03-23 00:00:00",69415,71856,2568,4040,126426,287509.4285714286,291104.5714285714
"2024-03-24 00:00:00",32107,3130,8570,7124,83082,281904.28571428574,296273.5714285714
"2024-03-25 00:00:00",79650,74181,8239,5894,80807,276154.5714285714,320417.71428571426
"2024-03-26 00:00:00",297519,0,6901,14724,114869,301027.4285714286,283992.5714285714
"2024-03-27 00:00:00",277398,0,10979,9419,143607,305657.5714285714,272089.71428571426
"2024-03-28 00:00:00",116010,6188,7227,9281,221894,301876,291179.85714285716
"2024-03-29 00:00:00",86170,0,6428,10930,72518,295594.5714285714,303128.71428571426
"2024-03-30 00:00:00",91525,47477,5345,8293,48373,285124.14285714284,289165.71428571426
"2024-03-31 00:00:00",73618,0,6909,4346,102951,292811.4285714286,281206
"2024-04-01 00:00:00",61234,3057,17062,3705,68725,279241.71428571426,262983.4285714286
"2024-04-02 00:00:00",147048,0,16365,1951,99718,255108.7142857143,277946.4285714286
"2024-04-03 00:00:00",184262,0,10093,12542,80407,233094.57142857142,265214.5714285714
"2024-04-04 00:00:00",65644,0,13776,10388,129666,212933.57142857142,249601.57142857142
"2024-04-05 00:00:00",143119,119631,7933,9043,106967,243026.14285714287,237188
"2024-04-06 00:00:00",89861,3057,2062,5263,110639,244436.14285714287,251880.2857142857
"2024-04-07 00:00:00",216902,39826,7695,8506,86213,268910,283773.28571428574
"2024-04-08 00:00:00",39749,0,9243,5500,58987,263152.4285714286,260745.85714285713
"2024-04-09 00:00:00",77968,0,4408,14157,82605,250874.7142857143,247624.57142857142
"2024-04-10 00:00:00",91839,0,3960,12988,161709,248473.57142857142,273351.5714285714
"2024-04-11 00:00:00",103961,3130,8704,5527,97631,248399.42857142858,267727.4285714286
"2024-04-12 00:00:00",301195,0,10966,9902,35777,244277.42857142858,279272.14285714284
"2024-04-13 00:00:00",123979,11725,6567,5590,150627,256792.42857142858,272606.28571428574
"2024-04-14 00:00:00",64085,244,5497,0,88306,228076.7142857143,238150.42857142858
"2024-04-15 00:00:00",113886,0,7231,12244,50227,238092.14285714287,249633.2857142857
"2024-04-16 00:00:00",57774,25106,8284,11461,54514,234949.7142857143,256096.2857142857
"2024-04-17 00:00:00",199567,0,13918,9007,145675,248902.7142857143,257653.2857142857
"2024-04-18 00:00:00",262412,0,15293,10401,215335,289543.71428571426,248537.14285714287
"2024-04-19 00:00:00",79492,3057,17670,9292,95281,267679.85714285716,235681.42857142858
"2024-04-20 00:00:00",58786,45012,1123,2859,74405,251065.14285714287,269425.71428571426
"2024-04-21 00:00:00",51167,55317,11966,9125,156055,268993.4285714286,284949
"2024-04-22 00:00:00",89318,0,6398,2586,118528,273742.14285714284,298025.85714285716
"2024-04-23 00:00:00",133249,0,5560,16101,124388,291193.14285714284,296324.28571428574
"2024-04-24 00:00:00",206384,3057,2860,8891,88631,282858.4285714286,267055.5714285714
"2024-04-25 00:00:00",183925,244,5707,7980,92301,252389.42857142858,290432.5714285714
"2024-04-26 00:00:00",197173,47804,10716,8205,85702,273076.14285714284,297557.14285714284
"2024-04-27 00:00:00",180073,0,4609,7120,72231,284768.71428571426,275734.4285714286
"2024-04-28 00:00:00",189297,0,1712,3880,81594,283747.71428571426,257611.2857142857
"2024-04-29 00:00:00",117409,3653,15513,9238,256527,310249.28571428574,237053.85714285713
"2024-04-30 00:00:00",60518,55773,5216,10849,98288,303298.85714285716,238231.14285714287
"2024-05-01 00:00:00",272915,46045,11965,9099,80345,319091.14285714284,260125.42857142858
"2024-05-02 00:00:00",103404,65371,10105,5156,76349,314838,243562.14285714287
"2024-05-03 00:00:00",112008,0,11196,6754,111372,299370.85714285716,248367.2857142857
"2024-05-04 00:00:00",31826,0,10354,5381,122935,286008.5714285714,244554.14285714287
"2024-05-05 00:00:00",177387,14972,3327,8411,96765,289491.28571428574,262461.85714285716
"2024-05-06 00:00:00",388603,32137,8170,5143,114708,310408.4285714286,275775.85714285716
"2024-05-07 00:00:00",40425,1199,9169,13836,230414,319608.28571428574,268712.14285714284
"2024-05-08 00:00:00",98720,11991,4028,11403,86479,289929.71428571426,246219.85714285713
"2024-05-09 00:00:00",126165,0,12181,6702,76938,284444,258782.7142857143
"2024-05-10 00:00:00",52310,3130,15143,9274,133473,280444.14285714284,241723.2857142857
"2024-05-11 00:00:00",127947,0,876,0,134942,293768.14285714284,272019.5714285714
"2024-05-12 00:00:00",173710,0,5097,2803,83473,288657,252393.42857142858
"2024-05-13 00:00:00",64308,0,8838,10052,74214,232749.85714285713,257999.7142857143
"2024-05-14 00:00:00",51995,0,11169,16343,68531,211749.14285714287,250354.7142857143
"2024-05-15 00:00:00",131411,0,11765,12903,115971,220239,286265.5714285714
"2024-05-16 00:00:00",90678,0,6452,9475,119993,220898.14285714287,309505.28571428574
"2024-05-17 00:00:00",77756,3130,8622,11918,144389,225538.85714285713,307863.5714285714
"2024-05-18 00:00:00",87773,0,5303,5477,61305,210695.14285714287,299003.5714285714
"2024-05-19 00:00:00",68563,0,2445,7449,116619,200694.14285714287,308782.85714285716
"2024-05-20 00:00:00",151509,17309,16886,1189,467583,271703.5714285714,300599.4285714286
"2024-05-21 00:00:00",99163,0,12930,4165,76164,278044.14285714284,305927
"2024-05-22 00:00:00",79783,73298,7349,11088,126748,281789.5714285714,280299.85714285716
"2024-05-23 00:00:00",202990,0,14013,9020,99072,295860.4285714286,268454
"2024-05-24 00:00:00",298438,0,8126,12479,64469,315531.4285714286,277358.28571428574
"2024-05-25 00:00:00",60262,0,5435,6451,51195,310314.85714285716,270363.5714285714
"2024-05-26 00:00:00",20615,0,10512,3861,105288,302486.28571428574,267788.28571428574
"2024-05-27 00:00:00",102419,77096,12959,7682,137552,257233.85714285713,258384.14285714287
"2024-05-28 00:00:00",281957,0,16080,9292,70129,283667.4285714286,244219.85714285713
"2024-05-29 00:00:00",125912,0,11194,12737,123101,280049.5714285714,257767
"2024-05-30 00:00:00",71587,0,16511,7222,296294,289552.14285714284,253249
"2024-05-31 00:00:00",118824,49579,14522,9828,131319,281060.71428571426,286489.71428571426
"2024-06-01 00:00:00",51143,0,5863,4192,143197,292639.5714285714,266618.71428571426
"2024-06-02 00:00:00",228584,0,10037,9125,31775,312531.5714285714,274705.5714285714
"2024-06-03 00:00:00",146779,0,7168,5981,133129,306152.5714285714,300543.4285714286
"2024-06-04 00:00:00",68769,5846,18258,10002,76881,277909.4285714286,345007.14285714284
"2024-06-05 00:00:00",158824,0,6781,7834,65401,273037.5714285714,311942
"2024-06-06 00:00:00",99965,0,14195,8348,97395,248507.57142857142,310157.14285714284
"2024-06-07 00:00:00",262359,0,5860,10053,101093,256406.42857142858,277642.71428571426
"2024-06-08 00:00:00",47517,244,5314,3025,101378,249704.14285714287,279194.71428571426
"2024-06-09 00:00:00",225567,0,2496,7837,57070,251625.2857142857,266904.28571428574
"2024-06-10 00:00:00",57202,0,13250,6675,116047,237356.42857142858,252968.85714285713
"2024-06-11 00:00:00",42908,104652,12095,13807,144533,257105,236838.57142857142
"2024-06-12 00:00:00",258125,0,8856,11511,73213,273228.4285714286,260705.57142857142
"2024-06-13 00:00:00",60270,3130,13866,5278,197100,281763,241454.2857142857
"2024-06-14 00:00:00",85898,0,6134,10316,322431,288250.85714285716,259003.7142857143
"2024-06-15 00:00:00",223867,44928,9909,4778,77775,317362.28571428574,262711.14285714284
"2024-06-16 00:00:00",41511,47579,5715,3481,136383,309033.71428571426,258043.85714285713
"2024-06-17 00:00:00",181687,3627,6419,9558,157341,332670.5714285714,244398.2857142857
"2024-06-18 00:00:00",83286,26653,10699,10105,161603,329006.4285714286,223036.2857142857
"2024-06-19 00:00:00",74058,74596,8911,10689,138779,322625,221110
"2024-06-20 00:00:00",109355,0,6701,7798,113138,316531.71428571426,245165.57142857142
"2024-06-21 00:00:00",37818,0,10965,12989,49224,271705.4285714286,225982.85714285713
"2024-06-22 00:00:00",116053,689,1915,5600,158789,260532.14285714287,244230.85714285713
"2024-06-23 00:00:00",254950,0,15407,9839,66972,276603.4285714286,250732.85714285713
"2024-06-24 00:00:00",229249,0,11965,6271,52090,268166.71428571426,246058.2857142857
"2024-06-25 00:00:00",19442,0,7129,10435,147873,252814.2857142857,272256.28571428574
"2024-06-26 00:00:00",58053,48587,5656,9246,119801,243430,294660.4285714286
"2024-06-27 00:00:00",274231,34952,12262,4035,114802,272471.4285714286,283279.71428571426
"2024-06-28 00:00:00",56541,23848,9851,8828,138938,290615.85714285716,286645.85714285716
"2024-06-29 00:00:00",146515,0,2878,4035,47320,278859,276934.5714285714
"2024-06-30 00:00:00",190826,42536,7127,5340,31748,268917.5714285714,282600.71428571426
"2024-07-01 00:00:00",59643,0,9102,10401,119827,254545.57142857142,312236.4285714286
"2024-07-02 00:00:00",133054,22812,13775,8582,89224,266341.14285714284,300229.28571428574
"2024-07-03 00:00:00",200448,0,4738,14285,233061,296511,274535.14285714284
"2024-07-04 00:00:00",121141,6260,11552,7786,52919,262136.14285714287,293424.85714285716
"2024-07-05 00:00:00",44062,6114,9171,9793,55229,245902.2857142857,306947.85714285716
"2024-07-06 00:00:00",86751,16088,9452,3896,183094,259978.57142857142,290730.28571428574
"2024-07-07 00:00:00",58378,0,3359,9186,206008,259886,298962.85714285716
"2024-07-08 00:00:00",95833,0,7677,9890,103160,262398.71428571426,298347.14285714284
"2024-07-09 00:00:00",143423,0,7911,14572,65547,257256.42857142858,290062.28571428574
"2024-07-10 00:00:00",186100,0,12356,7354,142919,242427.42857142858,271539.5714285714
"2024-07-11 00:00:00",179959,5807,12213,9341,146989,264520.5714285714,240636.85714285713
"2024-07-12 00:00:00",110636,29263,2299,7836,121014,285474.71428571426,248728
"2024-07-13 00:00:00",269618,48804,5240,6645,67179,299504,270900.85714285716
"2024-07-14 00:00:00",23248,3130,9836,5312,143716,286405.85714285716,274995.4285714286
"2024-07-15 00:00:00",123894,0,14660,11874,166525,300747.5714285714,249010.7142857143
"2024-07-16 00:00:00",114369,0,11340,12407,65317,296744.71428571426,242858.42857142858
"2024-07-17 00:00:00",330284,0,7930,8007,176133,321548.28571428574,261051.42857142858
"2024-07-18 00:00:00",92503,14225,19348,6022,146904,310790,269847
"2024-07-19 00:00:00",55294,0,8082,4591,107118,297080.85714285716,246906.57142857142
"2024-07-20 00:00:00",145013,0,4420,5997,132480,281427,240335.14285714287
"2024-07-21 00:00:00",31476,3130,3385,5336,41547,267088.71428571426,240209
"2024-07-22 00:00:00",233724,30702,8385,2962,151669,282873.14285714284,258142.7142857143
"2024-07-23 00:00:00",196430,0,4015,13257,61208,293084.28571428574,266542
"2024-07-24 00:00:00",100373,0,9742,6430,45742,241646,257508.7142857143
"2024-07-25 00:00:00",134769,298,19728,11876,71917,235872.42857142858,282708.5714285714
"2024-07-26 00:00:00",148334,0,10751,9795,145969,255838.85714285713,302925.5714285714
"2024-07-27 00:00:00",77431,0,3830,6602,245518,262334.71428571426,286114.71428571426
"2024-07-28 00:00:00",55273,0,11430,4670,114095,276705.14285714284,288567
"2024-07-29 00:00:00",75413,16622,9354,8517,56090,239355.57142857142,276485.71428571426
"2024-07-30 00:00:00",39664,0,19246,13701,119303,227499,272967.4285714286
"2024-07-31 00:00:00",128492,0,7898,6130,75637,235480.42857142858,273099.4285714286
"2024-08-01 00:00:00",165070,0,6511,9752,123355,244923.2857142857,246408.85714285713
"2024-08-02 00:00:00",52438,0,9718,11276,63627,219524.85714285713,238854.57142857142
"2024-08-03 00:00:00",73297,0,15913,8425,96655,199654.7142857143,247802.14285714287
"2024-08-04 00:00:00",82856,20103,4065,4581,97409,203018.7142857143,242646.7142857143
"2024-08-05 00:00:00",186128,9770,14844,4308,219091,241325.14285714287,229500.7142857143
"2024-08-06 00:00:00",69435,0,5680,10828,105679,241283.42857142858,235910.42857142858
"2024-08-07 00:00:00",121893,23170,6584,10043,33794,238044.42857142858,249217.42857142858
"2024-08-08 00:00:00",186280,0,13172,8912,115488,240782.2857142857,245016.57142857142
"2024-08-09 00:00:00",159137,0,7067,15256,162963,270405.5714285714,236506.7142857143
"2024-08-10 00:00:00",208762,298,3197,6367,51940,281302,253420.7142857143
"2024-08-11 00:00:00",43545,42760,3176,3641,244674,299699.4285714286,231407.42857142858
"2024-08-12 00:00:00",143150,0,9684,7369,42725,266668.71428571426,253817
"2024-08-13 00:00:00",120478,0,19592,11928,88360,273630.85714285716,265446.14285714284
"2024-08-14 00:00:00",107696,0,6958,8171,77140,274271.14285714284,266250.5714285714
"2024-08-15 00:00:00",107653,0,7253,9727,297086,288252.14285714284,256655.57142857142
"2024-08-16 00:00:00",48157,0,9274,6684,116917,264910.4285714286,269848.28571428574
"2024-08-17 00:00:00",43253,28343,9591,9088,332059,286592,270455.5714285714
"2024-08-18 00:00:00",206892,0,10814,1379,70893,279760.71428571426,304254
"2024-08-19 00:00:00",370569,2548,15840,2992,85217,318938,296679.14285714284
"2024-08-20 00:00:00",33098,0,7683,7360,95566,305130.71428571426,297417.71428571426
"2024-08-21 00:00:00",68210,0,7138,6537,63068,297271.85714285716,292985.71428571426
"2024-08-22 00:00:00",152009,34033,10156,8196,94098,279668,302486.71428571426
"2024-08-23 00:00:00",137504,0,4846,7591,76514,286157,302038.85714285716
"2024-08-24 00:00:00",38843,11558,3590,4252,135643,253521.42857142858,294340.85714285716
"2024-08-25 00:00:00",180337,0,11056,5423,123390,257839.7142857143,289749.4285714286
"2024-08-26 00:00:00",194647,0,9445,2453,82686,230991.7142857143,279302.71428571426
"2024-08-27 00:00:00",147261,0,9274,12638,66312,244103,275166.5714285714
"2024-08-28 00:00:00",114912,0,18781,11741,118422,261089.14285714287,283337.4285714286
"2024-08-29 00:00:00",113912,32182,11808,10121,72671,252832.42857142858,270408.5714285714
"2024-08-30 00:00:00",107016,3130,11703,5264,92458,251849.2857142857,267407.14285714284
"2024-08-31 00:00:00",10612,0,3978,2378,130550,245225.14285714287,266810.85714285716
"2024-09-01 00:00:00",96188,0,4216,7693,148865,236190.14285714287,248115.42857142858
"2024-09-02 00:00:00",322734,39592,8461,5013,150415,270045,276177.28571428574
"2024-09-03 00:00:00",73500,44449,7950,15434,83372,268504.85714285716,279939.85714285716
"2024-09-04 00:00:00",88954,0,14113,9082,145925,267678.71428571426,262147.28571428574
"2024-09-05 00:00:00",134826,0,15478,12565,134368,275756.14285714284,305170.4285714286
"2024-09-06 00:00:00",25785,33466,11595,6257,211595,285631.4285714286,310128.4285714286
"2024-09-07 00:00:00",40027,0,8369,2472,143802,292367.4285714286,312134.71428571426
"2024-09-08 00:00:00",70507,0,12824,4174,146294,289058.5714285714,314640.5714285714
"2024-09-09 00:00:00",249130,3130,5474,7787,115262,268282.71428571426,310845
"2024-09-10 00:00:00",71420,3130,15432,12206,95144,264372.4285714286,292842.4285714286
"2024-09-11 00:00:00",85377,44204,14273,9821,112640,265549.85714285716,293051
"2024-09-12 00:00:00",213547,0,7362,11703,159588,279116.14285714284,284144
"2024-09-13 00:00:00",56193,0,6454,8574,166210,271792,287612.5714285714
"2024-09-14 00:00:00",156916,3130,2346,9575,56847,276669.71428571426,277577.14285714284
"2024-09-15 00:00:00",181067,0,6561,6979,364258,323107.5714285714,268144.14285714284
"2024-09-16 00:00:00",267115,0,12460,9697,93231,323352.85714285716,292444.14285714284
"2024-09-17 00:00:00",54776,589,4183,10252,72003,315420.14285714284,329725.4285714286
"2024-09-18 00:00:00",168139,0,8049,12076,165771,327951.4285714286,332787.85714285716
"2024-09-19 00:00:00",116186,44449,18395,10056,162270,322116.28571428574,320889
"2024-09-20 00:00:00",46030,0,8476,9333,45316,303791.14285714284,302267.14285714284
"2024-09-21 00:00:00",53464,0,6262,2846,101279,294510.71428571426,315941.28571428574
"2024-09-22 00:00:00",207869,0,5674,3477,88074,258257.85714285713,333083.5714285714
"2024-09-23 00:00:00",153067,0,9224,7243,120795,245090.2857142857,286376.85714285716
"2024-09-24 00:00:00",113814,10164,12929,12760,90453,259135.42857142858,262043.42857142858
"2024-09-25 00:00:00",134761,79616,10291,10764,113105,258350,251465.7142857143
"2024-09-26 00:00:00",67348,0,10541,10620,89970,233653.42857142858,225582.2857142857
"2024-09-27 00:00:00",62268,26933,3222,5144,27072,235865.42857142858,231723.85714285713
"2024-09-28 00:00:00",226883,0,4413,4041,141690,266319.14285714284,225595.57142857142
"2024-09-29 00:00:00",67884,0,8967,4887,53307,242026.2857142857,263706.85714285716
"2024-09-30 00:00:00",189337,6260,1659,5810,96629,243364.42857142858,292487.4285714286
"2024-10-01 00:00:00",107281,0,12823,13898,95653,241869.42857142858,295789.14285714284
"2024-10-02 00:00:00",45305,1420,9492,9480,246199,236635.2857142857,306569.14285714284
"2024-10-03 00:00:00",58909,0,24439,10880,121268,241923.2857142857,318170.85714285716
"2024-10-04 00:00:00",177162,0,9261,10933,79918,263728.4285714286,339269.28571428574
"2024-10-05 00:00:00",96749,0,6934,4619,68248,235089,389468.5714285714
"2024-10-06 00:00:00",86221,0,6441,4111,58402,237964.85714285713,343966.28571428574
"2024-10-07 00:00:00",81532,0,3792,5788,204417,237369.57142857142,333086.4285714286
"2024-10-08 00:00:00",74484,45895,6525,19280,95297,239059.14285714287,301550
"2024-10-09 00:00:00",197366,0,18128,13120,49296,234203.7142857143,326143.14285714284
"2024-10-10 00:00:00",202652,0,7182,10977,85486,247175.2857142857,337759.4285714286
"2024-10-11 00:00:00",79177,0,15633,10525,277482,262252.71428571426,332012.28571428574
"2024-10-12 00:00:00",16477,0,13993,7288,167698,266382,262932.28571428574
"2024-10-13 00:00:00",97756,52261,8454,3477,126784,285461.71428571426,288374.85714285716
"2024-10-14 00:00:00",132136,0,6677,6206,137263,283569.4285714286,289540.4285714286
"2024-10-15 00:00:00",217915,0,5513,8860,98656,296349.85714285716,311635
"2024-10-16 00:00:00",58144,17002,17521,11144,99360,285673,271333.85714285716
"2024-10-17 00:00:00",132126,0,10437,13988,86223,276598.4285714286,271115.14285714284
"2024-10-18 00:00:00",85041,6260,5053,6721,98953,250771.57142857142,289857
"2024-10-19 00:00:00",186286,0,4655,6752,187192,276404.4285714286,308159.71428571426
"2024-10-20 00:00:00",31852,0,4645,3978,106303,256125.2857142857,290859.71428571426
"2024-10-21 00:00:00",98734,0,6080,10951,157063,254774.85714285713,299743.4285714286
"2024-10-22 00:00:00",59687,2570,8050,15732,109869,235484.14285714287,293944
"2024-10-23 00:00:00",75447,0,9641,10840,201670,248973.57142857142,296622.71428571426
"2024-10-24 00:00:00",79331,3130,14699,10487,170941,254089.85714285713,305245.5714285714
"2024-10-25 00:00:00",273969,0,10619,10223,53009,274917.14285714284,280777.14285714284
"2024-10-26 00:00:00",80661,75930,1635,7288,93707,256965.14285714287,310000.71428571426
"2024-10-27 00:00:00",52279,0,9205,3953,67398,254973,331322.85714285716
"2024-10-28 00:00:00",248294,0,9923,9175,142951,274617.85714285716,300172.5714285714
"2024-10-29 00:00:00",304192,7217,12223,12249,183239,320790.71428571426,295916.71428571426
"2024-10-30 00:00:00",82917,32106,13516,12889,49980,305620.71428571426,308914.4285714286
"2024-10-31 00:00:00",150662,3130,12220,13562,227705,324005.14285714284,300989.4285714286
"2024-11-01 00:00:00",110099,31906,3132,9664,157326,318906.28571428574,262546.5714285714
"2024-11-02 00:00:00",195065,0,9054,4260,60736,320319.71428571426,235937.57142857142
"2024-11-03 00:00:00",58901,244,9655,4365,74869,322491,214549.42857142858
"2024-11-04 00:00:00",102023,0,13803,6194,91730,294406,252921.14285714287
"2024-11-05 00:00:00",118685,43323,9835,16801,162401,270395.4285714286,235614.7142857143
"2024-11-06 00:00:00",306358,1485,6828,12957,89620,302658.4285714286,240965.85714285713
"2024-11-07 00:00:00",86650,1610,5582,12317,128396,277983.5714285714,251982.14285714287
"2024-11-08 00:00:00",42442,0,6629,8639,105777,256749.14285714287,275945.4285714286
"2024-11-09 00:00:00",57841,48293,3994,7190,80223,246524.2857142857,286446.28571428574
"2024-11-10 00:00:00",80410,0,5644,4707,120178,255510.7142857143,283134.14285714284
"2024-11-11 00:00:00",148768,31709,4599,8558,65373,261976.42857142858,274874.85714285716
"2024-11-12 00:00:00",197529,0,6569,15014,116050,259707.42857142858,297293
"2024-11-13 00:00:00",120662,17573,6020,12333,253777,258724.14285714287,275475
"2024-11-14 00:00:00",97653,0,20897,10165,120444,260810.42857142858,253844.14285714287
"2024-11-15 00:00:00",116330,0,15087,11648,202368,286802.85714285716,265450.5714285714
"2024-11-16 00:00:00",96133,0,3442,0,79324,284139.5714285714,261616.7142857143
"2024-11-17 00:00:00",265382,3130,4800,3003,98199,307507.28571428574,261160.7142857143
"2024-11-18 00:00:00",59828,47004,2622,5137,191385,314216.85714285716,239185
"2024-11-19 00:00:00",63531,0,13506,15901,148005,300757,261990
"2024-11-20 00:00:00",189894,0,12031,11923,40267,278435.5714285714,307829.4285714286
"2024-11-21 00:00:00",147431,2314,15509,12290,121032,285495.14285714284,333089.4285714286
"2024-11-22 00:00:00",44733,0,4752,7643,138817,264139.5714285714,323929.28571428574
"2024-11-23 00:00:00",66645,0,6820,11983,109460,266426.4285714286,300853.71428571426
"2024-11-24 00:00:00",201510,0,8353,3717,138343,263199.4285714286,306325.5714285714
"2024-11-25 00:00:00",34477,0,4322,7233,53566,233716.85714285713,312412.5714285714
"2024-11-26 00:00:00",196212,26206,12087,14778,87985,247477.57142857142,295104
"2024-11-27 00:00:00",148598,6260,12274,9111,83711,248311.7142857143,262306
"2024-11-28 00:00:00",96186,0,7896,12383,90228,235185.57142857142,249968.85714285713
"2024-11-29 00:00:00",145815,0,9863,8674,78147,241836.2857142857,241517.42857142858
"2024-11-30 00:00:00",74954,0,5110,7098,149351,247780.14285714287,268689.28571428574
"2024-12-01 00:00:00",47751,6040,13142,4365,35725,212794.57142857142,259212.85714285713
"2024-12-02 00:00:00",319696,0,4736,7327,55384,253872.42857142858,252052.85714285713
"2024-12-03 00:00:00",145656,0,4940,17776,239512,263960.4285714286,234806.14285714287
"2024-12-04 00:00:00",82562,87347,9147,11437,142614,274410.71428571426,251958.14285714287
"2024-12-05 00:00:00",89608,0,17894,10000,134466,280878.5714285714,257603.2857142857
"2024-12-06 00:00:00",62237,0,4029,11199,90996,270301.71428571426,264742.85714285716
"2024-12-07 00:00:00",72957,13857,3104,8409,108115,266006,256974.85714285713
"2024-12-08 00:00:00",155561,0,5328,3477,59951,282762.14285714284,262660.28571428574
"2024-12-09 00:00:00",19671,0,3406,10859,42335,238352,278169.28571428574
"2024-12-10 00:00:00",215368,5993,7240,14381,37847,220201.42857142858,289497.28571428574
"2024-12-11 00:00:00",174171,0,3262,7065,150855,220522.2857142857,283391
"2024-12-12 00:00:00",77890,0,10570,6887,263998,235861.7142857143,271144.28571428574
"2024-12-13 00:00:00",239948,3130,12694,12025,66266,259519,278384.71428571426
"2024-12-14 00:00:00",56666,0,6739,8116,143054,260680.57142857142,272488.85714285716
"2024-12-15 00:00:00",207678,0,1269,2528,38100,264289,270322.4285714286
"2024-12-16 00:00:00",60053,0,8072,12265,121716,282265.28571428574,274422.71428571426
"2024-12-17 00:00:00",180885,0,4027,15096,136817,290264.5714285714,268925.28571428574
"2024-12-18 00:00:00",88814,66920,13212,8403,79754,279086.28571428574,302719.5714285714
"2024-12-19 00:00:00",72235,1199,13454,5693,147424,262037.85714285713,292373.85714285716
"2024-12-20 00:00:00",244551,0,10709,2340,53866,258809.7142857143,283254.85714285716
"2024-12-21 00:00:00",71199,515,13784,3030,72145,251109.57142857142,264317.5714285714
"2024-12-22 00:00:00",19705,0,7804,1107,115491,236042.57142857142,258781.14285714287
"2024-12-23 00:00:00",151168,17979,3843,2378,70251,242258.7142857143,231128.14285714287
"2024-12-24 00:00:00",58352,0,8977,8369,37909,210370.42857142858,222454.85714285713
"2024-12-25 00:00:00",25484,0,6273,0,60936,186883,157780.7142857143
"2024-12-26 00:00:00",253693,9562,5348,0,79320,202299.85714285713,169452.14285714287
"2024-12-27 00:00:00",6679,0,1239,1189,30094,163404.85714285713,156333.2857142857
"2024-12-28 00:00:00",103459,0,8095,4727,49731,164167.57142857142,192383.7142857143
"2024-12-29 00:00:00",227038,2766,10569,0,131827,196752.14285714287,231648.42857142858
"2024-12-30 00:00:00",87149,0,5120,5282,67244,185205.85714285713,235025.85714285713
"2024-12-31 00:00:00",52902,44016,10892,10608,186057,212472.85714285713,249124.14285714287
"2025-01-01 00:00:00",50202,32684,1512,0,28233,215321.14285714287,266488.28571428574
"2025-01-02 00:00:00",45321,0,6224,0,114737,189372.14285714287,253514.7142857143
"2025-01-03 00:00:00",269157,3130,6472,5993,182604,250537.2857142857,273818
"2025-01-04 00:00:00",34740,0,5991,2470,96938,246841.2857142857,237882.14285714287
"2025-01-05 00:00:00",35598,3130,5649,10294,173510,226267.2857142857,208756.85714285713
"2025-01-06 00:00:00",124893,0,3959,2249,39965,227163.2857142857,223017
"2025-01-07 00:00:00",77258,0,23711,4220,93981,212119.42857142858,219930.57142857142
"2025-01-08 00:00:00",47302,47520,13304,8565,143464,233194.42857142858,245661.85714285713
"2025-01-09 00:00:00",254319,2805,3745,5483,100320,261822,278223
"2025-01-10 00:00:00",89550,0,5143,14677,129567,229190.7142857143,308415.85714285716
"2025-01-11 00:00:00",51076,47194,6780,2378,97267,238412.7142857143,330501.4285714286
"2025-01-12 00:00:00",95763,244,545,6284,99890,234776.2857142857,321402.14285714284
"2025-01-13 00:00:00",127582,0,15096,12298,50751,239727.7142857143,313706.28571428574
"2025-01-14 00:00:00",102330,1581,11416,12142,115348,245963.14285714287,340232.14285714284
"2025-01-15 00:00:00",78126,22069,9479,13995,74018,237039.14285714287,324702.14285714284
"2025-01-16 00:00:00",45233,0,13429,10331,63004,203514,315521.85714285716
"2025-01-17 00:00:00",26364,0,5226,11233,104769,190464.57142857142,289690.4285714286
"2025-01-18 00:00:00",164168,0,9760,1189,137594,205895.42857142858,290439.85714285716
"2025-01-19 00:00:00",214300,17929,7946,7742,70656,222445.14285714287,304099.28571428574
"2025-01-20 00:00:00",129840,16052,5807,6584,90002,228524.85714285713,312647.71428571426
"2025-01-21 00:00:00",42141,0,10450,12776,56552,211253.7142857143,303777.14285714284
"2025-01-22 00:00:00",158321,0,16168,12565,351307,259921.42857142858,312598
"2025-01-23 00:00:00",175258,0,14805,6288,89047,281835.85714285716,286543.14285714284
"2025-01-24 00:00:00",355244,53634,9226,12919,52842,329874.85714285716,313511.5714285714
"2025-01-25 00:00:00",175543,29776,8468,8612,122711,334503.28571428574,328187.28571428574
"2025-01-26 00:00:00",68292,27840,10746,3386,36186,309914,336378.5714285714
"2025-01-27 00:00:00",49629,0,5674,11169,92474,297151.4285714286,350077.5714285714
"2025-01-28 00:00:00",59261,1898,4447,11517,127809,309010.5714285714,342254.28571428574
"2025-01-29 00:00:00",205760,11452,12448,11893,90163,279489.71428571426,324489.28571428574
"2025-01-30 00:00:00",165816,26174,9811,9821,188949,295943.14285714284,326142.14285714284
"2025-01-31 00:00:00",41058,0,14792,8182,83378,247878.14285714287,311098.5714285714
"2025-02-01 00:00:00",122197,0,6360,8045,104177,232973.7142857143,271378.5714285714
"2025-02-02 00:00:00",122235,0,8687,8838,111777,247986,263628.4285714286
"2025-02-03 00:00:00",86732,31287,12541,6196,169791,269072,277137.14285714284
"2025-02-04 00:00:00",128123,0,10623,11875,91880,274438.71428571426,265273.85714285716
"2025-02-05 00:00:00",173067,0,7698,12354,85626,266871.5714285714,273842
"2025-02-06 00:00:00",296646,3130,18946,9758,54079,264298.28571428574,309783
"2025-02-07 00:00:00",53323,41639,3249,6361,122263,275644.85714285716,280997.14285714284
"2025-02-08 00:00:00",76764,0,2597,7827,174695,278660,288057.85714285716
"2025-02-09 00:00:00",95296,0,18825,0,44115,265331.5714285714,291751
"2025-02-10 00:00:00",239214,0,4046,15245,261164,295777.4285714286,293848.85714285716
"2025-02-11 00:00:00",99694,3920,7787,11923,120559,295975.14285714284,295340.4285714286
"2025-02-12 00:00:00",72568,0,11664,5887,106755,284279.4285714286,287636.71428571426
"2025-02-13 00:00:00",65246,0,7511,10296,110457,257272.2857142857,269691.5714285714
"2025-02-14 00:00:00",69305,39852,8230,10870,89202,255933,275750.71428571426
"2025-02-15 00:00:00",91556,47696,2307,11651,218964,271688.85714285716,303377.71428571426
"2025-02-16 00:00:00",381192,0,4822,7557,58508,313666.4285714286,300604.5714285714
"2025-02-17 00:00:00",83337,0,7802,8978,63671,262826.28571428574,277494.5714285714
"2025-02-18 00:00:00",141851,28397,13602,13617,147209,277225.14285714284,274146
"2025-02-19 00:00:00",57331,0,8685,9726,78421,271123.4285714286,290953.28571428574
"2025-02-20 00:00:00",127772,31894,9650,4959,80966,279942.4285714286,272305.5714285714
"2025-02-21 00:00:00",45075,43703,5655,13081,71883,274504.71428571426,324953.85714285716
"2025-02-22 00:00:00",42539,4168,5955,3881,184810,255816,314106.71428571426
"2025-02-23 00:00:00",57945,0,9284,3003,78079,212420.2857142857,305713
"2025-02-24 00:00:00",201416,0,7868,7838,94021,233470.85714285713,283964.85714285716
"2025-02-25 00:00:00",124595,70007,5668,11847,66197,223990.57142857142,288411
"2025-02-26 00:00:00",225057,0,8916,12595,53242,244797.14285714287,308697.4285714286
"2025-02-27 00:00:00",126790,0,16170,6936,279743,269710.85714285716,329683.4285714286
"2025-02-28 00:00:00",152474,0,18546,11097,84646,282191.71428571426,264300.71428571426
"2025-03-01 00:00:00",156032,4086,14107,6094,71577,283697.71428571426,278975.28571428574
"2025-03-02 00:00:00",82424,0,9386,10137,255816,313619.71428571426,269984.5714285714
"2025-03-03 00:00:00",45126,0,7351,5828,92196,290670.85714285716,277684.4285714286
"2025-03-04 00:00:00",56721,0,16605,14285,124076,281152.71428571426,293583.71428571426
"2025-03-05 00:00:00",176246,0,6821,11892,42763,272283,265409.5714285714
"2025-03-06 00:00:00",101972,21000,9586,8514,181270,256954.7142857143,236888.7142857143
"2025-03-07 00:00:00",82024,25607,4725,11288,101714,251039.7142857143,260318.57142857142
"2025-03-08 00:00:00",127315,0,4642,2774,129408,252788.57142857142,243763.7142857143
"2025-03-09 00:00:00",52596,0,18253,3908,80661,223882.14285714287,256311.85714285713
"2025-03-10 00:00:00",64100,3130,8406,10757,108687,230250.7142857143,252247.85714285713
"2025-03-11 00:00:00",134437,0,11402,14855,126046,240972.42857142858,247332.57142857142
"2025-03-12 00:00:00",41215,30002,6761,10513,74727,230329.14285714287,259048
"2025-03-13 00:00:00",402985,1581,10640,9891,132258,263902.5714285714,317189.14285714284
"2025-03-14 00:00:00",84495,0,7010,12900,62620,255569.42857142858,322716.5714285714
"2025-03-15 00:00:00",71978,0,3277,3025,73162,239470,297152.14285714284
"2025-03-16 00:00:00",61224,10453,9674,7787,51823,237404.7142857143,326969.71428571426
"2025-03-17 00:00:00",291849,49332,6162,4745,145131,280567.28571428574,331241.4285714286
"2025-03-18 00:00:00",66153,0,16597,11202,139804,272998.28571428574,329540.28571428574
"2025-03-19 00:00:00",109923,0,19096,10989,122163,287134.28571428574,317816.4285714286
"2025-03-20 00:00:00",47908,0,10251,8800,126916,235208.57142857142,297496
"2025-03-21 00:00:00",84638,0,7590,12404,71701,236538.2857142857,301141.5714285714
"2025-03-22 00:00:00",141439,0,7652,3368,193979,264394.85714285716,319208.71428571426
"2025-03-23 00:00:00",154398,0,6122,7655,88007,280855,287509.4285714286
"2025-03-24 00:00:00",102415,5567,18664,5984,57082,236925.7142857143,281904.28571428574
"2025-03-25 00:00:00",130285,2163,12375,10503,112027,241725.42857142858,276154.5714285714
"2025-03-26 00:00:00",73276,9003,21737,11590,41821,226762.14285714287,301027.4285714286
"2025-03-27 00:00:00",69839,3130,12484,8204,90209,225332.2857142857,305657.5714285714
"2025-03-28 00:00:00",190082,0,9434,7794,205081,259054.7142857143,301876
"2025-03-29 00:00:00",197184,0,6273,4154,96102,252951.14285714287,295594.5714285714
"2025-03-30 00:00:00",43766,36901,7285,8144,74566,240734.14285714287,285124.14285714284
"2025-03-31 00:00:00",115334,0,9083,8536,125517,250556.42857142858,292811.4285714286
"2025-04-01 00:00:00",226817,544,4655,12368,100016,261563,279241.71428571426
"2025-04-02 00:00:00",95865,12635,13971,11326,174049,283051.28571428574,255108.7142857143
"2025-04-03 00:00:00",150494,0,9754,9353,54314,288772.71428571426,233094.57142857142
"2025-04-04 00:00:00",90350,0,2975,13737,59747,253689.7142857143,212933.57142857142
"2025-04-05 00:00:00",327303,0,14397,3182,136671,279095.28571428574,243026.14285714287
"2025-04-06 00:00:00",116830,43323,24485,6838,138746,301889.4285714286,244436.14285714287
"2025-04-07 00:00:00",58047,0,3636,5002,51516,281851.14285714284,268910
"2025-04-08 00:00:00",91547,0,8538,12076,93553,262038.85714285713,263152.4285714286
"2025-04-09 00:00:00",63431,12057,5019,12278,123728,248991.57142857142,250874.7142857143
"2025-04-10 00:00:00",232809,24295,16154,8338,97696,271188.28571428574,248473.57142857142
"2025-04-11 00:00:00",107248,0,9446,10074,244986,300466,248399.42857142858
"2025-04-12 00:00:00",111453,0,12193,7810,45770,256990.7142857143,244277.42857142858
"2025-04-13 00:00:00",186803,0,4834,5491,46040,244554.2857142857,256792.42857142858
"2025-04-14 00:00:00",75900,45201,6112,8104,205714,276387,228076.7142857143
"2025-04-15 00:00:00",110633,0,6729,13844,60985,274455,238092.14285714287
"2025-04-16 00:00:00",67871,9927,12262,10426,71665,268117.4285714286,234949.7142857143
"2025-04-17 00:00:00",113371,1627,13374,5744,178559,258600.7142857143,248902.7142857143
"2025-04-18 00:00:00",191529,0,11848,11821,73257,246700.85714285713,289543.71428571426
"2025-04-19 00:00:00",163872,0,818,2599,114887,261693.85714285713,267679.85714285716
"2025-04-20 00:00:00",83538,0,8293,7698,73656,251696.57142857142,251065.14285714287
"2025-04-21 00:00:00",171070,0,11702,1189,85591,241485.42857142858,268993.4285714286
"2025-04-22 00:00:00",76977,0,10600,3438,144971,247742,273742.14285714284
"2025-04-23 00:00:00",29782,0,11521,13589,81807,242677.42857142858,291193.14285714284
"2025-04-24 00:00:00",155715,0,5520,11352,119111,239680.7142857143,282858.4285714286
"2025-04-25 00:00:00",156022,0,3292,6456,47790,228981.42857142858,252389.42857142858
"2025-04-26 00:00:00",26086,0,3782,6435,96864,207694.42857142858,273076.14285714284
"2025-04-27 00:00:00",165852,0,6357,5097,77103,219297.57142857142,284768.71428571426
"2025-04-28 00:00:00",77701,0,15222,5657,200504,223516.14285714287,283747.71428571426
"2025-04-29 00:00:00",133423,0,15382,15268,225436,245447.7142857143,310249.28571428574
"2025-04-30 00:00:00",102813,44449,11231,12835,129226,268855.5714285714,303298.85714285716
"2025-05-01 00:00:00",138959,0,13089,10912,91321,263510.28571428574,319091.14285714284
"2025-05-02 00:00:00",228587,8197,15975,8831,72257,280694.28571428574,314838
"2025-05-03 00:00:00",100470,0,6416,1303,129557,295634,299370.85714285716
"2025-05-04 00:00:00",86178,60631,5204,7312,83616,293995.71428571426,286008.5714285714
"2025-05-05 00:00:00",104723,0,4434,8191,101984,282602.85714285716,289491.28571428574
"2025-05-06 00:00:00",91502,0,12995,4621,70255,252583.57142857142,310408.4285714286
"2025-05-07 00:00:00",64538,0,10063,13393,123844,239910,319608.28571428574
"2025-05-08 00:00:00",320223,37416,3971,10499,198768,285137.85714285716,289929.71428571426
"2025-05-09 00:00:00",47484,23802,10071,10989,84382,262692.14285714284,284444
"2025-05-10 00:00:00",78086,64936,818,8873,109790,266229.14285714284,280444.14285714284
"2025-05-11 00:00:00",50077,3130,1123,4195,70174,249909,293768.14285714284
"2025-05-12 00:00:00",164298,0,7914,11642,47264,251592.57142857142,288657
"2025-05-13 00:00:00",63356,20726,7231,14799,106839,256389.42857142858,232749.85714285713
"2025-05-14 00:00:00",89279,0,7689,11973,99408,255890.85714285713,211749.14285714287
"2025-05-15 00:00:00",185659,0,12822,8720,38136,209385.2857142857,220239
"2025-05-16 00:00:00",204094,28689,8969,11185,289499,261629.2857142857,220898.14285714287
"2025-05-17 00:00:00",173677,0,8289,6056,177939,276408.71428571426,225538.85714285713
"2025-05-18 00:00:00",58361,0,11825,8246,115846,285777,210695.14285714287
"2025-05-19 00:00:00",109756,39487,6784,6131,158271,298535.85714285716,200694.14285714287
"2025-05-20 00:00:00",213760,0,11320,13806,45922,308801.28571428574,271703.5714285714
"2025-05-21 00:00:00",122167,0,20707,10316,86805,313322.14285714284,278044.14285714284
"2025-05-22 00:00:00",157685,0,6265,8399,45583,309407.14285714284,281789.5714285714
"2025-05-23 00:00:00",204833,0,6908,6803,117327,279898,295860.4285714286
"2025-05-24 00:00:00",82967,47579,4441,4835,218621,278824.14285714284,315531.4285714286
"2025-05-25 00:00:00",77456,0,8042,0,140581,283367.14285714284,310314.85714285716
"2025-05-26 00:00:00",109625,0,10579,15420,111360,272875,302486.28571428574
"2025-05-27 00:00:00",114662,3219,8496,14524,155538,274536.5714285714,257233.85714285713
"2025-05-28 00:00:00",109758,0,10379,8692,92965,271936.4285714286,283667.4285714286
"2025-05-29 00:00:00",70824,0,8675,4729,104199,267721.4285714286,280049.5714285714
"2025-05-30 00:00:00",111920,6179,6459,5481,51352,245653,289552.14285714284
"2025-05-31 00:00:00",26132,0,8068,3089,157560,222282.42857142858,281060.71428571426
"2025-06-01 00:00:00",339783,23231,7997,4929,111647,259640.85714285713,292639.5714285714
"2025-06-02 00:00:00",70312,0,12260,6259,188931,264037.5714285714,312531.5714285714
"2025-06-03 00:00:00",66784,0,17900,10047,61882,244062.2857142857,306152.5714285714
"2025-06-04 00:00:00",101427,3130,9336,5846,134994,248767.85714285713,277909.4285714286
"2025-06-05 00:00:00",321591,40064,11409,8275,143190,296782.4285714286,273037.5714285714
"2025-06-06 00:00:00",59323,22572,6719,10725,118168,301941.5714285714,248507.57142857142
"2025-06-07 00:00:00",62348,0,8175,3025,83769,296579.71428571426,256406.42857142858
"2025-06-08 00:00:00",157712,0,6668,6663,69678,261312.85714285713,249704.14285714287
"2025-06-09 00:00:00",97361,0,4890,4707,66664,246435.85714285713,251625.2857142857
"2025-06-10 00:00:00",50205,0,11605,6240,57098,241941,237356.42857142858
"2025-06-11 00:00:00",56524,0,11795,4929,131718,234831.42857142858,257105
"2025-06-12 00:00:00",139050,35165,21799,11114,99096,203645,273228.4285714286
"2025-06-13 00:00:00",37290,87298,9920,4943,82379,204262.7142857143,281763
"2025-06-14 00:00:00",221797,111564,2023,6669,122978,248221.85714285713,288250.85714285716
"2025-06-15 00:00:00",129277,0,9682,1379,102763,248562.14285714287,317362.28571428574
"2025-06-16 00:00:00",173573,0,6859,9999,76522,261895,309033.71428571426
"2025-06-17 00:00:00",75319,48540,10071,11262,47043,271478.71428571426,332670.5714285714
"2025-06-18 00:00:00",58490,53641,10835,8873,124339,278794.71428571426,329006.4285714286
"2025-06-19 00:00:00",171111,0,22373,7601,63592,272859.4285714286,322625
"2025-06-20 00:00:00",128732,69429,5301,8664,43579,277698.5714285714,316531.71428571426
"2025-06-21 00:00:00",24514,34234,7250,3731,115167,237679.42857142858,271705.4285714286
"2025-06-22 00:00:00",182318,0,5427,3689,53333,237917.2857142857,260532.14285714287
"2025-06-23 00:00:00",47723,0,4440,3916,99960,222072.42857142858,276603.4285714286
"2025-06-24 00:00:00",45271,30074,20890,8534,134622,228809,268166.71428571426
"2025-06-25 00:00:00",239183,589,15913,7277,83120,241652.2857142857,252814.2857142857
"2025-06-26 00:00:00",163320,0,15907,5520,58172,238544,243430
"2025-06-27 00:00:00",31708,23206,10597,8923,65181,221959.85714285713,272471.4285714286
"2025-06-28 00:00:00",162698,43886,2544,3689,45165,232400.7142857143,290615.85714285716
"2025-06-29 00:00:00",257606,0,5884,0,73157,245526.42857142858,278859
"2025-06-30 00:00:00",88768,0,4029,10840,211296,268225.5714285714,268917.5714285714
"2025-07-01 00:00:00",86656,0,13753,8626,88769,262284.5714285714,254545.57142857142
"2025-07-02 00:00:00",57363,0,14118,8609,69563,234223.14285714287,266341.14285714284
"2025-07-03 00:00:00",215371,26016,24733,3477,271233,276781.85714285716,296511
"2025-07-04 00:00:00",69852,0,12082,11276,59365,278633.14285714284,262136.14285714287
"2025-07-05 00:00:00",80421,0,966,0,193429,281037.71428571426,245902.2857142857
"2025-07-06 00:00:00",95244,43490,7054,6118,28418,258706,259978.57142857142
"2025-07-07 00:00:00",180769,244,7305,6094,123496,259131,259886
"2025-07-08 00:00:00",31103,53001,15308,11125,91723,259767.7142857143,262398.71428571426
"2025-07-09 00:00:00",123341,0,6223,6871,167523,281811.4285714286,257256.42857142858
"2025-07-10 00:00:00",138770,0,15456,5376,104447,242271.2857142857,242427.42857142858
"2025-07-11 00:00:00",71284,0,4453,9794,82043,244414,264520.5714285714
"2025-07-12 00:00:00",254336,0,11970,1823,87253,255923.57142857142,285474.71428571426
"2025-07-13 00:00:00",36835,244,5454,4625,81910,248601.2857142857,299504
"2025-07-14 00:00:00",49129,0,7928,10010,195935,240757.7142857143,286405.85714285716
"2025-07-15 00:00:00",49218,0,9822,8283,62359,230389.42857142858,300747.5714285714
"2025-07-16 00:00:00",219726,41616,18296,7797,134707,247273,296744.71428571426
"2025-07-17 00:00:00",115194,11136,12923,4033,91040,243026.7142857143,321548.28571428574
"2025-07-18 00:00:00",115980,0,7839,9099,49678,245172.7142857143,310790
"2025-07-19 00:00:00",223920,0,2807,3962,122309,244832,297080.85714285716
"2025-07-20 00:00:00",76834,0,2664,5498,144514,259180.57142857142,281427
"2025-07-21 00:00:00",119658,0,8563,5257,96608,254478.2857142857,267088.71428571426
"2025-07-22 00:00:00",61697,0,9591,10988,340618,296365.5714285714,282873.14285714284
"2025-07-23 00:00:00",53894,3130,16829,10403,104633,263043.71428571426,293084.28571428574
"2025-07-24 00:00:00",115179,0,26459,5152,165080,274121.4285714286,241646
"2025-07-25 00:00:00",266719,0,10488,7934,116703,305442.71428571426,235872.42857142858
"2025-07-26 00:00:00",97156,0,11862,1570,66519,280315.5714285714,255838.85714285713
"2025-07-27 00:00:00",201212,45571,12205,2378,113436,301072,262334.71428571426
"2025-07-28 00:00:00",170151,0,11476,10984,152776,317543.5714285714,276705.14285714284
"2025-07-29 00:00:00",75809,0,10422,10434,88879,283636.4285714286,239355.57142857142
"2025-07-30 00:00:00",62683,0,18697,7089,147358,290342,227499
"2025-07-31 00:00:00",116605,0,8129,8637,94683,278368.28571428574,235480.42857142858
"2025-08-01 00:00:00",114772,0,7413,10514,85474,252129.7142857143,244923.2857142857
"2025-08-02 00:00:00",99236,0,8212,2125,226691,274866.5714285714,219524.85714285713
"2025-08-03 00:00:00",235235,0,5805,10194,65817,266616.28571428574,199654.7142857143
"2025-08-04 00:00:00",215654,45948,11179,5695,66231,266519.28571428574,203018.7142857143
"2025-08-05 00:00:00",88314,0,6858,6062,97269,268370.71428571426,241325.14285714287
"2025-08-06 00:00:00",60234,0,9303,10152,110569,261860.57142857142,241283.42857142858
"2025-08-07 00:00:00",124034,1434,13304,2368,183701,275687.4285714286,238044.42857142858
"2025-08-08 00:00:00",86434,0,4374,14402,63122,268567.14285714284,240782.2857142857
"2025-08-09 00:00:00",107410,0,5521,2637,45076,243478.57142857142,270405.5714285714
"2025-08-10 00:00:00",188883,0,8314,6171,96988,241093.57142857142,281302
"2025-08-11 00:00:00",190473,244,8908,14922,60143,231090.85714285713,299699.4285714286
"2025-08-12 00:00:00",31276,1037,14472,8994,110343,226465,266668.71428571426
"2025-08-13 00:00:00",156147,0,9255,13556,106785,240105.85714285713,273630.85714285716
"2025-08-14 00:00:00",102207,0,12132,7011,75898,221878.2857142857,274271.14285714284
"2025-08-15 00:00:00",156419,43534,8537,13713,124234,247321.7142857143,288252.14285714284
"2025-08-16 00:00:00",98918,0,16191,2247,37828,246541.7142857143,264910.4285714286
"2025-08-17 00:00:00",54086,0,6196,0,64694,221487.2857142857,286592
"2025-08-18 00:00:00",235431,0,3672,11745,259949,255216.85714285713,279760.71428571426
"2025-08-19 00:00:00",44499,0,17431,3357,143051,261247.85714285713,318938
"2025-08-20 00:00:00",52574,4382,14041,7622,40492,237443.2857142857,305130.71428571426
"2025-08-21 00:00:00",114955,41270,9109,2378,100377,247563.42857142858,297271.85714285716
"2025-08-22 00:00:00",52645,6784,4496,8158,55084,216239.14285714287,279668
"2025-08-23 00:00:00",105387,43886,3217,3823,113584,232626.57142857142,286157
"2025-08-24 00:00:00",304760,0,7736,3728,103194,274689.85714285716,253521.42857142858
"2025-08-25 00:00:00",27456,244,12267,15762,160349,232587.2857142857,257839.7142857143
"2025-08-26 00:00:00",51075,32851,7313,8417,107180,232372.57142857142,230991.7142857143
"2025-08-27 00:00:00",68206,0,10809,9335,58005,236264.42857142858,244103
"2025-08-28 00:00:00",144415,0,13930,6792,100459,235908.2857142857,261089.14285714287
"2025-08-29 00:00:00",140182,0,8195,7387,148181,261162.2857142857,252832.42857142858
"2025-08-30 00:00:00",78414,0,4861,4191,81991,246813.85714285713,251849.2857142857
"2025-08-31 00:00:00",102451,0,9065,4915,113671,219768.57142857142,245225.14285714287
"2025-09-01 00:00:00",189875,0,4965,11433,70824,228485.7142857143,236190.14285714287
"2025-09-02 00:00:00",48097,34228,12993,11545,176811,239462.57142857142,270045
"2025-09-03 00:00:00",97953,0,21160,8422,110399,252545.42857142858,268504.85714285716
"2025-09-04 00:00:00",92958,10125,4360,4508,87485,243093.85714285713,267678.71428571426
"2025-09-05 00:00:00",159285,0,15891,9359,296740,268426.85714285716,275756.14285714284
"2025-09-06 00:00:00",224216,0,4227,5659,83925,289651.14285714284,285631.4285714286
"2025-09-07 00:00:00",77466,0,15236,639,95586,283769.14285714284,292367.4285714286
"2025-09-08 00:00:00",122362,3159,17145,14712,83148,278544.71428571426,289058.5714285714
"2025-09-09 00:00:00",107557,0,10263,6993,135391,275191.71428571426,268282.71428571426
"2025-09-10 00:00:00",146433,8787,8301,8425,127304,283951.14285714284,264372.4285714286
"2025-09-11 00:00:00",80592,0,3114,3412,120650,285141.4285714286,265549.85714285716
"2025-09-12 00:00:00",75482,0,12371,9946,111785,246328.14285714287,279116.14285714284
"2025-09-13 00:00:00",21283,0,13870,2216,48955,213227.57142857142,271792
"2025-09-14 00:00:00",161565,53059,4818,4929,178009,243720.85714285713,276669.71428571426
"2025-09-15 00:00:00",20721,0,2606,7527,57196,221938.2857142857,323107.5714285714
"2025-09-16 00:00:00",41107,44449,5311,7946,158438,221516.57142857142,323352.85714285716
"2025-09-17 00:00:00",94819,28864,8769,9140,266422,237054.42857142858,315420.14285714284
"2025-09-18 00:00:00",238879,0,9277,4475,163941,266883.71428571426,327951.4285714286
"2025-09-19 00:00:00",176808,1831,5840,6384,151492,285851.28571428574,322116.28571428574
"2025-09-20 00:00:00",78252,2792,7980,5380,88881,299702.85714285716,303791.14285714284
"2025-09-21 00:00:00",63838,0,8553,1189,57386,260929.2857142857,294510.71428571426
"2025-09-22 00:00:00",147778,61182,6156,13254,187205,307718.71428571426,258257.85714285713
"2025-09-23 00:00:00",106841,0,17067,9024,60207,298559.71428571426,245090.2857142857
"2025-09-24 00:00:00",153035,29634,7727,9195,175378,293838.85714285716,259135.42857142858
"2025-09-25 00:00:00",178742,0,7905,2847,199268,289865.85714285716,258350
"2025-09-26 00:00:00",76666,3651,10670,9518,125961,273310.4285714286,233653.42857142858
"2025-09-27 00:00:00",106112,0,10613,3001,233282,297556.71428571426,235865.42857142858
"2025-09-28 00:00:00",340867,0,7227,6118,97872,343430.85714285716,266319.14285714284
"2025-09-29 00:00:00",88660,9297,7431,10582,102977,315341.14285714284,242026.2857142857
"2025-09-30 00:00:00",113947,0,11267,8099,142809,327196,243364.42857142858
"2025-10-01 00:00:00",60118,1893,10432,8791,105411,300292.85714285716,241869.42857142858
"2025-10-02 00:00:00",208565,0,18790,3463,120949,295008,236635.2857142857
"2025-10-03 00:00:00",70269,0,8199,10697,136786,294934.28571428574,241923.2857142857
"2025-10-04 00:00:00",12418,0,3845,4103,58943,255834.2857142857,263728.4285714286
"2025-10-05 00:00:00",69598,28640,2221,0,41622,211548.14285714287,235089
"2025-10-06 00:00:00",250964,3130,5039,12090,81385,230642.57142857142,237964.85714285713
"2025-10-07 00:00:00",217473,3374,12556,9164,144791,246533.14285714287,237369.57142857142
"2025-10-08 00:00:00",52794,32935,9658,7467,99407,248763.85714285713,239059.14285714287
"2025-10-09 00:00:00",29139,0,5308,393,113218,219662.42857142858,234203.7142857143
"2025-10-10 00:00:00",19944,931,7646,4723,97511,206063,247175.2857142857
"2025-10-11 00:00:00",36983,0,6324,3730,284663,242119,262252.71428571426
"2025-10-12 00:00:00",30011,0,5420,4943,153648,249539.14285714287,266382
"2025-10-13 00:00:00",252787,8731,6621,10559,157326,261455.85714285713,285461.71428571426
"2025-10-14 00:00:00",103952,43323,12153,7305,341222,278684.28571428574,283569.4285714286
"2025-10-15 00:00:00",178371,0,7780,7843,175740,302608.85714285716,296349.85714285716
"2025-10-16 00:00:00",188529,244,10938,1724,170621,334608.71428571426,285673
"2025-10-17 00:00:00",73790,44868,10025,7660,115610,351922.71428571426,276598.4285714286
"2025-10-18 00:00:00",70839,0,3814,9129,160682,339460.28571428574,250771.57142857142
"2025-10-19 00:00:00",70214,0,20414,4929,241387,359877.71428571426,276404.4285714286
"2025-10-20 00:00:00",180464,0,9983,8793,87993,338621.71428571426,256125.2857142857
"2025-10-21 00:00:00",98206,848,7194,7074,64856,291510.85714285716,254774.85714285713
"2025-10-22 00:00:00",133302,0,23846,9668,145869,283360.85714285716,235484.14285714287
"2025-10-23 00:00:00",120056,0,20121,1189,58044,258697.14285714287,248973.57142857142
"2025-10-24 00:00:00",19025,0,4628,9628,141526,247676.2857142857,254089.85714285713
"2025-10-25 00:00:00",182721,0,4629,6285,125020,258275,274917.14285714284
"2025-10-26 00:00:00",55118,0,5510,5515,163848,242995.85714285713,256965.14285714287
"2025-10-27 00:00:00",70596,54797,5930,11319,145331,243101.57142857142,254973
"2025-10-28 00:00:00",142457,0,7687,9450,95101,254032.2857142857,274617.85714285716
"2025-10-29 00:00:00",104190,25181,10018,6175,57067,238310.57142857142,320790.71428571426
"2025-10-30 00:00:00",141349,0,15616,8856,98235,247545.7142857143,305620.71428571426
"2025-10-31 00:00:00",337872,0,15530,10531,258239,311454.85714285716,324005.14285714284
"2025-11-01 00:00:00",134031,6252,6167,5035,120799,304830.5714285714,318906.28571428574
"2025-11-02 00:00:00",47370,48867,6303,2453,138814,306804.4285714286,320319.71428571426
"2025-11-03 00:00:00",158952,6792,12329,9335,174606,317381.71428571426,322491
"2025-11-04 00:00:00",149865,43797,7783,6602,194071,338442.28571428574,294406
"2025-11-05 00:00:00",48585,0,4174,10075,181368,344380.85714285716,270395.4285714286
"2025-11-06 00:00:00",185958,0,15747,1189,96446,349421.28571428574,302658.4285714286
"2025-11-07 00:00:00",56311,3130,7934,6403,145008,291795,277983.5714285714
"2025-11-08 00:00:00",187815,0,11797,5127,151650,303809.85714285716,256749.14285714287
"2025-11-09 00:00:00",232640,0,7434,0,78068,314428.85714285716,246524.2857142857
"2025-11-10 00:00:00",61271,0,4911,12852,163327,297335.4285714286,255510.7142857143
"2025-11-11 00:00:00",59372,44449,8511,5838,63218,265802.4285714286,261976.42857142858
"2025-11-12 00:00:00",50959,0,10847,9363,72434,251431.14285714287,259707.42857142858
"2025-11-13 00:00:00",202656,0,22335,394,170729,265255.85714285716,258724.14285714287
"2025-11-14 00:00:00",193876,298,8804,11539,95042,278223.14285714284,260810.42857142858
"2025-11-15 00:00:00",188291,0,8270,1823,184155,281958.85714285716,286802.85714285716
"2025-11-16 00:00:00",96577,0,4711,4008,78248,262730.85714285716,284139.5714285714
"2025-11-17 00:00:00",78754,0,9389,7977,66269,251306.42857142858,307507.28571428574
"2025-11-18 00:00:00",57648,0,7984,2207,134894,254355.85714285713,314216.85714285716
"2025-11-19 00:00:00",29600,0,14280,8420,157758,263849.28571428574,300757
"2025-11-20 00:00:00",143977,43323,7606,5231,63830,244971.42857142858,278435.5714285714
"2025-11-21 00:00:00",102064,44378,9258,7643,98498,238154.7142857143,285495.14285714284
"2025-11-22 00:00:00",89598,27810,5322,3780,97953,215572.7142857143,264139.5714285714
"2025-11-23 00:00:00",47348,0,4546,0,60988,205478.14285714287,266426.4285714286
"2025-11-24 00:00:00",76763,0,9309,11557,165926,219930.57142857142,263199.4285714286
"2025-11-25 00:00:00",95126,0,8743,5933,137633,226316.57142857142,233716.85714285713
"2025-11-26 00:00:00",294835,0,14456,8424,77772,252806.42857142858,247477.57142857142
"2025-11-27 00:00:00",114993,1678,17584,5139,270499,273653,248311.7142857143
"2025-11-28 00:00:00",96933,0,2788,7135,97181,265395.14285714284,235185.57142857142
"2025-11-29 00:00:00",54608,3130,5522,8544,151085,265170.14285714284,241836.2857142857
"2025-11-30 00:00:00",245398,0,10563,4421,57768,294494,247780.14285714287
"2025-12-01 00:00:00",84243,6785,8311,6235,122776,289464.5714285714,212794.57142857142
"2025-12-02 00:00:00",97107,0,10681,7131,129847,289083.14285714284,253872.42857142858
"2025-12-03 00:00:00",119243,52451,15517,6847,157812,282852.28571428574,263960.4285714286
"2025-12-04 00:00:00",205931,38378,7077,3636,46213,267329.71428571426,274410.71428571426
"2025-12-05 00:00:00",206482,47570,7787,7399,50748,283894,280878.5714285714
"2025-12-06 00:00:00",78267,10064,6999,7306,90578,279654.71428571426,270301.71428571426
"2025-12-07 00:00:00",71857,43631,10173,1303,81967,264052.14285714284,266006
"2025-12-08 00:00:00",118825,0,2688,6868,134807,269029,282762.14285714284
"2025-12-09 00:00:00",69749,2548,9613,9612,94094,260579.2857142857,238352
"2025-12-10 00:00:00",88226,18230,6363,7818,60856,236239.57142857142,220201.42857142858
"2025-12-11 00:00:00",168589,0,12874,6205,103133,234748.85714285713,220522.2857142857
"2025-12-12 00:00:00",162724,54929,4133,8084,46892,228573.85714285713,235861.7142857143
"2025-12-13 00:00:00",45588,0,6050,4191,122476,226443.85714285713,259519
"2025-12-14 00:00:00",190979,0,5156,3187,157507,247572,260680.57142857142
"2025-12-15 00:00:00",111953,40422,7291,4938,59101,241931.57142857142,264289
"2025-12-16 00:00:00",91443,55700,5171,8603,162597,261631.14285714287,282265.28571428574
"2025-12-17 00:00:00",106874,0,9211,8645,84512,265595.4285714286,290264.5714285714
"2025-12-18 00:00:00",172943,60725,4826,3188,129683,277104.5714285714,279086.28571428574
"2025-12-19 00:00:00",151687,6060,6012,4776,118250,278536.5714285714,262037.85714285713
"2025-12-20 00:00:00",141610,0,10244,5202,91781,288612.85714285716,258809.7142857143
"2025-12-21 00:00:00",87287,0,5691,2473,56237,259307,251109.57142857142
"2025-12-22 00:00:00",82004,0,6656,4314,68647,250437.85714285713,236042.57142857142
"2025-12-23 00:00:00",157604,0,6983,3567,79377,239583,242258.7142857143
"2025-12-24 00:00:00",37673,0,3793,3567,71742,226373.57142857142,210370.42857142858
"2025-12-25 00:00:00",5973,0,4901,0,92261,188055.14285714287,186883
"2025-12-26 00:00:00",83073,3130,1996,0,176140,184848.57142857142,202299.85714285713
"2025-12-27 00:00:00",66971,6379,3835,0,162730,183573.57142857142,163404.85714285713
"2025-12-28 00:00:00",61782,0,9317,1189,57900,180502.14285714287,164167.57142857142
"2025-12-29 00:00:00",137985,6260,5502,1701,65247,188369.85714285713,196752.14285714287
"2025-12-30 00:00:00",213705,0,7949,3567,78149,196346.85714285713,185205.85714285713
"2025-12-31 00:00:00",163853,114282,10113,3217,128395,239644.57142857142,212472.85714285713
"2026-01-01 00:00:00",26250,0,15820,1189,67545,240740,215321.14285714287
"2026-01-02 00:00:00",6661,0,5623,0,105058,219740.14285714287,189372.14285714287
"2026-01-03 00:00:00",28938,0,545,4278,138331,210051.2857142857,250537.2857142857
"2026-01-04 00:00:00",38327,0,12795,2681,35721,204242.14285714287,246841.2857142857
"2026-01-05 00:00:00",186309,0,2528,2378,99832,214863.85714285713,226267.2857142857
"2026-01-06 00:00:00",197754,0,7625,7892,135950,221414.14285714287,227163.2857142857
"2026-01-07 00:00:00",99086,53349,18760,4305,141544,206726.14285714287,212119.42857142858
"2026-01-08 00:00:00",145357,0,7729,6348,113163,229839.57142857142,233194.42857142858
"2026-01-09 00:00:00",67827,26693,7031,5880,141783,248678.85714285713,261822
"2026-01-10 00:00:00",143081,0,2098,0,111196,260719.14285714287,229190.7142857143
"2026-01-11 00:00:00",88640,0,6855,1379,141427,281973.14285714284,238412.7142857143
"2026-01-12 00:00:00",258378,3219,11759,10235,100882,295319.71428571426,234776.2857142857
"2026-01-13 00:00:00",37743,115280,5870,7775,79660,280620.85714285716,239727.7142857143
"2026-01-14 00:00:00",82996,0,11966,5857,156861,272140.14285714284,245963.14285714287
"2026-01-15 00:00:00",169467,244,11788,6700,88832,272773.5714285714,237039.14285714287
"2026-01-16 00:00:00",60535,3130,3402,6930,151406,269371.71428571426,203514
"2026-01-17 00:00:00",134775,47918,5491,4072,78139,271374.71428571426,190464.57142857142
"2026-01-18 00:00:00",58048,0,5436,0,31716,250931.57142857142,205895.42857142858
"2026-01-19 00:00:00",98267,0,11409,9452,164565,236534.42857142858,222445.14285714287
"2026-01-20 00:00:00",153986,0,4645,7433,274316,264256,228524.85714285713
"2026-01-21 00:00:00",49229,4397,8442,7846,127301,255618.42857142858,211253.7142857143
"2026-01-22 00:00:00",257531,0,18607,415,98381,269604.4285714286,259921.42857142858
"2026-01-23 00:00:00",87183,37331,11398,9742,89322,270972.14285714284,281835.85714285716
"2026-01-24 00:00:00",67152,0,5335,0,373791,296098.28571428574,329874.85714285716
"2026-01-25 00:00:00",95668,0,3870,0,67426,306350.28571428574,334503.28571428574
"2026-01-26 00:00:00",185931,273,6235,8426,65821,303920.5714285714,309914
"2026-01-27 00:00:00",100457,0,9979,6179,131675,276479.14285714284,297151.4285714286
"2026-01-28 00:00:00",140795,3219,7412,7742,100781,285441.14285714284,309010.5714285714
"2026-01-29 00:00:00",58825,26066,17545,3283,135603,266353.85714285716,279489.71428571426
"2026-01-30 00:00:00",101851,1094,9284,10359,267640,288532.85714285716,295943.14285714284
"2026-01-31 00:00:00",97298,0,5090,1189,89684,252387.57142857142,247878.14285714287
"2026-02-01 00:00:00",81960,0,6978,4882,60585,250593.57142857142,232973.7142857143
"2026-02-02 00:00:00",227072,0,8612,3579,39402,252304.85714285713,247986
"2026-02-03 00:00:00",38177,0,10921,11283,104988,240458.85714285713,269072
"2026-02-04 00:00:00",41428,0,15649,8883,114952,229167.7142857143,274438.71428571426
"2026-02-05 00:00:00",116884,41765,4604,4521,264506,256447.42857142858,266871.5714285714
"2026-02-06 00:00:00",123812,0,15573,10384,123460,239733,264298.28571428574
"2026-02-07 00:00:00",153763,0,9341,4934,77092,247142.85714285713,275644.85714285716
"2026-02-08 00:00:00",118479,0,10064,0,67920,253150.85714285713,278660
"2026-02-09 00:00:00",215916,0,9009,6924,47865,253300.7142857143,265331.5714285714
"2026-02-10 00:00:00",142903,28918,9191,8769,70186,266815,295777.4285714286
"2026-02-11 00:00:00",87000,57003,13839,8772,133702,283872.85714285716,295975.14285714284
"2026-02-12 00:00:00",122995,8065,9435,4116,196313,270822,284279.4285714286
"2026-02-13 00:00:00",130997,0,5904,6667,140868,272423.14285714284,257272.2857142857
"2026-02-14 00:00:00",222835,0,12645,1416,168318,295292.4285714286,255933
"2026-02-15 00:00:00",170370,0,8300,7881,90657,306827.71428571426,271688.85714285716
"2026-02-16 00:00:00",52162,0,7151,2737,107750,291125.85714285716,313666.4285714286
"2026-02-17 00:00:00",36401,3130,14647,6132,77454,273668.28571428574,262826.28571428574
"2026-02-18 00:00:00",75888,0,12553,8573,226094,276924,277225.14285714284
"2026-02-19 00:00:00",53902,0,12585,3901,117653,255083.42857142858,271123.4285714286
"2026-02-20 00:00:00",203888,0,13362,7358,176281,271719.5714285714,279942.4285714286
"2026-02-21 00:00:00",168739,47852,5627,1350,100159,260078.57142857142,274504.71428571426
"2026-02-22 00:00:00",159162,0,8622,8099,74763,256283.85714285713,255816
"2026-02-23 00:00:00",266423,0,13164,8687,42861,279331.5714285714,212420.2857142857
"2026-02-24 00:00:00",25772,548,4520,6385,106173,280136.28571428574,233470.85714285713
"2026-02-25 00:00:00",115980,0,13581,8359,118373,270591.28571428574,223990.57142857142
"2026-02-26 00:00:00",135479,18791,11664,4846,277479,307765.4285714286,244797.14285714287
"2026-02-27 00:00:00",104765,3219,15504,11696,144329,290426,269710.85714285716
"2026-02-28 00:00:00",95802,3130,4756,8202,135526,279524.4285714286,282191.71428571426
"2026-03-01 00:00:00",136993,0,18559,7005,60026,275515.4285714286,283697.71428571426
"2026-03-02 00:00:00",83990,39399,7603,2378,109164,262858.4285714286,313619.71428571426
"2026-03-03 00:00:00",126132,3130,8745,5910,92413,276134.28571428574,290670.85714285716
"2026-03-04 00:00:00",83147,0,10254,6214,135884,273163.85714285716,281152.71428571426
"2026-03-05 00:00:00",90809,6641,15470,3084,128720,244087.57142857142,272283
"2026-03-06 00:00:00",216941,0,9276,5141,135400,256551,256954.7142857143
"2026-03-07 00:00:00",101669,3130,12754,4168,259825,275712.4285714286,251039.7142857143
"2026-03-08 00:00:00",17350,7710,5070,5070,35083,253955.57142857142,252788.57142857142
"2026-03-09 00:00:00",100526,0,12590,9631,219105,268143.5714285714,223882.14285714287
"2026-03-10 00:00:00",289808,42790,9303,9932,82729,296462.5714285714,230250.7142857143
"2026-03-11 00:00:00",38549,45085,10899,4929,119705,294129.5714285714,240972.42857142858
"2026-03-12 00:00:00",297129,0,7991,6634,86167,316014.71428571426,230329.14285714287
"2026-03-13 00:00:00",78381,0,11332,6625,89358,290148.71428571426,263902.5714285714
"2026-03-14 00:00:00",174316,2342,4353,3171,142372,282292.71428571426,255569.42857142858
"2026-03-15 00:00:00",42970,0,13230,4355,48867,287883.71428571426,239470
"2026-03-16 00:00:00",129116,452,4593,0,198941,286633.71428571426,237404.7142857143
"2026-03-17 00:00:00",125590,0,12136,10129,125269,263571.14285714284,280567.28571428574
"2026-03-18 00:00:00",155989,26540,14752,8377,186790,288325.5714285714,272998.28571428574
"2026-03-19 00:00:00",47009,48386,6336,5525,102493,261443.85714285713,287134.28571428574
"2026-03-20 00:00:00",194141,9695,12188,7045,109655,282448.14285714284,235208.57142857142
"2026-03-21 00:00:00",25333,0,6428,6413,102904,255951.42857142858,236538.2857142857
"2026-03-22 00:00:00",306240,8208,5538,4309,251376,322558.5714285714,264394.85714285716
"2026-03-23 00:00:00",107413,0,7535,0,186023,317968.4285714286,280855
"2026-03-24 00:00:00",97122,25948,16535,9147,89522,312990,236925.7142857143
"2026-03-25 00:00:00",62733,58156,8445,6124,222361,308042.85714285716,241725.42857142858
"2026-03-26 00:00:00",124116,0,3014,6688,245481,332264.14285714284,226762.14285714287
"2026-03-27 00:00:00",163463,0,4821,4792,58387,317798.14285714284,225332.2857142857
"2026-03-28 00:00:00",81876,489,4826,8427,172905,336004.71428571426,259054.7142857143
"2026-03-29 00:00:00",195518,244,14867,1379,51828,291456.85714285716,252951.14285714287
"2026-03-30 00:00:00",68996,25099,15477,7883,135463,284592.28571428574,240734.14285714287
"2026-03-31 00:00:00",54152,0,9210,9311,199411,289422,250556.42857142858
"2026-04-01 00:00:00",183164,0,11604,6650,79605,278451.14285714284,261563
"2026-04-02 00:00:00",154026,0,6685,2861,145339,268395.85714285716,283051.28571428574
"2026-04-03 00:00:00",139586,1199,11179,7931,106700,273414.71428571426,288772.71428571426
"2026-04-04 00:00:00",187108,35835,13098,634,111645,284814.14285714284,253689.7142857143
"2026-04-05 00:00:00",33561,20873,712,8170,93378,269508.28571428574,279095.28571428574
"2026-04-06 00:00:00",11251,0,2930,1189,47287,242328,301889.4285714286
"2026-04-07 00:00:00",49378,0,3988,2378,82758,223245,281851.14285714284
"2026-04-08 00:00:00",113960,0,10686,7596,155397,224190.14285714287,262038.85714285713
"2026-04-09 00:00:00",113175,10944,8981,6782,159782,222869.14285714287,248991.57142857142
"2026-04-10 00:00:00",157167,3130,8699,7550,144080,230587.7142857143,271188.28571428574
"2026-04-11 00:00:00",209075,0,13723,5196,88619,226058.2857142857,300466
"2026-04-12 00:00:00",125790,0,7578,2453,120922,240350.7142857143,256990.7142857143
"2026-04-13 00:00:00",44120,0,17970,4906,127060,259122,244554.2857142857
"2026-04-14 00:00:00",61526,0,3112,10617,187830,276919.4285714286,276387
"2026-04-15 00:00:00",330003,244,16495,6662,62759,295280.14285714284,274455
"2026-04-16 00:00:00",93379,0,8562,10625,67482,278192.14285714284,268117.4285714286
"2026-04-17 00:00:00",201723,0,10717,3193,148736,284441.14285714284,258600.7142857143
"2026-04-18 00:00:00",91794,244,17634,8022,49400,263081.28571428574,246700.85714285713
"2026-04-19 00:00:00",163598,9821,9107,1189,101089,267090.14285714284,261693.85714285713
"2026-04-20 00:00:00",236193,0,2280,2244,89068,286480.14285714284,251696.57142857142
"2026-04-21 00:00:00",122118,76900,11146,14569,98325,295047.85714285716,241485.42857142858
"2026-04-22 00:00:00",61026,45725,5652,8557,136423,272364.71428571426,247742
"2026-04-23 00:00:00",215295,970,14183,10116,106274,296191.85714285716,242677.42857142858
"2026-04-24 00:00:00",55897,0,4683,6406,146164,274589.28571428574,239680.7142857143
"2026-04-25 00:00:00",76860,32563,3729,3142,116197,283931.5714285714,228981.42857142858
"2026-04-26 00:00:00",65231,0,10909,2459,103308,269232,207694.42857142858
"2026-04-27 00:00:00",203488,0,13454,4191,119193,270737.85714285716,219297.57142857142
"2026-04-28 00:00:00",49507,0,9546,11268,94273,248099.85714285713,223516.14285714287
"2026-04-29 00:00:00",55409,48773,13746,6293,138769,248900.85714285713,245447.7142857143
"2026-04-30 00:00:00",123062,0,12538,11700,55183,228278.57142857142,268855.5714285714
"2026-05-01 00:00:00",193652,9882,13705,3124,98154,243331,263510.28571428574
"2026-05-02 00:00:00",29751,0,20530,1837,148670,238802.14285714287,280694.28571428574
"2026-05-03 00:00:00",75211,0,13524,0,142837,245897,295634
"2026-05-04 00:00:00",110138,0,18826,3433,125183,234076.14285714287,293995.71428571426
"2026-05-05 00:00:00",54701,0,6412,11559,126638,239035.85714285713,282602.85714285716
"2026-05-06 00:00:00",123960,40477,10065,7990,44142,233842.2857142857,252583.57142857142
"2026-05-07 00:00:00",184662,35309,14828,9394,55765,247767.42857142858,239910
"2026-05-08 00:00:00",161748,0,14567,7798,39892,234265.7142857143,285137.85714285716
"2026-05-09 00:00:00",225752,3130,4830,3705,146688,260453.7142857143,262692.14285714284
"2026-05-10 00:00:00",52503,0,4988,0,161472,258652.42857142858,266229.14285714284
"2026-05-11 00:00:00",87306,0,15191,9024,55281,245684.14285714287,249909
"2026-05-12 00:00:00",186256,244,9570,7694,106774,261573.85714285713,251592.57142857142
"2026-05-13 00:00:00",66373,0,7380,5763,112039,256562.42857142858,256389.42857142858
"2026-05-14 00:00:00",195938,0,11923,1547,144188,264225.14285714284,255890.85714285713
"2026-05-15 00:00:00",88742,49467,6108,2016,43635,259362.7142857143,209385.2857142857
"2026-05-16 00:00:00",180419,0,3589,7670,41992,237872.14285714287,261629.2857142857
"2026-05-17 00:00:00",65910,0,6617,3186,173708,242223.2857142857,276408.71428571426
"2026-05-18 00:00:00",205350,405,25400,2244,117693,268550.4285714286,285777
"2026-05-19 00:00:00",78870,0,4214,16292,150611,259900.2857142857,298535.85714285716
"2026-05-20 00:00:00",102805,55726,13331,6126,240756,292355.85714285716,308801.28571428574
"2026-05-21 00:00:00",212652,0,12395,11133,202978,304578.85714285716,313322.14285714284
"2026-05-22 00:00:00",176344,0,1091,10189,108523,319747.4285714286,309407.14285714284
"2026-05-23 00:00:00",53380,0,12366,5608,127943,314836.85714285716,279898
"2026-05-24 00:00:00",179099,0,2118,3132,64304,314727.14285714284,278824.14285714284
"2026-05-25 00:00:00",50918,32678,4075,2056,87375,289871.4285714286,283367.14285714284
"2026-05-26 00:00:00",44660,9642,14147,7742,70876,275168.5714285714,272875
"2026-05-27 00:00:00",78458,0,8814,6247,68151,238443.7142857143,274536.5714285714
"2026-05-28 00:00:00",144448,0,13174,10340,96961,213553,271936.4285714286
"2026-05-29 00:00:00",157820,0,10120,8108,132814,215369.14285714287,267721.4285714286
"2026-05-30 00:00:00",86818,0,5365,8992,103351,216116.42857142858,245653
"2026-05-31 00:00:00",234296,0,5480,2453,97124,229073.57142857142,222282.42857142858
"2026-06-01 00:00:00",59563,0,22807,0,141470,235750.2857142857,259640.85714285713
"2026-06-02 00:00:00",90111,0,5844,14508,107214,245837.2857142857,264037.5714285714
"2026-06-03 00:00:00",166448,36194,15430,6722,163307,278184.5714285714,244062.2857142857
"2026-06-04 00:00:00",80595,0,9795,13721,102882,269908.85714285716,248767.85714285713
"2026-06-05 00:00:00",126220,0,12464,7276,67838,256328.42857142858,296782.4285714286
"2026-06-06 00:00:00",67723,0,5187,5458,103613,253107.57142857142,301941.5714285714
"2026-06-07 00:00:00",51270,0,6032,0,114022,229103.2857142857,296579.71428571426
"2026-06-08 00:00:00",170473,47669,13846,5752,70143,241109.57142857142,261312.85714285713
"2026-06-09 00:00:00",45324,3130,7063,6946,44007,225222.85714285713,246435.85714285713
"2026-06-10 00:00:00",84561,0,28362,10158,170093,211662,241941
"2026-06-11 00:00:00",306711,0,15220,8711,101512,243827.7142857143,234831.42857142858
"2026-06-12 00:00:00",171498,9390,2744,7019,155523,262738.5714285714,203645
"2026-06-13 00:00:00",178068,244,5438,7328,123963,281747.14285714284,204262.7142857143
"2026-06-14 00:00:00",144185,48977,7877,9321,140353,307374.4285714286,248221.85714285713
"2026-06-15 00:00:00",23825,35510,9020,8491,144131,294959.4285714286,248562.14285714287
"2026-06-16 00:00:00",83716,0,2905,11566,186030,320351.85714285716,261895
"2026-06-17 00:00:00",154210,15378,10351,8135,103421,320112,271478.71428571426
"2026-06-18 00:00:00",219331,0,15217,7937,135906,312431.5714285714,278794.71428571426
"2026-06-19 00:00:00",187201,3130,4568,7842,83726,303902,272859.4285714286
"2026-06-20 00:00:00",55900,0,4848,3643,102069,282676.14285714284,277698.5714285714
"2026-06-21 00:00:00",51922,0,2129,2453,125079,258514.7142857143,237679.42857142858
"2026-06-22 00:00:00",55225,3130,15853,4395,64177,247343.42857142858,237917.2857142857
"2026-06-23 00:00:00",63813,0,2166,8003,112144,233330.42857142858,222072.42857142858
"2026-06-24 00:00:00",215746,3130,8284,5485,163914,248339.42857142858,228809
"2026-06-25 00:00:00",82451,35461,14906,7156,77302,225323,241652.2857142857
"2026-06-26 00:00:00",303126,0,3754,1284,148220,249596.85714285713,238544
"2026-06-27 00:00:00",64468,0,3649,9906,142069,257258.57142857142,221959.85714285713
"2026-06-28 00:00:00",93434,6260,4166,4180,116529,263399.28571428574,232400.7142857143
"2026-06-29 00:00:00",159085,0,7295,1189,75892,277782.28571428574,245526.42857142858
"2026-06-30 00:00:00",44179,351,19247,15452,118918,279499.71428571426,268225.5714285714
"2026-07-01 00:00:00",75163,0,15093,4974,181375,262363.5714285714,262284.5714285714
"2026-07-02 00:00:00",143163,0,6270,6967,101530,268171.4285714286,234223.14285714287
"2026-07-03 00:00:00",110094,51061,10748,6860,137378,248136.7142857143,276781.85714285716