"DateTime","Container","Dry Bulk","General Cargo","Roll-on/roll-off","Tanker","30-day Moving Average","Prior Year: 30-day Moving Average"
"2019-01-01 00:00:00",46,7,19,2,39,,
"2019-01-02 00:00:00",35,12,20,2,39,,
"2019-01-03 00:00:00",32,3,24,5,51,,
"2019-01-04 00:00:00",41,5,18,4,34,,
"2019-01-05 00:00:00",39,3,16,2,41,,
"2019-01-06 00:00:00",54,7,11,6,49,,
"2019-01-07 00:00:00",41,10,22,7,67,,
"2019-01-08 00:00:00",48,7,18,5,45,,
"2019-01-09 00:00:00",48,5,14,6,51,,
"2019-01-10 00:00:00",43,3,15,5,46,,
"2019-01-11 00:00:00",50,5,14,3,53,,
"2019-01-12 00:00:00",45,8,15,4,57,,
"2019-01-13 00:00:00",45,6,25,6,43,,
"2019-01-14 00:00:00",45,7,23,12,61,,
"2019-01-15 00:00:00",32,7,11,5,35,,
"2019-01-16 00:00:00",45,8,11,5,55,,
"2019-01-17 00:00:00",35,4,14,5,49,,
"2019-01-18 00:00:00",49,6,13,5,55,,
"2019-01-19 00:00:00",53,8,17,5,57,,
"2019-01-20 00:00:00",51,3,22,6,49,,
"2019-01-21 00:00:00",25,9,21,10,50,,
"2019-01-22 00:00:00",39,8,12,6,48,,
"2019-01-23 00:00:00",46,12,12,6,49,,
"2019-01-24 00:00:00",38,9,16,6,58,,
"2019-01-25 00:00:00",37,7,11,1,49,,
"2019-01-26 00:00:00",48,2,9,4,38,,
"2019-01-27 00:00:00",45,8,27,7,56,,
"2019-01-28 00:00:00",48,10,32,12,63,,
"2019-01-29 00:00:00",42,6,23,5,62,,
"2019-01-30 00:00:00",50,3,17,11,52,122.8,
"2019-01-31 00:00:00",33,16,18,4,42,122.8,
"2019-02-01 00:00:00",48,3,19,6,52,123.46666666666667,
"2019-02-02 00:00:00",37,10,17,8,40,123.36666666666666,
"2019-02-03 00:00:00",48,1,13,1,32,123.13333333333334,
"2019-02-04 00:00:00",30,5,16,2,55,123.36666666666666,
"2019-02-05 00:00:00",30,6,6,1,48,122.16666666666667,
"2019-02-06 00:00:00",44,12,22,0,53,121.63333333333334,
"2019-02-07 00:00:00",36,6,20,6,38,121.06666666666666,
"2019-02-08 00:00:00",50,11,13,4,50,121.2,
"2019-02-09 00:00:00",33,8,10,1,34,120.33333333333333,
"2019-02-10 00:00:00",43,11,17,6,56,120.6,
"2019-02-11 00:00:00",35,5,9,11,48,119.9,
"2019-02-12 00:00:00",43,8,13,2,51,119.63333333333334,
"2019-02-13 00:00:00",46,5,20,14,64,119.66666666666667,
"2019-02-14 00:00:00",42,10,11,3,60,120.86666666666666,
"2019-02-15 00:00:00",42,10,18,5,46,120.76666666666667,
"2019-02-16 00:00:00",43,13,19,7,47,121.5,
"2019-02-17 00:00:00",42,20,36,10,59,122.8,
"2019-02-18 00:00:00",37,7,15,10,67,122.66666666666667,
"2019-02-19 00:00:00",49,6,17,5,65,123.03333333333333,
"2019-02-20 00:00:00",48,10,15,4,53,123.53333333333333,
"2019-02-21 00:00:00",28,10,12,9,40,123.06666666666666,
"2019-02-22 00:00:00",45,11,20,3,45,123.03333333333333,
"2019-02-23 00:00:00",52,4,18,5,51,123.13333333333334,
"2019-02-24 00:00:00",42,13,15,10,49,123.93333333333334,
"2019-02-25 00:00:00",37,10,19,10,46,124.63333333333334,
"2019-02-26 00:00:00",48,13,20,4,46,124.23333333333333,
"2019-02-27 00:00:00",44,8,18,7,33,122.4,
"2019-02-28 00:00:00",37,9,21,5,47,121.76666666666667,
"2019-03-01 00:00:00",46,2,15,3,41,120.9,
"2019-03-02 00:00:00",45,4,15,1,41,120.66666666666667,
"2019-03-03 00:00:00",40,11,15,7,53,120.6,
"2019-03-04 00:00:00",39,4,17,10,48,120.8,
"2019-03-05 00:00:00",45,5,21,3,60,122.1,
"2019-03-06 00:00:00",45,10,20,4,46,122.66666666666667,
"2019-03-07 00:00:00",34,12,13,1,51,123.33333333333333,
"2019-03-08 00:00:00",47,25,40,12,76,125.63333333333334,
"2019-03-09 00:00:00",59,16,25,5,58,127.53333333333333,
"2019-03-10 00:00:00",46,12,26,6,43,127.7,
"2019-03-11 00:00:00",56,10,35,10,78,131.13333333333333,
"2019-03-12 00:00:00",52,10,16,2,66,131.56666666666666,
"2019-03-13 00:00:00",43,10,25,6,76,133.3,
"2019-03-14 00:00:00",48,14,25,3,63,134.5,
"2019-03-15 00:00:00",49,20,40,4,69,135.6,
"2019-03-16 00:00:00",59,8,23,3,62,136.56666666666666,
"2019-03-17 00:00:00",62,9,24,5,70,138.2,
"2019-03-18 00:00:00",52,14,34,15,87,140.63333333333333,
"2019-03-19 00:00:00",47,16,18,3,47,139.43333333333334,
"2019-03-20 00:00:00",36,1,8,1,44,137.9,
"2019-03-21 00:00:00",40,10,16,4,47,137.06666666666666,
"2019-03-22 00:00:00",42,7,18,4,58,137.03333333333333,
"2019-03-23 00:00:00",44,13,14,3,46,137.73333333333332,
"2019-03-24 00:00:00",46,8,19,5,56,138.06666666666666,
"2019-03-25 00:00:00",38,3,17,16,52,137.93333333333334,
"2019-03-26 00:00:00",45,9,22,3,43,137.7,
"2019-03-27 00:00:00",49,5,12,6,39,137.33333333333334,
"2019-03-28 00:00:00",38,7,27,5,48,137.13333333333333,
"2019-03-29 00:00:00",49,9,12,6,40,137.33333333333334,
"2019-03-30 00:00:00",42,6,13,7,41,137,
"2019-03-31 00:00:00",48,15,16,4,41,137.56666666666666,
"2019-04-01 00:00:00",43,9,19,9,48,138.3,
"2019-04-02 00:00:00",37,3,24,2,42,137.7,
"2019-04-03 00:00:00",48,8,17,4,40,137.66666666666666,
"2019-04-04 00:00:00",34,7,23,6,41,136.9,
"2019-04-05 00:00:00",47,12,16,5,51,137.1,
"2019-04-06 00:00:00",46,9,22,8,48,137.83333333333334,
"2019-04-07 00:00:00",34,12,15,4,52,135.06666666666666,
"2019-04-08 00:00:00",42,6,15,10,44,133.53333333333333,
"2019-04-09 00:00:00",29,4,15,3,32,131.86666666666667,
"2019-04-10 00:00:00",52,8,21,5,46,129.96666666666667,
"2019-04-11 00:00:00",53,7,20,5,63,130.03333333333333,
"2019-04-12 00:00:00",39,15,24,4,54,129.23333333333332,
"2019-04-13 00:00:00",63,6,22,9,42,128.86666666666667,
"2019-04-14 00:00:00",46,10,21,4,32,126.56666666666666,
"2019-04-15 00:00:00",40,9,18,10,65,126.13333333333334,
"2019-04-16 00:00:00",37,8,27,5,55,124.86666666666666,
"2019-04-17 00:00:00",44,13,19,4,37,122.03333333333333,
"2019-04-18 00:00:00",35,7,14,4,51,121.36666666666666,
"2019-04-19 00:00:00",49,9,20,3,48,122.66666666666667,
"2019-04-20 00:00:00",59,11,17,5,48,123.43333333333334,
"2019-04-21 00:00:00",36,11,14,7,38,122.66666666666667,
"2019-04-22 00:00:00",39,25,25,16,63,124.26666666666667,
"2019-04-23 00:00:00",34,8,26,8,61,124.36666666666666,
"2019-04-24 00:00:00",47,12,14,3,41,124.06666666666666,
"2019-04-25 00:00:00",44,9,26,6,50,124.5,
"2019-04-26 00:00:00",39,8,26,4,46,124.9,
"2019-04-27 00:00:00",62,13,20,7,57,126.03333333333333,
"2019-04-28 00:00:00",36,5,34,8,48,126.53333333333333,
"2019-04-29 00:00:00",40,12,24,11,44,127.26666666666667,
"2019-04-30 00:00:00",11,3,4,1,27,124.66666666666667,
"2019-05-01 00:00:00",48,13,27,5,63,125.6,
"2019-05-02 00:00:00",44,10,19,4,48,126.16666666666667,
"2019-05-03 00:00:00",47,12,28,8,49,127.06666666666666,
"2019-05-04 00:00:00",43,7,21,2,50,127.46666666666667,
"2019-05-05 00:00:00",47,13,21,12,38,127.46666666666667,
"2019-05-06 00:00:00",40,12,17,8,45,127.1,
"2019-05-07 00:00:00",40,5,25,7,54,127.56666666666666,
"2019-05-08 00:00:00",45,17,27,5,59,128.76666666666668,
"2019-05-09 00:00:00",45,23,22,11,67,131.6,
"2019-05-10 00:00:00",57,19,31,14,66,133.43333333333334,
"2019-05-11 00:00:00",49,6,22,8,55,133.16666666666666,
"2019-05-12 00:00:00",37,11,24,7,50,132.93333333333334,
"2019-05-13 00:00:00",44,9,31,9,59,133.26666666666668,
"2019-05-14 00:00:00",47,20,22,6,48,134.26666666666668,
"2019-05-15 00:00:00",52,5,18,6,45,133.73333333333332,
"2019-05-16 00:00:00",34,5,19,10,55,133.43333333333334,
"2019-05-17 00:00:00",54,4,19,4,37,133.46666666666667,
"2019-05-18 00:00:00",42,9,13,6,52,133.83333333333334,
"2019-05-19 00:00:00",34,7,23,4,37,133.03333333333333,
"2019-05-20 00:00:00",38,10,25,11,74,133.63333333333333,
"2019-05-21 00:00:00",35,10,17,10,49,134.13333333333333,
"2019-05-22 00:00:00",48,6,18,12,57,133.23333333333332,
"2019-05-23 00:00:00",43,8,20,8,46,132.83333333333334,
"2019-05-24 00:00:00",48,24,24,4,62,134.33333333333334,
"2019-05-25 00:00:00",58,13,29,7,67,135.63333333333333,
"2019-05-26 00:00:00",46,10,27,4,52,136.16666666666666,
"2019-05-27 00:00:00",25,10,20,5,37,134.1,
"2019-05-28 00:00:00",39,7,21,8,48,133.83333333333334,
"2019-05-29 00:00:00",53,17,28,5,35,134.06666666666666,
"2019-05-30 00:00:00",49,7,28,10,45,137.16666666666666,
"2019-05-31 00:00:00",48,12,25,5,45,136.46666666666667,
"2019-06-01 00:00:00",47,13,20,6,51,136.86666666666667,
"2019-06-02 00:00:00",50,14,35,13,64,137.93333333333334,
"2019-06-03 00:00:00",47,13,25,11,64,139.16666666666666,
"2019-06-04 00:00:00",42,16,21,7,56,139.53333333333333,
"2019-06-05 00:00:00",48,35,40,5,58,141.66666666666666,
"2019-06-06 00:00:00",48,9,16,6,37,141.16666666666666,
"2019-06-07 00:00:00",45,6,25,2,35,139.83333333333334,
"2019-06-08 00:00:00",43,7,20,3,70,139,
"2019-06-09 00:00:00",50,11,20,2,41,136.9,
"2019-06-10 00:00:00",35,5,24,10,62,136.76666666666668,
"2019-06-11 00:00:00",41,12,16,3,56,136.73333333333332,
"2019-06-12 00:00:00",47,14,20,8,58,136.56666666666666,
"2019-06-13 00:00:00",48,14,27,7,53,136.76666666666668,
"2019-06-14 00:00:00",50,9,18,7,40,136.7,
"2019-06-15 00:00:00",45,7,23,4,60,137.23333333333332,
"2019-06-16 00:00:00",51,7,19,5,33,137.13333333333333,
"2019-06-17 00:00:00",34,13,20,7,65,137.7,
"2019-06-18 00:00:00",40,13,16,2,55,138.4,
"2019-06-19 00:00:00",49,13,19,7,45,137.56666666666666,
"2019-06-20 00:00:00",47,19,23,6,61,138.73333333333332,
"2019-06-21 00:00:00",52,9,21,3,45,138.36666666666667,
"2019-06-22 00:00:00",58,9,24,3,41,138.7,
"2019-06-23 00:00:00",46,12,29,9,54,138.3,
"2019-06-24 00:00:00",51,37,46,15,87,140.36666666666667,
"2019-06-25 00:00:00",44,12,21,5,76,141,
"2019-06-26 00:00:00",57,9,24,8,57,142.93333333333334,
"2019-06-27 00:00:00",48,16,27,12,57,144.16666666666666,
"2019-06-28 00:00:00",65,20,38,10,59,145.96666666666667,
"2019-06-29 00:00:00",50,10,18,11,61,146.33333333333334,
"2019-06-30 00:00:00",42,12,33,9,57,146.93333333333334,
"2019-07-01 00:00:00",50,15,30,12,66,148.13333333333333,
"2019-07-02 00:00:00",47,15,39,6,60,147.83333333333334,
"2019-07-03 00:00:00",54,16,25,4,53,147.56666666666666,
"2019-07-04 00:00:00",53,18,46,12,81,149.83333333333334,
"2019-07-05 00:00:00",60,22,38,10,65,150.13333333333333,
"2019-07-06 00:00:00",58,20,30,4,57,151.9,
"2019-07-07 00:00:00",54,10,26,4,55,153.1,
"2019-07-08 00:00:00",39,18,26,10,54,153.23333333333332,
"2019-07-09 00:00:00",41,8,20,4,45,153.03333333333333,
"2019-07-10 00:00:00",56,11,31,8,74,154.5,
"2019-07-11 00:00:00",47,22,22,13,66,155.9,
"2019-07-12 00:00:00",59,7,29,5,69,156.63333333333333,
"2019-07-13 00:00:00",60,21,22,7,59,157.3,
"2019-07-14 00:00:00",48,13,33,11,54,158.46666666666667,
"2019-07-15 00:00:00",48,18,24,11,57,159.1,
"2019-07-16 00:00:00",40,10,19,8,46,159.36666666666667,
"2019-07-17 00:00:00",34,3,25,6,49,158.63333333333333,
"2019-07-18 00:00:00",53,18,28,7,63,160.06666666666666,
"2019-07-19 00:00:00",26,5,9,6,18,157.76666666666668,
"2019-07-20 00:00:00",20,2,2,2,10,153.76666666666668,
"2019-07-21 00:00:00",72,23,46,14,117,158.5,
"2019-07-22 00:00:00",67,20,46,19,109,162.7,
"2019-07-23 00:00:00",52,11,39,4,61,163.26666666666668,
"2019-07-24 00:00:00",51,10,20,3,55,160.03333333333333,
"2019-07-25 00:00:00",55,18,19,9,52,159.86666666666667,
"2019-07-26 00:00:00",49,8,26,8,73,160.16666666666666,
"2019-07-27 00:00:00",58,16,26,12,66,160.76666666666668,
"2019-07-28 00:00:00",51,16,25,9,47,159.3,
"2019-07-29 00:00:00",52,16,26,13,75,160.36666666666667,
"2019-07-30 00:00:00",44,10,30,9,52,160.1,
"2019-07-31 00:00:00",62,22,20,7,68,160.3,
"2019-08-01 00:00:00",55,13,25,12,83,161,
"2019-08-02 00:00:00",46,22,37,11,61,161.83333333333334,
"2019-08-03 00:00:00",53,13,24,2,56,159.76666666666668,
"2019-08-04 00:00:00",47,20,39,6,57,158.9,
"2019-08-05 00:00:00",37,14,27,3,48,157.56666666666666,
"2019-08-06 00:00:00",31,5,14,4,27,155.3,
"2019-08-07 00:00:00",65,28,55,6,128,159.8,
"2019-08-08 00:00:00",64,7,30,2,65,161.46666666666667,
"2019-08-09 00:00:00",54,16,28,5,64,161.03333333333333,
"2019-08-10 00:00:00",40,11,35,7,46,160,
"2019-08-11 00:00:00",28,9,29,3,46,158.2,
"2019-08-12 00:00:00",44,22,26,9,69,158.23333333333332,
"2019-08-13 00:00:00",44,13,30,7,48,157.66666666666666,
"2019-08-14 00:00:00",50,7,22,6,27,156.13333333333333,
"2019-08-15 00:00:00",33,12,22,6,35,155.63333333333333,
"2019-08-16 00:00:00",46,27,25,12,104,158.86666666666667,
"2019-08-17 00:00:00",56,19,29,7,47,158.5,
"2019-08-18 00:00:00",59,14,30,6,48,161.6,
"2019-08-19 00:00:00",51,14,41,12,79,166.96666666666667,
"2019-08-20 00:00:00",40,12,23,8,66,162.86666666666667,
"2019-08-21 00:00:00",57,12,28,14,60,159.86666666666667,
"2019-08-22 00:00:00",53,10,29,7,59,159.56666666666666,
"2019-08-23 00:00:00",58,23,39,11,62,161.36666666666667,
"2019-08-24 00:00:00",44,15,34,5,56,161.4,
"2019-08-25 00:00:00",61,13,33,8,63,161.86666666666667,
"2019-08-26 00:00:00",46,19,20,11,83,161.9,
"2019-08-27 00:00:00",47,14,27,15,64,162.53333333333333,
"2019-08-28 00:00:00",55,20,23,11,53,161.86666666666667,
"2019-08-29 00:00:00",45,9,33,6,60,162.13333333333333,
"2019-08-30 00:00:00",43,22,34,7,80,162.36666666666667,
"2019-08-31 00:00:00",45,12,24,7,59,161,
"2019-09-01 00:00:00",36,9,33,10,45,159.53333333333333,
"2019-09-02 00:00:00",38,12,33,11,68,160,
"2019-09-03 00:00:00",31,12,37,6,61,159.26666666666668,
"2019-09-04 00:00:00",44,12,27,9,69,160.33333333333334,
"2019-09-05 00:00:00",36,7,21,1,54,161.6,
"2019-09-06 00:00:00",5,1,8,1,7,152.93333333333334,
"2019-09-07 00:00:00",38,8,10,0,49,150.83333333333334,
"2019-09-08 00:00:00",50,35,59,17,91,153.66666666666666,
"2019-09-09 00:00:00",45,15,46,11,80,155.6,
"2019-09-10 00:00:00",60,17,39,5,68,158.06666666666666,
"2019-09-11 00:00:00",66,10,27,2,57,157.8,
"2019-09-12 00:00:00",36,7,19,1,53,156.93333333333334,
"2019-09-13 00:00:00",35,10,18,0,61,157.33333333333334,
"2019-09-14 00:00:00",51,14,27,4,57,158.83333333333334,
"2019-09-15 00:00:00",52,17,38,5,65,157.6,
"2019-09-16 00:00:00",54,21,30,12,62,158.3,
"2019-09-17 00:00:00",56,21,41,8,54,159.06666666666666,
"2019-09-18 00:00:00",52,18,44,6,56,158.36666666666667,
"2019-09-19 00:00:00",55,13,31,17,69,159.56666666666666,
"2019-09-20 00:00:00",48,6,30,5,41,158.2,
"2019-09-21 00:00:00",6,6,10,2,18,154.33333333333334,
"2019-09-22 00:00:00",5,3,3,3,8,148.63333333333333,
"2019-09-23 00:00:00",75,23,47,12,108,152.33333333333334,
"2019-09-24 00:00:00",66,28,47,17,89,154.63333333333333,
"2019-09-25 00:00:00",63,26,32,14,78,155.76666666666668,
"2019-09-26 00:00:00",63,19,36,7,56,156.23333333333332,
"2019-09-27 00:00:00",51,27,46,10,72,157.7,
"2019-09-28 00:00:00",60,19,28,12,59,158.53333333333333,
"2019-09-29 00:00:00",44,16,36,9,64,157.96666666666667,
"2019-09-30 00:00:00",60,18,41,13,75,159.96666666666667,
"2019-10-01 00:00:00",44,17,26,6,32,159.7,
"2019-10-02 00:00:00",5,1,9,3,12,155.3,
"2019-10-03 00:00:00",67,19,35,7,95,157.83333333333334,
"2019-10-04 00:00:00",45,13,39,9,81,158.7,
"2019-10-05 00:00:00",56,8,20,8,50,159.46666666666667,
"2019-10-06 00:00:00",52,17,28,4,66,164.3,
"2019-10-07 00:00:00",47,21,30,6,85,167.1,
"2019-10-08 00:00:00",49,10,33,9,60,164.06666666666666,
"2019-10-09 00:00:00",47,13,39,9,74,163.56666666666666,
"2019-10-10 00:00:00",52,16,36,12,55,162.96666666666667,
"2019-10-11 00:00:00",47,12,23,5,41,161.83333333333334,
"2019-10-12 00:00:00",37,9,10,6,19,160.66666666666666,
"2019-10-13 00:00:00",28,11,20,4,64,160.76666666666668,
"2019-10-14 00:00:00",46,17,34,12,73,161.73333333333332,
"2019-10-15 00:00:00",51,14,23,3,74,161.33333333333334,
"2019-10-16 00:00:00",56,16,30,6,99,162.26666666666668,
"2019-10-17 00:00:00",46,14,30,7,45,161,
"2019-10-18 00:00:00",53,13,26,4,45,159.83333333333334,
"2019-10-19 00:00:00",63,16,29,9,72,159.96666666666667,
"2019-10-20 00:00:00",48,17,36,7,66,161.43333333333334,
"2019-10-21 00:00:00",53,15,40,8,58,165.83333333333334,
"2019-10-22 00:00:00",49,11,28,3,67,170.36666666666667,
"2019-10-23 00:00:00",51,19,25,5,61,166.9,
"2019-10-24 00:00:00",43,12,25,10,65,163.83333333333334,
"2019-10-25 00:00:00",60,10,29,4,67,162.4,
"2019-10-26 00:00:00",51,7,28,6,64,161.56666666666666,
"2019-10-27 00:00:00",62,17,28,16,74,161.26666666666668,
"2019-10-28 00:00:00",44,14,31,11,73,161.1,
"2019-10-29 00:00:00",58,10,33,10,57,161.06666666666666,
"2019-10-30 00:00:00",44,21,40,15,67,160.4,
"2019-10-31 00:00:00",58,17,42,9,54,162.23333333333332,
"2019-11-01 00:00:00",48,18,34,7,68,167.06666666666666,
"2019-11-02 00:00:00",53,19,33,7,63,165.46666666666667,
"2019-11-03 00:00:00",52,17,40,8,41,164.5,
"2019-11-04 00:00:00",30,18,33,8,57,164.63333333333333,
"2019-11-05 00:00:00",48,8,36,6,59,164.3,
"2019-11-06 00:00:00",46,14,31,6,64,163.36666666666667,
"2019-11-07 00:00:00",49,19,32,6,58,163.46666666666667,
"2019-11-08 00:00:00",62,15,44,5,63,163.7,
"2019-11-09 00:00:00",55,13,38,10,57,163.76666666666668,
"2019-11-10 00:00:00",49,16,27,2,45,164.13333333333333,
"2019-11-11 00:00:00",46,16,35,7,67,167.13333333333333,
"2019-11-12 00:00:00",46,14,30,10,68,168.5,
"2019-11-13 00:00:00",50,12,32,7,54,167.6,
"2019-11-14 00:00:00",44,11,37,7,66,167.6,
"2019-11-15 00:00:00",56,11,34,7,71,166.66666666666666,
"2019-11-16 00:00:00",54,15,43,7,67,168.13333333333333,
"2019-11-17 00:00:00",48,11,26,4,48,168,
"2019-11-18 00:00:00",50,11,31,10,68,167.36666666666667,
"2019-11-19 00:00:00",52,17,34,4,74,167.6,
"2019-11-20 00:00:00",42,14,25,7,71,167.1,
"2019-11-21 00:00:00",56,31,54,9,82,169.56666666666666,
"2019-11-22 00:00:00",67,15,35,6,65,170.46666666666667,
"2019-11-23 00:00:00",56,12,37,5,69,171.26666666666668,
"2019-11-24 00:00:00",51,16,26,4,42,170.23333333333332,
"2019-11-25 00:00:00",40,18,23,6,51,169.63333333333333,
"2019-11-26 00:00:00",44,16,32,9,78,169.03333333333333,
"2019-11-27 00:00:00",45,15,34,10,48,168.33333333333334,
"2019-11-28 00:00:00",37,21,24,9,48,167.36666666666667,
"2019-11-29 00:00:00",67,18,36,12,79,168.2,
"2019-11-30 00:00:00",54,16,29,6,63,167.8,
"2019-12-01 00:00:00",48,19,22,10,47,166.83333333333334,
"2019-12-02 00:00:00",53,7,30,7,67,166.46666666666667,
"2019-12-03 00:00:00",56,12,29,5,74,167.06666666666666,
"2019-12-04 00:00:00",49,9,35,9,60,167.6,
"2019-12-05 00:00:00",43,14,32,3,46,166.96666666666667,
"2019-12-06 00:00:00",45,12,37,2,53,166.56666666666666,
"2019-12-07 00:00:00",52,15,32,5,64,166.7,
"2019-12-08 00:00:00",46,14,34,9,58,165.76666666666668,
"2019-12-09 00:00:00",52,11,38,11,69,166.03333333333333,
"2019-12-10 00:00:00",60,17,39,4,73,167.83333333333334,
"2019-12-11 00:00:00",35,14,25,11,45,166.46666666666667,
"2019-12-12 00:00:00",40,22,42,6,72,166.93333333333334,
"2019-12-13 00:00:00",54,10,31,4,63,167.16666666666666,
"2019-12-14 00:00:00",47,16,32,9,69,167.43333333333334,
"2019-12-15 00:00:00",62,25,34,5,59,167.63333333333333,
"2019-12-16 00:00:00",48,11,40,7,79,167.6,
"2019-12-17 00:00:00",44,12,20,5,48,167.33333333333334,
"2019-12-18 00:00:00",46,12,21,9,53,166.36666666666667,
"2019-12-19 00:00:00",51,9,37,3,60,165.66666666666666,
"2019-12-20 00:00:00",48,13,34,11,68,166.16666666666666,
"2019-12-21 00:00:00",47,19,35,13,49,163.86666666666667,
"2019-12-22 00:00:00",55,20,39,12,59,163.76666666666668,
"2019-12-23 00:00:00",55,19,32,10,59,163.63333333333333,
"2019-12-24 00:00:00",42,19,40,4,68,164.76666666666668,
"2019-12-25 00:00:00",44,16,31,5,55,165.2,
"2019-12-26 00:00:00",41,18,21,9,54,164,
"2019-12-27 00:00:00",45,9,40,7,57,164.2,
"2019-12-28 00:00:00",63,16,53,7,66,166.4,
"2019-12-29 00:00:00",52,24,36,9,61,165.4,
"2019-12-30 00:00:00",56,17,25,10,54,165.2,
"2019-12-31 00:00:00",41,16,30,5,56,165.26666666666668,
"2020-01-01 00:00:00",45,20,31,6,59,165.16666666666666,
"2020-01-02 00:00:00",42,13,22,8,76,164.66666666666666,
"2020-01-03 00:00:00",58,15,38,8,70,165.56666666666666,
"2020-01-04 00:00:00",45,7,25,7,57,165.66666666666666,
"2020-01-05 00:00:00",48,13,33,6,57,165.93333333333334,
"2020-01-06 00:00:00",38,11,26,10,57,165.06666666666666,
"2020-01-07 00:00:00",30,10,11,1,37,162.66666666666666,
"2020-01-08 00:00:00",38,5,11,4,31,159.6,
"2020-01-09 00:00:00",39,20,26,6,59,158.16666666666666,
"2020-01-10 00:00:00",50,14,31,6,61,159.23333333333332,
"2020-01-11 00:00:00",57,10,31,3,57,158.43333333333334,
"2020-01-12 00:00:00",54,16,30,6,54,158.36666666666667,
"2020-01-13 00:00:00",44,21,32,9,57,158.03333333333333,
"2020-01-14 00:00:00",50,9,17,10,63,156.83333333333334,
"2020-01-15 00:00:00",39,13,34,4,50,155.33333333333334,
"2020-01-16 00:00:00",40,17,42,6,55,156.36666666666667,
"2020-01-17 00:00:00",47,16,19,7,57,156.53333333333333,
"2020-01-18 00:00:00",45,13,29,3,71,156.56666666666666,
"2020-01-19 00:00:00",54,26,41,9,62,157.16666666666666,
"2020-01-20 00:00:00",50,22,29,9,72,157.8,
"2020-01-21 00:00:00",46,17,32,8,76,157.6,
"2020-01-22 00:00:00",48,17,26,3,55,156.73333333333332,
"2020-01-23 00:00:00",43,18,35,3,59,156.23333333333332,
"2020-01-24 00:00:00",28,9,20,1,53,154.9,
"2020-01-25 00:00:00",41,11,17,2,63,154.6,
"2020-01-26 00:00:00",32,15,18,4,52,153.36666666666667,
"2020-01-27 00:00:00",30,11,9,7,29,149.4,
"2020-01-28 00:00:00",50,11,26,8,64,148.63333333333333,
"2020-01-29 00:00:00",60,21,36,9,109,151.06666666666666,
"2020-01-30 00:00:00",52,18,28,11,51,151.46666666666667,122.8
"2020-01-31 00:00:00",39,18,40,11,74,152.16666666666666,122.8
"2020-02-01 00:00:00",56,12,40,5,66,152.76666666666668,123.46666666666667
"2020-02-02 00:00:00",47,19,36,9,59,152.13333333333333,123.36666666666666
"2020-02-03 00:00:00",47,19,37,9,81,153.86666666666667,123.13333333333334
"2020-02-04 00:00:00",41,22,29,11,60,154.06666666666666,123.36666666666666
"2020-02-05 00:00:00",44,17,36,5,55,154.56666666666666,122.16666666666667
"2020-02-06 00:00:00",39,15,37,9,68,157.2,121.63333333333334
"2020-02-07 00:00:00",48,22,30,5,69,160.03333333333333,121.06666666666666
"2020-02-08 00:00:00",44,7,24,1,45,159.06666666666666,121.2
"2020-02-09 00:00:00",56,10,27,2,52,158.56666666666666,120.33333333333333
"2020-02-10 00:00:00",49,24,51,9,77,160.3,120.6
"2020-02-11 00:00:00",47,19,31,4,60,160.33333333333334,119.9
"2020-02-12 00:00:00",42,18,30,9,58,160.13333333333333,119.63333333333334
"2020-02-13 00:00:00",51,11,43,4,86,161.66666666666666,119.66666666666667
"2020-02-14 00:00:00",56,19,40,9,68,163.4,120.86666666666666
"2020-02-15 00:00:00",53,9,30,2,55,163.03333333333333,120.76666666666667
"2020-02-16 00:00:00",28,6,23,4,34,161.33333333333334,121.5
"2020-02-17 00:00:00",34,3,10,4,33,158.76666666666668,122.8
"2020-02-18 00:00:00",38,23,28,10,75,158.16666666666666,122.66666666666667
"2020-02-19 00:00:00",64,18,50,10,77,159.4,123.03333333333333
"2020-02-20 00:00:00",48,18,40,8,68,159.5,123.53333333333333
"2020-02-21 00:00:00",55,21,38,7,72,160.96666666666667,123.06666666666666
"2020-02-22 00:00:00",52,6,39,5,61,161.13333333333333,123.03333333333333
"2020-02-23 00:00:00",53,20,44,8,67,163.83333333333334,123.13333333333334
"2020-02-24 00:00:00",56,34,60,10,102,168.1,123.93333333333334
"2020-02-25 00:00:00",50,15,28,7,65,169.56666666666666,124.63333333333334
"2020-02-26 00:00:00",53,24,46,11,65,173.33333333333334,124.23333333333333
"2020-02-27 00:00:00",54,16,29,15,63,173.93333333333334,122.4
"2020-02-28 00:00:00",52,12,33,11,57,171.6,121.76666666666667
"2020-02-29 00:00:00",55,15,38,8,63,172.23333333333332,120.9
"2020-03-01 00:00:00",55,20,36,5,57,171.93333333333334,120.66666666666667
"2020-03-02 00:00:00",50,12,36,9,70,171.86666666666667,120.6
"2020-03-03 00:00:00",47,12,32,9,65,171.7,120.8
"2020-03-04 00:00:00",43,8,25,13,54,170.03333333333333,122.1
"2020-03-05 00:00:00",57,15,40,5,84,171.3,122.66666666666667
"2020-03-06 00:00:00",58,20,29,5,71,172.16666666666666,123.33333333333333
"2020-03-07 00:00:00",54,15,34,9,67,172.53333333333333,125.63333333333334
"2020-03-08 00:00:00",54,11,41,8,66,172.73333333333332,127.53333333333333
"2020-03-09 00:00:00",54,19,39,7,69,174.96666666666667,127.7
"2020-03-10 00:00:00",42,14,28,4,52,174.73333333333332,131.13333333333333
"2020-03-11 00:00:00",46,16,35,9,56,173.13333333333333,131.56666666666666
"2020-03-12 00:00:00",47,14,35,5,68,173.4,133.3
"2020-03-13 00:00:00",54,9,30,7,70,173.83333333333334,134.5
"2020-03-14 00:00:00",57,13,35,7,56,172.93333333333334,135.6
"2020-03-15 00:00:00",45,17,33,6,48,171.5,136.56666666666666
"2020-03-16 00:00:00",38,14,35,11,77,172.36666666666667,138.2
"2020-03-17 00:00:00",59,15,36,5,60,175.03333333333333,140.63333333333333
"2020-03-18 00:00:00",62,10,27,10,55,177.7,139.43333333333334
"2020-03-19 00:00:00",38,6,11,6,36,175.13333333333333,137.9
"2020-03-20 00:00:00",56,19,41,10,84,174.83333333333334,137.06666666666666
"2020-03-21 00:00:00",46,11,33,4,65,174.06666666666666,137.03333333333333
"2020-03-22 00:00:00",57,20,37,9,59,173.7,137.73333333333332
"2020-03-23 00:00:00",66,15,41,8,85,175.43333333333334,138.06666666666666
"2020-03-24 00:00:00",47,16,39,6,67,174.86666666666667,137.93333333333334
"2020-03-25 00:00:00",50,14,41,5,82,172.53333333333333,137.7
"2020-03-26 00:00:00",48,16,35,4,49,172.1,137.33333333333334
"2020-03-27 00:00:00",49,12,25,10,50,170.33333333333334,137.13333333333333
"2020-03-28 00:00:00",51,21,26,4,65,170,137.33333333333334
"2020-03-29 00:00:00",55,14,42,14,60,170.66666666666666,137
"2020-03-30 00:00:00",58,21,38,18,67,171.43333333333334,137.56666666666666
"2020-03-31 00:00:00",50,11,45,5,63,171.46666666666667,138.3
"2020-04-01 00:00:00",50,11,31,5,51,170.5,137.7
"2020-04-02 00:00:00",58,15,42,9,74,171.6,137.66666666666666
"2020-04-03 00:00:00",49,9,41,2,52,171.93333333333334,136.9
"2020-04-04 00:00:00",56,10,32,4,53,170.4,137.1
"2020-04-05 00:00:00",54,17,43,9,69,170.7,137.83333333333334
"2020-04-06 00:00:00",40,19,44,5,63,170.43333333333334,135.06666666666666
"2020-04-07 00:00:00",52,15,37,6,47,169.66666666666666,133.53333333333333
"2020-04-08 00:00:00",50,14,37,5,60,168.93333333333334,131.86666666666667
"2020-04-09 00:00:00",52,14,42,5,69,170.33333333333334,129.96666666666667
"2020-04-10 00:00:00",51,17,44,4,59,170.76666666666668,130.03333333333333
"2020-04-11 00:00:00",58,10,27,7,52,170.26666666666668,129.23333333333332
"2020-04-12 00:00:00",36,8,22,3,27,167.8,128.86666666666667
"2020-04-13 00:00:00",43,8,15,6,46,166.13333333333333,126.56666666666666
"2020-04-14 00:00:00",53,30,51,4,96,168.96666666666667,126.13333333333334
"2020-04-15 00:00:00",64,25,36,4,69,169.73333333333332,124.86666666666666
"2020-04-16 00:00:00",43,14,47,3,62,169.53333333333333,122.03333333333333
"2020-04-17 00:00:00",48,8,34,3,61,169.2,121.36666666666666
"2020-04-18 00:00:00",54,20,35,6,58,171.73333333333332,122.66666666666667
"2020-04-19 00:00:00",43,11,34,5,51,169.53333333333333,123.43333333333334
"2020-04-20 00:00:00",55,18,35,5,67,170.23333333333332,122.66666666666667
"2020-04-21 00:00:00",33,10,31,4,55,168.6,124.26666666666667
"2020-04-22 00:00:00",41,11,26,6,59,166.2,124.36666666666666
"2020-04-23 00:00:00",42,25,40,6,58,166.06666666666666,124.06666666666666
"2020-04-24 00:00:00",49,12,32,7,37,164.23333333333332,124.5
"2020-04-25 00:00:00",43,11,20,4,59,163.73333333333332,124.9
"2020-04-26 00:00:00",57,29,56,6,86,166.66666666666666,126.03333333333333
"2020-04-27 00:00:00",52,10,46,10,86,167.9,126.53333333333333
"2020-04-28 00:00:00",52,22,40,6,65,167.9,127.26666666666667
"2020-04-29 00:00:00",55,19,32,9,52,166.73333333333332,124.66666666666667
"2020-04-30 00:00:00",45,11,22,3,38,164.9,125.6
"2020-05-01 00:00:00",63,17,34,4,69,166.2,126.16666666666667
"2020-05-02 00:00:00",52,7,39,7,61,165.13333333333333,127.06666666666666
"2020-05-03 00:00:00",46,19,36,5,47,165.13333333333333,127.46666666666667
"2020-05-04 00:00:00",41,14,24,6,75,165.3,127.46666666666667
"2020-05-05 00:00:00",49,13,32,2,61,164.13333333333333,127.1
"2020-05-06 00:00:00",44,12,36,4,49,163.26666666666668,127.56666666666666
"2020-05-07 00:00:00",47,16,34,4,63,163.5,128.76666666666668
"2020-05-08 00:00:00",52,8,34,2,66,163.36666666666667,131.6
"2020-05-09 00:00:00",58,9,19,2,39,161.53333333333333,133.43333333333334
"2020-05-10 00:00:00",43,17,30,6,59,160.86666666666667,133.16666666666666
"2020-05-11 00:00:00",52,13,35,11,80,162.1,132.93333333333334
"2020-05-12 00:00:00",48,14,31,5,63,164.26666666666668,133.26666666666668
"2020-05-13 00:00:00",56,18,39,5,54,166.06666666666666,134.26666666666668
"2020-05-14 00:00:00",48,13,47,5,56,163.9,133.73333333333332
"2020-05-15 00:00:00",46,12,37,3,59,162.53333333333333,133.43333333333334
"2020-05-16 00:00:00",59,12,38,4,56,162.53333333333333,133.46666666666667
"2020-05-17 00:00:00",51,13,33,8,58,162.83333333333334,133.83333333333334
"2020-05-18 00:00:00",45,10,36,4,75,162.73333333333332,133.03333333333333
"2020-05-19 00:00:00",44,6,18,2,52,162,133.63333333333333
"2020-05-20 00:00:00",51,12,33,2,49,160.9,134.13333333333333
"2020-05-21 00:00:00",43,11,32,9,59,161.6,133.23333333333332
"2020-05-22 00:00:00",51,20,49,4,66,163.16666666666666,132.83333333333334
"2020-05-23 00:00:00",50,14,34,4,68,163.13333333333333,134.33333333333334
"2020-05-24 00:00:00",43,15,43,9,58,164.16666666666666,135.63333333333333
"2020-05-25 00:00:00",50,8,32,8,62,164.93333333333334,136.16666666666666
"2020-05-26 00:00:00",43,11,46,3,70,162.9,134.1
"2020-05-27 00:00:00",61,17,29,8,56,161.8,133.83333333333334
"2020-05-28 00:00:00",39,18,45,10,70,161.7,134.06666666666666
"2020-05-29 00:00:00",54,7,38,13,61,161.9,137.16666666666666
"2020-05-30 00:00:00",58,15,38,10,48,163.56666666666666,136.46666666666667
"2020-05-31 00:00:00",44,14,40,5,55,162.6,136.86666666666667
"2020-06-01 00:00:00",54,20,52,15,75,164.26666666666668,137.93333333333334
"2020-06-02 00:00:00",50,11,28,4,57,164.16666666666666,139.16666666666666
"2020-06-03 00:00:00",53,14,35,5,56,164.26666666666668,139.53333333333333
"2020-06-04 00:00:00",42,22,40,4,57,164.53333333333333,141.66666666666666
"2020-06-05 00:00:00",51,17,31,5,69,165.46666666666667,141.16666666666666
"2020-06-06 00:00:00",54,17,31,9,63,165.8,139.83333333333334
"2020-06-07 00:00:00",49,14,41,8,52,165.86666666666667,139
"2020-06-08 00:00:00",48,13,41,5,69,167.5,136.9
"2020-06-09 00:00:00",54,18,31,5,73,168.36666666666667,136.76666666666668
"2020-06-10 00:00:00",42,10,32,6,64,167.13333333333333,136.73333333333332
"2020-06-11 00:00:00",39,14,42,3,61,167.06666666666666,136.56666666666666
"2020-06-12 00:00:00",52,17,22,5,63,166.63333333333333,136.76666666666668
"2020-06-13 00:00:00",49,8,23,4,46,165.33333333333334,136.7
"2020-06-14 00:00:00",47,17,32,10,73,166.06666666666666,137.23333333333332
"2020-06-15 00:00:00",45,24,59,15,78,167.8,137.13333333333333
"2020-06-16 00:00:00",54,21,39,9,55,168.3,137.7
"2020-06-17 00:00:00",51,16,28,2,59,167.83333333333334,138.4
"2020-06-18 00:00:00",48,16,40,6,60,169.43333333333334,137.56666666666666
"2020-06-19 00:00:00",43,9,38,6,54,169.53333333333333,138.73333333333332
"2020-06-20 00:00:00",54,14,36,4,73,170.43333333333334,138.36666666666667
"2020-06-21 00:00:00",43,23,34,7,43,169.1,138.7
"2020-06-22 00:00:00",54,14,46,10,76,170.1,138.3
"2020-06-23 00:00:00",43,12,33,5,60,169.6,140.36666666666667
"2020-06-24 00:00:00",37,11,28,6,68,169.26666666666668,141
"2020-06-25 00:00:00",50,16,40,8,60,169.3,142.93333333333334
"2020-06-26 00:00:00",50,20,29,10,86,170.1,144.16666666666666
"2020-06-27 00:00:00",56,12,33,8,65,169.83333333333334,145.96666666666667
"2020-06-28 00:00:00",45,15,39,13,53,169.56666666666666,146.33333333333334
"2020-06-29 00:00:00",34,17,30,11,55,168.83333333333334,146.93333333333334
"2020-06-30 00:00:00",49,4,19,3,35,167.23333333333332,148.13333333333333
"2020-07-01 00:00:00",56,15,39,7,112,167.66666666666666,147.83333333333334
"2020-07-02 00:00:00",52,15,31,9,58,168.16666666666666,147.56666666666666
"2020-07-03 00:00:00",51,15,31,5,59,168.1,149.83333333333334
"2020-07-04 00:00:00",48,10,43,5,57,168.03333333333333,150.13333333333333
"2020-07-05 00:00:00",45,17,21,9,63,167.43333333333334,151.9
"2020-07-06 00:00:00",53,12,33,8,71,167.53333333333333,153.1
"2020-07-07 00:00:00",51,8,31,6,72,167.66666666666666,153.23333333333332
"2020-07-08 00:00:00",54,18,41,5,52,167.46666666666667,153.03333333333333
"2020-07-09 00:00:00",42,13,34,6,88,167.53333333333333,154.5
"2020-07-10 00:00:00",44,10,29,3,44,166.73333333333332,155.9
"2020-07-11 00:00:00",56,13,29,7,68,167.2,156.63333333333333
"2020-07-12 00:00:00",46,5,28,6,57,166.63333333333333,157.3
"2020-07-13 00:00:00",56,6,23,11,44,166.96666666666667,158.46666666666667
"2020-07-14 00:00:00",47,17,35,8,73,167,159.1
"2020-07-15 00:00:00",45,26,42,7,75,166.13333333333333,159.36666666666667
"2020-07-16 00:00:00",43,20,34,5,64,165.73333333333332,158.63333333333333
"2020-07-17 00:00:00",55,27,30,3,68,166.63333333333333,160.06666666666666
"2020-07-18 00:00:00",55,11,31,5,56,166.23333333333332,157.76666666666668
"2020-07-19 00:00:00",44,8,27,6,39,165.36666666666667,153.76666666666668
"2020-07-20 00:00:00",50,18,30,9,69,165.2,158.5
"2020-07-21 00:00:00",53,18,37,5,67,166.2,162.7
"2020-07-22 00:00:00",50,17,45,7,73,165.93333333333334,163.26666666666668
"2020-07-23 00:00:00",42,8,30,5,46,165.2,160.03333333333333
"2020-07-24 00:00:00",47,18,28,4,60,165.43333333333334,159.86666666666667
"2020-07-25 00:00:00",65,17,37,8,63,165.96666666666667,160.16666666666666
"2020-07-26 00:00:00",52,15,33,10,63,165.23333333333332,160.76666666666668
"2020-07-27 00:00:00",55,7,35,13,78,165.7,159.3
"2020-07-28 00:00:00",37,22,32,6,46,164.96666666666667,160.36666666666667
"2020-07-29 00:00:00",50,17,31,8,56,165.46666666666667,160.1
"2020-07-30 00:00:00",56,15,32,14,79,168.33333333333334,160.3
"2020-07-31 00:00:00",53,12,28,11,61,166.2,161
"2020-08-01 00:00:00",58,13,33,3,54,166.06666666666666,161.83333333333334
"2020-08-02 00:00:00",53,12,29,7,47,165.63333333333333,159.76666666666668
"2020-08-03 00:00:00",51,10,22,7,71,165.56666666666666,158.9
"2020-08-04 00:00:00",35,11,27,5,54,164.8,157.56666666666666
"2020-08-05 00:00:00",53,14,33,3,44,163.8,155.3
"2020-08-06 00:00:00",44,15,23,4,71,163.43333333333334,159.8
"2020-08-07 00:00:00",46,17,26,2,78,163.4,161.46666666666667
"2020-08-08 00:00:00",45,5,22,3,40,161.13333333333333,161.03333333333333
"2020-08-09 00:00:00",17,11,11,2,34,159.3,160
"2020-08-10 00:00:00",50,21,41,6,49,159.1,158.2
"2020-08-11 00:00:00",62,23,46,7,88,161.9,158.23333333333332
"2020-08-12 00:00:00",50,10,27,6,87,163.23333333333332,157.66666666666666
"2020-08-13 00:00:00",57,13,30,3,65,162.83333333333334,156.13333333333333
"2020-08-14 00:00:00",43,13,37,5,66,161.8,155.63333333333333
"2020-08-15 00:00:00",56,23,35,10,69,162.7,158.86666666666667
"2020-08-16 00:00:00",41,14,28,4,69,161.8,158.5
"2020-08-17 00:00:00",56,22,31,16,62,162.76666666666668,161.6
"2020-08-18 00:00:00",53,21,43,9,73,165.26666666666668,166.96666666666667
"2020-08-19 00:00:00",51,12,24,8,60,164.56666666666666,162.86666666666667
"2020-08-20 00:00:00",45,21,32,12,59,164.2,159.86666666666667
"2020-08-21 00:00:00",52,17,28,3,76,163.66666666666666,159.56666666666666
"2020-08-22 00:00:00",53,8,41,4,67,165.06666666666666,161.36666666666667
"2020-08-23 00:00:00",52,22,30,7,55,165.36666666666667,161.4
"2020-08-24 00:00:00",54,17,31,7,75,165.16666666666666,161.86666666666667
"2020-08-25 00:00:00",13,6,11,1,6,160.63333333333333,161.9
"2020-08-26 00:00:00",20,0,2,1,1,155.16666666666666,162.53333333333333
"2020-08-27 00:00:00",65,39,62,17,139,161.13333333333333,161.86666666666667
"2020-08-28 00:00:00",61,20,31,11,90,162.83333333333334,162.13333333333333
"2020-08-29 00:00:00",50,17,49,12,77,163.13333333333333,162.36666666666667
"2020-08-30 00:00:00",55,16,34,9,58,163.36666666666667,161
"2020-08-31 00:00:00",51,14,44,9,53,163.7,159.53333333333333
"2020-09-01 00:00:00",29,5,17,7,26,161.56666666666666,160
"2020-09-02 00:00:00",3,2,8,0,8,156.9,159.26666666666668
"2020-09-03 00:00:00",50,18,39,16,107,160.16666666666666,160.33333333333334
"2020-09-04 00:00:00",56,24,46,12,92,162.93333333333334,161.6
"2020-09-05 00:00:00",40,3,24,6,41,161.5,152.93333333333334
"2020-09-06 00:00:00",1,1,3,0,10,156.36666666666667,150.83333333333334
"2020-09-07 00:00:00",39,7,14,7,40,156.1,153.66666666666666
"2020-09-08 00:00:00",59,35,66,14,116,163.26666666666668,155.6
"2020-09-09 00:00:00",51,14,48,8,92,164.8,158.06666666666666
"2020-09-10 00:00:00",63,21,54,10,78,164.8,157.8
"2020-09-11 00:00:00",48,10,36,8,64,164.33333333333334,156.93333333333334
"2020-09-12 00:00:00",55,11,31,4,60,164.1,157.33333333333334
"2020-09-13 00:00:00",57,18,39,9,66,164.93333333333334,158.83333333333334
"2020-09-14 00:00:00",52,20,33,14,99,165.76666666666668,157.6
"2020-09-15 00:00:00",51,18,38,7,80,167.03333333333333,158.3
"2020-09-16 00:00:00",58,15,38,9,62,166.86666666666667,159.06666666666666
"2020-09-17 00:00:00",49,15,36,11,53,165.7,158.36666666666667
"2020-09-18 00:00:00",47,10,39,7,65,166.13333333333333,159.56666666666666
"2020-09-19 00:00:00",51,19,36,6,76,166.76666666666668,158.2
"2020-09-20 00:00:00",47,24,44,12,60,167.13333333333333,154.33333333333334
"2020-09-21 00:00:00",43,22,38,12,79,167.83333333333334,148.63333333333333
"2020-09-22 00:00:00",52,16,33,9,52,167.7,152.33333333333334
"2020-09-23 00:00:00",43,14,28,7,43,166.06666666666666,154.63333333333333
"2020-09-24 00:00:00",54,16,47,7,61,171,155.76666666666668
"2020-09-25 00:00:00",48,15,37,9,60,175.83333333333334,156.23333333333332
"2020-09-26 00:00:00",55,11,19,11,59,170.26666666666668,157.7
"2020-09-27 00:00:00",52,13,38,11,59,168.93333333333334,158.53333333333333
"2020-09-28 00:00:00",52,40,50,19,117,171.36666666666667,157.96666666666667
"2020-09-29 00:00:00",47,16,36,3,52,170.76666666666668,159.96666666666667
"2020-09-30 00:00:00",42,7,20,2,50,169.1,159.7
"2020-10-01 00:00:00",30,10,19,1,57,170.2,155.3
"2020-10-02 00:00:00",42,21,26,4,63,174.7,157.83333333333334
"2020-10-03 00:00:00",39,12,38,5,63,172.26666666666668,158.7
"2020-10-04 00:00:00",58,20,44,8,52,170.66666666666666,159.46666666666667
"2020-10-05 00:00:00",49,22,34,7,72,173,164.3
"2020-10-06 00:00:00",51,15,34,12,60,178.23333333333332,167.1
"2020-10-07 00:00:00",39,19,29,9,57,179.76666666666668,164.06666666666666
"2020-10-08 00:00:00",41,8,11,1,34,173.26666666666668,163.56666666666666
"2020-10-09 00:00:00",33,5,16,7,31,169.23333333333332,162.96666666666667
"2020-10-10 00:00:00",50,21,36,4,78,168,161.83333333333334
"2020-10-11 00:00:00",50,15,48,8,79,169.13333333333333,160.66666666666666
"2020-10-12 00:00:00",40,14,28,9,78,169.4,160.76666666666668
"2020-10-13 00:00:00",44,10,27,3,47,167.46666666666667,161.73333333333332
"2020-10-14 00:00:00",42,24,33,13,65,166.1,161.33333333333334
"2020-10-15 00:00:00",38,13,36,10,77,165.43333333333334,162.26666666666668
"2020-10-16 00:00:00",50,22,40,3,63,165.3,161
"2020-10-17 00:00:00",44,14,32,6,56,164.9,159.83333333333334
"2020-10-18 00:00:00",37,10,35,8,71,164.66666666666666,159.96666666666667
"2020-10-19 00:00:00",45,18,34,9,65,164.1,161.43333333333334
"2020-10-20 00:00:00",42,15,39,5,56,163.1,165.83333333333334
"2020-10-21 00:00:00",48,20,34,7,60,162.26666666666668,170.36666666666667
"2020-10-22 00:00:00",38,13,30,9,62,161.93333333333334,166.9
"2020-10-23 00:00:00",49,17,30,3,57,162.63333333333333,163.83333333333334
"2020-10-24 00:00:00",45,9,27,5,60,161.33333333333334,162.4
"2020-10-25 00:00:00",44,17,34,9,65,161.33333333333334,161.56666666666666
"2020-10-26 00:00:00",53,13,44,9,80,162.8,161.26666666666668
"2020-10-27 00:00:00",43,17,32,9,69,162.7,161.1
"2020-10-28 00:00:00",44,13,30,10,68,158.93333333333334,161.06666666666666
"2020-10-29 00:00:00",42,19,28,8,55,158.86666666666667,160.4
"2020-10-30 00:00:00",48,16,32,8,70,160.63333333333333,162.23333333333332
"2020-10-31 00:00:00",53,9,38,16,56,162.46666666666667,167.06666666666666
"2020-11-01 00:00:00",46,13,39,7,57,162.66666666666666,165.46666666666667
"2020-11-02 00:00:00",45,13,34,10,60,162.83333333333334,164.5
"2020-11-03 00:00:00",52,11,29,4,52,161.7,164.63333333333333
"2020-11-04 00:00:00",45,21,37,8,77,161.83333333333334,164.3
"2020-11-05 00:00:00",36,16,39,6,58,161.26666666666668,163.36666666666667
"2020-11-06 00:00:00",45,15,36,7,66,161.8,163.46666666666667
"2020-11-07 00:00:00",35,11,31,6,57,163.3,163.7
"2020-11-08 00:00:00",40,11,20,8,54,164.66666666666666,163.76666666666668
"2020-11-09 00:00:00",53,22,35,13,84,165.26666666666668,164.13333333333333
"2020-11-10 00:00:00",49,17,39,5,59,164.23333333333332,167.13333333333333
"2020-11-11 00:00:00",44,10,44,9,67,164.4,168.5
"2020-11-12 00:00:00",46,20,35,7,69,165.93333333333334,167.6
"2020-11-13 00:00:00",52,23,45,6,51,165.93333333333334,167.6
"2020-11-14 00:00:00",49,19,32,5,51,165.33333333333334,166.66666666666666
"2020-11-15 00:00:00",41,15,43,10,53,164.8,168.13333333333333
"2020-11-16 00:00:00",39,10,26,8,59,164.46666666666667,168
"2020-11-17 00:00:00",45,16,44,8,80,165.53333333333333,167.36666666666667
"2020-11-18 00:00:00",41,10,32,3,50,164.36666666666667,167.6
"2020-11-19 00:00:00",31,12,23,6,38,162.8,167.1
"2020-11-20 00:00:00",51,12,28,9,78,163.1,169.56666666666666
"2020-11-21 00:00:00",37,16,35,6,50,162.83333333333334,170.46666666666667
"2020-11-22 00:00:00",46,15,38,9,51,162.93333333333334,171.26666666666668
"2020-11-23 00:00:00",49,22,37,11,65,164.2,170.23333333333332
"2020-11-24 00:00:00",41,12,46,4,58,163.93333333333334,169.63333333333333
"2020-11-25 00:00:00",46,21,32,9,64,163.03333333333333,169.03333333333333
"2020-11-26 00:00:00",32,14,36,4,55,162.06666666666666,168.33333333333334
"2020-11-27 00:00:00",44,15,31,9,56,161.73333333333332,167.36666666666667
"2020-11-28 00:00:00",40,15,32,3,59,161.63333333333333,168.2
"2020-11-29 00:00:00",33,13,24,14,53,160.4,167.8
"2020-11-30 00:00:00",38,8,33,6,62,159.56666666666666,166.83333333333334
"2020-12-01 00:00:00",35,17,30,3,52,158.73333333333332,166.46666666666667
"2020-12-02 00:00:00",41,22,43,12,67,159.5,167.06666666666666
"2020-12-03 00:00:00",43,13,32,10,51,159.53333333333333,167.6
"2020-12-04 00:00:00",40,11,35,3,65,158.4,166.96666666666667
"2020-12-05 00:00:00",41,17,25,8,51,157.96666666666667,166.56666666666666
"2020-12-06 00:00:00",38,11,29,9,61,157.26666666666668,166.7
"2020-12-07 00:00:00",39,15,39,8,54,157.76666666666668,165.76666666666668
"2020-12-08 00:00:00",30,15,44,6,66,158.7,166.03333333333333
"2020-12-09 00:00:00",32,13,34,4,61,156.6,167.83333333333334
"2020-12-10 00:00:00",52,22,36,4,70,157.1,166.46666666666667
"2020-12-11 00:00:00",41,10,41,4,60,156.5,166.93333333333334
"2020-12-12 00:00:00",39,15,42,5,66,156.16666666666666,167.16666666666666
"2020-12-13 00:00:00",43,10,28,2,38,154.3,167.43333333333334
"2020-12-14 00:00:00",39,14,22,8,48,153.46666666666667,167.63333333333333
"2020-12-15 00:00:00",26,16,39,6,74,153.43333333333334,167.6
"2020-12-16 00:00:00",41,10,34,6,61,153.76666666666668,167.33333333333334
"2020-12-17 00:00:00",42,17,41,9,75,153.46666666666667,166.36666666666667
"2020-12-18 00:00:00",36,17,36,3,51,153.7,165.66666666666666
"2020-12-19 00:00:00",38,8,37,4,64,155.06666666666666,166.16666666666666
"2020-12-20 00:00:00",35,17,34,10,58,154.26666666666668,163.86666666666667
"2020-12-21 00:00:00",36,13,43,8,80,155.46666666666667,163.76666666666668
"2020-12-22 00:00:00",39,18,34,9,59,155.46666666666667,163.63333333333333
"2020-12-23 00:00:00",30,12,38,8,59,154.23333333333332,164.76666666666668
"2020-12-24 00:00:00",42,12,33,8,70,154.36666666666667,165.2
"2020-12-25 00:00:00",36,12,41,6,66,154,164
"2020-12-26 00:00:00",31,12,41,7,65,154.5,164.2
"2020-12-27 00:00:00",38,20,40,7,69,155.13333333333333,166.4
"2020-12-28 00:00:00",41,18,45,18,65,156.4,165.4
"2020-12-29 00:00:00",35,8,32,5,54,156.3,165.2
"2020-12-30 00:00:00",20,5,11,8,30,153.86666666666667,165.26666666666668
"2020-12-31 00:00:00",41,17,22,8,49,153.86666666666667,165.16666666666666
"2021-01-01 00:00:00",37,13,35,6,58,152.66666666666666,164.66666666666666
"2021-01-02 00:00:00",42,13,37,9,55,152.9,165.56666666666666
"2021-01-03 00:00:00",40,15,25,6,59,152.6,165.66666666666666
"2021-01-04 00:00:00",32,19,41,10,55,153.1,165.93333333333334
"2021-01-05 00:00:00",37,13,26,9,70,153.33333333333334,165.06666666666666
"2021-01-06 00:00:00",33,17,25,5,63,152.93333333333334,162.66666666666666
"2021-01-07 00:00:00",32,10,18,7,42,151.2,159.6
"2021-01-08 00:00:00",32,19,25,7,72,151.56666666666666,158.16666666666666
"2021-01-09 00:00:00",39,12,31,4,57,150.2,159.23333333333332
"2021-01-10 00:00:00",38,19,39,8,53,150.23333333333332,158.43333333333334
"2021-01-11 00:00:00",38,14,39,8,86,150.83333333333334,158.36666666666667
"2021-01-12 00:00:00",41,13,36,9,58,152.03333333333333,158.03333333333333
"2021-01-13 00:00:00",37,12,27,7,71,152.8,156.83333333333334
"2021-01-14 00:00:00",42,23,44,6,79,153.9,155.33333333333334
"2021-01-15 00:00:00",43,17,33,7,70,154.5,156.36666666666667
"2021-01-16 00:00:00",44,13,30,9,62,153.63333333333333,156.53333333333333
"2021-01-17 00:00:00",31,15,33,11,58,153.8,156.56666666666666
"2021-01-18 00:00:00",36,14,25,8,60,153.53333333333333,157.16666666666666
"2021-01-19 00:00:00",31,17,33,3,65,153.36666666666667,157.8
"2021-01-20 00:00:00",38,19,25,9,71,152.76666666666668,157.6
"2021-01-21 00:00:00",36,14,40,6,65,152.83333333333334,156.73333333333332
"2021-01-22 00:00:00",34,16,20,9,81,153.26666666666668,156.23333333333332
"2021-01-23 00:00:00",30,11,16,3,38,151.03333333333333,154.9
"2021-01-24 00:00:00",37,8,26,9,53,150.1,154.6
"2021-01-25 00:00:00",46,29,56,13,110,153.36666666666667,153.36666666666667
"2021-01-26 00:00:00",46,19,40,11,76,153.96666666666667,149.4
"2021-01-27 00:00:00",37,26,37,10,53,153.16666666666666,148.63333333333333
"2021-01-28 00:00:00",24,3,20,2,28,151.26666666666668,151.06666666666666
"2021-01-29 00:00:00",31,14,25,16,62,153.73333333333332,151.46666666666667
"2021-01-30 00:00:00",49,22,50,10,85,156.36666666666667,152.16666666666666
"2021-01-31 00:00:00",34,13,25,8,60,156.06666666666666,152.76666666666668
"2021-02-01 00:00:00",44,12,33,12,70,156.56666666666666,152.13333333333333
"2021-02-02 00:00:00",41,16,32,11,77,157.63333333333333,153.86666666666667
"2021-02-03 00:00:00",43,11,52,8,65,158.36666666666667,154.06666666666666
"2021-02-04 00:00:00",45,10,45,11,77,159.46666666666667,154.56666666666666
"2021-02-05 00:00:00",46,11,34,5,73,160.33333333333334,157.2
"2021-02-06 00:00:00",53,9,26,7,70,162.2,160.03333333333333
"2021-02-07 00:00:00",43,11,37,6,53,162.03333333333333,159.06666666666666
"2021-02-08 00:00:00",47,22,33,10,54,162.8,158.56666666666666
"2021-02-09 00:00:00",43,14,49,9,85,164.23333333333332,160.3
"2021-02-10 00:00:00",52,12,24,4,71,163.5,160.33333333333334
"2021-02-11 00:00:00",29,10,25,3,67,162.73333333333332,160.13333333333333
"2021-02-12 00:00:00",32,12,20,1,51,161.46666666666667,161.66666666666666
"2021-02-13 00:00:00",47,11,30,5,73,160.53333333333333,163.4
"2021-02-14 00:00:00",45,22,38,4,68,160.76666666666668,163.03333333333333
"2021-02-15 00:00:00",52,10,23,12,57,160.63333333333333,161.33333333333334
"2021-02-16 00:00:00",41,8,23,5,53,160.03333333333333,158.76666666666668
"2021-02-17 00:00:00",30,8,11,4,32,158.1,158.16666666666666
"2021-02-18 00:00:00",53,26,33,13,77,159.86666666666667,159.4
"2021-02-19 00:00:00",48,19,44,6,60,160.36666666666667,159.5
"2021-02-20 00:00:00",52,22,36,9,58,160.9,160.96666666666667
"2021-02-21 00:00:00",46,13,33,9,58,160.86666666666667,161.13333333333333
"2021-02-22 00:00:00",46,17,48,12,60,163.7,163.83333333333334
"2021-02-23 00:00:00",56,18,34,9,92,166.23333333333332,168.1
"2021-02-24 00:00:00",53,23,39,6,74,164.26666666666668,169.56666666666666
"2021-02-25 00:00:00",49,17,31,13,63,163.63333333333333,173.33333333333334
"2021-02-26 00:00:00",33,14,25,8,31,161.9,173.93333333333334
"2021-02-27 00:00:00",40,11,14,8,38,163.03333333333333,171.6
"2021-02-28 00:00:00",55,20,59,13,101,166.36666666666667,172.23333333333332
"2021-03-01 00:00:00",38,10,36,9,65,164.43333333333334,171.93333333333334
"2021-03-02 00:00:00",44,7,16,8,37,163.5,171.86666666666667
"2021-03-03 00:00:00",52,22,44,11,98,165.36666666666667,171.7
"2021-03-04 00:00:00",53,25,38,6,65,165.7,170.03333333333333
"2021-03-05 00:00:00",48,16,33,7,65,165.36666666666667,171.3
"2021-03-06 00:00:00",44,10,18,4,36,162.83333333333334,172.16666666666666
"2021-03-07 00:00:00",48,24,43,3,92,164.2,172.53333333333333
"2021-03-08 00:00:00",50,14,40,15,77,165.23333333333332,172.73333333333332
"2021-03-09 00:00:00",56,18,37,6,68,166.4,174.96666666666667
"2021-03-10 00:00:00",57,14,28,11,68,166.8,174.73333333333332
"2021-03-11 00:00:00",44,19,48,7,79,166.7,173.13333333333333
"2021-03-12 00:00:00",53,12,33,6,58,166.66666666666666,173.4
"2021-03-13 00:00:00",56,15,36,12,65,168.33333333333334,173.83333333333334
"2021-03-14 00:00:00",44,16,27,5,72,169.93333333333334,172.93333333333334
"2021-03-15 00:00:00",55,16,42,14,83,171.4,171.5
"2021-03-16 00:00:00",51,16,35,8,70,171.5,172.36666666666667
"2021-03-17 00:00:00",53,16,45,6,69,172.66666666666666,175.03333333333333
"2021-03-18 00:00:00",45,16,36,10,56,173.76666666666668,177.7
"2021-03-19 00:00:00",50,23,24,4,60,176.3,175.13333333333333
"2021-03-20 00:00:00",49,15,48,12,65,175.86666666666667,174.83333333333334
"2021-03-21 00:00:00",49,16,30,4,48,174.86666666666667,174.06666666666666
"2021-03-22 00:00:00",50,16,29,13,74,175.03333333333333,173.7
"2021-03-23 00:00:00",51,9,44,10,75,176.03333333333333,175.43333333333334
"2021-03-24 00:00:00",38,14,32,3,62,174.9,174.86666666666667
"2021-03-25 00:00:00",54,11,37,9,50,173.3,172.53333333333333
"2021-03-26 00:00:00",38,18,43,13,85,173.36666666666667,172.1
"2021-03-27 00:00:00",47,13,22,5,51,172.2,170.33333333333334
"2021-03-28 00:00:00",57,17,41,14,50,174.46666666666667,170
"2021-03-29 00:00:00",46,15,45,13,78,177.33333333333334,170.66666666666666
"2021-03-30 00:00:00",47,22,41,13,74,175.63333333333333,171.43333333333334
"2021-03-31 00:00:00",47,10,38,12,66,176.13333333333333,171.46666666666667
"2021-04-01 00:00:00",39,22,20,8,49,177,170.5
"2021-04-02 00:00:00",45,19,49,12,89,176.56666666666666,171.6
"2021-04-03 00:00:00",48,10,32,9,46,175.16666666666666,171.93333333333334
"2021-04-04 00:00:00",42,12,22,7,35,173.46666666666667,170.4
"2021-04-05 00:00:00",46,11,35,16,86,176.2,170.7
"2021-04-06 00:00:00",58,20,56,8,79,176.56666666666666,170.43333333333334
"2021-04-07 00:00:00",52,19,41,10,77,176.66666666666666,169.66666666666666
"2021-04-08 00:00:00",48,18,40,8,61,176.33333333333334,168.93333333333334
"2021-04-09 00:00:00",44,15,33,6,56,175.53333333333333,170.33333333333334
"2021-04-10 00:00:00",56,12,42,4,66,174.96666666666667,170.76666666666668
"2021-04-11 00:00:00",64,13,43,8,66,176.03333333333333,170.26666666666668
"2021-04-12 00:00:00",42,9,28,10,61,174.9,167.8
"2021-04-13 00:00:00",49,7,36,8,51,174.46666666666667,166.13333333333333
"2021-04-14 00:00:00",46,19,42,7,81,173.96666666666667,168.96666666666667
"2021-04-15 00:00:00",50,22,50,7,89,175.23333333333332,169.73333333333332
"2021-04-16 00:00:00",46,15,41,5,65,174.66666666666666,169.53333333333333
"2021-04-17 00:00:00",51,12,44,4,65,175.1,169.2
"2021-04-18 00:00:00",58,18,31,14,67,176,171.73333333333332
"2021-04-19 00:00:00",45,18,48,16,82,176.66666666666666,169.53333333333333
"2021-04-20 00:00:00",45,13,47,8,57,177.43333333333334,170.23333333333332
"2021-04-21 00:00:00",52,18,32,10,66,177.3,168.6
"2021-04-22 00:00:00",53,16,37,6,60,176.73333333333332,166.2
"2021-04-23 00:00:00",41,10,35,3,30,175.73333333333332,166.06666666666666
"2021-04-24 00:00:00",58,10,43,10,71,176.76666666666668,164.23333333333332
"2021-04-25 00:00:00",45,13,27,4,48,174.76666666666668,163.73333333333332
"2021-04-26 00:00:00",51,30,45,14,82,177.56666666666666,166.66666666666666
"2021-04-27 00:00:00",57,14,39,12,56,177.53333333333333,167.9
"2021-04-28 00:00:00",49,21,39,16,65,177.3,167.9
"2021-04-29 00:00:00",54,23,34,13,58,176.8,166.73333333333332
"2021-04-30 00:00:00",43,12,34,5,71,176.53333333333333,164.9
"2021-05-01 00:00:00",54,13,35,3,59,177.4,166.2
"2021-05-02 00:00:00",42,22,34,3,52,175.36666666666667,165.13333333333333
"2021-05-03 00:00:00",60,15,45,11,77,177.46666666666667,165.13333333333333
"2021-05-04 00:00:00",28,7,29,5,48,177.43333333333334,165.3
"2021-05-05 00:00:00",68,14,47,5,73,177.86666666666667,164.13333333333333
"2021-05-06 00:00:00",48,13,31,5,62,175.8,163.26666666666668
"2021-05-07 00:00:00",39,16,40,11,73,175.13333333333333,163.5
"2021-05-08 00:00:00",50,11,31,5,61,174.56666666666666,163.36666666666667
"2021-05-09 00:00:00",58,18,41,9,54,175.43333333333334,161.53333333333333
"2021-05-10 00:00:00",43,10,31,11,84,175.4,160.86666666666667
"2021-05-11 00:00:00",45,17,36,7,53,174.2,162.1
"2021-05-12 00:00:00",50,20,42,9,61,175.26666666666668,164.26666666666668
"2021-05-13 00:00:00",49,14,44,11,69,176.46666666666667,166.06666666666666
"2021-05-14 00:00:00",58,19,42,5,60,176.1,163.9
"2021-05-15 00:00:00",63,12,30,5,58,174.43333333333334,162.53333333333333
"2021-05-16 00:00:00",38,14,26,3,45,172.9,162.53333333333333
"2021-05-17 00:00:00",48,11,33,12,78,173.1,162.83333333333334
"2021-05-18 00:00:00",51,14,41,6,55,172.4,162.73333333333332
"2021-05-19 00:00:00",56,19,31,7,59,171.16666666666666,162
"2021-05-20 00:00:00",34,7,28,5,54,169.76666666666668,160.9
"2021-05-21 00:00:00",48,12,21,6,58,168.66666666666666,161.6
"2021-05-22 00:00:00",58,13,32,13,61,168.83333333333334,163.16666666666666
"2021-05-23 00:00:00",49,12,37,7,53,170.13333333333333,163.13333333333333
"2021-05-24 00:00:00",54,21,30,10,63,169.66666666666666,164.16666666666666
"2021-05-25 00:00:00",38,14,22,8,64,169.96666666666667,164.93333333333334
"2021-05-26 00:00:00",42,7,41,8,45,167.33333333333334,162.9
"2021-05-27 00:00:00",48,13,31,8,68,167,161.8
"2021-05-28 00:00:00",40,21,34,13,75,166.76666666666668,161.7
"2021-05-29 00:00:00",56,18,36,15,61,166.9,161.9
"2021-05-30 00:00:00",57,18,35,12,55,167.3,163.56666666666666
"2021-05-31 00:00:00",37,14,40,18,74,167.93333333333334,162.6
"2021-06-01 00:00:00",52,20,40,10,65,169.06666666666666,164.26666666666668
"2021-06-02 00:00:00",45,14,30,10,54,167.23333333333332,164.16666666666666
"2021-06-03 00:00:00",49,11,39,10,69,169.26666666666668,164.26666666666668
"2021-06-04 00:00:00",55,18,36,7,68,168.5,164.53333333333333
"2021-06-05 00:00:00",55,11,25,14,54,168.5,165.46666666666667
"2021-06-06 00:00:00",56,18,38,9,74,169.03333333333333,165.8
"2021-06-07 00:00:00",47,27,53,11,82,171.1,165.86666666666667
"2021-06-08 00:00:00",51,16,38,7,63,170.93333333333334,167.5
"2021-06-09 00:00:00",51,14,35,11,69,170.96666666666667,168.36666666666667
"2021-06-10 00:00:00",41,12,43,4,56,170.9,167.13333333333333
"2021-06-11 00:00:00",44,11,17,7,49,169.1,167.06666666666666
"2021-06-12 00:00:00",58,10,42,8,77,169.36666666666667,166.63333333333333
"2021-06-13 00:00:00",48,18,33,6,52,168.46666666666667,165.33333333333334
"2021-06-14 00:00:00",43,22,38,13,80,169.4,166.06666666666666
"2021-06-15 00:00:00",44,15,27,5,69,170.53333333333333,167.8
"2021-06-16 00:00:00",42,13,25,7,44,168.83333333333334,168.3
"2021-06-17 00:00:00",44,17,39,9,85,169.73333333333332,167.83333333333334
"2021-06-18 00:00:00",46,13,29,12,67,169.56666666666666,169.43333333333334
"2021-06-19 00:00:00",56,25,46,9,52,171.56666666666666,169.53333333333333
"2021-06-20 00:00:00",54,18,37,9,52,172.4,170.43333333333334
"2021-06-21 00:00:00",38,19,38,13,74,172.56666666666666,169.1
"2021-06-22 00:00:00",44,13,38,6,80,173.33333333333334,170.1
"2021-06-23 00:00:00",44,19,35,10,66,173.2,169.6
"2021-06-24 00:00:00",45,21,34,4,69,174.1,169.26666666666668
"2021-06-25 00:00:00",38,10,30,13,72,174.76666666666668,169.3
"2021-06-26 00:00:00",52,16,30,11,63,174.9,170.1
"2021-06-27 00:00:00",55,17,51,12,53,175.06666666666666,169.83333333333334
"2021-06-28 00:00:00",50,19,43,15,64,175.23333333333332,169.56666666666666
"2021-06-29 00:00:00",54,15,35,15,70,175.63333333333333,168.83333333333334
"2021-06-30 00:00:00",40,12,28,5,59,174.33333333333334,167.23333333333332
"2021-07-01 00:00:00",43,23,43,8,69,174.3,167.66666666666666
"2021-07-02 00:00:00",52,11,36,8,62,174.83333333333334,168.16666666666666
"2021-07-03 00:00:00",39,22,38,5,53,174.13333333333333,168.1
"2021-07-04 00:00:00",43,14,27,8,51,172.76666666666668,168.03333333333333
"2021-07-05 00:00:00",42,12,40,9,103,174.33333333333334,167.43333333333334
"2021-07-06 00:00:00",51,17,46,4,69,174.06666666666666,167.53333333333333
"2021-07-07 00:00:00",48,10,35,7,52,171.8,167.66666666666666
"2021-07-08 00:00:00",56,14,41,10,70,172.33333333333334,167.46666666666667
"2021-07-09 00:00:00",49,14,39,8,71,172.36666666666667,167.53333333333333
"2021-07-10 00:00:00",53,17,35,3,61,172.8,166.73333333333332
"2021-07-11 00:00:00",45,14,41,9,57,174.06666666666666,167.2
"2021-07-12 00:00:00",40,20,38,4,82,173.7,166.63333333333333
"2021-07-13 00:00:00",50,16,41,11,71,174.76666666666668,166.96666666666667
"2021-07-14 00:00:00",53,14,34,9,58,173.83333333333334,167
"2021-07-15 00:00:00",46,25,45,7,80,175.26666666666668,166.13333333333333
"2021-07-16 00:00:00",43,12,39,6,66,176.43333333333334,165.73333333333332
"2021-07-17 00:00:00",51,18,32,3,76,175.96666666666667,166.63333333333333
"2021-07-18 00:00:00",44,23,52,10,53,176.46666666666667,166.23333333333332
"2021-07-19 00:00:00",44,16,43,8,70,176.23333333333332,165.36666666666667
"2021-07-20 00:00:00",54,23,38,5,67,176.8,165.2
"2021-07-21 00:00:00",49,22,35,9,75,177.06666666666666,166.2
"2021-07-22 00:00:00",50,18,38,6,71,177.13333333333333,165.93333333333334
"2021-07-23 00:00:00",47,23,37,4,62,177.1,165.2
"2021-07-24 00:00:00",52,12,38,7,69,177.26666666666668,165.43333333333334
"2021-07-25 00:00:00",37,11,38,4,51,176.53333333333333,165.96666666666667
"2021-07-26 00:00:00",36,17,43,10,71,176.7,165.23333333333332
"2021-07-27 00:00:00",46,18,27,7,73,176.13333333333333,165.7
"2021-07-28 00:00:00",48,25,47,12,65,176.33333333333334,164.96666666666667
"2021-07-29 00:00:00",36,21,38,10,47,175.1,165.46666666666667
"2021-07-30 00:00:00",42,17,39,9,66,176.06666666666666,168.33333333333334
"2021-07-31 00:00:00",58,16,27,8,70,175.83333333333334,166.2
"2021-08-01 00:00:00",40,11,37,8,56,175.26666666666668,166.06666666666666
"2021-08-02 00:00:00",39,15,38,8,71,175.73333333333332,165.63333333333333
"2021-08-03 00:00:00",45,16,35,9,64,176.6,165.56666666666666
"2021-08-04 00:00:00",38,17,41,8,59,175.16666666666666,164.8
"2021-08-05 00:00:00",44,22,53,6,72,175.5,163.8
"2021-08-06 00:00:00",48,16,33,8,60,175.93333333333334,163.43333333333334
"2021-08-07 00:00:00",46,15,41,3,69,175.36666666666667,163.4
"2021-08-08 00:00:00",36,11,37,6,48,173.93333333333334,161.13333333333333
"2021-08-09 00:00:00",43,11,30,9,56,173.26666666666668,159.3
"2021-08-10 00:00:00",42,15,29,5,53,172.53333333333333,159.1
"2021-08-11 00:00:00",46,22,44,6,101,173.7,161.9
"2021-08-12 00:00:00",42,15,21,6,79,172.83333333333334,163.23333333333332
"2021-08-13 00:00:00",46,8,26,9,62,172.26666666666668,162.83333333333334
"2021-08-14 00:00:00",50,15,28,3,61,170.73333333333332,161.8
"2021-08-15 00:00:00",42,15,33,8,82,171.2,162.7
"2021-08-16 00:00:00",49,17,37,6,69,171.13333333333333,161.8
"2021-08-17 00:00:00",43,17,26,5,62,170.16666666666666,162.76666666666668
"2021-08-18 00:00:00",45,11,32,10,66,169.6,165.26666666666668
"2021-08-19 00:00:00",55,19,33,10,91,170.3,164.56666666666666
"2021-08-20 00:00:00",40,9,33,8,80,169.63333333333333,164.2
"2021-08-21 00:00:00",47,6,24,2,46,167.7,163.66666666666666
"2021-08-22 00:00:00",48,18,31,11,69,167.83333333333334,165.06666666666666
"2021-08-23 00:00:00",11,8,21,1,27,164.16666666666666,165.36666666666667
"2021-08-24 00:00:00",52,14,35,6,55,164.86666666666667,165.16666666666666
"2021-08-25 00:00:00",46,28,43,9,135,167.66666666666666,160.63333333333333
"2021-08-26 00:00:00",48,25,52,12,95,169.7,155.16666666666666
"2021-08-27 00:00:00",55,20,41,8,101,170.63333333333333,161.13333333333333
"2021-08-28 00:00:00",59,21,31,17,65,172,162.83333333333334
"2021-08-29 00:00:00",53,22,32,11,73,172.6,163.13333333333333
"2021-08-30 00:00:00",37,24,45,11,71,172.9,163.36666666666667
"2021-08-31 00:00:00",50,12,42,13,55,173.56666666666666,163.7
"2021-09-01 00:00:00",44,11,46,10,75,174.06666666666666,161.56666666666666
"2021-09-02 00:00:00",44,20,41,10,66,174.46666666666667,156.9
"2021-09-03 00:00:00",50,26,35,9,65,175.2,160.16666666666666
"2021-09-04 00:00:00",57,14,37,8,62,174.56666666666666,162.93333333333334
"2021-09-05 00:00:00",48,16,38,11,71,175.2,161.5
"2021-09-06 00:00:00",38,9,38,11,59,174.56666666666666,156.36666666666667
"2021-09-07 00:00:00",43,25,35,8,73,176.1,156.1
"2021-09-08 00:00:00",37,16,38,6,77,176.93333333333334,163.26666666666668
"2021-09-09 00:00:00",49,20,49,12,77,179.03333333333333,164.8
"2021-09-10 00:00:00",47,21,49,12,63,178.13333333333333,164.8
"2021-09-11 00:00:00",55,18,36,12,71,179.1,164.33333333333334
"2021-09-12 00:00:00",53,19,44,7,62,180.23333333333332,164.1
"2021-09-13 00:00:00",49,20,30,12,79,181.33333333333334,164.93333333333334
"2021-09-14 00:00:00",39,19,34,4,46,180.06666666666666,165.76666666666668
"2021-09-15 00:00:00",30,9,21,6,34,177.46666666666667,167.03333333333333
"2021-09-16 00:00:00",9,1,11,5,17,173.8,166.86666666666667
"2021-09-17 00:00:00",29,9,14,8,34,171.46666666666667,165.7
"2021-09-18 00:00:00",65,31,54,10,109,173.5,166.13333333333333
"2021-09-19 00:00:00",52,20,43,7,95,175.06666666666666,166.76666666666668
"2021-09-20 00:00:00",36,8,31,2,80,176.13333333333333,167.13333333333333
"2021-09-21 00:00:00",28,15,22,0,51,174.1,167.83333333333334
"2021-09-22 00:00:00",40,21,43,6,87,178.4,167.7
"2021-09-23 00:00:00",42,15,42,4,75,178.93333333333334,166.06666666666666
"2021-09-24 00:00:00",43,10,36,8,74,175.93333333333334,171
"2021-09-25 00:00:00",57,14,43,9,68,174.56666666666666,175.83333333333334
"2021-09-26 00:00:00",39,27,42,10,79,173.63333333333333,170.26666666666668
"2021-09-27 00:00:00",47,14,36,15,65,173.1,168.93333333333334
"2021-09-28 00:00:00",51,18,41,11,78,173.36666666666667,171.36666666666667
"2021-09-29 00:00:00",49,16,45,12,76,173.7,170.76666666666668
"2021-09-30 00:00:00",45,21,42,11,67,174.16666666666666,169.1
"2021-10-01 00:00:00",49,12,38,5,73,173.86666666666667,170.2
"2021-10-02 00:00:00",36,23,37,13,69,173.76666666666668,174.7
"2021-10-03 00:00:00",52,18,49,8,69,174.13333333333333,172.26666666666668
"2021-10-04 00:00:00",37,15,34,6,70,173.6,170.66666666666666
"2021-10-05 00:00:00",38,15,39,5,74,173.16666666666666,173
"2021-10-06 00:00:00",45,18,41,10,65,173.96666666666667,178.23333333333332
"2021-10-07 00:00:00",56,14,39,11,71,174.2,179.76666666666668
"2021-10-08 00:00:00",52,16,32,5,68,174.16666666666666,173.26666666666668
"2021-10-09 00:00:00",49,13,37,5,76,173.26666666666668,169.23333333333332
"2021-10-10 00:00:00",38,19,44,11,55,172.43333333333334,168
"2021-10-11 00:00:00",27,11,22,7,57,170.16666666666666,169.13333333333333
"2021-10-12 00:00:00",38,7,29,7,73,169.13333333333333,169.4
"2021-10-13 00:00:00",41,20,31,9,77,168.73333333333332,167.46666666666667
"2021-10-14 00:00:00",48,26,56,5,69,170.8,166.1
"2021-10-15 00:00:00",54,18,50,9,65,174,165.43333333333334
"2021-10-16 00:00:00",43,14,17,4,31,176.2,165.3
"2021-10-17 00:00:00",45,24,19,9,61,178.33333333333334,164.9
"2021-10-18 00:00:00",47,21,53,10,91,176.76666666666668,164.66666666666666
"2021-10-19 00:00:00",45,11,30,9,78,175.3,164.1
"2021-10-20 00:00:00",39,20,32,6,85,176.13333333333333,163.1
"2021-10-21 00:00:00",40,26,40,4,79,178.56666666666666,162.26666666666668
"2021-10-22 00:00:00",54,9,32,7,75,177.9,161.93333333333334
"2021-10-23 00:00:00",55,19,37,7,67,178.13333333333333,162.63333333333333
"2021-10-24 00:00:00",42,24,36,11,78,178.8,161.33333333333334
"2021-10-25 00:00:00",41,21,39,10,72,178.53333333333333,161.33333333333334
"2021-10-26 00:00:00",47,16,32,14,79,178.23333333333332,162.8
"2021-10-27 00:00:00",43,22,38,15,67,178.5,162.7
"2021-10-28 00:00:00",44,10,39,12,64,177.5,158.93333333333334
"2021-10-29 00:00:00",52,15,46,11,72,177.43333333333334,158.86666666666667
"2021-10-30 00:00:00",46,14,45,14,68,177.46666666666667,160.63333333333333
"2021-10-31 00:00:00",56,21,45,11,75,178.5,162.46666666666667
"2021-11-01 00:00:00",43,18,42,11,76,178.9,162.66666666666666
"2021-11-02 00:00:00",44,8,46,9,57,177.83333333333334,162.83333333333334
"2021-11-03 00:00:00",49,21,41,8,73,178.83333333333334,161.7
"2021-11-04 00:00:00",44,21,47,10,66,179.4,161.83333333333334
"2021-11-05 00:00:00",39,22,42,6,82,179.8,161.26666666666668
"2021-11-06 00:00:00",54,15,31,5,72,179.33333333333334,161.8
"2021-11-07 00:00:00",38,12,32,6,50,178.16666666666666,163.3
"2021-11-08 00:00:00",39,14,21,10,51,176.66666666666666,164.66666666666666
"2021-11-09 00:00:00",52,19,41,10,83,177.93333333333334,165.26666666666668
"2021-11-10 00:00:00",38,9,24,9,60,178.46666666666667,164.23333333333332
"2021-11-11 00:00:00",48,12,37,7,52,178.53333333333333,164.4
"2021-11-12 00:00:00",53,15,38,12,89,179.5,165.93333333333334
"2021-11-13 00:00:00",57,17,49,12,85,180.03333333333333,165.93333333333334
"2021-11-14 00:00:00",51,20,50,7,71,180.13333333333333,165.33333333333334
"2021-11-15 00:00:00",46,17,46,13,77,183.13333333333333,164.8
"2021-11-16 00:00:00",47,16,35,13,82,184.3,164.46666666666667
"2021-11-17 00:00:00",50,18,40,12,70,183.23333333333332,165.53333333333333
"2021-11-18 00:00:00",51,24,48,7,78,184.4,164.36666666666667
"2021-11-19 00:00:00",56,22,28,10,83,184.96666666666667,162.8
"2021-11-20 00:00:00",50,9,34,8,72,184.43333333333334,163.1
"2021-11-21 00:00:00",63,13,36,8,67,184.76666666666668,162.83333333333334
"2021-11-22 00:00:00",41,6,27,16,55,183.43333333333334,162.93333333333334
"2021-11-23 00:00:00",44,13,30,9,55,182.1,164.2
"2021-11-24 00:00:00",39,16,35,6,81,181.9,163.93333333333334
"2021-11-25 00:00:00",44,21,38,11,74,181.9,163.03333333333333
"2021-11-26 00:00:00",51,13,35,12,70,181.76666666666668,162.06666666666666
"2021-11-27 00:00:00",50,14,37,12,84,182.7,161.73333333333332
"2021-11-28 00:00:00",41,11,47,15,62,182.03333333333333,161.63333333333333
"2021-11-29 00:00:00",62,19,39,24,75,183.1,160.4
"2021-11-30 00:00:00",46,8,19,5,44,180.23333333333332,159.56666666666666
"2021-12-01 00:00:00",47,18,26,14,76,179.93333333333334,158.73333333333332
"2021-12-02 00:00:00",47,9,40,8,87,180.83333333333334,159.5
"2021-12-03 00:00:00",54,16,34,15,61,180.43333333333334,159.53333333333333
"2021-12-04 00:00:00",52,17,41,10,76,180.7,158.4
"2021-12-05 00:00:00",54,23,52,7,61,180.9,157.96666666666667
"2021-12-06 00:00:00",48,11,43,16,96,182.13333333333333,157.26666666666668
"2021-12-07 00:00:00",43,14,41,6,76,183.53333333333333,157.76666666666668
"2021-12-08 00:00:00",58,15,38,8,74,185.46666666666667,158.7
"2021-12-09 00:00:00",40,11,40,8,79,184.56666666666666,156.6
"2021-12-10 00:00:00",61,14,26,9,68,185.83333333333334,157.1
"2021-12-11 00:00:00",48,13,31,10,74,186.5,156.5
"2021-12-12 00:00:00",44,14,28,10,58,184.73333333333332,156.16666666666666
"2021-12-13 00:00:00",54,15,41,9,96,184.56666666666666,154.3
"2021-12-14 00:00:00",56,11,31,6,73,183.83333333333334,153.46666666666667
"2021-12-15 00:00:00",45,11,42,10,60,182.8,153.43333333333334
"2021-12-16 00:00:00",54,19,38,8,71,182.7,153.76666666666668
"2021-12-17 00:00:00",39,4,18,3,40,179.83333333333334,153.46666666666667
"2021-12-18 00:00:00",52,8,28,11,61,178.23333333333332,153.7
"2021-12-19 00:00:00",52,14,31,12,74,177.7,155.06666666666666
"2021-12-20 00:00:00",53,12,41,18,75,178.56666666666666,154.26666666666668
"2021-12-21 00:00:00",55,16,44,12,88,179.5,155.46666666666667
"2021-12-22 00:00:00",51,18,35,10,76,181,155.46666666666667
"2021-12-23 00:00:00",59,20,44,12,66,182.66666666666666,154.23333333333332
"2021-12-24 00:00:00",45,7,29,6,60,181.66666666666666,154.36666666666667
"2021-12-25 00:00:00",42,2,13,6,36,178.7,154
"2021-12-26 00:00:00",50,19,24,8,64,178.16666666666666,154.5
"2021-12-27 00:00:00",43,16,41,22,89,178.63333333333333,155.13333333333333
"2021-12-28 00:00:00",42,14,50,14,76,179.3,156.4
"2021-12-29 00:00:00",44,19,42,15,55,177.83333333333334,156.3
"2021-12-30 00:00:00",39,9,43,7,69,179.33333333333334,153.86666666666667
"2021-12-31 00:00:00",61,10,27,8,79,179.46666666666667,153.86666666666667
"2022-01-01 00:00:00",41,15,43,3,77,179.06666666666666,152.66666666666666
"2022-01-02 00:00:00",52,13,24,10,60,178.36666666666667,152.9
"2022-01-03 00:00:00",42,18,46,18,86,178.83333333333334,152.6
"2022-01-04 00:00:00",55,17,40,11,60,178.36666666666667,153.1
"2022-01-05 00:00:00",45,15,41,7,77,177.4,153.33333333333334
"2022-01-06 00:00:00",46,22,28,5,82,177.5,152.93333333333334
"2022-01-07 00:00:00",57,20,26,12,67,177.13333333333333,151.2
"2022-01-08 00:00:00",54,7,32,10,63,176.73333333333332,151.56666666666666
"2022-01-09 00:00:00",54,17,44,10,87,177.86666666666667,150.2
"2022-01-10 00:00:00",57,24,51,17,148,181.9,150.23333333333332
"2022-01-11 00:00:00",53,15,25,6,66,182.26666666666668,150.83333333333334
"2022-01-12 00:00:00",48,14,35,10,93,181.76666666666668,152.03333333333333
"2022-01-13 00:00:00",56,8,36,7,82,182.16666666666666,152.8
"2022-01-14 00:00:00",59,17,36,12,102,184.1,153.9
"2022-01-15 00:00:00",62,19,34,8,94,185,154.5
"2022-01-16 00:00:00",61,11,48,7,77,188.33333333333334,153.63333333333333
"2022-01-17 00:00:00",42,13,31,11,78,188.83333333333334,153.8
"2022-01-18 00:00:00",58,16,32,10,77,189.16666666666666,153.53333333333333
"2022-01-19 00:00:00",47,12,30,7,53,187.5,153.36666666666667
"2022-01-20 00:00:00",48,18,41,8,70,186.5,152.76666666666668
"2022-01-21 00:00:00",57,13,34,10,79,186.6,152.83333333333334
"2022-01-22 00:00:00",50,31,38,13,90,187.3,153.26666666666668
"2022-01-23 00:00:00",49,16,40,9,55,188.03333333333333,151.03333333333333
"2022-01-24 00:00:00",40,12,55,16,76,191.36666666666667,150.1
"2022-01-25 00:00:00",63,17,38,7,74,192.5,153.36666666666667
"2022-01-26 00:00:00",48,16,46,16,62,191.73333333333332,153.96666666666667
"2022-01-27 00:00:00",47,13,43,11,73,191.43333333333334,153.16666666666666
"2022-01-28 00:00:00",47,17,37,13,67,191.63333333333333,151.26666666666668
"2022-01-29 00:00:00",53,17,39,13,66,192.33333333333334,153.73333333333332
"2022-01-30 00:00:00",49,10,34,6,66,191.66666666666666,156.36666666666667
"2022-01-31 00:00:00",37,12,25,1,64,190.33333333333334,156.06666666666666
"2022-02-01 00:00:00",33,15,22,0,42,188.76666666666668,156.56666666666666
"2022-02-02 00:00:00",53,28,44,5,91,189.13333333333333,157.63333333333333
"2022-02-03 00:00:00",47,14,25,11,65,188.43333333333334,158.36666666666667
"2022-02-04 00:00:00",50,11,35,11,74,188.3,159.46666666666667
"2022-02-05 00:00:00",64,17,27,6,52,187.73333333333332,160.33333333333334
"2022-02-06 00:00:00",48,17,36,8,78,187.9,162.2
"2022-02-07 00:00:00",42,15,44,19,76,188.9,162.03333333333333
"2022-02-08 00:00:00",57,18,44,11,71,188.53333333333333,162.8
"2022-02-09 00:00:00",51,23,38,10,63,184.8,164.23333333333332
"2022-02-10 00:00:00",57,13,43,9,80,186.03333333333333,163.5
"2022-02-11 00:00:00",46,19,32,10,60,184.93333333333334,162.73333333333332
"2022-02-12 00:00:00",46,14,27,6,65,183.9,161.46666666666667
"2022-02-13 00:00:00",49,14,43,6,75,182.6,160.53333333333333
"2022-02-14 00:00:00",57,14,33,18,79,182.06666666666666,160.76666666666668
"2022-02-15 00:00:00",49,25,38,10,78,181.93333333333334,160.63333333333333
"2022-02-16 00:00:00",41,17,31,8,51,181.03333333333333,160.03333333333333
"2022-02-17 00:00:00",49,13,33,6,75,180.46666666666667,158.1
"2022-02-18 00:00:00",53,15,38,5,70,181.53333333333333,159.86666666666667
"2022-02-19 00:00:00",55,16,34,6,52,180.8,160.36666666666667
"2022-02-20 00:00:00",52,14,33,8,61,179.96666666666667,160.9
"2022-02-21 00:00:00",48,24,43,11,86,179.63333333333333,160.86666666666667
"2022-02-22 00:00:00",65,12,41,11,80,180.96666666666667,163.7
"2022-02-23 00:00:00",43,21,44,10,70,180.6,166.23333333333332
"2022-02-24 00:00:00",50,15,37,11,73,180.16666666666666,164.26666666666668
"2022-02-25 00:00:00",54,13,26,12,61,179.43333333333334,163.63333333333333
"2022-02-26 00:00:00",59,12,28,16,62,179.1,161.9
"2022-02-27 00:00:00",52,21,56,11,84,180.53333333333333,163.03333333333333
"2022-02-28 00:00:00",57,21,41,15,78,181.33333333333334,166.36666666666667
"2022-03-01 00:00:00",57,16,30,5,72,181.83333333333334,164.43333333333334
"2022-03-02 00:00:00",55,19,39,4,61,183.13333333333333,163.5
"2022-03-03 00:00:00",50,24,41,9,71,185.9,165.36666666666667
"2022-03-04 00:00:00",55,11,40,8,57,184.23333333333332,165.7
"2022-03-05 00:00:00",52,9,27,8,63,184.13333333333333,165.36666666666667
"2022-03-06 00:00:00",53,25,52,11,75,185.3,162.83333333333334
"2022-03-07 00:00:00",41,10,42,16,93,186.5,164.2
"2022-03-08 00:00:00",50,19,41,6,56,186,165.23333333333332
"2022-03-09 00:00:00",61,22,48,10,68,186.43333333333334,166.4
"2022-03-10 00:00:00",47,17,44,8,76,186.13333333333333,166.8
"2022-03-11 00:00:00",59,12,37,7,60,185.8,166.7
"2022-03-12 00:00:00",53,16,35,9,60,184.83333333333334,166.66666666666666
"2022-03-13 00:00:00",46,9,40,10,53,184.53333333333333,168.33333333333334
"2022-03-14 00:00:00",46,20,52,14,89,186.63333333333333,169.93333333333334
"2022-03-15 00:00:00",59,34,60,19,108,189.73333333333332,171.4
"2022-03-16 00:00:00",57,12,41,15,94,190.33333333333334,171.5
"2022-03-17 00:00:00",44,14,36,5,51,188.66666666666666,172.66666666666666
"2022-03-18 00:00:00",38,11,26,12,63,188.73333333333332,173.76666666666668
"2022-03-19 00:00:00",57,16,40,11,85,189.83333333333334,176.3
"2022-03-20 00:00:00",55,17,34,11,75,190.2,175.86666666666667
"2022-03-21 00:00:00",53,11,44,18,80,191.63333333333333,174.86666666666667
"2022-03-22 00:00:00",49,18,40,4,76,192.26666666666668,175.03333333333333
"2022-03-23 00:00:00",43,15,31,11,74,191,176.03333333333333
"2022-03-24 00:00:00",50,12,43,10,84,190.66666666666666,174.9
"2022-03-25 00:00:00",41,13,28,6,47,188.9,173.3
"2022-03-26 00:00:00",55,14,17,12,47,187.53333333333333,173.36666666666667
"2022-03-27 00:00:00",49,11,58,14,91,189.43333333333334,172.2
"2022-03-28 00:00:00",57,17,46,20,91,191.23333333333332,174.46666666666667
"2022-03-29 00:00:00",60,23,52,10,82,191.33333333333334,177.33333333333334
"2022-03-30 00:00:00",47,10,41,11,68,190.16666666666666,175.63333333333333
"2022-03-31 00:00:00",50,16,45,9,69,190.46666666666667,176.13333333333333
"2022-04-01 00:00:00",51,13,42,6,67,190.5,177
"2022-04-02 00:00:00",56,12,40,12,58,189.93333333333334,176.56666666666666
"2022-04-03 00:00:00",45,18,47,8,64,190.3,175.16666666666666
"2022-04-04 00:00:00",49,28,51,19,101,193.26666666666668,173.46666666666667
"2022-04-05 00:00:00",45,18,44,7,76,192.4,176.2
"2022-04-06 00:00:00",41,17,38,12,73,191.7,176.56666666666666
"2022-04-07 00:00:00",58,16,36,6,75,192.33333333333334,176.66666666666666
"2022-04-08 00:00:00",49,28,58,9,104,193.63333333333333,176.33333333333334
"2022-04-09 00:00:00",65,16,44,6,84,194.4,175.53333333333333
"2022-04-10 00:00:00",52,19,36,10,65,194.63333333333333,174.96666666666667
"2022-04-11 00:00:00",58,19,41,14,84,196.06666666666666,176.03333333333333
"2022-04-12 00:00:00",48,15,47,7,88,197.63333333333333,174.9
"2022-04-13 00:00:00",46,12,30,6,65,195.56666666666666,174.46666666666667
"2022-04-14 00:00:00",42,12,29,10,55,191.16666666666666,173.96666666666667
"2022-04-15 00:00:00",49,12,35,7,71,189.66666666666666,175.23333333333332
"2022-04-16 00:00:00",59,25,42,10,84,192,174.66666666666666
"2022-04-17 00:00:00",46,28,52,7,80,194.1,175.1
"2022-04-18 00:00:00",57,33,69,12,100,196.16666666666666,176
"2022-04-19 00:00:00",61,21,42,11,83,197.03333333333333,176.66666666666666
"2022-04-20 00:00:00",54,30,46,12,88,197.83333333333334,177.43333333333334
"2022-04-21 00:00:00",46,10,40,7,74,197.5,177.3
"2022-04-22 00:00:00",53,18,35,6,68,197.7,176.73333333333332
"2022-04-23 00:00:00",47,17,32,8,58,196.46666666666667,175.73333333333332
"2022-04-24 00:00:00",50,20,31,11,64,197.83333333333334,176.76666666666668
"2022-04-25 00:00:00",51,14,57,13,77,200.06666666666666,174.76666666666668
"2022-04-26 00:00:00",46,14,28,14,71,198.4,177.56666666666666
"2022-04-27 00:00:00",59,25,56,15,105,199.36666666666667,177.53333333333333
"2022-04-28 00:00:00",50,27,47,16,64,198.6,177.3
"2022-04-29 00:00:00",46,11,34,8,41,197.36666666666667,176.8
"2022-04-30 00:00:00",62,10,34,5,79,197.4,176.53333333333333
"2022-05-01 00:00:00",55,19,51,7,58,197.76666666666668,177.4
"2022-05-02 00:00:00",55,18,48,15,96,199.56666666666666,175.36666666666667
"2022-05-03 00:00:00",57,35,78,13,108,203.2,177.46666666666667
"2022-05-04 00:00:00",44,18,39,10,87,201.53333333333333,177.43333333333334
"2022-05-05 00:00:00",61,18,34,8,75,201.73333333333332,177.86666666666667
"2022-05-06 00:00:00",48,10,38,9,57,201.1,175.8
"2022-05-07 00:00:00",49,14,40,7,64,200.53333333333333,175.13333333333333
"2022-05-08 00:00:00",48,23,46,9,85,199.3,174.56666666666666
"2022-05-09 00:00:00",58,21,44,13,71,199.03333333333333,175.43333333333334
"2022-05-10 00:00:00",48,17,32,10,75,199.03333333333333,175.4
"2022-05-11 00:00:00",50,11,39,10,74,197.96666666666667,174.2
"2022-05-12 00:00:00",51,40,83,11,112,201.03333333333333,175.26666666666668
"2022-05-13 00:00:00",50,17,27,8,68,201.4,176.46666666666667
"2022-05-14 00:00:00",54,14,36,9,82,202.96666666666667,176.1
"2022-05-15 00:00:00",46,17,39,5,49,202.36666666666667,174.43333333333334
"2022-05-16 00:00:00",48,18,44,13,93,202.23333333333332,172.9
"2022-05-17 00:00:00",49,21,54,7,105,203,173.1
"2022-05-18 00:00:00",51,17,42,11,93,201.1,172.4
"2022-05-19 00:00:00",62,16,44,7,83,200.9,171.16666666666666
"2022-05-20 00:00:00",51,21,36,9,85,199.96666666666667,169.76666666666668
"2022-05-21 00:00:00",60,21,32,9,67,200.36666666666667,168.66666666666666
"2022-05-22 00:00:00",52,23,56,14,74,201.66666666666666,168.83333333333334
"2022-05-23 00:00:00",58,31,35,15,102,204.3,170.13333333333333
"2022-05-24 00:00:00",53,12,40,8,78,204.8,169.66666666666666
"2022-05-25 00:00:00",45,22,40,10,90,204.63333333333333,169.96666666666667
"2022-05-26 00:00:00",62,16,44,13,61,205.4,167.33333333333334
"2022-05-27 00:00:00",63,19,41,11,75,203.7,167
"2022-05-28 00:00:00",59,24,49,15,104,205.26666666666668,166.76666666666668
"2022-05-29 00:00:00",49,22,42,13,63,206.9,166.9
"2022-05-30 00:00:00",40,20,48,9,64,206.6,167.3
"2022-05-31 00:00:00",62,22,41,13,101,208.23333333333332,167.93333333333334
"2022-06-01 00:00:00",55,18,46,3,83,207.33333333333334,169.06666666666666
"2022-06-02 00:00:00",63,20,53,10,89,205.46666666666667,167.23333333333332
"2022-06-03 00:00:00",48,19,43,9,75,205.33333333333334,169.26666666666668
"2022-06-04 00:00:00",47,15,37,9,82,205.13333333333333,168.5
"2022-06-05 00:00:00",34,9,35,5,55,204.33333333333334,168.5
"2022-06-06 00:00:00",59,4,34,9,65,204.23333333333332,169.03333333333333
"2022-06-07 00:00:00",47,12,42,9,53,202.63333333333333,171.1
"2022-06-08 00:00:00",55,22,39,6,92,202.86666666666667,170.93333333333334
"2022-06-09 00:00:00",51,33,60,11,103,205.4,170.96666666666667
"2022-06-10 00:00:00",53,17,43,6,67,205.46666666666667,170.9
"2022-06-11 00:00:00",50,11,31,6,76,201.36666666666667,169.1
"2022-06-12 00:00:00",44,13,54,6,73,202.03333333333333,169.36666666666667
"2022-06-13 00:00:00",45,11,22,12,65,200.7,168.46666666666667
"2022-06-14 00:00:00",63,10,30,6,56,201,169.4
"2022-06-15 00:00:00",50,17,40,6,87,200.46666666666667,170.53333333333333
"2022-06-16 00:00:00",48,22,54,7,93,200.06666666666666,168.83333333333334
"2022-06-17 00:00:00",49,18,40,8,99,200.06666666666666,169.73333333333332
"2022-06-18 00:00:00",56,12,34,8,74,199.13333333333333,169.56666666666666
"2022-06-19 00:00:00",58,17,37,8,69,198.7,171.56666666666666
"2022-06-20 00:00:00",37,16,37,14,56,197.73333333333332,172.4
"2022-06-21 00:00:00",61,26,44,16,69,197.63333333333333,172.56666666666666
"2022-06-22 00:00:00",58,15,29,14,67,195.7,173.33333333333334
"2022-06-23 00:00:00",45,18,30,10,52,194.5,173.2
"2022-06-24 00:00:00",53,23,24,10,75,193.76666666666668,174.1
"2022-06-25 00:00:00",52,19,53,12,88,194.7,174.76666666666668
"2022-06-26 00:00:00",52,16,41,12,52,193.5,174.9
"2022-06-27 00:00:00",51,18,31,6,51,190.36666666666667,175.06666666666666
"2022-06-28 00:00:00",40,12,26,13,52,188.83333333333334,175.23333333333332
"2022-06-29 00:00:00",53,23,46,10,82,189.93333333333334,175.63333333333333
"2022-06-30 00:00:00",44,22,38,13,87,188.76666666666668,174.33333333333334
"2022-07-01 00:00:00",54,26,63,9,113,190.76666666666668,174.3
"2022-07-02 00:00:00",59,14,40,9,84,189.8,174.83333333333334
"2022-07-03 00:00:00",44,11,35,5,68,188.76666666666668,174.13333333333333
"2022-07-04 00:00:00",43,27,39,8,77,188.9,172.76666666666668
"2022-07-05 00:00:00",60,8,39,4,62,190.06666666666666,174.33333333333334
"2022-07-06 00:00:00",45,16,31,11,63,189.9,174.06666666666666
"2022-07-07 00:00:00",52,15,31,6,79,190.56666666666666,171.8
"2022-07-08 00:00:00",56,21,31,9,68,189.6,172.33333333333334
"2022-07-09 00:00:00",52,11,33,11,57,186.46666666666667,172.36666666666667
"2022-07-10 00:00:00",42,20,35,8,59,185.73333333333332,172.8
"2022-07-11 00:00:00",41,15,32,9,78,185.76666666666668,174.06666666666666
"2022-07-12 00:00:00",49,16,53,10,48,185.3,173.7
"2022-07-13 00:00:00",47,15,31,6,62,185.5,174.76666666666668
"2022-07-14 00:00:00",44,22,41,5,78,186.33333333333334,173.83333333333334
"2022-07-15 00:00:00",50,16,46,5,83,186.33333333333334,175.26666666666668
"2022-07-16 00:00:00",56,14,40,6,57,184.63333333333333,176.43333333333334
"2022-07-17 00:00:00",55,17,42,11,75,184.16666666666666,175.96666666666667
"2022-07-18 00:00:00",48,22,30,7,77,184.16666666666666,176.46666666666667
"2022-07-19 00:00:00",56,18,41,10,72,184.43333333333334,176.23333333333332
"2022-07-20 00:00:00",55,20,45,10,100,186.76666666666668,176.8
"2022-07-21 00:00:00",55,9,49,7,56,185.43333333333334,177.06666666666666
"2022-07-22 00:00:00",52,12,30,5,64,184.76666666666668,177.13333333333333
"2022-07-23 00:00:00",58,14,38,10,70,185.93333333333334,177.1
"2022-07-24 00:00:00",49,23,40,8,72,186.16666666666666,177.26666666666668
"2022-07-25 00:00:00",45,16,43,9,72,184.86666666666667,176.53333333333333
"2022-07-26 00:00:00",54,21,48,14,77,186.23333333333332,176.7
"2022-07-27 00:00:00",57,16,39,15,86,188.1,176.13333333333333
"2022-07-28 00:00:00",59,25,41,10,57,189.73333333333332,176.33333333333334
"2022-07-29 00:00:00",35,17,42,10,64,188.2,175.1
"2022-07-30 00:00:00",47,14,24,13,63,186.76666666666668,176.06666666666666
"2022-07-31 00:00:00",42,10,27,7,54,182.6,175.83333333333334
"2022-08-01 00:00:00",41,14,31,6,62,180.86666666666667,175.26666666666668
"2022-08-02 00:00:00",60,18,47,6,83,182.56666666666666,175.73333333333332
"2022-08-03 00:00:00",63,22,39,7,85,183.3,176.6
"2022-08-04 00:00:00",56,13,36,11,78,184,175.16666666666666
"2022-08-05 00:00:00",49,22,32,4,68,184.3,175.5
"2022-08-06 00:00:00",52,21,37,9,56,184.03333333333333,175.93333333333334
"2022-08-07 00:00:00",59,14,26,4,53,183.06666666666666,175.36666666666667
"2022-08-08 00:00:00",64,18,39,10,77,184.53333333333333,173.93333333333334
"2022-08-09 00:00:00",46,19,33,7,68,184.83333333333334,173.26666666666668
"2022-08-10 00:00:00",51,13,27,7,62,184.33333333333334,172.53333333333333
"2022-08-11 00:00:00",44,20,34,10,63,184.16666666666666,173.7
"2022-08-12 00:00:00",45,18,38,7,63,184.5,172.83333333333334
"2022-08-13 00:00:00",54,17,41,8,71,184.53333333333333,172.26666666666668
"2022-08-14 00:00:00",51,13,31,9,62,183.4,170.73333333333332
"2022-08-15 00:00:00",47,19,32,9,58,183.13333333333333,171.2
"2022-08-16 00:00:00",55,9,32,5,85,182.66666666666666,171.13333333333333
"2022-08-17 00:00:00",54,16,37,9,76,182.93333333333334,170.16666666666666
"2022-08-18 00:00:00",54,20,44,12,98,183.96666666666667,169.6
"2022-08-19 00:00:00",47,26,37,9,67,182.5,170.3
"2022-08-20 00:00:00",65,17,34,5,48,182.26666666666668,169.63333333333333
"2022-08-21 00:00:00",51,21,37,10,97,184.03333333333333,167.7
"2022-08-22 00:00:00",53,13,47,16,103,185.43333333333334,167.83333333333334
"2022-08-23 00:00:00",50,22,35,5,69,185.06666666666666,164.16666666666666
"2022-08-24 00:00:00",55,12,36,9,66,184.83333333333334,164.86666666666667
"2022-08-25 00:00:00",48,18,39,6,80,184.06666666666666,167.66666666666666
"2022-08-26 00:00:00",56,16,33,9,75,183.26666666666668,169.7
"2022-08-27 00:00:00",50,16,39,10,72,183.1,170.63333333333333
"2022-08-28 00:00:00",50,20,40,8,56,183.3,172
"2022-08-29 00:00:00",56,17,43,14,74,184.73333333333332,172.6
"2022-08-30 00:00:00",54,15,42,13,48,185.8,172.9
"2022-08-31 00:00:00",55,18,39,8,68,186.93333333333334,173.56666666666666
"2022-09-01 00:00:00",44,14,44,11,80,186.23333333333332,174.06666666666666
"2022-09-02 00:00:00",56,14,30,6,60,184.56666666666666,174.46666666666667
"2022-09-03 00:00:00",39,11,13,6,40,181.73333333333332,175.2
"2022-09-04 00:00:00",9,1,8,4,10,176.96666666666667,174.56666666666666
"2022-09-05 00:00:00",0,1,1,0,8,171.46666666666667,175.2
"2022-09-06 00:00:00",41,29,41,15,67,172.7,174.56666666666666
"2022-09-07 00:00:00",71,41,66,12,109,175.73333333333332,176.1
"2022-09-08 00:00:00",66,17,37,4,87,177,176.93333333333334
"2022-09-09 00:00:00",48,11,17,4,69,176.63333333333333,179.03333333333333
"2022-09-10 00:00:00",33,10,19,4,64,175.26666666666668,178.13333333333333
"2022-09-11 00:00:00",63,17,40,9,64,176,179.1
"2022-09-12 00:00:00",58,19,43,10,78,176.56666666666666,180.23333333333332
"2022-09-13 00:00:00",53,17,37,9,60,176.9,181.33333333333334
"2022-09-14 00:00:00",51,18,44,7,56,177.26666666666668,180.06666666666666
"2022-09-15 00:00:00",56,23,43,9,73,177.86666666666667,177.46666666666667
"2022-09-16 00:00:00",53,14,47,7,93,178.6,173.8
"2022-09-17 00:00:00",22,17,35,6,45,175.16666666666666,171.46666666666667
"2022-09-18 00:00:00",5,15,15,4,22,171,173.5
"2022-09-19 00:00:00",34,8,10,9,35,168.56666666666666,175.06666666666666
"2022-09-20 00:00:00",37,10,33,7,72,166.66666666666666,176.13333333333333
"2022-09-21 00:00:00",58,28,52,7,98,167.03333333333333,174.1
"2022-09-22 00:00:00",59,13,56,9,80,168.23333333333332,178.4
"2022-09-23 00:00:00",51,14,42,8,70,168.46666666666667,178.93333333333334
"2022-09-24 00:00:00",55,25,52,5,92,169.73333333333332,175.93333333333334
"2022-09-25 00:00:00",60,36,52,12,104,172.23333333333332,174.56666666666666
"2022-09-26 00:00:00",58,22,45,14,81,173.33333333333334,173.63333333333333
"2022-09-27 00:00:00",53,12,43,12,54,173.33333333333334,173.1
"2022-09-28 00:00:00",48,28,55,10,90,174.23333333333332,173.36666666666667
"2022-09-29 00:00:00",69,25,68,20,114,178.36666666666667,173.7
"2022-09-30 00:00:00",54,29,41,12,86,179.5,174.16666666666666
"2022-10-01 00:00:00",54,21,58,12,99,181.2,173.86666666666667
"2022-10-02 00:00:00",47,13,43,7,60,181.33333333333334,173.76666666666668
"2022-10-03 00:00:00",52,10,44,7,64,183.6,174.13333333333333
"2022-10-04 00:00:00",44,12,35,7,51,187.5,173.6
"2022-10-05 00:00:00",43,16,35,5,69,192.76666666666668,173.16666666666666
"2022-10-06 00:00:00",43,20,44,8,76,192.7,173.96666666666667
"2022-10-07 00:00:00",52,14,40,10,55,188.43333333333334,174.2
"2022-10-08 00:00:00",52,16,32,7,62,187.03333333333333,174.16666666666666
"2022-10-09 00:00:00",50,18,32,9,53,187.46666666666667,173.26666666666668
"2022-10-10 00:00:00",47,12,27,4,49,187.76666666666668,172.43333333333334
"2022-10-11 00:00:00",55,14,37,7,74,187.56666666666666,170.16666666666666
"2022-10-12 00:00:00",52,18,44,7,77,187.23333333333332,169.13333333333333
"2022-10-13 00:00:00",53,24,40,10,81,188.3,168.73333333333332
"2022-10-14 00:00:00",53,11,42,6,91,189.2,170.8
"2022-10-15 00:00:00",53,17,48,10,70,189,174
"2022-10-16 00:00:00",57,13,49,8,51,187.8,176.2
"2022-10-17 00:00:00",45,11,35,9,53,188.73333333333332,178.33333333333334
"2022-10-18 00:00:00",42,17,42,9,65,192.53333333333333,176.76666666666668
"2022-10-19 00:00:00",49,17,42,9,86,196.1,175.3
"2022-10-20 00:00:00",61,28,45,9,76,198.1,176.13333333333333
"2022-10-21 00:00:00",51,11,35,6,68,195.7,178.56666666666666
"2022-10-22 00:00:00",48,19,33,8,64,194.2,177.9
"2022-10-23 00:00:00",56,14,28,5,59,193.43333333333334,178.13333333333333
"2022-10-24 00:00:00",43,12,52,13,69,192.1,178.8
"2022-10-25 00:00:00",52,18,49,6,62,189.53333333333333,178.53333333333333
"2022-10-26 00:00:00",58,18,55,15,61,189.1,178.23333333333332
"2022-10-27 00:00:00",53,18,40,10,68,189.6,178.5
"2022-10-28 00:00:00",59,19,40,13,59,188.23333333333332,177.5
"2022-10-29 00:00:00",62,19,34,5,60,184.36666666666667,177.43333333333334
"2022-10-30 00:00:00",58,13,37,13,54,182.8,177.46666666666667
"2022-10-31 00:00:00",62,14,40,17,85,181.93333333333334,178.5
"2022-11-01 00:00:00",54,14,40,3,48,181.56666666666666,178.9
"2022-11-02 00:00:00",56,18,36,10,82,182.4,177.83333333333334
"2022-11-03 00:00:00",53,16,37,4,48,182.7,178.83333333333334
"2022-11-04 00:00:00",41,17,30,6,52,181.96666666666667,179.4
"2022-11-05 00:00:00",49,15,36,10,77,181.83333333333334,179.8
"2022-11-06 00:00:00",53,17,35,11,56,181.86666666666667,179.33333333333334
"2022-11-07 00:00:00",47,16,46,8,63,182.23333333333332,178.16666666666666
"2022-11-08 00:00:00",73,16,37,7,49,182.9,176.66666666666666
"2022-11-09 00:00:00",45,18,45,7,69,184.4,177.93333333333334
"2022-11-10 00:00:00",50,18,31,9,68,184.03333333333333,178.46666666666667
"2022-11-11 00:00:00",57,14,39,8,66,183.56666666666666,178.53333333333333
"2022-11-12 00:00:00",59,9,27,7,48,181.63333333333333,179.5
"2022-11-13 00:00:00",56,12,31,11,55,180.36666666666667,180.03333333333333
"2022-11-14 00:00:00",65,17,50,13,62,180.66666666666666,180.13333333333333
"2022-11-15 00:00:00",57,16,37,7,67,180.86666666666667,183.13333333333333
"2022-11-16 00:00:00",59,15,41,13,78,182.63333333333333,184.3
"2022-11-17 00:00:00",59,11,56,9,66,183.5,183.23333333333332
"2022-11-18 00:00:00",54,15,40,11,61,182.76666666666668,184.4
"2022-11-19 00:00:00",52,15,37,4,76,181.6,184.96666666666667
"2022-11-20 00:00:00",56,21,46,9,63,182.4,184.43333333333334
"2022-11-21 00:00:00",51,15,53,12,70,183.36666666666667,184.76666666666668
"2022-11-22 00:00:00",51,12,33,10,52,183.23333333333332,183.43333333333334
"2022-11-23 00:00:00",66,18,40,9,67,183.6,182.1
"2022-11-24 00:00:00",53,12,39,7,64,183.2,181.9
"2022-11-25 00:00:00",51,10,38,15,63,182.2,181.9
"2022-11-26 00:00:00",60,20,43,7,70,182.56666666666666,181.76666666666668
"2022-11-27 00:00:00",36,12,37,10,55,181.23333333333332,182.7
"2022-11-28 00:00:00",48,10,39,11,64,180.96666666666667,182.03333333333333
"2022-11-29 00:00:00",45,7,22,3,40,179.03333333333333,183.1
"2022-11-30 00:00:00",54,15,22,11,54,176.96666666666667,180.23333333333332
"2022-12-01 00:00:00",55,23,43,3,80,178.46666666666667,179.93333333333334
"2022-12-02 00:00:00",47,10,36,9,65,177.3,180.83333333333334
"2022-12-03 00:00:00",55,13,37,4,52,177.4,180.43333333333334
"2022-12-04 00:00:00",48,20,34,11,64,178.43333333333334,180.7
"2022-12-05 00:00:00",52,19,36,8,72,178.43333333333334,180.9
"2022-12-06 00:00:00",46,11,34,4,60,177.86666666666667,182.13333333333333
"2022-12-07 00:00:00",62,13,31,11,62,177.83333333333334,183.53333333333333
"2022-12-08 00:00:00",62,15,42,9,62,178.1,185.46666666666667
"2022-12-09 00:00:00",58,17,43,10,78,178.83333333333334,184.56666666666666
"2022-12-10 00:00:00",64,14,38,6,76,179.56666666666666,185.83333333333334
"2022-12-11 00:00:00",52,12,42,7,67,179.43333333333334,186.5
"2022-12-12 00:00:00",51,12,40,13,58,180.23333333333332,184.73333333333332
"2022-12-13 00:00:00",52,8,23,5,42,179.06666666666666,184.56666666666666
"2022-12-14 00:00:00",60,12,30,9,73,178.3,183.83333333333334
"2022-12-15 00:00:00",57,29,38,8,76,179.1,182.8
"2022-12-16 00:00:00",53,11,59,8,64,178.73333333333332,182.7
"2022-12-17 00:00:00",56,8,23,5,58,177.03333333333333,179.83333333333334
"2022-12-18 00:00:00",41,10,37,6,36,175.33333333333334,178.23333333333332
"2022-12-19 00:00:00",48,17,45,10,83,175.96666666666667,177.7
"2022-12-20 00:00:00",45,18,51,10,82,176.33333333333334,178.56666666666666
"2022-12-21 00:00:00",63,12,29,6,48,174.9,179.5
"2022-12-22 00:00:00",40,11,17,6,39,173.4,181
"2022-12-23 00:00:00",25,7,12,4,31,169.36666666666667,182.66666666666666
"2022-12-24 00:00:00",41,12,22,6,55,168.06666666666666,181.66666666666666
"2022-12-25 00:00:00",52,17,33,7,50,167.46666666666667,178.7
"2022-12-26 00:00:00",61,17,59,11,94,168.86666666666667,178.16666666666666
"2022-12-27 00:00:00",55,16,53,12,56,170.26666666666668,178.63333333333333
"2022-12-28 00:00:00",52,22,40,12,56,170.6,179.3
"2022-12-29 00:00:00",59,19,39,6,76,173.33333333333334,177.83333333333334
"2022-12-30 00:00:00",53,12,60,9,64,174.73333333333332,179.33333333333334
"2022-12-31 00:00:00",59,10,32,5,72,173.86666666666667,179.46666666666667
"2023-01-01 00:00:00",63,12,36,9,51,174,179.06666666666666
"2023-01-02 00:00:00",60,18,33,9,78,175.23333333333332,178.36666666666667
"2023-01-03 00:00:00",53,14,25,9,65,174.86666666666667,178.83333333333334
"2023-01-04 00:00:00",52,22,41,8,80,175.4,178.36666666666667
"2023-01-05 00:00:00",44,17,43,9,70,176.33333333333334,177.4
"2023-01-06 00:00:00",55,16,32,8,62,176.13333333333333,177.5
"2023-01-07 00:00:00",56,16,35,9,55,175.5,177.13333333333333
"2023-01-08 00:00:00",66,19,49,11,73,175.9,176.73333333333332
"2023-01-09 00:00:00",62,15,49,8,64,175.9,177.86666666666667
"2023-01-10 00:00:00",54,19,43,11,66,176.33333333333334,181.9
"2023-01-11 00:00:00",59,19,47,8,79,177.6,182.26666666666668
"2023-01-12 00:00:00",62,16,41,9,65,179.7,181.76666666666668
"2023-01-13 00:00:00",48,11,22,5,58,178.36666666666667,182.16666666666666
"2023-01-14 00:00:00",50,14,30,6,51,176.46666666666667,184.1
"2023-01-15 00:00:00",40,4,27,8,39,173.9,185
"2023-01-16 00:00:00",57,19,41,15,85,176.13333333333333,188.33333333333334
"2023-01-17 00:00:00",52,15,50,10,65,178.2,188.83333333333334
"2023-01-18 00:00:00",62,18,49,6,52,177.66666666666666,189.16666666666666
"2023-01-19 00:00:00",56,11,49,7,55,176.73333333333332,187.5
"2023-01-20 00:00:00",59,14,28,3,66,177.13333333333333,186.5
"2023-01-21 00:00:00",43,16,25,2,84,179.03333333333333,186.6
"2023-01-22 00:00:00",33,8,23,2,64,180.73333333333332,187.3
"2023-01-23 00:00:00",36,22,31,8,47,181,188.03333333333333
"2023-01-24 00:00:00",43,6,6,2,32,178.66666666666666,191.36666666666667
"2023-01-25 00:00:00",57,20,52,12,87,178.2,192.5
"2023-01-26 00:00:00",55,16,45,16,65,178.36666666666667,191.73333333333332
"2023-01-27 00:00:00",49,16,34,8,65,178.03333333333333,191.43333333333334
"2023-01-28 00:00:00",59,17,28,13,58,177.23333333333332,191.63333333333333
"2023-01-29 00:00:00",63,11,44,13,57,176.9,192.33333333333334
"2023-01-30 00:00:00",59,19,47,15,91,178.66666666666666,191.66666666666666
"2023-01-31 00:00:00",61,19,41,8,56,179.13333333333333,190.33333333333334
"2023-02-01 00:00:00",55,14,32,12,63,178.4,188.76666666666668
"2023-02-02 00:00:00",54,15,48,10,80,179.76666666666668,189.13333333333333
"2023-02-03 00:00:00",52,19,55,8,71,179.83333333333334,188.43333333333334
"2023-02-04 00:00:00",65,10,41,9,61,179.93333333333334,188.3
"2023-02-05 00:00:00",44,11,37,7,55,179.3,187.73333333333332
"2023-02-06 00:00:00",55,16,61,7,81,180.93333333333334,187.9
"2023-02-07 00:00:00",63,17,40,11,64,180.16666666666666,188.9
"2023-02-08 00:00:00",67,16,38,8,75,180.36666666666667,188.53333333333333
"2023-02-09 00:00:00",52,13,39,9,67,179.93333333333334,184.8
"2023-02-10 00:00:00",64,9,45,7,64,179.16666666666666,186.03333333333333
"2023-02-11 00:00:00",70,9,38,8,73,179.33333333333334,184.93333333333334
"2023-02-12 00:00:00",58,16,40,12,57,180.63333333333333,183.9
"2023-02-13 00:00:00",51,9,31,8,68,181.16666666666666,182.6
"2023-02-14 00:00:00",53,35,70,11,80,185.53333333333333,182.06666666666666
"2023-02-15 00:00:00",53,10,50,9,50,184.03333333333333,181.93333333333334
"2023-02-16 00:00:00",49,21,43,11,99,185.06666666666666,181.03333333333333
"2023-02-17 00:00:00",54,20,41,11,62,185.1,180.46666666666667
"2023-02-18 00:00:00",69,20,44,4,65,185.9,181.53333333333333
"2023-02-19 00:00:00",50,19,38,9,53,185.86666666666667,180.8
"2023-02-20 00:00:00",62,10,34,10,58,186,179.96666666666667
"2023-02-21 00:00:00",55,21,37,10,75,188.26666666666668,179.63333333333333
"2023-02-22 00:00:00",56,12,44,14,76,190.2,180.96666666666667
"2023-02-23 00:00:00",57,20,54,10,68,194.2,180.6
"2023-02-24 00:00:00",47,8,29,8,62,191.73333333333332,180.16666666666666
"2023-02-25 00:00:00",57,13,46,9,63,191.43333333333334,179.43333333333334
"2023-02-26 00:00:00",59,25,48,13,70,192.86666666666667,179.1
"2023-02-27 00:00:00",60,24,69,13,77,195.13333333333333,180.53333333333333
"2023-02-28 00:00:00",66,10,45,9,57,195.1,181.33333333333334
"2023-03-01 00:00:00",72,15,31,5,51,193.2,181.83333333333334
"2023-03-02 00:00:00",55,18,47,8,74,193.76666666666668,183.13333333333333
"2023-03-03 00:00:00",58,17,45,11,66,194.46666666666667,185.9
"2023-03-04 00:00:00",67,21,39,4,67,194.16666666666666,184.23333333333332
"2023-03-05 00:00:00",50,15,51,4,50,193,184.13333333333333
"2023-03-06 00:00:00",57,16,37,9,80,193.43333333333334,185.3
"2023-03-07 00:00:00",61,27,49,8,68,195.4,186.5
"2023-03-08 00:00:00",53,13,46,7,81,194.73333333333332,186
"2023-03-09 00:00:00",70,18,41,12,78,195.53333333333333,186.43333333333334
"2023-03-10 00:00:00",53,28,62,10,103,197.26666666666668,186.13333333333333
"2023-03-11 00:00:00",63,10,41,4,63,197.3,185.8
"2023-03-12 00:00:00",55,12,25,7,53,196.06666666666666,184.83333333333334
"2023-03-13 00:00:00",41,23,44,12,79,196.1,184.53333333333333
"2023-03-14 00:00:00",65,13,47,10,61,196.53333333333333,186.63333333333333
"2023-03-15 00:00:00",63,22,44,11,76,198.16666666666666,189.73333333333332
"2023-03-16 00:00:00",65,13,47,8,71,196.66666666666666,190.33333333333334
"2023-03-17 00:00:00",54,6,52,8,59,196.9,188.66666666666666
"2023-03-18 00:00:00",73,19,36,10,81,196.76666666666668,188.73333333333332
"2023-03-19 00:00:00",43,10,43,7,46,195.46666666666667,189.83333333333334
"2023-03-20 00:00:00",53,15,58,19,97,196.8,190.2
"2023-03-21 00:00:00",58,15,46,6,63,197.43333333333334,191.63333333333333
"2023-03-22 00:00:00",65,14,49,10,73,198.66666666666666,192.26666666666668
"2023-03-23 00:00:00",55,11,27,11,65,197.7,191
"2023-03-24 00:00:00",54,14,39,10,71,197.23333333333332,190.66666666666666
"2023-03-25 00:00:00",73,19,33,7,67,196.9,188.9
"2023-03-26 00:00:00",55,15,49,6,64,198.06666666666666,187.53333333333333
"2023-03-27 00:00:00",52,17,56,12,78,198.96666666666667,189.43333333333334
"2023-03-28 00:00:00",56,14,41,13,69,198.23333333333332,191.23333333333332
"2023-03-29 00:00:00",75,20,45,15,76,197.83333333333334,191.33333333333334
"2023-03-30 00:00:00",61,27,54,9,75,199.13333333333333,190.16666666666666
"2023-03-31 00:00:00",57,20,43,12,74,200.2,190.46666666666667
"2023-04-01 00:00:00",73,12,43,8,69,200.3,190.5
"2023-04-02 00:00:00",44,11,28,10,44,198.3,189.93333333333334
"2023-04-03 00:00:00",60,24,53,13,71,199.06666666666666,190.3
"2023-04-04 00:00:00",56,12,45,10,65,199.66666666666666,193.26666666666668
"2023-04-05 00:00:00",49,6,22,11,40,197.3,192.4
"2023-04-06 00:00:00",66,11,45,12,72,197.06666666666666,191.7
"2023-04-07 00:00:00",57,16,39,11,81,197.2,192.33333333333334
"2023-04-08 00:00:00",71,16,33,11,82,197,193.63333333333333
"2023-04-09 00:00:00",60,18,37,9,60,194.6,194.4
"2023-04-10 00:00:00",52,21,33,9,59,194.36666666666667,194.63333333333333
"2023-04-11 00:00:00",53,14,31,13,57,194.9,196.06666666666666
"2023-04-12 00:00:00",61,15,69,13,98,196.8,197.63333333333333
"2023-04-13 00:00:00",62,25,53,9,105,198.73333333333332,195.56666666666666
"2023-04-14 00:00:00",80,14,41,10,61,198.4,191.16666666666666
"2023-04-15 00:00:00",66,11,41,14,64,198.13333333333333,189.66666666666666
"2023-04-16 00:00:00",59,14,41,13,70,198.73333333333332,192
"2023-04-17 00:00:00",42,14,40,10,71,197.33333333333334,194.1
"2023-04-18 00:00:00",52,14,36,3,63,197.96666666666667,196.16666666666666
"2023-04-19 00:00:00",64,20,34,6,63,196.13333333333333,197.03333333333333
"2023-04-20 00:00:00",54,14,41,10,53,195.6,197.83333333333334
"2023-04-21 00:00:00",45,18,27,6,62,193.83333333333334,197.5
"2023-04-22 00:00:00",60,16,38,4,64,194.26666666666668,197.7
"2023-04-23 00:00:00",59,17,53,11,59,194.63333333333333,196.46666666666667
"2023-04-24 00:00:00",66,21,48,7,54,194.53333333333333,197.83333333333334
"2023-04-25 00:00:00",64,8,41,10,65,194.5,200.06666666666666
"2023-04-26 00:00:00",75,17,50,10,71,194.76666666666668,198.4
"2023-04-27 00:00:00",59,17,45,10,77,195.26666666666668,199.36666666666667
"2023-04-28 00:00:00",55,15,36,15,66,193.8,198.6
"2023-04-29 00:00:00",69,19,39,9,55,192.63333333333333,197.36666666666667
"2023-04-30 00:00:00",58,21,38,7,60,191.9,197.4
"2023-05-01 00:00:00",65,17,57,9,88,192.93333333333334,197.76666666666668
"2023-05-02 00:00:00",61,23,53,6,70,195.46666666666667,199.56666666666666
"2023-05-03 00:00:00",54,18,39,10,68,194.4,203.2
"2023-05-04 00:00:00",55,12,28,4,48,193.03333333333333,201.53333333333333
"2023-05-05 00:00:00",27,8,17,4,31,191.66666666666666,201.73333333333332
"2023-05-06 00:00:00",74,12,25,12,66,191.1,201.1
"2023-05-07 00:00:00",69,15,29,12,50,190.13333333333333,200.53333333333333
"2023-05-08 00:00:00",76,30,62,12,126,193.23333333333332,199.3
"2023-05-09 00:00:00",63,19,50,6,75,194.2,199.03333333333333
"2023-05-10 00:00:00",58,25,51,15,84,196.16666666666666,199.03333333333333
"2023-05-11 00:00:00",70,23,59,8,68,198.16666666666666,197.96666666666667
"2023-05-12 00:00:00",57,15,42,12,69,196.13333333333333,201.03333333333333
"2023-05-13 00:00:00",59,12,39,4,50,193.13333333333333,201.4
"2023-05-14 00:00:00",50,22,42,8,83,193.1,202.96666666666667
"2023-05-15 00:00:00",50,29,59,16,111,195.4,202.36666666666667
"2023-05-16 00:00:00",63,18,51,10,98,196.83333333333334,202.23333333333332
"2023-05-17 00:00:00",61,20,43,8,72,197.73333333333332,203
"2023-05-18 00:00:00",58,13,39,9,63,198.2,201.1
"2023-05-19 00:00:00",58,12,34,12,59,197.8,200.9
"2023-05-20 00:00:00",55,15,40,9,78,198.63333333333333,199.96666666666667
"2023-05-21 00:00:00",56,14,48,11,62,199.73333333333332,200.36666666666667
"2023-05-22 00:00:00",55,13,46,14,74,200.4,201.66666666666666
"2023-05-23 00:00:00",67,31,49,6,87,201.76666666666668,204.3
"2023-05-24 00:00:00",65,21,62,9,102,203.86666666666667,204.8
"2023-05-25 00:00:00",59,18,51,15,66,204.56666666666666,204.63333333333333
"2023-05-26 00:00:00",59,15,32,12,60,203.06666666666666,205.4
"2023-05-27 00:00:00",54,15,36,14,63,202.2,203.7
"2023-05-28 00:00:00",50,9,31,11,60,201.33333333333334,205.26666666666668
"2023-05-29 00:00:00",52,19,46,9,54,200.96666666666667,206.9
"2023-05-30 00:00:00",64,21,53,16,93,203.06666666666666,206.6
"2023-05-31 00:00:00",67,24,73,11,53,202.8,208.23333333333332
"2023-06-01 00:00:00",51,20,43,9,51,201.5,207.33333333333334
"2023-06-02 00:00:00",58,17,45,9,90,202.5,205.46666666666667
"2023-06-03 00:00:00",62,21,40,9,88,204.93333333333334,205.33333333333334
"2023-06-04 00:00:00",44,14,47,9,68,208.1,205.13333333333333
"2023-06-05 00:00:00",57,13,42,14,69,208.3,204.33333333333334
"2023-06-06 00:00:00",60,17,38,12,60,208.7,204.23333333333332
"2023-06-07 00:00:00",66,29,61,12,93,207.2,202.63333333333333
"2023-06-08 00:00:00",55,16,46,10,63,206.43333333333334,202.86666666666667
"2023-06-09 00:00:00",60,10,42,13,73,205.26666666666668,205.4
"2023-06-10 00:00:00",62,9,37,10,60,203.6,205.46666666666667
"2023-06-11 00:00:00",50,15,46,11,41,202.53333333333333,201.36666666666667
"2023-06-12 00:00:00",62,15,46,12,68,203.83333333333334,202.03333333333333
"2023-06-13 00:00:00",54,8,43,8,50,202.43333333333334,200.7
"2023-06-14 00:00:00",61,17,43,14,61,200.13333333333333,201
"2023-06-15 00:00:00",58,13,40,10,67,198.4,200.46666666666667
"2023-06-16 00:00:00",56,26,47,10,107,199.8,200.06666666666666
"2023-06-17 00:00:00",64,13,40,10,80,200.63333333333333,200.06666666666666
"2023-06-18 00:00:00",51,24,54,13,70,201.86666666666667,199.13333333333333
"2023-06-19 00:00:00",63,24,51,13,85,203.16666666666666,198.7
"2023-06-20 00:00:00",68,13,43,4,66,203.26666666666668,197.73333333333332
"2023-06-21 00:00:00",61,17,37,10,52,202.43333333333334,197.63333333333333
"2023-06-22 00:00:00",55,16,36,12,74,200.86666666666667,195.7
"2023-06-23 00:00:00",55,10,46,10,70,198.6,194.5
"2023-06-24 00:00:00",59,14,42,10,68,198.06666666666666,193.76666666666668
"2023-06-25 00:00:00",59,18,41,11,56,198.3,194.7
"2023-06-26 00:00:00",54,12,37,15,46,197.7,193.5
"2023-06-27 00:00:00",56,19,44,12,70,199.03333333333333,190.36666666666667
"2023-06-28 00:00:00",62,16,42,11,72,199.8,188.83333333333334
"2023-06-29 00:00:00",58,12,42,10,52,197.36666666666667,189.93333333333334
"2023-06-30 00:00:00",59,14,49,11,58,196.13333333333333,188.76666666666668
"2023-07-01 00:00:00",64,22,43,10,76,197.5,190.76666666666668
"2023-07-02 00:00:00",55,15,48,6,61,196.36666666666667,189.8
"2023-07-03 00:00:00",53,17,40,12,72,195.5,188.76666666666668
"2023-07-04 00:00:00",52,8,37,6,58,194.8,188.9
"2023-07-05 00:00:00",74,25,62,17,115,198.06666666666666,190.06666666666666
"2023-07-06 00:00:00",58,22,48,9,77,198.96666666666667,189.9
"2023-07-07 00:00:00",62,13,39,13,54,196.3,190.56666666666666
"2023-07-08 00:00:00",50,9,38,5,66,195.56666666666666,189.6
"2023-07-09 00:00:00",58,12,29,8,48,194.13333333333333,186.46666666666667
"2023-07-10 00:00:00",43,17,38,11,69,194.13333333333333,185.73333333333332
"2023-07-11 00:00:00",59,16,43,10,72,195.36666666666667,185.76666666666668
"2023-07-12 00:00:00",64,16,39,11,46,194.46666666666667,185.3
"2023-07-13 00:00:00",66,15,29,7,54,194.73333333333332,185.5
"2023-07-14 00:00:00",35,8,31,6,50,192.53333333333333,186.33333333333334
"2023-07-15 00:00:00",51,15,33,7,72,192.2,186.33333333333334
"2023-07-16 00:00:00",62,14,40,7,46,189.63333333333333,184.63333333333333
"2023-07-17 00:00:00",53,19,48,8,78,189.6,184.16666666666666
"2023-07-18 00:00:00",61,11,44,8,74,189.13333333333333,184.16666666666666
"2023-07-19 00:00:00",74,22,43,11,76,188.8,184.43333333333334
"2023-07-20 00:00:00",68,30,55,14,105,191.4,186.76666666666668
"2023-07-21 00:00:00",64,23,39,10,71,192.4,185.43333333333334
"2023-07-22 00:00:00",66,14,46,9,65,192.63333333333333,184.76666666666668
"2023-07-23 00:00:00",54,12,45,11,68,192.6,185.93333333333334
"2023-07-24 00:00:00",62,14,44,17,68,193,186.16666666666666
"2023-07-25 00:00:00",66,14,39,15,87,194.2,184.86666666666667
"2023-07-26 00:00:00",62,19,39,12,71,195.5,186.23333333333332
"2023-07-27 00:00:00",52,23,56,14,89,196.6,188.1
"2023-07-28 00:00:00",57,17,39,18,76,196.73333333333332,189.73333333333332
"2023-07-29 00:00:00",56,19,44,17,68,197.73333333333332,188.2
"2023-07-30 00:00:00",54,16,42,9,56,197.26666666666668,186.76666666666668
"2023-07-31 00:00:00",58,21,42,11,68,196.76666666666668,182.6
"2023-08-01 00:00:00",56,26,50,8,66,197.46666666666667,180.86666666666667
"2023-08-02 00:00:00",69,24,30,7,66,197.53333333333333,182.56666666666666
"2023-08-03 00:00:00",64,16,39,4,62,198.33333333333334,183.3
"2023-08-04 00:00:00",56,14,41,3,64,194.5,184
"2023-08-05 00:00:00",53,17,30,8,55,192.8,184.3
"2023-08-06 00:00:00",41,16,39,6,64,192.3,184.03333333333333
"2023-08-07 00:00:00",66,22,33,8,58,192.93333333333334,183.06666666666666
"2023-08-08 00:00:00",17,9,15,3,27,190.13333333333333,184.53333333333333
"2023-08-09 00:00:00",3,1,1,0,3,184.46666666666667,184.83333333333334
"2023-08-10 00:00:00",41,11,16,5,27,181.13333333333333,184.33333333333334
"2023-08-11 00:00:00",91,43,79,13,161,188.16666666666666,184.16666666666666
"2023-08-12 00:00:00",86,21,52,10,79,190.73333333333332,184.5
"2023-08-13 00:00:00",54,19,55,10,64,193.13333333333333,184.53333333333333
"2023-08-14 00:00:00",69,16,45,9,67,194.06666666666666,183.4
"2023-08-15 00:00:00",67,18,26,8,65,194.56666666666666,183.13333333333333
"2023-08-16 00:00:00",58,14,50,12,67,194.4,182.66666666666666
"2023-08-17 00:00:00",44,19,42,8,71,193.93333333333334,182.93333333333334
"2023-08-18 00:00:00",67,13,30,8,73,192.76666666666668,183.96666666666667
"2023-08-19 00:00:00",59,14,46,5,58,189.76666666666668,182.5
"2023-08-20 00:00:00",53,23,46,9,77,189.8,182.26666666666668
"2023-08-21 00:00:00",58,25,53,12,87,190.96666666666667,184.03333333333333
"2023-08-22 00:00:00",58,12,28,12,64,190.43333333333334,185.43333333333334
"2023-08-23 00:00:00",61,11,30,9,74,189.76666666666668,185.06666666666666
"2023-08-24 00:00:00",60,20,42,7,70,189.03333333333333,184.83333333333334
"2023-08-25 00:00:00",68,19,58,9,84,190.2,184.06666666666666
"2023-08-26 00:00:00",65,28,33,11,65,189.13333333333333,183.26666666666668
"2023-08-27 00:00:00",57,17,56,11,65,189.1,183.1
"2023-08-28 00:00:00",61,13,50,12,55,188.66666666666666,183.3
"2023-08-29 00:00:00",68,11,37,11,63,189.1,184.73333333333332
"2023-08-30 00:00:00",71,19,30,12,63,188.93333333333334,185.8
"2023-08-31 00:00:00",59,17,43,14,76,189.03333333333333,186.93333333333334
"2023-09-01 00:00:00",70,11,43,7,69,189.16666666666666,186.23333333333332
"2023-09-02 00:00:00",61,18,35,8,65,189.23333333333332,184.56666666666666
"2023-09-03 00:00:00",51,22,39,8,75,189.8,181.73333333333332
"2023-09-04 00:00:00",63,9,54,9,71,191.23333333333332,176.96666666666667
"2023-09-05 00:00:00",59,17,45,9,62,192.1,171.46666666666667
"2023-09-06 00:00:00",67,16,50,9,55,192.43333333333334,172.7
"2023-09-07 00:00:00",53,8,37,3,65,195.6,175.73333333333332
"2023-09-08 00:00:00",64,20,43,7,80,202.46666666666667,177
"2023-09-09 00:00:00",61,16,38,8,70,205.56666666666666,176.63333333333333
"2023-09-10 00:00:00",65,19,38,8,66,199.2,175.26666666666668
"2023-09-11 00:00:00",56,26,41,15,65,197.7,176
"2023-09-12 00:00:00",62,18,41,8,80,197.93333333333334,176.56666666666666
"2023-09-13 00:00:00",58,13,37,6,61,196.9,176.9
"2023-09-14 00:00:00",58,15,42,11,71,197.33333333333334,177.26666666666668
"2023-09-15 00:00:00",70,10,35,9,56,196.63333333333333,177.86666666666667
"2023-09-16 00:00:00",67,16,35,9,68,197,178.6
"2023-09-17 00:00:00",62,14,46,11,59,197.03333333333333,175.16666666666666
"2023-09-18 00:00:00",65,22,40,6,76,197.93333333333334,171
"2023-09-19 00:00:00",56,18,50,9,72,197.83333333333334,168.56666666666666
"2023-09-20 00:00:00",46,7,17,5,55,194.33333333333334,166.66666666666666
"2023-09-21 00:00:00",75,20,36,12,62,195.36666666666667,167.03333333333333
"2023-09-22 00:00:00",59,19,35,12,69,195.66666666666666,168.23333333333332
"2023-09-23 00:00:00",72,14,42,14,68,196.03333333333333,168.46666666666667
"2023-09-24 00:00:00",59,14,40,9,57,194.06666666666666,169.73333333333332
"2023-09-25 00:00:00",63,25,52,12,84,195.2,172.23333333333332
"2023-09-26 00:00:00",66,15,30,11,75,194.9,173.33333333333334
"2023-09-27 00:00:00",68,12,27,5,60,194.26666666666668,173.33333333333334
"2023-09-28 00:00:00",45,10,23,4,67,192.9,174.23333333333332
"2023-09-29 00:00:00",46,7,18,5,47,190.5,178.36666666666667
"2023-09-30 00:00:00",53,13,34,6,56,188.93333333333334,179.5
"2023-10-01 00:00:00",64,15,32,4,60,188.1,181.2
"2023-10-02 00:00:00",63,16,34,7,74,188.33333333333334,181.33333333333334
"2023-10-03 00:00:00",69,18,45,10,54,188.36666666666667,183.6
"2023-10-04 00:00:00",56,13,41,10,57,187.4,187.5
"2023-10-05 00:00:00",47,7,48,12,61,186.83333333333334,192.76666666666668
"2023-10-06 00:00:00",54,19,37,15,69,186.73333333333332,192.7
"2023-10-07 00:00:00",50,18,34,13,56,186.9,188.43333333333334
"2023-10-08 00:00:00",42,13,33,11,71,185.43333333333334,187.03333333333333
"2023-10-09 00:00:00",50,19,44,11,70,185.46666666666667,187.46666666666667
"2023-10-10 00:00:00",56,12,39,8,67,185,187.76666666666668
"2023-10-11 00:00:00",59,12,35,5,71,184.3,187.56666666666666
"2023-10-12 00:00:00",69,9,43,11,70,184.06666666666666,187.23333333333332
"2023-10-13 00:00:00",67,13,43,10,68,184.93333333333334,188.3
"2023-10-14 00:00:00",54,8,33,7,53,183.53333333333333,189.2
"2023-10-15 00:00:00",59,11,50,9,51,183.53333333333333,189
"2023-10-16 00:00:00",54,12,44,8,66,183.16666666666666,187.8
"2023-10-17 00:00:00",67,18,34,7,70,183.3,188.73333333333332
"2023-10-18 00:00:00",59,30,51,12,107,184.96666666666667,192.53333333333333
"2023-10-19 00:00:00",61,11,39,7,68,184.33333333333334,196.1
"2023-10-20 00:00:00",54,8,37,8,48,185.16666666666666,198.1
"2023-10-21 00:00:00",63,19,34,6,79,185.03333333333333,195.7
"2023-10-22 00:00:00",53,10,56,5,66,184.9,194.2
"2023-10-23 00:00:00",56,20,47,11,67,184.6,193.43333333333334
"2023-10-24 00:00:00",61,17,41,11,65,185.13333333333333,192.1
"2023-10-25 00:00:00",66,13,53,10,73,184.43333333333334,189.53333333333333
"2023-10-26 00:00:00",59,18,50,6,73,184.73333333333332,189.1
"2023-10-27 00:00:00",54,10,50,7,69,185.33333333333334,189.6
"2023-10-28 00:00:00",64,13,36,12,65,186.7,188.23333333333332
"2023-10-29 00:00:00",58,14,41,8,51,188.33333333333334,184.36666666666667
"2023-10-30 00:00:00",47,14,51,10,65,189.16666666666666,182.8
"2023-10-31 00:00:00",65,27,45,15,116,192.26666666666668,181.93333333333334
"2023-11-01 00:00:00",74,21,48,11,89,193.9,181.56666666666666
"2023-11-02 00:00:00",62,20,51,13,89,195.2,182.4
"2023-11-03 00:00:00",65,14,35,7,67,195.56666666666666,182.7
"2023-11-04 00:00:00",64,9,29,4,57,195.16666666666666,181.96666666666667
"2023-11-05 00:00:00",53,5,39,1,44,193.43333333333334,181.83333333333334
"2023-11-06 00:00:00",36,5,17,2,38,191,181.86666666666667
"2023-11-07 00:00:00",54,19,51,16,94,193.13333333333333,182.23333333333332
"2023-11-08 00:00:00",69,17,39,8,78,193.7,182.9
"2023-11-09 00:00:00",71,5,47,3,49,193.46666666666667,184.4
"2023-11-10 00:00:00",62,9,24,8,53,192.6,184.03333333333333
"2023-11-11 00:00:00",54,18,37,8,75,192.26666666666668,183.56666666666666
"2023-11-12 00:00:00",54,13,42,8,42,190.86666666666667,181.63333333333333
"2023-11-13 00:00:00",59,12,43,8,84,192.56666666666666,180.36666666666667
"2023-11-14 00:00:00",62,12,34,8,79,193.06666666666666,180.66666666666666
"2023-11-15 00:00:00",69,20,45,7,66,193.83333333333334,180.86666666666667
"2023-11-16 00:00:00",57,14,47,11,62,193.66666666666666,182.63333333333333
"2023-11-17 00:00:00",60,4,19,5,50,189.63333333333333,183.5
"2023-11-18 00:00:00",49,3,14,11,53,187.76666666666668,182.76666666666668
"2023-11-19 00:00:00",57,12,44,10,67,188.93333333333334,181.6
"2023-11-20 00:00:00",55,29,55,11,100,190.56666666666666,182.4
"2023-11-21 00:00:00",53,24,56,12,112,192.8,183.36666666666667
"2023-11-22 00:00:00",59,16,43,15,64,192.66666666666666,183.23333333333332
"2023-11-23 00:00:00",60,17,43,3,49,191.9,183.6
"2023-11-24 00:00:00",65,9,21,7,55,189.96666666666667,183.2
"2023-11-25 00:00:00",59,19,48,15,66,190,182.2
"2023-11-26 00:00:00",52,11,47,11,53,189.46666666666667,182.56666666666666
"2023-11-27 00:00:00",56,16,48,14,68,189.86666666666667,181.23333333333332
"2023-11-28 00:00:00",65,18,45,11,54,190.56666666666666,180.96666666666667
"2023-11-29 00:00:00",58,16,45,12,57,190.6,179.03333333333333
"2023-11-30 00:00:00",70,11,45,12,70,188.6,176.96666666666667
"2023-12-01 00:00:00",50,16,45,5,71,186.73333333333332,178.46666666666667
"2023-12-02 00:00:00",67,14,30,8,56,184.73333333333332,177.3
"2023-12-03 00:00:00",63,20,50,5,68,185.33333333333334,177.4
"2023-12-04 00:00:00",69,18,43,12,79,187.26666666666668,178.43333333333334
"2023-12-05 00:00:00",44,10,46,3,61,188,178.43333333333334
"2023-12-06 00:00:00",67,14,26,9,63,190.7,177.86666666666667
"2023-12-07 00:00:00",65,17,48,10,65,189.73333333333332,177.83333333333334
"2023-12-08 00:00:00",53,12,31,8,68,188.43333333333334,178.1
"2023-12-09 00:00:00",61,14,47,10,64,189.13333333333333,178.83333333333334
"2023-12-10 00:00:00",57,18,34,10,61,189.93333333333334,179.56666666666666
"2023-12-11 00:00:00",52,10,27,12,50,188.56666666666666,179.43333333333334
"2023-12-12 00:00:00",57,12,34,5,55,188.7,180.23333333333332
"2023-12-13 00:00:00",71,18,37,11,83,189.16666666666666,179.06666666666666
"2023-12-14 00:00:00",53,14,45,10,70,189.06666666666666,178.3
"2023-12-15 00:00:00",64,9,23,6,61,187.6,179.1
"2023-12-16 00:00:00",46,4,19,1,43,185,178.73333333333332
"2023-12-17 00:00:00",38,10,26,13,72,185.7,177.03333333333333
"2023-12-18 00:00:00",50,17,49,14,79,188.33333333333334,175.33333333333334
"2023-12-19 00:00:00",48,10,44,6,57,187.5,175.96666666666667
"2023-12-20 00:00:00",54,5,31,13,47,184.16666666666666,176.33333333333334
"2023-12-21 00:00:00",49,10,19,7,41,179.8,174.9
"2023-12-22 00:00:00",54,21,40,11,58,179.36666666666667,173.4
"2023-12-23 00:00:00",60,14,46,8,87,180.8,169.36666666666667
"2023-12-24 00:00:00",66,13,45,10,67,182.26666666666668,168.06666666666666
"2023-12-25 00:00:00",68,18,44,12,77,182.66666666666666,167.46666666666667
"2023-12-26 00:00:00",48,14,48,10,74,183.33333333333334,168.86666666666667
"2023-12-27 00:00:00",56,10,51,11,69,183.16666666666666,170.26666666666668
"2023-12-28 00:00:00",57,21,58,14,74,184.2,170.6
"2023-12-29 00:00:00",59,14,45,9,76,184.7,173.33333333333334
"2023-12-30 00:00:00",43,9,34,13,62,183.13333333333333,174.73333333333332
"2023-12-31 00:00:00",54,11,21,8,61,182.06666666666666,173.86666666666667
"2024-01-01 00:00:00",54,11,39,5,70,182.2,174
"2024-01-02 00:00:00",57,24,48,7,67,182.1,175.23333333333332
"2024-01-03 00:00:00",64,7,41,7,75,181.2,174.86666666666667
"2024-01-04 00:00:00",60,17,50,7,75,182.7,175.4
"2024-01-05 00:00:00",61,13,36,9,64,182.83333333333334,176.33333333333334
"2024-01-06 00:00:00",62,15,31,5,71,182.13333333333333,176.13333333333333
"2024-01-07 00:00:00",54,9,40,5,64,182.13333333333333,175.5
"2024-01-08 00:00:00",51,14,44,11,79,182.23333333333332,175.9
"2024-01-09 00:00:00",61,14,35,5,64,182.2,175.9
"2024-01-10 00:00:00",54,14,44,9,49,182.83333333333334,176.33333333333334
"2024-01-11 00:00:00",59,14,40,8,84,184.23333333333332,177.6
"2024-01-12 00:00:00",69,15,37,13,56,183.23333333333332,179.7
"2024-01-13 00:00:00",65,6,34,7,85,183.4,178.36666666666667
"2024-01-14 00:00:00",54,13,51,9,60,184.2,176.46666666666667
"2024-01-15 00:00:00",65,21,37,11,62,186.96666666666667,173.9
"2024-01-16 00:00:00",52,14,46,10,64,187.86666666666667,176.13333333333333
"2024-01-17 00:00:00",56,13,44,6,73,187.3,178.2
"2024-01-18 00:00:00",50,10,28,5,79,187.53333333333333,177.66666666666666
"2024-01-19 00:00:00",56,14,21,6,52,187.5,176.73333333333332
"2024-01-20 00:00:00",60,11,15,11,58,188.46666666666667,177.13333333333333
"2024-01-21 00:00:00",56,21,56,11,69,189.43333333333334,179.03333333333333
"2024-01-22 00:00:00",50,10,37,9,64,187.93333333333334,180.73333333333332
"2024-01-23 00:00:00",33,2,19,2,33,184.2,181
"2024-01-24 00:00:00",45,5,18,7,35,180.56666666666666,178.66666666666666
"2024-01-25 00:00:00",56,28,62,13,94,182.53333333333333,178.2
"2024-01-26 00:00:00",57,17,64,11,66,183.13333333333333,178.36666666666667
"2024-01-27 00:00:00",62,15,40,17,56,182,178.03333333333333
"2024-01-28 00:00:00",61,18,47,11,66,182,177.23333333333332
"2024-01-29 00:00:00",63,22,50,13,97,184.8,176.9
"2024-01-30 00:00:00",60,14,43,11,78,186.5,178.66666666666666
"2024-01-31 00:00:00",66,17,39,9,68,187.16666666666666,179.13333333333333
"2024-02-01 00:00:00",47,11,33,4,52,185.3,178.4
"2024-02-02 00:00:00",53,15,51,10,65,185.3,179.76666666666668
"2024-02-03 00:00:00",65,15,33,8,66,184.56666666666666,179.83333333333334
"2024-02-04 00:00:00",55,14,38,12,59,184.4,179.93333333333334
"2024-02-05 00:00:00",40,11,27,6,67,183.3,179.3
"2024-02-06 00:00:00",61,18,51,13,86,185.2,180.93333333333334
"2024-02-07 00:00:00",57,18,47,12,80,185.7,180.16666666666666
"2024-02-08 00:00:00",66,14,37,5,67,186.03333333333333,180.36666666666667
"2024-02-09 00:00:00",39,10,32,0,62,185.13333333333333,179.93333333333334
"2024-02-10 00:00:00",35,6,23,1,54,182.26666666666668,179.16666666666666
"2024-02-11 00:00:00",54,19,25,5,55,181.2,179.33333333333334
"2024-02-12 00:00:00",65,13,41,9,81,181.6,180.63333333333333
"2024-02-13 00:00:00",53,19,48,12,71,182.13333333333333,181.16666666666666
"2024-02-14 00:00:00",45,12,39,6,64,181.13333333333333,185.53333333333333
"2024-02-15 00:00:00",62,15,25,6,67,180.76666666666668,184.03333333333333
"2024-02-16 00:00:00",59,17,44,8,83,181.4,185.06666666666666
"2024-02-17 00:00:00",58,20,54,11,80,183.1,185.1
"2024-02-18 00:00:00",58,9,35,6,59,183.7,185.9
"2024-02-19 00:00:00",45,17,29,8,64,183.96666666666667,185.86666666666667
"2024-02-20 00:00:00",39,10,28,13,62,181.93333333333334,186
"2024-02-21 00:00:00",41,9,18,11,46,180.43333333333334,188.26666666666668
"2024-02-22 00:00:00",53,13,18,9,44,182.03333333333333,190.2
"2024-02-23 00:00:00",61,13,34,11,59,184.3,194.2
"2024-02-24 00:00:00",63,13,38,11,97,183.26666666666668,191.73333333333332
"2024-02-25 00:00:00",55,19,44,16,70,182.9,191.43333333333334
"2024-02-26 00:00:00",59,18,56,11,52,183.1,192.86666666666667
"2024-02-27 00:00:00",55,17,47,14,74,183.23333333333332,195.13333333333333
"2024-02-28 00:00:00",66,13,48,12,83,182.46666666666667,195.1
"2024-02-29 00:00:00",56,15,56,6,100,183.36666666666667,193.2
"2024-03-01 00:00:00",63,20,38,4,74,183.36666666666667,193.76666666666668
"2024-03-02 00:00:00",60,9,40,7,86,185.2,194.46666666666667
"2024-03-03 00:00:00",58,17,48,5,87,185.9,194.16666666666666
"2024-03-04 00:00:00",67,15,51,6,105,187.8,193
"2024-03-05 00:00:00",55,9,24,11,64,187.3,193.43333333333334
"2024-03-06 00:00:00",55,15,37,5,76,188.53333333333333,195.4
"2024-03-07 00:00:00",57,16,48,6,104,188.6,194.73333333333332
"2024-03-08 00:00:00",62,14,32,9,92,188.43333333333334,195.53333333333333
"2024-03-09 00:00:00",66,15,35,9,86,189.16666666666666,197.26666666666668
"2024-03-10 00:00:00",55,16,55,10,74,191.4,197.3
"2024-03-11 00:00:00",66,17,44,9,112,195.7,196.06666666666666
"2024-03-12 00:00:00",65,12,47,9,71,197.23333333333332,196.1
"2024-03-13 00:00:00",62,11,41,9,92,197.43333333333334,196.53333333333333
"2024-03-14 00:00:00",59,13,55,8,96,198.36666666666667,198.16666666666666
"2024-03-15 00:00:00",57,16,59,9,76,200.06666666666666,196.66666666666666
"2024-03-16 00:00:00",55,19,39,3,78,200.7,196.9
"2024-03-17 00:00:00",55,15,34,8,77,199.96666666666667,196.76666666666668
"2024-03-18 00:00:00",52,15,65,11,97,200.53333333333333,195.46666666666667
"2024-03-19 00:00:00",62,9,35,6,63,200.8,196.8
"2024-03-20 00:00:00",68,9,38,7,80,202.1,197.43333333333334
"2024-03-21 00:00:00",55,23,51,9,103,205.06666666666666,198.66666666666666
"2024-03-22 00:00:00",55,14,26,7,47,205.86666666666667,197.7
"2024-03-23 00:00:00",69,18,47,12,95,209.33333333333334,197.23333333333332
"2024-03-24 00:00:00",47,13,46,7,70,209.5,196.9
"2024-03-25 00:00:00",42,13,38,10,70,207.86666666666667,198.06666666666666
"2024-03-26 00:00:00",60,11,39,15,86,208.1,198.96666666666667
"2024-03-27 00:00:00",67,19,48,21,123,210.83333333333334,198.23333333333332
"2024-03-28 00:00:00",54,16,46,7,62,210.1,197.83333333333334
"2024-03-29 00:00:00",60,9,45,15,87,209.9,199.13333333333333
"2024-03-30 00:00:00",57,30,57,20,94,210.73333333333332,200.2
"2024-03-31 00:00:00",57,23,51,11,77,211.4,200.3
"2024-04-01 00:00:00",54,18,62,12,86,212.4,198.3
"2024-04-02 00:00:00",58,15,44,8,80,212.06666666666666,199.06666666666666
"2024-04-03 00:00:00",61,14,31,7,71,210.06666666666666,199.66666666666666
"2024-04-04 00:00:00",60,5,47,6,90,211.56666666666666,197.3
"2024-04-05 00:00:00",58,27,43,8,102,213.23333333333332,197.06666666666666
"2024-04-06 00:00:00",57,16,51,10,88,212.93333333333334,197.2
"2024-04-07 00:00:00",48,17,49,8,79,212.66666666666666,197
"2024-04-08 00:00:00",47,16,53,9,75,212.3,194.6
"2024-04-09 00:00:00",56,12,27,6,70,211,194.36666666666667
"2024-04-10 00:00:00",65,20,49,7,103,210.86666666666667,194.9
"2024-04-11 00:00:00",59,13,49,10,88,211.36666666666667,196.8
"2024-04-12 00:00:00",72,22,49,5,82,211.86666666666667,198.73333333333332
"2024-04-13 00:00:00",65,15,41,8,76,211,198.4
"2024-04-14 00:00:00",53,13,54,7,73,210.43333333333334,198.13333333333333
"2024-04-15 00:00:00",54,29,59,18,90,212.3,198.73333333333332
"2024-04-16 00:00:00",59,21,41,12,93,213.53333333333333,197.33333333333334
"2024-04-17 00:00:00",67,12,45,9,109,213.6,197.96666666666667
"2024-04-18 00:00:00",54,16,50,12,72,214.56666666666666,196.13333333333333
"2024-04-19 00:00:00",58,18,47,4,93,215.16666666666666,195.6
"2024-04-20 00:00:00",61,10,38,7,72,213.4,193.83333333333334
"2024-04-21 00:00:00",57,15,43,12,79,215.3,194.26666666666668
"2024-04-22 00:00:00",52,18,45,12,80,214.16666666666666,194.63333333333333
"2024-04-23 00:00:00",55,13,45,10,91,215.2,194.53333333333333
"2024-04-24 00:00:00",62,23,55,7,96,217.53333333333333,194.5
"2024-04-25 00:00:00",55,16,60,12,84,218.06666666666666,194.76666666666668
"2024-04-26 00:00:00",67,17,51,12,84,216.5,195.26666666666668
"2024-04-27 00:00:00",62,17,43,18,79,217.63333333333333,193.8
"2024-04-28 00:00:00",50,13,48,11,84,217.3,192.63333333333333
"2024-04-29 00:00:00",51,13,34,20,72,215.03333333333333,191.9
"2024-04-30 00:00:00",51,20,40,9,86,214.6,192.93333333333334
"2024-05-01 00:00:00",62,9,48,4,86,213.83333333333334,195.46666666666667
"2024-05-02 00:00:00",60,20,58,10,90,214.93333333333334,194.4
"2024-05-03 00:00:00",61,16,49,8,94,216.4,193.03333333333333
"2024-05-04 00:00:00",61,13,36,7,75,215.86666666666667,191.66666666666666
"2024-05-05 00:00:00",48,16,21,4,45,212.4,191.1
"2024-05-06 00:00:00",58,19,59,15,95,213.2,190.13333333333333
"2024-05-07 00:00:00",48,12,30,7,69,212.03333333333333,193.23333333333332
"2024-05-08 00:00:00",56,12,43,10,80,212.06666666666666,194.2
"2024-05-09 00:00:00",64,19,55,11,100,214.66666666666666,196.16666666666666
"2024-05-10 00:00:00",61,17,32,13,81,213.33333333333334,198.16666666666666
"2024-05-11 00:00:00",51,16,28,12,75,212.1,196.13333333333333
"2024-05-12 00:00:00",64,16,44,7,99,212.1,193.13333333333333
"2024-05-13 00:00:00",55,25,52,12,82,212.8,193.1
"2024-05-14 00:00:00",70,17,39,9,85,213.46666666666667,195.4
"2024-05-15 00:00:00",51,8,33,9,62,210.56666666666666,196.83333333333334
"2024-05-16 00:00:00",62,26,38,15,79,210.36666666666667,197.73333333333332
"2024-05-17 00:00:00",59,11,51,10,87,209.56666666666666,198.2
"2024-05-18 00:00:00",65,17,39,12,100,210.53333333333333,197.8
"2024-05-19 00:00:00",68,21,54,11,71,210.7,198.63333333333333
"2024-05-20 00:00:00",48,21,59,15,81,211.9,199.73333333333332
"2024-05-21 00:00:00",59,13,43,6,79,211.7,200.4
"2024-05-22 00:00:00",51,17,54,11,88,212.16666666666666,201.76666666666668
"2024-05-23 00:00:00",63,22,45,10,88,212.63333333333333,203.86666666666667
"2024-05-24 00:00:00",58,16,43,10,78,211.36666666666667,204.56666666666666
"2024-05-25 00:00:00",65,17,49,14,88,211.56666666666666,203.06666666666666
"2024-05-26 00:00:00",45,16,41,11,66,209.83333333333334,202.2
"2024-05-27 00:00:00",52,13,40,14,109,210.13333333333333,201.33333333333334
"2024-05-28 00:00:00",61,19,49,8,70,210.16666666666666,200.96666666666667
"2024-05-29 00:00:00",50,22,37,17,86,210.9,203.06666666666666
"2024-05-30 00:00:00",56,16,48,11,77,210.96666666666667,202.8
"2024-05-31 00:00:00",59,15,43,11,85,211.1,201.5
"2024-06-01 00:00:00",71,13,41,7,76,210.1,202.5
"2024-06-02 00:00:00",49,19,44,14,76,209.23333333333332,204.93333333333334
"2024-06-03 00:00:00",59,21,47,10,83,210.16666666666666,208.1
"2024-06-04 00:00:00",56,16,37,7,85,212.4,208.3
"2024-06-05 00:00:00",61,15,57,9,74,211.4,208.7
"2024-06-06 00:00:00",57,14,45,9,89,213,207.2
"2024-06-07 00:00:00",58,8,42,9,78,212.8,206.43333333333334
"2024-06-08 00:00:00",60,17,36,10,65,210.76666666666668,205.26666666666668
"2024-06-09 00:00:00",50,15,30,8,84,210.2,203.6
"2024-06-10 00:00:00",58,24,52,17,92,212.23333333333332,202.53333333333333
"2024-06-11 00:00:00",54,15,48,14,94,212.06666666666666,203.83333333333334
"2024-06-12 00:00:00",67,21,40,8,76,211.6,202.43333333333334
"2024-06-13 00:00:00",62,17,45,7,60,210.63333333333333,200.13333333333333
"2024-06-14 00:00:00",62,18,40,16,78,212.33333333333334,198.4
"2024-06-15 00:00:00",59,13,36,8,76,211.4,199.8
"2024-06-16 00:00:00",50,23,52,16,76,211.36666666666667,200.63333333333333
"2024-06-17 00:00:00",62,12,41,15,91,210.96666666666667,201.86666666666667
"2024-06-18 00:00:00",55,25,49,11,84,210.93333333333334,203.16666666666666
"2024-06-19 00:00:00",65,17,38,10,77,210.36666666666667,203.26666666666668
"2024-06-20 00:00:00",55,15,41,5,73,210,202.43333333333334
"2024-06-21 00:00:00",65,15,42,8,76,209.5,200.86666666666667
"2024-06-22 00:00:00",57,14,33,5,74,208,198.6
"2024-06-23 00:00:00",60,16,38,13,81,208.1,198.06666666666666
"2024-06-24 00:00:00",54,12,44,17,96,207.76666666666668,198.3
"2024-06-25 00:00:00",60,18,55,14,77,209.26666666666668,197.7
"2024-06-26 00:00:00",60,19,35,16,92,209.06666666666666,199.03333333333333
"2024-06-27 00:00:00",60,12,42,13,75,208.9,199.8
"2024-06-28 00:00:00",63,17,40,14,86,209.16666666666666,197.36666666666667
"2024-06-29 00:00:00",46,13,24,9,42,206.7,196.13333333333333
"2024-06-30 00:00:00",53,19,35,9,62,205.53333333333333,197.5
"2024-07-01 00:00:00",55,18,52,16,104,206.76666666666668,196.36666666666667
"2024-07-02 00:00:00",54,14,24,7,52,205.06666666666666,195.5
"2024-07-03 00:00:00",60,14,35,9,89,204.63333333333333,194.8
"2024-07-04 00:00:00",56,18,40,11,92,205.16666666666666,198.06666666666666
"2024-07-05 00:00:00",53,24,41,10,76,204.76666666666668,198.96666666666667
"2024-07-06 00:00:00",57,10,33,10,63,203.4,196.3
"2024-07-07 00:00:00",50,19,31,8,69,202.8,195.56666666666666
"2024-07-08 00:00:00",50,11,31,10,88,202.86666666666667,194.13333333333333
"2024-07-09 00:00:00",58,13,43,5,82,203.33333333333334,194.13333333333333
"2024-07-10 00:00:00",62,15,41,6,78,201.96666666666667,195.36666666666667
"2024-07-11 00:00:00",63,22,41,16,103,202.63333333333333,194.46666666666667
"2024-07-12 00:00:00",68,18,41,5,98,203.23333333333332,194.73333333333332
"2024-07-13 00:00:00",67,12,30,9,83,203.56666666666666,192.53333333333333
"2024-07-14 00:00:00",40,13,37,7,96,202.86666666666667,192.2
"2024-07-15 00:00:00",57,14,28,7,100,203.33333333333334,189.63333333333333
"2024-07-16 00:00:00",62,12,37,16,73,202.76666666666668,189.6
"2024-07-17 00:00:00",67,14,40,10,64,201.9,189.13333333333333
"2024-07-18 00:00:00",53,16,39,8,86,201.16666666666666,188.8
"2024-07-19 00:00:00",58,14,46,7,108,202.03333333333333,191.4
"2024-07-20 00:00:00",56,16,38,9,82,202.43333333333334,192.4
"2024-07-21 00:00:00",60,20,32,15,93,202.9,192.63333333333333
"2024-07-22 00:00:00",54,11,43,10,71,203.1,192.6
"2024-07-23 00:00:00",53,13,43,10,77,202.7,193
"2024-07-24 00:00:00",50,10,33,13,79,201.43333333333334,194.2
"2024-07-25 00:00:00",66,16,42,14,65,200.73333333333332,195.5
"2024-07-26 00:00:00",49,17,27,10,80,199.43333333333334,196.6
"2024-07-27 00:00:00",56,14,26,8,69,198.46666666666667,196.73333333333332
"2024-07-28 00:00:00",46,18,39,6,76,197.3,197.73333333333332
"2024-07-29 00:00:00",43,15,43,6,66,198.6,197.26666666666668
"2024-07-30 00:00:00",60,11,46,7,70,199.13333333333333,196.76666666666668
"2024-07-31 00:00:00",61,25,42,7,81,198.16666666666666,197.46666666666667
"2024-08-01 00:00:00",56,17,41,4,89,200.03333333333333,197.53333333333333
"2024-08-02 00:00:00",58,15,36,4,67,199.13333333333333,198.33333333333334
"2024-08-03 00:00:00",64,20,36,6,77,198.66666666666666,194.5
"2024-08-04 00:00:00",57,21,31,3,65,197.76666666666668,192.8
"2024-08-05 00:00:00",46,10,35,8,80,197.96666666666667,192.3
"2024-08-06 00:00:00",70,19,30,5,62,198.26666666666668,192.93333333333334
"2024-08-07 00:00:00",59,22,44,8,91,199.4,190.13333333333333
"2024-08-08 00:00:00",66,13,24,7,67,198.6,184.46666666666667
"2024-08-09 00:00:00",48,14,44,8,77,198.23333333333332,181.13333333333333
"2024-08-10 00:00:00",53,13,37,5,70,196,188.16666666666666
"2024-08-11 00:00:00",61,19,46,8,69,195.1,190.73333333333332
"2024-08-12 00:00:00",51,17,35,9,88,195.06666666666666,193.13333333333333
"2024-08-13 00:00:00",50,15,33,5,74,194.53333333333333,194.06666666666666
"2024-08-14 00:00:00",58,15,38,6,61,193.6,194.56666666666666
"2024-08-15 00:00:00",57,15,31,6,71,192.93333333333334,194.4
"2024-08-16 00:00:00",57,14,35,9,66,192.46666666666667,193.93333333333334
"2024-08-17 00:00:00",52,14,24,7,58,190.9,192.76666666666668
"2024-08-18 00:00:00",55,17,42,11,59,189.26666666666668,189.76666666666668
"2024-08-19 00:00:00",55,15,28,10,73,188.6,189.8
"2024-08-20 00:00:00",46,9,25,11,40,185.63333333333333,190.96666666666667
"2024-08-21 00:00:00",65,18,27,10,52,185.06666666666666,190.43333333333334
"2024-08-22 00:00:00",55,14,39,9,87,185.33333333333334,189.76666666666668
"2024-08-23 00:00:00",57,18,36,8,75,185.63333333333333,189.03333333333333
"2024-08-24 00:00:00",57,18,47,12,73,185.76666666666668,190.2
"2024-08-25 00:00:00",56,10,43,8,71,185.93333333333334,189.13333333333333
"2024-08-26 00:00:00",56,11,36,17,74,186.63333333333333,189.1
"2024-08-27 00:00:00",53,17,33,12,58,186.23333333333332,188.66666666666666
"2024-08-28 00:00:00",46,19,34,7,72,186.4,189.1
"2024-08-29 00:00:00",50,11,29,11,51,185,188.93333333333334
"2024-08-30 00:00:00",55,16,35,11,76,184.23333333333332,189.03333333333333
"2024-08-31 00:00:00",65,19,48,7,81,184.66666666666666,189.16666666666666
"2024-09-01 00:00:00",62,19,46,6,63,185.2,189.23333333333332
"2024-09-02 00:00:00",58,10,44,9,83,185.23333333333332,189.8
"2024-09-03 00:00:00",55,13,26,7,82,185.43333333333334,191.23333333333332
"2024-09-04 00:00:00",58,25,59,6,105,187.9,192.1
"2024-09-05 00:00:00",53,11,42,9,77,188.1,192.43333333333334
"2024-09-06 00:00:00",65,15,41,9,74,187.43333333333334,195.6
"2024-09-07 00:00:00",56,20,38,9,71,188,202.46666666666667
"2024-09-08 00:00:00",59,14,39,10,69,188,205.56666666666666
"2024-09-09 00:00:00",46,27,48,11,77,189.03333333333333,199.2
"2024-09-10 00:00:00",53,14,52,12,84,189.43333333333334,197.7
"2024-09-11 00:00:00",50,17,45,13,73,189.36666666666667,197.93333333333334
"2024-09-12 00:00:00",62,17,38,10,73,190.13333333333333,196.9
"2024-09-13 00:00:00",56,11,40,8,76,190.56666666666666,197.33333333333334
"2024-09-14 00:00:00",65,15,41,3,60,190.7,196.63333333333333
"2024-09-15 00:00:00",55,14,25,2,53,189.63333333333333,197
"2024-09-16 00:00:00",31,7,18,1,55,188.2,197.03333333333333
"2024-09-17 00:00:00",36,15,20,0,77,187,197.93333333333334
"2024-09-18 00:00:00",50,22,39,7,86,187.76666666666668,197.83333333333334
"2024-09-19 00:00:00",65,15,28,5,72,189.56666666666666,194.33333333333334
"2024-09-20 00:00:00",42,11,24,7,54,188.43333333333334,195.36666666666667
"2024-09-21 00:00:00",54,7,14,8,36,185.6,195.66666666666666
"2024-09-22 00:00:00",54,13,26,12,55,184.46666666666667,196.03333333333333
"2024-09-23 00:00:00",61,15,37,14,70,184.13333333333333,194.06666666666666
"2024-09-24 00:00:00",63,18,54,11,80,185.4,195.2
"2024-09-25 00:00:00",56,23,49,9,81,186.2,194.9
"2024-09-26 00:00:00",64,13,48,13,70,187.36666666666667,194.26666666666668
"2024-09-27 00:00:00",52,10,42,18,79,188.13333333333333,192.9
"2024-09-28 00:00:00",53,13,31,11,50,188.33333333333334,190.5
"2024-09-29 00:00:00",46,17,48,9,65,188.06666666666666,188.93333333333334
"2024-09-30 00:00:00",64,21,59,16,78,188.66666666666666,188.1
"2024-10-01 00:00:00",64,17,40,7,75,188.9,188.33333333333334
"2024-10-02 00:00:00",50,17,32,5,50,187.23333333333332,188.36666666666667
"2024-10-03 00:00:00",51,13,23,6,53,186,187.4
"2024-10-04 00:00:00",47,20,29,6,77,183.53333333333333,186.83333333333334
"2024-10-05 00:00:00",55,25,40,7,77,183.93333333333334,186.73333333333332
"2024-10-06 00:00:00",53,13,41,8,69,183.26666666666668,186.9
"2024-10-07 00:00:00",52,12,34,7,75,182.8,185.43333333333334
"2024-10-08 00:00:00",58,23,36,9,74,183.1,185.46666666666667
"2024-10-09 00:00:00",58,14,36,11,78,182.7,185
"2024-10-10 00:00:00",64,18,52,9,80,182.96666666666667,184.3
"2024-10-11 00:00:00",66,8,43,12,65,182.83333333333334,184.06666666666666
"2024-10-12 00:00:00",65,15,45,7,81,183.26666666666668,184.93333333333334
"2024-10-13 00:00:00",53,16,34,11,64,182.83333333333334,183.53333333333333
"2024-10-14 00:00:00",52,13,29,10,88,183.1,183.53333333333333
"2024-10-15 00:00:00",58,16,34,10,66,184.26666666666668,183.16666666666666
"2024-10-16 00:00:00",62,17,44,9,70,187.26666666666668,183.3
"2024-10-17 00:00:00",66,11,38,5,73,188.76666666666668,184.96666666666667
"2024-10-18 00:00:00",55,9,31,3,58,187.16666666666666,184.33333333333334
"2024-10-19 00:00:00",36,3,19,3,25,183.86666666666667,185.16666666666666
"2024-10-20 00:00:00",34,8,15,9,56,183.33333333333334,185.03333333333333
"2024-10-21 00:00:00",62,22,63,13,95,187.86666666666667,184.9
"2024-10-22 00:00:00",47,9,35,7,61,187.83333333333334,184.6
"2024-10-23 00:00:00",63,16,36,8,63,187.46666666666667,185.13333333333333
"2024-10-24 00:00:00",60,16,51,13,71,186.96666666666667,184.43333333333334
"2024-10-25 00:00:00",56,20,46,13,71,186.56666666666666,184.73333333333332
"2024-10-26 00:00:00",44,21,40,8,58,185.33333333333334,185.33333333333334
"2024-10-27 00:00:00",60,16,37,13,55,184.66666666666666,186.7
"2024-10-28 00:00:00",48,17,34,13,61,185.16666666666666,188.33333333333334
"2024-10-29 00:00:00",54,15,50,12,75,185.86666666666667,189.16666666666666
"2024-10-30 00:00:00",64,24,38,17,66,184.9,192.26666666666668
"2024-10-31 00:00:00",61,17,51,12,74,185.3,193.9
"2024-11-01 00:00:00",50,15,40,9,56,185.83333333333334,195.2
"2024-11-02 00:00:00",51,11,20,8,47,185.53333333333333,195.56666666666666
"2024-11-03 00:00:00",68,18,48,7,67,186.5,195.16666666666666
"2024-11-04 00:00:00",50,9,45,9,64,185.6,193.43333333333334
"2024-11-05 00:00:00",53,17,34,9,60,185.23333333333332,191
"2024-11-06 00:00:00",51,22,38,12,65,185.5,193.13333333333333
"2024-11-07 00:00:00",51,13,47,8,70,185.13333333333333,193.7
"2024-11-08 00:00:00",49,15,42,6,73,184.73333333333332,193.46666666666667
"2024-11-09 00:00:00",53,9,33,7,67,182.93333333333334,192.6
"2024-11-10 00:00:00",45,12,47,11,68,182.56666666666666,192.26666666666668
"2024-11-11 00:00:00",47,15,45,8,69,181.6,190.86666666666667
"2024-11-12 00:00:00",54,23,39,7,69,182.06666666666666,192.56666666666666
"2024-11-13 00:00:00",44,13,45,6,70,181.6,193.06666666666666
"2024-11-14 00:00:00",56,19,42,7,60,181.6,193.83333333333334
"2024-11-15 00:00:00",59,10,39,7,74,181.16666666666666,193.66666666666666
"2024-11-16 00:00:00",60,13,37,4,52,180.26666666666668,189.63333333333333
"2024-11-17 00:00:00",48,12,30,7,29,179.26666666666668,187.76666666666668
"2024-11-18 00:00:00",53,11,26,9,62,181.76666666666668,188.93333333333334
"2024-11-19 00:00:00",52,11,44,5,84,184.23333333333332,190.56666666666666
"2024-11-20 00:00:00",52,21,29,15,62,181.7,192.8
"2024-11-21 00:00:00",31,10,48,13,54,181.6,192.66666666666666
"2024-11-22 00:00:00",57,12,36,8,70,181.5,191.9
"2024-11-23 00:00:00",66,15,44,8,58,180.83333333333334,189.96666666666667
"2024-11-24 00:00:00",55,19,45,11,76,180.83333333333334,190
"2024-11-25 00:00:00",50,10,37,12,63,180.86666666666667,189.46666666666667
"2024-11-26 00:00:00",42,11,20,7,36,178.7,189.86666666666667
"2024-11-27 00:00:00",38,8,32,6,48,177.33333333333334,190.56666666666666
"2024-11-28 00:00:00",56,9,21,7,54,175.36666666666667,190.6
"2024-11-29 00:00:00",53,18,37,10,63,174.43333333333334,188.6
"2024-11-30 00:00:00",70,19,42,10,66,174.16666666666666,186.73333333333332
"2024-12-01 00:00:00",49,25,51,13,76,175.63333333333333,184.73333333333332
"2024-12-02 00:00:00",52,19,37,7,62,176.96666666666667,185.33333333333334
"2024-12-03 00:00:00",55,14,45,5,68,176.26666666666668,187.26666666666668
"2024-12-04 00:00:00",45,13,37,9,67,176.06666666666666,188
"2024-12-05 00:00:00",51,14,40,8,82,176.8,190.7
"2024-12-06 00:00:00",59,16,40,5,72,176.93333333333334,189.73333333333332
"2024-12-07 00:00:00",58,20,36,8,54,176.5,188.43333333333334
"2024-12-08 00:00:00",52,18,46,10,64,176.66666666666666,189.13333333333333
"2024-12-09 00:00:00",43,19,35,10,67,176.83333333333334,189.93333333333334
"2024-12-10 00:00:00",54,21,47,9,66,177.3,188.56666666666666
"2024-12-11 00:00:00",47,16,31,10,71,177,188.7
"2024-12-12 00:00:00",61,15,34,7,80,177.16666666666666,189.16666666666666
"2024-12-13 00:00:00",46,22,35,8,60,176.93333333333334,189.06666666666666
"2024-12-14 00:00:00",50,10,37,7,42,175.66666666666666,187.6
"2024-12-15 00:00:00",52,11,41,11,56,175.06666666666666,185
"2024-12-16 00:00:00",57,11,44,11,83,176.4,185.7
"2024-12-17 00:00:00",51,15,57,11,73,179.1,188.33333333333334
"2024-12-18 00:00:00",56,11,34,11,70,179.8,187.5
"2024-12-19 00:00:00",54,16,35,6,78,179.56666666666666,184.16666666666666
"2024-12-20 00:00:00",57,18,34,10,63,179.66666666666666,179.8
"2024-12-21 00:00:00",47,8,25,7,53,179.13333333333333,179.36666666666667
"2024-12-22 00:00:00",59,22,31,9,55,178.9,180.8
"2024-12-23 00:00:00",56,22,51,6,73,179.46666666666667,182.26666666666668
"2024-12-24 00:00:00",49,16,47,10,77,179.23333333333332,182.66666666666666
"2024-12-25 00:00:00",52,16,41,9,46,178.96666666666667,183.33333333333334
"2024-12-26 00:00:00",51,15,40,10,65,181.13333333333333,183.16666666666666
"2024-12-27 00:00:00",52,13,43,11,64,182.83333333333334,184.2
"2024-12-28 00:00:00",50,10,30,8,59,183.16666666666666,184.7
"2024-12-29 00:00:00",57,19,56,12,68,184.2,183.13333333333333
"2024-12-30 00:00:00",60,19,59,17,70,184.8,182.06666666666666
"2024-12-31 00:00:00",51,11,30,6,57,182.83333333333334,182.2
"2025-01-01 00:00:00",54,15,44,7,75,183.43333333333334,182.1
"2025-01-02 00:00:00",53,15,37,4,63,182.93333333333334,181.2
"2025-01-03 00:00:00",55,13,40,8,75,183.6,182.7
"2025-01-04 00:00:00",52,7,29,3,71,182.5,182.83333333333334
"2025-01-05 00:00:00",57,12,31,10,77,182.33333333333334,182.13333333333333
"2025-01-06 00:00:00",43,16,33,5,70,182.03333333333333,182.13333333333333
"2025-01-07 00:00:00",42,15,26,11,48,180.43333333333334,182.23333333333332
"2025-01-08 00:00:00",54,8,32,7,52,179.73333333333332,182.2
"2025-01-09 00:00:00",50,8,21,10,45,177.63333333333333,182.83333333333334
"2025-01-10 00:00:00",41,8,31,9,80,177.43333333333334,184.23333333333332
"2025-01-11 00:00:00",51,12,33,10,89,177.36666666666667,183.23333333333332
"2025-01-12 00:00:00",49,18,51,8,72,178.26666666666668,183.4
"2025-01-13 00:00:00",55,12,40,9,74,179.73333333333332,184.2
"2025-01-14 00:00:00",47,9,31,9,51,178.93333333333334,186.96666666666667
"2025-01-15 00:00:00",49,16,27,5,61,177.33333333333334,187.86666666666667
"2025-01-16 00:00:00",55,9,28,9,55,175.63333333333333,187.3
"2025-01-17 00:00:00",59,15,36,6,56,175.3,187.53333333333333
"2025-01-18 00:00:00",58,14,36,6,70,175.13333333333333,187.5
"2025-01-19 00:00:00",46,20,41,9,51,174.63333333333333,188.46666666666667
"2025-01-20 00:00:00",51,16,46,8,67,176.23333333333332,189.43333333333334
"2025-01-21 00:00:00",53,12,36,8,53,175.76666666666668,187.93333333333334
"2025-01-22 00:00:00",60,11,36,4,61,174.56666666666666,184.2
"2025-01-23 00:00:00",57,16,42,11,58,174.06666666666666,180.56666666666666
"2025-01-24 00:00:00",60,16,35,2,52,174.1,182.53333333333333
"2025-01-25 00:00:00",56,11,24,12,59,173.46666666666667,183.13333333333333
"2025-01-26 00:00:00",43,6,38,11,43,172.06666666666666,182
"2025-01-27 00:00:00",42,9,24,1,49,171,182
"2025-01-28 00:00:00",24,4,8,1,38,166.43333333333334,184.8
"2025-01-29 00:00:00",31,6,11,1,44,162.03333333333333,186.5
"2025-01-30 00:00:00",46,11,47,9,65,162.8,187.16666666666666
"2025-01-31 00:00:00",50,12,34,6,58,161.63333333333333,185.3
"2025-02-01 00:00:00",41,10,39,7,56,161,185.3
"2025-02-02 00:00:00",54,10,34,1,45,159.43333333333334,184.56666666666666
"2025-02-03 00:00:00",54,10,23,4,65,159.23333333333332,184.4
"2025-02-04 00:00:00",48,7,26,5,59,157.83333333333334,183.3
"2025-02-05 00:00:00",39,7,30,7,60,157.03333333333333,185.2
"2025-02-06 00:00:00",53,14,38,14,45,157.76666666666668,185.7
"2025-02-07 00:00:00",30,2,18,3,26,155.3,186.03333333333333
"2025-02-08 00:00:00",53,11,31,5,57,156.06666666666666,185.13333333333333
"2025-02-09 00:00:00",46,17,32,7,71,156.2,182.26666666666668
"2025-02-10 00:00:00",56,15,35,10,63,155.66666666666666,181.2
"2025-02-11 00:00:00",48,15,27,9,65,154.53333333333333,181.6
"2025-02-12 00:00:00",57,7,33,11,59,153.76666666666668,182.13333333333333
"2025-02-13 00:00:00",62,11,30,6,61,154.53333333333333,181.13333333333333
"2025-02-14 00:00:00",52,14,36,11,53,154.8,180.76666666666668
"2025-02-15 00:00:00",54,9,39,4,49,154.76666666666668,181.4
"2025-02-16 00:00:00",62,10,34,7,48,154.4,183.1
"2025-02-17 00:00:00",47,12,29,6,75,153.9,183.7
"2025-02-18 00:00:00",52,21,31,10,51,153.83333333333334,183.96666666666667
"2025-02-19 00:00:00",56,14,34,9,54,153.13333333333333,181.93333333333334
"2025-02-20 00:00:00",56,17,31,7,53,153.2,180.43333333333334
"2025-02-21 00:00:00",54,10,41,7,51,152.9,182.03333333333333
"2025-02-22 00:00:00",61,13,36,13,52,152.6,184.3
"2025-02-23 00:00:00",55,17,28,12,33,151.93333333333334,183.26666666666668
"2025-02-24 00:00:00",54,22,43,11,63,152.96666666666667,182.9
"2025-02-25 00:00:00",53,9,37,16,64,154.23333333333332,183.1
"2025-02-26 00:00:00",53,23,46,14,59,156.56666666666666,183.23333333333332
"2025-02-27 00:00:00",57,9,46,10,60,160.13333333333333,182.46666666666667
"2025-02-28 00:00:00",56,9,40,9,46,162.36666666666667,183.36666666666667
"2025-03-01 00:00:00",45,7,33,6,63,161.56666666666666,183.36666666666667
"2025-03-02 00:00:00",47,6,26,7,36,160.3,185.2
"2025-03-03 00:00:00",24,1,11,2,21,157.16666666666666,185.9
"2025-03-04 00:00:00",40,5,16,6,34,155.73333333333332,187.8
"2025-03-05 00:00:00",55,13,44,8,68,156.8,187.3
"2025-03-06 00:00:00",56,13,48,8,74,158.6,188.53333333333333
"2025-03-07 00:00:00",60,8,37,8,56,159.46666666666667,188.6
"2025-03-08 00:00:00",55,14,28,11,62,159.66666666666666,188.43333333333334
"2025-03-09 00:00:00",55,11,40,3,58,162.6,189.16666666666666
"2025-03-10 00:00:00",50,11,27,12,65,162.86666666666667,191.4
"2025-03-11 00:00:00",54,16,44,7,70,163.46666666666667,195.7
"2025-03-12 00:00:00",46,17,32,7,57,162.8,197.23333333333332
"2025-03-13 00:00:00",47,13,60,6,59,163.5,197.43333333333334
"2025-03-14 00:00:00",48,9,33,7,55,163,198.36666666666667
"2025-03-15 00:00:00",47,8,24,9,28,161.2,200.06666666666666
"2025-03-16 00:00:00",47,7,23,7,40,159.8,200.7
"2025-03-17 00:00:00",55,7,46,7,58,160.4,199.96666666666667
"2025-03-18 00:00:00",58,7,25,8,42,159.7,200.53333333333333
"2025-03-19 00:00:00",59,20,45,9,68,160.76666666666668,200.8
"2025-03-20 00:00:00",62,12,47,10,69,161.93333333333334,202.1
"2025-03-21 00:00:00",52,15,38,10,88,163.13333333333333,205.06666666666666
"2025-03-22 00:00:00",50,16,30,11,71,163.6,205.86666666666667
"2025-03-23 00:00:00",52,19,38,3,54,163.7,209.33333333333334
"2025-03-24 00:00:00",45,14,37,10,57,163.3,209.5
"2025-03-25 00:00:00",42,19,46,10,60,164.36666666666667,207.86666666666667
"2025-03-26 00:00:00",49,12,40,11,64,163.8,208.1
"2025-03-27 00:00:00",50,13,48,8,51,163.5,210.83333333333334
"2025-03-28 00:00:00",50,17,32,8,52,162.3,210.1
"2025-03-29 00:00:00",57,13,36,10,55,161.93333333333334,209.9
"2025-03-30 00:00:00",58,10,35,5,46,161.73333333333332,210.73333333333332
"2025-03-31 00:00:00",53,15,36,10,72,162.8,211.4
"2025-04-01 00:00:00",46,15,42,4,62,164.36666666666667,212.4
"2025-04-02 00:00:00",51,8,32,9,57,167.63333333333333,212.06666666666666
"2025-04-03 00:00:00",58,10,38,7,51,169.73333333333332,210.06666666666666
"2025-04-04 00:00:00",65,11,41,7,57,169.5,211.56666666666666
"2025-04-05 00:00:00",61,10,34,4,59,168.46666666666667,213.23333333333332
"2025-04-06 00:00:00",46,11,40,13,49,168.13333333333333,212.93333333333334
"2025-04-07 00:00:00",49,11,41,9,58,168.06666666666666,212.66666666666666
"2025-04-08 00:00:00",52,11,35,9,57,167.96666666666667,212.3
"2025-04-09 00:00:00",48,16,34,11,61,168.13333333333333,211
"2025-04-10 00:00:00",45,12,56,5,72,168.1,210.86666666666667
"2025-04-11 00:00:00",50,20,34,9,50,168.23333333333332,211.36666666666667
"2025-04-12 00:00:00",48,4,21,3,35,165.76666666666668,211.86666666666667
"2025-04-13 00:00:00",50,8,23,3,38,164.76666666666668,211
"2025-04-14 00:00:00",46,13,37,10,62,166.5,210.43333333333334
"2025-04-15 00:00:00",47,16,37,8,72,168.36666666666667,212.3
"2025-04-16 00:00:00",56,14,31,9,45,167.76666666666668,213.53333333333333
"2025-04-17 00:00:00",46,8,41,3,40,167.7,213.6
"2025-04-18 00:00:00",55,10,50,9,73,167.56666666666666,214.56666666666666
"2025-04-19 00:00:00",49,15,32,10,51,166.13333333333333,215.16666666666666
"2025-04-20 00:00:00",53,16,46,7,64,165.56666666666666,213.4
"2025-04-21 00:00:00",57,9,40,12,55,165.4,215.3
"2025-04-22 00:00:00",39,11,27,8,51,164.4,214.16666666666666
"2025-04-23 00:00:00",66,10,39,5,74,165.43333333333334,215.2
"2025-04-24 00:00:00",53,21,50,9,60,165.96666666666667,217.53333333333333
"2025-04-25 00:00:00",56,10,36,14,60,165.96666666666667,218.06666666666666
"2025-04-26 00:00:00",60,8,37,9,70,166.43333333333334,216.5
"2025-04-27 00:00:00",49,20,47,17,51,167.26666666666668,217.63333333333333
"2025-04-28 00:00:00",49,10,46,16,66,167.8,217.3
"2025-04-29 00:00:00",45,18,38,12,58,168.36666666666667,215.03333333333333
"2025-04-30 00:00:00",54,13,34,9,53,167.6,214.6
"2025-05-01 00:00:00",44,15,40,10,51,167.3,213.83333333333334
"2025-05-02 00:00:00",59,10,35,5,56,167.56666666666666,214.93333333333334
"2025-05-03 00:00:00",55,11,28,8,50,167.16666666666666,216.4
"2025-05-04 00:00:00",54,11,34,8,60,166.7,215.86666666666667
"2025-05-05 00:00:00",55,12,27,2,62,166.36666666666667,212.4
"2025-05-06 00:00:00",53,10,43,6,52,166.53333333333333,213.2
"2025-05-07 00:00:00",39,10,40,5,66,166.26666666666668,212.03333333333333
"2025-05-08 00:00:00",52,23,46,6,88,167.96666666666667,212.06666666666666
"2025-05-09 00:00:00",61,4,19,3,32,166.26666666666668,214.66666666666666
"2025-05-10 00:00:00",57,10,26,7,49,164.9,213.33333333333334
"2025-05-11 00:00:00",57,19,37,12,60,165.63333333333333,212.1
"2025-05-12 00:00:00",62,18,38,9,89,169.13333333333333,212.1
"2025-05-13 00:00:00",46,9,42,9,76,171.13333333333333,212.8
"2025-05-14 00:00:00",53,14,38,6,56,171.1,213.46666666666667
"2025-05-15 00:00:00",48,9,29,5,64,170.26666666666668,210.56666666666666
"2025-05-16 00:00:00",49,11,30,6,56,170.16666666666666,210.36666666666667
"2025-05-17 00:00:00",48,7,34,10,50,170.53333333333333,209.56666666666666
"2025-05-18 00:00:00",54,10,45,13,83,170.8,210.53333333333333
"2025-05-19 00:00:00",47,10,30,12,73,171.3,210.7
"2025-05-20 00:00:00",42,11,40,9,51,170.2,211.9
"2025-05-21 00:00:00",61,7,51,9,48,170.3,211.7
"2025-05-22 00:00:00",50,10,42,9,85,172.3,212.16666666666666
"2025-05-23 00:00:00",56,10,34,10,54,171.3,212.63333333333333
"2025-05-24 00:00:00",54,9,28,7,43,169.56666666666666,211.36666666666667
"2025-05-25 00:00:00",61,16,51,7,68,170.46666666666667,211.56666666666666
"2025-05-26 00:00:00",49,14,47,10,72,170.73333333333332,209.83333333333334
"2025-05-27 00:00:00",49,23,32,11,83,171.2,210.13333333333333
"2025-05-28 00:00:00",62,11,48,14,67,171.7,210.16666666666666
"2025-05-29 00:00:00",55,18,39,9,57,171.93333333333334,210.9
"2025-05-30 00:00:00",59,12,33,12,71,172.73333333333332,210.96666666666667
"2025-05-31 00:00:00",52,22,39,17,75,174.23333333333332,211.1
"2025-06-01 00:00:00",55,17,40,5,65,174.8,210.1
"2025-06-02 00:00:00",54,11,22,11,67,175.23333333333332,209.23333333333332
"2025-06-03 00:00:00",52,14,36,9,47,174.93333333333334,210.16666666666666
"2025-06-04 00:00:00",66,15,36,7,74,176.26666666666668,212.4
"2025-06-05 00:00:00",40,13,27,7,69,176,211.4
"2025-06-06 00:00:00",57,14,41,10,79,177.36666666666667,213
"2025-06-07 00:00:00",65,17,35,7,61,176.36666666666667,212.8
"2025-06-08 00:00:00",59,18,41,6,59,178.5,210.76666666666668
"2025-06-09 00:00:00",49,16,30,6,52,178.63333333333333,210.2
"2025-06-10 00:00:00",48,18,44,9,56,178.3,212.23333333333332
"2025-06-11 00:00:00",56,19,44,12,77,178.03333333333333,212.06666666666666
"2025-06-12 00:00:00",53,21,37,13,74,178.56666666666666,211.6
"2025-06-13 00:00:00",64,10,27,6,50,178.23333333333332,210.63333333333333
"2025-06-14 00:00:00",51,7,32,7,59,178.26666666666668,212.33333333333334
"2025-06-15 00:00:00",49,16,30,5,52,178.26666666666668,211.4
"2025-06-16 00:00:00",52,14,36,14,65,179.33333333333334,211.36666666666667
"2025-06-17 00:00:00",42,13,36,10,65,178.03333333333333,210.96666666666667
"2025-06-18 00:00:00",56,21,42,19,83,179.66666666666666,210.93333333333334
"2025-06-19 00:00:00",49,15,43,9,62,180.5,210.36666666666667
"2025-06-20 00:00:00",51,6,36,3,41,179.2,210
"2025-06-21 00:00:00",54,15,36,7,62,178.46666666666667,209.5
"2025-06-22 00:00:00",57,19,27,16,81,179.66666666666666,208
"2025-06-23 00:00:00",54,9,42,5,76,181.16666666666666,208.1
"2025-06-24 00:00:00",56,8,26,5,50,179.23333333333332,207.76666666666668
"2025-06-25 00:00:00",58,13,34,14,69,179.1,209.26666666666668
"2025-06-26 00:00:00",50,23,49,13,70,179.33333333333334,209.06666666666666
"2025-06-27 00:00:00",69,17,40,17,54,179.16666666666666,208.9
"2025-06-28 00:00:00",50,18,46,13,75,179.96666666666667,209.16666666666666
"2025-06-29 00:00:00",56,24,34,16,52,179.8,206.7
"2025-06-30 00:00:00",43,11,39,6,68,178.53333333333333,205.53333333333333
"2025-07-01 00:00:00",54,16,34,9,52,177.96666666666667,206.76666666666668
"2025-07-02 00:00:00",50,21,37,8,70,178.66666666666666,205.06666666666666
"2025-07-03 00:00:00",51,11,43,12,68,179.56666666666666,204.63333333333333
"2025-07-04 00:00:00",59,5,42,4,81,179.33333333333334,205.16666666666666
"2025-07-05 00:00:00",60,10,32,12,67,180.16666666666666,204.76666666666668
"2025-07-06 00:00:00",53,14,36,10,67,179.46666666666667,203.4
"2025-07-07 00:00:00",56,15,34,7,70,179.36666666666667,202.8
"2025-07-08 00:00:00",53,12,28,6,53,178.33333333333334,202.86666666666667
"2025-07-09 00:00:00",52,11,41,12,50,178.76666666666668,203.33333333333334
"2025-07-10 00:00:00",51,10,33,4,63,178.3,201.96666666666667
"2025-07-11 00:00:00",60,19,29,4,57,177,202.63333333333333
"2025-07-12 00:00:00",61,19,37,16,64,176.96666666666667,203.23333333333332
"2025-07-13 00:00:00",50,11,48,9,56,177.53333333333333,203.56666666666666
"2025-07-14 00:00:00",57,9,37,10,59,178.06666666666666,202.86666666666667
"2025-07-15 00:00:00",41,14,21,8,64,177.93333333333334,203.33333333333334
"2025-07-16 00:00:00",57,10,28,6,63,177.36666666666667,202.76666666666668
"2025-07-17 00:00:00",48,6,31,6,61,176.9,201.9
"2025-07-18 00:00:00",53,9,27,8,53,174.53333333333333,201.16666666666666
"2025-07-19 00:00:00",62,8,25,9,53,173.83333333333334,202.03333333333333
"2025-07-20 00:00:00",50,12,32,11,58,174.7,202.43333333333334
"2025-07-21 00:00:00",49,17,46,11,51,174.7,202.9
"2025-07-22 00:00:00",45,11,34,7,83,174.03333333333333,203.1
"2025-07-23 00:00:00",50,12,39,9,62,173.56666666666666,202.7
"2025-07-24 00:00:00",46,13,24,8,48,173.36666666666667,201.43333333333334
"2025-07-25 00:00:00",63,13,33,12,36,172.33333333333334,200.73333333333332
"2025-07-26 00:00:00",53,8,31,9,49,170.5,199.43333333333334
"2025-07-27 00:00:00",62,16,37,5,52,169.66666666666666,198.46666666666667
"2025-07-28 00:00:00",51,22,42,14,76,169.76666666666668,197.3
"2025-07-29 00:00:00",47,14,42,2,57,169.1,198.6
"2025-07-30 00:00:00",49,9,40,9,66,169.3,199.13333333333333
"2025-07-31 00:00:00",49,17,45,11,75,170.36666666666667,198.16666666666666
"2025-08-01 00:00:00",56,15,36,6,79,170.56666666666666,200.03333333333333
"2025-08-02 00:00:00",60,9,34,3,61,169.96666666666667,199.13333333333333
"2025-08-03 00:00:00",48,7,24,7,43,167.9,198.66666666666666
"2025-08-04 00:00:00",42,17,35,6,57,167.1,197.76666666666668
"2025-08-05 00:00:00",54,12,53,4,80,167.86666666666667,197.96666666666667
"2025-08-06 00:00:00",46,12,31,5,46,166.46666666666667,198.26666666666668
"2025-08-07 00:00:00",51,12,34,6,51,166.53333333333333,199.4
"2025-08-08 00:00:00",39,12,32,10,66,166.3,198.6
"2025-08-09 00:00:00",58,8,35,8,51,166.26666666666668,198.23333333333332
"2025-08-10 00:00:00",55,12,29,8,48,165.7,196
"2025-08-11 00:00:00",53,14,46,8,63,165.26666666666668,195.1
"2025-08-12 00:00:00",58,11,34,4,46,164.56666666666666,195.06666666666666
"2025-08-13 00:00:00",47,14,36,8,50,164,194.53333333333333
"2025-08-14 00:00:00",58,11,30,5,62,164.6,193.6
"2025-08-15 00:00:00",59,10,29,6,75,165.1,192.93333333333334
"2025-08-16 00:00:00",58,15,32,9,57,165.73333333333332,192.46666666666667
"2025-08-17 00:00:00",58,15,36,6,68,166.83333333333334,190.9
"2025-08-18 00:00:00",49,16,33,11,66,167.43333333333334,189.26666666666668
"2025-08-19 00:00:00",47,11,34,8,72,167.73333333333332,188.6
"2025-08-20 00:00:00",58,9,33,8,69,167.83333333333334,185.63333333333333
"2025-08-21 00:00:00",49,21,37,6,75,168.1,185.06666666666666
"2025-08-22 00:00:00",54,12,25,7,49,167.26666666666668,185.33333333333334
"2025-08-23 00:00:00",59,16,49,7,97,170.23333333333332,185.63333333333333
"2025-08-24 00:00:00",49,17,39,8,49,170.4,185.76666666666668
"2025-08-25 00:00:00",53,8,31,10,60,170.8,185.93333333333334
"2025-08-26 00:00:00",51,8,43,11,49,170.46666666666667,186.63333333333333
"2025-08-27 00:00:00",44,14,26,8,65,168.86666666666667,186.23333333333332
"2025-08-28 00:00:00",54,26,46,12,66,170.26666666666668,186.4
"2025-08-29 00:00:00",58,15,39,8,77,171.06666666666666,185
"2025-08-30 00:00:00",60,8,33,11,57,170.13333333333333,184.23333333333332
"2025-08-31 00:00:00",56,5,40,9,53,169.16666666666666,184.66666666666666
"2025-09-01 00:00:00",50,11,38,9,50,168.86666666666667,185.2
"2025-09-02 00:00:00",59,9,30,11,60,170.2,185.23333333333332
"2025-09-03 00:00:00",49,11,39,7,51,170.2,185.43333333333334
"2025-09-04 00:00:00",54,8,36,6,65,169.06666666666666,187.9
"2025-09-05 00:00:00",60,13,47,7,95,171.8,188.1
"2025-09-06 00:00:00",50,14,20,3,46,171.1,187.43333333333334
"2025-09-07 00:00:00",53,23,34,10,61,171.83333333333334,188
"2025-09-08 00:00:00",62,16,32,7,64,172.53333333333333,188
"2025-09-09 00:00:00",52,12,35,8,48,172.63333333333333,189.03333333333333
"2025-09-10 00:00:00",54,10,30,6,61,171.86666666666667,189.43333333333334
"2025-09-11 00:00:00",45,13,20,11,58,171.66666666666666,189.36666666666667
"2025-09-12 00:00:00",59,10,26,4,42,171.2,190.13333333333333
"2025-09-13 00:00:00",53,11,29,8,56,170.9,190.56666666666666
"2025-09-14 00:00:00",45,14,36,7,62,170.4,190.7
"2025-09-15 00:00:00",52,14,37,10,56,170.33333333333334,189.63333333333333
"2025-09-16 00:00:00",53,8,33,5,59,169.5,188.2
"2025-09-17 00:00:00",56,13,39,9,61,169.6,187
"2025-09-18 00:00:00",47,11,36,11,47,168.93333333333334,187.76666666666668
"2025-09-19 00:00:00",53,12,35,12,53,168.53333333333333,189.56666666666666
"2025-09-20 00:00:00",52,8,29,3,56,167.2,188.43333333333334
"2025-09-21 00:00:00",47,12,31,11,50,167.33333333333334,185.6
"2025-09-22 00:00:00",45,18,36,5,67,165.43333333333334,184.46666666666667
"2025-09-23 00:00:00",58,9,40,11,67,166.2,184.13333333333333
"2025-09-24 00:00:00",46,16,33,10,53,166.06666666666666,185.4
"2025-09-25 00:00:00",59,17,29,10,59,166.46666666666667,186.2
"2025-09-26 00:00:00",56,14,28,11,37,166.1,187.36666666666667
"2025-09-27 00:00:00",60,8,40,10,52,164.96666666666667,188.13333333333333
"2025-09-28 00:00:00",40,10,45,8,45,163.33333333333334,188.33333333333334
"2025-09-29 00:00:00",48,17,29,12,58,163.16666666666666,188.06666666666666
"2025-09-30 00:00:00",41,10,34,4,59,162.66666666666666,188.66666666666666
"2025-10-01 00:00:00",51,8,35,12,57,162.83333333333334,188.9
"2025-10-02 00:00:00",45,17,31,5,50,162.13333333333333,187.23333333333332
"2025-10-03 00:00:00",67,8,20,6,53,162.03333333333333,186
"2025-10-04 00:00:00",58,9,26,6,45,161.2,183.53333333333333
"2025-10-05 00:00:00",45,6,14,2,37,157.26666666666668,183.93333333333334
"2025-10-06 00:00:00",34,7,17,2,38,156.1,183.26666666666668
"2025-10-07 00:00:00",40,9,18,1,45,153.83333333333334,182.8
"2025-10-08 00:00:00",52,15,21,3,61,152.86666666666667,183.1
"2025-10-09 00:00:00",43,6,21,8,44,151.76666666666668,182.7
"2025-10-10 00:00:00",64,15,36,8,79,153.13333333333333,182.96666666666667
"2025-10-11 00:00:00",54,14,26,9,62,153.73333333333332,182.83333333333334
"2025-10-12 00:00:00",35,11,22,7,56,153.4,183.26666666666668
"2025-10-13 00:00:00",46,13,23,9,55,153.03333333333333,182.83333333333334
"2025-10-14 00:00:00",52,7,21,6,48,152.03333333333333,183.1
"2025-10-15 00:00:00",55,10,44,8,65,152.46666666666667,184.26666666666668
"2025-10-16 00:00:00",49,7,35,6,64,152.56666666666666,187.26666666666668
"2025-10-17 00:00:00",52,10,33,10,56,152,188.76666666666668
"2025-10-18 00:00:00",55,12,26,5,54,152,187.16666666666666
"2025-10-19 00:00:00",51,5,21,12,34,150.6,183.86666666666667
"2025-10-20 00:00:00",33,11,29,5,49,149.9,183.33333333333334
"2025-10-21 00:00:00",42,13,28,5,49,149.43333333333334,187.86666666666667
"2025-10-22 00:00:00",50,14,27,6,41,148.33333333333334,187.83333333333334
"2025-10-23 00:00:00",44,18,39,11,60,147.9,187.46666666666667
"2025-10-24 00:00:00",45,7,32,10,52,147.5,186.96666666666667
"2025-10-25 00:00:00",56,13,43,8,58,147.63333333333333,186.56666666666666
"2025-10-26 00:00:00",33,16,33,12,59,147.86666666666667,185.33333333333334
"2025-10-27 00:00:00",51,13,32,10,72,148.13333333333333,184.66666666666666
"2025-10-28 00:00:00",53,11,42,11,55,148.93333333333334,185.16666666666666
"2025-10-29 00:00:00",48,11,32,10,53,148.6,185.86666666666667
"2025-10-30 00:00:00",56,9,41,11,55,149.4,184.9
"2025-10-31 00:00:00",57,6,40,12,57,149.7,185.3
"2025-11-01 00:00:00",58,10,22,8,56,149.9,185.83333333333334
"2025-11-02 00:00:00",53,9,27,8,44,149.46666666666667,185.53333333333333
"2025-11-03 00:00:00",57,11,29,6,49,149.73333333333332,186.5
"2025-11-04 00:00:00",48,18,35,14,67,152.33333333333334,185.6
"2025-11-05 00:00:00",53,9,34,14,55,154.56666666666666,185.23333333333332
"2025-11-06 00:00:00",57,10,40,17,49,156.56666666666666,185.5
"2025-11-07 00:00:00",61,9,33,8,51,156.9,185.13333333333333
"2025-11-08 00:00:00",50,4,31,11,48,157.63333333333333,184.73333333333332
"2025-11-09 00:00:00",49,11,35,10,47,155.96666666666667,182.93333333333334
"2025-11-10 00:00:00",48,7,29,8,67,155.76666666666668,182.56666666666666
"2025-11-11 00:00:00",49,12,39,9,50,156.7,181.6
"2025-11-12 00:00:00",55,10,33,9,47,156.96666666666667,182.06666666666666
"2025-11-13 00:00:00",45,7,37,4,50,157.26666666666668,181.6
"2025-11-14 00:00:00",43,7,29,9,55,155.96666666666667,181.6
"2025-11-15 00:00:00",53,10,35,9,53,155.93333333333334,181.16666666666666
"2025-11-16 00:00:00",49,12,38,9,43,155.6,180.26666666666668
"2025-11-17 00:00:00",53,10,23,5,57,155.46666666666667,179.26666666666668
"2025-11-18 00:00:00",49,10,37,8,46,156.36666666666667,181.76666666666668
"2025-11-19 00:00:00",56,14,41,15,48,157.93333333333334,184.23333333333332
"2025-11-20 00:00:00",49,8,36,8,51,158.43333333333334,181.7
"2025-11-21 00:00:00",53,11,31,6,48,158.8,181.6
"2025-11-22 00:00:00",58,10,37,10,56,158.76666666666668,181.5
"2025-11-23 00:00:00",47,11,42,11,61,159.63333333333333,180.83333333333334
"2025-11-24 00:00:00",49,13,38,11,56,159.26666666666668,180.83333333333334
"2025-11-25 00:00:00",50,11,27,13,33,158.63333333333333,180.86666666666667
"2025-11-26 00:00:00",41,8,34,13,60,157.9,178.7
"2025-11-27 00:00:00",47,14,34,10,48,157.26666666666668,177.33333333333334
"2025-11-28 00:00:00",53,14,38,12,59,158,175.36666666666667
"2025-11-29 00:00:00",51,13,31,9,47,157.3,174.43333333333334
"2025-11-30 00:00:00",62,11,34,11,46,157.03333333333333,174.16666666666666
"2025-12-01 00:00:00",43,17,39,11,98,158.83333333333334,175.63333333333333
"2025-12-02 00:00:00",52,5,31,7,56,159.16666666666666,176.96666666666667
"2025-12-03 00:00:00",49,13,20,8,53,158.86666666666667,176.26666666666668
"2025-12-04 00:00:00",52,12,40,6,57,158.36666666666667,176.06666666666666
"2025-12-05 00:00:00",46,10,37,8,66,158.43333333333334,176.8
"2025-12-06 00:00:00",60,43,79,16,73,161.7,176.93333333333334
"2025-12-07 00:00:00",38,20,46,9,79,162.7,176.5
"2025-12-08 00:00:00",49,13,35,7,63,163.46666666666667,176.66666666666666
"2025-12-09 00:00:00",50,16,29,5,53,163.5,176.83333333333334
"2025-12-10 00:00:00",46,11,25,8,57,163.1,177.3
"2025-12-11 00:00:00",51,12,32,6,49,162.8,177
"2025-12-12 00:00:00",49,8,12,10,41,161.66666666666666,177.16666666666666
"2025-12-13 00:00:00",55,6,37,6,53,162.13333333333333,176.93333333333334
"2025-12-14 00:00:00",37,8,25,7,46,161.46666666666667,175.66666666666666
"2025-12-15 00:00:00",52,14,29,13,61,161.76666666666668,175.06666666666666
"2025-12-16 00:00:00",49,4,34,12,52,161.76666666666668,176.4
"2025-12-17 00:00:00",53,7,37,6,42,161.66666666666666,179.1
"2025-12-18 00:00:00",53,9,27,13,61,162.1,179.8
"2025-12-19 00:00:00",57,15,29,9,62,162.03333333333333,179.56666666666666
"2025-12-20 00:00:00",51,14,27,6,46,161.76666666666668,179.66666666666666
"2025-12-21 00:00:00",55,6,41,6,42,161.8,179.13333333333333
"2025-12-22 00:00:00",56,8,30,12,66,161.83333333333334,178.9
"2025-12-23 00:00:00",45,15,35,12,58,161.6,179.46666666666667
"2025-12-24 00:00:00",62,14,40,10,46,161.76666666666668,179.23333333333332
"2025-12-25 00:00:00",42,4,15,5,29,160.46666666666667,178.96666666666667
"2025-12-26 00:00:00",44,19,33,7,59,160.66666666666666,181.13333333333333
"2025-12-27 00:00:00",55,19,33,10,71,161.83333333333334,182.83333333333334
"2025-12-28 00:00:00",56,14,42,13,42,161.53333333333333,183.16666666666666
"2025-12-29 00:00:00",53,14,47,11,57,162.56666666666666,184.2
"2025-12-30 00:00:00",47,12,42,8,72,163.13333333333333,184.8
"2025-12-31 00:00:00",48,6,21,7,51,160.63333333333333,182.83333333333334
"2026-01-01 00:00:00",49,7,33,3,57,160.56666666666666,183.43333333333334
"2026-01-02 00:00:00",53,7,31,6,47,160.6,182.93333333333334
"2026-01-03 00:00:00",53,16,39,6,65,161,183.6
"2026-01-04 00:00:00",45,6,35,5,44,159.93333333333334,182.5
"2026-01-05 00:00:00",54,13,29,7,57,156.23333333333332,182.33333333333334
"2026-01-06 00:00:00",45,9,33,13,53,154.93333333333334,182.03333333333333
"2026-01-07 00:00:00",50,8,24,9,52,154.13333333333333,180.43333333333334
"2026-01-08 00:00:00",50,18,34,13,52,154.6,179.73333333333332
"2026-01-09 00:00:00",56,9,34,6,56,155.06666666666666,177.63333333333333
"2026-01-10 00:00:00",33,6,13,4,30,152.93333333333334,177.43333333333334
"2026-01-11 00:00:00",50,12,29,13,51,154.1,177.36666666666667
"2026-01-12 00:00:00",53,13,40,14,71,155.23333333333332,178.26666666666668
"2026-01-13 00:00:00",51,8,36,9,69,156.9,179.73333333333332
"2026-01-14 00:00:00",47,13,34,7,50,156.3,178.93333333333334
"2026-01-15 00:00:00",51,18,34,11,68,157.33333333333334,177.33333333333334
"2026-01-16 00:00:00",51,5,28,10,60,157.63333333333333,175.63333333333333
"2026-01-17 00:00:00",55,13,30,8,60,157.73333333333332,175.3
"2026-01-18 00:00:00",51,9,35,8,46,156.96666666666667,175.13333333333333
"2026-01-19 00:00:00",46,12,30,3,64,157.33333333333334,174.63333333333333
"2026-01-20 00:00:00",42,10,21,5,42,156.33333333333334,176.23333333333332
"2026-01-21 00:00:00",43,7,21,5,31,154.16666666666666,175.76666666666668
"2026-01-22 00:00:00",41,14,26,3,69,153.76666666666668,174.56666666666666
"2026-01-23 00:00:00",50,16,40,12,58,153.9,174.06666666666666
"2026-01-24 00:00:00",56,6,34,7,52,155.9,174.1
"2026-01-25 00:00:00",51,15,47,17,66,157.03333333333333,173.46666666666667
"2026-01-26 00:00:00",50,18,31,9,66,156.56666666666666,172.06666666666666
"2026-01-27 00:00:00",46,6,32,9,51,155.8,171
"2026-01-28 00:00:00",58,9,27,11,60,155.23333333333332,166.43333333333334
"2026-01-29 00:00:00",47,12,34,9,55,154.43333333333334,162.03333333333333
"2026-01-30 00:00:00",50,12,34,15,61,155.73333333333332,162.8
"2026-01-31 00:00:00",58,12,29,15,64,156.7,161.63333333333333
"2026-02-01 00:00:00",42,13,38,12,62,157.46666666666667,161
"2026-02-02 00:00:00",57,13,38,10,75,157.93333333333334,159.43333333333334
"2026-02-03 00:00:00",44,8,40,6,54,158.5,159.23333333333332
"2026-02-04 00:00:00",50,14,34,9,63,158.83333333333334,157.83333333333334
"2026-02-05 00:00:00",44,14,33,9,47,158.63333333333333,157.03333333333333
"2026-02-06 00:00:00",44,9,35,6,59,158.96666666666667,157.76666666666668
"2026-02-07 00:00:00",49,9,27,7,36,157.66666666666666,155.3
"2026-02-08 00:00:00",39,7,23,8,48,156.46666666666667,156.06666666666666
"2026-02-09 00:00:00",52,17,45,9,58,159.63333333333333,156.2
"2026-02-10 00:00:00",45,18,47,10,60,160.46666666666667,155.66666666666666
"2026-02-11 00:00:00",58,14,36,8,62,160.03333333333333,154.53333333333333
"2026-02-12 00:00:00",41,17,45,13,71,160.5,153.76666666666668
"2026-02-13 00:00:00",56,11,31,6,72,161.33333333333334,154.53333333333333
"2026-02-14 00:00:00",45,8,28,9,55,160.1,154.8
"2026-02-15 00:00:00",57,7,25,5,52,159.83333333333334,154.76666666666668
"2026-02-16 00:00:00",32,6,16,0,59,158.06666666666666,154.4
"2026-02-17 00:00:00",34,8,13,3,58,156.96666666666667,153.9
"2026-02-18 00:00:00",38,15,28,2,63,156.66666666666666,153.83333333333334
"2026-02-19 00:00:00",53,10,39,7,68,158.56666666666666,153.13333333333333
"2026-02-20 00:00:00",49,12,39,9,52,160.36666666666667,153.2
"2026-02-21 00:00:00",52,9,29,7,47,160.06666666666666,152.9
"2026-02-22 00:00:00",56,14,37,7,43,159.43333333333334,152.6
"2026-02-23 00:00:00",43,17,51,13,82,161.13333333333333,151.93333333333334
"2026-02-24 00:00:00",43,5,38,11,49,159.46666666666667,152.96666666666667
"2026-02-25 00:00:00",52,6,25,11,49,158.43333333333334,154.23333333333332
"2026-02-26 00:00:00",49,18,37,8,44,158.83333333333334,156.56666666666666
"2026-02-27 00:00:00",48,10,41,9,53,158.7,160.13333333333333
"2026-02-28 00:00:00",63,9,37,12,61,159.53333333333333,162.36666666666667
"2026-03-01 00:00:00",53,14,22,10,40,158.43333333333334,161.56666666666666
"2026-03-02 00:00:00",24,4,22,7,26,155.26666666666668,160.3
"2026-03-03 00:00:00",48,8,36,8,71,155.4,157.16666666666666
"2026-03-04 00:00:00",62,18,43,12,63,155.56666666666666,155.73333333333332
"2026-03-05 00:00:00",54,17,45,8,79,157.26666666666668,156.8
"2026-03-06 00:00:00",56,7,37,3,60,157.03333333333333,158.6
"2026-03-07 00:00:00",53,8,30,8,70,157.76666666666668,159.46666666666667
"2026-03-08 00:00:00",44,7,43,10,52,157.86666666666667,159.66666666666666
"2026-03-09 00:00:00",50,15,45,7,60,159.5,162.6
"2026-03-10 00:00:00",47,12,37,9,47,160.4,162.86666666666667
"2026-03-11 00:00:00",54,17,28,13,48,159.7,163.46666666666667
"2026-03-12 00:00:00",49,9,26,8,68,159.03333333333333,162.8
"2026-03-13 00:00:00",54,11,32,5,44,157.96666666666667,163.5
"2026-03-14 00:00:00",66,13,28,7,59,157.5,163
"2026-03-15 00:00:00",46,13,32,4,58,156.73333333333332,161.2
"2026-03-16 00:00:00",50,16,43,8,56,157.66666666666666,159.8
"2026-03-17 00:00:00",47,12,34,3,59,157.96666666666667,160.4
"2026-03-18 00:00:00",40,13,24,8,53,158.8,159.7
"2026-03-19 00:00:00",45,9,38,7,54,160.03333333333333,160.76666666666668
"2026-03-20 00:00:00",65,15,23,8,55,160.7,161.93333333333334
"2026-03-21 00:00:00",48,11,34,10,48,159.83333333333334,163.13333333333333
"2026-03-22 00:00:00",45,11,41,12,57,160,163.6
"2026-03-23 00:00:00",48,13,21,10,54,160.06666666666666,163.7
"2026-03-24 00:00:00",52,9,40,7,55,160.26666666666668,163.3
"2026-03-25 00:00:00",43,11,33,8,48,158.16666666666666,164.36666666666667
"2026-03-26 00:00:00",50,11,44,14,43,158.7,163.8
"2026-03-27 00:00:00",40,9,38,10,41,158.53333333333333,163.5
"2026-03-28 00:00:00",44,10,21,9,58,158.06666666666666,162.3
"2026-03-29 00:00:00",48,13,39,11,51,158.1,161.93333333333334
"2026-03-30 00:00:00",44,11,27,8,48,156.63333333333333,161.73333333333332
"2026-03-31 00:00:00",38,7,31,4,41,156.03333333333333,162.8
"2026-04-01 00:00:00",49,14,28,7,56,158.4,164.36666666666667
"2026-04-02 00:00:00",54,8,36,10,53,158.06666666666666,167.63333333333333
"2026-04-03 00:00:00",46,8,31,7,37,155.76666666666668,169.73333333333332
"2026-04-04 00:00:00",42,13,22,6,30,152.76666666666668,169.5
"2026-04-05 00:00:00",41,9,29,8,54,152.03333333333333,168.46666666666667
"2026-04-06 00:00:00",46,10,34,12,57,151.7,168.13333333333333
"2026-04-07 00:00:00",46,8,34,9,35,150.9,168.06666666666666
"2026-04-08 00:00:00",48,12,27,3,41,149.36666666666667,167.96666666666667
"2026-04-09 00:00:00",35,6,19,6,25,147.33333333333334,168.13333333333333
"2026-04-10 00:00:00",62,9,23,9,39,146.73333333333332,168.1
"2026-04-11 00:00:00",48,9,34,1,36,145.66666666666666,168.23333333333332
"2026-04-12 00:00:00",45,17,33,6,58,146.1,165.76666666666668
"2026-04-13 00:00:00",35,8,28,10,45,144.53333333333333,164.76666666666668
"2026-04-14 00:00:00",48,14,28,10,46,144.3,166.5
"2026-04-15 00:00:00",54,9,32,11,65,144.23333333333332,168.36666666666667
"2026-04-16 00:00:00",49,13,29,6,44,143.76666666666668,167.76666666666668
"2026-04-17 00:00:00",48,9,29,7,53,144.03333333333333,167.7
"2026-04-18 00:00:00",47,12,25,5,29,142.86666666666667,167.56666666666666
"2026-04-19 00:00:00",44,10,35,7,40,141.86666666666667,166.13333333333333
"2026-04-20 00:00:00",43,6,33,10,53,141.66666666666666,165.56666666666666
"2026-04-21 00:00:00",47,8,25,4,40,140.26666666666668,165.4
"2026-04-22 00:00:00",38,11,29,8,62,140.33333333333334,164.4
"2026-04-23 00:00:00",53,8,30,6,42,139.53333333333333,165.43333333333334
"2026-04-24 00:00:00",47,18,29,14,55,140.2,165.96666666666667
"2026-04-25 00:00:00",53,8,26,12,50,139.76666666666668,165.96666666666667
"2026-04-26 00:00:00",52,9,37,9,40,140.06666666666666,166.43333333333334
"2026-04-27 00:00:00",51,26,63,19,93,143.73333333333332,167.26666666666668
"2026-04-28 00:00:00",50,13,46,15,49,144.1,167.8
"2026-04-29 00:00:00",51,25,52,13,65,146.36666666666667,168.36666666666667
"2026-04-30 00:00:00",54,19,34,20,59,148.53333333333333,167.6
"2026-05-01 00:00:00",55,13,38,12,61,149.36666666666667,167.3
"2026-05-02 00:00:00",61,12,40,7,60,150,167.56666666666666
"2026-05-03 00:00:00",54,14,34,6,40,150.63333333333333,167.16666666666666
"2026-05-04 00:00:00",50,27,46,14,83,154.2,166.7
"2026-05-05 00:00:00",46,16,41,9,62,155.3,166.36666666666667
"2026-05-06 00:00:00",43,14,40,16,69,156.06666666666666,166.53333333333333
"2026-05-07 00:00:00",51,21,42,16,57,157.9,166.26666666666668
"2026-05-08 00:00:00",59,9,42,15,54,159.5,167.96666666666667
"2026-05-09 00:00:00",58,25,51,10,72,163.66666666666666,166.26666666666668
"2026-05-10 00:00:00",46,20,51,19,78,166.06666666666666,164.9
"2026-05-11 00:00:00",48,12,42,16,73,168.16666666666666,165.63333333333333
"2026-05-12 00:00:00",60,16,35,15,63,169.16666666666666,169.13333333333333
"2026-05-13 00:00:00",55,16,32,12,62,170.86666666666667,171.13333333333333
"2026-05-14 00:00:00",49,17,46,18,77,172.9,171.1
"2026-05-15 00:00:00",55,17,57,10,65,174,170.26666666666668
"2026-05-16 00:00:00",66,16,40,8,72,176.03333333333333,170.16666666666666
"2026-05-17 00:00:00",55,17,54,10,75,178.2,170.53333333333333
"2026-05-18 00:00:00",44,27,56,20,86,182.03333333333333,170.8
"2026-05-19 00:00:00",58,14,53,6,51,183.56666666666666,171.3
"2026-05-20 00:00:00",58,12,33,16,74,185.16666666666666,170.2
"2026-05-21 00:00:00",47,7,37,14,68,186.8,170.3
"2026-05-22 00:00:00",58,19,34,7,67,188.03333333333333,172.3
"2026-05-23 00:00:00",59,23,52,14,84,191.13333333333333,171.3
"2026-05-24 00:00:00",60,16,44,14,67,192.4,169.56666666666666
"2026-05-25 00:00:00",51,22,46,13,74,194.3,170.46666666666667
"2026-05-26 00:00:00",49,18,47,18,69,196.1,170.73333333333332
"2026-05-27 00:00:00",52,11,43,22,69,194.26666666666668,171.2
"2026-05-28 00:00:00",46,17,49,13,73,195.1,171.7
"2026-05-29 00:00:00",65,21,62,18,78,196.36666666666667,171.93333333333334
"2026-05-30 00:00:00",57,15,37,15,96,197.5,172.73333333333332
"2026-05-31 00:00:00",56,20,57,15,60,198.46666666666667,174.23333333333332
"2026-06-01 00:00:00",52,16,45,8,95,199.66666666666666,174.8
"2026-06-02 00:00:00",51,11,36,2,76,200.6,175.23333333333332
"2026-06-03 00:00:00",46,17,46,15,65,199.56666666666666,174.93333333333334
"2026-06-04 00:00:00",51,19,44,4,76,200.23333333333332,176.26666666666668
"2026-06-05 00:00:00",56,15,41,9,70,200.53333333333333,176
"2026-06-06 00:00:00",50,9,42,8,80,200.6,177.36666666666667
"2026-06-07 00:00:00",53,18,43,14,65,201.06666666666666,176.36666666666667
"2026-06-08 00:00:00",53,22,46,15,74,200.86666666666667,178.5
"2026-06-09 00:00:00",57,23,45,13,67,200.56666666666666,178.63333333333333
"2026-06-10 00:00:00",50,16,45,14,64,200.5,178.3
"2026-06-11 00:00:00",64,14,55,12,64,201.16666666666666,178.03333333333333
"2026-06-12 00:00:00",54,20,52,13,78,202.5,178.56666666666666
"2026-06-13 00:00:00",55,15,41,10,79,202.26666666666668,178.23333333333332
"2026-06-14 00:00:00",50,15,52,17,66,202.13333333333333,178.26666666666668
"2026-06-15 00:00:00",53,22,55,18,88,203.26666666666668,178.26666666666668
"2026-06-16 00:00:00",57,14,48,11,82,203.3,179.33333333333334
"2026-06-17 00:00:00",52,17,39,12,73,201.96666666666667,178.03333333333333
"2026-06-18 00:00:00",48,18,53,11,68,202.5,179.66666666666666
"2026-06-19 00:00:00",44,16,31,10,58,201.36666666666667,180.5
"2026-06-20 00:00:00",50,11,34,13,53,200.96666666666667,179.2
"2026-06-21 00:00:00",59,22,48,16,63,201.73333333333332,178.46666666666667
"2026-06-22 00:00:00",60,24,52,15,98,202.3,179.66666666666666
"2026-06-23 00:00:00",60,19,44,16,73,202.66666666666666,181.16666666666666
"2026-06-24 00:00:00",47,19,43,17,68,202.26666666666668,179.23333333333332
"2026-06-25 00:00:00",49,24,52,15,95,203.4,179.1
"2026-06-26 00:00:00",62,19,47,17,74,204.13333333333333,179.33333333333334
"2026-06-27 00:00:00",55,20,51,15,69,204.53333333333333,179.16666666666666
"2026-06-28 00:00:00",48,19,64,21,66,203.66666666666666,179.96666666666667
"2026-06-29 00:00:00",52,20,37,16,74,202.96666666666667,179.8
"2026-06-30 00:00:00",52,19,52,16,68,202.93333333333334,178.53333333333333
"2026-07-01 00:00:00",44,22,48,8,63,201.9,177.96666666666667
"2026-07-02 00:00:00",55,19,43,11,88,203.23333333333332,178.66666666666666
"2026-07-03 00:00:00",49,12,42,10,85,203.53333333333333,179.56666666666666