"DateTime","Container","Dry Bulk","General Cargo","Roll-on/roll-off","Tanker","7-day Moving Average","Prior Year: 7-day Moving Average"
"2019-01-01 00:00:00",316690,56940,4271,252,337592,,
"2019-01-02 00:00:00",336042,13140,3361,2982,337952,,
"2019-01-03 00:00:00",841211,0,6650,252,803428,,
"2019-01-04 00:00:00",735455,43179,26251,0,552333,,
"2019-01-05 00:00:00",748116,0,5740,252,591469,,
"2019-01-06 00:00:00",676465,47147,4212,766,827015,,
"2019-01-07 00:00:00",881328,86622,13107,773,880038,1311577.2857142857,
"2019-01-08 00:00:00",367231,27542,4292,3951,680319,1364090.2857142857,
"2019-01-09 00:00:00",815742,13140,3285,252,312349,1428560.5714285714,
"2019-01-10 00:00:00",912771,29206,9740,0,424677,1389253.857142857,
"2019-01-11 00:00:00",807681,0,2964,0,229290,1343927.7142857143,
"2019-01-12 00:00:00",505501,39788,10481,252,621042,1319854.7142857143,
"2019-01-13 00:00:00",599192,13140,8734,0,582639,1269583.4285714286,
"2019-01-14 00:00:00",907703,51345,7985,252,533553,1218007.7142857143,
"2019-01-15 00:00:00",579056,0,4343,4389,576203,1229529.857142857,
"2019-01-16 00:00:00",598828,44306,5363,267,627072,1248253.7142857143,
"2019-01-17 00:00:00",663944,70367,17715,1387,342534,1208189.7142857143,
"2019-01-18 00:00:00",864033,38397,2880,605,1032945,1336607.5714285714,
"2019-01-19 00:00:00",273690,17207,2911,252,690348,1309085.142857143,
"2019-01-20 00:00:00",790094,54354,5878,0,413012,1317604,
"2019-01-21 00:00:00",733456,13140,5451,520,595931,1295841.142857143,
"2019-01-22 00:00:00",908967,70386,3471,252,344985,1319279.857142857,
"2019-01-23 00:00:00",466058,0,8352,2255,471112,1272414.2857142857,
"2019-01-24 00:00:00",452631,76177,1604,1189,172140,1216384.857142857,
"2019-01-25 00:00:00",860665,43728,0,0,778165,1179770.4285714286,
"2019-01-26 00:00:00",965391,545,3903,4087,532837,1254392.4285714286,
"2019-01-27 00:00:00",645727,35494,5449,1019,443838,1235562.5714285714,
"2019-01-28 00:00:00",938251,0,11917,2516,1133370,1340927.857142857,
"2019-01-29 00:00:00",712301,28567,6211,0,536899,1334630.142857143,
"2019-01-30 00:00:00",798844,22263,5815,505,520551,1391801.7142857143,
"2019-01-31 00:00:00",534776,48620,3921,4014,681360,1473080.4285714286,
"2019-02-01 00:00:00",492938,36517,3211,505,666260,1404062.4285714286,
"2019-02-02 00:00:00",615340,0,3361,2812,230879,1310580.857142857,
"2019-02-03 00:00:00",595833,22263,1440,252,480696,1306146,
"2019-02-04 00:00:00",712534,98233,3819,0,901915,1253352.4285714286,
"2019-02-05 00:00:00",566110,13140,960,3386,815613,1269814.142857143,
"2019-02-06 00:00:00",503727,13140,4525,0,320594,1197529.4285714286,
"2019-02-07 00:00:00",965780,67151,10365,773,292779,1206694.7142857143,
"2019-02-08 00:00:00",619181,37086,960,6501,601193,1216050.142857143,
"2019-02-09 00:00:00",422879,10560,4222,0,668596,1252316.5714285714,
"2019-02-10 00:00:00",453389,0,1707,505,557515,1239835.4285714286,
"2019-02-11 00:00:00",763232,29064,9700,520,1092636,1265357,
"2019-02-12 00:00:00",716883,13140,5685,512,644727,1262748.142857143,
"2019-02-13 00:00:00",572453,24083,6558,267,203807,1257774.2857142857,
"2019-02-14 00:00:00",743451,43172,5696,252,482634,1248968.142857143,
"2019-02-15 00:00:00",505339,13140,1920,684,296788,1185104.142857143,
"2019-02-16 00:00:00",935763,42311,1440,1166,674855,1263572.5714285714,
"2019-02-17 00:00:00",419777,0,6486,513,363403,1231724.2857142857,
"2019-02-18 00:00:00",691251,0,9487,1023,589679,1145479.857142857,
"2019-02-19 00:00:00",258129,45893,17691,3150,359767,1046006.1428571428,
"2019-02-20 00:00:00",455738,13140,6554,54,431559,1060274.4285714286,
"2019-02-21 00:00:00",486347,47852,2030,2057,1251110,1133730.2857142857,
"2019-02-22 00:00:00",645433,40303,8140,505,631679,1206328.5714285714,
"2019-02-23 00:00:00",539216,21794,2600,520,261020,1087702.142857143,
"2019-02-24 00:00:00",513389,0,3242,1534,730590,1153213.142857143,
"2019-02-25 00:00:00",636427,34449,9331,267,330131,1113093.857142857,
"2019-02-26 00:00:00",405034,81151,4251,979,166597,1109291.142857143,
"2019-02-27 00:00:00",396308,3699,3339,0,377767,1091300.4285714286,
"2019-02-28 00:00:00",817460,50049,960,773,230927,992839.2857142857,
"2019-03-01 00:00:00",472014,51547,3469,252,859652,1001535.7142857143,
"2019-03-02 00:00:00",329802,13140,960,267,428661,994061.2857142857,
"2019-03-03 00:00:00",1448786,56984,480,505,540256,1108097.7142857143,
"2019-03-04 00:00:00",571847,13140,25155,0,601358,1136796.857142857,
"2019-03-05 00:00:00",418504,59893,3457,2052,564875,1192621,
"2019-03-06 00:00:00",532928,29418,3840,1781,124099,1179900.2857142857,
"2019-03-07 00:00:00",592561,44941,960,1923,665151,1209238.5714285714,
"2019-03-08 00:00:00",452746,0,13492,773,410369,1136445,
"2019-03-09 00:00:00",542035,54260,6061,252,401412,1169472.4285714286,
"2019-03-10 00:00:00",557915,0,2388,0,317883,1002497.4285714285,
"2019-03-11 00:00:00",922333,42008,2880,2154,579078,1050633.7142857143,
"2019-03-12 00:00:00",334704,25278,1920,6835,430853,1015035,
"2019-03-13 00:00:00",398077,0,480,3951,374919,1027229.4285714285,
"2019-03-14 00:00:00",757870,75887,10620,520,484654,1030660.1428571428,
"2019-03-15 00:00:00",930060,36248,1920,505,357903,1094839.7142857143,
"2019-03-16 00:00:00",274813,0,960,3890,404223,1049106.142857143,
"2019-03-17 00:00:00",651462,32801,5995,252,498124,1093456,
"2019-03-18 00:00:00",623590,61547,10005,535,152925,993477,
"2019-03-19 00:00:00",451985,60389,4462,219,839117,1072988.4285714286,
"2019-03-20 00:00:00",652477,53214,2472,267,422235,1123450.857142857,
"2019-03-21 00:00:00",316735,13140,4285,252,391969,1037283.8571428572,
"2019-03-22 00:00:00",904327,13140,5237,787,702854,1080099.4285714286,
"2019-03-23 00:00:00",330198,24337,4801,457,550397,1112428.7142857143,
"2019-03-24 00:00:00",893699,54121,4494,562,604126,1165052.7142857143,
"2019-03-25 00:00:00",571890,29792,3339,267,914468,1260932.142857143,
"2019-03-26 00:00:00",482008,15839,5995,868,250308,1175053.4285714286,
"2019-03-27 00:00:00",716466,22010,960,3480,574082,1201672.4285714286,
"2019-03-28 00:00:00",511642,39422,1970,1080,179371,1202687.2857142857,
"2019-03-29 00:00:00",643752,53942,5828,252,527875,1146302,
"2019-03-30 00:00:00",664141,0,5581,4473,612536,1200093.4285714286,
"2019-03-31 00:00:00",785678,13140,3574,758,491138,1162562.857142857,
"2019-04-01 00:00:00",717094,64410,20680,1590,243846,1095114.7142857143,
"2019-04-02 00:00:00",502401,0,0,3552,511182,1132559.5714285714,
"2019-04-03 00:00:00",570594,0,6241,0,297430,1069312,
"2019-04-04 00:00:00",742335,76498,4229,505,806044,1197329.857142857,
"2019-04-05 00:00:00",574972,13929,3592,252,164098,1129500.4285714286,
"2019-04-06 00:00:00",394161,7002,3860,821,276813,1043204.1428571428,
"2019-04-07 00:00:00",704389,14254,3840,2090,618148,1050123.142857143,
"2019-04-08 00:00:00",414418,4997,7453,2752,1000570,1104776.2857142857,
"2019-04-09 00:00:00",380386,44718,0,1211,206041,1049807.857142857,
"2019-04-10 00:00:00",842035,27309,2034,0,408347,1107730.857142857,
"2019-04-11 00:00:00",701816,74610,18129,2249,540298,1065943.7142857143,
"2019-04-12 00:00:00",770256,34243,5188,0,577076,1155932.142857143,
"2019-04-13 00:00:00",401250,13140,4922,252,711697,1220018.5714285714,
"2019-04-14 00:00:00",517014,96369,4498,252,1112399,1275420.142857143,
"2019-04-15 00:00:00",625458,0,2991,3399,677395,1258141.857142857,
"2019-04-16 00:00:00",404083,24365,3684,0,749291,1336580.2857142857,
"2019-04-17 00:00:00",585902,0,6764,0,128791,1256827.5714285714,
"2019-04-18 00:00:00",725125,13140,480,3981,491440,1242122.5714285714,
"2019-04-19 00:00:00",390379,100543,5101,505,403648,1172610.2857142857,
"2019-04-20 00:00:00",641445,26281,2400,0,398816,1163707.4285714286,
"2019-04-21 00:00:00",617783,482,1440,0,574767,1087127.2857142857,
"2019-04-22 00:00:00",929108,5261,12165,0,377551,1089247.5714285714,
"2019-04-23 00:00:00",434815,311,4889,2877,863640,1107120.2857142857,
"2019-04-24 00:00:00",469211,82312,7949,3560,424297,1145102.142857143,
"2019-04-25 00:00:00",634958,63578,2705,307,402468,1126509.142857143,
"2019-04-26 00:00:00",814570,8150,8029,1191,510925,1189750.4285714286,
"2019-04-27 00:00:00",804510,23909,12163,691,541027,1234516,
"2019-04-28 00:00:00",436769,0,2053,0,594024,1211426.5714285714,
"2019-04-29 00:00:00",383549,0,4302,520,825872,1195734.7142857143,
"2019-04-30 00:00:00",555633,104261,960,713,342947,1152589.2857142857,
"2019-05-01 00:00:00",523804,67754,3361,2811,635548,1187724.7142857143,
"2019-05-02 00:00:00",456744,13140,3635,1015,739099,1203384.5714285714,
"2019-05-03 00:00:00",782041,26281,3389,761,322184,1173640.5714285714,
"2019-05-04 00:00:00",548513,15820,480,0,551587,1135654.7142857143,
"2019-05-05 00:00:00",746976,0,1593,2297,339261,1143837.857142857,
"2019-05-06 00:00:00",607830,59437,29487,267,763147,1178970,
"2019-05-07 00:00:00",764123,52938,3572,3548,474020,1220925.2857142857,
"2019-05-08 00:00:00",626183,40081,8644,520,552732,1220194.4285714286,
"2019-05-09 00:00:00",647525,0,6464,2331,639582,1231947,
"2019-05-10 00:00:00",660224,0,7349,252,1174743,1333077,
"2019-05-11 00:00:00",314922,30205,1373,2287,583667,1306798.857142857,
"2019-05-12 00:00:00",413037,24020,1699,267,653284,1307110.2857142857,
"2019-05-13 00:00:00",914032,74754,14886,267,371319,1294980.4285714286,
"2019-05-14 00:00:00",678683,25498,11460,2150,448924,1276196.7142857143,
"2019-05-15 00:00:00",545244,0,8868,252,780672,1291464.5714285714,
"2019-05-16 00:00:00",426067,32528,4254,0,462103,1238471.7142857143,
"2019-05-17 00:00:00",524404,64252,10454,0,425153,1121571.142857143,
"2019-05-18 00:00:00",401222,33450,0,758,443850,1113975,
"2019-05-19 00:00:00",954791,0,728,252,621554,1183263.2857142857,
"2019-05-20 00:00:00",672464,84461,5125,1019,941584,1230319.7142857143,
"2019-05-21 00:00:00",636032,72524,3361,773,420932,1225592,
"2019-05-22 00:00:00",423397,10449,2531,0,514294,1170682.7142857143,
"2019-05-23 00:00:00",707319,26281,480,505,732695,1248158.142857143,
"2019-05-24 00:00:00",652668,0,7981,0,287910,1237343.142857143,
"2019-05-25 00:00:00",399929,0,2993,252,791908,1282457.7142857143,
"2019-05-26 00:00:00",546844,60731,960,0,200704,1172731,
"2019-05-27 00:00:00",790575,40193,18271,0,451458,1114994.2857142857,
"2019-05-28 00:00:00",481407,0,8899,4312,622682,1112662.5714285714,
"2019-05-29 00:00:00",845377,579,4805,252,722777,1201679.5714285714,
"2019-05-30 00:00:00",602601,15996,5543,0,303980,1124656.5714285714,
"2019-05-31 00:00:00",494565,45197,2400,252,240048,1100928.7142857143,
"2019-06-01 00:00:00",538421,19343,7822,6966,333800,1059681.7142857143,
"2019-06-02 00:00:00",534133,1913,3339,509,403624,1078864.7142857143,
"2019-06-03 00:00:00",747920,74387,2931,0,1754556,1261621.5714285714,
"2019-06-04 00:00:00",517820,0,12214,1375,716014,1280210.5714285714,
"2019-06-05 00:00:00",479186,22711,5537,520,617995,1216233.142857143,
"2019-06-06 00:00:00",743218,1542,1920,510,524358,1265294.4285714286,
"2019-06-07 00:00:00",574141,27530,1920,5189,358039,1291631,
"2019-06-08 00:00:00",301955,22568,5169,252,334816,1257117.7142857143,
"2019-06-09 00:00:00",606813,13140,2880,0,427082,1272317.142857143,
"2019-06-10 00:00:00",517835,29985,5692,2415,1021751,1129157.857142857,
"2019-06-11 00:00:00",663186,14810,7254,2530,269359,1087689,
"2019-06-12 00:00:00",663880,48378,4169,252,857402,1151708,
"2019-06-13 00:00:00",659110,56597,6016,1541,553746,1152488.4285714286,
"2019-06-14 00:00:00",388498,81383,1440,0,312807,1126389.7142857143,
"2019-06-15 00:00:00",630832,44696,480,1975,374739,1181813,
"2019-06-16 00:00:00",437840,18705,2262,505,394478,1153795.2857142857,
"2019-06-17 00:00:00",534039,0,5896,560,579247,1088375.7142857143,
"2019-06-18 00:00:00",715312,11972,6538,0,256730,1093148.857142857,
"2019-06-19 00:00:00",1089605,0,10660,4239,380948,1080487.5714285714,
"2019-06-20 00:00:00",855035,0,5606,513,425502,1081865.4285714286,
"2019-06-21 00:00:00",466052,68649,3697,505,587174,1130715.2857142857,
"2019-06-22 00:00:00",499021,18036,2599,1011,761225,1163453.7142857143,
"2019-06-23 00:00:00",403641,37445,8504,2610,200390,1134710.5714285714,
"2019-06-24 00:00:00",578448,0,23674,0,975846,1200171.142857143,
"2019-06-25 00:00:00",379557,13140,6886,1663,788129,1228574.4285714286,
"2019-06-26 00:00:00",851395,4164,3953,0,292474,1180936.2857142857,
"2019-06-27 00:00:00",391214,33619,7284,762,347121,1108556.857142857,
"2019-06-28 00:00:00",547258,19581,2880,520,544838,1106985.4285714286,
"2019-06-29 00:00:00",475954,17813,2771,1029,498719,1066184.5714285714,
"2019-06-30 00:00:00",916310,0,7053,557,308292,1148987.7142857143,
"2019-07-01 00:00:00",508605,0,5343,0,740500,1102770.7142857143,
"2019-07-02 00:00:00",643797,66319,2749,1884,363863,1086947.5714285714,
"2019-07-03 00:00:00",498483,127858,4548,0,368936,1065210.2857142857,
"2019-07-04 00:00:00",676916,50218,1179,252,682246,1155326.142857143,
"2019-07-05 00:00:00",1034992,0,3853,3074,721830,1247993.5714285714,
"2019-07-06 00:00:00",401223,0,2314,1017,272798,1202431.4285714286,
"2019-07-07 00:00:00",590568,0,5282,2701,924712,1244010.142857143,
"2019-07-08 00:00:00",286765,13140,23059,0,477499,1179155.2857142857,
"2019-07-09 00:00:00",631495,30865,1920,252,863099,1243300.7142857143,
"2019-07-10 00:00:00",802624,56160,2880,252,375568,1277252.2857142857,
"2019-07-11 00:00:00",772333,32739,1440,520,464881,1257409.857142857,
"2019-07-12 00:00:00",557972,0,2572,765,219207,1116947.857142857,
"2019-07-13 00:00:00",493147,0,14018,917,299916,1135611.5714285714,
"2019-07-14 00:00:00",563542,0,6796,0,193653,1027144,
"2019-07-15 00:00:00",552613,4640,8212,267,961138,1130916.4285714286,
"2019-07-16 00:00:00",839548,13140,5710,0,301050,1078318.857142857,
"2019-07-17 00:00:00",918327,27601,3095,2051,688722,1135791.7142857143,
"2019-07-18 00:00:00",546263,0,1055,252,302256,1075493.4285714286,
"2019-07-19 00:00:00",704821,105886,243,6812,364283,1132855,
"2019-07-20 00:00:00",515640,28471,960,252,665307,1190374,
"2019-07-21 00:00:00",411702,1733,7046,2081,566599,1222541.4285714286,
"2019-07-22 00:00:00",544034,30789,8786,4177,571365,1170010.142857143,
"2019-07-23 00:00:00",639886,75424,3896,252,846354,1228062.2857142857,
"2019-07-24 00:00:00",639783,27091,8561,252,501944,1162038.857142857,
"2019-07-25 00:00:00",623129,0,7084,0,221393,1162293,
"2019-07-26 00:00:00",518909,45767,4696,1538,455660,1140082.142857143,
"2019-07-27 00:00:00",719524,56296,960,3083,739502,1184187.142857143,
"2019-07-28 00:00:00",585706,30648,1405,0,256822,1167818.4285714286,
"2019-07-29 00:00:00",651227,55259,9808,267,345495,1153947.7142857143,
"2019-07-30 00:00:00",344876,0,22026,3651,492803,1053596.857142857,
"2019-07-31 00:00:00",987544,0,11556,0,667737,1123483.142857143,
"2019-08-01 00:00:00",509349,0,480,1023,260533,1112023.142857143,
"2019-08-02 00:00:00",786282,100416,1418,0,578892,1174942.857142857,
"2019-08-03 00:00:00",557316,17735,960,252,655330,1133832.5714285714,
"2019-08-04 00:00:00",751721,4837,3858,0,256590,1154179,
"2019-08-05 00:00:00",548467,0,5096,1523,495373,1152522.2857142857,
"2019-08-06 00:00:00",728759,103874,2550,0,542964,1226063.5714285714,
"2019-08-07 00:00:00",581885,0,4716,1912,495209,1142761.4285714286,
"2019-08-08 00:00:00",818362,49369,2958,0,424481,1217587.7142857143,
"2019-08-09 00:00:00",640871,26796,6457,765,391098,1160299.142857143,
"2019-08-10 00:00:00",678771,0,1106,1602,245956,1116847.857142857,
"2019-08-11 00:00:00",576923,1534,3391,252,595634,1139809.142857143,
"2019-08-12 00:00:00",563364,0,8082,0,491082,1141533.142857143,
"2019-08-13 00:00:00",445149,99024,10192,0,376343,1077613.4285714286,
"2019-08-14 00:00:00",777160,44407,1920,520,467018,1107228.5714285714,
"2019-08-15 00:00:00",308451,36074,5771,1280,547925,1050704.5714285714,
"2019-08-16 00:00:00",890202,0,0,267,168907,1049760,
"2019-08-17 00:00:00",463627,72,3967,2300,613371,1072032,
"2019-08-18 00:00:00",521706,0,2847,0,387360,1034057.4285714285,
"2019-08-19 00:00:00",348117,1642,11596,0,1125175,1094629.2857142857,
"2019-08-20 00:00:00",525164,31846,960,505,804501,1156381.857142857,
"2019-08-21 00:00:00",867339,0,2901,267,454058,1161173.142857143,
"2019-08-22 00:00:00",617024,13852,4179,0,699371,1223305.2857142857,
"2019-08-23 00:00:00",659632,13140,9144,0,507782,1241922.7142857143,
"2019-08-24 00:00:00",560280,45081,2880,5810,611860,1262290.2857142857,
"2019-08-25 00:00:00",410488,961,3552,0,318326,1236778.142857143,
"2019-08-26 00:00:00",612459,42779,9732,458,400079,1176632.142857143,
"2019-08-27 00:00:00",526596,0,1920,252,138687,1077272,
"2019-08-28 00:00:00",669131,0,17213,0,343579,1035180.1428571428,
"2019-08-29 00:00:00",484043,1113,11251,2651,929172,1048580.7142857143,
"2019-08-30 00:00:00",886439,45575,387,3496,579500,1095109.142857143,
"2019-08-31 00:00:00",144516,8478,3822,505,191722,969842.2857142857,
"2019-09-01 00:00:00",625896,31306,1939,969,448734,1023487.5714285715,
"2019-09-02 00:00:00",856410,952,4299,252,409390,1052886.857142857,
"2019-09-03 00:00:00",387891,2879,3361,267,680803,1111136.2857142857,
"2019-09-04 00:00:00",608317,13140,10021,374,343440,1103332,
"2019-09-05 00:00:00",629040,22461,5724,252,610141,1080387.4285714286,
"2019-09-06 00:00:00",1152257,56780,16149,0,384205,1093815,
"2019-09-07 00:00:00",415842,0,14140,0,330687,1152618.7142857143,
"2019-09-08 00:00:00",334945,0,2400,252,339568,1090950.4285714286,
"2019-09-09 00:00:00",471969,14600,5007,0,880661,1105369.5714285714,
"2019-09-10 00:00:00",523450,0,3687,2282,387887,1082813.142857143,
"2019-09-11 00:00:00",514963,8886,4052,252,831036,1137655.4285714286,
"2019-09-12 00:00:00",666601,69893,4801,1449,244191,1097557.857142857,
"2019-09-13 00:00:00",721255,20754,960,0,685641,1071732,
"2019-09-14 00:00:00",601934,0,4251,252,498350,1120891.857142857,
"2019-09-15 00:00:00",825728,13619,3076,3775,690549,1243689,
"2019-09-16 00:00:00",834927,15456,6002,0,588847,1254116.7142857143,
"2019-09-17 00:00:00",548956,17745,960,2624,325875,1251095.857142857,
"2019-09-18 00:00:00",402486,44607,2605,505,693622,1220329.7142857143,
"2019-09-19 00:00:00",864459,0,3286,267,321680,1249295,
"2019-09-20 00:00:00",432116,0,21186,0,645069,1202117.857142857,
"2019-09-21 00:00:00",416498,33839,3569,505,571835,1190897.5714285714,
"2019-09-22 00:00:00",458524,2226,5738,219,360351,1089513.5714285714,
"2019-09-23 00:00:00",633995,35067,9944,1029,675616,1076716.5714285714,
"2019-09-24 00:00:00",523034,20601,1814,876,272155,1065619.2857142857,
"2019-09-25 00:00:00",673501,17094,7038,0,488815,1071708.2857142857,
"2019-09-26 00:00:00",826950,0,93,964,612665,1107562.5714285714,
"2019-09-27 00:00:00",807383,0,7158,763,745912,1173683.4285714286,
"2019-09-28 00:00:00",233984,1096,0,252,909280,1190592.857142857,
"2019-09-29 00:00:00",591168,23082,7318,2828,361007,1213213.5714285714,
"2019-09-30 00:00:00",680991,20918,6307,505,478112,1189096.5714285714,
"2019-10-01 00:00:00",610401,26281,4243,505,651198,1256832.2857142857,
"2019-10-02 00:00:00",721748,13140,4079,748,403147,1250605.7142857143,
"2019-10-03 00:00:00",720145,98595,0,1533,413798,1221091.2857142857,
"2019-10-04 00:00:00",856876,51136,7065,0,871972,1253353.142857143,
"2019-10-05 00:00:00",366415,13140,7634,2804,446157,1209287.2857142857,
"2019-10-06 00:00:00",624240,0,5711,773,544196,1236361,
"2019-10-07 00:00:00",818382,57517,4764,512,499594,1264066,
"2019-10-08 00:00:00",379843,32206,14623,1543,583446,1223927.7142857143,
"2019-10-09 00:00:00",493512,20128,12947,601,665211,1231004.4285714286,
"2019-10-10 00:00:00",567577,41353,10023,1018,788006,1255848.142857143,
"2019-10-11 00:00:00",776598,13140,1920,252,335679,1161639.857142857,
"2019-10-12 00:00:00",388686,101881,1212,1855,837265,1232318.142857143,
"2019-10-13 00:00:00",887750,22775,3303,998,324751,1241554.857142857,
"2019-10-14 00:00:00",470461,132253,9337,1465,814541,1248310.2857142857,
"2019-10-15 00:00:00",736508,44337,1389,252,128830,1233975.2857142857,
"2019-10-16 00:00:00",749070,105924,2880,252,916669,1317174.7142857143,
"2019-10-17 00:00:00",392427,5197,7061,841,254440,1210316,
"2019-10-18 00:00:00",605138,16459,2378,1799,216722,1169588.2857142857,
"2019-10-19 00:00:00",369174,49319,8626,0,430328,1101952.2857142857,
"2019-10-20 00:00:00",618052,59469,5083,0,398826,1079359.857142857,
"2019-10-21 00:00:00",648046,11764,5926,0,358365,1021651.8571428572,
"2019-10-22 00:00:00",562306,22787,1920,267,670184,1071101.5714285714,
"2019-10-23 00:00:00",561446,0,8896,0,1098787,1056006.2857142857,
"2019-10-24 00:00:00",821138,31432,6728,520,402543,1142062.857142857,
"2019-10-25 00:00:00",585712,31306,8446,0,338328,1159390.857142857,
"2019-10-26 00:00:00",659337,2729,5716,7118,640470,1224808.2857142857,
"2019-10-27 00:00:00",559298,48526,4437,252,489197,1227705.7142857143,
"2019-10-28 00:00:00",537879,38376,2050,1361,623108,1253230.7142857143,
"2019-10-29 00:00:00",653027,5197,12779,252,522426,1244118.857142857,
"2019-10-30 00:00:00",327224,36854,3361,252,409150,1116649.2857142857,
"2019-10-31 00:00:00",1176039,0,60,917,1051767,1254709.4285714286,
"2019-11-01 00:00:00",874002,15624,4351,0,479221,1313195.7142857143,
"2019-11-02 00:00:00",626457,43346,3869,0,552438,1300444.2857142857,
"2019-11-03 00:00:00",522180,62236,3418,252,449726,1291316,
"2019-11-04 00:00:00",538937,13140,5364,267,1040168,1347759,
"2019-11-05 00:00:00",931729,13140,4801,252,383961,1367788,
"2019-11-06 00:00:00",421695,13140,5837,267,671258,1415696,
"2019-11-07 00:00:00",834929,33839,8641,4246,205895,1252662.7142857143,
"2019-11-08 00:00:00",480956,28971,712,0,283837,1169988.5714285714,
"2019-11-09 00:00:00",702323,20882,262,0,1047083,1247765.857142857,
"2019-11-10 00:00:00",832583,20405,7029,1378,364946,1274698.4285714286,
"2019-11-11 00:00:00",525704,13140,8214,267,278991,1164475.7142857143,
"2019-11-12 00:00:00",387469,0,0,763,391332,1085286.857142857,
"2019-11-13 00:00:00",289690,44855,480,2419,745984,1081176.857142857,
"2019-11-14 00:00:00",1063436,81488,4650,252,326766,1136754.2857142857,
"2019-11-15 00:00:00",898162,13140,4723,267,340788,1202840.4285714286,
"2019-11-16 00:00:00",751555,55010,1440,2145,229967,1098492.857142857,
"2019-11-17 00:00:00",750373,4434,2400,764,326727,1078258.142857143,
"2019-11-18 00:00:00",416007,60517,8416,1224,379193,1083835.2857142857,
"2019-11-19 00:00:00",532875,85086,3840,773,471613,1128781.857142857,
"2019-11-20 00:00:00",592773,0,18057,0,898467,1189620.2857142857,
"2019-11-21 00:00:00",695699,2432,1638,3063,779110,1190384.4285714286,
"2019-11-22 00:00:00",848188,9347,7805,0,596364,1219616.4285714286,
"2019-11-23 00:00:00",511439,0,0,0,383915,1198935.857142857,
"2019-11-24 00:00:00",921221,68712,7753,252,331247,1233862.7142857143,
"2019-11-25 00:00:00",646366,26281,5901,267,621073,1295938.5714285714,
"2019-11-26 00:00:00",581927,49904,3585,252,320612,1276237.5714285714,
"2019-11-27 00:00:00",606453,69270,2315,0,721237,1260520.142857143,
"2019-11-28 00:00:00",446239,57901,2400,2705,426631,1182510.857142857,
"2019-11-29 00:00:00",463478,117359,1130,505,373574,1110274.142857143,
"2019-11-30 00:00:00",493658,0,5820,1029,713109,1155740.142857143,
"2019-12-01 00:00:00",621994,9989,1920,0,634062,1146994.2857142857,
"2019-12-02 00:00:00",598587,0,6291,2390,578307,1130663.7142857143,
"2019-12-03 00:00:00",1107196,53083,960,252,320592,1205778.2857142857,
"2019-12-04 00:00:00",411724,26195,2400,512,512183,1142027,
"2019-12-05 00:00:00",679015,36129,7779,2304,488219,1181679.857142857,
"2019-12-06 00:00:00",648498,349,6061,2056,250951,1174803.857142857,
"2019-12-07 00:00:00",485574,27824,785,0,313528,1119674.5714285714,
"2019-12-08 00:00:00",753964,26168,2880,509,890822,1177728.5714285714,
"2019-12-09 00:00:00",573886,16975,4648,3539,823802,1211625,
"2019-12-10 00:00:00",758454,26281,4120,1791,437663,1175371.857142857,
"2019-12-11 00:00:00",566981,0,4535,252,521802,1195451.142857143,
"2019-12-12 00:00:00",666017,41697,1920,2282,401434,1181151.857142857,
"2019-12-13 00:00:00",554524,29543,8645,758,320128,1181963.7142857143,
"2019-12-14 00:00:00",733008,13140,5448,252,421366,1231321.5714285714,
"2019-12-15 00:00:00",382479,63662,4408,0,774120,1167082.4285714286,
"2019-12-16 00:00:00",547749,13140,6001,252,514076,1118278.142857143,
"2019-12-17 00:00:00",615998,27507,1920,505,467986,1101936,
"2019-12-18 00:00:00",670842,13613,17304,0,748654,1152913.4285714286,
"2019-12-19 00:00:00",738581,24787,15340,505,462187,1171206.142857143,
"2019-12-20 00:00:00",614319,58359,11680,0,503445,1210378.142857143,
"2019-12-21 00:00:00",553853,27364,2400,252,246690,1161427.5714285714,
"2019-12-22 00:00:00",632744,26281,11227,267,596362,1167457.857142857,
"2019-12-23 00:00:00",672911,13140,5745,1103,715290,1214168,
"2019-12-24 00:00:00",584003,117631,3276,942,319273,1201483.7142857143,
"2019-12-25 00:00:00",659569,13140,480,773,744126,1196866,
"2019-12-26 00:00:00",423453,1367,4424,1270,365436,1133230.4285714286,
"2019-12-27 00:00:00",452361,57100,7628,252,272538,1076384.2857142857,
"2019-12-28 00:00:00",1019215,42343,2508,252,353681,1160304,
"2019-12-29 00:00:00",447389,26281,3186,0,547401,1125643.4285714286,
"2019-12-30 00:00:00",669892,13140,8800,0,871228,1147767.7142857143,
"2019-12-31 00:00:00",740848,13140,2650,267,242847,1144142.857142857,
"2020-01-01 00:00:00",348203,0,14478,252,841325,1113595.857142857,
"2020-01-02 00:00:00",685832,0,3931,0,660271,1192750.4285714286,
"2020-01-03 00:00:00",952476,0,5276,0,289510,1258090.7142857143,
"2020-01-04 00:00:00",541655,0,3616,252,535732,1209984.4285714286,
"2020-01-05 00:00:00",699792,33839,1404,0,427487,1229736.4285714286,
"2020-01-06 00:00:00",631695,139007,11692,252,645338,1210439.857142857,
"2020-01-07 00:00:00",326137,0,6046,2166,486040,1184816.4285714286,1311577.2857142857
"2020-01-08 00:00:00",613866,0,1899,0,495679,1171557,1364090.2857142857
"2020-01-09 00:00:00",320450,13548,10846,252,1079884,1182263.857142857,1428560.5714285714
"2020-01-10 00:00:00",569642,23088,5170,505,319887,1135268.2857142857,1389253.857142857
"2020-01-11 00:00:00",748900,0,9326,511,595336,1174242.142857143,1343927.7142857143
"2020-01-12 00:00:00",834955,0,15541,0,542562,1207175.7142857143,1319854.7142857143
"2020-01-13 00:00:00",520557,4756,13906,267,505602,1152476.4285714286,1269583.4285714286
"2020-01-14 00:00:00",486777,0,2880,535,578432,1187938.5714285714,1218007.7142857143
"2020-01-15 00:00:00",506139,2760,2763,0,787201,1214712.857142857,1229529.857142857
"2020-01-16 00:00:00",736649,125202,1090,762,383686,1189342.5714285714,1248253.7142857143
"2020-01-17 00:00:00",436445,42937,2400,0,650816,1219957.7142857143,1208189.7142857143
"2020-01-18 00:00:00",766824,13140,0,252,443653,1201357.2857142857,1336607.5714285714
"2020-01-19 00:00:00",1194158,0,5525,0,417971,1233442.5714285714,1309085.142857143
"2020-01-20 00:00:00",404659,86706,5987,0,981737,1295442.5714285714,1317604
"2020-01-21 00:00:00",452028,0,1223,520,579901,1290449.2857142857,1295841.142857143
"2020-01-22 00:00:00",595660,13140,1674,505,248132,1227627.5714285714,1319279.857142857
"2020-01-23 00:00:00",742441,53807,2050,2857,523023,1238597.5714285714,1272414.2857142857
"2020-01-24 00:00:00",789610,86659,2774,505,667339,1297781.5714285714,1216384.857142857
"2020-01-25 00:00:00",441806,0,1214,1787,664442,1281407.142857143,1179770.4285714286
"2020-01-26 00:00:00",640994,47966,6288,2449,590888,1234397.5714285714,1254392.4285714286
"2020-01-27 00:00:00",768295,80053,23754,0,699414,1247601.4285714286,1235562.5714285714
"2020-01-28 00:00:00",523681,122336,6346,505,431257,1254809.4285714286,1340927.857142857
"2020-01-29 00:00:00",923504,66015,3424,1018,341044,1322794.2857142857,1334630.142857143
"2020-01-30 00:00:00",400293,70309,3808,758,634676,1292175,1391801.7142857143
"2020-01-31 00:00:00",458973,154695,13411,252,330718,1208055.5714285714,1473080.4285714286
"2020-02-01 00:00:00",1159436,98267,8105,252,1193348,1400935.7142857143,1404062.4285714286
"2020-02-02 00:00:00",244396,13140,447,3768,251577,1290184.4285714286,1310580.857142857
"2020-02-03 00:00:00",718881,26281,5238,0,394510,1229240.5714285714,1306146
"2020-02-04 00:00:00",528304,14636,4639,252,325154,1199077.7142857143,1253352.4285714286
"2020-02-05 00:00:00",637401,56728,5332,0,573652,1190236,1269814.142857143
"2020-02-06 00:00:00",468018,84452,4303,594,1002600,1254539.142857143,1197529.4285714286
"2020-02-07 00:00:00",490066,45562,2453,252,644216,1286610.2857142857,1206694.7142857143
"2020-02-08 00:00:00",314498,86729,1418,252,398812,1049796,1216050.142857143
"2020-02-09 00:00:00",485463,0,3750,0,752345,1153828.857142857,1252316.5714285714
"2020-02-10 00:00:00",493568,13140,7538,252,576912,1146186.142857143,1239835.4285714286
"2020-02-11 00:00:00",311493,13140,4151,267,655787,1162165,1265357
"2020-02-12 00:00:00",710360,31072,5197,252,593655,1171796.857142857,1262748.142857143
"2020-02-13 00:00:00",592590,33839,328,0,270573,1077134.4285714286,1257774.2857142857
"2020-02-14 00:00:00",484230,2737,5712,0,631257,1068761.2857142857,1248968.142857143
"2020-02-15 00:00:00",553581,0,2522,3910,584133,1117680.857142857,1185104.142857143
"2020-02-16 00:00:00",549491,0,16740,758,265295,1059213.142857143,1263572.5714285714
"2020-02-17 00:00:00",375190,0,5281,267,752014,1065119.142857143,1231724.2857142857
"2020-02-18 00:00:00",387220,33052,8440,0,721094,1088685.857142857,1145479.857142857
"2020-02-19 00:00:00",715628,0,2426,267,210485,1029867.2857142857,1046006.1428571428
"2020-02-20 00:00:00",980769,66167,2400,2108,1159034,1217460.142857143,1060274.4285714286
"2020-02-21 00:00:00",468046,54824,5916,0,353610,1182954.2857142857,1133730.2857142857
"2020-02-22 00:00:00",290635,18799,7052,0,599740,1150394.4285714286,1206328.5714285714
"2020-02-23 00:00:00",563794,64060,5784,267,442794,1185311,1087702.142857143
"2020-02-24 00:00:00",572327,54715,7025,0,397412,1170843.4285714286,1153213.142857143
"2020-02-25 00:00:00",577805,0,9082,0,513480,1163780.7142857143,1113093.857142857
"2020-02-26 00:00:00",610970,13140,5197,252,511120,1194048.4285714286,1109291.142857143
"2020-02-27 00:00:00",909943,20010,1440,307,352331,1061698.857142857,1091300.4285714286
"2020-02-28 00:00:00",543991,48472,5034,3340,731542,1125982.2857142857,992839.2857142857
"2020-02-29 00:00:00",843903,13550,4274,0,709602,1219568.2857142857,1001535.7142857143
"2020-03-01 00:00:00",325580,49918,2880,0,905920,1249225.4285714286,994061.2857142857
"2020-03-02 00:00:00",627843,0,4757,2624,352885,1243029.5714285714,1108097.7142857143
"2020-03-03 00:00:00",774056,27896,4291,0,544497,1278797.142857143,1136796.857142857
"2020-03-04 00:00:00",463257,21279,3299,1541,843082,1306194,1192621
"2020-03-05 00:00:00",567123,92690,231,0,457197,1282366.5714285714,1179900.2857142857
"2020-03-06 00:00:00",657449,34450,1824,458,367550,1243702.5714285714,1209238.5714285714
"2020-03-07 00:00:00",553843,0,1651,505,733873,1203494.4285714286,1136445
"2020-03-08 00:00:00",828836,13140,2400,457,591632,1225232.5714285714,1169472.4285714286
"2020-03-09 00:00:00",670036,6340,9637,773,478755,1250580.142857143,1002497.4285714285
"2020-03-10 00:00:00",619454,50064,2940,1033,556571,1233340.7142857143,1050633.7142857143
"2020-03-11 00:00:00",394003,67493,6393,252,648830,1202557.142857143,1015035
"2020-03-12 00:00:00",929774,0,19874,0,489369,1248525.142857143,1027229.4285714285
"2020-03-13 00:00:00",675085,5197,960,0,575727,1276416.2857142857,1030660.1428571428
"2020-03-14 00:00:00",376284,113379,4236,2444,743689,1269296.2857142857,1094839.7142857143
"2020-03-15 00:00:00",987084,39855,10490,512,592305,1296979.2857142857,1049106.142857143
"2020-03-16 00:00:00",378418,208346,4236,267,386667,1270178.2857142857,1093456
"2020-03-17 00:00:00",604628,13140,2550,252,466158,1249701.857142857,993477
"2020-03-18 00:00:00",484087,0,3901,1035,223390,1191907.4285714286,1072988.4285714286
"2020-03-19 00:00:00",976872,51010,2400,0,475720,1201476.857142857,1123450.857142857
"2020-03-20 00:00:00",853121,0,19732,4148,394247,1203516.5714285714,1037283.8571428572
"2020-03-21 00:00:00",419920,0,5364,0,464248,1153445,1080099.4285714286
"2020-03-22 00:00:00",518171,30359,1289,0,613221,1086701,1112428.7142857143
"2020-03-23 00:00:00",705545,0,5389,252,631745,1138843.4285714286,1165052.7142857143
"2020-03-24 00:00:00",388916,33997,5608,252,556461,1124344.4285714286,1260932.142857143
"2020-03-25 00:00:00",525893,31903,960,267,409642,1160952,1175053.4285714286
"2020-03-26 00:00:00",375493,16519,8767,0,397549,1059855.5714285714,1201672.4285714286
"2020-03-27 00:00:00",829298,34449,16804,0,332587,1051554.142857143,1202687.2857142857
"2020-03-28 00:00:00",507921,36128,3466,520,276338,1042246,1146302
"2020-03-29 00:00:00",695281,13140,1834,1752,334821,1025644.5714285715,1200093.4285714286
"2020-03-30 00:00:00",614142,47389,4430,758,480475,997682.1428571428,1162562.857142857
"2020-03-31 00:00:00",818895,26281,1920,3336,376270,1032177.4285714285,1095114.7142857143
"2020-04-01 00:00:00",580981,28594,5764,3036,683555,1079786.857142857,1132559.5714285714
"2020-04-02 00:00:00",417987,37270,5902,2858,743001,1138171.2857142857,1069312
"2020-04-03 00:00:00",531804,13140,2880,252,678484,1140089.142857143,1197329.857142857
"2020-04-04 00:00:00",762678,0,2378,252,218876,1162919.142857143,1129500.4285714286
"2020-04-05 00:00:00",747340,31930,2101,0,873436,1249773,1043204.1428571428
"2020-04-06 00:00:00",692663,48328,3339,0,348299,1241977.857142857,1050123.142857143
"2020-04-07 00:00:00",774090,0,0,520,463529,1243611.5714285714,1104776.2857142857
"2020-04-08 00:00:00",454840,0,5275,252,466454,1190024.2857142857,1049807.857142857
"2020-04-09 00:00:00",550820,46979,1920,252,993826,1245278.5714285714,1107730.857142857
"2020-04-10 00:00:00",383769,32391,960,0,736258,1234823.5714285714,1065943.7142857143
"2020-04-11 00:00:00",497139,0,960,505,369165,1218192.7142857143,1155932.142857143
"2020-04-12 00:00:00",702390,36881,7443,0,460534,1154255.857142857,1220018.5714285714
"2020-04-13 00:00:00",574297,67470,6443,0,810456,1206546.857142857,1275420.142857143
"2020-04-14 00:00:00",672038,37078,4672,0,860613,1254584.5714285714,1258141.857142857
"2020-04-15 00:00:00",268639,26281,3382,252,405899,1222817.857142857,1336580.2857142857
"2020-04-16 00:00:00",499472,77364,6539,1116,225049,1110781.142857143,1256827.5714285714
"2020-04-17 00:00:00",393078,0,2154,0,516386,1076244,1242122.5714285714
"2020-04-18 00:00:00",454105,73354,6964,0,246026,1063769.7142857143,1172610.2857142857
"2020-04-19 00:00:00",362173,20356,6047,0,293556,988753,1163707.4285714286
"2020-04-20 00:00:00",409511,0,2183,2419,776909,950518.2857142857,1087127.2857142857
"2020-04-21 00:00:00",996597,13140,1855,0,551612,948918.5714285715,1089247.5714285714
"2020-04-22 00:00:00",367320,13140,4801,267,595851,988479.5714285715,1107120.2857142857
"2020-04-23 00:00:00",551054,0,1920,0,425821,1012658.5714285715,1145102.142857143
"2020-04-24 00:00:00",407737,0,0,0,437979,1003243.8571428572,1126509.142857143
"2020-04-25 00:00:00",510513,35267,5990,509,418946,1030497.7142857143,1189750.4285714286
"2020-04-26 00:00:00",516629,0,2382,252,507383,1079714.142857143,1234516
"2020-04-27 00:00:00",586419,0,5722,0,284432,1034792.7142857143,1211426.5714285714
"2020-04-28 00:00:00",771070,5527,5131,460,309293,967403.8571428572,1195734.7142857143
"2020-04-29 00:00:00",726938,16023,12555,252,251863,971153.8571428572,1152589.2857142857
"2020-04-30 00:00:00",517677,13140,6138,0,1040337,1056653.5714285714,1187724.7142857143
"2020-05-01 00:00:00",533361,21066,156,0,430672,1076588,1203384.5714285714
"2020-05-02 00:00:00",674256,0,2173,0,340164,1083068.857142857,1173640.5714285714
"2020-05-03 00:00:00",505471,13140,11356,0,277971,1051824.857142857,1135654.7142857143
"2020-05-04 00:00:00",249102,22568,2400,267,247298,1001119.7142857143,1143837.857142857
"2020-05-05 00:00:00",645600,0,5107,510,721766,1041334.1428571428,1178970
"2020-05-06 00:00:00",809670,0,5247,252,273159,1052862.4285714286,1220925.2857142857
"2020-05-07 00:00:00",518987,38209,960,0,591746,991806.7142857143,1220194.4285714286
"2020-05-08 00:00:00",512734,0,2471,267,425720,985511.8571428572,1231947
"2020-05-09 00:00:00",447367,27441,2307,0,223187,940327.7142857143,1333077
"2020-05-10 00:00:00",601714,0,4018,252,539392,988533.1428571428,1306798.857142857
"2020-05-11 00:00:00",412749,0,2378,0,335953,1021310.8571428572,1307110.2857142857
"2020-05-12 00:00:00",483438,319,2165,505,638360,985854.4285714285,1294980.4285714286
"2020-05-13 00:00:00",497209,0,2507,0,720361,1004675.5714285715,1276196.7142857143
"2020-05-14 00:00:00",469752,0,3318,252,463949,974299.7142857143,1291464.5714285714
"2020-05-15 00:00:00",494631,24188,480,0,503535,985962.8571428572,1238471.7142857143
"2020-05-16 00:00:00",458228,36069,990,0,705131,1057408,1121571.142857143
"2020-05-17 00:00:00",413553,0,2400,0,354607,1003862.7142857143,1113975
"2020-05-18 00:00:00",416898,13140,5714,510,427030,1019893,1183263.2857142857
"2020-05-19 00:00:00",777590,4997,2052,0,263343,1008920.8571428572,1230319.7142857143
"2020-05-20 00:00:00",334670,35673,2809,252,522918,962670.4285714285,1225592
"2020-05-21 00:00:00",413565,0,5200,0,1129490,1049953.7142857143,1170682.7142857143
"2020-05-22 00:00:00",527876,34997,8406,505,620185,1074116.142857143,1248158.142857143
"2020-05-23 00:00:00",650214,7560,4801,0,211761,1027532.8571428572,1237343.142857143
"2020-05-24 00:00:00",642033,0,1552,0,625255,1098715.5714285714,1282457.7142857143
"2020-05-25 00:00:00",702156,0,2199,0,387757,1131404,1172731
"2020-05-26 00:00:00",432387,0,4299,267,740262,1149865.5714285714,1114994.2857142857
"2020-05-27 00:00:00",305378,13140,1158,0,340599,1116144.4285714286,1112662.5714285714
"2020-05-28 00:00:00",903035,0,960,0,280385,1064162.2857142857,1201679.5714285714
"2020-05-29 00:00:00",563412,25481,4549,2165,827158,1097133.142857143,1124656.5714285714
"2020-05-30 00:00:00",619046,0,7132,252,673129,1157879.4285714286,1100928.7142857143
"2020-05-31 00:00:00",614749,0,1291,1017,142023,1085056.857142857,1059681.7142857143
"2020-06-01 00:00:00",639602,0,2864,1457,459083,1086613.2857142857,1078864.7142857143
"2020-06-02 00:00:00",499892,26281,5214,0,651552,1087431.142857143,1261621.5714285714
"2020-06-03 00:00:00",515213,0,960,252,132684,1085835.857142857,1280210.5714285714
"2020-06-04 00:00:00",584882,0,1102,0,561243,1080528.2857142857,1216233.142857143
"2020-06-05 00:00:00",936936,0,8122,0,329272,1059323.142857143,1265294.4285714286
"2020-06-06 00:00:00",495645,0,2791,0,285761,985700,1291631
"2020-06-07 00:00:00",341736,0,3688,0,464762,993000.8571428572,1257117.7142857143
"2020-06-08 00:00:00",570924,11324,2590,0,263794,956661.7142857143,1272317.142857143
"2020-06-09 00:00:00",558407,18320,0,0,139263,889954.5714285715,1129157.857142857
"2020-06-10 00:00:00",734719,0,4571,252,953417,1039076.1428571428,1087689
"2020-06-11 00:00:00",655227,13451,2029,252,476911,1039168.2857142857,1151708
"2020-06-12 00:00:00",888159,0,992,0,640042,1075577.142857143,1152488.4285714286
"2020-06-13 00:00:00",709766,78554,960,252,468750,1143303.5714285714,1126389.7142857143
"2020-06-14 00:00:00",271207,0,303,0,390028,1122068,1181813
"2020-06-15 00:00:00",473189,13140,2400,535,479668,1139253.7142857143,1153795.2857142857
"2020-06-16 00:00:00",418172,13140,1920,0,611953,1186281.7142857143,1088375.7142857143
"2020-06-17 00:00:00",657679,33189,2241,0,216592,1074387.7142857143,1093148.857142857
"2020-06-18 00:00:00",805723,45167,1176,510,699753,1132167.5714285714,1080487.5714285714
"2020-06-19 00:00:00",504503,142666,2967,0,427574,1067670.142857143,1081865.4285714286
"2020-06-20 00:00:00",518178,13140,6489,252,437151,1027231.2857142857,1130715.2857142857
"2020-06-21 00:00:00",390012,0,2936,0,280897,1028989.4285714285,1163453.7142857143
"2020-06-22 00:00:00",359664,0,4828,0,526467,1017850.4285714285,1134710.5714285714
"2020-06-23 00:00:00",551546,0,0,0,681159,1044638.8571428572,1200171.142857143
"2020-06-24 00:00:00",577963,41144,2400,0,373485,1056823.2857142857,1228574.4285714286
"2020-06-25 00:00:00",517414,0,1920,0,715710,1011496.5714285715,1180936.2857142857
"2020-06-26 00:00:00",709678,26281,2880,1786,295017,1005486.8571428572,1108556.857142857
"2020-06-27 00:00:00",545823,0,5417,2428,165572,968919.5714285715,1106985.4285714286
"2020-06-28 00:00:00",319961,0,0,0,231832,951483.4285714285,1066184.5714285714
"2020-06-29 00:00:00",481827,13140,5740,0,350667,945828.4285714285,1148987.7142857143
"2020-06-30 00:00:00",729316,64835,5520,758,610693,971316.8571428572,1102770.7142857143
"2020-07-01 00:00:00",547426,0,0,0,540688,984619.7142857143,1086947.5714285714
"2020-07-02 00:00:00",543362,26281,4818,1020,844640,1011059.5714285715,1065210.2857142857
"2020-07-03 00:00:00",756152,1094,0,807,624048,1060553.4285714286,1155326.142857143
"2020-07-04 00:00:00",581447,0,2400,252,439801,1104076.5714285714,1247993.5714285714
"2020-07-05 00:00:00",376027,13140,385,0,581600,1163985.2857142857,1202431.4285714286
"2020-07-06 00:00:00",647009,13140,4929,252,313059,1182130.2857142857,1244010.142857143
"2020-07-07 00:00:00",266864,19723,3219,252,242040,1056555.142857143,1179155.2857142857
"2020-07-08 00:00:00",881952,13140,7243,1296,405554,1088136.857142857,1243300.7142857143
"2020-07-09 00:00:00",628335,0,4167,2920,484634,1045270.1428571428,1277252.2857142857
"2020-07-10 00:00:00",657306,41945,3361,307,411098,1006972.7142857143,1257409.857142857
"2020-07-11 00:00:00",657591,0,9513,252,619730,1044570.4285714285,1116947.857142857
"2020-07-12 00:00:00",470779,43466,960,0,513534,1052797,1135611.5714285714
"2020-07-13 00:00:00",499209,0,7067,520,807969,1100850.4285714286,1027144
"2020-07-14 00:00:00",639017,13140,5492,0,297589,1161299.142857143,1130916.4285714286
"2020-07-15 00:00:00",563600,26281,8139,0,726171,1163443,1078318.857142857
"2020-07-16 00:00:00",617340,0,4801,3595,254047,1129118.2857142857,1135791.7142857143
"2020-07-17 00:00:00",547649,22944,480,252,241533,1086095.7142857143,1075493.4285714286
"2020-07-18 00:00:00",551999,3467,3107,0,630750,1072129.857142857,1132855
"2020-07-19 00:00:00",271781,26281,3011,510,282799,1008650.2857142857,1190374
"2020-07-20 00:00:00",368499,34330,4646,267,245061,914084.5714285715,1222541.4285714286
"2020-07-21 00:00:00",1093533,60684,0,0,499457,1013860.8571428572,1170010.142857143
"2020-07-22 00:00:00",485421,73,3316,0,234226,927981.4285714285,1228062.2857142857
"2020-07-23 00:00:00",493191,0,9355,252,835009,993413.4285714285,1162038.857142857
"2020-07-24 00:00:00",523888,0,5976,0,280415,993044.7142857143,1162293
"2020-07-25 00:00:00",572658,47202,5975,0,653901,1005960.7142857143,1140082.142857143
"2020-07-26 00:00:00",608705,30564,960,2857,456017,1079492.4285714286,1184187.142857143
"2020-07-27 00:00:00",353883,13140,8497,267,581086,1122931,1167818.4285714286
"2020-07-28 00:00:00",641733,0,4816,252,548882,1057504.142857143,1153947.7142857143
"2020-07-29 00:00:00",711872,26281,1920,766,627261,1149656.2857142857,1053596.857142857
"2020-07-30 00:00:00",567732,0,4890,0,351274,1090526.2857142857,1123483.142857143
"2020-07-31 00:00:00",658019,311,3958,252,228744,1102098.5714285714,1112023.142857143
"2020-08-01 00:00:00",1252164,3694,1448,0,304383,1142377.5714285714,1174942.857142857
"2020-08-02 00:00:00",319472,19260,7163,0,766803,1144319.5714285714,1133832.5714285714
"2020-08-03 00:00:00",495999,0,9215,252,518512,1153905.857142857,1154179
"2020-08-04 00:00:00",1368976,0,0,0,439315,1241420.857142857,1152522.2857142857
"2020-08-05 00:00:00",734058,26281,6660,0,574784,1237661.2857142857,1226063.5714285714
"2020-08-06 00:00:00",264293,13140,2880,252,250689,1181569.7142857143,1142761.4285714286
"2020-08-07 00:00:00",573588,13140,4357,0,602744,1224790.4285714286,1217587.7142857143
"2020-08-08 00:00:00",559660,0,86,0,610258,1168835.142857143,1160299.142857143
"2020-08-09 00:00:00",468742,14425,0,267,427163,1139963.7142857143,1116847.857142857
"2020-08-10 00:00:00",482996,53583,1440,252,898229,1198895.7142857143,1139809.142857143
"2020-08-11 00:00:00",590998,0,2378,252,348130,1075105.7142857143,1141533.142857143
"2020-08-12 00:00:00",440236,0,2365,0,214025,977226,1077613.4285714286
"2020-08-13 00:00:00",739403,1171,4042,0,414639,1066940.142857143,1107228.5714285714
"2020-08-14 00:00:00",830846,1660,10015,0,456842,1082016.2857142857,1050704.5714285714
"2020-08-15 00:00:00",714896,13140,1470,511,299988,1062016.857142857,1049760
"2020-08-16 00:00:00",973920,0,1920,252,454877,1136355.7142857143,1072032
"2020-08-17 00:00:00",364700,13140,3361,1190,536407,1062398.142857143,1034057.4285714285
"2020-08-18 00:00:00",310838,42701,4239,0,261463,1016324.1428571428,1094629.2857142857
"2020-08-19 00:00:00",464462,0,2378,0,307817,1033185.7142857143,1156381.857142857
"2020-08-20 00:00:00",602337,21390,2380,505,295938,999370.8571428572,1161173.142857143
"2020-08-21 00:00:00",308389,3346,960,777,625404,947872.7142857143,1223305.2857142857
"2020-08-22 00:00:00",450377,8168,9046,0,680194,964698.2857142857,1241922.7142857143
"2020-08-23 00:00:00",668044,0,2713,0,179777,881779,1262290.2857142857
"2020-08-24 00:00:00",691020,39422,960,267,788925,967749.8571428572,1236778.142857143
"2020-08-25 00:00:00",541088,0,6541,252,262819,995101.1428571428,1176632.142857143
"2020-08-26 00:00:00",571324,0,0,520,806020,1081273.4285714286,1077272
"2020-08-27 00:00:00",533685,29205,5877,0,498071,1101886,1035180.1428571428
"2020-08-28 00:00:00",485430,13140,2899,0,353207,1089857.5714285714,1048580.7142857143
"2020-08-29 00:00:00",667211,18856,2400,0,227609,1056756.142857143,1095109.142857143
"2020-08-30 00:00:00",610305,0,1374,0,343220,1071665.2857142857,969842.2857142857
"2020-08-31 00:00:00",732531,53923,8322,252,221529,999660,1023487.5714285715
"2020-09-01 00:00:00",622748,0,8494,0,535648,1050544.2857142857,1052886.857142857
"2020-09-02 00:00:00",752874,0,2400,252,562284,1041965.5714285715,1111136.2857142857
"2020-09-03 00:00:00",375217,13836,9046,252,208224,976213.7142857143,1103332
"2020-09-04 00:00:00",565018,0,5333,2054,540627,1013121.5714285715,1080387.4285714286
"2020-09-05 00:00:00",452022,0,5664,252,641314,1039289.8571428572,1093815
"2020-09-06 00:00:00",801576,47133,960,0,428490,1085470,1152618.7142857143
"2020-09-07 00:00:00",483438,8168,9551,0,717009,1114271.142857143,1090950.4285714286
"2020-09-08 00:00:00",390403,13140,1469,0,685519,1103362.7142857143,1105369.5714285714
"2020-09-09 00:00:00",347275,0,3391,4204,321218,1011688,1082813.142857143
"2020-09-10 00:00:00",797154,49389,3043,2311,953065,1182886.142857143,1137655.4285714286
"2020-09-11 00:00:00",1098006,0,9355,0,667627,1277451.142857143,1097557.857142857
"2020-09-12 00:00:00",861653,0,6864,512,263775,1282244.2857142857,1071732
"2020-09-13 00:00:00",444409,0,6530,252,524574,1239045.142857143,1120891.857142857
"2020-09-14 00:00:00",713141,31949,6756,267,522000,1247037.857142857,1243689
"2020-09-15 00:00:00",688446,13140,9245,0,218639,1224029.142857143,1254116.7142857143
"2020-09-16 00:00:00",497218,13952,960,0,524336,1275511.5714285714,1251095.857142857
"2020-09-17 00:00:00",510050,13140,13299,252,437443,1156829.142857143,1220329.7142857143
"2020-09-18 00:00:00",557642,0,5312,252,322013,1029719.5714285715,1249295
"2020-09-19 00:00:00",864491,46979,1152,0,435322,1060453.7142857143,1202117.857142857
"2020-09-20 00:00:00",681978,0,0,252,345564,1067886.4285714286,1190897.5714285714
"2020-09-21 00:00:00",448158,0,3339,3069,629600,1040750.7142857143,1089513.5714285714
"2020-09-22 00:00:00",621875,0,2582,252,448225,1061245.5714285714,1076716.5714285714
"2020-09-23 00:00:00",781532,0,0,2193,172103,1049725.857142857,1065619.2857142857
"2020-09-24 00:00:00",406137,0,4374,1787,490848,1039577.4285714285,1071708.2857142857
"2020-09-25 00:00:00",578320,0,2378,0,183716,1022319.4285714285,1107562.5714285714
"2020-09-26 00:00:00",713628,2779,7981,0,400362,990434.4285714285,1173683.4285714286
"2020-09-27 00:00:00",858854,57414,4623,0,570066,1056600.5714285714,1190592.857142857
"2020-09-28 00:00:00",488831,0,3236,54,484687,1041264,1213213.5714285714
"2020-09-29 00:00:00",585413,67891,4241,520,395505,1038497.7142857143,1189096.5714285714
"2020-09-30 00:00:00",1141914,25560,933,0,631847,1159130,1256832.2857142857
"2020-10-01 00:00:00",629092,0,22566,4322,272529,1162753.142857143,1250605.7142857143
"2020-10-02 00:00:00",604448,13230,9105,2221,433907,1205395.857142857,1221091.2857142857
"2020-10-03 00:00:00",496735,39974,1291,252,525867,1196734.4285714286,1253353.142857143
"2020-10-04 00:00:00",883391,71055,10646,0,478606,1189983.142857143,1209287.2857142857
"2020-10-05 00:00:00",739450,0,6445,307,716241,1259359.5714285714,1236361
"2020-10-06 00:00:00",649995,0,10106,1815,623115,1292425.4285714286,1264066
"2020-10-07 00:00:00",647384,0,1892,1113,668928,1223720.142857143,1223927.7142857143
"2020-10-08 00:00:00",542635,13140,3011,0,560460,1250968.4285714286,1231004.4285714286
"2020-10-09 00:00:00",859937,22240,1909,0,247037,1260712.7142857143,1255848.142857143
"2020-10-10 00:00:00",576269,0,960,982,287758,1232405.4285714286,1161639.857142857
"2020-10-11 00:00:00",484981,56690,5677,252,126608,1122478.2857142857,1232318.142857143
"2020-10-12 00:00:00",728372,13140,9198,54,495296,1091566.7142857143,1241554.857142857
"2020-10-13 00:00:00",838763,0,10789,252,401787,1086789.5714285714,1248310.2857142857
"2020-10-14 00:00:00",689353,7739,3745,514,550457,1077145.5714285714,1233975.2857142857
"2020-10-15 00:00:00",468215,0,7129,252,237815,1019169.1428571428,1317174.7142857143
"2020-10-16 00:00:00",662534,0,3006,0,609487,1039726.8571428572,1210316
"2020-10-17 00:00:00",423937,0,2880,844,433957,1039105.4285714285,1169588.2857142857
"2020-10-18 00:00:00",658286,0,960,267,247536,1072368.2857142857,1101952.2857142857
"2020-10-19 00:00:00",526442,39930,3339,54,740331,1081516,1079359.857142857
"2020-10-20 00:00:00",227972,66293,5917,0,546018,1023602.8571428572,1021651.8571428572
"2020-10-21 00:00:00",781517,43390,3427,0,237914,997094,1071101.5714285714
"2020-10-22 00:00:00",537763,0,3453,2697,525663,1047974.7142857143,1056006.2857142857
"2020-10-23 00:00:00",839659,29941,1548,765,325398,1036872.7142857143,1142062.857142857
"2020-10-24 00:00:00",925271,32053,8037,0,537715,1128509.4285714286,1159390.857142857
"2020-10-25 00:00:00",380606,31997,960,0,350630,1108101.4285714286,1224808.2857142857
"2020-10-26 00:00:00",665642,117977,3819,1788,695520,1133051.2857142857,1227705.7142857143
"2020-10-27 00:00:00",908652,26281,10287,267,294217,1189266.2857142857,1253230.7142857143
"2020-10-28 00:00:00",255506,44710,4939,0,434735,1142644,1244118.857142857
"2020-10-29 00:00:00",697545,30215,2880,2871,686280,1192674.7142857143,1116649.2857142857
"2020-10-30 00:00:00",311001,13140,1920,252,282742,1108638,1254709.4285714286
"2020-10-31 00:00:00",335464,0,25869,252,404180,1003308,1313195.7142857143
"2020-11-01 00:00:00",882306,92752,3818,458,288133,1075204.5714285714,1300444.2857142857
"2020-11-02 00:00:00",743745,1339,6078,560,483928,1039619.5714285715,1291316
"2020-11-03 00:00:00",1001647,0,1827,0,377800,1059843.7142857143,1347759
"2020-11-04 00:00:00",983141,0,6895,0,311256,1140043.7142857143,1367788
"2020-11-05 00:00:00",835970,26639,6502,252,343652,1110504.2857142857,1415696
"2020-11-06 00:00:00",523917,60729,8665,815,336792,1156484.7142857143,1252662.7142857143
"2020-11-07 00:00:00",536021,13963,1221,252,268914,1164285.7142857143,1169988.5714285714
"2020-11-08 00:00:00",333008,0,0,1486,335164,1078884.2857142857,1247765.857142857
"2020-11-09 00:00:00",365151,0,15339,976,882933,1082991.142857143,1274698.4285714286
"2020-11-10 00:00:00",408525,13140,15073,505,769329,1058034,1164475.7142857143
"2020-11-11 00:00:00",655027,9780,2955,0,603507,1053745.2857142857,1085286.857142857
"2020-11-12 00:00:00",774523,0,15485,3826,652717,1087107.5714285714,1081176.857142857
"2020-11-13 00:00:00",581271,0,13375,1813,786554,1151692.5714285714,1136754.2857142857
"2020-11-14 00:00:00",497899,0,1963,252,326954,1152649,1202840.4285714286
"2020-11-15 00:00:00",545624,0,2880,0,664200,1230226.857142857,1098492.857142857
"2020-11-16 00:00:00",439233,44029,4779,819,360760,1170973,1078258.142857143
"2020-11-17 00:00:00",932186,0,2575,2398,1085333,1287532.857142857,1083835.2857142857
"2020-11-18 00:00:00",530711,49850,6585,252,488915,1259682,1128781.857142857
"2020-11-19 00:00:00",627071,0,5307,2221,135198,1163003,1189620.2857142857
"2020-11-20 00:00:00",302686,35612,21497,252,91190,1029892.1428571428,1190384.4285714286
"2020-11-21 00:00:00",576068,19466,3934,0,556860,1076929.2857142857,1219616.4285714286
"2020-11-22 00:00:00",701442,0,25527,0,400565,1064762.142857143,1198935.857142857
"2020-11-23 00:00:00",559899,0,5126,307,481624,1092952.7142857143,1233862.7142857143
"2020-11-24 00:00:00",864397,0,6269,505,454558,993415,1295938.5714285714
"2020-11-25 00:00:00",508182,82496,960,252,959689,1061310.142857143,1276237.5714285714
"2020-11-26 00:00:00",199470,49020,1129,0,222991,1018854.7142857143,1260520.142857143
"2020-11-27 00:00:00",493773,0,5873,778,274992,1065166,1182510.857142857
"2020-11-28 00:00:00",935505,0,1920,0,782551,1145687,1110274.142857143
"2020-11-29 00:00:00",462293,76008,960,514,717843,1164270.5714285714,1155740.142857143
"2020-11-30 00:00:00",780226,13140,3649,884,286026,1169552,1146994.2857142857
"2020-12-01 00:00:00",429830,62520,12183,252,459424,1117906.4285714286,1130663.7142857143
"2020-12-02 00:00:00",835973,22818,2538,551,347487,1069018.857142857,1205778.2857142857
"2020-12-03 00:00:00",396715,13140,2031,252,388003,1115809.142857143,1142027
"2020-12-04 00:00:00",502760,55130,7205,3063,240687,1120584.857142857,1181679.857142857
"2020-12-05 00:00:00",982559,127931,4177,0,499218,1105429.142857143,1174803.857142857
"2020-12-06 00:00:00",540914,0,3263,0,548163,1081817.857142857,1119674.5714285714
"2020-12-07 00:00:00",667422,17720,4299,54,569037,1106761.7142857143,1177728.5714285714
"2020-12-08 00:00:00",502703,0,1965,758,413699,1100321,1211625
"2020-12-09 00:00:00",750726,22160,1440,252,562108,1118509.7142857143,1175371.857142857
"2020-12-10 00:00:00",405119,13140,2051,460,580253,1147207,1195451.142857143
"2020-12-11 00:00:00",582950,44216,8105,509,303918,1165900,1181151.857142857
"2020-12-12 00:00:00",1092796,64639,10216,0,318786,1147693,1181963.7142857143
"2020-12-13 00:00:00",972640,34592,5909,0,256325,1172996.857142857,1231321.5714285714
"2020-12-14 00:00:00",592974,36152,3339,3673,995094,1226239.857142857,1167082.4285714286
"2020-12-15 00:00:00",512512,0,10201,0,695704,1268996,1118278.142857143
"2020-12-16 00:00:00",601382,26281,0,2161,831718,1286832.4285714286,1101936
"2020-12-17 00:00:00",901310,56820,3840,267,596487,1366504.142857143,1152913.4285714286
"2020-12-18 00:00:00",346972,20714,4114,3063,201896,1314655.857142857,1171206.142857143
"2020-12-19 00:00:00",577381,0,4588,925,291563,1227230.2857142857,1210378.142857143
"2020-12-20 00:00:00",702573,0,1511,54,549214,1224928.142857143,1161427.5714285714
"2020-12-21 00:00:00",266580,0,3819,252,781097,1142144.4285714286,1167457.857142857
"2020-12-22 00:00:00",504490,0,8174,0,484463,1110531.4285714286,1214168
"2020-12-23 00:00:00",1023351,0,1920,252,647202,1140700.4285714286,1201483.7142857143
"2020-12-24 00:00:00",756223,25583,1538,0,433923,1091920.4285714286,1196866
"2020-12-25 00:00:00",609046,155573,2058,512,198027,1147414.142857143,1133230.4285714286
"2020-12-26 00:00:00",409199,543,4771,252,417272,1141354.2857142857,1076384.2857142857
"2020-12-27 00:00:00",230218,13140,10054,676,448633,1062693,1160304
"2020-12-28 00:00:00",592805,13140,23492,54,1176855,1170492.857142857,1125643.4285714286
"2020-12-29 00:00:00",591659,66381,6460,0,463577,1189200.142857143,1147767.7142857143
"2020-12-30 00:00:00",691682,11073,25192,0,452971,1118942,1144142.857142857
"2020-12-31 00:00:00",1223562,0,4321,505,813494,1236744.2857142857,1113595.857142857
"2021-01-01 00:00:00",486623,0,14700,0,447848,1234452.142857143,1192750.4285714286
"2021-01-02 00:00:00",740401,0,2727,2041,197688,1250283.5714285714,1258090.7142857143
"2021-01-03 00:00:00",460597,97361,2181,54,286487,1270849,1209984.4285714286
"2021-01-04 00:00:00",733571,23910,6199,1535,714514,1224189.2857142857,1229736.4285714286
"2021-01-05 00:00:00",630859,23118,8611,252,285098,1198455.142857143,1210439.857142857
"2021-01-06 00:00:00",365466,0,8978,505,751701,1190702.4285714286,1184816.4285714286
"2021-01-07 00:00:00",595694,0,3383,0,355245,1035336.7142857143,1171557
"2021-01-08 00:00:00",194831,26765,2674,0,478402,1000122.7142857143,1182263.857142857
"2021-01-09 00:00:00",692809,0,274,0,523354,1039205.4285714285,1135268.2857142857
"2021-01-10 00:00:00",718280,0,960,1554,584181,1104676.142857143,1174242.142857143
"2021-01-11 00:00:00",680531,56353,24284,54,541142,1079338.4285714286,1207175.7142857143
"2021-01-12 00:00:00",186570,20332,5479,252,408867,1032704.4285714285,1152476.4285714286
"2021-01-13 00:00:00",1329411,13140,0,858,232225,1096845.142857143,1187938.5714285714
"2021-01-14 00:00:00",191977,8168,5220,0,768115,1099582.142857143,1214712.857142857
"2021-01-15 00:00:00",597277,37726,4194,520,680287,1187772.4285714286,1189342.5714285714
"2021-01-16 00:00:00",534488,23857,6729,0,434326,1156767,1219957.7142857143
"2021-01-17 00:00:00",633912,125790,2880,0,392011,1135283.857142857,1201357.2857142857
"2021-01-18 00:00:00",663802,84884,16513,307,567381,1139644.2857142857,1233442.5714285714
"2021-01-19 00:00:00",112420,45259,3840,0,354912,1124634.5714285714,1295442.5714285714
"2021-01-20 00:00:00",756670,0,2880,252,741057,1113952.4285714286,1290449.2857142857
"2021-01-21 00:00:00",946779,0,6788,0,662108,1205694.4285714286,1227627.5714285714
"2021-01-22 00:00:00",534148,59552,4092,512,414478,1161805.5714285714,1238597.5714285714
"2021-01-23 00:00:00",816096,15032,8193,0,356812,1189910.5714285714,1297781.5714285714
"2021-01-24 00:00:00",593301,0,1759,0,982768,1250372.5714285714,1281407.142857143
"2021-01-25 00:00:00",486580,0,2378,54,455642,1194910.7142857143,1234397.5714285714
"2021-01-26 00:00:00",379765,13140,4627,918,435180,1240224.857142857,1247601.4285714286
"2021-01-27 00:00:00",299831,0,3623,3316,319508,1115284.7142857143,1254809.4285714286
"2021-01-28 00:00:00",574720,9079,1920,1808,577183,1050861.2857142857,1322794.2857142857
"2021-01-29 00:00:00",699144,63239,5003,0,476233,1083837.857142857,1292175
"2021-01-30 00:00:00",1114980,13140,1322,0,321972,1120306.5714285714,1208055.5714285714
"2021-01-31 00:00:00",676413,4420,1920,1026,349631,1042532.8571428572,1400935.7142857143
"2021-02-01 00:00:00",622762,43466,10466,975,242916,1039094.4285714285,1290184.4285714286
"2021-02-02 00:00:00",255520,56150,6172,1033,393637,1021791.5714285715,1229240.5714285714
"2021-02-03 00:00:00",773470,13140,960,505,396657,1101570.7142857143,1199077.7142857143
"2021-02-04 00:00:00",616564,0,10428,0,897954,1153032.857142857,1190236
"2021-02-05 00:00:00",917876,31926,3840,2165,683335,1209536.5714285714,1254539.142857143
"2021-02-06 00:00:00",379840,0,1440,0,327126,1103392.4285714286,1286610.2857142857
"2021-02-07 00:00:00",980762,0,11599,2175,520510,1172197.4285714286,1049796
"2021-02-08 00:00:00",596848,28903,3863,54,1326474,1320134.2857142857,1153828.857142857
"2021-02-09 00:00:00",664122,19904,20632,1026,418789,1378986,1146186.142857143
"2021-02-10 00:00:00",575899,0,5477,7511,702191,1394178.142857143,1162165
"2021-02-11 00:00:00",608942,34963,3142,2211,272755,1308044.857142857,1171796.857142857
"2021-02-12 00:00:00",803793,36946,4163,3369,596867,1280329.7142857143,1077134.4285714286
"2021-02-13 00:00:00",390283,0,3460,0,223084,1267247,1068761.2857142857
"2021-02-14 00:00:00",809617,0,4402,0,300415,1210016.5714285714,1117680.857142857
"2021-02-15 00:00:00",595306,0,7801,54,536022,1093307.857142857,1059213.142857143
"2021-02-16 00:00:00",780598,0,8355,591,881751,1171425.142857143,1065119.142857143
"2021-02-17 00:00:00",640687,33100,837,252,567626,1164485.857142857,1088685.857142857
"2021-02-18 00:00:00",259075,20674,1920,252,885919,1199604.142857143,1029867.2857142857
"2021-02-19 00:00:00",227194,0,19740,1540,517710,1102610.7142857143,1217460.142857143
"2021-02-20 00:00:00",622189,40263,11656,1543,484113,1180173.4285714286,1182954.2857142857
"2021-02-21 00:00:00",647955,26281,2904,3993,267587,1156500.142857143,1150394.4285714286
"2021-02-22 00:00:00",329884,62984,9688,0,409295,1109738.5714285714,1185311
"2021-02-23 00:00:00",375392,0,3494,0,467578,991905.4285714285,1170843.4285714286
"2021-02-24 00:00:00",584449,0,1920,0,447259,962066.2857142857,1163780.7142857143
"2021-02-25 00:00:00",512917,13140,15368,0,333268,920188.2857142857,1194048.4285714286
"2021-02-26 00:00:00",820644,34106,2423,0,574156,1015209,1061698.857142857
"2021-02-27 00:00:00",563757,26528,5265,513,264257,972431.1428571428,1125982.2857142857
"2021-02-28 00:00:00",940074,60732,1920,773,298880,1022953.7142857143,1219568.2857142857
"2021-03-01 00:00:00",1013431,91053,8466,2398,350062,1116319.4285714286,1249225.4285714286
"2021-03-02 00:00:00",503874,1942,5560,0,600063,1154173.142857143,1243029.5714285714
"2021-03-03 00:00:00",541563,13140,10220,1628,557733,1167124,1278797.142857143
"2021-03-04 00:00:00",616818,57340,2181,1651,406342,1197072.4285714286,1306194
"2021-03-05 00:00:00",360906,13140,5078,765,608493,1133794.2857142857,1282366.5714285714
"2021-03-06 00:00:00",525140,0,31607,252,515558,1164113.857142857,1243702.5714285714
"2021-03-07 00:00:00",347704,29628,1405,0,997405,1174651.4285714286,1203494.4285714286
"2021-03-08 00:00:00",668925,79575,3140,252,758760,1181114.4285714286,1225232.5714285714
"2021-03-09 00:00:00",541478,13140,18508,267,401521,1161611.142857143,1250580.142857143
"2021-03-10 00:00:00",1038772,33267,3842,4649,519237,1229537.4285714286,1233340.7142857143
"2021-03-11 00:00:00",775197,13140,4507,2756,645163,1280456,1202557.142857143
"2021-03-12 00:00:00",1153255,35436,3503,54,359543,1360943,1248525.142857143
"2021-03-13 00:00:00",789671,300,6647,252,573173,1403441.142857143,1276416.2857142857
"2021-03-14 00:00:00",680734,109554,2664,252,291013,1361737.7142857143,1269296.2857142857
"2021-03-15 00:00:00",368053,12739,11826,252,530031,1277773.2857142857,1296979.2857142857
"2021-03-16 00:00:00",594619,0,6678,0,383998,1279255.857142857,1270178.2857142857
"2021-03-17 00:00:00",569216,26947,17734,0,664912,1233404.4285714286,1249701.857142857
"2021-03-18 00:00:00",510536,125117,8650,267,323901,1165934.2857142857,1191907.4285714286
"2021-03-19 00:00:00",663142,884,6257,252,484233,1109216.7142857143,1201476.857142857
"2021-03-20 00:00:00",912834,2226,9408,1687,915946,1176653.2857142857,1203516.5714285714
"2021-03-21 00:00:00",680342,0,2537,1280,344818,1168761.7142857143,1153445
"2021-03-22 00:00:00",550639,31243,7501,0,475431,1189035,1086701
"2021-03-23 00:00:00",468543,1344,2460,0,534346,1192092,1138843.4285714286
"2021-03-24 00:00:00",796671,0,960,54,698024,1223077.857142857,1124344.4285714286
"2021-03-25 00:00:00",622055,67775,160,880,355228,1234167.2857142857,1160952
"2021-03-26 00:00:00",452526,19842,9419,252,734520,1242994.5714285714,1059855.5714285714
"2021-03-27 00:00:00",529262,21146,1440,0,236098,1092401.142857143,1051554.142857143
"2021-03-28 00:00:00",816992,0,2021,267,561906,1142716.7142857143,1042246
"2021-03-29 00:00:00",738044,157211,16379,1793,756522,1229164.5714285714,1025644.5714285715
"2021-03-30 00:00:00",356264,47662,4567,252,259113,1180759.7142857143,997682.1428571428
"2021-03-31 00:00:00",317015,89818,5417,440,587935,1110033.2857142857,1032177.4285714285
"2021-04-01 00:00:00",739366,61599,12099,2398,558713,1156901.5714285714,1079786.857142857
"2021-04-02 00:00:00",526074,31383,5043,1786,443148,1127026.5714285714,1138171.2857142857
"2021-04-03 00:00:00",801055,21309,2246,252,599393,1217928,1140089.142857143
"2021-04-04 00:00:00",450287,55876,7021,0,667617,1189301.7142857143,1162919.142857143
"2021-04-05 00:00:00",374485,8168,2859,252,414143,1065010.142857143,1249773
"2021-04-06 00:00:00",475235,13140,11119,0,758968,1149382.142857143,1241977.857142857
"2021-04-07 00:00:00",530270,47135,3339,54,288085,1130562.142857143,1243611.5714285714
"2021-04-08 00:00:00",685818,9846,3840,436,534021,1110531.5714285714,1190024.2857142857
"2021-04-09 00:00:00",422903,51513,3176,0,674544,1131203.142857143,1245278.5714285714
"2021-04-10 00:00:00",543598,44002,12904,560,793316,1126935.2857142857,1234823.5714285714
"2021-04-11 00:00:00",663972,81727,1920,0,339146,1113501.4285714286,1218192.7142857143
"2021-04-12 00:00:00",825270,103649,5521,558,429116,1194102.142857143,1154255.857142857
"2021-04-13 00:00:00",482176,62560,3276,267,621692,1181460.7142857143,1206546.857142857
"2021-04-14 00:00:00",299366,0,4324,0,492025,1171008,1254584.5714285714
"2021-04-15 00:00:00",688698,79378,8699,0,548271,1184019.857142857,1222817.857142857
"2021-04-16 00:00:00",382847,31988,7759,3597,286404,1121228.5714285714,1110781.142857143
"2021-04-17 00:00:00",404132,0,6316,54,457051,1045967.4285714285,1076244
"2021-04-18 00:00:00",772324,94245,4639,0,816307,1131788.857142857,1063769.7142857143
"2021-04-19 00:00:00",602673,8168,4817,1527,537724,1101902.857142857,988753
"2021-04-20 00:00:00",779232,0,2187,0,450014,1110682.7142857143,950518.2857142857
"2021-04-21 00:00:00",668181,0,5814,975,498130,1164594.7142857143,948918.5714285715
"2021-04-22 00:00:00",1266970,63095,5988,5860,201733,1195823.4285714286,988479.5714285715
"2021-04-23 00:00:00",627644,51517,6597,520,289025,1233353,1012658.5714285715
"2021-04-24 00:00:00",809333,0,2880,505,1145615,1389178.5714285714,1003243.8571428572
"2021-04-25 00:00:00",694531,86130,6085,505,646240,1352889.7142857143,1030497.7142857143
"2021-04-26 00:00:00",423174,38618,6133,0,419178,1314631.4285714286,1079714.142857143
"2021-04-27 00:00:00",645816,0,11058,342,764763,1341852.4285714286,1034792.7142857143
"2021-04-28 00:00:00",350106,55935,4710,54,607115,1319683.857142857,967403.8571428572
"2021-04-29 00:00:00",356796,57006,3416,0,382366,1213389.2857142857,971153.8571428572
"2021-04-30 00:00:00",1114922,61038,9070,0,698295,1343106.7142857143,1056653.5714285714
"2021-05-01 00:00:00",659212,44980,10489,2432,608155,1252668.857142857,1076588
"2021-05-02 00:00:00",247183,23441,2251,252,408593,1145272.857142857,1083068.857142857
"2021-05-03 00:00:00",316590,47120,3253,0,548182,1149278.857142857,1051824.857142857
"2021-05-04 00:00:00",524358,36923,960,252,234086,1059936.142857143,1001119.7142857143
"2021-05-05 00:00:00",566877,48490,3840,307,657755,1096986.142857143,1041334.1428571428
"2021-05-06 00:00:00",765150,13140,8140,252,690873,1193839.2857142857,1052862.4285714286
"2021-05-07 00:00:00",802024,21471,2750,1031,693370,1142028,991806.7142857143
"2021-05-08 00:00:00",529252,13140,0,267,343446,1079290.5714285714,985511.8571428572
"2021-05-09 00:00:00",865596,3859,6064,505,287755,1148156.142857143,940327.7142857143
"2021-05-10 00:00:00",285968,65937,3819,54,287268,1109284.857142857,988533.1428571428
"2021-05-11 00:00:00",916225,32006,1624,252,445527,1194864.2857142857,1021310.8571428572
"2021-05-12 00:00:00",522065,79522,9205,1309,557720,1179514.5714285714,985854.4285714285
"2021-05-13 00:00:00",251753,20141,17251,307,608711,1096744.142857143,1004675.5714285715
"2021-05-14 00:00:00",912542,37533,4690,3448,765296,1125724.5714285714,974299.7142857143
"2021-05-15 00:00:00",385537,0,2880,252,379520,1108879.4285714286,985962.8571428572
"2021-05-16 00:00:00",715754,42301,7854,0,474209,1119785.142857143,1057408
"2021-05-17 00:00:00",539600,51935,6931,3295,493862,1184438.857142857,1003862.7142857143
"2021-05-18 00:00:00",709703,56670,15856,54,605502,1183317.4285714286,1019893
"2021-05-19 00:00:00",405537,8168,8046,510,463369,1142718.7142857143,1008920.8571428572
"2021-05-20 00:00:00",648923,13140,1920,0,563954,1189829.2857142857,962670.4285714285
"2021-05-21 00:00:00",1008693,14587,8440,252,1005409,1234668.142857143,1049953.7142857143
"2021-05-22 00:00:00",646476,8168,1113,2556,476142,1286992,1074116.142857143
"2021-05-23 00:00:00",825620,7196,2358,3062,241845,1264129.4285714286,1027532.8571428572
"2021-05-24 00:00:00",493347,111013,5673,54,181825,1220742.142857143,1098715.5714285714
"2021-05-25 00:00:00",624703,0,4582,5549,310603,1157549.5714285714,1131404
"2021-05-26 00:00:00",1089558,0,2880,0,839246,1306985.7142857143,1149865.5714285714
"2021-05-27 00:00:00",589325,0,1156,252,537307,1292714.857142857,1116144.4285714286
"2021-05-28 00:00:00",359715,13140,7585,0,657970,1150004.7142857143,1064162.2857142857
"2021-05-29 00:00:00",566834,0,4388,0,405981,1127540,1097133.142857143
"2021-05-30 00:00:00",771876,13140,5561,0,952584,1222265.857142857,1157879.4285714286
"2021-05-31 00:00:00",541661,91165,5194,0,487543,1269930.4285714286,1085056.857142857
"2021-06-01 00:00:00",903491,0,130,1170,683009,1361696.4285714286,1086613.2857142857
"2021-06-02 00:00:00",839591,43567,5850,509,277052,1252394.4285714286,1087431.142857143
"2021-06-03 00:00:00",381563,13140,3173,0,797025,1261945.857142857,1085835.857142857
"2021-06-04 00:00:00",717701,84499,4370,267,198176,1257174.7142857143,1080528.2857142857
"2021-06-05 00:00:00",328113,34631,10841,307,245537,1206064.142857143,1059323.142857143
"2021-06-06 00:00:00",428615,22889,3891,3345,376388,1076345,985700
"2021-06-07 00:00:00",727696,13140,4043,54,493128,1092416.142857143,993000.8571428572
"2021-06-08 00:00:00",566593,34031,2400,0,371009,1004735.2857142857,956661.7142857143
"2021-06-09 00:00:00",893360,36889,3361,3205,286883,1012896.5714285715,889954.5714285715
"2021-06-10 00:00:00",977285,0,2430,505,488285,1051983,1039076.1428571428
"2021-06-11 00:00:00",374548,0,7275,3080,501699,1035067.2857142857,1039168.2857142857
"2021-06-12 00:00:00",588530,64101,5504,0,427700,1101696.5714285714,1075577.142857143
"2021-06-13 00:00:00",1028032,0,5236,0,1079172,1284169.7142857143,1143303.5714285714
"2021-06-14 00:00:00",696630,21309,8697,252,270702,1249816.857142857,1122068
"2021-06-15 00:00:00",789143,73681,7036,0,812019,1350937.5714285714,1139253.7142857143
"2021-06-16 00:00:00",533212,48985,9231,505,458220,1326145.5714285714,1186281.7142857143
"2021-06-17 00:00:00",132609,0,66,852,761338,1244196.7142857143,1074387.7142857143
"2021-06-18 00:00:00",432248,13140,7872,1030,512551,1255659.4285714286,1132167.5714285714
"2021-06-19 00:00:00",528711,26096,960,307,582797,1263236,1067670.142857143
"2021-06-20 00:00:00",353013,8168,3933,0,322243,1059652.7142857143,1027231.2857142857
"2021-06-21 00:00:00",608961,34450,6174,252,542742,1087508.2857142857,1028989.4285714285
"2021-06-22 00:00:00",301695,20315,759,4122,479627,962457,1017850.4285714285
"2021-06-23 00:00:00",921341,26281,811,252,667053,1043254.7142857143,1044638.8571428572
"2021-06-24 00:00:00",571220,66853,4299,0,657256,1101078.142857143,1056823.2857142857
"2021-06-25 00:00:00",513695,0,6069,902,415893,1096752.142857143,1011496.5714285715
"2021-06-26 00:00:00",255221,0,0,0,642167,1062254.5714285714,1005486.8571428572
"2021-06-27 00:00:00",749457,68059,3166,0,340562,1129952.7142857143,968919.5714285715
"2021-06-28 00:00:00",571575,32710,6444,252,772784,1157264.857142857,951483.4285714285
"2021-06-29 00:00:00",1181135,13789,2380,4324,379454,1267916.857142857,945828.4285714285
"2021-06-30 00:00:00",554033,59624,8112,0,281624,1166153.2857142857,971316.8571428572
"2021-07-01 00:00:00",341968,13140,5941,0,598755,1117607,984619.7142857143
"2021-07-02 00:00:00",801379,26462,2880,54,669989,1198207.857142857,1011059.5714285715
"2021-07-03 00:00:00",473608,12781,11374,2646,355308,1192255,1060553.4285714286
"2021-07-04 00:00:00",330754,0,1549,0,333098,1121420,1104076.5714285714
"2021-07-05 00:00:00",1008190,53540,3339,0,377996,1129891.2857142857,1163985.2857142857
"2021-07-06 00:00:00",730754,0,4394,0,647474,1101539.5714285714,1182130.2857142857
"2021-07-07 00:00:00",440451,277,1511,252,1201045,1207274.4285714286,1056555.142857143
"2021-07-08 00:00:00",273502,8168,12300,2174,836245,1231929.5714285714,1088136.857142857
"2021-07-09 00:00:00",636958,5957,3469,0,206671,1139399.5714285714,1045270.1428571428
"2021-07-10 00:00:00",376514,8168,2022,2887,453317,1137569.857142857,1006972.7142857143
"2021-07-11 00:00:00",1270982,0,4635,1559,602499,1311037.857142857,1044570.4285714285
"2021-07-12 00:00:00",127753,4299,3818,54,179432,1149936.857142857,1052797
"2021-07-13 00:00:00",710041,33901,5510,252,593515,1144308.142857143,1100850.4285714286
"2021-07-14 00:00:00",548893,27956,0,762,252375,1028086.4285714285,1161299.142857143
"2021-07-15 00:00:00",1023425,32441,4470,0,436417,1080138.4285714286,1163443
"2021-07-16 00:00:00",263147,15846,3128,252,501505,1070255.857142857,1129118.2857142857
"2021-07-17 00:00:00",854509,38114,6903,0,552924,1157333.142857143,1086095.7142857143
"2021-07-18 00:00:00",483792,14353,1920,0,490454,1030310.8571428572,1072129.857142857
"2021-07-19 00:00:00",1104831,75434,14662,653,940884,1290469.142857143,1008650.2857142857
"2021-07-20 00:00:00",528111,0,1769,0,162112,1197436.4285714286,914084.5714285715
"2021-07-21 00:00:00",537531,82075,13721,0,439637,1232147.5714285714,1013860.8571428572
"2021-07-22 00:00:00",506915,94928,3142,0,325514,1151253.7142857143,927981.4285714285
"2021-07-23 00:00:00",393618,36923,4134,252,478246,1169724.5714285714,993413.4285714285
"2021-07-24 00:00:00",796881,22263,960,673,179527,1105132.142857143,993044.7142857143
"2021-07-25 00:00:00",272506,74541,7948,4139,336096,1062948,1005960.7142857143
"2021-07-26 00:00:00",462855,8168,11424,557,767911,936441,1079492.4285714286
"2021-07-27 00:00:00",673929,87687,4183,307,1352962,1140309.142857143,1122931
"2021-07-28 00:00:00",907059,0,4036,0,493760,1187722.2857142857,1057504.142857143
"2021-07-29 00:00:00",570955,25298,1758,267,221912,1171964.2857142857,1149656.2857142857
"2021-07-30 00:00:00",591844,0,2859,54,190595,1153704.142857143,1090526.2857142857
"2021-07-31 00:00:00",536426,13140,0,2551,758011,1197964.857142857,1102098.5714285714
"2021-08-01 00:00:00",509927,0,2225,0,319277,1217421.7142857143,1142377.5714285714
"2021-08-02 00:00:00",540647,56060,5112,252,271359,1163495.142857143,1144319.5714285714
"2021-08-03 00:00:00",747036,6820,1091,0,617437,1056826,1153905.857142857
"2021-08-04 00:00:00",513488,5745,2880,509,465013,997223,1241420.857142857
"2021-08-05 00:00:00",549149,22568,9974,307,606535,1049843.4285714286,1237661.2857142857
"2021-08-06 00:00:00",247547,50269,15117,765,437361,1044944.4285714285,1181569.7142857143
"2021-08-07 00:00:00",1072556,26281,1327,0,445974,1078660.142857143,1224790.4285714286
"2021-08-08 00:00:00",596203,23782,6851,1023,698822,1149410.5714285714,1168835.142857143
"2021-08-09 00:00:00",1227274,30417,3378,562,291093,1246452.5714285714,1139963.7142857143
"2021-08-10 00:00:00",1057835,32041,8027,520,438808,1270002.142857143,1198895.7142857143
"2021-08-11 00:00:00",220652,33885,2778,252,370406,1218622.142857143,1075105.7142857143
"2021-08-12 00:00:00",300214,13140,2880,307,262543,1131558,977226
"2021-08-13 00:00:00",761612,22444,983,0,436208,1198727.5714285714,1066940.142857143
"2021-08-14 00:00:00",691490,0,3442,2070,545425,1155340.2857142857,1082016.2857142857
"2021-08-15 00:00:00",1088176,455,6577,0,495634,1193077.4285714286,1062016.857142857
"2021-08-16 00:00:00",210438,34450,3998,267,315636,1051943.7142857143,1136355.7142857143
"2021-08-17 00:00:00",379968,22641,3069,685,220262,921857,1062398.142857143
"2021-08-18 00:00:00",702693,35500,2880,0,592253,1022621.5714285715,1016324.1428571428
"2021-08-19 00:00:00",324834,32313,4369,252,608170,1078457.857142857,1033185.7142857143
"2021-08-20 00:00:00",475353,0,5018,0,619836,1061166.4285714286,999370.8571428572
"2021-08-21 00:00:00",717707,13140,2400,2684,586990,1072665.5714285714,947872.7142857143
"2021-08-22 00:00:00",263486,8168,2511,0,220774,916108,964698.2857142857
"2021-08-23 00:00:00",619828,31951,6740,1529,469928,996849,881779
"2021-08-24 00:00:00",747673,42306,1920,0,960806,1157717.7142857143,967749.8571428572
"2021-08-25 00:00:00",471608,13140,4081,0,654847,1130624.857142857,995101.1428571428
"2021-08-26 00:00:00",372258,34450,6318,0,360737,1102599.7142857143,1081273.4285714286
"2021-08-27 00:00:00",1156089,39422,2554,505,264229,1154398.857142857,1101886
"2021-08-28 00:00:00",724933,25041,1440,1028,204896,1102172.7142857143,1089857.5714285714
"2021-08-29 00:00:00",374583,22776,3946,0,183783,1115051.142857143,1056756.142857143
"2021-08-30 00:00:00",462245,8720,5154,0,391355,1077551,1071665.2857142857
"2021-08-31 00:00:00",480327,8168,5685,54,798241,1011804,999660
"2021-09-01 00:00:00",1299486,0,5544,1754,517200,1108990.7142857143,1050544.2857142857
"2021-09-02 00:00:00",172885,84817,5691,2970,584294,1119975.4285714286,1041965.5714285715
"2021-09-03 00:00:00",744272,49962,7255,3389,253097,1062143.4285714286,976213.7142857143
"2021-09-04 00:00:00",515673,44013,3840,0,431117,1067472.7142857143,1013121.5714285715
"2021-09-05 00:00:00",329801,8168,1920,0,605418,1118932.7142857143,1039289.8571428572
"2021-09-06 00:00:00",494109,34450,2862,3170,907705,1201050,1085470
"2021-09-07 00:00:00",369471,0,960,252,292939,1111213.5714285714,1114271.142857143
"2021-09-08 00:00:00",665960,23782,5286,252,287073,990980.7142857143,1103362.7142857143
"2021-09-09 00:00:00",445167,0,2880,505,765784,1042935,1011688
"2021-09-10 00:00:00",271657,4259,3113,1146,627460,1021457.7142857143,1182886.142857143
"2021-09-11 00:00:00",1051078,0,1920,766,358246,1081081.4285714286,1277451.142857143
"2021-09-12 00:00:00",140183,18773,1920,0,419547,1028955,1282244.2857142857
"2021-09-13 00:00:00",748297,8168,2619,0,406016,989355.5714285715,1239045.142857143
"2021-09-14 00:00:00",725499,9303,7311,5444,294645,1043438.5714285715,1247037.857142857
"2021-09-15 00:00:00",759447,8168,10924,252,408135,1072663.4285714286,1224029.142857143
"2021-09-16 00:00:00",392928,35709,155,557,382910,1015223.8571428572,1275511.5714285714
"2021-09-17 00:00:00",511873,56607,13438,252,453758,1033551.4285714285,1156829.142857143
"2021-09-18 00:00:00",412964,31972,3724,2012,361447,947852.8571428572,1029719.5714285715
"2021-09-19 00:00:00",818072,13140,2076,2782,466355,1050996.142857143,1060453.7142857143
"2021-09-20 00:00:00",743445,34450,5145,0,599576,1082069.857142857,1067886.4285714286
"2021-09-21 00:00:00",717727,14671,960,765,1124238,1198663.857142857,1040750.7142857143
"2021-09-22 00:00:00",737291,31874,3027,2220,322562,1185813.4285714286,1061245.5714285714
"2021-09-23 00:00:00",715513,2377,6550,252,337257,1221483.4285714286,1049725.857142857
"2021-09-24 00:00:00",819263,0,4613,0,336141,1239210.2857142857,1039577.4285714285
"2021-09-25 00:00:00",909677,17471,1920,520,373582,1309360.5714285714,1022319.4285714285
"2021-09-26 00:00:00",439986,0,1291,252,580505,1269304.5714285714,990434.4285714285
"2021-09-27 00:00:00",493855,0,5929,3555,1115242,1303013.857142857,1056600.5714285714
"2021-09-28 00:00:00",1071738,33788,4051,4716,398864,1253699.142857143,1041264
"2021-09-29 00:00:00",334491,18955,6048,0,419857,1208324.2857142857,1038497.7142857143
"2021-09-30 00:00:00",897266,12750,7966,0,690917,1286460,1159130
"2021-10-01 00:00:00",517736,8168,960,1522,532613,1272314.857142857,1162753.142857143
"2021-10-02 00:00:00",425460,35600,2400,0,309141,1196519,1205395.857142857
"2021-10-03 00:00:00",320699,0,2181,252,412681,1155630.4285714286,1196734.4285714286
"2021-10-04 00:00:00",368568,83079,4779,2407,410791,1048636.7142857143,1189983.142857143
"2021-10-05 00:00:00",894338,0,2911,0,296094,1002948.8571428572,1259359.5714285714
"2021-10-06 00:00:00",530680,13072,2982,0,634217,1060320.2857142857,1292425.4285714286
"2021-10-07 00:00:00",490568,9614,6010,252,865446,1026461.8571428572,1223720.142857143
"2021-10-08 00:00:00",874307,145,2880,1289,310169,1044717.5714285715,1250968.4285714286
"2021-10-09 00:00:00",656883,0,2935,758,1030551,1175935.7142857143,1260712.7142857143
"2021-10-10 00:00:00",585914,32517,1920,1253,589502,1243834.857142857,1232405.4285714286
"2021-10-11 00:00:00",526702,0,6096,2102,288878,1237285.142857143,1122478.2857142857
"2021-10-12 00:00:00",634114,13140,1680,0,787592,1272025.7142857143,1091566.7142857143
"2021-10-13 00:00:00",415639,38988,3319,252,519654,1243011.857142857,1086789.5714285714
"2021-10-14 00:00:00",346396,27122,3276,1524,502493,1172857.5714285714,1077145.5714285714
"2021-10-15 00:00:00",703190,26281,9958,0,340835,1157354,1019169.1428571428
"2021-10-16 00:00:00",810731,0,393,0,620154,1120232.5714285714,1039726.8571428572
"2021-10-17 00:00:00",364186,0,3691,0,522360,1074393.857142857,1039105.4285714285
"2021-10-18 00:00:00",827981,21309,6484,594,303918,1122466.7142857143,1072368.2857142857
"2021-10-19 00:00:00",360373,9697,5558,5172,667844,1067055,1081516
"2021-10-20 00:00:00",1048744,0,2880,0,301989,1120734.7142857143,1023602.8571428572
"2021-10-21 00:00:00",701361,35292,10789,252,533053,1177868.7142857143,997094
"2021-10-22 00:00:00",346333,0,3383,252,969833,1212088,1047974.7142857143
"2021-10-23 00:00:00",421842,0,2400,1679,652049,1161615.4285714286,1036872.7142857143
"2021-10-24 00:00:00",635929,10140,2036,0,305195,1170624.5714285714,1128509.4285714286
"2021-10-25 00:00:00",777682,8168,8899,307,684204,1216192.2857142857,1108101.4285714286
"2021-10-26 00:00:00",584908,0,4071,765,341829,1199467.7142857143,1133051.2857142857
"2021-10-27 00:00:00",756331,8168,3685,0,406799,1173949.2857142857,1189266.2857142857
"2021-10-28 00:00:00",327726,0,11060,0,507812,1111927.7142857143,1142644
"2021-10-29 00:00:00",485705,37264,2880,1786,347980,1048472.7142857143,1192674.7142857143
"2021-10-30 00:00:00",172307,19140,13675,0,414128,982941.4285714285,1108638
"2021-10-31 00:00:00",430029,38309,5407,0,206538,943939,1003308
"2021-11-01 00:00:00",636848,10140,2425,4672,889524,953131.7142857143,1075204.5714285714
"2021-11-02 00:00:00",496495,47591,8133,0,720154,1001817.5714285715,1039619.5714285715
"2021-11-03 00:00:00",783445,0,3603,252,448024,1010437.8571428572,1059843.7142857143
"2021-11-04 00:00:00",484902,13140,1920,653,634259,1051620.4285714286,1140043.7142857143
"2021-11-05 00:00:00",414851,27742,9353,0,263516,1028741.4285714285,1110504.2857142857
"2021-11-06 00:00:00",443033,52828,7720,0,518535,1086293.7142857143,1156484.7142857143
"2021-11-07 00:00:00",768314,19801,17508,4168,501070,1176376.2857142857,1164285.7142857143
"2021-11-08 00:00:00",355112,27752,3205,669,1005645,1154772.4285714286,1078884.2857142857
"2021-11-09 00:00:00",463243,90564,4321,0,728212,1156767.5714285714,1082991.142857143
"2021-11-10 00:00:00",858092,8168,2884,252,599558,1190143.4285714286,1058034
"2021-11-11 00:00:00",464557,0,8408,0,467885,1162425.4285714286,1053745.2857142857
"2021-11-12 00:00:00",534219,0,9672,252,751402,1245294.4285714286,1087107.5714285714
"2021-11-13 00:00:00",774090,24083,0,765,978084,1353138,1151692.5714285714
"2021-11-14 00:00:00",896994,42065,6324,509,675269,1397466.5714285714,1152649
"2021-11-15 00:00:00",437175,44085,15261,2898,338799,1318300.4285714286,1230226.857142857
"2021-11-16 00:00:00",658847,8168,8824,2577,305627,1275115.4285714286,1170973
"2021-11-17 00:00:00",907295,28087,8829,0,266495,1238222.5714285714,1287532.857142857
"2021-11-18 00:00:00",726609,0,12419,1025,422674,1269919.2857142857,1259682
"2021-11-19 00:00:00",545678,33440,2663,509,247998,1203454,1163003
"2021-11-20 00:00:00",449028,66724,3126,0,942246,1158325.857142857,1029892.1428571428
"2021-11-21 00:00:00",865371,7796,0,252,510681,1124460,1076929.2857142857
"2021-11-22 00:00:00",623420,39836,14091,54,669491,1197127.7142857143,1064762.142857143
"2021-11-23 00:00:00",714130,32893,2880,773,485133,1233094.2857142857,1092952.7142857143
"2021-11-24 00:00:00",449861,12428,2168,1278,409473,1185166.142857143,993415
"2021-11-25 00:00:00",774716,31449,6722,5086,136667,1155439.7142857143,1061310.142857143
"2021-11-26 00:00:00",510291,29478,3054,0,260866,1151639.7142857143,1018854.7142857143
"2021-11-27 00:00:00",776881,0,9150,1889,274088,1094622.857142857,1065166
"2021-11-28 00:00:00",252530,13140,2793,2410,434787,997702.8571428572,1145687
"2021-11-29 00:00:00",940600,8168,5807,650,568789,1023005.8571428572,1164270.5714285714
"2021-11-30 00:00:00",522212,285,960,2230,581665,1004654.7142857143,1169552
"2021-12-01 00:00:00",613551,40083,9059,1602,455824,1039642.1428571428,1117906.4285714286
"2021-12-02 00:00:00",274520,43127,4045,0,451432,1013711.1428571428,1069018.857142857
"2021-12-03 00:00:00",761610,0,4901,620,371984,1061629.2857142857,1115809.142857143
"2021-12-04 00:00:00",860104,27639,8094,252,485497,1107283.7142857143,1120584.857142857
"2021-12-05 00:00:00",456726,12438,10153,3265,453134,1140148.7142857143,1105429.142857143
"2021-12-06 00:00:00",902646,16337,7660,267,785175,1167015.857142857,1081817.857142857
"2021-12-07 00:00:00",540308,36299,960,4385,570528,1173462.7142857143,1106761.7142857143
"2021-12-08 00:00:00",362283,13140,5379,1072,172260,1092607.5714285714,1100321
"2021-12-09 00:00:00",822962,8565,3882,252,354265,1152150.7142857143,1118509.7142857143
"2021-12-10 00:00:00",206235,0,960,252,227983,1051624.2857142857,1147207
"2021-12-11 00:00:00",499862,8168,5263,0,657165,1021463,1165900
"2021-12-12 00:00:00",288464,15766,1920,0,344322,980714,1147693
"2021-12-13 00:00:00",695990,8168,11795,3685,830385,957562.4285714285,1172996.857142857
"2021-12-14 00:00:00",1524806,36481,2002,0,493658,1086772,1226239.857142857
"2021-12-15 00:00:00",611666,0,2303,252,425663,1156164.857142857,1268996
"2021-12-16 00:00:00",301989,18206,9647,2624,587180,1117553.4285714286,1286832.4285714286
"2021-12-17 00:00:00",801165,90053,2880,4667,621622,1272547.4285714286,1366504.142857143
"2021-12-18 00:00:00",687869,0,720,0,614146,1291444,1314655.857142857
"2021-12-19 00:00:00",1029618,0,6064,0,336163,1394497.142857143,1227230.2857142857
"2021-12-20 00:00:00",415408,0,18219,307,773090,1345497.2857142857,1224928.142857143
"2021-12-21 00:00:00",584775,6735,4780,267,537930,1213717.2857142857,1142144.4285714286
"2021-12-22 00:00:00",1047583,9095,5185,1022,458752,1282539,1110531.4285714286
"2021-12-23 00:00:00",376221,54629,9111,1602,342895,1263226.4285714286,1140700.4285714286
"2021-12-24 00:00:00",921900,0,2621,1534,359257,1229644,1091920.4285714286
"2021-12-25 00:00:00",552508,80619,5100,0,900112,1263301.857142857,1147414.142857143
"2021-12-26 00:00:00",757490,13140,9151,0,831477,1297503.7142857143,1141354.2857142857
"2021-12-27 00:00:00",541480,148484,6033,54,587446,1308428.4285714286,1062693
"2021-12-28 00:00:00",365488,0,4558,520,397545,1256089.142857143,1170492.857142857
"2021-12-29 00:00:00",1004801,72860,1992,694,681482,1290402.4285714286,1189200.142857143
"2021-12-30 00:00:00",273606,8168,4589,514,403397,1276947.5714285714,1118942
"2021-12-31 00:00:00",729628,26477,3589,0,494014,1272432.7142857143,1236744.2857142857
"2022-01-01 00:00:00",530327,0,3493,0,959302,1265972.857142857,1234452.142857143
"2022-01-02 00:00:00",890432,0,13442,54,386767,1220178.142857143,1250283.5714285714
"2022-01-03 00:00:00",459464,75269,4299,0,450126,1178129.857142857,1270849
"2022-01-04 00:00:00",728182,16337,4474,0,398388,1232311.142857143,1224189.2857142857
"2022-01-05 00:00:00",718419,31347,4779,0,592304,1173028.2857142857,1198455.142857143
"2022-01-06 00:00:00",603152,18773,8926,1278,393436,1220926.857142857,1190702.4285714286
"2022-01-07 00:00:00",751437,61309,3493,0,417136,1218022.2857142857,1035336.7142857143
"2022-01-08 00:00:00",628923,38578,8733,0,282145,1141630.5714285714,1000122.7142857143
"2022-01-09 00:00:00",718192,0,5356,4011,231150,1094204,1039205.4285714285
"2022-01-10 00:00:00",1120755,48390,10030,307,842947,1241814.142857143,1104676.142857143
"2022-01-11 00:00:00",438384,8168,19122,0,761792,1253254.857142857,1079338.4285714286
"2022-01-12 00:00:00",225121,17264,824,1179,1234621,1272134.857142857,1032704.4285714285
"2022-01-13 00:00:00",848309,64976,3493,252,720467,1359553.7142857143,1096845.142857143
"2022-01-14 00:00:00",1023212,68669,1920,0,237720,1373574.4285714286,1099582.142857143
"2022-01-15 00:00:00",414959,29478,4005,777,341715,1349653.7142857143,1187772.4285714286
"2022-01-16 00:00:00",349123,92186,3853,0,184025,1302579.2857142857,1156767
"2022-01-17 00:00:00",444819,32675,13841,252,392778,1139998.5714285714,1135283.857142857
"2022-01-18 00:00:00",560061,34467,4630,1970,538816,1127495.5714285714,1139644.2857142857
"2022-01-19 00:00:00",361235,8168,11541,0,439490,1033413.2857142857,1124634.5714285714
"2022-01-20 00:00:00",567930,21309,1920,596,814952,1000443.4285714285,1113952.4285714286
"2022-01-21 00:00:00",468984,16337,7463,307,719825,983500,1205694.4285714286
"2022-01-22 00:00:00",1227694,41221,1921,0,983492,1192556.4285714286,1161805.5714285714
"2022-01-23 00:00:00",717375,46824,3074,0,358018,1263428.4285714286,1189910.5714285714
"2022-01-24 00:00:00",340419,40843,8884,307,883823,1319130.142857143,1250372.5714285714
"2022-01-25 00:00:00",561815,23782,10980,0,292107,1283235.7142857143,1194910.7142857143
"2022-01-26 00:00:00",195772,8168,2400,252,344002,1244687.4285714286,1240224.857142857
"2022-01-27 00:00:00",370044,0,2834,2165,692436,1196226.2857142857,1115284.7142857143
"2022-01-28 00:00:00",787513,57894,3601,0,807096,1259538.5714285714,1050861.2857142857
"2022-01-29 00:00:00",290116,30761,4082,0,322715,1030016.4285714285,1083837.857142857
"2022-01-30 00:00:00",646662,48431,4535,0,738089,1074648.5714285714,1120306.5714285714
"2022-01-31 00:00:00",606029,33046,2363,535,773531,1094823.7142857143,1042532.8571428572
"2022-02-01 00:00:00",500035,59220,1315,252,403674,1105654.142857143,1039094.4285714285
"2022-02-02 00:00:00",965799,47002,6938,711,562449,1253126.142857143,1021791.5714285715
"2022-02-03 00:00:00",413552,70581,7731,252,447475,1234856.4285714286,1101570.7142857143
"2022-02-04 00:00:00",437329,13140,9617,0,321221,1109885.7142857143,1153032.857142857
"2022-02-05 00:00:00",562821,16337,5225,0,534604,1177216.2857142857,1209536.5714285714
"2022-02-06 00:00:00",907751,26835,6425,0,615539,1194192.4285714286,1103392.4285714286
"2022-02-07 00:00:00",576249,127835,2859,54,226648,1125355.5714285714,1172197.4285714286
"2022-02-08 00:00:00",568462,0,5040,252,209798,1099506.4285714286,1320134.2857142857
"2022-02-09 00:00:00",229956,3699,10381,5625,860597,1031986.4285714285,1378986
"2022-02-10 00:00:00",598615,8168,4692,0,491215,1055286.142857143,1394178.142857143
"2022-02-11 00:00:00",352229,0,2909,0,393153,1050569.2857142857,1308044.857142857
"2022-02-12 00:00:00",421990,31347,8462,767,741368,1062704.5714285714,1280329.7142857143
"2022-02-13 00:00:00",400338,26281,5068,252,401878,959457.1428571428,1267247
"2022-02-14 00:00:00",685015,67125,9087,435,382319,989505.1428571428,1210016.5714285714
"2022-02-15 00:00:00",974120,20987,15652,0,405768,1079929.857142857,1093307.857142857
"2022-02-16 00:00:00",307769,8168,4808,0,575102,1049299.7142857143,1171425.142857143
"2022-02-17 00:00:00",1015521,24301,4171,252,320792,1086778.142857143,1164485.857142857
"2022-02-18 00:00:00",307501,26281,5653,2921,538885,1105771.2857142857,1199604.142857143
"2022-02-19 00:00:00",642631,80260,4161,0,506455,1109995.857142857,1102610.7142857143
"2022-02-20 00:00:00",397550,0,3747,267,829054,1166681.5714285714,1180173.4285714286
"2022-02-21 00:00:00",653062,17361,4704,54,607721,1186527.5714285714,1156500.142857143
"2022-02-22 00:00:00",507762,26421,495,505,502128,1132354,1109738.5714285714
"2022-02-23 00:00:00",1198188,58232,11582,0,746966,1292228.2857142857,991905.4285714285
"2022-02-24 00:00:00",549201,8168,4801,2300,232200,1211033,962066.2857142857
"2022-02-25 00:00:00",679706,41781,6749,505,588025,1273250.857142857,920188.2857142857
"2022-02-26 00:00:00",623463,12573,9261,0,827362,1307415.5714285714,1015209
"2022-02-27 00:00:00",336212,0,15829,2367,618305,1270572,972431.1428571428
"2022-02-28 00:00:00",848261,16337,8453,366,494984,1282786,1022953.7142857143
"2022-03-01 00:00:00",896711,29478,10529,505,377676,1322441.4285714286,1116319.4285714286
"2022-03-02 00:00:00",584829,83555,2757,432,643012,1222386.5714285714,1154173.142857143
"2022-03-03 00:00:00",267240,13140,27348,0,373359,1205874.5714285714,1167124
"2022-03-04 00:00:00",475084,58155,3745,3839,403980,1152737.142857143,1197072.4285714286
"2022-03-05 00:00:00",387853,21309,8143,252,417508,1061652.2857142857,1133794.2857142857
"2022-03-06 00:00:00",430516,0,4270,5712,506345,1057956.7142857143,1164113.857142857
"2022-03-07 00:00:00",689302,16337,7660,54,349340,1014284.1428571428,1174651.4285714286
"2022-03-08 00:00:00",423725,8168,960,0,715906,990549.8571428572,1181114.4285714286
"2022-03-09 00:00:00",602953,48780,3840,252,593837,981275.4285714285,1161611.142857143
"2022-03-10 00:00:00",482292,20676,3840,0,367244,1008841.8571428572,1229537.4285714286
"2022-03-11 00:00:00",528980,21309,2880,505,523059,1027689,1280456
"2022-03-12 00:00:00",918146,36110,2856,252,483039,1114165.857142857,1360943
"2022-03-13 00:00:00",258626,39893,1920,2786,244997,1057219.857142857,1403441.142857143
"2022-03-14 00:00:00",514861,68944,6700,1025,398696,1046867.2857142857,1361737.7142857143
"2022-03-15 00:00:00",631316,0,7821,773,347646,1023838.2857142857,1277773.2857142857
"2022-03-16 00:00:00",803638,48431,18073,0,407229,1027796.5714285715,1279255.857142857
"2022-03-17 00:00:00",597651,47191,1920,0,322201,1041355.2857142857,1233404.4285714286
"2022-03-18 00:00:00",261202,13140,4581,2617,283540,968262,1165934.2857142857
"2022-03-19 00:00:00",336144,16337,7754,0,376354,867716.8571428572,1109216.7142857143
"2022-03-20 00:00:00",328676,13140,8762,4134,866471,963854.2857142857,1176653.2857142857
"2022-03-21 00:00:00",677144,35500,13319,604,518276,1000228.4285714285,1168761.7142857143
"2022-03-22 00:00:00",867479,3424,5302,505,244008,1019251.5714285715,1189035
"2022-03-23 00:00:00",621387,26215,5734,252,417886,989837.7142857143,1192092
"2022-03-24 00:00:00",752490,5441,6011,1729,186742,987473.2857142857,1223077.857142857
"2022-03-25 00:00:00",676293,35666,9833,6942,353467,1061347.4285714286,1234167.2857142857
"2022-03-26 00:00:00",354413,0,5972,511,195794,1035647.8571428572,1242994.5714285714
"2022-03-27 00:00:00",459029,0,3898,562,493608,997921,1092401.142857143
"2022-03-28 00:00:00",1403016,8168,3671,520,546206,1100312.142857143,1142716.7142857143
"2022-03-29 00:00:00",544316,30405,7144,1558,574015,1105557.7142857143,1229164.5714285714
"2022-03-30 00:00:00",679462,31758,0,0,301793,1097206,1180759.7142857143
"2022-03-31 00:00:00",722875,16337,5802,1379,613912,1155476.5714285714,1110033.2857142857
"2022-04-01 00:00:00",410076,68890,2880,252,167202,1093633.7142857143,1156901.5714285714
"2022-04-02 00:00:00",449727,8168,3500,0,318354,1125499.2857142857,1127026.5714285714
"2022-04-03 00:00:00",428219,0,1983,758,963065,1187917.7142857143,1217928
"2022-04-04 00:00:00",659143,86906,4944,267,966542,1153091.857142857,1189301.7142857143
"2022-04-05 00:00:00",645374,87448,6912,0,562012,1173707.2857142857,1065010.142857143
"2022-04-06 00:00:00",779180,311,6727,1071,291927,1183165,1149382.142857143
"2022-04-07 00:00:00",345080,29478,11361,1796,787699,1156751.7142857143,1130562.142857143
"2022-04-08 00:00:00",916463,18856,8142,0,498098,1269931.4285714286,1110531.5714285714
"2022-04-09 00:00:00",850842,68750,5608,2187,409473,1349518.857142857,1131203.142857143
"2022-04-10 00:00:00",497693,23842,4988,0,425005,1286305,1126935.2857142857
"2022-04-11 00:00:00",230924,35298,3396,4398,464909,1146465.4285714286,1113501.4285714286
"2022-04-12 00:00:00",702203,21309,5950,1626,737879,1170354.142857143,1194102.142857143
"2022-04-13 00:00:00",568563,65245,10760,0,430455,1169755,1181460.7142857143
"2022-04-14 00:00:00",602826,30198,4086,0,297561,1135363.142857143,1171008
"2022-04-15 00:00:00",913920,55415,4368,2646,497643,1139996.7142857143,1184019.857142857
"2022-04-16 00:00:00",499743,8168,3670,1024,310948,1066667.142857143,1121228.5714285714
"2022-04-17 00:00:00",922516,48007,2999,0,439636,1132614.2857142857,1045967.4285714285
"2022-04-18 00:00:00",418094,37647,4321,54,662582,1187439.142857143,1131788.857142857
"2022-04-19 00:00:00",242871,0,1449,1113,481474,1081430.857142857,1101902.857142857
"2022-04-20 00:00:00",437324,26644,3051,0,720939,1097564.4285714286,1110682.7142857143
"2022-04-21 00:00:00",478358,9678,9865,0,421330,1095358.7142857143,1164594.7142857143
"2022-04-22 00:00:00",947488,19581,3339,2003,632787,1114102.2857142857,1195823.4285714286
"2022-04-23 00:00:00",496408,40924,3361,0,252408,1109751.7142857143,1233353
"2022-04-24 00:00:00",581363,38330,8000,765,229066,1030375.5714285715,1389178.5714285714
"2022-04-25 00:00:00",918663,72148,9176,0,343071,1061855.4285714286,1352889.7142857143
"2022-04-26 00:00:00",252165,311,3150,0,463891,1060799.2857142857,1314631.4285714286
"2022-04-27 00:00:00",805158,0,3326,0,468413,1073504.857142857,1341852.4285714286
"2022-04-28 00:00:00",705083,34838,1920,0,659009,1142307.7142857143,1319683.857142857
"2022-04-29 00:00:00",927980,0,2880,505,478575,1114413.7142857143,1213389.2857142857
"2022-04-30 00:00:00",452927,8888,9746,1796,339902,1117293.7142857143,1343106.7142857143
"2022-05-01 00:00:00",334971,20141,12490,1961,382355,1102207.142857143,1252668.857142857
"2022-05-02 00:00:00",779877,35952,1223,0,569595,1108434.142857143,1145272.857142857
"2022-05-03 00:00:00",684999,0,6330,1024,475045,1172417.2857142857,1149278.857142857
"2022-05-04 00:00:00",704293,23945,4970,4335,398807,1152339,1059936.142857143
"2022-05-05 00:00:00",463926,29478,11856,0,486632,1093916.142857143,1096986.142857143
"2022-05-06 00:00:00",569086,4095,4161,0,550664,1053639.5714285714,1193839.2857142857
"2022-05-07 00:00:00",366400,95619,4508,0,469937,1071240.142857143,1142028
"2022-05-08 00:00:00",991508,0,3523,513,293873,1148025.7142857143,1079290.5714285714
"2022-05-09 00:00:00",378219,26215,5740,2088,613672,1096495.2857142857,1148156.142857143
"2022-05-10 00:00:00",509008,0,5236,3350,597312,1088996.5714285714,1109284.857142857
"2022-05-11 00:00:00",1040618,57498,14285,217,552839,1164583.5714285714,1194864.2857142857
"2022-05-12 00:00:00",359130,40117,2880,0,698884,1180172.2857142857,1179514.5714285714
"2022-05-13 00:00:00",616558,0,1850,1971,346881,1157208.857142857,1096744.142857143
"2022-05-14 00:00:00",196256,38574,2430,0,364022,1109325.5714285714,1125724.5714285714
"2022-05-15 00:00:00",574778,0,1920,0,486077,1076948.142857143,1108879.4285714286
"2022-05-16 00:00:00",436103,16337,4548,4078,775953,1107103.4285714286,1119785.142857143
"2022-05-17 00:00:00",564394,53048,7964,3952,1225724,1212842.7142857143,1184438.857142857
"2022-05-18 00:00:00",599225,77213,5505,0,322686,1118438.7142857143,1183317.4285714286
"2022-05-19 00:00:00",352953,820,6844,252,569920,1094121.2857142857,1142718.7142857143
"2022-05-20 00:00:00",1051498,0,13215,0,408813,1166445,1189829.2857142857
"2022-05-21 00:00:00",389627,42619,2227,0,227280,1175083.7142857143,1234668.142857143
"2022-05-22 00:00:00",917572,31281,0,54,740517,1264605,1286992
"2022-05-23 00:00:00",533595,57261,13115,0,299623,1216972.7142857143,1264129.4285714286
"2022-05-24 00:00:00",586173,0,7423,764,350383,1086924.4285714286,1220742.142857143
"2022-05-25 00:00:00",636089,13140,3363,1446,464925,1103258,1157549.5714285714
"2022-05-26 00:00:00",762130,18955,4902,505,390119,1138375.4285714286,1306985.7142857143
"2022-05-27 00:00:00",503284,52549,9458,0,454447,1073548.4285714286,1292714.857142857
"2022-05-28 00:00:00",565687,3338,6021,809,281974,1101559.2857142857,1150004.7142857143
"2022-05-29 00:00:00",352430,9697,6782,252,275588,952320,1127540
"2022-05-30 00:00:00",644372,61317,4562,1274,448852,989003.1428571428,1222265.857142857
"2022-05-31 00:00:00",940577,139296,5498,0,237119,1042967,1269930.4285714286
"2022-06-01 00:00:00",605819,31925,12245,520,719040,1078764.7142857143,1361696.4285714286
"2022-06-02 00:00:00",526724,13140,8455,3063,431444,1051081.2857142857,1252394.4285714286
"2022-06-03 00:00:00",806557,41655,7013,849,749422,1134761,1261945.857142857
"2022-06-04 00:00:00",466206,117150,1920,0,239648,1130060.4285714286,1257174.7142857143
"2022-06-05 00:00:00",682939,8168,5775,0,271053,1176229.857142857,1206064.142857143
"2022-06-06 00:00:00",633175,58603,8440,54,350445,1160564.2857142857,1076345
"2022-06-07 00:00:00",467081,13140,9291,505,802361,1156262.7142857143,1092416.142857143
"2022-06-08 00:00:00",426038,8168,4331,485,294294,1065372.4285714286,1004735.2857142857
"2022-06-09 00:00:00",1339820,17664,7516,252,496950,1190997.4285714286,1012896.5714285715
"2022-06-10 00:00:00",593949,28515,3622,0,502866,1122919.7142857143,1051983
"2022-06-11 00:00:00",639502,0,13690,252,387208,1153737.857142857,1035067.2857142857
"2022-06-12 00:00:00",375937,0,480,4365,254011,1106146,1101696.5714285714
"2022-06-13 00:00:00",361647,60423,12314,3042,485051,1087826,1284169.7142857143
"2022-06-14 00:00:00",608087,0,9522,267,718375,1094093.4285714286,1249816.857142857
"2022-06-15 00:00:00",1114716,20296,2251,1961,347837,1201771.2857142857,1350937.5714285714
"2022-06-16 00:00:00",582957,8168,5987,0,362611,1072845.5714285714,1326145.5714285714
"2022-06-17 00:00:00",450496,4006,2880,0,338741,1025298.8571428572,1244196.7142857143
"2022-06-18 00:00:00",1031565,26281,4900,252,715135,1130653.5714285714,1255659.4285714286
"2022-06-19 00:00:00",547324,54253,2316,0,559474,1206164.142857143,1263236
"2022-06-20 00:00:00",620175,39204,5214,1079,319016,1215051.4285714286,1059652.7142857143
"2022-06-21 00:00:00",378700,9303,3617,3522,326895,1127306.7142857143,1087508.2857142857
"2022-06-22 00:00:00",424494,24991,6626,2050,188501,1007249.7142857143,962457
"2022-06-23 00:00:00",876541,0,3929,1892,378827,1050316.4285714286,1043254.7142857143
"2022-06-24 00:00:00",710615,11735,1947,0,743503,1146270,1101078.142857143
"2022-06-25 00:00:00",339577,13140,1484,252,167072,966754.5714285715,1096752.142857143
"2022-06-26 00:00:00",842885,36536,11012,1054,467690,994727.5714285715,1062254.5714285714
"2022-06-27 00:00:00",728500,34880,12175,267,782677,1076700.5714285714,1129952.7142857143
"2022-06-28 00:00:00",347846,83304,6923,0,749540,1143211.142857143,1157264.857142857
"2022-06-29 00:00:00",530346,24506,13995,0,388359,1187574.4285714286,1267916.857142857
"2022-06-30 00:00:00",895112,0,12057,2604,326400,1184000.7142857143,1166153.2857142857
"2022-07-01 00:00:00",691279,16337,4010,322,463706,1142265.7142857143,1117607
"2022-07-02 00:00:00",797419,7688,1327,252,204566,1212226.4285714286,1198207.857142857
"2022-07-03 00:00:00",816214,36384,8446,252,759013,1249531,1192255
"2022-07-04 00:00:00",458128,48114,6630,758,268008,1138550.857142857,1121420
"2022-07-05 00:00:00",703620,58046,1163,1514,493844,1148633,1129891.2857142857
"2022-07-06 00:00:00",504827,39176,4217,505,461590,1156220.142857143,1101539.5714285714
"2022-07-07 00:00:00",576272,43310,12384,0,373768,1123300.142857143,1207274.4285714286
"2022-07-08 00:00:00",544892,8168,5866,2420,448075,1099552.7142857143,1231929.5714285714
"2022-07-09 00:00:00",436197,43631,2400,252,731957,1128579.4285714286,1139399.5714285714
"2022-07-10 00:00:00",312652,21309,4966,252,531434,1021480,1137569.857142857
"2022-07-11 00:00:00",829703,55290,3622,54,199648,1065291.2857142857,1311037.857142857
"2022-07-12 00:00:00",618201,0,8792,2325,235431,1009085.8571428572,1149936.857142857
"2022-07-13 00:00:00",908462,16337,1920,0,181574,1023082.7142857143,1144308.142857143
"2022-07-14 00:00:00",899530,18405,2880,6953,452020,1076519.142857143,1028086.4285714285
"2022-07-15 00:00:00",440094,43569,6884,505,331006,1049753,1080138.4285714286
"2022-07-16 00:00:00",526226,23921,6732,252,627665,1045518.4285714285,1070255.857142857
"2022-07-17 00:00:00",443437,72367,960,513,730625,1099416.7142857143,1157333.142857143
"2022-07-18 00:00:00",931983,21128,5490,307,676587,1177584.857142857,1030310.8571428572
"2022-07-19 00:00:00",458553,8168,12149,3875,646546,1215376.5714285714,1290469.142857143
"2022-07-20 00:00:00",446720,0,4942,252,387445,1176957.2857142857,1197436.4285714286
"2022-07-21 00:00:00",624465,72511,4895,2314,307558,1124379.4285714286,1232147.5714285714
"2022-07-22 00:00:00",1137289,0,6223,267,671621,1266285.142857143,1151253.7142857143
"2022-07-23 00:00:00",581164,98486,1440,0,570884,1275882,1169724.5714285714
"2022-07-24 00:00:00",788214,39810,11756,1624,883100,1343968.142857143,1105132.142857143
"2022-07-25 00:00:00",1054272,47655,6949,0,334066,1316460.7142857143,1062948
"2022-07-26 00:00:00",420495,17047,2218,0,545933,1295946.5714285714,936441
"2022-07-27 00:00:00",501802,0,4214,0,610680,1335566.142857143,1140309.142857143
"2022-07-28 00:00:00",512248,47995,1920,513,550543,1350062.5714285714,1187722.2857142857
"2022-07-29 00:00:00",619809,45633,5518,512,668920,1282204.4285714286,1171964.2857142857
"2022-07-30 00:00:00",534708,105407,6286,252,469680,1262827.142857143,1153704.142857143
"2022-07-31 00:00:00",569153,8168,10222,767,275966,1139937.5714285714,1197964.857142857
"2022-08-01 00:00:00",945419,37647,6394,0,877125,1200458,1217421.7142857143
"2022-08-02 00:00:00",677056,13140,7793,0,352211,1209673.4285714286,1163495.142857143
"2022-08-03 00:00:00",804145,34450,1920,585,395820,1226848.4285714286,1056826
"2022-08-04 00:00:00",335636,80158,5585,54,265142,1165899.4285714286,997223
"2022-08-05 00:00:00",594411,56752,12007,1076,285266,1110059.2857142857,1049843.4285714286
"2022-08-06 00:00:00",598206,8571,3361,0,280277,1077785.142857143,1044944.4285714285
"2022-08-07 00:00:00",620010,33768,5300,252,463297,1114692.2857142857,1078660.142857143
"2022-08-08 00:00:00",722787,7987,8159,307,439991,1016498.7142857143,1149410.5714285714
"2022-08-09 00:00:00",849711,34450,316,0,389797,1048509.1428571428,1246452.5714285714
"2022-08-10 00:00:00",337601,32755,8384,3739,638534,1017665.2857142857,1270002.142857143
"2022-08-11 00:00:00",593180,34667,12820,252,314714,1056102.2857142857,1218622.142857143
"2022-08-12 00:00:00",843279,16739,6206,252,307819,1088214.4285714286,1131558
"2022-08-13 00:00:00",98591,21309,4794,0,499297,1050153.857142857,1198727.5714285714
"2022-08-14 00:00:00",817943,10037,13708,520,528527,1085597.857142857,1155340.2857142857
"2022-08-15 00:00:00",779324,16337,11314,307,489317,1102364.857142857,1193077.4285714286
"2022-08-16 00:00:00",651158,54553,2312,252,486480,1091005.142857143,1051943.7142857143
"2022-08-17 00:00:00",538692,68821,10700,2003,161539,1056825.4285714286,921857
"2022-08-18 00:00:00",874552,18617,2365,505,547047,1126461.4285714286,1022621.5714285715
"2022-08-19 00:00:00",413939,7725,6377,0,572637,1101658.7142857143,1078457.857142857
"2022-08-20 00:00:00",477478,103185,960,0,538153,1172485.142857143,1061166.4285714286
"2022-08-21 00:00:00",859402,0,6434,5002,487361,1170694.2857142857,1072665.5714285714
"2022-08-22 00:00:00",689996,26281,6080,252,607497,1175481.142857143,916108
"2022-08-23 00:00:00",327727,26786,1900,0,660850,1150125.142857143,996849
"2022-08-24 00:00:00",642102,8168,2451,3064,511324,1205175.7142857143,1157717.7142857143
"2022-08-25 00:00:00",579908,19184,5637,0,488727,1155228.4285714286,1130624.857142857
"2022-08-26 00:00:00",167843,0,3840,2646,373374,1090518,1102599.7142857143
"2022-08-27 00:00:00",748360,8168,2400,2009,310972,1083680.142857143,1154398.857142857
"2022-08-28 00:00:00",1050264,402,7000,252,726312,1144541.857142857,1102172.7142857143
"2022-08-29 00:00:00",465359,21309,14073,1072,753736,1133890.857142857,1115051.142857143
"2022-08-30 00:00:00",609704,70950,1920,817,853402,1208109.4285714286,1077551
"2022-08-31 00:00:00",358067,26684,7672,252,668029,1192908.7142857143,1011804
"2022-09-01 00:00:00",716828,80175,1920,3118,456636,1216511.7142857143,1108990.7142857143
"2022-09-02 00:00:00",784046,8168,2562,2044,450616,1316473.4285714286,1119975.4285714286
"2022-09-03 00:00:00",1000943,45228,12873,0,107648,1330013.7142857143,1062143.4285714286
"2022-09-04 00:00:00",780173,0,2862,0,1093296,1343170.7142857143,1067472.7142857143
"2022-09-05 00:00:00",270468,0,11276,0,644998,1296198,1118932.7142857143
"2022-09-06 00:00:00",947505,13140,28565,2193,291798,1259970.7142857143,1201050
"2022-09-07 00:00:00",545715,402,3316,252,370241,1239859.4285714286,1111213.5714285714
"2022-09-08 00:00:00",625534,55577,8419,0,532917,1234683.857142857,990980.7142857143
"2022-09-09 00:00:00",619104,26711,3537,252,431455,1210915.7142857143,1042935
"2022-09-10 00:00:00",447533,0,4503,1105,211778,1139233.857142857,1021457.7142857143
"2022-09-11 00:00:00",578672,49506,0,0,255418,997414.5714285715,1081081.4285714286
"2022-09-12 00:00:00",682396,22617,19032,2118,614710,1056576.2857142857,1028955
"2022-09-13 00:00:00",625402,49053,5420,252,808703,1085951.857142857,989355.5714285715
"2022-09-14 00:00:00",452304,0,3690,2644,387801,1075453.857142857,1043438.5714285715
"2022-09-15 00:00:00",742029,13140,4586,918,573135,1091362.5714285714,1072663.4285714286
"2022-09-16 00:00:00",459158,0,10068,0,977923,1143661,1015223.8571428572
"2022-09-17 00:00:00",463627,0,294,2325,222789,1147106.142857143,1033551.4285714285
"2022-09-18 00:00:00",518699,13140,7995,0,325221,1144457.4285714286,947852.8571428572
"2022-09-19 00:00:00",477815,5423,262,267,533510,1098229.5714285714,1050996.142857143
"2022-09-20 00:00:00",555457,19614,1981,252,339448,1016504.2857142857,1082069.857142857
"2022-09-21 00:00:00",900726,10103,7604,0,333895,1074488.2857142857,1198663.857142857
"2022-09-22 00:00:00",456203,22838,2880,0,767594,1062446.4285714286,1185813.4285714286
"2022-09-23 00:00:00",575298,75728,7070,54,298398,992360.7142857143,1221483.4285714286
"2022-09-24 00:00:00",684059,0,1660,505,457301,1057287.7142857143,1239210.2857142857
"2022-09-25 00:00:00",354603,30682,10110,0,464754,1056587,1309360.5714285714
"2022-09-26 00:00:00",1053136,8168,14559,773,389158,1120660.5714285714,1269304.5714285714
"2022-09-27 00:00:00",393353,39469,8254,605,97869,1066774.142857143,1303013.857142857
"2022-09-28 00:00:00",659925,0,18174,11761,868873,1110546.4285714286,1253699.142857143
"2022-09-29 00:00:00",328482,0,3339,0,414683,1038687.5714285715,1208324.2857142857
"2022-09-30 00:00:00",472617,59379,1291,1808,373875,1031890.7142857143,1286460
"2022-10-01 00:00:00",349704,0,7148,506,337950,967859.7142857143,1272314.857142857
"2022-10-02 00:00:00",585409,0,960,217,579597,1011578.8571428572,1196519
"2022-10-03 00:00:00",793196,36943,15188,520,1074815,1076560.142857143,1155630.4285714286
"2022-10-04 00:00:00",611601,39820,5128,0,485953,1162696.2857142857,1048636.7142857143
"2022-10-05 00:00:00",594981,15377,5519,0,1032806,1175546.142857143,1002948.8571428572
"2022-10-06 00:00:00",284721,0,3669,0,264601,1147901.2857142857,1060320.2857142857
"2022-10-07 00:00:00",540779,54151,9317,1530,339163,1153039.857142857,1026461.8571428572
"2022-10-08 00:00:00",546979,27727,393,3091,365307,1188495.5714285714,1044717.5714285715
"2022-10-09 00:00:00",451439,44608,2465,4394,229649,1126548.7142857143,1175935.7142857143
"2022-10-10 00:00:00",864323,0,11168,322,581093,1060297.7142857143,1243834.857142857
"2022-10-11 00:00:00",860987,8869,1327,252,286248,1062466.5714285714,1237285.142857143
"2022-10-12 00:00:00",450454,13474,2938,4107,571522,975868.4285714285,1272025.7142857143
"2022-10-13 00:00:00",396932,0,7783,2715,371190,1008101.4285714285,1243011.857142857
"2022-10-14 00:00:00",749920,0,5863,0,281332,1021269.1428571428,1172857.5714285714
"2022-10-15 00:00:00",495883,8168,10376,511,510066,1032913,1157354
"2022-10-16 00:00:00",185677,0,0,1646,409539,1013528,1120232.5714285714
"2022-10-17 00:00:00",378261,93077,2955,267,619910,961751.4285714285,1074393.857142857
"2022-10-18 00:00:00",671286,32755,4491,0,529778,973269.2857142857,1122466.7142857143
"2022-10-19 00:00:00",741991,0,12243,1907,506590,1004731.5714285715,1067055
"2022-10-20 00:00:00",340045,10037,3169,307,508562,1016660.1428571428,1120734.7142857143
"2022-10-21 00:00:00",782506,0,7777,0,295269,1023579.7142857143,1177868.7142857143
"2022-10-22 00:00:00",460537,8168,4299,1451,442959,1008209.8571428572,1212088
"2022-10-23 00:00:00",877905,26281,12752,1711,295250,1096358.2857142857,1161615.4285714286
"2022-10-24 00:00:00",910468,18656,5628,0,847188,1194568.4285714286,1170624.5714285714
"2022-10-25 00:00:00",474820,64305,2985,322,437375,1157639.5714285714,1216192.2857142857
"2022-10-26 00:00:00",814778,10157,7345,3181,588149,1180622.142857143,1199467.7142857143
"2022-10-27 00:00:00",501991,28273,4473,2378,678778,1231161.142857143,1173949.2857142857
"2022-10-28 00:00:00",435707,0,4531,3389,407583,1197683.7142857143,1111927.7142857143
"2022-10-29 00:00:00",805014,58993,8696,1598,511413,1264583.7142857143,1048472.7142857143
"2022-10-30 00:00:00",319304,46284,1920,0,513114,1216972.7142857143,982941.4285714285
"2022-10-31 00:00:00",647569,0,6491,267,380728,1110274.7142857143,943939
"2022-11-01 00:00:00",362844,32001,6115,267,304490,1071119,953131.7142857143
"2022-11-02 00:00:00",686517,1133,2671,3754,439768,1029723.7142857143,1001817.5714285715
"2022-11-03 00:00:00",974339,13140,8880,0,469566,1065442.5714285714,1010437.8571428572
"2022-11-04 00:00:00",347617,9303,3576,918,363415,1047388.2857142857,1051620.4285714286
"2022-11-05 00:00:00",588524,7289,2365,1897,617994,1023438.8571428572,1028741.4285714285
"2022-11-06 00:00:00",394879,39852,6167,1024,494847,1031459.8571428572,1086293.7142857143
"2022-11-07 00:00:00",493267,41458,2835,322,465563,1026944.4285714285,1176376.2857142857
"2022-11-08 00:00:00",645957,0,9800,0,439075,1082532.2857142857,1154772.4285714286
"2022-11-09 00:00:00",470095,0,1920,0,523723,1062803,1156767.5714285714
"2022-11-10 00:00:00",767556,8168,3934,2669,241885,999701.2857142857,1190143.4285714286
"2022-11-11 00:00:00",289892,8168,8218,252,588595,1024029.2857142857,1162425.4285714286
"2022-11-12 00:00:00",712914,13140,0,252,298982,996489.1428571428,1245294.4285714286
"2022-11-13 00:00:00",560961,14421,4063,4286,632827,1036459,1353138
"2022-11-14 00:00:00",431854,59952,7238,520,358655,1015712.2857142857,1397466.5714285714
"2022-11-15 00:00:00",590162,26281,10872,0,343203,997953.1428571428,1318300.4285714286
"2022-11-16 00:00:00",706792,60333,960,0,523398,1040202.5714285715,1275115.4285714286
"2022-11-17 00:00:00",538424,28033,8161,570,410290,1034669,1238222.5714285714
"2022-11-18 00:00:00",1176063,8168,3339,0,278011,1116162.5714285714,1269919.2857142857
"2022-11-19 00:00:00",470338,0,2150,2113,671410,1133408.5714285714,1203454
"2022-11-20 00:00:00",896825,8168,5723,2921,458842,1155683,1158325.857142857
"2022-11-21 00:00:00",336195,69802,4505,267,380488,1146117,1124460
"2022-11-22 00:00:00",359758,51649,2181,1081,237883,1100693.4285714286,1197127.7142857143
"2022-11-23 00:00:00",685737,8871,5802,0,317124,1061557.857142857,1233094.2857142857
"2022-11-24 00:00:00",507862,7000,5630,513,329532,1042280.5714285715,1185166.142857143
"2022-11-25 00:00:00",794096,8168,2880,2945,729465,1052562.5714285714,1155439.7142857143
"2022-11-26 00:00:00",276227,39422,6192,5510,1171898,1103025.2857142857,1151639.7142857143
"2022-11-27 00:00:00",439098,8168,8298,554,673632,1068349.7142857143,1094622.857142857
"2022-11-28 00:00:00",573763,0,8566,4004,327272,1085827.857142857,997702.8571428572
"2022-11-29 00:00:00",519345,0,6530,0,495237,1138479,1023005.8571428572
"2022-11-30 00:00:00",674910,9713,6051,252,548146,1170127.4285714286,1004654.7142857143
"2022-12-01 00:00:00",650836,0,1920,0,454156,1206752.2857142857,1039642.1428571428
"2022-12-02 00:00:00",810358,37953,11646,0,275040,1149244.142857143,1013711.1428571428
"2022-12-03 00:00:00",310208,0,960,0,641099,1071103.5714285714,1061629.2857142857
"2022-12-04 00:00:00",320921,0,3090,2646,423037,1016809.8571428572,1107283.7142857143
"2022-12-05 00:00:00",708245,48890,1484,540,626830,1084293.4285714286,1140148.7142857143
"2022-12-06 00:00:00",592821,27121,8037,596,597174,1113527.2857142857,1167015.857142857
"2022-12-07 00:00:00",655240,4100,12087,0,581767,1115544.4285714286,1173462.7142857143
"2022-12-08 00:00:00",1154758,0,2574,5127,309677,1167719.2857142857,1092607.5714285714
"2022-12-09 00:00:00",600991,13140,1920,2576,690694,1192622.5714285714,1152150.7142857143
"2022-12-10 00:00:00",725256,22774,3840,0,141740,1184243.142857143,1051624.2857142857
"2022-12-11 00:00:00",378873,45600,527,758,815516,1254468.857142857,1021463
"2022-12-12 00:00:00",657971,0,5600,1897,657497,1245465.2857142857,980714
"2022-12-13 00:00:00",560275,9697,1991,0,539002,1229067.7142857143,957562.4285714285
"2022-12-14 00:00:00",681073,34702,480,512,421109,1212593.857142857,1086772
"2022-12-15 00:00:00",289527,8168,3918,0,375201,1098976.5714285714,1156164.857142857
"2022-12-16 00:00:00",786084,83204,7595,459,524668,1112217.857142857,1117553.4285714286
"2022-12-17 00:00:00",385574,18953,13214,3024,438114,1107256.2857142857,1272547.4285714286
"2022-12-18 00:00:00",321904,0,2880,0,470566,1043552.7142857143,1291444
"2022-12-19 00:00:00",347935,21309,2880,54,648753,1000405.1428571428,1394497.142857143
"2022-12-20 00:00:00",1063158,8168,1733,1473,433231,1057090.7142857143,1345497.2857142857
"2022-12-21 00:00:00",652470,21309,4912,5283,312795,1036932.4285714285,1213717.2857142857
"2022-12-22 00:00:00",773799,22516,3675,252,784600,1166650.7142857143,1282539
"2022-12-23 00:00:00",597375,13140,20146,1729,466399,1123333.5714285714,1263226.4285714286
"2022-12-24 00:00:00",408144,9697,4155,0,356910,1111909.142857143,1229644
"2022-12-25 00:00:00",486809,8168,960,742,588884,1153368.2857142857,1263301.857142857
"2022-12-26 00:00:00",671805,104731,8237,505,441149,1182724.857142857,1297503.7142857143
"2022-12-27 00:00:00",652163,39810,7012,54,253033,1103340.2857142857,1308428.4285714286
"2022-12-28 00:00:00",796632,26793,24382,252,500537,1153601.5714285714,1256089.142857143
"2022-12-29 00:00:00",754569,0,6022,460,601131,1121793,1290402.4285714286
"2022-12-30 00:00:00",732327,9124,4156,252,538343,1148280.5714285714,1276947.5714285714
"2022-12-31 00:00:00",899516,53639,628,252,460797,1239126.857142857,1272432.7142857143
"2023-01-01 00:00:00",326126,74875,3676,0,338859,1190265.7142857143,1265972.857142857
"2023-01-02 00:00:00",429131,8168,5200,1023,444828,1141969,1220178.142857143
"2023-01-03 00:00:00",324032,0,3840,307,682455,1150335.142857143,1178129.857142857
"2023-01-04 00:00:00",650631,1614,2251,0,381134,1105625.4285714286,1232311.142857143
"2023-01-05 00:00:00",785463,26281,2579,520,803617,1142236.7142857143,1173028.2857142857
"2023-01-06 00:00:00",142311,9962,2378,2537,878820,1106780.5714285714,1220926.857142857
"2023-01-07 00:00:00",570040,34866,10846,252,477262,1060842.857142857,1218022.2857142857
"2023-01-08 00:00:00",783783,22838,9429,0,447012,1135061,1141630.5714285714
"2023-01-09 00:00:00",514322,13140,2027,4806,319455,1130118.142857143,1094204
"2023-01-10 00:00:00",733596,30163,4252,0,919644,1226835.142857143,1241814.142857143
"2023-01-11 00:00:00",426745,53663,6398,307,354333,1199094.7142857143,1253254.857142857
"2023-01-12 00:00:00",316790,0,2392,2921,701788,1114156.142857143,1272134.857142857
"2023-01-13 00:00:00",822981,29892,17347,0,469491,1157542,1359553.7142857143
"2023-01-14 00:00:00",576007,0,2466,0,439144,1146734.7142857143,1373574.4285714286
"2023-01-15 00:00:00",785786,27291,1151,252,301095,1125665.142857143,1349653.7142857143
"2023-01-16 00:00:00",649672,65614,6009,574,353319,1157299.2857142857,1302579.2857142857
"2023-01-17 00:00:00",251275,42298,5777,505,652543,1052262.7142857143,1139998.5714285714
"2023-01-18 00:00:00",976970,13140,6068,0,525024,1149370.7142857143,1127495.5714285714
"2023-01-19 00:00:00",729323,0,4229,1969,572441,1189952.142857143,1033413.2857142857
"2023-01-20 00:00:00",308130,41073,2592,2646,137800,1068885.142857143,1000443.4285714285
"2023-01-21 00:00:00",546641,19614,1516,0,709995,1106049.2857142857,983500
"2023-01-22 00:00:00",547631,9697,3023,0,616988,1114872.7142857143,1192556.4285714286
"2023-01-23 00:00:00",698678,15169,0,2676,216653,1094585,1263428.4285714286
"2023-01-24 00:00:00",576482,0,6024,6276,340814,1091327.4285714286,1319130.142857143
"2023-01-25 00:00:00",373797,8168,7178,0,306747,973425.7142857143,1283235.7142857143
"2023-01-26 00:00:00",409698,43310,6117,252,287676,893296,1244687.4285714286
"2023-01-27 00:00:00",524459,13140,4884,6209,692850,1000339,1196226.2857142857
"2023-01-28 00:00:00",643398,8168,462,0,426059,971813.4285714285,1259538.5714285714
"2023-01-29 00:00:00",561918,13140,10580,758,320008,933108.5714285715,1030016.4285714285
"2023-01-30 00:00:00",542945,0,3951,1349,465858,944669.5714285715,1074648.5714285714
"2023-01-31 00:00:00",1297002,18945,2880,0,405668,1058226.5714285714,1094823.7142857143
"2023-02-01 00:00:00",444729,8168,4696,0,459784,1089867.5714285714,1105654.142857143
"2023-02-02 00:00:00",625854,18807,5228,0,689556,1174494.857142857,1253126.142857143
"2023-02-03 00:00:00",425085,0,3840,252,353382,1108925.857142857,1234856.4285714286
"2023-02-04 00:00:00",427528,0,14910,2200,581482,1101502,1109885.7142857143
"2023-02-05 00:00:00",583049,0,8133,252,265562,1094443.4285714286,1177216.2857142857
"2023-02-06 00:00:00",503943,27783,2602,2089,548700,1104588.4285714286,1194192.4285714286
"2023-02-07 00:00:00",985859,10844,4403,535,768677,1111134.5714285714,1125355.5714285714
"2023-02-08 00:00:00",475173,43618,1164,3989,305855,1098623.2857142857,1099506.4285714286
"2023-02-09 00:00:00",244736,63718,13786,0,487326,1022926.4285714285,1031986.4285714285
"2023-02-10 00:00:00",602725,18203,3840,0,576620,1082759,1055286.142857143
"2023-02-11 00:00:00",265184,40924,12415,0,336853,1029795.5714285715,1050569.2857142857
"2023-02-12 00:00:00",391018,14922,1491,1026,334812,1013548.8571428572,1062704.5714285714
"2023-02-13 00:00:00",499756,0,4666,3385,299845,973910.8571428572,959457.1428571428
"2023-02-14 00:00:00",547004,27940,8953,0,462131,870440.8571428572,989505.1428571428
"2023-02-15 00:00:00",760776,7676,11565,512,328737,910364.8571428572,1079929.857142857
"2023-02-16 00:00:00",607316,34872,22652,2402,707686,991131,1049299.7142857143
"2023-02-17 00:00:00",462376,0,3042,1845,745846,992805.4285714285,1086778.142857143
"2023-02-18 00:00:00",828043,16337,1160,0,463542,1086192.142857143,1105771.2857142857
"2023-02-19 00:00:00",481256,34450,960,0,285018,1094537.142857143,1109995.857142857
"2023-02-20 00:00:00",497373,43383,6087,322,487231,1126929.142857143,1166681.5714285714
"2023-02-21 00:00:00",535553,24053,10827,267,138344,1078788.7142857143,1186527.5714285714
"2023-02-22 00:00:00",705429,21309,5002,1381,929187,1157794.857142857,1132354
"2023-02-23 00:00:00",389777,75837,4061,0,461572,1094411.7142857143,1292228.2857142857
"2023-02-24 00:00:00",574231,8168,960,2029,447139,1068614.4285714286,1211033
"2023-02-25 00:00:00",287019,8168,607,2857,280140,964287.1428571428,1273250.857142857
"2023-02-26 00:00:00",1140936,0,8828,0,335336,1061918,1307415.5714285714
"2023-02-27 00:00:00",892076,9876,5719,5222,575841,1126823.5714285714,1270572
"2023-02-28 00:00:00",280201,0,3840,4093,680989,1163977.7142857143,1282786
"2023-03-01 00:00:00",1074328,16337,0,252,760919,1191053.142857143,1322441.4285714286
"2023-03-02 00:00:00",948425,9910,6547,1729,417560,1255756.4285714286,1222386.5714285714
"2023-03-03 00:00:00",526714,16337,2139,0,447461,1250059.7142857143,1205874.5714285714
"2023-03-04 00:00:00",579480,0,18763,252,415621,1312249,1152737.142857143
"2023-03-05 00:00:00",493807,30348,1568,1319,408195,1233697.2857142857,1061652.2857142857
"2023-03-06 00:00:00",410807,0,11889,267,188181,1108327.4285714286,1057956.7142857143
"2023-03-07 00:00:00",514169,62204,6553,252,369583,1105990.142857143,1014284.1428571428
"2023-03-08 00:00:00",585593,36735,1920,396,805969,1045815.2857142857,990549.8571428572
"2023-03-09 00:00:00",1122811,63187,2880,307,500198,1089417.142857143,981275.4285714285
"2023-03-10 00:00:00",277903,0,1124,512,425847,1048379.4285714285,1008841.8571428572
"2023-03-11 00:00:00",865836,0,4234,0,362944,1079650.4285714286,1027689
"2023-03-12 00:00:00",314295,63014,1920,3507,498366,1071916.857142857,1114165.857142857
"2023-03-13 00:00:00",828636,19614,4465,773,555703,1185923.4285714286,1057219.857142857
"2023-03-14 00:00:00",466226,79714,4002,7052,296267,1171709,1046867.2857142857
"2023-03-15 00:00:00",775715,8168,5357,0,863547,1203448,1023838.2857142857
"2023-03-16 00:00:00",377878,32237,6269,3063,344707,1071272.2857142857,1027796.5714285715
"2023-03-17 00:00:00",603009,0,1291,1017,600413,1142749.857142857,1041355.2857142857
"2023-03-18 00:00:00",331615,55507,3841,0,692461,1121379.857142857,968262
"2023-03-19 00:00:00",605267,43149,3900,316,371376,1141795,867716.8571428572
"2023-03-20 00:00:00",805858,3261,9073,1882,371235,1110669,963854.2857142857
"2023-03-21 00:00:00",1051680,28215,5384,0,816248,1260421.2857142857,1000228.4285714285
"2023-03-22 00:00:00",550745,11638,2980,0,126410,1123133.5714285714,1019251.5714285715
"2023-03-23 00:00:00",969012,10441,3384,3788,437978,1217483.4285714286,989837.7142857143
"2023-03-24 00:00:00",817237,0,6948,2903,419522,1223323.5714285714,987473.2857142857
"2023-03-25 00:00:00",718885,126399,7483,0,487448,1260008.142857143,1061347.4285714286
"2023-03-26 00:00:00",322990,0,6042,252,330890,1208031.857142857,1035647.8571428572
"2023-03-27 00:00:00",448057,8168,7782,54,327682,1150951.142857143,997921
"2023-03-28 00:00:00",558221,49790,4922,762,507508,1039476.2857142857,1100312.142857143
"2023-03-29 00:00:00",622486,9910,1920,2921,765669,1141066.857142857,1105557.7142857143
"2023-03-30 00:00:00",766367,21309,5462,801,503928,1122961.7142857143,1097206
"2023-03-31 00:00:00",553458,31660,4035,1029,448092,1093199.2857142857,1155476.5714285714
"2023-04-01 00:00:00",406631,8168,8640,0,731891,1066787.142857143,1093633.7142857143
"2023-04-02 00:00:00",434531,19745,1659,0,437603,1100124.5714285714,1125499.2857142857
"2023-04-03 00:00:00",583196,36381,3548,0,378381,1130090.5714285714,1187917.7142857143
"2023-04-04 00:00:00",688818,0,7647,252,552565,1148387.5714285714,1153091.857142857
"2023-04-05 00:00:00",544451,49602,8485,5410,698989,1134677.857142857,1173707.2857142857
"2023-04-06 00:00:00",930257,8168,3283,1687,726614,1187841.142857143,1183165
"2023-04-07 00:00:00",694687,87683,7021,3230,478716,1221136,1156751.7142857143
"2023-04-08 00:00:00",690225,0,3590,2517,498357,1226758.7142857143,1269931.4285714286
"2023-04-09 00:00:00",712030,34881,14395,0,390833,1263701.857142857,1349518.857142857
"2023-04-10 00:00:00",768598,0,12042,252,719929,1335032.5714285714,1286305
"2023-04-11 00:00:00",544855,28654,2537,0,625340,1328190.142857143,1146465.4285714286
"2023-04-12 00:00:00",692879,8168,2910,2396,378478,1296460.5714285714,1170354.142857143
"2023-04-13 00:00:00",687267,49010,11350,252,302299,1207913.4285714286,1169755
"2023-04-14 00:00:00",526532,0,2880,0,598203,1187381.5714285714,1135363.142857143
"2023-04-15 00:00:00",301252,0,5213,252,376606,1114329.2857142857,1139996.7142857143
"2023-04-16 00:00:00",1078947,18078,4633,252,193701,1134825.4285714286,1066667.142857143
"2023-04-17 00:00:00",757807,0,9295,2566,549153,1108825.4285714286,1132614.2857142857
"2023-04-18 00:00:00",880220,81295,1506,920,550706,1153577.142857143,1187439.142857143
"2023-04-19 00:00:00",990537,8168,6148,2223,227937,1175031.7142857143,1081430.857142857
"2023-04-20 00:00:00",709771,35089,1440,594,534887,1208117.7142857143,1097564.4285714286
"2023-04-21 00:00:00",796023,49479,2378,54,409068,1226601.7142857143,1095358.7142857143
"2023-04-22 00:00:00",281205,13140,4322,0,351287,1221834.5714285714,1114102.2857142857
"2023-04-23 00:00:00",618946,31775,6324,652,606729,1217379.7142857143,1109751.7142857143
"2023-04-24 00:00:00",638350,21309,8288,0,567885,1205524,1030375.5714285715
"2023-04-25 00:00:00",677537,26281,10881,6777,213459,1122708,1061855.4285714286
"2023-04-26 00:00:00",952702,67618,1440,0,466720,1158917.4285714286,1060799.2857142857
"2023-04-27 00:00:00",339636,0,2263,0,449027,1088795.2857142857,1073504.857142857
"2023-04-28 00:00:00",592841,27034,5012,0,545939,1076484.2857142857,1142307.7142857143
"2023-04-29 00:00:00",442716,0,6773,54,599252,1133461.7142857143,1114413.7142857143
"2023-04-30 00:00:00",339800,39855,7229,1115,603130,1094419.142857143,1117293.7142857143
"2023-05-01 00:00:00",926907,0,2400,0,550859,1129324,1102207.142857143
"2023-05-02 00:00:00",746392,0,3470,0,447916,1166872.857142857,1108434.142857143
"2023-05-03 00:00:00",258334,29524,330,0,265133,1033278.8571428572,1172417.2857142857
"2023-05-04 00:00:00",868836,31216,5465,0,249275,1085259.7142857143,1152339
"2023-05-05 00:00:00",954575,0,2312,0,349385,1104609.142857143,1093916.142857143
"2023-05-06 00:00:00",474007,48890,960,509,543641,1107353.7142857143,1053639.5714285714
"2023-05-07 00:00:00",824571,0,9977,252,333693,1132691.4285714286,1071240.142857143
"2023-05-08 00:00:00",384525,46682,5589,54,372752,1036896.7142857143,1148025.7142857143
"2023-05-09 00:00:00",644916,27079,15281,252,526016,1039149.1428571428,1096495.2857142857
"2023-05-10 00:00:00",252036,0,2378,824,427741,1057671.857142857,1088996.5714285714
"2023-05-11 00:00:00",536051,22365,10356,0,522759,1048634.5714285714,1164583.5714285714
"2023-05-12 00:00:00",702744,8168,6812,1526,776205,1075660.857142857,1180172.2857142857
"2023-05-13 00:00:00",430358,62413,8462,5017,347527,1045056.5714285715,1157208.857142857
"2023-05-14 00:00:00",1367868,0,7799,2550,180730,1100835.7142857143,1109325.5714285714
"2023-05-15 00:00:00",477206,22359,11269,54,281996,1098447.4285714286,1076948.142857143
"2023-05-16 00:00:00",485282,0,11704,267,298913,1038822,1107103.4285714286
"2023-05-17 00:00:00",405527,8173,8400,0,186526,1028200,1212842.7142857143
"2023-05-18 00:00:00",450815,72450,9754,0,589531,1032631.2857142857,1118438.7142857143
"2023-05-19 00:00:00",775910,5388,2880,0,829049,1049455.857142857,1094121.2857142857
"2023-05-20 00:00:00",530314,178588,2984,2145,482875,1098474.4285714286,1166445
"2023-05-21 00:00:00",876149,0,9202,0,366256,1054568.5714285714,1175083.7142857143
"2023-05-22 00:00:00",683613,33130,5942,764,639900,1136063.5714285714,1264605
"2023-05-23 00:00:00",557155,24860,11344,3566,675787,1204141.5714285714,1216972.7142857143
"2023-05-24 00:00:00",489491,5368,12088,252,456508,1254867.5714285714,1086924.4285714286
"2023-05-25 00:00:00",673459,70449,1223,0,481521,1269739.142857143,1103258
"2023-05-26 00:00:00",764337,13140,12731,0,367754,1204701.142857143,1138375.4285714286
"2023-05-27 00:00:00",521761,0,5615,0,610266,1196234.5714285714,1073548.4285714286
"2023-05-28 00:00:00",821161,12400,1920,252,609047,1223830.857142857,1101559.2857142857
"2023-05-29 00:00:00",1085811,25034,2730,2054,292500,1230228.142857143,952320
"2023-05-30 00:00:00",817578,0,9184,1268,816611,1283360.857142857,989003.1428571428
"2023-05-31 00:00:00",542559,39832,6022,505,366172,1282129.857142857,1042967
"2023-06-01 00:00:00",1045369,8168,524,459,500589,1329052.5714285714,1078764.7142857143
"2023-06-02 00:00:00",727746,0,2886,0,498967,1339286.2857142857,1051081.2857142857
"2023-06-03 00:00:00",296403,18953,7385,459,458876,1288491.4285714286,1134761
"2023-06-04 00:00:00",1157114,0,1419,0,418631,1307403.4285714286,1130060.4285714286
"2023-06-05 00:00:00",938628,0,6219,820,426510,1302267.2857142857,1176229.857142857
"2023-06-06 00:00:00",498949,8168,10568,0,755176,1249155.857142857,1160564.2857142857
"2023-06-07 00:00:00",619046,47245,19241,2323,328089,1257849.142857143,1156262.7142857143
"2023-06-08 00:00:00",468322,28591,1034,1018,347855,1156664.857142857,1065372.4285714286
"2023-06-09 00:00:00",434437,48275,5101,0,515212,1124297.2857142857,1190997.4285714286
"2023-06-10 00:00:00",256576,0,3059,252,445626,1113359.4285714286,1122919.7142857143
"2023-06-11 00:00:00",1133699,20448,6236,0,583304,1137148.2857142857,1153737.857142857
"2023-06-12 00:00:00",529805,13140,8826,0,446693,1083760.7142857143,1106146
"2023-06-13 00:00:00",245870,9848,3119,267,365155,991103.2857142857,1087826
"2023-06-14 00:00:00",821362,13140,2320,0,655473,1059153.2857142857,1094093.4285714286
"2023-06-15 00:00:00",651361,48680,3361,252,482932,1107691.4285714286,1201771.2857142857
"2023-06-16 00:00:00",407330,26761,11600,54,512925,1101355.2857142857,1072845.5714285714
"2023-06-17 00:00:00",827756,18741,3240,0,275885,1161370.857142857,1025298.8571428572
"2023-06-18 00:00:00",467515,0,9243,0,297724,1022912.8571428572,1130653.5714285714
"2023-06-19 00:00:00",900479,0,4299,0,416054,1068965.2857142857,1206164.142857143
"2023-06-20 00:00:00",565497,0,4947,109,533182,1137461.857142857,1215051.4285714286
"2023-06-21 00:00:00",1018785,30377,8841,0,604279,1161745.7142857143,1127306.7142857143
"2023-06-22 00:00:00",411382,25560,7914,3566,414185,1115462.7142857143,1007249.7142857143
"2023-06-23 00:00:00",527757,47787,2896,2314,445120,1125063.142857143,1050316.4285714286
"2023-06-24 00:00:00",746927,38039,1920,704,776323,1187676.2857142857,1146270
"2023-06-25 00:00:00",526013,88695,3766,1948,555295,1244995.7142857143,966754.5714285715
"2023-06-26 00:00:00",579840,9893,3790,0,382271,1195704.7142857143,994727.5714285715
"2023-06-27 00:00:00",853838,0,3381,0,666417,1255690.4285714286,1076700.5714285714
"2023-06-28 00:00:00",555925,10140,1920,2280,546724,1177791.5714285714,1143211.142857143
"2023-06-29 00:00:00",899582,0,24378,8041,923152,1319584,1187574.4285714286
"2023-06-30 00:00:00",465024,31194,11336,0,814391,1361879.857142857,1184000.7142857143
"2023-07-01 00:00:00",829772,43991,3376,0,444128,1327216.142857143,1142265.7142857143
"2023-07-02 00:00:00",570720,0,1920,2049,666440,1336560.5714285714,1212226.4285714286
"2023-07-03 00:00:00",710970,0,14049,512,354286,1351421,1249531
"2023-07-04 00:00:00",398350,0,1489,460,171904,1215501.857142857,1138550.857142857
"2023-07-05 00:00:00",961918,0,5178,252,312459,1238761.5714285714,1148633
"2023-07-06 00:00:00",559957,0,5164,4261,413184,1114106.142857143,1156220.142857143
"2023-07-07 00:00:00",589797,45517,17003,252,467929,1085328,1123300.142857143
"2023-07-08 00:00:00",1066779,0,26827,601,458574,1118401.2857142857,1099552.7142857143
"2023-07-09 00:00:00",449806,40852,1920,508,664334,1106443.142857143,1128579.4285714286
"2023-07-10 00:00:00",333572,0,2276,252,428085,1061352.857142857,1021480
"2023-07-11 00:00:00",545126,0,8994,0,235362,1092392.857142857,1065291.2857142857
"2023-07-12 00:00:00",824398,61406,6324,307,486088,1106495.142857143,1009085.8571428572
"2023-07-13 00:00:00",795125,8168,8607,0,476727,1150218.142857143,1023082.7142857143
"2023-07-14 00:00:00",588349,4603,5135,0,202325,1104491.5714285714,1076519.142857143
"2023-07-15 00:00:00",517344,8168,1819,3371,218044,989629.7142857143,1049753
"2023-07-16 00:00:00",773431,36038,6501,0,309785,985106,1045518.4285714285
"2023-07-17 00:00:00",554260,42189,8553,2899,672942,1058914.2857142857,1099416.7142857143
"2023-07-18 00:00:00",621611,39339,10177,0,359230,1093325.142857143,1177584.857142857
"2023-07-19 00:00:00",616039,13140,0,4463,344674,1036152.7142857143,1215376.5714285714
"2023-07-20 00:00:00",505805,13140,8118,0,677217,1024103.2857142857,1176957.2857142857
"2023-07-21 00:00:00",994247,0,6247,0,888047,1179550.142857143,1124379.4285714286
"2023-07-22 00:00:00",257462,3504,5195,0,355831,1161442.142857143,1266285.142857143
"2023-07-23 00:00:00",764231,8168,960,2619,896689,1239572.7142857143,1275882
"2023-07-24 00:00:00",326316,0,3361,0,304890,1147247.2857142857,1343968.142857143
"2023-07-25 00:00:00",813519,39907,3616,3700,347237,1172621.857142857,1316460.7142857143
"2023-07-26 00:00:00",587134,8681,2806,0,499848,1189786.5714285714,1295946.5714285714
"2023-07-27 00:00:00",616029,9529,1920,459,492245,1177772.5714285714,1335566.142857143
"2023-07-28 00:00:00",1012869,26621,5564,252,391498,1113239,1350062.5714285714
"2023-07-29 00:00:00",397348,45216,4455,0,398707,1145201,1282204.4285714286
"2023-07-30 00:00:00",650224,0,8361,0,592512,1084976.4285714286,1262827.142857143
"2023-07-31 00:00:00",1063743,49155,4699,54,333039,1201565.857142857,1139937.5714285714
"2023-08-01 00:00:00",283703,13140,960,0,224253,1103576.7142857143,1200458
"2023-08-02 00:00:00",1252600,0,1418,1633,287862,1167154.2857142857,1209673.4285714286
"2023-08-03 00:00:00",665062,8168,7497,252,427382,1165465.7142857143,1226848.4285714286
"2023-08-04 00:00:00",327751,30797,3443,0,608958,1098914.857142857,1165899.4285714286
"2023-08-05 00:00:00",474645,0,10213,355,462419,1113473,1110059.2857142857
"2023-08-06 00:00:00",1003924,13140,3393,568,516578,1154402.5714285714,1077785.142857143
"2023-08-07 00:00:00",324794,0,3077,3317,630804,1084588.4285714286,1114692.2857142857
"2023-08-08 00:00:00",826165,7000,3840,0,239284,1163764.857142857,1016498.7142857143
"2023-08-09 00:00:00",353702,39911,3907,0,390111,1055781.7142857143,1048509.1428571428
"2023-08-10 00:00:00",452595,0,9027,1762,535721,1040173.4285714285,1017665.2857142857
"2023-08-11 00:00:00",736245,47200,3802,0,340860,1062624.5714285714,1056102.2857142857
"2023-08-12 00:00:00",281952,136894,0,6536,587484,1071943.7142857143,1088214.4285714286
"2023-08-13 00:00:00",943715,21043,4352,252,704162,1091361.142857143,1050153.857142857
"2023-08-14 00:00:00",707757,0,16533,0,422765,1117798.5714285714,1085597.857142857
"2023-08-15 00:00:00",514719,15837,4649,1803,278322,1080518.4285714286,1102364.857142857
"2023-08-16 00:00:00",550469,0,13428,2688,384742,1103903.7142857143,1091005.142857143
"2023-08-17 00:00:00",643611,0,4729,252,322597,1099915.857142857,1056825.4285714286
"2023-08-18 00:00:00",729071,10037,1920,252,495434,1115431.142857143,1126461.4285714286
"2023-08-19 00:00:00",459418,39422,1920,0,491988,1112557.142857143,1101658.7142857143
"2023-08-20 00:00:00",671833,67441,7229,0,602600,1066211,1172485.142857143
"2023-08-21 00:00:00",947794,16337,6489,0,671816,1136979.857142857,1170694.2857142857
"2023-08-22 00:00:00",839313,26281,10419,3557,684674,1243967.5714285714,1175481.142857143
"2023-08-23 00:00:00",759658,0,130,1433,494159,1287403.5714285714,1150125.142857143
"2023-08-24 00:00:00",844263,33796,12764,0,264954,1313773.142857143,1205175.7142857143
"2023-08-25 00:00:00",448374,0,1440,0,298903,1244059.142857143,1155228.4285714286
"2023-08-26 00:00:00",454024,41701,1920,2592,483627,1242790,1090518
"2023-08-27 00:00:00",646452,8168,3840,252,550145,1222755.142857143,1083680.142857143
"2023-08-28 00:00:00",353655,22241,3339,1284,481126,1111213.5714285714,1144541.857142857
"2023-08-29 00:00:00",864360,4044,3840,0,349279,1062253.4285714286,1133890.857142857
"2023-08-30 00:00:00",553384,71761,4403,0,347019,1022423,1208109.4285714286
"2023-08-31 00:00:00",604598,0,3101,2269,593249,1029200.1428571428,1192908.7142857143
"2023-09-01 00:00:00",594718,6820,8735,505,274489,1048707.4285714286,1216511.7142857143
"2023-09-02 00:00:00",348283,0,960,1271,342685,1007183.7142857143,1316473.4285714286
"2023-09-03 00:00:00",820694,8168,3840,0,618911,1041863.1428571428,1330013.7142857143
"2023-09-04 00:00:00",768188,61474,5454,252,709901,1139523.857142857,1343170.7142857143
"2023-09-05 00:00:00",960016,0,17054,510,199950,1133239.2857142857,1296198
"2023-09-06 00:00:00",293215,0,4337,0,263290,1073850,1259970.7142857143
"2023-09-07 00:00:00",671428,13140,7021,505,308506,1044904.8571428572,1239859.4285714286
"2023-09-08 00:00:00",399996,41122,4299,0,562169,1062379,1234683.857142857
"2023-09-09 00:00:00",560014,65649,9122,252,472057,1121507,1210915.7142857143
"2023-09-10 00:00:00",440241,28546,8127,2681,738465,1088142.142857143,1139233.857142857
"2023-09-11 00:00:00",1037068,0,5259,41,654446,1109791.2857142857,997414.5714285715
"2023-09-12 00:00:00",429309,0,1755,1079,352300,1053636,1056576.2857142857
"2023-09-13 00:00:00",546829,13140,2894,0,254618,1090298.857142857,1085951.857142857
"2023-09-14 00:00:00",883640,0,6269,3106,443272,1138254,1075453.857142857
"2023-09-15 00:00:00",483413,40828,4577,511,533710,1146175.857142857,1091362.5714285714
"2023-09-16 00:00:00",360011,82658,960,252,264241,1089179.7142857143,1143661
"2023-09-17 00:00:00",430928,29022,3744,252,301776,1024560.1428571428,1147106.142857143
"2023-09-18 00:00:00",809461,0,7060,252,1061207,1050441,1144457.4285714286
"2023-09-19 00:00:00",708627,6651,2880,0,377206,1094858.142857143,1098229.5714285714
"2023-09-20 00:00:00",589828,0,8773,0,406091,1121602.4285714286,1016504.2857142857
"2023-09-21 00:00:00",638433,0,960,5679,236518,1056645.5714285714,1074488.2857142857
"2023-09-22 00:00:00",719580,59521,3380,0,178710,1042095.7142857143,1062446.4285714286
"2023-09-23 00:00:00",1018571,13140,1259,252,550502,1167182,992360.7142857143
"2023-09-24 00:00:00",613884,14638,12680,252,202023,1178289.5714285714,1057287.7142857143
"2023-09-25 00:00:00",551766,13140,20718,712,539320,1070814.857142857,1056587
"2023-09-26 00:00:00",327390,0,4501,4865,408321,1020773.8571428572,1120660.5714285714
"2023-09-27 00:00:00",703838,39923,3954,267,241029,1018533.8571428572,1066774.142857143
"2023-09-28 00:00:00",857837,0,5916,3989,500432,1088045.857142857,1110546.4285714286
"2023-09-29 00:00:00",665279,32136,12264,0,367262,1104581.5714285714,1038687.5714285715
"2023-09-30 00:00:00",478245,13140,3061,0,379658,1003207.1428571428,1031890.7142857143
"2023-10-01 00:00:00",885051,0,2113,2615,698955,1109672.4285714286,967859.7142857143
"2023-10-02 00:00:00",491202,0,4700,307,494225,1090354.7142857143,1011578.8571428572
"2023-10-03 00:00:00",922895,44016,960,252,460681,1188030.142857143,1076560.142857143
"2023-10-04 00:00:00",935098,0,16876,252,375806,1236461.7142857143,1162696.2857142857
"2023-10-05 00:00:00",183714,46696,2304,758,293116,1116235.5714285714,1175546.142857143
"2023-10-06 00:00:00",803688,15525,4505,252,284220,1120700,1147901.2857142857
"2023-10-07 00:00:00",600501,13140,0,0,528104,1158934.2857142857,1153039.857142857
"2023-10-08 00:00:00",570956,0,4853,0,514037,1087664.5714285714,1188495.5714285714
"2023-10-09 00:00:00",522942,6031,4958,54,599294,1108071.142857143,1126548.7142857143
"2023-10-10 00:00:00",711789,0,2964,0,235009,1039636.4285714285,1060297.7142857143
"2023-10-11 00:00:00",288003,13140,5569,1024,176043,919028.8571428572,1062466.5714285714
"2023-10-12 00:00:00",1066424,42076,2880,0,617482,1090782.142857143,975868.4285714285
"2023-10-13 00:00:00",395831,62210,7464,779,799196,1113252,1008101.4285714285
"2023-10-14 00:00:00",682725,6099,4046,0,297446,1091619.2857142857,1021269.1428571428
"2023-10-15 00:00:00",324885,3961,5388,1277,169979,1008140,1032913
"2023-10-16 00:00:00",548723,111717,7096,0,436002,1003891.1428571428,1013528
"2023-10-17 00:00:00",661733,0,10331,252,531191,1040140.5714285715,961751.4285714285
"2023-10-18 00:00:00",669612,0,4299,0,305752,1110981,973269.2857142857
"2023-10-19 00:00:00",447453,0,10856,267,606600,1016168.7142857143,1004731.5714285715
"2023-10-20 00:00:00",553070,39422,6489,54,931938,1054096.4285714286,1016660.1428571428
"2023-10-21 00:00:00",744614,13140,14829,0,318159,1068443.142857143,1023579.7142857143
"2023-10-22 00:00:00",584519,69394,3361,3339,520245,1164924.2857142857,1008209.8571428572
"2023-10-23 00:00:00",398358,36381,7216,54,427228,1131452.857142857,1096358.2857142857
"2023-10-24 00:00:00",601061,40934,1428,461,528654,1127028.857142857,1194568.4285714286
"2023-10-25 00:00:00",916176,0,3442,2383,524347,1193698.2857142857,1157639.5714285714
"2023-10-26 00:00:00",636470,0,23011,0,699491,1235669,1180622.142857143
"2023-10-27 00:00:00",581602,0,1920,0,124822,1118150.2857142857,1231161.142857143
"2023-10-28 00:00:00",499291,0,3728,252,541300,1111554.4285714286,1197683.7142857143
"2023-10-29 00:00:00",482745,39845,4227,3071,450264,1082882.142857143,1264583.7142857143
"2023-10-30 00:00:00",999683,29721,5575,0,767550,1216209.5714285714,1216972.7142857143
"2023-10-31 00:00:00",630331,0,2992,0,390160,1194915.7142857143,1110274.7142857143
"2023-11-01 00:00:00",422404,26796,960,2400,604642,1139323.4285714286,1071119
"2023-11-02 00:00:00",878591,13140,1291,2135,329947,1120199.5714285714,1029723.7142857143
"2023-11-03 00:00:00",898149,45889,1920,2700,409516,1213032.5714285714,1065442.5714285714
"2023-11-04 00:00:00",708880,0,3617,0,284758,1206273,1047388.2857142857
"2023-11-05 00:00:00",382293,33542,5057,3151,179738,1152505.5714285714,1023438.8571428572
"2023-11-06 00:00:00",451907,12326,2214,0,356340,1012542.4285714285,1031459.8571428572
"2023-11-07 00:00:00",828851,35648,960,1789,576311,1072553.4285714286,1026944.4285714285
"2023-11-08 00:00:00",557055,63630,11180,0,512157,1084956.142857143,1082532.2857142857
"2023-11-09 00:00:00",616956,8168,2636,252,390982,1055512,1062803
"2023-11-10 00:00:00",813826,59526,10350,0,502714,1059546.5714285714,999701.2857142857
"2023-11-11 00:00:00",908846,25600,1920,252,485204,1120199.2857142857,1024029.2857142857
"2023-11-12 00:00:00",979053,27129,3647,267,647935,1270806.4285714286,996489.1428571428
"2023-11-13 00:00:00",383784,40869,3715,252,285414,1255270.4285714286,1036459
"2023-11-14 00:00:00",614670,0,11922,54,573776,1220536.5714285714,1015712.2857142857
"2023-11-15 00:00:00",804579,0,3961,0,141750,1192860.5714285714,997953.1428571428
"2023-11-16 00:00:00",481286,45418,1920,0,786903,1235222,1040202.5714285715
"2023-11-17 00:00:00",397337,133819,6872,764,423728,1174665.4285714286,1034669
"2023-11-18 00:00:00",645985,0,2274,1024,795382,1177928.4285714286,1116162.5714285714
"2023-11-19 00:00:00",1062457,50420,2880,252,306080,1144222.7142857143,1133408.5714285714
"2023-11-20 00:00:00",359486,27469,10300,560,305963,1142757.2857142857,1155683
"2023-11-21 00:00:00",861656,8168,3848,252,286583,1137055.2857142857,1146117
"2023-11-22 00:00:00",329399,34872,3339,3338,287756,1095400.142857143,1100693.4285714286
"2023-11-23 00:00:00",513786,51327,1440,0,492423,1058750.2857142857,1061557.857142857
"2023-11-24 00:00:00",464657,0,960,0,495983,1058618.7142857143,1042280.5714285715
"2023-11-25 00:00:00",626423,8168,0,562,288641,984208.5714285715,1052562.5714285714
"2023-11-26 00:00:00",1178775,30275,8429,3457,648281,1048083.8571428572,1103025.2857142857
"2023-11-27 00:00:00",852667,21309,5581,0,396960,1129903.7142857143,1068349.7142857143
"2023-11-28 00:00:00",676922,118624,1920,0,314237,1122931.5714285714,1085827.857142857
"2023-11-29 00:00:00",600711,46886,4315,2135,1030434,1269471.2857142857,1138479
"2023-11-30 00:00:00",620738,8884,7584,0,86098,1221518,1170127.4285714286
"2023-12-01 00:00:00",587794,8168,8149,0,457036,1235739.142857143,1206752.2857142857
"2023-12-02 00:00:00",543571,13140,8204,505,731439,1289034.2857142857,1149244.142857143
"2023-12-03 00:00:00",962645,81963,960,461,709661,1272815.857142857,1071103.5714285714
"2023-12-04 00:00:00",540006,67422,3840,510,688502,1276210.7142857143,1016809.8571428572
"2023-12-05 00:00:00",703471,41636,1418,1020,461886,1290171.857142857,1084293.4285714286
"2023-12-06 00:00:00",273199,8168,960,3616,314168,1135262,1113527.2857142857
"2023-12-07 00:00:00",531159,27933,4302,252,413135,1171473.2857142857,1115544.4285714286
"2023-12-08 00:00:00",738394,26711,3255,888,610892,1217043.7142857143,1167719.2857142857
"2023-12-09 00:00:00",325806,19700,8901,2104,221602,1114365.7142857143,1192622.5714285714
"2023-12-10 00:00:00",761799,41769,7775,0,591254,1063924.142857143,1184243.142857143
"2023-12-11 00:00:00",488413,51783,2134,852,365268,1007948.2857142857,1254468.857142857
"2023-12-12 00:00:00",809511,53372,960,2364,686715,1057018.4285714286,1245465.2857142857
"2023-12-13 00:00:00",1161433,52895,2785,513,421121,1205394.857142857,1229067.7142857143
"2023-12-14 00:00:00",707548,0,2123,0,382775,1221918,1212593.857142857
"2023-12-15 00:00:00",586712,29478,5941,0,487745,1183308.857142857,1098976.5714285714
"2023-12-16 00:00:00",729874,59010,0,0,544168,1291157.142857143,1112217.857142857
"2023-12-17 00:00:00",610945,0,0,0,386508,1233279.2857142857,1107256.2857142857
"2023-12-18 00:00:00",479838,76877,10997,54,533948,1260888.7142857143,1043552.7142857143
"2023-12-19 00:00:00",506376,57300,4348,0,571235,1201794,1000405.1428571428
"2023-12-20 00:00:00",673100,26874,960,2135,513156,1141433.5714285714,1057090.7142857143
"2023-12-21 00:00:00",556411,66580,15138,0,288529,1117749.7142857143,1036932.4285714285
"2023-12-22 00:00:00",478497,10652,2880,0,261225,1066803.857142857,1166650.7142857143
"2023-12-23 00:00:00",770066,0,4299,594,205184,1016388.2857142857,1123333.5714285714
"2023-12-24 00:00:00",869070,0,2378,1541,411657,1057415.857142857,1111909.142857143
"2023-12-25 00:00:00",806595,26867,2202,252,422614,1079818,1153368.2857142857
"2023-12-26 00:00:00",700491,8168,2378,54,408696,1077036.4285714286,1182724.857142857
"2023-12-27 00:00:00",871877,8168,3840,252,387008,1084882.4285714286,1103340.2857142857
"2023-12-28 00:00:00",542841,0,5446,0,596562,1116052.5714285714,1153601.5714285714
"2023-12-29 00:00:00",882062,94522,4853,0,470033,1215797.5714285714,1121793
"2023-12-30 00:00:00",703240,8168,5754,1185,644251,1270434.142857143,1148280.5714285714
"2023-12-31 00:00:00",530509,0,3912,252,262165,1200747.4285714286,1239126.857142857
"2024-01-01 00:00:00",581954,26920,0,0,758818,1216342,1190265.7142857143
"2024-01-02 00:00:00",364683,7517,9658,54,312227,1155535,1141969
"2024-01-03 00:00:00",651781,4563,5585,0,297693,1111031.5714285714,1150335.142857143
"2024-01-04 00:00:00",769828,21651,7880,600,458322,1127236.142857143,1105625.4285714286
"2024-01-05 00:00:00",453509,8168,1440,461,1036210,1134138.857142857,1142236.7142857143
"2024-01-06 00:00:00",392629,0,960,0,545165,1073589.5714285714,1106780.5714285714
"2024-01-07 00:00:00",398585,0,797,0,259726,1053913.7142857143,1060842.857142857
"2024-01-08 00:00:00",399870,43459,8886,252,648823,1015856.2857142857,1135061
"2024-01-09 00:00:00",842289,0,7160,2181,568299,1119540.5714285714,1130118.142857143
"2024-01-10 00:00:00",284106,36564,4560,1839,541324,1106508,1226835.142857143
"2024-01-11 00:00:00",798340,35347,8787,0,220377,1078589.4285714286,1199094.7142857143
"2024-01-12 00:00:00",658019,0,2347,0,308490,1002741.7142857143,1114156.142857143
"2024-01-13 00:00:00",743957,8168,5581,0,309004,1021021.2857142857,1157542
"2024-01-14 00:00:00",698987,83476,3052,0,237973,1073075.7142857143,1146734.7142857143
"2024-01-15 00:00:00",820910,26834,3339,840,390082,1093177.7142857143,1125665.142857143
"2024-01-16 00:00:00",1120304,54524,1920,0,549325,1136912.4285714286,1157299.2857142857
"2024-01-17 00:00:00",949809,14192,2189,0,569264,1232206.7142857143,1052262.7142857143
"2024-01-18 00:00:00",750001,73129,3840,2102,302298,1241995.2857142857,1149370.7142857143
"2024-01-19 00:00:00",523348,0,8749,3855,575370,1262347.5714285714,1189952.142857143
"2024-01-20 00:00:00",369807,13140,8786,0,236859,1199759.2857142857,1068885.142857143
"2024-01-21 00:00:00",1122138,73394,2186,252,907889,1354383.857142857,1106049.2857142857
"2024-01-22 00:00:00",516273,24506,2481,252,898490,1382955,1114872.7142857143
"2024-01-23 00:00:00",686528,76755,6674,0,326820,1293055.5714285714,1094585
"2024-01-24 00:00:00",516757,26281,0,252,810544,1267109.857142857,1091327.4285714286
"2024-01-25 00:00:00",691640,8168,2385,0,580274,1288695,973425.7142857143
"2024-01-26 00:00:00",339272,21309,3901,0,457751,1247396.7142857143,893296
"2024-01-27 00:00:00",806236,117893,960,252,277548,1329439,1000339
"2024-01-28 00:00:00",554159,71764,3233,505,630131,1208572.142857143,971813.4285714285
"2024-01-29 00:00:00",371455,11381,16321,54,434457,1121667.2857142857,933108.5714285715
"2024-01-30 00:00:00",752465,27958,1771,2187,813160,1193205.142857143,944669.5714285715
"2024-01-31 00:00:00",557220,26705,3999,2113,300177,1126973.5714285714,1058226.5714285714
"2024-02-01 00:00:00",1525425,8609,13606,4380,185502,1191981.5714285714,1089867.5714285714
"2024-02-02 00:00:00",392063,66876,3234,252,625182,1229892.142857143,1174494.857142857
"2024-02-03 00:00:00",1123246,32787,5089,0,278287,1263680.7142857143,1108925.857142857
"2024-02-04 00:00:00",213078,27299,11894,0,204303,1148935.2857142857,1101502
"2024-02-05 00:00:00",660443,47591,5259,0,1025310,1278211.5714285714,1094443.4285714286
"2024-02-06 00:00:00",403694,0,1122,7063,558123,1188563,1104588.4285714286
"2024-02-07 00:00:00",305156,45643,1376,764,340816,1160497.4285714286,1111134.5714285714
"2024-02-08 00:00:00",821352,0,3099,0,521232,1104520.2857142857,1098623.2857142857
"2024-02-09 00:00:00",538178,46332,703,0,742450,1138814,1022926.4285714285
"2024-02-10 00:00:00",343964,30252,3757,0,463332,1053370.5714285714,1082759
"2024-02-11 00:00:00",425607,13140,960,0,685240,1148852.2857142857,1029795.5714285715
"2024-02-12 00:00:00",924783,0,5156,252,401156,1090673,1013548.8571428572
"2024-02-13 00:00:00",1051192,48602,2378,0,611223,1196872.142857143,973910.8571428572
"2024-02-14 00:00:00",1093496,8168,3047,0,253855,1291845.2857142857,870440.8571428572
"2024-02-15 00:00:00",464908,21309,20245,0,758731,1280346.857142857,910364.8571428572
"2024-02-16 00:00:00",755154,0,2267,0,382995,1253597.142857143,991131
"2024-02-17 00:00:00",669189,49150,1920,2917,983382,1377204.857142857,992805.4285714285
"2024-02-18 00:00:00",618009,0,23577,513,280210,1348256.5714285714,1086192.142857143
"2024-02-19 00:00:00",761132,0,4952,54,432511,1329299.5714285714,1094537.142857143
"2024-02-20 00:00:00",586004,13140,960,0,223204,1202144.2857142857,1126929.142857143
"2024-02-21 00:00:00",630472,2888,3082,252,625298,1188348.142857143,1078788.7142857143
"2024-02-22 00:00:00",679824,18793,18623,513,584730,1193675.2857142857,1157794.857142857
"2024-02-23 00:00:00",525298,95770,2880,0,237595,1153836.4285714286,1094411.7142857143
"2024-02-24 00:00:00",700324,0,4428,577,560776,1090914.4285714286,1068614.4285714286
"2024-02-25 00:00:00",602810,0,1538,0,824613,1163293.2857142857,964287.1428571428
"2024-02-26 00:00:00",251640,0,11324,252,248264,1065126.5714285714,1061918
"2024-02-27 00:00:00",640557,61634,11117,560,591769,1134030.7142857143,1126823.5714285714
"2024-02-28 00:00:00",350769,13140,5474,1654,670670,1102561.2857142857,1163977.7142857143
"2024-02-29 00:00:00",570554,0,1614,0,337510,1046446,1191053.142857143
"2024-03-01 00:00:00",251582,53227,960,252,313883,1011926,1255756.4285714286
"2024-03-02 00:00:00",713332,21309,480,582,232627,969387,1250059.7142857143
"2024-03-03 00:00:00",817933,4522,2959,252,274992,922486.7142857143,1312249
"2024-03-04 00:00:00",774982,0,7730,505,840495,1081376.857142857,1233697.2857142857
"2024-03-05 00:00:00",1388407,42611,5046,252,266197,1138073.4285714286,1108327.4285714286
"2024-03-06 00:00:00",740049,13535,10452,5438,540916,1176456.7142857143,1105990.142857143
"2024-03-07 00:00:00",727347,13140,8304,252,399013,1210511,1045815.2857142857
"2024-03-08 00:00:00",770411,74699,2675,2046,325881,1289912.2857142857,1089417.142857143
"2024-03-09 00:00:00",571085,45455,5448,560,435303,1302700.857142857,1048379.4285714285
"2024-03-10 00:00:00",442114,0,960,0,648189,1301358.5714285714,1079650.4285714286
"2024-03-11 00:00:00",541591,16274,4801,1456,686267,1248026.5714285714,1071916.857142857
"2024-03-12 00:00:00",666869,3236,0,773,505085,1172805,1185923.4285714286
"2024-03-13 00:00:00",894510,123930,3062,267,626747,1221108.7142857143,1171709
"2024-03-14 00:00:00",945908,0,9842,765,264338,1231508.142857143,1203448
"2024-03-15 00:00:00",605839,0,7439,0,528028,1226593,1071272.2857142857
"2024-03-16 00:00:00",714584,40440,1920,252,456541,1248862.4285714286,1142749.857142857
"2024-03-17 00:00:00",587233,0,6532,0,438765,1240471.857142857,1121379.857142857
"2024-03-18 00:00:00",756724,43269,2880,509,596108,1261772.142857143,1141795
"2024-03-19 00:00:00",279598,33732,1042,1200,308078,1182870.5714285714,1110669
"2024-03-20 00:00:00",591196,13140,4898,252,402494,1091937,1260421.2857142857
"2024-03-21 00:00:00",588534,0,4129,0,746244,1108801.857142857,1123133.5714285714
"2024-03-22 00:00:00",509096,13140,2400,307,420643,1080842,1217483.4285714286
"2024-03-23 00:00:00",830969,46879,7687,0,480254,1102563.7142857143,1223323.5714285714
"2024-03-24 00:00:00",757558,57469,8301,2367,360491,1124515.142857143,1260008.142857143
"2024-03-25 00:00:00",557491,8168,6368,0,451673,1070830.857142857,1208031.857142857
"2024-03-26 00:00:00",734166,40171,2880,0,293354,1134676.4285714286,1150951.142857143
"2024-03-27 00:00:00",885724,40934,5268,2366,395876,1180131.7142857143,1039476.2857142857
"2024-03-28 00:00:00",473871,7000,4566,0,499541,1129570.5714285714,1141066.857142857
"2024-03-29 00:00:00",865192,0,960,1512,754399,1226209.7142857143,1122961.7142857143
"2024-03-30 00:00:00",625783,0,7190,0,201954,1150372.142857143,1093199.2857142857
"2024-03-31 00:00:00",275113,10449,6240,307,520117,1096949,1066787.142857143
"2024-04-01 00:00:00",604883,13140,7228,54,914218,1170638.142857143,1100124.5714285714
"2024-04-02 00:00:00",874935,0,2065,0,807274,1258310.142857143,1130090.5714285714
"2024-04-03 00:00:00",624941,114365,713,0,319369,1219627.2857142857,1148387.5714285714
"2024-04-04 00:00:00",715350,1754,2301,2187,217305,1213044.4285714286,1134677.857142857
"2024-04-05 00:00:00",649014,6917,7382,5468,597875,1162272.142857143,1187841.142857143
"2024-04-06 00:00:00",803662,26281,18272,2367,601623,1250455,1221136
"2024-04-07 00:00:00",337467,22838,0,54,227469,1218398.142857143,1226758.7142857143
"2024-04-08 00:00:00",987704,15138,7213,2596,397505,1199917,1263701.857142857
"2024-04-09 00:00:00",664261,47591,960,1026,648266,1153892.5714285714,1335032.5714285714
"2024-04-10 00:00:00",687357,0,5739,252,268325,1139933.4285714286,1328190.142857143
"2024-04-11 00:00:00",490192,0,9780,2063,361465,1129162.2857142857,1296460.5714285714
"2024-04-12 00:00:00",1156660,66463,5464,54,508363,1196355.142857143,1207913.4285714286
"2024-04-13 00:00:00",690063,8168,960,0,834217,1207955.4285714286,1187381.5714285714
"2024-04-14 00:00:00",773518,0,8151,1024,553583,1314876.4285714286,1114329.2857142857
"2024-04-15 00:00:00",388848,13140,17237,307,711663,1275024.857142857,1134825.4285714286
"2024-04-16 00:00:00",824627,81998,0,0,383530,1264746.4285714286,1108825.4285714286
"2024-04-17 00:00:00",1087809,57821,960,252,183407,1317400,1153577.142857143
"2024-04-18 00:00:00",1163128,0,4801,0,716698,1463275,1175031.7142857143
"2024-04-19 00:00:00",270895,0,12295,252,594859,1340602.857142857,1208117.7142857143
"2024-04-20 00:00:00",587319,13140,3971,0,618492,1296247.7142857143,1226601.7142857143
"2024-04-21 00:00:00",816723,14180,960,1025,243066,1259058.857142857,1221834.5714285714
"2024-04-22 00:00:00",774795,48242,1920,54,499360,1286655.4285714286,1217379.7142857143
"2024-04-23 00:00:00",954345,0,4036,4378,460741,1305704.857142857,1205524
"2024-04-24 00:00:00",498464,13140,1920,0,793873,1302440.2857142857,1122708
"2024-04-25 00:00:00",684690,19683,1440,267,284995,1174790.2857142857,1158917.4285714286
"2024-04-26 00:00:00",500420,13140,3142,511,299652,1166013.857142857,1088795.2857142857
"2024-04-27 00:00:00",443583,8649,2195,0,691632,1155033.4285714286,1076484.2857142857
"2024-04-28 00:00:00",562957,25279,4693,0,311812,1130574.4285714286,1133461.7142857143
"2024-04-29 00:00:00",286851,45495,5259,2350,631373,1080139.7142857143,1094419.142857143
"2024-04-30 00:00:00",446783,49697,9593,3433,461039,1015431.8571428572,1129324
"2024-05-01 00:00:00",433806,0,0,1376,616466,978896.2857142857,1166872.857142857
"2024-05-02 00:00:00",1003558,40272,6861,2973,934266,1121304.142857143,1033278.8571428572
"2024-05-03 00:00:00",493080,60564,3404,0,499083,1155485,1085259.7142857143
"2024-05-04 00:00:00",1223624,13140,834,2621,224940,1201070.7142857143,1104609.142857143
"2024-05-05 00:00:00",401958,13140,6061,0,326821,1178676.4285714286,1107353.7142857143
"2024-05-06 00:00:00",438061,0,2378,0,728210,1206865,1132691.4285714286
"2024-05-07 00:00:00",527218,34965,6186,599,528550,1225004.142857143,1036896.7142857143
"2024-05-08 00:00:00",699326,8168,6132,766,297347,1219302.857142857,1039149.1428571428
"2024-05-09 00:00:00",844591,22889,6042,0,181738,1086064.142857143,1057671.857142857
"2024-05-10 00:00:00",584026,68318,2251,1594,303022,1072218.4285714286,1048634.5714285714
"2024-05-11 00:00:00",1114167,18773,8960,0,461597,1091981,1075660.857142857
"2024-05-12 00:00:00",1107833,74276,4906,0,601925,1240689.5714285714,1045056.5714285715
"2024-05-13 00:00:00",793485,0,3797,54,680148,1284809,1100835.7142857143
"2024-05-14 00:00:00",595503,41790,26843,0,414934,1282173.4285714286,1098447.4285714286
"2024-05-15 00:00:00",592002,13140,5272,0,472274,1292308.857142857,1038822
"2024-05-16 00:00:00",853020,30448,0,1419,383804,1322799.142857143,1028200
"2024-05-17 00:00:00",704548,77037,2016,0,346168,1347164.5714285714,1032631.2857142857
"2024-05-18 00:00:00",522595,23872,480,54,627535,1285884.4285714286,1049455.857142857
"2024-05-19 00:00:00",735065,35200,16157,1540,509937,1215735.5714285714,1098474.4285714286
"2024-05-20 00:00:00",368234,4813,6629,54,502740,1130733.5714285714,1054568.5714285714
"2024-05-21 00:00:00",317073,10109,1306,3537,331104,1071313.5714285714,1136063.5714285714
"2024-05-22 00:00:00",1446906,13507,3770,3106,169987,1150540.4285714286,1204141.5714285714
"2024-05-23 00:00:00",517810,33577,6231,1380,667238,1144475.5714285714,1254867.5714285714
"2024-05-24 00:00:00",716717,59369,960,54,499850,1165501.4285714286,1269739.142857143
"2024-05-25 00:00:00",382269,26705,2378,1796,674592,1153102,1204701.142857143
"2024-05-26 00:00:00",201439,8168,6318,1608,408421,1057110,1196234.5714285714
"2024-05-27 00:00:00",644900,147,2378,3586,542125,1101491.142857143,1223830.857142857
"2024-05-28 00:00:00",1064182,16576,1822,0,365432,1213617,1230228.142857143
"2024-05-29 00:00:00",413960,27053,5452,1729,348159,1093485.2857142857,1283360.857142857
"2024-05-30 00:00:00",683467,13140,0,2051,880988,1143972.2857142857,1282129.857142857
"2024-05-31 00:00:00",792909,26705,11848,0,229033,1113050,1329052.5714285714
"2024-06-01 00:00:00",610754,44741,2000,267,627840,1141316,1339286.2857142857
"2024-06-02 00:00:00",939312,12240,3828,0,579939,1271225.2857142857,1288491.4285714286
"2024-06-03 00:00:00",498512,26703,3339,307,572868,1258166.857142857,1307403.4285714286
"2024-06-04 00:00:00",582661,0,1440,0,285431,1175526.857142857,1302267.2857142857
"2024-06-05 00:00:00",1378602,17879,1022,0,392601,1317491.2857142857,1249155.857142857
"2024-06-06 00:00:00",498326,0,5920,0,424173,1224458.7142857143,1257849.142857143
"2024-06-07 00:00:00",563486,483,3558,0,120906,1171307.142857143,1156664.857142857
"2024-06-08 00:00:00",492821,63662,330,0,187582,1093991.857142857,1124297.2857142857
"2024-06-09 00:00:00",414095,32033,7047,0,770388,1049455.142857143,1113359.4285714286
"2024-06-10 00:00:00",605393,26281,10347,910,430299,1045383.8571428572,1137148.2857142857
"2024-06-11 00:00:00",579642,17720,1920,3716,405626,1065254.2857142857,1083760.7142857143
"2024-06-12 00:00:00",743739,1284,7449,3079,531307,993362,991103.2857142857
"2024-06-13 00:00:00",575959,36127,10694,0,437511,1012201,1059153.2857142857
"2024-06-14 00:00:00",728204,8462,4965,2329,739692,1125803.5714285714,1107691.4285714286
"2024-06-15 00:00:00",467807,8168,0,267,456398,1152695.5714285714,1101355.2857142857
"2024-06-16 00:00:00",890991,35468,2755,252,376724,1164499.7142857143,1161370.857142857
"2024-06-17 00:00:00",687113,0,1906,252,539245,1186683.4285714286,1022912.8571428572
"2024-06-18 00:00:00",1109055,406,4493,54,319473,1247377.2857142857,1068965.2857142857
"2024-06-19 00:00:00",488786,49595,8462,0,302854,1184925.5714285714,1137461.857142857
"2024-06-20 00:00:00",783081,26281,1920,5599,364185,1202179.2857142857,1161745.7142857143
"2024-06-21 00:00:00",544788,0,2080,267,261024,1105680.2857142857,1115462.7142857143
"2024-06-22 00:00:00",367167,37005,3372,0,1037901,1178938.2857142857,1125063.142857143
"2024-06-23 00:00:00",656142,18773,1288,2654,308431,1133380.7142857143,1187676.2857142857
"2024-06-24 00:00:00",747758,61757,7717,54,725983,1178345.5714285714,1244995.7142857143
"2024-06-25 00:00:00",920778,111861,7638,513,333460,1169884,1195704.7142857143
"2024-06-26 00:00:00",401661,128410,1870,0,885274,1250958,1255690.4285714286
"2024-06-27 00:00:00",996577,0,5913,5777,325613,1272788.2857142857,1177791.5714285714
"2024-06-28 00:00:00",553830,6809,16752,54,291761,1281509.2857142857,1319584
"2024-06-29 00:00:00",364881,145,960,252,775092,1238064.2857142857,1361879.857142857
"2024-06-30 00:00:00",813146,17891,1920,0,620992,1304730.142857143,1327216.142857143
"2024-07-01 00:00:00",562985,0,4260,560,516138,1239112.142857143,1336560.5714285714
"2024-07-02 00:00:00",582216,26281,4849,460,232389,1163675.5714285714,1351421
"2024-07-03 00:00:00",844131,47238,3054,252,173368,1113794.142857143,1215501.857142857
"2024-07-04 00:00:00",942063,47287,12742,1330,535584,1143098,1238761.5714285714
"2024-07-05 00:00:00",812680,15104,858,0,341036,1186022.5714285714,1114106.142857143
"2024-07-06 00:00:00",708046,4169,960,3215,145492,1146101.142857143,1085328
"2024-07-07 00:00:00",618793,27079,3252,0,258995,1068125.4285714286,1118401.2857142857
"2024-07-08 00:00:00",560440,0,960,0,938372,1127529.2857142857,1106443.142857143
"2024-07-09 00:00:00",717963,0,960,0,1201885,1281045.4285714286,1061352.857142857
"2024-07-10 00:00:00",812820,110856,3468,0,297636,1303436.2857142857,1092392.857142857
"2024-07-11 00:00:00",355665,44044,1964,3799,651036,1234507.857142857,1106495.142857143
"2024-07-12 00:00:00",818779,0,2133,2114,529076,1260568.4285714286,1150218.142857143
"2024-07-13 00:00:00",528855,2773,4132,0,384704,1268937.5714285714,1104491.5714285714
"2024-07-14 00:00:00",852699,75759,6907,0,224360,1304881.2857142857,989629.7142857143
"2024-07-15 00:00:00",1006779,0,7480,2881,362248,1287683.5714285714,985106
"2024-07-16 00:00:00",742105,13140,5108,1982,666725,1217434.142857143,1058914.2857142857
"2024-07-17 00:00:00",886909,26784,960,0,418878,1232970,1093325.142857143
"2024-07-18 00:00:00",909022,0,9670,3076,344596,1262949.5714285714,1036152.7142857143
"2024-07-19 00:00:00",465601,19247,4321,252,692959,1238703.7142857143,1024103.2857142857
"2024-07-20 00:00:00",373550,28159,3854,1961,270292,1204039.7142857143,1179550.142857143
"2024-07-21 00:00:00",565688,27702,960,0,277233,1162876.4285714286,1161442.142857143
"2024-07-22 00:00:00",1371869,0,5475,267,376937,1216470.857142857,1239572.7142857143
"2024-07-23 00:00:00",392390,21309,3109,0,665585,1166946.7142857143,1147247.2857142857
"2024-07-24 00:00:00",765952,76272,5802,0,448422,1161649.142857143,1172621.857142857
"2024-07-25 00:00:00",346686,13635,2880,0,575073,1114779,1189786.5714285714
"2024-07-26 00:00:00",442493,36326,17802,0,317321,1062144.857142857,1177772.5714285714
"2024-07-27 00:00:00",731546,46926,7032,460,162235,1100770.857142857,1113239
"2024-07-28 00:00:00",449020,13140,6534,514,549539,1121794.4285714286,1145201
"2024-07-29 00:00:00",704117,46074,5428,3426,312801,1024265.5714285715,1084976.4285714286
"2024-07-30 00:00:00",791980,54169,3071,2848,374929,1044923.5714285715,1201565.857142857
"2024-07-31 00:00:00",901000,13140,5910,252,232462,1024397.4285714285,1103576.7142857143
"2024-08-01 00:00:00",597088,0,12537,0,426379,1038359,1167154.2857142857
"2024-08-02 00:00:00",533002,42064,1920,252,245204,1039573.5714285715,1165465.7142857143
"2024-08-03 00:00:00",610956,0,1094,0,659370,1085748,1098914.857142857
"2024-08-04 00:00:00",875050,73732,8690,0,352652,1127373.2857142857,1113473
"2024-08-05 00:00:00",713629,21309,1781,54,852769,1201330,1154402.5714285714
"2024-08-06 00:00:00",731567,40172,1974,505,405075,1194515.142857143,1084588.4285714286
"2024-08-07 00:00:00",832079,13140,6054,511,445228,1215121.857142857,1163764.857142857
"2024-08-08 00:00:00",247259,45774,0,505,600545,1194847.4285714286,1055781.7142857143
"2024-08-09 00:00:00",376188,0,1895,0,293642,1173316,1040173.4285714285
"2024-08-10 00:00:00",655115,0,2733,1803,271389,1124690.2857142857,1062624.5714285714
"2024-08-11 00:00:00",433157,27793,0,1025,250028,1039244.4285714285,1071943.7142857143
"2024-08-12 00:00:00",589392,51087,2880,54,345973,953508,1091361.142857143
"2024-08-13 00:00:00",1129290,48021,11421,1729,826192,1073130.4285714286,1117798.5714285714
"2024-08-14 00:00:00",886664,0,3908,719,615912,1103157.7142857143,1080518.4285714286
"2024-08-15 00:00:00",392410,26093,4535,0,593615,1120667.5714285714,1103903.7142857143
"2024-08-16 00:00:00",749497,82457,1639,1011,337947,1192214.4285714286,1099915.857142857
"2024-08-17 00:00:00",547220,0,960,0,239512,1171736.142857143,1115431.142857143
"2024-08-18 00:00:00",646776,25327,2694,2039,331049,1214005.142857143,1112557.142857143
"2024-08-19 00:00:00",618195,0,4298,2325,469713,1229025.5714285714,1066211
"2024-08-20 00:00:00",941654,92807,1920,3263,447274,1153349.4285714286,1136979.857142857
"2024-08-21 00:00:00",781791,0,1308,0,298992,1092618.857142857,1243967.5714285714
"2024-08-22 00:00:00",346550,0,4096,252,594749,1082475.2857142857,1287403.5714285714
"2024-08-23 00:00:00",981044,106247,8799,505,214679,1102292.857142857,1313773.142857143
"2024-08-24 00:00:00",433946,0,3219,0,589556,1136439.857142857,1244059.142857143
"2024-08-25 00:00:00",764050,18781,3314,0,454213,1169650,1242790
"2024-08-26 00:00:00",628620,0,1920,1259,362564,1155340.142857143,1222755.142857143
"2024-08-27 00:00:00",607386,27987,5803,2641,418255,1094647.7142857143,1111213.5714285714
"2024-08-28 00:00:00",653332,34842,3945,252,348100,1088702.142857143,1062253.4285714286
"2024-08-29 00:00:00",782631,35917,6278,555,798714,1185623.4285714286,1022423
"2024-08-30 00:00:00",819070,0,1920,252,207607,1145276.857142857,1029200.1428571428
"2024-08-31 00:00:00",1094730,13140,960,0,323660,1203244,1048707.4285714286
"2024-09-01 00:00:00",670156,27793,3108,0,196640,1154292.5714285714,1007183.7142857143
"2024-09-02 00:00:00",521111,95322,4417,0,712083,1202660,1041863.1428571428
"2024-09-03 00:00:00",628670,89535,2626,54,539530,1230995,1139523.857142857
"2024-09-04 00:00:00",450461,0,1997,2604,214857,1178059.142857143,1133239.2857142857
"2024-09-05 00:00:00",664267,13140,7158,1675,478780,1112476.857142857,1073850
"2024-09-06 00:00:00",922890,51814,2160,252,547444,1183292.857142857,1044904.8571428572
"2024-09-07 00:00:00",333739,0,960,252,293849,1068480,1062379
"2024-09-08 00:00:00",930129,0,1920,0,356108,1124259.7142857143,1121507
"2024-09-09 00:00:00",492841,0,12929,813,562147,1086516.2857142857,1088142.142857143
"2024-09-10 00:00:00",384098,13140,4697,252,543413,1041542.7142857143,1109791.2857142857
"2024-09-11 00:00:00",650387,27169,1531,7303,661274,1138363.2857142857,1053636
"2024-09-12 00:00:00",1017864,0,3480,3832,302258,1161565.2857142857,1090298.857142857
"2024-09-13 00:00:00",1156822,0,2015,0,280232,1149352,1138254
"2024-09-14 00:00:00",230843,5788,960,1018,414696,1152852.857142857,1146175.857142857
"2024-09-15 00:00:00",446822,35668,960,0,207273,1067505.2857142857,1089179.7142857143
"2024-09-16 00:00:00",889482,13140,22524,2955,483414,1116474.5714285714,1024560.1428571428
"2024-09-17 00:00:00",657172,29039,4753,0,477374,1148294.142857143,1050441
"2024-09-18 00:00:00",574014,45752,12650,458,611126,1133485.142857143,1094858.142857143
"2024-09-19 00:00:00",1273068,8168,3235,818,219287,1158791.142857143,1121602.4285714286
"2024-09-20 00:00:00",823516,22434,1997,252,705262,1175133.2857142857,1056645.5714285714
"2024-09-21 00:00:00",589777,74292,2160,520,357460,1228119.4285714286,1042095.7142857143
"2024-09-22 00:00:00",465784,13140,960,505,263780,1235754.7142857143,1167182
"2024-09-23 00:00:00",533970,13140,10211,520,436919,1176218.2857142857,1178289.5714285714
"2024-09-24 00:00:00",589511,35789,1283,505,558798,1178725.2857142857,1070814.857142857
"2024-09-25 00:00:00",325821,41017,3118,0,351759,1104113,1020773.8571428572
"2024-09-26 00:00:00",385381,49178,5736,0,610478,1039284.1428571428,1018533.8571428572
"2024-09-27 00:00:00",681755,13140,1221,1597,430515,978536.4285714285,1088045.857142857
"2024-09-28 00:00:00",519186,21309,3821,0,339915,958539.5714285715,1104581.5714285714
"2024-09-29 00:00:00",814623,0,1845,2056,526013,1044306.4285714285,1003207.1428571428
"2024-09-30 00:00:00",887672,32122,5894,252,469033,1101479.7142857143,1109672.4285714286
"2024-10-01 00:00:00",447614,87099,558,0,444480,1072031.7142857143,1090354.7142857143
"2024-10-02 00:00:00",612239,0,14531,1675,306142,1102442.142857143,1188030.142857143
"2024-10-03 00:00:00",760949,36252,960,252,356171,1117272.142857143,1236461.7142857143
"2024-10-04 00:00:00",465519,15931,11901,0,548972,1105000,1116235.5714285714
"2024-10-05 00:00:00",498992,32703,8151,0,615816,1143775.7142857143,1120700
"2024-10-06 00:00:00",670465,26915,2251,463,164887,1075267.857142857,1158934.2857142857
"2024-10-07 00:00:00",719111,0,13522,505,417941,1040425.8571428572,1087664.5714285714
"2024-10-08 00:00:00",519470,8168,2553,2138,570954,1058073.2857142857,1108071.142857143
"2024-10-09 00:00:00",298451,57069,960,509,440708,1038517.5714285715,1039636.4285714285
"2024-10-10 00:00:00",851036,45024,14165,0,610782,1090863.857142857,919028.8571428572
"2024-10-11 00:00:00",265883,65311,3840,4487,342080,1039332.1428571428,1090782.142857143
"2024-10-12 00:00:00",720621,0,4287,252,87653,990354,1113252
"2024-10-13 00:00:00",878582,5833,1920,0,226636,1025780.8571428572,1091619.2857142857
"2024-10-14 00:00:00",284693,76111,12007,766,242861,949403.7142857143,1008140
"2024-10-15 00:00:00",658904,22838,912,4658,234222,923439.5714285715,1003891.1428571428
"2024-10-16 00:00:00",1124184,0,7229,54,487010,1040693.8571428572,1040140.5714285715
"2024-10-17 00:00:00",1024029,0,4947,0,306491,1014187.8571428572,1110981
"2024-10-18 00:00:00",621082,10438,3523,4541,1149297,1172370.5714285714,1016168.7142857143
"2024-10-19 00:00:00",727791,26533,1988,2141,684731,1262423.4285714286,1054096.4285714286
"2024-10-20 00:00:00",805470,55890,4991,0,275697,1266577.2857142857,1068443.142857143
"2024-10-21 00:00:00",878683,115449,8238,0,463646,1387945.142857143,1164924.2857142857
"2024-10-22 00:00:00",637125,41487,960,0,204260,1382558.857142857,1131452.857142857
"2024-10-23 00:00:00",875815,0,4330,5113,168541,1301890.4285714286,1127028.857142857
"2024-10-24 00:00:00",521240,45569,4294,0,575276,1274878,1193698.2857142857
"2024-10-25 00:00:00",992391,36353,3786,54,588291,1250877.2857142857,1235669
"2024-10-26 00:00:00",537017,46070,14610,0,399842,1187213.7142857143,1118150.2857142857
"2024-10-27 00:00:00",603964,13140,2880,0,686859,1210756.142857143,1111554.4285714286
"2024-10-28 00:00:00",696404,52648,3339,1774,622715,1198022.7142857143,1082882.142857143
"2024-10-29 00:00:00",452899,70620,422,712,364113,1198727.857142857,1216209.5714285714
"2024-10-30 00:00:00",736856,0,3499,2573,992326,1296078.5714285714,1194915.7142857143
"2024-10-31 00:00:00",692996,45801,3339,4682,488590,1308797,1139323.4285714286
"2024-11-01 00:00:00",1098866,81847,9790,54,530789,1323149.857142857,1120199.5714285714
"2024-11-02 00:00:00",497632,18953,1121,252,404226,1312384.857142857,1213032.5714285714
"2024-11-03 00:00:00",512581,23073,7242,1808,615798,1291478.857142857,1206273
"2024-11-04 00:00:00",614523,51563,4299,0,350468,1240617.7142857143,1152505.5714285714
"2024-11-05 00:00:00",477866,46740,10363,505,354845,1240839.7142857143,1012542.4285714285
"2024-11-06 00:00:00",619923,0,7362,0,732640,1187221.4285714286,1072553.4285714286
"2024-11-07 00:00:00",557940,26281,960,758,545476,1172365.4285714286,1084956.142857143
"2024-11-08 00:00:00",646833,0,1372,505,661817,1113677.142857143,1055512
"2024-11-09 00:00:00",741776,0,1231,0,858635,1210742.2857142857,1059546.5714285714
"2024-11-10 00:00:00",756406,36437,1920,267,344402,1207732.2857142857,1120199.2857142857
"2024-11-11 00:00:00",1093488,27051,7767,307,472182,1290581.2857142857,1270806.4285714286
"2024-11-12 00:00:00",529462,0,3401,252,698294,1339308.2857142857,1255270.4285714286
"2024-11-13 00:00:00",644217,13274,1920,252,226325,1271603,1220536.5714285714
"2024-11-14 00:00:00",542478,71856,6228,307,303135,1241972.857142857,1192860.5714285714
"2024-11-15 00:00:00",278779,0,3840,5452,289371,1137246.4285714286,1235222
"2024-11-16 00:00:00",337911,0,1539,0,599966,1042642.8571428572,1174665.4285714286
"2024-11-17 00:00:00",1081867,25385,3321,657,424930,1099318.2857142857,1177928.4285714286
"2024-11-18 00:00:00",593626,22838,4539,656,535748,1035977.1428571428,1144222.7142857143
"2024-11-19 00:00:00",932268,13140,3855,1089,557033,1075402.2857142857,1142757.2857142857
"2024-11-20 00:00:00",858416,63584,4872,252,263996,1118992.5714285714,1137055.2857142857
"2024-11-21 00:00:00",530397,83199,1920,252,560477,1155026.857142857,1095400.142857143
"2024-11-22 00:00:00",522861,0,13322,1743,417874,1209077.857142857,1058750.2857142857
"2024-11-23 00:00:00",618669,0,0,3303,452949,1228435.7142857143,1058618.7142857143
"2024-11-24 00:00:00",549946,6654,5300,505,515725,1163002.857142857,984208.5714285715
"2024-11-25 00:00:00",926799,0,7952,0,424727,1191870,1048083.8571428572
"2024-11-26 00:00:00",589712,15803,1354,1717,499777,1134866.857142857,1129903.7142857143
"2024-11-27 00:00:00",637986,23795,4014,2214,335123,1108011.2857142857,1122931.5714285714
"2024-11-28 00:00:00",716073,14391,9157,919,194293,1073524,1269471.2857142857
"2024-11-29 00:00:00",371320,0,7519,0,537634,1067905.857142857,1221518
"2024-11-30 00:00:00",861788,68696,13610,2148,357723,1100626.5714285714,1235739.142857143
"2024-12-01 00:00:00",663041,0,1920,1872,832343,1160775.857142857,1289034.2857142857
"2024-12-02 00:00:00",499338,68979,2734,520,495390,1118987.857142857,1272815.857142857
"2024-12-03 00:00:00",747769,30339,2152,252,283569,1112661.857142857,1276210.7142857143
"2024-12-04 00:00:00",434311,22838,960,1982,577244,1117548,1290171.857142857
"2024-12-05 00:00:00",699975,34965,1124,0,543948,1166859.142857143,1135262
"2024-12-06 00:00:00",632595,0,446,0,546045,1204375.2857142857,1171473.2857142857
"2024-12-07 00:00:00",723276,0,1920,1543,385288,1176955.5714285714,1217043.7142857143
"2024-12-08 00:00:00",767409,27793,27393,0,361926,1132005,1114365.7142857143
"2024-12-09 00:00:00",846877,50253,4246,505,376907,1162266.142857143,1063924.142857143
"2024-12-10 00:00:00",984156,40133,1384,3934,345147,1206647.857142857,1007948.2857142857
"2024-12-11 00:00:00",307594,2198,0,0,620821,1191401.857142857,1057018.4285714286
"2024-12-12 00:00:00",890620,482,11106,0,653250,1230751.142857143,1205394.857142857
"2024-12-13 00:00:00",585605,49131,2880,0,576363,1235736,1221918
"2024-12-14 00:00:00",1051463,0,18436,619,827214,1347979.4285714286,1183308.857142857
"2024-12-15 00:00:00",500999,42261,3753,505,1185706,1426365.7142857143,1291157.142857143
"2024-12-16 00:00:00",892101,29255,5994,1458,491713,1446613.142857143,1233279.2857142857
"2024-12-17 00:00:00",497050,19732,0,2638,681153,1421730.142857143,1260888.7142857143
"2024-12-18 00:00:00",318377,13140,2251,5291,177935,1362641.857142857,1201794
"2024-12-19 00:00:00",618525,1463,3840,1654,629689,1319743.857142857,1141433.5714285714
"2024-12-20 00:00:00",515386,13140,3329,0,544508,1300084.4285714286,1117749.7142857143
"2024-12-21 00:00:00",425665,0,1920,252,388761,1145636.7142857143,1066803.857142857
"2024-12-22 00:00:00",1319594,0,1920,3331,622198,1176182,1016388.2857142857
"2024-12-23 00:00:00",497184,0,3339,0,383307,1099511.7142857143,1057415.857142857
"2024-12-24 00:00:00",780904,71140,7790,0,658973,1144973.857142857,1079818
"2024-12-25 00:00:00",996888,47214,2271,2609,326342,1267592.2857142857,1077036.4285714286
"2024-12-26 00:00:00",438669,0,2755,252,735705,1256479.4285714286,1084882.4285714286
"2024-12-27 00:00:00",1227881,35921,2880,1820,776487,1394854.4285714286,1116052.5714285714
"2024-12-28 00:00:00",286626,0,2291,6425,331140,1367695.142857143,1215797.5714285714
"2024-12-29 00:00:00",675927,21132,6061,505,366309,1242394,1270434.142857143
"2024-12-30 00:00:00",722007,0,8206,4118,402361,1278517.2857142857,1200747.4285714286
"2024-12-31 00:00:00",786318,0,2116,1654,866784,1298240.857142857,1216342
"2025-01-01 00:00:00",628322,53116,2670,4487,354794,1250821.857142857,1155535
"2025-01-02 00:00:00",422101,15819,9503,0,500003,1217971.142857143,1111031.5714285714
"2025-01-03 00:00:00",648607,40820,2880,0,319673,1070398.5714285714,1127236.142857143
"2025-01-04 00:00:00",555572,51713,4555,3526,260504,1106025.4285714286,1134138.857142857
"2025-01-05 00:00:00",959922,0,4348,0,514864,1164482.5714285714,1073589.5714285714
"2025-01-06 00:00:00",716882,13140,11937,0,365632,1160325.4285714286,1053913.7142857143
"2025-01-07 00:00:00",537821,8168,1085,512,448629,1065945.7142857143,1015856.2857142857
"2025-01-08 00:00:00",626180,0,10629,510,412248,1066828,1119540.5714285714
"2025-01-09 00:00:00",862669,13140,4136,863,684102,1155040,1106508
"2025-01-10 00:00:00",537000,53335,7316,0,215404,1126622,1078589.4285714286
"2025-01-11 00:00:00",476035,26703,333,514,459370,1139062.857142857,1002741.7142857143
"2025-01-12 00:00:00",879473,0,0,0,276325,1092871.7142857143,1021021.2857142857
"2025-01-13 00:00:00",479394,16337,9219,0,596723,1092026.142857143,1073075.7142857143
"2025-01-14 00:00:00",750423,47414,0,505,443097,1127058.2857142857,1093177.7142857143
"2025-01-15 00:00:00",541205,40660,8054,0,258724,1098354.857142857,1136912.4285714286
"2025-01-16 00:00:00",691298,99286,960,0,287958,1029010.7142857143,1232206.7142857143
"2025-01-17 00:00:00",825531,13140,2471,758,315773,1078242.142857143,1241995.2857142857
"2025-01-18 00:00:00",332974,0,826,0,726411,1092135.5714285714,1262347.5714285714
"2025-01-19 00:00:00",1045418,25298,2575,0,461289,1146247.4285714286,1199759.2857142857
"2025-01-20 00:00:00",856012,36076,5259,0,537010,1193773.7142857143,1354383.857142857
"2025-01-21 00:00:00",800996,42126,7566,505,556077,1217463.857142857,1382955
"2025-01-22 00:00:00",391083,18952,1418,0,392023,1211011.5714285714,1293055.5714285714
"2025-01-23 00:00:00",721204,8168,7670,0,220130,1193535.857142857,1267109.857142857
"2025-01-24 00:00:00",515653,21159,1136,510,358025,1156222.7142857143,1288695
"2025-01-25 00:00:00",366957,30577,960,0,687145,1159855.2857142857,1247396.7142857143
"2025-01-26 00:00:00",983114,8168,14130,1713,485591,1153874.857142857,1329439
"2025-01-27 00:00:00",380665,13140,11201,0,681497,1104181.4285714286,1208572.142857143
"2025-01-28 00:00:00",969807,34450,2252,0,334124,1094661.7142857143,1121667.2857142857
"2025-01-29 00:00:00",824148,48421,1539,2187,475408,1172979.857142857,1193205.142857143
"2025-01-30 00:00:00",570259,0,2561,3133,371564,1171600.857142857,1126973.5714285714
"2025-01-31 00:00:00",792983,13366,5259,1976,608085,1246627.5714285714,1191981.5714285714
"2025-02-01 00:00:00",1491572,53313,3116,3334,679144,1410176.2857142857,1229892.142857143
"2025-02-02 00:00:00",308740,0,0,252,420593,1301157.5714285714,1263680.7142857143
"2025-02-03 00:00:00",435858,0,10891,0,700714,1309866,1148935.2857142857
"2025-02-04 00:00:00",589162,13140,1440,0,335483,1252522.142857143,1278211.5714285714
"2025-02-05 00:00:00",414427,21132,1920,0,491527,1192136.7142857143,1188563
"2025-02-06 00:00:00",555393,59968,1418,0,436941,1207308.4285714286,1160497.4285714286
"2025-02-07 00:00:00",1177273,16337,8224,505,562527,1256336.5714285714,1104520.2857142857
"2025-02-08 00:00:00",641376,49938,0,0,453982,1101310.2857142857,1138814
"2025-02-09 00:00:00",365460,31318,3892,252,815808,1170902.5714285714,1053370.5714285714
"2025-02-10 00:00:00",397140,35757,11409,2044,347705,1120415.7142857143,1148852.2857142857
"2025-02-11 00:00:00",631723,8168,480,252,160151,1100637,1090673
"2025-02-12 00:00:00",667437,105006,1920,1207,970358,1217340.4285714286,1196872.142857143
"2025-02-13 00:00:00",639888,16879,0,0,270382,1199258.7142857143,1291845.2857142857
"2025-02-14 00:00:00",628769,81698,1943,505,264590,1086778.7142857143,1280346.857142857
"2025-02-15 00:00:00",1030932,0,7080,0,138633,1091257.142857143,1253597.142857143
"2025-02-16 00:00:00",676366,27299,5080,0,349797,1068658.7142857143,1377204.857142857
"2025-02-17 00:00:00",842340,39934,4672,509,325895,1128558,1348256.5714285714
"2025-02-18 00:00:00",1013787,0,960,0,686030,1257129.7142857143,1329299.5714285714
"2025-02-19 00:00:00",628769,47946,1415,252,453098,1169351.2857142857,1202144.2857142857
"2025-02-20 00:00:00",467121,46134,13374,1717,315802,1157494.2857142857,1188348.142857143
"2025-02-21 00:00:00",374231,8168,21948,0,211752,1105864.7142857143,1193675.2857142857
"2025-02-22 00:00:00",521758,0,4455,252,439824,1075814.142857143,1153836.4285714286
"2025-02-23 00:00:00",625727,0,5068,252,257238,1051491.5714285714,1090914.4285714286
"2025-02-24 00:00:00",885262,31382,4471,6145,345938,1060041.4285714286,1163293.2857142857
"2025-02-25 00:00:00",922080,21309,960,0,612004,1039409.5714285715,1065126.5714285714
"2025-02-26 00:00:00",541039,62808,10747,252,468326,1032508.4285714285,1134030.7142857143
"2025-02-27 00:00:00",1004391,31345,1842,252,289842,1101583.142857143,1102561.2857142857
"2025-02-28 00:00:00",850733,8168,7996,0,826251,1255447.2857142857,1046446
"2025-03-01 00:00:00",546499,49680,19498,217,643663,1297342.5714285714,1011926
"2025-03-02 00:00:00",376873,13140,4971,4798,341471,1276338.142857143,969387
"2025-03-03 00:00:00",718420,15036,4050,1274,449552,1264214.4285714286,922486.7142857143
"2025-03-04 00:00:00",1147173,13140,8928,813,339314,1257502.2857142857,1081376.857142857
"2025-03-05 00:00:00",891880,25036,4216,513,457212,1299743,1138073.4285714286
"2025-03-06 00:00:00",740491,0,2778,1023,264213,1254147.5714285714,1176456.7142857143
"2025-03-07 00:00:00",1122313,49724,1136,0,286098,1220736.2857142857,1210511
"2025-03-08 00:00:00",671215,0,960,0,762610,1245768.7142857143,1289912.2857142857
"2025-03-09 00:00:00",650136,0,2745,2644,527999,1308950.2857142857,1302700.857142857
"2025-03-10 00:00:00",547906,54014,13310,252,300313,1270016.4285714286,1301358.5714285714
"2025-03-11 00:00:00",909906,48870,2614,2430,851529,1313728.142857143,1248026.5714285714
"2025-03-12 00:00:00",653103,28195,5622,252,640876,1306469.7142857143,1172805
"2025-03-13 00:00:00",653121,26281,1440,0,330125,1306821.4285714286,1221108.7142857143
"2025-03-14 00:00:00",370261,40857,7338,449,728175,1262223,1231508.142857143
"2025-03-15 00:00:00",703936,38408,3090,505,274631,1203049.7142857143,1226593
"2025-03-16 00:00:00",276878,39592,164,1023,594537,1164288.142857143,1248862.4285714286
"2025-03-17 00:00:00",778517,29478,3774,252,677743,1246283.857142857,1240471.857142857
"2025-03-18 00:00:00",853552,108030,960,2654,752070,1232271.7142857143,1261772.142857143
"2025-03-19 00:00:00",664133,0,9291,1554,382164,1193570.7142857143,1182870.5714285714
"2025-03-20 00:00:00",892752,0,3308,2294,521314,1251956.7142857143,1091937
"2025-03-21 00:00:00",439487,55678,7657,0,816130,1276509.7142857143,1108801.857142857
"2025-03-22 00:00:00",751467,13140,4835,511,713514,1342637.7142857143,1080842
"2025-03-23 00:00:00",825908,0,3893,0,268269,1369191.4285714286,1102563.7142857143
"2025-03-24 00:00:00",541014,70706,7684,1025,429421,1306346.4285714286,1124515.142857143
"2025-03-25 00:00:00",597276,33788,3666,0,319355,1197320.5714285714,1070830.857142857
"2025-03-26 00:00:00",1283614,68736,1920,2440,465767,1306654.2857142857,1134676.4285714286
"2025-03-27 00:00:00",717368,21309,6117,505,462731,1276420.2857142857,1180131.7142857143
"2025-03-28 00:00:00",1032259,86768,2996,1541,286834,1289484.2857142857,1129570.5714285714
"2025-03-29 00:00:00",903760,8168,2999,1785,547472,1286729.7142857143,1226209.7142857143
"2025-03-30 00:00:00",619721,39928,5077,0,257197,1261565.857142857,1150372.142857143
"2025-03-31 00:00:00",534322,8168,1501,0,666880,1284568.857142857,1096949
"2025-04-01 00:00:00",245532,25895,7764,601,497853,1259363.2857142857,1170638.142857143
"2025-04-02 00:00:00",768201,21309,5259,650,413191,1171668,1258310.142857143
"2025-04-03 00:00:00",603595,61398,6224,0,201282,1123734.857142857,1219627.2857142857
"2025-04-04 00:00:00",682324,100976,5196,0,379705,1089135,1213044.4285714286
"2025-04-05 00:00:00",833170,35959,5101,434,500455,1076411.2857142857,1162272.142857143
"2025-04-06 00:00:00",503472,104240,10517,252,764627,1142295.142857143,1250455
"2025-04-07 00:00:00",426367,18955,4513,1839,467725,1100656.2857142857,1218398.142857143
"2025-04-08 00:00:00",841145,1925,960,0,667265,1205463.4285714286,1199917
"2025-04-09 00:00:00",542528,73949,3833,1408,276173,1161075.142857143,1153892.5714285714
"2025-04-10 00:00:00",1186883,63354,4351,0,826537,1333736.142857143,1139933.4285714286
"2025-04-11 00:00:00",580084,21132,3685,1457,624446,1342679.7142857143,1129162.2857142857
"2025-04-12 00:00:00",793134,23789,7039,1173,222995,1295966.857142857,1196355.142857143
"2025-04-13 00:00:00",998558,17121,5858,1124,274906,1283746.857142857,1207955.4285714286
"2025-04-14 00:00:00",806038,38056,2378,54,505737,1345584.7142857143,1314876.4285714286
"2025-04-15 00:00:00",1082598,8168,6713,252,429885,1347916.2857142857,1275024.857142857
"2025-04-16 00:00:00",463561,38578,6369,1406,301155,1335512.857142857,1264746.4285714286
"2025-04-17 00:00:00",1026875,83849,6366,0,502841,1269628,1317400
"2025-04-18 00:00:00",559871,35952,490,252,753215,1286624.4285714286,1463275
"2025-04-19 00:00:00",1508322,8168,6391,2049,468789,1421708.7142857143,1340602.857142857
"2025-04-20 00:00:00",834822,116053,960,252,189768,1399464,1296247.7142857143
"2025-04-21 00:00:00",626286,16337,4355,307,633659,1389275.4285714286,1259058.857142857
"2025-04-22 00:00:00",502860,43616,1851,505,238807,1283564.4285714286,1286655.4285714286
"2025-04-23 00:00:00",522866,53325,14950,505,623461,1341284.2857142857,1305704.857142857
"2025-04-24 00:00:00",852514,40746,15214,252,768717,1349500.4285714286,1302440.2857142857
"2025-04-25 00:00:00",504527,67749,1818,2609,328901,1286046.5714285714,1174790.2857142857
"2025-04-26 00:00:00",784015,16337,1564,3732,657053,1210186.857142857,1166013.857142857
"2025-04-27 00:00:00",541983,0,9477,0,445330,1189463.142857143,1155033.4285714286
"2025-04-28 00:00:00",627071,8168,3339,2116,642507,1189785.5714285714,1130574.4285714286
"2025-04-29 00:00:00",494041,13140,8168,2178,257487,1187982,1080139.7142857143
"2025-04-30 00:00:00",715020,56778,2993,449,443064,1188438.7142857143,1015431.8571428572
"2025-05-01 00:00:00",959606,66335,610,0,459442,1161088.5714285714,978896.2857142857
"2025-05-02 00:00:00",626206,8168,5466,2857,949667,1259197.2857142857,1121304.142857143
"2025-05-03 00:00:00",383606,67069,7939,252,250649,1151599.2857142857,1155485
"2025-05-04 00:00:00",880013,0,960,267,527734,1210482.5714285714,1201070.7142857143
"2025-05-05 00:00:00",1520122,18461,6034,54,486979,1317403.857142857,1178676.4285714286
"2025-05-06 00:00:00",710170,88239,7214,252,566916,1402800.5714285714,1206865
"2025-05-07 00:00:00",479104,18138,10222,0,487436,1370885.857142857,1225004.142857143
"2025-05-08 00:00:00",829750,16979,0,4312,563305,1360650.2857142857,1219302.857142857
"2025-05-09 00:00:00",803898,76319,0,1278,497442,1330160.5714285714,1086064.142857143
"2025-05-10 00:00:00",329692,29301,5804,252,446174,1344690.2857142857,1072218.4285714286
"2025-05-11 00:00:00",562886,15673,2448,252,156877,1248856.4285714286,1091981
"2025-05-12 00:00:00",408144,52912,13800,54,515083,1100048.2857142857,1240689.5714285714
"2025-05-13 00:00:00",537356,0,9564,3006,733543,1087287.857142857,1284809
"2025-05-14 00:00:00",787227,22818,4072,0,415450,1120811.4285714286,1282173.4285714286
"2025-05-15 00:00:00",1149084,4520,22639,1717,415442,1146391.2857142857,1292308.857142857
"2025-05-16 00:00:00",372190,7324,2624,267,445914,1067731.7142857143,1322799.142857143
"2025-05-17 00:00:00",1084482,74245,1434,505,516205,1191395.7142857143,1347164.5714285714
"2025-05-18 00:00:00",754474,138328,3961,252,540106,1291250.857142857,1285884.4285714286
"2025-05-19 00:00:00",1108920,26281,13016,1345,589698,1398289.142857143,1215735.5714285714
"2025-05-20 00:00:00",499930,8168,9798,2693,232377,1322503.2857142857,1130733.5714285714
"2025-05-21 00:00:00",551185,60075,4769,252,345754,1284284.5714285714,1071313.5714285714
"2025-05-22 00:00:00",633212,29301,7030,0,283822,1192850.4285714286,1150540.4285714286
"2025-05-23 00:00:00",860292,53761,3572,0,526317,1280796.5714285714,1144475.5714285714
"2025-05-24 00:00:00",750027,53189,164,273,381385,1210534.7142857143,1165501.4285714286
"2025-05-25 00:00:00",765939,46157,840,0,460843,1187200,1153102
"2025-05-26 00:00:00",927446,49575,6908,0,599978,1165006.5714285714,1057110
"2025-05-27 00:00:00",287793,21309,1920,0,202185,1130755,1101491.142857143
"2025-05-28 00:00:00",664025,45235,10306,3167,380692,1150953.5714285714,1213617
"2025-05-29 00:00:00",561337,1231,335,2638,208020,1125267.4285714286,1093485.2857142857
"2025-05-30 00:00:00",887124,35142,3339,3775,358137,1102920.857142857,1143972.2857142857
"2025-05-31 00:00:00",858557,94619,4627,1897,896100,1198744.142857143,1113050
"2025-06-01 00:00:00",1178201,0,350,856,439656,1248070.4285714286,1141316
"2025-06-02 00:00:00",583067,26488,10080,5139,829068,1229489.7142857143,1271225.2857142857
"2025-06-03 00:00:00",937991,21309,3216,0,663369,1388443.857142857,1258166.857142857
"2025-06-04 00:00:00",487229,21309,7458,0,179877,1330222.142857143,1175526.857142857
"2025-06-05 00:00:00",467713,73784,7697,2052,330006,1345606.7142857143,1317491.2857142857
"2025-06-06 00:00:00",527330,35648,960,567,739037,1347896.142857143,1224458.7142857143
"2025-06-07 00:00:00",630396,16337,4794,505,614241,1263678,1171307.142857143
"2025-06-08 00:00:00",801349,55340,3918,0,405513,1213257.4285714286,1093991.857142857
"2025-06-09 00:00:00",598889,26250,9993,307,456909,1161615.4285714286,1049455.142857143
"2025-06-10 00:00:00",1186712,21309,1350,267,467187,1168892.7142857143,1045383.8571428572
"2025-06-11 00:00:00",729756,40543,3013,0,678815,1276928.857142857,1065254.2857142857
"2025-06-12 00:00:00",327979,13140,1920,920,275294,1239500.2857142857,993362
"2025-06-13 00:00:00",880505,98256,1091,662,464841,1259759.2857142857,1012201
"2025-06-14 00:00:00",819279,36945,2648,505,898542,1329994.2857142857,1125803.5714285714
"2025-06-15 00:00:00",677668,44128,1189,0,251273,1288299.7142857143,1152695.5714285714
"2025-06-16 00:00:00",674103,21309,4891,54,400278,1289483.5714285714,1164499.7142857143
"2025-06-17 00:00:00",324086,29478,1649,3359,822380,1218644.2857142857,1186683.4285714286
"2025-06-18 00:00:00",737216,51964,5761,1894,371936,1178165,1247377.2857142857
"2025-06-19 00:00:00",997148,101733,8394,3049,863449,1371668,1184925.5714285714
"2025-06-20 00:00:00",533533,38136,960,2923,696329,1346886,1202179.2857142857
"2025-06-21 00:00:00",1044638,56715,1799,0,455457,1318413.142857143,1105680.2857142857
"2025-06-22 00:00:00",845249,0,1289,505,167440,1324159.5714285714,1178938.2857142857
"2025-06-23 00:00:00",1008242,24506,7639,252,471196,1382902.2857142857,1133380.7142857143
"2025-06-24 00:00:00",695340,81408,6269,1982,545811,1404310.7142857143,1178345.5714285714
"2025-06-25 00:00:00",994153,21309,2084,252,531549,1458678.7142857143,1169884
"2025-06-26 00:00:00",575612,50862,3228,2683,446321,1330811.857142857,1250958
"2025-06-27 00:00:00",904397,27958,15586,252,615812,1372544,1272788.2857142857
"2025-06-28 00:00:00",829022,29301,5175,0,465447,1339734.7142857143,1281509.2857142857
"2025-06-29 00:00:00",457516,8168,12760,2539,344252,1312699.5714285714,1238064.2857142857
"2025-06-30 00:00:00",670460,18617,4299,0,714908,1297906.7142857143,1304730.142857143
"2025-07-01 00:00:00",905902,77875,5549,5298,290162,1291331.857142857,1239112.142857143
"2025-07-02 00:00:00",1040699,13140,3594,252,724705,1324623.857142857,1163675.5714285714
"2025-07-03 00:00:00",570546,54014,5694,0,336618,1308647.4285714286,1113794.142857143
"2025-07-04 00:00:00",829899,32254,22802,2410,736305,1317170.857142857,1143098
"2025-07-05 00:00:00",943615,27793,5288,252,476083,1334897.7142857143,1186022.5714285714
"2025-07-06 00:00:00",415590,13140,4339,0,266672,1316969.857142857,1146101.142857143
"2025-07-07 00:00:00",1216063,0,4299,0,373328,1343456.2857142857,1068125.4285714286
"2025-07-08 00:00:00",616203,25045,2705,1524,621660,1340935,1127529.2857142857
"2025-07-09 00:00:00",932558,29301,5871,196,285487,1265366.5714285714,1281045.4285714286
"2025-07-10 00:00:00",521294,15709,18249,0,637542,1297641.2857142857,1303436.2857142857
"2025-07-11 00:00:00",338201,0,3861,560,684287,1212389.5714285714,1234507.857142857
"2025-07-12 00:00:00",988176,0,1920,520,505486,1218542.2857142857,1260568.4285714286
"2025-07-13 00:00:00",400906,31733,2655,0,304391,1224248.4285714286,1268937.5714285714
"2025-07-14 00:00:00",1040275,672,7971,0,801720,1260955.4285714286,1304881.2857142857
"2025-07-15 00:00:00",680199,59140,7341,808,204511,1215935.7142857143,1287683.5714285714
"2025-07-16 00:00:00",562123,22818,10154,196,517698,1195875.2857142857,1217434.142857143
"2025-07-17 00:00:00",675892,27025,1920,2324,525124,1201516.857142857,1232970
"2025-07-18 00:00:00",760806,0,11612,1077,630393,1255371,1262949.5714285714
"2025-07-19 00:00:00",693535,95353,8430,2466,326049,1202475.5714285714,1238703.7142857143
"2025-07-20 00:00:00",981574,66155,1515,252,475196,1314619.7142857143,1204039.7142857143
"2025-07-21 00:00:00",477815,47655,5577,1941,363978,1178380.857142857,1162876.4285714286
"2025-07-22 00:00:00",961735,0,3080,0,255883,1216766.142857143,1216470.857142857
"2025-07-23 00:00:00",509057,0,7432,3106,801888,1246550.857142857,1166946.7142857143
"2025-07-24 00:00:00",693591,8168,2055,814,704500,1271814.142857143,1161649.142857143
"2025-07-25 00:00:00",438779,50752,2050,4381,346724,1191642.7142857143,1114779
"2025-07-26 00:00:00",1382781,57203,14712,252,606543,1325308.2857142857,1062144.857142857
"2025-07-27 00:00:00",688521,8168,960,307,743624,1313435.142857143,1100770.857142857
"2025-07-28 00:00:00",382398,32363,4870,0,678582,1342184.5714285714,1121794.4285714286
"2025-07-29 00:00:00",749837,36796,960,0,414949,1339591,1024265.5714285715
"2025-07-30 00:00:00",621477,71980,0,6068,337374,1298936,1044923.5714285715
"2025-07-31 00:00:00",878131,0,5101,0,305982,1267519.7142857143,1024397.4285714285
"2025-08-01 00:00:00",732167,0,1920,5241,844808,1373440.857142857,1038359
"2025-08-02 00:00:00",809830,0,7306,54,272950,1234676.142857143,1039573.5714285715
"2025-08-03 00:00:00",324964,83713,3443,2617,1080394,1242326.142857143,1085748
"2025-08-04 00:00:00",664769,23804,11697,1707,659837,1279983.5714285714,1127373.2857142857
"2025-08-05 00:00:00",1041482,51364,244,0,285181,1305087.857142857,1201330
"2025-08-06 00:00:00",921696,0,4634,1788,738622,1395065.4285714286,1194515.142857143
"2025-08-07 00:00:00",455953,0,1552,252,326621,1337231.7142857143,1215121.857142857
"2025-08-08 00:00:00",1223725,27299,3936,765,1015525,1435391.142857143,1194847.4285714286
"2025-08-09 00:00:00",503143,0,3575,5487,307124,1396704,1173316
"2025-08-10 00:00:00",764447,33462,2443,449,234738,1331048,1124690.2857142857
"2025-08-11 00:00:00",663336,13140,17293,252,605481,1322146.4285714286,1039244.4285714285
"2025-08-12 00:00:00",844203,29323,8744,3482,104732,1266748.4285714286,953508
"2025-08-13 00:00:00",1035911,0,6057,0,341749,1226316.5714285714,1073130.4285714286
"2025-08-14 00:00:00",393582,27793,6061,0,560350,1255374.857142857,1103157.7142857143
"2025-08-15 00:00:00",730106,67501,5163,252,743935,1151904.4285714286,1120667.5714285714
"2025-08-16 00:00:00",852380,13440,13348,1459,197546,1188882.142857143,1192214.4285714286
"2025-08-17 00:00:00",923270,35817,7355,505,543465,1256721.142857143,1171736.142857143
"2025-08-18 00:00:00",730237,18953,5426,1267,532162,1255084.4285714286,1214005.142857143
"2025-08-19 00:00:00",1030506,8168,8537,252,532859,1339346.857142857,1229025.5714285714
"2025-08-20 00:00:00",390717,4058,4691,307,620392,1287410.857142857,1153349.4285714286
"2025-08-21 00:00:00",561403,0,8820,505,512596,1301059,1092618.857142857
"2025-08-22 00:00:00",972640,38226,0,252,441699,1287610.2857142857,1082475.2857142857
"2025-08-23 00:00:00",717538,27958,3155,0,735183,1345561.857142857,1102292.857142857
"2025-08-24 00:00:00",443969,26922,1920,1100,381647,1252011.2857142857,1136439.857142857
"2025-08-25 00:00:00",830803,27115,9497,252,488012,1261673.142857143,1169650
"2025-08-26 00:00:00",748930,26281,510,2034,622827,1235996,1155340.142857143
"2025-08-27 00:00:00",793621,34031,1351,54,699864,1308675.4285714286,1094647.7142857143
"2025-08-28 00:00:00",593343,1194,11084,252,480465,1309106.142857143,1088702.142857143
"2025-08-29 00:00:00",869349,26714,3556,252,676743,1326791.4285714286,1185623.4285714286
"2025-08-30 00:00:00",422319,22959,2198,307,663258,1273535.142857143,1145276.857142857
"2025-08-31 00:00:00",778170,0,6575,2042,206122,1293156.857142857,1203244
"2025-09-01 00:00:00",454538,44741,6844,252,698446,1271605.7142857143,1154292.5714285714
"2025-09-02 00:00:00",850264,0,7097,0,613936,1281707.5714285714,1202660
"2025-09-03 00:00:00",928870,0,8528,505,751343,1304611.142857143,1230995
"2025-09-04 00:00:00",889812,25283,3003,6253,322713,1327572,1178059.142857143
"2025-09-05 00:00:00",341542,0,8848,0,473524,1220043.2857142857,1112476.857142857
"2025-09-06 00:00:00",744813,0,5376,252,636481,1259455,1183292.857142857
"2025-09-07 00:00:00",1044089,0,960,0,654877,1360457,1068480
"2025-09-08 00:00:00",658015,26806,5683,1109,787825,1399688,1124259.7142857143
"2025-09-09 00:00:00",375904,103372,2613,0,436645,1320722.142857143,1086516.2857142857
"2025-09-10 00:00:00",852860,43579,7621,2276,381528,1263381.857142857,1041542.7142857143
"2025-09-11 00:00:00",858523,0,4240,0,265316,1246383.857142857,1138363.2857142857
"2025-09-12 00:00:00",493998,35249,4694,429,457570,1270387.7142857143,1161565.2857142857
"2025-09-13 00:00:00",360240,34273,0,0,358000,1179757.7142857143,1149352
"2025-09-14 00:00:00",941500,68516,5405,702,270536,1120719.857142857,1152852.857142857
"2025-09-15 00:00:00",611147,53706,12512,0,210524,1036212.8571428572,1067505.2857142857
"2025-09-16 00:00:00",677424,42311,1654,0,1010345,1152384.2857142857,1116474.5714285714
"2025-09-17 00:00:00",943037,3970,1799,1119,305438,1147741.4285714286,1148294.142857143
"2025-09-18 00:00:00",711112,23082,10092,1688,194459,1120935,1133485.142857143
"2025-09-19 00:00:00",1060032,19167,5343,2364,250842,1170336.4285714286,1158791.142857143
"2025-09-20 00:00:00",940017,56528,960,0,645970,1297616.857142857,1175133.2857142857
"2025-09-21 00:00:00",516121,9333,4807,307,322172,1235628.2857142857,1228119.4285714286
"2025-09-22 00:00:00",533702,13140,4299,764,314253,1232523.857142857,1235754.7142857143
"2025-09-23 00:00:00",1011546,16519,3655,8379,420102,1193733.5714285714,1176218.2857142857
"2025-09-24 00:00:00",779744,36715,2748,0,597883,1216837.2857142857,1178725.2857142857
"2025-09-25 00:00:00",673950,0,1195,252,456019,1244120.5714285714,1104113
"2025-09-26 00:00:00",836864,51138,20599,1124,739300,1288588.2857142857,1039284.1428571428
"2025-09-27 00:00:00",1004041,99510,3980,0,281631,1252257.7142857143,978536.4285714285
"2025-09-28 00:00:00",653034,29255,8829,3845,554434,1308923.142857143,958539.5714285715
"2025-09-29 00:00:00",781118,8168,4299,888,293812,1340655.5714285714,1044306.4285714285
"2025-09-30 00:00:00",610243,0,19041,0,297503,1264453.2857142857,1101479.7142857143
"2025-10-01 00:00:00",514199,16309,1676,0,685184,1235921.4285714286,1072031.7142857143
"2025-10-02 00:00:00",1013770,36159,2460,3748,538866,1302148,1102442.142857143
"2025-10-03 00:00:00",352278,0,3785,513,521984,1192081.5714285714,1117272.142857143
"2025-10-04 00:00:00",1066581,13059,1383,2093,228915,1181063,1105000
"2025-10-05 00:00:00",1017550,30821,10364,0,522027,1228400.857142857,1143775.7142857143
"2025-10-06 00:00:00",348258,44937,10939,560,315125,1175762.857142857,1075267.857142857
"2025-10-07 00:00:00",937632,0,1920,6140,461795,1244434.4285714286,1040425.8571428572
"2025-10-08 00:00:00",509382,0,2669,5397,552611,1223390.2857142857,1058073.2857142857
"2025-10-09 00:00:00",1215118,113971,960,504,494689,1256281.5714285714,1038517.5714285715
"2025-10-10 00:00:00",796371,0,5755,1016,824995,1363364,1090863.857142857
"2025-10-11 00:00:00",682894,52699,14261,634,304804,1326687,1039332.1428571428
"2025-10-12 00:00:00",1044345,133372,11652,0,361479,1322413.5714285714,990354
"2025-10-13 00:00:00",404968,55080,4299,520,450026,1350281.4285714286,1025780.8571428572
"2025-10-14 00:00:00",897567,0,13157,2866,507748,1352260,949403.7142857143
"2025-10-15 00:00:00",533760,21132,5128,0,445903,1343097.7142857143,923439.5714285715
"2025-10-16 00:00:00",618404,48575,4923,0,850521,1299837.857142857,1040693.8571428572
"2025-10-17 00:00:00",1169600,71206,1728,252,721747,1347894.7142857143,1014187.8571428572
"2025-10-18 00:00:00",557361,0,9041,515,222227,1309873.5714285714,1172370.5714285714
"2025-10-19 00:00:00",535029,8168,1633,0,716057,1268450.5714285714,1262423.4285714286
"2025-10-20 00:00:00",550676,73456,12606,765,558898,1308665.7142857143,1266577.2857142857
"2025-10-21 00:00:00",672957,8168,5131,2553,603911,1290291.857142857,1387945.142857143
"2025-10-22 00:00:00",919621,3813,8658,0,550738,1358421.4285714286,1382558.857142857
"2025-10-23 00:00:00",531069,14723,4760,0,406759,1277691.142857143,1301890.4285714286
"2025-10-24 00:00:00",1153833,8168,6258,856,354762,1214740.142857143,1274878
"2025-10-25 00:00:00",766014,35516,796,547,807856,1332109.4285714286,1250877.2857142857
"2025-10-26 00:00:00",661729,43849,6279,252,223209,1285599.5714285714,1187213.7142857143
"2025-10-27 00:00:00",400271,26713,5259,0,509733,1249253.142857143,1210756.142857143
"2025-10-28 00:00:00",782710,42441,3415,1600,330282,1230357.142857143,1198022.7142857143
"2025-10-29 00:00:00",608892,71659,8813,2046,694926,1216572.2857142857,1198727.857142857
"2025-10-30 00:00:00",647345,0,13244,4676,249454,1210487.7142857143,1296078.5714285714
"2025-10-31 00:00:00",619260,110889,0,3078,308837,1141657.2857142857,1308797
"2025-11-01 00:00:00",1058991,0,1654,1277,393891,1119526.2857142857,1323149.857142857
"2025-11-02 00:00:00",482652,43131,9325,687,631535,1152670.857142857,1312384.857142857
"2025-11-03 00:00:00",578954,1106,7687,1924,469823,1169459.2857142857,1291478.857142857
"2025-11-04 00:00:00",885541,0,7893,3415,639629,1223177.857142857,1240617.7142857143
"2025-11-05 00:00:00",1056098,51676,4602,1205,771546,1294433.857142857,1240839.7142857143
"2025-11-06 00:00:00",629711,18786,4535,252,407833,1315347.857142857,1187221.4285714286
"2025-11-07 00:00:00",319357,0,13481,3095,375914,1268173.857142857,1172365.4285714286
"2025-11-08 00:00:00",240523,99163,3463,0,506521,1181582.142857143,1113677.142857143
"2025-11-09 00:00:00",806795,38572,5587,0,766307,1245858,1210742.2857142857
"2025-11-10 00:00:00",542446,78021,10734,560,632881,1275164.857142857,1207732.2857142857
"2025-11-11 00:00:00",1399266,22438,8469,252,299878,1302854.2857142857,1290581.2857142857
"2025-11-12 00:00:00",599165,57701,2845,921,655956,1221634.5714285714,1339308.2857142857
"2025-11-13 00:00:00",685641,76125,6626,765,1049153,1329805,1271603
"2025-11-14 00:00:00",613035,50715,1920,598,246262,1358474.142857143,1241972.857142857
"2025-11-15 00:00:00",449008,9471,9364,0,475535,1371860.857142857,1137246.4285714286
"2025-11-16 00:00:00",909175,16337,1877,505,334818,1321211,1042642.8571428572
"2025-11-17 00:00:00",583848,42623,5953,54,656680,1324713.4285714286,1099318.2857142857
"2025-11-18 00:00:00",740375,45771,6173,0,415340,1250049.857142857,1035977.1428571428
"2025-11-19 00:00:00",1020133,21309,1920,0,542795,1288559.5714285714,1075402.2857142857
"2025-11-20 00:00:00",574292,50343,6053,0,417690,1178569.4285714286,1118992.5714285714
"2025-11-21 00:00:00",475635,0,2527,252,352341,1166887.2857142857,1155026.857142857
"2025-11-22 00:00:00",1388572,21309,6880,0,362203,1286256.857142857,1209077.857142857
"2025-11-23 00:00:00",950736,0,13731,0,414820,1302910.2857142857,1228435.7142857143
"2025-11-24 00:00:00",730840,40396,5568,54,786986,1342151,1163002.857142857
"2025-11-25 00:00:00",914252,21132,8112,0,842887,1424825.857142857,1191870
"2025-11-26 00:00:00",491051,0,3931,873,635529,1359858.2857142857,1134866.857142857
"2025-11-27 00:00:00",605799,46864,3470,1018,386510,1359184.4285714286,1108011.2857142857
"2025-11-28 00:00:00",1089888,0,5243,1751,232905,1430474.7142857143,1073524
"2025-11-29 00:00:00",547681,0,9456,252,807295,1371291.7142857143,1067905.857142857
"2025-11-30 00:00:00",668942,96748,2880,0,435672,1346285.4285714286,1100626.5714285714
"2025-12-01 00:00:00",579340,50555,4499,1177,541434,1291022.7142857143,1160775.857142857
"2025-12-02 00:00:00",761894,40194,12114,0,584653,1235661.5714285714,1118987.857142857
"2025-12-03 00:00:00",854984,18617,7561,505,708767,1301240.142857143,1112661.857142857
"2025-12-04 00:00:00",672759,2639,0,0,587669,1332583.5714285714,1117548
"2025-12-05 00:00:00",849430,148434,14027,1525,408358,1345724.5714285714,1166859.142857143
"2025-12-06 00:00:00",459539,1042,5317,0,634214,1307928.7142857143,1204375.2857142857
"2025-12-07 00:00:00",889993,13140,960,0,356605,1315993.857142857,1176955.5714285714
"2025-12-08 00:00:00",567707,20141,8274,5549,312416,1278434.142857143,1132005
"2025-12-09 00:00:00",253694,1193,4869,252,398263,1172636.5714285714,1162266.142857143
"2025-12-10 00:00:00",870353,71644,1879,0,484063,1149423,1206647.857142857
"2025-12-11 00:00:00",849131,43232,1303,0,248247,1132115.5714285714,1191401.857142857
"2025-12-12 00:00:00",300376,0,8018,252,1001762,1116206.142857143,1230751.142857143
"2025-12-13 00:00:00",1056430,77970,6696,0,452994,1186774.4285714286,1235736
"2025-12-14 00:00:00",719539,57744,9149,0,308274,1163061.2857142857,1347979.4285714286
"2025-12-15 00:00:00",1309917,0,8369,251,482251,1289732.7142857143,1426365.7142857143
"2025-12-16 00:00:00",888105,101084,6575,1456,506693,1410538.7142857143,1446613.142857143
"2025-12-17 00:00:00",609921,67046,7796,0,366818,1356773.142857143,1421730.142857143
"2025-12-18 00:00:00",1000905,55879,32297,1517,298085,1392025.857142857,1362641.857142857
"2025-12-19 00:00:00",544705,55554,3589,1717,304862,1334885.857142857,1319743.857142857
"2025-12-20 00:00:00",736830,27644,2614,2609,394979,1273541,1300084.4285714286
"2025-12-21 00:00:00",724030,0,8638,935,710992,1323525.142857143,1145636.7142857143
"2025-12-22 00:00:00",882362,8168,18008,575,460985,1261998.142857143,1176182
"2025-12-23 00:00:00",820971,49100,2849,0,205040,1201147.2857142857,1099511.7142857143
"2025-12-24 00:00:00",891807,70927,1920,1386,385935,1244060.7142857143,1144973.857142857
"2025-12-25 00:00:00",930830,26211,6212,2686,595022,1268672,1267592.2857142857
"2025-12-26 00:00:00",581869,21132,6099,2710,723737,1329403,1256479.4285714286
"2025-12-27 00:00:00",586989,0,4338,0,759342,1355973.142857143,1394854.4285714286
"2025-12-28 00:00:00",363010,26281,20271,1688,730722,1312741.2857142857,1367695.142857143
"2025-12-29 00:00:00",1055342,2821,7009,307,511191,1342251.5714285714,1242394
"2025-12-30 00:00:00",890147,54215,9089,252,630598,1414586.4285714286,1278517.2857142857
"2025-12-31 00:00:00",841265,47658,2614,0,471017,1416097.857142857,1298240.857142857
"2026-01-01 00:00:00",741193,9408,5136,252,396498,1357744.4285714286,1250821.857142857
"2026-01-02 00:00:00",865690,45396,4016,54,313832,1342522.142857143,1217971.142857143
"2026-01-03 00:00:00",375647,97302,9034,6080,578704,1301965,1070398.5714285714
"2026-01-04 00:00:00",716643,26281,3339,252,298549,1288121,1106025.4285714286
"2026-01-05 00:00:00",755566,0,7246,54,565262,1252615,1164482.5714285714
"2026-01-06 00:00:00",739006,71641,4323,0,371084,1195722.4285714286,1160325.4285714286
"2026-01-07 00:00:00",1252649,26281,13923,0,467733,1252584.142857143,1065945.7142857143
"2026-01-08 00:00:00",411508,14632,1418,1509,412131,1208114.2857142857,1066828
"2026-01-09 00:00:00",974582,0,4402,252,464267,1238759.142857143,1155040
"2026-01-10 00:00:00",993912,50439,6307,722,309358,1280755,1126622
"2026-01-11 00:00:00",304699,157115,3035,0,711260,1299475.5714285714,1139062.857142857
"2026-01-12 00:00:00",596902,60906,5981,322,788355,1317238,1092871.7142857143
"2026-01-13 00:00:00",908623,0,22200,0,324356,1327112.857142857,1092026.142857143
"2026-01-14 00:00:00",541369,37371,4620,0,434257,1220974.2857142857,1127058.2857142857
"2026-01-15 00:00:00",805884,32815,2849,2145,718706,1324003.142857143,1098354.857142857
"2026-01-16 00:00:00",714532,155644,15068,0,330434,1291456.7142857143,1029010.7142857143
"2026-01-17 00:00:00",780458,73397,8432,0,376247,1273998.857142857,1078242.142857143
"2026-01-18 00:00:00",1080103,17778,8298,0,227346,1296486.857142857,1092135.5714285714
"2026-01-19 00:00:00",735918,57442,2543,560,693896,1301900.2857142857,1146247.4285714286
"2026-01-20 00:00:00",871817,13140,4087,1851,396381,1306485.857142857,1193773.7142857143
"2026-01-21 00:00:00",659578,94714,4058,4072,653336,1363363.2857142857,1217463.857142857
"2026-01-22 00:00:00",633563,84463,4605,1885,669983,1339377.4285714286,1211011.5714285714
"2026-01-23 00:00:00",1005173,0,7084,813,1068480,1463073.2857142857,1193535.857142857
"2026-01-24 00:00:00",723183,78329,3815,449,686716,1499353,1156222.7142857143
"2026-01-25 00:00:00",387522,162243,0,196,306604,1431215.857142857,1159855.2857142857
"2026-01-26 00:00:00",537417,9415,2129,307,985624,1437577.857142857,1153874.857142857
"2026-01-27 00:00:00",449171,0,5695,0,664070,1413528.857142857,1104181.4285714286
"2026-01-28 00:00:00",697313,26281,5432,2128,684985,1413583.142857143,1094661.7142857143
"2026-01-29 00:00:00",1013349,480,8164,1788,247818,1396026,1172979.857142857
"2026-01-30 00:00:00",597126,46793,8078,449,606628,1278529.4285714286,1171600.857142857
"2026-01-31 00:00:00",965410,38850,15608,0,697254,1310619.5714285714,1246627.5714285714
"2026-02-01 00:00:00",615901,13140,13559,54,704844,1380753.142857143,1410176.2857142857
"2026-02-02 00:00:00",741556,2065,4299,819,454679,1333399.7142857143,1301157.5714285714
"2026-02-03 00:00:00",764808,155119,4801,252,280495,1345762.7142857143,1309866
"2026-02-04 00:00:00",612879,110645,6390,0,767035,1357307,1252522.142857143
"2026-02-05 00:00:00",756743,36697,9353,54,409361,1348822.5714285714,1192136.7142857143
"2026-02-06 00:00:00",570996,36674,6218,0,584117,1340098.5714285714,1207308.4285714286
"2026-02-07 00:00:00",535330,164572,0,252,592441,1279451.7142857143,1256336.5714285714
"2026-02-08 00:00:00",736075,16333,5057,1366,765950,1304777.7142857143,1101310.2857142857
"2026-02-09 00:00:00",743151,31318,5244,54,595594,1329340.857142857,1170902.5714285714
"2026-02-10 00:00:00",719518,74017,4074,2279,260649,1308635.4285714286,1120415.7142857143
"2026-02-11 00:00:00",633258,13140,6469,3259,461119,1254392.142857143,1100637
"2026-02-12 00:00:00",639977,0,15516,252,467633,1241702.142857143,1217340.4285714286
"2026-02-13 00:00:00",475256,14368,4969,267,583032,1224543.142857143,1199258.7142857143
"2026-02-14 00:00:00",1035166,0,14905,0,677804,1286726,1086778.7142857143
"2026-02-15 00:00:00",918343,13140,2092,1759,443194,1265832.857142857,1091257.142857143
"2026-02-16 00:00:00",1091122,78923,4534,1898,326150,1284013.857142857,1068658.7142857143
"2026-02-17 00:00:00",1120906,13140,960,1719,148335,1316088.5714285714,1128558
"2026-02-18 00:00:00",715245,3145,8651,54,394064,1316647.7142857143,1257129.7142857143
"2026-02-19 00:00:00",737998,0,8332,762,421611,1323122.857142857,1169351.2857142857
"2026-02-20 00:00:00",393480,69958,6398,2145,1066703,1388950.4285714286,1157494.2857142857
"2026-02-21 00:00:00",662438,0,480,2092,972494,1376040.4285714286,1105864.7142857143
"2026-02-22 00:00:00",838699,104372,3840,54,170761,1338783,1075814.142857143
"2026-02-23 00:00:00",698023,20547,3797,54,361872,1279020.857142857,1051491.5714285714
"2026-02-24 00:00:00",930420,99457,12817,768,534153,1320814.4285714286,1060041.4285714286
"2026-02-25 00:00:00",782249,10686,10297,0,320672,1321206.5714285714,1039409.5714285715
"2026-02-26 00:00:00",524467,95067,2321,196,403289,1300726,1032508.4285714285
"2026-02-27 00:00:00",755135,35202,2880,0,481600,1263030.5714285714,1101583.142857143
"2026-02-28 00:00:00",613237,0,4410,1982,317224,1162937.4285714286,1255447.2857142857
"2026-03-01 00:00:00",723164,0,8903,3518,407523,1166563.2857142857,1297342.5714285714
"2026-03-02 00:00:00",545478,13140,2880,362,656481,1185713,1276338.142857143
"2026-03-03 00:00:00",404509,0,3559,1019,876115,1143939.5714285714,1264214.4285714286
"2026-03-04 00:00:00",469213,122589,4509,5377,442331,1132527.4285714286,1257502.2857142857
"2026-03-05 00:00:00",1102667,24554,1961,1451,659579,1241794.857142857,1299743
"2026-03-06 00:00:00",920008,0,9715,1941,344357,1241966.7142857143,1254147.5714285714
"2026-03-07 00:00:00",1141379,66159,3536,252,454178,1346059.857142857,1220736.2857142857
"2026-03-08 00:00:00",700392,62003,1537,1851,637219,1383187.5714285714,1245768.7142857143
"2026-03-09 00:00:00",559804,15356,6657,54,586219,1376009,1308950.2857142857
"2026-03-10 00:00:00",1350240,95290,2840,0,296931,1441737.2857142857,1270016.4285714286
"2026-03-11 00:00:00",781212,23354,1578,0,501951,1479462.2857142857,1313728.142857143
"2026-03-12 00:00:00",744058,27893,10933,3203,517118,1409889.7142857143,1306469.7142857143
"2026-03-13 00:00:00",819358,44640,3840,252,517476,1425539.2857142857,1306821.4285714286
"2026-03-14 00:00:00",346441,69875,2443,1631,149618,1269039.857142857,1262223
"2026-03-15 00:00:00",472698,16539,960,1941,505186,1211085.7142857143,1203049.7142857143
"2026-03-16 00:00:00",595543,0,5259,252,493787,1200621.2857142857,1164288.142857143
"2026-03-17 00:00:00",949768,117403,3779,252,453404,1169093.7142857143,1246283.857142857
"2026-03-18 00:00:00",788787,84087,5670,0,455094,1172743,1232271.7142857143
"2026-03-19 00:00:00",938118,0,7554,4757,650431,1215265.2857142857,1193570.7142857143
"2026-03-20 00:00:00",369365,0,1961,0,353318,1120847.5714285714,1251956.7142857143
"2026-03-21 00:00:00",568054,33411,2892,252,531339,1201696.142857143,1276509.7142857143
"2026-03-22 00:00:00",718645,31705,0,0,324175,1212725,1342637.7142857143
"2026-03-23 00:00:00",504048,54004,8070,1204,298164,1179960.7142857143,1369191.4285714286
"2026-03-24 00:00:00",1182910,55155,4411,758,658664,1233859.5714285714,1306346.4285714286
"2026-03-25 00:00:00",600515,52089,1532,54,401518,1194155.142857143,1197320.5714285714
"2026-03-26 00:00:00",494764,59270,1920,2899,359406,1096640.7142857143,1306654.2857142857
"2026-03-27 00:00:00",459202,8055,7218,54,300563,1103847.857142857,1276420.2857142857
"2026-03-28 00:00:00",762923,0,2880,274,598086,1136450,1289484.2857142857
"2026-03-29 00:00:00",672309,26281,2317,0,320196,1128818.142857143,1286729.7142857143
"2026-03-30 00:00:00",1326361,0,5953,1693,269080,1234189.142857143,1261565.857142857
"2026-03-31 00:00:00",709568,117954,3361,1877,543811,1159142.2857142857,1284568.857142857
"2026-04-01 00:00:00",549535,43000,12342,252,252165,1130797.5714285714,1259363.2857142857
"2026-04-02 00:00:00",446052,41807,960,2345,376918,1123629.2857142857,1171668
"2026-04-03 00:00:00",776440,44722,3413,4143,598112,1216734.5714285714,1123734.857142857
"2026-04-04 00:00:00",915568,61525,4167,252,274382,1201267.5714285714,1089135
"2026-04-05 00:00:00",980539,30820,4548,621,462274,1266653.2857142857,1076411.2857142857
"2026-04-06 00:00:00",599810,57681,4299,196,384959,1187204.4285714286,1142295.142857143
"2026-04-07 00:00:00",445392,27063,6251,1453,580571,1142084.5714285714,1100656.2857142857
"2026-04-08 00:00:00",999724,47365,3840,252,438238,1232388.142857143,1205463.4285714286
"2026-04-09 00:00:00",741635,0,7898,0,608709,1302411,1161075.142857143
"2026-04-10 00:00:00",757852,57343,10521,1594,741541,1322699.7142857143,1333736.142857143
"2026-04-11 00:00:00",608607,0,960,0,402344,1287844.7142857143,1342679.7142857143
"2026-04-12 00:00:00",831215,2226,3157,1025,269233,1234709.5714285714,1295966.857142857
"2026-04-13 00:00:00",746543,115948,7325,560,554658,1288722.2857142857,1283746.857142857
"2026-04-14 00:00:00",488987,29798,6192,1941,566949,1293456.142857143,1345584.7142857143
"2026-04-15 00:00:00",491540,65572,2880,0,409438,1219171.857142857,1347916.2857142857
"2026-04-16 00:00:00",1067253,0,4550,0,307385,1222164.142857143,1335512.857142857
"2026-04-17 00:00:00",824267,13451,2084,449,300776,1161046.5714285714,1269628
"2026-04-18 00:00:00",1033626,97944,2378,0,203194,1207508.2857142857,1286624.4285714286
"2026-04-19 00:00:00",612221,43741,11455,252,150145,1166216.5714285714,1421708.7142857143
"2026-04-20 00:00:00",792028,13140,2378,610,400083,1135246.142857143,1399464
"2026-04-21 00:00:00",932247,55007,4255,252,411937,1179507.5714285714,1389275.4285714286
"2026-04-22 00:00:00",775244,0,2068,2646,321865,1198420.857142857,1283564.4285714286
"2026-04-23 00:00:00",522488,87241,11389,0,316746,1135374.7142857143,1341284.2857142857
"2026-04-24 00:00:00",494246,47007,4801,196,377189,1104290.5714285714,1349500.4285714286
"2026-04-25 00:00:00",726568,91085,0,322,374915,1083683.142857143,1286046.5714285714
"2026-04-26 00:00:00",489341,13140,9882,252,376207,1093827.2857142857,1210186.857142857
"2026-04-27 00:00:00",570619,50154,3907,2179,430396,1072257.857142857,1189463.142857143
"2026-04-28 00:00:00",562680,30820,5473,3555,740349,1063569.142857143,1189785.5714285714
"2026-04-29 00:00:00",1304129,0,7010,252,206353,1122986.2857142857,1187982
"2026-04-30 00:00:00",1292319,132064,6762,520,224498,1225600.5714285714,1188438.7142857143
"2026-05-01 00:00:00",1003135,13140,960,307,382272,1293654.142857143,1161088.5714285714
"2026-05-02 00:00:00",1044310,27246,901,505,236311,1310280.4285714286,1259197.2857142857
"2026-05-03 00:00:00",864813,22311,1517,3049,554448,1389897,1151599.2857142857
"2026-05-04 00:00:00",650467,39409,14395,0,372964,1392751.142857143,1210482.5714285714
"2026-05-05 00:00:00",754378,101632,5305,0,976573,1463467,1317403.857142857
"2026-05-06 00:00:00",832273,33237,4564,767,525786,1446164.7142857143,1402800.5714285714
"2026-05-07 00:00:00",820096,31660,9779,0,442746,1395895.857142857,1370885.857142857
"2026-05-08 00:00:00",685183,0,960,252,354081,1344561.857142857,1360650.2857142857
"2026-05-09 00:00:00",765250,64111,9743,3691,308961,1322059.4285714286,1330160.5714285714
"2026-05-10 00:00:00",903972,70170,4586,252,650628,1348269.2857142857,1344690.2857142857
"2026-05-11 00:00:00",782741,0,5675,0,367380,1359492.2857142857,1248856.4285714286
"2026-05-12 00:00:00",554439,58669,6334,1026,458188,1251030.7142857143,1100048.2857142857
"2026-05-13 00:00:00",545704,5232,3209,196,499470,1202057,1087287.857142857
"2026-05-14 00:00:00",890050,98612,2726,307,451116,1221846.857142857,1120811.4285714286
"2026-05-15 00:00:00",547482,27063,6108,758,178518,1181768.7142857143,1146391.2857142857
"2026-05-16 00:00:00",1000451,5772,3317,196,593203,1246223.4285714286,1067731.7142857143
"2026-05-17 00:00:00",656645,8168,5989,0,551580,1188048.2857142857,1191395.7142857143
"2026-05-18 00:00:00",795137,0,13139,773,460334,1204275,1291250.857142857
"2026-05-19 00:00:00",519880,0,13532,449,190067,1153599.2857142857,1398289.142857143
"2026-05-20 00:00:00",860893,23216,3734,252,392022,1185928.7142857143,1322503.2857142857
"2026-05-21 00:00:00",642297,71400,5049,0,344242,1131668.142857143,1284284.5714285714
"2026-05-22 00:00:00",766528,86090,8528,252,395941,1202726.7142857143,1192850.4285714286
"2026-05-23 00:00:00",605902,14798,3324,196,446308,1126668.142857143,1280796.5714285714
"2026-05-24 00:00:00",969135,28783,2880,54,524565,1169958.857142857,1210534.7142857143
"2026-05-25 00:00:00",829885,6620,5259,0,489189,1178754.7142857143,1187200
"2026-05-26 00:00:00",757480,169474,5008,1796,410503,1267373.857142857,1165006.5714285714
"2026-05-27 00:00:00",837790,20622,14776,0,404492,1267025.5714285714,1130755
"2026-05-28 00:00:00",887639,13140,4592,1688,253396,1280949.5714285714,1150953.5714285714
"2026-05-29 00:00:00",423849,0,2880,0,524112,1237164,1125267.4285714286
"2026-05-30 00:00:00",631917,0,8750,3359,660423,1270580.857142857,1102920.857142857
"2026-05-31 00:00:00",849792,46991,5710,218,664144,1276500.5714285714,1198744.142857143
"2026-06-01 00:00:00",928321,40204,2378,252,339461,1273595.2857142857,1248070.4285714286
"2026-06-02 00:00:00",662994,18953,5457,252,541527,1257155.5714285714,1229489.7142857143
"2026-06-03 00:00:00",664747,0,1920,196,236886,1203736.857142857,1388443.857142857
"2026-06-04 00:00:00",566414,56694,2251,3009,653794,1221123.5714285714,1330222.142857143
"2026-06-05 00:00:00",911632,88276,3980,252,525007,1303738.857142857,1345606.7142857143
"2026-06-06 00:00:00",444009,0,3087,54,420469,1241334.857142857,1347896.142857143
"2026-06-07 00:00:00",670261,0,2292,3950,401570,1171508.7142857143,1263678
"2026-06-08 00:00:00",825461,8168,10307,960,587881,1188960.2857142857,1213257.4285714286
"2026-06-09 00:00:00",942782,13140,11608,765,454838,1216667.4285714286,1161615.4285714286
"2026-06-10 00:00:00",312026,47145,7754,0,443566,1203345,1168892.7142857143
"2026-06-11 00:00:00",287145,53345,6193,505,331082,1117074.7142857143,1276928.857142857
"2026-06-12 00:00:00",1083543,81676,3574,0,275419,1104941,1239500.2857142857
"2026-06-13 00:00:00",325219,50235,6357,252,549897,1114132.5714285714,1259759.2857142857
"2026-06-14 00:00:00",493666,13140,4535,0,439980,1096025.2857142857,1329994.2857142857
"2026-06-15 00:00:00",1248945,99529,7757,196,167894,1109103,1288299.7142857143
"2026-06-16 00:00:00",748988,34978,3840,252,306981,1062232.4285714286,1289483.5714285714
"2026-06-17 00:00:00",499070,0,7089,3385,737305,1124569.142857143,1218644.2857142857
"2026-06-18 00:00:00",602279,28422,9482,1981,273698,1158510.857142857,1178165
"2026-06-19 00:00:00",648551,61603,2880,252,700225,1154125.2857142857,1371668
"2026-06-20 00:00:00",248382,93820,7314,0,233806,1104319.857142857,1346886
"2026-06-21 00:00:00",678939,13140,13592,0,274643,1108461.5714285714,1318413.142857143
"2026-06-22 00:00:00",638356,27063,5969,2223,667955,1082353.7142857143,1324159.5714285714
"2026-06-23 00:00:00",1073863,17720,960,4007,615625,1170516,1382902.2857142857
"2026-06-24 00:00:00",747157,85888,6455,4652,382604,1167645.5714285714,1404310.7142857143
"2026-06-25 00:00:00",634583,46529,8638,921,482452,1204397.142857143,1458678.7142857143
"2026-06-26 00:00:00",989778,54774,3772,659,243018,1187038.4285714286,1330811.857142857
"2026-06-27 00:00:00",992440,16610,2452,196,577129,1330682,1372544
"2026-06-28 00:00:00",411367,0,6684,2708,279047,1290609.5714285714,1339734.7142857143
"2026-06-29 00:00:00",277377,0,12173,54,390820,1196160.7142857143,1312699.5714285714
"2026-06-30 00:00:00",401280,79226,7352,252,127881,1039563.1428571428,1297906.7142857143
"2026-07-01 00:00:00",515821,0,960,4226,308028,982745.8571428572,1291331.857142857
"2026-07-02 00:00:00",332405,1951,3574,510,312905,908206.1428571428,1324623.857142857
"2026-07-03 00:00:00",847674,26281,3694,1991,415108,908598.7142857143,1308647.4285714286