mmsi,imo,ship_name,country,operator,build_year,ship_type,deadweight,builder,builder_country,age_risk,n_points,total_days,sanction_sources,risk_level,hit_ofac,hit_un,hit_eu,hit_uk,flag_score,paris_list,tokyo_list,gap_24h_ratio,gap_24h_ci95_lower,gap_24h_ci95_upper,gap_24h_ci90_lower,gap_24h_ci90_upper,gap_24h_ci80_lower,gap_24h_ci80_upper,gap_12h_count,gap_24h_count,gap_72h_count,gap_max_hours,gap_mean_hours,low_speed_ratio,non_anch_low_ratio,non_anch_low_ci95_lower,non_anch_low_ci95_upper,non_anch_low_ci90_lower,non_anch_low_ci90_upper,non_anch_low_ci80_lower,non_anch_low_ci80_upper,non_anch_low_events,non_anch_low_max_dur_h,loitering_h_ratio,msr,spc,sdr,port_dwell,port_interval,turn_nonport,san_port_dwell,san_of_port,cog_high_vol_ratio,cog_high_vol_ci95_lower,cog_high_vol_ci95_upper,cog_high_vol_ci90_lower,cog_high_vol_ci90_upper,cog_high_vol_ci80_lower,cog_high_vol_ci80_upper,cog_very_high_vol_ratio,cog_mean_vol,cog_max_vol,anomaly_index,anomaly_ci95_lower,anomaly_ci95_upper,anomaly_ci90_lower,anomaly_ci90_upper,anomaly_ci80_lower,anomaly_ci80_upper,data_sufficiency,confidence_grade,name_changes,flag_changes,owner_changes,total_identity_changes,recorded_calls,unrecorded_call_ratio,hotspot_dwell_ratio,logistic_score,logistic_score_std,logistic_score_ci95_lower,logistic_score_ci95_upper,prediction_credibility,quadrant,company_count,company_source
775090000,9543500.0,Yare,Venezuela,PDV Marina,2011.0,AFRAMAX TNKR,0000-00-00,Sumitomo,Japan,1,7053,180.6,1,低风险,True,False,False,False,0,Not Listed,Not Listed,0.001264,0.000481,0.002048,0.000538,0.00183,0.000614,0.001603,121,7,1,156.1,0.6,0.950376,0.950131,0.945058,0.955203,0.945947,0.954459,0.946954,0.953587,246,226.1,0.95051,0.049444,0.0619,0.988822,0.000272,0.0,0.809815,0.000272,0.0,0.861769,0.853716,0.869822,0.855069,0.868586,0.856615,0.867149,0.659865,72.9,177.19,60.03,59.7,60.36,59.75,60.31,59.81,60.25,0.579,B,0,0,0,0,0,0.0,0.0,80.88,15.61,50.28,100.0,高可信,A_确认影子,28.0,simulated_noisy
750064162,,,,,,,,,,0,14698,72.6,0,未命中,False,False,False,False,0,Unknown,Unknown,0.000131,0.0,0.000261,0.0,0.000184,0.0,0.000112,1,0,0,19.5,0.1,0.941693,0.941577,0.937788,0.945367,0.938431,0.944792,0.939165,0.944122,229,173.6,0.941757,0.039241,0.2522,0.883907,0.000131,0.0,0.0,0.000131,0.0,0.80052,0.79406,0.80698,0.795122,0.805965,0.79634,0.804791,0.537488,62.95,180.0,58.39,58.14,58.63,58.18,58.59,58.23,58.55,0.366,C,0,0,0,0,0,0.0,0.0,44.27,4.49,35.47,53.07,中可信,D_正常,10.0,simulated_noisy
655180000,9256468.0,Hai Long,Malawi,Undisclosed,2003.0,AFRAMAX TNKR,0000-00-00,Samsung,South Korea,2,78634,76.3,1,低风险,True,False,False,False,0,Not Listed,Not Listed,6.3e-05,1.3e-05,0.000112,1.5e-05,9.5e-05,1.8e-05,7.9e-05,8,3,0,57.1,0.0,0.975558,0.975534,0.974455,0.976614,0.974635,0.976447,0.974842,0.976254,5,768.3,0.97557,0.015106,0.6364,0.850694,2.4e-05,0.0,0.603272,2.4e-05,0.0,0.717298,0.714151,0.720446,0.71466,0.719943,0.715246,0.719363,0.397029,52.21,180.0,58.25,58.15,58.34,58.17,58.33,58.18,58.31,0.711,B,0,0,0,0,0,0.0,0.0,77.49,12.62,52.75,100.0,高可信,A_确认影子,31.0,simulated_noisy
574534000,9266372.0,Van Phong 1,Vietnam,Petrolimex,2004.0,LR2 TNKR,0000-00-00,Daewoo,South Korea,2,20898,180.6,0,未命中,False,False,False,False,2,Black,High Performance,0.000283,7.4e-05,0.000492,8.6e-05,0.000426,0.000102,0.00036,8,4,0,70.0,0.2,0.906833,0.906758,0.902817,0.9107,0.903473,0.910088,0.904223,0.909379,892,217.7,0.906877,0.071617,0.2639,0.917034,9.2e-05,0.0,2.186399,9.2e-05,0.0,0.578525,0.57183,0.58522,0.57291,0.584148,0.574154,0.582912,0.267966,41.93,180.0,52.38,52.13,52.64,52.17,52.6,52.22,52.55,0.735,B,0,0,0,0,0,0.0,0.0,77.8,14.24,49.89,100.0,高可信,B_潜在影子,22.0,equasis_real
273271560,9259599.0,Akkord,Russia,Hennesea Holdings,2003.0,AFRAMAX TNKR,0000-00-00,Sumitomo,Japan,2,31814,149.1,3,高风险,True,False,True,True,1,Grey,Medium Performance,0.000155,3.2e-05,0.000277,3.8e-05,0.000236,4.6e-05,0.000195,6,3,0,57.2,0.1,0.941221,0.930576,0.927784,0.933368,0.928248,0.932935,0.928779,0.932432,134,473.4,0.930657,0.043684,0.1979,0.867936,0.011375,0.2863,1.842531,6e-05,0.0,0.521374,0.515885,0.526864,0.516768,0.525982,0.517785,0.524966,0.315175,41.69,165.9,52.31,52.11,52.51,52.14,52.47,52.18,52.44,0.771,B,0,0,0,0,0,0.0,0.0,78.62,14.13,50.93,100.0,高可信,A_确认影子,31.0,equasis_real
636021407,9247455.0,Kristina,Liberia,Kristina Marine Holding,2004.0,AFRAMAX TNKR,0000-00-00,Hyundai Heavy Ind Ulsan Shipyard,South Korea,2,24645,180.0,0,未命中,False,False,False,False,0,White,High Performance,0.00024,6.3e-05,0.000417,7.3e-05,0.000362,8.6e-05,0.000305,59,4,1,73.5,0.2,0.973788,0.973714,0.971718,0.97571,0.972061,0.975411,0.972451,0.975061,46,763.4,0.973827,0.016793,0.1197,0.939275,7.8e-05,0.0,3.494878,7.8e-05,0.0,0.397484,0.391374,0.403594,0.392351,0.402607,0.393478,0.401471,0.222843,33.11,161.58,51.77,51.59,51.96,51.62,51.93,51.65,51.9,0.776,B,0,0,0,0,0,0.0,0.0,45.97,3.71,38.7,53.24,高可信,B_潜在影子,20.0,equasis_real
671265100,9038854.0,Warrior King,Togo,Umbridges Trade,1993.0,AFRAMAX TNKR,0000-00-00,Hyundai Heavy Ind Ulsan Shipyard,South Korea,3,31595,136.2,0,未命中,False,False,False,False,2,Black,Low Performance,6.1e-05,0.0,0.000122,0.0,8.6e-05,0.0,5.2e-05,0,0,0,11.4,0.1,0.980092,0.980033,0.978492,0.981575,0.978757,0.981344,0.979059,0.981075,26,1061.5,0.980123,0.019524,0.1848,0.943761,6.1e-05,0.0,1.35593,6.1e-05,0.0,0.364044,0.358739,0.36935,0.359586,0.368492,0.360564,0.367505,0.202974,27.93,163.18,51.39,51.23,51.54,51.26,51.51,51.28,51.49,0.733,B,0,0,0,0,0,0.0,0.0,80.15,17.8,45.26,100.0,高可信,B_潜在影子,18.0,equasis_real
613442790,9282481.0,Tagor,Cameroon,Zimar Shipping,2005.0,AFRAMAX TNKR,0000-00-00,Samsung,South Korea,2,5456,35.2,3,高风险,True,False,True,True,3,Black,Low Performance,0.001085,0.000285,0.001884,0.000329,0.001632,0.00039,0.001377,6,4,0,57.1,0.2,0.902859,0.902576,0.894715,0.910436,0.896063,0.909256,0.897597,0.907879,5,732.1,0.903025,0.007312,0.4262,0.751105,0.000352,0.0,0.603272,0.000352,0.0,0.435665,0.422508,0.448823,0.424608,0.446696,0.427032,0.444247,0.26099,34.06,180.0,49.36,48.84,49.88,48.93,49.8,49.02,49.7,0.159,C,0,0,0,0,0,0.0,0.0,88.94,10.95,67.48,100.0,中可信,A_确认影子,29.0,equasis_real
525021322,9215048.0,FSO Arjuna Prima,Indonesia,Soechi Lines,2001.0,LR2 TNKR,0000-00-00,Dalian New Yard,China,3,12026,180.7,0,未命中,False,False,False,False,0,Not Listed,High Performance,0.000409,8.5e-05,0.000733,0.0001,0.000624,0.000121,0.000515,26,3,0,67.9,0.4,1.0,0.99984,0.999681,1.0,0.999775,1.0,0.999863,1.0,1,4336.1,1.000083,0.00016,0.0193,0.989379,0.00016,0.0,0.0,0.00016,0.0,0.216943,0.209577,0.224309,0.210734,0.223099,0.212073,0.221709,0.084395,15.64,150.83,49.35,49.19,49.51,49.21,49.48,49.24,49.45,0.635,B,0,0,0,0,0,0.0,0.0,46.93,13.2,21.06,72.8,高可信,B_潜在影子,24.0,equasis_real
352314000,9110183.0,Morning Sun,Panama,Undisclosed,1996.0,LR2 TNKR,0000-00-00,Onomichi Dockyard,Japan,3,28318,180.4,0,未命中,False,False,False,False,0,White,High Performance,0.00028,9.7e-05,0.000462,0.00011,0.00041,0.000126,0.000356,15,6,0,57.2,0.2,0.932234,0.932175,0.929247,0.935103,0.929735,0.93465,0.930294,0.934124,44,1629.9,0.932267,0.016592,0.3077,0.833627,6.8e-05,0.0,2.43058,6.8e-05,0.0,0.335263,0.329764,0.340761,0.330641,0.339871,0.331654,0.338847,0.155588,24.83,179.32,48.66,48.46,48.86,48.49,48.83,48.53,48.79,0.818,A,0,0,0,0,0,0.0,0.0,47.55,1.01,45.57,49.53,高可信,B_潜在影子,14.0,equasis_real
550167011,9282479.0,Olina,Unknown,Tantye Peur,2005.0,AFRAMAX TNKR,0000-00-00,Samsung,South Korea,2,50905,167.6,3,高风险,True,False,True,True,0,Not Listed,Not Listed,7.7e-05,1.1e-05,0.000143,1.3e-05,0.000119,1.6e-05,9.5e-05,7,2,1,109.1,0.1,0.910991,0.91096,0.908486,0.913434,0.908893,0.913045,0.90936,0.912596,23,1389.1,0.911009,0.0472,0.2365,0.874607,3.8e-05,0.0,0.0,3.8e-05,0.0,0.379177,0.374962,0.383391,0.375636,0.382711,0.376414,0.381928,0.199076,30.51,180.0,48.58,48.42,48.74,48.44,48.71,48.47,48.68,0.965,A,0,0,0,0,0,0.0,0.0,61.86,3.86,54.29,69.43,高可信,A_确认影子,26.0,equasis_real
268256504,9240407.0,Princess Sofia,San Marino,Arnica Ship Management,2003.0,AFRAMAX TNKR,0000-00-00,Hyundai Heavy Ind Ulsan Shipyard,South Korea,2,26764,178.2,0,未命中,False,False,False,False,1,Grey,Not Listed,0.000408,0.000177,0.000639,0.000196,0.000578,0.00022,0.000514,12,9,6,229.8,0.2,0.864893,0.864841,0.860745,0.868936,0.861419,0.868294,0.862192,0.867549,659,364.6,0.864925,0.103255,0.2856,0.752116,7.2e-05,0.0,5.275646,7.2e-05,0.0,0.468689,0.462711,0.474668,0.46367,0.473706,0.464776,0.472597,0.207852,34.11,175.5,48.3,48.05,48.55,48.09,48.51,48.14,48.47,0.795,B,0,0,0,0,0,0.0,0.0,62.41,9.58,43.63,81.19,高可信,B_潜在影子,24.0,equasis_real
352898728,9240433.0,Sabaek,Panama,Sabaek General Trading,2003.0,AFRAMAX TNKR,0000-00-00,Hyundai Heavy Ind Ulsan Shipyard,South Korea,2,86377,180.6,0,未命中,False,False,False,False,0,White,High Performance,6.9e-05,1.8e-05,0.000119,2.1e-05,0.000103,2.5e-05,8.7e-05,7,4,0,43.3,0.1,0.865554,0.865538,0.863263,0.867813,0.863634,0.867452,0.86406,0.867036,650,283.8,0.865565,0.117097,0.0827,0.675977,2.2e-05,0.0,0.0,2.2e-05,0.0,0.433263,0.429959,0.436568,0.430489,0.436036,0.4311,0.435423,0.23982,36.08,169.75,47.62,47.48,47.75,47.5,47.73,47.53,47.71,1.0,A,0,0,0,0,0,0.0,0.0,42.45,2.14,38.26,46.64,高可信,D_正常,20.0,equasis_real
306761000,9231212.0,Xanthos Eos,Curacao,Merluza Group,2002.0,AFRAMAX TNKR,0000-00-00,Hyundai Samho Heavy Ind,South Korea,2,17393,180.7,3,高风险,True,False,True,True,0,Not Listed,Not Listed,0.00057,0.000233,0.000907,0.000259,0.000816,0.000293,0.000721,39,8,3,101.1,0.2,0.881332,0.881247,0.876441,0.886054,0.877238,0.885306,0.878152,0.884439,93,779.6,0.881382,0.082942,0.287,0.716179,0.00011,0.0,2.483102,0.00011,0.0,0.328234,0.321255,0.335212,0.322366,0.33408,0.323647,0.332777,0.223133,26.63,169.46,46.24,45.94,46.53,45.99,46.48,46.05,46.43,0.696,B,0,0,0,0,0,0.0,0.0,72.22,4.26,63.87,80.57,高可信,A_确认影子,32.0,equasis_real
750931000,9198094.0,Ala,Guyana,Bluespectrum Shipping,2000.0,AFRAMAX TNKR,0000-00-00,Samsung,South Korea,3,50376,180.6,1,低风险,True,False,False,False,0,Not Listed,Not Listed,0.000296,0.000151,0.000442,0.000164,0.000406,0.000181,0.000368,21,13,5,167.4,0.1,0.84046,0.837595,0.834375,0.840816,0.8349,0.840306,0.835504,0.839717,432,828.3,0.837638,0.068776,0.3374,0.527299,0.03003,0.0081,1.694349,3.8e-05,0.0,0.39757,0.393296,0.401844,0.393981,0.401155,0.39477,0.400361,0.240233,31.52,180.0,45.65,45.47,45.84,45.5,45.81,45.53,45.77,1.0,A,0,0,0,0,0,0.0,0.0,79.89,13.53,53.37,100.0,高可信,A_确认影子,42.0,equasis_real
610000033,9341067.0,DF Peak,Russia,Zheng Xin Marine,2006.0,AFRAMAX TNKR,0000-00-00,Hyundai Heavy Ind Ulsan Shipyard,South Korea,2,12245,180.6,3,高风险,True,False,True,True,1,Grey,Medium Performance,0.000565,0.000174,0.000956,0.000199,0.000839,0.000232,0.000719,7,5,1,120.0,0.4,0.971335,0.971187,0.968229,0.974146,0.968749,0.973714,0.969338,0.973206,13,3885.6,0.971415,0.002361,0.2076,0.853424,0.000157,0.0,0.87058,0.000157,0.0,0.086724,0.081741,0.091707,0.082504,0.090868,0.083391,0.089909,0.024494,11.61,152.12,45.46,45.26,45.65,45.29,45.62,45.32,45.58,0.638,B,0,0,0,0,0,0.0,0.0,76.58,1.46,73.72,79.44,高可信,A_确认影子,34.0,equasis_real
750013000,9232448.0,Halo 6,Guyana,Star Ocean Shipmanage,2002.0,LR2 TNKR,0000-00-00,Hyundai Heavy Ind Ulsan Shipyard,South Korea,2,251183,180.6,1,低风险,True,False,False,False,0,Not Listed,Not Listed,2.8e-05,9e-06,4.7e-05,1e-05,4.1e-05,1.1e-05,3.5e-05,7,5,2,917.1,0.0,0.97966,0.979653,0.979101,0.980205,0.979192,0.980118,0.979296,0.980018,73,879.8,0.979664,0.014467,0.3465,0.88696,8e-06,0.0,0.0,8e-06,0.0,0.039612,0.03885,0.040375,0.03897,0.04025,0.039109,0.040107,0.01848,3.32,180.0,44.88,44.85,44.91,44.85,44.9,44.86,44.9,1.0,A,0,0,0,0,0,0.0,0.0,52.61,4.42,43.95,61.27,高可信,A_确认影子,20.0,equasis_real
518998343,9263643.0,Frunze,Cook Islands,Undisclosed,2003.0,LR2 TNKR,0000-00-00,Sumitomo,Japan,2,5234,41.2,3,高风险,True,False,True,True,2,Grey,Low Performance,0.00094,0.000195,0.001684,0.000229,0.001434,0.000278,0.001182,5,3,0,57.2,0.2,0.891097,0.89081,0.882368,0.899251,0.88381,0.897979,0.885453,0.896495,10,278.9,0.891267,0.034159,0.318,0.815114,0.000367,0.0,0.0,0.000367,0.0,0.213595,0.202493,0.224696,0.204215,0.22285,0.206212,0.220737,0.142137,17.81,118.07,44.39,43.89,44.88,43.97,44.8,44.06,44.71,0.173,C,0,0,0,0,0,0.0,0.0,89.22,10.44,68.76,100.0,中可信,A_确认影子,39.0,equasis_real
352002704,9247390.0,Tyche I,Panama,Delnaz Ship Management,2003.0,AFRAMAX TNKR,0000-00-00,Sumitomo,Japan,2,8948,180.4,1,低风险,True,False,False,False,0,White,High Performance,0.000997,0.000379,0.001614,0.000424,0.001442,0.000484,0.001264,149,7,2,138.9,0.5,0.719155,0.719061,0.709751,0.728371,0.711274,0.726903,0.713025,0.725205,607,205.2,0.719235,0.28038,0.2012,0.942268,0.000215,0.0,0.0,0.000215,0.0,0.595107,0.584936,0.605278,0.586582,0.603656,0.588477,0.601784,0.374048,49.67,156.06,44.29,43.79,44.79,43.87,44.7,43.96,44.61,0.601,B,0,0,0,0,0,0.0,0.0,70.15,3.22,63.84,76.46,高可信,A_确认影子,37.0,equasis_real
620800046,9266853.0,New Power,Comoros,Uva Albilla Group,2004.0,AFRAMAX TNKR,0000-00-00,Tadotsu Tsuneishi,Japan,2,55907,109.5,3,高风险,True,False,True,True,3,Black,Low Performance,3.4e-05,0.0,6.9e-05,0.0,4.8e-05,0.0,2.9e-05,0,0,0,5.8,0.0,0.975048,0.975015,0.973722,0.976309,0.973939,0.97611,0.974188,0.97588,125,1391.4,0.975065,0.012161,0.1026,0.016873,3.4e-05,0.0,0.603272,3.4e-05,0.0,0.007314,0.006609,0.00802,0.006712,0.007896,0.006834,0.007756,0.002896,0.84,137.78,44.02,43.97,44.08,43.98,44.07,43.99,44.06,0.803,A,0,0,0,0,0,0.0,0.0,89.31,9.39,70.91,100.0,高可信,A_确认影子,25.0,equasis_real
775181000,9230098.0,Regina,Venezuela,Spine Denizcilik,2001.0,AFRAMAX TNKR,0000-00-00,Daewoo,South Korea,3,19809,45.9,1,低风险,True,False,False,False,0,Not Listed,Not Listed,0.000248,5.2e-05,0.000445,6.1e-05,0.000379,7.3e-05,0.000312,12,3,0,57.4,0.1,0.861931,0.861861,0.857057,0.866665,0.85785,0.865914,0.858759,0.865044,44,367.9,0.861975,0.137079,0.557,0.834437,9.7e-05,0.0,0.603272,9.7e-05,0.0,0.250894,0.244857,0.256931,0.245813,0.255947,0.246918,0.254815,0.139429,21.87,159.49,43.81,43.54,44.08,43.58,44.04,43.63,43.99,0.35,C,0,0,0,0,0,0.0,0.0,74.75,10.9,53.39,96.11,中可信,A_确认影子,30.0,equasis_real
273279360,9281011.0,Ekspander,Russia,Pyay Shipping,2004.0,AFRAMAX TNKR,0000-00-00,Daewoo,South Korea,2,51056,137.8,3,高风险,True,False,True,True,1,Grey,Medium Performance,0.000155,5.4e-05,0.000256,6.1e-05,0.000227,7e-05,0.000197,13,6,3,109.6,0.1,0.944336,0.944302,0.942313,0.946291,0.942643,0.945981,0.94302,0.945622,20,1262.5,0.944354,0.055384,0.0974,0.846576,3.8e-05,0.0,0.0,3.8e-05,0.0,0.053881,0.051922,0.055839,0.052227,0.055514,0.052581,0.055142,0.029652,4.37,173.4,43.58,43.47,43.68,43.49,43.66,43.51,43.64,0.882,A,0,0,0,0,0,0.0,0.0,85.31,7.49,70.63,99.99,高可信,A_确认影子,42.0,equasis_real
750057000,9258870.0,Uma,Guyana,Salina Ship Management Pvt Ltd,2003.0,AFRAMAX TNKR,0000-00-00,Samsung,South Korea,2,36187,111.3,1,低风险,True,False,False,False,0,Not Listed,Not Listed,5.3e-05,0.0,0.000106,0.0,7.5e-05,0.0,4.5e-05,1,0,0,14.1,0.1,0.752812,0.752785,0.74834,0.757229,0.749063,0.756523,0.749893,0.755707,167,352.8,0.752833,0.062334,0.3844,0.689915,0.062859,0.0,2.575339,0.000937,0.014078,0.48219,0.477041,0.487338,0.477868,0.48651,0.478821,0.485556,0.327271,38.19,180.0,43.52,43.28,43.76,43.32,43.72,43.37,43.68,0.715,B,0,0,0,0,0,0.0,0.0,76.81,8.17,60.8,92.82,高可信,A_确认影子,27.0,equasis_real
750062000,,,,,,,,,,0,36671,104.8,0,未命中,False,False,False,False,0,Unknown,Unknown,8e-05,5e-06,0.000154,6e-06,0.000122,8e-06,9.1e-05,1,1,0,24.2,0.1,0.82752,0.815434,0.811464,0.819405,0.812112,0.818776,0.812856,0.81805,19,1350.8,0.81549,0.005288,0.4501,0.750367,0.046433,0.0769,3.06779,5.2e-05,0.0,0.326715,0.321915,0.331516,0.322681,0.330739,0.323565,0.329845,0.211992,27.26,161.37,43.23,43.01,43.45,43.05,43.41,43.09,43.37,0.703,B,0,0,0,0,0,0.0,0.0,53.04,3.6,45.98,60.1,高可信,B_潜在影子,39.0,simulated_noisy
314001114,9213313.0,Albedo,Barbados,Upgard Management Services,2001.0,AFRAMAX TNKR,0000-00-00,Hyundai Heavy Ind Ulsan Shipyard,South Korea,3,60111,166.6,1,低风险,False,False,True,False,1,White,Medium Performance,0.000182,7.9e-05,0.000285,8.7e-05,0.000257,9.8e-05,0.000229,42,9,2,114.4,0.1,0.92637,0.926342,0.924254,0.92843,0.924598,0.928103,0.924992,0.927724,106,679.1,0.926385,0.049521,0.7394,0.458557,3.2e-05,0.0,2.097962,3.2e-05,0.0,0.064646,0.06268,0.066612,0.062988,0.066287,0.063344,0.065916,0.028912,5.68,152.38,42.98,42.88,43.09,42.9,43.07,42.91,43.05,0.962,A,0,0,0,0,0,0.0,0.0,89.36,9.26,71.21,100.0,高可信,A_确认影子,41.0,equasis_real
273278070,9274616.0,Apeks,Russia,Undisclosed,2004.0,AFRAMAX TNKR,0000-00-00,Samsung,South Korea,2,142338,101.7,1,低风险,True,False,False,False,1,Grey,Medium Performance,6.3e-05,2.4e-05,0.000102,2.7e-05,9.1e-05,3e-05,7.9e-05,11,7,3,123.8,0.0,0.95392,0.949776,0.948642,0.950911,0.948828,0.950732,0.949041,0.950525,52,1323.0,0.949795,0.030539,0.3941,0.576218,0.009779,0.1192,1.869488,1.3e-05,0.0,0.00555,0.005164,0.005935,0.005222,0.005869,0.00529,0.005794,0.002002,0.56,127.99,42.85,42.81,42.9,42.82,42.89,42.82,42.88,0.782,B,0,0,0,0,0,0.0,0.0,84.45,5.83,73.02,95.88,高可信,A_确认影子,37.0,equasis_real
570314000,,,,,,,,,,0,56553,159.6,0,未命中,False,False,False,False,0,Unknown,Unknown,5.2e-05,3e-06,0.0001,4e-06,7.9e-05,5e-06,5.9e-05,1,1,1,158.4,0.1,0.855534,0.85551,0.852612,0.858407,0.853085,0.857949,0.853628,0.857419,26,1036.0,0.855549,0.035503,0.3695,0.829444,3.4e-05,0.0,0.0,3.4e-05,0.0,0.19212,0.188873,0.195367,0.189388,0.194839,0.189984,0.194232,0.10086,14.9,164.49,42.34,42.19,42.5,42.21,42.47,42.24,42.44,0.942,A,0,0,0,0,0,0.0,0.0,22.53,13.66,0.0,49.3,高可信,D_正常,8.0,simulated_noisy
314679000,9422988.0,Volans,Barbados,Jetee,2009.0,AFRAMAX TNKR,0000-00-00,Hyundai Heavy Ind Ulsan Shipyard,South Korea,1,38564,171.9,2,中风险,True,False,False,True,1,White,Medium Performance,0.000335,0.000159,0.000511,0.000175,0.000466,0.000194,0.000419,16,11,5,101.0,0.1,0.850819,0.850784,0.847229,0.85434,0.84781,0.853779,0.848479,0.85313,115,326.9,0.850841,0.057766,0.3239,0.610503,5e-05,0.0,2.267094,5e-05,0.0,0.180763,0.176922,0.184604,0.17753,0.183977,0.178233,0.183257,0.112124,14.92,175.05,41.91,41.72,42.1,41.75,42.07,41.79,42.03,0.91,A,0,0,0,0,0,0.0,0.0,79.56,2.63,74.41,84.71,高可信,A_确认影子,30.0,equasis_real
655990000,9233208.0,Faas,Malawi,Faas Shipping,2002.0,AFRAMAX TNKR,0000-00-00,Hyundai Samho Heavy Ind,South Korea,2,10557,180.6,1,低风险,True,False,False,False,0,Not Listed,Not Listed,0.002549,0.001605,0.003494,0.001707,0.003284,0.001834,0.003057,82,25,1,105.1,0.4,0.90916,0.909011,0.903528,0.914494,0.904453,0.913657,0.90551,0.912682,3,3939.4,0.909246,0.001034,0.7943,0.820663,0.000182,0.0,0.671186,0.000182,0.0,0.00255,0.001605,0.003495,0.001708,0.003285,0.001835,0.003058,0.00075,0.26,102.79,41.02,40.82,41.23,40.85,41.2,40.89,41.16,0.619,B,0,0,0,0,0,0.0,0.0,72.79,6.68,59.7,85.88,高可信,A_确认影子,30.0,equasis_real
631010090,9250531.0,Rozmarine,Equatorial Guinea,Adel Ship Management,2004.0,LR2 TNKR,0000-00-00,Hyundai Heavy Ind Ulsan Shipyard,South Korea,2,26093,108.1,3,高风险,True,False,True,True,0,Not Listed,Not Listed,0.00015,2.1e-05,0.000279,2.5e-05,0.000232,3.2e-05,0.000184,8,2,1,194.7,0.1,0.753344,0.722383,0.71695,0.727816,0.717833,0.726953,0.718848,0.725956,320,108.4,0.722444,0.077171,0.5188,0.660617,0.063261,0.1144,2.577637,7.4e-05,0.0,0.419154,0.413167,0.425141,0.414126,0.424175,0.415231,0.423063,0.231631,32.14,167.15,40.89,40.61,41.18,40.65,41.13,40.71,41.08,0.593,B,0,0,0,0,0,0.0,0.0,68.29,2.35,63.68,72.9,高可信,A_确认影子,30.0,equasis_real
632001124,,,,,,,,,,0,14368,90.5,0,未命中,False,False,False,False,0,Unknown,Unknown,0.000134,0.0,0.000267,0.0,0.000188,0.0,0.000114,2,0,0,15.5,0.2,0.793082,0.730799,0.723547,0.73805,0.724731,0.736903,0.726091,0.735577,112,232.1,0.730911,0.14674,0.3635,0.768869,0.114037,1.1128,1.574466,0.000134,0.0,0.396018,0.388021,0.404015,0.389298,0.402722,0.390771,0.401233,0.266353,33.6,178.66,40.81,40.43,41.19,40.49,41.13,40.56,41.06,0.412,C,0,0,0,0,0,0.0,0.0,14.54,12.05,0.0,38.16,中可信,D_正常,8.0,simulated_noisy
650610000,,,,,,,,,,0,15618,87.5,0,未命中,False,False,False,False,0,Unknown,Unknown,0.000251,3.5e-05,0.000467,4.2e-05,0.000387,5.3e-05,0.000308,2,2,1,73.0,0.1,0.861954,0.783257,0.776796,0.789718,0.777855,0.7887,0.779071,0.787523,161,342.5,0.783377,0.054406,0.4087,0.719492,0.088397,0.9396,1.567786,0.000123,0.0,0.25195,0.245142,0.258759,0.246218,0.257647,0.247462,0.256369,0.134905,20.45,155.12,40.29,39.96,40.63,40.01,40.57,40.07,40.51,0.418,C,0,0,0,0,0,0.0,0.0,29.65,14.67,0.9,58.4,中可信,D_正常,34.0,simulated_noisy
620800030,9400980.0,Evali,Comoros,Undisclosed,2008.0,AFRAMAX TNKR,0000-00-00,Sumitomo,Japan,1,92194,180.7,3,高风险,True,False,True,True,3,Black,Low Performance,6.4e-05,1.7e-05,0.000112,1.9e-05,9.7e-05,2.3e-05,8.2e-05,5,4,0,69.9,0.0,0.749029,0.749019,0.74622,0.751818,0.746673,0.751371,0.747194,0.750855,236,516.6,0.749037,0.232543,0.2599,0.905913,2.1e-05,0.0,2.554232,2.1e-05,0.0,0.288381,0.285456,0.291305,0.285924,0.290832,0.286463,0.290288,0.137253,22.71,174.99,39.48,39.33,39.62,39.35,39.6,39.38,39.57,1.0,A,0,0,0,0,0,0.0,0.0,81.68,8.45,65.12,98.24,高可信,A_确认影子,26.0,equasis_real
419001990,9299680.0,Cangjie,India,Ozeevo Shipping IFSC,2005.0,AFRAMAX TNKR,0000-00-00,Hyundai Heavy Ind Ulsan Shipyard,South Korea,2,34797,180.6,3,高风险,True,False,True,True,1,Grey,Medium Performance,0.000199,6.1e-05,0.000336,7e-05,0.000295,8.2e-05,0.000253,7,5,2,81.6,0.1,0.762422,0.722049,0.717342,0.726756,0.718106,0.726007,0.718985,0.725142,86,524.9,0.722094,0.128357,0.3537,0.621578,0.071576,0.0535,1.922533,5.5e-05,0.0,0.345288,0.340292,0.350283,0.34109,0.349476,0.34201,0.348546,0.201826,27.08,179.52,39.4,39.16,39.65,39.2,39.61,39.24,39.56,0.891,A,0,0,0,0,0,0.0,0.0,83.02,5.45,72.34,93.7,高可信,A_确认影子,33.0,equasis_real
620999912,,,,,,,,,,0,6097,112.4,0,未命中,False,False,False,False,0,Unknown,Unknown,0.002282,0.001126,0.003438,0.00123,0.003149,0.001363,0.002843,39,12,3,113.0,0.4,0.67689,0.676779,0.665043,0.688515,0.666961,0.686662,0.669165,0.68452,161,758.4,0.677001,0.058504,0.5171,0.611822,0.049161,0.0,1.738313,0.000315,0.0,0.433818,0.421378,0.446259,0.423364,0.444248,0.425656,0.441933,0.220593,32.06,171.79,39.19,38.56,39.82,38.66,39.72,38.78,39.6,0.38,C,0,0,0,0,0,0.0,0.0,48.2,9.18,30.21,66.19,中可信,B_潜在影子,28.0,simulated_noisy
655081771,,,,,,,,,,0,23080,92.4,0,未命中,False,False,False,False,0,Unknown,Unknown,0.00017,2.4e-05,0.000316,2.9e-05,0.000262,3.6e-05,0.000208,2,2,1,112.9,0.1,0.668804,0.638322,0.632123,0.64452,0.633126,0.643531,0.634281,0.642389,23,370.4,0.638373,0.056183,0.5704,0.597995,0.101583,0.1429,2.327058,8.3e-05,0.0,0.522141,0.515696,0.528585,0.516733,0.52755,0.517927,0.526358,0.355112,42.3,167.69,39.17,38.85,39.49,38.9,39.44,38.96,39.38,0.516,B,0,0,0,0,0,0.0,0.0,27.18,6.91,13.64,40.72,高可信,D_正常,5.0,simulated_noisy
538012718,9243318.0,Tritonea,Marshall Islands,Zeythra Group,2003.0,LR2 TNKR,0000-00-00,Hyundai Samho Heavy Ind,South Korea,2,39650,36.3,0,未命中,False,False,False,False,0,White,High Performance,9.9e-05,1.4e-05,0.000184,1.7e-05,0.000152,2.1e-05,0.000121,5,2,0,57.1,0.0,0.843253,0.84322,0.839642,0.846799,0.840227,0.846233,0.840899,0.84558,415,39.3,0.843275,0.146995,0.3242,0.09841,4.8e-05,0.0,1.50776,4.8e-05,0.0,0.047312,0.045223,0.049401,0.045546,0.049053,0.045921,0.048654,0.012861,5.28,159.46,38.89,38.74,39.05,38.77,39.02,38.8,38.99,0.546,B,0,0,0,0,0,0.0,0.0,52.33,10.78,31.2,73.46,高可信,B_潜在影子,30.0,equasis_real
667002409,9183295.0,Neon,Sierra Leone,Zollo Shipping,1999.0,AFRAMAX TNKR,0000-00-00,Hyundai Heavy Ind Ulsan Shipyard,South Korea,3,52792,180.7,2,中风险,False,False,True,True,2,Grey,Low Performance,9.3e-05,1.9e-05,0.000167,2.3e-05,0.000142,2.8e-05,0.000117,5,3,1,263.8,0.1,0.698799,0.675942,0.67195,0.679934,0.672595,0.679296,0.673338,0.678561,233,588.2,0.675967,0.069133,0.4236,0.735847,0.059246,0.1551,4.963375,3.6e-05,0.0,0.415366,0.411162,0.419569,0.411836,0.418892,0.412613,0.418112,0.271821,33.27,180.0,38.73,38.52,38.93,38.55,38.9,38.59,38.86,1.0,A,0,0,0,0,0,0.0,0.0,88.61,10.64,67.76,100.0,高可信,A_确认影子,31.0,equasis_real
351075000,9422407.0,Pichincha,Panama,FLOPEC,2010.0,LR2 TNKR,0000-00-00,Hyundai Heavy Ind Ulsan Shipyard,South Korea,1,46808,180.7,0,未命中,False,False,False,False,0,White,High Performance,0.000191,7.2e-05,0.000309,8.1e-05,0.000276,9.3e-05,0.000242,30,7,1,117.6,0.1,0.703576,0.702662,0.698522,0.706803,0.699192,0.706143,0.699964,0.70538,150,276.7,0.702694,0.062162,0.6496,0.319837,0.003117,0.0233,2.575339,4.1e-05,0.0,0.346521,0.34221,0.350832,0.3429,0.350136,0.343694,0.349334,0.143692,25.01,167.54,38.56,38.34,38.77,38.38,38.73,38.42,38.69,1.0,A,0,0,0,0,0,0.0,0.0,27.21,10.1,7.41,47.01,高可信,D_正常,11.0,equasis_real
671554100,,,,,,,,,,0,12678,92.7,0,未命中,False,False,False,False,0,Unknown,Unknown,0.00023,1.4e-05,0.000447,1.8e-05,0.000354,2.4e-05,0.000264,4,1,0,35.3,0.2,0.68607,0.627978,0.619566,0.636391,0.620929,0.63505,0.622498,0.633503,196,218.9,0.628067,0.128603,0.7878,0.577446,0.061657,0.116,1.260032,0.000151,0.0,0.509071,0.500369,0.517773,0.501768,0.516376,0.50338,0.514765,0.31937,41.43,180.0,38.45,38.02,38.88,38.08,38.81,38.16,38.73,0.399,C,0,0,0,0,0,0.0,0.0,34.34,0.34,33.67,35.01,中可信,D_正常,19.0,simulated_noisy
374430000,9247821.0,Balsa,Panama,Akron Trade and Transport,2002.0,AFRAMAX TNKR,0000-00-00,Tadotsu Tsuneishi,Japan,2,10183,180.5,0,未命中,False,False,False,False,0,White,High Performance,0.002447,0.001506,0.003387,0.001606,0.003176,0.001731,0.002948,69,23,5,343.0,0.4,0.71148,0.7114,0.702601,0.720199,0.704039,0.718809,0.70569,0.717201,543,175.7,0.71155,0.111803,0.414,0.643992,0.000189,0.0,2.494483,0.000189,0.0,0.312479,0.303476,0.321481,0.304902,0.320014,0.306549,0.318327,0.15054,24.53,164.92,38.33,37.86,38.79,37.93,38.72,38.02,38.63,0.615,B,0,0,0,0,0,0.0,0.0,67.92,1.51,64.96,70.88,高可信,B_潜在影子,28.0,equasis_real
655280000,9237228.0,Shanghai,Malawi,Undisclosed,2002.0,AFRAMAX TNKR,0000-00-00,Sumitomo,Japan,2,7136,51.9,3,高风险,True,False,True,True,0,Not Listed,Not Listed,0.000549,7.7e-05,0.001022,9.3e-05,0.000847,0.000117,0.000674,6,2,2,423.6,0.2,0.71847,0.718352,0.707919,0.728785,0.70963,0.727144,0.711595,0.725244,127,82.2,0.71857,0.211898,0.5266,0.248339,0.000269,0.0,0.603272,0.000269,0.0,0.283207,0.272754,0.29366,0.274399,0.291946,0.276302,0.289978,0.110277,21.24,156.19,38.01,37.47,38.54,37.56,38.45,37.66,38.35,0.224,C,0,0,0,0,0,0.0,0.0,61.77,1.91,58.03,65.51,中可信,A_确认影子,40.0,equasis_real
620800007,9194139.0,Divit,Comoros,Undisclosed,1999.0,AFRAMAX TNKR,0000-00-00,Daewoo,South Korea,3,111019,166.2,1,低风险,True,False,False,False,3,Black,Low Performance,9.8e-05,4.3e-05,0.000154,4.7e-05,0.000139,5.3e-05,0.000124,13,9,2,99.6,0.0,0.806862,0.796304,0.793935,0.798673,0.794319,0.798295,0.79476,0.797859,418,903.1,0.796321,0.033524,0.4346,0.418669,0.025679,0.0337,2.003502,1.7e-05,0.0,0.108278,0.10645,0.110106,0.10674,0.109808,0.107075,0.109466,0.047424,8.54,173.77,38.0,37.89,38.11,37.91,38.09,37.93,38.07,0.961,A,0,0,0,0,0,0.0,0.0,89.49,10.19,69.52,100.0,高可信,A_确认影子,26.0,equasis_real
374867000,9180126.0,Everest,Panama,Everest Marine Group LTD,1998.0,LR2 TNKR,0000-00-00,Daewoo,South Korea,3,14423,180.6,0,未命中,False,False,False,False,0,White,High Performance,0.000341,7.1e-05,0.000611,8.3e-05,0.00052,0.000101,0.000429,5,3,0,70.4,0.3,0.81065,0.810567,0.804173,0.816961,0.805225,0.815958,0.806432,0.814796,19,1358.2,0.810706,0.159766,0.1958,0.187572,0.000133,0.0,0.603272,0.000133,0.0,0.06295,0.058988,0.066912,0.059591,0.066241,0.060293,0.065475,0.032998,5.08,142.49,37.75,37.47,38.02,37.51,37.98,37.56,37.92,0.662,B,0,0,0,0,0,0.0,0.0,40.78,3.09,34.72,46.84,高可信,D_正常,19.0,equasis_real
632001158,9282493.0,Asteri,Guinea,Algae Ship Charter - FZCO,2005.0,AFRAMAX TNKR,0000-00-00,Samsung,South Korea,2,12754,79.4,2,中风险,False,False,True,True,0,Not Listed,Not Listed,0.000307,4.3e-05,0.000572,5.2e-05,0.000474,6.5e-05,0.000377,2,2,1,75.8,0.1,0.743139,0.691255,0.683239,0.699271,0.684544,0.698,0.686044,0.696532,52,628.5,0.691367,0.088724,0.5209,0.258788,0.065522,0.0576,2.125752,0.000151,0.0,0.320838,0.312737,0.32894,0.314023,0.327622,0.315508,0.326107,0.161592,24.03,162.42,37.53,37.12,37.94,37.19,37.87,37.26,37.8,0.363,C,0,0,0,0,0,0.0,0.0,63.18,0.34,62.51,63.85,中可信,A_确认影子,32.0,equasis_real
403101001,9290294.0,Al Habibah,Saudi Arabia,Bihar International,2004.0,AFRAMAX TNKR,0000-00-00,Hyundai Heavy Ind Ulsan Shipyard,South Korea,2,56672,180.5,0,未命中,False,False,False,False,0,White,High Performance,0.000104,2.7e-05,0.000181,3.2e-05,0.000157,3.8e-05,0.000133,28,4,0,57.2,0.1,0.718397,0.578093,0.574027,0.582159,0.574682,0.581507,0.575437,0.580756,3840,353.7,0.578109,0.177676,0.4838,0.486327,0.186992,0.0885,1.565887,3.4e-05,0.0,0.570335,0.566259,0.57441,0.566915,0.573757,0.567672,0.573003,0.303589,41.6,180.0,37.42,37.22,37.63,37.25,37.6,37.29,37.56,1.0,A,0,0,0,0,0,0.0,0.0,28.91,9.73,9.84,47.98,高可信,D_正常,23.0,equasis_real
613411510,,,,,,,,,,0,57525,180.7,0,未命中,False,False,False,False,0,Unknown,Unknown,0.000155,5.9e-05,0.000251,6.6e-05,0.000224,7.5e-05,0.000197,13,7,0,70.0,0.1,0.716245,0.700013,0.696268,0.703757,0.696874,0.70316,0.697571,0.70247,995,642.0,0.700038,0.176658,0.4729,0.5,0.027307,0.0878,4.175805,3.3e-05,0.0,0.292603,0.288885,0.296321,0.289478,0.295719,0.290163,0.295027,0.149152,23.09,180.0,37.36,37.17,37.55,37.2,37.52,37.23,37.48,1.0,A,0,0,0,0,0,0.0,0.0,15.38,14.29,0.0,43.39,高可信,D_正常,5.0,simulated_noisy
650000122,9237412.0,Altaris Wolf,Mozambique,Undisclosed,2004.0,AFRAMAX TNKR,0000-00-00,Samsung,South Korea,2,18617,101.8,3,高风险,True,False,True,True,0,Not Listed,Not Listed,0.000157,9e-06,0.000304,1.2e-05,0.000241,1.6e-05,0.00018,1,1,1,353.4,0.1,0.774239,0.774182,0.768177,0.780187,0.769158,0.779239,0.770286,0.778143,119,721.5,0.77428,0.153211,0.3204,0.419217,0.000103,0.0,2.114153,0.000103,0.0,0.078688,0.074821,0.082555,0.075417,0.081907,0.076109,0.081167,0.032547,7.37,172.17,36.42,36.16,36.68,36.2,36.64,36.25,36.59,0.491,C,0,0,0,0,0,0.0,0.0,52.45,11.93,29.07,75.83,中可信,A_确认影子,32.0,equasis_real
632001123,,,,,,,,,,0,15828,90.3,0,未命中,False,False,False,False,0,Unknown,Unknown,0.000185,1.1e-05,0.000358,1.4e-05,0.000283,1.9e-05,0.000211,15,1,0,24.0,0.1,0.621367,0.600683,0.593054,0.608312,0.594287,0.607094,0.595707,0.605687,222,206.6,0.600746,0.191445,0.6292,0.659844,0.03423,0.2824,2.393748,0.000121,0.0,0.451731,0.443977,0.459484,0.44522,0.458235,0.446652,0.456796,0.295297,37.29,162.03,36.07,35.68,36.46,35.74,36.4,35.82,36.32,0.428,C,0,0,0,0,0,0.0,0.0,15.97,9.29,0.0,34.18,中可信,D_正常,5.0,simulated_noisy
657983350,9152832.0,NY Maria,Nigeria,Anew Lantic Management,1997.0,LR2 TNKR,0000-00-00,Namura,Japan,3,20384,87.3,0,未命中,False,False,False,False,0,Not Listed,Not Listed,0.000241,5e-05,0.000433,5.9e-05,0.000368,7.1e-05,0.000304,53,3,1,129.2,0.1,0.70207,0.702032,0.695754,0.70831,0.696774,0.707313,0.697947,0.706161,74,416.8,0.702105,0.168528,0.6561,0.682146,9.4e-05,0.0,2.412875,9.4e-05,0.0,0.208298,0.202724,0.213873,0.203603,0.212961,0.204621,0.211913,0.100124,18.22,137.57,35.76,35.46,36.07,35.51,36.02,35.56,35.96,0.471,C,0,0,0,0,0,0.0,0.0,52.74,10.74,31.69,73.79,中可信,B_潜在影子,21.0,equasis_real
525119136,9289489.0,Alpha Point,Indonesia,Waruna Nusa Sentana,2005.0,AFRAMAX TNKR,0000-00-00,Daewoo,South Korea,2,11952,177.6,0,未命中,False,False,False,False,0,Not Listed,High Performance,0.001081,0.000514,0.001648,0.000563,0.001503,0.000627,0.001351,67,11,3,264.9,0.4,0.691181,0.69112,0.682838,0.699402,0.684187,0.698089,0.685738,0.696573,85,943.1,0.691239,0.053942,0.5223,0.478239,0.006016,0.0,2.34961,0.000161,0.0,0.227573,0.220057,0.23509,0.221239,0.233856,0.222607,0.23244,0.115791,18.56,167.44,35.68,35.27,36.09,35.33,36.03,35.41,35.95,0.627,B,0,0,0,0,0,0.0,0.0,66.25,1.89,62.55,69.95,高可信,B_潜在影子,25.0,equasis_real
641000041,,,,,,,,,,0,19858,61.2,0,未命中,False,False,False,False,0,Unknown,Unknown,0.000147,9e-06,0.000285,1.1e-05,0.000226,1.5e-05,0.000168,1,1,0,24.2,0.1,0.661597,0.632767,0.626063,0.639471,0.627148,0.638401,0.628397,0.637167,1343,230.0,0.632825,0.153657,0.4457,0.307223,0.035542,0.0728,4.519528,9.7e-05,0.0,0.340919,0.334326,0.347512,0.335377,0.346444,0.336589,0.345214,0.147797,26.35,164.66,35.3,34.96,35.63,35.01,35.58,35.08,35.52,0.393,C,0,0,0,0,0,0.0,0.0,16.57,14.76,0.0,45.5,中可信,D_正常,15.0,simulated_noisy
632001132,,,,,,,,,,0,21691,95.6,0,未命中,False,False,False,False,0,Unknown,Unknown,0.000181,2.5e-05,0.000336,3.1e-05,0.000279,3.8e-05,0.000222,2,2,1,290.7,0.1,0.629385,0.565569,0.558973,0.572165,0.560036,0.571108,0.561261,0.56989,24,415.9,0.565606,0.051114,0.505,0.482727,0.082827,0.1594,1.888564,8.9e-05,0.0,0.482873,0.476223,0.489523,0.477291,0.488454,0.478521,0.487221,0.305425,38.3,180.0,35.11,34.78,35.45,34.83,35.39,34.89,35.33,0.509,B,0,0,0,0,0,0.0,0.0,23.13,10.4,2.75,43.51,高可信,D_正常,2.0,simulated_noisy
461000286,9310525.0,Qendil,Oman,Qendil Marina,2006.0,AFRAMAX TNKR,0000-00-00,Sanoyas,Japan,2,29671,180.7,2,中风险,False,False,True,True,0,Not Listed,Not Listed,0.0002,5.2e-05,0.000347,6.1e-05,0.0003,7.2e-05,0.000253,20,4,0,57.1,0.1,0.86229,0.707701,0.702526,0.712876,0.703366,0.712052,0.704332,0.711101,379,878.2,0.707752,0.137656,0.4744,0.923022,0.16876,0.9438,0.0,6.5e-05,0.0,0.146168,0.142148,0.150187,0.142781,0.149528,0.143512,0.148771,0.090423,12.21,161.78,34.78,34.54,35.01,34.57,34.98,34.62,34.93,0.834,A,0,0,0,0,0,0.0,0.0,51.46,5.6,40.48,62.44,高可信,A_确认影子,45.0,equasis_real
750416000,,,,,,,,,,0,28327,180.7,0,未命中,False,False,False,False,0,Unknown,Unknown,0.000244,7.5e-05,0.000413,8.6e-05,0.000363,0.0001,0.000311,20,5,2,108.0,0.2,0.694179,0.694152,0.688787,0.699518,0.689657,0.698663,0.690658,0.697677,90,487.2,0.694203,0.111431,0.5088,0.69558,6.8e-05,0.0,3.030837,6.8e-05,0.0,0.169165,0.1648,0.173531,0.165488,0.172816,0.166284,0.171995,0.099549,14.23,164.31,34.63,34.37,34.88,34.41,34.84,34.46,34.79,0.819,A,0,0,0,0,0,0.0,0.0,17.95,13.91,0.0,45.21,高可信,D_正常,2.0,simulated_noisy
620800047,9417464.0,Tani,Comoros,Undisclosed,2009.0,LR2 TNKR,0000-00-00,Hyundai Heavy Ind Ulsan Shipyard,South Korea,1,11617,45.9,3,高风险,True,False,True,True,3,Black,Low Performance,0.000423,8.8e-05,0.000759,0.000103,0.000646,0.000125,0.000533,7,3,0,57.4,0.1,0.696393,0.630412,0.621636,0.639188,0.623059,0.637791,0.624696,0.636178,160,82.2,0.63051,0.111087,0.5393,0.290977,0.108333,0.3692,1.747723,0.000165,0.0,0.310405,0.301991,0.318818,0.303325,0.317447,0.304865,0.315872,0.145472,23.96,180.0,34.59,34.15,35.03,34.22,34.96,34.3,34.87,0.258,C,0,0,0,0,0,0.0,0.0,80.89,17.45,46.69,100.0,中可信,A_确认影子,35.0,equasis_real
679881009,9299719.0,Otla,Zimbabwe,Ying Da Marine,2005.0,AFRAMAX TNKR,0000-00-00,Hyundai Heavy Ind Ulsan Shipyard,South Korea,2,54920,180.6,3,高风险,True,False,True,True,0,Not Listed,Not Listed,0.000144,5e-05,0.000238,5.6e-05,0.000211,6.5e-05,0.000183,9,6,1,81.3,0.1,0.658922,0.658911,0.654946,0.662876,0.655587,0.662242,0.656324,0.661511,290,522.4,0.658934,0.051215,0.5339,0.528762,3.5e-05,0.0,2.483102,3.5e-05,0.0,0.191733,0.18844,0.195025,0.188963,0.194489,0.189567,0.193874,0.116222,16.34,157.35,33.49,33.3,33.68,33.33,33.65,33.37,33.61,1.0,A,0,0,0,0,0,0.0,0.0,73.08,9.62,54.22,91.94,高可信,A_确认影子,33.0,equasis_real
525119203,9308948.0,SC Majestic LXII,Indonesia,Soechi Lines,2005.0,LR2 TNKR,0000-00-00,Dalian New Yard,China,2,32444,180.7,0,未命中,False,False,False,False,0,Not Listed,High Performance,0.000213,6.6e-05,0.000361,7.5e-05,0.000317,8.8e-05,0.000271,18,5,0,57.4,0.1,0.597275,0.574982,0.569603,0.580361,0.57047,0.579499,0.571469,0.578505,131,321.7,0.575008,0.042096,0.4449,0.320285,0.093378,0.095,8.134365,5.9e-05,0.0,0.368326,0.363078,0.373575,0.363916,0.372727,0.364884,0.371751,0.202378,29.09,171.99,33.25,32.98,33.52,33.02,33.47,33.07,33.42,0.865,A,0,0,0,0,0,0.0,0.0,50.28,13.15,24.51,76.05,高可信,B_潜在影子,25.0,equasis_real
679881013,9238052.0,Freya,Zimbabwe,Hong Kong Rong Da Shipping,2002.0,AFRAMAX TNKR,0000-00-00,Daewoo,South Korea,2,7727,62.3,2,中风险,True,False,False,True,0,Not Listed,Not Listed,0.000637,0.000132,0.001141,0.000155,0.000971,0.000188,0.000801,13,3,1,116.9,0.2,0.592209,0.585049,0.574066,0.596032,0.575843,0.59428,0.577888,0.592258,20,424.6,0.585167,0.122615,0.5854,0.771196,0.020557,0.1544,0.842372,0.000248,0.0,0.322372,0.311951,0.332794,0.313599,0.331093,0.315505,0.329139,0.161634,24.69,146.64,32.79,32.24,33.34,32.33,33.25,32.43,33.15,0.26,C,0,0,0,0,0,0.0,0.0,60.12,4.06,52.16,68.08,中可信,A_确认影子,24.0,equasis_real
570292000,,,,,,,,,,0,13728,68.3,0,未命中,False,False,False,False,0,Unknown,Unknown,0.000286,4e-05,0.000531,4.8e-05,0.00044,6.1e-05,0.000351,3,2,0,58.1,0.1,0.635344,0.581417,0.573165,0.589668,0.574498,0.588349,0.576032,0.586827,19,198.3,0.581482,0.068521,0.6182,0.408246,0.056651,0.0757,1.77525,0.00014,0.0,0.320147,0.312342,0.327951,0.313581,0.326682,0.315013,0.325223,0.206873,26.87,144.53,32.57,32.17,32.98,32.23,32.92,32.3,32.84,0.344,C,0,0,0,0,0,0.0,0.0,24.94,9.88,5.58,44.3,中可信,D_正常,4.0,simulated_noisy
650000177,9273052.0,Soufia 1,Mozambique,Leora Shipping,2003.0,AFRAMAX TNKR,0000-00-00,Namura,Japan,2,49104,180.7,3,高风险,True,False,True,True,0,Not Listed,Not Listed,0.000141,4.3e-05,0.000238,5e-05,0.000209,5.8e-05,0.000179,10,5,2,154.2,0.1,0.664447,0.654456,0.65025,0.658662,0.650929,0.65799,0.651712,0.657214,282,1405.8,0.654481,0.047364,0.4308,0.583892,0.04044,0.0345,2.424304,3.9e-05,0.0,0.153632,0.150443,0.156821,0.150947,0.156301,0.15153,0.155703,0.079972,12.7,148.71,32.53,32.33,32.72,32.37,32.69,32.4,32.65,1.0,A,0,0,0,0,0,0.0,0.0,73.82,10.15,53.93,93.71,高可信,A_确认影子,48.0,equasis_real
306103000,9247780.0,Tawanna,Curacao,Undisclosed,2003.0,AFRAMAX TNKR,0000-00-00,Tsuneishi Zosen,Japan,2,60666,180.7,3,高风险,True,False,True,True,0,Not Listed,Not Listed,0.000114,3.5e-05,0.000193,4e-05,0.000169,4.7e-05,0.000145,7,5,1,78.4,0.1,0.633172,0.633114,0.629279,0.636949,0.629898,0.636335,0.63061,0.635627,1165,182.7,0.633133,0.157771,0.3871,0.421278,0.031909,0.0,1.691282,4.8e-05,0.000517,0.199782,0.1966,0.202963,0.197106,0.202446,0.19769,0.201852,0.108692,16.45,166.63,32.49,32.31,32.67,32.34,32.64,32.37,32.61,1.0,A,0,0,0,0,0,0.0,0.0,60.72,3.39,54.08,67.36,高可信,A_确认影子,34.0,equasis_real
341386002,,,,,,,,,,0,47943,98.0,0,未命中,False,False,False,False,0,Unknown,Unknown,6.1e-05,4e-06,0.000118,5e-06,9.4e-05,6e-06,7e-05,4,1,0,27.7,0.0,0.780594,0.656934,0.652685,0.661184,0.653371,0.660504,0.654162,0.659721,105,1165.4,0.65696,0.108327,0.6312,0.529458,0.138235,0.2422,2.0303,4e-05,0.0,0.109525,0.106729,0.11232,0.107169,0.111861,0.107678,0.111335,0.052394,8.44,149.28,31.75,31.57,31.94,31.6,31.91,31.63,31.87,0.772,B,0,0,0,0,0,0.0,0.0,11.76,10.11,0.0,31.58,高可信,D_正常,2.0,simulated_noisy
679881010,9350654.0,Ruby Cross,Zimbabwe,Undisclosed,2007.0,AFRAMAX TNKR,0000-00-00,Dalian Shipbuilding Industry Corp,China,1,30819,90.5,3,高风险,True,False,True,True,0,Not Listed,Not Listed,0.000192,5e-05,0.000334,5.8e-05,0.000289,6.9e-05,0.000244,7,4,1,77.3,0.1,0.59843,0.598417,0.592944,0.60389,0.593828,0.603014,0.594845,0.602004,40,200.8,0.598449,0.198389,0.4323,0.736676,6.2e-05,0.0,0.0,6.2e-05,0.0,0.220577,0.215948,0.225206,0.216681,0.224452,0.217529,0.223585,0.120411,17.75,155.05,31.35,31.09,31.61,31.13,31.56,31.17,31.51,0.597,B,0,0,0,0,0,0.0,0.0,49.93,8.73,32.82,67.04,高可信,A_确认影子,30.0,equasis_real
613277612,9323974.0,Marble,Cameroon,DNA Tankers,2006.0,LR2 TNKR,0000-00-00,Sumitomo,Japan,2,13185,148.3,2,中风险,False,False,True,True,3,Black,Low Performance,0.000297,4.2e-05,0.000553,5e-05,0.000458,6.3e-05,0.000365,43,2,1,284.4,0.3,0.575654,0.575632,0.567197,0.584067,0.568559,0.582718,0.570127,0.581162,65,357.4,0.575698,0.413753,0.4394,0.702355,0.000146,0.0,1.527116,0.000146,0.0,0.252253,0.24484,0.259666,0.24601,0.258454,0.247363,0.257061,0.137728,20.63,172.69,30.96,30.55,31.36,30.61,31.3,30.69,31.22,0.559,B,0,0,0,0,0,0.0,0.0,87.46,10.48,66.92,100.0,高可信,A_确认影子,42.0,equasis_real
273264590,9301392.0,Kapitan Kostichev,Russia,Sovcomflot,2005.0,AFRAMAX SHUTTLE TNKR,0000-00-00,Hyundai Heavy Ind Ulsan Shipyard,South Korea,2,9249,175.1,3,高风险,True,False,True,True,1,Grey,Medium Performance,0.001613,0.000822,0.002404,0.000894,0.002209,0.000987,0.002002,24,13,6,117.1,0.5,0.610552,0.610507,0.600571,0.620443,0.602181,0.61886,0.604033,0.617033,243,232.3,0.610619,0.175397,0.5033,0.077487,0.000208,0.0,2.345514,0.000208,0.0,0.171689,0.164004,0.179373,0.165199,0.178098,0.166584,0.176637,0.078488,16.12,148.4,30.95,30.48,31.42,30.55,31.34,30.64,31.25,0.589,B,0,0,0,0,0,0.0,0.0,84.38,4.76,75.05,93.71,高可信,A_确认影子,33.0,equasis_real
613471902,,,,,,,,,,0,26415,119.8,0,未命中,False,False,False,False,0,Unknown,Unknown,0.000111,7e-06,0.000214,8e-06,0.00017,1.1e-05,0.000127,2,1,1,482.5,0.1,0.751353,0.604906,0.599011,0.610801,0.599963,0.609858,0.601059,0.608771,22,428.1,0.604944,0.103294,0.526,0.688962,0.174645,0.276,1.45007,7.3e-05,0.0,0.182811,0.17815,0.187472,0.178885,0.186709,0.179736,0.185833,0.084041,15.72,162.71,30.88,30.61,31.15,30.65,31.11,30.7,31.06,0.629,B,0,0,0,0,0,0.0,0.0,13.18,8.12,0.0,29.1,高可信,D_正常,16.0,simulated_noisy
273259230,9270529.0,Krymsk,Russia,Novoship,2003.0,AFRAMAX TNKR,0000-00-00,Hyundai Heavy Ind Ulsan Shipyard,South Korea,2,35970,180.7,3,高风险,True,False,True,True,1,Grey,Medium Performance,0.000415,0.000211,0.000618,0.00023,0.000568,0.000254,0.000515,18,13,2,112.3,0.1,0.62883,0.628816,0.623823,0.633808,0.62463,0.63301,0.625558,0.632089,494,235.7,0.628847,0.150413,0.5238,0.235047,0.037525,0.0,2.094502,5.3e-05,0.0,0.107699,0.104496,0.110903,0.104998,0.110375,0.10558,0.10977,0.050151,9.66,165.89,30.46,30.24,30.68,30.28,30.64,30.32,30.6,0.904,A,0,0,0,0,0,0.0,0.0,80.94,1.85,77.31,84.57,高可信,A_确认影子,28.0,equasis_real
273275850,9301419.0,Yuri Senkevich,Russia,Sovcomflot,2005.0,AFRAMAX SHUTTLE TNKR,0000-00-00,Hyundai Heavy Ind Ulsan Shipyard,South Korea,2,11601,180.6,3,高风险,True,False,True,True,1,Grey,Medium Performance,0.001113,0.00053,0.001697,0.00058,0.001549,0.000646,0.001392,30,11,6,92.1,0.4,0.569347,0.569325,0.560315,0.578334,0.56177,0.576893,0.563444,0.575231,194,221.6,0.569397,0.134247,0.623,0.237551,0.000166,0.0,3.738715,0.000166,0.0,0.239803,0.232034,0.247573,0.233257,0.246299,0.234672,0.244836,0.126622,19.55,160.69,30.44,30.0,30.88,30.07,30.81,30.15,30.73,0.63,B,0,0,0,0,0,0.0,0.0,86.63,7.13,72.66,100.0,高可信,A_确认影子,35.0,equasis_real
423530100,9420617.0,Zangazur,Azerbaijan,SA Maritime AFEZCO,2010.0,AFRAMAX TNKR,0000-00-00,Tadotsu Tsuneishi,Japan,1,38662,180.5,0,未命中,False,False,False,False,0,Not Listed,Not Listed,0.000127,2.6e-05,0.000228,3.1e-05,0.000194,3.8e-05,0.00016,5,3,0,57.1,0.1,0.594537,0.554958,0.550004,0.559912,0.550802,0.559117,0.551721,0.558201,550,272.3,0.554978,0.383825,0.3504,0.549494,0.067965,0.2668,2.255618,5e-05,0.0,0.272722,0.268282,0.277161,0.268989,0.276441,0.269805,0.275612,0.172002,23.88,174.23,30.43,30.19,30.67,30.23,30.63,30.27,30.59,0.935,A,0,0,0,0,0,0.0,0.0,16.54,13.07,0.0,42.16,高可信,D_正常,23.0,equasis_real
667001258,9283289.0,Jaskel,Sierra Leone,Blindarin Oceanforge,2005.0,LR2 TNKR,0000-00-00,Dalian New Yard,China,2,9002,166.7,2,中风险,False,False,True,True,2,Grey,Low Performance,0.001768,0.000927,0.002609,0.001006,0.002405,0.001106,0.002187,45,14,3,101.5,0.4,0.595645,0.498223,0.487897,0.50855,0.489556,0.506891,0.491468,0.504978,106,416.5,0.498278,0.109809,0.5884,0.33104,0.196308,0.0697,1.566759,0.000213,0.0,0.383024,0.372982,0.393066,0.37458,0.391438,0.376426,0.389565,0.214836,30.13,145.87,30.13,29.59,30.66,29.68,30.57,29.77,30.47,0.563,B,0,0,0,0,0,0.0,0.0,88.25,10.64,67.4,100.0,高可信,A_确认影子,34.0,equasis_real
632001101,,,,,,,,,,0,11229,66.3,0,未命中,False,False,False,False,0,Unknown,Unknown,0.000438,9.1e-05,0.000785,0.000107,0.000668,0.00013,0.000551,6,3,1,162.7,0.1,0.539941,0.539928,0.530711,0.549145,0.532195,0.547668,0.533906,0.545965,82,236.4,0.539989,0.458648,0.5106,0.578319,0.000171,0.0,0.0,0.000171,0.0,0.278294,0.270005,0.286583,0.271315,0.285229,0.272829,0.283673,0.157267,23.51,165.34,29.87,29.42,30.33,29.49,30.25,29.58,30.17,0.31,C,0,0,0,0,0,0.0,0.0,17.03,16.46,0.0,49.29,中可信,D_正常,2.0,simulated_noisy
613442815,9299707.0,Guanyin,Cameroon,Undisclosed,2005.0,AFRAMAX TNKR,0000-00-00,Hyundai Heavy Ind Ulsan Shipyard,South Korea,2,25675,27.5,3,高风险,True,False,True,True,3,Black,Low Performance,0.000153,2.1e-05,0.000284,2.6e-05,0.000235,3.2e-05,0.000187,5,2,0,57.1,0.0,0.682493,0.634761,0.628872,0.64065,0.629824,0.63971,0.63092,0.638624,230,43.0,0.634806,0.272128,0.5146,0.298938,0.071028,1.1446,1.837441,7.5e-05,0.0,0.060095,0.057188,0.063001,0.057636,0.062514,0.058156,0.061958,0.026365,6.03,160.17,29.77,29.53,30.01,29.57,29.97,29.61,29.92,0.365,C,0,0,0,0,0,0.0,0.0,77.01,14.77,48.06,100.0,中可信,A_确认影子,28.0,equasis_real
352001697,,,,,,,,,,0,201889,144.4,0,未命中,False,False,False,False,0,Unknown,Unknown,1.9e-05,3e-06,3.6e-05,3e-06,3e-05,4e-06,2.4e-05,5,2,0,63.1,0.0,0.642442,0.642439,0.640349,0.64453,0.640686,0.644195,0.641073,0.643808,5503,58.5,0.642445,0.348987,0.395,0.013081,1e-05,0.0,1.472834,1e-05,0.0,0.035519,0.034712,0.036326,0.034839,0.036194,0.034986,0.036042,0.008891,4.72,180.0,29.62,29.54,29.7,29.55,29.69,29.57,29.67,0.9,A,0,0,0,0,0,0.0,0.0,15.21,15.06,0.0,44.73,高可信,D_正常,2.0,simulated_noisy
419795000,9467768.0,Desh Suraksha,India,SCI,2011.0,AFRAMAX TNKR,0000-00-00,Hyundai Heavy Ind Ulsan Shipyard,South Korea,1,38673,180.1,0,未命中,False,False,False,False,1,Grey,Medium Performance,0.000489,0.000274,0.000704,0.000296,0.000653,0.000323,0.000599,67,17,5,211.8,0.1,0.75042,0.512579,0.507597,0.51756,0.508398,0.51676,0.509321,0.515838,516,301.1,0.512593,0.079736,0.5528,0.610856,0.260231,0.151,1.592376,5e-05,0.0,0.314741,0.310112,0.319369,0.310851,0.31862,0.311703,0.317758,0.128331,23.72,163.8,29.37,29.13,29.62,29.17,29.58,29.21,29.53,0.934,A,0,0,0,0,0,0.0,0.0,40.06,10.28,19.91,60.21,高可信,D_正常,12.0,equasis_real
525119077,9247974.0,Defiance,Indonesia,Waruna Nusa Sentana,2002.0,AFRAMAX TNKR,0000-00-00,Sumitomo,Japan,2,51844,180.1,0,未命中,False,False,False,False,0,Not Listed,High Performance,0.000384,0.00022,0.000549,0.000236,0.00051,0.000257,0.000469,34,18,1,139.1,0.1,0.676163,0.56413,0.559862,0.568398,0.560549,0.567714,0.561341,0.566925,175,156.1,0.564146,0.018533,0.4214,0.370468,0.278139,0.3103,2.36064,3.7e-05,0.0,0.188584,0.185217,0.191951,0.185751,0.191403,0.186368,0.190773,0.038672,11.74,167.23,29.17,28.97,29.37,29.0,29.33,29.04,29.3,0.999,A,0,0,0,0,0,0.0,0.0,23.31,3.53,16.39,30.23,高可信,D_正常,21.0,equasis_real
273273360,9410894.0,Aksel,Russia,Undisclosed,2009.0,LR2 TNKR,0000-00-00,New Times Shipbuilding,China,1,38285,169.2,2,中风险,True,False,False,True,1,Grey,Medium Performance,0.000311,0.000142,0.000481,0.000156,0.000437,0.000175,0.000391,15,10,7,467.9,0.1,0.652031,0.59999,0.595083,0.604897,0.595874,0.604111,0.596786,0.603205,402,434.6,0.600016,0.147325,0.5424,0.338381,0.091069,0.1126,2.717563,5e-05,0.0,0.103929,0.100873,0.106986,0.101352,0.106483,0.101907,0.105906,0.041215,8.87,164.52,29.09,28.87,29.3,28.91,29.26,28.95,29.22,0.899,A,0,0,0,0,0,0.0,0.0,65.31,10.84,44.06,86.56,高可信,A_确认影子,29.0,equasis_real
570297000,9392822.0,Lotus,Tonga,Santiago Ships Management,2008.0,AFRAMAX TNKR,0000-00-00,Sasebo,Japan,1,20994,57.3,3,高风险,True,False,True,True,0,Not Listed,Not Listed,9.1e-05,0.0,0.000183,0.0,0.000129,0.0,7.8e-05,0,0,0,9.5,0.1,0.674383,0.520764,0.514007,0.527521,0.515094,0.526436,0.516346,0.525186,62,266.8,0.520793,0.167013,0.4019,0.580852,0.173347,0.2776,0.0,9.1e-05,0.0,0.277125,0.271071,0.283179,0.272032,0.282195,0.273142,0.281062,0.17781,23.49,163.21,28.98,28.65,29.31,28.71,29.25,28.77,29.19,0.395,C,0,0,0,0,0,0.0,0.0,36.4,8.64,19.47,53.33,中可信,C_名单被动,25.0,equasis_real
632001090,,,,,,,,,,0,46603,160.1,0,未命中,False,False,False,False,0,Unknown,Unknown,0.000127,3.3e-05,0.000221,3.9e-05,0.000191,4.6e-05,0.000161,16,4,2,248.0,0.1,0.558612,0.557878,0.553369,0.562387,0.554095,0.561663,0.554931,0.56083,273,113.2,0.557895,0.262728,0.5263,0.375707,0.043897,0.0462,2.139975,4.1e-05,0.0,0.192476,0.188896,0.196055,0.189464,0.195472,0.19012,0.194803,0.100958,16.06,180.0,28.96,28.75,29.17,28.78,29.13,28.82,29.09,0.944,A,0,0,0,0,0,0.0,0.0,29.34,20.42,0.0,69.36,高可信,D_正常,32.0,simulated_noisy
314204000,9231468.0,Gold Tide,Barbados,Datang Shipping,2002.0,LR2 TNKR,0000-00-00,Dalian New Yard,China,2,73015,81.9,0,未命中,False,False,False,False,1,White,Medium Performance,0.000122,4.6e-05,0.000198,5.2e-05,0.000177,5.9e-05,0.000155,12,7,1,130.1,0.0,0.599534,0.591942,0.588377,0.595507,0.588952,0.594935,0.589613,0.594277,515,724.7,0.591955,0.111176,0.6799,0.292896,0.040098,0.0675,1.050863,2.6e-05,0.0,0.099527,0.097355,0.101698,0.097698,0.101343,0.098094,0.100935,0.019954,6.92,154.2,28.63,28.48,28.78,28.5,28.76,28.53,28.73,0.727,B,0,0,0,0,0,0.0,0.0,86.05,7.89,70.59,100.0,高可信,B_潜在影子,43.0,equasis_real
351206000,9422392.0,Zaruma,Panama,FLOPEC,2009.0,LR2 TNKR,0000-00-00,Hyundai Heavy Ind Ulsan Shipyard,South Korea,1,49509,180.7,0,未命中,False,False,False,False,0,White,High Performance,0.000221,9.6e-05,0.000345,0.000106,0.000312,0.000119,0.000278,13,9,2,84.6,0.1,0.531661,0.531658,0.527263,0.536054,0.52797,0.535348,0.528785,0.534535,75,397.4,0.531672,0.087107,0.4878,0.430972,0.004199,0.0,8.023975,3.9e-05,0.0,0.233431,0.229705,0.237158,0.230298,0.236553,0.230982,0.235857,0.110666,18.38,180.0,28.6,28.39,28.81,28.42,28.77,28.46,28.74,1.0,A,0,0,0,0,0,0.0,0.0,20.37,13.12,0.0,46.09,高可信,D_正常,12.0,equasis_real
636022406,9297345.0,Ursus Maritimus,Liberia,Solid Energy Solutions,2005.0,AFRAMAX TNKR,0000-00-00,Samsung,South Korea,2,65530,180.3,0,未命中,False,False,False,False,0,White,High Performance,0.000258,0.000139,0.000378,0.00015,0.000349,0.000165,0.000318,46,15,6,188.0,0.1,0.671143,0.559435,0.555634,0.563236,0.556246,0.562626,0.556951,0.561923,226,470.5,0.559447,0.206243,0.5715,0.453899,0.165806,0.7955,1.643922,0.000945,0.005523,0.159209,0.156407,0.16201,0.156852,0.161554,0.157365,0.16103,0.083869,15.37,179.79,28.37,28.19,28.54,28.22,28.51,28.25,28.48,1.0,A,0,0,0,0,0,0.0,0.0,20.12,6.93,6.54,33.7,高可信,D_正常,21.0,equasis_real
229618000,9294551.0,Hydra,Malta,Eastern Mediterranean Maritime,2004.0,AFRAMAX TNKR,0000-00-00,Sumitomo,Japan,2,41271,180.6,0,未命中,False,False,False,False,0,White,High Performance,0.000192,6.7e-05,0.000317,7.5e-05,0.000281,8.7e-05,0.000244,10,6,6,1653.5,0.1,0.552083,0.526542,0.521725,0.531359,0.522499,0.530585,0.523392,0.529694,2485,52.0,0.526557,0.274863,0.4847,0.361181,0.042833,0.3822,1.834689,4.7e-05,0.0,0.226429,0.222391,0.230467,0.223033,0.22981,0.223773,0.229056,0.095732,16.67,163.27,28.23,28.0,28.46,28.04,28.42,28.08,28.38,0.964,A,0,0,0,0,0,0.0,0.0,16.94,10.77,0.0,38.05,高可信,D_正常,16.0,equasis_real
306689000,,,,,,,,,,0,17463,76.7,0,未命中,False,False,False,False,0,Unknown,Unknown,0.00011,0.0,0.00022,0.0,0.000155,0.0,9.4e-05,2,0,0,23.7,0.1,0.526771,0.510105,0.502691,0.517518,0.503883,0.516328,0.505257,0.514956,30,371.0,0.510136,0.0324,0.499,0.506185,0.033659,0.0735,2.0303,0.00011,0.0,0.254994,0.24853,0.261458,0.249553,0.260404,0.250735,0.259192,0.148998,21.27,142.56,28.06,27.7,28.41,27.76,28.35,27.82,28.29,0.409,C,0,0,0,0,0,0.0,0.0,24.92,9.82,5.67,44.17,中可信,D_正常,8.0,simulated_noisy
620999909,9247986.0,Ava 10,Comoros,Deep Current Shipping,2003.0,AFRAMAX TNKR,0000-00-00,Sumitomo,Japan,2,27554,180.7,1,低风险,True,False,False,False,3,Black,Low Performance,0.000324,0.000123,0.000524,0.000138,0.000469,0.000157,0.000411,36,7,3,275.1,0.2,0.511432,0.511431,0.505529,0.517332,0.506478,0.516384,0.507571,0.515292,104,817.6,0.511451,0.254734,0.4692,0.710082,0.094598,0.0,2.180893,7e-05,0.0,0.236588,0.23157,0.241606,0.232366,0.240789,0.233285,0.23985,0.129162,18.67,167.53,27.75,27.47,28.04,27.52,27.99,27.57,27.94,0.81,A,0,0,0,0,0,0.0,0.0,87.92,10.7,66.95,100.0,高可信,A_确认影子,36.0,equasis_real
240447000,9298650.0,Amalthea,Greece,Minerva Marine,2006.0,LR2 TNKR,0000-00-00,Daewoo,South Korea,2,34984,168.5,0,未命中,False,False,False,False,0,White,High Performance,0.000284,0.000116,0.000451,0.000129,0.000406,0.000146,0.000358,43,8,1,166.2,0.1,0.535959,0.500572,0.495332,0.505811,0.496174,0.504969,0.497145,0.503999,70,899.0,0.500586,0.116067,0.628,0.215771,0.120468,0.1438,1.269574,0.001513,0.012105,0.259603,0.255009,0.264197,0.25574,0.263451,0.256583,0.262593,0.125827,20.69,161.46,27.73,27.47,27.98,27.51,27.94,27.56,27.89,0.86,A,0,0,0,0,0,0.0,0.0,34.04,4.97,24.3,43.78,高可信,D_正常,12.0,equasis_real
613003807,9131357.0,Orion,Cameroon,Undisclosed,1997.0,AFRAMAX SHUTTLE TNKR,0000-00-00,Ast La Naval,Spain,3,68283,180.7,1,低风险,False,False,False,True,3,Black,Low Performance,0.000101,3.1e-05,0.000171,3.6e-05,0.00015,4.2e-05,0.000129,7,5,2,231.6,0.1,0.496009,0.475435,0.471689,0.47918,0.47229,0.478578,0.472984,0.477884,208,689.0,0.47544,0.313324,0.3723,0.50878,0.094351,0.1392,4.227198,2.8e-05,0.0,0.31592,0.312433,0.319407,0.31299,0.318844,0.313633,0.318195,0.146068,22.2,180.0,27.72,27.53,27.9,27.56,27.87,27.59,27.84,1.0,A,0,0,0,0,0,0.0,0.0,75.91,15.61,45.31,100.0,高可信,A_确认影子,19.0,equasis_real
613442803,9328170.0,Aether,Cameroon,Undisclosed,2007.0,LR2 TNKR,0000-00-00,Daewoo,South Korea,1,71739,41.3,3,高风险,True,False,True,True,3,Black,Low Performance,5.5e-05,8e-06,0.000102,9e-06,8.4e-05,1.2e-05,6.7e-05,5,2,0,57.2,0.0,0.707872,0.595501,0.591909,0.599092,0.592488,0.598517,0.593155,0.597853,369,63.3,0.595514,0.244288,0.4143,0.288143,0.146257,0.5196,1.222902,2.7e-05,0.0,0.033774,0.032452,0.035096,0.032658,0.034876,0.032895,0.034624,0.013088,4.44,167.23,27.47,27.34,27.61,27.36,27.59,27.39,27.56,0.614,B,0,0,0,0,0,0.0,0.0,76.44,13.7,49.59,100.0,高可信,A_确认影子,31.0,equasis_real
314001154,9243320.0,Yehope,Barbados,Summer Ship Management,2003.0,LR2 TNKR,0000-00-00,Hyundai Samho Heavy Ind,South Korea,2,17954,160.5,2,中风险,True,False,True,False,1,White,Medium Performance,0.000274,5.7e-05,0.000491,6.7e-05,0.000418,8.1e-05,0.000345,26,3,0,70.4,0.2,0.527626,0.469595,0.462296,0.476895,0.463467,0.47572,0.464817,0.474367,169,466.1,0.469615,0.11688,0.6956,0.399901,0.131971,0.1005,1.94063,0.000107,0.0,0.294417,0.28775,0.301084,0.288809,0.3,0.290031,0.298753,0.168093,23.65,172.41,27.03,26.67,27.39,26.73,27.33,26.79,27.26,0.647,B,0,0,0,0,0,0.0,0.0,84.54,6.48,71.84,97.24,高可信,A_确认影子,28.0,equasis_real
629009452,9257993.0,Amell,Gambia,Shanghai VIII Maritime,2003.0,AFRAMAX TNKR,0000-00-00,Hyundai Samho Heavy Ind,South Korea,2,9791,71.1,2,中风险,True,False,False,True,2,Not Listed,Low Performance,0.000707,0.000218,0.001195,0.000249,0.001049,0.00029,0.000899,7,5,1,445.1,0.2,0.441017,0.44104,0.431207,0.450873,0.43278,0.449287,0.434595,0.447459,240,61.3,0.441062,0.086466,0.4189,0.611438,0.217045,0.0,0.0,0.000196,0.0,0.354915,0.345438,0.364393,0.346944,0.362854,0.348683,0.361083,0.250634,30.01,150.63,26.96,26.47,27.46,26.54,27.38,26.63,27.28,0.307,C,0,0,0,0,0,0.0,0.0,87.46,11.78,64.37,100.0,中可信,A_确认影子,26.0,equasis_real
314105000,,,,,,,,,,0,36574,132.6,0,未命中,False,False,False,False,0,Unknown,Unknown,5.3e-05,0.0,0.000105,0.0,7.4e-05,0.0,4.5e-05,9,0,0,23.7,0.1,0.496746,0.482093,0.476972,0.487214,0.477795,0.48639,0.478742,0.485441,53,178.7,0.482104,0.296352,0.5751,0.532885,0.043057,0.0557,4.321051,5.3e-05,0.0,0.212937,0.208741,0.217132,0.209407,0.216449,0.210175,0.215664,0.117732,17.81,180.0,25.95,25.72,26.19,25.75,26.15,25.8,26.11,0.779,B,0,0,0,0,0,0.0,0.0,16.01,14.48,0.0,44.39,高可信,D_正常,12.0,simulated_noisy
538004638,9518892.0,Eagle Louisiana,Marshall Islands,AET,2011.0,AFRAMAX TNKR,0000-00-00,Tsuneishi Zosen,Japan,1,63560,180.6,0,未命中,False,False,False,False,0,White,High Performance,0.000313,0.000179,0.000448,0.000193,0.000416,0.00021,0.000383,23,18,2,101.1,0.1,0.549025,0.54158,0.537707,0.545454,0.53833,0.544832,0.539048,0.544115,229,228.3,0.541591,0.124346,0.4746,0.343224,0.044112,0.0315,4.432532,3e-05,0.0,0.073394,0.071367,0.075421,0.071685,0.075088,0.072053,0.074705,0.035713,6.7,147.81,25.85,25.69,26.01,25.71,25.98,25.74,25.95,1.0,A,0,0,0,0,0,0.0,0.0,20.52,11.36,0.0,42.79,高可信,D_正常,11.0,equasis_real
248416000,9401154.0,Namrata,Malta,Centrofin,2008.0,LR2 TNKR,0000-00-00,Hyundai Heavy Ind Ulsan Shipyard,South Korea,1,84234,180.6,0,未命中,False,False,False,False,0,White,High Performance,0.000153,7.3e-05,0.000234,8e-05,0.000213,8.9e-05,0.000192,24,11,1,191.0,0.1,0.616319,0.48376,0.480386,0.487135,0.480928,0.486592,0.481552,0.485967,919,150.7,0.483765,0.145254,0.4476,0.350739,0.151285,0.2991,1.356728,2.3e-05,0.0,0.192036,0.189376,0.194696,0.189799,0.194264,0.190288,0.193768,0.089037,15.16,168.59,25.61,25.46,25.77,25.48,25.74,25.51,25.72,1.0,A,0,0,0,0,0,0.0,0.0,14.25,5.58,3.31,25.19,高可信,D_正常,16.0,equasis_real
632001131,9232876.0,Vernon,Guinea,Beacon Bay Shipping,2003.0,AFRAMAX TNKR,0000-00-00,Hyundai Heavy Ind Ulsan Shipyard,South Korea,2,24701,180.7,1,低风险,True,False,False,False,0,Not Listed,Not Listed,0.000685,0.000368,0.001002,0.000398,0.000926,0.000437,0.000844,22,15,6,225.6,0.2,0.512489,0.438777,0.432589,0.444965,0.433581,0.443968,0.434724,0.442819,186,360.6,0.438785,0.114833,0.5539,0.415497,0.147134,0.0382,4.469058,7.8e-05,0.0,0.27104,0.265497,0.276583,0.266377,0.275682,0.267394,0.274646,0.124041,20.29,179.18,25.18,24.88,25.49,24.93,25.44,24.98,25.38,0.778,B,0,0,0,0,0,0.0,0.0,45.91,9.74,26.82,65.0,高可信,A_确认影子,24.0,equasis_real
565949000,9417012.0,Eagle Kuantan,Singapore,AET,2010.0,AFRAMAX TNKR,0000-00-00,Tsuneishi Zosen,Japan,1,61788,180.7,0,未命中,False,False,False,False,0,White,High Performance,0.000339,0.000197,0.00048,0.000211,0.000447,0.000229,0.000412,23,19,3,110.4,0.1,0.543989,0.536785,0.532853,0.540717,0.533486,0.540085,0.534214,0.539358,368,896.7,0.536796,0.174002,0.4539,0.215771,0.059278,0.0302,3.88803,3.1e-05,0.0,0.050235,0.048513,0.051957,0.048782,0.051672,0.049093,0.051345,0.021281,5.1,148.56,25.17,25.01,25.32,25.04,25.3,25.07,25.27,1.0,A,0,0,0,0,0,0.0,0.0,18.21,14.08,0.0,45.81,高可信,D_正常,10.0,equasis_real
679881001,,,,,,,,,,0,35537,90.1,0,未命中,False,False,False,False,0,Unknown,Unknown,0.000195,6e-05,0.000329,6.8e-05,0.000289,8e-05,0.000248,6,5,1,87.0,0.1,0.51172,0.460004,0.454822,0.465185,0.455654,0.464351,0.456612,0.463391,35,455.5,0.460012,0.162853,0.4518,0.370556,0.057481,0.0558,1.539094,5.4e-05,0.0,0.208936,0.204709,0.213163,0.205379,0.212474,0.206153,0.211683,0.071754,15.84,152.3,24.88,24.64,25.13,24.68,25.09,24.72,25.04,0.649,B,0,0,0,0,0,0.0,0.0,16.11,14.59,0.0,44.71,高可信,D_正常,2.0,simulated_noisy
461000231,9418494.0,Zaliv Aniva,Oman,Sovcomflot,2009.0,AFRAMAX SHUTTLE TNKR,0000-00-00,Hyundai Heavy Ind Ulsan Shipyard,South Korea,1,42005,180.5,3,高风险,True,False,True,True,0,Not Listed,Not Listed,0.000189,6.5e-05,0.000312,7.4e-05,0.000276,8.5e-05,0.00024,54,6,0,70.3,0.1,0.489823,0.48861,0.483829,0.49339,0.484597,0.492621,0.485482,0.491736,857,294.9,0.48862,0.232663,0.6452,0.234402,0.001593,0.0187,2.32999,4.6e-05,0.0,0.144434,0.141072,0.147795,0.141603,0.147246,0.142216,0.146614,0.068443,13.68,163.5,24.88,24.67,25.09,24.7,25.06,24.74,25.02,0.972,A,0,0,0,0,0,0.0,0.0,40.22,16.21,8.45,71.99,高可信,C_名单被动,30.0,equasis_real
613003594,9439383.0,Bhilva,Cameroon,Guanglin Ltd,2010.0,LR2 TNKR,0000-00-00,Hudong Zhonghua,China,1,26866,73.2,2,中风险,False,False,True,True,3,Black,Low Performance,0.00022,5.8e-05,0.000383,6.7e-05,0.000332,7.9e-05,0.00028,12,4,0,55.1,0.1,0.523189,0.492668,0.48669,0.498646,0.487651,0.497685,0.488758,0.496578,753,331.6,0.492686,0.047709,0.5694,0.351032,0.063042,0.0005,1.122999,7.1e-05,0.0,0.129083,0.125074,0.133092,0.125703,0.132432,0.12643,0.131675,0.043472,11.07,180.0,24.76,24.49,25.02,24.54,24.98,24.58,24.93,0.505,B,0,0,0,0,0,0.0,0.0,88.47,10.97,66.97,100.0,高可信,A_确认影子,36.0,equasis_real
613447803,9223344.0,Silvio,Cameroon,Suncrest Navigation,2002.0,AFRAMAX TNKR,0000-00-00,Tsuneishi Zosen,Japan,2,30315,51.2,1,低风险,True,False,False,False,3,Black,Low Performance,6.3e-05,0.0,0.000127,0.0,8.9e-05,0.0,5.4e-05,0,0,0,5.9,0.0,0.513475,0.513473,0.507847,0.5191,0.508752,0.518196,0.509794,0.517155,43,307.1,0.513492,0.011014,0.5276,0.410461,6.3e-05,0.0,1.337353,6.3e-05,0.0,0.074911,0.071948,0.077874,0.072409,0.077382,0.072942,0.076818,0.016557,6.14,158.96,24.61,24.38,24.84,24.41,24.8,24.46,24.75,0.483,C,0,0,0,0,0,0.0,0.0,90.09,9.73,71.02,100.0,中可信,A_确认影子,32.0,equasis_real
631010085,9304356.0,Yodan,Equatorial Guinea,Akara Navigation,2005.0,AFRAMAX TNKR,0000-00-00,Namura,Japan,2,16724,94.3,3,高风险,True,False,True,True,0,Not Listed,Not Listed,0.000294,6.1e-05,0.000527,7.2e-05,0.000449,8.7e-05,0.00037,5,3,1,1365.8,0.1,0.494977,0.49175,0.484174,0.499326,0.485391,0.498108,0.486793,0.496705,87,191.7,0.491778,0.245275,0.565,0.316364,0.025701,0.0,1.476984,0.000115,0.0,0.123651,0.118663,0.128639,0.119439,0.127812,0.120339,0.126864,0.075935,11.05,126.62,24.61,24.28,24.94,24.33,24.89,24.39,24.82,0.449,C,0,0,0,0,0,0.0,0.0,66.3,4.74,57.01,75.59,中可信,A_确认影子,41.0,equasis_real
273259910,9258002.0,Kazan,Russia,Novoship,2003.0,AFRAMAX TNKR,0000-00-00,Hyundai Samho Heavy Ind,South Korea,2,31636,180.0,3,高风险,True,False,True,True,1,Grey,Medium Performance,0.000314,0.000128,0.000499,0.000142,0.000449,0.000161,0.000396,14,8,2,159.2,0.1,0.473448,0.473451,0.46795,0.478953,0.468833,0.478068,0.469851,0.477048,687,381.0,0.473463,0.157046,0.5201,0.251232,0.045415,0.0,1.73329,6.1e-05,0.0,0.157445,0.153432,0.161459,0.154065,0.160802,0.154797,0.160047,0.074818,13.07,165.71,24.46,24.21,24.71,24.25,24.67,24.3,24.62,0.855,A,0,0,0,0,0,0.0,0.0,76.42,3.16,70.23,82.61,高可信,A_确认影子,24.0,equasis_real
620800034,9282041.0,Kaviz,Comoros,Undisclosed,2004.0,AFRAMAX TNKR,0000-00-00,Samsung,South Korea,2,11000,83.3,3,高风险,True,False,True,True,3,Black,Low Performance,0.000447,9.3e-05,0.000802,0.000109,0.000682,0.000132,0.000563,16,3,2,192.6,0.2,0.450909,0.450926,0.441629,0.460223,0.443118,0.458725,0.444835,0.456998,342,379.2,0.45095,0.072149,0.4721,0.540628,0.010444,0.0,1.649627,0.000175,0.0,0.193541,0.186159,0.200923,0.187313,0.199705,0.188651,0.198309,0.102722,14.33,153.25,24.17,23.74,24.61,23.81,24.54,23.89,24.45,0.355,C,0,0,0,0,0,0.0,0.0,89.49,10.33,69.24,100.0,中可信,A_确认影子,34.0,equasis_real
352002063,,,,,,,,,,0,92200,142.6,0,未命中,False,False,False,False,0,Unknown,Unknown,3.2e-05,2e-06,6.1e-05,2e-06,4.9e-05,3e-06,3.6e-05,14,1,0,27.3,0.0,0.527386,0.504089,0.500861,0.507316,0.50138,0.506797,0.501978,0.5062,191,207.9,0.504094,0.295865,0.6891,0.176522,0.058912,0.105,1.810378,2.1e-05,0.0,0.032255,0.031115,0.033395,0.031292,0.033206,0.031498,0.03299,0.017906,3.62,169.85,23.33,23.21,23.45,23.23,23.43,23.25,23.41,0.895,A,0,0,0,0,0,0.0,0.0,14.48,13.28,0.0,40.51,高可信,D_正常,4.0,simulated_noisy
667002022,9319686.0,Hu Po,Sierra Leone,DNA Tankers,2008.0,LR2 TNKR,0000-00-00,Dalian Shipbuilding Industry Corp,China,1,18932,180.6,2,中风险,False,False,True,True,2,Grey,Low Performance,0.000524,0.000214,0.000834,0.000238,0.00075,0.00027,0.000662,16,8,3,845.5,0.2,0.54326,0.457858,0.450761,0.464954,0.451899,0.463811,0.453211,0.462495,94,830.2,0.457873,0.136193,0.6618,0.297645,0.153567,0.1718,2.239799,0.000101,0.0,0.130569,0.125771,0.135368,0.12652,0.134575,0.127388,0.133665,0.062113,11.21,161.53,23.23,22.91,23.54,22.96,23.49,23.02,23.43,0.713,B,0,0,0,0,0,0.0,0.0,85.28,9.0,67.64,100.0,高可信,A_确认影子,39.0,equasis_real
570389000,9242120.0,Tianma,Tonga,Bonheur Shipping,2003.0,AFRAMAX TNKR,0000-00-00,Hyundai Samho Heavy Ind,South Korea,2,20975,98.4,1,低风险,True,False,False,False,0,Not Listed,Not Listed,0.000235,4.9e-05,0.00042,5.7e-05,0.000358,6.9e-05,0.000295,19,3,0,71.7,0.1,0.387175,0.386624,0.380034,0.393214,0.381087,0.392149,0.382302,0.390922,40,297.4,0.386622,0.177318,0.5494,0.343183,0.011055,0.0751,1.006167,9.2e-05,0.0,0.269176,0.263174,0.275178,0.264126,0.274201,0.265225,0.273078,0.160474,21.4,176.66,22.79,22.47,23.11,22.52,23.06,22.57,23.0,0.509,B,0,0,0,0,0,0.0,0.0,77.76,14.47,49.4,100.0,高可信,A_确认影子,50.0,equasis_real
631010082,9315446.0,Endless,Equatorial Guinea,Maritime Legacy,2005.0,LR2 TNKR,0000-00-00,Dalian New Yard,China,2,15586,90.2,3,高风险,True,False,True,True,0,Not Listed,Not Listed,0.000316,6.5e-05,0.000566,7.7e-05,0.000482,9.3e-05,0.000397,10,3,0,70.6,0.1,0.434557,0.4288,0.421031,0.436569,0.422274,0.435315,0.423708,0.433872,141,215.4,0.42881,0.133351,0.5246,0.52752,0.080111,0.055,0.679783,0.02886,0.359262,0.171818,0.165896,0.177739,0.166824,0.176764,0.167898,0.175645,0.092964,13.99,180.0,22.74,22.38,23.1,22.44,23.04,22.5,22.97,0.425,C,0,0,0,0,0,0.0,0.0,81.52,18.14,45.97,100.0,中可信,A_确认影子,43.0,equasis_real
613464706,9265744.0,Reston,Cameroon,Pro Mission Sdn Bhd,2003.0,AFRAMAX TNKR,0000-00-00,Sanoyas,Japan,2,12887,159.3,1,低风险,True,False,False,False,3,Black,Low Performance,0.000847,0.000367,0.001327,0.000406,0.0012,0.000457,0.001067,31,9,2,334.6,0.3,0.543726,0.444883,0.436304,0.453462,0.437678,0.452079,0.439262,0.450486,44,1022.8,0.444901,0.140171,0.5952,0.522085,0.122096,0.1303,1.560729,0.000149,0.0,0.129894,0.12409,0.135697,0.12499,0.134732,0.126035,0.133627,0.066651,10.89,162.9,22.64,22.25,23.02,22.31,22.96,22.38,22.89,0.586,B,0,0,0,0,0,0.0,0.0,88.44,11.33,66.23,100.0,高可信,A_确认影子,46.0,equasis_real
312050000,9364215.0,Cy Victorious,Belize,Equatorial Marine Fuel Management Services,2008.0,AFRAMAX TNKR,0000-00-00,Sumitomo,Japan,1,44826,180.3,0,未命中,False,False,False,False,2,Black,Low Performance,0.000377,0.000203,0.000552,0.00022,0.00051,0.000241,0.000465,35,15,3,297.7,0.1,0.420537,0.391077,0.38656,0.395594,0.387283,0.394866,0.388117,0.394026,784,65.1,0.391076,0.141846,0.4677,0.393645,0.126967,0.3806,2.481265,4.3e-05,0.0,0.249743,0.245735,0.25375,0.246373,0.253099,0.247109,0.252351,0.116962,18.65,173.89,22.6,22.38,22.82,22.42,22.79,22.46,22.75,1.0,A,0,0,0,0,0,0.0,0.0,57.91,14.71,29.08,86.74,高可信,B_潜在影子,18.0,equasis_real
215307000,9382750.0,Minerva Gloria,Malta,Minerva Marine,2009.0,AFRAMAX TNKR,0000-00-00,Samsung,South Korea,1,44170,180.5,0,未命中,False,False,False,False,0,White,High Performance,0.00027,0.000123,0.000417,0.000135,0.000379,0.000151,0.000339,17,10,3,107.7,0.1,0.401902,0.40191,0.397338,0.406482,0.39807,0.405745,0.398915,0.404896,246,297.0,0.401911,0.190654,0.4982,0.173343,0.00439,0.0,4.027941,4.3e-05,0.0,0.224314,0.220424,0.228204,0.221042,0.227572,0.221756,0.226845,0.139754,18.5,180.0,22.58,22.36,22.8,22.39,22.76,22.44,22.72,0.997,A,0,0,0,0,0,0.0,0.0,22.75,9.89,3.37,42.13,高可信,D_正常,12.0,equasis_real
307025000,9292981.0,Noble Walker,Aruba,Xinjiang International Industrial,2004.0,AFRAMAX TNKR,0000-00-00,Samsung,South Korea,2,53842,180.7,2,中风险,False,False,True,True,0,Not Listed,Not Listed,0.000203,8.8e-05,0.000318,9.7e-05,0.000287,0.000109,0.000255,32,9,1,76.9,0.1,0.450968,0.430691,0.426509,0.434874,0.427179,0.4342,0.427952,0.433424,242,375.0,0.430694,0.264197,0.6684,0.245484,0.06758,0.1212,2.229833,0.000574,0.007974,0.155955,0.152891,0.15902,0.153376,0.15852,0.153937,0.157946,0.07026,12.38,167.37,22.51,22.32,22.69,22.35,22.66,22.38,22.63,1.0,A,0,0,0,0,0,0.0,0.0,45.82,16.34,13.79,77.85,高可信,A_确认影子,26.0,equasis_real
372171000,9226970.0,Yoselin,Panama,Akron Trade and Transport,2001.0,AFRAMAX TNKR,0000-00-00,Daewoo,South Korea,3,6074,153.6,0,未命中,False,False,False,False,0,White,High Performance,0.000645,9e-05,0.0012,0.000109,0.000995,0.000137,0.000792,82,2,1,89.3,0.6,0.414389,0.414443,0.402058,0.426828,0.404032,0.424823,0.40631,0.422515,23,949.0,0.414457,0.282818,0.5809,0.839056,0.000316,0.0,1.137625,0.000316,0.0,0.188336,0.178505,0.198166,0.180026,0.196529,0.181792,0.194653,0.09021,15.58,174.32,22.43,21.85,23.02,21.94,22.92,22.05,22.81,0.494,C,0,0,0,0,0,0.0,0.0,41.93,0.66,40.64,43.22,中可信,D_正常,16.0,equasis_real
538003439,9408310.0,Sea Voyager,Marshall Islands,Sea World Management and Trading,2009.0,AFRAMAX TNKR,0000-00-00,Tsuneishi Zosen,Japan,1,106072,180.7,0,未命中,False,False,False,False,0,White,High Performance,0.000103,4.5e-05,0.000161,4.9e-05,0.000146,5.6e-05,0.00013,10,9,1,81.6,0.0,0.50444,0.478836,0.47583,0.481842,0.476313,0.481359,0.476869,0.480802,1123,571.4,0.47884,0.122459,0.4039,0.29461,0.033692,0.0149,7.064123,1.8e-05,0.0,0.03491,0.033805,0.036014,0.033978,0.035832,0.034178,0.035622,0.010275,4.41,129.23,22.25,22.13,22.36,22.15,22.34,22.17,22.32,1.0,A,0,0,0,0,0,0.0,0.0,19.42,16.1,0.0,50.98,高可信,D_正常,10.0,equasis_real
273264760,9301380.0,Pavel Chernysh,Russia,Sovcomflot,2005.0,AFRAMAX SHUTTLE TNKR,0000-00-00,Hyundai Heavy Ind Ulsan Shipyard,South Korea,2,14140,180.4,3,高风险,True,False,True,True,1,Grey,Medium Performance,0.000914,0.000434,0.001393,0.000476,0.001271,0.00053,0.001142,24,11,2,174.1,0.3,0.439816,0.43757,0.429394,0.445746,0.430703,0.444427,0.432212,0.442908,260,413.1,0.437584,0.270642,0.5918,0.08445,0.076211,0.0268,2.23643,0.000136,0.0,0.116191,0.11091,0.121472,0.111728,0.120592,0.112677,0.119585,0.048863,10.58,146.53,22.04,21.67,22.4,21.73,22.34,21.8,22.27,0.659,B,0,0,0,0,0,0.0,0.0,78.98,0.16,78.67,79.29,高可信,A_确认影子,37.0,equasis_real
403127000,9239927.0,Daffodil,Saudi Arabia,Bihar International,2002.0,LR2 TNKR,0000-00-00,Daewoo,South Korea,2,77980,180.7,0,未命中,False,False,False,False,0,White,High Performance,0.000281,0.000166,0.000396,0.000178,0.00037,0.000193,0.000341,33,20,4,235.3,0.1,0.499654,0.357137,0.353774,0.3605,0.354312,0.359958,0.354933,0.359333,2443,171.8,0.357135,0.169457,0.5299,0.295084,0.188141,0.393,1.323557,2.5e-05,0.0,0.293357,0.290161,0.296553,0.290672,0.296036,0.291261,0.295441,0.16658,22.16,180.0,21.95,21.78,22.11,21.8,22.09,21.84,22.05,1.0,A,0,0,0,0,0,0.0,0.0,20.81,2.8,15.32,26.3,高可信,D_正常,14.0,equasis_real
311046300,9499876.0,Fortaleza Knutsen,Bahamas,KNOT Offshore Partners LP,2011.0,AFRAMAX SHUTTLE TNKR,0000-00-00,Nantong COSCO KHI,China,1,22617,180.7,0,未命中,False,False,False,False,0,White,High Performance,0.000483,0.000209,0.000756,0.000232,0.000684,0.00026,0.000608,30,9,4,495.3,0.2,0.480435,0.389195,0.382841,0.395549,0.383857,0.394522,0.385028,0.39334,291,123.5,0.389193,0.141813,0.7086,0.141285,0.112282,0.0854,2.046108,8.5e-05,0.0,0.217401,0.212025,0.222776,0.212875,0.221898,0.213857,0.22089,0.084005,16.67,161.38,21.87,21.57,22.18,21.62,22.13,21.67,22.07,0.754,B,0,0,0,0,0,0.0,0.0,21.6,13.06,0.0,47.2,高可信,D_正常,5.0,equasis_real
636020082,9299111.0,Elka Apollon,Liberia,European Navigation,2005.0,LR2 TNKR (Chem / Product),0000-00-00,Brodosplit,Croatia,2,56766,180.7,0,未命中,False,False,False,False,0,White,High Performance,0.000298,0.00016,0.000436,0.000173,0.000403,0.00019,0.000367,44,15,7,168.3,0.1,0.572913,0.363572,0.359615,0.367529,0.360248,0.36689,0.360978,0.366155,667,612.9,0.363569,0.045868,0.4595,0.4935,0.237625,0.7313,1.254952,3.4e-05,0.0,0.266814,0.263176,0.270452,0.263756,0.269863,0.264425,0.269185,0.118168,20.44,163.29,21.7,21.51,21.9,21.54,21.87,21.58,21.83,1.0,A,0,0,0,0,0,0.0,0.0,19.33,5.23,9.08,29.58,高可信,D_正常,9.0,equasis_real
538011124,9469687.0,Yasa Aqualina,Marshall Islands,Yasa Tankers,2011.0,LR2 TNKR,0000-00-00,Hyundai Heavy Ind Ulsan Shipyard,South Korea,1,39321,180.0,0,未命中,False,False,False,False,0,White,High Performance,0.000278,0.00012,0.000435,0.000133,0.000393,0.00015,0.00035,32,9,3,124.9,0.1,0.423336,0.386649,0.381836,0.391462,0.382606,0.390686,0.383495,0.389791,454,479.6,0.386648,0.062783,0.5861,0.343048,0.093298,0.0748,32.736939,4.9e-05,0.0,0.210802,0.206771,0.214834,0.20741,0.214177,0.208149,0.213423,0.091959,16.13,180.0,21.62,21.39,21.85,21.43,21.81,21.47,21.77,0.941,A,0,0,0,0,0,0.0,0.0,18.51,18.46,0.0,54.69,高可信,D_正常,15.0,equasis_real
613404910,,,,,,,,,,0,44493,52.6,0,未命中,False,False,False,False,0,Unknown,Unknown,6.6e-05,4e-06,0.000127,5e-06,0.000101,7e-06,7.5e-05,5,1,0,71.5,0.0,0.614771,0.452143,0.447518,0.456767,0.44826,0.456023,0.449115,0.455165,213,56.4,0.452149,0.104275,0.6551,0.070213,0.222261,0.5654,0.258788,0.0002,0.000708,0.063132,0.060872,0.065391,0.061225,0.065017,0.061633,0.064588,0.023283,5.72,140.32,21.61,21.43,21.8,21.45,21.77,21.49,21.73,0.646,B,0,0,0,0,0,0.0,0.0,11.88,7.02,0.0,25.64,高可信,D_正常,13.0,simulated_noisy
311040100,9486934.0,Samos,Bahamas,JHI Steamship,2010.0,LR2 TNKR,0000-00-00,Sumitomo,Japan,1,38517,180.6,0,未命中,False,False,False,False,0,White,High Performance,0.00018,5.5e-05,0.000304,6.3e-05,0.000267,7.4e-05,0.000229,47,5,0,37.7,0.1,0.424696,0.394382,0.389501,0.399262,0.390283,0.398475,0.391183,0.397568,66,1443.1,0.394382,0.112612,0.6437,0.125359,0.050334,0.0312,2.157825,5e-05,0.0,0.191551,0.187621,0.19548,0.188243,0.19484,0.188962,0.194103,0.07368,15.09,149.22,21.58,21.35,21.81,21.39,21.77,21.43,21.73,0.933,A,0,0,0,0,0,0.0,0.0,22.4,11.72,0.0,45.37,高可信,D_正常,11.0,equasis_real
273273460,9381732.0,Akcent,Russia,Undisclosed,2008.0,LR2 TNKR,0000-00-00,Hyundai Heavy Ind Ulsan Shipyard,South Korea,1,38688,133.1,3,高风险,True,False,True,True,1,Grey,Medium Performance,0.000179,5.5e-05,0.000303,6.3e-05,0.000265,7.3e-05,0.000228,8,5,0,66.0,0.1,0.492065,0.424739,0.419813,0.429664,0.420603,0.42887,0.421513,0.427956,102,259.4,0.424742,0.08322,0.5008,0.413431,0.184662,0.1772,3.028609,5e-05,0.0,0.122155,0.118892,0.125418,0.119406,0.124883,0.12,0.124268,0.05906,10.09,148.69,21.56,21.34,21.78,21.38,21.74,21.42,21.7,0.804,A,0,0,0,0,0,0.0,0.0,68.38,5.67,57.27,79.49,高可信,A_确认影子,27.0,equasis_real
563353000,9482603.0,Phoenix Admiral,Singapore,MOL Energia,2011.0,AFRAMAX TNKR,0000-00-00,Hyundai Heavy Ind Ulsan Shipyard,South Korea,1,50593,179.0,0,未命中,False,False,False,False,0,White,High Performance,0.000315,0.000165,0.000464,0.000179,0.000428,0.000197,0.000389,36,14,3,88.8,0.1,0.460597,0.418266,0.413967,0.422564,0.414656,0.421871,0.415451,0.421074,56,733.1,0.418268,0.093008,0.6383,0.280498,0.134117,0.0922,1.50613,3.8e-05,0.0,0.135255,0.132275,0.138235,0.132745,0.137748,0.13329,0.137188,0.04965,10.91,149.88,21.53,21.34,21.73,21.37,21.7,21.41,21.66,0.996,A,0,0,0,0,0,0.0,0.0,21.33,8.81,4.06,38.6,高可信,D_正常,9.0,equasis_real
273274080,9412995.0,Atlant,Russia,Hemsworth Logistics,2009.0,AFRAMAX TNKR,0000-00-00,Sumitomo,Japan,1,6081,18.1,3,高风险,True,False,True,True,1,Grey,Medium Performance,0.000644,9e-05,0.001199,0.000109,0.000994,0.000137,0.000791,3,2,0,24.4,0.1,0.538892,0.351516,0.33952,0.363512,0.34142,0.361558,0.343615,0.35931,9,49.5,0.35148,0.292846,0.4676,0.454216,0.310431,0.6819,0.0,0.000316,0.0,0.281691,0.270386,0.292997,0.272162,0.29114,0.274217,0.289008,0.140099,22.01,140.03,21.47,20.87,22.07,20.96,21.97,21.07,21.85,0.119,C,0,0,0,0,0,0.0,0.0,41.47,11.86,18.22,64.72,中可信,C_名单被动,34.0,equasis_real
613007700,,,,,,,,,,0,31633,105.2,0,未命中,False,False,False,False,0,Unknown,Unknown,0.000314,0.000128,0.000499,0.000143,0.000449,0.000161,0.000396,10,8,2,86.8,0.1,0.558373,0.461991,0.456497,0.467484,0.457378,0.4666,0.458394,0.465581,51,615.3,0.462001,0.075511,0.6267,0.174256,0.142363,0.1725,1.828947,6.1e-05,0.0,0.029903,0.028027,0.031779,0.028312,0.031461,0.028644,0.031097,0.010525,3.44,160.4,21.4,21.19,21.6,21.22,21.57,21.26,21.53,0.647,B,0,0,0,0,0,0.0,0.0,15.55,11.78,0.0,38.64,高可信,D_正常,2.0,simulated_noisy
461000249,9339337.0,Lavender,Oman,Dreamer Shipmanagement,2008.0,AFRAMAX TNKR,0000-00-00,Samsung,South Korea,1,49522,180.6,3,高风险,True,False,True,True,0,Not Listed,Not Listed,0.00018,6.8e-05,0.000292,7.7e-05,0.000261,8.7e-05,0.000228,14,7,2,330.1,0.1,0.531521,0.357186,0.352966,0.361406,0.35364,0.360724,0.354419,0.35994,213,288.3,0.357182,0.103116,0.5487,0.444387,0.268767,0.2459,1.954626,3.9e-05,0.0,0.26473,0.260844,0.268616,0.261463,0.267986,0.262178,0.267261,0.143269,20.32,172.67,21.37,21.17,21.58,21.2,21.55,21.24,21.51,1.0,A,0,0,0,0,0,0.0,0.0,42.51,3.1,36.43,48.59,高可信,C_名单被动,35.0,equasis_real
352005395,,,,,,,,,,0,80191,138.3,0,未命中,False,False,False,False,0,Unknown,Unknown,4.9e-05,7e-06,9.1e-05,8e-06,7.5e-05,1e-05,6e-05,8,2,0,53.9,0.0,0.539026,0.385934,0.382565,0.389303,0.383105,0.38876,0.383727,0.388135,698,302.2,0.385933,0.22727,0.5184,0.457094,0.213255,0.6611,4.0707,2.4e-05,0.0,0.193924,0.191187,0.19666,0.191623,0.196216,0.192126,0.195705,0.121871,16.59,180.0,21.25,21.09,21.4,21.11,21.38,21.14,21.35,0.883,A,0,0,0,0,0,0.0,0.0,8.96,7.7,0.0,24.05,高可信,D_正常,17.0,simulated_noisy
525121004,9301017.0,Nectar,Indonesia,Waruna Nusa Sentana,2005.0,AFRAMAX TNKR,0000-00-00,Sumitomo,Japan,2,40319,163.7,0,未命中,False,False,False,False,0,Not Listed,High Performance,0.000395,0.000207,0.000583,0.000225,0.000537,0.000247,0.000488,22,14,1,90.7,0.1,0.450929,0.330828,0.326235,0.33542,0.326969,0.334678,0.327815,0.333823,129,126.9,0.33082,0.041166,0.4431,0.252993,0.319941,0.4133,5.533026,4.8e-05,0.0,0.312978,0.308452,0.317505,0.309174,0.316772,0.310007,0.315929,0.181402,24.49,180.0,21.16,20.92,21.39,20.96,21.35,21.0,21.31,0.907,A,0,0,0,0,0,0.0,0.0,24.64,2.03,20.66,28.62,高可信,D_正常,16.0,equasis_real
273278850,9301421.0,Victor Konetsky,Russia,Sovcomflot,2005.0,AFRAMAX SHUTTLE TNKR,0000-00-00,Hyundai Heavy Ind Ulsan Shipyard,South Korea,2,35052,180.6,3,高风险,True,False,True,True,1,Grey,Medium Performance,0.000312,0.000135,0.000488,0.000149,0.000441,0.000168,0.000392,23,9,5,280.6,0.1,0.436295,0.400929,0.395799,0.40606,0.39662,0.405232,0.397568,0.404279,143,758.7,0.40093,0.173721,0.4967,0.21261,0.152241,0.1001,2.054182,5.5e-05,0.0,0.134998,0.131421,0.138575,0.131984,0.137988,0.132635,0.137315,0.054603,11.23,152.35,20.75,20.52,20.98,20.56,20.94,20.6,20.9,0.894,A,0,0,0,0,0,0.0,0.0,79.19,1.0,77.23,81.15,高可信,A_确认影子,37.0,equasis_real
538003882,9422524.0,Dubai Angel,Marshall Islands,Emarat Maritime,2010.0,AFRAMAX TNKR,0000-00-00,Hanjin Heavy Ind,South Korea,1,45040,180.7,0,未命中,False,False,False,False,0,White,High Performance,0.000309,0.000152,0.000466,0.000166,0.000426,0.000184,0.000385,36,12,4,97.3,0.1,0.428774,0.413551,0.409003,0.418099,0.409732,0.417366,0.410572,0.416521,192,362.4,0.413553,0.115752,0.6009,0.204537,0.110868,0.052,1.848544,4.3e-05,0.0,0.102952,0.100145,0.105758,0.100586,0.105297,0.101097,0.104768,0.049088,8.84,180.0,20.68,20.48,20.87,20.51,20.84,20.55,20.8,1.0,A,0,0,0,0,0,0.0,0.0,23.09,7.9,7.61,38.57,高可信,D_正常,10.0,equasis_real
350652000,,,,,,,,,,0,22733,180.7,0,未命中,False,False,False,False,0,Unknown,Unknown,0.000304,9.4e-05,0.000515,0.000107,0.000452,0.000125,0.000387,10,5,3,558.0,0.2,0.359126,0.352552,0.346342,0.358762,0.347333,0.357757,0.348476,0.3566,145,391.6,0.352543,0.088267,0.527,0.398434,0.118527,0.0247,1.659181,0.000172,0.000743,0.236219,0.230697,0.24174,0.231571,0.24084,0.232582,0.239805,0.15717,20.17,180.0,20.6,20.29,20.9,20.34,20.85,20.4,20.79,0.756,B,0,0,0,0,0,0.0,0.0,20.19,10.25,0.1,40.28,高可信,D_正常,3.0,simulated_noisy
669613000,9231901.0,Ping Shun,Eswatini,Indo Gulf Ship Management,2002.0,AFRAMAX TNKR,0000-00-00,Hyundai Samho Heavy Ind,South Korea,2,68931,166.4,1,低风险,True,False,False,False,0,Not Listed,Not Listed,0.000115,4e-05,0.00019,4.5e-05,0.000168,5.2e-05,0.000146,8,6,1,314.3,0.1,0.40365,0.400014,0.396357,0.403671,0.396943,0.403082,0.397619,0.402403,385,399.0,0.400015,0.058634,0.4083,0.487,0.046071,0.034,2.223595,2.8e-05,0.0,0.124283,0.12182,0.126746,0.12221,0.126344,0.12266,0.125882,0.065325,9.91,158.8,20.49,20.33,20.65,20.35,20.62,20.38,20.59,0.961,A,0,0,0,0,0,0.0,0.0,64.97,0.78,63.44,66.5,高可信,A_确认影子,25.0,equasis_real
636021009,9388778.0,Blue Integrity,Liberia,Estoril Navigation,2009.0,LR2 TNKR,0000-00-00,Shanghai Waigaoqiao Shipbuilding,China,1,53806,180.6,0,未命中,False,False,False,False,0,White,High Performance,0.000203,8.8e-05,0.000318,9.7e-05,0.000288,0.000109,0.000256,16,9,1,120.5,0.1,0.433929,0.421427,0.417255,0.425599,0.417924,0.424927,0.418695,0.424153,157,591.9,0.421429,0.123879,0.5741,0.283896,0.025459,0.0832,2.156991,3.6e-05,0.0,0.073652,0.071445,0.075859,0.071791,0.075495,0.072191,0.075078,0.031556,6.88,155.93,20.44,20.27,20.61,20.3,20.59,20.33,20.55,1.0,A,0,0,0,0,0,0.0,0.0,25.04,7.71,9.93,40.15,高可信,D_正常,13.0,equasis_real
419794000,9467756.0,Desh Garima,India,SCI,2011.0,AFRAMAX TNKR,0000-00-00,Hyundai Heavy Ind Ulsan Shipyard,South Korea,1,39003,180.5,0,未命中,False,False,False,False,1,Grey,Medium Performance,0.000177,5.5e-05,0.0003,6.2e-05,0.000263,7.3e-05,0.000226,40,5,0,70.4,0.1,0.590032,0.317301,0.312682,0.32192,0.313419,0.321173,0.31427,0.320312,139,233.6,0.317291,0.09734,0.4232,0.541937,0.335683,0.8288,1.01272,4.9e-05,0.0,0.307335,0.302756,0.311914,0.303486,0.311172,0.304329,0.310319,0.136501,23.31,170.74,20.43,20.2,20.66,20.23,20.62,20.28,20.58,0.939,A,0,0,0,0,0,0.0,0.0,25.9,9.74,6.81,44.99,高可信,D_正常,12.0,equasis_real
273270320,9388754.0,Trader,Russia,Xingfu Hai Shipping,2008.0,LR2 TNKR,0000-00-00,Shanghai Waigaoqiao Shipbuilding,China,1,27051,180.7,3,高风险,True,False,True,True,1,Grey,Medium Performance,0.000293,0.000102,0.000484,0.000115,0.000429,0.000132,0.000372,10,6,3,189.7,0.2,0.472995,0.412788,0.406922,0.418655,0.407861,0.417709,0.408944,0.416619,718,100.8,0.412791,0.113359,0.5779,0.165367,0.15313,0.1198,2.332065,7.1e-05,0.0,0.08931,0.085912,0.092708,0.086441,0.092145,0.087054,0.0915,0.035782,8.23,164.08,20.37,20.12,20.62,20.16,20.58,20.2,20.53,0.804,A,0,0,0,0,0,0.0,0.0,70.7,5.45,60.02,81.38,高可信,A_确认影子,28.0,equasis_real
304993000,9235892.0,In,Antigua & Barbuda,Undisclosed,2003.0,AFRAMAX TNKR,0000-00-00,Sumitomo,Japan,2,13661,180.0,0,未命中,False,False,False,False,0,Not Listed,Not Listed,0.000507,0.000156,0.000857,0.000178,0.000752,0.000208,0.000644,148,5,1,117.7,0.3,0.612839,0.429637,0.421337,0.437937,0.422665,0.436597,0.424196,0.435055,19,1694.2,0.429649,0.222756,0.6213,0.882363,0.336478,0.4715,0.603272,0.000141,0.0,0.05087,0.047187,0.054552,0.047742,0.053923,0.048389,0.053205,0.0191,4.48,161.39,20.36,20.03,20.7,20.08,20.64,20.14,20.58,0.653,B,0,0,0,0,0,0.0,0.0,35.96,4.13,27.87,44.05,高可信,D_正常,44.0,equasis_real
273275260,9419137.0,Skif,Russia,Idas LLC,2010.0,LR2 TNKR,0000-00-00,New Times Shipbuilding,China,1,32832,176.3,3,高风险,True,False,True,True,1,Grey,Medium Performance,0.000272,0.000103,0.00044,0.000116,0.000393,0.000132,0.000345,27,7,1,160.2,0.1,0.366045,0.336337,0.331227,0.341448,0.332043,0.340621,0.332984,0.339669,39,804.6,0.336328,0.021712,0.4958,0.382243,0.074428,0.0798,1.690389,0.000454,0.005324,0.252009,0.247313,0.256705,0.248059,0.255942,0.248921,0.255064,0.147994,19.75,180.0,20.18,19.93,20.43,19.97,20.39,20.02,20.34,0.858,A,0,0,0,0,0,0.0,0.0,85.71,7.68,70.66,100.0,高可信,A_确认影子,33.0,equasis_real
461000236,9413561.0,Arrow,Oman,Sovcomflot,2009.0,LR2 TNKR,0000-00-00,Hyundai Heavy Ind Ulsan Shipyard,South Korea,1,47381,180.7,2,中风险,False,False,True,True,0,Not Listed,Not Listed,0.000146,4.5e-05,0.000247,5.1e-05,0.000217,6e-05,0.000186,20,5,1,159.3,0.1,0.367827,0.357159,0.352845,0.361473,0.353535,0.360777,0.35433,0.359974,366,797.5,0.357155,0.193351,0.5967,0.17685,0.066328,0.0663,1.556315,0.001201,0.01751,0.205166,0.20153,0.208802,0.202107,0.20821,0.202774,0.20753,0.103817,15.98,176.41,20.18,19.97,20.38,20.01,20.35,20.04,20.31,1.0,A,0,0,0,0,0,0.0,0.0,51.82,6.82,38.45,65.19,高可信,A_确认影子,37.0,equasis_real
563759000,9417024.0,Eagle Kangar,Singapore,AET,2010.0,AFRAMAX TNKR,0000-00-00,Tsuneishi Zosen,Japan,1,62891,180.7,0,未命中,False,False,False,False,0,White,High Performance,0.000349,0.000206,0.000491,0.000221,0.000458,0.000239,0.000423,25,20,3,100.8,0.1,0.45229,0.4069,0.403061,0.410739,0.403676,0.410121,0.404386,0.409408,219,232.5,0.406901,0.151824,0.431,0.203414,0.142681,0.1012,6.818256,3.1e-05,0.0,0.076178,0.074105,0.078252,0.074431,0.077911,0.074808,0.07752,0.037508,7.07,180.0,19.84,19.68,20.0,19.71,19.98,19.74,19.95,1.0,A,0,0,0,0,0,0.0,0.0,16.49,13.63,0.0,43.2,高可信,D_正常,9.0,equasis_real
667002372,9252967.0,Yvika,Sierra Leone,Undisclosed,2003.0,AFRAMAX TNKR,0000-00-00,Sumitomo,Japan,2,17076,146.1,1,低风险,False,False,True,False,2,Grey,Low Performance,0.000522,0.000199,0.000846,0.000222,0.000756,0.000254,0.000662,7,7,4,1104.7,0.2,0.567112,0.309015,0.302085,0.315945,0.303186,0.314818,0.304457,0.313523,21,394.4,0.30899,0.169552,0.5644,0.605038,0.326462,0.2334,1.35593,0.000112,0.0,0.287126,0.28034,0.293912,0.281417,0.292807,0.28266,0.291537,0.123386,21.48,180.0,19.66,19.31,20.01,19.36,19.95,19.43,19.89,0.597,B,0,0,0,0,0,0.0,0.0,79.41,14.4,51.19,100.0,高可信,A_确认影子,36.0,equasis_real
525119111,9242211.0,Phoenix Alpha XXXV,Indonesia,Soechi Lines,2003.0,AFRAMAX TNKR,0000-00-00,Daewoo,South Korea,2,25434,179.5,0,未命中,False,False,False,False,0,Not Listed,High Performance,0.000626,0.000328,0.000924,0.000356,0.000851,0.000391,0.000774,26,14,3,135.6,0.2,0.470197,0.393073,0.38707,0.399075,0.38803,0.398106,0.389137,0.39699,83,633.2,0.393072,0.0649,0.5357,0.357886,0.333987,0.2299,1.926079,7.6e-05,0.0,0.097505,0.09386,0.10115,0.094427,0.100546,0.095086,0.099854,0.048869,8.74,130.86,19.65,19.39,19.91,19.43,19.87,19.48,19.82,0.783,B,0,0,0,0,0,0.0,0.0,44.82,3.91,37.16,52.48,高可信,D_正常,25.0,equasis_real
613223700,9290309.0,Rosita,Cameroon,Sanda Goda,2004.0,AFRAMAX TNKR,0000-00-00,Hyundai Heavy Ind Ulsan Shipyard,South Korea,2,29088,180.7,2,中风险,False,False,True,True,3,Black,Low Performance,0.000238,7.3e-05,0.000402,8.4e-05,0.000353,9.8e-05,0.000303,13,5,3,89.8,0.1,0.431553,0.39076,0.385153,0.396367,0.38605,0.395461,0.387084,0.394419,352,252.4,0.390759,0.205553,0.6039,0.18257,0.096863,0.0989,3.190342,6.6e-05,0.0,0.094642,0.091278,0.098005,0.091803,0.097449,0.092411,0.096811,0.042627,8.64,169.5,19.48,19.24,19.72,19.28,19.68,19.32,19.64,0.827,A,0,0,0,0,0,0.0,0.0,88.61,9.52,69.95,100.0,高可信,A_确认影子,27.0,equasis_real
255806147,9396660.0,Clio,Madeira,TB Marine,2008.0,LR2 TNKR,0000-00-00,New Times Shipbuilding,China,1,46202,180.2,0,未命中,False,False,False,False,0,Not Listed,Not Listed,0.000301,0.000149,0.000454,0.000162,0.000416,0.00018,0.000375,14,12,2,88.3,0.1,0.44089,0.402588,0.398116,0.40706,0.398833,0.406339,0.399659,0.405508,360,660.4,0.402589,0.048996,0.4867,0.16248,0.051031,0.0744,9.854249,4.2e-05,0.0,0.062961,0.060747,0.065176,0.061092,0.064809,0.061492,0.064389,0.032638,5.67,148.23,19.38,19.2,19.57,19.23,19.54,19.26,19.5,0.999,A,0,0,0,0,0,0.0,0.0,22.18,14.04,0.0,49.7,高可信,D_正常,17.0,equasis_real
636014069,9417799.0,Ghibli,Liberia,Marwave Shipmanagement BV,2009.0,LR2 TNKR,0000-00-00,New Times Shipbuilding,China,1,100232,178.1,0,未命中,False,False,False,False,0,White,High Performance,7.9e-05,2.7e-05,0.000131,3.1e-05,0.000116,3.6e-05,0.0001,13,6,0,69.9,0.0,0.51711,0.379345,0.376341,0.382348,0.376822,0.381864,0.377377,0.381307,807,254.1,0.379344,0.179187,0.5134,0.378422,0.209106,0.3717,3.192456,1.9e-05,0.0,0.111491,0.109542,0.113439,0.109851,0.113122,0.110208,0.112757,0.058474,9.46,170.19,19.3,19.17,19.43,19.19,19.41,19.22,19.39,0.994,A,0,0,0,0,0,0.0,0.0,9.68,7.0,0.0,23.4,高可信,D_正常,7.0,simulated_noisy
461000330,9360128.0,Zaliv Baikal,Oman,Sovcomflot,2009.0,LR2 TNKR,0000-00-00,Hyundai Heavy Ind Ulsan Shipyard,South Korea,1,19612,180.4,3,高风险,True,False,True,True,0,Not Listed,Not Listed,0.000557,0.000241,0.000872,0.000267,0.000789,0.0003,0.000701,57,9,1,77.0,0.2,0.390781,0.390803,0.383974,0.397631,0.385065,0.396527,0.386324,0.395257,167,184.1,0.390801,0.275692,0.6985,0.205296,9.8e-05,0.0,2.483102,9.8e-05,0.0,0.080814,0.077001,0.084628,0.07759,0.083991,0.078273,0.083262,0.038952,7.99,161.25,19.22,18.93,19.51,18.97,19.46,19.02,19.4,0.721,B,0,0,0,0,0,0.0,0.0,46.93,10.9,25.57,68.29,高可信,A_确认影子,36.0,equasis_real
613606500,9258478.0,Foya,Cameroon,Secure Sun,2004.0,AFRAMAX TNKR,0000-00-00,Sumitomo,Japan,2,56675,137.0,1,低风险,False,False,True,False,3,Black,Low Performance,6.9e-05,1e-05,0.000129,1.2e-05,0.000107,1.5e-05,8.5e-05,9,2,0,57.1,0.1,0.43903,0.363679,0.359719,0.36764,0.360353,0.367001,0.361084,0.366264,205,227.7,0.363676,0.168404,0.508,0.256868,0.106635,0.4305,2.026873,3.4e-05,0.0,0.140555,0.137693,0.143416,0.138146,0.142949,0.138669,0.142412,0.069024,12.21,180.0,19.18,19.0,19.36,19.03,19.33,19.06,19.29,0.88,A,0,0,0,0,0,0.0,0.0,80.47,17.63,45.92,100.0,高可信,A_确认影子,25.0,equasis_real
667002086,9346744.0,Ma Jin,Sierra Leone,Kongri Maritime,2007.0,AFRAMAX TNKR,0000-00-00,Samsung,South Korea,1,33903,180.7,2,中风险,False,False,True,True,2,Grey,Low Performance,0.000381,0.000181,0.000581,0.000199,0.00053,0.000221,0.000476,19,11,5,140.4,0.1,0.369967,0.356533,0.351435,0.361632,0.35225,0.360808,0.353189,0.359859,219,305.3,0.356528,0.127789,0.5458,0.235765,0.050076,0.0779,3.379774,5.7e-05,0.0,0.141372,0.137664,0.145081,0.138248,0.144473,0.138923,0.143775,0.066482,11.83,177.87,18.88,18.65,19.11,18.69,19.07,18.73,19.03,0.881,A,0,0,0,0,0,0.0,0.0,85.71,9.45,67.19,100.0,高可信,A_确认影子,36.0,equasis_real
352005769,9337341.0,Oceanid,Panama,PETROVIETNAM,2008.0,AFRAMAX TNKR,0000-00-00,Mitsui Ichihara,Japan,1,50910,180.6,0,未命中,False,False,False,False,0,White,High Performance,0.000175,6.7e-05,0.000284,7.5e-05,0.000254,8.5e-05,0.000222,16,7,0,56.6,0.1,0.456001,0.402738,0.398477,0.406998,0.39916,0.406311,0.399947,0.40552,291,1013.4,0.402738,0.124581,0.6389,0.110769,0.073279,0.0661,2.332065,3.8e-05,0.0,0.033666,0.032099,0.035232,0.032341,0.03497,0.032621,0.03467,0.013198,3.75,156.17,18.8,18.64,18.96,18.66,18.94,18.69,18.91,1.0,A,0,0,0,0,0,0.0,0.0,25.6,6.34,13.17,38.03,高可信,D_正常,19.0,equasis_real
538010321,9460576.0,Safeen Baroness,Marshall Islands,Safeen Feeders,2011.0,AFRAMAX TNKR,0000-00-00,Sumitomo,Japan,1,61235,179.4,0,未命中,False,False,False,False,0,White,High Performance,0.000146,5.5e-05,0.000236,6.2e-05,0.000211,7.1e-05,0.000185,36,7,1,84.2,0.1,0.452241,0.380558,0.376712,0.384403,0.377328,0.383783,0.378038,0.383069,394,127.8,0.380557,0.173924,0.6373,0.153097,0.145184,0.5872,1.277937,0.011054,0.075937,0.08077,0.078612,0.082928,0.078951,0.082573,0.079343,0.082166,0.036857,7.07,163.15,18.74,18.58,18.9,18.61,18.88,18.64,18.85,0.997,A,0,0,0,0,0,0.0,0.0,18.34,5.9,6.78,29.9,高可信,D_正常,18.0,equasis_real
247275300,9419553.0,Four Wind,Italy,Premuda,2009.0,LR2 TNKR,0000-00-00,Samsung,South Korea,1,33028,180.4,0,未命中,False,False,False,False,1,White,Medium Performance,0.000452,0.00023,0.000673,0.00025,0.000619,0.000276,0.000561,48,13,0,71.6,0.1,0.375409,0.375423,0.370201,0.380645,0.371036,0.379802,0.371999,0.378831,147,141.3,0.37542,0.25345,0.6552,0.173111,0.037628,0.0,1.75497,5.8e-05,0.0,0.090103,0.087016,0.093191,0.087498,0.092681,0.088057,0.092096,0.043506,9.34,161.15,18.71,18.48,18.93,18.52,18.89,18.56,18.85,0.871,A,0,0,0,0,0,0.0,0.0,48.45,5.91,36.87,60.03,高可信,B_潜在影子,16.0,equasis_real
273272530,9297357.0,Novator,Russia,Kangen Maritime,2006.0,AFRAMAX TNKR,0000-00-00,Samsung,South Korea,2,41088,180.7,3,高风险,True,False,True,True,1,Grey,Medium Performance,0.000241,9.9e-05,0.000384,0.00011,0.000346,0.000124,0.000305,12,8,3,628.4,0.1,0.469529,0.374525,0.369845,0.379205,0.370594,0.378449,0.371457,0.377579,515,109.5,0.374522,0.221453,0.4764,0.131539,0.129367,0.0824,3.019,4.7e-05,0.0,0.084549,0.081859,0.087238,0.08228,0.086795,0.082767,0.086286,0.038063,8.28,159.63,18.55,18.35,18.75,18.38,18.72,18.42,18.68,0.962,A,0,0,0,0,0,0.0,0.0,76.81,1.53,73.81,79.81,高可信,A_确认影子,36.0,equasis_real
538011949,9343352.0,Alqadisia,Marshall Islands,GNMTC,2008.0,AFRAMAX TNKR,0000-00-00,Sasebo,Japan,1,100663,180.7,0,未命中,False,False,False,False,0,White,High Performance,9.9e-05,4e-05,0.000157,4.5e-05,0.000141,5.1e-05,0.000125,25,8,0,63.0,0.0,0.430585,0.39574,0.392719,0.398761,0.393204,0.398274,0.393762,0.397714,484,137.7,0.39574,0.299085,0.6107,0.066285,0.158592,0.3327,1.374115,0.000108,0.000564,0.026295,0.025307,0.027283,0.02546,0.027119,0.025638,0.026931,0.00893,3.11,147.82,18.34,18.22,18.45,18.24,18.43,18.26,18.41,1.0,A,0,0,0,0,0,0.0,0.0,12.17,8.87,0.0,29.56,高可信,D_正常,15.0,equasis_real
273251530,9413559.0,Antarktika,Russia,Novoship,2009.0,LR2 TNKR,0000-00-00,Hyundai Heavy Ind Ulsan Shipyard,South Korea,1,53303,180.6,3,高风险,True,False,True,True,1,Grey,Medium Performance,0.000167,6.4e-05,0.000271,7.1e-05,0.000242,8.1e-05,0.000212,20,7,4,294.1,0.1,0.335384,0.309902,0.305977,0.313828,0.306603,0.313193,0.307327,0.312462,59,905.1,0.309895,0.050386,0.522,0.270211,0.096684,0.0845,2.929777,0.006227,0.064053,0.218711,0.215202,0.22222,0.21576,0.22165,0.216404,0.220995,0.120349,16.97,180.0,18.32,18.13,18.51,18.16,18.48,18.2,18.45,1.0,A,0,0,0,0,0,0.0,0.0,84.16,3.79,76.73,91.59,高可信,A_确认影子,28.0,equasis_real
649136000,9285847.0,Sirius 1,Mali,Undisclosed,2005.0,LR2 TNKR,0000-00-00,Samsung,South Korea,2,39003,180.1,3,高风险,True,False,True,True,0,Not Listed,Not Listed,0.000254,0.000104,0.000405,0.000116,0.000364,0.000131,0.000321,24,8,2,127.4,0.1,0.404892,0.39339,0.388543,0.398238,0.389319,0.397456,0.390213,0.396555,147,477.1,0.39339,0.190888,0.6677,0.129066,0.04458,0.0299,1.765533,4.9e-05,0.0,0.024047,0.022528,0.025567,0.022758,0.025309,0.023027,0.025014,0.010049,2.77,165.75,18.19,18.01,18.37,18.04,18.34,18.07,18.31,0.938,A,0,0,0,0,0,0.0,0.0,65.75,3.5,58.89,72.61,高可信,A_确认影子,37.0,equasis_real
636015526,9358541.0,Sakura Princess,Liberia,Pareto Maritime Services,2007.0,AFRAMAX TNKR,0000-00-00,Sumitomo,Japan,1,90540,176.9,0,未命中,False,False,False,False,0,White,High Performance,8.7e-05,3e-05,0.000145,3.4e-05,0.000128,3.9e-05,0.000111,26,6,0,70.0,0.0,0.40402,0.357782,0.354659,0.360904,0.355159,0.3604,0.355736,0.35982,205,186.8,0.35778,0.22547,0.6233,0.256923,0.089271,0.403,1.691105,2.1e-05,0.0,0.099955,0.098001,0.101909,0.09831,0.10159,0.098668,0.101223,0.044819,8.6,155.18,18.1,17.97,18.24,17.99,18.21,18.01,18.19,0.99,A,0,0,0,0,0,0.0,0.0,13.98,6.19,1.85,26.11,高可信,D_正常,15.0,equasis_real
273273670,9410870.0,Akhill,Russia,Global Seaway,2008.0,LR2 TNKR,0000-00-00,New Times Shipbuilding,China,1,9369,91.1,2,中风险,True,False,False,True,1,Grey,Medium Performance,0.000525,0.000109,0.000941,0.000128,0.000801,0.000155,0.000661,14,3,0,57.1,0.2,0.975558,0.184674,0.176819,0.192529,0.178043,0.191228,0.179462,0.189738,10,112.0,0.184564,0.017809,0.1131,0.903914,0.799322,3.1154,0.396728,0.000205,0.0,0.486284,0.476163,0.496405,0.477788,0.494778,0.47966,0.492902,0.282204,37.87,180.0,18.05,17.6,18.5,17.67,18.42,17.75,18.34,0.358,C,0,0,0,0,0,0.0,0.0,30.24,22.66,0.0,74.65,中可信,C_名单被动,35.0,equasis_real
538012078,9297321.0,Nysea,Marshall Islands,Star Marine Management,2005.0,AFRAMAX TNKR,0000-00-00,Samsung,South Korea,2,78560,180.5,0,未命中,False,False,False,False,0,White,High Performance,8.8e-05,2.7e-05,0.000149,3.1e-05,0.000131,3.6e-05,0.000112,48,5,3,136.0,0.1,0.382383,0.368069,0.364697,0.371442,0.365237,0.370898,0.36586,0.370271,107,318.8,0.368067,0.150119,0.6096,0.502927,0.052899,0.2082,1.789122,0.000826,0.015166,0.060908,0.059236,0.06258,0.059498,0.062305,0.059802,0.061989,0.026577,5.41,154.91,17.78,17.65,17.92,17.67,17.9,17.69,17.87,1.0,A,0,0,0,0,0,0.0,0.0,41.87,5.86,30.38,53.36,高可信,D_正常,19.0,equasis_real
229869000,9439395.0,PS Amalfi,Malta,Imahatsu Kaiun,2010.0,LR2 TNKR,0000-00-00,Hudong Zhonghua,China,1,28354,180.7,0,未命中,False,False,False,False,0,White,High Performance,0.000491,0.000242,0.00074,0.000264,0.000677,0.000293,0.000611,28,12,1,95.1,0.2,0.400014,0.361061,0.355471,0.366652,0.356364,0.365748,0.357394,0.364707,135,181.7,0.361055,0.161646,0.531,0.215653,0.041679,0.0612,2.376575,6.8e-05,0.0,0.073497,0.07046,0.076534,0.070931,0.076029,0.071478,0.07545,0.032585,7.36,147.1,17.73,17.5,17.96,17.53,17.93,17.57,17.88,0.819,A,0,0,0,0,0,0.0,0.0,31.12,4.28,22.73,39.51,高可信,D_正常,23.0,equasis_real
613327400,,,,,,,,,,0,18144,119.7,0,未命中,False,False,False,False,0,Unknown,Unknown,0.000326,8.6e-05,0.000567,9.9e-05,0.000491,0.000117,0.000414,27,4,1,146.5,0.2,0.390101,0.378498,0.371441,0.385555,0.372568,0.384413,0.373867,0.383099,30,472.9,0.378493,0.098685,0.6271,0.199586,0.117145,0.1881,0.593139,0.011512,0.097458,0.032183,0.029617,0.034749,0.03,0.034307,0.030448,0.033804,0.012176,3.51,134.75,17.68,17.42,17.95,17.46,17.91,17.51,17.86,0.536,B,0,0,0,0,0,0.0,0.0,18.83,9.45,0.31,37.35,高可信,D_正常,3.0,simulated_noisy
613471903,9292503.0,Torero M,Cameroon,Gatsby Enterprises,2005.0,AFRAMAX TNKR,0000-00-00,Samsung,South Korea,2,17513,169.0,2,中风险,False,False,True,True,3,Black,Low Performance,0.000338,8.9e-05,0.000587,0.000103,0.000509,0.000122,0.000429,46,4,0,70.6,0.2,0.369097,0.323056,0.316131,0.329981,0.317232,0.328857,0.318504,0.327564,220,477.2,0.323036,0.220697,0.6202,0.152617,0.164295,0.1625,1.222366,0.011185,0.067455,0.153483,0.148145,0.158821,0.14898,0.157941,0.149948,0.156931,0.088673,13.48,157.59,17.62,17.29,17.94,17.34,17.88,17.4,17.82,0.665,B,0,0,0,0,0,0.0,0.0,89.78,8.9,72.34,100.0,高可信,A_确认影子,28.0,equasis_real
311027600,9466130.0,Maran Peary,Bahamas,Maran Shuttle Tankers,2011.0,AFRAMAX SHUTTLE TNKR,0000-00-00,Samsung,South Korea,1,59750,180.6,0,未命中,False,False,False,False,0,White,High Performance,0.000183,7.9e-05,0.000286,8.8e-05,0.000259,9.9e-05,0.00023,12,9,1,665.4,0.1,0.395146,0.301619,0.297939,0.305299,0.298527,0.304704,0.299205,0.304019,572,168.5,0.301612,0.184941,0.5675,0.118023,0.141697,0.1797,2.886815,3.2e-05,0.0,0.200016,0.196809,0.203223,0.197318,0.202702,0.197907,0.202103,0.095882,16.64,180.0,17.58,17.4,17.75,17.43,17.73,17.46,17.69,1.0,A,0,0,0,0,0,0.0,0.0,16.19,8.91,0.0,33.65,高可信,D_正常,13.0,equasis_real
403097001,9239939.0,Desert Rose,Saudi Arabia,Bihar International,2002.0,LR2 TNKR,0000-00-00,Daewoo,South Korea,2,84537,180.7,0,未命中,False,False,False,False,0,White,High Performance,0.000176,9e-05,0.000263,9.8e-05,0.000242,0.000108,0.000219,29,13,2,113.7,0.1,0.414209,0.365917,0.36267,0.369164,0.36319,0.36864,0.36379,0.368037,1664,42.2,0.365915,0.329118,0.5491,0.140842,0.129463,0.5371,1.589928,0.000626,0.004661,0.048759,0.047307,0.050211,0.047534,0.049971,0.047798,0.049697,0.015696,4.79,180.0,17.45,17.32,17.57,17.34,17.55,17.36,17.53,1.0,A,0,0,0,0,0,0.0,0.0,15.76,10.89,0.0,37.1,高可信,D_正常,17.0,equasis_real
636022972,9273844.0,Aframax Rio,Liberia,Hellenic Tankers,2004.0,AFRAMAX TNKR,0000-00-00,Koyo Dock,Japan,2,50542,180.6,0,未命中,False,False,False,False,0,White,High Performance,0.000176,6.7e-05,0.000286,7.5e-05,0.000255,8.6e-05,0.000224,22,7,2,202.1,0.1,0.414032,0.354607,0.350437,0.358778,0.351104,0.358104,0.351873,0.357329,128,412.5,0.354603,0.198056,0.6267,0.280498,0.26002,0.3234,1.586195,3.8e-05,0.0,0.071662,0.069413,0.07391,0.069765,0.073539,0.070173,0.073114,0.030963,6.3,174.26,17.39,17.22,17.57,17.25,17.54,17.28,17.51,1.0,A,0,0,0,0,0,0.0,0.0,17.5,2.83,11.95,23.05,高可信,D_正常,17.0,equasis_real
511101917,9213296.0,Telesto,Palau,Khor Al Zubair Shipping,2001.0,AFRAMAX TNKR,0000-00-00,Hyundai Heavy Ind Ulsan Shipyard,South Korea,3,11420,180.2,0,未命中,False,False,False,False,2,Black,Low Performance,0.001044,0.000476,0.001611,0.000524,0.001464,0.000586,0.00131,83,10,0,70.0,0.4,0.307793,0.295953,0.287583,0.304323,0.288907,0.302958,0.290438,0.301389,79,125.4,0.29591,0.282648,0.5567,0.508387,0.019601,0.0532,2.252118,0.000168,0.0,0.199821,0.192487,0.207154,0.193636,0.205946,0.194966,0.20456,0.125126,17.65,164.66,17.34,16.93,17.75,16.99,17.68,17.07,17.6,0.628,B,0,0,0,0,0,0.0,0.0,88.44,10.97,66.94,100.0,高可信,B_潜在影子,41.0,equasis_real
613290000,,,,,,,,,,0,54974,180.6,0,未命中,False,False,False,False,0,Unknown,Unknown,0.000217,9.9e-05,0.000335,0.000109,0.000304,0.000122,0.000272,16,10,2,162.0,0.1,0.433623,0.334424,0.33048,0.338368,0.331111,0.337731,0.331838,0.336997,71,472.6,0.334419,0.174105,0.5769,0.538498,0.136799,0.4446,3.688125,3.5e-05,0.0,0.113962,0.111306,0.116618,0.111725,0.116183,0.112209,0.115684,0.058463,9.15,173.82,17.33,17.16,17.51,17.19,17.48,17.22,17.45,1.0,A,0,0,0,0,0,0.0,0.0,24.91,12.87,0.0,50.14,高可信,D_正常,37.0,simulated_noisy
613271610,9439539.0,Bolu,Cameroon,Zimar Shipping,2009.0,AFRAMAX TNKR,0000-00-00,Jinhai Intelligent Manufacturing,China,1,45119,176.1,2,中风险,False,False,True,True,3,Black,Low Performance,8.7e-05,1.2e-05,0.000162,1.5e-05,0.000134,1.8e-05,0.000107,38,2,0,57.1,0.1,0.503912,0.275491,0.271368,0.279613,0.272025,0.278945,0.272783,0.278176,374,92.9,0.275478,0.110076,0.6074,0.530753,0.252708,0.2799,2.013317,0.003522,0.013771,0.243887,0.239925,0.24785,0.240555,0.247207,0.241283,0.246467,0.141336,19.32,180.0,17.28,17.07,17.48,17.1,17.45,17.14,17.41,0.988,A,0,0,0,0,0,0.0,0.0,81.0,17.01,47.66,100.0,高可信,A_确认影子,28.0,equasis_real
667002026,9338905.0,Pate,Sierra Leone,Chambul Shipping,2007.0,AFRAMAX TNKR,0000-00-00,Samsung,South Korea,1,56657,179.7,2,中风险,False,False,True,True,2,Grey,Low Performance,0.000104,2.7e-05,0.000182,3.2e-05,0.000157,3.8e-05,0.000133,30,4,0,61.2,0.1,0.390525,0.36383,0.359869,0.367792,0.360503,0.367152,0.361234,0.366416,86,378.9,0.363827,0.100068,0.5891,0.144131,0.092761,0.166,1.081371,0.002611,0.027788,0.045359,0.043646,0.047073,0.043912,0.046788,0.044221,0.046462,0.018672,4.4,140.16,17.28,17.13,17.44,17.15,17.41,17.18,17.38,0.998,A,0,0,0,0,0,0.0,0.0,87.51,7.52,72.77,100.0,高可信,A_确认影子,26.0,equasis_real
613003591,9388792.0,Unity,Cameroon,FMTC Ship Charter,2009.0,LR2 TNKR,0000-00-00,Shanghai Waigaoqiao Shipbuilding,China,1,41389,119.3,2,中风险,False,False,True,True,3,Black,Low Performance,0.000167,5.2e-05,0.000283,5.9e-05,0.000248,6.9e-05,0.000213,7,5,2,212.1,0.1,0.761893,0.133644,0.130366,0.136922,0.130883,0.136385,0.131481,0.135769,204,192.5,0.133614,0.107384,0.4196,0.616236,0.722394,0.2979,2.157825,4.6e-05,0.0,0.560439,0.555657,0.565221,0.556427,0.564454,0.557314,0.56357,0.343037,43.86,172.88,17.23,17.03,17.42,17.06,17.39,17.1,17.35,0.796,B,0,0,0,0,0,0.0,0.0,77.68,19.3,39.85,100.0,高可信,A_确认影子,37.0,equasis_real
370309000,9404936.0,Afra Mare,Panama,Fearnley Securities AS,2008.0,LR2 TNKR,0000-00-00,Hyundai Heavy Ind Ulsan Shipyard,South Korea,1,61922,179.7,0,未命中,False,False,False,False,0,White,High Performance,0.000209,9.9e-05,0.000318,0.000109,0.00029,0.000121,0.000261,14,11,1,93.4,0.1,0.407077,0.367164,0.363367,0.37096,0.363975,0.370348,0.364676,0.369642,137,755.9,0.367161,0.089897,0.4348,0.210258,0.09072,0.0621,5.182784,3.1e-05,0.0,0.034833,0.033389,0.036277,0.033613,0.036036,0.033872,0.035761,0.019911,3.72,162.98,17.22,17.08,17.37,17.1,17.35,17.13,17.32,0.998,A,0,0,0,0,0,0.0,0.0,24.32,7.98,8.68,39.96,高可信,D_正常,22.0,equasis_real
311027400,9466142.0,Scott Spirit,Bahamas,Maran Shuttle Tankers,2011.0,AFRAMAX SHUTTLE TNKR,0000-00-00,Samsung,South Korea,1,53657,180.7,0,未命中,False,False,False,False,0,White,High Performance,0.000185,7.6e-05,0.000294,8.4e-05,0.000265,9.5e-05,0.000234,15,8,0,70.0,0.1,0.399333,0.343918,0.339899,0.347937,0.340541,0.347288,0.341283,0.34654,744,148.4,0.343913,0.320586,0.5448,0.150529,0.082349,0.1197,3.01661,3.6e-05,0.0,0.085374,0.08301,0.087739,0.083381,0.08735,0.083811,0.086904,0.029594,7.86,144.79,17.19,17.02,17.36,17.04,17.33,17.08,17.3,1.0,A,0,0,0,0,0,0.0,0.0,16.86,14.97,0.0,46.2,高可信,D_正常,10.0,equasis_real
249747000,9407457.0,Matilda,Malta,Thenamaris,2009.0,AFRAMAX TNKR,0000-00-00,New Times Shipbuilding,China,1,52375,167.0,0,未命中,False,False,False,False,0,White,High Performance,0.00017,6.5e-05,0.000276,7.2e-05,0.000246,8.3e-05,0.000216,34,7,2,109.7,0.1,0.3878,0.304835,0.300893,0.308778,0.301522,0.30814,0.302248,0.307406,67,367.1,0.304827,0.101643,0.5723,0.174678,0.138031,0.2036,1.209186,0.001373,0.009685,0.167445,0.164248,0.170643,0.164754,0.170122,0.16534,0.169523,0.077249,14.04,156.82,17.07,16.89,17.26,16.91,17.23,16.95,17.19,0.963,A,0,0,0,0,0,0.0,0.0,21.51,6.64,8.5,34.52,高可信,D_正常,9.0,equasis_real
306884000,9237618.0,Star Line,Curacao,Starline Express Shipping,2003.0,AFRAMAX TNKR,0000-00-00,Hyundai Samho Heavy Ind,South Korea,2,25841,147.3,1,低风险,True,False,False,False,0,Not Listed,Not Listed,0.000268,8.3e-05,0.000453,9.4e-05,0.000397,0.00011,0.000341,17,5,2,588.5,0.1,0.291707,0.291738,0.286196,0.29728,0.287077,0.29638,0.288095,0.295345,323,193.3,0.291718,0.194426,0.3752,0.60541,0.004524,0.0,1.184626,0.000771,0.156522,0.196082,0.191241,0.200923,0.192006,0.200131,0.19289,0.199222,0.123097,16.21,167.86,17.06,16.79,17.32,16.83,17.28,16.88,17.23,0.699,B,0,0,0,0,0,0.0,0.0,81.71,15.83,50.68,100.0,高可信,A_确认影子,25.0,equasis_real
538008775,9524982.0,Briolette,Marshall Islands,Performance Shipping Inc,2011.0,AFRAMAX TNKR,0000-00-00,Sumitomo,Japan,1,79419,178.2,0,未命中,False,False,False,False,0,White,High Performance,0.00015,6.8e-05,0.000232,7.5e-05,0.000211,8.4e-05,0.000188,33,10,3,298.0,0.1,0.512522,0.330055,0.326785,0.333326,0.327308,0.332798,0.327911,0.33219,1295,64.6,0.330051,0.301424,0.4772,0.186777,0.300681,0.2637,1.275826,0.0002,0.000586,0.109318,0.107148,0.111488,0.107491,0.111134,0.107888,0.110727,0.04451,9.29,163.17,17.04,16.9,17.19,16.92,17.16,16.95,17.14,0.994,A,0,0,0,0,0,0.0,0.0,11.02,9.29,0.0,29.23,高可信,D_正常,17.0,equasis_real
538011948,9343338.0,Aljalaa,Marshall Islands,GNMTC,2007.0,AFRAMAX TNKR,0000-00-00,Sasebo,Japan,1,55781,180.6,0,未命中,False,False,False,False,0,White,High Performance,0.000178,7.3e-05,0.000283,8.1e-05,0.000255,9.2e-05,0.000225,17,8,3,530.1,0.1,0.460228,0.264873,0.261212,0.268535,0.261795,0.267942,0.262469,0.267259,104,159.5,0.264862,0.207385,0.4114,0.398489,0.411544,0.7078,2.456873,0.00016,0.000305,0.256,0.252379,0.259622,0.252956,0.259035,0.253622,0.25836,0.143417,20.71,180.0,17.04,16.86,17.23,16.89,17.2,16.92,17.16,1.0,A,0,0,0,0,0,0.0,0.0,11.53,10.74,0.0,32.58,高可信,D_正常,1.0,equasis_real
273270940,9377779.0,Vozrozhdeniye,Russia,Legacy Marine,2007.0,AFRAMAX TNKR,0000-00-00,Shanghai Waigaoqiao Shipbuilding,China,1,70144,180.7,2,中风险,False,False,True,True,1,Grey,Medium Performance,5.6e-05,8e-06,0.000104,9e-06,8.6e-05,1.2e-05,6.9e-05,20,2,0,64.6,0.1,0.348398,0.221916,0.218841,0.224991,0.219331,0.224492,0.219896,0.223919,1514,63.2,0.221904,0.12311,0.589,0.098013,0.175086,0.128,2.07727,0.001068,0.005945,0.346544,0.343022,0.350066,0.343586,0.349497,0.344236,0.348843,0.230212,27.74,180.0,16.92,16.75,17.08,16.78,17.06,16.81,17.02,1.0,A,0,0,0,0,0,0.0,0.0,79.04,3.62,71.94,86.14,高可信,A_确认影子,27.0,equasis_real
636015150,9514169.0,Green Warrior,Liberia,Polembros Shipping,2011.0,AFRAMAX TNKR,0000-00-00,Sumitomo,Japan,1,58052,180.7,0,未命中,False,False,False,False,0,White,High Performance,0.000136,4.7e-05,0.000226,5.3e-05,0.0002,6.2e-05,0.000173,25,6,1,411.4,0.1,0.395628,0.326253,0.32244,0.330067,0.323049,0.329451,0.323752,0.328741,522,463.6,0.326248,0.253961,0.6408,0.290708,0.111891,0.2938,1.961576,0.000119,0.00077,0.110968,0.108413,0.113523,0.108816,0.113105,0.109283,0.112625,0.051814,8.92,159.18,16.9,16.74,17.07,16.76,17.04,16.79,17.01,1.0,A,0,0,0,0,0,0.0,0.0,13.43,9.06,0.0,31.19,高可信,D_正常,11.0,equasis_real
636022405,9297369.0,Ursus Arctos,Liberia,Solid Energy Solutions,2006.0,AFRAMAX TNKR,0000-00-00,Samsung,South Korea,2,36345,180.7,0,未命中,False,False,False,False,0,White,High Performance,0.00019,5.9e-05,0.000322,6.7e-05,0.000283,7.8e-05,0.000242,23,5,1,309.0,0.1,0.402421,0.310187,0.305431,0.314942,0.306189,0.314172,0.307065,0.313286,207,391.9,0.310175,0.124926,0.58,0.289744,0.185588,0.2869,1.397166,0.004867,0.025949,0.132534,0.129048,0.13602,0.129597,0.135448,0.130232,0.134792,0.062152,11.18,169.12,16.61,16.4,16.83,16.43,16.79,16.47,16.75,0.909,A,0,0,0,0,0,0.0,0.0,30.88,3.77,23.49,38.27,高可信,D_正常,20.0,equasis_real
235076274,9426207.0,Eagle Hamilton,Isle of Man,AET,2010.0,AFRAMAX TNKR,0000-00-00,HSG Sungdong Shipbuilding,South Korea,1,132463,180.6,0,未命中,False,False,False,False,0,White,High Performance,9.8e-05,4.6e-05,0.000149,5.1e-05,0.000136,5.7e-05,0.000122,17,11,1,136.9,0.0,0.324581,0.324586,0.322065,0.327108,0.322469,0.326701,0.322934,0.326233,3566,118.2,0.324584,0.408441,0.6415,0.139203,0.009141,0.0,3.117889,1.5e-05,0.0,0.093694,0.092124,0.095263,0.092373,0.095007,0.09266,0.094713,0.029419,10.24,172.98,16.48,16.37,16.59,16.39,16.57,16.41,16.55,1.0,A,0,0,0,0,0,0.0,0.0,16.48,15.41,0.0,46.68,高可信,D_正常,13.0,equasis_real
468124000,,,,,,,,,,0,28751,123.3,0,未命中,False,False,False,False,0,Unknown,Unknown,0.000275,9.6e-05,0.000455,0.000108,0.000404,0.000124,0.00035,9,6,2,252.9,0.1,0.40249,0.308571,0.303233,0.31391,0.304083,0.313045,0.305065,0.312049,45,434.1,0.308557,0.08207,0.4743,0.298768,0.100015,0.0797,2.016009,6.7e-05,0.0,0.127472,0.123617,0.131326,0.124222,0.130692,0.124922,0.129965,0.064691,10.77,140.18,16.44,16.2,16.68,16.24,16.64,16.28,16.6,0.665,B,0,0,0,0,0,0.0,0.0,19.81,10.91,0.0,41.19,高可信,D_正常,11.0,simulated_noisy
352005847,9388728.0,Byzantium,Panama,MixTrade Marine,2007.0,LR2 TNKR,0000-00-00,Shanghai Waigaoqiao Shipbuilding,China,1,38944,180.7,0,未命中,False,False,False,False,0,White,High Performance,0.000178,5.5e-05,0.000301,6.2e-05,0.000264,7.3e-05,0.000226,24,5,0,70.0,0.1,0.334788,0.299244,0.294696,0.303792,0.295421,0.303055,0.296258,0.302208,492,245.9,0.299232,0.085728,0.5901,0.305384,0.095947,0.1206,1.766682,0.002052,0.020884,0.144796,0.141301,0.148291,0.141853,0.147719,0.14249,0.147062,0.081577,12.43,171.9,16.37,16.16,16.58,16.19,16.54,16.23,16.5,0.938,A,0,0,0,0,0,0.0,0.0,41.0,3.95,33.26,48.74,高可信,D_正常,21.0,equasis_real
419471000,9232917.0,Desh Prem,India,SCI,2003.0,AFRAMAX TNKR,0000-00-00,Hyundai Heavy Ind Ulsan Shipyard,South Korea,2,33438,180.5,0,未命中,False,False,False,False,1,Grey,Medium Performance,0.000416,0.000205,0.000627,0.000224,0.000574,0.000248,0.000518,32,12,3,131.6,0.1,0.369968,0.290921,0.286053,0.295788,0.286828,0.294999,0.287723,0.294091,70,213.1,0.290905,0.186351,0.5159,0.435234,0.170562,0.4064,1.322648,5.7e-05,0.0,0.157275,0.153373,0.161177,0.153988,0.160538,0.1547,0.159804,0.064356,12.71,166.24,16.25,16.02,16.48,16.05,16.44,16.1,16.4,0.876,A,0,0,0,0,0,0.0,0.0,43.3,1.71,39.95,46.65,高可信,D_正常,12.0,equasis_real
311000225,9408322.0,Tarbet Spirit,Bahamas,Teekay Tankers,2009.0,AFRAMAX TNKR,0000-00-00,Tsuneishi Zosen,Japan,1,112331,180.6,0,未命中,False,False,False,False,0,White,High Performance,7.1e-05,2.4e-05,0.000117,2.8e-05,0.000103,3.2e-05,9e-05,10,6,0,58.8,0.0,0.427362,0.334535,0.331776,0.337294,0.332217,0.336849,0.332727,0.336336,604,329.7,0.334532,0.070351,0.4531,0.327626,0.113668,0.3992,6.726018,1.7e-05,0.0,0.057321,0.055962,0.05868,0.056176,0.058457,0.056423,0.058201,0.023875,5.6,156.15,16.2,16.09,16.31,16.11,16.3,16.13,16.27,1.0,A,0,0,0,0,0,0.0,0.0,15.12,6.65,2.09,28.15,高可信,D_正常,19.0,equasis_real
667002072,9394935.0,Osana,Sierra Leone,Wayfox Service,2008.0,AFRAMAX TNKR,0000-00-00,New Times Shipbuilding,China,1,61406,180.7,2,中风险,False,False,True,True,2,Grey,Low Performance,0.000162,6.6e-05,0.000257,7.3e-05,0.000231,8.3e-05,0.000204,64,8,2,135.4,0.1,0.388073,0.328871,0.325155,0.332587,0.325749,0.331987,0.326434,0.331295,135,440.1,0.328866,0.093778,0.5905,0.307963,0.103533,0.113,1.410758,0.000959,0.008968,0.066181,0.064215,0.068147,0.064523,0.067823,0.06488,0.067452,0.026087,6.12,137.1,16.13,15.97,16.28,16.0,16.25,16.03,16.23,1.0,A,0,0,0,0,0,0.0,0.0,88.5,9.4,70.08,100.0,高可信,A_确认影子,41.0,equasis_real
631010107,9388742.0,Fondeya,Equatorial Guinea,Shan Hei Shipping,2008.0,LR2 TNKR,0000-00-00,Shanghai Waigaoqiao Shipbuilding,China,1,19989,63.5,2,中风险,False,False,True,True,0,Not Listed,Not Listed,0.000346,0.000107,0.000586,0.000122,0.000514,0.000142,0.00044,13,5,1,84.1,0.1,0.34479,0.334966,0.328424,0.341508,0.329465,0.340448,0.330668,0.339227,276,96.9,0.334951,0.184662,0.6168,0.079571,0.09388,0.0301,1.395527,0.00975,0.102933,0.051325,0.048267,0.054382,0.048733,0.053865,0.049276,0.053275,0.012053,4.59,143.99,16.11,15.84,16.37,15.89,16.33,15.93,16.28,0.401,C,0,0,0,0,0,0.0,0.0,66.76,8.64,49.83,83.69,中可信,A_确认影子,43.0,equasis_real
525119057,9247833.0,Seaborne Petro,Indonesia,Waruna Nusa Sentana,2003.0,AFRAMAX TNKR,0000-00-00,Tadotsu Tsuneishi,Japan,2,18553,180.7,0,未命中,False,False,False,False,0,Not Listed,High Performance,0.000966,0.000531,0.001401,0.000573,0.001297,0.000627,0.001186,53,16,3,88.7,0.2,0.324368,0.289862,0.283334,0.29639,0.28437,0.295328,0.285567,0.294107,91,240.5,0.289834,0.338254,0.535,0.389116,0.394891,0.3724,1.356786,0.000104,0.0,0.149299,0.144171,0.154427,0.144974,0.153581,0.145903,0.152611,0.079337,12.98,143.64,16.05,15.74,16.36,15.79,16.31,15.85,16.25,0.709,B,0,0,0,0,0,0.0,0.0,13.94,8.91,0.0,31.4,高可信,D_正常,19.0,equasis_real
241367000,9346861.0,Kriti Verano,Greece,Avin International,2008.0,AFRAMAX TNKR,0000-00-00,Mitsui Ichihara,Japan,1,55977,180.0,0,未命中,False,False,False,False,0,White,High Performance,0.000195,8.5e-05,0.000306,9.4e-05,0.000276,0.000105,0.000246,29,9,1,74.1,0.1,0.353877,0.246315,0.242746,0.249884,0.243314,0.249305,0.24397,0.24864,211,499.6,0.246302,0.14687,0.6047,0.350148,0.183758,0.6066,1.414485,3.4e-05,0.0,0.241366,0.237821,0.244911,0.238386,0.244336,0.239037,0.243675,0.140021,18.62,180.0,15.92,15.74,16.1,15.76,16.07,15.8,16.03,0.999,A,0,0,0,0,0,0.0,0.0,17.49,1.28,14.98,20.0,高可信,D_正常,18.0,equasis_real
413120000,9283277.0,Yu Lin Wan,China,COSCO Shipping Energy Transportation,2004.0,LR2 TNKR,0000-00-00,Dalian New Yard,China,2,104902,180.7,0,未命中,False,False,False,False,0,White,High Performance,5.6e-05,1.5e-05,9.8e-05,1.7e-05,8.5e-05,2e-05,7.2e-05,21,4,0,70.2,0.0,0.338954,0.266476,0.263801,0.269152,0.264228,0.268719,0.264721,0.268221,177,72.4,0.26647,0.186338,0.516,0.25534,0.157693,0.5706,3.109699,1.8e-05,0.0,0.194524,0.192129,0.196919,0.19251,0.196531,0.192951,0.196084,0.091142,15.25,177.88,15.88,15.75,16.01,15.77,15.99,15.8,15.97,1.0,A,0,0,0,0,0,0.0,0.0,16.42,5.54,5.56,27.28,高可信,D_正常,13.0,equasis_real
311027700,9438858.0,Maran Amundsen,Bahamas,Maran Shuttle Tankers,2010.0,AFRAMAX SHUTTLE TNKR,0000-00-00,Samsung,South Korea,1,73973,180.4,0,未命中,False,False,False,False,0,White,High Performance,0.000188,9.3e-05,0.000284,0.000101,0.00026,0.000112,0.000234,20,12,1,117.0,0.1,0.389804,0.30942,0.306089,0.312751,0.306621,0.312213,0.307236,0.311593,318,188.2,0.309414,0.092014,0.5262,0.18257,0.107506,0.1187,2.667009,2.6e-05,0.0,0.096223,0.094098,0.098348,0.094434,0.098001,0.094821,0.097601,0.042785,8.5,170.4,15.85,15.71,16.0,15.73,15.97,15.76,15.95,1.0,A,0,0,0,0,0,0.0,0.0,25.79,5.12,15.75,35.83,高可信,D_正常,16.0,equasis_real
613271440,9282508.0,Cauveri,Cameroon,Jalyan Ship Management,2005.0,AFRAMAX TNKR,0000-00-00,Samsung,South Korea,2,50608,180.6,1,低风险,True,False,False,False,3,Black,Low Performance,0.000196,8e-05,0.000312,8.9e-05,0.000281,0.000101,0.000248,21,8,2,114.9,0.1,0.508912,0.257942,0.25413,0.261754,0.254738,0.261136,0.255438,0.260425,49,615.1,0.257929,0.088081,0.3892,0.258401,0.392239,0.094,0.785004,0.006479,0.016423,0.203504,0.199997,0.207012,0.200554,0.206442,0.201197,0.205786,0.079788,15.71,166.17,15.68,15.49,15.87,15.52,15.84,15.56,15.8,1.0,A,0,0,0,0,0,0.0,0.0,85.45,11.27,63.36,100.0,高可信,A_确认影子,28.0,equasis_real
352004905,,,,,,,,,,0,29939,139.5,0,未命中,False,False,False,False,0,Unknown,Unknown,0.000265,9.2e-05,0.000437,0.000104,0.000388,0.000119,0.000336,8,6,1,100.5,0.1,0.371823,0.318337,0.313061,0.323614,0.313902,0.322759,0.314873,0.321775,267,132.3,0.318325,0.153623,0.5553,0.088406,0.161772,0.0996,2.108493,6.4e-05,0.0,0.066667,0.063842,0.069492,0.064279,0.069021,0.064787,0.068482,0.022677,6.55,148.4,15.66,15.45,15.88,15.48,15.85,15.52,15.81,0.723,B,0,0,0,0,0,0.0,0.0,14.99,12.96,0.0,40.39,高可信,D_正常,2.0,simulated_noisy
238250000,9334727.0,Dugi Otok,Croatia,Tankerska Plovidba,2008.0,AFRAMAX TNKR,0000-00-00,Brodosplit,Croatia,1,85857,180.6,0,未命中,False,False,False,False,1,White,Medium Performance,9.2e-05,3.2e-05,0.000152,3.6e-05,0.000135,4.2e-05,0.000117,20,6,0,68.0,0.1,0.451297,0.316069,0.312959,0.319179,0.313456,0.318676,0.31403,0.318098,473,141.5,0.316064,0.144477,0.5918,0.168244,0.188746,0.5633,1.907431,0.080012,0.423846,0.069079,0.067383,0.070775,0.06765,0.070497,0.067959,0.070178,0.022443,5.54,166.88,15.61,15.48,15.74,15.5,15.71,15.52,15.69,1.0,A,0,0,0,0,0,0.0,0.0,25.43,17.74,0.0,60.2,高可信,D_正常,14.0,equasis_real
650000116,9242223.0,Rens,Mozambique,Adonia Shipping,2003.0,AFRAMAX TNKR,0000-00-00,Daewoo,South Korea,2,27630,138.2,3,高风险,True,False,True,True,0,Not Listed,Not Listed,0.00025,7.7e-05,0.000424,8.8e-05,0.000372,0.000103,0.000319,6,5,2,452.3,0.1,0.338256,0.331583,0.326033,0.337134,0.326918,0.336235,0.327939,0.335201,29,524.5,0.331572,0.082903,0.4609,0.442397,0.181622,0.0511,2.473223,7e-05,0.0,0.033475,0.031355,0.035595,0.031677,0.035235,0.032052,0.034825,0.015994,3.36,136.24,15.6,15.38,15.81,15.42,15.77,15.46,15.73,0.694,B,0,0,0,0,0,0.0,0.0,62.77,1.14,60.54,65.0,高可信,A_确认影子,33.0,simulated_noisy
255806213,,,,,,,,,,0,23722,89.3,0,未命中,False,False,False,False,0,Unknown,Unknown,0.000123,7e-06,0.000239,9e-06,0.000189,1.3e-05,0.000141,6,1,0,30.9,0.1,0.708035,0.219883,0.214614,0.225153,0.215447,0.224293,0.21641,0.223305,81,366.3,0.219847,0.114555,0.5169,0.265562,0.526975,0.6772,2.30615,8.1e-05,0.0,0.282057,0.276331,0.287784,0.277241,0.286853,0.278291,0.285783,0.12583,22.79,180.0,15.54,15.26,15.81,15.31,15.77,15.36,15.72,0.514,B,0,0,0,0,0,0.0,0.0,9.31,8.95,0.0,26.85,高可信,D_正常,2.0,simulated_noisy
461000219,9292204.0,Amazon,Oman,Sovcomflot,2005.0,AFRAMAX TNKR,0000-00-00,Hyundai Heavy Ind Ulsan Shipyard,South Korea,2,32900,180.6,2,中风险,False,False,True,True,0,Not Listed,Not Listed,0.000332,0.000144,0.00052,0.000159,0.00047,0.000179,0.000418,20,9,2,133.7,0.1,0.344286,0.281849,0.276988,0.28671,0.277762,0.285922,0.278655,0.285014,172,84.6,0.281832,0.137276,0.5706,0.289744,0.124238,0.1003,3.048402,5.8e-05,0.0,0.135925,0.132222,0.139628,0.132805,0.139021,0.133479,0.138323,0.075044,11.68,173.12,15.41,15.19,15.63,15.22,15.6,15.26,15.55,0.87,A,0,0,0,0,0,0.0,0.0,67.56,6.62,54.58,80.54,高可信,A_确认影子,38.0,equasis_real
636013683,9361512.0,New Ability,Liberia,Associated Maritime,2008.0,AFRAMAX TNKR,0000-00-00,Sumitomo,Japan,1,48761,180.6,0,未命中,False,False,False,False,0,White,High Performance,0.000162,5.6e-05,0.000268,6.4e-05,0.000238,7.3e-05,0.000206,28,6,2,149.9,0.1,0.33131,0.296893,0.292837,0.300948,0.293484,0.300291,0.294231,0.299536,185,414.9,0.296883,0.18831,0.6031,0.388131,0.103741,0.2029,1.617704,3.9e-05,0.0,0.101289,0.098611,0.103966,0.099032,0.103527,0.099519,0.103022,0.061051,9.52,163.21,15.39,15.21,15.57,15.24,15.54,15.27,15.5,1.0,A,0,0,0,0,0,0.0,0.0,18.53,7.52,3.79,33.27,高可信,D_正常,10.0,equasis_real
613670000,,,,,,,,,,0,17817,180.4,0,未命中,False,False,False,False,0,Unknown,Unknown,0.000444,0.000154,0.000735,0.000174,0.000651,0.000201,0.000565,29,6,0,71.1,0.2,0.304765,0.269511,0.262997,0.276026,0.264029,0.274964,0.265222,0.273744,276,220.1,0.269477,0.141964,0.587,0.299824,0.110316,0.1268,1.314808,0.002465,0.021385,0.162146,0.156734,0.167557,0.157582,0.166666,0.158564,0.165644,0.088563,13.99,140.24,15.38,15.07,15.69,15.12,15.64,15.18,15.58,0.7,B,0,0,0,0,0,0.0,0.0,21.93,9.72,2.88,40.98,高可信,D_正常,14.0,simulated_noisy
613322700,9408530.0,Evita,Cameroon,Aether Craft,2008.0,LR2 TNKR,0000-00-00,STX Offshore,South Korea,1,50940,180.6,2,中风险,False,False,True,True,3,Black,Low Performance,0.000195,8e-05,0.00031,8.8e-05,0.000279,0.0001,0.000246,28,8,0,69.9,0.1,0.316686,0.313265,0.309237,0.317293,0.30988,0.316641,0.310622,0.315891,153,196.6,0.313257,0.110728,0.5977,0.124662,0.103269,0.0346,2.006629,3.8e-05,0.0,0.064074,0.061948,0.0662,0.06228,0.065849,0.062664,0.065446,0.026795,6.13,163.03,15.38,15.22,15.55,15.24,15.52,15.27,15.49,1.0,A,0,0,0,0,0,0.0,0.0,77.23,20.97,36.13,100.0,高可信,A_确认影子,23.0,equasis_real
477607200,9304368.0,Seasenator,"Hong Kong, China",Valles Steamship,2007.0,AFRAMAX TNKR,0000-00-00,Namura,Japan,1,48891,180.7,0,未命中,False,False,False,False,0,White,High Performance,0.000264,0.000126,0.000403,0.000138,0.000368,0.000153,0.00033,14,11,5,266.0,0.1,0.342987,0.327538,0.323378,0.331698,0.324043,0.331025,0.324809,0.330251,285,534.4,0.327531,0.188362,0.4309,0.16305,0.123038,0.0442,4.856087,3.9e-05,0.0,0.031477,0.029929,0.033024,0.030167,0.032764,0.030444,0.032468,0.012823,3.84,146.4,15.38,15.22,15.53,15.24,15.51,15.27,15.48,1.0,A,0,0,0,0,0,0.0,0.0,17.39,13.96,0.0,44.75,高可信,D_正常,10.0,equasis_real
667002294,9258882.0,Vellamo,Sierra Leone,Zelturion Tradebridge,2003.0,AFRAMAX TNKR,0000-00-00,Samsung,South Korea,2,26707,75.4,2,中风险,False,False,True,True,2,Grey,Low Performance,0.000184,3.8e-05,0.00033,4.5e-05,0.000281,5.4e-05,0.000232,5,3,0,57.2,0.1,0.319092,0.314326,0.308759,0.319894,0.309646,0.318991,0.310669,0.317953,11,180.3,0.314311,0.036686,0.489,0.597603,0.067311,0.0644,1.26515,7.2e-05,0.0,0.055676,0.052926,0.058425,0.053349,0.057964,0.053841,0.057437,0.024972,4.65,141.07,15.26,15.04,15.49,15.07,15.45,15.11,15.41,0.509,B,0,0,0,0,0,0.0,0.0,89.56,9.94,70.08,100.0,高可信,A_确认影子,38.0,equasis_real
613489900,9270555.0,Loyal Glide,Cameroon,Elxis Energy,2003.0,AFRAMAX TNKR,0000-00-00,Imabari,Japan,2,18474,42.4,2,中风险,False,False,True,True,3,Black,Low Performance,0.00032,8.4e-05,0.000557,9.7e-05,0.000482,0.000115,0.000407,6,4,1,120.5,0.1,0.278391,0.274811,0.268375,0.281248,0.269395,0.2802,0.270574,0.278995,65,88.4,0.274779,0.196123,0.4351,0.463273,0.010819,0.1166,1.0101,0.000104,0.0,0.1429,0.137854,0.147947,0.138643,0.147114,0.139557,0.146159,0.091476,12.69,146.35,15.23,14.93,15.53,14.98,15.48,15.03,15.42,0.325,C,0,0,0,0,0,0.0,0.0,85.97,13.4,59.71,100.0,中可信,A_确认影子,24.0,equasis_real
314001155,9470131.0,Torvian,Barbados,Wulio Shipping,2011.0,AFRAMAX TNKR,0000-00-00,Samsung,South Korea,1,83109,180.7,0,未命中,False,False,False,False,1,White,Medium Performance,0.000107,4.1e-05,0.000174,4.6e-05,0.000155,5.2e-05,0.000136,23,7,0,57.2,0.1,0.391161,0.295922,0.292819,0.299025,0.293315,0.298524,0.293887,0.297946,259,282.0,0.295916,0.075006,0.5069,0.329458,0.163464,0.3303,1.168023,4.7e-05,0.000147,0.093455,0.091476,0.095434,0.091788,0.09511,0.09215,0.094738,0.041703,7.72,168.41,15.19,15.05,15.32,15.08,15.3,15.1,15.28,1.0,A,0,0,0,0,0,0.0,0.0,36.61,5.2,26.42,46.8,高可信,D_正常,2.0,simulated_noisy
667002544,,,,,,,,,,0,32377,144.4,0,未命中,False,False,False,False,0,Unknown,Unknown,0.000152,3.2e-05,0.000272,3.7e-05,0.000232,4.5e-05,0.000191,8,3,2,778.3,0.1,0.499089,0.302028,0.297027,0.307029,0.297824,0.306218,0.298743,0.305286,74,164.7,0.302014,0.163705,0.5508,0.424673,0.252863,0.3015,3.313238,5.9e-05,0.0,0.079777,0.076826,0.082728,0.077285,0.082239,0.077818,0.081678,0.037741,7.06,145.99,15.19,14.98,15.4,15.01,15.37,15.05,15.33,0.764,B,0,0,0,0,0,0.0,0.0,9.6,8.57,0.0,26.4,高可信,D_正常,2.0,simulated_noisy
461000238,9413547.0,Amulet,Oman,Sovcomflot,2009.0,LR2 TNKR,0000-00-00,Hyundai Heavy Ind Ulsan Shipyard,South Korea,1,45267,175.0,2,中风险,False,False,True,True,0,Not Listed,Not Listed,0.000109,2.3e-05,0.000195,2.6e-05,0.000166,3.2e-05,0.000137,11,3,0,70.0,0.1,0.305123,0.258664,0.25463,0.262697,0.255272,0.262043,0.256013,0.26129,306,190.3,0.258649,0.224006,0.4866,0.136036,0.138365,0.0848,1.833835,4.2e-05,0.0,0.175137,0.171636,0.178639,0.172191,0.178068,0.172832,0.177412,0.095874,13.76,168.31,15.15,14.95,15.34,14.98,15.31,15.02,15.27,0.985,A,0,0,0,0,0,0.0,0.0,20.38,9.94,0.9,39.86,高可信,C_名单被动,17.0,simulated_noisy
667002307,9187760.0,Bursa,Sierra Leone,Fornax Maritime,1999.0,AFRAMAX TNKR,0000-00-00,Sumitomo,Japan,3,19003,180.7,0,未命中,False,False,False,False,2,Grey,Low Performance,0.000312,8.2e-05,0.000541,9.5e-05,0.000469,0.000112,0.000395,34,4,0,70.0,0.2,0.891754,0.011939,0.010398,0.01348,0.010617,0.013202,0.010876,0.012889,4,43.4,0.011841,0.104169,0.1155,0.894792,0.938816,4.2098,0.671186,0.000101,0.0,0.728097,0.721771,0.734424,0.722802,0.733421,0.723986,0.732262,0.442245,55.27,177.44,15.11,14.93,15.28,14.95,15.25,14.99,15.22,0.714,B,0,0,0,0,0,0.0,0.0,27.89,11.07,6.19,49.59,高可信,D_正常,22.0,simulated_noisy
564329000,9417892.0,Eagle Klang,Singapore,AET,2010.0,AFRAMAX TNKR,0000-00-00,Tsuneishi Zosen,Japan,1,80615,180.7,0,未命中,False,False,False,False,0,White,High Performance,0.000222,0.000122,0.000322,0.000132,0.000299,0.000144,0.000273,21,16,4,121.9,0.1,0.341686,0.316674,0.313463,0.319885,0.313977,0.319367,0.314569,0.31877,291,558.0,0.31667,0.08911,0.4773,0.180934,0.101576,0.1388,1.953427,2.4e-05,0.0,0.042783,0.041386,0.04418,0.041604,0.043949,0.041857,0.043684,0.021571,4.22,170.66,15.11,14.98,15.24,15.0,15.22,15.03,15.19,1.0,A,0,0,0,0,0,0.0,0.0,24.72,5.94,13.08,36.36,高可信,D_正常,14.0,simulated_noisy
574003890,9364227.0,PVT Hera,Vietnam,PETROVIETNAM,2008.0,AFRAMAX TNKR,0000-00-00,Sumitomo,Japan,1,28396,180.2,0,未命中,False,False,False,False,2,Black,High Performance,0.000525,0.000268,0.000783,0.000291,0.00072,0.000321,0.000652,44,13,3,137.4,0.2,0.356705,0.291266,0.285982,0.296551,0.286823,0.295693,0.287794,0.294707,93,642.3,0.291248,0.218097,0.5834,0.052524,0.121195,0.8129,1.235267,6.8e-05,0.0,0.090891,0.087548,0.094234,0.088069,0.09368,0.088673,0.093046,0.033911,8.68,153.13,14.94,14.71,15.17,14.74,15.13,14.78,15.09,0.819,A,0,0,0,0,0,0.0,0.0,42.74,0.63,41.51,43.97,高可信,D_正常,10.0,simulated_noisy
636025888,9389978.0,Archangel Gabriel,Liberia,Nishihama Kisen,2010.0,LR2 TNKR,0000-00-00,Tadotsu Tsuneishi,Japan,1,61782,166.8,0,未命中,False,False,False,False,0,White,High Performance,0.000161,6.6e-05,0.000256,7.3e-05,0.00023,8.3e-05,0.000203,12,8,2,82.9,0.1,0.40651,0.286796,0.28323,0.290362,0.283799,0.289785,0.284456,0.289121,152,414.1,0.286787,0.195076,0.4731,0.241982,0.21419,0.2494,2.726629,3.1e-05,0.0,0.095965,0.093643,0.098288,0.094009,0.097907,0.094432,0.09747,0.042503,8.21,154.56,14.83,14.67,14.98,14.7,14.96,14.73,14.93,0.962,A,0,0,0,0,0,0.0,0.0,10.82,8.05,0.0,26.6,高可信,D_正常,7.0,simulated_noisy
647553027,,,,,,,,,,0,11310,56.8,0,未命中,False,False,False,False,0,Unknown,Unknown,0.00017,0.0,0.00034,0.0,0.000239,0.0,0.000145,1,0,0,14.2,0.1,0.28939,0.289461,0.281105,0.297818,0.282427,0.296454,0.283954,0.294887,5,361.7,0.289416,0.156704,0.5238,0.451489,0.002468,0.0,1.222902,0.00017,0.0,0.088854,0.083612,0.094096,0.084413,0.093212,0.085345,0.092202,0.036775,8.0,164.24,14.81,14.45,15.17,14.5,15.11,14.57,15.04,0.285,C,0,0,0,0,0,0.0,0.0,18.23,13.44,0.0,44.57,中可信,D_正常,2.0,simulated_noisy
613007200,9522324.0,Sierra,Cameroon,Sovcomflot,2011.0,AFRAMAX TNKR,0000-00-00,Hyundai Samho Heavy Ind,South Korea,1,20318,180.4,2,中风险,False,False,True,True,3,Black,Low Performance,0.001128,0.000676,0.00158,0.000723,0.001477,0.000782,0.001366,43,21,5,301.0,0.2,0.330446,0.24146,0.235576,0.247344,0.236508,0.246384,0.237584,0.245281,56,221.6,0.241423,0.214199,0.593,0.191446,0.232947,0.0583,1.461364,0.000734,0.002747,0.194505,0.189063,0.199947,0.18992,0.199056,0.190912,0.198032,0.085783,15.2,160.72,14.78,14.49,15.08,14.53,15.03,14.59,14.97,0.728,B,0,0,0,0,0,0.0,0.0,72.29,17.09,38.79,100.0,高可信,A_确认影子,11.0,simulated_noisy
636014923,9489027.0,Abu Dhabi III,Liberia,ADNOC Logistics and Services,2011.0,LR2 TNKR,0000-00-00,Hyundai Heavy Ind Ulsan Shipyard,South Korea,1,50378,180.6,0,未命中,False,False,False,False,0,White,High Performance,0.000256,0.000122,0.000391,0.000134,0.000357,0.000149,0.000321,22,11,8,366.2,0.1,0.382687,0.22897,0.225301,0.232639,0.225884,0.232043,0.226558,0.231358,814,77.0,0.228954,0.063374,0.3121,0.25569,0.210372,0.125,1.063292,3.8e-05,0.0,0.221524,0.217898,0.225151,0.218475,0.224562,0.21914,0.223884,0.11761,17.03,170.99,14.74,14.55,14.93,14.58,14.9,14.62,14.86,1.0,A,0,0,0,0,0,0.0,0.0,22.94,11.16,1.07,44.81,高可信,D_正常,5.0,simulated_noisy
249078000,9373668.0,Seaprincess,Malta,Thenamaris,2008.0,AFRAMAX TNKR,0000-00-00,Samsung,South Korea,1,46383,180.7,0,未命中,False,False,False,False,0,White,High Performance,0.000214,8.7e-05,0.00034,9.7e-05,0.000306,0.00011,0.00027,21,8,1,72.0,0.1,0.494319,0.275486,0.27142,0.279552,0.272068,0.278893,0.272816,0.278135,199,395.2,0.275473,0.08291,0.5711,0.284726,0.298057,0.375,3.044788,4.1e-05,0.0,0.113639,0.110751,0.116528,0.111206,0.116054,0.111732,0.11551,0.055989,9.77,159.16,14.67,14.49,14.86,14.52,14.83,14.55,14.79,1.0,A,0,0,0,0,0,0.0,0.0,27.36,8.62,10.46,44.26,高可信,D_正常,26.0,simulated_noisy
650630000,,,,,,,,,,0,33363,91.4,0,未命中,False,False,False,False,0,Unknown,Unknown,0.000118,1.6e-05,0.000219,2e-05,0.000181,2.5e-05,0.000144,11,2,1,101.5,0.1,0.301532,0.29622,0.291321,0.301119,0.292101,0.300325,0.293002,0.299411,193,86.2,0.296205,0.280096,0.5825,0.173351,0.0674,0.1304,1.728182,0.000717,0.009791,0.059165,0.056634,0.061696,0.057026,0.061275,0.057481,0.060792,0.026464,5.83,143.55,14.52,14.32,14.72,14.35,14.68,14.38,14.64,0.628,B,0,0,0,0,0,0.0,0.0,17.16,13.47,0.0,43.56,高可信,D_正常,16.0,simulated_noisy
613003709,9293155.0,Benedict,Cameroon,Junia Shipping,2005.0,AFRAMAX TNKR,0000-00-00,Hyundai Heavy Ind Ulsan Shipyard,South Korea,2,24923,180.7,3,高风险,True,False,True,True,3,Black,Low Performance,0.000197,4.1e-05,0.000354,4.8e-05,0.000301,5.8e-05,0.000248,15,3,1,82.0,0.2,0.962685,0.123398,0.119315,0.127481,0.119954,0.126807,0.120694,0.126035,76,153.4,0.123345,0.033776,0.1265,0.806898,0.847718,1.0462,0.0,7.7e-05,0.0,0.443847,0.437678,0.450015,0.438667,0.449021,0.439807,0.447877,0.306382,34.72,178.55,14.43,14.18,14.68,14.22,14.64,14.27,14.59,0.78,B,0,0,0,0,0,0.0,0.0,62.79,21.81,20.04,100.0,高可信,A_确认影子,2.0,simulated_noisy
636025194,9312858.0,Anemoni,Liberia,IMS SA,2007.0,LR2 TNKR,0000-00-00,Hyundai Heavy Ind Ulsan Shipyard,South Korea,1,43257,180.7,0,未命中,False,False,False,False,0,White,High Performance,0.000299,0.000142,0.000455,0.000156,0.000415,0.000173,0.000373,28,11,4,125.0,0.1,0.430936,0.30027,0.29595,0.304589,0.296639,0.30389,0.297434,0.303085,191,314.1,0.300259,0.159935,0.6388,0.252776,0.191372,0.3067,1.351686,0.000114,0.000362,0.037726,0.035931,0.039521,0.036208,0.039221,0.036529,0.038877,0.015788,3.88,160.13,14.27,14.1,14.44,14.13,14.42,14.16,14.38,0.986,A,0,0,0,0,0,0.0,0.0,16.35,3.44,9.61,23.09,高可信,D_正常,16.0,simulated_noisy
613541500,9346873.0,Elodie I,Cameroon,Dilemma Lau,2008.0,LR2 TNKR,0000-00-00,Mitsui Ichihara,Japan,1,51986,180.7,2,中风险,False,False,True,True,3,Black,Low Performance,0.000229,0.000104,0.000354,0.000115,0.000322,0.000129,0.000288,20,10,0,57.1,0.1,0.328338,0.277591,0.273742,0.281441,0.274356,0.280817,0.275064,0.2801,514,162.2,0.27758,0.079052,0.467,0.155252,0.130659,0.1642,2.23467,3.7e-05,0.0,0.088003,0.085568,0.090438,0.08595,0.090038,0.086393,0.089579,0.047127,7.99,160.04,14.26,14.09,14.42,14.12,14.4,14.15,14.37,1.0,A,0,0,0,0,0,0.0,0.0,75.77,21.03,34.55,100.0,高可信,A_确认影子,16.0,simulated_noisy
538009850,9420629.0,Sea Valiant,Marshall Islands,Sea World Management and Trading,2010.0,AFRAMAX TNKR,0000-00-00,Tadotsu Tsuneishi,Japan,1,85548,180.7,0,未命中,False,False,False,False,0,White,High Performance,8.1e-05,2.5e-05,0.000137,2.8e-05,0.00012,3.3e-05,0.000103,18,5,0,57.1,0.1,0.417882,0.29167,0.288624,0.294716,0.289111,0.294224,0.289673,0.293657,369,83.2,0.291664,0.174805,0.5337,0.340521,0.181632,0.6643,1.23158,2.2e-05,0.0,0.05135,0.049872,0.052829,0.050103,0.052586,0.050372,0.052306,0.021005,4.65,172.06,14.15,14.03,14.28,14.05,14.26,14.07,14.23,1.0,A,0,0,0,0,0,0.0,0.0,10.21,7.28,0.0,24.48,高可信,D_正常,2.0,simulated_noisy
613472010,,,,,,,,,,0,34712,155.8,0,未命中,False,False,False,False,0,Unknown,Unknown,0.000228,7.9e-05,0.000377,8.9e-05,0.000334,0.000103,0.00029,15,6,2,386.8,0.1,0.350398,0.283845,0.279102,0.288588,0.279857,0.287819,0.280729,0.286934,129,188.5,0.283829,0.19452,0.5731,0.320961,0.213935,0.1718,2.065684,0.002705,0.012391,0.066863,0.064235,0.06949,0.064643,0.069053,0.065117,0.068553,0.030909,6.07,163.03,14.12,13.92,14.31,13.95,14.28,13.98,14.24,0.822,A,0,0,0,0,0,0.0,0.0,15.71,11.26,0.0,37.78,高可信,D_正常,20.0,simulated_noisy
461000370,9345623.0,Elyte,Oman,Mawja Marine,2008.0,LR2 TNKR,0000-00-00,Namura,Japan,1,30464,127.8,2,中风险,False,False,True,True,0,Not Listed,Not Listed,0.000227,7e-05,0.000384,8e-05,0.000337,9.3e-05,0.000289,29,5,2,125.6,0.1,0.333016,0.288334,0.283248,0.293421,0.284057,0.292595,0.284992,0.291646,94,218.3,0.288317,0.099906,0.6029,0.152782,0.093637,0.1719,1.077462,0.007021,0.07436,0.055375,0.052807,0.057942,0.053203,0.057513,0.053663,0.057022,0.026291,5.35,140.52,14.09,13.88,14.3,13.91,14.26,13.95,14.22,0.697,B,0,0,0,0,0,0.0,0.0,67.4,10.18,47.45,87.35,高可信,A_确认影子,36.0,simulated_noisy
419472000,9243021.0,Desh Rakshak,India,SCI,2003.0,AFRAMAX TNKR,0000-00-00,Hyundai Heavy Ind Ulsan Shipyard,South Korea,2,37183,179.3,0,未命中,False,False,False,False,1,Grey,Medium Performance,0.000267,0.000109,0.000425,0.000121,0.000382,0.000137,0.000337,21,8,2,107.3,0.1,0.320227,0.244036,0.23967,0.248401,0.240364,0.247692,0.241165,0.246876,49,480.9,0.244016,0.398149,0.4799,0.593109,0.221124,0.9343,1.527116,5.2e-05,0.0,0.139955,0.136429,0.143481,0.136984,0.142903,0.137627,0.14224,0.070353,11.51,161.36,13.79,13.58,13.99,13.61,13.96,13.65,13.92,0.915,A,0,0,0,0,0,0.0,0.0,37.71,17.48,3.45,71.97,高可信,D_正常,31.0,simulated_noisy
273275360,9436941.0,Integrator,Russia,Elgon Maritime Corp,2010.0,AFRAMAX TNKR,0000-00-00,Sumitomo,Japan,1,17996,128.8,3,高风险,True,False,True,True,1,Grey,Medium Performance,0.00044,0.000153,0.000727,0.000172,0.000645,0.000199,0.000559,26,6,6,132.0,0.2,0.256279,0.250998,0.244664,0.257332,0.245666,0.256298,0.246824,0.255111,88,160.8,0.250959,0.128219,0.5473,0.372544,0.006551,0.0196,1.509999,0.000107,0.0,0.123524,0.118717,0.128331,0.119466,0.127535,0.120334,0.126622,0.069845,11.07,146.3,13.78,13.48,14.07,13.53,14.02,13.58,13.96,0.559,B,0,0,0,0,0,0.0,0.0,60.42,6.14,48.39,72.45,高可信,A_确认影子,10.0,simulated_noisy
538002662,9334038.0,Best Shanghai,Marshall Islands,Seacon Tankers Shipmanage,2007.0,AFRAMAX TNKR,0000-00-00,Samsung,South Korea,1,21837,180.7,0,未命中,False,False,False,False,0,White,High Performance,0.000408,0.000155,0.000662,0.000174,0.000591,0.000198,0.000518,34,7,0,57.1,0.2,0.502771,0.249071,0.243336,0.254807,0.244244,0.253872,0.245294,0.252797,15,520.5,0.249038,0.157042,0.5574,0.329458,0.50364,0.683,0.852794,0.000363,0.000546,0.124007,0.119636,0.128378,0.120319,0.127656,0.12111,0.126828,0.055911,10.78,155.79,13.7,13.43,13.96,13.47,13.92,13.52,13.87,0.746,B,0,0,0,0,0,0.0,0.0,10.26,8.69,0.0,27.29,高可信,D_正常,7.0,simulated_noisy
631010100,9299769.0,Aquatica,Equatorial Guinea,Tafatafa Enclave,2005.0,AFRAMAX TNKR,0000-00-00,Hyundai Samho Heavy Ind,South Korea,2,41061,180.7,3,高风险,True,False,True,True,0,Not Listed,Not Listed,0.000169,5.2e-05,0.000285,5.9e-05,0.00025,6.9e-05,0.000214,22,5,1,74.7,0.1,0.248533,0.244002,0.239848,0.248156,0.240509,0.247482,0.241272,0.246706,318,149.1,0.243984,0.121465,0.5364,0.346233,0.108826,0.0516,1.957268,4.7e-05,0.0,0.128612,0.125374,0.13185,0.125884,0.131319,0.126474,0.13071,0.07647,11.17,159.53,13.56,13.36,13.75,13.39,13.72,13.43,13.68,0.962,A,0,0,0,0,0,0.0,0.0,47.1,7.22,32.95,61.25,高可信,A_确认影子,19.0,simulated_noisy
613321501,9313498.0,Jacklyn,Cameroon,Pacific Star Management,2008.0,AFRAMAX TNKR,0000-00-00,Tadotsu Tsuneishi,Japan,1,53480,180.6,2,中风险,False,False,True,True,3,Black,Low Performance,0.000111,2.9e-05,0.000192,3.4e-05,0.000167,4e-05,0.000141,13,4,1,82.6,0.1,0.356545,0.259834,0.256117,0.263551,0.25671,0.262948,0.257393,0.262255,311,152.6,0.259822,0.108499,0.5033,0.209691,0.14264,0.235,1.936991,3.6e-05,0.0,0.091734,0.089288,0.09418,0.089672,0.093778,0.090117,0.093317,0.044688,8.37,156.76,13.53,13.37,13.69,13.39,13.67,13.42,13.63,1.0,A,0,0,0,0,0,0.0,0.0,84.13,14.74,55.24,100.0,高可信,A_确认影子,35.0,simulated_noisy
413280000,9435296.0,Bei Hai Wei Wang,China,Shanghai North Sea Shipping,2007.0,AFRAMAX TNKR,0000-00-00,Shanghai Waigaoqiao Shipbuilding,China,1,62370,180.7,0,未命中,False,False,False,False,0,White,High Performance,9.5e-05,2.5e-05,0.000165,2.9e-05,0.000143,3.4e-05,0.00012,17,4,0,56.8,0.1,0.351194,0.274553,0.271051,0.278055,0.271609,0.277488,0.272254,0.276836,281,162.7,0.274543,0.108297,0.585,0.280028,0.149597,0.5256,1.586195,3.1e-05,0.0,0.057382,0.055557,0.059207,0.055842,0.058906,0.056173,0.05856,0.029308,5.42,177.89,13.5,13.36,13.65,13.38,13.62,13.41,13.6,1.0,A,0,0,0,0,0,0.0,0.0,13.57,4.84,4.08,23.06,高可信,D_正常,5.0,simulated_noisy
273270560,9332810.0,Phoenix,Russia,Fleet Synergy,2007.0,AFRAMAX TNKR,0000-00-00,Sasebo,Japan,1,38626,165.6,2,中风险,False,False,True,True,1,Grey,Medium Performance,0.000205,7.1e-05,0.000339,8e-05,0.0003,9.3e-05,0.000261,9,6,2,84.0,0.1,0.292601,0.275614,0.271158,0.28007,0.271868,0.279347,0.272687,0.278516,191,335.3,0.275599,0.064456,0.4432,0.093347,0.159201,0.0649,4.975747,5e-05,0.0,0.0539,0.051648,0.056151,0.051997,0.055776,0.052402,0.055347,0.018638,5.21,145.19,13.49,13.3,13.67,13.33,13.64,13.36,13.6,0.893,A,0,0,0,0,0,0.0,0.0,50.02,4.67,40.87,59.17,高可信,A_确认影子,19.0,simulated_noisy
636013708,9361524.0,New Activity,Liberia,Associated Maritime,2008.0,AFRAMAX TNKR,0000-00-00,Sumitomo,Japan,1,72743,180.7,0,未命中,False,False,False,False,0,White,High Performance,0.000123,4.7e-05,0.000199,5.2e-05,0.000177,6e-05,0.000155,20,7,1,82.5,0.1,0.415408,0.244284,0.241162,0.247407,0.24166,0.246901,0.242234,0.246319,203,165.3,0.244274,0.141723,0.6003,0.214434,0.279777,0.0035,1.576036,2.6e-05,0.0,0.124162,0.121766,0.126559,0.122145,0.126168,0.122584,0.125718,0.047028,10.24,154.44,13.48,13.34,13.62,13.36,13.6,13.38,13.57,1.0,A,0,0,0,0,0,0.0,0.0,15.79,11.0,0.0,37.35,高可信,D_正常,2.0,simulated_noisy
311015300,,,,,,,,,,0,75158,173.9,0,未命中,False,False,False,False,0,Unknown,Unknown,9.2e-05,2.8e-05,0.000156,3.2e-05,0.000137,3.8e-05,0.000117,41,5,1,80.2,0.1,0.356955,0.273768,0.27058,0.276956,0.271089,0.27644,0.271676,0.275847,253,145.1,0.27376,0.411897,0.6128,0.298667,0.129892,0.4334,2.450642,0.00423,0.032374,0.055802,0.054161,0.057442,0.054418,0.057172,0.054715,0.056862,0.02496,5.35,180.0,13.44,13.31,13.57,13.33,13.55,13.35,13.52,0.982,A,0,0,0,0,0,0.0,0.0,10.72,10.47,0.0,31.24,高可信,D_正常,2.0,simulated_noisy
309518000,9336402.0,Grimstad,Bahamas,Polyar Tankers,2007.0,AFRAMAX TNKR,0000-00-00,Tsuneishi Zosen,Japan,1,89519,180.7,0,未命中,False,False,False,False,0,White,High Performance,8.8e-05,3.1e-05,0.000146,3.5e-05,0.00013,4e-05,0.000112,20,6,0,57.1,0.0,0.36275,0.272924,0.270006,0.275842,0.270472,0.27537,0.27101,0.274827,247,132.7,0.272917,0.191637,0.5229,0.183054,0.132345,0.4517,1.783425,0.001742,0.013,0.055228,0.053731,0.056724,0.053966,0.056478,0.054238,0.056195,0.02481,5.32,157.05,13.39,13.27,13.51,13.29,13.49,13.31,13.47,1.0,A,0,0,0,0,0,0.0,0.0,18.05,4.21,9.8,26.3,高可信,D_正常,23.0,simulated_noisy
630001052,9356426.0,Badr,Guinea-Bissau,GNMTC,2008.0,AFRAMAX TNKR,0000-00-00,Samsung,South Korea,1,7245,180.6,0,未命中,False,False,False,False,2,Black,Medium Performance,0.000955,0.000295,0.001615,0.000336,0.001417,0.000392,0.001215,29,5,0,57.1,0.6,0.991718,0.000265,0.0,0.00053,0.0,0.000373,0.0,0.000227,0,0.0,0.0,0.004955,0.1556,0.972789,0.999735,54.4219,0.177169,0.000265,0.0,0.667084,0.656233,0.677936,0.658003,0.676219,0.660036,0.674234,0.376119,50.68,180.0,13.37,13.13,13.61,13.17,13.57,13.21,13.52,0.581,B,0,0,0,0,0,0.0,0.0,26.56,26.56,0.0,78.62,中可信,D_正常,30.0,simulated_noisy
525008061,9398278.0,Gunung Geulis Pertamina 8004,Indonesia,Pertamina,2009.0,AFRAMAX TNKR,0000-00-00,Tadotsu Tsuneishi,Japan,1,45747,180.7,0,未命中,False,False,False,False,0,Not Listed,High Performance,0.000217,8.9e-05,0.000345,9.9e-05,0.00031,0.000112,0.000274,19,8,0,71.5,0.1,0.306359,0.251294,0.24732,0.255269,0.247952,0.254624,0.248682,0.253882,157,157.0,0.251279,0.04203,0.3974,0.18616,0.320539,0.2463,4.618021,4.2e-05,0.0,0.101929,0.099156,0.104701,0.099592,0.104246,0.100096,0.103723,0.049269,8.85,160.68,13.35,13.17,13.53,13.2,13.5,13.23,13.47,1.0,A,0,0,0,0,0,0.0,0.0,15.91,9.78,0.0,35.08,高可信,D_正常,10.0,simulated_noisy
613447202,,,,,,,,,,0,64015,153.3,0,未命中,False,False,False,False,0,Unknown,Unknown,9.2e-05,2.4e-05,0.000161,2.8e-05,0.000139,3.3e-05,0.000117,25,4,3,187.5,0.1,0.293166,0.224042,0.220812,0.227272,0.221327,0.226748,0.22192,0.226145,1358,194.2,0.224029,0.104077,0.5591,0.398489,0.121197,0.2967,1.707015,0.003092,0.025268,0.16257,0.159712,0.165429,0.160166,0.164963,0.160689,0.164428,0.079512,12.55,158.51,13.34,13.18,13.49,13.2,13.47,13.23,13.44,0.925,A,0,0,0,0,0,0.0,0.0,28.63,10.51,8.03,49.23,高可信,D_正常,26.0,simulated_noisy
525008066,9455789.0,Gede,Indonesia,Pertamina,2011.0,AFRAMAX TNKR,0000-00-00,Jiangsu Eastern,China,1,21450,180.6,0,未命中,False,False,False,False,0,Not Listed,High Performance,0.000649,0.00032,0.000978,0.00035,0.000895,0.000387,0.000808,30,12,2,572.9,0.2,0.437716,0.249602,0.243811,0.255393,0.244728,0.254449,0.245788,0.253364,75,172.6,0.249569,0.066185,0.4428,0.244765,0.441642,0.3963,1.873526,9e-05,0.0,0.101908,0.09786,0.105956,0.09849,0.105285,0.09922,0.104515,0.050346,9.18,151.76,13.29,13.02,13.55,13.06,13.51,13.11,13.45,0.741,B,0,0,0,0,0,0.0,0.0,16.6,6.93,3.02,30.18,高可信,D_正常,17.0,simulated_noisy
273255820,9339301.0,Lipetsk,Russia,Novoship,2007.0,AFRAMAX TNKR,0000-00-00,Samsung,South Korea,1,32107,180.5,3,高风险,True,False,True,True,1,Grey,Medium Performance,0.000901,0.000578,0.001223,0.000614,0.001152,0.000658,0.001075,66,27,3,107.8,0.1,0.282898,0.276166,0.271276,0.281056,0.272054,0.280262,0.272952,0.279349,486,86.5,0.276148,0.159165,0.5212,0.118372,0.104822,0.068,4.056332,6e-05,0.0,0.040425,0.038271,0.042579,0.038601,0.042216,0.038985,0.041802,0.01691,3.84,157.08,13.26,13.06,13.46,13.09,13.42,13.13,13.39,0.861,A,0,0,0,0,0,0.0,0.0,45.24,10.15,25.35,65.13,高可信,C_名单被动,12.0,simulated_noisy
750777000,,,,,,,,,,0,17412,171.2,0,未命中,False,False,False,False,0,Unknown,Unknown,0.000627,0.000272,0.000982,0.000301,0.000888,0.000338,0.00079,15,9,7,916.5,0.2,0.27527,0.275319,0.268686,0.281953,0.269737,0.280873,0.270952,0.27963,14,466.9,0.275286,0.077798,0.54,0.267013,0.00011,0.0,1.26515,0.00011,0.0,0.042151,0.039168,0.045134,0.039618,0.044624,0.040142,0.044043,0.019982,4.38,159.53,13.25,12.98,13.52,13.02,13.47,13.07,13.42,0.67,B,0,0,0,0,0,0.0,0.0,29.77,3.5,22.91,36.63,高可信,D_正常,17.0,simulated_noisy
314001132,9439400.0,Bravis,Barbados,Crown Navigation Services,2010.0,LR2 TNKR,0000-00-00,Hudong Zhonghua,China,1,35289,180.6,0,未命中,False,False,False,False,1,White,Medium Performance,0.000253,9.6e-05,0.000409,0.000108,0.000366,0.000123,0.000321,30,7,3,473.5,0.1,0.263737,0.245685,0.241194,0.250176,0.241907,0.249446,0.242731,0.248607,29,315.7,0.245664,0.027539,0.4878,0.33315,0.103418,0.0791,3.534331,5.4e-05,0.0,0.108134,0.104894,0.111374,0.105402,0.11084,0.10599,0.110229,0.052989,8.76,180.0,13.22,13.02,13.43,13.05,13.39,13.09,13.36,0.897,A,0,0,0,0,0,0.0,0.0,83.87,7.71,68.76,98.98,高可信,B_潜在影子,39.0,simulated_noisy
403098000,9271365.0,Al Mahfoza,Saudi Arabia,Bihar International,2003.0,AFRAMAX TNKR,0000-00-00,Namura,Japan,2,104189,180.7,0,未命中,False,False,False,False,0,White,High Performance,5.7e-05,1.5e-05,9.9e-05,1.7e-05,8.6e-05,2e-05,7.2e-05,26,4,0,57.1,0.0,0.357322,0.28046,0.277732,0.283188,0.278168,0.282747,0.278671,0.282239,815,62.5,0.280455,0.162246,0.4226,0.131547,0.139731,0.8683,1.839544,1.8e-05,0.0,0.029244,0.028221,0.030267,0.028381,0.030098,0.028565,0.029903,0.00952,3.69,148.99,13.21,13.1,13.31,13.12,13.29,13.14,13.27,1.0,A,0,0,0,0,0,0.0,0.0,16.87,7.94,1.31,32.43,高可信,D_正常,11.0,simulated_noisy
525108035,9455791.0,Pertamina Galunggung,Indonesia,Pertamina,2011.0,AFRAMAX TNKR,0000-00-00,Jiangsu Eastern,China,1,27813,180.6,0,未命中,False,False,False,False,0,Not Listed,High Performance,0.000572,0.0003,0.000845,0.000325,0.000778,0.000358,0.000708,22,14,0,71.2,0.2,0.26671,0.257898,0.252757,0.263039,0.253574,0.262203,0.254517,0.261242,96,155.0,0.257874,0.068301,0.4349,0.230968,0.308371,0.0731,2.45237,6.9e-05,0.0,0.074963,0.071868,0.078057,0.072348,0.077542,0.072905,0.076953,0.036096,7.3,158.66,13.12,12.9,13.34,12.93,13.3,12.97,13.26,0.813,A,0,0,0,0,0,0.0,0.0,46.27,8.01,30.57,61.97,高可信,B_潜在影子,33.0,simulated_noisy
352005899,9411185.0,Nephira,Panama,Star Marine Management,2009.0,AFRAMAX TNKR,0000-00-00,Sumitomo,Japan,1,75236,180.6,0,未命中,False,False,False,False,0,White,High Performance,0.000132,5.4e-05,0.00021,6e-05,0.000189,6.8e-05,0.000167,30,8,2,106.3,0.1,0.331424,0.268965,0.265797,0.272134,0.266303,0.271621,0.266886,0.271031,180,81.2,0.268957,0.145613,0.5772,0.079619,0.131538,0.2083,1.529075,0.005196,0.039313,0.050042,0.048484,0.051599,0.048727,0.051342,0.04901,0.051047,0.019644,4.63,146.9,13.11,12.98,13.24,13.0,13.21,13.02,13.19,1.0,A,0,0,0,0,0,0.0,0.0,18.89,10.63,0.0,39.72,高可信,D_正常,2.0,simulated_noisy
314001093,9346885.0,Zenturo,Barbados,Yuen Fat Shipping,2009.0,LR2 TNKR,0000-00-00,Mitsui Ichihara,Japan,1,78044,180.7,0,未命中,False,False,False,False,1,White,Medium Performance,0.000101,3.5e-05,0.000168,4e-05,0.000149,4.6e-05,0.000129,19,6,1,92.0,0.1,0.369125,0.209242,0.206389,0.212096,0.206843,0.211633,0.207368,0.211101,451,130.0,0.209231,0.088893,0.5124,0.213228,0.229794,0.3397,2.842167,0.001075,0.004573,0.182627,0.179916,0.185338,0.180347,0.184897,0.180845,0.184391,0.083977,14.52,180.0,13.07,12.93,13.21,12.95,13.19,12.98,13.16,1.0,A,0,0,0,0,0,0.0,0.0,60.46,0.44,59.6,61.32,高可信,B_潜在影子,29.0,simulated_noisy
352005425,9346859.0,Sinfa,Panama,Jia Xiang Da Shipping Co,2007.0,AFRAMAX TNKR,0000-00-00,Mitsui Ichihara,Japan,1,63647,180.4,0,未命中,False,False,False,False,0,White,High Performance,0.000156,6.4e-05,0.000248,7.1e-05,0.000223,8e-05,0.000197,17,8,2,159.6,0.1,0.337141,0.278078,0.274598,0.281559,0.275153,0.280996,0.275794,0.280347,214,212.0,0.278069,0.117295,0.5801,0.122457,0.118756,0.1475,1.528825,0.003659,0.030568,0.026724,0.025472,0.027977,0.025665,0.027767,0.025889,0.027527,0.011594,3.29,148.94,13.05,12.92,13.18,12.94,13.16,12.96,13.14,1.0,A,0,0,0,0,0,0.0,0.0,27.95,5.86,16.46,39.44,高可信,D_正常,13.0,simulated_noisy
235076275,9453963.0,Eagle Helsinki,Isle of Man,AET,2010.0,AFRAMAX TNKR,0000-00-00,HSG Sungdong Shipbuilding,South Korea,1,51409,180.6,0,未命中,False,False,False,False,0,White,High Performance,0.000349,0.000192,0.000506,0.000207,0.000468,0.000226,0.000428,32,16,3,80.1,0.1,0.378941,0.221597,0.218007,0.225187,0.218578,0.224604,0.219237,0.223933,117,196.4,0.22158,0.088439,0.5438,0.143374,0.331103,0.1353,1.771495,3.7e-05,0.0,0.144487,0.141448,0.147526,0.141929,0.14703,0.142484,0.14646,0.054328,11.63,160.15,12.87,12.7,13.04,12.72,13.01,12.76,12.98,1.0,A,0,0,0,0,0,0.0,0.0,16.39,9.47,0.0,34.95,高可信,D_正常,7.0,simulated_noisy
574006350,9457593.0,PVT Poseidon,Vietnam,PETROVIETNAM,2011.0,AFRAMAX TNKR,0000-00-00,Sasebo,Japan,1,50425,180.3,0,未命中,False,False,False,False,2,Black,High Performance,0.000197,8e-05,0.000313,8.9e-05,0.000282,0.000101,0.000249,32,8,0,70.0,0.1,0.25182,0.23187,0.228186,0.235553,0.228772,0.234955,0.229449,0.234267,110,240.1,0.231854,0.108904,0.552,0.153097,0.072576,0.0308,2.483102,3.8e-05,0.0,0.120832,0.117987,0.123676,0.118436,0.123211,0.118955,0.122676,0.053206,9.89,144.56,12.86,12.69,13.03,12.71,13.0,12.74,12.97,1.0,A,0,0,0,0,0,0.0,0.0,72.3,17.79,37.43,100.0,高可信,B_潜在影子,19.0,simulated_noisy
613411302,9389100.0,Smyrtos,Cameroon,Zhao Yao Shipping,2009.0,LR2 TNKR,0000-00-00,Shanghai Waigaoqiao Shipbuilding,China,1,44876,180.6,2,中风险,False,False,True,True,3,Black,Low Performance,0.000176,6.1e-05,0.000292,6.9e-05,0.000259,8e-05,0.000224,18,6,0,57.2,0.1,0.297888,0.253119,0.249096,0.257141,0.249736,0.256488,0.250475,0.255738,91,341.5,0.253103,0.059201,0.5266,0.274529,0.105747,0.1433,1.88184,0.00363,0.033938,0.069679,0.067324,0.072035,0.067692,0.071645,0.068118,0.071199,0.033825,6.4,180.0,12.79,12.62,12.96,12.64,12.93,12.68,12.9,1.0,A,0,0,0,0,0,0.0,0.0,90.26,8.87,72.87,100.0,高可信,A_确认影子,25.0,equasis_real
419758000,9467732.0,Swarna Kamal,India,SCI,2010.0,LR2 TNKR,0000-00-00,Hyundai Heavy Ind Ulsan Shipyard,South Korea,1,69574,180.7,0,未命中,False,False,False,False,1,Grey,Medium Performance,8.5e-05,2.2e-05,0.000148,2.6e-05,0.000128,3.1e-05,0.000108,22,4,0,40.8,0.1,0.402032,0.235117,0.231966,0.238268,0.232468,0.237757,0.233047,0.23717,297,74.2,0.235106,0.229698,0.6027,0.26903,0.408319,0.3401,1.442666,2.8e-05,0.0,0.109063,0.106747,0.111379,0.107113,0.111,0.107536,0.110565,0.043808,9.68,177.81,12.76,12.62,12.91,12.64,12.88,12.67,12.86,1.0,A,0,0,0,0,0,0.0,0.0,23.15,12.59,0.0,47.83,高可信,D_正常,13.0,equasis_real
667001407,9437983.0,Cai Yun,Sierra Leone,Acceronix,2010.0,AFRAMAX TNKR,0000-00-00,Hudong Zhonghua,China,1,18273,180.6,2,中风险,False,False,True,True,2,Grey,Low Performance,0.000269,5.6e-05,0.000483,6.6e-05,0.000411,8e-05,0.000339,53,3,0,70.3,0.2,0.254474,0.236196,0.230039,0.242354,0.231012,0.241348,0.232137,0.240192,44,344.0,0.236154,0.068935,0.5508,0.242869,0.075118,0.0431,1.597825,0.002677,0.034282,0.100035,0.095685,0.104385,0.096359,0.103661,0.097142,0.102832,0.048483,9.05,146.79,12.64,12.36,12.91,12.4,12.87,12.45,12.81,0.705,B,0,0,0,0,0,0.0,0.0,79.99,16.55,47.55,100.0,高可信,A_确认影子,21.0,equasis_real
314898000,9252371.0,Fenor,Barbados,Crown Navigation Services,2003.0,AFRAMAX TNKR,0000-00-00,Hyundai Heavy Ind Ulsan Shipyard,South Korea,2,42563,180.7,0,未命中,False,False,False,False,1,White,Medium Performance,0.000327,0.000161,0.000493,0.000176,0.000451,0.000195,0.000407,45,12,2,170.6,0.1,0.261777,0.226348,0.222373,0.230323,0.223004,0.229677,0.223734,0.228934,274,67.9,0.226329,0.107241,0.4989,0.285512,0.104751,0.1559,3.086058,0.000139,0.000897,0.121701,0.118595,0.124806,0.119084,0.124297,0.11965,0.123712,0.066371,10.31,162.67,12.63,12.44,12.81,12.47,12.78,12.5,12.75,0.979,A,0,0,0,0,0,0.0,0.0,84.77,6.1,72.81,96.73,高可信,B_潜在影子,31.0,equasis_real
613569715,,,,,,,,,,0,17821,86.4,0,未命中,False,False,False,False,0,Unknown,Unknown,0.000164,1e-05,0.000318,1.3e-05,0.000252,1.7e-05,0.000188,2,1,1,394.8,0.1,0.268728,0.255201,0.248801,0.261601,0.249814,0.260557,0.250985,0.259357,71,156.3,0.255163,0.098398,0.4182,0.172642,0.136378,0.0886,2.285522,0.000108,0.0,0.056502,0.053114,0.059891,0.05363,0.059318,0.054232,0.058664,0.032598,5.27,135.97,12.62,12.35,12.88,12.39,12.84,12.44,12.79,0.44,C,0,0,0,0,0,0.0,0.0,17.15,13.38,0.0,43.37,中可信,D_正常,2.0,simulated_noisy
403287000,9240172.0,Encelia,Saudi Arabia,Bihar International,2003.0,LR2 TNKR,0000-00-00,Daewoo,South Korea,2,72602,180.2,0,未命中,False,False,False,False,0,White,High Performance,0.000123,4.7e-05,0.000199,5.2e-05,0.000178,6e-05,0.000156,17,7,2,472.0,0.1,0.313972,0.243561,0.240438,0.246683,0.240936,0.246177,0.241511,0.245595,312,147.5,0.24355,0.135952,0.4615,0.301689,0.123488,0.7667,2.257734,2.6e-05,0.0,0.079776,0.077806,0.081747,0.078116,0.081424,0.078475,0.081053,0.042257,7.09,152.25,12.56,12.42,12.69,12.44,12.67,12.47,12.65,0.999,A,0,0,0,0,0,0.0,0.0,26.96,3.66,19.79,34.13,高可信,D_正常,23.0,equasis_real
613881403,9384069.0,Lion I,Cameroon,Kario Maritime,2009.0,LR2 TNKR,0000-00-00,Shanghai Waigaoqiao Shipbuilding,China,1,63345,180.7,2,中风险,False,False,True,True,3,Black,Low Performance,9.3e-05,2.5e-05,0.000162,2.8e-05,0.000141,3.4e-05,0.000119,13,4,0,70.0,0.1,0.2272,0.17945,0.176461,0.182438,0.176936,0.181952,0.177484,0.181393,3283,24.7,0.179433,0.176592,0.5612,0.121889,0.112361,0.1195,1.952163,0.003677,0.032462,0.221469,0.218235,0.224703,0.21875,0.224178,0.219344,0.223574,0.113473,17.0,180.0,12.51,12.35,12.66,12.38,12.64,12.4,12.61,1.0,A,0,0,0,0,0,0.0,0.0,77.84,17.86,42.83,100.0,高可信,A_确认影子,21.0,equasis_real
647553032,9233234.0,Amie,Madagascar,Amie Marine,2002.0,AFRAMAX TNKR,0000-00-00,Hyundai Samho Heavy Ind,South Korea,2,47789,68.4,1,低风险,True,False,False,False,0,Not Listed,Not Listed,6.1e-05,4e-06,0.000119,5e-06,9.4e-05,6e-06,7e-05,4,1,1,219.3,0.0,0.868568,0.013557,0.012521,0.014593,0.012676,0.014415,0.012857,0.014212,17,9.2,0.013518,0.040046,0.6779,0.4306,0.867262,0.3352,1.19178,4e-05,0.0,0.590471,0.586062,0.59488,0.586773,0.594173,0.587591,0.593359,0.306074,42.63,180.0,12.42,12.3,12.54,12.32,12.52,12.34,12.5,0.69,B,0,0,0,0,0,0.0,0.0,23.77,2.59,18.69,28.85,高可信,C_名单被动,21.0,equasis_real
667001997,9308857.0,Rymo,Sierra Leone,Serene Holdings,2006.0,AFRAMAX TNKR,0000-00-00,Shanghai Waigaoqiao Shipbuilding,China,2,21627,180.6,2,中风险,False,False,True,True,2,Grey,Low Performance,0.00032,9.9e-05,0.000541,0.000113,0.000475,0.000131,0.000407,28,5,1,98.9,0.2,0.265779,0.227264,0.22168,0.232849,0.222563,0.231937,0.223584,0.23089,317,274.7,0.227226,0.148765,0.5952,0.190736,0.109146,0.0797,1.626845,0.008549,0.077575,0.105005,0.10092,0.10909,0.101555,0.108413,0.102293,0.107637,0.0522,9.28,138.72,12.33,12.08,12.59,12.12,12.55,12.17,12.5,0.743,B,0,0,0,0,0,0.0,0.0,90.18,8.61,73.3,100.0,高可信,A_确认影子,32.0,equasis_real
613412600,9247792.0,Cecila,Cameroon,Twinkle Doreen,2003.0,AFRAMAX TNKR,0000-00-00,Tsuneishi Zosen,Japan,2,46278,180.7,2,中风险,False,False,True,True,3,Black,Low Performance,0.00015,4.6e-05,0.000253,5.3e-05,0.000222,6.1e-05,0.00019,5,5,2,289.1,0.1,0.309434,0.252063,0.248107,0.256018,0.248736,0.255377,0.249463,0.254638,216,117.7,0.252047,0.102587,0.4708,0.135753,0.171837,0.0987,1.635188,4.2e-05,0.0,0.04704,0.045112,0.048969,0.04541,0.048648,0.045757,0.04828,0.020829,4.65,137.05,12.29,12.13,12.45,12.15,12.42,12.18,12.39,1.0,A,0,0,0,0,0,0.0,0.0,88.44,11.22,66.45,100.0,高可信,A_确认影子,38.0,equasis_real
631010084,9251810.0,Bluebell,Equatorial Guinea,Simona Marine Services,2002.0,AFRAMAX TNKR,0000-00-00,Tsuneishi Zosen,Japan,2,23830,93.2,3,高风险,True,False,True,True,0,Not Listed,Not Listed,0.000165,2.3e-05,0.000306,2.8e-05,0.000254,3.5e-05,0.000202,7,2,1,89.9,0.1,0.286739,0.25325,0.247729,0.258771,0.248605,0.257872,0.249616,0.256838,146,127.6,0.253221,0.171979,0.4096,0.231131,0.205335,0.2527,1.251654,8.1e-05,0.0,0.044521,0.041903,0.047138,0.042302,0.046696,0.042767,0.046191,0.017244,4.34,160.36,12.29,12.07,12.51,12.1,12.47,12.14,12.43,0.526,B,0,0,0,0,0,0.0,0.0,45.51,0.94,43.67,47.35,高可信,A_确认影子,33.0,equasis_real
613902604,9296810.0,Navistar,Cameroon,Polaris Shipmanagement,2005.0,AFRAMAX TNKR,0000-00-00,Universal,Japan,2,42476,180.6,2,中风险,False,False,True,True,3,Black,Low Performance,0.000163,5e-05,0.000276,5.7e-05,0.000242,6.7e-05,0.000207,12,5,2,76.9,0.1,0.314272,0.253554,0.249417,0.257691,0.250075,0.257019,0.250835,0.256247,94,257.3,0.253537,0.097998,0.5169,0.191815,0.241407,0.122,1.84359,4.5e-05,0.0,0.03576,0.033994,0.037525,0.034266,0.037229,0.034581,0.03689,0.01749,3.69,158.1,12.13,11.97,12.29,11.99,12.26,12.02,12.23,0.978,A,0,0,0,0,0,0.0,0.0,87.36,11.63,64.57,100.0,高可信,A_确认影子,25.0,equasis_real
613445605,9387255.0,Vexia,Cameroon,EMT Gemi Isletmeciligi AS,2008.0,AFRAMAX TNKR,0000-00-00,Mitsui Ichihara,Japan,1,27300,180.7,2,中风险,False,False,True,True,3,Black,Low Performance,0.00062,0.000333,0.000906,0.00036,0.000837,0.000395,0.000764,45,15,5,233.2,0.2,0.265714,0.200738,0.195987,0.205489,0.196738,0.204713,0.197606,0.203822,103,139.9,0.200703,0.04402,0.5386,0.319533,0.13756,0.0701,1.531591,0.000144,0.000533,0.154027,0.149746,0.158309,0.150419,0.157607,0.151199,0.1568,0.076261,12.37,166.71,12.13,11.89,12.36,11.93,12.32,11.97,12.28,0.807,A,0,0,0,0,0,0.0,0.0,88.74,10.9,67.38,100.0,高可信,A_确认影子,34.0,equasis_real
241343000,9440526.0,Minerva Elpida,Greece,Minerva Marine,2010.0,LR2 TNKR,0000-00-00,SPP,South Korea,1,70689,173.6,0,未命中,False,False,False,False,0,White,High Performance,8.4e-05,2.2e-05,0.000146,2.5e-05,0.000126,3e-05,0.000106,14,4,0,54.1,0.1,0.333164,0.217928,0.214884,0.220971,0.215369,0.220477,0.215928,0.219909,343,181.7,0.217915,0.160015,0.5165,0.279801,0.155545,0.2976,1.939595,0.003139,0.020011,0.101995,0.099764,0.104226,0.100116,0.103861,0.100524,0.103442,0.045282,8.63,168.21,11.85,11.71,11.99,11.73,11.96,11.76,11.94,0.981,A,0,0,0,0,0,0.0,0.0,15.99,7.06,2.15,29.83,高可信,D_正常,12.0,equasis_real
538003322,9394947.0,Seaways Yellowstone,Marshall Islands,International Seaways,2009.0,AFRAMAX TNKR,0000-00-00,New Times Shipbuilding,China,1,71693,180.7,0,未命中,False,False,False,False,0,White,High Performance,0.000152,6.6e-05,0.000239,7.3e-05,0.000216,8.2e-05,0.000192,34,9,0,55.7,0.1,0.29597,0.240121,0.236994,0.243248,0.237493,0.242741,0.238068,0.242158,72,267.4,0.24011,0.149643,0.578,0.212036,0.164441,0.0802,2.161658,2.7e-05,0.0,0.051566,0.049947,0.053185,0.050201,0.052917,0.050494,0.052611,0.023237,5.3,153.76,11.84,11.71,11.97,11.73,11.95,11.76,11.92,1.0,A,0,0,0,0,0,0.0,0.0,21.91,6.28,9.6,34.22,高可信,D_正常,16.0,equasis_real
636026516,9407445.0,Virtus Maris,Liberia,Solid Energy Solutions,2009.0,AFRAMAX TNKR,0000-00-00,New Times Shipbuilding,China,1,7080,18.2,0,未命中,False,False,False,False,0,White,High Performance,0.000412,2.5e-05,0.0008,3.2e-05,0.000633,4.2e-05,0.000472,3,1,0,24.1,0.1,1.0,0.000271,0.0,0.000542,0.0,0.000382,0.0,0.000232,0,0.0,0.0,0.000271,0.0285,0.915908,0.999729,6.4393,0.0,0.000271,0.0,0.590115,0.578659,0.601571,0.580514,0.599745,0.582649,0.597637,0.288131,44.09,154.36,11.82,11.57,12.07,11.61,12.02,11.65,11.97,0.13,C,0,0,0,0,0,0.0,0.0,13.93,13.92,0.0,41.21,中可信,D_正常,17.0,equasis_real
636019327,9413688.0,Iapetos,Liberia,Unknown Chinese,2009.0,AFRAMAX TNKR,0000-00-00,Samsung,South Korea,1,20099,179.8,0,未命中,False,False,False,False,0,White,High Performance,0.000394,0.000137,0.000651,0.000154,0.000577,0.000178,0.000501,34,6,0,70.6,0.2,0.231007,0.224989,0.219217,0.230761,0.220129,0.229818,0.221183,0.228735,36,456.1,0.224948,0.091824,0.5293,0.388791,0.049094,0.056,1.746496,0.00109,0.020305,0.08224,0.078442,0.086037,0.079029,0.085403,0.07971,0.084678,0.036416,7.56,170.04,11.78,11.52,12.03,11.56,11.99,11.61,11.94,0.724,B,0,0,0,0,0,0.0,0.0,44.71,7.64,29.74,59.68,高可信,D_正常,23.0,equasis_real
613404110,9249130.0,Peace,Cameroon,CoastalCrest Shipping,2004.0,LR2 SHUTTLE TNKR,0000-00-00,Brodosplit,Croatia,2,27393,145.6,2,中风险,False,False,True,True,3,Black,Low Performance,0.000362,0.000148,0.000576,0.000165,0.000518,0.000186,0.000458,21,8,2,1279.9,0.1,0.290512,0.239514,0.23446,0.244567,0.235261,0.243744,0.236187,0.242798,182,136.3,0.239486,0.096395,0.5288,0.053579,0.105995,0.2229,1.119157,0.005691,0.053067,0.049791,0.047216,0.052366,0.047611,0.051934,0.048071,0.051439,0.021353,4.91,142.69,11.78,11.57,11.99,11.61,11.96,11.64,11.92,0.712,B,0,0,0,0,0,0.0,0.0,88.47,11.36,66.2,100.0,高可信,A_确认影子,36.0,equasis_real
636019634,9398266.0,Kriti Legend,Liberia,Avin International,2009.0,AFRAMAX TNKR,0000-00-00,Tadotsu Tsuneishi,Japan,1,75623,180.7,0,未命中,False,False,False,False,0,White,High Performance,9.2e-05,2.8e-05,0.000155,3.2e-05,0.000136,3.8e-05,0.000116,21,5,0,57.1,0.1,0.301284,0.220265,0.217311,0.223218,0.217781,0.222739,0.218325,0.222188,298,204.7,0.220253,0.421053,0.4931,0.197539,0.199187,0.5672,1.717224,2.5e-05,0.0,0.09173,0.089673,0.093788,0.089998,0.093451,0.090373,0.093064,0.047564,7.82,180.0,11.75,11.62,11.88,11.64,11.86,11.66,11.83,1.0,A,0,0,0,0,0,0.0,0.0,8.52,7.6,0.0,23.42,高可信,D_正常,16.0,equasis_real
613414707,9291262.0,Silvar,Cameroon,Lasiglia Investment,2005.0,AFRAMAX TNKR,0000-00-00,Daewoo,South Korea,2,57069,143.2,3,高风险,True,False,True,True,3,Black,Low Performance,0.000139,4.8e-05,0.000229,5.4e-05,0.000203,6.3e-05,0.000176,10,6,0,69.6,0.1,0.260737,0.242373,0.238857,0.245889,0.239417,0.245319,0.240064,0.244663,207,366.4,0.24236,0.043364,0.415,0.392736,0.127064,0.089,2.218558,8.6e-05,0.000414,0.041054,0.039427,0.042682,0.039679,0.042411,0.039972,0.042101,0.017539,3.74,180.0,11.73,11.59,11.87,11.61,11.85,11.64,11.82,0.897,A,0,0,0,0,0,0.0,0.0,90.67,8.97,73.09,100.0,高可信,A_确认影子,31.0,equasis_real
667001245,,,,,,,,,,0,42530,130.2,0,未命中,False,False,False,False,0,Unknown,Unknown,0.000186,6.5e-05,0.000308,7.3e-05,0.000273,8.4e-05,0.000237,24,6,1,112.9,0.1,0.339972,0.240277,0.236217,0.244338,0.236863,0.243678,0.237608,0.24292,130,214.6,0.24026,0.120537,0.5906,0.221873,0.158296,0.1593,1.655936,0.003219,0.020056,0.040229,0.038362,0.042096,0.03865,0.041783,0.038984,0.041426,0.02116,4.36,164.96,11.62,11.46,11.78,11.48,11.76,11.51,11.73,0.839,A,0,0,0,0,0,0.0,0.0,17.41,11.44,0.0,39.83,高可信,D_正常,8.0,simulated_noisy
538008320,9439670.0,Captain A Stellatos,Marshall Islands,Centrofin,2010.0,LR2 TNKR,0000-00-00,Hyundai Heavy Ind Ulsan Shipyard,South Korea,1,67163,180.6,0,未命中,False,False,False,False,0,White,High Performance,0.000148,6e-05,0.000235,6.7e-05,0.000211,7.6e-05,0.000187,12,8,3,291.1,0.1,0.448521,0.197492,0.194481,0.200503,0.19496,0.200014,0.195513,0.199451,463,75.1,0.197478,0.213914,0.4855,0.365724,0.340464,0.2543,2.15656,0.002128,0.006166,0.136294,0.1337,0.138889,0.134111,0.138466,0.134585,0.13798,0.076202,11.61,171.41,11.62,11.47,11.76,11.49,11.74,11.52,11.71,1.0,A,0,0,0,0,0,0.0,0.0,13.21,8.74,0.0,30.34,高可信,D_正常,17.0,equasis_real
647553034,9236248.0,Fenghuang,Madagascar,Triviality Shipping Services,2002.0,AFRAMAX TNKR,0000-00-00,Daewoo,South Korea,2,11239,174.4,3,高风险,True,False,True,True,0,Not Listed,Not Listed,0.001149,0.000547,0.001752,0.000599,0.001599,0.000667,0.001437,25,11,3,1920.4,0.4,0.819201,0.029612,0.026482,0.032741,0.026939,0.03219,0.027474,0.031565,30,32.8,0.029454,0.065101,0.7432,0.478223,0.803704,0.0575,1.5202,0.000705,0.000664,0.5117,0.502459,0.520942,0.503945,0.519458,0.505657,0.517748,0.23596,37.51,157.57,11.59,11.3,11.89,11.34,11.84,11.4,11.78,0.61,B,0,0,0,0,0,0.0,0.0,53.24,5.41,42.64,63.84,高可信,A_确认影子,37.0,equasis_real
613503100,9436018.0,DG Hong Kong,Cameroon,Nordic Crius Shipping,2009.0,AFRAMAX TNKR,0000-00-00,New Times Shipbuilding,China,1,36878,180.6,2,中风险,False,False,True,True,3,Black,Low Performance,0.000323,0.000147,0.000499,0.000162,0.000454,0.000181,0.000406,44,10,1,94.2,0.1,0.245756,0.225041,0.220779,0.229303,0.221455,0.228609,0.222237,0.227812,120,137.2,0.225018,0.138413,0.5387,0.220088,0.052273,0.0829,1.721598,5.2e-05,0.0,0.07183,0.069195,0.074465,0.069605,0.074028,0.070081,0.073527,0.029474,6.51,160.54,11.57,11.39,11.76,11.42,11.73,11.45,11.69,0.915,A,0,0,0,0,0,0.0,0.0,87.72,11.54,65.1,100.0,高可信,A_确认影子,35.0,equasis_real
667002334,9262924.0,Utaki,Sierra Leone,Phorvane Quays,2002.0,AFRAMAX TNKR,0000-00-00,Namura,Japan,2,55194,180.7,2,中风险,False,False,True,True,2,Grey,Low Performance,0.000107,2.8e-05,0.000186,3.3e-05,0.000161,3.9e-05,0.000136,29,4,1,195.1,0.1,0.225822,0.216565,0.213129,0.220001,0.213675,0.219443,0.214306,0.218801,691,281.1,0.216549,0.110691,0.4817,0.361943,0.074838,0.037,2.350785,3.5e-05,0.0,0.087726,0.085366,0.090086,0.085737,0.089698,0.086166,0.089253,0.044478,7.31,162.58,11.5,11.35,11.65,11.37,11.63,11.4,11.6,1.0,A,0,0,0,0,0,0.0,0.0,88.6,10.52,67.98,100.0,高可信,A_确认影子,43.0,equasis_real
419796000,9467770.0,Desh Samman,India,SCI,2011.0,AFRAMAX TNKR,0000-00-00,Hyundai Heavy Ind Ulsan Shipyard,South Korea,1,51117,180.6,0,未命中,False,False,False,False,1,Grey,Medium Performance,0.000155,5.4e-05,0.000256,6.1e-05,0.000227,7e-05,0.000197,30,6,1,193.4,0.1,0.423303,0.15696,0.153807,0.160113,0.154306,0.159599,0.154883,0.159008,34,183.1,0.156937,0.10031,0.511,0.534514,0.341112,0.6381,1.560729,3.8e-05,0.0,0.220963,0.217366,0.22456,0.217938,0.223975,0.218598,0.223303,0.113053,17.18,165.83,11.49,11.32,11.66,11.34,11.63,11.37,11.6,1.0,A,0,0,0,0,0,0.0,0.0,30.42,2.95,24.64,36.2,高可信,D_正常,11.0,equasis_real
613411300,9311531.0,Lindor,Cameroon,Viman Maritime,2005.0,AFRAMAX TNKR,0000-00-00,Sumitomo,Japan,2,35912,171.5,2,中风险,False,False,True,True,3,Black,Low Performance,0.000583,0.000339,0.000826,0.000364,0.00077,0.000395,0.000709,51,19,2,165.9,0.1,0.282218,0.234212,0.229832,0.238592,0.230528,0.23788,0.231331,0.237061,307,233.5,0.23419,0.528233,0.4788,0.158582,0.125764,0.1595,2.016009,5.3e-05,0.0,0.045498,0.043343,0.047653,0.043675,0.047292,0.044061,0.04688,0.016427,4.79,141.41,11.46,11.28,11.64,11.31,11.61,11.34,11.58,0.879,A,0,0,0,0,0,0.0,0.0,86.2,7.12,72.24,100.0,高可信,A_确认影子,46.0,equasis_real
570299000,,,,,,,,,,0,45457,118.2,0,未命中,False,False,False,False,0,Unknown,Unknown,4.2e-05,0.0,8.5e-05,0.0,6e-05,0.0,3.6e-05,18,0,0,24.0,0.1,0.226192,0.222805,0.21898,0.226631,0.219588,0.226009,0.22029,0.225294,66,125.9,0.222787,0.282769,0.5422,0.552914,0.008093,0.0571,1.414485,4.2e-05,0.0,0.068371,0.066051,0.070691,0.066413,0.070307,0.066833,0.069867,0.026705,6.2,152.7,11.39,11.23,11.56,11.26,11.53,11.29,11.5,0.828,A,0,0,0,0,0,0.0,0.0,16.75,12.07,0.0,40.41,高可信,D_正常,16.0,simulated_noisy
525121076,9388730.0,Savir Tiger,Indonesia,Buana Lintas Lautan,2008.0,LR2 TNKR,0000-00-00,Shanghai Waigaoqiao Shipbuilding,China,1,77867,180.7,0,未命中,False,False,False,False,0,Not Listed,High Performance,7.6e-05,2e-05,0.000132,2.3e-05,0.000114,2.7e-05,9.6e-05,22,4,0,70.0,0.1,0.269357,0.214148,0.211267,0.21703,0.211726,0.216563,0.212256,0.216025,2404,28.6,0.214137,0.188092,0.6102,0.065918,0.127852,0.2281,1.000801,0.023217,0.181435,0.084117,0.082167,0.086066,0.082475,0.085747,0.08283,0.08538,0.030757,7.75,180.0,11.32,11.19,11.45,11.21,11.43,11.24,11.4,1.0,A,0,0,0,0,0,0.0,0.0,26.1,2.85,20.51,31.69,高可信,D_正常,19.0,equasis_real
563216500,9461855.0,Torm Genesis,Singapore,Torm,2011.0,LR2 TNKR,0000-00-00,Hyundai Samho Heavy Ind,South Korea,1,100535,179.4,0,未命中,False,False,False,False,0,White,High Performance,8.9e-05,3.4e-05,0.000144,3.8e-05,0.000128,4.3e-05,0.000113,10,7,2,426.9,0.0,0.252877,0.238315,0.235681,0.240949,0.236102,0.240522,0.236587,0.240032,41,268.0,0.238307,0.167288,0.4393,0.238733,0.040063,0.0809,6.437839,1.9e-05,0.0,0.02789,0.026872,0.028908,0.027031,0.028739,0.027214,0.028545,0.012154,2.95,156.22,11.28,11.18,11.38,11.2,11.37,11.22,11.35,0.997,A,0,0,0,0,0,0.0,0.0,19.75,12.2,0.0,43.66,高可信,D_正常,16.0,equasis_real
636014423,9390173.0,Ellie Lady,Liberia,Western Shipping,2009.0,LR2 TNKR,0000-00-00,HSG Sungdong Shipbuilding,South Korea,1,96630,180.6,0,未命中,False,False,False,False,0,White,High Performance,7.2e-05,2.2e-05,0.000121,2.5e-05,0.000106,2.9e-05,9.1e-05,22,5,0,66.5,0.0,0.298148,0.22908,0.226431,0.23173,0.226853,0.231301,0.227341,0.230807,385,168.1,0.229072,0.115911,0.5263,0.093052,0.13192,0.5813,3.507941,2e-05,0.0,0.043909,0.042617,0.045201,0.04282,0.044988,0.043054,0.044744,0.013484,4.21,162.03,11.19,11.08,11.3,11.1,11.28,11.12,11.26,1.0,A,0,0,0,0,0,0.0,0.0,12.01,6.16,0.0,24.08,高可信,D_正常,9.0,equasis_real
613445621,9282792.0,Aqua Live,Cameroon,Vicens Marine,2004.0,AFRAMAX TNKR,0000-00-00,Daewoo,South Korea,2,29040,145.5,3,高风险,True,False,True,True,3,Black,Low Performance,0.000479,0.000236,0.000722,0.000258,0.000661,0.000286,0.000597,25,12,4,491.1,0.1,0.272555,0.241047,0.236128,0.245966,0.236908,0.245165,0.23781,0.244245,73,226.7,0.241021,0.07936,0.5018,0.360161,0.222351,0.1962,1.935617,0.000824,0.003408,0.015459,0.014041,0.016876,0.01425,0.016629,0.014495,0.016349,0.004198,2.0,102.67,11.17,10.99,11.35,11.01,11.32,11.05,11.28,0.73,B,0,0,0,0,0,0.0,0.0,87.9,11.66,65.05,100.0,高可信,A_确认影子,34.0,equasis_real
613881404,9368235.0,Nevah,Cameroon,Lai Jing Shipping,2008.0,LR2 TNKR,0000-00-00,Shanghai Waigaoqiao Shipbuilding,China,1,24125,180.4,2,中风险,False,False,True,True,3,Black,Low Performance,0.000204,4.2e-05,0.000366,5e-05,0.000311,6e-05,0.000257,20,3,0,70.1,0.2,0.24713,0.185667,0.180761,0.190573,0.181534,0.189769,0.182429,0.188847,136,478.3,0.185624,0.058474,0.5077,0.187572,0.270627,0.1426,2.073485,0.018315,0.067402,0.140557,0.136172,0.144943,0.13686,0.144221,0.137656,0.143393,0.074318,11.72,167.34,11.17,10.93,11.41,10.97,11.37,11.01,11.32,0.771,B,0,0,0,0,0,0.0,0.0,86.09,9.55,67.37,100.0,高可信,A_确认影子,27.0,equasis_real
215497000,9528043.0,Daytona,Malta,TMS Tankers,2011.0,AFRAMAX TNKR,0000-00-00,Samsung,South Korea,1,65087,180.7,0,未命中,False,False,False,False,0,White,High Performance,9.1e-05,2.4e-05,0.000158,2.8e-05,0.000137,3.3e-05,0.000115,36,4,0,58.9,0.1,0.247884,0.196048,0.192998,0.199098,0.193483,0.198602,0.194043,0.198032,140,454.7,0.196033,0.164799,0.5454,0.170983,0.156411,0.1606,1.306903,3e-05,0.0,0.114154,0.111711,0.116597,0.112097,0.116198,0.112543,0.115739,0.053481,9.62,166.48,11.11,10.97,11.25,10.99,11.23,11.01,11.2,1.0,A,0,0,0,0,0,0.0,0.0,17.65,9.16,0.0,35.6,高可信,D_正常,8.0,equasis_real
273271070,9322827.0,Antares,Russia,Global Seaway,2006.0,AFRAMAX TNKR,0000-00-00,Samsung,South Korea,2,25270,125.3,2,中风险,True,False,False,True,1,Grey,Medium Performance,0.000274,8.5e-05,0.000463,9.6e-05,0.000406,0.000112,0.000348,14,5,1,176.3,0.1,0.213811,0.208671,0.203661,0.213681,0.204453,0.212863,0.205369,0.211923,137,131.1,0.208635,0.122891,0.4944,0.214502,0.030107,0.0522,1.627553,7.6e-05,0.0,0.080171,0.076824,0.083519,0.077343,0.082962,0.077945,0.082324,0.047959,7.5,165.98,11.0,10.78,11.22,10.81,11.18,10.85,11.14,0.631,B,0,0,0,0,0,0.0,0.0,87.77,9.48,69.19,100.0,高可信,A_确认影子,41.0,equasis_real
370066000,9402225.0,Raysut,Panama,Asyad Shipping,2009.0,LR2 TNKR,0000-00-00,Sasebo,Japan,1,72149,180.6,0,未命中,False,False,False,False,0,White,High Performance,0.000124,4.7e-05,0.0002,5.3e-05,0.000179,6e-05,0.000157,36,7,2,131.0,0.1,0.311134,0.22358,0.22054,0.22662,0.221024,0.226127,0.221583,0.22556,279,114.4,0.223568,0.26696,0.6129,0.144183,0.167241,0.2085,1.703944,2.7e-05,0.0,0.046389,0.044855,0.047924,0.045094,0.04767,0.045372,0.047379,0.020249,5.17,147.79,10.99,10.87,11.12,10.89,11.1,10.91,11.07,1.0,A,0,0,0,0,0,0.0,0.0,13.69,9.34,0.0,32.0,高可信,D_正常,10.0,equasis_real
311000466,9484089.0,Leyte Spirit,Bahamas,Teekay Tankers,2011.0,LR2 TNKR,0000-00-00,Hudong Zhonghua,China,1,44440,180.7,0,未命中,False,False,False,False,0,White,High Performance,0.000201,7.6e-05,0.000325,8.5e-05,0.000291,9.7e-05,0.000255,23,7,1,73.7,0.1,0.34721,0.205831,0.202072,0.20959,0.202669,0.208978,0.203358,0.208275,103,182.6,0.20581,0.209746,0.4539,0.272523,0.368193,0.3686,2.596425,4.3e-05,0.0,0.082987,0.080422,0.085551,0.080824,0.085129,0.081289,0.084644,0.040885,7.9,145.82,10.93,10.76,11.09,10.79,11.07,10.82,11.03,1.0,A,0,0,0,0,0,0.0,0.0,9.83,6.78,0.0,23.12,高可信,D_正常,16.0,equasis_real
273254130,9256078.0,Liteyny Prospect,Russia,Sovcomflot,2003.0,AFRAMAX TNKR,0000-00-00,Daewoo,South Korea,2,40226,180.7,3,高风险,True,False,True,True,1,Grey,Medium Performance,0.000147,3.9e-05,0.000256,4.5e-05,0.000221,5.3e-05,0.000187,13,4,0,70.0,0.1,0.24156,0.218443,0.214405,0.22248,0.215046,0.221824,0.215787,0.221068,264,255.9,0.218421,0.059929,0.4979,0.283142,0.147525,0.1341,1.683949,0.005989,0.040283,0.05454,0.052321,0.056759,0.052665,0.05639,0.053065,0.055967,0.02538,5.06,136.46,10.92,10.76,11.09,10.78,11.06,10.81,11.03,0.952,A,0,0,0,0,0,0.0,0.0,87.99,5.18,77.84,98.14,高可信,A_确认影子,30.0,equasis_real
311027500,9438860.0,Maran Nansen,Bahamas,Maran Shuttle Tankers,2010.0,AFRAMAX SHUTTLE TNKR,0000-00-00,Samsung,South Korea,1,67169,180.7,0,未命中,False,False,False,False,0,White,High Performance,0.000222,0.000113,0.000331,0.000123,0.000304,0.000136,0.000276,24,13,1,85.2,0.1,0.409162,0.194348,0.191356,0.197341,0.191832,0.196854,0.192381,0.196295,285,67.9,0.194334,0.139862,0.5381,0.130349,0.253628,0.186,2.834636,2.9e-05,0.0,0.107415,0.105073,0.109756,0.105443,0.109373,0.10587,0.108933,0.043724,8.98,180.0,10.9,10.76,11.04,10.78,11.02,10.81,10.99,1.0,A,0,0,0,0,0,0.0,0.0,15.08,7.3,0.77,29.39,高可信,D_正常,13.0,equasis_real
667002270,9247883.0,Sapna,Sierra Leone,VikoTrans,2002.0,LR2 TNKR,0000-00-00,Onomichi Dockyard,Japan,2,60811,180.7,2,中风险,False,False,True,True,2,Grey,Low Performance,0.000163,6.7e-05,0.00026,7.4e-05,0.000233,8.4e-05,0.000206,29,8,2,215.2,0.1,0.343918,0.184098,0.181018,0.187179,0.181507,0.186678,0.182072,0.186102,291,94.7,0.184082,0.079289,0.5359,0.327107,0.189163,0.2465,1.562052,0.001298,0.006694,0.129893,0.127221,0.132565,0.127644,0.132129,0.128132,0.131628,0.050401,10.68,150.52,10.89,10.74,11.03,10.76,11.01,10.79,10.98,1.0,A,0,0,0,0,0,0.0,0.0,85.81,13.46,59.43,100.0,高可信,A_确认影子,48.0,equasis_real
256812000,9453030.0,Valpiave,Malta,Montanari Navigazione,2010.0,AFRAMAX TNKR,0000-00-00,Samsung,South Korea,1,70401,180.6,0,未命中,False,False,False,False,0,White,High Performance,7e-05,1.4e-05,0.000125,1.7e-05,0.000107,2.1e-05,8.8e-05,21,3,0,57.1,0.1,0.338063,0.194076,0.191155,0.196998,0.19162,0.196523,0.192156,0.195978,135,155.0,0.194063,0.134208,0.5255,0.276982,0.233733,0.5662,2.293561,2.7e-05,0.0,0.103023,0.100778,0.105269,0.101132,0.104901,0.101542,0.10448,0.058279,8.91,167.66,10.8,10.66,10.93,10.68,10.91,10.71,10.88,1.0,A,0,0,0,0,0,0.0,0.0,14.05,1.86,10.4,17.7,高可信,D_正常,19.0,equasis_real
636011265,9259680.0,Santa Cruz I,Liberia,Avin International,2002.0,AFRAMAX TNKR,0000-00-00,Sasebo,Japan,2,103036,180.1,0,未命中,False,False,False,False,0,White,High Performance,0.000116,5.3e-05,0.000179,5.8e-05,0.000162,6.5e-05,0.000145,33,10,0,57.2,0.0,0.339299,0.223097,0.220555,0.225639,0.220961,0.225228,0.221429,0.224754,182,54.0,0.223089,0.3306,0.5411,0.14741,0.452096,0.8909,1.284017,1.9e-05,0.0,0.037675,0.036513,0.038838,0.036695,0.038646,0.036905,0.038426,0.014169,3.93,153.87,10.8,10.69,10.9,10.71,10.88,10.73,10.86,0.999,A,0,0,0,0,0,0.0,0.0,9.96,8.55,0.0,26.72,高可信,D_正常,14.0,equasis_real
461000253,9341079.0,Camel,Oman,Novoship,2006.0,AFRAMAX TNKR,0000-00-00,Hyundai Heavy Ind Ulsan Shipyard,South Korea,2,55701,180.7,3,高风险,True,False,True,True,0,Not Listed,Not Listed,0.00016,6.1e-05,0.000259,6.8e-05,0.000232,7.8e-05,0.000203,41,7,1,91.0,0.1,0.233892,0.209909,0.206527,0.21329,0.207064,0.212741,0.207685,0.212109,667,181.1,0.209892,0.129933,0.5133,0.312331,0.083797,0.1068,2.260369,0.013121,0.156237,0.065384,0.063331,0.067436,0.063652,0.067098,0.064024,0.066709,0.028885,5.55,177.48,10.76,10.61,10.9,10.64,10.88,10.66,10.85,1.0,A,0,0,0,0,0,0.0,0.0,76.8,14.14,49.09,100.0,高可信,A_确认影子,33.0,equasis_real
413281000,9509035.0,Bei Hai Zhan Wang,China,Shanghai North Sea Shipping,2008.0,AFRAMAX TNKR,0000-00-00,Shanghai Waigaoqiao Shipbuilding,China,1,59800,180.6,0,未命中,False,False,False,False,0,White,High Performance,9.9e-05,2.6e-05,0.000172,3e-05,0.000149,3.6e-05,0.000126,21,4,0,49.1,0.1,0.301522,0.204802,0.201567,0.208036,0.202081,0.207511,0.202675,0.206906,162,149.6,0.204786,0.092351,0.5357,0.181041,0.13382,0.2996,1.92502,3.2e-05,0.0,0.075919,0.073796,0.078041,0.074129,0.077692,0.074515,0.077291,0.034915,6.98,156.71,10.74,10.6,10.88,10.62,10.85,10.64,10.83,1.0,A,0,0,0,0,0,0.0,0.0,17.17,1.49,14.25,20.09,高可信,D_正常,10.0,equasis_real
574005510,9374868.0,Nero,Vietnam,Hung Phat,2007.0,LR2 TNKR,0000-00-00,Shanghai Waigaoqiao Shipbuilding,China,1,49152,180.6,2,中风险,False,False,True,True,2,Black,High Performance,0.000161,5.6e-05,0.000266,6.3e-05,0.000236,7.3e-05,0.000205,26,6,1,72.9,0.1,0.218465,0.208417,0.204826,0.212008,0.205397,0.211424,0.206056,0.210753,164,287.7,0.208399,0.095918,0.4929,0.161712,0.057001,0.1074,2.106361,0.011248,0.196786,0.06787,0.065646,0.070093,0.065994,0.069726,0.066396,0.069305,0.035175,6.09,175.49,10.74,10.59,10.89,10.61,10.87,10.64,10.84,1.0,A,0,0,0,0,0,0.0,0.0,80.48,18.98,43.28,100.0,高可信,A_确认影子,21.0,equasis_real
677100200,,,,,,,,,,0,13069,131.4,0,未命中,False,False,False,False,0,Unknown,Unknown,0.0003,4.2e-05,0.000558,5.1e-05,0.000462,6.4e-05,0.000368,35,2,0,24.6,0.2,0.287245,0.186334,0.17966,0.193009,0.180706,0.191909,0.181916,0.190647,22,225.2,0.186257,0.635127,0.3457,0.577869,0.51572,0.2644,1.122059,0.000147,0.0,0.115689,0.110206,0.121172,0.111054,0.120257,0.112038,0.11921,0.067024,10.04,180.0,10.71,10.39,11.02,10.44,10.97,10.49,10.91,0.511,B,0,0,0,0,0,0.0,0.0,18.84,18.75,0.0,55.59,高可信,D_正常,32.0,simulated_noisy
525119176,9315458.0,Hendropriyono III,Indonesia,Sillo Maritime Perdana,2006.0,LR2 TNKR,0000-00-00,Dalian Shipbuilding Industry Corp,China,2,9517,129.6,0,未命中,False,False,False,False,0,Not Listed,High Performance,0.002828,0.00178,0.003876,0.001894,0.003643,0.002035,0.003391,54,25,2,123.2,0.3,0.489125,0.070784,0.065635,0.075932,0.066412,0.075053,0.067318,0.074052,19,73.5,0.070618,0.164473,0.4867,0.839766,0.471694,0.4055,1.013558,0.000202,0.0,0.372174,0.362462,0.381886,0.364007,0.38031,0.365792,0.378497,0.235259,29.45,166.43,10.7,10.32,11.07,10.38,11.01,10.45,10.94,0.466,C,0,0,0,0,0,0.0,0.0,51.3,11.07,29.6,73.0,中可信,B_潜在影子,26.0,equasis_real
309987000,9336397.0,Lillesand,Bahamas,Polyar Tankers,2007.0,AFRAMAX TNKR,0000-00-00,Tsuneishi Zosen,Japan,1,81573,180.6,0,未命中,False,False,False,False,0,White,High Performance,7.3e-05,1.9e-05,0.000126,2.2e-05,0.000109,2.6e-05,9.2e-05,15,4,0,70.1,0.1,0.326395,0.204604,0.201835,0.207372,0.202276,0.206923,0.202785,0.206406,232,157.3,0.204592,0.183899,0.5137,0.248399,0.1775,0.4659,1.71589,0.012037,0.067689,0.072192,0.070416,0.073968,0.070696,0.073677,0.071019,0.073342,0.037144,6.46,160.91,10.65,10.53,10.77,10.55,10.75,10.57,10.73,1.0,A,0,0,0,0,0,0.0,0.0,14.39,8.37,0.0,30.8,高可信,D_正常,12.0,equasis_real
667002284,9321689.0,Glacia,Sierra Leone,Satorvel Trading,2007.0,AFRAMAX TNKR,0000-00-00,Samsung,South Korea,1,37013,89.2,2,中风险,False,False,True,True,2,Grey,Low Performance,0.000133,2.8e-05,0.000238,3.2e-05,0.000203,3.9e-05,0.000167,18,3,0,57.1,0.1,0.197498,0.196962,0.192911,0.201014,0.193553,0.200353,0.194294,0.199594,207,48.1,0.196936,0.070966,0.4481,0.252316,0.126211,0.0366,2.273409,5.2e-05,0.0,0.089264,0.08636,0.092169,0.086814,0.091689,0.08734,0.091139,0.03993,7.27,147.86,10.65,10.47,10.83,10.5,10.8,10.53,10.77,0.663,B,0,0,0,0,0,0.0,0.0,86.84,10.83,65.61,100.0,高可信,A_确认影子,39.0,equasis_real
563326000,9422196.0,Eagle Kinabalu,Singapore,AET,2011.0,AFRAMAX TNKR,0000-00-00,Tsuneishi Zosen,Japan,1,72749,179.1,0,未命中,False,False,False,False,0,White,High Performance,0.000178,8.4e-05,0.000271,9.3e-05,0.000247,0.000103,0.000222,15,11,2,305.2,0.1,0.312939,0.195222,0.192341,0.198102,0.192799,0.197634,0.193328,0.197096,150,189.0,0.195208,0.170384,0.5336,0.235765,0.206341,0.1137,3.624748,2.6e-05,0.0,0.091877,0.089778,0.093976,0.090109,0.093632,0.090491,0.093237,0.049965,8.42,145.32,10.63,10.5,10.76,10.52,10.74,10.54,10.71,0.996,A,0,0,0,0,0,0.0,0.0,16.51,10.44,0.0,36.97,高可信,D_正常,9.0,equasis_real
525121002,9249178.0,Nusa Merdeka,Indonesia,Buana Lintas Lautan,2003.0,AFRAMAX TNKR,0000-00-00,Samsung,South Korea,2,42150,180.7,0,未命中,False,False,False,False,0,Not Listed,High Performance,0.000188,6.5e-05,0.000311,7.4e-05,0.000275,8.5e-05,0.000239,27,6,0,69.0,0.1,0.284911,0.209161,0.205278,0.213043,0.205894,0.212411,0.206606,0.211685,142,213.2,0.209139,0.121885,0.5397,0.139346,0.203728,0.2583,1.130767,0.021538,0.105521,0.059619,0.057359,0.061879,0.05771,0.061504,0.058118,0.061074,0.025763,5.84,166.07,10.61,10.44,10.77,10.47,10.75,10.5,10.72,0.974,A,0,0,0,0,0,0.0,0.0,35.64,2.04,31.64,39.64,高可信,D_正常,24.0,equasis_real
636014378,9413016.0,Blue Sky,Liberia,Estoril Navigation,2009.0,AFRAMAX TNKR,0000-00-00,Sumitomo,Japan,1,80203,180.7,0,未命中,False,False,False,False,0,White,High Performance,9.9e-05,3.4e-05,0.000163,3.9e-05,0.000145,4.5e-05,0.000126,39,6,0,66.7,0.1,0.289366,0.207799,0.204991,0.210607,0.205438,0.210152,0.205955,0.209628,290,201.7,0.207788,0.246499,0.5943,0.167303,0.133242,0.2367,1.675534,2.4e-05,0.0,0.058575,0.05695,0.060201,0.057205,0.059933,0.0575,0.059626,0.030272,5.75,163.03,10.52,10.41,10.64,10.43,10.62,10.45,10.6,1.0,A,0,0,0,0,0,0.0,0.0,14.17,8.77,0.0,31.36,高可信,D_正常,9.0,equasis_real
613003614,9258868.0,Noctis,Cameroon,Altitude Assets,2003.0,AFRAMAX TNKR,0000-00-00,Samsung,South Korea,2,51112,180.1,2,中风险,False,False,True,True,3,Black,Low Performance,0.000135,4.2e-05,0.000229,4.8e-05,0.000201,5.6e-05,0.000172,30,5,0,70.1,0.1,0.359544,0.178475,0.175156,0.181795,0.175682,0.181254,0.17629,0.180633,437,44.0,0.178455,0.112958,0.5825,0.25534,0.303212,0.141,1.107797,0.028835,0.094986,0.122573,0.11973,0.125416,0.120178,0.12495,0.120697,0.124416,0.047248,9.56,164.02,10.49,10.33,10.64,10.35,10.62,10.38,10.59,0.999,A,0,0,0,0,0,0.0,0.0,87.25,10.83,66.02,100.0,高可信,A_确认影子,43.0,equasis_real
309924000,9325908.0,Nugget,Bahamas,Brilliant Marine,2006.0,AFRAMAX TNKR,0000-00-00,Daewoo,South Korea,2,58870,180.7,0,未命中,False,False,False,False,0,White,High Performance,0.000169,6.9e-05,0.000268,7.7e-05,0.000241,8.7e-05,0.000213,13,8,2,228.1,0.1,0.396263,0.185174,0.182037,0.188312,0.182535,0.187802,0.18311,0.187215,207,178.5,0.185157,0.257872,0.4536,0.212749,0.25935,0.2211,2.035521,3.3e-05,0.0,0.107167,0.104669,0.109666,0.105063,0.109257,0.105518,0.108787,0.045115,8.96,180.0,10.48,10.33,10.63,10.36,10.6,10.38,10.57,1.0,A,0,0,0,0,0,0.0,0.0,16.63,9.36,0.0,34.98,高可信,D_正常,14.0,equasis_real
667002271,9291250.0,Stilgar,Sierra Leone,Selqurin Tidemark,2005.0,LR2 TNKR,0000-00-00,Daewoo,South Korea,2,24641,121.4,1,低风险,False,False,False,True,2,Grey,Low Performance,0.00024,6.3e-05,0.000417,7.3e-05,0.000362,8.6e-05,0.000305,28,4,1,618.6,0.1,0.184165,0.181292,0.176483,0.186102,0.177241,0.185314,0.178118,0.18441,40,185.6,0.18125,0.083584,0.4643,0.443206,0.144449,0.0667,1.376254,0.001498,0.009837,0.115577,0.111586,0.119569,0.112209,0.11891,0.112932,0.118154,0.056245,8.84,166.73,10.48,10.25,10.7,10.28,10.67,10.32,10.62,0.614,B,0,0,0,0,0,0.0,0.0,89.96,9.5,71.34,100.0,高可信,A_确认影子,45.0,equasis_real
563216100,9428982.0,Torm Gwendolyn,Singapore,Torm,2010.0,LR2 TNKR,0000-00-00,Hyundai Samho Heavy Ind,South Korea,1,72967,180.7,0,未命中,False,False,False,False,0,White,High Performance,0.000177,8.4e-05,0.00027,9.2e-05,0.000246,0.000103,0.000221,15,11,2,171.9,0.1,0.334617,0.217223,0.214231,0.220215,0.214707,0.219729,0.215257,0.219171,52,224.6,0.217211,0.205437,0.5622,0.162328,0.164722,0.0673,8.484314,2.6e-05,0.0,0.03385,0.032538,0.035162,0.032742,0.034944,0.032978,0.034694,0.014183,3.45,169.39,10.46,10.34,10.57,10.36,10.56,10.38,10.53,1.0,A,0,0,0,0,0,0.0,0.0,15.98,11.75,0.0,39.01,高可信,D_正常,21.0,equasis_real
613277600,,,,,,,,,,0,35229,133.5,0,未命中,False,False,False,False,0,Unknown,Unknown,0.000168,4.4e-05,0.000292,5.1e-05,0.000253,6e-05,0.000213,19,4,1,82.9,0.1,0.208294,0.190388,0.186289,0.194488,0.186938,0.193819,0.187688,0.19305,484,184.0,0.19036,0.143614,0.5396,0.169983,0.214797,0.1033,1.655419,5.5e-05,0.0,0.094494,0.09144,0.097548,0.091918,0.097044,0.092471,0.096467,0.043854,7.79,157.65,10.46,10.27,10.65,10.3,10.62,10.34,10.58,0.766,B,0,0,0,0,0,0.0,0.0,14.98,12.24,0.0,38.97,高可信,D_正常,4.0,simulated_noisy
538004508,9446427.0,Altai,Marshall Islands,Kazmortransflot,2011.0,AFRAMAX TNKR,0000-00-00,Samsung,South Korea,1,57325,180.7,0,未命中,False,False,False,False,0,White,High Performance,0.000173,7.1e-05,0.000275,7.9e-05,0.000248,8.9e-05,0.000219,30,8,0,57.1,0.1,0.323803,0.202881,0.199589,0.206173,0.200112,0.205638,0.200716,0.205023,108,239.2,0.202864,0.164017,0.537,0.307092,0.243698,0.5522,0.951789,0.0049,0.019973,0.065154,0.063133,0.067174,0.06345,0.06684,0.063816,0.066458,0.03255,5.74,174.18,10.44,10.3,10.58,10.32,10.56,10.34,10.53,1.0,A,0,0,0,0,0,0.0,0.0,15.25,6.0,3.49,27.01,高可信,D_正常,19.0,equasis_real
631010074,9319674.0,Night Glory,Equatorial Guinea,Ajmera Shipping,2007.0,LR2 TNKR,0000-00-00,Dalian Shipbuilding Industry Corp,China,1,21360,63.9,2,中风险,False,False,True,True,0,Not Listed,Not Listed,0.00023,4.8e-05,0.000413,5.6e-05,0.000351,6.8e-05,0.00029,5,3,0,70.4,0.1,0.275655,0.167803,0.162792,0.172814,0.16358,0.171991,0.164492,0.171046,107,69.2,0.167751,0.056915,0.4615,0.241805,0.138595,0.2733,1.003992,9e-05,0.0,0.144333,0.13962,0.149045,0.140359,0.148269,0.141214,0.147378,0.074716,10.86,161.68,10.44,10.19,10.69,10.23,10.65,10.28,10.6,0.417,C,0,0,0,0,0,0.0,0.0,59.78,15.37,29.65,89.91,中可信,A_确认影子,41.0,equasis_real
613522701,9405057.0,Jun Tong,Cameroon,Juntong Shipping,2008.0,LR2 TNKR,0000-00-00,STX Offshore,South Korea,1,59166,180.6,2,中风险,False,False,True,True,3,Black,Low Performance,0.000218,0.000104,0.000333,0.000114,0.000304,0.000127,0.000273,14,11,2,85.9,0.1,0.264341,0.199408,0.196188,0.202627,0.1967,0.202104,0.197291,0.201502,261,176.1,0.199392,0.204731,0.5081,0.166363,0.16297,0.1344,1.879706,3.2e-05,0.0,0.067166,0.065149,0.069183,0.065465,0.06885,0.065831,0.068469,0.02814,6.24,140.53,10.32,10.18,10.46,10.2,10.44,10.23,10.41,1.0,A,0,0,0,0,0,0.0,0.0,84.31,11.85,61.08,100.0,高可信,A_确认影子,28.0,equasis_real
412245000,9487184.0,Yu Fu Zou,China,Shanghai Yucheng Shipping,2010.0,AFRAMAX TNKR,0000-00-00,Dalian Shipbuilding Industry Corp,China,1,84936,180.7,0,未命中,False,False,False,False,0,White,High Performance,8.1e-05,2.5e-05,0.000138,2.9e-05,0.000121,3.3e-05,0.000104,13,5,1,73.6,0.1,0.248658,0.17112,0.168587,0.173653,0.16899,0.173241,0.169455,0.172768,163,73.9,0.171107,0.236107,0.5408,0.246966,0.19728,0.0576,4.872794,2.3e-05,0.0,0.128885,0.126631,0.131138,0.126988,0.130771,0.127401,0.130349,0.067215,11.03,176.39,10.28,10.16,10.4,10.18,10.38,10.2,10.36,1.0,A,0,0,0,0,0,0.0,0.0,16.71,10.6,0.0,37.49,高可信,D_正常,19.0,equasis_real
563221700,9461843.0,Torm Gloria,Singapore,Torm,2011.0,LR2 TNKR,0000-00-00,Hyundai Samho Heavy Ind,South Korea,1,88699,180.7,0,未命中,False,False,False,False,0,White,High Performance,6.7e-05,1.8e-05,0.000116,2e-05,0.0001,2.4e-05,8.5e-05,7,4,1,129.3,0.0,0.403308,0.220623,0.217895,0.223352,0.218329,0.22291,0.218832,0.222401,195,86.8,0.220614,0.120987,0.5126,0.191815,0.217681,0.1855,6.535074,2.2e-05,0.0,0.017395,0.016535,0.018255,0.016667,0.018111,0.016821,0.017946,0.005997,2.42,114.25,10.28,10.18,10.38,10.19,10.36,10.21,10.34,1.0,A,0,0,0,0,0,0.0,0.0,15.05,8.11,0.0,30.95,高可信,D_正常,18.0,equasis_real
636022945,9233818.0,Margareta,Liberia,Samaria Blue,2003.0,AFRAMAX SHUTTLE TNKR,0000-00-00,Samsung,South Korea,2,84339,176.7,0,未命中,False,False,False,False,0,White,High Performance,0.000165,8.1e-05,0.000249,8.9e-05,0.000228,9.8e-05,0.000206,37,12,3,118.9,0.1,0.212725,0.209217,0.206472,0.211962,0.206909,0.211517,0.207413,0.211005,759,142.0,0.209206,0.102355,0.5105,0.228129,0.027067,0.0979,1.732368,0.000331,0.011399,0.041878,0.040526,0.043229,0.040737,0.043006,0.040982,0.04275,0.022444,4.66,162.27,10.26,10.14,10.37,10.16,10.35,10.18,10.33,0.99,A,0,0,0,0,0,0.0,0.0,38.68,3.62,31.58,45.78,高可信,D_正常,2.0,simulated_noisy
249356000,9419369.0,Amfitriti,Malta,Liquimar Tankers,2009.0,LR2 TNKR,0000-00-00,STX Offshore,South Korea,1,101763,180.5,0,未命中,False,False,False,False,0,White,High Performance,3.9e-05,5e-06,7.2e-05,7e-06,5.9e-05,8e-06,4.7e-05,10,2,0,61.3,0.0,0.235577,0.214824,0.2123,0.217347,0.212703,0.216938,0.213167,0.216468,479,112.7,0.214815,0.53992,0.566,0.137047,0.027759,0.0609,1.944541,1.9e-05,0.0,0.028801,0.027774,0.029829,0.027934,0.029659,0.028119,0.029463,0.010927,2.94,147.24,10.24,10.15,10.34,10.16,10.33,10.18,10.31,1.0,A,0,0,0,0,0,0.0,0.0,16.15,15.47,0.0,46.47,高可信,D_正常,10.0,equasis_real
636020835,9364239.0,Sofia II,Liberia,Flynn Ventures,2008.0,AFRAMAX TNKR,0000-00-00,Sumitomo,Japan,1,42648,180.6,0,未命中,False,False,False,False,0,White,High Performance,0.000303,0.000144,0.000462,0.000158,0.000421,0.000176,0.000379,51,11,3,99.4,0.1,0.317201,0.141821,0.13851,0.145132,0.139033,0.14459,0.139637,0.143968,185,195.7,0.141792,0.250304,0.3617,0.350739,0.280947,0.3574,1.018929,4.5e-05,0.0,0.190043,0.186319,0.193766,0.18691,0.19316,0.187591,0.192462,0.117519,15.75,172.93,10.19,10.01,10.37,10.04,10.34,10.07,10.3,0.98,A,0,0,0,0,0,0.0,0.0,15.62,7.23,1.45,29.79,高可信,D_正常,22.0,equasis_real
511101914,,,,,,,,,,0,26466,125.0,0,未命中,False,False,False,False,0,Unknown,Unknown,0.000337,0.000128,0.000546,0.000143,0.000488,0.000164,0.000427,26,7,3,210.2,0.1,0.393599,0.144048,0.139818,0.148278,0.140482,0.147583,0.141252,0.146785,131,92.2,0.144002,0.192934,0.6407,0.270689,0.427276,0.1712,2.125752,7.3e-05,0.0,0.184461,0.179789,0.189134,0.180526,0.188369,0.181379,0.187491,0.092796,15.23,180.0,10.18,9.95,10.4,9.99,10.37,10.03,10.32,0.644,B,0,0,0,0,0,0.0,0.0,13.14,12.03,0.0,36.72,高可信,D_正常,4.0,simulated_noisy
538012112,9313486.0,Nyxora,Marshall Islands,Star Marine Management,2008.0,AFRAMAX TNKR,0000-00-00,Tadotsu Tsuneishi,Japan,1,43007,180.7,0,未命中,False,False,False,False,0,White,High Performance,0.000393,0.000211,0.000575,0.000229,0.000532,0.000251,0.000485,51,15,6,309.2,0.1,0.194782,0.15368,0.150272,0.157089,0.150811,0.156532,0.151433,0.155892,1311,74.7,0.153653,0.150472,0.5153,0.443599,0.107692,0.2555,2.566366,0.000533,0.004536,0.161949,0.158467,0.165431,0.159018,0.164862,0.159655,0.164209,0.08817,13.01,169.4,10.16,9.99,10.34,10.02,10.31,10.05,10.28,0.984,A,0,0,0,0,0,0.0,0.0,36.19,6.42,23.61,48.77,高可信,D_正常,26.0,equasis_real
636016275,9343340.0,Gemini Sun,Liberia,Zodiac Maritime,2008.0,AFRAMAX TNKR,0000-00-00,Sasebo,Japan,1,73137,180.7,0,未命中,False,False,False,False,0,White,High Performance,0.000163,7.4e-05,0.000252,8.2e-05,0.000229,9.1e-05,0.000205,48,10,4,222.4,0.1,0.243051,0.195457,0.192584,0.198331,0.193041,0.197865,0.193569,0.197328,349,64.7,0.195444,0.248601,0.4993,0.146,0.147085,0.0899,1.284683,2.6e-05,0.0,0.065985,0.064186,0.067784,0.064468,0.067488,0.064795,0.067148,0.030257,6.32,162.14,10.12,9.99,10.24,10.01,10.22,10.04,10.2,1.0,A,0,0,0,0,0,0.0,0.0,18.37,11.31,0.0,40.54,高可信,D_正常,13.0,equasis_real
273277840,9389095.0,Triumf,Russia,Jeeva Shipping,2009.0,LR2 TNKR,0000-00-00,Shanghai Waigaoqiao Shipbuilding,China,1,55925,180.7,2,中风险,False,False,True,True,1,Grey,Medium Performance,0.000177,7.2e-05,0.000282,8.1e-05,0.000254,9.1e-05,0.000224,29,8,1,74.8,0.1,0.270291,0.208728,0.20536,0.212096,0.205895,0.211549,0.206514,0.21092,276,313.9,0.208712,0.076489,0.5338,0.131849,0.112642,0.1361,2.125415,0.000624,0.00524,0.035815,0.034275,0.037354,0.034513,0.037097,0.034789,0.036803,0.012372,3.78,142.42,10.11,9.98,10.25,10.0,10.23,10.02,10.2,1.0,A,0,0,0,0,0,0.0,0.0,77.36,1.2,75.01,79.71,高可信,A_确认影子,25.0,equasis_real
461000255,9511521.0,Mirabel,Oman,Sovcomflot,2010.0,AFRAMAX TNKR,0000-00-00,Hyundai Samho Heavy Ind,South Korea,1,21873,180.3,3,高风险,True,False,True,True,0,Not Listed,Not Listed,0.000454,0.000185,0.000722,0.000206,0.000649,0.000233,0.000573,79,8,1,182.8,0.2,0.193709,0.175799,0.170755,0.180843,0.171549,0.180015,0.172467,0.179065,226,101.1,0.17575,0.066825,0.4412,0.280498,0.111576,0.0923,1.508144,0.011515,0.102501,0.107253,0.103152,0.111353,0.103791,0.110674,0.104531,0.109895,0.055362,9.19,155.17,10.07,9.83,10.31,9.86,10.27,9.91,10.22,0.746,B,0,0,0,0,0,0.0,0.0,71.09,10.66,50.2,91.98,高可信,A_确认影子,36.0,equasis_real
273278480,9288851.0,Transformer,Russia,Undisclosed,2004.0,AFRAMAX TNKR,0000-00-00,Samsung,South Korea,2,11657,67.9,3,高风险,True,False,True,True,1,Grey,Medium Performance,0.000422,8.8e-05,0.000757,0.000103,0.000644,0.000125,0.000531,27,3,0,70.1,0.1,0.185211,0.185314,0.178263,0.192366,0.179365,0.191202,0.180642,0.189868,245,28.1,0.185226,0.158129,0.467,0.478211,0.026749,0.0,2.018502,0.000165,0.0,0.084407,0.079362,0.089452,0.080133,0.0886,0.081029,0.087628,0.035337,6.85,143.93,10.04,9.72,10.36,9.76,10.3,9.82,10.24,0.319,C,0,0,0,0,0,0.0,0.0,83.04,4.83,73.57,92.51,中可信,A_确认影子,25.0,equasis_real
631010088,9283306.0,Fina A,Equatorial Guinea,Seasailor Holdings,2004.0,LR2 TNKR,0000-00-00,Dalian New Yard,China,2,25980,101.0,2,中风险,False,False,True,True,0,Not Listed,Not Listed,0.000189,3.9e-05,0.00034,4.6e-05,0.000289,5.6e-05,0.000238,18,3,0,57.1,0.1,0.265435,0.18388,0.17917,0.188591,0.179914,0.18782,0.180773,0.186935,291,132.6,0.183841,0.134003,0.5168,0.182208,0.119841,0.2202,1.127485,0.002729,0.022172,0.087334,0.083901,0.090766,0.084435,0.090197,0.085054,0.089544,0.036179,7.63,128.71,10.03,9.81,10.24,9.84,10.2,9.88,10.16,0.572,B,0,0,0,0,0,0.0,0.0,57.46,3.01,51.56,63.36,高可信,A_确认影子,27.0,simulated_noisy
419001313,,,,,,,,,,0,98906,180.7,0,未命中,False,False,False,False,0,Unknown,Unknown,6e-05,1.6e-05,0.000104,1.8e-05,9e-05,2.2e-05,7.6e-05,8,4,1,120.9,0.0,0.280549,0.2156,0.213037,0.218162,0.213445,0.217747,0.213917,0.21727,218,266.2,0.215591,0.091102,0.5231,0.060725,0.088908,0.1467,3.644687,1.9e-05,0.0,0.015236,0.014473,0.015999,0.01459,0.015871,0.014726,0.015724,0.005509,2.36,139.51,10.01,9.91,10.1,9.93,10.09,9.95,10.07,1.0,A,0,0,0,0,0,0.0,0.0,17.21,8.37,0.8,33.62,高可信,D_正常,16.0,simulated_noisy
311000357,9414503.0,Yamato Spirit,Bahamas,Teekay Tankers,2008.0,AFRAMAX TNKR,0000-00-00,Tsuneishi Zosen,Japan,1,49841,180.7,0,未命中,False,False,False,False,0,White,High Performance,0.000179,6.8e-05,0.00029,7.6e-05,0.000259,8.7e-05,0.000227,11,7,1,157.2,0.1,0.322144,0.19703,0.193538,0.200522,0.194092,0.199954,0.194733,0.1993,357,205.9,0.19701,0.130584,0.4781,0.200877,0.159915,0.2145,4.680968,3.9e-05,0.0,0.05692,0.054886,0.058953,0.055203,0.058616,0.05557,0.05823,0.023433,5.81,143.48,10.01,9.86,10.16,9.88,10.13,9.91,10.1,1.0,A,0,0,0,0,0,0.0,0.0,13.7,9.74,0.0,32.79,高可信,D_正常,4.0,simulated_noisy
570389201,,,,,,,,,,0,20912,99.2,0,未命中,False,False,False,False,0,Unknown,Unknown,0.000427,0.000162,0.000691,0.000182,0.000617,0.000207,0.000541,12,7,2,130.3,0.1,0.26951,0.153468,0.148584,0.158353,0.14935,0.157549,0.150237,0.156627,20,191.5,0.153412,0.360632,0.6295,0.203797,0.13444,0.0353,1.409605,9.2e-05,0.0,0.154789,0.149887,0.159691,0.150656,0.158884,0.151546,0.157959,0.088941,13.13,156.52,10.01,9.76,10.26,9.8,10.22,9.84,10.17,0.51,B,0,0,0,0,0,0.0,0.0,16.36,12.99,0.0,41.82,高可信,D_正常,19.0,simulated_noisy
311000223,9417335.0,Blackcomb Spirit,Bahamas,Teekay Tankers,2010.0,AFRAMAX TNKR,0000-00-00,Hudong Zhonghua,China,1,55075,180.6,0,未命中,False,False,False,False,0,White,High Performance,0.000162,6.2e-05,0.000262,6.9e-05,0.000234,7.9e-05,0.000205,17,7,2,72.8,0.1,0.324267,0.189654,0.18638,0.192928,0.1869,0.192395,0.1875,0.191783,219,102.8,0.189636,0.222752,0.5209,0.149106,0.177962,0.3001,2.017166,0.001633,0.00898,0.072827,0.070657,0.074997,0.070997,0.074639,0.07139,0.074229,0.04058,6.85,152.48,9.99,9.85,10.14,9.87,10.12,9.9,10.09,1.0,A,0,0,0,0,0,0.0,0.0,14.44,8.07,0.0,30.26,高可信,D_正常,13.0,simulated_noisy
413074000,9283265.0,Yang Lin Wan,China,COSCO Shipping Energy Transportation,2004.0,LR2 TNKR,0000-00-00,Dalian New Yard,China,2,138858,180.7,0,未命中,False,False,False,False,0,White,High Performance,4.3e-05,1.1e-05,7.4e-05,1.3e-05,6.4e-05,1.5e-05,5.4e-05,14,4,0,39.0,0.0,0.257983,0.210144,0.208001,0.212286,0.208343,0.21194,0.208737,0.211541,161,118.6,0.210137,0.280141,0.4483,0.225035,0.128069,0.6888,1.791587,1.4e-05,0.0,0.021683,0.020918,0.022449,0.021037,0.022322,0.021175,0.022177,0.008965,2.68,132.22,9.89,9.81,9.97,9.82,9.96,9.84,9.94,1.0,A,0,0,0,0,0,0.0,0.0,26.47,12.62,1.73,51.21,高可信,D_正常,25.0,simulated_noisy
667002359,9330604.0,Nachos,Sierra Leone,Egemen Shipping,2007.0,AFRAMAX TNKR,0000-00-00,Samsung,South Korea,1,90890,180.7,1,低风险,False,False,False,True,2,Grey,Low Performance,5.4e-05,1.1e-05,9.7e-05,1.3e-05,8.3e-05,1.6e-05,6.8e-05,9,3,0,57.2,0.0,0.212026,0.193709,0.191139,0.196278,0.191548,0.195861,0.192021,0.195382,358,185.9,0.193698,0.181827,0.4785,0.296526,0.045096,0.0897,1.548474,0.000758,0.016353,0.057937,0.056419,0.059456,0.056657,0.059207,0.056933,0.05892,0.024875,5.06,159.38,9.88,9.77,9.99,9.79,9.97,9.81,9.95,1.0,A,0,0,0,0,0,0.0,0.0,71.08,10.63,50.25,91.91,高可信,A_确认影子,12.0,simulated_noisy
538003526,9402483.0,Dubai Glamour,Marshall Islands,Emarat Maritime,2009.0,AFRAMAX TNKR,0000-00-00,Hanjin Heavy Ind,South Korea,1,63671,180.7,0,未命中,False,False,False,False,0,White,High Performance,0.000187,8.5e-05,0.000289,9.4e-05,0.000263,0.000105,0.000235,37,10,0,71.0,0.1,0.267186,0.206171,0.203029,0.209314,0.203529,0.208803,0.204106,0.208216,41,778.7,0.206157,0.090348,0.5316,0.136814,0.132469,0.2711,1.409605,3e-05,0.0,0.028709,0.027412,0.030006,0.027612,0.029789,0.027845,0.029541,0.013663,3.09,159.68,9.86,9.73,9.98,9.75,9.96,9.78,9.94,1.0,A,0,0,0,0,0,0.0,0.0,15.86,3.25,9.49,22.23,高可信,D_正常,7.0,simulated_noisy
636021733,9395331.0,Corossol,Liberia,TMS Tankers,2010.0,LR2 TNKR,0000-00-00,Shanghai Waigaoqiao Shipbuilding,China,1,60968,180.7,0,未命中,False,False,False,False,0,White,High Performance,0.00013,4.5e-05,0.000215,5.1e-05,0.00019,5.9e-05,0.000165,19,6,1,73.2,0.1,0.26304,0.205684,0.202475,0.208892,0.202986,0.208371,0.203575,0.207772,180,300.4,0.205669,0.10526,0.5422,0.06703,0.108557,0.2204,2.697641,0.001786,0.01617,0.027964,0.026656,0.029273,0.026857,0.029054,0.027092,0.028803,0.009742,3.43,139.78,9.82,9.69,9.94,9.71,9.92,9.74,9.9,1.0,A,0,0,0,0,0,0.0,0.0,20.29,8.82,3.0,37.58,高可信,D_正常,6.0,simulated_noisy
241406000,9370850.0,Syros Warrior,Greece,Polembros Shipping,2009.0,AFRAMAX TNKR,0000-00-00,Tadotsu Tsuneishi,Japan,1,94353,180.7,0,未命中,False,False,False,False,0,White,High Performance,7.3e-05,2.3e-05,0.000124,2.6e-05,0.000109,3e-05,9.3e-05,27,5,0,57.0,0.0,0.197842,0.18182,0.179359,0.184281,0.17975,0.183881,0.180202,0.183422,482,100.5,0.181809,0.109445,0.476,0.194175,0.069798,0.2474,1.040756,0.000497,0.006835,0.077284,0.07558,0.078987,0.075848,0.078708,0.076159,0.078388,0.032526,6.18,145.3,9.73,9.62,9.84,9.64,9.82,9.66,9.8,1.0,A,0,0,0,0,0,0.0,0.0,19.19,7.23,5.02,33.36,高可信,D_正常,2.0,simulated_noisy
636014368,9389277.0,SL Ambition,Liberia,Great Eastern Shipping,2009.0,LR2 TNKR,0000-00-00,HSG Sungdong Shipbuilding,South Korea,1,53872,180.6,0,未命中,False,False,False,False,0,White,High Performance,0.000184,7.5e-05,0.000293,8.4e-05,0.000264,9.5e-05,0.000233,15,8,2,732.1,0.1,0.43492,0.117844,0.115121,0.120566,0.115551,0.12012,0.116047,0.119609,473,73.6,0.117818,0.05249,0.4428,0.216469,0.37512,0.4667,1.179502,3.6e-05,0.0,0.220058,0.216559,0.223556,0.217116,0.222988,0.217758,0.222335,0.099698,16.01,162.86,9.71,9.55,9.86,9.58,9.84,9.61,9.81,1.0,A,0,0,0,0,0,0.0,0.0,16.3,4.29,7.89,24.71,高可信,D_正常,16.0,simulated_noisy
636024028,9297333.0,Minerva Clara,Liberia,Minerva Marine,2006.0,AFRAMAX TNKR,0000-00-00,Samsung,South Korea,2,105839,179.6,0,未命中,False,False,False,False,0,White,High Performance,5.6e-05,1.5e-05,9.7e-05,1.7e-05,8.4e-05,2e-05,7.1e-05,9,4,1,89.3,0.0,0.248406,0.177111,0.174811,0.179411,0.175177,0.179038,0.1756,0.178609,356,182.6,0.177101,0.209839,0.4489,0.197469,0.115661,0.2616,2.8675,0.002229,0.019118,0.085044,0.083363,0.086724,0.083629,0.08645,0.083936,0.086134,0.034826,7.3,161.12,9.67,9.57,9.78,9.58,9.76,9.6,9.74,0.998,A,0,0,0,0,0,0.0,0.0,21.66,5.65,10.59,32.73,高可信,D_正常,15.0,simulated_noisy
636025005,9312846.0,Bourda,Liberia,IMS SA,2006.0,LR2 TNKR,0000-00-00,Hyundai Heavy Ind Ulsan Shipyard,South Korea,2,49602,180.6,0,未命中,False,False,False,False,0,White,High Performance,0.00018,6.8e-05,0.000291,7.7e-05,0.00026,8.7e-05,0.000228,15,7,2,197.7,0.1,0.434398,0.199894,0.196375,0.203413,0.196934,0.202841,0.197579,0.202183,109,167.5,0.199875,0.175441,0.5612,0.178268,0.40735,0.2487,1.788315,0.003284,0.007968,0.032598,0.031036,0.03416,0.031276,0.033899,0.031555,0.033599,0.014353,3.6,153.97,9.65,9.51,9.79,9.53,9.77,9.56,9.74,1.0,A,0,0,0,0,0,0.0,0.0,15.79,8.03,0.05,31.53,高可信,D_正常,12.0,simulated_noisy
373638000,9282912.0,Aframax Riviera,Panama,Hellenic Tankers,2005.0,AFRAMAX TNKR,0000-00-00,Koyo Dock,Japan,2,33463,180.7,0,未命中,False,False,False,False,0,White,High Performance,0.000237,8.2e-05,0.000391,9.3e-05,0.000347,0.000107,0.000301,18,6,2,81.6,0.1,0.252876,0.161321,0.157381,0.165262,0.158003,0.164617,0.158722,0.163877,200,75.3,0.161287,0.187795,0.5285,0.095145,0.201182,0.1785,0.876206,0.022527,0.111722,0.116515,0.113078,0.119952,0.113617,0.119387,0.114241,0.118738,0.05355,9.76,155.51,9.6,9.4,9.79,9.43,9.75,9.47,9.72,0.876,A,0,0,0,0,0,0.0,0.0,23.05,12.52,0.0,47.59,高可信,D_正常,8.0,simulated_noisy
314001105,9291236.0,Avina,Barbados,Splendid Vantage,2005.0,LR2 TNKR,0000-00-00,Daewoo,South Korea,2,51550,180.7,0,未命中,False,False,False,False,1,White,Medium Performance,5.7e-05,3e-06,0.00011,4e-06,8.7e-05,6e-06,6.5e-05,24,1,1,179.4,0.1,0.542386,0.123384,0.120545,0.126223,0.120993,0.125758,0.121511,0.125225,61,113.9,0.123358,0.127302,0.6189,0.575486,0.499185,0.1909,1.396781,0.000658,0.001244,0.20159,0.198127,0.205053,0.198677,0.20449,0.199312,0.203842,0.090183,16.64,163.2,9.59,9.43,9.74,9.45,9.72,9.48,9.69,1.0,A,0,0,0,0,0,0.0,0.0,36.4,10.72,15.39,57.41,高可信,D_正常,2.0,simulated_noisy
311000279,9514171.0,Peak Spirit,Bahamas,Teekay Tankers,2011.0,AFRAMAX TNKR,0000-00-00,Sumitomo,Japan,1,56916,180.5,0,未命中,False,False,False,False,0,White,High Performance,0.000227,0.000108,0.000346,0.000118,0.000316,0.000132,0.000284,26,11,4,244.4,0.1,0.253532,0.174736,0.171616,0.177855,0.172111,0.177347,0.172683,0.176763,170,138.6,0.174717,0.248892,0.5885,0.22195,0.197048,0.1996,1.948631,3.4e-05,0.0,0.084949,0.082658,0.087239,0.083018,0.086863,0.083435,0.086431,0.039671,7.42,170.23,9.57,9.43,9.71,9.45,9.69,9.47,9.66,1.0,A,0,0,0,0,0,0.0,0.0,13.11,9.5,0.0,31.73,高可信,D_正常,6.0,simulated_noisy
215068000,9417309.0,Valfoglia,Malta,Montanari Navigazione,2009.0,AFRAMAX TNKR,0000-00-00,Hudong Zhonghua,China,1,60697,180.6,0,未命中,False,False,False,False,0,White,High Performance,0.000163,6.7e-05,0.00026,7.4e-05,0.000234,8.4e-05,0.000207,30,8,1,104.4,0.1,0.24133,0.18367,0.18059,0.18675,0.181079,0.186249,0.181644,0.185673,110,154.3,0.183653,0.377572,0.4658,0.142534,0.140211,0.4552,1.415684,3.2e-05,0.0,0.063939,0.061993,0.065886,0.062298,0.065565,0.062651,0.065196,0.028369,5.42,164.92,9.55,9.41,9.68,9.43,9.66,9.46,9.63,1.0,A,0,0,0,0,0,0.0,0.0,9.77,8.72,0.0,26.86,高可信,D_正常,7.0,simulated_noisy
667002277,9299898.0,Palara,Sierra Leone,Range Maritime Services & Trading,2005.0,AFRAMAX TNKR,0000-00-00,Hyundai Samho Heavy Ind,South Korea,2,24092,154.2,2,中风险,False,False,True,True,2,Grey,Low Performance,0.000702,0.000377,0.001027,0.000408,0.000949,0.000448,0.000866,50,15,3,121.3,0.2,0.245102,0.146039,0.14158,0.150497,0.14228,0.149764,0.14309,0.148923,134,209.0,0.145988,0.057393,0.5184,0.284422,0.189905,0.1473,1.34448,0.000827,0.003935,0.146976,0.142505,0.151447,0.143207,0.150712,0.144019,0.149868,0.073134,12.17,158.41,9.53,9.3,9.76,9.33,9.72,9.37,9.68,0.698,B,0,0,0,0,0,0.0,0.0,79.79,15.3,49.8,100.0,高可信,A_确认影子,10.0,simulated_noisy
667001451,9308821.0,Berra,Sierra Leone,Dranion Port,2005.0,AFRAMAX TNKR,0000-00-00,Shanghai Waigaoqiao Shipbuilding,China,2,17441,180.6,2,中风险,False,False,True,True,2,Grey,Low Performance,0.000798,0.000394,0.001202,0.00043,0.001101,0.000476,0.000994,79,12,0,70.2,0.2,0.180781,0.145712,0.140477,0.150947,0.141295,0.150083,0.142243,0.149091,446,43.8,0.145642,0.148521,0.5103,0.44042,0.097445,0.0659,2.033592,0.002288,0.022379,0.147637,0.142373,0.152902,0.143196,0.152033,0.14415,0.151036,0.081815,12.45,171.3,9.53,9.26,9.8,9.3,9.76,9.35,9.7,0.696,B,0,0,0,0,0,0.0,0.0,81.29,15.73,50.46,100.0,高可信,A_确认影子,19.0,simulated_noisy
355600000,9420631.0,Karavas,Panama,Polyar Tankers,2010.0,AFRAMAX TNKR,0000-00-00,Tadotsu Tsuneishi,Japan,1,81877,180.6,0,未命中,False,False,False,False,0,White,High Performance,0.000158,7.5e-05,0.000241,8.2e-05,0.00022,9.1e-05,0.000197,16,11,2,156.4,0.1,0.224581,0.200803,0.198059,0.203547,0.198496,0.203102,0.199,0.20259,279,172.3,0.200791,0.126683,0.4745,0.088372,0.051721,0.1408,4.768528,0.002344,0.044885,0.022948,0.021923,0.023974,0.022081,0.023802,0.022265,0.023606,0.008426,2.66,131.87,9.5,9.39,9.6,9.41,9.59,9.43,9.57,1.0,A,0,0,0,0,0,0.0,0.0,34.46,1.09,32.32,36.6,高可信,D_正常,23.0,simulated_noisy
636019392,9398280.0,Tigerlily,Liberia,Stealth Maritime,2010.0,AFRAMAX TNKR,0000-00-00,Tadotsu Tsuneishi,Japan,1,70287,180.7,0,未命中,False,False,False,False,0,White,High Performance,7e-05,1.5e-05,0.000125,1.7e-05,0.000107,2.1e-05,8.8e-05,16,3,0,57.2,0.1,0.291818,0.174004,0.171202,0.176807,0.171647,0.176351,0.172161,0.175827,322,72.3,0.173989,0.188203,0.515,0.126048,0.201334,0.2871,1.51184,0.004338,0.021413,0.082034,0.080006,0.084063,0.080325,0.08373,0.080694,0.083348,0.033305,7.22,143.61,9.47,9.35,9.6,9.37,9.58,9.39,9.55,1.0,A,0,0,0,0,0,0.0,0.0,34.56,5.79,23.21,45.91,高可信,D_正常,38.0,simulated_noisy
461000256,9511533.0,Primavera,Oman,Sovcomflot,2010.0,AFRAMAX TNKR,0000-00-00,Hyundai Samho Heavy Ind,South Korea,1,24451,180.4,3,高风险,True,False,True,True,0,Not Listed,Not Listed,0.000447,0.000194,0.0007,0.000214,0.000633,0.000241,0.000562,79,9,2,132.9,0.2,0.175289,0.15559,0.151047,0.160132,0.151761,0.159386,0.152587,0.15853,303,71.5,0.155542,0.091512,0.4343,0.251232,0.146798,0.0827,1.721275,0.008829,0.059643,0.122365,0.118258,0.126472,0.1189,0.125794,0.119644,0.125017,0.065311,9.92,154.35,9.46,9.23,9.68,9.27,9.65,9.31,9.6,0.775,B,0,0,0,0,0,0.0,0.0,35.32,2.74,29.95,40.69,高可信,C_名单被动,17.0,simulated_noisy
352005654,9358412.0,Tiger Wings,Panama,Infinite Blue Maritime,2008.0,LR2 TNKR,0000-00-00,Dalian Shipbuilding Industry Corp,China,1,36133,180.6,0,未命中,False,False,False,False,0,White,High Performance,0.000302,0.000131,0.000473,0.000145,0.000428,0.000163,0.000381,21,9,1,112.1,0.1,0.197686,0.153802,0.150083,0.157521,0.15067,0.156913,0.151348,0.156214,196,86.5,0.15377,0.135593,0.5404,0.136036,0.101141,0.1421,2.281277,5.3e-05,0.0,0.123348,0.119958,0.126739,0.120491,0.126182,0.121108,0.125543,0.073864,11.18,167.3,9.4,9.21,9.58,9.24,9.55,9.27,9.51,0.906,A,0,0,0,0,0,0.0,0.0,28.5,3.6,21.44,35.56,高可信,D_正常,15.0,simulated_noisy
309368000,9301029.0,Ambrosia,Bahamas,Alberta Shipmanagement,2006.0,LR2 TNKR,0000-00-00,Sumitomo,Japan,2,56498,180.7,0,未命中,False,False,False,False,0,White,High Performance,0.000193,8.4e-05,0.000303,9.3e-05,0.000274,0.000104,0.000243,34,9,3,106.9,0.1,0.221636,0.194718,0.191453,0.197983,0.191971,0.197452,0.19257,0.196842,184,96.3,0.194701,0.18194,0.5838,0.074325,0.147604,0.177,0.817352,0.007874,0.05313,0.031009,0.02958,0.032438,0.0298,0.032198,0.030056,0.031925,0.011309,3.36,165.43,9.39,9.26,9.52,9.28,9.49,9.3,9.47,1.0,A,0,0,0,0,0,0.0,0.0,31.83,5.6,20.85,42.81,高可信,D_正常,10.0,simulated_noisy
273279840,9293002.0,Nasledie,Russia,Sapang Shipping Inc,2005.0,AFRAMAX TNKR,0000-00-00,Shanghai Waigaoqiao Shipbuilding,China,2,72254,180.7,2,中风险,False,False,True,True,1,Grey,Medium Performance,9.6e-05,3e-05,0.000162,3.4e-05,0.000142,3.9e-05,0.000122,19,5,0,57.1,0.1,0.19956,0.179703,0.176903,0.182502,0.177348,0.182047,0.177862,0.181524,626,169.8,0.179688,0.065999,0.4383,0.131547,0.08774,0.0982,1.633436,0.004068,0.046071,0.06347,0.061692,0.065247,0.061971,0.064955,0.062294,0.064619,0.029202,5.73,164.29,9.36,9.24,9.48,9.26,9.46,9.28,9.44,1.0,A,0,0,0,0,0,0.0,0.0,71.08,3.91,63.42,78.74,高可信,A_确认影子,2.0,simulated_noisy
525121061,9306639.0,Savir Lion,Indonesia,Buana Lintas Lautan,2007.0,LR2 TNKR,0000-00-00,Dalian Shipbuilding Industry Corp,China,1,82064,180.6,0,未命中,False,False,False,False,0,Not Listed,High Performance,0.000133,5.8e-05,0.000208,6.4e-05,0.000189,7.2e-05,0.000168,27,9,0,57.7,0.1,0.227566,0.186028,0.183366,0.18869,0.183789,0.188258,0.184278,0.187761,827,107.1,0.186016,0.321124,0.5831,0.149692,0.11109,0.2105,2.202246,0.002241,0.019967,0.048388,0.04692,0.049856,0.04715,0.049614,0.047416,0.049336,0.022421,5.31,158.88,9.34,9.23,9.45,9.25,9.43,9.27,9.41,1.0,A,0,0,0,0,0,0.0,0.0,16.7,13.25,0.0,42.67,高可信,D_正常,11.0,simulated_noisy
538012456,9403475.0,Angerona,Marshall Islands,Trafigura Beheer BV,2008.0,AFRAMAX TNKR,0000-00-00,Tsuneishi Zosen,Japan,1,42398,91.3,0,未命中,False,False,False,False,0,White,High Performance,0.00014,3.7e-05,0.000243,4.2e-05,0.00021,5e-05,0.000177,6,4,1,72.7,0.1,0.317916,0.134521,0.131273,0.137768,0.131785,0.137236,0.132377,0.136626,68,213.9,0.134491,0.050869,0.4632,0.266255,0.207135,0.3041,1.560729,4.5e-05,0.0,0.164016,0.160491,0.167541,0.161049,0.166965,0.161693,0.166304,0.076983,13.2,168.22,9.34,9.17,9.51,9.19,9.48,9.22,9.45,0.73,B,0,0,0,0,0,0.0,0.0,20.48,1.13,18.27,22.69,高可信,D_正常,12.0,simulated_noisy
311039900,9486922.0,Alberta,Bahamas,Carlova Maritime,2010.0,LR2 TNKR,0000-00-00,Sumitomo,Japan,1,58061,180.5,0,未命中,False,False,False,False,0,White,High Performance,0.000136,4.7e-05,0.000225,5.3e-05,0.0002,6.2e-05,0.000173,23,6,0,57.1,0.1,0.180207,0.160285,0.157301,0.163269,0.157774,0.162783,0.15832,0.162224,352,68.6,0.160265,0.13738,0.4645,0.199736,0.079462,0.1313,1.776216,0.00036,0.00412,0.102822,0.100351,0.105292,0.100741,0.104887,0.101191,0.104423,0.052323,8.47,171.6,9.27,9.13,9.41,9.15,9.39,9.18,9.36,1.0,A,0,0,0,0,0,0.0,0.0,62.79,8.64,45.86,79.72,高可信,B_潜在影子,46.0,simulated_noisy
636016093,9402316.0,Libra Sun,Liberia,Zodiac Maritime,2010.0,AFRAMAX TNKR,0000-00-00,Sasebo,Japan,1,35579,180.0,0,未命中,False,False,False,False,0,White,High Performance,0.000419,0.000214,0.000625,0.000232,0.000574,0.000257,0.00052,47,13,1,94.6,0.1,0.1943,0.166286,0.162417,0.170154,0.163028,0.169522,0.163735,0.168796,98,152.1,0.166254,0.221481,0.5289,0.257085,0.077338,0.1543,2.065684,5.4e-05,0.0,0.085723,0.082814,0.088632,0.083268,0.088151,0.083795,0.0876,0.051686,7.75,175.65,9.21,9.03,9.39,9.06,9.36,9.09,9.32,0.899,A,0,0,0,0,0,0.0,0.0,21.51,11.48,0.0,44.01,高可信,D_正常,9.0,simulated_noisy
538005006,9440538.0,Kriti Journey,Marshall Islands,Avin International,2010.0,LR2 TNKR,0000-00-00,SPP,South Korea,1,96626,180.7,0,未命中,False,False,False,False,0,White,High Performance,0.000103,4.2e-05,0.000163,4.7e-05,0.000147,5.3e-05,0.00013,17,8,0,67.3,0.0,0.25844,0.165828,0.163483,0.168173,0.163856,0.167792,0.164286,0.167354,331,86.6,0.165816,0.201728,0.4838,0.12326,0.169729,0.3934,1.805168,0.004325,0.025367,0.086932,0.085156,0.088709,0.085437,0.088418,0.085761,0.088085,0.047285,7.24,180.0,9.2,9.1,9.31,9.11,9.29,9.13,9.27,1.0,A,0,0,0,0,0,0.0,0.0,15.82,7.43,1.26,30.38,高可信,D_正常,16.0,simulated_noisy
525121027,9299599.0,SC Ocean LXI,Indonesia,Soechi Lines,2005.0,AFRAMAX TNKR,0000-00-00,Hudong Zhonghua,China,2,83357,180.1,0,未命中,False,False,False,False,0,Not Listed,High Performance,4.7e-05,7e-06,8.7e-05,8e-06,7.3e-05,1e-05,5.8e-05,5,2,0,67.4,0.1,0.696174,0.046064,0.044641,0.047487,0.044863,0.047252,0.045121,0.046983,185,34.8,0.046043,0.163865,0.368,0.530413,0.815022,0.9988,1.536069,2.3e-05,0.0,0.356119,0.352868,0.359369,0.353388,0.358845,0.353989,0.358241,0.158618,27.05,174.14,9.2,9.09,9.3,9.1,9.29,9.12,9.27,0.999,A,0,0,0,0,0,0.0,0.0,12.18,11.33,0.0,34.39,高可信,D_正常,11.0,simulated_noisy
632001134,,,,,,,,,,0,45677,180.0,0,未命中,False,False,False,False,0,Unknown,Unknown,0.000239,0.000104,0.000374,0.000115,0.000339,0.000129,0.000301,52,9,6,143.1,0.1,0.51411,0.144632,0.141407,0.147858,0.141916,0.14733,0.142505,0.146725,225,105.1,0.144605,0.125499,0.6244,0.465805,0.441693,0.0858,1.415684,4.2e-05,0.0,0.131575,0.128475,0.134675,0.128964,0.134167,0.12953,0.133585,0.066443,12.46,151.58,9.15,8.98,9.31,9.01,9.28,9.04,9.25,0.999,A,0,0,0,0,0,0.0,0.0,13.65,11.68,0.0,36.54,高可信,D_正常,2.0,simulated_noisy
636017739,9329409.0,Kriti Samaria,Liberia,Avin International,2007.0,AFRAMAX TNKR,0000-00-00,Namura,Japan,1,74568,180.6,0,未命中,False,False,False,False,0,White,High Performance,9.3e-05,2.9e-05,0.000157,3.3e-05,0.000138,3.8e-05,0.000118,10,5,0,65.6,0.1,0.320969,0.164833,0.16217,0.167496,0.162593,0.167063,0.163082,0.166565,247,320.8,0.164818,0.360189,0.516,0.270517,0.242758,0.7156,1.878009,0.026148,0.107618,0.086618,0.084599,0.088637,0.084917,0.088306,0.085285,0.087926,0.041545,7.79,165.15,9.15,9.03,9.27,9.05,9.25,9.07,9.23,1.0,A,0,0,0,0,0,0.0,0.0,20.42,19.6,0.0,58.84,高可信,D_正常,27.0,simulated_noisy
613009690,9337418.0,Atmos,Cameroon,Wu Yi Shan Shipmanagement,2007.0,AFRAMAX TNKR,0000-00-00,Sumitomo,Japan,1,18646,180.3,2,中风险,False,False,True,True,3,Black,Low Performance,0.001336,0.000822,0.00185,0.000877,0.001735,0.000945,0.00161,55,23,11,736.6,0.2,0.159283,0.146592,0.141516,0.151668,0.142311,0.150831,0.143231,0.149871,250,122.5,0.146527,0.092543,0.4085,0.356941,0.037369,0.0054,1.221372,0.001765,0.044604,0.125439,0.120686,0.130193,0.121427,0.129406,0.122286,0.128504,0.063763,9.91,166.1,9.14,8.88,9.4,8.92,9.35,8.96,9.3,0.709,B,0,0,0,0,0,0.0,0.0,90.12,9.71,71.09,100.0,高可信,A_确认影子,32.0,simulated_noisy
477192100,9442158.0,Searanger,"Hong Kong, China",Valles Steamship,2009.0,AFRAMAX TNKR,0000-00-00,Hudong Zhonghua,China,1,43312,180.7,0,未命中,False,False,False,False,0,White,High Performance,0.000229,9.4e-05,0.000364,0.000104,0.000328,0.000118,0.00029,38,8,0,70.9,0.1,0.299132,0.171644,0.168093,0.175195,0.168656,0.174616,0.169305,0.17395,166,133.3,0.171619,0.249999,0.5805,0.164471,0.195677,0.0248,1.356786,4.4e-05,0.0,0.068594,0.066214,0.070974,0.066585,0.07058,0.067015,0.070129,0.025649,6.59,159.69,9.1,8.94,9.26,8.97,9.23,9.0,9.2,0.987,A,0,0,0,0,0,0.0,0.0,21.23,8.34,4.88,37.58,高可信,D_正常,23.0,simulated_noisy
371325000,9402237.0,Dolphin Pearl,Panama,Nan Fung Shipping,2009.0,AFRAMAX TNKR,0000-00-00,Sasebo,Japan,1,56741,180.6,0,未命中,False,False,False,False,0,White,High Performance,0.000157,6e-05,0.000255,6.7e-05,0.000228,7.6e-05,0.000199,38,7,1,89.6,0.1,0.214765,0.184262,0.181072,0.187452,0.181578,0.186933,0.182163,0.186336,581,68.2,0.184244,0.295779,0.4233,0.101338,0.098439,0.0895,2.064222,3.4e-05,0.0,0.038807,0.037218,0.040395,0.037464,0.040131,0.03775,0.039828,0.01193,4.57,145.13,9.07,8.94,9.2,8.96,9.18,8.99,9.16,1.0,A,0,0,0,0,0,0.0,0.0,17.83,16.02,0.0,49.23,高可信,D_正常,2.0,simulated_noisy
632001096,,,,,,,,,,0,20148,88.5,0,未命中,False,False,False,False,0,Unknown,Unknown,0.000145,9e-06,0.000281,1.1e-05,0.000222,1.5e-05,0.000166,3,1,0,29.4,0.1,0.595196,0.141075,0.136269,0.145881,0.137021,0.145088,0.137893,0.144179,27,170.4,0.141014,0.047684,0.505,0.634638,0.466256,0.8405,1.439198,9.5e-05,0.0,0.134303,0.129595,0.139011,0.130331,0.138234,0.131184,0.137343,0.076381,11.2,178.92,9.04,8.8,9.28,8.83,9.24,8.88,9.19,0.472,C,0,0,0,0,0,0.0,0.0,23.67,12.85,0.0,48.86,中可信,D_正常,31.0,simulated_noisy
636014114,9419357.0,Iasonas,Liberia,Liquimar Tankers,2009.0,LR2 TNKR,0000-00-00,STX Offshore,South Korea,1,42864,180.6,0,未命中,False,False,False,False,0,White,High Performance,0.000348,0.000177,0.000519,0.000193,0.000477,0.000213,0.000432,30,13,1,105.1,0.1,0.298642,0.166673,0.163145,0.170201,0.163703,0.169625,0.164349,0.168964,203,234.4,0.166647,0.133525,0.5127,0.173111,0.19406,0.3881,0.934453,4.5e-05,0.0,0.07491,0.072418,0.077402,0.072807,0.07699,0.073258,0.076518,0.038399,6.76,168.64,9.01,8.85,9.17,8.87,9.14,8.9,9.11,0.982,A,0,0,0,0,0,0.0,0.0,12.9,6.05,1.04,24.76,高可信,D_正常,2.0,simulated_noisy
563216300,9426312.0,Torm Gitte,Singapore,Torm,2010.0,LR2 TNKR,0000-00-00,Hyundai Samho Heavy Ind,South Korea,1,49959,180.3,0,未命中,False,False,False,False,0,White,High Performance,0.000179,6.8e-05,0.000289,7.6e-05,0.000258,8.7e-05,0.000226,10,7,1,88.5,0.1,0.223043,0.187278,0.183857,0.190698,0.184399,0.190142,0.185026,0.189501,118,279.2,0.187257,0.060523,0.421,0.084854,0.085042,0.0524,5.78488,3.8e-05,0.0,0.028021,0.026575,0.029468,0.026797,0.029225,0.027055,0.028947,0.014851,3.27,137.53,8.99,8.86,9.13,8.88,9.1,8.9,9.08,1.0,A,0,0,0,0,0,0.0,0.0,43.52,13.05,17.94,69.1,高可信,D_正常,26.0,simulated_noisy
613471602,9255660.0,Ocean Wings,Cameroon,OceanWings Global Shipping,2004.0,AFRAMAX TNKR,0000-00-00,Hyundai Samho Heavy Ind,South Korea,2,56437,148.5,2,中风险,False,False,True,True,3,Black,Low Performance,6.9e-05,1e-05,0.000129,1.2e-05,0.000107,1.5e-05,8.5e-05,25,2,0,58.0,0.1,0.266864,0.170691,0.167587,0.173795,0.168079,0.173289,0.168648,0.172708,155,218.9,0.170671,0.099926,0.5341,0.253073,0.190534,0.1036,0.750994,0.011178,0.058501,0.06361,0.061596,0.065623,0.061911,0.06529,0.062276,0.064909,0.030581,5.8,180.0,8.95,8.82,9.09,8.84,9.07,8.87,9.04,0.912,A,0,0,0,0,0,0.0,0.0,89.85,10.04,70.17,100.0,高可信,A_确认影子,52.0,simulated_noisy
256702000,9373656.0,Seastar,Malta,Thenamaris,2008.0,AFRAMAX TNKR,0000-00-00,Samsung,South Korea,1,88986,178.4,0,未命中,False,False,False,False,0,White,High Performance,0.0001,3.8e-05,0.000162,4.3e-05,0.000145,4.9e-05,0.000127,11,7,2,334.8,0.0,0.28564,0.180233,0.177708,0.182759,0.178109,0.182349,0.178573,0.181877,1384,30.0,0.180221,0.103663,0.4968,0.088757,0.168108,0.3767,4.462069,0.010158,0.060302,0.041669,0.040356,0.042981,0.040561,0.042765,0.040799,0.042516,0.01998,4.91,158.57,8.95,8.84,9.05,8.86,9.03,8.88,9.01,0.994,A,0,0,0,0,0,0.0,0.0,13.36,9.9,0.0,32.76,高可信,D_正常,2.0,simulated_noisy
273250930,9341093.0,Kolomna,Russia,Novoship,2006.0,AFRAMAX TNKR,0000-00-00,Hyundai Samho Heavy Ind,South Korea,2,53703,180.7,3,高风险,True,False,True,True,1,Grey,Medium Performance,0.000241,0.000114,0.000367,0.000125,0.000335,0.000139,0.000301,27,11,4,145.1,0.1,0.212279,0.185655,0.182366,0.188943,0.182888,0.188408,0.183491,0.187793,148,342.4,0.185636,0.101419,0.5163,0.122332,0.076842,0.044,1.771495,3.6e-05,0.0,0.024485,0.023178,0.025792,0.023378,0.025572,0.023611,0.02532,0.010668,2.64,169.97,8.85,8.72,8.98,8.74,8.96,8.76,8.93,1.0,A,0,0,0,0,0,0.0,0.0,69.93,11.18,48.02,91.84,高可信,A_确认影子,14.0,simulated_noisy
419797000,9467744.0,Desh Mahima,India,SCI,2010.0,AFRAMAX TNKR,0000-00-00,Hyundai Heavy Ind Ulsan Shipyard,South Korea,1,83926,180.7,0,未命中,False,False,False,False,1,Grey,Medium Performance,0.000106,4e-05,0.000172,4.5e-05,0.000154,5.2e-05,0.000135,33,7,1,73.3,0.1,0.251996,0.164946,0.162436,0.167457,0.162835,0.167049,0.163295,0.16658,722,37.6,0.164933,0.247027,0.5332,0.325688,0.171368,0.469,1.37016,2.3e-05,0.0,0.069763,0.06804,0.071486,0.068311,0.071204,0.068625,0.070879,0.037532,6.58,180.0,8.82,8.71,8.93,8.73,8.91,8.75,8.89,1.0,A,0,0,0,0,0,0.0,0.0,29.71,9.24,11.6,47.82,高可信,D_正常,13.0,simulated_noisy
650000121,9299903.0,Deyna,Mozambique,Sino Ship Management,2005.0,AFRAMAX TNKR,0000-00-00,Hyundai Samho Heavy Ind,South Korea,2,14292,126.6,3,高风险,True,False,True,True,0,Not Listed,Not Listed,0.000484,0.000149,0.000819,0.00017,0.000719,0.000199,0.000616,33,5,0,70.0,0.2,0.189477,0.18914,0.182721,0.19556,0.183728,0.194503,0.184894,0.193291,11,363.4,0.18907,0.050079,0.4543,0.295741,0.033361,0.0275,1.008047,0.000134,0.0,0.013918,0.012002,0.015835,0.012273,0.015487,0.012592,0.015096,0.005452,2.05,126.56,8.8,8.56,9.04,8.6,9.0,8.64,8.95,0.512,B,0,0,0,0,0,0.0,0.0,51.01,4.24,42.7,59.32,高可信,A_确认影子,7.0,simulated_noisy
248964000,9528031.0,Saga,Malta,TMS Tankers,2011.0,AFRAMAX TNKR,0000-00-00,Samsung,South Korea,1,33962,180.6,0,未命中,False,False,False,False,0,White,High Performance,0.000439,0.000224,0.000655,0.000244,0.000602,0.000269,0.000545,45,13,3,242.9,0.1,0.236912,0.171582,0.167572,0.175591,0.168206,0.174936,0.168938,0.174183,98,82.7,0.17155,0.301654,0.5687,0.165319,0.15009,0.3148,1.48187,5.7e-05,0.0,0.052027,0.049665,0.054388,0.05003,0.053993,0.050453,0.053542,0.023995,5.43,163.13,8.77,8.6,8.95,8.63,8.92,8.66,8.88,0.882,A,0,0,0,0,0,0.0,0.0,12.16,9.96,0.0,31.68,高可信,D_正常,2.0,simulated_noisy
613220056,,,,,,,,,,0,47675,129.5,0,未命中,False,False,False,False,0,Unknown,Unknown,0.000124,3.3e-05,0.000216,3.8e-05,0.000187,4.5e-05,0.000158,31,4,0,57.1,0.1,0.174515,0.162649,0.159337,0.165962,0.159861,0.165421,0.160467,0.1648,278,88.2,0.162625,0.107929,0.4267,0.305108,0.037982,0.1044,2.311727,0.001487,0.038143,0.068399,0.066134,0.070665,0.066487,0.07029,0.066897,0.069861,0.034587,6.19,143.04,8.69,8.54,8.84,8.57,8.81,8.59,8.78,0.859,A,0,0,0,0,0,0.0,0.0,26.37,8.94,8.85,43.89,高可信,D_正常,12.0,simulated_noisy
636024970,9412464.0,Riverside,Liberia,Onn Shipping,2009.0,LR2 TNKR,0000-00-00,STX Offshore,South Korea,1,46769,180.5,0,未命中,False,False,False,False,0,White,High Performance,0.000127,3.3e-05,0.00022,3.8e-05,0.000191,4.6e-05,0.000161,28,4,1,109.8,0.1,0.238876,0.145168,0.141976,0.14836,0.14248,0.147839,0.143063,0.147239,58,163.3,0.145142,0.153912,0.5319,0.293601,0.195732,0.352,1.22246,0.011586,0.058997,0.107078,0.104276,0.10988,0.104717,0.10942,0.105227,0.108893,0.058007,9.41,162.12,8.68,8.52,8.83,8.55,8.81,8.57,8.78,1.0,A,0,0,0,0,0,0.0,0.0,13.24,8.21,0.0,29.33,高可信,D_正常,2.0,simulated_noisy
249746000,,,,,,,,,,0,70415,160.1,0,未命中,False,False,False,False,0,Unknown,Unknown,0.000112,3.9e-05,0.000186,4.4e-05,0.000165,5.1e-05,0.000143,37,6,1,101.6,0.1,0.263736,0.158678,0.155979,0.161377,0.156408,0.160937,0.156902,0.160432,485,49.9,0.158662,0.220011,0.5767,0.172519,0.18201,0.6266,1.30047,0.005722,0.031291,0.074898,0.072954,0.076842,0.073259,0.076523,0.073613,0.076156,0.030191,6.77,159.83,8.64,8.52,8.76,8.54,8.74,8.56,8.72,0.944,A,0,0,0,0,0,0.0,0.0,12.5,9.74,0.0,31.59,高可信,D_正常,18.0,simulated_noisy
650000125,9268112.0,Alba,Mozambique,Crystal Gas,2003.0,AFRAMAX TNKR,0000-00-00,Tadotsu Tsuneishi,Japan,2,19733,105.4,3,高风险,True,False,True,True,0,Not Listed,Not Listed,0.000655,0.000311,0.000998,0.000341,0.000911,0.00038,0.000818,23,11,5,178.5,0.1,0.175493,0.175303,0.169998,0.180607,0.170832,0.179736,0.171797,0.178736,39,147.6,0.175248,0.098087,0.454,0.505758,0.075439,0.0536,1.395527,0.000908,0.01076,0.035064,0.0325,0.037629,0.032885,0.03719,0.033335,0.03669,0.013628,3.56,163.0,8.61,8.39,8.82,8.42,8.79,8.46,8.75,0.514,B,0,0,0,0,0,0.0,0.0,40.21,3.32,33.7,46.72,高可信,C_名单被动,2.0,simulated_noisy
413069000,9283253.0,Liu Lin Wan,China,COSCO Shipping Energy Transportation,2004.0,LR2 TNKR,0000-00-00,Dalian New Yard,China,2,146251,180.6,0,未命中,False,False,False,False,0,White,High Performance,4.7e-05,1.5e-05,8e-05,1.7e-05,7e-05,1.9e-05,6e-05,16,5,0,57.2,0.0,0.231875,0.155372,0.153516,0.157229,0.153811,0.156928,0.154153,0.156581,127,77.6,0.155364,0.238569,0.4442,0.238659,0.139414,0.6562,2.281277,1.3e-05,0.0,0.080553,0.079158,0.081948,0.079379,0.08172,0.079634,0.081459,0.039404,7.32,180.0,8.6,8.52,8.69,8.53,8.67,8.55,8.66,1.0,A,0,0,0,0,0,0.0,0.0,34.7,5.78,23.37,46.03,高可信,D_正常,33.0,simulated_noisy
667001249,9331153.0,Maylo,Comoros,Caelvorn Anchorworks,2007.0,AFRAMAX TNKR,0000-00-00,Samsung,South Korea,1,12748,180.6,2,中风险,False,False,True,True,3,Black,Low Performance,0.000621,0.000216,0.001027,0.000243,0.00091,0.000281,0.00079,21,6,4,771.0,0.3,0.245215,0.160206,0.15384,0.166572,0.154833,0.165518,0.155984,0.164311,51,279.6,0.160116,0.10986,0.5381,0.333118,0.190633,0.174,2.016009,0.00368,0.018526,0.068084,0.063713,0.072454,0.064377,0.071713,0.065151,0.070868,0.034745,6.59,145.52,8.59,8.3,8.87,8.34,8.82,8.39,8.77,0.643,B,0,0,0,0,0,0.0,0.0,76.32,18.76,39.55,100.0,高可信,A_确认影子,11.0,simulated_noisy
354306000,9402249.0,Orca Pearl,Panama,Nan Fung Shipping,2009.0,AFRAMAX TNKR,0000-00-00,Sasebo,Japan,1,42165,180.6,0,未命中,False,False,False,False,0,White,High Performance,0.000259,0.000112,0.000406,0.000124,0.000367,0.00014,0.000326,36,9,2,86.4,0.1,0.167864,0.162511,0.15899,0.166033,0.159547,0.165458,0.160191,0.164797,23,341.1,0.162485,0.11283,0.4563,0.177868,0.104103,0.0253,1.647725,4.6e-05,0.0,0.063772,0.06144,0.066104,0.061803,0.065717,0.062224,0.065274,0.021675,5.57,144.16,8.59,8.44,8.75,8.46,8.72,8.49,8.69,0.974,A,0,0,0,0,0,0.0,0.0,23.67,9.88,4.31,43.03,高可信,D_正常,7.0,simulated_noisy
667002338,9248849.0,Silvera,Sierra Leone,Flying Fox,2004.0,AFRAMAX TNKR,0000-00-00,Hyundai Samho Heavy Ind,South Korea,2,45362,177.9,2,中风险,False,False,True,True,2,Grey,Low Performance,0.000219,8.9e-05,0.000348,9.9e-05,0.000313,0.000113,0.000276,15,8,3,185.1,0.1,0.177968,0.162543,0.159148,0.165938,0.159686,0.165384,0.160306,0.164748,91,208.2,0.162518,0.184035,0.4112,0.31428,0.067736,0.0407,6.493675,0.000175,0.001954,0.063179,0.060941,0.065418,0.061289,0.065047,0.061694,0.064622,0.018538,4.94,141.88,8.58,8.43,8.73,8.46,8.71,8.48,8.68,0.993,A,0,0,0,0,0,0.0,0.0,86.33,5.73,75.1,97.56,高可信,A_确认影子,33.0,simulated_noisy
667002260,9388766.0,Destan,Sierra Leone,Qendil Marina,2008.0,LR2 TNKR,0000-00-00,Shanghai Waigaoqiao Shipbuilding,China,1,24832,88.3,2,中风险,False,False,True,True,2,Grey,Low Performance,0.000198,4.1e-05,0.000355,4.8e-05,0.000302,5.9e-05,0.000249,11,3,0,70.0,0.1,0.18605,0.154693,0.150196,0.15919,0.150902,0.158451,0.151721,0.157603,277,36.4,0.154645,0.054958,0.4747,0.433216,0.054515,0.1158,1.179637,0.009258,0.168639,0.080136,0.07676,0.083512,0.077283,0.08295,0.07789,0.082307,0.028629,6.17,142.71,8.57,8.36,8.77,8.39,8.74,8.43,8.7,0.524,B,0,0,0,0,0,0.0,0.0,81.02,17.55,46.62,100.0,高可信,A_确认影子,4.0,simulated_noisy
622120921,9291248.0,Athinea,Egypt,CORPLEASE,2006.0,LR2 TNKR,0000-00-00,Daewoo,South Korea,2,17763,180.4,0,未命中,False,False,False,False,1,Grey,Not Listed,0.000671,0.000306,0.001036,0.000337,0.000942,0.000376,0.000842,69,10,0,64.6,0.2,0.356809,0.066355,0.062696,0.070014,0.063257,0.069398,0.063909,0.068694,69,83.6,0.066265,0.101758,0.582,0.411348,0.481623,4.204,0.895092,0.000108,0.0,0.277541,0.270956,0.284126,0.272,0.283054,0.273206,0.281821,0.169338,22.73,153.84,8.55,8.3,8.8,8.34,8.76,8.38,8.71,0.7,B,0,0,0,0,0,0.0,0.0,20.61,15.24,0.0,50.48,高可信,D_正常,15.0,simulated_noisy
538004518,9416551.0,Alatau,Marshall Islands,Kazmortransflot,2009.0,AFRAMAX TNKR,0000-00-00,Samsung,South Korea,1,43000,180.7,0,未命中,False,False,False,False,0,White,High Performance,0.000277,0.000126,0.000428,0.000139,0.000389,0.000155,0.000348,30,10,0,70.1,0.1,0.303488,0.148473,0.145113,0.151834,0.145644,0.151284,0.146257,0.150653,110,84.9,0.148445,0.187121,0.5264,0.214434,0.260626,0.566,0.912563,0.017183,0.065768,0.092952,0.090208,0.095696,0.090638,0.095244,0.091136,0.094726,0.049301,7.97,171.77,8.55,8.39,8.71,8.41,8.68,8.44,8.65,0.984,A,0,0,0,0,0,0.0,0.0,25.02,15.3,0.0,55.01,高可信,D_正常,30.0,simulated_noisy
667001242,9255672.0,Lebre,Sierra Leone,Glimmer Shard,2004.0,AFRAMAX TNKR,0000-00-00,Hyundai Samho Heavy Ind,South Korea,2,52352,179.3,2,中风险,False,False,True,True,2,Grey,Low Performance,0.000189,7.7e-05,0.000302,8.6e-05,0.000271,9.7e-05,0.00024,44,8,0,70.0,0.1,0.137359,0.116948,0.114196,0.119701,0.11463,0.11925,0.115132,0.118733,1655,37.1,0.116922,0.191859,0.5107,0.346453,0.099472,0.0616,1.682273,0.000151,0.001153,0.163488,0.160321,0.166656,0.160822,0.16614,0.161402,0.165546,0.087713,12.46,174.7,8.54,8.39,8.69,8.41,8.66,8.44,8.63,0.997,A,0,0,0,0,0,0.0,0.0,70.93,9.13,53.04,88.82,高可信,A_确认影子,2.0,simulated_noisy
636019903,9437672.0,Afrapearl II,Liberia,C3is Inc,2010.0,AFRAMAX TNKR,0000-00-00,Samsung,South Korea,1,45665,180.7,0,未命中,False,False,False,False,0,White,High Performance,0.000173,6e-05,0.000287,6.8e-05,0.000254,7.8e-05,0.00022,21,6,0,57.1,0.1,0.220344,0.168603,0.16517,0.172037,0.165713,0.171477,0.166341,0.170833,87,295.9,0.168579,0.126715,0.5361,0.329522,0.138714,0.2917,1.059676,0.004531,0.03237,0.046117,0.044194,0.04804,0.044491,0.04772,0.044837,0.047353,0.019992,4.31,163.65,8.51,8.37,8.66,8.39,8.63,8.42,8.61,1.0,A,0,0,0,0,0,0.0,0.0,22.03,1.93,18.25,25.81,高可信,D_正常,14.0,simulated_noisy
273272260,9436006.0,Gustav,Russia,Idas LLC,2009.0,AFRAMAX TNKR,0000-00-00,New Times Shipbuilding,China,1,63437,177.0,3,高风险,True,False,True,True,1,Grey,Medium Performance,0.000109,3.4e-05,0.000185,3.8e-05,0.000162,4.5e-05,0.000139,27,5,0,61.0,0.1,0.155036,0.149839,0.147062,0.152616,0.147502,0.152164,0.14801,0.151644,340,142.2,0.14982,0.149792,0.4047,0.117637,0.084203,0.0394,1.560378,3e-05,0.0,0.087424,0.085226,0.089622,0.085572,0.089262,0.085972,0.088848,0.046785,7.45,180.0,8.49,8.36,8.62,8.38,8.6,8.41,8.58,0.991,A,0,0,0,0,0,0.0,0.0,72.26,2.44,67.48,77.04,高可信,A_确认影子,25.0,simulated_noisy
631010103,9257022.0,Starlit,Equatorial Guinea,Sarswati Shipping,2003.0,AFRAMAX TNKR,0000-00-00,Sumitomo,Japan,2,28255,129.3,2,中风险,False,False,True,True,0,Not Listed,Not Listed,0.000245,7.6e-05,0.000414,8.6e-05,0.000364,0.000101,0.000312,22,5,1,466.9,0.1,0.267882,0.17074,0.166353,0.175127,0.167045,0.174409,0.167845,0.173584,252,137.4,0.170701,0.202412,0.5926,0.106586,0.203403,0.1669,1.322648,6.8e-05,0.0,0.039389,0.037121,0.041656,0.037467,0.041273,0.03787,0.040836,0.014331,4.72,178.41,8.48,8.3,8.66,8.32,8.63,8.36,8.59,0.676,B,0,0,0,0,0,0.0,0.0,52.83,4.32,44.36,61.3,高可信,A_确认影子,32.0,simulated_noisy
538008070,9429182.0,Blue Prince,Marshall Islands,Andromeda Shipping,2009.0,AFRAMAX TNKR,0000-00-00,Hudong Zhonghua,China,1,70514,180.7,0,未命中,False,False,False,False,0,White,High Performance,0.000169,7.7e-05,0.000261,8.5e-05,0.000237,9.5e-05,0.000212,14,10,2,101.0,0.1,0.226352,0.163901,0.161168,0.166633,0.161602,0.166188,0.162103,0.165677,285,225.3,0.163885,0.086601,0.4857,0.143353,0.090444,0.0892,2.725053,2.7e-05,0.0,0.055165,0.05348,0.05685,0.053744,0.056572,0.054049,0.056254,0.025937,5.24,150.16,8.48,8.36,8.6,8.38,8.58,8.4,8.56,1.0,A,0,0,0,0,0,0.0,0.0,21.79,10.28,1.64,41.94,高可信,D_正常,2.0,simulated_noisy
240944000,9411197.0,Asahi Princess,Greece,Tsakos Energy Navigation,2009.0,AFRAMAX TNKR,0000-00-00,Sumitomo,Japan,1,51447,180.7,0,未命中,False,False,False,False,0,White,High Performance,0.000135,4.2e-05,0.000228,4.7e-05,0.0002,5.5e-05,0.000171,55,5,0,57.2,0.1,0.248722,0.170647,0.167396,0.173897,0.167911,0.173368,0.168507,0.172759,210,117.0,0.170626,0.182872,0.544,0.550044,0.165185,1.2779,1.366952,3.7e-05,0.0,0.037046,0.035415,0.038678,0.035667,0.038406,0.035959,0.038094,0.013508,3.86,168.85,8.42,8.29,8.56,8.31,8.53,8.34,8.51,1.0,A,0,0,0,0,0,0.0,0.0,10.39,8.4,0.0,26.85,高可信,D_正常,2.0,simulated_noisy
461000320,9368223.0,Achilles,Oman,Vijaynagar Voyage Shipping,2008.0,LR2 TNKR,0000-00-00,Shanghai Waigaoqiao Shipbuilding,China,1,55754,180.7,2,中风险,False,False,True,True,0,Not Listed,Not Listed,0.000124,3.8e-05,0.00021,4.4e-05,0.000184,5.1e-05,0.000158,13,5,1,78.6,0.1,0.251677,0.162003,0.158944,0.165061,0.159429,0.164563,0.159989,0.16399,130,70.8,0.161982,0.105724,0.5159,0.117637,0.153753,0.324,1.398659,0.003119,0.020068,0.056066,0.054157,0.057976,0.054455,0.05766,0.0548,0.057298,0.028714,5.27,159.85,8.41,8.28,8.55,8.3,8.52,8.33,8.5,1.0,A,0,0,0,0,0,0.0,0.0,27.35,3.42,20.65,34.05,高可信,C_名单被动,22.0,simulated_noisy
538009381,9402213.0,Velos Emerald,Marshall Islands,Velos Tankers,2008.0,LR2 TNKR,0000-00-00,Sasebo,Japan,1,91093,180.4,0,未命中,False,False,False,False,0,White,High Performance,0.000131,6e-05,0.000202,6.6e-05,0.000184,7.3e-05,0.000164,28,10,3,201.4,0.0,0.246287,0.167634,0.165208,0.17006,0.165594,0.169666,0.166039,0.169213,228,116.7,0.167622,0.226824,0.5432,0.197318,0.191081,0.2924,1.406608,0.003622,0.018845,0.042033,0.04073,0.043336,0.040934,0.043121,0.04117,0.042874,0.013809,3.95,148.66,8.39,8.29,8.49,8.3,8.47,8.32,8.45,1.0,A,0,0,0,0,0,0.0,0.0,14.5,7.56,0.0,29.32,高可信,D_正常,16.0,simulated_noisy
636019167,,,,,,,,,,0,36199,159.6,0,未命中,False,False,False,False,0,Unknown,Unknown,0.000136,2.8e-05,0.000244,3.3e-05,0.000207,4e-05,0.000171,41,3,1,101.8,0.1,0.306417,0.127253,0.12382,0.130686,0.12436,0.130122,0.124985,0.129476,47,136.8,0.127217,0.174735,0.5691,0.216274,0.330662,0.1757,1.26515,0.006461,0.019383,0.13235,0.128859,0.135841,0.129409,0.135268,0.130045,0.134611,0.068425,11.14,164.25,8.38,8.2,8.55,8.23,8.52,8.26,8.49,0.849,A,0,0,0,0,0,0.0,0.0,14.38,11.7,0.0,37.31,高可信,D_正常,15.0,simulated_noisy
613511201,9261619.0,Hannah,Cameroon,Metis Co,2003.0,AFRAMAX TNKR,0000-00-00,Hyundai Samho Heavy Ind,South Korea,2,70184,180.7,2,中风险,False,False,True,True,3,Black,Low Performance,0.000113,3.9e-05,0.000187,4.4e-05,0.000165,5.1e-05,0.000143,11,6,0,57.0,0.1,0.236293,0.171624,0.168835,0.174413,0.169278,0.17396,0.169789,0.173438,264,117.9,0.171609,0.239,0.4666,0.126745,0.174189,0.1133,2.134845,2.7e-05,0.0,0.032542,0.031229,0.033854,0.031433,0.033636,0.031669,0.033386,0.0159,3.26,171.1,8.38,8.26,8.49,8.28,8.47,8.3,8.45,1.0,A,0,0,0,0,0,0.0,0.0,86.43,11.05,64.77,100.0,高可信,A_确认影子,26.0,simulated_noisy
631010073,9388780.0,Bai Lu,Equatorial Guinea,DNA Tankers,2009.0,LR2 TNKR,0000-00-00,Shanghai Waigaoqiao Shipbuilding,China,1,23133,61.7,2,中风险,False,False,True,True,0,Not Listed,Not Listed,0.000213,4.4e-05,0.000381,5.2e-05,0.000324,6.3e-05,0.000268,7,3,0,70.3,0.1,0.154714,0.124992,0.120731,0.129253,0.121398,0.12855,0.122169,0.127743,310,45.2,0.124935,0.077924,0.4663,0.24938,0.097763,0.1334,1.109657,0.004535,0.045575,0.136253,0.131833,0.140674,0.132525,0.139945,0.133327,0.13911,0.068903,10.93,159.93,8.35,8.13,8.57,8.17,8.54,8.21,8.5,0.431,C,0,0,0,0,0,0.0,0.0,33.33,5.25,23.04,43.62,中可信,C_名单被动,5.0,simulated_noisy
667001235,9330472.0,Thorin,Sierra Leone,Marine Guardian Shipmanagement,2007.0,AFRAMAX TNKR,0000-00-00,Sumitomo,Japan,1,41451,180.4,2,中风险,False,False,True,True,2,Grey,Low Performance,0.000167,5.2e-05,0.000282,5.9e-05,0.000248,6.9e-05,0.000212,31,5,1,85.2,0.1,0.188825,0.15144,0.147989,0.154891,0.148534,0.154327,0.149164,0.153679,508,63.4,0.151411,0.125629,0.4882,0.276636,0.087901,0.0814,5.123743,0.002193,0.024437,0.07563,0.073085,0.078175,0.073482,0.077754,0.073943,0.077272,0.025957,6.45,150.53,8.33,8.17,8.49,8.2,8.46,8.23,8.43,0.966,A,0,0,0,0,0,0.0,0.0,83.44,4.52,74.58,92.3,高可信,A_确认影子,25.0,simulated_noisy
613710000,9288710.0,Melite,Cameroon,Morvex Venture,2005.0,AFRAMAX TNKR,0000-00-00,Hyundai Samho Heavy Ind,South Korea,2,47285,141.2,2,中风险,False,False,True,True,3,Black,Low Performance,0.000104,2.2e-05,0.000187,2.5e-05,0.000159,3.1e-05,0.000131,23,3,0,57.1,0.1,0.140848,0.129754,0.126726,0.132783,0.127203,0.132287,0.127756,0.131718,849,94.0,0.129727,0.127365,0.4406,0.328481,0.054007,0.1092,0.782754,0.002472,0.045063,0.124393,0.121419,0.127368,0.121888,0.126881,0.12243,0.126322,0.065178,9.77,168.71,8.33,8.18,8.48,8.2,8.46,8.23,8.43,0.891,A,0,0,0,0,0,0.0,0.0,90.72,9.03,73.02,100.0,高可信,A_确认影子,26.0,simulated_noisy
235076283,9453999.0,Eagle Hydra,Isle of Man,AET,2011.0,AFRAMAX TNKR,0000-00-00,HSG Sungdong Shipbuilding,South Korea,1,54367,180.6,0,未命中,False,False,False,False,0,White,High Performance,0.000238,0.000113,0.000362,0.000124,0.000331,0.000138,0.000297,55,11,3,254.6,0.1,0.188239,0.148497,0.145508,0.151486,0.145981,0.150998,0.146528,0.150438,463,121.8,0.148475,0.166393,0.5314,0.294279,0.121571,0.0957,3.108709,3.5e-05,0.0,0.079698,0.077421,0.081974,0.077779,0.0816,0.078192,0.08117,0.029447,7.03,164.59,8.28,8.14,8.42,8.17,8.4,8.19,8.37,1.0,A,0,0,0,0,0,0.0,0.0,18.15,12.99,0.0,43.61,高可信,D_正常,2.0,simulated_noisy
371499000,9307152.0,Seazen,Panama,Seazen Shipping,2005.0,AFRAMAX TNKR,0000-00-00,Sumitomo,Japan,2,79403,180.7,0,未命中,False,False,False,False,0,White,High Performance,8.7e-05,2.7e-05,0.000147,3.1e-05,0.000129,3.6e-05,0.000111,11,5,0,57.4,0.1,0.275972,0.152442,0.149942,0.154942,0.150339,0.154535,0.150797,0.154067,822,104.2,0.152427,0.235697,0.5261,0.181041,0.271185,0.2473,2.412115,2.4e-05,0.0,0.070891,0.069106,0.072676,0.069386,0.072383,0.069711,0.072046,0.037252,6.42,167.8,8.28,8.17,8.39,8.19,8.37,8.21,8.35,1.0,A,0,0,0,0,0,0.0,0.0,37.24,1.74,33.83,40.65,高可信,D_正常,38.0,simulated_noisy
667002021,9434890.0,Vokki,Sierra Leone,Valmrex Galespire,2010.0,LR2 TNKR,0000-00-00,Hudong Zhonghua,China,1,60803,180.5,2,中风险,False,False,True,True,2,Grey,Low Performance,8.1e-05,1.7e-05,0.000145,2e-05,0.000123,2.4e-05,0.000102,11,3,0,57.1,0.1,0.191175,0.164964,0.162014,0.167914,0.162482,0.167433,0.163022,0.166881,202,95.9,0.164945,0.046046,0.4751,0.229274,0.075401,0.0826,3.363573,0.003008,0.039494,0.04179,0.040199,0.04338,0.040446,0.043116,0.040733,0.042813,0.020853,4.11,143.78,8.26,8.14,8.38,8.16,8.36,8.18,8.34,1.0,A,0,0,0,0,0,0.0,0.0,89.13,8.38,72.71,100.0,高可信,A_确认影子,28.0,simulated_noisy
248993000,9309435.0,Minerva Alice,Malta,Minerva Marine,2006.0,AFRAMAX TNKR,0000-00-00,Daewoo,South Korea,2,52990,180.7,0,未命中,False,False,False,False,0,White,High Performance,0.000225,0.000103,0.000347,0.000113,0.000316,0.000126,0.000282,25,10,3,156.0,0.1,0.239555,0.152356,0.149296,0.155415,0.14978,0.154916,0.15034,0.154343,112,150.2,0.152334,0.123409,0.4609,0.184226,0.25233,0.3655,1.706193,0.000225,0.000748,0.069257,0.067096,0.071419,0.067434,0.071062,0.067825,0.070653,0.03242,6.19,164.36,8.25,8.11,8.38,8.13,8.36,8.15,8.34,1.0,A,0,0,0,0,0,0.0,0.0,16.37,5.24,6.1,26.64,高可信,D_正常,2.0,simulated_noisy
477144300,9408762.0,Seavoyager,"Hong Kong, China",Valles Steamship,2009.0,AFRAMAX TNKR,0000-00-00,Hudong Zhonghua,China,1,57565,180.7,0,未命中,False,False,False,False,0,White,High Performance,0.000138,4.8e-05,0.000227,5.4e-05,0.000202,6.2e-05,0.000175,20,6,0,57.3,0.1,0.220169,0.149541,0.146628,0.152454,0.147089,0.151979,0.147623,0.151433,234,95.1,0.149521,0.134742,0.4569,0.082966,0.121662,0.0896,3.948078,3.3e-05,0.0,0.075496,0.073338,0.077654,0.073677,0.077299,0.074068,0.076891,0.040423,7.03,165.23,8.24,8.11,8.38,8.13,8.35,8.15,8.33,1.0,A,0,0,0,0,0,0.0,0.0,24.63,5.2,14.44,34.82,高可信,D_正常,21.0,simulated_noisy
667001281,9253313.0,Matari,Sierra Leone,Oasis Bloom Corp,2003.0,AFRAMAX TNKR,0000-00-00,Hyundai Heavy Ind Ulsan Shipyard,South Korea,2,56460,180.6,2,中风险,False,False,True,True,2,Grey,Low Performance,0.000123,3.8e-05,0.000207,4.3e-05,0.000182,5e-05,0.000156,37,5,1,137.2,0.1,0.163107,0.144905,0.142002,0.147809,0.142462,0.147335,0.142993,0.146791,537,25.9,0.144884,0.133925,0.449,0.22134,0.060037,0.0945,1.05353,0.005967,0.098878,0.084466,0.082172,0.086759,0.082532,0.086382,0.082949,0.08595,0.035493,6.92,155.41,8.21,8.08,8.35,8.1,8.33,8.12,8.3,1.0,A,0,0,0,0,0,0.0,0.0,81.25,16.27,49.36,100.0,高可信,A_确认影子,8.0,simulated_noisy
538012016,9290438.0,Midea,Marshall Islands,Star Marine Management,2005.0,AFRAMAX TNKR,0000-00-00,Hyundai Heavy Ind Ulsan Shipyard,South Korea,2,45980,180.7,0,未命中,False,False,False,False,0,White,High Performance,0.000151,4.6e-05,0.000255,5.3e-05,0.000223,6.2e-05,0.000191,44,5,2,286.8,0.1,0.193236,0.135589,0.13246,0.138718,0.132954,0.138207,0.133525,0.137619,190,50.5,0.135562,0.109102,0.4737,0.341167,0.113843,0.1408,1.336092,0.000781,0.006497,0.102369,0.099599,0.10514,0.100034,0.104685,0.100538,0.104162,0.050368,8.53,158.02,8.15,8.0,8.3,8.02,8.28,8.05,8.25,1.0,A,0,0,0,0,0,0.0,0.0,65.62,6.17,53.53,77.71,高可信,B_潜在影子,29.0,simulated_noisy
538012094,9285861.0,Helion,Marshall Islands,Thalatta Navigations,2004.0,AFRAMAX TNKR,0000-00-00,Samsung,South Korea,2,46955,180.5,0,未命中,False,False,False,False,0,White,High Performance,0.000254,0.000116,0.000392,0.000127,0.000356,0.000142,0.000319,28,10,2,231.5,0.1,0.183218,0.14898,0.145759,0.1522,0.146268,0.151674,0.146857,0.15107,81,105.7,0.148954,0.117399,0.4586,0.245267,0.082773,0.1283,1.655936,0.006323,0.075933,0.069789,0.067484,0.072093,0.067844,0.071712,0.068261,0.071276,0.035628,6.65,148.7,8.11,7.96,8.25,7.98,8.23,8.01,8.2,1.0,A,0,0,0,0,0,0.0,0.0,74.3,13.82,47.21,100.0,高可信,B_潜在影子,34.0,simulated_noisy
240565000,9305623.0,Propontis,Greece,Tsakos Energy Navigation,2006.0,LR2 TNKR,0000-00-00,Hyundai Heavy Ind Ulsan Shipyard,South Korea,2,50696,178.8,0,未命中,False,False,False,False,0,White,High Performance,0.000215,9.3e-05,0.000337,0.000103,0.000305,0.000116,0.000271,18,9,1,128.1,0.1,0.180803,0.144318,0.14126,0.147377,0.141743,0.146878,0.142302,0.146304,48,129.6,0.144294,0.057494,0.4161,0.08583,0.118243,0.0525,6.890246,3.8e-05,0.0,0.080755,0.078383,0.083126,0.078755,0.082736,0.079185,0.082288,0.031184,6.75,151.93,8.11,7.97,8.26,7.99,8.23,8.02,8.21,0.996,A,0,0,0,0,0,0.0,0.0,28.47,15.85,0.0,59.54,高可信,D_正常,2.0,simulated_noisy
622120926,9304643.0,Chris,Egypt,CORPLEASE,2004.0,AFRAMAX TNKR,0000-00-00,Sumitomo,Japan,2,24033,180.7,0,未命中,False,False,False,False,1,Grey,Not Listed,0.000246,6.5e-05,0.000428,7.5e-05,0.000371,8.9e-05,0.000313,70,4,0,57.2,0.2,0.278825,0.0795,0.07608,0.082919,0.07661,0.082349,0.077225,0.081698,202,39.5,0.079436,0.105335,0.538,0.445007,0.383159,4.947,0.535917,8e-05,0.0,0.225688,0.220403,0.230973,0.221239,0.230111,0.222206,0.22912,0.142593,18.73,155.27,8.1,7.88,8.31,7.92,8.27,7.95,8.23,0.77,B,0,0,0,0,0,0.0,0.0,28.48,22.36,0.0,72.31,高可信,D_正常,25.0,simulated_noisy
667001627,,,,,,,,,,0,15381,117.1,0,未命中,False,False,False,False,0,Unknown,Unknown,0.000255,3.6e-05,0.000474,4.3e-05,0.000393,5.4e-05,0.000313,11,2,0,32.6,0.2,0.17138,0.097363,0.09268,0.102047,0.093403,0.101264,0.094243,0.100369,79,29.1,0.097269,0.134283,0.507,0.090373,0.135323,0.1729,5.533026,0.000255,0.000962,0.185095,0.178958,0.191233,0.179921,0.190223,0.181036,0.189065,0.053373,13.18,143.52,8.09,7.82,8.36,7.86,8.31,7.91,8.26,0.498,C,0,0,0,0,0,0.0,0.0,14.7,11.74,0.0,37.71,中可信,D_正常,17.0,simulated_noisy
525100241,9267364.0,Star Valiant,Indonesia,Waruna Nusa Sentana,2003.0,AFRAMAX TNKR,0000-00-00,Imabari,Japan,2,10514,180.0,0,未命中,False,False,False,False,0,Not Listed,High Performance,0.002275,0.001382,0.003167,0.001477,0.002965,0.001594,0.002747,69,22,0,68.1,0.4,0.148088,0.122261,0.116002,0.12852,0.116967,0.127473,0.118088,0.126276,70,68.6,0.122135,0.082139,0.4314,0.249764,0.450941,0.2523,1.237226,0.000183,0.0,0.125922,0.119582,0.132262,0.12056,0.131202,0.121697,0.12999,0.061435,10.89,145.96,8.08,7.74,8.41,7.79,8.35,7.85,8.29,0.617,B,0,0,0,0,0,0.0,0.0,37.45,10.08,17.69,57.21,高可信,D_正常,23.0,simulated_noisy
613511600,9337901.0,Rimma,Cameroon,Qi Xia Shan Shipmanagement,2006.0,AFRAMAX TNKR,0000-00-00,Mitsui Ichihara,Japan,2,50225,180.7,2,中风险,False,False,True,True,3,Black,Low Performance,0.000118,3.1e-05,0.000205,3.6e-05,0.000177,4.2e-05,0.00015,13,4,1,287.5,0.1,0.205077,0.161897,0.158676,0.165119,0.159186,0.164593,0.159776,0.16399,101,166.4,0.161875,0.091261,0.4446,0.105515,0.085826,0.1205,3.379774,0.002567,0.029473,0.038764,0.037076,0.040452,0.037337,0.04017,0.03764,0.039848,0.014553,4.07,165.51,8.06,7.93,8.2,7.95,8.17,7.98,8.15,1.0,A,0,0,0,0,0,0.0,0.0,90.94,8.95,73.4,100.0,高可信,A_确认影子,48.0,simulated_noisy
248716000,9317951.0,Minerva Libra,Malta,Minerva Marine,2007.0,LR2 TNKR,0000-00-00,Hyundai Heavy Ind Ulsan Shipyard,South Korea,1,86372,180.7,0,未命中,False,False,False,False,0,White,High Performance,8e-05,2.5e-05,0.000136,2.8e-05,0.000119,3.3e-05,0.000102,26,5,0,64.5,0.1,0.229079,0.159882,0.157438,0.162326,0.157826,0.161929,0.158274,0.161472,436,74.7,0.159868,0.150689,0.501,0.160813,0.114522,0.2365,1.150015,0.014181,0.12366,0.042768,0.041418,0.044117,0.041629,0.043894,0.041874,0.043638,0.017505,4.05,165.98,8.05,7.95,8.15,7.97,8.14,7.98,8.12,1.0,A,0,0,0,0,0,0.0,0.0,25.2,4.02,17.32,33.08,高可信,D_正常,8.0,simulated_noisy
667002520,9402328.0,Sara Sky,Sierra Leone,Hainan Zhenzhong Shipping Logistics,2010.0,AFRAMAX TNKR,0000-00-00,Sasebo,Japan,1,43588,176.8,0,未命中,False,False,False,False,2,Grey,Low Performance,0.000319,0.000158,0.000481,0.000172,0.000441,0.000191,0.000398,18,12,1,126.1,0.1,0.232839,0.147595,0.144265,0.150924,0.144791,0.15038,0.145399,0.149755,146,79.6,0.147567,0.09364,0.4968,0.14252,0.18228,0.1331,2.387457,4.4e-05,0.0,0.06497,0.062657,0.067284,0.063017,0.066901,0.063435,0.066462,0.022298,5.98,159.03,7.95,7.8,8.1,7.82,8.07,7.85,8.05,0.98,A,0,0,0,0,0,0.0,0.0,63.63,10.57,42.91,84.35,高可信,B_潜在影子,7.0,simulated_noisy
461000247,9413573.0,Arcadia,Oman,Novoship,2009.0,LR2 TNKR,0000-00-00,Hyundai Heavy Ind Ulsan Shipyard,South Korea,1,54036,180.7,3,高风险,True,False,True,True,0,Not Listed,Not Listed,0.000202,8.8e-05,0.000317,9.7e-05,0.000286,0.000109,0.000255,18,9,2,118.6,0.1,0.144792,0.137915,0.135008,0.140822,0.135468,0.140348,0.135999,0.139802,397,56.1,0.137892,0.049444,0.4073,0.126826,0.043652,0.029,3.238287,3.6e-05,0.0,0.086145,0.083779,0.088511,0.084151,0.088122,0.084581,0.087675,0.048207,7.69,160.09,7.93,7.8,8.07,7.82,8.05,7.84,8.02,1.0,A,0,0,0,0,0,0.0,0.0,29.03,11.11,7.25,50.81,高可信,C_名单被动,2.0,simulated_noisy
667001949,9348479.0,Tiral,Sierra Leone,Irontar Portforge,2006.0,AFRAMAX TNKR,0000-00-00,Samsung,South Korea,2,8854,45.5,2,中风险,False,False,True,True,2,Grey,Low Performance,0.000556,0.000115,0.000996,0.000135,0.000848,0.000164,0.000699,7,3,1,279.6,0.1,0.273097,0.126546,0.119624,0.133467,0.120688,0.132307,0.121926,0.13098,23,71.8,0.126398,0.094596,0.5513,0.315018,0.281437,0.6196,1.122059,0.000217,0.0,0.11079,0.104255,0.117326,0.105255,0.116226,0.106419,0.114968,0.064596,10.0,138.74,7.92,7.57,8.27,7.63,8.21,7.69,8.14,0.226,C,0,0,0,0,0,0.0,0.0,62.18,21.6,19.84,100.0,中可信,A_确认影子,3.0,simulated_noisy
667002335,9253076.0,Reus,Sierra Leone,Morinal Fleetworks,2003.0,AFRAMAX TNKR,0000-00-00,Imabari,Japan,2,96210,180.5,2,中风险,False,False,True,True,2,Grey,Low Performance,6.2e-05,1.6e-05,0.000107,1.9e-05,9.3e-05,2.2e-05,7.8e-05,21,4,0,57.2,0.0,0.502058,0.137308,0.135133,0.139483,0.135478,0.139129,0.135877,0.138722,100,426.4,0.137295,0.143554,0.6439,0.26903,0.419845,0.0707,1.759979,0.000155,0.000322,0.08603,0.084258,0.087802,0.084538,0.087512,0.084862,0.087179,0.028115,8.46,166.63,7.9,7.8,8.0,7.82,7.99,7.83,7.97,1.0,A,0,0,0,0,0,0.0,0.0,70.07,15.06,40.55,99.59,高可信,A_确认影子,20.0,simulated_noisy
215466000,9382762.0,Minerva Sophia,Malta,Minerva Marine,2009.0,AFRAMAX TNKR,0000-00-00,Samsung,South Korea,1,60402,180.6,0,未命中,False,False,False,False,0,White,High Performance,0.000164,6.7e-05,0.000261,7.5e-05,0.000235,8.4e-05,0.000208,21,8,0,70.1,0.1,0.214778,0.134025,0.131309,0.136742,0.131738,0.136299,0.132235,0.135789,158,315.8,0.134004,0.074395,0.4949,0.14741,0.161109,0.3169,1.756218,0.033456,0.207503,0.092148,0.089842,0.094455,0.090205,0.094076,0.090625,0.093642,0.055676,8.42,175.64,7.88,7.75,8.01,7.77,7.99,7.79,7.96,1.0,A,0,0,0,0,0,0.0,0.0,25.97,1.14,23.74,28.2,高可信,D_正常,16.0,simulated_noisy
511100461,9199713.0,Eliak,Palau,Upgard Management Services,1999.0,AFRAMAX TNKR,0000-00-00,Tadotsu Tsuneishi,Japan,3,77131,180.7,0,未命中,False,False,False,False,2,Black,Low Performance,0.000129,5.3e-05,0.000205,5.8e-05,0.000184,6.6e-05,0.000163,56,8,2,95.1,0.1,0.137091,0.13711,0.134682,0.139537,0.135067,0.139141,0.135511,0.138687,218,92.2,0.137093,0.115135,0.3959,0.556869,2.5e-05,0.0,2.852051,2.5e-05,0.0,0.082962,0.081015,0.084908,0.081322,0.084589,0.081677,0.084223,0.058199,7.49,172.53,7.83,7.72,7.95,7.74,7.93,7.76,7.91,1.0,A,0,0,0,0,0,0.0,0.0,79.51,19.6,41.09,100.0,高可信,B_潜在影子,21.0,simulated_noisy
538012308,9486908.0,Vienna Wood,Marshall Islands,Chemikalien Seetransport,2010.0,AFRAMAX TNKR,0000-00-00,Sumitomo,Japan,1,46128,141.9,0,未命中,False,False,False,False,0,White,High Performance,0.000302,0.000149,0.000455,0.000163,0.000416,0.00018,0.000376,33,12,4,114.4,0.1,0.272893,0.092321,0.089679,0.094962,0.090094,0.094527,0.090574,0.094029,15,124.0,0.092289,0.28581,0.4859,0.416567,0.715144,0.7586,1.175584,4.2e-05,0.0,0.181754,0.178235,0.185273,0.178793,0.1847,0.179437,0.184041,0.103862,14.19,164.1,7.8,7.64,7.95,7.67,7.92,7.69,7.9,0.893,A,0,0,0,0,0,0.0,0.0,9.73,8.65,0.0,26.68,高可信,D_正常,23.0,simulated_noisy
613271403,9378620.0,Dalva,Cameroon,Gong Yu Shipping,2008.0,LR2 TNKR,0000-00-00,Sasebo,Japan,1,67860,180.6,2,中风险,False,False,True,True,3,Black,Low Performance,8.7e-05,2.3e-05,0.000152,2.6e-05,0.000131,3.1e-05,0.000111,29,4,1,74.0,0.1,0.16565,0.163576,0.160793,0.166359,0.161235,0.165906,0.161745,0.165386,265,116.1,0.16356,0.058115,0.4482,0.03274,0.026213,0.0659,1.776601,0.000352,0.01238,0.021013,0.019934,0.022092,0.020099,0.02191,0.020292,0.021703,0.007514,2.48,147.0,7.78,7.68,7.89,7.69,7.87,7.71,7.85,1.0,A,0,0,0,0,0,0.0,0.0,81.05,18.17,45.44,100.0,高可信,A_确认影子,22.0,simulated_noisy
667001248,9257802.0,Furia,Sierra Leone,Clyrion Pier,2002.0,AFRAMAX TNKR,0000-00-00,Imabari,Japan,2,58778,180.6,2,中风险,False,False,True,True,2,Grey,Low Performance,8.4e-05,1.7e-05,0.00015,2e-05,0.000128,2.5e-05,0.000105,66,3,0,57.1,0.1,0.179166,0.137201,0.13442,0.139982,0.13486,0.139528,0.135368,0.139007,370,43.3,0.13718,0.229746,0.4635,0.362518,0.089176,0.0983,2.42206,0.001258,0.01374,0.079706,0.077516,0.081895,0.07786,0.081535,0.078258,0.081122,0.038925,6.69,166.37,7.77,7.64,7.9,7.66,7.88,7.68,7.85,1.0,A,0,0,0,0,0,0.0,0.0,88.94,8.9,71.5,100.0,高可信,A_确认影子,42.0,simulated_noisy
613741201,9332822.0,Nichole,Cameroon,Suntun Management,2007.0,AFRAMAX TNKR,0000-00-00,Sasebo,Japan,1,43051,180.6,2,中风险,False,False,True,True,3,Black,Low Performance,0.00023,9.4e-05,0.000367,0.000105,0.00033,0.000119,0.000291,18,8,0,70.7,0.1,0.201134,0.155939,0.152512,0.159366,0.153054,0.158806,0.15368,0.158163,189,99.0,0.155912,0.133618,0.4753,0.128883,0.08194,0.1266,1.616813,4.5e-05,0.0,0.037442,0.035649,0.039235,0.035925,0.038935,0.036246,0.038591,0.015515,3.98,173.74,7.77,7.63,7.91,7.65,7.89,7.68,7.86,0.984,A,0,0,0,0,0,0.0,0.0,76.85,20.46,36.75,100.0,高可信,A_确认影子,18.0,simulated_noisy
413770000,9397755.0,Yang Ning Hu,China,COSCO Shipping Energy Transportation Hainan,2009.0,LR2 TNKR,0000-00-00,Dalian Shipbuilding Industry Corp,China,1,46634,180.7,0,未命中,False,False,False,False,0,White,High Performance,0.000148,4.6e-05,0.000251,5.2e-05,0.00022,6.1e-05,0.000189,19,5,0,71.5,0.1,0.147275,0.14085,0.137693,0.144007,0.138191,0.143491,0.138768,0.142898,120,131.6,0.140823,0.168209,0.5352,0.093567,0.019575,0.0621,1.672859,4.1e-05,0.0,0.069497,0.067189,0.071805,0.06755,0.071424,0.067967,0.070986,0.02884,6.14,167.54,7.73,7.59,7.87,7.61,7.85,7.64,7.82,1.0,A,0,0,0,0,0,0.0,0.0,65.85,11.8,42.72,88.98,高可信,B_潜在影子,50.0,simulated_noisy
357449000,9397808.0,Bluefin Pearl,Panama,Nan Fung Shipping,2009.0,AFRAMAX TNKR,0000-00-00,Mitsui Ichihara,Japan,1,85122,180.7,0,未命中,False,False,False,False,0,White,High Performance,8.1e-05,2.5e-05,0.000138,2.9e-05,0.000121,3.3e-05,0.000103,11,5,0,57.1,0.1,0.22429,0.136667,0.13436,0.138975,0.134726,0.138599,0.135149,0.138167,181,92.2,0.136653,0.142564,0.4625,0.098552,0.156144,0.0707,5.28792,2.3e-05,0.0,0.078216,0.076413,0.08002,0.076697,0.079725,0.077026,0.079385,0.035713,6.91,180.0,7.72,7.61,7.82,7.63,7.81,7.65,7.79,1.0,A,0,0,0,0,0,0.0,0.0,19.89,8.23,3.76,36.02,高可信,D_正常,20.0,simulated_noisy
376989000,9408554.0,He Bo,St. Vincent & Grenadines,Hebo Maritiem Service,2009.0,LR2 TNKR,0000-00-00,STX Offshore,South Korea,1,40857,139.1,2,中风险,False,False,True,True,0,Not Listed,Not Listed,0.000145,3.8e-05,0.000252,4.4e-05,0.000218,5.2e-05,0.000184,26,4,0,44.0,0.1,0.222043,0.138566,0.135216,0.141916,0.135744,0.141367,0.136355,0.140738,113,95.0,0.138535,0.113212,0.5156,0.155642,0.118547,0.118,1.693089,4.7e-05,0.0,0.073523,0.070993,0.076054,0.071388,0.075635,0.071845,0.075155,0.030935,6.78,155.11,7.71,7.56,7.86,7.58,7.84,7.61,7.81,0.845,A,0,0,0,0,0,0.0,0.0,22.32,11.29,0.19,44.45,高可信,C_名单被动,2.0,simulated_noisy
667002004,9323986.0,Garasan,Sierra Leone,Charai Sea Shipping,2007.0,LR2 TNKR,0000-00-00,Sumitomo,Japan,1,50772,180.5,2,中风险,False,False,True,True,2,Grey,Low Performance,0.000156,5.4e-05,0.000258,6.1e-05,0.000229,7e-05,0.000198,16,6,1,72.6,0.1,0.234401,0.147529,0.144445,0.150614,0.144933,0.15011,0.145496,0.149532,722,72.1,0.147505,0.160547,0.5034,0.173867,0.140124,0.1334,2.265131,0.005001,0.035428,0.053552,0.051594,0.05551,0.051898,0.055185,0.052252,0.054813,0.023141,4.95,168.57,7.71,7.58,7.85,7.6,7.83,7.62,7.8,1.0,A,0,0,0,0,0,0.0,0.0,63.6,3.82,56.11,71.09,高可信,A_确认影子,7.0,simulated_noisy
667002336,9266877.0,Pierre,Sierra Leone,Cyravelin Line,2004.0,AFRAMAX TNKR,0000-00-00,Tadotsu Tsuneishi,Japan,2,64290,180.7,2,中风险,False,False,True,True,2,Grey,Low Performance,0.000123,4.3e-05,0.000204,4.8e-05,0.00018,5.6e-05,0.000157,15,6,0,68.8,0.1,0.173355,0.13925,0.136574,0.141926,0.136998,0.14149,0.137487,0.140988,243,143.4,0.139231,0.084004,0.4153,0.273543,0.152284,0.1547,4.068051,0.011508,0.075391,0.071425,0.069435,0.073416,0.069747,0.073088,0.070109,0.072713,0.029537,6.2,146.49,7.7,7.58,7.82,7.59,7.8,7.62,7.78,1.0,A,0,0,0,0,0,0.0,0.0,89.95,6.24,77.72,100.0,高可信,A_确认影子,28.0,simulated_noisy
215743000,9388364.0,Merbabu,Malta,Centrofin,2008.0,LR2 TNKR,0000-00-00,Hyundai Heavy Ind Ulsan Shipyard,South Korea,1,117945,180.6,0,未命中,False,False,False,False,0,White,High Performance,0.00011,5.2e-05,0.000167,5.7e-05,0.000152,6.4e-05,0.000137,27,11,3,488.8,0.0,0.178634,0.165749,0.163627,0.167871,0.163965,0.167527,0.164355,0.167131,365,91.0,0.16574,0.522132,0.5843,0.104851,0.044544,0.2084,1.48187,1.6e-05,0.0,0.008893,0.008358,0.009429,0.008439,0.009338,0.008534,0.009234,0.002933,1.65,180.0,7.64,7.56,7.71,7.58,7.7,7.59,7.69,1.0,A,0,0,0,0,0,0.0,0.0,13.8,13.06,0.0,39.4,高可信,D_正常,8.0,simulated_noisy
229094000,9410179.0,Minerva Pisces,Malta,Minerva Marine,2008.0,LR2 TNKR,0000-00-00,Hyundai Heavy Ind Ulsan Shipyard,South Korea,1,65894,178.7,0,未命中,False,False,False,False,0,White,High Performance,0.000181,8.2e-05,0.000279,9.1e-05,0.000254,0.000101,0.000227,14,10,0,70.1,0.1,0.204814,0.15445,0.151691,0.157209,0.152128,0.15676,0.152634,0.156243,238,118.1,0.154432,0.282284,0.5342,0.137601,0.098257,0.1432,2.293833,0.000287,0.002626,0.032627,0.031271,0.033983,0.031481,0.033757,0.031724,0.033498,0.015418,3.73,163.59,7.61,7.49,7.72,7.51,7.7,7.53,7.68,0.995,A,0,0,0,0,0,0.0,0.0,21.39,11.58,0.0,44.09,高可信,D_正常,21.0,simulated_noisy
538002845,9339985.0,Yasa Golden Dardanelles,Marshall Islands,Yasa Tankers,2008.0,AFRAMAX TNKR,0000-00-00,Mitsui Ichihara,Japan,1,33025,180.6,0,未命中,False,False,False,False,0,White,High Performance,0.000361,0.000164,0.000557,0.000181,0.000506,0.000202,0.000453,34,10,0,61.6,0.1,0.242513,0.117683,0.114208,0.121158,0.114753,0.120586,0.115384,0.11993,424,99.0,0.117642,0.240454,0.469,0.153973,0.348784,0.1099,3.733759,5.8e-05,0.0,0.113427,0.110007,0.116847,0.110544,0.116284,0.111165,0.115638,0.055047,9.76,171.04,7.57,7.4,7.75,7.42,7.72,7.45,7.69,0.871,A,0,0,0,0,0,0.0,0.0,16.45,13.09,0.0,42.11,高可信,D_正常,18.0,simulated_noisy
248417000,9388376.0,Semeru,Malta,Centrofin,2008.0,LR2 TNKR,0000-00-00,Hyundai Heavy Ind Ulsan Shipyard,South Korea,1,83163,180.7,0,未命中,False,False,False,False,0,White,High Performance,8.3e-05,2.6e-05,0.000141,2.9e-05,0.000124,3.4e-05,0.000106,10,5,3,100.9,0.1,0.287953,0.144852,0.14246,0.147244,0.14284,0.146855,0.143279,0.146408,690,152.2,0.144838,0.115358,0.4536,0.120344,0.210504,0.4422,4.255748,2.3e-05,0.0,0.052005,0.050496,0.053514,0.050733,0.053266,0.051007,0.052981,0.020285,4.53,157.38,7.56,7.46,7.66,7.47,7.65,7.49,7.63,1.0,A,0,0,0,0,0,0.0,0.0,10.28,5.69,0.0,21.43,高可信,D_正常,10.0,simulated_noisy
667002211,9384992.0,Mars 6,Sierra Leone,Ping Ding Shan Shipmanagement,2007.0,AFRAMAX TNKR,0000-00-00,Tsuneishi Zosen,Japan,1,53520,180.7,2,中风险,False,False,True,True,2,Grey,Low Performance,0.000148,5.1e-05,0.000245,5.8e-05,0.000217,6.7e-05,0.000188,29,6,1,105.9,0.1,0.162313,0.148811,0.145796,0.151826,0.146273,0.151334,0.146824,0.150768,121,148.2,0.148788,0.030826,0.4147,0.344494,0.040653,0.0912,4.666148,0.005118,0.125115,0.042338,0.040632,0.044044,0.040897,0.04376,0.041204,0.043435,0.018534,3.85,166.59,7.55,7.42,7.67,7.44,7.65,7.46,7.63,1.0,A,0,0,0,0,0,0.0,0.0,81.98,15.88,50.86,100.0,高可信,A_确认影子,10.0,simulated_noisy
240891000,9414022.0,Maran Atlas,Greece,Maran Tankers,2009.0,AFRAMAX TNKR,0000-00-00,Hyundai Heavy Ind Ulsan Shipyard,South Korea,1,85820,180.6,0,未命中,False,False,False,False,0,White,High Performance,0.000186,9.7e-05,0.000274,0.000105,0.000252,0.000116,0.000229,49,14,0,61.3,0.1,0.178536,0.14645,0.144085,0.148816,0.14446,0.148431,0.144894,0.147988,71,193.5,0.146436,0.087084,0.463,0.100205,0.066018,0.2286,1.387648,0.005732,0.086511,0.046166,0.044762,0.047569,0.044981,0.047338,0.045236,0.047072,0.021766,4.43,164.77,7.52,7.42,7.62,7.43,7.6,7.45,7.58,1.0,A,0,0,0,0,0,0.0,0.0,32.39,0.95,30.53,34.25,高可信,D_正常,2.0,simulated_noisy
667001708,9304825.0,Jaldhara,Sierra Leone,Naag Maritime,2006.0,AFRAMAX TNKR,0000-00-00,Hudong Zhonghua,China,2,50227,180.6,2,中风险,False,False,True,True,2,Grey,Low Performance,0.000158,5.5e-05,0.000261,6.2e-05,0.000231,7.1e-05,0.0002,22,6,1,86.1,0.1,0.163697,0.124265,0.12138,0.127149,0.121835,0.126677,0.122361,0.126135,326,29.9,0.124238,0.078576,0.4361,0.220088,0.083234,0.1778,2.070814,0.001691,0.019861,0.094589,0.09203,0.097148,0.092432,0.096728,0.092898,0.096245,0.038344,7.89,169.98,7.49,7.35,7.63,7.37,7.6,7.39,7.58,1.0,A,0,0,0,0,0,0.0,0.0,80.81,15.19,51.04,100.0,高可信,A_确认影子,15.0,simulated_noisy
613469620,9288722.0,Rora,Cameroon,Nautilus Fleet Management,2005.0,AFRAMAX TNKR,0000-00-00,Hyundai Samho Heavy Ind,South Korea,2,36392,180.3,3,高风险,True,False,True,True,3,Black,Low Performance,0.00019,5.9e-05,0.000322,6.7e-05,0.000282,7.8e-05,0.000242,86,5,0,69.9,0.1,0.146241,0.136854,0.133323,0.140385,0.133879,0.139806,0.134523,0.139142,770,124.2,0.13682,0.080199,0.4418,0.435697,0.039151,0.0836,1.116537,0.001124,0.027407,0.064545,0.062021,0.067069,0.062413,0.06665,0.062868,0.06617,0.030032,5.76,148.18,7.45,7.29,7.61,7.32,7.59,7.35,7.56,0.909,A,0,0,0,0,0,0.0,0.0,91.27,8.61,74.39,100.0,高可信,A_确认影子,33.0,simulated_noisy
636091686,9410650.0,Sigma Triumph,Liberia,NSB Group,2009.0,LR2 TNKR,0000-00-00,Hyundai Heavy Ind Ulsan Shipyard,South Korea,1,52420,180.7,0,未命中,False,False,False,False,0,White,High Performance,0.000227,0.000104,0.000351,0.000114,0.000319,0.000128,0.000285,18,10,1,137.3,0.1,0.2314,0.148843,0.145796,0.15189,0.146278,0.151393,0.146835,0.150821,81,112.7,0.14882,0.090759,0.4652,0.171131,0.135357,0.1522,3.521757,3.7e-05,0.0,0.036721,0.035112,0.038331,0.03536,0.038062,0.035649,0.037755,0.017873,3.77,147.67,7.44,7.31,7.56,7.33,7.54,7.35,7.52,1.0,A,0,0,0,0,0,0.0,0.0,23.01,5.16,12.9,33.12,高可信,D_正常,14.0,simulated_noisy
667002360,9299771.0,Mires,Sierra Leone,Celestial Star Corp,2005.0,AFRAMAX TNKR,0000-00-00,Hyundai Samho Heavy Ind,South Korea,2,50998,180.3,2,中风险,False,False,True,True,2,Grey,Low Performance,0.000195,7.9e-05,0.00031,8.8e-05,0.000278,0.0001,0.000246,25,8,2,86.3,0.1,0.124691,0.110053,0.107337,0.112769,0.107765,0.112324,0.10826,0.111813,739,49.0,0.110026,0.362279,0.4485,0.288824,0.0558,0.0668,3.877922,0.000763,0.01301,0.121337,0.118503,0.124171,0.11895,0.123707,0.119467,0.123174,0.056393,9.71,156.22,7.38,7.24,7.52,7.26,7.5,7.29,7.47,1.0,A,0,0,0,0,0,0.0,0.0,53.94,8.89,36.52,71.36,高可信,A_确认影子,4.0,simulated_noisy
273278840,9306627.0,Progress,Russia,Legacy Marine,2007.0,LR2 TNKR,0000-00-00,Dalian Shipbuilding Industry Corp,China,1,39829,180.7,2,中风险,False,False,True,True,1,Grey,Medium Performance,0.000224,8.5e-05,0.000363,9.5e-05,0.000324,0.000109,0.000284,31,7,3,127.5,0.1,0.256999,0.129263,0.125969,0.132558,0.126488,0.132018,0.127088,0.131398,368,226.5,0.129231,0.164887,0.5411,0.279554,0.192929,0.2166,1.563369,0.014584,0.075361,0.076852,0.074236,0.079467,0.074645,0.079035,0.075118,0.078539,0.034345,6.51,172.3,7.36,7.2,7.51,7.23,7.49,7.26,7.46,0.948,A,0,0,0,0,0,0.0,0.0,58.03,9.78,38.86,77.2,高可信,A_确认影子,24.0,simulated_noisy
215065000,9417311.0,Vallesina,Malta,Montanari Navigazione,2009.0,AFRAMAX TNKR,0000-00-00,Hudong Zhonghua,China,1,45288,180.6,0,未命中,False,False,False,False,0,White,High Performance,0.000219,9e-05,0.000349,0.0001,0.000313,0.000113,0.000277,36,8,1,95.6,0.1,0.3281,0.113573,0.110651,0.116495,0.111111,0.116015,0.111643,0.115465,91,111.9,0.113543,0.178088,0.5035,0.225182,0.286937,0.4492,1.461468,4.2e-05,0.0,0.111419,0.108521,0.114317,0.108977,0.113841,0.109505,0.113295,0.057431,8.96,156.69,7.34,7.2,7.49,7.22,7.47,7.25,7.44,1.0,A,0,0,0,0,0,0.0,0.0,12.63,3.99,4.81,20.45,高可信,D_正常,17.0,simulated_noisy
636015767,9337406.0,Banda,Liberia,Chemnav Shipmanagement,2007.0,AFRAMAX TNKR,0000-00-00,Sumitomo,Japan,1,119583,180.6,0,未命中,False,False,False,False,0,White,High Performance,0.000133,7e-05,0.000197,7.6e-05,0.000181,8.3e-05,0.000165,34,14,5,97.3,0.0,0.173737,0.149715,0.147693,0.151737,0.148014,0.151409,0.148386,0.151031,1687,27.6,0.149705,0.311129,0.5193,0.096582,0.062088,0.2739,1.700761,0.000877,0.013876,0.02946,0.028502,0.030418,0.028651,0.03026,0.028825,0.030078,0.012635,3.31,173.36,7.33,7.25,7.41,7.26,7.4,7.28,7.38,1.0,A,0,0,0,0,0,0.0,0.0,13.44,11.26,0.0,35.51,高可信,D_正常,2.0,simulated_noisy
235076282,9453987.0,Eagle Halifax,Isle of Man,AET,2010.0,AFRAMAX TNKR,0000-00-00,HSG Sungdong Shipbuilding,South Korea,1,53487,180.1,0,未命中,False,False,False,False,0,White,High Performance,0.000335,0.000184,0.000486,0.000199,0.00045,0.000217,0.000412,63,16,1,93.6,0.1,0.193187,0.116579,0.11386,0.119299,0.114289,0.118854,0.114785,0.118342,225,83.3,0.116554,0.197565,0.4913,0.237848,0.166513,0.2262,2.051909,3.6e-05,0.0,0.10251,0.099939,0.10508,0.100344,0.104659,0.100812,0.104175,0.044589,8.81,168.61,7.3,7.17,7.44,7.19,7.42,7.21,7.39,0.999,A,0,0,0,0,0,0.0,0.0,16.32,7.29,2.03,30.61,高可信,D_正常,14.0,simulated_noisy
461000233,9299692.0,Celt,Oman,Sovcomflot,2005.0,AFRAMAX TNKR,0000-00-00,Hyundai Heavy Ind Ulsan Shipyard,South Korea,2,48915,180.7,3,高风险,True,False,True,True,0,Not Listed,Not Listed,0.000264,0.000126,0.000403,0.000138,0.000367,0.000153,0.00033,68,11,1,72.3,0.1,0.130635,0.115782,0.112947,0.118617,0.113393,0.118153,0.11391,0.117619,706,49.7,0.115754,0.089248,0.3919,0.298059,0.115864,0.1205,1.494732,0.025837,0.222732,0.096002,0.093391,0.098612,0.093802,0.098184,0.094276,0.097691,0.041867,7.51,168.48,7.14,7.0,7.28,7.02,7.25,7.04,7.23,1.0,A,0,0,0,0,0,0.0,0.0,60.49,15.05,30.99,89.99,高可信,A_确认影子,15.0,simulated_noisy
352004827,9379612.0,Sand,Panama,Phuong Dong Petrol Transport,2009.0,LR2 TNKR,0000-00-00,Samsung,South Korea,1,79838,172.3,0,未命中,False,False,False,False,0,White,High Performance,7.4e-05,1.9e-05,0.000129,2.2e-05,0.000112,2.7e-05,9.4e-05,26,4,0,70.1,0.1,0.185162,0.140627,0.138216,0.143038,0.138598,0.142646,0.13904,0.142194,394,96.1,0.140611,0.124119,0.4766,0.139203,0.143145,0.5555,0.916169,0.010946,0.07631,0.039579,0.038227,0.040931,0.038438,0.040708,0.038682,0.040451,0.013501,3.75,152.75,7.12,7.02,7.22,7.04,7.21,7.05,7.19,0.978,A,0,0,0,0,0,0.0,0.0,15.66,8.21,0.0,31.75,高可信,D_正常,2.0,simulated_noisy
461000237,9511387.0,Oasis,Oman,Sovcomflot,2010.0,AFRAMAX TNKR,0000-00-00,Hyundai Samho Heavy Ind,South Korea,1,45468,180.5,2,中风险,False,False,True,True,0,Not Listed,Not Listed,0.000394,0.000217,0.000572,0.000234,0.000529,0.000256,0.000484,41,16,2,145.3,0.1,0.133083,0.115784,0.112843,0.118725,0.113306,0.118243,0.113842,0.117689,98,318.1,0.115754,0.062279,0.4146,0.203414,0.083347,0.1202,0.256008,0.0168,0.201162,0.093119,0.090448,0.09579,0.090867,0.095351,0.091352,0.094846,0.046559,7.94,173.37,7.08,6.94,7.23,6.96,7.2,6.99,7.18,1.0,A,0,0,0,0,0,0.0,0.0,77.35,15.35,47.26,100.0,高可信,A_确认影子,27.0,simulated_noisy
538007646,9482627.0,Sea Jaguar,Marshall Islands,Pantheon Tankers Management,2011.0,AFRAMAX TNKR,0000-00-00,Hyundai Heavy Ind Ulsan Shipyard,South Korea,1,56251,180.2,0,未命中,False,False,False,False,0,White,High Performance,0.000176,7.2e-05,0.000281,8e-05,0.000252,9.1e-05,0.000223,38,8,2,235.7,0.1,0.237809,0.132929,0.130124,0.135735,0.130567,0.135277,0.13108,0.13475,258,61.9,0.132907,0.205528,0.5834,0.11729,0.17641,0.3847,1.057278,3.4e-05,0.0,0.050913,0.049097,0.05273,0.04938,0.052429,0.049708,0.052084,0.022807,4.86,157.98,7.0,6.88,7.13,6.9,7.11,6.92,7.08,0.999,A,0,0,0,0,0,0.0,0.0,16.02,2.85,10.43,21.61,高可信,D_正常,19.0,simulated_noisy
636025638,9312860.0,Elysaria,Liberia,Zeythra Group,2007.0,LR2 TNKR,0000-00-00,Hyundai Heavy Ind Ulsan Shipyard,South Korea,1,62045,180.7,0,未命中,False,False,False,False,0,White,High Performance,0.00016,6.5e-05,0.000254,7.3e-05,0.000229,8.2e-05,0.000202,21,8,2,230.5,0.1,0.251318,0.119872,0.117316,0.122428,0.11772,0.12201,0.118187,0.12153,212,139.4,0.11985,0.041627,0.4853,0.281997,0.179132,0.1927,1.649627,0.002867,0.015837,0.079876,0.077743,0.082009,0.078079,0.081659,0.078466,0.081257,0.040711,6.78,152.93,7.0,6.87,7.12,6.89,7.1,6.91,7.07,1.0,A,0,0,0,0,0,0.0,0.0,51.86,1.08,49.74,53.98,高可信,B_潜在影子,27.0,simulated_noisy
352005520,9290361.0,Kai 1,Panama,Oyster Shipping & Marine,2005.0,AFRAMAX TNKR,0000-00-00,Hyundai Heavy Ind Ulsan Shipyard,South Korea,2,39613,180.7,0,未命中,False,False,False,False,0,White,High Performance,0.000225,8.6e-05,0.000365,9.6e-05,0.000326,0.000109,0.000286,30,7,1,94.3,0.1,0.163254,0.132391,0.129054,0.135728,0.12958,0.135182,0.130188,0.134554,283,150.2,0.132359,0.123607,0.5065,0.106993,0.120528,0.1199,1.9318,0.005501,0.045255,0.050992,0.048826,0.053157,0.049161,0.052796,0.04955,0.052383,0.022087,5.06,166.35,6.98,6.84,7.13,6.86,7.1,6.88,7.08,0.945,A,0,0,0,0,0,0.0,0.0,67.59,6.0,55.83,79.35,高可信,B_潜在影子,32.0,simulated_noisy
613829601,9281009.0,Ji Hang,Cameroon,Jihang Shipping,2004.0,AFRAMAX TNKR,0000-00-00,Daewoo,South Korea,2,77542,180.6,2,中风险,False,False,True,True,3,Black,Low Performance,0.000128,5.2e-05,0.000204,5.8e-05,0.000183,6.6e-05,0.000162,16,8,0,44.1,0.1,0.202252,0.141219,0.138768,0.14367,0.139156,0.143271,0.139605,0.142812,172,223.2,0.141203,0.073762,0.4833,0.227538,0.130967,0.0866,1.56509,0.003532,0.026787,0.03037,0.029162,0.031577,0.029349,0.031376,0.029567,0.031146,0.013256,3.05,136.61,6.97,6.87,7.06,6.88,7.05,6.9,7.03,1.0,A,0,0,0,0,0,0.0,0.0,81.92,16.05,50.46,100.0,高可信,A_确认影子,2.0,simulated_noisy
219760000,9428970.0,Torm Gauri,Denmark,Torm,2010.0,LR2 TNKR,0000-00-00,Hyundai Samho Heavy Ind,South Korea,1,60325,180.7,0,未命中,False,False,False,False,0,White,High Performance,0.000115,3.5e-05,0.000194,4e-05,0.00017,4.7e-05,0.000146,11,5,1,94.8,0.1,0.28252,0.14265,0.13986,0.145441,0.140301,0.144986,0.140812,0.144462,51,163.7,0.14263,0.091928,0.4827,0.17949,0.252763,0.1038,1.888799,3.2e-05,0.0,0.025875,0.024609,0.027142,0.024803,0.026929,0.02503,0.026686,0.010426,3.17,159.44,6.94,6.83,7.05,6.85,7.03,6.87,7.01,1.0,A,0,0,0,0,0,0.0,0.0,17.39,9.68,0.0,36.36,高可信,D_正常,2.0,simulated_noisy
667001617,,,,,,,,,,0,11794,129.7,0,未命中,False,False,False,False,0,Unknown,Unknown,0.000417,8.7e-05,0.000748,0.000102,0.000636,0.000123,0.000525,6,3,2,940.5,0.3,0.35942,0.120609,0.114733,0.126484,0.115641,0.125503,0.116695,0.124381,33,76.3,0.120495,0.187655,0.5451,0.10921,0.355058,0.2594,0.667933,0.029236,0.08192,0.074693,0.069951,0.079436,0.070672,0.078633,0.071512,0.077716,0.029415,6.84,141.09,6.93,6.65,7.21,6.69,7.16,6.74,7.11,0.492,C,0,0,0,0,0,0.0,0.0,10.82,10.28,0.0,30.97,中可信,D_正常,19.0,simulated_noisy
314123000,,,,,,,,,,0,89566,155.9,0,未命中,False,False,False,False,0,Unknown,Unknown,0.000111,4.5e-05,0.000176,5e-05,0.000159,5.7e-05,0.00014,23,8,2,125.6,0.0,0.391164,0.134129,0.131897,0.136361,0.132251,0.135998,0.13266,0.13558,640,154.4,0.134115,0.085418,0.6074,0.146293,0.30796,0.2625,1.71589,2.1e-05,0.0,0.043721,0.042382,0.04506,0.042592,0.044839,0.042834,0.044586,0.021748,4.05,165.09,6.91,6.82,7.01,6.83,6.99,6.85,6.97,0.932,A,0,0,0,0,0,0.0,0.0,12.32,3.41,5.64,19.0,高可信,D_正常,19.0,simulated_noisy
273272770,9312872.0,Provider,Russia,Dominant Shipping,2007.0,LR2 TNKR,0000-00-00,Hyundai Heavy Ind Ulsan Shipyard,South Korea,1,34211,86.1,3,高风险,True,False,True,True,1,Grey,Medium Performance,0.000144,3e-05,0.000258,3.5e-05,0.000219,4.3e-05,0.000181,6,3,2,300.0,0.1,0.261992,0.124184,0.120689,0.127678,0.121238,0.127104,0.121874,0.126445,67,30.7,0.124145,0.050531,0.4596,0.414091,0.162822,0.3091,2.026873,5.6e-05,0.0,0.061791,0.05924,0.064342,0.059636,0.063917,0.060094,0.063431,0.0318,5.58,156.6,6.83,6.67,6.99,6.69,6.96,6.72,6.93,0.623,B,0,0,0,0,0,0.0,0.0,72.11,10.83,50.88,93.34,高可信,A_确认影子,29.0,simulated_noisy
667001321,9288734.0,Arabesca,Sierra Leone,Trivos Ballaster,2005.0,AFRAMAX TNKR,0000-00-00,Hyundai Samho Heavy Ind,South Korea,2,61305,180.5,2,中风险,False,False,True,True,2,Grey,Low Performance,9.7e-05,2.5e-05,0.000168,2.9e-05,0.000145,3.5e-05,0.000123,20,4,0,57.2,0.1,0.146742,0.126832,0.124198,0.129466,0.124614,0.129036,0.125096,0.128542,108,98.5,0.126811,0.170969,0.4271,0.242869,0.070201,0.1151,1.211266,0.001189,0.016504,0.055965,0.054146,0.057784,0.05443,0.057484,0.054759,0.057139,0.026391,4.95,153.48,6.83,6.71,6.95,6.73,6.93,6.75,6.9,1.0,A,0,0,0,0,0,0.0,0.0,90.98,8.93,73.48,100.0,高可信,A_确认影子,75.0,simulated_noisy
538003450,9394959.0,Seaways Yosemite,Marshall Islands,International Seaways,2009.0,AFRAMAX TNKR,0000-00-00,New Times Shipbuilding,China,1,39387,180.7,0,未命中,False,False,False,False,0,White,High Performance,0.000303,0.000138,0.000467,0.000152,0.000425,0.00017,0.00038,33,10,0,55.9,0.1,0.141646,0.134166,0.130801,0.137532,0.131331,0.13698,0.131944,0.136347,37,137.1,0.134134,0.123732,0.4737,0.044289,0.121955,0.018,2.014998,4.9e-05,0.0,0.036228,0.034384,0.038073,0.034667,0.037763,0.034996,0.037409,0.013429,3.8,131.14,6.77,6.63,6.91,6.65,6.89,6.67,6.86,0.943,A,0,0,0,0,0,0.0,0.0,30.0,3.08,23.96,36.04,高可信,D_正常,19.0,simulated_noisy
667002061,9331141.0,Rizvel,Sierra Leone,Atos Remote Solutions,2006.0,AFRAMAX TNKR,0000-00-00,Samsung,South Korea,2,41213,180.7,2,中风险,False,False,True,True,2,Grey,Low Performance,0.000216,8.2e-05,0.000351,9.2e-05,0.000313,0.000105,0.000274,36,7,1,130.6,0.1,0.126004,0.095517,0.09268,0.098355,0.093125,0.097888,0.09364,0.097352,1052,35.2,0.095482,0.113301,0.4672,0.236753,0.110341,0.1146,2.293561,0.007641,0.068852,0.122969,0.119799,0.12614,0.120298,0.12562,0.120876,0.125023,0.068957,10.08,176.77,6.76,6.61,6.91,6.63,6.89,6.66,6.86,0.963,A,0,0,0,0,0,0.0,0.0,90.07,9.14,72.16,100.0,高可信,A_确认影子,37.0,simulated_noisy
563216200,9429003.0,Torm Gwyneth,Singapore,Torm,2010.0,LR2 TNKR,0000-00-00,Hyundai Samho Heavy Ind,South Korea,1,38550,180.7,0,未命中,False,False,False,False,0,White,High Performance,0.000205,7.1e-05,0.00034,8e-05,0.000301,9.3e-05,0.000261,23,6,1,95.3,0.1,0.182283,0.132955,0.129566,0.136344,0.1301,0.135788,0.130717,0.135151,33,424.5,0.132922,0.148907,0.5002,0.134506,0.189862,0.2463,0.62583,5e-05,0.0,0.038416,0.036498,0.040334,0.036792,0.040012,0.037135,0.039644,0.015899,3.97,136.9,6.76,6.61,6.9,6.63,6.88,6.66,6.85,0.933,A,0,0,0,0,0,0.0,0.0,36.05,10.24,15.98,56.12,高可信,D_正常,25.0,simulated_noisy
613510201,,,,,,,,,,0,64429,180.7,0,未命中,False,False,False,False,0,Unknown,Unknown,0.000123,4.3e-05,0.000203,4.8e-05,0.00018,5.6e-05,0.000156,25,6,0,69.9,0.1,0.159385,0.134697,0.132061,0.137333,0.132478,0.136903,0.132961,0.136409,145,98.3,0.134677,0.102524,0.3902,0.105796,0.109539,0.0751,1.553772,0.009466,0.086168,0.034595,0.033184,0.036006,0.033403,0.035771,0.033656,0.035502,0.015706,3.48,180.0,6.76,6.65,6.87,6.66,6.85,6.68,6.83,1.0,A,0,0,0,0,0,0.0,0.0,30.07,4.52,21.21,38.93,高可信,D_正常,21.0,simulated_noisy
241408000,9370848.0,Anafi Warrior,Greece,Polembros Shipping,2009.0,AFRAMAX TNKR,0000-00-00,Tadotsu Tsuneishi,Japan,1,65527,180.7,0,未命中,False,False,False,False,0,White,High Performance,0.000151,6.2e-05,0.000241,6.9e-05,0.000217,7.8e-05,0.000191,18,8,1,98.6,0.1,0.213225,0.111671,0.10926,0.114083,0.109641,0.113689,0.110081,0.113236,130,199.0,0.11165,0.087103,0.432,0.256923,0.164746,0.3351,1.399086,0.000228,0.001204,0.084422,0.082294,0.086551,0.082629,0.086201,0.083016,0.085801,0.040318,7.13,170.23,6.72,6.6,6.83,6.62,6.81,6.64,6.79,1.0,A,0,0,0,0,0,0.0,0.0,17.9,5.05,8.0,27.8,高可信,D_正常,7.0,simulated_noisy
622120925,9173721.0,Alexia 3,Egypt,CORPLEASE,1999.0,LR2 TNKR,0000-00-00,Daewoo,South Korea,3,14135,180.7,0,未命中,False,False,False,False,1,Grey,Not Listed,0.001409,0.000806,0.002012,0.000866,0.001872,0.000943,0.00172,61,18,0,70.1,0.3,0.328051,0.039107,0.035914,0.042299,0.03639,0.041749,0.036947,0.041122,52,22.1,0.038984,0.205598,0.5879,0.350739,0.587313,5.2391,0.814055,0.000136,0.0,0.245346,0.238252,0.252439,0.239372,0.251279,0.240666,0.249946,0.133353,19.94,158.51,6.7,6.45,6.95,6.49,6.91,6.53,6.86,0.659,B,0,0,0,0,0,0.0,0.0,19.91,17.73,0.0,54.66,高可信,D_正常,22.0,simulated_noisy
419474000,9232905.0,Desh Bhakt,India,SCI,2003.0,AFRAMAX TNKR,0000-00-00,Hyundai Heavy Ind Ulsan Shipyard,South Korea,2,89272,180.6,0,未命中,False,False,False,False,1,Grey,Medium Performance,0.000156,7.7e-05,0.000235,8.4e-05,0.000215,9.3e-05,0.000194,26,12,0,70.2,0.0,0.149487,0.115854,0.113754,0.117953,0.114087,0.117611,0.114471,0.117217,116,238.4,0.115838,0.154912,0.374,0.396353,0.134996,0.6674,1.004439,2.2e-05,0.0,0.071489,0.069799,0.073179,0.070065,0.072902,0.070373,0.072583,0.04046,6.56,160.31,6.65,6.55,6.75,6.56,6.73,6.58,6.71,1.0,A,0,0,0,0,0,0.0,0.0,38.92,1.45,36.08,41.76,高可信,D_正常,2.0,simulated_noisy
667002024,9299733.0,Nagarjuna,Sierra Leone,Devta,2006.0,AFRAMAX TNKR,0000-00-00,Hyundai Samho Heavy Ind,South Korea,2,36786,180.6,2,中风险,False,False,True,True,2,Grey,Low Performance,0.000215,7.5e-05,0.000356,8.4e-05,0.000315,9.7e-05,0.000274,29,6,3,198.5,0.1,0.19907,0.097606,0.094574,0.100639,0.095049,0.100139,0.095599,0.099566,31,136.3,0.097567,0.217205,0.5292,0.218671,0.258846,0.2413,1.573124,0.001547,0.005777,0.112677,0.109446,0.115908,0.109953,0.115377,0.110541,0.114767,0.059749,9.67,155.97,6.65,6.49,6.81,6.52,6.78,6.54,6.75,0.914,A,0,0,0,0,0,0.0,0.0,67.43,17.08,33.95,100.0,高可信,A_确认影子,18.0,simulated_noisy
314001157,9384564.0,Searun,Barbados,Seadar Shipping,2008.0,AFRAMAX TNKR,0000-00-00,Sasebo,Japan,1,90657,161.4,0,未命中,False,False,False,False,1,White,Medium Performance,0.00012,5.2e-05,0.000189,5.8e-05,0.000171,6.5e-05,0.000152,38,9,1,72.9,0.0,0.157296,0.138802,0.136552,0.141053,0.136909,0.140686,0.137321,0.140265,206,110.8,0.138788,0.133419,0.4588,0.100231,0.066687,0.1472,1.672859,2.1e-05,0.0,0.017814,0.016953,0.018674,0.017085,0.01853,0.017239,0.018365,0.006706,2.34,156.91,6.61,6.52,6.69,6.53,6.68,6.55,6.66,0.947,A,0,0,0,0,0,0.0,0.0,51.7,1.78,48.21,55.19,高可信,B_潜在影子,11.0,simulated_noisy
667001256,9308833.0,Kusto,Sierra Leone,Solstice Corp,2005.0,AFRAMAX TNKR,0000-00-00,Shanghai Waigaoqiao Shipbuilding,China,2,57966,180.6,2,中风险,False,False,True,True,2,Grey,Low Performance,0.000102,2.7e-05,0.000177,3.1e-05,0.000154,3.7e-05,0.00013,24,4,0,70.0,0.1,0.133665,0.113213,0.110633,0.115792,0.11104,0.11537,0.111511,0.114885,411,63.4,0.113189,0.091632,0.4262,0.272022,0.070432,0.0625,2.311727,0.00074,0.010047,0.073732,0.071604,0.075859,0.071938,0.075509,0.072324,0.075107,0.042817,6.66,156.14,6.57,6.45,6.69,6.47,6.67,6.49,6.65,1.0,A,0,0,0,0,0,0.0,0.0,82.0,15.91,50.82,100.0,高可信,A_确认影子,23.0,simulated_noisy
565712000,9429039.0,Ashley Lady,Singapore,Western Shipping,2010.0,LR2 TNKR,0000-00-00,HSG Sungdong Shipbuilding,South Korea,1,87558,180.7,0,未命中,False,False,False,False,0,White,High Performance,7.9e-05,2.4e-05,0.000134,2.8e-05,0.000117,3.2e-05,0.000101,36,5,1,72.8,0.0,0.185843,0.121879,0.119712,0.124046,0.120055,0.123692,0.120452,0.123286,331,80.0,0.121863,0.347159,0.5473,0.126048,0.136702,0.7474,0.945424,2.2e-05,0.0,0.053301,0.051813,0.054789,0.052047,0.054544,0.052317,0.054263,0.019643,5.16,160.65,6.55,6.46,6.65,6.47,6.63,6.49,6.61,1.0,A,0,0,0,0,0,0.0,0.0,26.47,11.27,4.38,48.56,高可信,D_正常,44.0,simulated_noisy
636011267,9259707.0,Marianna VV,Liberia,Avin International,2002.0,AFRAMAX TNKR,0000-00-00,Sasebo,Japan,2,100597,180.7,0,未命中,False,False,False,False,0,White,High Performance,5.9e-05,1.5e-05,0.000102,1.8e-05,8.9e-05,2.1e-05,7.5e-05,20,4,2,197.7,0.0,0.62811,0.007683,0.007144,0.008222,0.007225,0.00813,0.00732,0.008025,46,16.5,0.007664,0.16461,0.6071,0.569832,0.738711,2.1572,0.979913,1.9e-05,0.0,0.308498,0.305644,0.311352,0.3061,0.310891,0.306627,0.310361,0.147926,23.47,175.12,6.52,6.44,6.59,6.45,6.58,6.47,6.56,1.0,A,0,0,0,0,0,0.0,0.0,10.64,10.2,0.0,30.63,高可信,D_正常,2.0,simulated_noisy
463075101,9360453.0,Mardan,Pakistan,Pakistan National Shipping Corp,2007.0,AFRAMAX TNKR,0000-00-00,Koyo Dock,Japan,1,104618,180.7,0,未命中,False,False,False,False,0,Not Listed,Not Listed,8.5e-05,3.2e-05,0.000138,3.6e-05,0.000123,4.1e-05,0.000108,15,7,3,102.7,0.0,0.261915,0.117948,0.115993,0.119902,0.116303,0.119584,0.116661,0.119218,333,101.0,0.117935,0.345071,0.6194,0.113936,0.295005,0.0827,1.401503,0.001232,0.004115,0.058651,0.057227,0.060075,0.057451,0.059841,0.05771,0.059573,0.019642,5.24,154.91,6.48,6.39,6.57,6.41,6.56,6.42,6.54,1.0,A,0,0,0,0,0,0.0,0.0,17.27,13.86,0.0,44.44,高可信,D_正常,21.0,simulated_noisy
311013400,9417440.0,Ohio,Bahamas,Dorian Hellas,2009.0,LR2 TNKR,0000-00-00,Hyundai Heavy Ind Ulsan Shipyard,South Korea,1,79063,180.7,0,未命中,False,False,False,False,0,White,High Performance,0.000125,5.1e-05,0.0002,5.7e-05,0.00018,6.5e-05,0.000159,31,8,1,354.8,0.1,0.272593,0.113321,0.111111,0.11553,0.111461,0.11517,0.111865,0.114755,98,144.6,0.113303,0.123527,0.4945,0.100814,0.221369,0.5981,1.473399,2.4e-05,0.0,0.068906,0.067141,0.070672,0.067418,0.070382,0.067739,0.070049,0.021311,6.25,158.48,6.48,6.38,6.58,6.39,6.57,6.41,6.55,1.0,A,0,0,0,0,0,0.0,0.0,9.96,5.88,0.0,21.48,高可信,D_正常,2.0,simulated_noisy
613003573,9319870.0,Maini,Cameroon,Rong Yu Shipping,2007.0,AFRAMAX TNKR,0000-00-00,Universal,Japan,1,51319,180.7,2,中风险,False,False,True,True,3,Black,Low Performance,0.000174,6.6e-05,0.000282,7.4e-05,0.000252,8.4e-05,0.00022,13,7,1,85.2,0.1,0.127555,0.116633,0.113856,0.11941,0.114294,0.118955,0.1148,0.118433,364,79.6,0.116606,0.07063,0.4038,0.125375,0.082106,0.0774,3.127165,0.002415,0.028965,0.060717,0.058651,0.062783,0.058973,0.062441,0.059347,0.062049,0.028721,5.73,150.85,6.47,6.34,6.59,6.36,6.57,6.38,6.55,1.0,A,0,0,0,0,0,0.0,0.0,81.84,16.12,50.24,100.0,高可信,A_确认影子,15.0,simulated_noisy
273271660,9383950.0,Salut,Russia,Idas LLC,2009.0,LR2 TNKR,0000-00-00,Sasebo,Japan,1,68872,159.1,3,高风险,True,False,True,True,1,Grey,Medium Performance,0.0001,3.1e-05,0.00017,3.5e-05,0.000149,4.1e-05,0.000128,13,5,0,50.1,0.1,0.15976,0.134778,0.132227,0.137328,0.132631,0.136912,0.133098,0.136434,160,105.6,0.134759,0.089203,0.4134,0.116909,0.097929,0.0555,3.292836,0.000565,0.005487,0.018628,0.017618,0.019637,0.017773,0.019467,0.017952,0.019272,0.007941,2.3,150.42,6.44,6.34,6.54,6.36,6.52,6.37,6.5,0.941,A,0,0,0,0,0,0.0,0.0,82.42,3.74,75.09,89.75,高可信,A_确认影子,37.0,simulated_noisy
538008327,9389966.0,Alexia,Marshall Islands,Centrofin,2009.0,LR2 TNKR,0000-00-00,Tadotsu Tsuneishi,Japan,1,42178,180.7,0,未命中,False,False,False,False,0,White,High Performance,0.000306,0.000146,0.000467,0.00016,0.000426,0.000178,0.000383,16,11,5,90.2,0.1,0.295201,0.116209,0.113151,0.119267,0.113632,0.118766,0.114189,0.11819,93,78.3,0.116177,0.179033,0.4694,0.294985,0.442463,0.2269,1.790582,4.6e-05,0.0,0.059603,0.057344,0.061862,0.057695,0.061487,0.058102,0.061057,0.02302,5.27,159.24,6.43,6.29,6.57,6.31,6.55,6.33,6.52,0.974,A,0,0,0,0,0,0.0,0.0,13.24,9.72,0.0,32.29,高可信,D_正常,12.0,simulated_noisy
477227900,9426441.0,Senda,"Hong Kong, China",Sendar Shipping,2009.0,AFRAMAX TNKR,0000-00-00,Tsuneishi Zosen,Japan,1,17849,70.2,0,未命中,False,False,False,False,0,White,High Performance,0.000332,8.7e-05,0.000576,0.000101,0.000499,0.000119,0.000421,8,4,0,70.3,0.1,0.387641,0.120761,0.115981,0.12554,0.116725,0.124748,0.117588,0.12384,42,46.7,0.120686,0.077238,0.5626,0.154158,0.30975,0.1885,1.728182,0.000108,0.0,0.048626,0.045472,0.05178,0.045951,0.051244,0.046508,0.050633,0.020949,4.9,134.43,6.41,6.2,6.63,6.23,6.59,6.27,6.55,0.395,C,0,0,0,0,0,0.0,0.0,17.3,8.63,0.39,34.21,中可信,D_正常,2.0,simulated_noisy
352898793,9240445.0,Norah,Panama,Sabaek General Trading,2003.0,AFRAMAX TNKR,0000-00-00,Hyundai Heavy Ind Ulsan Shipyard,South Korea,2,58312,180.6,0,未命中,False,False,False,False,0,White,High Performance,6.7e-05,9e-06,0.000125,1.1e-05,0.000104,1.4e-05,8.3e-05,20,2,1,161.3,0.1,0.214004,0.130255,0.127523,0.132987,0.127955,0.13254,0.128454,0.132028,212,210.4,0.130233,0.127854,0.499,0.12326,0.235801,0.1385,2.008238,0.015312,0.064805,0.025431,0.024153,0.026708,0.02435,0.026494,0.024578,0.026248,0.010374,2.93,151.7,6.37,6.26,6.48,6.28,6.46,6.3,6.44,1.0,A,0,0,0,0,0,0.0,0.0,22.03,14.5,0.0,50.45,高可信,D_正常,2.0,simulated_noisy
667002321,9260823.0,Fiesta,Sierra Leone,Light Navigation,2004.0,AFRAMAX TNKR,0000-00-00,Mitsui Tamano,Japan,2,57189,180.6,2,中风险,False,False,True,True,2,Grey,Low Performance,0.000173,7.1e-05,0.000276,7.9e-05,0.000248,8.9e-05,0.000219,26,8,3,285.5,0.1,0.22284,0.1265,0.123776,0.129225,0.124207,0.128779,0.124704,0.128268,237,89.0,0.126478,0.073959,0.5188,0.252845,0.158602,0.1745,3.363573,0.010245,0.064395,0.030791,0.029376,0.032207,0.029594,0.03197,0.029848,0.031699,0.010298,2.97,135.44,6.31,6.2,6.42,6.22,6.41,6.24,6.38,1.0,A,0,0,0,0,0,0.0,0.0,89.86,7.98,74.22,100.0,高可信,A_确认影子,31.0,simulated_noisy
273277290,9346732.0,Producer,Russia,Henghai Energy Shipping,2007.0,AFRAMAX TNKR,0000-00-00,Samsung,South Korea,1,12020,43.5,3,高风险,True,False,True,True,1,Grey,Medium Performance,0.000409,8.5e-05,0.000734,0.0001,0.000624,0.000121,0.000515,5,3,0,56.8,0.1,0.399501,0.096552,0.091274,0.101829,0.092084,0.100943,0.093026,0.09993,8,44.1,0.096431,0.015213,0.5711,0.587257,0.327593,0.4469,0.0,0.00016,0.0,0.095086,0.089844,0.100329,0.090648,0.099448,0.091583,0.098441,0.046999,7.47,142.12,6.25,5.98,6.53,6.02,6.48,6.07,6.43,0.256,C,0,0,0,0,0,0.0,0.0,45.72,7.25,31.51,59.93,中可信,A_确认影子,4.0,simulated_noisy
238252000,9334739.0,Olib,Croatia,Tankerska Plovidba,2009.0,AFRAMAX TNKR,0000-00-00,Brodosplit,Croatia,1,65658,180.7,0,未命中,False,False,False,False,1,White,Medium Performance,0.000182,8.3e-05,0.00028,9.1e-05,0.000255,0.000102,0.000228,23,10,0,71.7,0.1,0.178181,0.091178,0.088976,0.09338,0.089323,0.093019,0.089724,0.092604,188,97.0,0.091156,0.116672,0.4293,0.078719,0.133105,0.1356,6.054994,0.002085,0.01545,0.104937,0.102593,0.107281,0.102963,0.106897,0.10339,0.106457,0.053747,9.14,175.29,6.21,6.09,6.32,6.11,6.3,6.13,6.28,1.0,A,0,0,0,0,0,0.0,0.0,51.25,5.23,41.0,61.5,高可信,B_潜在影子,21.0,simulated_noisy
273251810,9256066.0,Ligovsky Prospect,Russia,Sovcomflot,2003.0,AFRAMAX TNKR,0000-00-00,Daewoo,South Korea,2,44729,180.7,3,高风险,True,False,True,True,1,Grey,Medium Performance,0.000177,6.1e-05,0.000293,6.9e-05,0.000259,8e-05,0.000225,13,6,2,189.1,0.1,0.120884,0.111236,0.108323,0.11415,0.108781,0.113672,0.109312,0.113123,101,117.7,0.111206,0.051459,0.3923,0.046636,0.077145,0.0659,2.239906,0.002524,0.032183,0.056025,0.053894,0.058156,0.054225,0.057802,0.054609,0.057397,0.029509,5.78,158.22,6.13,6.0,6.26,6.02,6.24,6.04,6.22,1.0,A,0,0,0,0,0,0.0,0.0,89.64,5.78,78.31,100.0,高可信,A_确认影子,27.0,equasis_real
629009826,9136058.0,Forever,Gambia,Forever Shipping Group,1997.0,AFRAMAX TNKR,0000-00-00,Koyo Dock,Japan,3,25228,49.2,0,未命中,False,False,False,False,2,Not Listed,Low Performance,0.000195,4e-05,0.00035,4.8e-05,0.000298,5.8e-05,0.000245,5,3,2,98.9,0.0,0.420168,0.126464,0.122363,0.130565,0.123006,0.129889,0.123749,0.129114,13,26.2,0.126412,0.543952,0.2638,0.446629,0.806121,6.2909,0.842372,7.6e-05,0.0,0.020411,0.018667,0.022154,0.018926,0.021852,0.019229,0.021509,0.006458,2.42,124.77,6.1,5.94,6.26,5.97,6.24,5.99,6.21,0.42,C,0,0,0,0,0,0.0,0.0,25.69,25.57,0.0,75.81,低可信,D_正常,45.0,equasis_real
613271404,9404948.0,Thron,Cameroon,DNA Tankers,2009.0,LR2 TNKR,0000-00-00,Hyundai Heavy Ind Ulsan Shipyard,South Korea,1,44565,180.7,2,中风险,False,False,True,True,3,Black,Low Performance,0.000133,3.5e-05,0.000231,4e-05,0.0002,4.8e-05,0.000169,31,4,0,66.2,0.1,0.202423,0.098879,0.096108,0.10165,0.096543,0.101194,0.097047,0.100672,61,115.2,0.098847,0.050594,0.474,0.138571,0.178531,0.1868,2.644657,0.005495,0.030547,0.081251,0.078714,0.083787,0.079111,0.083369,0.079571,0.082889,0.04012,7.27,180.0,6.08,5.94,6.21,5.96,6.19,5.99,6.16,1.0,A,0,0,0,0,0,0.0,0.0,87.84,11.52,65.26,100.0,高可信,A_确认影子,37.0,equasis_real
352005806,9388807.0,Gattaca,Panama,Star Marine Management,2009.0,LR2 TNKR,0000-00-00,Shanghai Waigaoqiao Shipbuilding,China,1,41040,180.3,0,未命中,False,False,False,False,0,White,High Performance,0.000217,8.3e-05,0.000352,9.2e-05,0.000315,0.000106,0.000276,31,7,1,308.4,0.1,0.115058,0.099721,0.096822,0.102619,0.097277,0.102142,0.097803,0.101595,513,58.3,0.099686,0.195009,0.4707,0.197318,0.073407,0.1429,1.759979,0.002654,0.035536,0.078994,0.076385,0.081604,0.076793,0.081173,0.077265,0.080679,0.045149,7.33,175.87,6.07,5.93,6.21,5.95,6.19,5.98,6.16,0.961,A,0,0,0,0,0,0.0,0.0,32.76,3.18,26.53,38.99,高可信,D_正常,20.0,equasis_real
677066300,9178329.0,Orleans Hawk,Tanzania,Fairich Marine,1998.0,AFRAMAX TNKR,0000-00-00,Hyundai Heavy Ind Ulsan Shipyard,South Korea,3,36443,180.0,0,未命中,False,False,False,False,3,Black,Low Performance,0.000217,7.5e-05,0.000359,8.5e-05,0.000318,9.8e-05,0.000276,34,6,2,156.0,0.1,0.316165,0.100583,0.097495,0.10367,0.097979,0.103162,0.098539,0.102578,43,86.1,0.100543,0.39995,0.5166,0.4561,0.575494,0.9174,1.48187,5.3e-05,0.0,0.075788,0.073071,0.078505,0.073494,0.078055,0.073985,0.077539,0.040362,6.73,164.98,6.05,5.9,6.2,5.92,6.17,5.95,6.14,0.909,A,0,0,0,0,0,0.0,0.0,70.01,17.17,36.36,100.0,高可信,B_潜在影子,34.0,equasis_real
631010086,9402471.0,Qasr,Equatorial Guinea,Furong,2009.0,AFRAMAX TNKR,0000-00-00,Hanjin Heavy Ind,South Korea,1,50186,98.0,2,中风险,False,False,True,True,0,Not Listed,Not Listed,0.000178,6.8e-05,0.000288,7.6e-05,0.000257,8.6e-05,0.000225,19,7,2,220.0,0.0,0.266947,0.124685,0.121795,0.127575,0.122251,0.127102,0.122778,0.126559,157,85.7,0.124659,0.086769,0.5354,0.371857,0.168299,0.2562,1.468492,0.000138,0.000592,0.020343,0.019108,0.021577,0.019296,0.021368,0.019514,0.021129,0.008407,2.31,143.71,6.02,5.91,6.14,5.93,6.12,5.95,6.09,0.772,B,0,0,0,0,0,0.0,0.0,62.42,18.83,25.51,99.33,高可信,A_确认影子,51.0,equasis_real
372939000,9337391.0,Athens Voyager,Panama,Chemnav Shipmanagement,2007.0,AFRAMAX TNKR,0000-00-00,Sumitomo,Japan,1,58362,180.7,0,未命中,False,False,False,False,0,White,High Performance,0.000256,0.00013,0.000381,0.000142,0.00035,0.000156,0.000317,41,13,5,124.4,0.1,0.157277,0.120377,0.117737,0.123017,0.118154,0.122585,0.118636,0.12209,202,109.7,0.120354,0.217986,0.4884,0.158206,0.159167,0.4202,0.858301,0.00358,0.022287,0.029984,0.028601,0.031367,0.028814,0.031136,0.029062,0.030871,0.009971,3.36,136.92,6.02,5.91,6.13,5.93,6.11,5.95,6.09,1.0,A,0,0,0,0,0,0.0,0.0,30.19,11.2,8.24,52.14,高可信,D_正常,28.0,equasis_real
419473000,9243033.0,Desh Gaurav,India,SCI,2003.0,AFRAMAX TNKR,0000-00-00,Hyundai Heavy Ind Ulsan Shipyard,South Korea,2,41430,180.6,0,未命中,False,False,False,False,1,Grey,Medium Performance,0.000264,0.000114,0.000413,0.000126,0.000373,0.000142,0.000332,43,9,1,74.8,0.1,0.158581,0.123617,0.120448,0.126786,0.120947,0.126266,0.121524,0.12567,101,152.2,0.123585,0.464498,0.4074,0.505623,0.287348,1.2154,1.0101,4.6e-05,0.0,0.021649,0.020248,0.02305,0.020461,0.022811,0.020708,0.02254,0.006732,2.64,142.58,6.0,5.88,6.13,5.89,6.11,5.92,6.08,0.966,A,0,0,0,0,0,0.0,0.0,20.21,17.66,0.0,54.82,高可信,D_正常,12.0,equasis_real
667001237,9266865.0,Bivola,Sierra Leone,Doris Voyage,2004.0,AFRAMAX TNKR,0000-00-00,Tadotsu Tsuneishi,Japan,2,21221,179.7,2,中风险,False,False,True,True,2,Grey,Low Performance,0.00108,0.000647,0.001513,0.000693,0.001414,0.000749,0.001308,63,21,3,104.0,0.2,0.108148,0.095074,0.091128,0.099019,0.091741,0.098363,0.092451,0.097612,174,117.5,0.095005,0.195145,0.4387,0.347414,0.103884,0.1127,1.222366,0.000373,0.002724,0.082133,0.078439,0.085826,0.07901,0.08521,0.079674,0.084505,0.036423,7.0,158.57,5.95,5.74,6.15,5.77,6.12,5.81,6.08,0.737,B,0,0,0,0,0,0.0,0.0,86.0,10.02,66.36,100.0,高可信,A_确认影子,24.0,equasis_real
255915925,9413028.0,Blue Sea,Portugal,Estoril Navigation,2009.0,AFRAMAX TNKR,0000-00-00,Sumitomo,Japan,1,55541,174.3,0,未命中,False,False,False,False,0,White,High Performance,0.000233,0.000111,0.000355,0.000121,0.000324,0.000135,0.000291,33,11,2,261.6,0.1,0.170001,0.097757,0.095288,0.100227,0.095676,0.099822,0.096126,0.099357,200,71.2,0.097731,0.210945,0.4938,0.156891,0.240831,0.3349,1.339667,3.5e-05,0.0,0.073818,0.071644,0.075993,0.071984,0.075634,0.072379,0.075223,0.039195,6.68,156.0,5.88,5.76,6.0,5.78,5.98,5.8,5.96,0.983,A,0,0,0,0,0,0.0,0.0,11.54,5.54,0.68,22.4,高可信,D_正常,11.0,equasis_real
352002809,9346720.0,Kira K,Panama,Eastern Shipping Inc,2007.0,AFRAMAX TNKR,0000-00-00,Samsung,South Korea,1,48695,180.7,2,中风险,False,False,True,True,0,White,High Performance,0.000183,7e-05,0.000297,7.8e-05,0.000265,8.9e-05,0.000232,27,7,1,293.4,0.1,0.161084,0.099323,0.096667,0.101979,0.097084,0.101543,0.097568,0.101042,42,120.3,0.099294,0.128646,0.4534,0.362966,0.196738,0.1331,1.439198,0.002113,0.010544,0.06941,0.067153,0.071667,0.067506,0.071295,0.067915,0.070867,0.031275,6.0,165.13,5.86,5.73,5.99,5.75,5.97,5.78,5.94,1.0,A,0,0,0,0,0,0.0,0.0,41.69,10.87,20.38,63.0,高可信,C_名单被动,26.0,equasis_real
314102000,9258480.0,Acheron,Barbados,Star Marine Management,2004.0,AFRAMAX TNKR,0000-00-00,Sumitomo,Japan,2,52723,180.4,0,未命中,False,False,False,False,1,White,Medium Performance,0.000131,4.1e-05,0.000222,4.6e-05,0.000195,5.4e-05,0.000167,51,5,0,57.1,0.1,0.193085,0.095851,0.093338,0.098364,0.093734,0.097951,0.094191,0.097478,57,79.5,0.095823,0.312439,0.4337,0.386641,0.201812,0.0961,1.2165,0.002862,0.014005,0.076701,0.07443,0.078973,0.074786,0.078599,0.075198,0.078169,0.037383,6.82,142.19,5.85,5.73,5.97,5.75,5.95,5.77,5.93,1.0,A,0,0,0,0,0,0.0,0.0,67.45,9.56,48.71,86.19,高可信,B_潜在影子,29.0,equasis_real
461000282,,,,,,,,,,0,13739,82.5,0,未命中,False,False,False,False,0,Unknown,Unknown,0.000213,1.3e-05,0.000412,1.6e-05,0.000326,2.2e-05,0.000243,14,1,0,24.1,0.1,0.261373,0.087603,0.082878,0.092329,0.083604,0.091535,0.084447,0.090628,53,16.4,0.087495,0.232697,0.5625,0.418454,0.205119,0.2443,1.303906,0.002323,0.01065,0.09236,0.08752,0.0972,0.088264,0.096389,0.089129,0.09546,0.045486,8.74,121.41,5.79,5.55,6.04,5.59,5.99,5.63,5.95,0.383,C,0,0,0,0,0,0.0,0.0,13.66,10.56,0.0,34.36,中可信,D_正常,12.0,simulated_noisy
538010103,9414034.0,Senzeal,Marshall Islands,Undisclosed,2009.0,AFRAMAX TNKR,0000-00-00,Hyundai Heavy Ind Ulsan Shipyard,South Korea,1,35650,180.4,0,未命中,False,False,False,False,0,White,High Performance,0.000166,4.4e-05,0.000289,5e-05,0.00025,6e-05,0.000211,19,4,2,117.4,0.1,0.119467,0.115525,0.112208,0.118843,0.112728,0.118298,0.113332,0.117672,176,79.5,0.115487,0.203314,0.5452,0.062461,0.025577,0.0048,1.951874,5.4e-05,0.0,0.028497,0.026771,0.030224,0.027033,0.029931,0.027339,0.029597,0.010741,3.41,141.5,5.77,5.64,5.91,5.66,5.89,5.68,5.86,0.901,A,0,0,0,0,0,0.0,0.0,29.16,5.39,18.6,39.72,高可信,D_正常,19.0,equasis_real
613702110,9395379.0,Fortis,Cameroon,Pacific Logistic & Maritime,2008.0,AFRAMAX TNKR,0000-00-00,Namura,Japan,1,60906,180.6,2,中风险,False,False,True,True,3,Black,Low Performance,9.7e-05,2.6e-05,0.000169,2.9e-05,0.000146,3.5e-05,0.000123,17,4,1,314.4,0.1,0.124323,0.100491,0.098104,0.102879,0.09848,0.102488,0.098915,0.102039,81,109.4,0.100468,0.076046,0.4044,0.110751,0.103956,0.1592,2.455919,0.004957,0.047393,0.062505,0.060583,0.064427,0.060884,0.06411,0.061232,0.063747,0.023609,5.33,153.08,5.77,5.66,5.89,5.68,5.87,5.7,5.85,1.0,A,0,0,0,0,0,0.0,0.0,90.44,8.54,73.7,100.0,高可信,A_确认影子,26.0,equasis_real
273259430,9339313.0,Ladoga,Russia,Novoship,2007.0,AFRAMAX TNKR,0000-00-00,Samsung,South Korea,1,56448,180.0,3,高风险,True,False,True,True,1,Grey,Medium Performance,0.000176,7.2e-05,0.00028,8e-05,0.000252,9e-05,0.000222,11,8,1,148.7,0.1,0.122998,0.100668,0.098186,0.10315,0.098577,0.102744,0.09903,0.102276,84,146.6,0.100643,0.119977,0.4221,0.119656,0.126974,0.0591,4.927854,3.4e-05,0.0,0.057397,0.055478,0.059315,0.055778,0.058998,0.056125,0.058634,0.033375,5.36,175.62,5.68,5.57,5.8,5.58,5.78,5.61,5.76,0.999,A,0,0,0,0,0,0.0,0.0,68.79,5.66,57.7,79.88,高可信,A_确认影子,27.0,equasis_real
273277060,9354301.0,Jagger,Russia,North Fleet,2008.0,AFRAMAX TNKR,0000-00-00,Hyundai Heavy Ind Ulsan Shipyard,South Korea,1,62268,180.7,3,高风险,True,False,True,True,1,Grey,Medium Performance,0.000127,4.4e-05,0.00021,5e-05,0.000186,5.7e-05,0.000162,14,6,2,278.7,0.1,0.118135,0.111622,0.109149,0.114095,0.109539,0.113691,0.109991,0.113226,71,147.8,0.1116,0.033866,0.3664,0.223977,0.070143,0.0419,4.891298,0.001765,0.024737,0.030641,0.029287,0.031994,0.029496,0.031768,0.029739,0.031509,0.012718,3.23,147.19,5.64,5.54,5.74,5.55,5.72,5.57,5.71,1.0,A,0,0,0,0,0,0.0,0.0,85.78,4.55,76.86,94.7,高可信,A_确认影子,36.0,equasis_real
538012620,9336414.0,Orfeos,Marshall Islands,Zeythra Group,2007.0,AFRAMAX TNKR,0000-00-00,Tsuneishi Zosen,Japan,1,7224,57.8,0,未命中,False,False,False,False,0,White,High Performance,0.000958,0.000296,0.00162,0.000337,0.001421,0.000393,0.001218,13,5,1,201.2,0.2,0.124446,0.093655,0.086941,0.100368,0.087957,0.099225,0.089141,0.097921,42,39.8,0.093451,0.054085,0.4091,0.364973,0.247366,0.0899,1.0038,0.00663,0.025756,0.06962,0.063755,0.075484,0.064631,0.074473,0.065654,0.073323,0.030028,5.84,152.09,5.63,5.29,5.96,5.34,5.9,5.4,5.84,0.241,C,0,0,0,0,0,0.0,0.0,49.11,8.22,33.0,65.22,中可信,B_潜在影子,25.0,equasis_real
352006683,9266841.0,Midas,Panama,Ocean Morion Shipping,2003.0,AFRAMAX TNKR,0000-00-00,Tadotsu Tsuneishi,Japan,2,23470,71.3,1,低风险,True,False,False,False,0,White,High Performance,0.00021,4.3e-05,0.000376,5.1e-05,0.00032,6.2e-05,0.000264,6,3,0,70.3,0.1,0.175458,0.111781,0.10775,0.115811,0.108379,0.115145,0.109108,0.11438,149,53.8,0.111722,0.226035,0.4752,0.20769,0.113783,0.2535,1.719314,8.2e-05,0.0,0.028416,0.026292,0.03054,0.026611,0.030176,0.026983,0.029761,0.016443,3.29,172.26,5.6,5.44,5.77,5.46,5.74,5.49,5.71,0.462,C,0,0,0,0,0,0.0,0.0,54.23,8.52,37.53,70.93,中可信,A_确认影子,40.0,equasis_real
273271320,9378618.0,Pioner 1,Russia,Peace Shipmanagement,2008.0,LR2 TNKR,0000-00-00,Sasebo,Japan,1,75612,180.4,3,高风险,True,False,True,True,1,Grey,Medium Performance,6.5e-05,1.3e-05,0.000117,1.6e-05,9.9e-05,1.9e-05,8.2e-05,6,3,1,256.5,0.1,0.208776,0.101142,0.098993,0.103291,0.099332,0.102939,0.099725,0.102536,166,76.9,0.101123,0.092136,0.4193,0.178897,0.144823,0.1473,2.944386,6.5e-05,0.000274,0.052345,0.050758,0.053933,0.051006,0.053671,0.051294,0.05337,0.024731,4.88,180.0,5.6,5.5,5.7,5.52,5.68,5.53,5.66,1.0,A,0,0,0,0,0,0.0,0.0,75.4,0.93,73.58,77.22,高可信,A_确认影子,29.0,equasis_real
273259630,9249128.0,Sakhalin,Russia,Sovcomflot,2004.0,LR2 SHUTTLE TNKR,0000-00-00,Brodosplit,Croatia,2,81059,180.7,3,高风险,True,False,True,True,1,Grey,Medium Performance,4.8e-05,7e-06,9e-05,8e-06,7.5e-05,1e-05,5.9e-05,13,2,0,61.4,0.1,0.112486,0.106706,0.104581,0.108832,0.104917,0.108485,0.105306,0.108086,957,52.6,0.106689,0.105275,0.4107,0.098013,0.062469,0.0828,2.95116,0.000801,0.012446,0.0396,0.038258,0.040942,0.038467,0.04072,0.038709,0.040465,0.020429,4.4,163.17,5.59,5.5,5.69,5.52,5.67,5.53,5.65,1.0,A,0,0,0,0,0,0.0,0.0,86.59,5.68,75.46,97.72,高可信,A_确认影子,32.0,equasis_real
622108300,9260809.0,ETC Ramsis,Egypt,ETC,2003.0,AFRAMAX TNKR,0000-00-00,Mitsui Tamano,Japan,2,23995,180.3,0,未命中,False,False,False,False,1,Grey,Not Listed,0.000247,6.5e-05,0.000429,7.5e-05,0.000371,8.9e-05,0.000313,41,4,0,57.2,0.2,0.642426,0.033457,0.031183,0.035731,0.031526,0.035343,0.031927,0.034901,32,30.3,0.033383,0.104377,0.5507,0.436408,0.778784,5.6031,0.451364,8e-05,0.0,0.202499,0.197414,0.207583,0.198217,0.206752,0.199146,0.205797,0.108978,16.41,168.04,5.56,5.39,5.74,5.41,5.71,5.44,5.67,0.77,B,0,0,0,0,0,0.0,0.0,17.59,17.25,0.0,51.4,高可信,D_正常,17.0,equasis_real
511101845,9430313.0,Evren,Palau,Westank LLC,2010.0,AFRAMAX TNKR,0000-00-00,Hanjin Subic,Philippines,1,46593,180.7,0,未命中,False,False,False,False,2,Black,Low Performance,0.000213,8.7e-05,0.000339,9.7e-05,0.000305,0.00011,0.000269,31,8,1,81.8,0.1,0.100144,0.084596,0.08207,0.087123,0.082466,0.086707,0.082924,0.086229,573,50.1,0.084564,0.09788,0.4417,0.178486,0.058779,0.1375,2.387457,0.001243,0.02046,0.087072,0.084512,0.089632,0.084913,0.08921,0.085378,0.088727,0.048418,7.55,180.0,5.55,5.42,5.68,5.44,5.66,5.47,5.64,1.0,A,0,0,0,0,0,0.0,0.0,87.59,9.1,69.75,100.0,高可信,B_潜在影子,28.0,equasis_real
273250830,9312884.0,Kemerovo,Russia,Novoship,2007.0,AFRAMAX TNKR,0000-00-00,Hyundai Heavy Ind Ulsan Shipyard,South Korea,1,44056,180.0,3,高风险,True,False,True,True,1,Grey,Medium Performance,0.00018,6.2e-05,0.000297,7e-05,0.000263,8.1e-05,0.000229,11,6,0,69.7,0.1,0.115444,0.104311,0.101457,0.107165,0.101905,0.106696,0.102424,0.106158,166,97.8,0.104279,0.066022,0.3719,0.145752,0.073535,0.0503,1.563691,4.4e-05,0.0,0.035771,0.034037,0.037505,0.034304,0.037214,0.034614,0.036882,0.016455,3.61,131.66,5.41,5.29,5.54,5.31,5.52,5.33,5.49,0.994,A,0,0,0,0,0,0.0,0.0,80.82,2.43,76.06,85.58,高可信,A_确认影子,25.0,equasis_real
538003608,9433585.0,Buala,Marshall Islands,TMS Tankers,2010.0,LR2 TNKR,0000-00-00,Samsung,South Korea,1,77319,180.7,0,未命中,False,False,False,False,0,White,High Performance,7.7e-05,2e-05,0.000133,2.3e-05,0.000115,2.8e-05,9.7e-05,9,4,0,57.1,0.1,0.311463,0.10566,0.103493,0.107827,0.103836,0.107473,0.104231,0.107066,168,93.0,0.105642,0.199035,0.4811,0.126048,0.338153,0.2403,1.636326,2.5e-05,0.0,0.032126,0.030883,0.033368,0.031076,0.033162,0.0313,0.032925,0.011186,3.25,154.08,5.4,5.31,5.49,5.32,5.47,5.34,5.46,1.0,A,0,0,0,0,0,0.0,0.0,12.25,7.45,0.0,26.85,高可信,D_正常,14.0,equasis_real
352003303,9319698.0,Concord Breeze,Panama,Ultra Choice International,2007.0,LR2 TNKR,0000-00-00,Dalian Shipbuilding Industry Corp,China,1,19761,180.6,0,未命中,False,False,False,False,0,White,High Performance,0.00035,0.000108,0.000592,0.000123,0.00052,0.000144,0.000445,36,5,0,57.1,0.2,0.368959,0.029898,0.027525,0.03227,0.02788,0.031861,0.028294,0.031397,102,15.1,0.029808,0.14743,0.6304,0.115686,0.581584,0.0881,1.140093,9.7e-05,0.0,0.200038,0.194461,0.205615,0.19534,0.204702,0.196357,0.203653,0.099941,16.67,151.58,5.35,5.16,5.54,5.19,5.51,5.23,5.47,0.722,B,0,0,0,0,0,0.0,0.0,18.8,10.63,0.0,39.63,高可信,D_正常,17.0,equasis_real
538006514,9489285.0,Knossos,Marshall Islands,Star Marine Management,2008.0,AFRAMAX TNKR,0000-00-00,Shanghai Waigaoqiao Shipbuilding,China,1,77804,180.6,0,未命中,False,False,False,False,0,White,High Performance,7.6e-05,2e-05,0.000132,2.3e-05,0.000115,2.7e-05,9.7e-05,29,4,1,73.7,0.1,0.142551,0.090054,0.088043,0.092065,0.08836,0.091736,0.088727,0.091358,107,65.0,0.090035,0.154958,0.4465,0.183054,0.119241,0.1559,1.623559,0.001837,0.015201,0.062477,0.060776,0.064177,0.061043,0.063897,0.061352,0.063576,0.035833,5.46,156.69,5.3,5.21,5.4,5.22,5.38,5.24,5.37,1.0,A,0,0,0,0,0,0.0,0.0,46.52,7.85,31.13,61.91,高可信,B_潜在影子,28.0,equasis_real
613411502,9383869.0,Saraswati,Cameroon,Rang Shipping,2008.0,LR2 TNKR,0000-00-00,Shanghai Waigaoqiao Shipbuilding,China,1,52142,180.4,2,中风险,False,False,True,True,3,Black,Low Performance,0.000114,3e-05,0.000197,3.4e-05,0.000171,4.1e-05,0.000144,17,4,0,57.5,0.1,0.137547,0.098396,0.095839,0.100952,0.096241,0.100532,0.096707,0.100051,91,162.6,0.098368,0.07755,0.4297,0.110156,0.123268,0.0799,2.006117,0.001878,0.014939,0.042479,0.040748,0.04421,0.041016,0.043921,0.041328,0.043591,0.017297,4.14,148.61,5.28,5.17,5.39,5.18,5.37,5.2,5.35,1.0,A,0,0,0,0,0,0.0,0.0,89.18,9.59,70.38,100.0,高可信,A_确认影子,25.0,equasis_real
461000285,9319703.0,Siraj,Oman,Vijaynagar Voyage Shipping,2008.0,LR2 TNKR,0000-00-00,Dalian Shipbuilding Industry Corp,China,1,47096,180.4,2,中风险,False,False,True,True,0,Not Listed,Not Listed,0.000232,0.000101,0.000363,0.000111,0.000328,0.000125,0.000292,52,9,1,173.4,0.1,0.166277,0.077939,0.075518,0.08036,0.075897,0.079961,0.076336,0.079503,127,136.1,0.077906,0.068109,0.4423,0.433465,0.135986,0.1543,1.446874,0.021485,0.157739,0.087671,0.085117,0.090225,0.085517,0.089804,0.085981,0.089322,0.039216,7.39,160.3,5.27,5.14,5.39,5.16,5.37,5.18,5.35,1.0,A,0,0,0,0,0,0.0,0.0,73.7,14.98,44.34,100.0,高可信,A_确认影子,48.0,equasis_real
525119160,9258894.0,Golden Splendor,Indonesia,Soechi Lines,2004.0,AFRAMAX TNKR,0000-00-00,Samsung,South Korea,2,76352,180.6,0,未命中,False,False,False,False,0,Not Listed,High Performance,9.1e-05,2.8e-05,0.000153,3.2e-05,0.000135,3.7e-05,0.000115,12,5,0,57.1,0.1,0.535913,0.0999,0.097773,0.102027,0.098109,0.101679,0.098497,0.101279,29,141.0,0.099881,0.162855,0.4503,0.40323,0.72166,1.4054,1.116537,2.5e-05,0.0,0.03861,0.037243,0.039976,0.037456,0.03975,0.037703,0.03949,0.013057,3.72,175.64,5.27,5.18,5.36,5.19,5.35,5.21,5.33,1.0,A,0,0,0,0,0,0.0,0.0,18.9,15.56,0.0,49.4,高可信,D_正常,27.0,equasis_real
538010229,9460136.0,P Aliki,Marshall Islands,Performance Shipping Inc,2010.0,LR2 TNKR,0000-00-00,Hyundai Heavy Ind Ulsan Shipyard,South Korea,1,63358,177.1,0,未命中,False,False,False,False,0,White,High Performance,0.000283,0.000155,0.00041,0.000168,0.00038,0.000184,0.000347,38,16,3,173.6,0.1,0.145727,0.078863,0.076765,0.080962,0.077094,0.080617,0.077476,0.080221,163,57.8,0.078839,0.101243,0.4144,0.194664,0.141535,0.6822,1.168137,3e-05,0.0,0.083682,0.081526,0.085838,0.081865,0.085484,0.082257,0.085078,0.039426,6.8,167.87,5.23,5.12,5.34,5.14,5.32,5.16,5.3,0.991,A,0,0,0,0,0,0.0,0.0,19.1,3.21,12.81,25.39,高可信,D_正常,14.0,equasis_real
352005437,9460564.0,Balu 6,Panama,Unknown Chinese,2011.0,AFRAMAX TNKR,0000-00-00,Sumitomo,Japan,1,77926,180.5,0,未命中,False,False,False,False,0,White,High Performance,0.000114,4.4e-05,0.000185,4.9e-05,0.000166,5.6e-05,0.000145,30,7,1,93.9,0.1,0.157252,0.089554,0.087549,0.091559,0.087865,0.09123,0.088231,0.090854,149,85.9,0.089535,0.08736,0.454,0.167303,0.119619,0.0939,0.60587,0.004991,0.041524,0.059838,0.058173,0.061503,0.058434,0.061229,0.058736,0.060915,0.026345,5.04,179.99,5.23,5.13,5.32,5.15,5.31,5.17,5.29,1.0,A,0,0,0,0,0,0.0,0.0,41.76,4.81,32.33,51.19,高可信,D_正常,20.0,equasis_real
538006198,9472622.0,Advantage Atom,Marshall Islands,Advantage Tankers,2011.0,AFRAMAX TNKR,0000-00-00,Samsung,South Korea,1,70798,180.7,0,未命中,False,False,False,False,0,White,High Performance,0.00014,5.7e-05,0.000223,6.4e-05,0.000201,7.2e-05,0.000177,13,8,3,203.2,0.1,0.162914,0.100589,0.098374,0.102805,0.098724,0.102442,0.099128,0.102026,109,113.4,0.100569,0.102327,0.4215,0.140755,0.125984,0.0926,5.071841,2.7e-05,0.0,0.033884,0.032552,0.035217,0.032758,0.034995,0.032998,0.034741,0.013107,3.4,152.84,5.21,5.11,5.3,5.13,5.29,5.14,5.27,1.0,A,0,0,0,0,0,0.0,0.0,22.57,10.23,2.52,42.62,高可信,D_正常,14.0,equasis_real
636021867,9412177.0,Minerva Aries,Liberia,Minerva Marine,2008.0,LR2 TNKR,0000-00-00,Hyundai Heavy Ind Ulsan Shipyard,South Korea,1,49160,180.6,0,未命中,False,False,False,False,0,White,High Performance,0.000161,5.6e-05,0.000266,6.3e-05,0.000236,7.3e-05,0.000205,15,6,0,71.0,0.1,0.405289,0.084715,0.082254,0.087176,0.08264,0.086771,0.083087,0.086306,110,101.5,0.084684,0.141586,0.5177,0.18616,0.497539,0.1809,2.418664,0.000934,0.001799,0.068021,0.065796,0.070247,0.066144,0.069879,0.066546,0.069458,0.042086,6.56,178.01,5.18,5.06,5.3,5.07,5.28,5.1,5.25,1.0,A,0,0,0,0,0,0.0,0.0,15.45,11.03,0.0,37.07,高可信,D_正常,12.0,equasis_real
352179000,9413004.0,Horae,Panama,Zimar Shipping,2009.0,AFRAMAX TNKR,0000-00-00,Sumitomo,Japan,1,37844,163.5,3,高风险,True,False,True,True,0,White,High Performance,0.000104,1.4e-05,0.000193,1.7e-05,0.00016,2.2e-05,0.000127,29,2,0,56.8,0.1,0.116055,0.083464,0.080678,0.08625,0.081113,0.08579,0.081617,0.085262,218,133.5,0.083424,0.147378,0.3594,0.228657,0.235097,0.1149,1.891951,0.000896,0.003597,0.068463,0.065919,0.071008,0.066315,0.070586,0.066774,0.070102,0.032394,5.9,175.81,5.13,4.99,5.26,5.01,5.24,5.04,5.21,0.879,A,0,0,0,0,0,0.0,0.0,38.51,17.57,4.07,72.95,高可信,C_名单被动,27.0,equasis_real
667001255,9380673.0,Centurion,Sierra Leone,Cascade Collective Corp,2008.0,AFRAMAX TNKR,0000-00-00,Sumitomo,Japan,1,51816,180.3,2,中风险,False,False,True,True,2,Grey,Low Performance,9.5e-05,2e-05,0.00017,2.3e-05,0.000145,2.8e-05,0.000119,63,3,1,72.9,0.1,0.101783,0.083847,0.081461,0.086233,0.081835,0.08584,0.082268,0.08539,195,34.6,0.083817,0.191334,0.3738,0.331344,0.117579,0.0848,1.722696,0.002121,0.017731,0.067507,0.065347,0.069667,0.065684,0.06931,0.066076,0.068901,0.032556,5.69,160.57,5.13,5.01,5.24,5.03,5.22,5.05,5.2,1.0,A,0,0,0,0,0,0.0,0.0,84.35,4.38,75.77,92.93,高可信,A_确认影子,26.0,equasis_real
352004997,9292515.0,Pelagos,Panama,Zeythra Group,2005.0,AFRAMAX TNKR,0000-00-00,Samsung,South Korea,2,65641,180.6,0,未命中,False,False,False,False,0,White,High Performance,0.000166,7.2e-05,0.000261,8e-05,0.000236,9e-05,0.00021,32,9,1,183.0,0.1,0.252449,0.094995,0.092752,0.097238,0.093105,0.09687,0.093514,0.096448,157,121.9,0.094973,0.06174,0.4614,0.225932,0.254307,0.2518,1.211925,0.006854,0.026839,0.041177,0.039658,0.042697,0.039894,0.042445,0.040168,0.042156,0.015736,3.77,145.68,5.1,5.0,5.2,5.02,5.19,5.04,5.17,1.0,A,0,0,0,0,0,0.0,0.0,23.1,4.4,14.48,31.72,高可信,D_正常,4.0,equasis_real
538003617,9402495.0,Dubai Charm,Marshall Islands,Emarat Maritime,2010.0,AFRAMAX TNKR,0000-00-00,Hanjin Heavy Ind,South Korea,1,26600,180.7,0,未命中,False,False,False,False,0,White,High Performance,0.000335,0.000127,0.000543,0.000143,0.000485,0.000163,0.000425,47,7,1,80.1,0.2,0.139774,0.075287,0.072117,0.078457,0.072608,0.077929,0.073178,0.077325,28,109.9,0.075228,0.058522,0.4507,0.169195,0.109417,0.0513,1.652966,7.2e-05,0.0,0.083795,0.080465,0.087124,0.080983,0.086571,0.081583,0.085938,0.048306,7.51,180.0,5.07,4.9,5.24,4.93,5.21,4.96,5.18,0.799,B,0,0,0,0,0,0.0,0.0,34.6,3.06,28.6,40.6,高可信,D_正常,9.0,equasis_real
352002775,9292979.0,Sai,Panama,Guru Purab Shipping & Trading,2004.0,AFRAMAX TNKR,0000-00-00,Samsung,South Korea,2,52419,180.7,0,未命中,False,False,False,False,0,White,High Performance,0.000208,9e-05,0.000326,0.0001,0.000295,0.000112,0.000262,33,9,2,260.3,0.1,0.130468,0.089101,0.086662,0.091539,0.087045,0.091139,0.087489,0.090679,154,53.8,0.089072,0.073459,0.4341,0.08294,0.096369,0.2439,1.242352,0.004977,0.051287,0.051755,0.049858,0.053651,0.050154,0.053336,0.050496,0.052976,0.021021,4.61,168.85,5.05,4.94,5.16,4.95,5.14,4.97,5.12,1.0,A,0,0,0,0,0,0.0,0.0,66.52,12.23,42.55,90.49,高可信,B_潜在影子,26.0,equasis_real
311000460,9484077.0,Seletar Spirit,Bahamas,Teekay Tankers,2010.0,LR2 TNKR,0000-00-00,Hudong Zhonghua,China,1,32560,180.3,0,未命中,False,False,False,False,0,White,High Performance,0.000305,0.000125,0.000485,0.000138,0.000436,0.000157,0.000385,31,8,0,70.0,0.1,0.23188,0.077415,0.074512,0.080317,0.074964,0.079836,0.075488,0.079284,47,134.2,0.077367,0.228779,0.5533,0.146576,0.374401,0.2322,1.284683,5.9e-05,0.0,0.076011,0.073133,0.07889,0.073581,0.078412,0.0741,0.077865,0.037897,7.07,173.18,5.01,4.86,5.16,4.88,5.13,4.91,5.11,0.866,A,0,0,0,0,0,0.0,0.0,13.84,9.0,0.0,31.48,高可信,D_正常,14.0,equasis_real
667002293,9265756.0,Altis,Sierra Leone,Zinrepin Harborcraft,2005.0,AFRAMAX TNKR,0000-00-00,Sanoyas,Japan,2,58524,89.3,1,低风险,False,False,False,True,2,Grey,Low Performance,8.4e-05,1.7e-05,0.000151,2e-05,0.000128,2.5e-05,0.000106,5,3,0,57.1,0.0,0.180268,0.084915,0.082657,0.087174,0.083012,0.086803,0.083423,0.086377,75,30.1,0.08489,0.39159,0.4035,0.318365,0.198366,0.1519,1.356786,3.3e-05,0.0,0.052763,0.050952,0.054575,0.051235,0.054275,0.051562,0.053931,0.022844,4.38,180.0,4.88,4.77,4.98,4.79,4.97,4.81,4.95,0.748,B,0,0,0,0,0,0.0,0.0,83.73,9.93,64.27,100.0,高可信,A_确认影子,52.0,equasis_real
461000260,9360130.0,Zaliv Vostok,Oman,Sovcomflot,2009.0,LR2 TNKR,0000-00-00,Hyundai Heavy Ind Ulsan Shipyard,South Korea,1,53996,180.6,3,高风险,True,False,True,True,0,Not Listed,Not Listed,0.000184,7.5e-05,0.000292,8.3e-05,0.000263,9.5e-05,0.000232,35,8,0,57.1,0.1,0.100156,0.092721,0.090275,0.095167,0.090659,0.094765,0.091104,0.094304,167,67.5,0.092694,0.089406,0.4266,0.234402,0.126499,0.1039,2.188961,0.001462,0.011275,0.032316,0.030825,0.033807,0.031055,0.033557,0.031322,0.033272,0.016315,3.23,149.84,4.82,4.72,4.93,4.73,4.91,4.75,4.89,1.0,A,0,0,0,0,0,0.0,0.0,57.77,0.24,57.3,58.24,高可信,A_确认影子,34.0,equasis_real
352978181,9229350.0,Marine Pearl,Panama,Ceres Ship Management,2002.0,AFRAMAX TNKR,0000-00-00,Hyundai Samho Heavy Ind,South Korea,2,75383,180.7,0,未命中,False,False,False,False,0,White,High Performance,0.000132,5.4e-05,0.000209,6e-05,0.000188,6.8e-05,0.000166,17,8,3,115.8,0.1,0.232612,0.067756,0.065962,0.06955,0.066244,0.069255,0.06657,0.068917,1081,12.4,0.067735,0.165293,0.506,0.28215,0.300555,0.3799,1.932774,0.003527,0.011653,0.084992,0.083001,0.086982,0.083315,0.086656,0.083678,0.086282,0.033641,7.0,156.22,4.75,4.66,4.85,4.67,4.83,4.69,4.81,1.0,A,0,0,0,0,0,0.0,0.0,20.75,2.81,15.24,26.26,高可信,D_正常,22.0,equasis_real
567599000,9446116.0,TMN Plenitude,Thailand,TMN,2009.0,AFRAMAX TNKR,0000-00-00,Namura,Japan,1,40110,180.7,0,未命中,False,False,False,False,1,Grey,High Performance,0.000123,2.5e-05,0.00022,3e-05,0.000187,3.6e-05,0.000154,12,3,0,71.4,0.1,0.561456,0.077228,0.074616,0.07984,0.075024,0.079409,0.075497,0.078914,155,39.0,0.07719,0.083909,0.4505,0.187572,0.681234,1.8194,1.641844,4.8e-05,0.0,0.061504,0.059153,0.063855,0.059519,0.063465,0.059943,0.063018,0.025777,5.79,160.98,4.71,4.58,4.84,4.6,4.81,4.62,4.79,0.951,A,0,0,0,0,0,0.0,0.0,19.02,17.45,0.0,53.22,高可信,D_正常,2.0,simulated_noisy
613321600,9330599.0,Lumin,Cameroon,Sino Ship Management,2006.0,AFRAMAX TNKR,0000-00-00,Samsung,South Korea,2,35441,180.6,2,中风险,False,False,True,True,3,Black,Low Performance,0.000167,4.4e-05,0.00029,5.1e-05,0.000251,6e-05,0.000212,31,4,1,399.1,0.1,0.109901,0.082549,0.079684,0.085413,0.080131,0.084939,0.080649,0.084396,225,24.9,0.082506,0.099899,0.4167,0.041985,0.138607,0.1309,1.101907,0.006741,0.048259,0.04915,0.0469,0.0514,0.047247,0.051024,0.04765,0.050594,0.026098,4.99,152.95,4.7,4.57,4.84,4.59,4.81,4.61,4.79,0.899,A,0,0,0,0,0,0.0,0.0,90.98,8.95,73.44,100.0,高可信,A_确认影子,52.0,simulated_noisy
667001287,9283291.0,Tiburon,Sierra Leone,Nafanua,2005.0,LR2 TNKR,0000-00-00,Dalian New Yard,China,2,32786,180.6,2,中风险,False,False,True,True,2,Grey,Low Performance,0.000394,0.000187,0.000601,0.000205,0.000548,0.000229,0.000493,44,11,2,78.8,0.1,0.096596,0.079229,0.076306,0.082153,0.076762,0.081668,0.077289,0.081113,148,78.9,0.079183,0.170142,0.4041,0.292205,0.088897,0.1052,1.597825,0.004847,0.053896,0.052551,0.050136,0.054966,0.050509,0.054562,0.050941,0.0541,0.024032,4.63,161.04,4.63,4.48,4.77,4.51,4.74,4.53,4.72,0.869,A,0,0,0,0,0,0.0,0.0,90.78,7.58,75.92,100.0,高可信,A_确认影子,30.0,simulated_noisy
235076276,9453975.0,Eagle Hatteras,Isle of Man,AET,2010.0,AFRAMAX TNKR,0000-00-00,HSG Sungdong Shipbuilding,South Korea,1,50953,180.7,0,未命中,False,False,False,False,0,White,High Performance,0.000411,0.000239,0.000582,0.000256,0.000543,0.000278,0.0005,41,19,1,789.4,0.1,0.236277,0.059696,0.057639,0.061753,0.05796,0.061412,0.058332,0.061022,452,7.7,0.059664,0.160114,0.4756,0.258718,0.651334,1.3973,0.819716,3.8e-05,0.0,0.094596,0.092055,0.097137,0.092454,0.096719,0.092916,0.09624,0.037111,8.05,147.87,4.59,4.47,4.7,4.49,4.69,4.51,4.66,1.0,A,0,0,0,0,0,0.0,0.0,8.87,8.49,0.0,25.51,高可信,D_正常,2.0,simulated_noisy
273276660,9301407.0,Viktor Titov,Russia,Sovcomflot,2005.0,AFRAMAX SHUTTLE TNKR,0000-00-00,Hyundai Heavy Ind Ulsan Shipyard,South Korea,2,42115,136.6,3,高风险,True,False,True,True,1,Grey,Medium Performance,0.000212,8.1e-05,0.000343,9e-05,0.000307,0.000103,0.000269,17,7,2,419.2,0.1,0.077265,0.072317,0.069844,0.074791,0.07023,0.074382,0.070677,0.073913,127,73.6,0.07228,0.012795,0.3081,0.152075,0.082432,0.0157,1.874149,4.6e-05,0.0,0.066056,0.063684,0.068427,0.064053,0.068035,0.064482,0.067584,0.035924,5.72,176.93,4.58,4.46,4.71,4.47,4.68,4.5,4.66,0.852,A,0,0,0,0,0,0.0,0.0,85.55,9.17,67.58,100.0,高可信,A_确认影子,24.0,simulated_noisy
413975000,9417177.0,Yang Li Hu,China,COSCO Shipping Energy Transportation,2010.0,LR2 TNKR,0000-00-00,Dalian Shipbuilding Industry Corp,China,1,34297,180.7,0,未命中,False,False,False,False,0,White,High Performance,0.00026,9.9e-05,0.000421,0.000111,0.000376,0.000126,0.00033,39,7,1,72.8,0.1,0.144794,0.071016,0.068299,0.073734,0.068721,0.073283,0.069211,0.072766,43,91.9,0.07097,0.10466,0.4829,0.206444,0.32241,0.1252,1.446874,5.6e-05,0.0,0.067555,0.064899,0.070211,0.065312,0.06977,0.06579,0.069264,0.033354,6.19,180.0,4.55,4.41,4.69,4.44,4.67,4.46,4.64,0.886,A,0,0,0,0,0,0.0,0.0,17.65,10.56,0.0,38.35,高可信,D_正常,2.0,simulated_noisy
463076101,9360465.0,Sargodha,Pakistan,Pakistan National Shipping Corp,2008.0,AFRAMAX TNKR,0000-00-00,Koyo Dock,Japan,1,64797,180.3,0,未命中,False,False,False,False,0,Not Listed,Not Listed,0.000184,8.4e-05,0.000284,9.2e-05,0.000258,0.000103,0.000231,42,10,4,179.4,0.1,0.130685,0.065739,0.063831,0.067647,0.06413,0.067332,0.064476,0.066972,163,120.5,0.065714,0.078501,0.3466,0.272509,0.15529,0.7675,1.045404,3e-05,0.0,0.079015,0.076938,0.081092,0.077264,0.080751,0.077642,0.080359,0.04355,6.66,169.53,4.54,4.44,4.64,4.46,4.63,4.48,4.61,1.0,A,0,0,0,0,0,0.0,0.0,25.63,1.4,22.89,28.37,高可信,D_正常,23.0,simulated_noisy
461000258,9354313.0,Jasmine,Oman,Sovcomflot,2008.0,LR2 TNKR,0000-00-00,Hyundai Heavy Ind Ulsan Shipyard,South Korea,1,78357,180.7,3,高风险,True,False,True,True,0,Not Listed,Not Listed,0.000101,3.5e-05,0.000167,4e-05,0.000148,4.6e-05,0.000128,22,6,3,464.1,0.1,0.151282,0.081877,0.079957,0.083796,0.080259,0.083482,0.080609,0.08312,214,106.5,0.081857,0.106583,0.4342,0.196952,0.17783,0.0965,2.875058,0.007337,0.041125,0.04191,0.040507,0.043313,0.040726,0.043081,0.040979,0.042815,0.017687,4.18,153.76,4.52,4.44,4.61,4.45,4.6,4.47,4.58,1.0,A,0,0,0,0,0,0.0,0.0,21.84,14.62,0.0,50.5,高可信,C_名单被动,3.0,simulated_noisy
461000321,,,,,,,,,,0,21773,92.3,0,未命中,False,False,False,False,0,Unknown,Unknown,0.000134,8e-06,0.00026,1e-05,0.000206,1.4e-05,0.000154,5,1,0,57.1,0.1,0.246682,0.077097,0.073555,0.080639,0.074102,0.080047,0.074737,0.079371,116,95.0,0.077026,0.051014,0.4902,0.051884,0.196352,0.2436,3.074091,0.001098,0.005147,0.052217,0.049263,0.055171,0.049715,0.054673,0.05024,0.054104,0.017679,5.17,161.55,4.52,4.35,4.68,4.37,4.66,4.4,4.62,0.501,B,0,0,0,0,0,0.0,0.0,15.79,9.36,0.0,34.14,高可信,D_正常,10.0,simulated_noisy
636017134,9437684.0,Chrysalis,Liberia,Stealth Maritime,2010.0,AFRAMAX TNKR,0000-00-00,Samsung,South Korea,1,61930,172.5,0,未命中,False,False,False,False,0,White,High Performance,7.9e-05,1.6e-05,0.000142,1.9e-05,0.000121,2.3e-05,0.0001,17,3,2,90.7,0.1,0.243791,0.085542,0.083339,0.087744,0.083685,0.087383,0.084086,0.086968,71,62.3,0.085517,0.111376,0.4897,0.19972,0.318484,0.2602,2.351235,0.001,0.003042,0.033181,0.031771,0.034592,0.031989,0.034357,0.032242,0.034087,0.01282,3.28,161.4,4.51,4.42,4.61,4.43,4.59,4.45,4.58,0.978,A,0,0,0,0,0,0.0,0.0,16.47,3.69,9.24,23.7,高可信,D_正常,19.0,simulated_noisy
352004150,9279757.0,Jinchen,Panama,Undisclosed,2004.0,LR2 TNKR,0000-00-00,Tadotsu Tsuneishi,Japan,2,108282,180.3,0,未命中,False,False,False,False,0,White,High Performance,7.3e-05,2.5e-05,0.000121,2.9e-05,0.000107,3.3e-05,9.3e-05,40,6,0,53.6,0.0,0.105678,0.084553,0.082896,0.08621,0.083158,0.08594,0.083461,0.085629,364,20.5,0.084539,0.498938,0.5837,0.333187,0.044077,0.2871,0.667471,0.002456,0.055334,0.034363,0.033278,0.035448,0.033448,0.035269,0.033644,0.035063,0.01194,3.47,166.75,4.49,4.42,4.57,4.43,4.55,4.45,4.54,1.0,A,0,0,0,0,0,0.0,0.0,27.88,11.1,6.12,49.64,高可信,D_正常,24.0,simulated_noisy
240547000,9305611.0,Promitheas,Greece,Tsakos Energy Navigation,2006.0,LR2 TNKR,0000-00-00,Hyundai Heavy Ind Ulsan Shipyard,South Korea,2,58223,180.7,0,未命中,False,False,False,False,0,White,High Performance,0.000239,0.000118,0.00036,0.000129,0.00033,0.000143,0.000298,16,12,1,113.8,0.1,0.118269,0.088154,0.085851,0.090457,0.086213,0.090078,0.086632,0.089644,70,64.0,0.088128,0.155975,0.4115,0.016997,0.085303,0.0297,5.303201,3.3e-05,0.0,0.022361,0.02116,0.023562,0.021344,0.023359,0.021558,0.023128,0.009428,3.01,161.34,4.42,4.32,4.52,4.34,4.5,4.36,4.48,1.0,A,0,0,0,0,0,0.0,0.0,25.57,14.79,0.0,54.56,高可信,D_正常,2.0,simulated_noisy
413858000,9417165.0,Ren Ma Zuo,China,Shanghai Yucheng Shipping,2010.0,LR2 TNKR,0000-00-00,Dalian Shipbuilding Industry Corp,China,1,70072,180.7,0,未命中,False,False,False,False,0,White,High Performance,0.000127,4.8e-05,0.000206,5.4e-05,0.000184,6.2e-05,0.000161,21,7,2,112.6,0.1,0.121661,0.067269,0.065414,0.069123,0.065705,0.068818,0.066042,0.068468,348,78.8,0.067246,0.090258,0.3679,0.143353,0.161196,0.0979,3.400783,0.000227,0.00124,0.063248,0.061446,0.06505,0.061729,0.064754,0.062056,0.064413,0.028284,5.55,160.94,4.29,4.2,4.39,4.22,4.37,4.23,4.36,1.0,A,0,0,0,0,0,0.0,0.0,22.73,12.85,0.0,47.92,高可信,D_正常,7.0,simulated_noisy
667002291,9418482.0,Cetus,Sierra Leone,Centauri Services,2009.0,AFRAMAX TNKR,0000-00-00,Hyundai Heavy Ind Ulsan Shipyard,South Korea,1,59310,180.6,2,中风险,False,False,True,True,2,Grey,Low Performance,8.3e-05,1.7e-05,0.000149,2e-05,0.000127,2.5e-05,0.000104,35,3,0,70.0,0.1,0.091839,0.081447,0.079246,0.083648,0.079591,0.083286,0.079992,0.082871,215,100.6,0.081421,0.049599,0.3735,0.165453,0.046025,0.0835,1.479717,0.002831,0.06085,0.031241,0.029842,0.032641,0.030058,0.032407,0.030309,0.032139,0.014162,3.11,150.04,4.29,4.2,4.39,4.21,4.37,4.23,4.35,1.0,A,0,0,0,0,0,0.0,0.0,82.11,15.22,52.28,100.0,高可信,A_确认影子,15.0,simulated_noisy
248895000,9356438.0,Alyarmouk,Malta,GNMTC,2008.0,AFRAMAX TNKR,0000-00-00,Samsung,South Korea,1,57451,180.6,0,未命中,False,False,False,False,0,White,High Performance,0.000138,4.8e-05,0.000228,5.4e-05,0.000202,6.2e-05,0.000175,21,6,0,61.9,0.1,0.213956,0.066782,0.06474,0.068823,0.06506,0.068486,0.06543,0.0681,126,41.4,0.066754,0.151735,0.4472,0.112014,0.219127,0.3275,1.721194,0.002331,0.010486,0.063357,0.061365,0.065349,0.061677,0.06502,0.062038,0.064643,0.027605,5.64,168.82,4.28,4.17,4.38,4.19,4.36,4.21,4.34,1.0,A,0,0,0,0,0,0.0,0.0,12.33,7.97,0.0,27.95,高可信,D_正常,2.0,simulated_noisy
613667000,9288693.0,Mirador,Cameroon,Zenvyrix Tideworks,2004.0,AFRAMAX TNKR,0000-00-00,Hyundai Samho Heavy Ind,South Korea,2,35460,167.0,2,中风险,False,False,True,True,3,Black,Low Performance,0.00028,0.000114,0.000445,0.000127,0.0004,0.000144,0.000354,51,8,1,72.8,0.1,0.083897,0.078077,0.075285,0.080869,0.075721,0.080407,0.076225,0.079877,62,83.8,0.078034,0.098746,0.3512,0.282925,0.045875,0.0523,1.560729,0.001041,0.021538,0.037167,0.035198,0.039135,0.0355,0.038804,0.035851,0.038425,0.017962,3.62,149.06,4.26,4.14,4.39,4.16,4.37,4.18,4.34,0.862,A,0,0,0,0,0,0.0,0.0,91.16,8.77,73.97,100.0,高可信,A_确认影子,46.0,simulated_noisy
352002786,9302970.0,Sagar 1,Panama,Mingyang Navigation,2005.0,AFRAMAX TNKR,0000-00-00,Universal,Japan,2,76398,180.6,0,未命中,False,False,False,False,0,White,High Performance,0.000104,3.6e-05,0.000171,4.1e-05,0.000152,4.7e-05,0.000132,27,6,0,57.1,0.1,0.080172,0.073492,0.071642,0.075342,0.071933,0.075038,0.07227,0.07469,572,51.9,0.073471,0.121868,0.3575,0.082508,0.036608,0.1206,1.309116,0.001007,0.026834,0.046021,0.044536,0.047507,0.044768,0.047261,0.045036,0.04698,0.012355,3.93,161.06,4.23,4.14,4.32,4.16,4.3,4.17,4.29,1.0,A,0,0,0,0,0,0.0,0.0,56.83,9.92,37.39,76.27,高可信,B_潜在影子,23.0,simulated_noisy
563216400,9428994.0,Torm Gabriella,Singapore,Torm,2010.0,LR2 TNKR,0000-00-00,Hyundai Samho Heavy Ind,South Korea,1,82201,180.7,0,未命中,False,False,False,False,0,White,High Performance,0.000109,4.1e-05,0.000176,4.6e-05,0.000157,5.3e-05,0.000138,9,7,2,121.8,0.1,0.101848,0.085554,0.083642,0.087466,0.083943,0.087153,0.084292,0.086793,422,58.8,0.085535,0.174916,0.3628,0.086326,0.038488,0.02,6.880426,2.3e-05,0.0,0.017043,0.016158,0.017927,0.016294,0.017778,0.016451,0.017608,0.006447,3.4,137.61,4.19,4.12,4.27,4.13,4.26,4.14,4.24,1.0,A,0,0,0,0,0,0.0,0.0,19.42,16.55,0.0,51.86,高可信,D_正常,2.0,simulated_noisy
667001252,9419151.0,Wu Tai,Sierra Leone,Namas Maritime Inc,2010.0,LR2 TNKR,0000-00-00,New Times Shipbuilding,China,1,49818,180.4,2,中风险,False,False,True,True,2,Grey,Low Performance,0.000179,6.8e-05,0.00029,7.6e-05,0.000259,8.7e-05,0.000227,41,7,2,153.7,0.1,0.209402,0.071453,0.069191,0.073715,0.069545,0.073341,0.069955,0.072913,34,117.2,0.071421,0.060634,0.5013,0.172115,0.215205,0.0974,0.966927,0.006983,0.032276,0.048616,0.046727,0.050504,0.047021,0.05019,0.047361,0.049831,0.019429,4.52,148.84,4.19,4.08,4.3,4.1,4.28,4.12,4.26,1.0,A,0,0,0,0,0,0.0,0.0,86.71,10.02,67.07,100.0,高可信,A_确认影子,34.0,simulated_noisy
352004759,9442017.0,Swan Lake,Panama,Ocean Express Shipping,2009.0,AFRAMAX TNKR,0000-00-00,Sumitomo,Japan,1,48105,180.5,0,未命中,False,False,False,False,0,White,High Performance,0.000165,5.7e-05,0.000272,6.4e-05,0.000241,7.4e-05,0.000209,9,6,0,63.7,0.1,0.293857,0.050571,0.048613,0.052529,0.048918,0.052204,0.04927,0.051831,41,83.2,0.050536,0.137312,0.479,0.050161,0.442474,0.2609,2.779096,0.002326,0.005168,0.095332,0.092708,0.097956,0.09312,0.097525,0.093597,0.09703,0.036544,8.35,173.86,4.19,4.07,4.3,4.09,4.28,4.11,4.26,1.0,A,0,0,0,0,0,0.0,0.0,28.99,8.94,11.47,46.51,高可信,D_正常,41.0,simulated_noisy
667002468,9285859.0,Azorin,Sierra Leone,Krasandor Seawing,2006.0,LR2 TNKR,0000-00-00,Samsung,South Korea,2,5149,27.3,2,中风险,False,False,True,True,2,Grey,Low Performance,0.000761,0.000107,0.001416,0.000129,0.001173,0.000161,0.000934,8,2,0,57.1,0.1,0.108565,0.076059,0.068828,0.08329,0.069898,0.082034,0.07115,0.080607,11,24.6,0.075758,0.182408,0.5385,0.298938,0.159508,0.1741,1.011576,0.000373,0.0,0.035721,0.030663,0.040778,0.031376,0.039861,0.032218,0.038827,0.017853,3.69,167.48,4.15,3.82,4.49,3.86,4.42,3.92,4.35,0.134,C,0,0,0,0,0,0.0,0.0,87.42,10.93,66.0,100.0,中可信,A_确认影子,36.0,simulated_noisy
667002025,9232888.0,Ailana,Sierra Leone,Delphyx Beacon,2003.0,LR2 TNKR,0000-00-00,Hyundai Heavy Ind Ulsan Shipyard,South Korea,2,67894,180.6,2,中风险,False,False,True,True,2,Grey,Low Performance,0.000131,5e-05,0.000213,5.6e-05,0.00019,6.4e-05,0.000167,25,7,0,57.3,0.1,0.101025,0.067041,0.06516,0.068922,0.065455,0.068612,0.065796,0.068257,109,30.0,0.067017,0.181315,0.3709,0.172895,0.097498,0.1478,0.714772,0.004211,0.042913,0.05588,0.054153,0.057608,0.054423,0.057323,0.054736,0.056996,0.032682,5.42,168.59,4.14,4.04,4.23,4.06,4.21,4.08,4.2,1.0,A,0,0,0,0,0,0.0,0.0,77.18,10.7,56.21,98.15,高可信,A_确认影子,2.0,simulated_noisy
667001672,,,,,,,,,,0,18027,141.4,0,未命中,False,False,False,False,0,Unknown,Unknown,0.000328,8.6e-05,0.00057,0.0001,0.000494,0.000118,0.000417,33,4,2,635.7,0.2,0.113885,0.06799,0.064317,0.071663,0.06488,0.071046,0.065535,0.07034,118,23.9,0.067902,0.056565,0.4085,0.35621,0.089065,0.1855,1.813875,0.000883,0.008728,0.052972,0.049704,0.05624,0.050201,0.055687,0.05078,0.055055,0.02335,5.07,150.62,4.13,3.94,4.31,3.97,4.28,4.0,4.24,0.595,B,0,0,0,0,0,0.0,0.0,21.43,10.88,0.11,42.75,高可信,D_正常,5.0,simulated_noisy
314115000,9276597.0,Jing Hai,Barbados,Navistar Maritime,2004.0,AFRAMAX TNKR,0000-00-00,Samsung,South Korea,2,65985,180.6,0,未命中,False,False,False,False,1,White,Medium Performance,0.000241,0.000126,0.000356,0.000137,0.000328,0.000151,0.000298,31,14,0,57.1,0.1,0.123119,0.074451,0.072448,0.076454,0.072763,0.076124,0.073127,0.075747,77,126.2,0.074427,0.050553,0.4142,0.169195,0.10291,0.2221,1.176107,0.000211,0.001768,0.037098,0.035656,0.03854,0.03588,0.0383,0.03614,0.038026,0.018715,3.63,153.57,4.1,4.01,4.19,4.02,4.17,4.04,4.16,1.0,A,0,0,0,0,0,0.0,0.0,85.63,10.98,64.11,100.0,高可信,B_潜在影子,35.0,simulated_noisy
352005357,9277541.0,Obelisk,Panama,Undisclosed,2003.0,AFRAMAX TNKR,0000-00-00,Imabari,Japan,2,68806,180.7,0,未命中,False,False,False,False,0,White,High Performance,8.6e-05,2.3e-05,0.000149,2.6e-05,0.000129,3.1e-05,0.000109,15,4,1,72.9,0.1,0.127402,0.070163,0.068255,0.072072,0.068555,0.071758,0.068901,0.071398,155,32.0,0.07014,0.099926,0.4245,0.13301,0.111596,0.1717,3.687706,0.001409,0.012375,0.046986,0.045405,0.048567,0.045652,0.048306,0.045938,0.048006,0.018442,4.5,178.1,4.1,4.01,4.19,4.02,4.17,4.04,4.16,1.0,A,0,0,0,0,0,0.0,0.0,29.91,11.27,7.82,52.0,高可信,D_正常,2.0,simulated_noisy
273258030,9256054.0,Nevskiy Prospect,Russia,Sovcomflot,2003.0,AFRAMAX TNKR,0000-00-00,Daewoo,South Korea,2,26317,180.6,3,高风险,True,False,True,True,1,Grey,Medium Performance,0.000301,0.000104,0.000497,0.000118,0.000441,0.000136,0.000383,23,6,1,72.8,0.2,0.108181,0.061735,0.058828,0.064642,0.059277,0.064156,0.059797,0.0636,181,50.2,0.061674,0.120852,0.4721,0.038698,0.092319,0.0849,3.823315,0.005278,0.056425,0.064024,0.061067,0.066981,0.061524,0.066487,0.062054,0.065922,0.028306,6.21,153.88,4.07,3.91,4.22,3.94,4.19,3.96,4.16,0.796,B,0,0,0,0,0,0.0,0.0,86.58,5.3,76.19,96.97,高可信,A_确认影子,28.0,simulated_noisy
636019358,9410882.0,Kalahari,Liberia,G House Investments,2009.0,LR2 TNKR,0000-00-00,New Times Shipbuilding,China,1,67929,180.7,0,未命中,False,False,False,False,0,White,High Performance,0.000131,5e-05,0.000213,5.6e-05,0.00019,6.4e-05,0.000167,11,7,2,79.8,0.1,0.118094,0.077605,0.075593,0.079617,0.075909,0.079286,0.076275,0.078907,93,139.2,0.077582,0.30505,0.4313,0.033293,0.093429,0.0242,3.348373,2.8e-05,0.0,0.028646,0.027392,0.029901,0.027586,0.029691,0.027811,0.029451,0.008169,3.35,124.96,4.07,3.98,4.16,3.99,4.14,4.01,4.12,1.0,A,0,0,0,0,0,0.0,0.0,19.69,12.99,0.0,45.15,高可信,D_正常,22.0,simulated_noisy
613004310,9305568.0,Breeze,Cameroon,Sovcomflot,2005.0,AFRAMAX TNKR,0000-00-00,Hyundai Heavy Ind Ulsan Shipyard,South Korea,2,41353,178.6,2,中风险,False,False,True,True,3,Black,Low Performance,0.000216,8.2e-05,0.000349,9.2e-05,0.000312,0.000105,0.000274,23,7,2,267.6,0.1,0.096631,0.072441,0.069943,0.074939,0.070333,0.074525,0.070784,0.074052,144,54.9,0.072403,0.065187,0.3568,0.065456,0.078679,0.1541,1.174481,0.019705,0.25,0.039294,0.037422,0.041166,0.03771,0.040853,0.038045,0.040494,0.018618,4.18,163.85,4.05,3.93,4.17,3.95,4.15,3.97,4.12,0.96,A,0,0,0,0,0,0.0,0.0,84.7,15.22,54.87,100.0,高可信,A_确认影子,9.0,simulated_noisy
632001144,,,,,,,,,,0,11343,75.2,0,未命中,False,False,False,False,0,Unknown,Unknown,0.000346,4.8e-05,0.000643,5.8e-05,0.000533,7.3e-05,0.000424,5,2,1,118.9,0.2,0.115313,0.079398,0.074426,0.084371,0.075183,0.083529,0.076065,0.082569,17,109.7,0.079263,0.08874,0.4176,0.079111,0.096408,0.0609,3.774424,0.000169,0.0,0.022122,0.01942,0.024823,0.019807,0.02434,0.020263,0.023794,0.010043,3.13,163.91,4.02,3.81,4.23,3.84,4.19,3.88,4.15,0.336,C,0,0,0,0,0,0.0,0.0,19.85,11.84,0.0,43.06,中可信,D_正常,11.0,simulated_noisy
215401000,9431381.0,Afra Rossi,Malta,Kaptanoglu Group,2010.0,AFRAMAX TNKR,0000-00-00,Hanjin Subic,Philippines,1,63616,180.7,0,未命中,False,False,False,False,0,White,High Performance,0.000109,3.4e-05,0.000184,3.8e-05,0.000161,4.5e-05,0.000138,9,5,0,70.2,0.1,0.307926,0.064004,0.062102,0.065906,0.0624,0.065592,0.062745,0.065233,46,81.6,0.063979,0.088949,0.4664,0.166373,0.441292,0.1679,2.270538,0.000407,0.000855,0.054734,0.052966,0.056501,0.053242,0.056209,0.053562,0.055874,0.028655,5.07,173.59,3.98,3.88,4.07,3.9,4.06,3.91,4.04,1.0,A,0,0,0,0,0,0.0,0.0,16.34,12.35,0.0,40.55,高可信,D_正常,2.0,simulated_noisy
461000246,9339325.0,Level,Oman,Sovcomflot,2007.0,AFRAMAX TNKR,0000-00-00,Samsung,South Korea,1,61637,180.7,3,高风险,True,False,True,True,0,Not Listed,Not Listed,0.000129,4.5e-05,0.000212,5e-05,0.000188,5.8e-05,0.000163,14,6,1,88.1,0.1,0.107079,0.081065,0.078911,0.08322,0.079249,0.082866,0.079641,0.082459,106,126.8,0.08104,0.08478,0.3834,0.083899,0.112538,0.0658,2.678167,3.1e-05,0.0,0.016093,0.0151,0.017086,0.015251,0.016917,0.015426,0.016725,0.00618,2.17,153.14,3.97,3.89,4.06,3.9,4.04,3.91,4.03,1.0,A,0,0,0,0,0,0.0,0.0,23.53,12.65,0.0,48.32,高可信,C_名单被动,2.0,simulated_noisy
636019833,9249116.0,Elka Athina,Liberia,European Navigation,2005.0,LR2 TNKR (Chem / Product),0000-00-00,Brodosplit,Croatia,2,51007,180.3,0,未命中,False,False,False,False,0,White,High Performance,0.000116,3e-05,0.000202,3.5e-05,0.000175,4.2e-05,0.000147,70,4,0,57.1,0.1,0.172172,0.053477,0.051525,0.055429,0.051829,0.055106,0.052181,0.054735,38,122.9,0.053445,0.083883,0.4318,0.5,0.38621,0.387,0.244071,3.8e-05,0.0,0.077361,0.075042,0.079679,0.075405,0.079297,0.075826,0.078859,0.033465,5.85,155.3,3.96,3.85,4.06,3.87,4.05,3.88,4.02,1.0,A,0,0,0,0,0,0.0,0.0,20.83,1.65,17.6,24.06,高可信,D_正常,8.0,simulated_noisy
461000187,9336426.0,Selva,Oman,Charai Sea Shipping,2007.0,AFRAMAX TNKR,0000-00-00,Tsuneishi Zosen,Japan,1,32802,135.1,2,中风险,False,False,True,True,0,Not Listed,Not Listed,0.00015,3.1e-05,0.000269,3.7e-05,0.000229,4.4e-05,0.000189,7,3,1,176.0,0.1,0.178221,0.0684,0.065669,0.071131,0.066093,0.070677,0.066585,0.070157,98,76.1,0.068352,0.106625,0.4328,0.13802,0.183441,0.2094,2.241378,5.9e-05,0.0,0.043532,0.041324,0.045739,0.041663,0.045369,0.042057,0.044945,0.022954,4.56,161.82,3.95,3.82,4.08,3.84,4.06,3.87,4.03,0.743,B,0,0,0,0,0,0.0,0.0,17.78,9.64,0.0,36.67,高可信,C_名单被动,2.0,simulated_noisy
352005852,9299941.0,Ocean Laureate,Panama,Resilience Ship Management,2005.0,AFRAMAX TNKR,0000-00-00,Koyo Dock,Japan,2,64401,180.6,0,未命中,False,False,False,False,0,White,High Performance,0.000154,6.3e-05,0.000245,7e-05,0.00022,7.9e-05,0.000195,38,8,3,109.4,0.1,0.137871,0.058038,0.056232,0.059843,0.056515,0.059545,0.056842,0.059204,23,83.5,0.058012,0.065848,0.434,0.186844,0.16848,0.1751,1.10479,0.003787,0.022306,0.064625,0.062727,0.066524,0.063024,0.066211,0.063369,0.065852,0.032359,5.94,148.9,3.91,3.81,4.0,3.83,3.99,3.84,3.97,1.0,A,0,0,0,0,0,0.0,0.0,73.26,13.31,47.17,99.35,高可信,B_潜在影子,40.0,simulated_noisy
613511209,9308950.0,Seasons I,Cameroon,Jamuna Shipping,2006.0,LR2 TNKR,0000-00-00,Dalian Shipbuilding Industry Corp,China,2,63787,180.7,2,中风险,False,False,True,True,3,Black,Low Performance,9.3e-05,2.4e-05,0.000161,2.8e-05,0.00014,3.3e-05,0.000118,10,4,0,70.1,0.1,0.157085,0.066105,0.064177,0.068033,0.06448,0.067716,0.064829,0.067351,218,60.8,0.06608,0.136288,0.4577,0.160813,0.232038,0.1298,2.277882,7.7e-05,0.000203,0.044522,0.042922,0.046122,0.043171,0.045857,0.04346,0.045553,0.021273,4.53,173.85,3.87,3.78,3.96,3.79,3.94,3.81,3.93,1.0,A,0,0,0,0,0,0.0,0.0,75.7,18.29,39.85,100.0,高可信,A_确认影子,2.0,simulated_noisy
352005301,9297541.0,Dove,Panama,Plume Shipping,2006.0,AFRAMAX TNKR,0000-00-00,Hyundai Heavy Ind Ulsan Shipyard,South Korea,2,74580,180.7,2,中风险,False,False,True,True,0,White,High Performance,7.9e-05,2.1e-05,0.000138,2.4e-05,0.000119,2.9e-05,0.000101,18,4,0,57.2,0.1,0.077943,0.054649,0.053018,0.05628,0.053273,0.056011,0.053569,0.055703,288,31.0,0.054627,0.043789,0.3197,0.11505,0.052651,0.1104,1.80008,0.001621,0.030318,0.0668,0.065008,0.068592,0.065289,0.068297,0.065615,0.067959,0.034056,5.61,176.81,3.8,3.71,3.88,3.72,3.87,3.74,3.85,1.0,A,0,0,0,0,0,0.0,0.0,60.16,10.0,40.56,79.76,高可信,A_确认影子,15.0,simulated_noisy
419756000,9467720.0,Swarna Jayanti,India,SCI,2010.0,LR2 TNKR,0000-00-00,Hyundai Heavy Ind Ulsan Shipyard,South Korea,1,76692,180.6,0,未命中,False,False,False,False,1,Grey,Medium Performance,0.000116,4.4e-05,0.000188,4.9e-05,0.000168,5.6e-05,0.000147,29,7,1,75.0,0.1,0.259675,0.038789,0.037422,0.040155,0.037635,0.039928,0.037882,0.039669,56,64.9,0.038766,0.121609,0.5266,0.267951,0.443726,0.404,1.24221,2.5e-05,0.0,0.10117,0.099036,0.103304,0.099373,0.102955,0.099763,0.102555,0.051386,8.63,163.36,3.77,3.69,3.86,3.7,3.84,3.71,3.83,1.0,A,0,0,0,0,0,0.0,0.0,31.42,4.08,23.42,39.42,高可信,D_正常,13.0,simulated_noisy
613277601,,,,,,,,,,0,42263,95.2,0,未命中,False,False,False,False,0,Unknown,Unknown,9.3e-05,1.3e-05,0.000173,1.6e-05,0.000143,2e-05,0.000114,14,2,0,59.2,0.1,0.103921,0.063263,0.060942,0.065583,0.061304,0.065199,0.061722,0.064758,31,62.4,0.063225,0.029927,0.3752,0.275147,0.065085,0.1395,1.461364,0.00085,0.012368,0.046114,0.044115,0.048113,0.044424,0.04778,0.044783,0.047398,0.025245,4.2,161.63,3.77,3.66,3.88,3.68,3.86,3.7,3.84,0.739,B,0,0,0,0,0,0.0,0.0,54.25,1.27,51.76,56.74,高可信,B_潜在影子,32.0,simulated_noisy
574004420,9321964.0,Apollo,Vietnam,PETROVIETNAM,2006.0,AFRAMAX TNKR,0000-00-00,Sumitomo,Japan,2,67187,180.6,0,未命中,False,False,False,False,2,Black,High Performance,0.000118,4.1e-05,0.000195,4.6e-05,0.000173,5.3e-05,0.00015,22,6,0,70.0,0.1,0.29921,0.040927,0.039429,0.042425,0.039662,0.042176,0.039932,0.041892,40,65.3,0.040901,0.113154,0.5161,0.150529,0.400068,0.2556,1.194374,0.000296,0.00067,0.095643,0.093419,0.097866,0.093769,0.097502,0.094175,0.097084,0.036405,7.99,159.43,3.76,3.67,3.85,3.68,3.83,3.7,3.82,1.0,A,0,0,0,0,0,0.0,0.0,56.56,13.73,29.65,83.47,高可信,B_潜在影子,2.0,simulated_noisy
613661400,9297553.0,Monte 1,Cameroon,Mariam Ship Management Service,2006.0,AFRAMAX TNKR,0000-00-00,Hyundai Heavy Ind Ulsan Shipyard,South Korea,2,56284,180.7,2,中风险,False,False,True,True,3,Black,Low Performance,0.000105,2.8e-05,0.000183,3.2e-05,0.000158,3.8e-05,0.000134,19,4,0,70.0,0.1,0.105536,0.065839,0.06379,0.067887,0.064111,0.067549,0.064482,0.067162,94,67.4,0.06581,0.046208,0.3803,0.154394,0.137648,0.1105,1.398251,0.004245,0.030596,0.038855,0.037259,0.040451,0.037506,0.040186,0.037793,0.039881,0.018316,3.87,155.21,3.74,3.65,3.84,3.66,3.82,3.68,3.8,1.0,A,0,0,0,0,0,0.0,0.0,91.64,8.23,75.51,100.0,高可信,A_确认影子,38.0,simulated_noisy
533133126,9422201.0,Eagle Kinarut,Malaysia,AET,2011.0,AFRAMAX TNKR,0000-00-00,Tsuneishi Zosen,Japan,1,74092,180.6,0,未命中,False,False,False,False,0,Not Listed,High Performance,9.3e-05,2.9e-05,0.000158,3.3e-05,0.000139,3.8e-05,0.000119,11,5,0,57.7,0.1,0.279342,0.069436,0.067606,0.071266,0.067893,0.070965,0.068226,0.07062,106,95.8,0.069415,0.097886,0.3472,0.18967,0.652505,0.8682,2.875093,2.6e-05,0.0,0.028936,0.027729,0.030143,0.027916,0.029942,0.028133,0.029711,0.011134,3.09,151.34,3.71,3.62,3.79,3.64,3.77,3.65,3.76,1.0,A,0,0,0,0,0,0.0,0.0,10.14,9.02,0.0,27.82,高可信,D_正常,12.0,simulated_noisy
306670000,9229362.0,Atlantis I,Curacao,Al Anchor Ship Management,2002.0,AFRAMAX TNKR,0000-00-00,Hyundai Samho Heavy Ind,South Korea,2,21631,180.6,1,低风险,True,False,False,False,0,Not Listed,Not Listed,0.000459,0.000187,0.00073,0.000208,0.000656,0.000236,0.00058,20,8,3,1017.6,0.2,0.097961,0.07409,0.0706,0.077579,0.071139,0.076996,0.071764,0.076329,28,95.4,0.074018,0.16718,0.4015,0.268761,0.205036,0.2393,0.907838,0.001291,0.005864,0.017795,0.016035,0.019555,0.016293,0.019246,0.016596,0.018896,0.006469,1.75,102.86,3.7,3.55,3.85,3.58,3.82,3.6,3.79,0.743,B,0,0,0,0,0,0.0,0.0,24.34,11.24,2.31,46.37,高可信,C_名单被动,2.0,simulated_noisy
667001611,,,,,,,,,,0,28428,118.9,0,未命中,False,False,False,False,0,Unknown,Unknown,0.000138,1.9e-05,0.000257,2.3e-05,0.000213,2.9e-05,0.000169,9,2,1,97.9,0.1,0.087766,0.072135,0.069128,0.075141,0.069594,0.074641,0.070135,0.074068,38,79.1,0.072079,0.032918,0.337,0.066094,0.169772,0.0671,2.923039,0.000665,0.003523,0.020892,0.019231,0.022554,0.019479,0.022267,0.019769,0.021941,0.007455,2.95,180.0,3.67,3.54,3.79,3.56,3.77,3.58,3.75,0.649,B,0,0,0,0,0,0.0,0.0,24.65,10.31,4.44,44.86,高可信,D_正常,18.0,simulated_noisy
538006517,9489297.0,Minos,Marshall Islands,Star Marine Management,2008.0,AFRAMAX TNKR,0000-00-00,Shanghai Waigaoqiao Shipbuilding,China,1,41704,180.6,0,未命中,False,False,False,False,0,White,High Performance,0.000214,8.1e-05,0.000346,9.1e-05,0.00031,0.000104,0.000271,26,7,2,376.8,0.1,0.10035,0.065813,0.063434,0.068192,0.063804,0.067798,0.064234,0.067346,46,86.6,0.065775,0.158194,0.4065,0.164124,0.130765,0.0907,1.936699,0.001149,0.008437,0.033592,0.031863,0.035321,0.032129,0.03503,0.032437,0.034698,0.014913,3.6,168.9,3.64,3.53,3.75,3.55,3.73,3.56,3.71,0.969,A,0,0,0,0,0,0.0,0.0,26.22,10.4,5.84,46.6,高可信,D_正常,14.0,simulated_noisy
533133214,9417000.0,Eagle Kuching,Malaysia,AET,2009.0,AFRAMAX TNKR,0000-00-00,Tsuneishi Zosen,Japan,1,24600,180.7,0,未命中,False,False,False,False,0,Not Listed,High Performance,0.0002,4.1e-05,0.000359,4.9e-05,0.000305,5.9e-05,0.000252,32,3,1,73.8,0.2,0.533862,0.046453,0.043824,0.049082,0.044226,0.048638,0.044693,0.048132,124,27.7,0.046384,0.16867,0.5072,0.22075,0.677574,1.7738,1.34563,7.8e-05,0.0,0.076705,0.07338,0.08003,0.073895,0.079476,0.074492,0.078841,0.030322,7.02,140.91,3.63,3.48,3.78,3.5,3.75,3.53,3.72,0.777,B,0,0,0,0,0,0.0,0.0,9.48,9.25,0.0,27.61,高可信,D_正常,3.0,simulated_noisy
240633000,9338917.0,Aegean Harmony,Greece,Arcadia Shipmanagement,2007.0,AFRAMAX TNKR,0000-00-00,Samsung,South Korea,1,93531,180.7,0,未命中,False,False,False,False,0,White,High Performance,0.000106,4.3e-05,0.000169,4.8e-05,0.000152,5.5e-05,0.000134,27,8,0,57.1,0.0,0.141205,0.059966,0.058445,0.061488,0.058684,0.061238,0.058961,0.060951,53,120.2,0.059949,0.084673,0.4055,0.089022,0.157224,0.2294,0.941875,0.000961,0.005985,0.04562,0.044283,0.046958,0.044493,0.046737,0.044735,0.046484,0.015577,3.91,180.0,3.61,3.54,3.69,3.55,3.67,3.56,3.66,1.0,A,0,0,0,0,0,0.0,0.0,25.38,5.14,15.31,35.45,高可信,D_正常,12.0,simulated_noisy
538008084,,,,,,,,,,0,32234,110.4,0,未命中,False,False,False,False,0,Unknown,Unknown,6e-05,0.0,0.000119,0.0,8.4e-05,0.0,5.1e-05,5,0,0,23.7,0.1,0.34656,0.067062,0.064332,0.069792,0.064755,0.069337,0.065247,0.068818,122,37.0,0.067012,0.114645,0.4819,0.190879,0.402816,0.1264,5.549995,6e-05,0.0,0.027081,0.02531,0.028852,0.025578,0.028551,0.02589,0.028207,0.010732,2.97,145.21,3.56,3.44,3.68,3.46,3.66,3.48,3.64,0.668,B,0,0,0,0,0,0.0,0.0,12.67,11.64,0.0,35.48,高可信,D_正常,6.0,simulated_noisy
311018700,9427471.0,Jasmin Joy,Bahamas,Samos Steamship,2009.0,AFRAMAX TNKR,0000-00-00,Sumitomo,Japan,1,93496,180.7,0,未命中,False,False,False,False,0,White,High Performance,6.3e-05,1.7e-05,0.00011,1.9e-05,9.5e-05,2.3e-05,8e-05,20,4,1,80.7,0.0,0.140252,0.056833,0.05535,0.058317,0.055583,0.058074,0.055852,0.057794,109,70.1,0.056816,0.140983,0.4422,0.050161,0.195069,0.1383,0.982189,0.000245,0.001152,0.048836,0.047454,0.050217,0.047671,0.049989,0.047921,0.049728,0.017668,4.37,146.19,3.54,3.46,3.61,3.47,3.6,3.49,3.58,1.0,A,0,0,0,0,0,0.0,0.0,22.21,7.99,6.55,37.87,高可信,D_正常,13.0,simulated_noisy
667001798,9317949.0,Kartha,Sierra Leone,Vavau Maritime,2007.0,LR2 TNKR,0000-00-00,Hyundai Heavy Ind Ulsan Shipyard,South Korea,1,55603,180.7,3,高风险,True,False,True,True,2,Grey,Low Performance,0.000106,2.8e-05,0.000185,3.2e-05,0.00016,3.8e-05,0.000135,19,4,1,82.7,0.1,0.125047,0.065332,0.063279,0.067386,0.0636,0.067047,0.063972,0.066658,86,108.5,0.065303,0.070691,0.397,0.099648,0.097253,0.1635,3.228816,0.001545,0.015538,0.029781,0.028369,0.031194,0.028586,0.030957,0.028839,0.030686,0.010646,3.19,152.4,3.54,3.45,3.63,3.46,3.61,3.48,3.6,1.0,A,0,0,0,0,0,0.0,0.0,88.41,7.44,73.83,100.0,高可信,A_确认影子,31.0,simulated_noisy
273273160,9544281.0,Persey,Russia,Idas LLC,2010.0,LR2 TNKR,0000-00-00,Samsung,South Korea,1,28009,147.3,3,高风险,True,False,True,True,1,Grey,Medium Performance,0.000211,5.6e-05,0.000367,6.4e-05,0.000318,7.6e-05,0.000268,20,4,2,156.3,0.1,0.098183,0.053687,0.051048,0.056326,0.051454,0.055883,0.051926,0.055378,62,86.2,0.053628,0.046333,0.3517,0.049139,0.130366,0.0975,3.09406,6.9e-05,0.0,0.054337,0.051683,0.056991,0.052092,0.056546,0.052566,0.056038,0.024454,5.12,171.04,3.51,3.37,3.64,3.39,3.62,3.42,3.59,0.723,B,0,0,0,0,0,0.0,0.0,85.22,7.53,70.46,99.98,高可信,A_确认影子,44.0,simulated_noisy
352004832,9379624.0,Fossil,Panama,Phuong Dong Petrol Transport,2009.0,LR2 TNKR,0000-00-00,Samsung,South Korea,1,37375,180.1,0,未命中,False,False,False,False,0,White,High Performance,0.000265,0.000108,0.000422,0.000121,0.00038,0.000137,0.000335,29,8,1,87.6,0.1,0.207438,0.060727,0.058307,0.063148,0.058682,0.062746,0.059118,0.062285,49,49.3,0.060684,0.137883,0.5269,0.129612,0.349955,0.2118,1.003322,0.000105,0.000153,0.036894,0.034984,0.038805,0.035277,0.038484,0.035618,0.038117,0.016613,3.81,141.45,3.48,3.36,3.59,3.38,3.57,3.4,3.55,0.919,A,0,0,0,0,0,0.0,0.0,14.71,9.46,0.0,33.25,高可信,D_正常,2.0,simulated_noisy
636018917,9410648.0,Eurointegrity,Liberia,Eurotankers,2009.0,LR2 TNKR,0000-00-00,Hyundai Heavy Ind Ulsan Shipyard,South Korea,1,60263,180.7,0,未命中,False,False,False,False,0,White,High Performance,0.000131,4.6e-05,0.000217,5.1e-05,0.000193,5.9e-05,0.000167,12,6,1,111.0,0.1,0.10187,0.057161,0.055308,0.059014,0.055597,0.058708,0.055933,0.058357,70,111.0,0.057134,0.06569,0.3374,0.108839,0.100601,0.0539,1.93398,6.5e-05,0.00033,0.045035,0.043379,0.04669,0.043637,0.046416,0.043935,0.046101,0.020177,4.11,159.54,3.48,3.38,3.57,3.4,3.55,3.42,3.53,1.0,A,0,0,0,0,0,0.0,0.0,69.77,10.5,49.19,90.35,高可信,B_潜在影子,47.0,simulated_noisy
273257910,9306782.0,Kareliya,Russia,Novoship,2006.0,AFRAMAX TNKR,0000-00-00,Hyundai Heavy Ind Ulsan Shipyard,South Korea,2,55104,180.2,3,高风险,True,False,True,True,1,Grey,Medium Performance,0.000144,5e-05,0.000238,5.6e-05,0.000211,6.5e-05,0.000183,15,6,1,91.6,0.1,0.070703,0.064127,0.062082,0.066173,0.062402,0.065835,0.062772,0.065448,120,56.7,0.064098,0.067865,0.2842,0.073064,0.094032,0.0326,2.097704,3.5e-05,0.0,0.028309,0.026924,0.029693,0.027137,0.029461,0.027385,0.029195,0.014317,2.97,180.0,3.46,3.36,3.55,3.38,3.53,3.39,3.51,0.999,A,0,0,0,0,0,0.0,0.0,64.57,1.04,62.53,66.61,高可信,A_确认影子,2.0,simulated_noisy
235076272,9398723.0,Eagle Hanover,Isle of Man,AET,2010.0,AFRAMAX TNKR,0000-00-00,HSG Sungdong Shipbuilding,South Korea,1,57635,180.7,0,未命中,False,False,False,False,0,White,High Performance,0.000189,8.2e-05,0.000297,9.1e-05,0.000268,0.000102,0.000239,45,9,0,71.9,0.1,0.143212,0.039312,0.037726,0.040899,0.037972,0.040635,0.038257,0.040332,66,66.0,0.039282,0.121011,0.4053,0.200853,0.602891,0.6876,1.789122,3.3e-05,0.0,0.082362,0.080118,0.084606,0.08047,0.084237,0.080878,0.083814,0.0402,6.93,163.88,3.42,3.33,3.52,3.34,3.5,3.36,3.48,1.0,A,0,0,0,0,0,0.0,0.0,10.27,8.56,0.0,27.05,高可信,D_正常,9.0,simulated_noisy
563215900,9461831.0,Torm Ganga,Singapore,Torm,2010.0,LR2 TNKR,0000-00-00,Hyundai Samho Heavy Ind,South Korea,1,81835,180.7,0,未命中,False,False,False,False,0,White,High Performance,7.2e-05,1.9e-05,0.000126,2.2e-05,0.000109,2.6e-05,9.2e-05,9,4,0,69.9,0.1,0.107509,0.069049,0.067312,0.070786,0.067586,0.070501,0.067902,0.070174,47,114.0,0.06903,0.093194,0.379,0.082966,0.086914,0.0794,5.090905,2.3e-05,0.0,0.010581,0.009881,0.011282,0.009987,0.011163,0.01011,0.011026,0.00386,1.62,157.44,3.32,3.25,3.39,3.26,3.38,3.28,3.36,1.0,A,0,0,0,0,0,0.0,0.0,27.62,6.53,14.82,40.42,高可信,D_正常,20.0,simulated_noisy
461000252,9341081.0,Carma,Oman,Sovcomflot,2006.0,AFRAMAX TNKR,0000-00-00,Hyundai Samho Heavy Ind,South Korea,2,30279,180.6,3,高风险,True,False,True,True,0,Not Listed,Not Listed,0.000427,0.000203,0.00065,0.000222,0.000594,0.000247,0.000533,74,11,2,124.8,0.1,0.068133,0.049431,0.046991,0.051872,0.047366,0.051463,0.047802,0.050995,143,23.5,0.049376,0.073306,0.3302,0.315619,0.077533,0.0749,1.554175,0.002276,0.028559,0.054161,0.051612,0.056709,0.052005,0.056283,0.052461,0.055795,0.021828,4.72,164.83,3.32,3.19,3.45,3.21,3.43,3.23,3.4,0.84,A,0,0,0,0,0,0.0,0.0,71.84,6.43,59.24,84.44,高可信,A_确认影子,25.0,simulated_noisy
636015349,9380661.0,Maria Princess,Liberia,Tsakos Energy Navigation,2008.0,AFRAMAX TNKR,0000-00-00,Sumitomo,Japan,1,36330,180.4,0,未命中,False,False,False,False,0,White,High Performance,0.000631,0.000378,0.000884,0.000405,0.000826,0.000437,0.000764,57,21,1,94.5,0.1,0.154611,0.040951,0.038914,0.042989,0.039227,0.042647,0.039591,0.042256,36,52.5,0.040904,0.094042,0.4093,0.252648,0.525651,0.543,1.194374,5.3e-05,0.0,0.070436,0.067805,0.073067,0.068214,0.07263,0.068689,0.07213,0.032533,6.39,151.38,3.27,3.15,3.39,3.16,3.37,3.19,3.34,0.909,A,0,0,0,0,0,0.0,0.0,12.8,9.97,0.0,32.34,高可信,D_正常,3.0,simulated_noisy
667002240,9389679.0,Bullar,Sierra Leone,Voyage Experience,2008.0,AFRAMAX TNKR,0000-00-00,New Times Shipbuilding,China,1,75602,180.7,2,中风险,False,False,True,True,2,Grey,Low Performance,9.2e-05,2.8e-05,0.000155,3.2e-05,0.000136,3.8e-05,0.000116,17,5,0,70.0,0.1,0.071255,0.057865,0.056201,0.059529,0.056462,0.059255,0.056764,0.05894,149,93.7,0.057843,0.298918,0.3442,0.167303,0.035843,0.094,2.875093,0.001441,0.039513,0.033001,0.031728,0.034274,0.031925,0.034062,0.032155,0.03382,0.017578,3.65,162.21,3.27,3.19,3.34,3.2,3.33,3.21,3.32,1.0,A,0,0,0,0,0,0.0,0.0,70.58,6.37,58.09,83.07,高可信,A_确认影子,19.0,simulated_noisy
463047101,9336842.0,Shalamar,Pakistan,Pakistan National Shipping Corp,2006.0,AFRAMAX TNKR,0000-00-00,Sumitomo,Japan,2,51379,180.6,0,未命中,False,False,False,False,0,Not Listed,Not Listed,0.000329,0.000177,0.000482,0.000192,0.000445,0.00021,0.000406,52,15,4,159.0,0.1,0.128944,0.042581,0.040835,0.044326,0.041106,0.044036,0.04142,0.043703,57,52.9,0.042547,0.061751,0.3768,0.294279,0.140454,0.3504,0.899057,7.6e-05,0.000277,0.06703,0.064868,0.069192,0.065206,0.068835,0.065597,0.068426,0.036278,5.94,149.24,3.26,3.17,3.36,3.18,3.35,3.2,3.33,1.0,A,0,0,0,0,0,0.0,0.0,34.25,3.04,28.29,40.21,高可信,D_正常,5.0,simulated_noisy
248884000,9309423.0,Minerva Nounou,Malta,Minerva Marine,2006.0,AFRAMAX TNKR,0000-00-00,Daewoo,South Korea,2,74759,180.7,0,未命中,False,False,False,False,0,White,High Performance,9.3e-05,2.9e-05,0.000157,3.3e-05,0.000137,3.8e-05,0.000118,33,5,0,57.1,0.1,0.087387,0.053582,0.051968,0.055196,0.05222,0.05493,0.052513,0.054624,183,15.2,0.053559,0.077069,0.3921,0.22628,0.094431,0.2704,1.300725,0.000735,0.007509,0.042081,0.040642,0.04352,0.040866,0.043282,0.041126,0.043009,0.022605,4.09,176.35,3.25,3.18,3.33,3.19,3.32,3.2,3.31,1.0,A,0,0,0,0,0,0.0,0.0,33.09,0.99,31.15,35.03,高可信,D_正常,3.0,simulated_noisy
352005354,9389071.0,Tango 2,Panama,Kosha Shipping,2009.0,AFRAMAX TNKR,0000-00-00,Shanghai Waigaoqiao Shipbuilding,China,1,68029,172.2,2,中风险,False,False,True,True,0,White,High Performance,0.000131,5e-05,0.000212,5.6e-05,0.00019,6.4e-05,0.000166,22,7,1,123.2,0.1,0.203046,0.055207,0.053491,0.056923,0.05376,0.05664,0.054071,0.056315,321,19.6,0.055183,0.098319,0.464,0.178268,0.294504,0.1679,1.553772,0.001145,0.003794,0.03788,0.036445,0.039314,0.036668,0.039076,0.036927,0.038803,0.016462,3.48,150.4,3.24,3.16,3.33,3.18,3.31,3.19,3.3,0.977,A,0,0,0,0,0,0.0,0.0,39.07,11.52,16.49,61.65,高可信,C_名单被动,26.0,simulated_noisy
354290000,9296195.0,Paros,Panama,New Shipping Ltd,2003.0,AFRAMAX TNKR,0000-00-00,Imabari,Japan,2,85671,180.7,0,未命中,False,False,False,False,0,White,High Performance,9.2e-05,3.2e-05,0.000153,3.6e-05,0.000135,4.2e-05,0.000118,28,6,0,57.9,0.1,0.169976,0.025117,0.02407,0.026165,0.024232,0.02599,0.02442,0.02579,39,21.0,0.025096,0.128006,0.4292,0.121889,0.237945,0.1565,1.211266,0.001306,0.005396,0.104002,0.101958,0.106046,0.102281,0.105712,0.102655,0.105329,0.046841,8.4,180.0,3.21,3.14,3.29,3.15,3.27,3.16,3.26,1.0,A,0,0,0,0,0,0.0,0.0,34.66,1.91,30.92,38.4,高可信,D_正常,16.0,simulated_noisy
352002243,,,,,,,,,,0,34491,125.5,0,未命中,False,False,False,False,0,Unknown,Unknown,0.000114,1.6e-05,0.000211,1.9e-05,0.000175,2.4e-05,0.00014,15,2,1,122.5,0.1,0.133687,0.052585,0.05023,0.05494,0.050594,0.054547,0.051017,0.054097,68,59.8,0.052537,0.105434,0.4778,0.128558,0.178546,0.1112,1.254983,0.000114,0.000325,0.040037,0.037969,0.042106,0.038286,0.041758,0.038655,0.041361,0.015161,3.86,154.02,3.17,3.05,3.28,3.07,3.26,3.09,3.24,0.736,B,0,0,0,0,0,0.0,0.0,16.71,12.0,0.0,40.23,高可信,D_正常,2.0,simulated_noisy
511101926,,,,,,,,,,0,30411,139.5,0,未命中,False,False,False,False,0,Unknown,Unknown,0.000162,3.4e-05,0.00029,3.9e-05,0.000247,4.8e-05,0.000204,20,3,2,558.8,0.1,0.082207,0.052077,0.049581,0.054574,0.049965,0.054156,0.050412,0.053678,209,25.1,0.052022,0.107576,0.4156,0.125592,0.099949,0.214,1.244719,0.007395,0.073404,0.035971,0.033879,0.038064,0.034198,0.03771,0.03457,0.037306,0.01657,3.76,179.34,3.07,2.95,3.19,2.96,3.17,2.99,3.14,0.729,B,0,0,0,0,0,0.0,0.0,37.33,5.06,27.41,47.25,高可信,D_正常,24.0,simulated_noisy
352002521,,,,,,,,,,0,29093,131.1,0,未命中,False,False,False,False,0,Unknown,Unknown,0.000135,1.9e-05,0.000251,2.3e-05,0.000208,2.9e-05,0.000165,23,2,0,30.9,0.1,0.269481,0.049144,0.04666,0.051627,0.047042,0.05121,0.047485,0.050733,37,98.5,0.049086,0.164689,0.5209,0.315962,0.496512,0.2731,0.955819,0.000238,0.000346,0.040866,0.038592,0.043141,0.03894,0.042757,0.039344,0.042319,0.018249,4.09,149.66,3.03,2.91,3.15,2.93,3.13,2.95,3.11,0.69,B,0,0,0,0,0,0.0,0.0,10.52,8.15,0.0,26.49,高可信,D_正常,16.0,simulated_noisy
667001290,,,,,,,,,,0,48976,139.4,0,未命中,False,False,False,False,0,Unknown,Unknown,8e-05,1.1e-05,0.000149,1.4e-05,0.000123,1.7e-05,9.8e-05,26,2,0,43.6,0.1,0.074526,0.049243,0.047327,0.051159,0.047625,0.050841,0.04797,0.050476,24,52.0,0.049209,0.064862,0.3524,0.182745,0.091036,0.1834,0.89873,0.003653,0.039713,0.038732,0.037023,0.04044,0.037287,0.040155,0.037594,0.039828,0.020315,4.04,151.33,2.99,2.9,3.09,2.91,3.07,2.93,3.05,0.886,A,0,0,0,0,0,0.0,0.0,35.59,0.11,35.37,35.81,高可信,D_正常,23.0,simulated_noisy
631010110,9270517.0,Cindy,Equatorial Guinea,Anahita Shipping,2003.0,AFRAMAX TNKR,0000-00-00,Hyundai Heavy Ind Ulsan Shipyard,South Korea,2,14992,60.8,2,中风险,False,False,True,True,0,Not Listed,Not Listed,0.000328,6.8e-05,0.000588,8e-05,0.000501,9.7e-05,0.000413,22,3,0,58.9,0.1,0.051494,0.043007,0.039762,0.046252,0.040249,0.045695,0.040818,0.045061,88,9.5,0.042892,0.051209,0.2672,0.141957,0.052543,0.1553,0.975007,0.011531,0.217557,0.051623,0.048083,0.055163,0.048618,0.05456,0.049242,0.053872,0.014136,4.04,127.61,2.97,2.8,3.15,2.83,3.12,2.86,3.08,0.337,C,0,0,0,0,0,0.0,0.0,82.04,16.83,49.05,100.0,中可信,A_确认影子,30.0,simulated_noisy
249575000,9395329.0,Botafogo,Malta,Jiaxing International Ship Lease,2010.0,LR2 TNKR,0000-00-00,Shanghai Waigaoqiao Shipbuilding,China,1,49955,180.7,0,未命中,False,False,False,False,0,White,High Performance,0.000119,3.1e-05,0.000206,3.6e-05,0.000178,4.3e-05,0.00015,18,4,0,57.1,0.1,0.229907,0.042273,0.040509,0.044037,0.040782,0.043743,0.041099,0.043407,59,71.6,0.042239,0.140454,0.4803,0.204161,0.299045,0.2659,2.685903,0.005663,0.018811,0.052426,0.050472,0.05438,0.050775,0.054056,0.051128,0.053684,0.020237,4.7,157.35,2.95,2.86,3.05,2.87,3.03,2.89,3.01,1.0,A,0,0,0,0,0,0.0,0.0,11.81,9.2,0.0,29.84,高可信,D_正常,2.0,simulated_noisy
374987000,9419450.0,Jewel,Panama,Undisclosed,2010.0,AFRAMAX TNKR,0000-00-00,Samsung,South Korea,1,50329,177.0,2,中风险,False,False,True,True,0,White,High Performance,0.000157,5.5e-05,0.00026,6.2e-05,0.000231,7.1e-05,0.0002,21,6,1,80.4,0.1,0.078484,0.048456,0.04658,0.050331,0.046872,0.05002,0.047209,0.049663,144,89.0,0.048422,0.033813,0.3383,0.143353,0.074463,0.0657,2.743425,0.007012,0.0937,0.035068,0.033461,0.036675,0.033709,0.036406,0.033997,0.036098,0.02112,3.72,160.62,2.89,2.79,2.98,2.81,2.96,2.82,2.94,0.991,A,0,0,0,0,0,0.0,0.0,46.86,2.41,42.14,51.58,高可信,A_确认影子,7.0,simulated_noisy
667001270,9274800.0,Astral,Sierra Leone,Wu Yi Shan Shipmanagement,2004.0,AFRAMAX TNKR,0000-00-00,Samsung,South Korea,2,67576,180.7,2,中风险,False,False,True,True,2,Grey,Low Performance,8.8e-05,2.3e-05,0.000152,2.7e-05,0.000132,3.2e-05,0.000111,45,4,0,69.9,0.1,0.064979,0.045797,0.044221,0.047372,0.044466,0.047111,0.044751,0.046812,221,18.4,0.045771,0.059632,0.3484,0.131547,0.070567,0.141,1.10695,0.008108,0.114537,0.039865,0.03839,0.04134,0.03862,0.041095,0.038886,0.040815,0.016084,3.65,135.0,2.86,2.78,2.94,2.79,2.93,2.81,2.91,1.0,A,0,0,0,0,0,0.0,0.0,91.8,7.95,76.22,100.0,高可信,A_确认影子,32.0,simulated_noisy
356075000,9397793.0,Coral Pearl,Panama,Nan Fung Shipping,2009.0,AFRAMAX TNKR,0000-00-00,Mitsui Ichihara,Japan,1,40222,180.6,0,未命中,False,False,False,False,0,White,High Performance,0.000296,0.000135,0.000458,0.000149,0.000416,0.000166,0.000372,34,10,3,77.8,0.1,0.058376,0.050786,0.048641,0.052931,0.048973,0.052574,0.049359,0.052165,183,41.5,0.050745,0.136453,0.3962,0.109469,0.020557,0.1037,1.040206,4.8e-05,0.0,0.027645,0.026043,0.029246,0.026287,0.028975,0.026571,0.028666,0.011957,3.71,158.08,2.85,2.74,2.95,2.76,2.93,2.78,2.91,0.952,A,0,0,0,0,0,0.0,0.0,53.02,4.67,43.87,62.17,高可信,B_潜在影子,26.0,simulated_noisy
636023696,,,,,,,,,,0,25190,159.4,0,未命中,False,False,False,False,0,Unknown,Unknown,0.000195,4.1e-05,0.00035,4.8e-05,0.000298,5.8e-05,0.000246,19,3,1,72.7,0.2,0.250179,0.045643,0.043067,0.048219,0.04346,0.047785,0.043918,0.047288,73,42.2,0.045575,0.11562,0.5276,0.155909,0.392553,0.1628,1.620976,0.000195,0.000303,0.037869,0.035513,0.040225,0.035871,0.039826,0.036288,0.03937,0.015043,4.27,150.56,2.82,2.69,2.94,2.71,2.92,2.73,2.9,0.725,B,0,0,0,0,0,0.0,0.0,14.46,10.8,0.0,35.63,高可信,D_正常,11.0,simulated_noisy
613961020,9332781.0,Aqua Titan,Cameroon,Lafafa Shipping,2006.0,AFRAMAX TNKR,0000-00-00,Sasebo,Japan,2,68833,180.7,2,中风险,False,False,True,True,3,Black,Low Performance,8.6e-05,2.3e-05,0.000149,2.6e-05,0.000129,3.1e-05,0.000109,37,4,0,57.2,0.1,0.065594,0.04621,0.044641,0.047778,0.044886,0.047518,0.045169,0.047221,56,91.5,0.046185,0.02792,0.3129,0.137047,0.099945,0.1452,1.037418,0.005911,0.058883,0.035084,0.03371,0.036458,0.033923,0.03623,0.03417,0.035968,0.013437,3.32,142.84,2.78,2.71,2.86,2.72,2.85,2.73,2.83,1.0,A,0,0,0,0,0,0.0,0.0,85.31,14.47,56.95,100.0,高可信,A_确认影子,23.0,simulated_noisy
273270180,9419448.0,Forwarder,Russia,Undisclosed,2009.0,AFRAMAX TNKR,0000-00-00,Samsung,South Korea,1,36089,75.9,3,高风险,True,False,True,True,1,Grey,Medium Performance,0.000109,1.5e-05,0.000202,1.8e-05,0.000167,2.3e-05,0.000133,8,2,1,231.3,0.1,0.110726,0.04261,0.040527,0.044693,0.040847,0.044344,0.04122,0.043945,77,23.5,0.042563,0.023049,0.3378,0.39413,0.100101,0.1711,1.745204,5.3e-05,0.0,0.042255,0.04018,0.04433,0.040499,0.043982,0.04087,0.043584,0.02344,4.12,147.83,2.76,2.66,2.87,2.67,2.85,2.69,2.83,0.616,B,0,0,0,0,0,0.0,0.0,86.06,8.52,69.36,100.0,高可信,A_确认影子,39.0,simulated_noisy
273271850,9288746.0,Pluton,Russia,Laal Shipping,2005.0,AFRAMAX TNKR,0000-00-00,Hyundai Samho Heavy Ind,South Korea,2,62718,180.6,2,中风险,False,False,True,True,1,Grey,Medium Performance,0.000142,5.4e-05,0.00023,6.1e-05,0.000206,6.9e-05,0.00018,21,7,0,57.1,0.1,0.06475,0.050763,0.049045,0.05248,0.049313,0.052196,0.049623,0.05187,119,100.2,0.050736,0.047654,0.3257,0.128163,0.095037,0.0572,3.44561,0.000206,0.001846,0.018415,0.017363,0.019466,0.017523,0.019288,0.01771,0.019085,0.007796,2.31,159.04,2.66,2.58,2.73,2.59,2.72,2.61,2.7,1.0,A,0,0,0,0,0,0.0,0.0,73.0,6.58,60.1,85.9,高可信,A_确认影子,13.0,simulated_noisy
667002283,9257814.0,Aktros,Sierra Leone,Vogue Tide Corp,2003.0,AFRAMAX TNKR,0000-00-00,Imabari,Japan,2,40139,180.1,2,中风险,False,False,True,True,2,Grey,Low Performance,0.000172,5.3e-05,0.000292,6.1e-05,0.000256,7.1e-05,0.000219,39,5,4,394.1,0.1,0.080944,0.047055,0.044984,0.049126,0.045304,0.04878,0.045676,0.048385,36,142.6,0.047013,0.094735,0.3891,0.306058,0.059187,0.1095,1.376254,4.8e-05,0.0,0.025833,0.024282,0.027385,0.024518,0.027122,0.024793,0.026822,0.010536,2.9,153.75,2.64,2.54,2.73,2.56,2.72,2.57,2.7,0.951,A,0,0,0,0,0,0.0,0.0,88.88,9.74,69.79,100.0,高可信,A_确认影子,29.0,simulated_noisy
370455000,9397896.0,Haima,Panama,Asyad Shipping,2009.0,LR2 TNKR,0000-00-00,Mitsui Tamano,Japan,1,77955,180.7,0,未命中,False,False,False,False,0,White,High Performance,0.000102,3.5e-05,0.000168,4e-05,0.000149,4.6e-05,0.000129,30,6,0,57.1,0.1,0.102482,0.0358,0.034496,0.037104,0.034699,0.036888,0.034934,0.03664,72,24.2,0.035778,0.47811,0.5653,0.253928,0.189124,0.2259,1.935617,2.5e-05,0.0,0.048861,0.047347,0.050374,0.047584,0.050124,0.047858,0.049838,0.026745,4.77,166.38,2.59,2.52,2.66,2.53,2.65,2.54,2.64,1.0,A,0,0,0,0,0,0.0,0.0,11.58,10.77,0.0,32.69,高可信,D_正常,9.0,simulated_noisy
636017817,9439199.0,Sapporo Princess,Liberia,Tsakos Energy Navigation,2010.0,AFRAMAX TNKR,0000-00-00,Sumitomo,Japan,1,59699,180.4,0,未命中,False,False,False,False,0,White,High Performance,0.000283,0.000152,0.000415,0.000165,0.000383,0.000181,0.000349,49,15,1,75.3,0.1,0.179433,0.014906,0.013934,0.015877,0.014081,0.015712,0.014253,0.015523,64,24.1,0.014875,0.070146,0.4143,0.267951,0.626569,0.8931,1.161911,3.2e-05,0.0,0.094004,0.091663,0.096345,0.092031,0.095961,0.092458,0.09552,0.046582,7.96,178.31,2.56,2.48,2.64,2.49,2.62,2.5,2.61,1.0,A,0,0,0,0,0,0.0,0.0,11.46,9.1,0.0,29.3,高可信,D_正常,8.0,simulated_noisy
538007962,9523287.0,Ionic Aspis,Marshall Islands,Ionic,2011.0,AFRAMAX TNKR,0000-00-00,Tsuneishi Zosen,Japan,1,60065,180.7,0,未命中,False,False,False,False,0,White,High Performance,0.000215,0.000102,0.000328,0.000112,0.000299,0.000125,0.000269,22,11,2,97.6,0.1,0.223391,0.037289,0.035774,0.038804,0.036009,0.038552,0.036282,0.038263,40,47.5,0.03726,0.073947,0.4131,0.217384,0.307712,0.3947,2.014998,3.2e-05,0.0,0.044101,0.042459,0.045743,0.042715,0.04547,0.043011,0.045158,0.023906,4.77,172.7,2.56,2.48,2.65,2.5,2.63,2.51,2.62,1.0,A,0,0,0,0,0,0.0,0.0,31.62,3.05,25.64,37.6,高可信,D_正常,27.0,simulated_noisy
461000235,9306794.0,Cavalier,Oman,Sovcomflot,2006.0,AFRAMAX TNKR,0000-00-00,Hyundai Heavy Ind Ulsan Shipyard,South Korea,2,61936,180.7,2,中风险,False,False,True,True,0,Not Listed,Not Listed,7.9e-05,1.6e-05,0.000142,1.9e-05,0.000121,2.3e-05,0.0001,12,3,0,70.1,0.1,0.136173,0.040264,0.038716,0.041811,0.038956,0.041554,0.039235,0.04126,160,28.6,0.040236,0.053987,0.3981,0.093052,0.167758,0.1572,1.419565,0.007522,0.044663,0.036908,0.035423,0.038392,0.035653,0.038145,0.035921,0.037862,0.017953,3.59,159.7,2.55,2.47,2.63,2.49,2.62,2.5,2.6,1.0,A,0,0,0,0,0,0.0,0.0,70.45,8.46,53.87,87.03,高可信,A_确认影子,33.0,simulated_noisy
352002241,,,,,,,,,,0,39857,145.8,0,未命中,False,False,False,False,0,Unknown,Unknown,0.000149,3.9e-05,0.000258,4.5e-05,0.000224,5.3e-05,0.000189,14,4,0,51.7,0.1,0.067843,0.04084,0.038898,0.042783,0.039197,0.042457,0.039544,0.042085,67,51.0,0.040797,0.072074,0.3283,0.054311,0.155564,0.0529,2.597664,0.001002,0.00613,0.030306,0.028624,0.031989,0.028881,0.031705,0.02918,0.031381,0.011213,3.25,165.08,2.45,2.35,2.54,2.37,2.53,2.38,2.51,0.852,A,0,0,0,0,0,0.0,0.0,24.76,8.09,8.9,40.62,高可信,D_正常,23.0,simulated_noisy
636013611,9337212.0,New Advance,Liberia,Associated Maritime,2007.0,AFRAMAX TNKR,0000-00-00,Sumitomo,Japan,1,47586,180.7,0,未命中,False,False,False,False,0,White,High Performance,0.000272,0.000129,0.000414,0.000141,0.000378,0.000157,0.000339,32,11,1,104.7,0.1,0.131867,0.035888,0.034218,0.037559,0.034475,0.037279,0.034774,0.03696,38,40.4,0.035852,0.295271,0.5013,0.160813,0.331203,0.1088,1.004439,4e-05,0.0,0.040851,0.039073,0.042629,0.039348,0.042332,0.039667,0.041993,0.017251,4.23,148.7,2.44,2.35,2.53,2.36,2.51,2.38,2.49,1.0,A,0,0,0,0,0,0.0,0.0,28.65,18.12,0.0,64.17,高可信,D_正常,30.0,simulated_noisy
412493000,9487172.0,Yong Ding He,China,Hainan Jiayi Shipping,2009.0,AFRAMAX TNKR,0000-00-00,Dalian Shipbuilding Industry Corp,China,1,89071,180.7,0,未命中,False,False,False,False,0,White,High Performance,0.000134,6.1e-05,0.000207,6.7e-05,0.000188,7.5e-05,0.000168,38,10,0,57.9,0.0,0.427782,2.2e-05,0.0,4.3e-05,0.0,3e-05,0.0,1.8e-05,0,0.0,0.0,0.342688,0.4748,0.432524,0.989785,9.4164,0.092162,2.2e-05,0.0,0.12188,0.119731,0.124028,0.120072,0.123678,0.120465,0.123276,0.052744,10.37,180.0,2.44,2.4,2.49,2.4,2.48,2.41,2.47,1.0,A,0,0,0,0,0,0.0,0.0,8.57,8.57,0.0,25.37,高可信,D_正常,12.0,simulated_noisy
311000222,9422005.0,Emerald Spirit,Bahamas,Teekay Tankers,2009.0,AFRAMAX TNKR,0000-00-00,Hudong Zhonghua,China,1,76756,180.6,0,未命中,False,False,False,False,0,White,High Performance,9e-05,2.8e-05,0.000153,3.2e-05,0.000134,3.7e-05,0.000115,11,5,1,73.4,0.1,0.343634,0.035617,0.034306,0.036927,0.034509,0.03671,0.034746,0.036461,45,36.6,0.035594,0.155119,0.4755,0.205296,0.572251,0.4792,2.229301,2.5e-05,0.0,0.039345,0.037969,0.04072,0.038184,0.040492,0.038432,0.040231,0.013561,4.0,164.7,2.39,2.32,2.46,2.33,2.45,2.35,2.44,1.0,A,0,0,0,0,0,0.0,0.0,9.94,6.17,0.0,22.03,高可信,D_正常,21.0,simulated_noisy
210241000,9439204.0,Uraga Princess,Cyprus,Tsakos Energy Navigation,2010.0,AFRAMAX TNKR,0000-00-00,Sumitomo,Japan,1,47763,180.6,0,未命中,False,False,False,False,0,White,High Performance,0.000354,0.00019,0.000518,0.000206,0.000479,0.000226,0.000437,44,15,2,124.8,0.1,0.197643,0.013732,0.012689,0.014775,0.012845,0.014595,0.013027,0.014391,35,24.2,0.013693,0.077102,0.4384,0.219974,0.555677,1.1688,0.668146,4e-05,0.0,0.088226,0.085683,0.090769,0.086082,0.090351,0.086543,0.089871,0.038375,7.48,164.69,2.39,2.3,2.48,2.32,2.46,2.33,2.45,1.0,A,0,0,0,0,0,0.0,0.0,10.62,8.38,0.0,27.04,高可信,D_正常,7.0,simulated_noisy
613404821,9308443.0,Ina,Cameroon,Pisha International Shipping,2006.0,AFRAMAX TNKR,0000-00-00,Dalian Shipbuilding Industry Corp,China,2,56358,133.9,2,中风险,False,False,True,True,3,Black,Low Performance,0.000105,2.8e-05,0.000183,3.2e-05,0.000158,3.8e-05,0.000133,8,4,0,69.1,0.1,0.098247,0.019444,0.018305,0.020584,0.018478,0.020391,0.01868,0.020171,275,10.0,0.019412,0.122493,0.3942,0.146647,0.149408,0.0986,2.395248,0.000549,0.003445,0.074593,0.072424,0.076762,0.072764,0.076405,0.073158,0.075995,0.041413,6.37,155.73,2.37,2.29,2.45,2.3,2.43,2.32,2.42,0.871,A,0,0,0,0,0,0.0,0.0,89.81,9.48,71.23,100.0,高可信,A_确认影子,26.0,simulated_noisy
632001155,,,,,,,,,,0,21698,72.6,0,未命中,False,False,False,False,0,Unknown,Unknown,0.000181,2.5e-05,0.000336,3.1e-05,0.000279,3.8e-05,0.000222,12,2,0,49.8,0.1,0.040326,0.040316,0.0377,0.042931,0.038096,0.042487,0.038558,0.041979,20,24.4,0.040236,0.06165,0.2712,0.091253,0.07188,0.0301,1.137625,0.000181,0.001284,0.019722,0.017874,0.02157,0.018146,0.021247,0.018465,0.020881,0.009398,2.53,139.05,2.21,2.09,2.33,2.11,2.31,2.13,2.29,0.445,C,0,0,0,0,0,0.0,0.0,25.44,11.1,3.68,47.2,中可信,D_正常,10.0,simulated_noisy
273277180,9386536.0,Soglasiye,Russia,Chiwei International Group,2009.0,AFRAMAX TNKR,0000-00-00,New Times Shipbuilding,China,1,45005,81.0,2,中风险,False,False,True,True,1,Grey,Medium Performance,0.000154,4.7e-05,0.00026,5.4e-05,0.000228,6.3e-05,0.000196,7,5,2,88.4,0.0,0.118965,0.020639,0.019326,0.021951,0.019525,0.021728,0.019757,0.021474,11,24.2,0.020598,0.029592,0.3679,0.285273,0.129795,0.193,1.211266,0.000554,0.003938,0.063058,0.060813,0.065304,0.061163,0.064932,0.061568,0.064505,0.030373,5.34,167.54,2.19,2.11,2.28,2.12,2.27,2.13,2.25,0.725,B,0,0,0,0,0,0.0,0.0,71.9,12.78,46.85,96.95,高可信,A_确认影子,23.0,simulated_noisy
273279660,9297371.0,Vulkan,Russia,Fleet Synergy,2006.0,AFRAMAX TNKR,0000-00-00,Samsung,South Korea,2,40911,156.0,2,中风险,False,False,True,True,1,Grey,Medium Performance,0.00012,2.5e-05,0.000216,2.9e-05,0.000183,3.6e-05,0.000151,16,3,0,70.4,0.1,0.116815,0.032016,0.030311,0.033721,0.030572,0.033434,0.030875,0.033106,76,23.2,0.031973,0.034753,0.3602,0.165267,0.155809,0.1244,3.023513,0.001318,0.008159,0.033632,0.031886,0.035379,0.032154,0.035085,0.032465,0.034749,0.015715,3.56,140.37,2.12,2.03,2.2,2.04,2.19,2.06,2.17,0.892,A,0,0,0,0,0,0.0,0.0,86.79,6.16,74.72,98.86,高可信,A_确认影子,30.0,simulated_noisy
631010102,9314105.0,Makalu,Equatorial Guinea,Fathom Quill,2005.0,AFRAMAX TNKR,0000-00-00,Koyo Dock,Japan,2,77489,129.2,3,高风险,True,False,True,True,0,Not Listed,Not Listed,0.000102,3.5e-05,0.000169,4e-05,0.00015,4.6e-05,0.00013,17,6,2,78.8,0.0,0.041051,0.036506,0.035185,0.037826,0.035391,0.037607,0.035629,0.037356,67,37.5,0.036483,0.080187,0.3229,0.190087,0.072109,0.1073,1.103185,0.001418,0.019334,0.022867,0.021815,0.023919,0.021977,0.023743,0.022165,0.023541,0.012594,2.39,134.97,2.1,2.04,2.16,2.05,2.15,2.06,2.14,0.858,A,0,0,0,0,0,0.0,0.0,51.48,2.31,46.95,56.01,高可信,A_确认影子,10.0,simulated_noisy
311000221,9422835.0,Garibaldi Spirit,Bahamas,Teekay Tankers,2009.0,AFRAMAX TNKR,0000-00-00,Hudong Zhonghua,China,1,46062,180.4,0,未命中,False,False,False,False,0,White,High Performance,0.000172,6e-05,0.000284,6.7e-05,0.000252,7.8e-05,0.000219,23,6,0,72.0,0.1,0.30637,0.022705,0.021345,0.024065,0.021552,0.023834,0.021793,0.023571,106,18.9,0.022666,0.171883,0.4412,0.167303,0.681653,0.8406,1.244719,4.2e-05,0.0,0.052862,0.050819,0.054905,0.051136,0.054566,0.051504,0.054177,0.0211,5.06,155.15,2.08,2.0,2.17,2.01,2.15,2.03,2.14,1.0,A,0,0,0,0,0,0.0,0.0,21.06,13.98,0.0,48.46,高可信,D_正常,41.0,simulated_noisy
311000224,9417323.0,Whistler Spirit,Bahamas,Teekay Tankers,2010.0,AFRAMAX TNKR,0000-00-00,Hudong Zhonghua,China,1,63266,180.7,0,未命中,False,False,False,False,0,White,High Performance,0.000157,6.4e-05,0.00025,7.1e-05,0.000224,8.1e-05,0.000198,13,8,0,57.2,0.1,0.483656,0.03006,0.02873,0.031391,0.028936,0.031168,0.029174,0.030914,26,30.4,0.030032,0.162746,0.4653,0.287107,0.735641,0.7988,1.396781,3e-05,0.0,0.034978,0.033547,0.03641,0.033769,0.036171,0.034026,0.035898,0.01345,3.67,163.01,2.06,1.98,2.13,2.0,2.11,2.01,2.1,1.0,A,0,0,0,0,0,0.0,0.0,8.55,8.07,0.0,24.37,高可信,D_正常,2.0,simulated_noisy
667002070,9285835.0,Kousai,Sierra Leone,Stormy Line Corp,2005.0,LR2 TNKR,0000-00-00,Samsung,South Korea,2,47087,180.3,2,中风险,False,False,True,True,2,Grey,Low Performance,0.000253,0.000115,0.000391,0.000127,0.000355,0.000142,0.000318,46,10,1,139.6,0.1,0.056385,0.033253,0.031634,0.034872,0.031883,0.034601,0.032173,0.03429,59,27.7,0.033216,0.031554,0.3006,0.213611,0.060987,0.0789,1.376254,0.003311,0.053659,0.027182,0.025714,0.02865,0.025939,0.028403,0.0262,0.02812,0.012592,2.91,164.94,2.05,1.96,2.13,1.98,2.11,1.99,2.1,1.0,A,0,0,0,0,0,0.0,0.0,84.1,13.7,57.25,100.0,高可信,A_确认影子,5.0,simulated_noisy
570294000,,,,,,,,,,0,32595,134.2,0,未命中,False,False,False,False,0,Unknown,Unknown,0.000151,3.1e-05,0.000271,3.7e-05,0.00023,4.5e-05,0.00019,18,3,2,300.8,0.1,0.113453,0.01598,0.01462,0.01734,0.014822,0.017104,0.015058,0.016836,93,13.2,0.015923,0.268136,0.3371,0.227291,0.131965,0.0591,6.597725,5.9e-05,0.0,0.063259,0.060617,0.065901,0.061026,0.065461,0.061502,0.064958,0.037826,6.49,169.93,1.99,1.89,2.08,1.9,2.07,1.92,2.05,0.738,B,0,0,0,0,0,0.0,0.0,26.78,23.76,0.0,73.35,高可信,D_正常,28.0,simulated_noisy
533133106,9397212.0,Atlantic Explorer,Malaysia,MOL Energia,2008.0,AFRAMAX TNKR,0000-00-00,Mitsui Ichihara,Japan,1,82049,180.2,0,未命中,False,False,False,False,0,Not Listed,High Performance,0.000206,0.000111,0.000302,0.00012,0.000279,0.000131,0.000254,52,15,3,91.8,0.1,0.134103,0.019657,0.018708,0.020607,0.018854,0.020447,0.019023,0.020265,42,33.6,0.019635,0.091209,0.3813,0.137381,0.67883,0.8466,1.573124,2.3e-05,0.0,0.044802,0.043386,0.046217,0.043607,0.045983,0.043864,0.045715,0.019743,4.12,164.68,1.79,1.73,1.84,1.74,1.83,1.75,1.82,0.999,A,0,0,0,0,0,0.0,0.0,11.31,7.57,0.0,26.15,高可信,D_正常,23.0,simulated_noisy
667002308,9250892.0,Mikati,Sierra Leone,Aiga Oceanic Ventures,2003.0,AFRAMAX TNKR,0000-00-00,Imabari,Japan,2,74877,179.8,2,中风险,False,False,True,True,2,Grey,Low Performance,7.9e-05,2.1e-05,0.000137,2.4e-05,0.000119,2.8e-05,0.0001,29,4,0,41.7,0.1,0.050202,0.023289,0.022209,0.024369,0.022376,0.024188,0.022569,0.023982,92,30.0,0.023265,0.255218,0.3461,0.076555,0.068241,0.1492,0.606835,0.00709,0.103563,0.031584,0.030332,0.032837,0.030526,0.032628,0.030751,0.03239,0.012646,3.21,166.64,1.68,1.62,1.74,1.63,1.73,1.64,1.72,0.998,A,0,0,0,0,0,0.0,0.0,89.84,8.67,72.85,100.0,高可信,A_确认影子,30.0,simulated_noisy
352005238,9436020.0,Centurion I,Panama,Gacrux Maritime,2010.0,AFRAMAX TNKR,0000-00-00,New Times Shipbuilding,China,1,64143,180.7,2,中风险,False,False,True,True,0,White,High Performance,9.2e-05,2.4e-05,0.00016,2.8e-05,0.000139,3.3e-05,0.000117,27,4,0,70.0,0.1,0.037401,0.026033,0.024801,0.027265,0.024991,0.027058,0.025211,0.026822,122,12.8,0.026005,0.066004,0.286,0.049604,0.049962,0.1849,1.083698,0.0024,0.047456,0.025317,0.024102,0.026533,0.024289,0.026329,0.024506,0.026096,0.008121,2.64,140.2,1.68,1.62,1.74,1.63,1.73,1.64,1.72,1.0,A,0,0,0,0,0,0.0,0.0,66.68,7.54,51.9,81.46,高可信,A_确认影子,30.0,simulated_noisy
477215100,9358400.0,Luckyride,"Hong Kong, China",LuckyRide Shipping,2008.0,LR2 TNKR,0000-00-00,Dalian Shipbuilding Industry Corp,China,1,72699,168.5,0,未命中,False,False,False,False,0,White,High Performance,8.1e-05,2.1e-05,0.000141,2.5e-05,0.000123,2.9e-05,0.000103,16,4,0,40.8,0.1,0.098887,0.027756,0.026562,0.02895,0.026746,0.02875,0.026961,0.028522,62,37.8,0.027731,0.051029,0.368,0.104897,0.168741,0.1466,4.027941,0.002062,0.012066,0.021058,0.020015,0.022102,0.020175,0.021927,0.020362,0.021726,0.008431,2.36,146.62,1.67,1.61,1.73,1.62,1.72,1.63,1.71,0.967,A,0,0,0,0,0,0.0,0.0,26.43,10.83,5.2,47.66,高可信,D_正常,11.0,simulated_noisy
631010091,9332834.0,Mystery,Equatorial Guinea,Savan Shipping,2007.0,AFRAMAX TNKR,0000-00-00,Sasebo,Japan,1,17768,50.4,2,中风险,False,False,True,True,0,Not Listed,Not Listed,0.000221,3.1e-05,0.00041,3.7e-05,0.00034,4.7e-05,0.000271,12,2,0,57.1,0.1,0.112055,0.024585,0.022311,0.026859,0.022646,0.026463,0.023039,0.026013,31,12.0,0.024484,0.122605,0.4722,0.184259,0.220007,0.2069,0.809815,0.000108,0.0,0.027292,0.024898,0.029686,0.025253,0.02927,0.025669,0.028798,0.007988,3.18,124.22,1.66,1.54,1.78,1.55,1.76,1.57,1.73,0.339,C,0,0,0,0,0,0.0,0.0,17.26,8.26,1.07,33.45,中可信,C_名单被动,2.0,simulated_noisy
352005486,9389083.0,Tiger 6,Panama,Can Day Shipmanagement,2009.0,AFRAMAX TNKR,0000-00-00,Shanghai Waigaoqiao Shipbuilding,China,1,45666,180.7,2,中风险,False,False,True,True,0,White,High Performance,0.000195,7.4e-05,0.000316,8.3e-05,0.000283,9.5e-05,0.000248,35,7,1,118.8,0.1,0.058621,0.028266,0.026747,0.029786,0.026979,0.02953,0.02725,0.029237,32,28.8,0.028227,0.050338,0.3302,0.153097,0.092269,0.0937,1.616384,0.002254,0.023979,0.018875,0.017627,0.020122,0.017816,0.019909,0.018036,0.019667,0.007685,2.32,139.4,1.65,1.58,1.73,1.59,1.71,1.6,1.7,1.0,A,0,0,0,0,0,0.0,0.0,44.0,0.51,43.0,45.0,高可信,C_名单被动,16.0,simulated_noisy
629009500,9235725.0,Desert Kite,Gambia,Undisclosed,2003.0,AFRAMAX TNKR,0000-00-00,Daewoo,South Korea,2,64750,148.8,2,中风险,False,False,True,True,2,Not Listed,Low Performance,7.6e-05,1.6e-05,0.000136,1.9e-05,0.000116,2.2e-05,9.6e-05,36,3,0,41.8,0.1,0.063737,0.019843,0.018769,0.020917,0.018934,0.020736,0.019125,0.020529,43,11.5,0.019815,0.03158,0.2858,0.264654,0.089059,0.2463,1.041762,0.002238,0.024805,0.030841,0.029509,0.032172,0.029715,0.03195,0.029954,0.031695,0.013373,2.91,153.39,1.51,1.45,1.57,1.46,1.56,1.47,1.55,0.912,A,0,0,0,0,0,0.0,0.0,79.44,17.78,44.59,100.0,高可信,A_确认影子,12.0,simulated_noisy
613442258,9390587.0,Oneiroi,Cameroon,Undisclosed,2008.0,LR2 TNKR,0000-00-00,Hyundai Heavy Ind Ulsan Shipyard,South Korea,1,15772,34.8,2,中风险,False,False,True,True,3,Black,Low Performance,0.000249,3.5e-05,0.000462,4.2e-05,0.000383,5.3e-05,0.000305,5,2,0,57.2,0.1,0.093647,0.024843,0.022417,0.027269,0.022773,0.026844,0.023191,0.026363,25,6.3,0.024729,0.088104,0.3669,0.130037,0.178369,0.168,1.409605,0.000122,0.0,0.017812,0.015751,0.019872,0.016048,0.019506,0.016397,0.019091,0.006209,1.98,160.59,1.48,1.36,1.6,1.38,1.58,1.4,1.55,0.274,C,0,0,0,0,0,0.0,0.0,86.88,12.35,62.67,100.0,中可信,A_确认影子,35.0,simulated_noisy
273272850,9319882.0,Gefest,Russia,Fleet Synergy,2007.0,AFRAMAX TNKR,0000-00-00,Universal,Japan,1,104323,180.3,2,中风险,False,False,True,True,1,Grey,Medium Performance,3.8e-05,5e-06,7e-05,6e-06,5.8e-05,8e-06,4.6e-05,16,2,1,169.0,0.0,0.052711,0.026253,0.025283,0.027223,0.025434,0.027062,0.025609,0.026878,244,8.3,0.026236,0.057549,0.2715,0.089522,0.064767,0.115,2.250557,0.001667,0.025463,0.014636,0.013908,0.015365,0.01402,0.015243,0.01415,0.015103,0.005568,1.73,139.71,1.47,1.43,1.52,1.44,1.51,1.45,1.5,1.0,A,0,0,0,0,0,0.0,0.0,71.81,6.65,58.78,84.84,高可信,A_确认影子,19.0,simulated_noisy
273257030,9312896.0,Krasnoyarsk,Russia,Novoship,2007.0,AFRAMAX TNKR,0000-00-00,Hyundai Heavy Ind Ulsan Shipyard,South Korea,1,52067,180.7,3,高风险,True,False,True,True,1,Grey,Medium Performance,0.000152,5.3e-05,0.000251,6e-05,0.000223,6.9e-05,0.000193,9,6,1,395.8,0.1,0.032958,0.025752,0.024392,0.027112,0.0246,0.026883,0.024842,0.026621,66,60.5,0.025717,0.056038,0.2587,0.024077,0.113671,0.0555,1.966004,7.5e-05,0.000338,0.014461,0.013436,0.015485,0.01359,0.01531,0.01377,0.01511,0.005818,1.93,161.49,1.45,1.39,1.52,1.4,1.5,1.41,1.49,1.0,A,0,0,0,0,0,0.0,0.0,58.75,1.31,56.18,61.32,高可信,A_确认影子,10.0,simulated_noisy
613881500,9305556.0,Marven,Cameroon,Peng Hu Wan Shipmanagement,2005.0,AFRAMAX TNKR,0000-00-00,Hyundai Heavy Ind Ulsan Shipyard,South Korea,2,23502,64.1,2,中风险,False,False,True,True,3,Black,Low Performance,0.000209,4.3e-05,0.000375,5.1e-05,0.000319,6.2e-05,0.000263,15,3,0,70.0,0.1,0.025019,0.024671,0.02269,0.026653,0.022986,0.026311,0.023331,0.025922,46,15.3,0.024595,0.020587,0.2289,0.07589,0.131156,0.0062,1.194374,0.000294,0.001623,0.011443,0.010085,0.0128,0.01028,0.012558,0.01051,0.012284,0.004932,1.53,162.6,1.34,1.25,1.43,1.27,1.42,1.28,1.4,0.442,C,0,0,0,0,0,0.0,0.0,82.27,17.21,48.54,100.0,中可信,A_确认影子,17.0,simulated_noisy
371458000,9370836.0,New Amorgos,Panama,New Shipping Ltd,2008.0,AFRAMAX TNKR,0000-00-00,Tadotsu Tsuneishi,Japan,1,81257,180.7,0,未命中,False,False,False,False,0,White,High Performance,9.7e-05,3.4e-05,0.000161,3.8e-05,0.000143,4.4e-05,0.000124,18,6,0,58.9,0.1,0.041276,0.020415,0.019443,0.021387,0.019592,0.021224,0.019766,0.021038,103,15.7,0.020392,0.051438,0.264,0.060389,0.063141,0.1251,1.519547,0.000344,0.005069,0.020613,0.019636,0.021589,0.019786,0.021426,0.019961,0.021238,0.006312,2.07,154.37,1.33,1.28,1.38,1.29,1.37,1.3,1.36,1.0,A,0,0,0,0,0,0.0,0.0,45.61,3.63,38.5,52.72,高可信,B_潜在影子,23.0,simulated_noisy
631010071,9409259.0,Spirit 2,Equatorial Guinea,Sagarvani Shipping,2008.0,LR2 TNKR,0000-00-00,New Times Shipbuilding,China,1,5892,50.9,2,中风险,False,False,True,True,0,Not Listed,Not Listed,0.001004,0.000264,0.001745,0.000305,0.001512,0.000361,0.001275,6,4,1,75.2,0.2,0.093177,0.009824,0.007327,0.012321,0.007639,0.011821,0.008015,0.011267,12,5.4,0.009506,0.040015,0.396,0.234469,0.333103,0.1043,0.75505,0.000326,0.0,0.029689,0.025366,0.034012,0.025972,0.033224,0.026689,0.032337,0.011358,3.66,117.13,1.06,0.88,1.24,0.9,1.2,0.93,1.16,0.207,C,0,0,0,0,0,0.0,0.0,28.6,8.97,11.02,46.18,中可信,C_名单被动,7.0,simulated_noisy
631010070,9412452.0,Nilanga,Equatorial Guinea,Wei Hai Yuan Jing Ship,2010.0,LR2 TNKR,0000-00-00,New Times Shipbuilding,China,1,19290,41.1,2,中风险,False,False,True,True,0,Not Listed,Not Listed,0.000359,0.000111,0.000607,0.000126,0.000532,0.000147,0.000456,10,5,1,93.5,0.1,0.026231,0.011969,0.010437,0.0135,0.010655,0.013224,0.010912,0.012914,12,4.3,0.011872,0.065457,0.2175,0.173708,0.039905,0.1035,1.011576,0.0001,0.0,0.016792,0.014982,0.018603,0.015245,0.018283,0.015554,0.017921,0.008342,1.99,137.34,0.88,0.79,0.97,0.81,0.95,0.82,0.94,0.331,C,0,0,0,0,0,0.0,0.0,31.8,10.34,11.53,52.07,中可信,C_名单被动,3.0,simulated_noisy
636018294,9249180.0,New Friendship,Liberia,New Shipping Ltd,2003.0,AFRAMAX TNKR,0000-00-00,Samsung,South Korea,2,39393,180.6,0,未命中,False,False,False,False,0,White,High Performance,0.000201,7e-05,0.000332,7.9e-05,0.000295,9.1e-05,0.000256,28,6,0,54.7,0.1,0.084177,0.00741,0.006564,0.008255,0.006686,0.008105,0.00683,0.007935,49,6.5,0.007362,0.113357,0.387,0.08343,0.190876,0.1561,1.045265,0.046372,0.242751,0.02221,0.020756,0.023665,0.020976,0.023417,0.021232,0.023135,0.00835,2.7,157.44,0.78,0.72,0.84,0.73,0.83,0.74,0.82,0.943,A,0,0,0,0,0,0.0,0.0,31.19,9.5,12.57,49.81,高可信,D_正常,15.0,simulated_noisy
240657000,9345441.0,Aegean Nobility,Greece,Arcadia Shipmanagement,2007.0,AFRAMAX TNKR,0000-00-00,Samsung,South Korea,1,84882,180.7,0,未命中,False,False,False,False,0,White,High Performance,9.3e-05,3.2e-05,0.000154,3.7e-05,0.000137,4.2e-05,0.000119,35,6,1,75.1,0.1,0.039478,0.008658,0.008035,0.009281,0.008129,0.009174,0.008238,0.009052,26,16.2,0.008636,0.086068,0.2835,0.138571,0.096482,0.317,1.003188,0.000588,0.005862,0.017906,0.017014,0.018798,0.017151,0.018648,0.017311,0.018477,0.008222,1.95,151.13,0.75,0.71,0.79,0.72,0.78,0.72,0.77,1.0,A,0,0,0,0,0,0.0,0.0,27.28,0.17,26.95,27.61,高可信,D_正常,15.0,simulated_noisy
357044000,9271377.0,Trident Hope,Panama,New Shipping Ltd,2003.0,AFRAMAX TNKR,0000-00-00,Namura,Japan,2,78514,180.7,0,未命中,False,False,False,False,0,White,High Performance,0.000228,0.000125,0.000331,0.000135,0.000307,0.000148,0.00028,72,16,1,120.2,0.1,0.047164,0.006634,0.006067,0.007202,0.006151,0.007103,0.00625,0.006992,53,3.5,0.00661,0.093303,0.2736,0.092648,0.686289,0.6781,1.243705,2.4e-05,0.0,0.013194,0.012396,0.013992,0.012518,0.013857,0.012659,0.013702,0.004737,1.66,165.33,0.57,0.53,0.6,0.54,0.6,0.54,0.59,1.0,A,0,0,0,0,0,0.0,0.0,12.43,9.84,0.0,31.72,高可信,D_正常,4.0,simulated_noisy
631010081,9271327.0,Apple,Equatorial Guinea,North Star Shipping,2003.0,AFRAMAX TNKR,0000-00-00,Namura,Japan,2,21482,90.3,3,高风险,True,False,True,True,0,Not Listed,Not Listed,0.000322,9.9e-05,0.000545,0.000113,0.000478,0.000132,0.00041,25,5,2,98.2,0.1,0.009031,0.009119,0.007851,0.010387,0.008029,0.010156,0.00824,0.009897,23,6.1,0.009031,0.059012,0.2094,0.056019,0.0134,0.0,0.865412,8.9e-05,0.0,0.003488,0.002704,0.004271,0.002805,0.004118,0.002926,0.003947,0.000881,1.39,101.28,0.49,0.43,0.55,0.44,0.53,0.44,0.52,0.492,C,0,0,0,0,0,0.0,0.0,57.53,9.26,39.38,75.68,中可信,A_确认影子,15.0,simulated_noisy
511102028,9402263.0,Asteras,Palau,Undisclosed,2009.0,AFRAMAX TNKR,0000-00-00,Sasebo,Japan,1,12820,18.2,0,未命中,False,False,False,False,2,Black,Low Performance,0.000306,4.3e-05,0.000569,5.2e-05,0.000471,6.5e-05,0.000375,3,2,0,25.3,0.0,0.007098,0.007246,0.005785,0.008706,0.005978,0.008426,0.006209,0.008114,5,2.1,0.007099,0.025961,0.1766,0.171652,0.021828,0.0,0.842372,0.00015,0.0,0.004362,0.003231,0.005493,0.003371,0.005265,0.003541,0.005013,0.001086,0.82,154.65,0.42,0.35,0.49,0.35,0.48,0.37,0.46,0.195,C,0,0,0,0,0,0.0,0.0,79.36,17.72,44.63,100.0,中可信,B_潜在影子,21.0,simulated_noisy
422182000,9187667.0,Argo I,Iran,NITC,2000.0,AFRAMAX TNKR,0000-00-00,Daewoo,South Korea,3,8525,13.3,1,低风险,True,False,False,False,2,Not Listed,Low Performance,0.00046,6.4e-05,0.000855,7.8e-05,0.000709,9.8e-05,0.000564,2,2,2,106.9,0.0,0.003284,0.003508,0.002273,0.004743,0.002411,0.004473,0.00258,0.00418,3,1.0,0.003285,0.013474,0.1127,0.177169,0.586237,0.0,0.0,0.000225,0.0,0.002102,0.001156,0.003048,0.001248,0.002823,0.001365,0.002583,0.000695,0.48,98.65,0.21,0.14,0.27,0.15,0.26,0.16,0.24,0.133,C,0,0,0,0,0,0.0,0.0,73.65,15.2,43.86,100.0,中可信,A_确认影子,2.0,simulated_noisy
