"DateTime","Container","Dry Bulk","General Cargo","Roll-on/roll-off","Tanker","30-day Moving Average","Prior Year: 30-day Moving Average"
"2019-01-01 00:00:00",283920,639364,38148,11825,467232,,
"2019-01-02 00:00:00",221737,537867,33310,971,241405,,
"2019-01-03 00:00:00",266982,984023,66565,2115,415957,,
"2019-01-04 00:00:00",375082,1673513,93053,1274,700336,,
"2019-01-05 00:00:00",274328,1235964,79722,2361,582363,,
"2019-01-06 00:00:00",235430,1211387,107365,7209,535116,,
"2019-01-07 00:00:00",548486,584421,140565,5337,738299,,
"2019-01-08 00:00:00",387557,1063114,106258,2677,516572,,
"2019-01-09 00:00:00",508577,907025,148804,2135,335786,,
"2019-01-10 00:00:00",388614,1142535,130843,5342,1297816,,
"2019-01-11 00:00:00",267318,679127,119413,2928,455995,,
"2019-01-12 00:00:00",228678,1083145,93142,3537,601791,,
"2019-01-13 00:00:00",220684,816259,89307,3916,498162,,
"2019-01-14 00:00:00",428728,878951,162914,7356,545004,,
"2019-01-15 00:00:00",399023,708647,131552,5260,981263,,
"2019-01-16 00:00:00",326468,955218,163748,4558,641193,,
"2019-01-17 00:00:00",287995,880515,132086,2438,671060,,
"2019-01-18 00:00:00",265746,1317347,120980,1407,741765,,
"2019-01-19 00:00:00",229753,892859,95116,2875,698985,,
"2019-01-20 00:00:00",283224,1014166,141631,18209,446207,,
"2019-01-21 00:00:00",490776,752131,133380,10741,515492,,
"2019-01-22 00:00:00",319413,1346409,116083,4470,629703,,
"2019-01-23 00:00:00",398310,574759,128532,5782,356776,,
"2019-01-24 00:00:00",404974,1112976,102903,7203,315780,,
"2019-01-25 00:00:00",236249,1016136,141519,19994,550187,,
"2019-01-26 00:00:00",231422,915723,90295,3361,376388,,
"2019-01-27 00:00:00",240520,998296,105556,4071,732986,,
"2019-01-28 00:00:00",407257,723082,140678,4139,416342,,
"2019-01-29 00:00:00",409882,437626,121600,4714,427717,,
"2019-01-30 00:00:00",368972,516703,161570,21861,593772,1939362.7666666666,
"2019-01-31 00:00:00",332383,966637,125083,11645,738825,1963833.2333333334,
"2019-02-01 00:00:00",266882,983103,135799,16449,515461,1993247.4,
"2019-02-02 00:00:00",239194,751133,82119,12104,491693,1987934,
"2019-02-03 00:00:00",311536,740288,146220,8231,390970,1946400.3,
"2019-02-04 00:00:00",343928,1646925,113775,12437,705767,1968003.9,
"2019-02-05 00:00:00",453653,828261,120321,4526,518640,1962300.6,
"2019-02-06 00:00:00",322368,691284,130682,2369,739446,1957935.4,
"2019-02-07 00:00:00",359666,969275,131620,3290,315015,1948025.1666666667,
"2019-02-08 00:00:00",238337,1610998,116476,5771,690127,1973337.9333333333,
"2019-02-09 00:00:00",266409,836255,94943,6241,681917,1937358,
"2019-02-10 00:00:00",216342,803719,83105,2835,714312,1947208.6,
"2019-02-11 00:00:00",265556,1073427,155954,2795,577106,1949360.6666666667,
"2019-02-12 00:00:00",166918,1291990,124665,7770,424440,1962275.9666666666,
"2019-02-13 00:00:00",329415,986812,110580,3902,598465,1962483.4333333333,
"2019-02-14 00:00:00",204804,1036649,120377,2544,769303,1959414.0666666667,
"2019-02-15 00:00:00",299920,1227458,121277,3494,390682,1957802.1333333333,
"2019-02-16 00:00:00",197648,1269324,102977,4295,486109,1960677.1,
"2019-02-17 00:00:00",207921,1555942,126838,7053,443514,1957144.5333333334,
"2019-02-18 00:00:00",440201,1105040,177127,5403,789036,1977052.3666666667,
"2019-02-19 00:00:00",227570,731633,113802,5388,444201,1964357.8666666667,
"2019-02-20 00:00:00",338574,949371,110827,4473,825610,1975235.9666666666,
"2019-02-21 00:00:00",184738,1246514,130814,4413,454359,1962061.5,
"2019-02-22 00:00:00",156722,1271483,120652,6058,649757,1986745.3333333333,
"2019-02-23 00:00:00",302809,858160,89644,6102,563449,1982622.8,
"2019-02-24 00:00:00",274280,1245349,140963,10172,580980,1992211.8,
"2019-02-25 00:00:00",259427,1275925,116893,5197,462887,2008983.6,
"2019-02-26 00:00:00",435127,722732,117336,1479,540331,2000169.5666666667,
"2019-02-27 00:00:00",308090,715314,126336,6126,526271,1999857.4666666666,
"2019-02-28 00:00:00",353554,1192079,135292,5653,444232,2024166.7,
"2019-03-01 00:00:00",201876,1484169,112401,1946,933992,2059883.8333333333,
"2019-03-02 00:00:00",323313,995239,83364,7557,303808,2044507.2,
"2019-03-03 00:00:00",249619,653897,133046,7352,398677,2028670.1333333333,
"2019-03-04 00:00:00",348874,1017029,91679,9764,541819,2043101.3666666667,
"2019-03-05 00:00:00",363886,564649,123439,4074,633458,2046176.9,
"2019-03-06 00:00:00",443914,588207,132456,13967,722433,2015448.4333333333,
"2019-03-07 00:00:00",297699,970261,147879,18245,361855,2011133.0666666667,
"2019-03-08 00:00:00",226320,1005527,99356,1655,1121364,2030068.7666666666,
"2019-03-09 00:00:00",229338,754526,72833,4495,367505,2018396.1666666667,
"2019-03-10 00:00:00",248416,1160490,136241,2971,618204,2001883.2,
"2019-03-11 00:00:00",350111,958217,102369,4943,548600,2004499.6333333333,
"2019-03-12 00:00:00",356428,821122,142278,7183,253294,1996499.8,
"2019-03-13 00:00:00",413712,840143,137108,3460,267983,1982751.8333333333,
"2019-03-14 00:00:00",330434,1336993,119857,5963,1065411,2010847.8333333333,
"2019-03-15 00:00:00",262228,894644,127746,4163,529635,2003822.1333333333,
"2019-03-16 00:00:00",200257,1218834,74818,4684,559912,2001316.1666666667,
"2019-03-17 00:00:00",240976,1271171,129404,13564,548144,2006664.1333333333,
"2019-03-18 00:00:00",385576,1058975,146152,5169,559861,2009843.9333333333,
"2019-03-19 00:00:00",382579,642156,141342,4939,650572,1992521.5,
"2019-03-20 00:00:00",466459,694944,103253,3009,435090,1965386.2333333334,
"2019-03-21 00:00:00",220550,1198259,145071,5384,323714,1977732.5333333334,
"2019-03-22 00:00:00",231859,815031,112689,2581,459866,1957504.9,
"2019-03-23 00:00:00",289007,1262902,64839,7611,470329,1959966.2333333334,
"2019-03-24 00:00:00",187287,752083,166201,6520,463467,1938995.6,
"2019-03-25 00:00:00",346395,1082412,123851,3400,423742,1944317.0666666667,
"2019-03-26 00:00:00",265345,891987,123545,7766,618872,1932842.6666666667,
"2019-03-27 00:00:00",410580,937026,110229,1879,789560,1937140.8333333333,
"2019-03-28 00:00:00",330421,1228519,112581,6578,695419,1955691.1333333333,
"2019-03-29 00:00:00",259157,569449,142147,3998,696465,1955327.1666666667,
"2019-03-30 00:00:00",135201,1690812,80951,5256,557545,1966625.3333333333,
"2019-03-31 00:00:00",281977,999206,140606,4280,216881,1930243.9333333333,
"2019-04-01 00:00:00",364377,869733,123485,6264,772508,1944346.9333333333,
"2019-04-02 00:00:00",471544,820755,127635,5101,328822,1954723.1333333333,
"2019-04-03 00:00:00",436980,583972,125921,3579,415422,1939946.8333333333,
"2019-04-04 00:00:00",429585,1145073,139096,2736,347545,1952431.3333333333,
"2019-04-05 00:00:00",254268,720591,103168,7627,343793,1936713.9,
"2019-04-06 00:00:00",194243,903403,87825,3296,304886,1926637.3666666667,
"2019-04-07 00:00:00",285270,1182808,150159,3943,629685,1919892.3333333333,
"2019-04-08 00:00:00",403971,976675,111612,7308,484710,1938412.1666666667,
"2019-04-09 00:00:00",444036,1101044,114675,4409,427793,1935933.3666666667,
"2019-04-10 00:00:00",505603,870186,112072,1204,471210,1935800.7666666666,
"2019-04-11 00:00:00",330355,789925,108945,5924,652093,1946032,
"2019-04-12 00:00:00",406113,930203,138321,1930,437651,1954425.9,
"2019-04-13 00:00:00",192584,572666,97494,3713,566443,1906900.1333333333,
"2019-04-14 00:00:00",49648,795198,91406,3196,622562,1898353.3333333333,
"2019-04-15 00:00:00",323076,1119775,178683,7001,767663,1909610.5333333334,
"2019-04-16 00:00:00",536924,853582,114214,2795,383070,1899187.6,
"2019-04-17 00:00:00",343062,905489,145094,2088,593421,1893634.8666666667,
"2019-04-18 00:00:00",343998,1429957,133400,3041,666158,1918800.4666666666,
"2019-04-19 00:00:00",294301,857566,103280,8223,338992,1915454.0666666667,
"2019-04-20 00:00:00",168138,1250918,113461,9462,812817,1930847.3,
"2019-04-21 00:00:00",159241,1016554,158041,4258,536295,1939259.5,
"2019-04-22 00:00:00",393784,937772,114141,3886,318742,1928380.9666666666,
"2019-04-23 00:00:00",442696,982549,139443,3337,487865,1944392.2666666666,
"2019-04-24 00:00:00",319294,936441,127940,3169,532777,1942386.3666666667,
"2019-04-25 00:00:00",216213,1389639,115003,2804,299850,1946252.6,
"2019-04-26 00:00:00",207726,697304,93546,2733,365123,1916824.4666666666,
"2019-04-27 00:00:00",207076,766710,89920,3355,587850,1892870.6,
"2019-04-28 00:00:00",83917,1100324,59533,5471,253772,1887263.6666666667,
"2019-04-29 00:00:00",190150,622296,84503,2358,586853,1854476.6333333333,
"2019-04-30 00:00:00",187443,89603,37149,62,283549,1819637.3666666667,
"2019-05-01 00:00:00",203173,816777,48329,2598,730560,1808472.8333333333,
"2019-05-02 00:00:00",253392,1184900,63083,572,479026,1816042.5666666667,
"2019-05-03 00:00:00",208763,365627,58038,2961,447336,1799936.8333333333,
"2019-05-04 00:00:00",193099,828468,45653,355,657424,1788634.6333333333,
"2019-05-05 00:00:00",163663,706011,77650,1269,786581,1798824.6333333333,
"2019-05-06 00:00:00",420706,1439985,146776,3861,472943,1831846.0666666667,
"2019-05-07 00:00:00",350088,1247555,140317,1709,862232,1843514.1333333333,
"2019-05-08 00:00:00",546543,1277758,128147,2783,575313,1861722.9333333333,
"2019-05-09 00:00:00",398147,620202,155763,7281,322770,1842130.1,
"2019-05-10 00:00:00",254456,1258114,152326,3695,858944,1861038.6333333333,
"2019-05-11 00:00:00",248469,931185,105489,2019,558939,1859666.6333333333,
"2019-05-12 00:00:00",291445,846743,115085,7905,670921,1860262.7333333334,
"2019-05-13 00:00:00",451296,1218543,118650,5519,475866,1888162.4666666666,
"2019-05-14 00:00:00",500668,1601625,142509,11957,693429,1934435.1333333333,
"2019-05-15 00:00:00",420211,851285,160778,2170,542447,1920458.0333333334,
"2019-05-16 00:00:00",307146,1229536,115014,4065,304064,1922766.4666666666,
"2019-05-17 00:00:00",211527,1029552,125500,4645,832007,1929902.4,
"2019-05-18 00:00:00",160669,609496,80105,9345,367181,1884909.7666666666,
"2019-05-19 00:00:00",218834,858285,85155,7374,287108,1880056.4,
"2019-05-20 00:00:00",330906,1157396,77985,3212,219251,1861188.1666666667,
"2019-05-21 00:00:00",391125,520478,79722,4484,647132,1853472.7666666666,
"2019-05-22 00:00:00",380903,1209362,91134,2826,521365,1868048.1,
"2019-05-23 00:00:00",331499,1066739,133836,7282,624817,1871657.6,
"2019-05-24 00:00:00",217064,825786,118339,1421,721889,1870486.8,
"2019-05-25 00:00:00",242858,1280548,69946,8936,529309,1874089.6333333333,
"2019-05-26 00:00:00",242847,904699,134414,3843,748723,1896359.2333333334,
"2019-05-27 00:00:00",362310,574209,146784,5661,677060,1900063.4666666666,
"2019-05-28 00:00:00",212210,1170773,122294,3414,637328,1921497.2333333334,
"2019-05-29 00:00:00",213569,1086012,126448,8816,973664,1952242.3666666667,
"2019-05-30 00:00:00",217869,1313058,123409,3974,425143,2001765.2,
"2019-05-31 00:00:00",258148,462929,141088,5561,245792,1978834.8,
"2019-06-01 00:00:00",171694,789730,84757,2840,555450,1966284.7333333334,
"2019-06-02 00:00:00",346197,1018675,121059,3352,622187,2000576.9666666666,
"2019-06-03 00:00:00",338742,942412,140507,3528,445144,2005422.5,
"2019-06-04 00:00:00",364816,820189,140105,6820,730023,2016315.9333333333,
"2019-06-05 00:00:00",464827,542857,140324,3673,483669,1988018.6666666667,
"2019-06-06 00:00:00",356202,992532,130923,6776,936560,1982054.6666666667,
"2019-06-07 00:00:00",343105,989967,92941,4242,591474,1965094.0666666667,
"2019-06-08 00:00:00",219191,866274,63640,3070,393500,1966477.1,
"2019-06-09 00:00:00",338281,946618,125304,8461,386215,1942388.8666666667,
"2019-06-10 00:00:00",316481,649864,143668,7328,653045,1939865.6333333333,
"2019-06-11 00:00:00",313397,772039,138146,1736,411065,1930008.3666666667,
"2019-06-12 00:00:00",406845,691075,105376,3048,479996,1910557.1,
"2019-06-13 00:00:00",305589,1115836,130370,3548,457432,1879310.2333333334,
"2019-06-14 00:00:00",286645,861375,120261,5894,335584,1867072.4333333333,
"2019-06-15 00:00:00",257779,928545,74988,6328,525692,1861521.6666666667,
"2019-06-16 00:00:00",326433,555246,87421,5563,198337,1827179.9666666666,
"2019-06-17 00:00:00",320216,974522,126411,4280,617904,1854398.1666666667,
"2019-06-18 00:00:00",383039,1583269,131326,5828,322097,1886691.8666666667,
"2019-06-19 00:00:00",337306,1397204,136192,5921,548310,1907898.2666666666,
"2019-06-20 00:00:00",233699,1040136,123038,15493,825212,1927720,
"2019-06-21 00:00:00",360342,1704634,112026,1682,386122,1939694.1,
"2019-06-22 00:00:00",103837,351714,89249,3313,472781,1901584.3,
"2019-06-23 00:00:00",293759,983861,141019,9534,665943,1908571.8333333333,
"2019-06-24 00:00:00",369639,1137137,127762,2681,663527,1914210.4333333333,
"2019-06-25 00:00:00",371823,1387861,122024,4664,564130,1928076.9,
"2019-06-26 00:00:00",290973,811185,123501,3452,396987,1923412.6,
"2019-06-27 00:00:00",300823,501370,111297,5246,282235,1891910.8333333333,
"2019-06-28 00:00:00",271312,1123225,78361,6664,1017291,1894855.8666666667,
"2019-06-29 00:00:00",153295,1187584,113797,2154,739152,1898606.2333333334,
"2019-06-30 00:00:00",365263,726917,100595,4979,235082,1909249.9,
"2019-07-01 00:00:00",348531,391710,126675,5606,443277,1899627.8,
"2019-07-02 00:00:00",345645,1177200,144422,5555,263122,1893777,
"2019-07-03 00:00:00",441657,662666,155202,2992,964087,1905652.4666666666,
"2019-07-04 00:00:00",361005,1149768,88630,3860,336962,1901594.7333333334,
"2019-07-05 00:00:00",241374,846484,115570,1147,646856,1908797.0666666667,
"2019-07-06 00:00:00",182749,1036921,106857,18919,409796,1886538.6,
"2019-07-07 00:00:00",311863,754344,125375,11163,637166,1880477.9,
"2019-07-08 00:00:00",391779,1272683,122541,5207,535511,1906546.8333333333,
"2019-07-09 00:00:00",324880,1066641,120790,2867,461014,1912256.8,
"2019-07-10 00:00:00",365007,1002665,134097,3116,424436,1917554.6333333333,
"2019-07-11 00:00:00",269114,1271550,129315,3766,631865,1939862.4333333333,
"2019-07-12 00:00:00",311125,1018907,108252,6154,408867,1945428.1333333333,
"2019-07-13 00:00:00",314921,1044345,74108,3429,487582,1942481.3,
"2019-07-14 00:00:00",249185,615238,67629,4218,827031,1947599.0333333334,
"2019-07-15 00:00:00",400095,1043210,120113,6730,330569,1951179.8333333333,
"2019-07-16 00:00:00",429034,1300237,133674,10538,557943,1993127.9333333333,
"2019-07-17 00:00:00",365024,1168572,148838,7276,606096,2001543.6,
"2019-07-18 00:00:00",262102,1088445,127990,11366,606798,1990581.5333333334,
"2019-07-19 00:00:00",224990,703288,107509,6759,871311,1973545.8333333333,
"2019-07-20 00:00:00",198726,633407,70309,5114,507392,1946124.1333333333,
"2019-07-21 00:00:00",260185,905430,102846,7290,450645,1918177.0333333334,
"2019-07-22 00:00:00",329089,1131858,122226,3229,619293,1957670.7666666666,
"2019-07-23 00:00:00",283629,888318,90228,3350,427338,1944295.2666666666,
"2019-07-24 00:00:00",347402,983186,123589,6707,919405,1946946.7333333334,
"2019-07-25 00:00:00",298376,710399,137902,5953,1005646,1937205.6,
"2019-07-26 00:00:00",198842,1123588,101268,2615,577763,1949805.4666666666,
"2019-07-27 00:00:00",205029,838968,53969,6452,156072,1951789.0666666667,
"2019-07-28 00:00:00",316911,892227,123741,4306,671349,1935511.6333333333,
"2019-07-29 00:00:00",281135,1455560,159422,4135,848173,1953926.8666666667,
"2019-07-30 00:00:00",263802,643150,158170,4893,254523,1950317.3666666667,
"2019-07-31 00:00:00",429424,734554,171673,2789,349227,1962713.4,
"2019-08-01 00:00:00",298150,1145877,126576,4347,613857,1971141.9666666666,
"2019-08-02 00:00:00",256257,1117955,128088,4116,315102,1957639.0666666667,
"2019-08-03 00:00:00",191241,880962,78545,4865,911122,1961855.7666666666,
"2019-08-04 00:00:00",317950,1027812,102303,7225,548335,1966928.7,
"2019-08-05 00:00:00",308906,780422,86583,3266,431073,1962095.7666666666,
"2019-08-06 00:00:00",212327,510859,90047,3809,456160,1943205.5666666667,
"2019-08-07 00:00:00",346003,1544503,182198,3127,871647,1963864.4333333333,
"2019-08-08 00:00:00",255010,970785,150526,4172,761782,1969401.1333333333,
"2019-08-09 00:00:00",191337,927232,112100,2200,596968,1966084.9,
"2019-08-10 00:00:00",175393,510003,46415,3482,528648,1931361.8333333333,
"2019-08-11 00:00:00",159975,362545,55074,5564,438629,1903643.7,
"2019-08-12 00:00:00",161588,515000,57256,1895,358129,1875959.4666666666,
"2019-08-13 00:00:00",162964,336452,36755,589,207545,1841992.5333333334,
"2019-08-14 00:00:00",119950,127300,25448,882,61540,1789804.0666666667,
"2019-08-15 00:00:00",41250,561290,40361,968,77406,1732797.9666666666,
"2019-08-16 00:00:00",571244,1164752,105901,5410,495130,1734352.0333333334,
"2019-08-17 00:00:00",498401,1465886,84835,5838,735882,1757489.8666666667,
"2019-08-18 00:00:00",304847,1583486,159568,3518,474329,1777886.1666666667,
"2019-08-19 00:00:00",489781,933096,141436,6219,792267,1809481.8333333333,
"2019-08-20 00:00:00",426637,1229293,118250,5253,788757,1837541.5333333334,
"2019-08-21 00:00:00",414274,1190780,121929,1842,549525,1839963.4,
"2019-08-22 00:00:00",388910,1128620,131829,4982,779089,1864649.1333333333,
"2019-08-23 00:00:00",363674,779033,95143,4940,818733,1854023.7,
"2019-08-24 00:00:00",261894,1466976,83281,5057,354822,1854481.9333333333,
"2019-08-25 00:00:00",425727,898589,122539,7589,497217,1852734.1666666667,
"2019-08-26 00:00:00",291366,1177317,140291,2126,916093,1894958.2666666666,
"2019-08-27 00:00:00",451163,841688,119609,2975,811902,1902251.8333333333,
"2019-08-28 00:00:00",331353,879781,111451,7657,333740,1866103.5,
"2019-08-29 00:00:00",338442,867538,124649,5818,555621,1885021,
"2019-08-30 00:00:00",224592,1358135,120163,9302,564429,1904652.5666666667,
"2019-08-31 00:00:00",213259,693736,98228,3006,833907,1893096.4,
"2019-09-01 00:00:00",317771,1129828,110610,7289,380728,1897253.1666666667,
"2019-09-02 00:00:00",378039,1305503,117324,3380,798620,1915124.5333333334,
"2019-09-03 00:00:00",300884,1085981,140031,3138,453413,1914452.3,
"2019-09-04 00:00:00",442438,776176,114986,4958,662436,1927477.1333333333,
"2019-09-05 00:00:00",360711,1352187,117301,2955,673474,1968591.4666666666,
"2019-09-06 00:00:00",372173,820260,117429,4329,289219,1923788.6666666667,
"2019-09-07 00:00:00",146128,458806,85904,2432,558302,1894098.0666666667,
"2019-09-08 00:00:00",133551,793139,80329,1215,376247,1879252.4333333333,
"2019-09-09 00:00:00",348062,1237451,114268,6604,395109,1907171.4666666666,
"2019-09-10 00:00:00",262560,708541,154788,4045,531876,1928506.3,
"2019-09-11 00:00:00",348392,1325638,176817,3612,611352,1974238.4666666666,
"2019-09-12 00:00:00",390845,1039641,123293,9040,396275,2014732.4333333333,
"2019-09-13 00:00:00",231151,1419812,116723,2868,831368,2090293.8333333333,
"2019-09-14 00:00:00",307156,780235,74626,6359,598190,2125138.1,
"2019-09-15 00:00:00",207421,516658,67009,2704,503834,2090310.9,
"2019-09-16 00:00:00",244293,1703845,118821,5897,276496,2075594.6666666667,
"2019-09-17 00:00:00",415718,1192735,102093,4267,663799,2070690.2666666666,
"2019-09-18 00:00:00",438423,698378,155467,1466,601931,2055118.9333333333,
"2019-09-19 00:00:00",448817,1071755,121358,10496,455601,2039780.2,
"2019-09-20 00:00:00",290737,765462,108215,3767,382588,2015527.4333333333,
"2019-09-21 00:00:00",197245,481356,74093,5308,489986,1976012.5,
"2019-09-22 00:00:00",80082,553904,42249,3452,172011,1935684.2,
"2019-09-23 00:00:00",127590,1312815,86782,1677,432847,1928673.6333333333,
"2019-09-24 00:00:00",236022,1357623,131851,3984,1001221,1954641.8666666667,
"2019-09-25 00:00:00",412325,723338,128558,5690,427326,1926976.5666666667,
"2019-09-26 00:00:00",415902,1042724,188033,5326,620005,1928465.4333333333,
"2019-09-27 00:00:00",376334,632728,138382,3933,622267,1932120.9333333333,
"2019-09-28 00:00:00",259385,659359,97947,3015,562257,1921783.8666666667,
"2019-09-29 00:00:00",254226,1290394,131354,5311,286538,1911490.9333333333,
"2019-09-30 00:00:00",376433,1057920,163913,8323,530271,1921315.6,
"2019-10-01 00:00:00",328687,888025,146165,3021,569615,1920958.7666666666,
"2019-10-02 00:00:00",341494,953776,126311,7926,672763,1904272.0666666667,
"2019-10-03 00:00:00",389766,848804,144153,2040,379714,1896972.8666666667,
"2019-10-04 00:00:00",233019,1272216,83296,1188,492791,1899689.9666666666,
"2019-10-05 00:00:00",224715,867229,66877,3668,634568,1876037.0666666667,
"2019-10-06 00:00:00",344427,548233,124447,6120,325440,1867545.9666666666,
"2019-10-07 00:00:00",297829,1179467,119734,6996,639787,1900621.3333333333,
"2019-10-08 00:00:00",207712,860287,135571,2320,267411,1903582.7,
"2019-10-09 00:00:00",236824,832031,132733,1863,667300,1895891.4666666666,
"2019-10-10 00:00:00",143779,512944,107754,1114,215208,1873190.8,
"2019-10-11 00:00:00",13348,78655,49383,2653,94520,1798948,
"2019-10-12 00:00:00",8289,192365,11235,955,44748,1742229.6333333333,
"2019-10-13 00:00:00",212151,1237948,60248,3973,325999,1716842.2,
"2019-10-14 00:00:00",347560,1437346,160082,6481,570237,1742013.3666666667,
"2019-10-15 00:00:00",556700,1691745,190007,13379,986958,1813386.3333333333,
"2019-10-16 00:00:00",414491,1284817,134053,5478,678137,1818974.1,
"2019-10-17 00:00:00",412443,1055777,139251,3846,545977,1811596.5666666667,
"2019-10-18 00:00:00",328477,1101639,123091,3961,736752,1824871.9,
"2019-10-19 00:00:00",320582,1003648,75708,5627,207232,1808364.2,
"2019-10-20 00:00:00",252153,1048972,122950,9069,506812,1821337.1,
"2019-10-21 00:00:00",245764,958043,104035,2297,577094,1842645.7,
"2019-10-22 00:00:00",236806,806604,116862,4569,1240314,1894428.4666666666,
"2019-10-23 00:00:00",418891,747449,140280,13531,716693,1896933.2666666666,
"2019-10-24 00:00:00",357609,636583,107624,2172,338775,1854001.7333333334,
"2019-10-25 00:00:00",174665,708773,100100,2642,414844,1844127.2666666666,
"2019-10-26 00:00:00",264303,1134831,91854,9627,665763,1840606.0333333334,
"2019-10-27 00:00:00",245988,723341,135087,7901,424928,1832726.3333333333,
"2019-10-28 00:00:00",414659,715338,134149,3737,531541,1839975.9666666666,
"2019-10-29 00:00:00",445818,810900,153700,6839,461962,1837022.3333333333,
"2019-10-30 00:00:00",306253,1364838,136919,2997,683486,1848943.3333333333,
"2019-10-31 00:00:00",323235,1460333,169630,6741,630921,1870788.3666666667,
"2019-11-01 00:00:00",247949,784969,138956,2974,1285009,1882707.9666666666,
"2019-11-02 00:00:00",274423,639580,91434,3614,360071,1869529.2333333334,
"2019-11-03 00:00:00",302015,940698,87919,6958,922793,1875458.4666666666,
"2019-11-04 00:00:00",371922,1648409,181499,2503,882746,1918460.1333333333,
"2019-11-05 00:00:00",379334,1381034,126068,5540,798080,1963172.8,
"2019-11-06 00:00:00",302139,1122004,147154,3505,906022,1971072.8333333333,
"2019-11-07 00:00:00",263265,522178,127186,2945,887416,1982062.3,
"2019-11-08 00:00:00",284491,1103307,106790,7640,260845,1978473,
"2019-11-09 00:00:00",203217,1217283,92523,4349,317027,2006926.3,
"2019-11-10 00:00:00",377077,961457,130553,3298,633149,2069159.6333333333,
"2019-11-11 00:00:00",409889,911810,127104,2999,474838,2124796.1,
"2019-11-12 00:00:00",409343,1080215,153510,3889,827099,2145921.5,
"2019-11-13 00:00:00",301670,925233,157272,6513,348833,2119848.6333333333,
"2019-11-14 00:00:00",280577,813994,139036,2271,458913,2061714.7666666666,
"2019-11-15 00:00:00",264389,992158,153805,2422,564113,2043711.5333333334,
"2019-11-16 00:00:00",195371,898952,91077,4585,467492,2027050.4666666666,
"2019-11-17 00:00:00",232201,1167741,136253,14214,545763,2020458.8666666667,
"2019-11-18 00:00:00",395226,910224,128917,2404,714006,2038391.6,
"2019-11-19 00:00:00",282666,677857,108977,2437,484573,2025609.7,
"2019-11-20 00:00:00",342145,1431340,128768,3121,562278,2044956.7,
"2019-11-21 00:00:00",300085,925126,131375,3934,863724,2038926.5666666667,
"2019-11-22 00:00:00",349641,1193685,120317,6725,495974,2043242.9333333333,
"2019-11-23 00:00:00",190885,705002,75241,7487,771669,2053493.4333333333,
"2019-11-24 00:00:00",276973,717269,118691,4162,739443,2068677.7333333334,
"2019-11-25 00:00:00",286568,995342,157553,6405,649811,2066321.4666666666,
"2019-11-26 00:00:00",345686,1009155,129281,3505,478678,2080623.5333333334,
"2019-11-27 00:00:00",282075,613980,127044,4180,446839,2069779.0666666667,
"2019-11-28 00:00:00",401215,790563,158425,4010,698721,2075569.1333333333,
"2019-11-29 00:00:00",252647,1027741,132355,3314,504299,2056431.7666666666,
"2019-11-30 00:00:00",326801,1208851,109497,7927,391149,2038210.2333333334,
"2019-12-01 00:00:00",312489,1184865,172926,6695,818221,2039388.4333333333,
"2019-12-02 00:00:00",326342,449985,107619,5920,624234,2044221.1333333333,
"2019-12-03 00:00:00",368541,593668,105714,5133,633167,2025749.2,
"2019-12-04 00:00:00",236625,1109422,114808,2863,369211,1983943.8,
"2019-12-05 00:00:00",377385,802725,120705,3960,414673,1951590.2,
"2019-12-06 00:00:00",250187,1030485,116488,4936,945182,1947138.7666666666,
"2019-12-07 00:00:00",349784,1057241,101530,12485,892755,1967498.6666666667,
"2019-12-08 00:00:00",226500,842750,118939,6071,310415,1958885.2333333334,
"2019-12-09 00:00:00",438375,1307283,122854,1630,665275,1982252.8,
"2019-12-10 00:00:00",275405,864763,132456,5046,752413,1979738.4333333333,
"2019-12-11 00:00:00",307913,1001190,125928,2069,514782,1980579.8666666667,
"2019-12-12 00:00:00",300017,711672,121700,9222,375485,1948714.4,
"2019-12-13 00:00:00",297484,1202556,136145,2699,546007,1963560.5666666667,
"2019-12-14 00:00:00",158305,728401,101732,4061,575094,1959320.9666666666,
"2019-12-15 00:00:00",219009,1076023,144093,7798,327844,1952583.9333333333,
"2019-12-16 00:00:00",275920,1006820,159302,5277,566864,1964475.2,
"2019-12-17 00:00:00",386247,798383,131300,4271,748205,1963550.0666666667,
"2019-12-18 00:00:00",296960,807123,126599,4263,852292,1961432.4,
"2019-12-19 00:00:00",463787,965863,141393,5866,558136,1980717.6666666667,
"2019-12-20 00:00:00",238887,968009,127692,4425,378945,1955728.1333333333,
"2019-12-21 00:00:00",132290,997106,80829,6377,572351,1941217.8333333333,
"2019-12-22 00:00:00",271540,901339,174831,4441,797843,1940673,
"2019-12-23 00:00:00",243039,1217859,138500,4432,461300,1951168.6333333333,
"2019-12-24 00:00:00",245467,888984,154582,5585,814211,1959578.6333333333,
"2019-12-25 00:00:00",285523,882834,170206,2275,672578,1956836.9666666666,
"2019-12-26 00:00:00",218427,863043,110332,5609,378802,1943833.9,
"2019-12-27 00:00:00",218842,847160,72701,2317,351825,1944458.2333333334,
"2019-12-28 00:00:00",156136,891955,60871,3404,1039129,1947743.4333333333,
"2019-12-29 00:00:00",148453,1093909,86866,1202,544225,1946219.3,
"2019-12-30 00:00:00",247453,904902,61261,1196,487976,1934837.3333333333,
"2019-12-31 00:00:00",17011,268270,22824,0,260254,1870608.0333333334,
"2020-01-01 00:00:00",154075,398737,16612,626,323065,1849907.3333333333,
"2020-01-02 00:00:00",286632,323243,49187,572,831371,1842732.1666666667,
"2020-01-03 00:00:00",182683,1261515,65106,655,733348,1856411.1666666667,
"2020-01-04 00:00:00",255769,1057065,81922,425,511615,1862655.6,
"2020-01-05 00:00:00",280851,889146,115453,1701,181959,1833383.3333333333,
"2020-01-06 00:00:00",349427,966258,127315,3575,1035354,1835654.9333333333,
"2020-01-07 00:00:00",450185,750282,141284,3456,864169,1859145.1666666667,
"2020-01-08 00:00:00",460231,502009,101030,949,242265,1818180.1333333333,
"2020-01-09 00:00:00",379173,1275412,123732,1691,726398,1834057.1,
"2020-01-10 00:00:00",289432,1356869,136371,3069,1007742,1862110.4666666666,
"2020-01-11 00:00:00",329392,887911,97301,6652,406118,1869086.1666666667,
"2020-01-12 00:00:00",210446,1132137,104600,5962,412854,1858455.8333333333,
"2020-01-13 00:00:00",341983,931039,185798,5415,895716,1884868.2333333334,
"2020-01-14 00:00:00",425447,1018555,126253,11058,554555,1896904.6333333333,
"2020-01-15 00:00:00",452000,1060587,137430,10045,723092,1909203.5,
"2020-01-16 00:00:00",314876,613654,155362,3433,641826,1897894.7,
"2020-01-17 00:00:00",300983,670569,127877,4743,715300,1888968.9666666666,
"2020-01-18 00:00:00",219518,818055,98085,5322,976606,1888386.2,
"2020-01-19 00:00:00",257078,1247797,126239,3460,545857,1903801.8,
"2020-01-20 00:00:00",302300,880038,139058,2942,471938,1904046.7333333334,
"2020-01-21 00:00:00",366469,735511,133772,5405,666408,1895965.8,
"2020-01-22 00:00:00",386412,1287194,115175,2644,652801,1908602.2666666666,
"2020-01-23 00:00:00",379285,920112,156181,4141,553765,1905423.8,
"2020-01-24 00:00:00",245737,746449,114109,3766,783502,1901428.2666666666,
"2020-01-25 00:00:00",219054,629075,120804,3375,538086,1899233.7333333334,
"2020-01-26 00:00:00",290853,1115073,91959,8280,615381,1920191.1666666667,
"2020-01-27 00:00:00",217725,732766,106017,5688,1070713,1919572.1666666667,
"2020-01-28 00:00:00",147844,512397,105640,3535,625821,1903591.7,
"2020-01-29 00:00:00",207750,640658,87191,5967,340529,1889569.5,
"2020-01-30 00:00:00",314252,1898291,128182,5199,753612,1973943.0666666667,1939362.7666666666
"2020-01-31 00:00:00",261481,998752,105717,2281,1237082,2031017.4666666666,1963833.2333333334
"2020-02-01 00:00:00",248532,501561,82732,2828,564372,2027985.6333333333,1993247.4
"2020-02-02 00:00:00",197469,629372,174831,4573,432449,2001165.7333333334,1987934
"2020-02-03 00:00:00",293798,1526770,159169,6671,806106,2030690.2333333334,1946400.3
"2020-02-04 00:00:00",192251,1520772,130381,2917,910688,2073619.9333333333,1968003.9
"2020-02-05 00:00:00",259086,975173,125342,3449,350763,2048015.7666666666,1962300.6
"2020-02-06 00:00:00",163747,769774,144815,9659,554041,2029104.4333333333,1957935.4
"2020-02-07 00:00:00",161821,1648817,133009,1688,675106,2072903.3666666667,1948025.1666666667
"2020-02-08 00:00:00",108984,397639,94064,6683,482221,2025675.8333333333,1973337.9333333333
"2020-02-09 00:00:00",123166,701686,138268,3549,854792,1993274.8666666667,1937358
"2020-02-10 00:00:00",179461,537173,89537,2672,691955,1985722.2333333334,1947208.6
"2020-02-11 00:00:00",230586,1413675,149637,3026,838699,2011376.6333333333,1949360.6666666667
"2020-02-12 00:00:00",206022,1304382,121086,4288,911042,2017605.3,1962275.9666666666
"2020-02-13 00:00:00",297621,893667,104561,4163,543123,2007847.5,1962483.4333333333
"2020-02-14 00:00:00",173500,1277884,134511,4018,799188,2008045.5666666667,1959414.0666666667
"2020-02-15 00:00:00",205681,838602,108575,5483,328097,1999954.8333333333,1957802.1333333333
"2020-02-16 00:00:00",232535,805779,148457,4201,669938,2001336.0666666667,1960677.1
"2020-02-17 00:00:00",226504,1400076,98178,4018,417686,2002298.6666666667,1957144.5333333334
"2020-02-18 00:00:00",400518,504211,123737,4433,848923,1992345.2,1977052.3666666667
"2020-02-19 00:00:00",251432,780536,143723,5263,315244,1982342.2,1964357.8666666667
"2020-02-20 00:00:00",206987,1003658,167763,3647,649689,1986481.3333333333,1975235.9666666666
"2020-02-21 00:00:00",161034,1247236,144962,1220,611044,1977190.0333333334,1962061.5
"2020-02-22 00:00:00",233125,342807,80436,4541,368234,1944378.6333333333,1986745.3333333333
"2020-02-23 00:00:00",217523,768893,66431,3139,878385,1945738.5666666667,1982622.8
"2020-02-24 00:00:00",304514,1569272,172112,8933,566364,1982766.1333333333,1992211.8
"2020-02-25 00:00:00",420496,995940,117377,7521,566036,1982293.6666666667,2008983.6
"2020-02-26 00:00:00",275290,486736,146590,8734,665583,1963960.7,2000169.5666666667
"2020-02-27 00:00:00",318331,986543,104872,2847,497113,1981110.2666666666,1999857.4666666666
"2020-02-28 00:00:00",282027,1076565,147286,7977,664643,2010990.5333333334,2024166.7
"2020-02-29 00:00:00",219179,834147,74419,6237,1261025,1987506.4333333333,2059883.8333333333
"2020-03-01 00:00:00",215614,876996,125058,3616,344775,1952864.7666666666,2044507.2
"2020-03-02 00:00:00",378362,544180,146862,2063,490841,1958274.6333333333,2028670.1333333333
"2020-03-03 00:00:00",289335,983540,133643,3657,701024,1980691.1333333333,2043101.3666666667
"2020-03-04 00:00:00",281926,1028490,136401,3189,759865,1961269.7,2046176.9
"2020-03-05 00:00:00",286972,795663,114960,1670,682675,1932100.6,2015448.4333333333
"2020-03-06 00:00:00",165266,1095323,138651,2430,824948,1949194.4666666666,2011133.0666666667
"2020-03-07 00:00:00",217253,927393,80886,3380,557719,1954013.6333333333,2030068.7666666666
"2020-03-08 00:00:00",351763,776914,121664,6131,535604,1926401.9333333333,2018396.1666666667
"2020-03-09 00:00:00",313684,1057120,111724,6587,432212,1954126.8,2001883.2
"2020-03-10 00:00:00",308513,936037,90363,4144,471800,1953773.2333333334,2004499.6333333333
"2020-03-11 00:00:00",367853,1142059,98818,4410,1040817,1992212.3,1996499.8
"2020-03-12 00:00:00",295653,1126162,160234,3381,459122,1972510.1333333333,1982751.8333333333
"2020-03-13 00:00:00",291993,1103409,100451,4927,640423,1958989.7333333334,2010847.8333333333
"2020-03-14 00:00:00",192808,1036317,83273,1734,472047,1957091.0333333334,2003822.1333333333
"2020-03-15 00:00:00",236946,713211,143462,10767,701766,1937659.6666666667,2001316.1666666667
"2020-03-16 00:00:00",345716,989505,127629,3566,943748,1968450.8666666667,2006664.1333333333
"2020-03-17 00:00:00",400855,594723,145535,5698,614296,1965124.0666666667,2009843.9333333333
"2020-03-18 00:00:00",286143,1400617,144482,2104,853264,1983129.5333333334,1992521.5
"2020-03-19 00:00:00",295619,512006,130218,4486,724668,1975968.0666666667,1965386.2333333334
"2020-03-20 00:00:00",140859,877920,113295,4876,353490,1975775.9,1977732.5333333334
"2020-03-21 00:00:00",196530,834543,81712,4768,329487,1956285.4666666666,1957504.9
"2020-03-22 00:00:00",230936,1126280,139155,9966,797396,1960893.3333333333,1959966.2333333334
"2020-03-23 00:00:00",409307,1671204,149393,3461,712630,2024788.8333333333,1938995.6
"2020-03-24 00:00:00",271276,494658,138888,4561,483459,2006738.2666666666,1944317.0666666667
"2020-03-25 00:00:00",317041,1085956,131968,1855,615909,1991122.3333333333,1932842.6666666667
"2020-03-26 00:00:00",252996,893232,123226,6478,979250,1996048.8,1937140.8333333333
"2020-03-27 00:00:00",209373,1279516,94813,7862,641153,2017708.5333333334,1955691.1333333333
"2020-03-28 00:00:00",195060,268241,88509,5014,839396,2000591.6333333333,1955327.1666666667
"2020-03-29 00:00:00",172538,943186,106759,6864,339221,1980260.3333333333,1966625.3333333333
"2020-03-30 00:00:00",297664,829771,155191,3175,829897,1970950.4666666666,1930243.9333333333
"2020-03-31 00:00:00",336269,1289278,137107,4912,541892,1995730.2666666666,1944346.9333333333
"2020-04-01 00:00:00",447976,825741,125357,1978,626190,2011227.9,1954723.1333333333
"2020-04-02 00:00:00",372395,776269,94050,2218,600281,2002361.4333333333,1939946.8333333333
"2020-04-03 00:00:00",350653,994408,142548,1560,1176048,2017539.7333333334,1952431.3333333333
"2020-04-04 00:00:00",165323,1414133,102018,3509,552543,2029392.6666666667,1936713.9
"2020-04-05 00:00:00",274050,1155576,125165,7123,643556,2028687.4333333333,1926637.3666666667
"2020-04-06 00:00:00",315450,799136,139554,5532,600048,2031124.1666666667,1919892.3333333333
"2020-04-07 00:00:00",347374,1171212,126478,5452,451461,2041454.1,1938412.1666666667
"2020-04-08 00:00:00",341683,1213483,137626,2727,558647,2052548.5333333334,1935933.3666666667
"2020-04-09 00:00:00",306931,1160079,116558,2379,579322,2064362.5666666667,1935800.7666666666
"2020-04-10 00:00:00",200003,1346113,114020,3307,589651,2051000.4666666666,1946032
"2020-04-11 00:00:00",197887,498153,90459,3951,652678,2030952.5333333334,1954425.9
"2020-04-12 00:00:00",278119,802938,110180,2382,456450,2014580.7666666666,1906900.1333333333
"2020-04-13 00:00:00",226990,449247,74527,1616,247848,1988382.2,1898353.3333333333
"2020-04-14 00:00:00",250215,927401,106965,4395,576604,1990362.5333333334,1909610.5333333334
"2020-04-15 00:00:00",384849,1788429,142776,2686,938331,2018592.6333333333,1899187.6
"2020-04-16 00:00:00",226895,916909,153436,11395,363979,2015643.0666666667,1893634.8666666667
"2020-04-17 00:00:00",305916,1238215,112988,9522,352689,1993400.4,1918800.4666666666
"2020-04-18 00:00:00",257275,643325,76602,1787,255790,1978993,1915454.0666666667
"2020-04-19 00:00:00",271585,727140,114082,3215,590645,1986200.1666666667,1930847.3
"2020-04-20 00:00:00",400125,1925316,120975,3724,344535,2031122.1,1939259.5
"2020-04-21 00:00:00",221724,898386,111920,2966,293495,2005280.8666666667,1928380.9666666666
"2020-04-22 00:00:00",370108,296613,128489,2238,696910,1956892.5,1944392.2666666666
"2020-04-23 00:00:00",306680,816881,142830,5975,754116,1978014.2666666666,1942386.3666666667
"2020-04-24 00:00:00",232654,1410592,147347,1502,305136,1976164.2333333334,1946252.6
"2020-04-25 00:00:00",187461,652544,80214,17363,827789,1959836.9,1916824.4666666666
"2020-04-26 00:00:00",265979,889191,113758,3217,389373,1940797.0333333334,1892870.6
"2020-04-27 00:00:00",227123,975310,130620,3667,871522,1967865.3,1887263.6666666667
"2020-04-28 00:00:00",323179,891823,85437,2077,484718,1975154.1,1854476.6333333333
"2020-04-29 00:00:00",264004,758480,129941,2581,639992,1964463.9,1819637.3666666667
"2020-04-30 00:00:00",218146,968590,98586,6000,841844,1958587.8,1808472.8333333333
"2020-05-01 00:00:00",134214,1226568,78112,5883,515529,1956356.6333333333,1816042.5666666667
"2020-05-02 00:00:00",147044,915119,51890,1940,541949,1950113.9333333333,1799936.8333333333
"2020-05-03 00:00:00",162842,247054,49586,988,643500,1898071.4333333333,1788634.6333333333
"2020-05-04 00:00:00",282038,571469,46242,1928,594815,1873369.8,1798824.6333333333
"2020-05-05 00:00:00",282413,727220,59517,1227,565620,1854386.8333333333,1831846.0666666667
"2020-05-06 00:00:00",268324,877986,115686,2999,916620,1865116.5333333334,1843514.1333333333
"2020-05-07 00:00:00",476653,805420,96334,2227,739787,1865731.4,1861722.9333333333
"2020-05-08 00:00:00",260830,585691,117039,184,483391,1838830.2666666666,1842130.1
"2020-05-09 00:00:00",174182,880009,102303,5025,452599,1820457.8333333333,1861038.6333333333
"2020-05-10 00:00:00",293110,808814,120982,4960,357058,1798185.3666666667,1859666.6333333333
"2020-05-11 00:00:00",319381,1208174,124529,6469,799289,1832009.6,1860262.7333333334
"2020-05-12 00:00:00",428500,770491,120447,3312,304081,1831235.2666666666,1888162.4666666666
"2020-05-13 00:00:00",332005,1004614,132227,6356,800804,1873761.3666666667,1934435.1333333333
"2020-05-14 00:00:00",283836,701640,144794,3753,605847,1869571.8333333333,1920458.0333333334
"2020-05-15 00:00:00",242429,749288,102517,3812,602407,1817684.4,1922766.4666666666
"2020-05-16 00:00:00",192859,450387,80363,6319,762110,1811664.4333333333,1929902.4
"2020-05-17 00:00:00",306861,949319,103659,3294,246945,1798022.6666666667,1884909.7666666666
"2020-05-18 00:00:00",344722,699846,125061,8151,691495,1819173,1880056.4
"2020-05-19 00:00:00",195078,476078,124094,2436,410304,1802550.5666666667,1861188.1666666667
"2020-05-20 00:00:00",214700,902672,113016,4229,450819,1765575.3333333333,1853472.7666666666
"2020-05-21 00:00:00",372526,864071,131580,2529,703914,1783779.1666666667,1868048.1
"2020-05-22 00:00:00",208455,707978,116453,2176,288289,1778079.3333333333,1871657.6
"2020-05-23 00:00:00",135219,483404,72915,5340,767110,1759328.4,1870486.8
"2020-05-24 00:00:00",293070,366481,138748,3809,525570,1733676.6333333333,1874089.6333333333
"2020-05-25 00:00:00",263870,805323,143013,9827,334632,1726720.2666666666,1896359.2333333334
"2020-05-26 00:00:00",353916,1040634,131887,4345,866520,1751246.3,1900063.4666666666
"2020-05-27 00:00:00",316369,608550,123762,2919,913359,1743136.1666666667,1921497.2333333334
"2020-05-28 00:00:00",159847,883148,136519,3329,338968,1734289.3,1952242.3666666667
"2020-05-29 00:00:00",231530,944797,106029,5323,326442,1728259.8333333333,2001765.2
"2020-05-30 00:00:00",154191,612165,67597,3726,209644,1692064.4666666666,1978834.8
"2020-05-31 00:00:00",308957,908027,124485,4024,606728,1691794.9666666666,1966284.7333333334
"2020-06-01 00:00:00",258465,674338,137025,3724,1000811,1705676.3333333333,2000576.9666666666
"2020-06-02 00:00:00",392890,782186,118402,1727,228996,1719685,2005422.5
"2020-06-03 00:00:00",377014,966342,135891,7764,357063,1731272,2016315.9333333333
"2020-06-04 00:00:00",324313,527712,104563,2604,460949,1724077.2333333334,1988018.6666666667
"2020-06-05 00:00:00",331148,585943,92535,2533,423536,1699213.1333333333,1982054.6666666667
"2020-06-06 00:00:00",129572,860539,66267,5683,203078,1670703.1666666667,1965094.0666666667
"2020-06-07 00:00:00",231162,704457,109507,5490,475397,1673333,1966477.1
"2020-06-08 00:00:00",319951,970127,108651,4283,648894,1687926.3,1942388.8666666667
"2020-06-09 00:00:00",295012,675821,137211,4708,543379,1690300.2,1939865.6333333333
"2020-06-10 00:00:00",319319,1100578,109546,3088,374078,1671925.3333333333,1930008.3666666667
"2020-06-11 00:00:00",289713,856199,82871,2979,391628,1671810.6,1910557.1
"2020-06-12 00:00:00",260235,448030,74071,4787,438125,1636785.1666666667,1879310.2333333334
"2020-06-13 00:00:00",155228,471690,81632,3635,355121,1614365.1,1867072.4333333333
"2020-06-14 00:00:00",304572,796741,111757,2569,468946,1613836.3,1861521.6666666667
"2020-06-15 00:00:00",279683,876475,115848,6736,431072,1621096.1333333333,1827179.9666666666
"2020-06-16 00:00:00",349969,544659,122031,3696,433098,1615875.3,1854398.1666666667
"2020-06-17 00:00:00",290860,795570,130760,2811,228209,1601839.9,1886691.8666666667
"2020-06-18 00:00:00",287826,623388,108625,3995,543285,1613811.2666666666,1907898.2666666666
"2020-06-19 00:00:00",197107,476157,95848,1979,583522,1602783.7666666666,1927720
"2020-06-20 00:00:00",171059,1135864,63069,4351,761870,1604836.4,1939694.1
"2020-06-21 00:00:00",272619,902863,93782,6929,386452,1616146.3333333333,1901584.3
"2020-06-22 00:00:00",235615,402644,105634,2867,330273,1603248.6,1908571.8333333333
"2020-06-23 00:00:00",334466,437043,113102,3460,404746,1602086.6333333333,1914210.4333333333
"2020-06-24 00:00:00",335012,834550,127208,5744,371146,1605986.2333333334,1928076.9
"2020-06-25 00:00:00",253272,919764,120931,3317,624682,1590141.9333333333,1923412.6
"2020-06-26 00:00:00",173750,775214,126237,4465,651857,1582360.7666666666,1891910.8333333333
"2020-06-27 00:00:00",160953,1025671,84906,5100,325165,1585026.4,1894855.8666666667
"2020-06-28 00:00:00",201566,432567,136916,3962,421099,1571092.7,1898606.2333333334
"2020-06-29 00:00:00",383485,701273,130431,3395,748792,1601761.9333333333,1909249.9
"2020-06-30 00:00:00",202903,431862,113016,2592,300526,1571717.9,1899627.8
"2020-07-01 00:00:00",298628,593244,103024,2314,197170,1542384.7666666666,1893777
"2020-07-02 00:00:00",300160,608233,130624,1654,558352,1544878.6666666667,1905652.4666666666
"2020-07-03 00:00:00",245315,470724,103614,4285,708683,1534496.5333333334,1901594.7333333334
"2020-07-04 00:00:00",219355,657234,46795,3506,343564,1529506.4666666666,1908797.0666666667
"2020-07-05 00:00:00",291569,614114,78472,6639,714886,1538506.4,1886538.6
"2020-07-06 00:00:00",325705,761100,101742,2846,391036,1549083.4,1880477.9
"2020-07-07 00:00:00",275143,795576,94101,1448,373733,1549549.5666666667,1906546.8333333333
"2020-07-08 00:00:00",388680,645069,107546,3564,694919,1542478.7333333334,1912256.8
"2020-07-09 00:00:00",247907,766098,95398,2622,477560,1540260.2666666666,1917554.6333333333
"2020-07-10 00:00:00",223943,824708,94544,4186,345285,1526462.3,1939862.4333333333
"2020-07-11 00:00:00",209272,828544,85306,2995,677503,1532469.7666666666,1945428.1333333333
"2020-07-12 00:00:00",255973,927482,121130,4781,361548,1547325.8333333333,1942481.3
"2020-07-13 00:00:00",367210,1090334,111601,5508,457654,1579493.2333333334,1947599.0333333334
"2020-07-14 00:00:00",236113,511837,114564,3474,570521,1571224.1333333333,1951179.8333333333
"2020-07-15 00:00:00",305771,902439,120725,10267,405320,1572381.2,1993127.9333333333
"2020-07-16 00:00:00",272876,1019445,94556,3054,484140,1586401.6666666667,2001543.6
"2020-07-17 00:00:00",179327,701446,99674,1589,789269,1597171.4,1990581.5333333334
"2020-07-18 00:00:00",114147,679291,73564,3864,552093,1592365.6333333333,1973545.8333333333
"2020-07-19 00:00:00",233377,523102,121500,9320,340021,1588123.0333333334,1946124.1333333333
"2020-07-20 00:00:00",304498,1014668,142542,2733,325640,1576586.1333333333,1918177.0333333334
"2020-07-21 00:00:00",232880,596681,126080,3438,526761,1570692.6666666667,1957670.7666666666
"2020-07-22 00:00:00",362660,761949,89959,3997,581713,1594800.3,1944295.2666666666
"2020-07-23 00:00:00",200533,710875,71344,8521,448587,1599701.2333333334,1946946.7333333334
"2020-07-24 00:00:00",229335,719832,81053,1004,663924,1600417.5666666667,1937205.6
"2020-07-25 00:00:00",155248,708148,80517,4031,665784,1590142.0333333334,1949805.4666666666
"2020-07-26 00:00:00",312139,892154,120936,2552,332757,1587775.8666666667,1951789.0666666667
"2020-07-27 00:00:00",283131,954495,105818,3182,555916,1597800.8333333333,1935511.6333333333
"2020-07-28 00:00:00",335754,789366,125768,2431,418648,1613663.0333333334,1953926.8666666667
"2020-07-29 00:00:00",333901,821390,151639,1905,597599,1611631.4666666666,1950317.3666666667
"2020-07-30 00:00:00",201241,1055769,132238,5689,600521,1643117.1666666667,1962713.4
"2020-07-31 00:00:00",170156,461819,131094,5996,304293,1639083.3666666667,1971141.9666666666
"2020-08-01 00:00:00",104350,774354,88170,3251,900988,1648152.7,1957639.0666666667
"2020-08-02 00:00:00",285439,877248,133189,5792,335690,1651644.2666666666,1961855.7666666666
"2020-08-03 00:00:00",298296,826786,154102,10278,837530,1680196.6333333333,1966928.7
"2020-08-04 00:00:00",219662,728321,108663,1293,746793,1683498.2,1962095.7666666666
"2020-08-05 00:00:00",258881,938284,108475,3609,788222,1700665.9666666666,1943205.5666666667
"2020-08-06 00:00:00",192349,825629,111829,4389,291565,1696857.8333333333,1963864.4333333333
"2020-08-07 00:00:00",101390,697345,84517,2334,634957,1686216.8,1969401.1333333333
"2020-08-08 00:00:00",116350,471692,79262,3090,604103,1675713.2,1966084.9
"2020-08-09 00:00:00",233873,304127,84546,5396,311969,1657287.8666666667,1931361.8333333333
"2020-08-10 00:00:00",205821,717170,124211,1865,546404,1650349.7666666666,1903643.7
"2020-08-11 00:00:00",204679,601976,83993,1416,222931,1631818.5333333334,1875959.4666666666
"2020-08-12 00:00:00",288209,638691,79672,2263,587286,1617278.7333333334,1841992.5333333334
"2020-08-13 00:00:00",276973,820174,69694,2568,533702,1626164.9666666666,1789804.0666666667
"2020-08-14 00:00:00",239507,886764,60499,786,400276,1620941.5,1732797.9666666666
"2020-08-15 00:00:00",128349,478701,48322,962,653464,1602131.8333333333,1734352.0333333334
"2020-08-16 00:00:00",343154,928883,119790,3071,469459,1605233.3666666667,1757489.8666666667
"2020-08-17 00:00:00",313424,737932,129067,6498,416637,1611253.6333333333,1777886.1666666667
"2020-08-18 00:00:00",387401,941690,134301,6226,851897,1647726.6666666667,1809481.8333333333
"2020-08-19 00:00:00",629868,725391,120381,3725,634885,1658532.2666666666,1837541.5333333334
"2020-08-20 00:00:00",242774,677979,116559,2931,593485,1663461.6333333333,1839963.4
"2020-08-21 00:00:00",312939,1018190,112865,2078,701971,1675054.4,1864649.1333333333
"2020-08-22 00:00:00",144845,747689,95040,7175,294822,1670044.8333333333,1854023.7
"2020-08-23 00:00:00",213958,882486,127483,5520,499796,1671181.4666666666,1854481.9333333333
"2020-08-24 00:00:00",250835,507851,109365,3133,367613,1658684.6333333333,1852734.1666666667
"2020-08-25 00:00:00",252794,1269028,119202,4212,553554,1676626.2666666666,1894958.2666666666
"2020-08-26 00:00:00",208392,410875,124918,4660,419946,1652167.6666666667,1902251.8333333333
"2020-08-27 00:00:00",273896,898831,140038,3610,600660,1660336.6,1866103.5
"2020-08-28 00:00:00",180197,1066743,97733,1951,382221,1654417.0333333334,1885021
"2020-08-29 00:00:00",179559,573892,94654,4332,981663,1649037.8666666667,1904652.5666666667
"2020-08-30 00:00:00",194198,848448,91279,7783,378396,1663929.2,1893096.4
"2020-08-31 00:00:00",301235,450618,102948,1802,449435,1645093.6666666667,1897253.1666666667
"2020-09-01 00:00:00",178580,884565,114729,3669,362986,1641999.1666666667,1915124.5333333334
"2020-09-02 00:00:00",340064,688937,79538,2192,389990,1621122.4666666666,1914452.3
"2020-09-03 00:00:00",133232,522073,94090,3285,855266,1614562.6,1927477.1333333333
"2020-09-04 00:00:00",257788,567510,107070,890,407631,1589342.9333333333,1968591.4666666666
"2020-09-05 00:00:00",138749,560718,64790,1709,280557,1576700.7333333334,1923788.6666666667
"2020-09-06 00:00:00",280688,624937,66306,5188,220792,1565945.6,1894098.0666666667
"2020-09-07 00:00:00",184223,921350,92266,849,187301,1569662.0333333334,1879252.4333333333
"2020-09-08 00:00:00",170854,1221672,119102,2849,645882,1610344.2,1907171.4666666666
"2020-09-09 00:00:00",501833,1420587,149464,4664,1004811,1659873.7666666666,1928506.3
"2020-09-10 00:00:00",373992,1070818,149899,4107,737810,1700595.4666666666,1974238.4666666666
"2020-09-11 00:00:00",299840,828342,136338,2475,517638,1706879.5,2014732.4333333333
"2020-09-12 00:00:00",105291,925052,84764,3719,405842,1700931.3,2090293.8333333333
"2020-09-13 00:00:00",196656,874442,133929,5408,288930,1697982.9666666666,2125138.1
"2020-09-14 00:00:00",303730,818514,101288,4106,372509,1707661.6666666667,2090310.9
"2020-09-15 00:00:00",277520,815319,121910,3941,810163,1713145.1333333333,2075594.6666666667
"2020-09-16 00:00:00",307844,682625,164053,2836,422175,1712344.5,2070690.2666666666
"2020-09-17 00:00:00",324120,1553242,135813,3362,591799,1721905.3,2055118.9333333333
"2020-09-18 00:00:00",173938,670782,106303,3895,370083,1695596.8666666667,2039780.2
"2020-09-19 00:00:00",139599,652522,92165,6952,300245,1680855.0333333334,2015527.4333333333
"2020-09-20 00:00:00",183624,730515,79156,2621,515321,1659627.9,1976012.5
"2020-09-21 00:00:00",249796,485501,88141,2888,842501,1672269.7,1935684.2
"2020-09-22 00:00:00",291053,927255,106607,5477,453644,1674096.0333333334,1928673.6333333333
"2020-09-23 00:00:00",303773,304257,106259,4583,534645,1674586.1333333333,1954641.8666666667
"2020-09-24 00:00:00",261661,646878,73403,3414,361868,1646200.6,1926976.5666666667
"2020-09-25 00:00:00",330191,543364,81762,3383,311366,1649576.6333333333,1928465.4333333333
"2020-09-26 00:00:00",243348,480336,99192,2744,524533,1630679.7333333334,1932120.9333333333
"2020-09-27 00:00:00",213158,1517212,171949,9362,524355,1654252.5333333334,1921783.8666666667
"2020-09-28 00:00:00",225894,1232936,131963,3041,1281245,1688951.9666666666,1911490.9333333333
"2020-09-29 00:00:00",356619,644511,139187,3120,631730,1697454.5666666667,1921315.6
"2020-09-30 00:00:00",296845,1004752,133221,4064,449429,1716864.0333333334,1920958.7666666666
"2020-10-01 00:00:00",356612,1015289,155817,7344,689388,1739528.3,1904272.0666666667
"2020-10-02 00:00:00",293671,894038,149090,7389,533751,1752102.8333333333,1896972.8666666667
"2020-10-03 00:00:00",354104,470322,82625,3805,616855,1749428.2666666666,1899689.9666666666
"2020-10-04 00:00:00",223976,1069359,151803,4340,434569,1767534.0333333334,1876037.0666666667
"2020-10-05 00:00:00",271830,1122687,114054,2683,365816,1795219.8,1867545.9666666666
"2020-10-06 00:00:00",242825,565477,145033,5272,378888,1799873.6333333333,1900621.3333333333
"2020-10-07 00:00:00",320971,735791,105552,1792,463964,1807943.8,1903582.7
"2020-10-08 00:00:00",209618,414263,69514,3539,270932,1768193.3666666667,1895891.4666666666
"2020-10-09 00:00:00",134866,647403,53092,2544,141003,1698111,1873190.8
"2020-10-10 00:00:00",28691,595454,38821,3860,161412,1647830.1,1798948
"2020-10-11 00:00:00",207063,633099,87043,3958,367315,1631624.7333333334,1742229.6333333333
"2020-10-12 00:00:00",272821,1112667,131769,5715,517912,1648832.6,1716842.2
"2020-10-13 00:00:00",401139,1237054,126142,4287,1144032,1695942.2333333334,1742013.3666666667
"2020-10-14 00:00:00",235462,568317,185140,5978,420397,1689780.8333333333,1813386.3333333333
"2020-10-15 00:00:00",305612,1169406,125862,3742,609503,1695956.4333333333,1818974.1
"2020-10-16 00:00:00",277907,699671,105499,6510,565000,1698458.1333333333,1811596.5666666667
"2020-10-17 00:00:00",165589,1059313,95654,5617,222813,1663145.7333333334,1824871.9
"2020-10-18 00:00:00",191756,784390,127524,6904,490883,1672361.2666666666,1808364.2
"2020-10-19 00:00:00",202452,784618,141330,1823,272581,1679405.7666666666,1821337.1
"2020-10-20 00:00:00",327671,1535438,141777,15179,548660,1714655.8333333333,1842645.7
"2020-10-21 00:00:00",375165,475215,112954,7623,731814,1715787.7666666666,1894428.4666666666
"2020-10-22 00:00:00",289826,1218514,115425,3367,443949,1725355.9666666666,1896933.2666666666
"2020-10-23 00:00:00",190226,689442,113561,3973,318286,1727421.9333333333,1854001.7333333334
"2020-10-24 00:00:00",204728,428495,70887,6975,476009,1722084.0333333334,1844127.2666666666
"2020-10-25 00:00:00",369023,970285,116265,3184,423800,1742500.5666666667,1840606.0333333334
"2020-10-26 00:00:00",329944,1087506,120535,3735,897204,1778793.7,1832726.3333333333
"2020-10-27 00:00:00",328089,1113971,130433,4877,708906,1773802.0666666667,1839975.9666666666
"2020-10-28 00:00:00",264004,921801,150246,3320,730139,1746950,1837022.3333333333
"2020-10-29 00:00:00",367501,821395,140122,7897,387009,1745242.0333333334,1848943.3333333333
"2020-10-30 00:00:00",248406,966451,125797,2089,593181,1746829,1870788.3666666667
"2020-10-31 00:00:00",219258,518591,91555,4689,310890,1710846,1882707.9666666666
"2020-11-01 00:00:00",161839,1100616,104679,2651,452176,1708979.9333333333,1869529.2333333334
"2020-11-02 00:00:00",348634,647876,88606,3874,446133,1709226.9666666666,1875458.4666666666
"2020-11-03 00:00:00",273955,801161,134303,3858,1078530,1722818.6,1918460.1333333333
"2020-11-04 00:00:00",387459,1282789,100492,4230,469335,1735059.6666666667,1963172.8
"2020-11-05 00:00:00",210277,573535,145276,3778,412394,1735318.4,1971072.8333333333
"2020-11-06 00:00:00",420465,997999,119775,2542,338674,1743697.5666666667,1982062.3
"2020-11-07 00:00:00",228813,772839,98288,5401,452931,1763378.0666666667,1978473
"2020-11-08 00:00:00",192698,677589,162713,9237,588342,1785100.7333333334,2006926.3
"2020-11-09 00:00:00",282082,684662,120452,7414,448649,1808935.9666666666,2069159.6333333333
"2020-11-10 00:00:00",282061,714979,133744,5519,722684,1827620.0666666667,2124796.1
"2020-11-11 00:00:00",325906,1108921,109634,1906,447677,1826058.7,2145921.5
"2020-11-12 00:00:00",309475,694479,153721,2166,619236,1788272.5666666667,2119848.6333333333
"2020-11-13 00:00:00",289322,681646,111039,5658,712523,1801102.3,2061714.7666666666
"2020-11-14 00:00:00",173239,1171237,91700,4876,615155,1795838.2,2043711.5333333334
"2020-11-15 00:00:00",214217,820481,114283,6568,454124,1794341.2666666666,2027050.4666666666
"2020-11-16 00:00:00",267273,1666550,157362,2597,358181,1824441.3,2020458.8666666667
"2020-11-17 00:00:00",233419,613939,103057,3026,706498,1826390.6333333333,2038391.6
"2020-11-18 00:00:00",335010,1364603,128771,3909,573984,1859839.6333333333,2025609.7
"2020-11-19 00:00:00",336821,698392,130881,5061,723030,1837354.7666666666,2044956.7
"2020-11-20 00:00:00",420014,755979,122785,2267,314886,1834460.1333333333,2038926.5666666667
"2020-11-21 00:00:00",180216,591467,68825,6340,327202,1804558.4,2043242.9333333333
"2020-11-22 00:00:00",232756,919360,70723,6889,448227,1816640.4666666666,2053493.4333333333
"2020-11-23 00:00:00",234907,863326,142741,4901,632667,1839689.5333333334,2068677.7333333334
"2020-11-24 00:00:00",372239,786742,155128,2570,1208281,1861103.0666666667,2066321.4666666666
"2020-11-25 00:00:00",301826,738022,123180,4180,782119,1844783.2,2080623.5333333334
"2020-11-26 00:00:00",326854,1111109,144324,2867,498091,1838015.5333333334,2069779.0666666667
"2020-11-27 00:00:00",320181,651647,132563,8089,629696,1827104.2333333334,2075569.1333333333
"2020-11-28 00:00:00",176885,505318,79475,1959,667601,1817347,2056431.7666666666
"2020-11-29 00:00:00",262756,1238385,164603,5851,395745,1821727.8,2038210.2333333334
"2020-11-30 00:00:00",310214,814412,117439,4586,560781,1843810,2039388.4333333333
"2020-12-01 00:00:00",250986,670891,125472,4194,541955,1836194.3666666667,2044221.1333333333
"2020-12-02 00:00:00",283281,1066601,116362,2950,374775,1846489.7,2025749.2
"2020-12-03 00:00:00",269934,630021,131197,4063,724185,1828742.7666666666,1983943.8
"2020-12-04 00:00:00",481499,856341,135262,2098,741074,1827808.3333333333,1951590.2
"2020-12-05 00:00:00",313714,925544,68249,2577,775650,1852490.4,1947138.7666666666
"2020-12-06 00:00:00",237111,1214804,112483,8092,664539,1864410.1333333333,1967498.6666666667
"2020-12-07 00:00:00",339144,1045334,143744,5802,367390,1875848.0666666667,1958885.2333333334
"2020-12-08 00:00:00",348743,522447,120350,4844,592901,1874472.1666666667,1982252.8
"2020-12-09 00:00:00",362624,572198,171750,3303,241843,1868087.0333333334,1979738.4333333333
"2020-12-10 00:00:00",222555,803277,125389,6066,465755,1860221.9333333333,1980579.8666666667
"2020-12-11 00:00:00",288305,841578,114944,7116,782439,1861566.5666666667,1948714.4
"2020-12-12 00:00:00",302702,646213,93900,3893,835483,1865003.3666666667,1963560.5666666667
"2020-12-13 00:00:00",372354,819593,152688,5301,348985,1861627.6666666667,1959320.9666666666
"2020-12-14 00:00:00",274378,1129217,102922,5872,594520,1863318.3333333333,1952583.9333333333
"2020-12-15 00:00:00",445860,596635,124478,2455,612628,1869063.9,1964475.2
"2020-12-16 00:00:00",348118,778215,101175,7110,396020,1841685.9,1963550.0666666667
"2020-12-17 00:00:00",325152,1059488,132831,6059,827953,1864737.2,1961432.4
"2020-12-18 00:00:00",335241,731539,137466,1713,569149,1843697.9,1980717.6666666667
"2020-12-19 00:00:00",251295,871155,130795,6915,657323,1844474.0666666667,1955728.1333333333
"2020-12-20 00:00:00",146095,1021429,134269,7167,590905,1853938.7666666666,1941217.8333333333
"2020-12-21 00:00:00",334871,935541,166143,5486,620985,1883572.5,1940673
"2020-12-22 00:00:00",241148,951499,142346,2411,477080,1888123.9666666666,1951168.6333333333
"2020-12-23 00:00:00",150538,1466522,181372,6302,537751,1903588.5333333334,1959578.6333333333
"2020-12-24 00:00:00",211418,903453,131186,3201,962291,1893141.5,1956836.9666666666
"2020-12-25 00:00:00",229784,751849,127768,5979,731344,1889721.4,1943833.9
"2020-12-26 00:00:00",257500,907620,94695,2811,540711,1880390.4,1944458.2333333334
"2020-12-27 00:00:00",176408,422462,131088,10868,413620,1860799.5333333334,1947743.4333333333
"2020-12-28 00:00:00",348485,801506,86941,3707,991027,1887481.1666666667,1946219.3
"2020-12-29 00:00:00",272593,605083,81469,2018,590571,1870293.5333333334,1934837.3333333333
"2020-12-30 00:00:00",233990,509281,47126,261,543780,1854526.4333333333,1870608.0333333334
"2020-12-31 00:00:00",7441,465198,28389,572,595246,1837970.4666666666,1849907.3333333333
"2021-01-01 00:00:00",167032,328752,16913,626,543191,1811720.5666666667,1842732.1666666667
"2021-01-02 00:00:00",217617,931904,21405,0,572894,1811200.3333333333,1856411.1666666667
"2021-01-03 00:00:00",138138,649896,87453,1022,742876,1791303.7,1862655.6
"2021-01-04 00:00:00",164232,1413888,113023,7329,665403,1800575.3333333333,1833383.3333333333
"2021-01-05 00:00:00",342301,1660021,121559,805,447868,1811758.8666666667,1835654.9333333333
"2021-01-06 00:00:00",326589,1201950,137255,2470,500862,1820682.9,1859145.1666666667
"2021-01-07 00:00:00",233140,538650,98510,7701,511194,1814012.8333333333,1818180.1333333333
"2021-01-08 00:00:00",199995,716891,79238,6863,397635,1815643.2333333334,1834057.1
"2021-01-09 00:00:00",275239,816214,95708,3754,614455,1821720.4,1862110.4666666666
"2021-01-10 00:00:00",257359,832551,90958,3503,556442,1811934.6,1869086.1666666667
"2021-01-11 00:00:00",324745,1125818,148170,1851,579723,1821872.2666666666,1858455.8333333333
"2021-01-12 00:00:00",424804,541266,143139,6125,844056,1830554.5666666667,1884868.2333333334
"2021-01-13 00:00:00",241690,1495870,146778,7529,913486,1853836.1333333333,1896904.6333333333
"2021-01-14 00:00:00",329009,1213101,145270,9900,869257,1879986,1909203.5
"2021-01-15 00:00:00",227070,1136507,142825,930,533921,1893673.6333333333,1897894.7
"2021-01-16 00:00:00",300673,740332,106320,4860,394021,1866830.7666666666,1888968.9666666666
"2021-01-17 00:00:00",289034,1105439,132228,7459,527206,1876373.3,1888386.2
"2021-01-18 00:00:00",270835,1147136,128653,1602,791083,1890434.7333333334,1903801.8
"2021-01-19 00:00:00",171599,848760,112677,5328,437055,1879619.3333333333,1904046.7333333334
"2021-01-20 00:00:00",307168,910940,170956,4744,503537,1874096.4,1895965.8
"2021-01-21 00:00:00",311171,957321,129011,3742,569191,1879294.5333333334,1908602.2666666666
"2021-01-22 00:00:00",298611,981095,111749,6433,860664,1876497,1905423.8
"2021-01-23 00:00:00",235323,598341,95314,1191,391375,1846829.9,1901428.2666666666
"2021-01-24 00:00:00",172847,847505,117582,8531,656665,1845376.4333333333,1899233.7333333334
"2021-01-25 00:00:00",241756,1090097,125548,4467,532656,1851749.8666666667,1920191.1666666667
"2021-01-26 00:00:00",264877,841829,139745,4357,768994,1880595,1919572.1666666667
"2021-01-27 00:00:00",468236,868755,119149,2477,807895,1881756.2666666666,1903591.7
"2021-01-28 00:00:00",292061,1042810,132092,6632,632706,1900241.8666666667,1889569.5
"2021-01-29 00:00:00",244373,717667,70354,4066,684690,1913132.4666666666,1973943.0666666667
"2021-01-30 00:00:00",220564,614461,88773,918,680240,1930070.0333333334,2031017.4666666666
"2021-01-31 00:00:00",123382,878322,146541,5714,394614,1946473.4,2027985.6333333333
"2021-02-01 00:00:00",204878,625144,155540,4372,451056,1936380.7,2001165.7333333334
"2021-02-02 00:00:00",269184,976374,109747,7074,712199,1951554.2333333334,2030690.2333333334
"2021-02-03 00:00:00",376713,1133997,142023,1460,646785,1949457.6333333333,2073619.9333333333
"2021-02-04 00:00:00",312754,802093,133897,5487,1025335,1939691.8,2048015.7666666666
"2021-02-05 00:00:00",381893,413395,120634,1826,1013565,1931764.7,2029104.4333333333
"2021-02-06 00:00:00",302472,1011455,144037,6866,784620,1960439.8666666667,2072903.3666666667
"2021-02-07 00:00:00",346136,863742,134670,4822,776134,1984602.5666666667,2025675.8333333333
"2021-02-08 00:00:00",457736,1248102,148888,6708,595584,2006324.4333333333,1993274.8666666667
"2021-02-09 00:00:00",393363,622087,118186,4942,479635,2002238.0333333334,1985722.2333333334
"2021-02-10 00:00:00",381786,921222,113271,2745,1002835,2010289.5666666667,2011376.6333333333
"2021-02-11 00:00:00",275429,1099186,136694,7321,619792,2016257.7,2017605.3
"2021-02-12 00:00:00",337050,1100619,121155,5357,651166,1996590.8,2007847.5
"2021-02-13 00:00:00",161422,1113363,89858,2590,847735,1984871.4,2008045.5666666667
"2021-02-14 00:00:00",245597,678163,123032,10486,216102,1959275.3666666667,1999954.8333333333
"2021-02-15 00:00:00",132802,596855,117722,1299,232677,1943780.1333333333,2001336.0666666667
"2021-02-16 00:00:00",144033,1125227,104054,4311,648784,1942614.6,2002298.6666666667
"2021-02-17 00:00:00",206687,992494,96544,1645,295215,1917723.1666666667,1992345.2
"2021-02-18 00:00:00",324126,1111471,125838,9696,503139,1934351.6333333333,1982342.2
"2021-02-19 00:00:00",304350,1355423,126782,14859,584704,1950644,1986481.3333333333
"2021-02-20 00:00:00",200772,632898,116054,5056,440582,1931474.9333333333,1977190.0333333334
"2021-02-21 00:00:00",206674,914829,143734,4868,886218,1928067.1333333333,1944378.6333333333
"2021-02-22 00:00:00",266715,1000762,118951,7233,354962,1942303.1333333333,1945738.5666666667
"2021-02-23 00:00:00",280770,1134627,119564,5646,613271,1953994.9666666666,1982766.1333333333
"2021-02-24 00:00:00",269172,1480826,129962,6026,891767,1980102.6,1982293.6666666667
"2021-02-25 00:00:00",305418,907872,132388,8077,460986,1973267.2333333334,1963960.7
"2021-02-26 00:00:00",170204,721581,132617,1712,736557,1956472.6,1981110.2666666666
"2021-02-27 00:00:00",160606,870659,82714,5277,551165,1941943.5,2010990.5333333334
"2021-02-28 00:00:00",148006,1557078,97769,7009,524470,1962382.9666666666,1987506.4333333333
"2021-03-01 00:00:00",193144,843497,158855,4444,913862,1979345.2333333334,1952864.7666666666
"2021-03-02 00:00:00",234716,551439,79377,3469,272088,1965761.9333333333,1958274.6333333333
"2021-03-03 00:00:00",241200,981261,132085,2717,518281,1980246.3333333333,1980691.1333333333
"2021-03-04 00:00:00",319995,1741771,176636,7016,730577,2010293.9666666666,1961269.7
"2021-03-05 00:00:00",270139,839207,128395,6829,887763,2004672.4333333333,1932100.6
"2021-03-06 00:00:00",255115,1321826,91209,4426,678040,2007040.2,1949194.4666666666
"2021-03-07 00:00:00",203587,908895,117617,11044,721894,2008097.6,1954013.6333333333
"2021-03-08 00:00:00",242911,962720,126146,785,404295,1991011.5666666667,1926401.9333333333
"2021-03-09 00:00:00",307895,840085,214264,5811,648047,1987364.9333333333,1954126.8
"2021-03-10 00:00:00",309676,898554,154370,3568,291459,1960718.6666666667,1953773.2333333334
"2021-03-11 00:00:00",384773,817524,140760,2786,708950,1975271.3666666667,1992212.3
"2021-03-12 00:00:00",282151,882343,105675,2214,608807,1957249.2,1972510.1333333333
"2021-03-13 00:00:00",152067,780636,69248,7547,357876,1931546.4666666666,1958989.7333333334
"2021-03-14 00:00:00",292350,848741,120400,7785,439401,1914657.0333333334,1957091.0333333334
"2021-03-15 00:00:00",281247,785990,166861,2450,634505,1903193.5666666667,1937659.6666666667
"2021-03-16 00:00:00",357590,1379440,142798,2544,557123,1942064.8,1968450.8666666667
"2021-03-17 00:00:00",393193,1504105,166505,1650,686693,1997758.5333333334,1965124.0666666667
"2021-03-18 00:00:00",279979,582409,150257,5783,684161,1986964.8666666667,1983129.5333333334
"2021-03-19 00:00:00",263987,735651,103931,7693,627391,1991834.0666666667,1975968.0666666667
"2021-03-20 00:00:00",306841,762220,105138,2892,284084,1971397.3,1975775.9
"2021-03-21 00:00:00",210092,1018448,95481,4221,436689,1950690.6666666667,1956285.4666666666
"2021-03-22 00:00:00",249629,1050144,137962,2432,608604,1972471.0666666667,1960893.3333333333
"2021-03-23 00:00:00",308777,1103359,143740,2918,598150,1972491.9,2024788.8333333333
"2021-03-24 00:00:00",302921,863608,134799,4742,559605,1976393.9333333333,2006738.2666666666
"2021-03-25 00:00:00",386787,884542,154490,6857,730340,1976698.7,1991122.3333333333
"2021-03-26 00:00:00",391267,590122,145632,3146,684607,1944599.3,1996048.8
"2021-03-27 00:00:00",217188,827262,136029,6155,495426,1940176.1666666667,2017708.5333333334
"2021-03-28 00:00:00",243245,825430,127231,6612,347931,1933101.9333333333,2000591.6333333333
"2021-03-29 00:00:00",312684,738336,117982,4203,641447,1937909.4666666666,1980260.3333333333
"2021-03-30 00:00:00",203506,1240516,138527,4034,457693,1928241.4666666666,1970950.4666666666
"2021-03-31 00:00:00",299424,811148,158090,1447,282387,1909531.4,1995730.2666666666
"2021-04-01 00:00:00",213042,945666,180930,5618,576045,1935539,2011227.9
"2021-04-02 00:00:00",365398,967998,123803,7059,693573,1944948.9333333333,2002361.4333333333
"2021-04-03 00:00:00",217396,463703,84184,6587,1144260,1909619.2666666666,2017539.7333333334
"2021-04-04 00:00:00",325275,1251147,104424,6889,359438,1906780.5666666667,2029392.6666666667
"2021-04-05 00:00:00",328575,544109,145437,1760,486570,1878642,2028687.4333333333
"2021-04-06 00:00:00",272118,1144731,146540,4665,619282,1886118.6333333333,2031124.1666666667
"2021-04-07 00:00:00",441797,778834,138169,9233,351250,1885533.0333333334,2041454.1
"2021-04-08 00:00:00",281595,1396132,136404,3163,296459,1888788.3333333333,2052548.5333333334
"2021-04-09 00:00:00",436200,733779,127176,2890,259731,1885526.9,2064362.5666666667
"2021-04-10 00:00:00",181787,570326,107491,4408,883136,1875271.6,2051000.4666666666
"2021-04-11 00:00:00",231910,874104,124177,8828,423830,1867993.5333333334,2030952.5333333334
"2021-04-12 00:00:00",258464,868978,162472,1990,493841,1881940.0666666667,2014580.7666666666
"2021-04-13 00:00:00",310824,725438,129111,5862,370271,1876367.5666666667,1988382.2
"2021-04-14 00:00:00",332306,787570,127073,5610,368594,1868037.5,1990362.5333333334
"2021-04-15 00:00:00",286467,1006560,141313,3663,599894,1854650.4,2018592.6333333333
"2021-04-16 00:00:00",268482,1103848,100222,7375,401452,1825624.8,2015643.0666666667
"2021-04-17 00:00:00",354770,486957,75370,8339,377302,1812295.7666666666,1993400.4
"2021-04-18 00:00:00",210542,1275016,97385,3387,170594,1812904.4333333333,1978993
"2021-04-19 00:00:00",379022,1227792,210255,3687,355125,1836728.8,1986200.1666666667
"2021-04-20 00:00:00",356306,796521,154397,4415,461542,1837004.3,2031122.1
"2021-04-21 00:00:00",305329,1162068,142231,4435,641871,1843909.9,2005280.8666666667
"2021-04-22 00:00:00",275656,976434,136830,6635,482831,1834624.9333333333,1956892.5
"2021-04-23 00:00:00",435192,1042914,121281,3051,234517,1833667.6666666667,1978014.2666666666
"2021-04-24 00:00:00",209855,805104,89235,6895,688251,1821544.4333333333,1976164.2333333334
"2021-04-25 00:00:00",199520,657469,134974,5989,720002,1818317.3,1959836.9
"2021-04-26 00:00:00",286754,1385741,145589,3549,760921,1848334.0333333334,1940797.0333333334
"2021-04-27 00:00:00",304155,854931,135955,3164,416446,1853807.9333333333,1967865.3
"2021-04-28 00:00:00",214640,912382,93397,2615,614434,1854568.6333333333,1975154.1
"2021-04-29 00:00:00",224773,1297997,126359,1491,608260,1861722,1964463.9
"2021-04-30 00:00:00",186105,717592,125396,4997,849871,1872770.6333333333,1958587.8
"2021-05-01 00:00:00",169927,710611,72915,6522,470489,1856408.6,1956356.6333333333
"2021-05-02 00:00:00",160330,990960,50429,1798,268108,1833534.2,1950113.9333333333
"2021-05-03 00:00:00",322103,749544,73926,1836,735966,1832442.1333333333,1898071.4333333333
"2021-05-04 00:00:00",283326,877995,71891,572,438747,1819953.5,1873369.8
"2021-05-05 00:00:00",279276,1150094,161849,1612,436770,1837392.0333333334,1854386.8333333333
"2021-05-06 00:00:00",332029,983514,150050,3051,462857,1828864.4666666666,1865116.5333333334
"2021-05-07 00:00:00",350735,913262,123439,5970,797366,1844580.2666666666,1865731.4
"2021-05-08 00:00:00",416741,772292,98436,3022,430078,1831473.3333333333,1838830.2666666666
"2021-05-09 00:00:00",309323,922203,166187,2876,547009,1844400.6,1820457.8333333333
"2021-05-10 00:00:00",260413,1033880,133774,3602,446890,1848781.2333333334,1798185.3666666667
"2021-05-11 00:00:00",219274,711193,194871,5610,767722,1856641.8666666667,1832009.6
"2021-05-12 00:00:00",226444,1148749,109839,3692,530376,1864420.1,1831235.2666666666
"2021-05-13 00:00:00",325999,643903,143630,2647,406174,1863781.7333333334,1873761.3666666667
"2021-05-14 00:00:00",286111,887525,140770,2495,572537,1872724.5333333334,1869571.8333333333
"2021-05-15 00:00:00",231456,846460,71490,4404,515346,1860432.8,1817684.4
"2021-05-16 00:00:00",266570,815241,125713,5771,301853,1848224.7666666666,1811664.4333333333
"2021-05-17 00:00:00",260949,741100,149785,5892,756730,1868615.5,1798022.6666666667
"2021-05-18 00:00:00",293459,969305,142362,2561,754379,1882120.6333333333,1819173
"2021-05-19 00:00:00",394236,1051709,154369,3130,345023,1874539.6,1802550.5666666667
"2021-05-20 00:00:00",194962,851903,139670,6365,768978,1880829.0666666667,1765575.3333333333
"2021-05-21 00:00:00",244581,1019456,105988,5273,187265,1857716.0666666667,1783779.1666666667
"2021-05-22 00:00:00",306487,761305,89558,5349,436503,1848408.9333333333,1778079.3333333333
"2021-05-23 00:00:00",188390,968605,155404,5894,628683,1852076.2333333334,1759328.4
"2021-05-24 00:00:00",270968,726781,168620,1898,656793,1852934.1333333333,1733676.6333333333
"2021-05-25 00:00:00",244691,781793,150629,3478,364153,1847160.5333333334,1726720.2666666666
"2021-05-26 00:00:00",220700,1082608,133322,4861,420849,1823153.5666666667,1751246.3
"2021-05-27 00:00:00",293697,501561,141877,2728,686321,1820204.6,1743136.1666666667
"2021-05-28 00:00:00",192990,1070467,128491,2897,462814,1820877.6,1734289.3
"2021-05-29 00:00:00",170809,863274,83990,4105,208678,1789943.2,1728259.8333333333
"2021-05-30 00:00:00",374000,1058595,147280,7762,657319,1801976.2666666666,1692064.4666666666
"2021-05-31 00:00:00",237409,1214942,128935,2455,286768,1816645.0333333334,1691794.9666666666
"2021-06-01 00:00:00",242183,573696,129129,5030,620976,1819958.8666666667,1705676.3333333333
"2021-06-02 00:00:00",230827,874770,155097,4808,538837,1817325.2,1719685
"2021-06-03 00:00:00",375429,717096,129657,4169,595521,1822303.6666666667,1731272
"2021-06-04 00:00:00",283400,959889,63095,10520,294947,1808378.2333333334,1724077.2333333334
"2021-06-05 00:00:00",311551,631969,79327,9226,322019,1789130.7,1699213.1333333333
"2021-06-06 00:00:00",281594,1023199,131525,3960,484367,1780259.7333333334,1670703.1666666667
"2021-06-07 00:00:00",488144,730081,153476,2987,637759,1789989.6666666667,1673333
"2021-06-08 00:00:00",273103,868633,134236,4174,302407,1777821.4,1687926.3
"2021-06-09 00:00:00",306971,1017808,157351,3703,644853,1786225.6666666667,1690300.2
"2021-06-10 00:00:00",285386,1201547,114118,3818,522979,1793864.9,1671925.3333333333
"2021-06-11 00:00:00",265846,1080732,125161,1845,338192,1786954.3333333333,1671810.6
"2021-06-12 00:00:00",235996,545036,106227,3632,300992,1775938.4333333333,1636785.1666666667
"2021-06-13 00:00:00",279092,1255977,146257,8096,815904,1796468.3,1614365.1
"2021-06-14 00:00:00",267479,904985,120603,2415,603258,1804121.4666666666,1613836.3
"2021-06-15 00:00:00",242393,1325157,147022,8866,846280,1839274.0333333334,1621096.1333333333
"2021-06-16 00:00:00",343715,727120,138837,3825,320440,1826590.1666666667,1615875.3
"2021-06-17 00:00:00",270818,660952,167318,3457,455616,1806460.1,1601839.9
"2021-06-18 00:00:00",201760,753733,130947,4760,331688,1788940.8,1613811.2666666666
"2021-06-19 00:00:00",149433,708237,77857,3976,736728,1779418.8,1602783.7666666666
"2021-06-20 00:00:00",188557,927122,152296,5828,468406,1785407.2666666666,1604836.4
"2021-06-21 00:00:00",257716,537100,145143,3050,439574,1778187.0666666667,1616146.3333333333
"2021-06-22 00:00:00",310076,1134155,151992,3575,402925,1780045.2333333334,1603248.6
"2021-06-23 00:00:00",247588,833425,143359,2475,262904,1768868.1333333333,1602086.6333333333
"2021-06-24 00:00:00",248361,909554,127585,4269,647024,1781936.4333333333,1605986.2333333334
"2021-06-25 00:00:00",306568,1347423,127286,2029,463180,1794741.4333333333,1590141.9333333333
"2021-06-26 00:00:00",223909,916224,96107,4625,337543,1793148.4,1582360.7666666666
"2021-06-27 00:00:00",186340,885473,159090,7636,794441,1798992.3,1585026.4
"2021-06-28 00:00:00",216412,914664,134162,5847,575966,1816199.3,1571092.7
"2021-06-29 00:00:00",232059,1230961,125274,5572,650415,1816176.7333333334,1601761.9333333333
"2021-06-30 00:00:00",358753,362062,120938,1737,267442,1790857.8,1571717.9
"2021-07-01 00:00:00",326027,807208,132947,4295,607186,1801079.1,1542384.7666666666
"2021-07-02 00:00:00",272575,791496,98758,1960,301144,1789798.4666666666,1544878.6666666667
"2021-07-03 00:00:00",285082,600846,70112,6445,522146,1778556.6333333333,1534496.5333333334
"2021-07-04 00:00:00",272004,871100,155479,3445,246393,1776442.6333333333,1529506.4666666666
"2021-07-05 00:00:00",270003,1570056,138612,3869,511397,1814438,1538506.4
"2021-07-06 00:00:00",335989,975778,154302,7628,714191,1823213.0666666667,1549083.4
"2021-07-07 00:00:00",282703,1173609,131499,4278,376384,1821747.5333333334,1549549.5666666667
"2021-07-08 00:00:00",410116,1036743,113802,3675,645332,1842651.7,1542478.7333333334
"2021-07-09 00:00:00",302301,815000,133337,3684,492247,1829847.6333333333,1540260.2666666666
"2021-07-10 00:00:00",197595,706560,87803,3556,804642,1818923.8333333333,1526462.3
"2021-07-11 00:00:00",309257,659360,116844,9648,579834,1814362.8,1532469.7666666666
"2021-07-12 00:00:00",233906,1179374,148755,3090,563251,1845580,1547325.8333333333
"2021-07-13 00:00:00",289067,819013,122446,3413,610292,1823543.3,1579493.2333333334
"2021-07-14 00:00:00",298700,1362556,139924,2149,524508,1837846.5666666667,1571224.1333333333
"2021-07-15 00:00:00",225678,822606,145014,4996,718744,1816090.6666666667,1572381.2
"2021-07-16 00:00:00",272266,1364385,167266,5494,437000,1839839.9666666666,1586401.6666666667
"2021-07-17 00:00:00",159497,612883,98929,3214,674755,1839543.4333333333,1597171.4
"2021-07-18 00:00:00",211928,1259553,160851,5292,371192,1859074.8,1592365.6333333333
"2021-07-19 00:00:00",293805,879143,134864,1871,404688,1860346.5666666667,1588123.0333333334
"2021-07-20 00:00:00",216599,1020663,152781,5938,391594,1861859.1666666667,1576586.1333333333
"2021-07-21 00:00:00",292389,862047,98100,7930,306990,1868021.2666666666,1570692.6666666667
"2021-07-22 00:00:00",218721,994911,99295,6492,219298,1852554,1594800.3
"2021-07-23 00:00:00",221215,902352,120403,1644,602289,1864492.6333333333,1599701.2333333334
"2021-07-24 00:00:00",170859,786458,82459,620,384618,1847432.5,1600417.5666666667
"2021-07-25 00:00:00",359176,827710,121077,9242,360709,1828480.1333333333,1590142.0333333334
"2021-07-26 00:00:00",276306,905231,118669,863,408789,1832861.9,1587775.8666666667
"2021-07-27 00:00:00",253924,686163,125332,9936,444013,1815741.2,1597800.8333333333
"2021-07-28 00:00:00",253630,1121596,134536,4297,808933,1831605.6666666667,1613663.0333333334
"2021-07-29 00:00:00",169889,1263491,139415,2789,524128,1826786.9333333333,1611631.4666666666
"2021-07-30 00:00:00",261169,1138264,168542,2240,975116,1874600.1,1643117.1666666667
"2021-07-31 00:00:00",231799,1143711,91033,2061,443350,1875742.9,1639083.3666666667
"2021-08-01 00:00:00",222538,1047371,144701,5815,533358,1892004.6666666667,1648152.7
"2021-08-02 00:00:00",270628,1205319,149203,2862,665044,1918952.9333333333,1651644.2666666666
"2021-08-03 00:00:00",287310,1258029,142673,4135,421989,1937810.1,1680196.6333333333
"2021-08-04 00:00:00",256826,823007,137605,5470,819255,1922750.9333333333,1683498.2
"2021-08-05 00:00:00",304548,777435,131272,6052,534255,1908273.6333333333,1700665.9666666666
"2021-08-06 00:00:00",251637,1293425,143086,3710,371312,1911429.7,1696857.8333333333
"2021-08-07 00:00:00",160272,550877,80920,5087,248905,1872642,1686216.8
"2021-08-08 00:00:00",211682,127652,48309,3050,229753,1835103.6666666667,1675713.2
"2021-08-09 00:00:00",189361,767600,74730,1385,409280,1823177.3,1657287.8666666667
"2021-08-10 00:00:00",204250,1075474,108997,1925,809339,1840678.3333333333,1650349.7666666666
"2021-08-11 00:00:00",319752,903479,145740,6364,402306,1828986.8,1631818.5333333334
"2021-08-12 00:00:00",323888,555433,129117,3862,640599,1822608.9,1617278.7333333334
"2021-08-13 00:00:00",279208,1010969,80242,2032,242849,1798857.1666666667,1626164.9666666666
"2021-08-14 00:00:00",176798,477954,51424,674,274502,1767666.6,1620941.5
"2021-08-15 00:00:00",243800,903811,95488,1843,641082,1755652.9666666666,1602131.8333333333
"2021-08-16 00:00:00",279400,874460,136129,6761,683181,1770008.5,1605233.3666666667
"2021-08-17 00:00:00",376218,1184349,139660,2613,953076,1791578.1666666667,1611253.6333333333
"2021-08-18 00:00:00",284040,676878,137716,4057,795481,1797705.2,1647726.6666666667
"2021-08-19 00:00:00",282499,1064027,144889,3509,843387,1816062.9,1658532.2666666666
"2021-08-20 00:00:00",284239,741434,116578,1741,246476,1810163.8333333333,1663461.6333333333
"2021-08-21 00:00:00",352342,860190,114471,6182,562428,1822060.1666666667,1675054.4
"2021-08-22 00:00:00",350108,1184381,127532,8406,733453,1840592.6,1670044.8333333333
"2021-08-23 00:00:00",229897,1068826,153082,4016,487857,1857882.1666666667,1671181.4666666666
"2021-08-24 00:00:00",270201,1001737,138680,5434,563489,1867936.1,1658684.6333333333
"2021-08-25 00:00:00",351699,1506033,118250,3774,298705,1886889.8333333333,1676626.2666666666
"2021-08-26 00:00:00",287755,852287,108008,2963,964083,1910081.2,1652167.6666666667
"2021-08-27 00:00:00",228227,1065649,159893,4946,556311,1899815.5666666667,1660336.6
"2021-08-28 00:00:00",284184,593003,103722,6060,533425,1880504.3,1654417.0333333334
"2021-08-29 00:00:00",235596,969974,136077,2553,617195,1861039.8,1649037.8666666667
"2021-08-30 00:00:00",237210,1222155,157486,5098,389895,1864369.7,1663929.2
"2021-08-31 00:00:00",309708,1107368,126426,11040,498566,1867680.7,1645093.6666666667
"2021-09-01 00:00:00",270235,1287454,133295,4926,540283,1865785.1666666667,1641999.1666666667
"2021-09-02 00:00:00",283724,915011,141585,4330,795518,1866652.9666666666,1621122.4666666666
"2021-09-03 00:00:00",349675,899771,105588,1855,879163,1873115.8666666667,1614562.6
"2021-09-04 00:00:00",220197,1076261,74065,4416,729670,1884816.6,1589342.9333333333
"2021-09-05 00:00:00",289916,764716,132723,6684,211305,1862888.9333333333,1576700.7333333334
"2021-09-06 00:00:00",309634,1040784,122579,2677,604072,1897345.7666666666,1565945.6
"2021-09-07 00:00:00",299167,1059831,155719,3817,419058,1941251.6,1569662.0333333334
"2021-09-08 00:00:00",377649,983419,118079,4493,722482,1966710.9,1610344.2
"2021-09-09 00:00:00",389547,881656,175557,5856,334284,1952941.6,1659873.7666666666
"2021-09-10 00:00:00",309725,1248811,127247,7491,416864,1964025.0666666667,1700595.4666666666
"2021-09-11 00:00:00",185871,829946,83579,3798,390922,1958731.9333333333,1706879.5
"2021-09-12 00:00:00",166583,1704839,139203,3776,441450,1986750.1333333333,1700931.3
"2021-09-13 00:00:00",243063,571652,140144,8818,446312,2001038.9333333333,1697982.9666666666
"2021-09-14 00:00:00",262226,768308,103264,7805,650302,1997902.4,1707661.6666666667
"2021-09-15 00:00:00",315655,881024,152575,1891,411953,1990674.6333333333,1713145.1333333333
"2021-09-16 00:00:00",204715,813158,116750,3438,274790,1949239,1712344.5
"2021-09-17 00:00:00",229882,488346,60889,2891,130465,1916381.4,1721905.3
"2021-09-18 00:00:00",126090,1252223,83990,3598,199283,1893943.2333333334,1695596.8666666667
"2021-09-19 00:00:00",229669,1194612,80684,2463,382975,1910607.3666666667,1680855.0333333334
"2021-09-20 00:00:00",272487,793056,177844,4959,444802,1903858.9,1659627.9
"2021-09-21 00:00:00",255015,1126930,159664,3285,513553,1892344.3666666667,1672269.7
"2021-09-22 00:00:00",303818,686656,146973,6900,511254,1882741.3333333333,1674096.0333333334
"2021-09-23 00:00:00",320230,1079852,166877,4916,477399,1885065.8666666667,1674586.1333333333
"2021-09-24 00:00:00",371304,813157,122510,6124,742125,1877624.8666666667,1646200.6
"2021-09-25 00:00:00",259896,545623,91251,3511,538901,1851760.8,1649576.6333333333
"2021-09-26 00:00:00",317671,1277685,129793,4527,641211,1863622.9666666666,1630679.7333333334
"2021-09-27 00:00:00",266290,734105,141790,9735,246431,1859555.5,1654252.5333333334
"2021-09-28 00:00:00",281341,859464,165474,3175,615162,1858329.6,1688951.9666666666
"2021-09-29 00:00:00",214217,832723,101846,2389,387856,1842569.2333333334,1697454.5666666667
"2021-09-30 00:00:00",210158,770093,72089,3273,492069,1825721.5,1716864.0333333334
"2021-10-01 00:00:00",98655,601878,58168,649,555384,1795005.8666666667,1739528.3
"2021-10-02 00:00:00",261889,757394,62928,2933,402062,1773239.7333333334,1752102.8333333333
"2021-10-03 00:00:00",414622,1362925,181624,6731,478061,1780170.2333333334,1749428.2666666666
"2021-10-04 00:00:00",385787,1529145,163242,4464,806406,1806318.6666666667,1767534.0333333334
"2021-10-05 00:00:00",200968,1181941,153492,4552,820367,1838185.2333333334,1795219.8
"2021-10-06 00:00:00",314909,774090,122610,4027,566165,1828253.5,1799873.6333333333
"2021-10-07 00:00:00",259551,765437,130152,7232,671662,1824801.7666666666,1807943.8
"2021-10-08 00:00:00",301918,1438997,153413,3430,719324,1838500.3,1768193.3666666667
"2021-10-09 00:00:00",320721,844458,101624,4426,804128,1848115.4333333333,1698111
"2021-10-10 00:00:00",226937,1243296,107242,2007,643920,1851890.6666666667,1647830.1
"2021-10-11 00:00:00",311142,717142,132161,4456,440203,1855590.6333333333,1631624.7333333334
"2021-10-12 00:00:00",197068,818273,148683,3237,1018956,1846603.4333333333,1648832.6
"2021-10-13 00:00:00",249855,569365,137140,8837,271975,1840843.1666666667,1695942.2333333334
"2021-10-14 00:00:00",146951,1095598,144404,2683,341507,1838817.7333333334,1689780.8333333333
"2021-10-15 00:00:00",263408,1397292,167041,1139,682353,1863755.6333333333,1695956.4333333333
"2021-10-16 00:00:00",268729,710996,105800,6666,438418,1867680.7333333334,1698458.1333333333
"2021-10-17 00:00:00",310351,1310424,115451,8463,563887,1914218,1663145.7333333334
"2021-10-18 00:00:00",284511,1543797,140162,8364,475690,1940463.3333333333,1672361.2666666666
"2021-10-19 00:00:00",269543,735210,129326,3566,439453,1930020.2333333334,1679405.7666666666
"2021-10-20 00:00:00",334709,937004,118024,1766,413315,1933742.3,1714655.8333333333
"2021-10-21 00:00:00",164658,974133,123035,6986,520057,1924756.5666666667,1715787.7666666666
"2021-10-22 00:00:00",232616,923570,157813,3813,513852,1930625.5,1725355.9666666666
"2021-10-23 00:00:00",259535,712650,105974,2969,303442,1908468.4666666666,1727421.9333333333
"2021-10-24 00:00:00",302990,840139,134228,6974,514994,1899938.2,1722084.0333333334
"2021-10-25 00:00:00",236527,743383,144104,2927,630910,1910561.1333333333,1742500.5666666667
"2021-10-26 00:00:00",292400,685402,140292,5337,422135,1883050.3666666667,1778793.7
"2021-10-27 00:00:00",303156,1569765,133326,3421,629198,1924400.9666666666,1773802.0666666667
"2021-10-28 00:00:00",284207,742878,169593,5383,464479,1915798.3,1746950
"2021-10-29 00:00:00",267740,899912,147296,6137,417124,1922437.4333333333,1745242.0333333334
"2021-10-30 00:00:00",238326,839550,79834,4343,668633,1931870.8,1746829
"2021-10-31 00:00:00",267791,916693,151220,6172,563530,1951560.3666666667,1710846
"2021-11-01 00:00:00",287505,1157260,162088,6982,578370,1975061,1708979.9333333333
"2021-11-02 00:00:00",356992,1062919,116344,6520,496372,1961566.6,1709226.9666666666
"2021-11-03 00:00:00",264454,1178324,160588,3519,491567,1935213.4666666666,1722818.6
"2021-11-04 00:00:00",353882,512636,121495,3109,809421,1916520.4333333333,1735059.6666666667
"2021-11-05 00:00:00",353936,1115000,119134,4736,715856,1934082.6333333333,1735318.4
"2021-11-06 00:00:00",245078,761775,98853,4948,518651,1927257.4666666666,1743697.5666666667
"2021-11-07 00:00:00",198127,1140750,137506,9817,649399,1911208.1333333333,1763378.0666666667
"2021-11-08 00:00:00",367628,475738,113976,3547,387472,1886975.1,1785100.7333333334
"2021-11-09 00:00:00",263808,1008001,103787,22162,384428,1872267.7333333334,1808935.9666666666
"2021-11-10 00:00:00",261957,871655,141695,5191,444346,1876258.8666666667,1827620.0666666667
"2021-11-11 00:00:00",285819,938697,128706,3709,583960,1868081.0666666667,1826058.7
"2021-11-12 00:00:00",279527,979820,115467,11411,395113,1886219.7333333334,1788272.5666666667
"2021-11-13 00:00:00",272220,848886,124408,3067,632798,1891227.1,1801102.3
"2021-11-14 00:00:00",207145,999880,166135,9344,324787,1864429.4333333333,1795838.2
"2021-11-15 00:00:00",282233,1317857,154899,1897,971671,1904361.9666666666,1794341.2666666666
"2021-11-16 00:00:00",342375,1136425,153197,4111,455322,1897124.0666666667,1824441.3
"2021-11-17 00:00:00",337320,779964,130536,8190,458463,1872522.4666666666,1826390.6333333333
"2021-11-18 00:00:00",282178,1159137,142186,7159,395931,1886172.2666666666,1859839.6333333333
"2021-11-19 00:00:00",268464,1156409,139680,2994,655382,1900110.1,1837354.7666666666
"2021-11-20 00:00:00",151576,1113913,106834,7075,543542,1904578.6333333333,1834460.1333333333
"2021-11-21 00:00:00",465791,756837,172986,13820,433071,1904940.4333333333,1804558.4
"2021-11-22 00:00:00",265337,482516,94614,5743,566535,1905946.0666666667,1816640.4666666666
"2021-11-23 00:00:00",209246,1011745,103916,5140,578552,1909588.3333333333,1839689.5333333334
"2021-11-24 00:00:00",173405,1217290,122018,3594,626557,1922421.8333333333,1861103.0666666667
"2021-11-25 00:00:00",274816,1277389,154724,6987,671128,1950404.5666666667,1844783.2
"2021-11-26 00:00:00",429396,927485,141700,8112,668141,1934937,1838015.5333333334
"2021-11-27 00:00:00",219025,963872,105830,9861,569853,1941666.7,1827104.2333333334
"2021-11-28 00:00:00",264777,865656,156025,8968,744947,1951739.5,1817347
"2021-11-29 00:00:00",275767,1144988,148885,6785,499277,1959907.4666666666,1821727.8
"2021-11-30 00:00:00",310392,412231,125395,4126,621199,1945505.0666666667,1843810
"2021-12-01 00:00:00",355619,393692,81540,4858,500630,1916975.7,1836194.3666666667
"2021-12-02 00:00:00",338901,1176455,161521,5014,631522,1926118.0666666667,1846489.7
"2021-12-03 00:00:00",281532,1005578,132424,2963,905521,1933770.4,1828742.7666666666
"2021-12-04 00:00:00",366662,589991,104346,6252,450199,1924333.6666666667,1827808.3333333333
"2021-12-05 00:00:00",208949,1787541,141333,13405,501910,1935816.4,1852490.4
"2021-12-06 00:00:00",352189,441616,147194,5099,606049,1933245.4,1864410.1333333333
"2021-12-07 00:00:00",302717,720179,149670,6353,576265,1920565.1333333333,1875848.0666666667
"2021-12-08 00:00:00",292983,430833,130507,7242,247704,1912595.1333333333,1874472.1666666667
"2021-12-09 00:00:00",268229,913779,125351,4126,806507,1923789.0333333334,1868087.0333333334
"2021-12-10 00:00:00",353786,966231,149078,7993,535881,1933393.5,1860221.9333333333
"2021-12-11 00:00:00",334224,1217810,88191,6458,667665,1945842.1333333333,1861566.5666666667
"2021-12-12 00:00:00",217044,1513985,145768,5727,301666,1959270.3666666667,1865003.3666666667
"2021-12-13 00:00:00",297177,600773,130122,5889,386020,1943890.6666666667,1861627.6666666667
"2021-12-14 00:00:00",299448,786951,142212,3326,828626,1955665.9666666666,1863318.3333333333
"2021-12-15 00:00:00",350105,889931,172361,6748,1056670,1947240.7666666666,1869063.9
"2021-12-16 00:00:00",366778,1456988,144076,6834,804741,1970174.1333333333,1841685.9
"2021-12-17 00:00:00",279402,367181,112128,3283,498019,1955024.9333333333,1864737.2
"2021-12-18 00:00:00",247610,586242,77233,7135,260969,1928110.8666666667,1843697.9
"2021-12-19 00:00:00",169576,1302971,145738,8917,922862,1939015.0666666667,1844474.0666666667
"2021-12-20 00:00:00",290323,1639922,165089,9110,886840,1974627.6,1853938.7666666666
"2021-12-21 00:00:00",206916,776039,149460,4341,438988,1965735.4,1883572.5
"2021-12-22 00:00:00",392183,1421011,161246,9727,573451,2003831.8,1888123.9666666666
"2021-12-23 00:00:00",391947,1249286,138193,7926,643439,2021238.5333333334,1903588.5333333334
"2021-12-24 00:00:00",331858,977797,160604,12838,708111,2022850.2666666666,1893141.5
"2021-12-25 00:00:00",198118,684050,112858,6932,262377,1985492.8,1889721.4
"2021-12-26 00:00:00",243483,838361,104850,10716,522765,1970337.0333333334,1880390.4
"2021-12-27 00:00:00",134370,1465317,132869,4092,485991,1982143.8,1860799.5333333334
"2021-12-28 00:00:00",313823,915149,126807,3556,595104,1979279.0333333334,1887481.1666666667
"2021-12-29 00:00:00",349011,753651,100384,7459,499565,1967090.8,1870293.5333333334
"2021-12-30 00:00:00",164530,588339,70377,1810,723243,1969588.8666666667,1854526.4333333333
"2021-12-31 00:00:00",46592,117428,22477,98,649535,1952914.5666666667,1837970.4666666666
"2022-01-01 00:00:00",331050,534833,28418,111,356890,1917509.9666666666,1811720.5666666667
"2022-01-02 00:00:00",131902,579680,50910,2533,582450,1884824.2333333334,1811200.3333333333
"2022-01-03 00:00:00",279081,1481889,92194,0,670462,1918363.0666666667,1791303.7
"2022-01-04 00:00:00",302294,1021006,136539,2050,516284,1895864,1800575.3333333333
"2022-01-05 00:00:00",303601,1441395,142763,4085,627742,1928111.7666666666,1811758.8666666667
"2022-01-06 00:00:00",369991,1360851,145084,6679,972642,1964781.1666666667,1820682.9
"2022-01-07 00:00:00",333506,669311,142139,1976,444451,1980852.0666666667,1814012.8333333333
"2022-01-08 00:00:00",296095,847310,129112,5472,806521,1979735.4333333333,1815643.2333333334
"2022-01-09 00:00:00",257303,370240,104811,8143,739715,1961976.6666666667,1821720.4
"2022-01-10 00:00:00",338382,1135894,167132,3662,779451,1965649.5,1811934.6
"2022-01-11 00:00:00",366469,1118097,113173,6625,452597,1961408.5333333334,1821872.2666666666
"2022-01-12 00:00:00",380036,706647,117200,5269,473093,1970150.6666666667,1830554.5666666667
"2022-01-13 00:00:00",262107,561987,111476,10657,572287,1952082.0333333334,1853836.1333333333
"2022-01-14 00:00:00",281816,730064,99469,5373,450215,1921786.1,1879986
"2022-01-15 00:00:00",293677,673427,100229,3179,914311,1895298.6666666667,1893673.6333333333
"2022-01-16 00:00:00",215537,1282900,157886,14606,506521,1925880.6,1866830.7666666666
"2022-01-17 00:00:00",223637,1038313,182864,4994,618234,1955509.8333333333,1876373.3
"2022-01-18 00:00:00",364486,873024,125241,8409,749849,1941208.3333333333,1890434.7333333334
"2022-01-19 00:00:00",293469,997878,160850,5972,637368,1911349.6666666667,1879619.3333333333
"2022-01-20 00:00:00",221647,983424,159694,6206,816959,1931755.8,1874096.4
"2022-01-21 00:00:00",275953,533521,129972,2752,486733,1894132.5,1879294.5333333334
"2022-01-22 00:00:00",236321,808274,85502,8259,223744,1858509,1876497
"2022-01-23 00:00:00",256945,946842,157169,9743,465186,1846664.7333333334,1846829.9
"2022-01-24 00:00:00",309738,652461,138505,4099,1172988,1880447.1666666667,1845376.4333333333
"2022-01-25 00:00:00",301604,1127205,142482,8049,754619,1900907.1,1851749.8666666667
"2022-01-26 00:00:00",317497,954925,168258,8017,319588,1885762.2666666666,1880595
"2022-01-27 00:00:00",219437,1283539,168006,5676,578235,1895777.7,1881756.2666666666
"2022-01-28 00:00:00",352122,1118537,124237,6748,328584,1903116.4666666666,1900241.8666666667
"2022-01-29 00:00:00",302469,671540,103408,5270,988765,1920555.3,1913132.4666666666
"2022-01-30 00:00:00",283601,1034184,136414,6299,316616,1951922.6333333333,1930070.0333333334
"2022-01-31 00:00:00",275561,1090968,156664,4892,630244,1982157.7666666666,1946473.4
"2022-02-01 00:00:00",343280,784931,142178,4082,966881,2011954.5333333334,1936380.7
"2022-02-02 00:00:00",240806,1003314,151383,6190,792308,2000968.0333333334,1951554.2333333334
"2022-02-03 00:00:00",304312,943036,132679,6398,451969,1996308.5,1949457.6333333333
"2022-02-04 00:00:00",277714,1078814,129179,3032,291121,1971650.7333333334,1939691.8
"2022-02-05 00:00:00",238874,771275,108051,6208,555257,1932463.2666666666,1931764.7
"2022-02-06 00:00:00",243254,1265395,112448,11225,505853,1950689.2333333334,1960439.8666666667
"2022-02-07 00:00:00",254609,659730,154558,3702,1039713,1951616.9,1984602.5666666667
"2022-02-08 00:00:00",314930,1059379,116251,5695,589356,1971797.2666666666,2006324.4333333333
"2022-02-09 00:00:00",266111,1526599,144439,11072,783876,1982049.7666666666,2002238.0333333334
"2022-02-10 00:00:00",172712,528799,93346,5500,437561,1954748.0666666667,2010289.5666666667
"2022-02-11 00:00:00",204588,918899,127712,7395,864017,1969427.3,2016257.7
"2022-02-12 00:00:00",300998,852413,97393,4094,780852,1986668.6,1996590.8
"2022-02-13 00:00:00",250139,649831,166638,5930,485977,1986387.9,1984871.4
"2022-02-14 00:00:00",277846,1100337,182137,5038,621100,1993109.4333333333,1959275.3666666667
"2022-02-15 00:00:00",295932,589672,149997,14960,478598,1971499.4,1943780.1333333333
"2022-02-16 00:00:00",204283,811774,107407,5011,521606,1957566.8333333333,1942614.6
"2022-02-17 00:00:00",248247,1476867,117568,3907,345350,1959930.5333333334,1917723.1666666667
"2022-02-18 00:00:00",286670,812838,162764,4271,624020,1953098.2,1934351.6333333333
"2022-02-19 00:00:00",248466,607708,138097,9309,810689,1940642.3666666667,1950644
"2022-02-20 00:00:00",286882,664532,105229,6551,362266,1940526.6666666667,1931474.9333333333
"2022-02-21 00:00:00",219370,1119982,122055,5237,1043541,1978796.6666666667,1928067.1333333333
"2022-02-22 00:00:00",339627,971624,97538,5365,369646,1977060.2666666666,1942303.1333333333
"2022-02-23 00:00:00",305213,602190,154409,8550,1126234,1974353.6666666667,1953994.9666666666
"2022-02-24 00:00:00",343730,944247,155900,9762,587469,1964591.8666666667,1980102.6
"2022-02-25 00:00:00",284889,1149696,132261,8213,251632,1966538.6,1973267.2333333334
"2022-02-26 00:00:00",223355,785370,105853,5197,557996,1947300.4,1956472.6
"2022-02-27 00:00:00",263312,1017318,131416,9270,526265,1947878.9666666666,1941943.5
"2022-02-28 00:00:00",255122,1123808,154309,6458,424173,1944293.2666666666,1962382.9666666666
"2022-03-01 00:00:00",272765,1043548,144280,3054,654160,1955649.6,1979345.2333333334
"2022-03-02 00:00:00",309842,1069743,143229,7576,615717,1955242.7666666666,1965761.9333333333
"2022-03-03 00:00:00",317859,627180,136568,11432,1020391,1950978.9333333333,1980246.3333333333
"2022-03-04 00:00:00",206418,732752,159495,7707,550621,1933078.3333333333,2010293.9666666666
"2022-03-05 00:00:00",224588,1054563,88407,5843,479373,1933557.2,2004672.4333333333
"2022-03-06 00:00:00",222127,1217617,148086,11019,576396,1946736.7333333334,2007040.2
"2022-03-07 00:00:00",234234,1076523,158633,3211,477284,1955744.7333333334,2008097.6
"2022-03-08 00:00:00",286712,1235355,155503,4125,652843,1962290.6333333333,1991011.5666666667
"2022-03-09 00:00:00",375958,1080359,177303,9494,803091,1973420.0333333334,1987364.9333333333
"2022-03-10 00:00:00",207486,1281909,135148,5871,533446,1976028.5333333334,1960718.6666666667
"2022-03-11 00:00:00",257959,888596,141220,5673,715065,1951908.9333333333,1975271.3666666667
"2022-03-12 00:00:00",249521,378652,119116,7907,660410,1957831.8,1957249.2
"2022-03-13 00:00:00",461912,1341744,130881,13649,319253,1962659.6666666667,1931546.4666666666
"2022-03-14 00:00:00",245760,734086,160016,4224,1064449,1968419.3666666667,1914657.0333333334
"2022-03-15 00:00:00",267312,1199778,134617,3149,720861,1993992.7333333334,1903193.5666666667
"2022-03-16 00:00:00",362872,1287074,141580,7513,691219,2004119.5333333334,1942064.8
"2022-03-17 00:00:00",262372,888166,144558,6764,748782,2021502.3333333333,1997758.5333333334
"2022-03-18 00:00:00",290480,718174,118982,3498,478438,2020151.8,1986964.8666666667
"2022-03-19 00:00:00",156960,700226,72543,8149,219386,1985662.4333333333,1991834.0666666667
"2022-03-20 00:00:00",307726,750504,73785,10386,209437,1967704.2,1971397.3
"2022-03-21 00:00:00",185165,919210,172737,2590,538705,1967842.9,1950690.6666666667
"2022-03-22 00:00:00",209525,857565,147577,5854,338974,1972311.2333333334,1972471.0666666667
"2022-03-23 00:00:00",396919,1024252,129591,5802,808026,1967458.3,1972491.9
"2022-03-24 00:00:00",210069,882053,142948,7746,1008009,1983026.0333333334,1976393.9333333333
"2022-03-25 00:00:00",274524,1704438,163934,5655,833101,2009194.6333333333,1976698.7
"2022-03-26 00:00:00",260723,608921,71689,9297,192161,1979249.7666666666,1944599.3
"2022-03-27 00:00:00",203332,750580,98264,5300,399030,1966910.2,1940176.1666666667
"2022-03-28 00:00:00",462385,1034435,163609,9596,642299,1988062.2666666666,1933101.9333333333
"2022-03-29 00:00:00",209604,1271360,153685,3770,678474,2000372.7,1937909.4666666666
"2022-03-30 00:00:00",291574,636958,144261,10691,577197,1990265.9,1928241.4666666666
"2022-03-31 00:00:00",286428,933479,132977,4887,905046,1995099.7333333334,1909531.4
"2022-04-01 00:00:00",384841,828380,131465,5405,598130,1988503.2,1935539
"2022-04-02 00:00:00",190504,839249,94589,4715,541745,1973748.5333333334,1944948.9333333333
"2022-04-03 00:00:00",210595,1312873,135354,6605,376007,1986563.4,1909619.2666666666
"2022-04-04 00:00:00",299358,1008851,126312,2342,182208,1978773.9666666666,1906780.5666666667
"2022-04-05 00:00:00",377937,849439,133511,8581,590766,1971607.2333333334,1878642
"2022-04-06 00:00:00",397318,1193580,132153,5591,569799,1983226.1666666667,1886118.6333333333
"2022-04-07 00:00:00",274031,1544254,155780,7873,1208268,2011748.7333333334,1885533.0333333334
"2022-04-08 00:00:00",362661,795610,132440,7016,358106,1985402.9,1888788.3333333333
"2022-04-09 00:00:00",196594,697742,91241,3233,500084,1962903.2333333334,1885526.9
"2022-04-10 00:00:00",226236,1520129,145083,7477,796265,1985792.5333333334,1875271.6
"2022-04-11 00:00:00",238453,791052,164464,4435,586704,1998110,1867993.5333333334
"2022-04-12 00:00:00",328395,439576,132637,4885,534595,1970531.2666666666,1881940.0666666667
"2022-04-13 00:00:00",307490,651654,149986,6364,571170,1953135.4333333333,1876367.5666666667
"2022-04-14 00:00:00",242888,1034165,126581,3701,631608,1943576.1,1868037.5
"2022-04-15 00:00:00",200116,597399,91822,5008,333478,1901494.6666666667,1854650.4
"2022-04-16 00:00:00",202238,684492,55305,3269,425424,1878830.0666666667,1825624.8
"2022-04-17 00:00:00",188072,1378883,162089,10358,781482,1909207.6666666667,1812295.7666666666
"2022-04-18 00:00:00",267900,988493,166024,4644,1116498,1955418.1666666667,1812904.4333333333
"2022-04-19 00:00:00",227878,533924,155095,8160,344238,1952667.2,1836728.8
"2022-04-20 00:00:00",305948,868912,160550,7715,543020,1954924.6333333333,1837004.3
"2022-04-21 00:00:00",289486,1497838,158428,7124,551100,1986407.1,1843909.9
"2022-04-22 00:00:00",259714,932299,146532,9014,737046,1977074.0666666667,1834624.9333333333
"2022-04-23 00:00:00",277795,676997,89294,8052,565610,1955971.1333333333,1833667.6666666667
"2022-04-24 00:00:00",179001,708349,179031,7974,598524,1912344.9333333333,1821544.4333333333
"2022-04-25 00:00:00",264185,969890,156789,4403,932902,1951858.3333333333,1818317.3
"2022-04-26 00:00:00",181453,713458,103711,4936,357673,1948682.4,1848334.0333333334
"2022-04-27 00:00:00",348442,1231232,113228,7168,542805,1946367.6333333333,1853807.9333333333
"2022-04-28 00:00:00",241719,1229307,102681,9326,494776,1938397.8333333333,1854568.6333333333
"2022-04-29 00:00:00",259218,405918,97560,5023,607695,1928889.0666666667,1861722
"2022-04-30 00:00:00",293866,720333,77025,2502,628574,1910871.1333333333,1872770.6333333333
"2022-05-01 00:00:00",202223,873830,135058,7293,440787,1901236.5333333334,1856408.6
"2022-05-02 00:00:00",267772,1048950,100021,6931,759647,1918320.6666666667,1833534.2
"2022-05-03 00:00:00",272135,842712,67574,2971,266560,1898670.5333333334,1832442.1333333333
"2022-05-04 00:00:00",293115,676899,73438,2896,823290,1907022.2333333334,1819953.5
"2022-05-05 00:00:00",280840,1056935,122433,1567,664614,1912560.4,1837392.0333333334
"2022-05-06 00:00:00",278339,991324,141826,3972,675568,1905645.8666666667,1828864.4666666666
"2022-05-07 00:00:00",407522,784582,90954,1526,437071,1856693.1333333333,1844580.2666666666
"2022-05-08 00:00:00",339925,481192,129007,12316,383015,1846347.2666666666,1831473.3333333333
"2022-05-09 00:00:00",228163,848578,153698,4742,611666,1858279.5333333334,1844400.6
"2022-05-10 00:00:00",270722,911166,136669,5347,650678,1834258.9333333333,1848781.2333333334
"2022-05-11 00:00:00",428950,884625,145906,6388,312994,1834050.3666666667,1856641.8666666667
"2022-05-12 00:00:00",250246,993988,114080,4429,695996,1854671.9666666666,1864420.1
"2022-05-13 00:00:00",304015,693185,129622,5064,435865,1850708.0666666667,1863781.7333333334
"2022-05-14 00:00:00",263997,782451,70603,5584,660392,1842177.0333333334,1872724.5333333334
"2022-05-15 00:00:00",267597,1049428,146338,13483,381596,1863198.2,1860432.8
"2022-05-16 00:00:00",229243,1035514,183303,5383,635992,1887155.7666666666,1848224.7666666666
"2022-05-17 00:00:00",355531,1103596,145569,4465,610515,1877115.3333333333,1868615.5
"2022-05-18 00:00:00",220299,976305,164824,5195,681103,1860587.7,1882120.6333333333
"2022-05-19 00:00:00",355989,480267,152147,8000,539047,1869459.3,1874539.6
"2022-05-20 00:00:00",165785,1022703,118125,7138,585297,1869889.5,1880829.0666666667
"2022-05-21 00:00:00",210455,713086,102271,6606,395481,1834019.8,1857716.0666666667
"2022-05-22 00:00:00",210695,724458,143992,5523,851268,1829064.0333333334,1848408.9333333333
"2022-05-23 00:00:00",192429,1275313,162545,4567,1262405,1871715.1666666667,1852076.2333333334
"2022-05-24 00:00:00",223761,741097,155423,8451,528722,1871201.9333333333,1852934.1333333333
"2022-05-25 00:00:00",265448,968591,175821,7267,400509,1854183.9666666666,1847160.5333333334
"2022-05-26 00:00:00",286890,1059636,146920,6864,322619,1869574.5666666667,1823153.5666666667
"2022-05-27 00:00:00",326252,1035406,151554,3175,392300,1858434.7333333334,1820204.6
"2022-05-28 00:00:00",154104,571103,92049,6189,390473,1829638.4,1820877.6
"2022-05-29 00:00:00",197598,1036835,142618,11695,829846,1857744.4333333333,1789943.2
"2022-05-30 00:00:00",211591,779948,146919,2740,323772,1849167.2666666666,1801976.2666666666
"2022-05-31 00:00:00",282064,729579,129380,6498,787180,1858351.1,1816645.0333333334
"2022-06-01 00:00:00",281807,852981,149695,9662,932653,1859800.5,1819958.8666666667
"2022-06-02 00:00:00",381629,728958,136019,9261,399046,1866566.5666666667,1817325.2
"2022-06-03 00:00:00",333901,986310,126384,6749,348855,1864319.0333333334,1822303.6666666667
"2022-06-04 00:00:00",355826,613344,87177,7200,639312,1850201.2,1808378.2333333334
"2022-06-05 00:00:00",189013,1431274,155458,23865,346378,1852033.4,1789130.7
"2022-06-06 00:00:00",389280,856989,189691,6476,660962,1864758.5666666667,1780259.7333333334
"2022-06-07 00:00:00",237205,664555,91101,4637,478824,1869120.7,1789989.6666666667
"2022-06-08 00:00:00",246838,798550,149514,6511,427981,1861871.9333333333,1777821.4
"2022-06-09 00:00:00",304164,1024035,152461,5026,491595,1861962.3666666667,1786225.6666666667
"2022-06-10 00:00:00",392018,826163,133713,6463,279236,1857253.6333333333,1793864.9
"2022-06-11 00:00:00",329644,603493,87748,4482,466998,1838374.2333333334,1786954.3333333333
"2022-06-12 00:00:00",371667,480754,132697,11444,786109,1845538.6,1775938.4333333333
"2022-06-13 00:00:00",255773,1083337,143095,2648,342019,1847000.7,1796468.3
"2022-06-14 00:00:00",236647,874603,95787,5615,254698,1833964.2666666666,1804121.4666666666
"2022-06-15 00:00:00",277570,576141,116966,5525,700841,1820218.1333333333,1839274.0333333334
"2022-06-16 00:00:00",278587,1000991,149660,7469,541817,1812179.6,1826590.1666666667
"2022-06-17 00:00:00",309194,933482,119891,7624,491412,1805974.9666666666,1806460.1
"2022-06-18 00:00:00",238198,965884,111947,10574,926434,1829894.2666666666,1788940.8
"2022-06-19 00:00:00",188842,626029,149923,9518,620838,1819764.5333333334,1779418.8
"2022-06-20 00:00:00",238780,639302,137927,4624,637165,1827428.1666666667,1785407.2666666666
"2022-06-21 00:00:00",387794,914127,132907,6560,303498,1821059.8,1778187.0666666667
"2022-06-22 00:00:00",204622,986281,137243,12559,441326,1783884.9,1780045.2333333334
"2022-06-23 00:00:00",217989,1012174,172878,6127,523588,1793060.8333333333,1768868.1333333333
"2022-06-24 00:00:00",310405,1414458,122706,5179,424874,1808393.7,1781936.4333333333
"2022-06-25 00:00:00",236392,1077123,72911,8105,295384,1803959.1333333333,1794741.4333333333
"2022-06-26 00:00:00",283604,730190,123853,10064,491484,1794976.3333333333,1793148.4
"2022-06-27 00:00:00",258237,850795,146742,6937,521204,1813976.9,1798992.3
"2022-06-28 00:00:00",282889,740273,121834,3903,280511,1787670.8,1816199.3
"2022-06-29 00:00:00",306514,706902,178894,9683,955064,1810740.6,1816176.7333333334
"2022-06-30 00:00:00",345133,573674,139811,5669,681103,1804430.3,1790857.8
"2022-07-01 00:00:00",229186,842507,127695,1553,782310,1796311.5666666667,1801079.1
"2022-07-02 00:00:00",222460,541005,107216,7242,254878,1778907.2666666666,1789798.4666666666
"2022-07-03 00:00:00",345673,1071187,136768,7038,566059,1789724.8666666667,1778556.6333333333
"2022-07-04 00:00:00",351618,702180,121985,5889,746256,1797227.5,1776442.6333333333
"2022-07-05 00:00:00",302953,1391675,117361,3103,562139,1804935.5333333334,1814438
"2022-07-06 00:00:00",257392,773851,132441,9370,501393,1790637.5333333334,1823213.0666666667
"2022-07-07 00:00:00",293218,810010,116748,5146,528818,1799891.5,1821747.5333333334
"2022-07-08 00:00:00",439055,1050917,151850,6331,353258,1812292.4666666666,1842651.7
"2022-07-09 00:00:00",256651,730684,91008,6853,575181,1801728.2666666666,1829847.6333333333
"2022-07-10 00:00:00",358109,1295015,124534,11692,223590,1814239.7333333334,1818923.8333333333
"2022-07-11 00:00:00",324460,911608,197454,8239,522097,1829956.7333333334,1814362.8
"2022-07-12 00:00:00",369026,1007656,166673,4252,578485,1841404.2666666666,1845580
"2022-07-13 00:00:00",304293,958212,144582,10641,998526,1861050.3666666667,1823543.3
"2022-07-14 00:00:00",268671,1200164,138315,7145,524418,1883428.9,1837846.5666666667
"2022-07-15 00:00:00",237180,547335,107905,8805,445266,1872410.2,1816090.6666666667
"2022-07-16 00:00:00",401648,558585,90265,5272,347030,1853219.2,1839839.9666666666
"2022-07-17 00:00:00",266787,1250046,100031,5809,382784,1858014.3333333333,1839543.4333333333
"2022-07-18 00:00:00",179404,1090182,178629,13021,459887,1846950.9333333333,1859074.8
"2022-07-19 00:00:00",314611,833019,121782,6653,320749,1847006.3333333333,1860346.5666666667
"2022-07-20 00:00:00",320546,750717,126901,6937,503943,1848714.3666666667,1861859.1666666667
"2022-07-21 00:00:00",357090,1010131,138938,4573,509780,1857902.1,1868021.2666666666
"2022-07-22 00:00:00",249729,1000793,142291,3158,646134,1866571.4333333333,1852554
"2022-07-23 00:00:00",229819,648429,112118,5843,540389,1853365.9,1864492.6333333333
"2022-07-24 00:00:00",365445,911352,146940,10780,687115,1848166.4333333333,1847432.5
"2022-07-25 00:00:00",214159,747409,155401,9878,675224,1851905.3,1828480.1333333333
"2022-07-26 00:00:00",239161,715141,136213,3854,658858,1855706.1666666667,1832861.9
"2022-07-27 00:00:00",238855,1014959,140964,8992,445717,1857891.1,1815741.2
"2022-07-28 00:00:00",220651,1149924,160168,13976,765212,1887242.2,1831605.6666666667
"2022-07-29 00:00:00",251195,771407,123497,3943,257193,1862247.9,1826786.9333333333
"2022-07-30 00:00:00",169252,685482,96000,5402,771978,1861671.5333333334,1874600.1
"2022-07-31 00:00:00",209399,864987,122857,5698,326454,1846543.2333333334,1875742.9
"2022-08-01 00:00:00",251344,958680,152147,6228,862066,1883132.6,1892004.6666666667
"2022-08-02 00:00:00",359663,960778,155144,4710,671940,1883983.3333333333,1918952.9333333333
"2022-08-03 00:00:00",279226,719985,146614,9955,463691,1873701.7666666666,1937810.1
"2022-08-04 00:00:00",301913,542707,141795,9113,513119,1844749.5666666667,1922750.9333333333
"2022-08-05 00:00:00",228840,1113346,145416,10798,504132,1855685.6,1908273.6333333333
"2022-08-06 00:00:00",194485,1091349,91483,3483,665348,1865425.9666666666,1911429.7
"2022-08-07 00:00:00",164966,991043,148536,14286,606055,1862874.8666666667,1872642
"2022-08-08 00:00:00",296379,1012714,156014,3695,664716,1878647.1666666667,1835103.6666666667
"2022-08-09 00:00:00",396909,718216,113340,10677,542975,1870952.7333333334,1823177.3
"2022-08-10 00:00:00",303331,574961,114626,6825,741377,1863527.8,1840678.3333333333
"2022-08-11 00:00:00",332000,936585,121475,3484,528289,1856718.4333333333,1828986.8
"2022-08-12 00:00:00",242060,645243,111885,5734,339630,1820994.7,1822608.9
"2022-08-13 00:00:00",149797,1202669,43885,3275,309907,1806687.9,1798857.1666666667
"2022-08-14 00:00:00",332893,706646,81953,2526,454221,1814412.3333333333,1767666.6
"2022-08-15 00:00:00",221626,965523,100951,2731,613015,1831113.9666666666,1755652.9666666666
"2022-08-16 00:00:00",350111,887636,146475,4939,735545,1835088.8333333333,1770008.5
"2022-08-17 00:00:00",459460,1227273,138116,7626,548740,1850425.5,1791578.1666666667
"2022-08-18 00:00:00",297466,704356,129011,5130,660907,1857094,1797705.2
"2022-08-19 00:00:00",299704,1108737,147624,3842,603669,1872245.6,1816062.9
"2022-08-20 00:00:00",306627,853176,91630,10693,245582,1855151.8,1810163.8333333333
"2022-08-21 00:00:00",338485,886382,153563,8980,561319,1852039.3333333333,1822060.1666666667
"2022-08-22 00:00:00",269739,1111832,213099,7468,510745,1871249.2666666666,1840592.6
"2022-08-23 00:00:00",262214,862920,162577,4583,1060660,1878960.0333333334,1857882.1666666667
"2022-08-24 00:00:00",305649,906480,156181,7238,650625,1886430.0666666667,1867936.1
"2022-08-25 00:00:00",274638,898105,139218,6429,973210,1904375.9333333333,1886889.8333333333
"2022-08-26 00:00:00",306236,792803,127756,9841,495523,1900465.1333333333,1910081.2
"2022-08-27 00:00:00",286038,906856,109914,5691,664750,1889241.5666666667,1899815.5666666667
"2022-08-28 00:00:00",215595,1049430,156398,8607,367688,1902257.7666666666,1880504.3
"2022-08-29 00:00:00",169332,852537,154108,4675,781282,1910052.3333333333,1861039.8
"2022-08-30 00:00:00",310300,965340,139415,4180,482365,1922459.0666666667,1864369.7
"2022-08-31 00:00:00",367436,1027581,150871,8175,781357,1925957.4666666666,1867680.7
"2022-09-01 00:00:00",472576,686722,120994,6535,909694,1927433.4666666666,1865785.1666666667
"2022-09-02 00:00:00",237968,1209108,131513,3775,461653,1941584.7666666666,1866652.9666666666
"2022-09-03 00:00:00",283548,506428,93297,1923,402672,1934224.6666666667,1873115.8666666667
"2022-09-04 00:00:00",251848,539673,116486,2583,578298,1917102.7666666666,1884816.6
"2022-09-05 00:00:00",190526,497106,74587,3506,257817,1883015.1333333333,1862888.9333333333
"2022-09-06 00:00:00",141864,633778,87340,5619,145906,1852668.6,1897345.7666666666
"2022-09-07 00:00:00",154851,1503725,169911,6278,964528,1874860.9,1941251.6
"2022-09-08 00:00:00",318191,881519,143632,7699,550508,1878842.3,1966710.9
"2022-09-09 00:00:00",336191,626564,126960,8447,383061,1870179.0333333334,1952941.6
"2022-09-10 00:00:00",341246,1111215,126954,4611,502169,1875657.7,1964025.0666666667
"2022-09-11 00:00:00",338968,1143899,152334,11545,777043,1911632.5333333334,1958731.9333333333
"2022-09-12 00:00:00",339689,861662,152634,9978,912651,1930536.4666666666,1986750.1333333333
"2022-09-13 00:00:00",269131,1330049,130732,9019,545398,1954073.4666666666,2001038.9333333333
"2022-09-14 00:00:00",287999,607092,171248,7339,1055068,1961570.5666666667,1997902.4
"2022-09-15 00:00:00",209040,859752,142976,7881,490764,1947761.3,1990674.6333333333
"2022-09-16 00:00:00",249984,597946,125708,4819,377368,1913581.2,1949239
"2022-09-17 00:00:00",206577,246195,59538,9498,375354,1883590.0333333334,1916381.4
"2022-09-18 00:00:00",81259,179220,20730,998,214607,1828029.6,1893943.2333333334
"2022-09-19 00:00:00",33961,184735,33308,2958,34391,1787416.6,1910607.3666666667
"2022-09-20 00:00:00",349906,1207901,101317,5782,458061,1793223.9,1903858.9
"2022-09-21 00:00:00",253682,1967805,152176,13334,673825,1824821.9,1892344.3666666667
"2022-09-22 00:00:00",391242,1021456,119613,16323,990637,1831032.1666666667,1882741.3333333333
"2022-09-23 00:00:00",358138,862871,134841,17531,349476,1820921.7333333334,1885065.8666666667
"2022-09-24 00:00:00",290558,666802,73995,6570,512765,1796224.3333333333,1877624.8666666667
"2022-09-25 00:00:00",224946,1241343,157308,6139,1023392,1826923.5,1851760.8
"2022-09-26 00:00:00",349654,1007128,165107,6848,721098,1836143.9333333333,1863622.9666666666
"2022-09-27 00:00:00",307815,607185,175409,7977,950438,1844513.9666666666,1859555.5
"2022-09-28 00:00:00",368968,1263827,120529,4562,693396,1860825.6,1858329.6
"2022-09-29 00:00:00",323810,935864,148046,7279,817971,1871871.8666666667,1842569.2333333334
"2022-09-30 00:00:00",385956,806394,149968,8386,818201,1866321.6333333333,1825721.5
"2022-10-01 00:00:00",365474,1075638,126077,4830,695694,1868694.4333333333,1795005.8666666667
"2022-10-02 00:00:00",295380,699277,158088,12263,426371,1853606.7333333334,1773239.7333333334
"2022-10-03 00:00:00",265523,1010592,150657,7255,1068498,1894095.7666666666,1780170.2333333334
"2022-10-04 00:00:00",301152,922333,166591,6137,631435,1912054.6,1806318.6666666667
"2022-10-05 00:00:00",374525,965154,149001,4612,492316,1944124,1838185.2333333334
"2022-10-06 00:00:00",227588,1287833,127832,5684,510545,1982290.5666666667,1828253.5
"2022-10-07 00:00:00",311952,609801,94639,4728,402326,1936428.4333333333,1824801.7666666666
"2022-10-08 00:00:00",262333,897748,98394,4421,490121,1931477,1838500.3
"2022-10-09 00:00:00",288155,984105,100817,9308,293886,1937978.5666666667,1848115.4333333333
"2022-10-10 00:00:00",326054,783570,113447,3625,515869,1926524.5666666667,1851890.6666666667
"2022-10-11 00:00:00",277208,1286045,169824,3376,404764,1917105.7,1855590.6333333333
"2022-10-12 00:00:00",158826,1120691,149799,10320,764911,1914702.9,1846603.4333333333
"2022-10-13 00:00:00",276847,781100,125754,5009,257607,1886768.9666666666,1840843.1666666667
"2022-10-14 00:00:00",237152,809663,133547,7148,670119,1877731.6333333333,1838817.7333333334
"2022-10-15 00:00:00",338976,380212,117786,5186,488035,1865057.0333333334,1863755.6333333333
"2022-10-16 00:00:00",229744,794144,139869,9448,661938,1881034.4,1867680.7333333334
"2022-10-17 00:00:00",378507,862679,125059,6088,538261,1914816.3333333333,1914218
"2022-10-18 00:00:00",353875,778505,147102,5362,620503,1961769.0333333334,1940463.3333333333
"2022-10-19 00:00:00",186586,1061291,139915,6539,253011,2007036.9333333333,1930020.2333333334
"2022-10-20 00:00:00",216297,942245,147362,8648,239322,1988068,1933742.3
"2022-10-21 00:00:00",170524,1099915,119661,6883,838763,1960565.2666666666,1924756.5666666667
"2022-10-22 00:00:00",236022,1175661,88345,6074,526856,1943688.0333333334,1930625.5
"2022-10-23 00:00:00",225191,1101044,125465,7151,381437,1947602.5,1908468.4666666666
"2022-10-24 00:00:00",248628,863195,150668,8131,654068,1960069.5,1899938.2
"2022-10-25 00:00:00",213291,1225435,148035,3514,341655,1936029.3,1910561.1333333333
"2022-10-26 00:00:00",359769,1066614,121762,3841,585018,1932267.6666666667,1883050.3666666667
"2022-10-27 00:00:00",361216,462653,140430,8153,304862,1906550.9666666666,1924400.9666666666
"2022-10-28 00:00:00",383198,1050604,162257,7061,298142,1888217.0666666667,1915798.3
"2022-10-29 00:00:00",368002,735584,100599,3856,680403,1876732.2666666666,1922437.4333333333
"2022-10-30 00:00:00",238149,1037831,176717,8248,503306,1869910.7,1931870.8
"2022-10-31 00:00:00",295064,882156,164085,6509,347701,1850837.6666666667,1951560.3666666667
"2022-11-01 00:00:00",235598,776201,123046,4574,705233,1859280,1975061
"2022-11-02 00:00:00",346292,634937,131223,3570,689202,1836036.4333333333,1961566.6
"2022-11-03 00:00:00",214929,965979,134648,9195,434538,1827091.6,1935213.4666666666
"2022-11-04 00:00:00",440790,940328,149726,9397,404291,1825722.6,1916520.4333333333
"2022-11-05 00:00:00",232176,717382,111786,5913,378695,1801937.6666666667,1934082.6333333333
"2022-11-06 00:00:00",335353,1668541,138338,7437,809323,1853122.9333333333,1927257.4666666666
"2022-11-07 00:00:00",224958,702708,164947,2772,557955,1849800.8333333333,1911208.1333333333
"2022-11-08 00:00:00",308371,1319379,155352,8460,286847,1863205.7333333334,1886975.1
"2022-11-09 00:00:00",223912,574850,157933,6675,1082023,1873300.6333333333,1872267.7333333334
"2022-11-10 00:00:00",418673,881729,167793,4228,407621,1864594.8333333333,1876258.8666666667
"2022-11-11 00:00:00",239063,529219,142519,7704,1126658,1859282.1666666667,1868081.0666666667
"2022-11-12 00:00:00",283563,1206739,125093,11097,806865,1892183.5666666667,1886219.7333333334
"2022-11-13 00:00:00",335029,802393,127971,13782,392978,1886000.7666666666,1891227.1
"2022-11-14 00:00:00",232732,1068468,127736,4151,989019,1922398.4666666666,1864429.4333333333
"2022-11-15 00:00:00",364625,865442,164301,8160,789511,1934295.2,1904361.9666666666
"2022-11-16 00:00:00",292456,660882,127729,8130,873348,1936026.7,1897124.0666666667
"2022-11-17 00:00:00",396719,1174507,144122,9379,618396,1950619.4666666666,1872522.4666666666
"2022-11-18 00:00:00",244904,656045,124999,5738,427378,1944343.3333333333,1886172.2666666666
"2022-11-19 00:00:00",345866,786976,100260,5566,428450,1948117.4333333333,1900110.1
"2022-11-20 00:00:00",250387,1228014,110901,11347,403671,1940403.4666666666,1904578.6333333333
"2022-11-21 00:00:00",245389,1036119,124810,6726,766832,1945301.6,1904940.4333333333
"2022-11-22 00:00:00",230209,551932,136872,5154,298226,1924704.5666666667,1905946.0666666667
"2022-11-23 00:00:00",274512,858830,146526,14551,300020,1913696.4333333333,1909588.3333333333
"2022-11-24 00:00:00",380285,848127,103323,5859,674026,1916353.1,1922421.8333333333
"2022-11-25 00:00:00",370878,1080673,128601,9512,569223,1917082.4666666666,1950404.5666666667
"2022-11-26 00:00:00",282755,311985,90466,5356,706292,1921066.8333333333,1934937
"2022-11-27 00:00:00",227116,965964,182829,6006,506261,1920630.5,1941666.7
"2022-11-28 00:00:00",275146,905780,173450,7770,748627,1928042.1,1951739.5
"2022-11-29 00:00:00",245634,652753,108491,4643,457687,1911540.0333333334,1959907.4666666666
"2022-11-30 00:00:00",208990,977655,95142,5265,373608,1910377.9,1945505.0666666667
"2022-12-01 00:00:00",355653,839349,159770,5527,706800,1917792.8333333333,1916975.7
"2022-12-02 00:00:00",208778,960873,139448,5643,652677,1923199.4333333333,1926118.0666666667
"2022-12-03 00:00:00",300588,837826,102045,4377,316277,1916592.7666666666,1933770.4
"2022-12-04 00:00:00",292708,678116,148939,11607,625871,1910349.5,1924333.6666666667
"2022-12-05 00:00:00",330049,1147604,138622,8864,761789,1941715.8333333333,1935816.4
"2022-12-06 00:00:00",336285,754398,117731,5334,1301765,1926932.9,1933245.4
"2022-12-07 00:00:00",278560,605792,154660,7659,591314,1926421.0333333334,1920565.1333333333
"2022-12-08 00:00:00",493893,1522220,152398,8023,749594,1954678.4333333333,1912595.1333333333
"2022-12-09 00:00:00",277300,1113508,134233,4174,635114,1958642.5,1923789.0333333334
"2022-12-10 00:00:00",362785,667222,98081,7109,481440,1949861.7333333334,1933393.5
"2022-12-11 00:00:00",229132,597015,150721,6524,463854,1929931.0666666667,1945842.1333333333
"2022-12-12 00:00:00",339302,807389,193583,3742,414997,1907453.1333333333,1959270.3666666667
"2022-12-13 00:00:00",376576,1111120,137367,3740,438595,1920628.3,1943890.6666666667
"2022-12-14 00:00:00",266312,1260623,95783,8173,430295,1908597.0333333334,1955665.9666666666
"2022-12-15 00:00:00",437697,607617,142172,6111,775607,1901168.9333333333,1947240.7666666666
"2022-12-16 00:00:00",271968,892168,149233,4298,790537,1906024.3333333333,1970174.1333333333
"2022-12-17 00:00:00",247559,929772,125778,8865,601499,1891702.1666666667,1955024.9333333333
"2022-12-18 00:00:00",303441,688631,119818,5559,457725,1895571.9666666666,1928110.8666666667
"2022-12-19 00:00:00",207675,767772,139352,7546,538158,1895352.3,1939015.0666666667
"2022-12-20 00:00:00",278234,761729,135488,5697,383129,1880684.2,1974627.6
"2022-12-21 00:00:00",262383,986664,175893,8435,639007,1877100.8,1965735.4
"2022-12-22 00:00:00",218651,549652,120467,4899,472907,1881907.1333333333,2003831.8
"2022-12-23 00:00:00",128827,543235,62109,2929,528425,1870942.6333333333,2021238.5333333334
"2022-12-24 00:00:00",155878,554270,65525,5596,301502,1839980.1333333333,2022850.2666666666
"2022-12-25 00:00:00",178300,825143,134620,4231,435739,1820618.4666666666,1985492.8
"2022-12-26 00:00:00",173433,932917,144009,9597,1198407,1856002.0666666667,1970337.0333333334
"2022-12-27 00:00:00",241674,1465740,143247,6697,721239,1879016.4,1982143.8
"2022-12-28 00:00:00",226936,963637,111932,4953,882347,1881650.4333333333,1979279.0333333334
"2022-12-29 00:00:00",224128,695597,89293,6837,597796,1886464.8,1967090.8
"2022-12-30 00:00:00",222559,410758,63719,1806,412359,1868149.2333333334,1969588.8666666667
"2022-12-31 00:00:00",44909,300503,56914,399,704703,1836158.9333333333,1952914.5666666667
"2023-01-01 00:00:00",191405,656388,30794,769,246649,1808110.5666666667,1917509.9666666666
"2023-01-02 00:00:00",175166,352717,25073,89,441614,1789228.3,1884824.2333333334
"2023-01-03 00:00:00",224115,742424,84912,0,289661,1775357.0666666667,1918363.0666666667
"2023-01-04 00:00:00",273330,1578423,99564,2141,401491,1774290.8333333333,1895864
"2023-01-05 00:00:00",492387,1199581,130973,2894,614625,1771789.2666666666,1928111.7666666666
"2023-01-06 00:00:00",274988,960467,125302,9242,446547,1777740.9333333333,1964781.1666666667
"2023-01-07 00:00:00",353618,857205,92518,10345,963938,1756123.5333333334,1980852.0666666667
"2023-01-08 00:00:00",338912,1154010,100809,6578,466169,1752861.5333333334,1979735.4333333333
"2023-01-09 00:00:00",407716,1089185,170764,4237,436985,1769270.4666666666,1961976.6666666667
"2023-01-10 00:00:00",267023,1165377,126871,4278,817988,1800413.4666666666,1965649.5
"2023-01-11 00:00:00",404183,863403,152467,6658,877649,1818591.8,1961408.5333333334
"2023-01-12 00:00:00",317606,986209,173285,4546,564613,1817887.2,1970150.6666666667
"2023-01-13 00:00:00",416296,1109153,117537,13886,787998,1830677.3333333333,1952082.0333333334
"2023-01-14 00:00:00",309074,884992,77429,4202,409895,1821223.4666666666,1921786.1
"2023-01-15 00:00:00",268886,1112492,125514,6496,348213,1813003.4333333333,1895298.6666666667
"2023-01-16 00:00:00",291675,594350,120849,5358,774538,1808780.1,1925880.6
"2023-01-17 00:00:00",234561,1187311,165064,7683,810732,1836453.7,1955509.8333333333
"2023-01-18 00:00:00",298106,676963,150833,6367,459843,1834173.6666666667,1941208.3333333333
"2023-01-19 00:00:00",328429,769810,174295,3422,693819,1847690.3333333333,1911349.6666666667
"2023-01-20 00:00:00",430310,1110971,130014,8603,433316,1849051.3,1931755.8
"2023-01-21 00:00:00",268252,541035,88146,5501,485766,1849788.6666666667,1894132.5
"2023-01-22 00:00:00",210871,826366,149487,7690,629438,1868399.8333333333,1858509
"2023-01-23 00:00:00",352047,734868,166609,3824,664258,1896361.5333333334,1846664.7333333334
"2023-01-24 00:00:00",104645,693205,77028,4451,182138,1879142.4666666666,1880447.1666666667
"2023-01-25 00:00:00",164521,642951,95077,6645,308621,1837790.9666666666,1900907.1
"2023-01-26 00:00:00",308971,799359,118636,2819,1157700,1831420.0666666667,1885762.2666666666
"2023-01-27 00:00:00",280371,1330836,135638,6025,657318,1838766,1895777.7
"2023-01-28 00:00:00",133713,347665,71287,2550,579583,1822804.3666666667,1903116.4666666666
"2023-01-29 00:00:00",239742,951049,125527,7391,506257,1846763.8,1920555.3
"2023-01-30 00:00:00",197196,1304933,136703,4753,514569,1881789.3,1951922.6333333333
"2023-01-31 00:00:00",269920,961940,168772,5756,583675,1910592.5333333334,1982157.7666666666
"2023-02-01 00:00:00",208457,1040621,118473,8152,447502,1938211.9666666666,2011954.5333333334
"2023-02-02 00:00:00",162354,730205,120119,13261,598448,1947654.9333333333,2000968.0333333334
"2023-02-03 00:00:00",234486,921006,156878,3051,420970,1927037,1996308.5
"2023-02-04 00:00:00",139283,570630,108895,9445,813202,1900403.3666666667,1971650.7333333334
"2023-02-05 00:00:00",243049,1089800,177866,7402,643102,1911892.7,1932463.2666666666
"2023-02-06 00:00:00",265592,975399,148511,4815,623639,1903237.6666666667,1950689.2333333334
"2023-02-07 00:00:00",198038,373330,116705,5506,486509,1873691.8666666667,1951616.9
"2023-02-08 00:00:00",221408,1051955,144708,5481,530710,1868537.9333333333,1971797.2666666666
"2023-02-09 00:00:00",162134,1743638,143541,5043,985536,1890483.2333333334,1982049.7666666666
"2023-02-10 00:00:00",176949,1108146,116465,7470,557832,1879232.7333333334,1954748.0666666667
"2023-02-11 00:00:00",237802,720583,83586,3975,450341,1860899.9,1969427.3
"2023-02-12 00:00:00",207356,1162764,117145,5744,714343,1852982.4333333333,1986668.6
"2023-02-13 00:00:00",314938,1158798,136902,6523,817252,1877943.8666666667,1986387.9
"2023-02-14 00:00:00",251291,724240,126691,5717,425829,1867016.2666666666,1993109.4333333333
"2023-02-15 00:00:00",230525,707739,107866,4937,361538,1854543.7666666666,1971499.4
"2023-02-16 00:00:00",301167,1014246,153043,4760,785268,1849647.9,1957566.8333333333
"2023-02-17 00:00:00",325910,767089,143855,8556,646023,1859625.4,1959930.5333333334
"2023-02-18 00:00:00",279608,588301,99011,4385,782506,1852426,1953098.2
"2023-02-19 00:00:00",307732,1177763,150947,7365,618203,1857385.8,1940642.3666666667
"2023-02-20 00:00:00",415752,1149377,160299,3211,714390,1892530.5333333334,1940526.6666666667
"2023-02-21 00:00:00",197367,579413,129980,6875,293961,1871989.1,1978796.6666666667
"2023-02-22 00:00:00",399159,994496,98610,6162,734174,1882355.7,1977060.2666666666
"2023-02-23 00:00:00",320802,1272606,144486,5308,774590,1930900.4,1974353.6666666667
"2023-02-24 00:00:00",206356,541547,134235,5809,611328,1940282.4666666666,1964591.8666666667
"2023-02-25 00:00:00",327005,906739,81579,4131,567193,1923587.5333333334,1966538.6
"2023-02-26 00:00:00",200537,671894,129719,9509,500871,1893665.9666666666,1947300.4
"2023-02-27 00:00:00",461335,656981,144613,3101,594502,1917857.2666666666,1947878.9666666666
"2023-02-28 00:00:00",302071,1110544,134365,5020,331859,1919653.5333333334,1944293.2666666666
"2023-03-01 00:00:00",284237,1375168,123267,5797,918895,1937960.3333333333,1955649.6
"2023-03-02 00:00:00",457569,639494,98025,5832,561892,1930385.0666666667,1955242.7666666666
"2023-03-03 00:00:00",386175,800532,133819,4839,624669,1934612.4,1950978.9333333333
"2023-03-04 00:00:00",205987,502332,96867,6664,485575,1923713.2,1933078.3333333333
"2023-03-05 00:00:00",226326,1297311,159814,7723,639179,1943511.9666666666,1933557.2
"2023-03-06 00:00:00",325115,763378,163493,3773,793560,1957107.5666666667,1946736.7333333334
"2023-03-07 00:00:00",381451,1153287,159853,4910,956919,1973614.6333333333,1955744.7333333334
"2023-03-08 00:00:00",290359,782388,154425,8097,696238,1970732.9,1962290.6333333333
"2023-03-09 00:00:00",296485,909389,145086,5091,644609,1998084.9666666666,1973420.0333333334
"2023-03-10 00:00:00",244016,849630,141091,4544,541638,1992306.2666666666,1976028.5333333334
"2023-03-11 00:00:00",261506,385354,101395,6920,477692,1932071.7333333334,1951908.9333333333
"2023-03-12 00:00:00",305746,1226279,140378,12210,714882,1946493.2,1957831.8
"2023-03-13 00:00:00",293165,1212542,142023,3721,531799,1969392.4,1962659.6666666667
"2023-03-14 00:00:00",246431,771380,144850,5606,367520,1947006.9,1968419.3666666667
"2023-03-15 00:00:00",358283,1134974,120694,5588,576940,1939075.2333333334,1993992.7333333334
"2023-03-16 00:00:00",257347,528083,176766,9788,390392,1933362,2004119.5333333334
"2023-03-17 00:00:00",234607,721017,112982,3891,753662,1947147.6,2021502.3333333333
"2023-03-18 00:00:00",176665,846437,63652,4584,815953,1935440.6,2020151.8
"2023-03-19 00:00:00",268690,558513,175906,6543,341039,1917415.8666666667,1985662.4333333333
"2023-03-20 00:00:00",279890,913123,129837,1950,575935,1922313.8666666667,1967704.2
"2023-03-21 00:00:00",369236,1267984,125398,4282,614598,1926296.9666666666,1967842.9
"2023-03-22 00:00:00",196335,446323,145475,6722,527328,1888935.0333333334,1972311.2333333334
"2023-03-23 00:00:00",384547,756710,102632,5315,736366,1914867.2666666666,1967458.3
"2023-03-24 00:00:00",145593,1227609,111101,8507,552008,1908607.6666666667,1983026.0333333334
"2023-03-25 00:00:00",228289,708256,104609,6048,325568,1870439.7666666666,2009194.6333333333
"2023-03-26 00:00:00",203591,991123,147334,12683,350525,1877305.9333333333,1979249.7666666666
"2023-03-27 00:00:00",358311,942406,185097,4543,1050857,1899125.6,1966910.2
"2023-03-28 00:00:00",300152,650843,164962,4420,456787,1901279.8666666667,1988062.2666666666
"2023-03-29 00:00:00",260056,984149,154115,7200,269458,1895094.8666666667,2000372.7
"2023-03-30 00:00:00",301061,795357,125134,6528,330691,1884258.6666666667,1990265.9
"2023-03-31 00:00:00",243092,676333,121569,4238,482225,1844928.3333333333,1995099.7333333334
"2023-04-01 00:00:00",204090,949602,78396,2849,764706,1852822.6,1988503.2
"2023-04-02 00:00:00",246548,843078,159089,8531,290048,1839397.9333333333,1973748.5333333334
"2023-04-03 00:00:00",300321,429618,126793,2015,565290,1843618.6333333333,1986563.4
"2023-04-04 00:00:00",368091,714448,117321,9022,636615,1827456.4333333333,1978773.9666666666
"2023-04-05 00:00:00",393030,1298331,166305,6403,962405,1853361.7,1971607.2333333334
"2023-04-06 00:00:00",326528,1048657,109604,5992,360670,1826528.8333333333,1983226.1666666667
"2023-04-07 00:00:00",245763,324351,87477,6865,265219,1793133.8,2011748.7333333334
"2023-04-08 00:00:00",215603,697994,65230,4104,936462,1790424.5333333334,1985402.9
"2023-04-09 00:00:00",296461,762975,128007,8153,462100,1786317.3,1962903.2333333334
"2023-04-10 00:00:00",291150,538434,180528,4460,561852,1797769.9,1985792.5333333334
"2023-04-11 00:00:00",367359,889612,148799,5878,477495,1780758.1,1998110
"2023-04-12 00:00:00",333141,678225,119878,7163,252934,1754360.9666666666,1970531.2666666666
"2023-04-13 00:00:00",336793,1065025,119038,4576,744479,1778831.9666666666,1953135.4333333333
"2023-04-14 00:00:00",283917,1191204,107511,3739,614381,1778974.3666666667,1943576.1
"2023-04-15 00:00:00",151441,1190122,76018,4949,414045,1794780.5333333334,1901494.6666666667
"2023-04-16 00:00:00",373857,683780,100773,9590,408339,1786452.8,1878830.0666666667
"2023-04-17 00:00:00",274878,853915,140468,1023,565471,1784068.5,1909207.6666666667
"2023-04-18 00:00:00",318096,587478,152026,3579,294959,1784249.8666666667,1955418.1666666667
"2023-04-19 00:00:00",355440,721594,142714,9447,667062,1784100.6666666667,1952667.2
"2023-04-20 00:00:00",297011,897949,168399,7659,606763,1770643.4333333333,1954924.6333333333
"2023-04-21 00:00:00",227267,693260,159896,4025,852150,1791123.9,1986407.1
"2023-04-22 00:00:00",204099,587490,85631,7356,274441,1763571.6666666667,1977074.0666666667
"2023-04-23 00:00:00",203075,1052564,115393,14572,706055,1765133.1333333333,1955971.1333333333
"2023-04-24 00:00:00",284059,1245058,154570,4141,534023,1793436.5,1912344.9333333333
"2023-04-25 00:00:00",241871,520638,109264,4545,558898,1784435.3333333333,1951858.3333333333
"2023-04-26 00:00:00",266146,447173,86888,8709,561164,1745397.0333333334,1948682.4
"2023-04-27 00:00:00",210503,927156,157448,7770,705308,1759764.6666666667,1946367.6333333333
"2023-04-28 00:00:00",247388,393243,122953,5539,529876,1747232.0333333334,1938397.8333333333
"2023-04-29 00:00:00",186381,664740,122443,3409,486353,1744050.0666666667,1928889.0666666667
"2023-04-30 00:00:00",154211,1489368,99584,6506,469753,1767115.4666666666,1910871.1333333333
"2023-05-01 00:00:00",309229,586456,112206,3791,552729,1752608,1901236.5333333334
"2023-05-02 00:00:00",242155,873017,97634,3957,724882,1765752.8,1918320.6666666667
"2023-05-03 00:00:00",235237,891806,63621,3506,739296,1782733.3666666667,1898670.5333333334
"2023-05-04 00:00:00",318016,296124,60168,1486,510176,1760748.2333333334,1907022.2333333334
"2023-05-05 00:00:00",240781,796156,81245,3310,298601,1713868.3333333333,1912560.4
"2023-05-06 00:00:00",222010,763372,54783,3541,355731,1698800.5,1905645.8666666667
"2023-05-07 00:00:00",281208,956825,104583,4371,472415,1728457.9333333333,1856693.1333333333
"2023-05-08 00:00:00",382265,602503,141062,4457,227677,1709743.8333333333,1846347.2666666666
"2023-05-09 00:00:00",295529,752134,118402,3247,623306,1714240.9666666666,1858279.5333333334
"2023-05-10 00:00:00",423612,775053,169878,11009,616647,1728233.2,1834258.9333333333
"2023-05-11 00:00:00",254080,1023148,149182,5276,1102633,1749739.4666666666,1834050.3666666667
"2023-05-12 00:00:00",215560,1206750,119114,2503,442916,1769589.6,1854671.9666666666
"2023-05-13 00:00:00",223949,547796,97422,5059,716698,1746956,1850708.0666666667
"2023-05-14 00:00:00",227102,924688,136518,7993,400355,1730152.8,1842177.0333333334
"2023-05-15 00:00:00",236056,1584236,132335,4571,816819,1761401.5,1863198.2
"2023-05-16 00:00:00",334162,1154237,118324,2101,788770,1788777,1887155.7666666666
"2023-05-17 00:00:00",289160,1030343,138825,6538,420508,1790431.3,1877115.3333333333
"2023-05-18 00:00:00",225693,599566,127258,4709,704510,1800617.9333333333,1860587.7
"2023-05-19 00:00:00",212101,722399,126002,3588,417856,1786807.1333333333,1869459.3
"2023-05-20 00:00:00",178023,369874,75951,6111,596257,1761754.2333333334,1869889.5
"2023-05-21 00:00:00",217279,718316,162095,7250,434841,1748527.1333333333,1834019.8
"2023-05-22 00:00:00",308964,1214804,169473,2971,380442,1779115.9333333333,1829064.0333333334
"2023-05-23 00:00:00",247706,542067,151239,2514,329789,1751838.0666666667,1871715.1666666667
"2023-05-24 00:00:00",347468,723194,133804,6658,1093046,1754581.8,1871201.9333333333
"2023-05-25 00:00:00",262820,935006,135251,3922,963932,1783439.0333333334,1854183.9666666666
"2023-05-26 00:00:00",226137,1104809,132623,4261,385996,1799564,1869574.5666666667
"2023-05-27 00:00:00",170418,625807,108238,4589,612255,1783334.2333333334,1858434.7333333334
"2023-05-28 00:00:00",198178,1037762,133792,5748,597873,1805812.5666666667,1829638.4
"2023-05-29 00:00:00",287466,577678,127043,3340,499098,1806856.2,1857744.4333333333
"2023-05-30 00:00:00",324580,627526,131250,4500,364413,1781284.6333333333,1849167.2666666666
"2023-05-31 00:00:00",287199,908934,128343,2581,513512,1790489.8666666667,1858351.1
"2023-06-01 00:00:00",177099,521286,110650,3971,459056,1768171.0666666667,1859800.5
"2023-06-02 00:00:00",149042,296856,77317,3650,184741,1727442.4666666666,1866566.5666666667
"2023-06-03 00:00:00",195684,470080,57520,3303,722695,1736219.8333333333,1864319.0333333334
"2023-06-04 00:00:00",204802,536440,125170,8287,415699,1731896.8333333333,1850201.2
"2023-06-05 00:00:00",332275,794955,168497,5654,594257,1748437.6666666667,1852033.4
"2023-06-06 00:00:00",360682,1278757,169336,4148,560377,1766901.5,1864758.5666666667
"2023-06-07 00:00:00",332800,449194,156471,5047,803165,1779858.9333333333,1869120.7
"2023-06-08 00:00:00",382167,1387524,142679,10352,397779,1797455.4,1861871.9333333333
"2023-06-09 00:00:00",210454,828044,101333,7673,376201,1781705.3,1861962.3666666667
"2023-06-10 00:00:00",192813,828714,115036,9923,899477,1765426.1333333333,1857253.6333333333
"2023-06-11 00:00:00",214008,642609,137808,7886,632164,1753680.2,1838374.2333333334
"2023-06-12 00:00:00",367600,1003401,128763,5023,649923,1772473.4666666666,1845538.6
"2023-06-13 00:00:00",280837,1236269,111323,6643,534842,1788248.6,1847000.7
"2023-06-14 00:00:00",241914,508695,118643,12381,512148,1742240.1666666667,1833964.2666666666
"2023-06-15 00:00:00",301222,1067238,174435,5210,745844,1738785.1666666667,1820218.1333333333
"2023-06-16 00:00:00",139127,950387,140003,3944,506029,1733922.2666666666,1812179.6
"2023-06-17 00:00:00",190928,397691,108902,4553,582651,1721354.8,1805974.9666666666
"2023-06-18 00:00:00",310755,1084978,186477,9819,521212,1742398,1829894.2666666666
"2023-06-19 00:00:00",338438,648849,164853,2099,644208,1761472.9666666666,1819764.5333333334
"2023-06-20 00:00:00",255571,509145,139891,6529,298988,1750484.3333333333,1827428.1666666667
"2023-06-21 00:00:00",286327,1127589,112141,7042,583817,1751826.2,1821059.8
"2023-06-22 00:00:00",314703,993523,137137,3731,394771,1770844.3,1783884.9
"2023-06-23 00:00:00",183998,1148666,113629,2574,520078,1759670.1666666667,1793060.8333333333
"2023-06-24 00:00:00",285318,661590,88032,5190,745459,1742491.1333333333,1808393.7
"2023-06-25 00:00:00",171939,843767,136736,12254,520562,1736872.1333333333,1803959.1333333333
"2023-06-26 00:00:00",324297,989371,142663,1721,794413,1761244.4,1794976.3333333333
"2023-06-27 00:00:00",303231,556053,112079,11320,347390,1739801.8666666667,1813976.9
"2023-06-28 00:00:00",296533,909484,150669,7014,541739,1753496.1,1787670.8
"2023-06-29 00:00:00",316786,966390,150485,9391,399431,1766503.4,1810740.6
"2023-06-30 00:00:00",140184,819588,119404,5615,347612,1752897.7333333334,1804430.3
"2023-07-01 00:00:00",166473,638564,68751,5592,469724,1755464.6,1796311.5666666667
"2023-07-02 00:00:00",223398,864982,154948,6409,261927,1782133.5,1778907.2666666666
"2023-07-03 00:00:00",344225,926999,158592,1545,469842,1797198,1789724.8666666667
"2023-07-04 00:00:00",338155,562396,143998,5959,611321,1809579.3333333333,1797227.5
"2023-07-05 00:00:00",287055,1239606,129077,9305,419988,1815892.5333333334,1804935.5333333334
"2023-07-06 00:00:00",376726,881289,115637,3965,611942,1803101.2666666666,1790637.5333333334
"2023-07-07 00:00:00",271841,1693130,121587,5396,547191,1832849.9333333333,1799891.5
"2023-07-08 00:00:00",192451,669010,71546,6112,524066,1804272.2,1812292.4666666666
"2023-07-09 00:00:00",315143,641413,112842,6935,390178,1802365.8666666667,1801728.2666666666
"2023-07-10 00:00:00",229658,556286,130187,4350,509224,1781824.1666666667,1814239.7333333334
"2023-07-11 00:00:00",262991,1386655,146578,2378,753594,1812415.2666666666,1829956.7333333334
"2023-07-12 00:00:00",317775,779435,139666,8061,679386,1804735.6,1841404.2666666666
"2023-07-13 00:00:00",342151,584435,159061,6551,665693,1791001.7,1861050.3666666667
"2023-07-14 00:00:00",279710,1159726,131853,5432,353171,1808872.5333333334,1883428.9
"2023-07-15 00:00:00",303311,813733,94991,5541,481032,1789027.4,1872410.2
"2023-07-16 00:00:00",190304,286341,88401,13285,637380,1771567.6666666667,1853219.2
"2023-07-17 00:00:00",335558,1497145,150086,3413,393007,1808050.6666666667,1858014.3333333333
"2023-07-18 00:00:00",254273,1254350,130073,2211,556380,1810852.4333333333,1846950.9333333333
"2023-07-19 00:00:00",232836,901456,130575,10850,579365,1812740.1666666667,1847006.3333333333
"2023-07-20 00:00:00",266715,733575,134806,6053,477018,1826341.8333333333,1848714.3666666667
"2023-07-21 00:00:00",215547,1074914,137379,2948,757118,1828707.9666666666,1857902.1
"2023-07-22 00:00:00",218068,632286,106288,5688,397712,1812580.3,1866571.4333333333
"2023-07-23 00:00:00",260517,1047935,165115,11198,699261,1819749.9,1853365.9
"2023-07-24 00:00:00",248070,906674,163018,1449,307513,1814454.9666666666,1848166.4333333333
"2023-07-25 00:00:00",270494,817930,164400,8246,399792,1813642.1,1851905.3
"2023-07-26 00:00:00",181964,962304,125622,18002,477769,1797415.2333333334,1855706.1666666667
"2023-07-27 00:00:00",233279,588025,124604,4880,417936,1798703.9666666666,1857891.1
"2023-07-28 00:00:00",213522,1177060,122997,5023,297029,1795709.6,1887242.2
"2023-07-29 00:00:00",229571,819882,85773,4154,608360,1792551.0333333334,1862247.9
"2023-07-30 00:00:00",211460,799240,116660,4803,609556,1802861.8,1861671.5333333334
"2023-07-31 00:00:00",244456,846417,133407,2505,382890,1811548.1,1846543.2333333334
"2023-08-01 00:00:00",243780,1321179,133633,2911,531758,1835601.6666666667,1883132.6
"2023-08-02 00:00:00",225163,530038,118694,5792,537581,1819470.4666666666,1883983.3333333333
"2023-08-03 00:00:00",220140,640532,111212,3172,638780,1817870.4,1873701.7666666666
"2023-08-04 00:00:00",152872,690966,107387,3605,410372,1793876.0333333334,1844749.5666666667
"2023-08-05 00:00:00",125291,646103,72682,3622,880383,1785159.6333333333,1855685.6
"2023-08-06 00:00:00",193777,794686,119282,2271,450425,1749202.6666666667,1865425.9666666666
"2023-08-07 00:00:00",161890,587486,120298,3825,219037,1736847.8666666667,1862874.8666666667
"2023-08-08 00:00:00",190643,208015,66817,5190,303210,1713759.2,1878647.1666666667
"2023-08-09 00:00:00",149571,213033,69611,2049,142123,1685314.5666666667,1870952.7333333334
"2023-08-10 00:00:00",209214,971129,62496,5949,225213,1649373.8333333333,1863527.8
"2023-08-11 00:00:00",254369,1181307,94316,5071,568468,1655347.3333333333,1856718.4333333333
"2023-08-12 00:00:00",192755,738780,53692,13176,365285,1642206.6666666667,1820994.7
"2023-08-13 00:00:00",52252,578785,58123,5563,422636,1615121.2333333334,1806687.9
"2023-08-14 00:00:00",69644,528049,67732,2710,502904,1597535,1814412.3333333333
"2023-08-15 00:00:00",170787,801957,71000,572,221432,1599202.2,1831113.9666666666
"2023-08-16 00:00:00",557365,1528901,172924,7496,615869,1615980.3333333333,1835088.8333333333
"2023-08-17 00:00:00",442731,1048492,171126,2313,524605,1615713.2333333334,1850425.5
"2023-08-18 00:00:00",364057,1481159,133647,5220,463375,1635459.4,1857094
"2023-08-19 00:00:00",334635,907033,117279,7942,780712,1653106.8666666667,1872245.6
"2023-08-20 00:00:00",319172,1044437,147511,6658,988777,1663728.3,1855151.8
"2023-08-21 00:00:00",358660,1297113,176088,3122,437401,1694140.1333333333,1852039.3333333333
"2023-08-22 00:00:00",300184,867908,143265,9620,470765,1681063.9333333333,1871249.2666666666
"2023-08-23 00:00:00",404159,858450,157031,12377,740901,1699270.3333333333,1878960.0333333334
"2023-08-24 00:00:00",427908,631825,147955,6932,343895,1695858.6666666667,1886430.0666666667
"2023-08-25 00:00:00",185329,756394,154148,4632,785150,1699858.5,1904375.9333333333
"2023-08-26 00:00:00",249858,1097572,96302,8225,445287,1717475.0666666667,1900465.1333333333
"2023-08-27 00:00:00",226480,657630,111578,10239,284771,1699977.5333333334,1889241.5666666667
"2023-08-28 00:00:00",255590,864331,122620,5106,773909,1709104.9333333333,1902257.7666666666
"2023-08-29 00:00:00",340361,855124,133289,7729,547433,1713845.7,1910052.3333333333
"2023-08-30 00:00:00",181061,1027440,132046,4196,702878,1728444.0666666667,1922459.0666666667
"2023-08-31 00:00:00",308331,858381,121908,12292,511606,1714419.1333333333,1925957.4666666666
"2023-09-01 00:00:00",382651,910100,118648,3791,690699,1737373.3333333333,1927433.4666666666
"2023-09-02 00:00:00",242873,944914,103740,6644,440681,1741540.5333333334,1941584.7666666666
"2023-09-03 00:00:00",206403,611163,138049,7789,343515,1739597.7333333334,1934224.6666666667
"2023-09-04 00:00:00",222394,672101,116332,2048,621256,1736466.3333333333,1917102.7666666666
"2023-09-05 00:00:00",251983,708936,107688,7323,527456,1737897.8666666667,1883015.1333333333
"2023-09-06 00:00:00",248066,1038273,145303,3710,623596,1770112.0666666667,1852668.6
"2023-09-07 00:00:00",220640,602568,123455,7425,787600,1802373.5666666667,1874860.9
"2023-09-08 00:00:00",146813,776323,100646,7980,297728,1827477.3333333333,1878842.3
"2023-09-09 00:00:00",230262,1131228,93253,7673,449154,1842063.2666666666,1870179.0333333334
"2023-09-10 00:00:00",276490,1032763,162716,7281,1017715,1855177.9666666666,1875657.7
"2023-09-11 00:00:00",299980,1096077,152990,4264,429092,1875802.5666666667,1911632.5333333334
"2023-09-12 00:00:00",440243,663062,164590,9435,514479,1898285.2333333334,1930536.4666666666
"2023-09-13 00:00:00",353024,1110078,163485,12024,394792,1927032.0666666667,1954073.4666666666
"2023-09-14 00:00:00",296432,768140,124622,4799,893206,1954415.1333333333,1961570.5666666667
"2023-09-15 00:00:00",271430,260017,119040,4168,824710,1907642.1,1947761.3
"2023-09-16 00:00:00",210152,741756,104897,5445,345839,1881602.2333333334,1913581.2
"2023-09-17 00:00:00",200981,1395811,93321,7576,904978,1886775.5333333334,1883590.0333333334
"2023-09-18 00:00:00",378001,1134262,167004,4253,499118,1887943.8333333333,1828029.6
"2023-09-19 00:00:00",258590,699854,142934,11327,276852,1850710.7,1787416.6
"2023-09-20 00:00:00",317702,1579066,129927,6976,431391,1857133.2,1793223.9
"2023-09-21 00:00:00",246150,809852,136239,5160,249335,1845632.5666666667,1824821.9
"2023-09-22 00:00:00",275751,550879,110004,5164,1027200,1838835.0333333334,1831032.1666666667
"2023-09-23 00:00:00",220048,377550,91914,5156,451978,1825105.7,1820921.7333333334
"2023-09-24 00:00:00",295951,773118,152834,9656,291420,1813016.5,1796224.3333333333
"2023-09-25 00:00:00",342278,902795,132426,2114,379415,1808409.7,1826923.5
"2023-09-26 00:00:00",353198,1356348,165308,4724,952358,1859784.3666666667,1836143.9333333333
"2023-09-27 00:00:00",240255,1066932,161622,8471,662023,1863709.8,1844513.9666666666
"2023-09-28 00:00:00",287545,631085,155869,8619,480442,1853030.9333333333,1860825.6
"2023-09-29 00:00:00",288264,933352,132033,4171,495028,1846538.4666666666,1871871.8666666667
"2023-09-30 00:00:00",232648,1195189,112740,3153,561518,1856295.8333333333,1866321.6333333333
"2023-10-01 00:00:00",314998,419322,155048,10499,431863,1830490.3333333333,1868694.4333333333
"2023-10-02 00:00:00",293831,853387,171466,2413,651859,1838293.9,1853606.7333333334
"2023-10-03 00:00:00",308795,797621,117717,7774,481960,1851858.9333333333,1894095.7666666666
"2023-10-04 00:00:00",423875,450163,161906,8967,380241,1844893.2333333334,1912054.6
"2023-10-05 00:00:00",320592,1003827,141452,8271,509902,1857582.3,1944124
"2023-10-06 00:00:00",287508,1282078,132536,4633,425408,1860022.7,1982290.5666666667
"2023-10-07 00:00:00",165719,1008489,87082,4068,589792,1863804.2333333334,1936428.4333333333
"2023-10-08 00:00:00",222599,466242,77227,10910,334969,1856552.5333333334,1931477
"2023-10-09 00:00:00",284462,1101310,161663,4471,958026,1876498.4333333333,1937978.5666666667
"2023-10-10 00:00:00",195606,737682,136099,4866,584187,1848547.6666666667,1926524.5666666667
"2023-10-11 00:00:00",186138,902302,151581,6365,589412,1843660.6,1917105.7
"2023-10-12 00:00:00",361791,947061,144757,7703,248308,1840921.3666666667,1914702.9
"2023-10-13 00:00:00",167838,638196,127121,5199,669533,1826737.2,1886768.9666666666
"2023-10-14 00:00:00",201220,506024,98852,5740,498867,1800853.6333333333,1877731.6333333333
"2023-10-15 00:00:00",201789,1001011,131267,8299,366217,1808494.6,1865057.0333333334
"2023-10-16 00:00:00",315174,1071402,138982,5363,543339,1830700.7,1881034.4
"2023-10-17 00:00:00",401382,1040098,130077,4421,494369,1812956.6333333333,1914816.3333333333
"2023-10-18 00:00:00",269074,1430547,144791,15717,473632,1817993.9666666666,1961769.0333333334
"2023-10-19 00:00:00",254647,528403,136869,4061,690250,1825483,2007036.9333333333
"2023-10-20 00:00:00",228520,819876,126695,3852,481783,1798671.4666666666,1988068
"2023-10-21 00:00:00",215502,493520,100053,7430,622002,1798396.9666666666,1960565.2666666666
"2023-10-22 00:00:00",311005,1008497,153915,6718,319238,1792742.7666666666,1943688.0333333334
"2023-10-23 00:00:00",290446,1208423,141447,3383,482896,1825408.1,1947602.5
"2023-10-24 00:00:00",303795,838640,132824,10243,502632,1834246.3,1960069.5
"2023-10-25 00:00:00",249827,565150,132256,5782,899220,1837353.1,1936029.3
"2023-10-26 00:00:00",244599,804865,178405,7646,359111,1796109.3666666667,1932267.6666666667
"2023-10-27 00:00:00",232680,821183,130132,7130,458323,1779780.4,1906550.9666666666
"2023-10-28 00:00:00",223480,987954,91451,3659,729588,1795531.8333333333,1888217.0666666667
"2023-10-29 00:00:00",301343,849256,120538,8013,421599,1790462,1876732.2666666666
"2023-10-30 00:00:00",364596,909136,135082,6090,532891,1785213.9333333333,1869910.7
"2023-10-31 00:00:00",387412,1314941,142035,2865,446426,1817278.9,1850837.6666666667
"2023-11-01 00:00:00",312452,734816,116860,3667,844072,1818575.8,1859280
"2023-11-02 00:00:00",365858,381439,110118,6009,364393,1802373.9333333333,1836036.4333333333
"2023-11-03 00:00:00",217160,693198,139590,3784,568342,1808938.1,1827091.6
"2023-11-04 00:00:00",235119,733460,96311,2054,569415,1797348.0666666667,1825722.6
"2023-11-05 00:00:00",287151,1005345,137716,12899,595974,1794245.5666666667,1801937.6666666667
"2023-11-06 00:00:00",275406,1253077,124054,1285,487021,1803768.8666666667,1853122.9333333333
"2023-11-07 00:00:00",457222,866674,110500,7035,497131,1831322.9333333333,1849800.8333333333
"2023-11-08 00:00:00",324476,631550,120056,4900,565731,1802549.2333333334,1863205.7333333334
"2023-11-09 00:00:00",264520,1225017,171850,5987,381975,1815579.3333333333,1873300.6333333333
"2023-11-10 00:00:00",286456,970247,124728,5436,633049,1821716.6,1864594.8333333333
"2023-11-11 00:00:00",236730,550439,83046,5366,372460,1806329.7333333334,1859282.1666666667
"2023-11-12 00:00:00",327957,532152,123156,11683,604523,1806049.2666666666,1892183.5666666667
"2023-11-13 00:00:00",314428,513415,140621,7142,380016,1807546.9333333333,1886000.7666666666
"2023-11-14 00:00:00",234851,1021267,145319,5471,404344,1810968.9,1922398.4666666666
"2023-11-15 00:00:00",295909,1043282,129849,5431,749590,1815962.2666666666,1934295.2
"2023-11-16 00:00:00",330872,1145066,148055,4119,685759,1824079.9,1936026.7
"2023-11-17 00:00:00",163472,586202,88205,6104,412269,1788162.0333333334,1950619.4666666666
"2023-11-18 00:00:00",230752,598165,36010,5576,136987,1767936.4333333333,1944343.3333333333
"2023-11-19 00:00:00",224033,1138712,105453,6288,810613,1788748.8666666667,1948117.4333333333
"2023-11-20 00:00:00",302258,774899,143861,2269,447129,1796479.4666666666,1940403.4666666666
"2023-11-21 00:00:00",305190,1027915,170460,5741,539353,1804789.6333333333,1945301.6
"2023-11-22 00:00:00",345713,1002690,124641,7530,772872,1809017.7,1924704.5666666667
"2023-11-23 00:00:00",243735,1149472,142270,7261,754090,1825974.6,1913696.4333333333
"2023-11-24 00:00:00",284119,953049,117436,3038,306397,1819701.3666666667,1916353.1
"2023-11-25 00:00:00",230000,365483,82499,6039,321015,1800048,1917082.4666666666
"2023-11-26 00:00:00",269215,846232,135597,6708,866778,1815884,1921066.8333333333
"2023-11-27 00:00:00",381208,757942,191345,11964,814755,1819920.8666666667,1920630.5
"2023-11-28 00:00:00",326305,694250,117010,3998,258822,1809908.6666666667,1928042.1
"2023-11-29 00:00:00",415961,1307306,134239,5877,780279,1833104.0333333334,1911540.0333333334
"2023-11-30 00:00:00",290961,705817,137943,5325,450532,1809667.7333333334,1910377.9
"2023-12-01 00:00:00",239316,1026658,139790,4624,598913,1809582.4666666666,1917792.8333333333
"2023-12-02 00:00:00",279642,582042,123054,5525,728938,1825961.7666666666,1923199.4333333333
"2023-12-03 00:00:00",303546,1340823,164927,11500,481967,1848651.5333333334,1916592.7666666666
"2023-12-04 00:00:00",351671,1250926,133729,1970,751111,1877086.7666666666,1910349.5
"2023-12-05 00:00:00",261245,1076067,143860,4221,631522,1879681,1941715.8333333333
"2023-12-06 00:00:00",414947,693373,154267,5775,695164,1873770.4333333333,1926932.9
"2023-12-07 00:00:00",340788,1275560,113861,5146,650576,1888683.2666666666,1926421.0333333334
"2023-12-08 00:00:00",303458,811740,133552,4405,689178,1898536.8,1954678.4333333333
"2023-12-09 00:00:00",313131,649348,92035,5145,845183,1893719.8666666667,1958642.5
"2023-12-10 00:00:00",305560,696718,130288,9588,610429,1884808.8666666667,1949861.7333333334
"2023-12-11 00:00:00",245987,1147554,186440,7197,354918,1907944.3,1929931.0666666667
"2023-12-12 00:00:00",316467,916022,139640,4656,402846,1913949.6333333333,1907453.1333333333
"2023-12-13 00:00:00",347651,830074,118772,6155,639515,1933500.7,1920628.3
"2023-12-14 00:00:00",304195,275051,134839,8005,446467,1912077.8666666667,1908597.0333333334
"2023-12-15 00:00:00",274847,568417,152005,3860,935432,1902428.1666666667,1901168.9333333333
"2023-12-16 00:00:00",195310,728788,79360,3066,336644,1870070.8333333333,1906024.3333333333
"2023-12-17 00:00:00",278165,640426,99032,5895,550590,1880666.5333333334,1891702.1666666667
"2023-12-18 00:00:00",207350,1135611,150829,5200,411460,1910766.3666666667,1895571.9666666666
"2023-12-19 00:00:00",374536,800906,158631,4969,931478,1910280.9666666666,1895352.3
"2023-12-20 00:00:00",254513,693155,157505,6001,438131,1906244.2666666666,1880684.2
"2023-12-21 00:00:00",151826,756031,107143,12073,615062,1892693.1333333333,1877100.8
"2023-12-22 00:00:00",257798,802605,98223,8424,411615,1870200.6333333333,1881907.1333333333
"2023-12-23 00:00:00",183884,440876,117102,7895,360406,1830644.5666666667,1870942.6333333333
"2023-12-24 00:00:00",158983,1046802,160688,7231,432026,1835367.8666666667,1839980.1333333333
"2023-12-25 00:00:00",181345,1144421,133965,8340,800050,1877471.4,1820618.4666666666
"2023-12-26 00:00:00",209406,736387,127976,5297,350213,1854296.2666666666,1856002.0666666667
"2023-12-27 00:00:00",221162,1363413,120032,6042,748213,1864350.8666666667,1879016.4
"2023-12-28 00:00:00",190661,1083522,119879,5202,491073,1880682.6666666667,1881650.4333333333
"2023-12-29 00:00:00",218480,812785,82290,7028,758560,1855198.7,1886464.8
"2023-12-30 00:00:00",212410,224624,70366,1100,821541,1846513.3333333333,1868149.2333333334
"2023-12-31 00:00:00",16926,443292,36365,84,152989,1801190.5333333334,1836158.9333333333
"2024-01-01 00:00:00",100564,661181,30202,62,146139,1775154.4333333333,1808110.5666666667
"2024-01-02 00:00:00",251110,857144,23885,451,727019,1760381.3333333333,1789228.3
"2024-01-03 00:00:00",303940,590601,118985,256,353820,1722987.4,1775357.0666666667
"2024-01-04 00:00:00",214836,1344626,137480,2184,806100,1735930.9333333333,1774290.8333333333
"2024-01-05 00:00:00",304944,867279,109133,7061,1020941,1747458.8333333333,1771789.2666666666
"2024-01-06 00:00:00",362522,1140557,105656,2173,393098,1734727.4,1777740.9333333333
"2024-01-07 00:00:00",310987,1162786,82004,6341,581791,1741446.4,1756123.5333333334
"2024-01-08 00:00:00",434165,1176403,181798,1611,618933,1758382,1752861.5333333334
"2024-01-09 00:00:00",403688,884105,172014,1655,779010,1774644.9666666666,1769270.4666666666
"2024-01-10 00:00:00",351945,956632,139755,4932,580382,1777697.0333333334,1800413.4666666666
"2024-01-11 00:00:00",289273,1246879,174545,8046,528699,1793291.1333333333,1818591.8
"2024-01-12 00:00:00",281927,993766,166575,5974,351589,1788546.6333333333,1817887.2
"2024-01-13 00:00:00",197788,562007,102626,1685,614319,1798875.1,1830677.3333333333
"2024-01-14 00:00:00",268989,811902,130821,6995,362523,1787097.0666666667,1821223.4666666666
"2024-01-15 00:00:00",367451,537489,107432,5088,419628,1790228.2,1813003.4333333333
"2024-01-16 00:00:00",274460,1076765,149372,3812,644524,1809389.3,1808780.1
"2024-01-17 00:00:00",291102,794930,144013,5458,573693,1806014.1666666667,1836453.7
"2024-01-18 00:00:00",256692,927355,152089,5193,557744,1793632.2666666666,1834173.6666666667
"2024-01-19 00:00:00",273445,974782,136454,2035,811660,1815267.8666666667,1847690.3333333333
"2024-01-20 00:00:00",191711,894998,96905,4035,321799,1810844.5666666667,1849051.3
"2024-01-21 00:00:00",172006,310979,83030,4404,466377,1792781.8333333333,1849788.6666666667
"2024-01-22 00:00:00",266127,797503,146897,5224,531591,1814021.1666666667,1868399.8333333333
"2024-01-23 00:00:00",269333,1119286,125124,3083,472742,1820148.7333333334,1896361.5333333334
"2024-01-24 00:00:00",246573,1073468,111549,6075,464311,1807943.1666666667,1879142.4666666666
"2024-01-25 00:00:00",257909,764324,114322,7341,588567,1818049.1666666667,1837790.9666666666
"2024-01-26 00:00:00",222137,778325,103032,5630,488366,1789336.8666666667,1831420.0666666667
"2024-01-27 00:00:00",191441,899992,98610,6977,876154,1795430.9333333333,1838766
"2024-01-28 00:00:00",207151,846883,143271,7601,422103,1787026.8,1822804.3666666667
"2024-01-29 00:00:00",234143,1336832,167718,2376,858055,1829330.1,1846763.8
"2024-01-30 00:00:00",282054,774731,147214,7337,383293,1860830.4333333333,1881789.3
"2024-01-31 00:00:00",412535,886746,174622,4231,642666,1900253.3333333333,1910592.5333333334
"2024-02-01 00:00:00",314263,690351,177904,6163,397221,1891130.7666666666,1938211.9666666666
"2024-02-02 00:00:00",213549,493605,140452,4879,417677,1887883.3333333333,1947654.9333333333
"2024-02-03 00:00:00",191563,596760,98358,4922,961301,1866138.9666666666,1927037
"2024-02-04 00:00:00",305709,903098,136307,6797,546312,1852434.4333333333,1900403.3666666667
"2024-02-05 00:00:00",264732,325618,125673,3056,526878,1827166.4333333333,1911892.7
"2024-02-06 00:00:00",457347,1248491,130672,4078,326374,1827935.3333333333,1903237.6666666667
"2024-02-07 00:00:00",435472,1105961,141467,6715,649972,1825491.6,1873691.8666666667
"2024-02-08 00:00:00",509324,738399,155706,3975,811001,1824756.0666666667,1868537.9333333333
"2024-02-09 00:00:00",239693,660011,165990,3046,503335,1809370.2666666666,1890483.2333333334
"2024-02-10 00:00:00",248025,998685,79324,5762,599827,1798842.3,1879232.7333333334
"2024-02-11 00:00:00",183765,412847,92813,8861,270584,1771143.4333333333,1860899.9
"2024-02-12 00:00:00",233278,1347006,178733,2310,760509,1805924.4,1852982.4333333333
"2024-02-13 00:00:00",268181,1239158,154752,4451,434679,1823257.4333333333,1877943.8666666667
"2024-02-14 00:00:00",258779,691300,134329,5177,680377,1834353.4666666666,1867016.2666666666
"2024-02-15 00:00:00",226667,1190703,145018,3177,356725,1826798.7,1854543.7666666666
"2024-02-16 00:00:00",350420,1162586,106889,4243,470963,1836328.7666666666,1849647.9
"2024-02-17 00:00:00",263276,728533,121036,4481,766569,1835822.3,1859625.4
"2024-02-18 00:00:00",168202,509692,151645,9371,345143,1802011.2666666666,1852426
"2024-02-19 00:00:00",191534,873529,133468,3085,332221,1802824.5666666667,1857385.8
"2024-02-20 00:00:00",207120,629700,115451,3268,650877,1821812.3,1892530.5333333334
"2024-02-21 00:00:00",190031,904435,103242,4892,884473,1833136.7,1871989.1
"2024-02-22 00:00:00",215320,821551,87940,4527,733502,1828912.1333333333,1882355.7
"2024-02-23 00:00:00",96678,635998,100795,5704,459201,1808792.7333333334,1930900.4
"2024-02-24 00:00:00",156543,834258,78759,2206,457970,1802035,1940282.4666666666
"2024-02-25 00:00:00",126774,551182,119994,6058,752607,1800672.1666666667,1923587.5333333334
"2024-02-26 00:00:00",231857,754907,116805,5885,595532,1788399.7666666666,1893665.9666666666
"2024-02-27 00:00:00",219572,687261,105223,4120,280443,1777386.2333333334,1917857.2666666666
"2024-02-28 00:00:00",211758,633020,142128,6604,464012,1739332.8,1919653.5333333334
"2024-02-29 00:00:00",337330,942420,152990,10430,385134,1747121.9666666666,1937960.3333333333
"2024-03-01 00:00:00",190879,1045915,113380,4316,584403,1741058.3,1930385.0666666667
"2024-03-02 00:00:00",271388,732898,87360,16267,617915,1745721.7333333334,1934612.4
"2024-03-03 00:00:00",273252,1124787,115132,12839,899567,1784235.3333333333,1923713.2
"2024-03-04 00:00:00",300156,842566,153203,4233,725884,1790007.3666666667,1943511.9666666666
"2024-03-05 00:00:00",333626,890148,121214,2843,500990,1788360.5666666667,1957107.5666666667
"2024-03-06 00:00:00",384694,801187,113783,9883,475581,1806333.2,1973614.6333333333
"2024-03-07 00:00:00",225760,824269,156431,5456,220254,1781839.9333333333,1970732.9
"2024-03-08 00:00:00",358663,1198823,122579,3926,941218,1791360.4666666666,1998084.9666666666
"2024-03-09 00:00:00",172737,466659,94393,11063,562108,1760978.1,1992306.2666666666
"2024-03-10 00:00:00",263874,1271421,125840,10036,822218,1791688.6,1932071.7333333334
"2024-03-11 00:00:00",333773,1249801,210276,8499,456235,1802587.7333333334,1946493.2
"2024-03-12 00:00:00",320565,1130651,138770,3983,472729,1839181.9,1969392.4
"2024-03-13 00:00:00",260171,787630,132150,9419,552234,1813173.8666666667,1947006.9
"2024-03-14 00:00:00",257366,988678,151310,5693,501538,1806619.4666666666,1939075.2333333334
"2024-03-15 00:00:00",323973,1209192,145866,4338,730922,1828097.1666666667,1933362
"2024-03-16 00:00:00",215739,887031,125589,5941,387929,1818094.8666666667,1947147.6
"2024-03-17 00:00:00",229308,757963,150654,7458,383737,1799228.7,1935440.6
"2024-03-18 00:00:00",366089,832368,148873,11762,222167,1789141.5333333334,1917415.8666666667
"2024-03-19 00:00:00",349259,955918,138434,5496,604316,1818120.6,1922313.8666666667
"2024-03-20 00:00:00",221283,522714,125900,6032,246683,1804412.9333333333,1926296.9666666666
"2024-03-21 00:00:00",335024,1073642,108758,4358,377305,1814168.9,1888935.0333333334
"2024-03-22 00:00:00",247242,948347,123439,6260,907530,1819027.6,1914867.2666666666
"2024-03-23 00:00:00",349923,735741,74607,4721,271062,1804801.8,1908607.6666666667
"2024-03-24 00:00:00",171429,879164,141879,11151,726069,1825845.6333333333,1870439.7666666666
"2024-03-25 00:00:00",275805,935966,134066,1805,755561,1844962.2333333334,1877305.9333333333
"2024-03-26 00:00:00",229762,1083416,131719,5757,481081,1857466.3333333333,1899125.6
"2024-03-27 00:00:00",290934,436499,134505,4984,314722,1840021.3333333333,1901279.8666666667
"2024-03-28 00:00:00",231610,722246,135211,5522,455081,1848456.8,1895094.8666666667
"2024-03-29 00:00:00",181688,669646,102901,3740,472746,1847563.4,1884258.6666666667
"2024-03-30 00:00:00",293629,820854,108088,3681,632324,1848572.0333333334,1844928.3333333333
"2024-03-31 00:00:00",277934,920333,172006,8210,1131377,1867604.4666666666,1852822.6
"2024-04-01 00:00:00",299901,1261621,165215,3056,601507,1887787.8333333333,1839397.9333333333
"2024-04-02 00:00:00",298360,553438,129457,5722,636002,1861034.9333333333,1843618.6333333333
"2024-04-03 00:00:00",274264,573341,182479,5104,361649,1840060.7666666666,1827456.4333333333
"2024-04-04 00:00:00",269164,1395684,142982,5144,336150,1850070.9333333333,1853361.7
"2024-04-05 00:00:00",312797,851954,146156,3401,697733,1857634.4333333333,1826528.8333333333
"2024-04-06 00:00:00",299644,635987,111935,9658,733553,1869587.9,1793133.8
"2024-04-07 00:00:00",329398,318298,155983,9118,391388,1822220.2666666666,1790424.5333333334
"2024-04-08 00:00:00",302563,898076,154064,2252,761007,1849254.3666666667,1786317.3
"2024-04-09 00:00:00",362242,955010,85726,4800,245634,1821254.6666666667,1797769.9
"2024-04-10 00:00:00",397761,867720,135238,7189,735897,1817428.5,1780758.1
"2024-04-11 00:00:00",242846,721331,137921,10747,600233,1805641.6,1754360.9666666666
"2024-04-12 00:00:00",338043,694855,102857,4163,671329,1807963.1333333333,1778831.9666666666
"2024-04-13 00:00:00",221185,729981,113549,3941,307625,1790352.2666666666,1778974.3666666667
"2024-04-14 00:00:00",225046,855485,189176,11648,643001,1774021.1666666667,1794780.5333333334
"2024-04-15 00:00:00",314548,1027955,153059,5971,504599,1786818.3,1786452.8
"2024-04-16 00:00:00",227158,1494674,167869,3643,537306,1816869.5,1784068.5
"2024-04-17 00:00:00",251851,632441,134153,4550,500631,1814948.0666666667,1784249.8666666667
"2024-04-18 00:00:00",370250,964728,170801,4173,557733,1815423.7666666666,1784100.6666666667
"2024-04-19 00:00:00",230180,633749,134705,6907,770613,1837208.7666666666,1770643.4333333333
"2024-04-20 00:00:00",231141,690021,83194,4504,395238,1820708.5333333334,1791123.9
"2024-04-21 00:00:00",236336,1059561,157777,8967,430033,1809370.3333333333,1763571.6666666667
"2024-04-22 00:00:00",206700,1296629,160374,2785,644501,1838535.1666666667,1765133.1333333333
"2024-04-23 00:00:00",270976,375568,130428,2620,513294,1817308.1333333333,1793436.5
"2024-04-24 00:00:00",238787,1021131,114479,9009,654209,1815121.1666666667,1784435.3333333333
"2024-04-25 00:00:00",224660,534121,151158,4894,463298,1796667.7333333334,1745397.0333333334
"2024-04-26 00:00:00",236725,1161573,135405,4037,630834,1829565.5333333334,1759764.6666666667
"2024-04-27 00:00:00",243119,539588,111940,5330,325111,1818745.3333333333,1747232.0333333334
"2024-04-28 00:00:00",194317,952271,86503,7916,428309,1826698.5,1744050.0666666667
"2024-04-29 00:00:00",283656,1096304,148412,3474,496591,1832361.1666666667,1767115.4666666666
"2024-04-30 00:00:00",230491,668774,141633,3032,422115,1797567.3333333333,1752608
"2024-05-01 00:00:00",216136,590115,83642,3343,523039,1767065.7333333334,1765752.8
"2024-05-02 00:00:00",208939,774800,84949,3420,351907,1760432.8333333333,1782733.3666666667
"2024-05-03 00:00:00",203645,876717,77884,2954,450552,1767596.2,1760748.2333333334
"2024-05-04 00:00:00",237059,910850,75087,3365,506811,1753730.2,1713868.3333333333
"2024-05-05 00:00:00",232308,513935,69866,2353,675728,1736468.1,1698800.5
"2024-05-06 00:00:00",360183,839355,132922,2746,638809,1742576.2,1728457.9333333333
"2024-05-07 00:00:00",273086,889257,143746,8650,412864,1760023.2666666666,1709743.8333333333
"2024-05-08 00:00:00",375074,485629,133153,3788,385409,1735526.0666666667,1714240.9666666666
"2024-05-09 00:00:00",325646,1214881,166371,8667,218433,1744879.2666666666,1728233.2
"2024-05-10 00:00:00",236378,486314,166075,3767,681603,1725890.3333333333,1749739.4666666666
"2024-05-11 00:00:00",323935,445787,133802,5072,434873,1713569.3666666667,1769589.6
"2024-05-12 00:00:00",305437,548333,159697,5604,491760,1703555.3666666667,1746956
"2024-05-13 00:00:00",251849,1213602,106744,3769,686391,1733092,1730152.8
"2024-05-14 00:00:00",280202,813139,129532,4400,653588,1731641.6333333333,1761401.5
"2024-05-15 00:00:00",330455,949717,149761,4079,709253,1736212.6666666667,1788777
"2024-05-16 00:00:00",219569,628159,109015,4015,553188,1705655.9666666666,1790431.3
"2024-05-17 00:00:00",323514,667951,137310,8711,451768,1707843.8666666667,1800617.9333333333
"2024-05-18 00:00:00",311850,546837,93522,15651,869059,1700150.9333333333,1786807.1333333333
"2024-05-19 00:00:00",226666,804105,124930,8395,545677,1697938.0333333334,1761754.2333333334
"2024-05-20 00:00:00",303117,974273,142995,2707,511951,1715636.8333333333,1748527.1333333333
"2024-05-21 00:00:00",270176,837566,138096,5371,558204,1712861.2333333334,1779115.9333333333
"2024-05-22 00:00:00",313182,929790,141838,6783,777595,1708134.6333333333,1751838.0666666667
"2024-05-23 00:00:00",313097,586459,133026,5112,589870,1719290.6333333333,1754581.8
"2024-05-24 00:00:00",162451,714585,159559,4169,256712,1694619.2333333334,1783439.0333333334
"2024-05-25 00:00:00",279323,377318,88991,5304,543506,1691829.3,1799564
"2024-05-26 00:00:00",218190,661056,176794,10176,607231,1675325.4333333333,1783334.2333333334
"2024-05-27 00:00:00",189381,1016510,109329,4470,460741,1693837.5666666667,1805812.5666666667
"2024-05-28 00:00:00",182286,650275,124623,3254,556420,1688755.7,1806856.2
"2024-05-29 00:00:00",279480,692984,125124,5845,759427,1683236.4333333333,1781284.6333333333
"2024-05-30 00:00:00",286912,1103719,134826,4857,557184,1703951.7,1790489.8666666667
"2024-05-31 00:00:00",257966,421632,115014,5243,817002,1710638.1666666667,1768171.0666666667
"2024-06-01 00:00:00",282734,649529,137981,3797,942206,1730379.5333333334,1727442.4666666666
"2024-06-02 00:00:00",208356,1090512,165351,9553,394251,1738922.6666666667,1736219.8333333333
"2024-06-03 00:00:00",243309,783897,161636,5106,477984,1736882.5,1731896.8333333333
"2024-06-04 00:00:00",352719,852250,130220,6682,647235,1753380.2333333334,1748437.6666666667
"2024-06-05 00:00:00",336048,526144,154144,6664,703640,1745134.4,1766901.5
"2024-06-06 00:00:00",348495,944820,176915,4142,336531,1747911.3666666667,1779858.9333333333
"2024-06-07 00:00:00",291129,818139,130320,3444,402183,1756650.5,1797455.4
"2024-06-08 00:00:00",179130,617927,98793,6595,542335,1740342.8666666667,1781705.3
"2024-06-09 00:00:00",240318,977696,176089,8798,231137,1742339.3666666667,1765426.1333333333
"2024-06-10 00:00:00",333406,853543,157187,2946,861631,1771181.3666666667,1753680.2
"2024-06-11 00:00:00",392088,909718,128037,5273,612925,1789088.7,1772473.4666666666
"2024-06-12 00:00:00",340788,717065,164142,5154,772819,1780342.1333333333,1788248.6
"2024-06-13 00:00:00",280915,917186,147986,3905,404491,1776129.8,1742240.1666666667
"2024-06-14 00:00:00",227167,806456,138631,4496,362208,1755986.3666666667,1738785.1666666667
"2024-06-15 00:00:00",245391,577870,84896,4231,544713,1754090.8,1733922.2666666666
"2024-06-16 00:00:00",192156,612896,139009,7420,534768,1750657.0333333334,1721354.8
"2024-06-17 00:00:00",292458,872427,168556,4420,401385,1747401.8,1742398
"2024-06-18 00:00:00",291359,650726,125483,11178,371308,1738744.8333333333,1761472.9666666666
"2024-06-19 00:00:00",360030,678778,143697,6810,425185,1728059.8666666667,1750484.3333333333
"2024-06-20 00:00:00",297205,1132693,139728,5197,1041393,1754953.4666666666,1751826.2
"2024-06-21 00:00:00",287916,415794,121320,4209,618193,1730894.7333333334,1770844.3
"2024-06-22 00:00:00",219803,261399,115085,9159,326894,1707720.0666666667,1759670.1666666667
"2024-06-23 00:00:00",217246,896983,129824,6945,417351,1720082.7,1742491.1333333333
"2024-06-24 00:00:00",287683,746820,126305,3879,713920,1739555.2,1736872.1333333333
"2024-06-25 00:00:00",295108,1070568,115336,6102,458187,1748616.6666666667,1761244.4
"2024-06-26 00:00:00",237375,397990,150838,7287,497752,1732310.4666666666,1739801.8666666667
"2024-06-27 00:00:00",309937,710414,162758,12872,650087,1743284.1333333333,1753496.1
"2024-06-28 00:00:00",288218,1367100,124544,3933,903063,1770750.4,1766503.4
"2024-06-29 00:00:00",220775,774012,84459,3851,399676,1750592.3666666667,1752897.7333333334
"2024-06-30 00:00:00",189770,740555,142586,7680,637568,1753968.9666666666,1755464.6
"2024-07-01 00:00:00",318893,825337,87878,1558,181475,1733932.1333333333,1782133.5
"2024-07-02 00:00:00",318323,630569,121240,5390,562353,1726260.2,1797198
"2024-07-03 00:00:00",271066,440822,127597,9883,247599,1707094.4333333333,1809579.3333333333
"2024-07-04 00:00:00",333544,1246789,153447,6044,666670,1721007.5333333334,1815892.5333333334
"2024-07-05 00:00:00",279212,768836,174805,4094,325195,1715191.2,1803101.2666666666
"2024-07-06 00:00:00",217857,800462,86300,3796,480101,1707778.1,1832849.9333333333
"2024-07-07 00:00:00",198286,1043390,167851,22249,396499,1713880.0666666667,1804272.2
"2024-07-08 00:00:00",280111,867058,141325,8464,483443,1725068.0333333334,1802365.8666666667
"2024-07-09 00:00:00",346457,623070,156411,3680,625458,1729102.5666666667,1781824.1666666667
"2024-07-10 00:00:00",230938,997933,136297,9817,359038,1713279.3,1812415.2666666666
"2024-07-11 00:00:00",281221,686202,117118,5511,548871,1699641.7666666666,1804735.6
"2024-07-12 00:00:00",237682,730779,108528,4993,741044,1693743.8,1791001.7
"2024-07-13 00:00:00",160815,927474,94287,5272,322992,1685621.8666666667,1808872.5333333334
"2024-07-14 00:00:00",271317,772831,82964,7024,366802,1684354.0333333334,1789027.4
"2024-07-15 00:00:00",221227,799680,129764,1819,493108,1690637.5666666667,1771567.6666666667
"2024-07-16 00:00:00",319048,1046842,145416,5121,465119,1707148,1808050.6666666667
"2024-07-17 00:00:00",282583,1122288,152621,7516,759912,1726670.4666666666,1810852.4333333333
"2024-07-18 00:00:00",394420,934695,160455,6348,371452,1740581,1812740.1666666667
"2024-07-19 00:00:00",241216,1326312,144130,4655,900672,1773997.2,1826341.8333333333
"2024-07-20 00:00:00",158328,442258,90224,5691,404743,1723497.7333333334,1828707.9666666666
"2024-07-21 00:00:00",283686,1242320,150711,8653,522270,1748838.0333333334,1812580.3
"2024-07-22 00:00:00",401073,1263826,160405,3837,511194,1795771.9333333333,1819749.9
"2024-07-23 00:00:00",249286,793509,144791,2764,508624,1796792.7333333334,1814454.9666666666
"2024-07-24 00:00:00",289399,723436,136169,6732,469516,1788347.6333333333,1813642.1
"2024-07-25 00:00:00",205139,1095886,144703,5476,467555,1787462.8666666667,1797415.2333333334
"2024-07-26 00:00:00",299932,567099,120704,5478,810899,1804558.4666666666,1798703.9666666666
"2024-07-27 00:00:00",223556,817897,101888,5490,330613,1792337.4,1795709.6
"2024-07-28 00:00:00",247871,1142996,123079,6946,540601,1771492.4666666666,1792551.0333333334
"2024-07-29 00:00:00",259663,612419,147283,4031,738544,1780798.7666666666,1802861.8
"2024-07-30 00:00:00",269728,420340,123978,10559,693786,1774139.9666666666,1811548.1
"2024-07-31 00:00:00",271092,759828,133449,6273,849507,1794307.1666666667,1835601.6666666667
"2024-08-01 00:00:00",336840,1344490,163728,7441,418115,1815398.8666666667,1819470.4666666666
"2024-08-02 00:00:00",283338,1006483,132550,4976,631161,1847449.8666666667,1817870.4
"2024-08-03 00:00:00",238174,764782,95468,6698,809288,1831046.5333333334,1793876.0333333334
"2024-08-04 00:00:00",250335,539066,118909,7726,553267,1828284.9666666666,1785159.6333333333
"2024-08-05 00:00:00",284655,1097830,155881,5684,434207,1841276.8333333333,1749202.6666666667
"2024-08-06 00:00:00",298347,965193,147525,4064,380334,1840182.9,1736847.8666666667
"2024-08-07 00:00:00",192802,703142,154126,6186,404138,1829515.5333333334,1713759.2
"2024-08-08 00:00:00",272494,902675,128777,10435,448159,1829764.5666666667,1685314.5666666667
"2024-08-09 00:00:00",311243,203166,113162,6228,501512,1809807.8,1649373.8333333333
"2024-08-10 00:00:00",179725,828536,64191,3012,423239,1805133.2,1655347.3333333333
"2024-08-11 00:00:00",153597,754705,60193,4126,160610,1782139.4,1642206.6666666667
"2024-08-12 00:00:00",240828,491505,73403,1350,469184,1774320.2,1615121.2333333334
"2024-08-13 00:00:00",228160,654510,93497,2971,693403,1780040.1333333333,1597535
"2024-08-14 00:00:00",158607,742262,81643,5722,687625,1781048.5,1599202.2
"2024-08-15 00:00:00",174930,451099,133865,2708,414698,1754239.4666666666,1615980.3333333333
"2024-08-16 00:00:00",146255,475091,72382,1493,304135,1710053.3,1615713.2333333334
"2024-08-17 00:00:00",303375,1203467,72873,2185,497608,1717123.9666666666,1635459.4
"2024-08-18 00:00:00",387448,1349230,137838,8875,649079,1714306.8333333333,1653106.8666666667
"2024-08-19 00:00:00",480868,978460,145306,3680,814099,1758346.3,1663728.3
"2024-08-20 00:00:00",442116,883704,163022,7315,576388,1753842.9,1694140.1333333333
"2024-08-21 00:00:00",305587,1141760,138851,6726,651847,1750657.3666666667,1681063.9333333333
"2024-08-22 00:00:00",270692,1289834,137166,10660,332039,1762038.1,1699270.3333333333
"2024-08-23 00:00:00",266964,665245,110644,5195,316966,1753363.3333333333,1695858.6666666667
"2024-08-24 00:00:00",287085,728133,84011,10907,587450,1745990.6666666667,1699858.5
"2024-08-25 00:00:00",219522,672416,147016,5431,629572,1741652,1717475.0666666667
"2024-08-26 00:00:00",249676,721714,118267,4236,480779,1744826.3666666667,1699977.5333333334
"2024-08-27 00:00:00",219983,307995,72917,4653,548386,1714573.6333333333,1709104.9333333333
"2024-08-28 00:00:00",280332,443771,58276,5958,298167,1692058.2,1713845.7
"2024-08-29 00:00:00",135903,150981,46691,2918,92088,1655730.2,1728444.0666666667
"2024-08-30 00:00:00",159354,542674,61510,4579,287593,1623581.4,1714419.1333333333
"2024-08-31 00:00:00",227841,546271,82057,3163,548723,1594828.5,1737373.3333333333
"2024-09-01 00:00:00",329338,1034077,109266,5216,447873,1590404.1666666667,1741540.5333333334
"2024-09-02 00:00:00",359830,1305988,195298,5349,845095,1616976.3,1739597.7333333334
"2024-09-03 00:00:00",419484,1102657,148573,5646,768547,1649496.4333333333,1736466.3333333333
"2024-09-04 00:00:00",318822,1402603,158210,6509,443122,1661196.3666666667,1737897.8666666667
"2024-09-05 00:00:00",271628,715335,189669,8252,675306,1663354.2,1770112.0666666667
"2024-09-06 00:00:00",234885,746974,146002,4068,436731,1666963.3666666667,1802373.5666666667
"2024-09-07 00:00:00",177742,1128080,90090,3612,527073,1672431.6333333333,1827477.3333333333
"2024-09-08 00:00:00",293803,820524,152228,5386,556675,1695541.8666666667,1842063.2666666666
"2024-09-09 00:00:00",329797,1106352,139320,4287,510356,1715256.3,1855177.9666666666
"2024-09-10 00:00:00",320909,712510,139601,6200,495688,1733312.9666666666,1875802.5666666667
"2024-09-11 00:00:00",343278,958660,155824,5346,628862,1760503.5666666667,1898285.2333333334
"2024-09-12 00:00:00",337339,937129,145434,11764,672727,1774899.5,1927032.0666666667
"2024-09-13 00:00:00",251161,561460,116896,3606,361224,1762183.1,1954415.1333333333
"2024-09-14 00:00:00",264411,895244,93673,3311,264717,1773651.7666666666,1907642.1
"2024-09-15 00:00:00",235459,660779,74559,6174,628587,1793858.2,1881602.2333333334
"2024-09-16 00:00:00",272946,743174,162539,3827,939758,1795283.3333333333,1886775.5333333334
"2024-09-17 00:00:00",366667,1262819,164493,5700,332552,1781941.9666666666,1887943.8333333333
"2024-09-18 00:00:00",319706,765194,139922,7429,685898,1765133.1333333333,1850710.7
"2024-09-19 00:00:00",214600,1013569,119876,6061,358856,1753147.2666666666,1857133.2
"2024-09-20 00:00:00",277540,593910,140101,5038,607946,1732472.5333333334,1845632.5666666667
"2024-09-21 00:00:00",211869,661872,102429,4995,160500,1702514.4,1838835.0333333334
"2024-09-22 00:00:00",209891,702637,52302,10698,300105,1699534.5,1825105.7
"2024-09-23 00:00:00",229432,1378682,165363,5611,675889,1724781.3666666667,1813016.5
"2024-09-24 00:00:00",291995,535230,118681,3970,494431,1717126.5,1808409.7
"2024-09-25 00:00:00",315351,976181,117443,8177,627768,1732801.7333333334,1859784.3666666667
"2024-09-26 00:00:00",439509,1052417,109130,7843,522645,1765389,1863709.8
"2024-09-27 00:00:00",321946,754461,132956,4515,998362,1802914.1666666667,1853030.9333333333
"2024-09-28 00:00:00",270155,497671,97926,7964,344662,1829241.5666666667,1846538.4666666666
"2024-09-29 00:00:00",269050,968915,172988,7814,549148,1859649.2666666666,1856295.8333333333
"2024-09-30 00:00:00",250780,708850,128320,2064,543506,1867165.7,1830490.3333333333
"2024-10-01 00:00:00",263256,818670,119284,6446,405209,1856735.6666666667,1838293.9
"2024-10-02 00:00:00",331119,830265,119115,5462,637195,1830455.1333333333,1851858.9333333333
"2024-10-03 00:00:00",496533,938174,134939,7906,392959,1814642.0333333334,1844893.2333333334
"2024-10-04 00:00:00",208803,1233884,107511,5813,583522,1808317.7,1857582.3
"2024-10-05 00:00:00",181964,528491,105707,3344,492574,1790047.0333333334,1860022.7
"2024-10-06 00:00:00",269886,794486,135594,7425,459808,1793331.7333333334,1863804.2333333334
"2024-10-07 00:00:00",206688,1456880,160143,862,766464,1815479.9333333333,1856552.5333333334
"2024-10-08 00:00:00",273967,1209658,118462,4235,365826,1820264.1333333333,1876498.4333333333
"2024-10-09 00:00:00",326059,472760,137738,19222,1157349,1821031.0666666667,1848547.6666666667
"2024-10-10 00:00:00",246342,346133,162851,6078,334787,1801740.2,1843660.6
"2024-10-11 00:00:00",341811,899118,135738,4419,263861,1786839.3,1840921.3666666667
"2024-10-12 00:00:00",290735,937240,87544,3314,402948,1774084.8,1826737.2
"2024-10-13 00:00:00",192721,468641,99777,7835,549622,1774892.6666666667,1800853.6333333333
"2024-10-14 00:00:00",313360,1123209,191159,2090,723278,1802617.9666666666,1808494.6
"2024-10-15 00:00:00",328109,545856,128669,4493,682597,1805424.6666666667,1830700.7
"2024-10-16 00:00:00",270137,528746,159839,5873,921188,1797542.2666666666,1812956.6333333333
"2024-10-17 00:00:00",345009,1804333,133377,8214,423717,1816956.4,1817993.9666666666
"2024-10-18 00:00:00",254866,902698,135778,6451,595003,1816177.7333333334,1825483
"2024-10-19 00:00:00",171929,388683,97128,2831,351934,1792828.6,1798671.4666666666
"2024-10-20 00:00:00",191670,850648,123588,10134,271384,1786924.6333333333,1798396.9666666666
"2024-10-21 00:00:00",267457,1083944,144836,5014,384156,1811716.3333333333,1792742.7666666666
"2024-10-22 00:00:00",401824,1012921,124535,3783,523892,1838094.5666666667,1825408.1
"2024-10-23 00:00:00",342771,1022209,102885,7491,294712,1815263.9333333333,1834246.3
"2024-10-24 00:00:00",294378,399152,159802,8679,414904,1809684.3666666667,1837353.1
"2024-10-25 00:00:00",213691,844055,187911,4243,512358,1800262.4,1796109.3666666667
"2024-10-26 00:00:00",303282,919009,88121,3420,511975,1790070.9,1779780.4
"2024-10-27 00:00:00",237104,673794,122290,6900,880438,1780347.1333333333,1795531.8333333333
"2024-10-28 00:00:00",249038,1037626,146866,3307,649363,1809275.0666666667,1790462
"2024-10-29 00:00:00",265534,592514,112189,5121,651447,1797904.8333333333,1785213.9333333333
"2024-10-30 00:00:00",255054,768608,129322,7822,327795,1793074.0333333334,1817278.9
"2024-10-31 00:00:00",404095,1265660,136235,7917,477354,1815687.3666666667,1818575.8
"2024-11-01 00:00:00",284271,815333,104355,4941,248884,1800175.3666666667,1802373.9333333333
"2024-11-02 00:00:00",282574,392908,63984,5122,476420,1775191.0666666667,1808938.1
"2024-11-03 00:00:00",139434,931096,74735,7248,417297,1756199.7333333334,1797348.0666666667
"2024-11-04 00:00:00",273022,894362,149706,11102,467803,1772330,1794245.5666666667
"2024-11-05 00:00:00",355954,922447,152524,5018,643953,1786086.2666666666,1803768.8666666667
"2024-11-06 00:00:00",287240,676293,138945,6647,297226,1746596.9,1831322.9333333333
"2024-11-07 00:00:00",421538,1024605,156271,7524,716495,1758406.6333333333,1802549.2333333334
"2024-11-08 00:00:00",316502,685741,153933,4016,357658,1738564.0666666667,1815579.3333333333
"2024-11-09 00:00:00",341071,722554,121279,2455,718329,1765547.2,1821716.6
"2024-11-10 00:00:00",264732,1049093,101830,17653,315619,1769013.4666666666,1806329.7333333334
"2024-11-11 00:00:00",286541,899152,130410,8209,648102,1777368.4666666666,1806049.2666666666
"2024-11-12 00:00:00",208466,795235,136545,3231,327898,1782461.1,1807546.9333333333
"2024-11-13 00:00:00",295893,637087,188425,6486,641462,1763002.5666666667,1810968.9
"2024-11-14 00:00:00",341674,781387,131679,6470,1058993,1784018.6,1815962.2666666666
"2024-11-15 00:00:00",298564,971693,167326,7286,783103,1795425.3,1824079.9
"2024-11-16 00:00:00",268207,538755,90494,6626,430255,1749414.5666666667,1788162.0333333334
"2024-11-17 00:00:00",152159,717954,134935,11485,514455,1737287.5666666667,1767936.4333333333
"2024-11-18 00:00:00",230472,991135,116036,3468,442425,1762989.3,1788748.8666666667
"2024-11-19 00:00:00",242947,932156,141619,3506,312792,1769176.5,1796479.4666666666
"2024-11-20 00:00:00",215618,1029046,118886,4487,674898,1774427.8666666667,1804789.6333333333
"2024-11-21 00:00:00",213862,540227,137218,4811,346210,1746939.9666666666,1809017.7
"2024-11-22 00:00:00",244047,869535,150891,5455,197883,1736864.3666666667,1825974.6
"2024-11-23 00:00:00",216919,640705,103388,4594,651851,1748215.3,1819701.3666666667
"2024-11-24 00:00:00",386458,729595,138775,7404,562470,1750296.5333333334,1800048
"2024-11-25 00:00:00",220981,818916,161635,3989,480493,1745637.2333333334,1815884
"2024-11-26 00:00:00",267522,571831,105037,4630,484994,1729419.8333333333,1819920.8666666667
"2024-11-27 00:00:00",334358,849156,96782,6801,407820,1716376.6,1809908.6666666667
"2024-11-28 00:00:00",191666,690469,104706,4439,405560,1708710.8,1833104.0333333334
"2024-11-29 00:00:00",285628,1096178,93208,4007,403929,1721855.7666666666,1809667.7333333334
"2024-11-30 00:00:00",238746,738137,54156,9719,644727,1701662.5333333334,1809582.4666666666
"2024-12-01 00:00:00",271050,681359,183623,7282,752392,1716260.0333333334,1825961.7666666666
"2024-12-02 00:00:00",425435,524644,131562,4165,747398,1736667.1,1848651.5333333334
"2024-12-03 00:00:00",380046,1167679,135524,2957,450132,1755551.6666666667,1877086.7666666666
"2024-12-04 00:00:00",277709,1060523,150590,5565,985400,1778345.3,1879681
"2024-12-05 00:00:00",338003,1471469,142915,5640,497902,1790879.9333333333,1873770.4333333333
"2024-12-06 00:00:00",347914,939096,114073,4088,418814,1804800.8666666667,1888683.2666666666
"2024-12-07 00:00:00",227699,247602,90525,5673,368548,1758587.3333333333,1898536.8
"2024-12-08 00:00:00",307284,1007063,161056,10453,480996,1773554.3333333333,1893719.8666666667
"2024-12-09 00:00:00",393521,1027518,123121,9330,429865,1776143.5666666667,1884808.8666666667
"2024-12-10 00:00:00",303271,899716,143706,2930,373686,1775289.2666666666,1907944.3
"2024-12-11 00:00:00",297353,1893305,164550,5068,1551299,1839928.0666666667,1913949.6333333333
"2024-12-12 00:00:00",402345,1055046,143237,16904,561830,1863528.1333333333,1933500.7
"2024-12-13 00:00:00",377423,932659,116317,4091,657432,1874147.0666666667,1912077.8666666667
"2024-12-14 00:00:00",272039,760744,96703,3902,673599,1857038.9333333333,1902428.1666666667
"2024-12-15 00:00:00",255914,696383,142379,10314,427409,1833852.7333333334,1870070.8333333333
"2024-12-16 00:00:00",273983,986783,155918,3215,721693,1860761.6333333333,1880666.5333333334
"2024-12-17 00:00:00",364292,805010,148430,3958,673969,1876251.0666666667,1910766.3666666667
"2024-12-18 00:00:00",401519,1152951,146281,4033,416430,1887506.9666666666,1910280.9666666666
"2024-12-19 00:00:00",224270,705977,149724,7765,620376,1890009.8333333333,1906244.2666666666
"2024-12-20 00:00:00",278978,1229075,156663,4601,361520,1889606.3,1892693.1333333333
"2024-12-21 00:00:00",241091,894354,125203,4387,395342,1903541.1666666667,1870200.6333333333
"2024-12-22 00:00:00",210794,824055,122186,7881,640207,1914785.1666666667,1830644.5666666667
"2024-12-23 00:00:00",227168,779219,138126,1916,1002891,1932514.3,1835367.8666666667
"2024-12-24 00:00:00",238708,1119223,119025,4648,542816,1939171.8333333333,1877471.4
"2024-12-25 00:00:00",279753,1380130,143249,6120,537272,1961188.9666666666,1854296.2666666666
"2024-12-26 00:00:00",256080,1007563,129088,10181,395549,1973337.5666666667,1864350.8666666667
"2024-12-27 00:00:00",260155,694402,87527,5624,678628,1974384.8333333333,1880682.6666666667
"2024-12-28 00:00:00",162822,574263,75550,2800,714510,1978821.3333333333,1855198.7
"2024-12-29 00:00:00",168607,500378,92879,2967,626501,1962433.4,1846513.3333333333
"2024-12-30 00:00:00",51479,720505,72054,2531,616662,1955024.9,1801190.5333333334
"2024-12-31 00:00:00",0,258060,31737,971,270964,1910557.6,1775154.4333333333
"2025-01-01 00:00:00",0,131775,15490,261,484991,1870533.3666666667,1760381.3333333333
"2025-01-02 00:00:00",3068,393002,11401,1870,433015,1827399.3,1722987.4
"2025-01-03 00:00:00",10578,915576,42720,441,479068,1793018.0666666667,1735930.9333333333
"2025-01-04 00:00:00",313791,859137,48908,822,624622,1772729,1747458.8333333333
"2025-01-05 00:00:00",282814,1004711,141036,1814,689257,1782583.8333333333,1734727.4
"2025-01-06 00:00:00",385085,1160004,154055,2493,437536,1822555.5666666667,1741446.4
"2025-01-07 00:00:00",288306,831803,141593,4258,815607,1826379.2,1758382
"2025-01-08 00:00:00",372498,745903,134936,6288,568191,1821194.3333333333,1774644.9666666666
"2025-01-09 00:00:00",231820,1087303,134798,5348,647722,1833983.8,1777697.0333333334
"2025-01-10 00:00:00",372822,604934,116292,1794,541746,1758183.4333333333,1793291.1333333333
"2025-01-11 00:00:00",252162,978685,100642,4822,408727,1743705.4333333333,1788546.6333333333
"2025-01-12 00:00:00",351314,1082911,138143,9551,1096988,1763405.1,1798875.1
"2025-01-13 00:00:00",282464,747277,184194,2016,640024,1765038.6666666667,1787097.0666666667
"2025-01-14 00:00:00",369852,1065090,135048,7630,652628,1788300.5333333334,1790228.2
"2025-01-15 00:00:00",313878,1112856,148798,3829,511585,1786612.0333333334,1809389.3
"2025-01-16 00:00:00",241216,1134947,157567,10379,683163,1794332.5333333334,1806014.1666666667
"2025-01-17 00:00:00",293430,589229,121846,3738,285697,1766756.4333333333,1793632.2666666666
"2025-01-18 00:00:00",262879,1047377,99723,4228,375973,1769491.8333333333,1815267.8666666667
"2025-01-19 00:00:00",256674,803576,167252,5700,1136385,1780783.7666666666,1810844.5666666667
"2025-01-20 00:00:00",386486,1383805,146392,2614,308189,1799687.7333333334,1792781.8333333333
"2025-01-21 00:00:00",267440,760909,162355,4198,406112,1792884.3333333333,1814021.1666666667
"2025-01-22 00:00:00",363036,1191529,133162,4924,695908,1800859.3666666667,1820148.7333333334
"2025-01-23 00:00:00",222991,890830,155580,5166,486155,1792069.2333333334,1807943.1666666667
"2025-01-24 00:00:00",325331,760582,137037,4965,613696,1775238.6333333333,1818049.1666666667
"2025-01-25 00:00:00",357714,568911,103634,5122,679658,1772457.6666666667,1789336.8666666667
"2025-01-26 00:00:00",121920,695591,122094,12598,685649,1769508.2666666666,1795430.9333333333
"2025-01-27 00:00:00",268714,932201,149287,2669,629118,1784576.9666666666,1787026.8
"2025-01-28 00:00:00",289710,603137,136182,6800,662891,1794823.8333333333,1829330.1
"2025-01-29 00:00:00",223118,1040738,93634,9039,394429,1804748.3333333333,1860830.4333333333
"2025-01-30 00:00:00",247109,730537,99200,5713,518435,1839391.4333333333,1900253.3333333333
"2025-01-31 00:00:00",260998,1307857,147029,3714,929882,1906624.8333333333,1891130.7666666666
"2025-02-01 00:00:00",235935,473896,130862,3676,599293,1926669.9666666666,1887883.3333333333
"2025-02-02 00:00:00",311421,1042355,134321,7343,538311,1946183.1666666667,1866138.9666666666
"2025-02-03 00:00:00",168107,672075,136910,7084,543575,1935532.8666666667,1852434.4333333333
"2025-02-04 00:00:00",203338,716977,99964,3613,591186,1918714.1666666667,1827166.4333333333
"2025-02-05 00:00:00",149287,844398,94622,3357,689144,1906767.8333333333,1827935.3333333333
"2025-02-06 00:00:00",294394,762585,103240,4625,701300,1899586.5666666667,1825491.6
"2025-02-07 00:00:00",279455,379523,121039,6205,336403,1876080.1,1824756.0666666667
"2025-02-08 00:00:00",275017,476939,70685,3807,405865,1846923.6666666667,1809370.2666666666
"2025-02-09 00:00:00",168612,904048,102978,5292,978158,1864307.5,1798842.3
"2025-02-10 00:00:00",267715,1038762,136984,3744,401549,1867764.8666666667,1771143.4333333333
"2025-02-11 00:00:00",173497,1023316,119240,4105,560372,1841152.4,1805924.4
"2025-02-12 00:00:00",128960,671257,126434,5684,734933,1834862.3,1823257.4333333333
"2025-02-13 00:00:00",342648,730527,95448,9112,335233,1810952.7333333334,1834353.4666666666
"2025-02-14 00:00:00",262263,1093613,146126,3433,621329,1812146.4666666666,1826798.7
"2025-02-15 00:00:00",374590,615528,89226,5578,659550,1796052.3333333333,1836328.7666666666
"2025-02-16 00:00:00",256462,1215338,151757,9071,886252,1836884.0333333334,1835822.3
"2025-02-17 00:00:00",291563,763482,137776,4251,488562,1833399.5,1802011.2666666666
"2025-02-18 00:00:00",243231,644971,135817,2284,324501,1799439.3,1802824.5666666667
"2025-02-19 00:00:00",326607,736593,130686,8521,237168,1773175.2,1821812.3
"2025-02-20 00:00:00",255687,806905,114681,6026,955282,1791094,1833136.7
"2025-02-21 00:00:00",306221,1389531,111421,2825,743240,1796582.7666666666,1828912.1333333333
"2025-02-22 00:00:00",119834,664468,95534,1941,603033,1787385.1666666667,1808792.7333333334
"2025-02-23 00:00:00",208247,634021,115913,7369,282931,1767613.8666666667,1802035
"2025-02-24 00:00:00",290864,943986,159834,3646,809456,1784039.0666666667,1800672.1666666667
"2025-02-25 00:00:00",353704,709320,167074,4238,361851,1782650.5333333334,1788399.7666666666
"2025-02-26 00:00:00",372786,521919,151010,4353,453353,1766698.1666666667,1777386.2333333334
"2025-02-27 00:00:00",225875,983073,158306,4692,414629,1769626.9333333333,1739332.8
"2025-02-28 00:00:00",228311,705315,137259,3656,809870,1773742.3333333333,1747121.9666666666
"2025-03-01 00:00:00",283905,694275,93744,6309,583877,1775779.3333333333,1741058.3
"2025-03-02 00:00:00",287217,896408,158193,4648,514458,1749494.2333333334,1745721.7333333334
"2025-03-03 00:00:00",296609,513280,148090,2382,419813,1747377.7,1784235.3333333333
"2025-03-04 00:00:00",149275,969513,100803,4261,693424,1743494.9,1790007.3666666667
"2025-03-05 00:00:00",282685,803750,95098,5500,594869,1751966.3666666667,1788360.5666666667
"2025-03-06 00:00:00",278400,822676,110299,17285,580296,1758429.4333333333,1806333.2
"2025-03-07 00:00:00",280890,1026149,120786,4349,365247,1758983.7333333334,1781839.9333333333
"2025-03-08 00:00:00",228260,574997,95926,4131,442191,1741629.2333333334,1791360.4666666666
"2025-03-09 00:00:00",262425,947077,152935,5639,186544,1756029.1,1760978.1
"2025-03-10 00:00:00",263810,446371,155368,3088,701615,1767294.4666666666,1791688.6
"2025-03-11 00:00:00",294761,951033,170147,3472,589227,1762279.7333333334,1802587.7333333334
"2025-03-12 00:00:00",316127,506260,134980,10628,808963,1759886.8333333333,1839181.9
"2025-03-13 00:00:00",305477,815464,132098,7711,550038,1757562.1,1813173.8666666667
"2025-03-14 00:00:00",208425,966948,128344,9850,502946,1762536.4666666666,1806619.4666666666
"2025-03-15 00:00:00",288789,259600,94548,3390,973660,1766103.6666666667,1828097.1666666667
"2025-03-16 00:00:00",233665,498948,93688,7704,279764,1732336.8333333333,1818094.8666666667
"2025-03-17 00:00:00",281213,316949,93651,5453,884708,1726920.7,1799228.7
"2025-03-18 00:00:00",268430,672568,168298,5682,349227,1691764.7,1789141.5333333334
"2025-03-19 00:00:00",250112,1145475,105998,13433,738510,1710694.1333333333,1818120.6
"2025-03-20 00:00:00",271162,722264,153592,5717,613761,1724551.1666666667,1804412.9333333333
"2025-03-21 00:00:00",321346,523182,128227,11342,778252,1735310.7333333334,1814168.9
"2025-03-22 00:00:00",190208,711577,119158,2647,434569,1712629.5,1819027.6
"2025-03-23 00:00:00",310593,523271,157875,8109,508085,1677786.2666666666,1804801.8
"2025-03-24 00:00:00",368277,1096556,158855,3737,787699,1708797.3333333333,1825845.6333333333
"2025-03-25 00:00:00",345526,836489,119843,2587,451186,1725702.7333333334,1844962.2333333334
"2025-03-26 00:00:00",225119,792952,134239,6061,494322,1707199.7666666666,1857466.3333333333
"2025-03-27 00:00:00",393643,1288613,132501,5714,753938,1739807.1666666667,1840021.3333333333
"2025-03-28 00:00:00",223732,665039,93102,5560,265906,1731471.0666666667,1848456.8
"2025-03-29 00:00:00",146090,563718,94850,4183,616747,1719437.5,1847563.4
"2025-03-30 00:00:00",279967,841680,148069,5072,624247,1719924.9,1848572.0333333334
"2025-03-31 00:00:00",412670,646803,141470,4257,446769,1719587.1666666667,1867604.4666666666
"2025-04-01 00:00:00",341693,701388,117770,4312,255937,1704926.4,1887787.8333333333
"2025-04-02 00:00:00",328747,628275,85229,7644,250410,1702264,1861034.9333333333
"2025-04-03 00:00:00",316604,874628,132925,4607,710209,1706320.9,1840060.7666666666
"2025-04-04 00:00:00",274347,830369,172082,2505,459753,1704892.7666666666,1850070.9333333333
"2025-04-05 00:00:00",290706,1077969,110129,5601,367812,1706334.5333333334,1857634.4333333333
"2025-04-06 00:00:00",326675,1043306,136801,10680,751763,1722061.6333333333,1869587.9
"2025-04-07 00:00:00",477925,939928,145493,7130,385061,1742396.3,1822220.2666666666
"2025-04-08 00:00:00",295529,751833,129371,4304,932675,1761032.8333333333,1849254.3666666667
"2025-04-09 00:00:00",321445,555151,128585,4024,689769,1765323.4666666666,1821254.6666666667
"2025-04-10 00:00:00",245915,983426,129506,7085,432644,1758321.4,1817428.5
"2025-04-11 00:00:00",251738,611249,128106,5468,496431,1748855.7,1805641.6
"2025-04-12 00:00:00",226251,338322,89738,4505,306715,1720679.9333333333,1807963.1333333333
"2025-04-13 00:00:00",170464,924934,130091,5754,416352,1715049.5,1790352.2666666666
"2025-04-14 00:00:00",233748,1107965,119300,3512,833296,1737644.2,1774021.1666666667
"2025-04-15 00:00:00",324772,338257,83873,3746,450874,1740569.3666666667,1786818.3
"2025-04-16 00:00:00",306279,988046,132624,6782,438214,1750234.9666666666,1816869.5
"2025-04-17 00:00:00",392223,959379,127379,5391,681931,1773638.1333333333,1814948.0666666667
"2025-04-18 00:00:00",278368,854497,140453,1271,736304,1765550.5333333334,1815423.7666666666
"2025-04-19 00:00:00",137416,416354,111212,6451,659466,1751030.0666666667,1837208.7666666666
"2025-04-20 00:00:00",219042,718838,193127,7403,391081,1743267.7,1820708.5333333334
"2025-04-21 00:00:00",352877,982233,155438,3775,507836,1761401.6333333333,1809370.3333333333
"2025-04-22 00:00:00",322375,752436,147469,6107,508984,1769049.6,1838535.1666666667
"2025-04-23 00:00:00",323396,750493,110320,6323,554386,1746709.0666666667,1817308.1333333333
"2025-04-24 00:00:00",253280,530739,160065,4034,591016,1739492.5666666667,1815121.1666666667
"2025-04-25 00:00:00",270475,650355,121609,3564,409928,1732933.2,1796667.7333333334
"2025-04-26 00:00:00",137108,507797,98436,4489,809281,1699022.5666666667,1829565.5333333334
"2025-04-27 00:00:00",249720,1232784,121007,6799,303980,1721054.5,1818745.3333333333
"2025-04-28 00:00:00",260296,951390,91086,13598,486568,1733633.2333333334,1826698.5
"2025-04-29 00:00:00",325710,802143,109234,3640,519497,1729006.3333333333,1832361.1666666667
"2025-04-30 00:00:00",372524,594824,114189,4069,898261,1740069.6666666667,1797567.3333333333
"2025-05-01 00:00:00",201044,718072,117271,9011,668069,1749815.5666666667,1767065.7333333334
"2025-05-02 00:00:00",251447,556905,68891,3668,268551,1744787.2,1760432.8333333333
"2025-05-03 00:00:00",243569,451276,67211,10918,545869,1720782.1,1767596.2
"2025-05-04 00:00:00",253682,682668,61226,2653,367695,1708410.5666666667,1753730.2
"2025-05-05 00:00:00",413971,269238,74697,3491,300633,1682070.6333333333,1736468.1
"2025-05-06 00:00:00",381106,1149391,155619,4368,550239,1681120.1333333333,1742576.2
"2025-05-07 00:00:00",383492,673255,129218,9431,736570,1680334.4666666666,1760023.2666666666
"2025-05-08 00:00:00",252660,679764,153875,17271,505526,1663513.6333333333,1735526.0666666667
"2025-05-09 00:00:00",335315,494584,146814,6043,208262,1646581.4333333333,1744879.2666666666
"2025-05-10 00:00:00",107098,651147,60851,4546,500554,1630767.5,1725890.3333333333
"2025-05-11 00:00:00",159730,935034,131932,6730,492250,1638523.5333333334,1713569.3666666667
"2025-05-12 00:00:00",391847,804397,168336,2973,488532,1668209.0666666667,1703555.3666666667
"2025-05-13 00:00:00",322272,1326239,150566,5547,797824,1700037.7333333334,1733092
"2025-05-14 00:00:00",270333,562157,159840,5594,536126,1674578.9666666666,1731641.6333333333
"2025-05-15 00:00:00",348361,907892,124472,6548,694863,1703933.3,1736212.6666666667
"2025-05-16 00:00:00",331610,1215517,139809,2443,690437,1720862.3666666667,1705655.9666666666
"2025-05-17 00:00:00",258080,510123,99839,4583,351912,1689469.6666666667,1707843.8666666667
"2025-05-18 00:00:00",166679,617122,134969,10206,230639,1661093.6,1700150.9333333333
"2025-05-19 00:00:00",353794,432027,178128,2348,882184,1678346.8333333333,1697938.0333333334
"2025-05-20 00:00:00",259980,879349,137030,1243,832710,1697707.9333333333,1715636.8333333333
"2025-05-21 00:00:00",293784,532684,164157,5792,683233,1686957.4666666666,1712861.2333333334
"2025-05-22 00:00:00",266404,623257,124910,7894,438003,1677727.4333333333,1708134.6333333333
"2025-05-23 00:00:00",215288,335162,151679,6201,516566,1660393.7666666666,1719290.6333333333
"2025-05-24 00:00:00",275987,343241,73141,3446,498310,1648892.7,1694619.2333333334
"2025-05-25 00:00:00",116807,977886,104157,13662,554284,1659255.0333333334,1691829.3
"2025-05-26 00:00:00",304788,868314,140950,9363,620078,1672135.2666666666,1675325.4333333333
"2025-05-27 00:00:00",339452,789185,130459,3032,358874,1662359,1693837.5666666667
"2025-05-28 00:00:00",303239,1101423,177256,6086,567882,1674124.3666666667,1688755.7
"2025-05-29 00:00:00",237794,491722,136146,6075,312606,1654928.1333333333,1683236.4333333333
"2025-05-30 00:00:00",280025,620829,112836,6026,869194,1651762.8333333333,1703951.7
"2025-05-31 00:00:00",226760,468463,64962,5337,460140,1635501.8,1710638.1666666667
"2025-06-01 00:00:00",289185,661610,120622,5195,326217,1643947.6333333333,1730379.5333333334
"2025-06-02 00:00:00",409659,775677,165701,2975,634863,1666282.8333333333,1738922.6666666667
"2025-06-03 00:00:00",200361,788146,132984,4243,322828,1668971.3666666667,1736882.5
"2025-06-04 00:00:00",337916,621632,159365,7081,671910,1693501.3,1753380.2333333334
"2025-06-05 00:00:00",319555,573280,130860,5472,432617,1667536.5333333334,1745134.4
"2025-06-06 00:00:00",267331,491752,127054,4472,408463,1646439.9333333333,1747911.3666666667
"2025-06-07 00:00:00",236588,586909,97020,4737,299632,1633632.8333333333,1756650.5
"2025-06-08 00:00:00",225894,948647,197298,5253,847839,1668096.9666666666,1740342.8666666667
"2025-06-09 00:00:00",296093,653350,162302,3474,463174,1676571.5,1742339.3666666667
"2025-06-10 00:00:00",264381,525883,107290,4510,473035,1664885.7,1771181.3666666667
"2025-06-11 00:00:00",326406,1047636,113229,4786,535151,1670589.8,1789088.7
"2025-06-12 00:00:00",234073,723984,129786,7092,616328,1640883.6666666667,1780342.1333333333
"2025-06-13 00:00:00",339829,957203,148870,5744,589635,1657791,1776129.8
"2025-06-14 00:00:00",226417,491109,93607,4489,291964,1625305.3333333333,1755986.3666666667
"2025-06-15 00:00:00",287127,843387,109210,10108,519225,1604946.6,1754090.8
"2025-06-16 00:00:00",278295,702114,129880,5485,811459,1628370.3666666667,1750657.0333333334
"2025-06-17 00:00:00",314587,643246,125237,3268,751565,1650979.8333333333,1747401.8
"2025-06-18 00:00:00",293881,791722,153873,5356,508260,1647800.3333333333,1738744.8333333333
"2025-06-19 00:00:00",225063,843995,124992,6426,836445,1645354.1,1728059.8666666667
"2025-06-20 00:00:00",352670,737496,123346,5382,307285,1640238.2666666666,1754953.4666666666
"2025-06-21 00:00:00",201368,772605,103134,6657,465441,1643195.5333333334,1730894.7333333334
"2025-06-22 00:00:00",249970,564454,153104,9737,271836,1644002.0666666667,1707720.0666666667
"2025-06-23 00:00:00",274120,863171,121400,3470,420070,1660272.8333333333,1720082.7
"2025-06-24 00:00:00",433289,749936,143478,8185,353309,1657652.7666666666,1739555.2
"2025-06-25 00:00:00",282123,827729,145131,11699,310864,1645454.3333333333,1748616.6666666667
"2025-06-26 00:00:00",226949,931998,167205,7514,477229,1651784.1666666667,1732310.4666666666
"2025-06-27 00:00:00",276390,1026961,116339,4174,189019,1633683.4666666666,1743284.1333333333
"2025-06-28 00:00:00",183530,1036737,97190,4067,758898,1663552.7,1770750.4
"2025-06-29 00:00:00",284396,962823,142846,8300,536156,1665073.3333333333,1750592.3666666667
"2025-06-30 00:00:00",349788,753443,147946,4885,581886,1685483.7,1753968.9666666666
"2025-07-01 00:00:00",271126,594551,141694,6071,679679,1695161,1733932.1333333333
"2025-07-02 00:00:00",300563,958398,134786,4884,317616,1686073.2666666666,1726260.2
"2025-07-03 00:00:00",322201,666454,171445,5668,555394,1695160.1333333333,1707094.4333333333
"2025-07-04 00:00:00",282698,761021,124768,3677,253036,1682736.2333333334,1721007.5333333334
"2025-07-05 00:00:00",227457,672918,110313,4865,419728,1681852.6666666667,1715191.2
"2025-07-06 00:00:00",271255,1061427,135228,6485,470088,1703366.2333333334,1707778.1
"2025-07-07 00:00:00",368804,773989,143475,1657,648552,1727086.6,1713880.0666666667
"2025-07-08 00:00:00",272359,661199,136742,8863,755313,1714071.4,1725068.0333333334
"2025-07-09 00:00:00",305078,1032458,136100,5859,590397,1730454.1666666667,1729102.5666666667
"2025-07-10 00:00:00",214556,860942,127002,7618,317221,1735528.8666666667,1713279.3
"2025-07-11 00:00:00",306333,803190,146923,6103,146851,1714935.3333333333,1699641.7666666666
"2025-07-12 00:00:00",216054,1346226,82629,3910,364514,1725003.9333333333,1693743.8
"2025-07-13 00:00:00",242518,321580,126440,13480,386016,1693296,1685621.8666666667
"2025-07-14 00:00:00",326283,974328,98548,2827,797320,1729687.2333333334,1684354.0333333334
"2025-07-15 00:00:00",268375,536755,96760,4743,461927,1716336.9,1690637.5666666667
"2025-07-16 00:00:00",332617,634386,103789,6746,359041,1699981.4666666666,1707148
"2025-07-17 00:00:00",252500,984263,114034,4431,576083,1703095.1666666667,1726670.4666666666
"2025-07-18 00:00:00",261730,952263,123239,5308,711240,1713117.8,1740581
"2025-07-19 00:00:00",188282,348414,116037,6523,228909,1674825.1333333333,1773997.2
"2025-07-20 00:00:00",256242,1293748,99098,8561,240157,1687212.5,1723497.7333333334
"2025-07-21 00:00:00",335295,939185,159404,2480,522977,1700884.1,1748838.0333333334
"2025-07-22 00:00:00",251596,556592,126291,5521,1034614,1725068.4,1795771.9333333333
"2025-07-23 00:00:00",424933,1164701,161538,6448,496478,1744130.6666666667,1796792.7333333334
"2025-07-24 00:00:00",186313,640372,125459,4459,355470,1731593.6666666667,1788347.6333333333
"2025-07-25 00:00:00",206021,1242399,127157,4441,544647,1749831,1787462.8666666667
"2025-07-26 00:00:00",172671,812820,73925,5602,295447,1734815.9,1804558.4666666666
"2025-07-27 00:00:00",273909,576390,119459,6662,298857,1723562.7666666666,1792337.4
"2025-07-28 00:00:00",286301,785425,160503,2336,528902,1712998.0666666667,1771492.4666666666
"2025-07-29 00:00:00",444137,1194333,128230,4626,376832,1720119.2333333334,1780798.7666666666
"2025-07-30 00:00:00",137746,69706,88525,4690,261691,1677598.6333333333,1774139.9666666666
"2025-07-31 00:00:00",196549,620040,122445,3477,784401,1678724.3333333333,1794307.1666666667
"2025-08-01 00:00:00",144623,1054702,105061,4742,324541,1675971.4,1815398.8666666667
"2025-08-02 00:00:00",315196,440358,89933,5602,425155,1661140.0333333334,1847449.8666666667
"2025-08-03 00:00:00",246957,1129840,151400,7820,723968,1688966.5333333334,1831046.5333333334
"2025-08-04 00:00:00",301166,1110214,155278,4858,482656,1709597,1828284.9666666666
"2025-08-05 00:00:00",271045,1342552,135748,5465,728000,1727541.6,1841276.8333333333
"2025-08-06 00:00:00",340393,594109,128567,9051,558524,1717347.2333333334,1840182.9
"2025-08-07 00:00:00",212870,598737,136469,5662,392830,1701083.7333333334,1829515.5333333334
"2025-08-08 00:00:00",244397,469119,111004,3605,851521,1688075.9333333333,1829764.5666666667
"2025-08-09 00:00:00",164894,558910,102722,8451,294187,1674803.2333333334,1809807.8
"2025-08-10 00:00:00",219475,656999,79002,6844,407660,1673488.8666666667,1805133.2
"2025-08-11 00:00:00",258381,644720,71846,2134,692145,1662018.4666666666,1782139.4
"2025-08-12 00:00:00",219660,870201,80295,2613,394530,1677926.9333333333,1774320.2
"2025-08-13 00:00:00",277411,665569,90980,5281,847200,1667497.5333333334,1780040.1333333333
"2025-08-14 00:00:00",247770,1013706,95479,5178,453995,1682416.6333333333,1781048.5
"2025-08-15 00:00:00",343788,940902,107632,183,810360,1707959.4333333333,1754239.4666666666
"2025-08-16 00:00:00",179511,1031900,63081,3186,223027,1693605.7,1710053.3
"2025-08-17 00:00:00",241957,1194744,135999,7514,262182,1686559.6333333333,1717123.9666666666
"2025-08-18 00:00:00",336341,1301098,171465,1702,869480,1746291.2666666666,1714306.8333333333
"2025-08-19 00:00:00",442266,674438,128390,5898,299840,1734726.1,1758346.3
"2025-08-20 00:00:00",368912,641322,142970,14343,588154,1727938.1,1753842.9
"2025-08-21 00:00:00",276584,811936,138842,5178,462621,1718622.5,1750657.3666666667
"2025-08-22 00:00:00",293390,478594,122353,9283,501696,1690329.7,1762038.1
"2025-08-23 00:00:00",292262,648130,95576,5375,601333,1701349.2333333334,1753363.3333333333
"2025-08-24 00:00:00",263093,1602280,122039,8897,724260,1721212.4,1745990.6666666667
"2025-08-25 00:00:00",259765,771641,151706,6860,476267,1731405.1333333333,1741652
"2025-08-26 00:00:00",301742,731159,139944,8081,661400,1750306.6,1744826.3666666667
"2025-08-27 00:00:00",345172,1067631,125888,5117,412356,1756729.4333333333,1714573.6333333333
"2025-08-28 00:00:00",277122,889056,144700,6631,663546,1751159.2666666666,1692058.2
"2025-08-29 00:00:00",303751,826651,123689,6742,534050,1792244.4333333333,1655730.2
"2025-08-30 00:00:00",264283,925387,84641,10503,803845,1804302.1,1623581.4
"2025-08-31 00:00:00",149291,687910,136441,8731,402411,1796006.1333333333,1594828.5
"2025-09-01 00:00:00",266492,781539,130797,1830,711638,1816541.8333333333,1590404.1666666667
"2025-09-02 00:00:00",334670,1287648,142088,2977,546797,1818348.0666666667,1616976.3
"2025-09-03 00:00:00",247867,623360,152939,6664,547335,1802480.8333333333,1649496.4333333333
"2025-09-04 00:00:00",219687,1218331,141336,4923,442285,1787272.4,1661196.3666666667
"2025-09-05 00:00:00",338080,788860,94839,4065,467703,1789368.8666666667,1663354.2
"2025-09-06 00:00:00",277776,417933,96439,8181,862749,1799918.6666666667,1666963.3666666667
"2025-09-07 00:00:00",244737,695910,122472,6969,262296,1788343.2,1672431.6333333333
"2025-09-08 00:00:00",370247,1032625,177588,6379,450559,1818618.0666666667,1695541.8666666667
"2025-09-09 00:00:00",351283,959154,117945,10158,777717,1846827.5666666667,1715256.3
"2025-09-10 00:00:00",312327,333334,191243,7170,467995,1834922.7333333334,1733312.9666666666
"2025-09-11 00:00:00",322006,716859,130882,6386,293973,1831683.5666666667,1760503.5666666667
"2025-09-12 00:00:00",191406,1026676,123526,4312,537744,1831591.4666666666,1774899.5
"2025-09-13 00:00:00",142094,603382,75799,7062,195987,1805197.8333333333,1762183.1
"2025-09-14 00:00:00",243946,665156,84245,5776,591609,1784793.1666666667,1773651.7666666666
"2025-09-15 00:00:00",251298,1375603,162832,4636,503848,1811377.7,1793858.2
"2025-09-16 00:00:00",318882,994654,115686,12020,475251,1813847.6333333333,1795283.3333333333
"2025-09-17 00:00:00",385281,679078,146215,5532,777808,1790975,1781941.9666666666
"2025-09-18 00:00:00",290840,576077,113966,5795,647662,1793758.2,1765133.1333333333
"2025-09-19 00:00:00",292444,574857,85289,3071,638658,1788378.4666666666,1753147.2666666666
"2025-09-20 00:00:00",324266,811603,98164,10663,457876,1788625.1666666667,1732472.5333333334
"2025-09-21 00:00:00",152115,1154740,110528,6680,495732,1805774.3333333333,1702514.4
"2025-09-22 00:00:00",407538,923187,112202,1766,665085,1821344.3666666667,1699534.5
"2025-09-23 00:00:00",268204,466603,131644,2832,333942,1770766.4333333333,1724781.3666666667
"2025-09-24 00:00:00",288698,538190,100260,7211,386301,1759247.3,1717126.5
"2025-09-25 00:00:00",248572,1115828,116645,16781,594087,1767566.8333333333,1732801.7333333334
"2025-09-26 00:00:00",306526,842060,116933,3825,281976,1754072.0333333334,1765389
"2025-09-27 00:00:00",197835,1150054,78119,3700,572344,1754771.5,1802914.1666666667
"2025-09-28 00:00:00",190436,342730,119783,7010,499811,1733600.5333333334,1829241.5666666667
"2025-09-29 00:00:00",363535,652322,117328,2983,504038,1718652.8,1859649.2666666666
"2025-09-30 00:00:00",258779,700182,133067,4889,709251,1732698.8,1867165.7
"2025-10-01 00:00:00",449216,840643,154504,7235,481544,1734060.2333333334,1856735.6666666667
"2025-10-02 00:00:00",292943,978733,146138,7732,601357,1724484.7,1830455.1333333333
"2025-10-03 00:00:00",347353,678412,133618,4712,384838,1723510.0666666667,1814642.0333333334
"2025-10-04 00:00:00",308021,666317,82567,6753,488340,1707691.1666666667,1808317.7
"2025-10-05 00:00:00",284040,907167,144413,13752,887140,1725789.9,1790047.0333333334
"2025-10-06 00:00:00",308427,958687,150528,2236,517748,1734942.1,1793331.7333333334
"2025-10-07 00:00:00",243093,902290,157909,3842,292067,1743835.8,1815479.9333333333
"2025-10-08 00:00:00",270994,727729,109024,4610,363290,1725110.6333333333,1820264.1333333333
"2025-10-09 00:00:00",143850,616010,69210,5203,345906,1690574.2666666666,1821031.0666666667
"2025-10-10 00:00:00",255520,1071432,109542,9171,423478,1709143.2333333334,1801740.2
"2025-10-11 00:00:00",333107,1011392,118875,4871,585982,1728613.6666666667,1786839.3
"2025-10-12 00:00:00",157633,630550,47394,9767,378603,1706622.3666666667,1774084.8
"2025-10-13 00:00:00",232320,688416,152392,4021,656589,1730270.3666666667,1774892.6666666667
"2025-10-14 00:00:00",369078,1068938,124898,5841,827856,1757134,1802617.9666666666
"2025-10-15 00:00:00",309301,685243,120025,9107,544559,1736133.9,1805424.6666666667
"2025-10-16 00:00:00",199441,575043,143993,4956,688704,1725988.6666666667,1797542.2666666666
"2025-10-17 00:00:00",208829,956391,155167,5189,425359,1717889.0666666667,1816956.4
"2025-10-18 00:00:00",270346,807532,91962,6887,370066,1714970.3333333333,1816177.7333333334
"2025-10-19 00:00:00",178442,525334,132455,6309,691691,1712967.2666666666,1792828.6
"2025-10-20 00:00:00",350096,607900,134843,9915,371555,1705358.8,1786924.6333333333
"2025-10-21 00:00:00",356412,406279,142287,1991,708590,1695217.7333333334,1811716.3333333333
"2025-10-22 00:00:00",239053,712831,105073,8463,539913,1678403.0333333334,1838094.5666666667
"2025-10-23 00:00:00",295309,683991,87776,4413,394040,1687146.1333333333,1815263.9333333333
"2025-10-24 00:00:00",253443,670459,104289,4843,511804,1694618.6,1809684.3666666667
"2025-10-25 00:00:00",260313,1151861,91031,5307,857109,1703741.9,1800262.4
"2025-10-26 00:00:00",295896,618880,104416,7978,399645,1699591.7,1790070.9
"2025-10-27 00:00:00",339350,1058125,156495,1819,431762,1699108.7666666666,1780347.1333333333
"2025-10-28 00:00:00",277481,705541,134949,7977,688490,1720930.8666666667,1809275.0666666667
"2025-10-29 00:00:00",246108,445995,123437,4991,672786,1716034.6333333333,1797904.8333333333
"2025-10-30 00:00:00",297352,1157499,113851,8575,378402,1721018.4666666666,1793074.0333333334
"2025-10-31 00:00:00",222175,859590,115145,2627,521498,1713948.2666666666,1815687.3666666667
"2025-11-01 00:00:00",143824,573491,63242,3716,508051,1689461.5666666667,1800175.3666666667
"2025-11-02 00:00:00",286095,877417,104266,8462,451303,1695414.7,1775191.0666666667
"2025-11-03 00:00:00",355471,847711,168658,5900,260960,1698304.7,1756199.7333333334
"2025-11-04 00:00:00",402081,867145,149672,4449,579744,1690524.2666666666,1772330
"2025-11-05 00:00:00",283002,812277,146943,6947,366494,1679791.8333333333,1786086.2666666666
"2025-11-06 00:00:00",301626,922604,132759,10361,473471,1687845.8666666667,1746596.9
"2025-11-07 00:00:00",302820,922754,105042,3891,553882,1701603.5333333334,1758406.6333333333
"2025-11-08 00:00:00",240667,477733,92155,4234,427940,1703688.5666666667,1738564.0666666667
"2025-11-09 00:00:00",286571,869155,137700,7496,561768,1703473.4666666666,1765547.2
"2025-11-10 00:00:00",317959,750660,135781,4139,393987,1688416.9,1769013.4666666666
"2025-11-11 00:00:00",260198,1017165,106920,5998,396656,1707183.7,1777368.4666666666
"2025-11-12 00:00:00",355778,942474,166596,9582,610838,1718901.1666666667,1782461.1
"2025-11-13 00:00:00",258058,672035,137653,4187,465243,1690252.9666666666,1763002.5666666667
"2025-11-14 00:00:00",307343,552543,116362,6919,269642,1676405.6333333333,1784018.6
"2025-11-15 00:00:00",329185,718668,93352,5514,501762,1677616.8,1795425.3
"2025-11-16 00:00:00",191424,663790,116414,15093,646807,1673703.2666666666,1749414.5666666667
"2025-11-17 00:00:00",380411,1004380,136079,2207,465736,1688437.8333333333,1737287.5666666667
"2025-11-18 00:00:00",345578,736957,104911,9202,691504,1700235.7,1762989.3
"2025-11-19 00:00:00",350007,726281,136356,6492,361778,1703789.1666666667,1769176.5
"2025-11-20 00:00:00",289926,818649,138142,6293,1009350,1725349.6,1774427.8666666667
"2025-11-21 00:00:00",199384,1020528,140789,8043,283704,1726920.2666666666,1746939.9666666666
"2025-11-22 00:00:00",267915,375235,76373,7499,986948,1735201.7666666666,1736864.3666666667
"2025-11-23 00:00:00",246916,999319,97945,8501,407228,1742370.9333333333,1748215.3
"2025-11-24 00:00:00",298835,876064,168437,11747,604789,1728846.7333333334,1750296.5333333334
"2025-11-25 00:00:00",321847,1078197,134630,5655,764368,1758109.8,1745637.2333333334
"2025-11-26 00:00:00",258897,815911,129491,7998,447205,1747174.8,1729419.8333333333
"2025-11-27 00:00:00",245821,490997,139134,5795,668459,1738367.6333333333,1716376.6
"2025-11-28 00:00:00",287555,1114490,108451,4268,597817,1759009.4,1708710.8
"2025-11-29 00:00:00",268573,675924,78342,3919,422973,1742143.9666666666,1721855.7666666666
"2025-11-30 00:00:00",220035,1110796,132718,10093,449926,1748894.9333333333,1701662.5333333334
"2025-12-01 00:00:00",307579,610831,159374,2556,472062,1757564.7333333334,1716260.0333333334
"2025-12-02 00:00:00",422793,1091143,153670,3752,828145,1783297.0666666667,1736667.1
"2025-12-03 00:00:00",381740,711494,114641,6071,436042,1783673.3666666667,1755551.6666666667
"2025-12-04 00:00:00",200247,824175,119803,6414,325000,1766091.1666666667,1778345.3
"2025-12-05 00:00:00",214737,752469,95750,3081,413859,1761565.5,1790879.9333333333
"2025-12-06 00:00:00",276851,765197,95933,5052,508002,1755239.1666666667,1804800.8666666667
"2025-12-07 00:00:00",260401,829124,118974,7275,741439,1757533.6666666667,1758587.3333333333
"2025-12-08 00:00:00",370051,684240,105825,15507,802981,1782063.1,1773554.3333333333
"2025-12-09 00:00:00",291576,740626,151419,9362,667951,1782004.7333333334,1776143.5666666667
"2025-12-10 00:00:00",534272,732163,131625,4910,337272,1786595.2,1775289.2666666666
"2025-12-11 00:00:00",249236,522258,149104,7017,913137,1788389.1666666667,1839928.0666666667
"2025-12-12 00:00:00",332677,917941,100903,5731,612317,1784532.2,1863528.1333333333
"2025-12-13 00:00:00",349749,518793,111080,8209,610746,1786578.5666666667,1874147.0666666667
"2025-12-14 00:00:00",221264,712303,115951,14670,529342,1797935.4666666666,1857038.9333333333
"2025-12-15 00:00:00",369139,1208426,132617,5523,466755,1815735.1666666667,1833852.7333333334
"2025-12-16 00:00:00",284836,730452,156863,4895,501045,1817221,1860761.6333333333
"2025-12-17 00:00:00",312258,1199575,146872,11209,600009,1826591.4333333333,1876251.0666666667
"2025-12-18 00:00:00",296355,882147,155268,6416,476442,1824207.2,1887506.9666666666
"2025-12-19 00:00:00",243514,1200774,149896,3470,686952,1847663.7,1890009.8333333333
"2025-12-20 00:00:00",272713,913108,105399,7372,743395,1840317.2333333334,1889606.3
"2025-12-21 00:00:00",172072,958288,106875,8635,434835,1841259.1333333333,1903541.1666666667
"2025-12-22 00:00:00",354736,979060,166714,6335,541169,1852394.3666666667,1914785.1666666667
"2025-12-23 00:00:00",274912,949286,129556,4281,1221603,1879718.7,1932514.3
"2025-12-24 00:00:00",189374,1175125,110517,5658,523982,1881210.9666666666,1939171.8333333333
"2025-12-25 00:00:00",172406,851392,126334,8549,442309,1857753.5333333334,1961188.9666666666
"2025-12-26 00:00:00",196335,524311,73662,2975,404838,1842507.1333333333,1973337.5666666667
"2025-12-27 00:00:00",153273,228883,77479,7304,697408,1829644.8666666667,1974384.8333333333
"2025-12-28 00:00:00",251588,935295,87280,7489,864134,1830751.7333333334,1978821.3333333333
"2025-12-29 00:00:00",324873,421213,96656,1354,938935,1841861.9,1962433.4
"2025-12-30 00:00:00",281461,372393,62875,6024,472044,1817568.9333333333,1955024.9
"2025-12-31 00:00:00",23394,416774,28161,0,292109,1791168.8333333333,1910557.6
"2026-01-01 00:00:00",195583,221195,22196,0,109807,1726143.8,1870533.3666666667
"2026-01-02 00:00:00",137141,386300,17878,0,282381,1698599.7666666666,1827399.3
"2026-01-03 00:00:00",140534,941999,62071,1193,509270,1704580.0666666667,1793018.0666666667
"2026-01-04 00:00:00",194447,1901223,127556,4929,201412,1736236.0333333334,1772729
"2026-01-05 00:00:00",374443,1068108,140583,3146,762834,1759505.2,1782583.8333333333
"2026-01-06 00:00:00",294730,794188,139130,6203,432955,1749838.4666666666,1822555.5666666667
"2026-01-07 00:00:00",427860,965297,155692,9760,459133,1751143.1666666667,1826379.2
"2026-01-08 00:00:00",276685,806270,117765,5478,548858,1747613.6,1821194.3333333333
"2026-01-09 00:00:00",315168,810963,150690,7371,614981,1752911.2,1833983.8
"2026-01-10 00:00:00",179007,504225,88900,3600,633858,1738538.8666666667,1758183.4333333333
"2026-01-11 00:00:00",167920,626818,49792,2212,313086,1711546.6333333333,1743705.4333333333
"2026-01-12 00:00:00",363011,1582517,122089,4196,540679,1745343.7333333334,1763405.1
"2026-01-13 00:00:00",301909,431858,158276,5728,654915,1743982.4333333333,1765038.6666666667
"2026-01-14 00:00:00",294163,715876,119856,6038,572798,1728191.5666666667,1788300.5333333334
"2026-01-15 00:00:00",271639,1025898,177241,4420,409460,1735210.4333333333,1786612.0333333334
"2026-01-16 00:00:00",230304,543076,109879,5016,892041,1718890.3333333333,1794332.5333333334
"2026-01-17 00:00:00",211383,849729,102698,5036,462182,1712703.2333333334,1766756.4333333333
"2026-01-18 00:00:00",247031,1145110,140954,14517,579154,1707442.2333333334,1769491.8333333333
"2026-01-19 00:00:00",430410,948773,181797,3634,762713,1716954.0666666667,1780783.7666666666
"2026-01-20 00:00:00",238843,983041,110266,5623,805918,1732386.6666666667,1799687.7333333334
"2026-01-21 00:00:00",210308,724122,128703,5710,376827,1712307.8666666667,1792884.3333333333
"2026-01-22 00:00:00",220416,915492,107202,6484,249728,1676297.4666666666,1800859.3666666667
"2026-01-23 00:00:00",300073,937832,96242,3748,915628,1684593.1333333333,1792069.2333333334
"2026-01-24 00:00:00",214960,612843,94030,4184,588602,1681714.2,1775238.6333333333
"2026-01-25 00:00:00",258166,307562,124012,10753,723842,1689121.4,1772457.6666666667
"2026-01-26 00:00:00",294752,741912,118266,3204,478357,1704859.5,1769508.2666666666
"2026-01-27 00:00:00",293425,859856,189504,7163,350851,1690026.8,1784576.9666666666
"2026-01-28 00:00:00",267443,899936,157944,7923,379782,1687694.1666666667,1794823.8333333333
"2026-01-29 00:00:00",315300,1209245,150965,8049,362565,1716072.3666666667,1804748.3333333333
"2026-01-30 00:00:00",233560,658793,113377,12349,713652,1748450.1,1839391.4333333333
"2026-01-31 00:00:00",190417,834457,95761,6700,487499,1783986,1906624.8333333333
"2026-02-01 00:00:00",275651,888887,164030,14183,597415,1821202.8666666667,1926669.9666666666
"2026-02-02 00:00:00",417404,932631,133113,2489,590192,1835229.0666666667,1946183.1666666667
"2026-02-03 00:00:00",208437,1013603,129784,7742,677869,1822158.1,1935532.8666666667
"2026-02-04 00:00:00",302143,562292,140502,4596,637948,1798770.4333333333,1918714.1666666667
"2026-02-05 00:00:00",239333,586342,139624,5810,951017,1807267.6,1906767.8333333333
"2026-02-06 00:00:00",323440,961169,120009,7584,654516,1808900.2333333334,1899586.5666666667
"2026-02-07 00:00:00",293532,1099261,83311,2905,394685,1812854.9,1876080.1
"2026-02-08 00:00:00",253753,878581,118698,6841,582305,1810888.1333333333,1846923.6666666667
"2026-02-09 00:00:00",331113,1076163,124294,8167,387405,1828140.4333333333,1864307.5
"2026-02-10 00:00:00",401643,516520,107449,8850,566696,1842852.4666666666,1867764.8666666667
"2026-02-11 00:00:00",310713,776891,131361,6034,603450,1816717.8666666667,1841152.4
"2026-02-12 00:00:00",186110,861324,152001,6098,524195,1822619.2666666666,1834862.3
"2026-02-13 00:00:00",349251,1078303,114034,5845,436259,1831784.5333333334,1810952.7333333334
"2026-02-14 00:00:00",235932,626425,97690,4758,767013,1826555.9666666666,1812146.4666666666
"2026-02-15 00:00:00",244301,667895,154103,7921,389179,1815991.9666666666,1796052.3333333333
"2026-02-16 00:00:00",331698,1036478,123930,5068,658980,1833496.3,1836884.0333333334
"2026-02-17 00:00:00",346210,1059750,144583,10906,718339,1838596.9,1833399.5
"2026-02-18 00:00:00",230614,838607,114107,8670,542913,1818849.5,1799439.3
"2026-02-19 00:00:00",281891,847462,140083,5147,412862,1803641.7333333334,1773175.2
"2026-02-20 00:00:00",291821,589320,132409,3320,552581,1807768.3333333333,1791094
"2026-02-21 00:00:00",250205,815896,90332,6784,312771,1806990.1666666667,1796582.7666666666
"2026-02-22 00:00:00",221828,614785,121764,13840,431990,1778679.3,1787385.1666666667
"2026-02-23 00:00:00",234690,748052,134561,4547,458251,1780862.5,1767613.8666666667
"2026-02-24 00:00:00",236403,583330,114528,4468,640119,1786013.6,1784039.0666666667
"2026-02-25 00:00:00",249054,717422,159389,5388,547563,1787424.5333333334,1782650.5333333334
"2026-02-26 00:00:00",232662,279327,119542,5080,371358,1764330.1,1766698.1666666667
"2026-02-27 00:00:00",265311,727138,101115,2658,425034,1757937.1333333333,1769626.9333333333
"2026-02-28 00:00:00",196598,228254,92461,6225,759769,1732509.7333333334,1773742.3333333333
"2026-03-01 00:00:00",195548,786126,99871,10419,550862,1729546.0666666667,1775779.3333333333
"2026-03-02 00:00:00",188290,749648,131436,3658,698180,1734759.1666666667,1749494.2333333334
"2026-03-03 00:00:00",227241,666523,99953,1658,425145,1717437.2333333334,1747377.7
"2026-03-04 00:00:00",123381,400223,81685,7361,434864,1683159.5333333334,1743494.9
"2026-03-05 00:00:00",194646,1023368,135338,8183,587285,1680205.8,1751966.3666666667
"2026-03-06 00:00:00",206504,653611,125255,8209,660999,1680442.4666666666,1758429.4333333333
"2026-03-07 00:00:00",287507,835915,80115,6126,232082,1664428.9,1758983.7333333334
"2026-03-08 00:00:00",350531,517321,166847,13017,557436,1649043.3,1741629.2333333334
"2026-03-09 00:00:00",298072,666771,145274,4848,542614,1641839.7,1756029.1
"2026-03-10 00:00:00",256029,844689,111674,3406,521888,1638423.6666666667,1767294.4666666666
"2026-03-11 00:00:00",304193,705109,131457,12488,379748,1625285.4,1762279.7333333334
"2026-03-12 00:00:00",209889,1228158,165070,5614,429891,1639867.7666666666,1759886.8333333333
"2026-03-13 00:00:00",301005,771587,115707,5132,740150,1643372.1333333333,1757562.1
"2026-03-14 00:00:00",173984,263255,54295,3397,478150,1618150.2333333334,1762536.4666666666
"2026-03-15 00:00:00",206473,947370,101675,9853,317289,1604782.0333333334,1766103.6666666667
"2026-03-16 00:00:00",314006,602119,128401,8873,551038,1600536.0666666667,1732336.8333333333
"2026-03-17 00:00:00",315960,516437,123400,4926,449479,1598763.3,1726920.7
"2026-03-18 00:00:00",288821,1224181,128548,11645,396596,1595217.8666666667,1691764.7
"2026-03-19 00:00:00",296072,519968,109716,10109,668855,1572715.3666666667,1710694.1333333333
"2026-03-20 00:00:00",201797,785015,128478,5152,412546,1565984.4666666666,1724551.1666666667
"2026-03-21 00:00:00",259384,687215,80540,7951,464867,1559734.2,1735310.7333333334
"2026-03-22 00:00:00",291716,663466,162959,8495,545641,1563161.4333333333,1712629.5
"2026-03-23 00:00:00",340382,757559,152459,2473,566707,1574614.7333333334,1677786.2666666666
"2026-03-24 00:00:00",412799,1090378,150605,9013,602801,1603328.1333333333,1708797.3333333333
"2026-03-25 00:00:00",331419,1062860,124109,9193,438528,1616194.9666666666,1725702.7333333334
"2026-03-26 00:00:00",176940,850059,123635,6540,162343,1607550.1,1707199.7666666666
"2026-03-27 00:00:00",356838,695250,126229,6272,340132,1602413.7666666666,1739807.1666666667
"2026-03-28 00:00:00",228518,766042,91726,7029,451206,1620298.6666666667,1731471.0666666667
"2026-03-29 00:00:00",251344,840640,140816,11472,528696,1628689.0666666667,1719437.5
"2026-03-30 00:00:00",427884,364704,139827,1539,464733,1632535.2333333334,1719924.9
"2026-03-31 00:00:00",195842,882640,109887,3265,371050,1629863.9,1719587.1666666667
"2026-04-01 00:00:00",337144,928705,148422,2769,904053,1648192.7666666666,1704926.4
"2026-04-02 00:00:00",329111,896100,119775,3454,320030,1656457.7666666666,1702264
"2026-04-03 00:00:00",309442,818681,141288,3646,612561,1684395.1333333333,1706320.9
"2026-04-04 00:00:00",194818,689671,75914,3412,300452,1661576.2,1704892.7666666666
"2026-04-05 00:00:00",206635,584022,91022,4486,445514,1650812.4,1706334.5333333334
"2026-04-06 00:00:00",276977,744631,158749,4985,634969,1663432.1,1722061.6333333333
"2026-04-07 00:00:00",288573,1045419,112383,1733,393160,1671302.6,1742396.3
"2026-04-08 00:00:00",331138,781118,130517,5192,366339,1669860.1333333333,1761032.8333333333
"2026-04-09 00:00:00",317575,710498,152090,2947,302267,1661449.3666666667,1765323.4666666666
"2026-04-10 00:00:00",206939,422899,101828,2499,403306,1648264.7333333334,1758321.4
"2026-04-11 00:00:00",325398,507996,76736,4993,530725,1628504.6666666667,1748855.7
"2026-04-12 00:00:00",217580,656736,140868,5216,454517,1613216.1,1720679.9333333333
"2026-04-13 00:00:00",359460,942778,189769,6400,602565,1650813.1666666667,1715049.5
"2026-04-14 00:00:00",248525,492977,113733,2515,458000,1641916.5666666667,1737644.2
"2026-04-15 00:00:00",329738,949060,120295,4044,482948,1651304.9333333333,1740569.3666666667
"2026-04-16 00:00:00",272073,412186,117028,5045,557700,1649765.3333333333,1750234.9666666666
"2026-04-17 00:00:00",312742,494706,117680,4273,246428,1620633.3666666667,1773638.1333333333
"2026-04-18 00:00:00",220172,582111,86492,4685,219161,1604229.5666666667,1765550.5333333334
"2026-04-19 00:00:00",281185,553074,139162,8445,556515,1604409.2,1751030.0666666667
"2026-04-20 00:00:00",311088,779434,112405,761,334667,1605689.2666666666,1743267.7
"2026-04-21 00:00:00",270368,929111,138491,3603,503304,1611442.8,1761401.6333333333
"2026-04-22 00:00:00",182409,682829,126499,5962,441458,1598762.1333333333,1769049.6
"2026-04-23 00:00:00",248734,550934,119418,7126,802003,1580849.6333333333,1746709.0666666667
"2026-04-24 00:00:00",240515,511089,126579,999,357302,1556528.2666666666,1739492.5666666667
"2026-04-25 00:00:00",219967,533440,81620,9429,399479,1554008.6666666667,1732933.2
"2026-04-26 00:00:00",194515,1159720,109526,2513,349318,1563704.1666666667,1699022.5666666667
"2026-04-27 00:00:00",279715,705823,132995,7461,269207,1558727,1721054.5
"2026-04-28 00:00:00",351326,773031,115955,4667,267602,1550047.5666666667,1733633.2333333334
"2026-04-29 00:00:00",332571,720191,120895,8070,594177,1562621.6666666667,1729006.3333333333
"2026-04-30 00:00:00",270735,939676,95764,5287,460259,1569589.6,1740069.6666666667
"2026-05-01 00:00:00",194686,435333,98461,2438,432163,1530988.8666666667,1749815.5666666667
"2026-05-02 00:00:00",252483,669878,59256,5754,519931,1525616.5,1744787.2
"2026-05-03 00:00:00",159902,363623,75703,4216,557172,1501449.3666666667,1720782.1
"2026-05-04 00:00:00",299112,428139,54137,5238,253140,1493965.5,1708410.5666666667
"2026-05-05 00:00:00",259404,815636,66695,1381,315946,1498211.3666666667,1682070.6333333333
"2026-05-06 00:00:00",339140,930224,126811,8275,415357,1498194.6666666667,1681120.1333333333
"2026-05-07 00:00:00",223302,545894,160274,4366,593448,1487728.4,1680334.4666666666
"2026-05-08 00:00:00",292888,493179,108023,2928,410786,1477511.4333333333,1663513.6333333333
"2026-05-09 00:00:00",223174,556726,71715,4694,476607,1472429.1666666667,1646581.4333333333
"2026-05-10 00:00:00",354993,865727,129839,10896,400529,1493246.5666666667,1630767.5
"2026-05-11 00:00:00",329093,844500,132583,2677,564795,1507507.2,1638523.5333333334
"2026-05-12 00:00:00",346609,648971,137451,7863,414489,1510189.2,1668209.0666666667
"2026-05-13 00:00:00",339116,980474,143087,5635,411860,1502829.4333333333,1700037.7333333334
"2026-05-14 00:00:00",307853,766998,139302,5987,401003,1513009.3,1674578.9666666666
"2026-05-15 00:00:00",217050,501980,129741,6929,314526,1489147.1333333333,1703933.3
"2026-05-16 00:00:00",175062,471387,94162,6693,643879,1490051.8,1720862.3666666667
"2026-05-17 00:00:00",242724,490817,137766,10345,604474,1500395.1,1689469.6666666667
"2026-05-18 00:00:00",413833,803438,146167,7148,586370,1528540.2,1661093.6
"2026-05-19 00:00:00",266446,1053453,139559,4183,511368,1543094.8,1678346.8333333333
"2026-05-20 00:00:00",318618,648342,130887,8511,547564,1546947.4,1697707.9333333333
"2026-05-21 00:00:00",289900,643392,130448,7938,764467,1546656.3666666667,1686957.4666666666
"2026-05-22 00:00:00",261162,245249,104663,5472,354265,1531044.5,1677727.4333333333
"2026-05-23 00:00:00",174356,570912,90587,6235,303021,1511607.0666666667,1660393.7666666666
"2026-05-24 00:00:00",235219,899007,125682,8160,482615,1528747.2,1648892.7
"2026-05-25 00:00:00",301184,520895,146747,2838,720774,1543697.6333333333,1659255.0333333334
"2026-05-26 00:00:00",336279,620710,150709,8199,257168,1528947,1672135.2666666666
"2026-05-27 00:00:00",248980,943199,148187,6442,294472,1537149.7666666666,1662359
"2026-05-28 00:00:00",259651,644643,109771,6522,676396,1543296.3,1674124.3666666667
"2026-05-29 00:00:00",307788,1102173,102662,3625,558432,1553255.2666666666,1654928.1333333333
"2026-05-30 00:00:00",217024,1019757,77475,4789,421736,1552223.4666666666,1651762.8333333333
"2026-05-31 00:00:00",230561,564964,158151,4976,527635,1562997.7666666666,1635501.8
"2026-06-01 00:00:00",221368,673865,113606,730,306803,1556633.7,1643947.6333333333
"2026-06-02 00:00:00",95380,168872,58657,3916,100774,1532199.7,1666282.8333333333
"2026-06-03 00:00:00",178955,445433,111316,6194,326275,1533147.2333333334,1668971.3666666667
"2026-06-04 00:00:00",385176,878489,121373,4886,731809,1555236.9,1693501.3
"2026-06-05 00:00:00",283567,567337,97834,3802,476416,1542208.5,1667536.5333333334
"2026-06-06 00:00:00",264913,749073,74145,6174,684951,1550607.5666666667,1646439.9333333333
"2026-06-07 00:00:00",313199,829212,112679,5945,688831,1572009.9333333333,1633632.8333333333
"2026-06-08 00:00:00",326768,1120810,112388,3695,368394,1591981.6333333333,1668096.9666666666
"2026-06-09 00:00:00",389165,1086081,122090,2482,579271,1605885.4333333333,1676571.5
"2026-06-10 00:00:00",280461,700580,142261,14622,463083,1596798,1664885.7
"2026-06-11 00:00:00",332026,629148,123532,8011,396980,1594608.5,1670589.8
"2026-06-12 00:00:00",211423,826246,125813,3414,825403,1598345.8,1640883.6666666667
"2026-06-13 00:00:00",216166,256253,80748,3813,218728,1570164.2,1657791
"2026-06-14 00:00:00",194086,775600,112942,8262,249697,1575843.2666666666,1625305.3333333333
"2026-06-15 00:00:00",300370,998718,146958,5289,548456,1596130.7666666666,1604946.6
"2026-06-16 00:00:00",213064,898818,116239,5846,562456,1606474,1628370.3666666667
"2026-06-17 00:00:00",235739,491864,165482,5189,543193,1589291,1650979.8333333333
"2026-06-18 00:00:00",327802,561387,141661,8684,372182,1570514.4666666666,1647800.3333333333
"2026-06-19 00:00:00",240535,882333,109951,3777,650019,1578270.6,1645354.1
"2026-06-20 00:00:00",199218,500586,103274,8727,511800,1561185.4333333333,1640238.2666666666
"2026-06-21 00:00:00",221376,602833,104179,12408,346795,1571744.5,1643195.5333333334
"2026-06-22 00:00:00",285752,881804,110278,4112,923492,1607088.9333333333,1644002.0666666667
"2026-06-23 00:00:00",422241,899375,159837,9464,381335,1611141.8333333333,1660272.8333333333
"2026-06-24 00:00:00",276967,890870,112713,3773,627168,1618443.7666666666,1657652.7666666666
"2026-06-25 00:00:00",232854,542844,92789,5077,759459,1627108.6666666667,1645454.3333333333
"2026-06-26 00:00:00",225753,465160,91727,2713,112086,1602313.4,1651784.1666666667
"2026-06-27 00:00:00",152535,471051,63386,3604,319479,1579415.6666666667,1633683.4666666666
"2026-06-28 00:00:00",227588,628531,112643,5874,320642,1553435.7666666666,1663552.7
"2026-06-29 00:00:00",355516,819888,133467,2400,838580,1567072.1333333333,1665073.3333333333
"2026-06-30 00:00:00",324735,797850,120570,6373,670468,1581529.3666666667,1685483.7
"2026-07-01 00:00:00",203723,795098,138055,6983,453908,1590909.3,1695161
"2026-07-02 00:00:00",271391,869161,111048,4748,315245,1629043.1333333333,1686073.2666666666
"2026-07-03 00:00:00",290529,727168,118128,5544,609005,1651783.4,1695160.1333333333