"DateTime","Container","Dry Bulk","General Cargo","Roll-on/roll-off","Tanker","30-day Moving Average","Prior Year: 30-day Moving Average"
"2019-01-01 00:00:00",0,0,0,0,491825,,
"2019-01-02 00:00:00",0,0,0,0,454268,,
"2019-01-03 00:00:00",0,0,0,0,263331,,
"2019-01-04 00:00:00",0,0,0,0,803759,,
"2019-01-05 00:00:00",0,0,0,0,455637,,
"2019-01-06 00:00:00",0,0,206,0,6736,,
"2019-01-07 00:00:00",0,0,0,0,623214,,
"2019-01-08 00:00:00",0,0,0,0,272426,,
"2019-01-09 00:00:00",0,0,0,0,10233,,
"2019-01-10 00:00:00",0,0,206,0,216544,,
"2019-01-11 00:00:00",129,0,0,0,253560,,
"2019-01-12 00:00:00",0,0,0,0,279046,,
"2019-01-13 00:00:00",0,0,206,0,883695,,
"2019-01-14 00:00:00",0,0,0,0,265500,,
"2019-01-15 00:00:00",0,0,0,0,1030622,,
"2019-01-16 00:00:00",0,0,0,0,169069,,
"2019-01-17 00:00:00",0,0,0,0,8975,,
"2019-01-18 00:00:00",259,0,0,0,80832,,
"2019-01-19 00:00:00",0,0,0,0,0,,
"2019-01-20 00:00:00",0,0,0,0,12481,,
"2019-01-21 00:00:00",0,0,657,0,338139,,
"2019-01-22 00:00:00",0,0,0,0,985980,,
"2019-01-23 00:00:00",1773,0,0,0,701682,,
"2019-01-24 00:00:00",0,0,0,0,201853,,
"2019-01-25 00:00:00",0,0,206,0,158525,,
"2019-01-26 00:00:00",0,0,0,0,548576,,
"2019-01-27 00:00:00",0,0,0,0,318832,,
"2019-01-28 00:00:00",0,0,0,0,0,,
"2019-01-29 00:00:00",0,0,206,0,1122097,,
"2019-01-30 00:00:00",0,0,0,0,0,365376.3333333333,
"2019-01-31 00:00:00",0,0,0,0,349165,360621,
"2019-02-01 00:00:00",0,1415,0,0,620365,366204.73333333334,
"2019-02-02 00:00:00",0,0,0,0,447634,372348.1666666667,
"2019-02-03 00:00:00",0,0,0,0,10233,345897.3,
"2019-02-04 00:00:00",0,0,0,0,735151,355214.43333333335,
"2019-02-05 00:00:00",0,0,413,0,677088,377566.36666666664,
"2019-02-06 00:00:00",0,0,505,0,277710,366066.4,
"2019-02-07 00:00:00",0,0,0,0,3160,357090.86666666664,
"2019-02-08 00:00:00",1773,0,0,0,504400,373622.2,
"2019-02-09 00:00:00",0,0,0,0,408835,380025,
"2019-02-10 00:00:00",0,0,0,0,12481,371984.73333333334,
"2019-02-11 00:00:00",0,1415,0,0,428994,377030.1666666667,
"2019-02-12 00:00:00",0,0,0,0,425706,361756.9666666667,
"2019-02-13 00:00:00",129,0,206,0,252046,361319.7,
"2019-02-14 00:00:00",0,2830,0,0,970745,359418.13333333336,
"2019-02-15 00:00:00",0,0,0,0,132500,358199.1666666667,
"2019-02-16 00:00:00",1773,0,206,0,270652,366987.73333333334,
"2019-02-17 00:00:00",0,1415,5674,0,384109,377324.63333333336,
"2019-02-18 00:00:00",0,0,0,0,720472,401340.36666666664,
"2019-02-19 00:00:00",0,1415,0,0,288564,410590.3,
"2019-02-20 00:00:00",0,1415,0,0,279132,408648.6666666667,
"2019-02-21 00:00:00",0,0,0,0,686714,398673.13333333336,
"2019-02-22 00:00:00",0,0,0,0,272301,384301.3333333333,
"2019-02-23 00:00:00",23162,0,0,0,314644,388833.1,
"2019-02-24 00:00:00",0,1415,0,0,560621,402276.56666666665,
"2019-02-25 00:00:00",0,0,0,0,556674,402546.5,
"2019-02-26 00:00:00",0,1415,0,0,499678,408621.86666666664,
"2019-02-27 00:00:00",0,0,0,0,263616,417409.06666666665,
"2019-02-28 00:00:00",0,0,0,0,259420,388646.26666666666,
"2019-03-01 00:00:00",0,2830,0,0,12481,389156.63333333336,
"2019-03-02 00:00:00",0,0,0,0,417920,391448.4666666667,
"2019-03-03 00:00:00",0,0,0,0,1090869,407084.76666666666,
"2019-03-04 00:00:00",0,0,206,0,407695,405760.3333333333,
"2019-03-05 00:00:00",0,0,0,0,235958,413284.5,
"2019-03-06 00:00:00",0,0,0,0,436330,403323.8,
"2019-03-07 00:00:00",0,0,0,0,265584,389593.23333333334,
"2019-03-08 00:00:00",0,0,206,0,169069,385961.9,
"2019-03-09 00:00:00",0,0,0,0,139612,390510.3,
"2019-03-10 00:00:00",0,0,0,0,399594,386957.6666666667,
"2019-03-11 00:00:00",0,0,0,0,664354,395474.9666666667,
"2019-03-12 00:00:00",0,0,0,0,485794,411252.06666666665,
"2019-03-13 00:00:00",0,0,0,0,132690,401328.1,
"2019-03-14 00:00:00",0,0,6599,0,427271,401600.23333333334,
"2019-03-15 00:00:00",0,12899,0,0,310294,403960.6,
"2019-03-16 00:00:00",0,0,0,0,111591,375227.8,
"2019-03-17 00:00:00",0,0,0,0,518831,388105.5,
"2019-03-18 00:00:00",0,1415,0,0,683399,401844.9,
"2019-03-19 00:00:00",0,0,0,0,135569,393323.93333333335,
"2019-03-20 00:00:00",129,1415,0,0,568643,388314.4666666667,
"2019-03-21 00:00:00",0,0,0,0,443198,393421.76666666666,
"2019-03-22 00:00:00",0,0,0,0,169069,389705.8333333333,
"2019-03-23 00:00:00",0,0,0,0,694433,389963.13333333336,
"2019-03-24 00:00:00",0,1415,0,0,275513,390117.36666666664,
"2019-03-25 00:00:00",0,0,0,0,0,378857.1666666667,
"2019-03-26 00:00:00",0,1415,0,0,279938,369501.06666666665,
"2019-03-27 00:00:00",0,0,0,0,722823,375039.36666666664,
"2019-03-28 00:00:00",0,0,0,0,0,358336.26666666666,
"2019-03-29 00:00:00",0,1415,0,0,980466,382278.43333333335,
"2019-03-30 00:00:00",0,0,0,0,265773,382490.2,
"2019-03-31 00:00:00",0,0,0,0,0,381979.8333333333,
"2019-04-01 00:00:00",0,1415,0,0,447038,382997.6,
"2019-04-02 00:00:00",0,0,0,0,140584,351321.43333333335,
"2019-04-03 00:00:00",0,0,0,0,759230,363032.4,
"2019-04-04 00:00:00",0,0,390,0,334678,366336.06666666665,
"2019-04-05 00:00:00",0,0,0,0,296054,361660.2,
"2019-04-06 00:00:00",0,1415,0,0,438079,367457.2,
"2019-04-07 00:00:00",0,0,206,0,180607,367841.8,
"2019-04-08 00:00:00",0,0,0,0,842090,391257.73333333334,
"2019-04-09 00:00:00",0,0,0,0,282708,387361.5333333333,
"2019-04-10 00:00:00",0,0,0,0,424009,379350.0333333333,
"2019-04-11 00:00:00",0,0,0,0,0,363156.9,
"2019-04-12 00:00:00",0,0,0,0,789215,385041.06666666665,
"2019-04-13 00:00:00",0,0,0,0,424232,384719.8,
"2019-04-14 00:00:00",0,1415,0,0,21456,374709.06666666665,
"2019-04-15 00:00:00",0,0,206,0,1120376,408342.1,
"2019-04-16 00:00:00",0,0,0,0,297466,400963.26666666666,
"2019-04-17 00:00:00",0,24033,206,0,552589,397363.76666666666,
"2019-04-18 00:00:00",0,0,1779,0,415993,406770.5333333333,
"2019-04-19 00:00:00",0,0,0,0,530164,405436.4,
"2019-04-20 00:00:00",0,0,0,0,314600,401149.8,
"2019-04-21 00:00:00",0,0,0,0,742490,420263.8333333333,
"2019-04-22 00:00:00",0,1415,206,0,138321,401780.8333333333,
"2019-04-23 00:00:00",0,0,0,0,12481,392965.93333333335,
"2019-04-24 00:00:00",0,0,0,0,284805,402459.43333333335,
"2019-04-25 00:00:00",129,1415,375,0,863798,421938.26666666666,
"2019-04-26 00:00:00",0,1415,0,0,283083,407327.43333333335,
"2019-04-27 00:00:00",0,0,0,0,636919,428558.06666666665,
"2019-04-28 00:00:00",0,1415,0,0,281173,405248.3,
"2019-04-29 00:00:00",0,0,0,0,615677,416911.76666666666,
"2019-04-30 00:00:00",129,0,0,0,12481,417332.1,
"2019-05-01 00:00:00",0,0,0,0,105096,405886.86666666664,
"2019-05-02 00:00:00",0,0,206,0,609379,421520.26666666666,
"2019-05-03 00:00:00",0,0,0,0,318289,406822.23333333334,
"2019-05-04 00:00:00",0,0,0,0,350620,407340.63333333336,
"2019-05-05 00:00:00",0,0,0,0,404249,410947.13333333336,
"2019-05-06 00:00:00",0,1415,5679,0,156281,401743.1666666667,
"2019-05-07 00:00:00",0,1415,0,0,182537,401847.8,
"2019-05-08 00:00:00",0,0,0,0,701280,397154.13333333336,
"2019-05-09 00:00:00",0,0,0,0,154928,392894.8,
"2019-05-10 00:00:00",129,2830,0,19,567178,397766.4,
"2019-05-11 00:00:00",129,0,206,0,415540,411628.93333333335,
"2019-05-12 00:00:00",0,0,413,0,336856,396564.06666666665,
"2019-05-13 00:00:00",0,0,0,0,850448,410771.26666666666,
"2019-05-14 00:00:00",0,0,0,0,292012,419742.63333333336,
"2019-05-15 00:00:00",0,0,0,0,726572,406608.9666666667,
"2019-05-16 00:00:00",0,0,0,0,273513,405810.5333333333,
"2019-05-17 00:00:00",0,0,0,0,252956,395014.76666666666,
"2019-05-18 00:00:00",0,0,0,0,834619,408909.6666666667,
"2019-05-19 00:00:00",0,0,0,0,301938,401302.13333333336,
"2019-05-20 00:00:00",0,0,0,0,397253,404057.23333333334,
"2019-05-21 00:00:00",0,0,0,0,210739,386332.2,
"2019-05-22 00:00:00",129,0,206,0,474239,397486.6,
"2019-05-23 00:00:00",0,0,0,0,169069,402706.2,
"2019-05-24 00:00:00",0,1415,0,0,545626,411447.4,
"2019-05-25 00:00:00",0,3247,206,0,441672,397427.6666666667,
"2019-05-26 00:00:00",0,0,0,0,470246,403619.26666666666,
"2019-05-27 00:00:00",0,0,0,0,617484,402971.43333333335,
"2019-05-28 00:00:00",0,1415,0,0,304964,403764.4666666667,
"2019-05-29 00:00:00",0,0,0,0,137246,387816.76666666666,
"2019-05-30 00:00:00",129,0,0,0,347072,398969.8333333333,
"2019-05-31 00:00:00",0,0,206,0,385093,408309.93333333335,
"2019-06-01 00:00:00",0,0,206,0,446865,402892.8,
"2019-06-02 00:00:00",0,0,0,0,424606,406436.7,
"2019-06-03 00:00:00",0,20656,0,0,545348,413616.1666666667,
"2019-06-04 00:00:00",129,1415,273,0,308850,410496.8,
"2019-06-05 00:00:00",0,1415,0,0,299214,415071.93333333335,
"2019-06-06 00:00:00",0,0,0,0,555944,427471.6666666667,
"2019-06-07 00:00:00",129,0,0,0,408931,417731,
"2019-06-08 00:00:00",0,0,0,0,526340,430111.4,
"2019-06-09 00:00:00",0,0,0,0,548310,429383.1666666667,
"2019-06-10 00:00:00",0,1415,0,0,153862,420696.5333333333,
"2019-06-11 00:00:00",0,1415,0,0,440927,424198.9666666667,
"2019-06-12 00:00:00",0,0,0,0,134044,400318.8333333333,
"2019-06-13 00:00:00",0,0,0,0,316547,401136.6666666667,
"2019-06-14 00:00:00",0,0,0,0,415455,390766.1,
"2019-06-15 00:00:00",0,1415,0,0,356287,393572.4,
"2019-06-16 00:00:00",0,1415,0,0,604862,405349.76666666666,
"2019-06-17 00:00:00",0,0,0,0,549180,395835.13333333336,
"2019-06-18 00:00:00",0,0,0,0,143617,390557.76666666666,
"2019-06-19 00:00:00",3267,0,0,0,294241,387232.93333333335,
"2019-06-20 00:00:00",0,1415,206,0,421481,394311.73333333334,
"2019-06-21 00:00:00",0,1415,0,0,258198,387146.3333333333,
"2019-06-22 00:00:00",0,1415,206,0,711758,405290.0333333333,
"2019-06-23 00:00:00",0,0,0,0,92691,390145.0333333333,
"2019-06-24 00:00:00",0,1415,0,0,543716,393478.5333333333,
"2019-06-25 00:00:00",0,0,0,0,602070,397872.6666666667,
"2019-06-26 00:00:00",0,1415,0,0,135629,381858,
"2019-06-27 00:00:00",726,1415,0,0,184344,377861.56666666665,
"2019-06-28 00:00:00",129,0,0,0,999129,406595.3333333333,
"2019-06-29 00:00:00",0,0,0,0,55651,396876.9666666667,
"2019-06-30 00:00:00",0,0,670,0,149799,389049.3,
"2019-07-01 00:00:00",0,0,0,0,871431,403194.6,
"2019-07-02 00:00:00",0,0,0,0,0,389041.06666666665,
"2019-07-03 00:00:00",0,0,0,0,538705,388131.1,
"2019-07-04 00:00:00",0,0,0,0,169069,383411.13333333336,
"2019-07-05 00:00:00",0,0,0,0,300177,383396.06666666665,
"2019-07-06 00:00:00",0,0,1663,0,338139,376191.3333333333,
"2019-07-07 00:00:00",0,0,0,0,461852,377951.06666666665,
"2019-07-08 00:00:00",0,0,0,0,259646,369061.26666666666,
"2019-07-09 00:00:00",0,0,0,0,501494,367500.73333333334,
"2019-07-10 00:00:00",0,0,0,0,308193,372597.93333333335,
"2019-07-11 00:00:00",4309,1415,0,0,145934,362908.5,
"2019-07-12 00:00:00",0,0,0,0,771419,384154.3333333333,
"2019-07-13 00:00:00",0,1415,0,0,445445,388498.1,
"2019-07-14 00:00:00",0,0,0,0,369204,386956.4,
"2019-07-15 00:00:00",0,1415,0,0,550763,393438.93333333335,
"2019-07-16 00:00:00",0,0,0,0,4355,373374.86666666664,
"2019-07-17 00:00:00",0,0,0,0,428859,369364.1666666667,
"2019-07-18 00:00:00",0,0,0,0,351072,376279.3333333333,
"2019-07-19 00:00:00",0,0,0,0,0,366362.4,
"2019-07-20 00:00:00",0,0,0,0,380538,364943.56666666665,
"2019-07-21 00:00:00",0,0,0,0,169069,361925.43333333335,
"2019-07-22 00:00:00",0,0,0,0,35829,339340.4,
"2019-07-23 00:00:00",0,1415,206,0,780300,362314.8,
"2019-07-24 00:00:00",1087,0,0,0,172428,349927.6,
"2019-07-25 00:00:00",0,0,0,0,285521,339375.9666666667,
"2019-07-26 00:00:00",0,0,0,0,875872,364003.56666666665,
"2019-07-27 00:00:00",0,1415,206,0,10233,358182.5333333333,
"2019-07-28 00:00:00",0,0,0,0,30114,325877.7,
"2019-07-29 00:00:00",129,1415,1878,0,789220,350444.1,
"2019-07-30 00:00:00",0,0,0,0,563126,364199.3333333333,
"2019-07-31 00:00:00",0,30252,0,0,269531,345144.4,
"2019-08-01 00:00:00",0,0,0,0,731158,369516.3333333333,
"2019-08-02 00:00:00",0,0,0,0,420051,365561.2,
"2019-08-03 00:00:00",0,1415,0,0,203799,366766.0333333333,
"2019-08-04 00:00:00",0,0,206,0,558761,375392.4,
"2019-08-05 00:00:00",0,0,0,0,75187,366571.9,
"2019-08-06 00:00:00",0,0,0,0,266511,360060.5333333333,
"2019-08-07 00:00:00",0,1415,206,0,584692,370949.4666666667,
"2019-08-08 00:00:00",2226,0,0,0,168871,359936.26666666666,
"2019-08-09 00:00:00",0,0,0,0,512275,366739,
"2019-08-10 00:00:00",129,0,0,0,540843,379716.1,
"2019-08-11 00:00:00",0,0,206,0,191158,360380.9666666667,
"2019-08-12 00:00:00",0,0,0,0,555649,364007.26666666666,
"2019-08-13 00:00:00",0,2830,0,0,691200,374834.8,
"2019-08-14 00:00:00",0,0,0,0,607074,376664.6666666667,
"2019-08-15 00:00:00",0,0,0,0,153500,381636.1666666667,
"2019-08-16 00:00:00",0,0,0,0,93399,370454.1666666667,
"2019-08-17 00:00:00",0,0,0,0,354597,370571.6666666667,
"2019-08-18 00:00:00",0,0,0,0,396197,383778.23333333334,
"2019-08-19 00:00:00",0,0,0,0,146173,375966.06666666665,
"2019-08-20 00:00:00",0,0,0,0,406112,383867.5,
"2019-08-21 00:00:00",0,0,0,0,440797,397366.43333333335,
"2019-08-22 00:00:00",0,0,0,0,446332,386180.06666666665,
"2019-08-23 00:00:00",0,33531,278,0,628702,402479.9666666667,
"2019-08-24 00:00:00",0,1415,0,0,163228,398450.7,
"2019-08-25 00:00:00",0,0,0,0,582032,388656.0333333333,
"2019-08-26 00:00:00",0,0,0,0,450525,403278.36666666664,
"2019-08-27 00:00:00",0,1415,0,0,290501,412005.1,
"2019-08-28 00:00:00",0,0,0,0,475978,401449.6,
"2019-08-29 00:00:00",129,0,0,0,154728,387840.63333333336,
"2019-08-30 00:00:00",0,0,0,0,305870,388043.5333333333,
"2019-08-31 00:00:00",0,0,0,0,537621,381592.3,
"2019-09-01 00:00:00",0,0,0,0,12481,368006.63333333336,
"2019-09-02 00:00:00",0,1415,0,0,416017,375080.56666666665,
"2019-09-03 00:00:00",0,0,0,0,471678,372170.9,
"2019-09-04 00:00:00",0,0,0,0,388388,382610.93333333335,
"2019-09-05 00:00:00",0,0,0,0,300663,383749.3333333333,
"2019-09-06 00:00:00",0,0,0,0,197405,370785.7,
"2019-09-07 00:00:00",0,0,0,0,694346,388227.3,
"2019-09-08 00:00:00",129,1415,0,0,0,371202.93333333335,
"2019-09-09 00:00:00",0,0,0,0,178317,359114.43333333335,
"2019-09-10 00:00:00",0,0,0,0,153687,357858.5,
"2019-09-11 00:00:00",0,1415,0,18,0,339384.63333333336,
"2019-09-12 00:00:00",0,0,0,0,702448,339665.23333333334,
"2019-09-13 00:00:00",0,0,206,1059,386939,332369.6,
"2019-09-14 00:00:00",0,0,0,0,181550,333304.6,
"2019-09-15 00:00:00",0,0,0,0,230903,337888.06666666665,
"2019-09-16 00:00:00",0,0,0,0,567238,344976.1,
"2019-09-17 00:00:00",0,0,0,0,450152,346774.6,
"2019-09-18 00:00:00",0,0,0,0,464650,357390.5,
"2019-09-19 00:00:00",0,0,238,0,276507,353078.26666666666,
"2019-09-20 00:00:00",0,0,0,0,292035,348119.5333333333,
"2019-09-21 00:00:00",1776,0,206,0,303841,343435.93333333335,
"2019-09-22 00:00:00",0,0,0,0,169069,326987.8333333333,
"2019-09-23 00:00:00",0,0,0,0,709319,345143.7,
"2019-09-24 00:00:00",0,2830,0,0,24962,326669.0333333333,
"2019-09-25 00:00:00",0,0,0,0,132405,316065.0333333333,
"2019-09-26 00:00:00",0,0,0,0,573772,325460.23333333334,
"2019-09-27 00:00:00",0,0,0,0,467818,325188.23333333334,
"2019-09-28 00:00:00",0,0,0,0,756883,345255.76666666666,
"2019-09-29 00:00:00",0,0,0,0,178044,340994.9,
"2019-09-30 00:00:00",0,0,0,0,159026,328375.06666666665,
"2019-10-01 00:00:00",0,0,0,0,283756,337417.56666666665,
"2019-10-02 00:00:00",0,1415,0,0,300693,333573.43333333335,
"2019-10-03 00:00:00",0,0,0,0,282385,327263.6666666667,
"2019-10-04 00:00:00",0,0,0,0,154647,319472.3,
"2019-10-05 00:00:00",0,0,0,0,408571,323069.23333333334,
"2019-10-06 00:00:00",0,0,0,0,549082,334791.8,
"2019-10-07 00:00:00",0,0,0,0,142551,316398.63333333336,
"2019-10-08 00:00:00",0,0,0,0,538404,334293.9666666667,
"2019-10-09 00:00:00",0,0,0,0,274067,337485.63333333336,
"2019-10-10 00:00:00",0,0,0,18,709082,355999.4,
"2019-10-11 00:00:00",0,0,0,0,263632,364739.36666666664,
"2019-10-12 00:00:00",0,54465,0,19,291406,352854.1,
"2019-10-13 00:00:00",0,0,206,0,174643,345742.26666666666,
"2019-10-14 00:00:00",0,0,0,0,350620,351377.93333333335,
"2019-10-15 00:00:00",0,0,0,0,473810,359474.8333333333,
"2019-10-16 00:00:00",0,0,0,0,564819,359394.2,
"2019-10-17 00:00:00",0,0,0,0,499477,361038.36666666664,
"2019-10-18 00:00:00",0,0,0,0,457562,360802.1,
"2019-10-19 00:00:00",0,0,0,0,0,351577.26666666666,
"2019-10-20 00:00:00",0,0,225,0,285188,351356.5333333333,
"2019-10-21 00:00:00",0,1415,0,0,177130,347113.9,
"2019-10-22 00:00:00",0,0,0,0,146913,346375.36666666664,
"2019-10-23 00:00:00",0,0,0,0,709862,346393.4666666667,
"2019-10-24 00:00:00",0,0,206,0,428381,359753.3333333333,
"2019-10-25 00:00:00",259,0,0,0,198386,361961.3333333333,
"2019-10-26 00:00:00",0,0,0,0,338139,354106.9,
"2019-10-27 00:00:00",0,0,0,0,12341,338924.3333333333,
"2019-10-28 00:00:00",129,1415,0,0,768511,339363.4,
"2019-10-29 00:00:00",0,0,0,0,459047,348730.1666666667,
"2019-10-30 00:00:00",0,1415,0,0,169069,349112.1,
"2019-10-31 00:00:00",0,0,0,0,456087,354856.4666666667,
"2019-11-01 00:00:00",129,0,0,0,15808,345317.43333333335,
"2019-11-02 00:00:00",0,1415,0,0,473322,351729.1666666667,
"2019-11-03 00:00:00",0,0,206,0,449766,361573.36666666664,
"2019-11-04 00:00:00",0,0,0,0,611570,368340,
"2019-11-05 00:00:00",0,0,0,0,277084,359273.4,
"2019-11-06 00:00:00",0,2830,206,0,282607,364043.1666666667,
"2019-11-07 00:00:00",0,1415,0,0,434766,360635.73333333334,
"2019-11-08 00:00:00",129,1415,206,0,315985,362091.36666666664,
"2019-11-09 00:00:00",0,0,0,0,562210,357195.0333333333,
"2019-11-10 00:00:00",0,0,0,0,421520,362457.9666666667,
"2019-11-11 00:00:00",0,0,0,0,352388,362674.56666666665,
"2019-11-12 00:00:00",129,1415,0,0,476021,372765.06666666665,
"2019-11-13 00:00:00",0,0,0,0,0,361077.73333333334,
"2019-11-14 00:00:00",0,0,0,0,338139,356555.36666666664,
"2019-11-15 00:00:00",0,5572,0,0,169069,343549.43333333335,
"2019-11-16 00:00:00",129,1415,413,0,507209,343872.43333333335,
"2019-11-17 00:00:00",0,0,0,0,0,328620.36666666664,
"2019-11-18 00:00:00",0,1415,0,0,697654,351922.6666666667,
"2019-11-19 00:00:00",0,0,0,0,338139,353680.2,
"2019-11-20 00:00:00",0,0,206,0,287811,357329.26666666666,
"2019-11-21 00:00:00",0,1415,0,0,338139,363750.63333333336,
"2019-11-22 00:00:00",0,14283,0,0,577729,359822.3,
"2019-11-23 00:00:00",129,25676,206,0,0,346403.13333333336,
"2019-11-24 00:00:00",0,0,0,0,338139,351052.93333333335,
"2019-11-25 00:00:00",0,2830,206,0,618779,360508.8333333333,
"2019-11-26 00:00:00",0,0,0,0,325882,370960.2,
"2019-11-27 00:00:00",0,0,413,0,536361,363184.1666666667,
"2019-11-28 00:00:00",0,2830,0,0,134029,352444.56666666665,
"2019-11-29 00:00:00",129,0,10812,0,473734,362917.63333333336,
"2019-11-30 00:00:00",129,0,0,0,988203,380659.1666666667,
"2019-12-01 00:00:00",0,4245,0,0,434073,394738.5333333333,
"2019-12-02 00:00:00",0,0,0,0,820029,406248.26666666666,
"2019-12-03 00:00:00",0,0,206,0,169069,396891.6666666667,
"2019-12-04 00:00:00",0,0,206,0,169069,382148.5,
"2019-12-05 00:00:00",0,0,0,0,627143,393817.13333333336,
"2019-12-06 00:00:00",0,0,0,0,0,384295.6666666667,
"2019-12-07 00:00:00",0,1415,0,0,0,369803.4666666667,
"2019-12-08 00:00:00",0,0,0,0,660213,381219.36666666664,
"2019-12-09 00:00:00",854,0,566,0,395361,375705.1,
"2019-12-10 00:00:00",0,2830,206,0,338139,373026.9666666667,
"2019-12-11 00:00:00",0,1415,0,0,432401,375741.23333333334,
"2019-12-12 00:00:00",129,1415,0,0,504600,376693.86666666664,
"2019-12-13 00:00:00",0,0,0,0,194031,383161.56666666665,
"2019-12-14 00:00:00",0,0,413,0,1146239,410112,
"2019-12-15 00:00:00",0,1415,0,0,26838,405232.4,
"2019-12-16 00:00:00",0,2830,206,0,0,388361.4,
"2019-12-17 00:00:00",0,2830,0,0,12481,388871.76666666666,
"2019-12-18 00:00:00",0,0,0,0,343058,377004.73333333334,
"2019-12-19 00:00:00",0,1415,206,0,729670,390109.8333333333,
"2019-12-20 00:00:00",3930,1415,0,0,198221,387294.8333333333,
"2019-12-21 00:00:00",0,0,0,0,431022,390343.76666666666,
"2019-12-22 00:00:00",0,1415,0,0,315433,381171.63333333336,
"2019-12-23 00:00:00",0,1415,0,0,485410,396532.0333333333,
"2019-12-24 00:00:00",0,4245,206,0,441651,400130.8333333333,
"2019-12-25 00:00:00",0,0,206,0,103188,382850.1,
"2019-12-26 00:00:00",0,5329,0,0,7423,372412.43333333335,
"2019-12-27 00:00:00",0,0,0,0,457833,369781.06666666665,
"2019-12-28 00:00:00",0,1415,0,0,274128,374403.86666666664,
"2019-12-29 00:00:00",0,1603,0,0,12481,358717.4666666667,
"2019-12-30 00:00:00",0,2830,206,0,384127,338678.5,
"2019-12-31 00:00:00",0,1415,0,0,0,324115.06666666665,
"2020-01-01 00:00:00",4011,0,206,0,233379,304700.6666666667,
"2020-01-02 00:00:00",0,0,0,0,150465,304073.6666666667,
"2020-01-03 00:00:00",0,1415,0,0,376432,311026.06666666665,
"2020-01-04 00:00:00",0,1415,0,0,338139,301439.76666666666,
"2020-01-05 00:00:00",0,0,0,0,28185,302379.26666666666,
"2020-01-06 00:00:00",0,0,0,0,851580,330718.1,
"2020-01-07 00:00:00",0,3993,0,0,137578,313430.0333333333,
"2020-01-08 00:00:00",0,0,0,0,507209,317110.93333333335,
"2020-01-09 00:00:00",0,0,0,0,654505,327555.23333333334,
"2020-01-10 00:00:00",0,25027,0,0,0,313928.93333333335,
"2020-01-11 00:00:00",0,1415,0,0,169069,302740.26666666666,
"2020-01-12 00:00:00",0,0,6599,0,352195,308232.36666666664,
"2020-01-13 00:00:00",0,0,206,0,1046273,304893.26666666666,
"2020-01-14 00:00:00",129,0,0,0,84160,306761.13333333336,
"2020-01-15 00:00:00",0,0,0,0,441641,321381.26666666666,
"2020-01-16 00:00:00",0,0,0,0,678627,343491.8,
"2020-01-17 00:00:00",0,1415,0,0,12481,332519.73333333334,
"2020-01-18 00:00:00",0,0,0,0,169069,313778.9666666667,
"2020-01-19 00:00:00",0,0,0,0,545336,325171.26666666666,
"2020-01-20 00:00:00",129,0,0,0,169069,316443.8,
"2020-01-21 00:00:00",0,0,0,0,169069,311517.8333333333,
"2020-01-22 00:00:00",0,0,0,0,12481,295706.36666666664,
"2020-01-23 00:00:00",129,0,0,0,0,280840.56666666665,
"2020-01-24 00:00:00",129,1415,0,0,311411,287825.93333333335,
"2020-01-25 00:00:00",448,0,0,0,12481,287831.8333333333,
"2020-01-26 00:00:00",0,0,0,0,17888,273167,
"2020-01-27 00:00:00",0,0,0,0,468333,279593.3333333333,
"2020-01-28 00:00:00",0,1415,0,0,314902,289667.76666666666,
"2020-01-29 00:00:00",0,4366,0,0,712869,300670.1666666667,
"2020-01-30 00:00:00",0,0,0,0,0,300623,365376.3333333333
"2020-01-31 00:00:00",129,0,0,0,338139,303978.7,360621
"2020-02-01 00:00:00",0,1415,0,0,338139,310281.6666666667,366204.73333333334
"2020-02-02 00:00:00",129,0,0,0,169069,303326.7,372348.1666666667
"2020-02-03 00:00:00",0,0,0,0,0,292008.23333333334,345897.3
"2020-02-04 00:00:00",0,0,0,0,169069,296704.36666666664,355214.43333333335
"2020-02-05 00:00:00",516,0,0,0,234431,276149.93333333335,377566.36666666664
"2020-02-06 00:00:00",0,0,0,0,314066,281899.76666666666,366066.4
"2020-02-07 00:00:00",0,2830,0,0,0,265087.13333333336,357090.86666666664
"2020-02-08 00:00:00",129,0,206,0,221884,250677.63333333333,373622.2
"2020-02-09 00:00:00",0,0,0,0,367291,262086.43333333332,380025
"2020-02-10 00:00:00",0,0,0,0,3228,256511.23333333334,371984.73333333334
"2020-02-11 00:00:00",0,1415,0,0,282386,254011.46666666667,377030.1666666667
"2020-02-12 00:00:00",0,0,0,0,173424,224909.63333333333,361756.9666666667
"2020-02-13 00:00:00",129,0,0,0,348456,233719.5,361319.7
"2020-02-14 00:00:00",0,0,0,0,169069,224633.76666666666,359418.13333333336
"2020-02-15 00:00:00",0,0,0,0,367066,214248.4,358199.1666666667
"2020-02-16 00:00:00",129,1415,0,0,350620,225524,366987.73333333334
"2020-02-17 00:00:00",0,0,0,0,440084,234557.83333333334,377324.63333333336
"2020-02-18 00:00:00",0,0,0,0,420088,230382.9,401340.36666666664
"2020-02-19 00:00:00",0,0,0,0,169069,230378.6,410590.3
"2020-02-20 00:00:00",0,1415,0,0,248544,233074.93333333332,408648.6666666667
"2020-02-21 00:00:00",0,1415,206,0,391687,245769.2,398673.13333333336
"2020-02-22 00:00:00",0,0,206,0,175996,251638.3,384301.3333333333
"2020-02-23 00:00:00",129,0,421,0,601954,261289.96666666667,388833.1
"2020-02-24 00:00:00",0,0,0,0,496879,277421.63333333336,402276.56666666665
"2020-02-25 00:00:00",0,2830,0,0,146089,281789.3333333333,402546.5
"2020-02-26 00:00:00",0,0,0,0,4355,266323.4,408621.86666666664
"2020-02-27 00:00:00",0,0,0,0,277187,265019.06666666665,417409.06666666665
"2020-02-28 00:00:00",0,1415,0,0,475396,257004.93333333332,388646.26666666666
"2020-02-29 00:00:00",0,0,206,0,294410,266825.4666666667,389156.63333333336
"2020-03-01 00:00:00",0,0,0,0,376266,268092.06666666665,391448.4666666667
"2020-03-02 00:00:00",0,0,0,0,448267,271715.8333333333,407084.76666666666
"2020-03-03 00:00:00",0,1415,0,0,398129,279394.0333333333,405760.3333333333
"2020-03-04 00:00:00",0,0,0,0,0,279394.0333333333,413284.5
"2020-03-05 00:00:00",0,0,0,0,280823,283119.1666666667,403323.8
"2020-03-06 00:00:00",0,1415,0,0,507209,292241.73333333334,389593.23333333334
"2020-03-07 00:00:00",0,0,0,0,282986,291205.73333333334,385961.9
"2020-03-08 00:00:00",0,0,0,0,173601,296898.1,390510.3
"2020-03-09 00:00:00",0,1415,1864,0,679539,312251.4,386957.6666666667
"2020-03-10 00:00:00",129,0,0,0,367291,312255.7,395474.9666666667
"2020-03-11 00:00:00",0,0,0,0,3228,312255.7,411252.06666666665
"2020-03-12 00:00:00",571,0,0,0,470544,318499.5333333333,401328.1
"2020-03-13 00:00:00",0,0,206,0,584084,332195.1,401600.23333333334
"2020-03-14 00:00:00",0,0,0,0,0,320575.6,403960.6
"2020-03-15 00:00:00",0,0,0,0,723518,339057.23333333334,375227.8
"2020-03-16 00:00:00",0,0,0,0,177669,332744,388105.5
"2020-03-17 00:00:00",0,0,0,0,271611,330058.9,401844.9
"2020-03-18 00:00:00",0,0,206,0,270747,324421.2,393323.93333333335
"2020-03-19 00:00:00",0,0,0,0,404023,323885.7,388314.4666666667
"2020-03-20 00:00:00",0,1415,206,0,269523,327288.23333333334,393421.76666666666
"2020-03-21 00:00:00",0,0,0,0,323256,329731.4666666667,389705.8333333333
"2020-03-22 00:00:00",0,0,0,0,4355,316766.3333333333,389963.13333333336
"2020-03-23 00:00:00",0,0,18842,0,411940,325252.3333333333,390117.36666666664
"2020-03-24 00:00:00",0,0,0,0,920213,335842.6,378857.1666666667
"2020-03-25 00:00:00",0,0,9900,0,171091,325313,369501.06666666665
"2020-03-26 00:00:00",0,0,206,0,404472,333838.3,375039.36666666664
"2020-03-27 00:00:00",0,0,0,0,297552,343611.5333333333,358336.26666666666
"2020-03-28 00:00:00",0,0,0,0,436355,348917.13333333336,382278.43333333335
"2020-03-29 00:00:00",5917,0,0,0,146884,338116.76666666666,382490.2
"2020-03-30 00:00:00",0,0,206,0,505084,345139.26666666666,381979.8333333333
"2020-03-31 00:00:00",0,0,0,0,524531,350081.43333333335,382997.6
"2020-04-01 00:00:00",0,0,0,0,146200,340012.5333333333,351321.43333333335
"2020-04-02 00:00:00",1082,1415,0,0,474695,342600.8,363032.4
"2020-04-03 00:00:00",0,0,0,0,133049,347035.76666666666,366336.06666666665
"2020-04-04 00:00:00",0,0,0,0,134661,342163.7,361660.2
"2020-04-05 00:00:00",0,0,0,0,342628,336630.5,367457.2
"2020-04-06 00:00:00",0,0,0,0,463311,342641.3333333333,367841.8
"2020-04-07 00:00:00",9520,0,0,0,139223,341812.73333333334,391257.73333333334
"2020-04-08 00:00:00",0,1415,0,0,267178,328005.2,387361.5333333333
"2020-04-09 00:00:00",0,0,0,0,0,315757.86666666664,379350.0333333333
"2020-04-10 00:00:00",0,0,0,0,561987,334383.1666666667,363156.9
"2020-04-11 00:00:00",0,0,0,0,295473,328528.4,385041.06666666665
"2020-04-12 00:00:00",0,0,0,0,143362,313830.76666666666,384719.8
"2020-04-13 00:00:00",0,0,0,0,135567,318349.6666666667,374709.06666666665
"2020-04-14 00:00:00",0,0,206,0,579098,313542.56666666665,408342.1
"2020-04-15 00:00:00",0,0,0,0,719242,331595,400963.26666666666
"2020-04-16 00:00:00",0,0,0,0,135464,327056.76666666666,397363.76666666666
"2020-04-17 00:00:00",463,25964,0,0,273661,328027.9666666667,406770.5333333333
"2020-04-18 00:00:00",0,0,0,0,304992,324726.93333333335,405436.4
"2020-04-19 00:00:00",1847,0,0,0,738647,340371.9,401149.8
"2020-04-20 00:00:00",0,0,0,0,641043,350964.8,420263.8333333333
"2020-04-21 00:00:00",0,0,0,0,268520,359770.3,401780.8333333333
"2020-04-22 00:00:00",0,0,0,0,257225,353985.06666666665,392965.93333333335
"2020-04-23 00:00:00",0,0,0,0,591062,343013.36666666664,402459.43333333335
"2020-04-24 00:00:00",0,0,0,0,169069,342615.9666666667,421938.26666666666
"2020-04-25 00:00:00",0,0,0,0,42913,330557.13333333336,407327.43333333335
"2020-04-26 00:00:00",0,0,206,0,354209,332452.56666666665,428558.06666666665
"2020-04-27 00:00:00",0,0,0,0,293136,327678.6,405248.3
"2020-04-28 00:00:00",0,0,0,0,761821,347979.26666666666,416911.76666666666
"2020-04-29 00:00:00",0,0,0,0,604739,351294.2,417332.1
"2020-04-30 00:00:00",0,0,206,0,8975,334115.9,405886.86666666664
"2020-05-01 00:00:00",1225,0,0,0,408899,342913.36666666664,421520.26666666666
"2020-05-02 00:00:00",0,1415,0,0,270407,336067.7,406822.23333333334
"2020-05-03 00:00:00",0,0,206,0,136014,336173.4,407340.63333333336
"2020-05-04 00:00:00",0,0,0,0,158549,336969.6666666667,410947.13333333336
"2020-05-05 00:00:00",129,0,0,0,0,325553.0333333333,401743.1666666667
"2020-05-06 00:00:00",0,0,0,0,778804,336069.4666666667,401847.8
"2020-05-07 00:00:00",0,0,0,0,445739,345969.3333333333,397154.13333333336
"2020-05-08 00:00:00",0,0,0,0,169069,342651.86666666664,392894.8
"2020-05-09 00:00:00",0,0,620,0,488450,358954.2,397766.4
"2020-05-10 00:00:00",0,0,0,0,144186,345027.5,411628.93333333335
"2020-05-11 00:00:00",129,0,0,0,535643,353037.4666666667,396564.06666666665
"2020-05-12 00:00:00",0,0,0,0,132720,352682.73333333334,410771.26666666666
"2020-05-13 00:00:00",129,0,0,0,202403,354914.93333333335,419742.63333333336
"2020-05-14 00:00:00",129,0,0,0,571524,354659.86666666664,406608.9666666667
"2020-05-15 00:00:00",0,0,0,0,169069,336320.76666666666,405810.5333333333
"2020-05-16 00:00:00",0,0,0,0,92488,334888.23333333334,395014.76666666666
"2020-05-17 00:00:00",0,0,0,0,239272,332861,408909.6666666667
"2020-05-18 00:00:00",0,0,0,0,441514,337411.73333333334,401302.13333333336
"2020-05-19 00:00:00",0,0,0,0,422818,326822.5333333333,404057.23333333334
"2020-05-20 00:00:00",0,0,0,0,527378,323033.7,386332.2
"2020-05-21 00:00:00",0,0,0,0,135051,318584.73333333334,397486.6
"2020-05-22 00:00:00",0,0,0,0,552946,328442.1,402706.2
"2020-05-23 00:00:00",129,0,0,0,169069,314379.9666666667,411447.4
"2020-05-24 00:00:00",129,0,0,0,271591,317801.6666666667,397427.6666666667
"2020-05-25 00:00:00",0,0,0,0,537055,334273.06666666665,403619.26666666666
"2020-05-26 00:00:00",0,0,0,0,169069,328094.86666666664,402971.43333333335
"2020-05-27 00:00:00",0,0,0,0,0,318323.6666666667,403764.4666666667
"2020-05-28 00:00:00",0,0,0,0,445015,307763.4666666667,387816.76666666666
"2020-05-29 00:00:00",0,0,0,0,266387,296485.06666666665,398969.8333333333
"2020-05-30 00:00:00",0,0,2641,0,288750,305892.0333333333,408309.93333333335
"2020-05-31 00:00:00",0,0,0,0,303879,302350.5333333333,402892.8
"2020-06-01 00:00:00",0,0,0,18,152296,298366.93333333335,406436.7
"2020-06-02 00:00:00",0,0,0,0,258878,302455.5333333333,413616.1666666667
"2020-06-03 00:00:00",129,0,0,0,181550,303226.5333333333,410496.8
"2020-06-04 00:00:00",0,0,0,0,569392,322201.9666666667,415071.93333333335
"2020-06-05 00:00:00",0,1342,0,0,310839,306647.86666666664,427471.6666666667
"2020-06-06 00:00:00",0,0,0,0,169069,297425.5333333333,417731
"2020-06-07 00:00:00",0,0,206,0,293057,301565.36666666664,430111.4
"2020-06-08 00:00:00",0,0,206,0,267379,294182.5333333333,429383.1666666667
"2020-06-09 00:00:00",129,0,0,0,439741,304038.6666666667,420696.5333333333
"2020-06-10 00:00:00",0,0,2086,0,118040,290183.8,424198.9666666667
"2020-06-11 00:00:00",0,0,0,19,0,285760.43333333335,400318.8333333333
"2020-06-12 00:00:00",0,1415,0,0,445336,293901.0333333333,401136.6666666667
"2020-06-13 00:00:00",0,0,0,0,169069,280481.56666666665,390766.1
"2020-06-14 00:00:00",0,0,0,0,470919,290543.23333333334,393572.4
"2020-06-15 00:00:00",0,0,206,0,133148,291905.43333333335,405349.76666666666
"2020-06-16 00:00:00",0,0,206,0,534126,301740.76666666666,395835.13333333336
"2020-06-17 00:00:00",0,0,206,0,0,287030.5,390557.76666666666
"2020-06-18 00:00:00",0,0,6034,19,258904,281768.4666666667,387232.93333333335
"2020-06-19 00:00:00",0,0,0,0,186908,270419.4666666667,394311.73333333334
"2020-06-20 00:00:00",0,0,0,0,476871,281813.4666666667,387146.3333333333
"2020-06-21 00:00:00",0,0,0,0,0,263381.93333333335,405290.0333333333
"2020-06-22 00:00:00",0,1415,0,0,456137,272993.73333333334,390145.0333333333
"2020-06-23 00:00:00",0,0,0,0,12456,264351.6,393478.5333333333
"2020-06-24 00:00:00",0,0,0,0,220412,253796.83333333334,397872.6666666667
"2020-06-25 00:00:00",0,0,0,0,148951,253126.23333333334,381858
"2020-06-26 00:00:00",0,0,206,0,169069,258768.73333333334,377861.56666666665
"2020-06-27 00:00:00",0,0,0,0,169069,249570.53333333333,406595.3333333333
"2020-06-28 00:00:00",0,0,0,0,167793,246284.06666666668,396876.9666666667
"2020-06-29 00:00:00",0,0,0,0,294910,246401.36666666667,389049.3
"2020-06-30 00:00:00",0,0,206,0,541924,254343.06666666668,403194.6
"2020-07-01 00:00:00",0,1415,0,0,450087,264316,389041.06666666665
"2020-07-02 00:00:00",0,0,0,0,259875,264349.23333333334,388131.1
"2020-07-03 00:00:00",0,0,0,0,274213,267433.7,383411.13333333336
"2020-07-04 00:00:00",0,0,0,0,0,248453.96666666667,383396.06666666665
"2020-07-05 00:00:00",0,0,0,0,136212,242588.33333333334,376191.3333333333
"2020-07-06 00:00:00",0,0,0,0,0,236952.7,377951.06666666665
"2020-07-07 00:00:00",0,1415,0,0,181550,233276.06666666668,369061.26666666666
"2020-07-08 00:00:00",0,0,0,0,141611,229076.93333333332,367500.73333333334
"2020-07-09 00:00:00",0,28653,0,0,95523,218553.8,372597.93333333335
"2020-07-10 00:00:00",0,11516,0,0,326399,225813.43333333332,362908.5
"2020-07-11 00:00:00",129,0,0,0,548609,244104.06666666668,384154.3333333333
"2020-07-12 00:00:00",0,0,0,0,10233,229553.46666666667,388498.1
"2020-07-13 00:00:00",0,0,0,0,169069,229553.46666666667,386956.4
"2020-07-14 00:00:00",0,0,0,0,132369,218268.46666666667,393438.93333333335
"2020-07-15 00:00:00",0,0,0,0,268363,222768.76666666666,373374.86666666664
"2020-07-16 00:00:00",0,0,0,0,145713,209814.8,369364.1666666667
"2020-07-17 00:00:00",0,0,0,0,381301,222517.96666666667,376279.3333333333
"2020-07-18 00:00:00",0,0,206,0,217854,220954.76666666666,366362.4
"2020-07-19 00:00:00",0,0,0,0,342494,226140.96666666667,364943.56666666665
"2020-07-20 00:00:00",0,0,206,0,139707,214909.03333333333,361925.43333333335
"2020-07-21 00:00:00",0,0,0,0,134251,219384.06666666668,339340.4
"2020-07-22 00:00:00",0,0,0,0,263664,212921.13333333333,362314.8
"2020-07-23 00:00:00",0,0,206,0,662834,234607.26666666666,349927.6
"2020-07-24 00:00:00",0,0,0,0,281364,236639,339375.9666666667
"2020-07-25 00:00:00",8796,0,206,0,102968,235406.3,364003.56666666665
"2020-07-26 00:00:00",0,0,0,0,409367,243409.36666666667,358182.5333333333
"2020-07-27 00:00:00",0,0,0,0,309360,248085.73333333334,325877.7
"2020-07-28 00:00:00",0,0,206,0,435269,257008.5,350444.1
"2020-07-29 00:00:00",0,0,0,19,0,247178.8,364199.3333333333
"2020-07-30 00:00:00",0,0,0,0,169069,234743.43333333332,345144.4
"2020-07-31 00:00:00",0,0,0,0,701505,243076.86666666667,369516.3333333333
"2020-08-01 00:00:00",129,0,0,0,276879,243647.96666666667,365561.2
"2020-08-02 00:00:00",0,0,0,0,181550,240559.2,366766.0333333333
"2020-08-03 00:00:00",129,0,0,0,114588,244383.1,375392.4
"2020-08-04 00:00:00",0,0,0,0,132825,244270.2,366571.9
"2020-08-05 00:00:00",0,0,206,0,132994,248710.2,360060.5333333333
"2020-08-06 00:00:00",1903,0,0,0,0,242674.8,370949.4666666667
"2020-08-07 00:00:00",0,0,0,0,12481,238370.46666666667,359936.26666666666
"2020-08-08 00:00:00",0,1415,0,0,851864,262673.9,366739
"2020-08-09 00:00:00",0,0,0,0,127051,255645.1,379716.1
"2020-08-10 00:00:00",0,0,0,0,173424,243134.63333333333,360380.9666666667
"2020-08-11 00:00:00",0,0,0,0,400923,256157.63333333333,364007.26666666666
"2020-08-12 00:00:00",0,0,0,0,328459,261470.63333333333,374834.8
"2020-08-13 00:00:00",0,0,0,0,0,257058.33333333334,376664.6666666667
"2020-08-14 00:00:00",0,0,0,0,266608,256999.83333333334,381636.1666666667
"2020-08-15 00:00:00",0,0,206,0,303891,262279.3,370454.1666666667
"2020-08-16 00:00:00",0,0,0,0,306155,259774.43333333332,370571.6666666667
"2020-08-17 00:00:00",0,0,0,0,286288,262048.66666666666,383778.23333333334
"2020-08-18 00:00:00",0,0,0,0,148787,255591.76666666666,375966.06666666665
"2020-08-19 00:00:00",0,0,206,0,406313,264478.63333333336,383867.5
"2020-08-20 00:00:00",0,0,0,0,0,260003.6,397366.43333333335
"2020-08-21 00:00:00",0,0,0,0,135628,255735.73333333334,386180.06666666665
"2020-08-22 00:00:00",0,1415,0,0,298370,243627.23333333334,402479.9666666667
"2020-08-23 00:00:00",0,0,0,0,123552,238366.83333333334,398450.7
"2020-08-24 00:00:00",0,0,413,0,178094,240584.73333333334,388656.0333333333
"2020-08-25 00:00:00",0,0,0,0,563102,245709.23333333334,403278.36666666664
"2020-08-26 00:00:00",0,0,0,0,0,235397.23333333334,412005.1
"2020-08-27 00:00:00",0,0,0,0,411642,234602.76666666666,401449.6
"2020-08-28 00:00:00",0,0,206,0,0,234609,387840.63333333336
"2020-08-29 00:00:00",0,1415,0,0,581755,248412.36666666667,388043.5333333333
"2020-08-30 00:00:00",0,0,0,0,296317,234906.1,381592.3
"2020-08-31 00:00:00",0,0,206,0,224082,233148.8,368006.63333333336
"2020-09-01 00:00:00",0,0,0,0,280815,236457.63333333333,375080.56666666665
"2020-09-02 00:00:00",0,8237,0,0,270976,241940.83333333334,372170.9
"2020-09-03 00:00:00",0,1415,0,0,427633,251814.93333333332,382610.93333333335
"2020-09-04 00:00:00",0,0,413,0,339421,258702.76666666666,383749.3333333333
"2020-09-05 00:00:00",0,0,0,0,44171,260111.7,370785.7
"2020-09-06 00:00:00",0,0,0,0,291732,269420.06666666665,388227.3
"2020-09-07 00:00:00",0,0,0,0,136632,245531.83333333334,371202.93333333335
"2020-09-08 00:00:00",0,0,0,0,139307,245940.36666666667,359114.43333333335
"2020-09-09 00:00:00",0,0,206,0,131816,244560.3,357858.5
"2020-09-10 00:00:00",0,0,0,0,555212,249703.26666666666,339384.63333333336
"2020-09-11 00:00:00",0,0,206,0,297069,248663.8,339665.23333333334
"2020-09-12 00:00:00",0,0,0,0,19209,249304.1,332369.6
"2020-09-13 00:00:00",0,0,0,0,425371,254596.2,333304.6
"2020-09-14 00:00:00",0,0,0,0,295567,254311.86666666667,337888.06666666665
"2020-09-15 00:00:00",0,0,0,0,149160,249078.7,344976.1
"2020-09-16 00:00:00",0,0,943,19,151035,244602.33333333334,346774.6
"2020-09-17 00:00:00",1719,0,0,0,173424,245480.86666666667,357390.5
"2020-09-18 00:00:00",0,0,277,0,65002,234106.2,353078.26666666666
"2020-09-19 00:00:00",0,0,6550,0,525627,251845.43333333332,348119.5333333333
"2020-09-20 00:00:00",0,1415,0,0,140996,252071.53333333333,343435.93333333335
"2020-09-21 00:00:00",0,0,0,0,319848,252740.3,326987.8333333333
"2020-09-22 00:00:00",0,0,206,0,271014,257662.6,345143.7
"2020-09-23 00:00:00",0,0,0,0,524512,269196.1,326669.0333333333
"2020-09-24 00:00:00",0,0,0,0,181550,256477.7,316065.0333333333
"2020-09-25 00:00:00",0,0,0,0,178044,262412.5,325460.23333333334
"2020-09-26 00:00:00",0,0,0,0,183657,254813,325188.23333333334
"2020-09-27 00:00:00",0,0,0,0,169069,260441.76666666666,345255.76666666666
"2020-09-28 00:00:00",0,0,0,0,258505,249619.6,340994.9
"2020-09-29 00:00:00",0,0,0,0,27031,240643.4,328375.06666666665
"2020-09-30 00:00:00",129,0,0,0,132369,237583.7,337417.56666666665
"2020-10-01 00:00:00",567,0,0,0,266881,237138.13333333333,333573.43333333335
"2020-10-02 00:00:00",0,0,0,0,267977,236763.6,327263.6666666667
"2020-10-03 00:00:00",0,0,0,0,695164,245634.13333333333,319472.3
"2020-10-04 00:00:00",129,0,0,0,166721,239868,323069.23333333334
"2020-10-05 00:00:00",0,0,0,19,291170,248101.93333333332,334791.8
"2020-10-06 00:00:00",0,0,0,0,698750,261669.2,316398.63333333336
"2020-10-07 00:00:00",0,0,0,0,178044,263049.6,334293.9666666667
"2020-10-08 00:00:00",0,0,206,0,131481,262795.6,337485.63333333336
"2020-10-09 00:00:00",0,0,0,0,391953,271459.9666666667,355999.4
"2020-10-10 00:00:00",0,0,0,0,0,252952.9,364739.36666666664
"2020-10-11 00:00:00",0,0,0,0,639015,264344.23333333334,352854.1
"2020-10-12 00:00:00",0,0,0,0,367291,275946.9666666667,345742.26666666666
"2020-10-13 00:00:00",0,0,0,0,16697,262324.5,351377.93333333335
"2020-10-14 00:00:00",0,0,0,0,637265,273714.43333333335,359474.8333333333
"2020-10-15 00:00:00",0,0,0,0,134430,273223.43333333335,359394.2
"2020-10-16 00:00:00",426,0,0,0,336342,279382.4666666667,361038.36666666664
"2020-10-17 00:00:00",0,0,0,0,0,273544.36666666664,360802.1
"2020-10-18 00:00:00",129,0,206,0,714340,295190.93333333335,351577.26666666666
"2020-10-19 00:00:00",0,0,0,0,93458,280566.9666666667,351356.5333333333
"2020-10-20 00:00:00",0,1415,0,0,251831,284261.4666666667,347113.9
"2020-10-21 00:00:00",0,0,0,0,284439,283081.1666666667,346375.36666666664
"2020-10-22 00:00:00",0,530,0,0,589241,293699.5333333333,346393.4666666667
"2020-10-23 00:00:00",0,0,0,0,144112,281019.5333333333,359753.3333333333
"2020-10-24 00:00:00",0,0,496,0,456243,290192.5,361961.3333333333
"2020-10-25 00:00:00",0,0,0,0,269277,293233.6,354106.9
"2020-10-26 00:00:00",0,0,0,0,494810,303605.36666666664,338924.3333333333
"2020-10-27 00:00:00",0,0,0,0,392183,311042.5,339363.4
"2020-10-28 00:00:00",0,0,0,0,0,302425.6666666667,348730.1666666667
"2020-10-29 00:00:00",0,0,0,19,496542,318076.6666666667,349112.1
"2020-10-30 00:00:00",0,0,0,0,384731,326484.43333333335,354856.4666666667
"2020-10-31 00:00:00",1349,0,325,0,135347,322136.86666666664,345317.43333333335
"2020-11-01 00:00:00",0,1415,0,0,403369,326697.1,351729.1666666667
"2020-11-02 00:00:00",0,0,0,0,481494,319574.76666666666,361573.36666666664
"2020-11-03 00:00:00",0,0,206,0,173534,319804.43333333335,368340
"2020-11-04 00:00:00",0,0,0,0,190525,316448.9666666667,359273.4
"2020-11-05 00:00:00",0,0,206,0,0,293164.1666666667,364043.1666666667
"2020-11-06 00:00:00",0,0,0,0,41630,288617.0333333333,360635.73333333334
"2020-11-07 00:00:00",0,0,0,0,411201,297934.1666666667,362091.36666666664
"2020-11-08 00:00:00",129,0,0,0,593894,304669.8333333333,357195.0333333333
"2020-11-09 00:00:00",0,0,799,0,181550,310748.13333333336,362457.9666666667
"2020-11-10 00:00:00",0,0,0,0,297851,299376,362674.56666666665
"2020-11-11 00:00:00",0,0,0,0,0,287132.9666666667,372765.06666666665
"2020-11-12 00:00:00",129,0,0,0,277012,295814.43333333335,361077.73333333334
"2020-11-13 00:00:00",0,0,0,0,478349,290517.23333333334,356555.36666666664
"2020-11-14 00:00:00",0,0,0,0,335962,297234.9666666667,343549.43333333335
"2020-11-15 00:00:00",0,0,0,0,0,286009.36666666664,343872.43333333335
"2020-11-16 00:00:00",0,0,0,0,288316,295619.9,328620.36666666664
"2020-11-17 00:00:00",0,0,0,0,471876,287526.56666666665,351922.6666666667
"2020-11-18 00:00:00",0,0,206,0,413125,298189.0333333333,353680.2
"2020-11-19 00:00:00",0,0,0,0,0,289747.5,357329.26666666666
"2020-11-20 00:00:00",0,0,0,0,891945,309997.7,363750.63333333336
"2020-11-21 00:00:00",0,0,0,0,0,290338.63333333336,359822.3
"2020-11-22 00:00:00",0,1415,0,0,179302,291558.8,346403.13333333336
"2020-11-23 00:00:00",609,0,0,0,21010,277054.8333333333,351052.93333333335
"2020-11-24 00:00:00",0,0,0,0,316546,278630.4666666667,360508.8333333333
"2020-11-25 00:00:00",0,0,0,0,569835,281131.3,370960.2
"2020-11-26 00:00:00",0,0,206,0,8975,268364.6,363184.1666666667
"2020-11-27 00:00:00",0,1415,0,0,169069,274047.4,352444.56666666665
"2020-11-28 00:00:00",0,0,0,0,12481,257911.4,362917.63333333336
"2020-11-29 00:00:00",0,0,0,0,169069,250722.66666666666,380659.1666666667
"2020-11-30 00:00:00",0,1415,0,0,298258,256144.4,394738.5333333333
"2020-12-01 00:00:00",0,1415,0,0,523291,260141.8,406248.26666666666
"2020-12-02 00:00:00",0,0,0,0,391612,257145.73333333334,396891.6666666667
"2020-12-03 00:00:00",0,0,0,0,338139,262625.6666666667,382148.5
"2020-12-04 00:00:00",0,0,0,0,273140,265379.5,393817.13333333336
"2020-12-05 00:00:00",129,0,0,0,309895,275706.76666666666,384295.6666666667
"2020-12-06 00:00:00",0,0,0,0,0,274319.1,369803.4666666667
"2020-12-07 00:00:00",0,1415,0,0,538721,278616.93333333335,381219.36666666664
"2020-12-08 00:00:00",0,0,0,0,365347,270994.4,375705.1
"2020-12-09 00:00:00",129,0,0,0,145709,269777.36666666664,373026.9666666667
"2020-12-10 00:00:00",0,0,0,0,274637,269003.56666666665,375741.23333333334
"2020-12-11 00:00:00",0,0,0,0,463825,284464.4,376693.86666666664
"2020-12-12 00:00:00",0,0,0,0,426107,289429.93333333335,383161.56666666665
"2020-12-13 00:00:00",0,0,0,0,307331,283729.3333333333,410112
"2020-12-14 00:00:00",129,0,0,0,198221,279142.26666666666,405232.4
"2020-12-15 00:00:00",0,0,0,0,143589,283928.56666666665,388361.4
"2020-12-16 00:00:00",0,0,206,0,12481,274740.93333333335,388871.76666666666
"2020-12-17 00:00:00",0,0,0,0,270855,268040.23333333334,377004.73333333334
"2020-12-18 00:00:00",0,0,0,0,12481,254678.53333333333,390109.8333333333
"2020-12-19 00:00:00",0,0,0,0,507669,271600.8333333333,387294.8333333333
"2020-12-20 00:00:00",0,0,0,0,262645,250624.16666666666,390343.76666666666
"2020-12-21 00:00:00",0,0,0,0,538821,268584.86666666664,381171.63333333336
"2020-12-22 00:00:00",3363,1415,0,0,169069,268355.9,396532.0333333333
"2020-12-23 00:00:00",129,10731,413,0,0,268011.0333333333,400130.8333333333
"2020-12-24 00:00:00",0,1415,0,0,566276,276382.5333333333,382850.1
"2020-12-25 00:00:00",0,0,0,0,717146,281292.9,372412.43333333335
"2020-12-26 00:00:00",0,2830,0,0,8975,281380.3333333333,369781.06666666665
"2020-12-27 00:00:00",0,0,0,0,0,275697.5333333333,374403.86666666664
"2020-12-28 00:00:00",0,21776,0,0,559700,294664.06666666665,358717.4666666667
"2020-12-29 00:00:00",0,0,0,0,145736,293886.3,338678.5
"2020-12-30 00:00:00",0,0,0,0,12481,284313.23333333334,324115.06666666665
"2020-12-31 00:00:00",0,1415,0,0,791950,293268.5333333333,304700.6666666667
"2021-01-01 00:00:00",0,0,0,0,290032,289882.5333333333,304073.6666666667
"2021-01-02 00:00:00",0,0,0,0,0,278611.23333333334,311026.06666666665
"2021-01-03 00:00:00",0,0,0,0,287151,279078.26666666666,301439.76666666666
"2021-01-04 00:00:00",0,0,0,0,438099,283347.43333333335,302379.26666666666
"2021-01-05 00:00:00",0,0,206,0,390324,296365.1,330718.1
"2021-01-06 00:00:00",0,0,0,0,287744,287952.0333333333,313430.0333333333
"2021-01-07 00:00:00",0,0,0,0,147294,280683.6,317110.93333333335
"2021-01-08 00:00:00",0,0,0,0,617458,296404.26666666666,327555.23333333334
"2021-01-09 00:00:00",0,0,0,0,0,287249.7,313928.93333333335
"2021-01-10 00:00:00",129,0,0,0,351950,283524.8333333333,302740.26666666666
"2021-01-11 00:00:00",0,1415,206,0,319034,280009.8,308232.36666666664
"2021-01-12 00:00:00",0,0,0,0,0,269765.43333333335,304893.26666666666
"2021-01-13 00:00:00",0,0,0,0,507689,280076.73333333334,306761.13333333336
"2021-01-14 00:00:00",0,0,206,0,0,275297.3,321381.26666666666
"2021-01-15 00:00:00",0,548,206,0,151318,279943.5,343491.8
"2021-01-16 00:00:00",0,0,0,0,303532,281032.73333333334,332519.73333333334
"2021-01-17 00:00:00",3127,1415,0,0,169069,286403.73333333334,313778.9666666667
"2021-01-18 00:00:00",0,0,0,0,24962,270313.5,325171.26666666666
"2021-01-19 00:00:00",0,0,0,0,0,261558.66666666666,316443.8
"2021-01-20 00:00:00",0,5371,0,0,12481,244193.06666666668,311517.8333333333
"2021-01-21 00:00:00",0,0,0,0,181550,244449.8,295706.36666666664
"2021-01-22 00:00:00",0,0,0,0,265560,252926,280840.56666666665
"2021-01-23 00:00:00",0,0,0,0,289457,243651.53333333333,287825.93333333335
"2021-01-24 00:00:00",4030,0,0,0,0,219881,287831.8333333333
"2021-01-25 00:00:00",0,0,0,0,0,219487.5,273167
"2021-01-26 00:00:00",129,1415,0,0,146546,224423.83333333334,279593.3333333333
"2021-01-27 00:00:00",0,0,0,0,12481,205457.3,289667.76666666666
"2021-01-28 00:00:00",0,0,0,0,281349,209977.73333333334,300670.1666666667
"2021-01-29 00:00:00",0,1415,0,0,0,209608.86666666667,300623
"2021-01-30 00:00:00",0,0,0,0,12481,183579.4,303978.7
"2021-01-31 00:00:00",0,0,0,0,0,173911.66666666666,310281.6666666667
"2021-02-01 00:00:00",0,0,206,0,267598,182838.46666666667,303326.7
"2021-02-02 00:00:00",0,0,0,0,0,173266.76666666666,292008.23333333334
"2021-02-03 00:00:00",0,0,0,0,8975,158962.63333333333,296704.36666666664
"2021-02-04 00:00:00",0,24114,0,0,194031,153216.5,276149.93333333335
"2021-02-05 00:00:00",0,0,0,0,108015,147225.53333333333,281899.76666666666
"2021-02-06 00:00:00",0,0,206,0,45057,143824.53333333333,265087.13333333336
"2021-02-07 00:00:00",0,0,0,0,130930,127606.93333333333,250677.63333333333
"2021-02-08 00:00:00",0,0,0,0,12311,128017.3,262086.43333333332
"2021-02-09 00:00:00",0,0,0,0,207975,123213.83333333333,256511.23333333334
"2021-02-10 00:00:00",0,0,0,0,399093,125828.4,254011.46666666667
"2021-02-11 00:00:00",0,0,0,0,418104,139765.2,224909.63333333333
"2021-02-12 00:00:00",0,0,0,0,263045,131610.4,233719.5
"2021-02-13 00:00:00",0,0,0,0,276024,140804.33333333334,224633.76666666666
"2021-02-14 00:00:00",0,0,0,0,272527,144819.46666666667,214248.4
"2021-02-15 00:00:00",0,0,0,0,57609,136622.03333333333,225524
"2021-02-16 00:00:00",0,0,1263,0,443034,145644.9,234557.83333333334
"2021-02-17 00:00:00",0,0,0,0,148836,149774.03333333333,230382.9
"2021-02-18 00:00:00",0,0,0,0,152903,154870.8,230378.6
"2021-02-19 00:00:00",0,0,206,0,28857,155244.5,233074.93333333332
"2021-02-20 00:00:00",0,0,0,0,554000,167659.5,245769.2
"2021-02-21 00:00:00",0,0,0,0,755799,184000.8,251638.3
"2021-02-22 00:00:00",0,0,0,0,350198,186025.5,261289.96666666667
"2021-02-23 00:00:00",0,0,0,0,32654,186979.63333333333,277421.63333333336
"2021-02-24 00:00:00",0,0,0,0,553094,205416.1,281789.3333333333
"2021-02-25 00:00:00",0,0,0,0,181550,206531.43333333332,266323.4
"2021-02-26 00:00:00",0,0,0,0,625529,226966.36666666667,265019.06666666665
"2021-02-27 00:00:00",0,0,0,0,434273,232063.83333333334,257004.93333333332
"2021-02-28 00:00:00",0,1415,0,0,326659,242952.46666666667,266825.4666666667
"2021-03-01 00:00:00",0,0,0,0,311656,252924.96666666667,268092.06666666665
"2021-03-02 00:00:00",0,0,0,0,478004,268858.43333333335,271715.8333333333
"2021-03-03 00:00:00",0,0,0,0,368447,272213.2,279394.0333333333
"2021-03-04 00:00:00",0,1415,0,0,509987,289259.93333333335,279394.0333333333
"2021-03-05 00:00:00",0,0,0,0,12481,289376.8,283119.1666666667
"2021-03-06 00:00:00",0,0,0,0,474659,297927.23333333334,292241.73333333334
"2021-03-07 00:00:00",129,1415,0,0,392492,307461.26666666666,291205.73333333334
"2021-03-08 00:00:00",0,0,0,0,467410,321532.8,296898.1
"2021-03-09 00:00:00",946,0,0,0,144957,322031.9,312251.4
"2021-03-10 00:00:00",0,1415,0,0,436652,336223.76666666666,312255.7
"2021-03-11 00:00:00",0,0,0,0,314926,339788.8,312255.7
"2021-03-12 00:00:00",0,0,0,0,130238,330826.9666666667,318499.5333333333
"2021-03-13 00:00:00",0,0,0,0,412314,330633.9666666667,332195.1
"2021-03-14 00:00:00",0,0,0,0,652811,343626.1666666667,320575.6
"2021-03-15 00:00:00",0,0,0,0,140458,339107.3,339057.23333333334
"2021-03-16 00:00:00",129,0,0,0,467784,345620.1666666667,332744
"2021-03-17 00:00:00",0,0,0,0,161853,349094.9666666667,330058.9
"2021-03-18 00:00:00",0,0,0,0,432555,348703.56666666665,324421.2
"2021-03-19 00:00:00",129,0,0,0,163039,349181.3,323885.7
"2021-03-20 00:00:00",0,0,0,0,139572,348736.93333333335,327288.23333333334
"2021-03-21 00:00:00",0,0,0,0,554727,366259.0333333333,329731.4666666667
"2021-03-22 00:00:00",0,0,0,0,109653,351447.4666666667,316766.3333333333
"2021-03-23 00:00:00",0,0,0,0,193861,332716.2,325252.3333333333
"2021-03-24 00:00:00",0,0,206,0,302011,331116.86666666664,335842.6
"2021-03-25 00:00:00",129,0,206,0,457921,345303.63333333336,325313
"2021-03-26 00:00:00",0,0,0,0,245628,335054.76666666666,333838.3
"2021-03-27 00:00:00",0,0,0,0,8262,329278.5,343611.5333333333
"2021-03-28 00:00:00",129,0,0,0,214048,315566.8,348917.13333333336
"2021-03-29 00:00:00",0,0,0,0,583566,320543.23333333334,338116.76666666666
"2021-03-30 00:00:00",129,1415,0,0,306674,319881.36666666664,345139.26666666666
"2021-03-31 00:00:00",0,0,0,0,543080,327595.5,350081.43333333335
"2021-04-01 00:00:00",0,0,0,0,350715,323352.5333333333,340012.5333333333
"2021-04-02 00:00:00",0,0,0,0,516203,328277.73333333334,342600.8
"2021-04-03 00:00:00",0,0,0,0,0,311231,347035.76666666666
"2021-04-04 00:00:00",0,0,0,0,146110,315685.3,342163.7
"2021-04-05 00:00:00",0,0,0,0,286702,309420.06666666665,336630.5
"2021-04-06 00:00:00",129,0,0,0,140143,300961.26666666666,342641.3333333333
"2021-04-07 00:00:00",0,0,0,0,270746,294405.8,341812.73333333334
"2021-04-08 00:00:00",2152,0,206,0,323852,300416.06666666665,328005.2
"2021-04-09 00:00:00",0,0,0,0,159018,291114.43333333335,315757.86666666664
"2021-04-10 00:00:00",0,0,824,0,209190,287617.4,334383.1666666667
"2021-04-11 00:00:00",0,0,0,0,354231,295083.8333333333,328528.4
"2021-04-12 00:00:00",0,0,0,0,265157,290178.6,313830.76666666666
"2021-04-13 00:00:00",0,0,0,0,145417,273265.4666666667,318349.6666666667
"2021-04-14 00:00:00",0,0,0,0,485302,284760.26666666666,313542.56666666665
"2021-04-15 00:00:00",0,0,0,0,408577,282782.4,331595
"2021-04-16 00:00:00",129,0,0,0,21456,278106.8333333333,327056.76666666666
"2021-04-17 00:00:00",0,0,0,0,583131,283126.0333333333,328027.9666666667
"2021-04-18 00:00:00",0,0,0,0,196123,284224.5333333333,324726.93333333335
"2021-04-19 00:00:00",0,1415,0,0,284734,289110.43333333335,340371.9
"2021-04-20 00:00:00",0,0,0,0,539890,288615.86666666664,350964.8
"2021-04-21 00:00:00",0,0,0,0,108997,288594,359770.3
"2021-04-22 00:00:00",2286,1415,0,0,419583,296241.43333333335,353985.06666666665
"2021-04-23 00:00:00",0,0,206,0,30407,287187.9666666667,343013.36666666664
"2021-04-24 00:00:00",0,0,0,0,462589,287332.36666666664,342615.9666666667
"2021-04-25 00:00:00",0,2830,0,0,61545,281290.6,330557.13333333336
"2021-04-26 00:00:00",0,0,0,0,655493,302864.9666666667,332452.56666666665
"2021-04-27 00:00:00",0,0,0,0,12481,296141.73333333334,327678.6
"2021-04-28 00:00:00",0,1415,989,0,357674,288692.13333333336,347979.26666666666
"2021-04-29 00:00:00",0,0,0,0,346727,289975.76666666666,351294.2
"2021-04-30 00:00:00",0,0,0,0,290053,281541.5333333333,334115.9
"2021-05-01 00:00:00",0,0,0,0,320525,280535.2,342913.36666666664
"2021-05-02 00:00:00",129,1415,0,0,0,263379.9,336067.7
"2021-05-03 00:00:00",0,0,0,0,706630,286934.23333333334,336173.4
"2021-05-04 00:00:00",0,0,0,0,282140,291468.56666666665,336969.6666666667
"2021-05-05 00:00:00",0,0,0,0,101088,285281.43333333335,325553.0333333333
"2021-05-06 00:00:00",0,1415,165,0,325313,291502.13333333336,336069.4666666667
"2021-05-07 00:00:00",1703,0,0,0,553295,300977.2,345969.3333333333
"2021-05-08 00:00:00",0,0,0,0,0,290103.5,342651.86666666664
"2021-05-09 00:00:00",0,0,0,0,366233,297010.6666666667,358954.2
"2021-05-10 00:00:00",0,0,0,0,119746,294001.7,345027.5
"2021-05-11 00:00:00",129,0,0,0,281184,291571.1,353037.4666666667
"2021-05-12 00:00:00",0,0,0,0,137435,287313.7,352682.73333333334
"2021-05-13 00:00:00",0,0,0,0,284617,291953.7,354914.93333333335
"2021-05-14 00:00:00",0,0,114,0,421059,289816.06666666665,354659.86666666664
"2021-05-15 00:00:00",0,0,0,0,435023,290697.6,336320.76666666666
"2021-05-16 00:00:00",0,0,0,0,0,289978.06666666665,334888.23333333334
"2021-05-17 00:00:00",0,0,0,0,301609,280594,332861
"2021-05-18 00:00:00",0,0,0,0,258146,282661.43333333335,337411.73333333334
"2021-05-19 00:00:00",129,0,244,0,126039,277336.9,326822.5333333333
"2021-05-20 00:00:00",0,0,0,0,423503,273457.3333333333,323033.7
"2021-05-21 00:00:00",0,0,0,0,731596,294210.63333333336,318584.73333333334
"2021-05-22 00:00:00",0,0,413,0,139768,284773.86666666664,328442.1
"2021-05-23 00:00:00",0,0,0,0,175403,289600.1666666667,314379.9666666667
"2021-05-24 00:00:00",0,0,0,0,294230,283988.2,317801.6666666667
"2021-05-25 00:00:00",0,0,0,0,535811,299702.73333333334,334273.06666666665
"2021-05-26 00:00:00",0,0,0,0,379761,290511.6666666667,328094.86666666664
"2021-05-27 00:00:00",0,0,0,0,169069,295731.26666666666,318323.6666666667
"2021-05-28 00:00:00",0,0,0,0,498169,300334.3,307763.4666666667
"2021-05-29 00:00:00",0,0,0,0,89789,291769.7,296485.06666666665
"2021-05-30 00:00:00",0,0,0,0,574662,301256.6666666667,305892.0333333333
"2021-05-31 00:00:00",0,0,0,19,436026,305107.3333333333,302350.5333333333
"2021-06-01 00:00:00",0,0,0,0,140958,309754.4666666667,298366.93333333335
"2021-06-02 00:00:00",129,0,0,0,329761,297196.5,302455.5333333333
"2021-06-03 00:00:00",0,0,206,0,141362,292510.76666666666,303226.5333333333
"2021-06-04 00:00:00",0,0,0,0,566373,308020.26666666666,322201.9666666667
"2021-06-05 00:00:00",1136,0,0,0,138570,301780.7,306647.86666666664
"2021-06-06 00:00:00",129,0,0,0,383366,296063.93333333335,297425.5333333333
"2021-06-07 00:00:00",0,0,0,0,279438,305378.5333333333,301565.36666666664
"2021-06-08 00:00:00",0,0,0,0,167215,298744.6,294182.5333333333
"2021-06-09 00:00:00",0,0,0,0,409989,308419.36666666664,304038.6666666667
"2021-06-10 00:00:00",0,1415,0,0,229866,306751.63333333336,290183.8
"2021-06-11 00:00:00",0,0,0,0,329098,313140.4,285760.43333333335
"2021-06-12 00:00:00",129,0,0,0,584486,323140.3333333333,293901.0333333333
"2021-06-13 00:00:00",0,0,0,0,280236,318442.43333333335,280481.56666666665
"2021-06-14 00:00:00",0,0,206,0,143989,308748.1666666667,290543.23333333334
"2021-06-15 00:00:00",129,0,0,0,244373,316898.23333333334,291905.43333333335
"2021-06-16 00:00:00",0,0,0,0,616895,327407.76666666666,301740.76666666666
"2021-06-17 00:00:00",0,0,0,0,12481,319218.93333333335,287030.5
"2021-06-18 00:00:00",0,0,0,0,280988,324371.43333333335,281768.4666666667
"2021-06-19 00:00:00",0,0,0,0,326469,321136.9666666667,270419.4666666667
"2021-06-20 00:00:00",0,0,0,0,0,296750.43333333335,281813.4666666667
"2021-06-21 00:00:00",0,0,0,0,182994,298177.5333333333,263381.93333333335
"2021-06-22 00:00:00",567,0,0,0,171248,298057.93333333335,272993.73333333334
"2021-06-23 00:00:00",0,0,0,0,450911,303280.63333333336,264351.6
"2021-06-24 00:00:00",129,0,0,0,151287,290467.4666666667,253796.83333333334
"2021-06-25 00:00:00",0,0,0,0,210893,284838.5333333333,253126.23333333334
"2021-06-26 00:00:00",0,1415,206,0,467178,294829.56666666665,258768.73333333334
"2021-06-27 00:00:00",0,1415,0,0,244012,286404.8333333333,249570.53333333333
"2021-06-28 00:00:00",0,0,0,0,459588,298731.4666666667,246284.06666666668
"2021-06-29 00:00:00",0,0,0,0,436538,294127.3333333333,246401.36666666667
"2021-06-30 00:00:00",0,0,0,0,300095,289595.6666666667,254343.06666666668
"2021-07-01 00:00:00",0,0,0,0,465738,300421.6666666667,264316
"2021-07-02 00:00:00",129,0,0,0,142350,294174.6,264349.23333333334
"2021-07-03 00:00:00",0,1415,0,0,0,289502.8333333333,267433.7
"2021-07-04 00:00:00",0,0,0,0,615513,291140.8333333333,248453.96666666667
"2021-07-05 00:00:00",129,0,0,0,181550,292539.93333333335,242588.33333333334
"2021-07-06 00:00:00",0,0,0,0,428956,294055.3,236952.7
"2021-07-07 00:00:00",0,0,0,0,329845,295735.5333333333,233276.06666666668
"2021-07-08 00:00:00",0,0,0,0,288702,299785.1,229076.93333333332
"2021-07-09 00:00:00",0,0,0,0,190309,292462.43333333335,218553.8
"2021-07-10 00:00:00",0,1415,0,0,381232,297507.9666666667,225813.43333333332
"2021-07-11 00:00:00",0,0,0,0,702897,309967.93333333335,244104.06666666668
"2021-07-12 00:00:00",129,0,0,0,39474,291800.86666666664,229553.46666666667
"2021-07-13 00:00:00",129,0,0,0,208428,289411.6,229553.46666666667
"2021-07-14 00:00:00",0,0,0,0,301853,294666.86666666664,218268.46666666667
"2021-07-15 00:00:00",0,0,0,0,497059,303085.43333333335,222768.76666666666
"2021-07-16 00:00:00",0,0,0,19,284060,291991.56666666665,209814.8
"2021-07-17 00:00:00",0,0,0,0,666591,313795.23333333334,222517.96666666667
"2021-07-18 00:00:00",129,0,0,0,283164,313872.06666666665,220954.76666666666
"2021-07-19 00:00:00",0,0,0,0,454451,318138.13333333336,226140.96666666667
"2021-07-20 00:00:00",0,0,0,0,259519,326788.76666666666,214909.03333333333
"2021-07-21 00:00:00",0,0,0,0,281210,330062.63333333336,219384.06666666668
"2021-07-22 00:00:00",0,0,0,0,180818,330362.73333333334,212921.13333333333
"2021-07-23 00:00:00",0,0,0,0,205774,322191.5,234607.26666666666
"2021-07-24 00:00:00",0,0,0,0,265481,325993.6666666667,236639
"2021-07-25 00:00:00",0,0,0,0,412533,332715,235406.3
"2021-07-26 00:00:00",0,0,0,0,197208,323661.93333333335,243409.36666666667
"2021-07-27 00:00:00",0,0,0,0,156806,320707.9,248085.73333333334
"2021-07-28 00:00:00",0,0,0,0,151667,310443.86666666664,257008.5
"2021-07-29 00:00:00",0,0,206,0,581306,315276.3333333333,247178.8
"2021-07-30 00:00:00",0,1415,0,0,19745,305978.5,234743.43333333332
"2021-07-31 00:00:00",0,0,206,0,364678,302616.73333333334,243076.86666666667
"2021-08-01 00:00:00",0,0,0,0,186604,304087.56666666665,243647.96666666667
"2021-08-02 00:00:00",129,0,0,0,253572,312497.1,240559.2
"2021-08-03 00:00:00",0,0,0,0,906220,322187.3333333333,244383.1
"2021-08-04 00:00:00",0,0,0,0,156719,321355.3333333333,244270.2
"2021-08-05 00:00:00",0,0,0,0,114282,310866.2,248710.2
"2021-08-06 00:00:00",0,0,0,0,296931,309769.06666666665,242674.8
"2021-08-07 00:00:00",0,0,0,0,608377,320424.9,238370.46666666667
"2021-08-08 00:00:00",0,0,0,0,300905,324111.43333333335,262673.9
"2021-08-09 00:00:00",129,0,0,0,278276,320636.7,255645.1
"2021-08-10 00:00:00",0,0,0,0,141379,301919.43333333335,243134.63333333333
"2021-08-11 00:00:00",0,0,0,0,99751,303924.36666666664,256157.63333333333
"2021-08-12 00:00:00",0,0,206,0,389790,309972.3,261470.63333333333
"2021-08-13 00:00:00",0,0,0,0,378666,312532.73333333334,257058.33333333334
"2021-08-14 00:00:00",0,0,0,0,139131,300601.8,256999.83333333334
"2021-08-15 00:00:00",0,0,0,0,263094,299902.3,262279.3
"2021-08-16 00:00:00",0,0,0,0,464438,293163.86666666664,259774.43333333332
"2021-08-17 00:00:00",0,0,0,0,430939,298085.4,262048.66666666666
"2021-08-18 00:00:00",0,0,206,0,290778,292636.5333333333,255591.76666666666
"2021-08-19 00:00:00",0,0,0,19,444346,298798.06666666665,264478.63333333336
"2021-08-20 00:00:00",8697,0,0,0,173551,295499.3333333333,260003.6
"2021-08-21 00:00:00",129,0,0,0,562454,308224.8333333333,255735.73333333334
"2021-08-22 00:00:00",0,1415,0,0,273130,310517.2,243627.23333333334
"2021-08-23 00:00:00",15009,0,0,0,215746,309359.6666666667,238366.83333333334
"2021-08-24 00:00:00",0,0,0,0,725630,319796.23333333334,240584.73333333334
"2021-08-25 00:00:00",1773,0,206,0,37031,314523,245709.23333333334
"2021-08-26 00:00:00",0,0,0,0,269077,318265.36666666664,235397.23333333334
"2021-08-27 00:00:00",0,0,206,0,322355,323961.8333333333,234602.76666666666
"2021-08-28 00:00:00",0,3684,212,0,591699,324431.26666666666,234609
"2021-08-29 00:00:00",0,0,413,19,325765,334599.2,248412.36666666667
"2021-08-30 00:00:00",0,0,0,0,323408,333216.63333333336,234906.1
"2021-08-31 00:00:00",0,0,0,0,592733,346754.26666666666,233148.8
"2021-09-01 00:00:00",0,0,206,0,576411,357518.1666666667,236457.63333333333
"2021-09-02 00:00:00",0,0,0,0,165432,332825.23333333334,241940.83333333334
"2021-09-03 00:00:00",0,26671,0,0,453130,343594.63333333336,251814.93333333332
"2021-09-04 00:00:00",0,0,206,0,181550,345843.76666666666,258702.76666666666
"2021-09-05 00:00:00",0,0,206,0,299490,345935.93333333335,260111.7
"2021-09-06 00:00:00",129,0,1789,0,527198,343293.9666666667,269420.06666666665
"2021-09-07 00:00:00",0,0,0,0,169534,338914.93333333335,245531.83333333334
"2021-09-08 00:00:00",0,0,0,0,532387,347381,245940.36666666667
"2021-09-09 00:00:00",0,0,0,0,278621,351955.73333333334,244560.3
"2021-09-10 00:00:00",129,0,0,0,134354,353113.4666666667,249703.26666666666
"2021-09-11 00:00:00",0,0,0,0,612384,360526.4,248663.8
"2021-09-12 00:00:00",0,0,0,0,288702,357527.6,249304.1
"2021-09-13 00:00:00",0,0,0,0,403390,366336.23333333334,254596.2
"2021-09-14 00:00:00",0,0,0,0,168004,363166.56666666665,254311.86666666667
"2021-09-15 00:00:00",129,0,0,0,440995,362389.43333333335,249078.7
"2021-09-16 00:00:00",0,0,0,0,562226,366765.6666666667,244602.33333333334
"2021-09-17 00:00:00",0,0,206,0,199320,363717.06666666665,245480.86666666667
"2021-09-18 00:00:00",129,0,0,0,393557,362027.8,234106.2
"2021-09-19 00:00:00",0,0,206,0,441034,370660.86666666664,251845.43333333332
"2021-09-20 00:00:00",0,0,0,0,631530,372959.1,252071.53333333333
"2021-09-21 00:00:00",129,0,2559,0,280730,373254.9,252740.3
"2021-09-22 00:00:00",0,4612,0,0,99858,369045.4,257662.6
"2021-09-23 00:00:00",0,0,0,0,185658,351046.3333333333,269196.1
"2021-09-24 00:00:00",0,0,0,0,440175,364418.4666666667,256477.7
"2021-09-25 00:00:00",0,0,0,0,584869,374944.86666666664,262412.5
"2021-09-26 00:00:00",0,0,206,0,164458,369681.63333333336,254813
"2021-09-27 00:00:00",0,0,0,0,484892,365991.5333333333,260441.76666666666
"2021-09-28 00:00:00",0,0,0,0,0,355118.26666666666,249619.6
"2021-09-29 00:00:00",10935,0,0,0,298083,354638.6,240643.4
"2021-09-30 00:00:00",0,0,0,0,730522,359231.56666666665,237583.7
"2021-10-01 00:00:00",0,1415,0,0,171171,345763.8333333333,237138.13333333333
"2021-10-02 00:00:00",0,0,0,0,438780,354875.43333333335,236763.6
"2021-10-03 00:00:00",0,0,0,0,290442,348563.4666666667,245634.13333333333
"2021-10-04 00:00:00",0,0,0,0,303029,352605.9,239868
"2021-10-05 00:00:00",0,0,0,0,708331,366227.06666666665,248101.93333333332
"2021-10-06 00:00:00",129,0,0,0,159089,353897.06666666665,261669.2
"2021-10-07 00:00:00",0,0,0,0,652285,369988.76666666666,263049.6
"2021-10-08 00:00:00",0,0,413,0,279515,361573.5,262795.6
"2021-10-09 00:00:00",0,0,0,0,609488,372602.4,271459.9666666667
"2021-10-10 00:00:00",0,0,0,0,150202,373126.36666666664,252952.9
"2021-10-11 00:00:00",129,0,206,0,451957,367790.0333333333,264344.23333333334
"2021-10-12 00:00:00",0,0,0,0,255796,366693.1666666667,275946.9666666667
"2021-10-13 00:00:00",0,0,0,0,317364,363825.63333333336,262324.5
"2021-10-14 00:00:00",4117,0,0,0,284576,367848.6,273714.43333333335
"2021-10-15 00:00:00",0,0,0,0,232754,360902.93333333335,273223.43333333335
"2021-10-16 00:00:00",0,0,0,0,107071,345731.1,279382.4666666667
"2021-10-17 00:00:00",0,0,0,0,322009,349813.8333333333,273544.36666666664
"2021-10-18 00:00:00",0,0,0,0,451821,351751.63333333336,295190.93333333335
"2021-10-19 00:00:00",0,0,0,0,577095,356280.13333333336,280566.9666666667
"2021-10-20 00:00:00",0,0,0,0,0,335229.13333333336,284261.4666666667
"2021-10-21 00:00:00",0,0,0,0,256971,334347.5333333333,283081.1666666667
"2021-10-22 00:00:00",0,0,0,0,451907,345928.76666666666,293699.5333333333
"2021-10-23 00:00:00",0,0,0,0,342511,351157.2,281019.5333333333
"2021-10-24 00:00:00",0,0,0,0,12311,336895.06666666665,290192.5
"2021-10-25 00:00:00",843,0,0,0,423564,331546.36666666664,293233.6
"2021-10-26 00:00:00",0,0,0,0,309391,336370.6,303605.36666666664
"2021-10-27 00:00:00",0,0,0,0,132043,324608.9666666667,311042.5
"2021-10-28 00:00:00",0,0,0,0,484278,340751.56666666665,302425.6666666667
"2021-10-29 00:00:00",0,0,0,0,239816,338444.8333333333,318076.6666666667
"2021-10-30 00:00:00",129,0,206,0,483943,330236.73333333334,326484.43333333335
"2021-10-31 00:00:00",0,0,0,0,415053,338318.9666666667,322136.86666666664
"2021-11-01 00:00:00",0,0,0,0,422255,337768.13333333336,326697.1
"2021-11-02 00:00:00",0,0,0,0,305016,338253.93333333335,319574.76666666666
"2021-11-03 00:00:00",0,0,0,0,425028,342320.56666666665,319804.43333333335
"2021-11-04 00:00:00",0,0,0,0,275501,327892.9,316448.9666666667
"2021-11-05 00:00:00",0,0,206,0,556953,341157.6,293164.1666666667
"2021-11-06 00:00:00",0,0,0,0,500324,336092.23333333334,288617.0333333333
"2021-11-07 00:00:00",0,0,206,0,162699,332191.4666666667,297934.1666666667
"2021-11-08 00:00:00",0,0,0,0,482928,327972.8,304669.8333333333
"2021-11-09 00:00:00",0,0,0,0,484556,339117.93333333335,310748.13333333336
"2021-11-10 00:00:00",0,0,0,0,586573,343593.9,299376
"2021-11-11 00:00:00",0,0,0,0,488574,351353.1666666667,287132.9666666667
"2021-11-12 00:00:00",552,0,0,0,181224,346833.56666666665,295814.43333333335
"2021-11-13 00:00:00",0,0,206,0,80006,339884.2,290517.23333333334
"2021-11-14 00:00:00",0,0,0,0,413509,345909.36666666664,297234.9666666667
"2021-11-15 00:00:00",0,0,0,0,903191,372446.7,286009.36666666664
"2021-11-16 00:00:00",0,0,206,0,327759,372645.26666666666,295619.9
"2021-11-17 00:00:00",0,0,0,0,278027,366852.13333333336,287526.56666666665
"2021-11-18 00:00:00",0,0,0,0,281920,357012.9666666667,298189.0333333333
"2021-11-19 00:00:00",0,0,0,0,418888,370975.9,289747.5
"2021-11-20 00:00:00",0,0,0,0,473814,378204,309997.7
"2021-11-21 00:00:00",737,0,206,0,370013,375505.7,290338.63333333336
"2021-11-22 00:00:00",0,0,0,0,21456,364803.86666666664,291558.8
"2021-11-23 00:00:00",0,0,0,0,267616,373314.0333333333,277054.8333333333
"2021-11-24 00:00:00",3037,0,0,0,542136,377339.56666666665,278630.4666666667
"2021-11-25 00:00:00",0,0,0,0,731907,391423.43333333335,281131.3
"2021-11-26 00:00:00",0,0,0,0,291093,396725.1,268364.6
"2021-11-27 00:00:00",0,0,206,0,252607,389009.63333333336,274047.4
"2021-11-28 00:00:00",0,0,0,0,271252,390057.5,257911.4
"2021-11-29 00:00:00",0,0,0,0,496070,390450.5333333333,250722.66666666666
"2021-11-30 00:00:00",0,0,463,0,405979,390163.5,256144.4
"2021-12-01 00:00:00",566,0,3377,0,752281,401295.8,260141.8
"2021-12-02 00:00:00",0,0,206,0,0,391135.4666666667,257145.73333333334
"2021-12-03 00:00:00",0,0,413,0,11795,377374.8333333333,262625.6666666667
"2021-12-04 00:00:00",0,0,0,0,422921,382288.8333333333,265379.5
"2021-12-05 00:00:00",0,0,0,0,1038431,398331.23333333334,275706.76666666666
"2021-12-06 00:00:00",0,0,0,0,144582,386473.1666666667,274319.1
"2021-12-07 00:00:00",0,0,206,0,416194,394923,278616.93333333335
"2021-12-08 00:00:00",0,0,0,0,379772,391484.4666666667,270994.4
"2021-12-09 00:00:00",0,0,0,0,409652,388987.6666666667,269777.36666666664
"2021-12-10 00:00:00",0,0,0,0,289007,379068.8,269003.56666666665
"2021-12-11 00:00:00",0,0,1103,0,453446,377934.63333333336,284464.4
"2021-12-12 00:00:00",129,0,0,0,368112,384150.1666666667,289429.93333333335
"2021-12-13 00:00:00",0,0,0,0,41869,382872.06666666665,283729.3333333333
"2021-12-14 00:00:00",0,0,206,0,440239,383769.93333333335,279142.26666666666
"2021-12-15 00:00:00",0,0,0,0,31361,354708.93333333335,283928.56666666665
"2021-12-16 00:00:00",0,0,0,0,756395,368989.9,274740.93333333335
"2021-12-17 00:00:00",0,0,0,0,434584,374208.4666666667,268040.23333333334
"2021-12-18 00:00:00",0,0,0,0,13331,365255.5,254678.53333333333
"2021-12-19 00:00:00",0,0,0,0,756462,376507.9666666667,271600.8333333333
"2021-12-20 00:00:00",0,0,206,0,150220,365728.4,250624.16666666666
"2021-12-21 00:00:00",0,0,0,0,245852,361558.2,268584.86666666664
"2021-12-22 00:00:00",0,0,0,0,388148,373781.26666666666,268355.9
"2021-12-23 00:00:00",0,1415,0,0,145027,369742.13333333336,268011.0333333333
"2021-12-24 00:00:00",0,0,0,0,357350,363481.3333333333,276382.5333333333
"2021-12-25 00:00:00",0,0,0,0,109432,342732.1666666667,281292.9
"2021-12-26 00:00:00",0,0,0,0,279010,342329.4,281380.3333333333
"2021-12-27 00:00:00",129,0,206,0,399116,347217.36666666664,275697.5333333333
"2021-12-28 00:00:00",0,0,206,0,283004,347616,294664.06666666665
"2021-12-29 00:00:00",0,0,0,0,206512,337964.06666666665,293886.3
"2021-12-30 00:00:00",0,0,0,0,49012,326049.73333333334,284313.23333333334
"2021-12-31 00:00:00",0,0,0,0,432243,315250.36666666664,293268.5333333333
"2022-01-01 00:00:00",0,0,0,0,134081,319712.86666666664,289882.5333333333
"2022-01-02 00:00:00",0,0,0,0,616894,339869.0333333333,278611.23333333334
"2022-01-03 00:00:00",0,0,0,0,412081,339507.7,279078.26666666666
"2022-01-04 00:00:00",0,1415,0,19,96859,308169.76666666666,283347.43333333335
"2022-01-05 00:00:00",560,0,0,0,329725,314359.9,296365.1
"2022-01-06 00:00:00",514,0,0,0,151231,305538.0333333333,287952.0333333333
"2022-01-07 00:00:00",0,0,0,0,173187,298651.86666666664,280683.6
"2022-01-08 00:00:00",0,0,0,0,551641,303384.8333333333,296404.26666666666
"2022-01-09 00:00:00",0,1415,0,0,238457,301747,287249.7
"2022-01-10 00:00:00",0,0,0,0,289324,296239.5,283524.8333333333
"2022-01-11 00:00:00",1258,0,0,0,248827,292300.93333333335,280009.8
"2022-01-12 00:00:00",0,0,0,0,355711,302762.3333333333,269765.43333333335
"2022-01-13 00:00:00",0,0,0,0,545976,306280.0333333333,280076.73333333334
"2022-01-14 00:00:00",0,0,0,0,0,305234.6666666667,275297.3
"2022-01-15 00:00:00",0,1415,0,0,313643,290523.43333333335,279943.5
"2022-01-16 00:00:00",129,0,0,0,552488,294457.86666666664,281032.73333333334
"2022-01-17 00:00:00",6601,0,206,0,0,294240.43333333335,286403.73333333334
"2022-01-18 00:00:00",0,0,0,0,6118,269228.9666666667,270313.5
"2022-01-19 00:00:00",129,0,0,0,363920,276349.7,261558.66666666666
"2022-01-20 00:00:00",0,0,0,0,147920,273085.3,244193.06666666668
"2022-01-21 00:00:00",0,0,0,0,3283,260256.46666666667,244449.8
"2022-01-22 00:00:00",0,0,0,0,619380,276021.06666666665,252926
"2022-01-23 00:00:00",0,0,0,0,215604,271296.2,243651.53333333333
"2022-01-24 00:00:00",129,0,0,0,438863,282281.5333333333,219881
"2022-01-25 00:00:00",0,0,0,0,194196,279454.4,219487.5
"2022-01-26 00:00:00",0,0,0,0,621433,286853.73333333334,224423.83333333334
"2022-01-27 00:00:00",0,0,0,0,12481,277829.4,205457.3
"2022-01-28 00:00:00",0,0,0,0,474604,286765.8,209977.73333333334
"2022-01-29 00:00:00",2263,0,0,0,385190,298047.2,209608.86666666667
"2022-01-30 00:00:00",0,0,0,0,424222,297779.8333333333,183579.4
"2022-01-31 00:00:00",0,0,13344,0,560692,312445.0333333333,173911.66666666666
"2022-02-01 00:00:00",0,0,0,0,371545,304266.73333333334,182838.46666666667
"2022-02-02 00:00:00",0,0,206,0,463543,305989,173266.76666666666
"2022-02-03 00:00:00",0,0,0,0,918341,333323.93333333335,158962.63333333333
"2022-02-04 00:00:00",1128,0,0,0,6174,322557.8333333333,153216.5
"2022-02-05 00:00:00",0,0,0,0,290714,327190.13333333336,147225.53333333333
"2022-02-06 00:00:00",976,0,0,0,147977,326382.36666666664,143824.53333333333
"2022-02-07 00:00:00",0,0,0,0,651861,329723.0333333333,127606.93333333333
"2022-02-08 00:00:00",0,0,0,0,316425,332274.8,128017.3
"2022-02-09 00:00:00",0,0,0,0,317946,333228.86666666664,123213.83333333333
"2022-02-10 00:00:00",0,26991,0,0,550113,344129.5,125828.4
"2022-02-11 00:00:00",0,0,0,0,169069,337908.1,139765.2
"2022-02-12 00:00:00",0,0,0,0,338652,330997.3,131610.4
"2022-02-13 00:00:00",129,0,0,0,301143,341039.7,140804.33333333334
"2022-02-14 00:00:00",0,0,0,0,521634,347925.56666666665,144819.46666666667
"2022-02-15 00:00:00",0,0,0,0,257185,338077.8333333333,136622.03333333333
"2022-02-16 00:00:00",0,0,0,0,626451,358732.6,145644.9
"2022-02-17 00:00:00",0,0,206,281,246239,366752.93333333335,149774.03333333333
"2022-02-18 00:00:00",0,0,0,0,572705,373708.13333333336,154870.8
"2022-02-19 00:00:00",0,0,0,0,223045,376212.3,155244.5
"2022-02-20 00:00:00",0,1415,0,0,629573,397135.8,167659.5
"2022-02-21 00:00:00",0,0,0,0,21456,377205,184000.8
"2022-02-22 00:00:00",0,0,0,0,626350,390896.5333333333,186025.5
"2022-02-23 00:00:00",0,0,0,0,168305,381873.63333333336,186979.63333333333
"2022-02-24 00:00:00",0,0,0,0,468293,391010.2,205416.1
"2022-02-25 00:00:00",0,0,1224,0,332995,381436.4,206531.43333333332
"2022-02-26 00:00:00",0,0,0,0,556366,399565.9,226966.36666666667
"2022-02-27 00:00:00",0,0,0,0,591363,403457.86666666664,232063.83333333334
"2022-02-28 00:00:00",4187,0,0,0,452490,405765.3,242952.46666666667
"2022-03-01 00:00:00",0,0,0,0,829326,419268.76666666666,252924.96666666667
"2022-03-02 00:00:00",0,0,0,0,258615,408754.7,268858.43333333335
"2022-03-03 00:00:00",0,0,0,0,35964,397568.6666666667,272213.2
"2022-03-04 00:00:00",0,0,206,0,276586,391336.76666666666,289259.93333333335
"2022-03-05 00:00:00",0,0,0,0,192139,367130.0333333333,289376.8
"2022-03-06 00:00:00",0,0,0,0,812113,393957.0333333333,297927.23333333334
"2022-03-07 00:00:00",1773,0,2280,0,374644,396889.8333333333,307461.26666666666
"2022-03-08 00:00:00",0,0,0,0,501270,408633.7,321532.8
"2022-03-09 00:00:00",0,0,206,19,440741,401603.9,322031.9
"2022-03-10 00:00:00",0,0,0,0,231186,398762.6,336223.76666666666
"2022-03-11 00:00:00",0,0,0,0,611655,408552.9,339788.8
"2022-03-12 00:00:00",0,26671,0,0,137803,394798.6,330826.9666666667
"2022-03-13 00:00:00",0,0,0,0,499232,405804.0333333333,330633.9666666667
"2022-03-14 00:00:00",0,0,0,0,408890,408145.3,343626.1666666667
"2022-03-15 00:00:00",0,0,0,0,156816,403330.1,339107.3
"2022-03-16 00:00:00",0,0,0,0,0,385942.3,345620.1666666667
"2022-03-17 00:00:00",0,0,0,0,339499,388686.1,349094.9666666667
"2022-03-18 00:00:00",0,0,0,0,308088,378074,348703.56666666665
"2022-03-19 00:00:00",1773,0,0,0,1078990,405875.1666666667,349181.3
"2022-03-20 00:00:00",1029,0,0,0,10233,387160.43333333335,348736.93333333335
"2022-03-21 00:00:00",2067,0,0,19,482841,395889.86666666664,366259.0333333333
"2022-03-22 00:00:00",0,0,0,0,413093,388626.7,351447.4666666667
"2022-03-23 00:00:00",0,0,0,0,160269,393253.8,332716.2
"2022-03-24 00:00:00",0,0,0,0,343459,383824.1,331116.86666666664
"2022-03-25 00:00:00",0,0,0,0,443874,393009.73333333334,345303.63333333336
"2022-03-26 00:00:00",0,0,0,0,564346,396211.5,335054.76666666666
"2022-03-27 00:00:00",0,0,0,0,33463,386186.3,329278.5
"2022-03-28 00:00:00",0,0,0,0,393432,380755.1666666667,315566.8
"2022-03-29 00:00:00",0,0,0,0,855764,389568.5333333333,320543.23333333334
"2022-03-30 00:00:00",0,0,0,0,360250,386354.3,319881.36666666664
"2022-03-31 00:00:00",0,0,206,0,489165,375022.5,327595.5
"2022-04-01 00:00:00",1773,0,0,0,327437,377375.6666666667,323352.5333333333
"2022-04-02 00:00:00",0,0,0,0,963635,408298.0333333333,328277.73333333334
"2022-04-03 00:00:00",1226,0,288,0,36989,400355.1,311231
"2022-04-04 00:00:00",0,0,0,0,688373,416896.23333333334,315685.3
"2022-04-05 00:00:00",0,0,0,0,759565,415144.63333333336,309420.06666666665
"2022-04-06 00:00:00",0,0,0,0,319843,413182.8,300961.26666666666
"2022-04-07 00:00:00",0,0,0,0,666615,418694.3,294405.8
"2022-04-08 00:00:00",0,0,0,0,416639,417883.36666666664,300416.06666666665
"2022-04-09 00:00:00",1773,0,0,0,592065,429971.76666666666,291114.43333333335
"2022-04-10 00:00:00",0,0,0,0,67243,411824.7,287617.4
"2022-04-11 00:00:00",0,0,0,0,701878,429738.13333333336,295083.8333333333
"2022-04-12 00:00:00",0,0,0,0,730784,437456.5333333333,290178.6
"2022-04-13 00:00:00",0,0,0,0,194320,430304.2,273265.4666666667
"2022-04-14 00:00:00",0,0,206,0,754782,450243.26666666666,284760.26666666666
"2022-04-15 00:00:00",1773,0,0,0,258712,458926.1,282782.4
"2022-04-16 00:00:00",0,0,0,0,460487,462959.0333333333,278106.8333333333
"2022-04-17 00:00:00",0,0,0,0,312144,463094.23333333334,283126.0333333333
"2022-04-18 00:00:00",0,0,0,0,136241,431610.1666666667,284224.5333333333
"2022-04-19 00:00:00",0,0,0,0,657187,453140.9666666667,289110.43333333335
"2022-04-20 00:00:00",0,0,0,19,939491,468293.7,288615.86666666664
"2022-04-21 00:00:00",0,0,0,0,345508,466040.86666666664,288594
"2022-04-22 00:00:00",0,0,0,0,92061,463767.26666666666,296241.43333333335
"2022-04-23 00:00:00",19324,0,0,0,787507,479213.0333333333,287187.9666666667
"2022-04-24 00:00:00",0,0,0,0,516038,481618.5,287332.36666666664
"2022-04-25 00:00:00",0,0,0,0,521057,480175.5333333333,281290.6
"2022-04-26 00:00:00",0,0,0,0,655033,500894.5333333333,302864.9666666667
"2022-04-27 00:00:00",0,0,0,0,333136,498884.6666666667,296141.73333333334
"2022-04-28 00:00:00",0,1415,0,19,192779,476832.9666666667,288692.13333333336
"2022-04-29 00:00:00",0,0,206,0,557280,483407.5333333333,289975.76666666666
"2022-04-30 00:00:00",0,0,472,0,872012,496177.9666666667,281541.5333333333
"2022-05-01 00:00:00",0,0,0,0,453487,500320.5333333333,280535.2
"2022-05-02 00:00:00",0,0,0,0,0,468199.36666666664,263379.9
"2022-05-03 00:00:00",0,10864,0,0,272067,476346.93333333335,286934.23333333334
"2022-05-04 00:00:00",0,0,0,0,735294,477910.9666666667,291468.56666666665
"2022-05-05 00:00:00",0,0,0,19,323879,463388.73333333334,285281.43333333335
"2022-05-06 00:00:00",0,0,206,0,442444,467482.3333333333,291502.13333333336
"2022-05-07 00:00:00",0,0,0,0,613519,465712.4666666667,300977.2
"2022-05-08 00:00:00",0,0,0,0,596907,471721.4,290103.5
"2022-05-09 00:00:00",0,0,206,0,399402,465247.1,297010.6666666667
"2022-05-10 00:00:00",0,0,0,0,394166,476144.5333333333,294001.7
"2022-05-11 00:00:00",129,1415,0,0,487773,469059.2,291571.1
"2022-05-12 00:00:00",0,0,78,0,467184,460275.13333333336,287313.7
"2022-05-13 00:00:00",0,0,0,0,395602,466984.5333333333,291953.7
"2022-05-14 00:00:00",0,0,0,0,180606,447838.4666666667,289816.06666666665
"2022-05-15 00:00:00",0,0,0,0,40347,440500.5333333333,290697.6
"2022-05-16 00:00:00",0,0,0,0,861505,453867.8,289978.06666666665
"2022-05-17 00:00:00",0,0,206,0,676409,466016.86666666664,280594
"2022-05-18 00:00:00",0,0,0,0,146416,466356.0333333333,282661.43333333335
"2022-05-19 00:00:00",0,0,0,0,319265,455091.9666666667,277336.9
"2022-05-20 00:00:00",1773,0,0,0,574512,442984.5,273457.3333333333
"2022-05-21 00:00:00",0,0,0,0,566249,450342.5333333333,294210.63333333336
"2022-05-22 00:00:00",420,0,0,19,196037,453823.0333333333,284773.86666666664
"2022-05-23 00:00:00",0,0,0,0,335708,438118.9,289600.1666666667
"2022-05-24 00:00:00",567,0,0,0,457832,436197.6,283988.2
"2022-05-25 00:00:00",0,0,0,0,886496,448378.9,299702.73333333334
"2022-05-26 00:00:00",0,0,0,0,565518,445395.06666666665,290511.6666666667
"2022-05-27 00:00:00",1773,0,0,0,136642,438904.36666666664,295731.26666666666
"2022-05-28 00:00:00",0,0,206,0,440268,447113.1,300334.3
"2022-05-29 00:00:00",0,0,0,0,94795,431690.0333333333,291769.7
"2022-05-30 00:00:00",0,0,0,0,311388,412986.8,301256.6666666667
"2022-05-31 00:00:00",0,0,0,0,152889,402966.86666666664,305107.3333333333
"2022-06-01 00:00:00",259,0,0,0,371334,415353.3333333333,309754.4666666667
"2022-06-02 00:00:00",0,0,0,0,587183,425495.06666666665,297196.5
"2022-06-03 00:00:00",0,0,0,0,122802,405078.6666666667,292510.76666666666
"2022-06-04 00:00:00",0,0,0,0,670914,416645.86666666664,308020.26666666666
"2022-06-05 00:00:00",0,0,0,0,563572,420676.56666666665,301780.7
"2022-06-06 00:00:00",129,0,0,0,142536,404981.4666666667,296063.93333333335
"2022-06-07 00:00:00",0,0,0,0,183944,391216.0333333333,305378.5333333333
"2022-06-08 00:00:00",0,0,0,0,837469,405811.36666666664,298744.6
"2022-06-09 00:00:00",0,0,0,0,205045,399507.3333333333,308419.36666666664
"2022-06-10 00:00:00",0,0,0,0,607149,403435.0333333333,306751.63333333336
"2022-06-11 00:00:00",0,0,413,19,598307,407817.63333333336,313140.4
"2022-06-12 00:00:00",0,0,0,0,323024,405398.36666666664,323140.3333333333
"2022-06-13 00:00:00",0,0,0,0,152011,404445.2,318442.43333333335
"2022-06-14 00:00:00",0,0,0,0,493230,419541.3,308748.1666666667
"2022-06-15 00:00:00",18055,0,0,0,181550,397477.9666666667,316898.23333333334
"2022-06-16 00:00:00",0,0,0,0,372341,387335.4666666667,327407.76666666666
"2022-06-17 00:00:00",0,0,206,0,833097,410231.7,319218.93333333335
"2022-06-18 00:00:00",0,0,0,19,357808,411517.1,324371.43333333335
"2022-06-19 00:00:00",0,0,0,0,436508,406857.8333333333,321136.9666666667
"2022-06-20 00:00:00",0,0,0,0,741385,412695.7,296750.43333333335
"2022-06-21 00:00:00",0,0,0,0,377452,418728.23333333334,298177.5333333333
"2022-06-22 00:00:00",0,0,206,0,454970,422710.5,298057.93333333335
"2022-06-23 00:00:00",0,0,0,0,153659,412552.5,303280.63333333336
"2022-06-24 00:00:00",129,0,0,0,360429,395021.26666666666,290467.4666666667
"2022-06-25 00:00:00",0,0,0,0,566837,395065.23333333334,284838.5333333333
"2022-06-26 00:00:00",0,0,6869,19,334595,401834.23333333334,294829.56666666665
"2022-06-27 00:00:00",0,0,0,0,491522,403535.8,286404.8333333333
"2022-06-28 00:00:00",0,0,0,0,343058,411811.23333333334,298731.4666666667
"2022-06-29 00:00:00",0,0,175,0,359075,413406.6666666667,294127.3333333333
"2022-06-30 00:00:00",0,0,0,0,655247,430151.93333333335,289595.6666666667
"2022-07-01 00:00:00",0,0,0,0,0,417765.4666666667,300421.6666666667
"2022-07-02 00:00:00",129,0,0,0,279901,407527.06666666665,294174.6
"2022-07-03 00:00:00",0,0,0,0,517924,420697.8,289502.8333333333
"2022-07-04 00:00:00",419,0,0,0,383617,411135.2,291140.8333333333
"2022-07-05 00:00:00",0,0,413,0,428534,406647.7,292539.93333333335
"2022-07-06 00:00:00",0,0,0,0,581009,421259.13333333336,294055.3
"2022-07-07 00:00:00",0,0,0,0,265720,423985,295735.5333333333
"2022-07-08 00:00:00",1773,0,0,0,588500,415745.13333333336,299785.1
"2022-07-09 00:00:00",0,0,0,0,677789,431503.26666666666,292462.43333333335
"2022-07-10 00:00:00",0,0,0,0,233885,419061.13333333336,297507.9666666667
"2022-07-11 00:00:00",0,0,0,0,347045,410671.3,309967.93333333335
"2022-07-12 00:00:00",0,0,0,0,678687,422526.73333333334,291800.86666666664
"2022-07-13 00:00:00",0,0,0,0,467355,433038.2,289411.6
"2022-07-14 00:00:00",0,1415,0,0,22689,417400.7,294666.86666666664
"2022-07-15 00:00:00",1773,0,0,0,582003,430206.4,303085.43333333335
"2022-07-16 00:00:00",0,0,0,0,701193,441168.13333333336,291991.56666666665
"2022-07-17 00:00:00",0,1415,0,0,322258,424180.4666666667,313795.23333333334
"2022-07-18 00:00:00",129,0,0,0,457543,427508.63333333336,313872.06666666665
"2022-07-19 00:00:00",0,0,0,0,286092,422494.76666666666,318138.13333333336
"2022-07-20 00:00:00",0,0,0,0,211966,404847.4666666667,326788.76666666666
"2022-07-21 00:00:00",0,0,0,0,561738,410990.3333333333,330062.63333333336
"2022-07-22 00:00:00",300,0,206,0,810264,422843.5333333333,330362.73333333334
"2022-07-23 00:00:00",0,0,0,0,517681,434977.6,322191.5
"2022-07-24 00:00:00",0,0,0,0,328721,433916.3333333333,325993.6666666667
"2022-07-25 00:00:00",41911,0,0,0,337310,427662.4666666667,332715
"2022-07-26 00:00:00",0,0,0,0,528050,433881.3,323661.93333333335
"2022-07-27 00:00:00",0,0,0,0,316255,428039.06666666665,320707.9
"2022-07-28 00:00:00",0,0,0,0,354534,428421.6,310443.86666666664
"2022-07-29 00:00:00",0,0,0,0,636253,437655,315276.3333333333
"2022-07-30 00:00:00",0,0,0,0,319625,426467.6,305978.5
"2022-07-31 00:00:00",0,0,0,0,464168,441939.86666666664,302616.73333333334
"2022-08-01 00:00:00",0,0,0,0,162175,438011.3333333333,304087.56666666665
"2022-08-02 00:00:00",0,0,0,0,477014,436647.6666666667,312497.1
"2022-08-03 00:00:00",0,0,0,0,839446,451828,322187.3333333333
"2022-08-04 00:00:00",0,0,0,0,298139,447467.73333333334,321355.3333333333
"2022-08-05 00:00:00",0,0,0,0,386837,440995.3333333333,310866.2
"2022-08-06 00:00:00",0,0,0,0,652032,453872.4,309769.06666666665
"2022-08-07 00:00:00",0,0,0,0,456458,449411.9,320424.9
"2022-08-08 00:00:00",0,0,0,0,299845,436813.76666666666,324111.43333333335
"2022-08-09 00:00:00",0,0,0,0,9462,429333,320636.7
"2022-08-10 00:00:00",0,0,0,0,589317,437408.73333333334,301919.43333333335
"2022-08-11 00:00:00",0,0,0,0,460654,430140.9666666667,303924.36666666664
"2022-08-12 00:00:00",0,0,0,0,517896,431825.6666666667,309972.3
"2022-08-13 00:00:00",0,0,0,0,405841,444550.2,312532.73333333334
"2022-08-14 00:00:00",0,0,0,0,458891,440387.36666666664,300601.8
"2022-08-15 00:00:00",0,0,0,865,316058,427578.4,299902.3
"2022-08-16 00:00:00",0,0,0,0,815809,443982.93333333335,293163.86666666664
"2022-08-17 00:00:00",0,0,0,0,215016,435894.4,298085.4
"2022-08-18 00:00:00",0,0,0,0,290333,436035.76666666666,292636.5333333333
"2022-08-19 00:00:00",0,0,0,0,432854,443398.7,298798.06666666665
"2022-08-20 00:00:00",0,0,0,0,190631,431028.4666666667,295499.3333333333
"2022-08-21 00:00:00",0,0,0,0,439264,418644.86666666664,308224.8333333333
"2022-08-22 00:00:00",0,0,0,0,464496,416872.0333333333,310517.2
"2022-08-23 00:00:00",0,0,0,0,355879,417777.3,309359.6666666667
"2022-08-24 00:00:00",0,0,0,0,107370,408715.6,319796.23333333334
"2022-08-25 00:00:00",0,0,0,0,840677,419136.5,314523
"2022-08-26 00:00:00",0,0,0,0,59302,410571.4,318265.36666666664
"2022-08-27 00:00:00",0,0,0,0,667631,421007.9666666667,323961.8333333333
"2022-08-28 00:00:00",0,0,0,0,298458,409748.13333333336,324431.26666666666
"2022-08-29 00:00:00",0,0,0,0,323834,409888.43333333335,334599.2
"2022-08-30 00:00:00",0,0,206,0,222191,401829.43333333335,333216.63333333336
"2022-08-31 00:00:00",0,0,0,0,648682,418046.3333333333,346754.26666666666
"2022-09-01 00:00:00",0,0,0,0,251602,410532.6,357518.1666666667
"2022-09-02 00:00:00",0,0,0,0,442753,397309.5,332825.23333333334
"2022-09-03 00:00:00",6618,0,0,0,786817,413819.36666666664,343594.63333333336
"2022-09-04 00:00:00",0,0,416,0,265849,409800.3,345843.76666666666
"2022-09-05 00:00:00",0,0,206,0,341453,399454.56666666665,345935.93333333335
"2022-09-06 00:00:00",0,0,0,0,723975,408371.8,343293.9666666667
"2022-09-07 00:00:00",0,0,0,0,452856,413472.1666666667,338914.93333333335
"2022-09-08 00:00:00",12373,0,0,0,5574,413755.0333333333,347381
"2022-09-09 00:00:00",0,0,0,19,702353,417523.5333333333,351955.73333333334
"2022-09-10 00:00:00",0,0,0,0,337533,413419.5,353113.4666666667
"2022-09-11 00:00:00",0,22600,0,0,181963,402975.1,360526.4
"2022-09-12 00:00:00",0,0,985,0,490495,405829.76666666666,357527.6
"2022-09-13 00:00:00",1773,0,0,0,447478,405508.43333333335,366336.23333333334
"2022-09-14 00:00:00",0,0,0,0,729605,419264.4666666667,363166.56666666665
"2022-09-15 00:00:00",0,0,0,0,480386,408083.7,362389.43333333335
"2022-09-16 00:00:00",0,0,0,0,9462,401231.9,366765.6666666667
"2022-09-17 00:00:00",0,0,0,0,261944,400285.6,363717.06666666665
"2022-09-18 00:00:00",0,0,0,0,579838,405185.06666666665,362027.8
"2022-09-19 00:00:00",0,0,0,0,448028,413764.9666666667,370660.86666666664
"2022-09-20 00:00:00",0,0,0,0,314297,409599.4,372959.1
"2022-09-21 00:00:00",0,0,0,0,585484,413632.3333333333,373254.9
"2022-09-22 00:00:00",0,1415,0,0,12076,402219.4,369045.4
"2022-09-23 00:00:00",0,1415,0,0,722092,422757.3,351046.3333333333
"2022-09-24 00:00:00",0,0,0,0,89051,397703.1,364418.4666666667
"2022-09-25 00:00:00",0,0,0,0,601212,415766.76666666666,374944.86666666664
"2022-09-26 00:00:00",0,0,0,0,617944,414110.5333333333,369681.63333333336
"2022-09-27 00:00:00",0,0,0,0,266167,413034.1666666667,365991.5333333333
"2022-09-28 00:00:00",0,0,0,0,730753,426598.13333333336,355118.26666666666
"2022-09-29 00:00:00",0,0,0,0,384574,432004,354638.6
"2022-09-30 00:00:00",0,0,0,0,96318,413591.86666666664,359231.56666666665
"2022-10-01 00:00:00",0,0,0,0,381440,417919.8,345763.8333333333
"2022-10-02 00:00:00",0,0,0,0,12481,403577.4,354875.43333333335
"2022-10-03 00:00:00",0,0,0,0,840209,405136.5333333333,348563.4666666667
"2022-10-04 00:00:00",0,0,0,0,592794,416020.8333333333,352605.9
"2022-10-05 00:00:00",0,0,0,0,396972,417864.56666666665,366227.06666666665
"2022-10-06 00:00:00",2674,0,0,0,357381,405733.9,353897.06666666665
"2022-10-07 00:00:00",129,0,0,0,295253,400484.8,369988.76666666666
"2022-10-08 00:00:00",0,50987,0,0,1148317,439863.3333333333,361573.5
"2022-10-09 00:00:00",0,0,0,0,161156,421822.8,372602.4
"2022-10-10 00:00:00",0,0,206,0,388852,423540.3333333333,373126.36666666664
"2022-10-11 00:00:00",0,0,0,0,403429,430169.1666666667,367790.0333333333
"2022-10-12 00:00:00",0,7225,0,0,479531,430011.6666666667,366693.1666666667
"2022-10-13 00:00:00",0,0,0,0,536109,432906.93333333335,363825.63333333336
"2022-10-14 00:00:00",0,0,0,0,333040,419688.1,367848.6
"2022-10-15 00:00:00",566,0,0,0,339298,415004.06666666665,360902.93333333335
"2022-10-16 00:00:00",0,0,0,0,397944,427953.4666666667,345731.1
"2022-10-17 00:00:00",0,0,0,0,431591,433608.36666666664,349813.8333333333
"2022-10-18 00:00:00",0,0,0,0,179729,420271.4,351751.63333333336
"2022-10-19 00:00:00",0,0,0,0,958663,437292.56666666665,356280.13333333336
"2022-10-20 00:00:00",0,0,0,0,352099,438552.63333333336,335229.13333333336
"2022-10-21 00:00:00",0,0,0,0,144503,423853.26666666666,334347.5333333333
"2022-10-22 00:00:00",0,0,0,0,752130,448474.56666666665,345928.76666666666
"2022-10-23 00:00:00",2341,0,0,0,271619,433489.6666666667,351157.2
"2022-10-24 00:00:00",0,1415,0,0,571219,449609.1,336895.06666666665
"2022-10-25 00:00:00",0,0,0,0,374376,442047.9,331546.36666666664
"2022-10-26 00:00:00",0,1415,12199,0,477703,437827.0333333333,336370.6
"2022-10-27 00:00:00",0,0,0,0,305950,439153.13333333336,324608.9666666667
"2022-10-28 00:00:00",0,1415,0,0,317505,425425.36666666664,340751.56666666665
"2022-10-29 00:00:00",0,0,0,0,332016,423673.43333333335,338444.8333333333
"2022-10-30 00:00:00",0,0,0,0,716492,444345.9,330236.73333333334
"2022-10-31 00:00:00",0,0,206,0,124794,435797.93333333335,338318.9666666667
"2022-11-01 00:00:00",0,1415,1852,0,191783,441883.6,337768.13333333336
"2022-11-02 00:00:00",0,0,0,0,281319,423253.93333333335,338253.93333333335
"2022-11-03 00:00:00",0,0,0,0,214424,410641.6,342320.56666666665
"2022-11-04 00:00:00",62,0,0,0,109059,401046.56666666665,327892.9
"2022-11-05 00:00:00",0,0,0,0,483593,405164.5,341157.6
"2022-11-06 00:00:00",0,26959,0,0,705748,419742,336092.23333333334
"2022-11-07 00:00:00",1250,0,0,0,210362,386818.9666666667,332191.4666666667
"2022-11-08 00:00:00",0,0,0,0,48315,383057.6,327972.8
"2022-11-09 00:00:00",0,1415,0,0,828560,397754.8333333333,339117.93333333335
"2022-11-10 00:00:00",0,1415,0,0,465892,399884.1,343593.9
"2022-11-11 00:00:00",0,0,0,0,605381,403838.26666666666,351353.1666666667
"2022-11-12 00:00:00",0,0,0,0,324769,396793.6,346833.56666666665
"2022-11-13 00:00:00",129,0,0,0,266004,394563.4,339884.2
"2022-11-14 00:00:00",0,0,0,0,1006886,416797.43333333335,345909.36666666664
"2022-11-15 00:00:00",0,0,0,0,501066,420234.8333333333,372446.7
"2022-11-16 00:00:00",0,0,0,0,86456,408730.3333333333,372645.26666666666
"2022-11-17 00:00:00",0,0,206,0,285599,412266.23333333334,366852.13333333336
"2022-11-18 00:00:00",0,0,0,0,601771,400369.8333333333,357012.9666666667
"2022-11-19 00:00:00",0,0,0,0,511220,405673.86666666664,370975.9
"2022-11-20 00:00:00",0,0,0,0,284889,410353.4,378204
"2022-11-21 00:00:00",0,0,0,0,958108,417219.3333333333,375505.7
"2022-11-22 00:00:00",0,1415,0,0,397857,421396.4,364803.86666666664
"2022-11-23 00:00:00",129,0,0,0,231291,410022.63333333336,373314.0333333333
"2022-11-24 00:00:00",0,0,0,0,638261,418818.8,377339.56666666665
"2022-11-25 00:00:00",0,0,0,0,155217,407615.43333333335,391423.43333333335
"2022-11-26 00:00:00",0,0,0,0,617340,417995.1,396725.1
"2022-11-27 00:00:00",0,0,0,0,296790,417257.43333333335,389009.63333333336
"2022-11-28 00:00:00",0,0,0,0,404471,419672.6,390057.5
"2022-11-29 00:00:00",0,0,227,0,589063,415432.56666666665,390450.5333333333
"2022-11-30 00:00:00",0,0,230,0,267233,420181.3,390163.5
"2022-12-01 00:00:00",0,0,0,0,420544,427697.73333333334,401295.8
"2022-12-02 00:00:00",0,0,0,0,135301,422830.4666666667,391135.4666666667
"2022-12-03 00:00:00",0,0,0,0,482046,431751.2,377374.8333333333
"2022-12-04 00:00:00",0,0,0,0,90688,431136.76666666666,382288.8333333333
"2022-12-05 00:00:00",0,0,206,0,389776,428016.43333333335,398331.23333333334
"2022-12-06 00:00:00",0,0,0,0,32445,404674.3333333333,386473.1666666667
"2022-12-07 00:00:00",0,0,0,0,357088,409523.5,394923
"2022-12-08 00:00:00",0,0,0,0,839653,435901.43333333335,391484.4666666667
"2022-12-09 00:00:00",0,0,0,0,797137,434806.8,388987.6666666667
"2022-12-10 00:00:00",0,0,0,0,173771,425022.26666666666,379068.8
"2022-12-11 00:00:00",0,0,0,0,51928,406573.8333333333,377934.63333333336
"2022-12-12 00:00:00",730,0,0,19,1001016,429140.4,384150.1666666667
"2022-12-13 00:00:00",0,1415,0,0,165581,425835.8,382872.06666666665
"2022-12-14 00:00:00",0,0,0,0,543145,410377.76666666666,383769.93333333335
"2022-12-15 00:00:00",0,1415,0,0,326535,404607.23333333334,354708.93333333335
"2022-12-16 00:00:00",0,0,0,0,456953,416957.13333333336,368989.9
"2022-12-17 00:00:00",0,0,0,0,321853,418158.7,374208.4666666667
"2022-12-18 00:00:00",0,0,0,0,654034,419900.8,365255.5
"2022-12-19 00:00:00",129,0,206,0,233630,410659,376507.9666666667
"2022-12-20 00:00:00",0,0,0,0,158611,406449.73333333334,365728.4
"2022-12-21 00:00:00",0,0,0,0,997254,407754.6,361558.2
"2022-12-22 00:00:00",0,4474,0,0,428258,408869.9666666667,373781.26666666666
"2022-12-23 00:00:00",0,0,206,0,81836,403890.7,369742.13333333336
"2022-12-24 00:00:00",0,0,0,0,160488,387964.93333333335,363481.3333333333
"2022-12-25 00:00:00",0,0,0,0,268474,391740.1666666667,342732.1666666667
"2022-12-26 00:00:00",0,0,0,0,631060,392197.5,342329.4
"2022-12-27 00:00:00",0,0,206,0,282825,391738.86666666664,347217.36666666664
"2022-12-28 00:00:00",0,0,0,0,412293,391999.6,347616
"2022-12-29 00:00:00",0,0,0,0,374332,384834.3,337964.06666666665
"2022-12-30 00:00:00",0,0,0,0,534292,393728.6,326049.73333333334
"2022-12-31 00:00:00",0,0,0,0,340939,391075.1,315250.36666666664
"2023-01-01 00:00:00",0,0,0,0,696403,409778.5,319712.86666666664
"2023-01-02 00:00:00",0,0,0,19,308726,404001.8,339869.0333333333
"2023-01-03 00:00:00",0,0,0,0,260576,409664.73333333334,339507.7
"2023-01-04 00:00:00",0,0,0,0,271254,405707.1,308169.76666666666
"2023-01-05 00:00:00",0,0,0,0,0,404625.6,314359.9
"2023-01-06 00:00:00",0,0,0,0,413973,406521.76666666666,305538.0333333333
"2023-01-07 00:00:00",0,0,0,0,907376,408779.2,298651.86666666664
"2023-01-08 00:00:00",0,0,0,0,251701,390598,303384.8333333333
"2023-01-09 00:00:00",0,0,228,0,282869,394242.2,301747
"2023-01-10 00:00:00",0,0,0,0,20146,393182.8,296239.5
"2023-01-11 00:00:00",0,0,0,0,198221,366397.9666666667,292300.93333333335
"2023-01-12 00:00:00",0,0,0,19,352848,372593.6666666667,302762.3333333333
"2023-01-13 00:00:00",0,0,0,0,78903,357118.93333333335,306280.0333333333
"2023-01-14 00:00:00",0,0,0,0,198221,352794.63333333336,305234.6666666667
"2023-01-15 00:00:00",0,0,0,0,280100,346899.5333333333,290523.43333333335
"2023-01-16 00:00:00",3614,0,0,0,88259,339233.5333333333,294457.86666666664
"2023-01-17 00:00:00",0,0,206,0,283096,326875.8333333333,294240.43333333335
"2023-01-18 00:00:00",0,0,0,0,306743,329301.73333333334,269228.9666666667
"2023-01-19 00:00:00",3376,0,0,0,41864,325522.73333333334,276349.7
"2023-01-20 00:00:00",0,0,0,19,473708,308071.8333333333,273085.3
"2023-01-21 00:00:00",0,0,0,0,491785,310040.23333333334,260256.46666666667
"2023-01-22 00:00:00",0,1415,0,0,734401,331832.6666666667,276021.06666666665
"2023-01-23 00:00:00",0,0,0,0,1012200,360223.06666666665,271296.2
"2023-01-24 00:00:00",0,26300,0,0,459450,367465.6,282281.5333333333
"2023-01-25 00:00:00",0,1415,0,0,494778,362970.0333333333,279454.4
"2023-01-26 00:00:00",0,0,0,0,508484,370485.13333333336,286853.73333333334
"2023-01-27 00:00:00",0,0,0,0,12456,357157.23333333334,277829.4
"2023-01-28 00:00:00",0,0,0,0,209974,351678.63333333336,286765.8
"2023-01-29 00:00:00",900,0,0,0,343747,345357.13333333336,298047.2
"2023-01-30 00:00:00",0,1415,0,0,143871,338835.36666666664,297779.8333333333
"2023-01-31 00:00:00",0,0,0,0,0,315621.93333333335,312445.0333333333
"2023-02-01 00:00:00",0,0,0,0,749725,330321.26666666666,304266.73333333334
"2023-02-02 00:00:00",0,0,0,0,231643,329356.8333333333,305989
"2023-02-03 00:00:00",0,0,0,0,17183,320887.8,333323.93333333335
"2023-02-04 00:00:00",0,0,0,0,263992,329687.5333333333,322557.8333333333
"2023-02-05 00:00:00",0,0,0,0,898320,345832.43333333335,327190.13333333336
"2023-02-06 00:00:00",0,0,0,0,571088,334622.8333333333,326382.36666666664
"2023-02-07 00:00:00",0,0,0,0,444225,341040.3,329723.0333333333
"2023-02-08 00:00:00",0,0,0,0,0,331603.73333333334,332274.8
"2023-02-09 00:00:00",0,0,413,0,36730,332170.3333333333,333228.86666666664
"2023-02-10 00:00:00",0,0,0,0,169069,331198.6,344129.5
"2023-02-11 00:00:00",0,0,0,0,601340,339481.0333333333,337908.1
"2023-02-12 00:00:00",0,0,0,0,283174,346290.06666666665,330997.3
"2023-02-13 00:00:00",0,0,0,0,723234,363790.5,341039.7
"2023-02-14 00:00:00",0,0,0,0,469287,370096.73333333334,347925.56666666665
"2023-02-15 00:00:00",0,0,206,0,471669,382763.5,338077.8333333333
"2023-02-16 00:00:00",0,0,0,0,272260,382395.4,358732.6
"2023-02-17 00:00:00",0,0,0,0,319088,382806.9,366752.93333333335
"2023-02-18 00:00:00",62,0,0,0,409241,394942.3,373708.13333333336
"2023-02-19 00:00:00",0,0,0,0,672666,401573.6,376212.3
"2023-02-20 00:00:00",0,0,0,0,110779,388873.4,397135.8
"2023-02-21 00:00:00",0,0,1443,0,593526,384178.5333333333,377205
"2023-02-22 00:00:00",0,1415,0,0,297134,360390.1666666667,390896.5333333333
"2023-02-23 00:00:00",1297,0,0,0,439699,358898.36666666664,381873.63333333336
"2023-02-24 00:00:00",0,0,0,0,219865,349687.43333333335,391010.2
"2023-02-25 00:00:00",0,0,0,0,46058,334273.23333333334,381436.4
"2023-02-26 00:00:00",0,0,0,0,384776,346683.9,399565.9
"2023-02-27 00:00:00",0,0,206,0,646497,361241.5333333333,403457.86666666664
"2023-02-28 00:00:00",0,1415,0,0,324436,360615,405765.3
"2023-03-01 00:00:00",0,0,0,0,112157,359510.7,419268.76666666666
"2023-03-02 00:00:00",0,0,206,0,268445,368465.76666666666,408754.7
"2023-03-03 00:00:00",0,0,0,0,445683,358331.0333333333,397568.6666666667
"2023-03-04 00:00:00",0,0,0,0,284664,360098.4,391336.76666666666
"2023-03-05 00:00:00",0,0,206,0,422826,373626.73333333334,367130.0333333333
"2023-03-06 00:00:00",0,0,0,0,341048,376195.26666666666,393957.0333333333
"2023-03-07 00:00:00",0,0,206,0,171846,351986.36666666664,396889.8333333333
"2023-03-08 00:00:00",0,1415,0,0,608112,353267.6666666667,408633.7
"2023-03-09 00:00:00",0,0,0,0,349229,350101.13333333336,401603.9
"2023-03-10 00:00:00",0,0,0,0,215716,357291.6666666667,398762.6
"2023-03-11 00:00:00",0,0,206,0,622424,376807.9,408552.9
"2023-03-12 00:00:00",62,0,0,0,524461,388656.36666666664,394798.6
"2023-03-13 00:00:00",0,0,0,0,475791,384471.4,405804.0333333333
"2023-03-14 00:00:00",0,0,0,0,675906,397562.4666666667,408145.3
"2023-03-15 00:00:00",0,0,0,0,344159,384926.63333333336,403330.1
"2023-03-16 00:00:00",0,0,0,0,323367,380062.63333333336,385942.3
"2023-03-17 00:00:00",0,0,0,0,294109,374137.06666666665,388686.1
"2023-03-18 00:00:00",129,0,0,0,601825,385126.86666666664,378074
"2023-03-19 00:00:00",0,0,0,0,54444,376305.4,405875.1666666667
"2023-03-20 00:00:00",0,0,206,0,433699,377125.4666666667,387160.43333333335
"2023-03-21 00:00:00",0,0,0,0,459418,370017.2,395889.86666666664
"2023-03-22 00:00:00",0,0,0,0,12828,366752.1666666667,388626.7
"2023-03-23 00:00:00",0,0,0,0,997862,380181.9,393253.8
"2023-03-24 00:00:00",0,0,0,0,371066,382599.13333333336,383824.1
"2023-03-25 00:00:00",0,0,0,0,366544,380117.4,393009.73333333334
"2023-03-26 00:00:00",0,0,0,0,231876,380517.76666666666,396211.5
"2023-03-27 00:00:00",0,0,0,0,965287,411158.73333333334,386186.3
"2023-03-28 00:00:00",0,0,0,0,372940,410764.2,380755.1666666667
"2023-03-29 00:00:00",3993,1415,0,0,389187,402360.6,389568.5333333333
"2023-03-30 00:00:00",0,0,0,0,314826,401993.1,386354.3
"2023-03-31 00:00:00",0,0,0,0,198221,404861.9,375022.5
"2023-04-01 00:00:00",0,0,0,0,0,395906.8333333333,377375.6666666667
"2023-04-02 00:00:00",0,0,0,0,157739,386308.7,408298.0333333333
"2023-04-03 00:00:00",0,0,463,0,275439,386016.63333333336,400355.1
"2023-04-04 00:00:00",0,0,0,0,298620,381869.5333333333,416896.23333333334
"2023-04-05 00:00:00",0,0,0,0,563819,389295.23333333334,415144.63333333336
"2023-04-06 00:00:00",0,0,0,0,441798,398286.73333333334,413182.8
"2023-04-07 00:00:00",0,0,4066,0,391345,391149.56666666665,418694.3
"2023-04-08 00:00:00",0,0,0,0,181550,385560.26666666666,417883.36666666664
"2023-04-09 00:00:00",0,0,0,0,302122,388440.4666666667,429971.76666666666
"2023-04-10 00:00:00",0,0,0,0,709690,391342.43333333335,411824.7
"2023-04-11 00:00:00",0,1415,0,0,500187,390578.4,429738.13333333336
"2023-04-12 00:00:00",0,0,0,0,293102,384488.76666666666,437456.5333333333
"2023-04-13 00:00:00",0,0,0,0,21159,362663.86666666664,430304.2
"2023-04-14 00:00:00",0,2951,0,0,429210,365597.3,450243.26666666666
"2023-04-15 00:00:00",0,0,0,0,289743,364476.5,458926.1
"2023-04-16 00:00:00",0,1415,0,0,373328,367164.3,462959.0333333333
"2023-04-17 00:00:00",62,0,0,0,995323,380278.7,463094.23333333334
"2023-04-18 00:00:00",0,0,0,0,175284,384306.7,431610.1666666667
"2023-04-19 00:00:00",0,0,206,0,513168,386955.7,453140.9666666667
"2023-04-20 00:00:00",0,1415,206,19,517458,388945.06666666665,468293.7
"2023-04-21 00:00:00",438,1415,0,0,295406,398426.1,466040.86666666664
"2023-04-22 00:00:00",0,0,0,0,677554,387749.1666666667,463767.26666666666
"2023-04-23 00:00:00",129,0,0,0,415438,389232.5333333333,479213.0333333333
"2023-04-24 00:00:00",745,0,0,0,240186,385045.43333333335,481618.5
"2023-04-25 00:00:00",0,0,0,0,190796,383676.1,480175.5333333333
"2023-04-26 00:00:00",0,0,1332,0,200113,358214.7,500894.5333333333
"2023-04-27 00:00:00",0,0,0,0,771099,371486.6666666667,498884.6666666667
"2023-04-28 00:00:00",0,0,0,0,304477,368482.73333333334,476832.9666666667
"2023-04-29 00:00:00",0,0,0,0,761599,383375.1666666667,483407.5333333333
"2023-04-30 00:00:00",0,0,0,19,546542,394986.5,496177.9666666667
"2023-05-01 00:00:00",0,0,206,0,347503,406576.8333333333,500320.5333333333
"2023-05-02 00:00:00",0,0,0,0,569754,420310.6666666667,468199.36666666664
"2023-05-03 00:00:00",0,0,0,0,24962,411946,476346.93333333335
"2023-05-04 00:00:00",0,0,0,0,738621,426612.7,477910.9666666667
"2023-05-05 00:00:00",0,0,0,0,191957,414217.3,463388.73333333334
"2023-05-06 00:00:00",0,0,7108,0,573218,418834.93333333335,467482.3333333333
"2023-05-07 00:00:00",0,0,347,0,587993,425265.86666666664,465712.4666666667
"2023-05-08 00:00:00",0,0,0,0,526346,436759.06666666665,471721.4
"2023-05-09 00:00:00",0,1415,0,0,438821,441362.86666666664,465247.1
"2023-05-10 00:00:00",0,0,0,0,293246,427481.4,476144.5333333333
"2023-05-11 00:00:00",0,0,0,0,177661,416683.36666666664,469059.2
"2023-05-12 00:00:00",570,0,206,0,861208,435646.13333333336,460275.13333333336
"2023-05-13 00:00:00",0,0,0,0,387708,447864.43333333335,466984.5333333333
"2023-05-14 00:00:00",0,0,0,0,417142,447363.76666666666,447838.4666666667
"2023-05-15 00:00:00",0,0,206,0,98016,440979.73333333334,440500.5333333333
"2023-05-16 00:00:00",0,0,0,0,365910,440685.3,453867.8
"2023-05-17 00:00:00",0,0,0,0,770712,433196.1666666667,466016.86666666664
"2023-05-18 00:00:00",0,0,0,0,19706,428010.23333333334,466356.0333333333
"2023-05-19 00:00:00",0,0,0,0,579516,430214.93333333335,455091.9666666667
"2023-05-20 00:00:00",0,0,206,0,290791,422611.56666666665,442984.5
"2023-05-21 00:00:00",0,0,0,0,177275,418612.1,450342.5333333333
"2023-05-22 00:00:00",0,0,0,19,752368,421106.56666666665,453823.0333333333
"2023-05-23 00:00:00",0,0,0,0,363259,419362.9666666667,438118.9
"2023-05-24 00:00:00",0,1415,0,0,493145,427817.26666666666,436197.6
"2023-05-25 00:00:00",0,0,0,0,518918,438754.6666666667,448378.9
"2023-05-26 00:00:00",0,0,0,0,428097,446309.73333333334,445395.06666666665
"2023-05-27 00:00:00",0,0,0,0,282481,430022.4666666667,438904.36666666664
"2023-05-28 00:00:00",0,0,0,0,726399,444086.5333333333,447113.1
"2023-05-29 00:00:00",0,0,0,0,424520,432850.56666666665,431690.0333333333
"2023-05-30 00:00:00",0,0,0,0,306685,424854.7,412986.8
"2023-05-31 00:00:00",0,0,0,0,637050,434499.36666666664,402966.86666666664
"2023-06-01 00:00:00",0,1415,206,0,327095,426464.8,415353.3333333333
"2023-06-02 00:00:00",0,1415,0,0,635419,446860.5333333333,425495.06666666665
"2023-06-03 00:00:00",0,0,0,0,545768,440432.1,405078.6666666667
"2023-06-04 00:00:00",0,2830,0,0,121541,438179.23333333334,416645.86666666664
"2023-06-05 00:00:00",0,10814,206,0,776479,445085,420676.56666666665
"2023-06-06 00:00:00",0,1415,0,0,654405,447334.3333333333,404981.4666666667
"2023-06-07 00:00:00",129,1415,0,0,420864,443869.76666666666,391216.0333333333
"2023-06-08 00:00:00",0,0,0,0,441667,443917.4666666667,405811.36666666664
"2023-06-09 00:00:00",0,0,0,0,136000,438675.93333333335,399507.3333333333
"2023-06-10 00:00:00",0,1415,206,0,477456,448723.1666666667,403435.0333333333
"2023-06-11 00:00:00",0,0,0,0,297127,429894.56666666665,407817.63333333336
"2023-06-12 00:00:00",0,0,206,0,461967,432376.73333333334,405398.36666666664
"2023-06-13 00:00:00",0,0,0,19,368283,430748.76666666666,404445.2
"2023-06-14 00:00:00",0,0,206,0,574273,446624.0333333333,419541.3
"2023-06-15 00:00:00",0,0,206,0,264829,443261.56666666665,397477.9666666667
"2023-06-16 00:00:00",0,0,206,0,595814,437438.5333333333,387335.4666666667
"2023-06-17 00:00:00",0,0,0,0,505378,453627.6,410231.7
"2023-06-18 00:00:00",0,0,206,0,38298,435593.9,411517.1
"2023-06-19 00:00:00",129,0,206,0,367987,438171.43333333335,406857.8333333333
"2023-06-20 00:00:00",0,0,0,0,499689,448918.56666666665,412695.7
"2023-06-21 00:00:00",0,0,0,0,512555,440924.13333333336,418728.23333333334
"2023-06-22 00:00:00",0,2951,486,0,765342,454441.4666666667,422710.5
"2023-06-23 00:00:00",0,0,0,0,339060,449258.13333333336,412552.5
"2023-06-24 00:00:00",0,0,0,0,421642,446015.6,395021.26666666666
"2023-06-25 00:00:00",0,0,352,0,391088,444793.7,395065.23333333334
"2023-06-26 00:00:00",0,0,0,0,359087,447347.23333333334,401834.23333333334
"2023-06-27 00:00:00",0,0,0,0,508975,440099.76666666666,403535.8
"2023-06-28 00:00:00",129,0,0,0,344205,437426.93333333335,411811.23333333334
"2023-06-29 00:00:00",0,0,0,0,597815,447131.26666666666,413406.6666666667
"2023-06-30 00:00:00",0,0,0,0,425108,440066.5333333333,430151.93333333335
"2023-07-01 00:00:00",0,1415,0,0,32653,430244.9,417765.4666666667
"2023-07-02 00:00:00",0,0,206,0,772927,434788.23333333334,407527.06666666665
"2023-07-03 00:00:00",0,0,0,0,167811,422189.6666666667,420697.8
"2023-07-04 00:00:00",0,0,0,0,537637,435965.2,411135.2
"2023-07-05 00:00:00",0,0,0,0,314651,420203.56666666665,406647.7
"2023-07-06 00:00:00",129,0,0,0,464432,413828.26666666666,421259.13333333336
"2023-07-07 00:00:00",0,0,391,0,181131,405798.7,423985
"2023-07-08 00:00:00",0,0,0,0,186291,397286.1666666667,415745.13333333336
"2023-07-09 00:00:00",603,0,206,0,165052,398281.56666666665,431503.26666666666
"2023-07-10 00:00:00",0,0,0,0,1082204,418385.76666666666,419061.13333333336
"2023-07-11 00:00:00",0,0,0,0,520930,425845.86666666664,410671.3
"2023-07-12 00:00:00",0,0,5023,0,403166,424046.4,422526.73333333334
"2023-07-13 00:00:00",0,0,0,0,352159,423508.26666666666,433038.2
"2023-07-14 00:00:00",0,0,0,0,566870,423254.6,417400.7
"2023-07-15 00:00:00",0,0,0,0,423005,428520.23333333334,430206.4
"2023-07-16 00:00:00",0,0,0,0,325895,419516.0333333333,441168.13333333336
"2023-07-17 00:00:00",0,0,206,0,221090,410046.6666666667,424180.4666666667
"2023-07-18 00:00:00",62,0,0,0,622339,429509.86666666664,427508.63333333336
"2023-07-19 00:00:00",0,0,0,0,736179,441771.7,422494.76666666666
"2023-07-20 00:00:00",62,0,0,0,175160,430956.13333333336,404847.4666666667
"2023-07-21 00:00:00",1141,0,0,0,667038,436143.6,410990.3333333333
"2023-07-22 00:00:00",0,0,0,0,482165,426589.8,422843.5333333333
"2023-07-23 00:00:00",0,0,206,0,54009,417095,434977.6
"2023-07-24 00:00:00",0,0,206,0,458938,418345.1,433916.3333333333
"2023-07-25 00:00:00",1903,0,0,0,532629,423114.8333333333,427662.4666666667
"2023-07-26 00:00:00",0,0,0,0,757870,436407.6,433881.3
"2023-07-27 00:00:00",0,1415,0,0,400767,432847.8333333333,428039.06666666665
"2023-07-28 00:00:00",129,0,0,0,311623,431761.76666666666,428421.6
"2023-07-29 00:00:00",0,0,0,0,327589,422754.23333333334,437655
"2023-07-30 00:00:00",0,0,0,0,552375,426996.4666666667,426467.6
"2023-07-31 00:00:00",0,0,0,0,718491,449810.56666666665,441939.86666666664
"2023-08-01 00:00:00",0,0,0,0,169701,429696.13333333336,438011.3333333333
"2023-08-02 00:00:00",62,0,0,0,276744,433329.3,436647.6666666667
"2023-08-03 00:00:00",0,0,206,0,462634,430836.1,451828
"2023-08-04 00:00:00",0,0,0,0,631860,441409.73333333334,447467.73333333334
"2023-08-05 00:00:00",0,0,0,0,281504,435307.8333333333,440995.3333333333
"2023-08-06 00:00:00",0,0,0,0,516990,446490.1,453872.4
"2023-08-07 00:00:00",0,0,0,0,477283,456189.8333333333,449411.9
"2023-08-08 00:00:00",0,0,0,0,977060,483229.76666666666,436813.76666666666
"2023-08-09 00:00:00",0,0,0,0,490698,463512.9,429333
"2023-08-10 00:00:00",129,0,0,0,306274,456362.0333333333,437408.73333333334
"2023-08-11 00:00:00",0,0,376,0,736886,467331.1666666667,430140.9666666667
"2023-08-12 00:00:00",62,0,206,0,504644,472422.9666666667,431825.6666666667
"2023-08-13 00:00:00",62,0,0,19,812503,480613.43333333335,444550.2
"2023-08-14 00:00:00",0,0,0,19,592133,486251.6666666667,440387.36666666664
"2023-08-15 00:00:00",0,0,0,0,293068,485157.43333333335,427578.4
"2023-08-16 00:00:00",2852,0,0,0,776481,503758.6666666667,443982.93333333335
"2023-08-17 00:00:00",0,0,0,0,321806,493738.8333333333,435894.4
"2023-08-18 00:00:00",0,0,0,0,670311,491543.23333333334,436035.76666666666
"2023-08-19 00:00:00",0,0,206,0,758052,510977.8,443398.7
"2023-08-20 00:00:00",0,0,0,0,312485,499121.3333333333,431028.4666666667
"2023-08-21 00:00:00",0,0,0,0,558879,501678.4666666667,418644.86666666664
"2023-08-22 00:00:00",0,0,0,0,547235,518112.43333333335,416872.0333333333
"2023-08-23 00:00:00",0,0,0,0,478601,518760.9666666667,417777.3
"2023-08-24 00:00:00",0,0,437,0,756549,526176.1333333333,408715.6
"2023-08-25 00:00:00",0,0,0,19,85445,503762.6,419136.5
"2023-08-26 00:00:00",0,0,206,0,1010006,524030.3,410571.4
"2023-08-27 00:00:00",0,0,206,0,293326,523422.9666666667,421007.9666666667
"2023-08-28 00:00:00",0,0,0,0,285116,522007.2,409748.13333333336
"2023-08-29 00:00:00",0,45521,0,0,718254,529053.9,409888.43333333335
"2023-08-30 00:00:00",0,0,0,0,545969,523303.1666666667,401829.43333333335
"2023-08-31 00:00:00",0,0,0,0,317720,528237.1333333333,418046.3333333333
"2023-09-01 00:00:00",129,0,0,0,449108,533984.8333333334,410532.6
"2023-09-02 00:00:00",0,0,0,0,289596,528210,397309.5
"2023-09-03 00:00:00",0,0,206,0,749799,532148.2,413819.36666666664
"2023-09-04 00:00:00",0,0,0,19,414085,536568.2333333333,409800.3
"2023-09-05 00:00:00",0,0,0,0,375954,531867.0333333333,399454.56666666665
"2023-09-06 00:00:00",0,0,0,0,477014,531858.0666666667,408371.8
"2023-09-07 00:00:00",0,1415,0,0,499306,515980.1,413472.1666666667
"2023-09-08 00:00:00",0,0,0,0,289457,509272.06666666665,413755.0333333333
"2023-09-09 00:00:00",62,0,206,0,461239,514442.2,417523.5333333333
"2023-09-10 00:00:00",0,0,0,0,602716,509957.3,413419.5
"2023-09-11 00:00:00",0,0,0,19,74269,495603.13333333336,402975.1
"2023-09-12 00:00:00",1773,23041,206,19,952775,501110.86666666664,405829.76666666666
"2023-09-13 00:00:00",0,0,0,0,415837,495233.7,405508.43333333335
"2023-09-14 00:00:00",0,0,0,0,443592,500251.1666666667,419264.4666666667
"2023-09-15 00:00:00",0,1415,206,0,203797,481120.6666666667,408083.7
"2023-09-16 00:00:00",0,0,206,0,614542,490885.43333333335,401231.9
"2023-09-17 00:00:00",0,0,0,0,325512,479392.13333333336,400285.6
"2023-09-18 00:00:00",11293,0,0,0,482559,470578.6,405185.06666666665
"2023-09-19 00:00:00",0,0,0,0,182751,466254.13333333336,413764.9666666667
"2023-09-20 00:00:00",0,0,206,19,305384,457811.8333333333,409599.4
"2023-09-21 00:00:00",129,0,0,0,475648,455429.93333333335,413632.3333333333
"2023-09-22 00:00:00",0,0,0,0,325561,450328.6,402219.4
"2023-09-23 00:00:00",0,0,206,0,541806,443162.8,422757.3
"2023-09-24 00:00:00",0,0,0,0,645121,461818.0333333333,397703.1
"2023-09-25 00:00:00",0,0,0,0,396911,441374.63333333336,415766.76666666666
"2023-09-26 00:00:00",0,0,0,0,57891,433519.9,414110.5333333333
"2023-09-27 00:00:00",0,0,101,0,432488,438435.7,413034.1666666667
"2023-09-28 00:00:00",0,0,0,0,411092,426679.56666666665,426598.13333333336
"2023-09-29 00:00:00",0,0,206,0,765888,434017.1,432004
"2023-09-30 00:00:00",0,1415,0,0,185709,429663.9,413591.86666666664
"2023-10-01 00:00:00",0,0,0,0,929308,445666.26666666666,417919.8
"2023-10-02 00:00:00",0,0,0,0,516498,453229.6666666667,403577.4
"2023-10-03 00:00:00",0,5537,0,0,423566,442532.93333333335,405136.5333333333
"2023-10-04 00:00:00",129,0,413,0,440762,443439.6,416020.8333333333
"2023-10-05 00:00:00",0,1415,0,19,547237,449196.86666666664,417864.56666666665
"2023-10-06 00:00:00",0,0,0,0,183141,439401.1,405733.9
"2023-10-07 00:00:00",0,0,0,0,557654,441298.86666666664,400484.8
"2023-10-08 00:00:00",0,0,1443,0,731414,456078.86666666664,439863.3333333333
"2023-10-09 00:00:00",0,1415,0,0,522397,458155.6666666667,421822.8
"2023-10-10 00:00:00",0,0,0,0,564507,456882.0333333333,423540.3333333333
"2023-10-11 00:00:00",0,0,0,0,132915,458836.26666666666,430169.1666666667
"2023-10-12 00:00:00",0,0,0,0,536711,444132.76666666666,430011.6666666667
"2023-10-13 00:00:00",0,0,206,0,1084511,466428.8,432906.93333333335
"2023-10-14 00:00:00",129,0,0,0,527940,469244.73333333334,419688.1
"2023-10-15 00:00:00",129,0,0,0,344176,473874.3,415004.06666666665
"2023-10-16 00:00:00",2778,0,206,19,666290,475692.4666666667,427953.4666666667
"2023-10-17 00:00:00",0,0,0,0,181892,470905.13333333336,433608.36666666664
"2023-10-18 00:00:00",0,2033,0,0,754629,479665.43333333335,420271.4
"2023-10-19 00:00:00",0,0,0,0,439094,488210.2,437292.56666666665
"2023-10-20 00:00:00",1773,0,206,0,179127,484060.1,438552.63333333336
"2023-10-21 00:00:00",1747,0,0,0,341795,479652.26666666666,423853.26666666666
"2023-10-22 00:00:00",0,0,0,0,789252,495108.63333333336,448474.56666666665
"2023-10-23 00:00:00",0,0,0,0,362465,489123.7,433489.6666666667
"2023-10-24 00:00:00",0,0,0,0,316746,478177.86666666664,449609.1
"2023-10-25 00:00:00",0,0,0,0,619252,485589.23333333334,442047.9
"2023-10-26 00:00:00",0,0,0,19,406354,497205.3,437827.0333333333
"2023-10-27 00:00:00",0,0,0,0,10790,483145.3,439153.13333333336
"2023-10-28 00:00:00",0,0,413,0,406749,483014.3333333333,425425.36666666664
"2023-10-29 00:00:00",129,0,206,0,810487,484505.26666666666,423673.43333333335
"2023-10-30 00:00:00",0,0,0,0,334608,489421.4,444345.9
"2023-10-31 00:00:00",0,1415,0,0,456214,473698.76666666666,435797.93333333335
"2023-11-01 00:00:00",3807,0,0,0,191479,462991.7,441883.6
"2023-11-02 00:00:00",0,0,0,0,263809,457481.86666666664,423253.93333333335
"2023-11-03 00:00:00",129,0,0,0,442441,457524.06666666665,410641.6
"2023-11-04 00:00:00",0,0,0,0,899312,469212.06666666665,401046.56666666665
"2023-11-05 00:00:00",0,0,413,19,320363,473800.56666666665,405164.5
"2023-11-06 00:00:00",0,0,0,0,303621,465332.8,419742
"2023-11-07 00:00:00",0,0,206,0,458348,456189.4,386818.9666666667
"2023-11-08 00:00:00",0,0,0,0,308719,449019.63333333336,383057.6
"2023-11-09 00:00:00",0,0,0,0,241936,438267.26666666666,397754.8333333333
"2023-11-10 00:00:00",0,1415,0,0,1175402,473064,399884.1
"2023-11-11 00:00:00",62,0,206,0,303148,465287.56666666665,403838.26666666666
"2023-11-12 00:00:00",0,0,0,0,63339,431241.6,396793.6
"2023-11-13 00:00:00",0,0,0,0,394561,426791.3,394563.4
"2023-11-14 00:00:00",0,0,0,19,498249,431923.36666666664,416797.43333333335
"2023-11-15 00:00:00",129,1415,0,0,18330,410276.06666666665,420234.8333333333
"2023-11-16 00:00:00",0,0,0,0,171445,409927.8333333333,408730.3333333333
"2023-11-17 00:00:00",0,0,0,0,314356,395184.3,412266.23333333334
"2023-11-18 00:00:00",0,0,413,0,336796,391788.1666666667,400369.8333333333
"2023-11-19 00:00:00",0,0,0,0,0,385751.26666666666,405673.86666666664
"2023-11-20 00:00:00",0,0,0,0,63015,376400.3333333333,410353.4
"2023-11-21 00:00:00",0,0,0,0,389946,363090.13333333336,417219.3333333333
"2023-11-22 00:00:00",0,0,0,0,561570,369726.9666666667,421396.4
"2023-11-23 00:00:00",129,0,0,0,348638,370794.36666666664,410022.63333333336
"2023-11-24 00:00:00",129,0,206,0,343827,361624.73333333334,418818.8
"2023-11-25 00:00:00",129,0,0,0,204769,354908.93333333335,407615.43333333335
"2023-11-26 00:00:00",0,0,0,0,325217,365389.8333333333,417995.1
"2023-11-27 00:00:00",0,1415,0,0,332547,362949.8,417257.43333333335
"2023-11-28 00:00:00",0,0,0,0,232196,343662.23333333334,419672.6
"2023-11-29 00:00:00",0,0,0,0,487790,348768.3,415432.56666666665
"2023-11-30 00:00:00",259,1415,0,0,0,333569.8,420181.3
"2023-12-01 00:00:00",0,0,8622,0,288422,336961.76666666666,427697.73333333334
"2023-12-02 00:00:00",0,0,0,0,994261,361310.1666666667,422830.4666666667
"2023-12-03 00:00:00",0,0,0,0,349331,358202.1666666667,431751.2
"2023-12-04 00:00:00",0,7927,206,0,335741,339687.6,431136.76666666666
"2023-12-05 00:00:00",0,0,206,0,422644,343089.43333333335,428016.43333333335
"2023-12-06 00:00:00",0,0,206,0,935649,364163.93333333335,404674.3333333333
"2023-12-07 00:00:00",129,0,0,0,174831,354710.8,409523.5
"2023-12-08 00:00:00",0,0,0,0,470631,360107.86666666664,435901.43333333335
"2023-12-09 00:00:00",0,1415,0,0,452271,367166.2,434806.8
"2023-12-10 00:00:00",0,0,0,0,471115,343642.8,425022.26666666666
"2023-12-11 00:00:00",0,0,206,0,534492,351352.1666666667,406573.8333333333
"2023-12-12 00:00:00",0,0,0,0,347893,360837.3,429140.4
"2023-12-13 00:00:00",0,0,0,0,193490,354134.93333333335,425835.8
"2023-12-14 00:00:00",0,0,0,0,402080,350928.6666666667,410377.76666666666
"2023-12-15 00:00:00",129,0,413,0,331982,361350.3333333333,404607.23333333334
"2023-12-16 00:00:00",0,0,0,0,1008988,389268.43333333335,416957.13333333336
"2023-12-17 00:00:00",0,0,0,0,433539,393241.2,418158.7
"2023-12-18 00:00:00",393,0,0,0,365096,394183.8333333333,419900.8
"2023-12-19 00:00:00",0,0,206,0,523331,411635.1,410659
"2023-12-20 00:00:00",129,0,0,0,182017,415606.13333333336,406449.73333333334
"2023-12-21 00:00:00",0,0,0,0,198293,409217.7,407754.6
"2023-12-22 00:00:00",0,0,0,0,530804,408192.1666666667,408869.9666666667
"2023-12-23 00:00:00",0,0,0,0,468621,412187.26666666666,403890.7
"2023-12-24 00:00:00",0,0,0,0,43482,402164.56666666665,387964.93333333335
"2023-12-25 00:00:00",0,0,206,0,554736,413832.7,391740.1666666667
"2023-12-26 00:00:00",0,0,206,0,215915,410196.2,392197.5
"2023-12-27 00:00:00",55,0,0,0,617400,419645.9666666667,391738.86666666664
"2023-12-28 00:00:00",0,0,0,0,666127,434110.3333333333,391999.6
"2023-12-29 00:00:00",0,0,0,0,517195,435090.5,384834.3
"2023-12-30 00:00:00",0,0,0,0,480750,451059.7,393728.6
"2023-12-31 00:00:00",0,0,0,0,414145,454963.0333333333,391075.1
"2024-01-01 00:00:00",2462,1415,0,0,151066,426985.76666666666,409778.5
"2024-01-02 00:00:00",55,0,0,0,36727,416567.4666666667,404001.8
"2024-01-03 00:00:00",0,0,0,0,194006,411571.8333333333,409664.73333333334
"2024-01-04 00:00:00",0,0,0,0,350265,409152.3,405707.1
"2024-01-05 00:00:00",129,0,206,0,215650,385156.63333333336,404625.6
"2024-01-06 00:00:00",260,0,0,0,948718,410957.23333333334,406521.76666666666
"2024-01-07 00:00:00",0,0,0,0,163040,400704.2,408779.2
"2024-01-08 00:00:00",0,0,0,0,216391,392794.36666666664,390598
"2024-01-09 00:00:00",0,0,0,0,225041,384591.9,394242.2
"2024-01-10 00:00:00",0,0,0,0,713467,390550.8333333333,393182.8
"2024-01-11 00:00:00",129,0,0,0,11940,379356.73333333334,366397.9666666667
"2024-01-12 00:00:00",0,0,0,0,600056,392908.93333333335,372593.6666666667
"2024-01-13 00:00:00",0,0,0,0,705316,403016.8,357118.93333333335
"2024-01-14 00:00:00",0,0,0,0,457643,407187.4,352794.63333333336
"2024-01-15 00:00:00",0,0,0,0,97486,376804,346899.5333333333
"2024-01-16 00:00:00",62,0,0,0,170358,368033.36666666664,339233.5333333333
"2024-01-17 00:00:00",0,0,0,0,0,355850.4,326875.8333333333
"2024-01-18 00:00:00",0,0,0,0,108460,342014.4666666667,329301.73333333334
"2024-01-19 00:00:00",0,0,206,19,42563,337369.23333333334,325522.73333333334
"2024-01-20 00:00:00",0,0,0,0,665033,352927.23333333334,308071.8333333333
"2024-01-21 00:00:00",0,0,0,0,196264,341775.9,310040.23333333334
"2024-01-22 00:00:00",62,0,0,0,988688,359113.5333333333,331832.6666666667
"2024-01-23 00:00:00",0,0,206,0,311129,368042,360223.06666666665
"2024-01-24 00:00:00",0,0,0,0,674838,372038.5,367465.6
"2024-01-25 00:00:00",0,0,0,0,183657,370956.3333333333,362970.0333333333
"2024-01-26 00:00:00",129,0,0,0,172120,356116.13333333336,370485.13333333336
"2024-01-27 00:00:00",0,0,206,0,520984,351284.9,357157.23333333334
"2024-01-28 00:00:00",0,0,0,0,371560,346430.4,351678.63333333336
"2024-01-29 00:00:00",0,0,0,0,742479,355154.7,345357.13333333336
"2024-01-30 00:00:00",129,1415,0,0,335509,352585,338835.36666666664
"2024-01-31 00:00:00",0,0,0,0,216586,354639.76666666666,315621.93333333335
"2024-02-01 00:00:00",0,0,0,0,6736,353638.23333333334,330321.26666666666
"2024-02-02 00:00:00",62,0,0,0,12481,347589.4666666667,329356.8333333333
"2024-02-03 00:00:00",0,0,0,0,333252,347022.36666666664,320887.8
"2024-02-04 00:00:00",129,0,0,0,0,339827.13333333336,329687.5333333333
"2024-02-05 00:00:00",0,36730,0,0,398353,322697.3,345832.43333333335
"2024-02-06 00:00:00",0,0,0,0,254600,325749.3,334622.8333333333
"2024-02-07 00:00:00",0,0,0,0,293654,328324.73333333334,341040.3
"2024-02-08 00:00:00",0,0,0,0,251705,329213.5333333333,331603.73333333334
"2024-02-09 00:00:00",0,0,0,19,503743,322223.36666666664,332170.3333333333
"2024-02-10 00:00:00",0,6159,0,0,386604,334913.1666666667,331198.6
"2024-02-11 00:00:00",0,0,0,0,336900,326141.3,339481.0333333333
"2024-02-12 00:00:00",0,0,0,19,279719,311955.4,346290.06666666665
"2024-02-13 00:00:00",0,0,0,0,352117,308437.86666666664,363790.5
"2024-02-14 00:00:00",0,1415,0,0,429637,319556.73333333334,370096.73333333334
"2024-02-15 00:00:00",0,0,0,0,257855,322471.23333333334,382763.5
"2024-02-16 00:00:00",0,0,0,0,217333,329715.6666666667,382395.4
"2024-02-17 00:00:00",191,0,0,0,204590,332926.4,382806.9
"2024-02-18 00:00:00",0,1415,0,0,58366,333492.8,394942.3
"2024-02-19 00:00:00",0,0,0,0,495717,327848.93333333335,401573.6
"2024-02-20 00:00:00",0,0,0,0,612220,341714.13333333336,388873.4
"2024-02-21 00:00:00",129,0,0,0,1694,308816.56666666665,384178.5333333333
"2024-02-22 00:00:00",0,0,0,0,334498,309588.63333333336,360390.1666666667
"2024-02-23 00:00:00",0,1415,206,0,902778,317240.7,358898.36666666664
"2024-02-24 00:00:00",0,0,0,0,19910,311782.4666666667,349687.43333333335
"2024-02-25 00:00:00",0,0,433,0,37800,307315.26666666666,334273.23333333334
"2024-02-26 00:00:00",0,0,0,0,314503,300425.7,346683.9
"2024-02-27 00:00:00",0,0,206,19,345886,299577.43333333335,361241.5333333333
"2024-02-28 00:00:00",0,0,0,0,327520,285745.4666666667,360615
"2024-02-29 00:00:00",191,0,0,0,584221,293990.76666666666,359510.7
"2024-03-01 00:00:00",0,0,0,0,564938,305602.5,368465.76666666666
"2024-03-02 00:00:00",0,0,0,0,531672,323100.36666666664,358331.0333333333
"2024-03-03 00:00:00",547,0,0,0,392742,335791.93333333335,360098.4
"2024-03-04 00:00:00",0,1415,0,0,368737,337021.93333333335,373626.73333333334
"2024-03-05 00:00:00",0,0,0,0,523881,354480.3333333333,376195.26666666666
"2024-03-06 00:00:00",0,0,0,0,537193,357883.9666666667,351986.36666666664
"2024-03-07 00:00:00",129,0,0,0,657789,371327.93333333335,353267.6666666667
"2024-03-08 00:00:00",0,0,0,0,187741,367797.5,350101.13333333336
"2024-03-09 00:00:00",0,0,0,0,585227,378914.9,357291.6666666667
"2024-03-10 00:00:00",62,0,0,0,352302,373868.3333333333,376807.9
"2024-03-11 00:00:00",0,0,0,0,183234,366884,388656.36666666664
"2024-03-12 00:00:00",0,0,0,0,1026794,389880.4666666667,384471.4
"2024-03-13 00:00:00",0,0,0,19,42265,381965.3,397562.4666666667
"2024-03-14 00:00:00",0,0,0,0,543751,388353.1,384926.63333333336
"2024-03-15 00:00:00",0,0,0,0,578468,393266.9666666667,380062.63333333336
"2024-03-16 00:00:00",0,0,206,0,589755,404337.2,374137.06666666665
"2024-03-17 00:00:00",0,0,0,0,117829,401020.4,385126.86666666664
"2024-03-18 00:00:00",40278,10147,206,0,1341710,440605.76666666666,376305.4
"2024-03-19 00:00:00",62,0,0,0,384211,451422.1666666667,377125.4666666667
"2024-03-20 00:00:00",0,0,0,19,321276,445608.1,370017.2
"2024-03-21 00:00:00",0,0,0,0,557647,443789,366752.1666666667
"2024-03-22 00:00:00",0,0,741,0,355897,455616.2,380181.9
"2024-03-23 00:00:00",0,0,0,0,568145,463404.43333333335,382599.13333333336
"2024-03-24 00:00:00",0,0,0,0,216546,440475.9666666667,380117.4
"2024-03-25 00:00:00",0,0,206,0,321641,450540.56666666665,380517.76666666666
"2024-03-26 00:00:00",0,0,206,0,468003,464873.13333333336,411158.73333333334
"2024-03-27 00:00:00",62,0,206,0,488256,470673.86666666664,410764.2
"2024-03-28 00:00:00",0,0,0,0,478380,475082.8,402360.6
"2024-03-29 00:00:00",129,0,0,0,399033,477470.86666666664,401993.1
"2024-03-30 00:00:00",0,1415,0,0,604817,478198.1666666667,404861.9
"2024-03-31 00:00:00",62,0,0,0,366419,471582.93333333335,395906.8333333333
"2024-04-01 00:00:00",0,0,0,0,213601,460980.56666666665,386308.7
"2024-04-02 00:00:00",369,0,741,0,761507,473291.5,386016.63333333336
"2024-04-03 00:00:00",0,0,0,0,266490,469836.1,381869.5333333333
"2024-04-04 00:00:00",129,0,0,0,550993,470744.1666666667,389295.23333333334
"2024-04-05 00:00:00",0,0,0,18,0,452838.3333333333,398286.73333333334
"2024-04-06 00:00:00",1709,0,0,0,575318,450141.9666666667,391149.56666666665
"2024-04-07 00:00:00",62,0,0,0,366810,456113,385560.26666666666
"2024-04-08 00:00:00",0,0,0,19,301575,446658.56666666665,388440.4666666667
"2024-04-09 00:00:00",8796,0,0,0,459818,450533.5333333333,391342.43333333335
"2024-04-10 00:00:00",0,0,206,0,604082,464568.7,390578.4
"2024-04-11 00:00:00",0,0,0,0,299683,440331.6666666667,384488.76666666666
"2024-04-12 00:00:00",0,0,0,0,672031,461323.23333333334,362663.86666666664
"2024-04-13 00:00:00",0,0,0,0,520554,460550,365597.3
"2024-04-14 00:00:00",0,0,0,0,491214,457641.5333333333,364476.5
"2024-04-15 00:00:00",0,0,0,0,221504,445359.6,367164.3
"2024-04-16 00:00:00",0,0,0,0,705771,464957.6666666667,380278.7
"2024-04-17 00:00:00",0,0,0,0,325974,429412.0333333333,384306.7
"2024-04-18 00:00:00",0,0,0,0,368124,428873.73333333334,386955.7
"2024-04-19 00:00:00",129,0,0,0,353053,429936.6666666667,388945.06666666665
"2024-04-20 00:00:00",0,0,0,0,579607,430668.6666666667,398426.1
"2024-04-21 00:00:00",3702,0,0,0,311760,429296.1,387749.1666666667
"2024-04-22 00:00:00",0,0,0,0,470850,426052.93333333335,389232.5333333333
"2024-04-23 00:00:00",0,0,0,0,539004,436801.5333333333,385045.43333333335
"2024-04-24 00:00:00",0,0,0,0,222921,433503.9666666667,383676.1
"2024-04-25 00:00:00",0,0,0,0,546304,436107.1,358214.7
"2024-04-26 00:00:00",62,0,0,0,625089,440661.3,371486.6666666667
"2024-04-27 00:00:00",0,0,0,18,113451,428497.6,368482.73333333334
"2024-04-28 00:00:00",5722,0,0,0,522754,432808.1,383375.1666666667
"2024-04-29 00:00:00",0,0,0,0,169114,418237.5,394986.5
"2024-04-30 00:00:00",55,0,741,0,575087,425217.63333333336,406576.8333333333
"2024-05-01 00:00:00",0,0,0,0,563025,436865.1,420310.6666666667
"2024-05-02 00:00:00",0,0,0,0,598867,431406.73333333334,411946
"2024-05-03 00:00:00",0,0,0,0,45054,424025.5333333333,426612.7
"2024-05-04 00:00:00",0,0,0,0,1081354,441699.9,414217.3
"2024-05-05 00:00:00",0,0,0,0,463292,457142.36666666664,418834.93333333335
"2024-05-06 00:00:00",0,0,2014,0,7059,438210.56666666665,425265.86666666664
"2024-05-07 00:00:00",0,0,0,0,480209,441988.4666666667,436759.06666666665
"2024-05-08 00:00:00",8925,0,0,0,1001224,465606.9666666667,441362.86666666664
"2024-05-09 00:00:00",0,0,0,19,423136,464091.6666666667,427481.4
"2024-05-10 00:00:00",0,0,0,0,624916,464779.23333333334,416683.36666666664
"2024-05-11 00:00:00",129,0,0,0,422269,468869.76666666666,435646.13333333336
"2024-05-12 00:00:00",0,0,0,0,198011,453069.1,447864.43333333335
"2024-05-13 00:00:00",0,0,0,0,388294,448660.43333333335,447363.76666666666
"2024-05-14 00:00:00",0,0,0,0,626425,453167.4666666667,440979.73333333334
"2024-05-15 00:00:00",0,0,206,0,556514,464341.36666666664,440685.3
"2024-05-16 00:00:00",0,0,125,0,387679,453742.4666666667,433196.1666666667
"2024-05-17 00:00:00",0,0,0,0,761643,468264.76666666666,428010.23333333334
"2024-05-18 00:00:00",0,0,0,0,36710,457217.63333333336,430214.93333333335
"2024-05-19 00:00:00",0,0,0,0,487125,461682.36666666664,422611.56666666665
"2024-05-20 00:00:00",0,0,0,0,706628,465916.4,418612.1
"2024-05-21 00:00:00",0,0,1313,0,371283,467820.9,421106.56666666665
"2024-05-22 00:00:00",0,0,14871,0,795157,479126.8333333333,419362.9666666667
"2024-05-23 00:00:00",62,0,0,0,504173,477967.86666666664,427817.26666666666
"2024-05-24 00:00:00",0,0,206,0,391350,483589.06666666665,438754.6666666667
"2024-05-25 00:00:00",0,0,0,0,300500,475395.6,446309.73333333334
"2024-05-26 00:00:00",0,0,0,0,103621,458011.26666666666,430022.4666666667
"2024-05-27 00:00:00",0,0,206,0,930643,485257.3,444086.5333333333
"2024-05-28 00:00:00",0,0,0,0,211552,474693.13333333336,432850.56666666665
"2024-05-29 00:00:00",0,0,0,0,152981,474155.36666666664,424854.7
"2024-05-30 00:00:00",0,0,0,0,795161,481464.56666666665,434499.36666666664
"2024-05-31 00:00:00",0,0,206,0,545402,480884.0333333333,426464.8
"2024-06-01 00:00:00",0,0,0,0,313199,471361.76666666666,446860.5333333333
"2024-06-02 00:00:00",0,0,206,0,259503,478516.9666666667,440432.1
"2024-06-03 00:00:00",129,0,0,19,424255,456618.6,438179.23333333334
"2024-06-04 00:00:00",0,0,0,0,298002,451108.93333333335,445085
"2024-06-05 00:00:00",0,0,0,0,775684,476662.6,447334.3333333333
"2024-06-06 00:00:00",0,0,0,0,640558,482007.56666666665,443869.76666666666
"2024-06-07 00:00:00",0,0,0,0,592661,468091.3,443917.4666666667
"2024-06-08 00:00:00",0,0,0,0,173887,459782.36666666664,438675.93333333335
"2024-06-09 00:00:00",0,1415,206,0,506012,455872.9666666667,448723.1666666667
"2024-06-10 00:00:00",0,0,0,19,635161,462965.6666666667,429894.56666666665
"2024-06-11 00:00:00",0,0,0,0,611795,476758.4666666667,432376.73333333334
"2024-06-12 00:00:00",0,0,285,0,471642,479546.23333333334,430748.76666666666
"2024-06-13 00:00:00",0,0,0,0,197737,465256.63333333336,446624.0333333333
"2024-06-14 00:00:00",0,0,0,0,553445,465147.43333333335,443261.56666666665
"2024-06-15 00:00:00",0,0,0,0,699504,475537.43333333335,437438.5333333333
"2024-06-16 00:00:00",0,0,0,19,259111,458787,453627.6
"2024-06-17 00:00:00",0,0,0,0,784056,483698.5333333333,435593.9
"2024-06-18 00:00:00",0,0,0,0,380462,480143.1,438171.43333333335
"2024-06-19 00:00:00",0,0,1078,0,328580,467577.4666666667,448918.56666666665
"2024-06-20 00:00:00",0,0,0,0,396047,468359.13333333336,440924.13333333336
"2024-06-21 00:00:00",0,0,0,0,553325,459802.36666666664,454441.4666666667
"2024-06-22 00:00:00",0,0,0,0,410105,456664.7,449258.13333333336
"2024-06-23 00:00:00",0,1415,0,0,563781,462452.6666666667,446015.6
"2024-06-24 00:00:00",0,0,0,0,354436,464250.5333333333,444793.7
"2024-06-25 00:00:00",0,0,0,0,300293,470806.26666666666,447347.23333333334
"2024-06-26 00:00:00",0,0,206,19,144717,444609.36666666664,440099.76666666666
"2024-06-27 00:00:00",129,0,0,0,645409,459075.6,437426.93333333335
"2024-06-28 00:00:00",0,0,0,19,489089,470279.8333333333,447131.26666666666
"2024-06-29 00:00:00",0,0,0,0,409335,457418.9666666667,440066.5333333333
"2024-06-30 00:00:00",0,0,0,0,784121,465369.36666666664,430244.9
"2024-07-01 00:00:00",0,0,206,0,151596,459989.5,434788.23333333334
"2024-07-02 00:00:00",0,0,0,0,417042,465233.9,422189.6666666667
"2024-07-03 00:00:00",0,0,0,19,454247,466229.3333333333,435965.2
"2024-07-04 00:00:00",0,0,0,0,408928,469926.86666666664,420203.56666666665
"2024-07-05 00:00:00",0,0,0,0,894964,473902.86666666664,413828.26666666666
"2024-07-06 00:00:00",0,0,206,0,919317,483201.7,405798.7
"2024-07-07 00:00:00",0,0,1281,0,216983,470721.8333333333,397286.1666666667
"2024-07-08 00:00:00",0,0,206,0,349214,476572.9666666667,398281.56666666665
"2024-07-09 00:00:00",0,0,0,0,406341,473196.5333333333,418385.76666666666
"2024-07-10 00:00:00",0,0,0,19,636701,473247.86666666664,425845.86666666664
"2024-07-11 00:00:00",0,0,0,0,578144,472126.1666666667,424046.4
"2024-07-12 00:00:00",0,0,0,0,480341,472406.63333333336,423508.26666666666
"2024-07-13 00:00:00",0,0,0,0,237434,473729.86666666664,423254.6
"2024-07-14 00:00:00",0,0,0,0,648013,476882.13333333336,428520.23333333334
"2024-07-15 00:00:00",0,0,206,0,572350,472650.56666666665,419516.0333333333
"2024-07-16 00:00:00",0,0,0,0,595540,483864.23333333334,410046.6666666667
"2024-07-17 00:00:00",0,0,0,0,82977,460494.93333333335,429509.86666666664
"2024-07-18 00:00:00",0,0,0,0,590719,467503.5,441771.7
"2024-07-19 00:00:00",0,0,0,0,243291,464624.56666666665,430956.13333333336
"2024-07-20 00:00:00",0,1415,413,0,347621,463071.3333333333,436143.6
"2024-07-21 00:00:00",0,0,0,0,108638,448248.43333333335,426589.8
"2024-07-22 00:00:00",129,0,741,0,435324,449118.13333333336,417095
"2024-07-23 00:00:00",0,0,0,0,286010,439811.93333333335,418345.1
"2024-07-24 00:00:00",0,0,0,0,3334,428108.5333333333,423114.8333333333
"2024-07-25 00:00:00",0,0,0,0,302102,428168.8333333333,436407.6
"2024-07-26 00:00:00",0,0,0,19,256276,431880.56666666665,432847.8333333333
"2024-07-27 00:00:00",0,0,0,0,256135,418900.43333333335,431761.76666666666
"2024-07-28 00:00:00",0,0,1022,0,158197,407904.13333333336,422754.23333333334
"2024-07-29 00:00:00",0,0,1138,0,384393,407110.6666666667,426996.4666666667
"2024-07-30 00:00:00",0,0,0,0,346281,392516,449810.56666666665
"2024-07-31 00:00:00",0,0,0,0,390166,400461.43333333335,429696.13333333336
"2024-08-01 00:00:00",0,0,0,0,109751,390218.4,433329.3
"2024-08-02 00:00:00",0,0,0,0,183358,381188.13333333336,430836.1
"2024-08-03 00:00:00",0,0,741,0,762602,393001.9666666667,441409.73333333334
"2024-08-04 00:00:00",0,0,0,0,65974,365368.9666666667,435307.8333333333
"2024-08-05 00:00:00",0,0,0,0,239392,342697.93333333335,446490.1
"2024-08-06 00:00:00",0,0,0,0,92625,338509.93333333335,456189.8333333333
"2024-08-07 00:00:00",0,0,496,0,273261,335987.8333333333,483229.76666666666
"2024-08-08 00:00:00",0,0,0,0,331099,333479.76666666666,463512.9
"2024-08-09 00:00:00",0,0,206,0,533754,330054.4666666667,456362.0333333333
"2024-08-10 00:00:00",0,0,206,0,211997,317856.4666666667,467331.1666666667
"2024-08-11 00:00:00",129,0,0,0,422212,315923.13333333336,472422.9666666667
"2024-08-12 00:00:00",0,0,741,0,184634,314187.86666666664,480613.43333333335
"2024-08-13 00:00:00",129,0,0,0,36782,293817.8333333333,486251.6666666667
"2024-08-14 00:00:00",0,0,0,0,616512,295283,485157.43333333335
"2024-08-15 00:00:00",0,0,206,0,348982,287071.3,503758.6666666667
"2024-08-16 00:00:00",129,0,0,0,325537,295160.9666666667,493738.8333333333
"2024-08-17 00:00:00",0,0,0,0,705982,299003.06666666665,491543.23333333334
"2024-08-18 00:00:00",0,0,0,0,501269,307602.3333333333,510977.8
"2024-08-19 00:00:00",0,72094,1810,0,201224,305125,499121.3333333333
"2024-08-20 00:00:00",0,0,0,0,410705,315193.9,501678.4666666667
"2024-08-21 00:00:00",0,0,0,0,199396,307300.56666666665,518112.43333333335
"2024-08-22 00:00:00",0,1415,0,0,209275,304789.9,518760.9666666667
"2024-08-23 00:00:00",0,0,0,0,481109,320715.73333333334,526176.1333333333
"2024-08-24 00:00:00",129,0,0,0,748311,335593.6666666667,503762.6
"2024-08-25 00:00:00",0,0,0,0,612348,347462.1,524030.3
"2024-08-26 00:00:00",0,1415,0,0,70013,341305.2,523422.9666666667
"2024-08-27 00:00:00",5782,0,0,0,163934,341655.13333333336,522007.2
"2024-08-28 00:00:00",0,0,0,0,475103,344640.86666666664,529053.9
"2024-08-29 00:00:00",0,0,0,0,431656,347486.7,523303.1666666667
"2024-08-30 00:00:00",0,0,0,0,794099,360951.13333333336,528237.1333333333
"2024-08-31 00:00:00",0,0,206,0,371397,369679.56666666665,533984.8333333334
"2024-09-01 00:00:00",0,0,0,0,210553,370586.06666666665,528210
"2024-09-02 00:00:00",0,0,0,0,554015,363608.4666666667,532148.2
"2024-09-03 00:00:00",0,0,0,0,694057,384544.56666666665,536568.2333333333
"2024-09-04 00:00:00",0,1415,741,0,412547,390388.3,531867.0333333333
"2024-09-05 00:00:00",0,0,579,0,377888,399916.4,531858.0666666667
"2024-09-06 00:00:00",129,0,206,0,671868,413197.9666666667,515980.1
"2024-09-07 00:00:00",0,0,206,0,654729,423992.5333333333,509272.06666666665
"2024-09-08 00:00:00",0,0,206,0,541812,424261.13333333336,514442.2
"2024-09-09 00:00:00",0,0,0,0,481549,433239.3,509957.3
"2024-09-10 00:00:00",0,0,0,0,687137,442065.8333333333,495603.13333333336
"2024-09-11 00:00:00",0,0,145,0,73619,438345.4666666667,501110.86666666664
"2024-09-12 00:00:00",0,0,0,0,264345,445926.56666666665,495233.7
"2024-09-13 00:00:00",129,1415,0,0,256190,433967.3333333333,500251.1666666667
"2024-09-14 00:00:00",0,0,0,0,765714,447851.5,481120.6666666667
"2024-09-15 00:00:00",0,0,0,0,544378,455141.86666666664,490885.43333333335
"2024-09-16 00:00:00",0,1415,0,0,235572,439508.7,479392.13333333336
"2024-09-17 00:00:00",0,0,0,0,621645,443521.23333333334,470578.6
"2024-09-18 00:00:00",0,26429,0,0,222620,442651.86666666664,466254.13333333336
"2024-09-19 00:00:00",0,0,0,0,524092,446431.43333333335,457811.8333333333
"2024-09-20 00:00:00",0,2830,0,0,317580,450465.23333333334,455429.93333333335
"2024-09-21 00:00:00",0,0,0,0,313974,453908.0333333333,450328.6
"2024-09-22 00:00:00",0,0,0,0,663953,460002.8333333333,443162.8
"2024-09-23 00:00:00",0,2830,206,0,534710,452979.73333333334,461818.0333333333
"2024-09-24 00:00:00",0,0,413,0,443668,447370.86666666664,441374.63333333336
"2024-09-25 00:00:00",0,1415,0,0,323736,455828.3,433519.9
"2024-09-26 00:00:00",0,0,0,0,521405,467551.23333333334,438435.7
"2024-09-27 00:00:00",0,0,0,0,525604,469234.6,426679.56666666665
"2024-09-28 00:00:00",129,52425,206,0,679086,479241.0333333333,434017.1
"2024-09-29 00:00:00",62,0,0,0,469426,468420.6666666667,429663.9
"2024-09-30 00:00:00",0,0,0,0,457868,471296.13333333336,445666.26666666666
"2024-10-01 00:00:00",0,0,206,0,37631,465538.9666666667,453229.6666666667
"2024-10-02 00:00:00",0,0,0,0,689814,470065.6,442532.93333333335
"2024-10-03 00:00:00",0,0,0,0,448887,461893.26666666666,443439.6
"2024-10-04 00:00:00",0,0,206,0,25922,448940.76666666666,449196.86666666664
"2024-10-05 00:00:00",0,0,0,0,505158,453163.76666666666,439401.1
"2024-10-06 00:00:00",0,0,0,0,415122,444594.3333333333,441298.86666666664
"2024-10-07 00:00:00",0,0,0,0,649176,444402.3333333333,456078.86666666664
"2024-10-08 00:00:00",0,0,0,0,604653,446490.13333333336,458155.6666666667
"2024-10-09 00:00:00",0,0,0,0,413095,444208.3333333333,456882.0333333333
"2024-10-10 00:00:00",0,0,0,0,352616,433057.63333333336,458836.26666666666
"2024-10-11 00:00:00",0,0,0,0,339619,441919.43333333335,444132.76666666666
"2024-10-12 00:00:00",0,0,0,0,554370,451586.93333333335,466428.8
"2024-10-13 00:00:00",129,0,0,0,529439,460648.06666666665,469244.73333333334
"2024-10-14 00:00:00",0,0,205,0,66093,437334.2,473874.3
"2024-10-15 00:00:00",0,0,0,0,678377,441800.8333333333,475692.4666666667
"2024-10-16 00:00:00",0,0,0,0,506051,450769.63333333336,470905.13333333336
"2024-10-17 00:00:00",0,0,0,0,224913,437545.23333333334,479665.43333333335
"2024-10-18 00:00:00",129,0,0,0,278405,438528.1,488210.2
"2024-10-19 00:00:00",0,0,206,0,801120,447769.26666666666,484060.1
"2024-10-20 00:00:00",0,0,0,0,43305,438532.43333333335,479652.26666666666
"2024-10-21 00:00:00",0,0,0,0,130397,432413.2,495108.63333333336
"2024-10-22 00:00:00",0,0,206,0,298087,420224.56666666665,489123.7
"2024-10-23 00:00:00",0,0,0,0,60397,404312.9,478177.86666666664
"2024-10-24 00:00:00",0,0,0,0,182892,395606.56666666665,485589.23333333334
"2024-10-25 00:00:00",0,0,0,0,424559,398920.1666666667,497205.3
"2024-10-26 00:00:00",0,0,0,0,619401,402186.7,483145.3
"2024-10-27 00:00:00",6883,0,206,0,48087,386505.8,483014.3333333333
"2024-10-28 00:00:00",0,0,206,0,539748,380109.3333333333,484505.26666666666
"2024-10-29 00:00:00",0,0,0,0,601480,384509.06666666665,489421.4
"2024-10-30 00:00:00",0,1415,0,0,354884,381123.43333333335,473698.76666666666
"2024-10-31 00:00:00",129,0,206,0,452111,394943.73333333334,462991.7
"2024-11-01 00:00:00",0,0,0,0,462453,387365.0333333333,457481.86666666664
"2024-11-02 00:00:00",0,0,206,0,751498,397458.9666666667,457524.06666666665
"2024-11-03 00:00:00",0,14011,413,0,222757,404494.1,469212.06666666665
"2024-11-04 00:00:00",566,0,0,0,441612,402394.8,473800.56666666665
"2024-11-05 00:00:00",0,0,0,0,363673,400679.8333333333,465332.8
"2024-11-06 00:00:00",0,0,0,0,543764,397166.1,456189.4
"2024-11-07 00:00:00",0,0,0,0,495507,393527.9,449019.63333333336
"2024-11-08 00:00:00",129,0,0,0,419878,393758.3333333333,438267.26666666666
"2024-11-09 00:00:00",0,0,0,0,603891,402134.1666666667,473064
"2024-11-10 00:00:00",0,0,206,0,7547,391072,465287.56666666665
"2024-11-11 00:00:00",1946,0,206,0,783017,398765.3333333333,431241.6
"2024-11-12 00:00:00",0,0,0,0,454619,396267,426791.3
"2024-11-13 00:00:00",0,0,0,0,676462,416605.8,431923.36666666664
"2024-11-14 00:00:00",0,0,0,0,531197,411699.8,410276.06666666665
"2024-11-15 00:00:00",0,10822,0,0,545474,413374.63333333336,409927.8333333333
"2024-11-16 00:00:00",11583,0,0,0,324380,417076.3333333333,395184.3
"2024-11-17 00:00:00",0,0,0,0,565004,426625.3,391788.1666666667
"2024-11-18 00:00:00",0,0,206,0,869930,428918.9666666667,385751.26666666666
"2024-11-19 00:00:00",0,0,0,0,322816,438236,376400.3333333333
"2024-11-20 00:00:00",0,0,0,0,65423,436070.2,363090.13333333336
"2024-11-21 00:00:00",0,0,0,0,743391,450906.76666666666,369726.9666666667
"2024-11-22 00:00:00",129,0,0,19,105253,452406.93333333335,370794.36666666664
"2024-11-23 00:00:00",0,0,0,0,359537,458295.1,361624.73333333334
"2024-11-24 00:00:00",0,0,0,0,427976,458409,354908.93333333335
"2024-11-25 00:00:00",0,0,0,0,52953,439527.4,365389.8333333333
"2024-11-26 00:00:00",129,0,4276,0,58966,439800.56666666665,362949.8
"2024-11-27 00:00:00",0,0,0,0,63316,423912.6,343662.23333333334
"2024-11-28 00:00:00",0,0,0,0,178598,409816.5333333333,348768.3
"2024-11-29 00:00:00",129,0,206,0,43401,399397.8333333333,333569.8
"2024-11-30 00:00:00",0,0,0,0,182431,390397.3,336961.76666666666
"2024-12-01 00:00:00",0,0,0,0,43133,376419.9666666667,361310.1666666667
"2024-12-02 00:00:00",0,0,0,0,507100,368266.4666666667,358202.1666666667
"2024-12-03 00:00:00",0,0,0,0,654310,382170.7,339687.6
"2024-12-04 00:00:00",0,0,413,0,457910,382708.86666666664,343089.43333333335
"2024-12-05 00:00:00",0,0,0,0,591819,390313.73333333334,364163.93333333335
"2024-12-06 00:00:00",0,0,0,0,571700,391244.93333333335,354710.8
"2024-12-07 00:00:00",0,0,0,0,435371,389240.4,360107.86666666664
"2024-12-08 00:00:00",0,0,0,0,387155,388145.3,367166.2
"2024-12-09 00:00:00",17607,0,0,0,582617,388023.1,343642.8
"2024-12-10 00:00:00",129,0,0,0,293547,397553.8333333333,351352.1666666667
"2024-12-11 00:00:00",0,0,0,0,486032,387582.56666666665,360837.3
"2024-12-12 00:00:00",0,0,0,0,558344,391040.06666666665,354134.93333333335
"2024-12-13 00:00:00",0,0,206,0,109767,372157.13333333336,350928.6666666667
"2024-12-14 00:00:00",0,0,206,0,46418,356004.73333333334,361350.3333333333
"2024-12-15 00:00:00",0,0,0,0,324247,348269.76666666666,389268.43333333335
"2024-12-16 00:00:00",0,0,0,0,259414,345718.1,393241.2
"2024-12-17 00:00:00",0,11734,0,0,57063,329177.86666666664,394183.8333333333
"2024-12-18 00:00:00",0,10818,0,19,206857,307429.76666666666,411635.1
"2024-12-19 00:00:00",129,0,0,0,649825,318334.4,415606.13333333336
"2024-12-20 00:00:00",0,0,0,0,347192,327726.7,409217.7
"2024-12-21 00:00:00",0,0,206,0,467686,318543.43333333335,408192.1666666667
"2024-12-22 00:00:00",0,0,206,0,36129,316241.23333333334,412187.26666666666
"2024-12-23 00:00:00",0,0,0,0,311161,314628.7,402164.56666666665
"2024-12-24 00:00:00",0,0,0,0,1108148,337301.1,413832.7
"2024-12-25 00:00:00",0,1415,206,19,53067,337359.6,410196.2
"2024-12-26 00:00:00",1110,0,0,0,891609,365004.5333333333,419645.9666666667
"2024-12-27 00:00:00",0,0,0,0,759401,388207.36666666664,434110.3333333333
"2024-12-28 00:00:00",0,0,0,0,342805,393680.93333333335,435090.5
"2024-12-29 00:00:00",129,0,0,0,166501,397777.3333333333,451059.7
"2024-12-30 00:00:00",0,0,0,0,496501,408246.3333333333,454963.0333333333
"2024-12-31 00:00:00",0,1415,0,0,462127,422259.9666666667,426985.76666666666
"2025-01-01 00:00:00",0,0,206,19,517273,422606.6,416567.4666666667
"2025-01-02 00:00:00",0,0,0,0,11363,401175.0333333333,411571.8333333333
"2025-01-03 00:00:00",0,0,0,0,223218,393338.1666666667,409152.3
"2025-01-04 00:00:00",0,0,0,0,476116,389481.4,385156.63333333336
"2025-01-05 00:00:00",0,0,0,0,205531,377275.76666666666,410957.23333333334
"2025-01-06 00:00:00",3940,0,206,0,682282,385644.36666666664,400704.2
"2025-01-07 00:00:00",0,0,0,0,197344,379317.3333333333,392794.36666666664
"2025-01-08 00:00:00",0,0,0,0,395297,372486.4,384591.9
"2025-01-09 00:00:00",0,0,729,0,79579,365374.13333333336,390550.8333333333
"2025-01-10 00:00:00",191,0,206,364,479055,365167,379356.73333333334
"2025-01-11 00:00:00",0,0,0,0,334283,357698.3,392908.93333333335
"2025-01-12 00:00:00",0,0,0,0,323477,364815.06666666665,403016.8
"2025-01-13 00:00:00",1940,0,0,0,193074,369761.36666666664,407187.4
"2025-01-14 00:00:00",0,0,0,0,411198,372659.73333333334,376804
"2025-01-15 00:00:00",0,0,206,19,302678,374109.4,368033.36666666664
"2025-01-16 00:00:00",0,0,0,0,252770,380241.8333333333,355850.4
"2025-01-17 00:00:00",575,0,206,0,695040,396179.4666666667,342014.4666666667
"2025-01-18 00:00:00",0,0,0,19,331295,385558.1,337369.23333333334
"2025-01-19 00:00:00",0,0,0,0,504919,390815.6666666667,352927.23333333334
"2025-01-20 00:00:00",1453,0,0,0,390067,388269.93333333335,341775.9
"2025-01-21 00:00:00",0,0,0,0,256961,395624.1,359113.5333333333
"2025-01-22 00:00:00",0,0,206,0,401020,398626.3,368042
"2025-01-23 00:00:00",0,0,0,0,364593,373841.13333333336,372038.5
"2025-01-24 00:00:00",0,0,0,0,618744,392642.3333333333,370956.3333333333
"2025-01-25 00:00:00",0,1415,0,0,472087,378668.4,356116.13333333336
"2025-01-26 00:00:00",0,0,0,0,215625,360542.5333333333,351284.9
"2025-01-27 00:00:00",0,0,0,0,1424945,396613.86666666664,346430.4
"2025-01-28 00:00:00",0,0,0,0,274876,400222.06666666665,355154.7
"2025-01-29 00:00:00",0,0,0,0,305906,393868.9,352585
"2025-01-30 00:00:00",129,0,0,0,435864,392950.63333333336,354639.76666666666
"2025-01-31 00:00:00",0,0,0,0,190864,382062.8,353638.23333333334
"2025-02-01 00:00:00",0,0,0,0,336110,392887.7,347589.4666666667
"2025-02-02 00:00:00",0,0,0,0,310109,395784.06666666665,347022.36666666664
"2025-02-03 00:00:00",129,0,0,0,188896,386214.4,339827.13333333336
"2025-02-04 00:00:00",0,0,0,0,1210630,419717.7,322697.3
"2025-02-05 00:00:00",0,0,0,0,0,396836.73333333334,325749.3
"2025-02-06 00:00:00",0,0,1148,19,109223,393938.26666666666,328324.73333333334
"2025-02-07 00:00:00",0,0,0,0,286788,390321.3,329213.5333333333
"2025-02-08 00:00:00",0,0,0,0,301019,397678.3333333333,322223.36666666664
"2025-02-09 00:00:00",0,0,0,0,72820,384111.73333333334,334913.1666666667
"2025-02-10 00:00:00",0,0,206,0,6827,373203.43333333335,326141.3
"2025-02-11 00:00:00",0,0,0,0,675920,384951.5333333333,311955.4
"2025-02-12 00:00:00",0,0,0,0,417453,392366.1666666667,308437.86666666664
"2025-02-13 00:00:00",0,0,0,0,653963,400458.3333333333,319556.73333333334
"2025-02-14 00:00:00",129,0,0,0,271987,399432.1,322471.23333333334
"2025-02-15 00:00:00",0,0,0,0,392738,404097.7,329715.6666666667
"2025-02-16 00:00:00",0,0,0,0,47680,382492.93333333335,332926.4
"2025-02-17 00:00:00",0,0,206,0,25505,372306.2,333492.8
"2025-02-18 00:00:00",0,0,0,0,445826,370336.43333333335,327848.93333333335
"2025-02-19 00:00:00",129,0,0,0,724323,381434.1666666667,341714.13333333336
"2025-02-20 00:00:00",0,0,0,0,64627,375023.0333333333,308816.56666666665
"2025-02-21 00:00:00",0,0,0,0,206823,368542.9,309588.63333333336
"2025-02-22 00:00:00",0,1415,0,0,1314364,400249.1,317240.7
"2025-02-23 00:00:00",0,0,0,19,35195,380798.1,311782.4666666667
"2025-02-24 00:00:00",0,0,206,19,44127,366493.13333333336,307315.26666666666
"2025-02-25 00:00:00",129,0,0,0,167050,364878.3,300425.7
"2025-02-26 00:00:00",0,0,0,0,17911,317977.1666666667,299577.43333333335
"2025-02-27 00:00:00",0,0,0,0,521156,326186.5,285745.4666666667
"2025-02-28 00:00:00",0,0,0,0,502785,332749.13333333336,293990.76666666666
"2025-03-01 00:00:00",0,0,0,0,225796,325742.5333333333,305602.5
"2025-03-02 00:00:00",0,0,0,0,47231,320954.76666666666,323100.36666666664
"2025-03-03 00:00:00",0,0,0,0,956485,341633.93333333335,335791.93333333335
"2025-03-04 00:00:00",0,0,0,0,610620,351650.9666666667,337021.93333333335
"2025-03-05 00:00:00",0,0,0,0,47998,346950.0333333333,354480.3333333333
"2025-03-06 00:00:00",0,0,0,0,306990,316828.7,357883.9666666667
"2025-03-07 00:00:00",0,0,0,0,56794,318721.8333333333,371327.93333333335
"2025-03-08 00:00:00",0,0,0,0,638837,336336.73333333334,367797.5
"2025-03-09 00:00:00",0,0,0,0,703863,350239.23333333334,378914.9
"2025-03-10 00:00:00",129,0,0,0,343189,351649.23333333334,373868.3333333333
"2025-03-11 00:00:00",0,0,0,0,374250,361696.9,366884
"2025-03-12 00:00:00",0,0,0,0,164998,366962.36666666664,389880.4666666667
"2025-03-13 00:00:00",0,1415,0,0,136199,349018.8333333333,381965.3
"2025-03-14 00:00:00",0,0,0,0,162323,340514.5,388353.1
"2025-03-15 00:00:00",0,0,1655,0,139251,323412.63333333336,393266.9666666667
"2025-03-16 00:00:00",0,0,0,0,378222,326949.4666666667,404337.2
"2025-03-17 00:00:00",0,0,0,19,713598,337645.43333333335,401020.4
"2025-03-18 00:00:00",0,0,0,0,309370,346368.43333333335,440605.76666666666
"2025-03-19 00:00:00",0,0,0,0,249643,353832.8,451422.1666666667
"2025-03-20 00:00:00",0,0,284,0,238042,346916.13333333336,445608.1
"2025-03-21 00:00:00",0,1415,0,0,421152,336853.26666666666,443789
"2025-03-22 00:00:00",0,0,206,0,398124,347976.73333333334,455616.2
"2025-03-23 00:00:00",0,0,0,0,247287,349325.5333333333,463404.43333333335
"2025-03-24 00:00:00",0,0,0,0,45364,306978.36666666664,440475.9666666667
"2025-03-25 00:00:00",0,0,0,0,194295,312281.06666666665,450540.56666666665
"2025-03-26 00:00:00",0,0,0,0,358253,322744.4,464873.13333333336
"2025-03-27 00:00:00",114,0,0,0,981993,349908.6666666667,470673.86666666664
"2025-03-28 00:00:00",0,0,0,0,534891,367141.3333333333,475082.8
"2025-03-29 00:00:00",0,0,0,0,549853,368097.9,477470.86666666664
"2025-03-30 00:00:00",0,0,0,0,828855,378966.9,478198.1666666667
"2025-03-31 00:00:00",0,0,48,0,247632,379696.36666666664,471582.93333333335
"2025-04-01 00:00:00",0,0,206,0,713722,401919.63333333336,460980.56666666665
"2025-04-02 00:00:00",0,1415,0,0,138741,374708.6666666667,473291.5
"2025-04-03 00:00:00",0,0,0,0,549780,372680.6666666667,469836.1
"2025-04-04 00:00:00",0,0,0,0,514706,388237.6,470744.1666666667
"2025-04-05 00:00:00",0,0,0,0,209799,384997.9,452838.3333333333
"2025-04-06 00:00:00",0,0,0,0,388928,396069.0333333333,450141.9666666667
"2025-04-07 00:00:00",0,0,0,0,361231,386815.5,456113
"2025-04-08 00:00:00",0,0,0,0,121696,367409.93333333335,446658.56666666665
"2025-04-09 00:00:00",0,0,206,0,67837,358234.1,450533.5333333333
"2025-04-10 00:00:00",0,0,0,0,880344,375103.9,464568.7
"2025-04-11 00:00:00",0,0,206,0,338281,380886.9,440331.6666666667
"2025-04-12 00:00:00",129,0,206,0,447034,391212.13333333336,461323.23333333334
"2025-04-13 00:00:00",0,0,206,0,631876,406870.8,460550
"2025-04-14 00:00:00",0,0,0,0,503270,418949.56666666665,457641.5333333333
"2025-04-15 00:00:00",0,0,0,0,411536,420060.0333333333,445359.6
"2025-04-16 00:00:00",0,1415,0,0,278309,405596.93333333335,464957.6666666667
"2025-04-17 00:00:00",0,0,0,0,447139,410189.23333333334,429412.0333333333
"2025-04-18 00:00:00",0,0,0,0,183383,407980.56666666665,428873.73333333334
"2025-04-19 00:00:00",0,0,0,0,730656,424391.56666666665,429936.6666666667
"2025-04-20 00:00:00",0,0,606,0,391194,423366.0333333333,430668.6666666667
"2025-04-21 00:00:00",0,1415,0,0,445950,425000.5,429296.1
"2025-04-22 00:00:00",0,0,0,0,170744,422449.06666666665,426052.93333333335
"2025-04-23 00:00:00",0,1415,0,0,365250,433159.1,436801.5333333333
"2025-04-24 00:00:00",0,0,0,0,218546,433967.4666666667,433503.9666666667
"2025-04-25 00:00:00",0,1415,0,0,171337,427784.1,436107.1
"2025-04-26 00:00:00",0,1415,0,0,325085,405930.5,440661.3
"2025-04-27 00:00:00",0,0,0,0,458896,403397.3333333333,428497.6
"2025-04-28 00:00:00",0,49709,0,0,508153,403664.3,432808.1
"2025-04-29 00:00:00",0,0,0,0,653052,397804.2,418237.5
"2025-04-30 00:00:00",17966,0,0,0,224745,397638.6,425217.63333333336
"2025-05-01 00:00:00",0,0,0,0,171673,379563.4,436865.1
"2025-05-02 00:00:00",0,28706,0,0,669001,398148.43333333335,431406.73333333334
"2025-05-03 00:00:00",0,0,0,0,481836,395883.63333333336,424025.5333333333
"2025-05-04 00:00:00",0,0,789,0,118315,382696.93333333335,441699.9
"2025-05-05 00:00:00",0,0,0,0,154498,380853.56666666665,457142.36666666664
"2025-05-06 00:00:00",0,0,0,0,282595,377309.13333333336,438210.56666666665
"2025-05-07 00:00:00",0,0,0,0,459244,380576.23333333334,441988.4666666667
"2025-05-08 00:00:00",0,44851,0,0,437253,392589.86666666664,465606.9666666667
"2025-05-09 00:00:00",1342,0,0,0,0,390366.4666666667,464091.6666666667
"2025-05-10 00:00:00",0,0,0,0,275900,370218.3333333333,464779.23333333334
"2025-05-11 00:00:00",0,0,0,0,373511,371385.76666666666,468869.76666666666
"2025-05-12 00:00:00",0,35564,0,0,486436,373873.4,453069.1
"2025-05-13 00:00:00",0,0,0,0,599484,372786.76666666666,448660.43333333335
"2025-05-14 00:00:00",1001,0,0,0,550755,374403,453167.4666666667
"2025-05-15 00:00:00",0,0,0,0,22214,361425.6,464341.36666666664
"2025-05-16 00:00:00",0,0,0,0,303240,362209.4666666667,453742.4666666667
"2025-05-17 00:00:00",0,0,0,0,586541,366856.2,468264.76666666666
"2025-05-18 00:00:00",0,0,206,0,171847,366478.56666666665,457217.63333333336
"2025-05-19 00:00:00",0,0,0,0,363720,354247.36666666664,461682.36666666664
"2025-05-20 00:00:00",0,0,0,19,71434,343569.1,465916.4
"2025-05-21 00:00:00",0,0,3865,0,206694,335675.6,467820.9
"2025-05-22 00:00:00",0,0,0,0,478808,345944.4,479126.8333333333
"2025-05-23 00:00:00",0,0,0,0,404042,347190.3,477967.86666666664
"2025-05-24 00:00:00",0,0,0,0,359783,351898.2,483589.06666666665
"2025-05-25 00:00:00",0,0,0,0,76916,348703.6666666667,475395.6
"2025-05-26 00:00:00",0,1415,0,19,393980,351000.8333333333,458011.26666666666
"2025-05-27 00:00:00",0,0,0,0,363679,347826.93333333335,485257.3
"2025-05-28 00:00:00",0,0,0,0,289471,338880.56666666665,474693.13333333336
"2025-05-29 00:00:00",0,5732,0,0,692463,340385.36666666664,474155.36666666664
"2025-05-30 00:00:00",0,0,0,0,2898,332391.56666666665,481464.56666666665
"2025-05-31 00:00:00",0,0,48,0,585665,346192.93333333335,480884.0333333333
"2025-06-01 00:00:00",0,0,0,0,487475,339185.2,471361.76666666666
"2025-06-02 00:00:00",0,0,0,0,185700,329314,478516.9666666667
"2025-06-03 00:00:00",0,0,0,0,230514,333027.63333333336,456618.6
"2025-06-04 00:00:00",0,0,0,0,338794,339170.8333333333,451108.93333333335
"2025-06-05 00:00:00",0,0,0,0,1205816,369944.86666666664,476662.6
"2025-06-06 00:00:00",0,0,0,0,19893,355299.8333333333,482007.56666666665
"2025-06-07 00:00:00",0,0,0,0,709605,362883.1666666667,468091.3
"2025-06-08 00:00:00",0,0,0,0,510877,379867.6666666667,459782.36666666664
"2025-06-09 00:00:00",0,0,0,0,410648,384359.26666666666,455872.9666666667
"2025-06-10 00:00:00",0,0,0,0,418444,385857.0333333333,462965.6666666667
"2025-06-11 00:00:00",0,12630,0,0,491169,385250.3333333333,476758.4666666667
"2025-06-12 00:00:00",129,0,0,0,554511,383755.5333333333,479546.23333333334
"2025-06-13 00:00:00",0,0,0,0,357124,377267.76666666666,465256.63333333336
"2025-06-14 00:00:00",0,1415,0,19,644336,398052.9666666667,465147.43333333335
"2025-06-15 00:00:00",0,0,0,0,348423,399559.06666666665,475537.43333333335
"2025-06-16 00:00:00",0,0,0,0,408447,393622.6,458787
"2025-06-17 00:00:00",0,0,0,0,604843,408048.9,483698.5333333333
"2025-06-18 00:00:00",0,0,0,0,57953,397856.6666666667,480143.1
"2025-06-19 00:00:00",0,1415,0,0,746387,420401.63333333336,467577.4666666667
"2025-06-20 00:00:00",0,0,0,0,411781,427109,468359.13333333336
"2025-06-21 00:00:00",0,0,0,0,306087,421351.63333333336,459802.36666666664
"2025-06-22 00:00:00",0,0,0,0,251598,416270.1666666667,456664.7
"2025-06-23 00:00:00",0,0,0,0,671723,426668.1666666667,462452.6666666667
"2025-06-24 00:00:00",0,0,0,0,141487,428820.5333333333,464250.5333333333
"2025-06-25 00:00:00",0,0,0,0,691490,438689.7,470806.26666666666
"2025-06-26 00:00:00",0,0,206,0,137466,431156.1666666667,444609.36666666664
"2025-06-27 00:00:00",0,0,0,0,355684,433363.26666666666,459075.6
"2025-06-28 00:00:00",0,0,0,0,771262,435798.8,470279.8333333333
"2025-06-29 00:00:00",129,1415,413,0,68929,438065.13333333336,457418.9666666667
"2025-06-30 00:00:00",0,0,206,0,517798,435808.13333333336,465369.36666666664
"2025-07-01 00:00:00",0,0,206,0,792838,445993.8,459989.5
"2025-07-02 00:00:00",0,0,206,0,485211,455984.4,465233.9
"2025-07-03 00:00:00",0,1415,0,0,655653,470202.86666666664,466229.3333333333
"2025-07-04 00:00:00",129,0,0,0,472312,474657.8,469926.86666666664
"2025-07-05 00:00:00",0,0,0,0,504745,451288.76666666666,473902.86666666664
"2025-07-06 00:00:00",0,0,206,0,559258,469274.5,483201.7
"2025-07-07 00:00:00",26113,0,0,0,765555,472009.93333333335,470721.8333333333
"2025-07-08 00:00:00",0,0,0,0,443444,469762.1666666667,476572.9666666667
"2025-07-09 00:00:00",0,0,206,0,331111,467117.8333333333,473196.5333333333
"2025-07-10 00:00:00",0,0,0,0,205866,460031.9,473247.86666666664
"2025-07-11 00:00:00",0,0,0,0,943347,474683.5,472126.1666666667
"2025-07-12 00:00:00",0,0,0,0,53564,457980.9666666667,472406.63333333336
"2025-07-13 00:00:00",0,0,0,0,638131,467347.86666666664,473729.86666666664
"2025-07-14 00:00:00",0,0,48,0,608684,466113.26666666666,476882.13333333336
"2025-07-15 00:00:00",985,0,206,0,306789,464765.23333333334,472650.56666666665
"2025-07-16 00:00:00",0,0,0,0,824902,478647.06666666665,483864.23333333334
"2025-07-17 00:00:00",0,0,0,0,678743,481110.4,460494.93333333335
"2025-07-18 00:00:00",0,0,0,0,333230,490286.3,467503.5
"2025-07-19 00:00:00",0,0,0,0,18481,465975.6,464624.56666666665
"2025-07-20 00:00:00",0,0,0,0,45048,453751.1666666667,463071.3333333333
"2025-07-21 00:00:00",0,0,0,19,746862,468444.3,448248.43333333335
"2025-07-22 00:00:00",0,0,0,0,137760,464649.7,449118.13333333336
"2025-07-23 00:00:00",0,1415,0,0,205941,449170.8,439811.93333333335
"2025-07-24 00:00:00",129,0,0,0,734890,468955.23333333334,428108.5333333333
"2025-07-25 00:00:00",0,0,0,0,389174,458878.0333333333,428168.8333333333
"2025-07-26 00:00:00",0,0,0,0,643373,475734.7,431880.56666666665
"2025-07-27 00:00:00",0,0,0,0,404285,477354.73333333334,418900.43333333335
"2025-07-28 00:00:00",0,0,0,0,203387,458425.56666666665,407904.13333333336
"2025-07-29 00:00:00",129,0,0,0,114979,459899.6,407110.6666666667
"2025-07-30 00:00:00",0,0,0,0,599695,462622.63333333336,392516
"2025-07-31 00:00:00",0,0,0,0,291071,445890.1666666667,400461.43333333335
"2025-08-01 00:00:00",0,0,0,0,241687,437765.8,390218.4
"2025-08-02 00:00:00",0,0,0,0,317944,426461.6666666667,381188.13333333336
"2025-08-03 00:00:00",0,0,1685,0,956440,442651.1,393001.9666666667
"2025-08-04 00:00:00",0,1415,0,0,295120,435710.8,365368.9666666667
"2025-08-05 00:00:00",0,0,0,19,445078,431898.5333333333,342697.93333333335
"2025-08-06 00:00:00",0,0,0,0,212777,412602.1666666667,338509.93333333335
"2025-08-07 00:00:00",0,0,0,0,746611,422707.73333333334,335987.8333333333
"2025-08-08 00:00:00",0,0,0,0,697436,434911.6666666667,333479.76666666666
"2025-08-09 00:00:00",129,0,230,0,702505,451478.3,330054.4666666667
"2025-08-10 00:00:00",0,1415,0,0,89259,423055.86666666664,317856.4666666667
"2025-08-11 00:00:00",0,0,0,0,256339,429815.0333333333,315923.13333333336
"2025-08-12 00:00:00",0,9032,1115,0,487707,425139.1666666667,314187.86666666664
"2025-08-13 00:00:00",0,0,0,0,495758,421373.36666666664,293817.8333333333
"2025-08-14 00:00:00",0,0,0,0,318725,421731.4666666667,295283
"2025-08-15 00:00:00",0,0,0,0,332349,405313.0333333333,287071.3
"2025-08-16 00:00:00",0,0,0,0,385441,395536.3,295160.9666666667
"2025-08-17 00:00:00",0,0,0,0,431347,398806.86666666664,299003.06666666665
"2025-08-18 00:00:00",0,9032,0,0,201300,405201.93333333335,307602.3333333333
"2025-08-19 00:00:00",0,0,0,0,416644,417588.4666666667,305125
"2025-08-20 00:00:00",0,0,0,0,727009,416926.06666666665,315193.9
"2025-08-21 00:00:00",1773,0,0,0,331366,423438.7,307300.56666666665
"2025-08-22 00:00:00",0,0,0,0,304131,426664.5333333333,304789.9
"2025-08-23 00:00:00",0,0,0,0,611552,422548.93333333335,320715.73333333334
"2025-08-24 00:00:00",0,0,0,0,396647,422798.0333333333,335593.6666666667
"2025-08-25 00:00:00",0,0,0,0,428890,415648.6,347462.1
"2025-08-26 00:00:00",0,0,0,0,642557,423591,341305.2
"2025-08-27 00:00:00",0,0,0,0,342370,428223.76666666666,341655.13333333336
"2025-08-28 00:00:00",0,0,0,0,565190,443226.4666666667,344640.86666666664
"2025-08-29 00:00:00",0,0,206,0,487266,439485.73333333334,347486.7
"2025-08-30 00:00:00",0,0,0,0,320004,440450.1666666667,360951.13333333336
"2025-08-31 00:00:00",0,0,0,0,521701,449783.9666666667,369679.56666666665
"2025-09-01 00:00:00",0,0,0,0,403918,452649.76666666666,370586.06666666665
"2025-09-02 00:00:00",0,0,0,0,336548,431930.5333333333,363608.4666666667
"2025-09-03 00:00:00",0,1415,0,0,437327,436670.73333333334,384544.56666666665
"2025-09-04 00:00:00",0,0,0,0,86284,424710.3,390388.3
"2025-09-05 00:00:00",0,0,0,0,120680,421640.4,399916.4
"2025-09-06 00:00:00",0,1415,0,0,882620,426221.2,413197.9666666667
"2025-09-07 00:00:00",0,0,0,0,82030,405707.6666666667,423992.5333333333
"2025-09-08 00:00:00",0,0,0,0,183313,388389.26666666666,424261.13333333336
"2025-09-09 00:00:00",129,0,0,0,523435,402818.93333333335,433239.3
"2025-09-10 00:00:00",19780,0,0,0,487540,411184.9666666667,442065.8333333333
"2025-09-11 00:00:00",2979,1415,0,0,820048,422071.23333333334,438345.4666666667
"2025-09-12 00:00:00",0,0,0,0,233980,413345.3,445926.56666666665
"2025-09-13 00:00:00",0,0,0,0,348948,414352.73333333334,433967.3333333333
"2025-09-14 00:00:00",0,0,0,0,349408,414921.36666666664,447851.5
"2025-09-15 00:00:00",0,0,0,0,724461,426222.0333333333,455141.86666666664
"2025-09-16 00:00:00",0,0,0,0,607483,432093.23333333334,439508.7
"2025-09-17 00:00:00",0,0,206,0,154965,430254.5333333333,443521.23333333334
"2025-09-18 00:00:00",0,0,206,0,600231,436381,442651.86666666664
"2025-09-19 00:00:00",20828,0,0,0,318825,423469.13333333336,446431.43333333335
"2025-09-20 00:00:00",0,0,0,0,427236,426605.7,450465.23333333334
"2025-09-21 00:00:00",0,0,413,0,320579,427167.73333333334,453908.0333333333
"2025-09-22 00:00:00",0,0,206,0,237743,414714.3333333333,460002.8333333333
"2025-09-23 00:00:00",0,0,206,0,635131,422670.7,452979.73333333334
"2025-09-24 00:00:00",62,0,206,0,336715,419607.1666666667,447370.86666666664
"2025-09-25 00:00:00",0,0,0,0,335116,409359.13333333336,455828.3
"2025-09-26 00:00:00",0,1415,0,0,735149,422498.93333333335,467551.23333333334
"2025-09-27 00:00:00",0,0,0,0,294075,413461.76666666666,469234.6
"2025-09-28 00:00:00",0,0,0,0,463965,412678.1666666667,479241.0333333333
"2025-09-29 00:00:00",0,0,0,0,496503,418561.4666666667,468420.6666666667
"2025-09-30 00:00:00",0,0,0,0,207196,408077.9666666667,471296.13333333336
"2025-10-01 00:00:00",0,0,0,0,235571,402466.4,465538.9666666667
"2025-10-02 00:00:00",0,0,0,0,632134,412319.26666666666,470065.6
"2025-10-03 00:00:00",0,0,0,0,578037,416962.43333333335,461893.26666666666
"2025-10-04 00:00:00",0,7107,0,0,174643,420144.6666666667,448940.76666666666
"2025-10-05 00:00:00",0,0,0,0,545107,434292.23333333334,453163.76666666666
"2025-10-06 00:00:00",0,0,0,0,609048,425126,444594.3333333333
"2025-10-07 00:00:00",0,0,0,0,476129,438262.63333333336,444402.3333333333
"2025-10-08 00:00:00",2276,0,0,0,422316,446305.3,446490.13333333336
"2025-10-09 00:00:00",0,0,0,0,288564,438471.9666666667,444208.3333333333
"2025-10-10 00:00:00",0,0,0,0,435429,436075.6,433057.63333333336
"2025-10-11 00:00:00",0,0,0,0,184344,414738.9666666667,441919.43333333335
"2025-10-12 00:00:00",0,0,0,0,760098,432276.23333333334,451586.93333333335
"2025-10-13 00:00:00",0,0,0,0,874607,449798.2,460648.06666666665
"2025-10-14 00:00:00",0,0,1810,0,432859,452640.26666666666,437334.2
"2025-10-15 00:00:00",0,51582,0,0,664248,452352.6,441800.8333333333
"2025-10-16 00:00:00",0,0,0,0,550465,450452,450769.63333333336
"2025-10-17 00:00:00",0,0,0,0,507533,462197.36666666664,437545.23333333334
"2025-10-18 00:00:00",0,0,277,0,597130,462096.3333333333,438528.1
"2025-10-19 00:00:00",0,0,206,0,34746,451939.6666666667,447769.26666666666
"2025-10-20 00:00:00",0,0,206,0,430795,452065.2,438532.43333333335
"2025-10-21 00:00:00",0,0,0,0,359892,453361.86666666664,432413.2
"2025-10-22 00:00:00",0,0,0,0,472505,461180.36666666664,420224.56666666665
"2025-10-23 00:00:00",0,0,0,0,128496,444285.63333333336,404312.9
"2025-10-24 00:00:00",0,0,0,0,352478,444802.1,395606.56666666665
"2025-10-25 00:00:00",0,0,0,0,560271,452307.26666666666,398920.1666666667
"2025-10-26 00:00:00",0,0,0,0,47202,429328.5333333333,402186.7
"2025-10-27 00:00:00",0,1415,0,0,341064,430942,386505.8
"2025-10-28 00:00:00",0,0,0,0,661266,437518.7,380109.3333333333
"2025-10-29 00:00:00",0,0,0,0,630632,441989.6666666667,384509.06666666665
"2025-10-30 00:00:00",0,0,0,0,668888,457379.4,381123.43333333335
"2025-10-31 00:00:00",0,0,0,0,411582,463246.43333333335,394943.73333333334
"2025-11-01 00:00:00",0,0,0,0,405015,455675.8,387365.0333333333
"2025-11-02 00:00:00",0,0,0,0,542465,454490.06666666665,397458.9666666667
"2025-11-03 00:00:00",0,0,0,0,309133,458736.13333333336,404494.1
"2025-11-04 00:00:00",0,0,0,19,461184,455939.3333333333,402394.8
"2025-11-05 00:00:00",0,0,206,19,762489,461061.6,400679.8333333333
"2025-11-06 00:00:00",0,0,0,0,199505,451840.8,397166.1
"2025-11-07 00:00:00",0,0,0,0,229539,445339,393527.9
"2025-11-08 00:00:00",0,0,0,0,618681,456342.9,393758.3333333333
"2025-11-09 00:00:00",0,0,0,0,704689,465318.23333333334,402134.1666666667
"2025-11-10 00:00:00",0,0,0,0,137340,463751.43333333335,391072
"2025-11-11 00:00:00",55,0,0,0,338267,449692.26666666666,398765.3333333333
"2025-11-12 00:00:00",0,0,206,3125,207266,427558.63333333336,396267
"2025-11-13 00:00:00",0,0,0,0,252629,421490.6,416605.8
"2025-11-14 00:00:00",0,1415,0,0,92430,400757.73333333334,411699.8
"2025-11-15 00:00:00",0,0,0,0,5574,382594.7,413374.63333333336
"2025-11-16 00:00:00",0,0,0,19,1484603,415164.3333333333,417076.3333333333
"2025-11-17 00:00:00",748,0,0,0,181481,401325.06666666665,426625.3
"2025-11-18 00:00:00",0,0,0,0,544038,418294.56666666665,428918.9666666667
"2025-11-19 00:00:00",129,0,0,0,307482,414181.5333333333,438236
"2025-11-20 00:00:00",0,0,0,0,694024,425319.26666666666,436070.2
"2025-11-21 00:00:00",0,0,0,0,215576,416754.9666666667,450906.76666666666
"2025-11-22 00:00:00",0,0,0,0,862882,441234.5,452406.93333333335
"2025-11-23 00:00:00",0,0,0,0,510344,446496.7,458295.1
"2025-11-24 00:00:00",0,0,0,0,407402,441401.06666666665,458409
"2025-11-25 00:00:00",3419,0,0,0,316134,450479.43333333335,439527.4
"2025-11-26 00:00:00",0,0,0,0,586752,458621.86666666664,439800.56666666665
"2025-11-27 00:00:00",0,0,48,0,183685,442704.13333333336,423912.6
"2025-11-28 00:00:00",0,0,206,0,835896,449553.1666666667,409816.5333333333
"2025-11-29 00:00:00",0,0,0,0,538717,445214.13333333336,399397.8333333333
"2025-11-30 00:00:00",0,0,0,0,148299,436438.0333333333,390397.3
"2025-12-01 00:00:00",0,0,0,0,553587,441390.43333333335,376419.9666666667
"2025-12-02 00:00:00",0,9032,0,0,345625,435130.2,368266.4666666667
"2025-12-03 00:00:00",6473,0,0,0,361653,437096.63333333336,382170.7
"2025-12-04 00:00:00",0,0,0,0,469292,437366.26666666666,382708.86666666664
"2025-12-05 00:00:00",1084,0,442,0,63488,414109.5333333333,390313.73333333334
"2025-12-06 00:00:00",0,0,0,0,538752,425417.76666666666,391244.93333333335
"2025-12-07 00:00:00",0,0,0,0,724681,441922.5,389240.4
"2025-12-08 00:00:00",0,0,0,0,335196,432473,388145.3
"2025-12-09 00:00:00",0,0,0,0,277811,418243.73333333334,388023.1
"2025-12-10 00:00:00",0,0,0,0,169686,419321.93333333335,397553.8333333333
"2025-12-11 00:00:00",3010,0,0,0,324694,418967.9666666667,387582.56666666665
"2025-12-12 00:00:00",0,0,0,0,489464,428263.5,391040.06666666665
"2025-12-13 00:00:00",0,0,0,0,362533,431926.9666666667,372157.13333333336
"2025-12-14 00:00:00",0,0,0,19,334203,439939.5333333333,356004.73333333334
"2025-12-15 00:00:00",0,0,0,0,208595,446706.9,348269.76666666666
"2025-12-16 00:00:00",0,0,0,0,20908,397916.43333333335,345718.1
"2025-12-17 00:00:00",0,0,0,0,264233,400649.9,329177.86666666664
"2025-12-18 00:00:00",0,0,0,0,47254,384090.43333333335,307429.76666666666
"2025-12-19 00:00:00",0,0,0,0,23278,374612.6666666667,318334.4
"2025-12-20 00:00:00",0,0,0,19,469125,367116.6666666667,327726.7
"2025-12-21 00:00:00",129,0,0,0,128291,364211.5,318543.43333333335
"2025-12-22 00:00:00",0,0,1027,0,70984,337849.13333333336,316241.23333333334
"2025-12-23 00:00:00",0,0,0,0,45502,322354.4,314628.7
"2025-12-24 00:00:00",0,0,0,0,13266,309216.5333333333,337301.1
"2025-12-25 00:00:00",0,0,0,0,264561,307383.4666666667,337359.6
"2025-12-26 00:00:00",0,0,0,0,386208,300698.6666666667,365004.5333333333
"2025-12-27 00:00:00",0,0,206,0,246867,302810,388207.36666666664
"2025-12-28 00:00:00",0,0,0,0,115044,278774.7,393680.93333333335
"2025-12-29 00:00:00",1434,0,206,0,348006,272472.36666666664,397777.3333333333
"2025-12-30 00:00:00",0,0,0,0,62832,269623.4666666667,408246.3333333333
"2025-12-31 00:00:00",0,0,0,0,152580,256256.56666666668,422259.9666666667
"2026-01-01 00:00:00",0,0,0,0,201233,251142.4,422606.6
"2026-01-02 00:00:00",0,0,0,0,988363,271816.9666666667,401175.0333333333
"2026-01-03 00:00:00",129,30344,206,0,407572,270782.36666666664,393338.1666666667
"2026-01-04 00:00:00",0,0,0,0,49888,270278.1666666667,389481.4
"2026-01-05 00:00:00",0,0,9094,0,126637,256844.13333333333,377275.76666666666
"2026-01-06 00:00:00",0,0,0,0,127211,236928.46666666667,385644.36666666664
"2026-01-07 00:00:00",0,0,0,0,380384,238434.73333333334,379317.3333333333
"2026-01-08 00:00:00",2546,0,206,0,272853,238361.23333333334,372486.4
"2026-01-09 00:00:00",0,0,0,0,530689,250394.66666666666,365374.13333333336
"2026-01-10 00:00:00",0,0,582,0,75700,242013.93333333332,365167
"2026-01-11 00:00:00",15944,0,206,0,561934,244967.96666666667,357698.3
"2026-01-12 00:00:00",0,0,206,0,235743,240748.53333333333,364815.06666666665
"2026-01-13 00:00:00",0,0,0,0,21387,230320.7,369761.36666666664
"2026-01-14 00:00:00",0,0,0,0,836066,251236.4,372659.73333333334
"2026-01-15 00:00:00",0,0,0,0,302095,260609.3,374109.4
"2026-01-16 00:00:00",0,0,0,0,84275,254610.7,380241.8333333333
"2026-01-17 00:00:00",0,0,0,0,192246,259443.76666666666,396179.4666666667
"2026-01-18 00:00:00",0,0,0,0,591019,278368.4666666667,385558.1
"2026-01-19 00:00:00",0,0,1363,0,370719,275133.1,390815.6666666667
"2026-01-20 00:00:00",0,0,0,19,152021,275920.4,388269.93333333335
"2026-01-21 00:00:00",2546,0,0,0,40472,274953.9666666667,395624.1
"2026-01-22 00:00:00",0,0,0,0,183292,279546.9666666667,398626.3
"2026-01-23 00:00:00",0,0,0,0,245155,287276.6,373841.13333333336
"2026-01-24 00:00:00",0,0,0,0,24893,279287.6666666667,392642.3333333333
"2026-01-25 00:00:00",0,0,206,0,213846,273549.1666666667,378668.4
"2026-01-26 00:00:00",0,0,0,0,457912,280577.1,360542.5333333333
"2026-01-27 00:00:00",0,0,0,0,169069,282377.93333333335,396613.86666666664
"2026-01-28 00:00:00",0,0,0,0,46173,272262.13333333336,400222.06666666665
"2026-01-29 00:00:00",0,0,0,0,693285,293277.23333333334,393868.9
"2026-01-30 00:00:00",0,0,0,0,785811,314384.93333333335,392950.63333333336
"2026-01-31 00:00:00",0,0,0,0,448732,322634.9,382062.8
"2026-02-01 00:00:00",0,0,206,0,364730,301854.0333333333,392887.7
"2026-02-02 00:00:00",0,0,0,0,771908,312975.8333333333,395784.06666666665
"2026-02-03 00:00:00",0,0,0,0,314713,321803.3333333333,386214.4
"2026-02-04 00:00:00",0,2323,0,0,418752,331314.8,419717.7
"2026-02-05 00:00:00",0,0,0,0,420791,341100.8,396836.73333333334
"2026-02-06 00:00:00",0,0,0,0,787673,354677.1,393938.26666666666
"2026-02-07 00:00:00",0,0,0,0,0,345490.23333333334,390321.3
"2026-02-08 00:00:00",0,0,11537,0,355750,340043.5333333333,397678.3333333333
"2026-02-09 00:00:00",0,0,948,0,251520,345916.4,384111.73333333334
"2026-02-10 00:00:00",0,1415,0,0,560810,345387.73333333334,373203.43333333335
"2026-02-11 00:00:00",0,0,0,0,294107,347326.3,384951.5333333333
"2026-02-12 00:00:00",0,0,206,0,633814,367747.4,392366.1666666667
"2026-02-13 00:00:00",0,0,0,0,449534,354863,400458.3333333333
"2026-02-14 00:00:00",0,0,0,0,86876,347689.0333333333,399432.1
"2026-02-15 00:00:00",0,0,0,0,252429,353294.1666666667,404097.7
"2026-02-16 00:00:00",0,0,0,0,546737,365110.5333333333,382492.93333333335
"2026-02-17 00:00:00",0,0,0,0,559460,364058.56666666665,372306.2
"2026-02-18 00:00:00",0,0,0,0,782939,377753.76666666666,370336.43333333335
"2026-02-19 00:00:00",0,0,0,0,252787,381112,381434.1666666667
"2026-02-20 00:00:00",0,0,0,0,549027,397978.9666666667,375023.0333333333
"2026-02-21 00:00:00",0,0,0,309,803030,418647.23333333334,368542.9
"2026-02-22 00:00:00",129,0,0,0,291702,420203.13333333336,400249.1
"2026-02-23 00:00:00",0,0,0,0,594247,439181.6,380798.1
"2026-02-24 00:00:00",0,0,0,0,357864,443975.3,366493.13333333336
"2026-02-25 00:00:00",259,0,12355,0,495231,445639.76666666666,364878.3
"2026-02-26 00:00:00",0,0,206,0,431873,454406.8,317977.1666666667
"2026-02-27 00:00:00",0,0,0,0,490106,469204.56666666665,326186.5
"2026-02-28 00:00:00",0,0,0,0,114429,449909.36666666664,332749.13333333336
"2026-03-01 00:00:00",0,0,0,0,25277,424558.23333333334,325742.5333333333
"2026-03-02 00:00:00",0,0,0,0,306753,419825.6,320954.76666666666
"2026-03-03 00:00:00",129,0,0,0,119838,411659.9666666667,341633.93333333335
"2026-03-04 00:00:00",0,0,0,0,163842,391391.1,351650.9666666667
"2026-03-05 00:00:00",129,0,0,0,603328,401015.93333333335,346950.0333333333
"2026-03-06 00:00:00",2838,0,0,0,0,387074.7,316828.7
"2026-03-07 00:00:00",256,0,0,0,85878,375919.4666666667,318721.8333333333
"2026-03-08 00:00:00",0,0,0,0,33252,350772.1,336336.73333333334
"2026-03-09 00:00:00",618,0,206,0,0,350799.6,350239.23333333334
"2026-03-10 00:00:00",0,1415,0,0,115951,342468.86666666664,351649.23333333334
"2026-03-11 00:00:00",0,1415,689,0,101985,337522.93333333335,361696.9
"2026-03-12 00:00:00",0,0,0,0,24679,319604.73333333334,366962.36666666664
"2026-03-13 00:00:00",0,0,0,0,13045,310236,349018.8333333333
"2026-03-14 00:00:00",0,0,0,0,0,289102,340514.5
"2026-03-15 00:00:00",0,0,0,0,50290,275793.86666666664,323412.63333333336
"2026-03-16 00:00:00",0,0,0,0,0,272898,326949.4666666667
"2026-03-17 00:00:00",3145,1415,206,0,29084,265612.06666666665,337645.43333333335
"2026-03-18 00:00:00",0,0,0,0,12481,247803.53333333333,346368.43333333335
"2026-03-19 00:00:00",0,0,0,0,4702,229311.6,353832.8
"2026-03-20 00:00:00",0,0,0,0,12412,203627.36666666667,346916.13333333336
"2026-03-21 00:00:00",129,0,0,0,7885,195468.3,336853.26666666666
"2026-03-22 00:00:00",0,0,0,0,0,177167.4,347976.73333333334
"2026-03-23 00:00:00",0,0,0,0,63453,152504.5,349325.5333333333
"2026-03-24 00:00:00",0,1415,0,0,0,142823.93333333332,306978.36666666664
"2026-03-25 00:00:00",0,9990,0,0,12412,123762.43333333333,312281.06666666665
"2026-03-26 00:00:00",0,0,0,0,12481,112249.66666666667,322744.4
"2026-03-27 00:00:00",0,0,206,0,0,95328.33333333333,349908.6666666667
"2026-03-28 00:00:00",0,0,0,0,23560,81711,367141.3333333333
"2026-03-29 00:00:00",0,0,0,0,0,65374.13333333333,368097.9
"2026-03-30 00:00:00",7005,0,0,0,0,61793.333333333336,378966.9
"2026-03-31 00:00:00",0,0,0,19,30307,61961.63333333333,379696.36666666664
"2026-04-01 00:00:00",8155,0,0,0,0,52008.36666666667,401919.63333333336
"2026-04-02 00:00:00",129,0,0,0,0,48013.73333333333,374708.6666666667
"2026-04-03 00:00:00",0,1415,0,0,34108,43736.433333333334,372680.6666666667
"2026-04-04 00:00:00",0,0,0,0,0,23621.166666666668,388237.6
"2026-04-05 00:00:00",129,0,0,0,13716,23988.066666666666,384997.9
"2026-04-06 00:00:00",0,0,0,0,12412,21530.666666666668,396069.0333333333
"2026-04-07 00:00:00",0,0,206,0,27627,21350.066666666666,386815.5
"2026-04-08 00:00:00",0,19738,0,0,3033,22081.633333333335,367409.93333333335
"2026-04-09 00:00:00",0,0,0,0,38212,19443.166666666668,358234.1
"2026-04-10 00:00:00",903,0,0,0,4542,16155,375103.9
"2026-04-11 00:00:00",129,0,0,0,12481,15752.7,380886.9
"2026-04-12 00:00:00",129,0,0,0,44848,16817.1,391212.13333333336
"2026-04-13 00:00:00",0,0,0,0,2653,16905.533333333333,406870.8
"2026-04-14 00:00:00",129,9032,0,0,7259,15776.6,418949.56666666665
"2026-04-15 00:00:00",0,0,0,0,13716,16233.8,420060.0333333333
"2026-04-16 00:00:00",5619,0,0,0,0,15292.733333333334,405596.93333333335
"2026-04-17 00:00:00",0,0,206,0,276486,24099.766666666666,410189.23333333334
"2026-04-18 00:00:00",0,0,206,0,33283,25059.366666666665,407980.56666666665
"2026-04-19 00:00:00",0,27796,0,0,7885,25835.033333333333,424391.56666666665
"2026-04-20 00:00:00",1803,79058,206,0,0,28270.166666666668,423366.0333333333
"2026-04-21 00:00:00",0,0,741,0,5762,28486.966666666667,425000.5
"2026-04-22 00:00:00",0,9032,0,0,17487,27255.866666666665,422449.06666666665
"2026-04-23 00:00:00",259,0,0,0,0,27217.333333333332,433159.1
"2026-04-24 00:00:00",0,0,0,19,0,26471.233333333334,433967.4666666667
"2026-04-25 00:00:00",0,0,0,0,3931,26186.233333333334,427784.1
"2026-04-26 00:00:00",0,0,0,0,9799,26506,405930.5
"2026-04-27 00:00:00",0,0,0,0,30363,26732.766666666666,403397.3333333333
"2026-04-28 00:00:00",129,0,206,0,0,26743.966666666667,403664.3
"2026-04-29 00:00:00",0,0,206,0,10233,26858.466666666667,397804.2
"2026-04-30 00:00:00",0,0,741,0,5341,26050.366666666665,397638.6
"2026-05-01 00:00:00",0,0,0,0,42045,27180.033333333333,379563.4
"2026-05-02 00:00:00",0,0,0,0,0,27175.733333333334,398148.43333333335
"2026-05-03 00:00:00",0,0,206,0,13443,26446.6,395883.63333333336
"2026-05-04 00:00:00",0,58854,0,19,0,28409.033333333333,382696.93333333335
"2026-05-05 00:00:00",0,0,0,0,20063,28616.3,380853.56666666665
"2026-05-06 00:00:00",0,0,92,0,0,28205.633333333335,377309.13333333336
"2026-05-07 00:00:00",0,0,0,0,32673,28366.933333333334,380576.23333333334
"2026-05-08 00:00:00",4427,0,741,0,877,27809.433333333334,392589.86666666664
"2026-05-09 00:00:00",0,0,206,0,13443,26990.666666666668,390366.4666666667
"2026-05-10 00:00:00",129,0,741,0,0,26838.2,370218.3333333333
"2026-05-11 00:00:00",0,0,0,0,8494,26701,371385.76666666666
"2026-05-12 00:00:00",0,0,0,0,1356,25246.966666666667,373873.4
"2026-05-13 00:00:00",0,0,0,0,0,25158.533333333333,372786.76666666666
"2026-05-14 00:00:00",906,0,0,0,922,24672.1,374403
"2026-05-15 00:00:00",1559,0,0,0,0,24266.866666666665,361425.6
"2026-05-16 00:00:00",0,0,0,0,0,24079.566666666666,362209.4666666667
"2026-05-17 00:00:00",129,0,206,0,13045,15302.566666666668,366856.2
"2026-05-18 00:00:00",14820,0,0,0,2403,14760.366666666667,366478.56666666665
"2026-05-19 00:00:00",0,0,0,0,0,13570.966666666667,354247.36666666664
"2026-05-20 00:00:00",0,9032,0,0,9945,11501.266666666666,343569.1
"2026-05-21 00:00:00",0,0,0,0,0,11284.466666666667,335675.6
"2026-05-22 00:00:00",0,0,206,0,0,10407.333333333334,345944.4
"2026-05-23 00:00:00",0,0,0,0,8848,10693.633333333333,347190.3
"2026-05-24 00:00:00",0,0,92,0,0,10696.066666666668,351898.2
"2026-05-25 00:00:00",0,0,0,19,0,10565.666666666666,348703.6666666667
"2026-05-26 00:00:00",0,27998,0,0,4321,11316.366666666667,351000.8333333333
"2026-05-27 00:00:00",0,0,923,0,0,10335.033333333333,347826.93333333335
"2026-05-28 00:00:00",586,0,0,0,7885,10606.233333333334,338880.56666666665
"2026-05-29 00:00:00",0,0,0,0,5483,10441,340385.36666666664
"2026-05-30 00:00:00",55,0,0,0,0,10240.066666666668,332391.56666666665
"2026-05-31 00:00:00",0,0,0,0,0,8838.566666666668,346192.93333333335
"2026-06-01 00:00:00",0,0,206,0,0,8845.433333333332,339185.2
"2026-06-02 00:00:00",0,0,0,0,20975,9089.633333333333,329314
"2026-06-03 00:00:00",0,26381,0,0,6729,8230.866666666667,333027.63333333336
"2026-06-04 00:00:00",0,0,255,0,0,7570.6,339170.8333333333
"2026-06-05 00:00:00",0,0,0,0,31721,8624.9,369944.86666666664
"2026-06-06 00:00:00",444,0,0,0,0,7550.6,355299.8333333333
"2026-06-07 00:00:00",0,0,1804,0,172886,13172.066666666668,362883.1666666667
"2026-06-08 00:00:00",0,0,206,0,0,12723.966666666667,379867.6666666667
"2026-06-09 00:00:00",0,0,0,0,1013,12728.7,384359.26666666666
"2026-06-10 00:00:00",0,0,1192,0,0,12485.3,385857.0333333333
"2026-06-11 00:00:00",0,32632,0,0,13627,13982.1,385250.3333333333
"2026-06-12 00:00:00",0,0,0,0,0,13982.1,383755.5333333333
"2026-06-13 00:00:00",17971,0,0,0,27416,15434.066666666668,377267.76666666666
"2026-06-14 00:00:00",0,0,0,0,0,15382.1,398052.9666666667
"2026-06-15 00:00:00",0,0,255,0,0,15390.6,399559.06666666665
"2026-06-16 00:00:00",0,0,206,0,0,14951.4,393622.6
"2026-06-17 00:00:00",0,0,0,0,0,14377.266666666666,408048.9
"2026-06-18 00:00:00",129,0,206,0,0,14388.466666666667,397856.6666666667
"2026-06-19 00:00:00",6736,0,0,0,26345,14858.6,420401.63333333336
"2026-06-20 00:00:00",5377,0,0,0,17381,15617.2,427109
"2026-06-21 00:00:00",0,0,255,0,0,15618.833333333334,421351.63333333336
"2026-06-22 00:00:00",0,0,0,0,30024,16324.7,416270.1666666667
"2026-06-23 00:00:00",0,0,0,0,5606,16508.5,426668.1666666667
"2026-06-24 00:00:00",0,0,0,0,191304,22884.666666666668,428820.5333333333
"2026-06-25 00:00:00",0,0,0,0,27979,22739.966666666667,438689.7
"2026-06-26 00:00:00",0,0,0,0,692,22732.266666666666,431156.1666666667
"2026-06-27 00:00:00",0,0,0,0,0,22449.866666666665,433363.26666666666
"2026-06-28 00:00:00",0,9032,206,0,177563,28493.866666666665,435798.8
"2026-06-29 00:00:00",129,1415,0,0,0,28543.5,438065.13333333336
"2026-06-30 00:00:00",0,0,0,0,38212,29817.233333333334,435808.13333333336
"2026-07-01 00:00:00",0,0,206,0,33676,30939.8,445993.8
"2026-07-02 00:00:00",129,0,48,0,287059,39815.23333333333,455984.4
"2026-07-03 00:00:00",0,1415,0,0,0,38758.73333333333,470202.86666666664