"DateTime","Container","Dry Bulk","General Cargo","Roll-on/roll-off","Tanker","7-day Moving Average","Prior Year: 7-day Moving Average"
"2019-01-01 00:00:00",792164,159364,0,0,24909,,
"2019-01-02 00:00:00",405060,26882,3603,0,14978,,
"2019-01-03 00:00:00",419700,6459,1801,251,64601,,
"2019-01-04 00:00:00",447068,0,275,503,29097,,
"2019-01-05 00:00:00",489706,49778,2080,0,42732,,
"2019-01-06 00:00:00",681150,21298,1801,0,5527,,
"2019-01-07 00:00:00",550687,12919,0,251,24653,611330.1428571428,
"2019-01-08 00:00:00",669821,116615,0,0,46098,590772.5714285715,
"2019-01-09 00:00:00",490552,85275,1801,0,84251,620966.1428571428,
"2019-01-10 00:00:00",792522,1381,10927,251,18106,668162.4285714285,
"2019-01-11 00:00:00",1030668,0,0,0,44461,753617.1428571428,
"2019-01-12 00:00:00",885649,0,3603,251,78568,808442,
"2019-01-13 00:00:00",655071,46934,5507,0,46851,814811.7142857143,
"2019-01-14 00:00:00",809840,56397,9822,0,32501,860533.1428571428,
"2019-01-15 00:00:00",492711,9872,0,503,67383,823095.4285714285,
"2019-01-16 00:00:00",627479,53213,0,251,19368,828585.8571428572,
"2019-01-17 00:00:00",629818,46600,6125,0,46105,815080.2857142857,
"2019-01-18 00:00:00",741614,20899,0,0,203116,799437.4285714285,
"2019-01-19 00:00:00",775935,27978,0,0,18141,778577.8571428572,
"2019-01-20 00:00:00",574456,6459,3603,251,32765,759031,
"2019-01-21 00:00:00",746487,40336,4149,0,99169,756399.5714285715,
"2019-01-22 00:00:00",901063,141751,0,251,19205,826656.8571428572,
"2019-01-23 00:00:00",618495,52949,1801,251,62657,831777.2857142857,
"2019-01-24 00:00:00",672418,150088,282,0,5126,845958,
"2019-01-25 00:00:00",484476,69141,9008,0,37211,793702,
"2019-01-26 00:00:00",576727,20424,0,0,20192,764457.5714285715,
"2019-01-27 00:00:00",429324,65456,0,0,56563,755001.4285714285,
"2019-01-28 00:00:00",566103,28935,2476,0,12439,714974.5714285715,
"2019-01-29 00:00:00",495434,26843,7323,0,36795,644135.2857142857,
"2019-01-30 00:00:00",640285,41424,0,251,11536,638041.2857142857,
"2019-01-31 00:00:00",479535,0,0,0,18892,590971.7142857143,
"2019-02-01 00:00:00",1165505,70946,5521,0,52333,690181.7142857143,
"2019-02-02 00:00:00",661113,110198,1183,0,92041,725495.1428571428,
"2019-02-03 00:00:00",745902,33681,5521,0,79328,770222.2857142857,
"2019-02-04 00:00:00",479922,12919,1801,0,218092,784905.2857142857,
"2019-02-05 00:00:00",536062,64266,1801,0,15160,792175.8571428572,
"2019-02-06 00:00:00",636153,6459,0,0,64075,794060.2857142857,
"2019-02-07 00:00:00",386354,43323,1801,0,109405,800125.5714285715,
"2019-02-08 00:00:00",594346,0,0,0,34382,705042.8571428572,
"2019-02-09 00:00:00",338948,32301,1801,0,21258,637867.2857142857,
"2019-02-10 00:00:00",380327,54171,1801,0,16135,579010.4285714285,
"2019-02-11 00:00:00",681608,40696,0,0,76711,591336.2857142857,
"2019-02-12 00:00:00",330574,25169,1801,0,3903,554787.5714285715,
"2019-02-13 00:00:00",217923,64006,1801,0,35880,499490.71428571426,
"2019-02-14 00:00:00",122315,43403,0,0,25552,449545.85714285716,
"2019-02-15 00:00:00",280447,43676,1801,0,65493,415644.5714285714,
"2019-02-16 00:00:00",190441,6459,3603,251,42494,394064.85714285716,
"2019-02-17 00:00:00",254888,0,0,0,25530,369490.85714285716,
"2019-02-18 00:00:00",184430,23310,0,0,27520,288954.4285714286,
"2019-02-19 00:00:00",215393,580,4893,503,0,268943.14285714284,
"2019-02-20 00:00:00",410430,26895,0,0,55154,293638.5714285714,
"2019-02-21 00:00:00",423379,56482,1801,251,21759,338267.71428571426,
"2019-02-22 00:00:00",263613,27799,0,0,65760,333375.4285714286,
"2019-02-23 00:00:00",557095,0,1801,0,37485,383822.71428571426,
"2019-02-24 00:00:00",537774,6459,1801,0,10837,423316.28571428574,
"2019-02-25 00:00:00",412263,39238,2237,0,10069,455965.85714285716,
"2019-02-26 00:00:00",303561,12919,5521,251,25635,474040,
"2019-02-27 00:00:00",532131,54646,0,0,63401,496568.5714285714,
"2019-02-28 00:00:00",231021,23575,1801,0,32729,465919,
"2019-03-01 00:00:00",430003,27342,4127,0,21745,483925.4285714286,
"2019-03-02 00:00:00",181934,0,0,251,39374,430379.5714285714,
"2019-03-03 00:00:00",346200,34994,0,251,13543,407253.4285714286,
"2019-03-04 00:00:00",369378,12284,5080,0,33056,400966.71428571426,
"2019-03-05 00:00:00",227821,12919,0,251,0,385695.5714285714,
"2019-03-06 00:00:00",301742,23946,2667,251,26166,343494.85714285716,
"2019-03-07 00:00:00",325651,6459,1801,251,74207,360529.71428571426,
"2019-03-08 00:00:00",502131,46837,0,0,291741,411600,
"2019-03-09 00:00:00",372969,40458,1801,503,5014,440055.28571428574,
"2019-03-10 00:00:00",530956,875,0,2187,7782,461028.28571428574,
"2019-03-11 00:00:00",279549,81106,5523,0,26783,457194.28571428574,
"2019-03-12 00:00:00",389040,6459,5474,503,42834,486240,
"2019-03-13 00:00:00",401655,0,654,0,28801,497145.28571428574,
"2019-03-14 00:00:00",419835,64225,1801,2394,44708,514944.4285714286,
"2019-03-15 00:00:00",488938,42946,0,251,59380,479345.28571428574,
"2019-03-16 00:00:00",506889,15096,3603,251,41781,500327.28571428574,
"2019-03-17 00:00:00",368340,0,0,503,14337,477667.28571428574,
"2019-03-18 00:00:00",368826,238,2325,0,44972,481010,
"2019-03-19 00:00:00",483106,1061,4127,503,55021,495225.5714285714,
"2019-03-20 00:00:00",162759,0,3987,0,39279,463070.71428571426,
"2019-03-21 00:00:00",601776,28273,1801,251,14166,479257,
"2019-03-22 00:00:00",463858,70228,2633,0,4398,472057.4285714286,
"2019-03-23 00:00:00",390084,20737,2325,251,2974,450450.4285714286,
"2019-03-24 00:00:00",740000,0,0,251,17396,503945.71428571426,
"2019-03-25 00:00:00",437325,18408,7678,251,90525,523635.4285714286,
"2019-03-26 00:00:00",409653,37322,3709,0,46484,516971,
"2019-03-27 00:00:00",618079,58116,1801,251,220923,615991.8571428572,
"2019-03-28 00:00:00",551028,51197,5049,0,37345,615756.1428571428,
"2019-03-29 00:00:00",394729,23379,1801,251,128209,616792.2857142857,
"2019-03-30 00:00:00",480869,13234,0,0,4835,628587.4285714285,
"2019-03-31 00:00:00",649548,60033,1801,251,39225,627617.8571428572,
"2019-04-01 00:00:00",455389,70303,3603,0,21435,627123.7142857143,
"2019-04-02 00:00:00",437308,40458,1801,251,7577,625727.7142857143,
"2019-04-03 00:00:00",470612,48382,1801,251,52348,579188.1428571428,
"2019-04-04 00:00:00",660577,0,0,0,2084,581765.4285714285,
"2019-04-05 00:00:00",309344,0,10498,2192,25192,553030.5714285715,
"2019-04-06 00:00:00",675508,103498,0,251,45247,599540,
"2019-04-07 00:00:00",888388,12284,1801,0,47406,627971.4285714285,
"2019-04-08 00:00:00",57488,0,8747,0,1296,558942.8571428572,
"2019-04-09 00:00:00",230581,0,3672,0,5432,523555.4285714286,
"2019-04-10 00:00:00",702289,53834,0,251,57143,557858.7142857143,
"2019-04-11 00:00:00",388487,29813,8580,0,17214,526635.1428571428,
"2019-04-12 00:00:00",653045,0,0,251,18633,573021.2857142857,
"2019-04-13 00:00:00",500010,6459,3603,0,103301,542859.8571428572,
"2019-04-14 00:00:00",534277,11405,0,0,10859,486668.5714285714,
"2019-04-15 00:00:00",464082,33558,0,251,67459,557785.7142857143,
"2019-04-16 00:00:00",431957,1464,1801,0,32208,590320.8571428572,
"2019-04-17 00:00:00",549399,40458,0,0,13890,560353.5714285715,
"2019-04-18 00:00:00",408123,0,1801,0,12224,557218.2857142857,
"2019-04-19 00:00:00",536141,0,8282,0,42868,545127,
"2019-04-20 00:00:00",650164,42710,0,0,81991,568197,
"2019-04-21 00:00:00",271807,47689,1801,0,49612,541678.1428571428,
"2019-04-22 00:00:00",0,0,0,0,0,460913.71428571426,
"2019-04-23 00:00:00",386930,6698,4167,251,16425,453348.14285714284,
"2019-04-24 00:00:00",535876,28591,0,0,49730,454841,
"2019-04-25 00:00:00",502414,0,3672,0,24138,470280.4285714286,
"2019-04-26 00:00:00",819791,11885,3603,0,69638,515655.71428571426,
"2019-04-27 00:00:00",987992,21233,238,251,51137,556511.2857142857,
"2019-04-28 00:00:00",585867,46939,0,251,61245,602710.4285714285,
"2019-04-29 00:00:00",593340,23310,3603,0,27417,695235,
"2019-04-30 00:00:00",52223,14732,0,0,3840,646138.2857142857,
"2019-05-01 00:00:00",297728,0,1881,0,524,601272.1428571428,
"2019-05-02 00:00:00",786199,24513,1801,5201,36118,647501.8571428572,
"2019-05-03 00:00:00",816678,39872,3603,0,73256,651572.1428571428,
"2019-05-04 00:00:00",578792,43291,1801,251,37064,594479,
"2019-05-05 00:00:00",630921,43412,3672,0,27098,596021.8571428572,
"2019-05-06 00:00:00",429102,51291,2152,0,35772,577542.7142857143,
"2019-05-07 00:00:00",722689,0,7236,0,29353,675897.4285714285,
"2019-05-08 00:00:00",439743,12284,0,2852,49419,705063.8571428572,
"2019-05-09 00:00:00",453194,0,5521,503,22738,651938.8571428572,
"2019-05-10 00:00:00",541063,53400,0,0,27048,607381.7142857143,
"2019-05-11 00:00:00",356002,39887,0,503,17517,572054.4285714285,
"2019-05-12 00:00:00",779806,45076,1801,0,19137,592157,
"2019-05-13 00:00:00",629228,21518,1801,251,42690,617467.4285714285,
"2019-05-14 00:00:00",359627,0,1801,0,60462,569269.1428571428,
"2019-05-15 00:00:00",515452,25175,7145,105,12963,577346.5714285715,
"2019-05-16 00:00:00",464190,16919,1801,0,17321,579957.2857142857,
"2019-05-17 00:00:00",1724,0,0,0,10415,492904.28571428574,
"2019-05-18 00:00:00",735951,55049,1941,251,11519,548733.1428571428,
"2019-05-19 00:00:00",423962,19936,0,0,10666,492839.14285714284,
"2019-05-20 00:00:00",466251,31788,7276,0,40235,471419.14285714284,
"2019-05-21 00:00:00",429703,21991,0,251,55285,483610.71428571426,
"2019-05-22 00:00:00",641009,50656,0,0,15668,504538.28571428574,
"2019-05-23 00:00:00",584882,66332,0,251,10473,527639.1428571428,
"2019-05-24 00:00:00",409282,101109,7253,0,17516,602356.7142857143,
"2019-05-25 00:00:00",808169,0,586,0,0,602934.2857142857,
"2019-05-26 00:00:00",579597,6459,0,0,25155,625312.5714285715,
"2019-05-27 00:00:00",441662,23310,1801,5201,24052,618237.8571428572,
"2019-05-28 00:00:00",718449,39315,1801,251,78175,665489.5714285715,
"2019-05-29 00:00:00",462144,16919,1801,251,31341,637650.1428571428,
"2019-05-30 00:00:00",390529,41701,1801,0,23166,608401.5714285715,
"2019-05-31 00:00:00",600232,40548,1801,251,21143,626803.7142857143,
"2019-06-01 00:00:00",445835,32598,0,0,35372,584668,
"2019-06-02 00:00:00",625859,23741,0,0,45310,596624.8571428572,
"2019-06-03 00:00:00",400546,28888,1801,0,23340,590703.2857142857,
"2019-06-04 00:00:00",491812,23379,3709,251,7917,546285.5714285715,
"2019-06-05 00:00:00",428981,15372,5329,0,4519,537963.4285714285,
"2019-06-06 00:00:00",340489,0,1801,0,44770,527943.8571428572,
"2019-06-07 00:00:00",450869,0,0,524,107773,512970.85714285716,
"2019-06-08 00:00:00",538831,36230,1881,0,34474,526915.2857142857,
"2019-06-09 00:00:00",1054463,40458,0,0,39595,589716.2857142857,
"2019-06-10 00:00:00",423134,33993,1801,0,54960,598189.5714285715,
"2019-06-11 00:00:00",602247,65198,5474,251,36824,624322,
"2019-06-12 00:00:00",476217,6459,4127,0,23995,632407.1428571428,
"2019-06-13 00:00:00",392868,0,0,0,46773,639918.5714285715,
"2019-06-14 00:00:00",858388,66044,0,0,7933,693232.5714285715,
"2019-06-15 00:00:00",550632,140527,0,251,31583,709172.2857142857,
"2019-06-16 00:00:00",438751,53009,0,0,5591,618148.7142857143,
"2019-06-17 00:00:00",599318,6459,0,350,8131,632487.1428571428,
"2019-06-18 00:00:00",463488,20424,1801,0,36364,605641.7142857143,
"2019-06-19 00:00:00",375660,0,0,0,28037,590341.4285714285,
"2019-06-20 00:00:00",565846,19822,0,0,69274,621098.8571428572,
"2019-06-21 00:00:00",625383,44897,1801,0,63305,592959.4285714285,
"2019-06-22 00:00:00",732827,27000,0,251,39497,603899.8571428572,
"2019-06-23 00:00:00",470693,7462,0,251,9845,602600.1428571428,
"2019-06-24 00:00:00",562237,42241,2105,251,17582,604051.5714285715,
"2019-06-25 00:00:00",620641,17865,3603,251,64512,630450.8571428572,
"2019-06-26 00:00:00",140849,0,0,0,69981,602898.4285714285,
"2019-06-27 00:00:00",480307,17030,1801,251,30037,584967.7142857143,
"2019-06-28 00:00:00",574680,64041,3603,251,27403,575623.5714285715,
"2019-06-29 00:00:00",883291,93727,3603,251,16700,603908.7142857143,
"2019-06-30 00:00:00",366913,17698,0,0,53205,596703.4285714285,
"2019-07-01 00:00:00",685065,41556,9125,0,66320,622081.8571428572,
"2019-07-02 00:00:00",680810,51547,5405,251,38742,632065.1428571428,
"2019-07-03 00:00:00",417688,62039,0,0,15067,672631.4285714285,
"2019-07-04 00:00:00",445442,6459,4759,0,5638,663041.5714285715,
"2019-07-05 00:00:00",580191,81188,0,0,57832,670074.7142857143,
"2019-07-06 00:00:00",639565,88332,1801,503,13235,633769.7142857143,
"2019-07-07 00:00:00",579454,33963,0,0,88453,671491.7142857143,
"2019-07-08 00:00:00",773427,0,0,0,50236,674576.7142857143,
"2019-07-09 00:00:00",543382,2844,3987,251,21219,645280.7142857143,
"2019-07-10 00:00:00",319661,19617,1801,0,39001,628893.1428571428,
"2019-07-11 00:00:00",522505,12919,320,251,78870,650688.5714285715,
"2019-07-12 00:00:00",527093,35443,0,503,36404,633579,
"2019-07-13 00:00:00",746380,62213,0,0,38217,648346.2857142857,
"2019-07-14 00:00:00",482572,35239,1801,251,49303,629388.8571428572,
"2019-07-15 00:00:00",529703,32151,5622,0,9126,594094.7142857143,
"2019-07-16 00:00:00",487482,12284,3279,251,48895,591310.1428571428,
"2019-07-17 00:00:00",521771,68148,0,503,36505,626574,
"2019-07-18 00:00:00",224071,71314,7847,0,199358,610534.4285714285,
"2019-07-19 00:00:00",563174,7462,0,0,38364,611899.7142857143,
"2019-07-20 00:00:00",618432,42747,6035,0,81885,597941.1428571428,
"2019-07-21 00:00:00",383209,59877,0,251,13236,581856.2857142857,
"2019-07-22 00:00:00",577464,0,0,251,56139,590035.1428571428,
"2019-07-23 00:00:00",346619,45915,10809,251,2260,569129.8571428572,
"2019-07-24 00:00:00",484928,40458,3672,503,14829,557338.8571428572,
"2019-07-25 00:00:00",750757,40168,2325,0,68545,608653.8571428572,
"2019-07-26 00:00:00",568807,23549,0,251,73521,616815,
"2019-07-27 00:00:00",446764,0,0,0,73834,584172,
"2019-07-28 00:00:00",598961,0,0,0,6733,605474.8571428572,
"2019-07-29 00:00:00",275056,63858,4127,0,42477,569998.1428571428,
"2019-07-30 00:00:00",333640,6459,5521,0,54600,569193.2857142857,
"2019-07-31 00:00:00",626978,82154,1801,251,21061,596029.7142857143,
"2019-08-01 00:00:00",602904,0,0,0,51507,566403.2857142857,
"2019-08-02 00:00:00",721701,51283,1801,0,31507,586426.7142857143,
"2019-08-03 00:00:00",453586,94653,3987,251,2920,591398.1428571428,
"2019-08-04 00:00:00",503620,5086,2325,0,9393,579216.7142857143,
"2019-08-05 00:00:00",438118,50497,0,251,39574,599634.2857142857,
"2019-08-06 00:00:00",754818,94738,1801,0,79808,675483.5714285715,
"2019-08-07 00:00:00",359854,66938,1801,251,38375,637622.7142857143,
"2019-08-08 00:00:00",260749,0,0,0,54475,589167.5714285715,
"2019-08-09 00:00:00",0,0,0,0,0,473982.71428571426,
"2019-08-10 00:00:00",0,0,0,0,0,394640,
"2019-08-11 00:00:00",900225,21518,8431,251,41768,459178.71428571426,
"2019-08-12 00:00:00",641156,39887,0,0,55253,488872.28571428574,
"2019-08-13 00:00:00",349653,69807,0,251,6977,416804.14285714284,
"2019-08-14 00:00:00",680889,31749,2676,251,70711,462383.85714285716,
"2019-08-15 00:00:00",559187,6459,1801,0,56303,506459.14285714284,
"2019-08-16 00:00:00",516492,84918,116,0,74524,603038,
"2019-08-17 00:00:00",340407,0,1801,251,27819,655935.1428571428,
"2019-08-18 00:00:00",617840,0,0,251,42777,611459.8571428572,
"2019-08-19 00:00:00",489240,51537,1801,251,36944,589099.7142857143,
"2019-08-20 00:00:00",669787,0,1801,0,12119,625816.5714285715,
"2019-08-21 00:00:00",532680,0,0,0,32118,594176.5714285715,
"2019-08-22 00:00:00",308490,16724,0,251,35824,556682.2857142857,
"2019-08-23 00:00:00",585994,17780,1881,1482,48373,553748,
"2019-08-24 00:00:00",534794,54389,3709,0,29306,589736.5714285715,
"2019-08-25 00:00:00",649327,18744,1801,0,0,591022.8571428572,
"2019-08-26 00:00:00",768325,23379,5405,251,73268,632573.4285714285,
"2019-08-27 00:00:00",451358,0,0,251,33580,604213.7142857143,
"2019-08-28 00:00:00",585948,0,1801,251,9359,608865.5714285715,
"2019-08-29 00:00:00",370499,6459,0,0,55749,619067.8571428572,
"2019-08-30 00:00:00",596616,15236,0,0,50894,620101.5714285715,
"2019-08-31 00:00:00",672040,82598,1801,0,13793,641249.4285714285,
"2019-09-01 00:00:00",505135,0,0,0,72001,628001.4285714285,
"2019-09-02 00:00:00",556830,36470,0,0,12016,590099.7142857143,
"2019-09-03 00:00:00",776193,41468,3513,251,14167,640157.4285714285,
"2019-09-04 00:00:00",555920,973,1801,0,52758,642170.5714285715,
"2019-09-05 00:00:00",593149,0,0,0,3444,665582.8571428572,
"2019-09-06 00:00:00",28991,0,0,0,5432,575822.2857142857,
"2019-09-07 00:00:00",1134519,98198,3603,251,19977,645296,
"2019-09-08 00:00:00",369521,23310,0,0,4703,619638.5714285715,
"2019-09-09 00:00:00",513382,43279,9068,0,13437,615902.7142857143,
"2019-09-10 00:00:00",533279,6459,0,0,50407,580838.8571428572,
"2019-09-11 00:00:00",746138,7139,5511,251,14358,603974,
"2019-09-12 00:00:00",454604,42969,0,503,29574,594125.1428571428,
"2019-09-13 00:00:00",517459,0,7730,0,27550,668170.4285714285,
"2019-09-14 00:00:00",730504,38856,0,0,58032,606862.1428571428,
"2019-09-15 00:00:00",701581,67121,1801,251,50581,667405.4285714285,
"2019-09-16 00:00:00",346033,23263,13728,0,6820,640359.4285714285,
"2019-09-17 00:00:00",601106,9680,2741,251,45239,650198.4285714285,
"2019-09-18 00:00:00",550427,16919,0,0,13586,622703.1428571428,
"2019-09-19 00:00:00",584620,31008,1801,251,28700,639664.7142857143,
"2019-09-20 00:00:00",443413,27844,3987,0,5432,629370,
"2019-09-21 00:00:00",43725,0,0,0,0,517417.4285714286,
"2019-09-22 00:00:00",360693,6369,0,0,2194,452834.4285714286,
"2019-09-23 00:00:00",568009,132571,5241,251,87863,510561.85714285716,
"2019-09-24 00:00:00",654613,27357,8804,0,33840,519932.5714285714,
"2019-09-25 00:00:00",521281,43110,1801,0,39042,523404.4285714286,
"2019-09-26 00:00:00",692022,53298,0,0,14168,539562.5714285715,
"2019-09-27 00:00:00",615323,6459,4573,0,3561,560882.5714285715,
"2019-09-28 00:00:00",483231,6459,3603,251,5219,625888.2857142857,
"2019-09-29 00:00:00",581961,79424,3603,0,120234,685312,
"2019-09-30 00:00:00",20593,0,2325,0,0,575166.5714285715,
"2019-10-01 00:00:00",0,0,0,0,0,471650.14285714284,
"2019-10-02 00:00:00",378275,13361,0,251,28002,445172.28571428574,
"2019-10-03 00:00:00",671381,55509,3603,0,99214,455203.71428571426,
"2019-10-04 00:00:00",580861,38839,3603,0,53529,461906,
"2019-10-05 00:00:00",488601,53331,4127,0,42115,474678.85714285716,
"2019-10-06 00:00:00",600623,27758,5521,0,16325,455394,
"2019-10-07 00:00:00",333301,24875,7660,0,61914,513227.28571428574,
"2019-10-08 00:00:00",585752,20422,0,0,24626,603341.5714285715,
"2019-10-09 00:00:00",614083,47085,0,251,71247,648024,
"2019-10-10 00:00:00",219261,51929,0,0,56346,576285,
"2019-10-11 00:00:00",469474,67738,10968,0,31743,562440.8571428572,
"2019-10-12 00:00:00",428310,54251,5511,0,22194,551311.2857142857,
"2019-10-13 00:00:00",472597,79534,7439,251,38756,543932.7142857143,
"2019-10-14 00:00:00",462536,20292,1801,0,27131,555934,
"2019-10-15 00:00:00",205961,39887,4759,251,15647,503892.14285714284,
"2019-10-16 00:00:00",408576,12919,5200,251,59807,468761.85714285716,
"2019-10-17 00:00:00",651674,21518,1801,0,32037,522975.4285714286,
"2019-10-18 00:00:00",477063,120681,1801,503,58778,534247.4285714285,
"2019-10-19 00:00:00",485186,0,5521,0,20043,534316.4285714285,
"2019-10-20 00:00:00",670425,53009,3810,0,64804,561955,
"2019-10-21 00:00:00",566690,46347,6951,0,11432,579049.4285714285,
"2019-10-22 00:00:00",465455,0,3603,0,36375,613182,
"2019-10-23 00:00:00",370668,46918,0,0,51176,610611.5714285715,
"2019-10-24 00:00:00",583263,0,3603,251,21808,596596.4285714285,
"2019-10-25 00:00:00",389363,22676,4207,0,8316,563129.8571428572,
"2019-10-26 00:00:00",549486,52277,0,251,22946,579445.8571428572,
"2019-10-27 00:00:00",680306,0,0,0,5851,564318.4285714285,
"2019-10-28 00:00:00",588565,53009,5511,0,130491,585197.7142857143,
"2019-10-29 00:00:00",452296,65603,3603,0,57990,595777.4285714285,
"2019-10-30 00:00:00",395792,16889,0,0,27639,591714.2857142857,
"2019-10-31 00:00:00",387370,16919,13380,0,7095,565405.5714285715,
"2019-11-01 00:00:00",417614,0,0,0,29074,568566.2857142857,
"2019-11-02 00:00:00",343175,86805,26924,251,53052,552173,
"2019-11-03 00:00:00",456366,68536,0,251,837,529292.2857142857,
"2019-11-04 00:00:00",391035,117220,5200,251,12151,493332.71428571426,
"2019-11-05 00:00:00",481045,50146,1801,0,14059,488698.4285714286,
"2019-11-06 00:00:00",422668,46549,5521,0,47269,500368.14285714284,
"2019-11-07 00:00:00",563873,61391,0,1526,47620,536031.8571428572,
"2019-11-08 00:00:00",422919,28139,8362,0,62581,546791.1428571428,
"2019-11-09 00:00:00",558799,0,3987,251,4227,554942.1428571428,
"2019-11-10 00:00:00",485305,40184,1801,0,81307,566743.1428571428,
"2019-11-11 00:00:00",596488,47130,5636,0,11208,585972.1428571428,
"2019-11-12 00:00:00",430616,42260,5405,0,142502,596505,
"2019-11-13 00:00:00",333080,12919,3709,0,10368,573372,
"2019-11-14 00:00:00",680706,202856,0,503,62359,612231.2857142857,
"2019-11-15 00:00:00",442900,6459,1801,0,21585,605194.8571428572,
"2019-11-16 00:00:00",460331,64849,0,0,9277,600507.8571428572,
"2019-11-17 00:00:00",194392,47904,3279,0,2782,549044.8571428572,
"2019-11-18 00:00:00",340089,19379,0,0,5432,506821.71428571426,
"2019-11-19 00:00:00",353571,23379,11851,0,42197,479709.71428571426,
"2019-11-20 00:00:00",408844,6459,4451,0,17286,490704.5714285714,
"2019-11-21 00:00:00",645742,177237,0,0,1663,473307,
"2019-11-22 00:00:00",625499,36036,0,251,15001,502455.71428571426,
"2019-11-23 00:00:00",383194,0,1801,0,19400,483875.4285714286,
"2019-11-24 00:00:00",357134,69261,1801,0,892,509694.28571428574,
"2019-11-25 00:00:00",472817,7640,0,251,13923,528227.4285714285,
"2019-11-26 00:00:00",588728,25839,0,0,26180,558191.5714285715,
"2019-11-27 00:00:00",363564,20411,5474,0,1490,551605.7142857143,
"2019-11-28 00:00:00",401834,26407,0,251,18792,497697.5714285714,
"2019-11-29 00:00:00",731889,66604,0,0,3707,515613.5714285714,
"2019-11-30 00:00:00",484655,46918,1801,0,2291,534366.4285714285,
"2019-12-01 00:00:00",32959,0,1801,0,4239,478639.28571428574,
"2019-12-02 00:00:00",309910,26884,0,0,45896,462647.71428571426,
"2019-12-03 00:00:00",288134,43892,4361,251,68962,429055.4285714286,
"2019-12-04 00:00:00",506334,83630,478,251,59580,466103.28571428574,
"2019-12-05 00:00:00",503837,50276,3603,0,13681,483833.5714285714,
"2019-12-06 00:00:00",331172,6459,1801,0,14759,419832.4285714286,
"2019-12-07 00:00:00",333926,6459,10637,0,11036,395031.4285714286,
"2019-12-08 00:00:00",387546,0,3603,0,18677,448006.71428571426,
"2019-12-09 00:00:00",621712,0,0,0,12579,483949.4285714286,
"2019-12-10 00:00:00",407204,26629,9078,251,13734,491277.4285714286,
"2019-12-11 00:00:00",396074,84261,8362,251,11283,469842.71428571426,
"2019-12-12 00:00:00",399469,62069,4860,251,47439,461656,
"2019-12-13 00:00:00",513782,53817,1801,0,25598,496057,
"2019-12-14 00:00:00",329486,40898,1801,251,86144,509846,
"2019-12-15 00:00:00",490621,6459,5405,0,4986,523795.4285714286,
"2019-12-16 00:00:00",481645,23831,3603,0,44837,512313.5714285714,
"2019-12-17 00:00:00",549446,12919,0,251,27348,531323.4285714285,
"2019-12-18 00:00:00",312402,21127,3603,251,13420,509976.71428571426,
"2019-12-19 00:00:00",528132,57073,5789,0,20146,523841,
"2019-12-20 00:00:00",420973,29838,0,0,3458,503736.71428571426,
"2019-12-21 00:00:00",311263,88314,1801,0,20125,498439.85714285716,
"2019-12-22 00:00:00",564036,46918,1801,0,21396,516536.71428571426,
"2019-12-23 00:00:00",459410,51536,1801,251,20042,513554.71428571426,
"2019-12-24 00:00:00",491392,55711,0,0,13855,509410.85714285716,
"2019-12-25 00:00:00",511935,39804,0,0,7077,539126.5714285715,
"2019-12-26 00:00:00",143861,25175,0,0,10865,477521,
"2019-12-27 00:00:00",675916,85294,3603,0,54118,529615.5714285715,
"2019-12-28 00:00:00",401722,45218,0,0,18460,535886.5714285715,
"2019-12-29 00:00:00",486160,51545,1801,0,7514,523439.4285714286,
"2019-12-30 00:00:00",352878,6459,3987,0,10386,500677.85714285716,
"2019-12-31 00:00:00",304963,29770,1801,0,680,468714.4285714286,
"2020-01-01 00:00:00",365765,46249,5080,0,3326,448943.85714285716,
"2020-01-02 00:00:00",588394,71225,0,503,75149,528282.4285714285,
"2020-01-03 00:00:00",752888,56735,0,0,51930,534371.4285714285,
"2020-01-04 00:00:00",475117,29353,5789,0,53464,548417.8571428572,
"2020-01-05 00:00:00",432039,21518,1801,0,1663,535560.8571428572,
"2020-01-06 00:00:00",805178,78351,0,0,13879,610374.5714285715,
"2020-01-07 00:00:00",165815,6459,0,0,2713,587199.2857142857,611330.1428571428
"2020-01-08 00:00:00",625398,43279,5521,0,15211,625626.2857142857,590772.5714285715
"2020-01-09 00:00:00",654121,5870,3603,0,52636,622906.1428571428,620966.1428571428
"2020-01-10 00:00:00",621834,40458,0,0,61448,603218.2857142857,668162.4285714285
"2020-01-11 00:00:00",563936,16919,152,0,28714,609789.1428571428,753617.1428571428
"2020-01-12 00:00:00",446104,52818,5405,251,30565,620949.7142857143,808442
"2020-01-13 00:00:00",753094,43279,0,251,59313,615025.4285714285,814811.7142857143
"2020-01-14 00:00:00",330446,91642,1801,0,7454,651647.7142857143,860533.1428571428
"2020-01-15 00:00:00",550855,59484,2325,0,10486,642182.1428571428,823095.4285714285
"2020-01-16 00:00:00",539030,0,1801,251,14171,619185.5714285715,828585.8571428572
"2020-01-17 00:00:00",540103,27987,1389,0,0,597148.2857142857,815080.2857142857
"2020-01-18 00:00:00",770550,130846,3279,0,43826,645545.4285714285,799437.4285714285
"2020-01-19 00:00:00",714907,12919,0,0,19010,675787,778577.8571428572
"2020-01-20 00:00:00",627204,26004,3987,0,20091,650265.4285714285,759031
"2020-01-21 00:00:00",625491,11690,4759,0,9736,681741.5714285715,756399.5714285715
"2020-01-22 00:00:00",527831,27971,5606,0,12983,674776,826656.8571428572
"2020-01-23 00:00:00",766991,6459,0,0,3262,706412.8571428572,831777.2857142857
"2020-01-24 00:00:00",607864,56490,0,0,48830,726942.1428571428,845958
"2020-01-25 00:00:00",547239,59468,0,251,50752,685400.8571428572,793702
"2020-01-26 00:00:00",256035,0,0,0,7095,616300,764457.5714285715
"2020-01-27 00:00:00",532582,29770,0,0,5432,600656.7142857143,755001.4285714285
"2020-01-28 00:00:00",281060,40653,5359,251,68761,564143.4285714285,714974.5714285715
"2020-01-29 00:00:00",330535,133243,1801,0,13326,550502.5714285715,644135.2857142857
"2020-01-30 00:00:00",282345,0,0,0,0,479878.5714285714,638041.2857142857
"2020-01-31 00:00:00",525972,57645,0,0,73096,471811.4285714286,590971.7142857143
"2020-02-01 00:00:00",361127,56197,0,0,25536,441118.28571428574,690181.7142857143
"2020-02-02 00:00:00",237400,0,6560,0,6991,439378.4285714286,725495.1428571428
"2020-02-03 00:00:00",332809,0,5405,0,49998,413725.28571428574,770222.2857142857
"2020-02-04 00:00:00",217894,285828,7323,0,30537,434510.85714285716,784905.2857142857
"2020-02-05 00:00:00",126118,31650,1801,0,40943,394740.28571428574,792175.8571428572
"2020-02-06 00:00:00",347723,29516,0,0,17981,410865.28571428574,794060.2857142857
"2020-02-07 00:00:00",391988,132438,0,0,37328,397299.71428571426,800125.5714285715
"2020-02-08 00:00:00",389743,33824,0,0,9988,395970.28571428574,705042.8571428572
"2020-02-09 00:00:00",105962,54293,0,0,57980,391296.5714285714,637867.2857142857
"2020-02-10 00:00:00",258123,44521,0,0,36657,384309.14285714284,579010.4285714285
"2020-02-11 00:00:00",95170,55527,0,0,16976,330893.28571428574,591336.2857142857
"2020-02-12 00:00:00",143127,0,6611,0,29976,327922.28571428574,554787.5714285715
"2020-02-13 00:00:00",71515,0,0,0,10662,283201.85714285716,499490.71428571426
"2020-02-14 00:00:00",61353,0,1629,0,29774,216202.14285714287,449545.85714285716
"2020-02-15 00:00:00",207677,0,0,0,0,183933.85714285713,415644.5714285714
"2020-02-16 00:00:00",152612,0,0,0,0,174559,394064.85714285716
"2020-02-17 00:00:00",209699,11405,0,0,865,157797.57142857142,369490.85714285716
"2020-02-18 00:00:00",456655,20101,3987,0,53342,210142.42857142858,288954.4285714286
"2020-02-19 00:00:00",540101,114350,1801,0,19321,280979.28571428574,268943.14285714284
"2020-02-20 00:00:00",696226,119363,3603,0,58500,394624.4285714286,293638.5714285714
"2020-02-21 00:00:00",210731,13784,0,0,23009,416734.14285714284,338267.71428571426
"2020-02-22 00:00:00",340638,40641,0,503,70275,451645.85714285716,333375.4285714286
"2020-02-23 00:00:00",307139,76003,1472,0,56944,492924,383822.71428571426
"2020-02-24 00:00:00",418131,59144,0,0,17498,531895.8571428572,423316.28571428574
"2020-02-25 00:00:00",338082,38040,1801,0,88669,522254,455965.85714285716
"2020-02-26 00:00:00",307421,6459,3987,0,65468,480505.85714285716,474040
"2020-02-27 00:00:00",900467,65749,1801,0,92732,506657,496568.5714285714
"2020-02-28 00:00:00",436955,89925,5359,0,39625,552991.4285714285,465919
"2020-02-29 00:00:00",373843,22131,0,0,2305,545308.7142857143,483925.4285714286
"2020-03-01 00:00:00",250416,11405,3279,0,18574,522753.85714285716,430379.5714285714
"2020-03-02 00:00:00",207693,0,830,0,7136,482880.4285714286,407253.4285714286
"2020-03-03 00:00:00",108005,0,0,0,6602,432596.71428571426,400966.71428571426
"2020-03-04 00:00:00",129809,6459,0,0,11984,399013.28571428574,385695.5714285714
"2020-03-05 00:00:00",245084,8595,0,0,6543,284652.14285714284,343494.85714285716
"2020-03-06 00:00:00",354292,26252,0,0,14309,259364.7142857143,360529.71428571426
"2020-03-07 00:00:00",371539,0,0,0,14246,257579.7142857143,411600
"2020-03-08 00:00:00",207538,0,0,0,37507,252061.14285714287,440055.28571428574
"2020-03-09 00:00:00",126947,0,0,0,33713,244204,461028.28571428574
"2020-03-10 00:00:00",348693,13341,0,0,33315,284309.85714285716,457194.28571428574
"2020-03-11 00:00:00",287013,6459,0,0,557,305135.14285714284,486240
"2020-03-12 00:00:00",472412,74881,0,0,2058,346439.28571428574,497145.28571428574
"2020-03-13 00:00:00",365548,9777,0,0,58356,351986.28571428574,514944.4285714286
"2020-03-14 00:00:00",612395,0,0,0,29460,388567.85714285716,479345.28571428574
"2020-03-15 00:00:00",555804,52928,0,0,31439,445014.5714285714,500327.28571428574
"2020-03-16 00:00:00",436976,105240,0,0,34445,504443.4285714286,477667.28571428574
"2020-03-17 00:00:00",463303,58489,0,0,10354,523985.85714285716,481010
"2020-03-18 00:00:00",205915,6459,3435,0,8592,514039.14285714284,495225.5714285714
"2020-03-19 00:00:00",528104,98622,6956,0,46881,532783.8571428572,463070.71428571426
"2020-03-20 00:00:00",741416,7740,1801,0,44069,584404.4285714285,479257
"2020-03-21 00:00:00",713122,75378,0,0,19831,608186.5714285715,472057.4285714286
"2020-03-22 00:00:00",898605,15480,7323,251,10759,649936.2857142857,450450.4285714286
"2020-03-23 00:00:00",418646,23379,2988,251,26299,634922.4285714285,503945.71428571426
"2020-03-24 00:00:00",1065270,0,1801,0,43379,717537.5714285715,523635.4285714286
"2020-03-25 00:00:00",457178,123865,2325,503,54670,776700.4285714285,516971
"2020-03-26 00:00:00",304920,22367,1801,0,10865,728041.7142857143,615991.8571428572
"2020-03-27 00:00:00",927017,790,1801,251,8616,748534.7142857143,615756.1428571428
"2020-03-28 00:00:00",555730,57613,0,0,40200,726422.1428571428,616792.2857142857
"2020-03-29 00:00:00",474021,6459,1801,0,72440,672465.4285714285,628587.4285714285
"2020-03-30 00:00:00",194297,0,0,0,8150,634020.1428571428,627617.8571428572
"2020-03-31 00:00:00",169215,0,0,0,3028,499990.28571428574,627123.7142857143
"2020-04-01 00:00:00",435160,52277,1801,251,33589,483495.5714285714,625727.7142857143
"2020-04-02 00:00:00",385160,61341,0,0,37307,504046.14285714284,579188.1428571428
"2020-04-03 00:00:00",305326,71511,5511,0,34196,429484.28571428574,581765.4285714285
"2020-04-04 00:00:00",527067,0,0,0,32404,416045.5714285714,553030.5714285715
"2020-04-05 00:00:00",624339,13321,1813,251,8402,429389.28571428574,599540
"2020-04-06 00:00:00",480948,54132,1801,0,40010,482881.28571428574,627971.4285714285
"2020-04-07 00:00:00",446036,45817,0,0,1061,528691.5714285715,558942.8571428572
"2020-04-08 00:00:00",540831,1906,3603,251,10635,533570,523555.4285714286
"2020-04-09 00:00:00",376280,51607,3987,0,6475,527076.1428571428,557858.7142857143
"2020-04-10 00:00:00",329323,1180,3603,251,65431,524682.7142857143,526635.1428571428
"2020-04-11 00:00:00",208137,46347,0,251,33159,485886.14285714284,573021.2857142857
"2020-04-12 00:00:00",817496,57750,0,251,0,518367.5714285714,542859.8571428572
"2020-04-13 00:00:00",688111,22188,5080,0,41319,544054.2857142857,486668.5714285714
"2020-04-14 00:00:00",249916,22801,4673,0,24820,516811,557785.7142857143
"2020-04-15 00:00:00",624996,51947,0,503,106614,549215.7142857143,590320.8571428572
"2020-04-16 00:00:00",70359,59500,1801,0,10511,506904.4285714286,560353.5714285715
"2020-04-17 00:00:00",656833,38028,0,0,47618,555860,557218.2857142857
"2020-04-18 00:00:00",737799,0,7323,0,9126,622481.8571428572,545127
"2020-04-19 00:00:00",490158,52279,11348,251,5063,577282.1428571428,568197
"2020-04-20 00:00:00",711026,69686,0,251,27765,584715,541678.1428571428
"2020-04-21 00:00:00",503531,23856,5313,251,5100,618406.5714285715,460913.71428571426
"2020-04-22 00:00:00",527397,77063,1801,0,12225,594753.1428571428,453348.14285714284
"2020-04-23 00:00:00",160559,22588,0,0,16734,602997.5714285715,454841
"2020-04-24 00:00:00",447577,67579,1801,0,17309,573252.8571428572,470280.4285714286
"2020-04-25 00:00:00",667666,1357,1801,0,22089,564490.7142857143,515655.71428571426
"2020-04-26 00:00:00",394089,12919,5789,503,71090,553818.1428571428,556511.2857142857
"2020-04-27 00:00:00",310990,61473,0,0,7703,492594.85714285716,602710.4285714285
"2020-04-28 00:00:00",458641,0,0,0,3326,481725.4285714286,695235
"2020-04-29 00:00:00",201671,0,0,251,18949,424923.14285714284,646138.2857142857
"2020-04-30 00:00:00",107423,53377,3557,0,54910,427692.5714285714,601272.1428571428
"2020-05-01 00:00:00",644937,46347,0,251,45353,456638.85714285716,647501.8571428572
"2020-05-02 00:00:00",407000,92811,0,0,2068,429348.28571428574,651572.1428571428
"2020-05-03 00:00:00",769558,87253,0,0,0,482551,594479
"2020-05-04 00:00:00",526043,44756,0,0,9946,511205.28571428574,596021.8571428572
"2020-05-05 00:00:00",251658,0,0,0,5432,481937.14285714284,577542.7142857143
"2020-05-06 00:00:00",368095,51536,0,1092,5894,511329.5714285714,675897.4285714285
"2020-05-07 00:00:00",173891,74829,0,0,0,515536.85714285716,705063.8571428572
"2020-05-08 00:00:00",144876,16919,0,0,4690,434050.5714285714,651938.8571428572
"2020-05-09 00:00:00",593333,0,0,0,31647,451636.28571428574,607381.7142857143
"2020-05-10 00:00:00",378564,24761,0,0,53358,394475.14285714284,572054.4285714285
"2020-05-11 00:00:00",570644,0,0,0,4513,393676.85714285716,592157
"2020-05-12 00:00:00",539786,0,370,0,20311,437016.5714285714,617467.4285714285
"2020-05-13 00:00:00",604934,53377,1801,0,94430,483863.14285714284,569269.1428571428
"2020-05-14 00:00:00",105364,58882,0,0,12209,473539.71428571426,577346.5714285715
"2020-05-15 00:00:00",179980,0,0,0,27154,479346.4285714286,579957.2857142857
"2020-05-16 00:00:00",383693,14200,0,251,25495,450583.5714285714,492904.28571428574
"2020-05-17 00:00:00",746535,0,0,0,7167,493014.71428571426,548733.1428571428
"2020-05-18 00:00:00",910782,0,0,0,12568,542756.4285714285,492839.14285714284
"2020-05-19 00:00:00",233648,52484,0,0,33951,508415.85714285716,471419.14285714284
"2020-05-20 00:00:00",579348,0,5521,251,44691,490596.85714285716,483610.71428571426
"2020-05-21 00:00:00",493756,0,1801,0,2727,536572.4285714285,504538.28571428574
"2020-05-22 00:00:00",236350,6459,1801,0,20933,544917,527639.1428571428
"2020-05-23 00:00:00",687434,98853,0,0,3115,597168.8571428572,602356.7142857143
"2020-05-24 00:00:00",288731,20840,0,0,1891,533991.8571428572,602934.2857142857
"2020-05-25 00:00:00",289976,59430,0,0,5504,452786.14285714284,625312.5714285715
"2020-05-26 00:00:00",353340,43279,3987,0,45796,470831.71428571426,618237.8571428572
"2020-05-27 00:00:00",969239,116111,5511,0,6914,537683.7142857143,665489.5714285715
"2020-05-28 00:00:00",555952,82559,1801,0,77371,569026.4285714285,637650.1428571428
"2020-05-29 00:00:00",441548,47407,3603,0,32303,606071.7142857143,608401.5714285715
"2020-05-30 00:00:00",1010108,0,0,251,11283,639249,626803.7142857143
"2020-05-31 00:00:00",439207,12919,0,0,0,659343.8571428572,584668
"2020-06-01 00:00:00",431724,19380,0,0,15557,675308.2857142857,596624.8571428572
"2020-06-02 00:00:00",769581,55770,0,0,1302,729629.8571428572,590703.2857142857
"2020-06-03 00:00:00",379096,74725,0,0,36615,642867.1428571428,546285.5714285715
"2020-06-04 00:00:00",395116,0,0,0,3497,597285.5714285715,537963.4285714285
"2020-06-05 00:00:00",127772,0,0,0,6703,541516,527943.8571428572
"2020-06-06 00:00:00",395472,6459,0,1643,42947,459355.71428571426,512970.85714285716
"2020-06-07 00:00:00",712007,65914,1801,0,19326,508916.14285714284,526915.2857142857
"2020-06-08 00:00:00",451564,0,3603,0,61440,516051.28571428574,589716.2857142857
"2020-06-09 00:00:00",637400,40166,12722,0,418,496630.28571428574,598189.5714285715
"2020-06-10 00:00:00",312474,0,0,0,10865,472759.14285714284,624322
"2020-06-11 00:00:00",407416,6459,0,0,28130,478958.28571428574,632407.1428571428
"2020-06-12 00:00:00",487182,50945,0,251,20803,539630.7142857143,639918.5714285715
"2020-06-13 00:00:00",758213,140002,0,251,10759,605731.5714285715,693232.5714285715
"2020-06-14 00:00:00",1048967,45063,3987,0,2191,648754.4285714285,709172.2857142857
"2020-06-15 00:00:00",256094,6459,0,0,9725,613850.4285714285,618148.7142857143
"2020-06-16 00:00:00",374291,53331,0,0,33057,580989.4285714285,632487.1428571428
"2020-06-17 00:00:00",597595,0,1801,0,56789,628539,605641.7142857143
"2020-06-18 00:00:00",435409,6459,0,462,418,628645.1428571428,590341.4285714285
"2020-06-19 00:00:00",551215,6459,1801,0,43734,634934.8571428572,621098.8571428572
"2020-06-20 00:00:00",897226,80875,0,0,45920,651334,592959.4285714285
"2020-06-21 00:00:00",182813,0,0,0,0,520277.28571428574,603899.8571428572
"2020-06-22 00:00:00",772067,0,1801,0,28074,595943.5714285715,602600.1428571428
"2020-06-23 00:00:00",493900,12919,3603,0,15996,605335,604051.5714285715
"2020-06-24 00:00:00",613076,48592,0,0,26452,609897.2857142857,630450.8571428572
"2020-06-25 00:00:00",456784,26710,1801,0,11586,617630.4285714285,602898.4285714285
"2020-06-26 00:00:00",304741,80360,0,251,5147,587243.2857142857,584967.7142857143
"2020-06-27 00:00:00",388148,74407,0,0,12947,508883.4285714286,575623.5714285715
"2020-06-28 00:00:00",676532,0,3603,0,11820,581618.2857142857,603908.7142857143
"2020-06-29 00:00:00",553448,8554,0,0,14728,549445.1428571428,596703.4285714285
"2020-06-30 00:00:00",756417,131045,3603,0,729,601641.7142857143,622081.8571428572
"2020-07-01 00:00:00",644075,52807,1801,0,3514,603652.7142857143,632065.1428571428
"2020-07-02 00:00:00",315534,6459,0,0,47264,585420.7142857143,672631.4285714285
"2020-07-03 00:00:00",348910,94827,0,251,27329,596966.2857142857,663041.5714285715
"2020-07-04 00:00:00",246944,37885,0,0,15568,571951.2857142857,670074.7142857143
"2020-07-05 00:00:00",655243,62220,0,0,5694,576408.5714285715,633769.7142857143
"2020-07-06 00:00:00",707841,24223,0,0,3763,599136.7142857143,671491.7142857143
"2020-07-07 00:00:00",751894,6459,3603,0,44130,586892.7142857143,674576.7142857143
"2020-07-08 00:00:00",362621,45063,0,0,12955,546670,645280.7142857143
"2020-07-09 00:00:00",183901,56139,1801,0,6688,529423.1428571428,628893.1428571428
"2020-07-10 00:00:00",375770,40458,0,0,5752,522374.5714285714,650688.5714285715
"2020-07-11 00:00:00",651998,12919,0,0,69245,584341,633579
"2020-07-12 00:00:00",567537,39087,0,0,24048,571128.8571428572,648346.2857142857
"2020-07-13 00:00:00",753815,6459,0,0,7766,575730.8571428572,629388.8571428572
"2020-07-14 00:00:00",282661,0,0,0,50749,508205.5714285714,594094.7142857143
"2020-07-15 00:00:00",486663,129042,0,0,3437,536563.1428571428,591310.1428571428
"2020-07-16 00:00:00",611380,32077,0,0,4394,593609.1428571428,626574
"2020-07-17 00:00:00",652867,26643,1801,461,13804,632694.7142857143,610534.4285714285
"2020-07-18 00:00:00",912959,107107,5405,0,6585,675251.1428571428,611899.7142857143
"2020-07-19 00:00:00",661395,0,4672,0,30487,684662.7142857143,597941.1428571428
"2020-07-20 00:00:00",760842,63790,0,0,5980,693601.4285714285,581856.2857142857
"2020-07-21 00:00:00",378318,0,0,0,53544,707666,590035.1428571428
"2020-07-22 00:00:00",516423,0,0,0,5432,693767.7142857143,569129.8571428572
"2020-07-23 00:00:00",572047,90612,0,0,47641,702689.1428571428,557338.8571428572
"2020-07-24 00:00:00",488473,29635,1801,251,39605,683287.5714285715,608653.8571428572
"2020-07-25 00:00:00",699384,27447,0,0,4901,640384,616815
"2020-07-26 00:00:00",780960,0,1801,0,8384,653897.2857142857,584172
"2020-07-27 00:00:00",505490,59454,0,0,8109,617103,605474.8571428572
"2020-07-28 00:00:00",808121,23531,0,251,3610,674767.5714285715,569998.1428571428
"2020-07-29 00:00:00",764439,95701,0,0,35631,728184.2857142857,569193.2857142857
"2020-07-30 00:00:00",169567,49194,0,0,7095,658978,596029.7142857143
"2020-07-31 00:00:00",534182,6459,0,0,22751,659495.8571428572,566403.2857142857
"2020-08-01 00:00:00",368217,56998,0,0,33281,620462,586426.7142857143
"2020-08-02 00:00:00",574602,6459,0,0,3693,590977.5714285715,591398.1428571428
"2020-08-03 00:00:00",125995,0,0,0,0,527112.1428571428,579216.7142857143
"2020-08-04 00:00:00",305652,0,0,0,0,451417.4285714286,599634.2857142857
"2020-08-05 00:00:00",845801,18089,3502,0,36437,452568.71428571426,675483.5714285715
"2020-08-06 00:00:00",753884,120075,0,0,14683,547252.2857142857,637622.7142857143
"2020-08-07 00:00:00",567405,39087,0,0,38788,558950.4285714285,589167.5714285715
"2020-08-08 00:00:00",575299,25038,0,0,63754,588321.2857142857,473982.71428571426
"2020-08-09 00:00:00",539665,46918,0,0,9950,590003.8571428572,394640
"2020-08-10 00:00:00",516436,0,0,0,49088,652793.7142857143,459178.71428571426
"2020-08-11 00:00:00",431973,0,0,0,8472,672050,488872.28571428574
"2020-08-12 00:00:00",689239,6459,0,0,10414,643804.5714285715,416804.14285714284
"2020-08-13 00:00:00",612249,0,0,0,2728,604709.4285714285,462383.85714285716
"2020-08-14 00:00:00",433762,0,0,0,4698,575163.7142857143,506459.14285714284
"2020-08-15 00:00:00",498543,64109,0,0,17178,563126.4285714285,603038
"2020-08-16 00:00:00",494807,48247,0,0,14122,557504,655935.1428571428
"2020-08-17 00:00:00",553481,5613,1801,0,33562,561637.4285714285,611459.8571428572
"2020-08-18 00:00:00",284500,13951,0,0,83605,553296.1428571428,589099.7142857143
"2020-08-19 00:00:00",1057377,72514,0,0,26105,617565.2857142857,625816.5714285715
"2020-08-20 00:00:00",448822,54171,0,0,22823,604828.1428571428,594176.5714285715
"2020-08-21 00:00:00",487765,56210,0,0,2495,620258.2857142857,556682.2857142857
"2020-08-22 00:00:00",316526,0,0,0,173767,607467.1428571428,553748
"2020-08-23 00:00:00",734311,6459,0,0,6324,634598.4285714285,589736.5714285715
"2020-08-24 00:00:00",611075,0,0,0,3204,637430,591022.8571428572
"2020-08-25 00:00:00",534230,44276,0,0,5432,666270.2857142857,632573.4285714285
"2020-08-26 00:00:00",739103,0,0,0,418,606773.8571428572,604213.7142857143
"2020-08-27 00:00:00",499540,40155,0,0,10004,610185.7142857143,608865.5714285715
"2020-08-28 00:00:00",571231,0,0,251,5086,614485.5714285715,619067.8571428572
"2020-08-29 00:00:00",304428,19694,1801,0,12708,592819.8571428572,620101.5714285715
"2020-08-30 00:00:00",619917,5613,0,0,26706,579268.5714285715,641249.4285714285
"2020-08-31 00:00:00",741359,57673,0,0,7442,606725.1428571428,628001.4285714285
"2020-09-01 00:00:00",300137,44831,0,0,5432,573362.7142857143,590099.7142857143
"2020-09-02 00:00:00",376603,0,0,0,8992,522801.85714285716,640157.4285714285
"2020-09-03 00:00:00",995748,33151,0,0,59234,599720.8571428572,642170.5714285715
"2020-09-04 00:00:00",758322,6459,0,0,42605,632694.7142857143,665582.8571428572
"2020-09-05 00:00:00",1048428,56139,20056,0,9284,746305.4285714285,575822.2857142857
"2020-09-06 00:00:00",163307,0,1801,0,892,676843.1428571428,645296
"2020-09-07 00:00:00",618466,6459,0,0,21467,653974.2857142857,619638.5714285715
"2020-09-08 00:00:00",750496,63656,1801,251,46966,727227.2857142857,615902.7142857143
"2020-09-09 00:00:00",1121146,6459,1801,0,37487,838841.4285714285,580838.8571428572
"2020-09-10 00:00:00",587303,36616,0,0,11534,774173.1428571428,603974
"2020-09-11 00:00:00",263052,6459,0,251,1596,697597.8571428572,594125.1428571428
"2020-09-12 00:00:00",484193,34848,0,0,6324,610663.2857142857,668170.4285714285
"2020-09-13 00:00:00",303090,29128,0,0,418,634468.5714285715,606862.1428571428
"2020-09-14 00:00:00",486425,0,0,0,8061,612767.7142857143,667405.4285714285
"2020-09-15 00:00:00",823865,0,0,0,25978,610863.5714285715,640359.4285714285
"2020-09-16 00:00:00",486738,0,0,0,54985,521553.28571428574,650198.4285714285
"2020-09-17 00:00:00",566028,35999,0,0,4616,517437.5714285714,622703.1428571428
"2020-09-18 00:00:00",777336,6459,1801,0,47207,597644.1428571428,639664.7142857143
"2020-09-19 00:00:00",557850,0,7802,0,6474,604324.2857142857,629370
"2020-09-20 00:00:00",409676,43820,4004,0,7095,623175.5714285715,517417.4285714286
"2020-09-21 00:00:00",520380,0,0,0,13194,628759.5714285715,452834.4285714286
"2020-09-22 00:00:00",422877,84791,0,0,24147,583327.1428571428,510561.85714285716
"2020-09-23 00:00:00",652814,0,0,0,783,599309.1428571428,519932.5714285714
"2020-09-24 00:00:00",618243,6459,0,0,21524,604963.8571428572,523404.4285714286
"2020-09-25 00:00:00",636836,62465,0,251,18132,588518.1428571428,539562.5714285715
"2020-09-26 00:00:00",541186,6459,1801,0,42842,591398.5714285715,560882.5714285715
"2020-09-27 00:00:00",289804,43097,0,0,6279,573482,625888.2857142857
"2020-09-28 00:00:00",500754,31635,0,0,6705,574270.7142857143,685312
"2020-09-29 00:00:00",673163,12919,0,0,17371,598790.2857142857,575166.5714285715
"2020-09-30 00:00:00",401662,32627,1801,0,29280,571901,471650.14285714284
"2020-10-01 00:00:00",647061,46549,0,0,26642,582476,445172.28571428574
"2020-10-02 00:00:00",482091,0,0,0,43469,555029.4285714285,455203.71428571426
"2020-10-03 00:00:00",538858,12919,0,0,7434,550304.1428571428,461906
"2020-10-04 00:00:00",319081,0,0,0,3423,547921.7142857143,474678.85714285716
"2020-10-05 00:00:00",1013054,12580,1801,0,13724,619645.2857142857,455394
"2020-10-06 00:00:00",267867,0,1801,0,9139,558981.5714285715,513227.28571428574
"2020-10-07 00:00:00",564756,31635,0,251,42497,583805.7142857143,603341.5714285715
"2020-10-08 00:00:00",354090,31427,0,0,17560,538495.1428571428,648024
"2020-10-09 00:00:00",536966,42636,0,0,5554,547009,576285
"2020-10-10 00:00:00",607195,156012,0,0,14208,578180.8571428572,562440.8571428572
"2020-10-11 00:00:00",339618,53589,0,0,3440,588773,551311.2857142857
"2020-10-12 00:00:00",807211,39744,3672,0,12485,563337.7142857143,543932.7142857143
"2020-10-13 00:00:00",482061,57479,0,0,18379,603210.7142857143,555934
"2020-10-14 00:00:00",355784,64503,0,0,27937,575937,503892.14285714284
"2020-10-15 00:00:00",298725,20779,5036,0,128820,583120.2857142857,468761.85714285716
"2020-10-16 00:00:00",1048824,50774,0,251,78000,667790.8571428572,522975.4285714286
"2020-10-17 00:00:00",622305,28668,0,0,6805,650699.7142857143,534247.4285714285
"2020-10-18 00:00:00",452215,6459,0,0,13420,661477.7142857143,534316.4285714285
"2020-10-19 00:00:00",1146882,31223,0,0,3978,707045,561955
"2020-10-20 00:00:00",619951,33762,1801,0,35738,726092.8571428572,579049.4285714285
"2020-10-21 00:00:00",503838,31635,1801,0,11889,740512.7142857143,613182
"2020-10-22 00:00:00",505068,0,5980,0,52997,756324.7142857143,610611.5714285715
"2020-10-23 00:00:00",450190,73510,0,0,7801,663989.1428571428,596596.4285714285
"2020-10-24 00:00:00",278392,0,2059,0,26909,613929.5714285715,563129.8571428572
"2020-10-25 00:00:00",659332,45063,0,0,1663,647353,579445.8571428572
"2020-10-26 00:00:00",476198,12919,1801,0,51712,556002.5714285715,564318.4285714285
"2020-10-27 00:00:00",299115,52277,0,0,10865,509003.14285714284,585197.7142857143
"2020-10-28 00:00:00",249265,12919,0,0,9349,469341.71428571426,595777.4285714285
"2020-10-29 00:00:00",529627,0,0,0,892,464552.14285714284,591714.2857142857
"2020-10-30 00:00:00",516118,54247,0,0,2925,470522,565405.5714285715
"2020-10-31 00:00:00",883700,14678,1801,0,40315,560969.8571428572,568566.2857142857
"2020-11-01 00:00:00",755733,0,0,0,17500,570566.1428571428,552173
"2020-11-02 00:00:00",423323,51723,1801,0,15520,563385.5714285715,529292.2857142857
"2020-11-03 00:00:00",339216,30774,1801,0,12447,566525.8571428572,493332.71428571426
"2020-11-04 00:00:00",706040,6933,231,0,13413,631537.8571428572,488698.4285714286
"2020-11-05 00:00:00",387357,41701,2751,0,4130,618026.5714285715,500368.14285714284
"2020-11-06 00:00:00",768262,6459,1801,0,8406,648260.7142857143,536031.8571428572
"2020-11-07 00:00:00",424027,0,1801,0,7620,575825.4285714285,546791.1428571428
"2020-11-08 00:00:00",526212,0,0,0,12479,542319.4285714285,554942.1428571428
"2020-11-09 00:00:00",611940,12919,0,0,23553,564611.5714285715,566743.1428571428
"2020-11-10 00:00:00",124865,6459,1801,0,6743,529701.5714285715,585972.1428571428
"2020-11-11 00:00:00",1046690,6459,0,0,418,576408.7142857143,596505
"2020-11-12 00:00:00",594010,6459,0,0,7741,601019,573372
"2020-11-13 00:00:00",235627,6459,0,0,13276,525366.7142857143,612231.2857142857
"2020-11-14 00:00:00",424814,6459,0,0,31815,529601.1428571428,605194.8571428572
"2020-11-15 00:00:00",556856,6459,0,0,20069,535985.8571428572,600507.8571428572
"2020-11-16 00:00:00",724216,37084,0,0,14083,554124.7142857143,549044.8571428572
"2020-11-17 00:00:00",524014,0,0,0,4104,609588.8571428572,506821.71428571426
"2020-11-18 00:00:00",283034,6459,4527,0,7095,502096,479709.71428571426
"2020-11-19 00:00:00",401825,6459,0,0,12947,475384.5714285714,490704.5714285714
"2020-11-20 00:00:00",709603,5026,0,0,28718,545096.5714285715,473307
"2020-11-21 00:00:00",167899,0,0,0,8378,504123.28571428574,502455.71428571426
"2020-11-22 00:00:00",324042,0,0,251,0,467110.4285714286,483875.4285714286
"2020-11-23 00:00:00",588430,49062,0,0,31604,451926.4285714286,509694.28571428574
"2020-11-24 00:00:00",557470,24021,0,0,14067,461560.71428571426,528227.4285714285
"2020-11-25 00:00:00",332372,11446,10425,0,3565,469659.5714285714,558191.5714285715
"2020-11-26 00:00:00",482608,95579,0,0,11757,493761.4285714286,551605.7142857143
"2020-11-27 00:00:00",466380,40458,0,0,0,459974.28571428574,497697.5714285714
"2020-11-28 00:00:00",454800,46549,0,0,17953,508977.85714285716,515613.5714285714
"2020-11-29 00:00:00",460124,46148,1801,0,8765,536484.2857142857,534366.4285714285
"2020-11-30 00:00:00",528795,75689,0,0,17430,529744.1428571428,478639.28571428574
"2020-12-01 00:00:00",941700,11973,907,251,13420,582986,462647.71428571426
"2020-12-02 00:00:00",742519,41909,0,0,5063,644654.7142857143,429055.4285714286
"2020-12-03 00:00:00",184211,32570,0,0,418,591405.4285714285,466103.28571428574
"2020-12-04 00:00:00",453675,0,0,0,14461,585876.7142857143,483833.5714285714
"2020-12-05 00:00:00",482702,91548,0,0,11691,595396.7142857143,419832.4285714286
"2020-12-06 00:00:00",484736,32958,0,0,5432,596295.1428571428,395031.4285714286
"2020-12-07 00:00:00",704405,97048,0,0,2315,622274.1428571428,448006.71428571426
"2020-12-08 00:00:00",457626,41363,0,0,2025,555526,483949.4285714286
"2020-12-09 00:00:00",317274,0,0,0,25779,491749.14285714284,491277.4285714286
"2020-12-10 00:00:00",249175,41909,0,0,1663,502541.5714285714,469842.71428571426
"2020-12-11 00:00:00",79654,0,0,0,3844,447593.14285714284,461656
"2020-12-12 00:00:00",426620,91234,5854,0,2081,439000.14285714284,496057
"2020-12-13 00:00:00",143616,18763,0,0,101442,401956.4285714286,509846
"2020-12-14 00:00:00",743956,51975,3709,0,0,401366.71428571426,523795.4285714286
"2020-12-15 00:00:00",307270,6459,0,0,21902,377740.5714285714,512313.5714285714
"2020-12-16 00:00:00",599783,0,0,0,35166,419440,531323.4285714285
"2020-12-17 00:00:00",467930,24938,0,0,39515,453673.85714285716,509976.71428571426
"2020-12-18 00:00:00",468022,39887,0,0,7827,515422.4285714286,523841
"2020-12-19 00:00:00",421973,6459,0,0,37940,506934.14285714284,503736.71428571426
"2020-12-20 00:00:00",165976,0,0,0,2597,493327.14285714284,498439.85714285716
"2020-12-21 00:00:00",894835,11251,0,0,9683,509917.14285714284,516536.71428571426
"2020-12-22 00:00:00",844586,19379,3672,0,11708,587590.7142857143,513554.71428571426
"2020-12-23 00:00:00",507221,378,0,0,18082,571981.1428571428,509410.85714285716
"2020-12-24 00:00:00",616687,84303,0,0,5432,596843.8571428572,539126.5714285715
"2020-12-25 00:00:00",256103,1211,0,0,0,559926.1428571428,477521
"2020-12-26 00:00:00",585389,0,0,0,5812,577758.8571428572,529615.5714285715
"2020-12-27 00:00:00",464694,57462,0,0,10080,629710.8571428572,535886.5714285715
"2020-12-28 00:00:00",347108,19379,0,0,54816,559072.7142857143,523439.4285714286
"2020-12-29 00:00:00",0,0,0,0,0,433451.71428571426,500677.85714285716
"2020-12-30 00:00:00",0,0,0,0,0,358354.28571428574,468714.4285714286
"2020-12-31 00:00:00",569657,12919,4002,0,31174,345687,448943.85714285716
"2021-01-01 00:00:00",767700,27978,1801,0,10390,424338,528282.4285714285
"2021-01-02 00:00:00",1083173,54396,1801,0,41923,508637.14285714284,534371.4285714285
"2021-01-03 00:00:00",234953,50717,0,0,13801,475384.85714285716,548417.8571428572
"2021-01-04 00:00:00",133502,46840,0,0,8773,442215.28571428574,535560.8571428572
"2021-01-05 00:00:00",743709,54708,4759,0,16222,559272.2857142857,610374.5714285715
"2021-01-06 00:00:00",293584,6459,0,0,5432,602911.7142857143,587199.2857142857
"2021-01-07 00:00:00",0,0,0,0,0,514661.4285714286,625626.2857142857
"2021-01-08 00:00:00",673750,6459,1801,0,5432,497457.5714285714,622906.1428571428
"2021-01-09 00:00:00",498791,0,0,0,24745,403491.85714285716,603218.2857142857
"2021-01-10 00:00:00",505871,53596,0,0,9298,441962.71428571426,609789.1428571428
"2021-01-11 00:00:00",809108,2061,1801,0,28893,535212.4285714285,620949.7142857143
"2021-01-12 00:00:00",237480,0,1801,0,47296,459095.28571428574,615025.4285714285
"2021-01-13 00:00:00",924898,49741,0,0,21068,557699.7142857143,651647.7142857143
"2021-01-14 00:00:00",1021167,67125,0,0,13989,715168.5714285715,642182.1428571428
"2021-01-15 00:00:00",605770,0,0,0,43924,709775.7142857143,619185.5714285715
"2021-01-16 00:00:00",361962,33330,0,0,0,691455.1428571428,597148.2857142857
"2021-01-17 00:00:00",509735,15877,0,0,7095,686303.8571428572,645545.4285714285
"2021-01-18 00:00:00",751041,34848,1801,0,3745,679099.7142857143,675787
"2021-01-19 00:00:00",673564,0,0,0,0,734383.2857142857,650265.4285714285
"2021-01-20 00:00:00",595635,0,0,0,80729,688763,681741.5714285715
"2021-01-21 00:00:00",613836,84227,0,0,892,631144.8571428572,674776
"2021-01-22 00:00:00",172711,0,1801,0,0,563261.8571428572,706412.8571428572
"2021-01-23 00:00:00",788269,56583,0,0,38842,633033.8571428572,726942.1428571428
"2021-01-24 00:00:00",698994,6459,0,0,17820,660257.5714285715,685400.8571428572
"2021-01-25 00:00:00",524818,22613,0,1828,10422,627149.8571428572,616300
"2021-01-26 00:00:00",1024211,0,0,0,14774,679353,600656.7142857143
"2021-01-27 00:00:00",519914,17782,0,0,15237,661720,564143.4285714285
"2021-01-28 00:00:00",268467,60711,0,0,2895,609308.4285714285,550502.5714285715
"2021-01-29 00:00:00",440705,54821,5521,0,5580,656753.5714285715,479878.5714285714
"2021-01-30 00:00:00",1072508,82430,0,0,53764,703183.1428571428,471811.4285714286
"2021-01-31 00:00:00",309550,0,0,251,5432,644891.8571428572,441118.28571428574
"2021-02-01 00:00:00",707944,70472,0,0,44799,682539.5714285715,439378.4285714286
"2021-02-02 00:00:00",373108,47509,0,251,6390,595150,413725.28571428574
"2021-02-03 00:00:00",429547,28175,0,0,8406,582749.2857142857,434510.85714285716
"2021-02-04 00:00:00",786600,5262,29145,0,44681,658980,394740.28571428574
"2021-02-05 00:00:00",712038,56779,5521,251,5432,698036.4285714285,410865.28571428574
"2021-02-06 00:00:00",678862,94766,12314,503,26252,641464.4285714285,397299.71428571426
"2021-02-07 00:00:00",399797,0,1153,0,10141,655158.4285714285,395970.28571428574
"2021-02-08 00:00:00",681052,0,0,0,13068,636716.1428571428,391296.5714285714
"2021-02-09 00:00:00",521930,0,18254,0,35643,657940.4285714285,384309.14285714284
"2021-02-10 00:00:00",337090,41288,0,0,12844,647239.5714285715,330893.28571428574
"2021-02-11 00:00:00",636572,89156,3603,0,65202,637074.7142857143,327922.28571428574
"2021-02-12 00:00:00",419064,32868,1801,0,70858,600584.4285714285,283201.85714285716
"2021-02-13 00:00:00",789066,6459,785,0,48262,605138,216202.14285714287
"2021-02-14 00:00:00",985485,89398,10293,0,6272,702331.8571428572,183933.85714285713
"2021-02-15 00:00:00",518032,43109,0,0,28708,687436.1428571428,174559
"2021-02-16 00:00:00",681219,89208,0,0,74938,725941.4285714285,157797.57142857142
"2021-02-17 00:00:00",393864,66036,1801,0,14518,738084,210142.42857142858
"2021-02-18 00:00:00",287362,75377,5511,0,59527,685690.1428571428,280979.28571428574
"2021-02-19 00:00:00",512221,32324,0,251,11597,690233.5714285715,394624.4285714286
"2021-02-20 00:00:00",618995,52967,3603,0,150166,687542,416734.14285714284
"2021-02-21 00:00:00",247986,89648,17636,251,7224,583441.5714285715,451645.85714285716
"2021-02-22 00:00:00",301579,47843,3279,251,46050,556178,492924
"2021-02-23 00:00:00",151795,89414,0,251,16745,472298,531895.8571428572
"2021-02-24 00:00:00",268866,21273,3987,0,12739,448104.5714285714,522254
"2021-02-25 00:00:00",634024,50127,0,0,10269,486196.4285714286,480505.85714285716
"2021-02-26 00:00:00",684938,96621,1801,0,54798,526448.4285714285,506657
"2021-02-27 00:00:00",636828,45184,1801,251,79143,517516.4285714286,552991.4285714285
"2021-02-28 00:00:00",264267,32670,1801,547,96347,522214.4285714286,545308.7142857143
"2021-03-01 00:00:00",127426,0,5511,0,54062,491928,522753.85714285716
"2021-03-02 00:00:00",566520,47711,0,0,45506,549289.8571428572,482880.4285714286
"2021-03-03 00:00:00",341917,6459,0,0,85931,567495.8571428572,432596.71428571426
"2021-03-04 00:00:00",381488,26346,7888,0,17586,530194.1428571428,399013.28571428574
"2021-03-05 00:00:00",513612,0,1954,0,11028,485684.71428571426,284652.14285714284
"2021-03-06 00:00:00",471161,46151,3603,0,67315,460688,259364.7142857143
"2021-03-07 00:00:00",360343,64802,1801,251,80397,476682.85714285716,257579.7142857143
"2021-03-08 00:00:00",540183,57964,5687,0,61382,544999.5714285715,252061.14285714287
"2021-03-09 00:00:00",521140,11189,785,0,72798,537310.2857142857,244204
"2021-03-10 00:00:00",474581,0,3603,0,50288,550762.4285714285,284309.85714285716
"2021-03-11 00:00:00",501707,90978,1801,0,28124,577805.8571428572,305135.14285714284
"2021-03-12 00:00:00",524498,0,12077,251,61557,588061.7142857143,346439.28571428574
"2021-03-13 00:00:00",577125,46151,5521,0,31981,598425.7142857143,351986.28571428574
"2021-03-14 00:00:00",445795,38951,0,251,7457,596262.8571428572,388567.85714285716
"2021-03-15 00:00:00",580051,126590,5405,0,19289,605708.5714285715,445014.5714285714
"2021-03-16 00:00:00",551352,6459,3406,251,15676,601599,504443.4285714286
"2021-03-17 00:00:00",388658,101243,7591,0,12947,599022.7142857143,523985.85714285716
"2021-03-18 00:00:00",762335,0,3987,0,64064,628704.7142857143,514039.14285714284
"2021-03-19 00:00:00",294906,54650,1801,0,17975,595983.1428571428,532783.8571428572
"2021-03-20 00:00:00",507308,86931,4565,0,6943,588121.4285714285,584404.4285714285
"2021-03-21 00:00:00",888970,54406,1801,251,47525,659621.1428571428,608186.5714285715
"2021-03-22 00:00:00",572032,52724,0,0,60153,652988.7142857143,649936.2857142857
"2021-03-23 00:00:00",840160,46285,13520,0,29253,703284.8571428572,634922.4285714285
"2021-03-24 00:00:00",964806,68386,320,0,36945,783287.5714285715,717537.5714285715
"2021-03-25 00:00:00",305721,26260,0,0,57691,720328.5714285715,776700.4285714285
"2021-03-26 00:00:00",421715,33873,0,0,26343,736413.8571428572,728041.7142857143
"2021-03-27 00:00:00",446332,33376,8975,251,22992,723011.1428571428,748534.7142857143
"2021-03-28 00:00:00",529613,27978,1480,251,5432,661840,726422.1428571428
"2021-03-29 00:00:00",729331,0,6560,0,48444,676043.8571428572,672465.4285714285
"2021-03-30 00:00:00",683560,39287,0,0,25743,650239.7142857143,634020.1428571428
"2021-03-31 00:00:00",152880,0,0,0,25832,522847.28571428574,499990.28571428574
"2021-04-01 00:00:00",155575,0,3987,0,5432,490750.28571428574,483495.5714285714
"2021-04-02 00:00:00",770771,51808,1801,433,47216,546478.7142857143,504046.14285714284
"2021-04-03 00:00:00",758052,56487,396,0,70018,599768,429484.28571428574
"2021-04-04 00:00:00",616791,21167,6779,0,31944,615757.2857142857,416045.5714285714
"2021-04-05 00:00:00",599854,81043,4038,251,55703,609550.7142857143,429389.28571428574
"2021-04-06 00:00:00",523265,28009,1801,251,72923,592073.7142857143,482881.28571428574
"2021-04-07 00:00:00",895294,80230,4618,0,0,706563.8571428572,528691.5714285715
"2021-04-08 00:00:00",506955,4987,5774,0,8415,758154.8571428572,533570
"2021-04-09 00:00:00",810352,51816,11419,0,27036,762239.7142857143,527076.1428571428
"2021-04-10 00:00:00",798644,6459,0,0,8640,752066.8571428572,524682.7142857143
"2021-04-11 00:00:00",559074,121796,1801,0,35486,757992.1428571428,485886.14285714284
"2021-04-12 00:00:00",690955,6459,1801,251,19857,754911.4285714285,518367.5714285714
"2021-04-13 00:00:00",625875,40141,7823,0,43179,767878.1428571428,544054.2857142857
"2021-04-14 00:00:00",818882,26259,0,0,37808,753993.4285714285,516811
"2021-04-15 00:00:00",531926,6459,5521,0,61390,765302.8571428572,549215.7142857143
"2021-04-16 00:00:00",692949,46918,5405,0,6412,744025.8571428572,506904.4285714286
"2021-04-17 00:00:00",450163,17203,0,251,11046,696157.4285714285,555860
"2021-04-18 00:00:00",418742,0,0,0,7245,654418.7142857143,622481.8571428572
"2021-04-19 00:00:00",555931,0,0,0,14704,633177.1428571428,577282.1428571428
"2021-04-20 00:00:00",445199,43756,0,0,48060,607462.5714285715,584715
"2021-04-21 00:00:00",392257,293,0,0,17565,539914.7142857143,618406.5714285715
"2021-04-22 00:00:00",261995,0,0,0,2720,491260.14285714284,594753.1428571428
"2021-04-23 00:00:00",570556,69634,0,251,10865,476920.5714285714,602997.5714285715
"2021-04-24 00:00:00",588577,0,0,0,7095,493636,573252.8571428572
"2021-04-25 00:00:00",428056,47271,0,0,40520,506473.14285714284,564490.7142857143
"2021-04-26 00:00:00",1034048,79543,5521,0,70349,594877.1428571428,553818.1428571428
"2021-04-27 00:00:00",484622,0,5789,251,34279,593152.2857142857,492594.85714285716
"2021-04-28 00:00:00",377927,0,1801,0,55120,596685.8571428572,481725.4285714286
"2021-04-29 00:00:00",806433,0,9008,0,9145,676667.5714285715,424923.14285714284
"2021-04-30 00:00:00",638659,47786,0,0,21017,684689.7142857143,427692.5714285714
"2021-05-01 00:00:00",673293,30695,4027,0,95518,714384.2857142857,456638.85714285716
"2021-05-02 00:00:00",589888,83149,0,0,29728,741086.7142857143,429348.28571428574
"2021-05-03 00:00:00",525814,100810,0,0,7605,661767.8571428572,482551
"2021-05-04 00:00:00",621235,16305,0,251,40738,683709,511205.28571428574
"2021-05-05 00:00:00",796134,43859,5405,0,14306,744402.7142857143,481937.14285714284
"2021-05-06 00:00:00",363348,69762,7072,251,35868,694647.7142857143,511329.5714285714
"2021-05-07 00:00:00",711471,51035,1801,0,5171,703507.2857142857,515536.85714285716
"2021-05-08 00:00:00",945900,103474,0,0,34350,743534.4285714285,434050.5714285714
"2021-05-09 00:00:00",168385,0,1801,0,15129,669613.2857142857,451636.28571428574
"2021-05-10 00:00:00",385933,51644,7591,0,20160,645484.4285714285,394475.14285714284
"2021-05-11 00:00:00",486814,0,3603,0,99585,632837.7142857143,393676.85714285716
"2021-05-12 00:00:00",548189,66270,0,0,55219,605691,437016.5714285714
"2021-05-13 00:00:00",229591,0,700,0,4834,571237.1428571428,483863.14285714284
"2021-05-14 00:00:00",129405,6209,3603,0,15601,483428.4285714286,473539.71428571426
"2021-05-15 00:00:00",1028869,83646,3603,503,0,488128.14285714284,479346.4285714286
"2021-05-16 00:00:00",473404,131032,7276,251,80661,560601,450583.5714285714
"2021-05-17 00:00:00",712855,25470,3355,0,61536,608870.7142857143,493014.71428571426
"2021-05-18 00:00:00",522540,145061,5405,0,55153,628607.2857142857,542756.4285714285
"2021-05-19 00:00:00",699667,63937,8498,0,72880,653650.8571428572,508415.85714285716
"2021-05-20 00:00:00",991647,89163,1676,0,69557,784639.1428571428,490596.85714285716
"2021-05-21 00:00:00",789424,0,18868,0,12980,879846.8571428572,536572.4285714285
"2021-05-22 00:00:00",598911,44019,0,0,43396,818376,544917
"2021-05-23 00:00:00",693963,45150,1801,251,11866,827005.5714285715,597168.8571428572
"2021-05-24 00:00:00",699810,21788,1801,0,40827,821435.7142857143,533991.8571428572
"2021-05-25 00:00:00",775458,57086,7243,503,25788,841138.7142857143,452786.14285714284
"2021-05-26 00:00:00",490227,99148,7207,0,44834,812057.7142857143,470831.71428571426
"2021-05-27 00:00:00",454362,70310,5803,0,51251,730584,537683.7142857143
"2021-05-28 00:00:00",469167,83531,8842,251,21751,696622.8571428572,569026.4285714285
"2021-05-29 00:00:00",766043,166503,1863,0,53703,739735.2857142857,606071.7142857143
"2021-05-30 00:00:00",599338,112204,17110,251,14016,738290.7142857143,639249
"2021-05-31 00:00:00",463708,69811,4286,0,35062,710953.5714285715,659343.8571428572
"2021-06-01 00:00:00",824912,20810,1801,251,77502,719410.4285714285,675308.2857142857
"2021-06-02 00:00:00",269233,6459,1801,0,26960,671273.1428571428,729629.8571428572
"2021-06-03 00:00:00",779466,11405,15686,0,51668,710773,642867.1428571428
"2021-06-04 00:00:00",744207,89840,7002,0,49789,754672.2857142857,597285.5714285715
"2021-06-05 00:00:00",871870,44896,1801,0,26892,748578.8571428572,541516
"2021-06-06 00:00:00",915697,7462,13588,503,5656,777148.2857142857,459355.71428571426
"2021-06-07 00:00:00",461565,49429,14072,0,77084,781331.5714285715,508916.14285714284
"2021-06-08 00:00:00",562923,41191,6610,251,23171,739741.4285714285,516051.28571428574
"2021-06-09 00:00:00",671068,87896,5405,0,21907,808573.1428571428,496630.28571428574
"2021-06-10 00:00:00",435807,34438,6958,251,70114,764193.5714285715,472759.14285714284
"2021-06-11 00:00:00",496190,39954,1801,0,37570,719147.4285714285,478958.28571428574
"2021-06-12 00:00:00",68251,0,7207,0,19533,597652,539630.7142857143
"2021-06-13 00:00:00",893224,85494,3129,192,9638,604619.4285714285,605731.5714285715
"2021-06-14 00:00:00",445229,44317,1801,251,12572,590622.4285714285,648754.4285714285
"2021-06-15 00:00:00",685664,7462,7435,0,80257,611575.4285714285,613850.4285714285
"2021-06-16 00:00:00",543189,149720,5405,0,74985,609721.5714285715,580989.4285714285
"2021-06-17 00:00:00",674319,97585,4113,0,8797,643613.7142857143,628539
"2021-06-18 00:00:00",642765,0,1519,1297,138639,673428.7142857143,628645.1428571428
"2021-06-19 00:00:00",597044,55608,3059,0,59898,762088.4285714285,634934.8571428572
"2021-06-20 00:00:00",634063,43679,6271,251,14291,720213.8571428572,651334
"2021-06-21 00:00:00",855529,65065,4895,0,46968,787112,520277.28571428574
"2021-06-22 00:00:00",564782,0,2863,0,17047,759093.8571428572,595943.5714285715
"2021-06-23 00:00:00",916186,86913,3603,0,67041,802014.4285714285,605335
"2021-06-24 00:00:00",535674,0,7323,0,31600,771983.4285714285,609897.2857142857
"2021-06-25 00:00:00",777590,103147,4430,251,47005,793155.2857142857,617630.4285714285
"2021-06-26 00:00:00",514581,0,8006,0,55014,773439.8571428572,587243.2857142857
"2021-06-27 00:00:00",663863,7462,1801,686,32489,774546.2857142857,508883.4285714286
"2021-06-28 00:00:00",782212,74245,3603,0,54207,766233.4285714285,581618.2857142857
"2021-06-29 00:00:00",479274,46449,0,251,15378,760042.2857142857,549445.1428571428
"2021-06-30 00:00:00",413975,126471,5606,0,45944,691221.1428571428,601641.7142857143
"2021-07-01 00:00:00",438208,150545,6425,251,46338,700817.1428571428,603652.7142857143
"2021-07-02 00:00:00",912382,105505,5511,251,35791,718962.4285714285,585420.7142857143
"2021-07-03 00:00:00",688214,12919,3603,0,53808,744811.4285714285,596966.2857142857
"2021-07-04 00:00:00",590360,0,1801,251,11095,730126.5714285715,571951.2857142857
"2021-07-05 00:00:00",912684,18911,0,0,45656,739124.1428571428,576408.5714285715
"2021-07-06 00:00:00",702463,14380,675,0,65455,773641.4285714285,599136.7142857143
"2021-07-07 00:00:00",760291,31484,2542,0,20801,805516,586892.7142857143
"2021-07-08 00:00:00",557521,26691,7913,0,87819,810969.5714285715,546670
"2021-07-09 00:00:00",639480,81096,3603,251,30149,767418.1428571428,529423.1428571428
"2021-07-10 00:00:00",399244,0,1801,0,108814,731891.7142857143,522374.5714285714
"2021-07-11 00:00:00",828853,27733,6560,251,34061,773884.7142857143,584341
"2021-07-12 00:00:00",480863,115589,5606,0,52292,727755.8571428572,571128.8571428572
"2021-07-13 00:00:00",554867,6459,3603,0,9576,697974.5714285715,575730.8571428572
"2021-07-14 00:00:00",696911,0,1801,0,48138,688222,508205.5714285714
"2021-07-15 00:00:00",680761,39677,11887,251,59972,704308.5714285715,536563.1428571428
"2021-07-16 00:00:00",641795,53521,21676,251,98536,713051.2857142857,593609.1428571428
"2021-07-17 00:00:00",927908,45731,5027,251,83961,792054.1428571428,632694.7142857143
"2021-07-18 00:00:00",569212,6459,11849,503,22354,751042.7142857143,675251.1428571428
"2021-07-19 00:00:00",590739,63164,3603,0,13945,753486,684662.7142857143
"2021-07-20 00:00:00",298780,0,1629,0,6352,715236.8571428572,693601.4285714285
"2021-07-21 00:00:00",639962,10589,0,0,54786,709306.4285714285,707666
"2021-07-22 00:00:00",94852,2423,0,0,3134,610429.1428571428,693767.7142857143
"2021-07-23 00:00:00",0,0,0,0,0,493889,702689.1428571428
"2021-07-24 00:00:00",0,0,0,0,406,342107,683287.5714285715
"2021-07-25 00:00:00",21477,0,0,0,0,257978,640384
"2021-07-26 00:00:00",262533,0,0,0,0,199560.85714285713,653897.2857142857
"2021-07-27 00:00:00",922617,138616,0,0,108332,322818.71428571426,617103
"2021-07-28 00:00:00",656055,83419,2161,503,46106,334662.71428571426,674767.5714285715
"2021-07-29 00:00:00",305053,137148,12168,0,90500,398157.28571428574,728184.2857142857
"2021-07-30 00:00:00",638357,57450,5511,251,37744,503773.71428571426,658978
"2021-07-31 00:00:00",758602,54375,1801,0,15981,622396,659495.8571428572
"2021-08-01 00:00:00",735882,6459,1801,0,19471,728415.8571428572,620462
"2021-08-02 00:00:00",418231,19219,3603,251,29133,758116.5714285715,590977.5714285715
"2021-08-03 00:00:00",635365,159188,8592,251,13831,707782.5714285715,527112.1428571428
"2021-08-04 00:00:00",719447,24325,8340,0,49444,709684.1428571428,451417.4285714286
"2021-08-05 00:00:00",565702,34583,5405,0,5267,719125.1428571428,452568.71428571426
"2021-08-06 00:00:00",1085311,28867,0,863,49497,779871.5714285715,547252.2857142857
"2021-08-07 00:00:00",366664,56018,24248,0,3716,725569.5714285715,558950.4285714285
"2021-08-08 00:00:00",665040,39190,0,0,10814,718630.8571428572,588321.2857142857
"2021-08-09 00:00:00",904384,0,6040,0,102689,796156.1428571428,590003.8571428572
"2021-08-10 00:00:00",408501,28306,8975,0,15178,745260.8571428572,652793.7142857143
"2021-08-11 00:00:00",425250,17852,0,0,13839,696030.1428571428,672050
"2021-08-12 00:00:00",587083,38158,12724,0,63431,708949.8571428572,643804.5714285715
"2021-08-13 00:00:00",398788,45788,1801,0,50275,613537.5714285715,604709.4285714285
"2021-08-14 00:00:00",512124,104667,0,0,10736,638806.1428571428,575163.7142857143
"2021-08-15 00:00:00",373520,54338,6040,0,28826,602760.5714285715,563126.4285714285
"2021-08-16 00:00:00",369633,29562,0,0,6883,516041.14285714284,557504
"2021-08-17 00:00:00",381082,6459,4239,0,55919,514146.5714285714,561637.4285714285
"2021-08-18 00:00:00",751321,56249,11023,251,31397,570332.5714285715,553296.1428571428
"2021-08-19 00:00:00",416891,94117,3603,0,92490,556862,617565.2857142857
"2021-08-20 00:00:00",749403,41043,1801,0,97492,613017.2857142857,604828.1428571428
"2021-08-21 00:00:00",607938,24123,3603,0,2075,614476.2857142857,620258.2857142857
"2021-08-22 00:00:00",393742,82278,2437,0,34548,621659.2857142857,607467.1428571428
"2021-08-23 00:00:00",324288,6984,0,0,67054,620551.7142857143,634598.4285714285
"2021-08-24 00:00:00",555823,52322,11668,0,19647,647946.4285714285,637430
"2021-08-25 00:00:00",557581,90528,6953,251,78439,631305.1428571428,666270.2857142857
"2021-08-26 00:00:00",406459,38340,0,0,20943,611110.7142857143,606773.8571428572
"2021-08-27 00:00:00",264891,74427,3298,0,48681,539904.7142857143,610185.7142857143
"2021-08-28 00:00:00",462053,6459,12122,0,41658,523412.28571428574,614485.5714285715
"2021-08-29 00:00:00",717508,28797,2437,0,4290,557701.7142857143,592819.8571428572
"2021-08-30 00:00:00",656415,67715,0,549,34716,609283.1428571428,579268.5714285715
"2021-08-31 00:00:00",866855,17865,6325,0,22791,648479.4285714285,606725.1428571428
"2021-09-01 00:00:00",890465,52267,3603,0,17806,681391.8571428572,573362.7142857143
"2021-09-02 00:00:00",811110,65012,3603,0,56978,748672.1428571428,522801.85714285716
"2021-09-03 00:00:00",685975,53418,2437,251,100253,813106.1428571428,599720.8571428572
"2021-09-04 00:00:00",607387,68461,0,0,38428,840532.4285714285,632694.7142857143
"2021-09-05 00:00:00",767810,61486,1801,0,38999,857256.1428571428,746305.4285714285
"2021-09-06 00:00:00",690515,6459,0,0,2641,848716.2857142857,676843.1428571428
"2021-09-07 00:00:00",317927,8662,0,0,35354,769874.4285714285,653974.2857142857
"2021-09-08 00:00:00",396617,0,5789,0,33782,694452.4285714285,727227.2857142857
"2021-09-09 00:00:00",501262,90931,1801,0,13711,647453,838841.4285714285
"2021-09-10 00:00:00",342598,66552,1801,0,8428,587030.7142857143,774173.1428571428
"2021-09-11 00:00:00",263371,0,1801,0,0,522872.85714285716,697597.8571428572
"2021-09-12 00:00:00",42171,25418,0,0,0,408228.5714285714,610663.2857142857
"2021-09-13 00:00:00",0,0,0,0,0,308283.28571428574,634468.5714285715
"2021-09-14 00:00:00",7396,0,0,0,0,257633.57142857142,612767.7142857143
"2021-09-15 00:00:00",376520,0,2263,0,0,249433,610863.5714285715
"2021-09-16 00:00:00",898911,48506,3603,0,43119,304637.71428571426,521553.28571428574
"2021-09-17 00:00:00",724580,0,2325,251,62678,357559.85714285716,517437.5714285714
"2021-09-18 00:00:00",960349,49497,2086,0,115039,480674.14285714284,597644.1428571428
"2021-09-19 00:00:00",133761,0,1801,0,10856,491935.71428571426,604324.2857142857
"2021-09-20 00:00:00",435735,7462,2156,0,31813,560102.5714285715,623175.5714285715
"2021-09-21 00:00:00",823183,38170,20545,0,13283,686929.1428571428,628759.5714285715
"2021-09-22 00:00:00",501152,0,0,0,107852,719817.8571428572,583327.1428571428
"2021-09-23 00:00:00",906042,45731,1801,0,35092,719035.8571428572,599309.1428571428
"2021-09-24 00:00:00",805940,0,1801,0,17035,724027.4285714285,604963.8571428572
"2021-09-25 00:00:00",518701,29438,8944,0,104457,657537.1428571428,588518.1428571428
"2021-09-26 00:00:00",793703,129825,364,0,10010,770034.8571428572,591398.5714285715
"2021-09-27 00:00:00",1011875,68944,12935,1341,47058,865033,573482
"2021-09-28 00:00:00",675574,83623,14071,1847,56582,855964,574270.7142857143
"2021-09-29 00:00:00",586544,24021,5185,0,8990,858212,598790.2857142857
"2021-09-30 00:00:00",592288,64006,7793,0,16560,814209.4285714285,571901
"2021-10-01 00:00:00",931255,79481,0,0,44539,847137.8571428572,582476
"2021-10-02 00:00:00",422316,33376,2437,0,27076,821947.1428571428,555029.4285714285
"2021-10-03 00:00:00",989787,6459,0,514,22302,834112.8571428572,550304.1428571428
"2021-10-04 00:00:00",421880,94133,11018,251,36822,751534.5714285715,547921.7142857143
"2021-10-05 00:00:00",961797,63751,3987,251,15764,782085.1428571428,619645.2857142857
"2021-10-06 00:00:00",286099,6459,3603,0,14479,737213.7142857143,558981.5714285715
"2021-10-07 00:00:00",592718,7462,3603,0,12113,727963.4285714285,583805.7142857143
"2021-10-08 00:00:00",438468,97834,256,0,45598,660375.1428571428,538495.1428571428
"2021-10-09 00:00:00",761179,23811,2253,0,10200,704980.5714285715,547009
"2021-10-10 00:00:00",402557,12919,11173,0,27376,624261,578180.8571428572
"2021-10-11 00:00:00",90447,0,0,0,6743,557558.7142857143,588773
"2021-10-12 00:00:00",676422,75263,12934,0,59867,525978,563337.7142857143
"2021-10-13 00:00:00",528072,51536,1801,0,10957,566224.5714285715,603210.7142857143
"2021-10-14 00:00:00",452681,14727,1017,0,4081,545740.4285714285,575937
"2021-10-15 00:00:00",630604,76275,0,251,1925,563868.8571428572,583120.2857142857
"2021-10-16 00:00:00",277322,0,0,0,0,489565.71428571426,667790.8571428572
"2021-10-17 00:00:00",310038,21273,2437,0,13632,474330.71428571426,650699.7142857143
"2021-10-18 00:00:00",626025,19379,6074,0,54804,561344,661477.7142857143
"2021-10-19 00:00:00",391692,45836,2499,0,48493,513348.71428571426,707045
"2021-10-20 00:00:00",838758,6459,9036,251,49773,557907.7142857143,726092.8571428572
"2021-10-21 00:00:00",683912,60727,0,251,73503,607320,740512.7142857143
"2021-10-22 00:00:00",574373,6459,7959,251,46897,596874.8571428572,756324.7142857143
"2021-10-23 00:00:00",632162,7171,10166,0,10145,651492.7142857143,663989.1428571428
"2021-10-24 00:00:00",531917,63280,8227,0,42739,694175.8571428572,613929.5714285715
"2021-10-25 00:00:00",549694,69037,3987,0,20816,685211.7142857143,647353
"2021-10-26 00:00:00",579745,48335,2437,0,86683,717880.4285714285,556002.5714285715
"2021-10-27 00:00:00",884150,75972,5511,0,102164,741240.1428571428,509003.14285714284
"2021-10-28 00:00:00",342998,21007,0,0,46811,683014.8571428572,469341.71428571426
"2021-10-29 00:00:00",1024934,21273,19883,4093,17209,747508.2857142857,464552.14285714284
"2021-10-30 00:00:00",634122,103732,1801,0,55495,766866.1428571428,470522
"2021-10-31 00:00:00",502724,29331,2797,0,13958,752958.5714285715,560969.8571428572
"2021-11-01 00:00:00",659879,31425,1801,0,44652,766419.1428571428,570566.1428571428
"2021-11-02 00:00:00",493064,92921,0,251,54845,755544.8571428572,563385.5714285715
"2021-11-03 00:00:00",652910,76781,0,251,25212,710881.7142857143,566525.8571428572
"2021-11-04 00:00:00",185426,79278,10824,0,20480,694480.4285714285,631537.8571428572
"2021-11-05 00:00:00",467867,0,3739,251,653,606640.1428571428,618026.5714285715
"2021-11-06 00:00:00",397820,12919,0,0,1528,551942.4285714285,648260.7142857143
"2021-11-07 00:00:00",80567,0,0,0,2885,485462.5714285714,575825.4285714285
"2021-11-08 00:00:00",109940,6459,0,0,0,396696.85714285716,542319.4285714285
"2021-11-09 00:00:00",999467,126412,8942,0,36897,472502.14285714284,564611.5714285715
"2021-11-10 00:00:00",495846,60306,5906,0,68573,454712.85714285716,529701.5714285715
"2021-11-11 00:00:00",414992,102359,0,0,12882,488173.71428571426,576408.7142857143
"2021-11-12 00:00:00",535499,62688,3987,0,45666,513220.71428571426,601019
"2021-11-13 00:00:00",563109,68255,18776,0,45722,553734.4285714285,525366.7142857143
"2021-11-14 00:00:00",534692,0,7002,251,15143,621397,529601.1428571428
"2021-11-15 00:00:00",779161,17865,7655,0,32851,724416.2857142857,535985.8571428572
"2021-11-16 00:00:00",750117,77417,0,251,70313,685327.7142857143,554124.7142857143
"2021-11-17 00:00:00",314334,18449,8332,0,4131,644558.5714285715,609588.8571428572
"2021-11-18 00:00:00",405786,0,9221,0,15653,630333.8571428572,502096
"2021-11-19 00:00:00",840005,69148,6931,0,16804,671055,475384.5714285714
"2021-11-20 00:00:00",566637,4976,1801,251,32150,658191.2857142857,545096.5714285715
"2021-11-21 00:00:00",512639,0,0,0,1999,652126.8571428572,504123.28571428574
"2021-11-22 00:00:00",385979,6218,2437,0,20778,591824,467110.4285714286
"2021-11-23 00:00:00",606582,58070,6594,251,51925,566870.4285714285,451926.4285714286
"2021-11-24 00:00:00",557034,27733,514,0,42209,607191,461560.71428571426
"2021-11-25 00:00:00",809067,0,17759,0,29418,667988.7142857143,469659.5714285714
"2021-11-26 00:00:00",555247,62688,3603,0,36940,628787.2857142857,493761.4285714286
"2021-11-27 00:00:00",640464,70228,1801,0,62929,653016.7142857143,459974.28571428574
"2021-11-28 00:00:00",459116,0,19102,251,20645,650799.1428571428,508977.85714285716
"2021-11-29 00:00:00",457638,6459,0,0,42849,663875.2857142857,536484.2857142857
"2021-11-30 00:00:00",1986,0,0,0,0,560812.7142857143,529744.1428571428
"2021-12-01 00:00:00",725536,47723,7002,503,78122,593869.5714285715,582986
"2021-12-02 00:00:00",670094,6459,1801,5391,142770,589622.7142857143,644654.7142857143
"2021-12-03 00:00:00",452243,6267,17780,503,25634,567329.8571428572,591405.4285714285
"2021-12-04 00:00:00",383402,86835,11068,0,67756,534992.4285714285,585876.7142857143
"2021-12-05 00:00:00",247659,77917,6425,0,43998,517404.5714285714,595396.7142857143
"2021-12-06 00:00:00",460352,31427,1801,0,55369,523405.14285714284,596295.1428571428
"2021-12-07 00:00:00",448793,114968,0,251,40414,609468.2857142857,622274.1428571428
"2021-12-08 00:00:00",464823,0,0,251,133647,572301.7142857143,555526
"2021-12-09 00:00:00",372187,6459,7323,0,60485,518007.28571428574,491749.14285714284
"2021-12-10 00:00:00",575427,36211,5521,503,15443,536675.5714285715,502541.5714285714
"2021-12-11 00:00:00",373466,20779,6666,0,164537,539016.5714285715,447593.14285714284
"2021-12-12 00:00:00",519735,13800,3709,251,3533,562592.1428571428,439000.14285714284
"2021-12-13 00:00:00",437708,33376,10412,251,71759,563243.2857142857,401956.4285714286
"2021-12-14 00:00:00",567737,18969,13736,0,38054,568110.4285714285,401366.71428571426
"2021-12-15 00:00:00",455180,52362,1017,0,28594,559315,377740.5714285714
"2021-12-16 00:00:00",573160,47093,2304,0,14845,586593.1428571428,419440
"2021-12-17 00:00:00",224263,0,0,0,3588,528699.2857142857,453673.85714285716
"2021-12-18 00:00:00",476452,66077,5789,251,110940,542136.8571428572,515422.4285714286
"2021-12-19 00:00:00",549369,103125,15956,251,41726,566336.8571428572,506934.14285714284
"2021-12-20 00:00:00",445264,90378,8271,0,11599,566623.1428571428,493327.14285714284
"2021-12-21 00:00:00",384915,6459,3672,251,21703,534981,509917.14285714284
"2021-12-22 00:00:00",449418,136200,8938,687,39888,548977.7142857143,587590.7142857143
"2021-12-23 00:00:00",644727,52663,1801,0,54891,565646.4285714285,571981.1428571428
"2021-12-24 00:00:00",302367,0,5697,0,0,577105.5714285715,596843.8571428572
"2021-12-25 00:00:00",274578,0,0,251,520,522225.28571428574,559926.1428571428
"2021-12-26 00:00:00",338582,0,13748,0,6504,471997.4285714286,577758.8571428572
"2021-12-27 00:00:00",501340,62434,24378,251,90232,489586.5714285714,629710.8571428572
"2021-12-28 00:00:00",358156,91401,0,0,17932,496799,559072.7142857143
"2021-12-29 00:00:00",571668,15725,234,251,89305,502806.71428571426,433451.71428571426
"2021-12-30 00:00:00",349655,70204,3279,0,44484,461883.71428571426,358354.28571428574
"2021-12-31 00:00:00",691447,12889,20633,378,12985,523350.85714285716,345687
"2022-01-01 00:00:00",549678,100864,3709,0,33838,582313.7142857143,424338
"2022-01-02 00:00:00",416449,45063,7402,0,11576,599693.1428571428,508637.14285714284
"2022-01-03 00:00:00",903773,21339,2437,251,28366,639340.5714285715,475384.85714285716
"2022-01-04 00:00:00",457161,32918,7420,0,31409,648114.8571428572,442215.28571428574
"2022-01-05 00:00:00",499954,0,3987,0,8409,624567,559272.2857142857
"2022-01-06 00:00:00",461282,76345,8013,0,10091,637154,602911.7142857143
"2022-01-07 00:00:00",831864,105003,12373,0,16027,669573.1428571428,514661.4285714286
"2022-01-08 00:00:00",726789,84065,4672,0,16255,690100.4285714285,497457.5714285714
"2022-01-09 00:00:00",520739,0,3987,0,71455,706627.8571428572,403491.85714285716
"2022-01-10 00:00:00",650849,0,7820,0,2992,664555.5714285715,441962.71428571426
"2022-01-11 00:00:00",692384,54895,12347,251,50783,704805.8571428572,535212.4285714285
"2022-01-12 00:00:00",380442,64598,0,0,2448,695539.8571428572,459095.28571428574
"2022-01-13 00:00:00",614448,67989,12501,251,16455,717813.4285714285,557699.7142857143
"2022-01-14 00:00:00",972312,53089,2770,0,11344,728420.1428571428,715168.5714285715
"2022-01-15 00:00:00",556887,31635,8013,0,43160,700979.4285714285,709775.7142857143
"2022-01-16 00:00:00",751408,229416,0,0,50016,763073.2857142857,691455.1428571428
"2022-01-17 00:00:00",562737,0,1801,0,17000,751627,686303.8571428572
"2022-01-18 00:00:00",593785,45938,0,0,27512,731137.7142857143,679099.7142857143
"2022-01-19 00:00:00",729739,61382,0,0,4888,780926.4285714285,734383.2857142857
"2022-01-20 00:00:00",647725,92380,9790,0,20063,789256.7142857143,688763
"2022-01-21 00:00:00",692943,21704,12726,0,88117,757253.1428571428,631144.8571428572
"2022-01-22 00:00:00",471847,103774,10737,0,43455,755841.4285714285,563261.8571428572
"2022-01-23 00:00:00",681839,102845,13725,0,65902,732051.7142857143,633033.8571428572
"2022-01-24 00:00:00",707551,6459,5125,251,50270,758926,660257.5714285715
"2022-01-25 00:00:00",603201,222360,7755,251,51454,790038.2857142857,627149.8571428572
"2022-01-26 00:00:00",592759,114534,3672,0,19804,780718.4285714285,679353
"2022-01-27 00:00:00",667025,75649,22119,0,31479,784477.5714285715,661720
"2022-01-28 00:00:00",813682,36575,5857,0,20454,793203.2857142857,609308.4285714285
"2022-01-29 00:00:00",514100,133349,4176,251,54877,804194.8571428572,656753.5714285715
"2022-01-30 00:00:00",876529,81167,7755,0,3876,819197.2857142857,703183.1428571428
"2022-01-31 00:00:00",634579,75340,5789,0,32237,816095.5714285715,644891.8571428572
"2022-02-01 00:00:00",900419,48813,0,0,18274,827879,682539.5714285715
"2022-02-02 00:00:00",297719,99098,0,0,44795,786570.5714285715,595150
"2022-02-03 00:00:00",663463,24884,174,0,7520,772251.8571428572,582749.2857142857
"2022-02-04 00:00:00",516024,30047,0,251,59735,733607.2857142857,658980
"2022-02-05 00:00:00",876952,125824,3987,0,24006,779895.1428571428,698036.4285714285
"2022-02-06 00:00:00",542725,34583,12668,0,18876,728398.5714285715,641464.4285714285
"2022-02-07 00:00:00",523762,4475,0,0,31290,701481.4285714285,655158.4285714285
"2022-02-08 00:00:00",543989,67822,2051,0,19150,653696.5714285715,636716.1428571428
"2022-02-09 00:00:00",296401,0,5789,0,106082,648933.8571428572,657940.4285714285
"2022-02-10 00:00:00",377395,44114,6481,251,13518,612608.1428571428,647239.5714285715
"2022-02-11 00:00:00",314209,64971,3709,251,52195,588219.4285714285,637074.7142857143
"2022-02-12 00:00:00",477637,66499,0,873,93337,532159,600584.4285714285
"2022-02-13 00:00:00",346150,0,7323,0,40039,501396,605138
"2022-02-14 00:00:00",724922,76463,1801,0,37228,541523,702331.8571428572
"2022-02-15 00:00:00",477345,79926,6524,0,17571,534145,687436.1428571428
"2022-02-16 00:00:00",276088,4246,0,0,15327,518057.71428571426,725941.4285714285
"2022-02-17 00:00:00",482570,29418,0,0,84426,540151,738084
"2022-02-18 00:00:00",439506,5723,0,0,12713,543380.4285714285,685690.1428571428
"2022-02-19 00:00:00",81251,0,0,0,2189,464108,690233.5714285715
"2022-02-20 00:00:00",748857,49246,7486,251,56949,531148,687542
"2022-02-21 00:00:00",439471,65107,5200,1948,115678,500718,583441.5714285715
"2022-02-22 00:00:00",706643,47294,10034,0,16723,529193.7142857143,556178
"2022-02-23 00:00:00",808867,54271,3987,0,18171,613427.5714285715,472298
"2022-02-24 00:00:00",539286,6369,1801,251,37296,611797.7142857143,448104.5714285714
"2022-02-25 00:00:00",369519,14380,0,0,45832,607767.4285714285,486196.4285714286
"2022-02-26 00:00:00",649241,62317,0,0,52267,704965.4285714285,526448.4285714285
"2022-02-27 00:00:00",963470,69933,0,251,5407,730146.8571428572,517516.4285714286
"2022-02-28 00:00:00",422764,21828,0,0,49271,711069.4285714285,522214.4285714286
"2022-03-01 00:00:00",606162,63167,0,755,102029,709843.4285714285,491928
"2022-03-02 00:00:00",487064,46629,9504,0,37783,666369.4285714285,549289.8571428572
"2022-03-03 00:00:00",299971,19367,1409,0,34732,633580,567495.8571428572
"2022-03-04 00:00:00",179167,47128,0,0,31028,608950.1428571428,530194.1428571428
"2022-03-05 00:00:00",528679,83778,0,0,59937,595888.5714285715,485684.71428571426
"2022-03-06 00:00:00",540912,11405,13803,251,34709,533320.1428571428,460688
"2022-03-07 00:00:00",351422,17428,1801,251,53145,523346.85714285716,476682.85714285716
"2022-03-08 00:00:00",747258,33832,1723,0,45971,531442.5714285715,544999.5714285715
"2022-03-09 00:00:00",782815,62688,1801,0,98688,583587.2857142857,537310.2857142857
"2022-03-10 00:00:00",572533,0,0,0,6992,615593.8571428572,550762.4285714285
"2022-03-11 00:00:00",446542,0,1801,251,65721,652307.2857142857,577805.8571428572
"2022-03-12 00:00:00",415214,54650,431,0,15881,625704.7142857143,588061.7142857143
"2022-03-13 00:00:00",602500,4784,5960,0,5621,628245.1428571428,598425.7142857143
"2022-03-14 00:00:00",561887,0,5474,251,18876,651450.7142857143,596262.8571428572
"2022-03-15 00:00:00",471598,0,3800,251,62709,609961.4285714285,605708.5714285715
"2022-03-16 00:00:00",41545,25331,0,0,3576,484884.14285714284,601599
"2022-03-17 00:00:00",0,0,0,0,7095,403108.28571428574,599022.7142857143
"2022-03-18 00:00:00",712741,45273,5200,503,82811,450567.4285714286,628704.7142857143
"2022-03-19 00:00:00",643437,23038,5633,0,63738,486234.71428571426,595983.1428571428
"2022-03-20 00:00:00",806236,42200,12229,0,43420,526980.5714285715,588121.4285714285
"2022-03-21 00:00:00",855220,0,0,0,36435,570575.7142857143,659621.1428571428
"2022-03-22 00:00:00",789044,21828,0,0,10300,610977.5714285715,652988.7142857143
"2022-03-23 00:00:00",461479,74292,5789,251,50855,685579.7142857143,703284.8571428572
"2022-03-24 00:00:00",1117063,122213,1801,0,10326,863338.1428571428,783287.5714285715
"2022-03-25 00:00:00",486114,0,0,0,4231,812454.4285714285,720328.5714285715
"2022-03-26 00:00:00",744060,21335,12245,0,71851,828689.2857142857,736413.8571428572
"2022-03-27 00:00:00",796068,6459,7420,251,63722,824380.1428571428,723011.1428571428
"2022-03-28 00:00:00",634601,97990,1894,0,18405,804556.7142857143,661840
"2022-03-29 00:00:00",654320,35819,0,0,20328,788741.7142857143,676043.8571428572
"2022-03-30 00:00:00",723281,22813,14631,0,56946,820885.2857142857,650239.7142857143
"2022-03-31 00:00:00",555525,7462,9916,0,10056,725393.4285714285,522847.28571428574
"2022-04-01 00:00:00",537679,64717,0,251,18312,744053,490750.28571428574
"2022-04-02 00:00:00",900645,119299,0,251,15741,770688.1428571428,546478.7142857143
"2022-04-03 00:00:00",782566,64404,10849,251,45138,774872,599768
"2022-04-04 00:00:00",721679,33614,0,251,65839,784656.7142857143,615757.2857142857
"2022-04-05 00:00:00",623335,0,8935,251,5019,774238.7142857143,609550.7142857143
"2022-04-06 00:00:00",459751,0,1801,251,14032,725405.1428571428,592073.7142857143
"2022-04-07 00:00:00",661911,16235,5789,503,39410,745532.2857142857,706563.8571428572
"2022-04-08 00:00:00",606352,62688,5789,0,48660,760179.2857142857,758154.8571428572
"2022-04-09 00:00:00",684402,41043,0,0,11866,717518.4285714285,762239.7142857143
"2022-04-10 00:00:00",549474,33290,22040,0,14361,676940.7142857143,752066.8571428572
"2022-04-11 00:00:00",517691,6459,0,251,4534,635162.4285714285,757992.1428571428
"2022-04-12 00:00:00",44129,0,0,0,26174,554128.4285714285,754911.4285714285
"2022-04-13 00:00:00",801981,0,6137,0,5743,602417.5714285715,767878.1428571428
"2022-04-14 00:00:00",623473,40458,0,0,11501,595500.5714285715,753993.4285714285
"2022-04-15 00:00:00",642331,61608,6464,0,80863,605183.1428571428,765302.8571428572
"2022-04-16 00:00:00",572664,21273,1801,251,123657,602659.8571428572,744025.8571428572
"2022-04-17 00:00:00",739045,6218,7110,0,7226,622722,696157.4285714285
"2022-04-18 00:00:00",776396,28929,5277,503,22539,666251.8571428572,654418.7142857143
"2022-04-19 00:00:00",627253,90818,1801,0,15014,761192.2857142857,633177.1428571428
"2022-04-20 00:00:00",636621,24787,17582,0,10865,743477.1428571428,607462.5714285715
"2022-04-21 00:00:00",800234,69490,9188,0,49256,779582.4285714285,539914.7142857143
"2022-04-22 00:00:00",617234,26807,1347,251,14606,760865.1428571428,491260.14285714284
"2022-04-23 00:00:00",708108,34761,0,0,25807,767869.1428571428,476920.5714285714
"2022-04-24 00:00:00",879791,74075,0,503,44857,802101.7142857143,493636
"2022-04-25 00:00:00",661505,38307,7005,251,6978,785016.2857142857,506473.14285714284
"2022-04-26 00:00:00",718230,48655,4446,251,23426,793605.2857142857,594877.1428571428
"2022-04-27 00:00:00",784453,79149,0,3662,42274,824988.7142857143,593152.2857142857
"2022-04-28 00:00:00",729948,68550,0,0,32283,811076.2857142857,596685.8571428572
"2022-04-29 00:00:00",613125,83037,7049,251,53888,824948.2857142857,676667.5714285715
"2022-04-30 00:00:00",1092493,54602,7092,0,44502,886378.8571428572,684689.7142857143
"2022-05-01 00:00:00",818688,19021,1801,0,7860,864685.1428571428,714384.2857142857
"2022-05-02 00:00:00",354317,43068,1801,503,24160,823228.5714285715,741086.7142857143
"2022-05-03 00:00:00",832173,33307,10643,503,56118,842905.1428571428,661767.8571428572
"2022-05-04 00:00:00",811624,133759,324,251,48140,854985.2857142857,683709
"2022-05-05 00:00:00",560177,121126,3105,0,29863,838341.1428571428,744402.7142857143
"2022-05-06 00:00:00",174349,21523,0,0,49461,765195.7142857143,694647.7142857143
"2022-05-07 00:00:00",741644,52771,0,0,19799,710270.5714285715,703507.2857142857
"2022-05-08 00:00:00",761452,15456,14554,251,89456,715098.8571428572,743534.4285714285
"2022-05-09 00:00:00",896733,56918,538,251,74316,801514,669613.2857142857
"2022-05-10 00:00:00",455499,46033,7911,0,82816,752873.2857142857,645484.4285714285
"2022-05-11 00:00:00",442122,60927,3603,0,6493,684165.5714285715,632837.7142857143
"2022-05-12 00:00:00",574595,26807,0,0,69465,677964.8571428572,605691
"2022-05-13 00:00:00",1108952,33376,5945,251,26298,810749.1428571428,571237.1428571428
"2022-05-14 00:00:00",484254,31511,1206,251,9984,769748.1428571428,483428.4285714286
"2022-05-15 00:00:00",597115,21186,3603,0,44955,739132.4285714285,488128.14285714284
"2022-05-16 00:00:00",1094575,12919,165,503,51873,757886.7142857143,560601
"2022-05-17 00:00:00",872831,34867,0,251,52463,810480,608870.7142857143
"2022-05-18 00:00:00",602081,0,0,503,25468,826895.1428571428,628607.2857142857
"2022-05-19 00:00:00",560952,70079,5196,251,26207,825726.4285714285,653650.8571428572
"2022-05-20 00:00:00",738364,24909,4907,503,18536,770354.7142857143,784639.1428571428
"2022-05-21 00:00:00",1061749,54516,7541,1977,46314,862482.1428571428,879846.8571428572
"2022-05-22 00:00:00",515559,69499,7591,0,25131,855470.7142857143,818376
"2022-05-23 00:00:00",927158,6459,6997,251,21297,827203.1428571428,827005.5714285715
"2022-05-24 00:00:00",769477,16235,5405,0,7349,804068,821435.7142857143
"2022-05-25 00:00:00",709465,92044,4090,251,33327,834228.8571428572,841138.7142857143
"2022-05-26 00:00:00",879896,52108,7025,0,11001,875278.1428571428,812057.7142857143
"2022-05-27 00:00:00",603363,52903,14326,251,12736,860472.4285714285,730584
"2022-05-28 00:00:00",1010082,16235,0,0,31432,844136.7142857143,696622.8571428572
"2022-05-29 00:00:00",803152,49129,5789,0,46276,885074.8571428572,739735.2857142857
"2022-05-30 00:00:00",883497,68884,5521,0,22237,887642.7142857143,738290.7142857143
"2022-05-31 00:00:00",856774,0,10082,0,49206,904442,710953.5714285715
"2022-06-01 00:00:00",603233,28948,0,0,11417,876502,719410.4285714285
"2022-06-02 00:00:00",806431,64220,4667,251,5153,866601,671273.1428571428
"2022-06-03 00:00:00",90308,0,3422,0,44824,788740,710773
"2022-06-04 00:00:00",314376,0,11596,0,12699,686014.5714285715,754672.2857142857
"2022-06-05 00:00:00",1383084,104267,0,0,27749,773265,748578.8571428572
"2022-06-06 00:00:00",656370,103724,0,251,21028,744870,777148.2857142857
"2022-06-07 00:00:00",541237,67820,8194,0,28316,706227.8571428572,781331.5714285715
"2022-06-08 00:00:00",742558,109479,576,503,69923,746148.2857142857,739741.4285714285
"2022-06-09 00:00:00",621696,40458,5200,0,90079,728535.2857142857,808573.1428571428
"2022-06-10 00:00:00",802482,0,2661,251,27995,827797.5714285715,764193.5714285715
"2022-06-11 00:00:00",924744,25425,0,251,1070,915343.2857142857,719147.4285714285
"2022-06-12 00:00:00",861548,52742,2056,251,12853,831679.2857142857,597652
"2022-06-13 00:00:00",712195,41120,0,0,15218,829844.7142857143,604619.4285714285
"2022-06-14 00:00:00",701178,43871,13296,251,11278,847603.1428571428,590622.4285714285
"2022-06-15 00:00:00",610558,68436,4955,251,16658,815863,611575.4285714285
"2022-06-16 00:00:00",722492,6267,6276,0,9124,813966.8571428572,609721.5714285715
"2022-06-17 00:00:00",699154,12361,6866,0,25551,801187.1428571428,643613.7142857143
"2022-06-18 00:00:00",808451,42026,17563,0,39509,794909.7142857143,673428.7142857143
"2022-06-19 00:00:00",627449,23666,0,503,60751,763898,762088.4285714285
"2022-06-20 00:00:00",943669,40915,5335,251,50005,802704.2857142857,720213.8571428572
"2022-06-21 00:00:00",500716,34583,0,251,44446,775578.7142857143,787112
"2022-06-22 00:00:00",579370,85604,10360,503,35476,777072.1428571428,759093.8571428572
"2022-06-23 00:00:00",850564,95672,3711,0,28545,810548.2857142857,802014.4285714285
"2022-06-24 00:00:00",412801,86864,0,0,65788,785051.2857142857,771983.4285714285
"2022-06-25 00:00:00",996420,33376,17691,251,5635,805883.7142857143,793155.2857142857
"2022-06-26 00:00:00",511293,40915,1552,509,8363,784492.7142857143,773439.8571428572
"2022-06-27 00:00:00",909557,0,7329,0,24039,770314,774546.2857142857
"2022-06-28 00:00:00",723010,82159,2389,0,46335,809442.1428571428,766233.4285714285
"2022-06-29 00:00:00",944642,59259,0,251,15041,853425,760042.2857142857
"2022-06-30 00:00:00",403967,18109,2098,1939,24424,778003,691221.1428571428
"2022-07-01 00:00:00",832956,20243,5789,0,34252,824830,700817.1428571428
"2022-07-02 00:00:00",707860,83335,3987,251,31613,792497.4285714285,718962.4285714285
"2022-07-03 00:00:00",609953,4976,1560,251,19045,802947.8571428572,744811.4285714285
"2022-07-04 00:00:00",659361,52495,9723,0,44917,778029.4285714285,730126.5714285715
"2022-07-05 00:00:00",829764,18821,1801,0,2724,777917.4285714285,739124.1428571428
"2022-07-06 00:00:00",953723,35652,1801,0,17489,776413.4285714285,773641.4285714285
"2022-07-07 00:00:00",493048,114308,1801,251,73994,809679.8571428572,805516
"2022-07-08 00:00:00",645678,47039,0,251,13840,783046.5714285715,810969.5714285715
"2022-07-09 00:00:00",956006,0,5221,251,18277,804861.8571428572,767418.1428571428
"2022-07-10 00:00:00",830076,0,0,0,37421,837963.4285714285,731891.7142857143
"2022-07-11 00:00:00",658813,21843,10137,251,36913,832458.1428571428,773884.7142857143
"2022-07-12 00:00:00",598235,94805,0,251,28342,813675.8571428572,727755.8571428572
"2022-07-13 00:00:00",610967,40155,0,273,20919,765625.7142857143,697974.5714285715
"2022-07-14 00:00:00",855329,64057,2924,0,12658,801563.5714285715,688222
"2022-07-15 00:00:00",686474,69626,7588,251,26672,813535.4285714285,704308.5714285715
"2022-07-16 00:00:00",381509,66793,6482,0,6971,739535.5714285715,713051.2857142857
"2022-07-17 00:00:00",733057,106714,0,251,10638,737130.4285714285,792054.1428571428
"2022-07-18 00:00:00",763892,6459,1078,0,41466,749264.2857142857,751042.7142857143
"2022-07-19 00:00:00",761464,75943,0,503,51417,773220.5714285715,753486
"2022-07-20 00:00:00",653662,46642,8950,251,49916,785664.2857142857,715236.8571428572
"2022-07-21 00:00:00",612986,18449,11535,0,14977,746089.8571428572,709306.4285714285
"2022-07-22 00:00:00",640475,33976,1301,434,84090,741756.2857142857,610429.1428571428
"2022-07-23 00:00:00",625622,72192,0,0,17994,778049.4285714285,493889
"2022-07-24 00:00:00",880995,14717,1451,251,19604,787529.2857142857,342107
"2022-07-25 00:00:00",740400,0,6877,251,76639,789139.7142857143,257978
"2022-07-26 00:00:00",847664,5032,8115,0,17191,787521.7142857143,199560.85714285713
"2022-07-27 00:00:00",812077,22695,3516,251,18229,801428.5714285715,322818.71428571426
"2022-07-28 00:00:00",715109,6459,3508,0,13739,812981.1428571428,334662.71428571426
"2022-07-29 00:00:00",440509,120245,0,251,24540,788019.5714285715,398157.28571428574
"2022-07-30 00:00:00",462237,6459,0,0,24738,756251.8571428572,503773.71428571426
"2022-07-31 00:00:00",746795,46151,5977,0,8582,740607,622396
"2022-08-01 00:00:00",685361,113549,17937,0,35530,744636.8571428572,728415.8571428572
"2022-08-02 00:00:00",576980,59321,3510,251,49873,717770.4285714285,758116.5714285715
"2022-08-03 00:00:00",331881,0,0,0,13260,644680.7142857143,707782.5714285715
"2022-08-04 00:00:00",741439,62188,3672,0,78881,665732.8571428572,709684.1428571428
"2022-08-05 00:00:00",559437,25826,0,0,27751,669657,719125.1428571428
"2022-08-06 00:00:00",754546,24320,1801,0,8212,711863.5714285715,779871.5714285715
"2022-08-07 00:00:00",658047,58907,4764,0,85646,711843.4285714285,725569.5714285715
"2022-08-08 00:00:00",370616,61466,0,0,65368,661139.4285714285,718630.8571428572
"2022-08-09 00:00:00",885937,35663,7164,0,64020,704403.4285714285,796156.1428571428
"2022-08-10 00:00:00",690478,44040,3908,0,8538,761806.7142857143,745260.8571428572
"2022-08-11 00:00:00",825410,18449,1674,0,52572,763510.1428571428,696030.1428571428
"2022-08-12 00:00:00",903652,0,7307,251,22766,809361.8571428572,708949.8571428572
"2022-08-13 00:00:00",579713,66192,1801,0,39338,794814,613537.5714285715
"2022-08-14 00:00:00",798340,24208,0,251,61428,805794.2857142857,638806.1428571428
"2022-08-15 00:00:00",510279,36467,0,0,61399,821607.8571428572,602760.5714285715
"2022-08-16 00:00:00",784054,10358,2878,0,26189,797421.2857142857,516041.14285714284
"2022-08-17 00:00:00",477389,44861,1821,0,19400,768351,514146.5714285714
"2022-08-18 00:00:00",782610,98834,12100,0,39750,773378,570332.5714285715
"2022-08-19 00:00:00",500958,15229,874,251,57315,722042.4285714285,556862
"2022-08-20 00:00:00",409200,6459,9722,0,14336,686709.8571428572,613017.2857142857
"2022-08-21 00:00:00",486367,49332,9019,0,31046,642643.7142857143,614476.2857142857
"2022-08-22 00:00:00",652430,14014,6840,0,42538,658026.2857142857,621659.2857142857
"2022-08-23 00:00:00",638808,83023,5521,0,15459,646502.4285714285,620551.7142857143
"2022-08-24 00:00:00",458881,6459,7666,251,22363,639666.7142857143,647946.4285714285
"2022-08-25 00:00:00",552740,25317,1801,0,27837,593152.5714285715,631305.1428571428
"2022-08-26 00:00:00",751027,4976,0,0,5432,619839.2857142857,611110.7142857143
"2022-08-27 00:00:00",727395,77406,10389,0,8765,674730.5714285715,539904.7142857143
"2022-08-28 00:00:00",295719,0,9468,0,27520,640008.1428571428,523412.28571428574
"2022-08-29 00:00:00",676794,42607,6401,251,12487,643253.7142857143,557701.7142857143
"2022-08-30 00:00:00",301590,0,1801,251,14758,582623.5714285715,609283.1428571428
"2022-08-31 00:00:00",669880,0,291,251,21491,610665.1428571428,648479.4285714285
"2022-09-01 00:00:00",499227,64252,0,0,14012,606350.4285714285,681391.8571428572
"2022-09-02 00:00:00",314496,6459,9127,251,6939,545755.8571428572,748672.1428571428
"2022-09-03 00:00:00",27103,0,0,0,0,431919.5714285714,813106.1428571428
"2022-09-04 00:00:00",0,0,0,0,0,384389.85714285716,840532.4285714285
"2022-09-05 00:00:00",324824,0,0,0,0,325287.14285714284,857256.1428571428
"2022-09-06 00:00:00",787019,10977,1651,0,100711,408423.85714285716,848716.2857142857
"2022-09-07 00:00:00",676033,48539,7420,503,79448,425571,769874.4285714285
"2022-09-08 00:00:00",549052,40458,3020,0,71806,437977.4285714286,694452.4285714285
"2022-09-09 00:00:00",937094,17896,10883,0,48169,534658.8571428572,647453
"2022-09-10 00:00:00",544827,12678,14806,251,30431,616929,587030.7142857143
"2022-09-11 00:00:00",582863,0,4061,503,60459,709484.2857142857,522872.85714285716
"2022-09-12 00:00:00",514457,46918,3908,0,54096,751563.7142857143,408228.5714285714
"2022-09-13 00:00:00",0,0,0,0,0,622941,308283.28571428574
"2022-09-14 00:00:00",0,0,0,0,0,506949,257633.57142857142
"2022-09-15 00:00:00",837855,5268,2744,0,22407,536083,249433
"2022-09-16 00:00:00",954177,107555,1970,0,63770,552287.2857142857,304637.71428571426
"2022-09-17 00:00:00",702033,25175,7395,251,15920,573399.1428571428,357559.85714285716
"2022-09-18 00:00:00",474107,30570,4144,0,0,553532.7142857143,480674.14285714284
"2022-09-19 00:00:00",551380,68926,5887,0,5432,555282.1428571428,491935.71428571426
"2022-09-20 00:00:00",1150449,30943,7420,503,53010,732757.4285714285,560102.5714285715
"2022-09-21 00:00:00",662337,4976,4103,0,50724,835920.5714285715,686929.1428571428
"2022-09-22 00:00:00",503361,50776,1801,0,67413,800931.5714285715,719817.8571428572
"2022-09-23 00:00:00",786445,50123,0,0,81048,770952.1428571428,719035.8571428572
"2022-09-24 00:00:00",516860,100229,1417,251,13542,754027,724027.4285714285
"2022-09-25 00:00:00",725454,118339,3987,251,7674,803582.1428571428,657537.1428571428
"2022-09-26 00:00:00",1122916,53810,0,433,1925,881790.5714285715,770034.8571428572
"2022-09-27 00:00:00",735953,0,0,0,20174,812333.4285714285,865033
"2022-09-28 00:00:00",667352,89468,0,0,61855,826124,855964
"2022-09-29 00:00:00",492776,84207,2680,0,61607,828683.7142857143,858212
"2022-09-30 00:00:00",607525,11958,2044,251,263206,824022,814209.4285714285
"2022-10-01 00:00:00",631243,120827,6111,4461,7514,843715.7142857143,847137.8571428572
"2022-10-02 00:00:00",674118,53825,7812,251,80796,838158.1428571428,821947.1428571428
"2022-10-03 00:00:00",707551,54031,0,503,81039,790164,834112.8571428572
"2022-10-04 00:00:00",878779,36414,2616,0,582,813344.7142857143,751534.5714285715
"2022-10-05 00:00:00",310136,95005,9188,251,14547,757695.2857142857,782085.1428571428
"2022-10-06 00:00:00",854485,15043,0,0,92184,803472.7142857143,737213.7142857143
"2022-10-07 00:00:00",349244,55857,12586,251,56068,744761.7142857143,727963.4285714285
"2022-10-08 00:00:00",431210,6459,0,0,43246,703441.5714285715,660375.1428571428
"2022-10-09 00:00:00",154222,0,0,251,48617,615768.1428571428,704980.5714285715
"2022-10-10 00:00:00",645684,58678,0,0,43738,602193.1428571428,624261
"2022-10-11 00:00:00",798678,43488,3672,0,23987,595255.1428571428,557558.7142857143
"2022-10-12 00:00:00",500505,113849,1801,251,17158,624460.2857142857,525978
"2022-10-13 00:00:00",440389,36582,3987,251,61896,564659.7142857143,566224.5714285715
"2022-10-14 00:00:00",340456,89831,12208,503,72783,570627.2857142857,545740.4285714285
"2022-10-15 00:00:00",450939,35834,8935,251,30237,577096.1428571428,563868.8571428572
"2022-10-16 00:00:00",620580,89566,3242,0,81538,661644.2857142857,489565.71428571426
"2022-10-17 00:00:00",189003,0,1410,0,1061,582126.1428571428,474330.71428571426
"2022-10-18 00:00:00",733514,32086,0,0,91229,580269.5714285715,561344
"2022-10-19 00:00:00",268359,43291,15871,0,61550,545342,513348.71428571426
"2022-10-20 00:00:00",374518,44796,0,251,104033,542554.8571428572,557907.7142857143
"2022-10-21 00:00:00",286746,0,0,251,17551,512378.85714285716,607320
"2022-10-22 00:00:00",571487,85964,7323,0,90154,545054.8571428572,596874.8571428572
"2022-10-23 00:00:00",279002,33151,10342,0,48615,484509.5714285714,651492.7142857143
"2022-10-24 00:00:00",385935,90921,389,0,144690,546004.2857142857,694175.8571428572
"2022-10-25 00:00:00",744466,42710,3603,251,18725,539279.5714285715,685211.7142857143
"2022-10-26 00:00:00",600133,83883,0,0,53811,589101.7142857143,717880.4285714285
"2022-10-27 00:00:00",551892,71592,13185,0,61256,614005.7142857143,741240.1428571428
"2022-10-28 00:00:00",690492,78848,0,0,30028,684694.1428571428,683014.8571428572
"2022-10-29 00:00:00",811724,54300,8031,251,71528,711966.4285714285,747508.2857142857
"2022-10-30 00:00:00",570253,53009,3987,251,108115,764038.7142857143,766866.1428571428
"2022-10-31 00:00:00",901230,87007,0,0,4389,816994.4285714285,752958.5714285715
"2022-11-01 00:00:00",596323,49170,0,503,37681,798983.2857142857,766419.1428571428
"2022-11-02 00:00:00",551620,27978,0,503,72656,786830.5714285715,755544.8571428572
"2022-11-03 00:00:00",372725,91686,1959,0,86998,766179.2857142857,710881.7142857143
"2022-11-04 00:00:00",283013,43756,13891,0,67335,710269,694480.4285714285
"2022-11-05 00:00:00",549235,113877,0,251,48416,676832.5714285715,606640.1428571428
"2022-11-06 00:00:00",537845,37166,6485,0,133793,673928.8571428572,551942.4285714285
"2022-11-07 00:00:00",707709,39438,4307,251,61259,648263,485462.5714285714
"2022-11-08 00:00:00",619017,30918,3672,0,92325,657156.5714285715,396696.85714285716
"2022-11-09 00:00:00",495379,31697,4564,503,51108,647227.1428571428,472502.14285714284
"2022-11-10 00:00:00",765037,0,3987,0,39901,683735.5714285715,454712.85714285716
"2022-11-11 00:00:00",589572,43234,0,503,48394,722836.7142857143,488173.71428571426
"2022-11-12 00:00:00",302938,87056,2966,251,61857,686163.7142857143,513220.71428571426
"2022-11-13 00:00:00",790713,91077,1801,251,12613,712044.7142857143,553734.4285714285
"2022-11-14 00:00:00",637023,64225,0,0,93347,709420.2857142857,621397
"2022-11-15 00:00:00",580902,101471,10895,0,58024,710185.8571428572,724416.2857142857
"2022-11-16 00:00:00",800111,6459,3436,0,91402,755636.7142857143,685327.7142857143
"2022-11-17 00:00:00",458172,0,0,0,30914,709945.1428571428,644558.5714285715
"2022-11-18 00:00:00",423594,0,0,251,101569,687618,630333.8571428572
"2022-11-19 00:00:00",414475,0,6184,251,31724,687270.2857142857,671055
"2022-11-20 00:00:00",493906,128956,3347,251,61121,657431.1428571428,658191.2857142857
"2022-11-21 00:00:00",571733,20828,0,251,337585,676831.7142857143,652126.8571428572
"2022-11-22 00:00:00",546929,11681,865,0,46398,656057.8571428572,591824
"2022-11-23 00:00:00",458182,0,6184,251,50718,600904.7142857143,566870.4285714285
"2022-11-24 00:00:00",448067,6459,5448,0,11509,598390.1428571428,607191
"2022-11-25 00:00:00",501770,141304,0,0,103595,629998,667988.7142857143
"2022-11-26 00:00:00",625092,42241,4496,251,90997,674347.1428571428,628787.2857142857
"2022-11-27 00:00:00",267037,83841,18130,0,9643,630214.1428571428,653016.7142857143
"2022-11-28 00:00:00",445880,21518,3314,251,99950,578859.4285714285,650799.1428571428
"2022-11-29 00:00:00",662630,35813,0,251,36655,597355.8571428572,663875.2857142857
"2022-11-30 00:00:00",348907,22862,0,0,4856,577540,560812.7142857143
"2022-12-01 00:00:00",252101,6459,2618,0,30048,551789,593869.5714285715
"2022-12-02 00:00:00",297194,75496,0,0,83605,510306.85714285716,589622.7142857143
"2022-12-03 00:00:00",438590,0,3201,251,10539,465950,567329.8571428572
"2022-12-04 00:00:00",859844,0,0,0,7997,535834,534992.4285714285
"2022-12-05 00:00:00",507492,58913,1564,251,46669,542116.1428571428,517404.5714285714
"2022-12-06 00:00:00",420391,0,10517,0,73883,509179.14285714284,523405.14285714284
"2022-12-07 00:00:00",571818,6459,3381,0,20935,541460.2857142857,609468.2857142857
"2022-12-08 00:00:00",470888,0,0,251,43599,573390.5714285715,572301.7142857143
"2022-12-09 00:00:00",553603,86569,5521,251,48436,607403.1428571428,518007.28571428574
"2022-12-10 00:00:00",432252,30176,10107,251,14024,612293.2857142857,536675.5714285715
"2022-12-11 00:00:00",509942,83450,8869,251,66936,583951.8571428572,539016.5714285715
"2022-12-12 00:00:00",488411,69148,10192,0,58796,585617.2857142857,562592.1428571428
"2022-12-13 00:00:00",653478,92480,5883,0,45039,627344.4285714285,563243.2857142857
"2022-12-14 00:00:00",668127,20493,8917,0,45623,647425.4285714285,568110.4285714285
"2022-12-15 00:00:00",374125,6459,865,1030,79517,639891.1428571428,559315
"2022-12-16 00:00:00",289346,124148,9907,251,20462,604138.7142857143,586593.1428571428
"2022-12-17 00:00:00",0,0,0,0,0,534594,528699.2857142857
"2022-12-18 00:00:00",643750,85764,2242,251,97301,557431,542136.8571428572
"2022-12-19 00:00:00",630114,30125,484,0,19211,565057.8571428572,566336.8571428572
"2022-12-20 00:00:00",526776,26503,3249,0,12422,532496.4285714285,566623.1428571428
"2022-12-21 00:00:00",515639,14033,5890,0,2753,503233,534981
"2022-12-22 00:00:00",17126,0,0,0,0,439679.71428571426,548977.7142857143
"2022-12-23 00:00:00",548479,28145,0,251,0,458645.4285714286,565646.4285714285
"2022-12-24 00:00:00",377921,0,8952,0,3110,514357.5714285714,577105.5714285715
"2022-12-25 00:00:00",498144,58169,8750,251,157381,499127.14285714284,522225.28571428574
"2022-12-26 00:00:00",411194,120291,3494,3658,4000,479513,471997.4285714286
"2022-12-27 00:00:00",307771,87007,3987,0,59035,463634.4285714286,489586.5714285714
"2022-12-28 00:00:00",522668,27799,0,251,67389,475033.28571428574,496799
"2022-12-29 00:00:00",412684,92980,10976,503,92927,559739.7142857143,502806.71428571426
"2022-12-30 00:00:00",550984,6459,3603,0,25731,561154.4285714285,461883.71428571426
"2022-12-31 00:00:00",485726,95719,8193,251,14490,591782.4285714285,523350.85714285716
"2023-01-01 00:00:00",614072,0,0,251,36463,581509.5714285715,582313.7142857143
"2023-01-02 00:00:00",967854,119274,1282,0,19392,662247.4285714285,599693.1428571428
"2023-01-03 00:00:00",479228,35663,6579,251,98323,685425.2857142857,639340.5714285715
"2023-01-04 00:00:00",729704,118482,19431,0,7789,722182.2857142857,648114.8571428572
"2023-01-05 00:00:00",629843,72637,1801,0,49033,742645.7142857143,624567
"2023-01-06 00:00:00",614539,84944,5897,0,2365,759926.7142857143,637154
"2023-01-07 00:00:00",1527403,12919,0,251,52797,901211.1428571428,669573.1428571428
"2023-01-08 00:00:00",639818,16844,2811,503,41883,908507.4285714285,690100.4285714285
"2023-01-09 00:00:00",810005,105767,6683,0,16167,884338.8571428572,706627.8571428572
"2023-01-10 00:00:00",795186,44927,2865,0,94015,929617,664555.5714285715
"2023-01-11 00:00:00",880388,0,0,0,25820,934017.1428571428,704805.8571428572
"2023-01-12 00:00:00",388683,0,4176,0,5616,883325.8571428572,695539.8571428572
"2023-01-13 00:00:00",844327,11405,0,251,55328,912406.8571428572,717813.4285714285
"2023-01-14 00:00:00",304994,44139,0,0,0,734658.5714285715,728420.1428571428
"2023-01-15 00:00:00",183607,0,0,0,0,660622.2857142857,700979.4285714285
"2023-01-16 00:00:00",1218397,43414,4759,251,37308,712837.8571428572,763073.2857142857
"2023-01-17 00:00:00",709945,112465,11200,251,81530,709752.1428571428,751627
"2023-01-18 00:00:00",930857,45005,12726,0,41132,727396.8571428572,731137.7142857143
"2023-01-19 00:00:00",649842,74676,14862,251,46113,782721,780926.4285714285
"2023-01-20 00:00:00",1049687,27518,1801,0,28762,810786.1428571428,789256.7142857143
"2023-01-21 00:00:00",1068760,6369,1728,0,52353,922225.8571428572,757253.1428571428
"2023-01-22 00:00:00",865048,25061,5977,251,41087,1029914.2857142857,755841.4285714285
"2023-01-23 00:00:00",642559,47010,1801,251,43149,948577.1428571428,732051.7142857143
"2023-01-24 00:00:00",296781,0,3991,0,0,860774.1428571428,758926
"2023-01-25 00:00:00",1119797,82665,4589,251,83724,898103.7142857143,790038.2857142857
"2023-01-26 00:00:00",714131,0,8298,0,71786,899313.8571428572,780718.4285714285
"2023-01-27 00:00:00",251914,5262,0,0,5336,778563,784477.5714285715
"2023-01-28 00:00:00",561346,65466,2388,251,70531,717244.8571428572,793203.2857142857
"2023-01-29 00:00:00",458338,48361,2513,0,56252,664107.5714285715,804194.8571428572
"2023-01-30 00:00:00",235953,4507,0,0,49359,600543,819197.2857142857
"2023-01-31 00:00:00",254111,86734,0,0,63315,615312.7142857143,816095.5714285715
"2023-02-01 00:00:00",513202,0,5521,0,15449,507190.4285714286,827879
"2023-02-02 00:00:00",203425,27415,3987,503,8114,428509.14285714284,786570.5714285715
"2023-02-03 00:00:00",137055,68881,0,0,29764,424678.85714285716,772251.8571428572
"2023-02-04 00:00:00",538555,20840,0,0,45303,411066.4285714286,733607.2857142857
"2023-02-05 00:00:00",352129,21427,1801,503,58307,392309.85714285716,779895.1428571428
"2023-02-06 00:00:00",273653,0,0,0,42580,396083.14285714284,728398.5714285715
"2023-02-07 00:00:00",447215,65738,1801,251,19155,414654.85714285716,701481.4285714285
"2023-02-08 00:00:00",239232,28326,0,251,51828,384007,653696.5714285715
"2023-02-09 00:00:00",705163,89995,7213,0,15782,466108,648933.8571428572
"2023-02-10 00:00:00",409350,101683,8809,251,106369,521931.4285714286,612608.1428571428
"2023-02-11 00:00:00",198320,0,1801,0,7565,465215.71428571426,588219.4285714285
"2023-02-12 00:00:00",416474,6459,9125,503,57479,473197.5714285714,532159
"2023-02-13 00:00:00",601748,57477,1852,0,0,522461.14285714284,501396
"2023-02-14 00:00:00",719365,71397,4181,0,53252,567323.1428571428,541523
"2023-02-15 00:00:00",325319,78446,0,0,69229,589231.2857142857,534145
"2023-02-16 00:00:00",319778,44291,1955,0,59341,533118.5714285715,518057.71428571426
"2023-02-17 00:00:00",571632,53931,6576,503,17502,536501.5714285715,540151
"2023-02-18 00:00:00",177040,0,0,251,7734,533264.2857142857,543380.4285714285
"2023-02-19 00:00:00",598110,0,6127,214,23207,552923.8571428572,464108
"2023-02-20 00:00:00",465243,11405,11822,251,17445,530794,531148
"2023-02-21 00:00:00",705063,6459,3987,251,4648,512538.85714285716,500718
"2023-02-22 00:00:00",520604,39495,1000,0,32640,529788.2857142857,529193.7142857143
"2023-02-23 00:00:00",491428,92720,10880,0,136610,573541.7142857143,613427.5714285715
"2023-02-24 00:00:00",590466,40458,1107,251,13474,572915,611797.7142857143
"2023-02-25 00:00:00",469490,42564,11448,251,17018,623736,607767.4285714285
"2023-02-26 00:00:00",761046,76997,6470,251,44708,661138.2857142857,704965.4285714285
"2023-02-27 00:00:00",679741,19876,245,251,34043,693708.1428571428,730146.8571428572
"2023-02-28 00:00:00",624631,27350,5196,0,9813,686076.8571428572,711069.4285714285
"2023-03-01 00:00:00",436468,21273,12745,0,65950,677890.5714285715,709843.4285714285
"2023-03-02 00:00:00",688115,24386,4132,0,4803,676433.1428571428,666369.4285714285
"2023-03-03 00:00:00",530794,33376,3109,755,54580,673127.1428571428,633580
"2023-03-04 00:00:00",675093,24580,2026,0,25084,699700.1428571428,608950.1428571428
"2023-03-05 00:00:00",642982,20698,3987,0,5138,668747.5714285715,595888.5714285715
"2023-03-06 00:00:00",549028,75042,4741,0,88671,666365.4285714285,533320.1428571428
"2023-03-07 00:00:00",719525,23389,2093,251,3235,678008.7142857143,523346.85714285716
"2023-03-08 00:00:00",686938,0,13209,251,116970,718142,531442.5714285715
"2023-03-09 00:00:00",672219,135430,1629,0,13014,732550,583587.2857142857
"2023-03-10 00:00:00",512611,0,0,251,45585,723383.1428571428,615593.8571428572
"2023-03-11 00:00:00",252929,92462,3418,251,18922,672126,652307.2857142857
"2023-03-12 00:00:00",1017105,107941,3987,0,8232,738477.4285714285,625704.7142857143
"2023-03-13 00:00:00",373282,0,6156,251,62897,699206.5714285715,628245.1428571428
"2023-03-14 00:00:00",614200,28326,9221,0,8368,686581.1428571428,651450.7142857143
"2023-03-15 00:00:00",724737,6459,4989,0,103232,689730.8571428572,609961.4285714285
"2023-03-16 00:00:00",587183,37166,1683,0,9117,662996.1428571428,484884.14285714284
"2023-03-17 00:00:00",651837,6459,3603,0,45010,684205,403108.28571428574
"2023-03-18 00:00:00",618285,0,5443,0,7746,721846.4285714285,450567.4285714286
"2023-03-19 00:00:00",811615,6742,7603,251,70941,687544.7142857143,486234.71428571426
"2023-03-20 00:00:00",438596,32679,0,0,16672,694024.8571428572,526980.5714285715
"2023-03-21 00:00:00",376181,30815,0,0,1663,658102.4285714285,570575.7142857143
"2023-03-22 00:00:00",441836,27280,6830,0,11623,607838.5714285715,610977.5714285715
"2023-03-23 00:00:00",645484,13176,3603,251,119055,628756,685579.7142857143
"2023-03-24 00:00:00",674209,24021,12026,0,7097,630248.1428571428,863338.1428571428
"2023-03-25 00:00:00",667672,21140,12653,0,2102,640547.2857142857,812454.4285714285
"2023-03-26 00:00:00",391857,87327,2624,251,5508,582035.1428571428,828689.2857142857
"2023-03-27 00:00:00",639508,83962,8020,251,30900,621277.2857142857,824380.1428571428
"2023-03-28 00:00:00",712752,100254,1979,0,53964,687033,804556.7142857143
"2023-03-29 00:00:00",781387,72861,5207,0,14540,742236.5714285715,788741.7142857143
"2023-03-30 00:00:00",820103,39566,0,0,7818,754510.2857142857,820885.2857142857
"2023-03-31 00:00:00",735200,47435,5476,0,3915,765177.7142857143,725393.4285714285
"2023-04-01 00:00:00",516380,55823,2165,0,57087,754876,744053
"2023-04-02 00:00:00",431429,6459,0,0,4283,748390.5714285715,770688.1428571428
"2023-04-03 00:00:00",785022,92558,13793,251,57534,775035.8571428572,774872
"2023-04-04 00:00:00",539858,0,0,0,4517,728668,784656.7142857143
"2023-04-05 00:00:00",826963,50728,3133,251,53282,737291.4285714285,774238.7142857143
"2023-04-06 00:00:00",487889,38071,2562,503,4996,689653.4285714285,725405.1428571428
"2023-04-07 00:00:00",706125,23666,12941,0,54023,690328.8571428572,745532.2857142857
"2023-04-08 00:00:00",563026,0,3431,0,15000,683186.1428571428,760179.2857142857
"2023-04-09 00:00:00",593539,0,8078,0,15548,708185.2857142857,717518.4285714285
"2023-04-10 00:00:00",540240,108001,3765,0,28407,669793,676940.7142857143
"2023-04-11 00:00:00",808254,0,0,0,6324,708393.4285714285,635162.4285714285
"2023-04-12 00:00:00",1112935,14572,0,251,16529,738383.2857142857,554128.4285714285
"2023-04-13 00:00:00",742713,0,596,0,45250,774746,602417.5714285715
"2023-04-14 00:00:00",864846,14033,3125,251,19114,789691.1428571428,595500.5714285715
"2023-04-15 00:00:00",866716,69199,6825,251,15295,843524.1428571428,605183.1428571428
"2023-04-16 00:00:00",469353,77865,1801,0,78106,844947.1428571428,602659.8571428572
"2023-04-17 00:00:00",39822,14380,0,0,1663,755726,622722
"2023-04-18 00:00:00",1306364,28009,13035,251,18920,834583.7142857143,666251.8571428572
"2023-04-19 00:00:00",645208,5297,3068,0,52565,771991.1428571428,761192.2857142857
"2023-04-20 00:00:00",633950,12664,12173,251,108869,769041,743477.1428571428
"2023-04-21 00:00:00",724109,41043,11081,0,63291,760205.8571428572,779582.4285714285
"2023-04-22 00:00:00",561279,16736,8884,0,75441,717927.5714285715,760865.1428571428
"2023-04-23 00:00:00",881556,62330,6848,627,39419,769878.4285714285,767869.1428571428
"2023-04-24 00:00:00",720304,27358,1968,503,27795,873030.4285714285,802101.7142857143
"2023-04-25 00:00:00",686367,123634,4667,0,17773,796724.8571428572,785016.2857142857
"2023-04-26 00:00:00",1060973,0,3347,0,8232,849069.4285714285,793605.2857142857
"2023-04-27 00:00:00",609987,62688,2536,0,12810,837656.8571428572,824988.7142857143
"2023-04-28 00:00:00",662705,134233,0,1409,22236,834951,811076.2857142857
"2023-04-29 00:00:00",686792,45063,5789,0,86901,858123.2857142857,824948.2857142857
"2023-04-30 00:00:00",575876,14380,2981,251,1146,801530.8571428572,886378.8571428572
"2023-05-01 00:00:00",702254,21140,13639,503,39198,801360.4285714285,864685.1428571428
"2023-05-02 00:00:00",1065475,50085,0,0,21649,844898.7142857143,823228.5714285715
"2023-05-03 00:00:00",265289,26919,1801,0,14573,735760.2857142857,842905.1428571428
"2023-05-04 00:00:00",620611,4987,1011,251,13693,728979.4285714285,854985.2857142857
"2023-05-05 00:00:00",752453,64954,1881,0,51447,736144.1428571428,838341.1428571428
"2023-05-06 00:00:00",313792,898,0,0,20816,666281.2857142857,765195.7142857143
"2023-05-07 00:00:00",535217,42130,0,0,27577,667751.1428571428,710270.5714285715
"2023-05-08 00:00:00",593375,40530,8454,251,52415,656078.4285714285,715098.8571428572
"2023-05-09 00:00:00",1099938,20840,4657,0,19703,657211,801514
"2023-05-10 00:00:00",587435,103134,2937,251,41746,718199.7142857143,752873.2857142857
"2023-05-11 00:00:00",698282,75608,4642,0,114573,754278.4285714285,684165.5714285715
"2023-05-12 00:00:00",674635,25582,8404,0,52379,738601.8571428572,677964.8571428572
"2023-05-13 00:00:00",956533,14380,1801,251,24644,833188.1428571428,810749.1428571428
"2023-05-14 00:00:00",482806,6459,1801,251,67519,826604.4285714285,769748.1428571428
"2023-05-15 00:00:00",634561,22786,3565,0,46747,828409.2857142857,739132.4285714285
"2023-05-16 00:00:00",701862,52761,8879,503,40010,779677.5714285715,757886.7142857143
"2023-05-17 00:00:00",852498,58323,0,0,12743,806543.4285714285,810480
"2023-05-18 00:00:00",428013,19379,654,0,135256,762285.8571428572,826895.1428571428
"2023-05-19 00:00:00",412837,6459,1163,251,44214,719989.4285714285,825726.4285714285
"2023-05-20 00:00:00",489110,31635,2222,0,23469,655536.1428571428,770354.7142857143
"2023-05-21 00:00:00",294536,0,0,0,5687,618591.1428571428,862482.1428571428
"2023-05-22 00:00:00",1042835,86851,4227,0,18420,682115.7142857143,855470.7142857143
"2023-05-23 00:00:00",873875,34655,0,251,85571,709306.8571428572,827203.1428571428
"2023-05-24 00:00:00",867306,62914,29018,0,101900,728960.1428571428,804068
"2023-05-25 00:00:00",966737,29291,5110,0,61150,797386.4285714285,834228.8571428572
"2023-05-26 00:00:00",445561,0,11007,0,46452,802828.2857142857,875278.1428571428
"2023-05-27 00:00:00",824969,38891,14217,251,22005,853385,860472.4285714285
"2023-05-28 00:00:00",183390,12727,127,0,54321,846291,844136.7142857143
"2023-05-29 00:00:00",1144020,96157,6080,0,48903,866695,885074.8571428572
"2023-05-30 00:00:00",629312,63606,1881,0,48165,830782.1428571428,887642.7142857143
"2023-05-31 00:00:00",771679,54984,6471,251,60156,806840.1428571428,904442
"2023-06-01 00:00:00",680085,46918,8074,0,34882,765079,876502
"2023-06-02 00:00:00",586078,42797,0,0,126680,801155.7142857143,866601
"2023-06-03 00:00:00",813177,22862,1390,0,97598,806112,788740
"2023-06-04 00:00:00",430394,0,1116,573,31009,836473,686014.5714285715
"2023-06-05 00:00:00",700998,6459,5740,0,31922,757895.5714285715,773265
"2023-06-06 00:00:00",1002139,76270,4759,251,140178,826557.4285714285,744870
"2023-06-07 00:00:00",530863,11405,6675,0,22543,780549.4285714285,706227.8571428572
"2023-06-08 00:00:00",454157,81906,6172,0,29862,752283.4285714285,746148.2857142857
"2023-06-09 00:00:00",714829,22599,0,0,48443,756614.1428571428,728535.2857142857
"2023-06-10 00:00:00",743960,46694,17980,0,83410,750473.5714285715,827797.5714285715
"2023-06-11 00:00:00",820416,6209,1363,4509,47462,810026,915343.2857142857
"2023-06-12 00:00:00",721541,0,3185,0,43480,813324.1428571428,831679.2857142857
"2023-06-13 00:00:00",975466,22074,4588,251,94689,795248.7142857143,829844.7142857143
"2023-06-14 00:00:00",645253,160167,1932,0,70276,838983.1428571428,847603.1428571428
"2023-06-15 00:00:00",784545,33239,5140,0,41536,880749.2857142857,815863
"2023-06-16 00:00:00",860000,24884,4759,0,102138,910165,813966.8571428572
"2023-06-17 00:00:00",293161,21273,0,0,51897,835063.1428571428,801187.1428571428
"2023-06-18 00:00:00",848035,58461,0,0,34740,843817,794909.7142857143
"2023-06-19 00:00:00",578665,2578,1987,0,78759,828643.1428571428,763898
"2023-06-20 00:00:00",939534,0,5756,503,17248,809496.4285714285,802704.2857142857
"2023-06-21 00:00:00",638461,953,7639,0,139541,796491.5714285715,775578.7142857143
"2023-06-22 00:00:00",779279,55508,3438,0,52425,800233.1428571428,777072.1428571428
"2023-06-23 00:00:00",987920,34583,0,0,77806,815737.1428571428,810548.2857142857
"2023-06-24 00:00:00",947034,110977,4691,251,148072,936408,785051.2857142857
"2023-06-25 00:00:00",544587,38702,1801,251,41229,891456,805883.7142857143
"2023-06-26 00:00:00",731255,63248,2494,251,42788,916891.4285714285,784492.7142857143
"2023-06-27 00:00:00",694998,27881,2149,0,7031,883893.8571428572,770314
"2023-06-28 00:00:00",585591,31344,0,0,1668,859895,809442.1428571428
"2023-06-29 00:00:00",712744,47728,403,0,7075,842366.4285714285,853425
"2023-06-30 00:00:00",504456,64527,8225,0,20214,770525.5714285715,778003
"2023-07-01 00:00:00",789617,12734,3987,0,31345,717191,824830
"2023-07-02 00:00:00",753906,93177,16364,0,62069,759897.2857142857,792497.4285714285
"2023-07-03 00:00:00",662766,0,14698,0,76299,747572.4285714285,802947.8571428572
"2023-07-04 00:00:00",661541,24162,2884,0,18083,743945.5714285715,778029.4285714285
"2023-07-05 00:00:00",761127,31635,17072,503,64768,780588.8571428572,777917.4285714285
"2023-07-06 00:00:00",884662,59528,2880,0,18489,808818.7142857143,776413.4285714285
"2023-07-07 00:00:00",480038,143460,6940,0,11459,815172.2857142857,809679.8571428572
"2023-07-08 00:00:00",680630,33679,1801,0,297668,840328.5714285715,783046.5714285715
"2023-07-09 00:00:00",649795,23542,0,0,6852,805281.8571428572,804861.8571428572
"2023-07-10 00:00:00",817091,33052,0,0,15739,821299,837963.4285714285
"2023-07-11 00:00:00",807222,103886,0,0,23751,853897.4285714285,832458.1428571428
"2023-07-12 00:00:00",672250,49798,0,251,76473,842992.7142857143,813675.8571428572
"2023-07-13 00:00:00",595409,75903,0,0,9671,802338.7142857143,765625.7142857143
"2023-07-14 00:00:00",471550,0,5600,0,3761,779340.5714285715,801563.5714285715
"2023-07-15 00:00:00",776105,73976,0,0,5102,756684,813535.4285714285
"2023-07-16 00:00:00",500423,63665,4636,251,78293,751981.2857142857,739535.5714285715
"2023-07-17 00:00:00",382220,61926,8141,0,64966,702177,737130.4285714285
"2023-07-18 00:00:00",703450,6459,0,251,17855,672627.8571428572,749264.2857142857
"2023-07-19 00:00:00",506572,88173,2770,0,781,643988.2857142857,773220.5714285715
"2023-07-20 00:00:00",852533,1156,3531,0,11589,670820.8571428572,785664.2857142857
"2023-07-21 00:00:00",692870,58892,15777,251,19059,714526.4285714285,746089.8571428572
"2023-07-22 00:00:00",720061,0,8545,0,16987,698870.7142857143,741756.2857142857
"2023-07-23 00:00:00",629205,0,12074,0,34800,702986.2857142857,778049.4285714285
"2023-07-24 00:00:00",896774,91861,1755,0,25393,774205,787529.2857142857
"2023-07-25 00:00:00",859807,124283,5351,0,24812,815096,789139.7142857143
"2023-07-26 00:00:00",892833,0,299,0,9131,858519.7142857143,787521.7142857143
"2023-07-27 00:00:00",738907,49849,4204,251,15810,849978.7142857143,801428.5714285715
"2023-07-28 00:00:00",370028,93925,355,0,0,803901.2857142857,812981.1428571428
"2023-07-29 00:00:00",985814,35234,5521,0,24682,847566.8571428572,788019.5714285715
"2023-07-30 00:00:00",498374,0,6632,0,17973,825695.2857142857,756251.8571428572
"2023-07-31 00:00:00",448690,52846,0,0,16402,754574.5714285715,740607
"2023-08-01 00:00:00",634052,56583,0,0,99214,722516.8571428572,744636.8571428572
"2023-08-02 00:00:00",147074,0,0,0,0,614632.7142857143,717770.4285714285
"2023-08-03 00:00:00",0,0,0,0,0,499057.85714285716,644680.7142857143
"2023-08-04 00:00:00",723358,14574,0,251,0,538183,665732.8571428572
"2023-08-05 00:00:00",694398,15746,12254,251,26689,495052.5714285714,669657
"2023-08-06 00:00:00",670861,81874,2584,0,81551,539894.2857142857,711863.5714285715
"2023-08-07 00:00:00",755197,40139,4009,251,52082,587571.4285714285,711843.4285714285
"2023-08-08 00:00:00",710680,0,1725,251,73093,586985.7142857143,661139.4285714285
"2023-08-09 00:00:00",748512,33648,1434,0,14275,679956.7142857143,704403.4285714285
"2023-08-10 00:00:00",696381,24007,1801,503,30357,787535.7142857143,761806.7142857143
"2023-08-11 00:00:00",1008965,45646,11287,0,44579,840720.5714285715,763510.1428571428
"2023-08-12 00:00:00",460406,50270,354,0,17554,809184.2857142857,809361.8571428572
"2023-08-13 00:00:00",1154434,20101,6045,0,20219,861174.2857142857,794814
"2023-08-14 00:00:00",711601,21140,10548,251,18133,848316.5714285715,805794.2857142857
"2023-08-15 00:00:00",704802,6459,5789,503,51560,845940.2857142857,821607.8571428572
"2023-08-16 00:00:00",885033,27978,3913,251,127439,881189.8571428572,797421.2857142857
"2023-08-17 00:00:00",760897,6459,0,0,61283,891988,768351
"2023-08-18 00:00:00",344615,0,0,251,7499,783686.2857142857,773378
"2023-08-19 00:00:00",347536,50270,3603,0,49569,772599.7142857143,722042.4285714285
"2023-08-20 00:00:00",566215,6459,0,251,8783,684158.1428571428,686709.8571428572
"2023-08-21 00:00:00",1015459,114511,3557,0,41217,743168.1428571428,642643.7142857143
"2023-08-22 00:00:00",609753,93490,3543,0,65051,743557.1428571428,658026.2857142857
"2023-08-23 00:00:00",925440,71839,6729,795,24874,741422.8571428572,646502.4285714285
"2023-08-24 00:00:00",829155,29227,0,251,13365,747617.1428571428,639666.7142857143
"2023-08-25 00:00:00",522513,43243,7476,251,11896,780904.8571428572,593152.5714285715
"2023-08-26 00:00:00",665275,249493,14875,503,27832,853333.5714285715,619839.2857142857
"2023-08-27 00:00:00",688268,0,0,251,82629,880396.2857142857,674730.5714285715
"2023-08-28 00:00:00",675033,48017,1966,362,31193,820657.2857142857,640008.1428571428
"2023-08-29 00:00:00",719588,63974,1801,0,134161,841755.4285714285,643253.7142857143
"2023-08-30 00:00:00",1135912,30759,3987,4694,64546,871787.2857142857,582623.5714285715
"2023-08-31 00:00:00",395586,69483,12082,251,21800,818530.8571428572,610665.1428571428
"2023-09-01 00:00:00",858335,83029,3187,0,19725,872659,606350.4285714285
"2023-09-02 00:00:00",536180,64102,0,0,152661,843368,545755.8571428572
"2023-09-03 00:00:00",589672,6459,2003,251,6348,819594.5714285715,431919.5714285714
"2023-09-04 00:00:00",610144,35939,2611,251,39923,809922.7142857143,384389.85714285716
"2023-09-05 00:00:00",651386,76122,3025,0,60256,791532,325287.14285714284
"2023-09-06 00:00:00",752881,43626,11064,0,18576,732424.4285714285,408423.85714285716
"2023-09-07 00:00:00",362892,27302,280,174,84343,728965.7142857143,425571
"2023-09-08 00:00:00",729778,0,2496,251,33970,700711.2857142857,437977.4285714286
"2023-09-09 00:00:00",671644,92916,10291,0,4963,704550.1428571428,534658.8571428572
"2023-09-10 00:00:00",513878,37356,1755,503,19854,700066.2857142857,616929
"2023-09-11 00:00:00",716406,35939,1801,0,8509,710607.1428571428,709484.2857142857
"2023-09-12 00:00:00",1009517,19770,0,251,8106,745872.2857142857,751563.7142857143
"2023-09-13 00:00:00",784285,28381,5743,0,37774,750163.2857142857,622941
"2023-09-14 00:00:00",797339,11621,699,0,25709,801645.4285714285,506949
"2023-09-15 00:00:00",584995,6459,4653,0,24021,780735.8571428572,536083
"2023-09-16 00:00:00",650087,74908,10052,0,106746,789590,552287.2857142857
"2023-09-17 00:00:00",637508,25839,0,503,19865,805357,573399.1428571428
"2023-09-18 00:00:00",833452,30176,1981,0,29654,824301.2857142857,553532.7142857143
"2023-09-19 00:00:00",760906,42093,4759,0,7690,792558.8571428572,555282.1428571428
"2023-09-20 00:00:00",785807,43491,1105,0,20060,791741.5714285715,732757.4285714285
"2023-09-21 00:00:00",724165,0,7173,0,16414,779225,835920.5714285715
"2023-09-22 00:00:00",576441,6459,0,251,80944,785506.1428571428,800931.5714285715
"2023-09-23 00:00:00",464100,66925,2772,1658,23045,745035.7142857143,770952.1428571428
"2023-09-24 00:00:00",732658,6267,0,0,36371,758118.5714285715,754027
"2023-09-25 00:00:00",739275,38795,0,0,21101,744390.7142857143,803582.1428571428
"2023-09-26 00:00:00",671826,0,2040,0,50275,731346.7142857143,881790.5714285715
"2023-09-27 00:00:00",866516,22598,10282,0,11013,739910.4285714285,812333.4285714285
"2023-09-28 00:00:00",830528,59754,870,251,14792,762545.4285714285,826124
"2023-09-29 00:00:00",757881,44277,3557,0,21482,785845.5714285715,828683.7142857143
"2023-09-30 00:00:00",938075,0,3051,0,60353,849128.1428571428,824022
"2023-10-01 00:00:00",558076,54708,8747,251,140783,847309.7142857143,843715.7142857143
"2023-10-02 00:00:00",825237,95158,1801,0,13583,866825.4285714285,838158.1428571428
"2023-10-03 00:00:00",781432,16491,2476,251,28099,881769.7142857143,790164
"2023-10-04 00:00:00",634513,134607,0,0,45812,868130.1428571428,813344.7142857143
"2023-10-05 00:00:00",506180,35352,1801,0,7667,817387.7142857143,757695.2857142857
"2023-10-06 00:00:00",424044,49554,1186,0,79219,778360.1428571428,803472.7142857143
"2023-10-07 00:00:00",241905,45176,5428,0,58139,685384.4285714285,744761.7142857143
"2023-10-08 00:00:00",373744,310184,11265,0,47483,682542.8571428572,703441.5714285715
"2023-10-09 00:00:00",397717,57973,14329,251,108976,631609.7142857143,615768.1428571428
"2023-10-10 00:00:00",418909,97005,0,0,54416,594692.4285714285,602193.1428571428
"2023-10-11 00:00:00",129639,53514,3557,0,48615,511891.4285714286,595255.1428571428
"2023-10-12 00:00:00",519227,79968,2274,0,7867,520225.14285714284,624460.2857142857
"2023-10-13 00:00:00",462255,76977,7736,0,84418,531279.7142857143,564659.7142857143
"2023-10-14 00:00:00",439854,69148,3557,0,64047,563559.4285714285,570627.2857142857
"2023-10-15 00:00:00",799181,105361,1109,0,20693,589797.8571428572,577096.1428571428
"2023-10-16 00:00:00",809311,81580,6609,0,52677,642787.7142857143,661644.2857142857
"2023-10-17 00:00:00",834104,50123,1755,1094,57785,696292.2857142857,582126.1428571428
"2023-10-18 00:00:00",602165,66597,6063,251,88309,771729.5714285715,580269.5714285715
"2023-10-19 00:00:00",626532,54629,8901,0,102958,797970.1428571428,545342
"2023-10-20 00:00:00",493329,0,2993,0,0,778675,542554.8571428572
"2023-10-21 00:00:00",621341,78213,2456,0,21949,799725.2857142857,512378.85714285716
"2023-10-22 00:00:00",591153,52741,1755,251,49183,766688.1428571428,545054.8571428572
"2023-10-23 00:00:00",891310,92223,0,0,80556,782961.2857142857,484509.5714285714
"2023-10-24 00:00:00",1089295,6459,0,251,36035,809701.1428571428,546004.2857142857
"2023-10-25 00:00:00",831521,76558,15763,251,34847,837637.7142857143,539279.5714285715
"2023-10-26 00:00:00",543956,6459,0,0,90627,815926.7142857143,589101.7142857143
"2023-10-27 00:00:00",918403,64709,2337,0,13466,887726,614005.7142857143
"2023-10-28 00:00:00",603304,42369,0,0,30442,880891,684694.1428571428
"2023-10-29 00:00:00",963876,62974,6560,251,126948,947394.7142857143,711966.4285714285
"2023-10-30 00:00:00",674468,85084,2932,0,14971,906447.1428571428,764038.7142857143
"2023-10-31 00:00:00",740673,47145,11258,251,14494,860987.2857142857,816994.4285714285
"2023-11-01 00:00:00",584836,12919,2023,0,44508,816036.5714285715,798983.2857142857
"2023-11-02 00:00:00",658894,67697,2572,0,2440,828973.8571428572,786830.5714285715
"2023-11-03 00:00:00",511275,75931,0,2262,52536,777986.4285714285,766179.2857142857
"2023-11-04 00:00:00",272426,73709,1801,0,18856,733797.7142857143,710269
"2023-11-05 00:00:00",820804,0,7252,251,892,686453.2857142857,676832.5714285715
"2023-11-06 00:00:00",252592,18398,7002,0,47042,621821.5714285715,673928.8571428572
"2023-11-07 00:00:00",771659,67491,0,0,16637,627816.5714285715,648263
"2023-11-08 00:00:00",710762,150880,2898,251,5393,660087.7142857143,657156.5714285715
"2023-11-09 00:00:00",565085,42769,1755,0,42232,648693.1428571428,647227.1428571428
"2023-11-10 00:00:00",510876,0,3987,0,418,630590,683735.5714285715
"2023-11-11 00:00:00",869413,40458,1801,251,3875,709019.4285714285,722836.7142857143
"2023-11-12 00:00:00",606856,33290,2940,0,5317,683191.4285714285,686163.7142857143
"2023-11-13 00:00:00",320360,29783,0,720,58643,695258.8571428572,712044.7142857143
"2023-11-14 00:00:00",621524,45938,0,251,64109,677549.8571428572,709420.2857142857
"2023-11-15 00:00:00",874190,90676,0,251,77811,702227.7142857143,710185.8571428572
"2023-11-16 00:00:00",74149,0,0,0,0,619700,755636.7142857143
"2023-11-17 00:00:00",221979,0,0,0,0,577799.4285714285,709945.1428571428
"2023-11-18 00:00:00",703739,92606,8975,251,84212,574083.1428571428,687618
"2023-11-19 00:00:00",828811,28009,5530,251,27306,608583.7142857143,687270.2857142857
"2023-11-20 00:00:00",472211,39271,2908,0,44727,629956.7142857143,657431.1428571428
"2023-11-21 00:00:00",404605,12919,4753,0,48048,592599.7142857143,676831.7142857143
"2023-11-22 00:00:00",607867,46151,1755,0,14766,539401.1428571428,656057.8571428572
"2023-11-23 00:00:00",588143,46549,2318,0,122884,637364.8571428572,600904.7142857143
"2023-11-24 00:00:00",563666,60857,11737,0,18024,699122.8571428572,598390.1428571428
"2023-11-25 00:00:00",450340,41043,0,0,60191,650807,629998
"2023-11-26 00:00:00",585605,46549,3599,251,23617,617909,674347.1428571428
"2023-11-27 00:00:00",517824,85651,6928,503,20593,628249.5714285715,630214.1428571428
"2023-11-28 00:00:00",935523,21513,5428,0,2219,698872.2857142857,578859.4285714285
"2023-11-29 00:00:00",781108,69726,3987,0,15130,727359.8571428572,597355.8571428572
"2023-11-30 00:00:00",611746,42415,0,894,2806,712783.8571428572,577540
"2023-12-01 00:00:00",553115,0,1197,251,18395,701166,551789
"2023-12-02 00:00:00",569616,82854,1755,251,23328,719199.1428571428,510306.85714285716
"2023-12-03 00:00:00",414292,35874,4214,251,12881,691755,465950
"2023-12-04 00:00:00",419539,89252,6928,251,19126,677983,535834
"2023-12-05 00:00:00",885891,6209,3932,503,5387,669017.2857142857,542116.1428571428
"2023-12-06 00:00:00",716576,0,728,0,28494,651280.8571428572,509179.14285714284
"2023-12-07 00:00:00",510700,48548,7930,0,4747,639004.1428571428,541460.2857142857
"2023-12-08 00:00:00",457337,126103,578,0,75395,651354.7142857143,573390.5714285715
"2023-12-09 00:00:00",547542,70860,12748,251,50952,652004.5714285715,607403.1428571428
"2023-12-10 00:00:00",311973,49797,5521,251,17949,640287.2857142857,612293.2857142857
"2023-12-11 00:00:00",900331,6459,0,0,48900,700372.1428571428,583951.8571428572
"2023-12-12 00:00:00",789353,73877,5413,0,7158,696640.2857142857,585617.2857142857
"2023-12-13 00:00:00",1004090,30176,1755,251,55240,746028.2857142857,627344.4285714285
"2023-12-14 00:00:00",484480,110552,1801,0,16285,751913.1428571428,647425.4285714285
"2023-12-15 00:00:00",110478,0,0,0,0,673493.7142857143,639891.1428571428
"2023-12-16 00:00:00",71673,0,0,0,0,586253.2857142857,604138.7142857143
"2023-12-17 00:00:00",793488,0,4218,0,24295,648611.7142857143,534594
"2023-12-18 00:00:00",583973,46918,2592,0,15408,604783.1428571428,557431
"2023-12-19 00:00:00",426939,0,6857,0,0,541639.5714285715,565057.8571428572
"2023-12-20 00:00:00",498144,5262,994,0,0,457766.28571428574,532496.4285714285
"2023-12-21 00:00:00",203949,0,5579,0,0,400110.28571428574,503233
"2023-12-22 00:00:00",497359,12919,10502,503,75231,469544.4285714286,439679.71428571426
"2023-12-23 00:00:00",857937,11928,3672,251,24099,587575.2857142857,458645.4285714286
"2023-12-24 00:00:00",401236,70215,123,503,48629,544533.4285714285,514357.5714285714
"2023-12-25 00:00:00",495400,41819,4751,251,74481,539935.2857142857,499127.14285714284
"2023-12-26 00:00:00",532703,32095,4476,0,59021,567720.8571428572,479513
"2023-12-27 00:00:00",542554,55110,6768,0,33124,586743.2857142857,463634.4285714286
"2023-12-28 00:00:00",547069,22503,4051,251,60410,647423.2857142857,475033.28571428574
"2023-12-29 00:00:00",232126,24513,4545,251,1663,599792.2857142857,559739.7142857143
"2023-12-30 00:00:00",975715,16261,0,251,28616,617357.4285714285,561154.4285714285
"2023-12-31 00:00:00",418792,169865,0,0,38041,632498.7142857143,591782.4285714285
"2024-01-01 00:00:00",1000477,99984,12959,0,5369,704225.2857142857,581509.5714285715
"2024-01-02 00:00:00",592658,20493,4759,251,22903,706049.7142857143,662247.4285714285
"2024-01-03 00:00:00",1246624,71460,9900,0,30390,809023.5714285715,685425.2857142857
"2024-01-04 00:00:00",540684,29392,2789,0,12924,802095.5714285715,722182.2857142857
"2024-01-05 00:00:00",1075939,50123,0,0,14487,927445.7142857143,742645.7142857143
"2024-01-06 00:00:00",783451,80263,3852,503,13991,907619.5714285715,759926.7142857143
"2024-01-07 00:00:00",705650,155637,2325,0,2500,941821.8571428572,901211.1428571428
"2024-01-08 00:00:00",713059,71316,0,251,11172,895680.1428571428,908507.4285714285
"2024-01-09 00:00:00",604965,0,554,0,10789,892143.1428571428,884338.8571428572
"2024-01-10 00:00:00",788397,18328,4526,0,4601,814639.8571428572,929617
"2024-01-11 00:00:00",491121,83225,7323,0,9674,815433.1428571428,934017.1428571428
"2024-01-12 00:00:00",422566,132596,11072,0,19751,736209.7142857143,883325.8571428572
"2024-01-13 00:00:00",864249,4987,5521,251,6037,736064.7142857143,912406.8571428572
"2024-01-14 00:00:00",714954,46863,19000,503,17971,726518.8571428572,734658.5714285715
"2024-01-15 00:00:00",651210,24314,6635,0,5887,711125.5714285715,660622.2857142857
"2024-01-16 00:00:00",758144,59944,0,251,60444,748622.2857142857,712837.8571428572
"2024-01-17 00:00:00",1168253,68049,4761,0,148526,830584.5714285715,709752.1428571428
"2024-01-18 00:00:00",1020237,0,1801,0,47563,898907.1428571428,727396.8571428572
"2024-01-19 00:00:00",601029,43588,4699,251,7972,909129.4285714285,782721
"2024-01-20 00:00:00",580027,37345,7035,0,529,872542.4285714285,810786.1428571428
"2024-01-21 00:00:00",763253,0,0,0,0,867393.8571428572,922225.8571428572
"2024-01-22 00:00:00",537473,0,1801,0,5432,846916.8571428572,1029914.2857142857
"2024-01-23 00:00:00",398253,0,0,0,545,778347.4285714285,948577.1428571428
"2024-01-24 00:00:00",1133709,65294,4111,0,17025,754140.4285714285,860774.1428571428
"2024-01-25 00:00:00",812715,37979,4680,0,30244,727857.1428571428,898103.7142857143
"2024-01-26 00:00:00",984620,100570,5789,0,4163,790371.5714285715,899313.8571428572
"2024-01-27 00:00:00",514730,102234,1801,0,13250,791382.8571428572,778563
"2024-01-28 00:00:00",820167,5468,20889,0,29322,807467.7142857143,717244.8571428572
"2024-01-29 00:00:00",801864,56257,9074,0,51145,860844.2857142857,664107.5714285715
"2024-01-30 00:00:00",189742,0,0,251,10091,832456.7142857143,600543
"2024-01-31 00:00:00",713982,59859,4407,0,62120,778203.7142857143,615312.7142857143
"2024-02-01 00:00:00",864106,27794,3388,503,10411,781144.2857142857,507190.4285714286
"2024-02-02 00:00:00",823214,58802,0,0,26055,754419.7142857143,428509.14285714284
"2024-02-03 00:00:00",594488,44326,5521,0,11622,757839.8571428572,424678.85714285716
"2024-02-04 00:00:00",724460,7573,5521,0,34590,743025.4285714285,411066.4285714286
"2024-02-05 00:00:00",518003,13696,4505,0,418,688494.1428571428,392309.85714285716
"2024-02-06 00:00:00",626274,72076,5905,251,62042,769417.7142857143,396083.14285714284
"2024-02-07 00:00:00",765703,62667,10569,0,9734,770604.1428571428,414654.85714285716
"2024-02-08 00:00:00",838340,80609,5521,0,12103,774942.8571428572,384007
"2024-02-09 00:00:00",587961,22512,5474,251,31405,737733.2857142857,466108
"2024-02-10 00:00:00",463509,123059,8382,0,42714,735120,521931.4285714286
"2024-02-11 00:00:00",889031,89926,5014,0,9900,766795,465215.71428571426
"2024-02-12 00:00:00",362099,30893,3220,0,15941,749013.5714285715,473197.5714285714
"2024-02-13 00:00:00",662542,52698,0,0,68336,751446,522461.14285714284
"2024-02-14 00:00:00",386554,132588,1801,0,1663,704865.1428571428,567323.1428571428
"2024-02-15 00:00:00",352395,46549,0,0,6143,628938.4285714285,589231.2857142857
"2024-02-16 00:00:00",373006,15053,5789,0,19244,595436.8571428572,533118.5714285715
"2024-02-17 00:00:00",520955,99446,15982,251,23930,598708.4285714285,536501.5714285715
"2024-02-18 00:00:00",329686,24513,5361,0,16180,510404.14285714284,533264.2857142857
"2024-02-19 00:00:00",44074,19011,5521,0,23082,464623.71428571426,552923.8571428572
"2024-02-20 00:00:00",402380,52449,0,251,41590,423637.14285714284,530794
"2024-02-21 00:00:00",305744,53512,492,0,2962,400794.85714285716,512538.85714285716
"2024-02-22 00:00:00",160358,0,0,0,0,365833.4285714286,529788.2857142857
"2024-02-23 00:00:00",272882,45063,0,0,25496,355883.14285714284,573541.7142857143
"2024-02-24 00:00:00",244046,0,0,0,41717,302339.85714285716,572915
"2024-02-25 00:00:00",245345,83845,11987,0,6708,298360.5714285714,623736
"2024-02-26 00:00:00",291756,85185,3672,727,19906,342582.85714285716,661138.2857142857
"2024-02-27 00:00:00",388683,74066,0,799,40574,343647.28571428574,693708.1428571428
"2024-02-28 00:00:00",501353,0,0,0,16593,365823.71428571426,686076.8571428572
"2024-02-29 00:00:00",429016,47673,7887,0,0,412140.85714285716,677890.5714285715
"2024-03-01 00:00:00",365214,0,0,0,5702,416065.85714285716,676433.1428571428
"2024-03-02 00:00:00",599555,90128,3083,550,8599,475516.28571428574,673127.1428571428
"2024-03-03 00:00:00",514348,23389,1801,874,30442,507369.28571428574,699700.1428571428
"2024-03-04 00:00:00",640760,47472,7528,0,44443,555792,668747.5714285715
"2024-03-05 00:00:00",231337,70338,3569,0,5432,528157,666365.4285714285
"2024-03-06 00:00:00",470017,19380,6694,0,42166,531058.7142857143,678008.7142857143
"2024-03-07 00:00:00",449570,89829,15287,251,117121,557842,718142
"2024-03-08 00:00:00",279927,176577,0,251,18859,572799.1428571428,732550
"2024-03-09 00:00:00",442611,76120,0,0,34770,551597.1428571428,723383.1428571428
"2024-03-10 00:00:00",730905,45938,2799,0,12211,583168.4285714285,672126
"2024-03-11 00:00:00",359922,54473,0,0,47808,543453.7142857143,738477.4285714285
"2024-03-12 00:00:00",589640,0,8830,0,41906,590553.4285714285,699206.5714285715
"2024-03-13 00:00:00",796680,22867,6543,503,2115,632046.4285714285,686581.1428571428
"2024-03-14 00:00:00",379493,31427,8271,0,3745,596457.1428571428,689730.8571428572
"2024-03-15 00:00:00",177913,78403,0,251,3171,565617.5714285715,662996.1428571428
"2024-03-16 00:00:00",0,0,1801,0,1722,487049.28571428574,684205
"2024-03-17 00:00:00",678761,50048,5521,0,26586,482629.5714285714,721846.4285714285
"2024-03-18 00:00:00",383647,67090,0,251,319035,526604.1428571428,687544.7142857143
"2024-03-19 00:00:00",1065462,33514,1801,0,14681,594473.2857142857,694024.8571428572
"2024-03-20 00:00:00",547184,12919,1904,251,60077,564991.4285714285,658102.4285714285
"2024-03-21 00:00:00",944758,59034,3753,0,22561,651730.2857142857,607838.5714285715
"2024-03-22 00:00:00",830055,46554,29495,0,18797,746753.4285714285,628756
"2024-03-23 00:00:00",220355,0,1801,251,71412,788224.4285714285,630248.1428571428
"2024-03-24 00:00:00",288744,0,2194,0,24833,724632,640547.2857142857
"2024-03-25 00:00:00",475283,64212,0,0,5193,692441,582035.1428571428
"2024-03-26 00:00:00",798560,6459,12807,251,39462,655595.5714285715,621277.2857142857
"2024-03-27 00:00:00",654587,43488,2861,0,55471,674748.8571428572,687033
"2024-03-28 00:00:00",469403,6459,2897,820,36105,601260.1428571428,742236.5714285715
"2024-03-29 00:00:00",158382,7669,1801,0,21007,496111.28571428574,754510.2857142857
"2024-03-30 00:00:00",809894,133264,5200,0,21194,592644.5714285715,765177.7142857143
"2024-03-31 00:00:00",611415,0,4206,0,10315,636954.1428571428,754876
"2024-04-01 00:00:00",327087,6369,2940,0,74436,617832.1428571428,748390.5714285715
"2024-04-02 00:00:00",1371099,27960,3603,251,15773,697995.8571428572,775035.8571428572
"2024-04-03 00:00:00",1703862,43001,23237,251,65804,852245.5714285715,728668
"2024-04-04 00:00:00",1265901,20820,0,251,17414,964917.1428571428,737291.4285714285
"2024-04-05 00:00:00",931424,53009,502,503,16788,1081112.5714285714,689653.4285714285
"2024-04-06 00:00:00",647439,6459,3499,251,7635,1037645.7142857143,690328.8571428572
"2024-04-07 00:00:00",807620,48592,1801,0,4860,1071494,683186.1428571428
"2024-04-08 00:00:00",905321,26560,10443,0,20148,1150299.7142857143,708185.2857142857
"2024-04-09 00:00:00",1201764,0,1999,0,15662,1121833.7142857143,669793
"2024-04-10 00:00:00",961985,96597,1801,429,35456,1016135.5714285715,708393.4285714285
"2024-04-11 00:00:00",696203,98958,7202,0,10820,945963.7142857143,738383.2857142857
"2024-04-12 00:00:00",850053,20459,5434,0,22251,931102.4285714285,774746
"2024-04-13 00:00:00",339864,6459,1801,251,8564,887053.2857142857,789691.1428571428
"2024-04-14 00:00:00",644632,33679,1801,0,3588,861456.8571428572,843524.1428571428
"2024-04-15 00:00:00",1279596,38625,4572,251,19650,915774.4285714285,844947.1428571428
"2024-04-16 00:00:00",68558,12919,0,192,18609,755896.2857142857,755726
"2024-04-17 00:00:00",919262,6459,5405,0,56672,740400.4285714285,834583.7142857143
"2024-04-18 00:00:00",933911,73772,8390,251,46130,776010.5714285715,771991.1428571428
"2024-04-19 00:00:00",700444,16844,0,251,20423,753119.7142857143,769041
"2024-04-20 00:00:00",957441,46918,6298,0,97326,860411.5714285715,760205.8571428572
"2024-04-21 00:00:00",1127871,6459,5521,573,10966,927224.7142857143,717927.5714285715
"2024-04-22 00:00:00",907928,12919,7112,547,26443,871832.5714285715,769878.4285714285
"2024-04-23 00:00:00",1418588,40036,0,503,8823,1067214.2857142857,873030.4285714285
"2024-04-24 00:00:00",767542,0,4961,0,56055,1044465.5714285715,796724.8571428572
"2024-04-25 00:00:00",1405693,0,1801,0,42764,1099866,849069.4285714285
"2024-04-26 00:00:00",560346,53089,3241,0,34324,1087443,837656.8571428572
"2024-04-27 00:00:00",911715,5262,0,0,24047,1063591.5714285714,834951
"2024-04-28 00:00:00",0,0,0,0,2082,899404.2857142857,858123.2857142857
"2024-04-29 00:00:00",1377962,75342,4592,0,7219,972285,801530.8571428572
"2024-04-30 00:00:00",1304170,27487,8103,251,266613,992095.8571428572,801360.4285714285
"2024-05-01 00:00:00",922381,12919,1813,251,67379,1017265.2857142857,844898.7142857143
"2024-05-02 00:00:00",849392,13463,0,0,24041,936785,735760.2857142857
"2024-05-03 00:00:00",449635,0,2070,0,54110,916044.2857142857,728979.4285714285
"2024-05-04 00:00:00",1473304,0,5719,251,13736,994899.5714285715,736144.1428571428
"2024-05-05 00:00:00",349824,6459,5359,0,16155,1048573.4285714285,666281.2857142857
"2024-05-06 00:00:00",1003494,147937,4754,0,65057,1013734.2857142857,667751.1428571428
"2024-05-07 00:00:00",640102,47503,1801,251,39318,888355.8571428572,656078.4285714285
"2024-05-08 00:00:00",616232,40959,1755,0,14642,841048,657211
"2024-05-09 00:00:00",611209,12919,10456,0,34218,809891.8571428572,718199.7142857143
"2024-05-10 00:00:00",828138,0,0,0,15961,858218,754278.4285714285
"2024-05-11 00:00:00",730220,6459,0,0,18529,752817.7142857143,738601.8571428572
"2024-05-12 00:00:00",521874,53377,3603,0,4132,782130.4285714285,833188.1428571428
"2024-05-13 00:00:00",1022442,21273,4380,251,12028,759149.5714285715,826604.4285714285
"2024-05-14 00:00:00",649336,12919,1801,0,2828,750279.2857142857,828409.2857142857
"2024-05-15 00:00:00",923379,111356,3957,0,12517,804225,779677.5714285715
"2024-05-16 00:00:00",736923,27978,8668,251,14165,821251.2857142857,806543.4285714285
"2024-05-17 00:00:00",602030,12919,7591,251,27321,793539.1428571428,762285.8571428572
"2024-05-18 00:00:00",696112,6459,3557,0,18903,789228.1428571428,719989.4285714285
"2024-05-19 00:00:00",317751,0,3987,0,9471,753259.8571428572,655536.1428571428
"2024-05-20 00:00:00",1194933,12977,8824,251,13567,777570.8571428572,618591.1428571428
"2024-05-21 00:00:00",1041145,46993,1001,251,47340,844691.8571428572,682115.7142857143
"2024-05-22 00:00:00",839811,78039,3987,251,10373,827728.1428571428,709306.8571428572
"2024-05-23 00:00:00",702040,42602,5371,0,26513,826091,728960.1428571428
"2024-05-24 00:00:00",928061,51082,4481,251,64865,883037.7142857143,797386.4285714285
"2024-05-25 00:00:00",464128,12919,808,0,8700,848969.7142857143,802828.2857142857
"2024-05-26 00:00:00",806294,35508,0,2294,23984,925665.5714285715,853385
"2024-05-27 00:00:00",403579,33278,4699,0,64967,822232.8571428572,846291
"2024-05-28 00:00:00",636636,59252,0,251,9581,760659.8571428572,866695
"2024-05-29 00:00:00",383985,100244,6416,251,13021,699439.1428571428,830782.1428571428
"2024-05-30 00:00:00",657711,13087,0,503,26562,688201.5714285715,806840.1428571428
"2024-05-31 00:00:00",615495,31304,0,681,33908,635722.7142857143,765079
"2024-06-01 00:00:00",591889,41968,0,0,12129,658498.4285714285,801155.7142857143
"2024-06-02 00:00:00",749436,27978,7545,0,3618,647141,806112
"2024-06-03 00:00:00",583956,43206,3151,0,26922,668671.2857142857,836473
"2024-06-04 00:00:00",600918,27733,3279,251,14087,660178.1428571428,757895.5714285715
"2024-06-05 00:00:00",574901,24884,6090,0,76583,685683.8571428572,826557.4285714285
"2024-06-06 00:00:00",1204646,93808,3557,0,11291,773603.7142857143,780549.4285714285
"2024-06-07 00:00:00",671776,77474,0,444,107069,798657.2857142857,752283.4285714285
"2024-06-08 00:00:00",509945,0,0,251,11292,780872,756614.1428571428
"2024-06-09 00:00:00",569159,6209,1801,2865,22528,754298.4285714285,750473.5714285715
"2024-06-10 00:00:00",898476,27978,3499,251,146914,814281.8571428572,810026
"2024-06-11 00:00:00",466483,0,1801,0,4243,789461.7142857143,813324.1428571428
"2024-06-12 00:00:00",939265,72106,5317,568,9899,838704.4285714285,795248.7142857143
"2024-06-13 00:00:00",522840,12919,571,251,69744,737707.8571428572,838983.1428571428
"2024-06-14 00:00:00",713552,95555,2835,0,20629,734251.8571428572,880749.2857142857
"2024-06-15 00:00:00",873506,0,0,251,20213,787463.5714285715,910165
"2024-06-16 00:00:00",904944,21704,0,251,92496,847011.1428571428,835063.1428571428
"2024-06-17 00:00:00",853729,63247,35222,0,41187,835049.1428571428,843817
"2024-06-18 00:00:00",654731,12919,0,251,41618,868905.1428571428,828643.1428571428
"2024-06-19 00:00:00",665923,12919,4572,251,28195,823862.8571428572,809496.4285714285
"2024-06-20 00:00:00",774241,0,23608,0,16144,853529.2857142857,796491.5714285715
"2024-06-21 00:00:00",1036165,12919,3603,251,64488,894222.8571428572,800233.1428571428
"2024-06-22 00:00:00",437043,23004,0,214,20780,835233,815737.1428571428
"2024-06-23 00:00:00",682998,88531,0,251,10865,801411.5714285715,936408
"2024-06-24 00:00:00",614954,21518,2325,0,49675,757852.5714285715,891456
"2024-06-25 00:00:00",768711,0,1801,251,10032,768034.8571428572,916891.4285714285
"2024-06-26 00:00:00",706855,0,0,0,67316,776936.1428571428,883893.8571428572
"2024-06-27 00:00:00",671152,45213,0,0,60288,771602.1428571428,859895
"2024-06-28 00:00:00",718583,0,1801,503,12260,716705.1428571428,842366.4285714285
"2024-06-29 00:00:00",575854,23667,5110,0,9776,735757.2857142857,770525.5714285715
"2024-06-30 00:00:00",789197,107865,0,251,93711,765525.7142857143,717191
"2024-07-01 00:00:00",263269,6459,42473,0,20126,714647.7142857143,759897.2857142857
"2024-07-02 00:00:00",964217,46920,11877,0,10005,750679.7142857143,747572.4285714285
"2024-07-03 00:00:00",701257,0,0,0,62131,749139.4285714285,743945.5714285715
"2024-07-04 00:00:00",806198,34907,12750,0,9660,761548.2857142857,780588.8571428572
"2024-07-05 00:00:00",880181,47316,5651,251,50323,797345,808818.7142857143
"2024-07-06 00:00:00",641826,32374,0,0,15346,808079.1428571428,815172.2857142857
"2024-07-07 00:00:00",683552,9571,7622,0,23215,769927.1428571428,840328.5714285715
"2024-07-08 00:00:00",850687,34438,2370,0,83951,861229.8571428572,805281.8571428572
"2024-07-09 00:00:00",588922,72145,0,503,19736,810985.2857142857,821299
"2024-07-10 00:00:00",901058,20609,1801,0,63230,842886.8571428572,853897.4285714285
"2024-07-11 00:00:00",297881,6459,1801,0,18933,765966.8571428572,842992.7142857143
"2024-07-12 00:00:00",1185039,87057,1220,251,16571,809740.2857142857,802338.7142857143
"2024-07-13 00:00:00",794481,53009,0,0,14647,834396,779340.5714285715
"2024-07-14 00:00:00",694286,72873,4932,251,37348,846643.1428571428,756684
"2024-07-15 00:00:00",850842,21973,0,0,44291,838880.2857142857,751981.2857142857
"2024-07-16 00:00:00",747506,29726,6167,0,22850,856729.1428571428,702177
"2024-07-17 00:00:00",730891,98346,1801,0,3006,834921.2857142857,672627.8571428572
"2024-07-18 00:00:00",775638,25347,0,0,4311,903524.2857142857,643988.2857142857
"2024-07-19 00:00:00",788462,54440,37194,0,46503,851590.1428571428,670820.8571428572
"2024-07-20 00:00:00",634300,29371,0,251,45437,829764.8571428572,714526.4285714285
"2024-07-21 00:00:00",786205,27978,5004,0,25098,834706.8571428572,698870.7142857143
"2024-07-22 00:00:00",814464,64947,12122,251,19603,833889.8571428572,702986.2857142857
"2024-07-23 00:00:00",906093,35939,1801,251,54682,861392.4285714285,774205
"2024-07-24 00:00:00",396048,43810,6661,0,25998,809745.8571428572,815096
"2024-07-25 00:00:00",98309,0,0,0,0,708747.4285714285,858519.7142857143
"2024-07-26 00:00:00",1718,0,0,0,0,576621.2857142857,849978.7142857143
"2024-07-27 00:00:00",826765,0,0,0,0,593393.4285714285,803901.2857142857
"2024-07-28 00:00:00",773043,53377,4923,503,29869,595883.7142857143,847566.8571428572
"2024-07-29 00:00:00",632886,82576,1813,0,24541,571659.4285714285,825695.2857142857
"2024-07-30 00:00:00",917111,254914,4161,0,57513,605221.1428571428,754574.5714285715
"2024-07-31 00:00:00",964196,69079,1755,0,4628,686241.2857142857,722516.8571428572
"2024-08-01 00:00:00",452819,6459,17753,0,82233,752092.2857142857,614632.7142857143
"2024-08-02 00:00:00",696983,77688,10184,0,27171,867850.7142857143,499057.85714285716
"2024-08-03 00:00:00",284658,30151,5521,0,46471,802141.8571428572,538183
"2024-08-04 00:00:00",1110925,24370,781,251,12493,843156.8571428572,495052.5714285714
"2024-08-05 00:00:00",725535,41101,1801,251,19441,849773,539894.2857142857
"2024-08-06 00:00:00",1060767,22289,1801,0,16945,830930.5714285715,587571.4285714285
"2024-08-07 00:00:00",542436,0,4781,0,18813,763269.2857142857,586985.7142857143
"2024-08-08 00:00:00",706927,43291,2530,0,28258,794946.5714285715,679956.7142857143
"2024-08-09 00:00:00",1085414,0,0,251,6987,835036,787535.7142857143
"2024-08-10 00:00:00",655321,12919,18983,1227,36665,886223.5714285715,840720.5714285715
"2024-08-11 00:00:00",814717,16625,2873,251,27848,845294,809184.2857142857
"2024-08-12 00:00:00",882290,36619,4527,0,26666,868432.8571428572,861174.2857142857
"2024-08-13 00:00:00",798226,79667,5080,0,10865,838723.5714285715,848316.5714285715
"2024-08-14 00:00:00",489383,112988,14028,251,25020,849529.5714285715,845940.2857142857
"2024-08-15 00:00:00",828191,27258,4675,0,6735,861794.4285714285,881189.8571428572
"2024-08-16 00:00:00",740280,0,0,251,16476,813845.1428571428,891988
"2024-08-17 00:00:00",871913,80170,9894,0,19921,850528.4285714285,783686.2857142857
"2024-08-18 00:00:00",677835,30159,7585,503,85197,841809.1428571428,772599.7142857143
"2024-08-19 00:00:00",724633,89766,1801,0,80352,834159.2857142857,684158.1428571428
"2024-08-20 00:00:00",787541,6459,6074,0,7732,821869.1428571428,743168.1428571428
"2024-08-21 00:00:00",563113,59875,11002,251,71364,831002.7142857143,743557.1428571428
"2024-08-22 00:00:00",792470,109586,0,1161,28869,840320.7142857143,741422.8571428572
"2024-08-23 00:00:00",694806,64209,7409,0,18204,844266.7142857143,747617.1428571428
"2024-08-24 00:00:00",745112,12919,1801,251,18377,815204.4285714285,780904.8571428572
"2024-08-25 00:00:00",815900,0,0,0,4381,817918.7142857143,853333.5714285715
"2024-08-26 00:00:00",567341,43810,4834,0,92097,790994.4285714285,880396.2857142857
"2024-08-27 00:00:00",719748,112554,3757,251,13600,797009.4285714285,820657.2857142857
"2024-08-28 00:00:00",772495,0,6904,0,8423,808754.4285714285,841755.4285714285
"2024-08-29 00:00:00",1091425,17910,10777,0,4676,836283.4285714285,871787.2857142857
"2024-08-30 00:00:00",721277,121084,2128,251,34692,849826.8571428572,818530.8571428572
"2024-08-31 00:00:00",654298,0,4433,0,53029,840298,872659
"2024-09-01 00:00:00",644550,68608,9897,251,32410,831074.7142857143,843368
"2024-09-02 00:00:00",849621,101479,1801,251,15448,868291.5714285715,819594.5714285715
"2024-09-03 00:00:00",949636,25936,6537,251,41111,893086,809922.7142857143
"2024-09-04 00:00:00",897213,86114,0,251,2537,921413.7142857143,791532
"2024-09-05 00:00:00",1017892,67195,0,0,30213,920058.1428571428,732424.4285714285
"2024-09-06 00:00:00",821566,0,2955,0,44810,918615.1428571428,728965.7142857143
"2024-09-07 00:00:00",713961,70581,5349,503,24057,933285.5714285715,700711.2857142857
"2024-09-08 00:00:00",957254,57422,0,251,82787,982142.4285714285,704550.1428571428
"2024-09-09 00:00:00",539989,60748,3279,251,7514,931168.2857142857,700066.2857142857
"2024-09-10 00:00:00",1177002,28038,3520,0,29166,961775.8571428572,710607.1428571428
"2024-09-11 00:00:00",582883,137641,11521,0,36699,930722.8571428572,745872.2857142857
"2024-09-12 00:00:00",705976,124368,780,251,20573,893101.5714285715,750163.2857142857
"2024-09-13 00:00:00",945505,43810,24306,0,38257,919179.7142857143,801645.4285714285
"2024-09-14 00:00:00",4614,0,0,0,20010,806347,780735.8571428572
"2024-09-15 00:00:00",0,0,0,0,0,649530.4285714285,789590
"2024-09-16 00:00:00",1037495,25876,4583,0,37392,720039.7142857143,805357
"2024-09-17 00:00:00",920246,0,3080,503,25326,678815.4285714285,824301.2857142857
"2024-09-18 00:00:00",218779,0,1490,0,0,600461.7142857143,792558.8571428572
"2024-09-19 00:00:00",333223,6459,0,0,5615,528082.4285714285,791741.5714285715
"2024-09-20 00:00:00",853955,111455,7085,0,39272,522352.14285714284,779225
"2024-09-21 00:00:00",861435,0,238,0,1310,642117.8571428572,785506.1428571428
"2024-09-22 00:00:00",743102,55724,0,251,5432,757048,745035.7142857143
"2024-09-23 00:00:00",759662,70505,0,0,95305,731351.4285714285,758118.5714285715
"2024-09-24 00:00:00",911652,6459,22271,975,15429,732441.5714285715,744390.7142857143
"2024-09-25 00:00:00",834570,9336,9986,0,21099,825973.2857142857,731346.7142857143
"2024-09-26 00:00:00",1306277,21273,11003,0,23619,971241.4285714285,739910.4285714285
"2024-09-27 00:00:00",843455,21518,2897,251,13487,952647.5714285715,762545.4285714285
"2024-09-28 00:00:00",756028,53009,3695,0,92270,958650.2857142857,785845.5714285715
"2024-09-29 00:00:00",913877,16235,2739,251,29106,981179,849128.1428571428
"2024-09-30 00:00:00",1050407,89373,9747,524,29437,1017467.4285714285,847309.7142857143
"2024-10-01 00:00:00",1135242,0,570,0,1530,1043261,866825.4285714285
"2024-10-02 00:00:00",874748,61602,0,0,0,1052026.5714285714,881769.7142857143
"2024-10-03 00:00:00",816823,45667,0,0,18426,983275.4285714285,868130.1428571428
"2024-10-04 00:00:00",541418,46549,4968,0,41662,947987.8571428572,817387.7142857143
"2024-10-05 00:00:00",562022,39220,0,0,43150,910757.8571428572,778360.1428571428
"2024-10-06 00:00:00",1044800,42710,5775,251,20312,932420.5714285715,685384.4285714285
"2024-10-07 00:00:00",484887,39546,2520,0,20129,842076.7142857143,682542.8571428572
"2024-10-08 00:00:00",851175,43279,6986,547,19107,811184.2857142857,631609.7142857143
"2024-10-09 00:00:00",823116,26570,2957,909,18671,802023.2857142857,594692.4285714285
"2024-10-10 00:00:00",591771,28323,2464,0,18059,767695,511891.4285714286
"2024-10-11 00:00:00",879245,46549,0,0,18082,811877.7142857143,520225.14285714284
"2024-10-12 00:00:00",752358,50048,1019,0,3768,835134.8571428572,531279.7142857143
"2024-10-13 00:00:00",870647,96786,0,0,93378,827557.8571428572,563559.4285714285
"2024-10-14 00:00:00",625867,26588,15650,251,12419,846657,589797.8571428572
"2024-10-15 00:00:00",1108844,6459,10337,503,14335,877997.7142857143,642787.7142857143
"2024-10-16 00:00:00",391785,18388,1801,0,15470,814457.8571428572,696292.2857142857
"2024-10-17 00:00:00",631828,87087,0,251,9343,827014.1428571428,771729.5714285715
"2024-10-18 00:00:00",727105,45731,11032,503,11315,805844.2857142857,797970.1428571428
"2024-10-19 00:00:00",673622,39108,0,0,0,792349.4285714285,778675
"2024-10-20 00:00:00",861740,22757,0,0,11643,768825,799725.2857142857
"2024-10-21 00:00:00",762660,67517,0,0,12689,791980.5714285715,766688.1428571428
"2024-10-22 00:00:00",878166,6459,7474,0,69854,766476.8571428572,782961.2857142857
"2024-10-23 00:00:00",611444,21167,2685,251,28039,800211.5714285715,809701.1428571428
"2024-10-24 00:00:00",724228,17207,1801,0,22023,805461.4285714285,837637.7142857143
"2024-10-25 00:00:00",773572,27978,10238,251,19990,810653.4285714285,815926.7142857143
"2024-10-26 00:00:00",635477,6459,7363,0,15829,803853.2857142857,887726
"2024-10-27 00:00:00",615395,27733,1801,0,9459,769317.2857142857,880891
"2024-10-28 00:00:00",718506,68062,4392,503,17545,764480.7142857143,947394.7142857143
"2024-10-29 00:00:00",1033126,12919,17680,525,31152,783545,906447.1428571428
"2024-10-30 00:00:00",929873,34424,0,0,10140,827952.1428571428,860987.2857142857
"2024-10-31 00:00:00",240857,6459,1801,251,3009,754683.4285714285,816036.5714285715
"2024-11-01 00:00:00",0,0,0,0,0,635821.7142857143,828973.8571428572
"2024-11-02 00:00:00",359497,37033,5067,251,22394,601409.7142857143,777986.4285714285
"2024-11-03 00:00:00",503715,34438,1203,251,266791,623125.5714285715,733797.7142857143
"2024-11-04 00:00:00",1208706,6459,8323,0,22583,685562.8571428572,686453.2857142857
"2024-11-05 00:00:00",637463,51678,11691,0,68563,638990.2857142857,621821.5714285715
"2024-11-06 00:00:00",1046137,19379,4056,2128,13216,654773.1428571428,627816.5714285715
"2024-11-07 00:00:00",762167,12919,9880,0,42096,736870.7142857143,660087.7142857143
"2024-11-08 00:00:00",604785,40898,3603,0,29015,833770.8571428572,648693.1428571428
"2024-11-09 00:00:00",1129165,114174,8871,503,2797,952523.4285714285,630590
"2024-11-10 00:00:00",694189,19379,4893,0,22878,943229.1428571428,709019.4285714285
"2024-11-11 00:00:00",733678,78387,9045,547,16647,884977,683191.4285714285
"2024-11-12 00:00:00",881033,66494,0,0,17363,912904.7142857143,695258.8571428572
"2024-11-13 00:00:00",893555,53009,10029,0,10575,896083.4285714285,677549.8571428572
"2024-11-14 00:00:00",697518,108712,4772,0,7514,894862.7142857143,702227.7142857143
"2024-11-15 00:00:00",543730,49488,3615,0,25234,886829.4285714285,619700
"2024-11-16 00:00:00",636873,102255,0,0,15699,815303.1428571428,577799.4285714285
"2024-11-17 00:00:00",833951,46918,0,0,0,835235.8571428572,574083.1428571428
"2024-11-18 00:00:00",573186,42607,8974,503,115065,821240.2857142857,608583.7142857143
"2024-11-19 00:00:00",729115,130131,6928,0,128568,825504.8571428572,629956.7142857143
"2024-11-20 00:00:00",679848,99403,12241,696,15500,802722.1428571428,592599.7142857143
"2024-11-21 00:00:00",647295,40857,8523,0,82784,797142.4285714285,539401.1428571428
"2024-11-22 00:00:00",913828,65899,1994,0,47359,855287.2857142857,637364.8571428572
"2024-11-23 00:00:00",809897,57781,0,251,44497,877801.4285714285,699122.8571428572
"2024-11-24 00:00:00",305163,18629,6522,364,38608,804718.4285714285,650807
"2024-11-25 00:00:00",573885,0,9278,0,4122,782853.7142857143,617909
"2024-11-26 00:00:00",733059,19379,3603,0,12702,750568.1428571428,628249.5714285715
"2024-11-27 00:00:00",912499,53009,1801,251,45083,779847.4285714285,698872.2857142857
"2024-11-28 00:00:00",850653,68705,3362,0,29395,804512.4285714285,727359.8571428572
"2024-11-29 00:00:00",694064,126259,6034,192,30171,779889.4285714285,712783.8571428572
"2024-11-30 00:00:00",954231,105702,22116,251,35125,809175.1428571428,701166
"2024-12-01 00:00:00",692169,32299,0,874,7514,861113.5714285715,719199.1428571428
"2024-12-02 00:00:00",726313,59468,5420,251,21083,893292.5714285715,691755
"2024-12-03 00:00:00",704071,5262,0,503,9496,886234,677983
"2024-12-04 00:00:00",736087,55951,4792,251,13127,857314.7142857143,669017.2857142857
"2024-12-05 00:00:00",523981,27978,13032,251,16208,804362.8571428572,651280.8571428572
"2024-12-06 00:00:00",679354,32299,8805,0,14862,787020,639004.1428571428
"2024-12-07 00:00:00",649241,25839,1801,251,40822,729952.5714285715,651354.7142857143
"2024-12-08 00:00:00",758900,50633,7504,251,28736,746119.7142857143,652004.5714285715
"2024-12-09 00:00:00",505539,142688,3603,503,34677,728187.5714285715,640287.2857142857
"2024-12-10 00:00:00",642877,6459,5529,503,2974,719474.7142857143,700372.1428571428
"2024-12-11 00:00:00",686102,12919,7419,251,13405,706601.4285714285,696640.2857142857
"2024-12-12 00:00:00",613647,19379,12129,0,15421,717905.1428571428,746028.2857142857
"2024-12-13 00:00:00",685197,35228,1232,0,9240,717273.5714285715,751913.1428571428
"2024-12-14 00:00:00",558133,79938,4423,503,17210,709023.8571428572,673493.7142857143
"2024-12-15 00:00:00",331253,76453,3929,364,37406,652363.8571428572,586253.2857142857
"2024-12-16 00:00:00",743395,67562,8962,0,13392,673263.8571428572,648611.7142857143
"2024-12-17 00:00:00",666874,78693,10800,251,190351,714496.2857142857,604783.1428571428
"2024-12-18 00:00:00",688349,12919,0,0,2075,712103.1428571428,541639.5714285715
"2024-12-19 00:00:00",878850,46871,1801,251,79637,761651,457766.28571428574
"2024-12-20 00:00:00",385765,6459,9918,251,34431,719640.5714285715,400110.28571428574
"2024-12-21 00:00:00",591013,34824,5211,251,418,715570.8571428572,469544.4285714286
"2024-12-22 00:00:00",848655,118697,5015,0,49464,797346,587575.2857142857
"2024-12-23 00:00:00",740573,47358,0,503,18720,793609.1428571428,544533.4285714285
"2024-12-24 00:00:00",468023,12919,9560,503,17084,730912.1428571428,539935.2857142857
"2024-12-25 00:00:00",531922,49255,0,0,43207,719632.1428571428,567720.8571428572
"2024-12-26 00:00:00",762006,19379,3603,0,9263,689180.7142857143,586743.2857142857
"2024-12-27 00:00:00",522586,67668,4999,0,6774,712781,647423.2857142857
"2024-12-28 00:00:00",700955,80987,4019,1750,13211,736953.1428571428,599792.2857142857
"2024-12-29 00:00:00",691178,40207,1801,251,33192,700495.8571428572,617357.4285714285
"2024-12-30 00:00:00",526313,28323,3337,0,82406,676671,632498.7142857143
"2024-12-31 00:00:00",393735,94024,7803,251,4396,675545.4285714285,704225.2857142857
"2025-01-01 00:00:00",989736,49207,2873,0,48180,742061.4285714285,706049.7142857143
"2025-01-02 00:00:00",865078,55049,9253,0,23611,764738.5714285715,809023.5714285715
"2025-01-03 00:00:00",671363,34488,1711,0,11633,781476.8571428572,802095.5714285715
"2025-01-04 00:00:00",964182,60630,4541,0,11658,815775.1428571428,927445.7142857143
"2025-01-05 00:00:00",1016150,39526,11360,0,47453,865469.4285714285,907619.5714285715
"2025-01-06 00:00:00",780008,62333,1801,503,48845,901628.2857142857,941821.8571428572
"2025-01-07 00:00:00",793475,55331,1527,251,20143,954559.2857142857,895680.1428571428
"2025-01-08 00:00:00",850100,56304,4510,0,24309,932449,892143.1428571428
"2025-01-09 00:00:00",701583,11722,1801,0,0,898465.2857142857,814639.8571428572
"2025-01-10 00:00:00",852383,42436,8470,503,60853,933529.5714285715,815433.1428571428
"2025-01-11 00:00:00",935283,77947,0,0,64579,938786.4285714285,736209.7142857143
"2025-01-12 00:00:00",999103,28330,0,251,26697,930199.2857142857,736064.7142857143
"2025-01-13 00:00:00",888697,21518,6546,0,10944,935086.8571428572,726518.8571428572
"2025-01-14 00:00:00",672788,27978,3554,0,34379,916225.4285714285,711125.5714285715
"2025-01-15 00:00:00",895315,55976,7450,251,24214,923080.2857142857,748622.2857142857
"2025-01-16 00:00:00",632324,94075,2050,0,58030,933276.5714285715,830584.5714285715
"2025-01-17 00:00:00",659876,6459,12526,251,61021,901203.5714285715,898907.1428571428
"2025-01-18 00:00:00",546961,107557,3966,503,25603,845029.5714285715,909129.4285714285
"2025-01-19 00:00:00",1012944,19379,0,0,27229,845768.1428571428,872542.4285714285
"2025-01-20 00:00:00",589469,72173,952,0,8440,809100.8571428572,867393.8571428572
"2025-01-21 00:00:00",811713,56447,4712,251,81402,839933.2857142857,846916.8571428572
"2025-01-22 00:00:00",928773,0,2770,251,45294,839059.1428571428,778347.4285714285
"2025-01-23 00:00:00",1210079,6459,0,0,68515,910283.8571428572,754140.4285714285
"2025-01-24 00:00:00",812387,38811,0,0,23127,929454,727857.1428571428
"2025-01-25 00:00:00",782859,34645,14999,251,35807,955735.4285714285,790371.5714285715
"2025-01-26 00:00:00",530946,6459,1801,0,5277,882154.4285714285,791382.8571428572
"2025-01-27 00:00:00",1023593,0,1801,0,0,932777.2857142857,807467.7142857143
"2025-01-28 00:00:00",668514,58788,2282,0,3394,901127.7142857143,860844.2857142857
"2025-01-29 00:00:00",469366,28163,0,0,75066,843342.8571428572,832456.7142857143
"2025-01-30 00:00:00",633760,12000,5615,0,5236,753565.7142857143,778203.7142857143
"2025-01-31 00:00:00",861714,70195,3502,0,43016,768437.1428571428,781144.2857142857
"2025-02-01 00:00:00",1449800,14309,0,0,25924,857218.7142857143,754419.7142857143
"2025-02-02 00:00:00",859523,12919,7443,0,23181,908444.8571428572,757839.8571428572
"2025-02-03 00:00:00",796212,58807,16801,251,19078,889267.2857142857,743025.4285714285
"2025-02-04 00:00:00",752905,42877,1994,0,40712,904340,688494.1428571428
"2025-02-05 00:00:00",924933,46549,761,0,28975,965571.7142857143,769417.7142857143
"2025-02-06 00:00:00",495378,47358,2993,251,12717,951583.7142857143,770604.1428571428
"2025-02-07 00:00:00",397049,0,813,0,5432,869422.1428571428,774942.8571428572
"2025-02-08 00:00:00",381925,69058,3603,0,75500,732286.8571428572,737733.2857142857
"2025-02-09 00:00:00",275958,31159,0,0,22997,650436.5714285715,735120
"2025-02-10 00:00:00",648343,44068,0,251,22704,625324.5714285715,766795
"2025-02-11 00:00:00",305864,22867,0,251,22774,555791.7142857143,749013.5714285715
"2025-02-12 00:00:00",519737,21518,0,0,43024,496229.14285714284,751446
"2025-02-13 00:00:00",714377,159922,0,251,31734,545884.5714285715,704865.1428571428
"2025-02-14 00:00:00",790228,58928,0,251,18849,612307.7142857143,628938.4285714285
"2025-02-15 00:00:00",521663,44797,6045,0,17541,620873.5714285715,595436.8571428572
"2025-02-16 00:00:00",330700,24642,1911,0,40916,630595.5714285715,598708.4285714285
"2025-02-17 00:00:00",630427,70028,0,0,31898,633022.1428571428,510404.14285714284
"2025-02-18 00:00:00",846347,93000,5743,0,43589,724010.8571428572,464623.71428571426
"2025-02-19 00:00:00",765675,34438,1801,251,60719,763811.8571428572,423637.14285714284
"2025-02-20 00:00:00",586043,74806,0,251,17076,731225,400794.85714285716
"2025-02-21 00:00:00",729033,0,0,251,34147,716249.8571428572,365833.4285714286
"2025-02-22 00:00:00",869152,12919,1801,251,14717,760363.4285714285,355883.14285714284
"2025-02-23 00:00:00",902639,40898,1801,0,22150,841694.8571428572,302339.85714285716
"2025-02-24 00:00:00",858158,77841,7440,0,59924,880410.7142857143,298360.5714285714
"2025-02-25 00:00:00",716208,47204,1801,0,61886,857328,342582.85714285716
"2025-02-26 00:00:00",917463,25886,0,0,34567,873760.8571428572,343647.28571428574
"2025-02-27 00:00:00",600191,88983,11001,0,35034,881908.5714285715,365823.71428571426
"2025-02-28 00:00:00",26878,0,0,0,29018,780832,412140.85714285716
"2025-03-01 00:00:00",778537,0,7120,0,54396,772433.5714285715,416065.85714285716
"2025-03-02 00:00:00",537577,21518,5805,503,6093,715863.4285714285,475516.28571428574
"2025-03-03 00:00:00",799229,16844,3517,0,5352,690374.5714285715,507369.28571428574
"2025-03-04 00:00:00",371445,54410,3603,0,15781,635823,555792
"2025-03-05 00:00:00",794982,19379,3603,251,11884,614706.5714285715,528157
"2025-03-06 00:00:00",410186,0,15006,0,9466,571770.5714285715,531058.7142857143
"2025-03-07 00:00:00",831038,64564,2558,0,25522,695740.1428571428,557842
"2025-03-08 00:00:00",390879,27805,1801,251,42373,641891.1428571428,572799.1428571428
"2025-03-09 00:00:00",607580,52090,1813,0,17475,657242.5714285715,551597.1428571428
"2025-03-10 00:00:00",329892,59468,0,0,56062,603025.4285714285,583168.4285714285
"2025-03-11 00:00:00",66232,0,0,0,17896,551438.1428571428,543453.7142857143
"2025-03-12 00:00:00",702468,0,599,0,39111,538877.7142857143,590553.4285714285
"2025-03-13 00:00:00",832930,25839,22944,503,35365,607866.7142857143,632046.4285714285
"2025-03-14 00:00:00",920063,6459,0,1879,99699,622783.5714285715,596457.1428571428
"2025-03-15 00:00:00",771613,27290,1813,251,35147,676070,565617.5714285715
"2025-03-16 00:00:00",842970,21518,0,251,15417,704812.7142857143,487049.28571428574
"2025-03-17 00:00:00",859667,85844,5081,0,21849,780101.2857142857,482629.5714285714
"2025-03-18 00:00:00",762473,34187,19734,251,77818,895863.7142857143,526604.1428571428
"2025-03-19 00:00:00",1026874,80132,3603,0,51725,955886,594473.2857142857
"2025-03-20 00:00:00",788080,20114,215,0,44138,946595.4285714285,564991.4285714285
"2025-03-21 00:00:00",888713,52296,7207,251,50880,942488,651730.2857142857
"2025-03-22 00:00:00",849495,15846,0,251,17160,949150.5714285715,746753.4285714285
"2025-03-23 00:00:00",762040,84457,1801,0,16911,947015.1428571428,788224.4285714285
"2025-03-24 00:00:00",882527,6459,1801,0,17967,937917,724632
"2025-03-25 00:00:00",208865,40902,810,0,8352,847126,692441
"2025-03-26 00:00:00",1027221,147120,2778,251,35077,854285.1428571428,655595.5714285715
"2025-03-27 00:00:00",1123565,26634,3603,0,16816,899723.7142857143,674748.8571428572
"2025-03-28 00:00:00",872334,7033,0,503,10761,884192.7142857143,601260.1428571428
"2025-03-29 00:00:00",580441,11573,3603,0,20509,846103,496111.28571428574
"2025-03-30 00:00:00",821159,94052,8597,0,25875,858170.7142857143,592644.5714285715
"2025-03-31 00:00:00",725716,68890,7202,5352,78685,854898.1428571428,636954.1428571428
"2025-04-01 00:00:00",765135,71415,5521,503,82790,950103.5714285715,617832.1428571428
"2025-04-02 00:00:00",809813,73048,7359,251,25674,907774.7142857143,697995.8571428572
"2025-04-03 00:00:00",723694,22813,5549,0,18934,850685.1428571428,852245.5714285715
"2025-04-04 00:00:00",947763,169432,15535,0,32865,889965.7142857143,964917.1428571428
"2025-04-05 00:00:00",1146393,52669,6276,0,21297,977181.7142857143,1081112.5714285714
"2025-04-06 00:00:00",952783,63560,11823,0,7616,989481.7142857143,1037645.7142857143
"2025-04-07 00:00:00",718188,72843,2181,0,13394,978161.5714285715,1071494
"2025-04-08 00:00:00",491386,22598,0,0,37175,924703.4285714285,1150299.7142857143
"2025-04-09 00:00:00",0,13203,9161,0,16985,799446.8571428572,1121833.7142857143
"2025-04-10 00:00:00",1196964,33762,0,251,38806,870703,1016135.5714285715
"2025-04-11 00:00:00",192680,62172,7420,0,1663,741894.4285714285,945963.7142857143
"2025-04-12 00:00:00",564032,6459,0,0,0,648159.2857142857,931102.4285714285
"2025-04-13 00:00:00",980951,34979,1801,251,147026,666620.2857142857,887053.2857142857
"2025-04-14 00:00:00",959392,68599,11149,503,13856,701890.8571428572,861456.8571428572
"2025-04-15 00:00:00",740370,62295,1097,0,9682,739360.1428571428,915774.4285714285
"2025-04-16 00:00:00",1123084,47788,3257,0,31854,906022.1428571428,755896.2857142857
"2025-04-17 00:00:00",803565,0,11569,0,43088,847227.4285714285,740400.4285714285
"2025-04-18 00:00:00",51676,56440,3987,0,24617,829054.1428571428,776010.5714285715
"2025-04-19 00:00:00",535352,37166,0,0,13313,831245.5714285715,753119.7142857143
"2025-04-20 00:00:00",1150337,53516,8831,975,38918,843755.2857142857,860411.5714285715
"2025-04-21 00:00:00",791306,27733,0,251,30990,814724,927224.7142857143
"2025-04-22 00:00:00",709152,97202,6911,0,39860,820392.7142857143,871832.5714285715
"2025-04-23 00:00:00",936467,181752,9161,0,8643,810398.4285714285,1067214.2857142857
"2025-04-24 00:00:00",907678,6459,0,0,70792,828499.7142857143,1044465.5714285715
"2025-04-25 00:00:00",639996,19573,0,598,41884,909261.1428571428,1099866
"2025-04-26 00:00:00",984400,89185,8767,251,22906,983501,1087443
"2025-04-27 00:00:00",777610,98777,7359,0,25902,934511.1428571428,1063591.5714285714
"2025-04-28 00:00:00",881917,103324,3603,0,25276,957916.8571428572,899404.2857142857
"2025-04-29 00:00:00",879485,25179,8426,251,51179,973830.5714285715,972285
"2025-04-30 00:00:00",875219,67950,3615,251,32653,951497.1428571428,992095.8571428572
"2025-05-01 00:00:00",891616,77280,1813,0,19398,952236.7142857143,1017265.2857142857
"2025-05-02 00:00:00",833039,46419,1339,0,38715,983302.5714285715,936785
"2025-05-03 00:00:00",1145706,80449,7359,251,20289,1004523.2857142857,916044.2857142857
"2025-05-04 00:00:00",615500,12669,0,0,55573,972250.7142857143,994899.5714285715
"2025-05-05 00:00:00",750900,45993,1801,251,10694,943039.1428571428,1048573.4285714285
"2025-05-06 00:00:00",711466,34814,8703,251,106671,928379.8571428572,1013734.2857142857
"2025-05-07 00:00:00",806432,28290,9161,0,32186,913577,888355.8571428572
"2025-05-08 00:00:00",512480,66958,1801,337,11119,856804.1428571428,841048
"2025-05-09 00:00:00",1075525,30492,0,0,16903,885862.2857142857,809891.8571428572
"2025-05-10 00:00:00",518105,96655,5309,0,2070,795588.5714285715,858218
"2025-05-11 00:00:00",854709,23666,1801,0,55130,831526.4285714285,752817.7142857143
"2025-05-12 00:00:00",1195380,67969,5262,0,134582,916319.7142857143,782130.4285714285
"2025-05-13 00:00:00",1053377,109775,2617,0,19501,962514.4285714285,759149.5714285715
"2025-05-14 00:00:00",619717,61102,12845,0,31455,940950.1428571428,750279.2857142857
"2025-05-15 00:00:00",473339,47939,0,0,21324,933793.7142857143,804225
"2025-05-16 00:00:00",786775,55316,6061,503,26649,898420.1428571428,821251.2857142857
"2025-05-17 00:00:00",1333706,15057,21503,1669,41327,1011437.8571428572,793539.1428571428
"2025-05-18 00:00:00",1088147,91233,7822,251,2570,1047826.2857142857,789228.1428571428
"2025-05-19 00:00:00",639356,54599,18031,0,22395,952281.8571428572,753259.8571428572
"2025-05-20 00:00:00",685571,59543,0,0,14966,891540.4285714285,777570.8571428572
"2025-05-21 00:00:00",931146,33174,1801,0,273811,965085.1428571428,844691.8571428572
"2025-05-22 00:00:00",788464,32555,0,251,39187,1010493.1428571428,827728.1428571428
"2025-05-23 00:00:00",349621,0,0,251,61616,944233.5714285715,826091
"2025-05-24 00:00:00",1108918,6459,3236,755,13063,904115,883037.7142857143
"2025-05-25 00:00:00",616476,51188,4699,0,92523,843381,848969.7142857143
"2025-05-26 00:00:00",705517,100456,0,0,25261,857217,925665.5714285715
"2025-05-27 00:00:00",1033976,60315,2055,251,26461,909071.4285714285,822232.8571428572
"2025-05-28 00:00:00",695034,12919,9358,251,66395,843932.1428571428,760659.8571428572
"2025-05-29 00:00:00",717858,77093,9161,0,21146,838903.5714285715,699439.1428571428
"2025-05-30 00:00:00",801087,50946,5637,251,40390,908450,688201.5714285715
"2025-05-31 00:00:00",621805,0,7627,251,27442,840548.8571428572,635722.7142857143
"2025-06-01 00:00:00",400333,0,0,0,892,788597,658498.4285714285
"2025-06-02 00:00:00",711018,6459,7478,251,7430,774511.8571428572,647141
"2025-06-03 00:00:00",613151,100289,7359,5408,60584,726473.5714285715,668671.2857142857
"2025-06-04 00:00:00",759393,9340,0,251,34390,729247.4285714285,660178.1428571428
"2025-06-05 00:00:00",860197,38805,1801,0,34714,744998.8571428572,685683.8571428572
"2025-06-06 00:00:00",779784,66509,4073,0,7333,739196.8571428572,773603.7142857143
"2025-06-07 00:00:00",836964,197275,1801,251,91663,806458.4285714285,798657.2857142857
"2025-06-08 00:00:00",362426,111999,0,251,10898,818508.5714285715,780872
"2025-06-09 00:00:00",1056647,40685,10418,5173,18056,875414.5714285715,754298.4285714285
"2025-06-10 00:00:00",700154,21863,3291,503,99268,880884.2857142857,814281.8571428572
"2025-06-11 00:00:00",1031535,0,1801,0,31780,918275.8571428572,789461.7142857143
"2025-06-12 00:00:00",692111,0,5592,0,63384,893357.2857142857,838704.4285714285
"2025-06-13 00:00:00",1033322,50919,0,4106,160761,949273,737707.8571428572
"2025-06-14 00:00:00",1010202,27978,13967,0,15760,940694.5714285715,734251.8571428572
"2025-06-15 00:00:00",963631,0,558,251,30681,1013487.1428571428,787463.5714285715
"2025-06-16 00:00:00",770712,77636,5610,797,62389,982939.1428571428,847011.1428571428
"2025-06-17 00:00:00",591240,68264,2171,0,10591,961108.7142857143,835049.1428571428
"2025-06-18 00:00:00",760998,22367,10822,0,63163,931428,868905.1428571428
"2025-06-19 00:00:00",866123,49459,935,251,33368,958435.1428571428,823862.8571428572
"2025-06-20 00:00:00",682944,86906,2938,251,103976,905279.1428571428,853529.2857142857
"2025-06-21 00:00:00",982459,63377,0,251,23791,905560.8571428572,894222.8571428572
"2025-06-22 00:00:00",669951,58249,3686,0,53181,875552.8571428572,835233
"2025-06-23 00:00:00",644736,45255,2325,0,8756,844685.5714285715,801411.5714285715
"2025-06-24 00:00:00",1339444,12919,1801,503,25607,945829.5714285715,757852.5714285715
"2025-06-25 00:00:00",1270531,50396,7731,0,51112,1020460.8571428572,768034.8571428572
"2025-06-26 00:00:00",621514,34783,3891,0,21790,982152.2857142857,776936.1428571428
"2025-06-27 00:00:00",990884,69608,1801,251,13380,1010567.8571428572,771602.1428571428
"2025-06-28 00:00:00",938714,59468,0,251,38049,1005797.1428571428,716705.1428571428
"2025-06-29 00:00:00",861062,51863,1203,461,45179,1030754.5714285715,735757.2857142857
"2025-06-30 00:00:00",691100,51356,0,251,72999,1047131,765525.7142857143
"2025-07-01 00:00:00",776068,15735,1801,0,16297,965649.2857142857,714647.7142857143
"2025-07-02 00:00:00",925477,131260,7160,0,21822,923642.2857142857,750679.7142857143
"2025-07-03 00:00:00",730498,26185,1801,8577,48259,942691.4285714285,749139.4285714285
"2025-07-04 00:00:00",741202,37803,5141,0,13440,902928.8571428572,761548.2857142857
"2025-07-05 00:00:00",722359,15846,1801,0,75492,871359.5714285715,797345
"2025-07-06 00:00:00",908221,97087,4670,0,53322,886149.7142857143,808079.1428571428
"2025-07-07 00:00:00",919029,45816,4444,0,4416,908720.7142857143,769927.1428571428
"2025-07-08 00:00:00",958832,54450,5699,251,1946,938903,861229.8571428572
"2025-07-09 00:00:00",933649,18216,4038,0,33941,925206.4285714285,810985.2857142857
"2025-07-10 00:00:00",761201,94870,12723,0,89741,945665.5714285715,842886.8571428572
"2025-07-11 00:00:00",716946,46031,2631,503,7997,942311.5714285715,765966.8571428572
"2025-07-12 00:00:00",724830,54999,1801,251,78194,948679.8571428572,809740.2857142857
"2025-07-13 00:00:00",863603,16844,3597,251,37605,928480.1428571428,834396
"2025-07-14 00:00:00",916594,21121,3373,0,50530,931039.1428571428,846643.1428571428
"2025-07-15 00:00:00",497805,53009,24806,0,6324,868291.2857142857,838880.2857142857
"2025-07-16 00:00:00",1202757,25849,0,0,10934,903962,856729.1428571428
"2025-07-17 00:00:00",920252,30972,2352,0,16149,905560.4285714285,834921.2857142857
"2025-07-18 00:00:00",635649,19379,0,548,9656,890006.5714285715,903524.2857142857
"2025-07-19 00:00:00",598374,20818,2873,251,41887,862024.7142857143,851590.1428571428
"2025-07-20 00:00:00",666242,0,818,0,62234,834509.2857142857,829764.8571428572
"2025-07-21 00:00:00",1266720,48798,1801,251,14894,883201.8571428572,834706.8571428572
"2025-07-22 00:00:00",610470,0,1187,251,127172,905650,833889.8571428572
"2025-07-23 00:00:00",975961,21628,1801,0,64955,880622.2857142857,861392.4285714285
"2025-07-24 00:00:00",788612,42358,0,3705,10865,862881.7142857143,809745.8571428572
"2025-07-25 00:00:00",597819,414,0,0,8864,854576.5714285715,708747.4285714285
"2025-07-26 00:00:00",1141630,0,1801,0,59355,931516.8571428572,576621.2857142857
"2025-07-27 00:00:00",642333,30126,17018,444,28644,929984.4285714285,593393.4285714285
"2025-07-28 00:00:00",47088,0,0,0,0,746358.8571428572,595883.7142857143
"2025-07-29 00:00:00",0,0,0,0,0,640775.7142857143,571659.4285714285
"2025-07-30 00:00:00",990479,5851,1801,0,42151,637338,605221.1428571428
"2025-07-31 00:00:00",831917,74690,6543,0,34226,651885.8571428572,686241.2857142857
"2025-08-01 00:00:00",1049820,12919,18760,2384,51021,727287.1428571428,752092.2857142857
"2025-08-02 00:00:00",958732,65928,14507,251,48499,710877.5714285715,867850.7142857143
"2025-08-03 00:00:00",868510,0,2870,0,69050,742572.1428571428,802141.8571428572
"2025-08-04 00:00:00",790962,89081,13433,251,83517,875452,843156.8571428572
"2025-08-05 00:00:00",529295,20840,1801,0,10970,955867.4285714285,849773
"2025-08-06 00:00:00",1004624,0,1801,0,70594,961115.5714285715,830930.5714285715
"2025-08-07 00:00:00",572254,69714,3001,0,44505,924272.5714285715,763269.2857142857
"2025-08-08 00:00:00",906971,6459,3380,0,180889,918957.4285714285,794946.5714285715
"2025-08-09 00:00:00",997327,72624,2855,251,17183,919289.2857142857,835036
"2025-08-10 00:00:00",925908,6459,0,0,14246,920172.7142857143,886223.5714285715
"2025-08-11 00:00:00",835112,6459,3460,0,55426,909202.8571428572,845294
"2025-08-12 00:00:00",869528,21690,3908,0,97149,970541.2857142857,868432.8571428572
"2025-08-13 00:00:00",969582,17906,2718,0,30492,962495.4285714285,838723.5714285715
"2025-08-14 00:00:00",664535,6459,2308,4346,50629,968038.7142857143,849529.5714285715
"2025-08-15 00:00:00",904528,149201,0,509,22033,964977.7142857143,861794.4285714285
"2025-08-16 00:00:00",843749,45806,1801,251,13703,938559.1428571428,813845.1428571428
"2025-08-17 00:00:00",1293589,6459,0,0,28027,993053.7142857143,850528.4285714285
"2025-08-18 00:00:00",799961,131371,14325,0,18283,1002123,841809.1428571428
"2025-08-19 00:00:00",1225584,56379,1801,0,61146,1052499.2857142857,834159.2857142857
"2025-08-20 00:00:00",633715,48713,0,503,83797,1016218,821869.1428571428
"2025-08-21 00:00:00",625413,14846,0,0,10435,1005134.5714285715,831002.7142857143
"2025-08-22 00:00:00",1058851,47711,0,0,45516,1015963.8571428572,840320.7142857143
"2025-08-23 00:00:00",793016,12968,5187,251,13187,1004435.1428571428,844266.7142857143
"2025-08-24 00:00:00",779278,16235,11462,251,78105,941186.2857142857,815204.4285714285
"2025-08-25 00:00:00",770730,41242,9490,251,20011,923726.7142857143,817918.7142857143
"2025-08-26 00:00:00",391463,21513,0,0,64526,799811.2857142857,790994.4285714285
"2025-08-27 00:00:00",1182173,55412,0,2448,13378,869337.2857142857,797009.4285714285
"2025-08-28 00:00:00",774762,40898,0,0,75665,903713.1428571428,808754.4285714285
"2025-08-29 00:00:00",856113,6459,0,251,24310,865864.1428571428,836283.4285714285
"2025-08-30 00:00:00",1054242,96747,4404,251,13595,915097,849826.8571428572
"2025-08-31 00:00:00",736487,32714,4620,0,58264,907490.4285714285,840298
"2025-09-01 00:00:00",822172,19379,0,251,40551,913294.5714285715,831074.7142857143
"2025-09-02 00:00:00",620154,93126,4126,0,29251,951745.4285714285,868291.5714285715
"2025-09-03 00:00:00",762468,32364,7433,0,10488,888794.2857142857,893086
"2025-09-04 00:00:00",759179,21518,11729,7171,79765,887085.2857142857,921413.7142857143
"2025-09-05 00:00:00",1089417,65204,0,503,18854,928063,920058.1428571428
"2025-09-06 00:00:00",635510,84434,0,251,19426,866688.8571428572,918615.1428571428
"2025-09-07 00:00:00",713423,156710,2456,0,34230,877365,933285.5714285715
"2025-09-08 00:00:00",1212244,25839,0,0,36799,933440.4285714285,982142.4285714285
"2025-09-09 00:00:00",561126,96559,7886,251,81297,933506.5714285715,931168.2857142857
"2025-09-10 00:00:00",845090,65110,11470,0,14565,951146.8571428572,961775.8571428572
"2025-09-11 00:00:00",1199713,27748,0,0,26751,1004696.8571428572,930722.8571428572
"2025-09-12 00:00:00",911638,27978,6616,503,16876,974644.5714285715,893101.5714285715
"2025-09-13 00:00:00",1095566,22625,1801,7292,21563,1033105.4285714285,919179.7142857143
"2025-09-14 00:00:00",905058,126231,0,0,19455,1053666,806347
"2025-09-15 00:00:00",854114,116785,6426,0,27314,1015060.1428571428,649530.4285714285
"2025-09-16 00:00:00",754931,37999,0,251,82483,1033423.5714285715,720039.7142857143
"2025-09-17 00:00:00",962847,76243,13516,0,18774,1052730,678815.4285714285
"2025-09-18 00:00:00",622678,6459,4273,4836,135745,984127.1428571428,600461.7142857143
"2025-09-19 00:00:00",722460,47358,1801,251,29022,960881.4285714285,528082.4285714285
"2025-09-20 00:00:00",623971,73165,1801,0,17917,899168.1428571428,522352.14285714284
"2025-09-21 00:00:00",981654,46549,4851,251,24716,900207.8571428572,642117.8571428572
"2025-09-22 00:00:00",1048441,35392,0,251,14903,913686,757048
"2025-09-23 00:00:00",630302,110332,823,251,37103,899849.8571428572,731351.4285714285
"2025-09-24 00:00:00",985453,12919,1801,251,65699,899099.1428571428,732441.5714285715
"2025-09-25 00:00:00",881028,27290,0,0,39074,923870.5714285715,825973.2857142857
"2025-09-26 00:00:00",699023,26230,0,1443,18008,915843.5714285715,971241.4285714285
"2025-09-27 00:00:00",825438,57633,6195,251,22445,943716.2857142857,952647.5714285715
"2025-09-28 00:00:00",1004055,80228,0,0,97170,961349.2857142857,958650.2857142857
"2025-09-29 00:00:00",906415,38702,0,251,63921,948535.2857142857,981179
"2025-09-30 00:00:00",836042,53009,0,2916,19181,967440.4285714285,1017467.4285714285
"2025-10-01 00:00:00",1683890,6459,0,251,19248,1059401,1043261
"2025-10-02 00:00:00",800067,61102,9329,0,46951,1055123.4285714286,1052026.5714285714
"2025-10-03 00:00:00",1008587,19499,1813,0,24856,1099416.5714285714,983275.4285714285
"2025-10-04 00:00:00",714554,32139,4713,799,43815,1082853.142857143,947987.8571428572
"2025-10-05 00:00:00",1133847,98946,0,0,41268,1096082.857142857,910757.8571428572
"2025-10-06 00:00:00",996325,52372,12428,0,27987,1107486.142857143,932420.5714285715
"2025-10-07 00:00:00",692301,77479,2939,0,14477,1089778.857142857,842076.7142857143
"2025-10-08 00:00:00",730171,74372,573,251,9138,961872.8571428572,811184.2857142857
"2025-10-09 00:00:00",641659,67401,0,0,68762,941926.1428571428,802023.2857142857
"2025-10-10 00:00:00",645369,0,0,0,44675,889824.2857142857,767695
"2025-10-11 00:00:00",639802,22886,0,0,5884,871617.2857142857,811877.7142857143
"2025-10-12 00:00:00",796070,77919,3603,0,48972,821974.8571428572,835134.8571428572
"2025-10-13 00:00:00",870086,62883,4537,251,51572,807720.1428571428,827557.8571428572
"2025-10-14 00:00:00",802167,60049,0,251,11340,820093.2857142857,846657
"2025-10-15 00:00:00",754288,6459,0,0,56034,820418.1428571428,877997.7142857143
"2025-10-16 00:00:00",764784,69090,927,0,32645,833221.7142857143,814457.8571428572
"2025-10-17 00:00:00",1046909,0,1365,503,50066,891621.8571428572,827014.1428571428
"2025-10-18 00:00:00",598813,0,9048,251,6278,883881.8571428572,805844.2857142857
"2025-10-19 00:00:00",616319,80674,0,0,0,851086,792349.4285714285
"2025-10-20 00:00:00",465218,68648,0,4568,0,786672.2857142857,768825
"2025-10-21 00:00:00",673731,21518,0,0,0,761163.7142857143,791980.5714285715
"2025-10-22 00:00:00",570549,15229,4000,503,0,728806.7142857143,766476.8571428572
"2025-10-23 00:00:00",728039,12919,1744,0,113031,727133.2857142857,800211.5714285715
"2025-10-24 00:00:00",379647,6459,0,0,10947,626877.4285714285,805461.4285714285
"2025-10-25 00:00:00",1260111,117060,0,251,31475,740378.5714285715,810653.4285714285
"2025-10-26 00:00:00",729089,58156,0,251,18140,755899.1428571428,803853.2857142857
"2025-10-27 00:00:00",821433,0,5093,0,24761,800592.4285714285,769317.2857142857
"2025-10-28 00:00:00",682235,29763,0,251,83419,814938.1428571428,764480.7142857143
"2025-10-29 00:00:00",1247505,19770,2770,1188,61656,921024.8571428572,783545
"2025-10-30 00:00:00",536772,51639,1805,0,36173,888261.5714285715,827952.1428571428
"2025-10-31 00:00:00",1090973,25523,0,0,32743,995716.7142857143,754683.4285714285
"2025-11-01 00:00:00",970993,95139,3603,0,56619,955353.2857142857,635821.7142857143
"2025-11-02 00:00:00",691276,21518,4485,2361,25291,946681.1428571428,601409.7142857143
"2025-11-03 00:00:00",1128968,46042,0,251,10100,994406.1428571428,623125.5714285715
"2025-11-04 00:00:00",518472,40510,4502,1513,59135,969901,685562.8571428572
"2025-11-05 00:00:00",1181209,20840,1801,0,34816,956440.5714285715,638990.2857142857
"2025-11-06 00:00:00",828317,6459,2074,4739,51171,994493.7142857143,654773.1428571428
"2025-11-07 00:00:00",482673,53009,1801,503,54356,914937,736870.7142857143
"2025-11-08 00:00:00",866356,12919,7420,0,39239,886305.5714285715,833770.8571428572
"2025-11-09 00:00:00",823203,46549,4219,251,2081,905073,952523.4285714285
"2025-11-10 00:00:00",552388,102964,9185,0,96016,844386.1428571428,943229.1428571428
"2025-11-11 00:00:00",754980,14494,1801,4089,7922,867122.4285714285,884977
"2025-11-12 00:00:00",895934,45403,11760,0,39714,832000.4285714285,912904.7142857143
"2025-11-13 00:00:00",681613,6459,0,251,28133,806814,896083.4285714285
"2025-11-14 00:00:00",840805,47197,1545,251,80488,860806.1428571428,894862.7142857143
"2025-11-15 00:00:00",763347,81967,0,0,55175,857171,886829.4285714285
"2025-11-16 00:00:00",706712,84597,3603,251,53175,853176.1428571428,815303.1428571428
"2025-11-17 00:00:00",709334,0,0,0,0,845858.8571428572,835235.8571428572
"2025-11-18 00:00:00",668924,8102,0,251,2473,831067.8571428572,821240.2857142857
"2025-11-19 00:00:00",684851,11928,0,251,56567,796894.4285714285,825504.8571428572
"2025-11-20 00:00:00",1351019,41854,1664,668,49108,900873.8571428572,802722.1428571428
"2025-11-21 00:00:00",1033888,16844,1911,251,62864,921655.5714285715,797142.4285714285
"2025-11-22 00:00:00",633532,92393,15831,5064,25987,903415.2857142857,855287.2857142857
"2025-11-23 00:00:00",758778,6459,16341,503,7653,895043.2857142857,877801.4285714285
"2025-11-24 00:00:00",576912,41807,0,251,121388,899475.7142857143,804718.4285714285
"2025-11-25 00:00:00",1060175,46549,6623,1097,44934,967994,782853.7142857143
"2025-11-26 00:00:00",1194558,55711,6945,0,86036,1052230.142857143,750568.1428571428
"2025-11-27 00:00:00",771666,20840,0,0,2229,959433.2857142857,779847.4285714285
"2025-11-28 00:00:00",832647,16844,1801,503,61161,930461.5714285715,804512.4285714285
"2025-11-29 00:00:00",1035867,53009,0,0,71627,985846.7142857143,779889.4285714285
"2025-11-30 00:00:00",749234,0,1801,0,52224,987778.5714285715,809175.1428571428
"2025-12-01 00:00:00",968644,0,1813,503,19433,1023497.7142857143,861113.5714285715
"2025-12-02 00:00:00",826742,95825,0,0,31144,994116.8571428572,893292.5714285715
"2025-12-03 00:00:00",748348,35950,1801,0,47823,921355.5714285715,886234
"2025-12-04 00:00:00",429100,40653,0,0,14770,877039.5714285715,857314.7142857143
"2025-12-05 00:00:00",929982,62495,364,0,25672,892119.2857142857,804362.8571428572
"2025-12-06 00:00:00",958560,42441,3603,251,87450,882377,787020
"2025-12-07 00:00:00",769121,21870,2602,0,18987,883708.7142857143,729952.5714285715
"2025-12-08 00:00:00",721757,46549,0,503,88132,864644.1428571428,746119.7142857143
"2025-12-09 00:00:00",714407,53009,10068,0,25184,843066.5714285715,728187.5714285715
"2025-12-10 00:00:00",1097858,0,6785,251,41277,887673.5714285715,719474.7142857143
"2025-12-11 00:00:00",969463,67125,3451,4405,9023,968951.4285714285,706601.4285714285
"2025-12-12 00:00:00",1103963,16844,5618,0,53350,991988.5714285715,717905.1428571428
"2025-12-13 00:00:00",511419,37166,1801,0,12810,916401.4285714285,717273.5714285715
"2025-12-14 00:00:00",710580,49170,0,2700,39804,914926.1428571428,709023.8571428572
"2025-12-15 00:00:00",1121088,42636,0,0,46969,965462,652363.8571428572
"2025-12-16 00:00:00",831570,174320,1801,834,43352,1001063.2857142857,673263.8571428572
"2025-12-17 00:00:00",874231,7462,9343,0,46707,971287.8571428572,714496.2857142857
"2025-12-18 00:00:00",1210347,0,1801,0,77933,1005089.7142857143,712103.1428571428
"2025-12-19 00:00:00",685710,70368,7756,0,10381,947152.5714285715,761651
"2025-12-20 00:00:00",551974,14236,0,0,121901,964997.5714285715,719640.5714285715
"2025-12-21 00:00:00",898486,90124,1582,251,11926,993585.5714285715,715570.8571428572
"2025-12-22 00:00:00",1058486,34149,1801,0,95527,990624.1428571428,797346
"2025-12-23 00:00:00",594687,38754,7707,251,32196,936584,793609.1428571428
"2025-12-24 00:00:00",906694,69229,3603,4053,17967,945698.8571428572,730912.1428571428
"2025-12-25 00:00:00",841739,21346,0,0,54822,892531.1428571428,719632.1428571428
"2025-12-26 00:00:00",1090482,46629,6706,3359,148216,966985.2857142857,689180.7142857143
"2025-12-27 00:00:00",929005,72793,11836,251,70084,1023536.5714285715,712781
"2025-12-28 00:00:00",781361,48905,2816,0,47191,1006094.1428571428,736953.1428571428
"2025-12-29 00:00:00",614360,41786,5603,6297,150741,953069,700495.8571428572
"2025-12-30 00:00:00",733600,53009,14491,2136,19239,974337.4285714285,676671
"2025-12-31 00:00:00",702041,12798,0,0,40452,939157.8571428572,675545.4285714285
"2026-01-01 00:00:00",869712,24513,0,0,40306,941532.7142857143,742061.4285714285
"2026-01-02 00:00:00",937366,46629,0,0,24423,900536.1428571428,764738.5714285715
"2026-01-03 00:00:00",1006589,105326,0,0,9625,905903.1428571428,781476.8571428572
"2026-01-04 00:00:00",814453,53463,4214,503,9062,906106.5714285715,815775.1428571428
"2026-01-05 00:00:00",688711,16844,3074,0,21457,893435,865469.4285714285
"2026-01-06 00:00:00",723199,24413,0,0,69806,892712.4285714285,901628.2857142857
"2026-01-07 00:00:00",1216596,77722,792,0,74974,980540.1428571428,954559.2857142857
"2026-01-08 00:00:00",1027115,61009,1801,0,72466,1013091.7142857143,932449
"2026-01-09 00:00:00",760430,0,19897,0,7525,981582.2857142857,898465.2857142857
"2026-01-10 00:00:00",1008460,60384,1801,251,1663,974585.1428571428,933529.5714285715
"2026-01-11 00:00:00",856458,0,0,0,57454,979187.2857142857,938786.4285714285
"2026-01-12 00:00:00",1231311,53009,1801,251,83425,1070574.857142857,930199.2857142857
"2026-01-13 00:00:00",684644,42636,1801,503,7512,1059100.5714285714,935086.8571428572
"2026-01-14 00:00:00",1104784,33679,466,0,106969,1041359.7142857143,916225.4285714285
"2026-01-15 00:00:00",1011946,123384,5212,0,45539,1044743.7142857143,923080.2857142857
"2026-01-16 00:00:00",1206337,19455,0,0,10799,1108849.2857142857,933276.5714285715
"2026-01-17 00:00:00",1109193,32300,0,0,45768,1125235.142857143,901203.5714285715
"2026-01-18 00:00:00",1126122,0,2158,0,47450,1162637.857142857,845029.5714285715
"2026-01-19 00:00:00",752266,58658,0,0,22368,1085994,845768.1428571428
"2026-01-20 00:00:00",937585,102968,1801,251,5432,1130414.142857143,809100.8571428572
"2026-01-21 00:00:00",1019285,29689,2074,251,23465,1105966.7142857143,839933.2857142857
"2026-01-22 00:00:00",719980,22950,1801,503,65316,1052320,839059.1428571428
"2026-01-23 00:00:00",761233,126119,1801,2109,54872,1010826.4285714285,910283.8571428572
"2026-01-24 00:00:00",1245549,0,0,3024,89442,1032362.5714285715,929454
"2026-01-25 00:00:00",1136341,68067,0,503,17694,1039059,955735.4285714285
"2026-01-26 00:00:00",1130610,21273,1488,0,4372,1085409.2857142857,882154.4285714285
"2026-01-27 00:00:00",991752,68380,0,251,123598,1104829.7142857143,932777.2857142857
"2026-01-28 00:00:00",1128109,12603,1801,0,21032,1117512.4285714286,901127.7142857143
"2026-01-29 00:00:00",1013537,117691,6746,251,211864,1194589.2857142857,843342.8571428572
"2026-01-30 00:00:00",793063,0,5317,0,87097,1185923.7142857143,753565.7142857143
"2026-01-31 00:00:00",625633,40181,3603,0,19264,1093161.857142857,768437.1428571428
"2026-02-01 00:00:00",1278507,5262,4377,0,4480,1103165,857218.7142857143
"2026-02-02 00:00:00",802103,69031,0,251,8977,1063539.2857142857,908444.8571428572
"2026-02-03 00:00:00",957775,19367,1813,251,35475,1039353.5714285715,889267.2857142857
"2026-02-04 00:00:00",1220483,96005,1801,5561,91212,1075285,904340
"2026-02-05 00:00:00",843744,149959,0,0,43407,1030573.4285714285,965571.7142857143
"2026-02-06 00:00:00",1119032,16844,0,0,39074,1071926.5714285714,951583.7142857143
"2026-02-07 00:00:00",798973,105238,0,0,1543,1102936.857142857,869422.1428571428
"2026-02-08 00:00:00",971630,89791,6379,251,52060,1078291.7142857143,732286.8571428572
"2026-02-09 00:00:00",846853,0,0,251,50524,1080758.142857143,650436.5714285715
"2026-02-10 00:00:00",915855,6459,5430,0,63780,1077450,625324.5714285715
"2026-02-11 00:00:00",1062890,66356,1801,0,75343,1047639.2857142857,555791.7142857143
"2026-02-12 00:00:00",1075681,71206,3563,1637,83865,1076045.5714285714,496229.14285714284
"2026-02-13 00:00:00",1160211,80597,1801,0,36937,1090988,545884.5714285715
"2026-02-14 00:00:00",677376,47503,0,503,138632,1085025.5714285714,612307.7142857143
"2026-02-15 00:00:00",614223,46629,5520,0,36053,1025355.8571428572,620873.5714285715
"2026-02-16 00:00:00",861140,44822,926,0,6839,1027655.5714285715,630595.5714285715
"2026-02-17 00:00:00",496675,45731,7618,0,89394,977354.5714285715,633022.1428571428
"2026-02-18 00:00:00",1060200,32794,0,0,25498,964797.7142857143,724010.8571428572
"2026-02-19 00:00:00",836796,52758,0,503,54325,923144.7142857143,763811.8571428572
"2026-02-20 00:00:00",1019316,7033,2538,0,33414,892109.8571428572,731225
"2026-02-21 00:00:00",912908,51616,7900,0,103307,922354.8571428572,716249.8571428572
"2026-02-22 00:00:00",605071,83176,0,0,15160,922495.2857142857,760363.4285714285
"2026-02-23 00:00:00",1011132,21273,0,4089,6982,941030.8571428572,841694.8571428572
"2026-02-24 00:00:00",300343,0,9373,0,27868,897911.7142857143,880410.7142857143
"2026-02-25 00:00:00",866213,90840,1801,0,49423,882166.7142857143,857328
"2026-02-26 00:00:00",621701,6459,4821,0,71037,847829,873760.8571428572
"2026-02-27 00:00:00",369789,0,1801,251,64113,758350.8571428572,881908.5714285715
"2026-02-28 00:00:00",449259,78298,10345,0,77875,692643.1428571428,780832
"2026-03-01 00:00:00",470218,43291,0,251,2883,665962.7142857143,772433.5714285715
"2026-03-02 00:00:00",313398,40531,0,0,0,567455.8571428572,715863.4285714285
"2026-03-03 00:00:00",800559,81211,0,251,109769,660914.1428571428,690374.5714285715
"2026-03-04 00:00:00",770757,13678,4437,0,47813,636401,635823
"2026-03-05 00:00:00",479233,90820,1801,0,10142,618969.1428571428,614706.5714285715
"2026-03-06 00:00:00",768988,132953,0,0,10032,686971.8571428572,571770.5714285715
"2026-03-07 00:00:00",696605,19187,0,251,51897,708709.4285714285,695740.1428571428
"2026-03-08 00:00:00",489002,0,5757,0,17503,708083.2857142857,641891.1428571428
"2026-03-09 00:00:00",480665,39634,0,5205,57234,740770.4285714285,657242.5714285715
"2026-03-10 00:00:00",676389,107163,4631,0,6565,712621.1428571428,603025.4285714285
"2026-03-11 00:00:00",658313,41819,0,251,80896,704706.2857142857,551438.1428571428
"2026-03-12 00:00:00",814080,64923,4510,0,62186,756664,538877.7142857143
"2026-03-13 00:00:00",993997,6459,1801,251,86169,781907.5714285715,607866.7142857143
"2026-03-14 00:00:00",673367,61778,1801,251,8853,778780.8571428572,622783.5714285715
"2026-03-15 00:00:00",587978,19417,772,0,37136,797786.8571428572,676070
"2026-03-16 00:00:00",403991,29673,6067,0,12213,779102.1428571428,704812.7142857143
"2026-03-17 00:00:00",504769,59837,0,251,29060,750412.2857142857,780101.2857142857
"2026-03-18 00:00:00",922630,6459,6897,0,51254,779835,895863.7142857143
"2026-03-19 00:00:00",943948,53482,0,7171,21690,791348,955886
"2026-03-20 00:00:00",966170,6459,0,0,3014,775200,946595.4285714285
"2026-03-21 00:00:00",549575,60236,1813,0,13044,757859.2857142857,942488
"2026-03-22 00:00:00",1080661,0,0,0,35974,825192.2857142857,949150.5714285715
"2026-03-23 00:00:00",718707,43993,8499,0,58880,879211.5714285715,947015.1428571428
"2026-03-24 00:00:00",855651,37337,9966,0,14498,925430.7142857143,937917
"2026-03-25 00:00:00",1055428,68148,0,0,22171,948074.5714285715,847126
"2026-03-26 00:00:00",851469,7305,1801,0,43524,930618.8571428572,854285.1428571428
"2026-03-27 00:00:00",1255752,12919,1801,251,21162,975796.5714285715,899723.7142857143
"2026-03-28 00:00:00",934415,0,4529,0,13100,1022564.5714285715,884192.7142857143
"2026-03-29 00:00:00",408781,0,0,0,21579,924525.4285714285,846103
"2026-03-30 00:00:00",808285,82867,2075,251,59212,942041.2857142857,858170.7142857143
"2026-03-31 00:00:00",960740,20840,6476,0,5371,952894.8571428572,854898.1428571428
"2026-04-01 00:00:00",989370,16844,0,3031,53880,941091.5714285715,950103.5714285715
"2026-04-02 00:00:00",654582,122875,15607,251,67602,934922.4285714285,907774.7142857143
"2026-04-03 00:00:00",710768,88700,1801,0,9741,866226,850685.1428571428
"2026-04-04 00:00:00",881148,49160,11281,251,79247,876089.4285714285,889965.7142857143
"2026-04-05 00:00:00",821432,39700,830,0,39230,943351.1428571428,977181.7142857143
"2026-04-06 00:00:00",645525,6369,0,0,53153,907973.5714285715,989481.7142857143
"2026-04-07 00:00:00",776168,37664,0,0,53380,889942.8571428572,978161.5714285715
"2026-04-08 00:00:00",829938,65603,11246,0,11657,869274.2857142857,924703.4285714285
"2026-04-09 00:00:00",1047609,47082,1801,251,17606,905479.1428571428,799446.8571428572
"2026-04-10 00:00:00",959425,66430,0,0,49554,943250.1428571428,870703
"2026-04-11 00:00:00",978297,6459,2768,503,4502,939170.5714285715,741894.4285714285
"2026-04-12 00:00:00",688924,0,1801,0,60028,917679.4285714285,648159.2857142857
"2026-04-13 00:00:00",583042,40458,0,251,20195,908950.7142857143,666620.2857142857
"2026-04-14 00:00:00",761244,110954,3603,251,11630,911875.1428571428,701890.8571428572
"2026-04-15 00:00:00",1086529,79161,13584,0,54770,956960.8571428572,739360.1428571428
"2026-04-16 00:00:00",831522,48279,1746,0,39186,929301.2857142857,906022.1428571428
"2026-04-17 00:00:00",1185350,82098,0,251,47411,963544.5714285715,847227.4285714285
"2026-04-18 00:00:00",592545,29574,136,0,22345,913840.2857142857,829054.1428571428
"2026-04-19 00:00:00",668354,59925,0,251,10240,912128.4285714285,831245.5714285715
"2026-04-20 00:00:00",791118,34438,0,0,61971,946925.5714285715,843755.2857142857
"2026-04-21 00:00:00",875301,6459,3603,0,26967,950446.7142857143,814724
"2026-04-22 00:00:00",558432,52745,18631,0,59795,872669.5714285715,820392.7142857143
"2026-04-23 00:00:00",778075,148472,1801,0,11283,875369.2857142857,810398.4285714285
"2026-04-24 00:00:00",792146,48279,4453,251,76242,819120.7142857143,828499.7142857143
"2026-04-25 00:00:00",1003239,6459,1417,0,34188,876364,909261.1428571428
"2026-04-26 00:00:00",756228,81081,3454,251,27795,894941.1428571428,983501
"2026-04-27 00:00:00",1428947,14380,1236,1820,10348,976256,934511.1428571428
"2026-04-28 00:00:00",581877,50878,0,4747,45659,943517.5714285715,957916.8571428572
"2026-04-29 00:00:00",954554,0,3603,251,28585,986001.8571428572,973830.5714285715
"2026-04-30 00:00:00",785094,6459,6534,0,27774,969749,951497.1428571428
"2026-05-01 00:00:00",869690,46549,11213,0,35147,975638.5714285715,952236.7142857143
"2026-05-02 00:00:00",606061,54739,7792,0,44860,928231.1428571428,983302.5714285715
"2026-05-03 00:00:00",968340,67469,11927,0,47718,960608.8571428572,1004523.2857142857
"2026-05-04 00:00:00",855301,30550,0,3322,55145,887407,972250.7142857143
"2026-05-05 00:00:00",658988,0,0,0,837,884073.1428571428,943039.1428571428
"2026-05-06 00:00:00",1036114,53009,2325,0,315535,944071.5714285715,928379.8571428572
"2026-05-07 00:00:00",710101,0,1392,0,28855,931855.2857142857,913577
"2026-05-08 00:00:00",874816,62659,11057,0,20880,932828.7142857143,856804.1428571428
"2026-05-09 00:00:00",566504,0,1801,251,59221,920589.5714285715,885862.2857142857
"2026-05-10 00:00:00",981758,46629,1801,0,24080,914705.8571428572,795588.5714285715
"2026-05-11 00:00:00",822039,6459,1801,0,6554,899354,831526.4285714285
"2026-05-12 00:00:00",317360,33477,10062,251,5851,857522.1428571428,916319.7142857143
"2026-05-13 00:00:00",1241614,63030,0,251,30637,847315,962514.4285714285
"2026-05-14 00:00:00",653409,73915,7953,0,42905,852719.8571428572,940950.1428571428
"2026-05-15 00:00:00",1505486,5468,9715,0,23978,934896.2857142857,933793.7142857143
"2026-05-16 00:00:00",711747,88737,4240,0,11782,961857.5714285715,898420.1428571428
"2026-05-17 00:00:00",801098,150110,0,0,11871,948830.4285714285,1011437.8571428572
"2026-05-18 00:00:00",696704,68262,4987,0,44746,945665.2857142857,1047826.2857142857
"2026-05-19 00:00:00",885604,95880,1096,0,14027,1035608.7142857143,952281.8571428572
"2026-05-20 00:00:00",872404,46549,8758,251,32946,982091.1428571428,891540.4285714285
"2026-05-21 00:00:00",806964,39987,2211,0,43376,998427.8571428572,965085.1428571428
"2026-05-22 00:00:00",815997,0,9008,0,53278,903232.8571428572,1010493.1428571428
"2026-05-23 00:00:00",561943,41819,0,0,11885,874538.4285714285,944233.5714285715
"2026-05-24 00:00:00",0,0,0,0,0,736955.5714285715,904115
"2026-05-25 00:00:00",776895,0,0,0,19309,734313.4285714285,843381
"2026-05-26 00:00:00",847813,14380,0,251,19924,717993.7142857143,857217
"2026-05-27 00:00:00",572696,51289,16875,0,23657,675652.1428571428,909071.4285714285
"2026-05-28 00:00:00",701533,75561,12777,251,24344,664499.1428571428,843932.1428571428
"2026-05-29 00:00:00",1042428,0,0,251,110268,703737,838903.5714285715
"2026-05-30 00:00:00",1133483,0,5122,251,16388,780822.5714285715,908450
"2026-05-31 00:00:00",901923,75498,3603,0,48180,927852,840548.8571428572
"2026-06-01 00:00:00",738158,19292,0,0,3358,922795.4285714285,788597
"2026-06-02 00:00:00",1045257,0,1385,251,14049,948306,774511.8571428572
"2026-06-03 00:00:00",670062,60929,2158,251,35725,963250,726473.5714285715
"2026-06-04 00:00:00",1084728,790,1801,0,17304,1004700.8571428572,729247.4285714285
"2026-06-05 00:00:00",938701,0,1813,251,5228,975136,744998.8571428572
"2026-06-06 00:00:00",929923,53670,10469,755,54756,960040.2857142857,739196.8571428572
"2026-06-07 00:00:00",942197,14380,4912,0,18457,953003.1428571428,806458.4285714285
"2026-06-08 00:00:00",863677,64067,6513,251,17893,980373.7142857143,818508.5714285715
"2026-06-09 00:00:00",1348795,34355,0,251,15690,1028680.8571428572,875414.5714285715
"2026-06-10 00:00:00",1129887,41819,1446,251,10378,1087917.4285714286,880884.2857142857
"2026-06-11 00:00:00",854369,520,0,0,42871,1058365.5714285714,918275.8571428572
"2026-06-12 00:00:00",862682,0,12848,1310,38524,1053989.857142857,893357.2857142857
"2026-06-13 00:00:00",1299287,8096,1676,975,17613,1093714.5714285714,949273
"2026-06-14 00:00:00",681636,37754,0,0,13699,1058449.4285714286,940694.5714285715
"2026-06-15 00:00:00",943256,47210,0,713,9622,1065363.5714285714,1013487.1428571428
"2026-06-16 00:00:00",664338,46549,0,6070,6313,968817.7142857143,982939.1428571428
"2026-06-17 00:00:00",985642,14380,3066,5368,21047,946777.8571428572,961108.7142857143
"2026-06-18 00:00:00",739172,21518,7420,0,18510,930900.7142857143,931428
"2026-06-19 00:00:00",898217,6459,4712,0,15157,932212.2857142857,958435.1428571428
"2026-06-20 00:00:00",1045803,58343,3575,0,69125,910669.2857142857,905279.1428571428
"2026-06-21 00:00:00",638043,14380,998,874,4517,900058.5714285715,905560.8571428572
"2026-06-22 00:00:00",801665,53670,6271,4841,27742,884828.4285714285,875552.8571428572
"2026-06-23 00:00:00",488426,40458,0,525,45012,863564.2857142857,844685.5714285715
"2026-06-24 00:00:00",661736,106009,498,0,8770,827494.1428571428,945829.5714285715
"2026-06-25 00:00:00",806166,152433,0,0,46023,858637.1428571428,1020460.8571428572
"2026-06-26 00:00:00",829472,76265,6379,1303,32873,861744.1428571428,982152.2857142857
"2026-06-27 00:00:00",835789,16844,1801,0,73148,826134.8571428572,1010567.8571428572
"2026-06-28 00:00:00",886368,7613,3291,0,10811,861744.8571428572,1005797.1428571428
"2026-06-29 00:00:00",679659,98422,10010,251,58650,855002.7142857143,1030754.5714285715
"2026-06-30 00:00:00",659689,62210,4712,251,36395,881979.1428571428,1047131
"2026-07-01 00:00:00",830586,6459,325,0,5851,891437.4285714285,965649.2857142857
"2026-07-02 00:00:00",408388,54739,7160,1030,39009,820824,923642.2857142857
"2026-07-03 00:00:00",877992,64202,3603,503,21629,823914.8571428572,942691.4285714285