"DateTime","Container","Dry Bulk","General Cargo","Roll-on/roll-off","Tanker","30-day Moving Average","Prior Year: 30-day Moving Average"
"2019-01-01 00:00:00",194229,211628,0,0,187237,,
"2019-01-02 00:00:00",456424,126111,4038,1972,341751,,
"2019-01-03 00:00:00",181730,257995,4266,0,125307,,
"2019-01-04 00:00:00",146230,0,1509,0,183373,,
"2019-01-05 00:00:00",307800,121317,3385,2938,84605,,
"2019-01-06 00:00:00",115987,160492,9111,56,74284,,
"2019-01-07 00:00:00",423284,130977,19707,0,95548,,
"2019-01-08 00:00:00",156042,84391,6054,98,164348,,
"2019-01-09 00:00:00",286290,106149,3320,56,157662,,
"2019-01-10 00:00:00",78407,228866,5054,154,100348,,
"2019-01-11 00:00:00",131674,53550,2612,0,185535,,
"2019-01-12 00:00:00",446769,130740,2203,151,102316,,
"2019-01-13 00:00:00",364981,33298,7672,0,66745,,
"2019-01-14 00:00:00",374355,266888,3680,0,228472,,
"2019-01-15 00:00:00",178768,109495,2497,0,121973,,
"2019-01-16 00:00:00",366937,251645,10184,3027,72160,,
"2019-01-17 00:00:00",417059,226441,2188,205,33566,,
"2019-01-18 00:00:00",419078,197971,1875,0,191696,,
"2019-01-19 00:00:00",189919,695,2859,0,116960,,
"2019-01-20 00:00:00",518381,192225,2450,0,89754,,
"2019-01-21 00:00:00",173827,93596,0,289,271591,,
"2019-01-22 00:00:00",204574,81259,1631,177,209630,,
"2019-01-23 00:00:00",236408,162065,12600,151,67864,,
"2019-01-24 00:00:00",326117,286765,1875,56,116755,,
"2019-01-25 00:00:00",321802,110852,2444,0,130620,,
"2019-01-26 00:00:00",217008,0,3879,0,163937,,
"2019-01-27 00:00:00",140899,104573,1744,0,148596,,
"2019-01-28 00:00:00",465380,121407,2827,154,123356,,
"2019-01-29 00:00:00",85254,107922,4654,151,23152,,
"2019-01-30 00:00:00",109955,118470,4382,98,49863,542761.8,
"2019-01-31 00:00:00",317587,129439,4691,693,49312,539716.1,
"2019-02-01 00:00:00",278279,350900,2078,0,122712,533838.4333333333,
"2019-02-02 00:00:00",430478,54817,4433,0,207479,538102.0666666667,
"2019-02-03 00:00:00",149360,39116,926,151,78492,535999.8333333334,
"2019-02-04 00:00:00",94821,187818,5771,297,91378,531334.4666666667,
"2019-02-05 00:00:00",124144,108971,988,0,50627,528827.8,
"2019-02-06 00:00:00",418086,213666,0,154,149440,532555.4666666667,
"2019-02-07 00:00:00",163820,124892,1509,637,304626,538707.1666666666,
"2019-02-08 00:00:00",178387,179333,1340,294,188302,538513.1,
"2019-02-09 00:00:00",111135,51959,5951,98,104982,533889.6666666666,
"2019-02-10 00:00:00",451045,278852,1509,56,99646,549147.6333333333,
"2019-02-11 00:00:00",70491,239314,2275,98,165859,542342.9,
"2019-02-12 00:00:00",41285,53576,2832,0,84130,532647.1333333333,
"2019-02-13 00:00:00",49656,224521,14944,30,143111,517942.6,
"2019-02-14 00:00:00",289604,75557,9905,56,86286,519565.13333333336,
"2019-02-15 00:00:00",487463,220525,955,2561,141611,524537.2666666667,
"2019-02-16 00:00:00",120497,67405,5114,0,127391,512568.86666666664,
"2019-02-17 00:00:00",263342,57871,32720,828,142780,502132.86666666664,
"2019-02-18 00:00:00",338396,223475,6247,0,219277,518031.6,
"2019-02-19 00:00:00",252669,93067,3596,151,151987,507986.73333333334,
"2019-02-20 00:00:00",359745,174957,8488,98,36489,509335.86666666664,
"2019-02-21 00:00:00",346126,199779,5947,191,486549,527380,
"2019-02-22 00:00:00",551217,214678,15511,0,116721,541347.9,
"2019-02-23 00:00:00",371552,350966,8661,0,188917,547632.1666666666,
"2019-02-24 00:00:00",271662,225225,2715,154,306432,555647.9,
"2019-02-25 00:00:00",230262,50984,3221,0,54713,554126.4333333333,
"2019-02-26 00:00:00",437286,90399,3885,98,193056,565090.2666666667,
"2019-02-27 00:00:00",412644,44190,7395,249,238804,564762.3666666667,
"2019-02-28 00:00:00",275782,186848,0,788,141363,577550.6,
"2019-03-01 00:00:00",216434,35250,1810,56,156133,581781.1666666666,
"2019-03-02 00:00:00",30537,40130,2270,56,174065,573292.3666666667,
"2019-03-03 00:00:00",506340,4467,6069,0,145344,570234.1666666666,
"2019-03-04 00:00:00",420350,76512,2630,0,103193,567083.4,
"2019-03-05 00:00:00",254311,239221,4366,0,420357,588757.1666666666,
"2019-03-06 00:00:00",174982,168950,7042,1679,99881,591172.2,
"2019-03-07 00:00:00",38770,111175,1460,1289,398121,600041.7666666667,
"2019-03-08 00:00:00",363680,108513,1133,0,107296,593350.9,
"2019-03-09 00:00:00",157506,133976,7381,0,150240,588471.5333333333,
"2019-03-10 00:00:00",185421,2107,0,98,227157,584042.3666666667,
"2019-03-11 00:00:00",348179,162146,4069,207,155634,597245.8666666667,
"2019-03-12 00:00:00",249179,26143,130,0,189982,585056.6333333333,
"2019-03-13 00:00:00",349019,129385,14511,0,193103,591989.2666666667,
"2019-03-14 00:00:00",235665,223833,957,151,218947,608580.3,
"2019-03-15 00:00:00",403858,134562,2174,359,146042,617071.4,
"2019-03-16 00:00:00",301619,215549,2700,120,172936,624788.6333333333,
"2019-03-17 00:00:00",156366,110562,0,0,41235,606623.4666666667,
"2019-03-18 00:00:00",138553,124370,1941,56,91500,607823.9666666667,
"2019-03-19 00:00:00",177672,61101,3155,98,90170,602312.5,
"2019-03-20 00:00:00",272396,189900,1928,0,274585,600693,
"2019-03-21 00:00:00",96198,0,105,154,129536,591510.5,
"2019-03-22 00:00:00",56329,131236,1082,0,49684,580128.9666666667,
"2019-03-23 00:00:00",351784,38023,3180,0,183432,564723.1333333333,
"2019-03-24 00:00:00",194336,124540,6879,151,150736,550673.7,
"2019-03-25 00:00:00",294277,172770,23143,0,134986,540842.9666666667,
"2019-03-26 00:00:00",228422,190521,35501,249,689712,552116.8666666667,
"2019-03-27 00:00:00",189097,92827,12356,637,343609,562095.1666666666,
"2019-03-28 00:00:00",329678,131192,4393,637,221906,560864.5,
"2019-03-29 00:00:00",310780,242289,3028,56,79216,558600.6,
"2019-03-30 00:00:00",410602,183444,2117,0,91284,561356.1333333333,
"2019-03-31 00:00:00",360208,63955,1266,0,260476,570563.5333333333,
"2019-04-01 00:00:00",148935,216013,6705,0,87255,577625.1333333333,
"2019-04-02 00:00:00",139554,7899,2502,0,116584,564435.7333333333,
"2019-04-03 00:00:00",267646,142090,2977,98,216165,565312.2,
"2019-04-04 00:00:00",165444,105540,18972,56,193130,550808.5,
"2019-04-05 00:00:00",262855,50265,124,3061,102344,549678.9,
"2019-04-06 00:00:00",115339,153256,2572,0,103395,543803.7,
"2019-04-07 00:00:00",104316,109969,3534,0,318883,542339.8,
"2019-04-08 00:00:00",390695,118693,6256,199,218583,551850.5666666667,
"2019-04-09 00:00:00",311902,127047,250,0,174144,558469.3,
"2019-04-10 00:00:00",183415,110439,3781,0,213957,553181.3333333334,
"2019-04-11 00:00:00",211584,218883,2360,5559,169997,557946.3666666667,
"2019-04-12 00:00:00",411481,118634,4449,30,219949,560230.6333333333,
"2019-04-13 00:00:00",206413,157523,754,637,154862,554918.5333333333,
"2019-04-14 00:00:00",526283,70393,5940,154,113772,555903.4,
"2019-04-15 00:00:00",178927,98063,4466,177,102619,545614.3,
"2019-04-16 00:00:00",177189,140514,7927,56,148283,551141.3,
"2019-04-17 00:00:00",221728,108569,10211,0,347873,562206.7333333333,
"2019-04-18 00:00:00",142398,185038,5702,0,171054,567939.9333333333,
"2019-04-19 00:00:00",274156,199777,870,3384,216289,566462.2333333333,
"2019-04-20 00:00:00",264465,181014,1457,0,378029,586427.9333333333,
"2019-04-21 00:00:00",523604,170528,4940,0,112543,605537.4,
"2019-04-22 00:00:00",163332,80134,6082,264,188026,600918.0666666667,
"2019-04-23 00:00:00",343250,141420,0,151,193307,607634.2,
"2019-04-24 00:00:00",332643,212291,1361,196,175004,610844.9,
"2019-04-25 00:00:00",178378,47832,1542,0,278457,589571.6,
"2019-04-26 00:00:00",280501,68819,10820,0,314900,590788.8666666667,
"2019-04-27 00:00:00",541112,232474,2832,0,206719,600633.2666666667,
"2019-04-28 00:00:00",296213,153886,1004,0,278402,603771.0666666667,
"2019-04-29 00:00:00",207701,391695,3084,264,339397,612260.9333333333,
"2019-04-30 00:00:00",398986,110964,4321,0,258731,615164.2,
"2019-05-01 00:00:00",212276,90081,7250,4293,168373,615943.1,
"2019-05-02 00:00:00",326237,476219,5212,0,85545,636832.3333333334,
"2019-05-03 00:00:00",204650,52711,3305,196,174162,630367.2333333333,
"2019-05-04 00:00:00",354441,108758,754,791,186723,635977.9666666667,
"2019-05-05 00:00:00",220314,170722,2896,98,102800,638584,
"2019-05-06 00:00:00",230550,184320,11902,196,89949,643329.2333333333,
"2019-05-07 00:00:00",431914,289305,6639,2761,305536,659977.6666666666,
"2019-05-08 00:00:00",203402,494,2494,56,112583,646131.1,
"2019-05-09 00:00:00",138743,407287,13337,0,258072,652934.3,
"2019-05-10 00:00:00",298824,86762,197,0,207550,655658.9333333333,
"2019-05-11 00:00:00",357132,105135,2264,289,482962,666972.2666666667,
"2019-05-12 00:00:00",239151,69534,5392,0,380139,664961.2666666667,
"2019-05-13 00:00:00",123841,67187,3985,196,168763,659754,
"2019-05-14 00:00:00",99356,140755,1509,151,43140,645366.3666666667,
"2019-05-15 00:00:00",90761,81773,3759,98,244769,646596.6333333333,
"2019-05-16 00:00:00",197357,115645,5480,56,249346,649727.1,
"2019-05-17 00:00:00",218525,144421,0,252,355774,650746.7,
"2019-05-18 00:00:00",255872,153591,6837,56,114709,651642.4666666667,
"2019-05-19 00:00:00",372869,91920,4933,387,82484,646912.9666666667,
"2019-05-20 00:00:00",35376,87670,1875,56,144568,628399,
"2019-05-21 00:00:00",428911,193021,1999,154,399097,635451.2666666667,
"2019-05-22 00:00:00",286006,105691,2510,398,147182,638916.3666666667,
"2019-05-23 00:00:00",396321,255715,2630,177,277330,647384.6,
"2019-05-24 00:00:00",325438,0,5221,56,358845,646320.1,
"2019-05-25 00:00:00",384901,276161,4416,2512,262006,660446.5,
"2019-05-26 00:00:00",388665,159986,1796,196,196197,662839.6666666666,
"2019-05-27 00:00:00",214368,73236,1605,637,241705,647786.7666666667,
"2019-05-28 00:00:00",119106,157107,7332,0,78137,635526.1,
"2019-05-29 00:00:00",422099,292873,7818,407,304127,638365.6333333333,
"2019-05-30 00:00:00",205057,59860,754,0,268681,630410.6333333333,
"2019-05-31 00:00:00",153736,89024,5475,0,280480,631958.7,
"2019-06-01 00:00:00",163781,114078,230,0,152308,616531.3666666667,
"2019-06-02 00:00:00",226202,282289,12693,304,135818,623940.8666666667,
"2019-06-03 00:00:00",127926,241289,19021,0,280426,624514,
"2019-06-04 00:00:00",281757,213295,1298,0,440440,639179.3666666667,
"2019-06-05 00:00:00",84936,147485,3331,0,316452,640355.6,
"2019-06-06 00:00:00",110161,312944,929,0,371521,632335.6666666666,
"2019-06-07 00:00:00",366994,158620,3339,2679,348018,651023.0333333333,
"2019-06-08 00:00:00",72625,224814,1509,98,152419,638823.9,
"2019-06-09 00:00:00",143204,270071,3729,56,91602,636001.5666666667,
"2019-06-10 00:00:00",528203,179334,2149,176,448965,643036.3333333334,
"2019-06-11 00:00:00",156007,289433,9077,0,283489,644496.0666666667,
"2019-06-12 00:00:00",265523,125405,6822,833,306276,655859.1,
"2019-06-13 00:00:00",115121,244131,6422,611,286322,668115.6333333333,
"2019-06-14 00:00:00",758200,273062,2229,113,201152,695235.4666666667,
"2019-06-15 00:00:00",263277,217569,3972,191,400314,705816.8,
"2019-06-16 00:00:00",150617,235567,15003,342,187517,701486,
"2019-06-17 00:00:00",366965,136399,16924,196,314348,711611.5,
"2019-06-18 00:00:00",110695,227537,6249,56,67160,706915,
"2019-06-19 00:00:00",270545,201309,1306,1429,318165,724355.3333333334,
"2019-06-20 00:00:00",520881,86689,7636,485,637125,732009.9,
"2019-06-21 00:00:00",352805,92114,2265,350,171559,734586.6666666666,
"2019-06-22 00:00:00",183726,204998,8842,0,245777,724959,
"2019-06-23 00:00:00",382854,146060,544,0,444939,734453.5666666667,
"2019-06-24 00:00:00",266580,215976,6596,252,285772,729292.8333333334,
"2019-06-25 00:00:00",287560,154850,4535,833,350431,731005.1666666666,
"2019-06-26 00:00:00",128978,294813,14310,424,212244,734979.1666666666,
"2019-06-27 00:00:00",453779,81258,6429,191,530891,758674.7333333333,
"2019-06-28 00:00:00",97517,231176,2386,387,405241,748987.4,
"2019-06-29 00:00:00",290097,220540,5065,56,439669,763023.1666666666,
"2019-06-30 00:00:00",450296,139042,4716,0,168324,770811.9333333333,
"2019-07-01 00:00:00",337163,56107,12925,56,531811,787734.2333333333,
"2019-07-02 00:00:00",106166,165824,4581,0,261442,783757.7333333333,
"2019-07-03 00:00:00",274837,146338,1536,196,485825,791760.0666666667,
"2019-07-04 00:00:00",202787,279204,2257,2480,215334,783935.8,
"2019-07-05 00:00:00",428071,112820,1840,196,151586,788679.4,
"2019-07-06 00:00:00",87492,314744,30146,2553,313263,787100.8666666667,
"2019-07-07 00:00:00",178702,356899,10916,56,195321,782509.0666666667,
"2019-07-08 00:00:00",358903,238926,5752,252,387598,800507.9333333333,
"2019-07-09 00:00:00",188541,169226,8416,196,336592,806984.9333333333,
"2019-07-10 00:00:00",193078,227785,3306,0,106191,786036.0666666667,
"2019-07-11 00:00:00",388235,100549,1826,98,570672,796815.2,
"2019-07-12 00:00:00",205773,243455,4889,0,224555,795942.1666666666,
"2019-07-13 00:00:00",180806,182441,1226,0,347477,797920.2,
"2019-07-14 00:00:00",223982,273460,1875,373,214370,780563.7333333333,
"2019-07-15 00:00:00",392679,122024,5497,113,362322,780474.1333333333,
"2019-07-16 00:00:00",200255,105527,10170,570,70373,773735.7333333333,
"2019-07-17 00:00:00",143071,249844,7061,191,394121,772384.3,
"2019-07-18 00:00:00",256409,372646,14888,749,280232,789491.9666666667,
"2019-07-19 00:00:00",166728,239870,4266,924,589076,796428.9333333333,
"2019-07-20 00:00:00",102614,3404,3168,0,470386,773987.3333333334,
"2019-07-21 00:00:00",263461,147975,2763,196,174626,772984.9333333333,
"2019-07-22 00:00:00",369338,362841,4206,247,160091,781430.9666666667,
"2019-07-23 00:00:00",156624,157309,5337,584,337520,770863.5666666667,
"2019-07-24 00:00:00",163436,0,2959,191,132082,754979.8333333334,
"2019-07-25 00:00:00",163975,179223,2347,191,371335,752275.2333333333,
"2019-07-26 00:00:00",288529,58044,7250,443,300246,752400.0333333333,
"2019-07-27 00:00:00",296655,206754,13359,610,221640,741282.3333333334,
"2019-07-28 00:00:00",145290,148812,5258,443,46579,728271.5,
"2019-07-29 00:00:00",262561,304618,2072,289,557979,734008,
"2019-07-30 00:00:00",251678,9959,3068,466,489202,733741.1666666666,
"2019-07-31 00:00:00",163931,4467,7692,191,122288,712424.7,
"2019-08-01 00:00:00",134409,17779,7926,981,324581,710680.1666666666,
"2019-08-02 00:00:00",221428,120345,6310,191,351911,703728.7666666667,
"2019-08-03 00:00:00",129183,104947,8093,0,416415,702281.3,
"2019-08-04 00:00:00",153319,133765,4384,443,107446,692442.8666666667,
"2019-08-05 00:00:00",487207,231184,10242,2939,519230,709196.2333333333,
"2019-08-06 00:00:00",393907,32803,8090,1682,177581,704935.1,
"2019-08-07 00:00:00",77165,433464,12422,3727,254237,697921.2666666667,
"2019-08-08 00:00:00",368139,349916,6777,637,218635,705959.0666666667,
"2019-08-09 00:00:00",319493,203996,9439,247,161637,711440.8333333334,
"2019-08-10 00:00:00",216840,332050,3664,191,253996,702952.9,
"2019-08-11 00:00:00",96221,147835,544,496,228366,696112.6333333333,
"2019-08-12 00:00:00",182618,111129,15633,98,460179,698036.3,
"2019-08-13 00:00:00",451108,248520,5049,191,186230,703937.5333333333,
"2019-08-14 00:00:00",144396,3909,3208,191,233932,687370.8333333334,
"2019-08-15 00:00:00",256286,263568,12208,56,235689,700067.9,
"2019-08-16 00:00:00",106579,207114,1954,247,212255,691196.6333333333,
"2019-08-17 00:00:00",247709,102007,2184,0,422012,686162.7333333333,
"2019-08-18 00:00:00",148810,170794,11181,191,198300,670443.2333333333,
"2019-08-19 00:00:00",517235,66975,10990,0,287906,680561,
"2019-08-20 00:00:00",124053,253623,4454,113,157734,678926.2333333333,
"2019-08-21 00:00:00",78641,212641,8376,828,166303,664595,
"2019-08-22 00:00:00",305914,100787,2612,0,598159,676264.9333333333,
"2019-08-23 00:00:00",145815,101053,17461,0,226713,682677.4666666667,
"2019-08-24 00:00:00",150338,349432,19319,0,196127,682615.6,
"2019-08-25 00:00:00",106723,141584,17810,0,514984,686835.1666666666,
"2019-08-26 00:00:00",546319,279500,9626,884,127837,694340.1333333333,
"2019-08-27 00:00:00",112392,153243,1653,56,360678,703728.0666666667,
"2019-08-28 00:00:00",138658,55514,6212,0,227759,680415.5,
"2019-08-29 00:00:00",229329,350547,20731,30,150594,680310.8333333334,
"2019-08-30 00:00:00",279454,39116,4489,117,220558,688482.9666666667,
"2019-08-31 00:00:00",190904,152870,6048,191,327571,694879.8666666667,
"2019-09-01 00:00:00",203365,47832,7401,0,315171,690665.9,
"2019-09-02 00:00:00",586285,286513,27966,191,97730,702000.9,
"2019-09-03 00:00:00",105080,233339,9232,56,197524,706863.3333333334,
"2019-09-04 00:00:00",162999,112628,4858,56,380265,687196.8333333334,
"2019-09-05 00:00:00",333452,54252,3421,387,396815,693005.6666666666,
"2019-09-06 00:00:00",152769,228710,948,637,225519,687257.9,
"2019-09-07 00:00:00",416627,121950,30594,191,142460,679515.1,
"2019-09-08 00:00:00",166547,108418,6660,252,176576,671636.4333333333,
"2019-09-09 00:00:00",286671,108112,2553,3197,72170,660501.8333333334,
"2019-09-10 00:00:00",228311,142714,2146,0,486716,673382.6666666666,
"2019-09-11 00:00:00",232182,216192,0,151,68826,664972.3,
"2019-09-12 00:00:00",235923,180412,5086,485,363601,661452.6666666666,
"2019-09-13 00:00:00",197019,162474,9322,1208,369401,673245.6333333333,
"2019-09-14 00:00:00",293129,165545,9197,264,182353,669335,
"2019-09-15 00:00:00",161056,127437,9311,56,507981,678591.3666666667,
"2019-09-16 00:00:00",226183,79031,17294,98,301337,673592.5666666667,
"2019-09-17 00:00:00",107610,169297,10768,191,273564,674664.3333333334,
"2019-09-18 00:00:00",223908,343481,5035,196,311337,674692.8333333334,
"2019-09-19 00:00:00",258863,188340,754,247,101164,675005.9,
"2019-09-20 00:00:00",180174,37003,9897,723,874064,696174.9666666667,
"2019-09-21 00:00:00",69938,221372,3953,0,353021,684202.0333333333,
"2019-09-22 00:00:00",212938,105344,4671,560,215014,685784.9,
"2019-09-23 00:00:00",423154,221920,11290,309,549633,702154.5666666667,
"2019-09-24 00:00:00",271690,14362,18645,440,323742,697080.5666666667,
"2019-09-25 00:00:00",244252,377079,1645,347,328929,696683.4,
"2019-09-26 00:00:00",461061,5471,9139,221,148738,696570.3333333334,
"2019-09-27 00:00:00",288054,302638,3269,154,259750,710761.0333333333,
"2019-09-28 00:00:00",205954,262559,2781,0,153198,706536.3333333334,
"2019-09-29 00:00:00",181970,214873,11560,754,84308,704860.7666666667,
"2019-09-30 00:00:00",242940,237509,11452,844,838063,726635,
"2019-10-01 00:00:00",94497,50888,5397,0,746169,737407.7333333333,
"2019-10-02 00:00:00",209147,268736,8050,693,166922,725903.1333333333,
"2019-10-03 00:00:00",306821,183676,6293,263,148302,729240.5,
"2019-10-04 00:00:00",243695,27525,4494,0,248310,724681,
"2019-10-05 00:00:00",148550,68653,2210,191,140608,710410.4666666667,
"2019-10-06 00:00:00",210042,224063,5279,362,137950,709380.9333333333,
"2019-10-07 00:00:00",164828,91436,13960,0,168620,700281.6333333333,
"2019-10-08 00:00:00",155837,187030,3110,191,149289,701515.1,
"2019-10-09 00:00:00",95971,277281,11158,926,466903,714166.3333333334,
"2019-10-10 00:00:00",231694,97019,9871,191,137781,701388.5666666667,
"2019-10-11 00:00:00",315387,43220,7158,56,398981,709637.0333333333,
"2019-10-12 00:00:00",304056,285676,3489,191,170286,708910.0333333333,
"2019-10-13 00:00:00",136653,131235,2673,660,144892,698132.9,
"2019-10-14 00:00:00",709186,210333,5560,247,273481,716410.2666666667,
"2019-10-15 00:00:00",79782,267034,8908,0,208872,708368.7666666667,
"2019-10-16 00:00:00",144247,322959,11120,423,370536,715880.0333333333,
"2019-10-17 00:00:00",150594,191314,8612,884,281840,718273.8666666667,
"2019-10-18 00:00:00",240077,196657,988,191,96138,706610.2666666667,
"2019-10-19 00:00:00",122154,206683,5140,304,250211,707781.0666666667,
"2019-10-20 00:00:00",217187,53007,18596,177,156420,685898.6666666666,
"2019-10-21 00:00:00",409786,185419,20225,0,248922,693101,
"2019-10-22 00:00:00",317962,147598,18576,196,265977,700160.5,
"2019-10-23 00:00:00",120172,51050,297,98,193475,672120.1,
"2019-10-24 00:00:00",229041,246721,5991,519,238503,675183.3,
"2019-10-25 00:00:00",64950,94321,8178,415,327082,659939.7,
"2019-10-26 00:00:00",423074,238246,2932,56,366787,673488.6333333333,
"2019-10-27 00:00:00",133760,64135,7817,196,203420,658670.8,
"2019-10-28 00:00:00",541068,224055,12505,1154,360232,675821.6,
"2019-10-29 00:00:00",39834,155345,16202,443,255768,674959.2,
"2019-10-30 00:00:00",140518,145342,4893,98,329639,651281.8666666667,
"2019-10-31 00:00:00",277894,136941,3780,0,86914,638234.4,
"2019-11-01 00:00:00",241361,2107,5596,128,172032,630490.1666666666,
"2019-11-02 00:00:00",177525,91197,9076,289,279434,627562.4333333333,
"2019-11-03 00:00:00",243928,214335,4749,252,174603,631357.3,
"2019-11-04 00:00:00",285886,103059,1906,1197,170384,638098.0333333333,
"2019-11-05 00:00:00",69819,162871,9031,151,341496,638287,
"2019-11-06 00:00:00",269383,102470,1332,3857,104468,639709.1666666666,
"2019-11-07 00:00:00",227155,206857,12950,196,144910,642929.6333333333,
"2019-11-08 00:00:00",281611,243462,3618,226,210002,639152.2666666667,
"2019-11-09 00:00:00",198387,60281,5425,196,290064,641745.5,
"2019-11-10 00:00:00",276984,101724,2389,328,54085,630769.1666666666,
"2019-11-11 00:00:00",318900,9346,2975,637,238790,624334.1,
"2019-11-12 00:00:00",140638,0,8113,247,606146,635635.2333333333,
"2019-11-13 00:00:00",151825,62504,8856,56,502036,619850.9,
"2019-11-14 00:00:00",217489,108867,2789,637,160606,617377.3333333334,
"2019-11-15 00:00:00",424600,109903,7546,324,409271,620789.3,
"2019-11-16 00:00:00",163030,3515,5041,98,88437,608351.8,
"2019-11-17 00:00:00",275830,192867,3934,56,117980,610239,
"2019-11-18 00:00:00",354108,47914,10648,211,141802,609245.3,
"2019-11-19 00:00:00",235936,296464,9152,98,136989,617020.3333333334,
"2019-11-20 00:00:00",89005,48432,1817,0,125677,597039.5,
"2019-11-21 00:00:00",206436,0,4932,1531,245333,587303.5,
"2019-11-22 00:00:00",113754,128095,26594,98,168161,589690.4333333333,
"2019-11-23 00:00:00",62777,133971,8065,765,86948,575415.4666666667,
"2019-11-24 00:00:00",238660,89603,7369,56,279902,579436.9333333333,
"2019-11-25 00:00:00",470850,155990,14729,445,256370,575013.2666666667,
"2019-11-26 00:00:00",195510,41541,6867,207,161172,574878.9333333333,
"2019-11-27 00:00:00",100937,283961,4321,494,157166,555141.1,
"2019-11-28 00:00:00",417001,98212,3547,226,322168,567593.1333333333,
"2019-11-29 00:00:00",237882,48333,11664,0,156140,562044,
"2019-11-30 00:00:00",349264,155894,5454,0,42588,563633.1333333333,
"2019-12-01 00:00:00",184573,99320,7048,56,235070,567127.8666666667,
"2019-12-02 00:00:00",283969,105644,1226,0,192132,567976.1666666666,
"2019-12-03 00:00:00",128115,38023,9902,368,220184,559933.6333333333,
"2019-12-04 00:00:00",102491,84338,4283,0,212372,554635.3333333334,
"2019-12-05 00:00:00",227208,0,1423,0,37154,544049.2666666667,
"2019-12-06 00:00:00",164613,47832,12965,693,468263,551144.4666666667,
"2019-12-07 00:00:00",431557,156000,5987,2748,110521,554969.3,
"2019-12-08 00:00:00",69417,245278,2242,98,186434,547120.9333333333,
"2019-12-09 00:00:00",606326,95154,15089,0,214929,559692.6,
"2019-12-10 00:00:00",152020,101052,1711,181,56244,555549.1,
"2019-12-11 00:00:00",47182,63013,7069,0,143521,545220.3666666667,
"2019-12-12 00:00:00",254009,144997,5680,98,99553,536860.1,
"2019-12-13 00:00:00",121547,161707,8122,191,229489,530052.6666666666,
"2019-12-14 00:00:00",213544,213890,13322,56,183829,534527.7666666667,
"2019-12-15 00:00:00",301031,153839,3777,0,289429,527742.1333333333,
"2019-12-16 00:00:00",240644,73037,9922,814,241921,537949.4666666667,
"2019-12-17 00:00:00",103979,138826,3953,56,153003,531587.8666666667,
"2019-12-18 00:00:00",352165,253718,2826,413,125569,537588.1666666666,
"2019-12-19 00:00:00",297337,326539,6580,1856,216941,543275.3333333334,
"2019-12-20 00:00:00",196966,92279,18306,247,155098,549874.3333333334,
"2019-12-21 00:00:00",197336,131356,6394,275,267875,554707.8333333334,
"2019-12-22 00:00:00",231040,114399,3327,247,391469,564833.8666666667,
"2019-12-23 00:00:00",470929,53053,13209,956,227186,580594.0666666667,
"2019-12-24 00:00:00",91859,67429,8662,177,204134,572483.1,
"2019-12-25 00:00:00",93118,2107,7599,439,173351,551757.3666666667,
"2019-12-26 00:00:00",129778,398926,3407,0,445847,570846.0333333333,
"2019-12-27 00:00:00",385701,145891,2387,98,108919,574049.9,
"2019-12-28 00:00:00",172767,49939,5088,221,285203,563118.6333333333,
"2019-12-29 00:00:00",287095,132400,2358,0,264645,570868,
"2019-12-30 00:00:00",299309,155645,8536,113,328111,578818.4333333333,
"2019-12-31 00:00:00",170145,257781,3317,0,299915,585654.8666666667,
"2020-01-01 00:00:00",104485,49939,3466,151,435866,586019.4333333333,
"2020-01-02 00:00:00",261769,110336,5593,646,614339,605889.1333333333,
"2020-01-03 00:00:00",249584,130214,18725,98,212904,612823.8666666667,
"2020-01-04 00:00:00",271701,174925,8363,98,192224,625541.3666666667,
"2020-01-05 00:00:00",289790,152197,2630,977,68342,619527.0666666667,
"2020-01-06 00:00:00",369428,91714,10805,368,218994,619010.2333333333,
"2020-01-07 00:00:00",150370,118646,1267,3187,316730,621901.2,
"2020-01-08 00:00:00",136500,92398,9268,56,366298,611001.8,
"2020-01-09 00:00:00",238236,348467,12182,1263,212163,627705.2666666667,
"2020-01-10 00:00:00",120525,103503,0,387,164115,631963.4666666667,
"2020-01-11 00:00:00",150825,160243,8177,0,72829,628221.2666666667,
"2020-01-12 00:00:00",130610,52299,754,0,191984,623374.2666666667,
"2020-01-13 00:00:00",410554,324039,6000,177,266388,636124.9,
"2020-01-14 00:00:00",231427,58333,1978,30,331564,631966.8333333334,
"2020-01-15 00:00:00",278519,86287,10567,596,91891,628684.2,
"2020-01-16 00:00:00",130056,202102,1875,481,196434,633055.1666666666,
"2020-01-17 00:00:00",334740,130309,2912,791,162091,629593.6,
"2020-01-18 00:00:00",350390,403144,9102,191,246549,634931.0333333333,
"2020-01-19 00:00:00",50036,141537,22117,191,312488,637046.8333333334,
"2020-01-20 00:00:00",330763,168273,20236,0,126422,638461.9666666667,
"2020-01-21 00:00:00",146411,61086,2807,151,60677,622816.9333333333,
"2020-01-22 00:00:00",196149,146515,15030,345,279542,618558.6333333333,
"2020-01-23 00:00:00",382019,172202,8980,1636,147805,629904.7333333333,
"2020-01-24 00:00:00",232505,151376,2043,151,343573,645005.8,
"2020-01-25 00:00:00",146733,146604,2242,98,180868,628292.0333333333,
"2020-01-26 00:00:00",142231,0,176,637,87449,614541.8666666667,
"2020-01-27 00:00:00",275335,208649,5274,98,393650,626868.1333333333,
"2020-01-28 00:00:00",86753,226436,3701,0,382818,627308.5,
"2020-01-29 00:00:00",100572,126985,11408,277,132498,613309.4333333333,
"2020-01-30 00:00:00",338506,57625,13381,56,57209,604496.7333333333,542761.8
"2020-01-31 00:00:00",279515,26902,1712,0,210055,601972.5333333333,539716.1
"2020-02-01 00:00:00",204886,142049,23248,177,174446,587043.3333333334,533838.4333333333
"2020-02-02 00:00:00",407854,147072,5277,0,132178,589738.5,538102.0666666667
"2020-02-03 00:00:00",176976,97791,10263,56,46166,579203.2666666667,535999.8333333334
"2020-02-04 00:00:00",97712,2107,1437,1177,252911,573916.9,531334.4666666667
"2020-02-05 00:00:00",202038,148011,15778,345,329926,574076.5333333333,528827.8
"2020-02-06 00:00:00",302255,269975,4333,2505,417851,587633.9333333333,532555.4666666667
"2020-02-07 00:00:00",152906,73633,3115,0,251814,583532.1666666666,538707.1666666666
"2020-02-08 00:00:00",190753,379268,1223,0,197609,582083.5333333333,538513.1
"2020-02-09 00:00:00",91006,58780,8224,637,117855,578349.3,533889.6666666666
"2020-02-10 00:00:00",239350,101032,9483,454,178704,582914.4666666667,549147.6333333333
"2020-02-11 00:00:00",309640,53259,11985,0,102157,586294.2666666667,542342.9
"2020-02-12 00:00:00",80210,170828,5201,0,202391,568009.9333333333,532647.1333333333
"2020-02-13 00:00:00",151128,104294,5310,468,90778,558964.7666666667,517942.6
"2020-02-14 00:00:00",252488,177994,6775,387,153263,563066.2333333333,519565.13333333336
"2020-02-15 00:00:00",458371,278897,7691,0,376869,582762.3,524537.2666666667
"2020-02-16 00:00:00",553078,160670,5242,191,435738,600231.4333333333,512568.86666666664
"2020-02-17 00:00:00",361834,385337,8371,191,148582,596729.4,502132.86666666664
"2020-02-18 00:00:00",365315,242165,3649,252,210255,606571.4666666667,518031.6
"2020-02-19 00:00:00",83799,58798,10571,383,120604,594186.9666666667,507986.73333333334
"2020-02-20 00:00:00",421375,91820,8149,387,244262,610682.3666666667,509335.86666666664
"2020-02-21 00:00:00",167318,227921,4812,154,493965,619235.2666666667,527380
"2020-02-22 00:00:00",194641,120902,6329,533,138486,610843.6,541347.9
"2020-02-23 00:00:00",196188,4467,18052,1122,253537,602300.9666666667,547632.1666666666
"2020-02-24 00:00:00",247847,279315,36620,884,352367,616984.0666666667,555647.9
"2020-02-25 00:00:00",136398,218223,1751,196,145503,626036.7666666667,554126.4333333333
"2020-02-26 00:00:00",184536,4467,3664,30,146070,607895.5,565090.2666666667
"2020-02-27 00:00:00",304920,140887,7794,0,129542,604009.9333333333,564762.3666666667
"2020-02-28 00:00:00",69130,80579,7569,154,132153,601271.3,577550.6
"2020-02-29 00:00:00",283124,372815,8641,56,278327,617144.2,581781.1666666666
"2020-03-01 00:00:00",231541,185096,9510,347,351964,625820.2,573292.3666666667
"2020-03-02 00:00:00",206753,2107,6465,56,199051,621474.3333333334,570234.1666666666
"2020-03-03 00:00:00",229715,3515,4825,1429,221113,613748.1666666666,567083.4
"2020-03-04 00:00:00",103032,40130,7715,2135,231927,615537.6666666666,588757.1666666666
"2020-03-05 00:00:00",357875,305657,11489,600,398953,639511.9666666667,591172.2
"2020-03-06 00:00:00",269467,181672,6398,1214,623882,652396.4,600041.7666666667
"2020-03-07 00:00:00",139455,181854,2546,154,216240,637174.0333333333,593350.9
"2020-03-08 00:00:00",90613,202741,17951,0,166545,637053.5,588471.5333333333
"2020-03-09 00:00:00",361521,9280,6234,485,97762,627267.8666666667,584042.3666666667
"2020-03-10 00:00:00",145682,11413,1445,0,242747,631427.3333333334,597245.8666666667
"2020-03-11 00:00:00",136460,359838,9681,1086,182176,636767.9666666667,585056.6333333333
"2020-03-12 00:00:00",312437,187590,23169,637,458315,653605,591989.2666666667
"2020-03-13 00:00:00",320189,158500,1125,196,197484,660900.4666666667,608580.3
"2020-03-14 00:00:00",63569,284093,11624,56,216088,668348.9,617071.4
"2020-03-15 00:00:00",309593,145663,2958,98,42523,665346.5,624788.6333333333
"2020-03-16 00:00:00",318051,85092,10009,443,105667,645260.9,606623.4666666667
"2020-03-17 00:00:00",333360,200308,3598,191,367836,636940.0333333333,607823.9666666667
"2020-03-18 00:00:00",101640,34910,7866,901,207700,618563.5,602312.5
"2020-03-19 00:00:00",290984,90687,2479,294,170006,609657.3333333334,600693
"2020-03-20 00:00:00",167890,135489,2562,580,103058,614171.3666666667,591510.5
"2020-03-21 00:00:00",142921,106609,5538,191,223714,604604.0333333333,580128.9666666667
"2020-03-22 00:00:00",239172,123042,8070,3472,85614,590110.7333333333,564723.1333333333
"2020-03-23 00:00:00",465918,13732,4054,0,77755,593462.9666666667,550673.7
"2020-03-24 00:00:00",248796,4467,3256,347,133060,590681.5333333333,540842.9666666667
"2020-03-25 00:00:00",77206,192554,2372,828,81341,571923.6,552116.8666666667
"2020-03-26 00:00:00",142967,165536,9212,282,454391,580934.2,562095.1666666666
"2020-03-27 00:00:00",162108,159872,10931,1601,247543,589043.8,560864.5
"2020-03-28 00:00:00",204862,168895,2849,56,149928,587158.7333333333,558600.6
"2020-03-29 00:00:00",200625,87871,13305,393,82660,590334.4,561356.1333333333
"2020-03-30 00:00:00",144853,0,7813,703,283709,573471.5,570563.5333333333
"2020-03-31 00:00:00",236327,215541,7523,1177,218980,570174.6,577625.1333333333
"2020-04-01 00:00:00",191263,79368,13312,393,222007,573238.3333333334,564435.7333333333
"2020-04-02 00:00:00",174876,108490,6521,221,341358,578934.0333333333,565312.2
"2020-04-03 00:00:00",226052,41223,649,196,191945,581438.3333333334,550808.5
"2020-04-04 00:00:00",350658,81973,4640,247,265297,569046.3666666667,549678.9
"2020-04-05 00:00:00",109145,183437,1607,56,60391,544779.7666666667,543803.7
"2020-04-06 00:00:00",388346,43807,7240,347,162555,546847.9333333333,542339.8
"2020-04-07 00:00:00",249765,238495,2204,191,490303,563618.2333333333,551850.5666666667
"2020-04-08 00:00:00",157915,53164,3854,568,156195,560165.4333333333,558469.3
"2020-04-09 00:00:00",193064,51608,7311,2521,128938,559570.6,553181.3333333334
"2020-04-10 00:00:00",166112,63850,342,0,421395,558319,557946.3666666667
"2020-04-11 00:00:00",293046,236535,13617,56,143754,548480.9,560230.6333333333
"2020-04-12 00:00:00",167474,57178,3014,439,246569,541720.2,554918.5333333333
"2020-04-13 00:00:00",329966,112066,7581,0,95607,540713.1666666666,555903.4
"2020-04-14 00:00:00",236511,154714,9899,1316,155642,542621.4333333333,545614.3
"2020-04-15 00:00:00",56321,97897,3069,0,149104,535525.6666666666,551141.3
"2020-04-16 00:00:00",194581,0,9410,383,307740,522419.6666666667,562206.7333333333
"2020-04-17 00:00:00",195689,161409,2419,443,191923,529048.5333333333,567939.9333333333
"2020-04-18 00:00:00",62770,160193,6854,191,259338,526878.5,566462.2333333333
"2020-04-19 00:00:00",208774,96637,17828,373,60106,526016.5333333333,586427.9333333333
"2020-04-20 00:00:00",318449,126339,1275,191,212843,532020.6666666666,605537.4
"2020-04-21 00:00:00",140032,53788,10084,424,179814,529512.9666666667,600918.0666666667
"2020-04-22 00:00:00",129128,2107,6606,191,91174,518437.8,607634.2
"2020-04-23 00:00:00",297604,93599,4264,3187,134788,523221.6666666667,610844.9
"2020-04-24 00:00:00",292129,68862,2462,1197,409073,537202.4,589571.6
"2020-04-25 00:00:00",385003,192608,4458,0,206405,537738.5333333333,590788.8666666667
"2020-04-26 00:00:00",199008,2107,4663,393,72760,527634.3,600633.2666666667
"2020-04-27 00:00:00",133277,178027,2766,449,307953,530830.4333333333,603771.0666666667
"2020-04-28 00:00:00",117953,115365,7774,511,98585,529341.6,612260.9333333333
"2020-04-29 00:00:00",762226,0,2963,196,165909,545815.4333333333,615164.2
"2020-04-30 00:00:00",157636,125228,4836,0,400747,546111.8,615943.1
"2020-05-01 00:00:00",187349,92803,4169,373,79201,541363.5333333333,636832.3333333334
"2020-05-02 00:00:00",55566,134325,15624,294,195986,533707.7333333333,630367.2333333333
"2020-05-03 00:00:00",146925,139790,5174,196,263615,536895.5333333333,635977.9666666667
"2020-05-04 00:00:00",288419,133837,5872,393,110086,531421.9666666667,638584
"2020-05-05 00:00:00",293078,139011,6208,506,122622,538314.9666666667,643329.2333333333
"2020-05-06 00:00:00",281505,182048,14932,0,197617,540775.2333333333,659977.6666666666
"2020-05-07 00:00:00",442132,171708,9004,196,153366,533956.8,646131.1
"2020-05-08 00:00:00",456996,88313,5495,393,100523,543290.8333333334,652934.3
"2020-05-09 00:00:00",158455,145265,26159,233,703781,564972.6333333333,655658.9333333333
"2020-05-10 00:00:00",47505,38023,9444,196,87893,549351.3666666667,666972.2666666667
"2020-05-11 00:00:00",239667,53935,16053,1225,215109,543984.1333333333,664961.2666666667
"2020-05-12 00:00:00",200170,40367,7483,387,173185,542214.8,659754
"2020-05-13 00:00:00",243449,96417,10785,196,324385,546548.6333333333,645366.3666666667
"2020-05-14 00:00:00",164384,205886,2083,196,400086,553700.3333333334,646596.6333333333
"2020-05-15 00:00:00",164696,103103,5707,3850,439850,567394.2,649727.1
"2020-05-16 00:00:00",208919,196722,3746,205,168538,569594.8,650746.7
"2020-05-17 00:00:00",308771,206137,9456,0,150269,573686.3333333334,651642.4666666667
"2020-05-18 00:00:00",410232,148500,3986,833,161934,581557.6,646912.9666666667
"2020-05-19 00:00:00",177908,5886,1875,790,234950,582814,628399
"2020-05-20 00:00:00",133838,195864,5769,0,336908,583256.7666666667,635451.2666666667
"2020-05-21 00:00:00",327565,158966,2489,387,253786,595225.1666666666,638916.3666666667
"2020-05-22 00:00:00",205965,52777,3814,196,186568,602562.3333333334,647384.6
"2020-05-23 00:00:00",118523,253170,19024,154,500968,614508.9333333333,646320.1
"2020-05-24 00:00:00",266831,64895,11629,491,153133,605284.1333333333,660446.5
"2020-05-25 00:00:00",355186,138544,4547,368,130599,599976.5,662839.6666666666
"2020-05-26 00:00:00",47693,129357,3748,196,127611,600965.6,647786.7666666667
"2020-05-27 00:00:00",98550,111597,6001,249,498406,604043.2666666667,635526.1
"2020-05-28 00:00:00",142584,0,2103,598,281002,606913.2,638365.6333333333
"2020-05-29 00:00:00",251674,110228,5606,191,175537,593977.9666666667,630410.6333333333
"2020-05-30 00:00:00",316306,324875,11318,0,460522,608130.5333333333,631958.7
"2020-05-31 00:00:00",65425,160758,14656,0,212319,611106.1,616531.3666666667
"2020-06-01 00:00:00",279926,2107,6358,718,235837,615211.3333333334,623940.8666666667
"2020-06-02 00:00:00",141873,37998,8318,196,245806,611161,624514
"2020-06-03 00:00:00",134281,167440,1525,3966,212816,610541.7,639179.3666666667
"2020-06-04 00:00:00",313960,141679,12639,1428,317882,618080.5333333333,640355.6
"2020-06-05 00:00:00",234489,0,2242,637,297075,613358.5333333333,632335.6666666666
"2020-06-06 00:00:00",98276,162456,15238,383,189455,603005.2666666667,651023.0333333333
"2020-06-07 00:00:00",93624,66913,8263,870,656045,608805.1,638823.9
"2020-06-08 00:00:00",270584,48244,3256,387,88008,588024.5333333333,636001.5666666667
"2020-06-09 00:00:00",306506,106385,3481,637,405401,609336.2333333333,643036.3333333334
"2020-06-10 00:00:00",81983,0,5656,387,459061,610039.4,644496.0666666667
"2020-06-11 00:00:00",637348,160591,9911,247,89670,625911.9,655859.1
"2020-06-12 00:00:00",226220,82196,1607,1030,349069,625408.1333333333,668115.6333333333
"2020-06-13 00:00:00",283114,97847,8918,383,159742,617987.2333333333,695235.4666666667
"2020-06-14 00:00:00",160174,81819,13575,177,235749,610463.5666666667,705816.8
"2020-06-15 00:00:00",236541,212617,12904,383,385408,619454.3666666667,701486
"2020-06-16 00:00:00",245951,192409,7342,750,337388,623094.7666666667,711611.5
"2020-06-17 00:00:00",56768,141833,1996,776,293966,615423.1666666666,706915
"2020-06-18 00:00:00",289708,172742,6197,401,377790,629604.2,724355.3333333334
"2020-06-19 00:00:00",108141,47832,8091,0,146146,617531.8666666667,732009.9
"2020-06-20 00:00:00",519189,102428,16153,645,256006,622572.8666666667,734586.6666666666
"2020-06-21 00:00:00",117046,131997,4103,373,220457,623394.7,724959
"2020-06-22 00:00:00",321100,190146,3174,984,75518,613364.0666666667,734453.5666666667
"2020-06-23 00:00:00",340813,133984,227,368,139040,617279.1,729292.8333333334
"2020-06-24 00:00:00",162334,169549,4795,56,569035,626496.6,731005.1666666666
"2020-06-25 00:00:00",334270,94283,28290,196,143135,636215.7,734979.1666666666
"2020-06-26 00:00:00",184777,52299,2726,1703,293561,630224.5333333333,758674.7333333333
"2020-06-27 00:00:00",95984,107288,16541,519,465436,638874,748987.4
"2020-06-28 00:00:00",107372,93572,13002,0,371685,640287.2333333333,763023.1666666666
"2020-06-29 00:00:00",368831,182948,4416,0,307960,631991.7333333333,770811.9333333333
"2020-06-30 00:00:00",182912,211088,5177,261,204546,637019.2,787734.2333333333
"2020-07-01 00:00:00",70596,118801,3412,151,317579,636538.9,783757.7333333333
"2020-07-02 00:00:00",281528,0,35464,196,145577,637491.4666666667,791760.0666666667
"2020-07-03 00:00:00",214488,66871,19270,196,456372,645397.2,783935.8
"2020-07-04 00:00:00",261855,53827,4460,56,189970,636149.7666666667,788679.4
"2020-07-05 00:00:00",77068,141364,3555,0,98820,629028.5666666667,787100.8666666667
"2020-07-06 00:00:00",290929,94721,33525,387,22917,628251.0333333333,782509.0666666667
"2020-07-07 00:00:00",158246,107107,4914,196,328738,620700.5333333333,800507.9333333333
"2020-07-08 00:00:00",480430,224731,5751,56,538511,648667.2,806984.9333333333
"2020-07-09 00:00:00",198384,24903,5594,0,516778,646108.8,786036.0666666667
"2020-07-10 00:00:00",108543,102260,7660,191,323335,645938.9333333333,796815.2
"2020-07-11 00:00:00",288665,90598,4656,368,257560,637408.2666666667,795942.1666666666
"2020-07-12 00:00:00",112845,119170,14169,196,261863,632345.6,797920.2
"2020-07-13 00:00:00",457249,230630,7178,56,263477,645965.0666666667,780563.7333333333
"2020-07-14 00:00:00",243391,94602,2492,393,596605,660831.3,780474.1333333333
"2020-07-15 00:00:00",177889,173163,4963,0,399249,657745,773735.7333333333
"2020-07-16 00:00:00",293003,216185,10639,0,277313,658188.2333333333,772384.3
"2020-07-17 00:00:00",347677,0,2617,443,357494,665284.6,789491.9666666667
"2020-07-18 00:00:00",156023,107950,9040,98,146396,651040.1666666666,796428.9333333333
"2020-07-19 00:00:00",191015,135427,2710,0,266774,660564.0333333333,773987.3333333334
"2020-07-20 00:00:00",307348,54724,1559,1021,182839,648999.6333333333,772984.9333333333
"2020-07-21 00:00:00",110353,71967,5016,56,201451,646161.9333333333,781430.9666666667
"2020-07-22 00:00:00",59404,68113,12622,191,81122,633846.3666666667,770863.5666666667
"2020-07-23 00:00:00",368971,141545,15666,642,97938,634190.8,754979.8333333334
"2020-07-24 00:00:00",323850,271187,5078,0,140434,628683.5333333333,752275.2333333333
"2020-07-25 00:00:00",360600,62319,5874,398,729291,647293.8666666667,752400.0333333333
"2020-07-26 00:00:00",89636,261965,7270,637,200766,648134,741282.3333333334
"2020-07-27 00:00:00",540379,128124,6476,584,255558,656312.3333333334,728271.5
"2020-07-28 00:00:00",123172,213480,3027,1330,241217,656198.8666666667,734008
"2020-07-29 00:00:00",129296,143049,6454,538,310561,647057,733741.1666666666
"2020-07-30 00:00:00",275459,312925,1402,77,491633,662974.0333333333,712424.7
"2020-07-31 00:00:00",217522,249339,11459,636,158271,667196.9333333333,710680.1666666666
"2020-08-01 00:00:00",244469,1874,3837,247,413458,673900.8666666667,703728.7666666667
"2020-08-02 00:00:00",226425,80399,2370,177,130534,663324.3333333334,702281.3
"2020-08-03 00:00:00",340712,257172,21406,1406,211829,674069.6333333333,692442.8666666667
"2020-08-04 00:00:00",85768,0,9498,56,207828,673481.1,709196.2333333333
"2020-08-05 00:00:00",182820,64286,5292,0,118686,671101.1333333333,704935.1
"2020-08-06 00:00:00",200525,138817,3875,196,231439,670289.5333333333,697921.2666666667
"2020-08-07 00:00:00",345677,188044,4542,502,319672,657254.8,705959.0666666667
"2020-08-08 00:00:00",83384,224144,11666,0,222004,650439.4666666667,711440.8333333334
"2020-08-09 00:00:00",359248,148686,4182,965,159750,654800.8,702952.9
"2020-08-10 00:00:00",436847,186000,2341,98,295091,664085.1,696112.6333333333
"2020-08-11 00:00:00",58416,183656,11129,0,529723,673241.2666666667,698036.3
"2020-08-12 00:00:00",156797,36848,2649,511,67667,650104,703937.5333333333
"2020-08-13 00:00:00",221625,57934,2692,0,140127,632933.9,687370.8333333334
"2020-08-14 00:00:00",192281,148268,2951,0,345976,630740.9,700067.9
"2020-08-15 00:00:00",118238,33199,6327,1059,397345,622708.4666666667,691196.6333333333
"2020-08-16 00:00:00",140866,241043,11518,0,51401,613928.3666666667,686162.7333333333
"2020-08-17 00:00:00",414491,134240,1178,196,169824,623942.3,670443.2333333333
"2020-08-18 00:00:00",289830,317440,24386,0,489366,641445.5,680561
"2020-08-19 00:00:00",229092,188617,12943,833,289651,647233.7333333333,678926.2333333333
"2020-08-20 00:00:00",176874,300133,1030,0,147176,655112.6,664595
"2020-08-21 00:00:00",268959,51809,5024,0,217983,665856.6666666666,676264.9333333333
"2020-08-22 00:00:00",248695,82131,18091,0,237714,664585.5666666667,682677.4666666667
"2020-08-23 00:00:00",313747,126468,15454,56,289137,664729.3333333334,682615.6
"2020-08-24 00:00:00",259164,87449,7250,0,228764,645534.0666666667,686835.1666666666
"2020-08-25 00:00:00",214017,50134,4072,550,564895,654647.2666666667,694340.1333333333
"2020-08-26 00:00:00",46698,303074,2917,98,320944,646067.6666666666,703728.0666666667
"2020-08-27 00:00:00",193126,224028,11792,294,203630,647755.7666666667,680415.5
"2020-08-28 00:00:00",361375,40717,2310,1384,262463,650367.4666666667,680310.8333333334
"2020-08-29 00:00:00",106773,215547,7881,56,394482,638475.6,688482.9666666667
"2020-08-30 00:00:00",336135,231134,1405,196,328048,647131.9,694879.8666666667
"2020-08-31 00:00:00",364783,204886,19270,0,468391,660246.6666666666,690665.9
"2020-09-01 00:00:00",122676,69548,4816,586,300640,662192.0666666667,702000.9
"2020-09-02 00:00:00",287276,54985,13649,196,158950,651609.7333333333,706863.3333333334
"2020-09-03 00:00:00",229689,92715,13474,252,150878,657738.4,687196.8333333334
"2020-09-04 00:00:00",352588,221510,2787,196,522002,682005,693005.6666666666
"2020-09-05 00:00:00",306250,164230,7763,1340,111731,682553.7666666667,687257.9
"2020-09-06 00:00:00",293881,98500,5898,3354,160172,672666,679515.1
"2020-09-07 00:00:00",447052,257191,7250,294,140357,683030.8666666667,671636.4333333333
"2020-09-08 00:00:00",77134,193837,21315,56,611299,690724.6333333333,660501.8333333334
"2020-09-09 00:00:00",112664,55995,4366,0,383385,678592.3666666667,673382.6666666666
"2020-09-10 00:00:00",201263,214339,3829,196,196525,673033.2666666667,664972.3
"2020-09-11 00:00:00",215715,226826,2007,191,145406,683889,661452.6666666666
"2020-09-12 00:00:00",235585,153829,5374,196,214385,690122.0333333333,673245.6333333333
"2020-09-13 00:00:00",278348,155762,6496,519,178258,687785.6,669335
"2020-09-14 00:00:00",417868,202831,20266,381,472344,706369.8666666667,678591.3666666667
"2020-09-15 00:00:00",229459,305656,10449,0,309103,720031.1666666666,673592.5666666667
"2020-09-16 00:00:00",188288,184423,7007,289,487203,724940.7333333333,674664.3333333334
"2020-09-17 00:00:00",182542,143568,4226,393,235682,706453.6666666666,674692.8333333334
"2020-09-18 00:00:00",267961,114184,7919,56,397895,708682.9666666667,675005.9
"2020-09-19 00:00:00",170735,145462,5446,196,350902,710267.3,696174.9666666667
"2020-09-20 00:00:00",307623,309981,6148,387,282287,722355.7666666667,684202.0333333333
"2020-09-21 00:00:00",114281,148253,23945,177,273001,721456.7666666667,685784.9
"2020-09-22 00:00:00",142271,159719,5967,637,67519,709165.1333333333,702154.5666666667
"2020-09-23 00:00:00",340640,214797,6340,247,193761,714937.1,697080.5666666667
"2020-09-24 00:00:00",333812,232698,5325,347,260458,714902.8333333334,696683.4
"2020-09-25 00:00:00",234705,110667,6530,98,276255,713386.9,696570.3333333334
"2020-09-26 00:00:00",245453,134902,36711,2720,283627,715738.3666666667,710761.0333333333
"2020-09-27 00:00:00",199456,160639,5918,56,345493,717182.1333333333,706536.3333333334
"2020-09-28 00:00:00",393262,217644,9324,196,346901,725268.4333333333,704860.7666666667
"2020-09-29 00:00:00",380030,163754,4089,177,337207,724879.8,726635
"2020-09-30 00:00:00",230855,237280,1817,579,352656,717075.1333333333,737407.7333333333
"2020-10-01 00:00:00",133493,119051,10265,693,256560,717801.7333333333,725903.1333333333
"2020-10-02 00:00:00",339019,124334,4465,0,119832,720221.5,729240.5
"2020-10-03 00:00:00",175545,163154,6260,383,57995,717432.4,724681
"2020-10-04 00:00:00",210470,170101,5022,0,379095,706285.9333333333,710410.4666666667
"2020-10-05 00:00:00",165298,203598,32638,196,212470,707048.8333333334,709380.9333333333
"2020-10-06 00:00:00",129294,102821,8073,196,130055,700669.9666666667,700281.6333333333
"2020-10-07 00:00:00",178437,188948,3402,289,286927,694198.6,701515.1
"2020-10-08 00:00:00",285830,258639,11059,443,164193,688082.8666666667,714166.3333333334
"2020-10-09 00:00:00",398220,158979,14249,196,491740,704982,701388.5666666667
"2020-10-10 00:00:00",188371,90422,8586,383,255647,702557.2333333333,709637.0333333333
"2020-10-11 00:00:00",311847,46984,7994,196,199507,701770.0333333333,708910.0333333333
"2020-10-12 00:00:00",260946,172157,2342,247,245594,704167.2666666667,698132.9
"2020-10-13 00:00:00",208192,232666,4668,0,100763,701730.8333333334,716410.2666666667
"2020-10-14 00:00:00",120170,158609,167,387,118822,677879.5,708368.7666666667
"2020-10-15 00:00:00",265276,62546,10586,5019,269035,669806.1333333333,715880.0333333333
"2020-10-16 00:00:00",160839,50693,14091,2550,104307,651981.7,718273.8666666667
"2020-10-17 00:00:00",254859,292789,7149,443,316471,662158.4666666667,706610.2666666667
"2020-10-18 00:00:00",255731,151065,5227,196,257290,658208.2,707781.0666666667
"2020-10-19 00:00:00",444077,95872,4103,0,107549,657503.5666666667,685898.6666666666
"2020-10-20 00:00:00",182757,232320,4574,196,293817,651078.1333333333,693101
"2020-10-21 00:00:00",189491,218196,7882,693,253038,654732.8333333334,700160.5
"2020-10-22 00:00:00",279741,115315,28291,0,166220,661847.8333333334,672120.1
"2020-10-23 00:00:00",205816,209315,2934,0,472222,666331.1666666666,675183.3
"2020-10-24 00:00:00",153236,303543,10290,247,210813,661180.7666666667,659939.7
"2020-10-25 00:00:00",350505,319004,3819,373,183903,668825.8333333334,673488.6333333333
"2020-10-26 00:00:00",321262,92623,18916,3278,132864,664343.5333333333,658670.8
"2020-10-27 00:00:00",255470,297948,8045,196,97821,662607.3666666667,675821.6
"2020-10-28 00:00:00",144125,111080,8654,247,300427,649180.8666666667,674959.2
"2020-10-29 00:00:00",354258,125888,6292,0,355492,647736.6666666666,651281.8666666667
"2020-10-30 00:00:00",299550,223109,242,196,156508,642950.5666666667,638234.4
"2020-10-31 00:00:00",181344,152018,9209,151,228680,644661.8666666667,630490.1666666666
"2020-11-01 00:00:00",304587,45586,4616,191,198432,643520.6666666666,627562.4333333333
"2020-11-02 00:00:00",308816,76666,7540,252,245942,651383.4333333333,631357.3
"2020-11-03 00:00:00",205570,73984,4574,971,268374,644342.9333333333,638098.0333333333
"2020-11-04 00:00:00",109598,213792,9102,0,206259,641827.9666666667,638287
"2020-11-05 00:00:00",298323,265629,7115,707,264580,657358.5666666667,639709.1666666666
"2020-11-06 00:00:00",348442,205663,2073,693,351750,665712.5333333333,642929.6333333333
"2020-11-07 00:00:00",181907,143684,4560,1233,109503,656403.0666666667,639152.2666666667
"2020-11-08 00:00:00",199028,74917,5664,196,306652,640505.5666666667,641745.5
"2020-11-09 00:00:00",321878,157150,8454,151,70110,640983.3333333334,630769.1666666666
"2020-11-10 00:00:00",222110,127843,11597,56,235342,641997.3666666667,624334.1
"2020-11-11 00:00:00",334775,120513,15947,196,162528,640419.7666666667,635635.2333333333
"2020-11-12 00:00:00",75326,152908,7048,5001,335139,641390.9333333333,619850.9
"2020-11-13 00:00:00",246541,123304,1412,196,252419,648914.7,617377.3333333334
"2020-11-14 00:00:00",134298,4467,23372,0,255638,642425,620789.3
"2020-11-15 00:00:00",403081,101210,3364,304,115316,652118.1,608351.8
"2020-11-16 00:00:00",390392,135064,3873,833,181391,646779.4666666667,610239
"2020-11-17 00:00:00",106867,83180,4647,177,179185,636931,609245.3
"2020-11-18 00:00:00",374149,127596,845,828,268147,640929.9333333333,617020.3333333334
"2020-11-19 00:00:00",191367,4467,14921,207,242252,632248.2666666667,597039.5
"2020-11-20 00:00:00",169581,173783,3509,414,292088,631250.7666666667,587303.5
"2020-11-21 00:00:00",208064,176119,2718,56,90650,627518.7333333333,589690.4333333333
"2020-11-22 00:00:00",41434,160815,3314,538,46036,606247.2,575415.4666666667
"2020-11-23 00:00:00",270921,0,6881,0,119216,596876.8333333334,579436.9333333333
"2020-11-24 00:00:00",131445,162048,5092,0,165388,583755.7333333333,575013.2666666667
"2020-11-25 00:00:00",440727,99493,10533,196,175673,589011.5333333333,574878.9333333333
"2020-11-26 00:00:00",161054,105266,4411,56,199489,582704.8,555141.1
"2020-11-27 00:00:00",375134,26794,4476,151,271907,586502.3333333334,567593.1333333333
"2020-11-28 00:00:00",255611,183030,11894,120,268776,582418.9666666667,562044
"2020-11-29 00:00:00",214869,257718,7478,541,148109,580722.6666666666,563633.1333333333
"2020-11-30 00:00:00",298965,93932,6936,0,197405,581583.8,567127.8666666667
"2020-12-01 00:00:00",184848,129410,18370,56,197460,580808.1666666666,567976.1666666666
"2020-12-02 00:00:00",271989,113847,3862,289,127451,576748.8333333334,559933.6333333333
"2020-12-03 00:00:00",128478,329034,3133,252,163187,579102.5666666667,554635.3333333334
"2020-12-04 00:00:00",325580,61874,5546,2716,226926,581898.9666666667,544049.2666666667
"2020-12-05 00:00:00",224148,274155,3363,191,208534,577700.2,551144.4666666667
"2020-12-06 00:00:00",209557,243192,8504,0,166292,568330.9333333333,554969.3
"2020-12-07 00:00:00",145462,90424,9863,387,179470,567821.5666666667,547120.9333333333
"2020-12-08 00:00:00",355174,85855,2060,98,190792,569405.5666666667,559692.6
"2020-12-09 00:00:00",169391,62504,7772,252,158801,564104.8333333334,555549.1
"2020-12-10 00:00:00",251459,66685,5014,2484,179608,561048.2333333333,545220.3666666667
"2020-12-11 00:00:00",314093,0,13747,77,237106,558750.4,536860.1
"2020-12-12 00:00:00",105452,169040,4625,1497,124810,553083.7333333333,530052.6666666666
"2020-12-13 00:00:00",258246,139715,3539,196,166321,551222,534527.7666666667
"2020-12-14 00:00:00",182472,139186,6203,191,186928,554462.2333333333,527742.1333333333
"2020-12-15 00:00:00",266065,47832,2098,191,325303,555069.4,537949.4666666667
"2020-12-16 00:00:00",285919,230889,5555,252,228188,556377.7666666667,531587.8666666667
"2020-12-17 00:00:00",240904,126528,703,191,532807,573946.9666666667,537588.1666666666
"2020-12-18 00:00:00",247377,53031,21050,191,146108,563819.8,543275.3333333334
"2020-12-19 00:00:00",41025,348904,10949,154,456412,577294.1,549874.3333333334
"2020-12-20 00:00:00",252325,125617,5000,56,227401,576328.2,554707.8333333334
"2020-12-21 00:00:00",172162,56498,2017,387,173690,573899.8666666667,564833.8666666667
"2020-12-22 00:00:00",306572,160577,36031,56,132463,586685.2666666667,580594.0666666667
"2020-12-23 00:00:00",302438,220843,2956,191,363104,603102.3666666667,572483.1
"2020-12-24 00:00:00",165537,54524,6768,196,153724,600328.2,551757.3666666667
"2020-12-25 00:00:00",358422,50499,3573,814,269652,598872.8333333334,570846.0333333333
"2020-12-26 00:00:00",284351,111418,1764,233,427036,610690.2666666667,574049.9
"2020-12-27 00:00:00",380293,111878,788,0,270294,613516.6333333333,563118.6333333333
"2020-12-28 00:00:00",73863,113939,13307,196,220859,603607.6666666666,570868
"2020-12-29 00:00:00",216856,271716,2818,247,136863,603600.4333333333,578818.4333333333
"2020-12-30 00:00:00",210573,210564,7336,196,105127,601485.7333333333,585654.8666666667
"2020-12-31 00:00:00",174225,151699,3207,191,149464,599773.8,586019.4333333333
"2021-01-01 00:00:00",121501,68335,7249,151,113012,592867.3666666667,605889.1333333333
"2021-01-02 00:00:00",262061,1802,4729,56,238016,588953.2666666667,612823.8666666667
"2021-01-03 00:00:00",188054,90201,1836,594,74800,580047.9666666667,625541.3666666667
"2021-01-04 00:00:00",407665,100527,3719,0,315412,583945.6,619527.0666666667
"2021-01-05 00:00:00",327279,97314,5179,2394,130143,581771.2,619010.2333333333
"2021-01-06 00:00:00",296584,226264,7758,1022,279991,594638.3333333334,621901.2
"2021-01-07 00:00:00",238711,0,2627,0,275618,590737.6,611001.8
"2021-01-08 00:00:00",112363,63789,3026,207,371220,595800.4333333333,627705.2666666667
"2021-01-09 00:00:00",231242,209766,3143,0,286867,603326,631963.4666666667
"2021-01-10 00:00:00",182471,70905,3749,196,323387,603848.7666666667,628221.2666666667
"2021-01-11 00:00:00",386587,131989,14326,233,157823,613366.6,623374.2666666667
"2021-01-12 00:00:00",135976,106383,4682,637,92658,605777.2333333333,636124.9
"2021-01-13 00:00:00",237167,59049,2620,813,431271,612975.2666666667,631966.8333333334
"2021-01-14 00:00:00",109649,134537,32657,304,120542,604848.7333333333,628684.2
"2021-01-15 00:00:00",139840,180527,9204,741,209719,597822.9333333333,633055.1666666666
"2021-01-16 00:00:00",245077,139861,5026,0,120622,584804.7333333333,629593.6
"2021-01-17 00:00:00",227271,194991,9304,0,434013,598065.6,634931.0333333333
"2021-01-18 00:00:00",97345,190079,3270,56,344639,590663.7666666667,637046.8333333334
"2021-01-19 00:00:00",102250,208642,4253,191,124338,584972.9666666667,638461.9666666667
"2021-01-20 00:00:00",277058,342692,11525,637,153440,597659.5666666667,622816.9333333333
"2021-01-21 00:00:00",580942,75321,3630,0,98117,601736.4333333333,618558.6333333333
"2021-01-22 00:00:00",308917,130229,325,368,311985,597146.2,629904.7333333333
"2021-01-23 00:00:00",167705,130902,2359,490,209113,601473.5,645005.8
"2021-01-24 00:00:00",311655,95664,25354,56,283152,602570.8666666667,628292.0333333333
"2021-01-25 00:00:00",222628,110357,6805,0,334117,597541.0333333333,614541.8666666667
"2021-01-26 00:00:00",86420,204732,5347,0,292320,591726.5666666667,626868.1333333333
"2021-01-27 00:00:00",242971,376772,4882,0,250341,606820.1,627308.5
"2021-01-28 00:00:00",315838,124255,8612,884,310320,611200.4666666667,613309.4333333333
"2021-01-29 00:00:00",303090,179893,4122,0,195696,616167.2666666667,604496.7333333333
"2021-01-30 00:00:00",286184,38023,3672,191,412703,624900.1666666666,601972.5333333333
"2021-01-31 00:00:00",258873,133922,5238,0,176256,633701.5,587043.3333333334
"2021-02-01 00:00:00",220382,121579,3331,56,267061,637226.4,589738.5
"2021-02-02 00:00:00",158377,76741,4737,0,247278,641614.5666666667,579203.2666666667
"2021-02-03 00:00:00",604201,183007,22069,289,389216,653996.6333333333,573916.9
"2021-02-04 00:00:00",315230,172022,11270,98,590223,671547.6666666666,574076.5333333333
"2021-02-05 00:00:00",305116,111348,5804,56,496335,675115.6333333333,587633.9333333333
"2021-02-06 00:00:00",135330,81623,5353,2985,297203,675300.2333333333,583532.1666666666
"2021-02-07 00:00:00",259366,205694,11796,211,332483,683931.7666666667,582083.5333333333
"2021-02-08 00:00:00",592213,64460,4739,0,256590,690164.5333333333,578349.3
"2021-02-09 00:00:00",323158,167565,13367,0,139487,692260.2,582914.4666666667
"2021-02-10 00:00:00",197611,107858,6702,328,311632,690032.6333333333,586294.2666666667
"2021-02-11 00:00:00",336796,86493,33110,93,213951,701036.2666666667,568009.9333333333
"2021-02-12 00:00:00",255461,107431,6355,0,208085,695916.6,558964.7666666667
"2021-02-13 00:00:00",60755,323171,8209,345,205067,702578.4666666667,563066.2333333333
"2021-02-14 00:00:00",166109,125774,2957,151,224436,701891.7,582762.3
"2021-02-15 00:00:00",129854,272683,3943,151,705184,721932.7666666667,600231.4333333333
"2021-02-16 00:00:00",288673,227933,8428,191,321817,721314.7666666667,596729.4
"2021-02-17 00:00:00",182138,247596,19433,0,449550,730092.3,606571.4666666667
"2021-02-18 00:00:00",204675,144046,17816,0,238237,735595.6666666666,594186.9666666667
"2021-02-19 00:00:00",182907,122851,7077,0,224035,727312.8666666667,610682.3666666667
"2021-02-20 00:00:00",235426,79634,5403,0,100567,716080.3333333334,619235.2666666667
"2021-02-21 00:00:00",261126,388005,5682,303,94869,716019,610843.6
"2021-02-22 00:00:00",537671,120235,11249,1912,317074,731938.2,602300.9666666667
"2021-02-23 00:00:00",389745,114246,7784,177,196342,731685.3666666667,616984.0666666667
"2021-02-24 00:00:00",131853,176638,2323,191,350589,731274.9,626036.7666666667
"2021-02-25 00:00:00",244255,221676,2365,0,240475,735273.3,607895.5
"2021-02-26 00:00:00",253551,58368,0,151,242056,724578.5666666667,604009.9333333333
"2021-02-27 00:00:00",237209,183340,3712,0,242192,721463.3333333334,601271.3
"2021-02-28 00:00:00",192472,183400,22948,1289,89299,715016.9333333333,617144.2
"2021-03-01 00:00:00",231131,177411,4382,1156,184296,710270.4,625820.2
"2021-03-02 00:00:00",110280,62455,10510,177,299719,707232.2666666667,621474.3333333334
"2021-03-03 00:00:00",247878,314769,5548,289,277980,715034.1666666666,613748.1666666666
"2021-03-04 00:00:00",482004,293023,3995,56,233053,732534.2,615537.6666666666
"2021-03-05 00:00:00",205401,163046,11491,247,256846,713809.1,639511.9666666667
"2021-03-06 00:00:00",154295,0,7214,0,277678,692153.8333333334,652396.4
"2021-03-07 00:00:00",369056,58931,168,56,184338,681950.1,637174.0333333333
"2021-03-08 00:00:00",190101,221428,2585,1888,316512,688950.8,637053.5
"2021-03-09 00:00:00",175107,267974,8236,8673,321182,688004.8,627267.8666666667
"2021-03-10 00:00:00",290639,245017,4058,151,273520,684517.5333333333,631427.3333333334
"2021-03-11 00:00:00",342626,371460,16090,56,488963,703704.9,636767.9666666667
"2021-03-12 00:00:00",51368,172549,6164,0,218638,697857.8,653605
"2021-03-13 00:00:00",400175,43773,4010,508,340933,701822.9333333333,660900.4666666667
"2021-03-14 00:00:00",290136,13593,17373,56,374805,705777.3333333334,668348.9
"2021-03-15 00:00:00",228737,154483,6944,56,438682,713489.1,665346.5
"2021-03-16 00:00:00",296268,208431,7504,0,431703,727638.4,645260.9
"2021-03-17 00:00:00",273383,53206,2279,0,140822,706234.1,636940.0333333333
"2021-03-18 00:00:00",394279,202664,9744,511,224912,705736.5,618563.5
"2021-03-19 00:00:00",69056,145714,10149,56,467560,698863.7666666667,609657.3333333334
"2021-03-20 00:00:00",206054,102142,6551,2483,309795,699605.3333333334,614171.3666666667
"2021-03-21 00:00:00",283033,114425,3082,0,161556,700446.2333333333,604604.0333333333
"2021-03-22 00:00:00",322781,253277,4923,56,336419,716993.6666666666,590110.7333333333
"2021-03-23 00:00:00",314556,375086,7715,1067,326714,726165.5,593462.9666666667
"2021-03-24 00:00:00",314016,74298,9554,637,545707,724701.1666666666,590681.5333333333
"2021-03-25 00:00:00",211656,166446,4375,735,181377,719910.9,571923.6
"2021-03-26 00:00:00",153442,111448,1288,151,234624,714556.2333333333,580934.2
"2021-03-27 00:00:00",65356,247500,12470,814,418642,715756.6333333333,589043.8
"2021-03-28 00:00:00",329588,98901,3534,98,223377,719135.7,587158.7333333333
"2021-03-29 00:00:00",127559,79894,4505,0,150903,709016,590334.4
"2021-03-30 00:00:00",198816,167242,12943,0,162053,710737.5333333333,573471.5
"2021-03-31 00:00:00",232482,160900,22045,0,220298,711982.6,570174.6
"2021-04-01 00:00:00",264621,236946,7599,1476,208816,719859.7333333333,573238.3333333334
"2021-04-02 00:00:00",243612,157511,12611,98,260872,714134.3666666667,578934.0333333333
"2021-04-03 00:00:00",107727,170048,6758,0,248518,698165.0333333333,581438.3333333334
"2021-04-04 00:00:00",140371,48830,1509,979,302359,693398.9666666667,569046.3666666667
"2021-04-05 00:00:00",421848,202335,1183,61,229834,707268.1333333333,544779.7666666667
"2021-04-06 00:00:00",328420,268153,19320,56,479304,723358.2666666667,546847.9333333333
"2021-04-07 00:00:00",113917,208192,5938,2409,307728,720213.9333333333,563618.2333333333
"2021-04-08 00:00:00",331136,129219,9238,637,352754,721607.6666666666,560165.4333333333
"2021-04-09 00:00:00",212118,97561,3592,249,93932,708076.6333333333,559570.6
"2021-04-10 00:00:00",147690,296252,5131,2226,218005,689746.7333333333,558319
"2021-04-11 00:00:00",281627,135934,19339,0,232488,697102.3,548480.9
"2021-04-12 00:00:00",253074,167903,4826,2416,199438,691710.9333333333,541720.2
"2021-04-13 00:00:00",119707,24568,1261,0,156697,678586.5333333333,540713.1666666666
"2021-04-14 00:00:00",152483,269389,3975,0,459948,680482.9666666667,542621.4333333333
"2021-04-15 00:00:00",282219,399721,9508,196,180899,678104.2666666667,535525.6666666666
"2021-04-16 00:00:00",184911,53324,9090,0,126897,674922.1,522419.6666666667
"2021-04-17 00:00:00",238617,168428,10624,196,266606,670000.7333333333,529048.5333333333
"2021-04-18 00:00:00",64527,399716,5979,0,159616,667910.8333333334,526878.5
"2021-04-19 00:00:00",742593,123550,19742,833,415039,690401.9666666667,526016.5333333333
"2021-04-20 00:00:00",154911,300861,28839,443,258710,696457.5666666667,532020.6666666666
"2021-04-21 00:00:00",123117,246045,23945,196,297514,688903.0666666667,529512.9666666667
"2021-04-22 00:00:00",287464,123530,5238,154,274142,677749.3666666667,518437.8
"2021-04-23 00:00:00",218515,294840,3949,0,195279,670028.3666666667,523221.6666666667
"2021-04-24 00:00:00",365488,296918,5844,98,206417,680367.6666666666,537202.4
"2021-04-25 00:00:00",131794,190524,35258,637,395132,688780.8,537738.5333333333
"2021-04-26 00:00:00",430736,92000,16973,0,461357,697323.6,527634.3
"2021-04-27 00:00:00",356752,250866,18868,0,191347,702734.7,530830.4333333333
"2021-04-28 00:00:00",264147,282935,6608,56,154274,714240.0333333333,529341.6
"2021-04-29 00:00:00",302530,63436,3102,0,350684,720196.6666666666,545815.4333333333
"2021-04-30 00:00:00",149416,122522,274,177,370724,720442.7333333333,546111.8
"2021-05-01 00:00:00",180924,213441,7369,0,216597,717071.9,541363.5333333333
"2021-05-02 00:00:00",388719,112722,6827,304,197086,718103.6666666666,533707.7333333333
"2021-05-03 00:00:00",353200,198639,8865,196,345286,730541.5333333333,536895.5333333333
"2021-05-04 00:00:00",44446,134445,4659,0,224588,727677.8333333334,531421.9666666667
"2021-05-05 00:00:00",149042,43807,15687,0,213402,713233.8,538314.9666666667
"2021-05-06 00:00:00",223741,254170,3836,1748,303214,702949.0333333333,540775.2333333333
"2021-05-07 00:00:00",248563,154515,2932,373,504419,712036.3333333334,533956.8
"2021-05-08 00:00:00",241296,78431,7964,3184,272802,704726.1666666666,543290.8333333334
"2021-05-09 00:00:00",72628,59806,3752,0,63063,697786,564972.6333333333
"2021-05-10 00:00:00",207990,383932,17107,1429,245624,704012.1333333333,549351.3666666667
"2021-05-11 00:00:00",268514,171010,3938,56,561094,715186.3666666667,543984.1333333333
"2021-05-12 00:00:00",274267,202110,1980,0,102176,713615.5,542214.8
"2021-05-13 00:00:00",196248,195530,4850,0,436644,731316.8,546548.6333333333
"2021-05-14 00:00:00",217737,39306,5539,56,235129,718382.5,553700.3333333334
"2021-05-15 00:00:00",126822,203039,9373,0,389334,713583.2666666667,567394.2
"2021-05-16 00:00:00",164261,94351,3162,0,235665,717690.4333333333,569594.8
"2021-05-17 00:00:00",270527,140135,5022,1086,242621,716854.5,573686.3333333334
"2021-05-18 00:00:00",230659,234060,4302,0,67012,713727.6333333333,581557.6
"2021-05-19 00:00:00",190881,397370,16698,2069,355276,702412.1333333333,582814
"2021-05-20 00:00:00",220065,48274,19878,637,533019,705015.7333333333,583256.7666666667
"2021-05-21 00:00:00",138403,2107,1110,196,109891,690378.5666666667,595225.1666666666
"2021-05-22 00:00:00",298377,162957,8592,56,147580,687946.4666666667,602562.3333333334
"2021-05-23 00:00:00",267051,148721,4079,0,193330,684633.1,614508.9333333333
"2021-05-24 00:00:00",249278,173122,6622,177,276273,678990.0333333333,605284.1333333333
"2021-05-25 00:00:00",139422,42691,9448,56,208929,667230.0666666667,599976.5
"2021-05-26 00:00:00",214550,233667,8554,2920,344015,660651.4666666667,600965.6
"2021-05-27 00:00:00",255219,143379,3224,788,147789,651737.0666666667,604043.2666666667
"2021-05-28 00:00:00",349126,67764,4707,196,292546,651947.6,606913.2
"2021-05-29 00:00:00",498997,258312,1389,0,335655,664434.2333333333,593977.9666666667
"2021-05-30 00:00:00",300676,51025,3406,757,507958,671791.2666666667,608130.5333333333
"2021-05-31 00:00:00",287861,279702,9194,176,284334,679889.1666666666,611106.1
"2021-06-01 00:00:00",148028,128455,18041,0,438307,680794.9,615211.3333333334
"2021-06-02 00:00:00",233937,203212,8568,0,233274,673221.6666666666,611161
"2021-06-03 00:00:00",456785,154391,6030,56,549970,698524.7333333333,610541.7
"2021-06-04 00:00:00",112322,268523,6346,177,387525,710289.9,618080.5333333333
"2021-06-05 00:00:00",353235,160610,5217,1382,222771,708840.1333333333,613358.5333333333
"2021-06-06 00:00:00",152215,252237,7467,0,135207,696717.4333333333,603005.2666666667
"2021-06-07 00:00:00",205795,184698,2469,1019,345837,701255.4,608805.1
"2021-06-08 00:00:00",273567,273230,14068,56,201524,720028.7,588024.5333333333
"2021-06-09 00:00:00",187596,212932,15774,98,665067,727541.4666666667,609336.2333333333
"2021-06-10 00:00:00",189734,95703,15995,177,353576,715893.9,610039.4
"2021-06-11 00:00:00",163803,330048,10696,637,377163,725954.3333333334,625911.9
"2021-06-12 00:00:00",181111,58535,16358,56,372187,719120.2333333333,625408.1333333333
"2021-06-13 00:00:00",59104,275839,6962,0,240949,721956.4333333333,617987.2333333333
"2021-06-14 00:00:00",269378,92624,13437,0,441810,724912.4666666667,610463.5666666667
"2021-06-15 00:00:00",290745,170321,2927,0,265707,732654.4666666667,619454.3666666667
"2021-06-16 00:00:00",229150,184572,3702,0,319852,735250.5333333333,623094.7666666667
"2021-06-17 00:00:00",158722,225165,8574,0,340636,741819.3666666667,615423.1666666666
"2021-06-18 00:00:00",282176,54406,1845,177,244932,729194.1,629604.2
"2021-06-19 00:00:00",428398,165726,6485,693,299938,731839.7333333333,617531.8666666667
"2021-06-20 00:00:00",387215,419561,11013,0,369869,763038.2,622572.8666666667
"2021-06-21 00:00:00",716056,129002,7645,151,314462,781363.2666666667,623394.7
"2021-06-22 00:00:00",127887,38023,3360,98,254456,775051.4,613364.0666666667
"2021-06-23 00:00:00",295131,48158,21988,56,411075,777415.8333333334,617279.1
"2021-06-24 00:00:00",242174,309762,8437,637,585528,802282.1666666666,626496.6
"2021-06-25 00:00:00",224140,136975,4821,1442,301841,797799.2,636215.7
"2021-06-26 00:00:00",228633,193055,6891,0,279904,803068.6333333333,630224.5333333333
"2021-06-27 00:00:00",276671,47832,10233,177,442858,805183.1333333333,638874
"2021-06-28 00:00:00",228801,177243,9844,347,263086,791348.8,640287.2333333333
"2021-06-29 00:00:00",144780,176363,6901,1762,384170,786354.0666666667,631991.7333333333
"2021-06-30 00:00:00",200451,47406,5761,196,123714,770229.4333333333,637019.2
"2021-07-01 00:00:00",213770,242527,15188,56,311267,771895.4,636538.9
"2021-07-02 00:00:00",363458,0,2595,0,259840,770125.5333333333,637491.4666666667
"2021-07-03 00:00:00",137974,201790,5323,637,302097,752811.8333333334,645397.2
"2021-07-04 00:00:00",50591,31459,12596,4096,358034,742208,636149.7666666667
"2021-07-05 00:00:00",177375,188702,3244,177,178082,735686.8,629028.5666666667
"2021-07-06 00:00:00",257926,271973,4779,5030,62505,737523.2,628251.0333333333
"2021-07-07 00:00:00",319854,268047,7519,567,129836,737056.7,620700.5333333333
"2021-07-08 00:00:00",226569,219584,6529,0,397237,739972.4,648667.2
"2021-07-09 00:00:00",308898,187938,5810,0,129941,725009.6666666666,646108.8
"2021-07-10 00:00:00",254586,142120,27733,0,288316,726928.7,645938.9333333333
"2021-07-11 00:00:00",499585,490787,3441,729,880844,760030.1666666666,637408.2666666667
"2021-07-12 00:00:00",374181,192105,11883,196,168260,763976.0666666667,632345.6
"2021-07-13 00:00:00",418016,141744,7103,1066,512972,780577.7333333333,645965.0666666667
"2021-07-14 00:00:00",220761,114869,5526,0,325901,775571.3666666667,660831.3
"2021-07-15 00:00:00",173070,103723,4991,387,311656,771042.3333333334,657745
"2021-07-16 00:00:00",252487,106868,6603,196,41622,760059.0666666667,658188.2333333333
"2021-07-17 00:00:00",193809,127191,2924,2295,330841,757524.5333333333,665284.6
"2021-07-18 00:00:00",99657,417555,18718,0,138589,760557.3333333334,651040.1666666666
"2021-07-19 00:00:00",139935,238771,9819,393,413341,757257.9666666667,660564.0333333333
"2021-07-20 00:00:00",137570,75352,2802,0,376868,737422.4,648999.6333333333
"2021-07-21 00:00:00",293077,111471,12576,252,189698,718747.6666666666,646161.9333333333
"2021-07-22 00:00:00",256092,206356,9775,98,681689,743087.1,633846.3666666667
"2021-07-23 00:00:00",325281,102584,33995,393,457845,747876.7666666667,634190.8
"2021-07-24 00:00:00",313159,268671,4061,297,205744,736056.6,628683.5333333333
"2021-07-25 00:00:00",79078,331292,4666,177,272900,736686.4666666667,647293.8666666667
"2021-07-26 00:00:00",231298,126423,7260,196,268978,734208.9666666667,648134
"2021-07-27 00:00:00",45520,302075,2624,231,398804,733258.4,656312.3333333334
"2021-07-28 00:00:00",242493,153815,5976,637,324220,734852.3666666667,656198.8666666667
"2021-07-29 00:00:00",146824,94557,15411,196,357773,731545.0333333333,647057
"2021-07-30 00:00:00",253297,185081,4993,637,276465,742976.4666666667,662974.0333333333
"2021-07-31 00:00:00",215622,187155,5674,177,591273,750212.9333333333,667196.9333333333
"2021-08-01 00:00:00",250637,174830,5237,491,134548,748207.8666666667,673900.8666666667
"2021-08-02 00:00:00",204616,174985,20376,252,139445,744603,663324.3333333334
"2021-08-03 00:00:00",83480,205517,5949,0,530700,756898.6,674069.6333333333
"2021-08-04 00:00:00",282395,179521,1955,196,262637,762869.4,673481.1
"2021-08-05 00:00:00",217872,133891,3301,0,165030,760132,671101.1333333333
"2021-08-06 00:00:00",273002,83084,20106,1906,622938,769305.9,670289.5333333333
"2021-08-07 00:00:00",208663,359466,3179,98,223070,767457.8666666667,657254.8
"2021-08-08 00:00:00",402519,90039,8247,373,130830,767438.7,650439.4666666667
"2021-08-09 00:00:00",412793,197241,3927,294,313498,774605.2,654800.8
"2021-08-10 00:00:00",123763,295987,10735,151,365046,738614.9666666667,664085.1
"2021-08-11 00:00:00",453416,202793,13657,154,319665,746717.0333333333,673241.2666666667
"2021-08-12 00:00:00",161589,383810,4668,196,221473,736411.5333333333,650104
"2021-08-13 00:00:00",232682,25790,3294,98,119871,726900.7333333333,632933.9
"2021-08-14 00:00:00",239470,6934,3437,151,422304,729516.3666666667,630740.9
"2021-08-15 00:00:00",257691,167504,27654,252,188246,737302.1666666666,622708.4666666667
"2021-08-16 00:00:00",273745,181100,8286,1010,610573,751223.9666666667,613928.3666666667
"2021-08-17 00:00:00",106158,284060,2528,177,416268,755713,623942.3
"2021-08-18 00:00:00",266287,110955,15989,196,89277,745061.1333333333,641445.5
"2021-08-19 00:00:00",192262,301615,5239,0,257972,750544.3666666667,647233.7333333333
"2021-08-20 00:00:00",268963,59506,3079,635,424580,755534.0666666667,655112.6
"2021-08-21 00:00:00",181399,172011,23525,56,673138,752071.4333333333,665856.6666666666
"2021-08-22 00:00:00",68979,135141,9770,177,214543,735688.6,664585.5666666667
"2021-08-23 00:00:00",375715,197876,7402,547,517779,745934.8,664729.3333333334
"2021-08-24 00:00:00",207392,156977,14616,873,157742,740917.5666666667,645534.0666666667
"2021-08-25 00:00:00",155305,19861,987,735,363361,737787.3333333334,654647.2666666667
"2021-08-26 00:00:00",373407,314952,8185,0,412768,749789.2666666667,646067.6666666666
"2021-08-27 00:00:00",408995,138494,496,393,188458,750112.4,647755.7666666667
"2021-08-28 00:00:00",195238,177761,4256,113,253769,750658.3333333334,650367.4666666667
"2021-08-29 00:00:00",321667,232701,4477,196,695124,768448.1666666666,638475.6
"2021-08-30 00:00:00",357647,251350,8609,393,226982,763284.1666666666,647131.9
"2021-08-31 00:00:00",80404,137500,6754,56,140689,756606.2,660246.6666666666
"2021-09-01 00:00:00",313621,45411,26490,196,256238,760015.6333333333,662192.0666666667
"2021-09-02 00:00:00",122115,247719,4185,637,125801,749176,651609.7333333333
"2021-09-03 00:00:00",296288,227838,14681,0,582920,762343.4666666667,657738.4
"2021-09-04 00:00:00",500352,98519,6750,177,335368,776379.3,682005
"2021-09-05 00:00:00",66797,151812,1971,2835,507531,767376.1,682553.7666666667
"2021-09-06 00:00:00",366205,197954,5554,56,126384,764098.6333333333,672666
"2021-09-07 00:00:00",185510,62023,6748,702,327679,762453.7666666667,683030.8666666667
"2021-09-08 00:00:00",166685,324153,4550,0,372367,760453.9,690724.6333333333
"2021-09-09 00:00:00",106809,57497,12694,429,215919,747042.9,678592.3666666667
"2021-09-10 00:00:00",453865,51102,27026,2248,277655,741116.5666666667,673033.2666666667
"2021-09-11 00:00:00",272450,263851,4075,191,380272,746086.6666666666,683889
"2021-09-12 00:00:00",210233,29896,7890,252,854194,770111.1,690122.0333333333
"2021-09-13 00:00:00",344969,118307,6788,191,348176,774982.2666666667,687785.6
"2021-09-14 00:00:00",66188,237220,2076,196,300526,773810.7666666667,706369.8666666667
"2021-09-15 00:00:00",260912,113257,29477,398,300287,761464.8,720031.1666666666
"2021-09-16 00:00:00",153635,180514,7418,0,343825,757338.2666666667,724940.7333333333
"2021-09-17 00:00:00",145207,396907,5370,0,239122,767468.4666666667,706453.6666666666
"2021-09-18 00:00:00",90458,93995,9946,0,151304,753755.6666666666,708682.9666666667
"2021-09-19 00:00:00",161633,95165,7612,387,240507,745373.7666666667,710267.3
"2021-09-20 00:00:00",383088,321532,5467,151,585403,753557.5666666667,722355.7666666667
"2021-09-21 00:00:00",365968,124466,11444,247,389568,768993.6,721456.7666666667
"2021-09-22 00:00:00",200964,291211,11308,151,296043,759005.5666666667,709165.1333333333
"2021-09-23 00:00:00",390707,178032,15359,387,190413,766915.6666666666,714937.1
"2021-09-24 00:00:00",377874,215203,18000,154,423698,783404.9666666667,714902.8333333334
"2021-09-25 00:00:00",250044,294635,11067,191,244086,773095.3333333334,713386.9
"2021-09-26 00:00:00",90477,160341,5762,3924,179522,763201.7333333333,715738.3666666667
"2021-09-27 00:00:00",442401,343112,4959,247,571348,787566.1333333333,717182.1333333333
"2021-09-28 00:00:00",201016,54496,3659,98,307053,764637.9333333333,725268.4333333333
"2021-09-29 00:00:00",118231,332609,5153,196,273519,760795.4666666667,724879.8
"2021-09-30 00:00:00",322644,258068,7819,176,427249,782480.6666666666,717075.1333333333
"2021-10-01 00:00:00",104228,150385,7706,196,358168,781771.6,717801.7333333333
"2021-10-02 00:00:00",484632,94439,2344,249,395414,797658.9,720221.5
"2021-10-03 00:00:00",163432,116093,1728,196,162886,775079.2,717432.4
"2021-10-04 00:00:00",294839,156563,12250,0,646295,780705.1333333333,706285.9333333333
"2021-10-05 00:00:00",191714,169376,10442,252,517341,785977.9666666667,707048.8333333334
"2021-10-06 00:00:00",219554,279499,4725,98,452518,794652.6333333333,700669.9666666667
"2021-10-07 00:00:00",195976,181592,11309,491,275233,797383.9,694198.6
"2021-10-08 00:00:00",342264,160958,2264,0,227838,792902.7333333333,688082.8666666667
"2021-10-09 00:00:00",278086,105529,9163,0,172332,798628.0333333333,704982
"2021-10-10 00:00:00",149705,206337,3255,449,223046,790991.2666666667,702557.2333333333
"2021-10-11 00:00:00",215334,327059,19869,833,289817,788727.0666666667,701770.0333333333
"2021-10-12 00:00:00",198641,119884,7131,0,461178,778206,704167.2666666667
"2021-10-13 00:00:00",389246,104588,11667,196,137366,772360.4333333333,701730.8333333334
"2021-10-14 00:00:00",139348,147536,3764,252,352829,773611.2,677879.5
"2021-10-15 00:00:00",300827,280124,7221,196,556089,788281.9666666667,669806.1333333333
"2021-10-16 00:00:00",160333,106853,5919,0,280279,783881.7,651981.7
"2021-10-17 00:00:00",178084,210459,13779,252,233001,778847.2333333333,662158.4666666667
"2021-10-18 00:00:00",417991,245903,10707,151,174786,795641.7,658208.2
"2021-10-19 00:00:00",145709,267478,7427,196,435626,807346,657503.5666666667
"2021-10-20 00:00:00",304471,223760,2132,347,283496,791298.1333333333,651078.1333333333
"2021-10-21 00:00:00",195757,256293,27391,0,312389,787969.4333333333,654732.8333333334
"2021-10-22 00:00:00",233918,78658,11121,191,200551,778794.8,661847.8333333334
"2021-10-23 00:00:00",183559,178624,5080,340,141851,769946.6,666331.1666666666
"2021-10-24 00:00:00",117311,145195,4930,252,421199,758411.9,661180.7666666667
"2021-10-25 00:00:00",473523,263348,8660,196,378793,769228.3666666667,668825.8333333334
"2021-10-26 00:00:00",353280,58886,13850,196,304544,778919.3666666667,664343.5333333333
"2021-10-27 00:00:00",59643,55616,9136,113,216949,744898.9,662607.3666666667
"2021-10-28 00:00:00",193886,204455,7133,0,760753,764895.7333333333,649180.8666666667
"2021-10-29 00:00:00",155889,303066,8708,0,222988,763593.8,647736.6666666666
"2021-10-30 00:00:00",372040,127621,5547,0,505870,763431.0333333333,642950.5666666667
"2021-10-31 00:00:00",104441,259152,9053,252,78576,757790.7666666667,644661.8666666667
"2021-11-01 00:00:00",349790,323209,13339,252,317775,758700.4,643520.6666666666
"2021-11-02 00:00:00",262373,143563,7110,196,562514,776414.5333333333,651383.4333333333
"2021-11-03 00:00:00",312794,135676,1020,0,197416,760979.8333333334,644342.9333333333
"2021-11-04 00:00:00",237347,106881,4223,511,229474,750623.3333333334,641827.9666666667
"2021-11-05 00:00:00",154398,192089,6320,0,165037,736005.1,657358.5666666667
"2021-11-06 00:00:00",256393,261571,4952,56,135070,735786.4333333333,665712.5333333333
"2021-11-07 00:00:00",117747,186053,2265,347,165312,727066.5,656403.0666666667
"2021-11-08 00:00:00",296992,312193,6889,708,278066,738057.7666666667,640505.5666666667
"2021-11-09 00:00:00",149234,137706,24006,56,95810,732191.8333333334,640983.3333333334
"2021-11-10 00:00:00",321658,403049,1267,0,204383,734773.2666666667,641997.3666666667
"2021-11-11 00:00:00",143115,249562,13820,2149,314048,732635.3,640419.7666666667
"2021-11-12 00:00:00",361405,153401,4330,56,201245,735214.3333333334,641390.9333333333
"2021-11-13 00:00:00",296472,199935,8176,0,397625,743830.2,648914.7
"2021-11-14 00:00:00",118562,154733,2470,196,169206,720520.5333333333,642425
"2021-11-15 00:00:00",377119,390767,19985,56,185758,734530.6333333333,652118.1
"2021-11-16 00:00:00",295792,249111,20817,387,147860,737143.7333333333,646779.4666666667
"2021-11-17 00:00:00",348986,181181,7554,0,305977,736949.0333333333,636931
"2021-11-18 00:00:00",328664,163231,4891,56,275995,734162.2666666667,640929.9333333333
"2021-11-19 00:00:00",160844,218994,5156,252,426561,734082.1666666666,632248.2666666667
"2021-11-20 00:00:00",297771,281258,5612,0,305795,737369,631250.7666666667
"2021-11-21 00:00:00",176310,298888,20766,0,276608,745640.2,627518.7333333333
"2021-11-22 00:00:00",208454,188886,3845,98,377213,754608.2333333333,606247.2
"2021-11-23 00:00:00",362731,233536,15975,207,221852,759455.3,596876.8333333334
"2021-11-24 00:00:00",261758,194967,9365,788,488433,753815.1333333333,583755.7333333333
"2021-11-25 00:00:00",189463,247230,10125,196,242931,752454.7666666667,589011.5333333333
"2021-11-26 00:00:00",249095,225840,4522,403,428521,771352.3666666667,582704.8
"2021-11-27 00:00:00",191731,305165,6820,98,159069,754574.2,586502.3333333334
"2021-11-28 00:00:00",277735,116930,7414,0,286837,754516.3666666667,582418.9666666667
"2021-11-29 00:00:00",225614,496384,3101,196,182012,751057.4,580722.6666666666
"2021-11-30 00:00:00",350618,217448,3724,56,191388,761449.3666666667,581583.8
"2021-12-01 00:00:00",247009,286978,5304,56,319739,756606.7666666667,580808.1666666666
"2021-12-02 00:00:00",256941,197711,12274,98,181198,745688.9,576748.8333333334
"2021-12-03 00:00:00",389353,43515,2076,252,320983,749331.3666666667,579102.5666666667
"2021-12-04 00:00:00",382715,0,8936,0,317568,753690.8,581898.9666666667
"2021-12-05 00:00:00",26750,212643,3332,196,114593,748346.4666666667,577700.2
"2021-12-06 00:00:00",275788,220961,17415,56,287022,753119.8,568330.9333333333
"2021-12-07 00:00:00",98285,257202,9744,252,252723,758002.6,567821.5666666667
"2021-12-08 00:00:00",215953,69295,4235,98,311622,748214.4,569405.5666666667
"2021-12-09 00:00:00",207482,192752,3076,98,277099,757337.4333333333,564104.8333333334
"2021-12-10 00:00:00",158911,279699,6461,56,133921,745627.1333333333,561048.2333333333
"2021-12-11 00:00:00",341773,390412,8084,4681,382225,759109.8,558750.4
"2021-12-12 00:00:00",189602,106165,1178,196,97468,748248.9333333333,553083.7333333333
"2021-12-13 00:00:00",90612,338713,2796,252,93783,735714,551222
"2021-12-14 00:00:00",254649,247793,7683,0,299231,747853.6,554462.2333333333
"2021-12-15 00:00:00",387115,161255,1933,151,184086,739882.0333333333,555069.4
"2021-12-16 00:00:00",346032,358207,8244,443,250537,748198.5666666667,556377.7666666667
"2021-12-17 00:00:00",288895,134773,13717,0,102134,738059.2333333333,573946.9666666667
"2021-12-18 00:00:00",96189,237984,16664,637,144644,728835.3666666667,563819.8
"2021-12-19 00:00:00",228606,256272,12731,252,157524,723621.4333333333,577294.1
"2021-12-20 00:00:00",362865,162039,11975,0,260071,720505.2,576328.2
"2021-12-21 00:00:00",72839,251172,4077,0,266178,714561.6,573899.8666666667
"2021-12-22 00:00:00",131043,143951,6244,2226,311819,708454.5,586685.2666666667
"2021-12-23 00:00:00",323737,235492,2950,252,228785,707018.3666666667,603102.3666666667
"2021-12-24 00:00:00",302831,157441,9284,0,148407,695773.3333333334,600328.2
"2021-12-25 00:00:00",360310,160095,14211,98,226485,698148.5,598872.8333333334
"2021-12-26 00:00:00",137297,485751,14610,196,255655,697652.7,610690.2666666667
"2021-12-27 00:00:00",196310,103396,5752,0,292955,695503.7333333333,613516.6333333333
"2021-12-28 00:00:00",339027,146908,8274,252,128027,693289.4333333333,603607.6666666666
"2021-12-29 00:00:00",208702,47982,7792,0,422936,685959.5666666667,603600.4333333333
"2021-12-30 00:00:00",255762,272328,7300,196,276791,687597.6333333333,601485.7333333333
"2021-12-31 00:00:00",192083,110052,1226,316,123110,673187.6333333333,599773.8
"2022-01-01 00:00:00",259814,207435,2974,56,158744,672547.6,592867.3666666667
"2022-01-02 00:00:00",166934,223048,6008,196,34134,661685.5666666667,588953.2666666667
"2022-01-03 00:00:00",314797,217005,6682,1289,123794,660163.9666666667,580047.9666666667
"2022-01-04 00:00:00",359848,4467,7901,637,129232,664982.9666666667,583945.6
"2022-01-05 00:00:00",114823,220269,7985,196,216081,656919.9666666667,581771.2
"2022-01-06 00:00:00",109011,104466,9063,796,266383,652637.0666666667,594638.3333333334
"2022-01-07 00:00:00",162868,138636,7934,637,491975,659332.0666666667,590737.6
"2022-01-08 00:00:00",94767,109495,3640,637,194999,650099.8333333334,595800.4333333333
"2022-01-09 00:00:00",175829,236453,5093,294,201547,651438.7666666667,603326
"2022-01-10 00:00:00",488661,306749,3582,707,350280,652198.7666666667,603848.7666666667
"2022-01-11 00:00:00",261163,209985,6469,196,149501,659955.6666666666,613366.6
"2022-01-12 00:00:00",244542,151029,18055,833,239762,664224.5333333333,605777.2333333333
"2022-01-13 00:00:00",182356,272326,7278,151,455299,667826.3333333334,612975.2666666667
"2022-01-14 00:00:00",191271,335504,4450,823,299153,671048.4,604848.7333333333
"2022-01-15 00:00:00",195402,160668,17547,56,224548,658873.6,597822.9333333333
"2022-01-16 00:00:00",164023,143614,1875,196,135079,655715.8666666667,584804.7333333333
"2022-01-17 00:00:00",209546,163418,9373,2168,394239,665136.8,598065.6
"2022-01-18 00:00:00",101662,260974,1044,196,166248,660961.3666666667,590663.7666666667
"2022-01-19 00:00:00",257030,224856,24537,0,157130,656514.7666666667,584972.9666666667
"2022-01-20 00:00:00",133492,290319,8204,297,229184,658755.8666666667,597659.5666666667
"2022-01-21 00:00:00",21215,0,0,0,101542,643004.9,601736.4333333333
"2022-01-22 00:00:00",393348,282023,12277,316,278940,648861.2,597146.2
"2022-01-23 00:00:00",140223,275672,8147,196,344390,653883.4333333333,601473.5
"2022-01-24 00:00:00",208224,238122,11659,348,165876,649317.7333333333,602570.8666666667
"2022-01-25 00:00:00",497401,324609,3834,3193,320132,657839.8,597541.0333333333
"2022-01-26 00:00:00",176926,153633,9291,392,467342,664812.3,591726.5666666667
"2022-01-27 00:00:00",222759,183113,12774,98,137763,662612.9666666667,606820.1
"2022-01-28 00:00:00",206679,102475,3640,1061,242838,658255.6666666666,611200.4666666667
"2022-01-29 00:00:00",195035,312684,4952,0,151712,653322.5,616167.2666666667
"2022-01-30 00:00:00",516236,261779,3774,393,296067,675037.8333333334,624900.1666666666
"2022-01-31 00:00:00",392848,188961,27861,77,532923,692159.4666666667,633701.5
"2022-02-01 00:00:00",195427,218295,2751,0,204117,698501.9333333333,637226.4
"2022-02-02 00:00:00",157340,160870,7690,0,99569,690565.2,641614.5666666667
"2022-02-03 00:00:00",160080,378742,13899,196,180893,698289.4666666667,653996.6333333333
"2022-02-04 00:00:00",358596,87709,4502,151,247472,702925.5666666667,671547.6666666666
"2022-02-05 00:00:00",286598,209592,4213,373,187029,709528.3666666667,675115.6333333333
"2022-02-06 00:00:00",376644,86645,4288,0,113613,702166.2333333333,675300.2333333333
"2022-02-07 00:00:00",293405,305460,1121,0,314684,719203.8333333334,683931.7666666667
"2022-02-08 00:00:00",217712,113920,19769,0,147233,715184.4666666667,690164.5333333333
"2022-02-09 00:00:00",409385,297319,12220,1778,242424,708956.1333333333,692260.2
"2022-02-10 00:00:00",160895,129573,7722,151,484122,714127.7,690032.6333333333
"2022-02-11 00:00:00",268488,167887,11065,196,704628,730729.0666666667,701036.2666666667
"2022-02-12 00:00:00",256290,335457,5679,637,236760,727976.1666666666,695916.6
"2022-02-13 00:00:00",199572,58487,5432,1733,350218,720784.1333333333,702578.4666666667
"2022-02-14 00:00:00",279044,308909,6328,196,377075,733228.4333333333,701891.7
"2022-02-15 00:00:00",301828,109073,13446,0,335258,743722.4333333333,721932.7666666667
"2022-02-16 00:00:00",160000,182415,2255,56,178081,735191.1,721314.7666666667
"2022-02-17 00:00:00",154846,410032,14408,393,332408,747923.2333333333,730092.3
"2022-02-18 00:00:00",141445,443026,10463,196,496697,762199.1,735595.6666666666
"2022-02-19 00:00:00",186230,51091,6588,56,256200,756821.3333333334,727312.8666666667
"2022-02-20 00:00:00",306920,195574,11334,196,150902,774893.8,716080.3333333334
"2022-02-21 00:00:00",474012,113943,3902,196,231485,770114.9333333333,716019
"2022-02-22 00:00:00",241859,223805,5790,191,247959,768480.6333333333,731938.2
"2022-02-23 00:00:00",329234,287588,23962,56,278500,778317.7,731685.3666666667
"2022-02-24 00:00:00",183327,173720,9592,191,389918,765236.9,731274.9
"2022-02-25 00:00:00",346744,239759,13358,196,376921,770883.2333333333,735273.3
"2022-02-26 00:00:00",238579,144225,9236,247,194276,771885.2,724578.5666666667
"2022-02-27 00:00:00",251081,378824,8587,196,426983,788851.1666666666,721463.3333333334
"2022-02-28 00:00:00",344164,294675,7317,56,619246,808887.1333333333,715016.9333333333
"2022-03-01 00:00:00",299486,285349,18146,177,405224,806558.3333333334,710270.4
"2022-03-02 00:00:00",566867,513614,12551,2776,507315,821906.8333333334,707232.2666666667
"2022-03-03 00:00:00",68697,149104,2937,196,284824,818079.1333333333,715034.1666666666
"2022-03-04 00:00:00",127085,115318,12022,0,265092,821214.1333333333,732534.2
"2022-03-05 00:00:00",364118,227529,4655,693,299751,826645.2666666667,713809.1
"2022-03-06 00:00:00",217247,310833,14222,373,368210,833726.9,692153.8333333334
"2022-03-07 00:00:00",179944,49309,13929,0,723070,843008.5333333333,681950.1
"2022-03-08 00:00:00",371237,298992,17570,987,191945,852993.3666666667,688950.8
"2022-03-09 00:00:00",181406,57281,12065,2283,259657,839594.2,688004.8
"2022-03-10 00:00:00",215118,220208,10769,0,326095,848712.7666666667,684517.5333333333
"2022-03-11 00:00:00",348269,425803,15260,541,235736,850795.6,703704.9
"2022-03-12 00:00:00",380948,254333,4673,2563,313152,856569.1,697857.8
"2022-03-13 00:00:00",243401,169627,9692,196,227969,839856.5333333333,701822.9333333333
"2022-03-14 00:00:00",218715,137944,5958,844,558099,842747.8,705777.3333333334
"2022-03-15 00:00:00",163001,128483,6331,294,187369,838415.7666666667,713489.1
"2022-03-16 00:00:00",338221,193443,4606,56,218061,831176.9666666667,727638.4
"2022-03-17 00:00:00",153196,120534,7305,0,15638,815745.9,706234.1
"2022-03-18 00:00:00",87950,3515,5997,177,187221,807814.3666666667,705736.5
"2022-03-19 00:00:00",201858,448837,32637,0,317438,810770.4333333333,698863.7666666667
"2022-03-20 00:00:00",291434,115371,4533,196,169035,793728.5333333333,699605.3333333334
"2022-03-21 00:00:00",173912,381162,26113,196,513878,813565.1,700446.2333333333
"2022-03-22 00:00:00",225198,217183,5668,56,304562,816489.7,716993.6666666666
"2022-03-23 00:00:00",295270,178864,12129,196,129512,809570.8,726165.5
"2022-03-24 00:00:00",211192,352021,4551,637,168311,810141.1333333333,724701.1666666666
"2022-03-25 00:00:00",250329,324615,7852,252,431315,813308.6333333333,719910.9
"2022-03-26 00:00:00",101099,177567,8273,637,124808,801829.8666666667,714556.2333333333
"2022-03-27 00:00:00",168686,128881,171,196,336863,790423.8333333334,715756.6333333333
"2022-03-28 00:00:00",285392,148014,10457,0,233824,793461.2,719135.7
"2022-03-29 00:00:00",147944,297622,19061,196,584243,792907.6333333333,709016
"2022-03-30 00:00:00",238837,404852,4913,196,177259,778260.8,710737.5333333333
"2022-03-31 00:00:00",300158,189039,12864,0,336083,772586.1666666666,711982.6
"2022-04-01 00:00:00",323063,359482,11634,56,231196,749996.4666666667,719859.7333333333
"2022-04-02 00:00:00",145367,180805,20598,0,192201,751103.4333333333,714134.3666666667
"2022-04-03 00:00:00",249434,184347,13409,10073,157092,754264.7,698165.0333333333
"2022-04-04 00:00:00",152604,166904,6711,347,979423,767906.1,693398.9666666667
"2022-04-05 00:00:00",361439,208518,11209,693,386061,769807.4333333333,707268.1333333333
"2022-04-06 00:00:00",162234,256363,3599,637,281320,761070.7666666667,723358.2666666667
"2022-04-07 00:00:00",304144,278107,3985,393,188571,757552.9,720213.9333333333
"2022-04-08 00:00:00",299350,114048,8983,1732,253616,763054.1666666666,721607.6666666666
"2022-04-09 00:00:00",170121,272651,21894,0,296433,762684.4,708076.6333333333
"2022-04-10 00:00:00",405061,279493,17686,294,361470,763964.1333333333,689746.7333333333
"2022-04-11 00:00:00",135947,195355,8258,196,199718,750090.9666666667,697102.3
"2022-04-12 00:00:00",433364,304866,2434,0,241548,761135.1,691710.9333333333
"2022-04-13 00:00:00",194396,111299,8297,196,182211,746963.1,678586.5333333333
"2022-04-14 00:00:00",238435,299617,4372,0,258041,757462.6666666666,680482.9666666667
"2022-04-15 00:00:00",73334,139867,15094,2636,375436,752528.7333333333,678104.2666666667
"2022-04-16 00:00:00",266888,88776,13459,154,315920,765479.4666666667,674922.1
"2022-04-17 00:00:00",306001,107351,5110,499,165723,775473.6333333333,670000.7333333333
"2022-04-18 00:00:00",268002,96618,9512,0,280146,763923.9,667910.8333333334
"2022-04-19 00:00:00",245423,414062,12736,424,215689,774182.7333333333,690401.9666666667
"2022-04-20 00:00:00",155728,193474,21932,0,396228,763252.7,696457.5666666667
"2022-04-21 00:00:00",98307,370024,11017,0,116383,758021.5666666667,688903.0666666667
"2022-04-22 00:00:00",445365,157548,3015,445,281097,767071.5333333333,677749.3666666667
"2022-04-23 00:00:00",684514,77117,6121,0,342739,779530.9,670028.3666666667
"2022-04-24 00:00:00",111606,203319,6036,637,361588,768491.5666666667,680367.6666666666
"2022-04-25 00:00:00",317031,191486,6009,429,223100,779347.2,688780.8
"2022-04-26 00:00:00",251000,168492,21053,191,222192,780285.1333333333,697323.6
"2022-04-27 00:00:00",329642,228488,14566,0,549244,795093.5333333333,702734.7
"2022-04-28 00:00:00",133220,17389,6263,196,239660,773348.9333333333,714240.0333333333
"2022-04-29 00:00:00",283012,117759,10827,0,302251,769608.6333333333,720196.6666666666
"2022-04-30 00:00:00",215478,250182,11387,191,220083,764914.6333333333,720442.7333333333
"2022-05-01 00:00:00",156911,233188,1605,373,241490,755185.7,717071.9
"2022-05-02 00:00:00",186763,257265,14367,502,500212,769190.3333333334,718103.6666666666
"2022-05-03 00:00:00",168671,79427,3164,196,120062,761095.8333333334,730541.5333333333
"2022-05-04 00:00:00",450206,195632,16573,1555,335650,750883.5666666667,727677.8333333334
"2022-05-05 00:00:00",441400,503338,13743,289,144504,755395.2,713233.8
"2022-05-06 00:00:00",245624,146556,7839,338,334501,756418.6666666666,702949.0333333333
"2022-05-07 00:00:00",149073,62068,5844,502,315467,748343.8333333334,712036.3333333334
"2022-05-08 00:00:00",322958,249000,8917,196,406939,758686.4666666667,704726.1666666666
"2022-05-09 00:00:00",233176,138631,3786,2638,399949,759255.8666666667,697786
"2022-05-10 00:00:00",228508,187623,3632,196,243038,745889.0333333333,704012.1333333333
"2022-05-11 00:00:00",230720,242846,6426,833,298531,753885.1333333333,715186.3666666667
"2022-05-12 00:00:00",243334,154342,7707,196,224455,742145.9333333333,713615.5
"2022-05-13 00:00:00",51205,299932,5589,196,255933,746027.7,731316.8
"2022-05-14 00:00:00",188126,115251,3571,0,295824,739437.7666666667,718382.5
"2022-05-15 00:00:00",268311,285918,17125,273,180596,744299.6,713583.2666666667
"2022-05-16 00:00:00",228196,242124,8126,2478,175743,743348.7,717690.4333333333
"2022-05-17 00:00:00",241781,198427,9302,151,298125,748785.4666666667,716854.5
"2022-05-18 00:00:00",332714,43862,23835,471,271433,749386.7333333333,713727.6333333333
"2022-05-19 00:00:00",67081,79274,19620,1741,157028,730600.3333333334,702412.1333333333
"2022-05-20 00:00:00",328572,414312,11964,196,630728,751214.1,705015.7333333333
"2022-05-21 00:00:00",354391,208324,16397,56,241998,758728.5666666667,690378.5666666667
"2022-05-22 00:00:00",64769,99734,16358,196,426777,749407.4,687946.4666666667
"2022-05-23 00:00:00",312729,129599,10073,196,341255,738852.7666666667,684633.1
"2022-05-24 00:00:00",109184,86757,7402,120,273221,731969.3666666667,678990.0333333333
"2022-05-25 00:00:00",327811,75070,22301,196,502697,738303.4666666667,667230.0666666667
"2022-05-26 00:00:00",253747,208905,9174,191,176107,737809.8,660651.4666666667
"2022-05-27 00:00:00",251578,314531,2264,393,420950,733402.2666666667,651737.0666666667
"2022-05-28 00:00:00",411478,26410,11856,56,254994,743671.2666666667,651947.6
"2022-05-29 00:00:00",220765,205996,7678,191,213500,741480.7333333333,664434.2333333333
"2022-05-30 00:00:00",384060,168553,9746,0,433072,751417.6666666666,671791.2666666667
"2022-05-31 00:00:00",152916,83539,25702,640,347547,750643.6666666666,679889.1666666666
"2022-06-01 00:00:00",268911,155683,16351,0,392098,746441.4666666667,680794.9
"2022-06-02 00:00:00",195827,167237,5523,0,294612,756164.1333333333,673221.6666666666
"2022-06-03 00:00:00",122130,323071,7593,196,130619,742297.1,698524.7333333333
"2022-06-04 00:00:00",237772,226863,23538,3508,496415,738457.9666666667,710289.9
"2022-06-05 00:00:00",63049,264694,4428,383,254786,733540.7666666667,708840.1333333333
"2022-06-06 00:00:00",486970,52511,8096,316,219491,741355.2,696717.4333333333
"2022-06-07 00:00:00",232791,124670,6004,387,303666,730672.1666666666,701255.4
"2022-06-08 00:00:00",240854,91954,15186,2730,260172,725096.1,720028.7
"2022-06-09 00:00:00",149663,127991,17383,196,376401,725383.9666666667,727541.4666666667
"2022-06-10 00:00:00",235656,92162,9983,252,163218,716114.5,715893.9
"2022-06-11 00:00:00",286734,267946,3382,0,284066,723184.3,725954.3333333334
"2022-06-12 00:00:00",287336,246170,5480,294,352929,732496.1333333333,719120.2333333333
"2022-06-13 00:00:00",173645,48414,8295,0,551120,738453,721956.4333333333
"2022-06-14 00:00:00",171910,274391,3648,698,162108,733804.0666666667,724912.4666666667
"2022-06-15 00:00:00",514329,134256,20951,689,362366,746334.8333333334,732654.4666666667
"2022-06-16 00:00:00",235849,134663,7119,0,305366,744175.0666666667,735250.5333333333
"2022-06-17 00:00:00",339459,205641,7356,584,273551,749317.6333333333,741819.3666666667
"2022-06-18 00:00:00",141397,213024,6561,0,257842,759120.3333333334,729194.1
"2022-06-19 00:00:00",386261,285624,20984,0,282654,745445.3,731839.7333333333
"2022-06-20 00:00:00",350031,100434,12563,196,194497,739997.1,763038.2
"2022-06-21 00:00:00",347717,141500,6453,0,341671,747647.3333333334,781363.2666666667
"2022-06-22 00:00:00",230903,102651,32480,294,254526,741880.8,775051.4
"2022-06-23 00:00:00",135086,93266,8861,0,122892,737994.7666666667,777415.8333333334
"2022-06-24 00:00:00",234387,139187,7525,393,423044,733876.7333333333,802282.1666666666
"2022-06-25 00:00:00",177848,95221,21495,0,576962,741323.5,797799.2
"2022-06-26 00:00:00",170873,439819,9665,393,390497,742041.4666666667,803068.6333333333
"2022-06-27 00:00:00",402666,184180,5122,0,220329,745624.8666666667,805183.1333333333
"2022-06-28 00:00:00",342301,208591,6879,0,422649,756701.2,791348.8
"2022-06-29 00:00:00",393524,181584,8853,196,291799,752718.6666666666,786354.0666666667
"2022-06-30 00:00:00",124028,88705,31759,0,790843,766884.9333333333,770229.4333333333
"2022-07-01 00:00:00",205251,68348,3455,904,146245,753256.9333333333,771895.4
"2022-07-02 00:00:00",281028,35918,6403,735,475734,757810.8666666667,770125.5333333333
"2022-07-03 00:00:00",119915,53465,9903,98,86289,747346.1666666666,752811.8333333334
"2022-07-04 00:00:00",435930,331138,9072,196,563404,759067.5,742208
"2022-07-05 00:00:00",294473,152966,6437,711,244879,762805.0666666667,735686.8
"2022-07-06 00:00:00",178637,127312,26032,196,128194,752571.1333333333,737523.2
"2022-07-07 00:00:00",185051,73876,8262,4758,273079,748488.1666666666,737056.7
"2022-07-08 00:00:00",323314,235164,9159,682,185495,753252,739972.4
"2022-07-09 00:00:00",243638,209833,3261,0,379715,758745.7666666667,725009.6666666666
"2022-07-10 00:00:00",83593,51414,13572,0,220494,754339.1333333333,726928.7
"2022-07-11 00:00:00",552869,133872,9356,0,257788,758064.3,760030.1666666666
"2022-07-12 00:00:00",124213,50670,7652,98,392816,747505.6333333333,763976.0666666667
"2022-07-13 00:00:00",224891,100575,5715,536,224900,740010.3333333334,780577.7333333333
"2022-07-14 00:00:00",137456,363175,6419,0,266814,745380.6666666666,775571.3666666667
"2022-07-15 00:00:00",485003,243002,4254,368,202104,742118.7,771042.3333333334
"2022-07-16 00:00:00",108653,331063,7095,831,177320,740184.2333333333,760059.0666666667
"2022-07-17 00:00:00",353795,0,8774,920,493122,741184.9,757524.5333333333
"2022-07-18 00:00:00",370638,210515,18427,191,290338,750227.7666666667,760557.3333333334
"2022-07-19 00:00:00",142359,52357,12110,273,426700,738836.9333333333,757257.9666666667
"2022-07-20 00:00:00",331066,274258,5198,340,528537,754892.9333333333,737422.4
"2022-07-21 00:00:00",393882,237657,18557,0,218486,755934.2666666667,718747.6666666666
"2022-07-22 00:00:00",269463,32990,6929,859,247527,753831.3333333334,743087.1
"2022-07-23 00:00:00",209359,318619,9132,0,159226,765039.0666666667,747876.7666666667
"2022-07-24 00:00:00",208384,247215,10907,626,367685,766048.4666666667,736056.6
"2022-07-25 00:00:00",327741,198970,4224,191,352688,766457.9666666667,736686.4666666667
"2022-07-26 00:00:00",276424,141397,11757,0,516911,764299.2,734208.9666666667
"2022-07-27 00:00:00",351093,230201,3176,196,269304,765688.3,733258.4
"2022-07-28 00:00:00",175284,230312,3113,708,149476,751637.4,734852.3666666667
"2022-07-29 00:00:00",235545,84794,16600,0,106887,737233.0666666667,731545.0333333333
"2022-07-30 00:00:00",397687,85135,9535,587,141220,723860.6666666666,742976.4666666667
"2022-07-31 00:00:00",123230,204911,7835,0,313235,731361.0333333333,750212.9333333333
"2022-08-01 00:00:00",312837,72562,22981,196,797843,744914.4666666667,748207.8666666667
"2022-08-02 00:00:00",134806,299127,14516,558,248600,759179.0666666667,744603
"2022-08-03 00:00:00",233495,268713,7452,783,391268,744578.2333333333,756898.6
"2022-08-04 00:00:00",48082,283397,15865,426,593459,752636.9666666667,762869.4
"2022-08-05 00:00:00",490507,242344,11465,1813,293781,771955.0333333333,760132
"2022-08-06 00:00:00",251950,365728,8370,0,225608,782175.9333333333,769305.9
"2022-08-07 00:00:00",307762,41887,5352,383,441418,783608.8666666667,767457.8666666667
"2022-08-08 00:00:00",448351,253102,16222,4141,531090,797490.9333333333,767438.7
"2022-08-09 00:00:00",278370,181097,4514,396,395265,813843.3,774605.2
"2022-08-10 00:00:00",596386,299908,10497,502,702512,835707.3,738614.9666666667
"2022-08-11 00:00:00",218858,130563,3789,677,117332,832232.9666666667,746717.0333333333
"2022-08-12 00:00:00",159288,240270,21052,0,247321,835943.5,736411.5333333333
"2022-08-13 00:00:00",240681,213682,18183,491,236130,833786.9333333333,726900.7333333333
"2022-08-14 00:00:00",81860,103436,6005,196,569597,827998.9333333333,729516.3666666667
"2022-08-15 00:00:00",408500,158484,18736,439,678117,849309.4,737302.1666666666
"2022-08-16 00:00:00",265818,65147,18393,196,318420,843021.5333333333,751223.9666666667
"2022-08-17 00:00:00",475631,68144,4339,0,298532,841572.7,755713
"2022-08-18 00:00:00",179086,222580,7032,536,704260,857562.5666666667,745061.1333333333
"2022-08-19 00:00:00",137097,57879,12564,191,314995,837006.8666666667,750544.3666666667
"2022-08-20 00:00:00",265037,92574,4618,0,260988,828828.0333333333,755534.0666666667
"2022-08-21 00:00:00",111706,241917,11699,701,269831,831430.9333333333,752071.4333333333
"2022-08-22 00:00:00",317974,47759,2408,340,458701,835792.5,735688.6
"2022-08-23 00:00:00",275267,405125,16932,0,200465,837891.5666666667,745934.8
"2022-08-24 00:00:00",387018,121242,7277,0,378486,838231.9666666667,740917.5666666667
"2022-08-25 00:00:00",254976,211547,6388,191,246785,830678.6333333333,737787.3333333334
"2022-08-26 00:00:00",181748,182767,14716,340,285097,824368.5,749789.2666666667
"2022-08-27 00:00:00",171718,47832,3519,0,178880,819136.9666666667,750112.4
"2022-08-28 00:00:00",345468,298015,3922,196,188204,832202.9,750658.3333333334
"2022-08-29 00:00:00",271129,338616,8488,0,367665,843927.4,768448.1666666666
"2022-08-30 00:00:00",76032,166380,24501,0,209546,838168.9,763284.1666666666
"2022-08-31 00:00:00",380749,255268,17479,727,336169,830968.0333333333,756606.2
"2022-09-01 00:00:00",237943,259570,9921,249,425377,838816.5333333333,760015.6333333333
"2022-09-02 00:00:00",304935,395999,16756,196,558540,851306.8666666667,749176
"2022-09-03 00:00:00",246188,238313,7686,0,211956,843404.0333333333,762343.4666666667
"2022-09-04 00:00:00",424740,56297,7163,373,350940,836724.1666666666,776379.3
"2022-09-05 00:00:00",312521,264510,25797,531,397251,841689.3666666667,767376.1
"2022-09-06 00:00:00",317464,147346,6988,98,366602,843079.3333333334,764098.6333333333
"2022-09-07 00:00:00",447727,152291,17986,637,286556,831488.9,762453.7666666667
"2022-09-08 00:00:00",124066,169871,27189,249,424454,827695.0666666667,760453.9
"2022-09-09 00:00:00",370684,227747,19703,252,368157,806919.8,747042.9
"2022-09-10 00:00:00",519211,289935,9261,191,334566,829651.3333333334,741116.5666666667
"2022-09-11 00:00:00",93913,14676,9878,4488,246705,819708.9666666667,746086.6666666666
"2022-09-12 00:00:00",293060,295686,7751,1919,320001,826684.0333333333,770111.1
"2022-09-13 00:00:00",104819,224479,4460,3052,475228,828382.1666666666,774982.2666666667
"2022-09-14 00:00:00",242327,73984,4930,538,704586,820451.8666666667,773810.7666666667
"2022-09-15 00:00:00",403991,300308,10250,0,534896,839834.1333333333,761464.8
"2022-09-16 00:00:00",137929,93889,5160,347,280177,828862.7,757338.2666666667
"2022-09-17 00:00:00",189150,12554,7937,502,197158,805322.8666666667,767468.4666666667
"2022-09-18 00:00:00",94628,107782,6726,340,287992,804480.8666666667,753755.6666666666
"2022-09-19 00:00:00",161968,241702,11891,56,268333,806505.3,745373.7666666667
"2022-09-20 00:00:00",501415,162139,8560,383,235212,815567.1,753557.5666666667
"2022-09-21 00:00:00",209104,19550,27373,583,322545,807299.6,768993.6
"2022-09-22 00:00:00",276234,156869,21930,151,660298,814556.0333333333,759005.5666666667
"2022-09-23 00:00:00",280945,160857,12984,494,173260,805706.5333333333,766915.6666666666
"2022-09-24 00:00:00",192662,120591,4978,347,406165,805868.4666666667,783404.9666666667
"2022-09-25 00:00:00",136984,408397,7441,1642,439706,816851.8333333334,773095.3333333334
"2022-09-26 00:00:00",373799,161765,9616,383,243859,829767.7333333333,763201.7333333333
"2022-09-27 00:00:00",280423,139968,4029,311,167124,821636.1333333333,787566.1333333333
"2022-09-28 00:00:00",557240,101498,6171,196,91779,814002.2333333333,764637.9333333333
"2022-09-29 00:00:00",225649,217438,6002,438,249953,821436.2333333333,760795.4666666667
"2022-09-30 00:00:00",245313,119254,23517,196,488240,817640.5,782480.6666666666
"2022-10-01 00:00:00",258353,278639,11421,0,347295,816395.3666666667,781771.6
"2022-10-02 00:00:00",136413,304486,6115,387,160269,794103.6,797658.9
"2022-10-03 00:00:00",428041,141879,6211,0,644522,811320.5333333333,775079.2
"2022-10-04 00:00:00",72127,58492,7499,771,383595,800752.8666666667,780705.1333333333
"2022-10-05 00:00:00",251644,217082,19327,0,438319,798278.2666666667,785977.9666666667
"2022-10-06 00:00:00",176560,173997,10202,1096,308547,792674.9666666667,794652.6333333333
"2022-10-07 00:00:00",116245,281596,2581,0,548826,794143.3333333334,797383.9
"2022-10-08 00:00:00",329545,125661,5641,1024,259044,793312.9666666667,792902.7333333333
"2022-10-09 00:00:00",269159,208320,8796,0,454985,791803.5333333333,798628.0333333333
"2022-10-10 00:00:00",191803,401700,9801,347,596194,793359.6,790991.2666666667
"2022-10-11 00:00:00",176047,0,9431,247,536249,805103.3666666667,788727.0666666667
"2022-10-12 00:00:00",396015,182776,10949,98,743526,818934.8333333334,778206
"2022-10-13 00:00:00",86327,97531,8164,579,412553,812038.8333333334,772360.4333333333
"2022-10-14 00:00:00",323806,5527,25277,387,149866,794655.4333333333,773611.2
"2022-10-15 00:00:00",228741,171230,5670,0,274822,775689.3333333334,788281.9666666667
"2022-10-16 00:00:00",288586,117468,5482,191,306240,782371.6666666666,783881.7
"2022-10-17 00:00:00",434616,60834,19419,637,313721,796435.9,778847.2333333333
"2022-10-18 00:00:00",182103,132359,10423,687,203394,797485.8666666667,795641.7
"2022-10-19 00:00:00",351331,193075,7248,2956,659681,815164,807346
"2022-10-20 00:00:00",179430,202231,7074,387,422099,811947.8333333334,791298.1333333333
"2022-10-21 00:00:00",90009,6574,17385,239,181140,802487.4666666667,787969.4333333333
"2022-10-22 00:00:00",98090,119143,4223,1232,340339,784072.3333333334,778794.8
"2022-10-23 00:00:00",76742,371855,1427,686,187283,784387.4,769946.6
"2022-10-24 00:00:00",209220,163235,20854,0,399726,786663.8333333334,758411.9
"2022-10-25 00:00:00",248332,72338,4687,0,288715,773993.9333333333,769228.3666666667
"2022-10-26 00:00:00",152693,302372,10939,252,362080,775291,778919.3666666667
"2022-10-27 00:00:00",341275,118558,11893,191,355017,783126.8666666667,744898.9
"2022-10-28 00:00:00",256701,261505,3927,294,408558,788930.3,764895.7333333333
"2022-10-29 00:00:00",151206,197785,3381,1318,229407,785050.9666666667,763593.8
"2022-10-30 00:00:00",86721,227481,9420,0,474516,782438.1,763431.0333333333
"2022-10-31 00:00:00",321636,201809,9979,1230,251754,778794.8333333334,757790.7666666667
"2022-11-01 00:00:00",241171,105980,5628,723,335182,781495.3,758700.4
"2022-11-02 00:00:00",463636,245342,10628,196,503218,781574.2666666667,776414.5333333333
"2022-11-03 00:00:00",319081,179835,4963,3120,189133,787362.5333333333,760979.8333333334
"2022-11-04 00:00:00",121476,215828,9409,0,336949,779272.1,750623.3333333334
"2022-11-05 00:00:00",316159,118663,13559,4264,117860,775942.1666666666,736005.1
"2022-11-06 00:00:00",321010,287482,3935,340,481069,780761.7666666667,735786.4333333333
"2022-11-07 00:00:00",252313,25529,10841,0,292004,776087.3,727066.5
"2022-11-08 00:00:00",186930,141479,8193,1734,119483,759972.5666666667,738057.7666666667
"2022-11-09 00:00:00",214841,116922,8730,56,226945,738894.1666666666,732191.8333333334
"2022-11-10 00:00:00",72904,50599,7862,316,390627,732238.7666666667,734773.2666666667
"2022-11-11 00:00:00",304387,149956,7824,1977,544267,721407.1,732635.3
"2022-11-12 00:00:00",362405,159665,8122,472,228843,726552.2666666667,735214.3333333334
"2022-11-13 00:00:00",355247,77304,3014,196,233936,732046.6666666666,743830.2
"2022-11-14 00:00:00",186826,398405,10958,191,293626,739031.5333333333,720520.5333333333
"2022-11-15 00:00:00",329605,223237,5000,502,276932,742941.7666666667,734530.6333333333
"2022-11-16 00:00:00",172069,345922,6489,0,284663,742272.4333333333,737143.7333333333
"2022-11-17 00:00:00",121431,117254,12966,517,283262,742487.9,736949.0333333333
"2022-11-18 00:00:00",266729,363785,6324,196,240407,731259.5,734162.2666666667
"2022-11-19 00:00:00",251167,164221,8058,0,101839,721728.2,734082.1666666666
"2022-11-20 00:00:00",132633,172983,3244,0,110618,725865.9,737369
"2022-11-21 00:00:00",203858,163381,8092,387,515144,736793.6666666666,745640.2
"2022-11-22 00:00:00",216108,127079,12678,1926,341781,738846.4,754608.2333333333
"2022-11-23 00:00:00",138632,394527,4224,0,194608,736811.4666666667,759455.3
"2022-11-24 00:00:00",237254,74159,17978,340,363350,739445.1666666666,753815.1333333333
"2022-11-25 00:00:00",370324,166329,12525,196,487102,746383.1666666666,752454.7666666667
"2022-11-26 00:00:00",251317,153146,22098,0,222921,740468.1,771352.3666666667
"2022-11-27 00:00:00",114413,206432,9202,196,281240,729818.0333333333,754574.2
"2022-11-28 00:00:00",232275,300774,15141,196,507960,745593,754516.3666666667
"2022-11-29 00:00:00",49936,189190,7263,1070,298786,737196.5666666667,751057.4
"2022-11-30 00:00:00",137425,520431,3730,196,358950,745007.3666666667,761449.3666666667
"2022-12-01 00:00:00",189790,125704,2642,191,195407,739175.6,756606.7666666667
"2022-12-02 00:00:00",231807,189908,2578,2122,359946,724620.3333333334,745688.9
"2022-12-03 00:00:00",294287,383011,7416,0,171372,729952.2,749331.3666666667
"2022-12-04 00:00:00",250157,219272,26506,340,117230,727613.6333333333,753690.8
"2022-12-05 00:00:00",238443,262550,23506,2066,358710,738106,748346.4666666667
"2022-12-06 00:00:00",134430,237430,5268,3647,238084,722273.4333333333,753119.8
"2022-12-07 00:00:00",333016,166851,13927,0,281767,729436,758002.6
"2022-12-08 00:00:00",106911,163790,10328,191,171007,729249.6666666666,748214.4
"2022-12-09 00:00:00",84205,248167,7591,570,194839,728178.9333333333,757337.4333333333
"2022-12-10 00:00:00",229041,279910,4732,809,185363,734096.9333333333,745627.1333333333
"2022-12-11 00:00:00",168274,159679,1802,536,206618,718380.1666666666,759109.8
"2022-12-12 00:00:00",270622,374933,13984,393,226473,722610,748248.9333333333
"2022-12-13 00:00:00",121091,171284,7078,154,200389,716953.3,735714
"2022-12-14 00:00:00",170214,159692,12085,393,249861,707027.9,747853.6
"2022-12-15 00:00:00",297056,285592,6548,2650,66202,701120.1333333333,739882.0333333333
"2022-12-16 00:00:00",255115,251283,11537,592,200572,698118.6,748198.5666666667
"2022-12-17 00:00:00",185621,256319,7651,0,107075,698826.4,738059.2333333333
"2022-12-18 00:00:00",273337,116786,21894,944,316390,693890,728835.3666666667
"2022-12-19 00:00:00",370475,401744,6202,221,516658,719557.2333333333,723621.4333333333
"2022-12-20 00:00:00",107734,101094,11263,531,488459,729210.7666666667,720505.2
"2022-12-21 00:00:00",214519,276428,11527,387,127349,720522.4333333333,714561.6
"2022-12-22 00:00:00",287832,121868,13812,0,455752,726512.0666666667,708454.5
"2022-12-23 00:00:00",145151,92372,7207,403,124103,714420.2,707018.3666666667
"2022-12-24 00:00:00",43175,247903,3380,568,264997,709984.8666666667,695773.3333333334
"2022-12-25 00:00:00",259693,242305,6984,579,396269,705630.0333333333,698148.5
"2022-12-26 00:00:00",437972,103791,3797,728,369019,714490.9666666667,697652.7
"2022-12-27 00:00:00",226193,283687,9736,396,152064,716510.7666666667,695503.7333333333
"2022-12-28 00:00:00",412102,197051,5989,0,322177,712543.0666666667,693289.4333333333
"2022-12-29 00:00:00",183083,221593,3070,2567,403548,721463.6333333333,685959.5666666667
"2022-12-30 00:00:00",207814,145081,6703,289,155846,704630.3333333334,687597.6333333333
"2022-12-31 00:00:00",41627,352092,4353,30,116726,704666.8,673187.6333333333
"2023-01-01 00:00:00",245192,256620,9613,387,142990,700281.4333333333,672547.6
"2023-01-02 00:00:00",297548,118079,16384,396,147532,691076.5666666667,661685.5666666667
"2023-01-03 00:00:00",216429,117064,6469,393,463942,697436.3,660163.9666666667
"2023-01-04 00:00:00",319860,235511,8790,221,206703,693630.0333333333,664982.9666666667
"2023-01-05 00:00:00",278427,246047,14739,154,210445,697995.3,656919.9666666667
"2023-01-06 00:00:00",190759,178477,4342,584,156184,689154.8,652637.0666666667
"2023-01-07 00:00:00",189393,180555,3609,196,135867,691067.8666666667,659332.0666666667
"2023-01-08 00:00:00",215294,85279,4513,0,553252,701833.3333333334,650099.8333333334
"2023-01-09 00:00:00",276519,223236,10601,3565,101324,699013.1333333333,651438.7666666667
"2023-01-10 00:00:00",208500,141938,4620,1773,117259,696919.1333333333,652198.7666666667
"2023-01-11 00:00:00",156346,88997,7173,196,220312,683139.6666666666,659955.6666666666
"2023-01-12 00:00:00",112828,254256,12704,191,57562,681057.8,664224.5333333333
"2023-01-13 00:00:00",205152,243137,4159,2567,65711,678673.8333333334,667826.3333333334
"2023-01-14 00:00:00",306553,242859,2663,0,163831,680602.5,671048.4
"2023-01-15 00:00:00",105132,266055,13405,640,455212,684647.3333333334,658873.6
"2023-01-16 00:00:00",183517,381551,16486,637,455026,700665.7,655715.8666666667
"2023-01-17 00:00:00",176109,176030,22017,0,129075,693128.4333333333,665136.8
"2023-01-18 00:00:00",434563,101666,12103,191,163481,673685.1,660961.3666666667
"2023-01-19 00:00:00",236923,353226,6380,536,239038,677919.1,656514.7666666667
"2023-01-20 00:00:00",117426,306932,13155,0,185197,677669.1,658755.8666666667
"2023-01-21 00:00:00",323388,379574,3305,191,108655,675530.7333333333,643004.9
"2023-01-22 00:00:00",159788,296905,5152,350,241153,686667.8333333334,648861.2
"2023-01-23 00:00:00",180733,246894,12415,368,405821,696208.2333333333,653883.4333333333
"2023-01-24 00:00:00",101982,177122,5893,1007,65332,677725.1333333333,649317.7333333333
"2023-01-25 00:00:00",329004,355993,5105,252,226197,677766.5333333333,657839.8
"2023-01-26 00:00:00",224408,201518,2647,383,190054,675997.7,664812.3
"2023-01-27 00:00:00",175342,81427,7040,1381,479074,669562.5333333333,662612.9666666667
"2023-01-28 00:00:00",310763,122680,12601,340,73227,659754.2333333333,658255.6666666666
"2023-01-29 00:00:00",315751,112009,30870,1233,133189,662331.5,653322.5
"2023-01-30 00:00:00",212526,158894,12771,56,144155,662784.1,675037.8333333334
"2023-01-31 00:00:00",585370,148278,6082,738,428150,679911.2666666667,692159.4666666667
"2023-02-01 00:00:00",199958,105260,7972,461,127757,675293.6,698501.9333333333
"2023-02-02 00:00:00",102680,227810,14723,2096,220501,667410.7,690565.2
"2023-02-03 00:00:00",428428,182044,5422,294,142592,667000.4333333333,698289.4666666667
"2023-02-04 00:00:00",291609,302160,6904,340,593469,681822.6333333333,702925.5666666667
"2023-02-05 00:00:00",112223,182606,5111,196,455985,689348.4666666667,709528.3666666667
"2023-02-06 00:00:00",205323,151973,24820,191,451717,700161.9,702166.2333333333
"2023-02-07 00:00:00",233641,307448,12433,56,191268,696378.9,719203.8333333334
"2023-02-08 00:00:00",559174,156179,5858,3467,459839,715354.5666666667,715184.4666666667
"2023-02-09 00:00:00",199255,56444,7778,0,262661,717089.5,708956.1333333333
"2023-02-10 00:00:00",155450,72206,17884,0,59437,711487.9333333333,714127.7
"2023-02-11 00:00:00",55638,374196,24761,3297,554099,730636.4,730729.0666666667
"2023-02-12 00:00:00",265043,261920,10500,491,284306,740687.5333333333,727976.1666666666
"2023-02-13 00:00:00",140329,90066,6055,154,346299,736254.2,720784.1333333333
"2023-02-14 00:00:00",289533,74410,21139,1024,308310,731386.6333333333,733228.4333333333
"2023-02-15 00:00:00",557608,336395,12466,368,122394,731120.4666666667,743722.4333333333
"2023-02-16 00:00:00",246245,154632,5628,350,160273,733250.4,735191.1
"2023-02-17 00:00:00",288746,0,2863,247,158614,724532.6,747923.2333333333
"2023-02-18 00:00:00",332108,263174,5832,0,234209,724506.6,762199.1
"2023-02-19 00:00:00",213177,88206,3111,0,113176,717671.8666666667,756821.3333333334
"2023-02-20 00:00:00",379922,382203,2347,0,398119,729254.4333333333,774893.8
"2023-02-21 00:00:00",118214,281640,20480,370,264451,728647.9666666667,770114.9333333333
"2023-02-22 00:00:00",224252,273052,9297,0,335626,728514.5,768480.6333333333
"2023-02-23 00:00:00",316685,341535,14838,191,403997,752711.5666666667,778317.7
"2023-02-24 00:00:00",144329,236665,35733,328,366183,748267.8666666667,765236.9
"2023-02-25 00:00:00",248536,228068,16008,0,104586,747540.7666666667,770883.2333333333
"2023-02-26 00:00:00",173032,204674,30636,191,156898,741579.7333333333,771885.2
"2023-02-27 00:00:00",401975,199428,9630,637,624018,765449.0666666667,788851.1666666666
"2023-02-28 00:00:00",438275,333163,7199,791,293627,781449.3,808887.1333333333
"2023-03-01 00:00:00",104681,131576,9076,0,286687,781569.8,806558.3333333334
"2023-03-02 00:00:00",133979,73506,11797,1591,169452,755626.6333333333,821906.8333333334
"2023-03-03 00:00:00",188256,258934,5496,340,146039,760881.7,818079.1333333333
"2023-03-04 00:00:00",325799,238716,11045,0,650113,782810.4333333333,821214.1333333333
"2023-03-05 00:00:00",126343,41914,10068,113,149961,768464.4333333333,826645.2666666667
"2023-03-06 00:00:00",742812,169180,6705,191,326118,770148.5666666667,833726.9
"2023-03-07 00:00:00",282906,218807,9078,0,279888,771300.4,843008.5333333333
"2023-03-08 00:00:00",355440,54724,8754,573,791551,783867.7333333333,852993.3666666667
"2023-03-09 00:00:00",118611,283629,20205,196,191457,779509.5,839594.2
"2023-03-10 00:00:00",157348,55086,19697,0,490713,764120.4,848712.7666666667
"2023-03-11 00:00:00",135050,253943,8690,56,276717,769064.4,850795.6
"2023-03-12 00:00:00",471678,204005,8248,247,448144,796642.7666666667,856569.1
"2023-03-13 00:00:00",260651,273661,9681,340,244156,789192.7,839856.5333333333
"2023-03-14 00:00:00",424657,346482,7807,56,211479,794800.1,842747.8
"2023-03-15 00:00:00",26593,100220,5328,191,386315,792658.0666666667,838415.7666666667
"2023-03-16 00:00:00",190793,214241,10842,2447,368207,795728.5333333333,831176.9666666667
"2023-03-17 00:00:00",223126,256724,3847,984,246417,785790.8333333334,815745.9
"2023-03-18 00:00:00",203360,251225,4045,3750,125783,786491.9333333333,807814.3666666667
"2023-03-19 00:00:00",148984,249627,6767,196,346336,796540.0333333333,810770.4333333333
"2023-03-20 00:00:00",262813,239305,6609,2435,206550,792619.7333333333,793728.5333333333
"2023-03-21 00:00:00",298347,291417,6940,2512,128039,802939.3,813565.1
"2023-03-22 00:00:00",105346,9280,2823,531,185615,774306.2,816489.7
"2023-03-23 00:00:00",39161,14861,917,151,183786,759430.2,809570.8
"2023-03-24 00:00:00",335650,394517,5432,196,302054,765950.7666666667,810141.1333333333
"2023-03-25 00:00:00",155231,252718,15663,0,302012,754229.8666666667,813308.6333333333
"2023-03-26 00:00:00",190299,297152,14508,196,478397,760807,801829.8666666667
"2023-03-27 00:00:00",508855,201992,9304,39,127342,769151.4333333333,790423.8333333334
"2023-03-28 00:00:00",105189,218423,8159,196,304768,771528.2333333333,793461.2
"2023-03-29 00:00:00",121998,416264,2498,340,225338,755886.3666666667,792907.6333333333
"2023-03-30 00:00:00",271703,212695,11901,120,498618,753285.6,778260.8
"2023-03-31 00:00:00",265444,101039,3817,396,215736,755099.3666666667,772586.1666666666
"2023-04-01 00:00:00",286810,179679,34543,637,302912,768908,749996.4666666667
"2023-04-02 00:00:00",316027,57968,4758,0,28013,762498.0333333333,751103.4333333333
"2023-04-03 00:00:00",105152,174852,1657,0,240739,739055.5666666667,754264.7
"2023-04-04 00:00:00",357486,120055,5097,347,309142,754513.2333333333,767906.1
"2023-04-05 00:00:00",203412,203384,6876,438,504132,743621.1333333333,769807.4333333333
"2023-04-06 00:00:00",276121,212156,12452,1875,637742,755276.9333333333,761070.7666666667
"2023-04-07 00:00:00",211087,254590,11332,387,535313,748665.8333333334,757552.9
"2023-04-08 00:00:00",180567,362869,9840,1954,370649,759058.5,763054.1666666666
"2023-04-09 00:00:00",177389,151567,32580,2616,126498,751318.7666666667,762684.4
"2023-04-10 00:00:00",199526,468043,7511,413,255128,759857.5333333333,763964.1333333333
"2023-04-11 00:00:00",221957,339326,9501,191,450789,756172.2,750090.9666666667
"2023-04-12 00:00:00",277340,224227,4739,886,554590,765281.8666666667,761135.1
"2023-04-13 00:00:00",216407,269740,9353,0,355414,760629.5333333333,746963.1
"2023-04-14 00:00:00",377578,100045,4130,429,136111,763951.1666666666,757462.6666666666
"2023-04-15 00:00:00",353482,60282,10420,0,193574,758325.3333333334,752528.7333333333
"2023-04-16 00:00:00",33358,219766,5021,0,268927,751524.4,765479.4666666667
"2023-04-17 00:00:00",563773,190261,1826,98,227001,764684.2666666667,775473.6333333333
"2023-04-18 00:00:00",130504,321415,10237,196,399441,768347.0333333333,763923.9
"2023-04-19 00:00:00",273890,193437,11225,289,598854,780346.4666666667,774182.7333333333
"2023-04-20 00:00:00",233877,332728,8951,1558,309828,785669.2666666667,763252.7
"2023-04-21 00:00:00",213457,243123,3702,196,666821,813126.1,758021.5666666667
"2023-04-22 00:00:00",137294,149430,10044,491,169458,820720.9,767071.5333333333
"2023-04-23 00:00:00",190365,68085,11714,175,289054,804772.4666666667,779530.9
"2023-04-24 00:00:00",196110,58950,8851,953,146561,794299.2666666667,768491.5666666667
"2023-04-25 00:00:00",375186,172648,13284,2050,221925,787784,779347.2
"2023-04-26 00:00:00",125602,174020,4787,0,250102,778016.6,780285.1333333333
"2023-04-27 00:00:00",139336,388775,16520,2071,205754,781874.1,795093.5333333333
"2023-04-28 00:00:00",242152,264574,7380,177,363048,785570.5666666667,773348.9333333333
"2023-04-29 00:00:00",526354,162899,6701,119,264320,784415.7666666667,769608.6333333333
"2023-04-30 00:00:00",203515,128836,10289,196,81995,779029.0333333333,764914.6333333333
"2023-05-01 00:00:00",244541,328744,37986,119,567566,791508.1,755185.7
"2023-05-02 00:00:00",249636,297497,27474,373,347760,808707.2666666667,769190.3333333334
"2023-05-03 00:00:00",249841,107409,7293,828,263605,812259.8666666667,761095.8333333334
"2023-05-04 00:00:00",186558,112545,8130,1173,361625,808189.9666666667,750883.5666666667
"2023-05-05 00:00:00",213060,48183,7762,0,245423,794729.5,755395.2
"2023-05-06 00:00:00",482027,270042,7743,620,368574,794351.3333333334,756418.6666666666
"2023-05-07 00:00:00",209547,127122,6947,217,480657,788077.3666666667,748343.8333333334
"2023-05-08 00:00:00",163467,188512,6826,2623,340478,780611.5666666667,758686.4666666667
"2023-05-09 00:00:00",374826,184139,7429,833,222313,790574.6,759255.8666666667
"2023-05-10 00:00:00",294419,257273,8146,1686,200408,784951.6,745889.0333333333
"2023-05-11 00:00:00",155473,145752,13479,2723,588481,781089.7,753885.1333333333
"2023-05-12 00:00:00",319187,242679,7164,247,148568,769625.2333333333,742145.9333333333
"2023-05-13 00:00:00",303242,159419,8273,387,395892,770168.6333333333,746027.7
"2023-05-14 00:00:00",318393,197843,7199,0,602881,787102.8,739437.7666666667
"2023-05-15 00:00:00",245472,67708,4034,191,259363,785736.4666666667,744299.6
"2023-05-16 00:00:00",224843,301206,8057,926,180697,792025.0666666667,743348.7
"2023-05-17 00:00:00",304855,277020,11005,0,488223,795296.5666666667,748785.4666666667
"2023-05-18 00:00:00",146970,110967,6940,560,99306,778728.2333333333,749386.7333333333
"2023-05-19 00:00:00",123339,256693,5372,1731,433659,770164.8,730600.3333333334
"2023-05-20 00:00:00",308259,271869,7763,0,171155,765901.5666666667,751214.1
"2023-05-21 00:00:00",159589,206316,12709,350,567169,759862.7,758728.5666666667
"2023-05-22 00:00:00",497249,131215,7829,788,537809,783468.3666666667,749407.4
"2023-05-23 00:00:00",395825,102884,11559,564,857388,810429.2666666667,738852.7666666667
"2023-05-24 00:00:00",195574,296918,11908,0,145022,818362.4,731969.3666666667
"2023-05-25 00:00:00",140672,226830,6446,534,150246,809683.4666666667,738303.4666666667
"2023-05-26 00:00:00",223937,159416,4650,817,340730,815518.2,737809.8
"2023-05-27 00:00:00",256625,172565,22864,2340,182239,811657.3,733402.2666666667
"2023-05-28 00:00:00",27066,176987,3708,196,219967,796677.1333333333,743671.2666666667
"2023-05-29 00:00:00",312765,181654,11524,387,497618,798128.9666666667,741480.7333333333
"2023-05-30 00:00:00",166268,237402,34355,754,181899,804657.2666666667,751417.6666666666
"2023-05-31 00:00:00",136465,153498,8039,272,349293,786944.3,750643.6666666666
"2023-06-01 00:00:00",476890,157152,3078,485,370679,789795.9333333333,746441.4666666667
"2023-06-02 00:00:00",263779,234125,5000,387,294404,795419.9666666667,756164.1333333333
"2023-06-03 00:00:00",253543,463649,13993,0,465614,812978.8666666667,742297.1
"2023-06-04 00:00:00",95658,44396,16837,1928,474514,816942.3333333334,738457.9666666667
"2023-06-05 00:00:00",359111,303361,7993,154,393760,814788.2,733540.7666666667
"2023-06-06 00:00:00",303416,346473,7545,1072,266724,818146.1,741355.2
"2023-06-07 00:00:00",113048,203710,5984,196,382412,818260.9333333333,730672.1666666666
"2023-06-08 00:00:00",327823,252192,9071,1662,154435,816782.4333333333,725096.1
"2023-06-09 00:00:00",337563,223823,6286,177,253617,818766.9333333333,725383.9666666667
"2023-06-10 00:00:00",320336,293919,9838,889,623665,830191.5333333333,716114.5
"2023-06-11 00:00:00",232756,198803,9255,0,161684,826346.5666666667,723184.3
"2023-06-12 00:00:00",290612,225357,8675,449,271486,823992.2,732496.1333333333
"2023-06-13 00:00:00",159154,204139,14037,0,351121,810729.9333333333,738453
"2023-06-14 00:00:00",216952,184780,8991,833,349236,816864.0333333333,733804.0666666667
"2023-06-15 00:00:00",188915,172716,5259,294,275795,814439.0333333333,746334.8333333334
"2023-06-16 00:00:00",93431,97472,12376,579,393983,798330.3,744175.0666666667
"2023-06-17 00:00:00",213049,164993,8152,0,188326,805322.9,749317.6333333333
"2023-06-18 00:00:00",250131,225505,5814,196,715731,817875.5333333333,759120.3333333334
"2023-06-19 00:00:00",406171,130837,13864,4514,218169,818359.2666666667,745445.3
"2023-06-20 00:00:00",219285,236201,9046,98,271188,811348.7666666667,739997.1
"2023-06-21 00:00:00",279300,223787,31762,2082,561287,808793.1,747647.3333333334
"2023-06-22 00:00:00",228217,156472,8090,196,404309,789761.9333333333,741880.8
"2023-06-23 00:00:00",187753,309997,3874,387,403574,798300.8333333334,737994.7666666667
"2023-06-24 00:00:00",233263,53324,6723,1033,576421,809835.4,733876.7333333333
"2023-06-25 00:00:00",321936,328136,6570,196,368342,819689.6666666666,741323.5
"2023-06-26 00:00:00",376903,50770,9122,387,281139,822412.6333333333,742041.4666666667
"2023-06-27 00:00:00",363680,47303,11291,0,561372,840936.7,745624.8666666667
"2023-06-28 00:00:00",189015,164618,4291,586,262897,828185.3333333334,756701.2
"2023-06-29 00:00:00",82764,184604,19622,56,266426,825945.2,752718.6666666666
"2023-06-30 00:00:00",253169,395098,9311,0,512123,843349.8333333334,766884.9333333333
"2023-07-01 00:00:00",516440,170441,8099,191,490539,849263.9666666667,753256.9333333333
"2023-07-02 00:00:00",122348,350868,3011,0,347739,850139.5333333333,757810.8666666667
"2023-07-03 00:00:00",254280,194714,28020,2296,383987,839022.8333333334,747346.1666666666
"2023-07-04 00:00:00",329841,129963,8053,844,268007,842468.6333333333,759067.5
"2023-07-05 00:00:00",216952,228998,7893,733,201673,828864.3,762805.0666666667
"2023-07-06 00:00:00",215637,340876,7698,347,318071,827444.3,752571.1333333333
"2023-07-07 00:00:00",130164,198173,2917,766,134195,819473.1,748488.1666666666
"2023-07-08 00:00:00",226036,149573,6210,56,363799,819489.3333333334,753252
"2023-07-09 00:00:00",301888,394617,8268,0,398188,828872.5333333333,758745.7666666667
"2023-07-10 00:00:00",328179,201092,5279,196,390721,818099.8333333334,754339.1333333333
"2023-07-11 00:00:00",316376,124992,7229,1731,239581,821013.5666666667,758064.3
"2023-07-12 00:00:00",256164,140982,7595,196,336368,819170.9666666667,747505.6333333333
"2023-07-13 00:00:00",250038,83588,10507,0,336097,817563.6333333333,740010.3333333334
"2023-07-14 00:00:00",114287,361359,13914,3486,484762,824797.7,745380.6666666666
"2023-07-15 00:00:00",150023,192348,48430,177,425401,830577.7,742118.7
"2023-07-16 00:00:00",178968,268826,10102,510,525390,843442.9,740184.2333333333
"2023-07-17 00:00:00",430536,209101,4294,634,168692,851400.7333333333,741184.9
"2023-07-18 00:00:00",356930,159557,5787,0,120563,832916.1666666666,750227.7666666667
"2023-07-19 00:00:00",580920,96625,10005,1101,309889,840415.7333333333,738836.9333333333
"2023-07-20 00:00:00",233150,173423,4297,56,226135,837123.7666666667,754892.9333333333
"2023-07-21 00:00:00",458255,403470,14104,584,742022,854464.3666666667,755934.2666666667
"2023-07-22 00:00:00",112102,174508,7547,0,312643,848114.7333333333,753831.3333333334
"2023-07-23 00:00:00",139151,106322,4335,196,492350,842673.6,765039.0666666667
"2023-07-24 00:00:00",276800,176325,15529,494,338505,840570.0666666667,766048.4666666667
"2023-07-25 00:00:00",432522,128759,7722,485,200187,832053.3,766457.9666666667
"2023-07-26 00:00:00",274133,238690,6861,177,425903,839634.7333333333,764299.2
"2023-07-27 00:00:00",275016,146288,7382,196,606283,841352,765688.3
"2023-07-28 00:00:00",255769,143054,6090,196,113873,837937.9,751637.4
"2023-07-29 00:00:00",371233,342267,6280,0,376861,856043.4,737233.0666666667
"2023-07-30 00:00:00",164512,144645,4401,191,309935,837842.7666666667,723860.6666666666
"2023-07-31 00:00:00",353538,32803,13639,393,649139,833302.7,731361.0333333333
"2023-08-01 00:00:00",218166,0,12703,56,324646,824356.3666666667,744914.4666666667
"2023-08-02 00:00:00",247274,77178,11499,196,518744,824076.2333333333,759179.0666666667
"2023-08-03 00:00:00",339897,314499,6319,191,451653,836604.8,744578.2333333333
"2023-08-04 00:00:00",347253,329267,8499,536,366387,849794.5,752636.9666666667
"2023-08-05 00:00:00",181387,101483,10576,56,260630,838844.5,771955.0333333333
"2023-08-06 00:00:00",225014,125441,10218,0,247824,843587.2333333333,782175.9333333333
"2023-08-07 00:00:00",686548,120616,9378,252,448624,860912.0666666667,783608.8666666667
"2023-08-08 00:00:00",114725,426125,12182,316,360652,854613.5,797490.9333333333
"2023-08-09 00:00:00",373432,216039,12422,679,130522,848201.0666666667,813843.3
"2023-08-10 00:00:00",272036,130935,11564,316,204220,845839.8333333334,835707.3
"2023-08-11 00:00:00",137380,156559,9061,196,723576,855355.4,832232.9666666667
"2023-08-12 00:00:00",263937,171734,9472,151,225045,855025.6333333333,835943.5
"2023-08-13 00:00:00",246662,180533,6869,340,459186,852218.2,833786.9333333333
"2023-08-14 00:00:00",284871,285214,6926,252,431340,858625.7,827998.9333333333
"2023-08-15 00:00:00",217118,50926,10718,294,360702,847157.7,849309.4
"2023-08-16 00:00:00",172299,374042,6866,0,228751,846114.3666666667,843021.5333333333
"2023-08-17 00:00:00",330316,119134,9865,347,354429,851822.9666666667,841572.7
"2023-08-18 00:00:00",312390,322014,7812,4318,308363,850368.1,857562.5666666667
"2023-08-19 00:00:00",241477,242459,5679,151,576862,864687.0333333333,837006.8666666667
"2023-08-20 00:00:00",268052,320975,14942,0,348003,842471.5333333333,828828.0333333333
"2023-08-21 00:00:00",428270,154177,7358,2768,367703,854254.3,831430.9333333333
"2023-08-22 00:00:00",243041,111477,5617,1057,471781,857274.9333333333,835792.5
"2023-08-23 00:00:00",209533,179215,9070,485,457832,858890.8333333334,837891.5666666667
"2023-08-24 00:00:00",344003,224550,7661,874,347491,864054.2666666667,838231.9666666667
"2023-08-25 00:00:00",182302,297490,8728,3129,281339,858295.0333333333,830678.6333333333
"2023-08-26 00:00:00",333415,221652,10032,0,584057,862094.7666666667,824368.5
"2023-08-27 00:00:00",168753,140451,6277,1232,372545,867770.5666666667,819136.9666666667
"2023-08-28 00:00:00",399919,154404,8811,387,430469,864348.9333333333,832202.9
"2023-08-29 00:00:00",369944,205195,3649,0,494111,879322.8,843927.4
"2023-08-30 00:00:00",464224,175733,11479,373,93828,869193.6333333333,838168.9
"2023-08-31 00:00:00",307734,123997,7337,828,295012,875171.5333333333,830968.0333333333
"2023-09-01 00:00:00",104997,102991,13018,491,618895,874688.2,838816.5333333333
"2023-09-02 00:00:00",134139,173014,8083,438,465950,863656.8666666667,851306.8666666667
"2023-09-03 00:00:00",192007,161780,19022,196,267799,849952.2666666667,843404.0333333333
"2023-09-04 00:00:00",593238,199755,9855,449,652786,880017.4666666667,836724.1666666666
"2023-09-05 00:00:00",327833,408373,7764,0,287307,894110.0666666667,841689.3666666667
"2023-09-06 00:00:00",309687,180519,21843,889,220536,876378.6333333333,843079.3333333334
"2023-09-07 00:00:00",242575,181860,14473,393,187095,866791.6333333333,831488.9
"2023-09-08 00:00:00",305122,189372,5810,177,168977,864670.3666666667,827695.0666666667
"2023-09-09 00:00:00",203135,23648,24540,491,366454,864643.5,806919.8
"2023-09-10 00:00:00",271798,382305,2405,449,145891,857179.4,829651.3333333334
"2023-09-11 00:00:00",308674,136543,9323,0,149095,854955.9,819708.9666666667
"2023-09-12 00:00:00",328139,382572,4758,196,194768,855517.3333333334,826684.0333333333
"2023-09-13 00:00:00",338932,297094,16286,693,328692,854620.4333333333,828382.1666666666
"2023-09-14 00:00:00",280060,146628,8600,637,271201,856866.0333333333,820451.8666666667
"2023-09-15 00:00:00",324142,99570,16541,833,262503,854253.8,839834.1333333333
"2023-09-16 00:00:00",219238,160025,11789,0,496504,856702.4666666667,828862.7
"2023-09-17 00:00:00",173350,204008,7060,536,343446,849152.6333333333,805322.8666666667
"2023-09-18 00:00:00",681483,135663,10826,502,213261,848322.8333333334,804480.8666666667
"2023-09-19 00:00:00",386081,211111,7347,151,315023,847247.5333333333,806505.3
"2023-09-20 00:00:00",262996,161400,10609,56,414505,843557.1,815567.1
"2023-09-21 00:00:00",175393,88810,5096,732,294760,834617.6666666666,807299.6
"2023-09-22 00:00:00",382736,139705,9284,833,170890,829528.0666666667,814556.0333333333
"2023-09-23 00:00:00",232532,201943,13694,0,417534,827565.5,805706.5333333333
"2023-09-24 00:00:00",568841,228257,5543,196,242095,836630.3,805868.4666666667
"2023-09-25 00:00:00",318193,189202,10298,438,292781,825355.5,816851.8333333334
"2023-09-26 00:00:00",75192,186127,13798,4020,374890,824181.3,829767.7333333333
"2023-09-27 00:00:00",341321,399826,12752,449,338035,827461.0333333333,821636.1333333333
"2023-09-28 00:00:00",114555,88395,12716,289,264084,807698.9333333333,814002.2333333333
"2023-09-29 00:00:00",268819,234590,7528,393,242839,807983.5333333333,821436.2333333333
"2023-09-30 00:00:00",356918,286979,2695,151,384351,817856.3,817640.5
"2023-10-01 00:00:00",250314,86840,11471,396,264780,810303.3,816395.3666666667
"2023-10-02 00:00:00",265363,430473,13059,56,458005,823147.7666666667,794103.6
"2023-10-03 00:00:00",292977,112918,10342,587,368327,827959.4333333333,811320.5333333333
"2023-10-04 00:00:00",175381,339633,7025,56,394509,809976.6666666666,800752.8666666667
"2023-10-05 00:00:00",123754,166363,13825,373,167091,791314.4333333333,798278.2666666667
"2023-10-06 00:00:00",175719,226511,754,0,249915,788628.4666666667,792674.9666666667
"2023-10-07 00:00:00",110505,133958,5707,2413,560446,794849.5,794143.3333333334
"2023-10-08 00:00:00",217978,196683,10765,0,339542,798033.2,793312.9666666667
"2023-10-09 00:00:00",403246,254236,11770,833,466435,815308.3666666667,791803.5333333333
"2023-10-10 00:00:00",156244,179471,8756,0,302217,810102.9,793359.6
"2023-10-11 00:00:00",304877,110769,3534,0,348067,815556.7,805103.3666666667
"2023-10-12 00:00:00",374930,177439,17936,252,504017,821028.1,818934.8333333334
"2023-10-13 00:00:00",260806,252637,6112,98,336150,816831.5,812038.8333333334
"2023-10-14 00:00:00",179686,120321,6632,98,489036,819786.3333333334,794655.4333333333
"2023-10-15 00:00:00",27861,366501,10649,0,549476,828149.4666666667,775689.3333333334
"2023-10-16 00:00:00",304826,168492,6741,1201,340255,825948.2333333333,782371.6666666666
"2023-10-17 00:00:00",401322,418050,5902,247,215829,836380,796435.9
"2023-10-18 00:00:00",376958,227535,5804,0,305846,832193.6333333333,797485.8666666667
"2023-10-19 00:00:00",49441,175734,16520,196,405160,823104.9333333333,815164
"2023-10-20 00:00:00",226250,65010,9056,637,333802,815944.5333333333,811947.8333333334
"2023-10-21 00:00:00",205339,208590,4259,512,630476,832090.6666666666,802487.4666666667
"2023-10-22 00:00:00",200675,245234,35227,733,194737,831195.9333333333,784072.3333333334
"2023-10-23 00:00:00",248875,279020,9618,98,570123,839263.7,784387.4
"2023-10-24 00:00:00",344309,307636,19747,4657,222055,834379.4333333333,786663.8333333334
"2023-10-25 00:00:00",218695,133403,12755,196,224079,826986.7666666667,773993.9333333333
"2023-10-26 00:00:00",80793,292755,5180,896,501510,834556.8333333334,775291
"2023-10-27 00:00:00",263776,257703,4874,191,109295,819338.6333333333,783126.8666666667
"2023-10-28 00:00:00",234721,196659,7844,177,264963,826816.1666666666,788930.3
"2023-10-29 00:00:00",172351,131154,5422,1327,403583,825471.6666666666,785050.9666666667
"2023-10-30 00:00:00",294766,249613,9494,0,270508,818581.2666666667,782438.1
"2023-10-31 00:00:00",299241,198417,16116,0,284830,824741.3333333334,778794.8333333334
"2023-11-01 00:00:00",266297,253228,8697,56,251501,811835.4666666667,781495.3
"2023-11-02 00:00:00",90205,295290,18614,196,362018,811207.8333333334,781574.2666666667
"2023-11-03 00:00:00",330716,244009,10852,0,359754,812165.5666666667,787362.5333333333
"2023-11-04 00:00:00",230026,175601,4931,531,419080,824124.3,779272.1
"2023-11-05 00:00:00",175044,89770,18714,196,319062,822453.8666666667,775942.1666666666
"2023-11-06 00:00:00",198855,306284,10415,0,228702,820161.5,780761.7666666667
"2023-11-07 00:00:00",293357,116829,15314,154,385700,821707.8,776087.3
"2023-11-08 00:00:00",284627,207018,6099,1024,121098,804486.0333333333,759972.5666666667
"2023-11-09 00:00:00",109721,186304,9515,0,310914,803478.3333333334,738894.1666666666
"2023-11-10 00:00:00",168046,294152,7600,769,434509,808072.7666666667,732238.7666666667
"2023-11-11 00:00:00",365980,236516,24264,0,143143,797917.0666666667,721407.1
"2023-11-12 00:00:00",266683,227284,3209,196,173057,791737.9333333333,726552.2666666667
"2023-11-13 00:00:00",332528,172748,9105,56,195719,788884.1666666666,732046.6666666666
"2023-11-14 00:00:00",127674,179105,7958,0,147015,772459.7666666667,739031.5333333333
"2023-11-15 00:00:00",279015,300298,6655,637,136270,769171.6333333333,742941.7666666667
"2023-11-16 00:00:00",53125,169571,12106,0,159206,747593.4333333333,742272.4333333333
"2023-11-17 00:00:00",176020,126775,14727,196,272625,736733.4,742487.9
"2023-11-18 00:00:00",150606,28085,4743,637,181320,727344.6666666666,731259.5
"2023-11-19 00:00:00",297146,237208,4717,98,216930,731389.5,721728.2
"2023-11-20 00:00:00",571916,395530,10426,1535,323251,739838.9666666667,725865.9
"2023-11-21 00:00:00",190501,176160,5874,196,220127,737047.4666666667,736793.6666666666
"2023-11-22 00:00:00",185224,234896,8596,1399,250579,722812.7666666667,738846.4
"2023-11-23 00:00:00",236870,329452,8678,252,486293,728250.8333333334,736811.4666666667
"2023-11-24 00:00:00",71802,90055,8849,0,346476,725852.5333333333,739445.1666666666
"2023-11-25 00:00:00",325760,184469,14923,0,448148,728924.7,746383.1666666666
"2023-11-26 00:00:00",177447,77928,4698,0,186669,722621.5,740468.1
"2023-11-27 00:00:00",425945,22525,11291,176,107850,718068.9333333333,729818.0333333333
"2023-11-28 00:00:00",206937,85063,5644,56,328752,715156.1,745593
"2023-11-29 00:00:00",221244,0,6766,0,88318,698220.9666666667,737196.5666666667
"2023-11-30 00:00:00",340570,134847,9748,396,329484,698769.0666666667,745007.3666666667
"2023-12-01 00:00:00",274909,167176,8523,2483,191245,694254.2333333333,739175.6
"2023-12-02 00:00:00",106637,63168,10666,249,125482,678916.7666666667,724620.3333333334
"2023-12-03 00:00:00",294384,202982,28430,56,138576,669553.1666666666,729952.2
"2023-12-04 00:00:00",319998,164465,6023,196,209049,665205.3,727613.6333333333
"2023-12-05 00:00:00",348560,115120,15823,0,429980,675428.5,738106
"2023-12-06 00:00:00",269610,53509,4276,438,287829,671142.1333333333,722273.4333333333
"2023-12-07 00:00:00",79586,216463,12688,1471,153598,659557.2666666667,729436
"2023-12-08 00:00:00",175827,219769,6164,0,448986,667253.0666666667,729249.6666666666
"2023-12-09 00:00:00",192110,174537,8121,0,275919,668394.2333333333,728178.9333333333
"2023-12-10 00:00:00",412012,165116,10096,252,161044,663175.6,734096.9333333333
"2023-12-11 00:00:00",184292,194604,7984,56,355153,662248.4666666667,718380.1666666666
"2023-12-12 00:00:00",302225,136750,8612,252,319787,665488.4666666667,722610
"2023-12-13 00:00:00",240112,209248,5264,98,197099,663543.9333333333,716953.3
"2023-12-14 00:00:00",277784,62628,3073,56,232759,667362.2333333333,707027.9
"2023-12-15 00:00:00",203173,104894,5900,98,89866,656730.7666666667,701120.1333333333
"2023-12-16 00:00:00",243127,447390,13074,56,230015,674719.3333333334,698118.6
"2023-12-17 00:00:00",193252,260392,13403,0,185796,676802.6666666666,698826.4
"2023-12-18 00:00:00",277369,119576,12271,56,173040,684033.4333333333,693890
"2023-12-19 00:00:00",301120,138231,8346,196,141765,678485.5,719557.2333333333
"2023-12-20 00:00:00",181175,275795,6123,289,299034,660477.5,729210.7666666667
"2023-12-21 00:00:00",287464,145859,9920,671,86719,658403.2666666667,720522.4333333333
"2023-12-22 00:00:00",56572,176070,6202,0,447981,658607.5666666667,726512.0666666667
"2023-12-23 00:00:00",263120,219485,5805,340,136364,644059.9,714420.2
"2023-12-24 00:00:00",243382,438456,7022,252,278605,659077.7,709984.8666666667
"2023-12-25 00:00:00",433169,0,16876,0,77746,644227.3666666667,705630.0333333333
"2023-12-26 00:00:00",171843,248115,7321,252,513695,660710.2,714490.9666666667
"2023-12-27 00:00:00",237097,207181,26467,0,205163,664314.2333333333,716510.7666666667
"2023-12-28 00:00:00",292065,285766,4615,0,236571,670732.9666666667,712543.0666666667
"2023-12-29 00:00:00",160596,104371,13832,98,109355,673130.4666666667,721463.6333333333
"2023-12-30 00:00:00",172107,225592,15016,372,197369,666310.8333333334,704630.3333333334
"2023-12-31 00:00:00",158109,321821,27348,0,290187,671415.0333333333,704666.8
"2024-01-01 00:00:00",421018,162599,3533,0,319432,691427.7,700281.4333333333
"2024-01-02 00:00:00",335168,172128,5998,699,154380,691559.2333333333,691076.5666666667
"2024-01-03 00:00:00",217944,89747,5792,0,99661,682006.2333333333,697436.3
"2024-01-04 00:00:00",286804,51916,4864,252,81294,665861.1666666666,693630.0333333333
"2024-01-05 00:00:00",366666,460717,23106,1255,130307,678074.1,697995.3
"2024-01-06 00:00:00",238740,250734,3896,0,187249,685301.0666666667,689154.8
"2024-01-07 00:00:00",201500,247141,10722,373,84459,675082.8666666667,691067.8666666667
"2024-01-08 00:00:00",301139,310884,9338,340,350952,685815.0333333333,701833.3333333334
"2024-01-09 00:00:00",188691,192910,19455,98,137558,678821.4,699013.1333333333
"2024-01-10 00:00:00",175584,160949,8873,56,393361,678712.6666666666,696919.1333333333
"2024-01-11 00:00:00",136618,275061,4778,0,268774,675966.2333333333,683139.6666666666
"2024-01-12 00:00:00",199519,195344,7096,0,410722,681328.2,681057.8
"2024-01-13 00:00:00",160224,326901,10286,56,290354,688378.9,678673.8333333334
"2024-01-14 00:00:00",220188,140126,6008,0,154652,692280.4333333333,680602.5
"2024-01-15 00:00:00",333142,154007,4045,196,148642,682492.6,684647.3333333334
"2024-01-16 00:00:00",195548,248555,13909,637,224051,683487.8666666667,700665.7
"2024-01-17 00:00:00",399708,480,10929,0,156881,683010.6666666666,693128.4333333333
"2024-01-18 00:00:00",257916,476641,10526,403,202365,694950.4,673685.1
"2024-01-19 00:00:00",263314,49878,6100,98,449190,695155.8333333334,677919.1
"2024-01-20 00:00:00",251833,259235,5868,0,49492,696349.0333333333,677669.1
"2024-01-21 00:00:00",215468,107740,12834,294,168210,690273.1666666666,675530.7333333333
"2024-01-22 00:00:00",288965,225286,4440,247,229788,694393.6333333333,686667.8333333334
"2024-01-23 00:00:00",234381,302151,11082,0,201290,687099.9,696208.2333333333
"2024-01-24 00:00:00",103743,213194,5185,438,511194,697298.8,677725.1333333333
"2024-01-25 00:00:00",375251,330882,4829,0,224728,697114.2666666667,677766.5333333333
"2024-01-26 00:00:00",165314,158411,7881,196,412175,699383.2333333333,675997.7
"2024-01-27 00:00:00",158700,141900,35992,0,117716,687226.2666666667,669562.5333333333
"2024-01-28 00:00:00",147495,25525,7581,0,325242,691145.9666666667,659754.2333333333
"2024-01-29 00:00:00",382989,202068,6269,196,657340,712426.0333333333,662331.5
"2024-01-30 00:00:00",230219,262398,18334,0,298502,712825.7666666667,662784.1
"2024-01-31 00:00:00",281947,155360,7361,583,222463,704863.5666666667,679911.2666666667
"2024-02-01 00:00:00",291170,26309,17608,942,227389,701365.0333333333,675293.6
"2024-02-02 00:00:00",199695,49031,6385,0,172918,701861.2333333333,667410.7
"2024-02-03 00:00:00",104157,0,986,700,166346,696763.2333333333,667000.4333333333
"2024-02-04 00:00:00",183741,88990,11196,0,54677,675314.9333333333,681822.6333333333
"2024-02-05 00:00:00",343454,273156,5315,350,355717,685227.4666666667,689348.4666666667
"2024-02-06 00:00:00",213438,0,2781,151,140848,678994.7666666667,700161.9
"2024-02-07 00:00:00",365762,254814,12375,870,165205,673207.2,696378.9
"2024-02-08 00:00:00",154935,235210,9858,0,226580,676136.2666666667,715354.5666666667
"2024-02-09 00:00:00",192215,235804,18525,0,127541,670644.8666666667,717089.5
"2024-02-10 00:00:00",225334,344228,9647,85,254343,675591.6333333333,711487.9333333333
"2024-02-11 00:00:00",184898,23170,5979,191,166576,661196.0333333333,730636.4
"2024-02-12 00:00:00",310323,297882,6425,617,212413,662523.9666666667,740687.5333333333
"2024-02-13 00:00:00",178794,224180,8112,0,248987,667160.5,736254.2
"2024-02-14 00:00:00",250430,0,8985,294,87495,657399.7,731386.6333333333
"2024-02-15 00:00:00",265780,310987,3822,583,203808,660809.1,731120.4666666667
"2024-02-16 00:00:00",119929,218104,12708,0,295179,663406.5333333333,733250.4
"2024-02-17 00:00:00",387830,85775,6228,2236,143481,652663.1,724532.6
"2024-02-18 00:00:00",149532,95239,5504,196,140943,640090.8,724506.6
"2024-02-19 00:00:00",141141,323783,1907,113,346250,648316.3333333334,717671.8666666667
"2024-02-20 00:00:00",351190,258281,4268,2342,230079,659703.4333333333,729254.4333333333
"2024-02-21 00:00:00",257527,335702,2351,196,259482,663254.3333333334,728647.9666666667
"2024-02-22 00:00:00",257592,273943,8705,365,485571,672496.8,728514.5
"2024-02-23 00:00:00",375740,208918,10527,0,351627,676265.3333333334,752711.5666666667
"2024-02-24 00:00:00",246278,232398,20815,0,291733,671449.7333333333,748267.8666666667
"2024-02-25 00:00:00",419937,306445,6123,0,233245,678842.2,747540.7666666667
"2024-02-26 00:00:00",252057,200127,11762,196,217101,686406.7666666667,741579.7333333333
"2024-02-27 00:00:00",297557,375093,10767,0,282325,701736.7333333333,765449.0666666667
"2024-02-28 00:00:00",438715,147999,11521,486,123208,684172.4,781449.3
"2024-02-29 00:00:00",330008,181263,0,0,108297,677842.7333333333,781569.8
"2024-03-01 00:00:00",149439,49572,5215,1255,366158,674640.1333333333,755626.6333333333
"2024-03-02 00:00:00",127097,301633,12527,0,139022,675202.2,760881.7
"2024-03-03 00:00:00",228651,104225,6080,0,622705,692989.8333333334,782810.4333333333
"2024-03-04 00:00:00",653148,287153,9663,340,339363,726905.8333333334,768464.4333333333
"2024-03-05 00:00:00",122631,147142,7275,252,567709,743786.1333333333,770148.5666666667
"2024-03-06 00:00:00",209047,206675,14166,0,279080,734818.5666666667,771300.4
"2024-03-07 00:00:00",415499,181996,17864,3357,171673,749257.6666666666,783867.7333333333
"2024-03-08 00:00:00",172352,243549,13473,177,249937,745273,779509.5
"2024-03-09 00:00:00",221750,120424,7380,98,168871,741670.9333333333,764120.4
"2024-03-10 00:00:00",113752,275606,8964,443,622029,756561.3,769064.4
"2024-03-11 00:00:00",145045,389564,8404,56,315548,757393.9666666667,796642.7666666667
"2024-03-12 00:00:00",238397,122920,11296,252,243480,765245.0333333333,789192.7
"2024-03-13 00:00:00",213916,323350,5815,0,369827,768086.6,794800.1
"2024-03-14 00:00:00",136694,223082,7491,305,466780,773896.0333333333,792658.0666666667
"2024-03-15 00:00:00",419600,168336,4367,196,532506,799822.7,795728.5333333333
"2024-03-16 00:00:00",387888,339024,29347,191,518764,816163.7333333333,785790.8333333334
"2024-03-17 00:00:00",224809,169924,6369,1218,309414,818357.5333333333,786491.9333333333
"2024-03-18 00:00:00",326466,284628,11170,56,232224,825990.7666666667,796540.0333333333
"2024-03-19 00:00:00",294655,167188,15523,387,454261,844010.7666666667,792619.7333333333
"2024-03-20 00:00:00",328357,140061,22234,151,270019,842264.9666666667,802939.3
"2024-03-21 00:00:00",203296,347119,9812,98,429623,847057.9333333333,774306.2
"2024-03-22 00:00:00",159376,124818,3697,154,606934,848382.1333333333,759430.2
"2024-03-23 00:00:00",382657,165757,7227,0,490590,849050.5666666667,765950.7666666667
"2024-03-24 00:00:00",319295,97222,4111,0,158009,836778.0333333333,754229.8666666667
"2024-03-25 00:00:00",428166,141567,13182,0,187120,836071.7333333333,760807
"2024-03-26 00:00:00",273097,47832,4312,430,312913,825166.1333333333,769151.4333333333
"2024-03-27 00:00:00",211344,244696,4114,0,173815,823590.3333333334,771528.2333333333
"2024-03-28 00:00:00",220155,49878,10264,345,148759,805712.4,755886.3666666667
"2024-03-29 00:00:00",219537,215490,3407,196,307773,806528.1666666666,753285.6
"2024-03-30 00:00:00",201600,241961,19494,617,207862,808260.5,755099.3666666667
"2024-03-31 00:00:00",140468,183378,21944,261,601326,820785.3333333334,768908
"2024-04-01 00:00:00",315082,207270,12490,252,421957,833344.4666666667,762498.0333333333
"2024-04-02 00:00:00",272966,281438,22883,191,323179,831311.1666666666,739055.5666666667
"2024-04-03 00:00:00",283374,91536,5637,177,606781,821239.1,754513.2333333333
"2024-04-04 00:00:00",319287,253304,14922,0,289417,822303.0666666667,743621.1333333333
"2024-04-05 00:00:00",129012,239670,5560,3504,304711,821419.4666666667,755276.9333333333
"2024-04-06 00:00:00",275989,204905,16572,151,571459,830709.0666666667,748665.8333333334
"2024-04-07 00:00:00",532037,244722,8554,443,480434,850265.9333333333,759058.5
"2024-04-08 00:00:00",208293,312454,8705,191,153594,855756.4,751318.7666666667
"2024-04-09 00:00:00",389731,293430,12505,3438,167624,850620.7,759857.5333333333
"2024-04-10 00:00:00",294457,57349,19850,0,316539,844940,756172.2
"2024-04-11 00:00:00",250687,132947,21613,0,216228,845110.9333333333,765281.8666666667
"2024-04-12 00:00:00",179155,144030,8893,196,109705,829413.3666666667,760629.5333333333
"2024-04-13 00:00:00",131698,249391,18134,1182,183450,821063.3666666667,763951.1666666666
"2024-04-14 00:00:00",246233,212332,9557,2924,332586,810350.9333333333,758325.3333333334
"2024-04-15 00:00:00",382692,175140,30189,0,114347,791256.0666666667,751524.4
"2024-04-16 00:00:00",201772,4467,1999,0,27648,775394.3666666667,764684.2666666667
"2024-04-17 00:00:00",163968,264053,6252,460,297020,771301.2666666667,768347.0333333333
"2024-04-18 00:00:00",303764,220490,15853,191,508769,775203.1,780346.4666666667
"2024-04-19 00:00:00",155739,83137,12187,513,172582,763981,785669.2666666667
"2024-04-20 00:00:00",127992,130180,4313,0,207210,746639.1666666666,813126.1
"2024-04-21 00:00:00",183640,408487,2347,233,323498,747413.3666666667,820720.9
"2024-04-22 00:00:00",286874,202126,6087,2479,327404,740038.0666666667,804772.4666666667
"2024-04-23 00:00:00",217681,246382,4617,98,477494,752292.6,794299.2666666667
"2024-04-24 00:00:00",322132,140367,18239,196,328351,753601,787784
"2024-04-25 00:00:00",222475,132380,6910,0,181774,750432.8333333334,778016.6
"2024-04-26 00:00:00",274811,381635,15360,191,277843,760961.9,781874.1
"2024-04-27 00:00:00",278305,185788,13771,196,430714,776940.8666666667,785570.5666666667
"2024-04-28 00:00:00",464698,280056,13098,512,51757,779064.7333333333,784415.7666666667
"2024-04-29 00:00:00",202168,181186,9038,3094,495406,786376.5666666667,779029.0333333333
"2024-04-30 00:00:00",265402,117081,11004,345,174123,773729.1,791508.1
"2024-05-01 00:00:00",269337,205821,9160,196,132474,762393.5666666667,808707.2666666667
"2024-05-02 00:00:00",92681,76799,30814,0,369374,751360.5333333333,812259.8666666667
"2024-05-03 00:00:00",327194,159765,10264,342,165910,740559.5,808189.9666666667
"2024-05-04 00:00:00",185056,152878,7853,3478,513190,740076.8666666667,794729.5
"2024-05-05 00:00:00",177562,224565,5459,393,240433,738941.9333333333,794351.3333333334
"2024-05-06 00:00:00",265150,229985,14563,0,404520,733779.9,788077.3666666667
"2024-05-07 00:00:00",627560,256285,11740,0,532694,739182.7666666667,780611.5666666667
"2024-05-08 00:00:00",174302,211068,8217,154,332802,740626.3666666667,790574.6
"2024-05-09 00:00:00",137165,281813,3058,3438,193464,732366.7666666667,784951.6
"2024-05-10 00:00:00",349846,186696,3531,2798,429077,741825.3333333334,781089.7
"2024-05-11 00:00:00",266766,311661,9089,191,321240,751407.7666666667,769625.2333333333
"2024-05-12 00:00:00",287553,317321,14814,98,291584,767054.1,770168.6333333333
"2024-05-13 00:00:00",239169,227654,18736,196,105393,767297.1666666666,787102.8
"2024-05-14 00:00:00",794789,244993,4413,196,231521,783039.7333333333,785736.4666666667
"2024-05-15 00:00:00",138870,201608,5826,196,154579,776330.1333333333,792025.0666666667
"2024-05-16 00:00:00",222270,215242,27527,98,513424,801086.1,795296.5666666667
"2024-05-17 00:00:00",58140,234722,4767,471,494262,803106.3666666667,778728.2333333333
"2024-05-18 00:00:00",290115,30495,5827,0,384541,791836.6666666666,770164.8
"2024-05-19 00:00:00",158810,84574,9037,7127,373732,798807.4333333333,765901.5666666667
"2024-05-20 00:00:00",211411,295272,15833,403,449186,815554.5,759862.7
"2024-05-21 00:00:00",112764,78855,8309,0,346249,803153.4666666667,783468.3666666667
"2024-05-22 00:00:00",487024,129752,5690,294,294700,806236.4,810429.2666666667
"2024-05-23 00:00:00",327536,241232,12377,56,544941,812232.1,818362.4
"2024-05-24 00:00:00",293368,229713,24990,387,170018,809205.2666666667,809683.4666666667
"2024-05-25 00:00:00",93381,295046,21194,5206,357290,816824.6,815518.2
"2024-05-26 00:00:00",112022,197523,6046,4358,606997,816061.4333333333,811657.3
"2024-05-27 00:00:00",185623,91197,13047,541,237213,803356.4,796677.1333333333
"2024-05-28 00:00:00",192162,190489,9065,0,195487,795925.7666666667,798128.9666666667
"2024-05-29 00:00:00",98044,159431,5291,1079,377431,787605.3666666667,804657.2666666667
"2024-05-30 00:00:00",589053,142498,9133,931,376695,805950.4666666667,786944.3
"2024-05-31 00:00:00",208098,267639,10299,113,218214,808862.9666666667,789795.9333333333
"2024-06-01 00:00:00",457872,87092,35175,2746,245497,817486.8,795419.9666666667
"2024-06-02 00:00:00",347866,166784,7549,177,200487,819466.4333333333,812978.8666666667
"2024-06-03 00:00:00",252289,211788,17267,2236,283749,816295.7666666667,816942.3333333334
"2024-06-04 00:00:00",137955,266406,8713,0,316729,819008.8666666667,814788.2
"2024-06-05 00:00:00",170682,0,12810,660,380278,807349.4333333333,818146.1
"2024-06-06 00:00:00",317632,65139,12030,735,259317,781568.5333333333,818260.9333333333
"2024-06-07 00:00:00",312572,430538,5604,196,404414,795794.5,816782.4333333333
"2024-06-08 00:00:00",285346,181136,9891,408,342752,802481,818766.9333333333
"2024-06-09 00:00:00",447626,336538,8723,393,418088,810461.6,830191.5333333333
"2024-06-10 00:00:00",403567,81584,9542,637,270411,805688.1333333333,826346.5666666667
"2024-06-11 00:00:00",215045,255710,4183,56,577983,810408.3666666667,823992.2
"2024-06-12 00:00:00",151468,237874,6894,196,371732,816309,810729.9333333333
"2024-06-13 00:00:00",462013,187268,8909,3564,301522,805887.9333333333,816864.0333333333
"2024-06-14 00:00:00",168219,189691,7952,3001,452785,816573.6,814439.0333333333
"2024-06-15 00:00:00",97306,103204,12282,3440,209093,798132.4,798330.3
"2024-06-16 00:00:00",319524,117238,2681,0,529663,804023.7666666667,805322.9
"2024-06-17 00:00:00",40143,182557,3039,0,169303,793492.6,817875.5333333333
"2024-06-18 00:00:00",365116,175133,9585,443,383846,803520.7,818359.2666666667
"2024-06-19 00:00:00",125060,247451,7065,294,313095,794215.9666666667,811348.7666666667
"2024-06-20 00:00:00",337986,112102,18414,233,372574,804053.6333333333,808793.1
"2024-06-21 00:00:00",169065,124604,12039,855,102350,787102.0333333333,789761.9333333333
"2024-06-22 00:00:00",276478,134228,12253,56,425987,777864.0666666667,798300.8333333334
"2024-06-23 00:00:00",328684,231987,6098,196,314918,783310.8666666667,809835.4
"2024-06-24 00:00:00",296031,350731,8922,1169,405396,792981.9666666667,819689.6666666666
"2024-06-25 00:00:00",161893,249899,5458,393,503874,792801.0666666667,822412.6333333333
"2024-06-26 00:00:00",189963,169313,6507,1679,183656,793584.2333333333,840936.7
"2024-06-27 00:00:00",760718,161980,18706,3076,227241,813068.1666666666,828185.3333333334
"2024-06-28 00:00:00",268918,210677,7407,56,406508,821477.8333333334,825945.2
"2024-06-29 00:00:00",80911,91316,9906,207,206322,797156.2666666667,843349.8333333334
"2024-06-30 00:00:00",241726,205165,8834,1579,323090,799690.8,849263.9666666667
"2024-07-01 00:00:00",299240,4467,6354,536,177377,788343.8666666667,850139.5333333333
"2024-07-02 00:00:00",469774,112800,6953,196,123807,788032.7333333333,839022.8333333334
"2024-07-03 00:00:00",186192,280406,5552,154,413949,791996.7333333333,842468.6333333333
"2024-07-04 00:00:00",329390,159142,16697,0,328411,795457.9666666667,828864.3
"2024-07-05 00:00:00",176162,190024,11933,2616,306798,799561.4666666667,827444.3
"2024-07-06 00:00:00",246619,194550,13644,249,278599,802188.4333333333,819473.1
"2024-07-07 00:00:00",396216,179106,7202,493,591428,802892.5666666667,819489.3333333334
"2024-07-08 00:00:00",298550,194327,2230,2480,163066,797596.5666666667,828872.5333333333
"2024-07-09 00:00:00",349540,242980,10389,884,399260,790652.6666666666,818099.8333333334
"2024-07-10 00:00:00",127339,53352,14465,56,436976,786200.8666666667,821013.5666666667
"2024-07-11 00:00:00",627151,0,7025,342,380445,784933.7,819170.9666666667
"2024-07-12 00:00:00",290458,284154,4570,1825,413856,792490.3,817563.6333333333
"2024-07-13 00:00:00",274449,201288,14518,0,378317,789333.4,824797.7
"2024-07-14 00:00:00",346050,11041,6123,252,381392,786773.7,830577.7
"2024-07-15 00:00:00",215018,152009,13463,833,270390,794319.9666666667,843442.9
"2024-07-16 00:00:00",303092,213526,9025,1693,277748,788852.7,851400.7333333333
"2024-07-17 00:00:00",219413,164020,3033,316,212903,795674.1333333333,832916.1666666666
"2024-07-18 00:00:00",446465,222141,8072,252,454579,802253.7333333333,840415.7333333333
"2024-07-19 00:00:00",246476,144897,24007,196,369241,805315.5,837123.7666666667
"2024-07-20 00:00:00",143823,282597,9020,0,173394,797566.4,854464.3666666667
"2024-07-21 00:00:00",207569,181605,5178,1024,435673,811637.6333333333,848114.7333333333
"2024-07-22 00:00:00",449524,5492,10401,2068,544897,817083.6333333333,842673.6
"2024-07-23 00:00:00",223465,163599,15997,191,257360,809707.9333333333,840570.0666666667
"2024-07-24 00:00:00",223158,2107,4788,0,278016,791235.1666666666,832053.3
"2024-07-25 00:00:00",326264,102182,14053,571,189706,781610.4333333333,839634.7333333333
"2024-07-26 00:00:00",195540,333543,6417,387,390381,794115.4333333333,841352
"2024-07-27 00:00:00",220715,2107,8847,0,366379,774993.0333333333,837937.9
"2024-07-28 00:00:00",355150,320950,3889,347,114215,771692.4333333333,856043.4
"2024-07-29 00:00:00",112765,63195,2068,1020,225226,772212.8,837842.7666666667
"2024-07-30 00:00:00",302293,327637,13543,252,364130,779794.7,833302.7
"2024-07-31 00:00:00",44958,101543,7606,383,297781,778604.5333333333,824356.3666666667
"2024-08-01 00:00:00",350614,218344,8865,196,224152,781559.2666666667,824076.2333333333
"2024-08-02 00:00:00",406791,316030,12189,0,355889,788380.9333333333,836604.8
"2024-08-03 00:00:00",217350,208102,8155,693,253131,783507.3333333334,849794.5
"2024-08-04 00:00:00",200068,194470,9531,387,296827,783965.5333333333,838844.5
"2024-08-05 00:00:00",198794,268270,16612,2567,385637,788572.9333333333,843587.2333333333
"2024-08-06 00:00:00",547622,157605,8289,0,263177,781981.0333333333,860912.0666666667
"2024-08-07 00:00:00",205736,342559,14050,98,239632,786695.1666666666,854613.5
"2024-08-08 00:00:00",299604,75491,7010,2707,194287,772563.3333333334,848201.0666666667
"2024-08-09 00:00:00",195988,184429,3838,0,464134,779770.0666666667,845839.8333333334
"2024-08-10 00:00:00",302087,383713,5936,0,567321,787906.5,855355.4
"2024-08-11 00:00:00",517242,93801,9779,373,231228,783158.5333333333,855025.6333333333
"2024-08-12 00:00:00",431512,155652,9453,2615,112167,777919.5666666667,852218.2
"2024-08-13 00:00:00",403591,182013,13402,0,570915,792088.3333333334,858625.7
"2024-08-14 00:00:00",171356,174118,11110,892,349421,793927.9666666667,847157.7
"2024-08-15 00:00:00",238782,178721,4413,1662,170113,786881.5333333333,846114.3666666667
"2024-08-16 00:00:00",245650,312382,5929,2060,356890,797655.8666666667,851822.9666666667
"2024-08-17 00:00:00",119126,295616,10578,0,321120,784820.1333333333,850368.1
"2024-08-18 00:00:00",237543,160059,1825,0,258219,780581.0333333333,864687.0333333333
"2024-08-19 00:00:00",89871,175624,21862,2100,118811,773895.5666666667,842471.5333333333
"2024-08-20 00:00:00",193266,460450,15488,1707,136438,773105.6,854254.3
"2024-08-21 00:00:00",179328,169897,15582,196,800172,778198.7,857274.9333333333
"2024-08-22 00:00:00",558854,182322,6399,119,318577,791720.5666666667,858890.8333333334
"2024-08-23 00:00:00",499475,100563,11761,196,199921,801848.8,864054.2666666667
"2024-08-24 00:00:00",355077,68322,35240,2181,381519,808834.2,858295.0333333333
"2024-08-25 00:00:00",195708,58553,6252,366,591463,806370.0666666667,862094.7666666667
"2024-08-26 00:00:00",285282,479654,7801,151,327634,823119.2333333333,867770.5666666667
"2024-08-27 00:00:00",188691,122544,8607,350,378430,819921.7,864348.9333333333
"2024-08-28 00:00:00",279232,110805,9157,3242,487380,836106.4333333333,879322.8
"2024-08-29 00:00:00",258072,264604,9143,0,317575,830824.3666666667,869193.6333333333
"2024-08-30 00:00:00",182611,165839,12468,294,257221,836363.1666666666,875171.5333333333
"2024-08-31 00:00:00",226640,59177,12416,0,230095,827234.9666666667,874688.2
"2024-09-01 00:00:00",300703,237872,9174,0,329323,820107.2333333333,863656.8666666667
"2024-09-02 00:00:00",300109,157341,7660,196,449865,827698.4666666667,849952.2666666667
"2024-09-03 00:00:00",220297,150917,9506,98,143393,821796.0333333333,880017.4666666667
"2024-09-04 00:00:00",154454,245271,9897,56,188931,812686.9666666667,894110.0666666667
"2024-09-05 00:00:00",384466,272039,20379,852,304615,812875.7333333333,876378.6333333333
"2024-09-06 00:00:00",312443,152233,33629,2761,334950,814007.0666666667,866791.6333333333
"2024-09-07 00:00:00",193976,115603,5846,56,329856,816215.0333333333,864670.3666666667
"2024-09-08 00:00:00",496750,75011,9183,927,265646,816185.9333333333,864643.5
"2024-09-09 00:00:00",205817,314515,4173,191,151730,796764.9,857179.4
"2024-09-10 00:00:00",303736,7577,8319,3783,264133,787935.7333333333,854955.9
"2024-09-11 00:00:00",286413,323873,12504,6151,1015604,819040.5333333333,855517.3333333334
"2024-09-12 00:00:00",260370,125370,8397,281,404327,806667.9666666667,854620.4333333333
"2024-09-13 00:00:00",343834,125717,17170,4660,259648,808138.8333333334,856866.0333333333
"2024-09-14 00:00:00",267990,276255,15435,98,310570,817360.6333333333,854253.8
"2024-09-15 00:00:00",249732,194456,8130,119,355617,813531.9666666667,856702.4666666667
"2024-09-16 00:00:00",342303,351162,12278,889,337052,823440.1666666666,849152.6333333333
"2024-09-17 00:00:00",379788,187763,23228,0,510550,838229.7,848322.8333333334
"2024-09-18 00:00:00",250114,350709,5345,733,370820,857211.5666666667,847247.5333333333
"2024-09-19 00:00:00",349994,99613,16595,2529,113304,849701,843557.1
"2024-09-20 00:00:00",353222,408557,8766,0,202581,843299.3,834617.6666666666
"2024-09-21 00:00:00",155135,179152,2522,636,621192,839711.5666666667,829528.0666666667
"2024-09-22 00:00:00",182972,227542,16520,0,143949,831680.5,827565.5
"2024-09-23 00:00:00",634230,354030,7128,1854,521195,854217.1,836630.3
"2024-09-24 00:00:00",537438,44791,18540,98,156693,851057.6333333333,825355.5
"2024-09-25 00:00:00",169828,167426,7343,2481,535524,843793.7333333333,824181.3
"2024-09-26 00:00:00",237398,220855,11009,0,445082,850984.4,827461.0333333333
"2024-09-27 00:00:00",175015,335307,10181,579,283403,848139.9666666667,807698.9333333333
"2024-09-28 00:00:00",144378,205415,6902,98,366196,843926.5333333333,807983.5333333333
"2024-09-29 00:00:00",527686,115087,3775,191,80199,847543.3,817856.3
"2024-09-30 00:00:00",166817,219733,12359,373,352467,854990.7,810303.3
"2024-10-01 00:00:00",386460,158044,4447,0,318694,854676.5666666667,823147.7666666667
"2024-10-02 00:00:00",299197,73220,8706,315,248207,845159.0333333333,827959.4333333333
"2024-10-03 00:00:00",287806,231557,24023,488,585684,865337.3333333334,809976.6666666666
"2024-10-04 00:00:00",319792,171640,11411,1853,122253,866281.9666666667,791314.4333333333
"2024-10-05 00:00:00",343799,204543,3060,0,300283,861926.3666666667,788628.4666666667
"2024-10-06 00:00:00",167605,137761,12835,1995,244473,852881.4,794849.5
"2024-10-07 00:00:00",278862,133889,5184,177,318513,855924.3666666667,798033.2
"2024-10-08 00:00:00",405872,195984,8122,0,179861,854001.7,815308.3666666667
"2024-10-09 00:00:00",180114,100112,16547,1585,262610,850153.1666666666,810102.9
"2024-10-10 00:00:00",413394,168799,24123,191,349853,862446.9333333333,815556.7
"2024-10-11 00:00:00",364724,294007,8774,4198,310163,840357.6,821028.1
"2024-10-12 00:00:00",507058,58432,8464,0,217786,840124.1,816831.5
"2024-10-13 00:00:00",129206,116717,6154,0,252455,831907.5,819786.3333333334
"2024-10-14 00:00:00",335210,318699,12909,0,151857,830185.0666666667,828149.4666666667
"2024-10-15 00:00:00",338803,122627,4808,2626,194934,825376.5,825948.2333333333
"2024-10-16 00:00:00",251823,132230,15037,151,129892,808224.7333333333,836380
"2024-10-17 00:00:00",225563,257770,8208,1612,391943,801017.0333333333,832193.6333333333
"2024-10-18 00:00:00",356521,406793,4001,191,176393,799889.5333333333,823104.9333333333
"2024-10-19 00:00:00",485750,218205,17905,56,539212,822526.0333333333,815944.5333333333
"2024-10-20 00:00:00",108724,143774,10682,119,338488,810148.0333333333,832090.6666666666
"2024-10-21 00:00:00",295033,305395,9317,289,262970,807293.5666666667,831195.9333333333
"2024-10-22 00:00:00",115887,172643,31647,0,253868,807395.6333333333,839263.7
"2024-10-23 00:00:00",421023,40814,7910,3345,194810,779044.5,834379.4333333333
"2024-10-24 00:00:00",313782,141538,17036,98,187705,775797.8333333334,826986.7666666667
"2024-10-25 00:00:00",219813,100922,7993,98,319142,767976.5333333333,834556.8333333334
"2024-10-26 00:00:00",213075,258384,4282,191,253210,761803.1,819338.6333333333
"2024-10-27 00:00:00",129468,105217,9606,0,104459,746611.9,826816.1666666666
"2024-10-28 00:00:00",332566,337444,8750,0,336940,756368.8666666667,825471.6666666666
"2024-10-29 00:00:00",232872,116513,14000,191,640441,765604.8333333334,818581.2666666667
"2024-10-30 00:00:00",258361,199710,10866,4473,108593,759946.8,824741.3333333334
"2024-10-31 00:00:00",189472,136404,16815,0,254719,750938.8666666667,811835.4666666667
"2024-11-01 00:00:00",238529,210374,10042,119,289415,754899.9,811207.8333333334
"2024-11-02 00:00:00",520492,204694,13678,993,280668,751265.4666666667,812165.5666666667
"2024-11-03 00:00:00",238906,222446,15240,247,316353,756807,824124.3
"2024-11-04 00:00:00",340503,211965,7745,3310,365462,759383.6333333333,822453.8666666667
"2024-11-05 00:00:00",330105,270821,3105,0,264901,769525.7,820161.5
"2024-11-06 00:00:00",283251,179848,14413,2341,176089,766836.3333333334,821707.8
"2024-11-07 00:00:00",184294,344805,1405,119,207155,765101,804486.0333333333
"2024-11-08 00:00:00",226282,405024,15864,0,239860,775969.6666666666,803478.3333333334
"2024-11-09 00:00:00",250696,71336,8339,0,260412,763783.6333333333,808072.7666666667
"2024-11-10 00:00:00",267175,107300,12176,119,200563,750632.4666666667,797917.0666666667
"2024-11-11 00:00:00",208993,194745,20266,0,138169,742980.2666666667,791737.9333333333
"2024-11-12 00:00:00",246930,155825,28136,3052,314642,751115.4666666667,788884.1666666666
"2024-11-13 00:00:00",393825,208082,10357,0,559146,762873.4,772459.7666666667
"2024-11-14 00:00:00",279255,282170,9040,0,143445,764543.8,769171.6333333333
"2024-11-15 00:00:00",237851,149958,3914,311,335592,771160.2,747593.4333333333
"2024-11-16 00:00:00",176174,256459,13053,191,43116,757956.6333333333,736733.4
"2024-11-17 00:00:00",317536,224452,8027,1565,349633,756533.7,727344.6666666666
"2024-11-18 00:00:00",263307,101982,10182,273,374372,739499.9,731389.5
"2024-11-19 00:00:00",445797,78942,12923,289,174533,743189.8,739838.9666666667
"2024-11-20 00:00:00",75225,113721,4613,1020,654826,742403.1,737047.4666666667
"2024-11-21 00:00:00",326752,352154,5141,56,219595,753391.5333333333,722812.7666666667
"2024-11-22 00:00:00",220243,91703,4631,151,223322,749129.8,728250.8333333334
"2024-11-23 00:00:00",339790,232196,13015,2898,210017,753721.7,725852.5333333333
"2024-11-24 00:00:00",350965,319132,3174,119,378833,767196.8666666667,728924.7
"2024-11-25 00:00:00",687481,225837,9113,1853,100405,777048.4333333333,722621.5
"2024-11-26 00:00:00",435941,294796,13901,2037,464201,805786.0333333333,718068.9333333333
"2024-11-27 00:00:00",189471,74746,8348,0,46336,782559.4,715156.1
"2024-11-28 00:00:00",217882,277681,4595,56,226765,773324.8,698220.9666666667
"2024-11-29 00:00:00",427635,80808,11519,177,172734,777020.3333333334,698769.0666666667
"2024-11-30 00:00:00",114620,110632,2731,0,153187,769812.3666666667,694254.2333333333
"2024-12-01 00:00:00",194719,121951,4459,0,246628,763788.4,678916.7666666667
"2024-12-02 00:00:00",150006,217223,11302,0,295424,752235.9666666667,669553.1666666666
"2024-12-03 00:00:00",289596,358621,5034,0,106161,751109.8,665205.3
"2024-12-04 00:00:00",322937,190512,7455,5124,263701,746467.9666666667,675428.5
"2024-12-05 00:00:00",319946,247741,11092,0,211377,743842.2333333333,671142.1333333333
"2024-12-06 00:00:00",322273,167010,4902,815,160963,743842.8,659557.2666666667
"2024-12-07 00:00:00",276495,288242,8216,0,183355,744460.4333333333,667253.0666666667
"2024-12-08 00:00:00",204641,215595,8016,0,284689,738657.4666666667,668394.2333333333
"2024-12-09 00:00:00",205923,300845,7503,98,186399,742323.6666666666,663175.6
"2024-12-10 00:00:00",369054,405801,6517,0,208061,755727.1,662248.4666666667
"2024-12-11 00:00:00",310953,89475,1861,175,225527,757921,665488.4666666667
"2024-12-12 00:00:00",124773,302456,14796,1869,212957,754863.1666666666,663543.9333333333
"2024-12-13 00:00:00",255492,160078,8716,5148,182352,736209,667362.2333333333
"2024-12-14 00:00:00",227064,293568,8692,3485,140381,734851.7333333333,656730.7666666667
"2024-12-15 00:00:00",171133,78985,7623,0,449259,734164.2,674719.3333333334
"2024-12-16 00:00:00",317543,170373,28997,119,231503,742815.6333333333,676802.6666666666
"2024-12-17 00:00:00",118502,79841,35719,0,137962,725176,684033.4333333333
"2024-12-18 00:00:00",350404,378613,7697,0,103469,728178.2,678485.5
"2024-12-19 00:00:00",379697,197354,14260,558,163838,729619,660477.5
"2024-12-20 00:00:00",233546,130839,9843,2379,349180,725498.4333333333,658403.2666666667
"2024-12-21 00:00:00",336945,321426,3603,328,212327,724529.4,658607.5666666667
"2024-12-22 00:00:00",200474,284043,5143,0,274136,731987.5666666667,644059.9
"2024-12-23 00:00:00",223494,228792,16329,56,266562,729898.1333333333,659077.7
"2024-12-24 00:00:00",311797,10990,15366,4361,424281,720383.9,644227.3666666667
"2024-12-25 00:00:00",314922,304065,9931,120,88001,710128.9,660710.2
"2024-12-26 00:00:00",136872,150216,4576,98,26024,680359.3,664314.2333333333
"2024-12-27 00:00:00",880629,412046,16979,233,568984,732358.3666666667,670732.9666666667
"2024-12-28 00:00:00",195454,240427,27709,296,241280,731631.3,673130.4666666667
"2024-12-29 00:00:00",500482,134331,3920,735,75635,732372.2666666667,666310.8333333334
"2024-12-30 00:00:00",195459,212665,6538,211,294525,743313.2,671415.0333333333
"2024-12-31 00:00:00",185512,259934,29633,0,170573,745909.7333333333,691427.7
"2025-01-01 00:00:00",197671,112752,15423,425,10199,734660.2,691559.2333333333
"2025-01-02 00:00:00",85158,70905,694,56,117633,718494.5666666667,682006.2333333333
"2025-01-03 00:00:00",221253,357133,6999,151,281728,721079.0333333333,665861.1666666666
"2025-01-04 00:00:00",147816,146017,8574,2118,168573,710510.4333333333,678074.1
"2025-01-05 00:00:00",222750,150838,8688,1871,169799,707109.8666666667,685301.0666666667
"2025-01-06 00:00:00",253112,153181,21307,56,100186,699494.4666666667,675082.8666666667
"2025-01-07 00:00:00",406463,212325,6101,0,349382,708205.5,685815.0333333333
"2025-01-08 00:00:00",376120,154791,5938,1586,554616,721281.6,678821.4
"2025-01-09 00:00:00",241009,299183,4943,0,79745,709129.7,678712.6666666666
"2025-01-10 00:00:00",362815,137630,10428,352,234418,713051.5333333333,675966.2333333333
"2025-01-11 00:00:00",181378,279196,22968,637,320862,717991.2,681328.2
"2025-01-12 00:00:00",147347,370047,10188,1075,84361,718032.2333333333,688378.9
"2025-01-13 00:00:00",240884,199329,7550,2211,310624,720945.7666666667,692280.4333333333
"2025-01-14 00:00:00",352961,295984,9903,56,266034,728210.4,682492.6
"2025-01-15 00:00:00",316490,92462,13158,175,185302,723512.0666666667,683487.8666666667
"2025-01-16 00:00:00",388358,269753,4872,0,235752,741069.0666666667,683010.6666666666
"2025-01-17 00:00:00",231370,108131,18160,0,189977,731317.6333333333,694950.4
"2025-01-18 00:00:00",131137,0,6574,0,392688,723807.3666666667,695155.8333333334
"2025-01-19 00:00:00",370786,256463,6516,637,50869,722456.9,696349.0333333333
"2025-01-20 00:00:00",218646,223799,11767,353,405002,721955,690273.1666666666
"2025-01-21 00:00:00",309477,160268,2945,119,222578,719674.6666666666,694393.6333333333
"2025-01-22 00:00:00",248158,304085,19400,177,315565,724746.4,687099.9
"2025-01-23 00:00:00",216063,132516,10626,578,354575,722998.5333333333,697298.8
"2025-01-24 00:00:00",347287,182551,29211,637,469360,733398.9333333333,697114.2666666667
"2025-01-25 00:00:00",195711,330172,7337,1144,84927,743449.1,699383.2333333333
"2025-01-26 00:00:00",190147,238373,13955,0,158369,700848.1333333333,687226.2666666667
"2025-01-27 00:00:00",333249,324158,9678,2651,406216,713207.7333333333,691145.9666666667
"2025-01-28 00:00:00",415822,206178,19683,56,192608,717182.5666666667,712426.0333333333
"2025-01-29 00:00:00",255560,116368,15273,586,262375,715208.0666666667,712825.7666666667
"2025-01-30 00:00:00",342225,377909,18201,294,281983,727706.8333333334,704863.5666666667
"2025-01-31 00:00:00",498195,130539,11534,2157,288514,747522.4666666667,701365.0333333333
"2025-02-01 00:00:00",147756,246558,9967,4219,187144,758229.1666666666,701861.2333333333
"2025-02-02 00:00:00",373232,103306,3639,207,144018,750133.7666666667,696763.2333333333
"2025-02-03 00:00:00",261327,303138,11704,151,126951,757806.2333333333,675314.9333333333
"2025-02-04 00:00:00",489942,242556,15096,3273,289042,774005.0333333333,685227.4666666667
"2025-02-05 00:00:00",316333,215532,15315,1022,120216,778690.8333333334,678994.7666666667
"2025-02-06 00:00:00",570381,244513,10634,56,178242,779676.1,673207.2
"2025-02-07 00:00:00",104710,210703,5458,0,221139,761308.1333333333,676136.2666666667
"2025-02-08 00:00:00",57984,158621,4481,367,151909,752924.3,670644.8666666667
"2025-02-09 00:00:00",140565,77526,8032,1538,52354,737403.3666666667,675591.6333333333
"2025-02-10 00:00:00",268863,397990,20896,924,220747,740882.7,661196.0333333333
"2025-02-11 00:00:00",336773,292015,20332,5683,342972,753707.9666666667,662523.9666666667
"2025-02-12 00:00:00",376954,147195,11363,531,286779,755782.2333333333,667160.5
"2025-02-13 00:00:00",339674,361322,5978,1989,193559,755035.0333333333,657399.7
"2025-02-14 00:00:00",311149,146007,8441,0,409664,763957.5,660809.1
"2025-02-15 00:00:00",187779,171924,9937,0,413280,760097,663406.5333333333
"2025-02-16 00:00:00",216292,229030,9853,98,214445,764166.3666666667,652663.1
"2025-02-17 00:00:00",520178,81724,8909,207,530982,784553.1,640090.8
"2025-02-18 00:00:00",293305,216214,6085,2824,409812,792652.1333333333,648316.3333333334
"2025-02-19 00:00:00",457003,143454,10595,191,220066,791710.1333333333,659703.4333333333
"2025-02-20 00:00:00",248299,121010,11552,1914,815092,808459.5333333333,663254.3333333334
"2025-02-21 00:00:00",290094,353464,26370,0,399837,814538.8666666667,672496.8
"2025-02-22 00:00:00",257269,167413,7767,0,252509,813558.7666666667,676265.3333333334
"2025-02-23 00:00:00",255038,166718,2110,0,522515,810803.1666666666,671449.7333333333
"2025-02-24 00:00:00",248357,244118,7982,98,132389,811258.1666666666,678842.2
"2025-02-25 00:00:00",286429,126083,3050,155,53877,806883.1333333333,686406.7666666667
"2025-02-26 00:00:00",315285,128379,7843,56,405787,799596.3666666667,701736.7333333333
"2025-02-27 00:00:00",581645,46821,3057,1024,145232,797710.7666666667,684172.4
"2025-02-28 00:00:00",148659,75178,14070,177,185121,790145.5333333333,677842.7333333333
"2025-03-01 00:00:00",249922,514105,6256,2516,233662,789673.8333333334,674640.1333333333
"2025-03-02 00:00:00",415205,43807,9508,0,115457,778108.5,675202.2
"2025-03-03 00:00:00",267541,361836,16603,0,391491,792836.0666666667,692989.8333333334
"2025-03-04 00:00:00",217398,89090,34814,191,430780,797765.2,726905.8333333334
"2025-03-05 00:00:00",459337,383645,13608,2748,137887,807563.5666666667,743786.1333333333
"2025-03-06 00:00:00",443108,191645,14036,151,397054,807766.4666666667,734818.5666666667
"2025-03-07 00:00:00",131799,223234,5208,342,178258,803447.2666666667,749257.6666666666
"2025-03-08 00:00:00",183576,393098,12762,0,152069,794703.1666666666,745273
"2025-03-09 00:00:00",318134,83222,3381,1538,241223,798219.3,741670.9333333333
"2025-03-10 00:00:00",145111,152195,26055,294,167835,802157.0333333333,756561.3
"2025-03-11 00:00:00",326701,219370,10314,340,104993,814880.4,757393.9666666667
"2025-03-12 00:00:00",342286,189465,13787,2038,235486,810668.5666666667,765245.0333333333
"2025-03-13 00:00:00",542591,0,9530,2832,222804,803334.6,768086.6
"2025-03-14 00:00:00",309718,214776,7529,0,381088,806344.2,773896.0333333333
"2025-03-15 00:00:00",158683,234356,6234,206,169425,795223.5333333333,799822.7
"2025-03-16 00:00:00",119524,328387,27422,0,310164,792231.4,816163.7333333333
"2025-03-17 00:00:00",249083,272811,15138,712,321342,794770.3,818357.5333333333
"2025-03-18 00:00:00",308794,183426,4989,1310,472700,804820.3666666667,825990.7666666667
"2025-03-19 00:00:00",248359,177881,14576,765,396975,794705.6,844010.7666666667
"2025-03-20 00:00:00",408117,353857,3082,0,300698,799289.2333333333,842264.9666666667
"2025-03-21 00:00:00",116139,159096,22497,0,185956,787701.7666666667,847057.9333333333
"2025-03-22 00:00:00",434841,194466,7192,1426,271893,778100.1333333333,848382.1333333333
"2025-03-23 00:00:00",227099,179472,3873,1695,179632,762166.9666666667,849050.5666666667
"2025-03-24 00:00:00",134303,199130,3301,0,82289,753302.4666666667,836778.0333333333
"2025-03-25 00:00:00",137821,73628,0,0,221418,736185.2333333333,836071.7333333333
"2025-03-26 00:00:00",465012,227401,8461,481,262146,747204.0333333333,825166.1333333333
"2025-03-27 00:00:00",334695,298795,8912,637,298555,762937.4333333333,823590.3333333334
"2025-03-28 00:00:00",155222,337675,11703,1383,220542,758576.7,805712.4
"2025-03-29 00:00:00",124930,99772,12141,0,369771,752871.1666666666,806528.1666666666
"2025-03-30 00:00:00",284535,103866,4650,1169,290210,761578.6333333333,808260.5
"2025-03-31 00:00:00",198789,116895,7889,0,606204,759022.4,820785.3333333334
"2025-04-01 00:00:00",237154,114672,12730,191,458642,767002.7666666667,833344.4666666667
"2025-04-02 00:00:00",285274,305210,6531,0,415353,766166.0333333333,831311.1666666666
"2025-04-03 00:00:00",259085,295485,11379,2554,269553,768358.7333333333,821239.1
"2025-04-04 00:00:00",162576,201080,9041,0,280788,756900.8,822303.0666666667
"2025-04-05 00:00:00",468456,224456,15320,2183,76403,748261.6,821419.4666666667
"2025-04-06 00:00:00",121349,213586,12818,305,268462,750850.9333333333,830709.0666666667
"2025-04-07 00:00:00",168778,95969,17346,1522,230702,743278.0333333333,850265.9333333333
"2025-04-08 00:00:00",275284,196033,11666,2502,163372,743323.4,855756.4
"2025-04-09 00:00:00",261800,66174,10476,2749,262970,747079.3333333334,850620.7
"2025-04-10 00:00:00",334843,159484,5777,604,302747,751803.8666666667,844940
"2025-04-11 00:00:00",288921,357484,7825,5709,77950,750297.9666666667,845110.9333333333
"2025-04-12 00:00:00",156615,199060,8619,0,139140,741153.8,829413.3666666667
"2025-04-13 00:00:00",269848,237840,13004,151,230597,735764.7,821063.3666666667
"2025-04-14 00:00:00",321596,221491,6450,1847,308705,745470.9333333333,810350.9333333333
"2025-04-15 00:00:00",304501,103790,7410,56,157642,738401.0333333333,791256.0666666667
"2025-04-16 00:00:00",496018,123914,5409,177,638904,751912.2,775394.3666666667
"2025-04-17 00:00:00",334921,62292,2505,98,199266,739507.6,771301.2666666667
"2025-04-18 00:00:00",297446,69393,1676,0,352142,735577.6333333333,775203.1
"2025-04-19 00:00:00",249462,258337,20076,120,260451,726334.1666666666,763981
"2025-04-20 00:00:00",182234,309748,9809,0,227319,734514.9666666667,746639.1666666666
"2025-04-21 00:00:00",362397,260585,15962,0,226245,733027.2666666667,747413.3666666667
"2025-04-22 00:00:00",270803,164463,16824,2249,127238,732687.6333333333,740038.0666666667
"2025-04-23 00:00:00",213064,302640,14989,340,374280,748897.4666666667,752292.6
"2025-04-24 00:00:00",185100,137389,27902,177,352267,757896.5333333333,753601
"2025-04-25 00:00:00",368856,300690,11021,196,291769,758197.3666666667,750432.8333333334
"2025-04-26 00:00:00",260387,188273,3953,218,91879,744967.9333333333,760961.9
"2025-04-27 00:00:00",214317,127942,8457,191,408599,746067.2,776940.8666666667
"2025-04-28 00:00:00",259934,190889,16754,2516,359344,753494.7333333333,779064.7333333333
"2025-04-29 00:00:00",381332,367323,21829,0,179842,762357.9333333333,786376.5666666667
"2025-04-30 00:00:00",202894,127976,25298,0,323590,754023.9333333333,773729.1
"2025-05-01 00:00:00",218345,304580,13774,0,153866,749596.5,762393.5666666667
"2025-05-02 00:00:00",363779,114347,31756,833,121397,736921.2666666667,751360.5333333333
"2025-05-03 00:00:00",237375,254593,8539,275,229406,733325.6666666666,740559.5
"2025-05-04 00:00:00",305627,87613,12897,304,295488,734940.4,740076.8666666667
"2025-05-05 00:00:00",214314,188304,10022,177,480023,738474.3666666667,738941.9333333333
"2025-05-06 00:00:00",311919,157729,7014,0,100245,737153.8666666667,733779.9
"2025-05-07 00:00:00",146307,0,3360,3290,129845,729436.6333333333,739182.7666666667
"2025-05-08 00:00:00",260407,289465,6921,252,415844,740237.7333333333,740626.3666666667
"2025-05-09 00:00:00",263312,195326,21491,0,340375,747448.8,732366.7666666667
"2025-05-10 00:00:00",158532,347520,16078,56,317144,748644.6666666666,741825.3333333334
"2025-05-11 00:00:00",424226,255855,11450,1025,317953,757732.0666666667,751407.7666666667
"2025-05-12 00:00:00",330782,145667,6620,0,476809,772946.8333333334,767054.1
"2025-05-13 00:00:00",256482,126784,13021,1024,257350,769720.9,767297.1666666666
"2025-05-14 00:00:00",287136,278838,14573,1627,236208,768330.6333333333,783039.7333333333
"2025-05-15 00:00:00",280161,172413,14714,309,103296,768247.1333333333,776330.1333333333
"2025-05-16 00:00:00",305105,34113,22779,2328,281118,747614.5666666667,801086.1
"2025-05-17 00:00:00",140707,153430,9883,0,400384,751125.2666666667,803106.3666666667
"2025-05-18 00:00:00",203984,201713,4084,526,137257,745355.4333333333,791836.6666666666
"2025-05-19 00:00:00",270005,227465,11596,3490,739534,760810.2,798807.4333333333
"2025-05-20 00:00:00",385463,177446,7507,4304,88437,758611.8666666667,815554.5
"2025-05-21 00:00:00",295148,224954,5846,0,216695,754527.1,803153.4666666667
"2025-05-22 00:00:00",281536,203998,5628,1892,155162,756748.2333333333,806236.4
"2025-05-23 00:00:00",151159,377038,5502,620,569812,763375.5,812232.1
"2025-05-24 00:00:00",217525,0,14576,0,233101,755454.2666666667,809205.2666666667
"2025-05-25 00:00:00",286031,277296,8931,1565,223995,749630.4666666667,816824.6
"2025-05-26 00:00:00",326881,64895,8307,330,220023,752154.6,816061.4333333333
"2025-05-27 00:00:00",176417,163106,10496,2166,744126,763381.4666666667,803356.4
"2025-05-28 00:00:00",261739,88369,12538,247,371950,760228.2666666667,795925.7666666667
"2025-05-29 00:00:00",181392,345646,4059,196,238287,754203.4333333333,787605.3666666667
"2025-05-30 00:00:00",204393,193650,8639,0,159866,750429.8666666667,805950.4666666667
"2025-05-31 00:00:00",306148,265201,3649,1869,209490,753622.9666666667,808862.9666666667
"2025-06-01 00:00:00",254871,84334,8897,1287,78484,746815,817486.8
"2025-06-02 00:00:00",296890,59996,12208,869,359639,746795.4,819466.4333333333
"2025-06-03 00:00:00",276934,264278,4041,0,27418,742486.8,816295.7666666667
"2025-06-04 00:00:00",328995,242326,7896,1589,151566,737137.9333333333,819008.8666666667
"2025-06-05 00:00:00",308432,89793,9517,345,379939,744175.2333333333,807349.4333333333
"2025-06-06 00:00:00",252172,152852,4377,0,309164,758700.6666666666,781568.5333333333
"2025-06-07 00:00:00",311087,217352,4120,2780,266851,753010.7,795794.5
"2025-06-08 00:00:00",270866,221985,8226,56,140124,747035.7666666667,802481
"2025-06-09 00:00:00",228766,253678,6884,0,260051,744037.4333333333,810461.6
"2025-06-10 00:00:00",298638,113963,17004,637,408573,738314.2333333333,805688.1333333333
"2025-06-11 00:00:00",130433,234905,14257,1658,215969,726225.8666666667,810408.3666666667
"2025-06-12 00:00:00",343044,211002,7343,0,163400,728563.3666666667,816309
"2025-06-13 00:00:00",293881,187201,10510,196,180601,723696.9333333333,805887.9333333333
"2025-06-14 00:00:00",271669,347428,10096,0,170051,731308.6,816573.6
"2025-06-15 00:00:00",262053,158159,4725,3251,315381,734579.4333333333,798132.4
"2025-06-16 00:00:00",225309,189642,8497,459,409294,738872.7666666667,804023.7666666667
"2025-06-17 00:00:00",147382,84508,11622,0,233767,736530.1,793492.6
"2025-06-18 00:00:00",245374,286360,14114,790,321080,723717.7666666667,803520.7
"2025-06-19 00:00:00",290352,101313,1591,249,502190,731469,794215.9666666667
"2025-06-20 00:00:00",199010,302335,19507,0,261390,732788.9333333333,804053.6333333333
"2025-06-21 00:00:00",171755,156308,2649,637,232192,729966.4,787102.0333333333
"2025-06-22 00:00:00",231535,164240,2630,252,566717,725341.1333333333,777864.0666666667
"2025-06-23 00:00:00",311374,138206,9270,1874,250391,733538.4,783310.8666666667
"2025-06-24 00:00:00",188753,153703,6732,0,169669,724239.6333333333,792981.9666666667
"2025-06-25 00:00:00",329106,146896,17374,191,333575,731129.9,792801.0666666667
"2025-06-26 00:00:00",186600,197471,10250,2702,423997,721953.4666666667,793584.2333333333
"2025-06-27 00:00:00",136171,247413,9816,0,333460,721687.3,813068.1666666666
"2025-06-28 00:00:00",367172,132465,8083,403,181333,719016.5,821477.8333333334
"2025-06-29 00:00:00",383910,130323,18532,294,203689,724689.7666666667,797156.2666666667
"2025-06-30 00:00:00",361544,162711,19484,56,305611,726791.3666666667,799690.8
"2025-07-01 00:00:00",389976,201024,16021,247,121824,736832.0333333333,788343.8666666667
"2025-07-02 00:00:00",263543,170324,5743,0,163735,732623.5333333333,788032.7333333333
"2025-07-03 00:00:00",423932,161751,13962,6301,262853,742494.5333333333,791996.7333333333
"2025-07-04 00:00:00",230548,124949,4822,196,228036,737700.4666666667,795457.9666666667
"2025-07-05 00:00:00",259800,88574,13683,177,291904,733237.5333333333,799561.4666666667
"2025-07-06 00:00:00",233372,205014,26665,0,297866,734715.9333333333,802188.4333333333
"2025-07-07 00:00:00",115462,107748,10198,56,307890,726021.4,802892.5666666667
"2025-07-08 00:00:00",149724,296647,5424,0,549232,738013.6666666666,797596.5666666667
"2025-07-09 00:00:00",267651,83220,4723,0,473838,740682.0333333333,790652.6666666666
"2025-07-10 00:00:00",344426,184735,9214,0,527454,748249.2333333333,786200.8666666667
"2025-07-11 00:00:00",284561,245526,12054,3340,225943,754055.9333333333,784933.7
"2025-07-12 00:00:00",316136,124152,32314,2488,450933,760763.9,792490.3
"2025-07-13 00:00:00",409830,274123,10959,56,425855,775711.7333333333,789333.4
"2025-07-14 00:00:00",165746,219324,10746,387,272519,771361.0333333333,786773.7
"2025-07-15 00:00:00",293510,216132,9236,1438,336206,775126.0666666667,794319.9666666667
"2025-07-16 00:00:00",285141,40350,4521,2221,593447,778208.6333333333,788852.7
"2025-07-17 00:00:00",364444,301522,3362,3764,128148,789007.2333333333,795674.1333333333
"2025-07-18 00:00:00",157436,299295,13996,3616,107870,779490.3333333334,802253.7333333333
"2025-07-19 00:00:00",161323,226373,13733,956,169829,768707.5333333333,805315.5
"2025-07-20 00:00:00",452439,326568,16181,233,496891,785709.8666666667,797566.4
"2025-07-21 00:00:00",315150,118532,18107,294,469781,797654.0666666667,811637.6333333333
"2025-07-22 00:00:00",118554,124127,10399,0,302729,784001.7666666667,817083.6333333333
"2025-07-23 00:00:00",406616,45617,12606,1415,240604,783859.7,809707.9333333333
"2025-07-24 00:00:00",165045,159977,8923,383,573932,796839.9,791235.1666666666
"2025-07-25 00:00:00",221214,264746,19961,0,264147,794937.4666666667,781610.4333333333
"2025-07-26 00:00:00",207443,153922,21781,0,245770,788534,794115.4333333333
"2025-07-27 00:00:00",229025,0,13781,2533,248956,780781.9,774993.0333333333
"2025-07-28 00:00:00",108250,258663,7399,289,538479,788236.1,771692.4333333333
"2025-07-29 00:00:00",276757,105779,8897,387,305429,786919.5,772212.8
"2025-07-30 00:00:00",206770,271834,10098,0,305860,785091.4,779794.7
"2025-07-31 00:00:00",201907,338583,18643,368,145643,784293.2,778604.5333333333
"2025-08-01 00:00:00",383979,56380,4792,637,256646,787596.0666666667,781559.2666666667
"2025-08-02 00:00:00",77548,205289,2325,191,104112,771618.2,788380.9333333333
"2025-08-03 00:00:00",297060,147556,13320,191,192309,773681.0666666667,783507.3333333334
"2025-08-04 00:00:00",184545,120948,9639,345,216689,769615.3666666667,783965.5333333333
"2025-08-05 00:00:00",140677,242040,11801,1214,135842,761903.9333333333,788572.9333333333
"2025-08-06 00:00:00",410278,9423,19343,1845,192366,764967.3666666667,781981.0333333333
"2025-08-07 00:00:00",237699,113123,10912,383,248578,751956.3666666667,786695.1666666666
"2025-08-08 00:00:00",314515,374732,19382,1594,516920,765213.5666666667,772563.3333333334
"2025-08-09 00:00:00",168199,59936,2885,2343,624451,758279.6333333333,779770.0666666667
"2025-08-10 00:00:00",233772,282163,16828,538,50328,752019.8,787906.5
"2025-08-11 00:00:00",480813,150748,5054,1596,336267,753634.9,783158.5333333333
"2025-08-12 00:00:00",346867,263224,4269,3535,201550,743588.9666666667,777919.5666666667
"2025-08-13 00:00:00",161746,275923,18895,1517,399500,749884.2,792088.3333333334
"2025-08-14 00:00:00",284166,105851,8663,443,320062,745306.4,793927.9666666667
"2025-08-15 00:00:00",181720,77141,10738,342,341622,734835.9,786881.5333333333
"2025-08-16 00:00:00",140659,226599,8873,0,439222,735306.3,797655.8666666667
"2025-08-17 00:00:00",306229,77721,2243,716,412030,742530.4333333333,784820.1333333333
"2025-08-18 00:00:00",310612,240979,7355,191,671809,764488.2,780581.0333333333
"2025-08-19 00:00:00",206755,319404,6266,0,135384,743671.4666666667,773895.5666666667
"2025-08-20 00:00:00",361511,110879,12487,397,361723,741175.8333333334,773105.6
"2025-08-21 00:00:00",303393,386026,7436,448,188189,752165.4,778198.7
"2025-08-22 00:00:00",178382,47266,17297,1061,341245,748111.8666666667,791720.5666666667
"2025-08-23 00:00:00",221829,156717,21028,0,648845,752783.8333333334,801848.8
"2025-08-24 00:00:00",255839,92101,6736,1917,102458,742416.5666666667,808834.2
"2025-08-25 00:00:00",439478,329534,9283,252,327090,758307.4,806370.0666666667
"2025-08-26 00:00:00",190457,197016,19503,191,488111,771673.5,823119.2333333333
"2025-08-27 00:00:00",267651,168086,3912,0,424902,770055.8666666667,819921.7
"2025-08-28 00:00:00",181651,194852,10398,2525,214396,766941.6666666666,836106.4333333333
"2025-08-29 00:00:00",446030,205028,8473,205,286766,772006.3666666667,830824.3666666667
"2025-08-30 00:00:00",341809,195565,6212,0,177033,772522.1,836363.1666666666
"2025-08-31 00:00:00",248073,174978,17363,1761,358230,775787.9333333333,827234.9666666667
"2025-09-01 00:00:00",387891,52508,12196,56,434370,792373.2333333333,820107.2333333333
"2025-09-02 00:00:00",577704,252001,6423,828,260771,807282.9,827698.4666666667
"2025-09-03 00:00:00",110283,181169,5968,397,143272,804246.9333333333,821796.0333333333
"2025-09-04 00:00:00",257580,144054,9951,196,457987,815520.2,812686.9666666667
"2025-09-05 00:00:00",310995,343077,19898,154,105739,820407.0666666667,812875.7333333333
"2025-09-06 00:00:00",142446,64480,7972,98,246604,815437.2666666667,814007.0666666667
"2025-09-07 00:00:00",334189,298180,4642,2467,173884,801644.4,816215.0333333333
"2025-09-08 00:00:00",161118,69521,8801,191,214238,788179.5333333333,816185.9333333333
"2025-09-09 00:00:00",215855,156960,7175,98,330992,792427.9333333333,796764.9
"2025-09-10 00:00:00",167354,183740,16313,1658,409082,785883.5333333333,787935.7333333333
"2025-09-11 00:00:00",268340,210186,30708,56,244038,783679.6333333333,819040.5333333333
"2025-09-12 00:00:00",278761,0,12295,3751,395594,778107,806667.9666666667
"2025-09-13 00:00:00",121360,219458,14983,0,179443,771975.5666666667,808138.8333333334
"2025-09-14 00:00:00",483040,184745,15189,294,330204,785372.4,817360.6333333333
"2025-09-15 00:00:00",218491,335684,10303,424,234203,784830.8333333334,813531.9666666667
"2025-09-16 00:00:00",289641,359189,10564,1400,234426,788040.3333333334,823440.1666666666
"2025-09-17 00:00:00",261494,121408,15487,177,507319,777204.9666666667,838229.7
"2025-09-18 00:00:00",362009,101233,11009,289,514639,787917.2666666667,857211.5666666667
"2025-09-19 00:00:00",314405,173118,11179,730,198025,782932.6333333333,849701
"2025-09-20 00:00:00",196395,87508,15150,1974,299331,773428.2333333333,843299.3
"2025-09-21 00:00:00",272488,174089,4351,387,317083,779533.1,839711.5666666667
"2025-09-22 00:00:00",197508,61856,13363,1911,631007,774773.9666666667,831680.5
"2025-09-23 00:00:00",375593,200282,8565,2060,502576,795774.7666666667,854217.1
"2025-09-24 00:00:00",150859,166262,2969,485,55929,771470.1666666666,851057.6333333333
"2025-09-25 00:00:00",330112,387279,24607,443,294280,776185.0333333333,843793.7333333333
"2025-09-26 00:00:00",247563,23136,7115,1731,264647,765506.3333333334,850984.4
"2025-09-27 00:00:00",268764,365963,6669,6162,158547,772248.9666666667,848139.9666666667
"2025-09-28 00:00:00",410039,82171,31527,191,278377,767442.3333333334,843926.5333333333
"2025-09-29 00:00:00",391930,176142,6076,3388,164516,768156.8333333334,847543.3
"2025-09-30 00:00:00",167355,208828,4480,0,452739,769256.7333333333,854990.7
"2025-10-01 00:00:00",419525,71525,2686,387,152770,761252.3666666667,854676.5666666667
"2025-10-02 00:00:00",395611,200232,6565,398,220061,752090.4666666667,845159.0333333333
"2025-10-03 00:00:00",272477,133631,36862,726,630917,773208,865337.3333333334
"2025-10-04 00:00:00",136281,339856,11606,347,249538,768803.2333333333,866281.9666666667
"2025-10-05 00:00:00",327276,73794,25319,0,220543,764372.1333333333,861926.3666666667
"2025-10-06 00:00:00",381091,139313,7220,309,160461,771931.9,852881.4
"2025-10-07 00:00:00",340118,267406,19867,191,379774,778398.3333333334,855924.3666666667
"2025-10-08 00:00:00",327575,190010,12527,196,324687,791769.3,854001.7
"2025-10-09 00:00:00",225831,184941,2749,3593,173105,787740.4666666667,850153.1666666666
"2025-10-10 00:00:00",234794,83226,13545,0,308142,783125.9,862446.9333333333
"2025-10-11 00:00:00",161244,225439,20468,1270,321066,782331.3333333334,840357.6
"2025-10-12 00:00:00",250008,291730,9676,5290,205280,784717.5333333333,840124.1
"2025-10-13 00:00:00",538437,337835,15731,398,379679,809278.8,831907.5
"2025-10-14 00:00:00",367849,114084,6038,196,206679,798658,830185.0666666667
"2025-10-15 00:00:00",348762,181442,12771,364,175491,795982.1333333333,825376.5
"2025-10-16 00:00:00",421518,260651,8083,1413,228024,796797.7333333333,808224.7333333333
"2025-10-17 00:00:00",250769,205196,15175,289,76349,784860.8333333334,801017.0333333333
"2025-10-18 00:00:00",53430,252585,5132,1657,560541,780999.7333333333,799889.5333333333
"2025-10-19 00:00:00",229106,117937,4146,309,152525,774551.9666666667,822526.0333333333
"2025-10-20 00:00:00",310446,325013,20042,0,259750,785048.3666666667,810148.0333333333
"2025-10-21 00:00:00",124062,143976,10002,3867,288018,778432.6333333333,807293.5666666667
"2025-10-22 00:00:00",242034,205856,9618,5951,196965,770258.7,807395.6333333333
"2025-10-23 00:00:00",350162,0,8234,926,431621,760320.9333333333,779044.5
"2025-10-24 00:00:00",250498,335119,6249,584,420402,781532.5,775797.8333333334
"2025-10-25 00:00:00",246274,180398,5129,700,179615,767378.8,767976.5333333333
"2025-10-26 00:00:00",284118,103708,20811,151,221567,770250.9,761803.1
"2025-10-27 00:00:00",234852,67959,778,948,180586,759551.6,746611.9
"2025-10-28 00:00:00",263162,162052,9951,4333,299779,757450.7666666667,756368.8666666667
"2025-10-29 00:00:00",332040,255285,7301,383,193772,759008.3666666667,765604.8333333334
"2025-10-30 00:00:00",184676,97883,6972,1144,112384,744663.5666666667,759946.8
"2025-10-31 00:00:00",109074,55629,57503,620,93761,733653.4666666667,750938.8666666667
"2025-11-01 00:00:00",291278,53443,14820,0,203996,725008.9666666667,754899.9
"2025-11-02 00:00:00",218264,168542,7412,534,196752,708905.3333333334,751265.4666666667
"2025-11-03 00:00:00",457803,188307,14011,439,182584,712422.5333333333,756807
"2025-11-04 00:00:00",161874,145292,10357,383,291576,711174.3333333334,759383.6333333333
"2025-11-05 00:00:00",583228,212173,8520,496,199410,721688.7333333333,769525.7
"2025-11-06 00:00:00",494148,134702,4123,393,261316,717933,766836.3333333334
"2025-11-07 00:00:00",245198,179117,5435,403,192320,710182.3,765101
"2025-11-08 00:00:00",273070,106281,3259,177,155892,708464.4,775969.6666666666
"2025-11-09 00:00:00",490453,216382,2572,564,190907,717170,763783.6333333333
"2025-11-10 00:00:00",377084,153307,10507,4143,209655,718010.2333333333,750632.4666666667
"2025-11-11 00:00:00",216808,115330,8592,2889,75018,706565.2666666667,742980.2666666667
"2025-11-12 00:00:00",257989,91798,17526,1998,323655,687261.6,751115.4666666667
"2025-11-13 00:00:00",209627,174094,9245,828,211562,684278.6,762873.4
"2025-11-14 00:00:00",125122,240724,5823,247,372718,685138.7333333333,764543.8
"2025-11-15 00:00:00",318605,132427,2167,757,83700,672404.2,771160.2
"2025-11-16 00:00:00",271901,202344,8936,387,140267,674939.4,757956.6333333333
"2025-11-17 00:00:00",263564,168996,6955,2612,219687,667888.3,756533.7
"2025-11-18 00:00:00",206823,210010,17300,830,242540,673670.9666666667,739499.9
"2025-11-19 00:00:00",412059,170516,5777,0,67421,665021.6,743189.8
"2025-11-20 00:00:00",179535,0,16285,1889,226717,660171.6333333333,742403.1
"2025-11-21 00:00:00",237856,112696,20421,969,391775,663614.6,753391.5333333333
"2025-11-22 00:00:00",131207,180415,37848,0,217999,656165.4333333333,749129.8
"2025-11-23 00:00:00",355286,165137,5479,276,417790,653869.3333333334,753721.7
"2025-11-24 00:00:00",177233,136,11809,3635,126312,644103.1666666666,767196.8666666667
"2025-11-25 00:00:00",390337,214285,10769,196,213733,650735.3,777048.4333333333
"2025-11-26 00:00:00",281663,103165,11587,196,67065,650020.2333333333,805786.0333333333
"2025-11-27 00:00:00",285664,135172,17146,252,233796,647778.5666666667,782559.4
"2025-11-28 00:00:00",288424,164010,9704,289,197520,643484.1,773324.8
"2025-11-29 00:00:00",117818,168093,9028,0,140049,644548.3333333334,777020.3333333334
"2025-11-30 00:00:00",237287,57665,2535,4989,102057,647479.7666666667,769812.3666666667
"2025-12-01 00:00:00",398535,233251,4392,387,42859,651342.7333333333,763788.4
"2025-12-02 00:00:00",271536,104254,24677,2459,76858,647618.7333333333,752235.9666666667
"2025-12-03 00:00:00",270175,153403,12854,4409,121260,638250.5666666667,751109.8
"2025-12-04 00:00:00",264561,62504,9730,387,309559,639492.5,746467.9666666667
"2025-12-05 00:00:00",162649,403509,11185,191,332042,636350.8666666667,743842.2333333333
"2025-12-06 00:00:00",118527,117555,6246,0,273788,623731.9666666667,743842.8
"2025-12-07 00:00:00",209692,162090,4038,584,201193,622235.9666666667,744460.4333333333
"2025-12-08 00:00:00",294168,247520,18505,522,188811,629264.2333333333,738657.4666666667
"2025-12-09 00:00:00",366070,160282,5629,387,104248,620455.5,742323.6666666666
"2025-12-10 00:00:00",162333,253049,5630,4458,319256,620123.0666666667,755727.1
"2025-12-11 00:00:00",421832,163600,14400,98,103819,629626.8,757921
"2025-12-12 00:00:00",228544,110619,14321,98,103603,621767.2,754863.1666666666
"2025-12-13 00:00:00",236091,301016,10218,0,388080,632768.8,736209
"2025-12-14 00:00:00",340435,63972,8724,252,518589,639013.5333333333,734851.7333333333
"2025-12-15 00:00:00",345527,182387,4078,196,254074,647300.4333333333,734164.2
"2025-12-16 00:00:00",205466,196830,7036,833,204725,647002.3666666667,742815.6333333333
"2025-12-17 00:00:00",156727,132485,11694,1565,322955,645789.4,725176
"2025-12-18 00:00:00",294307,219200,2496,247,100774,643773.3666666667,728178.2
"2025-12-19 00:00:00",223045,49939,1431,0,192389,637474.3333333334,729619
"2025-12-20 00:00:00",396653,66952,5533,0,214096,646101.3666666667,725498.4333333333
"2025-12-21 00:00:00",215422,275928,4682,761,231026,644904.8,724529.4
"2025-12-22 00:00:00",231997,233550,12278,2505,95996,645200.0333333333,731987.5666666667
"2025-12-23 00:00:00",284373,321117,21143,196,34451,635777.1666666666,729898.1333333333
"2025-12-24 00:00:00",84801,183532,4648,500,218059,641524.2666666667,720383.9
"2025-12-25 00:00:00",260809,253659,16141,191,173889,637369.9,710128.9
"2025-12-26 00:00:00",502207,95232,7565,2050,275214,651323.1666666666,680359.3
"2025-12-27 00:00:00",261910,366671,4878,0,173169,655809.7,732358.3666666667
"2025-12-28 00:00:00",181066,285076,635,207,151502,654427.6,731631.3
"2025-12-29 00:00:00",191286,110972,2262,207,305003,660252.4333333333,732372.2666666667
"2025-12-30 00:00:00",349296,16210,7382,2842,22025,660026.5,743313.2
"2025-12-31 00:00:00",333586,226178,13498,2407,422314,670645.1333333333,745909.7333333333
"2026-01-01 00:00:00",110431,229644,15387,1105,297196,676444.3666666667,734660.2
"2026-01-02 00:00:00",209095,147422,5971,677,156577,675032.4333333333,718494.5666666667
"2026-01-03 00:00:00",126920,134652,17923,0,330548,673809.1333333333,721079.0333333333
"2026-01-04 00:00:00",193441,164553,18186,347,126756,660265.9666666667,710510.4333333333
"2026-01-05 00:00:00",167064,308155,12796,1769,146299,664264.9333333333,707109.8666666667
"2026-01-06 00:00:00",305461,13026,4547,578,315633,666319.9333333333,699494.4666666667
"2026-01-07 00:00:00",140435,285962,3749,345,204346,662496.9333333333,708205.5
"2026-01-08 00:00:00",147046,41130,7064,252,115791,651652.5666666667,721281.6
"2026-01-09 00:00:00",230191,215251,10107,1048,325636,652902.8333333334,709129.7
"2026-01-10 00:00:00",119661,213330,4438,2746,101458,644165.6,713051.5333333333
"2026-01-11 00:00:00",244087,170991,15669,151,411665,657011.6333333333,717991.2
"2026-01-12 00:00:00",156199,174887,20421,98,390881,650581.0333333333,718032.2333333333
"2026-01-13 00:00:00",138954,255223,10921,693,176566,638927.1,720945.7666666667
"2026-01-14 00:00:00",411582,144580,18226,2448,326458,642828.2666666667,728210.4
"2026-01-15 00:00:00",146982,89686,13427,3638,164602,636276.4,723512.0666666667
"2026-01-16 00:00:00",262218,80066,1239,0,116956,630778.1333333333,741069.0666666667
"2026-01-17 00:00:00",109661,169622,2422,884,319124,630267.8,731317.6333333333
"2026-01-18 00:00:00",81819,375856,14728,151,240624,638480.3333333334,723807.3666666667
"2026-01-19 00:00:00",374474,42078,9177,1532,273900,639077.7666666667,722456.9
"2026-01-20 00:00:00",103154,384177,11869,548,128456,635757.3333333334,721955
"2026-01-21 00:00:00",273821,112572,984,0,102785,632885.1333333333,719674.6666666666
"2026-01-22 00:00:00",101676,99602,6154,191,312911,628193.5,724746.4
"2026-01-23 00:00:00",122820,285250,31130,2659,216566,633756.4333333333,722998.5333333333
"2026-01-24 00:00:00",163941,64742,17104,693,144743,623307.6,733398.9333333333
"2026-01-25 00:00:00",184296,78342,7526,564,93061,606025,743449.1
"2026-01-26 00:00:00",142501,280202,18150,3038,172333,599678.3,700848.1333333333
"2026-01-27 00:00:00",293641,240240,11444,2753,210766,604357,713207.7333333333
"2026-01-28 00:00:00",283171,181452,30427,342,254436,609026.8666666667,717182.5666666667
"2026-01-29 00:00:00",74557,136689,7361,113,369490,615375.4,715208.0666666667
"2026-01-30 00:00:00",269949,61238,7248,2283,178841,599427.8666666667,727706.8333333334
"2026-01-31 00:00:00",251824,80213,37605,0,208999,596923.8666666667,747522.4666666667
"2026-02-01 00:00:00",208852,72922,13397,3338,125748,593741,758229.1666666666
"2026-02-02 00:00:00",239480,327944,6550,766,264896,601394.1333333333,750133.7666666667
"2026-02-03 00:00:00",260137,280718,5906,443,345756,614383.5,757806.2333333333
"2026-02-04 00:00:00",393679,110785,16734,2197,337296,621870.4,774005.0333333333
"2026-02-05 00:00:00",174597,408389,10801,191,116238,624236.1666666666,778690.8333333334
"2026-02-06 00:00:00",281668,63472,5410,7628,182159,621086.2666666667,779676.1
"2026-02-07 00:00:00",157837,381336,11574,16,233211,636842.6,761308.1333333333
"2026-02-08 00:00:00",193328,191548,3927,5654,132073,628319.1333333333,752924.3
"2026-02-09 00:00:00",512746,98240,7254,1828,271076,643302.9666666667,737403.3666666667
"2026-02-10 00:00:00",268975,507305,5637,0,170499,646964.7333333333,740882.7
"2026-02-11 00:00:00",231831,130519,8993,77,290362,644274.6,753707.9666666667
"2026-02-12 00:00:00",160275,399009,6744,387,201634,650464.3666666667,755782.2333333333
"2026-02-13 00:00:00",123568,95944,14338,98,76412,630699.9,755035.0333333333
"2026-02-14 00:00:00",281343,234987,5987,151,97458,637419.5333333333,763957.5
"2026-02-15 00:00:00",277633,184951,13092,252,132456,642349.7,760097
"2026-02-16 00:00:00",170562,251655,2483,2418,116237,640404.4333333333,764166.3666666667
"2026-02-17 00:00:00",246552,265103,10062,1117,430342,648404.4333333333,784553.1
"2026-02-18 00:00:00",230143,295929,10680,1469,381819,655700.3666666667,792652.1333333333
"2026-02-19 00:00:00",178644,200924,10019,1582,132299,652209.2,791710.1333333333
"2026-02-20 00:00:00",93866,493033,15016,1473,468279,671592.8666666667,808459.5333333333
"2026-02-21 00:00:00",99545,206726,22458,176,182145,671276.7666666667,814538.8666666667
"2026-02-22 00:00:00",199750,129761,6756,0,126629,664759,813558.7666666667
"2026-02-23 00:00:00",169353,163004,15178,2312,386746,676271.4333333333,810803.1666666666
"2026-02-24 00:00:00",168360,392180,17669,368,333737,694555.5333333333,811258.1666666666
"2026-02-25 00:00:00",187883,336046,4935,205,46851,693212.1,806883.1333333333
"2026-02-26 00:00:00",272536,60244,3890,98,280176,688482,799596.3666666667
"2026-02-27 00:00:00",139044,161487,10435,6399,440408,688747.0333333333,797710.7666666667
"2026-02-28 00:00:00",146268,139445,4872,637,286576,688400,790145.5333333333
"2026-03-01 00:00:00",2346789,152208,3847,0,122812,758603.2666666667,789673.8333333334
"2026-03-02 00:00:00",4257,131621,7409,151,273467,753212.0333333333,778108.5
"2026-03-03 00:00:00",483523,51295,5686,0,297124,766991.0666666667,792836.0666666667
"2026-03-04 00:00:00",125,2107,1983,637,4313,739308.5666666667,797765.2
"2026-03-05 00:00:00",0,0,0,56,392,709557.9666666667,807563.5666666667
"2026-03-06 00:00:00",0,0,1102,98,37726,682165.6666666666,807766.4666666667
"2026-03-07 00:00:00",1234,0,3321,0,39874,659972.5666666667,803447.2666666667
"2026-03-08 00:00:00",463897,0,0,0,0,657424.3,794703.1666666666
"2026-03-09 00:00:00",9509,0,211,56,6091,631820.6333333333,798219.3
"2026-03-10 00:00:00",0,0,267,637,0,614299.6666666666,802157.0333333333
"2026-03-11 00:00:00",0,4879,0,0,37726,586014.8,814880.4
"2026-03-12 00:00:00",3273,4879,226,0,39874,555875.8666666667,810668.5666666667
"2026-03-13 00:00:00",4240,35538,0,0,0,535142.2333333333,803334.6
"2026-03-14 00:00:00",3273,0,441,0,21,509664.93333333335,806344.2
"2026-03-15 00:00:00",23750,327040,21792,2733,29152,512801.8,795223.5333333333
"2026-03-16 00:00:00",0,47832,6186,56,52766,495698.86666666664,792231.4
"2026-03-17 00:00:00",0,116216,211,56,29823,480296.23333333334,794770.3
"2026-03-18 00:00:00",3598,42675,808,56,29365,464734.4,804820.3666666667
"2026-03-19 00:00:00",6261,104166,2003,0,3404,436822.9,794705.6
"2026-03-20 00:00:00",7808,119854,1406,191,4149,410601.8333333333,799289.2333333333
"2026-03-21 00:00:00",9699,5492,8691,0,45014,395449.23333333334,787701.7666666667
"2026-03-22 00:00:00",826359,46984,2821,0,1579,388984.9,778100.1333333333
"2026-03-23 00:00:00",3753,47832,1817,113,4903,373897.06666666665,762166.9666666667
"2026-03-24 00:00:00",60835,54674,2423,0,29253,363373.26666666666,753302.4666666667
"2026-03-25 00:00:00",461769,84228,5944,0,13156,357656.56666666665,736185.2333333333
"2026-03-26 00:00:00",28030,86360,816,3434,44767,332692.86666666664,747204.0333333333
"2026-03-27 00:00:00",966195,0,5933,0,100598,349252.86666666664,762937.4333333333
"2026-03-28 00:00:00",0,0,5179,0,4207,329000.86666666664,758576.7
"2026-03-29 00:00:00",0,0,795,0,4531,303919,752871.1666666666
"2026-03-30 00:00:00",7917,63257,13448,56,85873,290344,761578.6333333333
"2026-03-31 00:00:00",117336,83901,3949,828,32259,210764.6,759022.4
"2026-04-01 00:00:00",208842,91197,3836,0,13495,207446.63333333333,767002.7666666667
"2026-04-02 00:00:00",14549,70156,1950,0,89713,185404.6,766166.0333333333
"2026-04-03 00:00:00",13207,143677,7051,423,60740,192602.46666666667,768358.7333333333
"2026-04-04 00:00:00",418182,154296,1332,0,141781,216440.63333333333,756900.8
"2026-04-05 00:00:00",5571,69538,4581,0,30164,218804.9,748261.6
"2026-04-06 00:00:00",260356,262491,4972,0,74924,237415.4,750850.9333333333
"2026-04-07 00:00:00",1241503,49218,124,0,8212,265254.06666666665,743278.0333333333
"2026-04-08 00:00:00",1253,59444,7045,56,55414,268832.23333333334,743323.4
"2026-04-09 00:00:00",369738,132787,5539,56,40622,287093.5333333333,747079.3333333334
"2026-04-10 00:00:00",0,91197,5155,0,49629,290539.4,751803.8666666667
"2026-04-11 00:00:00",5002,0,0,207,9283,289414.1,750297.9666666667
"2026-04-12 00:00:00",1124873,100681,12405,56,33320,330466.1,741153.8
"2026-04-13 00:00:00",20274,0,3299,233,64658,333290.4,735764.7
"2026-04-14 00:00:00",2932,174736,6209,330,45406,327461.8,745470.9333333333
"2026-04-15 00:00:00",187681,103145,4819,397,22716,334525.76666666666,738401.0333333333
"2026-04-16 00:00:00",302785,107524,8259,0,135821,348128.6,751912.2
"2026-04-17 00:00:00",298480,62809,6676,0,39895,359173.86666666664,739507.6
"2026-04-18 00:00:00",942527,82924,7562,261,21978,390487.8333333333,735577.6333333333
"2026-04-19 00:00:00",441983,4405,1572,0,5651,401161.3,726334.1666666666
"2026-04-20 00:00:00",220770,53324,3052,113,127659,412362.06666666665,734514.9666666667
"2026-04-21 00:00:00",0,68619,14647,1256,5659,386110.06666666665,733027.2666666667
"2026-04-22 00:00:00",684913,58553,2734,56,97158,412276.6,732687.6333333333
"2026-04-23 00:00:00",954986,171384,2435,205,8461,445286.1666666667,748897.4666666667
"2026-04-24 00:00:00",160157,147756,25846,0,19336,438219.4666666667,757896.5333333333
"2026-04-25 00:00:00",376861,47832,1491,0,20258,447653.93333333335,758197.3666666667
"2026-04-26 00:00:00",804402,59444,4385,0,218217,448111.4,744967.9333333333
"2026-04-27 00:00:00",1397992,235747,3154,56,296685,512253.06666666665,746067.2
"2026-04-28 00:00:00",420756,0,7841,0,82768,529121.1333333333,753494.7333333333
"2026-04-29 00:00:00",1044084,72435,4397,424,25957,561679.3333333334,762357.9333333333
"2026-04-30 00:00:00",614005,43365,5158,0,125852,580016.1,754023.9333333333
"2026-05-01 00:00:00",525563,77312,1548,660,75421,592120.6333333333,749596.5
"2026-05-02 00:00:00",235560,144201,1403,0,12834,599375,736921.2666666667
"2026-05-03 00:00:00",485844,177871,9186,0,45356,615813.5333333333,733325.6666666666
"2026-05-04 00:00:00",108529,86761,3471,1527,397,598649.9333333333,734940.4
"2026-05-05 00:00:00",779612,3515,3589,1622,4903,621429.5666666667,738474.3666666667
"2026-05-06 00:00:00",529,0,0,0,6070,601558.0666666667,737153.8666666667
"2026-05-07 00:00:00",10267,288779,8154,0,5087,568665.7666666667,729436.6333333333
"2026-05-08 00:00:00",0,0,3175,0,19998,565331.0666666667,740237.7333333333
"2026-05-09 00:00:00",7099,63516,11259,56,11157,550142.6,747448.8
"2026-05-10 00:00:00",19892,148837,957,205,29958,551938.2666666667,748644.6666666666
"2026-05-11 00:00:00",976,93304,1425,637,7209,554906.8333333334,757732.0666666667
"2026-05-12 00:00:00",125,83539,337,0,18883,515958.36666666664,772946.8333333334
"2026-05-13 00:00:00",38295,220132,6863,56,54142,523659.23333333334,769720.9
"2026-05-14 00:00:00",0,14807,1851,637,9283,516891.36666666664,768330.6333333333
"2026-05-15 00:00:00",5036,21769,5914,0,9283,507666.13333333336,768247.1333333333
"2026-05-16 00:00:00",748273,152050,12394,56,66707,521835.9,747614.5666666667
"2026-05-17 00:00:00",421248,42675,5286,0,25957,524746.1333333333,751125.2666666667
"2026-05-18 00:00:00",2213,96382,8590,0,52513,494894.3,745355.4333333333
"2026-05-19 00:00:00",11042,110991,4799,2554,0,484086.73333333334,760810.2
"2026-05-20 00:00:00",0,0,617,0,0,470609.9666666667,758611.8666666667
"2026-05-21 00:00:00",1335550,102431,16132,0,32233,517148.86666666664,754527.1
"2026-05-22 00:00:00",1044794,274295,8262,1466,32334,534406.8333333334,756748.2333333333
"2026-05-23 00:00:00",6409,236899,4252,0,16066,505278.6666666667,763375.5
"2026-05-24 00:00:00",976,56771,105,56,25957,496304.26666666666,755454.2666666667
"2026-05-25 00:00:00",253413,96464,6940,0,1945,493381.6,749630.4666666667
"2026-05-26 00:00:00",367617,26433,7759,0,88583,473513.0333333333,752154.6
"2026-05-27 00:00:00",0,66849,1406,0,92211,414407.43333333335,763381.4666666667
"2026-05-28 00:00:00",529,0,1075,56,4903,397580.63333333336,760228.2666666667
"2026-05-29 00:00:00",103945,0,2963,637,0,362922.1666666667,754203.4333333333
"2026-05-30 00:00:00",0,15555,4155,0,41668,338688.76666666666,750429.8666666667
"2026-05-31 00:00:00",17386,9280,5026,637,45282,318592.26666666666,753622.9666666667
"2026-06-01 00:00:00",0,62504,292,1466,10601,307954.36666666664,746815
"2026-06-02 00:00:00",0,91639,105,693,33654,288215.5,746795.4
"2026-06-03 00:00:00",0,118400,8767,0,58668,287720.5333333333,742486.8
"2026-06-04 00:00:00",3293,254734,24678,142,751547,295759.0333333333,737137.9333333333
"2026-06-05 00:00:00",657,0,2032,0,88136,298566.6,744175.2333333333
"2026-06-06 00:00:00",0,47832,5663,0,74,289942.63333333336,758700.6666666666
"2026-06-07 00:00:00",0,43365,8793,0,0,290908.8,753010.7
"2026-06-08 00:00:00",6949,102392,11087,843,242881,299944.3,747035.7666666667
"2026-06-09 00:00:00",0,91015,8322,56,11474,296978.2,744037.4333333333
"2026-06-10 00:00:00",136162,206383,5264,0,357814,317047.3,738314.2333333333
"2026-06-11 00:00:00",6304,156319,8298,2184,35727,320578.9666666667,726225.8666666667
"2026-06-12 00:00:00",87849,286097,5635,56,256329,331128.2,728563.3666666667
"2026-06-13 00:00:00",0,70156,105,0,0,332584.3,723696.9333333333
"2026-06-14 00:00:00",20603,143282,3854,56,18250,337385.76666666666,731308.6
"2026-06-15 00:00:00",0,59362,329,0,6960,306957.9666666667,734579.4333333333
"2026-06-16 00:00:00",3998,58553,28454,3242,64654,295749.1,738872.7666666667
"2026-06-17 00:00:00",5269,123603,8247,637,0,295017.63333333336,736530.1
"2026-06-18 00:00:00",89376,0,2691,191,3486,293896.26666666666,723717.7666666667
"2026-06-19 00:00:00",114071,4467,10944,56,8035,298461.5333333333,731469
"2026-06-20 00:00:00",153767,228559,6824,0,11865,262283.76666666666,732788.9333333333
"2026-06-21 00:00:00",4019,2107,3654,191,199,217251.06666666668,729966.4
"2026-06-22 00:00:00",177926,133714,9197,0,103668,222613.7,725341.1333333333
"2026-06-23 00:00:00",608363,14436,1525,788,6453,240870.4,733538.4
"2026-06-24 00:00:00",1053988,192927,11402,383,72798,273295.06666666665,724239.6333333333
"2026-06-25 00:00:00",153189,50903,16973,637,249523,272656.23333333334,731129.9
"2026-06-26 00:00:00",713448,153702,6608,0,85381,299278.63333333336,721953.4666666667
"2026-06-27 00:00:00",8861,149839,5934,0,341900,315944.4,721687.3
"2026-06-28 00:00:00",19831,148927,5331,2746,164113,323724.5333333333,719016.5
"2026-06-29 00:00:00",141977,147775,3619,0,31007,332491.23333333334,724689.7666666667
"2026-06-30 00:00:00",734348,240716,2958,1883,122791,366660.8333333333,726791.3666666667
"2026-07-01 00:00:00",546978,132202,9259,191,41063,388488.56666666665,736832.0333333333
"2026-07-02 00:00:00",57826,153465,20922,0,56403,393906.1,732623.5333333333
"2026-07-03 00:00:00",113374,194701,6671,383,50997,399915.8333333333,742494.5333333333