"DateTime","Container","Dry Bulk","General Cargo","Roll-on/roll-off","Tanker","30-day Moving Average","Prior Year: 30-day Moving Average"
"2019-01-01 00:00:00",3502,51369,0,63,0,,
"2019-01-02 00:00:00",11022,84198,3082,0,354705,,
"2019-01-03 00:00:00",4419,0,19,0,133135,,
"2019-01-04 00:00:00",7921,0,0,0,92176,,
"2019-01-05 00:00:00",1751,0,0,0,180509,,
"2019-01-06 00:00:00",3502,22531,0,0,161757,,
"2019-01-07 00:00:00",3502,11265,0,63,185056,,
"2019-01-08 00:00:00",5254,0,8311,0,295545,,
"2019-01-09 00:00:00",1751,45801,2147,141,222236,,
"2019-01-10 00:00:00",1751,11265,0,0,177442,,
"2019-01-11 00:00:00",0,0,19,0,0,,
"2019-01-12 00:00:00",6170,0,9086,0,178685,,
"2019-01-13 00:00:00",6170,22531,303,0,79391,,
"2019-01-14 00:00:00",3502,54799,3624,63,95803,,
"2019-01-15 00:00:00",1751,1603,19,63,123194,,
"2019-01-16 00:00:00",7005,33797,4259,204,169446,,
"2019-01-17 00:00:00",0,31187,19,0,68046,,
"2019-01-18 00:00:00",262,39713,3082,78,0,,
"2019-01-19 00:00:00",1751,28297,0,0,0,,
"2019-01-20 00:00:00",7121,0,0,0,39819,,
"2019-01-21 00:00:00",4419,11265,3082,0,0,,
"2019-01-22 00:00:00",1751,47103,88,0,405505,,
"2019-01-23 00:00:00",14249,334,38,63,167339,,
"2019-01-24 00:00:00",36870,11631,17995,0,97368,,
"2019-01-25 00:00:00",6170,0,0,0,308769,,
"2019-01-26 00:00:00",1751,13091,0,9202,184519,,
"2019-01-27 00:00:00",1751,0,580,0,195874,,
"2019-01-28 00:00:00",8182,0,19,2451,189321,,
"2019-01-29 00:00:00",0,0,0,63,203603,,
"2019-01-30 00:00:00",1751,0,0,63,248872,176773.56666666668,
"2019-01-31 00:00:00",8195,59282,3151,0,266452,186178.43333333332,
"2019-02-01 00:00:00",3278,45340,0,78,118682,176657.43333333332,
"2019-02-02 00:00:00",14926,11265,19,141,40666,174305.66666666666,
"2019-02-03 00:00:00",1751,0,0,0,0,171027.46666666667,
"2019-02-04 00:00:00",3502,51149,50,0,0,166775.5,
"2019-02-05 00:00:00",3339,38376,0,0,86638,164794.26666666666,
"2019-02-06 00:00:00",0,11265,0,0,300308,168517.16666666666,
"2019-02-07 00:00:00",0,22531,0,63,97852,162228.33333333334,
"2019-02-08 00:00:00",1751,11265,0,0,59492,155575.96666666667,
"2019-02-09 00:00:00",12945,24357,19,0,383712,163261.83333333334,
"2019-02-10 00:00:00",23467,45352,5229,0,40298,167072.76666666666,
"2019-02-11 00:00:00",4419,42366,2185,0,140060,166909.06666666668,
"2019-02-12 00:00:00",3205,0,0,0,197669,169991.66666666666,
"2019-02-13 00:00:00",0,0,0,0,186941,170963.26666666666,
"2019-02-14 00:00:00",4419,0,50,0,374059,179359.9,
"2019-02-15 00:00:00",11052,74417,284,0,188381,181340.63333333333,
"2019-02-16 00:00:00",30977,81495,577,141,150022,186806.03333333333,
"2019-02-17 00:00:00",5254,0,0,0,21563,186262.1,
"2019-02-18 00:00:00",4419,22531,0,0,190499,192508.83333333334,
"2019-02-19 00:00:00",1751,0,0,0,170103,196672.63333333333,
"2019-02-20 00:00:00",1751,11265,19,0,32176,197554.13333333333,
"2019-02-21 00:00:00",6170,0,0,0,148905,187575.03333333333,
"2019-02-22 00:00:00",13632,49790,19,0,160260,188964.3,
"2019-02-23 00:00:00",14764,11265,19,0,326149,195242.06666666668,
"2019-02-24 00:00:00",10589,51390,0,141,206360,193693.53333333333,
"2019-02-25 00:00:00",1751,14589,561,0,127553,191556.56666666668,
"2019-02-26 00:00:00",14764,22531,0,0,183024,192293.73333333334,
"2019-02-27 00:00:00",6635,51392,0,63,86792,190457.43333333332,
"2019-02-28 00:00:00",6170,28954,3624,0,147702,189883.6,
"2019-03-01 00:00:00",1751,11265,542,0,31584,183032.16666666666,
"2019-03-02 00:00:00",7921,0,3082,0,197674,178752.06666666668,
"2019-03-03 00:00:00",3134,33099,0,0,0,174380.5,
"2019-03-04 00:00:00",0,11265,38,0,92570,175608.96666666667,
"2019-03-05 00:00:00",20584,23636,0,63,206158,183898.66666666666,
"2019-03-06 00:00:00",5678,11265,561,0,170297,188335.4,
"2019-03-07 00:00:00",4419,0,0,63,207867,191135.26666666666,
"2019-03-08 00:00:00",0,63193,0,0,238253,190797.7,
"2019-03-09 00:00:00",0,0,0,0,222323,194193.6,
"2019-03-10 00:00:00",9386,28110,2924,0,132671,197546.36666666667,
"2019-03-11 00:00:00",4592,51681,38,0,458349,200667.2,
"2019-03-12 00:00:00",0,18661,3101,126,162932,203016.36666666667,
"2019-03-13 00:00:00",4419,39357,19,0,73122,200612.56666666668,
"2019-03-14 00:00:00",6170,22531,5398,0,74239,197528.1,
"2019-03-15 00:00:00",6632,11265,11041,0,219551,199579.76666666666,
"2019-03-16 00:00:00",3119,60176,5229,141,198567,195869.9,
"2019-03-17 00:00:00",6170,4035,3082,0,202080,193911,
"2019-03-18 00:00:00",6170,11265,542,0,100954,189101.6,
"2019-03-19 00:00:00",0,11265,0,0,269613,197570.33333333334,
"2019-03-20 00:00:00",0,0,0,0,213595,197441.83333333334,
"2019-03-21 00:00:00",22350,0,1005,78,91016,195528.36666666667,
"2019-03-22 00:00:00",1751,55883,4854,0,40914,197468.1,
"2019-03-23 00:00:00",1751,0,0,78,167942,197958,
"2019-03-24 00:00:00",2277,11265,2892,0,120400,195062.46666666667,
"2019-03-25 00:00:00",1751,0,0,0,26409,184261.2,
"2019-03-26 00:00:00",0,11265,625,0,411824,189435.56666666668,
"2019-03-27 00:00:00",1897,0,0,0,0,184683.63333333333,
"2019-03-28 00:00:00",10589,42857,19,0,108982,182754.6,
"2019-03-29 00:00:00",8637,60839,0,0,1095,180277.53333333333,
"2019-03-30 00:00:00",1228,0,0,78,15145,174610.9,
"2019-03-31 00:00:00",1751,0,7746,63,40119,174762.1,
"2019-04-01 00:00:00",6170,21779,0,0,120440,172752.46666666667,
"2019-04-02 00:00:00",0,20584,0,3239,190916,178702.7,
"2019-04-03 00:00:00",897,0,0,0,27100,176173.46666666667,
"2019-04-04 00:00:00",6170,0,9808,0,249570,176677.03333333333,
"2019-04-05 00:00:00",4419,0,177,0,78862,173198.93333333332,
"2019-04-06 00:00:00",1629,36589,0,0,194967,173893.43333333332,
"2019-04-07 00:00:00",0,115186,20135,0,62063,170424.7,
"2019-04-08 00:00:00",4419,11265,2245,0,440097,178281.5,
"2019-04-09 00:00:00",1751,0,0,63,447072,187474.66666666666,
"2019-04-10 00:00:00",1944,11265,0,0,79639,173414.26666666666,
"2019-04-11 00:00:00",0,22531,0,0,21563,168723.33333333334,
"2019-04-12 00:00:00",1751,31958,0,0,333640,177071.1,
"2019-04-13 00:00:00",0,32543,19,78,385299,187391.06666666668,
"2019-04-14 00:00:00",5714,11265,0,0,105090,183177.03333333333,
"2019-04-15 00:00:00",0,48902,0,0,160244,181240.76666666666,
"2019-04-16 00:00:00",0,0,4295,63,140159,178879.06666666668,
"2019-04-17 00:00:00",0,11265,3082,63,121436,179442.9,
"2019-04-18 00:00:00",11058,11265,0,0,230225,178498.56666666668,
"2019-04-19 00:00:00",0,26846,3559,0,198705,179015.8,
"2019-04-20 00:00:00",5674,0,0,63,38686,176681.56666666668,
"2019-04-21 00:00:00",0,44648,2125,78,171857,180525.06666666668,
"2019-04-22 00:00:00",5473,1826,0,0,166915,180673.13333333333,
"2019-04-23 00:00:00",0,32829,0,0,0,177206.26666666666,
"2019-04-24 00:00:00",0,13560,3082,0,135130,181326.7,
"2019-04-25 00:00:00",4419,0,19,63,384865,180181.76666666666,
"2019-04-26 00:00:00",1751,66674,19,0,258879,191029.3,
"2019-04-27 00:00:00",11285,0,19,0,165264,191499.96666666667,
"2019-04-28 00:00:00",8577,53282,0,63,386118,204082.26666666666,
"2019-04-29 00:00:00",3060,0,9221,0,62478,206025.86666666667,
"2019-04-30 00:00:00",3648,49351,3082,0,86721,209129.96666666667,
"2019-05-01 00:00:00",0,11265,19,0,57019,206460.46666666667,
"2019-05-02 00:00:00",0,65140,19,63,299869,211472.2,
"2019-05-03 00:00:00",771,817,712,0,148504,215565.83333333334,
"2019-05-04 00:00:00",1954,0,0,2378,507284,223768.06666666668,
"2019-05-05 00:00:00",4419,32143,0,0,1095,222241.33333333334,
"2019-05-06 00:00:00",10477,0,0,141,281544,224207.26666666666,
"2019-05-07 00:00:00",7921,85147,720,0,337504,232004.23333333334,
"2019-05-08 00:00:00",5306,11916,6046,3365,40914,218988.33333333334,
"2019-05-09 00:00:00",0,0,0,78,297040,213929.4,
"2019-05-10 00:00:00",23204,0,0,63,403566,225062.23333333334,
"2019-05-11 00:00:00",11662,0,19,0,163873,229444.23333333334,
"2019-05-12 00:00:00",0,14618,0,0,338452,228968.26666666666,
"2019-05-13 00:00:00",3915,21490,19,63,144485,220702.7,
"2019-05-14 00:00:00",2848,36757,19,91,180800,223984.23333333334,
"2019-05-15 00:00:00",2138,0,1103,63,266427,226003.73333333334,
"2019-05-16 00:00:00",18707,0,38,2422,281477,231274.66666666666,
"2019-05-17 00:00:00",0,33445,5229,63,162535,233455.56666666668,
"2019-05-18 00:00:00",11867,1826,0,0,142527,230244.63333333333,
"2019-05-19 00:00:00",0,30193,19,0,147727,228538.86666666667,
"2019-05-20 00:00:00",28047,0,17110,63,207711,235489.2,
"2019-05-21 00:00:00",11811,87670,0,0,299758,241506.9,
"2019-05-22 00:00:00",1751,32032,0,0,282988,246258.83333333334,
"2019-05-23 00:00:00",15457,0,14634,63,217859,253431.66666666666,
"2019-05-24 00:00:00",11185,66343,0,0,51073,252659.33333333334,
"2019-05-25 00:00:00",0,24357,0,63,213156,247599.66666666666,
"2019-05-26 00:00:00",1751,0,0,0,350037,248415.16666666666,
"2019-05-27 00:00:00",14617,0,0,63,160217,248359.43333333332,
"2019-05-28 00:00:00",5643,49576,0,0,243950,243397.03333333333,
"2019-05-29 00:00:00",1041,0,0,63,87682,243864.56666666668,
"2019-05-30 00:00:00",13351,0,3082,0,216834,246880.06666666668,
"2019-05-31 00:00:00",3262,0,19,63,393473,257830.5,
"2019-06-01 00:00:00",1751,0,0,0,78985,248351.96666666667,
"2019-06-02 00:00:00",1897,10448,0,0,207151,250641.63333333333,
"2019-06-03 00:00:00",1751,37746,0,63,518068,252175.36666666667,
"2019-06-04 00:00:00",4419,0,0,0,164502,256550.8,
"2019-06-05 00:00:00",1751,0,0,91,157353,252118.53333333333,
"2019-06-06 00:00:00",11859,0,0,63,310997,248506.03333333333,
"2019-06-07 00:00:00",0,20200,0,0,93958,250059.66666666666,
"2019-06-08 00:00:00",13877,90649,19330,0,240503,252301.1,
"2019-06-09 00:00:00",1751,49654,705,63,205791,246672.16666666666,
"2019-06-10 00:00:00",0,0,0,0,313886,251283.23333333334,
"2019-06-11 00:00:00",1751,0,27999,141,222792,247937,
"2019-06-12 00:00:00",10265,0,0,0,206214,249487.23333333334,
"2019-06-13 00:00:00",9945,0,0,63,297160,252375.63333333333,
"2019-06-14 00:00:00",0,0,0,78,203367,250166.1,
"2019-06-15 00:00:00",1291,97392,0,78,315540,253888.03333333333,
"2019-06-16 00:00:00",0,0,0,0,157212,252419.3,
"2019-06-17 00:00:00",34065,15965,0,63,58435,250829.56666666668,
"2019-06-18 00:00:00",5182,0,0,0,396283,258280.43333333332,
"2019-06-19 00:00:00",2674,0,0,0,74311,252415.5,
"2019-06-20 00:00:00",1751,39781,0,0,317916,251089.1,
"2019-06-21 00:00:00",13383,0,0,0,214788,248135.73333333334,
"2019-06-22 00:00:00",5182,11265,2147,126,253290,248935.66666666666,
"2019-06-23 00:00:00",2277,38123,19,63,300486,256014.53333333333,
"2019-06-24 00:00:00",4658,0,0,63,63191,250359.06666666668,
"2019-06-25 00:00:00",5182,0,0,0,372141,251210.26666666666,
"2019-06-26 00:00:00",0,45451,0,63,246331,255108.53333333333,
"2019-06-27 00:00:00",9842,0,0,63,166473,251015.5,
"2019-06-28 00:00:00",32651,53767,0,3239,524302,268521.26666666666,
"2019-06-29 00:00:00",2986,11265,0,78,46211,262763.73333333334,
"2019-06-30 00:00:00",1362,0,0,0,395857,262777.13333333336,
"2019-07-01 00:00:00",9380,0,0,0,43479,261847.9,
"2019-07-02 00:00:00",0,0,0,126,203529,261319.86666666667,
"2019-07-03 00:00:00",1751,52685,0,63,388335,257493.46666666667,
"2019-07-04 00:00:00",21901,0,561,141,388550,265567.9,
"2019-07-05 00:00:00",5182,26349,21066,0,208226,268955.5333333333,
"2019-07-06 00:00:00",1751,11265,0,0,47107,260195.66666666666,
"2019-07-07 00:00:00",1751,21221,0,0,254484,265638.9,
"2019-07-08 00:00:00",14407,0,18721,126,216830,261829.73333333334,
"2019-07-09 00:00:00",1751,19668,0,0,147118,258848.8,
"2019-07-10 00:00:00",23586,0,284,0,136896,253744.8,
"2019-07-11 00:00:00",6248,0,0,63,177607,251452.6,
"2019-07-12 00:00:00",1751,34127,4183,63,323957,256372.7,
"2019-07-13 00:00:00",3502,0,2147,78,500875,263020.56666666665,
"2019-07-14 00:00:00",0,0,18728,126,167420,262448.23333333334,
"2019-07-15 00:00:00",9636,49574,0,91,171299,256324.8,
"2019-07-16 00:00:00",0,0,637,78,601564,271160.36666666664,
"2019-07-17 00:00:00",4031,43316,0,78,49312,270767.3333333333,
"2019-07-18 00:00:00",30613,0,0,63,450752,273432.8,
"2019-07-19 00:00:00",4927,86739,0,0,288910,283552.5,
"2019-07-20 00:00:00",0,0,0,141,197145,278147.1,
"2019-07-21 00:00:00",0,0,0,0,42994,271974.5333333333,
"2019-07-22 00:00:00",2183,37859,19,0,297577,274162.13333333336,
"2019-07-23 00:00:00",0,32865,0,0,136102,268428.73333333334,
"2019-07-24 00:00:00",12079,0,0,63,158956,271868.3,
"2019-07-25 00:00:00",30664,20213,0,0,343791,272446.4666666667,
"2019-07-26 00:00:00",0,31525,0,63,277508,273021.5,
"2019-07-27 00:00:00",0,55750,235,0,379557,281660.3333333333,
"2019-07-28 00:00:00",1751,1826,0,0,117197,265220.8333333333,
"2019-07-29 00:00:00",11427,34165,0,0,218223,271996.6666666667,
"2019-07-30 00:00:00",2038,32852,0,0,172765,265677.86666666664,
"2019-07-31 00:00:00",1751,12545,0,3239,138796,269126.93333333335,
"2019-08-01 00:00:00",20025,22360,19,63,142989,268520.36666666664,
"2019-08-02 00:00:00",976,30332,0,0,320454,265484.6,
"2019-08-03 00:00:00",0,0,19,0,206823,258674.2,
"2019-08-04 00:00:00",8291,48785,0,63,253878,260347.33333333334,
"2019-08-05 00:00:00",1315,95089,23761,2344,272219,271500.93333333335,
"2019-08-06 00:00:00",3648,26421,0,126,59002,265225.6666666667,
"2019-08-07 00:00:00",16827,0,3312,63,327684,268485.7,
"2019-08-08 00:00:00",6632,0,542,0,217502,270357,
"2019-08-09 00:00:00",1751,0,0,78,130423,269406.56666666665,
"2019-08-10 00:00:00",2271,47999,0,63,115346,268798.63333333336,
"2019-08-11 00:00:00",0,47417,0,0,340454,269591.6,
"2019-08-12 00:00:00",6495,0,0,126,259397,261572.06666666668,
"2019-08-13 00:00:00",0,33750,542,0,146915,261403.16666666666,
"2019-08-14 00:00:00",1751,0,15335,63,183616,260408.66666666666,
"2019-08-15 00:00:00",36075,11265,0,0,110486,245593.6,
"2019-08-16 00:00:00",0,52750,1870,0,310152,254528.06666666668,
"2019-08-17 00:00:00",1751,53110,0,126,221087,247682.93333333332,
"2019-08-18 00:00:00",0,11265,0,0,77860,237967.9,
"2019-08-19 00:00:00",8095,0,0,63,142862,236425.7,
"2019-08-20 00:00:00",3502,0,0,63,151933,240175.83333333334,
"2019-08-21 00:00:00",9478,35544,2050,78,294756,240318.13333333333,
"2019-08-22 00:00:00",16299,15560,0,63,216723,242974.06666666668,
"2019-08-23 00:00:00",0,0,0,78,232831,245034.4,
"2019-08-24 00:00:00",1751,20338,0,0,216295,239824.93333333332,
"2019-08-25 00:00:00",4285,0,1206,126,222038,237110.23333333334,
"2019-08-26 00:00:00",1751,11265,542,0,219309,230354.4,
"2019-08-27 00:00:00",5564,0,0,0,158645,231802.23333333334,
"2019-08-28 00:00:00",1751,0,0,311,186335,229288.3,
"2019-08-29 00:00:00",8935,63454,1033,63,156980,230048.7,
"2019-08-30 00:00:00",20631,1826,570,0,251548,233990.16666666666,
"2019-08-31 00:00:00",0,91590,2147,0,265251,239774.56666666668,
"2019-09-01 00:00:00",1751,78879,0,0,328495,241686.66666666666,
"2019-09-02 00:00:00",0,0,0,63,182971,240893.06666666668,
"2019-09-03 00:00:00",4810,34618,542,3302,118196,235908.1,
"2019-09-04 00:00:00",0,50913,542,126,459495,239786.26666666666,
"2019-09-05 00:00:00",8157,95772,1001,0,212855,247405.9,
"2019-09-06 00:00:00",1751,0,0,0,220203,243208.13333333333,
"2019-09-07 00:00:00",1897,54405,0,63,489809,253924.73333333334,
"2019-09-08 00:00:00",10418,0,0,0,145064,254699.03333333333,
"2019-09-09 00:00:00",7613,35663,0,0,119566,254604.43333333332,
"2019-09-10 00:00:00",0,33796,0,0,91222,245842.66666666666,
"2019-09-11 00:00:00",4927,0,542,0,274549,246309.33333333334,
"2019-09-12 00:00:00",10433,93111,227,0,439435,258375.96666666667,
"2019-09-13 00:00:00",4927,26415,0,126,538937,270697.3333333333,
"2019-09-14 00:00:00",8675,0,0,0,142952,270490.6666666667,
"2019-09-15 00:00:00",0,42752,0,63,397534,273009.9,
"2019-09-16 00:00:00",2536,11265,3565,0,79391,267032.6666666667,
"2019-09-17 00:00:00",9628,48789,0,0,65808,268202.73333333334,
"2019-09-18 00:00:00",0,0,0,141,196865,269735.6,
"2019-09-19 00:00:00",0,0,284,154,227888,272163.2,
"2019-09-20 00:00:00",8902,0,0,0,179883,267059.06666666665,
"2019-09-21 00:00:00",1109,0,0,0,216977,266040.43333333335,
"2019-09-22 00:00:00",1751,0,6177,126,124747,262703.5333333333,
"2019-09-23 00:00:00",32048,0,0,0,180976,261858.16666666666,
"2019-09-24 00:00:00",9797,110013,0,63,148904,263228.9666666667,
"2019-09-25 00:00:00",13208,63364,0,0,426563,272237.93333333335,
"2019-09-26 00:00:00",5437,0,0,511,199557,273614.5,
"2019-09-27 00:00:00",1751,1826,0,63,0,267455.9,
"2019-09-28 00:00:00",0,0,1193,0,455959,275012.06666666665,
"2019-09-29 00:00:00",5488,0,0,126,1095,266083.2,
"2019-09-30 00:00:00",13175,8753,2147,0,647827,276513.63333333336,
"2019-10-01 00:00:00",0,0,0,141,240156,270886,
"2019-10-02 00:00:00",14391,22531,0,63,279413,275331.5333333333,
"2019-10-03 00:00:00",33624,48559,19,0,61383,274735.43333333335,
"2019-10-04 00:00:00",1232,16697,2689,63,413233,272163.36666666664,
"2019-10-05 00:00:00",1751,0,0,0,46360,263174.1666666667,
"2019-10-06 00:00:00",1751,0,0,0,205508,262684.3333333333,
"2019-10-07 00:00:00",0,0,0,0,54928,246309.46666666667,
"2019-10-08 00:00:00",1751,51090,0,63,146179,247762.83333333334,
"2019-10-09 00:00:00",11946,66389,0,390,155763,250151.06666666668,
"2019-10-10 00:00:00",13737,92510,4183,63,387566,262585.8333333333,
"2019-10-11 00:00:00",14851,56010,0,0,402341,269025.3333333333,
"2019-10-12 00:00:00",0,30171,0,78,125207,256100.33333333334,
"2019-10-13 00:00:00",8386,49491,5001,0,268613,248136.53333333333,
"2019-10-14 00:00:00",2090,39145,0,0,278274,253732.63333333333,
"2019-10-15 00:00:00",9762,20319,0,63,114963,243891.23333333334,
"2019-10-16 00:00:00",21999,0,2147,0,170575,247156.66666666666,
"2019-10-17 00:00:00",5113,44990,81,0,173685,250478.1,
"2019-10-18 00:00:00",0,48059,0,0,51691,247236.26666666666,
"2019-10-19 00:00:00",1751,40867,561,0,97873,244327.13333333333,
"2019-10-20 00:00:00",10215,52120,0,0,233430,247893.13333333333,
"2019-10-21 00:00:00",5182,53772,284,0,355658,254453.5,
"2019-10-22 00:00:00",3759,0,16259,63,208903,257659.56666666668,
"2019-10-23 00:00:00",4965,0,542,0,55617,252596.23333333334,
"2019-10-24 00:00:00",6761,0,427,0,22791,244636.23333333334,
"2019-10-25 00:00:00",9983,60971,19,63,237388,238145.8,
"2019-10-26 00:00:00",1751,0,21060,0,27539,232974,
"2019-10-27 00:00:00",535,13314,0,0,463970,248780,
"2019-10-28 00:00:00",1097,22531,2147,0,253101,242837.53333333333,
"2019-10-29 00:00:00",4419,0,0,0,127271,247003.6,
"2019-10-30 00:00:00",21199,0,0,91,106365,228862.03333333333,
"2019-10-31 00:00:00",1751,13013,0,63,168993,226979.46666666667,
"2019-11-01 00:00:00",8383,80716,419,0,54886,221246.36666666667,
"2019-11-02 00:00:00",0,0,221,0,174637,222288.76666666666,
"2019-11-03 00:00:00",6170,0,0,0,138829,212658.3,
"2019-11-04 00:00:00",12212,27595,81,0,162545,217802.36666666667,
"2019-11-05 00:00:00",0,93568,50,0,136703,218571.13333333333,
"2019-11-06 00:00:00",43702,0,0,78,0,218199.56666666668,
"2019-11-07 00:00:00",4419,0,0,0,142911,216474.5,
"2019-11-08 00:00:00",3028,49599,542,78,199313,217076.93333333332,
"2019-11-09 00:00:00",3648,0,542,78,188479,206899.83333333334,
"2019-11-10 00:00:00",1751,1826,0,0,1095,191282.13333333333,
"2019-11-11 00:00:00",0,16417,0,63,1095,186686.1,
"2019-11-12 00:00:00",6170,0,542,0,0,175860.1,
"2019-11-13 00:00:00",4419,0,0,0,40914,166720.9,
"2019-11-14 00:00:00",0,6583,0,0,107346,165681.63333333333,
"2019-11-15 00:00:00",1751,4035,0,0,170652,165072.2,
"2019-11-16 00:00:00",0,11265,0,0,0,157985.36666666667,
"2019-11-17 00:00:00",1751,42331,0,0,95941,159327.76666666666,
"2019-11-18 00:00:00",0,11265,0,0,15443,155516.33333333334,
"2019-11-19 00:00:00",0,0,3082,0,69094,148063.36666666667,
"2019-11-20 00:00:00",4419,11265,0,0,10163,135095.06666666668,
"2019-11-21 00:00:00",4419,11265,0,0,225623,135505.86666666667,
"2019-11-22 00:00:00",1751,58445,0,0,479129,151445.96666666667,
"2019-11-23 00:00:00",6635,72848,2431,0,139917,157841.06666666668,
"2019-11-24 00:00:00",8302,11265,0,78,141618,152935.8,
"2019-11-25 00:00:00",0,0,0,0,193803,157717.5,
"2019-11-26 00:00:00",0,11265,15740,0,263462,151472.43333333332,
"2019-11-27 00:00:00",17637,28366,0,0,37920,144973.93333333332,
"2019-11-28 00:00:00",0,0,0,0,166620,146138.23333333334,
"2019-11-29 00:00:00",0,43069,0,0,91137,146356.6,
"2019-11-30 00:00:00",3904,11265,0,0,113061,144503.63333333333,
"2019-12-01 00:00:00",10825,0,13310,0,405785,154020.76666666666,
"2019-12-02 00:00:00",11396,43986,0,0,137026,154605.76666666666,
"2019-12-03 00:00:00",6170,0,161,0,27506,150900.33333333334,
"2019-12-04 00:00:00",1751,26023,0,0,224834,152572.86666666667,
"2019-12-05 00:00:00",4419,11265,0,91,94523,148572.1,
"2019-12-06 00:00:00",36758,54767,19,0,222046,157565.76666666666,
"2019-12-07 00:00:00",0,22531,0,0,111571,157124.8,
"2019-12-08 00:00:00",26463,41677,2147,0,29917,152046.23333333334,
"2019-12-09 00:00:00",0,148440,0,0,48298,152179.23333333334,
"2019-12-10 00:00:00",1751,0,0,78,11928,152482.1,
"2019-12-11 00:00:00",3648,11265,0,78,170637,158083.9,
"2019-12-12 00:00:00",2423,53749,0,0,357207,171639.53333333333,
"2019-12-13 00:00:00",0,1826,0,0,117051,174090.96666666667,
"2019-12-14 00:00:00",0,13091,542,0,77917,173345,
"2019-12-15 00:00:00",5254,22531,3082,126,153461,173612.23333333334,
"2019-12-16 00:00:00",0,0,3082,78,138986,177974.93333333332,
"2019-12-17 00:00:00",1751,31764,0,0,288717,184048.6,
"2019-12-18 00:00:00",3502,43904,0,0,416597,198625.06666666668,
"2019-12-19 00:00:00",8590,118896,13617,0,153283,206032.16666666666,
"2019-12-20 00:00:00",0,72853,0,0,109038,211233.63333333333,
"2019-12-21 00:00:00",0,0,0,0,59455,205171.86666666667,
"2019-12-22 00:00:00",0,0,0,0,130970,191559.96666666667,
"2019-12-23 00:00:00",1751,0,0,170,96023,187430.36666666667,
"2019-12-24 00:00:00",13268,32780,0,0,134868,188085.36666666667,
"2019-12-25 00:00:00",11395,31994,714,0,123463,187210.83333333334,
"2019-12-26 00:00:00",0,27185,0,0,96768,181660.33333333334,
"2019-12-27 00:00:00",0,59988,0,0,408995,194495.7,
"2019-12-28 00:00:00",3866,0,561,63,203388,195870.96666666667,
"2019-12-29 00:00:00",1751,44191,0,0,155732,198119.9,
"2019-12-30 00:00:00",4765,0,19,658,263244,202801.73333333334,
"2019-12-31 00:00:00",3502,0,0,0,25864,189449.9,
"2020-01-01 00:00:00",0,22531,6164,0,168694,189615.96666666667,
"2020-01-02 00:00:00",953,0,0,78,307201,198762.5,
"2020-01-03 00:00:00",6635,0,208,0,246110,198773.96666666667,
"2020-01-04 00:00:00",0,46229,542,0,214399,203803.03333333333,
"2020-01-05 00:00:00",1751,59535,0,0,227317,202970.1,
"2020-01-06 00:00:00",8384,50329,0,78,46252,202001.46666666667,
"2020-01-07 00:00:00",0,0,0,0,129059,202963.26666666666,
"2020-01-08 00:00:00",6166,32409,19,0,249421,206005.9,
"2020-01-09 00:00:00",23167,31438,0,63,97594,210622.73333333334,
"2020-01-10 00:00:00",0,0,6811,0,167960,210260.8,
"2020-01-11 00:00:00",0,0,0,0,150646,201502.96666666667,
"2020-01-12 00:00:00",0,0,0,0,39819,198867.7,
"2020-01-13 00:00:00",0,75955,3082,0,75375,200963.13333333333,
"2020-01-14 00:00:00",7921,0,3082,0,1095,195217.93333333332,
"2020-01-15 00:00:00",3502,60345,0,78,188458,198892.56666666668,
"2020-01-16 00:00:00",6632,53436,0,63,215389,197335.46666666667,
"2020-01-17 00:00:00",22366,97396,0,0,198113,192464.53333333333,
"2020-01-18 00:00:00",6447,35789,0,0,195750,190584.46666666667,
"2020-01-19 00:00:00",1751,920,0,63,61383,186658.63333333333,
"2020-01-20 00:00:00",1751,0,3082,0,141737,189562.5,
"2020-01-21 00:00:00",34617,0,2147,0,220238,193763.63333333333,
"2020-01-22 00:00:00",6819,0,3082,63,157139,196068.96666666667,
"2020-01-23 00:00:00",6942,0,3082,0,122533,194457.03333333333,
"2020-01-24 00:00:00",6170,0,3082,78,166791,194742.23333333334,
"2020-01-25 00:00:00",0,11265,0,63,39819,192315.36666666667,
"2020-01-26 00:00:00",11570,0,0,0,39819,178395.53333333333,
"2020-01-27 00:00:00",0,44689,0,0,79639,175610.53333333333,
"2020-01-28 00:00:00",0,54688,542,0,87483,173645.13333333333,
"2020-01-29 00:00:00",4419,71453,0,157,151032,172257.66666666666,
"2020-01-30 00:00:00",8802,33797,2689,0,310380,183134.43333333332,176773.56666666668
"2020-01-31 00:00:00",3502,35252,0,0,182236,183921.13333333333,186178.43333333332
"2020-02-01 00:00:00",1751,0,0,0,278470,182987.4,176657.43333333332
"2020-02-02 00:00:00",1751,0,0,63,69328,176927.03333333333,174305.66666666666
"2020-02-03 00:00:00",0,72694,0,0,94054,173779.6,171027.46666666667
"2020-02-04 00:00:00",8383,11265,0,0,285612,174334.9,166775.5
"2020-02-05 00:00:00",10842,79007,0,0,255551,182346.8,164794.26666666666
"2020-02-06 00:00:00",5988,35585,640,0,297747,189376.9,168517.16666666666
"2020-02-07 00:00:00",1751,0,0,78,262581,188590.03333333333,162228.33333333334
"2020-02-08 00:00:00",0,33797,0,0,171838,190369.13333333333,155575.96666666667
"2020-02-09 00:00:00",0,52767,3082,0,50432,188086.16666666666,163261.83333333334
"2020-02-10 00:00:00",9074,21335,0,0,25878,184940.86666666667,167072.76666666666
"2020-02-11 00:00:00",0,0,0,0,0,183613.56666666668,166909.06666666668
"2020-02-12 00:00:00",0,0,0,0,272420,187547.13333333333,169991.66666666666
"2020-02-13 00:00:00",991,83532,0,0,358982,201927.33333333334,170963.26666666666
"2020-02-14 00:00:00",8386,40014,0,0,262878,203890.46666666667,179359.9
"2020-02-15 00:00:00",1751,48846,0,0,178543,202344.46666666667,181340.63333333333
"2020-02-16 00:00:00",0,29918,0,0,56204,194619.36666666667,186806.03333333333
"2020-02-17 00:00:00",8386,0,0,91,299615,196956.23333333334,186262.1
"2020-02-18 00:00:00",4612,0,0,0,272685,204062.23333333334,192508.83333333334
"2020-02-19 00:00:00",7276,83985,0,0,364967,214384.2,196672.63333333333
"2020-02-20 00:00:00",7163,25159,0,0,283448,216343.1,197554.13333333333
"2020-02-21 00:00:00",1308,0,0,2576,124516,215053,187575.03333333333
"2020-02-22 00:00:00",3153,87892,1748,0,238602,221680.96666666667,188964.3
"2020-02-23 00:00:00",1751,23460,0,0,118133,220588.33333333334,195242.06666666668
"2020-02-24 00:00:00",5263,27283,542,0,93874,223115.5,193693.53333333333
"2020-02-25 00:00:00",0,0,0,0,198293,228012.3,191556.56666666668
"2020-02-26 00:00:00",0,5878,0,0,0,224063.96666666667,192293.73333333334
"2020-02-27 00:00:00",7832,0,0,0,0,219567.93333333332,190457.43333333332
"2020-02-28 00:00:00",6184,31808,0,0,100097,216602.2,189883.6
"2020-02-29 00:00:00",4023,64039,0,63,368640,219305.46666666667,183032.16666666666
"2020-03-01 00:00:00",0,29148,0,0,163170,218349.7,178752.06666666668
"2020-03-02 00:00:00",0,0,0,63,39819,210338.4,174380.5
"2020-03-03 00:00:00",7014,0,0,0,110448,211882.4,175608.96666666667
"2020-03-04 00:00:00",33396,30788,0,0,36511,209680.66666666666,183898.66666666666
"2020-03-05 00:00:00",28477,48520,0,0,552337,220483.1,188335.4
"2020-03-06 00:00:00",6632,52556,19,0,191581,217329.4,191135.26666666666
"2020-03-07 00:00:00",1751,0,19,0,75064,208558.46666666667,190797.7
"2020-03-08 00:00:00",3502,5652,0,0,97737,203307.83333333334,194193.6
"2020-03-09 00:00:00",0,0,2147,0,161081,201894.23333333334,197546.36666666667
"2020-03-10 00:00:00",1751,42928,446,0,131584,204241.83333333334,200667.2
"2020-03-11 00:00:00",5988,0,0,0,230095,210235.03333333333,203016.36666666667
"2020-03-12 00:00:00",5167,50862,0,63,92579,215190.73333333334,200612.56666666668
"2020-03-13 00:00:00",8062,0,0,0,227030,213946.5,197528.1
"2020-03-14 00:00:00",4642,24394,0,0,400309,213474.5,199579.76666666666
"2020-03-15 00:00:00",0,4484,1001,0,98034,206549.2,195869.9
"2020-03-16 00:00:00",6065,0,0,78,212982,206215.36666666667,193911
"2020-03-17 00:00:00",0,11265,561,0,486214,219945.96666666667,189101.6
"2020-03-18 00:00:00",4419,46214,12905,78,300176,221802.6,197570.33333333334
"2020-03-19 00:00:00",3502,16873,3082,63,182003,219410.13333333333,197441.83333333334
"2020-03-20 00:00:00",1305,0,38,0,120077,208249.8,195528.36666666667
"2020-03-21 00:00:00",0,0,0,0,71931,200121.8,197468.1
"2020-03-22 00:00:00",3502,6544,0,0,250596,204529.83333333334,197958
"2020-03-23 00:00:00",6635,64377,0,0,378825,208477.86666666667,195062.46666666667
"2020-03-24 00:00:00",1751,37229,10890,0,138054,209963.9,184261.2
"2020-03-25 00:00:00",4470,42597,0,0,239853,215295.86666666667,189435.56666666668
"2020-03-26 00:00:00",21420,0,542,0,334695,220574.66666666666,184683.63333333333
"2020-03-27 00:00:00",0,0,0,63,477380,236293.5,182754.6
"2020-03-28 00:00:00",13268,11265,0,0,161902,242246.96666666667,180277.53333333333
"2020-03-29 00:00:00",0,0,3082,78,93083,240852.06666666668,174610.9
"2020-03-30 00:00:00",8904,36239,0,0,258987,236430.83333333334,174762.1
"2020-03-31 00:00:00",6635,51031,0,0,218919,239239.73333333334,172752.46666666667
"2020-04-01 00:00:00",1012,12348,19,63,443024,253125.9,178702.7
"2020-04-02 00:00:00",0,11265,25306,0,465201,265936.26666666666,176173.46666666667
"2020-04-03 00:00:00",0,0,0,63,290403,272261.93333333335,176677.03333333333
"2020-04-04 00:00:00",0,0,0,0,143094,256053.9,173198.93333333332
"2020-04-05 00:00:00",0,0,0,0,226033,255228.7,173893.43333333332
"2020-04-06 00:00:00",2846,10631,542,0,198132,259739.26666666666,170424.7
"2020-04-07 00:00:00",3850,66204,0,0,210232,265519.1,178281.5
"2020-04-08 00:00:00",0,60147,0,63,113128,265856.1,187474.66666666666
"2020-04-09 00:00:00",4653,0,0,0,140600,264807.5,173414.26666666666
"2020-04-10 00:00:00",1751,0,0,154,195698,263524.8333333333,168723.33333333334
"2020-04-11 00:00:00",14929,0,0,0,207454,265981.9,177071.1
"2020-04-12 00:00:00",3699,89247,3082,0,192934,267777.56666666665,187391.06666666668
"2020-04-13 00:00:00",0,0,0,0,174851,259294.43333333332,183177.03333333333
"2020-04-14 00:00:00",4419,35414,0,63,322999,267940.26666666666,181240.76666666666
"2020-04-15 00:00:00",0,0,0,0,133066,265071.63333333336,178879.06666666668
"2020-04-16 00:00:00",11562,30100,0,0,320557,260544.26666666666,179442.9
"2020-04-17 00:00:00",0,59414,0,0,242924,258495.83333333334,178498.56666666668
"2020-04-18 00:00:00",0,116280,8841,0,55912,257679.53333333333,179015.8
"2020-04-19 00:00:00",1751,11265,0,0,224316,261543.3,176681.56666666668
"2020-04-20 00:00:00",1751,10915,0,63,127549,263821.5333333333,180525.06666666668
"2020-04-21 00:00:00",3320,0,0,0,131907,259641.06666666668,180673.13333333333
"2020-04-22 00:00:00",3064,1358,0,3239,213267,252010.76666666666,177206.26666666666
"2020-04-23 00:00:00",32146,46332,19,0,193094,254799.7,181326.7
"2020-04-24 00:00:00",1751,43937,19,0,288295,256369.1,180181.76666666666
"2020-04-25 00:00:00",2876,41829,0,0,196085,252506.86666666667,191029.3
"2020-04-26 00:00:00",524,20251,0,63,315530,247804.4,191499.96666666667
"2020-04-27 00:00:00",7725,0,0,91,151216,246891,204082.26666666666
"2020-04-28 00:00:00",0,0,0,0,96844,246911.03333333333,206025.86666666667
"2020-04-29 00:00:00",17985,30738,0,63,304113,248536.73333333334,209129.96666666667
"2020-04-30 00:00:00",1751,11265,0,141,90742,242780.56666666668,206460.46666666667
"2020-05-01 00:00:00",10096,0,0,0,193931,234365.9,211472.2
"2020-05-02 00:00:00",1751,25708,0,0,112081,222291.5,215565.83333333334
"2020-05-03 00:00:00",0,45664,0,0,314029,224599.06666666668,223768.06666666668
"2020-05-04 00:00:00",0,50666,19,63,206523,228404.96666666667,222241.33333333334
"2020-05-05 00:00:00",0,48906,542,0,0,222518.8,224207.26666666666
"2020-05-06 00:00:00",9571,0,0,63,201864,222497.03333333333,232004.23333333334
"2020-05-07 00:00:00",6635,51848,19,0,95851,218299.3,218988.33333333334
"2020-05-08 00:00:00",4066,0,0,0,276325,221867.73333333334,213929.4
"2020-05-09 00:00:00",0,0,2602,0,392406,230192.9,225062.23333333334
"2020-05-10 00:00:00",1825,17113,0,63,39549,225557.8,229444.23333333334
"2020-05-11 00:00:00",0,18751,0,0,314306,229246.96666666667,228968.26666666666
"2020-05-12 00:00:00",0,26245,0,0,149336,225467.56666666668,220702.7
"2020-05-13 00:00:00",4419,19344,418,0,426333,234656.4,223984.23333333334
"2020-05-14 00:00:00",6881,0,1084,649,184137,228984.96666666667,226003.73333333334
"2020-05-15 00:00:00",0,21315,19,0,419182,239233.3,231274.66666666666
"2020-05-16 00:00:00",8424,71786,542,141,163726,235313.33333333334,233455.56666666668
"2020-05-17 00:00:00",0,0,0,63,266561,234122.83333333334,230244.63333333333
"2020-05-18 00:00:00",6170,39683,0,0,276499,238833.46666666667,228538.86666666667
"2020-05-19 00:00:00",0,3657,0,575,77972,233662.53333333333,235489.2
"2020-05-20 00:00:00",21489,0,0,0,203920,236500.23333333334,241506.9
"2020-05-21 00:00:00",8177,0,0,126,172302,238012.8,246258.83333333334
"2020-05-22 00:00:00",0,0,0,0,46088,232184.76666666666,253431.66666666666
"2020-05-23 00:00:00",2537,50935,19,63,256227,233457.73333333334,252659.33333333334
"2020-05-24 00:00:00",0,0,0,0,146567,227209.86666666667,247599.66666666666
"2020-05-25 00:00:00",0,59879,542,63,140885,225895.86666666667,248415.16666666666
"2020-05-26 00:00:00",0,12667,0,78,488931,231406.13333333333,248359.43333333332
"2020-05-27 00:00:00",9346,11265,0,63,144198,231600.76666666666,243397.03333333333
"2020-05-28 00:00:00",1751,26593,0,3317,36368,230640.33333333334,243864.56666666668
"2020-05-29 00:00:00",5182,53505,0,126,304906,231000.93333333332,246880.06666666668
"2020-05-30 00:00:00",17751,0,542,0,149573,233133.13333333333,257830.5
"2020-05-31 00:00:00",1032,0,0,0,352717,238123.86666666667,248351.96666666667
"2020-06-01 00:00:00",1313,66748,0,0,95642,238929.26666666666,250641.63333333333
"2020-06-02 00:00:00",0,0,0,63,224943,234439.7,252175.36666666667
"2020-06-03 00:00:00",30625,49388,0,0,163214,233971.56666666668,256550.8
"2020-06-04 00:00:00",942,48324,0,63,130198,238307.53333333333,252118.53333333333
"2020-06-05 00:00:00",5490,45354,0,0,478063,248887.86666666667,248506.03333333333
"2020-06-06 00:00:00",0,48407,0,0,219670,252678.6,250059.66666666666
"2020-06-07 00:00:00",3191,0,0,0,202538,250189.86666666667,252301.1
"2020-06-08 00:00:00",0,11265,0,0,8676,237687.66666666666,246672.16666666666
"2020-06-09 00:00:00",0,36032,0,63,277150,246177.53333333333,251283.23333333334
"2020-06-10 00:00:00",13928,0,542,0,336996,246791.16666666666,247937
"2020-06-11 00:00:00",0,0,427,63,248944,249252.93333333332,249487.23333333334
"2020-06-12 00:00:00",1751,42733,5416,126,155029,241070.9,252375.63333333333
"2020-06-13 00:00:00",3961,11344,0,0,81457,237871.26666666666,250166.1
"2020-06-14 00:00:00",18177,14733,0,0,206825,231178.56666666668,253888.03333333333
"2020-06-15 00:00:00",5552,43961,142,0,244601,232833.13333333333,252419.3
"2020-06-16 00:00:00",3502,2668,13623,0,131897,229002,250829.56666666668
"2020-06-17 00:00:00",12817,0,3151,0,97629,222043.5,258280.43333333332
"2020-06-18 00:00:00",0,0,0,78,557628,237893.53333333333,252415.5
"2020-06-19 00:00:00",22894,0,19,63,255655,239667.6,251089.1
"2020-06-20 00:00:00",0,107922,0,63,167679,242836.23333333334,248135.73333333334
"2020-06-21 00:00:00",2122,0,0,0,447630,256291.7,248935.66666666666
"2020-06-22 00:00:00",8013,0,0,78,83880,249031.36666666667,256014.53333333333
"2020-06-23 00:00:00",1392,40857,0,0,374577,258040,250359.06666666668
"2020-06-24 00:00:00",4419,11337,2166,63,124821,256087.96666666667,251210.26666666666
"2020-06-25 00:00:00",30412,0,0,217,533348,258164.7,255108.53333333333
"2020-06-26 00:00:00",4312,11265,0,63,393096,266293.4666666667,251015.5
"2020-06-27 00:00:00",0,0,0,63,335003,275194.63333333336,268521.26666666666
"2020-06-28 00:00:00",4927,50786,5577,0,182354,271192.2,262763.73333333334
"2020-06-29 00:00:00",0,54161,0,190,91487,270457.93333333335,262777.13333333336
"2020-06-30 00:00:00",20147,1661,94,0,321000,270096.36666666664,261847.9
"2020-07-01 00:00:00",4404,11265,0,190,316497,275718.2,261319.86666666667
"2020-07-02 00:00:00",539,11265,0,2726,474252,284510.8,257493.46666666667
"2020-07-03 00:00:00",9608,1826,0,126,41890,278184.9,265567.9
"2020-07-04 00:00:00",1131,11265,542,0,253051,281067,268955.5333333333
"2020-07-05 00:00:00",1614,20878,0,0,196896,270749.6666666667,260195.66666666666
"2020-07-06 00:00:00",4419,0,1084,63,113446,265780.86666666664,265638.9
"2020-07-07 00:00:00",2609,0,0,126,108685,262637.23333333334,261829.73333333334
"2020-07-08 00:00:00",9903,0,0,63,128903,266601.5,258848.8
"2020-07-09 00:00:00",0,13580,0,0,126881,260842,253744.8
"2020-07-10 00:00:00",11249,17401,0,63,382444,262831.6666666667,251452.6
"2020-07-11 00:00:00",7210,0,542,63,185633,260965.46666666667,256372.7
"2020-07-12 00:00:00",0,0,0,0,151456,259178.83333333334,263020.56666666665
"2020-07-13 00:00:00",0,46954,7125,63,347535,269342.63333333336,262448.23333333334
"2020-07-14 00:00:00",5909,39539,0,0,64428,265014,256324.8
"2020-07-15 00:00:00",9934,11265,0,63,280377,265260.1,271160.36666666664
"2020-07-16 00:00:00",1751,0,0,0,317064,270830.93333333335,270767.3333333333
"2020-07-17 00:00:00",16700,98433,0,63,587046,290452.4,273432.8
"2020-07-18 00:00:00",1751,0,0,63,301994,281989.13333333336,283552.5
"2020-07-19 00:00:00",4927,803,13730,126,186639,279575.63333333336,278147.1
"2020-07-20 00:00:00",0,32866,0,63,131166,275856.6666666667,271974.5333333333
"2020-07-21 00:00:00",4360,31218,19,141,283511,271506.63333333336,274162.13333333336
"2020-07-22 00:00:00",9479,0,0,0,160404,274103.6666666667,268428.73333333334
"2020-07-23 00:00:00",9645,11265,0,0,269480,269889.13333333336,271868.3
"2020-07-24 00:00:00",0,32587,0,63,111475,269933,272446.4666666667
"2020-07-25 00:00:00",6632,0,0,78,0,251357.36666666667,273021.5
"2020-07-26 00:00:00",0,0,0,63,610328,258079.2,281660.3333333333
"2020-07-27 00:00:00",6037,86058,10531,0,387851,263259.63333333336,265220.8333333333
"2020-07-28 00:00:00",4744,13001,0,63,224539,263216.3333333333,271996.6666666667
"2020-07-29 00:00:00",12146,13091,0,0,116284,263072.4666666667,265677.86666666664
"2020-07-30 00:00:00",26795,43705,0,63,72778,256420.43333333332,269126.93333333335
"2020-07-31 00:00:00",0,36088,0,0,195680,253067.46666666667,268520.36666666664
"2020-08-01 00:00:00",8443,0,4320,126,450391,252217.36666666667,265484.6
"2020-08-02 00:00:00",1066,1826,0,0,130335,254876.6,258674.2
"2020-08-03 00:00:00",3743,0,0,0,246372,254347.43333333332,260347.33333333334
"2020-08-04 00:00:00",1751,12571,0,63,192832,253941.76666666666,271500.93333333335
"2020-08-05 00:00:00",12409,30925,0,63,330459,262436.5333333333,265225.6666666667
"2020-08-06 00:00:00",4671,51057,0,78,168835,266210.6,268485.7
"2020-08-07 00:00:00",15823,0,0,0,121137,266146.93333333335,270357
"2020-08-08 00:00:00",0,33233,19,2852,33305,263778.5333333333,269406.56666666665
"2020-08-09 00:00:00",2512,0,0,63,522817,267586.36666666664,268798.63333333336
"2020-08-10 00:00:00",2917,16097,0,126,100563,265128.2,269591.6
"2020-08-11 00:00:00",11118,54053,0,0,130877,266614.6,261572.06666666668
"2020-08-12 00:00:00",9658,0,0,0,163227,258988.23333333334,261403.16666666666
"2020-08-13 00:00:00",1751,0,1237,63,245299,263604.0333333333,260408.66666666666
"2020-08-14 00:00:00",0,24309,0,204,246574,262585.6,245593.6
"2020-08-15 00:00:00",0,0,19,63,156829,257188.8,254528.06666666668
"2020-08-16 00:00:00",3893,0,0,63,258336,242523.8,247682.93333333332
"2020-08-17 00:00:00",1031,48320,542,63,207733,240986.53333333333,237967.9
"2020-08-18 00:00:00",988,0,0,126,364316,246293.33333333334,236425.7
"2020-08-19 00:00:00",2412,30460,0,126,141575,246642.6,240175.83333333334
"2020-08-20 00:00:00",1751,0,0,141,167593,241650.43333333332,240318.13333333333
"2020-08-21 00:00:00",0,0,12436,63,526789,253963.96666666667,242974.06666666668
"2020-08-22 00:00:00",13234,0,542,63,98602,248032.33333333334,245034.4
"2020-08-23 00:00:00",7876,21376,0,63,149518,249189.3,239824.93333333332
"2020-08-24 00:00:00",771,40837,542,0,0,250370.63333333333,237110.23333333334
"2020-08-25 00:00:00",1751,31860,0,63,51339,232858.06666666668,230354.4
"2020-08-26 00:00:00",10486,15705,0,63,202942,224148.66666666666,231802.23333333334
"2020-08-27 00:00:00",25020,0,0,78,194310,223384.06666666668,229288.3
"2020-08-28 00:00:00",0,22876,542,204,254020,227921.4,230048.7
"2020-08-29 00:00:00",0,0,19,0,247923,231408.1,233990.16666666666
"2020-08-30 00:00:00",3502,53558,0,63,91774,228645.7,239774.56666666668
"2020-08-31 00:00:00",3131,22007,0,0,115849,217902.6,241686.66666666666
"2020-09-01 00:00:00",6729,0,0,63,315623,224208.86666666667,240893.06666666668
"2020-09-02 00:00:00",10584,11265,0,63,444378,231414.76666666666,235908.1
"2020-09-03 00:00:00",0,0,19,63,59902,226506.96666666667,239786.26666666666
"2020-09-04 00:00:00",23225,0,0,0,152181,219892,247405.9
"2020-09-05 00:00:00",0,0,0,0,310199,222743.9,243208.13333333333
"2020-09-06 00:00:00",0,53001,0,0,459541,235263.3,253924.73333333334
"2020-09-07 00:00:00",0,38565,0,0,460325,249579.36666666667,254699.03333333333
"2020-09-08 00:00:00",16596,0,0,126,291943,242355.13333333333,254604.43333333332
"2020-09-09 00:00:00",10330,0,0,0,273554,247827.83333333334,245842.66666666666
"2020-09-10 00:00:00",0,0,882,63,114315,245134.9,246309.33333333334
"2020-09-11 00:00:00",2179,38629,0,2852,334188,251967,258375.96666666667
"2020-09-12 00:00:00",22340,0,0,63,264996,253268.63333333333,270697.3333333333
"2020-09-13 00:00:00",0,0,0,0,150487,249248.63333333333,270490.6666666667
"2020-09-14 00:00:00",11456,0,0,5154,199038,251206.53333333333,273009.9
"2020-09-15 00:00:00",13043,0,19,0,133881,247361.56666666668,267032.6666666667
"2020-09-16 00:00:00",12331,45362,0,0,307418,250942.26666666666,268202.73333333334
"2020-09-17 00:00:00",0,0,561,0,169837,244441.2,269735.6
"2020-09-18 00:00:00",6259,0,0,0,99309,242141.03333333333,272163.2
"2020-09-19 00:00:00",7118,11265,561,63,77281,239701.13333333333,267059.06666666665
"2020-09-20 00:00:00",0,56005,19,63,148965,228559.9,266040.43333333335
"2020-09-21 00:00:00",24962,0,0,63,182100,231716.03333333333,262703.5333333333
"2020-09-22 00:00:00",1810,73602,0,0,43749,229727,261858.16666666666
"2020-09-23 00:00:00",10072,0,0,0,212540,235742.43333333332,263228.9666666667
"2020-09-24 00:00:00",6635,41745,3987,0,342359,246066.16666666666,272237.93333333335
"2020-09-25 00:00:00",6263,39382,0,63,153416,245063.76666666666,273614.5
"2020-09-26 00:00:00",0,0,6312,63,90190,240968.96666666667,267455.9
"2020-09-27 00:00:00",1751,0,0,78,69686,234098.1,275012.06666666665
"2020-09-28 00:00:00",6635,53104,147,0,303180,237935.63333333333,266083.2
"2020-09-29 00:00:00",7347,46598,2147,3372,189232,241262.33333333334,276513.63333333336
"2020-09-30 00:00:00",12817,0,542,63,235074,244845.96666666667,270886
"2020-10-01 00:00:00",1751,0,0,0,62603,236243.93333333332,275331.5333333333
"2020-10-02 00:00:00",3864,21274,0,63,150485,226557.06666666668,274735.43333333335
"2020-10-03 00:00:00",686,0,0,0,252909,233010.76666666666,272163.36666666664
"2020-10-04 00:00:00",1751,11265,19,0,268141,236536.43333333332,263174.1666666667
"2020-10-05 00:00:00",9330,11265,18311,0,288395,237106.6,262684.3333333333
"2020-10-06 00:00:00",0,0,19,126,471229,235734.33333333334,246309.46666666667
"2020-10-07 00:00:00",23343,46801,19,0,114404,225256.9,247762.83333333334
"2020-10-08 00:00:00",1751,0,0,63,67561,217280.56666666668,250151.06666666668
"2020-10-09 00:00:00",0,10988,0,0,252781,216610.06666666668,262585.8333333333
"2020-10-10 00:00:00",0,0,0,0,8451,213049.76666666666,269025.3333333333
"2020-10-11 00:00:00",1751,0,0,0,0,200513.16666666666,256100.33333333334
"2020-10-12 00:00:00",0,62576,0,0,143914,197816.23333333334,248136.53333333333
"2020-10-13 00:00:00",1751,52665,0,0,140489,199296.83333333334,253732.63333333333
"2020-10-14 00:00:00",13254,105754,0,63,384355,208889.46666666667,243891.23333333334
"2020-10-15 00:00:00",0,26920,0,0,32337,205966.6,247156.66666666666
"2020-10-16 00:00:00",31633,0,0,2789,187185,201183.16666666666,250478.1
"2020-10-17 00:00:00",11155,0,0,0,39819,197202.36666666667,247236.26666666666
"2020-10-18 00:00:00",0,46654,11713,0,233226,203403.23333333334,244327.13333333333
"2020-10-19 00:00:00",0,0,0,63,186213,206402.8,247893.13333333333
"2020-10-20 00:00:00",0,47899,0,0,87048,204065.96666666667,254453.5
"2020-10-21 00:00:00",5743,0,542,63,230900,205070.06666666668,257659.56666666668
"2020-10-22 00:00:00",4550,13304,0,141,264794,210524.26666666666,252596.23333333334
"2020-10-23 00:00:00",5182,0,19,0,42843,204705.3,244636.23333333334
"2020-10-24 00:00:00",27091,0,0,0,441791,207177.16666666666,238145.8
"2020-10-25 00:00:00",17727,0,0,141,107284,204711.43333333332,232974
"2020-10-26 00:00:00",18492,11783,0,220,161708,207899.43333333332,248780
"2020-10-27 00:00:00",4920,70846,0,0,387711,220964.86666666667,242837.53333333333
"2020-10-28 00:00:00",7707,0,0,0,30879,210148.83333333334,247003.6
"2020-10-29 00:00:00",8383,47945,0,0,105979,207269.16666666666,228862.03333333333
"2020-10-30 00:00:00",0,32569,0,63,244881,208236.36666666667,226979.46666666667
"2020-10-31 00:00:00",19437,0,0,78,502600,223495.06666666668,221246.36666666667
"2020-11-01 00:00:00",0,0,0,0,258303,226248.96666666667,222288.76666666666
"2020-11-02 00:00:00",0,17386,0,0,88610,221329,212658.3
"2020-11-03 00:00:00",13068,80523,0,3641,121192,219237.26666666666,217802.36666666667
"2020-11-04 00:00:00",9954,0,0,91,167722,214252.73333333334,218571.13333333333
"2020-11-05 00:00:00",0,0,0,0,403387,211986.5,218199.56666666668
"2020-11-06 00:00:00",8937,18026,0,573,279784,216078.3,216474.5
"2020-11-07 00:00:00",11625,22531,0,126,62986,217008.06666666668,217076.93333333332
"2020-11-08 00:00:00",0,0,0,0,261913,216946.2,206899.83333333334
"2020-11-09 00:00:00",9226,28564,15777,0,210932,225481.2,191282.13333333333
"2020-11-10 00:00:00",3502,43176,19,63,147406,231895.06666666668,186686.1
"2020-11-11 00:00:00",8838,0,0,0,107277,228882.56666666668,175860.1
"2020-11-12 00:00:00",10900,97632,0,0,113624,229791,166720.9
"2020-11-13 00:00:00",1751,10486,0,63,163499,218870.06666666668,165681.63333333333
"2020-11-14 00:00:00",1751,18402,0,78,71212,219942.96666666667,165072.2
"2020-11-15 00:00:00",0,27444,0,0,51050,215172.53333333333,157985.36666666667
"2020-11-16 00:00:00",27335,142490,0,0,362346,231212.46666666667,159327.76666666666
"2020-11-17 00:00:00",0,23112,885,126,60513,224313.86666666667,155516.33333333334
"2020-11-18 00:00:00",3086,0,0,63,111094,221912.76666666666,148063.36666666667
"2020-11-19 00:00:00",3648,0,561,1526,53477,219388.26666666666,135095.06666666668
"2020-11-20 00:00:00",2275,68404,0,0,282874,223265.13333333333,135505.86666666667
"2020-11-21 00:00:00",0,35623,1159,0,137182,219637.66666666666,151445.96666666667
"2020-11-22 00:00:00",0,0,0,126,56204,219913.86666666667,157841.06666666668
"2020-11-23 00:00:00",0,0,0,0,134687,208774.03333333333,152935.8
"2020-11-24 00:00:00",10238,176141,542,2033,80734,213591.93333333332,157717.5
"2020-11-25 00:00:00",1751,0,0,0,70310,209587.13333333333,151472.43333333332
"2020-11-26 00:00:00",15176,11265,542,483,166703,200610.16666666666,144973.93333333332
"2020-11-27 00:00:00",0,11265,0,0,1095,199735.96666666667,146138.23333333334
"2020-11-28 00:00:00",1751,11265,0,78,229991,202428.6,146356.6
"2020-11-29 00:00:00",0,10909,0,0,107618,197129.06666666668,144503.63333333333
"2020-11-30 00:00:00",15016,50856,0,63,188369,188202.1,154020.76666666666
"2020-12-01 00:00:00",0,65760,0,0,60896,183813.9,154605.76666666666
"2020-12-02 00:00:00",7391,11265,0,0,209726,187893.5,150900.33333333334
"2020-12-03 00:00:00",18786,13091,14108,0,239792,190138.6,152572.86666666667
"2020-12-04 00:00:00",1751,0,3290,78,111405,188097.16666666666,148572.1
"2020-12-05 00:00:00",0,38592,0,0,96783,179163.46666666667,157565.76666666666
"2020-12-06 00:00:00",3502,11265,19,63,51656,171136.26666666666,157124.8
"2020-12-07 00:00:00",0,11265,0,0,226173,175808.6,152046.23333333334
"2020-12-08 00:00:00",1751,63192,19,0,56204,171117.03333333333,152179.23333333334
"2020-12-09 00:00:00",0,31239,0,4925,10613,163859.6,152482.1
"2020-12-10 00:00:00",2282,49118,1635,0,117141,163059.9,158083.9
"2020-12-11 00:00:00",1450,0,0,63,146309,164116.76666666666,171639.53333333333
"2020-12-12 00:00:00",0,0,0,0,161450,162093.16666666666,174090.96666666667
"2020-12-13 00:00:00",6688,11265,0,78,304550,166985.96666666667,173345
"2020-12-14 00:00:00",4112,11265,0,0,65919,166647.73333333334,173612.23333333334
"2020-12-15 00:00:00",0,121835,0,0,77434,170673.56666666668,177974.93333333332
"2020-12-16 00:00:00",4419,0,542,0,214320,160243.86666666667,184048.6
"2020-12-17 00:00:00",1897,11265,0,0,290924,167558.9,198625.06666666668
"2020-12-18 00:00:00",17758,0,542,0,0,164360.8,206032.16666666666
"2020-12-19 00:00:00",22270,2928,0,63,196160,169767.8,211233.63333333333
"2020-12-20 00:00:00",15078,50133,624,78,91436,163227.66666666666,205171.86666666667
"2020-12-21 00:00:00",14109,11265,0,0,42010,159675,191559.96666666667
"2020-12-22 00:00:00",1751,0,2689,0,189690,164268.36666666667,187430.36666666667
"2020-12-23 00:00:00",11961,26867,0,0,283475,170522.26666666666,188085.36666666667
"2020-12-24 00:00:00",1751,0,0,63,199683,168249.16666666666,187210.83333333334
"2020-12-25 00:00:00",6702,11265,542,0,112486,170213.66666666666,181660.33333333334
"2020-12-26 00:00:00",1751,0,0,0,412782,177559.1,194495.7
"2020-12-27 00:00:00",19878,45190,542,0,21563,180052.86666666667,195870.96666666667
"2020-12-28 00:00:00",8607,59528,542,63,0,174241.3,198119.9
"2020-12-29 00:00:00",4299,113788,3082,0,136090,178865.7,202801.73333333334
"2020-12-30 00:00:00",5695,11265,0,0,192640,177375.5,189449.9
"2020-12-31 00:00:00",9868,0,15302,0,262096,182729.13333333333,189615.96666666667
"2021-01-01 00:00:00",0,22531,12626,0,0,176288.23333333334,198762.5
"2021-01-02 00:00:00",1751,0,0,0,109817,170481.23333333334,198773.96666666667
"2021-01-03 00:00:00",0,52553,0,0,61716,170406.03333333333,203803.03333333333
"2021-01-04 00:00:00",0,0,0,0,39819,167220.8,202970.1
"2021-01-05 00:00:00",1751,55840,11030,0,209792,174284.36666666667,202001.46666666667
"2021-01-06 00:00:00",0,40228,561,0,128427,172010.33333333334,202963.26666666666
"2021-01-07 00:00:00",1751,67593,0,0,69944,172614.4,206005.9
"2021-01-08 00:00:00",23999,0,542,0,47556,173458.36666666667,210622.73333333334
"2021-01-09 00:00:00",13787,0,0,0,115650,172100.4,210260.8
"2021-01-10 00:00:00",0,0,21878,0,173202,173675.66666666666,201502.96666666667
"2021-01-11 00:00:00",2885,0,0,0,136307,172933.73333333334,198867.7
"2021-01-12 00:00:00",5621,0,542,0,268432,171334.13333333333,200963.13333333333
"2021-01-13 00:00:00",10254,22531,19,0,0,169717.73333333334,195217.93333333332
"2021-01-14 00:00:00",0,138036,3082,0,95293,170955.8,198892.56666666668
"2021-01-15 00:00:00",18670,22531,2689,78,145156,169950.63333333333,197335.46666666667
"2021-01-16 00:00:00",0,11265,0,0,215924,167387.36666666667,192464.53333333333
"2021-01-17 00:00:00",18621,48258,0,0,348529,180624.3,190584.46666666667
"2021-01-18 00:00:00",7627,26592,13403,63,124830,178994.13333333333,186658.63333333333
"2021-01-19 00:00:00",2161,15391,0,0,48106,175937.73333333334,189562.5
"2021-01-20 00:00:00",1751,11265,0,0,175720,179982.8,193763.63333333333
"2021-01-21 00:00:00",21489,11265,1084,0,32850,175734.73333333334,196068.96666666667
"2021-01-22 00:00:00",0,59955,3082,0,69191,169398.9,194457.03333333333
"2021-01-23 00:00:00",0,84494,0,0,181739,171556.8,194742.23333333334
"2021-01-24 00:00:00",1751,32136,561,0,271478,177387.8,192315.36666666667
"2021-01-25 00:00:00",0,26916,0,0,97093,167703.7,178395.53333333333
"2021-01-26 00:00:00",14006,39048,561,0,231586,174304.63333333333,175610.53333333333
"2021-01-27 00:00:00",10171,11265,542,0,109536,176397.13333333333,173645.13333333333
"2021-01-28 00:00:00",12095,11265,19,78,598789,188563.43333333332,172257.66666666666
"2021-01-29 00:00:00",38347,49458,0,157,53680,186298.2,183134.43333333332
"2021-01-30 00:00:00",5704,0,0,0,196241,183454.16666666666,183921.13333333333
"2021-01-31 00:00:00",1751,49437,542,670,156750,189253.96666666667,182987.4
"2021-02-01 00:00:00",1751,31562,0,0,294808,196472.43333333332,176927.03333333333
"2021-02-02 00:00:00",2284,0,0,63,233431,200522.73333333334,173779.6
"2021-02-03 00:00:00",20220,32361,0,0,150899,205978.13333333333,174334.9
"2021-02-04 00:00:00",0,42157,19,0,374963,210602.36666666667,182346.8
"2021-02-05 00:00:00",0,27477,2147,0,316553,216501.06666666668,189376.9
"2021-02-06 00:00:00",3201,0,0,0,152495,217048,188590.03333333333
"2021-02-07 00:00:00",21945,0,0,0,102957,218808.16666666666,190369.13333333333
"2021-02-08 00:00:00",0,31493,0,0,229785,223202.86666666667,188086.16666666666
"2021-02-09 00:00:00",0,49258,542,0,258675,226982.7,184940.86666666667
"2021-02-10 00:00:00",22423,0,12291,0,124117,227637.33333333334,183613.56666666668
"2021-02-11 00:00:00",0,11265,19,78,252918,227293.5,187547.13333333333
"2021-02-12 00:00:00",6632,45709,542,0,298517,237913.33333333334,201927.33333333334
"2021-02-13 00:00:00",9737,8102,542,0,213545,237763.8,203890.46666666667
"2021-02-14 00:00:00",2232,11265,3279,0,102936,235450.03333333333,202344.46666666667
"2021-02-15 00:00:00",16634,0,12291,0,317980,239440.56666666668,194619.36666666667
"2021-02-16 00:00:00",8393,0,17830,0,413435,240248.93333333332,196956.23333333334
"2021-02-17 00:00:00",8329,0,0,0,208739,241733.96666666667,204062.23333333334
"2021-02-18 00:00:00",0,79359,542,0,62879,244304.7,214384.2
"2021-02-19 00:00:00",0,0,0,0,94993,241179.9,216343.1
"2021-02-20 00:00:00",4268,94390,0,0,123164,246351,215053
"2021-02-21 00:00:00",3893,0,0,0,109364,245718.6,221680.96666666667
"2021-02-22 00:00:00",2686,0,233,0,300743,246966.2,220588.33333333334
"2021-02-23 00:00:00",976,13091,542,78,142104,241995.06666666668,223115.5
"2021-02-24 00:00:00",3193,11265,0,0,250266,246685.53333333333,228012.3
"2021-02-25 00:00:00",5347,38869,542,157,94626,241830.2,224063.96666666667
"2021-02-26 00:00:00",0,91211,0,63,156982,245721.56666666668,219567.93333333332
"2021-02-27 00:00:00",8479,47537,0,560,1095,226902.33333333334,216602.2
"2021-02-28 00:00:00",0,50712,1825,0,0,223932.13333333333,219305.46666666667
"2021-03-01 00:00:00",7989,1090,19,63,389924,230503.46666666667,218349.7
"2021-03-02 00:00:00",1751,22531,2280,0,243910,232547.56666666668,210338.4
"2021-03-03 00:00:00",9256,0,561,0,148993,226903.83333333334,211882.4
"2021-03-04 00:00:00",38863,0,4371,63,273686,229610.66666666666,209680.66666666666
"2021-03-05 00:00:00",1751,30657,0,63,202809,230670.63333333333,220483.1
"2021-03-06 00:00:00",3104,50499,0,91,405447,232070.7,217329.4
"2021-03-07 00:00:00",2474,54168,0,0,336230,233627.16666666666,208558.46666666667
"2021-03-08 00:00:00",0,0,0,0,4796,228597.16666666666,203307.83333333334
"2021-03-09 00:00:00",3900,13091,542,0,359076,236987.46666666667,201894.23333333334
"2021-03-10 00:00:00",15493,0,2416,141,39571,230198.96666666667,204241.83333333334
"2021-03-11 00:00:00",0,15926,0,63,242629,228537.06666666668,210235.03333333333
"2021-03-12 00:00:00",1751,0,542,2789,120249,227420.43333333332,215190.73333333334
"2021-03-13 00:00:00",0,30892,0,0,198055,226242.7,213946.5
"2021-03-14 00:00:00",28246,33351,0,0,224052,224051.03333333333,213474.5
"2021-03-15 00:00:00",0,51252,19,63,231731,225755.66666666666,206549.2
"2021-03-16 00:00:00",15013,38286,19,0,294833,233370.26666666666,206215.36666666667
"2021-03-17 00:00:00",10506,0,10228,78,109770,226159.53333333333,219945.96666666667
"2021-03-18 00:00:00",0,0,19,63,180821,217534.33333333334,221802.6
"2021-03-19 00:00:00",0,0,0,141,146171,215175.8,219410.13333333333
"2021-03-20 00:00:00",0,58348,0,0,150173,217367.23333333334,208249.8
"2021-03-21 00:00:00",0,44352,0,0,234642,223500.6,200121.8
"2021-03-22 00:00:00",6632,11265,9868,0,115282,220874.8,204529.83333333334
"2021-03-23 00:00:00",4168,0,0,78,389322,230218.5,208477.86666666667
"2021-03-24 00:00:00",4419,46050,0,0,189971,228111.13333333333,209963.9
"2021-03-25 00:00:00",2343,33620,0,91,206321,230963.93333333332,215295.86666666667
"2021-03-26 00:00:00",0,0,0,126,246350,230355.66666666666,220574.66666666666
"2021-03-27 00:00:00",6108,0,542,0,221185,233298.8,236293.5
"2021-03-28 00:00:00",4039,18676,0,0,0,225780.76666666666,242246.96666666667
"2021-03-29 00:00:00",2057,0,0,0,82129,226664.6,240852.06666666668
"2021-03-30 00:00:00",12707,22531,19239,0,362681,238818.63333333333,236430.83333333334
"2021-03-31 00:00:00",4205,11265,10228,0,180744,232397.26666666666,239239.73333333334
"2021-04-01 00:00:00",7191,24760,19,0,145366,229292.66666666666,253125.9
"2021-04-02 00:00:00",0,12712,0,0,263775,233215.23333333334,265936.26666666666
"2021-04-03 00:00:00",0,4909,0,63,59585,224801.03333333333,272261.93333333335
"2021-04-04 00:00:00",389,11265,0,0,51656,219068.73333333334,256053.9
"2021-04-05 00:00:00",3323,0,0,0,152869,208970.4,255228.7
"2021-04-06 00:00:00",9164,0,3772,0,328549,207257.5,259739.26666666666
"2021-04-07 00:00:00",34482,30655,0,0,172051,215003.9,265519.1
"2021-04-08 00:00:00",0,11265,19,126,342237,214238.46666666667,265856.1
"2021-04-09 00:00:00",12704,37800,0,91,174446,219819.1,264807.5
"2021-04-10 00:00:00",0,0,19,63,284180,220673.9,263524.8333333333
"2021-04-11 00:00:00",0,19250,0,0,331875,228200.33333333334,265981.9
"2021-04-12 00:00:00",7306,40720,9533,126,455830,237685.96666666667,267777.56666666665
"2021-04-13 00:00:00",1751,16168,0,513,192079,235181.36666666667,259294.43333333332
"2021-04-14 00:00:00",28302,24875,19,63,157930,232785.53333333333,267940.26666666666
"2021-04-15 00:00:00",2405,11265,6112,63,498886,238471.56666666668,265071.63333333336
"2021-04-16 00:00:00",13748,0,0,0,123073,238679.5,260544.26666666666
"2021-04-17 00:00:00",0,38060,0,0,181153,239956.53333333333,258495.83333333334
"2021-04-18 00:00:00",9831,45850,10228,126,175716,243137.86666666667,257679.53333333333
"2021-04-19 00:00:00",0,91448,2147,0,192528,245724.53333333333,261543.3
"2021-04-20 00:00:00",0,63169,0,78,150823,243560.43333333332,263821.5333333333
"2021-04-21 00:00:00",11886,10987,19,0,202320,246299.26666666666,259641.06666666668
"2021-04-22 00:00:00",0,0,0,63,74572,235668.16666666666,252010.76666666666
"2021-04-23 00:00:00",786,37835,19,91,407964,242543.33333333334,254799.7
"2021-04-24 00:00:00",0,11265,2166,404,249516,243242.53333333333,256369.1
"2021-04-25 00:00:00",5705,1826,542,0,331337,246340.33333333334,252506.86666666667
"2021-04-26 00:00:00",2804,37514,0,0,89483,243072.53333333333,247804.4
"2021-04-27 00:00:00",1751,0,0,0,171845,248101.9,246891
"2021-04-28 00:00:00",6397,18340,0,0,243268,254229.23333333334,246911.03333333333
"2021-04-29 00:00:00",4419,0,19,0,171089,246174.9,248536.73333333334
"2021-04-30 00:00:00",24019,0,0,0,164918,245591.33333333334,242780.56666666668
"2021-05-01 00:00:00",17986,77548,19,63,329666,253856.26666666666,234365.9
"2021-05-02 00:00:00",0,0,0,63,278698,253932.06666666668,222291.5
"2021-05-03 00:00:00",1810,0,0,63,216859,259071.23333333334,224599.06666666668
"2021-05-04 00:00:00",1143,91456,19,0,190118,266385.4,228404.96666666667
"2021-05-05 00:00:00",13444,103729,0,0,591438,284799.4,222518.8
"2021-05-06 00:00:00",12233,0,6324,63,78487,276653.4666666667,222497.03333333333
"2021-05-07 00:00:00",0,0,19,157,279706,278076.6,218299.3
"2021-05-08 00:00:00",0,73653,0,0,128412,273023.8333333333,221867.73333333334
"2021-05-09 00:00:00",4532,0,0,63,53429,267456.56666666665,230192.9
"2021-05-10 00:00:00",3618,0,0,0,322315,268845.6,225557.8
"2021-05-11 00:00:00",12712,70385,38,63,333871,271043.76666666666,229246.96666666667
"2021-05-12 00:00:00",24601,31493,0,0,334594,266949.5,225467.56666666668
"2021-05-13 00:00:00",0,35074,360,0,124556,265265.43333333335,234656.4
"2021-05-14 00:00:00",38090,0,0,157,202296,266243.86666666664,228984.96666666667
"2021-05-15 00:00:00",6170,0,19,63,135293,253670.96666666667,239233.3
"2021-05-16 00:00:00",16422,0,19,0,221188,257031.23333333334,235313.33333333334
"2021-05-17 00:00:00",1751,59375,0,0,253460,260210.3,234122.83333333334
"2021-05-18 00:00:00",11052,50940,10290,0,264595,263381.1666666667,238833.46666666667
"2021-05-19 00:00:00",8468,3286,0,0,61383,256281.66666666666,233662.53333333333
"2021-05-20 00:00:00",2798,0,542,575,263029,258044.13333333333,236500.23333333334
"2021-05-21 00:00:00",0,0,542,0,81399,253268.4,238012.8
"2021-05-22 00:00:00",0,73465,0,157,219321,260545.4,232184.76666666666
"2021-05-23 00:00:00",18826,56964,0,0,295253,258023.63333333333,233457.73333333334
"2021-05-24 00:00:00",7594,0,561,0,229750,257175.4,227209.86666666667
"2021-05-25 00:00:00",5004,11265,19,63,286296,255950,225895.86666666667
"2021-05-26 00:00:00",6111,0,4177,78,385965,264834.3333333333,231406.13333333333
"2021-05-27 00:00:00",5004,35677,542,0,248937,268719.8333333333,231600.76666666666
"2021-05-28 00:00:00",21607,0,0,0,162377,265919.13333333336,230640.33333333334
"2021-05-29 00:00:00",0,55204,19,141,103976,265379.5333333333,231000.93333333332
"2021-05-30 00:00:00",1559,0,19,0,201482,265850.3,233133.13333333333
"2021-05-31 00:00:00",8468,0,0,63,242136,260029.73333333334,238123.86666666667
"2021-06-01 00:00:00",0,0,0,91,271980,259806.73333333334,238929.26666666666
"2021-06-02 00:00:00",17915,33032,0,78,262377,262962.4666666667,234439.7
"2021-06-03 00:00:00",15114,11265,19,63,97952,257685.06666666668,233971.56666666668
"2021-06-04 00:00:00",1751,0,0,0,210951,241154.73333333334,238307.53333333333
"2021-06-05 00:00:00",11420,0,0,0,128888,242594.76666666666,248887.86666666667
"2021-06-06 00:00:00",1751,69845,0,0,281227,245026.16666666666,252678.6
"2021-06-07 00:00:00",0,0,0,63,136489,242842.4,250189.86666666667
"2021-06-08 00:00:00",14090,0,0,0,75201,243884.63333333333,237687.66666666666
"2021-06-09 00:00:00",16192,0,0,0,211353,240605.03333333333,246177.53333333333
"2021-06-10 00:00:00",5320,0,0,0,103948,230344.96666666667,246791.16666666666
"2021-06-11 00:00:00",18331,113913,0,0,183395,227843.33333333334,249252.93333333332
"2021-06-12 00:00:00",17187,16188,0,63,300736,233649.5,241070.9
"2021-06-13 00:00:00",14672,34554,0,0,271469,236321.23333333334,237871.26666666666
"2021-06-14 00:00:00",7000,1826,0,0,306139,242101.9,231178.56666666668
"2021-06-15 00:00:00",7173,0,561,126,195183,240949.03333333333,232833.13333333333
"2021-06-16 00:00:00",9989,44160,0,2726,299602,242345.46666666667,229002
"2021-06-17 00:00:00",0,0,0,0,115126,234953.73333333334,222043.5
"2021-06-18 00:00:00",0,34712,542,0,132165,238096.43333333332,237893.53333333333
"2021-06-19 00:00:00",0,21028,561,126,136720,234479.46666666667,239667.6
"2021-06-20 00:00:00",5263,51890,1084,0,369659,246011.36666666667,242836.23333333334
"2021-06-21 00:00:00",1751,11982,19,283,195783,243240.5,256291.7
"2021-06-22 00:00:00",10790,52190,542,0,220616,240343.73333333334,249031.36666666667
"2021-06-23 00:00:00",0,0,19,0,190150,238752.53333333333,258040
"2021-06-24 00:00:00",8789,34812,57,126,99576,233442.96666666667,256087.96666666667
"2021-06-25 00:00:00",21849,0,0,0,395252,234135.26666666666,258164.7
"2021-06-26 00:00:00",0,29286,8408,63,211099,232758.46666666667,266293.4666666667
"2021-06-27 00:00:00",0,11519,19,0,236874,234906.06666666668,275194.63333333336
"2021-06-28 00:00:00",12345,0,0,63,209969,237007.3,271192.2
"2021-06-29 00:00:00",17093,0,0,0,312805,241235.23333333334,270457.93333333335
"2021-06-30 00:00:00",8462,39082,0,63,194927,240964.13333333333,270096.36666666664
"2021-07-01 00:00:00",0,0,19,0,69514,234212.86666666667,275718.2
"2021-07-02 00:00:00",0,0,0,63,197415,230348.66666666666,284510.8
"2021-07-03 00:00:00",3854,13199,580,0,193829,233250.3,278184.9
"2021-07-04 00:00:00",0,51841,8936,0,138171,232791.86666666667,281067
"2021-07-05 00:00:00",18580,47609,542,0,189759,236664.6,270749.6666666667
"2021-07-06 00:00:00",1815,0,542,63,140421,229665.16666666666,265780.86666666664
"2021-07-07 00:00:00",27138,29941,19,63,178102,232955.6,262637.23333333334
"2021-07-08 00:00:00",0,0,0,0,137947,234577.46666666667,266601.5
"2021-07-09 00:00:00",15605,30640,0,0,399789,241860.43333333332,260842
"2021-07-10 00:00:00",1751,64471,0,126,316075,250965.63333333333,262831.6666666667
"2021-07-11 00:00:00",5772,0,208,0,475423,256491.1,260965.46666666667
"2021-07-12 00:00:00",3138,0,0,63,154118,250595.93333333332,259178.83333333334
"2021-07-13 00:00:00",1751,11265,3082,63,93948,243576.43333333332,269342.63333333336
"2021-07-14 00:00:00",11546,0,19,63,73068,235900.83333333334,265014
"2021-07-15 00:00:00",0,77289,0,0,108674,235331.53333333333,265260.1
"2021-07-16 00:00:00",0,0,0,0,43640,224903.56666666668,270830.93333333335
"2021-07-17 00:00:00",0,11265,9150,63,157862,227010.7,290452.4
"2021-07-18 00:00:00",0,11265,0,0,285872,231334.66666666666,281989.13333333336
"2021-07-19 00:00:00",3598,147949,1103,63,271021,240177.96666666667,279575.63333333336
"2021-07-20 00:00:00",0,51540,0,0,257088,236202.33333333334,275856.6666666667
"2021-07-21 00:00:00",14328,30078,0,0,48469,232304.23333333334,271506.63333333336
"2021-07-22 00:00:00",11306,0,19,126,256956,231779.8,274103.6666666667
"2021-07-23 00:00:00",8410,0,0,0,426827,239948.73333333334,269889.13333333336
"2021-07-24 00:00:00",0,6097,0,2726,332732,246555.23333333334,269933
"2021-07-25 00:00:00",0,44464,0,0,39509,235450.96666666667,251357.36666666667
"2021-07-26 00:00:00",15084,60762,542,0,260717,238392.56666666668,258079.2
"2021-07-27 00:00:00",8127,0,561,154,209844,237401.73333333334,263259.63333333336
"2021-07-28 00:00:00",0,0,0,63,162070,235393.6,263216.3333333333
"2021-07-29 00:00:00",4401,33055,561,78,432836,240094.73333333334,263072.4666666667
"2021-07-30 00:00:00",4419,47222,561,78,39819,235080.23333333334,256420.43333333332
"2021-07-31 00:00:00",8323,0,19,78,541509,251093.46666666667,253067.46666666667
"2021-08-01 00:00:00",0,12278,0,141,54393,246737.93333333332,252217.36666666667
"2021-08-02 00:00:00",1751,0,0,0,49399,241394.16666666666,254876.6
"2021-08-03 00:00:00",8393,54540,542,78,265295,245724.16666666666,254347.43333333332
"2021-08-04 00:00:00",0,0,542,0,449285,252168.73333333334,253941.76666666666
"2021-08-05 00:00:00",0,11265,0,63,181770,253843.96666666667,262436.5333333333
"2021-08-06 00:00:00",20623,0,0,5919,252646,255308.1,266210.6
"2021-08-07 00:00:00",4712,0,0,0,189763,257192.36666666667,266146.93333333335
"2021-08-08 00:00:00",4419,49043,0,0,263509,252890.26666666666,263778.5333333333
"2021-08-09 00:00:00",0,0,561,0,136571,244713.86666666667,267586.36666666664
"2021-08-10 00:00:00",2713,0,0,0,133819,233218.13333333333,265128.2
"2021-08-11 00:00:00",25053,0,19,0,294810,238636.9,266614.6
"2021-08-12 00:00:00",0,35478,0,0,287233,245723.6,258988.23333333334
"2021-08-13 00:00:00",0,0,436,0,200563,249600.33333333334,263604.0333333333
"2021-08-14 00:00:00",4744,0,13642,63,308958,254315.1,262585.6
"2021-08-15 00:00:00",0,19655,358,0,92985,256627.06666666668,257188.8
"2021-08-16 00:00:00",3110,45774,0,0,70820,254672.56666666668,242523.8
"2021-08-17 00:00:00",7217,0,0,0,218102,252278.63333333333,240986.53333333333
"2021-08-18 00:00:00",10669,60227,580,0,64535,242687.86666666667,246293.33333333334
"2021-08-19 00:00:00",11448,0,0,0,400989,246148.13333333333,246642.6
"2021-08-20 00:00:00",0,58731,0,0,56865,246905.5,241650.43333333332
"2021-08-21 00:00:00",0,49659,565,0,419610,253619.73333333334,253963.96666666667
"2021-08-22 00:00:00",2780,19977,0,0,203867,246666,248032.33333333334
"2021-08-23 00:00:00",0,0,19,0,305921,245478.8,249189.3
"2021-08-24 00:00:00",2888,38778,1645,63,249385,252438.33333333334,250370.63333333333
"2021-08-25 00:00:00",20163,0,0,63,320225,252549.9,232858.06666666668
"2021-08-26 00:00:00",21677,0,0,0,154684,251139,224148.66666666666
"2021-08-27 00:00:00",0,0,0,2789,111718,249551.46666666667,223384.06666666668
"2021-08-28 00:00:00",7845,36265,19,63,237796,243253.36666666667,227921.4
"2021-08-29 00:00:00",5004,29793,19,0,69828,243671.53333333333,231408.1
"2021-08-30 00:00:00",0,55860,0,0,117669,231124.83333333334,228645.7
"2021-08-31 00:00:00",9882,0,3082,0,552989,247762.9,217902.6
"2021-09-01 00:00:00",1751,0,38,0,50700,247807.53333333333,224208.86666666667
"2021-09-02 00:00:00",16949,0,38,0,159199,242718.76666666666,231414.76666666666
"2021-09-03 00:00:00",6170,0,0,126,281892,237330.83333333334,226506.96666666667
"2021-09-04 00:00:00",0,34196,19,0,463777,247494,219892
"2021-09-05 00:00:00",3502,62318,0,0,120868,244410.63333333333,222743.9
"2021-09-06 00:00:00",8389,0,19,0,25350,239053.4,235263.3
"2021-09-07 00:00:00",8643,53694,15405,63,212609,238168.2,249579.36666666667
"2021-09-08 00:00:00",28226,24354,0,0,233681,243139.16666666666,242355.13333333333
"2021-09-09 00:00:00",1751,0,0,63,190389,244994.86666666667,247827.83333333334
"2021-09-10 00:00:00",0,0,0,0,152089,239401.73333333334,245134.9
"2021-09-11 00:00:00",0,0,0,0,148613,233598.46666666667,251967
"2021-09-12 00:00:00",8430,64913,19,0,245553,237529.06666666668,253268.63333333333
"2021-09-13 00:00:00",4755,20236,0,141,283843,236914.76666666666,249248.63333333333
"2021-09-14 00:00:00",6711,19625,3082,0,105746,237653.6,251206.53333333333
"2021-09-15 00:00:00",0,0,19,0,376051,246199.1,247361.56666666668
"2021-09-16 00:00:00",19512,11265,12905,0,235472,247993.63333333333,250942.26666666666
"2021-09-17 00:00:00",3329,0,3082,0,231920,251404.26666666666,244441.2
"2021-09-18 00:00:00",4116,0,0,0,376031,250327.93333333332,242141.03333333333
"2021-09-19 00:00:00",11104,0,19,63,121934,250912.03333333333,239701.13333333333
"2021-09-20 00:00:00",1064,17243,0,0,259041,244495.83333333334,228559.9
"2021-09-21 00:00:00",4810,43247,0,0,323059,249312.23333333334,231716.03333333333
"2021-09-22 00:00:00",6089,33272,0,0,130357,244771.53333333333,229727
"2021-09-23 00:00:00",0,0,11176,0,187882,241648.2,235742.43333333332
"2021-09-24 00:00:00",0,0,38,0,409107,243937.96666666667,246066.16666666666
"2021-09-25 00:00:00",0,49402,2166,0,157371,245023.96666666667,245063.76666666666
"2021-09-26 00:00:00",0,0,0,78,113185,244982.5,240968.96666666667
"2021-09-27 00:00:00",6829,45068,25128,0,194021,244617.8,234098.1
"2021-09-28 00:00:00",10664,0,3462,126,333078,252707.4,237935.63333333333
"2021-09-29 00:00:00",0,0,19,0,142614,251677.53333333333,241262.33333333334
"2021-09-30 00:00:00",9469,0,542,63,381895,245878.06666666668,244845.96666666667
"2021-10-01 00:00:00",0,0,12310,0,170467,250221,236243.93333333332
"2021-10-02 00:00:00",2103,0,0,0,193913,250882,226557.06666666668
"2021-10-03 00:00:00",2010,0,19,2867,193007,247872.53333333333,233010.76666666666
"2021-10-04 00:00:00",6683,74848,0,63,85322,236836.66666666666,236536.43333333332
"2021-10-05 00:00:00",0,0,0,78,230146,238287.86666666667,237106.6
"2021-10-06 00:00:00",3502,32711,7579,0,600314,258632.86666666667,235734.33333333334
"2021-10-07 00:00:00",18892,0,14758,0,69324,252384.9,225256.9
"2021-10-08 00:00:00",0,1826,38,141,463668,258365.3,217280.56666666668
"2021-10-09 00:00:00",19506,11265,0,0,153832,258112,216610.06666666668
"2021-10-10 00:00:00",0,41558,0,0,212831,261522,213049.76666666666
"2021-10-11 00:00:00",0,37834,0,0,259967,266494.93333333335,200513.16666666666
"2021-10-12 00:00:00",0,0,3101,0,238126,263905.26666666666,197816.23333333334
"2021-10-13 00:00:00",13181,0,0,63,354104,265850.93333333335,199296.83333333334
"2021-10-14 00:00:00",1751,41883,4183,63,282078,272344.1,208889.46666666667
"2021-10-15 00:00:00",0,0,31306,0,512758,277943.9,205966.6
"2021-10-16 00:00:00",0,0,0,0,99190,271945.0333333333,201183.16666666666
"2021-10-17 00:00:00",0,1826,0,63,184956,270228.8333333333,197202.36666666667
"2021-10-18 00:00:00",0,0,0,141,205159,264400.6,203403.23333333334
"2021-10-19 00:00:00",0,46568,0,0,296828,271409.8333333333,206402.8
"2021-10-20 00:00:00",10289,0,0,0,156095,267711.0333333333,204065.96666666667
"2021-10-21 00:00:00",24180,21350,0,0,178167,262797.0333333333,205070.06666666668
"2021-10-22 00:00:00",0,15587,0,63,157466,262910.26666666666,210524.26666666666
"2021-10-23 00:00:00",20788,75416,2147,63,212852,266650.56666666665,204705.3
"2021-10-24 00:00:00",2090,0,12391,0,56052,255363.5,207177.16666666666
"2021-10-25 00:00:00",1751,22059,0,78,49335,250839.6,204711.43333333332
"2021-10-26 00:00:00",1751,0,0,0,110910,250819.53333333333,207899.43333333332
"2021-10-27 00:00:00",4477,84020,19,63,358757,256695.86666666667,220964.86666666667
"2021-10-28 00:00:00",8838,11265,38,63,219283,253101.06666666668,210148.83333333334
"2021-10-29 00:00:00",0,31218,0,0,144725,254211.43333333332,207269.16666666666
"2021-10-30 00:00:00",0,81708,0,63,313293,254314.56666666668,208236.36666666667
"2021-10-31 00:00:00",1751,50449,561,0,127025,254214.86666666667,223495.06666666668
"2021-11-01 00:00:00",3643,0,19,126,190118,254144.53333333333,226248.96666666667
"2021-11-02 00:00:00",0,0,1084,0,261252,256292.23333333334,221329
"2021-11-03 00:00:00",0,0,16708,63,0,251287.36666666667,219237.26666666666
"2021-11-04 00:00:00",0,0,0,0,218823,250907.33333333334,214252.73333333334
"2021-11-05 00:00:00",366,0,0,0,76919,232013.26666666666,211986.5
"2021-11-06 00:00:00",0,11265,0,63,121228,232999.26666666666,216078.3
"2021-11-07 00:00:00",0,0,0,63,0,217478.93333333332,217008.06666666668
"2021-11-08 00:00:00",0,93601,542,0,91112,217500.63333333333,216946.2
"2021-11-09 00:00:00",0,0,0,63,156302,214233.16666666666,225481.2
"2021-11-10 00:00:00",0,11265,209,63,0,204691.03333333333,231895.06666666668
"2021-11-11 00:00:00",0,34441,0,0,292215,207538.7,228882.56666666668
"2021-11-12 00:00:00",7516,31218,542,4988,172602,202522.66666666666,229791
"2021-11-13 00:00:00",0,0,0,63,209798,198519.4,218870.06666666668
"2021-11-14 00:00:00",11032,0,0,0,96945,183983.16666666666,219942.96666666667
"2021-11-15 00:00:00",0,42582,3082,0,287721,191789.66666666666,215172.53333333333
"2021-11-16 00:00:00",7015,31218,0,0,78429,189450.26666666666,231212.46666666667
"2021-11-17 00:00:00",519,11265,0,5066,196431,189716.36666666667,224313.86666666667
"2021-11-18 00:00:00",0,0,0,141,40914,179638.3,221912.76666666666
"2021-11-19 00:00:00",4408,53463,19,10844,0,176383.3,219388.26666666666
"2021-11-20 00:00:00",4419,126995,0,0,381378,186019.9,223265.13333333333
"2021-11-21 00:00:00",1751,11265,19,0,365344,192862,219637.66666666666
"2021-11-22 00:00:00",0,0,0,190,279177,191798.63333333333,219913.86666666667
"2021-11-23 00:00:00",1751,0,19,78,269475,198491.66666666666,208774.03333333333
"2021-11-24 00:00:00",0,11265,281,0,294061,206237.76666666666,213591.93333333332
"2021-11-25 00:00:00",18067,29010,0,0,124955,208216.83333333334,209587.13333333333
"2021-11-26 00:00:00",2553,48655,542,0,220055,202365.73333333334,200610.16666666666
"2021-11-27 00:00:00",0,0,3624,0,300038,204504.86666666667,199735.96666666667
"2021-11-28 00:00:00",0,88943,0,0,39819,202932.16666666666,202428.6
"2021-11-29 00:00:00",6632,19771,0,0,100153,193981.9,197129.06666666668
"2021-11-30 00:00:00",1751,0,0,63,535090,205885.83333333334,188202.1
"2021-12-01 00:00:00",0,0,76,0,160720,204782.16666666666,183813.9
"2021-12-02 00:00:00",16956,50355,0,0,184956,204446.56666666668,187893.5
"2021-12-03 00:00:00",10912,0,0,0,234929,212082.23333333334,190138.6
"2021-12-04 00:00:00",0,0,0,78,158000,210057.4,188097.16666666666
"2021-12-05 00:00:00",23886,16690,0,78,12267,209245.23333333334,179163.46666666667
"2021-12-06 00:00:00",2043,23135,19,0,204693,212489.73333333334,171136.26666666666
"2021-12-07 00:00:00",0,11265,1112,78,161137,218274.03333333333,175808.6
"2021-12-08 00:00:00",4419,41353,542,126,84315,216457.36666666667,171117.03333333333
"2021-12-09 00:00:00",0,0,0,0,132035,215646.36666666667,163859.6
"2021-12-10 00:00:00",5182,0,19,0,328616,226389.03333333333,163059.9
"2021-12-11 00:00:00",0,11265,3843,63,219176,223312.06666666668,164116.76666666666
"2021-12-12 00:00:00",0,0,0,0,114024,219883.96666666667,162093.16666666666
"2021-12-13 00:00:00",0,65294,0,0,227923,222662.56666666668,166985.96666666667
"2021-12-14 00:00:00",0,0,19,0,241393,227110.4,166647.73333333334
"2021-12-15 00:00:00",14027,0,1102,63,322588,227256.93333333332,170673.56666666668
"2021-12-16 00:00:00",0,36322,57,0,139904,229244.3,160243.86666666667
"2021-12-17 00:00:00",1751,58852,19,0,204836,230983.5,167558.9
"2021-12-18 00:00:00",922,62283,19,0,364180,243861.8,164360.8
"2021-12-19 00:00:00",8271,0,0,0,98239,245121,169767.8
"2021-12-20 00:00:00",6350,0,0,0,225104,235742.96666666667,163227.66666666666
"2021-12-21 00:00:00",1751,42576,0,63,226611,232163.73333333334,159675
"2021-12-22 00:00:00",18638,44222,3571,0,203234,231840.36666666667,164268.36666666667
"2021-12-23 00:00:00",7805,56419,0,0,333837,236064.93333333332,170522.26666666666
"2021-12-24 00:00:00",8672,0,0,0,79639,228821.73333333334,168249.16666666666
"2021-12-25 00:00:00",1751,12431,0,0,116874,227455.83333333334,170213.66666666666
"2021-12-26 00:00:00",0,31144,3358,0,124778,223705.03333333333,177559.1
"2021-12-27 00:00:00",4687,12805,12291,0,655949,236440.73333333334,180052.86666666667
"2021-12-28 00:00:00",0,1826,11260,0,289312,242228.6,174241.3
"2021-12-29 00:00:00",0,11265,542,63,196195,244945.56666666668,178865.7
"2021-12-30 00:00:00",0,0,669,0,230311,234748.1,177375.5
"2021-12-31 00:00:00",0,0,0,0,195573,235907.33333333334,182729.13333333333
"2022-01-01 00:00:00",0,0,19,63,0,227501.13333333333,176288.23333333334
"2022-01-02 00:00:00",1024,0,0,63,117101,223246.03333333333,170481.23333333334
"2022-01-03 00:00:00",0,41922,0,0,18275,219983.33333333334,170406.03333333333
"2022-01-04 00:00:00",6137,0,0,0,0,218423.86666666667,167220.8
"2022-01-05 00:00:00",4419,0,0,0,0,210908.13333333333,174284.36666666667
"2022-01-06 00:00:00",0,62998,0,0,120621,211242.36666666667,172010.33333333334
"2022-01-07 00:00:00",11715,0,0,63,274278,216419.1,172614.4
"2022-01-08 00:00:00",7329,55332,0,0,237516,222023.83333333334,173458.36666666667
"2022-01-09 00:00:00",0,51532,3082,63,227352,220297.56666666668,172100.4
"2022-01-10 00:00:00",13177,11265,0,78,258977,221935.93333333332,173675.66666666666
"2022-01-11 00:00:00",5652,0,0,0,186005,224523.7,172933.73333333334
"2022-01-12 00:00:00",1751,0,19,0,639262,236117.46666666667,171334.13333333333
"2022-01-13 00:00:00",14811,0,19,126,184199,234708.93333333332,169717.73333333334
"2022-01-14 00:00:00",0,63324,0,63,98820,228856.5,170955.8
"2022-01-15 00:00:00",0,30906,0,0,80977,226709.8,169950.63333333333
"2022-01-16 00:00:00",2013,0,0,0,221828,225322.53333333333,167387.36666666667
"2022-01-17 00:00:00",0,0,19,0,355721,222933.73333333334,180624.3
"2022-01-18 00:00:00",262,0,542,0,0,219410.2,178994.13333333333
"2022-01-19 00:00:00",0,20238,0,0,134632,216857.43333333332,175937.73333333334
"2022-01-20 00:00:00",0,0,0,0,149130,212795.03333333333,179982.8
"2022-01-21 00:00:00",5263,35458,0,0,51656,206885.4,175734.73333333334
"2022-01-22 00:00:00",0,0,0,0,155408,198796.96666666667,169398.9
"2022-01-23 00:00:00",8671,20425,0,0,57692,198746.23333333334,171556.8
"2022-01-24 00:00:00",1751,96018,0,63,382126,210376.33333333334,177387.8
"2022-01-25 00:00:00",6946,11265,38,63,219029,212978.33333333334,167703.7
"2022-01-26 00:00:00",11061,45228,580,63,246622,200239.06666666668,174304.63333333333
"2022-01-27 00:00:00",10782,0,0,0,313595,200971.66666666666,176397.13333333333
"2022-01-28 00:00:00",5263,0,0,0,39819,195538.9,188563.43333333332
"2022-01-29 00:00:00",14700,36244,0,78,143735,194331.46666666667,186298.2
"2022-01-30 00:00:00",23805,0,3082,0,11600,189095.26666666666,183454.16666666666
"2022-01-31 00:00:00",3328,11265,0,63,194733,196072.16666666666,189253.96666666667
"2022-02-01 00:00:00",0,0,0,0,83022,194899.96666666667,196472.43333333332
"2022-02-02 00:00:00",0,0,0,0,205436,199741.26666666666,200522.73333333334
"2022-02-03 00:00:00",0,28021,0,0,354038,212272,205978.13333333333
"2022-02-04 00:00:00",1751,55879,4440,63,352797,225955.7,210602.36666666667
"2022-02-05 00:00:00",1751,0,19,91,91339,222941.73333333334,216501.06666666668
"2022-02-06 00:00:00",0,13091,0,0,149736,218834.06666666668,217048
"2022-02-07 00:00:00",6632,0,542,78,324951,219901.63333333333,218808.16666666666
"2022-02-08 00:00:00",0,43502,0,0,95090,215120.4,223202.86666666667
"2022-02-09 00:00:00",21903,21430,0,0,94792,210274.6,226982.7
"2022-02-10 00:00:00",9763,63506,0,63,221351,213708.8,227637.33333333334
"2022-02-11 00:00:00",0,43034,19,0,103911,197239.86666666667,227293.5
"2022-02-12 00:00:00",1808,0,19,78,205047,197499.73333333334,237913.33333333334
"2022-02-13 00:00:00",1751,0,19,0,372317,204562.36666666667,237763.8
"2022-02-14 00:00:00",1751,78737,542,0,136097,208070.53333333333,235450.03333333333
"2022-02-15 00:00:00",0,12623,0,63,172541,206783.43333333332,239440.56666666668
"2022-02-16 00:00:00",7480,0,0,0,78319,197785.4,240248.93333333332
"2022-02-17 00:00:00",5417,45005,0,63,327151,210346.5,241733.96666666667
"2022-02-18 00:00:00",5182,47866,0,0,262290,215695.43333333332,244304.7
"2022-02-19 00:00:00",8428,0,38,0,155418,216187.23333333334,241179.9
"2022-02-20 00:00:00",4419,1743,0,0,220684,220669.56666666668,246351
"2022-02-21 00:00:00",5004,18635,0,0,41907,217674.2,245718.6
"2022-02-22 00:00:00",485,0,0,0,126458,219012.66666666666,246966.2
"2022-02-23 00:00:00",8831,0,3082,0,294670,213233.5,241995.06666666668
"2022-02-24 00:00:00",18934,0,19,141,224554,213443.76666666666,246685.53333333333
"2022-02-25 00:00:00",10067,0,3101,0,48532,205381.96666666667,241830.2
"2022-02-26 00:00:00",0,55017,19,0,349600,208057.3,245721.56666666668
"2022-02-27 00:00:00",3609,0,7712,0,120621,210952.66666666666,226902.33333333334
"2022-02-28 00:00:00",3208,0,19,0,258534,213186.13333333333,223932.13333333333
"2022-03-01 00:00:00",4292,0,0,0,194665,218535.13333333333,230503.46666666667
"2022-03-02 00:00:00",0,54447,57,0,144811,218199.36666666667,232547.56666666668
"2022-03-03 00:00:00",0,84793,0,0,170354,223936.9,226903.83333333334
"2022-03-04 00:00:00",12869,0,0,0,112612,221271.73333333334,229610.66666666666
"2022-03-05 00:00:00",0,0,0,0,0,208536.43333333332,230670.63333333333
"2022-03-06 00:00:00",0,51651,0,78,240185,204435.9,232070.7
"2022-03-07 00:00:00",2905,45944,1084,0,206139,209865,233627.16666666666
"2022-03-08 00:00:00",0,22531,0,0,47108,206758.73333333334,228597.16666666666
"2022-03-09 00:00:00",6642,11265,3101,0,451582,211438.3,236987.46666666667
"2022-03-10 00:00:00",0,0,0,0,313466,217267.43333333332,230198.96666666667
"2022-03-11 00:00:00",1572,28943,0,0,0,213680.43333333332,228537.06666666668
"2022-03-12 00:00:00",0,0,4477,0,193318,210450.86666666667,227420.43333333332
"2022-03-13 00:00:00",0,13091,0,63,244290,214133.53333333333,226242.7
"2022-03-14 00:00:00",6642,50540,0,0,148285,214084.03333333333,224051.03333333333
"2022-03-15 00:00:00",7936,11265,3082,0,493275,218799.76666666666,225755.66666666666
"2022-03-16 00:00:00",0,80659,0,0,0,214250.8,233370.26666666666
"2022-03-17 00:00:00",1751,0,0,0,0,208134.9,226159.53333333333
"2022-03-18 00:00:00",0,99079,0,0,209439,215558.86666666667,217534.33333333334
"2022-03-19 00:00:00",3459,52622,0,0,238735,212798.2,215175.8
"2022-03-20 00:00:00",0,0,0,0,357260,214195.56666666668,217367.23333333334
"2022-03-21 00:00:00",0,52821,0,0,297694,220416.63333333333,223500.6
"2022-03-22 00:00:00",0,54896,19,0,255000,223185.56666666668,220874.8
"2022-03-23 00:00:00",0,0,5119,0,142180,225910.66666666666,230218.5
"2022-03-24 00:00:00",5103,0,3082,0,267841,230880.1,228111.13333333333
"2022-03-25 00:00:00",5786,40837,0,0,524502,239698.16666666666,230963.93333333332
"2022-03-26 00:00:00",24026,0,542,0,0,232395.46666666667,230355.66666666666
"2022-03-27 00:00:00",12803,22531,0,78,39819,232846.5,233298.8
"2022-03-28 00:00:00",0,55867,0,0,10613,221574.63333333333,225780.76666666666
"2022-03-29 00:00:00",11896,57294,0,78,489338,235796.73333333334,226664.6
"2022-03-30 00:00:00",1751,69397,0,0,250903,237806.43333333332,238818.63333333333
"2022-03-31 00:00:00",20765,0,542,63,149008,236853.8,232397.26666666666
"2022-04-01 00:00:00",0,0,0,0,399480,243525.93333333332,229292.66666666666
"2022-04-02 00:00:00",1751,45733,0,0,143936,241401.7,233215.23333333334
"2022-04-03 00:00:00",532,0,3624,0,308523,247641.63333333333,224801.03333333333
"2022-04-04 00:00:00",6635,51337,0,63,225987,257109.06666666668,219068.73333333334
"2022-04-05 00:00:00",0,0,3624,78,195363,254014.1,208970.4
"2022-04-06 00:00:00",6642,38738,0,0,425514,261174.8,207257.5
"2022-04-07 00:00:00",6907,11265,0,0,206699,266349.2,215003.9
"2022-04-08 00:00:00",7175,0,0,0,21563,251554.1,214238.46666666667
"2022-04-09 00:00:00",1308,0,0,126,93603,244273.13333333333,219819.1
"2022-04-10 00:00:00",0,45055,0,0,38537,246042.4,220673.9
"2022-04-11 00:00:00",0,55955,3082,0,124184,245556.6,228200.33333333334
"2022-04-12 00:00:00",6561,11265,0,63,288041,247172.83333333334,237685.96666666667
"2022-04-13 00:00:00",0,0,0,141,200303,247005.4,235181.36666666667
"2022-04-14 00:00:00",12895,32148,0,0,278262,240596.93333333332,232785.53333333333
"2022-04-15 00:00:00",0,18176,0,0,100278,241856.76666666666,238471.56666666668
"2022-04-16 00:00:00",0,41460,0,141,66405,245398.63333333333,238679.5
"2022-04-17 00:00:00",0,0,0,63,193549,241568.43333333332,239956.53333333333
"2022-04-18 00:00:00",1751,7700,0,0,340521,243406.96666666667,243137.86666666667
"2022-04-19 00:00:00",0,38781,0,0,175730,238648.66666666666,245724.53333333333
"2022-04-20 00:00:00",12643,0,19,63,220883,234751.73333333334,243560.43333333332
"2022-04-21 00:00:00",0,36106,0,63,196066,232162.4,246299.26666666666
"2022-04-22 00:00:00",11823,0,0,0,163223,233087.26666666666,235668.16666666666
"2022-04-23 00:00:00",1751,0,542,63,186174,230170.73333333334,242543.33333333334
"2022-04-24 00:00:00",0,46110,542,0,65474,214870.73333333334,243242.53333333333
"2022-04-25 00:00:00",6710,100800,3624,0,129094,222059.43333333332,246340.33333333334
"2022-04-26 00:00:00",0,54360,232,0,0,221371.43333333332,243072.53333333333
"2022-04-27 00:00:00",0,11265,4247,126,157239,224918.03333333333,248101.9
"2022-04-28 00:00:00",3127,50399,0,0,268569,217034.36666666667,254229.23333333334
"2022-04-29 00:00:00",6424,0,542,0,162615,211952.03333333333,246174.9
"2022-04-30 00:00:00",1751,0,0,0,145258,211173.06666666668,245591.33333333334
"2022-05-01 00:00:00",25568,0,19,0,277664,207965.43333333332,253856.26666666666
"2022-05-02 00:00:00",0,0,0,0,155019,206752.03333333333,253932.06666666668
"2022-05-03 00:00:00",0,52533,0,78,184602,204236.53333333333,259071.23333333334
"2022-05-04 00:00:00",4419,0,0,0,229772,202575.5,266385.4
"2022-05-05 00:00:00",9244,0,0,0,84960,199080.13333333333,284799.4
"2022-05-06 00:00:00",0,11265,0,0,89825,186753.33333333334,276653.4666666667
"2022-05-07 00:00:00",0,41519,0,0,583988,200107.86666666667,278076.6
"2022-05-08 00:00:00",2868,0,208,0,264283,208061.9,273023.8333333333
"2022-05-09 00:00:00",0,33859,0,0,313551,216474.33333333334,267456.56666666665
"2022-05-10 00:00:00",14044,85615,0,0,491122,233380.63333333333,268845.6
"2022-05-11 00:00:00",1751,52650,0,78,371317,241466.5,271043.76666666666
"2022-05-12 00:00:00",0,58581,0,0,150317,238232.06666666668,266949.5
"2022-05-13 00:00:00",1751,6156,0,0,0,231814.16666666666,265265.43333333335
"2022-05-14 00:00:00",8832,0,0,0,232439,229079.7,266243.86666666664
"2022-05-15 00:00:00",3609,0,0,0,173958,231050.13333333333,253670.96666666667
"2022-05-16 00:00:00",1897,0,0,63,157013,232749,257031.23333333334
"2022-05-17 00:00:00",0,37563,0,78,186307,233760.2,260210.3
"2022-05-18 00:00:00",7158,54111,0,63,255674,232661.3,263381.1666666667
"2022-05-19 00:00:00",1751,11265,0,0,283283,235387.56666666668,256281.66666666666
"2022-05-20 00:00:00",5156,0,38,0,0,227773.76666666666,258044.13333333333
"2022-05-21 00:00:00",17303,0,0,0,519158,237914.63333333333,253268.4
"2022-05-22 00:00:00",1751,27177,0,0,82113,235781.13333333333,260545.4
"2022-05-23 00:00:00",0,19062,0,63,247377,238380.2,258023.63333333333
"2022-05-24 00:00:00",9773,0,0,0,174254,240776.93333333332,257175.4
"2022-05-25 00:00:00",15295,30657,409,0,139696,238971.2,255950
"2022-05-26 00:00:00",21750,40408,4408,63,151739,244430.43333333332,264834.3333333333
"2022-05-27 00:00:00",882,0,4709,63,113956,242654.8,268719.8333333333
"2022-05-28 00:00:00",1751,0,0,63,86058,234847.33333333334,265919.13333333336
"2022-05-29 00:00:00",0,0,0,63,154137,234334.6,265379.5333333333
"2022-05-30 00:00:00",5263,0,542,126,135843,234160.1,265850.3
"2022-05-31 00:00:00",4282,16403,19,91,81119,227448.93333333332,260029.73333333334
"2022-06-01 00:00:00",2607,32405,0,0,145138,228286.63333333333,259806.73333333334
"2022-06-02 00:00:00",6642,15587,3082,0,158989,226522.9,262962.4666666667
"2022-06-03 00:00:00",0,50045,0,190,417402,234304.4,257685.06666666668
"2022-06-04 00:00:00",0,52821,0,0,38716,234215.5,241154.73333333334
"2022-06-05 00:00:00",3214,0,0,0,284510,240436.63333333333,242594.76666666666
"2022-06-06 00:00:00",4998,0,0,0,169063,225388.43333333332,245026.16666666666
"2022-06-07 00:00:00",0,35729,0,126,203688,224461.23333333334,242842.4
"2022-06-08 00:00:00",11914,51501,542,0,21563,215731.6,243884.63333333333
"2022-06-09 00:00:00",12537,0,0,0,65933,198654.53333333333,240605.03333333333
"2022-06-10 00:00:00",0,0,0,63,259584,193116.16666666666,230344.96666666667
"2022-06-11 00:00:00",49799,7725,0,0,109297,191713.6,227843.33333333334
"2022-06-12 00:00:00",0,0,0,0,359520,203434.03333333333,233649.5
"2022-06-13 00:00:00",1751,1158,0,63,66324,197701.53333333333,236321.23333333334
"2022-06-14 00:00:00",3700,50176,19,63,140685,198270.76666666666,242101.9
"2022-06-15 00:00:00",0,3968,19,0,191996,199504.43333333332,240949.03333333333
"2022-06-16 00:00:00",7720,0,0,0,412225,206037.66666666666,242345.46666666667
"2022-06-17 00:00:00",27411,11265,3082,0,318632,207483.83333333334,234953.73333333334
"2022-06-18 00:00:00",0,32434,0,63,91137,201728.33333333334,238096.43333333332
"2022-06-19 00:00:00",0,40977,0,0,121434,206968.9,234479.46666666667
"2022-06-20 00:00:00",0,0,0,0,48971,190719.23333333334,246011.36666666667
"2022-06-21 00:00:00",1751,49498,0,63,340884,200091.06666666668,243240.5
"2022-06-22 00:00:00",0,0,6224,0,145128,196252.73333333334,240343.73333333334
"2022-06-23 00:00:00",0,93561,19,0,357197,205144.4,238752.53333333333
"2022-06-24 00:00:00",0,0,0,126,215687,206136.26666666666,233442.96666666667
"2022-06-25 00:00:00",3127,0,19,78,492053,215366.53333333333,234135.26666666666
"2022-06-26 00:00:00",4789,60236,0,141,92786,216644.63333333333,232758.46666666667
"2022-06-27 00:00:00",18225,0,0,0,498053,230924.86666666667,234906.06666666668
"2022-06-28 00:00:00",1897,42483,0,0,49523,228915,237007.3
"2022-06-29 00:00:00",4419,0,0,0,0,224336.5,241235.23333333334
"2022-06-30 00:00:00",5343,51627,542,63,210111,229862.16666666666,240964.13333333333
"2022-07-01 00:00:00",3648,0,3624,0,280226,233440.43333333332,234212.86666666667
"2022-07-02 00:00:00",532,106851,0,63,149952,235876.96666666667,230348.66666666666
"2022-07-03 00:00:00",1751,0,0,0,324014,231147.9,233250.3
"2022-07-04 00:00:00",2429,11265,0,0,161917,233950.4,232791.86666666667
"2022-07-05 00:00:00",0,0,0,0,139349,229004.56666666668,236664.6
"2022-07-06 00:00:00",7820,68039,542,0,283340,235194,229665.16666666666
"2022-07-07 00:00:00",1114,99250,19,78,295367,240403.53333333333,232955.6
"2022-07-08 00:00:00",6162,0,0,0,55129,239595.86666666667,234577.46666666667
"2022-07-09 00:00:00",0,44352,0,0,115204,242298.73333333334,241860.43333333332
"2022-07-10 00:00:00",7561,36102,396,63,233496,242897.8,250965.63333333333
"2022-07-11 00:00:00",6770,0,0,0,240097,245566,256491.1
"2022-07-12 00:00:00",1751,0,0,0,350085,245309.86666666667,250595.93333333332
"2022-07-13 00:00:00",7767,0,0,0,316770,253817.93333333332,243576.43333333332
"2022-07-14 00:00:00",8393,80076,0,78,257473,258863.83333333334,235900.83333333334
"2022-07-15 00:00:00",4755,0,0,0,205284,259332.36666666667,235331.53333333333
"2022-07-16 00:00:00",16927,49181,0,0,258727,256162.06666666668,224903.56666666668
"2022-07-17 00:00:00",0,0,0,0,111667,247871.26666666666,227010.7
"2022-07-18 00:00:00",6632,0,19,63,139640,248628.6,231334.66666666666
"2022-07-19 00:00:00",0,82814,0,0,248977,254274.63333333333,240177.96666666667
"2022-07-20 00:00:00",17214,0,19,63,385227,266059.7,236202.33333333334
"2022-07-21 00:00:00",0,0,0,0,143847,257781.4,232304.23333333334
"2022-07-22 00:00:00",4777,0,0,0,195852,259423.96666666667,231779.8
"2022-07-23 00:00:00",0,0,0,0,451158,259436.63333333333,239948.73333333334
"2022-07-24 00:00:00",0,21584,0,91,71125,255336.23333333334,246555.23333333334
"2022-07-25 00:00:00",0,0,408,0,474104,254644.06666666668,235450.96666666667
"2022-07-26 00:00:00",16496,38866,0,0,87632,254145.43333333332,238392.56666666668
"2022-07-27 00:00:00",8452,0,3583,0,261273,246046.4,237401.73333333334
"2022-07-28 00:00:00",2017,0,0,0,160112,248320.56666666668,235393.6
"2022-07-29 00:00:00",266,1844,0,0,330025,259244.46666666667,240094.73333333334
"2022-07-30 00:00:00",6632,13068,0,0,110343,254656.4,235080.23333333334
"2022-07-31 00:00:00",0,0,0,0,168465,250688.63333333333,251093.46666666667
"2022-08-01 00:00:00",0,89720,0,0,309461,255414.76666666666,246737.93333333332
"2022-08-02 00:00:00",1751,0,0,0,453369,259726.6,241394.16666666666
"2022-08-03 00:00:00",9737,43947,0,0,91207,258702.56666666668,245724.16666666666
"2022-08-04 00:00:00",0,0,26175,0,217763,262188.86666666664,252168.73333333334
"2022-08-05 00:00:00",9312,0,9500,0,205450,257672.83333333334,253843.96666666667
"2022-08-06 00:00:00",0,0,0,141,80397,247163.13333333333,255308.1
"2022-08-07 00:00:00",0,165614,19,0,107594,254227.7,257192.36666666667
"2022-08-08 00:00:00",1751,0,0,0,268676,257923.4,252890.26666666666
"2022-08-09 00:00:00",3648,0,200,63,210487,255816.06666666668,244713.86666666667
"2022-08-10 00:00:00",11923,0,0,0,250848,256346.2,233218.13333333333
"2022-08-11 00:00:00",6632,0,0,0,253938,253304.03333333333,238636.9
"2022-08-12 00:00:00",1751,43895,561,0,185098,250196.3,245723.6
"2022-08-13 00:00:00",1751,0,0,78,401077,252092.5,249600.33333333334
"2022-08-14 00:00:00",0,85371,19,0,173301,253714.23333333334,254315.1
"2022-08-15 00:00:00",0,32980,0,126,149465,248972.1,256627.06666666668
"2022-08-16 00:00:00",1897,0,0,0,121214,249353.56666666668,254672.56666666668
"2022-08-17 00:00:00",1751,11265,38,0,126976,249142.8,252278.63333333333
"2022-08-18 00:00:00",4158,49863,2147,0,492319,256366,242687.86666666667
"2022-08-19 00:00:00",1751,63586,19,63,271234,254170.36666666667,246148.13333333333
"2022-08-20 00:00:00",9695,0,0,154,212632,256791.5,246905.5
"2022-08-21 00:00:00",1751,0,0,0,459081,265464.93333333335,253619.73333333334
"2022-08-22 00:00:00",0,26535,0,0,92975,254410,246666
"2022-08-23 00:00:00",1751,35461,0,0,233124,260327.86666666667,245478.8
"2022-08-24 00:00:00",28034,24784,0,0,266278,255147.36666666667,252438.33333333334
"2022-08-25 00:00:00",18590,8168,19,0,262919,260037.5,252549.9
"2022-08-26 00:00:00",0,20868,0,0,68395,253902.66666666666,251139
"2022-08-27 00:00:00",0,69812,19,63,365997,263028.06666666665,249551.46666666667
"2022-08-28 00:00:00",8393,15498,0,63,165256,258263.86666666667,243253.36666666667
"2022-08-29 00:00:00",1751,0,0,0,125214,258161.23333333334,243671.53333333333
"2022-08-30 00:00:00",0,0,19,0,233032,260314.1,231124.83333333334
"2022-08-31 00:00:00",8851,111724,0,78,290457,260711.76666666666,247762.9
"2022-09-01 00:00:00",0,17468,19,63,577121,265363.4666666667,247807.53333333333
"2022-09-02 00:00:00",15672,0,0,2439,142911,265901.1666666667,242718.76666666666
"2022-09-03 00:00:00",0,0,0,0,314177,268242.4666666667,237330.83333333334
"2022-09-04 00:00:00",1751,32210,0,0,251613,270286.1666666667,247494
"2022-09-05 00:00:00",4288,0,895,63,112618,271530.43333333335,244410.63333333333
"2022-09-06 00:00:00",17281,51067,0,154,364723,276863.73333333334,239053.4
"2022-09-07 00:00:00",8452,0,38,0,138455,272747.6666666667,238168.2
"2022-09-08 00:00:00",3502,11265,3923,0,59800,268217.4,243139.16666666666
"2022-09-09 00:00:00",1751,0,3082,0,106957,263184.7,244994.86666666667
"2022-09-10 00:00:00",0,20216,512,78,176247,261067.46666666667,239401.73333333334
"2022-09-11 00:00:00",1840,0,542,63,190440,259786.76666666666,233598.46666666667
"2022-09-12 00:00:00",0,0,13053,0,220107,254128.53333333333,237529.06666666668
"2022-09-13 00:00:00",0,32743,0,63,101772,249991.46666666667,236914.76666666666
"2022-09-14 00:00:00",0,0,0,63,213052,251009.56666666668,237653.6
"2022-09-15 00:00:00",11389,35349,3565,0,247108,256819.63333333333,246199.1
"2022-09-16 00:00:00",2609,0,0,63,159225,257548.5,247993.63333333333
"2022-09-17 00:00:00",0,0,6013,0,203325,246243.5,251404.26666666666
"2022-09-18 00:00:00",0,80838,512,0,250916,246097.26666666666,250327.93333333332
"2022-09-19 00:00:00",1751,0,3101,0,182342,244921.06666666668,250912.03333333333
"2022-09-20 00:00:00",0,22358,1084,0,208797,237301.3,244495.83333333334
"2022-09-21 00:00:00",11320,35711,1917,0,178381,240895.3,249312.23333333334
"2022-09-22 00:00:00",3648,0,542,0,92409,235104.03333333333,244771.53333333333
"2022-09-23 00:00:00",3502,59893,839,0,256477,235157.9,241648.2
"2022-09-24 00:00:00",22834,13163,0,0,148595,231654.36666666667,243937.96666666667
"2022-09-25 00:00:00",1751,0,0,0,344244,240212.1,245023.96666666667
"2022-09-26 00:00:00",8384,96399,0,78,243516,237294.96666666667,244982.5
"2022-09-27 00:00:00",0,0,0,2801,150872,236110.4,244617.8
"2022-09-28 00:00:00",11510,63188,267,507,269077,243363.26666666666,252707.4
"2022-09-29 00:00:00",1751,19101,0,0,168033,241891.06666666668,251677.53333333333
"2022-09-30 00:00:00",1715,0,19,91,466399,243794.8,245878.06666666668
"2022-10-01 00:00:00",0,0,0,0,299786,233965.3,250221
"2022-10-02 00:00:00",0,57395,4787,0,227694,238260.46666666667,250882
"2022-10-03 00:00:00",4070,46396,0,0,232523,237220.86666666667,247872.53333333333
"2022-10-04 00:00:00",6734,0,28,0,199484,234576.63333333333,236836.66666666666
"2022-10-05 00:00:00",13565,0,0,0,39819,232427.23333333334,238287.86666666667
"2022-10-06 00:00:00",5896,35749,0,0,303037,229475.76666666666,258632.86666666667
"2022-10-07 00:00:00",0,32361,10103,0,51004,227693.23333333334,252384.9
"2022-10-08 00:00:00",7945,0,561,0,366801,237587.1,258365.3
"2022-10-09 00:00:00",0,78381,2147,0,187761,242803.76666666666,258112
"2022-10-10 00:00:00",2619,1826,3082,0,88919,239450.16666666666,261522
"2022-10-11 00:00:00",0,46505,0,0,339192,245877.23333333334,266494.93333333335
"2022-10-12 00:00:00",9469,47614,0,0,413213,253781.8,263905.26666666666
"2022-10-13 00:00:00",0,0,200,0,199266,255944.7,265850.93333333335
"2022-10-14 00:00:00",10138,0,0,0,406481,262728.1666666667,272344.1
"2022-10-15 00:00:00",1451,0,16708,0,171977,259152.26666666666,277943.9
"2022-10-16 00:00:00",5623,20024,19,0,221462,261993.33333333334,271945.0333333333
"2022-10-17 00:00:00",5010,0,0,0,190067,261517.96666666667,270228.8333333333
"2022-10-18 00:00:00",13588,0,0,0,101211,254269.03333333333,264400.6
"2022-10-19 00:00:00",19967,86204,3269,78,61409,253726.9,271409.8333333333
"2022-10-20 00:00:00",8398,1084,0,0,215167,253473.9,267711.0333333333
"2022-10-21 00:00:00",0,0,561,0,237285,253824.43333333332,262797.0333333333
"2022-10-22 00:00:00",0,0,2147,63,345676,262200.7,262910.26666666666
"2022-10-23 00:00:00",0,11209,0,0,72555,254302.4,266650.56666666665
"2022-10-24 00:00:00",6495,0,0,0,204552,255184.23333333334,255363.5
"2022-10-25 00:00:00",16053,31687,19,0,61383,247289.13333333333,250839.6
"2022-10-26 00:00:00",16111,63005,4806,63,176901,244372.8,250819.53333333333
"2022-10-27 00:00:00",602,39026,3339,0,97292,243925.73333333334,256695.86666666667
"2022-10-28 00:00:00",6819,0,38,63,325510,243521.73333333334,253101.06666666668
"2022-10-29 00:00:00",3648,11265,0,0,112092,241459.13333333333,254211.43333333332
"2022-10-30 00:00:00",0,49549,0,63,75018,230006,254314.56666666668
"2022-10-31 00:00:00",6476,43490,0,0,423019,235779.33333333334,254214.86666666667
"2022-11-01 00:00:00",16485,76596,0,0,97748,232477.76666666666,254144.53333333333
"2022-11-02 00:00:00",13199,0,0,0,67963,225750.2,256292.23333333334
"2022-11-03 00:00:00",6646,0,0,0,78381,221709.53333333333,251287.36666666667
"2022-11-04 00:00:00",0,0,10247,0,156302,225481.7,250907.33333333334
"2022-11-05 00:00:00",0,0,0,0,124403,218139.03333333333,232013.26666666666
"2022-11-06 00:00:00",8384,0,0,0,39819,216630.16666666666,232999.26666666666
"2022-11-07 00:00:00",0,32361,3654,0,198688,211943.4,217478.93333333332
"2022-11-08 00:00:00",3609,93285,0,0,309292,216540,217500.63333333333
"2022-11-09 00:00:00",9469,32193,2147,0,46196,216325.36666666667,214233.16666666666
"2022-11-10 00:00:00",2664,114619,208,0,172904,213148.7,204691.03333333333
"2022-11-11 00:00:00",6170,31037,0,63,133103,203151.26666666666,207538.7
"2022-11-12 00:00:00",0,11265,19,0,306514,207095.66666666666,202522.66666666666
"2022-11-13 00:00:00",4671,0,0,0,12114,193767.86666666667,198519.4
"2022-11-14 00:00:00",8384,0,0,0,101992,191109.2,183983.16666666666
"2022-11-15 00:00:00",1751,61021,0,0,140404,189644.1,191789.66666666666
"2022-11-16 00:00:00",20539,0,2147,0,160261,189239.8,189450.26666666666
"2022-11-17 00:00:00",1751,98307,3082,0,340699,200207.83333333334,189716.36666666667
"2022-11-18 00:00:00",1751,11265,0,0,189778,201269.96666666667,179638.3
"2022-11-19 00:00:00",8201,25998,0,63,79639,197578.4,176383.3
"2022-11-20 00:00:00",2269,31238,0,0,104936,194264.96666666667,186019.9
"2022-11-21 00:00:00",1569,0,0,0,99601,186041.06666666668,192862
"2022-11-22 00:00:00",3746,24919,0,0,143105,188974.6,191798.63333333333
"2022-11-23 00:00:00",14595,28644,978,78,94542,186567.66666666666,198491.66666666666
"2022-11-24 00:00:00",4653,35831,0,0,60387,186292,206237.76666666666
"2022-11-25 00:00:00",0,0,0,0,254119,186066.4,208216.83333333334
"2022-11-26 00:00:00",4393,0,3416,0,262618,190405.3,202365.73333333334
"2022-11-27 00:00:00",1751,0,0,0,156847,184610.86666666667,204504.86666666667
"2022-11-28 00:00:00",0,26614,0,0,211063,188299.86666666667,202932.16666666666
"2022-11-29 00:00:00",1751,77538,0,78,78741,189415.86666666667,193981.9
"2022-11-30 00:00:00",11828,0,542,63,80533,176748.53333333333,205885.83333333334
"2022-12-01 00:00:00",0,56975,0,91,423540,186407.76666666666,204782.16666666666
"2022-12-02 00:00:00",1751,0,6526,0,328532,194929.36666666667,204446.56666666668
"2022-12-03 00:00:00",1409,11265,0,0,98714,195808.06666666668,212082.23333333334
"2022-12-04 00:00:00",0,0,0,0,30940,191287.76666666666,210057.4
"2022-12-05 00:00:00",1983,95864,17550,0,98476,194270.16666666666,209245.23333333334
"2022-12-06 00:00:00",6678,0,0,0,132099,197289.3,212489.73333333334
"2022-12-07 00:00:00",12025,0,2147,0,129430,194252.56666666668,218274.03333333333
"2022-12-08 00:00:00",8386,0,542,0,176729,186901.53333333333,216457.36666666667
"2022-12-09 00:00:00",422,0,542,0,182063,190002.2,215646.36666666667
"2022-12-10 00:00:00",1751,88645,0,0,67110,185572.5,226389.03333333333
"2022-12-11 00:00:00",11050,18866,0,0,292182,190629.96666666667,223312.06666666668
"2022-12-12 00:00:00",12438,54899,0,0,170153,187953.06666666668,219883.96666666667
"2022-12-13 00:00:00",10609,0,0,0,92786,190840.06666666668,222662.56666666668
"2022-12-14 00:00:00",24907,0,3024,0,313569,198544.2,227110.4
"2022-12-15 00:00:00",35073,43905,19,0,189343,200716.36666666667,227256.93333333332
"2022-12-16 00:00:00",15635,26283,0,0,155721,201206.06666666668,229244.3
"2022-12-17 00:00:00",12646,0,3823,0,21563,187679.13333333333,230983.5
"2022-12-18 00:00:00",8308,0,0,0,90446,184211.1,243861.8
"2022-12-19 00:00:00",4868,6597,0,0,163046,186231.4,245121
"2022-12-20 00:00:00",0,0,0,0,336246,192824.83333333334,235742.96666666667
"2022-12-21 00:00:00",13481,39284,0,1065,0,191246.86666666667,232163.73333333334
"2022-12-22 00:00:00",3502,35748,208,0,351356,198548.4,231840.36666666667
"2022-12-23 00:00:00",6635,0,0,0,34792,195301.33333333334,236064.93333333332
"2022-12-24 00:00:00",0,31775,0,0,279301,202308.16666666666,228821.73333333334
"2022-12-25 00:00:00",1751,0,0,0,0,193895.9,227455.83333333334
"2022-12-26 00:00:00",0,0,0,0,86901,187778.33333333334,223705.03333333333
"2022-12-27 00:00:00",3502,0,735,0,191333,189010.76666666666,236440.73333333334
"2022-12-28 00:00:00",12537,1427,0,0,39819,182880.96666666667,242228.6
"2022-12-29 00:00:00",8386,0,19,0,60413,179904.56666666668,244945.56666666668
"2022-12-30 00:00:00",1830,0,0,0,93854,179995.16666666666,234748.1
"2022-12-31 00:00:00",0,0,0,63,141126,168681.23333333334,235907.33333333334
"2023-01-01 00:00:00",3127,13135,0,0,0,157996.3,227501.13333333333
"2023-01-02 00:00:00",1751,41152,0,0,110210,159387.13333333333,223246.03333333333
"2023-01-03 00:00:00",1751,22639,0,0,429216,173476.03333333333,219983.33333333334
"2023-01-04 00:00:00",5600,36003,542,63,177936,173685.03333333333,218423.86666666667
"2023-01-05 00:00:00",19026,19055,2166,0,55849,172262.4,210908.13333333333
"2023-01-06 00:00:00",23962,0,0,0,131833,172668.83333333334,211242.36666666667
"2023-01-07 00:00:00",0,0,2147,0,91890,169614.86666666667,216419.1
"2023-01-08 00:00:00",0,0,2147,0,0,163585.53333333333,222023.83333333334
"2023-01-09 00:00:00",4920,42115,2147,63,124357,164122.1,220297.56666666668
"2023-01-10 00:00:00",0,0,0,0,299064,163354.3,221935.93333333332
"2023-01-11 00:00:00",0,24718,0,1755,62372,158399.43333333332,224523.7
"2023-01-12 00:00:00",36542,0,0,0,199139,162809,236117.46666666667
"2023-01-13 00:00:00",3176,39894,0,0,76149,155399.63333333333,234708.93333333332
"2023-01-14 00:00:00",0,44737,65,0,0,147948.33333333334,228856.5
"2023-01-15 00:00:00",1751,0,716,0,343823,152903.4,226709.8
"2023-01-16 00:00:00",1751,0,3624,0,0,151814.83333333334,225322.53333333333
"2023-01-17 00:00:00",19238,0,0,0,147276,154073.5,222933.73333333334
"2023-01-18 00:00:00",12864,32361,0,0,218076,157033.2,219410.2
"2023-01-19 00:00:00",6170,33747,0,0,39819,148482.86666666667,216857.43333333332
"2023-01-20 00:00:00",0,22531,542,0,220775,154816.76666666666,212795.03333333333
"2023-01-21 00:00:00",1751,85431,0,0,39819,146022.96666666667,206885.4
"2023-01-22 00:00:00",0,0,360,0,222704,152077.56666666668,198796.96666666667
"2023-01-23 00:00:00",3648,56423,0,0,170766,149402.9,198746.23333333334
"2023-01-24 00:00:00",4072,71878,0,0,73241,154317.56666666668,210376.33333333334
"2023-01-25 00:00:00",12805,42483,0,0,157348,158508.8,212978.33333333334
"2023-01-26 00:00:00",1751,30339,0,0,39683,154382.23333333334,200239.06666666668
"2023-01-27 00:00:00",0,0,0,0,116627,156477.03333333333,200971.66666666666
"2023-01-28 00:00:00",1751,73562,0,0,302186,166766.43333333332,195538.9
"2023-01-29 00:00:00",3648,0,0,0,146335,168576.4,194331.46666666667
"2023-01-30 00:00:00",5668,0,2147,0,172879,169893.26666666666,189095.26666666666
"2023-01-31 00:00:00",16190,82791,0,8270,415442,186774.3,196072.16666666666
"2023-02-01 00:00:00",4721,0,0,0,295007,191661.46666666667,194899.96666666667
"2023-02-02 00:00:00",21011,70500,429,0,56204,181479.36666666667,199741.26666666666
"2023-02-03 00:00:00",1751,76286,200,0,0,176749.13333333333,212272
"2023-02-04 00:00:00",11800,43493,0,0,117613,179309.4,225955.7
"2023-02-05 00:00:00",0,99610,3565,0,622356,198300.63333333333,222941.73333333334
"2023-02-06 00:00:00",12112,0,19,0,229202,203210.46666666667,218834.06666666668
"2023-02-07 00:00:00",21795,0,0,0,486602,220085.46666666667,219901.63333333333
"2023-02-08 00:00:00",7885,0,0,0,21945,215293.03333333333,215120.4
"2023-02-09 00:00:00",0,0,0,0,77270,207899.9,210274.6
"2023-02-10 00:00:00",0,90480,0,0,311248,218329.33333333334,213708.8
"2023-02-11 00:00:00",0,0,1926,0,229079,218173.43333333332,197239.86666666667
"2023-02-12 00:00:00",7247,29368,0,0,446414,230300.46666666667,197499.73333333334
"2023-02-13 00:00:00",0,55645,0,63,30907,231694.23333333334,204562.36666666667
"2023-02-14 00:00:00",391,39329,238,0,322164,232221.93333333332,208070.53333333333
"2023-02-15 00:00:00",12561,14122,951,0,277353,242209.1,206783.43333333332
"2023-02-16 00:00:00",0,0,684,0,278155,245953.26666666666,197785.4
"2023-02-17 00:00:00",7317,46932,4037,0,181284,245162.23333333334,210346.5
"2023-02-18 00:00:00",12731,54211,0,0,132301,249145.8,215695.43333333332
"2023-02-19 00:00:00",23185,67651,0,0,198699,250668.7,216187.23333333334
"2023-02-20 00:00:00",5254,36904,291,0,564905,266680.43333333335,220669.56666666668
"2023-02-21 00:00:00",1751,0,2166,0,301542,269426.9,217674.2
"2023-02-22 00:00:00",6364,68294,19,63,234076,272026.23333333334,219012.66666666666
"2023-02-23 00:00:00",1148,0,580,63,103176,270552.1,213233.5
"2023-02-24 00:00:00",1751,68530,38,0,157115,271045.3333333333,213443.76666666666
"2023-02-25 00:00:00",393,17608,0,0,201675,275975.4,205381.96666666667
"2023-02-26 00:00:00",2227,0,3339,0,308035,282541.23333333334,208057.3
"2023-02-27 00:00:00",0,0,0,0,88377,272903.8,210952.66666666666
"2023-02-28 00:00:00",0,31218,0,0,544788,287104.6,213186.13333333333
"2023-03-01 00:00:00",17816,31033,0,0,102590,286129.43333333335,218535.13333333333
"2023-03-02 00:00:00",31096,48406,19,0,93343,274468.4666666667,218199.36666666667
"2023-03-03 00:00:00",3502,34188,0,0,276770,274959.56666666665,223936.9
"2023-03-04 00:00:00",6632,0,0,0,227055,277811.0333333333,221271.73333333334
"2023-03-05 00:00:00",4085,45320,542,0,213107,283971.56666666665,208536.43333333332
"2023-03-06 00:00:00",9626,23907,0,0,113779,283118.4666666667,204435.9
"2023-03-07 00:00:00",0,66909,0,0,145302,266007.8,209865
"2023-03-08 00:00:00",9818,11265,5912,0,100721,262220.6,206758.73333333334
"2023-03-09 00:00:00",3502,19844,0,0,350811,257745.96666666667,211438.3
"2023-03-10 00:00:00",11074,21842,0,63,104459,261332.9,217267.43333333332
"2023-03-11 00:00:00",9531,43925,220,0,202157,267285.0333333333,213680.43333333332
"2023-03-12 00:00:00",3931,11265,0,0,78111,257004.36666666667,210450.86666666667
"2023-03-13 00:00:00",12977,32743,408,0,193072,257277.53333333333,214133.53333333333
"2023-03-14 00:00:00",0,61981,2450,0,191461,249706.33333333334,214084.03333333333
"2023-03-15 00:00:00",26685,0,542,0,271138,256764.66666666666,218799.76666666666
"2023-03-16 00:00:00",5157,0,0,0,224679,252355.13333333333,214250.8
"2023-03-17 00:00:00",12120,15520,0,0,360719,255134.1,208134.9
"2023-03-18 00:00:00",1751,100231,0,0,161155,254610.73333333334,215558.86666666667
"2023-03-19 00:00:00",0,38345,19,0,286303,257447.3,212798.2
"2023-03-20 00:00:00",8800,4611,5106,0,157133,256660.86666666667,214195.56666666668
"2023-03-21 00:00:00",781,0,0,0,205753,253894.16666666666,220416.63333333333
"2023-03-22 00:00:00",0,27272,0,0,0,234558.1,223185.56666666668
"2023-03-23 00:00:00",30550,51724,0,0,65042,229286.7,225910.66666666666
"2023-03-24 00:00:00",0,27163,3881,78,161677,225419.46666666667,230880.1
"2023-03-25 00:00:00",0,54452,237,0,366925,235974.4,239698.16666666666
"2023-03-26 00:00:00",767,108504,2166,78,146166,236982.7,232395.46666666667
"2023-03-27 00:00:00",5204,52502,0,0,116591,235470.1,232846.5
"2023-03-28 00:00:00",2759,0,0,0,393720,238232.66666666666,221574.63333333333
"2023-03-29 00:00:00",0,52523,0,0,114533,240855.3,235796.73333333334
"2023-03-30 00:00:00",14163,58112,0,0,330512,235081.33333333334,237806.43333333332
"2023-03-31 00:00:00",0,22531,284,0,395340,243971.86666666667,236853.8
"2023-04-01 00:00:00",0,20373,0,0,87568,241807.8,243525.93333333332
"2023-04-02 00:00:00",1371,29906,0,0,45027,233869.23333333334,241401.7
"2023-04-03 00:00:00",1777,32743,0,0,120504,231247.1,247641.63333333333
"2023-04-04 00:00:00",8572,36397,19,0,170199,229651.56666666668,257109.06666666668
"2023-04-05 00:00:00",1260,26159,0,63,335616,236844.4,254014.1
"2023-04-06 00:00:00",10217,11265,0,0,225137,237991.36666666667,261174.8
"2023-04-07 00:00:00",0,19885,20734,0,391762,248146.86666666667,266349.2
"2023-04-08 00:00:00",6900,0,778,0,380822,248624.96666666667,251554.1
"2023-04-09 00:00:00",1751,11265,0,0,159926,249808.43333333332,244273.13333333333
"2023-04-10 00:00:00",5257,32743,475,63,213160,249670.63333333333,246042.4
"2023-04-11 00:00:00",4989,1826,20601,0,368703,259764.33333333334,245556.6
"2023-04-12 00:00:00",8193,26905,0,0,241259,261002.9,247172.83333333334
"2023-04-13 00:00:00",2391,84710,0,63,148624,260332.8,247005.4
"2023-04-14 00:00:00",0,1826,0,0,176231,256322.53333333333,240596.93333333332
"2023-04-15 00:00:00",6634,49657,0,0,176137,256408.96666666667,241856.76666666666
"2023-04-16 00:00:00",3502,0,715,0,181676,249660.1,245398.63333333333
"2023-04-17 00:00:00",0,72982,0,0,129375,247634.06666666668,241568.43333333332
"2023-04-18 00:00:00",4479,0,19,63,237401,244877.2,243406.96666666667
"2023-04-19 00:00:00",7704,0,0,0,103080,242715,238648.66666666666
"2023-04-20 00:00:00",0,49103,0,0,191984,243866.8,234751.73333333334
"2023-04-21 00:00:00",0,99965,0,0,352694,258046.4,232162.4
"2023-04-22 00:00:00",3861,11265,239,0,269104,262618.1666666667,233087.26666666666
"2023-04-23 00:00:00",0,0,0,63,292088,265929.86666666664,230170.73333333334
"2023-04-24 00:00:00",23594,24379,8792,0,217541,261019.6,214870.73333333334
"2023-04-25 00:00:00",0,0,0,0,483091,268533.1666666667,222059.43333333332
"2023-04-26 00:00:00",31339,34780,0,0,188941,271225.3,221371.43333333332
"2023-04-27 00:00:00",0,52374,38,0,202612,266510.1666666667,224918.03333333333
"2023-04-28 00:00:00",10441,54264,0,0,453127,278202.7,217034.36666666667
"2023-04-29 00:00:00",0,34330,0,0,102541,269338.8,211952.03333333333
"2023-04-30 00:00:00",3648,47227,19373,0,371070,270110.9,211173.06666666668
"2023-05-01 00:00:00",256,0,0,0,155025,271688.86666666664,207965.43333333332
"2023-05-02 00:00:00",1751,0,0,0,88932,272168.1666666667,206752.03333333333
"2023-05-03 00:00:00",12018,51945,0,0,134738,273624.1,204236.53333333333
"2023-05-04 00:00:00",13591,9807,0,0,287043,276799.26666666666,202575.5
"2023-05-05 00:00:00",0,52313,200,0,269028,275414.06666666665,199080.13333333333
"2023-05-06 00:00:00",3502,0,0,0,242798,275403.36666666664,186753.33333333334
"2023-05-07 00:00:00",262,20622,4314,0,128695,266120.43333333335,200107.86666666667
"2023-05-08 00:00:00",3502,0,1612,0,284635,262828.7,208061.9
"2023-05-09 00:00:00",5951,43627,0,0,110764,262408.7,216474.33333333334
"2023-05-10 00:00:00",6989,56043,0,0,120124,260123.9,233380.63333333333
"2023-05-11 00:00:00",5570,0,0,0,67515,249356.1,241466.5
"2023-05-12 00:00:00",1751,32678,0,78,193578,247747.1,238232.06666666668
"2023-05-13 00:00:00",0,0,0,0,23933,240685.16666666666,231814.16666666666
"2023-05-14 00:00:00",394,0,0,0,258848,243391.33333333334,229079.7
"2023-05-15 00:00:00",1069,0,0,0,332262,246754.73333333334,231050.13333333333
"2023-05-16 00:00:00",3502,0,200,0,101327,244059.26666666666,232749
"2023-05-17 00:00:00",13150,0,0,0,32176,238824.93333333332,233760.2
"2023-05-18 00:00:00",0,0,0,0,174243,236567.63333333333,232661.3
"2023-05-19 00:00:00",3420,50664,0,0,161888,240073.96666666667,235387.56666666668
"2023-05-20 00:00:00",1751,11265,0,0,221071,239840.63333333333,227773.76666666666
"2023-05-21 00:00:00",1751,0,19,0,165797,230337.53333333333,237914.63333333333
"2023-05-22 00:00:00",2929,55084,0,0,130304,227132.43333333332,235781.13333333333
"2023-05-23 00:00:00",22541,32361,0,0,193565,225676.33333333334,238380.2
"2023-05-24 00:00:00",15359,0,0,0,476877,232940.63333333333,240776.93333333332
"2023-05-25 00:00:00",1751,0,57,0,171394,222611,238971.2
"2023-05-26 00:00:00",0,26968,0,0,23535,215792.4,244430.43333333332
"2023-05-27 00:00:00",0,12594,12382,0,157809,213384.43333333332,242654.8
"2023-05-28 00:00:00",1751,0,0,0,324561,207000.43333333332,234847.33333333334
"2023-05-29 00:00:00",3171,11265,6217,0,200404,209806.66666666666,234334.6
"2023-05-30 00:00:00",3502,0,0,0,42344,196624.23333333334,234160.1
"2023-05-31 00:00:00",14065,0,0,0,383989,204716.66666666666,227448.93333333332
"2023-06-01 00:00:00",1751,0,0,0,227943,209350.36666666667,228286.63333333333
"2023-06-02 00:00:00",13771,84496,0,0,173950,211800.93333333332,226522.9
"2023-06-03 00:00:00",2049,0,0,0,357922,213451.86666666667,234304.4
"2023-06-04 00:00:00",4419,106108,0,0,54972,208250.43333333332,234215.5
"2023-06-05 00:00:00",11894,0,2147,0,85678,203364.43333333332,240436.63333333333
"2023-06-06 00:00:00",0,23025,0,0,111571,202721.2,225388.43333333332
"2023-06-07 00:00:00",1966,0,0,0,407675,206717.6,224461.23333333334
"2023-06-08 00:00:00",5238,0,0,78,190435,207897.93333333332,215731.6
"2023-06-09 00:00:00",760,32743,3082,0,194671,209501.26666666666,198654.53333333333
"2023-06-10 00:00:00",3705,33411,0,78,164148,213776.56666666668,193116.16666666666
"2023-06-11 00:00:00",0,31218,0,0,705776,230740.16666666666,191713.6
"2023-06-12 00:00:00",39486,16595,293,0,551791,250214.6,203434.03333333333
"2023-06-13 00:00:00",2018,0,0,63,57071,243544.93333333332,197701.53333333333
"2023-06-14 00:00:00",8188,49788,0,0,339954,245698.26666666666,198270.76666666666
"2023-06-15 00:00:00",518,7130,0,0,104036,245920.1,199504.43333333332
"2023-06-16 00:00:00",10821,25599,0,0,99571,248942.23333333334,206037.66666666666
"2023-06-17 00:00:00",0,0,0,0,180646,249155.66666666666,207483.83333333334
"2023-06-18 00:00:00",1751,38946,0,0,247064,251548.56666666668,201728.33333333334
"2023-06-19 00:00:00",2704,50701,1071,0,185535,251746.03333333333,206968.9
"2023-06-20 00:00:00",0,0,0,0,214085,253296.63333333333,190719.23333333334
"2023-06-21 00:00:00",2885,33387,0,63,209619,255217.86666666667,200091.06666666668
"2023-06-22 00:00:00",20732,51490,0,0,282070,258745.4,196252.73333333334
"2023-06-23 00:00:00",0,0,0,78,0,242340.13333333333,205144.4
"2023-06-24 00:00:00",12020,0,0,0,169529,242618.36666666667,206136.26666666666
"2023-06-25 00:00:00",0,47185,200,595,126046,246735.8,215366.53333333333
"2023-06-26 00:00:00",4747,11265,0,0,355389,253023,216644.63333333333
"2023-06-27 00:00:00",7923,18513,0,0,295335,252871.66666666666,230924.86666666667
"2023-06-28 00:00:00",8997,22653,0,0,331270,257600.4,228915
"2023-06-29 00:00:00",5263,57556,200,0,47226,259747.06666666668,224336.5
"2023-06-30 00:00:00",9425,32452,0,0,163797,253334.4,229862.16666666666
"2023-07-01 00:00:00",0,0,0,0,93463,248793.36666666667,233440.43333333332
"2023-07-02 00:00:00",0,0,159,0,262657,248479.93333333332,235876.96666666667
"2023-07-03 00:00:00",12414,0,0,0,502824,253655.53333333333,231147.9
"2023-07-04 00:00:00",0,85402,0,0,47037,252553.56666666668,233950.4
"2023-07-05 00:00:00",10706,0,0,0,203157,256358.33333333334,229004.56666666668
"2023-07-06 00:00:00",4927,0,0,0,262504,260786.13333333333,235194
"2023-07-07 00:00:00",0,42367,0,0,95514,251727.5,240403.53333333333
"2023-07-08 00:00:00",0,48699,265,78,283239,256278.5,239595.86666666667
"2023-07-09 00:00:00",12241,52359,0,0,221178,258095.9,242298.73333333334
"2023-07-10 00:00:00",0,0,0,0,415094,265220.9,242897.8
"2023-07-11 00:00:00",30086,0,8357,0,126003,246135.93333333332,245566
"2023-07-12 00:00:00",0,0,0,63,89569,228851.46666666667,245309.86666666667
"2023-07-13 00:00:00",4397,0,19,0,222773,234452.7,253817.93333333332
"2023-07-14 00:00:00",0,0,200,0,357000,233095,258863.83333333334
"2023-07-15 00:00:00",3502,37380,0,0,641003,252101.7,259332.36666666667
"2023-07-16 00:00:00",2387,0,19,0,150015,252649.36666666667,256162.06666666668
"2023-07-17 00:00:00",1751,42185,0,0,194703,254582.53333333333,247871.26666666666
"2023-07-18 00:00:00",19804,51945,5859,0,268197,256517.33333333334,248628.6
"2023-07-19 00:00:00",14790,36224,0,0,297605,260137.6,254274.63333333333
"2023-07-20 00:00:00",0,45938,0,0,294707,264356.26666666666,266059.7
"2023-07-21 00:00:00",1930,62531,0,0,141109,263010.13333333336,257781.4
"2023-07-22 00:00:00",0,0,0,0,310856,261562.2,259423.96666666667
"2023-07-23 00:00:00",896,0,239,0,74883,264093.5333333333,259436.63333333333
"2023-07-24 00:00:00",8904,84560,0,0,37928,262421.6666666667,255336.23333333334
"2023-07-25 00:00:00",1751,0,0,0,147755,261604.3,254644.06666666668
"2023-07-26 00:00:00",7232,0,0,0,420242,263473.4,254145.43333333332
"2023-07-27 00:00:00",2539,34892,0,0,215556,261180.56666666668,246046.4
"2023-07-28 00:00:00",1751,87474,449,0,168584,257691.83333333334,248320.56666666668
"2023-07-29 00:00:00",0,0,0,0,299165,263989.13333333336,259244.46666666667
"2023-07-30 00:00:00",707,0,0,0,66697,259380.13333333333,254656.4
"2023-07-31 00:00:00",6632,0,200,0,161565,261877.93333333332,250688.63333333333
"2023-08-01 00:00:00",593,21414,0,0,482287,269927.23333333334,255414.76666666666
"2023-08-02 00:00:00",6378,0,0,0,289900,262628.56666666665,259726.6
"2023-08-03 00:00:00",10813,0,11732,0,230240,266640.06666666665,258702.56666666668
"2023-08-04 00:00:00",5746,65173,0,0,171858,267603.86666666664,262188.86666666664
"2023-08-05 00:00:00",392,0,0,0,251859,267097.86666666664,257672.83333333334
"2023-08-06 00:00:00",0,48712,3069,0,285912,273758.23333333334,247163.13333333333
"2023-08-07 00:00:00",0,0,0,0,132458,267097.43333333335,254227.7
"2023-08-08 00:00:00",8024,18612,0,78,101203,261835.46666666667,257923.4
"2023-08-09 00:00:00",14887,35510,0,0,323778,260471.53333333333,255816.06666666668
"2023-08-10 00:00:00",5922,0,542,0,442393,269951.9,256346.2
"2023-08-11 00:00:00",11237,52508,200,0,188741,275387.0333333333,253304.03333333333
"2023-08-12 00:00:00",3502,33270,0,0,49951,270704.8333333333,250196.3
"2023-08-13 00:00:00",0,81119,0,0,365320,273679.4666666667,252092.5
"2023-08-14 00:00:00",0,0,542,0,337830,262229.0333333333,253714.23333333334
"2023-08-15 00:00:00",6319,23270,0,0,214389,265280.93333333335,248972.1
"2023-08-16 00:00:00",3898,0,19,0,181834,263517.93333333335,249353.56666666668
"2023-08-17 00:00:00",1751,50587,230,0,50470,255425.73333333334,249142.8
"2023-08-18 00:00:00",4744,37301,0,0,139756,249865.1,256366
"2023-08-19 00:00:00",1751,0,0,0,87363,241480.73333333334,254170.36666666667
"2023-08-20 00:00:00",12518,52502,5102,0,467547,252550.73333333334,256791.5
"2023-08-21 00:00:00",3502,0,0,0,550835,260666.76666666666,265464.93333333335
"2023-08-22 00:00:00",0,86705,542,0,197245,267615.9666666667,254410
"2023-08-23 00:00:00",15235,0,0,0,203343,270522.1666666667,260327.86666666667
"2023-08-24 00:00:00",0,0,0,0,289256,275180.5,255147.36666666667
"2023-08-25 00:00:00",777,20940,0,0,113621,265442.6,260037.5
"2023-08-26 00:00:00",0,19201,409,0,171540,263381.36666666664,253902.66666666666
"2023-08-27 00:00:00",0,52420,2386,0,56949,258498,263028.06666666665
"2023-08-28 00:00:00",1751,11265,3504,0,207194,255982.96666666667,258263.86666666667
"2023-08-29 00:00:00",1966,39436,284,0,103923,258589.8,258161.23333333334
"2023-08-30 00:00:00",41444,0,0,0,262680,263114.06666666665,260314.1
"2023-08-31 00:00:00",0,0,200,0,261903,255041,260711.76666666666
"2023-09-01 00:00:00",0,19972,0,0,320317,256508,265363.4666666667
"2023-09-02 00:00:00",1756,0,0,0,78725,250764.53333333333,265901.1666666667
"2023-09-03 00:00:00",7373,44988,0,0,182487,250500.23333333334,268242.4666666667
"2023-09-04 00:00:00",0,84901,0,0,319023,255556.03333333333,270286.1666666667
"2023-09-05 00:00:00",7271,0,742,0,274983,253732.8,271530.43333333335
"2023-09-06 00:00:00",11478,0,0,0,245890,257896.46666666667,276863.73333333334
"2023-09-07 00:00:00",3502,0,26645,0,75447,257152.33333333334,272747.6666666667
"2023-09-08 00:00:00",1751,53141,0,0,387964,259441.66666666666,268217.4
"2023-09-09 00:00:00",4671,33488,0,0,352807,257512,263184.7
"2023-09-10 00:00:00",1751,0,200,0,23978,249953.43333333332,261067.46666666667
"2023-09-11 00:00:00",0,11265,0,78,226360,254986.1,259786.76666666666
"2023-09-12 00:00:00",13175,14030,0,0,94118,244148.9,254128.53333333333
"2023-09-13 00:00:00",8983,0,2689,0,299206,243232.5,249991.46666666667
"2023-09-14 00:00:00",9420,26454,0,63,334673,247453.56666666668,251009.56666666668
"2023-09-15 00:00:00",0,49086,742,0,316130,253460.46666666667,256819.63333333333
"2023-09-16 00:00:00",0,35444,0,0,87275,254116.5,257548.5
"2023-09-17 00:00:00",702,34318,0,0,343009,260657.43333333332,246243.5
"2023-09-18 00:00:00",4287,0,0,0,84645,260651.36666666667,246097.26666666666
"2023-09-19 00:00:00",2441,70381,200,63,0,245165.2,244921.06666666668
"2023-09-20 00:00:00",0,12646,0,0,116238,230983.43333333332,237301.3
"2023-09-21 00:00:00",0,0,0,0,438273,236109.4,240895.3
"2023-09-22 00:00:00",1751,0,2147,0,279121,238257.4,235104.03333333333
"2023-09-23 00:00:00",1870,0,219,0,203968,235484.1,235157.9
"2023-09-24 00:00:00",14270,25103,0,0,191477,238667.9,231654.36666666667
"2023-09-25 00:00:00",8410,19073,0,0,135317,237722.9,240212.1
"2023-09-26 00:00:00",5208,0,9,0,423669,248293.86666666667,237294.96666666667
"2023-09-27 00:00:00",23476,33228,119,0,196559,249282.86666666667,236110.4
"2023-09-28 00:00:00",9161,0,0,0,209047,251702.83333333334,243363.26666666666
"2023-09-29 00:00:00",760,0,19,0,233465,249373.46666666667,241891.06666666668
"2023-09-30 00:00:00",0,0,0,0,212364,247715.5,243794.8
"2023-10-01 00:00:00",0,26370,0,78,0,237254.13333333333,233965.3
"2023-10-02 00:00:00",9307,53550,0,0,327289,247576.3,238260.46666666667
"2023-10-03 00:00:00",1751,0,0,0,300883,249835.83333333334,237220.86666666667
"2023-10-04 00:00:00",14923,16745,0,0,559689,256083.56666666668,234576.63333333333
"2023-10-05 00:00:00",6888,0,0,0,149039,251847.93333333332,232427.23333333334
"2023-10-06 00:00:00",1751,62788,0,0,49095,247056.8,229475.76666666666
"2023-10-07 00:00:00",0,0,3239,0,49455,245293.46666666667,227693.23333333334
"2023-10-08 00:00:00",0,50233,0,0,296373,242085.16666666666,237587.1
"2023-10-09 00:00:00",9508,0,119,0,306443,239588.63333333333,242803.76666666666
"2023-10-10 00:00:00",11837,14464,0,78,164318,245080.96666666667,239450.16666666666
"2023-10-11 00:00:00",0,28178,542,78,283159,247556.1,245877.23333333334
"2023-10-12 00:00:00",10615,33342,1104,0,279034,254315.2,253781.8
"2023-10-13 00:00:00",7921,0,0,0,223891,251679.63333333333,255944.7
"2023-10-14 00:00:00",0,0,0,0,309476,249641.83333333334,262728.1666666667
"2023-10-15 00:00:00",4368,0,119,0,205566,244445,259152.26666666666
"2023-10-16 00:00:00",3712,44320,0,78,116457,245839.96666666667,261993.33333333334
"2023-10-17 00:00:00",907,22623,0,530,141804,238767.83333333334,261517.96666666667
"2023-10-18 00:00:00",5263,22526,3714,4515,151759,242062.7,254269.03333333333
"2023-10-19 00:00:00",10430,38980,120,0,209162,248249.6,253726.9
"2023-10-20 00:00:00",0,0,0,0,182310,250030.46666666667,253473.9
"2023-10-21 00:00:00",2287,42354,0,0,174297,242719.3,253824.43333333332
"2023-10-22 00:00:00",5263,0,542,0,243964,241610.96666666667,262200.7
"2023-10-23 00:00:00",7854,22531,0,0,283224,245196.03333333333,254302.4
"2023-10-24 00:00:00",0,50578,0,0,48886,240816.46666666667,255184.23333333334
"2023-10-25 00:00:00",0,82545,0,0,24217,238948.56666666668,247289.13333333333
"2023-10-26 00:00:00",1751,0,0,0,153080,229813.4,244372.8
"2023-10-27 00:00:00",0,0,0,0,114132,225171.66666666666,243925.73333333334
"2023-10-28 00:00:00",0,30255,0,0,56204,220780.03333333333,243521.73333333334
"2023-10-29 00:00:00",16035,0,935,0,0,213537.6,241459.13333333333
"2023-10-30 00:00:00",1751,54412,0,0,86898,211227.53333333333,230006
"2023-10-31 00:00:00",2008,0,19,0,102187,213819.73333333334,235779.33333333334
"2023-11-01 00:00:00",5890,45624,0,0,42170,203937.66666666666,232477.76666666666
"2023-11-02 00:00:00",0,0,0,0,211169,200888.83333333334,225750.2
"2023-11-03 00:00:00",1751,79777,0,0,72915,186325.06666666668,221709.53333333333
"2023-11-04 00:00:00",1751,0,0,0,57772,183111.6,225481.7
"2023-11-05 00:00:00",5644,34995,2147,0,0,180750,218139.03333333333
"2023-11-06 00:00:00",5178,22531,0,0,146577,184803.06666666668,216630.16666666666
"2023-11-07 00:00:00",0,0,0,0,37928,174513.76666666666,211943.4
"2023-11-08 00:00:00",5268,30913,3143,577,98095,168578,216540
"2023-11-09 00:00:00",0,28591,120,0,99729,166502.7,216325.36666666667
"2023-11-10 00:00:00",6632,11265,0,0,21563,157419.5,213148.7
"2023-11-11 00:00:00",5263,0,542,0,73231,149250.83333333334,203151.26666666666
"2023-11-12 00:00:00",0,80827,0,0,0,144217.96666666667,207095.66666666666
"2023-11-13 00:00:00",0,11265,0,0,290848,143972.53333333333,193767.86666666667
"2023-11-14 00:00:00",0,0,200,799,118802,140964.13333333333,191109.2
"2023-11-15 00:00:00",4616,7361,542,0,95832,139090.23333333334,189644.1
"2023-11-16 00:00:00",23378,32812,2392,0,183187,141620.46666666667,189239.8
"2023-11-17 00:00:00",0,0,0,0,101838,138755.8,200207.83333333334
"2023-11-18 00:00:00",1751,20993,0,0,80184,133563.66666666666,201269.96666666667
"2023-11-19 00:00:00",1751,0,0,0,157259,132787,197578.4
"2023-11-20 00:00:00",1751,11265,0,0,39819,127250.23333333334,194264.96666666667
"2023-11-21 00:00:00",947,40115,0,0,136866,124855.56666666667,186041.06666666668
"2023-11-22 00:00:00",5030,0,0,0,0,114569.6,188974.6
"2023-11-23 00:00:00",5310,104938,0,0,423010,129029.4,186567.66666666666
"2023-11-24 00:00:00",3306,0,0,0,91349,128625.8,186292
"2023-11-25 00:00:00",0,62470,200,0,96555,128772.3,186066.4
"2023-11-26 00:00:00",0,0,0,0,144211,129774.93333333333,190405.3
"2023-11-27 00:00:00",0,11265,19,0,18077,127871.7,184610.86666666667
"2023-11-28 00:00:00",1751,0,0,0,93073,130466.8,188299.86666666667
"2023-11-29 00:00:00",4539,0,0,0,8930,126147.03333333334,189415.86666666667
"2023-11-30 00:00:00",6632,1826,19815,0,291275,133324.83333333334,176748.53333333333
"2023-12-01 00:00:00",3815,39991,0,0,230574,139348.03333333333,186407.76666666666
"2023-12-02 00:00:00",15625,0,0,0,319383,143476,194929.36666666667
"2023-12-03 00:00:00",0,0,0,0,0,138327.86666666667,195808.06666666668
"2023-12-04 00:00:00",1631,72955,200,0,21563,139555.43333333332,191287.76666666666
"2023-12-05 00:00:00",0,41973,0,0,150772,144554.06666666668,194270.16666666666
"2023-12-06 00:00:00",5519,0,0,0,1958,138993.73333333334,197289.3
"2023-12-07 00:00:00",0,33123,18703,0,5466,139639.23333333334,194252.56666666668
"2023-12-08 00:00:00",0,23112,3082,0,114024,139713.23333333334,186901.53333333333
"2023-12-09 00:00:00",1751,0,0,0,0,135490.26666666666,190002.2
"2023-12-10 00:00:00",5447,0,0,0,273186,143462.66666666666,185572.5
"2023-12-11 00:00:00",0,0,0,0,86945,143726.3,190629.96666666667
"2023-12-12 00:00:00",0,0,1412,0,291579,150798.46666666667,187953.06666666668
"2023-12-13 00:00:00",6170,47830,200,0,137198,147108,190840.06666666668
"2023-12-14 00:00:00",6632,51339,17925,0,285194,155151,198544.2
"2023-12-15 00:00:00",15750,0,408,0,0,152077.9,200716.36666666667
"2023-12-16 00:00:00",0,11265,4985,0,185553,150745.63333333333,201206.06666666668
"2023-12-17 00:00:00",0,11265,0,0,41858,149121.8,187679.13333333333
"2023-12-18 00:00:00",5182,0,0,0,98179,149136.23333333334,184211.1
"2023-12-19 00:00:00",1751,0,0,0,65997,146094.16666666666,186231.4
"2023-12-20 00:00:00",9307,51530,240,0,97074,149604.76666666666,192824.83333333334
"2023-12-21 00:00:00",0,31218,0,0,60662,146736.5,191246.86666666667
"2023-12-22 00:00:00",15958,45642,0,0,174504,154439,198548.4
"2023-12-23 00:00:00",0,0,0,0,318511,147280.73333333334,195301.33333333334
"2023-12-24 00:00:00",1751,11265,0,0,75385,147072.26666666666,202308.16666666666
"2023-12-25 00:00:00",0,0,8305,0,168265,147650.4,193895.9
"2023-12-26 00:00:00",0,1826,2147,0,186004,149175.96666666667,187778.33333333334
"2023-12-27 00:00:00",26163,72678,0,0,123133,155596.36666666667,189010.76666666666
"2023-12-28 00:00:00",10453,0,542,0,222838,160230,182880.96666666667
"2023-12-29 00:00:00",2537,11265,0,0,85458,163089.7,179904.56666666668
"2023-12-30 00:00:00",0,11956,0,0,197873,159432.4,179995.16666666666
"2023-12-31 00:00:00",1476,0,5027,0,189484,156819.33333333334,168681.23333333334
"2024-01-01 00:00:00",20548,0,0,63,164875,151835.26666666666,157996.3
"2024-01-02 00:00:00",12042,0,10599,0,161734,157981.1,159387.13333333333
"2024-01-03 00:00:00",1751,0,542,0,362095,166915.7,173476.03333333333
"2024-01-04 00:00:00",2706,11265,0,0,50898,162653.16666666666,173685.03333333333
"2024-01-05 00:00:00",7385,31710,0,0,341246,175082,172262.4
"2024-01-06 00:00:00",0,33343,0,0,15705,174807.16666666666,172668.83333333334
"2024-01-07 00:00:00",1751,117181,0,0,96555,177316.13333333333,169614.86666666667
"2024-01-08 00:00:00",16525,0,1891,0,37928,179135.9,163585.53333333333
"2024-01-09 00:00:00",4419,54320,0,0,245374,179985.23333333334,164122.1
"2024-01-10 00:00:00",1751,0,2366,0,0,177224.3,163354.3
"2024-01-11 00:00:00",4015,20200,0,0,215552,175450.13333333333,158399.43333333332
"2024-01-12 00:00:00",0,0,0,0,134246,173545.03333333333,162809
"2024-01-13 00:00:00",0,0,0,0,263127,170279.56666666668,155399.63333333333
"2024-01-14 00:00:00",0,36037,200,0,160774,176307.96666666667,147948.33333333334
"2024-01-15 00:00:00",0,52047,0,0,238083,179252.2,152903.4
"2024-01-16 00:00:00",5362,0,0,0,155586,182846.36666666667,151814.83333333334
"2024-01-17 00:00:00",0,0,0,0,91436,182448.86666666667,154073.5
"2024-01-18 00:00:00",5254,50892,0,0,0,182062.13333333333,157033.2
"2024-01-19 00:00:00",264,0,3882,0,105865,180457.4,148482.86666666667
"2024-01-20 00:00:00",3037,0,0,63,426833,191725.8,154816.76666666666
"2024-01-21 00:00:00",8596,40045,9436,78,172327,191538.43333333332,146022.96666666667
"2024-01-22 00:00:00",8626,34291,0,0,111681,186074.66666666666,152077.56666666668
"2024-01-23 00:00:00",0,0,19,0,419514,197112.4,149402.9
"2024-01-24 00:00:00",885,10031,0,0,296047,201458.83333333334,154317.56666666668
"2024-01-25 00:00:00",1371,0,200,0,305409,205358.93333333332,158508.8
"2024-01-26 00:00:00",1910,42906,2147,0,155924,204722.76666666666,154382.23333333334
"2024-01-27 00:00:00",12144,11265,0,0,155046,202876.83333333334,156477.03333333333
"2024-01-28 00:00:00",1751,10113,6753,0,176068,206057.7,166766.43333333332
"2024-01-29 00:00:00",24704,80446,0,0,77822,205162.46666666667,168576.4
"2024-01-30 00:00:00",7883,39895,1315,0,354193,212072.43333333332,169893.26666666666
"2024-01-31 00:00:00",0,22531,19,0,217465,213890.1,186774.3
"2024-02-01 00:00:00",0,0,0,0,234057,215546.16666666666,191661.46666666667
"2024-02-02 00:00:00",0,0,0,0,0,203399.9,181479.36666666667
"2024-02-03 00:00:00",3285,0,3082,0,210110,208453.53333333333,176749.13333333333
"2024-02-04 00:00:00",1751,31349,200,0,79592,199538.56666666668,179309.4
"2024-02-05 00:00:00",1751,11265,0,0,223704,205794.3,198300.63333333333
"2024-02-06 00:00:00",13665,0,0,0,0,199066.9,203210.46666666667
"2024-02-07 00:00:00",7891,49623,640,0,61529,201178.23333333334,220085.46666666667
"2024-02-08 00:00:00",4023,35917,0,0,81875,195101.66666666666,215293.03333333333
"2024-02-09 00:00:00",0,1826,0,0,0,195025.3,207899.9
"2024-02-10 00:00:00",3502,51899,0,0,39819,190207.06666666668,218329.33333333334
"2024-02-11 00:00:00",1751,0,0,0,56204,187664.03333333333,218173.43333333332
"2024-02-12 00:00:00",0,0,1664,0,5209,179122.23333333334,230300.46666666667
"2024-02-13 00:00:00",7891,31530,0,0,266231,182743.63333333333,231694.23333333334
"2024-02-14 00:00:00",15682,30253,284,0,88306,177556.8,232221.93333333332
"2024-02-15 00:00:00",0,52907,0,0,470308,189632.4,242209.1
"2024-02-16 00:00:00",1751,50678,200,0,91895,191402.03333333333,245953.26666666666
"2024-02-17 00:00:00",1751,11265,0,0,100097,193300.93333333332,245162.23333333334
"2024-02-18 00:00:00",19074,0,0,0,133598,194722.96666666667,249145.8
"2024-02-19 00:00:00",0,81665,200,0,50770,184813.03333333333,250668.7
"2024-02-20 00:00:00",0,43823,0,0,79639,181245.63333333333,266680.43333333335
"2024-02-21 00:00:00",12099,0,0,0,0,176495.66666666666,269426.9
"2024-02-22 00:00:00",32329,1826,0,0,4723,163807.16666666666,272026.23333333334
"2024-02-23 00:00:00",5795,0,0,0,203528,160552.5,270552.1
"2024-02-24 00:00:00",0,42248,200,0,221279,159110.76666666666,271045.3333333333
"2024-02-25 00:00:00",1751,11265,0,0,114053,156583.43333333332,275975.4
"2024-02-26 00:00:00",0,74594,0,0,85457,155970,282541.23333333334
"2024-02-27 00:00:00",11344,0,0,78,177319,155771.86666666667,272903.8
"2024-02-28 00:00:00",0,11265,6312,0,61383,152304.8,287104.6
"2024-02-29 00:00:00",8675,0,0,0,67292,141394.13333333333,286129.43333333335
"2024-03-01 00:00:00",3340,0,0,0,155547,138689.83333333334,274468.4666666667
"2024-03-02 00:00:00",0,31530,0,0,0,131938.93333333332,274959.56666666665
"2024-03-03 00:00:00",263,33513,47508,0,192747,141073.33333333334,277811.0333333333
"2024-03-04 00:00:00",25502,0,209,0,152605,139801.3,283971.56666666665
"2024-03-05 00:00:00",1751,46844,1446,0,276425,146920.4,283118.4666666667
"2024-03-06 00:00:00",0,0,2147,0,129987,143434.23333333334,266007.8
"2024-03-07 00:00:00",8544,0,542,0,399158,156586.86666666667,262220.6
"2024-03-08 00:00:00",0,52803,0,0,216802,161584.3,257745.96666666667
"2024-03-09 00:00:00",1751,0,0,0,149329,162559.76666666666,261332.9
"2024-03-10 00:00:00",8079,50378,9,0,61383,166493.86666666667,267285.0333333333
"2024-03-11 00:00:00",932,18507,0,0,107684,167557.3,257004.36666666667
"2024-03-12 00:00:00",1481,0,4649,0,253257,174271.7,257277.53333333333
"2024-03-13 00:00:00",519,0,38,0,141942,178792.56666666668,249706.33333333334
"2024-03-14 00:00:00",17139,38310,1055,0,636301,191697.66666666666,256764.66666666666
"2024-03-15 00:00:00",0,0,0,78,89203,190189.5,252355.13333333333
"2024-03-16 00:00:00",0,0,19,78,253022,181186.26666666666,255134.1
"2024-03-17 00:00:00",0,63398,76,0,204321,185295.3,254610.73333333334
"2024-03-18 00:00:00",1751,52502,19,0,93283,186443.36666666667,257447.3
"2024-03-19 00:00:00",0,0,19,0,129602,185675,256660.86666666667
"2024-03-20 00:00:00",0,16728,0,0,44459,183293.4,253894.16666666666
"2024-03-21 00:00:00",8341,29916,0,0,342941,191884.63333333333,234558.1
"2024-03-22 00:00:00",0,0,200,0,186423,197702.1,229286.7
"2024-03-23 00:00:00",0,0,542,0,505436,213272.1,225419.46666666667
"2024-03-24 00:00:00",42140,0,0,0,90190,210705.66666666666,235974.4
"2024-03-25 00:00:00",11434,583,1140,0,117101,206256.73333333334,236982.7
"2024-03-26 00:00:00",1751,104156,0,0,39713,206875.13333333333,235470.1
"2024-03-27 00:00:00",0,52865,0,78,258756,211930.03333333333,238232.66666666666
"2024-03-28 00:00:00",19043,31943,0,0,334709,218495.13333333333,240855.3
"2024-03-29 00:00:00",20535,1826,19,0,85097,219445.7,235081.33333333334
"2024-03-30 00:00:00",1751,24682,0,0,252537,226212.53333333333,243971.86666666667
"2024-03-31 00:00:00",0,20890,0,0,278265,230888.16666666666,241807.8
"2024-04-01 00:00:00",1751,0,0,0,241259,237937.5,233869.23333333334
"2024-04-02 00:00:00",10968,92774,849,0,408152,245894.63333333333,231247.1
"2024-04-03 00:00:00",0,26798,0,78,258430,249460.96666666667,229651.56666666668
"2024-04-04 00:00:00",20222,38412,0,0,469033,256167.66666666666,236844.4
"2024-04-05 00:00:00",1751,0,0,0,347560,263406.86666666664,237991.36666666667
"2024-04-06 00:00:00",3456,0,2147,0,150773,255011.3,248146.86666666667
"2024-04-07 00:00:00",0,0,19,0,110283,249701.13333333333,248624.96666666667
"2024-04-08 00:00:00",8492,0,479,0,62806,247057.7,249808.43333333332
"2024-04-09 00:00:00",1751,114144,0,0,180224,252933.43333333332,249670.63333333333
"2024-04-10 00:00:00",0,0,0,0,408439,262310.63333333336,259764.33333333334
"2024-04-11 00:00:00",14546,0,0,0,335840,265343.9666666667,261002.9
"2024-04-12 00:00:00",2275,28773,0,0,67131,263866.6666666667,260332.8
"2024-04-13 00:00:00",2942,83176,0,0,202305,250387.23333333334,256322.53333333333
"2024-04-14 00:00:00",0,57889,0,0,136117,253878.1,256408.96666666667
"2024-04-15 00:00:00",0,0,0,0,201153,252145.9,249660.1
"2024-04-16 00:00:00",5400,0,827,0,114571,247245.96666666667,247634.06666666668
"2024-04-17 00:00:00",0,137470,0,0,202506,253660,244877.2
"2024-04-18 00:00:00",1751,31218,0,0,289272,260080.7,242715
"2024-04-19 00:00:00",0,0,0,0,362146,270112.6666666667,243866.8
"2024-04-20 00:00:00",0,48733,0,0,269839,268025.13333333336,258046.4
"2024-04-21 00:00:00",1751,87354,0,78,216096,271980.4,262618.1666666667
"2024-04-22 00:00:00",0,107528,236,0,255504,267223.4,265929.86666666664
"2024-04-23 00:00:00",3530,47978,0,63,209570,271517.13333333336,261019.6
"2024-04-24 00:00:00",24032,0,0,0,145379,272822.13333333336,268533.1666666667
"2024-04-25 00:00:00",1751,40257,983,0,112496,273151.0333333333,271225.3
"2024-04-26 00:00:00",0,0,19,78,308014,273031.43333333335,266510.1666666667
"2024-04-27 00:00:00",538,0,0,0,164786,265685.73333333334,278202.7
"2024-04-28 00:00:00",0,50935,0,0,311285,274177.2,269338.8
"2024-04-29 00:00:00",1573,0,21369,0,144945,270474.4,270110.9
"2024-04-30 00:00:00",0,57230,561,0,185708,268619.2,271688.86666666664
"2024-05-01 00:00:00",2961,0,0,0,93895,263747.4,272168.1666666667
"2024-05-02 00:00:00",1311,52187,0,78,292289,258184.73333333334,273624.1
"2024-05-03 00:00:00",0,41868,0,0,342745,261494.96666666667,276799.26666666666
"2024-05-04 00:00:00",0,0,0,0,127355,248151.23333333334,275414.06666666665
"2024-05-05 00:00:00",0,0,0,0,237027,244408.43333333332,275403.36666666664
"2024-05-06 00:00:00",6127,0,0,0,261071,248102.46666666667,266120.43333333335
"2024-05-07 00:00:00",3330,0,0,0,388374,257482.53333333333,262828.7
"2024-05-08 00:00:00",1751,71513,0,0,93046,260633.63333333333,262408.7
"2024-05-09 00:00:00",257,6627,0,0,221967,258391.3,260123.9
"2024-05-10 00:00:00",0,0,284,78,285138,254293.33333333334,249356.1
"2024-05-11 00:00:00",1751,73751,19,0,100395,248477.63333333333,247747.1
"2024-05-12 00:00:00",942,0,0,0,267168,254141.96666666667,240685.16666666666
"2024-05-13 00:00:00",10321,35327,0,63,213471,253167.3,243391.33333333334
"2024-05-14 00:00:00",5583,0,0,0,240337,254897.73333333334,246754.73333333334
"2024-05-15 00:00:00",18613,0,10036,0,308102,259417.7,244059.26666666666
"2024-05-16 00:00:00",0,49315,0,0,181690,263091.3,238824.93333333332
"2024-05-17 00:00:00",1751,0,0,0,373383,264263.23333333334,236567.63333333333
"2024-05-18 00:00:00",12042,0,0,0,45669,255445.53333333333,240073.96666666667
"2024-05-19 00:00:00",0,0,0,0,126128,247578.26666666666,239840.63333333333
"2024-05-20 00:00:00",528,38678,0,0,357316,250176.56666666668,230337.53333333333
"2024-05-21 00:00:00",9302,32743,542,0,170813,247113.86666666667,227132.43333333332
"2024-05-22 00:00:00",1751,0,0,0,149159,240035.26666666666,225676.33333333334
"2024-05-23 00:00:00",382,0,219,0,170693,237040.33333333334,232940.63333333333
"2024-05-24 00:00:00",465,93577,10484,0,491926,251275.03333333333,222611
"2024-05-25 00:00:00",1751,0,0,0,95979,249349.76666666666,215792.4
"2024-05-26 00:00:00",12626,48786,19,0,183015,247227.6,213384.43333333332
"2024-05-27 00:00:00",1751,0,0,3514,199001,248525.66666666666,207000.43333333332
"2024-05-28 00:00:00",9693,0,0,0,180840,242802.73333333334,209806.66666666666
"2024-05-29 00:00:00",1751,50187,200,0,251771,247336.8,196624.23333333334
"2024-05-30 00:00:00",0,56024,19,1537,220378,248485.4,204716.66666666666
"2024-05-31 00:00:00",0,48049,0,0,693223,269965.93333333335,209350.36666666667
"2024-06-01 00:00:00",5080,0,3224,0,513021,275814.6,211800.93333333332
"2024-06-02 00:00:00",4419,0,0,0,200043,269809.56666666665,213451.86666666667
"2024-06-03 00:00:00",4207,15087,0,0,628404,287154.36666666664,208250.43333333332
"2024-06-04 00:00:00",1751,0,0,91,211669,286370.5,203364.43333333332
"2024-06-05 00:00:00",21685,152313,0,0,39819,284591.13333333336,202721.2
"2024-06-06 00:00:00",0,29491,0,0,223532,279968.43333333335,206717.6
"2024-06-07 00:00:00",12748,41667,0,0,42655,277660.43333333335,207897.93333333332
"2024-06-08 00:00:00",9175,0,1245,0,170122,276050.2,209501.26666666666
"2024-06-09 00:00:00",0,32743,0,510,241582,275694.7,213776.56666666668
"2024-06-10 00:00:00",5725,2207,0,0,366942,282326.63333333336,230740.16666666666
"2024-06-11 00:00:00",0,32924,2147,3333,274536,283821,250214.6
"2024-06-12 00:00:00",12027,0,0,0,206824,282476.6,243544.93333333332
"2024-06-13 00:00:00",0,0,542,0,309321,284608.0333333333,245698.26666666666
"2024-06-14 00:00:00",0,23713,542,0,109465,277840.3,245920.1
"2024-06-15 00:00:00",4824,79389,0,0,39571,274266.23333333334,248942.23333333334
"2024-06-16 00:00:00",0,52502,119,0,124220,267656.5333333333,249155.66666666666
"2024-06-17 00:00:00",12354,0,0,0,137341,270722.6666666667,251548.56666666668
"2024-06-18 00:00:00",2633,21953,0,0,284498,276821.2,251746.03333333333
"2024-06-19 00:00:00",16827,0,0,0,248632,272452.43333333335,253296.63333333333
"2024-06-20 00:00:00",0,37840,0,0,48993,268233.56666666665,255217.86666666667
"2024-06-21 00:00:00",0,90133,0,0,53156,267979.5333333333,258745.4
"2024-06-22 00:00:00",0,9653,0,4129,197172,269301.5333333333,242340.13333333333
"2024-06-23 00:00:00",1751,11265,0,91,231079,257559.33333333334,242618.36666666667
"2024-06-24 00:00:00",38549,43680,0,0,292989,266808.93333333335,246735.8
"2024-06-25 00:00:00",5898,0,0,0,465427,274371.56666666665,253023
"2024-06-26 00:00:00",3211,32998,6926,0,132584,273420.0333333333,252871.66666666666
"2024-06-27 00:00:00",1751,0,120,0,144690,271954.3,257600.4
"2024-06-28 00:00:00",0,34613,0,0,171366,268689.93333333335,259747.06666666668
"2024-06-29 00:00:00",19523,0,0,0,263216,268849.3,253334.4
"2024-06-30 00:00:00",6513,68410,0,0,140469,251319.96666666667,248793.36666666667
"2024-07-01 00:00:00",3900,36016,0,78,296687,245165.16666666666,248479.93333333332
"2024-07-02 00:00:00",0,37731,28627,0,611299,260938.3,253655.53333333333
"2024-07-03 00:00:00",2529,0,0,0,56777,241325.2,252553.56666666668
"2024-07-04 00:00:00",1751,2751,542,0,152268,239451.9,256358.33333333334
"2024-07-05 00:00:00",9529,14923,200,0,227619,240733.7,260786.13333333333
"2024-07-06 00:00:00",0,0,2147,0,255456,240886.4,251727.5
"2024-07-07 00:00:00",2009,20526,0,595,419993,252421.53333333333,256278.5
"2024-07-08 00:00:00",0,51371,542,78,321061,258838.46666666667,258095.9
"2024-07-09 00:00:00",0,33237,0,0,77814,253379,265220.9
"2024-07-10 00:00:00",12437,0,0,63,119203,245273.3,246135.93333333332
"2024-07-11 00:00:00",3897,35369,0,0,290411,245831.2,228851.46666666667
"2024-07-12 00:00:00",3339,22537,0,0,19565,240050.86666666667,234452.7
"2024-07-13 00:00:00",16228,0,0,0,230490,237946.03333333333,233095
"2024-07-14 00:00:00",8421,16212,0,0,183780,240435.8,252101.7
"2024-07-15 00:00:00",1751,57986,2147,0,96955,241604.33333333334,252649.36666666667
"2024-07-16 00:00:00",1751,0,19,0,391454,248817.03333333333,254582.53333333333
"2024-07-17 00:00:00",6152,0,14083,0,142999,249268.33333333334,256517.33333333334
"2024-07-18 00:00:00",10276,4037,3075,0,560135,258216.33333333334,260137.6
"2024-07-19 00:00:00",3803,12833,19,0,255970,258455.2,264356.26666666666
"2024-07-20 00:00:00",1751,45928,0,0,257592,265736.4666666667,263010.13333333336
"2024-07-21 00:00:00",4462,32037,0,0,215149,269348.4666666667,261562.2
"2024-07-22 00:00:00",9012,0,0,0,242288,270693.3333333333,264093.5333333333
"2024-07-23 00:00:00",7884,0,0,0,33566,263935.4666666667,262421.6666666667
"2024-07-24 00:00:00",4076,0,0,0,186020,257764.73333333334,261604.3
"2024-07-25 00:00:00",1379,58521,120,0,182149,250126.2,263473.4
"2024-07-26 00:00:00",0,0,0,0,110518,247952.8,261180.56666666668
"2024-07-27 00:00:00",10030,30611,0,0,251004,252788.93333333332,257691.83333333334
"2024-07-28 00:00:00",0,36406,0,0,288536,256754.4,263989.13333333336
"2024-07-29 00:00:00",4774,0,0,0,0,247488.9,259380.13333333333
"2024-07-30 00:00:00",10391,0,4995,0,306407,251035.66666666666,261877.93333333332
"2024-07-31 00:00:00",380,0,0,0,27494,240742.06666666668,269927.23333333334
"2024-08-01 00:00:00",5254,37348,0,0,241186,227613.1,262628.56666666665
"2024-08-02 00:00:00",0,16135,19,0,302391,236254.4,266640.06666666665
"2024-08-03 00:00:00",8955,0,0,0,127511,235559.53333333333,267603.86666666664
"2024-08-04 00:00:00",0,38069,0,0,67105,230656.33333333334,267097.86666666664
"2024-08-05 00:00:00",0,50715,2147,0,348444,235446.43333333332,273758.23333333334
"2024-08-06 00:00:00",0,18168,0,0,232527,229032.13333333333,267097.43333333335
"2024-08-07 00:00:00",7629,1826,0,0,266911,225809.26666666666,261835.46666666667
"2024-08-08 00:00:00",377,67754,0,0,98591,227664.96666666667,260471.53333333333
"2024-08-09 00:00:00",10618,0,200,0,249125,231939.66666666666,269951.9
"2024-08-10 00:00:00",4451,54255,2973,0,328930,233970.73333333334,275387.0333333333
"2024-08-11 00:00:00",0,0,4111,0,176397,238472.96666666667,270704.8333333333
"2024-08-12 00:00:00",10375,0,2147,371,75467,233194.43333333332,273679.4666666667
"2024-08-13 00:00:00",1751,0,0,0,258566,234924.56666666668,262229.0333333333
"2024-08-14 00:00:00",0,0,219,0,236371,237516.23333333334,265280.93333333335
"2024-08-15 00:00:00",17473,11265,0,0,164170,230839.06666666668,263517.93333333335
"2024-08-16 00:00:00",21940,13091,19,63,236604,234455.16666666666,255425.73333333334
"2024-08-17 00:00:00",0,0,0,0,107860,218799.7,249865.1
"2024-08-18 00:00:00",10795,1826,0,0,138951,214764.63333333333,241480.73333333334
"2024-08-19 00:00:00",0,0,0,0,328099,215525.53333333333,252550.73333333334
"2024-08-20 00:00:00",1416,119611,0,0,267008,220071.76666666666,260666.76666666666
"2024-08-21 00:00:00",10322,0,11455,0,208275,219363.53333333333,267615.9666666667
"2024-08-22 00:00:00",0,17898,542,63,444987,233431.53333333333,270522.1666666667
"2024-08-23 00:00:00",3502,35981,0,0,287132,237982.2,275180.5
"2024-08-24 00:00:00",0,0,1396,0,337128,241194.03333333333,265442.6
"2024-08-25 00:00:00",1751,50723,200,0,101203,242639.33333333334,263381.36666666664
"2024-08-26 00:00:00",5834,0,542,0,73003,235563.8,258498
"2024-08-27 00:00:00",5884,0,0,4841,264048,233891.5,255982.96666666667
"2024-08-28 00:00:00",1751,0,13312,0,144908,239064.73333333334,258589.8
"2024-08-29 00:00:00",16732,0,910,63,382560,241680.43333333332,263114.06666666665
"2024-08-30 00:00:00",1751,0,838,0,121262,244879.7,255041
"2024-08-31 00:00:00",0,34363,0,0,178265,242507.7,256508
"2024-09-01 00:00:00",5554,19948,0,0,152859,237834.93333333332,250764.53333333333
"2024-09-02 00:00:00",3211,44375,9,0,169374,240518.4,250500.23333333334
"2024-09-03 00:00:00",11291,38270,0,0,327443,249579.36666666667,255556.03333333333
"2024-09-04 00:00:00",12369,0,0,0,345204,248121.56666666668,253732.8
"2024-09-05 00:00:00",31137,0,0,0,67331,243047.33333333334,257896.46666666667
"2024-09-06 00:00:00",1751,4896,0,0,281945,243454.9,257152.33333333334
"2024-09-07 00:00:00",16732,105026,0,0,339292,253265.83333333334,259441.66666666666
"2024-09-08 00:00:00",526,30042,3320,0,129837,250058.56666666668,257512
"2024-09-09 00:00:00",2652,0,200,63,127621,241389.43333333332,249953.43333333332
"2024-09-10 00:00:00",1751,0,2973,0,157642,240784.7,254986.1
"2024-09-11 00:00:00",0,0,0,0,58041,239774,244148.9
"2024-09-12 00:00:00",1751,0,0,78,187374,237403.56666666668,243232.5
"2024-09-13 00:00:00",4457,0,145,0,250249,238012.3,247453.56666666668
"2024-09-14 00:00:00",0,46830,209,0,204535,239967.83333333334,253460.46666666667
"2024-09-15 00:00:00",6170,103723,2944,0,151657,239727.06666666668,254116.5
"2024-09-16 00:00:00",0,50715,0,0,234926,245653.1,260657.43333333332
"2024-09-17 00:00:00",18652,0,0,0,217226,248463.26666666666,260651.36666666667
"2024-09-18 00:00:00",1751,0,0,0,84581,240404.36666666667,245165.2
"2024-09-19 00:00:00",0,0,0,63,136799,232031.9,230983.43333333332
"2024-09-20 00:00:00",0,11128,0,0,448506,239684.6,236109.4
"2024-09-21 00:00:00",577,11265,91,78,180295,230645.16666666666,238257.4
"2024-09-22 00:00:00",0,37531,0,0,21563,221727.76666666666,235484.1
"2024-09-23 00:00:00",9656,0,0,0,234454,218580.63333333333,238667.9
"2024-09-24 00:00:00",1751,45487,0,0,333129,226130.3,237722.9
"2024-09-25 00:00:00",2275,1826,0,0,359092,235590.8,248293.86666666667
"2024-09-26 00:00:00",1751,50753,0,0,130718,232539.06666666668,249282.86666666667
"2024-09-27 00:00:00",1751,0,0,0,254881,235761.1,251702.83333333334
"2024-09-28 00:00:00",0,0,3282,0,308813,232822.06666666668,249373.46666666667
"2024-09-29 00:00:00",0,34569,2147,0,138282,234527,247715.5
"2024-09-30 00:00:00",3603,0,0,0,155685,232749,237254.13333333333
"2024-10-01 00:00:00",14640,0,2147,2128,213239,234542.13333333333,247576.3
"2024-10-02 00:00:00",4886,112068,0,0,315514,241725.46666666667,249835.83333333334
"2024-10-03 00:00:00",0,0,0,0,228656,236780.53333333333,256083.56666666668
"2024-10-04 00:00:00",0,1826,0,0,86139,227793.6,251847.93333333332
"2024-10-05 00:00:00",10603,0,0,0,161137,230236,247056.8
"2024-10-06 00:00:00",0,70255,5156,0,77767,225722.23333333334,245293.46666666667
"2024-10-07 00:00:00",1751,0,510,0,264329,219240.26666666666,242085.16666666666
"2024-10-08 00:00:00",37662,46255,19,0,182414,222661.06666666668,239588.63333333333
"2024-10-09 00:00:00",27211,11673,284,63,225745,227142.4,245080.96666666667
"2024-10-10 00:00:00",2970,0,845,0,289817,231517.93333333332,247556.1
"2024-10-11 00:00:00",0,0,0,0,204692,236406.3,254315.2
"2024-10-12 00:00:00",0,0,0,0,122475,234182,251679.63333333333
"2024-10-13 00:00:00",788,33036,571,0,124789,230993.06666666668,249641.83333333334
"2024-10-14 00:00:00",6632,11265,850,63,75478,225750.26666666666,244445
"2024-10-15 00:00:00",1751,1826,2147,0,112682,220880.7,245839.96666666667
"2024-10-16 00:00:00",1751,48959,0,0,159920,218380.33333333334,238767.83333333334
"2024-10-17 00:00:00",760,52437,503,461,116039,216191.1,242062.7
"2024-10-18 00:00:00",0,72999,0,63,179510,221732.43333333332,248249.6
"2024-10-19 00:00:00",0,0,0,0,61283,219213.13333333333,250030.46666666667
"2024-10-20 00:00:00",7476,23181,200,0,157433,210168.33333333334,242719.3
"2024-10-21 00:00:00",1751,11265,0,0,170348,209870.26666666666,241610.96666666667
"2024-10-22 00:00:00",7463,25870,0,0,294587,218831.16666666666,245196.03333333333
"2024-10-23 00:00:00",5935,63381,0,0,105896,216534.56666666668,240816.46666666667
"2024-10-24 00:00:00",8319,11265,0,0,182576,210594.36666666667,238948.56666666668
"2024-10-25 00:00:00",0,30794,0,0,15914,200044.83333333334,229813.4
"2024-10-26 00:00:00",0,49036,542,4585,54310,197553.2,225171.66666666666
"2024-10-27 00:00:00",4872,0,0,78,52023,190897.93333333332,220780.03333333333
"2024-10-28 00:00:00",26037,0,0,0,0,181362.66666666666,213537.6
"2024-10-29 00:00:00",4388,28628,0,0,124432,180777.6,211227.53333333333
"2024-10-30 00:00:00",15973,48447,3082,0,142096,182454.6,213819.73333333334
"2024-10-31 00:00:00",2265,13135,0,0,424903,189392.83333333334,203937.66666666666
"2024-11-01 00:00:00",0,37283,0,78,126810,180449.53333333333,200888.83333333334
"2024-11-02 00:00:00",4945,43826,865,511,88146,177437.46666666667,186325.06666666668
"2024-11-03 00:00:00",6248,0,1316,0,243731,182881.8,183111.6
"2024-11-04 00:00:00",11464,0,200,63,66541,179766.06666666668,180750
"2024-11-05 00:00:00",0,16652,38,0,155311,180393.46666666667,184803.06666666668
"2024-11-06 00:00:00",6102,0,0,0,77628,174298.1,174513.76666666666
"2024-11-07 00:00:00",1751,0,0,0,137081,170047.5,168578
"2024-11-08 00:00:00",0,86541,0,0,154568,169251.93333333332,166502.7
"2024-11-09 00:00:00",9153,1826,0,0,378800,172456.83333333334,157419.5
"2024-11-10 00:00:00",1562,35498,0,0,117504,170785.9,149250.83333333334
"2024-11-11 00:00:00",0,0,0,0,228022,174304.13333333333,144217.96666666667
"2024-11-12 00:00:00",264,33044,0,0,230430,177789.3,143972.53333333333
"2024-11-13 00:00:00",16535,11265,0,0,306934,185804.06666666668,140964.13333333333
"2024-11-14 00:00:00",0,0,200,78,74626,184353.96666666667,139090.23333333334
"2024-11-15 00:00:00",1751,0,0,0,66801,179618.03333333333,141620.46666666667
"2024-11-16 00:00:00",19665,49497,200,0,44391,177736.43333333332,138755.8
"2024-11-17 00:00:00",2604,26325,3082,0,115672,174240.13333333333,133563.66666666666
"2024-11-18 00:00:00",4603,18080,2147,0,489512,189342.13333333333,132787
"2024-11-19 00:00:00",6229,0,200,0,189002,189580.16666666666,127250.23333333334
"2024-11-20 00:00:00",767,12478,0,0,298797,193869.4,124855.56666666667
"2024-11-21 00:00:00",12939,0,284,0,164271,188855.16666666666,114569.6
"2024-11-22 00:00:00",1132,30794,351,0,123847,188218.93333333332,129029.4
"2024-11-23 00:00:00",0,36612,0,0,40138,184038.6,128625.8
"2024-11-24 00:00:00",14640,11265,0,0,41414,184725.63333333333,128772.3
"2024-11-25 00:00:00",2585,0,200,78,88171,184144.36666666667,129774.93333333333
"2024-11-26 00:00:00",3502,0,200,0,142317,187112.53333333333,127871.7
"2024-11-27 00:00:00",1455,0,284,0,138916,190933.13333333333,130466.8
"2024-11-28 00:00:00",0,6546,0,0,0,185903.06666666668,126147.03333333334
"2024-11-29 00:00:00",4632,54620,0,0,0,180891.53333333333,133324.83333333334
"2024-11-30 00:00:00",0,0,0,0,123964,170346.9,139348.03333333333
"2024-12-01 00:00:00",6752,0,0,0,97210,168339.93333333332,143476
"2024-12-02 00:00:00",2756,0,200,0,171827,169556.26666666666,138327.86666666667
"2024-12-03 00:00:00",0,15045,200,0,101890,165084.3,139555.43333333332
"2024-12-04 00:00:00",0,0,19,0,394637,175630.56666666668,144554.06666666668
"2024-12-05 00:00:00",1751,71045,1316,0,103369,175813.23333333334,138993.73333333334
"2024-12-06 00:00:00",10021,0,0,0,0,173356.26666666666,139639.23333333334
"2024-12-07 00:00:00",0,1358,0,0,43442,170221.86666666667,139713.23333333334
"2024-12-08 00:00:00",8405,11265,484,78,163884,168322.16666666666,135490.26666666666
"2024-12-09 00:00:00",0,46779,0,0,39819,158216.16666666666,143462.66666666666
"2024-12-10 00:00:00",12004,11265,1274,0,66076,156084.66666666666,143726.3
"2024-12-11 00:00:00",1751,0,3671,0,56204,150538.13333333333,150798.46666666667
"2024-12-12 00:00:00",0,11265,9933,0,0,142453.43333333332,147108
"2024-12-13 00:00:00",5254,48012,2147,0,222305,140552.9,155151
"2024-12-14 00:00:00",0,0,0,0,246631,146277.13333333333,152077.9
"2024-12-15 00:00:00",6718,0,3282,0,37454,145573.9,150745.63333333333
"2024-12-16 00:00:00",4439,63695,542,0,195905,150601.53333333333,149121.8
"2024-12-17 00:00:00",0,0,4296,63,51335,147535.26666666666,149136.23333333334
"2024-12-18 00:00:00",18331,48923,0,0,168384,138245.1,146094.16666666666
"2024-12-19 00:00:00",0,11265,3082,2376,211764,139347,149604.76666666666
"2024-12-20 00:00:00",3648,23910,200,0,417431,143785.26666666666,146736.5
"2024-12-21 00:00:00",0,0,19,141,70250,140215.8,154439
"2024-12-22 00:00:00",4153,0,200,0,76647,137711.63333333333,147280.73333333334
"2024-12-23 00:00:00",7430,49128,0,0,27319,137949.16666666666,147072.26666666666
"2024-12-24 00:00:00",0,32743,0,0,98226,140070.83333333334,147650.4
"2024-12-25 00:00:00",7230,0,0,0,179129,143248.3,149175.96666666667
"2024-12-26 00:00:00",6370,17139,0,0,157614,144418.43333333332,155596.36666666667
"2024-12-27 00:00:00",154,97083,200,4129,296555,153000.66666666666,160230
"2024-12-28 00:00:00",266,1826,0,0,113359,156630.83333333334,163089.7
"2024-12-29 00:00:00",10234,11265,542,78,457778,170652.36666666667,159432.4
"2024-12-30 00:00:00",3502,11265,5771,0,75241,169712.9,156819.33333333334
"2024-12-31 00:00:00",0,11265,0,0,122946,170721.2,151835.26666666666
"2025-01-01 00:00:00",0,60942,200,0,0,166933.13333333333,157981.1
"2025-01-02 00:00:00",0,0,0,0,183594,169148.4,166915.7
"2025-01-03 00:00:00",19340,42845,0,0,225300,165576.03333333333,162653.16666666666
"2025-01-04 00:00:00",1751,34590,0,0,99334,164182.5,175082
"2025-01-05 00:00:00",21507,0,400,0,89304,167555.5,174807.16666666666
"2025-01-06 00:00:00",0,11265,0,0,175680,172293.7,177316.13333333333
"2025-01-07 00:00:00",7316,70384,0,0,290998,178446.4,179135.9
"2025-01-08 00:00:00",0,0,258,0,0,175568.36666666667,179985.23333333334
"2025-01-09 00:00:00",0,11265,200,0,263290,181706.26666666666,177224.3
"2025-01-10 00:00:00",10370,25403,0,0,136454,185393,175450.13333333333
"2025-01-11 00:00:00",0,11265,19,0,345463,196577.96666666667,173545.03333333333
"2025-01-12 00:00:00",12678,0,200,1607,167964,193402.33333333334,170279.56666666668
"2025-01-13 00:00:00",2848,7364,200,0,374519,198012.36666666667,176307.96666666667
"2025-01-14 00:00:00",266,46313,0,0,46062,199518.56666666668,179252.2
"2025-01-15 00:00:00",21657,25782,200,0,32176,193359.7,182846.36666666667
"2025-01-16 00:00:00",1464,38605,2376,0,147399,197831.4,182448.86666666667
"2025-01-17 00:00:00",1751,0,284,0,1095,190081.13333333333,182062.13333333333
"2025-01-18 00:00:00",8619,0,0,0,29611,183739.23333333334,180457.4
"2025-01-19 00:00:00",15385,0,542,0,180343,175441.9,191725.8
"2025-01-20 00:00:00",0,0,0,0,180733,179119.33333333334,191538.43333333332
"2025-01-21 00:00:00",8345,11265,2147,0,102512,180561.66666666666,186074.66666666666
"2025-01-22 00:00:00",0,37544,15632,0,74741,182029.7,197112.4
"2025-01-23 00:00:00",0,0,57,0,86484,180548.76666666666,201458.83333333334
"2025-01-24 00:00:00",1751,39220,0,78,91349,178750.1,205358.93333333332
"2025-01-25 00:00:00",0,51457,219,91,120504,178455.03333333333,204722.76666666666
"2025-01-26 00:00:00",4631,35042,0,0,91357,169551.96666666667,202876.83333333334
"2025-01-27 00:00:00",8619,0,1316,0,115828,169895.7,206057.7
"2025-01-28 00:00:00",0,11265,0,0,100097,157611.16666666666,205162.46666666667
"2025-01-29 00:00:00",36588,0,200,0,151565,160696.93333333332,212072.43333333332
"2025-01-30 00:00:00",0,63267,0,0,173189,164105.1,213890.1
"2025-01-31 00:00:00",1113,11265,2147,0,56698,164441.16666666666,215546.16666666666
"2025-02-01 00:00:00",0,46727,645,0,405368,173412.73333333334,203399.9
"2025-02-02 00:00:00",7745,11265,0,0,24514,165280.7,208453.53333333333
"2025-02-03 00:00:00",0,88730,19,0,377562,176301.9,199538.56666666668
"2025-02-04 00:00:00",1751,0,219,0,49679,174316.5,205794.3
"2025-02-05 00:00:00",3872,3652,2147,0,337088,179643.66666666666,199066.9
"2025-02-06 00:00:00",1751,0,0,0,0,167412.06666666668,201178.23333333334
"2025-02-07 00:00:00",1751,40502,1316,0,171584,174575.23333333334,195101.66666666666
"2025-02-08 00:00:00",0,32550,91,0,146484,171387.53333333333,195025.3
"2025-02-09 00:00:00",21743,6820,0,63,20805,167294.33333333334,190207.06666666668
"2025-02-10 00:00:00",15572,0,0,0,213657,163043.73333333334,187664.03333333333
"2025-02-11 00:00:00",15437,26577,0,0,132223,162770.03333333333,179122.23333333334
"2025-02-12 00:00:00",3572,43588,761,0,320259,162211.63333333333,182743.63333333333
"2025-02-13 00:00:00",1751,1826,200,0,120400,163262.83333333334,177556.8
"2025-02-14 00:00:00",0,19103,0,3227,286490,170896.3,189632.4
"2025-02-15 00:00:00",0,45601,0,0,50432,167769.23333333334,191402.03333333333
"2025-02-16 00:00:00",1751,0,400,0,39819,169063.93333333332,193300.93333333332
"2025-02-17 00:00:00",2999,0,0,0,193254,174331.33333333334,194722.96666666667
"2025-02-18 00:00:00",0,51584,0,78,338508,180794.7,184813.03333333333
"2025-02-19 00:00:00",2937,24437,542,0,216727,182925.1,181245.63333333333
"2025-02-20 00:00:00",1514,11265,0,0,79639,181863.36666666667,176495.66666666666
"2025-02-21 00:00:00",0,27589,0,0,324970,189351.4,163807.16666666666
"2025-02-22 00:00:00",10188,13091,200,0,188830,193543.7,160552.5
"2025-02-23 00:00:00",1444,0,0,0,79639,191833.16666666666,159110.76666666666
"2025-02-24 00:00:00",1751,0,0,0,96885,189378.66666666666,156583.43333333332
"2025-02-25 00:00:00",0,0,0,78,0,185013.6,155970
"2025-02-26 00:00:00",5894,0,200,0,159857,186353.2,155771.86666666667
"2025-02-27 00:00:00",1688,0,542,0,218440,189996.8,152304.8
"2025-02-28 00:00:00",10157,92439,0,0,125102,191308.33333333334,141394.13333333333
"2025-03-01 00:00:00",1751,23674,0,0,147543,189192.06666666668,138689.83333333334
"2025-03-02 00:00:00",1833,0,0,0,299314,196856.16666666666,131938.93333333332
"2025-03-03 00:00:00",0,53830,0,0,290100,193229.13333333333,141073.33333333334
"2025-03-04 00:00:00",1751,0,2366,0,77417,194496.16666666666,139801.3
"2025-03-05 00:00:00",290,19518,19,0,304197,189753.26666666666,146920.4
"2025-03-06 00:00:00",0,36980,0,0,117606,193184.5,143434.23333333334
"2025-03-07 00:00:00",7473,0,200,78,341662,193272.9,156586.86666666667
"2025-03-08 00:00:00",0,50893,0,0,137455,199492.8,161584.3
"2025-03-09 00:00:00",1751,65129,0,0,191350,200928.73333333334,162559.76666666666
"2025-03-10 00:00:00",0,0,219,0,443910,209762.2,166493.86666666667
"2025-03-11 00:00:00",0,0,0,0,246502,216331.2,167557.3
"2025-03-12 00:00:00",2209,27646,0,63,348418,221301.43333333332,174271.7
"2025-03-13 00:00:00",2512,0,0,0,256150,224115.56666666668,178792.56666666668
"2025-03-14 00:00:00",1751,59784,0,0,89748,216885.73333333334,191697.66666666666
"2025-03-15 00:00:00",1751,11265,0,0,310078,223516.3,190189.5
"2025-03-16 00:00:00",0,0,400,63,427286,227480.6,181186.26666666666
"2025-03-17 00:00:00",0,37419,19,0,50432,227208.5,185295.3
"2025-03-18 00:00:00",1751,32743,0,0,282933,236390.36666666667,186443.36666666667
"2025-03-19 00:00:00",1751,11265,38,0,105256,233792.3,185675
"2025-03-20 00:00:00",0,3652,0,0,166390,226454.66666666666,183293.4
"2025-03-21 00:00:00",1751,47857,0,78,198559,226574.7,191884.63333333333
"2025-03-22 00:00:00",0,0,0,0,116627,227381.66666666666,197702.1
"2025-03-23 00:00:00",1751,49398,0,0,0,217334.66666666666,213272.1
"2025-03-24 00:00:00",758,0,0,0,0,210282.93333333332,210705.66666666666
"2025-03-25 00:00:00",0,60897,0,0,234248,217418.33333333334,206256.73333333334
"2025-03-26 00:00:00",11800,34834,0,63,250935,224051.6,206875.13333333333
"2025-03-27 00:00:00",7520,5300,0,0,240982,232509.06666666668,211930.03333333333
"2025-03-28 00:00:00",3502,27559,19,0,227239,235588,218495.13333333333
"2025-03-29 00:00:00",1751,37796,0,0,362355,241629.1,219445.7
"2025-03-30 00:00:00",0,16813,0,0,259352,243244.66666666666,226212.53333333333
"2025-03-31 00:00:00",5875,1826,17566,0,363088,250424.3,230888.16666666666
"2025-04-01 00:00:00",7594,0,0,0,261368,249351.46666666667,237937.5
"2025-04-02 00:00:00",0,0,29094,0,382224,251597.76666666666,245894.63333333333
"2025-04-03 00:00:00",512,22812,284,0,115479,253516.16666666666,249460.96666666667
"2025-04-04 00:00:00",1509,42516,0,0,20550,244867.86666666667,256167.66666666666
"2025-04-05 00:00:00",4666,0,0,0,84357,242682.43333333332,263406.86666666664
"2025-04-06 00:00:00",7200,0,0,0,206965,238174.16666666666,255011.3
"2025-04-07 00:00:00",0,0,0,0,104408,235376.16666666666,249701.13333333333
"2025-04-08 00:00:00",13135,35580,542,0,34690,229566.7,247057.7
"2025-04-09 00:00:00",9241,0,200,0,168140,220681.76666666666,252933.43333333332
"2025-04-10 00:00:00",1751,11265,13057,0,138383,217946.9,262310.63333333336
"2025-04-11 00:00:00",0,0,0,0,517983,222601.8,265343.9666666667
"2025-04-12 00:00:00",1751,36955,910,0,82301,218043.7,263866.6666666667
"2025-04-13 00:00:00",0,45295,2925,78,202149,221349.13333333333,250387.23333333334
"2025-04-14 00:00:00",0,25597,200,0,136255,215981.06666666668,253878.1
"2025-04-15 00:00:00",4411,100480,0,0,161627,210606.7,252145.9
"2025-04-16 00:00:00",16143,0,0,0,140652,212904.16666666666,247245.96666666667
"2025-04-17 00:00:00",1593,0,0,0,68599,204663,253660
"2025-04-18 00:00:00",5128,46881,0,0,83338,205230.86666666667,260080.7
"2025-04-19 00:00:00",21866,11265,2347,0,115767,204604.36666666667,270112.6666666667
"2025-04-20 00:00:00",19968,63219,0,78,67720,201362.36666666667,268025.13333333336
"2025-04-21 00:00:00",1751,0,2147,0,51251,199313.13333333333,271980.4
"2025-04-22 00:00:00",6678,23719,0,0,66432,200835.8,267223.4
"2025-04-23 00:00:00",7200,0,0,0,145527,205901.43333333332,271517.13333333336
"2025-04-24 00:00:00",0,67530,0,0,191053,204682.7,272822.13333333336
"2025-04-25 00:00:00",1145,13091,200,0,29583,196228.9,273151.0333333333
"2025-04-26 00:00:00",10968,33523,0,0,98620,192539.2,273031.43333333335
"2025-04-27 00:00:00",1751,0,0,0,152272,189062.66666666666,265685.73333333334
"2025-04-28 00:00:00",6170,68914,0,0,83520,180952.73333333334,274177.2
"2025-04-29 00:00:00",2178,15155,3082,0,39819,173755,270474.4
"2025-04-30 00:00:00",10984,40440,0,0,95289,165700.2,268619.2
"2025-05-01 00:00:00",0,29222,0,0,75911,160239.23333333334,263747.4
"2025-05-02 00:00:00",0,22531,1084,0,109142,150953.83333333334,258184.73333333334
"2025-05-03 00:00:00",0,0,0,0,0,146317.6,261494.96666666667
"2025-05-04 00:00:00",7413,77682,0,0,289570,156653.9,248151.23333333334
"2025-05-05 00:00:00",3502,1826,0,0,241323,161908.16666666666,244408.43333333332
"2025-05-06 00:00:00",22207,58036,3082,0,217797,164806.76666666666,248102.46666666667
"2025-05-07 00:00:00",1563,30224,0,0,50875,164081.9,257482.53333333333
"2025-05-08 00:00:00",1751,1826,0,0,55936,163267.43333333332,260633.63333333333
"2025-05-09 00:00:00",1751,85697,5229,0,46524,161988.13333333333,258391.3
"2025-05-10 00:00:00",1751,31982,0,0,206107,164500.93333333332,254293.33333333334
"2025-05-11 00:00:00",3998,0,0,0,120171,151373.8,248477.63333333333
"2025-05-12 00:00:00",8184,30655,542,0,219430,155936.9,254141.96666666667
"2025-05-13 00:00:00",4558,1826,0,0,271306,156844.96666666667,253167.3
"2025-05-14 00:00:00",7200,0,0,0,193328,158127.5,254897.73333333334
"2025-05-15 00:00:00",0,11265,0,0,102580,153038.43333333332,259417.7
"2025-05-16 00:00:00",9434,36395,0,0,307404,159586.4,263091.3
"2025-05-17 00:00:00",5833,0,200,0,0,157447.76666666666,264263.23333333334
"2025-05-18 00:00:00",0,46188,19,0,392619,167563.73333333334,255445.53333333333
"2025-05-19 00:00:00",19671,53008,6769,0,199267,171812.73333333334,247578.26666666666
"2025-05-20 00:00:00",0,0,0,0,90091,169782.9,250176.56666666668
"2025-05-21 00:00:00",1751,0,0,0,174617,173823.5,247113.86666666667
"2025-05-22 00:00:00",11618,0,200,0,4480,171139.13333333333,240035.26666666666
"2025-05-23 00:00:00",16971,42483,284,0,364388,180185.8,237040.33333333334
"2025-05-24 00:00:00",3502,0,208,0,25778,172549.33333333334,251275.03333333333
"2025-05-25 00:00:00",1751,38786,0,0,117219,176340.53333333333,249349.76666666666
"2025-05-26 00:00:00",1751,17467,0,0,154006,177344.3,247227.6
"2025-05-27 00:00:00",9403,98522,0,0,107540,179392.36666666667,248525.66666666666
"2025-05-28 00:00:00",0,0,0,0,80474,176788,242802.73333333334
"2025-05-29 00:00:00",30384,80929,0,0,513061,195592.73333333334,247336.8
"2025-05-30 00:00:00",2944,35627,1340,91,246293,200245.53333333333,248485.4
"2025-05-31 00:00:00",13033,8885,0,0,163220,202912.36666666667,269965.93333333335
"2025-06-01 00:00:00",16262,22651,2147,0,148447,204804.06666666668,275814.6
"2025-06-02 00:00:00",1751,2627,200,0,207210,211863.7,269809.56666666665
"2025-06-03 00:00:00",690,0,0,0,229238,207039.13333333333,287154.36666666664
"2025-06-04 00:00:00",1751,11265,200,0,71432,201639.03333333333,286370.5
"2025-06-05 00:00:00",1751,0,0,0,357042,203561.36666666667,284591.13333333336
"2025-06-06 00:00:00",0,38108,542,0,356158,213966.23333333334,279968.43333333335
"2025-06-07 00:00:00",8307,155300,0,78,69477,219754.56666666668,277660.43333333335
"2025-06-08 00:00:00",9976,0,0,0,108657,219068.93333333332,276050.2
"2025-06-09 00:00:00",21257,38202,2987,0,167721,218746.63333333333,275694.7
"2025-06-10 00:00:00",0,0,2600,0,309036,224995.53333333333,282326.63333333336
"2025-06-11 00:00:00",1751,22531,284,0,248248,225462.26666666666,283821
"2025-06-12 00:00:00",1751,6175,3522,0,138370,221199.93333333332,282476.6
"2025-06-13 00:00:00",0,0,3082,0,51220,216325.73333333334,284608.0333333333
"2025-06-14 00:00:00",1751,83392,0,0,160339,220713.63333333333,277840.3
"2025-06-15 00:00:00",1751,0,0,0,39819,210324.83333333334,274266.23333333334
"2025-06-16 00:00:00",3191,62938,0,0,191978,218727.3,267656.5333333333
"2025-06-17 00:00:00",747,83289,0,0,304248,217042.63333333333,270722.6666666667
"2025-06-18 00:00:00",0,0,0,0,0,207752.06666666668,276821.2
"2025-06-19 00:00:00",5618,11265,284,0,67013,207555.06666666668,272452.43333333335
"2025-06-20 00:00:00",8449,1826,0,0,137790,206611.63333333333,268233.56666666665
"2025-06-21 00:00:00",8078,35246,0,0,298748,217470.8,267979.5333333333
"2025-06-22 00:00:00",1294,0,0,0,194161,209848.4,269301.5333333333
"2025-06-23 00:00:00",0,11265,200,0,65590,211433.96666666667,257559.33333333334
"2025-06-24 00:00:00",0,11265,0,0,0,206550.93333333332,266808.93333333335
"2025-06-25 00:00:00",1751,42294,3082,78,440161,217022.4,274371.56666666665
"2025-06-26 00:00:00",3739,0,3072,0,109540,213718.6,273420.0333333333
"2025-06-27 00:00:00",1751,1826,0,0,396876,224384.56666666668,271954.3
"2025-06-28 00:00:00",9888,11265,0,0,94636,207431.7,268689.93333333335
"2025-06-29 00:00:00",0,11265,0,0,267662,207186.03333333333,268849.3
"2025-06-30 00:00:00",15001,74345,0,0,249749,212317.96666666667,251319.96666666667
"2025-07-01 00:00:00",1751,20015,0,0,61412,208773.66666666666,245165.16666666666
"2025-07-02 00:00:00",6232,35150,640,0,116665,207003.63333333333,260938.3
"2025-07-03 00:00:00",4412,11265,0,0,178441,205809.96666666667,241325.2
"2025-07-04 00:00:00",0,11265,0,0,403541,216815.26666666666,239451.9
"2025-07-05 00:00:00",1751,48870,0,0,194807,213036.43333333332,240733.7
"2025-07-06 00:00:00",1751,47493,725,0,39819,202869.16666666666,240886.4
"2025-07-07 00:00:00",6839,31586,0,0,259575,205030.43333333332,252421.53333333333
"2025-07-08 00:00:00",1751,33123,862,0,369467,214582.76666666666,258838.46666666667
"2025-07-09 00:00:00",6839,54797,0,0,0,208964.93333333332,253379
"2025-07-10 00:00:00",2367,0,640,0,409556,212329.2,245273.3
"2025-07-11 00:00:00",4784,1826,0,0,64168,205594.7,245831.2
"2025-07-12 00:00:00",0,35498,0,0,163917,207247.86666666667,240050.86666666667
"2025-07-13 00:00:00",6410,87548,0,0,39819,209897.1,237946.03333333333
"2025-07-14 00:00:00",0,11265,0,0,235890,209952.83333333334,240435.8
"2025-07-15 00:00:00",0,49219,2147,0,147120,215183.4,241604.33333333334
"2025-07-16 00:00:00",0,1826,0,0,218166,213912.9,248817.03333333333
"2025-07-17 00:00:00",9913,66617,542,0,454135,218676.96666666667,249268.33333333334
"2025-07-18 00:00:00",12307,31823,1565,0,82165,222939,258216.33333333334
"2025-07-19 00:00:00",1751,20682,19,0,194230,227355.73333333334,258455.2
"2025-07-20 00:00:00",0,1826,2147,0,393469,235668.3,265736.4666666667
"2025-07-21 00:00:00",3033,0,0,0,137971,228966,269348.4666666667
"2025-07-22 00:00:00",6070,30747,284,1842,307476,233998.16666666666,270693.3333333333
"2025-07-23 00:00:00",8951,0,0,78,111776,235456.5,263935.4666666667
"2025-07-24 00:00:00",16960,34441,1974,0,448585,251813.06666666668,257764.73333333334
"2025-07-25 00:00:00",0,49730,6619,0,357918,249376.4,250126.2
"2025-07-26 00:00:00",3789,0,0,0,85036,248458.86666666667,247952.8
"2025-07-27 00:00:00",1751,0,0,0,221495,242551.96666666667,252788.93333333332
"2025-07-28 00:00:00",5263,25824,407,0,86642,242630.23333333334,256754.4
"2025-07-29 00:00:00",5636,17518,0,91,439942,248772.3,247488.9
"2025-07-30 00:00:00",0,76284,19,0,122674,244101.66666666666,251035.66666666666
"2025-07-31 00:00:00",5555,0,0,0,229869,249176.5,240742.06666666668
"2025-08-01 00:00:00",0,0,0,0,504668,260709.16666666666,227613.1
"2025-08-02 00:00:00",1751,0,0,0,170143,259968.36666666667,236254.4
"2025-08-03 00:00:00",5636,31218,19,63,191925,253770.16666666666,235559.53333333333
"2025-08-04 00:00:00",3785,62140,110,0,147058,252692.33333333334,230656.33333333334
"2025-08-05 00:00:00",1751,50854,542,78,250777,259832.76666666666,235446.43333333332
"2025-08-06 00:00:00",0,69080,0,0,226882,259764.83333333334,229032.13333333333
"2025-08-07 00:00:00",10890,85820,561,0,247677,257756.4,225809.26666666666
"2025-08-08 00:00:00",1751,0,4956,0,319424,266572.9,227664.96666666667
"2025-08-09 00:00:00",1751,0,0,63,214535,260032.4,231939.66666666666
"2025-08-10 00:00:00",10385,35163,0,0,165143,264696.13333333336,233970.73333333334
"2025-08-11 00:00:00",1751,32743,2147,0,193481,265719.73333333334,238472.96666666667
"2025-08-12 00:00:00",6321,0,0,0,381540,274189.13333333336,233194.43333333332
"2025-08-13 00:00:00",3502,0,0,63,255756,274594.6666666667,234924.56666666668
"2025-08-14 00:00:00",6111,80708,0,0,92676,273961.63333333336,237516.23333333334
"2025-08-15 00:00:00",1751,31147,4295,0,134838,272363,230839.06666666668
"2025-08-16 00:00:00",1751,11265,0,0,273179,264195.9,234455.16666666666
"2025-08-17 00:00:00",0,40530,0,0,160227,266625.8,218799.7
"2025-08-18 00:00:00",1234,0,0,0,457077,274680.06666666665,214764.63333333333
"2025-08-19 00:00:00",1751,0,0,0,376409,274037.3333333333,215525.53333333333
"2025-08-20 00:00:00",0,11265,542,0,89427,272711.6666666667,220071.76666666666
"2025-08-21 00:00:00",13851,0,0,0,472165,277364.86666666664,219363.53333333333
"2025-08-22 00:00:00",1140,20556,542,0,240002,282079.3333333333,233431.53333333333
"2025-08-23 00:00:00",5516,20052,0,0,285939,275730.8333333333,237982.2
"2025-08-24 00:00:00",1751,0,0,0,323130,272751.26666666666,241194.03333333333
"2025-08-25 00:00:00",6642,17372,0,0,164835,276085.4,242639.33333333334
"2025-08-26 00:00:00",11881,0,3722,0,266037,278031.86666666664,235563.8
"2025-08-27 00:00:00",0,0,12359,0,251062,282874.6666666667,233891.5
"2025-08-28 00:00:00",1751,32308,0,0,421495,282620.1666666667,239064.73333333334
"2025-08-29 00:00:00",492,0,0,0,94771,279163.0333333333,241680.43333333332
"2025-08-30 00:00:00",5347,37444,0,0,160323,278086.06666666665,244879.7
"2025-08-31 00:00:00",1751,0,0,0,211357,268367.4,242507.7
"2025-09-01 00:00:00",1751,0,200,0,470863,278398.06666666665,237834.93333333332
"2025-09-02 00:00:00",1553,65759,0,0,144786,277839.3333333333,240518.4
"2025-09-03 00:00:00",7200,5750,0,78,265150,280008.86666666664,249579.36666666667
"2025-09-04 00:00:00",7200,0,0,0,99209,273422.4,248121.56666666668
"2025-09-05 00:00:00",0,30467,19,0,399415,277887,243047.33333333334
"2025-09-06 00:00:00",0,13604,1133,0,223048,274314.86666666664,243454.9
"2025-09-07 00:00:00",0,0,0,0,143158,268215.76666666666,253265.83333333334
"2025-09-08 00:00:00",12307,11265,0,0,216295,268999.7,250058.56666666668
"2025-09-09 00:00:00",5636,0,392,0,90880,265206.9666666667,241389.43333333332
"2025-09-10 00:00:00",1751,0,408,0,189427,263922.43333333335,240784.7
"2025-09-11 00:00:00",1751,0,0,0,258799,259678.73333333334,239774
"2025-09-12 00:00:00",4417,38085,0,0,161490,257834.46666666667,237403.56666666668
"2025-09-13 00:00:00",5543,0,200,0,202208,258782.96666666667,238012.3
"2025-09-14 00:00:00",0,11265,0,0,130198,257763.96666666667,239967.83333333334
"2025-09-15 00:00:00",1751,0,0,0,219618,255603.1,239727.06666666668
"2025-09-16 00:00:00",0,64658,17988,63,236771,259560.56666666668,245653.1
"2025-09-17 00:00:00",9648,0,19,0,238045,252540.6,248463.26666666666
"2025-09-18 00:00:00",1751,50243,0,0,59853,243663.5,240404.36666666667
"2025-09-19 00:00:00",0,32743,0,91,313079,251819.46666666667,232031.9
"2025-09-20 00:00:00",13628,51301,0,0,400320,251127.23333333334,239684.6
"2025-09-21 00:00:00",1751,48638,0,0,219354,251377.33333333334,230645.16666666666
"2025-09-22 00:00:00",5028,44517,0,126,408608,256269.76666666666,221727.76666666666
"2025-09-23 00:00:00",16181,0,0,0,289951,255644.8,218580.63333333333
"2025-09-24 00:00:00",0,0,6859,0,87072,252480.86666666667,226130.3
"2025-09-25 00:00:00",5636,39821,1983,0,220043,252009,235590.8
"2025-09-26 00:00:00",1751,30222,0,0,503070,261063.06666666668,232539.06666666668
"2025-09-27 00:00:00",1751,51975,0,0,297074,257571.26666666666,235761.1
"2025-09-28 00:00:00",0,9166,0,0,169400,260348.03333333333,232822.06666666668
"2025-09-29 00:00:00",0,42483,0,0,79639,257648.3,234527
"2025-09-30 00:00:00",1751,13091,0,0,182048,257107.73333333334,232749
"2025-10-01 00:00:00",759,0,0,0,195912,247902.96666666667,234542.13333333333
"2025-10-02 00:00:00",1751,55468,20751,0,258671,252054.4,241725.46666666667
"2025-10-03 00:00:00",1294,82010,2689,78,179916,251648.1,236780.53333333333
"2025-10-04 00:00:00",3506,1826,0,0,85367,251124.43333333332,227793.6
"2025-10-05 00:00:00",0,0,19,0,284049,246263.33333333334,230236
"2025-10-06 00:00:00",0,33790,1800,0,231657,247245.4,225722.23333333334
"2025-10-07 00:00:00",2755,39389,0,0,316741,254436.3,219240.26666666666
"2025-10-08 00:00:00",2275,18320,2147,0,206351,254077.23333333334,222661.06666666668
"2025-10-09 00:00:00",1751,0,0,0,195238,257413.23333333334,227142.4
"2025-10-10 00:00:00",0,31218,0,63,80529,254754.03333333333,231517.93333333332
"2025-10-11 00:00:00",3502,0,0,0,195312,252696.16666666666,236406.3
"2025-10-12 00:00:00",0,25456,200,0,0,246751.6,234182
"2025-10-13 00:00:00",0,154424,4295,0,330197,256117.13333333333,230993.06666666668
"2025-10-14 00:00:00",5729,0,0,0,296705,261482.83333333334,225750.26666666666
"2025-10-15 00:00:00",2197,0,3231,0,142575,259037.33333333334,220880.7
"2025-10-16 00:00:00",0,49729,542,0,303763,260189.06666666668,218380.33333333334
"2025-10-17 00:00:00",0,0,0,0,50472,253614.4,216191.1
"2025-10-18 00:00:00",3211,0,0,0,379662,262648.6,221732.43333333332
"2025-10-19 00:00:00",2880,108844,0,0,90252,257850.76666666666,219213.13333333333
"2025-10-20 00:00:00",1294,0,0,0,213955,249517.43333333332,210168.33333333334
"2025-10-21 00:00:00",1751,83544,0,0,354883,255198.6,209870.26666666666
"2025-10-22 00:00:00",0,0,0,0,39819,241249.9,218831.16666666666
"2025-10-23 00:00:00",3093,31218,19,0,390631,245210.9,216534.56666666668
"2025-10-24 00:00:00",0,108860,0,0,39819,247035.86666666667,210594.36666666667
"2025-10-25 00:00:00",1751,0,1314,0,156673,243444.36666666667,200044.83333333334
"2025-10-26 00:00:00",1871,0,0,78,65856,227869.76666666666,197553.2
"2025-10-27 00:00:00",10244,688,0,0,268267,225483.06666666668,190897.93333333332
"2025-10-28 00:00:00",0,0,0,0,115042,223365.6,181362.66666666666
"2025-10-29 00:00:00",0,0,0,63,0,219296.93333333332,180777.6
"2025-10-30 00:00:00",758,0,812,0,214071,219921.96666666667,182454.6
"2025-10-31 00:00:00",0,0,0,91,189605,219689.46666666667,189392.83333333334
"2025-11-01 00:00:00",2065,0,0,0,277634,217791.36666666667,180449.53333333333
"2025-11-02 00:00:00",1751,0,0,78,153506,214102.9,177437.46666666667
"2025-11-03 00:00:00",1294,52912,0,0,123333,216997.6,182881.8
"2025-11-04 00:00:00",1751,31218,200,0,133250,213076,179766.06666666668
"2025-11-05 00:00:00",0,88996,0,0,373526,219585.13333333333,180393.46666666667
"2025-11-06 00:00:00",8365,75470,0,0,349892,222079.9,174298.1
"2025-11-07 00:00:00",3983,0,0,63,72770,217003.93333333332,170047.5
"2025-11-08 00:00:00",8046,43336,0,0,117037,216051.6,169251.93333333332
"2025-11-09 00:00:00",0,11265,0,0,346203,224240.2,172456.83333333334
"2025-11-10 00:00:00",0,117319,0,78,312409,231939.96666666667,170785.9
"2025-11-11 00:00:00",3755,584,0,78,82076,233967.86666666667,174304.13333333333
"2025-11-12 00:00:00",1294,2859,1110,0,163762,223304.83333333334,177789.3
"2025-11-13 00:00:00",1751,0,0,0,140417,217962.63333333333,185804.06666666668
"2025-11-14 00:00:00",0,0,2179,0,0,213101.8,184353.96666666667
"2025-11-15 00:00:00",0,1679,0,0,0,201356.63333333333,179618.03333333333
"2025-11-16 00:00:00",0,20300,450,0,72180,202771.93333333332,177736.43333333332
"2025-11-17 00:00:00",7977,0,0,63,205506,197127.7,174240.13333333333
"2025-11-18 00:00:00",0,154050,2147,0,218074,202870.83333333334,189342.13333333333
"2025-11-19 00:00:00",3502,44260,0,0,19609,197941.56666666668,189580.16666666666
"2025-11-20 00:00:00",0,0,0,0,83524,186053.1,193869.4
"2025-11-21 00:00:00",8685,49983,0,1143,148687,191675.76666666666,188855.16666666666
"2025-11-22 00:00:00",4908,0,0,0,119409,181654.26666666666,188218.93333333332
"2025-11-23 00:00:00",9548,0,0,0,157376,182262.4,184038.6
"2025-11-24 00:00:00",9728,72180,2569,0,170750,185445.36666666667,184725.63333333333
"2025-11-25 00:00:00",10233,0,0,0,174928,189357.2,184144.36666666667
"2025-11-26 00:00:00",1751,0,0,0,96069,183311.23333333334,187112.53333333333
"2025-11-27 00:00:00",1294,32813,0,0,155025,185780.9,190933.13333333333
"2025-11-28 00:00:00",0,0,200,78,236272,193663.83333333334,185903.06666666668
"2025-11-29 00:00:00",2302,0,0,0,82076,189288.36666666667,180891.53333333333
"2025-11-30 00:00:00",0,1826,910,0,116788,186949.33333333334,170346.9
"2025-12-01 00:00:00",0,31218,284,0,86952,181574.53333333333,168339.93333333332
"2025-12-02 00:00:00",0,42944,0,0,39819,179155.43333333332,169556.26666666666
"2025-12-03 00:00:00",2502,55034,1350,0,27116,176104.23333333334,165084.3
"2025-12-04 00:00:00",3119,0,0,63,168506,176279.83333333334,175630.56666666668
"2025-12-05 00:00:00",0,29089,0,0,94203,164972.16666666666,175813.23333333334
"2025-12-06 00:00:00",1751,10898,200,0,169131,156580.6,173356.26666666666
"2025-12-07 00:00:00",0,1826,284,0,265815,162950.9,170221.86666666667
"2025-12-08 00:00:00",0,6348,0,0,0,157548.53333333333,168322.16666666666
"2025-12-09 00:00:00",0,0,0,0,111653,149354.66666666666,158216.16666666666
"2025-12-10 00:00:00",0,0,0,0,98216,138301.63333333333,156084.66666666666
"2025-12-11 00:00:00",0,11265,0,0,234569,143613,150538.13333333333
"2025-12-12 00:00:00",4372,0,3034,78,189700,144551.63333333333,142453.43333333332
"2025-12-13 00:00:00",0,0,0,0,196517,146363.26666666666,140552.9
"2025-12-14 00:00:00",1751,35176,2147,0,41916,148990.3,146277.13333333333
"2025-12-15 00:00:00",0,69888,0,78,128558,155551.8,145573.9
"2025-12-16 00:00:00",3795,0,0,0,38363,153859.36666666667,150601.53333333333
"2025-12-17 00:00:00",0,15372,0,0,23897,148050.16666666666,147535.26666666666
"2025-12-18 00:00:00",0,0,0,0,120710,139598.1,138245.1
"2025-12-19 00:00:00",1751,0,0,0,494531,153895.13333333333,139347
"2025-12-20 00:00:00",8695,0,0,0,39819,152728.13333333333,143785.26666666666
"2025-12-21 00:00:00",0,11989,0,0,102049,149579.43333333332,140215.8
"2025-12-22 00:00:00",0,34335,0,0,144412,151393.76666666666,137711.63333333333
"2025-12-23 00:00:00",1294,27567,0,0,0,146791.66666666666,137949.16666666666
"2025-12-24 00:00:00",0,0,0,0,74304,140760.86666666667,140070.83333333334
"2025-12-25 00:00:00",4512,49575,0,0,226934,143956.2,143248.3
"2025-12-26 00:00:00",2588,0,0,0,15145,141286.63333333333,144418.43333333332
"2025-12-27 00:00:00",0,50145,0,0,137129,141224.7,153000.66666666666
"2025-12-28 00:00:00",1294,0,0,0,18254,133991.26666666666,156630.83333333334
"2025-12-29 00:00:00",0,0,200,0,203912,137982.4,170652.36666666667
"2025-12-30 00:00:00",0,0,0,0,19146,134636.43333333332,169712.9
"2025-12-31 00:00:00",2529,0,284,0,103534,134232.83333333334,170721.2
"2026-01-01 00:00:00",1751,35121,0,0,164020,138170.53333333333,166933.13333333333
"2026-01-02 00:00:00",0,0,0,0,227165,142875.9,169148.4
"2026-01-03 00:00:00",1751,0,0,0,217127,144448.9,165576.03333333333
"2026-01-04 00:00:00",6102,45252,0,0,2441,142132.33333333334,164182.5
"2026-01-05 00:00:00",1294,0,0,0,131260,140484.76666666666,167555.5
"2026-01-06 00:00:00",1518,99129,0,0,156889,140138.46666666667,172293.7
"2026-01-07 00:00:00",0,0,0,0,93183,143032.96666666667,178446.4
"2026-01-08 00:00:00",0,0,0,0,193172,145750.26666666666,175568.36666666667
"2026-01-09 00:00:00",0,0,581,0,413401,156275.83333333334,181706.26666666666
"2026-01-10 00:00:00",1294,0,200,0,100097,151467.76666666666,185393
"2026-01-11 00:00:00",0,0,1048,0,95508,148113.46666666667,196577.96666666667
"2026-01-12 00:00:00",0,0,2431,0,214525,148794.8,193402.33333333334
"2026-01-13 00:00:00",0,11265,0,0,228747,154095.53333333333,198012.36666666667
"2026-01-14 00:00:00",0,0,0,0,403905,160941.56666666668,199518.56666666668
"2026-01-15 00:00:00",6614,0,0,0,0,159756.76666666666,193359.7
"2026-01-16 00:00:00",0,0,0,0,124462,162596.5,197831.4
"2026-01-17 00:00:00",1751,10339,284,0,252333,167396.43333333332,190081.13333333333
"2026-01-18 00:00:00",0,34335,0,0,177088,157901.13333333333,183739.23333333334
"2026-01-19 00:00:00",4494,52260,1411,0,215583,165408.96666666667,175441.9
"2026-01-20 00:00:00",1294,23910,0,0,251549,170832.8,179119.33333333334
"2026-01-21 00:00:00",0,0,0,0,21563,165593.33333333334,180561.66666666666
"2026-01-22 00:00:00",6170,0,0,78,110611,168526.63333333333,182029.7
"2026-01-23 00:00:00",0,0,91,0,55162,167891.6,180548.76666666666
"2026-01-24 00:00:00",6635,1826,0,0,203435,165587.43333333332,178750.1
"2026-01-25 00:00:00",0,0,0,0,0,164996.33333333334,178455.03333333333
"2026-01-26 00:00:00",0,0,640,0,95377,161954.43333333332,169551.96666666667
"2026-01-27 00:00:00",13491,20432,0,0,377826,175027.83333333334,169895.7
"2026-01-28 00:00:00",0,33548,0,63,160775,174703.63333333333,157611.16666666666
"2026-01-29 00:00:00",5785,0,0,0,131510,178641.93333333332,160696.93333333332
"2026-01-30 00:00:00",2897,0,0,0,182996,181293.46666666667,164105.1
"2026-01-31 00:00:00",3505,40487,0,0,308721,186354.1,164441.16666666666
"2026-02-01 00:00:00",0,42616,0,0,101749,183594.1,173412.73333333334
"2026-02-02 00:00:00",0,11265,3072,0,467729,192367.06666666668,165280.7
"2026-02-03 00:00:00",1299,0,0,0,203139,197388.5,176301.9
"2026-02-04 00:00:00",6295,38137,0,0,252105,202854.6,174316.5
"2026-02-05 00:00:00",2267,0,0,0,180356,200357.5,179643.66666666666
"2026-02-06 00:00:00",0,22531,0,0,294005,207802.6,167412.06666666668
"2026-02-07 00:00:00",1170,16217,0,63,142004,206678.66666666666,174575.23333333334
"2026-02-08 00:00:00",0,16205,3072,0,209178,200494.43333333332,171387.53333333333
"2026-02-09 00:00:00",1287,33290,2147,0,27778,199258.13333333333,167294.33333333334
"2026-02-10 00:00:00",5153,26778,542,0,225346,204633.6,163043.73333333334
"2026-02-11 00:00:00",797,11265,0,0,197570,204389.43333333332,162770.03333333333
"2026-02-12 00:00:00",0,0,19730,0,189886,203376.26666666666,162211.63333333333
"2026-02-13 00:00:00",372,0,471,0,75575,192460.03333333333,163262.83333333334
"2026-02-14 00:00:00",3045,0,2147,0,62929,194510.3,170896.3
"2026-02-15 00:00:00",0,0,0,0,255779,198887.53333333333,167769.23333333334
"2026-02-16 00:00:00",4201,11265,0,0,247543,198830.93333333332,169063.93333333332
"2026-02-17 00:00:00",0,33044,200,0,82597,195644.9,174331.33333333334
"2026-02-18 00:00:00",3502,0,0,0,207667,193558.9,180794.7
"2026-02-19 00:00:00",1751,0,2088,0,118936,188426.3,182925.1
"2026-02-20 00:00:00",0,0,0,0,0,187707.53333333333,181863.36666666667
"2026-02-21 00:00:00",10051,0,542,0,381257,196873.86666666667,189351.4
"2026-02-22 00:00:00",0,80391,0,0,135400,202225.16666666666,193543.7
"2026-02-23 00:00:00",9413,11265,0,0,98497,199134.5,191833.16666666666
"2026-02-24 00:00:00",2667,0,3571,0,194368,205821.4,189378.66666666666
"2026-02-25 00:00:00",7927,0,0,78,285833,212415.46666666667,185013.6
"2026-02-26 00:00:00",0,0,3082,0,54964,200625.33333333334,186353.2
"2026-02-27 00:00:00",0,46867,111,0,242191,203784.8,189996.8
"2026-02-28 00:00:00",1751,11265,0,78,91945,202709.63333333333,191308.33333333334
"2026-03-01 00:00:00",0,9166,557,0,161899,202233.96666666667,189192.06666666668
"2026-03-02 00:00:00",0,79409,0,0,0,193123.83333333334,196856.16666666666
"2026-03-03 00:00:00",0,0,0,0,0,188311.66666666666,193229.13333333333
"2026-03-04 00:00:00",0,0,0,0,0,172242.76666666666,194496.16666666666
"2026-03-05 00:00:00",3568,31218,200,0,157131,171832.1,189753.26666666666
"2026-03-06 00:00:00",1294,35603,0,0,32361,164256.13333333333,193184.5
"2026-03-07 00:00:00",0,0,0,0,0,158168.7,193272.9
"2026-03-08 00:00:00",0,0,2147,0,0,147689.06666666668,199492.8
"2026-03-09 00:00:00",0,0,0,0,17641,142961.96666666667,200928.73333333334
"2026-03-10 00:00:00",0,22531,200,0,39571,137423.5,209762.2
"2026-03-11 00:00:00",0,0,0,0,39819,136600.7,216331.2
"2026-03-12 00:00:00",0,0,693,0,28800,128989.83333333333,221301.43333333332
"2026-03-13 00:00:00",0,0,0,0,0,122002.1,224115.56666666668
"2026-03-14 00:00:00",0,0,0,0,0,115014.86666666667,216885.73333333334
"2026-03-15 00:00:00",0,55419,200,0,0,114321.56666666667,223516.3
"2026-03-16 00:00:00",0,0,0,0,44538,113535.43333333333,227480.6
"2026-03-17 00:00:00",0,100046,0,0,0,108344.33333333333,227208.5
"2026-03-18 00:00:00",0,32803,0,0,39819,101998.06666666667,236390.36666666667
"2026-03-19 00:00:00",0,31218,200,0,0,99183.96666666666,233792.3
"2026-03-20 00:00:00",0,0,0,0,0,92145,226454.66666666666
"2026-03-21 00:00:00",0,0,0,0,39819,89379.8,226574.7
"2026-03-22 00:00:00",257,1826,0,0,115431,93296.93333333333,227381.66666666666
"2026-03-23 00:00:00",0,30643,0,0,0,81256.7,217334.66666666666
"2026-03-24 00:00:00",2357,0,0,0,0,74142.2,210282.93333333332
"2026-03-25 00:00:00",0,0,0,0,0,70169.66666666667,217418.33333333334
"2026-03-26 00:00:00",3376,0,200,0,0,63601.96666666667,224051.6
"2026-03-27 00:00:00",5976,0,0,0,39819,55333.833333333336,232509.06666666668
"2026-03-28 00:00:00",0,0,910,0,0,53429.3,235588
"2026-03-29 00:00:00",0,0,0,0,0,43790.3,241629.1
"2026-03-30 00:00:00",0,0,0,0,0,40288.96666666667,243244.66666666666
"2026-03-31 00:00:00",0,0,200,0,0,34574.86666666667,250424.3
"2026-04-01 00:00:00",0,2622,0,0,46284,33558.1,249351.46666666667
"2026-04-02 00:00:00",0,11265,542,0,5451,34133.36666666667,251597.76666666666
"2026-04-03 00:00:00",0,0,200,0,37928,35404.333333333336,253516.16666666666
"2026-04-04 00:00:00",0,12697,640,0,0,29444.966666666667,244867.86666666667
"2026-04-05 00:00:00",0,0,0,0,4464,27285.166666666668,242682.43333333332
"2026-04-06 00:00:00",0,0,0,0,0,27285.166666666668,238174.16666666666
"2026-04-07 00:00:00",0,0,0,0,39819,28540.9,235376.16666666666
"2026-04-08 00:00:00",0,0,0,0,0,27952.866666666665,229566.7
"2026-04-09 00:00:00",1751,0,0,0,58645,27889.333333333332,220681.76666666666
"2026-04-10 00:00:00",0,0,0,0,0,26562.033333333333,217946.9
"2026-04-11 00:00:00",0,0,0,0,0,25578.9,222601.8
"2026-04-12 00:00:00",0,0,0,0,0,25578.9,218043.7
"2026-04-13 00:00:00",0,0,471,0,39819,26921.933333333334,221349.13333333333
"2026-04-14 00:00:00",1020,0,0,0,765,25127.466666666667,215981.06666666668
"2026-04-15 00:00:00",5305,0,200,0,0,23826.366666666665,210606.7
"2026-04-16 00:00:00",0,0,0,0,136664,25046.966666666667,212904.16666666666
"2026-04-17 00:00:00",1751,0,0,0,0,22684.6,204663
"2026-04-18 00:00:00",0,0,1759,0,0,21695.933333333334,205230.86666666667
"2026-04-19 00:00:00",1751,0,0,0,0,21754.3,204604.36666666667
"2026-04-20 00:00:00",0,0,0,0,0,20427,201362.36666666667
"2026-04-21 00:00:00",0,81421,0,0,7020,19457.933333333334,199313.13333333333
"2026-04-22 00:00:00",0,0,200,0,0,18443.166666666668,200835.8
"2026-04-23 00:00:00",10452,0,0,0,0,18713,205901.43333333332
"2026-04-24 00:00:00",0,11265,0,0,39819,20415.8,204682.7
"2026-04-25 00:00:00",0,0,284,0,0,20306.066666666666,196228.9
"2026-04-26 00:00:00",2265,0,878,0,0,18884.333333333332,192539.2
"2026-04-27 00:00:00",0,0,284,0,44399,20343.433333333334,189062.66666666666
"2026-04-28 00:00:00",0,0,0,0,0,20343.433333333334,180952.73333333334
"2026-04-29 00:00:00",0,0,0,0,765,20368.933333333334,173755
"2026-04-30 00:00:00",0,0,0,0,8318,20639.533333333333,165700.2
"2026-05-01 00:00:00",0,0,582,0,97712,22285.833333333332,160239.23333333334
"2026-05-02 00:00:00",0,6317,262,0,0,21929.866666666665,150953.83333333334
"2026-05-03 00:00:00",0,0,7223,0,0,20899.666666666668,146317.6
"2026-05-04 00:00:00",0,0,1523,0,56204,22379.333333333332,156653.9
"2026-05-05 00:00:00",1751,0,0,0,57893,24218.666666666668,161908.16666666666
"2026-05-06 00:00:00",0,0,0,0,68439,26499.966666666667,164806.76666666666
"2026-05-07 00:00:00",0,0,0,0,0,25172.666666666668,164081.9
"2026-05-08 00:00:00",0,0,0,0,0,25172.666666666668,163267.43333333332
"2026-05-09 00:00:00",11149,0,200,0,39819,24865.066666666666,161988.13333333333
"2026-05-10 00:00:00",0,0,0,0,39819,26192.366666666665,164500.93333333332
"2026-05-11 00:00:00",0,0,0,0,0,26192.366666666665,151373.8
"2026-05-12 00:00:00",0,0,0,0,0,26192.366666666665,155936.9
"2026-05-13 00:00:00",0,0,284,0,56204,26732.266666666666,156844.96666666667
"2026-05-14 00:00:00",0,0,640,0,57702,28617.5,158127.5
"2026-05-15 00:00:00",0,0,0,0,0,28434,153038.43333333332
"2026-05-16 00:00:00",0,0,0,0,39819,25205.833333333332,159586.4
"2026-05-17 00:00:00",1751,0,200,0,56537,27097.066666666666,157447.76666666666
"2026-05-18 00:00:00",0,31218,0,0,0,28079.033333333333,167563.73333333334
"2026-05-19 00:00:00",0,0,0,0,0,28020.666666666668,171812.73333333334
"2026-05-20 00:00:00",1675,1826,5714,0,98193,31600.966666666667,169782.9
"2026-05-21 00:00:00",0,31218,5042,0,97890,33124.6,173823.5
"2026-05-22 00:00:00",0,0,0,0,15197,33624.5,171139.13333333333
"2026-05-23 00:00:00",0,0,284,0,0,33285.566666666666,180185.8
"2026-05-24 00:00:00",1751,0,200,0,0,31647.8,172549.33333333334
"2026-05-25 00:00:00",0,0,640,0,0,31659.666666666668,176340.53333333333
"2026-05-26 00:00:00",6073,0,0,0,0,31757.333333333332,177344.3
"2026-05-27 00:00:00",0,11265,284,0,56204,32526.333333333332,179392.36666666667
"2026-05-28 00:00:00",178,0,0,0,15145,33037.1,176788
"2026-05-29 00:00:00",0,0,200,0,0,33018.26666666667,195592.73333333334
"2026-05-30 00:00:00",0,31218,398,0,0,33794.9,200245.53333333333
"2026-05-31 00:00:00",951,0,200,0,0,30556.766666666666,202912.36666666667
"2026-06-01 00:00:00",1751,0,0,0,4159,30534.466666666667,204804.06666666668
"2026-06-02 00:00:00",0,0,200,0,0,30300.366666666665,211863.7
"2026-06-03 00:00:00",0,33873,284,0,130555,33866.53333333333,207039.13333333333
"2026-06-04 00:00:00",1751,7586,869,0,0,32218.633333333335,201639.03333333333
"2026-06-05 00:00:00",0,0,0,0,21563,30656.1,203561.36666666667
"2026-06-06 00:00:00",0,0,542,0,0,30674.166666666668,213966.23333333334
"2026-06-07 00:00:00",1897,0,2400,0,4421,30964.766666666666,219754.56666666668
"2026-06-08 00:00:00",1751,0,0,0,69512,31634.6,219068.93333333332
"2026-06-09 00:00:00",2061,0,284,0,9067,30687.7,218746.63333333333
"2026-06-10 00:00:00",1751,0,200,0,98193,34025.86666666667,224995.53333333333
"2026-06-11 00:00:00",1751,0,0,0,84787,36910.46666666667,225462.26666666666
"2026-06-12 00:00:00",0,0,408,0,208572,41993.53333333333,221199.93333333332
"2026-06-13 00:00:00",0,0,200,0,0,40055.46666666667,216325.73333333334
"2026-06-14 00:00:00",3502,0,3072,0,0,40274.6,220713.63333333333
"2026-06-15 00:00:00",178,0,1353,0,98193,42271.5,210324.83333333334
"2026-06-16 00:00:00",1751,0,0,0,32361,41458.96666666667,218727.3
"2026-06-17 00:00:00",0,45344,542,0,0,41947.9,217042.63333333333
"2026-06-18 00:00:00",3502,0,4879,0,58476,44176.5,207752.06666666668
"2026-06-19 00:00:00",0,0,0,0,39900,41926.2,207555.06666666668
"2026-06-20 00:00:00",2067,2180,284,0,3969,37737.833333333336,206611.63333333333
"2026-06-21 00:00:00",519,0,542,0,16725,37824.166666666664,217470.8
"2026-06-22 00:00:00",0,0,4015,0,0,37948.53333333333,209848.4
"2026-06-23 00:00:00",3504,0,1522,0,39819,39378.36666666667,211433.96666666667
"2026-06-24 00:00:00",3502,0,0,0,0,39473.76666666667,206550.93333333332
"2026-06-25 00:00:00",0,0,910,0,51656,41023.53333333333,217022.4
"2026-06-26 00:00:00",0,0,0,0,39571,40084.13333333333,213718.6
"2026-06-27 00:00:00",0,0,924,0,134992,44103.9,224384.56666666668
"2026-06-28 00:00:00",3694,0,0,0,0,44220.36666666667,207431.7
"2026-06-29 00:00:00",0,0,200,0,0,43173.13333333333,207186.03333333333
"2026-06-30 00:00:00",0,1826,1032,0,135889,47759.666666666664,212317.96666666667
"2026-07-01 00:00:00",0,28196,0,0,0,48502.53333333333,208773.66666666666
"2026-07-02 00:00:00",4408,1826,910,0,13321,49178.066666666666,207003.63333333333
"2026-07-03 00:00:00",1089,22531,9,0,0,44475.333333333336,205809.96666666667