"DateTime","Container","Dry Bulk","General Cargo","Roll-on/roll-off","Tanker","30-day Moving Average","Prior Year: 30-day Moving Average"
"2019-01-01 00:00:00",4019639,8115746,194285,5593,2010600,,
"2019-01-02 00:00:00",4128574,8616971,236045,9317,2323458,,
"2019-01-03 00:00:00",3068426,8105625,315992,6104,3549702,,
"2019-01-04 00:00:00",3898868,8159311,230910,12183,2263020,,
"2019-01-05 00:00:00",4307216,8392072,280363,1437,3116556,,
"2019-01-06 00:00:00",3739697,6059475,204217,6620,2495558,,
"2019-01-07 00:00:00",3826980,10527733,291426,8009,2889613,,
"2019-01-08 00:00:00",3573719,9387668,254904,7247,1782270,,
"2019-01-09 00:00:00",2846057,8113880,187895,11834,3262871,,
"2019-01-10 00:00:00",3174461,9154840,206975,6777,2939140,,
"2019-01-11 00:00:00",2796512,8753392,270352,14314,1841578,,
"2019-01-12 00:00:00",2295509,7560274,203232,13476,2030282,,
"2019-01-13 00:00:00",3543961,8473873,252103,8021,1451654,,
"2019-01-14 00:00:00",3073902,8416279,311776,9323,2623650,,
"2019-01-15 00:00:00",2271352,6898169,228228,8738,2081479,,
"2019-01-16 00:00:00",4021853,7596714,196647,11885,2433696,,
"2019-01-17 00:00:00",4726147,7660459,251497,9132,2248611,,
"2019-01-18 00:00:00",2814092,9086842,224096,10347,3259524,,
"2019-01-19 00:00:00",4278369,5485945,212208,3792,1892878,,
"2019-01-20 00:00:00",2966581,8329216,189824,9427,2288251,,
"2019-01-21 00:00:00",3357010,8580211,194278,6104,2315165,,
"2019-01-22 00:00:00",2632671,7602376,232741,9930,2957601,,
"2019-01-23 00:00:00",3369953,8838451,275682,13931,2509297,,
"2019-01-24 00:00:00",3827719,7215148,190600,4244,1834413,,
"2019-01-25 00:00:00",3705746,7367813,241357,17099,2540464,,
"2019-01-26 00:00:00",3115608,7508422,282468,8819,2763814,,
"2019-01-27 00:00:00",2757226,6478086,159157,14015,2409224,,
"2019-01-28 00:00:00",2407842,7108862,252600,12212,2807328,,
"2019-01-29 00:00:00",2487691,8252495,165853,15509,2326666,,
"2019-01-30 00:00:00",2483361,9191703,156978,11646,1504150,14016369.6,
"2019-01-31 00:00:00",2279074,6507045,233528,10066,2909800,13936158.133333333,
"2019-02-01 00:00:00",2371113,8474762,266382,10524,3030601,13897458.933333334,
"2019-02-02 00:00:00",2703624,7105577,194647,8854,3222622,13837107.6,
"2019-02-03 00:00:00",1863342,7869254,119384,12129,2246070,13755303.366666667,
"2019-02-04 00:00:00",1700202,5442299,224012,13458,1833617,13525834.7,
"2019-02-05 00:00:00",2768701,6169483,134111,11620,2242675,13486535.133333333,
"2019-02-06 00:00:00",2600967,6095661,149492,6838,1646862,13251736.266666668,
"2019-02-07 00:00:00",1470971,7007750,119991,5270,1959428,13103656.7,
"2019-02-08 00:00:00",2514609,5919029,140554,6653,2387938,12988531.066666666,
"2019-02-09 00:00:00",2580486,7983565,146375,6056,2396907,12909569.866666667,
"2019-02-10 00:00:00",1796072,6655072,158635,10391,2077065,12810272.433333334,
"2019-02-11 00:00:00",2148475,7672353,210287,17376,2159286,12813772.6,
"2019-02-12 00:00:00",3212340,8913896,211727,6438,2707911,12857863.033333333,
"2019-02-13 00:00:00",2810440,7861382,184293,13688,2808440,12832640.1,
"2019-02-14 00:00:00",2215938,9490947,231933,22271,2938826,12946371.6,
"2019-02-15 00:00:00",2804583,5896774,182925,7752,2182315,12840156.633333333,
"2019-02-16 00:00:00",2923976,8944523,229187,13493,2483420,12830115.433333334,
"2019-02-17 00:00:00",2031755,7544944,187410,6679,2547758,12727569.566666666,
"2019-02-18 00:00:00",2715514,7955611,210401,10781,3233627,12802661.2,
"2019-02-19 00:00:00",2504508,7622142,243809,16230,2147686,12761030.333333334,
"2019-02-20 00:00:00",2825238,8422568,243106,8073,2319059,12739873.066666666,
"2019-02-21 00:00:00",2310209,7269199,252062,5876,2426540,12700825.1,
"2019-02-22 00:00:00",2730714,9512612,195404,6847,2458110,12697371.166666666,
"2019-02-23 00:00:00",2682595,8832199,197471,21109,1525162,12703584.8,
"2019-02-24 00:00:00",3064782,6947222,198235,8098,1689682,12638102.933333334,
"2019-02-25 00:00:00",1861418,7069456,211245,19583,3099323,12590832.533333333,
"2019-02-26 00:00:00",2576604,7768193,264790,8151,1825636,12611688.733333332,
"2019-02-27 00:00:00",2464956,7600456,259903,7956,2942602,12634589.933333334,
"2019-02-28 00:00:00",2707692,7995862,260948,16837,2282486,12635110.833333334,
"2019-03-01 00:00:00",2632142,7442024,247875,5257,2529283,12618735.733333332,
"2019-03-02 00:00:00",3151490,10273786,260529,8188,1972251,12742959.7,
"2019-03-03 00:00:00",2269531,7933929,186021,7345,2880603,12713761.1,
"2019-03-04 00:00:00",2625777,7486637,219149,8265,2499718,12700568.166666666,
"2019-03-05 00:00:00",1519136,7356775,168579,8649,2422878,12679429.533333333,
"2019-03-06 00:00:00",2894575,6061555,178932,13882,1981177,12743314.166666666,
"2019-03-07 00:00:00",2848806,8654470,258217,5624,2953935,12856463.566666666,
"2019-03-08 00:00:00",2239211,8265188,197364,17127,2602274,12950509.266666668,
"2019-03-09 00:00:00",2441436,7871669,172461,5979,2397306,13028024.233333332,
"2019-03-10 00:00:00",2603639,6036155,233017,6317,1263064,13000471.5,
"2019-03-11 00:00:00",2625747,7214815,275386,11074,2351652,12979315.166666666,
"2019-03-12 00:00:00",2128934,8557713,256855,18553,3022216,13088883.033333333,
"2019-03-13 00:00:00",2490411,8321637,220011,9360,1786923,13109568.9,
"2019-03-14 00:00:00",3492708,7792970,240934,15332,3067622,13094810.933333334,
"2019-03-15 00:00:00",2774739,8596743,210301,12475,2874486,13121160.966666667,
"2019-03-16 00:00:00",3017503,8076517,214482,22009,2075532,13071365.6,
"2019-03-17 00:00:00",2273845,6314007,182471,5666,1778686,13054043,
"2019-03-18 00:00:00",2793229,8413176,310246,11425,2411838,13032220.3,
"2019-03-19 00:00:00",2678979,8636462,235088,7684,3400508,13120226.666666666,
"2019-03-20 00:00:00",2095023,7372734,222496,9438,2349397,13050998.4,
"2019-03-21 00:00:00",4153813,6601205,210995,15759,2148149,13070850.066666666,
"2019-03-22 00:00:00",1924997,8477269,239727,16814,3462537,13080960.033333333,
"2019-03-23 00:00:00",3085475,8129889,144652,11024,2189271,13124173.766666668,
"2019-03-24 00:00:00",2084167,6772578,269045,12531,1909920,12995658.133333333,
"2019-03-25 00:00:00",3005752,9859158,248217,20365,2811149,13085195.466666667,
"2019-03-26 00:00:00",2850174,8472701,183895,6634,2487554,13154960.433333334,
"2019-03-27 00:00:00",2964182,7227209,234387,19739,1738760,13152402.166666666,
"2019-03-28 00:00:00",2802565,7478616,180414,6299,2057794,13155145.133333333,
"2019-03-29 00:00:00",2451660,6930285,224323,11169,1872205,13095603.5,
"2019-03-30 00:00:00",2269346,5305307,297290,6725,2321252,12993473.2,
"2019-03-31 00:00:00",4902452,9008121,188713,6926,1743620,13093248.166666666,
"2019-04-01 00:00:00",2996977,7835381,269299,15184,2397081,13021504.6,
"2019-04-02 00:00:00",4807792,7303591,281450,17869,2943472,13090729.766666668,
"2019-04-03 00:00:00",2516720,8773277,188844,17689,2364369,13124775.233333332,
"2019-04-04 00:00:00",2420977,7573152,227625,15116,1884416,13146284.133333333,
"2019-04-05 00:00:00",3348193,6844702,287493,10883,2208972,13198621.533333333,
"2019-04-06 00:00:00",3218833,6472339,221484,9602,2122608,13109415.133333333,
"2019-04-07 00:00:00",2461201,7386594,216107,7161,1728206,13058685.266666668,
"2019-04-08 00:00:00",2818073,6942954,198502,3849,1841054,13022537.966666667,
"2019-04-09 00:00:00",2666814,4551357,199328,13984,2447307,13013757.8,
"2019-04-10 00:00:00",3423848,8017684,178656,15447,2552103,13070726.566666666,
"2019-04-11 00:00:00",2321171,8724392,203422,8107,2900096,13076490.533333333,
"2019-04-12 00:00:00",2530507,8433798,230285,13357,2662101,13111214,
"2019-04-13 00:00:00",3649257,7825712,267786,6748,2129055,13086846.733333332,
"2019-04-14 00:00:00",1793128,6999183,201479,2870,2433470,12985559.3,
"2019-04-15 00:00:00",2816989,7412999,244704,18159,2123213,12959226.366666667,
"2019-04-16 00:00:00",2953922,7347200,232501,10689,2816851,13052776.2,
"2019-04-17 00:00:00",3382563,8120032,186710,7991,1924954,13042187.1,
"2019-04-18 00:00:00",2208146,7537371,293592,4978,2648037,12966633.9,
"2019-04-19 00:00:00",2484558,6840299,260593,7967,2431710,12965835.766666668,
"2019-04-20 00:00:00",2747441,7749970,205605,12564,2677606,12974611.4,
"2019-04-21 00:00:00",2747529,6058312,175436,5286,1249424,12845098.933333334,
"2019-04-22 00:00:00",1280225,8102911,301625,24273,1670270,12772399.166666666,
"2019-04-23 00:00:00",3163791,7369555,197938,15506,2027717,12829941.666666666,
"2019-04-24 00:00:00",2512690,6763440,297072,9492,2208182,12691482.266666668,
"2019-04-25 00:00:00",2781861,8983937,255467,10332,2504075,12709306.166666666,
"2019-04-26 00:00:00",3587886,11006231,245217,7387,2126581,12868940.933333334,
"2019-04-27 00:00:00",2910238,8020280,233021,14622,3627623,12944945.033333333,
"2019-04-28 00:00:00",2143871,8502991,206344,14410,2677528,13013462.533333333,
"2019-04-29 00:00:00",2359937,7911559,258532,10171,2597187,13111377.966666667,
"2019-04-30 00:00:00",1515172,3896382,110106,12339,756774,12792741.6,
"2019-05-01 00:00:00",2120781,9351263,174684,11988,2203114,12804337.933333334,
"2019-05-02 00:00:00",3146223,12910658,318555,12725,3923368,12969583.433333334,
"2019-05-03 00:00:00",3812335,7396348,288078,7430,2116360,12961571.966666667,
"2019-05-04 00:00:00",3284396,8112685,201676,6088,2260176,13019696.9,
"2019-05-05 00:00:00",3437288,7859232,225040,11201,1851515,13042498.566666666,
"2019-05-06 00:00:00",3033580,8951133,227702,12835,3220253,13155853.766666668,
"2019-05-07 00:00:00",3434305,6499221,203521,7555,2148458,13172313.433333334,
"2019-05-08 00:00:00",2864587,9154172,220513,12740,2601412,13273946.366666667,
"2019-05-09 00:00:00",3219972,7788677,207642,11395,2744653,13410398.3,
"2019-05-10 00:00:00",3155634,9615708,247536,11703,1765810,13430686.666666666,
"2019-05-11 00:00:00",1943599,7965753,233824,7296,2727346,13388041.033333333,
"2019-05-12 00:00:00",2506880,8026385,157010,13990,1981005,13348547.933333334,
"2019-05-13 00:00:00",2508814,8235469,249633,11537,2411780,13333170.766666668,
"2019-05-14 00:00:00",2610687,7331810,287090,25980,1994561,13360504.333333334,
"2019-05-15 00:00:00",2871449,8248746,268930,6791,1482051,13369234.5,
"2019-05-16 00:00:00",2198223,8042472,201132,3296,2306567,13348918.7,
"2019-05-17 00:00:00",1772258,6156292,149402,12579,2171276,13236904.366666667,
"2019-05-18 00:00:00",3176341,8661420,237696,11638,2843425,13311517.666666666,
"2019-05-19 00:00:00",2112094,7559758,262393,13193,1758756,13300886.1,
"2019-05-20 00:00:00",2882058,8407835,253473,12365,2924104,13337108.6,
"2019-05-21 00:00:00",2725902,8197859,239072,9271,2656031,13456847.366666667,
"2019-05-22 00:00:00",3496600,8259184,255276,13369,2465102,13560521.966666667,
"2019-05-23 00:00:00",2689108,8715532,269383,8681,2396879,13604024.3,
"2019-05-24 00:00:00",2839416,8404221,210466,14066,2573312,13679044.633333333,
"2019-05-25 00:00:00",2673014,7992671,250217,13823,2038452,13626794.5,
"2019-05-26 00:00:00",2005291,5564250,230185,9215,1041817,13356042.033333333,
"2019-05-27 00:00:00",2527663,7275864,290415,9051,3063069,13301384.3,
"2019-05-28 00:00:00",3876698,8706079,308620,15603,2278120,13356050.333333334,
"2019-05-29 00:00:00",2538208,9751276,271021,10424,2518548,13421120.266666668,
"2019-05-30 00:00:00",2375255,8239112,269578,12147,2419541,13655283.233333332,
"2019-05-31 00:00:00",2116608,8751617,233328,6181,2459541,13645464.833333334,
"2019-06-01 00:00:00",3634454,8636507,250252,3552,2474695,13468394.866666667,
"2019-06-02 00:00:00",3482775,7120326,232543,5108,1946219,13440608.9,
"2019-06-03 00:00:00",2287570,8829779,262176,17986,2958926,13456989.233333332,
"2019-06-04 00:00:00",2960656,7961599,226567,6595,2482694,13465450.033333333,
"2019-06-05 00:00:00",2755828,9197789,231206,8537,2115575,13427563.866666667,
"2019-06-06 00:00:00",3180131,6026416,179015,14993,1811792,13391539.733333332,
"2019-06-07 00:00:00",2682770,9570534,266191,16244,2828299,13408560.1,
"2019-06-08 00:00:00",3382409,8612708,256171,3970,2169157,13423629.166666666,
"2019-06-09 00:00:00",2216878,8060615,223706,3070,1963000,13345990.933333334,
"2019-06-10 00:00:00",3308461,8663806,235626,17860,1676037,13380123.433333334,
"2019-06-11 00:00:00",3400369,9444702,255497,22354,3180658,13500734.5,
"2019-06-12 00:00:00",2303138,7927964,209502,6321,2528561,13486009.033333333,
"2019-06-13 00:00:00",3054170,8408151,222080,13909,1622461,13521697.066666666,
"2019-06-14 00:00:00",2144644,8556515,270994,10610,2290149,13534862.633333333,
"2019-06-15 00:00:00",2189695,8480456,292339,13576,1760987,13534375.233333332,
"2019-06-16 00:00:00",2551874,8431010,244717,4400,2351018,13645081.666666666,
"2019-06-17 00:00:00",2620840,8104341,219795,8283,3037338,13613750.933333334,
"2019-06-18 00:00:00",3148609,8594222,240421,13365,2816579,13717317.566666666,
"2019-06-19 00:00:00",2377099,8303936,207384,6609,1716263,13655032.166666666,
"2019-06-20 00:00:00",2214124,6825980,252545,12138,2200313,13577597.633333333,
"2019-06-21 00:00:00",3489834,9962877,292924,10723,1457453,13601740.233333332,
"2019-06-22 00:00:00",2632923,6845563,308798,3809,2631597,13546510.766666668,
"2019-06-23 00:00:00",2770962,8561291,226835,13160,2373476,13543318.866666667,
"2019-06-24 00:00:00",2648712,9283170,245567,8944,2082208,13586666.433333334,
"2019-06-25 00:00:00",1868269,7340459,291048,13288,2431537,13689795.133333333,
"2019-06-26 00:00:00",3126308,7111383,235745,7885,2359473,13678952.766666668,
"2019-06-27 00:00:00",2326096,8493818,234773,15653,1687195,13598032.9,
"2019-06-28 00:00:00",2647885,9178757,256928,9368,2381789,13577541.133333333,
"2019-06-29 00:00:00",2704975,6357818,204642,6995,1935579,13507353.466666667,
"2019-06-30 00:00:00",3713955,7199894,123053,6439,1886576,13486108.433333334,
"2019-07-01 00:00:00",2642846,7402598,228007,7886,2649136,13417142.7,
"2019-07-02 00:00:00",3616558,9158559,266675,9702,2629988,13513626.1,
"2019-07-03 00:00:00",3345192,7741467,245014,8803,2405517,13493278.033333333,
"2019-07-04 00:00:00",3493975,7538660,236747,18578,2855403,13510119.6,
"2019-07-05 00:00:00",3157196,8514612,254402,14078,2133264,13502273.3,
"2019-07-06 00:00:00",2151988,7603133,323844,11608,1903391,13528327.8,
"2019-07-07 00:00:00",2569689,6521099,241651,6865,1416456,13374718.466666667,
"2019-07-08 00:00:00",3300053,8487325,214780,14232,2936249,13392326.266666668,
"2019-07-09 00:00:00",3097203,7676002,160309,17857,2215219,13415637.566666666,
"2019-07-10 00:00:00",2672859,8344326,200103,6114,2440311,13407701.333333334,
"2019-07-11 00:00:00",2298535,8784366,225528,10406,3546181,13359749.166666666,
"2019-07-12 00:00:00",1855660,8265182,163580,5154,2291740,13346610.166666666,
"2019-07-13 00:00:00",3045531,8276997,192422,7001,2326044,13364184.1,
"2019-07-14 00:00:00",2466359,9671301,328300,5298,2010314,13404471.933333334,
"2019-07-15 00:00:00",2429705,9320971,398068,9782,2832710,13479611.133333333,
"2019-07-16 00:00:00",2129561,8044293,251384,8944,2326471,13452199.2,
"2019-07-17 00:00:00",3848256,7686404,232614,8182,2586047,13464562.3,
"2019-07-18 00:00:00",2166844,6586411,166896,12328,2179738,13341196.466666667,
"2019-07-19 00:00:00",2547413,7595556,192148,5234,1584660,13318320.3,
"2019-07-20 00:00:00",2262908,7899810,168441,12744,2969298,13378590.533333333,
"2019-07-21 00:00:00",2213185,6801612,164905,7924,1704201,13234523.7,
"2019-07-22 00:00:00",3447400,9261506,199240,21265,1990664,13317769.3,
"2019-07-23 00:00:00",2391817,6654245,198324,10433,2466524,13243623.4,
"2019-07-24 00:00:00",2589744,8477806,247487,11201,2470844,13227906.233333332,
"2019-07-25 00:00:00",2447181,7410191,204131,5739,2119789,13235987.333333334,
"2019-07-26 00:00:00",2994766,8882369,227642,20418,2359611,13290787.633333333,
"2019-07-27 00:00:00",2452790,6670510,257458,17403,1672313,13234552.1,
"2019-07-28 00:00:00",2592631,7229112,178028,7464,1939770,13150294.2,
"2019-07-29 00:00:00",2495507,8740042,212366,9618,2258642,13233833.533333333,
"2019-07-30 00:00:00",3418471,9898319,281544,9593,2617986,13343700.266666668,
"2019-07-31 00:00:00",2128131,6700188,221922,5124,2065619,13283383.566666666,
"2019-08-01 00:00:00",3319479,7783635,230047,13807,1923470,13203015.3,
"2019-08-02 00:00:00",2712041,7792895,178780,12777,2834276,13195841.1,
"2019-08-03 00:00:00",3346837,7852110,181740,5580,1736862,13161833.666666666,
"2019-08-04 00:00:00",2878569,7569369,258363,10546,2064229,13118751.266666668,
"2019-08-05 00:00:00",3676172,8940871,221069,14455,2909231,13244345.866666667,
"2019-08-06 00:00:00",3395257,8090105,336525,13375,1906910,13343893.266666668,
"2019-08-07 00:00:00",2494025,7204191,243837,14611,2188358,13250306.033333333,
"2019-08-08 00:00:00",2664015,6094791,218131,8023,1425765,13158443.666666666,
"2019-08-09 00:00:00",1306179,5497737,209299,4128,1469143,12985869.2,
"2019-08-10 00:00:00",1168428,3346841,102320,6554,993477,12677621.8,
"2019-08-11 00:00:00",1716032,3626658,184231,5763,1360936,12488031.566666666,
"2019-08-12 00:00:00",2953029,7259043,222416,11687,2262905,12450067.7,
"2019-08-13 00:00:00",3309496,7643018,262563,14077,4026491,12475870.233333332,
"2019-08-14 00:00:00",2947144,9777404,301996,27191,3277710,12520544.1,
"2019-08-15 00:00:00",3286278,9114665,287883,31198,2586807,12605416.9,
"2019-08-16 00:00:00",2438128,8908244,237881,9229,2435392,12594329.866666667,
"2019-08-17 00:00:00",2117556,8625149,270641,20954,2597519,12678316.733333332,
"2019-08-18 00:00:00",2114704,8746813,248863,4965,1372230,12697068.8,
"2019-08-19 00:00:00",3555233,9597606,267493,10851,2912691,12798091.3,
"2019-08-20 00:00:00",3587591,8762150,236164,3333,4065711,12990196.2,
"2019-08-21 00:00:00",3067019,8585933,270152,11197,2154186,12962477.266666668,
"2019-08-22 00:00:00",2221443,8529696,169702,15892,2311683,13013379.433333334,
"2019-08-23 00:00:00",3077475,8725907,211202,8377,2399566,13034227.4,
"2019-08-24 00:00:00",2929585,8659440,247575,5841,2954817,13121235,
"2019-08-25 00:00:00",1819237,8352457,236521,4079,1498715,13035441.466666667,
"2019-08-26 00:00:00",1996716,9018643,222475,6905,2626423,13128797.933333334,
"2019-08-27 00:00:00",2592466,7719516,280588,24986,2509833,13168144.733333332,
"2019-08-28 00:00:00",2889236,8166592,350191,11372,2536909,13176082.3,
"2019-08-29 00:00:00",2682526,8241193,250785,9204,2699755,13098000.433333334,
"2019-08-30 00:00:00",2389931,9539931,311775,8995,2283521,13211772.766666668,
"2019-08-31 00:00:00",2538254,7867603,204912,8275,2084077,13192862.466666667,
"2019-09-01 00:00:00",2168044,6818567,163169,7980,1920952,13111126.833333334,
"2019-09-02 00:00:00",3617067,8274290,276134,21026,2184781,13152798.766666668,
"2019-09-03 00:00:00",3372016,8771968,209363,9048,2170156,13211181.4,
"2019-09-04 00:00:00",4179796,9762802,285073,8415,2629059,13247959.3,
"2019-09-05 00:00:00",1943391,7284202,276566,14858,2223660,13181309.6,
"2019-09-06 00:00:00",2062438,6613977,142960,10304,2054475,13139280.233333332,
"2019-09-07 00:00:00",1799982,7276849,271383,4035,1720783,13161357.266666668,
"2019-09-08 00:00:00",2366509,6531963,204944,7666,2924451,13279658.833333334,
"2019-09-09 00:00:00",2962651,9692144,383500,23894,2479138,13610450.333333334,
"2019-09-10 00:00:00",2287509,7226992,199644,6487,3272073,13813754.033333333,
"2019-09-11 00:00:00",3394047,8804602,233116,10444,1769388,13863838.166666666,
"2019-09-12 00:00:00",2487919,10097607,321543,10349,2221172,13859936.666666666,
"2019-09-13 00:00:00",3513161,9142327,226635,7874,2378234,13824495.866666667,
"2019-09-14 00:00:00",2395827,8140374,252450,4028,2550281,13759033.633333333,
"2019-09-15 00:00:00",2733886,7803492,168171,15610,2391009,13728476.533333333,
"2019-09-16 00:00:00",3763810,8289704,221954,14720,1978125,13749693.133333333,
"2019-09-17 00:00:00",4050034,8771503,293682,23628,2612991,13858502.266666668,
"2019-09-18 00:00:00",3391488,6757745,209551,8307,2397360,13739188.266666668,
"2019-09-19 00:00:00",4259598,7984954,235073,4809,2959117,13698808.533333333,
"2019-09-20 00:00:00",1854332,8426606,266236,8693,1729035,13638689.066666666,
"2019-09-21 00:00:00",1611431,6960778,190640,6140,1690997,13545741.633333333,
"2019-09-22 00:00:00",2800298,4782663,144305,7929,1306641,13366384.5,
"2019-09-23 00:00:00",2158478,9493188,277567,20122,3165826,13376982.266666668,
"2019-09-24 00:00:00",2529880,8004189,242571,9469,2556078,13424688.766666668,
"2019-09-25 00:00:00",2786777,8427748,291114,10648,2899964,13442858.533333333,
"2019-09-26 00:00:00",2917333,10014187,249371,6457,2638230,13532798.466666667,
"2019-09-27 00:00:00",1753059,9688472,245114,6343,2828351,13551699.533333333,
"2019-09-28 00:00:00",2189218,8615944,224155,10903,1997394,13523504.5,
"2019-09-29 00:00:00",1761743,7219994,255049,8882,1790434,13406902.666666666,
"2019-09-30 00:00:00",4083404,8748756,271861,16961,2573208,13506604.966666667,
"2019-10-01 00:00:00",1125917,5860343,212563,8353,1779362,13436865.933333334,
"2019-10-02 00:00:00",2336519,6106931,176674,13511,1810987,13305909.733333332,
"2019-10-03 00:00:00",1941390,7245126,172164,14788,2056665,13202495.666666666,
"2019-10-04 00:00:00",2431770,7676103,238369,4240,2522186,13069412.9,
"2019-10-05 00:00:00",3538908,9912554,307515,9799,2125421,13207796.6,
"2019-10-06 00:00:00",1588283,7671008,255315,17281,2470822,13245082.066666666,
"2019-10-07 00:00:00",3375439,8570022,296282,10127,2847424,13379291.066666666,
"2019-10-08 00:00:00",2703522,7791389,310645,8886,2488496,13421538.333333334,
"2019-10-09 00:00:00",4919161,7416770,415168,21237,2581471,13415287.466666667,
"2019-10-10 00:00:00",3729039,9121030,209642,12283,3023878,13518726.633333333,
"2019-10-11 00:00:00",3235907,8144245,194895,7355,2081283,13500462.666666666,
"2019-10-12 00:00:00",3073586,7710601,208855,5502,2560216,13447801.4,
"2019-10-13 00:00:00",2530427,7724448,280333,9167,1737576,13348258.5,
"2019-10-14 00:00:00",3375860,7905033,282991,14162,2944551,13387579.866666667,
"2019-10-15 00:00:00",2276799,10328308,249630,12329,2363169,13458182.3,
"2019-10-16 00:00:00",2437147,9002049,244169,15266,2455461,13454374.8,
"2019-10-17 00:00:00",2605136,7340823,232915,9001,2564031,13354376.766666668,
"2019-10-18 00:00:00",2668824,8025164,278374,13488,2465821,13377284.1,
"2019-10-19 00:00:00",1778877,7729808,182778,14531,2158478,13257980.866666667,
"2019-10-20 00:00:00",2065050,6582557,308487,8363,2929384,13244945.533333333,
"2019-10-21 00:00:00",2557100,8248827,362466,6065,2513512,13352545.033333333,
"2019-10-22 00:00:00",2826438,8868595,197289,10229,2150675,13519592.633333333,
"2019-10-23 00:00:00",2425712,7765354,286449,6612,2860565,13460575.6,
"2019-10-24 00:00:00",3149677,7982543,195554,12977,2838197,13488467.7,
"2019-10-25 00:00:00",2350536,7022962,245642,8655,2868299,13424462.266666668,
"2019-10-26 00:00:00",2368921,8894808,226806,11313,2363611,13359124.466666667,
"2019-10-27 00:00:00",2364717,7972886,256672,18265,2776242,13321372.566666666,
"2019-10-28 00:00:00",3137737,7900375,302898,4419,3199953,13371631.433333334,
"2019-10-29 00:00:00",2873409,8705754,260787,7907,2720616,13489377.833333334,
"2019-10-30 00:00:00",3509444,8761104,243953,3269,2916116,13480701.2,
"2019-10-31 00:00:00",2836839,7051679,257223,20417,2607056,13606924.233333332,
"2019-11-01 00:00:00",3461664,9282483,200144,13769,2453592,13772492.433333334,
"2019-11-02 00:00:00",2330242,7524910,310195,15437,2932874,13828609.933333334,
"2019-11-03 00:00:00",3352423,7350274,179117,19617,2129292,13833878.5,
"2019-11-04 00:00:00",2423024,10250556,277277,18004,2585407,13822547.7,
"2019-11-05 00:00:00",2147071,6722017,278800,8264,1997239,13794236.833333334,
"2019-11-06 00:00:00",2748182,7767431,245694,12875,2171396,13722446.1,
"2019-11-07 00:00:00",2393612,7302961,222699,7990,2067967,13678855.533333333,
"2019-11-08 00:00:00",3078276,8183347,203312,12098,2426469,13630511.866666667,
"2019-11-09 00:00:00",1937243,7631862,149764,8773,2605930,13505101.2,
"2019-11-10 00:00:00",2645506,7014661,211403,14578,1603790,13432643.166666666,
"2019-11-11 00:00:00",2066039,11258773,263555,12067,3548419,13552313.2,
"2019-11-12 00:00:00",2341571,8927576,252842,12478,2064437,13596212,
"2019-11-13 00:00:00",3330223,7444124,243949,14623,1727306,13537466.066666666,
"2019-11-14 00:00:00",3595757,8220157,278632,26925,2778098,13526443.833333334,
"2019-11-15 00:00:00",2281676,8598599,306965,12625,2180548,13500654.5,
"2019-11-16 00:00:00",2830790,8224972,211875,13576,1801196,13511671.1,
"2019-11-17 00:00:00",2107656,6510460,227051,21535,1609521,13412489.1,
"2019-11-18 00:00:00",3515144,7193612,155443,14051,2338470,13457564,
"2019-11-19 00:00:00",2652278,8591910,252082,10625,1759682,13503321.533333333,
"2019-11-20 00:00:00",3299546,9130462,261996,13710,2577439,13556494.066666666,
"2019-11-21 00:00:00",4304696,8142676,179397,15583,2454572,13591283.533333333,
"2019-11-22 00:00:00",2220130,9092691,266562,13387,3274844,13642048.533333333,
"2019-11-23 00:00:00",2174749,5176067,189005,5393,1965383,13486436.366666667,
"2019-11-24 00:00:00",2261771,5857241,181024,9472,1251803,13388609.866666667,
"2019-11-25 00:00:00",2842672,9386864,177104,8481,1882258,13403007.533333333,
"2019-11-26 00:00:00",2529557,7182617,268598,18303,2758138,13381955.233333332,
"2019-11-27 00:00:00",2217333,6213085,222952,11430,1788514,13245552.7,
"2019-11-28 00:00:00",3178866,7595386,187607,23217,1572274,13178515.166666666,
"2019-11-29 00:00:00",1624108,9089888,206574,5376,2331427,13105964.633333333,
"2019-11-30 00:00:00",3253130,8935884,248665,7979,2072650,13164134.4,
"2019-12-01 00:00:00",2047626,6493286,170866,17951,1379889,12987399.8,
"2019-12-02 00:00:00",2715035,7238811,278931,5636,2415269,12972067.233333332,
"2019-12-03 00:00:00",2905309,10703265,213963,7852,1969672,13064378.533333333,
"2019-12-04 00:00:00",2799954,7753137,230680,19563,2516151,12989885.833333334,
"2019-12-05 00:00:00",3412741,7227927,259236,29774,2610072,13069431.566666666,
"2019-12-06 00:00:00",2138526,7044627,241115,10111,2133491,13023508.233333332,
"2019-12-07 00:00:00",2747484,8108450,222678,10216,3006907,13093525.466666667,
"2019-12-08 00:00:00",2682675,7747335,161551,8495,2376596,13062630.266666668,
"2019-12-09 00:00:00",2807783,7411867,210822,23474,3315841,13110504.566666666,
"2019-12-10 00:00:00",2139450,8540281,215781,14931,2792462,13184271.033333333,
"2019-12-11 00:00:00",2675412,7704908,204506,7919,2255865,13040929.433333334,
"2019-12-12 00:00:00",2410738,8967111,213505,11915,2303633,13051196.766666668,
"2019-12-13 00:00:00",2429750,7590015,182153,18055,2258433,13041803.7,
"2019-12-14 00:00:00",1873302,7004500,249656,15387,2320980,12927278.966666667,
"2019-12-15 00:00:00",2100675,7367765,202852,21169,1944186,12869153.7,
"2019-12-16 00:00:00",3848053,7552666,259603,11785,2799517,12915461.533333333,
"2019-12-17 00:00:00",2057584,6127509,241352,19694,2793378,12940905.033333333,
"2019-12-18 00:00:00",2139068,9112746,273114,13287,2382243,12964363.233333332,
"2019-12-19 00:00:00",2623707,9816072,287798,12155,2395666,13026657.866666667,
"2019-12-20 00:00:00",2619217,8322341,265034,5008,1937923,12955537.366666667,
"2019-12-21 00:00:00",1725168,8500127,249807,4968,1903370,12865087.8,
"2019-12-22 00:00:00",3100956,6619910,233144,13317,2627075,12789313.666666666,
"2019-12-23 00:00:00",2235117,8990589,230906,12188,2155153,12926426.066666666,
"2019-12-24 00:00:00",2291531,8309190,191711,8346,2096275,13037618.266666668,
"2019-12-25 00:00:00",3527376,7086949,165178,8111,2603855,13007421.133333333,
"2019-12-26 00:00:00",2184421,8711651,218060,5045,2073248,13021928.4,
"2019-12-27 00:00:00",2059798,8403529,269149,15272,2614899,13118906.966666667,
"2019-12-28 00:00:00",2253220,8029717,212894,3884,2632705,13138075.533333333,
"2019-12-29 00:00:00",1920556,6133371,198504,9484,2501783,13054953.1,
"2019-12-30 00:00:00",2109184,8201679,229400,7214,2384826,13002086.5,
"2019-12-31 00:00:00",2186974,8209537,166986,7320,2382709,13096883.633333333,
"2020-01-01 00:00:00",3004114,8398060,217544,5804,3165238,13168119.5,
"2020-01-02 00:00:00",3554520,8801011,245503,6083,3465138,13177193.166666666,
"2020-01-03 00:00:00",2297406,7874431,213866,9225,2638628,13167662.2,
"2020-01-04 00:00:00",4011319,10468461,254135,8787,2517202,13291667.533333333,
"2020-01-05 00:00:00",2211434,7830132,201030,19831,2379256,13327460.7,
"2020-01-06 00:00:00",4202169,7410403,170734,5242,2329467,13328203.466666667,
"2020-01-07 00:00:00",2650080,5513914,208225,6108,1393844,13221386.966666667,
"2020-01-08 00:00:00",2907016,8728063,273110,9289,2135464,13230825.066666666,
"2020-01-09 00:00:00",2978007,10275711,237144,7217,2276259,13299872.133333333,
"2020-01-10 00:00:00",2360686,9081637,241897,8990,3330425,13372373.2,
"2020-01-11 00:00:00",2351517,7396284,243728,13945,1989463,13308639.966666667,
"2020-01-12 00:00:00",3697656,7723309,294482,10577,2031175,13351265.4,
"2020-01-13 00:00:00",2004818,7476660,232353,15839,2871367,13389172.5,
"2020-01-14 00:00:00",2063357,9419485,234650,5952,2971957,13491131,
"2020-01-15 00:00:00",3300977,9026203,254163,8517,1916404,13492285.466666667,
"2020-01-16 00:00:00",1770370,9853491,221749,16209,2094271,13582837.833333334,
"2020-01-17 00:00:00",1961040,6994423,210365,6472,2763918,13516696.233333332,
"2020-01-18 00:00:00",1890161,6842538,249482,6450,2422157,13392542.4,
"2020-01-19 00:00:00",2309168,8461015,250430,2659,3115815,13425527.466666667,
"2020-01-20 00:00:00",1584998,8842550,189727,14741,2856005,13462346.666666666,
"2020-01-21 00:00:00",2025159,6497374,207992,13068,3008232,13434260.333333334,
"2020-01-22 00:00:00",1865375,7133906,164536,13671,2157135,13357948.933333334,
"2020-01-23 00:00:00",2064473,8675408,222914,15821,1933229,13358442.1,
"2020-01-24 00:00:00",1850138,4926569,138654,9613,1554602,13194711.533333333,
"2020-01-25 00:00:00",1325015,6496641,128780,6567,2886620,13116417.8,
"2020-01-26 00:00:00",2663458,7687407,137459,10170,2005189,13087784.933333334,
"2020-01-27 00:00:00",2922011,8505509,180751,21965,2337237,13115620.333333334,
"2020-01-28 00:00:00",3050483,7843003,231787,12098,1946627,13192963.1,
"2020-01-29 00:00:00",3193010,6250664,192424,23345,2606195,13170740.833333334,
"2020-01-30 00:00:00",3691877,6351716,230270,9136,2095336,13151567.7,14016369.6
"2020-01-31 00:00:00",3177587,7266159,179063,15323,2451730,13094871.433333334,13936158.133333333
"2020-02-01 00:00:00",2796444,7358173,210391,2494,2171204,12977085.433333334,13897458.933333334
"2020-02-02 00:00:00",2071744,7905875,223811,6255,1721382,12940268.7,13837107.6
"2020-02-03 00:00:00",2291525,7825006,215994,9113,3183063,12815761.6,13755303.366666667
"2020-02-04 00:00:00",2612021,6148015,236378,4352,1780191,12753737.266666668,13525834.7
"2020-02-05 00:00:00",2279156,8205310,154286,10853,2312997,12715222.9,13486535.133333333
"2020-02-06 00:00:00",2202109,7146456,251383,9071,1716538,12767003.1,13251736.266666668
"2020-02-07 00:00:00",1936444,9744444,207022,4811,3050527,12796679.866666667,13103656.7
"2020-02-08 00:00:00",1842967,7157803,197767,5632,2337751,12655599.133333333,12988531.066666666
"2020-02-09 00:00:00",1958440,7496264,174713,14556,2364120,12555080.3,12909569.866666667
"2020-02-10 00:00:00",2788300,6345576,237688,6688,2113497,12538307.333333334,12810272.433333334
"2020-02-11 00:00:00",3109811,6638222,211644,2873,2006366,12478697.6,12813772.6
"2020-02-12 00:00:00",2133916,7072131,185740,5114,2238862,12446521.4,12857863.033333333
"2020-02-13 00:00:00",2636648,6818374,131757,6084,2191035,12349470.266666668,12832640.1
"2020-02-14 00:00:00",1748652,3915131,202442,5840,1268511,12103946.333333334,12946371.6
"2020-02-15 00:00:00",1359049,5219015,105678,7360,1097032,11898346.866666667,12840156.633333333
"2020-02-16 00:00:00",1231196,6691000,149414,10877,1365256,11815397.1,12830115.433333334
"2020-02-17 00:00:00",2031040,7371901,216116,3304,2640582,11843801.766666668,12727569.566666666
"2020-02-18 00:00:00",2708146,9183240,153055,12452,2718729,11865019.433333334,12802661.2
"2020-02-19 00:00:00",2219069,6905549,215651,12456,3659335,11849154.2,12761030.333333334
"2020-02-20 00:00:00",2748392,9063732,258160,11134,2755814,11952001.1,12739873.066666666
"2020-02-21 00:00:00",2796213,7135493,261436,7346,2432864,11995292.166666666,12700825.1
"2020-02-22 00:00:00",1449253,7677206,252818,6641,3196177,11984299.6,12697371.166666666
"2020-02-23 00:00:00",1873635,8253233,199161,7840,1619205,12100083.366666667,12703584.8
"2020-02-24 00:00:00",2010278,7459209,241605,7834,2323779,12140053.066666666,12638102.933333334
"2020-02-25 00:00:00",1795809,6572056,208561,3242,2575499,12095102.633333333,12590832.533333333
"2020-02-26 00:00:00",2130053,7414559,245569,7301,1933268,12020545.233333332,12611688.733333332
"2020-02-27 00:00:00",1621783,8240543,246189,13044,3070038,12024132.433333334,12634589.933333334
"2020-02-28 00:00:00",1768294,7556862,260969,4043,2025283,12002459.033333333,12635110.833333334
"2020-02-29 00:00:00",1941933,5919700,263774,8019,2570576,11946648.266666668,12618735.733333332
"2020-03-01 00:00:00",2527964,6437105,287057,5201,1932600,11883316.833333334,12742959.7
"2020-03-02 00:00:00",2524792,7601169,281474,4118,2178695,11885035.733333332,12713761.1
"2020-03-03 00:00:00",3327619,7824709,307030,9610,2327493,11947282.2,12700568.166666666
"2020-03-04 00:00:00",1686786,7520687,221951,4923,2319703,11888260.566666666,12679429.533333333
"2020-03-05 00:00:00",2588906,7947460,267586,5426,1820279,11949884.8,12743314.166666666
"2020-03-06 00:00:00",2518888,7840619,203703,8349,1854876,11932012.666666666,12856463.566666666
"2020-03-07 00:00:00",1784869,6623579,229836,10907,1642923,11897564.333333334,12950509.266666668
"2020-03-08 00:00:00",1949910,5820812,187250,7579,1745353,11723152.4,13028024.233333332
"2020-03-09 00:00:00",2224193,10262469,246573,12311,2431860,11844335.733333332,13000471.5
"2020-03-10 00:00:00",1788733,7648498,203208,4549,1693653,11822020.8,12979315.166666666
"2020-03-11 00:00:00",3172865,7962311,242434,2098,2001653,11885007.833333334,13088883.033333333
"2020-03-12 00:00:00",1520699,7676114,191826,7179,2111575,11869623.933333334,13109568.9
"2020-03-13 00:00:00",3180854,8784095,193697,3124,2525745,11971349.333333334,13094810.933333334
"2020-03-14 00:00:00",3084719,8383581,235104,6783,2127870,12039822.066666666,13121160.966666667
"2020-03-15 00:00:00",2577038,6777234,148522,18430,1689280,12175486.9,13071365.6
"2020-03-16 00:00:00",2908193,8826770,216737,18007,2654620,12403361.1,13054043
"2020-03-17 00:00:00",1900218,8825521,223103,8272,1793928,12513471.8,13032220.3
"2020-03-18 00:00:00",2455260,6033582,232826,14249,1892783,12458997.1,13120226.666666666
"2020-03-19 00:00:00",3127346,7508712,246101,6493,2054592,12397917.733333332,13050998.4
"2020-03-20 00:00:00",2758982,8871430,273678,11307,2995363,12461207.666666666,13070850.066666666
"2020-03-21 00:00:00",2184446,7773407,231715,6266,2644464,12394643.333333334,13080960.033333333
"2020-03-22 00:00:00",3134688,7916417,199492,5152,1658469,12404005.166666666,13124173.766666668
"2020-03-23 00:00:00",1852232,8234404,282427,16768,3636848,12452025.133333333,12995658.133333333
"2020-03-24 00:00:00",3781321,7413115,212208,13481,2235090,12508763.233333332,13085195.466666667
"2020-03-25 00:00:00",2450023,8122352,259997,8591,1770974,12527737.766666668,13154960.433333334
"2020-03-26 00:00:00",2112587,4979226,175775,3387,1587888,12451193.766666668,13152402.166666666
"2020-03-27 00:00:00",3754847,7443252,226646,3803,2400060,12521122.366666667,13155145.133333333
"2020-03-28 00:00:00",2338949,6330441,172517,8454,2064080,12445216.866666667,13095603.5
"2020-03-29 00:00:00",1959749,6892405,241654,9410,2235547,12435994.1,12993473.2
"2020-03-30 00:00:00",2323299,8294516,250675,11600,2011763,12508921.933333334,13093248.166666666
"2020-03-31 00:00:00",2729248,8751655,220952,12723,2134621,12597564.366666667,13021504.6
"2020-04-01 00:00:00",3519272,7654733,232418,8065,2681843,12647767.033333333,13090729.766666668
"2020-04-02 00:00:00",2961358,7680582,223081,22415,1796323,12610677.033333333,13124775.233333332
"2020-04-03 00:00:00",2684120,8665729,223811,10615,2467904,12687281.233333332,13146284.133333333
"2020-04-04 00:00:00",2581637,7213989,254512,3882,1733404,12659205.866666667,13198621.533333333
"2020-04-05 00:00:00",2573566,6988421,173382,5226,2338690,12647633.9,13109415.133333333
"2020-04-06 00:00:00",3009291,8833445,220583,8422,2235113,12781458.7,13058685.266666668
"2020-04-07 00:00:00",2761955,7904276,239954,8031,2441566,12902955.1,13022537.966666667
"2020-04-08 00:00:00",2432449,7956762,199284,11118,3042075,12851763.833333334,13013757.8
"2020-04-09 00:00:00",3512127,7937786,263069,8096,2084016,12933979.133333333,13070726.566666666
"2020-04-10 00:00:00",2822221,8034438,222713,9648,2274698,12933391.166666666,13076490.533333333
"2020-04-11 00:00:00",2729795,7924100,263519,4437,2484849,12996701.033333333,13111214
"2020-04-12 00:00:00",1835497,6493376,163247,11392,1696811,12847127.2,13086846.733333332
"2020-04-13 00:00:00",3153653,9255643,287802,14990,2999964,12909593.6,12985559.3
"2020-04-14 00:00:00",1695465,6670916,242854,8362,1729779,12880823,12959226.366666667
"2020-04-15 00:00:00",2870102,6189226,247727,14021,2680700,12793403.933333334,13052776.2
"2020-04-16 00:00:00",1959224,7974317,235242,7460,1399910,12754240.266666668,13042187.1
"2020-04-17 00:00:00",2909578,9322502,177146,8712,2380161,12893220.233333332,12966633.9
"2020-04-18 00:00:00",2259856,7514532,174223,8088,3086072,12896538,12965835.766666668
"2020-04-19 00:00:00",1924251,8144343,217568,20681,1967489,12808656.733333332,12974611.4
"2020-04-20 00:00:00",1827022,6946200,251907,15923,2618198,12769288.3,12845098.933333334
"2020-04-21 00:00:00",2227397,7548860,214782,8776,2156261,12744016.9,12772399.166666666
"2020-04-22 00:00:00",2550200,8433944,258947,7239,1863687,12713727.8,12829941.666666666
"2020-04-23 00:00:00",3121832,7656062,126729,4132,2237037,12696746.433333334,12691482.266666668
"2020-04-24 00:00:00",3265979,6705421,217146,9416,1567334,12668524.433333334,12709306.166666666
"2020-04-25 00:00:00",1854893,6857238,233786,5374,2653909,12760069.6,12868940.933333334
"2020-04-26 00:00:00",3286187,6996138,150124,9843,2003559,12713977.633333333,12944945.033333333
"2020-04-27 00:00:00",2181258,8130585,261206,3416,2932844,12800473.233333332,13013462.533333333
"2020-04-28 00:00:00",2822407,7724051,214375,5734,1678752,12837358.266666668,13111377.966666667
"2020-04-29 00:00:00",2042060,8781736,204292,6698,2441835,12856850.833333334,12792741.6
"2020-04-30 00:00:00",2459007,7583610,255842,11667,2774255,12831356.766666668,12804337.933333334
"2020-05-01 00:00:00",1906295,7822155,245953,9058,3401992,12807660.133333333,12969583.433333334
"2020-05-02 00:00:00",2277991,6274615,179364,1959,1291543,12719050.233333332,12961571.966666667
"2020-05-03 00:00:00",3076153,6936882,158585,6315,1745342,12648086.233333332,13019696.9
"2020-05-04 00:00:00",2049571,8725395,299919,6897,2601549,12711283.333333334,13042498.566666666
"2020-05-05 00:00:00",2969076,8633448,211283,7188,2268185,12778279.966666667,13155853.766666668
"2020-05-06 00:00:00",3000571,8544979,180818,2231,2638875,12780300.4,13172313.433333334
"2020-05-07 00:00:00",2925310,8240917,199087,4262,2497762,12797352.166666666,13273946.366666667
"2020-05-08 00:00:00",1578803,6033326,171256,8170,1405074,12649183.566666666,13410398.3
"2020-05-09 00:00:00",2323459,8648625,295086,5721,2302553,12641528.3,13430686.666666666
"2020-05-10 00:00:00",2455775,8282161,213449,5346,2764799,12653455.2,13388041.033333333
"2020-05-11 00:00:00",2723958,8803730,242083,4171,2509715,12682687.733333332,13348547.933333334
"2020-05-12 00:00:00",4580843,11788047,241505,8083,1937326,12961204.6,13333170.766666668
"2020-05-13 00:00:00",3048728,7439966,272237,13576,2174534,12869103.866666667,13360504.333333334
"2020-05-14 00:00:00",2108221,8056800,216361,8173,2476080,12953045.933333334,13369234.5
"2020-05-15 00:00:00",1907323,8941943,184145,5952,2284141,12997103.933333334,13348918.7
"2020-05-16 00:00:00",2737982,7904734,167421,2649,2430501,13052675.566666666,13236904.366666667
"2020-05-17 00:00:00",2553994,6349363,153704,5311,1347692,12906407.2,13311517.666666666
"2020-05-18 00:00:00",2626314,6719089,211644,6224,2131219,12861464.1,13300886.1
"2020-05-19 00:00:00",2863235,11504979,248036,11045,2900143,13036568.166666666,13337108.6
"2020-05-20 00:00:00",2075653,8599253,264432,10798,2765306,13105108.233333332,13456847.366666667
"2020-05-21 00:00:00",2834913,7615303,213370,6647,1771776,13114639.433333334,13560521.966666667
"2020-05-22 00:00:00",2857297,8799654,229218,8317,2139571,13145306.966666667,13604024.3
"2020-05-23 00:00:00",2792803,8351065,213005,5263,1973745,13151643.766666668,13679044.633333333
"2020-05-24 00:00:00",2576597,6690914,239927,13066,1649220,13131791.433333334,13626794.5
"2020-05-25 00:00:00",2619559,9208921,250953,9713,2203218,13221363.433333334,13356042.033333333
"2020-05-26 00:00:00",2167313,9128342,243490,4640,3261127,13299998.433333334,13301384.3
"2020-05-27 00:00:00",3461163,8283756,231370,3820,2299405,13325672.133333333,13356050.333333334
"2020-05-28 00:00:00",2268814,8528909,246790,12191,2835199,13373892.133333333,13421120.266666668
"2020-05-29 00:00:00",2501581,7650913,264320,4932,1782369,13331474.966666667,13655283.233333332
"2020-05-30 00:00:00",2276428,8622546,173468,9155,2658415,13353329.133333333,13645464.833333334
"2020-05-31 00:00:00",2056832,7394195,264753,4145,2131178,13302184.166666666,13468394.866666667
"2020-06-01 00:00:00",2643850,9157800,282330,10488,2520772,13455177.1,13440608.9
"2020-06-02 00:00:00",2033821,8499658,286389,9413,2123072,13489480.033333333,13456989.233333332
"2020-06-03 00:00:00",3238167,9685973,209166,4467,3584961,13590793.566666666,13465450.033333333
"2020-06-04 00:00:00",2915747,8234426,206999,4801,2402163,13579958.966666667,13427563.866666667
"2020-06-05 00:00:00",3015332,7522526,262521,8218,3052235,13563071.333333334,13391539.733333332
"2020-06-06 00:00:00",4248793,8462830,213800,9318,1942757,13596743.533333333,13408560.1
"2020-06-07 00:00:00",2655271,6655190,290517,8243,2574805,13696323.366666667,13423629.166666666
"2020-06-08 00:00:00",2650480,8799202,227886,11443,3070254,13735784.033333333,13345990.933333334
"2020-06-09 00:00:00",1654232,8503038,229206,12667,1995194,13691544.5,13380123.433333334
"2020-06-10 00:00:00",2896635,7343468,240037,20179,2196547,13638651.433333334,13500734.5
"2020-06-11 00:00:00",2865416,8828760,187506,4291,3179947,13522321.233333332,13486009.033333333
"2020-06-12 00:00:00",3206137,7350467,250689,5729,2333140,13528892,13521697.066666666
"2020-06-13 00:00:00",1761663,9978663,178939,3960,2083526,13566928.833333334,13534862.633333333
"2020-06-14 00:00:00",3091381,7443348,224065,14431,2673897,13571049.033333333,13534375.233333332
"2020-06-15 00:00:00",2552889,8528071,234021,13504,2233613,13581676.266666668,13645081.666666666
"2020-06-16 00:00:00",2489218,8177397,227534,12414,3592964,13717992.166666666,13613750.933333334
"2020-06-17 00:00:00",2962585,8966440,178667,9222,2348025,13810341,13717317.566666666
"2020-06-18 00:00:00",2999001,9499046,240487,6343,2821816,13744983.033333333,13655032.166666666
"2020-06-19 00:00:00",3560611,9849429,319235,9964,3351204,13857482.633333333,13577597.633333333
"2020-06-20 00:00:00",2278693,8319787,242702,16042,2360369,13883335.433333334,13601740.233333332
"2020-06-21 00:00:00",1861056,8557982,240703,6824,3467230,13886660.833333334,13546510.766666668
"2020-06-22 00:00:00",2500244,10097139,236214,7357,2738606,13961450.733333332,13543318.866666667
"2020-06-23 00:00:00",3025559,8386309,249152,8161,2523507,14062216.433333334,13586666.433333334
"2020-06-24 00:00:00",3438497,7840933,238678,5541,2568743,14055550.6,13689795.133333333
"2020-06-25 00:00:00",2368385,9569655,231972,11422,2139040,14039402.933333334,13678952.766666668
"2020-06-26 00:00:00",2587704,8766449,254592,11844,3093788,14053898.366666667,13598032.9
"2020-06-27 00:00:00",2449648,8104112,209189,2580,2590927,14036049.633333333,13577541.133333333
"2020-06-28 00:00:00",2789859,8560897,203040,9847,3535222,14132541.2,13507353.466666667
"2020-06-29 00:00:00",3332851,8029187,246824,11367,1914495,14125698.666666666,13486108.433333334
"2020-06-30 00:00:00",2895774,9723208,306582,6668,2310800,14238763.366666667,13417142.7
"2020-07-01 00:00:00",2620888,10441289,216911,5550,2362633,14273164.266666668,13513626.1
"2020-07-02 00:00:00",3880020,8134480,262995,11447,2925791,14348577,13493278.033333333
"2020-07-03 00:00:00",2748702,7626420,173510,14438,1986995,14209487.9,13510119.6
"2020-07-04 00:00:00",4054000,8987700,244642,4253,2353015,14272137.633333333,13502273.3
"2020-07-05 00:00:00",3143723,9273990,197339,9438,2671401,14319972.733333332,13528327.8
"2020-07-06 00:00:00",2134036,8497241,290508,12775,3186890,14294771.4,13374718.466666667
"2020-07-07 00:00:00",3814593,8389691,206868,13832,2248833,14377764.666666666,13392326.266666668
"2020-07-08 00:00:00",3356410,8177131,277324,9914,2116557,14350367.766666668,13415637.566666666
"2020-07-09 00:00:00",3019070,10536694,166874,9780,2599644,14481625.8,13407701.333333334
"2020-07-10 00:00:00",2653513,10299824,212062,14709,3033108,14598837.766666668,13359749.166666666
"2020-07-11 00:00:00",2645451,9074586,263594,4126,2856398,14591446.1,13346610.166666666
"2020-07-12 00:00:00",2757646,7794787,316691,3525,2165329,14587840.266666668,13364184.1
"2020-07-13 00:00:00",2500108,9694859,230736,15421,2915042,14632821.133333333,13404471.933333334
"2020-07-14 00:00:00",3596645,8956307,333924,10757,2685358,14704017.166666666,13479611.133333333
"2020-07-15 00:00:00",3775443,9130405,224709,8586,2864684,14785408.066666666,13452199.2
"2020-07-16 00:00:00",2283988,7043173,235954,8354,2483495,14703922.866666667,13464562.3
"2020-07-17 00:00:00",2570639,8216832,225350,15583,3273705,14698495.633333333,13341196.466666667
"2020-07-18 00:00:00",2021399,8924218,210957,13384,1644409,14606751.4,13318320.3
"2020-07-19 00:00:00",2290626,8352653,263267,4807,2422349,14481526.966666667,13378590.533333333
"2020-07-20 00:00:00",2617799,10063348,258573,17565,2784995,14565684,13234523.7
"2020-07-21 00:00:00",2228467,8760434,211306,10811,2662765,14557016.933333334,13317769.3
"2020-07-22 00:00:00",3526765,7750557,208279,6600,2315248,14497946.066666666,13243623.4
"2020-07-23 00:00:00",2719650,7397072,322991,10546,2360598,14451885.133333333,13227906.233333332
"2020-07-24 00:00:00",3306781,8821150,225513,14867,2744552,14485901.333333334,13235987.333333334
"2020-07-25 00:00:00",1760271,9146051,195919,4051,2650772,14467120.933333334,13290787.633333333
"2020-07-26 00:00:00",2553809,8395763,226740,7926,1543778,14400908.733333332,13234552.1
"2020-07-27 00:00:00",2679738,9709181,276012,16510,2436865,14459637.633333333,13150294.2
"2020-07-28 00:00:00",2471546,8064542,248187,16936,2728404,14407329.733333332,13233833.533333333
"2020-07-29 00:00:00",2887980,8249911,203070,13223,3161880,14440041.3,13343700.266666668
"2020-07-30 00:00:00",2073183,8231125,219028,4288,1810263,14343203.1,13283383.566666666
"2020-07-31 00:00:00",2715048,9663310,257367,14942,2401247,14323358.6,13203015.3
"2020-08-01 00:00:00",2169565,7867618,177650,13913,2391794,14236885.166666666,13195841.1
"2020-08-02 00:00:00",2487060,7353007,146978,8114,1764108,14210525.133333333,13161833.666666666
"2020-08-03 00:00:00",2041738,7973847,344317,21432,2207707,14108705.833333334,13118751.266666668
"2020-08-04 00:00:00",1930072,5782684,207441,4324,1715723,13920184.166666666,13244345.866666667
"2020-08-05 00:00:00",3970347,8888253,194297,9781,3386109,13997762.266666668,13343893.266666668
"2020-08-06 00:00:00",3772012,9315431,294762,15451,3183920,14061354.166666666,13250306.033333333
"2020-08-07 00:00:00",2640623,7856691,242497,17292,3060768,14057371.6,13158443.666666666
"2020-08-08 00:00:00",2507054,7596430,249889,6510,2482863,13941060.266666668,12985869.2
"2020-08-09 00:00:00",3269379,9606540,220000,10149,2293338,13913932.733333332,12677621.8
"2020-08-10 00:00:00",1763646,8852069,231964,15837,2138920,13852542.033333333,12488031.566666666
"2020-08-11 00:00:00",3037279,9892900,232289,8308,2793205,13950075.533333333,12450067.7
"2020-08-12 00:00:00",1824819,8142946,289005,11983,2752482,13872244.333333334,12475870.233333332
"2020-08-13 00:00:00",3467181,9160174,274966,12202,2818994,13877262,12520544.1
"2020-08-14 00:00:00",3470236,7798331,310756,5544,2267777,13805556.066666666,12605416.9
"2020-08-15 00:00:00",2663829,8583972,194710,6180,2949051,13883648.066666666,12594329.866666667
"2020-08-16 00:00:00",4319636,8729414,234036,12090,2682233,13939491.266666668,12678316.733333332
"2020-08-17 00:00:00",2378403,9425044,331433,13149,3409274,14030922.5,12697068.8
"2020-08-18 00:00:00",3660965,10391534,314555,6252,2664051,14154377.366666667,12798091.3
"2020-08-19 00:00:00",2900515,6588652,259391,10132,1920559,14018942.266666668,12990196.2
"2020-08-20 00:00:00",3214772,10421398,235684,5865,2080182,14088413.233333332,12962477.266666668
"2020-08-21 00:00:00",3581604,9623155,239442,9825,2132510,14147716.233333332,13013379.433333334
"2020-08-22 00:00:00",2553394,6913987,228107,13172,2491563,14127362.2,13034227.4
"2020-08-23 00:00:00",2162129,7157779,235734,7854,1951016,14007417.166666666,13121235
"2020-08-24 00:00:00",2802334,7559657,234979,11265,2331228,13980164.133333333,13035441.466666667
"2020-08-25 00:00:00",1622187,6706826,221207,12540,1163428,13880103.533333333,13128797.933333334
"2020-08-26 00:00:00",2488467,6514921,181090,4408,1381387,13728501.8,13168144.733333332
"2020-08-27 00:00:00",2518422,8455697,218088,7666,3357932,13762774.566666666,13176082.3
"2020-08-28 00:00:00",2756470,8778866,318408,12115,2597736,13761025.433333334,13098000.433333334
"2020-08-29 00:00:00",2483398,9541527,234377,4449,2338818,13836514.766666668,13211772.766666668
"2020-08-30 00:00:00",2804609,9733075,238548,10735,3344578,13872501.833333334,13192862.466666667
"2020-08-31 00:00:00",3813627,8877476,259808,15491,2343683,13962153.9,13111126.833333334
"2020-09-01 00:00:00",2268872,9196714,228945,9968,2932832,14058090.1,13152798.766666668
"2020-09-02 00:00:00",2003689,8094350,165593,17601,2203803,14054623.066666666,13211181.4
"2020-09-03 00:00:00",3123858,8016511,225749,15060,2528937,14196952.4,13247959.3
"2020-09-04 00:00:00",3249759,9139246,221728,8641,1881421,14132019.1,13181309.6
"2020-09-05 00:00:00",3159424,8702477,263292,6266,2242928,14058446.166666666,13139280.233333332
"2020-09-06 00:00:00",2780733,6741914,238910,12242,2310260,14000652.233333332,13161357.266666668
"2020-09-07 00:00:00",2779012,8529448,266697,6891,2922271,14056038.6,13279658.833333334
"2020-09-08 00:00:00",2861600,7944558,303932,12354,2555448,13998654.866666667,13610450.333333334
"2020-09-09 00:00:00",4047322,8901072,360960,14290,2091821,14079089.233333332,13813754.033333333
"2020-09-10 00:00:00",3108411,8196422,278786,7773,1528167,13984275.066666666,13863838.166666666
"2020-09-11 00:00:00",2898351,7881605,217147,19869,2569765,14003125.1,13859936.666666666
"2020-09-12 00:00:00",2743097,9089258,162876,8195,1769334,13937765.833333334,13824495.866666667
"2020-09-13 00:00:00",2069362,8616288,272678,3424,2380553,13920754.466666667,13759033.633333333
"2020-09-14 00:00:00",2112070,8504067,262460,4708,2848837,13898568.766666668,13728476.533333333
"2020-09-15 00:00:00",2675032,8468168,246920,25803,1860739,13808543.733333332,13749693.133333333
"2020-09-16 00:00:00",4092288,9612427,266670,15296,2657859,13844784.966666667,13858502.266666668
"2020-09-17 00:00:00",1956286,10403610,270249,11161,2697104,13788153.7,13739188.266666668
"2020-09-18 00:00:00",4014206,6978501,209648,22776,2604054,13859818.6,13698808.533333333
"2020-09-19 00:00:00",2788487,8784365,251955,11994,3053925,13824245.433333334,13638689.066666666
"2020-09-20 00:00:00",3820876,7522508,231061,7918,1962543,13756190.8,13545741.633333333
"2020-09-21 00:00:00",3501057,9820195,340562,18198,2384669,13885006.066666666,13366384.5
"2020-09-22 00:00:00",2228454,8887021,221935,10376,2266603,13955001.966666667,13376982.266666668
"2020-09-23 00:00:00",3481807,8647436,267690,4598,2124521,14007888.133333333,13424688.766666668
"2020-09-24 00:00:00",2367500,7280891,325892,15595,2425743,14097535.733333332,13442858.533333333
"2020-09-25 00:00:00",4486997,8160432,320777,11352,2049177,14246151.6,13532798.466666667
"2020-09-26 00:00:00",2694869,8815881,216938,5839,2780092,14244678.633333333,13551699.533333333
"2020-09-27 00:00:00",2628620,8377350,231712,8067,2102351,14207495.4,13523504.5
"2020-09-28 00:00:00",3012723,8919801,357067,10880,2289683,14207082.233333332,13406902.666666666
"2020-09-29 00:00:00",2144969,8265899,230115,12918,1708823,14081454.866666667,13506604.966666667
"2020-09-30 00:00:00",2297863,9704302,307309,7973,2292651,14058121.966666667,13436865.933333334
"2020-10-01 00:00:00",3003221,8972035,224990,14639,2399113,14057343.566666666,13305909.733333332
"2020-10-02 00:00:00",2539964,8831465,247079,7818,1971727,14094444.566666666,13202495.666666666
"2020-10-03 00:00:00",1979349,7433851,176820,8448,2359688,14029379.1,13069412.9
"2020-10-04 00:00:00",3233408,6275904,175624,14479,1599325,13922643.566666666,13207796.6
"2020-10-05 00:00:00",2588602,9298230,254585,10976,2465950,13930775.9,13245082.066666666
"2020-10-06 00:00:00",2690496,10096774,283998,6528,2402898,14043997.566666666,13379291.066666666
"2020-10-07 00:00:00",3722642,6662784,245001,19706,1700761,13972216.4,13421538.333333334
"2020-10-08 00:00:00",4235677,9350482,297239,12268,1995174,14045981.566666666,13415287.466666667
"2020-10-09 00:00:00",2966658,8330994,221784,10063,2488954,13999414.233333332,13518726.633333333
"2020-10-10 00:00:00",3835690,8434564,197044,11632,2466671,14060282.566666666,13500462.666666666
"2020-10-11 00:00:00",4042681,7945939,171502,13671,1533303,14064294.333333334,13447801.4
"2020-10-12 00:00:00",3252335,8324344,284591,4040,2326705,14078270.066666666,13348258.5
"2020-10-13 00:00:00",2609931,9071219,207531,15694,2260505,14105688.933333334,13387579.866666667
"2020-10-14 00:00:00",2523230,8700858,246829,14749,1968551,14096424.3,13458182.3
"2020-10-15 00:00:00",3650919,8395042,313714,8416,2563983,14151604.466666667,13454374.8
"2020-10-16 00:00:00",3449111,10880485,330278,7683,2613196,14172811.5,13354376.766666668
"2020-10-17 00:00:00",2718533,7959093,241278,12757,2011190,14092959.466666667,13377284.1
"2020-10-18 00:00:00",3248170,7935832,204367,11770,2593394,14098437.2,13257980.866666667
"2020-10-19 00:00:00",2533360,8511710,253030,13701,2232339,14053551.366666667,13244945.533333333
"2020-10-20 00:00:00",2347873,8197269,235126,10468,1984470,14027895.033333333,13352545.033333333
"2020-10-21 00:00:00",2402272,8238574,279810,10935,2611491,13943841.7,13519592.633333333
"2020-10-22 00:00:00",3166997,8946204,215586,9570,3543428,14019422.033333333,13460575.6
"2020-10-23 00:00:00",2354293,8584521,246293,3635,2321095,13985548.433333334,13488467.7
"2020-10-24 00:00:00",2600877,9201941,205309,8290,2426333,14053119.233333332,13424462.266666668
"2020-10-25 00:00:00",2149352,7426661,211351,6633,1490669,13928316.5,13359124.466666667
"2020-10-26 00:00:00",2113675,11067630,210247,13838,2288388,13967655.3,13321372.566666666
"2020-10-27 00:00:00",2881185,8320890,294958,5280,2227319,13980373.166666666,13371631.433333334
"2020-10-28 00:00:00",3413409,9147878,252036,17704,1770483,13980751.1,13489377.833333334
"2020-10-29 00:00:00",2678864,8729830,251809,10421,2579124,14043661.866666667,13480701.2
"2020-10-30 00:00:00",2332727,8523454,193506,11011,1830155,13986353.633333333,13606924.233333332
"2020-10-31 00:00:00",2975657,9242213,183960,18375,2326781,13990786.533333333,13772492.433333334
"2020-11-01 00:00:00",2770211,6474003,187811,15408,2355291,13930941.4,13828609.933333334
"2020-11-02 00:00:00",3595975,8125543,294414,9713,1824886,13994020.766666668,13833878.5
"2020-11-03 00:00:00",2456306,7015502,193324,12754,3001037,14040027,13822547.7
"2020-11-04 00:00:00",3384657,9331221,267562,3869,2203629,14059112.733333332,13794236.833333334
"2020-11-05 00:00:00",2890468,9140348,191691,11384,2201458,14024267.966666667,13722446.1
"2020-11-06 00:00:00",2827490,9253421,239961,33696,2182781,14097149.6,13678855.533333333
"2020-11-07 00:00:00",2482506,8340686,224393,4238,2277937,14011780.1,13630511.866666667
"2020-11-08 00:00:00",3178580,7344204,321243,6270,2068874,13975137.433333334,13505101.2
"2020-11-09 00:00:00",2204469,8438028,284166,6549,2463650,13923512.3,13432643.166666666
"2020-11-10 00:00:00",2421844,8434771,194878,5808,2250911,13910216.5,13552313.2
"2020-11-11 00:00:00",3198309,8463297,271745,21601,2624875,13923143.533333333,13596212
"2020-11-12 00:00:00",2831362,9553305,230310,11470,2020447,13939210.9,13537466.066666666
"2020-11-13 00:00:00",2864938,7234942,264326,9969,2739511,13927859.433333334,13526443.833333334
"2020-11-14 00:00:00",3069865,7832424,198165,14934,2756958,13892535.6,13500654.5
"2020-11-15 00:00:00",4344519,7997947,227997,10026,2632455,13823608.266666668,13511671.1
"2020-11-16 00:00:00",2327352,11072535,212437,14989,2757032,13938325.2,13412489.1
"2020-11-17 00:00:00",2329599,7484168,304786,9821,2323841,13886948.233333332,13457564
"2020-11-18 00:00:00",3175640,6189766,208857,16556,2365725,13834028.1,13503321.533333333
"2020-11-19 00:00:00",3498665,8599485,266522,14195,1896711,13884040.3,13556494.066666666
"2020-11-20 00:00:00",3251303,10295440,293386,12200,2664355,13983160.3,13591283.533333333
"2020-11-21 00:00:00",2458568,8140033,216666,5357,2112381,13884867.066666666,13642048.533333333
"2020-11-22 00:00:00",3038124,6741170,240097,12100,1710068,13825924.166666666,13486436.366666667
"2020-11-23 00:00:00",2698467,10841865,317564,16874,2925942,13904523.166666666,13388609.866666667
"2020-11-24 00:00:00",2233477,8986504,230617,10206,2267064,13985963.466666667,13403007.533333333
"2020-11-25 00:00:00",2442241,7540999,214732,8524,1723062,13860489.133333333,13381955.233333332
"2020-11-26 00:00:00",3529186,8790099,222604,13126,2978027,13920602.833333334,13245552.7
"2020-11-27 00:00:00",2401178,7466636,201822,21031,2301557,13846960.033333333,13178515.166666666
"2020-11-28 00:00:00",2187577,8728400,229638,16306,1531700,13795079.1,13105964.633333333
"2020-11-29 00:00:00",3231657,7127877,186033,13315,1295899,13760543.2,13164134.4
"2020-11-30 00:00:00",2529760,7781492,254480,20593,2510486,13705537.833333334,12987399.8
"2020-12-01 00:00:00",2598248,8841703,230661,11192,1714253,13758649.5,12972067.233333332
"2020-12-02 00:00:00",1898108,8321270,226882,13471,2087915,13715219.4,13064378.533333333
"2020-12-03 00:00:00",2429673,6613224,266566,17344,2928056,13701083.833333334,12989885.833333334
"2020-12-04 00:00:00",3318925,8291207,292854,12454,1701678,13648623.466666667,13069431.566666666
"2020-12-05 00:00:00",4511787,7105593,191188,12557,2583255,13647590.633333333,13023508.233333332
"2020-12-06 00:00:00",2911640,5871512,190371,12828,1816317,13523101.4,13093525.466666667
"2020-12-07 00:00:00",2410731,6835817,210687,6876,2165818,13466440.633333333,13062630.266666668
"2020-12-08 00:00:00",2175764,8397939,253219,6782,2786697,13489815.533333333,13110504.566666666
"2020-12-09 00:00:00",2628885,8742175,282106,13276,2369999,13511135.233333332,13184271.033333333
"2020-12-10 00:00:00",2998276,9002477,214295,23892,2205448,13549007.6,13040929.433333334
"2020-12-11 00:00:00",2094699,8677654,257001,11441,2491574,13514092.233333332,13051196.766666668
"2020-12-12 00:00:00",1933198,8307403,249375,6633,1521793,13426475.833333334,13041803.7
"2020-12-13 00:00:00",2410161,5373287,185280,3313,1792035,13314822.1,12927278.966666667
"2020-12-14 00:00:00",2697479,8355344,237022,10958,2316303,13306313.766666668,12869153.7
"2020-12-15 00:00:00",2367203,10317236,184345,16848,2978045,13328004.933333334,12915461.533333333
"2020-12-16 00:00:00",2999468,8884365,201307,20554,1798298,13245326.366666667,12940905.033333333
"2020-12-17 00:00:00",3006857,7820499,322803,15193,2305682,13279287.1,12964363.233333332
"2020-12-18 00:00:00",2633759,8790928,219118,4731,2504386,13352499.533333333,13026657.866666667
"2020-12-19 00:00:00",2535463,6784204,238491,12025,2783508,13288436.6,12955537.366666667
"2020-12-20 00:00:00",2985191,7390292,216284,7389,2431105,13172221.7,12865087.8
"2020-12-21 00:00:00",2430685,10624955,252521,9561,1932082,13249448.566666666,12789313.666666666
"2020-12-22 00:00:00",2419184,9353251,227711,14412,2062087,13327284.766666668,12926426.066666666
"2020-12-23 00:00:00",3728299,9055023,215649,15298,2657037,13289637.833333334,13037618.266666668
"2020-12-24 00:00:00",2220690,7552580,185962,9192,2095647,13234178.133333333,13007421.133333333
"2020-12-25 00:00:00",3492397,9007827,272740,23304,2581400,13349115.833333334,13021928.4
"2020-12-26 00:00:00",4947714,8607017,178303,6450,2038156,13357268.8,13118906.966666667
"2020-12-27 00:00:00",1985255,7161705,271987,6598,2118860,13329008.4,13138075.533333333
"2020-12-28 00:00:00",3115114,6490789,249710,7721,1606926,13288229.466666667,13054953.1
"2020-12-29 00:00:00",1667807,4775709,216932,5469,1678026,13171200.866666667,13002086.5
"2020-12-30 00:00:00",1248524,5838033,235223,11161,1697060,13035640.366666667,13096883.633333333
"2020-12-31 00:00:00",2644952,9404093,202853,8329,2060982,13066478.566666666,13168119.5
"2021-01-01 00:00:00",3511060,8368922,216260,6763,2232795,13126083.733333332,13177193.166666666
"2021-01-02 00:00:00",3103802,7772160,257548,6103,2122338,13159653.4,13167662.2
"2021-01-03 00:00:00",4301792,8186298,232270,9163,1737344,13187978.6,13291667.533333333
"2021-01-04 00:00:00",2589933,9835395,307440,24118,2864034,13228530.6,13327460.7
"2021-01-05 00:00:00",2464002,8698218,227181,12575,2259819,13323834.966666667,13328203.466666667
"2021-01-06 00:00:00",2377315,6151534,218525,1811,1637297,13282385.566666666,13221386.966666667
"2021-01-07 00:00:00",2940944,5893336,217366,11204,1737537,13188384.366666667,13230825.066666666
"2021-01-08 00:00:00",3645521,6965392,205079,19018,2867560,13177255.066666666,13299872.133333333
"2021-01-09 00:00:00",2274964,7955458,282392,8941,1994128,13112971.333333334,13372373.2
"2021-01-10 00:00:00",2913521,9590644,258961,5719,3240814,13195547.733333332,13308639.966666667
"2021-01-11 00:00:00",3260546,9603242,228457,15708,2566980,13317432.133333333,13351265.4
"2021-01-12 00:00:00",3361538,8499054,283956,10367,2351396,13475506.633333333,13389172.5
"2021-01-13 00:00:00",2479607,9959395,228570,6949,2308348,13521032.2,13491131
"2021-01-14 00:00:00",2339492,9627632,280061,17440,2299943,13477728.6,13492285.466666667
"2021-01-15 00:00:00",1864244,6589099,190821,12295,2138592,13374096.733333332,13582837.833333334
"2021-01-16 00:00:00",1907004,8880238,232488,7356,2036781,13360524.133333333,13516696.233333332
"2021-01-17 00:00:00",4001841,8574995,205760,5574,2392891,13394795.666666666,13392542.4
"2021-01-18 00:00:00",3779521,9896207,227213,15824,2617434,13534213.266666668,13425527.466666667
"2021-01-19 00:00:00",2711590,8497807,281735,18030,2351002,13561877.233333332,13462346.666666666
"2021-01-20 00:00:00",2676138,7455428,242776,11173,2214555,13473552.766666668,13434260.333333334
"2021-01-21 00:00:00",2031601,8217649,190391,12423,2021432,13420114.1,13357948.933333334
"2021-01-22 00:00:00",3145424,7199033,176605,14583,2100197,13318931.766666668,13358442.1
"2021-01-23 00:00:00",2511044,9579399,295301,5964,2609716,13416843.866666667,13194711.533333333
"2021-01-24 00:00:00",2454687,8145410,314008,8329,2003890,13335131.833333334,13116417.8
"2021-01-25 00:00:00",3005548,9865028,242388,4985,2241481,13321191.533333333,13087784.933333334
"2021-01-26 00:00:00",2431386,8437288,291922,3521,3062091,13410584.633333333,13115620.333333334
"2021-01-27 00:00:00",3115609,9904745,263715,7738,1898278,13534578.733333332,13192963.1
"2021-01-28 00:00:00",2644601,7167992,212966,7984,1965298,13656409.433333334,13170740.833333334
"2021-01-29 00:00:00",3467263,8185983,219442,13123,3060937,13853634.5,13151567.7
"2021-01-30 00:00:00",2634245,7509502,268416,6502,2255642,13798737.966666667,13094871.433333334
"2021-01-31 00:00:00",3187507,7950276,270451,13678,2646100,13789811.966666667,12977085.433333334
"2021-02-01 00:00:00",2182657,8680002,284323,6859,2904886,13816371.8,12940268.7
"2021-02-02 00:00:00",2045663,10578577,257249,22698,2664302,13853092.5,12815761.6
"2021-02-03 00:00:00",2822531,7933048,228497,5866,3100298,13802069.433333334,12753737.266666668
"2021-02-04 00:00:00",1595563,8918312,275988,10795,2083394,13776144.533333333,12715222.9
"2021-02-05 00:00:00",3124662,9590623,203696,10320,3073068,13963342,12767003.1
"2021-02-06 00:00:00",1728186,8146713,195676,10730,2921432,14036754,12796679.866666667
"2021-02-07 00:00:00",1867823,9242840,263390,6719,2801884,14052756.8,12655599.133333333
"2021-02-08 00:00:00",2304928,9588276,246994,12563,3510585,14157672.633333333,12555080.3
"2021-02-09 00:00:00",2039116,9239041,196404,9436,2674672,14095973.166666666,12538307.333333334
"2021-02-10 00:00:00",1480384,8161804,190234,5178,2480976,13984094.733333332,12478697.6
"2021-02-11 00:00:00",2348443,5549416,142724,10373,2042255,13836991.366666667,12446521.4
"2021-02-12 00:00:00",2715916,7192408,199917,8582,2496445,13758004.166666666,12349470.266666668
"2021-02-13 00:00:00",2694729,7320940,147172,4659,2296923,13687999.166666666,12103946.333333334
"2021-02-14 00:00:00",3037585,6202225,202536,14597,1874589,13705881.733333332,11898346.866666667
"2021-02-15 00:00:00",2949904,7447750,242674,3328,2666387,13714087.766666668,11815397.1
"2021-02-16 00:00:00",3006375,8496760,198940,7476,2175615,13670890.666666666,11843801.766666668
"2021-02-17 00:00:00",3225038,7315605,207201,9092,1877704,13540837.833333334,11865019.433333334
"2021-02-18 00:00:00",4715610,8034729,195178,19733,2564514,13596491.1,11849154.2
"2021-02-19 00:00:00",3490253,8720062,303612,4512,2796062,13686972.166666666,11952001.1
"2021-02-20 00:00:00",2943402,8250713,172732,2922,3276779,13759407.433333334,11995292.166666666
"2021-02-21 00:00:00",2849845,7377646,190819,9309,2450484,13767482.933333334,11984299.6
"2021-02-22 00:00:00",3683094,8241863,262108,19954,2489903,13757332.333333334,12100083.366666667
"2021-02-23 00:00:00",2492633,7284380,308311,15676,2490397,13746168.266666668,12140053.066666666
"2021-02-24 00:00:00",3141331,9917005,231518,17178,2769820,13770082.666666666,12095102.633333333
"2021-02-25 00:00:00",2219776,8438709,189349,9038,2543851,13742566.466666667,12020545.233333332
"2021-02-26 00:00:00",2991447,9458830,281137,4908,2178382,13733387.366666667,12024132.433333334
"2021-02-27 00:00:00",2417297,7254148,197916,11916,2856866,13758030.733333332,12002459.033333333
"2021-02-28 00:00:00",1945781,7673791,212902,5751,2026010,13655279.8,11946648.266666668
"2021-03-01 00:00:00",3018271,5077273,203213,8110,2316571,13586917.2,11883316.833333334
"2021-03-02 00:00:00",2614521,10774945,261833,9736,2909092,13670321.266666668,11885035.733333332
"2021-03-03 00:00:00",2607091,6997481,267172,14547,3658460,13653188.766666668,11947282.2
"2021-03-04 00:00:00",2808193,9699278,267272,9321,3124656,13664529.766666668,11888260.566666666
"2021-03-05 00:00:00",2340651,6584517,231433,13268,1854132,13562321.4,11949884.8
"2021-03-06 00:00:00",2293737,8917123,210990,7315,2987036,13613392.966666667,11932012.666666666
"2021-03-07 00:00:00",2782533,8661565,262615,8999,2721771,13561229.666666666,11897564.333333334
"2021-03-08 00:00:00",3271209,10558385,282560,9170,2896643,13695070.466666667,11723152.4
"2021-03-09 00:00:00",2756464,9517498,200458,9925,3088777,13741419.4,11844335.733333332
"2021-03-10 00:00:00",2535274,8875916,207477,13932,1975101,13672897.633333333,11822020.8
"2021-03-11 00:00:00",4083679,7840392,297803,17574,2858717,13704214.2,11885007.833333334
"2021-03-12 00:00:00",2654515,8629669,236442,21843,2017959,13745609.366666667,11869623.933333334
"2021-03-13 00:00:00",2916569,7331055,279088,9616,3419143,13874351.933333334,11971349.333333334
"2021-03-14 00:00:00",2937244,6530776,247097,17027,2724210,13869121.8,12039822.066666666
"2021-03-15 00:00:00",2779482,7559504,255023,11457,2924233,13904631.466666667,12175486.9
"2021-03-16 00:00:00",2331639,9179404,272039,21218,2384636,13999878.333333334,12403361.1
"2021-03-17 00:00:00",3506119,9680490,245494,5103,2450804,14085810.733333332,12513471.8
"2021-03-18 00:00:00",2988116,7309157,252651,20720,3067681,14077583.266666668,12458997.1
"2021-03-19 00:00:00",3310328,9494913,242948,5472,2710453,14181899.666666666,12397917.733333332
"2021-03-20 00:00:00",2689746,8225158,199077,9550,2097736,14104949.6,12461207.666666666
"2021-03-21 00:00:00",2518093,6542115,222086,10906,2564250,13989714.133333333,12394643.333333334
"2021-03-22 00:00:00",2806541,8566199,235206,9136,3443481,14003514.833333334,12404005.166666666
"2021-03-23 00:00:00",2603837,8176110,298402,13767,2071010,14013015.633333333,12452025.133333333
"2021-03-24 00:00:00",4102189,9123659,210961,8940,2469040,14053611.133333333,12508763.233333332
"2021-03-25 00:00:00",2451850,6690291,249779,8570,2698088,14037183.666666666,12527737.766666668
"2021-03-26 00:00:00",2106007,8909627,265565,7579,3334675,13988736.7,12451193.766666668
"2021-03-27 00:00:00",3338075,8641640,262521,12108,1661049,14005892.5,12521122.366666667
"2021-03-28 00:00:00",1970103,7258319,211744,28167,1657226,13879587.666666666,12445216.866666667
"2021-03-29 00:00:00",2742838,8764449,223472,11510,3855753,13974917.266666668,12435994.1
"2021-03-30 00:00:00",3015471,9626899,360754,13698,2437190,14094576.866666667,12508921.933333334
"2021-03-31 00:00:00",2710921,6451894,287908,20082,2801693,14149545.833333334,12597564.366666667
"2021-04-01 00:00:00",1576025,7878610,160868,8097,2382015,13997394.633333333,12647767.033333333
"2021-04-02 00:00:00",1758888,5891490,257389,19986,2090956,13879859.066666666,12610677.033333333
"2021-04-03 00:00:00",4711727,9766542,204828,7944,2467384,13921515.833333334,12687281.233333332
"2021-04-04 00:00:00",3699520,7872455,255009,7141,1771264,14007561.933333334,12659205.866666667
"2021-04-05 00:00:00",3959604,8217473,265025,8647,3264379,14050859.566666666,12647633.9
"2021-04-06 00:00:00",2810161,9682835,255557,13696,2969922,14094016.266666668,12781458.7
"2021-04-07 00:00:00",2836795,8189302,320753,13438,2714364,13995905.733333332,12902955.1
"2021-04-08 00:00:00",3332312,10018767,280720,5245,2099286,14001346.1,12851763.833333334
"2021-04-09 00:00:00",2900243,9878473,288951,20743,2983685,14083492.766666668,12933979.133333333
"2021-04-10 00:00:00",2882138,8780063,281959,9853,2403251,14058795.5,12933391.166666666
"2021-04-11 00:00:00",3811948,7247319,202258,2836,2000316,14048936.733333332,12996701.033333333
"2021-04-12 00:00:00",3471938,7761798,249772,16276,2539223,14051721.133333333,12847127.2
"2021-04-13 00:00:00",2541997,8950464,287810,12953,3137028,14134184.466666667,12909593.6
"2021-04-14 00:00:00",3017342,11018426,280389,5510,2019759,14227908.433333334,12880823
"2021-04-15 00:00:00",2526122,8418080,246424,13671,3213799,14235547.233333332,12793403.933333334
"2021-04-16 00:00:00",3632621,8411379,303725,10070,2573923,14203670.666666666,12754240.266666668
"2021-04-17 00:00:00",3523949,8005646,204510,8968,2567911,14226092.466666667,12893220.233333332
"2021-04-18 00:00:00",2638123,6827471,252361,11177,2491449,14107974.3,12896538
"2021-04-19 00:00:00",2279087,7998437,282937,8586,2257911,14094831.3,12808656.733333332
"2021-04-20 00:00:00",3022877,7485602,277397,13964,2391519,14139295.4,12769288.3
"2021-04-21 00:00:00",2239360,6877882,216641,13865,2008998,14015834.766666668,12744016.9
"2021-04-22 00:00:00",2367817,7994375,281940,11128,1683564,13988358.2,12713727.8
"2021-04-23 00:00:00",1940638,6151165,243473,14563,1690193,13792532.866666667,12696746.433333334
"2021-04-24 00:00:00",3349126,7134291,239642,10847,2480737,13829734.866666667,12668524.433333334
"2021-04-25 00:00:00",3191303,8404723,246753,16091,3045251,13839090.666666666,12760069.6
"2021-04-26 00:00:00",4432634,8921809,241649,9490,2834901,13923260.433333334,12713977.633333333
"2021-04-27 00:00:00",2090070,9835271,254528,18525,2410492,14039371.433333334,12800473.233333332
"2021-04-28 00:00:00",1950904,8449087,232939,20385,3473809,13990341.433333334,12837358.266666668
"2021-04-29 00:00:00",2279347,7983396,240703,13013,2280122,13901760.433333334,12856850.833333334
"2021-04-30 00:00:00",3688125,7801934,346237,11599,2848559,13982558.9,12831356.766666668
"2021-05-01 00:00:00",3964392,9828392,255527,8917,1941979,14115679.166666666,12807660.133333333
"2021-05-02 00:00:00",3796886,9244123,219563,6157,2231656,14298335.666666666,12719050.233333332
"2021-05-03 00:00:00",3902056,7303543,254381,8386,2040598,14176687.4,12648086.233333332
"2021-05-04 00:00:00",2421646,7937267,240034,21037,2324966,14154673.2,12711283.333333334
"2021-05-05 00:00:00",1959828,8290196,281529,4557,1972561,14047791.666666666,12778279.966666667
"2021-05-06 00:00:00",3433563,8329295,330060,10342,2392813,14006588.333333334,12780300.4
"2021-05-07 00:00:00",3503047,9592878,282212,15052,2514888,14067702.9,12797352.166666666
"2021-05-08 00:00:00",2858746,9454945,283794,8628,2457236,14045270.766666668,12649183.566666666
"2021-05-09 00:00:00",3041385,7745415,288568,4023,1600700,13932203.733333332,12641528.3
"2021-05-10 00:00:00",3813179,8588511,230070,14806,2927186,13972754.366666667,12653455.2
"2021-05-11 00:00:00",3367560,8715625,279223,9790,3559085,14061641.5,12682687.733333332
"2021-05-12 00:00:00",3087476,9534598,257510,7565,1810981,14083611.8,12961204.6
"2021-05-13 00:00:00",2477644,8530519,243070,1874,1616802,14014933.166666666,12869103.866666667
"2021-05-14 00:00:00",2816865,7495600,221701,12359,2180512,13894453.566666666,12953045.933333334
"2021-05-15 00:00:00",1850434,6563307,309341,10045,1301479,13748337.033333333,12997103.933333334
"2021-05-16 00:00:00",2002023,9285123,210331,13740,2586037,13720521.366666667,13052675.566666666
"2021-05-17 00:00:00",3028577,10019859,272766,9577,2739633,13779169,12906407.2
"2021-05-18 00:00:00",2801547,8237276,265230,16023,2337354,13827063.933333334,12861464.1
"2021-05-19 00:00:00",3507101,8355091,337662,13425,2040755,13874632.966666667,13036568.166666666
"2021-05-20 00:00:00",4095787,8616016,241459,6171,2621106,13954272,13105108.233333332
"2021-05-21 00:00:00",2711950,9126773,326526,9538,3296226,14091413.933333334,13114639.433333334
"2021-05-22 00:00:00",2937655,8444058,234344,3541,2208627,14141060.166666666,13145306.966666667
"2021-05-23 00:00:00",2821263,9923773,278001,12426,2854519,14336058.733333332,13151643.766666668
"2021-05-24 00:00:00",3900226,9435606,290534,5725,2589039,14436275.233333332,13131791.433333334
"2021-05-25 00:00:00",2512008,7695067,207378,9887,2071132,14355986.9,13221363.433333334
"2021-05-26 00:00:00",1946810,8342585,200396,21483,2724200,14249152.933333334,13299998.433333334
"2021-05-27 00:00:00",2451862,9694155,244004,9030,2559661,14260813.666666666,13325672.133333333
"2021-05-28 00:00:00",3135921,8220774,223779,20409,2111337,14246983.633333333,13373892.133333333
"2021-05-29 00:00:00",2500471,8511836,227947,11631,2412237,14275901.433333334,13331474.966666667
"2021-05-30 00:00:00",3189047,7518494,243629,6471,2989726,14250931.766666668,13353329.133333333
"2021-05-31 00:00:00",2501085,10827718,255086,9275,2345495,14248914,13302184.166666666
"2021-06-01 00:00:00",2720306,7938729,321959,10193,1960529,14164025.1,13455177.1
"2021-06-02 00:00:00",1647388,8127695,215113,7576,2204869,14120480.733333332,13489480.033333333
"2021-06-03 00:00:00",3692656,8370020,282894,7245,3134427,14205223.933333334,13590793.566666666
"2021-06-04 00:00:00",3447256,8625038,286817,17834,2561836,14286227.666666666,13579958.966666667
"2021-06-05 00:00:00",3405082,8411522,359611,8297,3184740,14315333.466666667,13563071.333333334
"2021-06-06 00:00:00",3494229,8838042,240911,10818,2888066,14300799.2,13596743.533333333
"2021-06-07 00:00:00",3472062,10402556,184957,11943,2432389,14348817.1,13696323.366666667
"2021-06-08 00:00:00",3555915,8608719,328210,8500,2222160,14416930.9,13735784.033333333
"2021-06-09 00:00:00",2323806,7128211,183950,16153,2164775,14291701.233333332,13691544.5
"2021-06-10 00:00:00",2543127,10558194,276128,8995,2731232,14297914.4,13638651.433333334
"2021-06-11 00:00:00",2825953,8182059,231765,9544,2118965,14253586.866666667,13522321.233333332
"2021-06-12 00:00:00",1741676,9486881,219841,13561,2277027,14282556.6,13528892
"2021-06-13 00:00:00",3656057,8312038,157993,11447,1620410,14316920.133333333,13566928.833333334
"2021-06-14 00:00:00",2645585,7166640,238732,11340,2941577,14415895.933333334,13571049.033333333
"2021-06-15 00:00:00",3295949,8336197,270800,12608,2711817,14433567,13581676.266666668
"2021-06-16 00:00:00",3157854,9555946,310010,16774,2873234,14428347.466666667,13717992.166666666
"2021-06-17 00:00:00",3016073,8598336,195500,10088,2704572,14457251.9,13810341
"2021-06-18 00:00:00",3063983,10130003,278942,8528,2182766,14504257.966666667,13744983.033333333
"2021-06-19 00:00:00",2635727,7697041,249812,16724,2727428,14429130.9,13857482.633333333
"2021-06-20 00:00:00",2830231,8563045,251839,6959,2362755,14380591.566666666,13883335.433333334
"2021-06-21 00:00:00",3348679,9553449,218947,14854,3008873,14457811.066666666,13886660.833333334
"2021-06-22 00:00:00",2601727,9559226,250932,14063,2960746,14441034.933333334,13961450.733333332
"2021-06-23 00:00:00",3305128,7882045,215980,15460,1906299,14344494.8,14062216.433333334
"2021-06-24 00:00:00",3421595,9184683,304405,17837,2776365,14451475.5,14055550.6
"2021-06-25 00:00:00",2557106,8611538,235000,8902,2898784,14487337.6,14039402.933333334
"2021-06-26 00:00:00",2316053,8017613,253948,21889,1977696,14408287.3,14053898.366666667
"2021-06-27 00:00:00",2383786,7199308,192083,18154,2075509,14346840.533333333,14036049.633333333
"2021-06-28 00:00:00",5230969,8301658,361568,8846,1972287,14420547.566666666,14132541.2
"2021-06-29 00:00:00",3699804,9217205,206625,11946,2139668,14464810.233333332,14125698.666666666
"2021-06-30 00:00:00",2044160,8805820,258448,8075,3349369,14415717.133333333,14238763.366666667
"2021-07-01 00:00:00",2654789,7499580,215019,10448,2108157,14400259.733333332,14273164.266666668
"2021-07-02 00:00:00",2638919,7474587,149000,17938,3200981,14442885.833333334,14348577
"2021-07-03 00:00:00",3115973,7838041,223095,8421,2723635,14390283.3,14209487.9
"2021-07-04 00:00:00",3296100,8822122,287007,10879,1721342,14363572.266666668,14272137.633333333
"2021-07-05 00:00:00",2549341,8109158,224759,10353,2421809,14295111.033333333,14319972.733333332
"2021-07-06 00:00:00",3913942,9253450,239730,17743,2924392,14324351.1,14294771.4
"2021-07-07 00:00:00",2949103,8172009,217336,10513,3375739,14265044.4,14377764.666666666
"2021-07-08 00:00:00",3497808,9144600,213705,14001,3124693,14307421.333333334,14350367.766666668
"2021-07-09 00:00:00",3257032,8485298,226039,13301,1820262,14373590.3,14481625.8
"2021-07-10 00:00:00",3472722,8585048,259971,6705,2585643,14333337.166666666,14598837.766666668
"2021-07-11 00:00:00",3167395,7994079,169217,11120,1975279,14331630.166666666,14591446.1
"2021-07-12 00:00:00",2235676,7423062,305076,9067,1906722,14269651,14587840.266666668
"2021-07-13 00:00:00",2414701,7409104,203302,7517,1929446,14209855.266666668,14632821.133333333
"2021-07-14 00:00:00",2803833,7766727,218298,11601,1922304,14200485.366666667,14704017.166666666
"2021-07-15 00:00:00",2500339,8895040,214772,9355,2184553,14173041.5,14785408.066666666
"2021-07-16 00:00:00",2176376,8828894,180775,15226,1829386,14076936.166666666,14703922.866666667
"2021-07-17 00:00:00",2522474,7761774,224965,10985,2142323,14014867.933333334,14698495.633333333
"2021-07-18 00:00:00",3777156,9001348,272680,7758,1753093,13986461.366666667,14606751.4
"2021-07-19 00:00:00",3051147,8033967,273181,5861,2703839,14011170.366666667,14481526.966666667
"2021-07-20 00:00:00",2726617,8242026,188766,16513,2159740,13988464.8,14565684
"2021-07-21 00:00:00",3403315,8618380,240896,8281,2563788,13944793.5,14557016.933333334
"2021-07-22 00:00:00",2287018,5966884,200736,10547,2152375,13785822.366666667,14497946.066666666
"2021-07-23 00:00:00",2381721,7005162,181381,18914,1245921,13702761.366666667,14451885.133333333
"2021-07-24 00:00:00",988702,7245387,196930,3682,1949902,13525417.766666668,14485901.333333334
"2021-07-25 00:00:00",1377920,4522304,111935,3596,1658130,13304168.933333334,14467120.933333334
"2021-07-26 00:00:00",1315606,4356839,110273,8754,1865399,13139823.9,14400908.733333332
"2021-07-27 00:00:00",3041209,5430081,176651,3684,1612490,13086333.233333332,14459637.633333333
"2021-07-28 00:00:00",2921556,7226011,226211,17340,2461571,12985578.233333332,14407329.733333332
"2021-07-29 00:00:00",2494916,6431294,242586,9733,2362827,12861115.166666666,14440041.3
"2021-07-30 00:00:00",2314530,10920344,248276,15261,2991921,12928597.033333333,14343203.1
"2021-07-31 00:00:00",3513719,7903123,233780,10612,2216220,12974912.2,14323358.6
"2021-08-01 00:00:00",2984397,7644763,256686,19503,2113071,12959478.633333333,14236885.166666666
"2021-08-02 00:00:00",2041326,9278241,189463,9287,2307559,12956701.966666667,14210525.133333333
"2021-08-03 00:00:00",4386370,11584658,282756,18900,2731538,13118927.5,14108705.833333334
"2021-08-04 00:00:00",2254333,8554011,228065,20910,3113334,13147435.266666668,13920184.166666666
"2021-08-05 00:00:00",3717734,6822919,216918,7106,2168938,13033580.166666666,13997762.266666668
"2021-08-06 00:00:00",2881933,8298030,227003,11385,2051420,12991748.9,14061354.166666666
"2021-08-07 00:00:00",2769418,9358755,235373,11946,2335272,12948947.333333334,14057371.6
"2021-08-08 00:00:00",4125655,9148206,297300,6803,2529504,13025798.033333333,13941060.266666668
"2021-08-09 00:00:00",3772294,8356755,299932,25171,3749458,13068915.566666666,13913932.733333332
"2021-08-10 00:00:00",2646705,8237146,202383,14816,2275442,13070895.9,13852542.033333333
"2021-08-11 00:00:00",3572045,7667162,205163,12822,2167171,13129054.233333332,13950075.533333333
"2021-08-12 00:00:00",3145864,7288631,186197,8470,2126437,13155438.833333334,13872244.333333334
"2021-08-13 00:00:00",1898412,8083755,279706,14636,1923873,13138025.766666668,13877262
"2021-08-14 00:00:00",2719293,8679301,256876,14135,2467984,13149143.5,13805556.066666666
"2021-08-15 00:00:00",2380563,9279063,223535,15424,2392250,13191149.5,13883648.066666666
"2021-08-16 00:00:00",2260196,8447816,226599,7428,2030123,13201471.2,13939491.266666668
"2021-08-17 00:00:00",2583456,7554376,199732,2964,2443338,13133865.766666668,14030922.5
"2021-08-18 00:00:00",3006410,8696554,260139,5467,1940904,13128581.366666667,14154377.366666667
"2021-08-19 00:00:00",2089177,6866487,178196,6335,2541698,13073522.666666666,14018942.266666668
"2021-08-20 00:00:00",2743214,8863022,267912,5585,2286095,13051228.133333333,14088413.233333332
"2021-08-21 00:00:00",3693506,9274174,283286,7587,2523897,13223391.033333333,14147716.233333332
"2021-08-22 00:00:00",2934022,6541579,208756,4218,1469089,13234209.633333333,14127362.2
"2021-08-23 00:00:00",3085695,7322746,188908,1907,1714560,13298517.233333332,14007417.166666666
"2021-08-24 00:00:00",2558972,8991321,175350,12232,2569769,13519643.2,13980164.133333333
"2021-08-25 00:00:00",3076596,8192243,264845,4375,2020145,13716354.333333334,13880103.533333333
"2021-08-26 00:00:00",2740056,7591282,242441,10606,2662953,13815795.266666668,13728501.8
"2021-08-27 00:00:00",2385575,8022114,165231,8266,2793820,13833206.066666666,13762774.566666666
"2021-08-28 00:00:00",2181906,9103117,232476,12824,2006026,13899705.7,13761025.433333334
"2021-08-29 00:00:00",1367951,7750388,191523,8026,1722067,13718026.2,13836514.766666668
"2021-08-30 00:00:00",2139773,10594889,336682,11188,2098141,13761467.3,13872501.833333334
"2021-08-31 00:00:00",3002607,7807760,202981,10949,2046227,13763204.066666666,13962153.9
"2021-09-01 00:00:00",1647139,8347989,158656,10657,2579318,13727133.766666668,14058090.1
"2021-09-02 00:00:00",2780000,7828561,162409,13459,2028684,13520762.566666666,14054623.066666666
"2021-09-03 00:00:00",2201602,8259360,263672,11870,2250240,13481299.066666666,14196952.4
"2021-09-04 00:00:00",2888292,6512821,230880,9779,2189852,13444566.333333334,14132019.1
"2021-09-05 00:00:00",2557240,7556635,200515,13823,1695360,13396359.733333332,14058446.166666666
"2021-09-06 00:00:00",3208794,6721262,200003,3205,1959457,13309091.4,14000652.233333332
"2021-09-07 00:00:00",2648821,8332179,237612,11412,1837819,13207770.766666668,14056038.6
"2021-09-08 00:00:00",2621604,8808391,261931,10746,2284411,13133886.133333333,13998654.866666667
"2021-09-09 00:00:00",2978115,9103773,322681,6381,2008456,13168650.1,14079089.233333332
"2021-09-10 00:00:00",2567770,8345711,189784,5316,2196953,13158022.5,13984275.066666666
"2021-09-11 00:00:00",1943077,8301363,181584,5438,1877235,13143125.033333333,14003125.1
"2021-09-12 00:00:00",1911617,6684065,146366,6760,1346256,13072947.433333334,13937765.833333334
"2021-09-13 00:00:00",1537549,6694103,154115,1155,1601513,12934641.833333334,13920754.466666667
"2021-09-14 00:00:00",1317055,5086289,103365,8140,1233783,12716567.3,13898568.766666668
"2021-09-15 00:00:00",2077348,6280007,227873,8975,1589366,12623614.033333333,13808543.733333332
"2021-09-16 00:00:00",2010057,7116751,232943,4723,2287392,12585880.3,13844784.966666667
"2021-09-17 00:00:00",2698070,8168518,247118,3894,2131922,12563882.033333333,13788153.7
"2021-09-18 00:00:00",3239712,8152914,258117,10074,2288073,12639448.5,13859818.6
"2021-09-19 00:00:00",3385945,6539782,240633,4091,2256638,12581490.366666667,13824245.433333334
"2021-09-20 00:00:00",5761451,8418550,200658,9457,1761949,12593810.333333334,13756190.8
"2021-09-21 00:00:00",3110155,9803058,238109,6974,2729679,12751487.833333334,13885006.066666666
"2021-09-22 00:00:00",4809736,9246569,231092,15619,2782411,12910541.333333334,13955001.966666667
"2021-09-23 00:00:00",1812062,7544844,278843,7926,2751097,12846778.9,14007888.133333333
"2021-09-24 00:00:00",2991740,9296199,260901,10130,1980751,12879496.8,14097535.733333332
"2021-09-25 00:00:00",2602772,7129366,232167,5027,2243714,12845020.3,14246151.6
"2021-09-26 00:00:00",2533560,8390318,242762,4834,2143351,12843014.266666668,14244678.633333333
"2021-09-27 00:00:00",3600402,8249724,234953,14426,2633285,12882896.166666666,14207495.4
"2021-09-28 00:00:00",3139097,8304222,213784,10940,2952554,13002250.9,14207082.233333332
"2021-09-29 00:00:00",2171403,10049876,258952,13646,2326952,12990255.5,14081454.866666667
"2021-09-30 00:00:00",3253057,8213459,296124,11913,2169263,13019365.333333334,14058121.966666667
"2021-10-01 00:00:00",2872845,8681499,211469,6414,2490589,13070000.3,14057343.566666666
"2021-10-02 00:00:00",3249221,8111804,237461,5325,2100066,13099693.2,14094444.566666666
"2021-10-03 00:00:00",2570178,7371102,235409,7623,1792321,13066022.2,14029379.1
"2021-10-04 00:00:00",2623020,8149096,209244,2379,2165823,13109953.433333334,13922643.566666666
"2021-10-05 00:00:00",2257026,6952566,225189,5455,2264985,13099341.833333334,13930775.9
"2021-10-06 00:00:00",2101799,7872454,292392,6949,2284153,13114843.3,14043997.566666666
"2021-10-07 00:00:00",2599088,7735412,201236,3409,1770337,13089564.033333333,13972216.4
"2021-10-08 00:00:00",2841538,8688425,183444,12322,2022464,13081600.933333334,14045981.566666666
"2021-10-09 00:00:00",2565035,7596483,227362,5273,1766676,13006314.733333332,13999414.233333332
"2021-10-10 00:00:00",3257091,6495425,123467,8116,2219330,12966244.066666666,14060282.566666666
"2021-10-11 00:00:00",2616004,6881737,185471,5805,1951227,12943962.633333333,14064294.333333334
"2021-10-12 00:00:00",4441846,8412612,141696,6942,1708721,13097854.566666666,14078270.066666666
"2021-10-13 00:00:00",2221716,9572096,170918,4425,2651137,13252249.933333334,14105688.933333334
"2021-10-14 00:00:00",1724716,9761474,257978,8428,1897052,13448951.333333334,14096424.3
"2021-10-15 00:00:00",3932223,7936128,158475,4105,1780729,13569887.466666667,14151604.466666667
"2021-10-16 00:00:00",2145371,5642877,136647,8565,1276041,13488475.3,14172811.5
"2021-10-17 00:00:00",1886430,6824982,134429,10770,2212852,13415806.666666666,14092959.466666667
"2021-10-18 00:00:00",2210222,9290927,283099,5131,2796831,13437050.566666666,14098437.2
"2021-10-19 00:00:00",2412351,7948459,253866,6417,1649645,13431838.866666667,14053551.366666667
"2021-10-20 00:00:00",3492197,9432318,329486,12130,2861384,13431021.233333332,14027895.033333333
"2021-10-21 00:00:00",3102481,9556715,242206,18001,2127980,13403001.9,13943841.7
"2021-10-22 00:00:00",2333555,9053163,200341,12403,2748772,13311762.233333332,14019422.033333333
"2021-10-23 00:00:00",1791526,8936016,253996,7584,2908224,13361847.7,13985548.433333334
"2021-10-24 00:00:00",2283144,6460195,210062,5515,2133209,13246927.666666666,14053119.233333332
"2021-10-25 00:00:00",2682498,10187652,200989,13169,2036616,13343857.166666666,13928316.5
"2021-10-26 00:00:00",4736771,9499608,241128,3209,1930315,13447064.266666668,13967655.3
"2021-10-27 00:00:00",3492039,8163588,245521,6040,2352395,13431290.3,13980373.166666666
"2021-10-28 00:00:00",2326417,8524053,247419,10406,2623291,13401656.7,13980751.1
"2021-10-29 00:00:00",2682020,7695741,262887,8776,2791881,13355672.5,14043661.866666667
"2021-10-30 00:00:00",2548693,8485953,313110,3298,2709860,13359575.433333334,13986353.633333333
"2021-10-31 00:00:00",2408511,7842529,230198,10343,2424991,13314700.466666667,13990786.533333333
"2021-11-01 00:00:00",2192638,9573187,249632,8039,2497420,13341935.066666666,13930941.4
"2021-11-02 00:00:00",1756294,9009612,266734,9090,2371872,13389834.566666666,13994020.766666668
"2021-11-03 00:00:00",2109295,8599369,218746,7599,2127591,13386936.333333334,14040027
"2021-11-04 00:00:00",1977384,8609398,235683,12560,2285976,13434128.9,14059112.733333332
"2021-11-05 00:00:00",2243265,7566244,213719,7271,1676247,13405762.2,14024267.966666667
"2021-11-06 00:00:00",3231431,6046171,164948,5063,1875232,13372874.266666668,14097149.6
"2021-11-07 00:00:00",869711,2383901,87611,4883,854824,13054631.333333334,14011780.1
"2021-11-08 00:00:00",2128954,3797480,142039,6390,1500673,12901787.9,13975137.433333334
"2021-11-09 00:00:00",4717009,18470657,473781,9688,5743450,13478827.766666668,13923512.3
"2021-11-10 00:00:00",2966356,9990425,264292,13151,2960076,13630629.633333333,13910216.5
"2021-11-11 00:00:00",2438164,8075782,376841,17465,3438743,13618469.4,13923143.533333333
"2021-11-12 00:00:00",3072660,11123269,304309,18254,2919404,13712390.166666666,13939210.9
"2021-11-13 00:00:00",2363918,10347341,258837,8892,3369215,13802342.233333332,13927859.433333334
"2021-11-14 00:00:00",3513109,6960967,282484,18060,3616167,13821646.966666667,13892535.6
"2021-11-15 00:00:00",2292950,9457321,352776,8957,3142300,14023141.166666666,13823608.266666668
"2021-11-16 00:00:00",3562726,11240331,235906,4959,3189347,14261935.4,13938325.2
"2021-11-17 00:00:00",2971081,7955008,246744,15140,3033470,14249776.933333334,13886948.233333332
"2021-11-18 00:00:00",3456328,7174171,237176,7517,2510068,14286927.9,13834028.1
"2021-11-19 00:00:00",2754212,8732609,286236,17303,2409926,14222686.666666666,13884040.3
"2021-11-20 00:00:00",2539271,10848425,262796,9775,2247174,14251355.666666666,13983160.3
"2021-11-21 00:00:00",1935407,6338683,231676,4164,2209193,14130385.6,13884867.066666666
"2021-11-22 00:00:00",2174621,6970119,252585,20338,1779154,14040368.633333333,13825924.166666666
"2021-11-23 00:00:00",4524199,8539265,204664,8715,4066680,14248749.066666666,13904523.166666666
"2021-11-24 00:00:00",2622913,9197164,315829,17866,3091670,14252899.8,13985963.466666667
"2021-11-25 00:00:00",2521712,8564167,214219,6525,3032530,14183837.333333334,13860489.133333333
"2021-11-26 00:00:00",2842766,9596283,302853,18782,2444643,14215362.7,13920602.833333334
"2021-11-27 00:00:00",2499066,9303448,277026,15353,2842477,14255555.833333334,13846960.033333333
"2021-11-28 00:00:00",2890048,6127685,277558,3266,3243350,14225576.233333332,13795079.1
"2021-11-29 00:00:00",2502443,7308430,217164,6195,1857911,14153284.233333332,13760543.2
"2021-11-30 00:00:00",1775522,5781052,129478,6503,2033339,14046928.266666668,13705537.833333334
"2021-12-01 00:00:00",2921179,9806822,297432,22252,3771490,14123537.166666666,13758649.5
"2021-12-02 00:00:00",2487349,9555322,241340,18863,3848222,14214787.133333333,13715219.4
"2021-12-03 00:00:00",2216456,9009050,249619,12908,2959745,14260959.533333333,13701083.833333334
"2021-12-04 00:00:00",1986355,10162228,245356,10558,2023140,14304514.4,13648623.466666667
"2021-12-05 00:00:00",2859328,7954827,187243,16945,3167170,14387139.966666667,13647590.633333333
"2021-12-06 00:00:00",1755776,7144043,209818,13871,2861125,14409199.5,13523101.4
"2021-12-07 00:00:00",3832649,8893210,285946,8564,2723511,14793965.7,13466440.633333333
"2021-12-08 00:00:00",2202056,9771008,312176,17463,2653281,15039981.5,13489815.533333333
"2021-12-09 00:00:00",1889974,7509807,226651,7559,2691556,14470346.1,13511135.233333332
"2021-12-10 00:00:00",3887715,9132313,213969,19790,3742464,14497078.433333334,13549007.6
"2021-12-11 00:00:00",2319796,9368071,240694,6334,2279474,14492657.233333332,13514092.233333332
"2021-12-12 00:00:00",2586023,6481971,183932,9315,2660100,14308771.566666666,13426475.833333334
"2021-12-13 00:00:00",2927179,10045442,260942,8301,2797401,14298473.766666668,13314822.1
"2021-12-14 00:00:00",1706522,8411666,236770,8945,3338528,14275528.4,13306313.766666668
"2021-12-15 00:00:00",3078989,10307519,241543,15422,2823712,14315958.1,13328004.933333334
"2021-12-16 00:00:00",2044508,7823327,199968,9058,1788436,14103691.9,13245326.366666667
"2021-12-17 00:00:00",2337421,6398836,257440,7505,1573092,13982119.733333332,13279287.1
"2021-12-18 00:00:00",2805487,8707448,202443,12265,3723945,14050997.633333333,13352499.533333333
"2021-12-19 00:00:00",1919195,7665708,199155,6290,3509585,14020985.533333333,13288436.6
"2021-12-20 00:00:00",2228158,9846558,192367,12892,3290097,14009739.466666667,13172221.7
"2021-12-21 00:00:00",2394334,7843547,219496,15890,2886475,14097760.266666668,13249448.566666666
"2021-12-22 00:00:00",2808085,8352699,261904,4463,2469868,14187766.8,13327284.766666668
"2021-12-23 00:00:00",1799621,9817091,294212,8293,2269135,14082593.833333334,13289637.833333334
"2021-12-24 00:00:00",2945003,6280685,233206,6117,2232286,13964322,13234178.133333333
"2021-12-25 00:00:00",2309527,7711290,215885,12639,2648380,13916273.833333334,13349115.833333334
"2021-12-26 00:00:00",2604568,7356802,238568,7657,2780643,13842370.666666666,13357268.8
"2021-12-27 00:00:00",2272911,8542944,255989,12178,3354067,13825727.766666668,13329008.4
"2021-12-28 00:00:00",2240473,10768911,239258,5664,3266731,13958365.366666667,13288229.466666667
"2021-12-29 00:00:00",2117374,7733509,271523,11554,2966163,13998631.7,13171200.866666667
"2021-12-30 00:00:00",2520695,7703768,234514,7952,3127627,14127587.433333334,13035640.366666667
"2021-12-31 00:00:00",2172003,10724306,251744,7545,3833572,14133253.833333334,13066478.566666666
"2022-01-01 00:00:00",2369781,9923628,173111,10430,3362712,14122872.5,13126083.733333332
"2022-01-02 00:00:00",3192964,7502947,252714,6067,2884569,14102588.433333334,13159653.4
"2022-01-03 00:00:00",3385904,9306319,294480,12661,3097219,14158220.133333333,13187978.6
"2022-01-04 00:00:00",3066960,8737280,250732,16426,2434492,14168899.633333333,13228530.6
"2022-01-05 00:00:00",1889830,9350086,284757,11311,3702223,14277352.6,13323834.966666667
"2022-01-06 00:00:00",4579134,8481704,313220,10906,2934179,14296528.366666667,13282385.566666666
"2022-01-07 00:00:00",3253263,10577043,297546,6222,2821198,14363170.733333332,13188384.366666667
"2022-01-08 00:00:00",3748146,9326697,261380,5331,3943902,14528501.233333332,13177255.066666666
"2022-01-09 00:00:00",2307548,7821299,205785,10530,2717595,14397384.133333333,13112971.333333334
"2022-01-10 00:00:00",3532772,10502825,242902,12136,2179788,14472586.133333333,13195547.733333332
"2022-01-11 00:00:00",2723962,8734301,211188,10675,2727389,14555459.066666666,13317432.133333333
"2022-01-12 00:00:00",2137132,8172142,263707,4800,3000804,14473436.266666668,13475506.633333333
"2022-01-13 00:00:00",4025250,9718910,307405,11840,2433822,14566596.466666667,13521032.2
"2022-01-14 00:00:00",2351093,9275143,246363,12251,4171799,14552911.466666667,13477728.6
"2022-01-15 00:00:00",2743403,7745448,211965,12239,2998351,14614448.033333333,13374096.733333332
"2022-01-16 00:00:00",2987257,9903398,276080,9582,2678393,14790462.033333333,13360524.133333333
"2022-01-17 00:00:00",2947379,7699460,301075,14497,2441601,14722209.366666667,13394795.666666666
"2022-01-18 00:00:00",2051651,9699058,208585,3768,3367507,14789897.5,13534213.266666668
"2022-01-19 00:00:00",2952509,9354495,272605,5913,2829875,14784741.6,13561877.233333332
"2022-01-20 00:00:00",3523498,8954279,222200,13590,2343436,14841316.833333334,13473552.766666668
"2022-01-21 00:00:00",3150930,6805258,224724,10306,3983362,14850568.6,13420114.1
"2022-01-22 00:00:00",2346751,8735634,242241,8500,2766416,14847608.466666667,13318931.766666668
"2022-01-23 00:00:00",2308442,7001390,174958,9267,2406385,14854379.966666667,13416843.866666667
"2022-01-24 00:00:00",2535736,9426112,226166,9115,2882541,14927112.4,13335131.833333334
"2022-01-25 00:00:00",2586703,8356471,204014,10347,2624773,14953581.666666666,13321191.533333333
"2022-01-26 00:00:00",2442487,8202774,172716,4270,3072905,14935483.633333333,13410584.633333333
"2022-01-27 00:00:00",2561007,8124375,286265,19410,2976641,14850372.3,13534578.733333332
"2022-01-28 00:00:00",2502163,8345004,247384,10580,2566963,14869437.7,13656409.433333334
"2022-01-29 00:00:00",2504219,9308332,229867,9551,3573539,14937136.4,13853634.5
"2022-01-30 00:00:00",2841487,7342213,176370,10551,2353534,14794969.233333332,13798737.966666667
"2022-01-31 00:00:00",1814785,6593730,144022,2882,2474229,14634634.9,13789811.966666667
"2022-02-01 00:00:00",2380477,7721631,175521,10219,2960582,14614939.9,13816371.8
"2022-02-02 00:00:00",2129548,8126327,290598,5473,2687903,14519715.1,13853092.5
"2022-02-03 00:00:00",2256279,7441997,192835,8409,3059473,14468151.133333333,13802069.433333334
"2022-02-04 00:00:00",2528711,7929122,218332,7406,2872736,14412087.4,13776144.533333333
"2022-02-05 00:00:00",2198271,6923503,189240,6761,2569382,14264353.933333334,13963342
"2022-02-06 00:00:00",4138687,9032205,190296,6988,2947408,14243031.166666666,14036754
"2022-02-07 00:00:00",3347586,7816153,255358,6946,3802923,14174481.3,14052756.8
"2022-02-08 00:00:00",2715146,9224255,239015,4656,1888156,14208097.433333334,14157672.633333333
"2022-02-09 00:00:00",1864467,8162561,257951,20109,3095503,14105769.866666667,14095973.166666666
"2022-02-10 00:00:00",3099975,8163076,179788,10301,2811330,14101001.2,13984094.733333332
"2022-02-11 00:00:00",2486501,8204505,313209,12282,3089724,14118589.133333333,13836991.366666667
"2022-02-12 00:00:00",2489719,7723041,294013,12770,2503343,14002778,13758004.166666666
"2022-02-13 00:00:00",3166512,6688588,190523,6801,1541040,13854004.666666666,13687999.166666666
"2022-02-14 00:00:00",1946712,9070455,271407,12352,3197281,13880232.2,13705881.733333332
"2022-02-15 00:00:00",2910519,8978929,278585,3111,2632370,13845192.2,13714087.766666668
"2022-02-16 00:00:00",1772902,8558842,193350,6261,3544987,13867602.9,13670890.666666666
"2022-02-17 00:00:00",4074387,8343958,214923,12238,2895902,13874630.966666667,13540837.833333334
"2022-02-18 00:00:00",2666112,9226396,281323,8535,2670541,13855881.266666668,13596491.1
"2022-02-19 00:00:00",2472516,7826300,183178,8743,1664697,13759162.233333332,13686972.166666666
"2022-02-20 00:00:00",2702367,8131065,194070,16092,2007656,13721718.066666666,13759407.433333334
"2022-02-21 00:00:00",2773523,7891210,221745,10237,3444667,13729780.033333333,13767482.933333334
"2022-02-22 00:00:00",2694325,8755971,190273,7081,3128617,13825641.166666666,13757332.333333334
"2022-02-23 00:00:00",1461318,7443946,262312,11266,2565135,13714450.766666668,13746168.266666668
"2022-02-24 00:00:00",3091126,9032783,235136,14129,2680743,13756837.566666666,13770082.666666666
"2022-02-25 00:00:00",2934634,8006697,264886,6520,3118022,13771358.066666666,13742566.466666667
"2022-02-26 00:00:00",2221693,6459880,167820,7313,2508016,13684592.166666666,13733387.366666667
"2022-02-27 00:00:00",2224569,8313728,224090,19865,2026768,13655822.733333332,13758030.733333332
"2022-02-28 00:00:00",3099987,10244682,274512,10108,2852185,13684354.766666668,13655279.8
"2022-03-01 00:00:00",2476480,7710830,276998,11575,2531326,13693789.833333334,13586917.2
"2022-03-02 00:00:00",4146461,9381226,261127,13060,3961403,13918245.033333333,13670321.266666668
"2022-03-03 00:00:00",2652351,9365291,226336,11413,2942691,13983234.033333333,13653188.766666668
"2022-03-04 00:00:00",2348761,7713096,272668,16298,2463038,13969034.7,13664529.766666668
"2022-03-05 00:00:00",4088456,7596480,304572,19816,2500932,14020743.733333332,13562321.4
"2022-03-06 00:00:00",2811609,6226737,219743,17868,3061357,13980110.8,13613392.966666667
"2022-03-07 00:00:00",2744065,8479409,273647,11462,3781551,14093543.966666667,13561229.666666666
"2022-03-08 00:00:00",2745021,9702230,291189,8256,3195169,14081087.1,13695070.466666667
"2022-03-09 00:00:00",1738690,7328351,244383,8873,2236399,13958678.2,13741419.4
"2022-03-10 00:00:00",2112219,8771103,188872,5400,2915678,13956079.466666667,13672897.633333333
"2022-03-11 00:00:00",2433312,7814163,188464,9752,2344876,13935745.133333333,13704214.2
"2022-03-12 00:00:00",2395742,6547875,210996,7515,2503739,13849125.133333333,13745609.366666667
"2022-03-13 00:00:00",2054659,6751605,235566,8052,2213020,13754347.766666668,13874351.933333334
"2022-03-14 00:00:00",2698971,9288576,211632,35006,3116232,13831931.8,13869121.8
"2022-03-15 00:00:00",3784309,8129791,259326,11512,3756349,13976859.866666667,13904631.466666667
"2022-03-16 00:00:00",2304849,6334152,252460,5474,2467999,13872416.833333334,13999878.333333334
"2022-03-17 00:00:00",3233376,5242638,215447,14116,1996336,13735696.633333333,14085810.733333332
"2022-03-18 00:00:00",2885930,9945306,242507,9875,2761808,13794666,14077583.266666668
"2022-03-19 00:00:00",2051361,7956279,242023,5778,2913151,13715572.4,14181899.666666666
"2022-03-20 00:00:00",3084010,7977839,287347,14927,3098569,13702565.7,14104949.6
"2022-03-21 00:00:00",2546171,8321647,223774,10871,2674997,13756633.4,13989714.133333333
"2022-03-22 00:00:00",2900354,8106069,205512,12597,2714241,13786217.666666666,14003514.833333334
"2022-03-23 00:00:00",3420162,9085543,231965,7669,3272383,13842094.866666667,14013015.633333333
"2022-03-24 00:00:00",2232557,8203683,305308,8758,3648858,13829525.066666666,14053611.133333333
"2022-03-25 00:00:00",2129545,6535498,207293,10819,2169496,13806480.966666667,14037183.666666666
"2022-03-26 00:00:00",2753311,8893696,181888,11596,2263547,13774817.833333334,13988736.7
"2022-03-27 00:00:00",2171510,8521798,263140,6872,2731305,13753613.233333332,14005892.5
"2022-03-28 00:00:00",4350139,9741926,330247,14145,4165090,13994841.1,13879587.666666666
"2022-03-29 00:00:00",2681810,8879212,293254,6746,2627590,14050827.766666668,13974917.266666668
"2022-03-30 00:00:00",1941853,9184358,257130,12170,2953862,13979758.133333333,14094576.866666667
"2022-03-31 00:00:00",2914175,8383947,249458,7604,3963446,14063472.266666668,14149545.833333334
"2022-04-01 00:00:00",2353901,8562394,196877,6016,3484027,13958136.5,13997394.633333333
"2022-04-02 00:00:00",2235475,8829751,203946,17798,2651841,13916161.066666666,13879859.066666666
"2022-04-03 00:00:00",2079354,7926698,192919,10110,3274784,13938494.233333332,13921515.833333334
"2022-04-04 00:00:00",3389811,8261393,250405,13651,2210147,13925665.9,14007561.933333334
"2022-04-05 00:00:00",4063917,8832033,223619,1353,2542356,14036531.433333334,14050859.566666666
"2022-04-06 00:00:00",2827615,8451235,317897,9737,3812376,14040822.166666666,14094016.266666668
"2022-04-07 00:00:00",4504679,8293012,200582,11448,3173859,14048879.2,13995905.733333332
"2022-04-08 00:00:00",2861805,8476776,278618,10816,2013307,14118366.833333334,14001346.1
"2022-04-09 00:00:00",2784377,7093764,281722,13267,2674741,14080186.733333332,14083492.766666668
"2022-04-10 00:00:00",2030732,7450104,233766,11017,3093970,14081154,14058795.5
"2022-04-11 00:00:00",2266138,7635080,280955,11680,2238003,14106686.933333334,14048936.733333332
"2022-04-12 00:00:00",1820363,7394943,263726,5540,2076035,14116610.066666666,14051721.133333333
"2022-04-13 00:00:00",2495900,7355358,267686,5451,3064720,14044566.8,14134184.466666667
"2022-04-14 00:00:00",3262569,9181402,348861,10060,3298542,14049905.333333334,14227908.433333334
"2022-04-15 00:00:00",2634558,9488098,172128,24450,3945050,14213217.466666667,14235547.233333332
"2022-04-16 00:00:00",3992254,9370165,298735,8748,2741920,14403548.166666666,14203670.666666666
"2022-04-17 00:00:00",3273120,8446260,234745,6529,2713030,14364490.4,14226092.466666667
"2022-04-18 00:00:00",2852759,9790780,251570,7844,3170435,14461317.2,14107974.3
"2022-04-19 00:00:00",2406313,9031846,212914,16565,3805557,14495000.2,14094831.3
"2022-04-20 00:00:00",2488853,8741769,328689,13840,3166637,14527077.766666668,14139295.4
"2022-04-21 00:00:00",2820130,9037119,306527,13362,2209751,14542015.2,14015834.766666668
"2022-04-22 00:00:00",2814884,10356685,253990,18492,3162300,14561636.9,13988358.2
"2022-04-23 00:00:00",2304388,8645328,241829,12359,2213269,14528903.433333334,13792532.866666667
"2022-04-24 00:00:00",2568297,7909730,198454,6588,2647927,14604848.4,13829734.866666667
"2022-04-25 00:00:00",2037056,5275240,229930,10318,2209451,14460113.6,13839090.666666666
"2022-04-26 00:00:00",2218154,8928301,264325,11677,3617841,14504969.366666667,13923260.433333334
"2022-04-27 00:00:00",3539745,9616289,231606,7518,3128140,14435694.4,14039371.433333334
"2022-04-28 00:00:00",2651513,9063866,253464,14043,2751889,14443899.966666667,13990341.433333334
"2022-04-29 00:00:00",2687778,9105500,216940,10488,2818672,14460233.633333333,13901760.433333334
"2022-04-30 00:00:00",1935842,8299608,228216,12385,2110623,14362501.4,13982558.9
"2022-05-01 00:00:00",2159605,7602328,217102,16057,2394002,14288697.1,14115679.166666666
"2022-05-02 00:00:00",2451280,8561431,248314,5153,2679577,14288927.933333334,14298335.666666666
"2022-05-03 00:00:00",3412861,7801185,274498,7143,2469749,14304980.666666666,14176687.4
"2022-05-04 00:00:00",2759756,8076423,245470,5978,2471811,14286115.066666666,14154673.2
"2022-05-05 00:00:00",2091789,7396904,274666,24969,2254048,14165418.633333333,14047791.666666666
"2022-05-06 00:00:00",2596409,7907577,213095,7053,2813129,14102698.633333333,14006588.333333334
"2022-05-07 00:00:00",3037851,8715470,208071,11950,3351977,14074089.833333334,14067702.9
"2022-05-08 00:00:00",3889490,7590940,235902,1851,2819915,14103981.766666668,14045270.766666668
"2022-05-09 00:00:00",2555673,8613580,278768,4903,2721921,14148214.366666667,13932203.733333332
"2022-05-10 00:00:00",3255888,8080779,277204,2771,2809393,14201762.333333334,13972754.366666667
"2022-05-11 00:00:00",3421550,7496910,225933,3999,2804410,14252460.7,14061641.5
"2022-05-12 00:00:00",3183937,6675701,169713,21101,2786444,14295003.766666668,14083611.8
"2022-05-13 00:00:00",4385068,8812839,287241,6785,3873425,14434211.466666667,14014933.166666666
"2022-05-14 00:00:00",2710084,10362714,235908,13626,3016228,14442115.133333333,13894453.566666666
"2022-05-15 00:00:00",2264295,6767461,291028,6360,3499539,14327595.166666666,13748337.033333333
"2022-05-16 00:00:00",2717535,8800420,235399,14795,2282984,14248905.666666666,13720521.366666667
"2022-05-17 00:00:00",3145748,6911017,211930,6378,2648287,14190561.266666668,13779169
"2022-05-18 00:00:00",2147637,6319179,226623,11170,2015868,14012130.266666668,13827063.933333334
"2022-05-19 00:00:00",1992313,7992174,278542,12229,3603269,13958974.833333334,13874632.966666667
"2022-05-20 00:00:00",4825722,8852452,227314,21452,2151993,14003612.966666667,13954272
"2022-05-21 00:00:00",2163680,8961526,259811,6219,3085381,14006603.866666667,14091413.933333334
"2022-05-22 00:00:00",2235571,7762214,265523,12737,2922248,13893001.433333334,14141060.166666666
"2022-05-23 00:00:00",2388115,8714716,326258,13113,2968256,13926111.5,14336058.733333332
"2022-05-24 00:00:00",2691003,8113344,220952,10714,3462611,13965032.333333334,14436275.233333332
"2022-05-25 00:00:00",1686109,8989666,257598,8227,2544937,14089183.966666667,14355986.9
"2022-05-26 00:00:00",2074465,8491579,276928,10381,3488273,14065894.9,14249152.933333334
"2022-05-27 00:00:00",3108112,9228408,275098,7278,2019052,14003049.5,14260813.666666666
"2022-05-28 00:00:00",4204218,8394090,287037,10190,2925714,14039265.466666667,14246983.633333333
"2022-05-29 00:00:00",2008279,8260671,228509,5168,2473160,13977145.2,14275901.433333334
"2022-05-30 00:00:00",2681049,6762281,303989,9164,3117427,13986720.366666667,14250931.766666668
"2022-05-31 00:00:00",2958652,9059294,292804,17158,2367688,14063604.1,14248914
"2022-06-01 00:00:00",2694922,9181729,263766,26849,2770627,14096676.3,14164025.1
"2022-06-02 00:00:00",1566305,8465181,185947,12183,2215815,14046009.6,14120480.733333332
"2022-06-03 00:00:00",2486451,7500555,208446,3002,1710895,13991006.7,14205223.933333334
"2022-06-04 00:00:00",1616636,7471493,195665,4236,2514872,13983023.933333334,14286227.666666666
"2022-06-05 00:00:00",4177652,8101671,279727,13996,2985245,14050390.966666667,14315333.466666667
"2022-06-06 00:00:00",4402490,8666625,322154,8385,3352509,14097952.833333334,14300799.2
"2022-06-07 00:00:00",4427412,8797544,264673,10783,2144671,14134852.7,14348817.1
"2022-06-08 00:00:00",1965096,8841867,288011,19017,3147357,14137736.366666667,14416930.9
"2022-06-09 00:00:00",2871782,9078641,281508,12196,3053695,14166796.533333333,14291701.233333332
"2022-06-10 00:00:00",3341437,8830073,223217,15683,3011071,14215752.466666667,14297914.4
"2022-06-11 00:00:00",3679712,8000212,248412,13979,3537321,14303844.5,14253586.866666667
"2022-06-12 00:00:00",2319237,8038209,238336,2710,3607545,14198534.1,14282556.6
"2022-06-13 00:00:00",2865359,9136370,255220,7824,2986119,14162279,14316920.133333333
"2022-06-14 00:00:00",2772276,8273033,226754,14442,3764314,14236349.833333334,14415895.933333334
"2022-06-15 00:00:00",4144399,8924380,210360,6501,3098903,14314130.1,14433567
"2022-06-16 00:00:00",2762589,7577507,342376,10609,2898332,14336398.833333334,14428347.466666667
"2022-06-17 00:00:00",2608865,8648272,225639,22962,2195074,14435743.566666666,14457251.9
"2022-06-18 00:00:00",3035419,9570366,253078,11020,3003716,14502245.533333333,14504257.966666667
"2022-06-19 00:00:00",3169128,8490904,271237,5585,2791646,14457230.7,14429130.9
"2022-06-20 00:00:00",3279506,8452976,373718,8260,2502414,14461905.866666667,14380591.566666666
"2022-06-21 00:00:00",2095590,8855413,284984,6126,3236081,14504569.2,14457811.066666666
"2022-06-22 00:00:00",3076757,7436260,222363,18969,1881313,14445409.2,14441034.933333334
"2022-06-23 00:00:00",3682469,9475776,226577,10378,3311206,14519001.866666667,14344494.8
"2022-06-24 00:00:00",2151297,8967532,252939,8647,3125811,14552991.5,14451475.5
"2022-06-25 00:00:00",2286506,8087008,248126,11491,2320384,14506721.233333332,14487337.6
"2022-06-26 00:00:00",2362911,8001440,282668,9442,2168406,14446285.4,14408287.3
"2022-06-27 00:00:00",2526631,8759087,172414,8141,1899877,14364448.2,14346840.533333333
"2022-06-28 00:00:00",3380189,7852551,265856,9598,2251960,14390593.7,14420547.566666666
"2022-06-29 00:00:00",3705592,8420123,170888,5986,2524574,14455701.5,14464810.233333332
"2022-06-30 00:00:00",2556574,8162469,181118,12176,3236095,14437462.5,14415717.133333333
"2022-07-01 00:00:00",2899444,8389496,268397,4022,2331559,14402629.3,14400259.733333332
"2022-07-02 00:00:00",3337272,6887541,227654,14414,3223304,14444120.833333334,14442885.833333334
"2022-07-03 00:00:00",3769075,8008348,208312,8137,1911602,14510658.1,14390283.3
"2022-07-04 00:00:00",2873219,10171623,279340,6219,3318982,14672207.8,14363572.266666668
"2022-07-05 00:00:00",2625664,8633730,280626,10103,3646433,14660150.433333334,14295111.033333333
"2022-07-06 00:00:00",3071239,9839309,170142,8148,2526971,14622271.1,14324351.1
"2022-07-07 00:00:00",2865935,9859246,250919,14542,3434528,14648274.4,14265044.4
"2022-07-08 00:00:00",3143757,9436157,226226,10874,2958797,14698756.033333333,14307421.333333334
"2022-07-09 00:00:00",2480227,7833370,207319,6697,2815534,14633599.8,14373590.3
"2022-07-10 00:00:00",3174099,8081228,259658,9817,2832104,14598113.766666668,14333337.166666666
"2022-07-11 00:00:00",2325330,9740473,276291,16470,3591034,14613779.4,14331630.166666666
"2022-07-12 00:00:00",2259156,8279340,213390,8582,3117138,14602831.666666666,14269651
"2022-07-13 00:00:00",2063096,8233242,286202,9655,2319927,14524872.166666666,14209855.266666668
"2022-07-14 00:00:00",2208402,7816256,198685,16759,2665039,14453349.566666666,14200485.366666667
"2022-07-15 00:00:00",4045243,8070487,220752,14598,2482845,14401662.466666667,14173041.5
"2022-07-16 00:00:00",4161477,9368669,304028,40403,2815836,14504962.833333334,14076936.166666666
"2022-07-17 00:00:00",2771965,7895803,200941,9278,1662081,14466271.333333334,14014867.933333334
"2022-07-18 00:00:00",4068702,7874685,232472,16084,3883292,14472992.7,13986461.366666667
"2022-07-19 00:00:00",2712615,10554833,315109,12964,2350813,14513587.866666667,14011170.366666667
"2022-07-20 00:00:00",3186308,7364810,218608,6406,2957077,14484132,13988464.8
"2022-07-21 00:00:00",3409651,9141148,223625,4698,3016327,14528040.966666667,13944793.5
"2022-07-22 00:00:00",1975089,10060630,275577,12078,2739490,14608947.666666666,13785822.366666667
"2022-07-23 00:00:00",3389016,6681187,289194,15851,2006761,14464800.933333334,13702761.366666667
"2022-07-24 00:00:00",3477898,7749731,248718,24757,2218914,14438593.933333334,13525417.766666668
"2022-07-25 00:00:00",2253330,9356651,216260,12749,4025943,14535641.566666666,13304168.933333334
"2022-07-26 00:00:00",3119875,8174130,298089,8029,2328554,14572435.333333334,13139823.9
"2022-07-27 00:00:00",2727095,8541865,241766,15649,2251806,14586170.2,13086333.233333332
"2022-07-28 00:00:00",3281761,9108345,212023,8055,2403254,14627946.366666667,12985578.233333332
"2022-07-29 00:00:00",3133423,8017515,243495,9572,3013559,14614293.566666666,12861115.166666666
"2022-07-30 00:00:00",2918908,9907621,211801,22686,2924300,14675523.2,12928597.033333333
"2022-07-31 00:00:00",2958570,6802111,220315,10070,2642855,14633556.566666666,12974912.2
"2022-08-01 00:00:00",3967438,8563142,259048,13143,3182243,14710050.9,12959478.633333333
"2022-08-02 00:00:00",3258697,8404270,235891,18348,2744745,14735267.1,12956701.966666667
"2022-08-03 00:00:00",2835102,9039267,240186,12923,2716110,14675073.7,13118927.5
"2022-08-04 00:00:00",1922943,7926042,283297,3056,3132561,14610785.3,13147435.266666668
"2022-08-05 00:00:00",2153809,7640423,267667,12227,2675082,14515232.3,13033580.166666666
"2022-08-06 00:00:00",4395147,8666147,243351,12764,2799419,14504953.833333334,12991748.9
"2022-08-07 00:00:00",2910491,7652552,316281,12652,3105586,14445678.733333332,12948947.333333334
"2022-08-08 00:00:00",2442272,8091266,255834,6319,1930692,14425120.133333333,13025798.033333333
"2022-08-09 00:00:00",3050152,7728382,255918,8116,2522267,14398718.033333333,13068915.566666666
"2022-08-10 00:00:00",3312871,8761289,196588,14339,2345123,14354737.133333333,13070895.9
"2022-08-11 00:00:00",2577934,8358708,325117,4269,4156200,14406224.466666667,13129054.233333332
"2022-08-12 00:00:00",2684294,7354472,240923,20213,3068840,14421445.1,13155438.833333334
"2022-08-13 00:00:00",3211893,9670027,255003,13861,2855472,14524816,13138025.766666668
"2022-08-14 00:00:00",2706848,7387677,207211,13231,2084532,14443668.533333333,13149143.5
"2022-08-15 00:00:00",2038179,8481078,235306,5559,3338808,14357285.633333333,13191149.5
"2022-08-16 00:00:00",3247856,8624274,285825,10018,2985845,14444411.266666668,13201471.2
"2022-08-17 00:00:00",2044126,9029062,288908,14736,2599692,14374454.666666666,13133865.766666668
"2022-08-18 00:00:00",3674594,9146473,241192,7439,1832104,14339637.133333333,13128581.366666667
"2022-08-19 00:00:00",3381692,9173141,368032,12826,2595257,14399562.433333334,13073522.666666666
"2022-08-20 00:00:00",2661446,8391529,187135,16239,3485231,14364433.233333332,13051228.133333333
"2022-08-21 00:00:00",2924972,6377608,245766,11445,2542636,14265751.866666667,13223391.033333333
"2022-08-22 00:00:00",3496806,7832667,350641,12885,2208075,14316388.2,13234209.633333333
"2022-08-23 00:00:00",2304548,7779765,189243,10805,2495765,14285058.833333334,13298517.233333332
"2022-08-24 00:00:00",2257143,7755992,213077,5505,2349830,14175612.1,13519643.2
"2022-08-25 00:00:00",4165803,9660117,219263,4016,2909102,14276599.133333333,13716354.333333334
"2022-08-26 00:00:00",2523616,8520260,247148,17311,3311292,14304646.866666667,13815795.266666668
"2022-08-27 00:00:00",3422903,9676166,281898,7733,2709399,14340802.666666666,13833206.066666666
"2022-08-28 00:00:00",2749827,7744593,163631,14510,3027181,14316874.966666667,13899705.7
"2022-08-29 00:00:00",2778051,8055721,323819,8410,2506235,14239772.3,13718026.2
"2022-08-30 00:00:00",2710668,8903115,274568,10074,2654018,14303723.8,13761467.3
"2022-08-31 00:00:00",2435833,9704973,237351,5396,2610741,14270699.7,13763204.066666666
"2022-09-01 00:00:00",3052684,7981259,203653,10702,2799992,14250244.533333333,13727133.766666668
"2022-09-02 00:00:00",3136536,7761027,213273,8441,1718149,14183371.966666667,13520762.566666666
"2022-09-03 00:00:00",1505469,6791389,203504,6032,1966962,14090220.166666666,13481299.066666666
"2022-09-04 00:00:00",1841928,5871284,221506,12847,1183460,13969613.433333334,13444566.333333334
"2022-09-05 00:00:00",1572981,6282985,189002,4977,1929784,13765043.166666666,13396359.733333332
"2022-09-06 00:00:00",3192976,6929911,192323,16544,3020090,13743519.266666668,13309091.4
"2022-09-07 00:00:00",3875544,8928677,223110,10115,3797375,13880467.133333333,13207770.766666668
"2022-09-08 00:00:00",2222271,10015244,259902,17886,3151959,13950547.833333334,13133886.133333333
"2022-09-09 00:00:00",4163974,10075133,225993,6278,3238557,14053206.066666666,13168650.1
"2022-09-10 00:00:00",2386063,8381751,261779,9953,3233754,14014908.466666667,13158022.5
"2022-09-11 00:00:00",2544484,8905511,232082,10115,2786730,14051914.533333333,13143125.033333333
"2022-09-12 00:00:00",3621531,8069592,281191,8685,3501359,14034451.2,13072947.433333334
"2022-09-13 00:00:00",2345254,6112091,189140,9447,2096661,13979553.733333332,12934641.833333334
"2022-09-14 00:00:00",1079967,5004150,159496,9088,1956755,13783236.933333334,12716567.3
"2022-09-15 00:00:00",3040602,5854494,243843,5048,2286951,13659140.133333333,12623614.033333333
"2022-09-16 00:00:00",2120016,10005141,264036,17946,3800115,13733497.466666667,12585880.3
"2022-09-17 00:00:00",2947959,9879095,256578,10892,4714112,13830391.6,12563882.033333333
"2022-09-18 00:00:00",2971883,7147719,222445,9074,1940214,13722403.7,12639448.5
"2022-09-19 00:00:00",3060412,7586602,203651,14478,1895462,13656371.2,12581490.366666667
"2022-09-20 00:00:00",3246444,10813840,298504,9640,3892440,13861652.766666668,12593810.333333334
"2022-09-21 00:00:00",2130374,9077759,191667,11895,2977894,13877936.6,12751487.833333334
"2022-09-22 00:00:00",3223956,9598547,223633,9546,2855633,13982309.033333333,12910541.333333334
"2022-09-23 00:00:00",3170744,8604911,294316,6350,1887016,14028368.866666667,12846778.9
"2022-09-24 00:00:00",3265681,8830755,259317,15316,3261352,13984173.333333334,12879496.8
"2022-09-25 00:00:00",3254223,8751673,210081,10960,2568718,13990040.866666667,12845020.3
"2022-09-26 00:00:00",3144207,10392323,252925,7142,2996027,14013191.8,12843014.266666668
"2022-09-27 00:00:00",3874920,8657394,321416,7077,2822953,14079325.933333334,12882896.166666666
"2022-09-28 00:00:00",3188396,9546200,233337,16682,3940630,14187759.433333334,13002250.9
"2022-09-29 00:00:00",3284264,7678137,240062,7321,2668769,14165296.466666667,12990255.5
"2022-09-30 00:00:00",3556904,8352662,233132,8468,3411846,14184253.666666666,13019365.333333334
"2022-10-01 00:00:00",2060963,8460102,204047,8326,3762702,14199182.133333333,13070000.3
"2022-10-02 00:00:00",1686450,7685879,198033,13071,2511116,14174419.666666666,13099693.2
"2022-10-03 00:00:00",3020549,6435897,222853,15044,3279052,14257754.733333332,13066022.2
"2022-10-04 00:00:00",2386138,7453485,209807,6900,1862733,14350690.166666666,13109953.433333334
"2022-10-05 00:00:00",2756332,10155776,255289,7268,3398170,14570460.8,13099341.833333334
"2022-10-06 00:00:00",3024005,8304003,205721,6099,3565758,14628919.266666668,13114843.3
"2022-10-07 00:00:00",3149649,9224892,293265,11686,2722647,14581163.833333334,13089564.033333333
"2022-10-08 00:00:00",3082529,9668585,304426,11420,4501798,14644547.2,13081600.933333334
"2022-10-09 00:00:00",1769181,5864116,167418,7377,1938255,14379093.366666667,13006314.733333332
"2022-10-10 00:00:00",4728429,8077731,210661,5159,2845616,14432236.8,12966244.066666666
"2022-10-11 00:00:00",2589034,10939844,290051,12789,4136200,14548536.966666667,12943962.633333333
"2022-10-12 00:00:00",2402873,8114183,220189,14697,3027276,14491765.633333333,13097854.566666666
"2022-10-13 00:00:00",2835835,8855347,263919,13729,2789364,14625286.133333333,13252249.933333334
"2022-10-14 00:00:00",2893381,8055173,244920,9897,2670666,14814106.4,13448951.333333334
"2022-10-15 00:00:00",3240663,7322872,202997,11065,3974605,14924815.766666668,13569887.466666667
"2022-10-16 00:00:00",2625024,6674255,197340,6331,1892369,14764417.5,13488475.3
"2022-10-17 00:00:00",1446119,7479082,188900,2687,2272011,14550422.733333332,13415806.666666666
"2022-10-18 00:00:00",1787481,9284304,204516,9612,3379634,14629563.4,13437050.566666666
"2022-10-19 00:00:00",1914870,8111912,274107,11702,2956675,14646518.666666666,13431838.866666667
"2022-10-20 00:00:00",2953018,9064203,319128,8081,3588266,14568913.266666668,13431021.233333332
"2022-10-21 00:00:00",4350763,7968230,233457,13655,2670908,14597160.533333333,13403001.9
"2022-10-22 00:00:00",1996792,9031957,226148,8642,3342505,14553652.133333333,13311762.233333332
"2022-10-23 00:00:00",3275120,10006548,219478,16029,3641637,14660168,13361847.7
"2022-10-24 00:00:00",3793785,8796641,373565,8811,3274204,14680654.566666666,13246927.666666666
"2022-10-25 00:00:00",3712607,9528983,244616,10563,2396724,14717249.633333333,13343857.166666666
"2022-10-26 00:00:00",2566479,7959281,197172,9438,2635153,14603079.166666666,13447064.266666668
"2022-10-27 00:00:00",2707414,8428687,207106,5400,3103157,14562012.433333334,13431290.3
"2022-10-28 00:00:00",2470638,10914966,270539,17897,4585692,14606496.166666666,13401656.7
"2022-10-29 00:00:00",3754651,6991256,258661,5297,3130494,14615222.333333334,13355672.5
"2022-10-30 00:00:00",3803133,8977273,240233,19103,2715012,14621614,13359575.433333334
"2022-10-31 00:00:00",3275425,9194249,236042,14513,2983503,14661866.8,13314700.466666667
"2022-11-01 00:00:00",2718036,8839700,221462,10720,2865176,14747218.4,13341935.066666666
"2022-11-02 00:00:00",2130347,7007772,273958,15510,2741217,14720398.466666667,13389834.566666666
"2022-11-03 00:00:00",4872689,8595913,258581,15264,2526035,14865378.766666668,13386936.333333334
"2022-11-04 00:00:00",3908646,7387426,286078,10284,4002682,14832788,13434128.9
"2022-11-05 00:00:00",2393506,8401193,219369,18248,2650942,14785377.3,13405762.2
"2022-11-06 00:00:00",2154648,8488684,250821,5387,2852041,14730358.133333333,13372874.266666668
"2022-11-07 00:00:00",3129911,10834717,304249,22397,4073855,14756904.266666668,13054631.333333334
"2022-11-08 00:00:00",2891961,9883454,273717,11417,2985483,14966894.4,12901787.9
"2022-11-09 00:00:00",2693762,8668792,243764,12278,3074187,14927733.766666668,13478827.766666668
"2022-11-10 00:00:00",3546073,7178737,223960,8731,2302131,14770790.666666666,13630629.633333333
"2022-11-11 00:00:00",2430238,7973058,245395,9999,3263968,14775572.1,13618469.4
"2022-11-12 00:00:00",1830336,7379741,219870,12741,2937340,14696300.133333333,13712390.166666666
"2022-11-13 00:00:00",2554940,8549843,264551,12726,2151031,14684935.066666666,13802342.233333332
"2022-11-14 00:00:00",2446813,11024242,270223,10725,4080618,14787615.833333334,13821646.966666667
"2022-11-15 00:00:00",3336250,9467947,317240,11019,3838683,14973477.533333333,14023141.166666666
"2022-11-16 00:00:00",2939832,10296525,202277,12507,3081079,15144925.233333332,14261935.4
"2022-11-17 00:00:00",2798229,9083485,203017,8030,2744480,15150648.6,14249776.933333334
"2022-11-18 00:00:00",3096006,8020325,255896,17348,3914516,15218476.3,14286927.9
"2022-11-19 00:00:00",3929015,10618376,216183,10348,2932710,15277606.7,14222686.666666666
"2022-11-20 00:00:00",2957426,7821340,241174,7399,2643968,15225416.3,14251355.666666666
"2022-11-21 00:00:00",2313800,9716510,271814,8150,3484673,15265046.6,14130385.6
"2022-11-22 00:00:00",3628337,9042147,236263,11311,2554480,15208837.833333334,14040368.633333333
"2022-11-23 00:00:00",3498169,9240133,281442,9804,3396320,15214799.5,14248749.066666666
"2022-11-24 00:00:00",2776686,9275755,286772,14186,2854757,15191954.866666667,14252899.8
"2022-11-25 00:00:00",2174745,9646285,220718,7579,3330122,15259019.4,14183837.333333334
"2022-11-26 00:00:00",3144881,7869880,289181,5137,2943346,15252375.3,14215362.7
"2022-11-27 00:00:00",1922242,8193089,207091,16339,2544637,15073163.733333332,14255555.833333334
"2022-11-28 00:00:00",3268191,6691336,253612,12928,2997315,15042598.133333333,14225576.233333332
"2022-11-29 00:00:00",1510867,4436768,203601,3939,1623902,14776741.4,14153284.233333332
"2022-11-30 00:00:00",3251974,8066401,177819,22033,3440925,14751921.933333334,14046928.266666668
"2022-12-01 00:00:00",2402257,9132074,193671,6713,2909574,14751561.866666667,14123537.166666666
"2022-12-02 00:00:00",2938163,8036890,211033,14822,3473324,14835075.866666667,14214787.133333333
"2022-12-03 00:00:00",2540345,9057232,313484,6879,3187524,14796309.266666668,14260959.533333333
"2022-12-04 00:00:00",1690448,7871284,168159,16606,2571535,14687073.333333334,14304514.4
"2022-12-05 00:00:00",3524377,9230256,227777,10176,3630876,14785079.933333334,14387139.966666667
"2022-12-06 00:00:00",2557207,10116671,285059,17004,3816110,14886428.966666667,14409199.5
"2022-12-07 00:00:00",3879531,10868942,281361,14335,3456279,14890939.433333334,14793965.7
"2022-12-08 00:00:00",2051408,9035623,265122,8500,3247168,14842999.333333334,15039981.5
"2022-12-09 00:00:00",2067052,7475085,229732,8563,2932681,14777010.5,14470346.1
"2022-12-10 00:00:00",2823361,7098012,235354,9736,3121478,14777954.433333334,14497078.433333334
"2022-12-11 00:00:00",2920867,8237566,227980,12246,2967680,14792743.366666667,14492657.233333332
"2022-12-12 00:00:00",2631930,10279249,297048,18386,3168788,14926589.2,14308771.566666666
"2022-12-13 00:00:00",2331375,7770120,252367,6547,2831857,14915228.566666666,14298473.766666668
"2022-12-14 00:00:00",2929250,9857262,251293,13001,4968076,14921436.966666667,14275528.4
"2022-12-15 00:00:00",3343816,8921236,226617,6933,3026528,14873235.866666667,14315958.1
"2022-12-16 00:00:00",2566818,8306977,225738,14016,2767816,14784873.8,14103691.9
"2022-12-17 00:00:00",1377246,5517292,137056,9247,1794559,14584811.866666667,13982119.733333332
"2022-12-18 00:00:00",2457042,9024559,192335,15346,2488477,14547267.066666666,14050997.633333333
"2022-12-19 00:00:00",2972979,8237008,279284,9742,3354047,14452147.9,14020985.533333333
"2022-12-20 00:00:00",2446777,8648120,191279,10019,2405226,14453151.9,14009739.466666667
"2022-12-21 00:00:00",2246183,8352453,172630,9207,2650409,14374349.4,14097760.266666668
"2022-12-22 00:00:00",1517195,5363990,186776,5406,1741076,14152412.033333333,14187766.8
"2022-12-23 00:00:00",2589995,8671104,215065,8813,2309080,14064684.333333334,14082593.833333334
"2022-12-24 00:00:00",2263410,8223001,201154,12125,2951482,14012784.533333333,13964322
"2022-12-25 00:00:00",4131509,9129567,236234,16736,3702461,14074019.366666667,13916273.833333334
"2022-12-26 00:00:00",2524652,8103668,259849,7456,3518120,14079396.5,13842370.666666666
"2022-12-27 00:00:00",2518854,8260419,252325,9765,3759402,14143308.7,13825727.766666668
"2022-12-28 00:00:00",2164243,8345450,239190,11475,3177700,14167131.533333333,13958365.366666667
"2022-12-29 00:00:00",2248557,9002786,263831,30544,3606511,14412904.566666666,13998631.7
"2022-12-30 00:00:00",2455970,9027501,252066,8038,2333094,14383488.933333334,14127587.433333334
"2022-12-31 00:00:00",3254752,9870634,257112,9574,3242873,14449844.066666666,14133253.833333334
"2023-01-01 00:00:00",3019089,8508920,263164,6328,2381056,14433321.766666668,14122872.5
"2023-01-02 00:00:00",3719855,8462806,276601,2757,2787376,14438119.166666666,14102588.433333334
"2023-01-03 00:00:00",3380523,8296608,233139,9408,3864858,14553669.466666667,14158220.133333333
"2023-01-04 00:00:00",2572760,10632025,288539,11628,3225062,14557221.466666667,14168899.633333333
"2023-01-05 00:00:00",3331725,9343470,247433,5886,3266240,14537312.133333333,14277352.6
"2023-01-06 00:00:00",2772145,8756288,302056,14953,3525940,14433009.9,14296528.366666667
"2023-01-07 00:00:00",3051144,9664325,253460,11913,3381762,14491502.933333334,14363170.733333332
"2023-01-08 00:00:00",3310873,9697980,186463,12837,3248885,14616299.933333334,14528501.233333332
"2023-01-09 00:00:00",4226760,9404683,244275,6630,3107103,14739683.7,14397384.133333333
"2023-01-10 00:00:00",2855806,7617787,285931,13520,3161688,14725296.966666667,14472586.133333333
"2023-01-11 00:00:00",2996633,10866294,281916,6313,3768684,14776111.2,14555459.066666666
"2023-01-12 00:00:00",1928787,5866659,214464,7676,1434306,14651432.066666666,14473436.266666668
"2023-01-13 00:00:00",1781167,4649271,180690,7765,3074774,14373924.4,14566596.466666667
"2023-01-14 00:00:00",1284784,6191432,200434,3895,1885255,14175279.633333333,14552911.466666667
"2023-01-15 00:00:00",1585760,8758354,248968,11425,1608797,14119677.4,14614448.033333333
"2023-01-16 00:00:00",2450148,9531868,384838,4740,3790631,14363905.566666666,14790462.033333333
"2023-01-17 00:00:00",2353308,10354724,196408,11879,2732685,14412947.3,14722209.366666667
"2023-01-18 00:00:00",2662383,9928431,231546,4530,3124637,14449563.4,14789897.5
"2023-01-19 00:00:00",2748452,9546340,188424,9331,2571153,14494972.333333334,14784741.6
"2023-01-20 00:00:00",1841747,9149356,205599,5565,3036436,14521899.6,14841316.833333334
"2023-01-21 00:00:00",1965078,7086530,161291,11264,2276946,14611454.866666667,14850568.6
"2023-01-22 00:00:00",2785215,7656578,129194,11840,2387153,14583985.666666666,14847608.466666667
"2023-01-23 00:00:00",2506627,5979615,205796,9057,1650988,14474015.633333333,14854379.966666667
"2023-01-24 00:00:00",3319060,7037568,216197,6133,1870431,14315111.6,14927112.4
"2023-01-25 00:00:00",3424281,8491978,263263,9568,4178032,14380224.1,14953581.666666666
"2023-01-26 00:00:00",2889888,8986119,156042,8524,2998251,14388159.166666666,14935483.633333333
"2023-01-27 00:00:00",3810022,6419431,138596,5442,2165112,14341509.833333334,14850372.3
"2023-01-28 00:00:00",3420173,9048024,136520,9194,3234348,14364709.666666666,14869437.7
"2023-01-29 00:00:00",4089843,6710223,244800,1878,2702414,14353791.966666667,14937136.4
"2023-01-30 00:00:00",4802169,9875820,200114,7454,2175410,14367992.966666667,14794969.233333332
"2023-01-31 00:00:00",4126190,9253785,196454,4366,2058192,14416674,14634634.9
"2023-02-01 00:00:00",2980845,8896874,229751,3714,2296530,14388617.6,14614939.9
"2023-02-02 00:00:00",3270257,9104479,224797,8955,3351941,14394480.533333333,14519715.1
"2023-02-03 00:00:00",3034859,9759946,306869,7734,2815008,14367627.066666666,14468151.133333333
"2023-02-04 00:00:00",2420384,8961582,210034,7503,3170958,14320149.9,14412087.4
"2023-02-05 00:00:00",1943461,8726573,232046,5643,2810392,14265040.666666666,14264353.933333334
"2023-02-06 00:00:00",3781695,7263124,231143,7125,2994533,14195540.6,14243031.166666666
"2023-02-07 00:00:00",2197164,8239777,277163,8841,3512046,14121472.833333334,14174481.3
"2023-02-08 00:00:00",2679217,9397153,245132,13495,3373499,14078773.8,14208097.433333334
"2023-02-09 00:00:00",3445463,7190130,309811,4731,3622429,14100034.933333334,14105769.866666667
"2023-02-10 00:00:00",2573348,9932004,228695,17090,1998600,13994365.033333333,14101001.2
"2023-02-11 00:00:00",1533831,6698956,238404,9031,2667009,14050875.866666667,14118589.133333333
"2023-02-12 00:00:00",1948464,5745323,162700,6621,1771776,14048916.266666668,14002778
"2023-02-13 00:00:00",3024062,9745940,283069,9741,1878763,14228109.233333332,13854004.666666666
"2023-02-14 00:00:00",2916683,11032779,244775,3973,3666490,14416488.866666667,13880232.2
"2023-02-15 00:00:00",2612791,9472014,284780,26397,3334408,14402094.233333332,13845192.2
"2023-02-16 00:00:00",2229796,9019758,256279,11369,2920371,14361713.566666666,13867602.9
"2023-02-17 00:00:00",3786504,10862671,232466,16232,2998749,14426550.233333332,13874630.966666667
"2023-02-18 00:00:00",2192012,7001535,180127,1829,3467116,14352513.866666667,13855881.266666668
"2023-02-19 00:00:00",2131189,7721471,187072,5954,2325467,14290262.1,13759162.233333332
"2023-02-20 00:00:00",3792262,9157092,190752,7967,2633461,14432943.633333333,13721718.066666666
"2023-02-21 00:00:00",2027149,8151560,262257,4829,2089230,14418445.566666666,13729780.033333333
"2023-02-22 00:00:00",2746348,8773659,217515,17696,3368291,14577493.766666668,13825641.166666666
"2023-02-23 00:00:00",2496182,8518034,206023,5146,2528092,14620963.466666667,13714450.766666668
"2023-02-24 00:00:00",3030180,7108518,255954,11900,3464182,14537750.133333333,13756837.566666666
"2023-02-25 00:00:00",2423036,8109723,170259,15509,2774903,14486236.933333334,13771358.066666666
"2023-02-26 00:00:00",2241872,7251433,197034,7169,2883311,14487644.433333334,13684592.166666666
"2023-02-27 00:00:00",2645495,7920816,288830,3987,2876845,14417235.666666666,13655822.733333332
"2023-02-28 00:00:00",3220997,9590871,239506,5388,2650826,14482516.5,13684354.766666668
"2023-03-01 00:00:00",2983864,7500014,200695,14635,2468133,14352728.866666667,13693789.833333334
"2023-03-02 00:00:00",3232627,7589522,258647,11674,2635684,14289034.933333334,13918245.033333333
"2023-03-03 00:00:00",3201157,9629778,305230,7771,2402044,14326977.2,13983234.033333333
"2023-03-04 00:00:00",2384823,7194763,284984,7598,3171591,14229754.5,13969034.7
"2023-03-05 00:00:00",2742706,7747826,177820,14365,3381492,14167747.266666668,14020743.733333332
"2023-03-06 00:00:00",2817311,9778603,323594,24241,2691254,14196565.733333332,13980110.8
"2023-03-07 00:00:00",2566629,7235026,298991,8769,3818010,14203542.833333334,14093543.966666667
"2023-03-08 00:00:00",2903643,8612441,253978,37157,2632002,14208929.866666667,14081087.1
"2023-03-09 00:00:00",3404304,9684434,266681,6849,3345927,14291369.933333334,13958678.2
"2023-03-10 00:00:00",3859502,8419778,332041,6349,2663086,14277112.066666666,13956079.466666667
"2023-03-11 00:00:00",3025521,6441239,283737,10390,1991451,14183104.366666667,13935745.133333333
"2023-03-12 00:00:00",2757971,7791376,156583,6728,2226336,14122746.266666668,13849125.133333333
"2023-03-13 00:00:00",3011195,8624169,322835,9778,3769979,14275771.333333334,13754347.766666668
"2023-03-14 00:00:00",2190779,8904798,262180,9982,3310690,14443889.833333334,13831931.8
"2023-03-15 00:00:00",3487143,8831807,240718,13860,3482242,14481029.833333334,13976859.866666667
"2023-03-16 00:00:00",3439698,9902432,269474,12431,3929718,14470665.333333334,13872416.833333334
"2023-03-17 00:00:00",3543422,8826112,337835,13061,3312823,14480760.466666667,13735696.633333333
"2023-03-18 00:00:00",2404497,8756751,199263,10928,2591876,14464951.9,13794666
"2023-03-19 00:00:00",2948304,9346655,186178,4398,3076600,14387135.1,13715572.4
"2023-03-20 00:00:00",3127386,8104614,262544,4961,2719959,14433029.966666667,13702565.7
"2023-03-21 00:00:00",2242939,9403042,191113,8385,2440060,14496843.066666666,13756633.4
"2023-03-22 00:00:00",3586947,6153661,202744,16652,2963702,14401582.133333333,13786217.666666666
"2023-03-23 00:00:00",4308299,9127489,326764,22058,2894308,14539712.2,13842094.866666667
"2023-03-24 00:00:00",3215003,9404415,275850,9555,2766262,14557965.1,13829525.066666666
"2023-03-25 00:00:00",2652000,8689772,199677,11103,3359115,14596571.566666666,13806480.966666667
"2023-03-26 00:00:00",2958852,9750763,240992,20262,3142161,14671314.666666666,13774817.833333334
"2023-03-27 00:00:00",2979564,9761629,243727,7569,2260763,14729976.1,13753613.233333332
"2023-03-28 00:00:00",3214480,7831370,276951,10969,3246408,14796621.5,13994841.1
"2023-03-29 00:00:00",2381797,8117125,294363,19160,3757069,14824406.266666668,14050827.766666668
"2023-03-30 00:00:00",4683618,7986313,306097,5677,2294281,14810020,13979758.133333333
"2023-03-31 00:00:00",2475703,8644566,305919,10145,2986326,14851864.433333334,14063472.266666668
"2023-04-01 00:00:00",2656597,9579752,194326,22077,2386130,14888888.233333332,13958136.5
"2023-04-02 00:00:00",3073833,8413647,232062,25940,2353280,14840647.766666668,13916161.066666666
"2023-04-03 00:00:00",3227421,7872069,305963,19352,2573487,14872466.1,13938494.233333332
"2023-04-04 00:00:00",1818627,5257751,212799,5158,1797244,14706711.566666666,13925665.9
"2023-04-05 00:00:00",2555859,10240266,279674,16780,2849680,14716953.2,14036531.433333334
"2023-04-06 00:00:00",3391289,10911964,274834,12391,3996917,14872285.933333334,14040822.166666666
"2023-04-07 00:00:00",3269409,7130387,246454,14568,2590689,14832695.1,14048879.2
"2023-04-08 00:00:00",4985995,11207093,282810,7215,3348833,14936820.366666667,14118366.833333334
"2023-04-09 00:00:00",3546667,7839566,242087,12115,2727898,14906406.1,14080186.733333332
"2023-04-10 00:00:00",3901831,9249451,308726,6908,3353164,15075331.266666668,14081154
"2023-04-11 00:00:00",4630790,8747238,242923,10965,3163560,15203880.6,14106686.933333334
"2023-04-12 00:00:00",2306186,8216022,286801,9432,3860134,15168567.433333334,14116610.066666666
"2023-04-13 00:00:00",5948176,9990826,270955,5517,3003826,15319930.5,14044566.8
"2023-04-14 00:00:00",2546151,8856722,257145,13247,3546997,15292080.5,14049905.333333334
"2023-04-15 00:00:00",2260157,9534358,208364,7462,3216151,15214504.966666667,14213217.466666667
"2023-04-16 00:00:00",2667781,7065645,203483,4728,3173681,15117240.8,14403548.166666666
"2023-04-17 00:00:00",3018551,10256814,229712,18271,2613084,15189677.8,14364490.4
"2023-04-18 00:00:00",1852319,10148211,299999,7202,2857309,15176441.7,14461317.2
"2023-04-19 00:00:00",3059893,9830265,193178,9293,3362514,15250964.5,14495000.2
"2023-04-20 00:00:00",2316066,9238324,211768,7168,2229640,15241545.3,14527077.766666668
"2023-04-21 00:00:00",2687395,8786019,271677,8612,4311955,15346276.866666667,14542015.2
"2023-04-22 00:00:00",3127330,9062209,220935,7417,2627019,15291809.233333332,14561636.9
"2023-04-23 00:00:00",3458914,8278083,162200,9716,3974867,15298898.3,14528903.433333334
"2023-04-24 00:00:00",3188860,8030790,221385,28963,3976922,15316739.866666667,14604848.4
"2023-04-25 00:00:00",2652256,10749370,236806,11223,2884423,15330774.933333334,14460113.6
"2023-04-26 00:00:00",3332559,9240153,344618,11666,2355801,15331825.933333334,14504969.366666667
"2023-04-27 00:00:00",3079792,8472294,288893,17054,3115364,15344933.433333334,14435694.4
"2023-04-28 00:00:00",3642951,8624171,258305,11589,3237828,15385110.4,14443899.966666667
"2023-04-29 00:00:00",2132327,9536193,237724,11653,2820296,15367183.4,14460233.633333333
"2023-04-30 00:00:00",3592098,7667910,284458,4599,3227177,15378969.266666668,14362501.4
"2023-05-01 00:00:00",3203451,8604488,261990,5967,3032271,15387945.7,14288697.1
"2023-05-02 00:00:00",3060900,8869834,245777,18572,3378595,15437109.533333333,14288927.933333334
"2023-05-03 00:00:00",2665570,7763531,193186,10568,2801028,15418295.466666667,14304980.666666666
"2023-05-04 00:00:00",2837686,5732975,261321,23785,1284597,15453254.933333334,14286115.066666666
"2023-05-05 00:00:00",2816680,8623297,186585,9712,3404894,15423218.6,14165418.633333333
"2023-05-06 00:00:00",4662711,10751104,360186,13872,4233579,15471020.3,14102698.633333333
"2023-05-07 00:00:00",2956235,9219398,231455,4770,2689938,15532697.1,14074089.833333334
"2023-05-08 00:00:00",4365397,8438855,213782,7950,3174884,15411660.666666666,14103981.766666668
"2023-05-09 00:00:00",2610727,9415343,257364,8678,3121979,15446519.9,14148214.366666667
"2023-05-10 00:00:00",3885601,9636378,244093,6672,3344728,15456433.033333333,14201762.333333334
"2023-05-11 00:00:00",3988716,8841083,298150,11227,3220155,15441895.366666667,14252460.7
"2023-05-12 00:00:00",4193986,10062087,245611,10955,3418603,15550318,14295003.766666668
"2023-05-13 00:00:00",2425162,8864448,221851,10226,2294098,15370199.8,14434211.466666667
"2023-05-14 00:00:00",3017031,7006383,231400,14076,2384826,15284647.866666667,14442115.133333333
"2023-05-15 00:00:00",2978191,9782185,230943,8211,3299768,15320408.5,14327595.166666666
"2023-05-16 00:00:00",2780902,8243292,264282,4833,3061909,15361738.733333332,14248905.666666666
"2023-05-17 00:00:00",3804616,8441500,227289,9783,2483038,15322731.7,14190561.266666668
"2023-05-18 00:00:00",2935515,9247808,335895,11822,3473309,15350708.666666666,14012130.266666668
"2023-05-19 00:00:00",1975845,6879116,214235,4477,2638196,15192599.433333334,13958974.833333334
"2023-05-20 00:00:00",4704881,6156457,208791,4763,1915255,15158838.2,14003612.966666667
"2023-05-21 00:00:00",1479686,4166550,199128,9409,1380603,14864495.5,14006603.866666667
"2023-05-22 00:00:00",2921508,16906821,299102,14723,4636952,15188969.333333334,13893001.433333334
"2023-05-23 00:00:00",2857642,10470075,232947,10243,2986054,15211409.3,13926111.5
"2023-05-24 00:00:00",3012971,8594703,220978,15349,2884929,15187476.933333334,13965032.333333334
"2023-05-25 00:00:00",3017031,9166115,280176,9062,3563099,15170857.566666666,14089183.966666667
"2023-05-26 00:00:00",2665219,9121573,259660,15383,2782421,15156172.9,14065894.9
"2023-05-27 00:00:00",3382430,9073226,178324,8157,2595667,15164985.8,14003049.5
"2023-05-28 00:00:00",3663785,9083320,245623,9929,3274078,15181716.233333332,14039265.466666667
"2023-05-29 00:00:00",2289986,8481968,199419,9021,3530266,15174132.3,13977145.2
"2023-05-30 00:00:00",2620344,6460682,261419,5078,2362436,15071922.5,13986720.366666667
"2023-05-31 00:00:00",4813602,10217061,310567,14839,3466854,15195747.733333332,14063604.1
"2023-06-01 00:00:00",2479685,8678676,283288,4363,2772868,15150587.933333334,14096676.3
"2023-06-02 00:00:00",3676857,7503266,243363,19046,3613511,15204660.366666667,14046009.6
"2023-06-03 00:00:00",4198770,8668022,308230,11659,3340176,15417543.466666667,13991006.7
"2023-06-04 00:00:00",3118500,7961928,287119,14458,2930888,15393267.133333333,13983023.933333334
"2023-06-05 00:00:00",3332190,8642874,275068,15492,2978086,15234008.933333334,14050390.966666667
"2023-06-06 00:00:00",4480692,9123009,256930,21656,4040221,15328032.466666667,14097952.833333334
"2023-06-07 00:00:00",3296400,10334304,257976,9952,3524168,15368764.2,14134852.7
"2023-06-08 00:00:00",3030211,8392992,204823,10405,2754559,15334726.8,14137736.366666667
"2023-06-09 00:00:00",3226620,9627644,316173,9581,3167759,15309070,14166796.533333333
"2023-06-10 00:00:00",2867293,8153236,222800,10013,2745429,15230383.9,14215752.466666667
"2023-06-11 00:00:00",2359003,8333560,293286,6270,3359492,15111062.5,14303844.5
"2023-06-12 00:00:00",3534202,8565248,311092,7434,2562390,15149882.833333334,14198534.1
"2023-06-13 00:00:00",4273875,7866991,285597,5314,3757871,15267747.333333334,14162279
"2023-06-14 00:00:00",3605163,9924360,267643,16300,2897541,15281470.866666667,14236349.833333334
"2023-06-15 00:00:00",3945150,8355948,237951,14642,3221722,15328810.6,14314130.1
"2023-06-16 00:00:00",2307428,8861238,226631,9088,3813400,15337195.833333334,14336398.833333334
"2023-06-17 00:00:00",3707987,9180563,278522,14003,2835237,15337594.5,14435743.566666666
"2023-06-18 00:00:00",3798640,7940322,166163,10900,2714169,15434872.2,14502245.533333333
"2023-06-19 00:00:00",3999075,9086013,286945,15449,3294815,15557945.1,14457230.7
"2023-06-20 00:00:00",2993054,8549831,265200,16486,3674234,15833393.4,14461905.866666667
"2023-06-21 00:00:00",2694254,9908949,400818,7326,3517768,15558394.033333333,14504569.2
"2023-06-22 00:00:00",2343999,9432297,235030,12746,3108736,15510922.1,14445409.2
"2023-06-23 00:00:00",2225733,7837795,245148,11169,2821666,15458007.6,14519001.866666667
"2023-06-24 00:00:00",2537989,7475924,221813,10134,3294902,15374849.833333334,14552991.5
"2023-06-25 00:00:00",4263231,8312483,214208,9772,3186374,15412910.266666668,14506721.233333332
"2023-06-26 00:00:00",3965623,9701603,272555,11101,3280271,15479356.1,14446285.4
"2023-06-27 00:00:00",2043577,8903186,384866,4078,3398939,15427953.2,14364448.2
"2023-06-28 00:00:00",1794402,8708744,242275,7358,3322194,15413430.466666667,14390593.7
"2023-06-29 00:00:00",3726492,9305240,184031,4299,3004068,15563902.9,14455701.5
"2023-06-30 00:00:00",2994692,8448995,212133,17512,3653677,15447372.366666667,14437462.5
"2023-07-01 00:00:00",4035226,8785401,223248,7969,2605688,15495327.1,14402629.3
"2023-07-02 00:00:00",4002856,8993768,169805,9372,3482412,15548732.266666668,14444120.833333334
"2023-07-03 00:00:00",3419045,8116282,305605,21824,3496439,15509810.833333334,14510658.1
"2023-07-04 00:00:00",3768357,8849466,300256,10338,2406106,15543865.566666666,14672207.8
"2023-07-05 00:00:00",3623751,7347046,260375,11576,3332039,15521567.8,14660150.433333334
"2023-07-06 00:00:00",3392383,9018294,238808,11180,2263324,15421617.266666668,14622271.1
"2023-07-07 00:00:00",3258178,9069837,299839,13419,3202713,15368989.7,14648274.4
"2023-07-08 00:00:00",3807583,9377536,210308,6014,2896372,15432483.9,14698756.033333333
"2023-07-09 00:00:00",2671469,7963427,294838,9551,2471581,15334586.6,14633599.8
"2023-07-10 00:00:00",3500122,9807820,316067,8714,2634873,15410214.4,14598113.766666668
"2023-07-11 00:00:00",3666503,8434432,308654,12916,3597427,15465825.266666668,14613779.4
"2023-07-12 00:00:00",2642917,8819528,281113,14743,2570978,15444121.933333334,14602831.666666666
"2023-07-13 00:00:00",3473098,8639770,214000,5229,3059178,15417509.433333334,14524872.166666666
"2023-07-14 00:00:00",3075379,10022312,253688,8580,2505026,15389308.433333334,14453349.566666666
"2023-07-15 00:00:00",2742021,9190336,234078,7749,3181870,15375329.6,14401662.466666667
"2023-07-16 00:00:00",2688936,7225602,233534,14697,2311394,15283875.166666666,14504962.833333334
"2023-07-17 00:00:00",2594812,7161893,220024,10453,3091896,15185966.866666667,14466271.333333334
"2023-07-18 00:00:00",1703080,11124953,237697,7976,3099265,15237392.833333334,14472992.7
"2023-07-19 00:00:00",3827749,9626936,298258,9125,3602649,15260139.766666668,14513587.866666667
"2023-07-20 00:00:00",3233414,9117849,241986,8294,3276788,15272790.1,14484132
"2023-07-21 00:00:00",3098333,7181880,222670,9307,3669274,15194534.666666666,14528040.966666667
"2023-07-22 00:00:00",3340499,10393167,270284,20948,2181636,15230325.2,14608947.666666666
"2023-07-23 00:00:00",3884666,8222656,224962,12629,3513157,15320877.166666666,14464800.933333334
"2023-07-24 00:00:00",2694821,9356940,279427,9582,2355059,15359379.833333334,14438593.933333334
"2023-07-25 00:00:00",1959711,8125789,217422,5514,2697351,15260037.4,14535641.566666666
"2023-07-26 00:00:00",3074828,7594452,220909,7261,2537426,15133494.366666667,14572435.333333334
"2023-07-27 00:00:00",2340001,7451373,189528,11356,2184390,15048226.966666667,14586170.2
"2023-07-28 00:00:00",2204702,6594288,158370,22405,2229646,14952708.133333333,14627946.366666667
"2023-07-29 00:00:00",2819612,7440452,207362,4078,1912834,14824715,14614293.566666666
"2023-07-30 00:00:00",2973235,6472402,236658,8858,2487067,14719754.866666667,14675523.2
"2023-07-31 00:00:00",2643347,8579467,178792,10359,3180707,14684259.533333333,14633556.566666666
"2023-08-01 00:00:00",2788651,10289390,292033,13637,2906724,14672000.833333334,14710050.9
"2023-08-02 00:00:00",4392317,7843957,239792,7346,2879913,14672138.2,14735267.1
"2023-08-03 00:00:00",2241541,6855646,208711,8887,2917064,14568715.8,14675073.7
"2023-08-04 00:00:00",2348502,8006870,224226,7231,2177980,14508383.4,14610785.3
"2023-08-05 00:00:00",2792241,6805791,200777,13082,3459738,14453304.133333333,14515232.3
"2023-08-06 00:00:00",3793565,6373038,204059,21715,3149411,14376563.9,14504953.833333334
"2023-08-07 00:00:00",3580637,9753686,271968,14459,3671995,14409728.5,14445678.733333332
"2023-08-08 00:00:00",5289661,11832213,264126,14738,3118211,14646664.866666667,14425120.133333333
"2023-08-09 00:00:00",3344510,10233802,336615,8539,3869666,14697516.3,14398718.033333333
"2023-08-10 00:00:00",2473697,10528451,186325,12970,2569720,14689224,14354737.133333333
"2023-08-11 00:00:00",3755490,10349861,239962,9944,2874005,14785890.533333333,14406224.466666667
"2023-08-12 00:00:00",2314192,7805051,239711,11754,3211668,14725594.133333333,14421445.1
"2023-08-13 00:00:00",4396581,9075764,223368,4928,3945554,14784967.766666668,14524816
"2023-08-14 00:00:00",3920577,11115413,282217,19620,3003401,14884474.3,14443668.533333333
"2023-08-15 00:00:00",3209252,7556401,272418,12710,2999319,14937006.266666668,14357285.633333333
"2023-08-16 00:00:00",3719009,10470621,253990,5956,3519822,15100017.6,14444411.266666668
"2023-08-17 00:00:00",3428843,8120367,290298,9372,2476817,15038442.466666667,14374454.666666666
"2023-08-18 00:00:00",1782613,5510392,177081,6516,1693198,14765278.133333333,14339637.133333333
"2023-08-19 00:00:00",2241772,6412664,236871,12212,2349702,14611107.3,14399562.433333334
"2023-08-20 00:00:00",1571048,5131541,164370,4274,2002333,14434176.7,14364433.233333332
"2023-08-21 00:00:00",4589594,16806198,351782,13083,5573322,14805092.6,14265751.866666667
"2023-08-22 00:00:00",3318488,8969605,289481,2489,2625025,14783326.7,14316388.2
"2023-08-23 00:00:00",2861690,8718818,335869,5605,3214162,14798003.666666666,14285058.833333334
"2023-08-24 00:00:00",2614382,9781502,257038,9647,3134523,14891047.066666666,14175612.1
"2023-08-25 00:00:00",3452501,10816978,300201,10058,2424123,15010013.466666667,14276599.133333333
"2023-08-26 00:00:00",2839613,8742367,270254,9212,3424199,15113646.9,14304646.866666667
"2023-08-27 00:00:00",2923410,7428613,147357,11042,1879347,15152991.633333333,14340802.666666666
"2023-08-28 00:00:00",2486884,6487237,295116,10843,2198537,15122800.966666667,14316874.966666667
"2023-08-29 00:00:00",2927187,10650413,230831,15209,3405428,15291163.3,14239772.3
"2023-08-30 00:00:00",3097641,9216395,245198,6992,3461924,15339012.7,14303723.8
"2023-08-31 00:00:00",2569854,9528035,236171,2524,1786636,15266771.7,14270699.7
"2023-09-01 00:00:00",2511659,6598503,247247,21324,2694374,15157097.8,14250244.533333333
"2023-09-02 00:00:00",3283551,7093500,216282,3540,2359419,15181245.533333333,14183371.966666667
"2023-09-03 00:00:00",3061400,8349949,239994,9434,3534696,15262267.666666666,14090220.166666666
"2023-09-04 00:00:00",2997290,7193951,350851,7970,3460127,15286887.366666667,13969613.433333334
"2023-09-05 00:00:00",4255168,9192022,298984,10011,4120173,15431373.6,13765043.166666666
"2023-09-06 00:00:00",2031544,8850179,231090,11955,3573573,15344894,13743519.266666668
"2023-09-07 00:00:00",4326200,9170700,230287,10583,3281679,15228243.966666667,13880467.133333333
"2023-09-08 00:00:00",4388524,10375602,307541,11544,3872813,15267007.233333332,13950547.833333334
"2023-09-09 00:00:00",3213590,9880065,309191,23377,3012675,15289265.233333332,14053206.066666666
"2023-09-10 00:00:00",3359266,8663344,209607,19315,2478221,15205947.666666666,14014908.466666667
"2023-09-11 00:00:00",2402069,10906047,285706,17542,3166905,15312477.3,14051914.533333333
"2023-09-12 00:00:00",2341643,10122295,313716,15226,2479758,15233358.7,14034451.2
"2023-09-13 00:00:00",3425872,9269916,302307,6206,3506978,15172360.1,13979553.733333332
"2023-09-14 00:00:00",3214703,8456113,246047,13076,2889765,15198013.3,13783236.933333334
"2023-09-15 00:00:00",3087307,9487347,259796,6205,2999447,15127036.666666666,13659140.133333333
"2023-09-16 00:00:00",2764586,7995911,279108,12791,2943530,15116043.866666667,13733497.466666667
"2023-09-17 00:00:00",4658804,7574634,252890,13366,2904885,15323870,13830391.6
"2023-09-18 00:00:00",2758874,10680022,261545,12535,2542308,15490606.3,13722403.7
"2023-09-19 00:00:00",3371183,7942827,241657,11589,3151867,15685458.866666667,13656371.2
"2023-09-20 00:00:00",3424693,6827306,280798,11045,2542882,15210549.466666667,13861652.766666668
"2023-09-21 00:00:00",4160612,8534132,243931,9852,3798583,15261950.366666667,13877936.6
"2023-09-22 00:00:00",3203888,8482822,252507,7344,3583192,15275070.833333334,13982309.033333333
"2023-09-23 00:00:00",3340338,8995289,274912,5562,2656514,15257588.233333332,14028368.866666667
"2023-09-24 00:00:00",2706685,8377324,218188,7619,3360200,15179793.2,13984173.333333334
"2023-09-25 00:00:00",2945055,8834257,264251,15049,3526789,15189785.066666666,13990040.866666667
"2023-09-26 00:00:00",2332168,9388212,248389,9556,3840071,15304073.033333333,14013191.8
"2023-09-27 00:00:00",2908635,8898228,281766,16611,2994079,15424763.4,14079325.933333334
"2023-09-28 00:00:00",2345087,9711774,255176,14725,2491619,15344406.5,14187759.433333334
"2023-09-29 00:00:00",2202141,9143162,298269,8706,2624951,15286042.9,14165296.466666667
"2023-09-30 00:00:00",3483998,6876493,269004,16707,3397345,15283387.1,14184253.666666666
"2023-10-01 00:00:00",2760924,8796573,162222,14540,1814857,15332587.266666668,14199182.133333333
"2023-10-02 00:00:00",2139145,9326794,280944,6136,3538607,15410432.233333332,14174419.666666666
"2023-10-03 00:00:00",2330671,7693557,222212,13037,3159590,15351218.866666667,14257754.733333332
"2023-10-04 00:00:00",2815783,7635908,219945,8497,2848574,15335168.966666667,14350690.166666666
"2023-10-05 00:00:00",2800730,6205819,221947,14353,2293203,15123825.233333332,14570460.8
"2023-10-06 00:00:00",4299804,7505047,173211,13146,2855879,15128782.666666666,14628919.266666668
"2023-10-07 00:00:00",2637672,8866088,287912,6699,2034227,15022553.833333334,14581163.833333334
"2023-10-08 00:00:00",4001564,5964001,282642,14833,3029400,14833766.966666667,14644547.2
"2023-10-09 00:00:00",2959429,8396000,291660,4971,2589304,14760515.733333332,14379093.366666667
"2023-10-10 00:00:00",2602436,11213026,218794,8397,4191383,14877325.466666667,14432236.8
"2023-10-11 00:00:00",3798211,10958476,313255,4124,3172952,14926284.233333332,14548536.966666667
"2023-10-12 00:00:00",3973395,9813919,299148,4812,4043000,15021672.433333334,14491765.633333333
"2023-10-13 00:00:00",3963830,10417348,214580,5667,2465985,15040210.166666666,14625286.133333333
"2023-10-14 00:00:00",3253027,10068296,266403,10131,3220683,15106837.966666667,14814106.4
"2023-10-15 00:00:00",3141972,8716489,231545,11597,1878070,15044823.333333334,14924815.766666668
"2023-10-16 00:00:00",4238902,8643883,216030,8769,3952023,15146945.7,14764417.5
"2023-10-17 00:00:00",2835005,10267201,299159,8005,3369742,15192763.866666667,14550422.733333332
"2023-10-18 00:00:00",3384299,9006340,276532,15433,3507683,15190597.333333334,14629563.4
"2023-10-19 00:00:00",3206596,8066021,267692,9904,2701071,15175002.7,14646518.666666666
"2023-10-20 00:00:00",2863833,8992657,277547,8479,2257483,15218779.066666666,14568913.266666668
"2023-10-21 00:00:00",2017135,8531489,211238,14387,3344327,15131161.3,14597160.533333333
"2023-10-22 00:00:00",2641661,9001012,231951,4759,2620111,15096818.633333333,14553652.133333333
"2023-10-23 00:00:00",3834182,10162664,324503,8262,2659513,15154035.733333332,14660168
"2023-10-24 00:00:00",3174926,9896200,272535,13032,3182239,15216332.833333334,14680654.566666666
"2023-10-25 00:00:00",2046447,9122004,334954,13578,4240499,15222069.533333333,14717249.633333333
"2023-10-26 00:00:00",3367281,7830790,306331,19101,3226444,15186454.4,14603079.166666666
"2023-10-27 00:00:00",2945474,11971649,312576,12476,3401802,15304609.533333333,14562012.433333334
"2023-10-28 00:00:00",2770245,10316865,296828,10432,2568317,15342753.633333333,14606496.166666666
"2023-10-29 00:00:00",1761902,8434187,238065,4061,2927175,15312358.733333332,14615222.333333334
"2023-10-30 00:00:00",3422913,8657650,243178,13315,2268590,15331095.833333334,14621614
"2023-10-31 00:00:00",2196687,9198180,267510,12369,3005212,15368790.766666668,14661866.8
"2023-11-01 00:00:00",3369380,8533894,290889,8872,3003441,15365952.233333332,14747218.4
"2023-11-02 00:00:00",3069050,9780529,245437,13093,2770157,15447925.433333334,14720398.466666667
"2023-11-03 00:00:00",4237590,9852544,235761,11995,3287811,15584491.8,14865378.766666668
"2023-11-04 00:00:00",2994970,8400183,332698,6390,2392123,15670835.5,14832788
"2023-11-05 00:00:00",2394187,6611430,241777,4006,2368906,15563276.2,14785377.3
"2023-11-06 00:00:00",2290460,8303403,269172,11616,2074743,15533836.633333333,14730358.133333333
"2023-11-07 00:00:00",3201028,10075093,326273,6337,3576219,15663587.4,14756904.266666668
"2023-11-08 00:00:00",4416765,9239493,301164,9402,2903268,15751211.3,14966894.4
"2023-11-09 00:00:00",3272710,7838916,240226,12381,2349066,15600519.933333334,14927733.766666668
"2023-11-10 00:00:00",3308494,9255885,169640,11347,2231134,15491501.833333334,14770790.666666666
"2023-11-11 00:00:00",2609540,9920364,244442,9697,4015829,15447021.966666667,14775572.1
"2023-11-12 00:00:00",3291726,7136688,244874,9966,2362817,15312976.8,14696300.133333333
"2023-11-13 00:00:00",3563451,10495628,344192,3539,2985888,15332115.533333333,14684935.066666666
"2023-11-14 00:00:00",3031529,9264372,215693,18686,2554973,15368968.5,14787615.833333334
"2023-11-15 00:00:00",3203999,8915289,278083,20559,2576899,15300142.866666667,14973477.533333333
"2023-11-16 00:00:00",2194308,8063482,270540,5343,1328259,15136236.3,15144925.233333332
"2023-11-17 00:00:00",2486298,7269482,197370,13450,2488638,15011734.033333333,15150648.6
"2023-11-18 00:00:00",3421900,10782381,253911,9600,4582171,15171690.366666667,15218476.3
"2023-11-19 00:00:00",2933544,8430246,187424,10693,4420689,15224443.5,15277606.7
"2023-11-20 00:00:00",3262697,9521444,276194,18098,3430897,15304135.533333333,15225416.3
"2023-11-21 00:00:00",3082271,10487760,358959,6961,2631415,15373065.133333333,15265046.6
"2023-11-22 00:00:00",3165108,9063777,363945,9564,2461080,15308876.466666667,15208837.833333334
"2023-11-23 00:00:00",1675876,7859552,247757,26076,2142613,15155974.8,15214799.5
"2023-11-24 00:00:00",2892162,9368241,302279,17856,2476373,15132622.833333334,15191954.866666667
"2023-11-25 00:00:00",2439951,9088437,284766,9996,3705378,15158575.766666668,15259019.4
"2023-11-26 00:00:00",2608140,9423470,226750,21027,2877402,15042336.366666667,15252375.3
"2023-11-27 00:00:00",4315226,10054044,275553,13745,3454950,15114030.633333333,15073163.733333332
"2023-11-28 00:00:00",3338380,8494269,343142,9788,3097577,15177956.5,15042598.133333333
"2023-11-29 00:00:00",2328758,8649035,248784,10607,2923407,15163122,14776741.4
"2023-11-30 00:00:00",3087681,11457144,256434,5876,2608676,15254317.133333333,14751921.933333334
"2023-12-01 00:00:00",2620144,7737637,259703,12998,3373721,15214241.6,14751561.866666667
"2023-12-02 00:00:00",3772960,9452508,263980,14171,3567310,15253997.2,14835075.866666667
"2023-12-03 00:00:00",3252066,9316120,192275,14601,3255327,15200820.033333333,14796309.266666668
"2023-12-04 00:00:00",3072215,8760477,323809,7894,3227085,15242990.5,14687073.333333334
"2023-12-05 00:00:00",3768932,9246332,274365,9594,3018518,15399571.8,14785079.933333334
"2023-12-06 00:00:00",2434406,10108716,317667,3829,4007751,15530337.166666666,14886428.966666667
"2023-12-07 00:00:00",2777557,9103679,332039,14996,3172456,15470862.9,14890939.433333334
"2023-12-08 00:00:00",3015656,9030262,266961,23677,3435038,15434246.466666667,14842999.333333334
"2023-12-09 00:00:00",2814146,9360509,244055,4871,2606045,15478123.9,14777010.5
"2023-12-10 00:00:00",3142174,4992010,187045,10901,1703636,15313432.4,14777954.433333334
"2023-12-11 00:00:00",3767057,6023177,173519,11915,2264267,15161433.566666666,14792743.366666667
"2023-12-12 00:00:00",2143528,11313475,268690,11336,2824099,15278602.2,14926589.2
"2023-12-13 00:00:00",2415458,9548345,314698,16289,2334970,15186504.766666668,14915228.566666666
"2023-12-14 00:00:00",2373988,6621282,267189,3525,2238273,15067137.666666666,14921436.966666667
"2023-12-15 00:00:00",1730265,7065026,207998,20955,1688781,14924410.633333333,14873235.866666667
"2023-12-16 00:00:00",2163162,6582438,185822,8677,1990487,14893365.366666667,14784873.8
"2023-12-17 00:00:00",4087628,9613567,303326,11999,3923779,15076201.066666666,14584811.866666667
"2023-12-18 00:00:00",3246673,9692924,320047,10927,2455638,14965408.533333333,14547267.066666666
"2023-12-19 00:00:00",3100423,8751719,301953,765,2689165,14927455.6,14452147.9
"2023-12-20 00:00:00",2886832,7774888,185913,3042,2503676,14822288.566666666,14453151.9
"2023-12-21 00:00:00",2066781,7638711,212862,14554,1792419,14660886.966666667,14374349.4
"2023-12-22 00:00:00",2675949,8309054,225130,5656,4518967,14683262.866666667,14152412.033333333
"2023-12-23 00:00:00",3421351,10543513,283580,10506,2885173,14856337.9,14064684.333333334
"2023-12-24 00:00:00",3181119,9297771,274300,6795,2685190,14869279.533333333,14012784.533333333
"2023-12-25 00:00:00",3562136,8112198,196857,13798,4187858,14887423.566666666,14074019.366666667
"2023-12-26 00:00:00",2250695,9584413,301768,3722,2266782,14862443.2,14079396.5
"2023-12-27 00:00:00",3291760,8649955,214595,9579,3527103,14781759,14143308.7
"2023-12-28 00:00:00",2265839,10774802,220525,11425,3469522,14830391,14167131.533333333
"2023-12-29 00:00:00",1281570,7125024,190315,3217,2349023,14723341.8,14412904.566666666
"2023-12-30 00:00:00",2109330,8206885,284116,14625,2308320,14573590.833333334,14383488.933333334
"2023-12-31 00:00:00",4581305,10423312,242022,4012,3475692,14730995.366666667,14449844.066666666
"2024-01-01 00:00:00",2996981,10428268,299801,27359,3132880,14724807.533333333,14433321.766666668
"2024-01-02 00:00:00",4698313,9519271,277202,14055,3580719,14793447.3,14438119.166666666
"2024-01-03 00:00:00",4000240,10953590,278465,6245,3283111,14897786.733333332,14553669.466666667
"2024-01-04 00:00:00",3324420,10305266,270001,9517,3481891,14933564.933333334,14557221.466666667
"2024-01-05 00:00:00",3465211,9258188,236307,23843,3827460,14931520,14537312.133333333
"2024-01-06 00:00:00",2444086,9435143,195830,3973,2810620,14914483.966666667,14433009.9
"2024-01-07 00:00:00",3926644,7419267,326248,3064,3114810,14881765.2,14491502.933333334
"2024-01-08 00:00:00",4005076,9725385,233597,12833,2866131,14942211.733333332,14616299.933333334
"2024-01-09 00:00:00",4899532,10880825,281751,3445,2898375,15239818.066666666,14739683.7
"2024-01-10 00:00:00",3240605,9886426,245037,10730,2145306,15349424.266666668,14725296.966666667
"2024-01-11 00:00:00",3034108,12438350,246496,14476,4426249,15469376.166666666,14776111.2
"2024-01-12 00:00:00",2178964,8474167,242045,6867,3450287,15460127.666666666,14651432.066666666
"2024-01-13 00:00:00",2141302,7879810,299439,4092,2346417,15499021.533333333,14373924.4
"2024-01-14 00:00:00",2683156,8341328,234951,8609,2059263,15586164.066666666,14175279.633333333
"2024-01-15 00:00:00",4032410,10495964,246054,7636,3251650,15822935.666666666,14119677.4
"2024-01-16 00:00:00",2694608,10930086,283780,17004,3162906,15794538.7,14363905.566666666
"2024-01-17 00:00:00",3741282,8693557,231833,6538,3037922,15794036.733333332,14412947.3
"2024-01-18 00:00:00",2043125,7727863,220452,12737,3714973,15756541.466666667,14449563.4
"2024-01-19 00:00:00",3568022,8975943,243090,9081,2893083,15834370.733333332,14494972.333333334
"2024-01-20 00:00:00",2140106,7185036,221619,1785,2522459,15845893.466666667,14521899.6
"2024-01-21 00:00:00",2834599,9178020,232987,6644,1621392,15783856,14611454.866666667
"2024-01-22 00:00:00",3649639,8287818,232585,4812,2111204,15688586.966666667,14583985.666666666
"2024-01-23 00:00:00",2811988,7200749,209496,4931,1948662,15579608.566666666,14474015.633333333
"2024-01-24 00:00:00",2780521,11103895,286562,22820,4014612,15650794.466666667,14315111.6
"2024-01-25 00:00:00",2813593,6879543,260276,5455,3310603,15612863.933333334,14380224.1
"2024-01-26 00:00:00",2878776,10255487,225225,5698,4423074,15682706.066666666,14388159.166666666
"2024-01-27 00:00:00",2929327,9983575,263808,6897,3060383,15666101.133333333,14341509.833333334
"2024-01-28 00:00:00",2415477,7364815,276853,10637,2850461,15731737.666666666,14364709.666666666
"2024-01-29 00:00:00",2895725,9974203,285499,11168,2957396,15838427.7,14353791.966666667
"2024-01-30 00:00:00",3063078,8150205,171335,12920,2422021,15674868.966666667,14367992.966666667
"2024-01-31 00:00:00",2720398,5560793,178245,9933,1860308,15456347.833333334,14416674
"2024-02-01 00:00:00",2165473,8299612,299304,9269,2989816,15312144.133333333,14388617.6
"2024-02-02 00:00:00",2340576,9852828,344251,21559,3034932,15214560.433333334,14394480.533333333
"2024-02-03 00:00:00",2733250,8165711,224979,12506,2711374,15096451.666666666,14367627.066666666
"2024-02-04 00:00:00",2080422,6934608,202131,9287,3246476,14951848.833333334,14320149.9
"2024-02-05 00:00:00",2285361,9881368,282102,10674,2104358,14940989.4,14265040.666666666
"2024-02-06 00:00:00",2148629,10411593,243325,9978,3846645,15003327.466666667,14195540.6
"2024-02-07 00:00:00",1680693,8419230,211392,12844,3430606,14900385.933333334,14121472.833333334
"2024-02-08 00:00:00",1714372,8672256,283061,9118,3527257,14741790.1,14078773.8
"2024-02-09 00:00:00",2302539,7292624,152231,3192,2451974,14630938.266666668,14100034.933333334
"2024-02-10 00:00:00",2472337,7922553,163658,10115,2242369,14385982.8,13994365.033333333
"2024-02-11 00:00:00",2117942,8040568,259383,754,2770577,14347212.733333332,14050875.866666667
"2024-02-12 00:00:00",4208385,9166685,244766,5259,2576285,14464889.566666666,14048916.266666668
"2024-02-13 00:00:00",2047427,8379932,182693,12535,3111135,14478436.733333332,14228109.233333332
"2024-02-14 00:00:00",2118641,9335980,285250,5180,2889574,14365133.266666668,14416488.866666667
"2024-02-15 00:00:00",1709001,7829058,239858,5187,2507025,14205191,14402094.233333332
"2024-02-16 00:00:00",3245555,9758474,193914,14759,2832323,14216320.233333332,14361713.566666666
"2024-02-17 00:00:00",3869723,7918355,193898,2282,3406640,14272044.633333333,14426550.233333332
"2024-02-18 00:00:00",2920890,7025404,187575,351,1429071,14134513.7,14352513.866666667
"2024-02-19 00:00:00",2580353,6708533,327966,2609,1826035,14113663.6,14290262.1
"2024-02-20 00:00:00",3226581,5567049,254169,20100,2859358,14048784.8,14432943.633333333
"2024-02-21 00:00:00",3671780,6360342,205522,714,2147542,13985445.8,14418445.566666666
"2024-02-22 00:00:00",4097076,9609779,273452,13606,2094407,14115862.233333332,14577493.766666668
"2024-02-23 00:00:00",3667726,8670091,246787,16544,3707355,14052531.566666666,14620963.466666667
"2024-02-24 00:00:00",2793310,8223058,196415,7963,2761191,14076280.666666666,14537750.133333333
"2024-02-25 00:00:00",2662131,6949878,331180,3181,2657760,13903476.166666666,14486236.933333334
"2024-02-26 00:00:00",2848337,10879770,262861,6975,3918822,13959235.966666667,14487644.433333334
"2024-02-27 00:00:00",3394877,8725841,208422,5338,3000985,14039810.133333333,14417235.666666666
"2024-02-28 00:00:00",3355219,9089105,276812,8544,3531506,14044383.7,14482516.5
"2024-02-29 00:00:00",1862073,9093555,273200,13570,2960960,14057176.3,14352728.866666667
"2024-03-01 00:00:00",3333777,9494339,301346,4707,3268202,14259600.2,14289034.933333334
"2024-03-02 00:00:00",3215540,8680940,277171,2318,3373481,14319133.3,14326977.2
"2024-03-03 00:00:00",2663241,9625350,221043,9872,3083323,14319422.633333333,14229754.5
"2024-03-04 00:00:00",2673971,10077162,228471,5391,2463312,14372772.166666666,14167747.266666668
"2024-03-05 00:00:00",2084313,6791749,244217,7881,3788500,14387563.4,14196565.733333332
"2024-03-06 00:00:00",3390521,11574550,333366,5317,2926960,14509792.333333334,14203542.833333334
"2024-03-07 00:00:00",2332441,8822445,230067,10321,2992473,14434045.2,14208929.866666667
"2024-03-08 00:00:00",3160521,9452885,210795,9211,2918460,14500615.2,14291369.933333334
"2024-03-09 00:00:00",2329014,7600696,250766,2094,2723444,14457280.166666666,14277112.066666666
"2024-03-10 00:00:00",1741421,9295285,232591,7752,2741203,14517803.466666667,14183104.366666667
"2024-03-11 00:00:00",3677546,8283926,262096,10932,3106858,14602148.3,14122746.266666668
"2024-03-12 00:00:00",4276083,8079706,287463,12720,2884044,14680508.266666668,14275771.333333334
"2024-03-13 00:00:00",3262143,9210675,204126,8745,3395693,14676508.866666667,14443889.833333334
"2024-03-14 00:00:00",2166727,8319423,281043,13498,2540154,14662746.633333333,14481029.833333334
"2024-03-15 00:00:00",3443795,8540570,256495,4211,2297877,14659690.8,14470665.333333334
"2024-03-16 00:00:00",2082498,7391045,262933,5739,2991272,14674469.9,14480760.466666667
"2024-03-17 00:00:00",3888923,6998663,265129,11575,2444864,14593273.8,14464951.9
"2024-03-18 00:00:00",3346527,11579218,300418,16773,2620945,14675707.133333333,14387135.1
"2024-03-19 00:00:00",3544227,8267871,231873,5337,2556576,14777126.933333334,14433029.966666667
"2024-03-20 00:00:00",3571379,8838444,301436,6556,2798427,14912818.433333334,14496843.066666666
"2024-03-21 00:00:00",2193677,9222474,228227,9051,2701120,14993727.966666667,14401582.133333333
"2024-03-22 00:00:00",4790602,8158538,296357,9551,2399738,15102691.7,14539712.2
"2024-03-23 00:00:00",3045756,8100050,290522,17866,2252271,15023296.233333332,14557965.1
"2024-03-24 00:00:00",3250700,8054477,241591,6586,2672822,14953885.266666668,14596571.566666666
"2024-03-25 00:00:00",3343244,9348286,282578,19320,2421149,15001640.033333333,14671314.666666666
"2024-03-26 00:00:00",3654334,10794749,321739,13697,3392629,15187407.866666667,14729976.1
"2024-03-27 00:00:00",3012517,8878048,306365,12976,2346139,15075384.2,14796621.5
"2024-03-28 00:00:00",3789737,9362146,325030,5482,2508185,15097221.866666667,14824406.266666668
"2024-03-29 00:00:00",4059046,10388155,315930,6432,3404303,15160977.7,14810020
"2024-03-30 00:00:00",3268699,8648607,227243,12771,3142221,15197517.2,14851864.433333334
"2024-03-31 00:00:00",2552649,7383877,262218,6232,2617676,15078192.9,14888888.233333332
"2024-04-01 00:00:00",2794481,7310238,285003,4868,2271129,14982068.4,14840647.766666668
"2024-04-02 00:00:00",3781112,7729718,249224,5999,2733712,14945299.566666666,14872466.1
"2024-04-03 00:00:00",3780399,9515321,301315,16594,4041044,15018845.133333333,14706711.566666666
"2024-04-04 00:00:00",3464969,10717223,313109,3198,3489660,15187895.066666666,14716953.2
"2024-04-05 00:00:00",3003591,9717103,223041,11005,2530197,15096368.333333334,14872285.933333334
"2024-04-06 00:00:00",2422996,10229095,242786,16297,2788063,15140084.066666666,14832695.1
"2024-04-07 00:00:00",2350507,8449877,213077,14080,3750553,15107624.833333334,14936820.366666667
"2024-04-08 00:00:00",3458220,7620104,269961,13944,2327024,15133733.033333333,14906406.1
"2024-04-09 00:00:00",3723940,10841765,258211,5683,2806382,15254324.266666668,15075331.266666668
"2024-04-10 00:00:00",5110104,9949566,283489,7288,2464160,15336765.566666666,15203880.6
"2024-04-11 00:00:00",3743630,8974903,275822,4573,3513115,15369166.166666666,15168567.433333334
"2024-04-12 00:00:00",2324744,8594609,285888,4492,1976009,15272645.033333333,15319930.5
"2024-04-13 00:00:00",2527720,6027393,234086,10432,3069231,15224245.8,15292080.5
"2024-04-14 00:00:00",2681257,6567298,223169,6424,2234837,15129913.666666666,15214504.966666667
"2024-04-15 00:00:00",2946435,9448057,252901,11004,2964758,15226235.666666666,15117240.8
"2024-04-16 00:00:00",2806846,8808532,295172,5617,2935941,15267668.333333334,15189677.8
"2024-04-17 00:00:00",2652676,10909285,342342,19613,3239996,15244335.8,15176441.7
"2024-04-18 00:00:00",4274894,9880122,351241,9762,3199588,15347993.733333332,15250964.5
"2024-04-19 00:00:00",4828523,8615000,291879,4684,3140555,15393473.466666667,15241545.3
"2024-04-20 00:00:00",5087110,9861721,238439,21245,3856324,15550483.433333334,15346276.866666667
"2024-04-21 00:00:00",4631413,7430647,301055,5158,2681771,15530325,15291809.233333332
"2024-04-22 00:00:00",4403131,8324582,371375,21270,3886993,15640355.133333333,15298898.3
"2024-04-23 00:00:00",4282430,9151779,254705,11981,2710656,15713201.166666666,15316739.866666667
"2024-04-24 00:00:00",5433346,8794221,282950,8981,3008522,15783649.133333333,15330774.933333334
"2024-04-25 00:00:00",3037068,8632188,303289,5385,3279686,15686331.333333334,15331825.933333334
"2024-04-26 00:00:00",3155020,7524917,276481,9783,3020250,15667344.233333332,15344933.433333334
"2024-04-27 00:00:00",2858848,7360132,306827,1598,2117793,15555831.166666666,15385110.4
"2024-04-28 00:00:00",3938095,6342005,228786,4848,2373674,15379615.533333333,15367183.4
"2024-04-29 00:00:00",3922630,8572092,297073,14492,3476299,15412383.5,15378969.266666668
"2024-04-30 00:00:00",4206521,9715107,316957,14943,3205415,15566926.566666666,15387945.7
"2024-05-01 00:00:00",3916546,7718533,258590,15864,2846995,15636620.166666666,15437109.533333333
"2024-05-02 00:00:00",3200154,9680642,322562,8565,2796260,15686900.6,15418295.466666667
"2024-05-03 00:00:00",3538803,8447474,242777,10603,2459255,15588375,15453254.933333334
"2024-05-04 00:00:00",2735103,9057715,355137,10819,2494259,15477203.766666668,15423218.6
"2024-05-05 00:00:00",4197275,7866275,206809,7849,1718962,15427611.533333333,15471020.3
"2024-05-06 00:00:00",4461697,10932308,262680,11713,3748337,15551528.466666667,15532697.1
"2024-05-07 00:00:00",4219592,10043775,298779,10905,4037224,15679268,15411660.666666666
"2024-05-08 00:00:00",3497386,7931276,334619,10108,2653314,15703849.8,15446519.9
"2024-05-09 00:00:00",3353725,9301259,262269,15800,2461623,15629139.733333332,15456433.033333333
"2024-05-10 00:00:00",4006528,9264618,206792,6976,2831756,15579208.5,15441895.366666667
"2024-05-11 00:00:00",3298369,9471057,267204,6594,2828128,15557852.533333333,15550318
"2024-05-12 00:00:00",3075011,9394449,274486,5312,3740513,15667986.4,15370199.8
"2024-05-13 00:00:00",2702947,10274152,298421,7892,2876400,15811018.133333333,15284647.866666667
"2024-05-14 00:00:00",4358888,7846259,232290,7265,2337532,15913326.966666667,15320408.5
"2024-05-15 00:00:00",3944972,10681674,249066,16350,3122619,15993044.3,15361738.733333332
"2024-05-16 00:00:00",2970437,10922031,320049,5497,3729510,16096224.133333333,15322731.7
"2024-05-17 00:00:00",2938464,8458094,258488,15493,2171304,15985488.8,15350708.666666666
"2024-05-18 00:00:00",3144657,9812878,204022,2250,2573521,15919546.133333333,15192599.433333334
"2024-05-19 00:00:00",2516170,9085004,317290,7515,2078143,15823662.266666668,15158838.2
"2024-05-20 00:00:00",2783414,8601418,294514,11443,3032389,15678940.533333333,14864495.5
"2024-05-21 00:00:00",3483019,10082482,229248,13188,2963331,15736314.6,15188969.333333334
"2024-05-22 00:00:00",3649747,8853156,282902,17461,3446948,15711075.866666667,15211409.3
"2024-05-23 00:00:00",2315668,7575182,323011,11128,2536786,15589416.933333334,15187476.933333334
"2024-05-24 00:00:00",3037269,9733157,242781,6979,2739648,15530477.666666666,15170857.566666666
"2024-05-25 00:00:00",2440042,10511143,296000,4795,2276855,15539517.733333332,15156172.9
"2024-05-26 00:00:00",2678173,7458015,264075,9870,2861286,15515683.266666668,15164985.8
"2024-05-27 00:00:00",3925334,9598599,239260,8251,2832206,15647632,15181716.233333332
"2024-05-28 00:00:00",4522474,8643665,265219,5742,2517857,15749883.866666667,15174132.3
"2024-05-29 00:00:00",2577062,10063221,319771,9418,2393054,15719215.8,15071922.5
"2024-05-30 00:00:00",3768924,9827070,235936,9893,2596590,15685198.733333332,15195747.733333332
"2024-05-31 00:00:00",2423341,7573172,280223,4970,3486625,15652259,15150587.933333334
"2024-06-01 00:00:00",3864342,7614531,283500,22110,2672254,15600544.433333334,15204660.366666667
"2024-06-02 00:00:00",2987069,7807643,228210,5854,2229190,15552512.766666668,15417543.466666667
"2024-06-03 00:00:00",4256410,9803445,322281,12862,3324585,15654731.566666666,15393267.133333333
"2024-06-04 00:00:00",3858069,9070950,207821,16729,3149096,15731581.9,15234008.933333334
"2024-06-05 00:00:00",4314797,10348342,257972,10928,2659899,15670755.233333332,15328032.466666667
"2024-06-06 00:00:00",2918091,8221153,243954,13126,3402397,15543703.733333332,15368764.2
"2024-06-07 00:00:00",3912848,10548134,245420,8845,3412500,15667071.733333332,15334726.8
"2024-06-08 00:00:00",3536742,9812393,314981,7638,2611983,15696706.966666667,15309070
"2024-06-09 00:00:00",3450328,7090438,282179,17374,3227324,15621739.333333334,15230383.9
"2024-06-10 00:00:00",3987240,9372973,323490,14028,2970789,15648311.633333333,15111062.5
"2024-06-11 00:00:00",3045511,7575850,225766,12057,1958716,15525916.233333332,15149882.833333334
"2024-06-12 00:00:00",3414445,8773578,268792,9079,2623715,15490242.633333333,15267747.333333334
"2024-06-13 00:00:00",4356518,10427619,276789,5235,3579933,15619038.1,15281470.866666667
"2024-06-14 00:00:00",3973252,9409077,269367,11176,2470781,15556337.4,15328810.6
"2024-06-15 00:00:00",3331924,8471379,225733,23500,2331120,15437542.033333333,15337195.833333334
"2024-06-16 00:00:00",2110678,6897315,259284,12976,1906316,15349032.633333333,15337594.5
"2024-06-17 00:00:00",4080129,8060309,283141,8656,2673131,15327967.066666666,15434872.2
"2024-06-18 00:00:00",2795860,9036997,255376,4996,3283363,15373716.366666667,15557945.1
"2024-06-19 00:00:00",3055569,8848801,288726,5639,2926226,15387109,15833393.4
"2024-06-20 00:00:00",4495092,7864747,264473,7385,2805095,15342626.666666666,15558394.033333333
"2024-06-21 00:00:00",3587792,9592086,304391,22607,2780356,15343861.133333333,15510922.1
"2024-06-22 00:00:00",3816269,7993712,193728,7836,2911663,15415908.666666666,15458007.6
"2024-06-23 00:00:00",3068323,8164427,265288,10825,3368132,15386480,15374849.833333334
"2024-06-24 00:00:00",3098691,9622751,295115,8751,2656809,15391589.666666666,15412910.266666668
"2024-06-25 00:00:00",2457995,8831257,232125,22726,2384102,15413482.966666667,15479356.1
"2024-06-26 00:00:00",2894531,8563709,259606,3307,3016793,15351292.633333333,15427953.2
"2024-06-27 00:00:00",3204693,11313719,243241,5305,3178134,15417630.766666668,15413430.466666667
"2024-06-28 00:00:00",3560667,8078341,261727,6825,2144946,15373963,15563902.9
"2024-06-29 00:00:00",3604648,8051361,254794,7404,2484200,15306095.2,15447372.366666667
"2024-06-30 00:00:00",4040903,7590037,269656,8302,3043766,15345572.766666668,15495327.1
"2024-07-01 00:00:00",4958062,8414946,266471,9790,2327332,15396234.833333334,15548732.266666668
"2024-07-02 00:00:00",4371164,8000044,270230,25448,1708573,15433484.7,15509810.833333334
"2024-07-03 00:00:00",3523024,8788113,205964,17050,3879685,15389959.6,15543865.566666666
"2024-07-04 00:00:00",4750364,8104706,249533,9060,3184992,15389825.4,15521567.8
"2024-07-05 00:00:00",3222455,10049901,264060,7966,2612905,15342003.666666666,15421617.266666668
"2024-07-06 00:00:00",3545176,9337335,322936,13541,2824319,15383489.333333334,15368989.7
"2024-07-07 00:00:00",3097221,7655543,244216,9138,2948020,15244369.166666666,15432483.9
"2024-07-08 00:00:00",3380083,9679313,272037,9287,2978157,15245540.5,15334586.6
"2024-07-09 00:00:00",3200645,7555862,296272,8107,3441471,15260031.333333334,15410214.4
"2024-07-10 00:00:00",3757455,9122440,242045,16391,2954526,15240842.066666666,15465825.266666668
"2024-07-11 00:00:00",3429551,9093003,300575,13200,2760082,15333458.966666667,15444121.933333334
"2024-07-12 00:00:00",2951458,8190541,168127,6969,3096262,15310917.2,15417509.433333334
"2024-07-13 00:00:00",4164366,8227846,225017,6807,2674319,15199325.433333334,15389308.433333334
"2024-07-14 00:00:00",3219336,9105636,255573,5694,3394980,15194243.966666667,15375329.6
"2024-07-15 00:00:00",4258514,11074903,244112,15372,2906159,15331424.5,15283875.166666666
"2024-07-16 00:00:00",3264243,8294475,255292,2121,2266148,15427947.933333334,15185966.866666667
"2024-07-17 00:00:00",3096549,9156958,338533,12744,2810193,15438267.9,15237392.833333334
"2024-07-18 00:00:00",3179315,8447718,240060,14250,2905381,15418605.666666666,15260139.766666668
"2024-07-19 00:00:00",3856546,10121076,266955,5854,1756065,15447989.7,15272790.1
"2024-07-20 00:00:00",4617545,7756324,266191,8892,3271574,15464113.933333334,15194534.666666666
"2024-07-21 00:00:00",3068840,7101899,246915,6118,2625291,15356174.4,15230325.2
"2024-07-22 00:00:00",3439322,10631638,251459,17552,3219318,15444044,15320877.166666666
"2024-07-23 00:00:00",2762944,8486342,240096,8427,3110776,15435097,15359379.833333334
"2024-07-24 00:00:00",2462137,7650045,261025,3512,2936897,15356146.866666667,15260037.4
"2024-07-25 00:00:00",1785338,5877080,179292,9036,2188003,15226497.9,15133494.366666667
"2024-07-26 00:00:00",2677730,6601554,149745,4144,2035139,15117509.5,15048226.966666667
"2024-07-27 00:00:00",2054775,6814303,157497,3619,1389467,14866660.933333334,14952708.133333333
"2024-07-28 00:00:00",3066974,8130546,204092,10948,3687924,14901592.566666666,14824715
"2024-07-29 00:00:00",2987720,9600435,300373,17000,3557652,14970286.133333333,14719754.866666667
"2024-07-30 00:00:00",3324058,9828555,253795,7229,3981154,15051690.1,14684259.533333333
"2024-07-31 00:00:00",2431369,8422494,225172,2399,3236677,14996407.1,14672000.833333334
"2024-08-01 00:00:00",2060169,7317844,227098,21009,3483025,14954197.133333333,14672138.2
"2024-08-02 00:00:00",3018547,9355890,276932,15235,3079767,14931948.5,14568715.8
"2024-08-03 00:00:00",3046121,9461589,257208,10517,2845655,14909363.033333333,14508383.4
"2024-08-04 00:00:00",3161644,8053421,217727,8353,3059804,14854151.366666667,14453304.133333333
"2024-08-05 00:00:00",4086672,12443752,326369,13628,3476294,14997598.466666667,14376563.9
"2024-08-06 00:00:00",3891472,8560991,246614,2416,3137796,15060436.833333334,14409728.5
"2024-08-07 00:00:00",3903364,9142583,285580,1984,3488401,15077204.433333334,14646664.866666667
"2024-08-08 00:00:00",4093457,10071726,251953,17721,3241417,15183001.266666668,14697516.3
"2024-08-09 00:00:00",2308026,7947020,201755,5144,3165387,15100817.3,14689224
"2024-08-10 00:00:00",2881706,9461475,193986,17042,2519847,15083405.533333333,14785890.533333333
"2024-08-11 00:00:00",3377772,9227728,286661,8134,2392122,15112707.633333333,14725594.133333333
"2024-08-12 00:00:00",2950355,9558586,269120,10465,3086488,15131929.6,14784967.766666668
"2024-08-13 00:00:00",2631757,7269131,353464,4016,2992145,15040906.766666668,14884474.3
"2024-08-14 00:00:00",3249009,8360675,200612,15244,3190118,14924793.1,14937006.266666668
"2024-08-15 00:00:00",2646202,9157709,229095,4404,2710943,14946995.466666667,15100017.6
"2024-08-16 00:00:00",2916980,7370737,226083,10185,2359410,14862609.333333334,15038442.466666667
"2024-08-17 00:00:00",3954467,7179318,219375,7383,2766952,14840634.5,14765278.133333333
"2024-08-18 00:00:00",2934426,7763313,180421,11743,2662879,14758844.2,14611107.3
"2024-08-19 00:00:00",4142678,10127198,301209,10297,3323462,14824988.3,14434176.7
"2024-08-20 00:00:00",4335598,8440281,237264,18511,2927643,14921996.533333333,14805092.6
"2024-08-21 00:00:00",2738638,8100957,241778,6253,2292537,14782691.6,14783326.7
"2024-08-22 00:00:00",2515393,7793066,192946,9216,4211079,14786462.333333334,14798003.666666666
"2024-08-23 00:00:00",3168310,7777725,192586,4371,2585482,14800291.066666666,14891047.066666666
"2024-08-24 00:00:00",3508917,9909498,264449,11270,3307202,15032377.633333333,15010013.466666667
"2024-08-25 00:00:00",3808771,8181319,261062,9275,2403059,15138883.5,15113646.9
"2024-08-26 00:00:00",3221386,7585514,285542,8168,1817167,15222154.366666667,15152991.633333333
"2024-08-27 00:00:00",4017437,7211413,244011,15687,3083831,15204551.8,15122800.966666667
"2024-08-28 00:00:00",2098516,9232358,263498,5911,3579440,15161769.166666666,15291163.3
"2024-08-29 00:00:00",3683548,8915614,244756,6858,2767593,15102555.533333333,15339012.7
"2024-08-30 00:00:00",3134635,9194552,335123,20219,2378524,15127387.166666666,15266771.7
"2024-08-31 00:00:00",2635801,11656443,227470,8828,3216864,15281928.7,15157097.8
"2024-09-01 00:00:00",4147629,7512409,229214,10588,3025489,15254560.266666668,15181245.533333333
"2024-09-02 00:00:00",3455305,7807811,288413,16849,2590998,15205836.766666668,15262267.666666666
"2024-09-03 00:00:00",2749864,10739634,247992,9089,3594109,15300495.366666667,15286887.366666667
"2024-09-04 00:00:00",2873943,8013182,345486,7713,2948485,15095231.866666667,15431373.6
"2024-09-05 00:00:00",3060463,8094898,283626,15385,2161346,15021112.4,15344894
"2024-09-06 00:00:00",2259678,7380139,203559,10431,3179274,14894817.866666667,15228243.966666667
"2024-09-07 00:00:00",3176823,8848101,170364,8537,3217557,14819654.866666667,15267007.233333332
"2024-09-08 00:00:00",3070730,9057784,228221,11792,2379909,14857024.633333333,15289265.233333332
"2024-09-09 00:00:00",2712919,9122565,294539,6773,3307594,14869369.3,15205947.666666666
"2024-09-10 00:00:00",4241787,9108931,262649,4439,3316770,14924108.033333333,15312477.3
"2024-09-11 00:00:00",4112276,8207147,227633,6220,2565064,14898885.966666667,15233358.7
"2024-09-12 00:00:00",3757409,8508795,183214,11190,3181222,14978595.633333333,15172360.1
"2024-09-13 00:00:00",3669496,8237794,191927,12917,2932013,14979545.033333333,15198013.3
"2024-09-14 00:00:00",2355723,7667925,186598,7474,1763004,14887290.433333334,15127036.666666666
"2024-09-15 00:00:00",1360190,6967951,184410,15634,1621818,14796177.466666667,15116043.866666667
"2024-09-16 00:00:00",3240837,6484992,245506,6766,2518254,14741806.533333333,15323870
"2024-09-17 00:00:00",2896403,8796542,187977,12311,2867040,14782055.933333334,15490606.3
"2024-09-18 00:00:00",3245643,7765013,282457,5205,2282117,14637909.066666666,15685458.866666667
"2024-09-19 00:00:00",2259266,8308051,295778,6047,2530852,14552598.5,15210549.466666667
"2024-09-20 00:00:00",3413335,5697382,195073,11692,2066152,14486047.666666666,15261950.366666667
"2024-09-21 00:00:00",3410880,7014049,157468,11805,2543906,14433261.133333333,15275070.833333334
"2024-09-22 00:00:00",3067777,8934382,180691,7845,2307822,14458928.966666667,15257588.233333332
"2024-09-23 00:00:00",5806979,9025955,275649,9143,4473990,14545275.166666666,15179793.2
"2024-09-24 00:00:00",2881605,8229653,304833,11147,3951471,14569116.5,15189785.066666666
"2024-09-25 00:00:00",5096590,10177076,297150,5486,2832821,14752161.7,15304073.033333333
"2024-09-26 00:00:00",2753977,9632497,284992,12698,2819676,14783210.566666666,15424763.4
"2024-09-27 00:00:00",4718209,9537385,231241,7918,2617919,14847641.866666667,15344406.5
"2024-09-28 00:00:00",2883085,9664168,262508,9419,2457845,14836263.466666667,15286042.9
"2024-09-29 00:00:00",2873571,7868213,219161,4725,3417630,14813604.666666666,15283387.1
"2024-09-30 00:00:00",3126309,9070673,240773,9103,2616883,14724216.066666666,15332587.266666668
"2024-10-01 00:00:00",2184016,8726488,292574,7900,2460085,14682407.166666666,15410432.233333332
"2024-10-02 00:00:00",1894397,8734816,236664,9905,1985210,14639127.866666667,15351218.866666667
"2024-10-03 00:00:00",3749030,8271017,188473,7608,4260603,14610328.933333334,15335168.966666667
"2024-10-04 00:00:00",4327355,9895503,255360,6852,1965924,14685734.766666668,15123825.233333332
"2024-10-05 00:00:00",2031080,9993860,226040,9401,2132908,14711653.6,15128782.666666666
"2024-10-06 00:00:00",3038497,8083418,196362,13601,2182886,14727709.833333334,15022553.833333334
"2024-10-07 00:00:00",4542102,8284059,343324,9884,3250350,14761321.266666668,14833766.966666667
"2024-10-08 00:00:00",3676678,9198177,276586,5768,3425240,14822455.766666668,14760515.733333332
"2024-10-09 00:00:00",2888763,10613712,319606,20576,3414434,14882879.4,14877325.466666667
"2024-10-10 00:00:00",3579497,8247712,264879,9763,2785787,14814647.966666667,14926284.233333332
"2024-10-11 00:00:00",4343570,11067674,264226,10082,2725461,14924403.666666666,15021672.433333334
"2024-10-12 00:00:00",3377384,8807341,240627,7931,2717757,14908044.533333333,15040210.166666666
"2024-10-13 00:00:00",3334331,9003669,279654,8253,3253590,14935889.7,15106837.966666667
"2024-10-14 00:00:00",3445255,9681342,265421,11249,2263054,15058743.666666666,15044823.333333334
"2024-10-15 00:00:00",3307060,9374461,287468,7229,2957867,15251546.733333332,15146945.7
"2024-10-16 00:00:00",3230042,9153301,233463,9458,3277435,15365124.866666667,15192763.866666667
"2024-10-17 00:00:00",2915801,10312001,281870,8178,2220032,15397712.3,15190597.333333334
"2024-10-18 00:00:00",2416019,8356937,246183,13993,2841670,15407524.5,15175002.7
"2024-10-19 00:00:00",2256299,5722030,240628,12180,1547526,15286813.833333334,15218779.066666666
"2024-10-20 00:00:00",2161874,10705088,232537,11481,3787944,15470657.033333333,15131161.3
"2024-10-21 00:00:00",3693056,9921985,295072,12934,4258583,15638775.3,15096818.633333333
"2024-10-22 00:00:00",3410359,7727839,235556,15554,2837711,15629725.366666667,15154035.733333332
"2024-10-23 00:00:00",2828691,9513813,203105,14157,3108009,15498926.8,15216332.833333334
"2024-10-24 00:00:00",2319357,7266846,245851,19788,2070552,15383715.933333334,15222069.533333333
"2024-10-25 00:00:00",3714734,9682875,174029,6120,2616301,15309880.466666667,15186454.4
"2024-10-26 00:00:00",1606121,7543513,252649,6042,2740097,15198032.866666667,15304609.533333333
"2024-10-27 00:00:00",3193606,7528253,232750,5241,3160866,15098300.833333334,15342753.633333333
"2024-10-28 00:00:00",3280958,8758566,243409,11637,3081887,15101615.433333334,15312358.733333332
"2024-10-29 00:00:00",3266930,9264549,348917,4877,2430736,15132705.633333333,15331095.833333334
"2024-10-30 00:00:00",4226813,9524857,307329,5722,3347220,15210979.033333333,15368790.766666668
"2024-10-31 00:00:00",3532326,8446467,203843,8365,2369505,15240627.366666667,15365952.233333332
"2024-11-01 00:00:00",2768760,7201591,185051,12970,1775277,15210048.633333333,15447925.433333334
"2024-11-02 00:00:00",2609118,8411121,217871,13023,2794228,15129003.066666666,15584491.8
"2024-11-03 00:00:00",4791045,8125268,259687,5777,2512920,15103793.7,15670835.5
"2024-11-04 00:00:00",3529090,10005726,228394,9652,3150509,15188130.7,15563276.2
"2024-11-05 00:00:00",3744457,10273085,234671,5308,2666464,15301771.666666666,15533836.633333333
"2024-11-06 00:00:00",2838854,9133911,263130,10169,3831129,15290021.033333333,15663587.4
"2024-11-07 00:00:00",3022831,10238506,268359,6557,3394697,15301637.266666668,15751211.3
"2024-11-08 00:00:00",3603133,9866639,316423,10408,2432654,15267375.933333334,15600519.933333334
"2024-11-09 00:00:00",4039043,9790806,225928,11539,2680458,15329380.666666666,15491501.833333334
"2024-11-10 00:00:00",2596077,8165657,280127,9549,2444497,15165543.933333334,15447021.966666667
"2024-11-11 00:00:00",3194393,10620695,279138,3190,3458152,15245695.1,15312976.8
"2024-11-12 00:00:00",2908795,9096915,209655,8699,2744662,15215336.633333333,15332115.533333333
"2024-11-13 00:00:00",4091484,9579550,206393,14151,2498322,15239456.366666667,15368968.5
"2024-11-14 00:00:00",4506566,8871220,273566,5372,3450552,15278562.633333333,15300142.866666667
"2024-11-15 00:00:00",3092591,9013338,248309,4057,2677099,15249619.433333334,15136236.3
"2024-11-16 00:00:00",3519035,9506777,346210,6944,2848256,15265930.133333333,15011734.033333333
"2024-11-17 00:00:00",2296055,7520767,270960,10098,2483664,15222821.566666666,15171690.366666667
"2024-11-18 00:00:00",2514493,9744727,260869,6805,2131784,15385488.933333334,15224443.5
"2024-11-19 00:00:00",2914292,8344226,284777,7936,4670376,15362911.466666667,15304135.533333333
"2024-11-20 00:00:00",2966413,8342030,245282,6780,2070205,15211214.133333333,15373065.133333333
"2024-11-21 00:00:00",3789745,9466086,250214,9633,2733560,15278621.933333334,15308876.466666667
"2024-11-22 00:00:00",3654972,9653170,228265,12023,2557984,15293243.633333333,15155974.8
"2024-11-23 00:00:00",3983052,10251160,266131,7458,2204163,15452896.133333333,15132622.833333334
"2024-11-24 00:00:00",3186873,8994641,198679,11500,2545099,15410987.2,15158575.766666668
"2024-11-25 00:00:00",2628533,9082247,297165,7565,1951989,15471623.533333333,15042336.366666667
"2024-11-26 00:00:00",2930567,7292669,199641,7925,2416410,15429173.7,15114030.633333333
"2024-11-27 00:00:00",2027680,6971436,198513,7340,1512699,15273880.633333333,15177956.5
"2024-11-28 00:00:00",3207461,10387804,255048,10634,2919934,15322710.033333333,15163122
"2024-11-29 00:00:00",2549996,9343837,338196,10032,3095413,15253561.1,15254317.133333333
"2024-11-30 00:00:00",2729943,9333948,184650,6024,3929740,15307687.8,15214241.6
"2024-12-01 00:00:00",2446417,8253934,257832,20699,2437379,15356775.333333334,15253997.2
"2024-12-02 00:00:00",3478431,10850721,266478,17649,2542044,15460441.366666667,15200820.033333333
"2024-12-03 00:00:00",2979996,9424602,256465,6338,3785805,15485725.033333333,15242990.5
"2024-12-04 00:00:00",2686626,9692997,307472,5806,2862631,15440129.966666667,15399571.8
"2024-12-05 00:00:00",2947760,10909827,334077,7599,2456247,15431180.7,15530337.166666666
"2024-12-06 00:00:00",2368058,8745325,314967,6534,3101200,15379810.7,15470862.9
"2024-12-07 00:00:00",3509366,9082560,291752,16994,2329489,15323118.033333333,15434246.466666667
"2024-12-08 00:00:00",2818716,8924523,201870,16355,3169341,15286502.7,15478123.9
"2024-12-09 00:00:00",3198761,11239197,365211,14783,3777252,15348084.133333333,15313432.4
"2024-12-10 00:00:00",2103791,9585700,284163,6847,2482341,15380315.1,15161433.566666666
"2024-12-11 00:00:00",2346992,8556480,179519,6248,2936741,15262662.233333332,15278602.2
"2024-12-12 00:00:00",2718144,9305186,273490,8947,2290648,15250251.666666666,15186504.766666668
"2024-12-13 00:00:00",2658889,8553483,258436,3920,2606790,15173305.3,15067137.666666666
"2024-12-14 00:00:00",2929673,8202215,211486,7219,2682137,15070820.633333333,14924410.633333333
"2024-12-15 00:00:00",2790363,8899903,222188,8918,2967107,15065923,14893365.366666667
"2024-12-16 00:00:00",3794075,11063462,310290,7019,2785551,15123696.466666667,15076201.066666666
"2024-12-17 00:00:00",2554345,10252729,258152,10933,2502125,15223588.2,14965408.533333333
"2024-12-18 00:00:00",3288800,9056867,340234,6162,2745155,15249539.833333334,14927455.6
"2024-12-19 00:00:00",2973680,8895363,223371,7964,2369570,15191151.4,14822288.566666666
"2024-12-20 00:00:00",3247215,8619572,255694,12845,3387437,15254219.4,14660886.966666667
"2024-12-21 00:00:00",3123680,7937392,234450,7376,3014557,15189826.433333334,14683262.866666667
"2024-12-22 00:00:00",2753496,9727174,266744,8068,2391814,15157855.7,14856337.9
"2024-12-23 00:00:00",2998644,8178999,218649,8136,3398384,15094217.733333332,14869279.533333333
"2024-12-24 00:00:00",3581522,10731467,198791,6561,2121385,15150982.433333334,14887423.566666666
"2024-12-25 00:00:00",2081173,9139347,202744,4031,2060504,15134992.066666666,14862443.2
"2024-12-26 00:00:00",2649771,8831628,246476,7319,2615618,15185112.333333334,14781759
"2024-12-27 00:00:00",3225292,9462717,239334,4921,1859378,15320910.733333332,14830391
"2024-12-28 00:00:00",2896452,9600269,316330,6428,2101085,15258900.1,14723341.8
"2024-12-29 00:00:00",2688568,7833281,182707,11902,3048416,15206479.6,14573590.833333334
"2024-12-30 00:00:00",3576101,11525691,287434,2385,2021876,15247452.333333334,14730995.366666667
"2024-12-31 00:00:00",3239545,8828748,236698,12149,3004622,15310969.2,14724807.533333333
"2025-01-01 00:00:00",2586181,9228007,319729,6510,1952970,15208904.333333334,14793447.3
"2025-01-02 00:00:00",3435029,9866966,321727,15693,2709150,15205416.033333333,14897786.733333332
"2025-01-03 00:00:00",4154413,8977166,218163,10626,3184459,15238392.466666667,14933564.933333334
"2025-01-04 00:00:00",3109625,10055979,258517,5200,2326125,15208390.033333333,14931520
"2025-01-05 00:00:00",3287704,7660203,170982,6734,2873075,15190476.1,14914483.966666667
"2025-01-06 00:00:00",4194150,9662291,283460,15405,3102619,15258068.166666666,14881765.2
"2025-01-07 00:00:00",3289732,10325380,219433,13370,2878788,15311264.7,14942211.733333332
"2025-01-08 00:00:00",3319417,8387226,276338,8427,1878308,15153747.4,15239818.066666666
"2025-01-09 00:00:00",3837989,8490344,256796,6807,2263737,15166841.666666666,15349424.266666668
"2025-01-10 00:00:00",3120064,8559290,270014,7402,4073567,15233653.633333333,15469376.166666666
"2025-01-11 00:00:00",4142065,8134876,287007,4548,2404950,15246221.033333333,15460127.666666666
"2025-01-12 00:00:00",2734497,9697683,305537,11003,2413371,15282239.8,15499021.533333333
"2025-01-13 00:00:00",3319372,9570171,237865,9174,2763679,15344490.7,15586164.066666666
"2025-01-14 00:00:00",2869031,7308384,286896,8921,2898347,15293927.6,15822935.666666666
"2025-01-15 00:00:00",3166485,8948331,214182,9165,2143765,15177978.333333334,15794538.7
"2025-01-16 00:00:00",2764258,9224458,243951,647,3484293,15182622.033333333,15794036.733333332
"2025-01-17 00:00:00",3022698,9254936,206725,13805,2525077,15168822.4,15756541.466666667
"2025-01-18 00:00:00",3779493,8300975,208368,9431,3019473,15197082,15834370.733333332
"2025-01-19 00:00:00",3455242,9123358,216135,9033,1989433,15172763.033333333,15845893.466666667
"2025-01-20 00:00:00",3087545,7928570,193600,9236,3637157,15190717.933333334,15783856
"2025-01-21 00:00:00",3232550,9857577,219957,8775,2264438,15205251.066666666,15688586.966666667
"2025-01-22 00:00:00",3366688,9484122,249326,4299,3259148,15257276.233333332,15579608.566666666
"2025-01-23 00:00:00",3352592,11207080,259587,10115,3321896,15307660.966666667,15650794.466666667
"2025-01-24 00:00:00",4001241,8181218,270333,6386,3473834,15389168.466666667,15612863.933333334
"2025-01-25 00:00:00",2901172,8773806,191253,13151,1923590,15370906.933333334,15682706.066666666
"2025-01-26 00:00:00",2049865,7843250,199041,6574,2525196,15298649.933333334,15666101.133333333
"2025-01-27 00:00:00",4049223,7176345,288980,4646,1697865,15241866.266666668,15731737.666666666
"2025-01-28 00:00:00",3298603,5444660,121639,3454,2308241,15155589.866666667,15838427.7
"2025-01-29 00:00:00",2766350,8458624,211681,16836,2830777,15051282.033333333,15674868.966666667
"2025-01-30 00:00:00",2818923,7842305,177962,9499,2236969,14976744.466666667,15456347.833333334
"2025-01-31 00:00:00",4131676,6114943,208027,11948,1895168,14919023.2,15312144.133333333
"2025-02-01 00:00:00",2583039,7728419,154870,9392,2604897,14810091.4,15214560.433333334
"2025-02-02 00:00:00",4349373,8074957,209151,8066,2454115,14761785.533333333,15096451.666666666
"2025-02-03 00:00:00",3562924,6122742,182385,6471,2229496,14640071.2,14951848.833333334
"2025-02-04 00:00:00",3186604,7721933,270231,7936,2523273,14630447.333333334,14940989.4
"2025-02-05 00:00:00",2730703,6684219,230161,9159,1743307,14435101.266666668,15003327.466666667
"2025-02-06 00:00:00",3052537,7884801,254094,20162,1819263,14311906.333333334,14900385.933333334
"2025-02-07 00:00:00",4027083,5636664,302597,3510,1853733,14243702,14741790.1
"2025-02-08 00:00:00",3321838,9486059,298634,3987,2763557,14277648.9,14630938.266666668
"2025-02-09 00:00:00",2344299,8565672,187557,9947,2497379,14196798.8,14385982.8
"2025-02-10 00:00:00",3635520,8751747,226890,10723,2457389,14200426.466666667,14347212.733333332
"2025-02-11 00:00:00",3879812,7131400,250368,4271,1807722,14130809.366666667,14464889.566666666
"2025-02-12 00:00:00",2861421,7834252,242347,6211,2293683,14042063.966666667,14478436.733333332
"2025-02-13 00:00:00",3033784,8251551,198761,7006,2693657,14069169.8,14365133.266666668
"2025-02-14 00:00:00",2683268,7932373,277159,25241,2820658,14044395.333333334,14205191
"2025-02-15 00:00:00",5049831,6854173,241915,8586,3182226,14031699.866666667,14216320.233333332
"2025-02-16 00:00:00",3810978,8895927,261314,5972,2395616,14043252.333333334,14272044.633333333
"2025-02-17 00:00:00",3180838,8191654,272387,20827,3340033,14032852.666666666,14134513.7
"2025-02-18 00:00:00",3249734,8322020,322421,8532,3299603,14046490.033333333,14113663.6
"2025-02-19 00:00:00",3508356,8017604,229714,22559,2731519,14034944.9,14048784.8
"2025-02-20 00:00:00",2646360,8128559,224764,11099,2895290,13979037.666666666,13985445.8
"2025-02-21 00:00:00",3084820,8935140,200861,10844,2789495,13934290.333333334,14115862.233333332
"2025-02-22 00:00:00",3085939,9181584,222158,13483,2817200,13839926.833333334,14052531.566666666
"2025-02-23 00:00:00",2790705,8112366,360091,2355,1912537,13748094.233333332,14076280.666666666
"2025-02-24 00:00:00",2604680,6201218,312052,12335,2329817,13669998.933333334,13903476.166666666
"2025-02-25 00:00:00",3169425,7410717,359140,5016,3349501,13725662,13959235.966666667
"2025-02-26 00:00:00",2241084,8521992,193071,11636,3420746,13764711.1,14039810.133333333
"2025-02-27 00:00:00",2442873,6499284,228054,5930,2893637,13794484.7,14044383.7
"2025-02-28 00:00:00",2005827,5263194,182579,4945,1525279,13617736.7,14057176.3
"2025-03-01 00:00:00",3690330,4059187,180869,12654,2069294,13515292.666666666,14259600.2
"2025-03-02 00:00:00",1811327,7143559,211961,11190,1876638,13471722.633333333,14319133.3
"2025-03-03 00:00:00",4073080,8476982,226877,18437,2628193,13549821.566666666,14319422.633333333
"2025-03-04 00:00:00",3984757,8367785,282306,15509,2143582,13539764.733333332,14372772.166666666
"2025-03-05 00:00:00",3962651,8860008,231579,7033,4716579,13728892.9,14387563.4
"2025-03-06 00:00:00",3179399,8480584,255511,9387,3159728,13774714.333333334,14509792.333333334
"2025-03-07 00:00:00",3886752,6602056,224365,7765,2737313,13843404.633333333,14434045.2
"2025-03-08 00:00:00",3897855,7375851,195007,7777,2534942,13876090.833333334,14500615.2
"2025-03-09 00:00:00",2995186,7830989,197232,9996,1773917,13908881.533333333,14457280.166666666
"2025-03-10 00:00:00",3529082,7845173,251651,12637,3226431,13875244.933333334,14517803.466666667
"2025-03-11 00:00:00",3109180,6447385,174296,4794,2364155,13825076.6,14602148.3
"2025-03-12 00:00:00",3267634,7792127,276372,8423,1990045,13766820.966666667,14680508.266666668
"2025-03-13 00:00:00",3041576,11373487,349491,12766,3500142,13940284.033333333,14676508.866666667
"2025-03-14 00:00:00",2246230,7202287,248077,4736,3480349,13938409.8,14662746.633333333
"2025-03-15 00:00:00",3629623,8589487,235229,10492,2500294,13964421.533333333,14659690.8
"2025-03-16 00:00:00",2980129,6909023,260053,6116,2003356,13911754.1,14674469.9
"2025-03-17 00:00:00",3447863,8105231,313557,11688,2588742,13882765.566666666,14593273.8
"2025-03-18 00:00:00",2630800,9059377,289388,8432,2705340,13860216.233333332,14675707.133333333
"2025-03-19 00:00:00",2647854,9271711,237815,5770,2350711,13843820.1,14777126.933333334
"2025-03-20 00:00:00",3467756,7541240,238597,6503,3312773,13822638.2,14912818.433333334
"2025-03-21 00:00:00",3405878,9604701,226897,10591,2656528,13869133.2,14993727.966666667
"2025-03-22 00:00:00",3236652,10192029,204524,17259,2941986,13958679.166666666,15102691.7
"2025-03-23 00:00:00",3817948,8620808,262415,19797,3084207,13984812.966666667,15023296.233333332
"2025-03-24 00:00:00",2775430,10125517,206484,10463,3898562,14041349.6,14953885.266666668
"2025-03-25 00:00:00",3428836,8121529,229333,9392,2578422,14080998.8,15001640.033333333
"2025-03-26 00:00:00",3577805,9735967,220332,6056,2245059,14225169.2,15187407.866666667
"2025-03-27 00:00:00",2857245,8982662,240510,2779,2476730,14234040.333333334,15075384.2
"2025-03-28 00:00:00",3483531,8373435,245577,9637,2670915,14247192.466666667,15097221.866666667
"2025-03-29 00:00:00",2418487,9351222,277248,10361,2522059,14330845.733333332,15160977.7
"2025-03-30 00:00:00",4438368,7214742,219551,7009,2667560,14516359.2,15197517.2
"2025-03-31 00:00:00",3101141,7075140,290926,11426,2003542,14598687.766666668,15078192.9
"2025-04-01 00:00:00",3386134,8015408,245585,16939,2477105,14701571.1,14982068.4
"2025-04-02 00:00:00",2650216,9483539,242045,17197,1979899,14666548.5,14945299.566666666
"2025-04-03 00:00:00",3113830,8812756,240902,15388,4221406,14720226.033333333,15018845.133333333
"2025-04-04 00:00:00",2983168,10672152,274986,8479,2492111,14675327.7,15187895.066666666
"2025-04-05 00:00:00",3397228,7528488,245469,13212,2418017,14625920.866666667,15096368.333333334
"2025-04-06 00:00:00",2953380,8616662,256772,8609,3120910,14675856.8,15140084.066666666
"2025-04-07 00:00:00",3916433,9736799,347074,8617,2592117,14762176.566666666,15107624.833333334
"2025-04-08 00:00:00",3537353,9214492,273709,9756,2998869,14869739.5,15133733.033333333
"2025-04-09 00:00:00",2182294,9074929,252816,8812,2627663,14845790.6,15254324.266666668
"2025-04-10 00:00:00",4798164,8731376,235220,8206,3394415,15014710.233333332,15336765.566666666
"2025-04-11 00:00:00",2457854,6843644,143396,6652,2200508,14958624.733333332,15369166.166666666
"2025-04-12 00:00:00",2356534,3668201,176212,3982,1601117,14609576.2,15272645.033333333
"2025-04-13 00:00:00",2479833,6628898,195299,11229,2488300,14563638.766666668,15224245.8
"2025-04-14 00:00:00",4304573,11215481,245129,13426,3303458,14700870.966666667,15129913.666666666
"2025-04-15 00:00:00",4334841,10076981,318424,5591,3004518,14886926.533333333,15226235.666666666
"2025-04-16 00:00:00",3093271,8157040,288230,14006,2853219,14884882.566666666,15267668.333333334
"2025-04-17 00:00:00",2834227,8931160,234833,8488,2868385,14891008.166666666,15244335.8
"2025-04-18 00:00:00",3059683,7245720,253664,16962,2416547,14840298.733333332,15347993.733333332
"2025-04-19 00:00:00",4355140,7967454,315553,3001,2228385,14850387.633333333,15393473.466666667
"2025-04-20 00:00:00",2745566,10091453,246759,8670,3383359,14869428.066666666,15550483.433333334
"2025-04-21 00:00:00",4675633,8972993,306038,9431,2808569,14875435.4,15530325
"2025-04-22 00:00:00",3530774,10206431,259260,16408,3126896,14919921.966666667,15640355.133333333
"2025-04-23 00:00:00",3427449,8733393,191879,4092,3058283,14866543.1,15713201.166666666
"2025-04-24 00:00:00",3864873,8928945,234964,13129,3056100,14924226.266666668,15783649.133333333
"2025-04-25 00:00:00",3805761,9478339,262042,10708,3913029,14980381.633333333,15686331.333333334
"2025-04-26 00:00:00",3321490,8764586,207092,5183,2996869,15004890.866666667,15667344.233333332
"2025-04-27 00:00:00",4148040,8964481,261489,9207,2716830,15048789.1,15555831.166666666
"2025-04-28 00:00:00",3968247,9486265,289414,8339,3473304,15136996.2,15379615.533333333
"2025-04-29 00:00:00",2486575,9540525,285074,12963,3027787,15163853.666666666,15412383.5
"2025-04-30 00:00:00",3430592,7515142,216182,14718,2525119,15204506,15566926.566666666
"2025-05-01 00:00:00",3558201,9279937,334704,14852,3036919,15273954.633333333,15636620.166666666
"2025-05-02 00:00:00",3601974,8226407,271044,21633,3436624,15313447.266666668,15686900.6
"2025-05-03 00:00:00",2979069,8606886,274270,14223,3127511,15266703.266666668,15588375
"2025-05-04 00:00:00",3832627,7842139,244202,10482,2567735,15202245.866666667,15477203.766666668
"2025-05-05 00:00:00",3205358,9472930,288259,8571,3559002,15299970.066666666,15427611.533333333
"2025-05-06 00:00:00",3669190,8973071,318601,22548,2244238,15309014,15551528.466666667
"2025-05-07 00:00:00",3786929,9108598,245523,4066,3222826,15301244.033333333,15679268
"2025-05-08 00:00:00",3607930,9543773,258036,9778,2035335,15281932.666666666,15703849.8
"2025-05-09 00:00:00",3551576,7821653,180689,5742,2444000,15277170.6,15629139.733333332
"2025-05-10 00:00:00",5438536,9884830,265766,8165,3815295,15352011.1,15579208.5
"2025-05-11 00:00:00",4077167,8805096,222392,13744,2250906,15475920,15557852.533333333
"2025-05-12 00:00:00",4344551,9221535,311299,7002,2660030,15767200.366666667,15667986.4
"2025-05-13 00:00:00",5003976,7695098,346553,10500,3046195,15910493.133333333,15811018.133333333
"2025-05-14 00:00:00",4512850,9220136,217476,22069,3494194,15856648.166666666,15913326.966666667
"2025-05-15 00:00:00",2925811,7385464,217815,8147,2461425,15698592.166666666,15993044.3
"2025-05-16 00:00:00",3703017,8501334,218871,19929,2811130,15726876,16096224.133333333
"2025-05-17 00:00:00",2578981,9258428,300633,6946,1987040,15702039.833333334,15985488.8
"2025-05-18 00:00:00",3395501,9060542,197747,9409,2926418,15788607.566666666,15919546.133333333
"2025-05-19 00:00:00",2786856,8260631,255072,5081,3052354,15771623.166666666,15823662.266666668
"2025-05-20 00:00:00",2990892,7258382,196507,2568,1972422,15636454.833333334,15678940.533333333
"2025-05-21 00:00:00",2534162,9664022,290300,15898,2338180,15572117.666666666,15736314.6
"2025-05-22 00:00:00",3129040,9005812,210383,12864,3319560,15523380.766666668,15711075.866666667
"2025-05-23 00:00:00",2877018,8071143,211592,6960,2628751,15469392.366666667,15589416.933333334
"2025-05-24 00:00:00",2641679,8247369,231193,7467,2851868,15398777.7,15530477.666666666
"2025-05-25 00:00:00",2734775,7795086,196905,3932,2555427,15259319.1,15539517.733333332
"2025-05-26 00:00:00",4422965,9727894,191264,7455,2672696,15316888.166666666,15515683.266666668
"2025-05-27 00:00:00",3067236,9465311,228288,10328,3539023,15323893.433333334,15647632
"2025-05-28 00:00:00",2962853,10606285,268006,2425,2771666,15303415.333333334,15749883.866666667
"2025-05-29 00:00:00",3646395,10174399,224408,9643,3864027,15388946,15719215.8
"2025-05-30 00:00:00",2972697,8899554,283551,4417,3020912,15438258.833333334,15685198.733333332
"2025-05-31 00:00:00",2069070,9528305,208060,9987,2654636,15379773.533333333,15652259
"2025-06-01 00:00:00",3011753,8257690,261634,23017,2148061,15317922.166666666,15600544.433333334
"2025-06-02 00:00:00",2468347,9370535,294859,8860,2851653,15317665.733333332,15552512.766666668
"2025-06-03 00:00:00",4501759,10063029,233524,7817,3150955,15432996.333333334,15654731.566666666
"2025-06-04 00:00:00",3735706,8973627,210931,7830,2943782,15410920.766666668,15731581.9
"2025-06-05 00:00:00",3423604,9215658,239045,7085,3223700,15440301.9,15670755.233333332
"2025-06-06 00:00:00",3575087,11161976,274297,11496,2807597,15489053.1,15543703.733333332
"2025-06-07 00:00:00",2444278,7781679,143563,6269,3346849,15431312.666666666,15667071.733333332
"2025-06-08 00:00:00",3299994,7392893,219870,16112,1987184,15395059.366666667,15696706.966666667
"2025-06-09 00:00:00",4726073,9874273,255198,10747,3509770,15360508.133333333,15621739.333333334
"2025-06-10 00:00:00",5173781,8593783,249367,8328,2824701,15409863.466666667,15648311.633333333
"2025-06-11 00:00:00",3459937,8222184,316683,6367,2626308,15346098.666666666,15525916.233333332
"2025-06-12 00:00:00",3387558,7574907,228399,4390,3191471,15288911.733333332,15490242.633333333
"2025-06-13 00:00:00",3800342,8656433,180691,12412,2492444,15211431.433333334,15619038.1
"2025-06-14 00:00:00",3668895,7902373,198300,11954,2416961,15251425.266666668,15556337.4
"2025-06-15 00:00:00",4059623,9931243,222156,6787,3203850,15323737.6,15437542.033333333
"2025-06-16 00:00:00",3580556,10129108,298916,9731,3717660,15443869.933333334,15349032.633333333
"2025-06-17 00:00:00",2949733,7911002,273953,10408,3906967,15425951.633333333,15327967.066666666
"2025-06-18 00:00:00",4626392,9538722,271986,10830,2823998,15523015.533333333,15373716.366666667
"2025-06-19 00:00:00",2867282,8090681,272592,5218,2657444,15572097.5,15387109
"2025-06-20 00:00:00",3643383,10750996,199523,25374,3117516,15668572.2,15342626.666666666
"2025-06-21 00:00:00",3065197,7196053,270581,10291,2449165,15579026.3,15343861.133333333
"2025-06-22 00:00:00",2393697,8518464,190266,6059,3129519,15593777.933333334,15415908.666666666
"2025-06-23 00:00:00",4339975,8671003,210326,9558,2865965,15664353.733333332,15386480
"2025-06-24 00:00:00",3353637,9843644,230082,14487,3348298,15781154.533333333,15391589.666666666
"2025-06-25 00:00:00",3139875,8997455,272270,9454,3569737,15746704.666666666,15413482.966666667
"2025-06-26 00:00:00",3856881,10840552,225525,4740,2633905,15788418.366666667,15351292.633333333
"2025-06-27 00:00:00",2692245,8996902,241282,26008,3322295,15744001.066666666,15417630.766666668
"2025-06-28 00:00:00",2726389,7975475,265388,14585,2814104,15606570.266666668,15373963
"2025-06-29 00:00:00",3421033,6638730,207385,11681,3249909,15551490.366666667,15306095.2
"2025-06-30 00:00:00",3323540,10246863,295825,8025,3784476,15657779.733333332,15345572.766666668
"2025-07-01 00:00:00",3328829,9987064,204866,6193,3158601,15757227.3,15396234.833333334
"2025-07-02 00:00:00",3056310,7867010,197049,18848,3080026,15731393.2,15433484.7
"2025-07-03 00:00:00",3205899,8234163,313370,13539,2680658,15614410.833333334,15389959.6
"2025-07-04 00:00:00",3827870,7822758,286119,6959,2613110,15570575.566666666,15389825.4
"2025-07-05 00:00:00",3619108,7685352,184189,15333,4185830,15556599.9,15342003.666666666
"2025-07-06 00:00:00",2684383,6925364,148213,10571,2375594,15367055.033333333,15383489.333333334
"2025-07-07 00:00:00",4926775,9212194,240262,11782,2353123,15467771.6,15244369.166666666
"2025-07-08 00:00:00",3175516,9535253,223582,8651,3061422,15570717.533333333,15245540.5
"2025-07-09 00:00:00",4089124,8382552,244167,12366,3141810,15487182.6,15260031.333333334
"2025-07-10 00:00:00",3406169,8448971,293909,15520,2329844,15408663.966666667,15240842.066666666
"2025-07-11 00:00:00",2726273,10093047,238469,7782,3016266,15457009.3,15333458.966666667
"2025-07-12 00:00:00",3489845,7337417,168846,7571,2880463,15440256.433333334,15310917.2
"2025-07-13 00:00:00",3925092,8838899,222253,12674,3133219,15473250.433333334,15199325.433333334
"2025-07-14 00:00:00",2968190,8531657,242061,10160,2888616,15487990.866666667,15194243.966666667
"2025-07-15 00:00:00",5253982,7758124,269861,10819,3040674,15451651,15331424.5
"2025-07-16 00:00:00",3290294,10650098,222339,14609,3543432,15451143.833333334,15427947.933333334
"2025-07-17 00:00:00",3001497,8538210,264124,8837,2601147,15429868.966666667,15438267.9
"2025-07-18 00:00:00",3497260,8742296,228981,5511,2293249,15346381.8,15418605.666666666
"2025-07-19 00:00:00",3602735,8095199,197002,10451,1878750,15342745.566666666,15447989.7
"2025-07-20 00:00:00",2964904,7226756,184030,2920,2129344,15168450.133333333,15464113.933333334
"2025-07-21 00:00:00",2610091,6436909,165469,6857,3013771,15143176.9,15356174.4
"2025-07-22 00:00:00",3919046,9322257,251074,7531,4186834,15258135.566666666,15444044
"2025-07-23 00:00:00",2544440,9233242,255841,10583,3345882,15234573.733333332,15435097
"2025-07-24 00:00:00",3140342,8617520,228574,11149,2752585,15166574.6,15356146.866666667
"2025-07-25 00:00:00",2316924,9738754,211152,3326,2747079,15134189.6,15226497.9
"2025-07-26 00:00:00",4672550,7017696,209511,11025,2281132,15021866.466666667,15117509.5
"2025-07-27 00:00:00",3656476,8595430,202982,9894,2684372,15017547.333333334,14866660.933333334
"2025-07-28 00:00:00",2421965,7241892,199125,9077,2049725,14955075.466666667,14901592.566666666
"2025-07-29 00:00:00",2423449,6729307,175703,7710,1724596,14872809.6,14970286.133333333
"2025-07-30 00:00:00",2998307,7236097,228606,3791,2037362,14700990.2,15051690.1
"2025-07-31 00:00:00",3659743,8428113,233132,13311,3565951,14674812.866666667,14996407.1
"2025-08-01 00:00:00",5105665,8472487,260278,18193,3149344,14767703.5,14954197.133333333
"2025-08-02 00:00:00",3678478,9570035,250896,6908,3019556,14836978.333333334,14931948.5
"2025-08-03 00:00:00",2709090,9254667,190703,14126,4017884,14891300.066666666,14909363.033333333
"2025-08-04 00:00:00",3264039,9197157,284841,10248,3222043,14900917,14854151.366666667
"2025-08-05 00:00:00",3421768,8864730,148102,10004,2760197,15002939.5,14997598.466666667
"2025-08-06 00:00:00",3539161,9604257,261071,6073,2773014,14984254.266666668,15060436.833333334
"2025-08-07 00:00:00",4070364,9205100,277948,7294,2950839,15001158.433333334,15077204.433333334
"2025-08-08 00:00:00",2843205,9686666,277732,21659,2622717,14987224.266666668,15183001.266666668
"2025-08-09 00:00:00",2631692,8141447,252454,17093,2759762,14964158.6,15100817.3
"2025-08-10 00:00:00",4252366,8092348,302965,5995,2460768,14931911.866666667,15083405.533333333
"2025-08-11 00:00:00",3364725,8754079,242588,4135,3051801,14983018.133333333,15112707.633333333
"2025-08-12 00:00:00",3397739,7759575,238968,9944,2591723,14911878.4,15131929.6
"2025-08-13 00:00:00",2884183,8293032,197548,3867,2626938,14890707.033333333,15040906.766666668
"2025-08-14 00:00:00",3729263,9729894,217402,11117,2349530,14880831.933333334,14924793.1
"2025-08-15 00:00:00",4100964,9411065,199161,9238,3726111,14871690.466666667,14946995.466666667
"2025-08-16 00:00:00",2662376,8151581,272682,22312,2714274,14852004.133333333,14862609.333333334
"2025-08-17 00:00:00",3117325,7543645,315057,14178,2320935,14803465.433333334,14840634.5
"2025-08-18 00:00:00",3762005,8544011,302180,7648,2908533,14861473.833333334,14758844.2
"2025-08-19 00:00:00",4245951,9817426,192807,4951,3020324,15020591.3,14824988.3
"2025-08-20 00:00:00",3873358,9363843,261139,12660,3359372,15175167.333333334,14921996.533333333
"2025-08-21 00:00:00",3196282,7171597,252528,5691,2871916,15035542.233333332,14782691.6
"2025-08-22 00:00:00",3553797,10655777,236243,12917,3739023,15129134.9,14786462.333333334
"2025-08-23 00:00:00",2999366,8130265,196236,9718,1639556,15069967.366666667,14800291.066666666
"2025-08-24 00:00:00",2067863,6133407,188905,8085,2791152,14942372.9,15032377.633333333
"2025-08-25 00:00:00",3379814,9458709,250460,9182,2092051,14975649.6,15138883.5
"2025-08-26 00:00:00",3558700,8271413,172989,6154,3395619,14984173.766666668,15222154.366666667
"2025-08-27 00:00:00",4054977,6939128,286901,8871,3075415,15065623.666666666,15204551.8
"2025-08-28 00:00:00",5138570,9059756,307494,7964,2979424,15280039.333333334,15161769.166666666
"2025-08-29 00:00:00",2178834,8725420,252290,16859,3421104,15349717.9,15102555.533333333
"2025-08-30 00:00:00",3674632,8949693,197706,10568,2707417,15337709.933333334,15127387.166666666
"2025-08-31 00:00:00",3305330,8617369,229084,9308,2451371,15257926.666666666,15281928.7
"2025-09-01 00:00:00",3054675,10216983,202941,7548,2389386,15236116,15254560.266666668
"2025-09-02 00:00:00",3638377,8326110,224537,4745,2525739,15187217.366666667,15205836.766666668
"2025-09-03 00:00:00",3964765,8193013,207044,10625,3874844,15196282.966666667,15300495.366666667
"2025-09-04 00:00:00",2462265,10323933,285133,20350,3151524,15230896.8,15095231.866666667
"2025-09-05 00:00:00",3376915,8213710,266630,14306,3483369,15203275.6,15021112.4
"2025-09-06 00:00:00",3493612,8227782,295446,10917,3251490,15162198.833333334,14894817.866666667
"2025-09-07 00:00:00",2601285,7293111,227974,3211,2629289,15072294.466666667,14819654.866666667
"2025-09-08 00:00:00",4532795,9353934,284785,17523,3201405,15191894.766666668,14857024.633333333
"2025-09-09 00:00:00",5516587,10714207,236554,16390,3017469,15338120.5,14869369.3
"2025-09-10 00:00:00",3772174,7940331,197807,15020,2949946,15320052.266666668,14924108.033333333
"2025-09-11 00:00:00",3427878,9210385,320105,18105,2824854,15380165.1,14898885.966666667
"2025-09-12 00:00:00",2186948,6902127,212813,16091,2804916,15317410.033333333,14978595.633333333
"2025-09-13 00:00:00",4125128,9216718,227343,5117,2758616,15327267,14979545.033333333
"2025-09-14 00:00:00",3323034,8351576,189788,13247,3577025,15260871.266666668,14887290.433333334
"2025-09-15 00:00:00",3278929,8818766,272271,8655,2201961,15286116.7,14796177.466666667
"2025-09-16 00:00:00",3891938,7926521,172474,7099,3077876,15344942.133333333,14741806.533333333
"2025-09-17 00:00:00",2665923,7700680,223088,9137,2635363,15268602.233333332,14782055.933333334
"2025-09-18 00:00:00",4390109,10244026,206448,2542,2918959,15284622.9,14637909.066666666
"2025-09-19 00:00:00",4059519,8601607,339219,6874,2235895,15230381.2,14552598.5
"2025-09-20 00:00:00",3587658,8858101,320397,15103,3756484,15331705.733333332,14486047.666666666
"2025-09-21 00:00:00",3991958,8085650,153175,4908,3029463,15233951.833333334,14433261.133333333
"2025-09-22 00:00:00",3591126,7555302,250537,12172,2943690,15279874.333333334,14458928.966666667
"2025-09-23 00:00:00",3537320,6974968,234253,7696,2196191,15338574.866666667,14545275.166666666
"2025-09-24 00:00:00",3247416,8602290,202435,7481,2679423,15323535.633333333,14569116.5
"2025-09-25 00:00:00",3179796,10530407,242926,11035,2420504,15356195.3,14752161.7
"2025-09-26 00:00:00",2302459,10912534,238768,6867,3095146,15429211.766666668,14783210.566666666
"2025-09-27 00:00:00",3439179,7986747,218363,6378,3002899,15334556.633333333,14847641.866666667
"2025-09-28 00:00:00",2787994,8471029,206628,9748,2597444,15317167.2,14836263.466666667
"2025-09-29 00:00:00",3265246,10143910,304021,6452,3117796,15360414.7,14813604.666666666
"2025-09-30 00:00:00",4145143,9852903,358323,12545,1853240,15414071.466666667,14724216.066666666
"2025-10-01 00:00:00",2980328,7596365,274345,10445,2772111,15339472.533333333,14682407.166666666
"2025-10-02 00:00:00",3399469,7816054,214569,5218,4120090,15367335.8,14639127.866666667
"2025-10-03 00:00:00",3780779,8438878,246397,10081,2155764,15313389.433333334,14610328.933333334
"2025-10-04 00:00:00",3958291,8248932,219622,13378,3275878,15295818.766666668,14685734.766666668
"2025-10-05 00:00:00",1902928,6569929,146216,12313,2519276,15155676,14711653.6
"2025-10-06 00:00:00",4196650,9644713,335850,13416,3242280,15227464.766666668,14727709.833333334
"2025-10-07 00:00:00",2450896,10575738,218375,10194,2709287,15334452.933333334,14761321.266666668
"2025-10-08 00:00:00",3279620,8342605,220946,10702,3000442,15249915.366666667,14822455.766666668
"2025-10-09 00:00:00",5265051,6800070,265600,14259,2225431,15085555.233333332,14882879.4
"2025-10-10 00:00:00",4293009,9331732,285741,21358,3230075,15161776.9,14814647.966666667
"2025-10-11 00:00:00",3478591,7922677,242259,9333,2927634,15121082.633333333,14924403.666666666
"2025-10-12 00:00:00",2635710,10089683,303545,11939,3303342,15261793.1,14908044.533333333
"2025-10-13 00:00:00",3442547,8843345,236794,8201,3818664,15262347.8,14935889.7
"2025-10-14 00:00:00",2384174,9809387,255978,14208,3189076,15268953.266666668,15058743.666666666
"2025-10-15 00:00:00",3778799,9329929,320930,10017,2503139,15314361.166666666,15251546.733333332
"2025-10-16 00:00:00",3332660,7075037,194241,12169,2903094,15262404.6,15365124.866666667
"2025-10-17 00:00:00",3074736,8579456,238962,13468,2023157,15285590.933333334,15397712.3
"2025-10-18 00:00:00",3421234,7131501,237939,14829,2525904,15137902.066666666,15407524.5
"2025-10-19 00:00:00",2202283,8565555,178773,10315,2328167,15072633.833333334,15286813.833333334
"2025-10-20 00:00:00",2948302,6669401,202422,10414,2469695,14931383.233333332,15470657.033333333
"2025-10-21 00:00:00",3773581,7899462,163653,8938,1454330,14865876.666666666,15638775.3
"2025-10-22 00:00:00",4273096,6517255,191112,7996,2974731,14852921.766666668,15629725.366666667
"2025-10-23 00:00:00",3154957,7957732,174634,9830,2402942,14877910.733333332,15498926.8
"2025-10-24 00:00:00",3748542,7305415,294867,7580,3062019,14867223.5,15383715.933333334
"2025-10-25 00:00:00",2853986,6889931,212441,8999,2670721,14742270.366666667,15309880.466666667
"2025-10-26 00:00:00",3525228,11455368,252473,9202,4011775,14832213.033333333,15198032.866666667
"2025-10-27 00:00:00",4071516,9023988,267682,6807,3068293,14891703.7,15098300.833333334
"2025-10-28 00:00:00",3567264,8453911,309045,8800,3610054,14954244.9,15101615.433333334
"2025-10-29 00:00:00",2900118,9630580,206752,17913,3058408,14920122.766666668,15132705.633333333
"2025-10-30 00:00:00",2871743,9209186,232362,6646,3675753,14912573.6,15210979.033333333
"2025-10-31 00:00:00",2548929,8158448,202553,24977,2577463,14908533.1,15240627.366666667
"2025-11-01 00:00:00",3774516,10223079,246053,11437,2262978,14940621.666666666,15210048.633333333
"2025-11-02 00:00:00",4358033,8462998,201066,21019,2866867,14983224.366666667,15129003.066666666
"2025-11-03 00:00:00",2716172,9969622,210814,21295,3367466,15002200.233333332,15103793.7
"2025-11-04 00:00:00",3853639,10076159,255492,11954,2286442,15179968.1,15188130.7
"2025-11-05 00:00:00",2376543,10300966,369658,8736,3947985,15165667.433333334,15301771.666666666
"2025-11-06 00:00:00",4648531,8977473,335032,15029,2838833,15194013.966666667,15290021.033333333
"2025-11-07 00:00:00",2697390,9755067,207547,18276,2914663,15218635.033333333,15301637.266666668
"2025-11-08 00:00:00",3341455,8793017,185520,12698,2388685,15223667.666666666,15267375.933333334
"2025-11-09 00:00:00",4882619,7904731,268549,9795,3101678,15190515.366666667,15329380.666666666
"2025-11-10 00:00:00",3582780,7898560,288615,11392,2996991,15197110.2,15165543.933333334
"2025-11-11 00:00:00",2617250,8649284,215450,3001,3345494,15146652.3,15245695.1
"2025-11-12 00:00:00",2855291,10001986,216056,5981,2668134,15126581.566666666,15215336.633333333
"2025-11-13 00:00:00",3279278,7877079,293901,7185,2716983,15077301.633333333,15239456.366666667
"2025-11-14 00:00:00",3062641,7605025,322976,9400,2994174,15012348.333333334,15278562.633333333
"2025-11-15 00:00:00",3810220,7773844,215159,8260,2465303,15037534.033333333,15249619.433333334
"2025-11-16 00:00:00",2559192,6517139,182207,11772,3092483,14985300.6,15265930.133333333
"2025-11-17 00:00:00",2367261,7930199,218498,12191,2487478,14974774.433333334,15222821.566666666
"2025-11-18 00:00:00",3651567,7832055,212705,10400,2459180,15004135.266666668,15385488.933333334
"2025-11-19 00:00:00",4330775,9216835,280440,8645,3167203,15160924.3,15362911.466666667
"2025-11-20 00:00:00",3804997,8740775,245372,8203,2210150,15217908.733333332,15211214.133333333
"2025-11-21 00:00:00",4175525,8172842,224174,17418,3381927,15284832.366666667,15278621.933333334
"2025-11-22 00:00:00",3557422,8988315,257163,13369,3153606,15360491.833333334,15293243.633333333
"2025-11-23 00:00:00",2769725,9947353,186458,7854,2924008,15407724.266666668,15452896.133333333
"2025-11-24 00:00:00",2787208,6919404,227470,10732,2889000,15414315.266666668,15410987.2
"2025-11-25 00:00:00",4298801,10887208,240515,6296,3125062,15391109.933333334,15471623.533333333
"2025-11-26 00:00:00",2132671,8838420,200762,11791,3178574,15321907.433333334,15429173.7
"2025-11-27 00:00:00",1948088,7502381,241174,4220,2222722,15187557.933333334,15273880.633333333
"2025-11-28 00:00:00",3648340,9663764,272323,4684,2606331,15200280,15322710.033333333
"2025-11-29 00:00:00",2941666,9309604,236373,12573,2660397,15172444.1,15253561.1
"2025-11-30 00:00:00",3912706,7254531,219458,4563,2482329,15184484.466666667,15307687.8
"2025-12-01 00:00:00",4093337,8905890,213891,15869,3257593,15183435.066666666,15356775.333333334
"2025-12-02 00:00:00",2435225,8834355,284274,8716,2951192,15136894.7,15460441.366666667
"2025-12-03 00:00:00",3175268,9764226,202303,10629,2568442,15118078.1,15485725.033333333
"2025-12-04 00:00:00",4745493,7703165,315904,15137,3378830,15107239.366666667,15440129.966666667
"2025-12-05 00:00:00",4113022,9242460,239531,10633,2927237,15091539.166666666,15431180.7
"2025-12-06 00:00:00",3117904,9167321,264501,23321,3561342,15068856.133333333,15379810.7
"2025-12-07 00:00:00",2619922,7934663,241532,5788,3070678,15011510.333333334,15323118.033333333
"2025-12-08 00:00:00",3139471,8689715,232803,23852,4269620,15065979.366666667,15286502.7
"2025-12-09 00:00:00",3168938,7404434,288802,6094,2681037,14978710.666666666,15348084.133333333
"2025-12-10 00:00:00",3434743,8116349,174899,5810,2996738,14977050.2,15380315.1
"2025-12-11 00:00:00",3166520,7763614,208844,12524,2429669,14935405.866666667,15262662.233333332
"2025-12-12 00:00:00",2842616,8076764,255080,9271,2754996,14875115.633333333,15250251.666666666
"2025-12-13 00:00:00",2707994,7628555,211692,3936,2122900,14825137.366666667,15173305.3
"2025-12-14 00:00:00",3536241,7280110,164643,17773,1965444,14790803.1,15070820.633333333
"2025-12-15 00:00:00",3170262,9614490,285711,4897,3872252,14879964.3,15065923
"2025-12-16 00:00:00",3682577,7847963,176825,8121,3063061,14960489.966666667,15123696.466666667
"2025-12-17 00:00:00",2329144,9611330,228412,15763,3272327,15041868.466666667,15223588.2
"2025-12-18 00:00:00",3063018,8341181,212792,16287,3049361,15059093,15249539.833333334
"2025-12-19 00:00:00",3293884,9116323,220749,10002,2295101,14990165.033333333,15191151.4
"2025-12-20 00:00:00",4391965,8397346,260847,13017,2940460,15023303.366666667,15254219.4
"2025-12-21 00:00:00",2942973,8252344,242198,8633,1902400,14935858.7,15189826.433333334
"2025-12-22 00:00:00",2603498,7922972,225231,14693,4392255,14908818.166666666,15157855.7
"2025-12-23 00:00:00",3056743,8663059,224315,6548,3350445,14891008.633333333,15094217.733333332
"2025-12-24 00:00:00",2537911,8411205,257305,4956,2951476,14935309.866666667,15150982.433333334
"2025-12-25 00:00:00",3215918,8865596,232211,8111,2483291,14810217.033333333,15134992.066666666
"2025-12-26 00:00:00",2917573,9660665,286832,11200,3616184,14881224.8,15185112.333333334
"2025-12-27 00:00:00",2447887,9550373,215846,4204,2907997,14988149.233333332,15320910.733333332
"2025-12-28 00:00:00",1973891,7078620,204051,6415,3235554,14864918.966666667,15258900.1
"2025-12-29 00:00:00",2667989,9395594,283506,13408,3529604,14889235.5,15206479.6
"2025-12-30 00:00:00",3821905,9251406,231545,13451,2342142,14948797.733333332,15247452.333333334
"2025-12-31 00:00:00",4095831,9525205,179194,10244,4013602,14993380.933333334,15310969.2
"2026-01-01 00:00:00",4849943,7476422,170191,17459,2055228,14995229.6,15208904.333333334
"2026-01-02 00:00:00",3509031,7286009,186606,11749,2129833,14908640.866666667,15205416.033333333
"2026-01-03 00:00:00",3117364,10968857,207072,6676,2698877,14936651.466666667,15238392.466666667
"2026-01-04 00:00:00",3580354,7340110,207289,12271,2556325,14842100.2,15208390.033333333
"2026-01-05 00:00:00",5058646,8613767,354555,4802,3360893,14884041.866666667,15190476.1
"2026-01-06 00:00:00",5114022,8292437,291979,14929,3177162,14984640.533333333,15258068.166666666
"2026-01-07 00:00:00",4719923,8542678,270141,5777,2435178,14971914.9,15311264.7
"2026-01-08 00:00:00",4059363,10340948,247818,7776,2782425,15101548.9,15153747.4
"2026-01-09 00:00:00",3043487,7920758,229584,6719,2897858,15080544.633333333,15166841.666666666
"2026-01-10 00:00:00",3370783,6672794,159957,8145,1914989,15032061.2,15233653.633333333
"2026-01-11 00:00:00",4003378,8892874,251089,4904,3049088,15107480.566666666,15246221.033333333
"2026-01-12 00:00:00",4992965,9325866,185481,5167,2992190,15268366.966666667,15282239.8
"2026-01-13 00:00:00",3082649,8918055,270727,13827,2603056,15332504.1,15344490.7
"2026-01-14 00:00:00",3697918,8716050,228940,9412,3250857,15297689.666666666,15293927.6
"2026-01-15 00:00:00",2992566,7710959,238239,4845,3837574,15297877.366666667,15177978.333333334
"2026-01-16 00:00:00",2845438,7673998,140893,15265,1631914,15192894.433333334,15182622.033333333
"2026-01-17 00:00:00",3553578,9026629,215285,7208,3160122,15235567.333333334,15168822.4
"2026-01-18 00:00:00",2930441,6229102,195340,7557,2111215,15120154.166666666,15197082
"2026-01-19 00:00:00",2450491,8913072,286152,10514,2522013,15059440.666666666,15172763.033333333
"2026-01-20 00:00:00",3495783,8570689,210218,8539,2186154,15096868.6,15190717.933333334
"2026-01-21 00:00:00",3095342,7356158,190367,9194,2954559,15045100.433333334,15205251.066666666
"2026-01-22 00:00:00",3084475,8034972,199354,6779,3481833,15028643.733333332,15257276.233333332
"2026-01-23 00:00:00",3334411,8242591,258180,9192,3073584,15053814.133333333,15307660.966666667
"2026-01-24 00:00:00",2796106,8574951,193363,10698,3275755,15055339.533333333,15389168.466666667
"2026-01-25 00:00:00",3065213,8407817,230361,7702,2366748,14974852.066666666,15370906.933333334
"2026-01-26 00:00:00",2870692,7158117,284649,5875,3754439,14939767.966666667,15298649.933333334
"2026-01-27 00:00:00",4692887,9233137,256559,9027,2251077,15071239.633333333,15241866.266666668
"2026-01-28 00:00:00",3074380,9183791,239230,11537,2679041,15047835.666666666,15155589.866666667
"2026-01-29 00:00:00",4259585,8174252,214897,12756,3788655,15074158.833333334,15051282.033333333
"2026-01-30 00:00:00",2716691,9429370,247140,17332,2895766,14990232.966666667,14976744.466666667
"2026-01-31 00:00:00",3060961,9690007,240681,3961,2346068,15015981.533333333,14919023.2
"2026-02-01 00:00:00",2966870,6432070,207829,11476,2566207,14984689.566666666,14810091.4
"2026-02-02 00:00:00",2328417,8000302,269703,8314,2885305,14867795.8,14761785.533333333
"2026-02-03 00:00:00",2652226,8799050,194585,9928,3269187,14908750.133333333,14640071.2
"2026-02-04 00:00:00",3780943,8280532,208927,9763,3522002,14855733.5,14630447.333333334
"2026-02-05 00:00:00",2887101,7316580,214261,11045,2943491,14738464.366666667,14435101.266666668
"2026-02-06 00:00:00",2539134,7011616,239672,11414,2154710,14604559.533333333,14311906.333333334
"2026-02-07 00:00:00",3782037,7409485,253928,11058,2944919,14503329.3,14243702
"2026-02-08 00:00:00",3211107,6943498,178020,8796,2163143,14450200.666666666,14277648.9
"2026-02-09 00:00:00",2561170,8087225,240538,10008,4053751,14544402.466666667,14196798.8
"2026-02-10 00:00:00",2364467,9115085,222333,6675,2915121,14491815.1,14200426.466666667
"2026-02-11 00:00:00",2702881,9122372,224679,11924,2961308,14409198.366666667,14130809.366666667
"2026-02-12 00:00:00",2484151,9061840,253878,8305,2769894,14398856.766666668,14042063.966666667
"2026-02-13 00:00:00",2778174,8905476,313552,6072,3882287,14398269.333333334,14069169.8
"2026-02-14 00:00:00",2548700,10082831,262441,5173,2778430,14428049.366666667,14044395.333333334
"2026-02-15 00:00:00",3369874,5998686,194759,7204,2212729,14410574.066666666,14031699.866666667
"2026-02-16 00:00:00",2501521,7034131,185411,5292,3188673,14308980.2,14043252.333333334
"2026-02-17 00:00:00",3652976,8656103,175786,12816,2653014,14431547.566666666,14032852.666666666
"2026-02-18 00:00:00",3557505,8407109,183459,13612,2719423,14454842.866666667,14046490.033333333
"2026-02-19 00:00:00",3928509,8270594,235006,13236,3044523,14488858.433333334,14034944.9
"2026-02-20 00:00:00",3686555,6943477,244898,11378,2490407,14481228,13979037.666666666
"2026-02-21 00:00:00",2653459,5537910,190238,7727,2606525,14354176,13934290.333333334
"2026-02-22 00:00:00",3216760,5928155,230591,12323,2922047,14267240,13839926.833333334
"2026-02-23 00:00:00",3490227,7703456,236296,6270,3252254,14261828,13748094.233333332
"2026-02-24 00:00:00",3320750,7437189,169057,5586,3803319,14283764.066666666,13669998.933333334
"2026-02-25 00:00:00",5351098,7407758,208982,6404,3127350,14351357.2,13725662
"2026-02-26 00:00:00",4977031,7984818,208809,10682,2116737,14313203.8,13764711.1
"2026-02-27 00:00:00",5499176,8004547,220311,12880,3006621,14365055.4,13794484.7
"2026-02-28 00:00:00",4126233,8370817,279395,2285,3225843,14350202.6,13617736.7
"2026-03-01 00:00:00",3730373,8599665,193818,5334,2499698,14340955.033333333,13515292.666666666
"2026-03-02 00:00:00",3346449,8285584,226754,11962,2063924,14294054.6,13471722.633333333
"2026-03-03 00:00:00",3544050,8774759,146386,9193,2817025,14397620.2,13549821.566666666
"2026-03-04 00:00:00",2695486,6654810,316295,9829,2279627,14346420.433333334,13539764.733333332
"2026-03-05 00:00:00",1931228,7804087,311462,12644,3472068,14299970.9,13728892.9
"2026-03-06 00:00:00",3419716,10050013,244659,4776,3075294,14333047.266666668,13774714.333333334
"2026-03-07 00:00:00",3558156,7529366,236718,6105,2533601,14349429.766666668,13843404.633333333
"2026-03-08 00:00:00",3644408,6956360,135448,9569,3154701,14414227.1,13876090.833333334
"2026-03-09 00:00:00",3211011,9029389,194100,10076,2961531,14447716.9,13908881.533333333
"2026-03-10 00:00:00",3545992,7998424,262888,5574,2492898,14507757.866666667,13875244.933333334
"2026-03-11 00:00:00",4041453,8922136,179837,15772,3095724,14551165.433333334,13825076.6
"2026-03-12 00:00:00",4204089,8672637,258405,12730,3483938,14618102.433333334,13766820.966666667
"2026-03-13 00:00:00",4497813,8872947,215577,9132,2621370,14657891.8,13940284.033333333
"2026-03-14 00:00:00",3777729,7283926,230459,16040,2784064,14641696.733333332,13938409.8
"2026-03-15 00:00:00",3271644,7613262,159654,7073,2424464,14561381.133333333,13964421.533333333
"2026-03-16 00:00:00",3727877,8726469,275247,13830,2741095,14554946.233333332,13911754.1
"2026-03-17 00:00:00",2481929,6797428,243799,20366,2757596,14572208.9,13882765.566666666
"2026-03-18 00:00:00",3275303,7704571,191163,7953,2228768,14588633.566666666,13860216.233333332
"2026-03-19 00:00:00",2451708,8400327,246967,19527,2959609,14552882.466666667,13843820.1
"2026-03-20 00:00:00",3717924,6835700,182160,5034,2486934,14497770.466666667,13822638.2
"2026-03-21 00:00:00",3498158,8295728,195544,1934,2196335,14454297.966666667,13869133.2
"2026-03-22 00:00:00",2664909,6116314,282993,5310,2506397,14394272.033333333,13958679.166666666
"2026-03-23 00:00:00",3746047,8495706,245718,8619,2041255,14512321.366666667,13984812.966666667
"2026-03-24 00:00:00",4895207,10184079,246345,12869,2374835,14692436.733333332,14041349.6
"2026-03-25 00:00:00",2940315,7682305,235712,7354,2775210,14657515.833333334,14080998.8
"2026-03-26 00:00:00",5173276,9083752,264875,11589,2412477,14731184.366666667,14225169.2
"2026-03-27 00:00:00",3823839,9519610,221397,12243,2946496,14745250.966666667,14234040.333333334
"2026-03-28 00:00:00",3768228,7811574,252629,8943,2213165,14703799.933333334,14247192.466666667
"2026-03-29 00:00:00",2374877,7500951,276897,6884,1829518,14545319.266666668,14330845.733333332
"2026-03-30 00:00:00",2822058,8547825,213759,12791,2093413,14468162.333333334,14516359.2
"2026-03-31 00:00:00",3135839,7755620,232202,7274,2767043,14430465.766666668,14598687.766666668
"2026-04-01 00:00:00",3095571,7877974,277071,13774,2369057,14420424.9,14701571.1
"2026-04-02 00:00:00",4223113,9448482,185499,15777,2593958,14459605.266666668,14666548.5
"2026-04-03 00:00:00",3409486,6954810,254965,13884,2630000,14503175.2,14720226.033333333
"2026-04-04 00:00:00",4343476,9209850,227242,6282,2148714,14583310.333333334,14675327.7
"2026-04-05 00:00:00",4217071,7435401,249917,21229,2696835,14510843.666666666,14625920.866666667
"2026-04-06 00:00:00",2319063,8717799,269147,12359,2260464,14501339.933333334,14675856.8
"2026-04-07 00:00:00",3931717,8000217,258985,9414,2774882,14537164.8,14762176.566666666
"2026-04-08 00:00:00",3489351,7769037,182185,3926,2601856,14491839.8,14869739.5
"2026-04-09 00:00:00",3133237,7681562,248680,9481,2432249,14465154.266666668,14845790.6
"2026-04-10 00:00:00",2929419,8607587,243414,17973,3334705,14427760.166666666,15014710.233333332
"2026-04-11 00:00:00",2814240,8708678,242427,3288,2085355,14335166.466666667,14958624.733333332
"2026-04-12 00:00:00",2932748,6861535,214215,2813,2408835,14208609.2,14609576.2
"2026-04-13 00:00:00",2740377,9079160,186181,18319,2356646,14218225.133333333,14563638.766666668
"2026-04-14 00:00:00",2795338,7645531,230796,9082,1725740,14182571.9,14700870.966666667
"2026-04-15 00:00:00",3839347,10387827,309911,7327,2869826,14246895.4,14886926.533333333
"2026-04-16 00:00:00",2711485,6415867,198440,14587,2825257,14242379.6,14884882.566666666
"2026-04-17 00:00:00",2518999,7934151,349659,6851,2866591,14251329.166666666,14891008.166666666
"2026-04-18 00:00:00",3867283,7100919,161363,6981,1983267,14219384.1,14840298.733333332
"2026-04-19 00:00:00",3154491,8840734,231263,9335,1731806,14244046.6,14850387.633333333
"2026-04-20 00:00:00",2831954,10048470,183548,17197,3349253,14318804.9,14869428.066666666
"2026-04-21 00:00:00",4757606,8106554,257898,11341,2416658,14451275.933333334,14875435.4
"2026-04-22 00:00:00",4146408,7938765,250015,6438,1816811,14438646.2,14919921.966666667
"2026-04-23 00:00:00",4394353,7701082,297360,9861,1772116,14320693.666666666,14866543.1
"2026-04-24 00:00:00",3058117,9166199,261615,4710,2461638,14364406.666666666,14924226.266666668
"2026-04-25 00:00:00",2813885,9210666,249002,11157,2433801,14290158,14980381.633333333
"2026-04-26 00:00:00",3399679,8392445,251537,14272,2491149,14224340.766666668,15004890.866666667
"2026-04-27 00:00:00",3413191,9411253,413355,8518,3344062,14308868.833333334,15048789.1
"2026-04-28 00:00:00",4495368,7047387,248460,10739,2425278,14383472.633333333,15136996.2
"2026-04-29 00:00:00",4051278,8053594,234531,10772,2484631,14421637.633333333,15163853.666666666
"2026-04-30 00:00:00",4327118,8369708,268706,20291,2274586,14467052.166666666,15204506
"2026-05-01 00:00:00",3142700,7881320,188028,7787,2502994,14470031.333333334,15273954.633333333
"2026-05-02 00:00:00",2975813,9824791,223268,19659,2693935,14445719.166666666,15313447.266666668
"2026-05-03 00:00:00",3677597,7019500,231695,5415,1703740,14424879.233333332,15266703.266666668
"2026-05-04 00:00:00",3499881,8205042,212887,12983,3097691,14394643.566666666,15202245.866666667
"2026-05-05 00:00:00",5304769,7081683,193747,11116,2509868,14410667.633333333,15299970.066666666
"2026-05-06 00:00:00",3665574,7598596,245279,7493,2197491,14415187.466666667,15309014
"2026-05-07 00:00:00",3436873,7659693,238729,4623,1782464,14353426.466666667,15301244.033333333
"2026-05-08 00:00:00",3375638,7693634,259366,18524,2109336,14333764.166666666,15281932.666666666
"2026-05-09 00:00:00",4205270,7741666,161255,7475,2582138,14373517.033333333,15277170.6
"2026-05-10 00:00:00",2535849,8501156,252822,7987,2691519,14335391.066666666,15352011.1
"2026-05-11 00:00:00",2297615,8705870,225729,7460,1820580,14308833.733333332,15475920
"2026-05-12 00:00:00",2215736,7165808,275073,6800,1864841,14279104.433333334,15767200.366666667
"2026-05-13 00:00:00",3483667,7045047,279112,11749,1404396,14207213.3,15910493.133333333
"2026-05-14 00:00:00",3423000,7916404,257217,10750,2771528,14272960.466666667,15856648.166666666
"2026-05-15 00:00:00",4854316,7901635,205988,10242,1639269,14179533.933333334,15698592.166666666
"2026-05-16 00:00:00",4943215,8105214,257896,9971,2060400,14286569.433333334,15726876
"2026-05-17 00:00:00",2845985,8196737,199690,11066,2700137,14295815.5,15702039.833333334
"2026-05-18 00:00:00",4336908,9915371,279151,18599,2621491,14430873.2,15788607.566666666
"2026-05-19 00:00:00",2683443,8408176,274172,14910,2848823,14439603.166666666,15771623.166666666
"2026-05-20 00:00:00",3069172,8344459,324265,12307,1790351,14343274.3,15636454.833333334
"2026-05-21 00:00:00",4596798,8908401,201696,7546,2666114,14370957.433333334,15572117.666666666
"2026-05-22 00:00:00",3768137,8377152,238866,10560,2409492,14392483.333333334,15523380.766666668
"2026-05-23 00:00:00",2604774,9514100,266097,4031,2189525,14405942.1,15469392.366666667
"2026-05-24 00:00:00",1912251,8463851,254314,8661,2250639,14337190.166666666,15398777.7
"2026-05-25 00:00:00",2243842,7031958,244988,8410,2038569,14232165.233333332,15259319.1
"2026-05-26 00:00:00",3959351,7316780,206025,8332,2395339,14210057.3,15316888.166666666
"2026-05-27 00:00:00",3728130,11014266,257658,4955,2478253,14239819.733333332,15323893.433333334
"2026-05-28 00:00:00",3836022,8709888,314910,11727,2395601,14274517.466666667,15303415.333333334
"2026-05-29 00:00:00",3672755,8952920,307007,12667,1856412,14273416.233333332,15388946
"2026-05-30 00:00:00",2620220,9385073,213622,5571,2422560,14252970.533333333,15438258.833333334
"2026-05-31 00:00:00",3361451,9291414,231284,14977,1664935,14281012,15379773.533333333
"2026-06-01 00:00:00",3742768,8910328,273961,4807,3268158,14296430.4,15317922.166666666
"2026-06-02 00:00:00",3104194,8216335,265094,10385,2099624,14331686.7,15317665.733333332
"2026-06-03 00:00:00",3452384,8788421,214820,10619,2262586,14321698.266666668,15432996.333333334
"2026-06-04 00:00:00",3555748,8818778,226847,14365,1893222,14301957.666666666,15410920.766666668
"2026-06-05 00:00:00",3297688,9545533,323105,5176,3412454,14397608.933333334,15440301.9
"2026-06-06 00:00:00",3126747,8814103,148538,7678,2576645,14449319.633333333,15489053.1
"2026-06-07 00:00:00",2664641,10374432,244069,7318,1942921,14508549.233333332,15431312.666666666
"2026-06-08 00:00:00",3339664,8203193,259796,6194,2046876,14480479.933333334,15395059.366666667
"2026-06-09 00:00:00",3381798,8250367,216121,14333,2102195,14479662.5,15360508.133333333
"2026-06-10 00:00:00",3870475,9864397,179370,5663,1925322,14572594.4,15409863.466666667
"2026-06-11 00:00:00",3312718,7760393,249739,7492,2046715,14634220.933333334,15346098.666666666
"2026-06-12 00:00:00",2460924,8448140,209110,7997,2491974,14680694.333333334,15288911.733333332
"2026-06-13 00:00:00",3348280,8539671,314073,10878,2997975,14708426.6,15211431.433333334
"2026-06-14 00:00:00",2360128,8032465,213532,17401,1610550,14629180.933333334,15251425.266666668
"2026-06-15 00:00:00",2862381,8059690,325365,21331,2130671,14563272.133333333,15323737.6
"2026-06-16 00:00:00",3765234,9546913,240142,5357,2266204,14625613.233333332,15443869.933333334
"2026-06-17 00:00:00",2308774,8452286,242936,11399,1954774,14485567.466666667,15425951.633333333
"2026-06-18 00:00:00",3360236,8718376,251491,19081,2729592,14513876.266666668,15523015.533333333
"2026-06-19 00:00:00",4453920,9472458,290583,4298,2035295,14604409.266666668,15572097.5
"2026-06-20 00:00:00",3751202,9265415,217922,8761,2775596,14592354.166666666,15668572.2
"2026-06-21 00:00:00",2382761,7458326,204370,13271,1505980,14484370.266666668,15579026.3
"2026-06-22 00:00:00",3979564,8985483,207682,7683,2424508,14518583.566666666,15593777.933333334
"2026-06-23 00:00:00",3231146,8599124,242312,10631,2178809,14564327.1,15664353.733333332
"2026-06-24 00:00:00",2956628,9390347,293442,10989,2781555,14693166.933333334,15781154.533333333
"2026-06-25 00:00:00",2261788,8201540,253175,10373,2023250,14655310.333333334,15746704.666666666
"2026-06-26 00:00:00",3064069,8960570,222032,8564,2677974,14570308.7,15788418.366666667
"2026-06-27 00:00:00",3308107,8900767,255904,10686,2120469,14547901.3,15744001.066666666
"2026-06-28 00:00:00",2592973,8589563,204362,5239,1926104,14498450.5,15606570.266666668
"2026-06-29 00:00:00",3283150,8368948,197730,24298,1771784,14465079.833333334,15551490.366666667
"2026-06-30 00:00:00",3886227,7873488,235720,5162,2854224,14474771.633333333,15657779.733333332
"2026-07-01 00:00:00",2156310,9255688,220726,5785,2156094,14394591.366666667,15757227.3
"2026-07-02 00:00:00",4223824,7729825,212389,7626,2267695,14419449.333333334,15731393.2
"2026-07-03 00:00:00",3378367,7716124,209832,8428,2159658,14377569.433333334,15614410.833333334