{
"type": "FeatureCollection",
"name": "Cape_of_Good_Hope",
"crs": { "type": "name", "properties": { "name": "urn:ogc:def:crs:OGC:1.3:CRS84" } },
"features": [
{ "type": "Feature", "properties": { "MRGID": 8396, "GEONAME": "South African Exclusive Economic Zone", "MRGID_TER1": 2176.0, "POL_TYPE": "200NM", "MRGID_SOV1": 2176, "TERRITORY1": "South Africa", "ISO_TER1": "ZAF", "SOVEREIGN1": "South Africa", "MRGID_TER2": null, "MRGID_SOV2": null, "TERRITORY2": null, "ISO_TER2": null, "SOVEREIGN2": null, "MRGID_TER3": null, "MRGID_SOV3": null, "TERRITORY3": null, "ISO_TER3": null, "SOVEREIGN3": null, "X_1": 24.44331, "Y_1": -33.50802, "MRGID_EEZ": 8396, "AREA_KM2": 1072679, "ISO_SOV1": "ZAF", "ISO_SOV2": null, "ISO_SOV3": null, "UN_SOV1": 710, "UN_SOV2": null, "UN_SOV3": null, "UN_TER1": 710.0, "UN_TER2": null, "UN_TER3": null }, "geometry": { "type": "Polygon", "coordinates": [ [ [ 26.992200922834655, -37.206249829765738 ], [ 26.990047723723734, -37.206836059136748 ], [ 26.985736902636177, -37.208004339628388 ], [ 26.983581031639517, -37.208585916806356 ], [ 26.97494863357295, -37.210903681059861 ], [ 26.972790625787042, -37.211480363228091 ], [ 26.968471388843824, -37.212629217464283 ], [ 26.966311913364507, -37.213200924582821 ], [ 26.949011120966873, -37.217758586189689 ], [ 26.946849416967325, -37.218325236420426 ], [ 26.942521646357363, -37.21945431996069 ], [ 26.940357338820434, -37.220016292817562 ], [ 26.931691314203249, -37.222255565142021 ], [ 26.929524940923727, -37.222812625901852 ], [ 26.925189035046174, -37.223922207643625 ], [ 26.923021265119587, -37.224474278964649 ], [ 26.90565435726316, -37.228874634756394 ], [ 26.903484434359399, -37.229421629404456 ], [ 26.899140287095008, -37.23051136400808 ], [ 26.896967827203639, -37.231053658799198 ], [ 26.888269321772043, -37.233214137921905 ], [ 26.886094868084001, -37.233751501730197 ], [ 26.881742868838671, -37.234821660790686 ], [ 26.879567091348491, -37.235354023469327 ], [ 26.862136364002282, -37.239596481692018 ], [ 26.85995850907824, -37.240123747912563 ], [ 26.855598558926658, -37.241173986989693 ], [ 26.853418235363648, -37.241696530870129 ], [ 26.844688401148915, -37.243777927209322 ], [ 26.842506155734952, -37.244295521221062 ], [ 26.838138638687553, -37.245326114608304 ], [ 26.835955140517626, -37.245838696698414 ], [ 26.818462904039848, -37.249922687182078 ], [ 26.816277405777925, -37.250430153928306 ], [ 26.811902231003472, -37.251440755386469 ], [ 26.809714332450824, -37.251943478208858 ], [ 26.800954325981621, -37.253945511176269 ], [ 26.79876457842289, -37.254443267042916 ], [ 26.794382121837884, -37.255434156261245 ], [ 26.79219119436857, -37.255926888514992 ], [ 26.774639768111143, -37.259851860874562 ], [ 26.772446916092576, -37.26033946069748 ], [ 26.768057096757872, -37.261310289638018 ], [ 26.765861912797419, -37.261793123053934 ], [ 26.757072897796377, -37.263715523752197 ], [ 26.754875937674456, -37.264193374024799 ], [ 26.750479124312449, -37.265144425075064 ], [ 26.748281058024787, -37.265617240942674 ], [ 26.730672773030363, -37.269382669074645 ], [ 26.72847285953506, -37.269850335424465 ], [ 26.724068979300199, -37.270781260546613 ], [ 26.721866802211593, -37.271244139805006 ], [ 26.713049945998392, -37.27308665012869 ], [ 26.710846066492991, -37.273544530955192 ], [ 26.706435480013852, -37.274455616133608 ], [ 26.704230566287748, -37.274908452662856 ], [ 26.686567764391214, -37.278513828450201 ], [ 26.684361080799619, -37.278961498374173 ], [ 26.679943726022543, -37.279852394672062 ], [ 26.677734848984471, -37.2802952577198 ], [ 26.668891324275393, -37.282057628556544 ], [ 26.666680818565283, -37.282495477883828 ], [ 26.662257046226074, -37.283366474882797 ], [ 26.66004557914053, -37.283799270020126 ], [ 26.64233061206852, -37.287244108728459 ], [ 26.640117453358187, -37.287671722871565 ], [ 26.635687211295817, -37.288522469835996 ], [ 26.633471928386967, -37.288945257317565 ], [ 26.624602914193247, -37.29062725124632 ], [ 26.622386075457285, -37.291045009719113 ], [ 26.617949708112889, -37.291875800727453 ], [ 26.615731981745967, -37.292288497815775 ], [ 26.597967211118373, -37.295572334495517 ], [ 26.59574787136745, -37.295979834401606 ], [ 26.591285456059069, -37.29669940175566 ], [ 26.589072722728019, -37.29714166765379 ], [ 26.587625449155212, -37.297441422483544 ], [ 26.586678688770718, -37.297634044675164 ], [ 26.585805233924589, -37.297820462444207 ], [ 26.584930408511582, -37.298007173392151 ], [ 26.584053256552693, -37.298194379866658 ], [ 26.583179402407836, -37.298380883071175 ], [ 26.582308622145348, -37.298566710884941 ], [ 26.581415442468995, -37.298748960295967 ], [ 26.579588161264979, -37.299120887518853 ], [ 26.575932728312893, -37.299863116889256 ], [ 26.574105121554339, -37.300233308420289 ], [ 26.568657841586457, -37.301333953599027 ], [ 26.566448467223182, -37.301788465564954 ], [ 26.565734703194039, -37.30192934975949 ], [ 26.564626237511163, -37.302147774400083 ], [ 26.562408402326156, -37.302584138047337 ], [ 26.561299934844243, -37.302801900786918 ], [ 26.552465824238539, -37.304773084310085 ], [ 26.551359520525722, -37.305003807179872 ], [ 26.549145300615464, -37.305464263664717 ], [ 26.548038283740141, -37.305693810221058 ], [ 26.54360696788757, -37.306609966676561 ], [ 26.542499249541095, -37.3068383090406 ], [ 26.54028280290936, -37.307293874112844 ], [ 26.539174423561235, -37.307521024875214 ], [ 26.538199267982094, -37.307720295754933 ], [ 26.537155878141618, -37.307942128826042 ], [ 26.534764924362207, -37.308449633343656 ], [ 26.529699245624045, -37.309518290536516 ], [ 26.527165349102006, -37.31004936088911 ], [ 26.52627449597145, -37.310234865846283 ], [ 26.525399425943192, -37.310417084680438 ], [ 26.524513537969824, -37.310601556316627 ], [ 26.51121558573098, -37.313236358570776 ], [ 26.508054118902919, -37.31392818094065 ], [ 26.50718902865097, -37.314114861311637 ], [ 26.503184313405683, -37.314970453823236 ], [ 26.495169235172284, -37.316665396190842 ], [ 26.490434122037357, -37.31765460637493 ], [ 26.487903554805598, -37.318176863371335 ], [ 26.485879154799392, -37.318594991465616 ], [ 26.479495301067629, -37.319756574705963 ], [ 26.476351948384149, -37.320431913401947 ], [ 26.472227607118839, -37.321335367832688 ], [ 26.471342287516677, -37.321524263234053 ], [ 26.470456642360432, -37.321713215292576 ], [ 26.467898185353306, -37.322054076334467 ], [ 26.467028742382695, -37.322294310433918 ], [ 26.466137985479975, -37.322442763322741 ], [ 26.461357612164477, -37.323430653301813 ], [ 26.452485440451085, -37.32526947820358 ], [ 26.440943567391997, -37.327882180517989 ], [ 26.43113118145925, -37.330011396508624 ], [ 26.422974538244517, -37.331745384741524 ], [ 26.422091820381638, -37.331929196275169 ], [ 26.421216169391073, -37.332111537417347 ], [ 26.420340046256399, -37.332293975686383 ], [ 26.419465186669413, -37.332476151353106 ], [ 26.418585964470992, -37.332659235335399 ], [ 26.417711176829812, -37.332841394814366 ], [ 26.416838457629183, -37.333023124417551 ], [ 26.415962832719003, -37.33320545926432 ], [ 26.415087180828891, -37.333387800406427 ], [ 26.414211467785293, -37.333570153239876 ], [ 26.413335949894503, -37.333752466502943 ], [ 26.412462493249791, -37.333934349890143 ], [ 26.411582158590136, -37.334117664998033 ], [ 26.410707389834471, -37.334299820879963 ], [ 26.409834318998861, -37.334481624227365 ], [ 26.408960046669108, -37.334663677586505 ], [ 26.408082991836977, -37.334846310109029 ], [ 26.407206969426454, -37.335028728592732 ], [ 26.406331643990512, -37.335211000487021 ], [ 26.405457137836976, -37.335393103308903 ], [ 26.404581649623651, -37.335575409377455 ], [ 26.403703248506389, -37.335758322488431 ], [ 26.402828002210867, -37.33594057819495 ], [ 26.401954803671515, -37.336122407622909 ], [ 26.401079178761336, -37.336304742469693 ], [ 26.400203335315837, -37.336487123181996 ], [ 26.399328371407506, -37.336669320432705 ], [ 26.398453477646058, -37.336851503293957 ], [ 26.397576909347123, -37.337034035092429 ], [ 26.396702083934485, -37.337216203564736 ], [ 26.395823011023396, -37.337399256070682 ], [ 26.394948319609426, -37.337581395764587 ], [ 26.394075460114436, -37.337763155944657 ], [ 26.393199388241442, -37.33794558342187 ], [ 26.392324931550462, -37.338127675451773 ], [ 26.391448137521706, -37.338310254014885 ], [ 26.390572580060962, -37.338492575371916 ], [ 26.389701145092147, -37.338674037876402 ], [ 26.388822710699628, -37.338856957282601 ], [ 26.387944380628909, -37.339039856004462 ], [ 26.387069084870632, -37.339222121603342 ], [ 26.386195867445508, -37.339403955528056 ], [ 26.385320840584768, -37.339586166268333 ], [ 26.384445445001461, -37.339768453451285 ], [ 26.383568591617518, -37.339951044604859 ], [ 26.382694220362282, -37.340133118648254 ], [ 26.381819108964805, -37.340315346475919 ], [ 26.380942279862779, -37.340497932233632 ], [ 26.380065026280022, -37.340680607024311 ], [ 26.379189673864403, -37.340862884314461 ], [ 26.378315920443669, -37.341044830654326 ], [ 26.377438252273976, -37.341227590880479 ], [ 26.376565096002594, -37.341409411315183 ], [ 26.375688718359697, -37.341591903543446 ], [ 26.374814173535583, -37.341774013559672 ], [ 26.373938616074383, -37.341956334916702 ], [ 26.373062988466359, -37.342138670663019 ], [ 26.372185501060244, -37.342321394016807 ], [ 26.371310435528386, -37.34250361195194 ], [ 26.370436564296313, -37.342685581674075 ], [ 26.369561118351328, -37.34286787964875 ], [ 26.368685949397303, -37.343050120066792 ], [ 26.367811741818628, -37.343232159936022 ], [ 26.366933577223278, -37.343415024483619 ], [ 26.366059816607503, -37.343596970823469 ], [ 26.365184893168646, -37.343779160879492 ], [ 26.364306179986613, -37.343962138741603 ], [ 26.363430824872893, -37.344144416931115 ], [ 26.362557245021037, -37.344326326398701 ], [ 26.361682219958766, -37.344508537138978 ], [ 26.360806118407822, -37.34469097091133 ], [ 26.359930953051276, -37.344873210430094 ], [ 26.359055269685371, -37.345055557867425 ], [ 26.35818035434022, -37.345237746124965 ], [ 26.357306644086748, -37.345419682572214 ], [ 26.356426645773411, -37.3456029284322 ], [ 26.355551342820462, -37.345785195830004 ], [ 26.354677616379206, -37.34596713587446 ], [ 26.353801959992779, -37.346149477915915 ], [ 26.352925835059295, -37.346331917084143 ], [ 26.352051412543119, -37.34651400191953 ], [ 26.351175517836225, -37.346696393423741 ], [ 26.350302489268643, -37.346878188677252 ], [ 26.349425042332115, -37.347060903038056 ], [ 26.348547488376312, -37.347243639881924 ], [ 26.347672105383737, -37.347425924366775 ], [ 26.346799883508197, -37.347607550547892 ], [ 26.345923331396961, -37.347790079648249 ], [ 26.345048512279192, -37.347972247221279 ], [ 26.344173190440699, -37.348154519115567 ], [ 26.343296775925779, -37.34833701853843 ], [ 26.342420713945131, -37.348519445116011 ], [ 26.34154568168799, -37.348701656755921 ], [ 26.340668033303444, -37.348884414284228 ], [ 26.339792665599163, -37.349066695171771 ], [ 26.338919945499242, -37.349248425674062 ], [ 26.338041520100433, -37.349431344180985 ], [ 26.337167640774368, -37.349613315701859 ], [ 26.33629328300907, -37.349795387047237 ], [ 26.33541748093225, -37.349977759665663 ], [ 26.334541137463702, -37.35016024469941 ], [ 26.333665496365938, -37.350342583143572 ], [ 26.332788563841575, -37.350525191384378 ], [ 26.331912864287631, -37.350707541519625 ], [ 26.331039665748108, -37.350889371846876 ], [ 26.330164268366502, -37.351071659929005 ], [ 26.32928964350242, -37.351253787032547 ], [ 26.328414246120815, -37.351436075114592 ], [ 26.327535678628806, -37.351619023299193 ], [ 26.326662186910738, -37.35180091478027 ], [ 26.325788103438299, -37.351982928569115 ], [ 26.324909225680528, -37.35216594150485 ], [ 26.324033803117914, -37.352348234083664 ], [ 26.323160323990123, -37.352530122866725 ], [ 26.322285044419516, -37.352712386667122 ], [ 26.321409140719567, -37.352894779969986 ], [ 26.320533592251877, -37.353077099528463 ], [ 26.319658281204852, -37.353259369624098 ], [ 26.318783108653975, -37.353441610941516 ], [ 26.317908144745275, -37.353623809091417 ], [ 26.317029620420868, -37.353806748282594 ], [ 26.316154437977303, -37.353988990499289 ], [ 26.315280741213456, -37.354170925147869 ], [ 26.314404939137091, -37.354353296866933 ], [ 26.313530455466548, -37.354535395192244 ], [ 26.31265547357134, -37.354717596939352 ], [ 26.311779032976403, -37.354900102657453 ], [ 26.310903909887912, -37.355082333182878 ], [ 26.310028486425836, -37.355264626661054 ], [ 26.30914992073258, -37.355447574845471 ], [ 26.308275008085531, -37.355629761304286 ], [ 26.307401310422165, -37.35581169595288 ], [ 26.306527132521524, -37.355993729526872 ], [ 26.305651167667435, -37.356176136319476 ], [ 26.304774600267706, -37.356358668117949 ], [ 26.303899833310879, -37.356540824898985 ], [ 26.303024615793845, -37.356723076108835 ], [ 26.302148811018924, -37.35690544872736 ], [ 26.301270952193022, -37.357088249423001 ], [ 26.300395751762863, -37.35727049613628 ], [ 26.299522225870078, -37.357452394811872 ], [ 26.298646490343486, -37.357634753041367 ], [ 26.297770881621176, -37.357817085190121 ], [ 26.296895989658566, -37.357999268950906 ], [ 26.296020378238211, -37.358181601099844 ], [ 26.295143568920878, -37.358364184159456 ], [ 26.294269539408106, -37.358546187156747 ], [ 26.293391667991386, -37.358728990550418 ], [ 26.292515757996284, -37.35891138475246 ], [ 26.291642631402681, -37.359093199791133 ], [ 26.290767611736271, -37.359275409632303 ], [ 26.289892014705117, -37.359457739982503 ], [ 26.289016070535467, -37.359640142278437 ], [ 26.288140772978636, -37.359822409676411 ], [ 26.287265013170071, -37.360004773301583 ], [ 26.286393190593344, -37.360186316744802 ], [ 26.285512215616734, -37.360369766751276 ], [ 26.284636810140995, -37.360552055732697 ], [ 26.283763282449911, -37.360733955307651 ], [ 26.282888529881944, -37.360916109390672 ], [ 26.282012261057048, -37.361098579136026 ], [ 26.281137289055096, -37.361280779084581 ], [ 26.280262011282957, -37.361463041985701 ], [ 26.279386001463081, -37.361645457771559 ], [ 26.27851207986896, -37.361827439184793 ], [ 26.277632642732613, -37.362010569032435 ], [ 26.276757600583124, -37.362192782470814 ], [ 26.275885554075302, -37.362374372678929 ], [ 26.275008465068993, -37.36255701329533 ], [ 26.274133291618568, -37.362739255512125 ], [ 26.273258633479514, -37.362921389810168 ], [ 26.272382037301469, -37.363103927903865 ], [ 26.271507224479109, -37.363286094577532 ], [ 26.270632366690762, -37.363468271143716 ], [ 26.269752987111019, -37.363651388400541 ], [ 26.268878098745432, -37.36383356946358 ], [ 26.268004987440492, -37.364015382703684 ], [ 26.267128955137537, -37.364197802986112 ], [ 26.266252923733759, -37.364380223268554 ], [ 26.265378394197683, -37.364562331486297 ], [ 26.264502613705019, -37.364744699607968 ], [ 26.263627083223497, -37.364927015569236 ], [ 26.262752837873506, -37.365109064431707 ], [ 26.261874175053492, -37.365292032401285 ], [ 26.260998962032943, -37.365474281812581 ], [ 26.260126229342291, -37.365656015912265 ], [ 26.259251933630026, -37.365838074667266 ], [ 26.258374216897039, -37.366020845685412 ], [ 26.257498779045761, -37.36620314276071 ], [ 26.256623767473229, -37.366385350803142 ], [ 26.255748939362206, -37.366567521074188 ], [ 26.254872348580477, -37.366750058268352 ], [ 26.253994866570224, -37.366932780723204 ], [ 26.253119079781897, -37.367115149744237 ], [ 26.252245731055837, -37.367297011547549 ], [ 26.251369828255406, -37.367479404850499 ], [ 26.250495061298409, -37.367661562530898 ], [ 26.249620173832113, -37.367843744493044 ], [ 26.248744173904583, -37.368026158480248 ], [ 26.247867422144139, -37.36820872984876 ], [ 26.246991818817691, -37.368391061098407 ], [ 26.246115466356059, -37.36857354883 ], [ 26.245240202074115, -37.368755808133827 ], [ 26.244366668087451, -37.368937708608158 ], [ 26.243492786063655, -37.369119681927685 ], [ 26.242616049591334, -37.36930224969889 ], [ 26.241739430930124, -37.369484792289271 ], [ 26.240867321470091, -37.369666395987309 ], [ 26.239990142531269, -37.369849055489411 ], [ 26.239113468112436, -37.370031610670154 ], [ 26.238236069739287, -37.370214316037533 ], [ 26.237360793766072, -37.370396578039461 ], [ 26.236487112290547, -37.370578509090848 ], [ 26.235612392997723, -37.370760656878716 ], [ 26.234735711384218, -37.370943212958835 ], [ 26.233860810428439, -37.371125398518103 ], [ 26.232985396858794, -37.37130769019754 ], [ 26.232108245799282, -37.37149034430378 ], [ 26.231219747993208, -37.371675360929004 ], [ 26.2294229906787, -37.372047788174669 ], [ 26.225828311427819, -37.372789397013008 ], [ 26.224030917393236, -37.373158470686761 ], [ 26.217840370237013, -37.37442352362649 ], [ 26.216063012198589, -37.37479955445572 ], [ 26.21245326210871, -37.375556290789945 ], [ 26.205229085454221, -37.377056638752791 ], [ 26.201602636752455, -37.377802699234977 ], [ 26.19667510467275, -37.378806821977008 ], [ 26.195265513592886, -37.37909788036275 ], [ 26.194714927052615, -37.379211317248419 ], [ 26.188247363525392, -37.380594656218278 ], [ 26.185630893950702, -37.381150508289139 ], [ 26.180441871395601, -37.382245519215161 ], [ 26.177846249005597, -37.382789612650271 ], [ 26.176953466829247, -37.382975521402926 ], [ 26.176077564927908, -37.383157915605238 ], [ 26.175191724618713, -37.38334237914728 ], [ 26.168503969282966, -37.38471128579701 ], [ 26.156613067539183, -37.387102426635579 ], [ 26.152280975686836, -37.388031832802724 ], [ 26.141183729245967, -37.390379235113471 ], [ 26.136013720157194, -37.391458366710097 ], [ 26.135015267640711, -37.391664029071549 ], [ 26.134161310996035, -37.39183996254414 ], [ 26.133275720698407, -37.392022413403438 ], [ 26.131760716484138, -37.392331524779934 ], [ 26.124273485433434, -37.393931585074512 ], [ 26.119184297517734, -37.395005129183147 ], [ 26.118298131653745, -37.395189661073715 ], [ 26.117421063331705, -37.395372298092994 ], [ 26.116546485232504, -37.395554417102474 ], [ 26.115671008710478, -37.395736723171026 ], [ 26.114796861386253, -37.395918752248434 ], [ 26.113920336254751, -37.396101275953029 ], [ 26.11304266448758, -37.396284038877198 ], [ 26.112167428983952, -37.396466293684355 ], [ 26.111295671158558, -37.39664782543656 ], [ 26.110415459706132, -37.396831117162009 ], [ 26.109542614600258, -37.397012874644318 ], [ 26.108667387190422, -37.397195129451475 ], [ 26.107791666952124, -37.397377485882046 ], [ 26.106915798325787, -37.397559872889587 ], [ 26.106040890175336, -37.397742060247765 ], [ 26.105163563747737, -37.397924752125391 ], [ 26.104287455002265, -37.398107188595773 ], [ 26.103414835626495, -37.398288899313172 ], [ 26.102539695450872, -37.398471135234644 ], [ 26.101663737791483, -37.39865354112797 ], [ 26.100780763621799, -37.398837408419496 ], [ 26.093128319916332, -37.400399889643012 ], [ 26.088338547785952, -37.401358269268627 ], [ 26.085874268682687, -37.401883770119724 ], [ 26.084897937690016, -37.402093835561914 ], [ 26.08400210501361, -37.402286276989869 ], [ 26.079587037212207, -37.403224304957519 ], [ 26.077916149011344, -37.403578010117002 ], [ 26.067781727545054, -37.405499694055464 ], [ 26.060319912234434, -37.407056553616911 ], [ 26.059367135385287, -37.407257994560752 ], [ 26.056429613236389, -37.407881311073552 ], [ 26.051156932147137, -37.408873742628799 ], [ 26.046763188170928, -37.409937824071136 ], [ 26.046246728204238, -37.410068483873218 ], [ 26.045362863705492, -37.410246709717711 ], [ 26.044490050076121, -37.410438948798358 ], [ 26.043617921729947, -37.41063103679285 ], [ 26.042744543326478, -37.410823398181179 ], [ 26.041862595282907, -37.411000230975802 ], [ 26.040154260211182, -37.411377823927381 ], [ 26.039248619528564, -37.411584995351134 ], [ 26.038361516571086, -37.411782676229464 ], [ 26.037476594469695, -37.411962473189277 ], [ 26.035232318317128, -37.412427707772309 ], [ 26.034063863356806, -37.41262359450306 ], [ 26.030745218417223, -37.413328254695116 ], [ 26.029887948670307, -37.413508407786679 ], [ 26.025078305119933, -37.414511642897835 ], [ 26.02403705116933, -37.414739595855593 ], [ 26.023143715910038, -37.414923774312527 ], [ 26.022443532543207, -37.4150556059313 ], [ 26.021568952645453, -37.415241902291683 ], [ 26.02069548700743, -37.415427960332039 ], [ 26.01981893489608, -37.415614672179089 ], [ 26.018946784966374, -37.415796347823118 ], [ 26.018070905548143, -37.415978809474339 ], [ 26.017196017182556, -37.416161065180773 ], [ 26.016315903756151, -37.416336820587617 ], [ 26.004657703390535, -37.418737684896044 ], [ 26.003596534852448, -37.41897631100781 ], [ 26.002712800755603, -37.419140772728412 ], [ 26.001835084021991, -37.419304621111181 ], [ 26.000959454615327, -37.419468616083719 ], [ 26.000087005211327, -37.419665412029033 ], [ 25.999208170620705, -37.41982322506172 ], [ 25.998226179294761, -37.420060035442091 ], [ 25.994996020450259, -37.420974358179791 ], [ 25.992812977337422, -37.421501748506756 ], [ 25.988442638217492, -37.422552233998331 ], [ 25.986257118371668, -37.42307490198499 ], [ 25.977506478341752, -37.425156790253624 ], [ 25.975319031248603, -37.425674507472309 ], [ 25.970941101850656, -37.426705344575808 ], [ 25.968752398404717, -37.427218048973685 ], [ 25.951218446874009, -37.431303006228546 ], [ 25.949027735241998, -37.431810592584682 ], [ 25.944642123835251, -37.432821433262433 ], [ 25.9424490047181, -37.433324275694659 ], [ 25.933668096205793, -37.435326784403458 ], [ 25.931473121787576, -37.435824658081302 ], [ 25.927080206086941, -37.436815782921897 ], [ 25.924884049059955, -37.437308632087564 ], [ 25.907290718891687, -37.441234538842707 ], [ 25.905092631020239, -37.441722253778792 ], [ 25.900692328288557, -37.44269331294592 ], [ 25.898491900381373, -37.443176261475088 ], [ 25.889681890706953, -37.44509912082745 ], [ 25.887479681242667, -37.445577084414737 ], [ 25.883072362899497, -37.446528362993405 ], [ 25.880869042772531, -37.447001292175699 ], [ 25.863218673103574, -37.450767618730339 ], [ 25.861013500372934, -37.451235396596203 ], [ 25.856599091775081, -37.452166543850709 ], [ 25.854391649155446, -37.452629533725855 ], [ 25.845553708337235, -37.454472483817938 ], [ 25.843344557905226, -37.454930474361745 ], [ 25.8389234223784, -37.455841778075481 ], [ 25.836713234128922, -37.456294723422573 ], [ 25.819008172189797, -37.459900962559303 ], [ 25.816796208678511, -37.460348739502649 ], [ 25.812368281471294, -37.461239848939741 ], [ 25.810154117319001, -37.461682818107491 ], [ 25.801289423468489, -37.463445611625573 ], [ 25.799073625248013, -37.463883565274116 ], [ 25.794639261592806, -37.464754771815166 ], [ 25.792422498399816, -37.46518767217313 ], [ 25.774665104910923, -37.46863333825776 ], [ 25.772446644697254, -37.469061054923671 ], [ 25.76800578973581, -37.469912006034136 ], [ 25.76578519902796, -37.470334895139104 ], [ 25.756894933854142, -37.472017294662095 ], [ 25.754672782822865, -37.472435152959662 ], [ 25.750225782793848, -37.473266144516828 ], [ 25.748002741433709, -37.473678941429924 ], [ 25.730195384309809, -37.476963570412323 ], [ 25.727970723270346, -37.477371167445341 ], [ 25.723517532308676, -37.478181846914495 ], [ 25.721290811821916, -37.478584597500884 ], [ 25.712376161530983, -37.480186376400084 ], [ 25.710147954464759, -37.480584083588511 ], [ 25.705688911614317, -37.481374747746216 ], [ 25.703459887963504, -37.481767385456209 ], [ 25.685604945012443, -37.484890533970685 ], [ 25.683374380823267, -37.485277957411569 ], [ 25.678909450111348, -37.486048254623086 ], [ 25.6766768966217, -37.486430813630946 ], [ 25.66773905191593, -37.487951755169163 ], [ 25.665505087390216, -37.488329257289223 ], [ 25.661034597968637, -37.489079488827272 ], [ 25.658799889703346, -37.489451913375007 ], [ 25.640899747725456, -37.492413159639469 ], [ 25.638663578062051, -37.492780357327462 ], [ 25.634187503850427, -37.49351016975848 ], [ 25.631949415933121, -37.493872485027026 ], [ 25.62298957291074, -37.495312383259673 ], [ 25.620750148600848, -37.495669629949319 ], [ 25.616268810657374, -37.496379326344666 ], [ 25.614028717251927, -37.496731489166592 ], [ 25.596085771141588, -37.499530432983036 ], [ 25.594822927836105, -37.499726514866566 ], [ 25.592294415554875, -37.500117470844387 ], [ 25.591030303306212, -37.500312102121612 ], [ 25.585969248881952, -37.501087982324364 ], [ 25.584704465738753, -37.501281040687346 ], [ 25.582173823863059, -37.501665672632569 ], [ 25.580908993955234, -37.501857090632157 ], [ 25.570778050167178, -37.503383359754096 ], [ 25.569218319969821, -37.503617040493921 ], [ 25.566096905348104, -37.504082192339141 ], [ 25.564536330687588, -37.504313497969434 ], [ 25.558289788143668, -37.505234257155124 ], [ 25.556082686367205, -37.505557074199515 ], [ 25.551668070925018, -37.506197774607443 ], [ 25.549380733434418, -37.506527062273818 ], [ 25.546551352063631, -37.506931092595721 ], [ 25.545862686314308, -37.507029186147946 ], [ 25.544489740809013, -37.507224264388086 ], [ 25.543972358138262, -37.507297625684672 ], [ 25.535951362365893, -37.508431486423845 ], [ 25.53497079376757, -37.508569580021998 ], [ 25.533008376835596, -37.508844964123654 ], [ 25.532027326200392, -37.508982143111282 ], [ 25.528100556096092, -37.509529216899608 ], [ 25.527119627768997, -37.509665379653384 ], [ 25.525157026476052, -37.509936825623882 ], [ 25.524176838290771, -37.510071904694399 ], [ 25.506155501875355, -37.51254513295126 ], [ 25.503904317130861, -37.512851367396607 ], [ 25.499398413306494, -37.513459152617614 ], [ 25.497145524346934, -37.513760455180687 ], [ 25.488126898038331, -37.514956103840944 ], [ 25.485872898416005, -37.515252303650783 ], [ 25.481362620288934, -37.51583984243463 ], [ 25.479108174602629, -37.516130943088257 ], [ 25.461051265503755, -37.518440802301043 ], [ 25.458795678578156, -37.518726629330288 ], [ 25.454281038739197, -37.519293567344064 ], [ 25.452023819543996, -37.519574447202899 ], [ 25.442988014385776, -37.520688340294441 ], [ 25.440729760070752, -37.520964107507339 ], [ 25.436211044504404, -37.521510761312484 ], [ 25.433952418769337, -37.52178142667141 ], [ 25.415862361558908, -37.523927602976272 ], [ 25.413602674623917, -37.524192983918823 ], [ 25.409079904913881, -37.524718998283063 ], [ 25.406818659453847, -37.524979417665918 ], [ 25.397766888631281, -37.526011405901414 ], [ 25.395504683594652, -37.526266703645334 ], [ 25.39097813763135, -37.52677239782777 ], [ 25.388715634918782, -37.527022590120353 ], [ 25.3705948595655, -37.529004794835117 ], [ 25.368331377491444, -37.529249692818965 ], [ 25.363801085851492, -37.529734713386134 ], [ 25.361536116299135, -37.529974636320276 ], [ 25.352469597494348, -37.530924580304912 ], [ 25.350203745706722, -37.531159373505972 ], [ 25.345669976388706, -37.531624039717428 ], [ 25.343403902468367, -37.531853725668583 ], [ 25.325254845235207, -37.533671690795813 ], [ 25.322987871093744, -37.533896073444808 ], [ 25.31845066636555, -37.534340033665401 ], [ 25.316182279389068, -37.534559427775207 ], [ 25.307102231183222, -37.535427198905893 ], [ 25.304833036615577, -37.53564145608803 ], [ 25.30029265548194, -37.536065032275303 ], [ 25.298023313425347, -37.536274180408967 ], [ 25.279848415971742, -37.537927659533608 ], [ 25.277578255532376, -37.538131497170781 ], [ 25.273034748355229, -37.538534335890759 ], [ 25.270763247925856, -37.538733173297203 ], [ 25.261670892498103, -37.539518653762769 ], [ 25.259398660919828, -37.539712346147738 ], [ 25.254852277710739, -37.540094773854406 ], [ 25.252579973287339, -37.54028335629171 ], [ 25.234381682668641, -37.541772125483106 ], [ 25.232108641700648, -37.541955390228978 ], [ 25.227559443613615, -37.542317054388391 ], [ 25.22528513550094, -37.542495306313256 ], [ 25.216181696828187, -37.543198390892798 ], [ 25.213906734008901, -37.543371491501034 ], [ 25.209354962062264, -37.543712720365676 ], [ 25.207080001041533, -37.543880711025807 ], [ 25.188860767011107, -37.545204568835587 ], [ 25.186585151283793, -37.545367235509403 ], [ 25.18203087562452, -37.545687676544972 ], [ 25.179754066497253, -37.545845319605718 ], [ 25.170640770355703, -37.546465912072023 ], [ 25.168363383863152, -37.546618398420279 ], [ 25.163806834717974, -37.546918381677898 ], [ 25.161529524668083, -37.547065757178757 ], [ 25.143291802375188, -37.548224525541357 ], [ 25.141013918557803, -37.548366572559146 ], [ 25.136455178663766, -37.548645746403821 ], [ 25.134176174291269, -37.548782759016888 ], [ 25.125054250054063, -37.549320775733136 ], [ 25.122774745658234, -37.549452627136887 ], [ 25.118214034450261, -37.54971132341862 ], [ 25.115934681140885, -37.549838065773898 ], [ 25.097680928432482, -37.550831586408464 ], [ 25.095401083193849, -37.550952993985334 ], [ 25.090838493302073, -37.551190863767161 ], [ 25.088557602151809, -37.551307227046806 ], [ 25.079428279192086, -37.551762595167432 ], [ 25.077146963561631, -37.551873793640439 ], [ 25.072582705427976, -37.552091168772293 ], [ 25.070301617326095, -37.552197259096104 ], [ 25.052034295646422, -37.553025398902975 ], [ 25.049752796554742, -37.553126151750362 ], [ 25.045186971801428, -37.553322683295008 ], [ 25.042904501441967, -37.553418382852001 ], [ 25.033769010032131, -37.553791040324171 ], [ 25.031486191634883, -37.553881570577772 ], [ 25.026919001710837, -37.554057594881968 ], [ 25.024636485485757, -37.554143019684403 ], [ 25.006358058078376, -37.554805666248427 ], [ 25.004075213600487, -37.554885749977316 ], [ 24.999506770021753, -37.555040918103657 ], [ 24.997223027121265, -37.555115939548813 ], [ 24.988082600231934, -37.55540583690977 ], [ 24.985798587535101, -37.555475686353773 ], [ 24.981229081856895, -37.5556103364477 ], [ 24.97894544507642, -37.555675084037745 ], [ 24.960658377881941, -37.556172147426494 ], [ 24.958374495586838, -37.55623155034553 ], [ 24.953804049217638, -37.55634533436951 ], [ 24.951519343143531, -37.556399667810183 ], [ 24.94237521284623, -37.556606765489633 ], [ 24.940090313417443, -37.556655925130613 ], [ 24.935519108919948, -37.556749183028288 ], [ 24.9332346609512, -37.556793244412432 ], [ 24.914941420810294, -37.557124657176956 ], [ 24.912656808265183, -37.557163372091864 ], [ 24.908084976940472, -37.557235755825189 ], [ 24.905799615260207, -37.557269394966525 ], [ 24.896653016323739, -37.55739366418598 ], [ 24.8943675386314, -37.557422127728699 ], [ 24.889795251350165, -37.557473979040836 ], [ 24.88751029976072, -37.557497348823475 ], [ 24.869213355312382, -37.557663065997502 ], [ 24.868071930375663, -37.557672693239965 ], [ 24.865786586681907, -37.557690698566802 ], [ 24.864644215658359, -37.557699063161152 ], [ 24.860070993981367, -37.557729959370036 ], [ 24.858928300101326, -37.557737032537943 ], [ 24.856642280117512, -37.557749910829628 ], [ 24.855499883912671, -37.557755710557529 ], [ 24.846350805545427, -37.55779680867559 ], [ 24.845208089182279, -37.557801273809631 ], [ 24.842921410894661, -37.557808935134176 ], [ 24.841778377970087, -37.557812127727303 ], [ 24.837203765041977, -37.55782231794548 ], [ 24.836060417354702, -37.557824217313708 ], [ 24.833773101447889, -37.557826743509139 ], [ 24.832629442595021, -37.557827369437419 ], [ 24.831485783741982, -37.557826743509139 ], [ 24.82919846783534, -37.557824217313708 ], [ 24.828055120148065, -37.55782231794548 ], [ 24.82348050722004, -37.557812127727303 ], [ 24.82233747429521, -37.557808935134176 ], [ 24.820050796007763, -37.557801273809631 ], [ 24.818908079644189, -37.55779680867559 ], [ 24.809759001276916, -37.557755710557529 ], [ 24.808616605072615, -37.557749910829628 ], [ 24.806330585088546, -37.557737032537943 ], [ 24.805187891208675, -37.557729959370036 ], [ 24.800614669531683, -37.557699063161152 ], [ 24.799472298508135, -37.557690698566802 ], [ 24.797186954814379, -37.557672693239965 ], [ 24.796045529877489, -37.557663065997502 ], [ 24.777748585429322, -37.557497348823475 ], [ 24.775463633839962, -37.557473979040836 ], [ 24.770891346558727, -37.557422127728699 ], [ 24.768605868866047, -37.55739366418598 ], [ 24.759459269929835, -37.557269394966525 ], [ 24.75717390824957, -37.557235755825189 ], [ 24.752602076924603, -37.557163372091864 ], [ 24.750317464379748, -37.557124657176956 ], [ 24.732024224238671, -37.556793244412432 ], [ 24.729739776270094, -37.556749183028288 ], [ 24.725168571772599, -37.556655925130613 ], [ 24.722883672343812, -37.556606765489633 ], [ 24.713739542046596, -37.556399667810183 ], [ 24.711454835972148, -37.55634533436951 ], [ 24.706884389603204, -37.55623155034553 ], [ 24.70460050730793, -37.556172147426494 ], [ 24.686313440113622, -37.555675084037745 ], [ 24.684029803333146, -37.5556103364477 ], [ 24.679460297654941, -37.555475686353773 ], [ 24.677176284957937, -37.55540583690977 ], [ 24.668035858068777, -37.555115939548813 ], [ 24.665752115168289, -37.555040918103657 ], [ 24.661183671589384, -37.554885749977316 ], [ 24.658900827111665, -37.554805666248427 ], [ 24.640622399704284, -37.554143019684403 ], [ 24.638339883479205, -37.554057594881968 ], [ 24.633772693555159, -37.553881570577772 ], [ 24.631489875157911, -37.553791040324171 ], [ 24.622354383748075, -37.553418382852001 ], [ 24.620071913388443, -37.553322683295008 ], [ 24.6155060886353, -37.553126151750362 ], [ 24.61322458954362, -37.553025398902975 ], [ 24.594957267863947, -37.552197259096104 ], [ 24.592676179762066, -37.552091168772293 ], [ 24.588111921628155, -37.551873793640439 ], [ 24.585830605997785, -37.551762595167432 ], [ 24.576701283038233, -37.551307227046806 ], [ 24.574420391887799, -37.551190863767161 ], [ 24.569857801996022, -37.550952993985334 ], [ 24.567577956757646, -37.550831586408464 ], [ 24.549324204048986, -37.549838065773898 ], [ 24.54704485073961, -37.54971132341862 ], [ 24.542484139531723, -37.549452627136887 ], [ 24.540204635135979, -37.549320775733136 ], [ 24.531082710898772, -37.548782759016888 ], [ 24.528803706526276, -37.548645746403821 ], [ 24.524244966632153, -37.548366572559146 ], [ 24.521967082814939, -37.548224525541357 ], [ 24.503729360521959, -37.547065757178757 ], [ 24.501452050471812, -37.546918381677898 ], [ 24.496895501326634, -37.546618398420279 ], [ 24.494618114834338, -37.546465912072023 ], [ 24.485504818692789, -37.545845319605718 ], [ 24.483228009565352, -37.545687676544972 ], [ 24.478673733906078, -37.545367235509403 ], [ 24.47639811817902, -37.545204568835587 ], [ 24.458178884148595, -37.543880711025807 ], [ 24.455903923127778, -37.543712720365676 ], [ 24.45135215118114, -37.543371491501034 ], [ 24.44907718836194, -37.543198390892798 ], [ 24.439973749689187, -37.542495306313256 ], [ 24.437699441576257, -37.542317054388391 ], [ 24.433150243489223, -37.541955390228978 ], [ 24.430877202521231, -37.541772125483106 ], [ 24.412678911902532, -37.54028335629171 ], [ 24.410406607479132, -37.540094773854406 ], [ 24.405860224270299, -37.539712346147738 ], [ 24.403587992691769, -37.539518653762769 ], [ 24.394495637264185, -37.538733173297203 ], [ 24.392224136834557, -37.538534335890759 ], [ 24.387680629657666, -37.538131497170781 ], [ 24.385410469218129, -37.537927659533608 ], [ 24.367235571764695, -37.536274180408967 ], [ 24.364966229708102, -37.536065032275303 ], [ 24.36042584857438, -37.53564145608803 ], [ 24.358156654006649, -37.535427198905893 ], [ 24.349076605800974, -37.534559427775207 ], [ 24.346808218824492, -37.534340033665401 ], [ 24.342271014096298, -37.533896073444808 ], [ 24.34000403995492, -37.533671690795813 ], [ 24.321854982721675, -37.531853725668583 ], [ 24.319588908801421, -37.531624039717428 ], [ 24.315055139483405, -37.531159373505972 ], [ 24.312789287695693, -37.530924580304912 ], [ 24.303722768890907, -37.529974636320276 ], [ 24.30145779933838, -37.529734713386134 ], [ 24.296927507698683, -37.529249692818965 ], [ 24.294664025624741, -37.529004794835117 ], [ 24.276366622521863, -37.527003058644084 ], [ 24.273984076504121, -37.526833728893251 ], [ 24.273075281899139, -37.526768607185403 ], [ 24.272178786422074, -37.526704366812822 ], [ 24.271279512040024, -37.526639926790963 ], [ 24.27038310020032, -37.526575691814514 ], [ 24.269489144408794, -37.526511633105159 ], [ 24.268592924124505, -37.526447413417287 ], [ 24.267693859284236, -37.526382987784544 ], [ 24.266797553564629, -37.526318760901887 ], [ 24.265896584859661, -37.526254199471637 ], [ 24.26500694491483, -37.526190450128951 ], [ 24.264110786683659, -37.526126234038273 ], [ 24.263211791991012, -37.526061813801576 ], [ 24.262315390043682, -37.525997579724404 ], [ 24.261418965613075, -37.525933343848592 ], [ 24.260525119538869, -37.525869293233114 ], [ 24.259628960408577, -37.525805077142451 ], [ 24.258729723798069, -37.525740639818608 ], [ 24.257833312857485, -37.525676404841903 ], [ 24.25693928242228, -37.525612340736771 ], [ 24.256043100808739, -37.525548123746731 ], [ 24.255144071042196, -37.525483700812003 ], [ 24.254247668195489, -37.525419466734846 ], [ 24.253352917403276, -37.525355350468857 ], [ 24.252457448052979, -37.525291183840935 ], [ 24.251561008334249, -37.525226947065747 ], [ 24.250662002849424, -37.52516252682905 ], [ 24.249765600902094, -37.525098292751878 ], [ 24.248869177370693, -37.525034056876052 ], [ 24.247975140640619, -37.524969991871473 ], [ 24.24707915777725, -37.524905788371257 ], [ 24.246175636796465, -37.524841044378519 ], [ 24.245283531809605, -37.52477711876891 ], [ 24.244389593105467, -37.524713060958916 ], [ 24.243493545490963, -37.52464885296213 ], [ 24.242591894200729, -37.524584242068968 ], [ 24.241697892543925, -37.524520180661582 ], [ 24.240801313430211, -37.524455933094671 ], [ 24.239907480846, -37.52439188337857 ], [ 24.239011342399976, -37.524327669086375 ], [ 24.238112213707865, -37.524263238957147 ], [ 24.237215800968698, -37.524199004879975 ], [ 24.23632175074863, -37.524134938976104 ], [ 24.235425668060486, -37.524070728281302 ], [ 24.234526560053155, -37.524006299950628 ], [ 24.233630749859572, -37.523942108141696 ], [ 24.232734568246201, -37.52387789025228 ], [ 24.231839857923489, -37.523813777583513 ], [ 24.230943622350708, -37.523749556096988 ], [ 24.230044491860127, -37.523685125967489 ], [ 24.229148089013421, -37.523620891890587 ], [ 24.228251664582984, -37.523556656014676 ], [ 24.227357834696704, -37.52349260629866 ], [ 24.226461635996031, -37.523428387509881 ], [ 24.225562423667071, -37.523363951984521 ], [ 24.224666010928104, -37.523299717008243 ], [ 24.22377207222371, -37.523235659198264 ], [ 24.222875792584148, -37.523171435013538 ], [ 24.221976770012191, -37.523107012978087 ], [ 24.221080358172145, -37.523042778001638 ], [ 24.22018540413319, -37.522978647346548 ], [ 24.21929044020186, -37.522914516691543 ], [ 24.218393704606228, -37.522850259231831 ], [ 24.217494701819078, -37.522785838995134 ], [ 24.216598298972372, -37.522721604917962 ], [ 24.215701875441511, -37.522657369042136 ], [ 24.21480775147694, -37.522593297742404 ], [ 24.213911834264081, -37.522529099637978 ], [ 24.213008037191344, -37.522464335860349 ], [ 24.212116233477445, -37.522400430934823 ], [ 24.211222309162508, -37.522336374024377 ], [ 24.21032592430231, -37.522272141745773 ], [ 24.20942697997134, -37.522207726005561 ], [ 24.208530575326165, -37.522143491029027 ], [ 24.207634605952535, -37.522079288428102 ], [ 24.206740489182664, -37.522015218027732 ], [ 24.205843948739528, -37.521950974957321 ], [ 24.204944909979844, -37.521886551123231 ], [ 24.204048508032486, -37.521822317046059 ], [ 24.203152084501539, -37.521758081170418 ], [ 24.202258060361657, -37.521694017964393 ], [ 24.201361867956223, -37.521629799175699 ], [ 24.200462632244808, -37.52156536185187 ], [ 24.199559920653996, -37.521500676314943 ], [ 24.198672430088777, -37.521437080756613 ], [ 24.197776208905111, -37.521372860169279 ], [ 24.196877189031369, -37.521308438133829 ], [ 24.195980786184663, -37.521244204056671 ], [ 24.195084360854878, -37.521179968180846 ], [ 24.194190384378913, -37.521115907672836 ], [ 24.193294419501967, -37.521051705971288 ], [ 24.192395119039872, -37.520987264150875 ], [ 24.191498717092259, -37.520923030073703 ], [ 24.190602292662106, -37.520858794197878 ], [ 24.189708580586739, -37.520794752575483 ], [ 24.188811900748988, -37.520730499612711 ], [ 24.187915903496503, -37.520666294313941 ], [ 24.187020117584581, -37.520602104303478 ], [ 24.18612286307993, -37.520537809072565 ], [ 24.18522659962801, -37.520473585787286 ], [ 24.184327396292758, -37.520409151161303 ], [ 24.18343100243905, -37.520344917084131 ], [ 24.182526755705453, -37.520280120930707 ], [ 24.173479235079071, -37.51959202175432 ], [ 24.170818501772771, -37.51937852899573 ], [ 24.169429455705085, -37.519289488918474 ], [ 24.164478026839589, -37.518961436021272 ], [ 24.163565746462496, -37.518898802737468 ], [ 24.162156795699843, -37.518739267503022 ], [ 24.161759136175334, -37.518710614203286 ], [ 24.160473205474233, -37.518629936921982 ], [ 24.159227634547733, -37.518527165096444 ], [ 24.154273410589894, -37.518132983250354 ], [ 24.149742636014111, -37.517805451060624 ], [ 24.148347523119924, -37.517720725031225 ], [ 24.146981672366536, -37.517621199758494 ], [ 24.146089093437013, -37.517555571732103 ], [ 24.145199002931889, -37.517490128066768 ], [ 24.141884206191605, -37.5172443802239 ], [ 24.14123476077566, -37.517197116353572 ], [ 24.134000306669037, -37.516660422540184 ], [ 24.133415709567657, -37.516642027807237 ], [ 24.132629792031707, -37.516663149284696 ], [ 24.123382571548859, -37.516041992943485 ], [ 24.122477289695553, -37.515977123944964 ], [ 24.121581596413876, -37.51591294022991 ], [ 24.120689352032201, -37.515849003828308 ], [ 24.119785577442826, -37.515784241849161 ], [ 24.118891643235003, -37.515720184039168 ], [ 24.11799548410454, -37.515655968847696 ], [ 24.117096363506846, -37.515591539617745 ], [ 24.11619994896887, -37.515527304641196 ], [ 24.115289317948054, -37.515232621987721 ], [ 24.114422498300087, -37.51522047664362 ], [ 24.113521653701696, -37.515179564685084 ], [ 24.112664240062941, -37.515047270814819 ], [ 24.102986566277309, -37.51444956789318 ], [ 24.102026932097715, -37.514362214044752 ], [ 24.099893844525639, -37.51419969845702 ], [ 24.098986733451284, -37.514142156235451 ], [ 24.09665178225427, -37.514014080185589 ], [ 24.09574735835406, -37.513974736644641 ], [ 24.094855939550314, -37.513903808014106 ], [ 24.093959566380931, -37.513841580324623 ], [ 24.09306247645236, -37.513779303172115 ], [ 24.092342606925968, -37.513742707060118 ], [ 24.091653015774511, -37.513697989170637 ], [ 24.090119693269628, -37.513590914089121 ], [ 24.087074105885648, -37.513327066490689 ], [ 24.086128015495888, -37.513270147499114 ], [ 24.085213635201569, -37.513193554938383 ], [ 24.084419751470733, -37.513124027451596 ], [ 24.082185704207177, -37.512956926221051 ], [ 24.079828411152562, -37.512811324183161 ], [ 24.078956107438671, -37.512763446076079 ], [ 24.078136988731501, -37.512684708632221 ], [ 24.077320969087737, -37.512623417136879 ], [ 24.076416553281661, -37.512577194681597 ], [ 24.075519763726334, -37.512502495193843 ], [ 24.074111956002071, -37.512407104104412 ], [ 24.073133158169071, -37.512349991758541 ], [ 24.072218033235828, -37.512289036609701 ], [ 24.071401715017373, -37.512217032390041 ], [ 24.07038818446722, -37.512129632676263 ], [ 24.068345172991485, -37.511964011729617 ], [ 24.067438595215435, -37.511896983458954 ], [ 24.064242396569597, -37.511628922536602 ], [ 24.051664141187359, -37.510902827003747 ], [ 24.050761731768887, -37.510838162151259 ], [ 24.049865318130287, -37.51077392717481 ], [ 24.048971471156506, -37.510709876559332 ], [ 24.048075426240104, -37.510645668562546 ], [ 24.047176074516614, -37.510581223144825 ], [ 24.046279672569199, -37.510516989067668 ], [ 24.045383247239499, -37.510452753191842 ], [ 24.044489345407385, -37.510388698079879 ], [ 24.043592877809175, -37.5103244604054 ], [ 24.042695103496527, -37.51026012740283 ], [ 24.041796800382485, -37.510195757527896 ], [ 24.040901175449335, -37.510131579208874 ], [ 24.040007219657809, -37.510067519600241 ], [ 24.039110915736501, -37.510003293616947 ], [ 24.038211934533251, -37.509938874279356 ], [ 24.037315520894822, -37.509874639303078 ], [ 24.036421683813842, -37.509810589586976 ], [ 24.035525401476434, -37.509746364503059 ], [ 24.034626277281063, -37.509681935272923 ], [ 24.033729875333734, -37.509617701195765 ], [ 24.032833450004034, -37.509553465320124 ], [ 24.031939488816647, -37.509489405711307 ], [ 24.03104323885475, -37.509425184224767 ], [ 24.030144208188943, -37.509360761289969 ], [ 24.029246820584518, -37.509296456166254 ], [ 24.028348292640032, -37.509232070103806 ], [ 24.027457396342157, -37.509168230828962 ], [ 24.02656124170835, -37.509104014738298 ], [ 24.025662137298156, -37.509039587307001 ], [ 24.024765724558904, -37.508975352330552 ], [ 24.023871752579794, -37.508911291822542 ], [ 24.022975765219485, -37.508847088322241 ], [ 24.022074079755328, -37.508782475630611 ], [ 24.021180084393762, -37.508718414223225 ], [ 24.020283652768654, -37.508654177448221 ], [ 24.019389786010265, -37.50859012503409 ], [ 24.018493318412254, -37.508525887359625 ], [ 24.017594411852656, -37.508461473418066 ], [ 24.016697996415758, -37.508397238441617 ], [ 24.015802924565605, -37.508333099692635 ], [ 24.014907790662249, -37.508268956447068 ], [ 24.014011261910497, -37.508204714276019 ], [ 24.013112340062776, -37.508140299435098 ], [ 24.012215926423892, -37.508076064458649 ], [ 24.011321944552435, -37.50801200395064 ], [ 24.010425555195553, -37.507947771672121 ], [ 24.009529103785212, -37.507883533997827 ], [ 24.008635098531386, -37.507819470791802 ], [ 24.007733834848779, -37.507754888677027 ], [ 24.006839879057509, -37.507690829967672 ], [ 24.005943724423446, -37.507626613877008 ], [ 24.005044612818807, -37.507562185546163 ], [ 24.004148215367877, -37.507497952368539 ], [ 24.003252590434727, -37.50743377314997 ], [ 24.00235793766899, -37.507369664977958 ], [ 24.001461486258819, -37.50730542820277 ], [ 24.000562541927934, -37.507241011563195 ], [ 23.999666128289505, -37.507176776586746 ], [ 23.998772185987917, -37.507112718776753 ], [ 23.997876045743226, -37.507048504484743 ], [ 23.996974983509062, -37.506983935859893 ], [ 23.996080205737371, -37.506919818694627 ], [ 23.9951844989655, -37.506855634080026 ], [ 23.994290008977202, -37.506791536699907 ], [ 23.993393709552294, -37.506727310716627 ], [ 23.992494814684164, -37.506662898573808 ], [ 23.991598401045735, -37.506598663597359 ], [ 23.990704346328982, -37.506534597693218 ], [ 23.989808663839113, -37.506470415776818 ], [ 23.988904877558383, -37.506405651999188 ], [ 23.988012765376993, -37.506341725490032 ], [ 23.987116328356024, -37.506277488715014 ], [ 23.986222427423371, -37.506213433602866 ], [ 23.985326038965695, -37.506149201324448 ], [ 23.984427094634981, -37.506084785584235 ], [ 23.983530202556949, -37.506020515534146 ], [ 23.982637723452484, -37.505956562944789 ], [ 23.981740428478162, -37.505892265015774 ], [ 23.980844042718587, -37.505828032737341 ], [ 23.979945015650401, -37.505763610701905 ], [ 23.979048602910893, -37.505699375725456 ], [ 23.978154531106838, -37.505635308022846 ], [ 23.977258442123741, -37.505571097328215 ], [ 23.976359091299173, -37.505506651910324 ], [ 23.975460465328553, -37.505442258653105 ], [ 23.974566594972686, -37.505378205339611 ], [ 23.97365526338001, -37.505312901968722 ], [ 23.958538993480204, -37.504119310057902 ], [ 23.956360065664967, -37.50396947670977 ], [ 23.955471264787349, -37.503908215791299 ], [ 23.948306303093887, -37.5034121092813 ], [ 23.947564391183846, -37.503360446827074 ], [ 23.946079678834167, -37.503256517574044 ], [ 23.945337402699295, -37.503204286748328 ], [ 23.944607368135735, -37.503152652172957 ], [ 23.944068100462914, -37.503114367134174 ], [ 23.942989499466051, -37.503037506575552 ], [ 23.942450374785324, -37.502998944545453 ], [ 23.940092284031891, -37.502829639975701 ], [ 23.939205280899444, -37.502765564179299 ], [ 23.937431048004811, -37.502636620283482 ], [ 23.93654291622272, -37.502571684735244 ], [ 23.934755022626433, -37.502440143597624 ], [ 23.929614840452587, -37.502107755967941 ], [ 23.926052532298968, -37.501871107465448 ], [ 23.918965737878779, -37.501387881045687 ], [ 23.915423066421795, -37.501140125915938 ], [ 23.914508807535867, -37.501074613002714 ], [ 23.913610358731347, -37.501010232336142 ], [ 23.912713954086087, -37.50094599825897 ], [ 23.911817526957549, -37.500881762383329 ], [ 23.910923779808911, -37.500817718063175 ], [ 23.910027332895226, -37.500753481287987 ], [ 23.909128285142629, -37.500689057453897 ], [ 23.908231870604482, -37.500624822477349 ], [ 23.907337947188921, -37.500560766466108 ], [ 23.9064414400207, -37.500496525194336 ], [ 23.905542628789647, -37.500432118447378 ], [ 23.904646216949686, -37.500367883470929 ], [ 23.903750381575179, -37.500303689863259 ], [ 23.902855914968796, -37.500239595180986 ], [ 23.9019594051029, -37.500175353909214 ], [ 23.90106055610002, -37.50011094446424 ], [ 23.90016415145476, -37.500046710387068 ], [ 23.899267727024437, -37.499982474511427 ], [ 23.898373970882176, -37.499918429291895 ], [ 23.897477795563873, -37.499854212301855 ], [ 23.896572341040951, -37.499789329813495 ], [ 23.895682085060457, -37.499725536404185 ], [ 23.894788036638943, -37.499661470500314 ], [ 23.893891910783196, -37.499597257107411 ], [ 23.892992825258943, -37.499532830575475 ], [ 23.892096416117028, -37.499468595599026 ], [ 23.891201475567783, -37.499404466742661 ], [ 23.890306152807057, -37.499340310007099 ], [ 23.88940965912866, -37.499276069634703 ], [ 23.88851075436807, -37.499211656592593 ], [ 23.88761434972281, -37.499147422515435 ], [ 23.886717925292402, -37.499083186639524 ], [ 23.88582391734019, -37.499019123433499 ], [ 23.884927865229002, -37.498954915436713 ], [ 23.884030226713861, -37.498890592326759 ], [ 23.883133227616639, -37.498826315981617 ], [ 23.882238391389023, -37.498762194319681 ], [ 23.881341846449402, -37.498697950350078 ], [ 23.88044302442637, -37.498633542703573 ], [ 23.87954661978074, -37.498569308626486 ], [ 23.878650193551948, -37.498505072750589 ], [ 23.877756570509547, -37.498441037423859 ], [ 23.876860302561226, -37.498376814138581 ], [ 23.875960949038813, -37.49831236872069 ], [ 23.875064547091483, -37.498248134643532 ], [ 23.87416812266116, -37.498183898767621 ], [ 23.873274139889872, -37.498119837360505 ], [ 23.872377861149403, -37.498055613175694 ], [ 23.871480304472868, -37.49799129636115 ], [ 23.870585529398937, -37.497927179195884 ], [ 23.869688637321076, -37.497862909145809 ], [ 23.868792170622328, -37.497798671471429 ], [ 23.867893219996319, -37.49773425483167 ], [ 23.866996817149612, -37.497670020754768 ], [ 23.866100392719176, -37.497605784878942 ], [ 23.865206451316936, -37.497541727068963 ], [ 23.86431055838591, -37.4974775298639 ], [ 23.863408912491593, -37.497412920769548 ], [ 23.862514737265656, -37.497348845872438 ], [ 23.861620468510154, -37.497284764679904 ], [ 23.860724681699025, -37.497220575568988 ], [ 23.859825489155412, -37.497156140942991 ], [ 23.858929083610604, -37.497091906865833 ], [ 23.858033169995025, -37.497027707862287 ], [ 23.85713893721254, -37.496963629367784 ], [ 23.856242431843128, -37.496899388096097 ], [ 23.855343416465786, -37.496834966960037 ], [ 23.85444701361908, -37.496770732882865 ], [ 23.853550590087849, -37.49670649700704 ], [ 23.85265635820474, -37.496642418512707 ], [ 23.851760373542447, -37.49657821501242 ], [ 23.850859772660755, -37.496513679662371 ], [ 23.849964930137759, -37.496449558000535 ], [ 23.849071080466047, -37.496385506485765 ], [ 23.848174762155622, -37.496321278703832 ], [ 23.847275685624709, -37.496256853071088 ], [ 23.846379282778003, -37.496192618994101 ], [ 23.845482856548756, -37.49612838311829 ], [ 23.844589068930617, -37.496064336100019 ], [ 23.843692890914554, -37.496000119110164 ], [ 23.842793612935282, -37.495935679088134 ], [ 23.841897209189199, -37.495871445010962 ], [ 23.841000782960037, -37.495807209135322 ], [ 23.840106839759244, -37.495743150425966 ], [ 23.839210628467924, -37.495678931637272 ], [ 23.838310332456331, -37.495614417870769 ], [ 23.837407317793719, -37.495549709851119 ], [ 23.836520934293873, -37.495486193432853 ], [ 23.83562500359119, -37.495421994429321 ], [ 23.834725882094034, -37.49535756519937 ], [ 23.833829478348207, -37.495293331122198 ], [ 23.832933053018337, -37.495229095246387 ], [ 23.83203923842018, -37.495165046429648 ], [ 23.831143072994848, -37.49510083033897 ], [ 23.830243807606109, -37.495036391216402 ], [ 23.82934740565841, -37.49497215713923 ], [ 23.828450980328626, -37.494907921263419 ], [ 23.827556904927633, -37.494843853560809 ], [ 23.826660690038921, -37.494779633872753 ], [ 23.825761737614243, -37.494715216334072 ], [ 23.824865433693134, -37.4946509894515 ], [ 23.823971452720485, -37.494586928943491 ], [ 23.823075070558303, -37.494522696664802 ], [ 23.822176077664039, -37.494458277327467 ], [ 23.821279673917985, -37.494394043250296 ], [ 23.820383247689165, -37.494329807374484 ], [ 23.81948938542709, -37.494265754960523 ], [ 23.818593424147451, -37.494201553258975 ], [ 23.817690842059164, -37.494136876715302 ], [ 23.816797603926545, -37.494072869267328 ], [ 23.815901174100361, -37.494008632492324 ], [ 23.81500730194557, -37.493944580078022 ], [ 23.814111028601417, -37.493880355893651 ], [ 23.813211925989947, -37.493815928462169 ], [ 23.812316647295745, -37.493751774424624 ], [ 23.811421743618894, -37.493687648266103 ], [ 23.810525246343445, -37.493623407893793 ], [ 23.809626272334896, -37.493558989455735 ], [ 23.808729868588898, -37.493494755378578 ], [ 23.807833443259199, -37.493430519502752 ], [ 23.806939581896586, -37.49336646708862 ], [ 23.806043108003252, -37.493302228514963 ], [ 23.805144838164011, -37.493237860438768 ], [ 23.804244695936063, -37.49317335836362 ], [ 23.803353826618093, -37.4931095208876 ], [ 23.802457519099676, -37.493045294005029 ], [ 23.801558540594613, -37.492980875566801 ], [ 23.800662136848445, -37.492916641489629 ], [ 23.799765710619283, -37.492852405613817 ], [ 23.798871951779461, -37.492788360394201 ], [ 23.79797551206056, -37.49272412451856 ], [ 23.797076467005809, -37.492659701583833 ], [ 23.796180063259726, -37.492595466607384 ], [ 23.795283638829147, -37.492531230731487 ], [ 23.794389578716164, -37.492467164827616 ], [ 23.793493310768042, -37.492402941542437 ], [ 23.792594400611506, -37.492338527600879 ], [ 23.791690600840838, -37.492273762923702 ], [ 23.787473138374821, -37.491873831711729 ], [ 23.781742466741775, -37.491511205277689 ], [ 23.780827651175628, -37.491448412813753 ], [ 23.778455764821729, -37.491274001893558 ], [ 23.773636312366222, -37.490954684111301 ], [ 23.772724051773992, -37.49089205172659 ], [ 23.76962845668811, -37.490674860056529 ], [ 23.768472883617108, -37.490592042388784 ], [ 23.755610245516692, -37.489561826716809 ], [ 23.752347492543208, -37.489348637929211 ], [ 23.751437732965314, -37.489287757423952 ], [ 23.748553053181297, -37.489087332714135 ], [ 23.740769641206356, -37.488592059875401 ], [ 23.732546260202128, -37.488035625943226 ], [ 23.731640816470758, -37.487970744354143 ], [ 23.730741772315014, -37.48790632141943 ], [ 23.729845369468308, -37.487842087342258 ], [ 23.728948944138779, -37.487777851466433 ], [ 23.728054978454907, -37.487713791857715 ], [ 23.727158857994937, -37.487649578465067 ], [ 23.72625984981255, -37.487585157328994 ], [ 23.725358078912365, -37.487520539241316 ], [ 23.724466884939261, -37.487456677483479 ], [ 23.723572936342265, -37.487392619673486 ], [ 23.7226765568779, -37.48732838829433 ], [ 23.721777625137747, -37.487263972554132 ], [ 23.7208812105996, -37.487199737577683 ], [ 23.719987270096908, -37.48713567976769 ], [ 23.719091161328294, -37.487071467274149 ], [ 23.718191964287996, -37.487007032648336 ], [ 23.717295545253535, -37.486942797671887 ], [ 23.716402781063863, -37.486878824398005 ], [ 23.715505058012127, -37.486814494992828 ], [ 23.714605455377693, -37.48675003248789 ], [ 23.708274405339694, -37.486188022758739 ], [ 23.704975881831871, -37.485953477770593 ], [ 23.704013618933601, -37.485884569017571 ], [ 23.703119096569424, -37.4858276104558 ], [ 23.702219322164211, -37.485759732325576 ], [ 23.69456354287334, -37.485244044876566 ], [ 23.691709047934523, -37.485059565146756 ], [ 23.690804638423515, -37.484996555046862 ], [ 23.68969649379838, -37.48484108115089 ], [ 23.68875338376202, -37.484751678646901 ], [ 23.684330245444698, -37.484338218933502 ], [ 23.681116650313385, -37.484178138709936 ], [ 23.679962224777228, -37.484117828374821 ], [ 23.677058587284023, -37.483964002036842 ], [ 23.674307393871487, -37.483705366909035 ], [ 23.673117389356293, -37.483612935488466 ], [ 23.669529214901559, -37.48340186820144 ], [ 23.668573491873474, -37.483341359116324 ], [ 23.66767148625047, -37.483282102786703 ], [ 23.665010109029652, -37.48309490800348 ], [ 23.654551462180279, -37.482430567116822 ], [ 23.653650959324438, -37.482370093105146 ], [ 23.652756770608846, -37.482310042674129 ], [ 23.651860044905362, -37.482249822271413 ], [ 23.65096084156994, -37.482189417507385 ], [ 23.650063320865684, -37.482122508846459 ], [ 23.649171061195801, -37.482053410336519 ], [ 23.648274925447794, -37.481985304677892 ], [ 23.647376232027852, -37.481917002967037 ], [ 23.646477814699665, -37.481848722840141 ], [ 23.645582291389957, -37.481788437686035 ], [ 23.644690413032549, -37.481712880245112 ], [ 23.643794602838881, -37.481644798868132 ], [ 23.642893655717813, -37.481587993191255 ], [ 23.642000087534257, -37.481521391198982 ], [ 23.641101243028231, -37.481454364727043 ], [ 23.640210124597729, -37.481372377133439 ], [ 23.639314371961035, -37.481304299353852 ], [ 23.638412667610737, -37.481235770114509 ], [ 23.637519048165814, -37.481187319139366 ], [ 23.636625500666355, -37.481099944606598 ], [ 23.635729645506956, -37.481031859632495 ], [ 23.634827776580664, -37.480986663303682 ], [ 23.63393495483453, -37.48089546215563 ], [ 23.633066291576313, -37.480829584117842 ], [ 23.632147225814066, -37.480751335006033 ], [ 23.631252317640815, -37.480675537445975 ], [ 23.630349316468141, -37.48063686030271 ], [ 23.629459027212675, -37.480523646448958 ], [ 23.628561302362556, -37.480481884631132 ], [ 23.627672396264416, -37.480373824792096 ], [ 23.626778304675383, -37.48028730101791 ], [ 23.625877574291053, -37.480237443503171 ], [ 23.624980576092753, -37.480190250679215 ], [ 23.624092706013869, -37.480073330719364 ], [ 23.623197850000935, -37.480004329336182 ], [ 23.62227555837049, -37.480133900958677 ], [ 23.621379151926504, -37.480069666881505 ], [ 23.620483552174619, -37.480005490360966 ], [ 23.619589037904234, -37.479941391181939 ], [ 23.618692564010985, -37.479877152608452 ], [ 23.617793482983302, -37.479812726975709 ], [ 23.616897122404652, -37.479748495596382 ], [ 23.615985827684085, -37.479683194023963 ], [ 23.610371750456267, -37.479265569550208 ], [ 23.602527475063198, -37.478660261061989 ], [ 23.598281758596642, -37.478364040567811 ], [ 23.595460928878992, -37.478163304692515 ], [ 23.594309866807293, -37.478079804439304 ], [ 23.589767674438946, -37.477770877423964 ], [ 23.586653024517659, -37.477554254125465 ], [ 23.582070386039817, -37.477228479210865 ], [ 23.580888466429997, -37.4771439906024 ], [ 23.579603265978335, -37.477051656308589 ], [ 23.575089828533123, -37.476717336935252 ], [ 23.570436755152315, -37.4763622890883 ], [ 23.565732328684362, -37.476057759757566 ], [ 23.558645393970096, -37.475574321997172 ], [ 23.557733613615767, -37.475508985351127 ], [ 23.556839708186345, -37.475444930239235 ], [ 23.555943196521525, -37.475380688967476 ], [ 23.555047030196647, -37.475316471977436 ], [ 23.55415499895426, -37.475252550864326 ], [ 23.553254135470183, -37.475187997527954 ], [ 23.552357739818262, -37.475123764350158 ], [ 23.55145875501762, -37.475059345012554 ], [ 23.550562350372616, -37.474995110935396 ], [ 23.549665925941923, -37.474930875059755 ], [ 23.548771760608503, -37.474866801061822 ], [ 23.547875864080083, -37.474802604756306 ], [ 23.546977826266016, -37.474738252867866 ], [ 23.546080259696424, -37.474673935153774 ], [ 23.545186105154983, -37.474609862055388 ], [ 23.544289799434949, -37.474545636072108 ], [ 23.543391018780852, -37.474481231123804 ], [ 23.542494430673628, -37.474416983556893 ], [ 23.541599522500292, -37.474352856498825 ], [ 23.540704207833357, -37.474288700662797 ], [ 23.539807825670891, -37.474224469283655 ], [ 23.538908941594656, -37.474160057140836 ], [ 23.538012536050019, -37.474095822164387 ], [ 23.537116109820772, -37.474031586288561 ], [ 23.536222215183443, -37.473967532075704 ], [ 23.535325933744957, -37.473903307891149 ], [ 23.534426229487281, -37.473838837292419 ], [ 23.533530448071929, -37.473774647282056 ], [ 23.53263646260308, -37.473710585874755 ], [ 23.531740188359265, -37.473646361690129 ], [ 23.530841201760325, -37.47358194235261 ], [ 23.52994479801427, -37.473517708275452 ], [ 23.529048370885903, -37.473453472399541 ], [ 23.528154621938626, -37.473389428978663 ], [ 23.527258356688151, -37.473325204794293 ], [ 23.526359123675036, -37.473260768369656 ], [ 23.525462707338221, -37.473196533393107 ], [ 23.52456936128732, -37.473132517851269 ], [ 23.523672462913964, -37.47306824780118 ], [ 23.522776074456544, -37.473004015522761 ], [ 23.521878408062349, -37.472939691513432 ], [ 23.520981522279641, -37.472875422362634 ], [ 23.52008666806563, -37.472811298902144 ], [ 23.519190356050444, -37.472747072019573 ], [ 23.518291386538635, -37.472682654480707 ], [ 23.517394981893204, -37.47261842040372 ], [ 23.516498555664214, -37.472554183628532 ], [ 23.515604780636181, -37.472490138409 ], [ 23.514708686257137, -37.472425926815006 ], [ 23.51380930755397, -37.472361479598561 ], [ 23.512912904707008, -37.472297245521389 ], [ 23.512016479377309, -37.472233009645564 ], [ 23.511122573947887, -37.472168954533416 ], [ 23.510226491259829, -37.472104743838798 ], [ 23.50932723306579, -37.472040305615408 ], [ 23.508431834761751, -37.471976142584793 ], [ 23.507536991339464, -37.471912020922858 ], [ 23.50664048237266, -37.471847779651171 ], [ 23.50574157041757, -37.471783365709612 ], [ 23.50484516577194, -37.471719131632454 ], [ 23.50394874044224, -37.471654895756629 ], [ 23.503054758570613, -37.471590835248804 ], [ 23.502158558071187, -37.47152661646011 ], [ 23.501259908718225, -37.471462221404252 ], [ 23.50036308948529, -37.471397956750209 ], [ 23.499466662356951, -37.471333720874298 ], [ 23.498572777611969, -37.47126966756089 ], [ 23.497676373865801, -37.471205433483902 ], [ 23.496777407951299, -37.471141015945037 ], [ 23.495881949392697, -37.471076849317029 ], [ 23.494987198600484, -37.471012733950317 ], [ 23.494090722009588, -37.470948495376575 ], [ 23.493191754296333, -37.470884076938347 ], [ 23.492295348751782, -37.47081984286126 ], [ 23.491398924321174, -37.470755606985364 ], [ 23.490504786866609, -37.47069153478634 ], [ 23.489608504529201, -37.470627310601714 ], [ 23.48871209448771, -37.470563075625265 ], [ 23.487813583630441, -37.470498690462108 ], [ 23.486919426390727, -37.470434617363537 ], [ 23.486022930913776, -37.470370376991141 ], [ 23.485124015361464, -37.470305963049668 ], [ 23.484227609816656, -37.47024172897251 ], [ 23.483331183587666, -37.4701774930966 ], [ 23.482437365392485, -37.47011344427986 ], [ 23.481541233241501, -37.470049229987666 ], [ 23.480641936376514, -37.469984788167338 ], [ 23.479745531731169, -37.469920554090166 ], [ 23.478849108200023, -37.469856318214354 ], [ 23.477954969846451, -37.469792246914437 ], [ 23.4770586020731, -37.469728015535296 ], [ 23.476159857391849, -37.46966361418437 ], [ 23.475265492408795, -37.469599525797335 ], [ 23.474369648041062, -37.469535331290288 ], [ 23.473473273073466, -37.469471099911146 ], [ 23.47257419744156, -37.469406674278403 ], [ 23.471677792796299, -37.469342440201231 ], [ 23.470781366567053, -37.46927820432559 ], [ 23.469887475526832, -37.469214150112819 ], [ 23.468991486368253, -37.469149946612703 ], [ 23.468094085274089, -37.469085640589697 ], [ 23.467195702120364, -37.469021264419624 ], [ 23.466299287582387, -37.46895702944326 ], [ 23.465405581802599, -37.468892988720228 ], [ 23.46450895142732, -37.468828739354663 ], [ 23.463610052062336, -37.468764326312467 ], [ 23.462713884838166, -37.46870010842315 ], [ 23.461819568418491, -37.468636024532785 ], [ 23.460923604441177, -37.46857182193186 ], [ 23.460024379521684, -37.468507385507309 ], [ 23.45912797487631, -37.468443151430222 ], [ 23.458231548647518, -37.468378915554325 ], [ 23.457337698076543, -37.468314864039556 ], [ 23.4564415992009, -37.468250652445391 ], [ 23.455543846471755, -37.468186322140838 ], [ 23.454644965992827, -37.468121909998018 ], [ 23.453749474159082, -37.468057741571357 ], [ 23.452855541750097, -37.46799368466074 ], [ 23.451959222540381, -37.467929456878792 ], [ 23.45106022425, -37.467865036641925 ], [ 23.450163807014349, -37.467800801665561 ], [ 23.44927011292566, -37.467736761841891 ], [ 23.448373719072038, -37.467672528664096 ], [ 23.44747456160178, -37.467608097635406 ], [ 23.446578156956775, -37.467543862658957 ], [ 23.445681730727614, -37.467479626783131 ], [ 23.444787802815227, -37.467415569872429 ], [ 23.443891543859991, -37.467351347486613 ], [ 23.442994499796782, -37.46728706664473 ], [ 23.442097817260816, -37.46722281278241 ], [ 23.441199649944025, -37.467158451900985 ], [ 23.440305627602811, -37.467094388694946 ], [ 23.43940938303686, -37.467030166309058 ], [ 23.438510406330636, -37.46696574787083 ], [ 23.437613989993935, -37.466901512894381 ], [ 23.436720097155074, -37.46683745868151 ], [ 23.435824017165032, -37.466773247986708 ], [ 23.434923603341787, -37.466708727025946 ], [ 23.434028333640924, -37.466644573887862 ], [ 23.433131912807994, -37.466580338012037 ], [ 23.432238026264287, -37.466516284698628 ], [ 23.43134159014258, -37.466452048822731 ], [ 23.430442664697495, -37.466387633982066 ], [ 23.429548019126173, -37.466323525809869 ], [ 23.428651233168154, -37.466259263853843 ], [ 23.427755721549516, -37.466195093628542 ], [ 23.426859620875035, -37.466130882034363 ], [ 23.425960586612177, -37.466066459099636 ], [ 23.425064170275562, -37.466002224123287 ], [ 23.424170388053369, -37.465938178004379 ], [ 23.423274374613129, -37.465873972705623 ], [ 23.42237139142685, -37.465809266484172 ], [ 23.421478531009512, -37.465745286015959 ], [ 23.420582093089536, -37.465681049240771 ], [ 23.419688202048974, -37.465616995927533 ], [ 23.418791947590762, -37.465552772642098 ], [ 23.417892845878214, -37.465488345210886 ], [ 23.416996430441316, -37.465424110234338 ], [ 23.416102659910223, -37.465360065014821 ], [ 23.415206249868561, -37.465295830937649 ], [ 23.414307182331072, -37.46523140530482 ], [ 23.413410778584904, -37.465167171227733 ], [ 23.412514353255119, -37.465102935352093 ], [ 23.411620238283632, -37.465038864951467 ], [ 23.410717399888483, -37.464974171320833 ], [ 23.403173817318049, -37.4643567741455 ], [ 23.400135246444734, -37.464162317336971 ], [ 23.393461772343244, -37.466407730232419 ], [ 23.391255870262512, -37.467146741828429 ], [ 23.38683890579091, -37.468620418597396 ], [ 23.384629637548073, -37.46935448212345 ], [ 23.375782137835472, -37.472281837436711 ], [ 23.373570034929372, -37.473010665109953 ], [ 23.369141897281168, -37.474463550452384 ], [ 23.366927663880801, -37.475187019964864 ], [ 23.349185490518323, -37.480958482148054 ], [ 23.346968294751434, -37.481676540439892 ], [ 23.342528806759447, -37.483108259338536 ], [ 23.340308318574216, -37.483821338084184 ], [ 23.331416073992841, -37.486664651752079 ], [ 23.329192830285308, -37.487372466765692 ], [ 23.324742484778085, -37.488783290816087 ], [ 23.322517191515459, -37.489485727883974 ], [ 23.304686797358215, -37.495088666108813 ], [ 23.303305029503775, -37.495521594345988 ], [ 23.300538069176781, -37.496386207956917 ], [ 23.299154459510987, -37.496817396905115 ], [ 23.293614041255353, -37.498539299149186 ], [ 23.29222916624343, -37.498968523977936 ], [ 23.28945766613856, -37.499825202870653 ], [ 23.288072166997267, -37.500252307997386 ], [ 23.276972470803287, -37.503664233317437 ], [ 23.275032950610466, -37.504258084442952 ], [ 23.27115047481459, -37.505442319807116 ], [ 23.269208796249188, -37.506032312840844 ], [ 23.261434532178129, -37.508385386276501 ], [ 23.259248419679182, -37.509044173849432 ], [ 23.254872730492366, -37.51035708690975 ], [ 23.252635142598024, -37.511025490034243 ], [ 23.251210367364934, -37.511449168744051 ], [ 23.244378544234792, -37.513477354895784 ], [ 23.243650057404466, -37.513693282119178 ], [ 23.242231588217635, -37.514113109931955 ], [ 23.241367226416401, -37.514368496708656 ], [ 23.238002234915484, -37.515360974129521 ], [ 23.237196280484113, -37.515598291727457 ], [ 23.235601956965127, -37.516066989599793 ], [ 23.234805797050086, -37.516300669440241 ], [ 23.21758964794401, -37.521344219460005 ], [ 23.215551630403866, -37.521938446501977 ], [ 23.211269735110591, -37.523181763727237 ], [ 23.209128255065309, -37.523800881305334 ], [ 23.200553162698725, -37.526269022996885 ], [ 23.198409403771279, -37.526883312114947 ], [ 23.194118530546007, -37.528107466586079 ], [ 23.191973161832237, -37.528716834614116 ], [ 23.174784711845348, -37.533576341974452 ], [ 23.172636148739684, -37.534180948991349 ], [ 23.168334534011706, -37.535386048627075 ], [ 23.166183230671891, -37.535986050215925 ], [ 23.157568962038283, -37.538377638916785 ], [ 23.155405543931124, -37.538975513608932 ], [ 23.151075396412807, -37.540166760987006 ], [ 23.148892399165135, -37.540764565532072 ], [ 23.143810788037854, -37.542149646488852 ], [ 23.143186825811625, -37.542323654512842 ], [ 23.134479247119657, -37.544740711114812 ], [ 23.132302389543952, -37.545342172303222 ], [ 23.12794532351802, -37.546540538714751 ], [ 23.125766876840117, -37.547136959203129 ], [ 23.108456254852541, -37.551853412304894 ], [ 23.106293277412988, -37.552439901579902 ], [ 23.101962878983898, -37.553608702779187 ], [ 23.099797216168952, -37.554190538062613 ], [ 23.091125602265208, -37.556509335637102 ], [ 23.08895779007031, -37.5570862750115 ], [ 23.084618925423456, -37.558235643659856 ], [ 23.08244963564249, -37.558807606185908 ], [ 23.065070196632689, -37.563367304757065 ], [ 23.062898663942406, -37.563934206798109 ], [ 23.058551213468036, -37.565063794858091 ], [ 23.056377061052956, -37.565626020424361 ], [ 23.047671616452305, -37.567866295492848 ], [ 23.045495387502456, -37.568423605364956 ], [ 23.041139753197399, -37.569533685331137 ], [ 23.038962119506436, -37.570086004864976 ], [ 23.021516162141552, -37.574488335568063 ], [ 23.019336360185008, -37.57503557483183 ], [ 23.014972432332343, -37.576125797767148 ], [ 23.012790078999274, -37.57666833717397 ], [ 23.004051956632964, -37.578829788463651 ], [ 23.001867597811668, -37.579367393290354 ], [ 22.997495772112529, -37.580438035287003 ], [ 22.995310080496211, -37.580970638983615 ], [ 22.977799916033661, -37.585215008265791 ], [ 22.975612133493541, -37.58574251190727 ], [ 22.971232307425396, -37.58679322312868 ], [ 22.969042041856937, -37.587316002631297 ], [ 22.960272399152217, -37.589398338762194 ], [ 22.958080200940969, -37.589916167496852 ], [ 22.953692762111501, -37.590947227632256 ], [ 22.951499303950072, -37.591460042646617 ], [ 22.933927255339029, -37.595545880337824 ], [ 22.931731782695977, -37.59605357641135 ], [ 22.92733663847514, -37.597064633825681 ], [ 22.925138752052135, -37.597567584176559 ], [ 22.916338752731349, -37.599570525459256 ], [ 22.914139006510254, -37.600068507055838 ], [ 22.90973653731146, -37.601059846834374 ], [ 22.907535603985025, -37.601552803019132 ], [ 22.889904004066722, -37.605479558734558 ], [ 22.887701132701579, -37.605967378891279 ], [ 22.883291254887922, -37.606938648499664 ], [ 22.881086038989849, -37.607421701350361 ], [ 22.87225685397101, -37.609344977088853 ], [ 22.87004985201952, -37.609823044098121 ], [ 22.865632937909936, -37.610774529520839 ], [ 22.863424821698459, -37.611247562125214 ], [ 22.845736015005286, -37.61501470616362 ], [ 22.84352603899589, -37.615482584753266 ], [ 22.839102013947013, -37.616413934355506 ], [ 22.836889762652703, -37.616877024954618 ], [ 22.828032565550728, -37.618720376144353 ], [ 22.825818601047956, -37.619178465613459 ], [ 22.821387830184506, -37.620089968077366 ], [ 22.819172825165992, -37.620543012350041 ], [ 22.801429167922151, -37.624150037494033 ], [ 22.799212380447244, -37.624597911564052 ], [ 22.794774799017887, -37.625489215254817 ], [ 22.792555805506368, -37.625932280650119 ], [ 22.783671778030566, -37.627695459077998 ], [ 22.781451145953952, -37.628133508954107 ], [ 22.777007109191175, -37.629004906151266 ], [ 22.774785509444087, -37.629437900938314 ], [ 22.75698936776547, -37.632884320654767 ], [ 22.754766065601785, -37.633312129950667 ], [ 22.750315517747254, -37.634163267220927 ], [ 22.748090079693696, -37.634586248056792 ], [ 22.739180405351817, -37.636269016301995 ], [ 22.73695340247798, -37.636686966330359 ], [ 22.732496692468686, -37.637518140449757 ], [ 22.730268795668735, -37.637931028194274 ], [ 22.712422544665174, -37.641216377533695 ], [ 22.710193023689158, -37.641624063599579 ], [ 22.705730103861413, -37.642434920235203 ], [ 22.703498518042522, -37.642837759854643 ], [ 22.6945643875369, -37.644439889489107 ], [ 22.692331311541238, -37.644837684811208 ], [ 22.687862522737447, -37.645628523437438 ], [ 22.685628626560231, -37.646021247482466 ], [ 22.667734651233332, -37.649145083078963 ], [ 22.665499210020926, -37.649532591056143 ], [ 22.66102451536949, -37.650303058239345 ], [ 22.65878707946041, -37.65068570088421 ], [ 22.649829687990177, -37.652206976970291 ], [ 22.647590836548062, -37.652584562727171 ], [ 22.643110566999383, -37.653334959740405 ], [ 22.640870970918968, -37.653707467925159 ], [ 22.62293166346592, -37.656669366198201 ], [ 22.620690600591104, -37.657036645724546 ], [ 22.61620473006468, -37.65776661733544 ], [ 22.613961743539903, -37.658129013543061 ], [ 22.604982289001839, -37.659569229236425 ], [ 22.602737962487254, -37.659926555066335 ], [ 22.598246812940317, -37.660636408843075 ], [ 22.595976177658741, -37.660992642896076 ], [ 22.593098187931503, -37.661440702226514 ], [ 22.589734513037683, -37.66202777516159 ], [ 22.5886340261398, -37.662219379320703 ], [ 22.586799216710801, -37.662538128731484 ], [ 22.585698441130603, -37.662728934292787 ], [ 22.582392864239637, -37.663300618028785 ], [ 22.581291356611047, -37.663490686146019 ], [ 22.579454777316357, -37.663806885079467 ], [ 22.578353088924302, -37.663996135712935 ], [ 22.574874175802819, -37.664592416806499 ], [ 22.574126139510156, -37.664720324682975 ], [ 22.572629464378338, -37.664975660198365 ], [ 22.571881252717986, -37.665103014991843 ], [ 22.568886834959869, -37.66561151955581 ], [ 22.568138555849998, -37.665738294286783 ], [ 22.566641440950207, -37.665991356315899 ], [ 22.565893213101731, -37.666117541990872 ], [ 22.559901418815571, -37.667125577683038 ], [ 22.559152994015847, -37.667251184194711 ], [ 22.557655181241671, -37.667501976334918 ], [ 22.556906403008384, -37.667627060340479 ], [ 22.55390935473315, -37.66812653661016 ], [ 22.553160269831039, -37.668251080123085 ], [ 22.551661543345631, -37.668499678816801 ], [ 22.550912209331329, -37.66862368183736 ], [ 22.549378363420971, -37.668876914737524 ], [ 22.54825322160923, -37.669062021295161 ], [ 22.546002395694245, -37.669431012231271 ], [ 22.544877119883495, -37.669614830959432 ], [ 22.540373912226414, -37.670347782923528 ], [ 22.539248547382613, -37.67053028414513 ], [ 22.536996878803109, -37.670894130959056 ], [ 22.535871489677675, -37.671075328163752 ], [ 22.526859456299178, -37.672520837266745 ], [ 22.525733904396475, -37.672700685488138 ], [ 22.523481256455227, -37.673059322529525 ], [ 22.513677822374007, -37.674532657556043 ], [ 22.511516349500255, -37.674884473239743 ], [ 22.502922124056937, -37.676246471297546 ], [ 22.502075513074828, -37.676380469383062 ], [ 22.500540505240565, -37.676623151436985 ], [ 22.499691504759539, -37.676757226864453 ], [ 22.496788574133689, -37.677215136469172 ], [ 22.495939070032335, -37.677348984368066 ], [ 22.494486093858541, -37.677577664877177 ], [ 22.491809197936277, -37.677995324424572 ], [ 22.491124230199262, -37.678101268158713 ], [ 22.486905122873452, -37.678744848195976 ], [ 22.48341698900316, -37.679269429939978 ], [ 22.481588311151881, -37.679543767230896 ], [ 22.478287357675811, -37.680037720764091 ], [ 22.476450053527344, -37.680311953733579 ], [ 22.475479736301054, -37.680456445108703 ], [ 22.468271212346849, -37.681503512277146 ], [ 22.462978088768125, -37.682253098101938 ], [ 22.461152761790913, -37.682510892363695 ], [ 22.457846138988316, -37.6829766521507 ], [ 22.456192727312839, -37.683208953330407 ], [ 22.455712438978139, -37.68327630985371 ], [ 22.4519934707223, -37.683935915809698 ], [ 22.449636782911625, -37.684274488077065 ], [ 22.448307248580988, -37.684464596663716 ], [ 22.445042818371633, -37.684929154056903 ], [ 22.444260100623438, -37.685040223927004 ], [ 22.442660829933686, -37.685266525729446 ], [ 22.441936884679706, -37.685368665331467 ], [ 22.433357789430488, -37.686575622067011 ], [ 22.432286307467507, -37.686725750392867 ], [ 22.430141925310068, -37.687025036675905 ], [ 22.429069896558872, -37.687174074123988 ], [ 22.424778934300832, -37.687768240012204 ], [ 22.423704028618488, -37.687916484258068 ], [ 22.421553380884291, -37.688211915147591 ], [ 22.420473544219135, -37.688359659370576 ], [ 22.409077877542273, -37.689912058294752 ], [ 22.406688326704966, -37.690236339435359 ], [ 22.402472974948068, -37.69080639270075 ], [ 22.401407223465014, -37.690950104363665 ], [ 22.399679352420549, -37.691182474791276 ], [ 22.398645329018791, -37.691321168237167 ], [ 22.395541550102706, -37.691736368138734 ], [ 22.394507123804999, -37.691874375401952 ], [ 22.392782363515664, -37.692103876092943 ], [ 22.39174717819003, -37.692241255629398 ], [ 22.389246257109221, -37.692572292477024 ], [ 22.384010787268267, -37.693265824458109 ], [ 22.381646611702195, -37.693576170603606 ], [ 22.376917097746173, -37.694191363540284 ], [ 22.374552400572981, -37.694496130292023 ], [ 22.365088695287341, -37.695704338883871 ], [ 22.362723451326474, -37.696003434510629 ], [ 22.357990564013733, -37.696596290086546 ], [ 22.355624842512725, -37.696889809916584 ], [ 22.336679168509249, -37.699216709483395 ], [ 22.334312075542186, -37.699504471853771 ], [ 22.329574246454655, -37.700074803908947 ], [ 22.327205434883126, -37.700357141568603 ], [ 22.317722912183001, -37.701475893697321 ], [ 22.315352027674209, -37.701752744593222 ], [ 22.310607939305129, -37.702301083727846 ], [ 22.308234639217631, -37.702572578261723 ], [ 22.301323720713413, -37.703354876925886 ], [ 22.29956045954799, -37.703555310628943 ], [ 22.298543690539077, -37.70367055515193 ], [ 22.296851970442447, -37.703861723139951 ], [ 22.295837345417567, -37.703976032367805 ], [ 22.292783975300381, -37.704318965447783 ], [ 22.291707312342737, -37.704439494386889 ], [ 22.291138560396575, -37.704502991919355 ], [ 22.284169560077544, -37.70528779429614 ], [ 22.28322086525111, -37.705394157114512 ], [ 22.281327121449863, -37.705605576036433 ], [ 22.280380428514263, -37.705710817400146 ], [ 22.276563105003731, -37.706133342279855 ], [ 22.275609207599018, -37.706238464033646 ], [ 22.273700736500103, -37.706447872071493 ], [ 22.272746938020873, -37.706552073819068 ], [ 22.265115761483514, -37.707381953813936 ], [ 22.264162565550151, -37.707485135730366 ], [ 22.262254983880638, -37.707690721649413 ], [ 22.261301373359856, -37.707793041115821 ], [ 22.257484548073705, -37.708200730778827 ], [ 22.256530550844673, -37.708302169809158 ], [ 22.254621886391249, -37.708504211499999 ], [ 22.253667540225251, -37.708604779986516 ], [ 22.252741858150614, -37.708701891478967 ], [ 22.250354922541987, -37.708945555592734 ], [ 22.245134093663523, -37.709511936026843 ], [ 22.242586684828098, -37.709784977394591 ], [ 22.232402082090744, -37.710863445291707 ], [ 22.229856069901956, -37.711129764226968 ], [ 22.224761599368776, -37.711656202171753 ], [ 22.222213878467869, -37.711916242940049 ], [ 22.221303421915763, -37.712008034043393 ], [ 22.220412213553004, -37.712097884409744 ], [ 22.219521828070242, -37.712187652937558 ], [ 22.218630558553741, -37.712277510498495 ], [ 22.217739122662607, -37.712367384247301 ], [ 22.216844604795085, -37.71245756916133 ], [ 22.215952883819, -37.712547471688254 ], [ 22.215062972278815, -37.712637191652874 ], [ 22.214171338536858, -37.71272708608592 ], [ 22.213277320692214, -37.712817220638016 ], [ 22.212385454925197, -37.712907136654863 ], [ 22.211493660204724, -37.712997047275678 ], [ 22.210604789180024, -37.713086662919039 ], [ 22.209714794902197, -37.713176391876814 ], [ 22.208818240969322, -37.71326678183641 ], [ 22.207926749320308, -37.713356660980892 ], [ 22.207036625540013, -37.713446402529229 ], [ 22.206145080831277, -37.713536287969205 ], [ 22.205251589989075, -37.713626369461252 ], [ 22.204341983296274, -37.713718074229647 ], [ 22.201248967465972, -37.714025226882555 ], [ 22.195061352999119, -37.714630188232292 ], [ 22.192672105233896, -37.714860088222352 ], [ 22.188073050531216, -37.715335946496651 ], [ 22.186582473702401, -37.715489050679054 ], [ 22.183600151825857, -37.715793167220681 ], [ 22.182109619063908, -37.715944058171615 ], [ 22.170174144221846, -37.717143015437628 ], [ 22.168683216657428, -37.717291622110451 ], [ 22.165699395611, -37.717586823672846 ], [ 22.164207714414744, -37.717733297153842 ], [ 22.161794805486352, -37.717968412312203 ], [ 22.160096824309448, -37.718148894555583 ], [ 22.157328655293668, -37.718439304530051 ], [ 22.151830200303948, -37.719008575385388 ], [ 22.149080392746384, -37.719289511001932 ], [ 22.148175473319611, -37.719380743626232 ], [ 22.147283451970111, -37.71947067673014 ], [ 22.146392445954916, -37.719560508210705 ], [ 22.145499752811617, -37.719650508763849 ], [ 22.144607695489185, -37.719740444565588 ], [ 22.143718020470573, -37.719830141147924 ], [ 22.142826756349933, -37.719919998708875 ], [ 22.141934004750965, -37.72001000465788 ], [ 22.141040522902188, -37.72010008525055 ], [ 22.140148854086618, -37.720189982381626 ], [ 22.139261037966776, -37.720279491904876 ], [ 22.138368859235726, -37.720369440297262 ], [ 22.137473222611561, -37.720459738525975 ], [ 22.136581611352426, -37.720549629361813 ], [ 22.135692397686171, -37.720639279179252 ], [ 22.134799767495508, -37.720729274336364 ], [ 22.13390670652953, -37.720819311761602 ], [ 22.133014339840372, -37.720909279939136 ], [ 22.13212244619433, -37.72099919955312 ], [ 22.131232438426565, -37.721088929410442 ], [ 22.130341811026028, -37.721178722220159 ], [ 22.12944675986023, -37.7212689610936 ], [ 22.128555268211272, -37.721358840238082 ], [ 22.127668992630191, -37.721448194178677 ], [ 22.126773985531258, -37.721538427656085 ], [ 22.125884094675399, -37.721628146721415 ], [ 22.124987872592556, -37.721718503406123 ], [ 22.124096148019248, -37.721808405932975 ], [ 22.123206153741421, -37.721898133991559 ], [ 22.12231324296215, -37.721988157027695 ], [ 22.121420703602837, -37.722078142292361 ], [ 22.120528693944266, -37.72216807359743 ], [ 22.119638629519613, -37.722257809749891 ], [ 22.118743217725751, -37.722348084596334 ], [ 22.117853368238485, -37.722437799164908 ], [ 22.11696151686067, -37.722527715181755 ], [ 22.116069728435264, -37.722617624004016 ], [ 22.115183250506959, -37.722706998628965 ], [ 22.114288151677243, -37.722797241999075 ], [ 22.113394095161823, -37.722887380148194 ], [ 22.112502572935568, -37.722977261990962 ], [ 22.111614355718359, -37.723066811983713 ], [ 22.11072009325801, -37.723156970817357 ], [ 22.10982709704308, -37.723247002846747 ], [ 22.108935261853219, -37.723336916165493 ], [ 22.108043822364948, -37.723426790813576 ], [ 22.107153767832472, -37.723516525167298 ], [ 22.106260685282678, -37.723606565290567 ], [ 22.105367984944849, -37.723696567642264 ], [ 22.104476271163378, -37.723786468370648 ], [ 22.103587280528927, -37.723876096604457 ], [ 22.1026981873718, -37.723965733831335 ], [ 22.1018005650443, -37.724056231709511 ], [ 22.100908950188227, -37.724146123444726 ], [ 22.100019760803605, -37.724235771463512 ], [ 22.099128179222419, -37.724325659601419 ], [ 22.098235487877673, -37.724415661053754 ], [ 22.097341696662056, -37.724505772223395 ], [ 22.096449941511878, -37.724595677448434 ], [ 22.095561851998127, -37.724685214850552 ], [ 22.094666805329013, -37.724775452824701 ], [ 22.093774288453119, -37.724865436290713 ], [ 22.092882773421564, -37.724955317233935 ], [ 22.091993534574186, -37.725044969749391 ], [ 22.091099607560977, -37.725135095308318 ], [ 22.090209033220589, -37.725224882722003 ], [ 22.089315261790375, -37.725314992092905 ], [ 22.088423590276676, -37.725404889224151 ], [ 22.087534408086754, -37.725494536343575 ], [ 22.086641973948076, -37.725584511715695 ], [ 22.085747858077411, -37.725674655260946 ], [ 22.08485640689787, -37.725764530808306 ], [ 22.083970843579806, -37.72585381280291 ], [ 22.083076699830201, -37.725943959945724 ], [ 22.082184194645151, -37.726033941612826 ], [ 22.081288772958743, -37.726124218257908 ], [ 22.080397333470387, -37.726214091107252 ], [ 22.079507029825891, -37.726303851541189 ], [ 22.078618673213441, -37.726393415023864 ], [ 22.077721540117182, -37.726483863439455 ], [ 22.076830146494444, -37.726573732691406 ], [ 22.076109717589645, -37.726575843400354 ], [ 22.075277364459225, -37.726791745442554 ], [ 22.07466373004732, -37.727124571941275 ], [ 22.07385304608124, -37.727474193279107 ], [ 22.073040341339151, -37.727824686060131 ], [ 22.07222957733336, -37.728174341572497 ], [ 22.071420579596293, -37.728523235358892 ], [ 22.07060918156867, -37.728873165164288 ], [ 22.069797850090936, -37.729223066191366 ], [ 22.068988008789717, -37.729572324203133 ], [ 22.068176444387547, -37.729922325954448 ], [ 22.067365549980195, -37.730272038123886 ], [ 22.066554526070831, -37.730621807849872 ], [ 22.065740569472098, -37.730972840224155 ], [ 22.064930499743014, -37.731322196262028 ], [ 22.064120063090911, -37.731671712379324 ], [ 22.063309222642715, -37.732021402065953 ], [ 22.062499135826698, -37.73237076709708 ], [ 22.061687734201769, -37.732720698701215 ], [ 22.060877701345248, -37.733070040349972 ], [ 22.060066922050964, -37.733419703956045 ], [ 22.059253941216753, -37.733770317246098 ], [ 22.058443348981825, -37.734119899913267 ], [ 22.05794392936923, -37.73433528394601 ], [ 22.055320681604258, -37.735493985758552 ], [ 22.054359166043128, -37.73591618148626 ], [ 22.036095193438882, -37.744341739079914 ], [ 22.033478686092906, -37.745543370030219 ], [ 22.028237158418165, -37.747940281818472 ], [ 22.025614266785311, -37.749134587790891 ], [ 22.015105462946963, -37.753898791295939 ], [ 22.012476591721736, -37.755085390977825 ], [ 22.007211818370934, -37.757451544153255 ], [ 22.004577710393335, -37.758630293653042 ], [ 21.988576439251631, -37.765758682616948 ], [ 21.986576398282523, -37.766646592266142 ], [ 21.98257096357932, -37.768418941980499 ], [ 21.980567197618257, -37.769302661688315 ], [ 21.972541292446863, -37.772830425083853 ], [ 21.970534264645039, -37.773709639188397 ], [ 21.966515968737212, -37.775464095990998 ], [ 21.96450633469999, -37.776338628224906 ], [ 21.948400633382846, -37.783322756939384 ], [ 21.946387583720423, -37.784192635181711 ], [ 21.942356181992409, -37.785928875317282 ], [ 21.940339467592764, -37.786794530343073 ], [ 21.932261869390004, -37.790249938783518 ], [ 21.930241957001101, -37.791111058528458 ], [ 21.926197949476148, -37.792829290639091 ], [ 21.924175497401535, -37.793685706030232 ], [ 21.907967433450665, -37.800524644596535 ], [ 21.905941634099463, -37.801376375419196 ], [ 21.901884782457103, -37.80307627305146 ], [ 21.899855377723952, -37.803923747382967 ], [ 21.891727124307749, -37.807306340415039 ], [ 21.889694587235851, -37.8081492515864 ], [ 21.885625387901655, -37.809831029678122 ], [ 21.883590378593567, -37.810669214012947 ], [ 21.867282035737503, -37.817362048719474 ], [ 21.865243746602061, -37.818195518807983 ], [ 21.861161967551141, -37.819858847307799 ], [ 21.859120134187151, -37.820688029428908 ], [ 21.850942271469023, -37.823997353794738 ], [ 21.848897372316173, -37.824821944876732 ], [ 21.844803505477842, -37.82646704411863 ], [ 21.842756201537782, -37.827286884981646 ], [ 21.82634968239239, -37.833832722801688 ], [ 21.824299166973333, -37.834647820640342 ], [ 21.820192986617428, -37.836274357875112 ], [ 21.818138989023453, -37.837085136269835 ], [ 21.80991257280732, -37.840320751301391 ], [ 21.807855575075166, -37.841126910778158 ], [ 21.803737568634347, -37.842735110836614 ], [ 21.801678233563962, -37.843536499409723 ], [ 21.785175658729941, -37.84993446530315 ], [ 21.783113182327753, -37.850731082073665 ], [ 21.778983131266955, -37.852320611306965 ], [ 21.776917234743053, -37.853112877157315 ], [ 21.768643329826205, -37.85627435028087 ], [ 21.766574498814464, -37.857061971132879 ], [ 21.762432886968355, -37.858633057069781 ], [ 21.76036178876592, -37.859415886333949 ], [ 21.743765295032659, -37.865665124145977 ], [ 21.741691124746012, -37.866443152828964 ], [ 21.737537738975846, -37.867995461820982 ], [ 21.735460210620545, -37.868769109007019 ], [ 21.727139888994998, -37.871856016641601 ], [ 21.7250594945003, -37.872624993648472 ], [ 21.720894814144685, -37.87415875592157 ], [ 21.718812220807706, -37.874922920656175 ], [ 21.702123962051473, -37.881022594017423 ], [ 21.700038367676939, -37.881781931191085 ], [ 21.695862186790862, -37.883296811298493 ], [ 21.693773296400678, -37.884051736398433 ], [ 21.685407640850258, -37.887063666654754 ], [ 21.683315951769828, -37.887813895494688 ], [ 21.679128744296463, -37.88931012815965 ], [ 21.677034926520946, -37.890055525841717 ], [ 21.660257074604715, -37.896004819067073 ], [ 21.658160326838015, -37.896745362208463 ], [ 21.653961894026565, -37.898222610185115 ], [ 21.65186191499572, -37.89895871337383 ], [ 21.643452012800537, -37.901895260657483 ], [ 21.641349303428058, -37.902626642405437 ], [ 21.637140113825239, -37.904085145812559 ], [ 21.635035344106115, -37.904811676617413 ], [ 21.61817008708033, -37.910609791108783 ], [ 21.616062459315117, -37.911331442192207 ], [ 21.61184232226563, -37.912770860186782 ], [ 21.609731527088741, -37.913488041639667 ], [ 21.601278477220319, -37.916348812947163 ], [ 21.599165020949187, -37.91706124867757 ], [ 21.594934399603119, -37.918481826774681 ], [ 21.592818953132507, -37.919189393575564 ], [ 21.575868492537012, -37.924835552318783 ], [ 21.573750260866234, -37.925538213317765 ], [ 21.569508971762048, -37.926939608875585 ], [ 21.567387636530412, -37.927637772365088 ], [ 21.558892544255968, -37.930422384585285 ], [ 21.556768617178193, -37.931115778969769 ], [ 21.552517116272213, -37.93249824110076 ], [ 21.550391270041416, -37.933186748569483 ], [ 21.533357825403556, -37.938680193436042 ], [ 21.531229266817434, -37.939363770821231 ], [ 21.526967379641292, -37.940726955084827 ], [ 21.524835783144908, -37.941406007980703 ], [ 21.516299760925619, -37.944114086995427 ], [ 21.514165641831198, -37.944788345605531 ], [ 21.509893819844308, -37.946132506509713 ], [ 21.507757851743861, -37.946801862915564 ], [ 21.490643656080124, -37.95214185646131 ], [ 21.489300268592729, -37.952559834368714 ], [ 21.48661022907902, -37.953394643547824 ], [ 21.485265099604987, -37.953811000876797 ], [ 21.479878863818897, -37.955473792481385 ], [ 21.478532545440771, -37.955888315193278 ], [ 21.475838238644087, -37.95671571305958 ], [ 21.474491345599517, -37.957128251867147 ], [ 21.463701095329611, -37.960424073811751 ], [ 21.461787381183171, -37.961006360554919 ], [ 21.457956617304433, -37.962167601153809 ], [ 21.456040818529345, -37.962746175495312 ], [ 21.448370266075159, -37.965053844859 ], [ 21.446219721763129, -37.965698063414735 ], [ 21.44191527147288, -37.966982049781564 ], [ 21.439715277938149, -37.967635447717498 ], [ 21.438346985525271, -37.968040034719721 ], [ 21.431507154831621, -37.970059280711112 ], [ 21.430760021458298, -37.970279494103252 ], [ 21.429293214610595, -37.970711185772331 ], [ 21.428437919774296, -37.970962477935942 ], [ 21.425101801007543, -37.971940956509755 ], [ 21.424296417645678, -37.972176787528468 ], [ 21.422695611813083, -37.972644778533606 ], [ 21.421896221533871, -37.97287810494052 ], [ 21.404463084903682, -37.977956853525853 ], [ 21.402469425523691, -37.978534848704228 ], [ 21.398149117488032, -37.979782321696689 ], [ 21.395988420729168, -37.980403502319547 ], [ 21.387336359885325, -37.98287983953287 ], [ 21.385173352768334, -37.983496162018184 ], [ 21.380843945391916, -37.984724354445234 ], [ 21.378679304206685, -37.985335726162674 ], [ 21.361336402853169, -37.990211142530086 ], [ 21.359169346988097, -37.990817491533804 ], [ 21.354830699077667, -37.992026052660009 ], [ 21.352660870603074, -37.992627771953948 ], [ 21.343972404303486, -37.995026181113147 ], [ 21.341800336516627, -37.995623021585033 ], [ 21.33745287255249, -37.996812221206824 ], [ 21.335279242643367, -37.997404097420997 ], [ 21.317864668919498, -38.002123314139482 ], [ 21.312830042872434, -38.003473072424256 ], [ 21.302747239793746, -38.006147458338233 ], [ 21.297701611440573, -38.007471410576912 ], [ 21.2774889950214, -38.012716669538491 ], [ 21.272311820134632, -38.01404488906033 ], [ 21.261943460722534, -38.016674909619169 ], [ 21.256754055955298, -38.017976252901633 ], [ 21.230928831800384, -38.024375942795217 ], [ 21.227232056114644, -38.025293280960028 ], [ 21.226237429313983, -38.025539721280978 ], [ 21.219113952447202, -38.02730191135403 ], [ 21.216463950751177, -38.027953542122049 ], [ 21.211160172904044, -38.029249963414856 ], [ 21.210104701571055, -38.029506409592926 ], [ 21.207802838230748, -38.030084303147888 ], [ 21.202439027039816, -38.031415061455789 ], [ 21.191722868316049, -38.034041910105955 ], [ 21.186360406108065, -38.035340554522747 ], [ 21.165424821099009, -38.040347773730645 ], [ 21.162808533187444, -38.04096956049672 ], [ 21.157570459809108, -38.042206935901078 ], [ 21.154950802138075, -38.04282201912072 ], [ 21.144461104396697, -38.045269671557904 ], [ 21.141838179488673, -38.045877884856296 ], [ 21.136588302508443, -38.047087749100186 ], [ 21.133962387354501, -38.047689159926577 ], [ 21.129151067468172, -38.048784244596987 ], [ 21.128046275515658, -38.049035025945557 ], [ 21.125835587242875, -38.049535516650536 ], [ 21.124730315951751, -38.049785083914358 ], [ 21.120306454579691, -38.050781286327108 ], [ 21.119200854136579, -38.051029581949393 ], [ 21.116988605540087, -38.0515250868132 ], [ 21.115882856708737, -38.051772095505626 ], [ 21.107027098522082, -38.053744769205665 ], [ 21.105921028632793, -38.053990457693175 ], [ 21.103707244893712, -38.054480879588624 ], [ 21.102600431265046, -38.054725413347015 ], [ 21.098169868145192, -38.055701591455062 ], [ 21.097062799109125, -38.055944838283509 ], [ 21.094847622320003, -38.056430241962005 ], [ 21.093740817684761, -38.056672113726762 ], [ 21.078917249231949, -38.059901815715904 ], [ 21.078307031344707, -38.060034527771023 ], [ 21.077084456082986, -38.060300016632311 ], [ 21.076473267827424, -38.060432538930257 ], [ 21.074025572222808, -38.060962450956154 ], [ 21.073413910923591, -38.061094667484639 ], [ 21.072190125174586, -38.061358800168279 ], [ 21.071578498049462, -38.061490608404782 ], [ 21.066678922294841, -38.06254479910298 ], [ 21.066066906662797, -38.06267626829505 ], [ 21.0648420812974, -38.062938977351862 ], [ 21.064229768889163, -38.063070109297968 ], [ 21.061778921160482, -38.063594164039344 ], [ 21.061166321868654, -38.063724948847224 ], [ 21.059940660133549, -38.063986217190092 ], [ 21.059327791044893, -38.064116658456854 ], [ 21.058750272507382, -38.064239388936329 ], [ 21.058172754869133, -38.064362118516868 ], [ 21.057673172479099, -38.064468153981991 ], [ 21.056673866505918, -38.064679989289772 ], [ 21.05617430570004, -38.064785753159882 ], [ 21.054175288159399, -38.065208433622246 ], [ 21.053675759728776, -38.065313920500856 ], [ 21.052676345836858, -38.06552470270276 ], [ 21.05217686686899, -38.065629912590239 ], [ 21.048177356000622, -38.066471247250036 ], [ 21.047677805986382, -38.06657619183764 ], [ 21.046678079130515, -38.066785947013628 ], [ 21.046178307882826, -38.066890673065899 ], [ 21.044177964741664, -38.067309295787268 ], [ 21.043678029817443, -38.067413784418449 ], [ 21.042677805636458, -38.067622570125394 ], [ 21.042177770887662, -38.067726813241748 ], [ 21.040401596356901, -38.068096618064331 ], [ 21.039287278785082, -38.068327964164126 ], [ 21.037057985338095, -38.068789473755118 ], [ 21.035943431244533, -38.069019550011916 ], [ 21.031482909009412, -38.06993764360729 ], [ 21.030368166058224, -38.070166416746645 ], [ 21.028137662123868, -38.070622852362447 ], [ 21.027022807656806, -38.070850330478166 ], [ 21.01809470710532, -38.072666490665739 ], [ 21.016979608922128, -38.072892630590303 ], [ 21.014747794675372, -38.07334392298344 ], [ 21.013631985128484, -38.073568891990604 ], [ 21.009165490495121, -38.074466740947031 ], [ 21.00804943723216, -38.074690419427128 ], [ 21.005816320766826, -38.075136663026356 ], [ 21.004700519313815, -38.075358977234899 ], [ 20.990529080752765, -38.078173377699045 ], [ 20.989533634669783, -38.078370491105005 ], [ 20.987540505889825, -38.078764114472236 ], [ 20.986544051667124, -38.078960382515561 ], [ 20.982554584426907, -38.079744042753163 ], [ 20.981557593308366, -38.079939352119254 ], [ 20.979562755816829, -38.080329093112965 ], [ 20.978565719732273, -38.080523367359334 ], [ 20.970579671614985, -38.082075050423072 ], [ 20.969577089411587, -38.082269295891223 ], [ 20.967570530156308, -38.082657001719113 ], [ 20.96635656680246, -38.082890812860583 ], [ 20.960200576995305, -38.084088413049557 ], [ 20.957347958941455, -38.084639313453422 ], [ 20.951650202495159, -38.085731150671933 ], [ 20.948800833691848, -38.086272915762407 ], [ 20.937408740920773, -38.08842168301409 ], [ 20.934560962118923, -38.088954521433791 ], [ 20.928861422317027, -38.090012481190925 ], [ 20.926011975272843, -38.090537175350249 ], [ 20.903205610650787, -38.094701112865749 ], [ 20.900355998131147, -38.095216948703083 ], [ 20.894651324099414, -38.096241174890224 ], [ 20.891798579241396, -38.096749148853917 ], [ 20.880376681139296, -38.098765829079497 ], [ 20.877521305764049, -38.099265695655177 ], [ 20.871806720304278, -38.100257681146971 ], [ 20.868949373615067, -38.100749476307129 ], [ 20.852857403146913, -38.103494730597234 ], [ 20.850847171060451, -38.103835482821182 ], [ 20.846823430657082, -38.104513387282822 ], [ 20.844811555509182, -38.10485026342873 ], [ 20.836757471879991, -38.106190411558003 ], [ 20.834744474378255, -38.10652324794934 ], [ 20.830716315605741, -38.107185127391531 ], [ 20.828702791101364, -38.107513901545204 ], [ 20.812574882824947, -38.110129827029795 ], [ 20.810560191899555, -38.110454423832294 ], [ 20.806527579684399, -38.111099991371276 ], [ 20.804511296059786, -38.111420698606267 ], [ 20.796439678348861, -38.112696118930643 ], [ 20.794422326329652, -38.113012778316914 ], [ 20.790385507984979, -38.113642284863445 ], [ 20.788367682023193, -38.113954878414759 ], [ 20.772205563536119, -38.116441193606079 ], [ 20.77104926830944, -38.116618322277546 ], [ 20.768734162452006, -38.116971607453507 ], [ 20.767576758361031, -38.117147547221421 ], [ 20.76294303119596, -38.117849166805541 ], [ 20.761785056935025, -38.118023810650257 ], [ 20.759468156930211, -38.118371883355579 ], [ 20.758310173676023, -38.118545171022646 ], [ 20.749035210906499, -38.119927404725871 ], [ 20.747573108412467, -38.120144177311801 ], [ 20.744647140753386, -38.120575819518223 ], [ 20.743184300815301, -38.120790538951923 ], [ 20.737329068582028, -38.121645580179248 ], [ 20.735173443100166, -38.121958006456637 ], [ 20.730864587031419, -38.122577829103435 ], [ 20.728582762385031, -38.122903444837817 ], [ 20.725416889777961, -38.123351595899322 ], [ 20.724653816820592, -38.123459315794463 ], [ 20.7230353105316, -38.123687160833654 ], [ 20.722381614020719, -38.123778912366689 ], [ 20.713885429069592, -38.124968286457104 ], [ 20.712824452986325, -38.125116215940437 ], [ 20.710701099676442, -38.125411136914209 ], [ 20.709639585798584, -38.125558009694274 ], [ 20.705390716308727, -38.126143582560204 ], [ 20.704329313047538, -38.126289288020089 ], [ 20.702205684544907, -38.126579680907426 ], [ 20.701145058298152, -38.126724150698934 ], [ 20.681760342466077, -38.129352778208016 ], [ 20.679338797347782, -38.129678052200191 ], [ 20.674491831932812, -38.130323244721822 ], [ 20.672068381151234, -38.130642898850596 ], [ 20.662366824969382, -38.131910573314215 ], [ 20.659942104345077, -38.132224416023817 ], [ 20.655090143195878, -38.132846554424873 ], [ 20.652664874884181, -38.133154599205142 ], [ 20.633239515091645, -38.135597172271531 ], [ 20.630812943662704, -38.135899205084058 ], [ 20.625956011061277, -38.136497876575646 ], [ 20.623527622102358, -38.136794270638987 ], [ 20.613806489478065, -38.137968833794517 ], [ 20.611376924205729, -38.138259404747686 ], [ 20.606515360995502, -38.138834976253079 ], [ 20.604085337968172, -38.139119744780317 ], [ 20.584622310970985, -38.141375886587838 ], [ 20.582191085550619, -38.141654631455992 ], [ 20.577324927703557, -38.142206690186555 ], [ 20.574891972886491, -38.142479779218121 ], [ 20.565152753996813, -38.143561048503514 ], [ 20.562718716395835, -38.1438283036331 ], [ 20.55784829576271, -38.144357220109399 ], [ 20.555413892137722, -38.144618668316667 ], [ 20.535916180987215, -38.146688030827789 ], [ 20.53348067299504, -38.146943444584238 ], [ 20.52860603723903, -38.147448806017479 ], [ 20.526168889782639, -38.147698546850293 ], [ 20.516413078401229, -38.148686355890462 ], [ 20.513974940791286, -38.148930253827942 ], [ 20.50909641007172, -38.149412433436993 ], [ 20.506657998168293, -38.149650520854678 ], [ 20.487128594009846, -38.151532785709321 ], [ 20.483114521318271, -38.151911571161932 ], [ 20.475081362215462, -38.152653823914619 ], [ 20.471064686886223, -38.153017068183061 ], [ 20.454986476944669, -38.154438956592472 ], [ 20.450967883361443, -38.154786319732764 ], [ 20.442926351570037, -38.155465651418609 ], [ 20.438906681498395, -38.155797347469402 ], [ 20.406713245520109, -38.158387513672622 ], [ 20.402670500643467, -38.158704406882606 ], [ 20.394578667971388, -38.15932277802365 ], [ 20.39058793898252, -38.159620004859235 ], [ 20.384286905616591, -38.160077082591172 ], [ 20.382316379497695, -38.160227001374693 ], [ 20.381356531279266, -38.160299572167347 ], [ 20.379493169274667, -38.160439584918791 ], [ 20.378561479728887, -38.160509169962111 ], [ 20.377672816447784, -38.160575143328089 ], [ 20.376801779878519, -38.160639808180321 ], [ 20.375931891743562, -38.160704386697958 ], [ 20.375062224842225, -38.160768949926947 ], [ 20.374185447001139, -38.160834041957202 ], [ 20.373297477996687, -38.16090117724741 ], [ 20.372342372802478, -38.160973004300516 ], [ 20.370432001436029, -38.161115784265888 ], [ 20.36947702124786, -38.161186715594255 ], [ 20.365655728129752, -38.161468740289848 ], [ 20.364700866652129, -38.161538761504545 ], [ 20.362790520466348, -38.16167796396681 ], [ 20.361835811873476, -38.16174708855722 ], [ 20.35419138562429, -38.162296848620556 ], [ 20.353236561018775, -38.162365050506565 ], [ 20.351325773266041, -38.16250064938518 ], [ 20.350370587133284, -38.162567991519438 ], [ 20.346532568423584, -38.162695480311939 ], [ 20.345576270728429, -38.162743209131591 ], [ 20.343667902152276, -38.162908554885746 ], [ 20.342670836390425, -38.162995547206563 ], [ 20.34159095296036, -38.163073492347579 ], [ 20.339973847815202, -38.163179189667716 ], [ 20.337542671857136, -38.163372605960745 ], [ 20.335988103768386, -38.163483111955856 ], [ 20.33473769269051, -38.163569849768606 ], [ 20.334088182524056, -38.163614795186575 ], [ 20.332864500196592, -38.163699278398909 ], [ 20.332252811917897, -38.163741418831208 ], [ 20.329805224232047, -38.163909669395622 ], [ 20.329193645670557, -38.163951617373158 ], [ 20.327970130617359, -38.164035357745391 ], [ 20.327358691450684, -38.164077115966009 ], [ 20.322462980982209, -38.164410700593123 ], [ 20.321851784632486, -38.164452251070315 ], [ 20.320628705750323, -38.164535218025676 ], [ 20.320017319643881, -38.164576600329738 ], [ 20.317570400154096, -38.164741854353011 ], [ 20.316959267656244, -38.164780708662562 ], [ 20.315736232841289, -38.1648525555009 ], [ 20.315125846780575, -38.16488832243796 ], [ 20.300929629199459, -38.165717616074915 ], [ 20.298208091830304, -38.165855140402314 ], [ 20.29706108030507, -38.165912741979156 ], [ 20.294764666856338, -38.166027428922646 ], [ 20.29361759147892, -38.166129122460859 ], [ 20.289022330116893, -38.166370579638411 ], [ 20.287874092815571, -38.166430697518507 ], [ 20.285576915842398, -38.166550545671058 ], [ 20.284349017493355, -38.166538745666358 ], [ 20.275244608452283, -38.167286420431836 ], [ 20.274096557310486, -38.167351416234709 ], [ 20.271799093453637, -38.167480211742202 ], [ 20.270650614234796, -38.167543959286164 ], [ 20.266053975111078, -38.167796503305809 ], [ 20.264905161344274, -38.167858972013804 ], [ 20.262606798165564, -38.167982674660507 ], [ 20.261457749675799, -38.168043882518845 ], [ 20.258654683367297, -38.168191634835893 ], [ 20.257231480148931, -38.168265676919376 ], [ 20.254384527824016, -38.168411833838746 ], [ 20.252961355182492, -38.168483920796035 ], [ 20.247266419909806, -38.168768402439611 ], [ 20.245843372274066, -38.168838495599857 ], [ 20.24299634980207, -38.168976773559081 ], [ 20.241573532392778, -38.16904490349944 ], [ 20.230180771425694, -38.169582208851651 ], [ 20.228758004378847, -38.16964828294175 ], [ 20.225910780458491, -38.16977855783405 ], [ 20.224487481012716, -38.169842705576187 ], [ 20.218790910772213, -38.170095474426404 ], [ 20.217367606829953, -38.170157636465561 ], [ 20.21452009063006, -38.170280050383852 ], [ 20.21309731998565, -38.170340240209867 ], [ 20.19747791087724, -38.170989477881932 ], [ 20.196332171892664, -38.171036406305035 ], [ 20.194038495980095, -38.171129087736986 ], [ 20.19289192602173, -38.17117478498804 ], [ 20.188302127141924, -38.171355138628684 ], [ 20.187155255011419, -38.171399560641149 ], [ 20.18486081017852, -38.171487165400066 ], [ 20.183714170073358, -38.171530313972511 ], [ 20.17453117557352, -38.171870541891863 ], [ 20.173384362798288, -38.171912365762893 ], [ 20.171089419741179, -38.171994795823096 ], [ 20.16994222205625, -38.172035368737184 ], [ 20.165350798101258, -38.172195175566827 ], [ 20.164203568939712, -38.172234461551071 ], [ 20.161908419038468, -38.172311793354339 ], [ 20.160761518130016, -38.172349804100094 ], [ 20.150284165382118, -38.172690912455522 ], [ 20.148652280778492, -38.172742711606702 ], [ 20.145386964736957, -38.172843801699983 ], [ 20.143754682632789, -38.172893054870499 ], [ 20.137222126000722, -38.173084961201766 ], [ 20.135589804326173, -38.173131612633739 ], [ 20.132324159133077, -38.173222383006376 ], [ 20.130692163013236, -38.17326646687377 ], [ 20.117623792404459, -38.173608697583148 ], [ 20.11599163170888, -38.173650094276155 ], [ 20.112725437029468, -38.173730376755401 ], [ 20.111092730445478, -38.173769228367007 ], [ 20.10455817821753, -38.173919517671393 ], [ 20.102925198239632, -38.173955773839594 ], [ 20.099658264317668, -38.174025746490912 ], [ 20.098025291534441, -38.174059443188611 ], [ 20.090062412650525, -38.174217365039141 ], [ 20.088900098261263, -38.174239741071005 ], [ 20.086574350725897, -38.17428321789609 ], [ 20.085411771936037, -38.17430430250144 ], [ 20.080759046592902, -38.174386045479338 ], [ 20.079596474098366, -38.17440581077939 ], [ 20.077270665409344, -38.174444057147426 ], [ 20.076108373503075, -38.17446252202754 ], [ 20.066801298641337, -38.174604922479062 ], [ 20.065639144331499, -38.174622022188444 ], [ 20.063313546983011, -38.17465494456971 ], [ 20.062151047333145, -38.174670753752196 ], [ 20.057498478472382, -38.174731387843195 ], [ 20.056336254015264, -38.174745875021941 ], [ 20.054011148595691, -38.17477356334912 ], [ 20.052849819863752, -38.174786746510975 ], [ 20.034586564019065, -38.174982675509867 ], [ 20.03321065254994, -38.174996439633759 ], [ 20.030456331294772, -38.175022176432222 ], [ 20.029079529496954, -38.175034132918782 ], [ 20.023568316724777, -38.175078293228324 ], [ 20.02219124513033, -38.175088402507598 ], [ 20.019436335718524, -38.175106809831362 ], [ 20.01805961755764, -38.175115099781777 ], [ 20.007034446383045, -38.175173833605271 ], [ 20.005657401768076, -38.175180212496642 ], [ 20.002901807072817, -38.17519115994385 ], [ 20.001524377548321, -38.175195723103926 ], [ 19.99601166380728, -38.175210283127868 ], [ 19.994633852070933, -38.175212996382555 ], [ 19.99187747946246, -38.175216605361896 ], [ 19.990499291809215, -38.175217499287982 ], [ 19.989345970640329, -38.175216873359958 ], [ 19.987039331000688, -38.17521434626498 ], [ 19.98588632549388, -38.175212445997388 ], [ 19.981273065100197, -38.175202249483988 ], [ 19.980120376154559, -38.175199054192845 ], [ 19.977814379530258, -38.175191387472424 ], [ 19.976662009844347, -38.17518692053973 ], [ 19.967435640143037, -38.175145789146782 ], [ 19.966283592414186, -38.175139984022934 ], [ 19.963978260388728, -38.175127094039979 ], [ 19.962825912286377, -38.175120014576834 ], [ 19.958214055734516, -38.175089091388372 ], [ 19.957062034985142, -38.175080719599421 ], [ 19.954757383746482, -38.175062698984291 ], [ 19.953606315379375, -38.175053063647766 ], [ 19.935156136347075, -38.174887193588916 ], [ 19.932852044486651, -38.174863801323198 ], [ 19.928241457777176, -38.174811900548676 ], [ 19.925936835316918, -38.174783410925571 ], [ 19.916713621336726, -38.174659030189815 ], [ 19.91440911668775, -38.174625361371241 ], [ 19.909798989532078, -38.174552914685165 ], [ 19.907495241212587, -38.174514167394719 ], [ 19.889048777279442, -38.174182459652641 ], [ 19.886745194435321, -38.174138357798839 ], [ 19.882135702201367, -38.174045016264415 ], [ 19.87983166519939, -38.173995813455932 ], [ 19.870610947737191, -38.17378853321398 ], [ 19.868307104989071, -38.17373415210912 ], [ 19.863698379876496, -38.173620270059104 ], [ 19.861395369001514, -38.17356081677805 ], [ 19.842955176940109, -38.17306331991621 ], [ 19.840652415177146, -38.172998513870169 ], [ 19.836044641547119, -38.172863744166321 ], [ 19.833741501169612, -38.172793833568306 ], [ 19.824524527585055, -38.172503683498022 ], [ 19.822221660601372, -38.172428597301831 ], [ 19.817614959862908, -38.172273295176353 ], [ 19.815312998496495, -38.172193144897591 ], [ 19.79688151277162, -38.171529922767576 ], [ 19.794579883255238, -38.171444421522736 ], [ 19.789974451460182, -38.171268242535248 ], [ 19.787672518872, -38.17117763404049 ], [ 19.778460536525017, -38.170804653711656 ], [ 19.776158955571645, -38.170708871417105 ], [ 19.771554903336465, -38.17051217079981 ], [ 19.769254302644185, -38.170411333416112 ], [ 19.750834078230582, -38.169582479547472 ], [ 19.748533893025069, -38.169476295694295 ], [ 19.743931425395317, -38.169258729906232 ], [ 19.741631012661401, -38.169147436105135 ], [ 19.732425267112632, -38.168691674980735 ], [ 19.730125283355562, -38.168575210977139 ], [ 19.725524501954567, -38.168337138847747 ], [ 19.723225574001304, -38.168215628748172 ], [ 19.704819039067758, -38.167221251059715 ], [ 19.702520609338904, -38.167094398087855 ], [ 19.697921729104763, -38.166835476975479 ], [ 19.695623146491272, -38.166703512257214 ], [ 19.686424884201188, -38.166165033289488 ], [ 19.684126807906068, -38.166027902865224 ], [ 19.679529919670131, -38.165748490700082 ], [ 19.677232974722216, -38.165606324072286 ], [ 19.658842680645648, -38.164446561959011 ], [ 19.656546316659387, -38.164299057855047 ], [ 19.651951644353119, -38.163998815592805 ], [ 19.649655203924908, -38.163846197943613 ], [ 19.640465666857438, -38.163225073078564 ], [ 19.638169810089096, -38.163067295119248 ], [ 19.633577435550478, -38.162746581589289 ], [ 19.631282783873814, -38.162583777319313 ], [ 19.612911155226016, -38.161258785464412 ], [ 19.610617166349471, -38.161090649114058 ], [ 19.606027325201353, -38.160749126171154 ], [ 19.603733335425432, -38.16057587717485 ], [ 19.594553765543878, -38.159872190948676 ], [ 19.592260438568701, -38.159693787038535 ], [ 19.587673199159042, -38.159331815310921 ], [ 19.58538115101976, -38.159148395881587 ], [ 19.567030730184456, -38.157658356847563 ], [ 19.564739427582936, -38.15746961163309 ], [ 19.560155035426988, -38.157086854774349 ], [ 19.557863808368239, -38.156892997813287 ], [ 19.548695445838263, -38.156106846453625 ], [ 19.5464049571234, -38.155907839974773 ], [ 19.541823472475642, -38.155504658612884 ], [ 19.539534337240241, -38.155300649205472 ], [ 19.521207540695798, -38.153645760843034 ], [ 19.518919233735801, -38.153436432844813 ], [ 19.514340911104568, -38.153012494231078 ], [ 19.512052754331535, -38.152798053587176 ], [ 19.502896836620152, -38.151929544113059 ], [ 19.500609496431423, -38.151709962044976 ], [ 19.496034384379641, -38.151265626807131 ], [ 19.493748470515584, -38.151041054400949 ], [ 19.475447834350348, -38.149221546936786 ], [ 19.473162832399225, -38.148991664033929 ], [ 19.468591195327747, -38.148526600322128 ], [ 19.466306418206926, -38.14829160747162 ], [ 19.457164180982318, -38.147340856794941 ], [ 19.454880297787838, -38.147100729714765 ], [ 19.450312176166335, -38.146615299955968 ], [ 19.448029793040917, -38.146370196027448 ], [ 19.429757723840282, -38.144386308681035 ], [ 19.427476333566347, -38.144135902349902 ], [ 19.422911999889209, -38.143629777392221 ], [ 19.420630911787498, -38.143374263811182 ], [ 19.411503587121217, -38.142341400535116 ], [ 19.409223468488733, -38.142080760818288 ], [ 19.404662952433625, -38.141554302189064 ], [ 19.402384407614505, -38.141288699113971 ], [ 19.384143430675095, -38.139140709775745 ], [ 19.381865734816131, -38.13886978631129 ], [ 19.377308870008505, -38.138322613597566 ], [ 19.375031551864936, -38.138046585581392 ], [ 19.365919471606531, -38.136931635786155 ], [ 19.363643201173034, -38.136650489728154 ], [ 19.359090456160061, -38.136083015718512 ], [ 19.356815832385024, -38.135796918892552 ], [ 19.338606548453754, -38.13348486623353 ], [ 19.336333081206931, -38.133193485890573 ], [ 19.331784750066504, -38.132605386828942 ], [ 19.32951173427935, -38.132308904632197 ], [ 19.320417028023883, -38.131112118329511 ], [ 19.318145136389148, -38.130810528882677 ], [ 19.313601227215173, -38.130202166296854 ], [ 19.311331055983885, -38.129895641370439 ], [ 19.293159570557918, -38.127420302404815 ], [ 19.292174872272795, -38.127285608244009 ], [ 19.290203229195981, -38.127014938388584 ], [ 19.289217781775506, -38.12687916773929 ], [ 19.285272912814946, -38.126333674059723 ], [ 19.284287340388801, -38.126196892572437 ], [ 19.282315877176217, -38.125922310665885 ], [ 19.281330787686045, -38.125784620863399 ], [ 19.273321483999553, -38.124660935054024 ], [ 19.272761008514067, -38.124582068107884 ], [ 19.271397663271841, -38.124389823631375 ], [ 19.270714973517613, -38.124293323677833 ], [ 19.267928578841293, -38.123898482628562 ], [ 19.265613928939842, -38.123567810006207 ], [ 19.26110028195265, -38.12291772607206 ], [ 19.258844091581864, -38.122590207371985 ], [ 19.252428018738442, -38.121651460846138 ], [ 19.250825095901661, -38.12141561363957 ], [ 19.247618991223931, -38.120941284212819 ], [ 19.246016947923863, -38.120702970165738 ], [ 19.235621814795081, -38.119147869678329 ], [ 19.234324005848293, -38.118952821115528 ], [ 19.231727389707601, -38.118560865991071 ], [ 19.230429637418069, -38.118364118608952 ], [ 19.226012747590573, -38.117691534536519 ], [ 19.224069504204635, -38.117426694086589 ], [ 19.219733739520734, -38.116826437090225 ], [ 19.217653297362006, -38.116489696741908 ], [ 19.216761815605423, -38.116362444471136 ], [ 19.215034100143981, -38.116145628717703 ], [ 19.212877703043887, -38.115874243001841 ], [ 19.211973533651985, -38.115756753770967 ], [ 19.206080874333281, -38.115005720937091 ], [ 19.205189746010319, -38.114887954715158 ], [ 19.204298605096739, -38.114770186694571 ], [ 19.203124458327409, -38.11461079535178 ], [ 19.201645371237078, -38.114419550921355 ], [ 19.200750216649567, -38.114301252300862 ], [ 19.19943213158777, -38.114125224399359 ], [ 19.198415079292658, -38.113989415079303 ], [ 19.194189194676028, -38.11342286737127 ], [ 19.193703078734472, -38.113356770798248 ], [ 19.193141936851305, -38.113280523577089 ], [ 19.192251286068313, -38.113159252697272 ], [ 19.191360622694845, -38.113037980018618 ], [ 19.190668627655441, -38.112940501602694 ], [ 19.189135367203704, -38.112731160114734 ], [ 19.185691052800223, -38.112261535940959 ], [ 19.184915769747363, -38.112153665858841 ], [ 19.183444690220711, -38.111947911766507 ], [ 19.182026786707183, -38.111744914096192 ], [ 19.18095287837275, -38.111599853450286 ], [ 19.180066304216695, -38.111475452929568 ], [ 19.179033981433349, -38.111330582040594 ], [ 19.177638135591593, -38.111121195586549 ], [ 19.176493636772165, -38.110974178914915 ], [ 19.175473506097546, -38.110830990657476 ], [ 19.173738082546635, -38.110574384399996 ], [ 19.168465861010759, -38.109900242701798 ], [ 19.167868361336218, -38.109846772610155 ], [ 19.163292747462663, -38.109422860976181 ], [ 19.161005945968014, -38.109208435620658 ], [ 19.151855446671675, -38.108339981005159 ], [ 19.149569459962947, -38.108120413326361 ], [ 19.144997055769977, -38.107676105067995 ], [ 19.142712495385467, -38.107451547051099 ], [ 19.124422656480647, -38.105632152002002 ], [ 19.122139006210432, -38.10540228348853 ], [ 19.117570073400486, -38.104937249454409 ], [ 19.115286648860092, -38.104702271892023 ], [ 19.106149819258917, -38.103751580570886 ], [ 19.103867286846167, -38.103511468779189 ], [ 19.099301866788153, -38.103026069597277 ], [ 19.097020833544889, -38.102780980058029 ], [ 19.078759570597754, -38.100797217717243 ], [ 19.07647952930688, -38.100546827573865 ], [ 19.0719178944953, -38.100040734092346 ], [ 19.069638154477389, -38.099785236699148 ], [ 19.060516225743413, -38.098752437274939 ], [ 19.058237455194444, -38.098491814645413 ], [ 19.053679635307333, -38.097965388391799 ], [ 19.051402437672607, -38.097699801504476 ], [ 19.03317221032961, -38.095551941668447 ], [ 19.030896085586193, -38.095281062271127 ], [ 19.026342363010087, -38.094733979489391 ], [ 19.024066615082575, -38.094457995540012 ], [ 19.01496081748806, -38.093343229206454 ], [ 19.01268611547232, -38.093062129913193 ], [ 19.008136509093049, -38.092494749433072 ], [ 19.005863452836138, -38.092208700271115 ], [ 18.98766671714543, -38.089897033421181 ], [ 18.985394816517896, -38.089605702540965 ], [ 18.980849618615139, -38.089017703304108 ], [ 18.97857816944736, -38.088721271469382 ], [ 18.969489727869018, -38.087524688413367 ], [ 18.967219401054649, -38.087223150228013 ], [ 18.962678621521547, -38.086614891963634 ], [ 18.96041001331173, -38.086308420097339 ], [ 18.942249219026621, -38.083833260096654 ], [ 18.94126458639164, -38.083698505681383 ], [ 18.939293077313948, -38.083427714417397 ], [ 18.93830769644336, -38.0832918817148 ], [ 18.934363095480876, -38.082746138923042 ], [ 18.933377589604504, -38.082609295382454 ], [ 18.931406261290135, -38.082334587570841 ], [ 18.930421240148434, -38.082196834815946 ], [ 18.922408519937619, -38.081072071618706 ], [ 18.921851398923309, -38.080993634548534 ], [ 18.920486852186912, -38.080801116678089 ], [ 18.919803479847133, -38.080704467437116 ], [ 18.917012721660001, -38.080308792716394 ], [ 18.914717422471426, -38.079980726329268 ], [ 18.910246154236916, -38.079336474498547 ], [ 18.908011106927461, -38.079011910071472 ], [ 18.901678204285901, -38.078085068770704 ], [ 18.900096054889332, -38.077852227098361 ], [ 18.896931493494009, -38.077383973491365 ], [ 18.895350202949885, -38.077148727031982 ], [ 18.885115861408281, -38.075617655530223 ], [ 18.88383812263163, -38.07542563228705 ], [ 18.881281654924578, -38.075039780861132 ], [ 18.880003965610854, -38.07484610916049 ], [ 18.874891269416707, -38.074067754922808 ], [ 18.873614258191765, -38.07387250041532 ], [ 18.871059947058939, -38.073480290782726 ], [ 18.869784215569354, -38.073283576675578 ], [ 18.851702622777935, -38.070482458298684 ], [ 18.849445222818986, -38.07013001938482 ], [ 18.844929263674828, -38.069419770805581 ], [ 18.842672540006106, -38.069062247124876 ], [ 18.833643490555062, -38.067621231034778 ], [ 18.831388117667672, -38.067258634278417 ], [ 18.826877475315598, -38.066528257972408 ], [ 18.824624037769524, -38.066160776998132 ], [ 18.806585691576799, -38.063197236563127 ], [ 18.80433373161668, -38.062824520634962 ], [ 18.799828733409754, -38.062073707235598 ], [ 18.797577526182209, -38.061695911936638 ], [ 18.788570702576237, -38.060173794085145 ], [ 18.78632092077396, -38.059790939200369 ], [ 18.781821537034517, -38.059020047537075 ], [ 18.779573762519533, -38.058632325521245 ], [ 18.761581081202252, -38.055506764125681 ], [ 18.759334864312677, -38.055113822444881 ], [ 18.754841431387376, -38.054322544949358 ], [ 18.752596040974936, -38.053924530192731 ], [ 18.743612651003389, -38.052321516524614 ], [ 18.741368761559443, -38.051918454772562 ], [ 18.736881239877647, -38.051107152073229 ], [ 18.734639429666117, -38.050699242076249 ], [ 18.71669482430687, -38.047412082401564 ], [ 18.714454651760917, -38.046998966229097 ], [ 18.709973385763533, -38.046167333455429 ], [ 18.707734113438903, -38.045749153200646 ], [ 18.698775359495585, -38.044065459553124 ], [ 18.696537663682591, -38.04364224579281 ], [ 18.692062604805528, -38.042790640875211 ], [ 18.689827058372487, -38.042362598654876 ], [ 18.671932931959418, -38.038914285865431 ], [ 18.669699102331833, -38.038481050959618 ], [ 18.66523060310999, -38.037609174423579 ], [ 18.66299774924704, -38.037170884428704 ], [ 18.65406483012805, -38.035406739229529 ], [ 18.651833626521011, -38.034963431017346 ], [ 18.647371628498036, -38.034071639894094 ], [ 18.645142645317264, -38.033623522107661 ], [ 18.627301390047478, -38.030014522052412 ], [ 18.625074202812499, -38.029561228667632 ], [ 18.620619067516259, -38.02864922618059 ], [ 18.618392929790275, -38.028190885800626 ], [ 18.609487038896191, -38.026346526470746 ], [ 18.607262626069712, -38.025883183162222 ], [ 18.602814285151339, -38.02495132724188 ], [ 18.600592162898124, -38.024483194143912 ], [ 18.582806161075496, -38.02071399425526 ], [ 18.580585913909204, -38.020240702646248 ], [ 18.576144736990187, -38.019288697415234 ], [ 18.573925612177732, -38.018810369602775 ], [ 18.565047939311199, -38.016886046153914 ], [ 18.562830614041872, -38.016402729801911 ], [ 18.558396523780857, -38.015430934090276 ], [ 18.556181559232016, -38.014942849532616 ], [ 18.538453182368755, -38.01101395882695 ], [ 18.536240171147369, -38.010520733744755 ], [ 18.531813545259126, -38.009528854372959 ], [ 18.529601730136164, -38.009030602080557 ], [ 18.520753457006776, -38.007026574416741 ], [ 18.518543515171473, -38.006523351571133 ], [ 18.514124266422129, -38.005511746469836 ], [ 18.511916754555045, -38.005003776103266 ], [ 18.494248365170165, -38.000915726079796 ], [ 18.492042883972317, -38.000402632275467 ], [ 18.48763139907004, -37.99937101366119 ], [ 18.485427186815286, -37.998852905237214 ], [ 18.476609492434505, -37.996769443155145 ], [ 18.474407228111318, -37.996246381265351 ], [ 18.470003409030369, -37.995195103470934 ], [ 18.467803643024126, -37.994667316543172 ], [ 18.450197592844688, -37.990420657586952 ], [ 18.447999934849463, -37.989887766107387 ], [ 18.443604176391773, -37.988816545846717 ], [ 18.441407861983578, -37.988278650539215 ], [ 18.432621918167371, -37.986116036425827 ], [ 18.430427622736858, -37.985573205638758 ], [ 18.426039819682074, -37.984482397244747 ], [ 18.423848091816126, -37.983934864802066 ], [ 18.406306718180815, -37.979530169781441 ], [ 18.404117176566842, -37.978977551672386 ], [ 18.399737729113269, -37.977866874556412 ], [ 18.397549603031962, -37.977309266109629 ], [ 18.388796575301882, -37.975067790445962 ], [ 18.386610541943355, -37.9745052636069 ], [ 18.382239335877017, -37.973375072101717 ], [ 18.380055938431042, -37.972807867888605 ], [ 18.362581568784833, -37.96824573035606 ], [ 18.360400432234542, -37.967673460261906 ], [ 18.356037875847733, -37.966523476477178 ], [ 18.353858228574836, -37.965946229534751 ], [ 18.345139278854845, -37.963626193593782 ], [ 18.342961796250222, -37.963044048044338 ], [ 18.338607767235032, -37.961874625413515 ], [ 18.336432987992282, -37.961287824973013 ], [ 18.319027937189901, -37.956568860064664 ], [ 18.316855496184417, -37.955977015326738 ], [ 18.312510409128208, -37.954787880456166 ], [ 18.310339528446775, -37.954191071460698 ], [ 18.301655810567524, -37.951792789105767 ], [ 18.299487166500001, -37.951191102187423 ], [ 18.295150890101866, -37.949982605812551 ], [ 18.292985016845478, -37.949376289184173 ], [ 18.27565158715106, -37.944501131821653 ], [ 18.273488127675137, -37.943889792479666 ], [ 18.269161083717336, -37.942661665703127 ], [ 18.266999257409935, -37.942045375593423 ], [ 18.258351918906385, -37.939569169681377 ], [ 18.256192400259266, -37.93894802233315 ], [ 18.25187444934673, -37.937700614991201 ], [ 18.24987506847998, -37.937120668284095 ], [ 18.232458248249941, -37.932044170701786 ], [ 18.23165887235939, -37.931810733678304 ], [ 18.230058098003212, -37.931342519641433 ], [ 18.229252358509598, -37.931106468288647 ], [ 18.225911676582768, -37.930126164091007 ], [ 18.22505490685873, -37.929874312549174 ], [ 18.223592759398457, -37.929443775609641 ], [ 18.222847423769764, -37.929223980402185 ], [ 18.216005582192224, -37.927203132718333 ], [ 18.214630559253237, -37.926796348672241 ], [ 18.212431512704399, -37.92614290127365 ], [ 18.208129417738519, -37.924858962570909 ], [ 18.205980048840445, -37.924214768296807 ], [ 18.198318779188696, -37.921908718612272 ], [ 18.196405297067145, -37.921330551663459 ], [ 18.192579166495761, -37.920170132145657 ], [ 18.190667765405465, -37.919588257292105 ], [ 18.179886747575438, -37.91629361345943 ], [ 18.178541006562227, -37.915881221241278 ], [ 18.175849004727979, -37.91505412105063 ], [ 18.174503837482575, -37.914639746726792 ], [ 18.169122207124246, -37.912977554970112 ], [ 18.167778227883105, -37.912561347827676 ], [ 18.165090487036764, -37.911726840820975 ], [ 18.163748248882996, -37.911309013999656 ], [ 18.146643357605143, -37.905969300142885 ], [ 18.144508551428686, -37.905299978810845 ], [ 18.140239050592072, -37.903955888953035 ], [ 18.138106090723966, -37.903281665416301 ], [ 18.129574706308063, -37.900573727595386 ], [ 18.127444267239525, -37.899894710672257 ], [ 18.123184694917995, -37.898531597454934 ], [ 18.121057291960824, -37.897848055143555 ], [ 18.104033093253008, -37.892354897160672 ], [ 18.101908400852324, -37.891666424765575 ], [ 18.097659207606512, -37.890284034580318 ], [ 18.09553643256038, -37.889590677067943 ], [ 18.08704594751282, -37.886806209638692 ], [ 18.084925763413594, -37.886108082122092 ], [ 18.080686773875982, -37.884706759409113 ], [ 18.078569690638915, -37.884004134383218 ], [ 18.061628416618305, -37.878358267919623 ], [ 18.059514115883985, -37.877650737991033 ], [ 18.055285786010643, -37.87623023363831 ], [ 18.053173474576425, -37.875517834780183 ], [ 18.044725002257451, -37.872657210961293 ], [ 18.042615349219318, -37.871940066380859 ], [ 18.038397497346949, -37.870500723029778 ], [ 18.036291009922536, -37.869779108818719 ], [ 18.019434877418064, -37.863981293801572 ], [ 18.017331246240389, -37.863254799868827 ], [ 18.013124332822031, -37.861796371105385 ], [ 18.011022760192702, -37.86106502802852 ], [ 18.00261740496947, -37.858128630931404 ], [ 18.000518559984016, -37.857392566413708 ], [ 17.9963223961621, -37.855915393980098 ], [ 17.994226781540902, -37.855174888609923 ], [ 17.977457992093036, -37.849225900254922 ], [ 17.975365303866056, -37.848480540344511 ], [ 17.9711803563888, -37.846984384121953 ], [ 17.969089796857077, -37.846234193053476 ], [ 17.960728655003891, -37.843222417480462 ], [ 17.958640892363434, -37.842467530152248 ], [ 17.954466964279391, -37.840952728285643 ], [ 17.95238249405719, -37.840193429782815 ], [ 17.935703233018103, -37.834094065788406 ], [ 17.933621762035159, -37.833329940623941 ], [ 17.929459325487812, -37.831796255692353 ], [ 17.927380051548198, -37.83102731915524 ], [ 17.919064212144008, -37.827940568002603 ], [ 17.91698780254535, -37.8271669594874 ], [ 17.912836653389121, -37.825614729635817 ], [ 17.910763600060278, -37.824836739623578 ], [ 17.894176037494304, -37.81858781837299 ], [ 17.892106052652537, -37.817805028678862 ], [ 17.887966668427453, -37.81623402188248 ], [ 17.885898950776237, -37.815446441499958 ], [ 17.877629493906284, -37.81228512755645 ], [ 17.875564707145799, -37.811492901276225 ], [ 17.871436876510785, -37.809903452082452 ], [ 17.869375508073517, -37.809106875781453 ], [ 17.852881796058398, -37.802709231845498 ], [ 17.85082356805367, -37.801907882842343 ], [ 17.846707772146374, -37.800299763722791 ], [ 17.844651877882029, -37.799493644715767 ], [ 17.83642987643799, -37.796258191562202 ], [ 17.834376980513639, -37.79544745453633 ], [ 17.83027300259738, -37.793820997341101 ], [ 17.828223587049166, -37.793005939971948 ], [ 17.811825863273384, -37.786460429505055 ], [ 17.80977965560669, -37.785640630010818 ], [ 17.805687982215034, -37.783995612607271 ], [ 17.803644178436457, -37.783171062894056 ], [ 17.795470695416725, -37.779861903104134 ], [ 17.793429955628369, -37.779032762351818 ], [ 17.789350361030756, -37.777369515690523 ], [ 17.787313162772591, -37.776536086970538 ], [ 17.771013545139283, -37.769843584113929 ], [ 17.768979624010797, -37.769005442047245 ], [ 17.764912600136768, -37.767323747592698 ], [ 17.762881150345265, -37.76648087779013 ], [ 17.754757240654442, -37.763098452931175 ], [ 17.752728920503671, -37.762251019069154 ], [ 17.74867423622743, -37.760551205073824 ], [ 17.746649517861215, -37.759699516519291 ], [ 17.730450107187096, -37.752860915198951 ], [ 17.728428735198179, -37.752004542075781 ], [ 17.724386885146828, -37.750286394501444 ], [ 17.722368051045066, -37.749425317024645 ], [ 17.714294760594953, -37.745970077656878 ], [ 17.712279120885057, -37.74510446579832 ], [ 17.708249868536853, -37.743368311098493 ], [ 17.706237890866419, -37.742498475124322 ], [ 17.690140770880049, -37.735514687252845 ], [ 17.6881322061368, -37.73464019818644 ], [ 17.684116050615671, -37.732885826819327 ], [ 17.682110090308669, -37.732006655882302 ], [ 17.674088456917161, -37.728479064257357 ], [ 17.672085756652791, -37.727595387716875 ], [ 17.668082453342777, -37.725823124337538 ], [ 17.666083475372432, -37.724935257855606 ], [ 17.650090710917993, -37.717807214231371 ], [ 17.648095211524975, -37.716914726133624 ], [ 17.644105264047141, -37.715124364797376 ], [ 17.642112436539861, -37.714227217312015 ], [ 17.634143487232507, -37.7106277428759 ], [ 17.632153983619816, -37.709726120363953 ], [ 17.628177141062679, -37.707917983028281 ], [ 17.626191418199824, -37.707012204749233 ], [ 17.610305055234335, -37.699740855955568 ], [ 17.608322877499063, -37.698830486637604 ], [ 17.604359648878926, -37.697004372753398 ], [ 17.602454353286248, -37.696123744914843 ], [ 17.594464961489223, -37.692418492219417 ], [ 17.592998164534038, -37.691736553398982 ], [ 17.590065317960352, -37.690369767350731 ], [ 17.587916095651536, -37.68937134451167 ], [ 17.586849145371843, -37.688940589936195 ], [ 17.58574982219659, -37.688498637002297 ], [ 17.583551964551816, -37.687613392943618 ], [ 17.582453760133234, -37.687170236716966 ], [ 17.578061447877985, -37.685394440800692 ], [ 17.576964446752129, -37.684950083979132 ], [ 17.574770708002177, -37.684059822602606 ], [ 17.573674946142262, -37.683614313749516 ], [ 17.56367970825238, -37.679542456918682 ], [ 17.561908260557971, -37.678818562926111 ], [ 17.558366281578969, -37.677366808031508 ], [ 17.556596905023298, -37.67663941927357 ], [ 17.549520846710067, -37.673721602170076 ], [ 17.547753735546792, -37.672990717747226 ], [ 17.544220846015548, -37.671525145668866 ], [ 17.542456056002493, -37.670790868103808 ], [ 17.534905201514164, -37.667639652647679 ], [ 17.533801769336435, -37.667178261767233 ], [ 17.531594787170093, -37.666253720932417 ], [ 17.530492046570913, -37.665790909123089 ], [ 17.526080740633915, -37.663936032221869 ], [ 17.524974092480534, -37.663469826371141 ], [ 17.522761117232079, -37.66253582197038 ], [ 17.52150016789858, -37.662002518601099 ], [ 17.499557758583819, -37.652832897020474 ], [ 17.496778176272045, -37.651665662440294 ], [ 17.49124196144777, -37.64932998459102 ], [ 17.488477468860481, -37.64815826149443 ], [ 17.477444769460817, -37.643460050240975 ], [ 17.474690875383772, -37.642281817851455 ], [ 17.469187392284653, -37.639916377838432 ], [ 17.466439724214069, -37.638729996691865 ], [ 17.449109346819228, -37.631211557367152 ], [ 17.446946748893623, -37.63026979631374 ], [ 17.442622860656911, -37.628380087770665 ], [ 17.440463327620876, -37.627432906503202 ], [ 17.431969962943697, -37.623633200711339 ], [ 17.429691749974666, -37.622633251723101 ], [ 17.4253759106698, -37.620735380033608 ], [ 17.423219253665707, -37.619785304747779 ], [ 17.422396311041268, -37.61942213422391 ], [ 17.4215880228694, -37.619065431624179 ], [ 17.420781911955999, -37.61870968950042 ], [ 17.419975582507277, -37.618353851149109 ], [ 17.419167996705937, -37.617997457016941 ], [ 17.418363996501398, -37.617642646590667 ], [ 17.417557765079152, -37.617286834319728 ], [ 17.416753450112083, -37.616924216878857 ], [ 17.415949833918035, -37.616561900711034 ], [ 17.415146286072627, -37.616199614220704 ], [ 17.414343302102111, -37.615837582238456 ], [ 17.41354073451771, -37.615475739113748 ], [ 17.412734750408845, -37.6151123545513 ], [ 17.411932761088281, -37.614750771330961 ], [ 17.411129485737433, -37.614388609846245 ], [ 17.410325983757275, -37.614026344040454 ], [ 17.409522792043532, -37.613664219427932 ], [ 17.40871883680515, -37.613301750375285 ], [ 17.40791656779578, -37.6129400412498 ], [ 17.407112551403372, -37.612577545217405 ], [ 17.406309090792263, -37.612215298297215 ], [ 17.40553942400561, -37.611868436079334 ], [ 17.404706135579886, -37.611483735785569 ], [ 17.403907020492795, -37.611115274550187 ], [ 17.403106918849289, -37.610746360056297 ], [ 17.402304824308544, -37.61037652555612 ], [ 17.401505746093562, -37.610008081407685 ], [ 17.400705524840305, -37.609639111155914 ], [ 17.399905418700484, -37.609270193964178 ], [ 17.399093146531754, -37.608931360893507 ], [ 17.398294538662412, -37.608554321024855 ], [ 17.397498983091737, -37.608179502481988 ], [ 17.396701562327564, -37.607804655160535 ], [ 17.39589200701073, -37.607459390138629 ], [ 17.395098811261391, -37.607077127007614 ], [ 17.394292969245157, -37.606720444192945 ], [ 17.393415145492895, -37.606506990105302 ], [ 17.392610913263468, -37.606147897107647 ], [ 17.391805347339186, -37.605788207859305 ], [ 17.39100018161335, -37.605428696676881 ], [ 17.390195251509823, -37.60506929161437 ], [ 17.389390842113841, -37.604710118576932 ], [ 17.388587132390512, -37.604351259402904 ], [ 17.387780218382545, -37.603990968508185 ], [ 17.386976666939916, -37.603632178581975 ], [ 17.386171697266434, -37.603272757331709 ], [ 17.385367009080653, -37.60291346018785 ], [ 17.384562498061257, -37.602554243083787 ], [ 17.383756345778806, -37.602194292132779 ], [ 17.382953352815235, -37.601835753117328 ], [ 17.382148052191184, -37.601476183478908 ], [ 17.381342174202302, -37.601116355735044 ], [ 17.3805385607061, -37.600757538829157 ], [ 17.379733895902774, -37.600398254275859 ], [ 17.378929800370315, -37.600039222432045 ], [ 17.378125199418662, -37.599679966656964 ], [ 17.377317792582517, -37.599319456327549 ], [ 17.376514745659335, -37.598960893030622 ], [ 17.375710037688236, -37.598601589591539 ], [ 17.374905271261582, -37.598242258273416 ], [ 17.374101560638906, -37.597883399998764 ], [ 17.373294041387169, -37.597522840206608 ], [ 17.372490873955144, -37.597164223849646 ], [ 17.371686025689684, -37.596804857458068 ], [ 17.370881030835278, -37.596445425415894 ], [ 17.370076824686123, -37.596086345008615 ], [ 17.369273016936518, -37.595727443566446 ], [ 17.368468173167912, -37.595368078973607 ], [ 17.367662118911966, -37.595008175686615 ], [ 17.366857974815844, -37.594649123158462 ], [ 17.36605286394888, -37.594289639854892 ], [ 17.365248232420186, -37.593930370590058 ], [ 17.364442579261777, -37.593570645368814 ], [ 17.363639076382356, -37.593211879724322 ], [ 17.362833684027493, -37.592852271415069 ], [ 17.362029096565948, -37.592493022834574 ], [ 17.361224546875803, -37.592133790441864 ], [ 17.360418685074592, -37.591773971691239 ], [ 17.359614831459453, -37.591415050464107 ], [ 17.358811121736153, -37.591056193987839 ], [ 17.358006206921345, -37.590696799717307 ], [ 17.357200181443602, -37.590336909020962 ], [ 17.356394471627937, -37.589977159518142 ], [ 17.35559082215903, -37.58961832912253 ], [ 17.354786255381725, -37.589259090434581 ], [ 17.353980770396618, -37.588899440756364 ], [ 17.353177015707047, -37.588540564495389 ], [ 17.352371701593086, -37.588180992158939 ], [ 17.351567041285989, -37.587821711202849 ], [ 17.35076247271013, -37.587462472514986 ], [ 17.34995753361369, -37.587103067452475 ], [ 17.349153525315188, -37.586744077876801 ], [ 17.348348858712939, -37.586384795121973 ], [ 17.347543338654361, -37.586025131054726 ], [ 17.346738531758035, -37.585665786246778 ], [ 17.345933476649066, -37.585306329023766 ], [ 17.345129124809716, -37.584947186563198 ], [ 17.344325767620489, -37.584588489267247 ], [ 17.343517600856842, -37.584227644390154 ], [ 17.342714623181735, -37.583869115267319 ], [ 17.341909960176622, -37.583509835210592 ], [ 17.341105024677319, -37.583150431946734 ], [ 17.340300220479264, -37.582791088937341 ], [ 17.339494681534745, -37.582431417675679 ], [ 17.338691567162215, -37.582072828298195 ], [ 17.337886124445163, -37.581713200203779 ], [ 17.337081310354506, -37.581353851798525 ], [ 17.33627643151226, -37.580994476413778 ], [ 17.335471402483677, -37.580635032680519 ], [ 17.33466772423651, -37.580276191492914 ], [ 17.333862968601579, -37.579916870966514 ], [ 17.333057480019079, -37.579557223087207 ], [ 17.332252626357871, -37.579197857595005 ], [ 17.331447904897203, -37.578838552357084 ], [ 17.330643154658134, -37.578479232730231 ], [ 17.329839617604421, -37.578120457193123 ], [ 17.329032137023887, -37.57775991988423 ], [ 17.328228796921621, -37.577401230682156 ], [ 17.327424060172575, -37.577041919149181 ], [ 17.326619217303232, -37.576682559052657 ], [ 17.325814597466007, -37.576323299680453 ], [ 17.324795804083351, -37.575868411797629 ], [ 17.318818569821588, -37.573222470540514 ], [ 17.317243194118362, -37.57252346348676 ], [ 17.313949276038556, -37.571058118936975 ], [ 17.312303852141355, -37.570324141745587 ], [ 17.305618705739107, -37.56733384018446 ], [ 17.303949474089222, -37.566585090729134 ], [ 17.30061235977297, -37.565084084462754 ], [ 17.298945831485071, -37.564332437391855 ], [ 17.285615241050891, -37.558302608978025 ], [ 17.283951703908286, -37.557547968064185 ], [ 17.280625095472089, -37.556034777782656 ], [ 17.278963375859519, -37.555276840853438 ], [ 17.276258673798964, -37.55403976132574 ], [ 17.275702267745828, -37.553902092207593 ], [ 17.273520571817215, -37.553359569887988 ], [ 17.269157957873858, -37.552269379328294 ], [ 17.266978811523217, -37.551722155353005 ], [ 17.249538103500896, -37.54731995595111 ], [ 17.247361123617225, -37.54676765170565 ], [ 17.243006799624482, -37.545657605014384 ], [ 17.240831225381072, -37.545100312229479 ], [ 17.232128397807628, -37.542860102811417 ], [ 17.22995490009896, -37.542297894332279 ], [ 17.225608756339057, -37.541168340446475 ], [ 17.223437875657623, -37.540601454593371 ], [ 17.206063659011079, -37.536041890920345 ], [ 17.203895021238537, -37.535469944582147 ], [ 17.199557458810091, -37.534320611007075 ], [ 17.197390297724382, -37.533743687820873 ], [ 17.18872128735768, -37.531424958594826 ], [ 17.186556275652038, -37.530843140398531 ], [ 17.182227176743254, -37.529674374272872 ], [ 17.180064849513542, -37.52908790208491 ], [ 17.162759422009913, -37.524371587478498 ], [ 17.160599412333113, -37.523780076389315 ], [ 17.156279186135976, -37.522591609714738 ], [ 17.154120725091843, -37.521995135267119 ], [ 17.14548667766843, -37.519598197398764 ], [ 17.143330436150819, -37.518996846826838 ], [ 17.139018954961159, -37.517789025842731 ], [ 17.136865466268716, -37.517183046460232 ], [ 17.119631112186397, -37.512310614942777 ], [ 17.117480016589809, -37.511699618242702 ], [ 17.113177695894365, -37.510472177648822 ], [ 17.111028220875937, -37.509856231979327 ], [ 17.102430274038085, -37.507381407425868 ], [ 17.100283089593063, -37.50676060631686 ], [ 17.095989793594526, -37.50551389235217 ], [ 17.093930618603395, -37.504913431209587 ], [ 17.076684420450079, -37.499860593890986 ], [ 17.075885200142011, -37.499625991346221 ], [ 17.074284751340343, -37.499155442669476 ], [ 17.073474604269848, -37.498916861523881 ], [ 17.070086215107096, -37.497917356800457 ], [ 17.069215830546227, -37.497660155191824 ], [ 17.067802397562872, -37.497241753703875 ], [ 17.067083839248141, -37.497028741183271 ], [ 17.060560275836451, -37.495091893775751 ], [ 17.059823479270563, -37.494872903461513 ], [ 17.058717207033908, -37.4945437893643 ], [ 17.052161790534228, -37.492432937529898 ], [ 17.051114009304371, -37.492128616841882 ], [ 17.04138202456113, -37.489210199890664 ], [ 17.038318680063412, -37.48830258429652 ], [ 17.030188855531605, -37.485854936356091 ], [ 17.025523112501901, -37.484427826482801 ], [ 17.024858415483692, -37.484224238857465 ], [ 17.022188859828475, -37.483405502361975 ], [ 17.021539446788239, -37.483206073201501 ], [ 17.016201421858341, -37.481564607220676 ], [ 17.01232000276616, -37.480362022089551 ], [ 17.0096564806625, -37.47953060695184 ], [ 17.005837857631377, -37.478329887913858 ], [ 17.0, -37.476480532429747 ], [ 17.0, -30.5 ], [ 17.370438786124904, -30.5 ], [ 17.3750143050666, -30.50165545953152 ], [ 17.37957596775675, -30.508128166281736 ], [ 17.387167930256226, -30.514891743459003 ], [ 17.389472842298062, -30.519146442354341 ], [ 17.393146276079847, -30.52131271401035 ], [ 17.394808650399114, -30.527490377478856 ], [ 17.398607969482555, -30.527081966559379 ], [ 17.400068044904629, -30.530120611177168 ], [ 17.39898240581374, -30.533617258029849 ], [ 17.404998779470418, -30.537435412514071 ], [ 17.40346312502362, -30.542406678625198 ], [ 17.413117647561762, -30.555762410506617 ], [ 17.410658121375491, -30.56176817396188 ], [ 17.410817861655261, -30.562453746942666 ], [ 17.411144137492187, -30.562984704880094 ], [ 17.419613957018811, -30.570174217166326 ], [ 17.433230757593719, -30.585937499815543 ], [ 17.433611750881852, -30.585937499815543 ], [ 17.438886762114805, -30.590150475563817 ], [ 17.439082146124576, -30.590448141268524 ], [ 17.44290542584514, -30.597421169651142 ], [ 17.44200146239794, -30.601185441254898 ], [ 17.440092206190741, -30.603096961955103 ], [ 17.439633846025629, -30.610083341672691 ], [ 17.435231804904333, -30.613420724886311 ], [ 17.435230374082636, -30.616525650438263 ], [ 17.433415651011899, -30.617669463075131 ], [ 17.434386372933147, -30.620907068306423 ], [ 17.43925154242504, -30.626322746097713 ], [ 17.439584850960557, -30.626486777942176 ], [ 17.443537950516088, -30.626408815714115 ], [ 17.445889950161529, -30.628799557253529 ], [ 17.446938156770699, -30.632095456539901 ], [ 17.44945371161964, -30.634279728126799 ], [ 17.449196934491283, -30.63670885542912 ], [ 17.450822352969681, -30.638437271462706 ], [ 17.450183153530077, -30.641024231582961 ], [ 17.461664080433195, -30.651170373014082 ], [ 17.463634729759406, -30.663615942421657 ], [ 17.46729540845638, -30.66629576653618 ], [ 17.471163749607513, -30.673688411390856 ], [ 17.470339059599951, -30.68313360233374 ], [ 17.477968334971138, -30.687641143823583 ], [ 17.485014676986168, -30.697788953497209 ], [ 17.492231607802779, -30.700481533595749 ], [ 17.50109124206756, -30.710047602414775 ], [ 17.502360940005815, -30.713064670497971 ], [ 17.515818715261958, -30.724745154265378 ], [ 17.516650915507739, -30.725794672985572 ], [ 17.523221254457724, -30.736296057417036 ], [ 17.523520231373737, -30.736830353637814 ], [ 17.527331352260262, -30.74544560882768 ], [ 17.530817866451571, -30.761718750419789 ], [ 17.533293246786144, -30.766320943756355 ], [ 17.533385634139933, -30.775033950756068 ], [ 17.536053657350806, -30.782866120375061 ], [ 17.54553234534194, -30.794378638663161 ], [ 17.552848457890434, -30.806530833031459 ], [ 17.55498051663767, -30.811936378161107 ], [ 17.554037451567467, -30.815005063732627 ], [ 17.555121302806356, -30.818043351319389 ], [ 17.557005644195499, -30.81899654905142 ], [ 17.557037473001401, -30.822122931527886 ], [ 17.558148145620692, -30.823165654970936 ], [ 17.561799645837198, -30.825958370981823 ], [ 17.566008448731054, -30.833603143470114 ], [ 17.569060444684169, -30.83521270780011 ], [ 17.56888985678188, -30.839899659541587 ], [ 17.571123003823914, -30.844124555803489 ], [ 17.571485043000507, -30.84443545323343 ], [ 17.575954080017141, -30.846143126403859 ], [ 17.577528953898309, -30.845648050516814 ], [ 17.578125000268898, -30.844866036937859 ], [ 17.580211043405171, -30.838722824698507 ], [ 17.578125000268898, -30.846261143536722 ], [ 17.578125000268898, -30.84737706190181 ], [ 17.574264645996919, -30.851979851488878 ], [ 17.574821948674071, -30.858064770572597 ], [ 17.577790141302103, -30.862325668494648 ], [ 17.578125000268898, -30.865234255856095 ], [ 17.578125000268898, -30.865792274393868 ], [ 17.583495854950058, -30.873146414775164 ], [ 17.584651350679735, -30.877678156121789 ], [ 17.587585568719476, -30.880329609323852 ], [ 17.586837411018166, -30.882576942271854 ], [ 17.589776873903986, -30.885183215333043 ], [ 17.591459870576756, -30.889625310459536 ], [ 17.595654367955007, -30.892159462389159 ], [ 17.59476566330477, -30.900553226250295 ], [ 17.598883033026027, -30.901096343920955 ], [ 17.59973204160076, -30.906172275829789 ], [ 17.603027820378031, -30.907808303610153 ], [ 17.603581666960395, -30.916283845522983 ], [ 17.609919309928415, -30.917610526304571 ], [ 17.618238806875866, -30.924806952578663 ], [ 17.624071478716132, -30.931507230074516 ], [ 17.625008702689854, -30.934290647095466 ], [ 17.629623412790465, -30.936198353770948 ], [ 17.630031347069377, -30.936465263560947 ], [ 17.630064010446091, -30.937500000124842 ], [ 17.630159974403739, -30.937500000124842 ], [ 17.629951715699434, -30.93982827655357 ], [ 17.631520270943952, -30.940424561244441 ], [ 17.631504655116032, -30.942949056253738 ], [ 17.634086012459818, -30.946260571367958 ], [ 17.634835124341862, -30.945853948300908 ], [ 17.637372255725154, -30.949652075782595 ], [ 17.640634417844524, -30.950041055949697 ], [ 17.643290161712002, -30.954197048854624 ], [ 17.646587967561118, -30.95597434034336 ], [ 17.646834730738306, -30.959438920070028 ], [ 17.652245521613736, -30.962523460688942 ], [ 17.655960321511657, -30.967403650657801 ], [ 17.658472180147328, -30.975278138774911 ], [ 17.661816358638418, -30.976922750584237 ], [ 17.662508368066938, -30.982094764261745 ], [ 17.66694271553402, -30.983769417024874 ], [ 17.67441165437458, -30.994317174098242 ], [ 17.679495453552477, -30.99873101702255 ], [ 17.67682516584901, -30.999142050365109 ], [ 17.678403258403932, -31.001100539957662 ], [ 17.681886553921743, -31.002614736580682 ], [ 17.680929422555039, -31.004324674244145 ], [ 17.681589603178111, -31.008947610443684 ], [ 17.686540842286149, -31.015400767731151 ], [ 17.688108205929382, -31.019522428117469 ], [ 17.685584545490713, -31.022598743537031 ], [ 17.685832143239224, -31.025715827922923 ], [ 17.691757202432996, -31.030115842871766 ], [ 17.692551135626672, -31.038355708448904 ], [ 17.695890545912221, -31.04085385781903 ], [ 17.698077201601706, -31.044311761878205 ], [ 17.700493455109211, -31.049161910893332 ], [ 17.700780272291922, -31.05321907999641 ], [ 17.70528197268527, -31.055943250580356 ], [ 17.705182433023253, -31.061025738546846 ], [ 17.702735901141182, -31.064330935923891 ], [ 17.70275080200804, -31.067338228376371 ], [ 17.70948815315603, -31.071276545775859 ], [ 17.713457822720471, -31.078571319210937 ], [ 17.720716953325024, -31.085559844710843 ], [ 17.722368836153038, -31.090181231378409 ], [ 17.722078919007288, -31.095822930383704 ], [ 17.728679776450861, -31.098671555447723 ], [ 17.735835552468984, -31.107601762211473 ], [ 17.738429546187035, -31.113281249829726 ], [ 17.738464355345968, -31.113689542038657 ], [ 17.737191438734385, -31.115098238292973 ], [ 17.735788345256111, -31.123470545229409 ], [ 17.738563418367221, -31.126656175042243 ], [ 17.745445251897195, -31.12816095396478 ], [ 17.745705843050644, -31.13041090933595 ], [ 17.743381976897012, -31.13317382361295 ], [ 17.743168115416665, -31.135978936778443 ], [ 17.746462106341482, -31.137366652748668 ], [ 17.751027345635634, -31.146204352548637 ], [ 17.75275695327116, -31.146375060060862 ], [ 17.758377432772704, -31.151574015628242 ], [ 17.759555220897141, -31.153924942381963 ], [ 17.75963914383172, -31.153943538563354 ], [ 17.762901425560813, -31.160604357405077 ], [ 17.768058538371292, -31.165052414137364 ], [ 17.772647499982355, -31.172433972149918 ], [ 17.781674266054665, -31.179258465805361 ], [ 17.784738302131359, -31.184730530189725 ], [ 17.792628168655369, -31.192987561126941 ], [ 17.793559551532326, -31.199286222081255 ], [ 17.797116637323143, -31.203195214387449 ], [ 17.802313923748898, -31.204388022089489 ], [ 17.807808041308476, -31.209923744085302 ], [ 17.808049321319459, -31.213036656516422 ], [ 17.811222553078778, -31.213783741326353 ], [ 17.817277431208936, -31.218876958204731 ], [ 17.817450523722869, -31.224044561607073 ], [ 17.817902803571997, -31.224438309979831 ], [ 17.820028067041818, -31.224835872377497 ], [ 17.823639154423745, -31.223875045696701 ], [ 17.829985260911428, -31.229024052917651 ], [ 17.837654828607924, -31.233164548704863 ], [ 17.839474916134918, -31.23675072216794 ], [ 17.841235041364484, -31.236973047168206 ], [ 17.858983874206785, -31.252929568044991 ], [ 17.860859752076351, -31.254895448266183 ], [ 17.868476748103603, -31.266108274676839 ], [ 17.86943054208632, -31.271335602056325 ], [ 17.871162772144658, -31.271184921546833 ], [ 17.873731255693258, -31.273178339008865 ], [ 17.879236936735708, -31.280551075571452 ], [ 17.881791472698552, -31.289062500433971 ], [ 17.882029056496009, -31.289062500433971 ], [ 17.878452658663718, -31.291184067690509 ], [ 17.88032126461502, -31.293967008970156 ], [ 17.879132867188332, -31.294515967737482 ], [ 17.880375146596123, -31.30082774170684 ], [ 17.878641843646506, -31.302169323355457 ], [ 17.878828048276262, -31.304734349010886 ], [ 17.876482010237055, -31.307352304265237 ], [ 17.876374602406145, -31.309825658427172 ], [ 17.878598213037236, -31.312077760480193 ], [ 17.877405643655948, -31.320672035385797 ], [ 17.884932041081242, -31.326305151261593 ], [ 17.885968565497137, -31.33023500424197 ], [ 17.889106869386978, -31.331659078903186 ], [ 17.890223026072107, -31.335689664046598 ], [ 17.89366042648777, -31.338375926407778 ], [ 17.89556562945063, -31.341999650163601 ], [ 17.898890018360049, -31.343270659313262 ], [ 17.900560856198695, -31.347169518058706 ], [ 17.899192928910907, -31.350973844567108 ], [ 17.903041600989525, -31.354886650898052 ], [ 17.906093358622002, -31.356118321003592 ], [ 17.908373832486603, -31.360723853522956 ], [ 17.9142379761021, -31.366631269817134 ], [ 17.919036269308577, -31.367259621634105 ], [ 17.926749705934554, -31.374023437131839 ], [ 17.928673148047693, -31.376027703115781 ], [ 17.929687499678721, -31.378069042752045 ], [ 17.934257626788451, -31.383438945051125 ], [ 17.934478044326625, -31.385748505688895 ], [ 17.938396453433938, -31.389472603677547 ], [ 17.937330842244705, -31.391815304332695 ], [ 17.945187210821473, -31.399172544677029 ], [ 17.944427847567425, -31.401088833582634 ], [ 17.947314620074053, -31.405552506143096 ], [ 17.951930642285447, -31.409991503105189 ], [ 17.956015348629819, -31.411914348967812 ], [ 17.957569837578319, -31.416452050121933 ], [ 17.961515665216098, -31.419042468135174 ], [ 17.966808081028546, -31.420528649977044 ], [ 17.971269130266279, -31.424994229999598 ], [ 17.971452951692811, -31.427817106574054 ], [ 17.982447743768518, -31.438090920259441 ], [ 17.989592432944647, -31.451733350613466 ], [ 17.99577236180528, -31.45775854572021 ], [ 17.998805045716665, -31.459077238723367 ], [ 17.999061822845192, -31.459331155108615 ], [ 17.999439954490754, -31.462230921020094 ], [ 18.002807259947531, -31.464146256644327 ], [ 18.002289175805004, -31.46484375013867 ], [ 18.002256512428289, -31.465548872582218 ], [ 18.007671356548315, -31.471461772942305 ], [ 18.008159518447485, -31.474213004126696 ], [ 18.014568447975734, -31.478459119892264 ], [ 18.027258515168711, -31.492086053128745 ], [ 18.032144427523747, -31.494013547586832 ], [ 18.032066941036675, -31.496970653372756 ], [ 18.036385535864099, -31.500933647269804 ], [ 18.037557244571502, -31.504084825853909 ], [ 18.039998054067155, -31.504697560943512 ], [ 18.042607069161278, -31.511226058036044 ], [ 18.042900323691271, -31.511523723740666 ], [ 18.045694708843854, -31.512664913954453 ], [ 18.050468206842424, -31.518267750556063 ], [ 18.054062247574933, -31.518332124028035 ], [ 18.057581543853331, -31.523816108926226 ], [ 18.062909125855811, -31.525151014007989 ], [ 18.083235025376553, -31.54460120228353 ], [ 18.086692452794864, -31.550506114865087 ], [ 18.097729563368716, -31.559623002899031 ], [ 18.104192733708004, -31.567102074401134 ], [ 18.11765146224559, -31.585535049402793 ], [ 18.118286609339975, -31.59106230697968 ], [ 18.114683747157414, -31.599759101900958 ], [ 18.117565155208069, -31.601779222932649 ], [ 18.119328141181114, -31.600870728701082 ], [ 18.118888616416797, -31.604574441756796 ], [ 18.127836108150177, -31.609845519355105 ], [ 18.132028460645103, -31.616783142328089 ], [ 18.129583358685181, -31.619267702042592 ], [ 18.131468058004742, -31.623744249297346 ], [ 18.135166644925107, -31.627637028625742 ], [ 18.138800263022176, -31.627800225899392 ], [ 18.139474630450309, -31.632607818096091 ], [ 18.142834306058774, -31.636583327858105 ], [ 18.145671248029885, -31.637958645774802 ], [ 18.145830154638304, -31.638234257404775 ], [ 18.146838545562844, -31.640624999843808 ], [ 18.146915674119441, -31.640624999843808 ], [ 18.146348237881085, -31.645997643276445 ], [ 18.151100874306138, -31.656121850242997 ], [ 18.158385515079658, -31.660418629316169 ], [ 18.167628168805322, -31.675899624667764 ], [ 18.170789718371282, -31.678057551514669 ], [ 18.171332478111736, -31.680097460329335 ], [ 18.173608541701242, -31.681006550811517 ], [ 18.181942343264836, -31.690943837288046 ], [ 18.184111356953849, -31.694445133635753 ], [ 18.184806823376334, -31.700176834992845 ], [ 18.187430858947209, -31.702896714011914 ], [ 18.187759160956887, -31.702425122121582 ], [ 18.188438773231155, -31.694068670232724 ], [ 18.191539525928704, -31.690464853869699 ], [ 18.195068955768022, -31.68925786026189 ], [ 18.197943448931255, -31.684033155305571 ], [ 18.195491552593467, -31.670585512711071 ], [ 18.195044755910885, -31.65583002563497 ], [ 18.193321943553315, -31.651135444944728 ], [ 18.19649684445406, -31.647682547411506 ], [ 18.202030420667683, -31.645326852452129 ], [ 18.202608942848769, -31.644813180383792 ], [ 18.204260468645941, -31.643005609621028 ], [ 18.204253554657981, -31.640624999843808 ], [ 18.204396843639643, -31.640624999843808 ], [ 18.203591703994107, -31.638417959221286 ], [ 18.205348610550345, -31.63830065704957 ], [ 18.205868244224405, -31.638988256202836 ], [ 18.206874728585944, -31.640624999843808 ], [ 18.207457423621378, -31.642845511410968 ], [ 18.205821156621425, -31.645772218313041 ], [ 18.199360251674648, -31.647103309370053 ], [ 18.19637978060257, -31.649965643699176 ], [ 18.199095011026259, -31.676113128218077 ], [ 18.201383352160178, -31.685566425649938 ], [ 18.205809474427895, -31.692101359190204 ], [ 18.200474024256891, -31.701512932575639 ], [ 18.203314304511878, -31.694070101054052 ], [ 18.202783941925418, -31.690572738341103 ], [ 18.201258539750256, -31.687714815186354 ], [ 18.200778960980415, -31.687598943835965 ], [ 18.19704532658082, -31.692661761830678 ], [ 18.191667914043165, -31.69586825411649 ], [ 18.19093728053133, -31.701532244617283 ], [ 18.193227052486918, -31.706069827060588 ], [ 18.193556428286797, -31.706642866075313 ], [ 18.195950269789421, -31.707937002190832 ], [ 18.197068810577605, -31.709039211290374 ], [ 18.197349548343425, -31.710673451218739 ], [ 18.204856515016616, -31.718189358951534 ], [ 18.206137061476426, -31.724190354201326 ], [ 18.210052251910042, -31.730036258666104 ], [ 18.214791417390188, -31.734496116302537 ], [ 18.216907263160067, -31.738707542518924 ], [ 18.220613479928488, -31.741506219236413 ], [ 18.225950002990601, -31.751246809592402 ], [ 18.226686239278706, -31.754161238949806 ], [ 18.221314549127612, -31.756601214773951 ], [ 18.222352623974672, -31.75893354444743 ], [ 18.221226215018078, -31.760440707472483 ], [ 18.22241222834208, -31.763242959894583 ], [ 18.22444212410511, -31.763688564075778 ], [ 18.225443840261192, -31.778848409726066 ], [ 18.228226542321437, -31.785038947888864 ], [ 18.231051921708854, -31.787383913936338 ], [ 18.23160314586886, -31.794330954609819 ], [ 18.233024955137836, -31.796431303261969 ], [ 18.233047008313122, -31.797003746025922 ], [ 18.229220748239186, -31.79960644248321 ], [ 18.232234120108728, -31.804586530044119 ], [ 18.232492446769413, -31.808055877976258 ], [ 18.235247254557521, -31.814066052606051 ], [ 18.234736204013075, -31.815109848940224 ], [ 18.229947448116263, -31.815727233524925 ], [ 18.230137348060566, -31.816406250447884 ], [ 18.230370163652537, -31.816406250447884 ], [ 18.230295658418186, -31.817667603576936 ], [ 18.233030319593922, -31.81863856291929 ], [ 18.231559157329372, -31.81953477870691 ], [ 18.231384873213699, -31.819988131446976 ], [ 18.231727362028607, -31.821624040516951 ], [ 18.232090353587296, -31.822316169555307 ], [ 18.232935428527554, -31.822540521627687 ], [ 18.233229517628359, -31.822397113036203 ], [ 18.233693718890123, -31.821084618160313 ], [ 18.23680806124338, -31.823761820751216 ], [ 18.266084671171029, -31.864259839319999 ], [ 18.27345025542536, -31.878798722882564 ], [ 18.28055882423061, -31.897481561024989 ], [ 18.278710842431906, -31.903008580281565 ], [ 18.28006303338276, -31.909546137144361 ], [ 18.276460051590362, -31.91149854642056 ], [ 18.271763325117831, -31.911796808375883 ], [ 18.275945663661844, -31.919230341806639 ], [ 18.276319623352265, -31.925732374549256 ], [ 18.275487423106483, -31.928838730023259 ], [ 18.275014758324858, -31.930117130700921 ], [ 18.273390173517924, -31.932690739485849 ], [ 18.272971272906375, -31.93285894418473 ], [ 18.265440821337222, -31.933875321988438 ], [ 18.265246510218731, -31.93748891398198 ], [ 18.265379547827933, -31.938541531766205 ], [ 18.269400358240119, -31.950936079036609 ], [ 18.272507071644498, -31.955242037489953 ], [ 18.275108813921065, -31.956653237456891 ], [ 18.277422547412698, -31.964503764936708 ], [ 18.279365658598692, -31.966653943224756 ], [ 18.279531121264483, -31.967062354144232 ], [ 18.280962824874905, -31.975207328655088 ], [ 18.28124999998775, -31.975725412797516 ], [ 18.286145329143835, -31.983056306603117 ], [ 18.286747217510538, -31.987539172494593 ], [ 18.286621451818831, -31.988666057192589 ], [ 18.286032914787455, -31.989781140986693 ], [ 18.285465836479489, -31.990115642922447 ], [ 18.282576322839475, -31.990706801477444 ], [ 18.282300233669105, -31.991004109252017 ], [ 18.282234668595379, -31.992187500152937 ], [ 18.282236456447578, -31.992187500152937 ], [ 18.28124999998775, -31.994977712451387 ], [ 18.281422853282294, -31.995507717107287 ], [ 18.28411877166414, -31.997432350822265 ], [ 18.292844772068975, -32.011636972568127 ], [ 18.294700503325913, -32.017086267916852 ], [ 18.293124079912673, -32.021109819462481 ], [ 18.293563008426474, -32.025021552902231 ], [ 18.297000169622493, -32.027885675083525 ], [ 18.300245643022208, -32.034699916467744 ], [ 18.314760922978508, -32.071033001071967 ], [ 18.315417647506877, -32.080485820963787 ], [ 18.314069628510879, -32.085012674495104 ], [ 18.309408068228208, -32.089111805065642 ], [ 18.305102348095062, -32.089283347148665 ], [ 18.304597377866941, -32.091603040447893 ], [ 18.301252364805123, -32.092158674882711 ], [ 18.300315260441323, -32.094304441996215 ], [ 18.300315260441323, -32.097008228546684 ], [ 18.301794647904785, -32.098797202228937 ], [ 18.300701141544664, -32.102195024380677 ], [ 18.302228927823052, -32.104256748949609 ], [ 18.300919174980322, -32.106822252145008 ], [ 18.301345825050078, -32.115252852237262 ], [ 18.303907156290535, -32.12461984173224 ], [ 18.306278943718667, -32.146813273413642 ], [ 18.311748147359481, -32.162539839441834 ], [ 18.311105251706408, -32.166561364814996 ], [ 18.309550404827519, -32.167526364350024 ], [ 18.309532761927585, -32.167968749857636 ], [ 18.309585928947797, -32.167968749857636 ], [ 18.311670660872664, -32.170884251206957 ], [ 18.310305356907122, -32.172978758762525 ], [ 18.310463667264571, -32.174461603220237 ], [ 18.311144829070827, -32.176172256744138 ], [ 18.317765354687708, -32.185695171594688 ], [ 18.319106101765328, -32.188195824677422 ], [ 18.32633852969974, -32.204352259449152 ], [ 18.323625326348065, -32.212028145782099 ], [ 18.326756119999146, -32.219445109204202 ], [ 18.328727841317288, -32.220513463325375 ], [ 18.328730940381035, -32.224709153204543 ], [ 18.33487725258334, -32.237724899983931 ], [ 18.335206747094048, -32.238728642312822 ], [ 18.342455506716561, -32.263614177452069 ], [ 18.344477057670474, -32.272556900979978 ], [ 18.345744251896036, -32.281408428755881 ], [ 18.344738603004487, -32.294929146662497 ], [ 18.342810273075941, -32.307121872576118 ], [ 18.339180350293162, -32.31265854875285 ], [ 18.337592243787469, -32.314592480558389 ], [ 18.335757017072865, -32.316165924517605 ], [ 18.329266667423155, -32.315076947143282 ], [ 18.32846224273851, -32.315197825019439 ], [ 18.323610305870943, -32.317450642932627 ], [ 18.316280245736863, -32.314339161323019 ], [ 18.31502926359002, -32.314232468453454 ], [ 18.314597964024983, -32.314567327420065 ], [ 18.313613533737907, -32.317711353695827 ], [ 18.313596296972207, -32.318404604526521 ], [ 18.313596129158441, -32.318411350003686 ], [ 18.315153479749597, -32.320868372477335 ], [ 18.315417051256361, -32.3224502799563 ], [ 18.31486153643101, -32.326363205897081 ], [ 18.316800474762232, -32.33079147304791 ], [ 18.315686106828679, -32.336526512688252 ], [ 18.318811536023929, -32.34374999956259 ], [ 18.319212078774541, -32.34374999956259 ], [ 18.324242949253062, -32.361168742543214 ], [ 18.326439618893488, -32.371622919761791 ], [ 18.333371758699826, -32.414907931955341 ], [ 18.33505725818614, -32.438476443233142 ], [ 18.334396957953686, -32.476423024902559 ], [ 18.333371758699826, -32.48774504699611 ], [ 18.328124999669399, -32.518275618524797 ], [ 18.327595352943462, -32.519531250166835 ], [ 18.320391654751347, -32.548442125603529 ], [ 18.3189035654473, -32.552923917704518 ], [ 18.311786175192196, -32.571555733710014 ], [ 18.301032900548307, -32.594476341909527 ], [ 18.29258465755629, -32.611464976926953 ], [ 18.28124999998775, -32.630859256149634 ], [ 18.28066837784371, -32.632102131807756 ], [ 18.255017638353479, -32.668932438081413 ], [ 18.244397878859189, -32.681282043531326 ], [ 18.228283762586045, -32.695312499871889 ], [ 18.227852344310548, -32.695312499871889 ], [ 18.200911879879584, -32.713464855818273 ], [ 18.190374255467873, -32.727259874143797 ], [ 18.181709647282787, -32.735294461370088 ], [ 18.171425343005637, -32.749867320420336 ], [ 18.159032225656915, -32.760602712944788 ], [ 18.145039319609282, -32.769376755132953 ], [ 18.144991636654908, -32.769447445443191 ], [ 18.1505807639914, -32.771802902082072 ], [ 18.152491808050655, -32.774957537660171 ], [ 18.152497529537584, -32.775231957688561 ], [ 18.149798870022096, -32.779189109589566 ], [ 18.143301725094688, -32.782258749341636 ], [ 18.142021417854551, -32.785850524681805 ], [ 18.142075299835483, -32.786179065911057 ], [ 18.149992704499908, -32.791673660111215 ], [ 18.152254462573694, -32.792173266782711 ], [ 18.158587217726335, -32.788601040905121 ], [ 18.169305443991249, -32.787697434488862 ], [ 18.170860409580428, -32.788143753631118 ], [ 18.17328715367961, -32.792600631813642 ], [ 18.178313851303443, -32.794389843816106 ], [ 18.180895209546691, -32.791877150609892 ], [ 18.188168168126708, -32.789592266469782 ], [ 18.189878702040687, -32.787562131487078 ], [ 18.192189931820081, -32.787683606513113 ], [ 18.200858354929352, -32.79244136817438 ], [ 18.205452323066453, -32.792140841726294 ], [ 18.208601951219208, -32.794554233590873 ], [ 18.210767746234637, -32.798465967030623 ], [ 18.210235953726738, -32.803739070801399 ], [ 18.207373976428045, -32.806351542889217 ], [ 18.204638004040987, -32.806898355874239 ], [ 18.198876976691508, -32.801656246338638 ], [ 18.197921634076522, -32.810606122174718 ], [ 18.197115659860088, -32.812476873009146 ], [ 18.196055412227736, -32.812042355670059 ], [ 18.196972131658868, -32.807102680044537 ], [ 18.195436835142004, -32.797410607213664 ], [ 18.19640624495247, -32.795486569749201 ], [ 18.195098042541019, -32.78968465292418 ], [ 18.192364215936266, -32.788403153182742 ], [ 18.183798909092587, -32.79149210497647 ], [ 18.17844331230927, -32.795214057182818 ], [ 18.184839248432752, -32.797367214924876 ], [ 18.189862966602846, -32.796610951634037 ], [ 18.189927578395384, -32.798168659256035 ], [ 18.186459541674822, -32.799789667458995 ], [ 18.176575303507775, -32.798245906523292 ], [ 18.1691230533865, -32.78826045955249 ], [ 18.15711152557671, -32.790208101522595 ], [ 18.153013706218019, -32.793408632202457 ], [ 18.14959835987662, -32.793518542846243 ], [ 18.140591144166365, -32.78551113583012 ], [ 18.142759680315407, -32.780501246535152 ], [ 18.150260567571536, -32.777408004075994 ], [ 18.150682926076314, -32.774332642837081 ], [ 18.149128555838558, -32.772220254061281 ], [ 18.147875666229424, -32.771592855525753 ], [ 18.143611550532796, -32.773098945659697 ], [ 18.136752129007789, -32.77811801433468 ], [ 18.133349061110721, -32.777840375632607 ], [ 18.134102701978463, -32.776331424755369 ], [ 18.144802450772829, -32.771115064608438 ], [ 18.144258141500416, -32.769456863143489 ], [ 18.144052743539646, -32.769351005744113 ], [ 18.135569453068115, -32.774702667993552 ], [ 18.129609942645033, -32.777001857649466 ], [ 18.120754956976043, -32.777642727129972 ], [ 18.112573147133332, -32.780383467722757 ], [ 18.107624530448106, -32.780412912425788 ], [ 18.105580806709156, -32.778472542373777 ], [ 18.104519962826373, -32.779832959423373 ], [ 18.098661541597266, -32.780844211990654 ], [ 18.095753430876329, -32.777645229943303 ], [ 18.092857956529713, -32.780017256591023 ], [ 18.090497732584538, -32.78032517456694 ], [ 18.086984038183232, -32.777445077728061 ], [ 18.081916928623741, -32.777935266699075 ], [ 18.079427719413957, -32.776916861823537 ], [ 18.067686557488855, -32.781418442606949 ], [ 18.06391382236535, -32.781733870821256 ], [ 18.061709642486193, -32.783460616813855 ], [ 18.055567503137951, -32.784468531997078 ], [ 18.051962613883916, -32.778183221478358 ], [ 18.051803946495085, -32.774613022672796 ], [ 18.049008846381412, -32.773988246560251 ], [ 18.040735840786795, -32.765787244285733 ], [ 18.03604841240454, -32.76311421364997 ], [ 18.035547017880958, -32.761143445613385 ], [ 18.031347155147273, -32.760630726826392 ], [ 18.029049157992574, -32.756488323577173 ], [ 18.022865653427402, -32.754642844591459 ], [ 18.019874811373825, -32.752058863925313 ], [ 18.014314055849241, -32.75022912037744 ], [ 18.010720372147773, -32.743659258068149 ], [ 18.012496948675619, -32.742900013524732 ], [ 18.014521718303058, -32.743700027034393 ], [ 18.019083142673111, -32.741404056951538 ], [ 18.015236378056557, -32.74015021316167 ], [ 18.015387177276693, -32.739164829593065 ], [ 18.010922073894903, -32.739400029287722 ], [ 18.009821653546908, -32.737066268793171 ], [ 18.006741642812983, -32.736776351647237 ], [ 18.005516648374822, -32.734728455953331 ], [ 17.995117426028742, -32.732877850832011 ], [ 17.991243362491389, -32.729970216751923 ], [ 17.987919211003003, -32.729881167681583 ], [ 17.979484438956149, -32.726259828028461 ], [ 17.978772639945674, -32.722993731375496 ], [ 17.9770096539728, -32.722567915876553 ], [ 17.974828719769789, -32.718962907911788 ], [ 17.978366374808587, -32.716586231769043 ], [ 17.977849126136675, -32.709963440760021 ], [ 17.983286618782614, -32.702679872877781 ], [ 17.981284021940382, -32.702363253061549 ], [ 17.978607654819825, -32.703961968869635 ], [ 17.973470329792235, -32.703893661762919 ], [ 17.972251534381144, -32.701744914296285 ], [ 17.967922568571851, -32.699360012954017 ], [ 17.967108011226031, -32.699252843443858 ], [ 17.965975642462098, -32.699438572332127 ], [ 17.964879036138939, -32.700749158846463 ], [ 17.965001344836594, -32.701283335457404 ], [ 17.968011379321894, -32.704764843122945 ], [ 17.967939853541594, -32.705782175107203 ], [ 17.967473506497583, -32.706698656217839 ], [ 17.962622762131218, -32.713325142541152 ], [ 17.957424759845196, -32.71780431311835 ], [ 17.951401352590636, -32.721007824151584 ], [ 17.950195431873908, -32.721534610133986 ], [ 17.947379112256414, -32.722238063435725 ], [ 17.9427881244726, -32.722068310104333 ], [ 17.939785242295272, -32.719877243240035 ], [ 17.941539048888387, -32.718492745943308 ], [ 17.940028071838412, -32.715427518265145 ], [ 17.939468144939269, -32.715230941754342 ], [ 17.938230753347057, -32.715447425657942 ], [ 17.937773942713648, -32.715814351750751 ], [ 17.936501622352125, -32.718310356237751 ], [ 17.932028055450758, -32.720016479876477 ], [ 17.929687499678721, -32.718191862464295 ], [ 17.925251722289318, -32.715211629712783 ], [ 17.924772500550773, -32.714963317003267 ], [ 17.920117973865615, -32.713743329091159 ], [ 17.918375969075953, -32.71743857862738 ], [ 17.921566128774145, -32.717511057688981 ], [ 17.921833038564074, -32.721075773328096 ], [ 17.919944167289827, -32.725580334464723 ], [ 17.915328621718743, -32.728245020291297 ], [ 17.916083335477879, -32.732241272916298 ], [ 17.910421371149823, -32.736102700079385 ], [ 17.905448913437056, -32.735326051855694 ], [ 17.904330253938497, -32.734122037701709 ], [ 17.901354670681826, -32.73525047283097 ], [ 17.899961829475274, -32.73652875389871 ], [ 17.895564913590192, -32.744022369236745 ], [ 17.896027922351038, -32.747413158690222 ], [ 17.893733858830643, -32.747302055545234 ], [ 17.893266200575056, -32.748031258235812 ], [ 17.892960429280549, -32.749549508103158 ], [ 17.89366900961727, -32.75156080678569 ], [ 17.897686123815816, -32.750811457482556 ], [ 17.903119564117048, -32.760263204483081 ], [ 17.904628753314569, -32.764825225103905 ], [ 17.905135870224626, -32.767053842260864 ], [ 17.907134413822348, -32.777762174184801 ], [ 17.907037616193236, -32.789816737252536 ], [ 17.90411424667559, -32.797846317053782 ], [ 17.899840235738679, -32.801601410176715 ], [ 17.896740317611773, -32.801915526280325 ], [ 17.897277116645796, -32.804034352403235 ], [ 17.893502950700963, -32.806845069244474 ], [ 17.884994507091136, -32.806490301985789 ], [ 17.883928537072734, -32.802239537624487 ], [ 17.882304072775071, -32.801337837770859 ], [ 17.88135254418475, -32.803005456936106 ], [ 17.882236003988737, -32.810217856968336 ], [ 17.880799055532151, -32.811602472975608 ], [ 17.872261047609442, -32.814486980089839 ], [ 17.867720842743154, -32.811859250104149 ], [ 17.863847017526126, -32.812685370033677 ], [ 17.861509680427844, -32.8109451530961 ], [ 17.863684177283147, -32.816976308909446 ], [ 17.861509680427844, -32.815746664976544 ], [ 17.858603954709054, -32.81682860875317 ], [ 17.855356455136587, -32.815791248866901 ], [ 17.852464318173958, -32.816592574487515 ], [ 17.850442052259154, -32.819298744241578 ], [ 17.850119352126853, -32.822436332270712 ], [ 17.847680449193717, -32.822510838404327 ], [ 17.846634745397637, -32.825678110356321 ], [ 17.844705108753914, -32.825658831589649 ], [ 17.843317747116629, -32.825644970339013 ], [ 17.844369053689263, -32.82764005694294 ], [ 17.843639254748155, -32.829731941175979 ], [ 17.8457617465113, -32.829502658155221 ], [ 17.846760034448323, -32.829394817716519 ], [ 17.848433852640369, -32.837483644854117 ], [ 17.85010790825379, -32.838809848095835 ], [ 17.852248072590839, -32.837773322780563 ], [ 17.851757526588898, -32.834422469521172 ], [ 17.85346305397718, -32.834679842000938 ], [ 17.856399655220059, -32.838024020491957 ], [ 17.855723619549593, -32.8390125040237 ], [ 17.859319209813975, -32.840576529383227 ], [ 17.858766317411892, -32.844197273685126 ], [ 17.862009167489418, -32.843541622048136 ], [ 17.863846779205829, -32.84535884883168 ], [ 17.86585092558002, -32.842854977075433 ], [ 17.8691073653128, -32.845945954142366 ], [ 17.8728232381022, -32.846420407675538 ], [ 17.871704220673507, -32.849632501838357 ], [ 17.877197742881748, -32.851897835616526 ], [ 17.879420518942027, -32.857081532386658 ], [ 17.879274726247843, -32.860630631298491 ], [ 17.88095760331089, -32.862091779611859 ], [ 17.881214976690131, -32.863119363867412 ], [ 17.881329417219007, -32.864021777782639 ], [ 17.879436612310087, -32.866517067308763 ], [ 17.879649757930196, -32.868910074240389 ], [ 17.879811167351647, -32.869320630942184 ], [ 17.882757067584919, -32.869777321965671 ], [ 17.882591247887916, -32.871093749576772 ], [ 17.883166909325723, -32.871093749576772 ], [ 17.882919073257085, -32.876851916182787 ], [ 17.879679441853227, -32.88317143961001 ], [ 17.873819231872403, -32.886240124282153 ], [ 17.870960712467308, -32.885356664478266 ], [ 17.867682933620927, -32.885975122853452 ], [ 17.863932251672338, -32.888255119178339 ], [ 17.864088654568036, -32.890637516807743 ], [ 17.862413048523564, -32.891626238659867 ], [ 17.862436652129901, -32.892981409963923 ], [ 17.866814374684054, -32.895090580066054 ], [ 17.864091873241563, -32.898423313784832 ], [ 17.858037352142503, -32.899134159513679 ], [ 17.857261061848931, -32.900877833445151 ], [ 17.860181569724034, -32.903033971540509 ], [ 17.856149435048735, -32.905561446903107 ], [ 17.858452916269243, -32.906686425038288 ], [ 17.857313275587529, -32.909458160765269 ], [ 17.858688354284283, -32.912271857060333 ], [ 17.865737914973181, -32.911597728852058 ], [ 17.866947055262585, -32.912863969796149 ], [ 17.869103908319175, -32.912624358926877 ], [ 17.868213534527257, -32.916212320242224 ], [ 17.869080543932228, -32.918056845946481 ], [ 17.873040437866052, -32.917361855265213 ], [ 17.876179456716869, -32.918734550758842 ], [ 17.880830526407834, -32.926241517432018 ], [ 17.882915020012319, -32.93144834026846 ], [ 17.884819746334415, -32.93807434995108 ], [ 17.885264158014934, -32.949623823180687 ], [ 17.883169413038161, -32.951639771358145 ], [ 17.881491541601548, -32.950620651521717 ], [ 17.880786061228207, -32.954028844655298 ], [ 17.876740813537964, -32.954009413903179 ], [ 17.872806311062675, -32.956088661762138 ], [ 17.876431346029989, -32.95693695537598 ], [ 17.878350853609277, -32.958804250115875 ], [ 17.883116841369542, -32.959202647084354 ], [ 17.88379991063772, -32.962758541273502 ], [ 17.879140734457735, -32.964708566447101 ], [ 17.881206155240051, -32.966259241370679 ], [ 17.884341478776491, -32.966487527077646 ], [ 17.881842375225546, -32.968549609576627 ], [ 17.881652354772683, -32.973401546444009 ], [ 17.88268888008821, -32.975003004285099 ], [ 17.878727317012306, -32.974942922377835 ], [ 17.877891779382395, -32.975976347730153 ], [ 17.880264520991261, -32.978192449022131 ], [ 17.883724451222662, -32.978019833148622 ], [ 17.884652852847296, -32.978317618463166 ], [ 17.885121702704623, -32.979152441132115 ], [ 17.885002136040157, -32.979698061616105 ], [ 17.884266257681816, -32.980547308511319 ], [ 17.881809115598315, -32.9800126552596 ], [ 17.880394458637682, -32.982080459245594 ], [ 17.875161648091733, -32.98390126263304 ], [ 17.875479102478778, -32.989070415567085 ], [ 17.871428132402684, -32.990679025716261 ], [ 17.870504617694337, -32.993975043713107 ], [ 17.872724056370373, -32.996467948237068 ], [ 17.870703935338497, -32.99844002748506 ], [ 17.87175524191133, -33.000243067463444 ], [ 17.877662659104601, -33.0022363662152 ], [ 17.87655901918356, -33.005637050009753 ], [ 17.879174828655778, -33.007555126767627 ], [ 17.883124947858278, -33.006661534302182 ], [ 17.884497046202114, -33.002690076885386 ], [ 17.890576720439753, -33.003098964445556 ], [ 17.897061467313279, -33.007627725438965 ], [ 17.902704357919987, -33.015769242956097 ], [ 17.902859449604364, -33.016055941428448 ], [ 17.90376043359754, -33.021447420262135 ], [ 17.900748968290571, -33.028008461121459 ], [ 17.896435260379235, -33.02911901503029 ], [ 17.890978217371185, -33.025462746608312 ], [ 17.890621900580442, -33.025456547581513 ], [ 17.887833476134347, -33.02668905225778 ], [ 17.887546539341713, -33.027350544991521 ], [ 17.887177944107037, -33.028576970250825 ], [ 17.889776110679406, -33.028913855389987 ], [ 17.891510844450067, -33.030856847865167 ], [ 17.891393542278536, -33.033360123370812 ], [ 17.89388167859704, -33.033746719435399 ], [ 17.895308732712181, -33.035439133808836 ], [ 17.894970655071887, -33.039139866511519 ], [ 17.893144846058135, -33.040163040491819 ], [ 17.892962455453301, -33.04229474040973 ], [ 17.895684361544397, -33.042428612590186 ], [ 17.899031042848662, -33.040292621107383 ], [ 17.899688244017511, -33.040322422841442 ], [ 17.901179909925105, -33.041317820361058 ], [ 17.900997042679592, -33.042841076754172 ], [ 17.90261900416408, -33.043918967286288 ], [ 17.901722311735682, -33.046875000181018 ], [ 17.901749848976806, -33.047378659197548 ], [ 17.908203363294945, -33.049517512323192 ], [ 17.90794324878226, -33.051293730920818 ], [ 17.910337448215103, -33.053171753673325 ], [ 17.908773303245823, -33.055637717206778 ], [ 17.910233855308491, -33.055491208652157 ], [ 17.911009311930513, -33.055061221198258 ], [ 17.914188146466017, -33.05003476099526 ], [ 17.917283177676893, -33.047456741035617 ], [ 17.918368220517181, -33.046875000181018 ], [ 17.918721913985394, -33.046875000181018 ], [ 17.921955704292657, -33.045848250496277 ], [ 17.923786402020994, -33.044808507406515 ], [ 17.925853014405504, -33.042595624788035 ], [ 17.929687499678721, -33.04213154313608 ], [ 17.931271434229529, -33.042218446423945 ], [ 17.938860654695645, -33.038960933799856 ], [ 17.937209844758797, -33.034390926300048 ], [ 17.933839678558485, -33.032282710378652 ], [ 17.934323430182474, -33.029856443819611 ], [ 17.934691667486675, -33.029496670035158 ], [ 17.93914651859734, -33.027314305011004 ], [ 17.941312670643697, -33.027561545728588 ], [ 17.94649243377927, -33.025735855425211 ], [ 17.952080846154445, -33.027386307431996 ], [ 17.955811023560329, -33.030771136178885 ], [ 17.958950042410777, -33.029620051623922 ], [ 17.959377408340885, -33.030998706924606 ], [ 17.96244275562907, -33.031030059089829 ], [ 17.966072559701047, -33.032673240077898 ], [ 17.971454859154733, -33.0385731461337 ], [ 17.971378803489159, -33.041322469855984 ], [ 17.969007015161992, -33.04331040415174 ], [ 17.966168642369098, -33.042438745251744 ], [ 17.964965939426975, -33.043812751956779 ], [ 17.968379378305912, -33.046188235598393 ], [ 17.971626639558053, -33.045589447195084 ], [ 17.974794745181669, -33.039527058826621 ], [ 17.973613857993371, -33.036318540368143 ], [ 17.973289131688233, -33.035784721687335 ], [ 17.970203876108172, -33.032553315482929 ], [ 17.965131640413233, -33.029718280074363 ], [ 17.965254545361233, -33.027910232671019 ], [ 17.9631874563363, -33.026639580552029 ], [ 17.964933752690854, -33.024313330295868 ], [ 17.962695121582897, -33.024710655272429 ], [ 17.960322618294583, -33.023513555106334 ], [ 17.960757732783463, -33.025905251725831 ], [ 17.959101438780806, -33.02734541885583 ], [ 17.955759525681742, -33.024134516294751 ], [ 17.95273900060468, -33.022927046046163 ], [ 17.95377135306569, -33.020401954786166 ], [ 17.949865579433265, -33.021646141655879 ], [ 17.948999642919659, -33.019887805177859 ], [ 17.95057582891161, -33.01418876629846 ], [ 17.949622511569999, -33.012988448358044 ], [ 17.951168656608672, -33.010985255265226 ], [ 17.946938634210909, -33.006796717694215 ], [ 17.947185277778601, -33.004884958673699 ], [ 17.947310208899239, -33.004581332262489 ], [ 17.953400850369349, -33.000759840394124 ], [ 17.961567163094429, -32.997913241502673 ], [ 17.973715901368109, -32.995814561992319 ], [ 17.983706951115266, -32.995847702009627 ], [ 17.990240573443941, -32.996658564041368 ], [ 17.993989467540075, -32.997946619840448 ], [ 17.994335055418844, -32.998106956370819 ], [ 17.996044516441458, -33.000709056577506 ], [ 17.995081543978245, -33.003447770997639 ], [ 17.99247932416165, -33.002543926260984 ], [ 17.994798540820454, -33.005864859075771 ], [ 17.991618156752793, -33.012644648331644 ], [ 17.990252256536849, -33.011482238614178 ], [ 17.988915801023836, -33.016073703938133 ], [ 17.98606467224721, -33.019080877680238 ], [ 17.987986326507979, -33.019784212271432 ], [ 17.988075375578319, -33.021927953212369 ], [ 17.982487559453489, -33.035969257175282 ], [ 17.990564942718322, -33.021617651133582 ], [ 17.994794130544847, -33.010500430750113 ], [ 17.997629642594177, -33.008241653029771 ], [ 18.004681825705973, -33.010170579208648 ], [ 18.005910753778608, -33.01017487077344 ], [ 18.007370352560088, -33.009695768644718 ], [ 18.008863329679173, -33.008116006947972 ], [ 18.009487867471421, -33.00820243359523 ], [ 18.010132908907053, -33.008466363032028 ], [ 18.01342654190168, -33.010278702000349 ], [ 18.011029958366123, -33.010558008944855 ], [ 18.01817750918508, -33.013425231089357 ], [ 18.028709769140818, -33.023018955860053 ], [ 18.030283928061181, -33.024981856627235 ], [ 18.037336826134037, -33.038833618576419 ], [ 18.037646174032091, -33.040411114880854 ], [ 18.036067604836546, -33.041183113609705 ], [ 18.035435557705284, -33.042684555147915 ], [ 18.03543353063327, -33.043236255948329 ], [ 18.035844445265184, -33.044257402856786 ], [ 18.038218974726249, -33.046875000181018 ], [ 18.039051413292498, -33.047991037256395 ], [ 18.042451024195685, -33.047963619625207 ], [ 18.041939377400553, -33.049206375673592 ], [ 18.042914629207132, -33.04951846560455 ], [ 18.042844414638409, -33.052013039270236 ], [ 18.04125964641571, -33.054126143007025 ], [ 18.042793631720883, -33.05733084654112 ], [ 18.039791464504901, -33.062396049537881 ], [ 18.039724349899046, -33.063066005791384 ], [ 18.041301965813375, -33.063789010354355 ], [ 18.041177153403282, -33.066802620544379 ], [ 18.037772059333292, -33.069489002515382 ], [ 18.037636875941246, -33.074624538791355 ], [ 18.03079664684816, -33.084146976101934 ], [ 18.030886173458555, -33.091572165622864 ], [ 18.02810776206374, -33.097958564436027 ], [ 18.028337120661888, -33.098566055578829 ], [ 18.032449007216059, -33.105720758705857 ], [ 18.034819245112345, -33.107061624494307 ], [ 18.034536361564278, -33.108059644436906 ], [ 18.039888501353431, -33.111864924226751 ], [ 18.047851324479439, -33.115152359094012 ], [ 18.051949024228293, -33.121449947157217 ], [ 18.05751395260711, -33.123349905273827 ], [ 18.058649540044712, -33.128794908158412 ], [ 18.073665857493665, -33.135096072825334 ], [ 18.075119852599585, -33.137156605792612 ], [ 18.084020138019355, -33.139811515988484 ], [ 18.090285062705675, -33.143434643493777 ], [ 18.090756654596191, -33.143975377061921 ], [ 18.093062758239967, -33.150238037255477 ], [ 18.0921168324262, -33.157758355263709 ], [ 18.089341044353915, -33.163630247437894 ], [ 18.091415166976731, -33.166695236795675 ], [ 18.088880658016251, -33.166553259025591 ], [ 18.086247443964737, -33.164376854707939 ], [ 18.081609130257561, -33.165635228382897 ], [ 18.080909371370637, -33.167207121911034 ], [ 18.081036924914542, -33.167777657213051 ], [ 18.082533716957926, -33.171175480263983 ], [ 18.083294034392452, -33.172330141422663 ], [ 18.086674928605476, -33.174832701967503 ], [ 18.087239504100012, -33.1750998500778 ], [ 18.101107358518163, -33.180105924448668 ], [ 18.100536942826068, -33.181975364971052 ], [ 18.101562857939996, -33.183747410714346 ], [ 18.101951718497162, -33.184085846284574 ], [ 18.111791014843732, -33.189880013651546 ], [ 18.112707852985409, -33.19009470970289 ], [ 18.11529815228829, -33.190102934902342 ], [ 18.116782426668124, -33.188628553964463 ], [ 18.112594365737721, -33.18678605533205 ], [ 18.111298918410625, -33.183213830353921 ], [ 18.107975602392514, -33.183257817993848 ], [ 18.11658334734372, -33.180567741607845 ], [ 18.123247266148582, -33.181105136892384 ], [ 18.125361919417344, -33.18659365167548 ], [ 18.125358820353512, -33.186996101888468 ], [ 18.124364376115267, -33.18933224648579 ], [ 18.122854947697789, -33.191885829167546 ], [ 18.120744943924308, -33.194560408435905 ], [ 18.119295119874181, -33.195553541462573 ], [ 18.111663460400734, -33.199260711512537 ], [ 18.10841500754691, -33.202031612668705 ], [ 18.099266529027545, -33.204332948107009 ], [ 18.097944021099835, -33.204456925046827 ], [ 18.091935038971258, -33.20178461117078 ], [ 18.091045856781165, -33.201148033255066 ], [ 18.089576840299173, -33.198201775991038 ], [ 18.089565515136769, -33.197709559948095 ], [ 18.091864704792499, -33.194036841127115 ], [ 18.089803934404472, -33.189748048933112 ], [ 18.087503075606776, -33.187521338338968 ], [ 18.084336757835331, -33.186528444531973 ], [ 18.079339027374658, -33.181353330891426 ], [ 18.073574900961319, -33.181306958249436 ], [ 18.070248723300381, -33.17747163750586 ], [ 18.063223839109128, -33.174525380241917 ], [ 18.060215472866162, -33.168795823768122 ], [ 18.052902578990995, -33.160853743505257 ], [ 18.052186846346132, -33.155058264926794 ], [ 18.046041607934285, -33.151814341958143 ], [ 18.033504247423366, -33.150376558031567 ], [ 18.032250642853171, -33.147903442190028 ], [ 18.026733279617474, -33.146205306329648 ], [ 18.024607061966549, -33.144390940289583 ], [ 18.024709105341088, -33.139465213149009 ], [ 18.027008056676891, -33.138056755214905 ], [ 18.028451562090311, -33.134434342670673 ], [ 18.031144618829245, -33.132035255422608 ], [ 18.030768632966272, -33.127792358330453 ], [ 18.026938557968492, -33.125092506314004 ], [ 18.018672466361465, -33.123547553776376 ], [ 18.013414859708405, -33.120734452832636 ], [ 18.014842033433467, -33.113749027295682 ], [ 18.014000653807329, -33.108410238841344 ], [ 18.010963558721585, -33.102808952670898 ], [ 18.011017322891433, -33.099696874810775 ], [ 18.014086246783137, -33.095754027526198 ], [ 18.006052612837948, -33.092507124204261 ], [ 17.988118648257455, -33.093224644701493 ], [ 17.985503316325293, -33.096487164750641 ], [ 17.981896161678833, -33.095079421777783 ], [ 17.982333778981058, -33.092543721215549 ], [ 17.984785556608387, -33.090401649416492 ], [ 17.991047858871781, -33.090372324323212 ], [ 17.997743964412678, -33.088234305768395 ], [ 18.000216722324183, -33.088933945045397 ], [ 18.003232955836552, -33.088511348219953 ], [ 18.004462361449157, -33.088065862749218 ], [ 18.005077004000952, -33.087217807455673 ], [ 18.005177139913485, -33.086915016514638 ], [ 18.002607941403539, -33.083811402174263 ], [ 18.003797650041832, -33.08303582684178 ], [ 18.002625345983205, -33.082186103305801 ], [ 18.004876851785525, -33.078577875768147 ], [ 17.997775078257519, -33.078298449213904 ], [ 17.995589136629633, -33.07728457422354 ], [ 17.994971037084042, -33.076302647648916 ], [ 17.996839642135967, -33.072356701300663 ], [ 17.99551582299722, -33.070447445093308 ], [ 17.995091438319605, -33.070232749041963 ], [ 17.992749572235425, -33.069805026081013 ], [ 17.989630341167498, -33.071504950692841 ], [ 17.988664746281415, -33.068830966775522 ], [ 17.981237530587919, -33.068184852448866 ], [ 17.979875445295988, -33.0668342110298 ], [ 17.979130149237335, -33.066763401110009 ], [ 17.974053740687737, -33.067137241190494 ], [ 17.972669363000932, -33.067555546451246 ], [ 17.972168206797733, -33.06828272386845 ], [ 17.972374677649441, -33.069382667575866 ], [ 17.975586414781503, -33.072540640537923 ], [ 17.973659872705241, -33.074617266873261 ], [ 17.974383831449131, -33.079357147314283 ], [ 17.976069330935076, -33.082744240554121 ], [ 17.979339957473371, -33.082929849832652 ], [ 17.979079246710342, -33.08490264404162 ], [ 17.980751037830373, -33.087423443736739 ], [ 17.978577613865923, -33.093028068190691 ], [ 17.975320577882627, -33.096330165604513 ], [ 17.974002241910227, -33.096038580216145 ], [ 17.974154114920651, -33.095005154863827 ], [ 17.970796346774193, -33.094590663628097 ], [ 17.969744324341377, -33.09815061106174 ], [ 17.966421365353938, -33.099246621134483 ], [ 17.964185952919763, -33.098790645971434 ], [ 17.959854603007955, -33.094892740507433 ], [ 17.957869649065231, -33.094690322899865 ], [ 17.955711007257349, -33.098875045546848 ], [ 17.957641243748725, -33.101720451937084 ], [ 17.954013348037847, -33.102897643811104 ], [ 17.951096057936979, -33.106443643659091 ], [ 17.954156875339891, -33.110491037131453 ], [ 17.956928253136653, -33.112075924963804 ], [ 17.961433410523796, -33.114256262916129 ], [ 17.965574264241127, -33.114344000774793 ], [ 17.968876719585353, -33.11593544466497 ], [ 17.970880627639247, -33.120024204253482 ], [ 17.973227858179484, -33.121850847838132 ], [ 17.975214600873585, -33.126876831400537 ], [ 17.974796414323293, -33.130498647694253 ], [ 17.968971848072471, -33.131556749544131 ], [ 17.968971848072471, -33.133231043477764 ], [ 17.970711469658909, -33.134595155841623 ], [ 17.969500303196753, -33.137229561494976 ], [ 17.969849824709911, -33.137802243478589 ], [ 17.973466277447017, -33.139508843757994 ], [ 17.977419376103512, -33.143414020240726 ], [ 17.986784100206535, -33.14418673482983 ], [ 17.992254376738288, -33.145754337692466 ], [ 17.990674376721245, -33.148724436883143 ], [ 17.995087623395307, -33.147324562078808 ], [ 17.996999263705447, -33.1477451327316 ], [ 17.999541878255457, -33.150491952741348 ], [ 18.000949144587565, -33.149862051392404 ], [ 18.00283074394406, -33.151200175147849 ], [ 18.005292772943562, -33.148840427843268 ], [ 18.008774638538966, -33.150773644687746 ], [ 18.054292440743893, -33.186971545000645 ], [ 18.088156938492375, -33.220005631254736 ], [ 18.090154528808739, -33.222656249885802 ], [ 18.090458870181038, -33.222656249885802 ], [ 18.103022455821929, -33.237013936244026 ], [ 18.111377119858332, -33.247071027705601 ], [ 18.130969047583648, -33.274222970413575 ], [ 18.134496450351236, -33.279707908593039 ], [ 18.142757057892169, -33.294214367998578 ], [ 18.159250378702154, -33.327193260160783 ], [ 18.161089658661069, -33.334152579277941 ], [ 18.159513831498344, -33.337653875625634 ], [ 18.161171555423152, -33.338309049722739 ], [ 18.161236167215691, -33.342207908468112 ], [ 18.155603408371007, -33.344256758342581 ], [ 18.15261995784499, -33.346565961949494 ], [ 18.14902114890711, -33.345494866694594 ], [ 18.147039175318127, -33.346091747635981 ], [ 18.144338369120618, -33.349283814796095 ], [ 18.146471977399983, -33.351485371352709 ], [ 18.145897507564371, -33.355280160550777 ], [ 18.147411942507517, -33.356224418122295 ], [ 18.152620554095506, -33.354948759477523 ], [ 18.155885576958156, -33.358980655832539 ], [ 18.158062457916316, -33.364658475208344 ], [ 18.162986636424478, -33.36695146583736 ], [ 18.162945270308342, -33.369314431815454 ], [ 18.167737960738464, -33.370059132522869 ], [ 18.170768856797565, -33.371515750950962 ], [ 18.172047376185787, -33.372172355869395 ], [ 18.200985431832464, -33.388162255083785 ], [ 18.204316973949403, -33.390101313924305 ], [ 18.216874718493727, -33.398437499590855 ], [ 18.217420578197562, -33.398437499590855 ], [ 18.236217022298035, -33.411572217683585 ], [ 18.239563941922768, -33.414086580031508 ], [ 18.258481263899398, -33.4298635719461 ], [ 18.258965134233961, -33.430299759326275 ], [ 18.28124999998775, -33.452566861671187 ], [ 18.284257650370563, -33.455217480302352 ], [ 18.296773433447584, -33.471747756054029 ], [ 18.30733871471034, -33.483212352168181 ], [ 18.307685852120528, -33.487863063929211 ], [ 18.312103152039185, -33.494038462904683 ], [ 18.3102160695164, -33.49593257902508 ], [ 18.310780644111759, -33.49798643632478 ], [ 18.31580567349323, -33.496694922632429 ], [ 18.317137002870567, -33.497249126246004 ], [ 18.313198328440308, -33.501444577804875 ], [ 18.313848614722019, -33.504768252652582 ], [ 18.310476541959133, -33.507648229881809 ], [ 18.315190553401749, -33.509791851212825 ], [ 18.319983243832041, -33.515667200380818 ], [ 18.325038671198115, -33.518108725736923 ], [ 18.321461558404309, -33.521429062301195 ], [ 18.319186925636302, -33.520454764675506 ], [ 18.318929433546884, -33.52073216415792 ], [ 18.317942977087171, -33.522495031420476 ], [ 18.316072106642821, -33.529678225069802 ], [ 18.313624858900226, -33.531852960245743 ], [ 18.31676340111045, -33.536823749716092 ], [ 18.317265033954413, -33.540285229479537 ], [ 18.311918616551225, -33.540607213751755 ], [ 18.31114876270567, -33.544199704952362 ], [ 18.311981439592216, -33.545726776269504 ], [ 18.309701442368123, -33.546916603618229 ], [ 18.308384656826718, -33.552014112061414 ], [ 18.30837404752458, -33.556571960727183 ], [ 18.309237242005452, -33.559734940215108 ], [ 18.309720039448621, -33.560847759516264 ], [ 18.312002659095697, -33.563078403745152 ], [ 18.308845162774247, -33.56399583813733 ], [ 18.307730436011241, -33.566125750203071 ], [ 18.310188650985765, -33.569775939208 ], [ 18.31497931524359, -33.570636153335755 ], [ 18.318010330013067, -33.574218750195101 ], [ 18.318415045618281, -33.574218750195101 ], [ 18.320067405986265, -33.575904369291052 ], [ 18.322803855014172, -33.576063871250426 ], [ 18.326270103882564, -33.5748533010388 ], [ 18.32611596547963, -33.574218750195101 ], [ 18.325946927109385, -33.574222445509292 ], [ 18.325754642163218, -33.572266221308979 ], [ 18.32653796695385, -33.570848822315156 ], [ 18.327172756118017, -33.570855736303116 ], [ 18.329080104863351, -33.572456240862664 ], [ 18.332055449799554, -33.572795153073756 ], [ 18.33235704913875, -33.570341229663953 ], [ 18.337270379125073, -33.569903254431523 ], [ 18.337381958910669, -33.571112275111261 ], [ 18.340846657347612, -33.573477029840902 ], [ 18.342982411409395, -33.571265459333375 ], [ 18.343564510194312, -33.57128965829088 ], [ 18.347517013499839, -33.572947144794753 ], [ 18.348755240562241, -33.574218750195101 ], [ 18.349218725963851, -33.574218750195101 ], [ 18.357371568643316, -33.58119964584678 ], [ 18.361247539642392, -33.589115143049185 ], [ 18.359355569304398, -33.59156894684925 ], [ 18.361242651827183, -33.592818141144178 ], [ 18.356053352280753, -33.598391771363055 ], [ 18.356362343147964, -33.600099802463788 ], [ 18.367876649288235, -33.600157857299124 ], [ 18.373749375133855, -33.608022451075172 ], [ 18.370282172984133, -33.611472010324874 ], [ 18.376068830112786, -33.62020266022445 ], [ 18.383532404497089, -33.620860457643829 ], [ 18.383171320400351, -33.62307822717834 ], [ 18.38420033457794, -33.623838901643879 ], [ 18.388559937591367, -33.621773958401263 ], [ 18.397399306532975, -33.626256943003298 ], [ 18.404541373286179, -33.63519620863795 ], [ 18.40747773620879, -33.642717480827002 ], [ 18.413591623354932, -33.648707032203575 ], [ 18.417351365073699, -33.653427958533342 ], [ 18.418234944487494, -33.656455755528512 ], [ 18.420828938205375, -33.658360123920374 ], [ 18.420966744020319, -33.658630251484695 ], [ 18.428196549531549, -33.674274563719962 ], [ 18.423141002555468, -33.676672220146784 ], [ 18.428267121130972, -33.675946831480942 ], [ 18.429629444743455, -33.678239703399484 ], [ 18.420543670554281, -33.67744982255121 ], [ 18.424676179462494, -33.679147958411491 ], [ 18.429747343165673, -33.679383159005425 ], [ 18.431315541379547, -33.682296276252046 ], [ 18.432441949436679, -33.682425141007357 ], [ 18.439919948946795, -33.698855757487095 ], [ 18.443937659395829, -33.71250152612437 ], [ 18.443066954676397, -33.716157674936611 ], [ 18.443895339998335, -33.719567179281682 ], [ 18.443575739828987, -33.721216320976353 ], [ 18.442026019085972, -33.724749207809481 ], [ 18.439373850922834, -33.728246569623323 ], [ 18.438779354084318, -33.728606462118321 ], [ 18.43739914925149, -33.728619456422621 ], [ 18.438785553111131, -33.727240443191732 ], [ 18.438213944018628, -33.726445674528136 ], [ 18.437699556089939, -33.726367950620286 ], [ 18.434586644558351, -33.727743506857294 ], [ 18.435580372936158, -33.729116201451461 ], [ 18.433634519717515, -33.729221225179316 ], [ 18.433176637092288, -33.732523560913421 ], [ 18.431311249814655, -33.733497857639918 ], [ 18.431277751867128, -33.734190940859094 ], [ 18.434303403079724, -33.738935947435905 ], [ 18.436143636320196, -33.740479111221816 ], [ 18.4382673502584, -33.740086555350189 ], [ 18.4398746491959, -33.743933439576466 ], [ 18.44131362472433, -33.749956965541415 ], [ 18.440964460241844, -33.757652878877082 ], [ 18.446041465041787, -33.77353870854445 ], [ 18.449281811406706, -33.78190791641704 ], [ 18.458673000758665, -33.79810965093948 ], [ 18.45599734769965, -33.800585269594436 ], [ 18.462047457624323, -33.806652545778206 ], [ 18.46505725378961, -33.807678222571838 ], [ 18.467561125545842, -33.810237050099659 ], [ 18.48126077616422, -33.832482218879221 ], [ 18.485459447295966, -33.841686844771999 ], [ 18.485631108089365, -33.842176317882576 ], [ 18.489270925213248, -33.858609914715601 ], [ 18.489199876972975, -33.869744777998932 ], [ 18.485174417065878, -33.886273264998977 ], [ 18.47455501550175, -33.904493451411568 ], [ 18.465809106805182, -33.911848903004355 ], [ 18.454094410129187, -33.911800742510096 ], [ 18.445793151433179, -33.905412911976242 ], [ 18.444228053182542, -33.90665006614752 ], [ 18.444881201106909, -33.907673955088796 ], [ 18.453758954912246, -33.915651321151373 ], [ 18.451793551331576, -33.917233348240259 ], [ 18.450188756106684, -33.917315125392591 ], [ 18.449518441922777, -33.917049766033671 ], [ 18.435673355641256, -33.908294916277228 ], [ 18.434991240553643, -33.910072803117288 ], [ 18.445585727299687, -33.915833711756207 ], [ 18.444480538746035, -33.9163968564296 ], [ 18.441076755887877, -33.914441943440778 ], [ 18.442771076823874, -33.917943120178634 ], [ 18.438781023225943, -33.916039705068215 ], [ 18.44089293446163, -33.919109463530759 ], [ 18.440117359129033, -33.92002081850589 ], [ 18.4397258761486, -33.920045614613372 ], [ 18.427108049697097, -33.909979462482056 ], [ 18.429897665745045, -33.9063823226859 ], [ 18.4335341454846, -33.907001138091928 ], [ 18.432281852125982, -33.904547214682125 ], [ 18.427788615252837, -33.902765751238249 ], [ 18.429167032232954, -33.899232506474817 ], [ 18.428899049551831, -33.899062633533504 ], [ 18.419314146231017, -33.901978254492661 ], [ 18.41022634497017, -33.897951245053861 ], [ 18.409281849977731, -33.897956013259332 ], [ 18.400810480020027, -33.900351047262802 ], [ 18.398163437992594, -33.899621963282769 ], [ 18.396265745268295, -33.905801057572617 ], [ 18.389178276356802, -33.909346103239855 ], [ 18.385286211989296, -33.913540959447587 ], [ 18.383775830290574, -33.917287468541659 ], [ 18.378666043403541, -33.919282436435196 ], [ 18.37711036195401, -33.920533180261842 ], [ 18.376524924885757, -33.92136490386703 ], [ 18.375566005666883, -33.924450636087798 ], [ 18.377130627276841, -33.925781249604768 ], [ 18.37714815146623, -33.927095055692064 ], [ 18.374462723676231, -33.927972912719582 ], [ 18.374285459206988, -33.928310632429557 ], [ 18.373793244063336, -33.932756066738932 ], [ 18.376575947022502, -33.934891819901338 ], [ 18.376738071405043, -33.935313343835674 ], [ 18.376436233745551, -33.937607526965635 ], [ 18.375393748622969, -33.939191818547386 ], [ 18.373793005743039, -33.940471410826717 ], [ 18.37285244438516, -33.940706253490617 ], [ 18.368758559560064, -33.93960511728217 ], [ 18.37086844462317, -33.945232867802446 ], [ 18.377612709759063, -33.947040558175118 ], [ 18.378126264016032, -33.948092937638776 ], [ 18.376724123819457, -33.952705144926341 ], [ 18.373577833050831, -33.952149033850745 ], [ 18.374597310817478, -33.957565546212848 ], [ 18.376606941257592, -33.957936048909374 ], [ 18.376845955876433, -33.958912968958231 ], [ 18.371544003653042, -33.959075927911584 ], [ 18.372063875647655, -33.966357827551477 ], [ 18.370152711978307, -33.969594955242897 ], [ 18.370464205658834, -33.97294414025977 ], [ 18.365103840669974, -33.978240847636826 ], [ 18.363170743435234, -33.978596329856671 ], [ 18.363484859539028, -33.9804456237664 ], [ 18.359727263602679, -33.980866431840127 ], [ 18.353225230860062, -33.986716151229189 ], [ 18.34985434969883, -33.985853314678536 ], [ 18.346968531373022, -33.986730456744979 ], [ 18.343187331830137, -33.992335677449461 ], [ 18.343739032630538, -33.996928214765234 ], [ 18.341559410538679, -33.999213218515081 ], [ 18.341966748566875, -34.003774046634703 ], [ 18.338781475784799, -34.004943251629655 ], [ 18.340290546271945, -34.008252024710956 ], [ 18.339136123433548, -34.009756326992715 ], [ 18.334663867743586, -34.01011812694982 ], [ 18.333492040325552, -34.012265205274915 ], [ 18.333790660211093, -34.016677260347137 ], [ 18.33083760766965, -34.019992947416398 ], [ 18.331521868539681, -34.021598458501899 ], [ 18.330236673483881, -34.024152040284278 ], [ 18.32176435024482, -34.02702796426901 ], [ 18.310673237180481, -34.02760148082362 ], [ 18.312370300149666, -34.029273628974579 ], [ 18.315757036358377, -34.029631256976813 ], [ 18.314549803530895, -34.034347653421321 ], [ 18.311829447870878, -34.036885857696078 ], [ 18.306516050875416, -34.037554144807771 ], [ 18.306687950888659, -34.039798140371715 ], [ 18.310637116809716, -34.044161558309185 ], [ 18.320918917374343, -34.047194958080638 ], [ 18.324362039277048, -34.054227352510182 ], [ 18.328533053558033, -34.056425810003034 ], [ 18.328538775044592, -34.058469772062097 ], [ 18.339001536292045, -34.062163829996578 ], [ 18.343301177008044, -34.061455249659858 ], [ 18.347952604629228, -34.057926059040213 ], [ 18.34940624270439, -34.052670716879916 ], [ 18.346832156379321, -34.053474426603401 ], [ 18.345671057873261, -34.051448226154548 ], [ 18.348188757605357, -34.050612210984667 ], [ 18.347907662808836, -34.048558950834845 ], [ 18.349442005144681, -34.046970367688132 ], [ 18.353798151164142, -34.045434355311102 ], [ 18.355499267377638, -34.045418858193557 ], [ 18.357368469579455, -34.045809030861875 ], [ 18.359965205330411, -34.047436237192443 ], [ 18.363648414742897, -34.058285474894618 ], [ 18.367948174169271, -34.063483119250421 ], [ 18.363181948988085, -34.07319664990527 ], [ 18.35444116552776, -34.076216220801783 ], [ 18.353739976718884, -34.0878772738169 ], [ 18.349773645437608, -34.091102123064445 ], [ 18.352605223852294, -34.096880316673108 ], [ 18.355126858118467, -34.098028540484691 ], [ 18.356945156893659, -34.101562500209013 ], [ 18.357090354236789, -34.101562500209013 ], [ 18.357316851192024, -34.106740832523343 ], [ 18.357055902108527, -34.109470844203969 ], [ 18.356480836921321, -34.110894679645611 ], [ 18.353346944206578, -34.114553808811053 ], [ 18.35435044731571, -34.118274569415647 ], [ 18.349601865034458, -34.128563404477362 ], [ 18.346756458643966, -34.130477427990826 ], [ 18.342092752578878, -34.127687335302113 ], [ 18.337935209242971, -34.128537655088522 ], [ 18.33201074629909, -34.136538028507019 ], [ 18.322914361908659, -34.138445735182316 ], [ 18.322933912270514, -34.142886400386843 ], [ 18.319222286979311, -34.144842947443934 ], [ 18.319136738969746, -34.144888043048596 ], [ 18.318750142905174, -34.145292401622953 ], [ 18.318409204521515, -34.147395849338878 ], [ 18.318562150422963, -34.148260355031155 ], [ 18.323498129835286, -34.15562534303497 ], [ 18.327717423320905, -34.157978057641131 ], [ 18.328719019867236, -34.161835670779482 ], [ 18.332484722292321, -34.166023254169573 ], [ 18.332873344529446, -34.168662428927774 ], [ 18.336542129715696, -34.172399759541207 ], [ 18.335709333219398, -34.173807144583932 ], [ 18.338496208133961, -34.176929712136285 ], [ 18.334366440359361, -34.174770235757677 ], [ 18.335246920709153, -34.176782965261367 ], [ 18.343395352214145, -34.181622624584264 ], [ 18.344614148524244, -34.177772521684304 ], [ 18.348979830954477, -34.175828933858057 ], [ 18.350426673752054, -34.176376700124536 ], [ 18.355870842965174, -34.179556370130229 ], [ 18.364483356122321, -34.187113403860394 ], [ 18.364578843439119, -34.188817977967247 ], [ 18.370962023578954, -34.195439457764678 ], [ 18.370182275392068, -34.197319507589128 ], [ 18.372890233897579, -34.201285838870234 ], [ 18.372079014834981, -34.203138947703991 ], [ 18.369008303091164, -34.203889608218631 ], [ 18.370338201646888, -34.210863113242013 ], [ 18.372095465233798, -34.212616443194079 ], [ 18.373670458725002, -34.220605850279597 ], [ 18.379300475536667, -34.228698254021097 ], [ 18.377030968904364, -34.241714715761375 ], [ 18.381664037765461, -34.249024152642306 ], [ 18.38053333724406, -34.252195716159093 ], [ 18.378896951533477, -34.251165151550325 ], [ 18.377728104468673, -34.251781463243745 ], [ 18.3794256449778, -34.254560351279068 ], [ 18.382467746589583, -34.256517053019437 ], [ 18.380534768065218, -34.259214401323348 ], [ 18.380619048930072, -34.262397647033666 ], [ 18.384639739732506, -34.266456961919147 ], [ 18.380838156156301, -34.271361232135035 ], [ 18.389111876712093, -34.277343749914067 ], [ 18.389319062524947, -34.277343749914067 ], [ 18.391614555967209, -34.283057331730362 ], [ 18.391863822857545, -34.283457637060124 ], [ 18.396634459213374, -34.287954449638079 ], [ 18.397735953352026, -34.289500236746349 ], [ 18.400205373879373, -34.295385956896183 ], [ 18.404153942650538, -34.300056338628906 ], [ 18.405976057249632, -34.304230809004508 ], [ 18.40599203100777, -34.30620515364464 ], [ 18.405782937732653, -34.306573152628815 ], [ 18.400739670099966, -34.30782675719901 ], [ 18.400391578508959, -34.308575868181677 ], [ 18.400938272783435, -34.309095859785856 ], [ 18.415281653625584, -34.317414522162395 ], [ 18.417862534328606, -34.322363257558166 ], [ 18.421701908316692, -34.324408650438755 ], [ 18.422313451804712, -34.326711058768254 ], [ 18.428059458677239, -34.33088350297119 ], [ 18.443578362251969, -34.336886048652062 ], [ 18.448555827389896, -34.336067319351258 ], [ 18.454414367329377, -34.337299346487569 ], [ 18.458130478439074, -34.340420245797489 ], [ 18.459490418847963, -34.343982339013522 ], [ 18.471679568157867, -34.353691578103749 ], [ 18.475243210905774, -34.358887672028303 ], [ 18.480665922294861, -34.357158780253229 ], [ 18.48000431085029, -34.355703473036627 ], [ 18.481635928355843, -34.354663968267431 ], [ 18.491758346570577, -34.356113553097913 ], [ 18.497030139130061, -34.3583916428599 ], [ 18.498883366674363, -34.357977151624155 ], [ 18.499137163449689, -34.357581853719267 ], [ 18.496585607839961, -34.354455471242886 ], [ 18.491131544285395, -34.351189970840281 ], [ 18.488153457316628, -34.347750425541477 ], [ 18.483089804750932, -34.347549557465882 ], [ 18.473390102072017, -34.340187668525999 ], [ 18.470382809619281, -34.335966110547432 ], [ 18.470204949798898, -34.333224654094209 ], [ 18.468164205514029, -34.332219838874281 ], [ 18.466980219262155, -34.325565934020432 ], [ 18.460934757933103, -34.320848942224771 ], [ 18.46078741570696, -34.320316553466014 ], [ 18.46113252604539, -34.317338704817104 ], [ 18.464123249388763, -34.317522168313317 ], [ 18.465643047888705, -34.31626617874106 ], [ 18.46510422268193, -34.314220905470137 ], [ 18.461643218660072, -34.313175916635117 ], [ 18.461358308939026, -34.31113147703573 ], [ 18.467401027335796, -34.29846966294447 ], [ 18.467031240499523, -34.292653441502935 ], [ 18.475081443553904, -34.280427455962268 ], [ 18.475335359939152, -34.279584646414165 ], [ 18.475436807063375, -34.277343749914067 ], [ 18.47506427729482, -34.277343749914067 ], [ 18.474998950541391, -34.275782346977522 ], [ 18.474240541468248, -34.274729609583645 ], [ 18.469827533114483, -34.272220373371411 ], [ 18.469124435944309, -34.271586775808899 ], [ 18.467428564577062, -34.269186853989851 ], [ 18.467319250183436, -34.266066908860495 ], [ 18.470820546531399, -34.261551975842821 ], [ 18.478390454955957, -34.255387425389159 ], [ 18.477208614486187, -34.25266277816452 ], [ 18.478064179119031, -34.248998046222781 ], [ 18.475826263871255, -34.243963241210409 ], [ 18.476302742677603, -34.241837024459045 ], [ 18.478725313922297, -34.240129351288431 ], [ 18.475418448302918, -34.234452247772793 ], [ 18.476003765761419, -34.23041737106476 ], [ 18.472219943795778, -34.229791164130717 ], [ 18.470987439119426, -34.22682034997905 ], [ 18.467780709412409, -34.224788546753828 ], [ 18.468277812371468, -34.223413943798278 ], [ 18.466456770663655, -34.221694946364465 ], [ 18.464719659085233, -34.215184109259013 ], [ 18.463149548013405, -34.20929920659303 ], [ 18.45791983563231, -34.205352067743576 ], [ 18.456664561920235, -34.199254155254835 ], [ 18.453745126936496, -34.198232055065105 ], [ 18.450904130821158, -34.195033312237342 ], [ 18.446676254205954, -34.193520545536629 ], [ 18.443978547971824, -34.191307663817526 ], [ 18.442936301169539, -34.188429951980609 ], [ 18.437665939431838, -34.185012578567466 ], [ 18.437155008497314, -34.186406970205269 ], [ 18.439027548083089, -34.188146710502068 ], [ 18.441851854579852, -34.188704848649778 ], [ 18.440860152374341, -34.190356254837127 ], [ 18.439821958816651, -34.190667271876976 ], [ 18.438439368981932, -34.188935875490102 ], [ 18.435577272973205, -34.189952969154049 ], [ 18.436179756690876, -34.187118053355405 ], [ 18.434401511920612, -34.1864979267378 ], [ 18.433751344349446, -34.189622640971919 ], [ 18.431432008980437, -34.191909551284681 ], [ 18.427734613661642, -34.189968347561049 ], [ 18.425551414066746, -34.186236501013525 ], [ 18.426462530721494, -34.178041935187096 ], [ 18.433853745654119, -34.165920257513747 ], [ 18.431266307993923, -34.159399866910121 ], [ 18.436796665533819, -34.158017158364942 ], [ 18.437427163133293, -34.155009150951486 ], [ 18.440631150807121, -34.150874614971329 ], [ 18.440848827211767, -34.149715423927461 ], [ 18.438440203552744, -34.144415616587267 ], [ 18.437989115305811, -34.143891810958181 ], [ 18.432448506393882, -34.140755057499689 ], [ 18.432311057609525, -34.13998854193747 ], [ 18.432613372809328, -34.138584255958591 ], [ 18.438603043795638, -34.134026646512396 ], [ 18.438527106840866, -34.132852434991662 ], [ 18.448525906045916, -34.132954716686598 ], [ 18.449765563030724, -34.131000160728632 ], [ 18.448739766627341, -34.127998352341876 ], [ 18.46642112693371, -34.114069103905948 ], [ 18.470382809619281, -34.108335971727527 ], [ 18.482827663166404, -34.104046941213227 ], [ 18.487872957871105, -34.101562500209013 ], [ 18.488150358252881, -34.101562500209013 ], [ 18.488030433657912, -34.101141452915627 ], [ 18.514775157048234, -34.094506144242985 ], [ 18.540996074809215, -34.089380741527933 ], [ 18.548576116794493, -34.08824360365918 ], [ 18.553329228961104, -34.088891745057779 ], [ 18.560306548908329, -34.085727810489928 ], [ 18.578809976799306, -34.082420944870549 ], [ 18.599020600320898, -34.07731735701023 ], [ 18.604598045463774, -34.077310323412519 ], [ 18.606182455756084, -34.076233744991171 ], [ 18.611821174408078, -34.075086116530827 ], [ 18.615816355040977, -34.074853777579634 ], [ 18.618437528969025, -34.075189113186823 ], [ 18.619450449778554, -34.076552033049666 ], [ 18.619812131025469, -34.076534628470114 ], [ 18.624232053366853, -34.074278831102987 ], [ 18.630334138709998, -34.073400259114493 ], [ 18.632812500297064, -34.073660731557396 ], [ 18.652245641023796, -34.073970079455449 ], [ 18.661676048910749, -34.073247671142894 ], [ 18.667309403106771, -34.074112773085872 ], [ 18.669311404598091, -34.072893619744562 ], [ 18.673087478005129, -34.074456453502435 ], [ 18.677399873805484, -34.073752164730422 ], [ 18.686089277198846, -34.075269937957174 ], [ 18.68814253824786, -34.072513818957475 ], [ 18.691912650948296, -34.072963118452961 ], [ 18.69545245176937, -34.071953654637312 ], [ 18.701719165207578, -34.072089910920454 ], [ 18.712700366728853, -34.072530507676689 ], [ 18.739089012548277, -34.075552343965356 ], [ 18.764459252592872, -34.079785466325987 ], [ 18.766222358175469, -34.081231355842192 ], [ 18.768052816684417, -34.080718517445476 ], [ 18.768907904676382, -34.081964254746424 ], [ 18.783059000572536, -34.085787415756513 ], [ 18.787207842068511, -34.087340355173126 ], [ 18.804732919089361, -34.096008539062737 ], [ 18.813052654356738, -34.10075831384502 ], [ 18.813135504400464, -34.101562500209013 ], [ 18.81348121188887, -34.101562500209013 ], [ 18.815281749053838, -34.102731108953449 ], [ 18.821409464175645, -34.109446525636457 ], [ 18.82326662535479, -34.116191744952886 ], [ 18.830543756789211, -34.120717167663045 ], [ 18.831822752817942, -34.125080227670196 ], [ 18.839293241190404, -34.131268143409912 ], [ 18.841220974868406, -34.134904861470034 ], [ 18.844465375377013, -34.137369155861691 ], [ 18.844671249079283, -34.140038966924593 ], [ 18.85173356575163, -34.145494818330974 ], [ 18.855333566291449, -34.151463509033547 ], [ 18.864641546770258, -34.154320478007563 ], [ 18.867975354279338, -34.157941818559976 ], [ 18.867123127031107, -34.160868645071787 ], [ 18.863134741675253, -34.162881016645443 ], [ 18.85806787043623, -34.163085937066242 ], [ 18.858598947084062, -34.165823340274713 ], [ 18.836125015957123, -34.172763228640022 ], [ 18.829103708369871, -34.176936864444627 ], [ 18.822275639009717, -34.182032942965748 ], [ 18.817897558525885, -34.188474059230288 ], [ 18.818363547639933, -34.194647550743653 ], [ 18.831517576875115, -34.208845138891903 ], [ 18.831988811734618, -34.215043425613388 ], [ 18.82988500608829, -34.217302441654198 ], [ 18.836815833783874, -34.224626779402143 ], [ 18.843928456733153, -34.229075551095661 ], [ 18.852247476140462, -34.237879872557954 ], [ 18.853072404468321, -34.241881847569061 ], [ 18.851201534023801, -34.24426984797492 ], [ 18.852262019976564, -34.246105551330032 ], [ 18.854017615321027, -34.246293068070557 ], [ 18.852990507706238, -34.249364852705668 ], [ 18.855550646445465, -34.25172674669183 ], [ 18.850664258349184, -34.266097426454991 ], [ 18.843304276871066, -34.271280646584358 ], [ 18.835707545267269, -34.273567914827339 ], [ 18.828687905922294, -34.277343749914067 ], [ 18.821094632211668, -34.291656732771926 ], [ 18.820822954216283, -34.29536437946247 ], [ 18.822292447338754, -34.299646138958053 ], [ 18.821067452001586, -34.300633311278219 ], [ 18.820056319044056, -34.298637748033514 ], [ 18.819377541340771, -34.29834985706006 ], [ 18.817829847669771, -34.298100233139053 ], [ 18.816694378942714, -34.298949360424515 ], [ 18.814649820632951, -34.296153545349696 ], [ 18.814117312264614, -34.296049237482194 ], [ 18.812973141697256, -34.296476244582891 ], [ 18.812179327214494, -34.297863244692863 ], [ 18.812226056887425, -34.303341269783644 ], [ 18.814625859096282, -34.307353854096903 ], [ 18.810137748358841, -34.309335947295907 ], [ 18.813237071134324, -34.312464356844387 ], [ 18.818151474011586, -34.31178367167891 ], [ 18.815579771789487, -34.318586349580158 ], [ 18.818248033320401, -34.324219345846032 ], [ 18.82087254553187, -34.326553821301744 ], [ 18.819735527273224, -34.331331252934788 ], [ 18.822392463641734, -34.335282206708271 ], [ 18.830033540815577, -34.339250445451469 ], [ 18.830183267144321, -34.34245014156069 ], [ 18.83003437538656, -34.343783259689474 ], [ 18.827393174455892, -34.34555435215141 ], [ 18.822394967354171, -34.345758914641991 ], [ 18.82012104954697, -34.347674846516753 ], [ 18.81922054309382, -34.347860812826028 ], [ 18.812268972535435, -34.347446442099411 ], [ 18.811683177536793, -34.347551346217429 ], [ 18.809714316962584, -34.348612547131239 ], [ 18.809792041769697, -34.349302649097837 ], [ 18.817740559379672, -34.357648253364061 ], [ 18.815922617635067, -34.358723401863358 ], [ 18.815269231390033, -34.365736245930862 ], [ 18.817387938802568, -34.367085456528415 ], [ 18.819220900124691, -34.370483517899814 ], [ 18.819379925443627, -34.373759031354069 ], [ 18.82480835921865, -34.373974323656 ], [ 18.828591704543697, -34.378080844855006 ], [ 18.828113079055811, -34.3818458323192 ], [ 18.825472712695955, -34.380971669706597 ], [ 18.822416425178147, -34.381316065983597 ], [ 18.821674466503538, -34.382392049053706 ], [ 18.827428578966135, -34.384593725220071 ], [ 18.826409459129536, -34.387185812375208 ], [ 18.826434310995069, -34.387340671134979 ], [ 18.826495051205711, -34.387719154415336 ], [ 18.827474713287756, -34.388858556776782 ], [ 18.829020857427054, -34.389808774155341 ], [ 18.82937514804496, -34.389757633308051 ], [ 18.82964389986941, -34.389058099373358 ], [ 18.830329775698942, -34.387272834373704 ], [ 18.830794333991577, -34.387192726363168 ], [ 18.833891630594508, -34.388324618486223 ], [ 18.83631074394583, -34.387796640002705 ], [ 18.834658026546805, -34.384719014271028 ], [ 18.832191944302991, -34.383756160518203 ], [ 18.831535458994551, -34.38132274165099 ], [ 18.835214018912211, -34.378767847757743 ], [ 18.837358236493742, -34.379740119210965 ], [ 18.838966846642904, -34.377948045565745 ], [ 18.845254540365033, -34.379055977051507 ], [ 18.846406340780447, -34.380909442916291 ], [ 18.852664231869142, -34.384383202022974 ], [ 18.854712248072076, -34.383839011461021 ], [ 18.855113148752991, -34.38469934429915 ], [ 18.852443456400749, -34.386578202521846 ], [ 18.851914047995365, -34.388472676572633 ], [ 18.854299545587708, -34.389266848985713 ], [ 18.856516242231038, -34.388322830634038 ], [ 18.860163211663064, -34.388676762422449 ], [ 18.856149911489638, -34.379395127582896 ], [ 18.85780334474876, -34.374868750692087 ], [ 18.860878229347236, -34.375222921700257 ], [ 18.863286971716718, -34.371246218537934 ], [ 18.870218038631805, -34.36919343502889 ], [ 18.871481537543332, -34.368934035477267 ], [ 18.876092553229057, -34.369728446210644 ], [ 18.880324363478735, -34.372653007330314 ], [ 18.881556511124245, -34.374828219146764 ], [ 18.886652946676577, -34.375584840367992 ], [ 18.886332750256543, -34.373474478664122 ], [ 18.889790058064932, -34.374379038361838 ], [ 18.890992164756994, -34.375867128564906 ], [ 18.896278619862755, -34.375422954305748 ], [ 18.897095680022005, -34.374042629863268 ], [ 18.893488168344447, -34.372100829889305 ], [ 18.895892262118366, -34.367950320151095 ], [ 18.898582458114134, -34.368152618148741 ], [ 18.905505656860868, -34.359192371330806 ], [ 18.910865545208935, -34.357623219835574 ], [ 18.911378025675532, -34.35749995695727 ], [ 18.915357470870958, -34.357077240522074 ], [ 18.933645606459805, -34.35909295037915 ], [ 18.934982180683448, -34.356857061304197 ], [ 18.944406032512745, -34.360482335491184 ], [ 18.94876134396111, -34.359202146961323 ], [ 18.951135278071035, -34.36169052160011 ], [ 18.96669101697708, -34.364009738258659 ], [ 18.96761786906967, -34.363769054498178 ], [ 18.970981955852949, -34.360370278165718 ], [ 18.976109147319448, -34.360774635840698 ], [ 18.978002428869388, -34.358822226564314 ], [ 18.979304551863891, -34.358924150329216 ], [ 18.979534030071875, -34.355020523378371 ], [ 18.979776978325219, -34.354699254067214 ], [ 18.982486248042221, -34.354890704442326 ], [ 18.984374999706802, -34.352120518247233 ], [ 18.984374999706802, -34.351841449623024 ], [ 18.985743522346013, -34.351936579009788 ], [ 18.987284421638975, -34.349183440363305 ], [ 18.991779208044363, -34.347699046373705 ], [ 18.993005037053251, -34.348424435039561 ], [ 18.995119333290972, -34.345986247067586 ], [ 18.990919947198165, -34.340386152498809 ], [ 18.990768313407216, -34.337045907642462 ], [ 18.996064066603708, -34.343152165839584 ], [ 19.002499580091694, -34.346240878413738 ], [ 19.016720056885418, -34.348153948645646 ], [ 19.025728940838206, -34.345857143092616 ], [ 19.03251814869401, -34.345842361835324 ], [ 19.035380601733578, -34.348480344092494 ], [ 19.037675141894567, -34.347457647652163 ], [ 19.036789059667683, -34.346117615535334 ], [ 19.038210749326936, -34.343548536635595 ], [ 19.037093162719401, -34.342269063066624 ], [ 19.037902950960756, -34.341238856388003 ], [ 19.044307470213823, -34.341269373982314 ], [ 19.081733346217106, -34.35744595536643 ], [ 19.096283554942545, -34.366720557507648 ], [ 19.096686005155334, -34.366709828595575 ], [ 19.097624063700039, -34.365906953443073 ], [ 19.09911501374711, -34.361465453667648 ], [ 19.095700025336214, -34.356132149279119 ], [ 19.090371847083475, -34.352499007822814 ], [ 19.091663241165804, -34.349934577518539 ], [ 19.093399167437866, -34.348808646101986 ], [ 19.098435163152715, -34.349160551718015 ], [ 19.101727842866126, -34.340205669355981 ], [ 19.104699850418029, -34.336295723768501 ], [ 19.117681145968504, -34.334736347004608 ], [ 19.115160346273143, -34.330585956876234 ], [ 19.116553664120715, -34.327546954328312 ], [ 19.118913054394085, -34.325817942943573 ], [ 19.125720739720578, -34.32271742856625 ], [ 19.12998485541695, -34.323270439678879 ], [ 19.134498834254146, -34.320500731023742 ], [ 19.138105273040054, -34.320799350909184 ], [ 19.138386845377056, -34.315969705537299 ], [ 19.139408946465892, -34.315323114569949 ], [ 19.14015245467229, -34.318601608377406 ], [ 19.142603158509303, -34.321490407056515 ], [ 19.138670206465093, -34.325445413175217 ], [ 19.136617779986722, -34.329736113730604 ], [ 19.128071546864817, -34.331046343213998 ], [ 19.127788543706743, -34.33387804033913 ], [ 19.130543470205225, -34.3386447430603 ], [ 19.130697846029079, -34.341498374650172 ], [ 19.127350211443286, -34.346429348435635 ], [ 19.123546004544892, -34.349122405174754 ], [ 19.130594849373267, -34.353292345665082 ], [ 19.128419518845988, -34.355534553376756 ], [ 19.125329255840768, -34.355943322226466 ], [ 19.123533129850358, -34.354723572634555 ], [ 19.118170857399377, -34.354022264215928 ], [ 19.116048812602969, -34.35835051506406 ], [ 19.111811876217587, -34.360109925332551 ], [ 19.112821340932612, -34.364042758666315 ], [ 19.103183746333087, -34.3647191522669 ], [ 19.099681854634156, -34.368435263376583 ], [ 19.099625468041324, -34.36886215176682 ], [ 19.113299012239906, -34.380678534786341 ], [ 19.118374228288218, -34.386140942250478 ], [ 19.125120162565906, -34.39529132823202 ], [ 19.125985145797955, -34.397503018349553 ], [ 19.125835776500139, -34.39911055560745 ], [ 19.116997718769937, -34.403906941352105 ], [ 19.115074157946424, -34.407293319630881 ], [ 19.120580435239219, -34.412131548132265 ], [ 19.118045926278739, -34.41623497026751 ], [ 19.118059515934107, -34.419233441270194 ], [ 19.122103452412659, -34.418544172975047 ], [ 19.125595450669891, -34.421679019870808 ], [ 19.131750345102574, -34.418755173712114 ], [ 19.133483171411683, -34.420230865861654 ], [ 19.134510874377611, -34.419711232187424 ], [ 19.138876557707306, -34.424591422156283 ], [ 19.145870804694056, -34.424914002678932 ], [ 19.151244878948262, -34.422745346920138 ], [ 19.155410051233218, -34.424499154412345 ], [ 19.161143541341488, -34.419527530370999 ], [ 19.164919614748783, -34.42046081981087 ], [ 19.170852542111334, -34.417780637766128 ], [ 19.170701980312401, -34.419515848177653 ], [ 19.168217300987976, -34.42120730837037 ], [ 19.169896245315897, -34.422992468027886 ], [ 19.177652001339254, -34.421874523490317 ], [ 19.180161714192081, -34.420209646357904 ], [ 19.182334303585549, -34.423866868061424 ], [ 19.184824466975783, -34.423752546242923 ], [ 19.18849241759122, -34.42848026784992 ], [ 19.19142281980757, -34.428584337397041 ], [ 19.194073319728261, -34.431343435850835 ], [ 19.204158068040783, -34.429047942408388 ], [ 19.201451062816716, -34.434210300065118 ], [ 19.20198905435177, -34.435716629418735 ], [ 19.205374002708311, -34.436231255667806 ], [ 19.207638978556247, -34.438206672299955 ], [ 19.218746304598568, -34.439383029603079 ], [ 19.225791812042672, -34.436395407122191 ], [ 19.228361606803048, -34.430904150306176 ], [ 19.231822371605517, -34.429362773473173 ], [ 19.234096050192875, -34.426828861662571 ], [ 19.236022949299809, -34.426853060620161 ], [ 19.235837221311016, -34.424721121482406 ], [ 19.238733172298453, -34.422304749264526 ], [ 19.241407274925962, -34.424782514601262 ], [ 19.243329644147991, -34.424642324683361 ], [ 19.245598077889383, -34.418625235166317 ], [ 19.249065756679641, -34.417871832618772 ], [ 19.252621650868775, -34.414221644513219 ], [ 19.25536584845554, -34.414991140428654 ], [ 19.259443044561067, -34.412703037615032 ], [ 19.264703631567784, -34.411728263348564 ], [ 19.266503810802533, -34.410342454840261 ], [ 19.270268440336508, -34.410576105003045 ], [ 19.27149057403102, -34.409449457726055 ], [ 19.272071957854877, -34.409380913198405 ], [ 19.280693173751331, -34.41212987899064 ], [ 19.282090068202365, -34.41361427298024 ], [ 19.286548733337781, -34.413836955910739 ], [ 19.288516640630633, -34.414371370841891 ], [ 19.2908977270489, -34.415958524066468 ], [ 19.292078614236942, -34.416190147157479 ], [ 19.295909047165196, -34.416765451564174 ], [ 19.302624106817348, -34.416286707365487 ], [ 19.314960717963231, -34.409139513577486 ], [ 19.315601349123426, -34.408887147623659 ], [ 19.318291545118996, -34.409953474672989 ], [ 19.321847200088484, -34.408369541021287 ], [ 19.322668552712003, -34.408263802332456 ], [ 19.32461154428762, -34.409598827024141 ], [ 19.331073045484828, -34.408300638563418 ], [ 19.335937500015945, -34.409877061976729 ], [ 19.340467333900648, -34.410933852615017 ], [ 19.341233014891969, -34.410941004923359 ], [ 19.34680867218276, -34.409003973154597 ], [ 19.351580858070463, -34.410217165789405 ], [ 19.364090443019791, -34.410641908397238 ], [ 19.37104201357846, -34.409348726462454 ], [ 19.381174206524804, -34.409717560017185 ], [ 19.386908411594334, -34.414274215282731 ], [ 19.385430454951916, -34.415113210805828 ], [ 19.380430340388102, -34.414684653274065 ], [ 19.378605246335326, -34.417604446188079 ], [ 19.372791051965635, -34.416379928390796 ], [ 19.365811944166239, -34.418202042989734 ], [ 19.363661169627676, -34.417049050073388 ], [ 19.361229658222385, -34.417258143348434 ], [ 19.359642147966952, -34.420144199994638 ], [ 19.360582351394783, -34.422247767320471 ], [ 19.354735017007783, -34.424155235675471 ], [ 19.350615143574259, -34.428499936922336 ], [ 19.342425345953302, -34.4243539570693 ], [ 19.335937500015945, -34.424107075181212 ], [ 19.333818673892836, -34.425002336788282 ], [ 19.332688450911689, -34.424887060789047 ], [ 19.324253201324495, -34.419532060256273 ], [ 19.323290943822371, -34.414153337406404 ], [ 19.317832350383071, -34.414651155326354 ], [ 19.314793467444815, -34.417122125385589 ], [ 19.312126160094437, -34.415980100600976 ], [ 19.309265375297116, -34.41749715796729 ], [ 19.30820524727477, -34.422923445960095 ], [ 19.305136561703165, -34.423927426609282 ], [ 19.305127262713142, -34.424693345921085 ], [ 19.315747856778501, -34.434822321093023 ], [ 19.324447632052909, -34.441318631449519 ], [ 19.332570433778642, -34.449993848936742 ], [ 19.33289802082723, -34.453124999618936 ], [ 19.3332306144016, -34.453124999618936 ], [ 19.335937500015945, -34.454520106217814 ], [ 19.335937500015945, -34.455078124755588 ], [ 19.348082542075787, -34.469762563591331 ], [ 19.351858377162785, -34.476277113098106 ], [ 19.354016542329987, -34.477513551409132 ], [ 19.36139464334849, -34.492067814278158 ], [ 19.363624214685984, -34.494342207826492 ], [ 19.365108728285321, -34.501007079912725 ], [ 19.370864034148326, -34.513231157991385 ], [ 19.372056961459919, -34.517218708776241 ], [ 19.371372103440024, -34.519420146622295 ], [ 19.373490929562934, -34.520442604742243 ], [ 19.372948527752726, -34.522833108860723 ], [ 19.374802708578301, -34.526417970213032 ], [ 19.373569845971986, -34.527736067865035 ], [ 19.375789165937476, -34.530558108969387 ], [ 19.374693154965541, -34.533445358116708 ], [ 19.378487944163624, -34.543087601311527 ], [ 19.377337932499785, -34.544826746257186 ], [ 19.371013045516008, -34.547815680848828 ], [ 19.362453341448685, -34.555842280296773 ], [ 19.353885054252316, -34.557929277613965 ], [ 19.351525068627438, -34.559771061285318 ], [ 19.351405024422547, -34.561708450084751 ], [ 19.349203466966742, -34.561542034137418 ], [ 19.351520657452539, -34.565217375381465 ], [ 19.350681066578204, -34.567928433849943 ], [ 19.340390443664319, -34.578204751248123 ], [ 19.341413140104748, -34.581351280337145 ], [ 19.344668149915492, -34.585119247255264 ], [ 19.344431639009258, -34.585648655660819 ], [ 19.34265005595546, -34.586480021335788 ], [ 19.339613557120344, -34.585248947480764 ], [ 19.338098407216137, -34.585438847424797 ], [ 19.337802648973252, -34.585742830866764 ], [ 19.338123440744539, -34.587396860376657 ], [ 19.335937500015945, -34.589843750188848 ], [ 19.335937500015945, -34.5904016491167 ], [ 19.332704901310592, -34.594342946869318 ], [ 19.330826163596839, -34.602089643122412 ], [ 19.32919275734011, -34.60311555823634 ], [ 19.328613877228776, -34.608476042834937 ], [ 19.323736548003581, -34.610993742567018 ], [ 19.320553063973136, -34.610262752024255 ], [ 19.313755154277374, -34.61181485686997 ], [ 19.31217885047397, -34.611103057859751 ], [ 19.304003953719786, -34.613880753393858 ], [ 19.30178821125719, -34.615495920500237 ], [ 19.301433205678222, -34.620394706650217 ], [ 19.298368930382139, -34.62430214852516 ], [ 19.295045376043475, -34.623467922106727 ], [ 19.292386054672875, -34.626328945224429 ], [ 19.289832353280758, -34.626185536633116 ], [ 19.289919734108565, -34.628906250223181 ], [ 19.289830923358721, -34.628906250223181 ], [ 19.289587259245025, -34.629862427408966 ], [ 19.291144966867193, -34.633380055445031 ], [ 19.297983646428321, -34.635036945698289 ], [ 19.29975390431963, -34.633283376526379 ], [ 19.305941939669083, -34.633423447733719 ], [ 19.306362032781919, -34.633239149666863 ], [ 19.310070157012433, -34.629291057536136 ], [ 19.310508012634955, -34.629179119820321 ], [ 19.312590241746477, -34.628906250223181 ], [ 19.312526702845247, -34.628815054470991 ], [ 19.313515901338121, -34.628541708233087 ], [ 19.315513372044649, -34.624279975740222 ], [ 19.31785404652743, -34.622921109121705 ], [ 19.322302103259716, -34.626528739509553 ], [ 19.332366943280135, -34.624691843653594 ], [ 19.335193633879328, -34.625172972854344 ], [ 19.33576297757952, -34.626957535361797 ], [ 19.335937500015945, -34.626953125086544 ], [ 19.340768218278839, -34.627272843966352 ], [ 19.350230336261234, -34.625683545858749 ], [ 19.350962757625325, -34.625275969510255 ], [ 19.352764248971368, -34.62395060083935 ], [ 19.355357647337826, -34.618698239032454 ], [ 19.358661412994252, -34.620195627326169 ], [ 19.357441901722552, -34.616075277252051 ], [ 19.367140411900891, -34.616945267010237 ], [ 19.370704412578846, -34.614147305253738 ], [ 19.3732396365005, -34.616439342601382 ], [ 19.376100301687984, -34.617110728777021 ], [ 19.380374550944907, -34.614066958023628 ], [ 19.382574200938876, -34.61526846846489 ], [ 19.382477640730883, -34.616750359641244 ], [ 19.385886549724887, -34.616977572456918 ], [ 19.389239907596107, -34.615734577188874 ], [ 19.388592242838001, -34.613703131893956 ], [ 19.390573978107057, -34.612513065325643 ], [ 19.394713401902436, -34.613787054828506 ], [ 19.394906640129534, -34.6123449802366 ], [ 19.392735838588351, -34.611194372322316 ], [ 19.394226669925217, -34.609476804810541 ], [ 19.409860134537951, -34.604987144540942 ], [ 19.411907553590993, -34.605289101810527 ], [ 19.416939973601302, -34.601611375564403 ], [ 19.417393565561042, -34.601413845772157 ], [ 19.423643946411175, -34.600581050175222 ], [ 19.427322149298078, -34.59844934935785 ], [ 19.427992224262027, -34.59852635830471 ], [ 19.428322076702671, -34.598680615417834 ], [ 19.425561070787126, -34.599974155282837 ], [ 19.428594350948771, -34.600866317826231 ], [ 19.424310445670869, -34.601465344549922 ], [ 19.423543810498813, -34.602819442962698 ], [ 19.419674158136274, -34.604280352955769 ], [ 19.416012525258111, -34.603756904357525 ], [ 19.411432266386385, -34.606926440802468 ], [ 19.423656344465059, -34.613859533890292 ], [ 19.425489663717372, -34.615284561832951 ], [ 19.432988405191168, -34.622886776603281 ], [ 19.436432242054593, -34.628906250223181 ], [ 19.436625957821832, -34.628906250223181 ], [ 19.438835859187918, -34.631917119279478 ], [ 19.439076900878518, -34.632497430212041 ], [ 19.441121101257977, -34.640563607024745 ], [ 19.443454146791652, -34.645497560264133 ], [ 19.445859908808075, -34.648053645759049 ], [ 19.446145653998883, -34.651797771649697 ], [ 19.448878407712613, -34.655069351469194 ], [ 19.45013737673878, -34.655791521461452 ], [ 19.452695011765655, -34.657035112080649 ], [ 19.460161804823827, -34.657956361396856 ], [ 19.467640042654239, -34.660775065117065 ], [ 19.467997312726254, -34.660857558129663 ], [ 19.472662448713265, -34.660817622834941 ], [ 19.473468064999395, -34.662205457515725 ], [ 19.470911741184096, -34.663515925319601 ], [ 19.472643614211847, -34.665079235718068 ], [ 19.473596572723864, -34.664245843870532 ], [ 19.476001501068765, -34.665225148021989 ], [ 19.478356480167605, -34.663595676299281 ], [ 19.487848162463052, -34.663499474920684 ], [ 19.489088535307843, -34.666805624679625 ], [ 19.491714000800755, -34.668637514009902 ], [ 19.494435310641336, -34.66715192751937 ], [ 19.497900247398661, -34.668776750646344 ], [ 19.496797799978822, -34.669911026872171 ], [ 19.493603825356445, -34.669903278313498 ], [ 19.494996547852793, -34.672529101736544 ], [ 19.497167348494628, -34.671082377649441 ], [ 19.509420514245647, -34.673100948249981 ], [ 19.516366005387226, -34.670551061781865 ], [ 19.52577877037416, -34.67383170137181 ], [ 19.526120424618057, -34.67403447601005 ], [ 19.532166957939125, -34.682036876500575 ], [ 19.53028512026242, -34.685777306177499 ], [ 19.531301141034987, -34.689342141426621 ], [ 19.541770934981116, -34.69267475643467 ], [ 19.541209459449362, -34.694414138801335 ], [ 19.544829845821027, -34.697418450900614 ], [ 19.544762373285209, -34.700025558532531 ], [ 19.541803240427612, -34.701081871630848 ], [ 19.543160319193589, -34.702379942280317 ], [ 19.546256780326445, -34.703805923504433 ], [ 19.552070141024501, -34.703698753994104 ], [ 19.547860503559662, -34.706715941687207 ], [ 19.549194812390908, -34.713061451924389 ], [ 19.558545470197544, -34.711567878554604 ], [ 19.564310669502163, -34.714116573420952 ], [ 19.566263556318233, -34.716299653406182 ], [ 19.565358638690469, -34.716974734896013 ], [ 19.567037701728765, -34.720129847114606 ], [ 19.571606040087033, -34.719925046303629 ], [ 19.574840426644641, -34.720975518305366 ], [ 19.569195508965834, -34.72433006777824 ], [ 19.57530605782847, -34.728318810164751 ], [ 19.586305737719869, -34.728883743589691 ], [ 19.588706254889956, -34.725279807616928 ], [ 19.593812346462983, -34.728794455299763 ], [ 19.595370054084896, -34.731499433451987 ], [ 19.598140955241064, -34.731657266269735 ], [ 19.601000309217056, -34.735866904633852 ], [ 19.59884107115866, -34.73604297660188 ], [ 19.597644448532805, -34.737440347693706 ], [ 19.601302146877003, -34.738715410087948 ], [ 19.598498105703158, -34.739496946127034 ], [ 19.597001075339676, -34.745058179191489 ], [ 19.600614309402999, -34.747561812627339 ], [ 19.600085139318082, -34.749911308559902 ], [ 19.604788422747646, -34.750386357444228 ], [ 19.607549548273198, -34.752695321831553 ], [ 19.609594106582875, -34.758754253206135 ], [ 19.615237474730066, -34.758798837995769 ], [ 19.624310374224706, -34.754033923126968 ], [ 19.628086805561765, -34.754807352676977 ], [ 19.630366206535427, -34.754091143391406 ], [ 19.63344275937618, -34.756034135866585 ], [ 19.641342043600787, -34.770437240685979 ], [ 19.642060518278583, -34.775184511755654 ], [ 19.639801025596995, -34.778123736321163 ], [ 19.633878112185357, -34.779432534983314 ], [ 19.633013509366151, -34.780703579206616 ], [ 19.632078647911413, -34.782077908768329 ], [ 19.628647923163413, -34.782552719332344 ], [ 19.629230737808655, -34.783639431314526 ], [ 19.632379532289804, -34.785979866577364 ], [ 19.636997902684385, -34.782307431964057 ], [ 19.637202144063906, -34.782145023373928 ], [ 19.640239834500875, -34.782896161428624 ], [ 19.645881771826737, -34.781043052594683 ], [ 19.655053615632255, -34.785911440760174 ], [ 19.656440973672431, -34.783862352565407 ], [ 19.657854556842778, -34.784502148255342 ], [ 19.656950712106038, -34.786226630654269 ], [ 19.652025938246823, -34.788169145589393 ], [ 19.65122810218304, -34.788147520568515 ], [ 19.635225057390869, -34.787713765777497 ], [ 19.635130643864443, -34.788905978128199 ], [ 19.639166355143573, -34.791428327355291 ], [ 19.644351601445578, -34.788829207501806 ], [ 19.653393030064706, -34.791507840014589 ], [ 19.657902955657335, -34.790198206781611 ], [ 19.658164107329185, -34.789512648222356 ], [ 19.659768700865101, -34.785300373912918 ], [ 19.669391155377923, -34.785220742543061 ], [ 19.677278041548732, -34.78250694294087 ], [ 19.677861571154892, -34.781585931945045 ], [ 19.674404025026007, -34.780045747612974 ], [ 19.672810673674007, -34.77689266246621 ], [ 19.681888937624706, -34.771673678997004 ], [ 19.681939601831402, -34.770550251292889 ], [ 19.684389233676598, -34.769691943728048 ], [ 19.684677362070914, -34.769428015190627 ], [ 19.68387174578487, -34.76769995708726 ], [ 19.684887647847063, -34.766280770241167 ], [ 19.687500000325144, -34.76618301843132 ], [ 19.691027760123461, -34.762932419795106 ], [ 19.71274745503149, -34.763424158298179 ], [ 19.731971740803658, -34.76794290534059 ], [ 19.748251557163911, -34.768771052342061 ], [ 19.750413655965758, -34.769804358084542 ], [ 19.754038930152831, -34.769804954335058 ], [ 19.760795473732287, -34.765943169241751 ], [ 19.767805218736214, -34.764259457607807 ], [ 19.778088450122084, -34.764537453340736 ], [ 19.799360871707108, -34.768067359820648 ], [ 19.806663751631106, -34.767545342043732 ], [ 19.810398816852029, -34.764533758026374 ], [ 19.822663545186742, -34.762879729415843 ], [ 19.828046917531537, -34.766435027354476 ], [ 19.833954811365857, -34.765989303563359 ], [ 19.845388650666109, -34.768940925283374 ], [ 19.853384613809169, -34.768944025246412 ], [ 19.858676552980853, -34.766231775176095 ], [ 19.864449620453797, -34.768345951804093 ], [ 19.874808669185143, -34.767107248100928 ], [ 19.875262021925209, -34.767176866419049 ], [ 19.884301901012094, -34.770678877727903 ], [ 19.887146234511334, -34.772977352422743 ], [ 19.890599250755116, -34.781920314270877 ], [ 19.904624342639579, -34.784520268695246 ], [ 19.905262470087195, -34.784861325789464 ], [ 19.907730221473003, -34.787914037602576 ], [ 19.918943643234968, -34.794166922165587 ], [ 19.9266281126975, -34.80000424350095 ], [ 19.931932449023606, -34.804687499928065 ], [ 19.932065248312938, -34.804687499928065 ], [ 19.935845374964458, -34.808144449806335 ], [ 19.936127662262265, -34.8087105748331 ], [ 19.934688925953338, -34.811360001862425 ], [ 19.940009236037724, -34.812264799880438 ], [ 19.940097808467385, -34.814067244507498 ], [ 19.933941244892708, -34.813645958893815 ], [ 19.933781146682719, -34.814015745729989 ], [ 19.934433103005517, -34.815867901282388 ], [ 19.935076713619651, -34.816301345730452 ], [ 19.936989307210979, -34.81573736648609 ], [ 19.93753206695169, -34.815984249273541 ], [ 19.939373373982448, -34.818589926084044 ], [ 19.943085670167932, -34.819150805365283 ], [ 19.943590163755459, -34.81903970222028 ], [ 19.94550681149039, -34.814702271992147 ], [ 19.955140233235397, -34.815743803833357 ], [ 19.956406354569936, -34.818688631175249 ], [ 19.959057927381821, -34.820413350995196 ], [ 19.959013938842531, -34.822661161483339 ], [ 19.964496850849343, -34.821848153669194 ], [ 19.967627048249994, -34.823537707299266 ], [ 19.968051552537361, -34.824837565800806 ], [ 19.966067909806497, -34.825168133202709 ], [ 19.965955853380137, -34.826639056247316 ], [ 19.97376084368824, -34.825049519819416 ], [ 19.971359848978068, -34.825992345670045 ], [ 19.971274853152408, -34.827123880762343 ], [ 19.974746346866766, -34.826773047138317 ], [ 19.978412270410331, -34.82922184441243 ], [ 19.984941244143556, -34.830276012627735 ], [ 19.984094739281261, -34.831872820973729 ], [ 19.988910437067233, -34.833451748099577 ], [ 19.990318655781664, -34.835010648222692 ], [ 19.992058754008497, -34.832698940903256 ], [ 20.002547502965086, -34.833705305655144 ], [ 20.008191704783712, -34.832300543934778 ], [ 20.012199852741333, -34.83229770027836 ], [ 20.014409065226459, -34.832296132760234 ], [ 20.013985372918654, -34.831750369317007 ], [ 20.012129664252882, -34.829360008157678 ], [ 20.017578244640731, -34.827106236963118 ], [ 20.017875552415035, -34.825989842856899 ], [ 20.015640735331999, -34.824129820035083 ], [ 20.02241492271088, -34.825259566375735 ], [ 20.024668932225723, -34.824560045809292 ], [ 20.026341676627396, -34.825566649780939 ], [ 20.027108908050138, -34.825489759544624 ], [ 20.027848720941989, -34.82468485821957 ], [ 20.029406308954322, -34.821594119472934 ], [ 20.028431654297776, -34.818164348905384 ], [ 20.028525113643468, -34.817788958393649 ], [ 20.030889153412033, -34.816778540397081 ], [ 20.030421972696047, -34.814746618461484 ], [ 20.039062499734797, -34.815011143249421 ], [ 20.040819644611247, -34.814220070799479 ], [ 20.052630450229316, -34.814607517037771 ], [ 20.054552316536558, -34.814670562796167 ], [ 20.05868506466436, -34.813172340830647 ], [ 20.05904507676928, -34.812937378557109 ], [ 20.058749296043516, -34.811603001377335 ], [ 20.058327555372671, -34.809700369576333 ], [ 20.060701131552378, -34.809014439564521 ], [ 20.065217256171877, -34.804687499928065 ], [ 20.066184043558934, -34.804687499928065 ], [ 20.065839409861155, -34.803205609651087 ], [ 20.062674761231619, -34.801560639911372 ], [ 20.063791036627379, -34.800393343277975 ], [ 20.059738517019127, -34.800471543826589 ], [ 20.057616948863483, -34.798447608769976 ], [ 20.055898070140131, -34.798024177373719 ], [ 20.052477002312173, -34.798669218809266 ], [ 20.050864458528338, -34.797206044323346 ], [ 20.049669504144532, -34.795067667838396 ], [ 20.049713254363468, -34.792846202989793 ], [ 20.04723644230836, -34.788581013502863 ], [ 20.04719901072616, -34.781668543668289 ], [ 20.047573804987564, -34.778723120975158 ], [ 20.049653410776472, -34.769891977232831 ], [ 20.049829721065066, -34.769407152717804 ], [ 20.05584096948553, -34.75927150277758 ], [ 20.058861851593633, -34.755689144238431 ], [ 20.065166949895229, -34.749302506205595 ], [ 20.083354354220376, -34.733288168813772 ], [ 20.093128323813517, -34.72687804678425 ], [ 20.116293669017921, -34.715827345655413 ], [ 20.111104011541272, -34.712083458984239 ], [ 20.104807853400189, -34.711954116688972 ], [ 20.102354645850397, -34.708858132196909 ], [ 20.093877673116481, -34.712250947822866 ], [ 20.09273195301742, -34.712361931357933 ], [ 20.092926740776676, -34.711538315141013 ], [ 20.10290682329159, -34.707802057418874 ], [ 20.105147361861725, -34.711129069650639 ], [ 20.115903258029391, -34.711439370830135 ], [ 20.121073126823632, -34.71044135088745 ], [ 20.123023629537272, -34.712060213308007 ], [ 20.15009415122438, -34.701393723241523 ], [ 20.161958456417779, -34.697788715276843 ], [ 20.165351152434084, -34.695598840913661 ], [ 20.188574910403958, -34.690874457589999 ], [ 20.198511958560175, -34.690877080013081 ], [ 20.207258224287841, -34.688979745218916 ], [ 20.21384286875363, -34.689317226608594 ], [ 20.218921423085533, -34.687808514051483 ], [ 20.230664611183016, -34.687518477295811 ], [ 20.234604954755071, -34.683815717521284 ], [ 20.233698367985767, -34.674865841685019 ], [ 20.235637665146498, -34.670474171545564 ], [ 20.23344385624938, -34.666744112850395 ], [ 20.234256029492428, -34.662876248340027 ], [ 20.233366369762365, -34.660748243736307 ], [ 20.23447167882523, -34.658574938482403 ], [ 20.237017631658574, -34.657282471508779 ], [ 20.237116218039233, -34.655383348862259 ], [ 20.239719271527463, -34.653569340752313 ], [ 20.241160750768415, -34.650280952603694 ], [ 20.246973872246826, -34.647454262004501 ], [ 20.253105640613114, -34.642497778049858 ], [ 20.273522257446643, -34.63229811166832 ], [ 20.281121849793976, -34.628906250223181 ], [ 20.28226995489473, -34.628763079951995 ], [ 20.293086171290156, -34.626373052474293 ], [ 20.30407905590414, -34.622360706481231 ], [ 20.315096735726115, -34.6176129578716 ], [ 20.321797847792624, -34.61284267944599 ], [ 20.327949762771652, -34.61098873604125 ], [ 20.341346859870015, -34.594433546370993 ], [ 20.344707846689971, -34.591912746675703 ], [ 20.370224118648423, -34.582200050591666 ], [ 20.388764023940837, -34.573660731457466 ], [ 20.39062500004411, -34.573660731457466 ], [ 20.39062500004411, -34.573381543223505 ], [ 20.393127560588766, -34.573603153262724 ], [ 20.393850803472219, -34.57335460223301 ], [ 20.398302435909102, -34.570622325159974 ], [ 20.399797200880471, -34.572387337305557 ], [ 20.400961756380156, -34.5722055438506 ], [ 20.400790572227237, -34.569391608335962 ], [ 20.406465649570407, -34.563166022693579 ], [ 20.416228533220561, -34.545460462530244 ], [ 20.418893456468311, -34.543550253041602 ], [ 20.421009778878613, -34.535273670843168 ], [ 20.426563143774274, -34.527558565075495 ], [ 20.428111076665118, -34.525669575090618 ], [ 20.442188620608562, -34.511819600993604 ], [ 20.453111052333497, -34.503666877923891 ], [ 20.479803919915298, -34.489247918056918 ], [ 20.499430775510177, -34.482091427077535 ], [ 20.510564804222611, -34.478853702236421 ], [ 20.514318346914649, -34.478770970903525 ], [ 20.515121460387434, -34.477947115466947 ], [ 20.514044999777184, -34.47688794162498 ], [ 20.516660332608467, -34.477304339423611 ], [ 20.520397305291851, -34.475756644853064 ], [ 20.524171471236599, -34.475644946357107 ], [ 20.533588052047264, -34.470353007185352 ], [ 20.551507472791855, -34.466433643897474 ], [ 20.55548620212673, -34.466651439911942 ], [ 20.558519720609013, -34.464314937384302 ], [ 20.575345158352604, -34.460828542802915 ], [ 20.576822042103828, -34.459287643509782 ], [ 20.581874132085744, -34.45923388023914 ], [ 20.61614942575585, -34.452981352707155 ], [ 20.619196772213513, -34.452317833800763 ], [ 20.632260918706834, -34.451171755771739 ], [ 20.662992954561446, -34.449497818869148 ], [ 20.66858804260437, -34.449525356110158 ], [ 20.671519875642048, -34.450011849766895 ], [ 20.678359150554684, -34.453124999618936 ], [ 20.679635047519554, -34.453879832987823 ], [ 20.685510874227788, -34.453932046726393 ], [ 20.687033653081016, -34.453124999618936 ], [ 20.687815070409357, -34.453124999618936 ], [ 20.692070960906449, -34.451412558242865 ], [ 20.703687906671973, -34.453124999618936 ], [ 20.704363346091839, -34.453124999618936 ], [ 20.707740426279855, -34.453124999618936 ], [ 20.709027648407414, -34.453124999618936 ], [ 20.711894273402123, -34.45339691683418 ], [ 20.714407562859208, -34.455282568535623 ], [ 20.717488169843477, -34.453322649020848 ], [ 20.725012302776008, -34.455855250519235 ], [ 20.73217725727477, -34.45377767090271 ], [ 20.734560966116021, -34.454511642698051 ], [ 20.734936118307644, -34.456595420442184 ], [ 20.739399314227342, -34.456705212375425 ], [ 20.741018057037877, -34.455758571600683 ], [ 20.742187500353225, -34.456752061658193 ], [ 20.748183727397532, -34.457753061954079 ], [ 20.748668670623033, -34.45781004389832 ], [ 20.752240658180142, -34.457235574961629 ], [ 20.757958411951563, -34.459353566513727 ], [ 20.758655905446005, -34.459481716307963 ], [ 20.765690803587972, -34.459572076589893 ], [ 20.773292422107772, -34.462002516003167 ], [ 20.776936650406469, -34.460957646777814 ], [ 20.784616947014769, -34.46364235870773 ], [ 20.7943197487578, -34.464037656612447 ], [ 20.796286225229323, -34.466389656257448 ], [ 20.815597533899449, -34.469630718482804 ], [ 20.819517255117461, -34.47261965307446 ], [ 20.823958873603601, -34.47105896509899 ], [ 20.828932523817059, -34.472076773724012 ], [ 20.831771850790687, -34.469997644575429 ], [ 20.8339445588947, -34.471735835340354 ], [ 20.837380648098616, -34.469918250626677 ], [ 20.847174047064982, -34.474991016226966 ], [ 20.847263932085127, -34.475037574824128 ], [ 20.84743506857393, -34.474879574732455 ], [ 20.850952148023566, -34.471632480754309 ], [ 20.852391600192391, -34.472470640807231 ], [ 20.854661941395875, -34.471520662648246 ], [ 20.852530956438756, -34.468590736173383 ], [ 20.85644555062197, -34.464985728208617 ], [ 20.858780145687319, -34.464542627739945 ], [ 20.86235654351978, -34.465876579540435 ], [ 20.864080310058625, -34.46510195748921 ], [ 20.869809508602202, -34.466703653650612 ], [ 20.869699001707744, -34.464112758996407 ], [ 20.865853548302795, -34.460172534134998 ], [ 20.87042832400823, -34.453124999618936 ], [ 20.872545957630109, -34.453124999618936 ], [ 20.872781276934688, -34.45234453647096 ], [ 20.871272564377762, -34.449911952174659 ], [ 20.872147679372091, -34.44885146622201 ], [ 20.871017456390774, -34.446565151260657 ], [ 20.871643066175011, -34.437963247405847 ], [ 20.868145704361154, -34.435102700928724 ], [ 20.870002150579239, -34.429998159787047 ], [ 20.869810343173015, -34.429429650657667 ], [ 20.86760222876029, -34.426454901971979 ], [ 20.861438512877442, -34.425275444705818 ], [ 20.857326149682478, -34.422200441397024 ], [ 20.856985807549336, -34.419162511740311 ], [ 20.854480504971519, -34.415650009839851 ], [ 20.854774832392877, -34.410320758695832 ], [ 20.854042649349083, -34.41085851191059 ], [ 20.853127002809259, -34.410977721544398 ], [ 20.851014256103213, -34.409434914789244 ], [ 20.846173644398505, -34.408468246112491 ], [ 20.835241317433201, -34.407492160634632 ], [ 20.828409909789826, -34.405163407565141 ], [ 20.819879055074637, -34.40433192228025 ], [ 20.81679117707148, -34.405802846224233 ], [ 20.810484528338634, -34.405604243540864 ], [ 20.802552700347235, -34.409092545584443 ], [ 20.796672821293896, -34.410646438282413 ], [ 20.795098066123103, -34.410319447484341 ], [ 20.783928632900427, -34.403982758697225 ], [ 20.782199143975731, -34.402094245352941 ], [ 20.767780661648544, -34.396782279178638 ], [ 20.746261119855205, -34.393371939363377 ], [ 20.742187500353225, -34.392299056256221 ], [ 20.742187500353225, -34.392020106342741 ], [ 20.732166051722288, -34.388180017393779 ], [ 20.716879725419204, -34.377893805654438 ], [ 20.708508610983984, -34.366240501198007 ], [ 20.694805860402482, -34.3615775109932 ], [ 20.691696524575264, -34.36018395392621 ], [ 20.689957380528881, -34.358741879334119 ], [ 20.686019421059711, -34.354477167387145 ], [ 20.685877562, -34.353990912050804 ], [ 20.68688464171305, -34.347392677929591 ], [ 20.667998671901557, -34.350940943169874 ], [ 20.664457559868879, -34.350672364238079 ], [ 20.663907050670218, -34.348653077777101 ], [ 20.674088716221519, -34.348742842707878 ], [ 20.682580471112146, -34.345982075112545 ], [ 20.687957048179442, -34.346824646340181 ], [ 20.689877152009331, -34.357620477802655 ], [ 20.691943049432496, -34.359314918348758 ], [ 20.708629727180352, -34.364006638295521 ], [ 20.708742261146654, -34.365401744894399 ], [ 20.710781335390607, -34.367429852805245 ], [ 20.713466524860394, -34.368501066770605 ], [ 20.721855640125966, -34.377289056544626 ], [ 20.723870635022251, -34.378870844413839 ], [ 20.728884100920936, -34.380617379987967 ], [ 20.735285639820802, -34.385277271129013 ], [ 20.742187500353225, -34.387834667835506 ], [ 20.752461075718315, -34.391660809198882 ], [ 20.767017960111048, -34.392384528722928 ], [ 20.76934897857268, -34.393187045945197 ], [ 20.772320508584869, -34.396871209538602 ], [ 20.775890827000268, -34.397514343511972 ], [ 20.786434650439162, -34.40271651775295 ], [ 20.789758562707959, -34.403037547844349 ], [ 20.792237877576383, -34.404953718039579 ], [ 20.801334142357177, -34.406226872971629 ], [ 20.801944017602494, -34.406236410282034 ], [ 20.803755640710563, -34.40572714848895 ], [ 20.809897065097914, -34.400955319632089 ], [ 20.823110222958746, -34.39858055095155 ], [ 20.824696422002489, -34.397403240367055 ], [ 20.843478560587528, -34.396806359425767 ], [ 20.849254250483568, -34.398372173536757 ], [ 20.856139779327634, -34.397110939118434 ], [ 20.859573602240403, -34.395651459946691 ], [ 20.860723614803192, -34.39457130402225 ], [ 20.876122832103164, -34.384269356845152 ], [ 20.881097555208441, -34.381254076614141 ], [ 20.887290835403974, -34.378389358182247 ], [ 20.917009114978981, -34.369449138366946 ], [ 20.935529947449481, -34.366629361755443 ], [ 21.00094187296952, -34.364837646040456 ], [ 21.001718639903572, -34.364594459466645 ], [ 21.001825929023823, -34.364284753638373 ], [ 21.000742554425528, -34.362056731832482 ], [ 21.001044153764894, -34.361553669066453 ], [ 21.005504846871531, -34.361625313557241 ], [ 21.007592439539849, -34.355002880478438 ], [ 21.00777065729045, -34.351690650403057 ], [ 21.007539510840218, -34.351112842283669 ], [ 21.002127766683316, -34.349021673011706 ], [ 21.008007764447029, -34.350460768149873 ], [ 21.008568406307347, -34.351247072394244 ], [ 21.008553266220645, -34.351862311196555 ], [ 21.008134126389024, -34.360164881104225 ], [ 21.006230830888512, -34.363002419326122 ], [ 21.001934647166593, -34.365213632802707 ], [ 21.001008033394385, -34.365962624175637 ], [ 21.001524448394832, -34.368286252008716 ], [ 21.002910852254189, -34.366746305997026 ], [ 21.004810214120397, -34.36828553704774 ], [ 21.009297013646517, -34.366979957059257 ], [ 21.037077665202503, -34.371343255386705 ], [ 21.046680450642555, -34.370328545825615 ], [ 21.061730146429568, -34.371960163330726 ], [ 21.093749999762991, -34.376116037524923 ], [ 21.105445146976308, -34.377705455242449 ], [ 21.114744544325731, -34.380505919812208 ], [ 21.129368543323892, -34.382283926262005 ], [ 21.162081241556365, -34.39124763007392 ], [ 21.204893946898494, -34.405263543477588 ], [ 21.207451820245751, -34.40793395079109 ], [ 21.207561135538214, -34.410890579036788 ], [ 21.209445357317804, -34.412138342510403 ], [ 21.213577747515387, -34.411868453266294 ], [ 21.219118714357535, -34.417109608621345 ], [ 21.220747709439649, -34.417350411092457 ], [ 21.222015857846031, -34.416144132445623 ], [ 21.224666953117605, -34.418408751262717 ], [ 21.227360129466831, -34.417988419829499 ], [ 21.228688955131361, -34.418979406174486 ], [ 21.230959654265064, -34.416333555748793 ], [ 21.23400962314588, -34.42010414598937 ], [ 21.238824605971047, -34.420075654567611 ], [ 21.241596340798935, -34.421262502462426 ], [ 21.243498563408139, -34.420633316074543 ], [ 21.248260855853943, -34.422760009466685 ], [ 21.253781676083719, -34.423671126121434 ], [ 21.258332371542053, -34.426306367244877 ], [ 21.26178526907529, -34.426270246874282 ], [ 21.272802233936375, -34.43145370442484 ], [ 21.279666065736649, -34.430478215197311 ], [ 21.284773469420543, -34.436075568632376 ], [ 21.290094256145267, -34.43856656569433 ], [ 21.296901345221045, -34.438317537124561 ], [ 21.297343234303185, -34.438738901878665 ], [ 21.299229145009349, -34.440537214120994 ], [ 21.303688407294203, -34.441107272782247 ], [ 21.304518103827633, -34.441101670005949 ], [ 21.305912375855797, -34.439505577520222 ], [ 21.31388175503929, -34.439648151540638 ], [ 21.314399405708286, -34.437344830399439 ], [ 21.315037607799638, -34.434505105026361 ], [ 21.31769967120303, -34.435114741052388 ], [ 21.321807741934094, -34.432343602475115 ], [ 21.332652807681143, -34.435465455066563 ], [ 21.334308147503236, -34.434258341848832 ], [ 21.338659763637338, -34.434031247743704 ], [ 21.338021159549328, -34.429783105805484 ], [ 21.339022159845058, -34.427340626268816 ], [ 21.340061545004687, -34.42679154879076 ], [ 21.343355655539426, -34.428522705957974 ], [ 21.34599637982933, -34.427728533544808 ], [ 21.352274655851147, -34.421604752956853 ], [ 21.355570555137263, -34.421646356494094 ], [ 21.360156655105669, -34.41999387741545 ], [ 21.371311665001571, -34.424631357451076 ], [ 21.374332547109759, -34.423685073707091 ], [ 21.374748349556995, -34.423497914896785 ], [ 21.375777363734755, -34.420290828159096 ], [ 21.382872939135154, -34.411027073640312 ], [ 21.389242649229288, -34.410802244927424 ], [ 21.39490866680174, -34.412892579628675 ], [ 21.398302555318992, -34.410167455763258 ], [ 21.398707627955048, -34.408063650117214 ], [ 21.402641773399324, -34.406286358628478 ], [ 21.404121041253291, -34.404363274445373 ], [ 21.409173249945781, -34.404626607631656 ], [ 21.417099952701108, -34.399777173577519 ], [ 21.413383245340725, -34.39682507521691 ], [ 21.416370272470544, -34.392586946330312 ], [ 21.423278332029781, -34.3909491297984 ], [ 21.426756024771123, -34.393892764639261 ], [ 21.430599570713895, -34.393991112699624 ], [ 21.431521415381326, -34.392018556810868 ], [ 21.429878354003165, -34.389417529495205 ], [ 21.427641153716451, -34.386547326997487 ], [ 21.42419064028627, -34.385787725423043 ], [ 21.422552347113424, -34.383921026933663 ], [ 21.422365904163541, -34.378973245718527 ], [ 21.422346830442279, -34.378466368028299 ], [ 21.420797109699066, -34.377530574875905 ], [ 21.416636943940006, -34.372837067076787 ], [ 21.414955258478699, -34.370433449943633 ], [ 21.413046360201747, -34.366291880365864 ], [ 21.416158556772416, -34.358731866282398 ], [ 21.414342403779187, -34.365162848986088 ], [ 21.414428710816708, -34.365965247497996 ], [ 21.416026353733685, -34.36964702608924 ], [ 21.419795871082783, -34.371838927524266 ], [ 21.422835111951002, -34.375332712734291 ], [ 21.422417045011002, -34.376889943715696 ], [ 21.424083948315911, -34.377596854910792 ], [ 21.424444675381721, -34.377656936817971 ], [ 21.430970430441334, -34.373084545215391 ], [ 21.444859147331954, -34.368309855615252 ], [ 21.445312500072191, -34.368303536978431 ], [ 21.461850524382555, -34.366407751716238 ], [ 21.478160977047651, -34.366658806458659 ], [ 21.481954455034327, -34.367605805163706 ], [ 21.492591500397708, -34.366113424294966 ], [ 21.510366916300541, -34.360680222314286 ], [ 21.517385602364072, -34.361578345564013 ], [ 21.524307966539823, -34.357770919991765 ], [ 21.536734342616029, -34.357049464960667 ], [ 21.552299857153059, -34.361857533797959 ], [ 21.564628958959759, -34.361099958396181 ], [ 21.569882034828282, -34.363689780159092 ], [ 21.577115535653604, -34.365007758201344 ], [ 21.582013010592277, -34.364116430228933 ], [ 21.585307359447484, -34.366492271800681 ], [ 21.61083054539364, -34.372363567724349 ], [ 21.635594726016052, -34.382501601767274 ], [ 21.643302201935313, -34.381077051364741 ], [ 21.646822214074064, -34.383856654360969 ], [ 21.648735045985859, -34.383413910923053 ], [ 21.661487340868518, -34.387234211189764 ], [ 21.668646455170062, -34.386847257195043 ], [ 21.676489472411504, -34.388701438920179 ], [ 21.683448553208365, -34.39235234288617 ], [ 21.691035747502099, -34.39194524317827 ], [ 21.693079948781019, -34.39515352241699 ], [ 21.694991111550735, -34.395765304225236 ], [ 21.695337653610238, -34.395833849652348 ], [ 21.712711334261087, -34.394052862849151 ], [ 21.724813461572296, -34.394017934979573 ], [ 21.729100107983726, -34.395312547735685 ], [ 21.731628697606567, -34.394983400363486 ], [ 21.734843969074149, -34.394564866674983 ], [ 21.735729609327194, -34.393721965521394 ], [ 21.740765214243424, -34.388929366696743 ], [ 21.743694066927901, -34.387586713056123 ], [ 21.754184591341755, -34.388045237114397 ], [ 21.756125450429522, -34.388130069047264 ], [ 21.75855930187052, -34.386699582219777 ], [ 21.760612130345919, -34.385493040071538 ], [ 21.761807336539476, -34.385700491184537 ], [ 21.766443848904629, -34.386505245920276 ], [ 21.771041154426143, -34.384238243000311 ], [ 21.785765051915746, -34.384109616565482 ], [ 21.790128946494065, -34.382349729656212 ], [ 21.792695641291118, -34.382906913623088 ], [ 21.795011758885721, -34.382039665897722 ], [ 21.796875000381306, -34.38337051863445 ], [ 21.797672271858232, -34.383560657797972 ], [ 21.801478266608967, -34.382426142352386 ], [ 21.803633331813217, -34.38301157942081 ], [ 21.803944348852724, -34.382926345274399 ], [ 21.806258440275201, -34.380387544749297 ], [ 21.812883973316957, -34.381671070663302 ], [ 21.819018721137468, -34.377970218350782 ], [ 21.822648405599693, -34.378657340863271 ], [ 21.823948144491681, -34.377423405365761 ], [ 21.826484560914082, -34.376741647309075 ], [ 21.835841656067714, -34.375370025606017 ], [ 21.84668707884606, -34.371622324010914 ], [ 21.852958440879661, -34.368834257494683 ], [ 21.857261776909922, -34.363390564922412 ], [ 21.869631052331442, -34.364145755322141 ], [ 21.872897624725624, -34.360451221646429 ], [ 21.885318637245746, -34.354173064335342 ], [ 21.886279940567135, -34.351816654414904 ], [ 21.88173735159782, -34.350135325984212 ], [ 21.881857467748262, -34.348773230799736 ], [ 21.882025361281819, -34.346869349840546 ], [ 21.882288813178377, -34.345870971967543 ], [ 21.882011413696148, -34.345130920755324 ], [ 21.877901912143955, -34.338637947782971 ], [ 21.877452015498335, -34.33835935579954 ], [ 21.860446930082162, -34.335093140435859 ], [ 21.878061652423526, -34.336271405200989 ], [ 21.880639552773516, -34.339602708997717 ], [ 21.888272166427527, -34.344311356883537 ], [ 21.888660073703761, -34.344747662974171 ], [ 21.895213126784654, -34.343822717444311 ], [ 21.897352334221722, -34.344007030806225 ], [ 21.903993367999988, -34.344579219954909 ], [ 21.913880348199768, -34.339617251934527 ], [ 21.916244744999204, -34.339738845671121 ], [ 21.915634512722932, -34.338279246889627 ], [ 21.91553308988037, -34.33825240482453 ], [ 21.910555958391001, -34.336935162427679 ], [ 21.904628873024336, -34.332766056508163 ], [ 21.904979825359078, -34.324955701744074 ], [ 21.90746343179211, -34.319832921452019 ], [ 21.912469148232844, -34.314823269578156 ], [ 21.925436854127724, -34.306970000065235 ], [ 21.933082222866432, -34.305308103286109 ], [ 21.938542842478569, -34.305529356294642 ], [ 21.940508246058982, -34.302762031742205 ], [ 21.942252277920488, -34.303821325193908 ], [ 21.946166634682868, -34.3021918534712 ], [ 21.946772575394505, -34.299781441959752 ], [ 21.943036079351799, -34.299538254486748 ], [ 21.938938617923156, -34.297713041723412 ], [ 21.936884164372941, -34.29447042906699 ], [ 21.93368387201329, -34.29318177701721 ], [ 21.930856466453122, -34.29374790204389 ], [ 21.926403879835505, -34.29209184636143 ], [ 21.915301203288209, -34.291264653540793 ], [ 21.911679863635072, -34.285184979303239 ], [ 21.911360741005694, -34.282226443595349 ], [ 21.911698341105847, -34.277343749914067 ], [ 21.911478161887857, -34.277343749914067 ], [ 21.912188053436068, -34.272197008085257 ], [ 21.913570046120981, -34.268618941111086 ], [ 21.916569947945021, -34.261790871751117 ], [ 21.91870927771123, -34.258712768479384 ], [ 21.930828213351674, -34.245629072523485 ], [ 21.931166648921987, -34.245346427295544 ], [ 21.941187858333279, -34.239149450886288 ], [ 21.943296909724836, -34.236722707686653 ], [ 21.955719112946895, -34.228977203035299 ], [ 21.963677406187571, -34.22501456706847 ], [ 21.986237525641485, -34.21627771814201 ], [ 22.012093305162097, -34.20957195747971 ], [ 22.057615280221256, -34.205664038964073 ], [ 22.061305165301576, -34.20563614379293 ], [ 22.069295644378741, -34.206223726643572 ], [ 22.079870701272, -34.209233761129056 ], [ 22.090204835185318, -34.21058022969369 ], [ 22.095636129704076, -34.203868031684195 ], [ 22.100478768480627, -34.205022454522592 ], [ 22.102227568547619, -34.204310178871509 ], [ 22.103274106914967, -34.204310655512188 ], [ 22.106344103697609, -34.205275416726934 ], [ 22.113018631804721, -34.205046653480181 ], [ 22.113626122048061, -34.204920769078086 ], [ 22.114367723691714, -34.203722238990011 ], [ 22.121813058925738, -34.202364921903381 ], [ 22.124700546393456, -34.20058691545367 ], [ 22.130380034011523, -34.200145721547727 ], [ 22.139739751588593, -34.195999265053914 ], [ 22.143893837930705, -34.197357058781066 ], [ 22.147257805103806, -34.193917274262688 ], [ 22.148437499791157, -34.193917274262688 ], [ 22.151238441900773, -34.192490220147363 ], [ 22.154684662867055, -34.188178777628266 ], [ 22.160065214804831, -34.18821962042071 ], [ 22.16093504461702, -34.188226223161465 ], [ 22.161443829769325, -34.187980532875216 ], [ 22.161683991023779, -34.187549481523263 ], [ 22.161771535528231, -34.187392353773873 ], [ 22.16166782391133, -34.186446666280403 ], [ 22.158547401241748, -34.181582450969159 ], [ 22.155157208038958, -34.179615259536391 ], [ 22.151340842306354, -34.178984046076664 ], [ 22.148437499791157, -34.176897168369493 ], [ 22.148437499791157, -34.1760603186287 ], [ 22.147510647698653, -34.175218343651494 ], [ 22.146789431887044, -34.175198554969157 ], [ 22.147537708298898, -34.178402304322688 ], [ 22.145255803612713, -34.176260352133482 ], [ 22.141864657128565, -34.17885041221669 ], [ 22.138831019036445, -34.17885041221669 ], [ 22.13505947551451, -34.17329943142353 ], [ 22.131482839361752, -34.172225475425265 ], [ 22.128654837550982, -34.172605156602515 ], [ 22.122279644290302, -34.167711258267843 ], [ 22.114685058468922, -34.165451169335839 ], [ 22.110775709131872, -34.162099957247122 ], [ 22.110398530767952, -34.151818156682396 ], [ 22.112098813309757, -34.15021502969968 ], [ 22.112070560208366, -34.142994641889004 ], [ 22.114196419929158, -34.139989256898446 ], [ 22.115444421722799, -34.134207129655138 ], [ 22.123051524308607, -34.121067762067483 ], [ 22.123402357033342, -34.116724252422117 ], [ 22.139673709874273, -34.101562500209013 ], [ 22.140363335200021, -34.101562500209013 ], [ 22.148269176381632, -34.094308019099586 ], [ 22.148437499791157, -34.094308019099586 ], [ 22.148437499791157, -34.094028949576185 ], [ 22.150661944993146, -34.092766403946271 ], [ 22.148437499791157, -34.092633842977307 ], [ 22.146940946967447, -34.092574715250777 ], [ 22.140239238650167, -34.090773701445045 ], [ 22.13983535761605, -34.090637445161803 ], [ 22.135605335218258, -34.087889552260847 ], [ 22.140633463663789, -34.089711069709907 ], [ 22.142873048952197, -34.088783264336044 ], [ 22.146935344190979, -34.090652227318373 ], [ 22.148437499791157, -34.090680837450591 ], [ 22.149951458093511, -34.090680837450591 ], [ 22.158082842949284, -34.085139274357914 ], [ 22.192981242690507, -34.070803403753871 ], [ 22.210168600001026, -34.064762353599534 ], [ 22.236664056501468, -34.057666778199149 ], [ 22.237400650719621, -34.057105540987862 ], [ 22.237199663933666, -34.056556225189411 ], [ 22.231989741133987, -34.052612423724284 ], [ 22.231974720657036, -34.052289604881153 ], [ 22.232688307519709, -34.051802515873277 ], [ 22.237501740812917, -34.051224708653336 ], [ 22.237139821246046, -34.053459524837095 ], [ 22.240558862901537, -34.054964542079745 ], [ 22.240022062968137, -34.056612134242528 ], [ 22.240021109686779, -34.056720018713762 ], [ 22.252512454586565, -34.056053876485095 ], [ 22.265427828032216, -34.053359150604166 ], [ 22.285241722827493, -34.051419019771814 ], [ 22.319577813365868, -34.051424026297596 ], [ 22.322842001657364, -34.052674651413852 ], [ 22.332859754973924, -34.052483915999815 ], [ 22.344224930136875, -34.055484056144138 ], [ 22.353871106966437, -34.05458724500518 ], [ 22.360014915456304, -34.056714058007245 ], [ 22.3635965581351, -34.059233665201248 ], [ 22.375821828714606, -34.059747814809739 ], [ 22.379649757930167, -34.06158924145015 ], [ 22.38521194427608, -34.061602949816148 ], [ 22.387419939079336, -34.057849526734117 ], [ 22.389605164846785, -34.056523442202959 ], [ 22.392344117587129, -34.056549549522018 ], [ 22.395662307469991, -34.058464050575267 ], [ 22.404629349564999, -34.056123137772374 ], [ 22.408404111760774, -34.058684229793144 ], [ 22.414049625689927, -34.058471202883609 ], [ 22.416396141269274, -34.059862971199053 ], [ 22.419508457449524, -34.0594484808625 ], [ 22.424259543443384, -34.061345219406249 ], [ 22.428196668342025, -34.057505726707717 ], [ 22.431244611949751, -34.060503244429043 ], [ 22.436337709218208, -34.057322264111136 ], [ 22.440650344238236, -34.060844302422439 ], [ 22.446214318436233, -34.057692527587989 ], [ 22.452294826345508, -34.057458400784355 ], [ 22.460883140544865, -34.051389455458775 ], [ 22.465887427063393, -34.050151348006125 ], [ 22.470856547391918, -34.050990938880545 ], [ 22.472913503755478, -34.049718380198925 ], [ 22.477962613384108, -34.050572275689859 ], [ 22.481378555076617, -34.05248725428325 ], [ 22.485213279569507, -34.052534341886215 ], [ 22.487647533007703, -34.047548055298321 ], [ 22.495489358647205, -34.044672012603215 ], [ 22.500000000100272, -34.040457606033627 ], [ 22.500000000100272, -34.040178537409503 ], [ 22.500837445192303, -34.038420200032022 ], [ 22.502490400911711, -34.036953210621988 ], [ 22.503870844963672, -34.036301731839245 ], [ 22.508677363369884, -34.036610364776408 ], [ 22.513598323204349, -34.028213262631766 ], [ 22.51741325811571, -34.028326630269532 ], [ 22.521673917717379, -34.025585055106106 ], [ 22.525780320205826, -34.024883746687479 ], [ 22.528733849387834, -34.022467970720214 ], [ 22.542353510706221, -34.017976045957667 ], [ 22.542843818387695, -34.017575740627706 ], [ 22.544451475255613, -34.01420366786482 ], [ 22.55150711536146, -34.006894945944794 ], [ 22.55627834796752, -34.004144907261448 ], [ 22.557972311872845, -34.002384543711585 ], [ 22.557778358684601, -34.001527666968059 ], [ 22.55626463870243, -33.997840762241211 ], [ 22.552845835367236, -33.994728207740494 ], [ 22.559888958708939, -33.999204278354654 ], [ 22.560306072367666, -33.999163150558729 ], [ 22.564424157049359, -33.996430278134724 ], [ 22.576461910888781, -33.996286273292711 ], [ 22.579669236846144, -33.995625734739704 ], [ 22.581816434780791, -33.993208766271408 ], [ 22.585240721282617, -33.992715954877227 ], [ 22.586764812246543, -33.992817163681053 ], [ 22.592900514247674, -33.994152546302772 ], [ 22.584279537570978, -33.993579507288317 ], [ 22.583130955829347, -33.993726849514374 ], [ 22.581554770736318, -33.994529008806524 ], [ 22.581545949286522, -33.995121717792955 ], [ 22.582435608117038, -33.99591302856328 ], [ 22.583385467565734, -33.996274233169245 ], [ 22.61320865125856, -34.000029445002724 ], [ 22.622365832517517, -34.00220262974733 ], [ 22.642400026140621, -34.003963947478113 ], [ 22.663349747593145, -34.007751106828053 ], [ 22.723222374513284, -34.02197074905078 ], [ 22.728895306973243, -34.024503469259528 ], [ 22.761233925905287, -34.034069657688491 ], [ 22.766012668749937, -34.038489461319401 ], [ 22.768402933648815, -34.036399960289771 ], [ 22.765907048771737, -34.034789920218557 ], [ 22.765158653649337, -34.032218336706734 ], [ 22.76991593867001, -34.027678966410988 ], [ 22.770359277458965, -34.027553558649657 ], [ 22.777363300076672, -34.027094245203173 ], [ 22.794688343592497, -34.031496048004016 ], [ 22.794709444385603, -34.031497359215692 ], [ 22.800207733900038, -34.027774930368651 ], [ 22.800649046516554, -34.027348041978328 ], [ 22.801340937234585, -34.025797724984798 ], [ 22.801157832568322, -34.025267958649195 ], [ 22.79502093806596, -34.021084427604052 ], [ 22.794796705603858, -34.019596338300175 ], [ 22.796681404023758, -34.01788973802077 ], [ 22.796674608746372, -34.017497658789821 ], [ 22.795975208689214, -34.016225815069177 ], [ 22.794208646112452, -34.015700459908118 ], [ 22.791802525266604, -34.016274571813952 ], [ 22.788163900643838, -34.020272612291038 ], [ 22.784454941842426, -34.022114157642093 ], [ 22.783877611263165, -34.022267580184575 ], [ 22.776137947708492, -34.022616625057054 ], [ 22.769642353212419, -34.020059943311537 ], [ 22.768191575880905, -34.018855810447192 ], [ 22.76596307743435, -34.014001846507952 ], [ 22.764702677586911, -34.013522744379046 ], [ 22.764924407235867, -34.007471919493383 ], [ 22.768160462035894, -34.007469415780761 ], [ 22.768559932794858, -34.007951140332651 ], [ 22.768227815861167, -34.010390639516288 ], [ 22.768501043388881, -34.010836243697582 ], [ 22.772385477907733, -34.013141870700593 ], [ 22.772622466354107, -34.013701677090538 ], [ 22.772001862196532, -34.016970872807349 ], [ 22.772547841509862, -34.017962455402852 ], [ 22.773856758882744, -34.019222259899209 ], [ 22.777877449684809, -34.019840240734425 ], [ 22.779637932844594, -34.021469831167693 ], [ 22.785409450785949, -34.020864725026854 ], [ 22.790831446314399, -34.015446066882262 ], [ 22.796674847966017, -34.015588760512685 ], [ 22.798106670286813, -34.020824432701289 ], [ 22.801400422891618, -34.023067474084499 ], [ 22.803042411378385, -34.025211453345733 ], [ 22.803043723489338, -34.025840401413319 ], [ 22.802135944218662, -34.027390956727061 ], [ 22.797603011270098, -34.030153631784586 ], [ 22.797198176055247, -34.030632733913308 ], [ 22.796638607985756, -34.032328724890661 ], [ 22.797187208823061, -34.032725453616621 ], [ 22.806051730902993, -34.036216854723946 ], [ 22.814324617787065, -34.038003563913179 ], [ 22.834847569559827, -34.046259403248726 ], [ 22.851562500409386, -34.049665212279606 ], [ 22.8700605629449, -34.053626180004088 ], [ 22.913617372743943, -34.064517736204394 ], [ 22.94916665591677, -34.076674223036861 ], [ 22.946943640636732, -34.074653506653831 ], [ 22.946526526978005, -34.070577502149789 ], [ 22.94779205296112, -34.068954348164439 ], [ 22.94987654656552, -34.075123548113098 ], [ 22.9544477465667, -34.078014254254313 ], [ 22.957675456557382, -34.083893180026024 ], [ 22.957088947497198, -34.085969448431143 ], [ 22.959825276915183, -34.089048623694794 ], [ 22.961851358653576, -34.08648872417514 ], [ 22.964814543856306, -34.086110472919756 ], [ 22.980301976555438, -34.094513774091197 ], [ 22.97982513891921, -34.09072840169415 ], [ 22.97474884997979, -34.08549535282819 ], [ 22.977214335973031, -34.08073854444811 ], [ 22.982940555062953, -34.07609140839169 ], [ 22.989575147875144, -34.073807358822393 ], [ 23.00230550739343, -34.071714758729001 ], [ 23.009171724196108, -34.071737051123961 ], [ 23.018115043974547, -34.073439240228566 ], [ 23.025702476588208, -34.076211452596226 ], [ 23.030666351171305, -34.07607924955758 ], [ 23.035920024189977, -34.079199671327615 ], [ 23.040723442633066, -34.079309939901705 ], [ 23.041510462738074, -34.082824349264172 ], [ 23.042496919197788, -34.083952546073036 ], [ 23.044918656771017, -34.084511041251403 ], [ 23.054916620505878, -34.085610509217503 ], [ 23.055339932292213, -34.0854902266924 ], [ 23.059122800976922, -34.082575916944919 ], [ 23.059093356273706, -34.082430958821547 ], [ 23.055916071270076, -34.074605822800351 ], [ 23.055728554529537, -34.074381947368821 ], [ 23.052039623630037, -34.074029922143055 ], [ 23.047618865818123, -34.067347168836591 ], [ 23.037350773619664, -34.060574770209271 ], [ 23.033956408461734, -34.059774875409985 ], [ 23.032115459361194, -34.053782224969567 ], [ 23.033759831950931, -34.049430847155762 ], [ 23.030409574942325, -34.046988129298626 ], [ 23.034579753752951, -34.046943664118729 ], [ 23.037982821650218, -34.04871404161959 ], [ 23.039350151788398, -34.046741009090056 ], [ 23.036710262069107, -34.044742345882412 ], [ 23.032577156910634, -34.044423341963494 ], [ 23.029229641035556, -34.042871832468919 ], [ 23.022392750225464, -34.052572846359695 ], [ 23.015866279305669, -34.055182338094212 ], [ 23.015334725117611, -34.055315375703941 ], [ 23.011123656831728, -34.055756449999961 ], [ 23.006192326914686, -34.054002762117676 ], [ 23.002717852846757, -34.054642677417533 ], [ 23.000547527946253, -34.052466749740645 ], [ 23.000365614881559, -34.049134969303239 ], [ 23.000662326405433, -34.047480344442207 ], [ 23.00413382012016, -34.039466619688554 ], [ 23.000749349303476, -34.038357853631979 ], [ 23.001827955695944, -34.036334156895663 ], [ 22.998138427646467, -34.032320856722052 ], [ 22.997705459839437, -34.029872775308107 ], [ 22.994994759301107, -34.03279697939702 ], [ 22.993148565354318, -34.032943963692873 ], [ 22.989221573117504, -34.029156923053392 ], [ 22.988154768528204, -34.02493786788807 ], [ 22.997781753825336, -34.017623544091123 ], [ 23.010631441687963, -34.01139521641592 ], [ 23.011507034222547, -34.011952519093256 ], [ 23.010152220848681, -34.01279354078919 ], [ 22.994677543234445, -34.020476341110182 ], [ 22.994346857122082, -34.020746469573695 ], [ 22.989514112686351, -34.02504301032647 ], [ 22.989245176723955, -34.026174425808932 ], [ 22.989858150133841, -34.029121875573892 ], [ 22.993741273441458, -34.032333016455453 ], [ 22.996411800364427, -34.027408242596152 ], [ 23.005207300376924, -34.029022932162391 ], [ 23.013623118312523, -34.040019273770341 ], [ 23.012971043279265, -34.041939377600045 ], [ 23.010236501713479, -34.043269753695995 ], [ 23.009762644430822, -34.044694543318371 ], [ 23.010357617910188, -34.044873476029863 ], [ 23.014367222769522, -34.043636203148026 ], [ 23.019961714561646, -34.038254856975882 ], [ 23.031426072355771, -34.036579250931482 ], [ 23.035727262603473, -34.036558270647575 ], [ 23.038470030268002, -34.03786575809815 ], [ 23.044216037140814, -34.043239951062745 ], [ 23.051303148122258, -34.043729543783243 ], [ 23.053957819997834, -34.041324019187996 ], [ 23.057082652942313, -34.040510177702416 ], [ 23.064862728432558, -34.040681958105736 ], [ 23.067145347180286, -34.043738365233224 ], [ 23.067124247286529, -34.047862172301222 ], [ 23.059638142186714, -34.05876362284279 ], [ 23.061190843283214, -34.062363624281602 ], [ 23.064485550068468, -34.061587214378306 ], [ 23.065601468433385, -34.065745949315968 ], [ 23.058041453450642, -34.063909053459838 ], [ 23.055123210068331, -34.060310840772559 ], [ 23.052185058394173, -34.062209010137636 ], [ 23.050853014055519, -34.060935735595564 ], [ 23.050165056972219, -34.062062859513233 ], [ 23.050197839958685, -34.063206553439642 ], [ 23.050645113281689, -34.063986420336917 ], [ 23.055322170681904, -34.065678715999809 ], [ 23.05666100939851, -34.068611740639156 ], [ 23.064844965922873, -34.072735071066475 ], [ 23.060752034379334, -34.076031923634218 ], [ 23.060541868213079, -34.076613545778358 ], [ 23.060184001890548, -34.079401016043988 ], [ 23.06190705256887, -34.081568002660973 ], [ 23.062559365922425, -34.081733107396815 ], [ 23.063266515437533, -34.081823945218702 ], [ 23.066495537539424, -34.083325147537337 ], [ 23.067521572263018, -34.083553671564587 ], [ 23.072540759648632, -34.082550645096035 ], [ 23.076075553943866, -34.083653927086871 ], [ 23.079023838279824, -34.083263516098185 ], [ 23.083858847208319, -34.085055231813357 ], [ 23.101197361669136, -34.080405116303012 ], [ 23.108153700433178, -34.082498431357379 ], [ 23.114789247426188, -34.080710649276867 ], [ 23.123243212804425, -34.081287861145654 ], [ 23.129046916582155, -34.079135656685054 ], [ 23.136723637486284, -34.086209774261491 ], [ 23.140696049083544, -34.086827040135631 ], [ 23.141388416442624, -34.085700631179037 ], [ 23.144414901327025, -34.086190820150051 ], [ 23.150921940595339, -34.084369063481418 ], [ 23.158643126679237, -34.084738373676913 ], [ 23.166955709638472, -34.083218217246838 ], [ 23.169486522385569, -34.086484551320908 ], [ 23.175361752842917, -34.085677027572672 ], [ 23.17657363426602, -34.087258815441899 ], [ 23.181523204232803, -34.084616661229774 ], [ 23.189499855334475, -34.086216449929054 ], [ 23.192872166417658, -34.086244940451451 ], [ 23.19379115124093, -34.085115552040918 ], [ 23.196463704336736, -34.086166024042654 ], [ 23.199105143587701, -34.084766865098572 ], [ 23.20083856614724, -34.086542249125387 ], [ 23.201351046613922, -34.086736440634127 ], [ 23.203124999819238, -34.086495518553264 ], [ 23.204710960542599, -34.087297320814656 ], [ 23.208085655728837, -34.086668849387664 ], [ 23.208647250870342, -34.086881756687546 ], [ 23.214205741901878, -34.090659617946841 ], [ 23.225133776402942, -34.087063074401271 ], [ 23.228652357720449, -34.088677406037291 ], [ 23.239066362223184, -34.090305447838034 ], [ 23.241876364103348, -34.092819452255839 ], [ 23.246767043764407, -34.092192530360819 ], [ 23.249702453405831, -34.094527005816602 ], [ 23.258209347483785, -34.09200251080712 ], [ 23.266163110839102, -34.095458507404118 ], [ 23.269072174841313, -34.099334955043972 ], [ 23.270754576163057, -34.100127339604882 ], [ 23.271584034375906, -34.100411057724003 ], [ 23.274581551197883, -34.100415110968413 ], [ 23.279163122180648, -34.098858713658629 ], [ 23.284203052429348, -34.101562500209013 ], [ 23.285273432722988, -34.101736903035501 ], [ 23.288576603027991, -34.101562500209013 ], [ 23.291080116854289, -34.100096464080423 ], [ 23.293148756310472, -34.100547909358482 ], [ 23.293796420168917, -34.101562500209013 ], [ 23.294175624705758, -34.102070570400443 ], [ 23.295641422514052, -34.101562500209013 ], [ 23.296538471973292, -34.101292729675635 ], [ 23.297996401612977, -34.101311325856855 ], [ 23.29866921860966, -34.101562500209013 ], [ 23.304582476900066, -34.101562500209013 ], [ 23.307796835555848, -34.103444337885719 ], [ 23.315116166777841, -34.103454351836717 ], [ 23.318065405294533, -34.101562500209013 ], [ 23.322366357221938, -34.099919319221115 ], [ 23.32659244508551, -34.101562500209013 ], [ 23.327166080350764, -34.101562500209013 ], [ 23.330706715742735, -34.102901220214974 ], [ 23.33559286551872, -34.101562500209013 ], [ 23.336012244569588, -34.101562500209013 ], [ 23.336629032903772, -34.101022959142171 ], [ 23.341058612165568, -34.101562500209013 ], [ 23.34187817603717, -34.102078079739456 ], [ 23.343749999762878, -34.101562500209013 ], [ 23.345499277370095, -34.101032257232731 ], [ 23.345768451653043, -34.101562500209013 ], [ 23.346716046608435, -34.101562500209013 ], [ 23.352442621829852, -34.105715870690688 ], [ 23.354632854123139, -34.10465562305842 ], [ 23.357799053184124, -34.106515049629706 ], [ 23.36486661470272, -34.104969740061222 ], [ 23.368962645310035, -34.101562500209013 ], [ 23.368981719031325, -34.101562500209013 ], [ 23.368981719031325, -34.101423025252274 ], [ 23.369149923730276, -34.101283430685612 ], [ 23.36931812752988, -34.101423025252274 ], [ 23.36931812752988, -34.101562500209013 ], [ 23.369990944526677, -34.101562500209013 ], [ 23.369990944526677, -34.101423025252274 ], [ 23.370159149225628, -34.101283430685612 ], [ 23.370327353924608, -34.101423025252274 ], [ 23.370327353924608, -34.101562500209013 ], [ 23.371996403011821, -34.101562500209013 ], [ 23.371964931236846, -34.102315902756644 ], [ 23.38263142130333, -34.102119445855593 ], [ 23.385346055476248, -34.104144335092855 ], [ 23.398223876830684, -34.10764431932968 ], [ 23.405886530539306, -34.110968827849007 ], [ 23.411577820860202, -34.10899841774264 ], [ 23.412755847304851, -34.107514858323853 ], [ 23.41252732237831, -34.107185363813429 ], [ 23.407125950102738, -34.105913758413067 ], [ 23.404145360320285, -34.103270053769876 ], [ 23.399635911368335, -34.101562500209013 ], [ 23.39858686928892, -34.101562500209013 ], [ 23.397887110402166, -34.100583434377853 ], [ 23.383484243902899, -34.100348949644172 ], [ 23.380615234805504, -34.098806261599492 ], [ 23.375951170810197, -34.098466039076271 ], [ 23.375439166984194, -34.098253130877112 ], [ 23.371372341860422, -34.086592077861908 ], [ 23.371432900408479, -34.081732154115542 ], [ 23.372045159756595, -34.077466130057701 ], [ 23.373772501999781, -34.072448849234902 ], [ 23.378563165358059, -34.062072157603794 ], [ 23.381191014953487, -34.060640811923761 ], [ 23.37614154829393, -34.062160968353922 ], [ 23.374050975272667, -34.061515808207901 ], [ 23.37801933272641, -34.059532165476938 ], [ 23.378437042635653, -34.056501746058601 ], [ 23.38027834876695, -34.054296851218567 ], [ 23.377707004474985, -34.051285028880898 ], [ 23.378469824722828, -34.048401355438116 ], [ 23.379707455534799, -34.046366811079352 ], [ 23.37971210503008, -34.046341657941028 ], [ 23.376635551289951, -34.04892241993366 ], [ 23.374832511311752, -34.049106240460461 ], [ 23.372299671493067, -34.04788541797754 ], [ 23.372190356200264, -34.045863032452885 ], [ 23.375903368246156, -34.043846607634663 ], [ 23.385357975990075, -34.032946347795473 ], [ 23.392769336635979, -34.026827812053682 ], [ 23.393088340554812, -34.022881865705429 ], [ 23.391306162149874, -34.020493626979089 ], [ 23.393112778732075, -34.014446258188116 ], [ 23.392492175473791, -34.011688947586677 ], [ 23.391268849278248, -34.011664748629087 ], [ 23.391348242327695, -34.011117816034314 ], [ 23.392052054458958, -34.009976148280558 ], [ 23.393316864581976, -34.010556340502561 ], [ 23.394684314329993, -34.009218812098439 ], [ 23.39395225089612, -34.012902736471986 ], [ 23.395269274757652, -34.016343235951439 ], [ 23.39393210428338, -34.020381807973834 ], [ 23.395201325580956, -34.02109003038052 ], [ 23.396515607409754, -34.020178913725687 ], [ 23.397276759415263, -34.00938951961048 ], [ 23.400072812810208, -33.997494459401651 ], [ 23.400878667416805, -34.002126574081927 ], [ 23.403599023976113, -34.006298065003506 ], [ 23.403581261466428, -34.014547943632536 ], [ 23.399419307854998, -34.018774152005406 ], [ 23.398923277787304, -34.026367068685161 ], [ 23.391584872843765, -34.032008528470612 ], [ 23.388115406201251, -34.037466406948937 ], [ 23.388188958154046, -34.037443279983165 ], [ 23.389752745193306, -34.035258770076069 ], [ 23.396132945879117, -34.029603958056001 ], [ 23.413850546165918, -34.018437147256407 ], [ 23.428027153130984, -34.012204170086278 ], [ 23.44901692858852, -34.005450129319883 ], [ 23.468838929873073, -34.002965211674976 ], [ 23.469532847663231, -34.002900362461688 ], [ 23.471696376387058, -34.003479242572922 ], [ 23.473570704724381, -34.002545118562239 ], [ 23.473713755385745, -34.003656149111933 ], [ 23.4784780740043, -34.003655552861417 ], [ 23.482279062229196, -34.002025366177648 ], [ 23.48572134956089, -34.004027605089732 ], [ 23.486554622697867, -34.002737640929269 ], [ 23.492912769309214, -34.004127741002279 ], [ 23.496607542204487, -34.001747727475575 ], [ 23.500305652484002, -34.000989079182489 ], [ 23.50094854813716, -34.000918030942231 ], [ 23.506901979143208, -34.001605510485746 ], [ 23.50920140711969, -34.000902175894637 ], [ 23.514655947314395, -34.002193451266606 ], [ 23.516570449267192, -34.000512957406983 ], [ 23.518064856308513, -34.003173947019903 ], [ 23.518535613627847, -34.003222703764678 ], [ 23.519782900460797, -34.00211644142054 ], [ 23.52327382582672, -34.00234544298759 ], [ 23.525594353696931, -34.000542878750778 ], [ 23.527914166605825, -34.000668645341605 ], [ 23.530012726506413, -33.999339461746686 ], [ 23.532873153373515, -33.992864012963722 ], [ 23.536070942920105, -33.989438533961049 ], [ 23.539530158190416, -33.990715622527773 ], [ 23.544686317719538, -33.990226745667627 ], [ 23.547955751756746, -33.988971828986564 ], [ 23.547007322230343, -33.988122225060422 ], [ 23.547540425950274, -33.986762047230584 ], [ 23.54818534867519, -33.985786318783397 ], [ 23.54992806932529, -33.984807849202653 ], [ 23.554687500128352, -33.9832588434207 ], [ 23.566812276865193, -33.981112241736469 ], [ 23.563153505630055, -33.976191639832223 ], [ 23.564637661299173, -33.972630262476542 ], [ 23.565297841922245, -33.976349234329589 ], [ 23.566949367719417, -33.978135347268292 ], [ 23.569671869161681, -33.980373143805437 ], [ 23.575843214892728, -33.982267141215459 ], [ 23.575951218973785, -33.984115600554475 ], [ 23.578060865716679, -33.98485410223482 ], [ 23.590453743845558, -33.983809828360691 ], [ 23.604003429814782, -33.980249643506113 ], [ 23.610678553272948, -33.981179952592598 ], [ 23.61602866688969, -33.979103445867182 ], [ 23.618391871188152, -33.98108601570695 ], [ 23.629477739406497, -33.981613516650413 ], [ 23.634986757832934, -33.983188271821206 ], [ 23.641768575060098, -33.982205152745451 ], [ 23.643606305486855, -33.980898022325732 ], [ 23.647572160127368, -33.980826854475538 ], [ 23.649320363944014, -33.980795621920336 ], [ 23.65362262708291, -33.982289552320779 ], [ 23.665854453720442, -33.982730269586128 ], [ 23.675916671317623, -33.985973357983966 ], [ 23.690434455885736, -33.986636638569792 ], [ 23.699138760146127, -33.989496112155621 ], [ 23.702707171099519, -33.98908162091989 ], [ 23.705243467911998, -33.992012858606415 ], [ 23.705941677266765, -33.99214720742755 ], [ 23.720361113774715, -33.992738365982646 ], [ 23.72311913933703, -33.994359254575855 ], [ 23.730430841610286, -33.995952248897112 ], [ 23.735421657183878, -33.995313405589073 ], [ 23.735834121347949, -33.995422720881805 ], [ 23.737300157476625, -33.997358321828884 ], [ 23.741547346133302, -33.998522162367763 ], [ 23.756789445576601, -33.99989485696193 ], [ 23.757267952354368, -34.000030040353877 ], [ 23.761010408204044, -34.003852129372049 ], [ 23.765077352937908, -34.00467968012299 ], [ 23.767317056936889, -34.003523230212764 ], [ 23.770963668438696, -34.006666779847848 ], [ 23.776995658822955, -34.008324027131962 ], [ 23.785499334227069, -34.007089018743073 ], [ 23.788400054319283, -34.008862018667017 ], [ 23.797906756192276, -34.01164615154859 ], [ 23.798693060436563, -34.011748075313307 ], [ 23.801590919785497, -34.011124730022189 ], [ 23.801908135852159, -34.010980844789927 ], [ 23.803810000531314, -34.009268403414026 ], [ 23.811912417324379, -34.012166618894256 ], [ 23.820701956630359, -34.012599944631589 ], [ 23.82130062542393, -34.012773871716675 ], [ 23.82392585259646, -34.014266132975422 ], [ 23.824986815189703, -34.016423463571897 ], [ 23.840165018700901, -34.017052650858972 ], [ 23.841570973821774, -34.018370270971005 ], [ 23.848294139063455, -34.020061612453347 ], [ 23.862543106379547, -34.021600365963991 ], [ 23.878217816599204, -34.021056652042731 ], [ 23.891254901592731, -34.024750709977212 ], [ 23.894287466793457, -34.024839043187114 ], [ 23.897262930440036, -34.023864150210272 ], [ 23.901290536129551, -34.021205544700052 ], [ 23.902453660808249, -34.021144151581098 ], [ 23.906250000437382, -34.022321343455033 ], [ 23.906250000437382, -34.022042274831009 ], [ 23.912155866300424, -34.024002075635138 ], [ 23.94844615486636, -34.028209209387356 ], [ 23.964712619891799, -34.032887577999162 ], [ 23.966519713114593, -34.032160401481136 ], [ 23.976432204383116, -34.034539103796433 ], [ 23.980892062019279, -34.034281373386619 ], [ 23.994967818110553, -34.037903309290087 ], [ 24.009006619260504, -34.038017749819133 ], [ 24.01743793521274, -34.040148973096464 ], [ 24.026857614187804, -34.039187550165153 ], [ 24.027825117435356, -34.040154457162288 ], [ 24.040953278571237, -34.041324138797748 ], [ 24.071720361905534, -34.047361850668736 ], [ 24.074764370979324, -34.047023654317996 ], [ 24.078075170233177, -34.044745444946173 ], [ 24.08173954514433, -34.04856765267489 ], [ 24.097508072639812, -34.048857450211088 ], [ 24.10654604426486, -34.052109122637788 ], [ 24.113149404521778, -34.052314877629399 ], [ 24.12045204612528, -34.055973648864637 ], [ 24.12852954899995, -34.053768754024588 ], [ 24.129802107681485, -34.051208257355057 ], [ 24.132797837550271, -34.053252577344438 ], [ 24.136664747879991, -34.054099440136866 ], [ 24.149294972385462, -34.053321957342362 ], [ 24.17324960218761, -34.05856430519836 ], [ 24.182260513212242, -34.058623075894133 ], [ 24.188687801501032, -34.060796260638739 ], [ 24.195076107776572, -34.060134052944093 ], [ 24.203390121557106, -34.06658112991505 ], [ 24.20610201369729, -34.068233728603516 ], [ 24.211866021400169, -34.070802450472513 ], [ 24.212241768942931, -34.070934057260729 ], [ 24.223567128420626, -34.073336243572555 ], [ 24.224428057509272, -34.073674559533131 ], [ 24.230916857627108, -34.076789974777412 ], [ 24.23207128046559, -34.078524470227876 ], [ 24.244718074979346, -34.079686879945328 ], [ 24.24681687320043, -34.082139610854199 ], [ 24.247423648482993, -34.082381605826257 ], [ 24.253905772933251, -34.084460854584577 ], [ 24.257812499847319, -34.084542274706067 ], [ 24.260271549392826, -34.08454954662416 ], [ 24.2676894660963, -34.087430477134674 ], [ 24.272432208180163, -34.08723640433648 ], [ 24.272834420072741, -34.087346672910485 ], [ 24.275563955112602, -34.090052962274299 ], [ 24.29346907124085, -34.093800425549105 ], [ 24.296595454616778, -34.095167636976726 ], [ 24.299885153976987, -34.098463654074209 ], [ 24.309621572378092, -34.101562500209013 ], [ 24.310395241147688, -34.101562500209013 ], [ 24.324490547600988, -34.103486061032697 ], [ 24.327417134893039, -34.10351562534575 ], [ 24.337816118919022, -34.10218358010799 ], [ 24.345557808646163, -34.104027151631698 ], [ 24.352365612683116, -34.10304033724158 ], [ 24.359101653518906, -34.104631542811291 ], [ 24.380912065739437, -34.103849768451909 ], [ 24.381426811598345, -34.104030847845166 ], [ 24.382551908443986, -34.10556280607841 ], [ 24.386752724458944, -34.106682539367526 ], [ 24.388084650086967, -34.108564615364529 ], [ 24.399705051946825, -34.115155219637614 ], [ 24.40164422949789, -34.118183254953081 ], [ 24.410336017893144, -34.119449138866599 ], [ 24.426991701406337, -34.127693414719175 ], [ 24.438621640576514, -34.136053443211665 ], [ 24.440250873978925, -34.138169050660977 ], [ 24.440052747936249, -34.141988754677087 ], [ 24.446651100768008, -34.146064758281767 ], [ 24.45881104459437, -34.150978207877756 ], [ 24.464240908291515, -34.156156420582164 ], [ 24.47448205949965, -34.162709354952668 ], [ 24.478674411994859, -34.164412379527633 ], [ 24.490592956200203, -34.167660474451225 ], [ 24.4992512466481, -34.169144868440824 ], [ 24.503826618603711, -34.171376943490941 ], [ 24.51343524424135, -34.173479914566272 ], [ 24.514203667265861, -34.173484564061283 ], [ 24.520272254661137, -34.170843958481754 ], [ 24.534042954419135, -34.175573467941106 ], [ 24.542256474357089, -34.174973726256354 ], [ 24.551220059458359, -34.176127076203457 ], [ 24.58461081953385, -34.187470555221779 ], [ 24.597707629403885, -34.189090728853913 ], [ 24.607153654018305, -34.191908121362545 ], [ 24.607864856778008, -34.19192945957667 ], [ 24.608957171536474, -34.19071602862175 ], [ 24.608959436029323, -34.19043815159921 ], [ 24.607387065860678, -34.188196658848597 ], [ 24.607387065860678, -34.184314012181758 ], [ 24.609375000156433, -34.181082605977366 ], [ 24.609375000156433, -34.180524468729118 ], [ 24.610417961919609, -34.179316163010441 ], [ 24.615405201788889, -34.175723553099274 ], [ 24.621656656429934, -34.173484325740986 ], [ 24.622505068754236, -34.173307657522173 ], [ 24.635491848370378, -34.171462535567485 ], [ 24.641463279307033, -34.171666741027138 ], [ 24.656057715791349, -34.17416524922676 ], [ 24.662119865839429, -34.176227450436286 ], [ 24.695834041008652, -34.191935658603569 ], [ 24.701181173372817, -34.191993832149549 ], [ 24.714933514370443, -34.194995164794889 ], [ 24.718033552107102, -34.19038951356498 ], [ 24.725769400737477, -34.186744451595033 ], [ 24.73436665509746, -34.186500430450408 ], [ 24.73867964714816, -34.189257979372158 ], [ 24.769916653231348, -34.200086355500801 ], [ 24.775006532725598, -34.199310064307781 ], [ 24.779467939893721, -34.201778411944019 ], [ 24.785441875442643, -34.20170044881651 ], [ 24.791013479488669, -34.198979616515899 ], [ 24.794967412716176, -34.198532104872598 ], [ 24.799287438364843, -34.201417803588583 ], [ 24.80317223081417, -34.201588034460116 ], [ 24.809605240589804, -34.205963254200668 ], [ 24.825959801403854, -34.211378931991945 ], [ 24.827857116412957, -34.213065757978214 ], [ 24.832629442595021, -34.217308640680997 ], [ 24.833580255324819, -34.214658022050017 ], [ 24.83916354156446, -34.214855551842177 ], [ 24.838913776449829, -34.213490926864623 ], [ 24.838625907959539, -34.211918116028031 ], [ 24.83999443059875, -34.211145520149557 ], [ 24.834375262308697, -34.205817938147163 ], [ 24.834238767705358, -34.20413041158902 ], [ 24.836305856730093, -34.200491428136672 ], [ 24.841621160288639, -34.196058154460076 ], [ 24.846092939338007, -34.193768501215203 ], [ 24.850125551553276, -34.193150043739394 ], [ 24.856579542512264, -34.193946957286101 ], [ 24.864005804025112, -34.196954250637958 ], [ 24.867400050472213, -34.196982979480723 ], [ 24.869235157576895, -34.195523858239383 ], [ 24.86920177923912, -34.195187330130977 ], [ 24.860106825669732, -34.189198732035777 ], [ 24.853377461400896, -34.182808756618627 ], [ 24.849756956318771, -34.181881546595918 ], [ 24.842864751807127, -34.177441119711858 ], [ 24.833048701137045, -34.168647170130612 ], [ 24.833785653285588, -34.161911845155444 ], [ 24.840416312463219, -34.14824593080489 ], [ 24.838578343715881, -34.145077943891835 ], [ 24.838486313392877, -34.144677758171795 ], [ 24.839122176347701, -34.143441558181252 ], [ 24.839063405652013, -34.142092227973777 ], [ 24.837434649789657, -34.141519427279604 ], [ 24.836748838488575, -34.141498804026369 ], [ 24.834379911803808, -34.142777443024514 ], [ 24.831671714977801, -34.14118301878122 ], [ 24.82331717055132, -34.141142845166115 ], [ 24.819622278045841, -34.143010378226222 ], [ 24.809144854251855, -34.142313838013152 ], [ 24.804650545386522, -34.138823151866802 ], [ 24.799986243070862, -34.132583856959229 ], [ 24.797818661102724, -34.126906632934563 ], [ 24.792221427277411, -34.123283147499038 ], [ 24.791800141663543, -34.121158838209766 ], [ 24.797684550601787, -34.123966455087682 ], [ 24.804253458730443, -34.1360168453011 ], [ 24.809471964659593, -34.140954733074253 ], [ 24.818562507953629, -34.142216562843899 ], [ 24.825765848215781, -34.138915061680692 ], [ 24.834071755507409, -34.139034032994033 ], [ 24.838708877612817, -34.139864444488353 ], [ 24.840713858558019, -34.142436742961152 ], [ 24.841079354728663, -34.142511964055842 ], [ 24.849882840720767, -34.138870358180327 ], [ 24.861502170588892, -34.126255631691961 ], [ 24.864990949273249, -34.123397112286682 ], [ 24.873364448710646, -34.117649316662522 ], [ 24.877181052763603, -34.116077065204252 ], [ 24.879526257131374, -34.113395452338082 ], [ 24.879878640287274, -34.113172531087301 ], [ 24.885837555359331, -34.110515951749633 ], [ 24.891444444305961, -34.105067730191365 ], [ 24.893860816523841, -34.101562500209013 ], [ 24.89398920553765, -34.101562500209013 ], [ 24.893970846777449, -34.101467728752553 ], [ 24.898755312008205, -34.094760655979385 ], [ 24.902420640200631, -34.091173648844773 ], [ 24.906737327565793, -34.088393330887314 ], [ 24.906806230923223, -34.087979555512007 ], [ 24.905689954628087, -34.086998104678699 ], [ 24.894901037153375, -34.086523771654555 ], [ 24.894211411827655, -34.08430731333172 ], [ 24.894462943210584, -34.084015846653813 ], [ 24.900642872071217, -34.081392169013156 ], [ 24.910231351995577, -34.086694359556844 ], [ 24.91106724755582, -34.08659434325422 ], [ 24.920440435178051, -34.08109164256507 ], [ 24.920783758563772, -34.080739855659601 ], [ 24.922019004373766, -34.078009367338282 ], [ 24.922157406439396, -34.077628850690758 ], [ 24.922620176879946, -34.06695485128526 ], [ 24.92619800553382, -34.06155204728897 ], [ 24.924489736112633, -34.054792999996806 ], [ 24.9287090304976, -34.046782016376781 ], [ 24.930217146804296, -34.040808677978021 ], [ 24.932179570031423, -34.039578437794432 ], [ 24.931643247637993, -34.035258055114994 ], [ 24.93460404873818, -34.033359527819897 ], [ 24.932000279389712, -34.026688456706864 ], [ 24.929206610097168, -34.023874640801878 ], [ 24.929066300569616, -34.02339541906322 ], [ 24.929045677316481, -34.01618206485017 ], [ 24.929353475682831, -34.015192746747715 ], [ 24.937268853275214, -34.006463051028788 ], [ 24.942041039162916, -34.002504944947134 ], [ 24.943299054907925, -34.001708150110801 ], [ 24.959347606107343, -33.992593049929226 ], [ 24.960769176156845, -33.991908431129005 ], [ 24.960937499566285, -33.991908431129005 ], [ 24.976234436070513, -33.985278844842654 ], [ 24.97659325567443, -33.985144853951653 ], [ 24.997779249712806, -33.978169560176894 ], [ 24.99826931997336, -33.978024363733226 ], [ 25.029188633349122, -33.971604705292833 ], [ 25.030959248270904, -33.970762014455275 ], [ 25.032100319774145, -33.969483137137004 ], [ 25.032269359043937, -33.969065904767561 ], [ 25.031731844149476, -33.967067003239436 ], [ 25.028338074342884, -33.968351959974854 ], [ 25.023764252818239, -33.964671254274805 ], [ 25.009847640756391, -33.96024572825759 ], [ 25.008709549606351, -33.956333756497557 ], [ 25.008744716695588, -33.951729774409458 ], [ 25.009753942190855, -33.947710752748918 ], [ 25.010258913318353, -33.947440504675484 ], [ 25.012023806753746, -33.947934746890908 ], [ 25.010764241476863, -33.953322767831338 ], [ 25.010739445369381, -33.958568453970841 ], [ 25.011732578396135, -33.959597944789223 ], [ 25.01492524180685, -33.961144447757832 ], [ 25.023163556952824, -33.962044239250091 ], [ 25.027638673386434, -33.965075969880004 ], [ 25.033005237401909, -33.966737747049208 ], [ 25.032591819956764, -33.969438075706421 ], [ 25.034022450675792, -33.970280646934228 ], [ 25.07683527472858, -33.965122819162687 ], [ 25.089955925625731, -33.964006542867551 ], [ 25.10644054369638, -33.963169574416114 ], [ 25.144119978154691, -33.962890625401826 ], [ 25.156231165236449, -33.963448643939699 ], [ 25.192381739626001, -33.966585874937962 ], [ 25.243497968157016, -33.975196957273681 ], [ 25.278607249025555, -33.984162926477737 ], [ 25.30117583289865, -33.992679357865939 ], [ 25.304840564840561, -33.992891073563982 ], [ 25.3096152544407, -33.995869874594888 ], [ 25.312499999875399, -33.996930837188302 ], [ 25.32193183858368, -33.999735474612294 ], [ 25.337593078757806, -34.008077263954419 ], [ 25.357423901492325, -34.016679048199308 ], [ 25.362481951281381, -34.018538236450311 ], [ 25.367954611915991, -34.017757058341445 ], [ 25.368382215267218, -34.017880201609913 ], [ 25.376952051995829, -34.022035241233212 ], [ 25.380724668409044, -34.022154211647447 ], [ 25.390387058216419, -34.027572036120503 ], [ 25.394067048955492, -34.028209328997107 ], [ 25.395294547105919, -34.030503154197021 ], [ 25.397994517832984, -34.031767129749156 ], [ 25.406536936930337, -34.03340065471636 ], [ 25.428734302246653, -34.032924056299976 ], [ 25.437066912208508, -34.034274816429502 ], [ 25.442675352485935, -34.032605767342218 ], [ 25.450821876528664, -34.031911849552046 ], [ 25.452593922271973, -34.030326128048173 ], [ 25.45974934125951, -34.028820156624775 ], [ 25.467355251343918, -34.028768300816239 ], [ 25.475424766440142, -34.030282377829337 ], [ 25.479755044360132, -34.032612443009612 ], [ 25.489614248099315, -34.033269524568723 ], [ 25.499126553647812, -34.035686611747579 ], [ 25.50415456338277, -34.035243629989466 ], [ 25.51182532268092, -34.037414908171428 ], [ 25.520876169000275, -34.036858916705583 ], [ 25.536461949759598, -34.042101741202345 ], [ 25.560257434633229, -34.043886423319634 ], [ 25.574925303460219, -34.047459602478582 ], [ 25.578468679985747, -34.049378156776413 ], [ 25.592161655836094, -34.04914474493394 ], [ 25.595303058789511, -34.047472953813553 ], [ 25.605312109366565, -34.04684555527804 ], [ 25.61190545567257, -34.045282721520167 ], [ 25.625327945128731, -34.047077774619396 ], [ 25.632914901102254, -34.046384453979286 ], [ 25.641111851031468, -34.039649843964924 ], [ 25.645403265648383, -34.039085864720818 ], [ 25.64681947214126, -34.03499186028597 ], [ 25.649257063862791, -34.033678055097951 ], [ 25.649228453730302, -34.03054893058858 ], [ 25.65590310054796, -34.026742100367485 ], [ 25.664062500184428, -34.026227712438882 ], [ 25.664543151845123, -34.025729417878154 ], [ 25.669141649867584, -34.025699138604139 ], [ 25.679241418656886, -34.027389168874976 ], [ 25.685213804673822, -34.028774857773357 ], [ 25.689188719084427, -34.030755162220885 ], [ 25.696575879873365, -34.03158605125509 ], [ 25.696985899675468, -34.033711660065833 ], [ 25.6970846650255, -34.034223675581956 ], [ 25.700490355345664, -34.03329730013013 ], [ 25.702561139685315, -34.035796642001202 ], [ 25.706268310634186, -34.032772659930146 ], [ 25.706663608539088, -34.031306266770713 ], [ 25.706626402686652, -34.031163983231096 ], [ 25.706104040469341, -34.02916634075379 ], [ 25.704963445606779, -34.028613210031409 ], [ 25.703501939363377, -34.02952218090384 ], [ 25.701996445479864, -34.028825640690698 ], [ 25.700415610892009, -34.030079961121061 ], [ 25.694000958977483, -34.029968738366406 ], [ 25.699612021677723, -34.028373241232003 ], [ 25.699953556311812, -34.028093576357278 ], [ 25.700723528868195, -34.024934410894176 ], [ 25.700581073558084, -34.024566173589974 ], [ 25.696043252794112, -34.020125150455229 ], [ 25.687448144216802, -33.99960684817728 ], [ 25.684704423270546, -33.999036431585807 ], [ 25.680976152427831, -33.993883014089604 ], [ 25.67361903169342, -33.987264752066565 ], [ 25.671913147274267, -33.983836650640811 ], [ 25.664062500184428, -33.981584668197797 ], [ 25.66056394586974, -33.980986952685512 ], [ 25.652283430036732, -33.97764015177134 ], [ 25.64780473699949, -33.974854469358064 ], [ 25.643800258275576, -33.965508341436603 ], [ 25.645814656921345, -33.96228992953651 ], [ 25.643051505223042, -33.962622166079939 ], [ 25.640858650506743, -33.965344429201892 ], [ 25.637143850608481, -33.967336773772814 ], [ 25.632393002935089, -33.964816570328395 ], [ 25.632094144729081, -33.964519262553637 ], [ 25.637034654925856, -33.962332010613707 ], [ 25.635586976658004, -33.961540341013702 ], [ 25.631544351391028, -33.961919665160281 ], [ 25.630193352941205, -33.960180879044131 ], [ 25.630478024341699, -33.959826350105658 ], [ 25.639393448948795, -33.959282637083845 ], [ 25.640640974101927, -33.95777261241588 ], [ 25.639380932184736, -33.95547854889584 ], [ 25.63529825201303, -33.955078124855518 ], [ 25.629003405982814, -33.9564317466277 ], [ 25.625752449416296, -33.956139445378895 ], [ 25.624602913494016, -33.955851555304804 ], [ 25.61929500146357, -33.953634857762395 ], [ 25.616446375500004, -33.951922416386225 ], [ 25.614976644956528, -33.950448632598153 ], [ 25.613173842399164, -33.947996139110302 ], [ 25.613005518989894, -33.94767260530638 ], [ 25.61191678083506, -33.941545724755116 ], [ 25.611616611417645, -33.929894924011393 ], [ 25.612589716542402, -33.925781249604682 ], [ 25.612737059668007, -33.925781249604682 ], [ 25.613582611248944, -33.918945431686112 ], [ 25.622944474608232, -33.895129203949324 ], [ 25.62317180613428, -33.890492916414729 ], [ 25.626069545873293, -33.884404659047576 ], [ 25.626526355607155, -33.88016176195552 ], [ 25.633111834643813, -33.867909908315454 ], [ 25.633150458726874, -33.86720180551869 ], [ 25.628688574018838, -33.86306810410953 ], [ 25.625982761295631, -33.863757371505301 ], [ 25.61908793436092, -33.861827731264469 ], [ 25.61195766941114, -33.867978811672685 ], [ 25.607955217759525, -33.868060708434768 ], [ 25.603070736225789, -33.864301443356879 ], [ 25.600502848927704, -33.859843015642483 ], [ 25.594313979006984, -33.854529023295711 ], [ 25.594145178957319, -33.849402070149239 ], [ 25.596554517577232, -33.849709153554514 ], [ 25.598660707325962, -33.856468557877534 ], [ 25.605146408380392, -33.861369848639498 ], [ 25.608826041189161, -33.867018342022746 ], [ 25.61241757910841, -33.866525053987885 ], [ 25.61256122601992, -33.862929225403207 ], [ 25.615595340752805, -33.859671115629411 ], [ 25.619882345094453, -33.858487963948079 ], [ 25.620782136586541, -33.856835245649862 ], [ 25.624558449213396, -33.857993603022194 ], [ 25.627717137136528, -33.862051248766036 ], [ 25.633738278998521, -33.863647102931296 ], [ 25.634139657219663, -33.863477229990082 ], [ 25.646350264353259, -33.844052552782912 ], [ 25.663894653415866, -33.823102712619985 ], [ 25.664062500184428, -33.823102712619985 ], [ 25.664062500184428, -33.82282364399569 ], [ 25.666746139223164, -33.819893955841309 ], [ 25.677856326009021, -33.810642957306527 ], [ 25.678674459059295, -33.811626434312316 ], [ 25.680740356482659, -33.809866905333266 ], [ 25.686989545731308, -33.810210227819624 ], [ 25.690553307189504, -33.809137344712468 ], [ 25.689571857255828, -33.809265971147482 ], [ 25.68647313073086, -33.803386568735007 ], [ 25.684820413331749, -33.802571177717454 ], [ 25.68208312973303, -33.797249675132292 ], [ 25.682392955170855, -33.796992301753235 ], [ 25.684407234206788, -33.795619010908553 ], [ 25.688642263130248, -33.800425529314595 ], [ 25.68946874098981, -33.79973876473214 ], [ 25.687454343243701, -33.797249675132292 ], [ 25.689365267693404, -33.795833468639415 ], [ 25.697215676462406, -33.797335625138771 ], [ 25.69947576539451, -33.793219208699242 ], [ 25.709157347633777, -33.787219643371671 ], [ 25.754987359379584, -33.764483451949573 ], [ 25.767186760960527, -33.754863858180286 ], [ 25.77509975445048, -33.749999999899984 ], [ 25.775223254749449, -33.749999999899984 ], [ 25.781317114893227, -33.746229529269243 ], [ 25.78405725923551, -33.745015859993856 ], [ 25.813224077229734, -33.733846425871803 ], [ 25.839090347341767, -33.724955320731141 ], [ 25.848225354916423, -33.722563505401254 ], [ 25.848275065841932, -33.722528814952696 ], [ 25.847683071816647, -33.71807324888114 ], [ 25.85084211856929, -33.716871142189262 ], [ 25.847414255463832, -33.714314937983801 ], [ 25.844650149585163, -33.714481830571813 ], [ 25.839671969486091, -33.707093953922609 ], [ 25.839212775649429, -33.70559012918082 ], [ 25.840394139478235, -33.704787254028503 ], [ 25.846430420527724, -33.711721658327718 ], [ 25.853172302460109, -33.716966748216706 ], [ 25.852971672704712, -33.718605160999317 ], [ 25.849712729259295, -33.719609260358794 ], [ 25.85096454597749, -33.721976757121425 ], [ 25.851199626961602, -33.722105145236142 ], [ 25.867235064247069, -33.718816757087524 ], [ 25.890201806768005, -33.715468644961931 ], [ 25.93223035364818, -33.710408926030894 ], [ 25.996353745829055, -33.706261634966282 ], [ 26.013139248277952, -33.706401944493919 ], [ 26.015624999594365, -33.70563614389286 ], [ 26.017109274873491, -33.705375671449957 ], [ 26.044147014473424, -33.705384850830143 ], [ 26.057888149918568, -33.705665826916189 ], [ 26.072016835608764, -33.706545233475666 ], [ 26.104304671623652, -33.709900975449571 ], [ 26.147032380240489, -33.715989351527256 ], [ 26.15622746972241, -33.719246745440799 ], [ 26.169089913568968, -33.721547961269181 ], [ 26.185812235046797, -33.725793362073688 ], [ 26.203549623116942, -33.730805158830847 ], [ 26.250836729931166, -33.746148825008191 ], [ 26.260379433464323, -33.749999999899984 ], [ 26.261181950686591, -33.749999999899984 ], [ 26.276435255682827, -33.756362557685762 ], [ 26.287078857103864, -33.761786103645662 ], [ 26.321732640349296, -33.767857075143709 ], [ 26.334711551797113, -33.766394972649792 ], [ 26.352630257580358, -33.761469244609856 ], [ 26.36718749990348, -33.760323644120803 ], [ 26.38023221474532, -33.759516239082956 ], [ 26.419573545083381, -33.763604760351342 ], [ 26.420491457015544, -33.763738632531783 ], [ 26.432062745099955, -33.766212463334313 ], [ 26.448948741391689, -33.77165460547559 ], [ 26.456505536801302, -33.771513819307089 ], [ 26.466097831649932, -33.773370623455392 ], [ 26.473085403868652, -33.769840359944368 ], [ 26.487457513553665, -33.764869213443347 ], [ 26.496145844055832, -33.764912844052333 ], [ 26.510455608239909, -33.759245753588587 ], [ 26.524055004235294, -33.755451321421191 ], [ 26.524863242944662, -33.755247950532265 ], [ 26.545582056266994, -33.751468658451557 ], [ 26.546994328226106, -33.749999999899984 ], [ 26.546986460956873, -33.749999999899984 ], [ 26.547671556397518, -33.749476552200932 ], [ 26.559687733702333, -33.746237159117555 ], [ 26.566984176278964, -33.741367816771231 ], [ 26.574348211001421, -33.738248348282383 ], [ 26.579347848924357, -33.732748150406735 ], [ 26.586499213767951, -33.730621814944726 ], [ 26.595803380222122, -33.724733829402567 ], [ 26.602429866545435, -33.722732305451373 ], [ 26.607763648473821, -33.722420811770917 ], [ 26.608478903578828, -33.720742941233652 ], [ 26.610462904240023, -33.719925880174941 ], [ 26.624471902756255, -33.719137549757903 ], [ 26.624917149906878, -33.71892070792417 ], [ 26.629158019927104, -33.716228366145941 ], [ 26.632251143675603, -33.710412740954922 ], [ 26.639564752511575, -33.708984256018439 ], [ 26.644107341481003, -33.702842235380757 ], [ 26.646680831555557, -33.701188445090537 ], [ 26.64772343628789, -33.700564503548904 ], [ 26.653085947059139, -33.698066354178778 ], [ 26.655356645293296, -33.697453736900357 ], [ 26.658658146456588, -33.697760939915298 ], [ 26.663021564394057, -33.696062564835429 ], [ 26.663074254773306, -33.695987224131002 ], [ 26.663772106198053, -33.692781210284423 ], [ 26.662053704115465, -33.690092920851413 ], [ 26.66216146987631, -33.68592822520732 ], [ 26.658524513495536, -33.683130860600528 ], [ 26.654817938797095, -33.682850837795755 ], [ 26.653021931517202, -33.68100714666231 ], [ 26.649747609664701, -33.675649643316277 ], [ 26.647371411062039, -33.673459649343187 ], [ 26.63704562195835, -33.666925549474371 ], [ 26.636523962111482, -33.664350628578489 ], [ 26.65146541639615, -33.674304366353297 ], [ 26.653606176084509, -33.681005358810125 ], [ 26.654066562422287, -33.681428908916942 ], [ 26.658113837183919, -33.68177080148115 ], [ 26.6626547579109, -33.685524463782855 ], [ 26.662844538245196, -33.689291715739913 ], [ 26.664437055925418, -33.69123685399731 ], [ 26.664237022420991, -33.695390104869318 ], [ 26.664791345644403, -33.695896029278174 ], [ 26.667987942689592, -33.696244359189762 ], [ 26.668723702337388, -33.695955872865071 ], [ 26.671493410992525, -33.693493246715846 ], [ 26.674398779680189, -33.692699551842637 ], [ 26.680945754243567, -33.684906363337717 ], [ 26.681249141434932, -33.684725403554381 ], [ 26.685338258953834, -33.682711959089445 ], [ 26.694872259747399, -33.680599450703895 ], [ 26.706837773744525, -33.670230269311347 ], [ 26.718750000212623, -33.666015625320568 ], [ 26.726368308351084, -33.663566112186189 ], [ 26.72958373989789, -33.661797761757171 ], [ 26.734483241908464, -33.656183361672689 ], [ 26.734730601336423, -33.655979633752821 ], [ 26.739374875750201, -33.653498649742758 ], [ 26.741350411992244, -33.652652144880463 ], [ 26.756172537932457, -33.648995518528267 ], [ 26.762205004957309, -33.648538470473923 ], [ 26.765109658683997, -33.646291851587449 ], [ 26.781193971424983, -33.644222736390049 ], [ 26.793075441978289, -33.640868544847223 ], [ 26.793643712787343, -33.639755845155904 ], [ 26.802733301900645, -33.639317154962569 ], [ 26.809286713810934, -33.635439872751718 ], [ 26.811533331798046, -33.636323570875916 ], [ 26.822042346077637, -33.632841944499916 ], [ 26.830830454562033, -33.631446838800414 ], [ 26.841743946126542, -33.631387949394266 ], [ 26.848827958044154, -33.629743337584856 ], [ 26.854136943865143, -33.630367279126318 ], [ 26.866976142035554, -33.628031015818436 ], [ 26.869795442006279, -33.625254153955851 ], [ 26.873883247414227, -33.624808431064096 ], [ 26.877904176536958, -33.622722625348757 ], [ 26.88263714299012, -33.616814255773207 ], [ 26.891768455250485, -33.614674926006984 ], [ 26.892400861211058, -33.610287904463078 ], [ 26.893017649545243, -33.60957086060661 ], [ 26.903382420662439, -33.604432225266876 ], [ 26.902644157302404, -33.603169321706744 ], [ 26.904482245659381, -33.599452733956213 ], [ 26.905225634255942, -33.598901152765805 ], [ 26.907977342980189, -33.59742426901451 ], [ 26.916117667996389, -33.594804644618435 ], [ 26.919857264001962, -33.594471335183897 ], [ 26.922459602529017, -33.590777158538856 ], [ 26.926643252284634, -33.587889671071338 ], [ 26.927051544493565, -33.586178302586546 ], [ 26.932515144458819, -33.584430933340712 ], [ 26.93718874486504, -33.581256270760164 ], [ 26.941663146337305, -33.581086873560153 ], [ 26.9449490307735, -33.579417229121717 ], [ 26.947328567659611, -33.579843759581564 ], [ 26.949874877523996, -33.577764868753633 ], [ 26.952218413649149, -33.576857447413161 ], [ 26.955478906626553, -33.577092051756665 ], [ 26.958046913534645, -33.575456619327454 ], [ 26.958716153927696, -33.575290918340926 ], [ 26.964988946782796, -33.574075579923914 ], [ 26.972557901925967, -33.571934938046823 ], [ 26.978160858137414, -33.572257756889854 ], [ 26.992011308875021, -33.570503473656245 ], [ 27.0, -33.571003186974693 ], [ 27.0, -37.204116195169703 ], [ 26.992200922834655, -37.206249829765738 ] ], [ [ 25.767053246710276, -33.797350168075582 ], [ 25.767665148128344, -33.80060231714306 ], [ 25.772702336344139, -33.802058577641105 ], [ 25.773334741405421, -33.800294875807737 ], [ 25.77305674567242, -33.799275041010233 ], [ 25.768675208194509, -33.797068477028475 ], [ 25.76831305030737, -33.79691004796004 ], [ 25.767053246710276, -33.797350168075582 ] ], [ [ 25.704191565588758, -33.806608676848739 ], [ 25.704857706917778, -33.806471943924834 ], [ 25.705513835195802, -33.805903673115836 ], [ 25.705497145577226, -33.805388808546553 ], [ 25.704894542249633, -33.804313660047256 ], [ 25.703982233993315, -33.803990006633413 ], [ 25.704191565588758, -33.806608676848739 ] ], [ [ 26.274359226497381, -33.835808634860285 ], [ 26.277038573971396, -33.835581779075724 ], [ 26.279505133755379, -33.833829879944801 ], [ 26.283569335556706, -33.834487080214302 ], [ 26.285184740983368, -33.834165453872473 ], [ 26.285188079266703, -33.833760857877195 ], [ 26.283391356126572, -33.832733869871973 ], [ 26.277850032253383, -33.832423806113667 ], [ 26.276011228935431, -33.831997275653649 ], [ 26.274288653998525, -33.833571076643707 ], [ 26.274359226497381, -33.835808634860285 ] ], [ [ 26.282706260685757, -33.837995648480174 ], [ 26.282665252499584, -33.839580416702688 ], [ 26.285512447641707, -33.84360015422358 ], [ 26.286321914824953, -33.843571910115287 ], [ 26.290333151953803, -33.843431949524614 ], [ 26.290353157372635, -33.84255963232107 ], [ 26.290399551598341, -33.840536713498309 ], [ 26.287391424575048, -33.838495612182527 ], [ 26.283683776985129, -33.8375600573507 ], [ 26.282706260685757, -33.837995648480174 ] ], [ [ 26.263173341976596, -33.837680339875618 ], [ 26.260398149255366, -33.838335156042504 ], [ 26.262714743491017, -33.838844657055091 ], [ 26.26467776296866, -33.838538050290666 ], [ 26.264644741661726, -33.83808255176821 ], [ 26.263173341976596, -33.837680339875618 ] ], [ [ 25.645127057767809, -33.957111000971764 ], [ 25.645414352490661, -33.956972002655704 ], [ 25.644319415309212, -33.954509854046435 ], [ 25.643834829114212, -33.953694105098762 ], [ 25.643004774651104, -33.954619645979591 ], [ 25.643143176716649, -33.954958558190768 ], [ 25.645127057767809, -33.957111000971764 ] ], [ [ 23.400648117217088, -34.00483465219736 ], [ 23.39915716627047, -34.007335305280108 ], [ 23.397359013208103, -34.014536857689805 ], [ 23.397743701810583, -34.016982674610702 ], [ 23.398706674273967, -34.016847014578076 ], [ 23.40227055534217, -34.014213562206081 ], [ 23.40253233899648, -34.012974262252399 ], [ 23.402537703452651, -34.007776379576129 ], [ 23.402409315337934, -34.007155656708179 ], [ 23.401380658191101, -34.005415320160949 ], [ 23.400648117217088, -34.00483465219736 ] ], [ [ 23.059941053637033, -34.040975928496351 ], [ 23.058381438552658, -34.041441559680095 ], [ 23.052437305637454, -34.044267058677704 ], [ 23.051538944067175, -34.044488310786789 ], [ 23.04637646680078, -34.044767141090702 ], [ 23.045510649896841, -34.049234151934584 ], [ 23.047021627846163, -34.055091261952114 ], [ 23.054191231840207, -34.055388808046985 ], [ 23.055937528194505, -34.053600907256012 ], [ 23.060925364314357, -34.052155137349558 ], [ 23.065613746877148, -34.045835852242718 ], [ 23.065812349560446, -34.04502415653954 ], [ 23.064359068516296, -34.041448116637198 ], [ 23.061567425396618, -34.041408061732568 ], [ 23.059941053637033, -34.040975928496351 ] ], [ [ 23.03606855891698, -34.049986004950171 ], [ 23.035665512453761, -34.050101637980077 ], [ 23.035395622310375, -34.050645351002061 ], [ 23.035030365359376, -34.051152229591565 ], [ 23.034689664396637, -34.051595806701087 ], [ 23.034668326182612, -34.052162051337433 ], [ 23.035226822260427, -34.052091836768867 ], [ 23.035747051285796, -34.051759361904956 ], [ 23.036052107619071, -34.051279306494692 ], [ 23.036219358137203, -34.050764918566088 ], [ 23.036225915094235, -34.050274849204811 ], [ 23.03606855891698, -34.049986004950171 ] ], [ [ 22.767560243710363, -34.012104750034169 ], [ 22.765367150673683, -34.012436747357938 ], [ 22.768276333386297, -34.016324758480863 ], [ 22.768956780231463, -34.016584158032472 ], [ 22.769440055214602, -34.016316056640633 ], [ 22.770088553644143, -34.014214635097375 ], [ 22.768321752746999, -34.012369156111561 ], [ 22.767560243710363, -34.012104750034169 ] ], [ [ 19.665976405287068, -34.786147236705517 ], [ 19.663106202789152, -34.7868268489798 ], [ 19.66502451876687, -34.787945509377806 ], [ 19.668135405024969, -34.788041472435921 ], [ 19.668223142883903, -34.787506341644246 ], [ 19.668037176574529, -34.786880970180476 ], [ 19.665976405287068, -34.786147236705517 ] ], [ [ 19.416860818871953, -34.68780374494682 ], [ 19.411350965874647, -34.689305066875377 ], [ 19.413105845358587, -34.690683245535368 ], [ 19.413630247238473, -34.690780759024733 ], [ 19.414973855059571, -34.690215945209644 ], [ 19.418208718258029, -34.689840674307646 ], [ 19.418187976294234, -34.689405441108207 ], [ 19.416860818871953, -34.68780374494682 ] ], [ [ 19.420559167471765, -34.679064273597362 ], [ 19.412989020727025, -34.683688878938625 ], [ 19.411653876425589, -34.685736775531637 ], [ 19.413843750788772, -34.686581611252308 ], [ 19.414432406530693, -34.686508775159865 ], [ 19.416741728848081, -34.68551707295444 ], [ 19.420166373279756, -34.682560563419116 ], [ 19.422166347698891, -34.682369351364486 ], [ 19.422740101674606, -34.68171465390806 ], [ 19.422917127823553, -34.680905222697731 ], [ 19.422672032888272, -34.680396557155419 ], [ 19.42110466924521, -34.680361509675834 ], [ 19.420559167471765, -34.679064273597362 ] ], [ [ 18.582068205283633, -34.135563254240651 ], [ 18.583237052348466, -34.141182064600486 ], [ 18.584602951665147, -34.140134930882255 ], [ 18.584130406493443, -34.138611078238625 ], [ 18.584117651408803, -34.137611150833848 ], [ 18.58561778083623, -34.137593269613603 ], [ 18.58549904784303, -34.136893152796645 ], [ 18.585031867127213, -34.136374711623631 ], [ 18.582068205283633, -34.135563254240651 ] ], [ [ 18.379319310038454, -33.797028065093073 ], [ 18.379088759838538, -33.796670079160805 ], [ 18.374878048583412, -33.795860647950477 ], [ 18.374462247035467, -33.795745372850618 ], [ 18.375215529972991, -33.79318916774578 ], [ 18.372359156350029, -33.790850043694434 ], [ 18.37143111265587, -33.79032278017209 ], [ 18.367938757367909, -33.788812041442498 ], [ 18.364611745136131, -33.788783431310279 ], [ 18.361988902066287, -33.789926767306298 ], [ 18.35563630337316, -33.799267273565505 ], [ 18.354260921604691, -33.801289558366278 ], [ 18.35739318562787, -33.803899298397909 ], [ 18.358925819271235, -33.805176258277612 ], [ 18.360315203483992, -33.814851522779534 ], [ 18.361746668773861, -33.817020654279645 ], [ 18.369624018533898, -33.821523547173939 ], [ 18.374082326638359, -33.82150626220421 ], [ 18.374690651452795, -33.819944262117872 ], [ 18.382525444393877, -33.818248748680759 ], [ 18.383947610694065, -33.814076900728324 ], [ 18.382513642590879, -33.809661150341825 ], [ 18.376944422647171, -33.801479459209588 ], [ 18.379309773627341, -33.798660874199939 ], [ 18.379319310038454, -33.797028065093073 ] ], [ [ 18.455130457904659, -33.798517942249219 ], [ 18.455423235794058, -33.798198461689609 ], [ 18.45537805565283, -33.79662644855172 ], [ 18.45512390094737, -33.796349525710085 ], [ 18.453198075631008, -33.795800566942489 ], [ 18.453716635514496, -33.797520280236654 ], [ 18.455130457904659, -33.798517942249219 ] ], [ [ 18.399468779660594, -33.643904567042028 ], [ 18.399047732367308, -33.644450068815644 ], [ 18.399555564238256, -33.646868825136124 ], [ 18.400235653153032, -33.647416114761739 ], [ 18.4008274079589, -33.647185325342519 ], [ 18.401430368317165, -33.645458341029624 ], [ 18.401311754933886, -33.644714474893036 ], [ 18.400400757888974, -33.644041418676494 ], [ 18.399468779660594, -33.643904567042028 ] ], [ [ 18.095023513224675, -33.432014941835988 ], [ 18.098653554718027, -33.432968139568018 ], [ 18.09944677384982, -33.430401325161043 ], [ 18.096883058506592, -33.428295255022036 ], [ 18.097517013999322, -33.425634145799023 ], [ 18.09247064550425, -33.421291709045107 ], [ 18.090098500145871, -33.413696050332433 ], [ 18.088367819619521, -33.413182258654345 ], [ 18.085630774341098, -33.418181538646991 ], [ 18.083215951654921, -33.418573856198421 ], [ 18.080092549531855, -33.417495370314967 ], [ 18.073823213670551, -33.410179734407251 ], [ 18.072438955593498, -33.410470366514076 ], [ 18.072417261247892, -33.412009220748786 ], [ 18.072334646826903, -33.417869329106196 ], [ 18.073198197439069, -33.418722808210831 ], [ 18.083863854733409, -33.429264068581816 ], [ 18.084032535173606, -33.42955231658604 ], [ 18.08034133888188, -33.431853175383665 ], [ 18.080433964556107, -33.432196855800228 ], [ 18.082855462909492, -33.434437513080653 ], [ 18.086237072982783, -33.435532569872038 ], [ 18.086635231630794, -33.435385108036229 ], [ 18.094371914832266, -33.433503270359523 ], [ 18.095023513224675, -33.432014941835988 ] ], [ [ 17.987171054200985, -33.15108191969469 ], [ 17.980098366546599, -33.151213526483005 ], [ 17.979678530639944, -33.151528843181353 ], [ 17.978161931028353, -33.152667880418235 ], [ 17.978032112092762, -33.153162241344205 ], [ 17.980972274699468, -33.154625078720159 ], [ 17.983039975214979, -33.155653834656675 ], [ 17.983593105937359, -33.155652403835347 ], [ 17.98532164068132, -33.155214666923214 ], [ 17.986759543318556, -33.154786348611111 ], [ 17.987171054200985, -33.15108191969469 ] ], [ [ 17.953480959278892, -33.079126119574767 ], [ 17.952425956492959, -33.079259872145386 ], [ 17.949955701394629, -33.078367829211828 ], [ 17.949803947993928, -33.08260583848859 ], [ 17.954252958007856, -33.087623834272463 ], [ 17.955872654999212, -33.088054657196551 ], [ 17.958852529820604, -33.086389780064309 ], [ 17.959513068373781, -33.085631251381145 ], [ 17.959631323826699, -33.083220958580426 ], [ 17.953480959278892, -33.079126119574767 ] ], [ [ 18.010278344570224, -33.087237477427635 ], [ 18.011162042694309, -33.086373448375952 ], [ 18.010171771310326, -33.084922432724142 ], [ 18.006984830285802, -33.084236144782281 ], [ 18.006102800404051, -33.08484971534206 ], [ 18.006058573544635, -33.085500955804505 ], [ 18.007316947219579, -33.086899757717561 ], [ 18.008051872296306, -33.087171674033428 ], [ 18.010278344570224, -33.087237477427635 ] ], [ [ 18.018511533580607, -33.089998721663648 ], [ 18.01775765439254, -33.091628074675796 ], [ 18.017987609241118, -33.093342542224448 ], [ 18.023781060747751, -33.094165206059358 ], [ 18.024090051614763, -33.093860506756954 ], [ 18.025882363580365, -33.09043300158163 ], [ 18.020730257295838, -33.08815515013994 ], [ 18.020135402527103, -33.088490367036755 ], [ 18.018511533580607, -33.089998721663648 ] ], [ [ 18.102394461935262, -33.192734956453094 ], [ 18.104218959737523, -33.192161440797776 ], [ 18.105159759415585, -33.188485622013744 ], [ 18.107390165324091, -33.188181161931098 ], [ 18.097820877831452, -33.185855269604886 ], [ 18.100390314661695, -33.191570400953154 ], [ 18.102394461935262, -33.192734956453094 ] ], [ [ 17.922663450058309, -33.050291180193838 ], [ 17.922476530467549, -33.054459452441733 ], [ 17.923507213787218, -33.055456042462382 ], [ 17.925569653316956, -33.056007743262626 ], [ 17.926131010138249, -33.055809855540332 ], [ 17.928962468943098, -33.053414463606458 ], [ 17.928837418212453, -33.052346110384647 ], [ 17.928561926192145, -33.051987529101226 ], [ 17.926698804306739, -33.050812244689212 ], [ 17.923186659436965, -33.050314426769262 ], [ 17.922663450058309, -33.050291180193838 ] ], [ [ 17.926991820516434, -33.048045754707758 ], [ 17.925668954658875, -33.048632263767928 ], [ 17.925688147989888, -33.049051046568536 ], [ 17.92918586773385, -33.049803018294668 ], [ 17.929687499678721, -33.049665212479468 ], [ 17.929687499678721, -33.048549055794254 ], [ 17.926991820516434, -33.048045754707758 ] ], [ [ 17.88499772576472, -32.74076461829236 ], [ 17.883864402820336, -32.742438555195136 ], [ 17.886939406128846, -32.743960619087218 ], [ 17.887432932484103, -32.744088768881454 ], [ 17.888856649215114, -32.743731975450217 ], [ 17.889149546714435, -32.741732478571038 ], [ 17.8871053454356, -32.741116642618934 ], [ 17.88499772576472, -32.74076461829236 ] ], [ [ 17.883285403099194, -32.737859248705405 ], [ 17.879885553875255, -32.739291429855612 ], [ 17.879397153655788, -32.740112543259272 ], [ 17.879609227284135, -32.740514278511185 ], [ 17.883140802006665, -32.740336657011099 ], [ 17.884198665536246, -32.738537907698316 ], [ 17.883285403099194, -32.737859248705405 ] ], [ [ 17.869472861483473, -32.73624217503621 ], [ 17.868326964218397, -32.736690519451841 ], [ 17.86736691005504, -32.737066150082541 ], [ 17.868060767540896, -32.737687444206955 ], [ 17.870495915854036, -32.739867925863962 ], [ 17.871092677185572, -32.740151643983182 ], [ 17.872250437408013, -32.740013718558146 ], [ 17.872658848327319, -32.73930096626647 ], [ 17.872550606825257, -32.738507151783523 ], [ 17.871957421198317, -32.738007306791729 ], [ 17.869472861483473, -32.73624217503621 ] ], [ [ 17.876146555019659, -32.737875819613421 ], [ 17.878551960005268, -32.737859844955921 ], [ 17.8796981576441, -32.737635374173067 ], [ 17.880638837712524, -32.73726820976006 ], [ 17.880892753198225, -32.736586451703388 ], [ 17.880819917105782, -32.735816359537253 ], [ 17.879682779237129, -32.735544801151619 ], [ 17.876398920973571, -32.735936045811755 ], [ 17.875722646982808, -32.736492753138037 ], [ 17.875674248168252, -32.737674116966929 ], [ 17.876146555019659, -32.737875819613421 ] ], [ [ 18.197316765356788, -32.796584009744166 ], [ 18.197961211440941, -32.796445250647778 ], [ 18.199828743601756, -32.792766929050416 ], [ 18.197214246240662, -32.791517734755658 ], [ 18.196971773728649, -32.796499252238533 ], [ 18.197316765356788, -32.796584009744166 ] ], [ [ 18.198505044072931, -32.800506115065133 ], [ 18.198730111105846, -32.800134539477313 ], [ 18.199110269823336, -32.799927115343976 ], [ 18.198463677956624, -32.797462702241774 ], [ 18.196057915940173, -32.797610640718531 ], [ 18.19571077852973, -32.798111557702072 ], [ 18.198505044072931, -32.800506115065133 ] ], [ [ 18.300720453586223, -32.089004516844753 ], [ 18.300720453586223, -32.089347839331097 ], [ 18.302037477447925, -32.090849757510085 ], [ 18.302214860627714, -32.090957045730875 ], [ 18.303582548696113, -32.090785503647766 ], [ 18.303785324233729, -32.09039914590366 ], [ 18.303532004098912, -32.089605331420799 ], [ 18.302772045493612, -32.089304923683088 ], [ 18.301581740605002, -32.08909034724141 ], [ 18.300720453586223, -32.089004516844753 ] ], [ [ 18.299805641617468, -32.087977170909497 ], [ 18.299299239668471, -32.088097930075278 ], [ 18.299093365966485, -32.088138222400929 ], [ 18.29876100981312, -32.088218569631124 ], [ 18.298571109869272, -32.088406443402519 ], [ 18.298618555402186, -32.088688015739166 ], [ 18.299219966228748, -32.088728308964178 ], [ 18.299600005336401, -32.088701367074307 ], [ 18.29990065139441, -32.088661074748657 ], [ 18.300074815900416, -32.088473439297573 ], [ 18.300217271210556, -32.088285565526363 ], [ 18.3001855611152, -32.088084459130386 ], [ 18.300011515319483, -32.088004111900005 ], [ 18.299805641617468, -32.087977170909497 ] ] ] } }
]
}
