{
"type": "FeatureCollection",
"name": "Strait_of_Hormuz",
"crs": { "type": "name", "properties": { "name": "urn:ogc:def:crs:OGC:1.3:CRS84" } },
"features": [
{ "type": "Feature", "properties": { "MRGID": 8354, "GEONAME": "Omani Exclusive Economic Zone", "MRGID_TER1": 2251.0, "POL_TYPE": "200NM", "MRGID_SOV1": 2251, "TERRITORY1": "Oman", "ISO_TER1": "OMN", "SOVEREIGN1": "Oman", "MRGID_TER2": null, "MRGID_SOV2": null, "TERRITORY2": null, "ISO_TER2": null, "SOVEREIGN2": null, "MRGID_TER3": null, "MRGID_SOV3": null, "TERRITORY3": null, "ISO_TER3": null, "SOVEREIGN3": null, "X_1": 58.66998, "Y_1": 18.94915, "MRGID_EEZ": 8354, "AREA_KM2": 556490, "ISO_SOV1": "OMN", "ISO_SOV2": null, "ISO_SOV3": null, "UN_SOV1": 512, "UN_SOV2": null, "UN_SOV3": null, "UN_TER1": 512.0, "UN_TER2": null, "UN_TER3": null }, "geometry": { "type": "MultiPolygon", "coordinates": [ [ [ [ 57.263927017118789, 24.996362798604252 ], [ 57.279107174856819, 24.984121728735118 ], [ 57.280900119945187, 24.982602301655163 ], [ 57.314834941979399, 24.963195187308116 ], [ 57.350348423141753, 24.941761723225284 ], [ 57.385478462161615, 24.919423475513156 ], [ 57.42022517055571, 24.896179901881197 ], [ 57.510631331371229, 24.832635347543317 ], [ 57.532846429519651, 24.818636846813263 ], [ 57.559882919961382, 24.80097882930977 ], [ 57.579551411468771, 24.78767570686864 ], [ 57.586837519935983, 24.783039335697026 ], [ 57.611779108919364, 24.76660640346293 ], [ 57.613843668151361, 24.765271501079212 ], [ 57.618342064435041, 24.762261964818009 ], [ 57.641189505591996, 24.748654507299904 ], [ 57.668287569915805, 24.731943087403749 ], [ 57.668481518607763, 24.731851672217118 ], [ 57.673083231706386, 24.729597773318858 ], [ 57.677085280461739, 24.728417178410098 ], [ 57.698118109164085, 24.723015271038349 ], [ 57.710594165588674, 24.719615744671188 ], [ 57.714533388605588, 24.718675104172917 ], [ 57.722589251093353, 24.717008511134225 ], [ 57.728580339411423, 24.716985202505327 ], [ 57.760643165050368, 24.716396946961765 ], [ 57.792569427737504, 24.715345719529466 ], [ 57.79967253765804, 24.715007387381462 ], [ 57.809192167285033, 24.714595894485257 ], [ 57.818703759671365, 24.714226726382606 ], [ 57.824417597794451, 24.714030219119252 ], [ 57.828218089593491, 24.713843221287732 ], [ 57.837740570071645, 24.713416912061035 ], [ 57.847254953953637, 24.713033231598445 ], [ 57.856523829211739, 24.712700698278809 ], [ 57.979545301574973, 24.713376011793798 ], [ 58.013672288945685, 24.712010667358584 ], [ 58.01543733976203, 24.711941576942536 ], [ 58.017202232297763, 24.711874018971059 ], [ 58.018966966552881, 24.711807993444495 ], [ 58.020731541627725, 24.711743500362502 ], [ 58.02249595842224, 24.711680539725364 ], [ 58.024260216935858, 24.711619111532968 ], [ 58.026024316269769, 24.711559215785485 ], [ 58.027788257322896, 24.711500851583111 ], [ 58.029552040095183, 24.711444020724969 ], [ 58.031315663687309, 24.711388721412561 ], [ 58.072985633780462, 24.710118230272258 ], [ 58.165711815248613, 24.703003511003431 ], [ 58.242326114359031, 24.693521142087036 ], [ 58.288031739074171, 24.686410036294461 ], [ 58.348797208424998, 24.675980299951107 ], [ 58.402704351625147, 24.664101943750126 ], [ 58.44078712842358, 24.664888927882146 ], [ 58.534375707573332, 24.66244973896454 ], [ 58.596226843894186, 24.657896853657292 ], [ 58.642479776221222, 24.653750381874829 ], [ 58.719117070097099, 24.644400107179251 ], [ 58.810270438929962, 24.628787803614529 ], [ 58.881384653479387, 24.613040034270426 ], [ 58.904600242907492, 24.607456459348384 ], [ 58.967869349291533, 24.590451302885583 ], [ 59.0, 24.581692285698029 ], [ 59.0, 23.143985297834995 ], [ 58.996725559437351, 23.149964928838756 ], [ 58.990750908927879, 23.169983744954294 ], [ 58.991973042622391, 23.177367806679229 ], [ 58.99336671840004, 23.179546952130494 ], [ 58.995177030296333, 23.194489359696547 ], [ 58.994925022272383, 23.195793151832845 ], [ 58.993390560326674, 23.194505453064608 ], [ 58.993392944429303, 23.198190450329264 ], [ 58.991278171550704, 23.203124999819181 ], [ 58.991155147892329, 23.203124999819181 ], [ 58.990722775436183, 23.20433354385824 ], [ 58.984758138877368, 23.211004018720757 ], [ 58.976409077617433, 23.216887951018236 ], [ 58.959087849025565, 23.232878446483312 ], [ 58.95002150558858, 23.235983372035264 ], [ 58.946371674513699, 23.237669110741138 ], [ 58.940275669486965, 23.24147665502403 ], [ 58.939362407049913, 23.242304325384623 ], [ 58.935953736376206, 23.245710134415589 ], [ 58.934725761584929, 23.247389912414974 ], [ 58.929161071526579, 23.256279945562994 ], [ 58.927882671748449, 23.261833072138813 ], [ 58.927181959580167, 23.257326960571191 ], [ 58.925360202911264, 23.257498740974512 ], [ 58.926574826367727, 23.264021754000794 ], [ 58.925220131704265, 23.272647857712741 ], [ 58.923491716569885, 23.273334503584806 ], [ 58.919456958572397, 23.288729309710163 ], [ 58.917153477351604, 23.290836810670299 ], [ 58.91792583490988, 23.293977856593216 ], [ 58.917113661666548, 23.299855947793958 ], [ 58.919082165210256, 23.303689956426552 ], [ 58.914992809371171, 23.307147740875564 ], [ 58.91283547877461, 23.311899424019487 ], [ 58.914218902280851, 23.317235707862039 ], [ 58.91807734999, 23.316203951651147 ], [ 58.918938755719324, 23.317095756264337 ], [ 58.913012623634273, 23.319319724825817 ], [ 58.909620404258561, 23.323320031594506 ], [ 58.903872728244238, 23.326392531190777 ], [ 58.897799849283984, 23.327566862321248 ], [ 58.896259546241453, 23.326069355316804 ], [ 58.888099312933349, 23.331258535253284 ], [ 58.884006142170136, 23.33445477526783 ], [ 58.881615042700417, 23.33903312667789 ], [ 58.875359654425239, 23.346226930528644 ], [ 58.870455026278961, 23.348463058823341 ], [ 58.866196155428753, 23.34898734109305 ], [ 58.862166166535673, 23.353194952385593 ], [ 58.853174447942848, 23.359404802589779 ], [ 58.850287437116009, 23.367048025546183 ], [ 58.844686865906539, 23.372377515010754 ], [ 58.841018080720147, 23.374133348675457 ], [ 58.83793306346044, 23.374245047171428 ], [ 58.834604143766654, 23.375888347769404 ], [ 58.829643011216291, 23.378906250423427 ], [ 58.829441547789628, 23.378906250423427 ], [ 58.825090050365901, 23.381175875766445 ], [ 58.822298645566349, 23.383896708066629 ], [ 58.815368056191147, 23.385739564629546 ], [ 58.812782049352705, 23.389419555368505 ], [ 58.806326508861645, 23.392054558171594 ], [ 58.80427253285157, 23.394351840365402 ], [ 58.799110054685826, 23.405210136938479 ], [ 58.798243522820627, 23.41073071974705 ], [ 58.796880364637587, 23.412498473925837 ], [ 58.784661411795156, 23.422298431227915 ], [ 58.784481167872087, 23.422577977391654 ], [ 58.780552864423584, 23.44433355345106 ], [ 58.780485033957547, 23.449329853090404 ], [ 58.78165972211886, 23.451280951155383 ], [ 58.780092954726598, 23.453806400345343 ], [ 58.780490160093251, 23.459145069189958 ], [ 58.777828812550098, 23.462580561244351 ], [ 58.779281854374659, 23.468099832841347 ], [ 58.777780055805323, 23.469732761558106 ], [ 58.779577255586588, 23.470884442363314 ], [ 58.77839994410246, 23.47246372741921 ], [ 58.779734611763303, 23.473621845571699 ], [ 58.779516815748735, 23.475604653732034 ], [ 58.776293039392812, 23.477275371960957 ], [ 58.777323007750994, 23.480147242701378 ], [ 58.775600075783217, 23.48174905757304 ], [ 58.775738954489697, 23.484574318250282 ], [ 58.772710562143317, 23.490178823094567 ], [ 58.769660234432791, 23.48850011798649 ], [ 58.769041538636685, 23.490874767057022 ], [ 58.770145773908808, 23.492850541619561 ], [ 58.767999410544945, 23.496638656049356 ], [ 58.76617002492722, 23.49843645118159 ], [ 58.763355970701838, 23.497735619403358 ], [ 58.763547063146831, 23.50093841547573 ], [ 58.76043868060097, 23.501926541077324 ], [ 58.759867549048437, 23.502493024033953 ], [ 58.758774638039455, 23.506557345445401 ], [ 58.75698792974967, 23.50735473653225 ], [ 58.756847500612395, 23.507677555375096 ], [ 58.758044362457923, 23.508713245220434 ], [ 58.762068152323678, 23.507892966387601 ], [ 58.764144420728798, 23.509675502722558 ], [ 58.763736844380304, 23.510779737994767 ], [ 58.756802916721682, 23.51362752938735 ], [ 58.754170179310933, 23.511691808830165 ], [ 58.754452109577613, 23.513486623608912 ], [ 58.752128839674498, 23.515093445906189 ], [ 58.752002835662921, 23.515338659551844 ], [ 58.75533723852314, 23.519182562525543 ], [ 58.754257440529187, 23.52252805222804 ], [ 58.753829121317182, 23.522799849833632 ], [ 58.751189342214758, 23.522525373147801 ], [ 58.749902367400665, 23.522391557624701 ], [ 58.748738646471708, 23.518786549659751 ], [ 58.746155858306594, 23.516239404325177 ], [ 58.744839071865982, 23.516508459897835 ], [ 58.744697332416564, 23.51682090775904 ], [ 58.74789345282116, 23.520725607600809 ], [ 58.747890352858036, 23.521378040564457 ], [ 58.745980859229661, 23.523612738037826 ], [ 58.74408876928166, 23.51967644681082 ], [ 58.73948586008467, 23.519909858653307 ], [ 58.742393970805523, 23.518388033081521 ], [ 58.742082953765845, 23.516971946198566 ], [ 58.738749146256424, 23.518355011774588 ], [ 58.736568569983802, 23.517694711541878 ], [ 58.734988451256555, 23.521444678529122 ], [ 58.729941606120605, 23.521263957066083 ], [ 58.729415416388662, 23.520994544463008 ], [ 58.727614879223694, 23.518582224590261 ], [ 58.730926156017887, 23.514371752554609 ], [ 58.730547308511888, 23.510580658670733 ], [ 58.728328109055582, 23.509263753519747 ], [ 58.728679180100727, 23.512738227587135 ], [ 58.726897478336383, 23.51393413525247 ], [ 58.725869774470908, 23.51262044877501 ], [ 58.726390838966637, 23.510747075517429 ], [ 58.724970340908868, 23.50930845702004 ], [ 58.723407149221117, 23.510353803785279 ], [ 58.724216222501155, 23.512049675152696 ], [ 58.721737861813182, 23.514207959030443 ], [ 58.72467136399294, 23.514642715589105 ], [ 58.726020454980386, 23.517618775486483 ], [ 58.720705032711663, 23.519859910306593 ], [ 58.719723343558115, 23.521334528665761 ], [ 58.720838665672176, 23.521080851500329 ], [ 58.720775246381123, 23.526506901172581 ], [ 58.723302006782916, 23.526971101535366 ], [ 58.723531842021231, 23.527448177491692 ], [ 58.72425115127001, 23.531034350055222 ], [ 58.722978353368632, 23.532160878621909 ], [ 58.721080541933958, 23.532774806212558 ], [ 58.710937499566427, 23.534598231123709 ], [ 58.708874225465678, 23.534787535716248 ], [ 58.701578974490559, 23.533836365056402 ], [ 58.694353341833818, 23.534261703914837 ], [ 58.687902450838038, 23.531996369237305 ], [ 58.687133311953204, 23.531870126905176 ], [ 58.682878613057852, 23.532291412518845 ], [ 58.682379245606199, 23.532495260048563 ], [ 58.675180554839159, 23.537188649137136 ], [ 58.67492365810088, 23.539283275403079 ], [ 58.667152643280275, 23.542860150775596 ], [ 58.666630745113281, 23.544892072711377 ], [ 58.667711138458827, 23.545867204907779 ], [ 58.667061925068225, 23.547283768431583 ], [ 58.666744351071344, 23.547780036819574 ], [ 58.662256836584135, 23.549665331490189 ], [ 58.661915421560053, 23.550014376362725 ], [ 58.660465002158418, 23.553198337933225 ], [ 58.660497069284617, 23.554687500128296 ], [ 58.660409927676454, 23.554687500128296 ], [ 58.660378813831443, 23.555648208098546 ], [ 58.661900759013321, 23.556915640644661 ], [ 58.661152601312011, 23.55765616849763 ], [ 58.659856677344152, 23.557006835497106 ], [ 58.659496665239232, 23.554687500128296 ], [ 58.658977866135984, 23.554687500128296 ], [ 58.657726407348292, 23.549227357157122 ], [ 58.657437563093623, 23.548746347566095 ], [ 58.654762149254367, 23.546711563987685 ], [ 58.649292111042627, 23.545333147007398 ], [ 58.64912617173573, 23.54709947126392 ], [ 58.652072548609596, 23.548090338898362 ], [ 58.652276635358959, 23.549569845072654 ], [ 58.652039646912755, 23.550117850558706 ], [ 58.651643872367259, 23.550218463111918 ], [ 58.649151324874055, 23.549218654417501 ], [ 58.648653149923263, 23.550474047739442 ], [ 58.645645856571406, 23.551043153119309 ], [ 58.644481301071806, 23.55317676049907 ], [ 58.64549505735161, 23.554687500128296 ], [ 58.646886944377428, 23.556326508262117 ], [ 58.648594140907363, 23.557031869925083 ], [ 58.65298771850874, 23.557708859776369 ], [ 58.650553226750418, 23.55975377601618 ], [ 58.648050427885465, 23.558321476155413 ], [ 58.642596840972004, 23.557512044945071 ], [ 58.640939354467974, 23.559765458209682 ], [ 58.643522500563478, 23.561994552906327 ], [ 58.642781853999765, 23.563017725987521 ], [ 58.639748454228226, 23.561978339928544 ], [ 58.638995170391382, 23.563731074529812 ], [ 58.636066079386552, 23.564138174237712 ], [ 58.630959749493314, 23.561820507111065 ], [ 58.629491447972242, 23.562882065954909 ], [ 58.629742980254861, 23.564652204236182 ], [ 58.628083825508753, 23.564438342755409 ], [ 58.626313448007892, 23.566729307212029 ], [ 58.622171044758403, 23.568789958889937 ], [ 58.614824175395739, 23.569404721051399 ], [ 58.614296674452447, 23.569587826617123 ], [ 58.612353443656986, 23.571331858478885 ], [ 58.612048506933633, 23.571828723117392 ], [ 58.6114913229666, 23.577433705501392 ], [ 58.607688069349223, 23.579996943304479 ], [ 58.608553051682549, 23.583427310122545 ], [ 58.604272246367515, 23.586810111797575 ], [ 58.60648763179907, 23.590515375284554 ], [ 58.605151534216276, 23.591799617058996 ], [ 58.605127215649105, 23.595110654633231 ], [ 58.602753043218712, 23.595711946749248 ], [ 58.602070570201164, 23.597604632048217 ], [ 58.598173379697954, 23.598564505447825 ], [ 58.598039745838065, 23.599107861438881 ], [ 58.59838771781952, 23.600535631414459 ], [ 58.600334048578105, 23.600817442071218 ], [ 58.605549574153969, 23.606979370101897 ], [ 58.604505658210059, 23.609086274812057 ], [ 58.601385355150597, 23.608865380632835 ], [ 58.600206137103982, 23.610638022626915 ], [ 58.601594448425459, 23.612022161094302 ], [ 58.599334121173257, 23.614714026231496 ], [ 58.599116444768612, 23.618139743554735 ], [ 58.601052045715875, 23.618766545839662 ], [ 58.599252701051938, 23.620907306427227 ], [ 58.599435960401848, 23.6219500028906 ], [ 58.59992814047169, 23.624750375729207 ], [ 58.596998929857108, 23.626149773893133 ], [ 58.595667720089438, 23.628087043982021 ], [ 58.595166445175693, 23.625188707992749 ], [ 58.595859049056259, 23.624293496747725 ], [ 58.597157955176073, 23.622614621667424 ], [ 58.597965002283701, 23.618122338974842 ], [ 58.596291065380825, 23.616001844609656 ], [ 58.593462705639837, 23.617363571971566 ], [ 58.591719270028676, 23.621197819823834 ], [ 58.586525320987136, 23.626034379183523 ], [ 58.583864569694612, 23.621709943259674 ], [ 58.578747152959153, 23.626636266650678 ], [ 58.576237320496517, 23.621876477917397 ], [ 58.571982741211087, 23.622703433317184 ], [ 58.56336784395134, 23.620811462079729 ], [ 58.562456369366402, 23.623906254969882 ], [ 58.563830018141203, 23.624403834569534 ], [ 58.565719842697177, 23.623325824427582 ], [ 58.564616560706241, 23.626850128131025 ], [ 58.565547466043398, 23.62719333190708 ], [ 58.567597628028494, 23.625266671120187 ], [ 58.5683027504721, 23.628585219832445 ], [ 58.572022556895803, 23.62817370894976 ], [ 58.570279836245703, 23.630502343308677 ], [ 58.564929366497637, 23.632763147201928 ], [ 58.565088630136557, 23.636747240992719 ], [ 58.560046314885966, 23.635082960110651 ], [ 58.552443027224541, 23.634600639308417 ], [ 58.551219343997872, 23.632987857204114 ], [ 58.550371051283406, 23.632885455899412 ], [ 58.547892451376043, 23.63308405858271 ], [ 58.547887205630587, 23.634979605524506 ], [ 58.543674707422127, 23.631992936325275 ], [ 58.539665460493012, 23.631863951960042 ], [ 58.536048650725064, 23.633614063238781 ], [ 58.535501361099278, 23.633609652963344 ], [ 58.529254674663861, 23.633274554777074 ], [ 58.526653051097952, 23.630889654334339 ], [ 58.523633122271207, 23.630360960889931 ], [ 58.519932151248298, 23.630332470367478 ], [ 58.517257332760011, 23.630657315383075 ], [ 58.51079356706984, 23.633452535106755 ], [ 58.507636069849099, 23.637634277400252 ], [ 58.509529471008619, 23.639342427211545 ], [ 58.509562015675129, 23.639919161540377 ], [ 58.509155034677434, 23.640450835338072 ], [ 58.503844618934551, 23.644908547192102 ], [ 58.501579403866941, 23.645447849938762 ], [ 58.5011147259643, 23.645367145677511 ], [ 58.498907923662074, 23.642615079922336 ], [ 58.497121453692756, 23.641887903404211 ], [ 58.496583938798295, 23.641806244962424 ], [ 58.493913173554603, 23.644129871896325 ], [ 58.493332624301758, 23.64418411270691 ], [ 58.492341637956685, 23.643836379046036 ], [ 58.491172909602398, 23.642159461789959 ], [ 58.49135756470028, 23.639424562293925 ], [ 58.489396333973929, 23.637148141673634 ], [ 58.485735773987159, 23.637058138422674 ], [ 58.485142111719625, 23.633834600386706 ], [ 58.481412172634037, 23.632021904387614 ], [ 58.480846762568518, 23.624813914630892 ], [ 58.471477150650429, 23.619854450322975 ], [ 58.462757349272607, 23.616878748355816 ], [ 58.458364128701902, 23.613923310812424 ], [ 58.448955416959308, 23.610967635847999 ], [ 58.4276856186967, 23.605271220291058 ], [ 58.413788318676353, 23.604955435045269 ], [ 58.408632278756983, 23.603830933550682 ], [ 58.390931248478722, 23.603156447412459 ], [ 58.384459972550161, 23.603319764296032 ], [ 58.370089054466888, 23.605159759215837 ], [ 58.359375000156405, 23.605189561849272 ], [ 58.342201113790765, 23.604382157710688 ], [ 58.321903347761832, 23.608325838666531 ], [ 58.301075101335385, 23.613831758928825 ], [ 58.272710919273919, 23.625307679306104 ], [ 58.261401414843959, 23.631315231512815 ], [ 58.25506043449198, 23.636309623690522 ], [ 58.230792641867225, 23.651197910055856 ], [ 58.223124742413262, 23.658365845807396 ], [ 58.21641337897475, 23.660901308049063 ], [ 58.216420650892843, 23.663123250437991 ], [ 58.208611250309474, 23.671252846541677 ], [ 58.198695063726774, 23.678550839549814 ], [ 58.194860815874478, 23.678918123572828 ], [ 58.194199800680707, 23.680724858865403 ], [ 58.18967437707127, 23.681635618489395 ], [ 58.17718994615953, 23.688829660660247 ], [ 58.171715617282217, 23.689426064061934 ], [ 58.170992851039529, 23.690538048792007 ], [ 58.152507543588655, 23.695894002606337 ], [ 58.147669076766789, 23.698748350056718 ], [ 58.126220345792632, 23.705569148397899 ], [ 58.10438704492654, 23.710930347058195 ], [ 58.093367814673485, 23.712861061089427 ], [ 58.063437700689718, 23.712683558299716 ], [ 58.054206967477882, 23.714200377345975 ], [ 58.033499240997486, 23.714459418967124 ], [ 58.029813051231969, 23.714488029099499 ], [ 58.007609367279002, 23.712610602597522 ], [ 57.95378434657087, 23.707868338053629 ], [ 57.922531843370308, 23.707781315155842 ], [ 57.912881851616731, 23.708358407414892 ], [ 57.890590071874698, 23.71012985690777 ], [ 57.878048062768499, 23.71254444127328 ], [ 57.860936879833474, 23.718527555302813 ], [ 57.860044836900357, 23.718886375805823 ], [ 57.83868455874611, 23.729319334419927 ], [ 57.836979031357629, 23.730369568101366 ], [ 57.828067302964001, 23.735241651581305 ], [ 57.80724680419732, 23.749312162826499 ], [ 57.806765556285683, 23.749745845594504 ], [ 57.796659111829086, 23.76288485525231 ], [ 57.793529510679008, 23.769094347526448 ], [ 57.793385505836937, 23.769411444882536 ], [ 57.7922724482153, 23.772502661169142 ], [ 57.791717648351124, 23.777323842121916 ], [ 57.791835546773683, 23.783125758047561 ], [ 57.775314450402192, 23.773928522783507 ], [ 57.774933457113917, 23.773783445050412 ], [ 57.758290171654579, 23.769185304958171 ], [ 57.751643657429469, 23.767936825624304 ], [ 57.726575612974472, 23.767936825624304 ], [ 57.713268279907794, 23.769052862699766 ], [ 57.687334537259659, 23.772350907768526 ], [ 57.67017793676294, 23.775419950370633 ], [ 57.65625000043778, 23.778180837575803 ], [ 57.615024327810858, 23.788812875514196 ], [ 57.587854623492461, 23.796938538882785 ], [ 57.587485074976513, 23.797085762398297 ], [ 57.533921361282097, 23.819464445428082 ], [ 57.53181040242842, 23.821998953489185 ], [ 57.532431841156978, 23.825585245662893 ], [ 57.529268145808686, 23.828827858319244 ], [ 57.531841159242646, 23.825637459401293 ], [ 57.529573202141961, 23.82180201994754 ], [ 57.525780558726268, 23.823039650759597 ], [ 57.526314258696544, 23.825079560473625 ], [ 57.5275340082882, 23.824975013386563 ], [ 57.525990247352553, 23.825689673140317 ], [ 57.52505624295182, 23.82363247845629 ], [ 57.524274945232861, 23.824242830342769 ], [ 57.524942040743241, 23.826038360981784 ], [ 57.523586273188215, 23.82397532430187 ], [ 57.520727515462823, 23.825217724218703 ], [ 57.524656057231681, 23.830658555148318 ], [ 57.534718871079491, 23.830501556002275 ], [ 57.534261465094943, 23.830920100482501 ], [ 57.533842325263464, 23.83105945582966 ], [ 57.524808645203194, 23.830955028352264 ], [ 57.520947336750766, 23.826666116548324 ], [ 57.515905142009359, 23.826327443557062 ], [ 57.470429659201869, 23.843947529454965 ], [ 57.456923246810703, 23.846194148341624 ], [ 57.405675411491558, 23.861106157023812 ], [ 57.384426951443203, 23.865226865027864 ], [ 57.334064364679222, 23.882754921502567 ], [ 57.304659843277733, 23.889200448942006 ], [ 57.283266425105893, 23.895993709142772 ], [ 57.255840778229896, 23.906106948876669 ], [ 57.255249023423943, 23.90625000043741 ], [ 57.25320553800546, 23.907209872937472 ], [ 57.230443239264474, 23.914413214098715 ], [ 57.215784549817471, 23.920509457445547 ], [ 57.180333018454604, 23.935690879630698 ], [ 57.173619866264204, 23.938836455438093 ], [ 57.151225805726796, 23.950495123451503 ], [ 57.139487266224847, 23.957348823489667 ], [ 57.137287259200122, 23.958743453447937 ], [ 57.111838221457361, 23.977877855578697 ], [ 57.096601248149483, 23.990983367288777 ], [ 57.093228936166753, 23.993982672862273 ], [ 57.078144549931636, 24.010761856674605 ], [ 57.073203206063596, 24.012480616687213 ], [ 57.063741445111958, 24.018462657825836 ], [ 57.030525565402939, 24.046738147847577 ], [ 57.025980711041285, 24.046838045439642 ], [ 57.020096778743806, 24.050160169856269 ], [ 57.019597769222202, 24.050489544756857 ], [ 56.999134302206727, 24.065281510133616 ], [ 56.991933941398685, 24.070775747303117 ], [ 56.97845447089756, 24.082031250142364 ], [ 56.978192925563377, 24.082031250142364 ], [ 56.95312499981938, 24.102120518247403 ], [ 56.95312499981938, 24.102399468161082 ], [ 56.935961723655083, 24.118562579499468 ], [ 56.906054854448627, 24.151702642763041 ], [ 56.893859744432206, 24.168376565426513 ], [ 56.889639258445555, 24.175901770350777 ], [ 56.886208176666258, 24.177360772881372 ], [ 56.873826026550461, 24.201930046134777 ], [ 56.858798861478675, 24.2158714534051 ], [ 56.858948350386441, 24.217168926904776 ], [ 56.853510856841154, 24.222536921741664 ], [ 56.847328543877808, 24.2321367268286 ], [ 56.842413902679795, 24.238376855407807 ], [ 56.837311625131775, 24.243107676078751 ], [ 56.827579021655112, 24.25666654142799 ], [ 56.825950979854355, 24.257812499847262 ], [ 56.825534343735256, 24.257812499847262 ], [ 56.81174182912244, 24.27938163295633 ], [ 56.80336403812035, 24.289828657866394 ], [ 56.80235564719581, 24.292559743337847 ], [ 56.772338747735461, 24.334602236903777 ], [ 56.733808040209198, 24.38515365161976 ], [ 56.719653963959587, 24.407709717829619 ], [ 56.71523332575768, 24.410963773459628 ], [ 56.707490801459727, 24.41285192977287 ], [ 56.705863833449627, 24.41596841790863 ], [ 56.694687843269747, 24.423082709099873 ], [ 56.682339310710944, 24.433593749552131 ], [ 56.682173609724856, 24.433593749552131 ], [ 56.651095271030414, 24.462504148348046 ], [ 56.64666581137854, 24.465038180667563 ], [ 56.644557357136677, 24.468179106980557 ], [ 56.638637542788985, 24.47077453151968 ], [ 56.636504054119342, 24.476701856105763 ], [ 56.626823425161234, 24.485388636177021 ], [ 56.6260507105724, 24.488148212170529 ], [ 56.623963117903969, 24.489028454200024 ], [ 56.601562500409358, 24.522600412379404 ], [ 56.601562500409358, 24.523158430917192 ], [ 56.597728848807861, 24.528962254304929 ], [ 56.572784066332162, 24.562958121420195 ], [ 56.570874213874191, 24.567334652372494 ], [ 56.563600778653239, 24.574731349572119 ], [ 56.5595159526994, 24.579956174138374 ], [ 56.555870414088673, 24.587057947666381 ], [ 56.549605726823557, 24.59415352306695 ], [ 56.550171375209203, 24.595290064685003 ], [ 56.547817945642151, 24.597910642362535 ], [ 56.547419667384048, 24.600124954902981 ], [ 56.541828155945183, 24.607039213489344 ], [ 56.540874242352999, 24.609375000156376 ], [ 56.541128158738076, 24.609375000156376 ], [ 56.541209220929346, 24.609776258767766 ], [ 56.539741277338663, 24.610329270779516 ], [ 56.540301561268478, 24.611558913813127 ], [ 56.527261614632408, 24.637443304365235 ], [ 56.522472500805719, 24.643751144699564 ], [ 56.521120309854979, 24.648161649340892 ], [ 56.519741058303424, 24.648736953747687 ], [ 56.514395117541, 24.66002023214827 ], [ 56.507123112242454, 24.669346928418065 ], [ 56.506451249425965, 24.673361778123819 ], [ 56.502088546449812, 24.677503347701588 ], [ 56.495664954374689, 24.692397356452886 ], [ 56.493703842358883, 24.69402635063571 ], [ 56.494336009100067, 24.695234179713708 ], [ 56.490530729310223, 24.699108600281903 ], [ 56.482800960096625, 24.713271260560589 ], [ 56.482305765499206, 24.717173337979375 ], [ 56.482153772878661, 24.717543602355676 ], [ 56.479792952682971, 24.719776630687363 ], [ 56.480546951481216, 24.720903754604933 ], [ 56.476256250925559, 24.73170685798533 ], [ 56.475328207231399, 24.731382012070355 ], [ 56.473096013470553, 24.735224843052322 ], [ 56.468781470988603, 24.76052951802302 ], [ 56.46328115440221, 24.773062467359239 ], [ 56.459526300498879, 24.78515624986133 ], [ 56.459277868179441, 24.78515624986133 ], [ 56.456278562605945, 24.796143055058167 ], [ 56.454625368566241, 24.799668669973272 ], [ 56.451741218483022, 24.804641127686324 ], [ 56.448659539506849, 24.807373643079387 ], [ 56.447250247001733, 24.811403513261922 ], [ 56.445199608375646, 24.813419341829388 ], [ 56.441089868503212, 24.824428558131615 ], [ 56.430294155750943, 24.836053729096676 ], [ 56.419402837871104, 24.859554529518277 ], [ 56.415914774148092, 24.869734167997649 ], [ 56.412694335175985, 24.872843980465632 ], [ 56.410448074219545, 24.877091527052528 ], [ 56.410288810580738, 24.882772922132688 ], [ 56.406936049859411, 24.885445833158713 ], [ 56.404609322962216, 24.891095161113128 ], [ 56.403933763932429, 24.89910566809246 ], [ 56.400591611613976, 24.90224552151372 ], [ 56.396043300258526, 24.916235565918896 ], [ 56.392929554156211, 24.920621156641374 ], [ 56.384634256166379, 24.945224523193275 ], [ 56.380606651376439, 24.960937499566228 ], [ 56.380527615357465, 24.960937499566228 ], [ 56.373828649073374, 24.980427026886048 ], [ 56.408481984456472, 24.995377710013656 ], [ 56.438600492019617, 25.001895891882299 ], [ 56.479715716207892, 25.000298153637289 ], [ 56.633266821207457, 25.008887569505902 ], [ 56.683832740189217, 25.01637328789721 ], [ 56.784871589153198, 25.034472549668664 ], [ 56.881442156530824, 25.0516979590939 ], [ 57.10390492667139, 25.110459437653219 ], [ 57.127391972861886, 25.117143843913567 ], [ 57.141016859241091, 25.107275990494827 ], [ 57.161385191474011, 25.090820091374468 ], [ 57.175193427135554, 25.078804863753817 ], [ 57.182748776435375, 25.072265304999917 ], [ 57.214885877981175, 25.042934577468998 ], [ 57.238636439020723, 25.020103890682009 ], [ 57.250265718088798, 25.008635674796807 ], [ 57.254412117026135, 25.004744270532029 ], [ 57.258507631422759, 25.000802904430827 ], [ 57.263927017118789, 24.996362798604252 ] ], [ [ 58.097652554522, 23.861004709899589 ], [ 58.096223831265235, 23.861595153493596 ], [ 58.095691919147129, 23.860631942710285 ], [ 58.095599651403035, 23.859723210158165 ], [ 58.097802758391168, 23.856698036485426 ], [ 58.098206043174599, 23.856625556524278 ], [ 58.108852743659469, 23.85619795317308 ], [ 58.114129305323701, 23.860735416006889 ], [ 58.114135146420352, 23.861246347840904 ], [ 58.112286329151317, 23.861725926610376 ], [ 58.109163641988772, 23.85956871472456 ], [ 58.10803902178364, 23.862137914133598 ], [ 58.105540036943324, 23.862140416946943 ], [ 58.104509949874711, 23.861290335480902 ], [ 58.105971455218906, 23.858268618801901 ], [ 58.102222800342275, 23.85897874867058 ], [ 58.098828435184345, 23.862165213054396 ], [ 58.097652554522, 23.861004709899589 ] ], [ [ 58.090667009375494, 23.857319474314465 ], [ 58.089071631850658, 23.85626554531882 ], [ 58.087766170572905, 23.857093334390072 ], [ 58.086579442287672, 23.856084107995343 ], [ 58.085237026068143, 23.856526136472098 ], [ 58.082907676748135, 23.854501366844772 ], [ 58.089372753650053, 23.854120135236087 ], [ 58.090773701345512, 23.854767560774491 ], [ 58.090667009375494, 23.857319474314465 ] ], [ [ 58.068846344883212, 23.856437921972741 ], [ 58.057237743926891, 23.852347254922137 ], [ 58.064991712997454, 23.853772759505318 ], [ 58.065357208268921, 23.853759765201119 ], [ 58.068356155912198, 23.851889252686817 ], [ 58.069570541047852, 23.851865172439943 ], [ 58.072370767297485, 23.852478146749291 ], [ 58.0726492405702, 23.852830410295098 ], [ 58.072639942479697, 23.853832840513405 ], [ 58.072203516779069, 23.854207277743967 ], [ 58.070083379444753, 23.854208945986215 ], [ 58.070175528478131, 23.855667113946367 ], [ 58.068846344883212, 23.856437921972741 ] ], [ [ 58.583785414965263, 23.840280651730836 ], [ 58.58521378029198, 23.840289950720774 ], [ 58.586478233383986, 23.840670943109615 ], [ 58.586581706680505, 23.844025373872114 ], [ 58.583831906317783, 23.841804504374466 ], [ 58.583672762288558, 23.841464638882172 ], [ 58.583785414965263, 23.840280651730836 ] ], [ [ 58.170791506323354, 23.836891532318532 ], [ 58.1722631452283, 23.837357043892695 ], [ 58.172297477746639, 23.838418841056864 ], [ 58.173502564791903, 23.83684027186132 ], [ 58.173518300229745, 23.838539123581768 ], [ 58.172098160102479, 23.838785528829163 ], [ 58.171676158628003, 23.838970541857265 ], [ 58.170791506323354, 23.836891532318532 ] ], [ [ 57.975296854766299, 23.838695406867828 ], [ 57.969728946933657, 23.838950753174856 ], [ 57.968570351241198, 23.838281154851558 ], [ 57.98105072980789, 23.836590766650858 ], [ 57.975296854766299, 23.838695406867828 ] ], [ [ 57.784227729226728, 23.788341045303127 ], [ 57.784489751201505, 23.78860712052213 ], [ 57.784301399890097, 23.789485215870229 ], [ 57.782940507099084, 23.790736555947376 ], [ 57.782330751463434, 23.790736555947376 ], [ 57.782461404970007, 23.789655446741676 ], [ 57.784227729226728, 23.788341045303127 ] ], [ [ 57.797757625614082, 23.784537911295757 ], [ 57.799530267608162, 23.784267425801147 ], [ 57.801421046344586, 23.785593032792519 ], [ 57.802308321072502, 23.786168455909774 ], [ 57.801273226578559, 23.787434578143404 ], [ 57.797864555904908, 23.788472652091428 ], [ 57.791538953959758, 23.7891739605098 ], [ 57.790543079799448, 23.789186954814284 ], [ 57.797757625614082, 23.784537911295757 ] ], [ [ 57.781759023660271, 23.788551449789679 ], [ 57.781285166377614, 23.787911534489893 ], [ 57.781546711711627, 23.787074446428534 ], [ 57.783092856750301, 23.785642266177717 ], [ 57.783772945665334, 23.785819649357506 ], [ 57.784179925763311, 23.786477803807827 ], [ 57.783375740298453, 23.787762165191737 ], [ 57.782866120575221, 23.788108348421815 ], [ 57.781759023660271, 23.788551449789679 ] ], [ [ 58.500485539576147, 23.67861711958443 ], [ 58.503778815540073, 23.681972741948755 ], [ 58.501714706868626, 23.68139553097916 ], [ 58.50173723668442, 23.681766271996054 ], [ 58.502400517270502, 23.683520078588714 ], [ 58.501559018933818, 23.683845758175323 ], [ 58.500485539576147, 23.67861711958443 ] ], [ [ 58.647744417371115, 23.551265836049652 ], [ 58.650722503441131, 23.552227735621727 ], [ 58.649711250873935, 23.552109837199509 ], [ 58.647744417371115, 23.551265836049652 ] ], [ [ 58.730866313329926, 23.523508548880443 ], [ 58.731611132747872, 23.523747801819866 ], [ 58.733600139934737, 23.524815440080772 ], [ 58.735807657198023, 23.524804711168713 ], [ 58.736141443273169, 23.523748040140163 ], [ 58.736512780540778, 23.523771405425862 ], [ 58.73818302122973, 23.524368643398361 ], [ 58.739019751360701, 23.525541305387037 ], [ 58.739666819868177, 23.528303146772743 ], [ 58.739327073086343, 23.52861011056828 ], [ 58.735469817878055, 23.528366208134031 ], [ 58.730182409490936, 23.530345916331157 ], [ 58.728286504618637, 23.529603004375019 ], [ 58.727965831558009, 23.529770851143951 ], [ 58.727153659214224, 23.531347870807792 ], [ 58.725577354511728, 23.525097012417518 ], [ 58.725651264394656, 23.524755477783344 ], [ 58.726581811801594, 23.523710250627829 ], [ 58.730866313329926, 23.523508548880443 ] ] ], [ [ [ 56.791666666883572, 26.42083333339167 ], [ 56.801388888586729, 26.36666666653349 ], [ 56.797222222528063, 26.274999999750264 ], [ 56.799999999900621, 26.193055555569856 ], [ 56.837499999825496, 26.051388888886038 ], [ 56.830555555495124, 25.968055555119975 ], [ 56.858333333716899, 25.755555555544674 ], [ 56.839166666608918, 25.657222222527821 ], [ 56.838497700482748, 25.649968065191132 ], [ 56.819968615859437, 25.654178127119167 ], [ 56.777885352427546, 25.663033948258345 ], [ 56.737510487919138, 25.670795914100239 ], [ 56.698842334306704, 25.677464980624592 ], [ 56.681006885060327, 25.680156057955884 ], [ 56.680855759816808, 25.680179346064563 ], [ 56.661753431576102, 25.683122978043258 ], [ 56.642658632889976, 25.685613055997948 ], [ 56.54620910256844, 25.691097721682667 ], [ 56.515817177720891, 25.692967994078032 ], [ 56.510260524004565, 25.692813585878554 ], [ 56.482680655088615, 25.691033694449629 ], [ 56.447998353441648, 25.686984853068708 ], [ 56.442394157065536, 25.686063396009274 ], [ 56.420175948162267, 25.681286199998311 ], [ 56.399902944965532, 25.675705088319461 ], [ 56.391854527964398, 25.672901430257042 ], [ 56.381414383767293, 25.669386346402746 ], [ 56.374591085310811, 25.666477099838545 ], [ 56.363131480434134, 25.66298416898465 ], [ 56.346178392019709, 25.656032393380258 ], [ 56.334793728548078, 25.649754984305304 ], [ 56.33029270354595, 25.648639583050823 ], [ 56.319524517243138, 25.644314004987535 ], [ 56.311378842160451, 25.642504273153975 ], [ 56.295124862422853, 25.635267420555209 ], [ 56.287384848132689, 25.628233991006198 ], [ 56.284174351165774, 25.628850710092422 ], [ 56.280457159970382, 25.629706310697713 ], [ 56.269712209451512, 25.62946033442725 ], [ 56.269706393376993, 25.629499026924464 ], [ 56.268021940860223, 25.640704751323426 ], [ 56.268538117540658, 25.646510600883545 ], [ 56.268987655356256, 25.648234605742772 ], [ 56.272042751272494, 25.650557041074904 ], [ 56.271492957934271, 25.652189016510249 ], [ 56.270202756352688, 25.651726603100371 ], [ 56.268128514120207, 25.65312612087385 ], [ 56.269170522601513, 25.664062500184457 ], [ 56.269187330931146, 25.664062500184457 ], [ 56.2692201139171, 25.664468169070858 ], [ 56.273556709575047, 25.675616622009699 ], [ 56.277377724802733, 25.675670623600723 ], [ 56.283937454450466, 25.681755900614405 ], [ 56.280216932166326, 25.688450455724137 ], [ 56.281454205947199, 25.690927028559656 ], [ 56.27839481846658, 25.691256523070081 ], [ 56.278402567025552, 25.69383335142814 ], [ 56.282363057209892, 25.695142865051281 ], [ 56.285234331699684, 25.69875752903701 ], [ 56.273049950595265, 25.700888753213633 ], [ 56.27292036997963, 25.701187730129817 ], [ 56.272888064533021, 25.70525085903995 ], [ 56.27517926730971, 25.707478642525473 ], [ 56.275717973805655, 25.712192654867437 ], [ 56.280784845044678, 25.718194246367744 ], [ 56.281339406588387, 25.720434427007319 ], [ 56.283035755495945, 25.720905303936775 ], [ 56.283332943660781, 25.721197008934894 ], [ 56.286320805361498, 25.725295543255157 ], [ 56.286872506161643, 25.727505565129832 ], [ 56.289911865740606, 25.728700756934643 ], [ 56.292579055279617, 25.733894348045681 ], [ 56.296435713337843, 25.737399578028118 ], [ 56.303384423152607, 25.740322351295532 ], [ 56.303388356787792, 25.742119908107384 ], [ 56.303114175978891, 25.742339968614971 ], [ 56.300688743990662, 25.742039560877004 ], [ 56.300310849766305, 25.742683410711066 ], [ 56.300706148570129, 25.743089557137779 ], [ 56.303018927881652, 25.74486315241262 ], [ 56.306379675481963, 25.744137048785888 ], [ 56.305963754324267, 25.746049523666812 ], [ 56.312389254760802, 25.750908852061968 ], [ 56.313680768452883, 25.754917741061291 ], [ 56.311078667347175, 25.756110668372713 ], [ 56.31142663932863, 25.758627056893289 ], [ 56.318570256512118, 25.765863656782415 ], [ 56.321838259728594, 25.766329049646117 ], [ 56.321249246955546, 25.761604309291613 ], [ 56.315950512506475, 25.753780364871972 ], [ 56.314523458391506, 25.746895670598889 ], [ 56.308227539469812, 25.738700628131426 ], [ 56.30669784572936, 25.734613657294545 ], [ 56.30732715172681, 25.73347044000883 ], [ 56.310758352216482, 25.734686374676642 ], [ 56.32192921626077, 25.745235562571509 ], [ 56.331102470203092, 25.751110028605297 ], [ 56.332893132812188, 25.752256751447931 ], [ 56.334992051542059, 25.757430910907743 ], [ 56.341558337247449, 25.767296076253075 ], [ 56.341545583738622, 25.768048880396293 ], [ 56.341481566621411, 25.771827578380481 ], [ 56.339591264525581, 25.77430856239036 ], [ 56.340332865269858, 25.774803042026804 ], [ 56.341717600887051, 25.773359656223562 ], [ 56.345009803959698, 25.773832440614854 ], [ 56.347614858439471, 25.777702372666369 ], [ 56.348754644811237, 25.779395580241783 ], [ 56.348725752178694, 25.779469306482895 ], [ 56.345255852176166, 25.788323521613393 ], [ 56.344048499738761, 25.788917541811117 ], [ 56.344970703235703, 25.792956828794956 ], [ 56.343198656593046, 25.795355558112789 ], [ 56.345873951721757, 25.797271609597203 ], [ 56.346426367483247, 25.802097440045088 ], [ 56.348651051904909, 25.798851251684027 ], [ 56.349241256279612, 25.793225646046892 ], [ 56.35113883029274, 25.791086434991286 ], [ 56.350469112359889, 25.789960145644443 ], [ 56.352921843268831, 25.787410617106389 ], [ 56.356156450160512, 25.791288212281273 ], [ 56.360470771409297, 25.796460151315216 ], [ 56.36078282871685, 25.798646703188098 ], [ 56.361248016782866, 25.801906227990258 ], [ 56.358675479990126, 25.806270360888874 ], [ 56.358655452987051, 25.809255718876358 ], [ 56.363604369146771, 25.803134508550727 ], [ 56.363672852520409, 25.803049803205937 ], [ 56.370656251884526, 25.80731964128853 ], [ 56.370725631882777, 25.810181617687761 ], [ 56.369271159236661, 25.810562610975808 ], [ 56.369105314359359, 25.811289203833951 ], [ 56.36796355217669, 25.816291451589592 ], [ 56.370643853831353, 25.818132877330726 ], [ 56.370463251977952, 25.824227929075818 ], [ 56.3730516438184, 25.829066157577387 ], [ 56.368095636504705, 25.831885218328267 ], [ 56.36416923961886, 25.831759572246654 ], [ 56.360424637986881, 25.837553858324071 ], [ 56.361410617806172, 25.839843749889411 ], [ 56.3612680437856, 25.839984178127452 ], [ 56.363308548851109, 25.840876340670917 ], [ 56.366899609229876, 25.840368509699061 ], [ 56.368056774101177, 25.841301679529096 ], [ 56.367497444352153, 25.839843749889411 ], [ 56.367599964367315, 25.839843749889411 ], [ 56.367988348284172, 25.838764667755299 ], [ 56.368476748503525, 25.83851265883257 ], [ 56.370518922710431, 25.838437557347561 ], [ 56.37129020647788, 25.836853742406475 ], [ 56.372273921804577, 25.836431145581031 ], [ 56.375520348485651, 25.836297631331064 ], [ 56.377493142694817, 25.837563872275069 ], [ 56.382298946139969, 25.837928772195397 ], [ 56.382608651968241, 25.838074326569284 ], [ 56.384311556933341, 25.839843749889411 ], [ 56.384858608238602, 25.839843749889411 ], [ 56.385897636367275, 25.842139124621042 ], [ 56.385928868922491, 25.843720317139116 ], [ 56.384126305585056, 25.848019957854945 ], [ 56.377564430154308, 25.850974321607765 ], [ 56.373239874621078, 25.851768016480889 ], [ 56.368646144804444, 25.851063132357723 ], [ 56.368839144711075, 25.855135440648127 ], [ 56.367406248599792, 25.856810450442282 ], [ 56.376183509461754, 25.861099243535392 ], [ 56.37848675236242, 25.860536575502522 ], [ 56.378522157771869, 25.858450054826363 ], [ 56.387533545436924, 25.858158826468667 ], [ 56.388869046769202, 25.857202529673231 ], [ 56.394041657596773, 25.859356403275569 ], [ 56.396715521904156, 25.862496614627474 ], [ 56.396162151962102, 25.863944411605331 ], [ 56.398559927998946, 25.867405056798077 ], [ 56.400309920566343, 25.867937445557089 ], [ 56.40351700820375, 25.877636670695892 ], [ 56.405501962146474, 25.880236148479582 ], [ 56.405299067898142, 25.881243944052954 ], [ 56.403681636298558, 25.880620479152014 ], [ 56.400883912862611, 25.882694959704764 ], [ 56.402736067515463, 25.883719325286734 ], [ 56.408997178177657, 25.892989277932941 ], [ 56.409819364472611, 25.894353151077155 ], [ 56.41008794340442, 25.896944761591612 ], [ 56.409887433258774, 25.897763014251893 ], [ 56.409582018995451, 25.898309349696859 ], [ 56.406171322149277, 25.899397969141404 ], [ 56.403921842519509, 25.900874734181798 ], [ 56.403253913337863, 25.902222513957952 ], [ 56.397449612410043, 25.90137350538302 ], [ 56.395824313541681, 25.901428341544772 ], [ 56.39528751360811, 25.902049422342941 ], [ 56.393350005198755, 25.908124327475832 ], [ 56.393589139427689, 25.909606456972654 ], [ 56.395210146731444, 25.914456248057462 ], [ 56.397521614830708, 25.914517044925731 ], [ 56.394243359344074, 25.917148471125074 ], [ 56.396286011091178, 25.91978073099628 ], [ 56.392779469897079, 25.922785401025521 ], [ 56.396261930843792, 25.926404356576114 ], [ 56.395824551862148, 25.929537057689402 ], [ 56.394536137233473, 25.930469632168098 ], [ 56.394620537707993, 25.933577656783456 ], [ 56.396223545080971, 25.935147046598985 ], [ 56.399897933043491, 25.935234069496858 ], [ 56.402170777060206, 25.934730052549924 ], [ 56.402885556423797, 25.934139848175477 ], [ 56.404835343276687, 25.930609225835298 ], [ 56.408878803114902, 25.931684017303667 ], [ 56.410974145241227, 25.929874420368435 ], [ 56.414296746298163, 25.931294440885864 ], [ 56.415034175087413, 25.931064725257045 ], [ 56.417921662555358, 25.929564118289647 ], [ 56.416859149530438, 25.925812006419193 ], [ 56.418292641892236, 25.9243227246142 ], [ 56.417192220645035, 25.92339086509665 ], [ 56.418438911227014, 25.922717571458833 ], [ 56.420323967577389, 25.923073172389223 ], [ 56.424850940718812, 25.928963542034154 ], [ 56.434063553490574, 25.929158449403076 ], [ 56.436252951213334, 25.926142334601252 ], [ 56.4404941800627, 25.924357056233191 ], [ 56.442521810433419, 25.922168254761289 ], [ 56.444278716989658, 25.923679709351234 ], [ 56.441508650404131, 25.93059587450017 ], [ 56.441293716032675, 25.934812545562778 ], [ 56.446625470889131, 25.937810301604401 ], [ 56.451291561057161, 25.938658356897946 ], [ 56.45438921469102, 25.941119074685901 ], [ 56.454301715152297, 25.942571043618898 ], [ 56.454741954877505, 25.942978620866739 ], [ 56.458747744812996, 25.945379257646863 ], [ 56.458829641574908, 25.945736050178738 ], [ 56.458230853171955, 25.946094155721113 ], [ 56.455276251098468, 25.944608449620489 ], [ 56.454518317766457, 25.944168209895281 ], [ 56.453592538565061, 25.942539453133293 ], [ 56.444301366415544, 25.941384553654558 ], [ 56.443357825603556, 25.939342737377444 ], [ 56.440855741699608, 25.939243316426229 ], [ 56.437931537610751, 25.935853957793995 ], [ 56.435931801511828, 25.935618877709345 ], [ 56.431545138797702, 25.936494231024255 ], [ 56.428073167543204, 25.939003467236319 ], [ 56.427752375771917, 25.939358711135839 ], [ 56.425400376126987, 25.944090366377594 ], [ 56.424883842415824, 25.946097135174796 ], [ 56.424945830885832, 25.951102614194326 ], [ 56.427982568940791, 25.953749775831938 ], [ 56.426467537746959, 25.958032726928934 ], [ 56.427744627212888, 25.960298776567527 ], [ 56.426178455171936, 25.963354349124018 ], [ 56.425934910667735, 25.963597178666987 ], [ 56.42483115203666, 25.962388157987306 ], [ 56.41974937903106, 25.961001634518112 ], [ 56.418907165733543, 25.96327304861245 ], [ 56.4185773132929, 25.963419675877446 ], [ 56.41662955261225, 25.963929653530869 ], [ 56.416041612730766, 25.963876843541527 ], [ 56.41248285779804, 25.962837219162481 ], [ 56.411095619367956, 25.963855147397254 ], [ 56.411005974046844, 25.966223239510953 ], [ 56.40738630263607, 25.966029762963359 ], [ 56.401107668684546, 25.969118118506486 ], [ 56.401008367342484, 25.969413042178303 ], [ 56.402221441266903, 25.97070074094654 ], [ 56.404707073873027, 25.971384763496076 ], [ 56.403338551233134, 25.972407459936477 ], [ 56.403971672155222, 25.974879980426778 ], [ 56.4060907365986, 25.975596428032929 ], [ 56.408440709171913, 25.974654317143433 ], [ 56.41163670996653, 25.976425051674966 ], [ 56.411460041747972, 25.978473901549535 ], [ 56.409217953646049, 25.978942036445886 ], [ 56.409346580080893, 25.982482313907838 ], [ 56.411975860498075, 25.983762622047692 ], [ 56.413852333718552, 25.982739805997369 ], [ 56.420114159341466, 25.983139872107643 ], [ 56.419854044828782, 25.991054058098626 ], [ 56.424679756566007, 25.991443872836555 ], [ 56.429120778801206, 25.985759854433752 ], [ 56.431181430478688, 25.985756516150502 ], [ 56.431781649703936, 25.984490513526623 ], [ 56.433738946795103, 25.985391259199588 ], [ 56.431120634510222, 25.99075424661126 ], [ 56.429413556690605, 25.991943716929057 ], [ 56.429360509280656, 25.993782520247379 ], [ 56.426656007769139, 25.994626045655565 ], [ 56.425307273812081, 25.996276140631693 ], [ 56.427497864035701, 25.999215125977457 ], [ 56.427309155693507, 26.000877857327396 ], [ 56.423570632578873, 26.001433372152547 ], [ 56.421584844964883, 26.004284024288324 ], [ 56.421519875242126, 26.004593610506674 ], [ 56.424202442289271, 26.011643647836252 ], [ 56.422060847131007, 26.015624999594309 ], [ 56.422986149691184, 26.015624999594309 ], [ 56.423838973190556, 26.017596245170836 ], [ 56.42657005776212, 26.018858313260608 ], [ 56.427282453023025, 26.025350451662064 ], [ 56.424962520504295, 26.025218725264097 ], [ 56.421045660928968, 26.02184784410295 ], [ 56.416424750901882, 26.020798444992323 ], [ 56.414763331662897, 26.020940304051862 ], [ 56.413029670783004, 26.02341425446437 ], [ 56.412899136886068, 26.020288467339327 ], [ 56.411574005636083, 26.019290447396457 ], [ 56.405682444389669, 26.023870110917244 ], [ 56.40598905115408, 26.027564048342242 ], [ 56.405508041563422, 26.027796626513265 ], [ 56.400809049698324, 26.025981425902216 ], [ 56.398187160809385, 26.027368903552144 ], [ 56.397747636044897, 26.027055501510233 ], [ 56.395966649241785, 26.025251150320514 ], [ 56.395812868769411, 26.02261447927475 ], [ 56.392999410794488, 26.018751501680669 ], [ 56.392651557523919, 26.018531918713308 ], [ 56.389639258545486, 26.018748044686618 ], [ 56.385938763263908, 26.020548343531289 ], [ 56.384754538691396, 26.021654963805815 ], [ 56.38484787932677, 26.022133111753789 ], [ 56.38516211503989, 26.022935032725741 ], [ 56.385486960055488, 26.023133277479047 ], [ 56.389606356848475, 26.023344516536326 ], [ 56.390985846719815, 26.02474653712332 ], [ 56.391232013646828, 26.025240659728922 ], [ 56.391008257825291, 26.026341557616888 ], [ 56.388448119086064, 26.029022217201771 ], [ 56.393839716629628, 26.03262197942118 ], [ 56.392013311365446, 26.033666849545824 ], [ 56.388076424787613, 26.033315658890785 ], [ 56.385313033869949, 26.036169767121152 ], [ 56.385413766032826, 26.037307619950809 ], [ 56.388086080808336, 26.037879228144021 ], [ 56.388494610438016, 26.038227558055695 ], [ 56.390000223931708, 26.041024446920744 ], [ 56.390492200754892, 26.041352510610125 ], [ 56.39462304142026, 26.040496110507206 ], [ 56.397253751759507, 26.044468641714815 ], [ 56.399331211766622, 26.044178247028583 ], [ 56.400568008007355, 26.042494416684178 ], [ 56.401638507911372, 26.045077801099808 ], [ 56.404184222424334, 26.044715165672528 ], [ 56.404558658755519, 26.044832944484995 ], [ 56.407009243882072, 26.04667723186904 ], [ 56.407303452592629, 26.048724174281347 ], [ 56.408125042637067, 26.048781872085812 ], [ 56.41023147070635, 26.04847514661077 ], [ 56.411274552079448, 26.040584802546761 ], [ 56.413424849078041, 26.041238546721644 ], [ 56.418472051244322, 26.039548635161538 ], [ 56.419473409470612, 26.042145371811614 ], [ 56.422593117179218, 26.041620135361001 ], [ 56.424686312623663, 26.04247164764854 ], [ 56.423979401428397, 26.044662833223555 ], [ 56.426385164344282, 26.046124339466957 ], [ 56.430502057424491, 26.042465448621812 ], [ 56.434312343740288, 26.043591856678972 ], [ 56.438017249296962, 26.043312668444997 ], [ 56.438778758333598, 26.044695258279972 ], [ 56.436727046816287, 26.050368309450135 ], [ 56.439244151196959, 26.052494406591507 ], [ 56.439702630072617, 26.054434538323477 ], [ 56.435464977826797, 26.057917832941655 ], [ 56.441554308085216, 26.066349267604807 ], [ 56.440791726157755, 26.071731210027394 ], [ 56.448335766482643, 26.070652126994133 ], [ 56.452946900879084, 26.074006557756803 ], [ 56.454658508583549, 26.071601867732113 ], [ 56.461959242725044, 26.079395651588186 ], [ 56.467727541992446, 26.082248449506608 ], [ 56.46884477156928, 26.082560658148026 ], [ 56.473360776578971, 26.081803679896041 ], [ 56.474698901233438, 26.082116365178251 ], [ 56.476089045373584, 26.083224309254803 ], [ 56.476359605511703, 26.083439945996957 ], [ 56.476199746521303, 26.083853364341337 ], [ 56.476126616350854, 26.08390827065034 ], [ 56.473730802634719, 26.085707068526489 ], [ 56.472604631998507, 26.088390469245184 ], [ 56.46877717942354, 26.088001608687563 ], [ 56.465663909961933, 26.08547294172314 ], [ 56.465960144845127, 26.084668159108446 ], [ 56.459300875535206, 26.084033846584873 ], [ 56.456065654406785, 26.089779258106518 ], [ 56.453402042370868, 26.087646246077469 ], [ 56.452734828150284, 26.090396046440702 ], [ 56.451686858961779, 26.089373231289727 ], [ 56.448298334900613, 26.089091419733592 ], [ 56.446868300432271, 26.094001531945167 ], [ 56.444106221625333, 26.08920824526453 ], [ 56.438132644006572, 26.085565924427954 ], [ 56.436087011906665, 26.09243595615456 ], [ 56.433729052454197, 26.090912341831228 ], [ 56.433911919699625, 26.089402318062895 ], [ 56.431717634161743, 26.088279843640152 ], [ 56.432117700272016, 26.087345242089611 ], [ 56.428990125294348, 26.085212945921 ], [ 56.427368521740078, 26.085218429986725 ], [ 56.42169821260282, 26.081686973974854 ], [ 56.415341138882951, 26.080181240871838 ], [ 56.410434364954341, 26.08431017407537 ], [ 56.410520076640552, 26.086048364840366 ], [ 56.408953905498691, 26.086930155502387 ], [ 56.412622571075104, 26.09061408077531 ], [ 56.410883903669827, 26.093700409246765 ], [ 56.41116881339056, 26.095790505627605 ], [ 56.413035750200123, 26.097073436190186 ], [ 56.411911844956052, 26.098253965448293 ], [ 56.411476254725784, 26.10307884171533 ], [ 56.403440356287916, 26.098280429798194 ], [ 56.40081214876173, 26.094418525994513 ], [ 56.398422240894121, 26.093561768860553 ], [ 56.398511052543341, 26.09722745408385 ], [ 56.397059560250767, 26.098185658341635 ], [ 56.397772431253003, 26.100156068448001 ], [ 56.396949648707533, 26.101277351268834 ], [ 56.398412704483263, 26.106601476277234 ], [ 56.396859645456715, 26.106642961103944 ], [ 56.396083355163256, 26.108676553080869 ], [ 56.390728354629942, 26.103877544013585 ], [ 56.388486743169125, 26.100314140485523 ], [ 56.386030316046714, 26.099732041700776 ], [ 56.385373234487503, 26.093348145700503 ], [ 56.387769341382437, 26.090504050521588 ], [ 56.384427904924252, 26.089581370384309 ], [ 56.383401036529136, 26.087504505728418 ], [ 56.378702401694596, 26.086319326975683 ], [ 56.375687837324023, 26.089439749644839 ], [ 56.37457394603112, 26.094156742339834 ], [ 56.368605971189169, 26.092455506516444 ], [ 56.365898608934316, 26.09507215055973 ], [ 56.369885921398719, 26.100131631170029 ], [ 56.372283339504889, 26.101225853390417 ], [ 56.371856451114837, 26.105094432861932 ], [ 56.369953513544289, 26.10860431233931 ], [ 56.372869133603814, 26.110530257265793 ], [ 56.374191403210858, 26.110091447462366 ], [ 56.374729156425616, 26.114541053727038 ], [ 56.376662850810504, 26.115977048901897 ], [ 56.374737024594396, 26.118537545571343 ], [ 56.375685811151726, 26.120210409582853 ], [ 56.378260254507637, 26.120900631159373 ], [ 56.377783656091168, 26.123450040986683 ], [ 56.379148125486068, 26.127438664662748 ], [ 56.37766122778342, 26.130005955710402 ], [ 56.375523328839137, 26.130063175974925 ], [ 56.374815821393355, 26.131541848477696 ], [ 56.375845551431297, 26.132379055249231 ], [ 56.374112010161724, 26.133996843879316 ], [ 56.369686960785231, 26.130119323348168 ], [ 56.369391441762019, 26.126795530689463 ], [ 56.366436958399589, 26.125868916917085 ], [ 56.365248679683276, 26.126772045793388 ], [ 56.358522415377564, 26.120833754874042 ], [ 56.357399701735261, 26.122903704642255 ], [ 56.355015635862998, 26.12042951590962 ], [ 56.3538829091693, 26.116575121444782 ], [ 56.354438543604289, 26.114537954663007 ], [ 56.351537943121997, 26.110367655343282 ], [ 56.348817348242761, 26.109894871850912 ], [ 56.347588658490309, 26.108384608862735 ], [ 56.347290158214633, 26.106084347215017 ], [ 56.348855972325538, 26.103905915825521 ], [ 56.347049355743167, 26.09952330545633 ], [ 56.343787550655094, 26.100999474246635 ], [ 56.343226075123681, 26.097779869845141 ], [ 56.338406920343829, 26.095935225430679 ], [ 56.332867741353681, 26.096298814138976 ], [ 56.332166552544692, 26.098473310095358 ], [ 56.337261318955058, 26.10538375375728 ], [ 56.334785342370225, 26.105187654786789 ], [ 56.334001422228454, 26.106471657341388 ], [ 56.336259603698096, 26.111160159513929 ], [ 56.336173653691588, 26.116776824091261 ], [ 56.338246703423039, 26.119792819283361 ], [ 56.340480208395121, 26.120108008277896 ], [ 56.341883659803358, 26.122301340534506 ], [ 56.339386820745545, 26.124834179454012 ], [ 56.33614695102122, 26.125546216784699 ], [ 56.335295438734221, 26.128026842864813 ], [ 56.336904168493135, 26.129435062478336 ], [ 56.339211463738053, 26.128644347059236 ], [ 56.34071195109621, 26.130387544349929 ], [ 56.343080162819575, 26.130293607464125 ], [ 56.34147405638285, 26.132578014963627 ], [ 56.343255877757116, 26.134638071290055 ], [ 56.344007134522172, 26.140342235405853 ], [ 56.347400426788823, 26.14477252962871 ], [ 56.348215222455138, 26.148177743308281 ], [ 56.346890926675343, 26.147744655891245 ], [ 56.345206857111094, 26.143508314857257 ], [ 56.338659167586485, 26.138023376677523 ], [ 56.337754368669522, 26.135965347422882 ], [ 56.334598421879861, 26.134401321164404 ], [ 56.333357572394476, 26.135750651371524 ], [ 56.334094643253394, 26.140001177412529 ], [ 56.332921504623783, 26.141322374128492 ], [ 56.332959413746352, 26.143808722594542 ], [ 56.334992170253116, 26.146729111759157 ], [ 56.335034966291147, 26.149288654248323 ], [ 56.331210017428617, 26.152415752585199 ], [ 56.326911568314785, 26.153812647036091 ], [ 56.326770901756134, 26.158197879828435 ], [ 56.327252745917605, 26.159194826879826 ], [ 56.327735423751307, 26.159848451445157 ], [ 56.330716848104572, 26.159484863635782 ], [ 56.332513809565086, 26.164297103528924 ], [ 56.338517665558157, 26.163712858961532 ], [ 56.342863917236542, 26.161954522483512 ], [ 56.345098734319578, 26.163719654238776 ], [ 56.347987771319168, 26.163159846949526 ], [ 56.35003852865546, 26.166671633888825 ], [ 56.353209852952745, 26.165830254263113 ], [ 56.358697176134029, 26.168682813861068 ], [ 56.35896885413004, 26.170246243869457 ], [ 56.356931448128449, 26.171179771629284 ], [ 56.35708594356143, 26.172048449276673 ], [ 56.361696123777648, 26.171499610119355 ], [ 56.363160252443805, 26.174528360395641 ], [ 56.360893607454415, 26.177151560496156 ], [ 56.355887651794006, 26.176971554893555 ], [ 56.354152441382126, 26.178105711509545 ], [ 56.35521316565567, 26.181750416448637 ], [ 56.359703540886272, 26.18872475604266 ], [ 56.365907668704523, 26.189213633802268 ], [ 56.365220547091127, 26.191406250198554 ], [ 56.365322351246192, 26.191406250198554 ], [ 56.364758729931424, 26.193794608534461 ], [ 56.364771842946453, 26.194078445364141 ], [ 56.365506410992481, 26.196141839074699 ], [ 56.367964148427205, 26.196876645441023 ], [ 56.368323325961143, 26.196766853507512 ], [ 56.373024940249167, 26.193228721828319 ], [ 56.374241113237332, 26.197790026588706 ], [ 56.375169515760746, 26.197992920836867 ], [ 56.375851512137984, 26.19653296502446 ], [ 56.377393246001844, 26.196819663497052 ], [ 56.377656102547434, 26.197193145647503 ], [ 56.375452518019614, 26.199098944860623 ], [ 56.375763416348917, 26.19939208068007 ], [ 56.380511521989234, 26.201419949371257 ], [ 56.384883761377097, 26.200846552426583 ], [ 56.386306047286581, 26.200443267642868 ], [ 56.386871933993149, 26.200058102399623 ], [ 56.388775944454807, 26.196599245059247 ], [ 56.389089107276874, 26.196484923240746 ], [ 56.390220761079632, 26.197247028527727 ], [ 56.395185351523168, 26.196854353046064 ], [ 56.39581000802562, 26.196200132230587 ], [ 56.397306442139126, 26.193202257478589 ], [ 56.397209048259498, 26.191406250198554 ], [ 56.396944880502218, 26.190471410327348 ], [ 56.400722503441131, 26.188846468489999 ], [ 56.399656653032054, 26.186384439490382 ], [ 56.400420665781468, 26.184493422433661 ], [ 56.400014042714162, 26.183773756154039 ], [ 56.398516059068953, 26.182866931063984 ], [ 56.393924355425128, 26.18198216004879 ], [ 56.390538215466592, 26.182768344683325 ], [ 56.390441775767869, 26.184669256081406 ], [ 56.390058875017218, 26.18481767209795 ], [ 56.38593256513613, 26.18508815759273 ], [ 56.385538578443089, 26.184962630221321 ], [ 56.383574962714675, 26.181782841505054 ], [ 56.385830402151754, 26.179708600171978 ], [ 56.383468747385251, 26.177912354571617 ], [ 56.380655408121044, 26.177922845163295 ], [ 56.379793405241827, 26.176113248228063 ], [ 56.377481818431335, 26.176610111967022 ], [ 56.379795551024046, 26.174182057556237 ], [ 56.378550052942927, 26.172289729287684 ], [ 56.38307940928766, 26.17233705521096 ], [ 56.382742047507833, 26.170306563197585 ], [ 56.384719133281948, 26.169596552938714 ], [ 56.385347246778366, 26.167221427227162 ], [ 56.382333159048386, 26.16404581046595 ], [ 56.384687900726448, 26.158370971443247 ], [ 56.381494641065416, 26.156438827489978 ], [ 56.382757306305081, 26.155393719944243 ], [ 56.38255846530123, 26.153375864304849 ], [ 56.382066368868124, 26.154410600868829 ], [ 56.381134748570304, 26.152285933648898 ], [ 56.378685712975567, 26.151014923600144 ], [ 56.378435969444723, 26.149936437716519 ], [ 56.378773450834473, 26.149644256077636 ], [ 56.381819725300574, 26.151361822690291 ], [ 56.382851123580878, 26.151419520494699 ], [ 56.384914040651012, 26.150235056702684 ], [ 56.388196945632927, 26.159036517421754 ], [ 56.391371250283356, 26.160130023781704 ], [ 56.392989516453582, 26.159134268332053 ], [ 56.393904328422337, 26.160261750179671 ], [ 56.39402115305424, 26.160523772154477 ], [ 56.393604040294548, 26.163476705985261 ], [ 56.390158414679064, 26.162850260731176 ], [ 56.391186237255596, 26.169836402128396 ], [ 56.389300226724487, 26.172949909910727 ], [ 56.393207549888956, 26.174176811810469 ], [ 56.394646048776536, 26.177641629857675 ], [ 56.398466349043161, 26.178621411549187 ], [ 56.399859428570181, 26.178385853924311 ], [ 56.401131748931419, 26.176123737920477 ], [ 56.404316902104, 26.176073669963927 ], [ 56.404155850612568, 26.180109977493657 ], [ 56.409204840631531, 26.185990452797341 ], [ 56.415791869199921, 26.188505411395965 ], [ 56.419695377440036, 26.183399319822854 ], [ 56.416821956268819, 26.18189704461318 ], [ 56.417922615836545, 26.180100202762503 ], [ 56.416603922833218, 26.176109313694297 ], [ 56.41882061947635, 26.172625064895129 ], [ 56.416297673998855, 26.171174407173538 ], [ 56.413720607320585, 26.172517657064247 ], [ 56.410805940542247, 26.167047619752168 ], [ 56.411753773817935, 26.165018438949829 ], [ 56.410049677251237, 26.162875533479166 ], [ 56.414856076047187, 26.161378264795019 ], [ 56.415517807101395, 26.158454656956877 ], [ 56.411835550970267, 26.155948638518964 ], [ 56.410350680339917, 26.150508522550496 ], [ 56.415970921521335, 26.152047157350779 ], [ 56.41751623108965, 26.148668765950731 ], [ 56.419225335081734, 26.148023366585306 ], [ 56.419964313402687, 26.145636677390769 ], [ 56.419964433012609, 26.144633531312735 ], [ 56.419121027214175, 26.142951965461123 ], [ 56.417128443423309, 26.141493201250256 ], [ 56.417593240935531, 26.140029668834302 ], [ 56.419744968755623, 26.140702009190306 ], [ 56.42145025692426, 26.138383150462175 ], [ 56.423721313088691, 26.138353347828911 ], [ 56.42462444286403, 26.13756835479586 ], [ 56.425099611358547, 26.137047051980005 ], [ 56.425344943714578, 26.132868408750511 ], [ 56.426854848772706, 26.133012771522488 ], [ 56.427511453691324, 26.131323457112245 ], [ 56.429439902329619, 26.132347345154074 ], [ 56.430585027077797, 26.130622744944134 ], [ 56.430977940879558, 26.13070237631365 ], [ 56.435253858379184, 26.134460926430734 ], [ 56.436041355124843, 26.137109279669659 ], [ 56.437837958655251, 26.137760043491511 ], [ 56.439376830876114, 26.137381315595263 ], [ 56.438818812338951, 26.13575434668607 ], [ 56.439885258998089, 26.13455605491805 ], [ 56.444729328596082, 26.13761424989778 ], [ 56.44502377472773, 26.134266615312328 ], [ 56.448649167625518, 26.135147452692706 ], [ 56.449942350459509, 26.136655807319698 ], [ 56.44884991609112, 26.138101100585544 ], [ 56.451506853359007, 26.138643145364938 ], [ 56.452852845283218, 26.137051701474832 ], [ 56.455238938226813, 26.137103915213686 ], [ 56.456686735204954, 26.134969711582954 ], [ 56.458112121078017, 26.136510967906872 ], [ 56.460197329643307, 26.136392832063706 ], [ 56.460622430181189, 26.134071231302556 ], [ 56.461986303325745, 26.135851740565698 ], [ 56.465943336516006, 26.135076403553342 ], [ 56.469952345124995, 26.138347625442606 ], [ 56.474417925147833, 26.135123252836024 ], [ 56.474155903172772, 26.131011605501328 ], [ 56.472877621205754, 26.129064559781739 ], [ 56.47371697465897, 26.128133535734179 ], [ 56.474270939952618, 26.128183007439844 ], [ 56.482156276591382, 26.133975505665205 ], [ 56.482807517053999, 26.132315158418209 ], [ 56.484910368519223, 26.133114338256348 ], [ 56.487848878123401, 26.13081705606254 ], [ 56.488050579870702, 26.135955810112648 ], [ 56.486014128050016, 26.137396454782589 ], [ 56.484965562611166, 26.136446118693584 ], [ 56.485454202049965, 26.137715816631669 ], [ 56.483892441183826, 26.139876246292062 ], [ 56.485265016167972, 26.140781163919911 ], [ 56.485098719830461, 26.146639943079066 ], [ 56.484611034572168, 26.147055149275786 ], [ 56.483655572347089, 26.144994854628891 ], [ 56.480220079393604, 26.143432259191513 ], [ 56.478121280273484, 26.140618443286854 ], [ 56.476617455531624, 26.141709446833659 ], [ 56.473256230391172, 26.141181707569984 ], [ 56.473017335382252, 26.141492128359147 ], [ 56.472494244714227, 26.143764853665317 ], [ 56.474141359336869, 26.151722550655478 ], [ 56.471775531715679, 26.153330564553954 ], [ 56.470828056370038, 26.152837156909357 ], [ 56.471637844611365, 26.156144618779251 ], [ 56.469380259391727, 26.156895756833762 ], [ 56.469662546689534, 26.158995151305362 ], [ 56.4686708453834, 26.159504413997468 ], [ 56.469519853958133, 26.162883758678703 ], [ 56.469310760683612, 26.163187503800287 ], [ 56.467306971340264, 26.163409352159988 ], [ 56.465139151051545, 26.161198019972574 ], [ 56.462809920441913, 26.162594079853079 ], [ 56.459358811660337, 26.16161632523341 ], [ 56.45973765826696, 26.166263341679894 ], [ 56.459441900024075, 26.166754007291757 ], [ 56.458671807858224, 26.166555642928699 ], [ 56.453996539209385, 26.164453744744662 ], [ 56.452378153429237, 26.160022258920151 ], [ 56.450953960057547, 26.159075618145323 ], [ 56.450794339387727, 26.156355142875725 ], [ 56.448037027886897, 26.155220150789347 ], [ 56.446980238148086, 26.154992103402861 ], [ 56.445286750883525, 26.155339240813504 ], [ 56.44483923923994, 26.155835628811417 ], [ 56.443362950839997, 26.160330653537017 ], [ 56.438215375339638, 26.161151647330769 ], [ 56.437958716921486, 26.161439776624604 ], [ 56.440750003010777, 26.166644334968112 ], [ 56.439828515373989, 26.168939113449653 ], [ 56.441467761828136, 26.174262523496992 ], [ 56.440632939159428, 26.174888014570598 ], [ 56.437504649220188, 26.173288464191444 ], [ 56.436360359043789, 26.174098968292867 ], [ 56.436296343501596, 26.175668477718148 ], [ 56.437837362404736, 26.176838517283983 ], [ 56.43546700489847, 26.179277420216863 ], [ 56.439662218137215, 26.17937517202671 ], [ 56.44033277064122, 26.181597948086875 ], [ 56.437883615437073, 26.184937953723932 ], [ 56.439633250074877, 26.187858342888461 ], [ 56.438732504401884, 26.189751744047896 ], [ 56.435377478288245, 26.190930843383995 ], [ 56.435408830453554, 26.191406250198554 ], [ 56.435261845258339, 26.191406250198554 ], [ 56.434376120961502, 26.192574024371822 ], [ 56.43448960820902, 26.193024158438362 ], [ 56.436352372164635, 26.194201946562657 ], [ 56.43921494481404, 26.1937382219418 ], [ 56.440081954219266, 26.193420767554414 ], [ 56.44116795034077, 26.191406250198554 ], [ 56.441930651878607, 26.191406250198554 ], [ 56.444226622860725, 26.189695000424138 ], [ 56.444375276298302, 26.188330412319118 ], [ 56.444983840331957, 26.188574552174117 ], [ 56.445968151009623, 26.191406250198554 ], [ 56.445830464804345, 26.191406250198554 ], [ 56.447005629606707, 26.194564938121687 ], [ 56.445325613286428, 26.199215054531379 ], [ 56.44217264685048, 26.201352953476203 ], [ 56.44205284096634, 26.203304171150734 ], [ 56.447535514652856, 26.204555511228079 ], [ 56.450301766313913, 26.202947259008937 ], [ 56.45119965034408, 26.206907034232387 ], [ 56.450049162039278, 26.208817720361537 ], [ 56.453797459884896, 26.210704445853651 ], [ 56.453779577765971, 26.214247941989186 ], [ 56.458721757103859, 26.217280865120131 ], [ 56.460557222138306, 26.217678427517455 ], [ 56.462936044063355, 26.216263771455999 ], [ 56.466557979967348, 26.216433048146712 ], [ 56.46760332583321, 26.215914845294066 ], [ 56.471525430254786, 26.212975025377148 ], [ 56.470423340764995, 26.211524367655556 ], [ 56.472894907074732, 26.210402846514455 ], [ 56.472972870202085, 26.210049152146865 ], [ 56.473117113364566, 26.205157041664194 ], [ 56.473039150237213, 26.204384565395401 ], [ 56.472438454371655, 26.203547239014171 ], [ 56.472103953335278, 26.203433633056108 ], [ 56.469716667890481, 26.203627824564848 ], [ 56.470281839635533, 26.20135653007992 ], [ 56.466814041235267, 26.198443651153667 ], [ 56.466495513957199, 26.197954654683883 ], [ 56.465315341729621, 26.194504737503934 ], [ 56.465557932952635, 26.193867802557122 ], [ 56.466205358491067, 26.19385242504967 ], [ 56.468862533179873, 26.196924924645657 ], [ 56.472344279165526, 26.195853829390956 ], [ 56.47381532182024, 26.194619059322434 ], [ 56.473416447311621, 26.19347405418435 ], [ 56.470898509259342, 26.192744851493956 ], [ 56.472484469083582, 26.191654562908042 ], [ 56.472055673231267, 26.191406250198554 ], [ 56.471781254101899, 26.187141418641914 ], [ 56.471982240888195, 26.186764359887491 ], [ 56.47433745830736, 26.185302734033968 ], [ 56.475702523952663, 26.185191512178619 ], [ 56.476596474348156, 26.185634255616435 ], [ 56.477144956475144, 26.188234329650896 ], [ 56.477511525536755, 26.188499212368811 ], [ 56.481251120643293, 26.189828634284453 ], [ 56.481612324349641, 26.189940214069964 ], [ 56.486181020638043, 26.18870127204633 ], [ 56.485099554401387, 26.191406250198554 ], [ 56.484375000306528, 26.191406250198554 ], [ 56.487055658991864, 26.193700909969095 ], [ 56.485993146866832, 26.19842064379776 ], [ 56.484327912703208, 26.201922774716337 ], [ 56.480057478370469, 26.204033851381212 ], [ 56.480774879257439, 26.206606506884953 ], [ 56.47707796058009, 26.210186124290374 ], [ 56.476560950228048, 26.212069273178741 ], [ 56.478440045871963, 26.213253140719814 ], [ 56.478366971458769, 26.219273448011251 ], [ 56.4754731653546, 26.221361756539864 ], [ 56.474887251645754, 26.223091364175275 ], [ 56.478523254744715, 26.227201223657801 ], [ 56.483341574954039, 26.228364944586559 ], [ 56.486105322902318, 26.230568766535498 ], [ 56.488677859695855, 26.230691433163457 ], [ 56.493286132449299, 26.233843803348975 ], [ 56.489875316892807, 26.234061121823572 ], [ 56.488574027569854, 26.23127174409575 ], [ 56.48164594190726, 26.229660153593557 ], [ 56.480738043926209, 26.231356621211319 ], [ 56.481377244264905, 26.238574147379325 ], [ 56.475533842613089, 26.235287427472855 ], [ 56.47313761700795, 26.236780047561467 ], [ 56.469980716936931, 26.236681222860312 ], [ 56.469160556814273, 26.237850546565653 ], [ 56.465773105644899, 26.237198949072365 ], [ 56.465484857640519, 26.237324714763901 ], [ 56.465075850470527, 26.23949754247775 ], [ 56.46285474265224, 26.240672111928518 ], [ 56.462629080267817, 26.246739506823104 ], [ 56.462225675874635, 26.247004151220722 ], [ 56.46055066608082, 26.246534228472001 ], [ 56.459585547835246, 26.245264052993775 ], [ 56.457681417763666, 26.246752500227956 ], [ 56.458177446931728, 26.243714451860512 ], [ 56.456214904994312, 26.242831230377163 ], [ 56.456271052367384, 26.242062569032385 ], [ 56.457212328686666, 26.241087078905736 ], [ 56.458837151813469, 26.242098569793228 ], [ 56.459776520669863, 26.240068077779853 ], [ 56.4585789438635, 26.237339258600258 ], [ 56.462273359728187, 26.233185052648224 ], [ 56.458739042073574, 26.233230948649464 ], [ 56.457463503038213, 26.231969356300908 ], [ 56.4550863502553, 26.233051658007923 ], [ 56.454552054034451, 26.232607841678544 ], [ 56.455660223840681, 26.229958772579522 ], [ 56.45751714669936, 26.22946345837218 ], [ 56.456708550059858, 26.227121114747717 ], [ 56.45632374274706, 26.226863742268193 ], [ 56.445674776869708, 26.222687721461455 ], [ 56.440653204482288, 26.226165652522894 ], [ 56.43606472041111, 26.22514700932723 ], [ 56.435369014768327, 26.231228828447996 ], [ 56.433122038851678, 26.233504652817771 ], [ 56.424921035677727, 26.230088711125489 ], [ 56.423542857017793, 26.232162952458339 ], [ 56.425241828348277, 26.23446214211441 ], [ 56.424448132575804, 26.238709807411766 ], [ 56.425305842990753, 26.244009852173065 ], [ 56.423527121579951, 26.247168302675107 ], [ 56.424341440604991, 26.248711944001315 ], [ 56.419040322053576, 26.244723915676332 ], [ 56.415429234671393, 26.243334769783957 ], [ 56.41396510600535, 26.244663476738026 ], [ 56.411834955619128, 26.243054628268567 ], [ 56.41108322131393, 26.243154049220209 ], [ 56.403423547958965, 26.248933076500577 ], [ 56.403268337564015, 26.249664545482574 ], [ 56.403508425074079, 26.24995875329401 ], [ 56.410800457375359, 26.252265811118349 ], [ 56.412181853809926, 26.255412459817308 ], [ 56.407520651457304, 26.253257513323859 ], [ 56.402996421247991, 26.253660201857144 ], [ 56.39501404776027, 26.259286522455085 ], [ 56.394960879840966, 26.26063311062984 ], [ 56.395604849284865, 26.261610150288249 ], [ 56.395996332265469, 26.261730551523812 ], [ 56.400720238948367, 26.261329650842811 ], [ 56.401649951784322, 26.263613223771529 ], [ 56.410817980665882, 26.264051079394022 ], [ 56.41157925138171, 26.265291810169231 ], [ 56.410321116027404, 26.267223239161154 ], [ 56.412203549954341, 26.269105673088376 ], [ 56.4121878145165, 26.269397854727259 ], [ 56.408222079486023, 26.271397709536757 ], [ 56.408468008092569, 26.272882581066312 ], [ 56.405203342260762, 26.273312806840778 ], [ 56.403357863275204, 26.279333472062092 ], [ 56.398327112406633, 26.277781367216392 ], [ 56.396150350158933, 26.281129121412107 ], [ 56.395996928515984, 26.281616449639642 ], [ 56.3959993126185, 26.284006119187154 ], [ 56.396442532697193, 26.285570979117495 ], [ 56.397544860507281, 26.287356853736156 ], [ 56.399672508079817, 26.289346456273989 ], [ 56.400163173692107, 26.289609312819607 ], [ 56.402378320803535, 26.290093064443766 ], [ 56.404693245897107, 26.289875864679544 ], [ 56.407801150902657, 26.28886127472822 ], [ 56.407269835035351, 26.288371443687254 ], [ 56.409639835510603, 26.287068009481175 ], [ 56.409275770161088, 26.291736245431395 ], [ 56.414845943386155, 26.291770220019714 ], [ 56.416123032851971, 26.292963147331562 ], [ 56.419625162871654, 26.292941569897778 ], [ 56.423748969939567, 26.287415146891533 ], [ 56.433294653825925, 26.286451578177832 ], [ 56.431708216461431, 26.290238142176634 ], [ 56.432286858252183, 26.291998624437298 ], [ 56.429393053047562, 26.294987201997856 ], [ 56.429432750021789, 26.299850464027998 ], [ 56.427260756878951, 26.299840211756532 ], [ 56.423576951215836, 26.301955819205915 ], [ 56.424395322586435, 26.307584166875984 ], [ 56.424668550113864, 26.307709336316833 ], [ 56.42744433908527, 26.307880520469837 ], [ 56.429317116991712, 26.305346250729002 ], [ 56.433049440180099, 26.304154157988393 ], [ 56.43412911856413, 26.306539535970842 ], [ 56.436259746490833, 26.307333827094538 ], [ 56.437020659276328, 26.309836149319096 ], [ 56.441411256524503, 26.309381007827312 ], [ 56.44222891293461, 26.307645320775009 ], [ 56.449719429208727, 26.311030507452273 ], [ 56.450722455677266, 26.301748275462671 ], [ 56.452286839866389, 26.302871227425385 ], [ 56.452383875815627, 26.305695652632409 ], [ 56.456177950052876, 26.311483025621271 ], [ 56.466924548129924, 26.317603707145452 ], [ 56.47273051730005, 26.316725373477254 ], [ 56.473380923191684, 26.317552566297991 ], [ 56.480706930081197, 26.315911531092581 ], [ 56.492364764422888, 26.319147228861596 ], [ 56.498942017360292, 26.318600058845874 ], [ 56.500148773547181, 26.315963268190387 ], [ 56.497590780590173, 26.310155749488274 ], [ 56.498215913733731, 26.308876752560508 ], [ 56.504290103905618, 26.312438369135521 ], [ 56.510323524211657, 26.309360027543391 ], [ 56.514326453403697, 26.309526801420844 ], [ 56.519768357224422, 26.314260124904877 ], [ 56.521602272727165, 26.318275212930928 ], [ 56.519264101957361, 26.322789549698257 ], [ 56.512516378928211, 26.31986928014328 ], [ 56.511330604824167, 26.321731209527741 ], [ 56.506914019866571, 26.320949673489082 ], [ 56.505095123941516, 26.321801662416846 ], [ 56.504901647393496, 26.32218921176306 ], [ 56.504948258355768, 26.32459974288426 ], [ 56.508756041858334, 26.332381129585485 ], [ 56.503704666837308, 26.340777039229181 ], [ 56.50345730740932, 26.34133100542175 ], [ 56.502802609952738, 26.345618724724631 ], [ 56.502796768856143, 26.345996618049639 ], [ 56.503430128098358, 26.350894570528169 ], [ 56.504922747287566, 26.353805065351537 ], [ 56.506761073964782, 26.354774355552337 ], [ 56.506928920733714, 26.356658578231105 ], [ 56.506538867674948, 26.357199430509638 ], [ 56.504108309551469, 26.356585741239115 ], [ 56.502147435856074, 26.355330347917374 ], [ 56.497624277638835, 26.360532402548529 ], [ 56.499500274218718, 26.357054949027116 ], [ 56.498693824260869, 26.355459213572232 ], [ 56.50111103015044, 26.353562832059339 ], [ 56.500167251018439, 26.351728677336752 ], [ 56.495566249283485, 26.350180268704861 ], [ 56.496473074373426, 26.34768641000025 ], [ 56.49569785607153, 26.346123934172596 ], [ 56.486607551997423, 26.348699927060039 ], [ 56.482981443239538, 26.348503351448784 ], [ 56.480965733382192, 26.350809812123231 ], [ 56.477388739299471, 26.352022647727182 ], [ 56.476134658088, 26.351817250665704 ], [ 56.4756902455089, 26.350832939089088 ], [ 56.47557246669632, 26.350074410405853 ], [ 56.475948572169415, 26.348525642944196 ], [ 56.480405449452547, 26.347790360836655 ], [ 56.480242252178613, 26.345448375142553 ], [ 56.482556938952172, 26.342953563156584 ], [ 56.487311721159671, 26.343504071455783 ], [ 56.48802447345102, 26.341310024238538 ], [ 56.490151524773552, 26.342587113704383 ], [ 56.491654753264839, 26.341951012429689 ], [ 56.490366459145179, 26.338323831679645 ], [ 56.490505218241736, 26.337586164570183 ], [ 56.491996407508765, 26.334575057193234 ], [ 56.495271444322412, 26.333244800707121 ], [ 56.498788118177544, 26.328618764544274 ], [ 56.498935341693056, 26.327616810967271 ], [ 56.498321772032483, 26.324528217103591 ], [ 56.494075417946789, 26.322634815944184 ], [ 56.491762757345811, 26.319905757544745 ], [ 56.490010618995399, 26.319535374458127 ], [ 56.489579558650092, 26.319510221319717 ], [ 56.487832903466227, 26.322227954556581 ], [ 56.481418251551446, 26.323968052783499 ], [ 56.479265928380272, 26.32287490345422 ], [ 56.472905278056515, 26.326424479905938 ], [ 56.470929861424196, 26.325220942392804 ], [ 56.46873044975078, 26.320738673650965 ], [ 56.464515924470476, 26.323584437072043 ], [ 56.460985660959949, 26.323300957273489 ], [ 56.46000134938302, 26.321388006651489 ], [ 56.45900893221679, 26.321267842836846 ], [ 56.458664775159633, 26.321351408740554 ], [ 56.458017349621201, 26.324300646357699 ], [ 56.459738850767991, 26.325810551415941 ], [ 56.460409045341436, 26.328574180654016 ], [ 56.460507870042562, 26.336666106855375 ], [ 56.456118345685496, 26.33513665233491 ], [ 56.453281521525383, 26.33272337918072 ], [ 56.452188133875808, 26.327586412083349 ], [ 56.450433016071287, 26.32696163687018 ], [ 56.449578643040553, 26.328510046401618 ], [ 56.446045041246208, 26.329192042778857 ], [ 56.444713830579161, 26.326867818694978 ], [ 56.440913558214532, 26.32700634037036 ], [ 56.439901113146306, 26.330774665218712 ], [ 56.437511324888106, 26.333053469941945 ], [ 56.438921332353658, 26.337906241380125 ], [ 56.436740041119975, 26.340164304139392 ], [ 56.436555624343015, 26.344652056946813 ], [ 56.438075542452935, 26.347472428909725 ], [ 56.440340519200248, 26.348578334222736 ], [ 56.440651536239926, 26.351194858655958 ], [ 56.436713218840367, 26.34818482417046 ], [ 56.435346722373907, 26.345263242504814 ], [ 56.432425736958663, 26.347778201103154 ], [ 56.429944277206943, 26.352241158702725 ], [ 56.428889632351144, 26.352120518247403 ], [ 56.428763150799142, 26.349466442622372 ], [ 56.424493551036875, 26.347328543677719 ], [ 56.416420221016466, 26.340689539690629 ], [ 56.411581515874474, 26.337853551000705 ], [ 56.409673452168505, 26.339626074284041 ], [ 56.409223437712029, 26.340786456929493 ], [ 56.409218430286643, 26.341114520618845 ], [ 56.41078853596278, 26.342772841693375 ], [ 56.411554932814255, 26.346629857681904 ], [ 56.410438656519233, 26.350096941121194 ], [ 56.410543441926876, 26.350574970358622 ], [ 56.414051532652337, 26.352239131630711 ], [ 56.411130070596784, 26.355090975368398 ], [ 56.4101258516271, 26.358350753384627 ], [ 56.411789417548135, 26.359889149864614 ], [ 56.417825460277328, 26.359325647260846 ], [ 56.418437003765263, 26.364278674221509 ], [ 56.416133642154392, 26.366049647073766 ], [ 56.41598975692213, 26.367187499903423 ], [ 56.415972352342493, 26.367187499903423 ], [ 56.415806174715698, 26.36861050167343 ], [ 56.415390968519006, 26.369168520211133 ], [ 56.412140965233931, 26.372027874187467 ], [ 56.411584854158235, 26.371841430338037 ], [ 56.409121751367735, 26.367187499903423 ], [ 56.408840179031614, 26.367187499903423 ], [ 56.408812403469852, 26.366432666534621 ], [ 56.407317518888846, 26.365610956880261 ], [ 56.402474880111669, 26.357171773658507 ], [ 56.397983312380489, 26.356061816000278 ], [ 56.397095680621561, 26.357279658129926 ], [ 56.397498845795695, 26.363119840208583 ], [ 56.39948964083456, 26.364655852585599 ], [ 56.399787306538911, 26.365376830076713 ], [ 56.399825930622484, 26.367187499903423 ], [ 56.399779915910784, 26.367187499903423 ], [ 56.39988291256671, 26.369819522353112 ], [ 56.397289752520379, 26.370450734913533 ], [ 56.396556258265178, 26.370353817674697 ], [ 56.395004272129739, 26.369673013798661 ], [ 56.394708752207436, 26.369076847818349 ], [ 56.394174933526614, 26.367187499903423 ], [ 56.39423072297015, 26.367187499903423 ], [ 56.39337205927356, 26.363134980295257 ], [ 56.391532659704836, 26.360215425701369 ], [ 56.391018152166481, 26.359864950007648 ], [ 56.384431600238514, 26.35859227171602 ], [ 56.385292053585744, 26.361220240921455 ], [ 56.387942075966322, 26.363139152250312 ], [ 56.387058973193376, 26.363718628612133 ], [ 56.387081265588478, 26.366210937784615 ], [ 56.387635469201967, 26.367187499903423 ], [ 56.389246344743043, 26.367880940153441 ], [ 56.389036058967491, 26.376600861140929 ], [ 56.388224601584426, 26.376662135549168 ], [ 56.380975723251453, 26.374126910728421 ], [ 56.38103675844016, 26.369631052331385 ], [ 56.379539251435716, 26.367187499903423 ], [ 56.37931024986861, 26.367187499903423 ], [ 56.379412651173283, 26.366160869828434 ], [ 56.376637816382612, 26.366562366759865 ], [ 56.374580263768308, 26.365621805402071 ], [ 56.372782706956713, 26.367187499903423 ], [ 56.372377276390722, 26.367187499903423 ], [ 56.376679420819329, 26.374610900672621 ], [ 56.377811312942271, 26.3810029031618 ], [ 56.379800915480388, 26.384660243575524 ], [ 56.37981605556709, 26.387206554339002 ], [ 56.37861824043992, 26.388367176204554 ], [ 56.377076506576117, 26.386681079568291 ], [ 56.376734614011724, 26.383226871722854 ], [ 56.372213124936053, 26.377562045751944 ], [ 56.370383858928307, 26.370035052076133 ], [ 56.367853641532548, 26.366689205342709 ], [ 56.367587208383412, 26.366051554535687 ], [ 56.367496371460362, 26.363121271029911 ], [ 56.369308472108713, 26.361196756025663 ], [ 56.369295359093968, 26.353359341560491 ], [ 56.36783254163916, 26.35221075981886 ], [ 56.368601202983342, 26.349646925765114 ], [ 56.365533470693805, 26.34385645371259 ], [ 56.363837242295261, 26.343321442530822 ], [ 56.36208474601429, 26.340238928983382 ], [ 56.362408161108107, 26.336842179722964 ], [ 56.360400557739837, 26.33381855468275 ], [ 56.362709045486582, 26.332795977852498 ], [ 56.36600482426357, 26.333411216654355 ], [ 56.366495966516055, 26.332597136848477 ], [ 56.364826917428644, 26.328738808749421 ], [ 56.365296006505588, 26.327185154371477 ], [ 56.363576650242607, 26.32573163500706 ], [ 56.363901138227362, 26.316407680770084 ], [ 56.358419537431956, 26.313408017266539 ], [ 56.356575012627246, 26.314828872354724 ], [ 56.357090235126662, 26.317441463152988 ], [ 56.35492634757324, 26.318145155674586 ], [ 56.354609609046207, 26.32015132912062 ], [ 56.351800680057778, 26.320033430698373 ], [ 56.346953868426709, 26.313802242279706 ], [ 56.341457843405038, 26.309767603891885 ], [ 56.338006019662117, 26.315149068774588 ], [ 56.33809042013732, 26.316687107324157 ], [ 56.336599945831409, 26.317081332337864 ], [ 56.329712629134548, 26.313475846833057 ], [ 56.327538251889081, 26.310993432900943 ], [ 56.325454831176245, 26.30796003312895 ], [ 56.323706746069803, 26.301511764556437 ], [ 56.336321115527682, 26.295912623269004 ], [ 56.339176058328604, 26.29290389999511 ], [ 56.340491652268526, 26.287190914429345 ], [ 56.349099874759787, 26.286917567292136 ], [ 56.348945617646478, 26.282489776781915 ], [ 56.350969910633495, 26.281261324450924 ], [ 56.349203944306993, 26.275269865611818 ], [ 56.352712749993799, 26.277869224685134 ], [ 56.356855750392725, 26.277905821696692 ], [ 56.356384277212584, 26.279384612909837 ], [ 56.358502865015879, 26.280070900851513 ], [ 56.360164045934567, 26.279147744073185 ], [ 56.360193610247194, 26.276227712838875 ], [ 56.36541116199615, 26.275729656598457 ], [ 56.367692232111409, 26.276698946799172 ], [ 56.368742465792508, 26.273272156584824 ], [ 56.361905455372749, 26.26924586300629 ], [ 56.369518756985627, 26.262834668085901 ], [ 56.37475776655802, 26.262001156628287 ], [ 56.375824570248284, 26.259274601941456 ], [ 56.37533664666924, 26.255994558602282 ], [ 56.368726968675247, 26.248105525749622 ], [ 56.365231752643268, 26.250003218473921 ], [ 56.365221738692611, 26.252046943112248 ], [ 56.360751032534694, 26.253234744288221 ], [ 56.358020544213133, 26.250115514119756 ], [ 56.355437516828175, 26.251611113662278 ], [ 56.352408647840917, 26.250346780179939 ], [ 56.346801042134558, 26.252532124657932 ], [ 56.346145272686471, 26.25467824970147 ], [ 56.34749007210965, 26.257177710283173 ], [ 56.34642505627167, 26.259291648590875 ], [ 56.347742557673229, 26.26029706006139 ], [ 56.348751544848284, 26.266414642521738 ], [ 56.341618061225205, 26.268118024127631 ], [ 56.338564157810055, 26.272675156933076 ], [ 56.336580633789566, 26.273787022053654 ], [ 56.337563276224643, 26.275329351268681 ], [ 56.336285948438075, 26.277870059256145 ], [ 56.329725742149577, 26.277079463446597 ], [ 56.324860572657855, 26.285017252144598 ], [ 56.322940349218044, 26.285269141457832 ], [ 56.321073055377866, 26.287331104347061 ], [ 56.31921017181233, 26.285458803081383 ], [ 56.315620541355514, 26.274409056133209 ], [ 56.314302206282406, 26.265370130327312 ], [ 56.316080451052329, 26.263147830907798 ], [ 56.318809747772008, 26.262118220479522 ], [ 56.318938851747163, 26.259889602423272 ], [ 56.314990043755898, 26.259665369960999 ], [ 56.314022541407354, 26.258482456600206 ], [ 56.314044832903193, 26.257137179637226 ], [ 56.318153142853561, 26.252415418736746 ], [ 56.317937970161807, 26.249511957510975 ], [ 56.319974779912542, 26.248253465125401 ], [ 56.319530368232023, 26.24539995224626 ], [ 56.318426728311209, 26.242385506585862 ], [ 56.315132260745287, 26.240852952102188 ], [ 56.314009308783085, 26.241207957681183 ], [ 56.314087033590141, 26.244607567685165 ], [ 56.31125104400067, 26.243666649296472 ], [ 56.308711648124159, 26.240886450049913 ], [ 56.308928251638036, 26.236435652183729 ], [ 56.30367517486971, 26.230126977278246 ], [ 56.302221655505633, 26.217636823980371 ], [ 56.306027651155631, 26.212119459845297 ], [ 56.303992867577136, 26.205220103025482 ], [ 56.308721304145109, 26.201089620289821 ], [ 56.30970001204642, 26.198651551927696 ], [ 56.316422820257316, 26.199449300944593 ], [ 56.318746805121265, 26.197841644076959 ], [ 56.320675135049868, 26.201023101934908 ], [ 56.324102758935766, 26.201201319685509 ], [ 56.333994269020565, 26.204641342524184 ], [ 56.336117744638813, 26.20909535906361 ], [ 56.338804602351132, 26.208874702306019 ], [ 56.339476347355998, 26.209746956556899 ], [ 56.338985443424093, 26.213614225716299 ], [ 56.340138315830728, 26.218615173951378 ], [ 56.342111706290808, 26.218929767594858 ], [ 56.346511960458798, 26.213716268191291 ], [ 56.347486018864998, 26.213910818529797 ], [ 56.349791407547883, 26.218292116788035 ], [ 56.352482557724187, 26.218056678772825 ], [ 56.35337114366402, 26.220984816496241 ], [ 56.35674202482474, 26.220220804646544 ], [ 56.356275677780815, 26.225311756132953 ], [ 56.358379960067367, 26.226129532152555 ], [ 56.360135435802277, 26.224319457677183 ], [ 56.363377928848791, 26.233414649566612 ], [ 56.366970420049398, 26.235048055823256 ], [ 56.368589162860104, 26.235257149098203 ], [ 56.371183037867269, 26.231943249881226 ], [ 56.370549559914679, 26.228324651361902 ], [ 56.372957825643567, 26.228395700501352 ], [ 56.373817921060237, 26.227094173757195 ], [ 56.372666835606339, 26.219427705124474 ], [ 56.373603701649841, 26.218291759756937 ], [ 56.376039743839584, 26.223633051024706 ], [ 56.377070545869543, 26.229934454011925 ], [ 56.375615358262593, 26.231532811890077 ], [ 56.377403378663558, 26.234807729992724 ], [ 56.376864671268066, 26.236170768566296 ], [ 56.379166602956644, 26.23758471056621 ], [ 56.379892349552534, 26.241331577590501 ], [ 56.382170438415329, 26.240615963655813 ], [ 56.380607962587675, 26.236962676486598 ], [ 56.382356047694003, 26.233332634093955 ], [ 56.382561326044794, 26.228594661114869 ], [ 56.384234547986495, 26.231527805363953 ], [ 56.384920001357358, 26.237023234135279 ], [ 56.389422058781207, 26.241542815748488 ], [ 56.391087770484859, 26.241181373721531 ], [ 56.39350903051789, 26.238493561828648 ], [ 56.394147157965477, 26.235607505182344 ], [ 56.391092658300096, 26.227227211366767 ], [ 56.393285274695842, 26.227306842736709 ], [ 56.395307540611071, 26.230231761786683 ], [ 56.397424459271548, 26.229489446081146 ], [ 56.40246522409123, 26.232020140117527 ], [ 56.404041647504556, 26.228736162244417 ], [ 56.406286239318575, 26.231910348184016 ], [ 56.408926725288353, 26.229355215970742 ], [ 56.410317778643076, 26.229593515628522 ], [ 56.411976933389298, 26.226976513655444 ], [ 56.409150719430528, 26.225130200098931 ], [ 56.412506818435446, 26.222231626688483 ], [ 56.412602305752074, 26.22052395351804 ], [ 56.407040715657018, 26.21823251242057 ], [ 56.405269741905471, 26.21918106065749 ], [ 56.401334166538646, 26.217966913842218 ], [ 56.40819764130859, 26.214617968044934 ], [ 56.41273295835984, 26.210842013348554 ], [ 56.415660619442548, 26.210175156158641 ], [ 56.417436838040004, 26.207189201920443 ], [ 56.415529847225145, 26.203634619841921 ], [ 56.413844943089913, 26.203813075912819 ], [ 56.411180376873432, 26.206181168925866 ], [ 56.40773177180418, 26.205761432843985 ], [ 56.406793356228633, 26.207730651348413 ], [ 56.402107239058324, 26.207356929978374 ], [ 56.403336405450915, 26.204350471197358 ], [ 56.407536268184941, 26.200709224151694 ], [ 56.408397078562672, 26.197359323274185 ], [ 56.4071588515001, 26.196185350073932 ], [ 56.400963067591846, 26.195428728853074 ], [ 56.398213743869491, 26.199035644279746 ], [ 56.392789721268997, 26.200740575417456 ], [ 56.39151883082971, 26.20409953606503 ], [ 56.392053961621315, 26.207281827594443 ], [ 56.388144731894187, 26.207341551571574 ], [ 56.387393951770065, 26.20841944210386 ], [ 56.384497999883507, 26.206010341803989 ], [ 56.380207300227227, 26.208885550827574 ], [ 56.378403544388306, 26.206860541980575 ], [ 56.375065326604073, 26.207967042645009 ], [ 56.374702453755759, 26.205983042883361 ], [ 56.371712564983028, 26.20728206591474 ], [ 56.370933174726844, 26.205658078257841 ], [ 56.368930220853684, 26.206241846184298 ], [ 56.368276238357822, 26.204654216319369 ], [ 56.364866018152753, 26.204292416362193 ], [ 56.36044180424588, 26.209124445836608 ], [ 56.35844111486611, 26.20950627369578 ], [ 56.359348654916772, 26.207313776010068 ], [ 56.357988953727528, 26.20525825046829 ], [ 56.358377218034633, 26.203001618530095 ], [ 56.351416945636089, 26.200855613096394 ], [ 56.352327108110188, 26.197155714064877 ], [ 56.354536772054729, 26.195997357592091 ], [ 56.351751566282047, 26.194394946469714 ], [ 56.347410559450196, 26.194603443494515 ], [ 56.349469542885487, 26.191406250198554 ], [ 56.349692225816085, 26.191406250198554 ], [ 56.349456668191038, 26.188788771584683 ], [ 56.350613236811824, 26.188243866061754 ], [ 56.347855448670401, 26.186807751276717 ], [ 56.348502635888536, 26.185458540679349 ], [ 56.34833431247867, 26.184894799755256 ], [ 56.346695304345161, 26.182062268059326 ], [ 56.344265341572765, 26.180123567148939 ], [ 56.343601346025679, 26.180081605681636 ], [ 56.337471127191151, 26.181924104314078 ], [ 56.337193251068328, 26.182300925647326 ], [ 56.335471749022275, 26.185097455683291 ], [ 56.336287259649936, 26.18902385256888 ], [ 56.335792422083188, 26.191406250198554 ], [ 56.335417509111295, 26.191921949338564 ], [ 56.332719206626479, 26.19115245342303 ], [ 56.33103442210151, 26.190353036163884 ], [ 56.32866775990945, 26.190722823000158 ], [ 56.328003644752954, 26.189308166938787 ], [ 56.329359531018014, 26.187815546850118 ], [ 56.326792359580196, 26.185864567496139 ], [ 56.323482275287205, 26.186898827419071 ], [ 56.32096040270099, 26.190764069506372 ], [ 56.319609761281669, 26.188644648032124 ], [ 56.309370755856008, 26.191406250198554 ], [ 56.306379675481963, 26.192607641029895 ], [ 56.303794741534631, 26.191027641013108 ], [ 56.303764462260602, 26.18845653504107 ], [ 56.304065227928533, 26.187994957101751 ], [ 56.305448651434773, 26.186569332908817 ], [ 56.306250452796263, 26.18621754690227 ], [ 56.310904144910666, 26.18741834148355 ], [ 56.312760949058969, 26.186936259001357 ], [ 56.313163638491716, 26.183640956864764 ], [ 56.308047652577699, 26.182272314615631 ], [ 56.305350065054114, 26.18354296673462 ], [ 56.299455046813279, 26.183112859670985 ], [ 56.293820023475547, 26.188513756204969 ], [ 56.293168902622853, 26.191406250198554 ], [ 56.292896151736528, 26.191406250198554 ], [ 56.292318821157011, 26.19261205220451 ], [ 56.295373439532938, 26.197960734100747 ], [ 56.294857025431753, 26.20106864000573 ], [ 56.293003678277529, 26.202675461403544 ], [ 56.294048905432675, 26.207791566927483 ], [ 56.292621255067189, 26.211161255587513 ], [ 56.289549350822341, 26.204256653921618 ], [ 56.286691546378137, 26.202087401912138 ], [ 56.287898421275571, 26.200505852363221 ], [ 56.286278247643594, 26.197671174884874 ], [ 56.283885240711783, 26.198466778119524 ], [ 56.284753323007891, 26.202583074949246 ], [ 56.283094167362407, 26.204856157285917 ], [ 56.285788536212209, 26.209161520388022 ], [ 56.285148501302871, 26.21250164473534 ], [ 56.287754058503452, 26.217691778852583 ], [ 56.287318468273071, 26.219893336308587 ], [ 56.285583972822423, 26.22065544159571 ], [ 56.281894445672407, 26.216135025411234 ], [ 56.277783751619523, 26.215184211781974 ], [ 56.275845765669857, 26.209735154753901 ], [ 56.273996949300255, 26.210122227459152 ], [ 56.272539854231383, 26.215705275378156 ], [ 56.269074439933974, 26.215726256561709 ], [ 56.268225431359241, 26.21383500118452 ], [ 56.267017721890653, 26.213506936595877 ], [ 56.266633152898095, 26.213621139704003 ], [ 56.26593065287787, 26.214411855123274 ], [ 56.2665773634549, 26.217256665262994 ], [ 56.266266346415392, 26.217527150757604 ], [ 56.264731049898359, 26.218110561653305 ], [ 56.262122511445199, 26.217064141996758 ], [ 56.261832237268237, 26.216868400956059 ], [ 56.257444500763455, 26.212792634772484 ], [ 56.25756502160894, 26.210208654106339 ], [ 56.255494713910508, 26.209259032978281 ], [ 56.255606055375523, 26.208349466754441 ], [ 56.251190066668556, 26.208186149870869 ], [ 56.253641248045625, 26.207703351528579 ], [ 56.253820657397711, 26.205021143311285 ], [ 56.252385854723713, 26.204806447259756 ], [ 56.250000000100414, 26.205289244703124 ], [ 56.245032072272721, 26.20539665253358 ], [ 56.244972348295761, 26.208239674821556 ], [ 56.243366718499686, 26.210138917077472 ], [ 56.242222070392899, 26.210975647208613 ], [ 56.236114143953188, 26.212242722723687 ], [ 56.234689116909607, 26.21446251843085 ], [ 56.232255220502424, 26.213595748245353 ], [ 56.229423642087767, 26.21142077474903 ], [ 56.227675438271461, 26.199097752359592 ], [ 56.223881840674977, 26.195953250342228 ], [ 56.222875833852953, 26.195690274186887 ], [ 56.221831202948152, 26.196558356483337 ], [ 56.221521854150552, 26.198710560943852 ], [ 56.221757054744586, 26.199592471215595 ], [ 56.223631500893276, 26.201840043383442 ], [ 56.22411131888262, 26.204881072104115 ], [ 56.221131324451306, 26.209837556058659 ], [ 56.221182703619348, 26.210682749709548 ], [ 56.224567413655592, 26.216952800531487 ], [ 56.223858952928623, 26.219850778590768 ], [ 56.222065448461905, 26.221673846470992 ], [ 56.221174359709579, 26.226810455638258 ], [ 56.218670844983848, 26.23154807068687 ], [ 56.214424967538577, 26.229804754685802 ], [ 56.213348627437796, 26.230394840349788 ], [ 56.214335322217636, 26.232969641635748 ], [ 56.216447353063558, 26.233746051539129 ], [ 56.218732714743368, 26.237064361930919 ], [ 56.21774888070675, 26.243719577996359 ], [ 56.219226241098539, 26.253354072632675 ], [ 56.215317964652883, 26.256425380626922 ], [ 56.212285757382091, 26.256456136541544 ], [ 56.209832548933178, 26.25439286244071 ], [ 56.208219408898827, 26.254451870557602 ], [ 56.204861640752284, 26.250906109929304 ], [ 56.204074501937072, 26.247361779222757 ], [ 56.204906940503434, 26.244866847627037 ], [ 56.201605915980196, 26.244238853740285 ], [ 56.196973205049659, 26.240678906306727 ], [ 56.196091055558355, 26.237109660782522 ], [ 56.195811033652859, 26.236785530727815 ], [ 56.187249780053577, 26.230307340811237 ], [ 56.18642556668695, 26.229212641949886 ], [ 56.184280872464825, 26.22510814692356 ], [ 56.184188843040744, 26.224764943147761 ], [ 56.184625744482702, 26.219432473330386 ], [ 56.183094620820526, 26.211707353611644 ], [ 56.180339216781732, 26.204963207186495 ], [ 56.178424954048779, 26.203903317484276 ], [ 56.178098439891556, 26.197098135870391 ], [ 56.176019549063454, 26.191406250198554 ], [ 56.175774335417969, 26.191406250198554 ], [ 56.175693273226699, 26.191140055369431 ], [ 56.176830411094926, 26.185754775562799 ], [ 56.175387025291599, 26.176558732799435 ], [ 56.173054576008468, 26.173357605869143 ], [ 56.168238758612375, 26.160461664074717 ], [ 56.163143277241062, 26.15752434697103 ], [ 56.159231900831998, 26.150259018239154 ], [ 56.154925942378469, 26.145841955741702 ], [ 56.148293257028541, 26.14476335024878 ], [ 56.147326350031307, 26.146010160440767 ], [ 56.147760748660204, 26.149925112553916 ], [ 56.14404714126303, 26.149230122772195 ], [ 56.135623455158935, 26.136976361669952 ], [ 56.123597860153694, 26.11250674768857 ], [ 56.121147275027425, 26.110909700122733 ], [ 56.11914622771647, 26.107338548035898 ], [ 56.116199970452527, 26.106970429441901 ], [ 56.114630818058373, 26.103927611970022 ], [ 56.111551046544292, 26.102200746367686 ], [ 56.112366318851201, 26.099887967056077 ], [ 56.111518979418094, 26.097179055269294 ], [ 56.110345244537967, 26.096844315912591 ], [ 56.108206033482105, 26.092394471328049 ], [ 56.105047345558972, 26.090850830002012 ], [ 56.102683544110704, 26.088026165575371 ], [ 56.098719000681939, 26.075075149298897 ], [ 56.096236943780269, 26.074187517540139 ], [ 56.090770841002012, 26.069118857549569 ], [ 56.087808967010716, 26.05759620659984 ], [ 56.087140321968633, 26.0565017460587 ], [ 56.086471557316969, 26.056008339313564 ], [ 56.085402153687056, 26.055870981360897 ], [ 56.085134148522485, 26.055836558010867 ], [ 56.084704041458764, 26.055986761879836 ], [ 56.084226370151185, 26.057016849847827 ], [ 56.084489226696604, 26.055557727707111 ], [ 56.085227291306666, 26.055355913544844 ], [ 56.086137175890514, 26.055107117000233 ], [ 56.086706042050736, 26.051349639774514 ], [ 56.085296075953778, 26.050423359650807 ], [ 56.084570335653012, 26.049815853219428 ], [ 56.065290524838503, 26.053312800445781 ], [ 56.057008014308991, 26.055605586928863 ], [ 55.890173617818704, 26.083175349263456 ], [ 55.704314502313167, 26.154606326620979 ], [ 55.712893928512273, 26.182616888059187 ], [ 55.721100517375504, 26.206982989173753 ], [ 55.72318931063856, 26.213567630941583 ], [ 55.728069597734162, 26.22887894041088 ], [ 55.743611111164142, 26.258888889011246 ], [ 55.795833333142326, 26.276388889335919 ], [ 55.870833332992532, 26.313888889261136 ], [ 56.112500000375093, 26.477777777622407 ], [ 56.14305555596971, 26.518055555819387 ], [ 56.173611110664837, 26.547222221828349 ], [ 56.241666667083535, 26.590277777397887 ], [ 56.275000000050369, 26.593055555669821 ], [ 56.327777778222611, 26.616666666933185 ], [ 56.550000000400331, 26.704166666758567 ], [ 56.683333333167212, 26.737499999725543 ], [ 56.733333333067407, 26.693055555469925 ], [ 56.754166666958696, 26.66111111118903 ], [ 56.795833332942465, 26.587500000025301 ], [ 56.791666666883572, 26.42083333339167 ] ], [ [ 56.511123537721318, 26.501168251014008 ], [ 56.5138484241659, 26.501409053485105 ], [ 56.514289856392139, 26.501717329391511 ], [ 56.51279473349021, 26.506649851809414 ], [ 56.510143875639557, 26.504025459207867 ], [ 56.509933352442459, 26.50354635707879 ], [ 56.509489417403046, 26.501168727654601 ], [ 56.511123537721318, 26.501168251014008 ] ], [ [ 56.5306916235198, 26.496208906315985 ], [ 56.528841852969123, 26.498689651106446 ], [ 56.528538107847709, 26.498854279201623 ], [ 56.528073668265193, 26.49790740010647 ], [ 56.5306916235198, 26.496208906315985 ] ], [ [ 56.538196325700284, 26.47589564316948 ], [ 56.538631557999935, 26.475968956802063 ], [ 56.539756774455583, 26.477455258253769 ], [ 56.539760827700349, 26.477909445564649 ], [ 56.538772940419022, 26.478970051126936 ], [ 56.538250446001513, 26.47914302313194 ], [ 56.537067413030655, 26.478022456171544 ], [ 56.538196325700284, 26.47589564316948 ] ], [ [ 56.494341253945862, 26.400011539600825 ], [ 56.498100042383413, 26.400932430987069 ], [ 56.498601436906853, 26.401922821980918 ], [ 56.498475431995899, 26.403795957817408 ], [ 56.496467351986695, 26.405691861789961 ], [ 56.496155858306594, 26.405691861789961 ], [ 56.493115544547067, 26.402474761101445 ], [ 56.492802262114907, 26.401810645944636 ], [ 56.492998004054726, 26.400176406016527 ], [ 56.494341253945862, 26.400011539600825 ] ], [ [ 56.352268457023996, 26.369415402099037 ], [ 56.355484843650999, 26.369640350421776 ], [ 56.356753349087938, 26.368711948797397 ], [ 56.354627847297735, 26.367187499903423 ], [ 56.353199601580656, 26.367187499903423 ], [ 56.350440740548123, 26.365336656461636 ], [ 56.343424319876732, 26.353104353183255 ], [ 56.342950940134045, 26.351289153471896 ], [ 56.343482852252038, 26.347235441362528 ], [ 56.342090011045485, 26.336607813699914 ], [ 56.342872977006806, 26.332445740478477 ], [ 56.344963431317439, 26.330531835675998 ], [ 56.345369816064277, 26.330438255820866 ], [ 56.349335432384663, 26.331102728908064 ], [ 56.35206103289093, 26.334640502657038 ], [ 56.355718850844681, 26.335800171240976 ], [ 56.35596394577945, 26.341644644884667 ], [ 56.357488035844455, 26.343950152277671 ], [ 56.359025478143764, 26.351934075297265 ], [ 56.358789563487875, 26.354926705203297 ], [ 56.356634855314582, 26.356219172177163 ], [ 56.357744574652685, 26.357051014492924 ], [ 56.357896328053386, 26.3631186486069 ], [ 56.358531951788365, 26.364503026293875 ], [ 56.360660552642599, 26.367187499903423 ], [ 56.360544442971928, 26.367187499903423 ], [ 56.360980272421699, 26.367661833826844 ], [ 56.361870527502987, 26.368050456063827 ], [ 56.363969803264041, 26.367187499903423 ], [ 56.364355563858538, 26.367199421316343 ], [ 56.364458680124272, 26.369822144776265 ], [ 56.364148021014643, 26.368722676810165 ], [ 56.362070560108492, 26.36947023826113 ], [ 56.361828923066724, 26.369834661540438 ], [ 56.361347556444883, 26.371487140619053 ], [ 56.357944130617426, 26.37306094160914 ], [ 56.356104254408166, 26.375543355541396 ], [ 56.355126619398249, 26.375760435695696 ], [ 56.351855159188318, 26.374637007991765 ], [ 56.352268457023996, 26.369415402099037 ] ], [ [ 56.343230366688289, 26.194584846413761 ], [ 56.343716144484773, 26.194821357319825 ], [ 56.344463705935567, 26.196954131028406 ], [ 56.342346072313688, 26.19544446429046 ], [ 56.342238545772858, 26.194821476929576 ], [ 56.343230366688289, 26.194584846413761 ] ], [ [ 56.344720840095107, 26.204723239286267 ], [ 56.345507621879648, 26.19961094868637 ], [ 56.347349167230703, 26.199274658898418 ], [ 56.349944353449331, 26.201095819316549 ], [ 56.350924730492267, 26.201889753409404 ], [ 56.351186275826109, 26.202435613112982 ], [ 56.350657820702082, 26.204645156548679 ], [ 56.344720840095107, 26.204723239286267 ] ], [ [ 56.393301248454151, 26.220746874768395 ], [ 56.392122030407648, 26.222248554627356 ], [ 56.393407940424339, 26.224490046478422 ], [ 56.392525315191534, 26.225157976559444 ], [ 56.388986825582009, 26.219829678696783 ], [ 56.392460942618726, 26.218945741352996 ], [ 56.393301248454151, 26.220746874768395 ] ], [ [ 56.522981762598562, 26.384462237142571 ], [ 56.521522164716458, 26.382100344055772 ], [ 56.521652579003472, 26.379107356219549 ], [ 56.521949648457991, 26.377563476573471 ], [ 56.523669243041439, 26.376276135735253 ], [ 56.524875879618406, 26.371691346078819 ], [ 56.522817373723143, 26.369653225116309 ], [ 56.523402929501941, 26.367187499903423 ], [ 56.523851871067137, 26.367187499903423 ], [ 56.522775054325479, 26.365613340982975 ], [ 56.518765569075896, 26.364599465992768 ], [ 56.517367124193612, 26.362445473679628 ], [ 56.514003753270941, 26.361857175868096 ], [ 56.5141694542572, 26.362822055793401 ], [ 56.513023257517801, 26.362558126356504 ], [ 56.512317657534055, 26.358631968690503 ], [ 56.516562938728981, 26.35985302949365 ], [ 56.516901374299465, 26.359767437417304 ], [ 56.517130851607845, 26.359231352444965 ], [ 56.515703677882954, 26.358005643046113 ], [ 56.516004323940848, 26.357529639981038 ], [ 56.516919255519639, 26.357696413858434 ], [ 56.521165609605333, 26.361594438932173 ], [ 56.525419950570182, 26.363642215915519 ], [ 56.535596251665908, 26.363188743565729 ], [ 56.536066651055393, 26.363319755002635 ], [ 56.540948152235813, 26.367187499903423 ], [ 56.539317845942293, 26.369938850697537 ], [ 56.536440849066111, 26.367656827300721 ], [ 56.534697651775417, 26.367276906903726 ], [ 56.534686446222764, 26.367187499903423 ], [ 56.535663842912214, 26.367187499903423 ], [ 56.535281658022512, 26.366508245559174 ], [ 56.534959315819975, 26.366369128532483 ], [ 56.533815503183206, 26.367030858687258 ], [ 56.533990144330147, 26.367187499903423 ], [ 56.53363454339987, 26.369578242342016 ], [ 56.536575913747953, 26.37445676316932 ], [ 56.534827947352056, 26.377883553383242 ], [ 56.531965136382183, 26.377871036619069 ], [ 56.532143115812488, 26.381278156861441 ], [ 56.52934670448704, 26.383342623463307 ], [ 56.527874827261968, 26.387154340600262 ], [ 56.52741611006573, 26.38723504576086 ], [ 56.522981762598562, 26.384462237142571 ] ], [ [ 56.462763905729986, 26.36584103133859 ], [ 56.463859439161951, 26.367187499903423 ], [ 56.463926911697769, 26.367187499903423 ], [ 56.466279626303759, 26.369234561925452 ], [ 56.467144370316845, 26.370969176086902 ], [ 56.46713721710924, 26.372100829889405 ], [ 56.466399431288977, 26.372856855759494 ], [ 56.465979576496437, 26.372972249569983 ], [ 56.46215975287069, 26.370885849402413 ], [ 56.456938266587969, 26.371791958631945 ], [ 56.456074237536455, 26.372014045312 ], [ 56.455300927596085, 26.372747778787044 ], [ 56.454911827818904, 26.375473856833025 ], [ 56.453311443768285, 26.376059770542042 ], [ 56.451672076805124, 26.376562118347181 ], [ 56.449634910023377, 26.375883460253533 ], [ 56.448306203069052, 26.374632835137447 ], [ 56.44809293783922, 26.374423741862387 ], [ 56.44924426071421, 26.374172568409335 ], [ 56.448981165848494, 26.373238206078355 ], [ 56.446893215250014, 26.372680425861233 ], [ 56.44539022417942, 26.370636224582142 ], [ 56.445564269975677, 26.369306444736878 ], [ 56.447734355656081, 26.367187499903423 ], [ 56.448006510292402, 26.367187499903423 ], [ 56.449834942628883, 26.364970803259922 ], [ 56.453207969572333, 26.365459203479588 ], [ 56.454230666012648, 26.364138841334636 ], [ 56.454877376590019, 26.364156365524025 ], [ 56.458907603803397, 26.365477800560086 ], [ 56.461236476482355, 26.362062215898476 ], [ 56.46165955084777, 26.362145423872164 ], [ 56.462763905729986, 26.36584103133859 ] ], [ [ 56.418280840088784, 26.382159471782217 ], [ 56.421743512353515, 26.383470058296666 ], [ 56.42219364641997, 26.38408195971482 ], [ 56.421789527065386, 26.384660243575354 ], [ 56.420402050314721, 26.384985446521171 ], [ 56.416316271079353, 26.384338140592661 ], [ 56.413231134209894, 26.378795742929185 ], [ 56.415549516297375, 26.377028942032041 ], [ 56.417161106800023, 26.3757040500019 ], [ 56.417521476834992, 26.370630503095384 ], [ 56.417943954050514, 26.370568633335779 ], [ 56.418245911319929, 26.370936036069168 ], [ 56.418280840088784, 26.382159471782217 ] ], [ [ 56.452063441075182, 26.29219245891494 ], [ 56.452451944601961, 26.292281747204839 ], [ 56.454372644682195, 26.293977379352611 ], [ 56.453168630528211, 26.297856807345681 ], [ 56.452887416121513, 26.298308015202878 ], [ 56.452341676027771, 26.297541976281337 ], [ 56.451513052385991, 26.293185948972621 ], [ 56.452063441075182, 26.29219245891494 ] ], [ [ 56.448443532243488, 26.279074550050439 ], [ 56.449906945049889, 26.278959155340829 ], [ 56.451478719867197, 26.28020381885139 ], [ 56.452072978385246, 26.281109571050052 ], [ 56.452582120568678, 26.284199714445379 ], [ 56.452231645773992, 26.284402251662584 ], [ 56.451081514500657, 26.2816984651121 ], [ 56.448384523227588, 26.279422044492009 ], [ 56.448443532243488, 26.279074550050439 ] ], [ [ 56.548560023027022, 26.176089763332186 ], [ 56.548890352108259, 26.176464915523354 ], [ 56.548741340740577, 26.178348660662266 ], [ 56.548515319526558, 26.178818345090662 ], [ 56.54654014121482, 26.181198954867881 ], [ 56.546085238043503, 26.181473135676782 ], [ 56.545986652562391, 26.177902460230541 ], [ 56.548560023027022, 26.176089763332186 ] ], [ [ 56.43454527894184, 25.984119772509786 ], [ 56.434606552450674, 25.983686446772026 ], [ 56.434866547353437, 25.983358264372526 ], [ 56.435355425112704, 25.983479738499113 ], [ 56.435502648628386, 25.983845233770666 ], [ 56.435665965511959, 25.984211564512066 ], [ 56.435791849914068, 25.984536409527664 ], [ 56.435807228321238, 25.984838247187582 ], [ 56.435600042508014, 25.985100030841892 ], [ 56.435282946051274, 25.985274433668394 ], [ 56.434781551527777, 25.984823942571069 ], [ 56.434653640053654, 25.984499812516361 ], [ 56.43454527894184, 25.984119772509786 ] ], [ [ 56.467188239245985, 25.94095134752672 ], [ 56.469888448293801, 25.942695141067929 ], [ 56.465159654694702, 25.942899703558766 ], [ 56.464129924656646, 25.942672133712165 ], [ 56.466737150999137, 25.941010236932868 ], [ 56.467188239245985, 25.94095134752672 ] ] ] ] } },
{ "type": "Feature", "properties": { "MRGID": 8360, "GEONAME": "Emirati Exclusive Economic Zone", "MRGID_TER1": 2206.0, "POL_TYPE": "200NM", "MRGID_SOV1": 2206, "TERRITORY1": "United Arab Emirates", "ISO_TER1": "ARE", "SOVEREIGN1": "United Arab Emirates", "MRGID_TER2": null, "MRGID_SOV2": null, "TERRITORY2": null, "ISO_TER2": null, "SOVEREIGN2": null, "MRGID_TER3": null, "MRGID_SOV3": null, "TERRITORY3": null, "ISO_TER3": null, "SOVEREIGN3": null, "X_1": 53.89303, "Y_1": 24.94396, "MRGID_EEZ": 8360, "AREA_KM2": 51674, "ISO_SOV1": "ARE", "ISO_SOV2": null, "ISO_SOV3": null, "UN_SOV1": 784, "UN_SOV2": null, "UN_SOV3": null, "UN_TER1": 784.0, "UN_TER2": null, "UN_TER3": null }, "geometry": { "type": "MultiPolygon", "coordinates": [ [ [ [ 56.88184541793234, 25.525122197531715 ], [ 56.882992147969929, 25.521771309199039 ], [ 56.899128898380667, 25.475963019677977 ], [ 56.91330628595685, 25.445782868984736 ], [ 56.918054482428744, 25.437504472853391 ], [ 56.949981363849446, 25.381787713832239 ], [ 56.971887111401571, 25.345053605339956 ], [ 56.980808652297839, 25.330487439044504 ], [ 57.042012780366093, 25.230058766599029 ], [ 57.060165737959181, 25.199630861675161 ], [ 57.087948600048634, 25.157741416533554 ], [ 57.127391972861886, 25.117143843913567 ], [ 57.10390492667139, 25.110459437653219 ], [ 56.881442156530824, 25.0516979590939 ], [ 56.784871589153198, 25.034472549668664 ], [ 56.683832740189217, 25.01637328789721 ], [ 56.633266821207457, 25.008887569505902 ], [ 56.479715716207892, 25.000298153637289 ], [ 56.438600492019617, 25.001895891882299 ], [ 56.408481984456472, 24.995377710013656 ], [ 56.373828649073374, 24.980427026886048 ], [ 56.370661020090523, 24.989648819037996 ], [ 56.37015342743959, 24.99453246600109 ], [ 56.366587519299259, 25.001046419257165 ], [ 56.365945458216885, 25.009108543724665 ], [ 56.365840315778513, 25.009364843313506 ], [ 56.359930873311924, 25.011750817546528 ], [ 56.359962344187608, 25.013085245987696 ], [ 56.362035632239241, 25.014199376500358 ], [ 56.366867065463254, 25.028893351747399 ], [ 56.375316023416616, 25.029966950714822 ], [ 56.36794543263639, 25.030652522796061 ], [ 56.365152478304793, 25.034736872109306 ], [ 56.362396955555795, 25.04398930056621 ], [ 56.362344026855936, 25.051850676567767 ], [ 56.360866308534213, 25.05419445011438 ], [ 56.361664771612453, 25.059510707853121 ], [ 56.360876441195643, 25.078079819528455 ], [ 56.358298063305455, 25.107075452470582 ], [ 56.358594179478615, 25.109717607581644 ], [ 56.360442519207567, 25.110840678255073 ], [ 56.358307719326689, 25.11331641651978 ], [ 56.356287002943503, 25.122269749350011 ], [ 56.356515407361002, 25.136718750170473 ], [ 56.355716943383044, 25.155213713642553 ], [ 56.358320832341377, 25.168619751800463 ], [ 56.360626816374946, 25.170868158539122 ], [ 56.359734058480484, 25.17170405409945 ], [ 56.359930753702002, 25.178400158740686 ], [ 56.358149408968615, 25.187918543706161 ], [ 56.360467314415729, 25.207089900778755 ], [ 56.359110951509678, 25.209347247677954 ], [ 56.36033880669109, 25.221304058935317 ], [ 56.364960551288988, 25.250111341465555 ], [ 56.368990421471409, 25.263847947025454 ], [ 56.372112155352255, 25.26686334596701 ], [ 56.372143626227938, 25.267231464560751 ], [ 56.369924545482121, 25.268394232208436 ], [ 56.371726750889394, 25.271111011264736 ], [ 56.373171925444552, 25.286086320527772 ], [ 56.372605562097903, 25.293952942274842 ], [ 56.371524452891862, 25.295027256203326 ], [ 56.372689724251956, 25.296800374837744 ], [ 56.372671365491925, 25.304555535509962 ], [ 56.375386237984998, 25.309923052807164 ], [ 56.37139844887983, 25.312499999875342 ], [ 56.370994329525303, 25.312499999875342 ], [ 56.370731711300351, 25.315545320160879 ], [ 56.374045729227845, 25.317336917165505 ], [ 56.377581954344322, 25.321956753401651 ], [ 56.381553053831027, 25.323178530065292 ], [ 56.38175225276504, 25.323771954012898 ], [ 56.380517244375795, 25.32703554605402 ], [ 56.376464724767715, 25.331047653726529 ], [ 56.377504706177859, 25.33545696766538 ], [ 56.380853652874322, 25.334949850755322 ], [ 56.38137245197791, 25.335968017310392 ], [ 56.378017544574647, 25.340272426232048 ], [ 56.374236941282362, 25.342223643906323 ], [ 56.376471042505358, 25.344318031851969 ], [ 56.376070976394971, 25.348470449052286 ], [ 56.370877146963181, 25.350769043357047 ], [ 56.36576497597369, 25.359056233958341 ], [ 56.365381121941795, 25.359180450118288 ], [ 56.362941146117549, 25.35697174035414 ], [ 56.365917444335395, 25.350753903270345 ], [ 56.363012075647504, 25.349990368061242 ], [ 56.36085450673076, 25.347972750742429 ], [ 56.360476017155264, 25.347968578787288 ], [ 56.358162879913692, 25.349268078459602 ], [ 56.351674318115982, 25.354455948084052 ], [ 56.35146546406051, 25.354771375398997 ], [ 56.348853111582486, 25.360798001326998 ], [ 56.348558068300946, 25.364579558799846 ], [ 56.348536848797124, 25.365319967043263 ], [ 56.348642825806536, 25.369043946321455 ], [ 56.350312471144235, 25.371747255331798 ], [ 56.353030443600773, 25.372666000935567 ], [ 56.353893041831128, 25.374690055602088 ], [ 56.35656690613834, 25.373099207962355 ], [ 56.358263254146522, 25.374620556893717 ], [ 56.359607458218505, 25.382664918851248 ], [ 56.365096569252074, 25.393576741274046 ], [ 56.366782664988563, 25.40599882578573 ], [ 56.366890549460066, 25.406970620597889 ], [ 56.36458814113027, 25.422287344885291 ], [ 56.365432262789426, 25.427918911229284 ], [ 56.361538052639702, 25.429331421508266 ], [ 56.359573840660829, 25.432617068523342 ], [ 56.359337926005054, 25.448530555041657 ], [ 56.36042845291135, 25.449454307170924 ], [ 56.363225460487257, 25.463290214971977 ], [ 56.362079620778474, 25.469340563216633 ], [ 56.363810658336064, 25.472586512358191 ], [ 56.361995578233831, 25.476890921279221 ], [ 56.362885952025948, 25.480001211287174 ], [ 56.36228895147454, 25.483587741781264 ], [ 56.362111926224969, 25.484218835631339 ], [ 56.35930192434509, 25.487667321989676 ], [ 56.359573840660829, 25.488281249580467 ], [ 56.359457373959486, 25.488281249580467 ], [ 56.36007237444116, 25.490993141720224 ], [ 56.362302064489398, 25.493025660805955 ], [ 56.361433863482688, 25.495924472536899 ], [ 56.37022924388512, 25.518835067684591 ], [ 56.368454932749813, 25.520336747543098 ], [ 56.370213628057201, 25.522965908350386 ], [ 56.370246768074509, 25.526610374070003 ], [ 56.368662118562639, 25.531420827009981 ], [ 56.36460530738978, 25.532747626502214 ], [ 56.363355756064124, 25.5358479025588 ], [ 56.360661148893456, 25.537054657846681 ], [ 56.361423969141327, 25.541432857940435 ], [ 56.356127143053726, 25.548028707059387 ], [ 56.353953242448739, 25.563006639644897 ], [ 56.353968262925861, 25.566958546700079 ], [ 56.355161308947885, 25.577329635554548 ], [ 56.357213258785663, 25.58593463937251 ], [ 56.357213735426257, 25.586815953393909 ], [ 56.356641054341964, 25.593545437272326 ], [ 56.355988859698783, 25.595579147060278 ], [ 56.354916214911924, 25.597356438549184 ], [ 56.353047848180239, 25.598130345639333 ], [ 56.34753406064911, 25.596699833631021 ], [ 56.347003221422, 25.596910357727126 ], [ 56.343592644185861, 25.600519657256598 ], [ 56.338803529460137, 25.601449251382434 ], [ 56.336384654428826, 25.604405522597204 ], [ 56.332480668648685, 25.602321624343773 ], [ 56.327427148744761, 25.602711677402624 ], [ 56.309599519103102, 25.610551715189956 ], [ 56.304994225803654, 25.610993266126741 ], [ 56.303969740611905, 25.609328865635177 ], [ 56.301434874620298, 25.613258599904896 ], [ 56.297317624509304, 25.615756750174199 ], [ 56.296215772440718, 25.614993929926186 ], [ 56.299782157221642, 25.613237261690671 ], [ 56.300416350135066, 25.610331416362328 ], [ 56.293031811769225, 25.608394264983644 ], [ 56.292418002889036, 25.610074400913305 ], [ 56.294736624196474, 25.613068342030829 ], [ 56.29137694858818, 25.611002445506756 ], [ 56.291175723481359, 25.610629916637578 ], [ 56.29219365081687, 25.606745242899251 ], [ 56.291768551178365, 25.606305241494141 ], [ 56.289876461230307, 25.605795860091064 ], [ 56.284167051368826, 25.60912585267647 ], [ 56.282002448854684, 25.610770106555634 ], [ 56.276180624636794, 25.616173863833126 ], [ 56.270768165519115, 25.625099539812425 ], [ 56.270481348336119, 25.626078843963967 ], [ 56.269712209451512, 25.62946033442725 ], [ 56.280457159970382, 25.629706310697713 ], [ 56.284174351165774, 25.628850710092422 ], [ 56.287384848132689, 25.628233991006198 ], [ 56.295124862422853, 25.635267420555209 ], [ 56.311378842160451, 25.642504273153975 ], [ 56.319524517243138, 25.644314004987535 ], [ 56.33029270354595, 25.648639583050823 ], [ 56.334793728548078, 25.649754984305304 ], [ 56.346178392019709, 25.656032393380258 ], [ 56.363131480434134, 25.66298416898465 ], [ 56.374591085310811, 25.666477099838545 ], [ 56.381414383767293, 25.669386346402746 ], [ 56.391854527964398, 25.672901430257042 ], [ 56.399902944965532, 25.675705088319461 ], [ 56.420175948162267, 25.681286199998311 ], [ 56.442394157065536, 25.686063396009274 ], [ 56.447998353441648, 25.686984853068708 ], [ 56.482680655088615, 25.691033694449629 ], [ 56.510260524004565, 25.692813585878554 ], [ 56.515817177720891, 25.692967994078032 ], [ 56.54620910256844, 25.691097721682667 ], [ 56.642658632889976, 25.685613055997948 ], [ 56.661753431576102, 25.683122978043258 ], [ 56.680855759816808, 25.680179346064563 ], [ 56.681006885060327, 25.680156057955884 ], [ 56.698842334306704, 25.677464980624592 ], [ 56.737510487919138, 25.670795914100239 ], [ 56.777885352427546, 25.663033948258345 ], [ 56.819968615859437, 25.654178127119167 ], [ 56.838497700482748, 25.649968065191132 ], [ 56.841151081857362, 25.639951114052963 ], [ 56.841172057644798, 25.639892310082303 ], [ 56.88184541793234, 25.525122197531715 ] ], [ [ 56.378991723489804, 25.352092146635783 ], [ 56.379911065344203, 25.352611422379539 ], [ 56.380007028402332, 25.353224873329651 ], [ 56.379343747816478, 25.353803753441071 ], [ 56.378373146404073, 25.354206562483284 ], [ 56.377582073054867, 25.353673100833305 ], [ 56.376845955477137, 25.352500438844714 ], [ 56.377026438620049, 25.352152228542792 ], [ 56.378991723489804, 25.352092146635783 ] ], [ [ 56.368114232686452, 25.004185914748376 ], [ 56.368491768980761, 25.004298329105154 ], [ 56.367957949400392, 25.009482741735354 ], [ 56.368861555816721, 25.010218143452931 ], [ 56.367938160718239, 25.020350337298652 ], [ 56.368733763952918, 25.024491548946031 ], [ 56.368866920272666, 25.024913072880281 ], [ 56.370567559845796, 25.026642322585559 ], [ 56.371134042802368, 25.026946544347737 ], [ 56.376069068932878, 25.028306961397618 ], [ 56.376059054982107, 25.028885245258124 ], [ 56.375578641641567, 25.029084444192023 ], [ 56.371139049328377, 25.027774929669675 ], [ 56.367159724642278, 25.025506615538404 ], [ 56.361845016434899, 25.012166022844326 ], [ 56.366249203338583, 25.010213375247645 ], [ 56.368114232686452, 25.004185914748376 ] ], [ [ 56.369621277000846, 25.427378058051147 ], [ 56.370686411549201, 25.42865705497934 ], [ 56.37032937979788, 25.429072379886691 ], [ 56.369544268054398, 25.429255247132573 ], [ 56.36794722048856, 25.427979708097553 ], [ 56.367984771680625, 25.427469730443846 ], [ 56.369621277000846, 25.427378058051147 ] ] ], [ [ [ 55.155910253256337, 25.104412913325945 ], [ 55.154678225220465, 25.103035449627043 ], [ 55.153214931125007, 25.103785156860027 ], [ 55.152558445816368, 25.104478478399869 ], [ 55.152454256659354, 25.106914758909539 ], [ 55.152132034066739, 25.107294916727739 ], [ 55.147209167669899, 25.111237645301514 ], [ 55.149146556469333, 25.1136678454952 ], [ 55.14772474809925, 25.115019559805461 ], [ 55.145272016291216, 25.11258947832215 ], [ 55.142925858642258, 25.114520668994402 ], [ 55.142712831732553, 25.11799693091433 ], [ 55.140846371563526, 25.115969062223058 ], [ 55.1360298392066, 25.117385267816559 ], [ 55.140775442033743, 25.119203925421346 ], [ 55.147458553270582, 25.119284271752178 ], [ 55.14749395868003, 25.120507359627425 ], [ 55.140206574974314, 25.12029814764216 ], [ 55.134750008606858, 25.118222236267741 ], [ 55.141219854613524, 25.121827125521861 ], [ 55.147476315780096, 25.123050212497986 ], [ 55.147884965019699, 25.124257207005172 ], [ 55.142375112022734, 25.123533010840362 ], [ 55.133630036997175, 25.119155645317335 ], [ 55.138055920944709, 25.1235169174725 ], [ 55.147351980010711, 25.127395272574461 ], [ 55.147281408410919, 25.12840914756481 ], [ 55.138802528214939, 25.125432014776237 ], [ 55.132403611738056, 25.119944214954131 ], [ 55.136438250126076, 25.125866532115253 ], [ 55.145877242041962, 25.131161213320013 ], [ 55.145592808961766, 25.132110714838404 ], [ 55.141699910023732, 25.131080746479881 ], [ 55.13718473868559, 25.128135562107133 ], [ 55.131425380477964, 25.120813250531853 ], [ 55.133824944366353, 25.12725055187201 ], [ 55.140686631283728, 25.133784413420528 ], [ 55.140402078594008, 25.135136246441164 ], [ 55.133771657736844, 25.12955176860001 ], [ 55.130038857907635, 25.121698259867429 ], [ 55.130785346467206, 25.127556324065893 ], [ 55.134713768626256, 25.134057879268369 ], [ 55.133949280135795, 25.134991407028593 ], [ 55.130856275996933, 25.131032347665325 ], [ 55.128580808658143, 25.122808813776373 ], [ 55.128047466618085, 25.132255554251202 ], [ 55.127158761068728, 25.132110714838404 ], [ 55.126536726989031, 25.129149555808141 ], [ 55.126767754729059, 25.124353647603186 ], [ 55.124261259650012, 25.130099058225653 ], [ 55.12339043622049, 25.127491950593651 ], [ 55.120901823261562, 25.127202153057453 ], [ 55.121310472501165, 25.125206708523393 ], [ 55.119195341692176, 25.124868750493135 ], [ 55.118893146102579, 25.123903155606769 ], [ 55.125363350039294, 25.122873067638693 ], [ 55.119639873881937, 25.121988058302748 ], [ 55.11674273039344, 25.120346546456716 ], [ 55.127176403968662, 25.121489047881937 ], [ 55.120813131221922, 25.11913955194953 ], [ 55.115658640834141, 25.115582942799335 ], [ 55.115356445244544, 25.11424720314659 ], [ 55.11668944376342, 25.114037871551147 ], [ 55.123247742590053, 25.118978619168473 ], [ 55.128775477706796, 25.12037873229329 ], [ 55.121381521640586, 25.115888714992849 ], [ 55.116315960713933, 25.110079050508432 ], [ 55.116120457993503, 25.108695029852299 ], [ 55.116369247343613, 25.108389258558049 ], [ 55.117435574393056, 25.108196139041326 ], [ 55.122323154990141, 25.114939212575365 ], [ 55.123496174909207, 25.115969062223058 ], [ 55.129912614676101, 25.119461417511218 ], [ 55.13001930754595, 25.119284271752178 ], [ 55.123140573079723, 25.112718343977178 ], [ 55.120386004511232, 25.104623436523042 ], [ 55.121790051270779, 25.104929208716669 ], [ 55.124864577938723, 25.113040208639205 ], [ 55.131049632934861, 25.118528008461595 ], [ 55.126161814017252, 25.111076832130806 ], [ 55.124828935108127, 25.103625654900668 ], [ 55.125806450508122, 25.103963613830302 ], [ 55.128543257466077, 25.113281607360847 ], [ 55.132169127903779, 25.117626667437463 ], [ 55.129431843405683, 25.110079050508432 ], [ 55.129343152265534, 25.103947520462413 ], [ 55.130551576694728, 25.104333758596795 ], [ 55.130995869664304, 25.111511349469822 ], [ 55.133430957673482, 25.116854309879216 ], [ 55.132204652023944, 25.1111412047035 ], [ 55.133199929933454, 25.105009555946879 ], [ 55.134621739202686, 25.105427980817268 ], [ 55.133537650542877, 25.110175609817077 ], [ 55.134657263322737, 25.115856528256728 ], [ 55.134799480312523, 25.115840434888838 ], [ 55.136914611121171, 25.112074613753208 ], [ 55.135474920631708, 25.109596252165971 ], [ 55.140024900229747, 25.109193920663444 ], [ 55.148111224554356, 25.102949738840039 ], [ 55.149469971562695, 25.102456927446013 ], [ 55.15215587599377, 25.102425336960408 ], [ 55.152367830012025, 25.100525021812956 ], [ 55.145968556504641, 25.093106031318911 ], [ 55.144822358865639, 25.092408657434248 ], [ 55.142425537009586, 25.094290256790657 ], [ 55.142392158672152, 25.094272732601269 ], [ 55.140738130061465, 25.091555714325125 ], [ 55.140933632781724, 25.090745568154176 ], [ 55.141158581104463, 25.090670466669309 ], [ 55.142603754760358, 25.09364235371234 ], [ 55.145034551204361, 25.091797113047107 ], [ 55.142670512334945, 25.088336944495069 ], [ 55.145117044216732, 25.086526512988854 ], [ 55.146205544051355, 25.086948871494002 ], [ 55.147627115000176, 25.083911418477953 ], [ 55.140030741326228, 25.078721165649995 ], [ 55.139231205356879, 25.075985431583064 ], [ 55.137054562718703, 25.075157880832109 ], [ 55.136224031614603, 25.072930455277003 ], [ 55.133895039325267, 25.072000980761146 ], [ 55.131598472991897, 25.06909477750267 ], [ 55.124301910805372, 25.072237133737445 ], [ 55.124318242493729, 25.074862957160491 ], [ 55.122933745197003, 25.072959780370098 ], [ 55.124053358876182, 25.07198095285915 ], [ 55.122868776373622, 25.070049643476693 ], [ 55.109441757031988, 25.055361867257062 ], [ 55.105334043332249, 25.052480459206606 ], [ 55.10287332554438, 25.053635954935913 ], [ 55.105346918026413, 25.051804423536026 ], [ 55.107936024828433, 25.054159045603939 ], [ 55.109046340416882, 25.05385720704507 ], [ 55.104516506532178, 25.050457477431252 ], [ 55.101874113100649, 25.052670240439994 ], [ 55.103378653702492, 25.05124211343346 ], [ 55.102786540966719, 25.050222754377359 ], [ 55.088774442487335, 25.034588217772722 ], [ 55.083824753810148, 25.030481815284276 ], [ 55.080778122313376, 25.032443761870638 ], [ 55.082644343262501, 25.030072808114284 ], [ 55.076691031866488, 25.023639440408516 ], [ 55.073997259266804, 25.022663116610175 ], [ 55.071842432383136, 25.026777624688322 ], [ 55.047099828295046, 25.022349357537593 ], [ 55.046201348014648, 25.020501256128625 ], [ 55.043362855611946, 25.020050644522371 ], [ 55.046175837845482, 25.020222306214947 ], [ 55.05225503454281, 25.005682110541699 ], [ 55.050523639055513, 25.002578735421082 ], [ 55.05271673209208, 24.996755719601424 ], [ 55.055063247671598, 24.994384646235233 ], [ 55.071413874851174, 25.008436560399588 ], [ 55.075453639374558, 25.004601120945551 ], [ 55.057641505951352, 24.988735914531588 ], [ 55.060488224452655, 24.981727242418799 ], [ 55.078914642497381, 24.997627257992292 ], [ 55.081799745862469, 24.99504697353953 ], [ 55.055215954353429, 24.972084641293833 ], [ 55.05287170416662, 24.974584460704961 ], [ 55.050859451303523, 24.974289536133966 ], [ 55.049054503863118, 24.975979328084151 ], [ 55.05461800142055, 24.981236458096816 ], [ 55.046719908797428, 25.001385211858775 ], [ 55.043337107122539, 25.002785324983421 ], [ 55.042777657763367, 25.004861355068158 ], [ 55.043923019932009, 25.005295753696856 ], [ 55.042138337814919, 25.005319952654446 ], [ 55.037872552976665, 25.015300512709047 ], [ 55.03707706935225, 25.017245053816566 ], [ 55.038286924602545, 25.020613908805501 ], [ 55.038121104006365, 25.020576357613464 ], [ 55.036546349735062, 25.017121553517427 ], [ 55.045278072525747, 24.996857643366212 ], [ 55.036767125203511, 24.992995143311674 ], [ 55.035500526329059, 24.995741844611217 ], [ 55.035441160282204, 24.995494961823681 ], [ 55.036187052591202, 24.992995143311674 ], [ 55.030796527938236, 24.992525815914462 ], [ 55.031956553552988, 24.997285366327276 ], [ 55.030599713107023, 24.995651841359887 ], [ 55.030040263747907, 24.991324067152448 ], [ 55.02551555599868, 24.990128517417844 ], [ 55.02614057043175, 24.987391948780015 ], [ 55.024764657164013, 24.987200856335051 ], [ 55.02355515984371, 24.989484071333521 ], [ 55.025791048918535, 24.992018938223879 ], [ 55.016107320897078, 24.985036968781714 ], [ 55.015781641310326, 24.985095977797812 ], [ 55.015163302545403, 24.986645102290311 ], [ 55.014886618023894, 24.988341450298151 ], [ 55.01547253173257, 24.992516517823702 ], [ 55.015797972998683, 24.993312954729817 ], [ 55.020038843019023, 24.99769711463091 ], [ 55.023328065738411, 25.005934954035581 ], [ 55.023530125415874, 25.007033228601358 ], [ 55.023698926365086, 25.013599872237052 ], [ 55.022657156203394, 25.017419457542502 ], [ 55.020771622313106, 25.0220166443533 ], [ 55.019590616414717, 25.021694779690904 ], [ 55.018267512236577, 25.02368235605644 ], [ 55.019226551065316, 25.024647950942722 ], [ 55.013888120540997, 25.030060649280159 ], [ 55.009134054193822, 25.03292262567922 ], [ 55.000277042352394, 25.035814046781326 ], [ 54.992005944219756, 25.036463141461383 ], [ 54.989579915981182, 25.036256551899044 ], [ 54.988928556808361, 25.031978369007078 ], [ 54.995587826117884, 25.03286361666315 ], [ 55.003337741044703, 25.03141784675671 ], [ 55.010582924063414, 25.027670741412123 ], [ 55.015401840523424, 25.022241949706682 ], [ 55.017127513624729, 25.023068070535601 ], [ 55.018364906116204, 25.021106123948982 ], [ 55.016801953647956, 25.020049333310766 ], [ 55.017762542008455, 25.020073533167562 ], [ 55.01922750434656, 25.015293837041639 ], [ 55.019422650036148, 25.007120967359384 ], [ 55.016915559606019, 25.000098943911695 ], [ 55.015255331968802, 24.997414231082587 ], [ 55.014332651831324, 24.997545957480554 ], [ 55.015710353850665, 24.995859742134172 ], [ 55.01407671017293, 24.992705464486392 ], [ 55.012857437221527, 24.992995143311674 ], [ 55.012106657097405, 24.990168213492979 ], [ 55.012905478106092, 24.985098838541091 ], [ 55.014148354663604, 24.985259651712056 ], [ 55.014696120930097, 24.98421370959548 ], [ 55.006371140816299, 24.979627132087188 ], [ 55.004643201423477, 24.979948878038783 ], [ 55.003980278767386, 24.98093605035902 ], [ 55.005059480511278, 24.982893943701043 ], [ 55.003859042961182, 24.985597729352236 ], [ 54.995364427327189, 24.999818801497014 ], [ 54.993964552522669, 25.001412034138724 ], [ 54.992434501751774, 25.000585913309834 ], [ 54.991685747799949, 25.001854539256357 ], [ 54.993573904113049, 25.002621651068921 ], [ 54.999401211497599, 25.00197255638912 ], [ 55.007604956704114, 24.997222423676533 ], [ 55.007735252280924, 24.99905157097399 ], [ 55.00229895123627, 25.002356052490569 ], [ 54.992402672946042, 25.003742814280258 ], [ 54.992370247889454, 25.004450917076639 ], [ 55.002690077186202, 25.004804849764611 ], [ 55.009852647582335, 25.002061128818525 ], [ 55.010926842800615, 25.002356052490569 ], [ 55.010503649724484, 25.003624677537289 ], [ 55.001780033422534, 25.006250739280887 ], [ 54.991915464328059, 25.005630969694124 ], [ 54.99136197567546, 25.006398201116895 ], [ 55.000607848074566, 25.008935451210561 ], [ 55.01105844958866, 25.006988168070052 ], [ 55.012165426893858, 25.007843852312533 ], [ 55.009690881130183, 25.009378075937832 ], [ 55.003114342253781, 25.010233640570647 ], [ 54.996049165737162, 25.009525656484442 ], [ 54.990742445308371, 25.007489919624845 ], [ 54.99012386822281, 25.008080005288463 ], [ 54.995202660874867, 25.011384368094667 ], [ 55.000542044680543, 25.012889147017205 ], [ 55.010895132705087, 25.01159095765712 ], [ 55.011774301843133, 25.012298941743325 ], [ 55.009690523199794, 25.013803839376408 ], [ 55.001811504298217, 25.014305353509741 ], [ 54.995951056896644, 25.01297771944661 ], [ 54.989602327086487, 25.009437203664731 ], [ 54.988820910657324, 25.009968161602075 ], [ 54.996667146572378, 25.016075611401021 ], [ 55.008682727626393, 25.018612861494887 ], [ 55.007640838754554, 25.019881725761508 ], [ 54.999305367149674, 25.018524527385608 ], [ 54.991719007427179, 25.014659404908343 ], [ 54.98823475862801, 25.011413931508429 ], [ 54.988495349781289, 25.013390660251531 ], [ 54.99396503006281, 25.019026040619934 ], [ 55.003927946318385, 25.023009061519531 ], [ 55.002007007917911, 25.024012327207743 ], [ 54.995690226523521, 25.021622419339963 ], [ 54.986768722499079, 25.014128327360964 ], [ 54.988070965103844, 25.018849015370535 ], [ 54.99549484251375, 25.025516867809785 ], [ 54.994811058284341, 25.026933074302661 ], [ 54.987387179975059, 25.020855307527114 ], [ 54.985140561987947, 25.016282200963303 ], [ 54.984391808935499, 25.016547560322209 ], [ 54.985075473555042, 25.021681428356032 ], [ 54.982665777004826, 25.018849015370535 ], [ 54.979995846332173, 25.018967032503326 ], [ 54.980419159017771, 25.017639279729707 ], [ 54.969544411146586, 25.018229365393523 ], [ 54.969837427356453, 25.016842723213671 ], [ 54.975046873514913, 25.016872167916802 ], [ 54.980614543027542, 25.015279054884985 ], [ 54.981135606623837, 25.014275908806695 ], [ 54.970846652851634, 25.014482260048936 ], [ 54.966190814954899, 25.013007044540075 ], [ 54.966125607811392, 25.011413931508429 ], [ 54.975502848678417, 25.013331652134553 ], [ 54.98087513418082, 25.012771129884442 ], [ 54.981982111486019, 25.011443376211389 ], [ 54.970716715204873, 25.009378075937832 ], [ 54.963749647529056, 25.004657506639347 ], [ 54.96540987516633, 25.00359535244425 ], [ 54.973288536137801, 25.008935451210561 ], [ 54.983380913398975, 25.010115743047805 ], [ 54.983380913398975, 25.008994460226887 ], [ 54.977553367694696, 25.007843852312533 ], [ 54.969870209443371, 25.003860831412936 ], [ 54.964954257033952, 24.998225450145185 ], [ 54.966647148047997, 24.997782945926843 ], [ 54.972149133776185, 25.00359535244425 ], [ 54.976316333133155, 25.005955577288717 ], [ 54.984487771993628, 25.007843852312533 ], [ 54.984650612236607, 25.007135748616662 ], [ 54.977879047280823, 25.004126429991459 ], [ 54.973190903937876, 24.999966144622618 ], [ 54.970000862950229, 24.995157122503883 ], [ 54.969512462730933, 24.991704940830914 ], [ 54.970912456245657, 24.991881966979832 ], [ 54.975046634295524, 24.999995827645847 ], [ 54.978627443302599, 25.003093719600116 ], [ 54.985496044207963, 25.005955577288717 ], [ 54.985593676407717, 25.004922866897374 ], [ 54.97934305633774, 25.000467777466582 ], [ 54.97559905095639, 24.99586522620001 ], [ 54.973483443506808, 24.989315152572686 ], [ 54.975045919334462, 24.989049553994278 ], [ 54.979537606675791, 24.998461604020548 ], [ 54.986569523565464, 25.00391983952963 ], [ 54.980514168794656, 24.9948029514957 ], [ 54.978821754421261, 24.987338423829783 ], [ 54.980616450489748, 24.987795829814246 ], [ 54.982337355385511, 24.995068550074222 ], [ 54.988034128872897, 25.002238154068266 ], [ 54.984382271625378, 24.995216131519953 ], [ 54.984675407444826, 24.986807346282774 ], [ 54.986400603905537, 24.987190842384052 ], [ 54.985912323295707, 24.994153856815672 ], [ 54.987084150713741, 24.997546911661459 ], [ 54.99033904091479, 25.001175880263361 ], [ 54.990697145557618, 24.99710440654377 ], [ 55.002349019192451, 24.978500008169533 ], [ 54.998184919798945, 24.97565472138885 ], [ 54.991870402897433, 24.973796009778624 ], [ 54.987606405911862, 24.978280543912462 ], [ 54.985978841650905, 24.977454542693579 ], [ 54.982268452927684, 24.979077220038334 ], [ 54.982170819828212, 24.981644153155855 ], [ 54.980022549901634, 24.980877042242412 ], [ 54.972015142885454, 24.982470154374738 ], [ 54.963031053241338, 24.987604022408192 ], [ 54.959645509533431, 24.991410017159296 ], [ 54.960216164445313, 24.992070079071539 ], [ 54.95844197291953, 24.991472721489288 ], [ 54.957551002877238, 24.992557048469678 ], [ 54.957184672135526, 24.993357301199183 ], [ 54.957213163557327, 24.993445754018893 ], [ 54.958895445269349, 24.994417667541995 ], [ 54.957523346026193, 24.995753168874273 ], [ 54.956721544664191, 24.998429417284427 ], [ 54.956259847114922, 25.001968621855013 ], [ 54.956413865008727, 25.005699515121165 ], [ 54.957144976060448, 25.008890032749463 ], [ 54.958083748666951, 25.011741041916366 ], [ 54.962505817689902, 25.019007324828976 ], [ 54.962265968500532, 25.02076935752055 ], [ 54.965176105393908, 25.023392558520527 ], [ 54.975107074132865, 25.028614878474343 ], [ 54.980496406284743, 25.029898405287696 ], [ 54.985152840431994, 25.033365130796852 ], [ 54.986195445164668, 25.032655239248641 ], [ 54.986227512290867, 25.032686471803856 ], [ 54.986732244198521, 25.035651802789232 ], [ 54.986471653045243, 25.035887837054702 ], [ 54.979356646892285, 25.03653693173473 ], [ 54.976132750926268, 25.036286115312635 ], [ 54.972860336536172, 25.035400867656563 ], [ 54.969522475782497, 25.033689737492068 ], [ 54.966494203045755, 25.031063675748698 ], [ 54.965208172520107, 25.029367327740431 ], [ 54.954780816682302, 25.013334274557735 ], [ 54.952528119278242, 25.005141616193043 ], [ 54.952431917000268, 25.001149057983383 ], [ 54.953426241628591, 24.995779276193417 ], [ 54.954368830058314, 24.99319911045103 ], [ 54.954638123951241, 24.992763161391423 ], [ 54.956390023081923, 24.992201327929536 ], [ 54.956579327674518, 24.991718530486537 ], [ 54.955920576973796, 24.989954948262891 ], [ 54.961811065329215, 24.983736156998731 ], [ 54.970392346830209, 24.979112147908069 ], [ 54.972558259656722, 24.978404045111063 ], [ 54.980523466885444, 24.976912737133858 ], [ 54.983056426313823, 24.97725594001011 ], [ 54.983967661678804, 24.97703075426665 ], [ 54.985896944888992, 24.975829124215181 ], [ 54.987484455144141, 24.973956942559255 ], [ 54.987525820361185, 24.97247362146112 ], [ 54.986577153413549, 24.970936655802745 ], [ 54.982459068731629, 24.968490600561523 ], [ 54.97237706155309, 24.965143203396821 ], [ 54.965419053647082, 24.965464949348586 ], [ 54.962011218443905, 24.964370727128028 ], [ 54.958745241400408, 24.961023330862673 ], [ 54.937019228755304, 24.941003322246189 ], [ 54.916059136320797, 24.927884102170282 ], [ 54.913305759354017, 24.923558235424849 ], [ 54.903084158507767, 24.913773536919564 ], [ 54.899393200536537, 24.911713600203058 ], [ 54.894708275866975, 24.910168647665444 ], [ 54.892436861772268, 24.911391734641313 ], [ 54.889313578359776, 24.911262869886002 ], [ 54.875468015437292, 24.901735663470845 ], [ 54.871117830124518, 24.900269746951807 ], [ 54.871493815987748, 24.899225234757381 ], [ 54.869435668022362, 24.898903250485347 ], [ 54.869790553991407, 24.896585941288805 ], [ 54.866809964209182, 24.896778941195805 ], [ 54.868868112174283, 24.897937655599065 ], [ 54.868584155734965, 24.899032116140035 ], [ 54.859855174977071, 24.89529836213049 ], [ 54.85801005392139, 24.900061964888351 ], [ 54.856306910636164, 24.899868846270721 ], [ 54.857584357132993, 24.899418354274133 ], [ 54.859358549558493, 24.89471912408888 ], [ 54.858648776720514, 24.893560409685875 ], [ 54.855810045997686, 24.893367171458323 ], [ 54.853397250383665, 24.894912242706511 ], [ 54.854319930521143, 24.897551536174916 ], [ 54.8523328307962, 24.894847750523724 ], [ 54.856306910636164, 24.892015457148233 ], [ 54.854466319465843, 24.889011740400207 ], [ 54.851552128428551, 24.888667941273155 ], [ 54.852403640716062, 24.886672378028294 ], [ 54.851932048825716, 24.883754133746862 ], [ 54.851624846710109, 24.883475065122667 ], [ 54.848074674906997, 24.885256171535787 ], [ 54.843816757338374, 24.890470504610619 ], [ 54.841900705853533, 24.889891147858975 ], [ 54.840906977475726, 24.889183044162849 ], [ 54.839771628358704, 24.887058734873477 ], [ 54.840765238025966, 24.887637972914661 ], [ 54.842410803116906, 24.886626839957387 ], [ 54.842952847896441, 24.885702848608247 ], [ 54.842823147670771, 24.884483813977596 ], [ 54.839984536557864, 24.880814552150497 ], [ 54.830899953970317, 24.873476028496412 ], [ 54.82912611947566, 24.870064258759299 ], [ 54.826855659561971, 24.868969916928904 ], [ 54.825152754596871, 24.871029853645297 ], [ 54.825791358685052, 24.872252941520543 ], [ 54.823520779161441, 24.870579242938504 ], [ 54.824585080038133, 24.870901107600531 ], [ 54.823379039711682, 24.869163036445627 ], [ 54.825649380915053, 24.867682457379885 ], [ 54.824301243208339, 24.86549365500872 ], [ 54.820611834769153, 24.864656924877664 ], [ 54.819121838002985, 24.863691329991553 ], [ 54.819476604362563, 24.862532615588123 ], [ 54.81507754359464, 24.860923170868318 ], [ 54.812168478693167, 24.858155250964728 ], [ 54.806279539869621, 24.857704639358104 ], [ 54.806350350688973, 24.860665678778702 ], [ 54.80805325475481, 24.861953258836394 ], [ 54.806279539869621, 24.870707869373348 ], [ 54.80564093578144, 24.870514750755717 ], [ 54.807130932547096, 24.862082004881245 ], [ 54.80564093578144, 24.860858917005999 ], [ 54.80564093578144, 24.855708956503662 ], [ 54.804718613573669, 24.855129718462223 ], [ 54.794924259048031, 24.855129718462223 ], [ 54.792351365224221, 24.851102351992409 ], [ 54.788601517846502, 24.850247025680403 ], [ 54.787366032817062, 24.851222276587293 ], [ 54.787322402208048, 24.849644303642265 ], [ 54.779675960577748, 24.84587013679814 ], [ 54.77962744215327, 24.847791671449187 ], [ 54.783947825732383, 24.848493456508578 ], [ 54.7851009364596, 24.850637555379478 ], [ 54.784191608556711, 24.850731730585409 ], [ 54.783066510811665, 24.848893403908221 ], [ 54.779276729038571, 24.848405956969771 ], [ 54.778199553467431, 24.8452332018513 ], [ 54.773044943470126, 24.8440926078882 ], [ 54.769874572454256, 24.844497680524256 ], [ 54.768287658449452, 24.846106648603666 ], [ 54.765792846463256, 24.854202151408856 ], [ 54.764739036178383, 24.854533553381373 ], [ 54.764999508621173, 24.848593354100473 ], [ 54.764352321403322, 24.84551751622115 ], [ 54.761825918931919, 24.839124440840948 ], [ 54.761906742802722, 24.838876009420972 ], [ 54.763832450308001, 24.837998271103999 ], [ 54.76440584635364, 24.836254835493008 ], [ 54.764562367959826, 24.826770543826314 ], [ 54.766752243222442, 24.821993708443699 ], [ 54.767908334302916, 24.81523621068331 ], [ 54.769709706038981, 24.812439561037678 ], [ 54.773358940863346, 24.810626507108367 ], [ 54.772161603276373, 24.810347437584966 ], [ 54.771399855919498, 24.804977655794829 ], [ 54.771207809293657, 24.804036140256414 ], [ 54.764562367959826, 24.79929411403262 ], [ 54.754344701647398, 24.802118540139134 ], [ 54.750311255760522, 24.800096154614295 ], [ 54.750233769273592, 24.791030168208437 ], [ 54.747967719635341, 24.790228247236399 ], [ 54.746738553242523, 24.791204452324365 ], [ 54.746464371534245, 24.797229647431038 ], [ 54.738595366583667, 24.80103754964378 ], [ 54.73544943374489, 24.800812244290398 ], [ 54.733118415283258, 24.802438378628864 ], [ 54.731153368733686, 24.801503538757828 ], [ 54.730553030798632, 24.803094744327552 ], [ 54.721135139675795, 24.806970000365737 ], [ 54.714006304647825, 24.81416702289053 ], [ 54.709379434813997, 24.813838124630337 ], [ 54.708866953447824, 24.813784480070183 ], [ 54.708359837437484, 24.813419103509347 ], [ 54.703986644768435, 24.80203664337688 ], [ 54.693737745001528, 24.7851562498617 ], [ 54.68878984417691, 24.776943326174262 ], [ 54.684258342049617, 24.772689342240085 ], [ 54.679082155517932, 24.77047252688638 ], [ 54.681646942853007, 24.768435359204915 ], [ 54.68064844626943, 24.766691922694719 ], [ 54.677422642841321, 24.769202351408182 ], [ 54.677422642841321, 24.767179965883344 ], [ 54.674427151292861, 24.762926101559088 ], [ 54.668436527024625, 24.756789207057011 ], [ 54.678037047072991, 24.753720641095498 ], [ 54.677192330062695, 24.753023267210466 ], [ 54.666362643621738, 24.756021976533617 ], [ 54.655992746368867, 24.747514128275185 ], [ 54.643015265742548, 24.741586446658005 ], [ 54.642170548732651, 24.738796949320346 ], [ 54.642784952963922, 24.736425757243694 ], [ 54.643322467858212, 24.736146926939597 ], [ 54.643860101463048, 24.736216545257832 ], [ 54.647392273335385, 24.741516709629224 ], [ 54.64792990694022, 24.740888953163392 ], [ 54.648621559338352, 24.732311249165349 ], [ 54.652920961733884, 24.737332344013254 ], [ 54.664590954909301, 24.742981076616076 ], [ 54.668199658188342, 24.742423176788691 ], [ 54.670349359836138, 24.739215254581069 ], [ 54.670042156820756, 24.738308667811253 ], [ 54.669197559420383, 24.737960100478915 ], [ 54.659293532571127, 24.736774444185954 ], [ 54.647239565753949, 24.729312658553113 ], [ 54.643554448879541, 24.729940175799186 ], [ 54.644014954826872, 24.733357429602307 ], [ 54.635271548943734, 24.727162003624102 ], [ 54.636894702929027, 24.723084449588271 ], [ 54.63589775587738, 24.719085454930365 ], [ 54.636853456422529, 24.718891143811703 ], [ 54.636540174889916, 24.720777869303816 ], [ 54.637822627912811, 24.722821354722385 ], [ 54.639625310860282, 24.722005844095008 ], [ 54.64039301892322, 24.719708919831589 ], [ 54.642786622105547, 24.71913087339172 ], [ 54.643861532284546, 24.719409942915291 ], [ 54.642095565958329, 24.720595359988494 ], [ 54.642402649363618, 24.721641540425281 ], [ 54.646394968354031, 24.722617745513162 ], [ 54.654302954418569, 24.717666506404754 ], [ 54.65852356001497, 24.707205772229173 ], [ 54.662284851265696, 24.707624315810193 ], [ 54.662594914124639, 24.714179635182774 ], [ 54.66458785494612, 24.714249253501009 ], [ 54.665432214925346, 24.712157249658048 ], [ 54.665662526804994, 24.702463746005748 ], [ 54.663052559329032, 24.702533364323955 ], [ 54.661901115944403, 24.706089973474093 ], [ 54.657986163831282, 24.706089973474093 ], [ 54.657909512814371, 24.704974174718927 ], [ 54.652488947208013, 24.704904556400862 ], [ 54.652323603252427, 24.699647426388225 ], [ 54.653150200722024, 24.704368114397511 ], [ 54.659338354781909, 24.704411030045719 ], [ 54.659137725926001, 24.700580835437847 ], [ 54.654599547232209, 24.700480819135038 ], [ 54.654612421926373, 24.694461941766008 ], [ 54.65528464357223, 24.693657636691285 ], [ 54.663573741635588, 24.694453835276732 ], [ 54.664793729547711, 24.686135053290712 ], [ 54.65939474137511, 24.68220031249524 ], [ 54.6558437350009, 24.676079511361024 ], [ 54.654835939427784, 24.677079320055356 ], [ 54.65261030172465, 24.676102876647093 ], [ 54.650921940595623, 24.677079320055356 ], [ 54.652917146809642, 24.679241060926813 ], [ 54.652149677066774, 24.680147647696373 ], [ 54.647293448634429, 24.679658054976073 ], [ 54.64351296405269, 24.678551435600895 ], [ 54.640871644411646, 24.676792741192855 ], [ 54.640485644597817, 24.676520228626202 ], [ 54.63887262327367, 24.673725843473591 ], [ 54.639150261975743, 24.673568963937043 ], [ 54.644131541138421, 24.676834464339635 ], [ 54.641901135230256, 24.673032164903191 ], [ 54.645298242420751, 24.674023866208984 ], [ 54.648180961682755, 24.672621130661156 ], [ 54.648350357983446, 24.672110081016172 ], [ 54.648092269643399, 24.670808315052255 ], [ 54.646994352108578, 24.670313477485422 ], [ 54.643114447474403, 24.671868204754475 ], [ 54.644258379721265, 24.668250203384787 ], [ 54.642516136611022, 24.662697911380207 ], [ 54.642792344492051, 24.662185072983476 ], [ 54.643728852605392, 24.661737919270223 ], [ 54.652982950203665, 24.659948706368311 ], [ 54.654261112561045, 24.660441756082861 ], [ 54.65585601344489, 24.673948764724372 ], [ 54.658644676211708, 24.674580454824707 ], [ 54.661210179407163, 24.673692345525893 ], [ 54.661431909056233, 24.671013355082721 ], [ 54.663267374090566, 24.6711349488194 ], [ 54.662112236291335, 24.668495417030528 ], [ 54.65923476187541, 24.669035554347971 ], [ 54.660041808982982, 24.666884779809408 ], [ 54.66586005659704, 24.665949702517452 ], [ 54.668498158464075, 24.663572549734141 ], [ 54.672626853347452, 24.66280865659499 ], [ 54.672227144268135, 24.661735177237148 ], [ 54.669995427147825, 24.660786747710858 ], [ 54.669056653642343, 24.660786747710858 ], [ 54.659261465444928, 24.662096142623625 ], [ 54.660658478606791, 24.65828776376992 ], [ 54.665838241742136, 24.654461145765765 ], [ 54.662036180626075, 24.654302955017869 ], [ 54.660603046194325, 24.65244674712028 ], [ 54.656831622282112, 24.651854634384279 ], [ 54.650209664945152, 24.653388738400281 ], [ 54.647131324251887, 24.652317166504787 ], [ 54.644966363807526, 24.654103636474332 ], [ 54.643882513468128, 24.653553247784885 ], [ 54.641049265911448, 24.648581623743524 ], [ 54.6435387134417, 24.646509051552073 ], [ 54.645981311689042, 24.646173954265265 ], [ 54.646255850427991, 24.644457221324217 ], [ 54.641379833313266, 24.640792608093108 ], [ 54.646074056973163, 24.642554879105091 ], [ 54.646480918360595, 24.640632748203444 ], [ 54.648753642767048, 24.642263174106802 ], [ 54.654499649639973, 24.638538121937415 ], [ 54.634368658387558, 24.621260047313996 ], [ 54.630863547115752, 24.622705817220378 ], [ 54.619698524168456, 24.622744321693773 ], [ 54.611009240384902, 24.618209600892953 ], [ 54.610646366637326, 24.616670608162536 ], [ 54.607353448603504, 24.617678523345859 ], [ 54.603322744749704, 24.61045277107911 ], [ 54.607235431470627, 24.600337743492815 ], [ 54.611085056830831, 24.59868335695208 ], [ 54.611194014193273, 24.598231553743915 ], [ 54.609763145153664, 24.598088741402933 ], [ 54.607279658330157, 24.598719120291946 ], [ 54.605931758944081, 24.599596738999054 ], [ 54.604030132585166, 24.604206442573997 ], [ 54.599864959401003, 24.609375000156831 ], [ 54.598864555355561, 24.613388180720506 ], [ 54.600509643805907, 24.620181322210726 ], [ 54.598916769094473, 24.621672272258053 ], [ 54.599612474736745, 24.624960541696311 ], [ 54.605629443744562, 24.626026153784466 ], [ 54.606456517854809, 24.626982450580186 ], [ 54.61324727524223, 24.626853942855888 ], [ 54.614824533226539, 24.631555438433281 ], [ 54.611262679229952, 24.636890768994277 ], [ 54.611795306309233, 24.640439509975891 ], [ 54.609831928900945, 24.643121957413115 ], [ 54.610095858337928, 24.646077155736776 ], [ 54.611861229313178, 24.64741480375065 ], [ 54.611165047030198, 24.649821638658295 ], [ 54.608179449822302, 24.652402043619901 ], [ 54.610316753416186, 24.654037236829794 ], [ 54.609643220559093, 24.655758142624819 ], [ 54.61155092723439, 24.660411954349001 ], [ 54.600731253845339, 24.671430468741875 ], [ 54.603186845497163, 24.673383235948137 ], [ 54.607867717821733, 24.672058224308245 ], [ 54.613546013838146, 24.672337055511349 ], [ 54.613622665753979, 24.674429178064685 ], [ 54.608481526701922, 24.679380655493475 ], [ 54.608174562007349, 24.682100414902976 ], [ 54.606409668571956, 24.681821346278781 ], [ 54.605565547812631, 24.681263446451538 ], [ 54.592827558445691, 24.670314669986453 ], [ 54.580933928158828, 24.665642261182057 ], [ 54.566814661068605, 24.650509357421384 ], [ 54.556378841711108, 24.642419815322967 ], [ 54.556609034879813, 24.639909148289064 ], [ 54.560292244292299, 24.639072418158349 ], [ 54.566661238525995, 24.640048741956349 ], [ 54.577313065146569, 24.645078420833187 ], [ 54.578319549508223, 24.644128203454386 ], [ 54.577572345987818, 24.642327070038988 ], [ 54.582341313201624, 24.641505956635399 ], [ 54.581721067873815, 24.639094948873606 ], [ 54.57871186705998, 24.638666153021092 ], [ 54.578353166166636, 24.634979248294229 ], [ 54.5748087167498, 24.634360313278563 ], [ 54.573467254710664, 24.632932662912623 ], [ 54.570469379059119, 24.634019613215202 ], [ 54.572229147258014, 24.63014781507016 ], [ 54.570524454440971, 24.629577040548668 ], [ 54.571915030255326, 24.626259803947335 ], [ 54.569567918425463, 24.623898744532056 ], [ 54.566299438568791, 24.624068379152988 ], [ 54.565795541231779, 24.623250961063519 ], [ 54.571535349078118, 24.620593666764876 ], [ 54.570611357728779, 24.623508214833009 ], [ 54.571387648921501, 24.624066829620944 ], [ 54.574722051782175, 24.619587540333356 ], [ 54.577399134762885, 24.619196533993346 ], [ 54.575821280528572, 24.615480304173303 ], [ 54.578726052965607, 24.611437559296661 ], [ 54.577396154409854, 24.609375000156831 ], [ 54.576183557126313, 24.607164144610181 ], [ 54.577968716783545, 24.606722712383942 ], [ 54.57713496700606, 24.603752255263146 ], [ 54.577321767886048, 24.603355646146838 ], [ 54.579579949355804, 24.600074410306377 ], [ 54.584549308004995, 24.596811175296153 ], [ 54.588205218496825, 24.589679837455208 ], [ 54.589064001802825, 24.589019537222498 ], [ 54.589825152909413, 24.588675856805907 ], [ 54.591247558428648, 24.588763236734536 ], [ 54.591599941584917, 24.589016080228674 ], [ 54.593705415473295, 24.591730713502159 ], [ 54.596593141261366, 24.591714978064317 ], [ 54.598621010851758, 24.590854048975928 ], [ 54.599787950454385, 24.588715552881069 ], [ 54.600793242315007, 24.590847849949029 ], [ 54.60534024245888, 24.593900442152233 ], [ 54.610957264966629, 24.594897270493419 ], [ 54.61337471007576, 24.597012400402434 ], [ 54.617390513062361, 24.597870826677905 ], [ 54.615804553238178, 24.601915240696542 ], [ 54.628862977345108, 24.605829954489565 ], [ 54.63600385159728, 24.605431914551957 ], [ 54.634226918038763, 24.602803349095808 ], [ 54.639145850801043, 24.600366353625134 ], [ 54.641699313873147, 24.596883058107409 ], [ 54.639882445019708, 24.588327050253667 ], [ 54.632859944931425, 24.579991817868716 ], [ 54.629725455965541, 24.578850865076134 ], [ 54.634318947462049, 24.57383084311968 ], [ 54.630121946371304, 24.563522338985308 ], [ 54.6253712174084, 24.563330054039568 ], [ 54.623054146532382, 24.560636639370045 ], [ 54.615277409325671, 24.567467450762734 ], [ 54.613035440833556, 24.566785335675291 ], [ 54.613252520987629, 24.565731048749456 ], [ 54.617216825197289, 24.564121722739827 ], [ 54.623080015531087, 24.559726118965983 ], [ 54.623502850676829, 24.559344649036746 ], [ 54.623677373113168, 24.557637930047235 ], [ 54.623481154532413, 24.556828975477316 ], [ 54.622421145220216, 24.555740952283656 ], [ 54.620020746760844, 24.55486953260359 ], [ 54.619296908526366, 24.556342244399644 ], [ 54.621317148268616, 24.558508753476673 ], [ 54.618954777641562, 24.561607837932058 ], [ 54.616667031858611, 24.562290429660095 ], [ 54.617820859345869, 24.553992628857515 ], [ 54.612060665667997, 24.550032019962373 ], [ 54.612983465415624, 24.547676443713556 ], [ 54.610644102144448, 24.544467211193648 ], [ 54.609715700520013, 24.539883374818629 ], [ 54.609636664501096, 24.539198159767722 ], [ 54.609834313003915, 24.538968562849533 ], [ 54.611231327064871, 24.539587854896155 ], [ 54.60931682601128, 24.536088228589534 ], [ 54.609315156869656, 24.535357355857769 ], [ 54.611376643118405, 24.532291770249486 ], [ 54.607722163448017, 24.526505946792696 ], [ 54.604199170955638, 24.523307203965004 ], [ 54.605228543063532, 24.521394252443486 ], [ 54.601461052786107, 24.520370602721698 ], [ 54.598862051642897, 24.516414404102136 ], [ 54.593207120912467, 24.511491060164815 ], [ 54.583011507775467, 24.507004856889267 ], [ 54.572561502512173, 24.509130478289592 ], [ 54.568447113144572, 24.508722662721254 ], [ 54.56072890741396, 24.51029431792918 ], [ 54.548797965154762, 24.513460874920213 ], [ 54.539540409662976, 24.51639485374011 ], [ 54.530630945762113, 24.520338654306045 ], [ 54.525688529003361, 24.519881367931418 ], [ 54.524588346075944, 24.520142078694619 ], [ 54.522368073728359, 24.520961880886858 ], [ 54.522306442289306, 24.521063924261426 ], [ 54.525484561863863, 24.522835850394785 ], [ 54.525825858177399, 24.524669050936666 ], [ 54.524830341048045, 24.525111556054014 ], [ 54.520445227865736, 24.524590134527614 ], [ 54.521727442567993, 24.521320938811073 ], [ 54.516628980843365, 24.52258622647372 ], [ 54.515531778269775, 24.523104071396375 ], [ 54.512766242468871, 24.525030255542617 ], [ 54.509505152341688, 24.529017806327289 ], [ 54.508278966302072, 24.529017806327289 ], [ 54.504055857892041, 24.533851742364618 ], [ 54.501865744309299, 24.534443378459656 ], [ 54.496845841063504, 24.54285514315103 ], [ 54.492187500353708, 24.547711968732926 ], [ 54.492187500353708, 24.550502061421639 ], [ 54.486331343617479, 24.555665731189123 ], [ 54.485506057359459, 24.560935735896152 ], [ 54.486792802846509, 24.562244653268692 ], [ 54.486010432236441, 24.564290523689493 ], [ 54.487708807316295, 24.569102406551622 ], [ 54.477553009864124, 24.568153500384284 ], [ 54.475492834827065, 24.569203734065724 ], [ 54.47144746752727, 24.569220543294222 ], [ 54.475035310132313, 24.565576433706184 ], [ 54.475507020733204, 24.563123345766314 ], [ 54.469784737076708, 24.566075205806868 ], [ 54.469503641380726, 24.560932635933028 ], [ 54.466951608231199, 24.559375047920696 ], [ 54.465779900423087, 24.556257247674608 ], [ 54.462062001461078, 24.554488062674693 ], [ 54.459783553768858, 24.54787564264717 ], [ 54.460553049684023, 24.543550848793103 ], [ 54.464703440711872, 24.539702176714655 ], [ 54.463330626507769, 24.538077831127737 ], [ 54.463827252826405, 24.535532474544794 ], [ 54.4694966077831, 24.531834840905873 ], [ 54.470724820894503, 24.526837945015757 ], [ 54.473337054662039, 24.525802612201318 ], [ 54.475577354012529, 24.521615624162479 ], [ 54.473570943145347, 24.520406841803009 ], [ 54.471503615799776, 24.522753476992108 ], [ 54.469573616729718, 24.520228862372704 ], [ 54.472235679233819, 24.518218040330964 ], [ 54.47290241681381, 24.514423370742435 ], [ 54.474362850166045, 24.513770341528641 ], [ 54.476326465894346, 24.509620904681782 ], [ 54.476795435361879, 24.506849408174219 ], [ 54.475831627428676, 24.504878043887118 ], [ 54.484672427191441, 24.500959276849841 ], [ 54.484527945708948, 24.499479770675549 ], [ 54.481864452383121, 24.497232318117454 ], [ 54.476151227597967, 24.50165450585115 ], [ 54.47538495035613, 24.497856736299866 ], [ 54.4771145579912, 24.494733333277424 ], [ 54.474826216856997, 24.49485266252114 ], [ 54.473994254931682, 24.492501259126584 ], [ 54.477908730404209, 24.491445541379136 ], [ 54.477525710943752, 24.490418315053972 ], [ 54.479201435698457, 24.489730477580139 ], [ 54.479669570594893, 24.489588141879864 ], [ 54.484071135075538, 24.489690780605827 ], [ 54.488034963543299, 24.487936734793124 ], [ 54.492187500353708, 24.488839149607571 ], [ 54.493873238160148, 24.489397168145445 ], [ 54.503769278130363, 24.488412261217604 ], [ 54.504501223753124, 24.488160968154887 ], [ 54.507838130326348, 24.486530900181663 ], [ 54.509179830685326, 24.483726740297641 ], [ 54.519891857923739, 24.4843480585169 ], [ 54.523832440715324, 24.483386873905886 ], [ 54.528164267268068, 24.480152368637647 ], [ 54.528823375898895, 24.478465676650131 ], [ 54.529935479339684, 24.480085372742309 ], [ 54.537196517406159, 24.482046246437818 ], [ 54.541381358763289, 24.484624504717601 ], [ 54.546795368312445, 24.485140204757414 ], [ 54.550078272395041, 24.484808206534268 ], [ 54.548579215859064, 24.483669877063761 ], [ 54.551936865295062, 24.48277163510366 ], [ 54.559898734239852, 24.482788563042533 ], [ 54.56264293182673, 24.48147344574366 ], [ 54.563225746471602, 24.48000967500721 ], [ 54.566234350135943, 24.481855511922902 ], [ 54.5784957410863, 24.482068777153074 ], [ 54.582261204291939, 24.481727719159323 ], [ 54.582002043959818, 24.479123831100623 ], [ 54.583920955288676, 24.481494545637418 ], [ 54.586523056394611, 24.477734327278142 ], [ 54.58379185221284, 24.470873356220892 ], [ 54.570346475010666, 24.457728743787186 ], [ 54.571599006689411, 24.449130177316533 ], [ 54.573780417533015, 24.447978616120878 ], [ 54.575106620774619, 24.448775053026822 ], [ 54.574841380126514, 24.450947642420545 ], [ 54.59011542798541, 24.455292821207451 ], [ 54.595464706132049, 24.45271754238118 ], [ 54.595471859339483, 24.454520344938544 ], [ 54.596691847251947, 24.455389260906173 ], [ 54.60125267537174, 24.45490646346326 ], [ 54.603256940456305, 24.453625440362401 ], [ 54.605303049197261, 24.454239725883269 ], [ 54.609835743825244, 24.4591665268143 ], [ 54.611321449026406, 24.459131717655367 ], [ 54.612573743284401, 24.456898569713957 ], [ 54.611554742158233, 24.453120231813983 ], [ 54.610388040876188, 24.453989147781527 ], [ 54.602645516577894, 24.452251076626624 ], [ 54.603493928902623, 24.448485255490624 ], [ 54.602009058272273, 24.447712779221973 ], [ 54.598827242483964, 24.448388814892553 ], [ 54.595857501223435, 24.446071267375629 ], [ 54.58949363222618, 24.445492029334275 ], [ 54.587478518619406, 24.443560838662535 ], [ 54.583978414772929, 24.443174600527897 ], [ 54.581857204547163, 24.441050171628717 ], [ 54.570932745750525, 24.439408659782345 ], [ 54.569659948748352, 24.438153505680276 ], [ 54.567538738522927, 24.438636303123616 ], [ 54.567326545284487, 24.437284350493059 ], [ 54.551550269230432, 24.432265639747868 ], [ 54.547468661950148, 24.432199000883912 ], [ 54.545241713934644, 24.433593749552585 ], [ 54.544569968929778, 24.435771703402025 ], [ 54.543120742029515, 24.433593749552585 ], [ 54.544612050006805, 24.430567264668014 ], [ 54.541141032933155, 24.429881453366932 ], [ 54.540541649178323, 24.431034922923942 ], [ 54.53462421893343, 24.429340839408866 ], [ 54.533045649737602, 24.4287550453096 ], [ 54.533187150866894, 24.427274346634277 ], [ 54.53120744267008, 24.427016854544775 ], [ 54.531157255103977, 24.427989840059865 ], [ 54.530821204535783, 24.426947951187628 ], [ 54.521684050279504, 24.423766136298724 ], [ 54.492079019631689, 24.424973129906704 ], [ 54.490660667356593, 24.425071835897285 ], [ 54.488411545657215, 24.424088000961206 ], [ 54.486865043587528, 24.422156811188557 ], [ 54.486732363908374, 24.421030163911411 ], [ 54.490576148171357, 24.411655902498495 ], [ 54.489692449148066, 24.40469563009998 ], [ 54.486159443604123, 24.400705337281863 ], [ 54.479095458689045, 24.395794272688278 ], [ 54.481082916344036, 24.393832564421956 ], [ 54.490506171922817, 24.392115950191567 ], [ 54.482319712585451, 24.392223358022108 ], [ 54.477372526721666, 24.394100904133921 ], [ 54.471895217490982, 24.390077471298866 ], [ 54.472425222146938, 24.388092756575986 ], [ 54.47448647007522, 24.388682842240115 ], [ 54.475016713051815, 24.384122967401709 ], [ 54.48667800438696, 24.384444951673743 ], [ 54.486854672605631, 24.385946869852802 ], [ 54.488386034588785, 24.38589334490274 ], [ 54.489269375681857, 24.389701962076572 ], [ 54.499222755526631, 24.389219164633289 ], [ 54.499811649588679, 24.390077471298866 ], [ 54.503581047328368, 24.39034581191035 ], [ 54.503522157922049, 24.391686916018926 ], [ 54.516008138365834, 24.392169714361387 ], [ 54.517480373520954, 24.386215209564767 ], [ 54.521485447596007, 24.386268854125035 ], [ 54.521544337002439, 24.384659529014783 ], [ 54.517539262927386, 24.384605765744084 ], [ 54.517244934606737, 24.383371948956921 ], [ 54.512533307266978, 24.383371948956921 ], [ 54.512356639048363, 24.384284019792233 ], [ 54.50110745394656, 24.383157372515427 ], [ 54.501048445829639, 24.384015679181005 ], [ 54.494157672139778, 24.383747458179414 ], [ 54.494157672139778, 24.382674575072343 ], [ 54.489328265088119, 24.382406354070497 ], [ 54.488444923994649, 24.383371948956921 ], [ 54.483026504170454, 24.383157372515427 ], [ 54.482967614764476, 24.38219177762906 ], [ 54.470849275374377, 24.382863640445123 ], [ 54.466914414969239, 24.381315946774123 ], [ 54.466776132513161, 24.370218873003125 ], [ 54.465482354327975, 24.369114041480486 ], [ 54.46659684187162, 24.365853547603649 ], [ 54.46555626421096, 24.364455341941181 ], [ 54.462371945609476, 24.364294410059671 ], [ 54.456533551383103, 24.343582749045083 ], [ 54.456221580162691, 24.339777112224652 ], [ 54.460021853426753, 24.332579970090308 ], [ 54.457850456533862, 24.332665443455937 ], [ 54.45439600946915, 24.335156440517892 ], [ 54.450936913808192, 24.324378966916498 ], [ 54.450784325836793, 24.32355165448601 ], [ 54.451243400963136, 24.318742155726596 ], [ 54.451431751374827, 24.31820786040501 ], [ 54.455264330085498, 24.314546465847513 ], [ 54.458466053266562, 24.313344955405967 ], [ 54.467318057682832, 24.314632415853737 ], [ 54.488506555433815, 24.314718246250663 ], [ 54.488600730640115, 24.315748214609158 ], [ 54.493780135845469, 24.316005706698689 ], [ 54.493874311051258, 24.314975738340337 ], [ 54.512143373818532, 24.315662264602594 ], [ 54.512520074642481, 24.316606521274451 ], [ 54.517416954229617, 24.316864013364068 ], [ 54.517511248146121, 24.316091537095332 ], [ 54.525515675708533, 24.316005706698689 ], [ 54.52532744400699, 24.312229156650716 ], [ 54.518547058500786, 24.311971544951632 ], [ 54.51817035677746, 24.314460754161047 ], [ 54.489448309292612, 24.313688159181595 ], [ 54.48775315288654, 24.311027526599617 ], [ 54.487941622908153, 24.303731918593883 ], [ 54.449048877104843, 24.302616118939255 ], [ 54.435583233680205, 24.287509917848979 ], [ 54.415904640987065, 24.271974444265936 ], [ 54.381821751873218, 24.256181716913403 ], [ 54.375139475207249, 24.254894256465292 ], [ 54.371561646553715, 24.259700656160959 ], [ 54.364831805643945, 24.260497450997292 ], [ 54.360723019052813, 24.262479304976353 ], [ 54.360018253640391, 24.262375355039154 ], [ 54.358330965402359, 24.261964202086943 ], [ 54.356660127563458, 24.26013040529466 ], [ 54.356519818035878, 24.259885549579224 ], [ 54.357253551510922, 24.257812499847688 ], [ 54.357065201098663, 24.257812499847688 ], [ 54.35761714021956, 24.253357410416896 ], [ 54.357478260614158, 24.252925157570672 ], [ 54.354875564156856, 24.251700401452922 ], [ 54.354403615235327, 24.251835941875981 ], [ 54.353216052379963, 24.255791068503783 ], [ 54.3527363540002, 24.256186246798308 ], [ 54.350926280424318, 24.256652950873701 ], [ 54.350164533067556, 24.256640553719109 ], [ 54.350375532905247, 24.253425479203059 ], [ 54.349886774755561, 24.253551244894709 ], [ 54.349513172995358, 24.253747225154996 ], [ 54.345142722359327, 24.257812499847688 ], [ 54.345324635424532, 24.260451436285422 ], [ 54.34284067196009, 24.259796857539556 ], [ 54.342610001251415, 24.259922146590583 ], [ 54.336537718541734, 24.265317559058872 ], [ 54.335785150565044, 24.265770078127218 ], [ 54.331374645024738, 24.267548561217865 ], [ 54.324769377305785, 24.267429351583985 ], [ 54.323953628358282, 24.26705718064494 ], [ 54.321316004031161, 24.264460325284318 ], [ 54.321095943523773, 24.264095663684657 ], [ 54.31839501861603, 24.257812499847688 ], [ 54.318240523182141, 24.257812499847688 ], [ 54.315835952767912, 24.252914070728309 ], [ 54.316065549686101, 24.252789735858158 ], [ 54.32007455829492, 24.257812499847688 ], [ 54.32028377028044, 24.256739855060829 ], [ 54.323596477896018, 24.257812499847688 ], [ 54.323596477896018, 24.257951856093712 ], [ 54.324432850096713, 24.257989049355871 ], [ 54.324514508538499, 24.257812499847688 ], [ 54.324131607788075, 24.255478262712387 ], [ 54.323188066077165, 24.253755450354362 ], [ 54.316864848234871, 24.246372818551237 ], [ 54.314057350067316, 24.246292114290355 ], [ 54.306164979830584, 24.242437004864371 ], [ 54.301023722067868, 24.2421053645717 ], [ 54.293627142679071, 24.247200846842219 ], [ 54.29071795906728, 24.247085213812312 ], [ 54.288975834667696, 24.245419502109087 ], [ 54.288206220041815, 24.245312333497935 ], [ 54.285914659334736, 24.24559044794151 ], [ 54.284270643775898, 24.246229648280206 ], [ 54.284144043513407, 24.249413966881804 ], [ 54.277081370709567, 24.253730177606201 ], [ 54.276785254536577, 24.253996134115027 ], [ 54.275135755811135, 24.257812499847688 ], [ 54.274946927859361, 24.257812499847688 ], [ 54.274983764089967, 24.258516311978752 ], [ 54.270968914384667, 24.261022448228033 ], [ 54.275120139083953, 24.263641953913748 ], [ 54.286191343856302, 24.264505743745673 ], [ 54.288209915356248, 24.261921048118353 ], [ 54.293764233533381, 24.26113104855969 ], [ 54.297741770367139, 24.259237051149682 ], [ 54.304586052705048, 24.260771751415831 ], [ 54.306431531690663, 24.26585757766577 ], [ 54.302576303554275, 24.270162701548117 ], [ 54.303395509495914, 24.277406573355307 ], [ 54.308196068094759, 24.281336426335685 ], [ 54.309145450902662, 24.283761859223205 ], [ 54.308359742009173, 24.285895824533441 ], [ 54.305789947248883, 24.286965250646347 ], [ 54.311111449834328, 24.288326740587223 ], [ 54.311521649505181, 24.288525461981237 ], [ 54.315016150575588, 24.290657043188759 ], [ 54.316406249749463, 24.292202115336067 ], [ 54.316406249749463, 24.294036149549186 ], [ 54.312845706964396, 24.297365545883991 ], [ 54.309616804472881, 24.292939544125289 ], [ 54.309275746479472, 24.293071031303782 ], [ 54.306353449852764, 24.297878265570063 ], [ 54.300209403042146, 24.302012562330475 ], [ 54.293040156079229, 24.311550259337594 ], [ 54.29275953792316, 24.312064647266112 ], [ 54.289404153879303, 24.320372343309742 ], [ 54.289474248838275, 24.328386545603252 ], [ 54.283240556707057, 24.336055278728679 ], [ 54.2813419107014, 24.342407702953722 ], [ 54.279173731583313, 24.341285348141071 ], [ 54.27341592290739, 24.348117828675385 ], [ 54.270730376406306, 24.347610235124904 ], [ 54.267070054740117, 24.350356340173619 ], [ 54.267365932592639, 24.347989559271497 ], [ 54.270850419711934, 24.345006227456139 ], [ 54.269640445750525, 24.344444155673784 ], [ 54.268496155573786, 24.340613842355708 ], [ 54.267652631064919, 24.340717077331817 ], [ 54.267578839892252, 24.343907951991071 ], [ 54.265309572479367, 24.344103455610764 ], [ 54.262113570785317, 24.351745247745669 ], [ 54.264718413025179, 24.351159930286997 ], [ 54.266371250033927, 24.353398323074913 ], [ 54.265735030048432, 24.358486533427538 ], [ 54.249158024623881, 24.374808669185342 ], [ 54.246328711601649, 24.37532711035854 ], [ 54.2449288367973, 24.377083658984475 ], [ 54.243334650874118, 24.382317543320625 ], [ 54.243266343767374, 24.385742664393263 ], [ 54.245299935744043, 24.389317274373354 ], [ 54.243464231489867, 24.392294645482309 ], [ 54.243659138859044, 24.395283460464043 ], [ 54.246520638617227, 24.399989724247149 ], [ 54.255337715164018, 24.403582573377804 ], [ 54.25778007509129, 24.409202575339037 ], [ 54.256309032436803, 24.412645578531112 ], [ 54.259855508925313, 24.412983656171292 ], [ 54.260391473388523, 24.413546919555415 ], [ 54.260704755820512, 24.415819644861415 ], [ 54.260042429415222, 24.41676473610417 ], [ 54.255740403697558, 24.417059063525642 ], [ 54.243220448665539, 24.413434266878539 ], [ 54.242659449774663, 24.413195968119936 ], [ 54.24079096343317, 24.411741375864409 ], [ 54.239539742066114, 24.408168554635665 ], [ 54.232704520398187, 24.399753928301635 ], [ 54.224271774523601, 24.392408251440372 ], [ 54.220350861703906, 24.389742613231789 ], [ 54.213879942805789, 24.386446714844794 ], [ 54.205690622724688, 24.383437752351142 ], [ 54.20331406619178, 24.382888316942768 ], [ 54.201567172687447, 24.382753729801607 ], [ 54.197425842329352, 24.38468003265794 ], [ 54.194211006133884, 24.383457541033209 ], [ 54.193413853367502, 24.382029652347171 ], [ 54.19564485552624, 24.382794022126888 ], [ 54.196758746819484, 24.381147742075228 ], [ 54.198856473048664, 24.381311655209316 ], [ 54.192465543450879, 24.373983144607053 ], [ 54.190668940819734, 24.369517802904795 ], [ 54.190897703167337, 24.36769497424433 ], [ 54.192250252048012, 24.365815758990863 ], [ 54.196138023951704, 24.363599777308451 ], [ 54.198671936661327, 24.365426540503023 ], [ 54.206736445231371, 24.364243745852974 ], [ 54.211438179129715, 24.367663145438598 ], [ 54.213666915896084, 24.366474032151302 ], [ 54.221128940748855, 24.368236064843217 ], [ 54.233178376781296, 24.367715477887629 ], [ 54.238273978661965, 24.363763928763007 ], [ 54.242509245905723, 24.362350464303233 ], [ 54.247877239843348, 24.358790040228911 ], [ 54.250808954170765, 24.359348058766415 ], [ 54.25791943043842, 24.352932333960609 ], [ 54.258752345644922, 24.343086958197233 ], [ 54.260830163582028, 24.341107249100844 ], [ 54.263555168736701, 24.335160135832155 ], [ 54.261145830116533, 24.333409905842956 ], [ 54.264233946440271, 24.328561306359973 ], [ 54.264191746652415, 24.323251724288014 ], [ 54.266686439927838, 24.321524262435162 ], [ 54.267709136368268, 24.318219542598627 ], [ 54.272687673498211, 24.31495082352231 ], [ 54.276522636311284, 24.310708046040162 ], [ 54.285688161480351, 24.292506218388041 ], [ 54.294146656743663, 24.280001521253922 ], [ 54.293671249929133, 24.278324246067797 ], [ 54.296009540308745, 24.271678924343433 ], [ 54.292943120129536, 24.26691031416027 ], [ 54.292625546132655, 24.266798257734166 ], [ 54.285052657354896, 24.266491532259124 ], [ 54.277462005168303, 24.268079042514557 ], [ 54.256281256875042, 24.277829408501049 ], [ 54.253046155356657, 24.277034759447133 ], [ 54.245367407380883, 24.268056750119513 ], [ 54.248365402641838, 24.277166843775404 ], [ 54.251258253666293, 24.278708934670277 ], [ 54.256412625343017, 24.278709172990574 ], [ 54.276913523940749, 24.269121169706921 ], [ 54.282395363056168, 24.267650604592433 ], [ 54.286778330456201, 24.268486857183518 ], [ 54.289639949824533, 24.270601630061748 ], [ 54.291430950578643, 24.272736429942967 ], [ 54.291437148706137, 24.276080370113789 ], [ 54.287491678998578, 24.286690831517319 ], [ 54.285502911031216, 24.288557052466473 ], [ 54.284706711546193, 24.287408113694084 ], [ 54.282726049168645, 24.288616418513584 ], [ 54.278924465592496, 24.295061349702053 ], [ 54.275170445360601, 24.298956751453431 ], [ 54.273802161041687, 24.301882266753665 ], [ 54.273880124169096, 24.305580138713054 ], [ 54.272034645183368, 24.305500269022815 ], [ 54.266423821702716, 24.313084840893282 ], [ 54.259080648553692, 24.318889140921812 ], [ 54.253016948974079, 24.320704818173368 ], [ 54.252386212154732, 24.324640273930214 ], [ 54.247055173158657, 24.326876640545294 ], [ 54.248139858068754, 24.32741796946442 ], [ 54.244430542236643, 24.331472158214098 ], [ 54.244449615058357, 24.33438324928818 ], [ 54.239884614984049, 24.340638041313099 ], [ 54.233119249054909, 24.344198227067238 ], [ 54.230449080061959, 24.347622036928271 ], [ 54.228582620791968, 24.34810316522956 ], [ 54.226856112220702, 24.346357941766314 ], [ 54.226230144506218, 24.348110437147568 ], [ 54.220602869727458, 24.35249304751693 ], [ 54.218210220725751, 24.357601642802138 ], [ 54.215742707660667, 24.358786821555299 ], [ 54.20442306966973, 24.353751539902333 ], [ 54.203511714694713, 24.352158546480382 ], [ 54.176576733430323, 24.338169574966685 ], [ 54.171412825342344, 24.333484172757068 ], [ 54.183904051531528, 24.340758442548861 ], [ 54.199573278584836, 24.346295118725408 ], [ 54.208415746590191, 24.35273993030404 ], [ 54.213931321973888, 24.354250073682749 ], [ 54.215708732172999, 24.353306412361746 ], [ 54.21052372419112, 24.350468158279483 ], [ 54.204012870897969, 24.344944715626895 ], [ 54.20569443674961, 24.348857045317175 ], [ 54.199054002840654, 24.340748309887033 ], [ 54.197695254932881, 24.343011975422939 ], [ 54.196588039307272, 24.342494845461403 ], [ 54.196753144043129, 24.340046763148109 ], [ 54.194144726099097, 24.338690876883163 ], [ 54.190378904063749, 24.337137818755991 ], [ 54.184038400352705, 24.336920976922158 ], [ 54.175053477037096, 24.331228255779848 ], [ 54.172128200956337, 24.330880641728896 ], [ 54.165449976635813, 24.323755026274227 ], [ 54.165058135725161, 24.322124719980536 ], [ 54.16505956654666, 24.310626507208298 ], [ 54.165756345080155, 24.309057951064403 ], [ 54.168045044144407, 24.30695545662951 ], [ 54.168540477961557, 24.306555509229952 ], [ 54.172169327852913, 24.305600166615051 ], [ 54.174480914663405, 24.30248177011822 ], [ 54.177149057483888, 24.301195740491607 ], [ 54.183852076113084, 24.302657246735009 ], [ 54.185659050625333, 24.302650928098558 ], [ 54.188798070375441, 24.301648139950458 ], [ 54.194882869849295, 24.298258423388262 ], [ 54.19722330601158, 24.293267249884167 ], [ 54.200378179909791, 24.291769862489843 ], [ 54.200723051928065, 24.291102647369883 ], [ 54.200042963012976, 24.287843465603999 ], [ 54.200899720146737, 24.285430908310502 ], [ 54.198899149476773, 24.286237359167416 ], [ 54.19791424254916, 24.285310745395236 ], [ 54.202294468815495, 24.279460311045085 ], [ 54.202323913518427, 24.277180671751239 ], [ 54.19887161223599, 24.281729101817319 ], [ 54.195130109667758, 24.283993959853916 ], [ 54.192121148073255, 24.28892552809134 ], [ 54.193468332498384, 24.289222836765276 ], [ 54.19492435467609, 24.293990254447237 ], [ 54.193953752364479, 24.296874641951803 ], [ 54.186003208581866, 24.300877332823291 ], [ 54.179811000378066, 24.300082564159595 ], [ 54.179775357547527, 24.299845814932979 ], [ 54.188773632198064, 24.291368722589255 ], [ 54.186903834645165, 24.286376834124269 ], [ 54.191184759569779, 24.276634335406982 ], [ 54.19195365923477, 24.275228619505953 ], [ 54.192658901288013, 24.274473547816797 ], [ 54.197544455712801, 24.271581650073728 ], [ 54.197866678305587, 24.271206259562007 ], [ 54.196784377497892, 24.270669222207317 ], [ 54.200689077339717, 24.268661856260252 ], [ 54.201934456710575, 24.265652656345594 ], [ 54.198040127850192, 24.267761349807103 ], [ 54.195264935129529, 24.26644515961712 ], [ 54.193331241644074, 24.263230204710737 ], [ 54.19288730660449, 24.263110756756816 ], [ 54.189166903930044, 24.265112400317577 ], [ 54.187384366695966, 24.266340255498847 ], [ 54.188023328714365, 24.267666340030274 ], [ 54.186006427255876, 24.269422054085197 ], [ 54.18300414042946, 24.270224451697828 ], [ 54.179821848900048, 24.274677753276166 ], [ 54.177526354558523, 24.281150341315936 ], [ 54.170494556379737, 24.284350752385791 ], [ 54.16172337493461, 24.298077344894125 ], [ 54.152978658738817, 24.305350065154016 ], [ 54.149856328607285, 24.309033155856127 ], [ 54.149266600873972, 24.310117244515766 ], [ 54.148673653566817, 24.315775036889107 ], [ 54.148857950734651, 24.318384647334284 ], [ 54.149362445221385, 24.321033000573209 ], [ 54.149586558073935, 24.321438432038491 ], [ 54.151419043654784, 24.322504401157971 ], [ 54.15093374249895, 24.326578140269703 ], [ 54.150635242223558, 24.327471137383725 ], [ 54.148123979838516, 24.329631447433854 ], [ 54.147499203725971, 24.329734444989242 ], [ 54.146293521329852, 24.329308628590923 ], [ 54.140625000044594, 24.326171755522779 ], [ 54.119907259613257, 24.313293337917742 ], [ 54.105305313789955, 24.301151156601151 ], [ 54.101312637768871, 24.29852127993388 ], [ 54.098233341996007, 24.297895431829431 ], [ 54.097446561110786, 24.296210766014752 ], [ 54.088989377058653, 24.295600652448854 ], [ 54.089870929400632, 24.292025923757848 ], [ 54.095204711329217, 24.2864974736801 ], [ 54.097011924161762, 24.282176613460535 ], [ 54.09848165470558, 24.281654358262529 ], [ 54.09852242457103, 24.277521968065116 ], [ 54.096431970259943, 24.276388645120562 ], [ 54.098653554718481, 24.27452254288167 ], [ 54.096470832663755, 24.271767854703484 ], [ 54.094136953458275, 24.274839639338609 ], [ 54.092066764470445, 24.272687912417865 ], [ 54.090738535055863, 24.273131251206848 ], [ 54.089751839376646, 24.270980954208255 ], [ 54.0874967578699, 24.272131323802142 ], [ 54.08391261057929, 24.269774913881804 ], [ 54.085328221720744, 24.264181852011603 ], [ 54.086938261791914, 24.263326167768867 ], [ 54.086500048239515, 24.261637568319799 ], [ 54.084245323763213, 24.262282848075472 ], [ 54.082982539813116, 24.264960408596579 ], [ 54.082479953687681, 24.265352249507231 ], [ 54.081224322045642, 24.26582086104446 ], [ 54.080392241409328, 24.265474319884618 ], [ 54.080998658761672, 24.263164758347642 ], [ 54.085805058457339, 24.260744810425336 ], [ 54.086686968729424, 24.260667323938435 ], [ 54.097074270561876, 24.262244939852764 ], [ 54.10539722450298, 24.262199163461389 ], [ 54.106377363225675, 24.262073159449358 ], [ 54.110363126157978, 24.260213256237478 ], [ 54.118395566702901, 24.25919187100871 ], [ 54.120430826921876, 24.257812499847688 ], [ 54.120754122405771, 24.257812499847688 ], [ 54.122436046187403, 24.257158636962259 ], [ 54.123949527849305, 24.25392591954602 ], [ 54.11718475817068, 24.256944775481657 ], [ 54.119220256710179, 24.255395531379207 ], [ 54.119068503309478, 24.254302143729632 ], [ 54.111753463652377, 24.255765319114687 ], [ 54.111157417282044, 24.25294625746443 ], [ 54.110820532142526, 24.252832055255851 ], [ 54.106463551552366, 24.25496172900128 ], [ 54.103531240975059, 24.252964258294412 ], [ 54.101474046290974, 24.250883460004388 ], [ 54.101270437081808, 24.250511527385726 ], [ 54.101269840831293, 24.246144771164751 ], [ 54.10255753959953, 24.244539141368875 ], [ 54.097818255408839, 24.244867920918239 ], [ 54.10435664684266, 24.23788321034263 ], [ 54.105667114646252, 24.237816214447292 ], [ 54.103727102524459, 24.240818858304152 ], [ 54.107724070110322, 24.238527178886727 ], [ 54.107147455391527, 24.236725926760869 ], [ 54.106799245089718, 24.236402630377853 ], [ 54.101341724541754, 24.236607075057179 ], [ 54.100487470221225, 24.239869355886754 ], [ 54.096332550208018, 24.238194942343199 ], [ 54.102292656881303, 24.235218644125723 ], [ 54.105865955649989, 24.234618425800193 ], [ 54.110923170868233, 24.229788660818627 ], [ 54.110530257066472, 24.22886395450854 ], [ 54.113580346456416, 24.227984428339312 ], [ 54.128902554809798, 24.228824615464333 ], [ 54.132342338428799, 24.227732658636 ], [ 54.133376836672511, 24.227120042256757 ], [ 54.136231542052684, 24.223655342920523 ], [ 54.1363569498142, 24.223344207170214 ], [ 54.135275125647041, 24.220703124949921 ], [ 54.131239056437977, 24.220676302669972 ], [ 54.129788279106748, 24.218407153967689 ], [ 54.130354047102202, 24.217145442908333 ], [ 54.122467756282532, 24.212670564795474 ], [ 54.119680523438007, 24.212584853109007 ], [ 54.118907808849173, 24.214130163576783 ], [ 54.117300749131147, 24.213867425741824 ], [ 54.115022659368975, 24.21581697427456 ], [ 54.105350613540651, 24.218103050915715 ], [ 54.104783058591835, 24.218484759164795 ], [ 54.097263335934741, 24.227866649526987 ], [ 54.095610141895492, 24.231445074431377 ], [ 54.090401649917141, 24.230717778303443 ], [ 54.085651755524708, 24.228587866237518 ], [ 54.075142026283999, 24.230883717610197 ], [ 54.076850772345807, 24.232178211655906 ], [ 54.076274633368229, 24.232899307857252 ], [ 54.07369303680494, 24.230775713529027 ], [ 54.071390033124459, 24.232427239326313 ], [ 54.068742871487217, 24.232429861749495 ], [ 54.064993858680424, 24.22883737054886 ], [ 54.061639547527676, 24.231367826264687 ], [ 54.058138847430683, 24.229439377625937 ], [ 54.05922830144587, 24.227021455876098 ], [ 54.058563113397753, 24.220432043204852 ], [ 54.068874836205651, 24.21658575522909 ], [ 54.07688522357509, 24.215959667904997 ], [ 54.078107953519947, 24.214843750439428 ], [ 54.086473465178955, 24.213275552225753 ], [ 54.088449120131685, 24.210304855885113 ], [ 54.097630977888258, 24.204211949922239 ], [ 54.096564769549019, 24.199677944082396 ], [ 54.089573979556263, 24.200878262922004 ], [ 54.077245831930185, 24.207899332189129 ], [ 54.076141953688904, 24.209803342650787 ], [ 54.071078658154562, 24.211465954390803 ], [ 54.061800122378514, 24.211076736802681 ], [ 54.05849266050862, 24.213221669345018 ], [ 54.052748322777546, 24.21249151247406 ], [ 54.052405715252263, 24.209577679366987 ], [ 54.049026131351724, 24.208321929014403 ], [ 54.047085523878621, 24.205519914912941 ], [ 54.052750706880403, 24.199468612487209 ], [ 54.058738827435747, 24.199527144862429 ], [ 54.068041920998809, 24.201387643425647 ], [ 54.07321608045865, 24.199190616754123 ], [ 54.074954271223277, 24.197128057614293 ], [ 54.077069640352562, 24.186238050046569 ], [ 54.072292923680408, 24.182243704883859 ], [ 54.069268346257928, 24.183714747538289 ], [ 54.06803536404172, 24.185668468925456 ], [ 54.069008112135322, 24.1876012091289 ], [ 54.071020245388837, 24.18697643301644 ], [ 54.071630835595244, 24.187983036088809 ], [ 54.070271968976982, 24.199055552072622 ], [ 54.066711664512326, 24.199703573861314 ], [ 54.056157946732611, 24.198470950474757 ], [ 54.051996469762145, 24.199248551979878 ], [ 54.045414805649585, 24.204152345554746 ], [ 54.040534854001152, 24.211287856250294 ], [ 54.031263232213092, 24.20343315591623 ], [ 54.030548214529148, 24.199681520686369 ], [ 54.026623844715374, 24.198016405233489 ], [ 54.026022553498734, 24.198321938207499 ], [ 54.025633931261865, 24.202783107954644 ], [ 54.02547156765948, 24.203088044678168 ], [ 54.024684906384181, 24.202628850841421 ], [ 54.024037241626075, 24.201114058867262 ], [ 54.023919344103064, 24.200199127288585 ], [ 54.02466964758699, 24.19664394895986 ], [ 54.024350642768951, 24.196249246406126 ], [ 54.021544813742963, 24.194108725038319 ], [ 54.020431876630568, 24.197136164103455 ], [ 54.019332528274191, 24.197114706279137 ], [ 54.015805363827297, 24.191990852196597 ], [ 54.0131703619235, 24.190179824439866 ], [ 54.013177632942103, 24.186650633820307 ], [ 54.013825536020335, 24.183586001493552 ], [ 54.015725969878446, 24.180732369004119 ], [ 54.025459050895307, 24.177423119282054 ], [ 54.029408335527108, 24.174162030054418 ], [ 54.04121971112167, 24.167949915356928 ], [ 54.037463546006535, 24.167937159373196 ], [ 54.034696817704599, 24.169700622886012 ], [ 54.029507040618313, 24.170093059148059 ], [ 54.023475647384004, 24.174018501852998 ], [ 54.022376775668448, 24.173645138412923 ], [ 54.022809743475676, 24.171336412346079 ], [ 54.039902329329919, 24.165208100973757 ], [ 54.05197107830341, 24.162879347904266 ], [ 54.055791377670772, 24.160993337373213 ], [ 54.060681819910741, 24.161026358679976 ], [ 54.0707379580912, 24.165778637175151 ], [ 54.078765750040105, 24.174072742663412 ], [ 54.088025570024826, 24.180594444478459 ], [ 54.099216580681656, 24.183488964644596 ], [ 54.09748935714893, 24.187873602085631 ], [ 54.098163366646958, 24.19192564505309 ], [ 54.100855350494868, 24.192282557194886 ], [ 54.098464250126113, 24.194174647142887 ], [ 54.097294330169831, 24.19852304460349 ], [ 54.098883271246592, 24.203299045415207 ], [ 54.104213714891927, 24.19570875205801 ], [ 54.104486227458068, 24.191900730234977 ], [ 54.102755427321966, 24.188631654128272 ], [ 54.102480411942025, 24.187289119198283 ], [ 54.102823853139142, 24.185966729981317 ], [ 54.103183150283002, 24.185906052722714 ], [ 54.110818743390979, 24.190902948612859 ], [ 54.119633913374997, 24.192354440905262 ], [ 54.125700473698799, 24.195926547173173 ], [ 54.12691664668651, 24.196222543736098 ], [ 54.137197255649625, 24.194272875593526 ], [ 54.138393759565275, 24.194519638771055 ], [ 54.140625000044594, 24.196428537048007 ], [ 54.140625000044594, 24.197544575022675 ], [ 54.139091014739307, 24.199145078683216 ], [ 54.132234215637396, 24.201381802328967 ], [ 54.122790455515911, 24.206515431143004 ], [ 54.11852145200433, 24.21116614380324 ], [ 54.122467756282532, 24.211833476734029 ], [ 54.13038384883626, 24.215959667904997 ], [ 54.133084178393034, 24.215974331351077 ], [ 54.137481927949381, 24.212416171769632 ], [ 54.137983560793515, 24.210215926424581 ], [ 54.140625000044594, 24.209542274856915 ], [ 54.143258332806369, 24.208072662124238 ], [ 54.143636345741669, 24.207213759208173 ], [ 54.143946409500046, 24.205590606122172 ], [ 54.142256140908927, 24.204906344353077 ], [ 54.144649505770673, 24.197236418726362 ], [ 54.149356961155746, 24.195942640540977 ], [ 54.155987262402874, 24.196957111782041 ], [ 54.165276050450331, 24.194504856614401 ], [ 54.16896235982577, 24.194534778857758 ], [ 54.169610858255311, 24.192495227073579 ], [ 54.169521212934256, 24.1919229030201 ], [ 54.16828620454541, 24.190543651469 ], [ 54.165081501011201, 24.190150618956665 ], [ 54.165133476429475, 24.186819911410538 ], [ 54.16262924674291, 24.185152411854972 ], [ 54.151760816609254, 24.183535456896408 ], [ 54.144144415932629, 24.177194356934592 ], [ 54.140625000044594, 24.17717635610461 ], [ 54.138662218887049, 24.177169203796268 ], [ 54.129097222959132, 24.17288744430067 ], [ 54.128170370866457, 24.170616031105538 ], [ 54.129539847686402, 24.164519310218566 ], [ 54.128692746573762, 24.161092043363794 ], [ 54.121824026058476, 24.156751156141496 ], [ 54.105209350731656, 24.149904966341893 ], [ 54.092082142877217, 24.153144717355389 ], [ 54.089769601886161, 24.1479797363763 ], [ 54.089455366172814, 24.147609949540225 ], [ 54.087055444354206, 24.147100568137489 ], [ 54.085871458101877, 24.147132515653766 ], [ 54.084463954348763, 24.147715449009553 ], [ 54.080499410919657, 24.15370547792628 ], [ 54.07755875553292, 24.154144048509494 ], [ 54.074122548517636, 24.153008461072261 ], [ 54.072808027469165, 24.149832010639273 ], [ 54.067844629526832, 24.148354649348363 ], [ 54.065268277809395, 24.144810318642101 ], [ 54.061620950447178, 24.144830226934175 ], [ 54.058815241031397, 24.14713001284025 ], [ 54.058792352386064, 24.150286912911213 ], [ 54.055179953792646, 24.152566671814981 ], [ 54.042425513127654, 24.156873821869993 ], [ 54.030174016518487, 24.159348726463179 ], [ 54.022745251292889, 24.162585854154429 ], [ 54.021067023724953, 24.161135912293076 ], [ 54.021794318953567, 24.159384965544433 ], [ 54.026884913408907, 24.157935619034248 ], [ 54.040370345515868, 24.146580338212658 ], [ 54.049210906059244, 24.134748816905159 ], [ 54.043251276026382, 24.131323337902415 ], [ 54.039825200773208, 24.131344914437022 ], [ 54.039855241726656, 24.129903078165228 ], [ 54.039244651520249, 24.129780649857821 ], [ 54.036578535771667, 24.12977242465837 ], [ 54.033836364357427, 24.130609512719445 ], [ 54.031362056914276, 24.132578253684017 ], [ 54.026841640729941, 24.13777971296409 ], [ 54.02243685757557, 24.138496040960121 ], [ 54.02212083311079, 24.138783455292725 ], [ 54.016438603459591, 24.145763754694258 ], [ 54.015629768499849, 24.148657441188504 ], [ 54.005967855332784, 24.159816145499292 ], [ 54.005650758876214, 24.159715056305373 ], [ 54.005103349640791, 24.158638119953821 ], [ 54.005308031740839, 24.158292055434714 ], [ 54.009778976219678, 24.152793526700435 ], [ 54.010121226714006, 24.148595571428871 ], [ 54.022316455440688, 24.134626150277114 ], [ 54.022339702016467, 24.131242632741817 ], [ 54.025577425958119, 24.128115057764319 ], [ 54.027857661502509, 24.1288588042909 ], [ 54.028097749012574, 24.126019120286884 ], [ 54.01969242076953, 24.121232152242698 ], [ 54.010510444302412, 24.121806144538539 ], [ 54.008567333116645, 24.1197315452753 ], [ 54.001703858346985, 24.116890907090436 ], [ 54.0, 24.116458973811369 ], [ 54.0, 24.191037023342471 ], [ 54.000789642628575, 24.190828919120008 ], [ 54.001144408988154, 24.190971851070628 ], [ 54.000270366884564, 24.194817066155281 ], [ 54.000087619249058, 24.195251941424601 ], [ 54.0, 24.195374380977874 ], [ 54.0, 25.628076365445629 ], [ 54.08777777802274, 25.636944444830931 ], [ 54.43833333351742, 25.665277777447812 ], [ 54.506944444331538, 25.693055555669787 ], [ 54.524999999950666, 25.6927777775729 ], [ 54.546944444431091, 25.6927777775729 ], [ 54.572222222478189, 25.694444444356066 ], [ 54.595000000350382, 25.698611111314193 ], [ 54.620000000300678, 25.705277777547821 ], [ 54.640833333292306, 25.712222221878591 ], [ 54.658888888911719, 25.720555555794675 ], [ 54.678333333217523, 25.729722222203378 ], [ 54.695833333542083, 25.741666666883646 ], [ 54.711111110889959, 25.753055555369968 ], [ 54.723888888961739, 25.764444444755753 ], [ 54.736111110839914, 25.777222221928639 ], [ 54.747222222128556, 25.788888888511849 ], [ 54.751944444381223, 25.791666666783783 ], [ 54.775126135663157, 25.800425237035341 ], [ 54.774066668642575, 25.784364281486717 ], [ 54.77092081314558, 25.727280962147034 ], [ 54.758460602775273, 25.566590973994579 ], [ 54.752731978898481, 25.495889125583005 ], [ 54.8848185860098, 25.538860629614902 ], [ 55.094048121823874, 25.601978414272764 ], [ 55.23360709149452, 25.638667383093747 ], [ 55.271699755440153, 25.673221563724667 ], [ 55.284838525877802, 25.690229537763429 ], [ 55.291001028575096, 25.69872037444614 ], [ 55.352654442649253, 25.791257236932239 ], [ 55.372877214212707, 25.825437297793343 ], [ 55.40915305696862, 25.886864063825811 ], [ 55.428557990459495, 25.919320537113464 ], [ 55.466625485078481, 25.93180269633757 ], [ 55.496753889680889, 25.943714297777177 ], [ 55.537019597177135, 25.968003300911988 ], [ 55.660472512097243, 26.059651792396778 ], [ 55.704314502313167, 26.154606326620979 ], [ 55.890173617818704, 26.083175349263456 ], [ 56.057008014308991, 26.055605586928863 ], [ 56.065290524838503, 26.053312800445781 ], [ 56.084570335653012, 26.049815853219428 ], [ 56.085296075953778, 26.050423359650807 ], [ 56.086706042050736, 26.051349639774514 ], [ 56.086161136527977, 26.049056052895168 ], [ 56.083271146247085, 26.048691153874131 ], [ 56.085516214702494, 26.048283457915716 ], [ 56.084608555041513, 26.044142246268336 ], [ 56.084154844371284, 26.04407775408589 ], [ 56.082291841196167, 26.045579910584991 ], [ 56.081909656306408, 26.045579910584991 ], [ 56.082578539668617, 26.04427087270318 ], [ 56.082960724558376, 26.043627142479295 ], [ 56.085232853614144, 26.043300151681279 ], [ 56.084999441771657, 26.041320443484352 ], [ 56.084818959528008, 26.040774703390611 ], [ 56.08360385853203, 26.040789365937087 ], [ 56.082438111430321, 26.041394352467904 ], [ 56.081617236347057, 26.044138074313452 ], [ 56.081896304971082, 26.041379451601074 ], [ 56.084457754922056, 26.040037154991467 ], [ 56.084215879559821, 26.037117242467446 ], [ 56.082471013127503, 26.030448078816335 ], [ 56.079745650042611, 26.030020355855441 ], [ 56.081962108365616, 26.029592632894321 ], [ 56.081403851507304, 26.026804446768608 ], [ 56.079269647876487, 26.027925610878953 ], [ 56.078727841417361, 26.03050720654295 ], [ 56.078662156733941, 26.030256271410536 ], [ 56.07882642779802, 26.02773380257355 ], [ 56.080967903346703, 26.026242256275765 ], [ 56.080984235035061, 26.022212862734193 ], [ 56.078877210715319, 26.015624999594735 ], [ 56.079179048374982, 26.015624999594735 ], [ 56.0793560745241, 26.014711260516748 ], [ 56.077837944266349, 26.013484954867437 ], [ 56.077677607736319, 26.01278936883503 ], [ 56.077538251489869, 26.007620930861862 ], [ 56.070899248402242, 25.989734053884177 ], [ 56.0705219504284, 25.989056229462165 ], [ 56.066798210369853, 25.988191247129123 ], [ 56.0660821197948, 25.985777259013759 ], [ 56.061487555407183, 25.980627536831918 ], [ 56.056833148331947, 25.98325610138869 ], [ 56.051522373759468, 25.980305552559969 ], [ 56.0523579122885, 25.978857159330971 ], [ 56.057370305296189, 25.981432080226853 ], [ 56.058742641960038, 25.980359315830412 ], [ 56.053551316240856, 25.974243760441738 ], [ 56.04555535309791, 25.97494125393635 ], [ 56.052238464334579, 25.971829772326743 ], [ 56.051045060382052, 25.964909672643955 ], [ 56.057540654878068, 25.957174301553266 ], [ 56.056228160901725, 25.954105854302298 ], [ 56.052750229840086, 25.953633666161437 ], [ 56.052815675304061, 25.951332450332984 ], [ 56.054784536777589, 25.949621200558568 ], [ 56.057015657647327, 25.949621200558568 ], [ 56.059378504914861, 25.946847676979388 ], [ 56.05944275877701, 25.940383672968778 ], [ 56.055310726509703, 25.938291549515895 ], [ 56.051439643325779, 25.931387544100602 ], [ 56.050324321211434, 25.92572271812972 ], [ 56.052489519076886, 25.924365520652913 ], [ 56.05229246592549, 25.916753411541265 ], [ 56.055705547773613, 25.904007554005972 ], [ 56.057870149388492, 25.900526046340531 ], [ 56.052032113092167, 25.898578643590014 ], [ 56.048030734331547, 25.894743204135978 ], [ 56.047112345759075, 25.89137971360347 ], [ 56.037663817432218, 25.891851663424205 ], [ 56.036220908269144, 25.890140533259711 ], [ 56.037007927474605, 25.888311147642071 ], [ 56.034974574717836, 25.886541009360855 ], [ 56.035630464674938, 25.884062647773618 ], [ 56.032530546548145, 25.882164358798548 ], [ 56.023365855050741, 25.882882356835751 ], [ 56.023365855050741, 25.884888648992586 ], [ 56.018184542383295, 25.886304855485463 ], [ 56.017135143273237, 25.885065675141448 ], [ 56.015626549426287, 25.885950922797434 ], [ 56.013190626846864, 25.882934808894873 ], [ 56.005987166974904, 25.867540240190721 ], [ 56.006446242101248, 25.866242050830635 ], [ 56.009004235058256, 25.866418957369461 ], [ 56.010643839442452, 25.863822579549065 ], [ 56.008214950460427, 25.86228835592334 ], [ 56.006322025941444, 25.862159371558533 ], [ 56.004346013058836, 25.863704562416217 ], [ 56.003952503006559, 25.863232612595482 ], [ 56.001681923482607, 25.859176278063217 ], [ 56.002050757037324, 25.857862829906395 ], [ 55.987823009225423, 25.836206555189165 ], [ 55.982905864314972, 25.832843065555778 ], [ 55.976022243832205, 25.823519826279522 ], [ 55.972940921886646, 25.823460817263538 ], [ 55.97650790201871, 25.829817652662939 ], [ 55.976239562306631, 25.829865932767291 ], [ 55.971630812013387, 25.823342800130746 ], [ 55.968418716951106, 25.822988748732257 ], [ 55.967763066213053, 25.822280645036386 ], [ 55.967828750896985, 25.820982456575649 ], [ 55.969926357516073, 25.822811722583481 ], [ 55.97510504686133, 25.822988748732257 ], [ 55.970647454617193, 25.819153070058888 ], [ 55.966714143743587, 25.817795872582082 ], [ 55.96559977491026, 25.816320657972511 ], [ 55.965272069151553, 25.819330215817587 ], [ 55.967107653795864, 25.823074460418781 ], [ 55.965534329446456, 25.823637843412286 ], [ 55.964354276829084, 25.819566250083142 ], [ 55.961011052518671, 25.819743156621968 ], [ 55.96048665063941, 25.816497802831833 ], [ 55.956946849817911, 25.815317630604937 ], [ 55.955307960394777, 25.812249064643368 ], [ 55.950194954834018, 25.811364054408301 ], [ 55.953737854718923, 25.804191827991161 ], [ 55.951652646153462, 25.798505545095594 ], [ 55.952248454203499, 25.796788930865034 ], [ 55.9552273748441, 25.795769572708281 ], [ 55.966547369866163, 25.795233249415588 ], [ 55.96517705937444, 25.790780663697149 ], [ 55.954095364010783, 25.793248415082786 ], [ 55.953549623916757, 25.792072654030449 ], [ 55.953976154376818, 25.789117812737288 ], [ 55.963687657959696, 25.786596536401561 ], [ 55.964223742932148, 25.78209042573306 ], [ 55.966130375817016, 25.781017541726726 ], [ 55.965772867424704, 25.775331258831159 ], [ 55.962257743101105, 25.775706648443872 ], [ 55.952128171678538, 25.772166252271205 ], [ 55.953736663117439, 25.776350378667672 ], [ 55.951353669237022, 25.777155041672529 ], [ 55.948970913677584, 25.776404141938116 ], [ 55.944383740817585, 25.77930092839577 ], [ 55.945217847626196, 25.777369737723859 ], [ 55.948911309310148, 25.774687528607274 ], [ 55.951949477287513, 25.769215822153029 ], [ 55.95230686696928, 25.767284631481118 ], [ 55.951115369579298, 25.76680183403812 ], [ 55.946468829773409, 25.77125430104573 ], [ 55.943430543085725, 25.770610452111384 ], [ 55.939558267400827, 25.771415233826616 ], [ 55.937592506789571, 25.773668169551172 ], [ 55.938545703621998, 25.778120756168448 ], [ 55.951472878870987, 25.790995359748734 ], [ 55.951889872920077, 25.793838500746858 ], [ 55.949924826370392, 25.798130034973951 ], [ 55.951771855787257, 25.804084539770457 ], [ 55.949984550347523, 25.807571410992438 ], [ 55.94539689994761, 25.800114750595924 ], [ 55.943132877381032, 25.797325253258634 ], [ 55.938902973694184, 25.792765617639873 ], [ 55.937830567227792, 25.792872905860492 ], [ 55.93413686722343, 25.786864757403151 ], [ 55.918471455993682, 25.769376754934001 ], [ 55.915326118506329, 25.768260956178835 ], [ 55.907633304234338, 25.757042408281137 ], [ 55.905864835094889, 25.755161762206114 ], [ 55.89843749979164, 25.748046756053498 ], [ 55.897168516814446, 25.746559977961226 ], [ 55.89308440672076, 25.744003772856388 ], [ 55.889585852405929, 25.74084866063788 ], [ 55.891289115301248, 25.743858218482671 ], [ 55.883427858010094, 25.738842368481272 ], [ 55.882641911695629, 25.738222837214806 ], [ 55.881921172524727, 25.736806630722214 ], [ 55.884279608617618, 25.738488435793244 ], [ 55.884738207103311, 25.737278580542664 ], [ 55.882314324647297, 25.735301851799761 ], [ 55.874387741501749, 25.731820345033583 ], [ 55.873929143016113, 25.729814052876748 ], [ 55.870201826354077, 25.726423978384503 ], [ 55.855240941316907, 25.718477844877413 ], [ 55.85061895839911, 25.718720555709467 ], [ 55.849243640482513, 25.722025037226501 ], [ 55.849767565721123, 25.725624442414812 ], [ 55.859988808637382, 25.732056379299053 ], [ 55.867063045823642, 25.734239816314954 ], [ 55.868635177672189, 25.735950946479448 ], [ 55.868307709334061, 25.736600041159505 ], [ 55.867063045823642, 25.736659050175746 ], [ 55.84838676463815, 25.726037621539575 ], [ 55.848321437884721, 25.72172987433504 ], [ 55.845308542655772, 25.718484520544905 ], [ 55.840854644826862, 25.718189358552792 ], [ 55.838300228473571, 25.715652108458499 ], [ 55.83692467223662, 25.714944004762657 ], [ 55.835352659098845, 25.714648842770657 ], [ 55.822777152044665, 25.715592980732225 ], [ 55.821532725955393, 25.718956470365271 ], [ 55.8183286186717, 25.717481255755786 ], [ 55.815708517634931, 25.718543529560975 ], [ 55.812695264475934, 25.717599272888833 ], [ 55.807847977103251, 25.718956470365271 ], [ 55.802542328666192, 25.718897462248663 ], [ 55.801625252204502, 25.716832161075985 ], [ 55.809485554415716, 25.716124057379886 ], [ 55.815119028221403, 25.717186332084168 ], [ 55.816429019384742, 25.715415954583392 ], [ 55.807193040427336, 25.71346867054325 ], [ 55.80083930499066, 25.715711116575477 ], [ 55.799005151167449, 25.712642550613793 ], [ 55.800773739916764, 25.711580515129356 ], [ 55.800053239066671, 25.710341334785227 ], [ 55.796123028156018, 25.713822841551661 ], [ 55.799332738216236, 25.719251632357725 ], [ 55.798546552682154, 25.723618149358856 ], [ 55.790492058062938, 25.710695266573822 ], [ 55.780930519128816, 25.703201174595193 ], [ 55.776080250504066, 25.697021365344284 ], [ 55.777508855050343, 25.696163058678991 ], [ 55.779223322599108, 25.696935653657931 ], [ 55.780937671437101, 25.695004344275645 ], [ 55.786081075881697, 25.697107315350792 ], [ 55.790367245652675, 25.693545341744937 ], [ 55.789700627682606, 25.691828727514263 ], [ 55.786557435977471, 25.690155028932224 ], [ 55.786081075881697, 25.693845748583186 ], [ 55.7837475537074, 25.694403648410145 ], [ 55.781414032432366, 25.689725756439117 ], [ 55.783461928126286, 25.689039230176974 ], [ 55.786128759735135, 25.690026164176913 ], [ 55.781556844773519, 25.686464309281092 ], [ 55.776318311841266, 25.691442370669449 ], [ 55.774937152828187, 25.691485405028089 ], [ 55.776842236180954, 25.695476532416592 ], [ 55.775556326164264, 25.696205973427453 ], [ 55.772698760040754, 25.688695907690516 ], [ 55.767127752244875, 25.679855346247706 ], [ 55.755652666438351, 25.665607452722526 ], [ 55.75284373744941, 25.663633346402264 ], [ 55.748986721460739, 25.664019465826328 ], [ 55.745510936181319, 25.667152404360365 ], [ 55.744463443634032, 25.669813156552522 ], [ 55.746463060122807, 25.671658515928499 ], [ 55.745939374103529, 25.672645449928353 ], [ 55.741701841467631, 25.67384707908019 ], [ 55.739130735495593, 25.67341804490755 ], [ 55.738464236236183, 25.674919963086552 ], [ 55.738272905471064, 25.67569255806572 ], [ 55.738320469714978, 25.67775237517256 ], [ 55.738749742207375, 25.678911209185486 ], [ 55.740035414803316, 25.680327415678363 ], [ 55.742987513163797, 25.682044029009319 ], [ 55.743606328569825, 25.682258606350359 ], [ 55.750034928070505, 25.682515978830054 ], [ 55.744939565409283, 25.683674811943689 ], [ 55.740082502406295, 25.681657672164391 ], [ 55.739272952485322, 25.680971145902419 ], [ 55.737701535598063, 25.678482055403293 ], [ 55.737463354650771, 25.676937102865651 ], [ 55.737653851744909, 25.675177455176055 ], [ 55.738653779149303, 25.673246264504144 ], [ 55.739987254308886, 25.671401023838996 ], [ 55.74198722872822, 25.670671343608262 ], [ 55.741891861021401, 25.669083476322072 ], [ 55.740558624181944, 25.668568610853242 ], [ 55.740987300424337, 25.667924761918812 ], [ 55.745272755234197, 25.664062500184997 ], [ 55.748629450489631, 25.660403847660234 ], [ 55.747736572985076, 25.658247351634742 ], [ 55.746629834000515, 25.656863450588531 ], [ 55.739881157690121, 25.649878859622333 ], [ 55.726887941625961, 25.640974045216723 ], [ 55.723603129181612, 25.639514923075836 ], [ 55.719305038897147, 25.639235854451641 ], [ 55.71120595948824, 25.634987831224237 ], [ 55.698428154436527, 25.630738735105012 ], [ 55.69502496692931, 25.628614425815641 ], [ 55.694305062329278, 25.627729177260477 ], [ 55.693995833141997, 25.626280903641401 ], [ 55.694239735575849, 25.626194953634894 ], [ 55.695037007052775, 25.627166032587013 ], [ 55.695750951845667, 25.627300143087666 ], [ 55.696613550076023, 25.626710057423963 ], [ 55.696851611413337, 25.626817345644668 ], [ 55.697577357110248, 25.629204511479713 ], [ 55.698362827683098, 25.629676461300448 ], [ 55.700129747290674, 25.629204511479713 ], [ 55.69986784492599, 25.626431107510285 ], [ 55.696530342102534, 25.623421549665579 ], [ 55.694739460958345, 25.625208020534416 ], [ 55.696006656083028, 25.622713446868744 ], [ 55.689657449632278, 25.620412230140886 ], [ 55.686845064548919, 25.617561459294478 ], [ 55.680889129830149, 25.614452243077295 ], [ 55.678009867561883, 25.616340636811657 ], [ 55.6785334348709, 25.613508224725365 ], [ 55.671466350892246, 25.609731555067725 ], [ 55.670877456829857, 25.608787536716051 ], [ 55.669765115068714, 25.601765513268361 ], [ 55.66633725196337, 25.595466137353071 ], [ 55.656063675698789, 25.589315056945026 ], [ 55.64880275724218, 25.587425947350226 ], [ 55.646723151453017, 25.585855603354133 ], [ 55.645182967120746, 25.578274726797702 ], [ 55.636761903439918, 25.568704604734336 ], [ 55.635334729714572, 25.562996745304332 ], [ 55.633384227900621, 25.561494827125273 ], [ 55.635905623846185, 25.559864044190988 ], [ 55.638331770795304, 25.554542541605628 ], [ 55.640329957362468, 25.553812861375178 ], [ 55.644429326253345, 25.547276258693017 ], [ 55.646746158808838, 25.546431541683006 ], [ 55.648264527386829, 25.549633026543518 ], [ 55.649154066607508, 25.547960400852475 ], [ 55.64763534099896, 25.544882416291131 ], [ 55.641528844481428, 25.542488574788678 ], [ 55.633669257230991, 25.535528302389963 ], [ 55.632917404215704, 25.537416457804028 ], [ 55.626031875371353, 25.539511442000219 ], [ 55.61811804731056, 25.535675764225772 ], [ 55.612951040159174, 25.535144806288514 ], [ 55.607653259890668, 25.532725453717092 ], [ 55.600393414325453, 25.535085677662266 ], [ 55.595422744464628, 25.534967660529844 ], [ 55.595880508379622, 25.533787607912359 ], [ 55.592217922220158, 25.531368255341192 ], [ 55.583388328908853, 25.528417826122364 ], [ 55.579790949893351, 25.52877175791096 ], [ 55.571288943630606, 25.532902360256287 ], [ 55.567796707053077, 25.530904769939752 ], [ 55.565972804601785, 25.524676918905385 ], [ 55.564225554066724, 25.525349259261503 ], [ 55.5636367796142, 25.535734772342664 ], [ 55.559778213194789, 25.537918210257942 ], [ 55.559451222396575, 25.544999241822239 ], [ 55.559842824987157, 25.549188852284175 ], [ 55.563964843303523, 25.558040141739696 ], [ 55.567170143088362, 25.570845008291315 ], [ 55.567170143088362, 25.573913454642792 ], [ 55.564226626958174, 25.580640434808942 ], [ 55.564553737365912, 25.58347284779444 ], [ 55.566385746305826, 25.585065960826171 ], [ 55.567563414820512, 25.584653020021506 ], [ 55.568217754346591, 25.581820607036008 ], [ 55.573517322466984, 25.581230521372021 ], [ 55.578817010197525, 25.582882642520445 ], [ 55.580387234583981, 25.584830045271161 ], [ 55.582219242624689, 25.590671777780983 ], [ 55.581368565807537, 25.591498017320333 ], [ 55.581565022708588, 25.598579048884716 ], [ 55.57992923234886, 25.605777978871345 ], [ 55.579471230113796, 25.605424046183572 ], [ 55.572208642515506, 25.593976259297648 ], [ 55.557299375866279, 25.585359454575638 ], [ 55.546809554018381, 25.566987871793543 ], [ 55.541766763026459, 25.556430816629614 ], [ 55.538478613198464, 25.553405165416763 ], [ 55.533149957405413, 25.54086315631028 ], [ 55.519583940647152, 25.517281174986948 ], [ 55.514549970205593, 25.510253548762819 ], [ 55.512088775777016, 25.509604812013151 ], [ 55.509886741680617, 25.506989479181613 ], [ 55.509577750813065, 25.501654743972011 ], [ 55.505985259612913, 25.500852704289457 ], [ 55.505637645561791, 25.500294804462129 ], [ 55.506024003305953, 25.496075749297177 ], [ 55.500925064041354, 25.488299846661249 ], [ 55.499882340598475, 25.486277461136496 ], [ 55.495247244665194, 25.480663657302728 ], [ 55.493315935283164, 25.481430769115178 ], [ 55.495787978233267, 25.476305127180552 ], [ 55.49645662327535, 25.475983142908262 ], [ 55.49739241642763, 25.476224541629875 ], [ 55.506082415172074, 25.48056983912744 ], [ 55.510226845493463, 25.480167508524374 ], [ 55.514148474173595, 25.478115558686795 ], [ 55.516688704620634, 25.474977374406791 ], [ 55.517446160412675, 25.472362160286252 ], [ 55.517580032593258, 25.470430970513604 ], [ 55.517446160412675, 25.468982577284606 ], [ 55.515396356357513, 25.463792562777286 ], [ 55.515128851216247, 25.463591456381153 ], [ 55.513925671633416, 25.463752269552089 ], [ 55.516153931759192, 25.469183922000809 ], [ 55.515440941147546, 25.474333644183076 ], [ 55.509825826101547, 25.479000807242215 ], [ 55.50483465169853, 25.479242205963601 ], [ 55.496902227456445, 25.474373936508556 ], [ 55.494495749580011, 25.475339532294299 ], [ 55.49182176566282, 25.481615900853825 ], [ 55.495609760482836, 25.472483039061586 ], [ 55.508087754047466, 25.465844511715517 ], [ 55.506839870964001, 25.463591456381153 ], [ 55.494228243539311, 25.470430970513604 ], [ 55.489370822606276, 25.482541323024122 ], [ 55.490306735368137, 25.478598356129794 ], [ 55.487722038841667, 25.474816441626274 ], [ 55.484736204213249, 25.476586819126965 ], [ 55.48041343653145, 25.475621223341591 ], [ 55.485360026144946, 25.47244274583673 ], [ 55.482062339905639, 25.466327310057892 ], [ 55.476150155406202, 25.469516515575521 ], [ 55.477314710905858, 25.477946639026925 ], [ 55.47395300822555, 25.46113717594065 ], [ 55.477161407074192, 25.459527849930879 ], [ 55.477072358003653, 25.458401441873633 ], [ 55.465980410368473, 25.443032264628016 ], [ 55.461079478435835, 25.437439918617912 ], [ 55.453241824751245, 25.429393172557326 ], [ 55.451373458019617, 25.427874446049401 ], [ 55.448965072680636, 25.426174641047481 ], [ 55.444733142821093, 25.425812601870632 ], [ 55.445536613324947, 25.424937843906974 ], [ 55.446656703644834, 25.424509048054887 ], [ 55.447891950354148, 25.42455184499218 ], [ 55.450791120914147, 25.426182746637039 ], [ 55.456445455394402, 25.424637675389192 ], [ 55.468420744123051, 25.429916262326344 ], [ 55.473933458762673, 25.43626785287978 ], [ 55.478733063180954, 25.435323714918184 ], [ 55.486289143629762, 25.430817604249654 ], [ 55.492372155251616, 25.430045127981032 ], [ 55.496221542291181, 25.428628921488155 ], [ 55.498027324302171, 25.42747020708515 ], [ 55.498217343856396, 25.42682635815072 ], [ 55.494463204913785, 25.424680709747491 ], [ 55.49047124385342, 25.426869272899182 ], [ 55.488332748658223, 25.426740646464339 ], [ 55.484863639046381, 25.423393249299721 ], [ 55.475881934404327, 25.427384257078558 ], [ 55.476261973512095, 25.428972243974329 ], [ 55.474218606803873, 25.43094635029459 ], [ 55.472507834569598, 25.429573059449751 ], [ 55.472412705183075, 25.42699813855387 ], [ 55.483578443091488, 25.421204447827648 ], [ 55.482580542758711, 25.419445037559171 ], [ 55.469038367028048, 25.426568866061103 ], [ 55.45981764776721, 25.422963976806699 ], [ 55.458629846590867, 25.420217513827794 ], [ 55.463238716494203, 25.414896011242547 ], [ 55.463711261666418, 25.410003542829742 ], [ 55.461716055452513, 25.410132408484429 ], [ 55.461905956295624, 25.413308143956357 ], [ 55.4601482151688, 25.416140556042393 ], [ 55.457962751080828, 25.415882945242316 ], [ 55.456205010853324, 25.410003542829742 ], [ 55.457440256663318, 25.40845870990205 ], [ 55.459863066228223, 25.408844948036659 ], [ 55.461098432547516, 25.407514453230249 ], [ 55.457630157506657, 25.404682159854417 ], [ 55.456252455486975, 25.401420474375925 ], [ 55.457440256663318, 25.399618148459496 ], [ 55.466846943132595, 25.398244857614543 ], [ 55.466656803968959, 25.395541071963351 ], [ 55.457915306446836, 25.3963993786289 ], [ 55.454162240395846, 25.398244857614543 ], [ 55.453307032794072, 25.401592254779331 ], [ 55.455779433674849, 25.422234534896376 ], [ 55.451265453938191, 25.423693657037177 ], [ 55.447416901469495, 25.422019958455053 ], [ 55.446656703644834, 25.420131563821229 ], [ 55.44409084341865, 25.418844222983125 ], [ 55.443473219614106, 25.41931617280386 ], [ 55.445421338224918, 25.422492026985964 ], [ 55.443805814087824, 25.424036860813146 ], [ 55.442190408661332, 25.425410151657843 ], [ 55.435490847025761, 25.414123534973811 ], [ 55.419622778968716, 25.394296645874249 ], [ 55.41881525522038, 25.393438339208672 ], [ 55.411642074622961, 25.388717651199386 ], [ 55.410169601147032, 25.388545870795866 ], [ 55.410644650031514, 25.389490127468008 ], [ 55.410312056456831, 25.389833449954551 ], [ 55.40983700757269, 25.389533043116217 ], [ 55.403043747371925, 25.383009910479757 ], [ 55.39800834610881, 25.380864143366153 ], [ 55.396488309288685, 25.379748344611187 ], [ 55.391134262037298, 25.375464677653497 ], [ 55.39190614205566, 25.373756169911815 ], [ 55.39128875747096, 25.372919440680135 ], [ 55.389821052200574, 25.372251868529503 ], [ 55.389642834449972, 25.366906642727969 ], [ 55.384767055655942, 25.361621856764003 ], [ 55.378399849274416, 25.357612013583946 ], [ 55.377782345079964, 25.356670617655624 ], [ 55.377164959596058, 25.354229808159772 ], [ 55.377550959409774, 25.352172375155362 ], [ 55.383871555728462, 25.345461607068273 ], [ 55.384393930536049, 25.343425750598641 ], [ 55.382630944563147, 25.34000325194927 ], [ 55.382598519506899, 25.338882207448393 ], [ 55.38325142821148, 25.337584018988025 ], [ 55.389559149835719, 25.331254005868374 ], [ 55.386331915585998, 25.326790809948506 ], [ 55.384100436786667, 25.324988245711722 ], [ 55.383055925491448, 25.32494544967318 ], [ 55.379732251542777, 25.326790809948506 ], [ 55.376551151614905, 25.332283854616804 ], [ 55.37674887656047, 25.334530572428605 ], [ 55.377109170152863, 25.333127022095113 ], [ 55.377713918363412, 25.332511544073242 ], [ 55.379245161635851, 25.333001017183648 ], [ 55.379715323603904, 25.333440661558058 ], [ 55.37941384297531, 25.334408878867237 ], [ 55.378193855063188, 25.334364056656653 ], [ 55.37757003313132, 25.335484146976285 ], [ 55.376759421111302, 25.334650387306084 ], [ 55.377277255241921, 25.340534448206824 ], [ 55.375968813610513, 25.353776454520528 ], [ 55.377164959596058, 25.358379125397022 ], [ 55.383570551740405, 25.362807512157531 ], [ 55.38773834734755, 25.367410063424387 ], [ 55.388353824470329, 25.372206210848674 ], [ 55.388317346169316, 25.373372555099991 ], [ 55.384111046987897, 25.374837040797502 ], [ 55.38526856888987, 25.376615523887978 ], [ 55.386542201362346, 25.376162052437536 ], [ 55.385229944807094, 25.377173423715305 ], [ 55.383300542886474, 25.374593138363252 ], [ 55.37029564372952, 25.367270708077228 ], [ 55.372997045278026, 25.368142247367473 ], [ 55.374347567986803, 25.3672356605978 ], [ 55.382490158394972, 25.371977925141721 ], [ 55.38526856888987, 25.369432448948857 ], [ 55.377550721089762, 25.363469958172715 ], [ 55.375736952199105, 25.36444616326051 ], [ 55.372225046549175, 25.359181046368803 ], [ 55.36705410486357, 25.361482501416759 ], [ 55.368597746189977, 25.369920730457949 ], [ 55.366245150294304, 25.362807512157531 ], [ 55.367557048919394, 25.353044151866612 ], [ 55.368869424185306, 25.351858734793325 ], [ 55.355612754425835, 25.33000934145872 ], [ 55.356253862226737, 25.328931212606022 ], [ 55.359251022017844, 25.330594062666535 ], [ 55.362040400644588, 25.330567240386557 ], [ 55.367707967749396, 25.326597571721237 ], [ 55.372248053905452, 25.325176119483103 ], [ 55.373197555423673, 25.323808074383834 ], [ 55.373286724103679, 25.316136956256202 ], [ 55.372040152231847, 25.314554452526636 ], [ 55.36975526809195, 25.314071655083268 ], [ 55.366402268150836, 25.315868854864277 ], [ 55.364889025708777, 25.318014621977937 ], [ 55.363702059103417, 25.322332858875086 ], [ 55.365719914742925, 25.323539853382073 ], [ 55.366610050214518, 25.326490402210823 ], [ 55.363939523291236, 25.326168537548426 ], [ 55.363345980633341, 25.322842478598034 ], [ 55.362990021772731, 25.326865911433458 ], [ 55.361328244603527, 25.328502058823574 ], [ 55.355470776655892, 25.328421473273153 ], [ 55.355126857918805, 25.317639112755302 ], [ 55.358193159387639, 25.315225124640392 ], [ 55.35987436730889, 25.313347458918798 ], [ 55.362449526525239, 25.312456965517214 ], [ 55.363209605639355, 25.311555743203627 ], [ 55.363779306370787, 25.309882044621332 ], [ 55.363399505583658, 25.3080368039559 ], [ 55.362687349542369, 25.307264327687278 ], [ 55.361832738191055, 25.306749343508159 ], [ 55.359696269168381, 25.306792259155998 ], [ 55.355701446465247, 25.311708331175311 ], [ 55.353239655786155, 25.314002036765146 ], [ 55.353144764719929, 25.315890311789218 ], [ 55.35124576078411, 25.316319346860865 ], [ 55.35081863407342, 25.315890311789218 ], [ 55.349536657691289, 25.311985015696479 ], [ 55.35081863407342, 25.308766245866252 ], [ 55.352052926602056, 25.306963920848943 ], [ 55.35756003846555, 25.302286148487639 ], [ 55.357749461768805, 25.30104160278853 ], [ 55.355327963415704, 25.298423647533895 ], [ 55.352764606901616, 25.298380851495637 ], [ 55.350580930666268, 25.299797057988513 ], [ 55.347590326932874, 25.307307243335373 ], [ 55.347447752912359, 25.309538840845363 ], [ 55.348729610583661, 25.315675735347696 ], [ 55.35262215159176, 25.320310473350247 ], [ 55.352052449961462, 25.321855544598435 ], [ 55.354533552681886, 25.326544046770721 ], [ 55.354017257291474, 25.327732204977991 ], [ 55.352361559539219, 25.328021765093183 ], [ 55.351079821477214, 25.326742529844523 ], [ 55.348863244443834, 25.327128648369211 ], [ 55.348836540874544, 25.325197458596591 ], [ 55.348142147343054, 25.324183702316788 ], [ 55.346192717520836, 25.323990464089235 ], [ 55.346780300371137, 25.322204232439873 ], [ 55.346486449590628, 25.321576475974325 ], [ 55.344029545827681, 25.320514440489603 ], [ 55.344456910858383, 25.318438410404866 ], [ 55.342709422002855, 25.315761447033907 ], [ 55.340283155443814, 25.312499999875769 ], [ 55.330085754454586, 25.299391865742706 ], [ 55.336998462609841, 25.307044268079125 ], [ 55.338182330151284, 25.306030511799065 ], [ 55.336793660899644, 25.303616523684411 ], [ 55.33075714152946, 25.297259211644075 ], [ 55.329109907297237, 25.296248435717473 ], [ 55.327552437995251, 25.296315551222449 ], [ 55.329154252867085, 25.29803204494354 ], [ 55.329302668883798, 25.300486326283391 ], [ 55.328694462780192, 25.298152804109151 ], [ 55.325490355496385, 25.295336365781452 ], [ 55.322731256143612, 25.29915857350997 ], [ 55.321173668130911, 25.299359679006585 ], [ 55.319705247899634, 25.297629833051047 ], [ 55.317880750097203, 25.297629833051047 ], [ 55.317213058336648, 25.298072338168396 ], [ 55.315522074784752, 25.300848364560977 ], [ 55.3151661159242, 25.301773667121608 ], [ 55.314988136493895, 25.303745150119255 ], [ 55.315744638105372, 25.304831505070666 ], [ 55.32010567194007, 25.30527412889856 ], [ 55.325668454536213, 25.303825735669932 ], [ 55.326202511537673, 25.303946256515218 ], [ 55.327181458658202, 25.306521177411099 ], [ 55.328783511850219, 25.305475235294637 ], [ 55.329334974330123, 25.305426955190285 ], [ 55.329985141901631, 25.30595803273755 ], [ 55.330029607081457, 25.306762576132485 ], [ 55.327465773027853, 25.309313535491953 ], [ 55.327671051378871, 25.312499999875769 ], [ 55.32939720112077, 25.316265821011513 ], [ 55.329432726140141, 25.319419979948918 ], [ 55.327224969657465, 25.321866154799693 ], [ 55.327581048127541, 25.328207016441382 ], [ 55.330928325682663, 25.326275825769386 ], [ 55.330750346252358, 25.326694249740427 ], [ 55.325052857803911, 25.331200241698468 ], [ 55.321990609579842, 25.331007241791468 ], [ 55.315830946042041, 25.332841753544756 ], [ 55.312198519546627, 25.337154746495003 ], [ 55.312234043667132, 25.339633226792699 ], [ 55.30764043346008, 25.344235778059385 ], [ 55.308459639401718, 25.345169305819468 ], [ 55.296528339212301, 25.354052662401074 ], [ 55.294676304168746, 25.353248119006253 ], [ 55.29417765167787, 25.352185845201063 ], [ 55.294248938238553, 25.348774075463922 ], [ 55.295887231411342, 25.343978404680342 ], [ 55.293679356218064, 25.339826345410074 ], [ 55.294427156888702, 25.338313459998886 ], [ 55.293287634917334, 25.336736440335073 ], [ 55.293288349878225, 25.331039428527589 ], [ 55.293680072078502, 25.330427765429732 ], [ 55.29681384608287, 25.330781936437916 ], [ 55.301092624325889, 25.329193949541889 ], [ 55.301941632900963, 25.332262516402409 ], [ 55.304220557233776, 25.332520008492281 ], [ 55.309419512800986, 25.329108237855422 ], [ 55.320422768396924, 25.328528761493601 ], [ 55.321991443251164, 25.327705978948558 ], [ 55.325479268654163, 25.324666499759871 ], [ 55.32711744311635, 25.318647623289763 ], [ 55.326010942451745, 25.315750837731485 ], [ 55.322201132776939, 25.314141511721971 ], [ 55.321987509616719, 25.313690901014894 ], [ 55.322521447907235, 25.312499999875769 ], [ 55.322909235573405, 25.312499999875769 ], [ 55.323932766584818, 25.310906648523684 ], [ 55.323265314043766, 25.308372020852545 ], [ 55.314631819703351, 25.306078672293495 ], [ 55.312629222861034, 25.303745150119255 ], [ 55.312896132651105, 25.299721956503674 ], [ 55.311115980418748, 25.296181440721426 ], [ 55.307778358884917, 25.295256018550873 ], [ 55.307244300984479, 25.294773221108045 ], [ 55.307288766164589, 25.294169664498838 ], [ 55.30871295953628, 25.291956901490352 ], [ 55.313652753872276, 25.292520046163929 ], [ 55.314898371563373, 25.291111946159958 ], [ 55.322597741893134, 25.296261906662181 ], [ 55.324689269095217, 25.294451355546386 ], [ 55.310404301018565, 25.283749342259085 ], [ 55.295966625360307, 25.275954722932823 ], [ 55.294918417851449, 25.27559196969429 ], [ 55.294769525194312, 25.275375724110887 ], [ 55.295012354736997, 25.270568728165046 ], [ 55.292055010631117, 25.267915845040676 ], [ 55.291728258153427, 25.267102956836453 ], [ 55.292271137503604, 25.266322612399392 ], [ 55.293651223625972, 25.265666842051871 ], [ 55.295272469249682, 25.265643715985362 ], [ 55.297664522900249, 25.266923904515039 ], [ 55.302309155244103, 25.267165303236681 ], [ 55.307309746448453, 25.265678643854955 ], [ 55.314629435600551, 25.258939028214087 ], [ 55.316536546025333, 25.258836865229711 ], [ 55.321367740929105, 25.255529761290205 ], [ 55.319792867047937, 25.254322767682311 ], [ 55.320963978605533, 25.253240704295592 ], [ 55.328703642159979, 25.2488336566486 ], [ 55.329270958788271, 25.248251318644122 ], [ 55.332964539182882, 25.239923834817688 ], [ 55.337527752304737, 25.235532522608366 ], [ 55.337247848210524, 25.233608842175101 ], [ 55.339484572755651, 25.233836054990604 ], [ 55.345842003506249, 25.229802131563844 ], [ 55.347617149212937, 25.227833509309477 ], [ 55.348829865206852, 25.225982547157571 ], [ 55.348165750949562, 25.223193049819912 ], [ 55.351009606908661, 25.211133956867258 ], [ 55.350155830127989, 25.206027030723675 ], [ 55.349444270337614, 25.204310417392463 ], [ 55.347309947097273, 25.201263427965301 ], [ 55.344701409543148, 25.199289321645466 ], [ 55.330851078415236, 25.190877913985219 ], [ 55.328780174466289, 25.192899227517927 ], [ 55.329808950323553, 25.19422745693231 ], [ 55.328871249709124, 25.19585990900822 ], [ 55.327644229098695, 25.194878817004508 ], [ 55.326515078108883, 25.195749044183799 ], [ 55.329059124379597, 25.19878447012789 ], [ 55.324756145380348, 25.197672605906661 ], [ 55.323568344204347, 25.194550037454775 ], [ 55.317354679075805, 25.190669416960674 ], [ 55.317245721713363, 25.193428277993291 ], [ 55.320266843040969, 25.19592201708798 ], [ 55.320321917523444, 25.19631481128016 ], [ 55.318814158247534, 25.196380257643511 ], [ 55.318423151907808, 25.196669578538746 ], [ 55.318319201070864, 25.197740912114028 ], [ 55.318773269671539, 25.198426246774517 ], [ 55.332483052951289, 25.204331278966094 ], [ 55.333033322930106, 25.204868316320415 ], [ 55.335642218414336, 25.208044051792342 ], [ 55.336593032043567, 25.2121776344907 ], [ 55.344633937007103, 25.220059752456223 ], [ 55.344187855285867, 25.225655078819443 ], [ 55.336881637977939, 25.231258749992037 ], [ 55.336987257056904, 25.233206152742468 ], [ 55.335499524784069, 25.232291222062884 ], [ 55.334073066919501, 25.232979654887941 ], [ 55.327955722779308, 25.238374352395141 ], [ 55.324578047239839, 25.247370600873211 ], [ 55.312852859072706, 25.256278157311726 ], [ 55.307541012508324, 25.262578725728389 ], [ 55.302255749903594, 25.26513755325621 ], [ 55.291916013214035, 25.264528512581535 ], [ 55.290249228619729, 25.26547002811995 ], [ 55.290925145579564, 25.269007563548996 ], [ 55.294060349506168, 25.271051645217966 ], [ 55.294230460767977, 25.272388458661197 ], [ 55.293267964945272, 25.275972843372728 ], [ 55.291500449087408, 25.28157413044238 ], [ 55.274266123783292, 25.268581509729557 ], [ 55.274202942812082, 25.265636444067297 ], [ 55.275389432776848, 25.26477813740172 ], [ 55.286826253329679, 25.272760271669597 ], [ 55.288060069217551, 25.271387100435106 ], [ 55.283163547560235, 25.264732361010232 ], [ 55.284837603173656, 25.264847755720126 ], [ 55.282808780301849, 25.261757850644841 ], [ 55.283342838202174, 25.263278722935354 ], [ 55.281741142040829, 25.263399362491128 ], [ 55.275014638515273, 25.256302357168863 ], [ 55.270199060339252, 25.261631965343383 ], [ 55.271068453846993, 25.269026755980633 ], [ 55.266702413486456, 25.275120734834616 ], [ 55.266417622476155, 25.282115936002356 ], [ 55.26333284353646, 25.28327465040536 ], [ 55.26096010192785, 25.282630920181475 ], [ 55.259963512806706, 25.281944155598836 ], [ 55.259536504806675, 25.280914306850519 ], [ 55.259963512806706, 25.278210639909872 ], [ 55.258872031719505, 25.277480959679167 ], [ 55.258350014841909, 25.272760271669597 ], [ 55.259109258486063, 25.273575663586428 ], [ 55.261861800882031, 25.273232341100254 ], [ 55.260437965440332, 25.267438769084521 ], [ 55.25602471786695, 25.268898009935867 ], [ 55.256120443504273, 25.272374153145421 ], [ 55.25426983838301, 25.264477729664293 ], [ 55.255171418626702, 25.263190150505608 ], [ 55.268386364340103, 25.260679721792513 ], [ 55.275148153665185, 25.253770351021359 ], [ 55.270664214882373, 25.249521732442815 ], [ 55.266037941298606, 25.252912044356151 ], [ 55.263309836180639, 25.250208258704959 ], [ 55.267498135431339, 25.246549844500493 ], [ 55.265718817770136, 25.244650840564333 ], [ 55.26557624374928, 25.244079351081751 ], [ 55.265248656700948, 25.243172765211568 ], [ 55.266231656166752, 25.24353897544384 ], [ 55.264094948823782, 25.237263321845347 ], [ 55.263160944422879, 25.2359222177368 ], [ 55.262942075516918, 25.237511515844318 ], [ 55.261871218582684, 25.234297514219548 ], [ 55.258147120593861, 25.234061360343986 ], [ 55.259748339215008, 25.233860253948279 ], [ 55.259837150864627, 25.232371568393717 ], [ 55.259570241074499, 25.231808423720423 ], [ 55.258280634844169, 25.230198979000363 ], [ 55.256371378637169, 25.229849100456335 ], [ 55.256055951321883, 25.22650563692622 ], [ 55.253610611041694, 25.225773453882255 ], [ 55.253210425321555, 25.227543711773649 ], [ 55.253299355681321, 25.22585391982301 ], [ 55.251119971010468, 25.224244475103205 ], [ 55.252676725351449, 25.224566340664694 ], [ 55.253502964890657, 25.222856521711776 ], [ 55.250327944379961, 25.217533707914839 ], [ 55.249687552439156, 25.216761231646217 ], [ 55.244924664642411, 25.212754010889569 ], [ 55.245885253002911, 25.211812376640495 ], [ 55.245711923067489, 25.211245179622097 ], [ 55.245124936467477, 25.21049690231078 ], [ 55.243137120882267, 25.210545062804954 ], [ 55.244151115482367, 25.213369607621928 ], [ 55.24277687045705, 25.21059334290922 ], [ 55.241696357501638, 25.210424542859016 ], [ 55.242883563326842, 25.209917545558881 ], [ 55.242496848551269, 25.208420753515668 ], [ 55.238945842177515, 25.204866170537855 ], [ 55.23717701420847, 25.204947352339047 ], [ 55.238282561591888, 25.204063654214934 ], [ 55.237268924921835, 25.201794505512652 ], [ 55.236415148141162, 25.200659751746599 ], [ 55.231133103310839, 25.193973064805817 ], [ 55.228598713959997, 25.193079948081873 ], [ 55.226037740650128, 25.1874071361311 ], [ 55.223636865549821, 25.186803459912397 ], [ 55.221689701119573, 25.184341311303058 ], [ 55.221022725219115, 25.181347846826412 ], [ 55.217661618789663, 25.179223656247416 ], [ 55.217848420568686, 25.176689028576476 ], [ 55.215180873998662, 25.175699233833058 ], [ 55.216621279449129, 25.174975037668588 ], [ 55.215607642779077, 25.173309445574944 ], [ 55.214060664069308, 25.172174811419154 ], [ 55.213420629159629, 25.173309445574944 ], [ 55.214887619468669, 25.17661654951479 ], [ 55.212993860378987, 25.172705769356583 ], [ 55.21142017809936, 25.172754049460593 ], [ 55.209497332236737, 25.166906952494344 ], [ 55.199545621534099, 25.154121756814305 ], [ 55.197725057366057, 25.154104828875433 ], [ 55.198866010158923, 25.153648853712383 ], [ 55.196939945622972, 25.151918649826541 ], [ 55.196233341096359, 25.152380769157787 ], [ 55.195312500072561, 25.150143146189805 ], [ 55.192116021737917, 25.145252823559588 ], [ 55.18886375395968, 25.144703626471852 ], [ 55.190226555112446, 25.143912434411988 ], [ 55.190300703315614, 25.143711209305451 ], [ 55.189723014806106, 25.142598152583389 ], [ 55.189455866695567, 25.142488837290642 ], [ 55.188327052951905, 25.143383075469188 ], [ 55.18818223512281, 25.141806840913688 ], [ 55.186519860803543, 25.140589118393706 ], [ 55.185900568756921, 25.141806840913688 ], [ 55.184552550660584, 25.141538619912183 ], [ 55.184819221230811, 25.140411972635036 ], [ 55.186315536633771, 25.140210867138421 ], [ 55.186327457147087, 25.140031218566492 ], [ 55.186185359767506, 25.138515830342072 ], [ 55.184836507099732, 25.136718750170814 ], [ 55.184745550567499, 25.136729359472866 ], [ 55.181590318739296, 25.132730245205408 ], [ 55.180843710569349, 25.131957650225957 ], [ 55.178630470920012, 25.131531358086391 ], [ 55.179599404089998, 25.131104826727011 ], [ 55.178760767396199, 25.129573345134446 ], [ 55.167053580059502, 25.116999149291843 ], [ 55.163174271675899, 25.114568352847897 ], [ 55.16500842549911, 25.114620566586666 ], [ 55.162432551322041, 25.112278342572097 ], [ 55.162162442643336, 25.112328007632243 ], [ 55.162114739004807, 25.110374808751033 ], [ 55.159215450633184, 25.109167814243676 ], [ 55.158399224145825, 25.106809973502095 ], [ 55.156674146395659, 25.107206344297907 ], [ 55.157627940377921, 25.106230020499567 ], [ 55.156674146395659, 25.104840636286923 ], [ 55.156042685622111, 25.105487850484451 ], [ 55.155910253256337, 25.104412913325945 ] ], [ [ 55.197384357303093, 25.15517771288188 ], [ 55.1961399321128, 25.152441859205197 ], [ 55.196233341096359, 25.152380769157787 ], [ 55.197384357303093, 25.15517771288188 ] ], [ [ 55.188515487900105, 25.145434036951883 ], [ 55.188069343226545, 25.14358723146637 ], [ 55.188327052951905, 25.143383075469188 ], [ 55.188515487900105, 25.145434036951883 ] ], [ [ 55.188629150515936, 25.145904540662798 ], [ 55.188555955593557, 25.145874500608272 ], [ 55.188515487900105, 25.145434036951883 ], [ 55.188629150515936, 25.145904540662798 ] ], [ [ 55.162231326215448, 25.115148425460063 ], [ 55.161629915389057, 25.112425923118451 ], [ 55.162162442643336, 25.112328007632243 ], [ 55.162231326215448, 25.115148425460063 ] ], [ [ 55.15636312935581, 25.108088850820366 ], [ 55.155575155969558, 25.105967045243602 ], [ 55.156042685622111, 25.105487850484451 ], [ 55.15636312935581, 25.108088850820366 ] ], [ [ 56.028417348782369, 25.885242820000769 ], [ 56.029138922524027, 25.884888648992586 ], [ 56.029270052671478, 25.885124802867978 ], [ 56.028351664098835, 25.889078259454806 ], [ 56.030842662059769, 25.895569324065775 ], [ 56.034647822240146, 25.899699926410989 ], [ 56.037796735431897, 25.901057123887796 ], [ 56.039764762334556, 25.904715656802722 ], [ 56.037468671742573, 25.906249761717845 ], [ 56.03812468041022, 25.909731268483654 ], [ 56.045341133687174, 25.914510965509294 ], [ 56.04927444456078, 25.924601554918382 ], [ 56.050322055819294, 25.930561423271712 ], [ 56.053340911754304, 25.934986949288657 ], [ 56.05425965825728, 25.939294576883896 ], [ 56.058131456402208, 25.941064953485579 ], [ 56.057868957786837, 25.947201847987401 ], [ 56.052618980082713, 25.949031114894581 ], [ 56.052094101562176, 25.949562072831924 ], [ 56.051700353189318, 25.95292556246531 ], [ 56.052356601076923, 25.954990863637988 ], [ 56.055572152233623, 25.954990863637988 ], [ 56.056097149464762, 25.955639958318045 ], [ 56.056359648979509, 25.956289052998073 ], [ 56.050256610354978, 25.963488221305084 ], [ 56.049731612224861, 25.963547229421778 ], [ 56.045269012555679, 25.946906804705861 ], [ 56.040418505610234, 25.934278845592786 ], [ 56.025660038180746, 25.902355313247625 ], [ 56.01700353648468, 25.888665318650226 ], [ 56.021332860223907, 25.889432430462705 ], [ 56.028417348782369, 25.885242820000769 ] ], [ [ 56.050523400535127, 25.901883244716714 ], [ 56.050588845999158, 25.903535365865139 ], [ 56.052556753292407, 25.904184460545167 ], [ 56.047571539595452, 25.905659675154567 ], [ 56.0473747256639, 25.903240442193152 ], [ 56.047833919500675, 25.902414322263724 ], [ 56.049014568368563, 25.90200114223947 ], [ 56.049736142110106, 25.901942252833408 ], [ 56.050523400535127, 25.901883244716714 ] ], [ [ 56.045530319569394, 25.906503200562781 ], [ 56.047424912330627, 25.906569838527787 ], [ 56.047554254625908, 25.906913876874398 ], [ 56.045797824710661, 25.907981157205342 ], [ 56.044721841640552, 25.908282279903858 ], [ 56.043893932959207, 25.907745957510684 ], [ 56.045530319569394, 25.906503200562781 ] ], [ [ 56.041896343542277, 25.896629571698043 ], [ 56.043795347477868, 25.897483348478431 ], [ 56.044629454286479, 25.900204419998516 ], [ 56.041646361690908, 25.901866913028357 ], [ 56.040191531114857, 25.898715734444238 ], [ 56.040185332088157, 25.898147940276004 ], [ 56.041398525622213, 25.896636843616221 ], [ 56.041896343542277, 25.896629571698043 ] ], [ [ 56.033040404591731, 25.88896095728299 ], [ 56.033773541816259, 25.8907231095844 ], [ 56.034868955638586, 25.895025014793191 ], [ 56.034195661101563, 25.896437644682322 ], [ 56.030963778256506, 25.892730951272966 ], [ 56.032274603990487, 25.889210820423756 ], [ 56.033040404591731, 25.88896095728299 ] ], [ [ 56.004896044717469, 25.86803281326425 ], [ 56.010906219347277, 25.882351279288656 ], [ 56.015038132904152, 25.886422872618169 ], [ 56.009069800132153, 25.887485146423074 ], [ 56.002838135072722, 25.868130325854423 ], [ 55.995150804866654, 25.855118751929638 ], [ 55.986566424301856, 25.845406651196583 ], [ 55.983382940271184, 25.839843749889866 ], [ 55.983233332652759, 25.839843749889866 ], [ 55.976454258358132, 25.830397009415208 ], [ 55.976910113911259, 25.830252051291637 ], [ 55.977341175155942, 25.830665707956484 ], [ 55.983447074523582, 25.836619735213304 ], [ 55.986317873272043, 25.842951059544504 ], [ 55.994642258034645, 25.850958824490846 ], [ 55.994970202113706, 25.853614211327482 ], [ 55.997329950317607, 25.855089425936882 ], [ 56.004896044717469, 25.86803281326425 ] ], [ [ 55.963566541763413, 25.781661153240407 ], [ 55.961508512508686, 25.785837173147598 ], [ 55.958562373955289, 25.785738229736268 ], [ 55.958443403540883, 25.783914327284975 ], [ 55.961108208078173, 25.782465577025306 ], [ 55.963566541763413, 25.781661153240407 ] ], [ [ 55.950898051104986, 25.782415270748658 ], [ 55.951544642072434, 25.782511353416709 ], [ 55.952199935779021, 25.78352677793913 ], [ 55.951109648092626, 25.787583708721911 ], [ 55.947489976681794, 25.784388780818347 ], [ 55.948825001373478, 25.78297770046089 ], [ 55.950898051104986, 25.782415270748658 ] ], [ [ 55.875763535159905, 25.735242843683068 ], [ 55.876353025472469, 25.735360860815746 ], [ 55.880218029239273, 25.737013221183759 ], [ 55.879366516951933, 25.738783359465202 ], [ 55.875042915598925, 25.737367152972325 ], [ 55.875042915598925, 25.736836075425316 ], [ 55.875763535159905, 25.735242843683068 ] ], [ [ 55.85670042048875, 25.723028063694784 ], [ 55.85689675778022, 25.723441242819661 ], [ 55.855848669881112, 25.724090337499717 ], [ 55.857224344828552, 25.724739432179746 ], [ 55.861089348595414, 25.724798441195816 ], [ 55.861482500717642, 25.725034355851363 ], [ 55.861482500717642, 25.726273655805045 ], [ 55.860827446230502, 25.726391554227632 ], [ 55.853424907034679, 25.724385261171676 ], [ 55.856045246391915, 25.723087072711024 ], [ 55.85670042048875, 25.723028063694784 ] ], [ [ 55.838955044640358, 25.71931064137371 ], [ 55.839675545490621, 25.718720555709467 ], [ 55.840396046341226, 25.718720555709467 ], [ 55.841444135139426, 25.718720555709467 ], [ 55.847338915059396, 25.722437978030797 ], [ 55.847469925597323, 25.725506543992594 ], [ 55.843474507543448, 25.723795175507604 ], [ 55.839282751298612, 25.722910046562106 ], [ 55.838955044640358, 25.71931064137371 ] ], [ [ 55.837972641424841, 25.722674131006841 ], [ 55.830178380029253, 25.721198916397611 ], [ 55.822711706580577, 25.719015479381511 ], [ 55.822973728555468, 25.717894434880833 ], [ 55.82375955615916, 25.716773152059915 ], [ 55.824873209132051, 25.716537237404367 ], [ 55.828541040137594, 25.717363357333568 ], [ 55.83476316968509, 25.715711116575477 ], [ 55.835745811221074, 25.715888142724339 ], [ 55.836728334046285, 25.716301203138556 ], [ 55.837710738160609, 25.717245340200776 ], [ 55.838103651962768, 25.718484520544905 ], [ 55.838169217036324, 25.722084045343109 ], [ 55.837972641424841, 25.722674131006841 ] ], [ [ 55.725011945046191, 25.650823116294475 ], [ 55.725321531264541, 25.651241541164865 ], [ 55.724547863394008, 25.652148127934254 ], [ 55.721298933000099, 25.653682351559979 ], [ 55.715497135785, 25.65417051345915 ], [ 55.715574502661838, 25.653751968978924 ], [ 55.720602750717177, 25.653333545007911 ], [ 55.722768664443009, 25.651450753150471 ], [ 55.725011945046191, 25.650823116294475 ] ], [ [ 55.587975263448385, 25.585999846516359 ], [ 55.589435458480494, 25.586056470530281 ], [ 55.590241671017026, 25.586239576096375 ], [ 55.591778159135544, 25.588877677963097 ], [ 55.597113847626844, 25.588912248801932 ], [ 55.59749877454945, 25.589122653288456 ], [ 55.602689027377238, 25.59301245226348 ], [ 55.603913306854139, 25.594295144505679 ], [ 55.606948256157949, 25.599850177644299 ], [ 55.609730959117002, 25.599968552707224 ], [ 55.609950542084476, 25.600292444441351 ], [ 55.609542965735983, 25.601753115214763 ], [ 55.607303857987375, 25.602945447175046 ], [ 55.607538461431574, 25.603119850001633 ], [ 55.612946152343881, 25.603165626393007 ], [ 55.618746638347403, 25.601869702425404 ], [ 55.617715358777417, 25.603658079856984 ], [ 55.619317651189391, 25.606211304608593 ], [ 55.623891472714121, 25.602579712684161 ], [ 55.621123075270276, 25.601883173370481 ], [ 55.620174408323095, 25.598844647463153 ], [ 55.627823710696447, 25.600428342794459 ], [ 55.62885415569545, 25.599197149329427 ], [ 55.628278851288684, 25.598195433173174 ], [ 55.630561947576695, 25.597705960062768 ], [ 55.63128936331421, 25.594271779219781 ], [ 55.636073351005081, 25.590054869837047 ], [ 55.636453866753442, 25.591664314557107 ], [ 55.63792920097265, 25.590441226681861 ], [ 55.63114714632448, 25.60281336284703 ], [ 55.634587049553744, 25.603173851592629 ], [ 55.635821342082039, 25.602277755414747 ], [ 55.638478041029458, 25.59807467490711 ], [ 55.638738155542143, 25.593230724019179 ], [ 55.640046715883983, 25.59747934349744 ], [ 55.64505827432086, 25.600001573114611 ], [ 55.646680117094348, 25.602641702053461 ], [ 55.642712831632622, 25.611362457611932 ], [ 55.645496844903988, 25.609130859202594 ], [ 55.647424340261722, 25.605375647369016 ], [ 55.648447513342745, 25.605890751157801 ], [ 55.648590326582934, 25.607113838133671 ], [ 55.642142057111101, 25.613680958410043 ], [ 55.642554521274889, 25.615785240697051 ], [ 55.645440339600697, 25.615489125423494 ], [ 55.645068526592098, 25.618121623614854 ], [ 55.646520137595104, 25.61859357343522 ], [ 55.648994803867623, 25.61580407609793 ], [ 55.64870917828685, 25.608637332847167 ], [ 55.649613380054205, 25.608444214229877 ], [ 55.650922060005684, 25.611448168398681 ], [ 55.650351047163696, 25.616104602545931 ], [ 55.651268959095859, 25.618722557800453 ], [ 55.654438257220448, 25.615706324287999 ], [ 55.652693152467606, 25.614385843432473 ], [ 55.653363704971838, 25.613203406712302 ], [ 55.658285140547406, 25.61290645596867 ], [ 55.661629557358907, 25.614335060515401 ], [ 55.665612339938406, 25.613174676970345 ], [ 55.663831829776115, 25.615618348108853 ], [ 55.657673716669734, 25.614828943901244 ], [ 55.657274007590132, 25.616428255959846 ], [ 55.653705954566959, 25.617690921199426 ], [ 55.655686616944791, 25.618981957352077 ], [ 55.654937148031905, 25.620405554473507 ], [ 55.662441610992488, 25.62242555589529 ], [ 55.668836950865483, 25.621665239359857 ], [ 55.67419600464271, 25.625095248247618 ], [ 55.679431557221307, 25.632648349242658 ], [ 55.685476422299956, 25.63595294946964 ], [ 55.689376950186755, 25.641188621658245 ], [ 55.695565462177257, 25.646080851750554 ], [ 55.70132577456539, 25.647840380729605 ], [ 55.703563332782238, 25.651316642649533 ], [ 55.709275961317331, 25.652260661001208 ], [ 55.712944268963469, 25.653612613631765 ], [ 55.712789654819375, 25.655844211142096 ], [ 55.711225748170392, 25.656876206572264 ], [ 55.702468275990981, 25.652132034566364 ], [ 55.691233516014591, 25.644021034643714 ], [ 55.679764747945484, 25.633764147997482 ], [ 55.672815561489728, 25.62990176665383 ], [ 55.664900780147633, 25.628066658649971 ], [ 55.653681754709993, 25.622220039224118 ], [ 55.645020842738603, 25.62158703791215 ], [ 55.64207577707603, 25.620272755184061 ], [ 55.637107967958997, 25.620567679755425 ], [ 55.6367510558172, 25.619441151188795 ], [ 55.631499051940267, 25.617399454521859 ], [ 55.616887450096584, 25.612760543664905 ], [ 55.609174728431668, 25.607643246539311 ], [ 55.60335695745826, 25.60634124315439 ], [ 55.610876917536558, 25.613164901339729 ], [ 55.616017103307428, 25.613722801167029 ], [ 55.616302609278847, 25.614452243077295 ], [ 55.614303707750793, 25.615095973301266 ], [ 55.617159247702006, 25.614666939128625 ], [ 55.618967771746128, 25.615525245794089 ], [ 55.618111252932891, 25.617198944376412 ], [ 55.622870564125861, 25.617156028728488 ], [ 55.62353694467518, 25.618314743131492 ], [ 55.629010319371588, 25.617971420645318 ], [ 55.633579253980002, 25.619645118328236 ], [ 55.634055257045048, 25.620718002334513 ], [ 55.638243556295805, 25.621962547134444 ], [ 55.642765045371192, 25.621361732558654 ], [ 55.645668268276637, 25.623164057575963 ], [ 55.641337156684955, 25.623893737806441 ], [ 55.63215160361446, 25.620760917982608 ], [ 55.625202655478944, 25.62166214029611 ], [ 55.618158817176464, 25.61857223522108 ], [ 55.616017103307428, 25.617413520818076 ], [ 55.600739240524291, 25.606856346044225 ], [ 55.598757148224678, 25.602125763693778 ], [ 55.591886878177576, 25.59642791731531 ], [ 55.590697169539482, 25.593338013139515 ], [ 55.586250305308141, 25.588540315283979 ], [ 55.586935877389379, 25.586891054878748 ], [ 55.587975263448385, 25.585999846516359 ] ], [ [ 55.699231267010106, 25.629284858709923 ], [ 55.699026346589363, 25.629268050380972 ], [ 55.698636531851008, 25.629150748209241 ], [ 55.698279500099687, 25.628829002257419 ], [ 55.69798195400486, 25.628587603535777 ], [ 55.697773814011128, 25.628346204814221 ], [ 55.697922468347969, 25.628158449753215 ], [ 55.69822001444291, 25.628077864202538 ], [ 55.698309302733065, 25.628051042822051 ], [ 55.698606729218028, 25.628185153322789 ], [ 55.698606729218028, 25.628319263823556 ], [ 55.698606729218028, 25.628480315314988 ], [ 55.698814869211702, 25.628614425815641 ], [ 55.699231267010106, 25.628641248095761 ], [ 55.699469447057851, 25.628855824537283 ], [ 55.699469447057851, 25.62899863687835 ], [ 55.699469447057851, 25.629150748209241 ], [ 55.699439644424984, 25.629231333759577 ], [ 55.699231267010106, 25.629284858709923 ] ], [ [ 55.698309302733065, 25.627809644100495 ], [ 55.698041558372012, 25.627782940530921 ], [ 55.697803378324039, 25.627622008649411 ], [ 55.69774401227707, 25.627434253588575 ], [ 55.69774401227707, 25.627112269316541 ], [ 55.697862863980532, 25.626924633865372 ], [ 55.698160528786303, 25.6268708705949 ], [ 55.69836866877975, 25.626951456145235 ], [ 55.698398351803149, 25.627085447036336 ], [ 55.69836866877975, 25.627246379817194 ], [ 55.698338866146656, 25.627407431308626 ], [ 55.698398351803149, 25.627648830030267 ], [ 55.698309302733065, 25.627809644100495 ] ], [ [ 55.683429956527988, 25.62782514121804 ], [ 55.684569239279682, 25.628271103329467 ], [ 55.688409924479259, 25.631820917202191 ], [ 55.687044620513717, 25.632219314170754 ], [ 55.686568617448671, 25.632047653377185 ], [ 55.684728264598363, 25.630588054595506 ], [ 55.68237960323674, 25.627884745585277 ], [ 55.683429956527988, 25.62782514121804 ] ], [ [ 55.681347132065554, 25.619586110211372 ], [ 55.679645538311576, 25.617343664179486 ], [ 55.680169105620649, 25.615278363006809 ], [ 55.682001471591235, 25.617697835187556 ], [ 55.684292078117579, 25.618228912734907 ], [ 55.685731768606871, 25.619114041680433 ], [ 55.686582565034172, 25.620589256289747 ], [ 55.686779021935109, 25.623244643126384 ], [ 55.684684753599214, 25.621710419500744 ], [ 55.681347132065554, 25.619586110211372 ] ], [ [ 55.624295949998867, 25.597779751235237 ], [ 55.621678709705549, 25.596470832963348 ], [ 55.620679258941294, 25.596942901494259 ], [ 55.620917320279005, 25.595419406780849 ], [ 55.621488333120993, 25.594625353977449 ], [ 55.624557614043255, 25.594539642291323 ], [ 55.625794768214718, 25.593466758284904 ], [ 55.619630456081751, 25.594013810489685 ], [ 55.619060159099689, 25.592531442672737 ], [ 55.620155930852121, 25.591363906819396 ], [ 55.611288547129703, 25.592095851542894 ], [ 55.60973560771302, 25.593294977881499 ], [ 55.609189748908449, 25.590458869581823 ], [ 55.615026235672957, 25.590193510222889 ], [ 55.616577029307138, 25.587725162586992 ], [ 55.614464163890744, 25.587922811089612 ], [ 55.612495422026797, 25.58664321881011 ], [ 55.607896327754105, 25.579072952455533 ], [ 55.604915141721136, 25.576452851418424 ], [ 55.605421304450289, 25.575645804310881 ], [ 55.604180812894953, 25.574459552666951 ], [ 55.605379819623721, 25.572376251563412 ], [ 55.60574817653773, 25.572049379475772 ], [ 55.615664243510679, 25.568990946175916 ], [ 55.616592526424796, 25.569221854305766 ], [ 55.621240019512044, 25.571680069280376 ], [ 55.623588919194077, 25.576858758625292 ], [ 55.626009225945921, 25.578065871843279 ], [ 55.627005576746711, 25.580297827283658 ], [ 55.634316324839318, 25.584912299963179 ], [ 55.634551644143784, 25.585292458680584 ], [ 55.633314728292959, 25.588498711746752 ], [ 55.629411459272291, 25.59024810806423 ], [ 55.629982352504356, 25.593230724019179 ], [ 55.630014657950625, 25.594467163229552 ], [ 55.628907204004832, 25.595659732611296 ], [ 55.62697815911568, 25.596737146502562 ], [ 55.624295949998867, 25.597779751235237 ] ], [ [ 55.613598108666594, 25.56035482851297 ], [ 55.604358434394754, 25.562145829267422 ], [ 55.59996676425547, 25.561246633126245 ], [ 55.59974110097167, 25.561046957551667 ], [ 55.59997355953297, 25.557398915228333 ], [ 55.605151772237235, 25.551794529095019 ], [ 55.611998319967284, 25.550206542198737 ], [ 55.614318131977058, 25.554546118209373 ], [ 55.621701836671292, 25.560407400182015 ], [ 55.623693824211188, 25.561990975903342 ], [ 55.623394131434821, 25.562383056033838 ], [ 55.621881723563348, 25.562814235988697 ], [ 55.620944857519959, 25.562149524581599 ], [ 55.613598108666594, 25.56035482851297 ] ], [ [ 55.613518834327493, 25.5984590055794 ], [ 55.618027210388249, 25.598337411842607 ], [ 55.617743730589297, 25.59863305047557 ], [ 55.613984346801061, 25.600247740941001 ], [ 55.611696719728712, 25.598937869387726 ], [ 55.611558079342814, 25.598325013788923 ], [ 55.611934542745558, 25.597543477749838 ], [ 55.612268567141342, 25.597334146154395 ], [ 55.612787961596069, 25.59775793548107 ], [ 55.613518834327493, 25.5984590055794 ] ], [ [ 55.595946073453121, 25.552740454908786 ], [ 55.597120642903889, 25.54247224310032 ], [ 55.599926113999601, 25.541324377219041 ], [ 55.603052019835417, 25.541375875097259 ], [ 55.606115102630469, 25.543786167897736 ], [ 55.612609147594782, 25.545137643887699 ], [ 55.613760471369602, 25.546368122391669 ], [ 55.60545635193003, 25.548934817188467 ], [ 55.602756857843275, 25.548566937814485 ], [ 55.598992944169737, 25.550917029098088 ], [ 55.598234653807168, 25.551064848864314 ], [ 55.595946073453121, 25.552740454908786 ] ], [ [ 55.601029515600345, 25.565348148698746 ], [ 55.603563547020798, 25.565873742180003 ], [ 55.604160547572036, 25.567147255042471 ], [ 55.604064941544749, 25.56753242028563 ], [ 55.603154301530509, 25.568029761564901 ], [ 55.603312253958023, 25.56725895443779 ], [ 55.601686715869761, 25.567094445053186 ], [ 55.599912404734511, 25.5681060555508 ], [ 55.599682807815867, 25.567924737836876 ], [ 55.600434302901505, 25.56545960887459 ], [ 55.601029515600345, 25.565348148698746 ] ], [ [ 55.591866135314518, 25.557273149536798 ], [ 55.595682025306047, 25.561928152862521 ], [ 55.595672249675346, 25.562282562191172 ], [ 55.595002413031494, 25.563151359448312 ], [ 55.593652367863086, 25.562994122881094 ], [ 55.591620802958488, 25.563668609019857 ], [ 55.59135210531602, 25.562810539775398 ], [ 55.589885354226368, 25.562623738895127 ], [ 55.589174151466779, 25.561338543839412 ], [ 55.589163780484654, 25.560992955960813 ], [ 55.591866135314518, 25.557273149536798 ] ], [ [ 55.592162013167382, 25.573995351405074 ], [ 55.593171000342437, 25.574357152261456 ], [ 55.590412735560022, 25.576180935102826 ], [ 55.587036251622607, 25.576315640954618 ], [ 55.588160753116853, 25.574982405014481 ], [ 55.592162013167382, 25.573995351405074 ] ], [ [ 55.578373551798819, 25.579343319239342 ], [ 55.576980471372309, 25.579560876034236 ], [ 55.576262354624561, 25.579123258732182 ], [ 55.575287342037797, 25.571578025905922 ], [ 55.573490977727516, 25.569363951685602 ], [ 55.573433518242979, 25.561521172764543 ], [ 55.572294950452175, 25.558215022106225 ], [ 55.575288414929304, 25.553432345626845 ], [ 55.57456600661672, 25.545877456779891 ], [ 55.575338006244891, 25.541961550485723 ], [ 55.578578710539858, 25.539512276570832 ], [ 55.578609347743878, 25.536010623192197 ], [ 55.581326842660616, 25.533677577658551 ], [ 55.583279609866878, 25.533246636024074 ], [ 55.584259628979481, 25.533378600742338 ], [ 55.584956407513033, 25.533871054206571 ], [ 55.585119009435545, 25.537033200022876 ], [ 55.587185859240805, 25.540647268657295 ], [ 55.591659545752151, 25.544064521561126 ], [ 55.591626644054969, 25.553562044952798 ], [ 55.585749268714466, 25.559191345904566 ], [ 55.584565639493491, 25.562404036318014 ], [ 55.580914973847626, 25.564496756021214 ], [ 55.58101952093503, 25.565759062431482 ], [ 55.583274602441548, 25.566995143711466 ], [ 55.583321213403877, 25.571854353396418 ], [ 55.581582427288055, 25.573951720795804 ], [ 55.578373551798819, 25.579343319239342 ] ], [ [ 55.570838451633819, 25.551645040187196 ], [ 55.567338347787285, 25.546297431182239 ], [ 55.569237947074527, 25.541388034830504 ], [ 55.571423649482568, 25.541219353491016 ], [ 55.57313144226319, 25.541653752119629 ], [ 55.569957852573481, 25.545390844412424 ], [ 55.570094108856807, 25.548246145144105 ], [ 55.571777343850073, 25.549786925726579 ], [ 55.570838451633819, 25.551645040187196 ] ], [ [ 55.38517737403734, 25.333364844212781 ], [ 55.385797738975242, 25.333600759768046 ], [ 55.386026144291947, 25.333836912744061 ], [ 55.383022904184401, 25.335695743964209 ], [ 55.38517737403734, 25.333364844212781 ] ], [ [ 55.379823565106022, 25.340504765183312 ], [ 55.380704880026798, 25.340504765183312 ], [ 55.380933522764423, 25.340858936191751 ], [ 55.381227254834783, 25.345904230896082 ], [ 55.378615736927742, 25.347143411240182 ], [ 55.378093362119643, 25.347025275396959 ], [ 55.377701759529288, 25.346700668701459 ], [ 55.377538442645715, 25.342422724129989 ], [ 55.379823565106022, 25.340504765183312 ] ], [ [ 55.369458556567821, 25.318711877152083 ], [ 55.370081901859095, 25.319516658867485 ], [ 55.369666457341651, 25.32171595093115 ], [ 55.368924617377871, 25.322520732646467 ], [ 55.367619037389574, 25.322413444425393 ], [ 55.366906761738363, 25.321689248260924 ], [ 55.367203474161869, 25.320267557702152 ], [ 55.368242144360039, 25.318765640422527 ], [ 55.369458556567821, 25.318711877152083 ] ], [ [ 55.356799960251038, 25.312070846992498 ], [ 55.357884526450476, 25.314810753014569 ], [ 55.355993032752934, 25.312671541958622 ], [ 55.355993032752934, 25.312328338183022 ], [ 55.356799960251038, 25.312070846992498 ] ], [ [ 55.343328833659399, 25.203334927265757 ], [ 55.343959331258787, 25.203431725794246 ], [ 55.347151756349291, 25.207594632686778 ], [ 55.34715676287513, 25.210151672362599 ], [ 55.345491052071026, 25.211042165764013 ], [ 55.341322779823287, 25.207583546744019 ], [ 55.34165334722482, 25.204001546135203 ], [ 55.343328833659399, 25.203334927265757 ] ], [ [ 55.331632733164923, 25.195817351290344 ], [ 55.333923459300962, 25.197169423530823 ], [ 55.332895755435487, 25.198446154167243 ], [ 55.331632733164923, 25.195817351290344 ] ], [ [ 55.276339650155506, 25.331135869125603 ], [ 55.278333663868153, 25.331715345487424 ], [ 55.27851176290838, 25.332037210149821 ], [ 55.278084516587825, 25.332616448191345 ], [ 55.277051925806319, 25.332584261455224 ], [ 55.275449514684141, 25.331554412706538 ], [ 55.274773001473562, 25.330846309909958 ], [ 55.272814511880966, 25.326887249647598 ], [ 55.275093436214121, 25.327273607391874 ], [ 55.284743427967356, 25.321125865267078 ], [ 55.284957051127634, 25.324409007670255 ], [ 55.280505776620913, 25.325438857317948 ], [ 55.275912403834951, 25.328850745765919 ], [ 55.276339650155506, 25.331135869125603 ] ], [ [ 55.226758241500221, 25.357432246301812 ], [ 55.232552170547166, 25.355629921284503 ], [ 55.2298928500758, 25.357861518794749 ], [ 55.228183150732349, 25.359020233197754 ], [ 55.229512929678634, 25.361938356970228 ], [ 55.229417919901749, 25.362324714714532 ], [ 55.228610515763279, 25.362753748887059 ], [ 55.227138161897329, 25.36172378052882 ], [ 55.224953651091056, 25.359148859632938 ], [ 55.223148941970777, 25.355458259591558 ], [ 55.223101616047501, 25.354986071450696 ], [ 55.223576545322231, 25.35438525687465 ], [ 55.224668741370152, 25.354599952926236 ], [ 55.226758241500221, 25.357432246301812 ] ], [ [ 55.217924952875052, 25.363397479111114 ], [ 55.214030742725328, 25.365800857923801 ], [ 55.214885473686451, 25.363912463290063 ], [ 55.216737747050246, 25.362367630362371 ], [ 55.2183524366163, 25.361680864880725 ], [ 55.219159841654033, 25.361852646183223 ], [ 55.217924952875052, 25.363397479111114 ] ], [ [ 55.192301273085917, 25.217506766024968 ], [ 55.18828117853414, 25.214459776598176 ], [ 55.187083601727437, 25.208140612000363 ], [ 55.188032149964414, 25.205490470009948 ], [ 55.188565849934804, 25.205190062272266 ], [ 55.189289212428008, 25.205125808409946 ], [ 55.189372062471563, 25.205254554454683 ], [ 55.189645051678639, 25.213472843497414 ], [ 55.189799070471537, 25.213783860537518 ], [ 55.19324994093293, 25.216305255583791 ], [ 55.193534612333139, 25.216659307881315 ], [ 55.19466114000042, 25.220188975141838 ], [ 55.195312500072561, 25.220779061704917 ], [ 55.197208643264986, 25.221835374803419 ], [ 55.197199105954752, 25.221909523006559 ], [ 55.19642818011701, 25.222967743567153 ], [ 55.195312500072561, 25.222972035132017 ], [ 55.194720506946595, 25.222817659308163 ], [ 55.192301273085917, 25.217506766024968 ] ], [ [ 55.19188904724254, 25.237481236570289 ], [ 55.192000508317761, 25.236879110783008 ], [ 55.192636608693334, 25.236356138825556 ], [ 55.193118452854975, 25.236356138825556 ], [ 55.195312500072561, 25.236938118899729 ], [ 55.195312500072561, 25.237380742727879 ], [ 55.192556262362501, 25.237903713785983 ], [ 55.19188904724254, 25.237481236570289 ] ], [ [ 55.193467855657929, 25.232894659061998 ], [ 55.194157242663408, 25.233116030780735 ], [ 55.194668769848619, 25.233960747791031 ], [ 55.194563746120792, 25.234264016272022 ], [ 55.192856430880482, 25.234121680571661 ], [ 55.192667365507333, 25.233578562900732 ], [ 55.193467855657929, 25.232894659061998 ] ], [ [ 55.190150141516682, 25.235309958388513 ], [ 55.18994307531355, 25.234735250232319 ], [ 55.190767049460618, 25.233322501632898 ], [ 55.19188904724254, 25.235540031947636 ], [ 55.191533326702455, 25.235992551015983 ], [ 55.190150141516682, 25.235309958388513 ] ], [ [ 55.183374762536033, 25.220378041413994 ], [ 55.183586836164153, 25.219832301320253 ], [ 55.185380458442211, 25.218475102944325 ], [ 55.18560874504837, 25.218548774507155 ], [ 55.184190154452864, 25.22113037107016 ], [ 55.183864116936235, 25.22113037107016 ], [ 55.183374762536033, 25.220378041413994 ] ], [ [ 55.183146238508897, 25.238454818335896 ], [ 55.183223843705974, 25.238149047041389 ], [ 55.185292005622188, 25.237787007864796 ], [ 55.185398817202582, 25.23808884642375 ], [ 55.184811710992363, 25.239187120989442 ], [ 55.184731602981998, 25.239223241359952 ], [ 55.183146238508897, 25.238454818335896 ] ], [ [ 55.183338045914951, 25.237493157084288 ], [ 55.183071255734575, 25.237312078590321 ], [ 55.18292427053936, 25.235863804971245 ], [ 55.184885859195873, 25.235525846041497 ], [ 55.184552312340116, 25.236865639837958 ], [ 55.183338045914951, 25.237493157084288 ] ], [ [ 55.184752226235133, 25.230956674012049 ], [ 55.184805631575188, 25.231041311907603 ], [ 55.183938265139801, 25.231886148527536 ], [ 55.18365812272512, 25.232055068187407 ], [ 55.182603955408837, 25.231330872022511 ], [ 55.184752226235133, 25.230956674012049 ] ], [ [ 55.184464454871232, 25.244114279850606 ], [ 55.184660077201528, 25.244438767835533 ], [ 55.184301256698262, 25.245560049757074 ], [ 55.183061838033979, 25.245943545858694 ], [ 55.182637810387206, 25.24564862218682 ], [ 55.184464454871232, 25.244114279850606 ] ], [ [ 55.183341979549397, 25.213990450099971 ], [ 55.182168007248464, 25.212824940419296 ], [ 55.183456063047714, 25.212072730372768 ], [ 55.183815002261241, 25.212072730372768 ], [ 55.184630155857889, 25.212972640575487 ], [ 55.184597611191435, 25.213105321154359 ], [ 55.183032155010523, 25.215583563131673 ], [ 55.182869076447474, 25.215510010279417 ], [ 55.183341979549397, 25.213990450099971 ] ], [ [ 55.183203100843258, 25.233707427656043 ], [ 55.182282447777567, 25.233043551719334 ], [ 55.184097051238581, 25.232415914863338 ], [ 55.184163808813679, 25.233127951294392 ], [ 55.183203100843258, 25.233707427656043 ] ], [ [ 55.18091094478487, 25.23808884642375 ], [ 55.180950880079791, 25.238004327238684 ], [ 55.181004405030109, 25.237931847277537 ], [ 55.181084513939851, 25.237931847277537 ], [ 55.181204557245309, 25.237811207721677 ], [ 55.181298017490491, 25.237714648413032 ], [ 55.181458115700224, 25.237593769637243 ], [ 55.181538105000215, 25.23749732993852 ], [ 55.181684851875303, 25.23749732993852 ], [ 55.181791543845208, 25.23742485087692 ], [ 55.181898355425432, 25.237364649359648 ], [ 55.182018518340584, 25.237292051587417 ], [ 55.182138442935667, 25.237292051587417 ], [ 55.182285428130882, 25.237292051587417 ], [ 55.182498931681181, 25.237292051587417 ], [ 55.182605624550462, 25.237292051587417 ], [ 55.182632327220773, 25.23742485087692 ], [ 55.182659029890971, 25.237509370062099 ], [ 55.182725549145431, 25.237545609143154 ], [ 55.182832359826392, 25.237630129227597 ], [ 55.182859063395853, 25.237823247845228 ], [ 55.182845830771413, 25.237967967648302 ], [ 55.182792425431018, 25.23811292667088 ], [ 55.182725549145431, 25.238245725959956 ], [ 55.18269896518612, 25.238330245145391 ], [ 55.182552218311031, 25.238402605496589 ], [ 55.182432055395594, 25.238426804454008 ], [ 55.182312130801023, 25.238450765990848 ], [ 55.182138442935667, 25.238474964948466 ], [ 55.181978344725593, 25.238523245052448 ], [ 55.18181824651586, 25.238547444010038 ], [ 55.18169832192055, 25.238571643867004 ], [ 55.181578159005454, 25.238535403886317 ], [ 55.181498050995145, 25.238487124681683 ], [ 55.181337952784901, 25.238487124681683 ], [ 55.181231141204847, 25.238450765990848 ], [ 55.181084513939851, 25.23834216565902 ], [ 55.180977702359854, 25.238221526103331 ], [ 55.18091094478487, 25.23808884642375 ] ], [ [ 55.182693124089297, 25.238842367681855 ], [ 55.18285322229903, 25.239252805673004 ], [ 55.182225942474275, 25.239687323911369 ], [ 55.181118607238687, 25.239832043714443 ], [ 55.180798411717916, 25.239494204394617 ], [ 55.181198716148771, 25.239144206240695 ], [ 55.182693124089297, 25.238842367681855 ] ], [ [ 55.182005047395904, 25.21975862975745 ], [ 55.181059241191718, 25.219728946733937 ], [ 55.180781960420035, 25.219286441616589 ], [ 55.18208646751728, 25.217707872421045 ], [ 55.182184457647423, 25.217722654577358 ], [ 55.182852864369039, 25.218740701522762 ], [ 55.182005047395904, 25.21975862975745 ] ], [ [ 55.182418823670474, 25.228855252468605 ], [ 55.182605624550462, 25.228915571796904 ], [ 55.182845830771413, 25.229808807231336 ], [ 55.182739019191132, 25.229977846500844 ], [ 55.181538224610136, 25.230231165736484 ], [ 55.181618213910298, 25.229398370139194 ], [ 55.182418823670474, 25.228855252468605 ] ], [ [ 55.182738662160403, 25.215687036428278 ], [ 55.18283665139117, 25.216527819803815 ], [ 55.18180930635512, 25.217103242920814 ], [ 55.181548357271396, 25.217162251037763 ], [ 55.180945157693685, 25.216262340834959 ], [ 55.18180930635512, 25.215849160810819 ], [ 55.182738662160403, 25.215687036428278 ] ], [ [ 55.180667758211058, 25.215318202873391 ], [ 55.180749416652844, 25.213724851521448 ], [ 55.182412624643774, 25.213724851521448 ], [ 55.182418465740426, 25.213804125860293 ], [ 55.182053923750431, 25.215052604295039 ], [ 55.180879950550178, 25.215391874436193 ], [ 55.180667758211058, 25.215318202873391 ] ], [ [ 55.180088162239684, 25.233566641487897 ], [ 55.182076454465488, 25.233954072123453 ], [ 55.182153463412334, 25.234200954011385 ], [ 55.180588007231421, 25.234780311662746 ], [ 55.179644942160991, 25.234541535364173 ], [ 55.180088162239684, 25.233566641487897 ] ], [ [ 55.181856512668645, 25.246144652254685 ], [ 55.181915760004898, 25.246238708750155 ], [ 55.181159615424605, 25.24763345741863 ], [ 55.179409861176879, 25.247968554705722 ], [ 55.181856512668645, 25.246144652254685 ] ], [ [ 55.181576729083673, 25.235023021595964 ], [ 55.181723356348499, 25.235155820885041 ], [ 55.181870341543714, 25.236592054380196 ], [ 55.18175005901881, 25.236700653812761 ], [ 55.180816054617907, 25.236724853669699 ], [ 55.180509329142893, 25.236447334577548 ], [ 55.18032240865287, 25.235542059019309 ], [ 55.18048262557366, 25.235373019749801 ], [ 55.181576729083673, 25.235023021595964 ] ], [ [ 55.179910064099005, 25.241275310807652 ], [ 55.181417942085062, 25.240780353631152 ], [ 55.181644916580439, 25.240937351878017 ], [ 55.180897713059693, 25.242325306168539 ], [ 55.180550575649278, 25.24256670489018 ], [ 55.179710030594237, 25.242228746859894 ], [ 55.179910064099005, 25.241275310807652 ] ], [ [ 55.17242002446531, 25.250573158625087 ], [ 55.173131704765098, 25.25060534446186 ], [ 55.174041509308978, 25.251226901900623 ], [ 55.173554420300917, 25.252446055241904 ], [ 55.175536155569802, 25.250526904693658 ], [ 55.175676345487915, 25.250502705735983 ], [ 55.176216721125485, 25.252325177365776 ], [ 55.176363468000233, 25.25233125678281 ], [ 55.178164363095703, 25.250811815313739 ], [ 55.181411743058476, 25.253467202150375 ], [ 55.181515455574612, 25.253788948102198 ], [ 55.181500673417958, 25.254781365268428 ], [ 55.181233763628171, 25.255076527260513 ], [ 55.179469346833656, 25.255411744157328 ], [ 55.174057006426239, 25.253239154763889 ], [ 55.171565771044271, 25.251683473314188 ], [ 55.171548128144224, 25.251313448157617 ], [ 55.17242002446531, 25.250573158625087 ] ], [ [ 55.180047511983929, 25.24957787981603 ], [ 55.180536746774209, 25.24949753258565 ], [ 55.181441307371102, 25.249873041807945 ], [ 55.181441307371102, 25.250288844255266 ], [ 55.180106759320182, 25.251039743090303 ], [ 55.179854750397311, 25.250811815313739 ], [ 55.180047511983929, 25.24957787981603 ] ], [ [ 55.180896043918068, 25.212633251723702 ], [ 55.180945157693685, 25.213429927849489 ], [ 55.178450345707489, 25.213577270075717 ], [ 55.17856442920592, 25.215259075146747 ], [ 55.177047848480157, 25.213562727138907 ], [ 55.180896043918068, 25.212633251723702 ] ], [ [ 55.178802728863587, 25.246223926593501 ], [ 55.178589224413912, 25.24613940740818 ], [ 55.178202152608179, 25.244871973962944 ], [ 55.175827025997052, 25.244678855345597 ], [ 55.175253152411784, 25.243664980355305 ], [ 55.175279855981472, 25.243580460270607 ], [ 55.179016232414057, 25.244220256860103 ], [ 55.180070400629376, 25.243508219529218 ], [ 55.180243850174207, 25.24354445950965 ], [ 55.180764317520101, 25.24437725510694 ], [ 55.180537343024724, 25.244691014179608 ], [ 55.179536700658929, 25.245644450231964 ], [ 55.178802728863587, 25.246223926593501 ] ], [ [ 55.179082035808079, 25.229657173440387 ], [ 55.179473400078138, 25.229421257885463 ], [ 55.180419325891904, 25.229391574862035 ], [ 55.18068015536565, 25.229657173440387 ], [ 55.179245114371525, 25.230837344768418 ], [ 55.179082035808079, 25.230483412979908 ], [ 55.179082035808079, 25.229657173440387 ] ], [ [ 55.179934144345935, 25.218165278405252 ], [ 55.180521130946289, 25.219006061780789 ], [ 55.180439472504503, 25.219138861070235 ], [ 55.179151415805819, 25.219920754139991 ], [ 55.178743839457326, 25.219832301320253 ], [ 55.179118752429105, 25.218401432280899 ], [ 55.179934144345935, 25.218165278405252 ] ], [ [ 55.178613424270992, 25.216350674944152 ], [ 55.179673313972813, 25.215421437849784 ], [ 55.179983019801085, 25.215524554115348 ], [ 55.180194973819738, 25.217265367303355 ], [ 55.17975473409453, 25.21756052929544 ], [ 55.178645849327182, 25.216631054779953 ], [ 55.178613424270992, 25.216350674944152 ] ], [ [ 55.178228855278036, 25.241082072580099 ], [ 55.17773520931334, 25.239850879115409 ], [ 55.17933642883375, 25.238450765990848 ], [ 55.17942976946901, 25.238571643867004 ], [ 55.179950237713825, 25.239802717721858 ], [ 55.179870247514742, 25.240140557041684 ], [ 55.178829431533899, 25.241057872723303 ], [ 55.178228855278036, 25.241082072580099 ] ], [ [ 55.179394364059164, 25.237367153072256 ], [ 55.178874135034192, 25.237332343913323 ], [ 55.177678942330232, 25.236948847811789 ], [ 55.177640557466503, 25.23675704040582 ], [ 55.178700565878927, 25.235344767547446 ], [ 55.179799079664718, 25.236408352563956 ], [ 55.179394364059164, 25.237367153072256 ] ], [ [ 55.179469228123281, 25.249913335032971 ], [ 55.177037357888395, 25.248840451026638 ], [ 55.177245139952078, 25.248424649478693 ], [ 55.178994655879279, 25.248209953427335 ], [ 55.179098605816904, 25.248330831303321 ], [ 55.179469228123281, 25.249913335032971 ] ], [ [ 55.176347374632343, 25.241480350838117 ], [ 55.176454067501737, 25.24134755154904 ], [ 55.178468942788385, 25.241902947663391 ], [ 55.178669214613166, 25.24279594387832 ], [ 55.17801535172768, 25.242832303468674 ], [ 55.177081346427514, 25.242735743260567 ], [ 55.176347374632343, 25.241480350838117 ] ], [ [ 55.177374124316913, 25.2204667325542 ], [ 55.178352475187268, 25.220540404117003 ], [ 55.178596972972713, 25.220806002695582 ], [ 55.177406668983423, 25.221676349484625 ], [ 55.177145838610301, 25.221307515929823 ], [ 55.177374124316913, 25.2204667325542 ] ], [ [ 55.17833435564674, 25.234490632837179 ], [ 55.176272153537667, 25.233374834081843 ], [ 55.176272153537667, 25.23297381379092 ], [ 55.178372860119993, 25.23297381379092 ], [ 55.17854642837554, 25.233026147139668 ], [ 55.178488611860786, 25.234351157880184 ], [ 55.17833435564674, 25.234490632837179 ] ], [ [ 55.178141474450257, 25.232416033573884 ], [ 55.176993966499168, 25.230955361901096 ], [ 55.178408265529953, 25.230315804531472 ], [ 55.178541660170168, 25.230340004388239 ], [ 55.178368330235031, 25.232403755129837 ], [ 55.178141474450257, 25.232416033573884 ] ], [ [ 55.176868557838276, 25.218356967101101 ], [ 55.176069617219724, 25.217221140443911 ], [ 55.177732825210256, 25.216572046663231 ], [ 55.17786335910759, 25.216572046663231 ], [ 55.178287148433839, 25.217855453866775 ], [ 55.17786335910759, 25.218121051545836 ], [ 55.176868557838276, 25.218356967101101 ] ], [ [ 55.17528700828953, 25.223092555977161 ], [ 55.175221562825897, 25.221941948063147 ], [ 55.177260040818879, 25.222118854601973 ], [ 55.17698264133665, 25.223254680359702 ], [ 55.176216244484891, 25.223225355266578 ], [ 55.17528700828953, 25.223092555977161 ] ], [ [ 55.17647731317814, 25.221086144210744 ], [ 55.175270556991251, 25.22089445551552 ], [ 55.175922870344976, 25.219625830468374 ], [ 55.177260040818879, 25.219699621640899 ], [ 55.177260040818879, 25.219817638773776 ], [ 55.17647731317814, 25.221086144210744 ] ], [ [ 55.176643371195468, 25.22909545868896 ], [ 55.174115777122012, 25.227634906626378 ], [ 55.173169851308245, 25.228947758533025 ], [ 55.172615528085004, 25.227811932775211 ], [ 55.174914836451109, 25.226853132266911 ], [ 55.175795435511844, 25.227634906626378 ], [ 55.176806449758573, 25.22695624853273 ], [ 55.177002072088811, 25.227015256649452 ], [ 55.177165150651916, 25.227974176767418 ], [ 55.176757454693501, 25.229021548805946 ], [ 55.176643371195468, 25.22909545868896 ] ], [ [ 55.176520943787324, 25.238124847184594 ], [ 55.17706811470228, 25.238487124681683 ], [ 55.176614404032392, 25.239947557134599 ], [ 55.176374316522157, 25.239899158320043 ], [ 55.175800442936776, 25.238885402939616 ], [ 55.175827145606974, 25.238523245052448 ], [ 55.176520943787324, 25.238124847184594 ] ], [ [ 55.175420403829122, 25.225318908641412 ], [ 55.175925850698235, 25.224699258664572 ], [ 55.176105141339718, 25.224699258664572 ], [ 55.177050948443338, 25.225776076305692 ], [ 55.176578045341415, 25.22651374341504 ], [ 55.17615413640479, 25.226086020454062 ], [ 55.175420403829122, 25.225318908641412 ] ], [ [ 55.17562687378225, 25.248372435740094 ], [ 55.175373434936745, 25.247937917501559 ], [ 55.176440954487163, 25.247008442985816 ], [ 55.176641106702306, 25.247080922047587 ], [ 55.17704141113299, 25.247853278706572 ], [ 55.17700135712775, 25.247925758667435 ], [ 55.17562687378225, 25.248372435740094 ] ], [ [ 55.176558852010004, 25.214816451318853 ], [ 55.17647731317814, 25.214816451318853 ], [ 55.176379442657918, 25.214831352185712 ], [ 55.176298022536599, 25.214846134342366 ], [ 55.176249027471528, 25.214875459435547 ], [ 55.176151156051588, 25.214919924615458 ], [ 55.176102160986517, 25.215023040881277 ], [ 55.175955533721691, 25.215141058013984 ], [ 55.175857663201469, 25.215155958881184 ], [ 55.175743460992891, 25.215126275857671 ], [ 55.175662040871231, 25.215067267740721 ], [ 55.17549884359758, 25.215037941748307 ], [ 55.175384760099547, 25.215052604295039 ], [ 55.175221801146023, 25.215067267740721 ], [ 55.175075054271275, 25.215096950764206 ], [ 55.175042271284639, 25.215126275857671 ], [ 55.174765228833081, 25.215318202873391 ], [ 55.174553156104281, 25.215391874436193 ], [ 55.174357533774042, 25.215288639459715 ], [ 55.174194455210937, 25.215273857303401 ], [ 55.174047708335848, 25.215273857303401 ], [ 55.173851967295406, 25.215273857303401 ], [ 55.173705339130862, 25.21522963044373 ], [ 55.173525929778776, 25.215126275857671 ], [ 55.173428058359178, 25.215067267740721 ], [ 55.17344427133699, 25.214993476568253 ], [ 55.173460721735893, 25.214934468451645 ], [ 55.173574924843848, 25.214787125326382 ], [ 55.173689007442505, 25.214654326036936 ], [ 55.173819422629236, 25.214565753607275 ], [ 55.173966049894062, 25.214491963333927 ], [ 55.17409670340092, 25.21446251863091 ], [ 55.174292325731159, 25.214373946201249 ], [ 55.174396156957897, 25.214348078101835 ], [ 55.174602151169353, 25.214329838951386 ], [ 55.17479777349925, 25.214329838951386 ], [ 55.175042271284639, 25.214329838951386 ], [ 55.175270556991251, 25.214329838951386 ], [ 55.175466418541333, 25.214359164044851 ], [ 55.175743460992891, 25.214388847068363 ], [ 55.176004528786763, 25.214403510514359 ], [ 55.176183819428303, 25.214418173060665 ], [ 55.176314354224957, 25.21452152764698 ], [ 55.176379442657918, 25.214624762623373 ], [ 55.176509856944932, 25.214713335053005 ], [ 55.176558852010004, 25.214772344069104 ], [ 55.176558852010004, 25.214816451318853 ] ], [ [ 55.17610192266639, 25.236160874425337 ], [ 55.176413178026365, 25.236301660593739 ], [ 55.17646670297691, 25.237243175232891 ], [ 55.175835132486242, 25.237388134255809 ], [ 55.174011349644871, 25.237166642926809 ], [ 55.173989176859862, 25.236361980821414 ], [ 55.17610192266639, 25.236160874425337 ] ], [ [ 55.174835443401861, 25.230178951997715 ], [ 55.175925254447719, 25.229655862228782 ], [ 55.176125407562296, 25.229776620495215 ], [ 55.176303148672076, 25.231124401170888 ], [ 55.174924373761627, 25.231928944565823 ], [ 55.174835443401861, 25.230178951997715 ] ], [ [ 55.175825119434677, 25.219242214757173 ], [ 55.174602151169353, 25.218976735788317 ], [ 55.17466735831286, 25.217442512163018 ], [ 55.1748466489544, 25.217324376319681 ], [ 55.176265359159885, 25.218003034413215 ], [ 55.176249027471528, 25.218121051545836 ], [ 55.175825119434677, 25.219242214757173 ] ], [ [ 55.175562023669414, 25.235650658451874 ], [ 55.174116373372527, 25.235449552955004 ], [ 55.174116373372527, 25.235147714396049 ], [ 55.175628542923874, 25.234383344616305 ], [ 55.175984501783972, 25.234524130784706 ], [ 55.176073432143966, 25.235308647177021 ], [ 55.175562023669414, 25.235650658451874 ] ], [ [ 55.172667861433325, 25.238883972118089 ], [ 55.168658852824507, 25.240819334745225 ], [ 55.168177128272447, 25.24122023542634 ], [ 55.167868733655865, 25.241115569628448 ], [ 55.167406201535726, 25.240313649556043 ], [ 55.167444706009093, 25.239877820105818 ], [ 55.169622540248866, 25.239912747975666 ], [ 55.173419475229451, 25.237681150465335 ], [ 55.175770878623922, 25.239703535989804 ], [ 55.175443411185057, 25.240749478106636 ], [ 55.172667861433325, 25.238883972118089 ] ], [ [ 55.174026370121652, 25.198235154329552 ], [ 55.17428731920532, 25.198279499899769 ], [ 55.175379752674161, 25.199193954837853 ], [ 55.175004720992007, 25.199961066650701 ], [ 55.174450278158503, 25.199798941368783 ], [ 55.173684120526588, 25.198810457837027 ], [ 55.174026370121652, 25.198235154329552 ] ], [ [ 55.174052238220753, 25.244497775952254 ], [ 55.175159811776467, 25.244413375477535 ], [ 55.175266504646316, 25.244654775098468 ], [ 55.17371845214555, 25.245475650181646 ], [ 55.174052238220753, 25.244497775952254 ] ], [ [ 55.173064708870044, 25.241299271444689 ], [ 55.172771215120207, 25.241021752352538 ], [ 55.173705220420658, 25.240164756898736 ], [ 55.173918723970615, 25.240200877269245 ], [ 55.174826145311187, 25.241649270497987 ], [ 55.17437243464073, 25.242108106404572 ], [ 55.173064708870044, 25.241299271444689 ] ], [ [ 55.173989176859862, 25.234189510138236 ], [ 55.173655748714481, 25.232841730362281 ], [ 55.174767613835144, 25.232439279250116 ], [ 55.174522876829911, 25.234149336523302 ], [ 55.173989176859862, 25.234189510138236 ] ], [ [ 55.172944902985563, 25.247204303636437 ], [ 55.173715949332205, 25.248330831303321 ], [ 55.174664854600252, 25.249309658814269 ], [ 55.174694538522687, 25.250556945647304 ], [ 55.17429423319291, 25.250597238871961 ], [ 55.173226475322537, 25.250409365100666 ], [ 55.173315644002429, 25.248907446921692 ], [ 55.17207014592114, 25.248572230024962 ], [ 55.171921849514632, 25.247968554705722 ], [ 55.172840953048166, 25.24723112591613 ], [ 55.172944902985563, 25.247204303636437 ] ], [ [ 55.174246311019346, 25.225879430891638 ], [ 55.173300504815103, 25.225540042039853 ], [ 55.173267841438388, 25.225451469610192 ], [ 55.174311519062172, 25.22471404082097 ], [ 55.174539804768784, 25.22480237493042 ], [ 55.174327850750529, 25.225849866578699 ], [ 55.174246311019346, 25.225879430891638 ] ], [ [ 55.173358321330426, 25.244039177466647 ], [ 55.173224925790379, 25.244051337200233 ], [ 55.172597646864943, 25.242965101858658 ], [ 55.173545122210413, 25.242373466662968 ], [ 55.173758625760769, 25.242373466662968 ], [ 55.174305677065973, 25.243182301622511 ], [ 55.173358321330426, 25.244039177466647 ] ], [ [ 55.173205971679153, 25.231137752506044 ], [ 55.171004533832871, 25.230373501436503 ], [ 55.171182274942709, 25.229810238052835 ], [ 55.172160744523268, 25.229447960555405 ], [ 55.173450827394589, 25.22974991782516 ], [ 55.173895478294213, 25.230836153166393 ], [ 55.173205971679153, 25.231137752506044 ] ], [ [ 55.172107219573121, 25.220835447398542 ], [ 55.172886609829817, 25.21991991956935 ], [ 55.171373367387702, 25.219846963866985 ], [ 55.171373367387702, 25.219684839484444 ], [ 55.172286629824754, 25.218062043429114 ], [ 55.17243325708975, 25.217973470999453 ], [ 55.173574805233926, 25.217944026296351 ], [ 55.173786759252522, 25.218047261272829 ], [ 55.172838449335728, 25.219606041785852 ], [ 55.173705220420658, 25.220717430265751 ], [ 55.173004031611441, 25.222045064328967 ], [ 55.172710537861946, 25.222030400882886 ], [ 55.172107219573121, 25.220835447398542 ] ], [ [ 55.173020363299798, 25.215495229022309 ], [ 55.17187905347626, 25.215628028311585 ], [ 55.171014666494358, 25.215628028311585 ], [ 55.170525550414453, 25.214580535763673 ], [ 55.172107339183043, 25.214388847068363 ], [ 55.173248649006581, 25.215259075146747 ], [ 55.173020363299798, 25.215495229022309 ] ], [ [ 55.172797918689668, 25.245028853499605 ], [ 55.17315804950519, 25.245680808922941 ], [ 55.171676874189274, 25.246296405655301 ], [ 55.171503544253966, 25.24615144753173 ], [ 55.172277450444852, 25.245053052456939 ], [ 55.172797918689668, 25.245028853499605 ] ], [ [ 55.171555638382785, 25.225584268899553 ], [ 55.170332551406744, 25.226218700133501 ], [ 55.170316338429103, 25.226159572406971 ], [ 55.170593500490583, 25.224787831094233 ], [ 55.171082735280862, 25.224566340664694 ], [ 55.172631740163439, 25.224684357797543 ], [ 55.173055767810212, 25.22570240474289 ], [ 55.172648071851796, 25.226528525571695 ], [ 55.172305703546186, 25.226351380712373 ], [ 55.171555638382785, 25.225584268899553 ] ], [ [ 55.172521352878704, 25.233666539080133 ], [ 55.171609759583276, 25.233344554807815 ], [ 55.171587347578935, 25.233062863760807 ], [ 55.171787619403659, 25.232318759303809 ], [ 55.172565936769416, 25.23195660141667 ], [ 55.172966242099307, 25.232378959921817 ], [ 55.172521352878704, 25.233666539080133 ] ], [ [ 55.170853615003267, 25.235738515920559 ], [ 55.1708091498231, 25.235497117198918 ], [ 55.171965360513497, 25.234893560590137 ], [ 55.172232270303681, 25.234994053533171 ], [ 55.172855138954134, 25.236663937191707 ], [ 55.172499180093695, 25.236985802753196 ], [ 55.17123162703885, 25.236563324638411 ], [ 55.170853615003267, 25.235738515920559 ] ], [ [ 55.171357154409719, 25.221484542078599 ], [ 55.171911477633472, 25.221543550195207 ], [ 55.172531127610483, 25.22315144538365 ], [ 55.17111253701492, 25.222414016594087 ], [ 55.171357154409719, 25.221484542078599 ] ], [ [ 55.170737266112582, 25.22748875600189 ], [ 55.171601653094484, 25.226898550728237 ], [ 55.172041774109317, 25.226942777587681 ], [ 55.172400713322958, 25.22773945371344 ], [ 55.172351718257886, 25.228034377385057 ], [ 55.171422242843192, 25.228403329650433 ], [ 55.170737266112582, 25.227562427564692 ], [ 55.170737266112582, 25.22748875600189 ] ], [ [ 55.170542836283545, 25.247257948196335 ], [ 55.170498251493797, 25.247727155983995 ], [ 55.17207014592114, 25.249645114031381 ], [ 55.170572519307058, 25.250597238871961 ], [ 55.170453905923608, 25.250597238871961 ], [ 55.168318629401739, 25.248826861371015 ], [ 55.169742107812823, 25.247217654971308 ], [ 55.171491742450854, 25.24643981424677 ], [ 55.171654939724505, 25.246654271977633 ], [ 55.170542836283545, 25.247257948196335 ] ], [ [ 55.171792745539648, 25.199489116829966 ], [ 55.171483159321298, 25.199533343689637 ], [ 55.170847177655816, 25.198869466852926 ], [ 55.170863628054832, 25.198781013133839 ], [ 55.172021150856068, 25.197910547634422 ], [ 55.171792745539648, 25.199489116829966 ] ], [ [ 55.170672416899293, 25.216129541545882 ], [ 55.171357154409719, 25.216660619092892 ], [ 55.171830058411189, 25.21798825225676 ], [ 55.169009208908761, 25.218342423264914 ], [ 55.168298244469071, 25.218173981144929 ], [ 55.167541623248127, 25.217088342053955 ], [ 55.170672416899293, 25.216129541545882 ] ], [ [ 55.1706627608784, 25.241758108250821 ], [ 55.171703576859187, 25.242735743260567 ], [ 55.171263337133979, 25.243677139189174 ], [ 55.16992890869281, 25.242445945724398 ], [ 55.170355915793465, 25.24184250872554 ], [ 55.1706627608784, 25.241758108250821 ] ], [ [ 55.170570135204258, 25.201097130728527 ], [ 55.169216751752487, 25.202041149080543 ], [ 55.168108224915244, 25.202115058963557 ], [ 55.168075441928949, 25.201820015681676 ], [ 55.170733213767647, 25.19976925834527 ], [ 55.171059250384616, 25.199902057634603 ], [ 55.170570135204258, 25.201097130728527 ] ], [ [ 55.169631242988117, 25.230275630916282 ], [ 55.171017408527433, 25.230688571720663 ], [ 55.170984745150719, 25.231529355096313 ], [ 55.170886874630497, 25.231662154385646 ], [ 55.170006275569818, 25.231824517088313 ], [ 55.169321417550265, 25.231337666400719 ], [ 55.169109344821123, 25.230629563604055 ], [ 55.169631242988117, 25.230275630916282 ] ], [ [ 55.170329213123324, 25.244075537057029 ], [ 55.170969724673938, 25.244461655581716 ], [ 55.170115709572912, 25.245475650181646 ], [ 55.17000877838305, 25.245475650181646 ], [ 55.169715404243135, 25.244316935778642 ], [ 55.170329213123324, 25.244075537057029 ] ], [ [ 55.170716762469539, 25.202129721509948 ], [ 55.170896172720887, 25.202291965502411 ], [ 55.170651555325861, 25.203354239307316 ], [ 55.169363618237213, 25.202882051166114 ], [ 55.170716762469539, 25.202129721509948 ] ], [ [ 55.169188618260847, 25.222664714305807 ], [ 55.170215845485728, 25.221897602492902 ], [ 55.170770407029437, 25.223166346250252 ], [ 55.170444249902886, 25.223387479649119 ], [ 55.169433236555534, 25.223092555977161 ], [ 55.169188618260847, 25.222664714305807 ] ], [ [ 55.17031371600595, 25.221469759922286 ], [ 55.169742941484259, 25.220348715421579 ], [ 55.169759154462241, 25.220097780289109 ], [ 55.170639753522579, 25.219345450632574 ], [ 55.17077016870897, 25.21937501404625 ], [ 55.170623540544597, 25.221395969648938 ], [ 55.17031371600595, 25.221469759922286 ] ], [ [ 55.169400453568898, 25.2122055296621 ], [ 55.170623540544597, 25.213193773974183 ], [ 55.1699949504073, 25.214042067587854 ], [ 55.169677734340752, 25.214315056795101 ], [ 55.169221043317265, 25.212367654044641 ], [ 55.169400453568898, 25.2122055296621 ] ], [ [ 55.169803619642238, 25.236971735557887 ], [ 55.170292854432518, 25.237414240675236 ], [ 55.170337319612287, 25.237776279852199 ], [ 55.16781771151912, 25.238356947815674 ], [ 55.167201638145826, 25.238701701123347 ], [ 55.166934728355926, 25.238098144514225 ], [ 55.16764640775628, 25.237595320068664 ], [ 55.169803619642238, 25.236971735557887 ] ], [ [ 55.170248269642599, 25.233813404665426 ], [ 55.169114231737041, 25.234276056395686 ], [ 55.168825030451416, 25.232747077616267 ], [ 55.170137047787563, 25.232183932942718 ], [ 55.170203924072695, 25.232586145734757 ], [ 55.170248269642599, 25.233813404665426 ] ], [ [ 55.168750762638155, 25.227575778899848 ], [ 55.169125914829777, 25.227531552040148 ], [ 55.17021834829896, 25.228018522337663 ], [ 55.170185923242713, 25.228210329743717 ], [ 55.168457150178284, 25.228505253415335 ], [ 55.168750762638155, 25.227575778899848 ] ], [ [ 55.169184326695955, 25.206437349104903 ], [ 55.169102669153489, 25.205537557612672 ], [ 55.169836401729214, 25.20379674442492 ], [ 55.169673442775974, 25.206319331972225 ], [ 55.169184326695955, 25.206437349104903 ] ], [ [ 55.169435739368765, 25.226867676103069 ], [ 55.169305324182375, 25.226867676103069 ], [ 55.169207453661642, 25.226823449243312 ], [ 55.169060706787064, 25.22670555082118 ], [ 55.169044256387991, 25.226646542704458 ], [ 55.168962836266843, 25.226484179102073 ], [ 55.168881177825057, 25.226307153852702 ], [ 55.168848752768298, 25.226174354563625 ], [ 55.168799757703226, 25.226027011437992 ], [ 55.168750762638155, 25.225879430891638 ], [ 55.168734550559719, 25.22576141375896 ], [ 55.168750762638155, 25.22564327701599 ], [ 55.168783545624791, 25.225510477726914 ], [ 55.168897629122995, 25.225436925774289 ], [ 55.168946504578486, 25.225289345227651 ], [ 55.169077038475422, 25.225230336211581 ], [ 55.16915845859657, 25.225230336211581 ], [ 55.16935420053656, 25.225230336211581 ], [ 55.169500947411478, 25.225259900524549 ], [ 55.1695988179317, 25.225333452477514 ], [ 55.169647574676475, 25.225481152633876 ], [ 55.16971302014079, 25.225613951923151 ], [ 55.16971302014079, 25.225717067289622 ], [ 55.169761776885395, 25.225894213048036 ], [ 55.169778228183333, 25.22599744802443 ], [ 55.169827103638823, 25.22614502947016 ], [ 55.169827103638823, 25.226277709149656 ], [ 55.169827103638823, 25.226395726282334 ], [ 55.169827103638823, 25.226543307728065 ], [ 55.169810652340544, 25.226690649954236 ], [ 55.169761776885395, 25.226735115133863 ], [ 55.1695988179317, 25.226823449243312 ], [ 55.169435739368765, 25.226867676103069 ] ], [ [ 55.168687819987582, 25.244135856385384 ], [ 55.167620301336598, 25.244099617304244 ], [ 55.166819572865819, 25.243653058942215 ], [ 55.166752934900757, 25.242771863631361 ], [ 55.166993141121367, 25.242578745013731 ], [ 55.168928027107569, 25.242421745867603 ], [ 55.169061541358047, 25.242542624642937 ], [ 55.169248342238092, 25.243592738714653 ], [ 55.168687819987582, 25.244135856385384 ] ], [ [ 55.168748259825094, 25.214418173060665 ], [ 55.169074416052268, 25.216070532529812 ], [ 55.169041752675554, 25.216306448084822 ], [ 55.166757345176137, 25.215555548350437 ], [ 55.168748259825094, 25.214418173060665 ] ], [ [ 55.169068217025227, 25.236052870344281 ], [ 55.16875684295465, 25.236294269965299 ], [ 55.168089747444668, 25.236294269965299 ], [ 55.166799902893814, 25.234684943955415 ], [ 55.166799902893814, 25.23460447801466 ], [ 55.168245434480156, 25.233920574175926 ], [ 55.168601155019957, 25.234222411835418 ], [ 55.169068217025227, 25.236052870344281 ] ], [ [ 55.166999101827827, 25.248666048200306 ], [ 55.166480064404169, 25.248625754975308 ], [ 55.164048433389127, 25.245018244197269 ], [ 55.165427446620043, 25.245407223465264 ], [ 55.167414308024689, 25.246506929751746 ], [ 55.168778419489087, 25.245997310028542 ], [ 55.168971061466124, 25.246104478639324 ], [ 55.168659806105694, 25.247083544470399 ], [ 55.166999101827827, 25.248666048200306 ] ], [ [ 55.168524622713932, 25.207419038258791 ], [ 55.168764829833918, 25.207587957019371 ], [ 55.16807115036417, 25.209639906856808 ], [ 55.167323946843425, 25.209833026373786 ], [ 55.166843771823295, 25.208867430588072 ], [ 55.167003750423447, 25.208674311970441 ], [ 55.168524622713932, 25.207419038258791 ] ], [ [ 55.167468547935897, 25.230534434217475 ], [ 55.167090416290279, 25.230313062498368 ], [ 55.166845679285558, 25.229609012946213 ], [ 55.167423963146206, 25.228864670169116 ], [ 55.167868852366411, 25.228784322938907 ], [ 55.168491363086702, 25.229065775665703 ], [ 55.168758272876829, 25.229769944827723 ], [ 55.168447017516456, 25.230252743170183 ], [ 55.167468547935897, 25.230534434217475 ] ], [ [ 55.167535066291038, 25.231640816171506 ], [ 55.168624758626294, 25.231781602339566 ], [ 55.16733503368576, 25.232988476337653 ], [ 55.166601061890077, 25.23367261849711 ], [ 55.166867971680375, 25.232566237442427 ], [ 55.167535066291038, 25.231640816171506 ] ], [ [ 55.168254852180468, 25.204416274792038 ], [ 55.166624545886719, 25.204091668096538 ], [ 55.166494011989784, 25.203029632611845 ], [ 55.16730916468677, 25.202823043049676 ], [ 55.168613553073811, 25.203413248323301 ], [ 55.16856455800874, 25.204313039815645 ], [ 55.168254852180468, 25.204416274792038 ] ], [ [ 55.168081879275945, 25.227030158415829 ], [ 55.167511224364176, 25.226838350110512 ], [ 55.166581749848689, 25.228461027455012 ], [ 55.1662229302448, 25.228269338759787 ], [ 55.165717244156241, 25.226779341993534 ], [ 55.168293952904293, 25.225540042039853 ], [ 55.168081879275945, 25.227030158415829 ] ], [ [ 55.167541623248127, 25.22020113487514 ], [ 55.167346000917775, 25.220289707304715 ], [ 55.166155457709152, 25.220024108726278 ], [ 55.165910959024387, 25.219522475882314 ], [ 55.166269659917731, 25.217634320468079 ], [ 55.168124079963007, 25.218169331650103 ], [ 55.168131470591533, 25.218239664929399 ], [ 55.167541623248127, 25.22020113487514 ] ], [ [ 55.165613651249515, 25.205183506214411 ], [ 55.165662526705063, 25.205139041034528 ], [ 55.167879939208632, 25.205478548596858 ], [ 55.166575550821648, 25.206584930550633 ], [ 55.166200518239947, 25.206083178096748 ], [ 55.165613651249515, 25.205183506214411 ] ], [ [ 55.167150258978069, 25.224611878735971 ], [ 55.166481733545794, 25.224316954164607 ], [ 55.166905641582645, 25.222871303868089 ], [ 55.167068720146204, 25.222871303868089 ], [ 55.16731333754106, 25.224552869719872 ], [ 55.167150258978069, 25.224611878735971 ] ], [ [ 55.166265964603298, 25.235650658451874 ], [ 55.167222261398962, 25.236475348459351 ], [ 55.167177915828717, 25.236817359733948 ], [ 55.166065931098643, 25.237541556797936 ], [ 55.165710210558558, 25.237541556797936 ], [ 55.165087341908162, 25.236777067408298 ], [ 55.165087341908162, 25.236193656512597 ], [ 55.165776848523564, 25.235690951676617 ], [ 55.166265964603298, 25.235650658451874 ] ], [ [ 55.166791677694647, 25.231530666307805 ], [ 55.166677713806081, 25.231722473713944 ], [ 55.164916277364881, 25.232445359566356 ], [ 55.164688110368814, 25.232371568393717 ], [ 55.164476156350275, 25.231294750752625 ], [ 55.1646554469921, 25.231029153073479 ], [ 55.16558504111768, 25.230424403963667 ], [ 55.166057944219602, 25.230350613690405 ], [ 55.166791677694647, 25.231530666307805 ] ], [ [ 55.165568471108742, 25.21781134571782 ], [ 55.165144563071891, 25.217530846272183 ], [ 55.164997934907348, 25.215819716107688 ], [ 55.165748000070749, 25.215067267740721 ], [ 55.166750669508616, 25.215705155968891 ], [ 55.166556238780032, 25.215740323058043 ], [ 55.165878415257595, 25.217781662694307 ], [ 55.165568471108742, 25.21781134571782 ] ], [ [ 55.16649687273312, 25.208553552805 ], [ 55.164396643690708, 25.207762241135043 ], [ 55.164335846822468, 25.207177638637802 ], [ 55.165669918232794, 25.206960439773212 ], [ 55.166283607503289, 25.207225918741784 ], [ 55.16649687273312, 25.208553552805 ] ], [ [ 55.165307760345542, 25.230232476948061 ], [ 55.163872718452154, 25.230158806284606 ], [ 55.162421345769161, 25.229760528026702 ], [ 55.166384101346154, 25.228845954378045 ], [ 55.166449427200206, 25.2289196250413 ], [ 55.165927529032757, 25.229981660525851 ], [ 55.165307760345542, 25.230232476948061 ] ], [ [ 55.166043758313464, 25.2412228587485 ], [ 55.165865659273408, 25.241343617014934 ], [ 55.165732264632908, 25.24132347130174 ], [ 55.165532231128253, 25.241263151074179 ], [ 55.165443300768771, 25.241162658130776 ], [ 55.165354251697948, 25.241082072580099 ], [ 55.165287613733284, 25.240981460027143 ], [ 55.165176272267985, 25.240981460027143 ], [ 55.165065050412323, 25.240800380633715 ], [ 55.165087341908162, 25.24067974107794 ], [ 55.16515421909267, 25.240579247235189 ], [ 55.165176272267985, 25.240478634681864 ], [ 55.165157437766396, 25.240176915732746 ], [ 55.165424227946716, 25.240176915732746 ], [ 55.165987610940107, 25.240149974742081 ], [ 55.166284203753804, 25.240311026233513 ], [ 55.166313767167338, 25.240579247235189 ], [ 55.16637730606854, 25.240800380633715 ], [ 55.166310548493612, 25.240961432125147 ], [ 55.166243910528948, 25.241041779355442 ], [ 55.166043758313464, 25.2412228587485 ] ], [ [ 55.165144563071891, 25.223638415680909 ], [ 55.165340304112334, 25.223623633524255 ], [ 55.166367650047874, 25.224626659992879 ], [ 55.166351437969439, 25.225172639306635 ], [ 55.165748000070749, 25.225364446712604 ], [ 55.16498160321899, 25.224567651876271 ], [ 55.165144563071891, 25.223638415680909 ] ], [ [ 55.164197921397687, 25.235710859069343 ], [ 55.16350853439215, 25.23446381055706 ], [ 55.163664221427354, 25.234262466740063 ], [ 55.164842844122774, 25.233940720788411 ], [ 55.166221619033109, 25.234383344616305 ], [ 55.166177153853226, 25.234584451012381 ], [ 55.164953947267605, 25.235650658451874 ], [ 55.164197921397687, 25.235710859069343 ] ], [ [ 55.165258645670548, 25.220997810101551 ], [ 55.165992379145592, 25.222414016594087 ], [ 55.165014147885444, 25.223328471532511 ], [ 55.164867401010412, 25.223299145539755 ], [ 55.165258645670548, 25.220997810101551 ] ], [ [ 55.164211273632105, 25.206068635159937 ], [ 55.162760257980295, 25.205109715042056 ], [ 55.162809253045367, 25.204858779909387 ], [ 55.163461446789228, 25.204254030799575 ], [ 55.165629744617803, 25.203604937018895 ], [ 55.165988445511147, 25.204209804839167 ], [ 55.164211273632105, 25.206068635159937 ] ], [ [ 55.164834857243619, 25.226072549509269 ], [ 55.164687872048404, 25.226072549509269 ], [ 55.164459705051996, 25.226072549509269 ], [ 55.164296627388268, 25.225969076212493 ], [ 55.164133548825106, 25.225821733086889 ], [ 55.163970351551114, 25.225688934697189 ], [ 55.16384005507544, 25.225467562978451 ], [ 55.163758516243405, 25.225334763689176 ], [ 55.163676857801619, 25.225231647423186 ], [ 55.163660645722842, 25.225083947266882 ], [ 55.163660645722842, 25.224966048844664 ], [ 55.163676857801619, 25.224848031711986 ], [ 55.163676857801619, 25.224730014578938 ], [ 55.163693309099557, 25.224626659992879 ], [ 55.163742065844502, 25.224538325883714 ], [ 55.163856268053138, 25.224508642860116 ], [ 55.163986801950074, 25.224493861603179 ], [ 55.164198755968613, 25.224493861603179 ], [ 55.16432917115506, 25.224552869719872 ], [ 55.16449224971845, 25.224656343016392 ], [ 55.164622664005634, 25.224759459282325 ], [ 55.16470432244742, 25.224848031711986 ], [ 55.16476953049019, 25.224980831001318 ], [ 55.164850950611452, 25.22509884813411 ], [ 55.164965152820372, 25.225275754672936 ], [ 55.165046811262158, 25.225379109258995 ], [ 55.165046811262158, 25.225511908548413 ], [ 55.165046811262158, 25.225659370384221 ], [ 55.165046811262158, 25.225777507126821 ], [ 55.165014147885444, 25.225895524259528 ], [ 55.164932609053238, 25.226013541392291 ], [ 55.164834857243619, 25.226072549509269 ] ], [ [ 55.163974165576093, 25.244347572083512 ], [ 55.163262605785604, 25.24361014329412 ], [ 55.164522767312604, 25.242979645694817 ], [ 55.164997339556152, 25.243824720634905 ], [ 55.164700746742909, 25.244092941636495 ], [ 55.163974165576093, 25.244347572083512 ] ], [ [ 55.164575934332703, 25.241745948517433 ], [ 55.164353609332494, 25.242188453634782 ], [ 55.163463950501438, 25.242148161309217 ], [ 55.163130402746532, 25.24194705491314 ], [ 55.162574410381495, 25.238829135956536 ], [ 55.162885665741811, 25.238507151684217 ], [ 55.164264559362806, 25.238527178686866 ], [ 55.164509177657322, 25.238607644627621 ], [ 55.164575934332703, 25.241745948517433 ] ], [ [ 55.162192940452684, 25.2274444104319 ], [ 55.162274480183868, 25.227326273689215 ], [ 55.164052128703503, 25.226397037493939 ], [ 55.164198755968613, 25.226397037493939 ], [ 55.16449224971845, 25.227282046829515 ], [ 55.16335082028499, 25.228639245205784 ], [ 55.162910461849236, 25.228698253322392 ], [ 55.162453770825749, 25.228329539377512 ], [ 55.162192940452684, 25.2274444104319 ] ], [ [ 55.162685633136135, 25.234081625667102 ], [ 55.164242267867195, 25.23766231506437 ], [ 55.161862850591007, 25.237280130174582 ], [ 55.16126227343571, 25.233639001839208 ], [ 55.161351323405626, 25.233639001839208 ], [ 55.162685633136135, 25.234081625667102 ] ], [ [ 55.162078857853572, 25.221366524945807 ], [ 55.164149760903541, 25.221912265039634 ], [ 55.163203954699355, 25.223195672243094 ], [ 55.162812710039219, 25.223284244672726 ], [ 55.161964654745674, 25.222885966414822 ], [ 55.162078857853572, 25.221366524945807 ] ], [ [ 55.16204631318746, 25.22089445551552 ], [ 55.16144275657868, 25.219935655906568 ], [ 55.163073659122887, 25.218902945515225 ], [ 55.16318774262092, 25.21894705276506 ], [ 55.16384005507544, 25.22062885783609 ], [ 55.16204631318746, 25.22089445551552 ] ], [ [ 55.162921905722243, 25.207419038258791 ], [ 55.161587953921668, 25.207056880371368 ], [ 55.161534547682237, 25.206332802917302 ], [ 55.162868619092222, 25.205994844886675 ], [ 55.163108706602458, 25.20606720433878 ], [ 55.163615465582126, 25.207008719877308 ], [ 55.162921905722243, 25.207419038258791 ] ], [ [ 55.161051273598019, 25.228196859698016 ], [ 55.161589622163973, 25.22862446304913 ], [ 55.163416147038419, 25.23182582829989 ], [ 55.162959456014931, 25.232725739402156 ], [ 55.162192940452684, 25.233079672089758 ], [ 55.160855651268179, 25.232460140823292 ], [ 55.159404277685923, 25.230173468831083 ], [ 55.159795641955981, 25.22894906974426 ], [ 55.161051273598019, 25.228196859698016 ] ], [ [ 55.162470221224311, 25.225349545845404 ], [ 55.16188311591381, 25.22515785715018 ], [ 55.161899447602167, 25.223623633524255 ], [ 55.162160277075969, 25.22357940666484 ], [ 55.163073659122887, 25.223977566212199 ], [ 55.163073659122887, 25.224479317766992 ], [ 55.162470221224311, 25.225349545845404 ] ], [ [ 55.161018848541829, 25.225231647423186 ], [ 55.161426544500245, 25.225349545845404 ], [ 55.162078857853572, 25.227090359033411 ], [ 55.160920858411686, 25.227931141509572 ], [ 55.160578608816621, 25.225733041946938 ], [ 55.161018848541829, 25.225231647423186 ] ], [ [ 55.160093903911303, 25.204160213523579 ], [ 55.160387278051218, 25.204232454264968 ], [ 55.161614656591809, 25.20548784758688 ], [ 55.160680770901791, 25.206574201638574 ], [ 55.159667015521194, 25.206260323855531 ], [ 55.158973336051389, 25.205294728069958 ], [ 55.160093903911303, 25.204160213523579 ] ], [ [ 55.161107539681922, 25.20853221459052 ], [ 55.159900904004331, 25.208296060715412 ], [ 55.160292148664468, 25.207425832636829 ], [ 55.160373807106254, 25.20747005949616 ], [ 55.161107539681922, 25.20853221459052 ] ], [ [ 55.158817410695548, 25.224213719188498 ], [ 55.158116102277091, 25.22415471107152 ], [ 55.157985568380155, 25.223490834235179 ], [ 55.159991502606346, 25.222251653891419 ], [ 55.160268664667825, 25.222266436047704 ], [ 55.160692572704676, 25.223800658773996 ], [ 55.158817410695548, 25.224213719188498 ] ], [ [ 55.151518821437293, 25.111589670527366 ], [ 55.154651403840063, 25.112368226213249 ], [ 55.156864047238827, 25.115391731643797 ], [ 55.157143950433721, 25.114715814683706 ], [ 55.16030776539165, 25.116374134859029 ], [ 55.158767461449912, 25.117068648000156 ], [ 55.158563137279913, 25.117492556936725 ], [ 55.155094146378616, 25.117447018865533 ], [ 55.155493975067685, 25.115757226915008 ], [ 55.151518821437293, 25.111589670527366 ] ], [ [ 55.157553553854342, 25.109120130390437 ], [ 55.157635331006674, 25.10912454156508 ], [ 55.157659411253604, 25.109168052564144 ], [ 55.157702803542321, 25.109246611942183 ], [ 55.157717227768586, 25.109325051710272 ], [ 55.157755732242123, 25.109368443099953 ], [ 55.157818317861853, 25.109368443099953 ], [ 55.157909751034964, 25.109351158130153 ], [ 55.157957911528996, 25.109351158130153 ], [ 55.158034920475899, 25.109342456290108 ], [ 55.1581263545485, 25.109342456290108 ], [ 55.158222555927097, 25.109351158130153 ], [ 55.158304452689009, 25.109377145839119 ], [ 55.158391117656635, 25.109412073709024 ], [ 55.158468127502971, 25.109468817332782 ], [ 55.158540248634466, 25.109521150681104 ], [ 55.158641338727335, 25.109551548665678 ], [ 55.158737659715854, 25.109555840230485 ], [ 55.158814549052892, 25.109568953245144 ], [ 55.158853054425464, 25.10959076899934 ], [ 55.158857941341608, 25.109647512623184 ], [ 55.158857941341608, 25.109756350375932 ], [ 55.158857941341608, 25.109848022768745 ], [ 55.159002423723763, 25.109913349522174 ], [ 55.159170747133004, 25.110052943189459 ], [ 55.159238219668993, 25.110057234754237 ], [ 55.159291148368453, 25.110083341174033 ], [ 55.15933454065717, 25.110131263347711 ], [ 55.15933454065717, 25.110166072506928 ], [ 55.159320116431246, 25.110227227305302 ], [ 55.159305572594718, 25.110262155175064 ], [ 55.159320116431246, 25.110305547463838 ], [ 55.159377813336306, 25.110401630131889 ], [ 55.15941154960413, 25.110445142030244 ], [ 55.159478902530026, 25.11072850221916 ], [ 55.159464359593215, 25.110824346567085 ], [ 55.159454822283095, 25.110898375160559 ], [ 55.159450054077666, 25.110955118784489 ], [ 55.159440279346285, 25.111024856712277 ], [ 55.159478902530026, 25.111077070451103 ], [ 55.159551143271216, 25.111099004915928 ], [ 55.159589648644186, 25.11112511133544 ], [ 55.159599303765702, 25.111186146524176 ], [ 55.159575223518374, 25.111238360262831 ], [ 55.159522176108197, 25.111255764842298 ], [ 55.15943562985106, 25.111260056407019 ], [ 55.159170747133004, 25.111194849263512 ], [ 55.15844404725587, 25.110837459581745 ], [ 55.157693147521428, 25.109669327478002 ], [ 55.157563209875008, 25.10942947828849 ], [ 55.157476544008347, 25.109246611942183 ], [ 55.157466769276567, 25.109194159883288 ], [ 55.157471657091975, 25.109163642288792 ], [ 55.157510041955703, 25.10912454156508 ], [ 55.157553553854342, 25.109120130390437 ] ], [ [ 55.15471613434292, 25.202277302955679 ], [ 55.153118253105418, 25.201879024698002 ], [ 55.154341101761275, 25.201362609697469 ], [ 55.154993176794477, 25.201377272243832 ], [ 55.155514955351606, 25.201731443252271 ], [ 55.15471613434292, 25.202277302955679 ] ], [ [ 55.148135066480933, 25.13569951072455 ], [ 55.148135066480933, 25.135458112002908 ], [ 55.15181457967995, 25.129085063625354 ], [ 55.152241349359457, 25.120998143949834 ], [ 55.15418767921895, 25.120008468816451 ], [ 55.155147552618388, 25.124763965985039 ], [ 55.154881000758252, 25.127926349222349 ], [ 55.15445435068861, 25.129785060832575 ], [ 55.151548027820155, 25.135458112002908 ], [ 55.150134921290459, 25.136718750170814 ], [ 55.149863839545475, 25.136880874553356 ], [ 55.149361133810118, 25.136715411887565 ], [ 55.148135066480933, 25.13569951072455 ] ], [ [ 55.153624176615182, 25.214226364755518 ], [ 55.153298139997872, 25.214123249389047 ], [ 55.153020858326812, 25.214020013513561 ], [ 55.152809023918138, 25.213872432967179 ], [ 55.152760028853066, 25.213769078380864 ], [ 55.152923107416171, 25.213710069364794 ], [ 55.153086066369696, 25.213665843404499 ], [ 55.153200149867729, 25.21359205223203 ], [ 55.153363347141379, 25.213385700989789 ], [ 55.153461217661942, 25.213311910716783 ], [ 55.153461217661942, 25.213193773974183 ], [ 55.153575301160032, 25.21307575684142 ], [ 55.153705716346366, 25.213060974684765 ], [ 55.153836250243643, 25.213120103310757 ], [ 55.154048204261954, 25.213149548013945 ], [ 55.154194951136986, 25.213238120443435 ], [ 55.154341578401869, 25.213267565146566 ], [ 55.154504656964917, 25.213297128560413 ], [ 55.154651522550552, 25.213326573263515 ], [ 55.154732942671927, 25.213370918833505 ], [ 55.154928565002109, 25.213474154709246 ], [ 55.154928565002109, 25.213621735255629 ], [ 55.154863357858261, 25.213783860537518 ], [ 55.154667854238909, 25.213961005396584 ], [ 55.154439448922091, 25.214049458216579 ], [ 55.153950333741733, 25.214197039662309 ], [ 55.153624176615182, 25.214226364755518 ] ], [ [ 55.153428554285227, 25.21222007259891 ], [ 55.151977419922872, 25.21167445211475 ], [ 55.151993751611229, 25.211349844520271 ], [ 55.153037071304624, 25.210715531996868 ], [ 55.153607844926825, 25.210862875122132 ], [ 55.15401554088524, 25.211158037114217 ], [ 55.153689503368611, 25.212131738489745 ], [ 55.153428554285227, 25.21222007259891 ] ], [ [ 55.152189254331205, 25.207543849769507 ], [ 55.152776240931559, 25.207278252090475 ], [ 55.153901338676661, 25.207691311605316 ], [ 55.153999209196883, 25.207956910183754 ], [ 55.153151154802657, 25.21031725373885 ], [ 55.152189254331205, 25.207543849769507 ] ], [ [ 55.152759552212075, 25.201746225408669 ], [ 55.152221441067326, 25.202306747659065 ], [ 55.150395512443737, 25.201879024698002 ], [ 55.150379062044777, 25.201761007565125 ], [ 55.151602029410782, 25.200654506900719 ], [ 55.152563929882234, 25.20120024699446 ], [ 55.152759552212075, 25.201746225408669 ] ], [ [ 55.152573466293489, 25.219227552210441 ], [ 55.151154875697586, 25.220798612066943 ], [ 55.151032567000215, 25.220746874968796 ], [ 55.150600552474174, 25.219286441616589 ], [ 55.150779843116226, 25.218792319010987 ], [ 55.151660442176563, 25.218379259495947 ], [ 55.152573466293489, 25.218880772730188 ], [ 55.152573466293489, 25.219227552210441 ] ], [ [ 55.15225446237443, 25.21359205223203 ], [ 55.152270912772991, 25.213754415834131 ], [ 55.151569723964457, 25.214698552896635 ], [ 55.149172663787937, 25.214624762623373 ], [ 55.149319648983152, 25.214477300787564 ], [ 55.15225446237443, 25.21359205223203 ] ], [ [ 55.152140260165453, 25.206334114128879 ], [ 55.150460958807088, 25.208045244293373 ], [ 55.150200009723363, 25.20800113704351 ], [ 55.149237870931842, 25.207809328738023 ], [ 55.149303317294795, 25.20685040951949 ], [ 55.152140260165453, 25.206334114128879 ] ], [ [ 55.150835752168945, 25.205404758323596 ], [ 55.149726867401597, 25.205050706925334 ], [ 55.14967811065705, 25.20401787782356 ], [ 55.151862740173982, 25.204032659979845 ], [ 55.150835752168945, 25.205404758323596 ] ], [ [ 55.149548649651223, 25.225408553962382 ], [ 55.149320245233667, 25.224862813868441 ], [ 55.14984214340106, 25.223844766923122 ], [ 55.15005421612986, 25.223771214070865 ], [ 55.15173375580909, 25.223992347469505 ], [ 55.151847958917045, 25.224449753454053 ], [ 55.150722742461397, 25.226131558525083 ], [ 55.149548649651223, 25.225408553962382 ] ], [ [ 55.149662613539675, 25.222532033727106 ], [ 55.150265931827988, 25.221189380086486 ], [ 55.150722503241553, 25.22113037107016 ], [ 55.151391148283693, 25.221351742789153 ], [ 55.151407241651526, 25.221528768938271 ], [ 55.150640845699087, 25.222974538844454 ], [ 55.15034735194925, 25.223166346250252 ], [ 55.149698853520107, 25.22270834401553 ], [ 55.149662613539675, 25.222532033727106 ] ], [ [ 55.150118469992179, 25.210302352871992 ], [ 55.151325106569146, 25.210287570715337 ], [ 55.150950073987445, 25.212087511630131 ], [ 55.150460958807088, 25.212264537778822 ], [ 55.149890303895091, 25.211689114661482 ], [ 55.149971842726956, 25.210508942434416 ], [ 55.150118469992179, 25.210302352871992 ] ], [ [ 55.149303317294795, 25.209166527114292 ], [ 55.14956414676854, 25.2091813083712 ], [ 55.1497435570204, 25.209195971817309 ], [ 55.149808645453305, 25.2092255352309 ], [ 55.150004267783601, 25.209254979934002 ], [ 55.150216341411721, 25.209254979934002 ], [ 55.150346755698735, 25.209254979934002 ], [ 55.150411963742016, 25.209284544247055 ], [ 55.150526046340673, 25.209358334519976 ], [ 55.150558829327309, 25.209461450785909 ], [ 55.150460958807088, 25.209623813488918 ], [ 55.150314211931942, 25.209815621793979 ], [ 55.150183678035006, 25.209904074613803 ], [ 55.150037049870861, 25.20997774617652 ], [ 55.149873852596812, 25.210095763309283 ], [ 55.149662018188138, 25.210258245622242 ], [ 55.149531603001748, 25.21031725373885 ], [ 55.149303317294795, 25.210405707458051 ], [ 55.148944616401451, 25.210302352871992 ], [ 55.148748755751086, 25.210199236606144 ], [ 55.148634672253053, 25.210081219473466 ], [ 55.148618340564695, 25.210036754293583 ], [ 55.14860212758694, 25.209859847754387 ], [ 55.14860212758694, 25.209682822504902 ], [ 55.148634672253053, 25.209550141926115 ], [ 55.148748755751086, 25.209446668629596 ], [ 55.148911953024736, 25.209343552363663 ], [ 55.148960948089808, 25.209254979934002 ], [ 55.14914023873169, 25.209195971817309 ], [ 55.149303317294795, 25.209166527114292 ] ], [ [ 55.146287202493141, 25.228860616924436 ], [ 55.146124124829413, 25.228816270455184 ], [ 55.145455360177408, 25.227695226853768 ], [ 55.145634770429211, 25.227473855134946 ], [ 55.148293018009184, 25.226146221071815 ], [ 55.14847242826059, 25.2262052300878 ], [ 55.149940013921281, 25.226913332884635 ], [ 55.149891138466131, 25.227267265572607 ], [ 55.148814677855654, 25.227783679673763 ], [ 55.146287202493141, 25.228860616924436 ] ], [ [ 55.149682045190815, 25.203132748877948 ], [ 55.149209260799495, 25.203442573416766 ], [ 55.148553133421188, 25.203711867309551 ], [ 55.148275852649164, 25.203608632333072 ], [ 55.148496031867154, 25.202764153643244 ], [ 55.148528456923287, 25.202745556562746 ], [ 55.149682045190815, 25.203132748877948 ] ], [ [ 55.148406863187091, 25.220909237671805 ], [ 55.148015618526557, 25.219787954850915 ], [ 55.149385452377572, 25.218770146225864 ], [ 55.149580955097889, 25.218917727671595 ], [ 55.149124503293848, 25.220673203406079 ], [ 55.148406863187091, 25.220909237671805 ] ], [ [ 55.148830414192872, 25.213474154709246 ], [ 55.147134542825626, 25.212839842185673 ], [ 55.147118449457736, 25.212397217458403 ], [ 55.148357629801495, 25.21176290493483 ], [ 55.149205445875197, 25.212928176295037 ], [ 55.148830414192872, 25.213474154709246 ] ], [ [ 55.147101879448911, 25.20294106018244 ], [ 55.1452758312154, 25.202483654197891 ], [ 55.143857240620179, 25.203309774127433 ], [ 55.142618060275908, 25.20379674442492 ], [ 55.14346587635012, 25.202350974518481 ], [ 55.148161649541208, 25.200905323322473 ], [ 55.149058341969436, 25.201067447705015 ], [ 55.148813843285069, 25.201583862705633 ], [ 55.147101879448911, 25.20294106018244 ] ], [ [ 55.14843964617333, 25.222620367836299 ], [ 55.14889633629744, 25.22357940666484 ], [ 55.147640705554778, 25.223933458063328 ], [ 55.14754283413518, 25.223254680359702 ], [ 55.14843964617333, 25.222620367836299 ] ], [ [ 55.148536920443036, 25.206865072065881 ], [ 55.147640109304263, 25.207337140597161 ], [ 55.147150874513983, 25.207366824520136 ], [ 55.14589536158249, 25.206776737956858 ], [ 55.146156310665816, 25.206201314839461 ], [ 55.147020459327592, 25.205832600894212 ], [ 55.148096561108304, 25.205906152847348 ], [ 55.14860212758694, 25.206319331972225 ], [ 55.148536920443036, 25.206865072065881 ] ], [ [ 55.122427702077317, 25.13714790305383 ], [ 55.121777176576217, 25.136718750170814 ], [ 55.114748716680737, 25.130517363486121 ], [ 55.110814809556729, 25.124359130769818 ], [ 55.108729243061049, 25.118157744085295 ], [ 55.108506321809983, 25.115445971555033 ], [ 55.109416723503756, 25.108094215276509 ], [ 55.112663150185057, 25.102794050905402 ], [ 55.112947344944843, 25.102772712691177 ], [ 55.113705754018014, 25.105068564063487 ], [ 55.111471534084814, 25.110754847858516 ], [ 55.111477255571486, 25.117707252088593 ], [ 55.114131927447346, 25.124680876721726 ], [ 55.119063854514053, 25.130463838536031 ], [ 55.122941851685624, 25.13403368031075 ], [ 55.124844908866436, 25.135280967143615 ], [ 55.129585265948236, 25.136954664826618 ], [ 55.130319952704468, 25.137898922398136 ], [ 55.131806254156203, 25.138400435632178 ], [ 55.138975859049225, 25.139167547445027 ], [ 55.146353245107008, 25.136718750170814 ], [ 55.146911859895084, 25.13656854630193 ], [ 55.147267341215723, 25.136718750170814 ], [ 55.148381352118605, 25.138177752701864 ], [ 55.145845055305841, 25.139679909200964 ], [ 55.139073729569844, 25.141498446296993 ], [ 55.13738334136886, 25.14152514896719 ], [ 55.131024121866602, 25.140819668593451 ], [ 55.129324555185036, 25.140302061991235 ], [ 55.122427702077317, 25.13714790305383 ] ], [ [ 55.148275971359709, 25.209387659613441 ], [ 55.147672653071055, 25.209830403051257 ], [ 55.147118449457736, 25.209874629911042 ], [ 55.146694421810963, 25.209107518098193 ], [ 55.148047805262678, 25.208340406285117 ], [ 55.148275971359709, 25.209387659613441 ] ], [ [ 55.148247241617781, 25.203811526581319 ], [ 55.148247241617781, 25.203910946633499 ], [ 55.148255467716325, 25.204014420829395 ], [ 55.148247241617781, 25.204084277468098 ], [ 55.148235201494032, 25.204217075857798 ], [ 55.148194312917923, 25.204342604128584 ], [ 55.148080229419946, 25.204460621261376 ], [ 55.14799857097816, 25.204534411534638 ], [ 55.147851943712936, 25.204622745643917 ], [ 55.147754073192715, 25.204696655526845 ], [ 55.147509455797405, 25.204755544932993 ], [ 55.14726495711264, 25.204740762776765 ], [ 55.147053003094385, 25.204622745643917 ], [ 55.146922469197449, 25.204504847221699 ], [ 55.146890044140861, 25.204283475502763 ], [ 55.146922469197449, 25.204121351120222 ], [ 55.14693891959601, 25.203988551830719 ], [ 55.147069334782742, 25.203870534697927 ], [ 55.147281170090793, 25.20364916297919 ], [ 55.147509455797405, 25.203531145846512 ], [ 55.147623658005983, 25.203501701143381 ], [ 55.147819280336222, 25.203501701143381 ], [ 55.148031353964399, 25.203498005828862 ], [ 55.148080229419946, 25.203501701143381 ], [ 55.148112774086059, 25.203520059903582 ], [ 55.148145437462773, 25.203545928002825 ], [ 55.148174047595177, 25.203575372705842 ], [ 55.14821064460628, 25.203608632333072 ], [ 55.148235201494032, 25.20364916297919 ], [ 55.148239254738684, 25.203708171995288 ], [ 55.148247241617781, 25.203811526581319 ] ], [ [ 55.148113608656701, 25.224582552743129 ], [ 55.148227810865677, 25.225187420563742 ], [ 55.147559047112992, 25.22548234423536 ], [ 55.146808862339668, 25.225305437696449 ], [ 55.146482825722757, 25.224184155774907 ], [ 55.146645903386485, 25.223830223086964 ], [ 55.148113608656701, 25.224582552743129 ] ], [ [ 55.147150874513983, 25.21546554599891 ], [ 55.14602577676888, 25.214978933631443 ], [ 55.1452758312154, 25.214049458216579 ], [ 55.145390033423979, 25.213769078380864 ], [ 55.147640228014808, 25.214595317920327 ], [ 55.147884845410175, 25.215008258724907 ], [ 55.147150874513983, 25.21546554599891 ] ], [ [ 55.147656917633213, 25.221322178476555 ], [ 55.147868871651809, 25.221735358500695 ], [ 55.146825313637947, 25.222694158109647 ], [ 55.146075129764341, 25.223195672243094 ], [ 55.145716428870998, 25.222620367836299 ], [ 55.146580576633056, 25.221868157789771 ], [ 55.147656917633213, 25.221322178476555 ] ], [ [ 55.14671075349932, 25.215760707990995 ], [ 55.147362947242783, 25.216114759389228 ], [ 55.146890044140861, 25.217250704756964 ], [ 55.146237850397398, 25.216896653358532 ], [ 55.145993351712633, 25.216306448084822 ], [ 55.146139978977459, 25.21599674225655 ], [ 55.14671075349932, 25.215760707990995 ] ], [ [ 55.146564244944699, 25.221263170359663 ], [ 55.145520568220633, 25.221823930930356 ], [ 55.144982457075486, 25.221395969648938 ], [ 55.145080447205629, 25.221101045977122 ], [ 55.146075129764341, 25.220481276390359 ], [ 55.146417617679532, 25.220540404117003 ], [ 55.146564244944699, 25.221263170359663 ] ], [ [ 55.146303534181499, 25.226662636072348 ], [ 55.145814180680674, 25.226809978298604 ], [ 55.144754171368874, 25.2264856099236 ], [ 55.144737959290438, 25.226323247220563 ], [ 55.145634770429211, 25.225600362267528 ], [ 55.146009921721117, 25.225629925681091 ], [ 55.146303534181499, 25.226662636072348 ] ], [ [ 55.141150116685225, 25.227975368369357 ], [ 55.143270254019882, 25.228786945361719 ], [ 55.144949913308693, 25.228005051392586 ], [ 55.146221875739712, 25.229347348002449 ], [ 55.143694162056732, 25.230527639839522 ], [ 55.143433332582816, 25.230483412979908 ], [ 55.140465259564877, 25.229052424330575 ], [ 55.140302062291227, 25.228580355799551 ], [ 55.141150116685225, 25.227975368369357 ] ], [ [ 55.14509654057386, 25.204917907636002 ], [ 55.144900679923495, 25.204755544932993 ], [ 55.145422458480567, 25.203885316854581 ], [ 55.145667075875537, 25.203958868807462 ], [ 55.146042228067159, 25.204563856237769 ], [ 55.14509654057386, 25.204917907636002 ] ], [ [ 55.145112752652295, 25.207794547481086 ], [ 55.145813942360547, 25.208045244293373 ], [ 55.145732402628965, 25.209535241059172 ], [ 55.145210624071893, 25.20963847603565 ], [ 55.144476770986927, 25.208724021996574 ], [ 55.144460558908492, 25.208384633144789 ], [ 55.145112752652295, 25.207794547481086 ] ], [ [ 55.14509654057386, 25.211733341521267 ], [ 55.145764947295476, 25.212603807020685 ], [ 55.145569443675782, 25.212942957551974 ], [ 55.14483547188027, 25.212957859318294 ], [ 55.143107056746231, 25.213636279091787 ], [ 55.14483547188027, 25.211748122778175 ], [ 55.14509654057386, 25.211733341521267 ] ], [ [ 55.144901036954167, 25.224139928915235 ], [ 55.14566755251613, 25.224641442149533 ], [ 55.145618558350776, 25.224789023595264 ], [ 55.144542336060823, 25.225497126392014 ], [ 55.144379258397095, 25.225467562978451 ], [ 55.143775820498519, 25.224582552743129 ], [ 55.144901036954167, 25.224139928915235 ] ], [ [ 55.139844656306678, 25.091941952459763 ], [ 55.137719631156671, 25.090768456799452 ], [ 55.137733987034409, 25.090589138278716 ], [ 55.139844656306678, 25.091941952459763 ] ], [ [ 55.136475801318085, 25.089782714401537 ], [ 55.137761115983466, 25.088684439835845 ], [ 55.136869549690829, 25.08605575566915 ], [ 55.129676103769867, 25.076242923672652 ], [ 55.12674450905277, 25.074215054082117 ], [ 55.125838279313854, 25.075446248446241 ], [ 55.125216364844078, 25.073370337072163 ], [ 55.125358462223886, 25.072630047539207 ], [ 55.126620054572783, 25.0714068409535 ], [ 55.13013815835032, 25.07047355151397 ], [ 55.131808161617954, 25.070891856774381 ], [ 55.133709430946197, 25.074432373455977 ], [ 55.133900523391191, 25.074597358581883 ], [ 55.137320756648336, 25.076267123529448 ], [ 55.13745415218844, 25.076407909697849 ], [ 55.137098669968424, 25.077775836086744 ], [ 55.138497948522428, 25.078137874363875 ], [ 55.138609051667089, 25.079365014584425 ], [ 55.140696763945499, 25.080028772710222 ], [ 55.142784476223397, 25.082644104642469 ], [ 55.144073128272822, 25.082040548033262 ], [ 55.145605445335747, 25.083468675939145 ], [ 55.144628167356899, 25.086104154483706 ], [ 55.137823343673318, 25.089473009472528 ], [ 55.137733987034409, 25.090589138278716 ], [ 55.136475801318085, 25.089782714401537 ] ], [ [ 55.143971442828757, 25.208886146379115 ], [ 55.144982457075486, 25.210538506747469 ], [ 55.144639849550373, 25.211113810254801 ], [ 55.144199728535369, 25.211040019981425 ], [ 55.143123626754544, 25.209505677645581 ], [ 55.143563747769377, 25.208915710692168 ], [ 55.143971442828757, 25.208886146379115 ] ], [ [ 55.144297361634841, 25.215687036428278 ], [ 55.14493334330021, 25.217029452647807 ], [ 55.144558429428713, 25.217265367303355 ], [ 55.142846345983031, 25.217132568014279 ], [ 55.142650604043212, 25.216970443631737 ], [ 55.142764807150826, 25.215746045444263 ], [ 55.144297361634841, 25.215687036428278 ] ], [ [ 55.143449664271174, 25.221307515929823 ], [ 55.143857360229589, 25.221484542078599 ], [ 55.144770622667153, 25.223077655110302 ], [ 55.144411921773809, 25.223328471532511 ], [ 55.143580079457735, 25.223225355266578 ], [ 55.142732143774111, 25.222487568547223 ], [ 55.142569065210836, 25.221853256023479 ], [ 55.143449664271174, 25.221307515929823 ] ], [ [ 55.144737839680516, 25.206761955800403 ], [ 55.14441156384342, 25.206776737956858 ], [ 55.143172502210206, 25.205581664862422 ], [ 55.143156170521848, 25.205389857456737 ], [ 55.144232273201879, 25.204489946354471 ], [ 55.144656300848652, 25.204888344222496 ], [ 55.144737839680516, 25.206761955800403 ] ], [ [ 55.143048167339856, 25.228392958668849 ], [ 55.142389654959544, 25.226869106025134 ], [ 55.142454743392335, 25.226573944032936 ], [ 55.143380642203653, 25.226322650970047 ], [ 55.143954038249291, 25.226793408289751 ], [ 55.144117951383379, 25.227412223695779 ], [ 55.143048167339856, 25.228392958668849 ] ], [ [ 55.143563747769377, 25.207779765324432 ], [ 55.142487645089687, 25.208074927316517 ], [ 55.142292022759278, 25.206791400503164 ], [ 55.143368124540103, 25.206496358121001 ], [ 55.143531203103549, 25.206658720824009 ], [ 55.143563747769377, 25.207779765324432 ] ], [ [ 55.139374256017817, 25.098218679848799 ], [ 55.137756944028609, 25.098428010544865 ], [ 55.138234734945826, 25.095348119420862 ], [ 55.139778375372686, 25.094038844117932 ], [ 55.139898776608135, 25.09644925562921 ], [ 55.141029953770243, 25.097224950571615 ], [ 55.140057563606462, 25.096989631267121 ], [ 55.140933632781724, 25.098166346500477 ], [ 55.141333103540916, 25.097338319108928 ], [ 55.141410112487534, 25.097464681051008 ], [ 55.143460631503814, 25.102263450898164 ], [ 55.143436551256656, 25.102725625088198 ], [ 55.141944527418588, 25.101165055823287 ], [ 55.139374256017817, 25.098218679848799 ] ], [ [ 55.142112732117567, 25.206334114128879 ], [ 55.140416860750321, 25.205935835870861 ], [ 55.140547514257179, 25.205448865573345 ], [ 55.142047524075025, 25.204917907636002 ], [ 55.142503976778045, 25.20503592476868 ], [ 55.142911553126538, 25.205330848440582 ], [ 55.142324566526582, 25.206230759542478 ], [ 55.142112732117567, 25.206334114128879 ] ], [ [ 55.142569065210836, 25.211925148927037 ], [ 55.142406106257482, 25.212677478583487 ], [ 55.141052722805597, 25.213267565146566 ], [ 55.140009045181984, 25.213164329271052 ], [ 55.140041708558698, 25.212456226474302 ], [ 55.1421778205507, 25.211703777208214 ], [ 55.142569065210836, 25.211925148927037 ] ], [ [ 55.142162561753452, 25.226467967023638 ], [ 55.141456842160466, 25.22701263422644 ], [ 55.140800476461635, 25.22682702584703 ], [ 55.141062617146957, 25.225942253932459 ], [ 55.141975760873464, 25.225566744710164 ], [ 55.14224565011753, 25.225641847094209 ], [ 55.142162561753452, 25.226467967023638 ] ], [ [ 55.142120957317132, 25.223820805386453 ], [ 55.142058849237088, 25.22438395006003 ], [ 55.140979528783049, 25.224571823831326 ], [ 55.140543579722959, 25.224571823831326 ], [ 55.140107751172565, 25.22397100925528 ], [ 55.140439868106142, 25.223013401247982 ], [ 55.140730500213323, 25.222806930396189 ], [ 55.142120957317132, 25.223820805386453 ] ], [ [ 55.142079949131272, 25.210907340302271 ], [ 55.141753911614643, 25.210951447552048 ], [ 55.140563726335614, 25.209889412067497 ], [ 55.140449524127035, 25.209476351653109 ], [ 55.141411543308863, 25.208783030113267 ], [ 55.141802906679715, 25.208827256973052 ], [ 55.142079949131272, 25.210907340302271 ] ], [ [ 55.141892671610179, 25.221642851536927 ], [ 55.141373753796444, 25.221680402728964 ], [ 55.140439868106142, 25.220929264674453 ], [ 55.140419244852836, 25.220516323869788 ], [ 55.14095866720973, 25.220103144744996 ], [ 55.141664504613772, 25.220459938176248 ], [ 55.141892671610179, 25.221642851536927 ] ], [ [ 55.140775442033743, 25.217368721889642 ], [ 55.140237450498688, 25.216616272623298 ], [ 55.141183137992158, 25.216218113975543 ], [ 55.141590833950573, 25.217117905467546 ], [ 55.140775442033743, 25.217368721889642 ] ], [ [ 55.139796972453183, 25.215805053560956 ], [ 55.139471053646929, 25.215480446865854 ], [ 55.140971064363811, 25.213901877670224 ], [ 55.140742778657028, 25.215288639459715 ], [ 55.139796972453183, 25.215805053560956 ] ], [ [ 55.140351057356298, 25.227915764001779 ], [ 55.139995217206575, 25.227852106390316 ], [ 55.139394760560577, 25.22681283994126 ], [ 55.139702439317176, 25.226175665774832 ], [ 55.140121221218266, 25.226118803440698 ], [ 55.140651225874279, 25.226685405108071 ], [ 55.140351057356298, 25.227915764001779 ] ], [ [ 55.140004158265896, 25.222412467062384 ], [ 55.139215350309115, 25.222393751271312 ], [ 55.138551354761859, 25.221886753971177 ], [ 55.138530611899142, 25.221229672412136 ], [ 55.139277815419888, 25.220384835792203 ], [ 55.140398501989949, 25.221530080149847 ], [ 55.140004158265896, 25.222412467062384 ] ], [ [ 55.137451410155194, 25.203918814801938 ], [ 55.139951944527496, 25.207056880371368 ], [ 55.137200951663402, 25.212850451487668 ], [ 55.137959838276487, 25.214309572729263 ], [ 55.137865423850855, 25.214653014825359 ], [ 55.136757016623875, 25.215008735365501 ], [ 55.136726856060449, 25.215253830300782 ], [ 55.138577103251606, 25.217002630367858 ], [ 55.136442303370217, 25.217700004252521 ], [ 55.137580752450646, 25.218687057862041 ], [ 55.136489748903415, 25.219974517410691 ], [ 55.137201309593451, 25.223321914575223 ], [ 55.135683417656111, 25.224394678972004 ], [ 55.134070515942227, 25.222592353954781 ], [ 55.133880734709038, 25.220532417237933 ], [ 55.133880734709038, 25.21851527655943 ], [ 55.136636137848114, 25.206115364832868 ], [ 55.135635733802616, 25.202765345245268 ], [ 55.137295841830422, 25.20323753338613 ], [ 55.137451410155194, 25.203918814801938 ] ], [ [ 55.139194727055639, 25.228495836613945 ], [ 55.138592958299029, 25.228458165812356 ], [ 55.138177752102393, 25.227538347317477 ], [ 55.138219356538656, 25.22663712500372 ], [ 55.138904213659345, 25.226524352717348 ], [ 55.139547467242409, 25.227913856540027 ], [ 55.139194727055639, 25.228495836613945 ] ], [ [ 55.133396506444257, 25.100578546763302 ], [ 55.123880028940818, 25.099519133701676 ], [ 55.114677309610926, 25.102831721706991 ], [ 55.115100741007183, 25.10014665094775 ], [ 55.123687505674667, 25.097147941624939 ], [ 55.130979657585868, 25.097445845650014 ], [ 55.134822544325829, 25.099121144126144 ], [ 55.133396506444257, 25.100578546763302 ] ], [ [ 55.135055064939962, 25.098883509966697 ], [ 55.136219143799195, 25.099588752019883 ], [ 55.13616918106348, 25.099708208067966 ], [ 55.134822544325829, 25.099121144126144 ], [ 55.135055064939962, 25.098883509966697 ] ], [ [ 55.136485815268912, 25.099846244109415 ], [ 55.135677218629411, 25.100884437667361 ], [ 55.13616918106348, 25.099708208067966 ], [ 55.136485815268912, 25.099846244109415 ] ], [ [ 55.044500708441689, 25.034515857421667 ], [ 55.040853977329931, 25.033453703226598 ], [ 55.039030671129495, 25.034515857421667 ], [ 55.038118958224146, 25.033571720359021 ], [ 55.041375040926113, 25.028733015217028 ], [ 55.055570841222249, 25.037702321805511 ], [ 55.060129046019512, 25.040534734790896 ], [ 55.058696627448199, 25.045019268924818 ], [ 55.045802951045999, 25.036640048000578 ], [ 55.044500708441689, 25.034515857421667 ] ], [ [ 54.753080726095362, 24.870471954717715 ], [ 54.754310369129058, 24.862575531236587 ], [ 54.756864548061145, 24.852790832731529 ], [ 54.755540251382428, 24.849614977649679 ], [ 54.737755537388836, 24.843950152578174 ], [ 54.723747253833352, 24.832406043804383 ], [ 54.712493419236665, 24.818458557117367 ], [ 54.707717656745245, 24.817299842714363 ], [ 54.70785951580487, 24.819145202989432 ], [ 54.705399274657537, 24.815196871638847 ], [ 54.705778956734122, 24.81476783746632 ], [ 54.706819176464677, 24.814381480621392 ], [ 54.708852529221616, 24.81592655186958 ], [ 54.713101625340443, 24.815594553646434 ], [ 54.714337468300158, 24.815368652042366 ], [ 54.723839640287707, 24.809188842791457 ], [ 54.726659655219493, 24.810127138757167 ], [ 54.727387666308601, 24.807543754341452 ], [ 54.734599947630301, 24.805406928287567 ], [ 54.73765230151335, 24.80278360857713 ], [ 54.742714524156924, 24.804618000720922 ], [ 54.748659610353599, 24.801874279774836 ], [ 54.754191040784605, 24.803373813851124 ], [ 54.763947844118576, 24.800793528499355 ], [ 54.767443418080092, 24.802083611370279 ], [ 54.770093918000754, 24.805047512433532 ], [ 54.770208954779974, 24.809754729497655 ], [ 54.761467457257964, 24.824920654565091 ], [ 54.760720372447878, 24.830013513513592 ], [ 54.761911511008435, 24.835906147651315 ], [ 54.759990453897359, 24.835906147651315 ], [ 54.750458001736234, 24.836577058085538 ], [ 54.745531440024791, 24.838096976195033 ], [ 54.74212074317839, 24.836933970227335 ], [ 54.734259605497328, 24.831259369524929 ], [ 54.733597755732632, 24.831261753627643 ], [ 54.732803344998985, 24.832962751130736 ], [ 54.732849359710855, 24.833284258762035 ], [ 54.735514759599226, 24.834609865753208 ], [ 54.737463951101148, 24.839401244972123 ], [ 54.740301251002535, 24.842233657957678 ], [ 54.745597243418985, 24.843349456712673 ], [ 54.753919720719381, 24.841461062078963 ], [ 54.758175372895977, 24.843006134226499 ], [ 54.758837342270425, 24.844121932981409 ], [ 54.76158010993484, 24.847040056753798 ], [ 54.761485457188854, 24.848070144721987 ], [ 54.75997233435649, 24.849786758053199 ], [ 54.755823969501108, 24.871673465158722 ], [ 54.753837347316534, 24.872188449338097 ], [ 54.753080726095362, 24.870471954717715 ] ], [ [ 54.67120492446864, 24.772783040805422 ], [ 54.671394347771837, 24.7712444069046 ], [ 54.672198534135788, 24.771560550080068 ], [ 54.674928307496117, 24.774942278863648 ], [ 54.674783349372916, 24.77536225326611 ], [ 54.673980117189416, 24.77560174452563 ], [ 54.673619032193102, 24.775694966450288 ], [ 54.67120492446864, 24.772783040805422 ] ], [ [ 54.660286664698418, 24.688071250488235 ], [ 54.661473274272709, 24.68938374536404 ], [ 54.661442280038017, 24.691009044232601 ], [ 54.659736871360252, 24.689167141850675 ], [ 54.660286664698418, 24.688071250488235 ] ], [ [ 54.631657600818272, 24.641750812350836 ], [ 54.632520317759173, 24.641348958388363 ], [ 54.638376236175162, 24.640929937267543 ], [ 54.637448906542687, 24.642095446947963 ], [ 54.632559656803579, 24.643447637898646 ], [ 54.63172876866858, 24.643943428747008 ], [ 54.627715230174459, 24.648506880188989 ], [ 54.627441644716754, 24.648282408506873 ], [ 54.628121137381328, 24.644913554417656 ], [ 54.631657600818272, 24.641750812350836 ] ], [ [ 54.616408824808019, 24.642837047692325 ], [ 54.61585247541214, 24.642387508976924 ], [ 54.615284442923354, 24.640954375444551 ], [ 54.615283370032245, 24.640564441995991 ], [ 54.617932200811339, 24.635742068542015 ], [ 54.617992043498845, 24.62950885305159 ], [ 54.622380018323867, 24.631375551540884 ], [ 54.62760627281196, 24.630829333907087 ], [ 54.628700733353099, 24.630202054981226 ], [ 54.628802537508051, 24.627737760589923 ], [ 54.63198423368604, 24.6276098491158 ], [ 54.631299138245396, 24.633398413706573 ], [ 54.629897355978784, 24.635557651764685 ], [ 54.629669904842814, 24.635813474712592 ], [ 54.627228617806992, 24.636420249995041 ], [ 54.626897335444738, 24.638354063090134 ], [ 54.621333241636563, 24.639765262157852 ], [ 54.620274305215816, 24.640797137978126 ], [ 54.617986440722376, 24.642598033073398 ], [ 54.616408824808019, 24.642837047692325 ] ], [ [ 54.619622946042995, 24.668877363600188 ], [ 54.619915366002061, 24.666420340227234 ], [ 54.616913438005469, 24.664859652251863 ], [ 54.616748928620865, 24.664279102998933 ], [ 54.617092966967476, 24.663678050102391 ], [ 54.620957612804347, 24.663354516298398 ], [ 54.621541262020315, 24.663586855249918 ], [ 54.62093973158423, 24.664742946330563 ], [ 54.622756719148157, 24.668729305513494 ], [ 54.62451136121129, 24.669410228999624 ], [ 54.625429868494649, 24.671537160712063 ], [ 54.625579714432803, 24.672337055511349 ], [ 54.625212550019711, 24.674212574551262 ], [ 54.623738646621888, 24.675889253486957 ], [ 54.623424529619257, 24.676029443404843 ], [ 54.622566222953338, 24.675920725261989 ], [ 54.621687650965015, 24.672574400988594 ], [ 54.619622946042995, 24.668877363600188 ] ], [ [ 54.619405150028541, 24.681880950645734 ], [ 54.620836376998142, 24.680608748995212 ], [ 54.62210810200807, 24.680837512242135 ], [ 54.622794628270213, 24.68320107447056 ], [ 54.622342228811618, 24.684031963504765 ], [ 54.619459747869683, 24.687325954429838 ], [ 54.618076443973365, 24.687540173840603 ], [ 54.617657422852375, 24.687360405658751 ], [ 54.618797301854926, 24.682943940311361 ], [ 54.619405150028541, 24.681880950645734 ] ], [ [ 54.61630845057519, 24.657692312750584 ], [ 54.617305875166636, 24.656088352096333 ], [ 54.621296167085035, 24.655530453168382 ], [ 54.62091255227304, 24.661248921900693 ], [ 54.617152452624254, 24.6615976097425 ], [ 54.61630845057519, 24.657692312750584 ] ], [ [ 54.603954076919905, 24.67017531374043 ], [ 54.61208796458871, 24.661318540218929 ], [ 54.615234255357251, 24.666060805662198 ], [ 54.612318157757414, 24.67010545710184 ], [ 54.603954076919905, 24.67017531374043 ] ], [ [ 54.601146817072646, 24.614421606072739 ], [ 54.60194134741576, 24.614501953303289 ], [ 54.603207230430172, 24.617347836334289 ], [ 54.603775859169303, 24.62118434867935 ], [ 54.603119969212031, 24.623414159236631 ], [ 54.602094173708025, 24.622944473908916 ], [ 54.60097622827098, 24.617263555469265 ], [ 54.600858211138217, 24.614975571366273 ], [ 54.601146817072646, 24.614421606072739 ] ], [ [ 54.522861361763006, 24.568504572328862 ], [ 54.523317813567161, 24.568041443957924 ], [ 54.523873448001979, 24.563515663317901 ], [ 54.524173975349669, 24.563176631497072 ], [ 54.526499629355072, 24.561533451408167 ], [ 54.529394269131018, 24.561354279477115 ], [ 54.534878372739314, 24.558917403616022 ], [ 54.540273546887505, 24.558906555094183 ], [ 54.543249368464188, 24.563069701206388 ], [ 54.553285003001264, 24.56470441777509 ], [ 54.565836071877726, 24.559401035629918 ], [ 54.569982171340968, 24.556789756043116 ], [ 54.570347428291853, 24.554401755637087 ], [ 54.579197526145748, 24.553628921438218 ], [ 54.582453370527361, 24.551618337716775 ], [ 54.583066463547112, 24.551618337716775 ], [ 54.584753155534457, 24.553138613756403 ], [ 54.582591533373517, 24.556046366547122 ], [ 54.580244541153576, 24.556830048368795 ], [ 54.571912049901727, 24.564328908552795 ], [ 54.574505806198573, 24.566082834755832 ], [ 54.577277779346872, 24.566343426808459 ], [ 54.580723643282369, 24.564203739112031 ], [ 54.585135221713841, 24.563200950963761 ], [ 54.582267761249028, 24.560686350295555 ], [ 54.585478544200186, 24.55525076421219 ], [ 54.587408542371094, 24.563514352106324 ], [ 54.586157560223938, 24.565155744342661 ], [ 54.587376356534293, 24.566904544409738 ], [ 54.589486360307973, 24.566604733822174 ], [ 54.591098665771511, 24.5674474237602 ], [ 54.591133952470585, 24.567824244193986 ], [ 54.58863496763027, 24.567567824995933 ], [ 54.584633230939886, 24.569952130087501 ], [ 54.580002307860951, 24.569835662486355 ], [ 54.57671463467355, 24.567873000938931 ], [ 54.566478967531253, 24.568274139940314 ], [ 54.561090946590554, 24.569682240843491 ], [ 54.557781815579034, 24.568311452811969 ], [ 54.552302360566188, 24.574074864264304 ], [ 54.547076940649077, 24.571767449408782 ], [ 54.542863846190158, 24.573095440502755 ], [ 54.534767270493859, 24.57322800147179 ], [ 54.532222867192473, 24.57555592086959 ], [ 54.527286052310075, 24.576979279670724 ], [ 54.52298843866609, 24.577002405737119 ], [ 54.516416430574765, 24.578892946153076 ], [ 54.514181613491388, 24.578426718718902 ], [ 54.51791691793224, 24.575955748659482 ], [ 54.517187237701506, 24.57098102555446 ], [ 54.517376303974032, 24.570754051059367 ], [ 54.522861361763006, 24.568504572328862 ] ], [ [ 54.572567224898108, 24.553778052415851 ], [ 54.570994853830115, 24.553710937810223 ], [ 54.571228742313252, 24.550687551090334 ], [ 54.56551313432422, 24.545909047465358 ], [ 54.567313671489472, 24.539584875442387 ], [ 54.570194959930205, 24.537290453991886 ], [ 54.570665717249909, 24.537168979865044 ], [ 54.572650909512646, 24.537597656107522 ], [ 54.575218200560386, 24.539013742990477 ], [ 54.576318621807587, 24.543403148637168 ], [ 54.577160358464624, 24.543660760336337 ], [ 54.579452634132366, 24.54534351868918 ], [ 54.578174710095738, 24.550399422695762 ], [ 54.575136423408054, 24.553081155171668 ], [ 54.574814319525814, 24.553247451509435 ], [ 54.572567224898108, 24.553778052415851 ] ], [ [ 54.563683271166866, 24.60386562380009 ], [ 54.56445395958346, 24.601363658606743 ], [ 54.565158605385847, 24.600710511581326 ], [ 54.565567016305437, 24.600652933386755 ], [ 54.570983052026833, 24.60176873214192 ], [ 54.577246904721704, 24.599951743678758 ], [ 54.577651620326918, 24.599999308821793 ], [ 54.577965021469169, 24.600537776997527 ], [ 54.575330853237261, 24.607044220015297 ], [ 54.575334668161105, 24.60779213939648 ], [ 54.575557112771236, 24.609375000156831 ], [ 54.575629949763169, 24.609375000156831 ], [ 54.575439453568862, 24.613611340291698 ], [ 54.575077652712281, 24.614318609416983 ], [ 54.573664546182641, 24.615971207206201 ], [ 54.568634628985734, 24.618757009229199 ], [ 54.567975759574352, 24.618977069736701 ], [ 54.564727425430902, 24.619078158930535 ], [ 54.563334345903883, 24.619330525783823 ], [ 54.561491847271753, 24.619043946021833 ], [ 54.559129238324516, 24.61705732383723 ], [ 54.560269355647193, 24.614915370748292 ], [ 54.56669676264633, 24.610091209442487 ], [ 54.56673336055681, 24.609375000156831 ], [ 54.566668510443975, 24.609375000156831 ], [ 54.563683271166866, 24.60386562380009 ] ], [ [ 54.555190801315092, 24.529646873105435 ], [ 54.556353450252374, 24.527717947825579 ], [ 54.556715726850115, 24.527434349316451 ], [ 54.560207247567092, 24.527246355935233 ], [ 54.561711549849093, 24.525444030917896 ], [ 54.56816101092258, 24.525165200613912 ], [ 54.569833159073625, 24.525984048625702 ], [ 54.57001864874249, 24.526367306406598 ], [ 54.570573568216588, 24.52892327319131 ], [ 54.569639444205933, 24.530962110014059 ], [ 54.562250972205476, 24.531005739723867 ], [ 54.560495853501465, 24.533577561555973 ], [ 54.560247779112302, 24.533731579449352 ], [ 54.558211207681694, 24.534534454602095 ], [ 54.555670857624619, 24.534559846060745 ], [ 54.555222034769855, 24.530949235319497 ], [ 54.555190801315092, 24.529646873105435 ] ], [ [ 54.491161823560077, 24.472176313786377 ], [ 54.492187500353708, 24.471819042815184 ], [ 54.494454741593955, 24.469230413553476 ], [ 54.516530752393265, 24.457897663447056 ], [ 54.536717653597776, 24.452264904602373 ], [ 54.540883302523326, 24.44821202796328 ], [ 54.543568372383305, 24.439988136144251 ], [ 54.545362353490617, 24.43884706464101 ], [ 54.54993975161895, 24.438901305451537 ], [ 54.561323642572887, 24.443065524455108 ], [ 54.564064144845162, 24.443110466275499 ], [ 54.566836833853614, 24.444578051936162 ], [ 54.56810414768907, 24.445709228199036 ], [ 54.568446755214467, 24.446915746065542 ], [ 54.568092823425587, 24.448538303800376 ], [ 54.565869450215502, 24.451029777502924 ], [ 54.564986944592789, 24.454807758372056 ], [ 54.561257958788389, 24.459516048327657 ], [ 54.560405253999846, 24.460171342034585 ], [ 54.548771500804747, 24.465623259806222 ], [ 54.548396110292998, 24.465755104914734 ], [ 54.542018056289152, 24.466864943862589 ], [ 54.530324816537615, 24.470952629660616 ], [ 54.525796651794991, 24.471886038710238 ], [ 54.517108917543368, 24.473018169153676 ], [ 54.510254740864326, 24.476686358089552 ], [ 54.496873617524301, 24.478137255030816 ], [ 54.496418118102468, 24.478249311457176 ], [ 54.494437455725034, 24.479945540754812 ], [ 54.492187500353708, 24.479910731595538 ], [ 54.492187500353708, 24.479631543361762 ], [ 54.491093158523228, 24.47960591358256 ], [ 54.490554332417361, 24.479312777763141 ], [ 54.489592552455093, 24.477460980140762 ], [ 54.489508032370594, 24.476856231930071 ], [ 54.491161823560077, 24.472176313786377 ] ], [ [ 54.53794896577304, 24.633718013875921 ], [ 54.535450100542363, 24.635003447252018 ], [ 54.533555746101428, 24.634512424609198 ], [ 54.533833623124139, 24.630048275408313 ], [ 54.532046437293872, 24.629142641919941 ], [ 54.52805197252124, 24.621838211564807 ], [ 54.523682117236859, 24.617818951583956 ], [ 54.516279101400272, 24.613476156899907 ], [ 54.513529658068052, 24.612513304046388 ], [ 54.511681556659056, 24.612917065470839 ], [ 54.511198044255281, 24.61319684995533 ], [ 54.511483668937075, 24.615836143423991 ], [ 54.511082529935749, 24.616065621631719 ], [ 54.507673859261871, 24.615486145270154 ], [ 54.505627036459401, 24.61704981359847 ], [ 54.505301355973444, 24.617121934730221 ], [ 54.503641844196551, 24.616760731023362 ], [ 54.502092838414598, 24.615369558059143 ], [ 54.501958131663258, 24.615073799816543 ], [ 54.504909634672714, 24.613581538557639 ], [ 54.501928329029994, 24.611313701067218 ], [ 54.501689076090912, 24.609375000156831 ], [ 54.501727700174087, 24.608841657217482 ], [ 54.50440227944253, 24.608038306323522 ], [ 54.504822373454346, 24.608058809966735 ], [ 54.512782216227009, 24.609905123523276 ], [ 54.513170838464163, 24.609849334080252 ], [ 54.525095105055613, 24.604960679692283 ], [ 54.525853275808714, 24.605002642058935 ], [ 54.529996514528165, 24.607929468570831 ], [ 54.544522524296127, 24.612095355816479 ], [ 54.547358631696085, 24.609375000156831 ], [ 54.554306268620081, 24.60497295813596 ], [ 54.555880427540529, 24.604671478406601 ], [ 54.556460142222505, 24.604928850886552 ], [ 54.559162020411492, 24.60799670188689 ], [ 54.559370755756362, 24.609375000156831 ], [ 54.559370755756362, 24.609793543737766 ], [ 54.552598238418824, 24.616224407731011 ], [ 54.552490830588255, 24.616552472319285 ], [ 54.552103399952642, 24.625840902436266 ], [ 54.552182316361694, 24.627060532418341 ], [ 54.553462266571131, 24.631478666907611 ], [ 54.551916002821912, 24.635582804903294 ], [ 54.548803806251414, 24.636665225320399 ], [ 54.53794896577304, 24.633718013875921 ] ], [ [ 54.551930666268191, 24.529738307177752 ], [ 54.551878929169931, 24.529426932207855 ], [ 54.55258917774907, 24.527793645560934 ], [ 54.553514241989575, 24.527397871015609 ], [ 54.554120063990496, 24.527465701481674 ], [ 54.555040359125798, 24.528612256151462 ], [ 54.554744124242546, 24.529074549950963 ], [ 54.553795337685443, 24.529582142602521 ], [ 54.551930666268191, 24.529738307177752 ] ], [ [ 54.554679513349555, 24.530438781025566 ], [ 54.554792523057102, 24.531110644740977 ], [ 54.55338776133695, 24.533936500769443 ], [ 54.549374461163183, 24.536052346539236 ], [ 54.548357844140099, 24.534178972382279 ], [ 54.549732207875792, 24.53143835050011 ], [ 54.551192402907731, 24.530603527831261 ], [ 54.554679513349555, 24.530438781025566 ] ], [ [ 54.548501610661646, 24.547002435114933 ], [ 54.548761248533339, 24.547245741298667 ], [ 54.548751950443062, 24.549543380523147 ], [ 54.548544406699619, 24.549769758768008 ], [ 54.546914220016021, 24.549984336108793 ], [ 54.545349955436819, 24.548429965871009 ], [ 54.54524075975408, 24.548071861228181 ], [ 54.546579837690132, 24.547135114794429 ], [ 54.548501610661646, 24.547002435114933 ] ], [ [ 54.528712749394828, 24.550297617641405 ], [ 54.524293660724737, 24.550014377062411 ], [ 54.522098303195008, 24.550611257104435 ], [ 54.516943931517773, 24.553036928312338 ], [ 54.516842246073708, 24.554363966124669 ], [ 54.513275027621177, 24.5566834211036 ], [ 54.511839627797286, 24.554263710602385 ], [ 54.51318717015252, 24.553065658054294 ], [ 54.506180643822546, 24.550561547078303 ], [ 54.506771325737105, 24.550087809405397 ], [ 54.50309705738411, 24.548723816651517 ], [ 54.502042650848495, 24.546642541720558 ], [ 54.497768044560388, 24.547262549627618 ], [ 54.500574469836607, 24.542942047338244 ], [ 54.50414597985386, 24.542418956670218 ], [ 54.505486607321728, 24.538076639526054 ], [ 54.510625362271497, 24.53430485768348 ], [ 54.518961548837211, 24.525401353590183 ], [ 54.524453043973523, 24.525686144600598 ], [ 54.527181148192341, 24.524317979891606 ], [ 54.528219819290115, 24.524433254991294 ], [ 54.528587222023731, 24.524665355622375 ], [ 54.529276966959259, 24.526889204573592 ], [ 54.534945130314242, 24.530412912026776 ], [ 54.547491312274957, 24.528316259588365 ], [ 54.54787087474196, 24.52870094819076 ], [ 54.548206329059582, 24.530015349629309 ], [ 54.546995520527588, 24.538180827783378 ], [ 54.546492814792401, 24.539425730513614 ], [ 54.545182943238871, 24.541432022670193 ], [ 54.543526052985868, 24.542940258586697 ], [ 54.541051149292144, 24.544142723208722 ], [ 54.537182808140955, 24.545503854320174 ], [ 54.533091544839493, 24.545857429077842 ], [ 54.528712749394828, 24.550297617641405 ] ], [ [ 54.502605557201292, 24.461589455989213 ], [ 54.49827110732636, 24.458292365101244 ], [ 54.498354673230295, 24.455662846364021 ], [ 54.50333392622079, 24.442831158431801 ], [ 54.495750307631539, 24.442133903257684 ], [ 54.494212269981205, 24.446546077939644 ], [ 54.493359446481946, 24.446943759947146 ], [ 54.492187500353708, 24.446428537447815 ], [ 54.491690277784841, 24.444016813825584 ], [ 54.490541339012253, 24.442691803084642 ], [ 54.483110904645429, 24.443249702012764 ], [ 54.486634612098698, 24.448689222630236 ], [ 54.488549709402292, 24.45545375308896 ], [ 54.483876943566798, 24.456987858003714 ], [ 54.481042623119293, 24.453989147781527 ], [ 54.479511022816183, 24.447224736033377 ], [ 54.477519154885698, 24.445202350508708 ], [ 54.478132128295812, 24.444016813825584 ], [ 54.476831078192475, 24.443304657784239 ], [ 54.475822805978538, 24.44091141253233 ], [ 54.475731969055943, 24.439521550779688 ], [ 54.476910114211051, 24.436346649878772 ], [ 54.477124929872303, 24.43593001375956 ], [ 54.479314207985254, 24.433593749552585 ], [ 54.479807377309299, 24.433291673572597 ], [ 54.492167353741053, 24.432134628311218 ], [ 54.496585964871116, 24.431772351713278 ], [ 54.496983647777967, 24.425817846916658 ], [ 54.513515353451538, 24.425547957672904 ], [ 54.518749713529161, 24.43052530320071 ], [ 54.539219856212327, 24.436318754707429 ], [ 54.540598749833094, 24.438732742822509 ], [ 54.540851115787206, 24.441745877270876 ], [ 54.5407389406503, 24.442492604151028 ], [ 54.539750218798332, 24.447230100489548 ], [ 54.534577250040826, 24.452047347807479 ], [ 54.507660269606589, 24.459101676701749 ], [ 54.502605557201292, 24.461589455989213 ] ], [ [ 54.496042370559763, 24.387341738131397 ], [ 54.494452237881177, 24.387502551302333 ], [ 54.494098901443891, 24.38514232645781 ], [ 54.495983600763367, 24.385088563187338 ], [ 54.496042370559763, 24.38589334490274 ], [ 54.496042370559763, 24.387341738131397 ] ], [ [ 54.491292953707529, 24.609375000156831 ], [ 54.491292953707529, 24.611574411830418 ], [ 54.487788319975863, 24.61089837526049 ], [ 54.487151027098804, 24.610415577817122 ], [ 54.488081932435904, 24.60917103301756 ], [ 54.489593744056862, 24.607229233043142 ], [ 54.490018606274617, 24.607325672742206 ], [ 54.491399169037066, 24.607712030486397 ], [ 54.491292953707529, 24.609375000156831 ] ], [ [ 54.470157504266268, 24.433593749552585 ], [ 54.469812512637958, 24.433593749552585 ], [ 54.466649651860536, 24.439627527788559 ], [ 54.465787052731201, 24.444606900388663 ], [ 54.464360952796511, 24.445492029334275 ], [ 54.461832642863016, 24.444724917521455 ], [ 54.461703062247267, 24.444311857107124 ], [ 54.463842272403809, 24.444134831857724 ], [ 54.463585257853907, 24.44262015859411 ], [ 54.461314201689817, 24.442600608232084 ], [ 54.461271643971742, 24.443783641202515 ], [ 54.459823250743142, 24.444134831857724 ], [ 54.451520442515147, 24.442036747698523 ], [ 54.450692653444236, 24.442034363595468 ], [ 54.443640113301427, 24.445347547851668 ], [ 54.445529461216694, 24.447117805742693 ], [ 54.44494581200027, 24.448844075094513 ], [ 54.446644545010571, 24.452443241962698 ], [ 54.440521478484385, 24.456562280825239 ], [ 54.433504462461912, 24.466027021230616 ], [ 54.430263400236555, 24.466321944902489 ], [ 54.430133700010884, 24.468741417083322 ], [ 54.421836257138381, 24.471337676193315 ], [ 54.418239832303271, 24.469180941847469 ], [ 54.411864757753079, 24.470744371856028 ], [ 54.388417958922588, 24.489148139575747 ], [ 54.382508754775785, 24.501900554068044 ], [ 54.389529227792565, 24.513116240322717 ], [ 54.395440578620338, 24.515832424027877 ], [ 54.398270249572903, 24.519173264235292 ], [ 54.398964762714655, 24.520752310971147 ], [ 54.398653269033872, 24.523168801899288 ], [ 54.390297770426542, 24.532095075028479 ], [ 54.389377951931777, 24.526446342425572 ], [ 54.395970344956282, 24.519472717792439 ], [ 54.392529249226328, 24.51592385810028 ], [ 54.381549835557422, 24.525871157628359 ], [ 54.386990070236521, 24.536097765000562 ], [ 54.386771320940539, 24.536586046509399 ], [ 54.379603743119134, 24.541040778010057 ], [ 54.358870506469458, 24.536139846077788 ], [ 54.36523222878489, 24.536558270048801 ], [ 54.366458654044294, 24.529026746487801 ], [ 54.363009452724697, 24.528608322516703 ], [ 54.361553072616999, 24.533350348740129 ], [ 54.36280953882985, 24.524473428606399 ], [ 54.359637022031762, 24.516962051657885 ], [ 54.366382003027894, 24.51201081254959 ], [ 54.373663544737752, 24.517519950585836 ], [ 54.374813318080697, 24.51591610864196 ], [ 54.367914915441617, 24.510476470213717 ], [ 54.369217873007102, 24.509081840255192 ], [ 54.374813318080697, 24.5131963492328 ], [ 54.376269459868723, 24.512708067723707 ], [ 54.375733137475123, 24.511871337592737 ], [ 54.360326528647221, 24.497435569396629 ], [ 54.351513266124954, 24.491508007389371 ], [ 54.343161105801329, 24.475538134278139 ], [ 54.341307878256572, 24.474036574029299 ], [ 54.340003609479851, 24.474644660523268 ], [ 54.339032650137511, 24.472676754129594 ], [ 54.330844879588227, 24.468459248495975 ], [ 54.327285408795348, 24.465341329539456 ], [ 54.32688331561323, 24.465158700614296 ], [ 54.323508262496858, 24.465232968427273 ], [ 54.322624326052591, 24.470436453879927 ], [ 54.331995249181972, 24.476283669556381 ], [ 54.333232879994029, 24.478375911719723 ], [ 54.332054257298893, 24.478858709162807 ], [ 54.325217604809467, 24.474030732932448 ], [ 54.324863910441792, 24.476283669556381 ], [ 54.328223347730301, 24.478000402497145 ], [ 54.32545316243457, 24.481487155008949 ], [ 54.319559454505992, 24.483150243389559 ], [ 54.316966414069526, 24.481916427501602 ], [ 54.317791342397328, 24.479395151165988 ], [ 54.316671728718035, 24.479502439386607 ], [ 54.316730618124467, 24.478268623498735 ], [ 54.318263053897596, 24.47714197622193 ], [ 54.316671728718035, 24.475318074670014 ], [ 54.313488960547971, 24.478054047057327 ], [ 54.313606858070642, 24.479555964336953 ], [ 54.317378878233427, 24.48400855095457 ], [ 54.315433859585852, 24.48481321305988 ], [ 54.310601234759901, 24.477678536935656 ], [ 54.315964340882175, 24.472528576433348 ], [ 54.320679426115618, 24.471348523815948 ], [ 54.321386575630612, 24.470382928929581 ], [ 54.321209669091758, 24.468773603819443 ], [ 54.31891131400684, 24.465662240920381 ], [ 54.317968248936069, 24.464696646034014 ], [ 54.313724756493031, 24.463301777755618 ], [ 54.311485171204623, 24.463999152539429 ], [ 54.311013579313936, 24.464535713253156 ], [ 54.310895920111449, 24.466466903925152 ], [ 54.311897754978332, 24.469202756702543 ], [ 54.30977594850188, 24.466842413147447 ], [ 54.30329287077015, 24.465501308139579 ], [ 54.30347251934208, 24.464512229256712 ], [ 54.302251458538677, 24.464491009752862 ], [ 54.302694320687038, 24.467432618421327 ], [ 54.30194401720351, 24.4676357509897 ], [ 54.301612258199981, 24.467424154002202 ], [ 54.301007747410182, 24.465433358962912 ], [ 54.301461577690333, 24.462031006925997 ], [ 54.300288557771609, 24.45868837796678 ], [ 54.301643967396132, 24.455899000239413 ], [ 54.308421253838588, 24.453163146562645 ], [ 54.309069513947492, 24.450802803007548 ], [ 54.312841057469399, 24.45074915844765 ], [ 54.313312649359915, 24.452572942188027 ], [ 54.31566977514089, 24.453109502901754 ], [ 54.316553949905568, 24.454987049013567 ], [ 54.317496657045837, 24.45557713467764 ], [ 54.319205761037864, 24.454933405353046 ], [ 54.321327447904224, 24.457830071301487 ], [ 54.323684572785538, 24.45799112279272 ], [ 54.325098871816266, 24.457830071301487 ], [ 54.326572179863007, 24.45579171201868 ], [ 54.321916580286569, 24.456381678971837 ], [ 54.321091651958994, 24.454772352962237 ], [ 54.325511455590146, 24.455147862184901 ], [ 54.32987952212298, 24.453485608374905 ], [ 54.338063955288277, 24.453806758075956 ], [ 54.338063955288277, 24.452680349119447 ], [ 54.330226421213212, 24.451446533231689 ], [ 54.329460143971374, 24.451178312229843 ], [ 54.32892990099478, 24.450373649224986 ], [ 54.32892990099478, 24.449568867510038 ], [ 54.32993173586155, 24.44903254511641 ], [ 54.331051349541013, 24.448764324114848 ], [ 54.334410428898963, 24.449300646508448 ], [ 54.334410428898963, 24.448549747673411 ], [ 54.337651610734071, 24.447852254178827 ], [ 54.338417649655327, 24.447852254178827 ], [ 54.338830113819569, 24.449729919001271 ], [ 54.340244531560558, 24.450320005564549 ], [ 54.339396715486856, 24.453145741983178 ], [ 54.346231460514019, 24.45303332762677 ], [ 54.347692847148124, 24.450857520458811 ], [ 54.342609524610822, 24.450959324613706 ], [ 54.341599941185251, 24.449676155730742 ], [ 54.346486210571157, 24.445325255456908 ], [ 54.352614045302886, 24.44211328000452 ], [ 54.362106442559053, 24.43379747837173 ], [ 54.366572975862795, 24.429618239790472 ], [ 54.373082160913867, 24.429635048119792 ], [ 54.380978346074841, 24.426475644336222 ], [ 54.381803751043236, 24.424953102904084 ], [ 54.397122860332416, 24.419144630021322 ], [ 54.398775458121548, 24.423039078491172 ], [ 54.396886825167684, 24.425680756961981 ], [ 54.380499600976719, 24.430179238681546 ], [ 54.380888342823511, 24.431329846595929 ], [ 54.396636843316429, 24.426963329594798 ], [ 54.398386717174077, 24.426255225898672 ], [ 54.400233745691509, 24.421234249761568 ], [ 54.403555155147075, 24.420006156259575 ], [ 54.408810019767117, 24.420758843846158 ], [ 54.416726231930767, 24.416170120555279 ], [ 54.420255422550355, 24.411580920623493 ], [ 54.450847506807662, 24.401321411554534 ], [ 54.453580856771765, 24.408359527470736 ], [ 54.420967816912167, 24.418144225976022 ], [ 54.421533346587495, 24.420204043082606 ], [ 54.440573453902488, 24.415140152196784 ], [ 54.466776847474222, 24.406041979954153 ], [ 54.466117143492312, 24.403982043237392 ], [ 54.457068442954807, 24.406986236626295 ], [ 54.454429149486458, 24.401149749861844 ], [ 54.467204451724768, 24.396206259312123 ], [ 54.473389745041715, 24.397011041926817 ], [ 54.479884266646337, 24.400350451312988 ], [ 54.483723402313814, 24.402909755481488 ], [ 54.48766005057152, 24.408839464170711 ], [ 54.484964847150906, 24.422800540513066 ], [ 54.484434723784517, 24.423725843073782 ], [ 54.479971766184946, 24.427548050802585 ], [ 54.470337152838198, 24.432227850235734 ], [ 54.470157504266268, 24.433593749552585 ] ], [ [ 54.485473155662277, 24.473597526805122 ], [ 54.486956119730081, 24.474163532221894 ], [ 54.487222313659714, 24.47475612159846 ], [ 54.487181425083378, 24.475584148989753 ], [ 54.484041571661948, 24.480994105294201 ], [ 54.48066520733417, 24.483337163879753 ], [ 54.473848104307109, 24.484683513733927 ], [ 54.473223924445193, 24.477003812476681 ], [ 54.483500481063146, 24.473682164700648 ], [ 54.485473155662277, 24.473597526805122 ] ], [ [ 54.434440850965387, 24.495852946956518 ], [ 54.433901071577992, 24.495209574662596 ], [ 54.435116767925109, 24.493000030327892 ], [ 54.434923171767679, 24.488467574020035 ], [ 54.439088105732168, 24.486974238970703 ], [ 54.440438508831022, 24.484902143419674 ], [ 54.443017244650747, 24.485350370024122 ], [ 54.443313956174876, 24.485287546983301 ], [ 54.449714422183462, 24.483130932247093 ], [ 54.449929952805775, 24.482838749709089 ], [ 54.449040412685832, 24.479681730028489 ], [ 54.448638677433649, 24.479674101079638 ], [ 54.445735812458594, 24.482667565556483 ], [ 54.431882143047318, 24.48674893361715 ], [ 54.431654572301483, 24.486567139262803 ], [ 54.429564833850833, 24.481417417080536 ], [ 54.433966756261412, 24.477510929386568 ], [ 54.437517761736189, 24.470210552275915 ], [ 54.446977853545974, 24.469866037288455 ], [ 54.457496523846459, 24.463494658052525 ], [ 54.466938256895702, 24.452875256488625 ], [ 54.469323038628175, 24.451771378247287 ], [ 54.46638107292884, 24.459392905059161 ], [ 54.473652363266666, 24.465327978204215 ], [ 54.478378414832804, 24.467415332552065 ], [ 54.475620150949879, 24.471638440962067 ], [ 54.4726892711939, 24.472828745850677 ], [ 54.469061612903914, 24.484760880610821 ], [ 54.465673208452671, 24.486858248909869 ], [ 54.457046151459423, 24.488082766706896 ], [ 54.444533824477418, 24.493533373267297 ], [ 54.442158460445199, 24.494245648018847 ], [ 54.438737749648311, 24.494605660123767 ], [ 54.434440850965387, 24.495852946956518 ] ], [ [ 54.463704347878178, 24.575294852176341 ], [ 54.448920846020798, 24.560432315199733 ], [ 54.433870673593418, 24.548086643384579 ], [ 54.431979060285954, 24.546829700530964 ], [ 54.424333214906738, 24.54224121556021 ], [ 54.423081278579019, 24.541659355095618 ], [ 54.399940848192529, 24.538856625133718 ], [ 54.395811557957671, 24.539923906363867 ], [ 54.394472360411697, 24.537593245832284 ], [ 54.396062969731162, 24.534702063050304 ], [ 54.402048825793571, 24.52994251263749 ], [ 54.401628613070699, 24.528495550230247 ], [ 54.411489725171378, 24.521425842929091 ], [ 54.415714263503133, 24.520440459360458 ], [ 54.418335557041274, 24.521023034785969 ], [ 54.429331540718664, 24.518391728196463 ], [ 54.453014612135547, 24.507189273666597 ], [ 54.462036728712945, 24.504264116296667 ], [ 54.464825749409641, 24.505486011670882 ], [ 54.460119008985799, 24.514351010391493 ], [ 54.462771177148653, 24.513981223555135 ], [ 54.463862061086019, 24.509300827871499 ], [ 54.467809557865763, 24.504416942588648 ], [ 54.467914461983838, 24.50414025806711 ], [ 54.467121958711942, 24.500530242677286 ], [ 54.468924045409409, 24.495125412508543 ], [ 54.470402836622299, 24.493948459853925 ], [ 54.47139024726286, 24.493950367316273 ], [ 54.472398399866876, 24.494760513487506 ], [ 54.475603819261522, 24.501534461646713 ], [ 54.475692153371, 24.50430452823187 ], [ 54.47433233257172, 24.505325913460894 ], [ 54.471117854306186, 24.515180945245135 ], [ 54.467174530381129, 24.519878745508237 ], [ 54.465755820175701, 24.524891018906175 ], [ 54.462300539438871, 24.53036510946302 ], [ 54.456578851133855, 24.54641950085994 ], [ 54.456984400410335, 24.548346399966874 ], [ 54.455853700788595, 24.551254749008109 ], [ 54.455927967702308, 24.55181980114358 ], [ 54.458242535764981, 24.555678844203896 ], [ 54.459077835074623, 24.560133456994009 ], [ 54.466175317937115, 24.567996620848163 ], [ 54.468900561412539, 24.575730323696177 ], [ 54.472609758534333, 24.581311702473727 ], [ 54.477574944329291, 24.585183858548874 ], [ 54.477184176309748, 24.585940122739089 ], [ 54.47412824672179, 24.58656573252307 ], [ 54.472803354691933, 24.586219549293247 ], [ 54.472239255837593, 24.585712671603119 ], [ 54.463704347878178, 24.575294852176341 ] ], [ [ 54.476424336414567, 24.618719815967324 ], [ 54.475362300930129, 24.61939573292733 ], [ 54.473875403227936, 24.61939573292733 ], [ 54.472388625135551, 24.618333459122397 ], [ 54.474194050116211, 24.615726351490395 ], [ 54.474087834786502, 24.612346768489289 ], [ 54.474512577394165, 24.612733125334046 ], [ 54.476424336414567, 24.618719815967324 ] ], [ [ 54.418650507715569, 24.403896331551039 ], [ 54.398013830374595, 24.395570755186725 ], [ 54.440692425215985, 24.37231063852596 ], [ 54.457274555876921, 24.369392275533784 ], [ 54.451621532608584, 24.354200244046666 ], [ 54.44021534925966, 24.353084445291671 ], [ 54.435976743732482, 24.349222063947849 ], [ 54.433716058550118, 24.345703124700123 ], [ 54.431455373367413, 24.341153979673152 ], [ 54.429854154746096, 24.332742572012791 ], [ 54.430513620407936, 24.330253601123502 ], [ 54.431455373367413, 24.329481124854766 ], [ 54.435788273710642, 24.32930934445136 ], [ 54.43673026589002, 24.327592849830609 ], [ 54.431738138205475, 24.326734543165401 ], [ 54.428912162567059, 24.325189471017836 ], [ 54.427310943945741, 24.323816180173054 ], [ 54.424202441789959, 24.319181442170333 ], [ 54.42392003578189, 24.314460754161047 ], [ 54.420811653235859, 24.310770034510085 ], [ 54.420340657596199, 24.30819511451358 ], [ 54.422318577940899, 24.29986953724989 ], [ 54.425332903991006, 24.300470351825936 ], [ 54.429383159106095, 24.297552108443512 ], [ 54.436071038548192, 24.306735873662319 ], [ 54.435411572886693, 24.307336806948825 ], [ 54.438614249349058, 24.312829852516302 ], [ 54.437295556345731, 24.313173175002731 ], [ 54.433904528571844, 24.307079314858953 ], [ 54.430419325592226, 24.308624148686107 ], [ 54.435694218114264, 24.317293047536879 ], [ 54.436447739372198, 24.317035555447006 ], [ 54.441910862697029, 24.3252754210246 ], [ 54.446997523517581, 24.330167651116909 ], [ 54.45973551288418, 24.370937347681263 ], [ 54.461714267800033, 24.379176974038643 ], [ 54.461431622572064, 24.382953643696197 ], [ 54.458510518446388, 24.390420913394962 ], [ 54.43598914178628, 24.398059844786559 ], [ 54.418650507715569, 24.403896331551039 ] ], [ [ 54.454790949443719, 24.453675866249 ], [ 54.451460123187104, 24.459790110425985 ], [ 54.451064825282316, 24.459991455142188 ], [ 54.449857234524444, 24.459961652509008 ], [ 54.451870918208925, 24.45579481108237 ], [ 54.452959179723081, 24.454226970798629 ], [ 54.453364371969229, 24.453843713017392 ], [ 54.454790949443719, 24.453675866249 ] ], [ [ 54.432649851110313, 24.296865343861242 ], [ 54.407417058950756, 24.280300140239831 ], [ 54.385761975835436, 24.270343661331651 ], [ 54.384443759472703, 24.266309737904777 ], [ 54.385761975835436, 24.263820648305028 ], [ 54.386703610084311, 24.262447357460076 ], [ 54.387927532530483, 24.26193225367129 ], [ 54.390940427759432, 24.262189745760907 ], [ 54.413819432421775, 24.272832750931485 ], [ 54.435018062834075, 24.289741516258687 ], [ 54.451499820161388, 24.311456560772314 ], [ 54.451593875757368, 24.313087344605975 ], [ 54.450746178394269, 24.314632415853737 ], [ 54.448862671575995, 24.316864013364068 ], [ 54.44829761944041, 24.317207336749618 ], [ 54.443023442778241, 24.313859939585001 ], [ 54.432649851110313, 24.296865343861242 ] ], [ [ 54.4383145574715, 24.314117431674873 ], [ 54.439538836049081, 24.313774109188444 ], [ 54.441234112065132, 24.316349029184863 ], [ 54.443494439317789, 24.317636370922429 ], [ 54.446037173477549, 24.319610476342888 ], [ 54.445472240052737, 24.320297240925527 ], [ 54.441234112065132, 24.318151355101634 ], [ 54.4383145574715, 24.314117431674873 ] ], [ [ 54.444033027103188, 24.46579754392215 ], [ 54.444571375669085, 24.465866565989955 ], [ 54.445719361160315, 24.4670927520296 ], [ 54.445564865726823, 24.467325806840961 ], [ 54.443112254427575, 24.46783947980876 ], [ 54.440831065602111, 24.467414259660956 ], [ 54.444033027103188, 24.46579754392215 ] ], [ [ 54.433607459117553, 24.502866148954155 ], [ 54.437228322130096, 24.50320720694765 ], [ 54.437358141066255, 24.503542065914246 ], [ 54.436993122435439, 24.504973411594449 ], [ 54.434201001775619, 24.507757544475851 ], [ 54.428277850043315, 24.507689953229288 ], [ 54.425691723594952, 24.508230209257277 ], [ 54.425453066906158, 24.507675051463053 ], [ 54.426941156210006, 24.504089713469995 ], [ 54.433607459117553, 24.502866148954155 ] ], [ [ 54.40380787813163, 24.506197452750882 ], [ 54.401762604861261, 24.506670117532678 ], [ 54.398582577824442, 24.510189652131373 ], [ 54.39719414689327, 24.508690237665007 ], [ 54.39550805115644, 24.509280324228342 ], [ 54.392006636098102, 24.491990804832369 ], [ 54.392006636098102, 24.490574478729997 ], [ 54.392901659384876, 24.488455057255862 ], [ 54.396224856692612, 24.486337542344188 ], [ 54.39703476454352, 24.484573841410253 ], [ 54.400709629146974, 24.484148979192497 ], [ 54.404381036756291, 24.481755614330638 ], [ 54.41289150743799, 24.472687006400804 ], [ 54.416317463081242, 24.472685575579305 ], [ 54.419217705633315, 24.473961114614326 ], [ 54.424711704482235, 24.481405854497183 ], [ 54.424985766580591, 24.482374906377629 ], [ 54.42483711224375, 24.484065771219008 ], [ 54.423151016506807, 24.486745357912525 ], [ 54.420375943395726, 24.489537119742863 ], [ 54.416399359843496, 24.4979050155045 ], [ 54.413263440056568, 24.497834443905077 ], [ 54.413712144200787, 24.504552245590332 ], [ 54.41595840425785, 24.505316137830107 ], [ 54.416104078241489, 24.506315231563434 ], [ 54.406734942964277, 24.512367844301309 ], [ 54.404067039363127, 24.512555837682413 ], [ 54.403050541949625, 24.511610865150033 ], [ 54.40380787813163, 24.506197452750882 ] ], [ [ 54.413926958962719, 24.352192759389055 ], [ 54.414667248495476, 24.352402925555225 ], [ 54.416231036434084, 24.354618668917169 ], [ 54.416466951089745, 24.353543042877732 ], [ 54.418941855682789, 24.354625939935715 ], [ 54.42148637769472, 24.354301452850507 ], [ 54.421639442307111, 24.354701042319931 ], [ 54.421636104923124, 24.355985045773963 ], [ 54.421376347441111, 24.356132149679752 ], [ 54.415131926398061, 24.358009457471013 ], [ 54.413404226224685, 24.356803775074695 ], [ 54.414415478791881, 24.35588324071972 ], [ 54.412223935287017, 24.353867650472381 ], [ 54.412145853449289, 24.353243351000458 ], [ 54.4127168653919, 24.352567553650289 ], [ 54.413926958962719, 24.352192759389055 ] ], [ [ 54.412924409134831, 24.321503519572445 ], [ 54.41331136223053, 24.319864273118384 ], [ 54.419275522148183, 24.315587521047775 ], [ 54.420225739527183, 24.317244530011777 ], [ 54.420086979531249, 24.31780827003621 ], [ 54.418453932104086, 24.321653604730784 ], [ 54.418271541499422, 24.321965575051905 ], [ 54.414402604097717, 24.323995113784292 ], [ 54.413891673162794, 24.324257969430334 ], [ 54.412924409134831, 24.321503519572445 ] ], [ [ 54.417789935657851, 24.495688915111884 ], [ 54.418784021965763, 24.495580315679575 ], [ 54.41915214055976, 24.499745607574539 ], [ 54.418909907267135, 24.500403404094556 ], [ 54.418072342565296, 24.500439047824472 ], [ 54.417166233335848, 24.498310923610745 ], [ 54.417789935657851, 24.495688915111884 ] ], [ [ 54.394176960099486, 24.396558046217507 ], [ 54.394690156426265, 24.39656186114172 ], [ 54.40036964404473, 24.397716522300385 ], [ 54.416851163051518, 24.404497147026461 ], [ 54.363633513876465, 24.422868013048998 ], [ 54.350522041459868, 24.433593749552585 ], [ 54.350275158672304, 24.433593749552585 ], [ 54.339773177990679, 24.441376328755268 ], [ 54.338132142785042, 24.441753149189054 ], [ 54.328623175519766, 24.442823529483036 ], [ 54.328920364583979, 24.444720029706133 ], [ 54.326982140314186, 24.447240829401522 ], [ 54.3238707783145, 24.447669863574163 ], [ 54.321843743294693, 24.447111964646211 ], [ 54.319062471156911, 24.442176818905779 ], [ 54.323399543455167, 24.439773559702587 ], [ 54.324284315369397, 24.438296556341726 ], [ 54.324835061989262, 24.433593749552585 ], [ 54.324820518153075, 24.433593749552585 ], [ 54.327801823795795, 24.41759431392714 ], [ 54.327912449400998, 24.417136550012543 ], [ 54.329626917848742, 24.415766119911069 ], [ 54.336403369720557, 24.414262771810201 ], [ 54.339739561332436, 24.416105628372861 ], [ 54.344237566411238, 24.415831446664498 ], [ 54.346376061606549, 24.412529230540315 ], [ 54.346953630506192, 24.41227376462308 ], [ 54.359576940124413, 24.409260511464169 ], [ 54.364148855086484, 24.406190038040478 ], [ 54.382121324140684, 24.398933649468944 ], [ 54.387697816002031, 24.399245023539748 ], [ 54.394176960099486, 24.396558046217507 ] ], [ [ 54.414678573657824, 24.349140405506063 ], [ 54.4115507603602, 24.352070808621704 ], [ 54.41062951104405, 24.353464722719451 ], [ 54.406620144504672, 24.362422227504481 ], [ 54.398025750888536, 24.365028858495606 ], [ 54.397649050064189, 24.360825538768125 ], [ 54.400670051782328, 24.35683763005332 ], [ 54.414678573657824, 24.349140405506063 ] ], [ [ 54.412521362671583, 24.358142733401024 ], [ 54.411082505853727, 24.360212802779358 ], [ 54.409679531985631, 24.360822438805172 ], [ 54.409574747477251, 24.360072374541062 ], [ 54.412521362671583, 24.358142733401024 ] ], [ [ 54.405065059305826, 24.325938343680207 ], [ 54.406508922649465, 24.32643365878701 ], [ 54.405825376740523, 24.328336358037149 ], [ 54.405788540509405, 24.328756452049277 ], [ 54.401160478174262, 24.328961968720506 ], [ 54.400612950228066, 24.328475475063584 ], [ 54.400717854346368, 24.328123449837989 ], [ 54.402260064850708, 24.327228069520544 ], [ 54.405065059305826, 24.325938343680207 ] ], [ [ 54.392429351633922, 24.507038712767013 ], [ 54.390863060882253, 24.506045103099751 ], [ 54.387156367472954, 24.501179575677554 ], [ 54.388136864125528, 24.494666576601929 ], [ 54.388413905678107, 24.49385726410199 ], [ 54.389500022309022, 24.492563605526527 ], [ 54.390367269134885, 24.492616176296139 ], [ 54.390718579399646, 24.493145823921452 ], [ 54.392033100448003, 24.498603701500144 ], [ 54.393418908057043, 24.505308747201553 ], [ 54.392773628301171, 24.506874561312458 ], [ 54.392429351633922, 24.507038712767013 ] ], [ [ 54.378514051682856, 24.276263237359046 ], [ 54.376503467961271, 24.274419546225602 ], [ 54.378723144958002, 24.27191114458418 ], [ 54.380045771595888, 24.272097349213936 ], [ 54.38073372867953, 24.274365901665675 ], [ 54.378514051682856, 24.276263237359046 ] ], [ [ 54.329595565683661, 24.480559230025165 ], [ 54.333197354974658, 24.482372403564028 ], [ 54.334883451610636, 24.481744647098196 ], [ 54.338485240901804, 24.484185457493425 ], [ 54.339634775924736, 24.483627557666466 ], [ 54.339634775924736, 24.48446452611762 ], [ 54.341397523577626, 24.489555358893227 ], [ 54.345995544959379, 24.494088173131502 ], [ 54.352356433603092, 24.498830437675025 ], [ 54.359866738559873, 24.502038240273151 ], [ 54.357950806684954, 24.50461864433575 ], [ 54.358027458601185, 24.508105516456851 ], [ 54.355651736638919, 24.51368451113197 ], [ 54.357491016598004, 24.519751548995544 ], [ 54.340018033706116, 24.505176544162708 ], [ 54.331434845642349, 24.488021135267928 ], [ 54.329595565683661, 24.480559230025165 ] ], [ [ 54.329608440378166, 24.487486958656888 ], [ 54.330013275592961, 24.487515568789007 ], [ 54.33775043453565, 24.505170464745845 ], [ 54.355026006345867, 24.520341754269168 ], [ 54.337136149014697, 24.505450248331016 ], [ 54.330732345622238, 24.49171113995763 ], [ 54.329608440378166, 24.487486958656888 ] ], [ [ 54.316406249749463, 24.318731546424544 ], [ 54.31915044823532, 24.321111678661794 ], [ 54.321326255403193, 24.322258830481189 ], [ 54.326372146358295, 24.321927070578624 ], [ 54.325635671749438, 24.326971054071464 ], [ 54.329483509257301, 24.334959268655922 ], [ 54.330783128539139, 24.341574311106285 ], [ 54.343481540541603, 24.349928260181628 ], [ 54.345109701052621, 24.352856159584633 ], [ 54.348266244092457, 24.352593064718747 ], [ 54.350735068369573, 24.353966951813931 ], [ 54.348608851617911, 24.356575727688465 ], [ 54.345163464323178, 24.356008648480866 ], [ 54.342295050576837, 24.359228253781538 ], [ 54.344369649840388, 24.360645651876098 ], [ 54.340453743546078, 24.363859653500668 ], [ 54.339537143725039, 24.36621820920368 ], [ 54.337584256908514, 24.368237852695415 ], [ 54.333949923850724, 24.368062376977633 ], [ 54.320261835815899, 24.385156512363949 ], [ 54.316406249749463, 24.385859966564965 ], [ 54.314527034495853, 24.386265635451366 ], [ 54.314560174513218, 24.388647914370551 ], [ 54.312580942957226, 24.389894843273083 ], [ 54.312572956077673, 24.392408728980342 ], [ 54.311606645331182, 24.394082665882848 ], [ 54.309939861635968, 24.395349741398007 ], [ 54.30415487274982, 24.396953820762917 ], [ 54.296961545539688, 24.397403359478062 ], [ 54.294028401290376, 24.39821147947697 ], [ 54.291692137982437, 24.396751046124592 ], [ 54.288421749764581, 24.382955074517696 ], [ 54.290969848380627, 24.380603074872596 ], [ 54.297165036038251, 24.379616975443753 ], [ 54.298519372771494, 24.377960443120344 ], [ 54.294070840297906, 24.379157543286539 ], [ 54.289101958289478, 24.378942250984778 ], [ 54.287446856787739, 24.380742669439371 ], [ 54.287053942985978, 24.378135561807369 ], [ 54.285533547336087, 24.377301215778999 ], [ 54.282639860841556, 24.377238869378772 ], [ 54.28256046779191, 24.3803522584505 ], [ 54.278519630377417, 24.378573655750358 ], [ 54.277083158561737, 24.379410624201512 ], [ 54.276965021818881, 24.376809478175574 ], [ 54.279772162056275, 24.376251578348416 ], [ 54.274694919835412, 24.375135541272954 ], [ 54.273882746592363, 24.372086524773778 ], [ 54.278680205227857, 24.365604043292734 ], [ 54.287163019058795, 24.361714959278459 ], [ 54.291034936813645, 24.356640934831972 ], [ 54.291275858894636, 24.354968547461169 ], [ 54.288474440143972, 24.350058555758352 ], [ 54.288409709641058, 24.346121549570455 ], [ 54.296137451782698, 24.338581204559489 ], [ 54.298883557730647, 24.330473423310536 ], [ 54.306511878920873, 24.31741881412762 ], [ 54.310250759066236, 24.312605857475035 ], [ 54.315327048005571, 24.309458255494548 ], [ 54.313195943438728, 24.311457157022829 ], [ 54.312426447523393, 24.313490748100151 ], [ 54.31257975135523, 24.314269661716082 ], [ 54.316406249749463, 24.318731546424544 ] ], [ [ 54.345933914419589, 24.377957224447016 ], [ 54.347704648951236, 24.37875855006763 ], [ 54.347913742226098, 24.37997090813144 ], [ 54.347078919557049, 24.380513549161776 ], [ 54.343943834341445, 24.380580305836986 ], [ 54.343899250450733, 24.378237605181823 ], [ 54.345933914419589, 24.377957224447016 ] ], [ [ 54.33305215853099, 24.380777239378801 ], [ 54.332948207694386, 24.383300542786458 ], [ 54.330537557862982, 24.384004354917863 ], [ 54.330119967563263, 24.384176373641395 ], [ 54.328604101798675, 24.383534312558879 ], [ 54.328457117502779, 24.382182240318826 ], [ 54.329223633065084, 24.381419063039942 ], [ 54.33305215853099, 24.380777239378801 ] ], [ [ 54.319839715631218, 24.453377723903429 ], [ 54.317930340713275, 24.451575159666532 ], [ 54.321395158760168, 24.451060175487498 ], [ 54.325611353181927, 24.451245426835698 ], [ 54.326486349466194, 24.451510905804213 ], [ 54.326062202209499, 24.452283263362375 ], [ 54.322952628062041, 24.453351021233402 ], [ 54.319839715631218, 24.453377723903429 ] ], [ [ 54.312522053550452, 24.445991873426976 ], [ 54.311070204227377, 24.43674135243208 ], [ 54.311051368826412, 24.436022162793194 ], [ 54.311978220919087, 24.435400247424042 ], [ 54.314022064267732, 24.435332656177849 ], [ 54.316501021205823, 24.435929417509044 ], [ 54.317018151167332, 24.436197876831017 ], [ 54.317708254033306, 24.437630534622173 ], [ 54.316832661498751, 24.443757057242948 ], [ 54.314296364686157, 24.447101950694929 ], [ 54.312522053550452, 24.445991873426976 ] ], [ [ 54.308729529744909, 24.446757077777704 ], [ 54.304209351881042, 24.446415543143331 ], [ 54.303708315287366, 24.446207761979338 ], [ 54.303411364543678, 24.445165515177052 ], [ 54.303941965449923, 24.442169666597522 ], [ 54.306192278751411, 24.438651203990645 ], [ 54.308691501911909, 24.438014030723537 ], [ 54.30931866212714, 24.438606858420513 ], [ 54.30864596384103, 24.440587759118387 ], [ 54.310074567488101, 24.445201277617599 ], [ 54.308824658232055, 24.446354747174553 ], [ 54.308729529744909, 24.446757077777704 ] ], [ [ 54.307045578890921, 24.436890602120059 ], [ 54.30547666571627, 24.436526656380721 ], [ 54.305525302851123, 24.433593749552585 ], [ 54.305544256962804, 24.433593749552585 ], [ 54.305511355265622, 24.4321223498672 ], [ 54.304054975157925, 24.42856037626089 ], [ 54.30567085722501, 24.426920056016542 ], [ 54.305970550001717, 24.42687904872983 ], [ 54.307379961216753, 24.433593749552585 ], [ 54.307956815155677, 24.436271548393904 ], [ 54.307822346724635, 24.436639427768171 ], [ 54.307045578890921, 24.436890602120059 ] ], [ [ 54.303176164848679, 24.417974233424786 ], [ 54.303628802627799, 24.417982458624152 ], [ 54.305993437747844, 24.422491550545232 ], [ 54.305128574125348, 24.423118234119698 ], [ 54.304508209187105, 24.423319220905853 ], [ 54.303832173516611, 24.422868013048998 ], [ 54.302099108887461, 24.420058846639279 ], [ 54.302013516811229, 24.419770836955166 ], [ 54.303176164848679, 24.417974233424786 ] ], [ [ 54.296167254416019, 24.250672578877158 ], [ 54.298573017331734, 24.250483035963867 ], [ 54.299229979280966, 24.249287128298988 ], [ 54.297838330575502, 24.247758150418946 ], [ 54.301864504543943, 24.244862556462323 ], [ 54.302267908937921, 24.244744658040105 ], [ 54.304861903554894, 24.24647593481717 ], [ 54.30535626448065, 24.248950958120787 ], [ 54.304729938836459, 24.249816179673701 ], [ 54.301570177122841, 24.250769972756785 ], [ 54.295440435828226, 24.253319620904506 ], [ 54.292419672430782, 24.253187656186071 ], [ 54.295677423375224, 24.250947952186806 ], [ 54.296167254416019, 24.250672578877158 ] ], [ [ 54.301423549857674, 24.413808703209725 ], [ 54.297759532876654, 24.406940460234551 ], [ 54.298292756206337, 24.400638818927121 ], [ 54.298766612589958, 24.400160551368941 ], [ 54.2999447586445, 24.400232910820961 ], [ 54.300345539715892, 24.400797962956091 ], [ 54.30040383377073, 24.407794475335407 ], [ 54.303363442369715, 24.413099646232411 ], [ 54.301983714177851, 24.413714051363087 ], [ 54.301423549857674, 24.413808703209725 ] ], [ [ 54.290372252478249, 24.462100505634481 ], [ 54.287539959102418, 24.460535645704226 ], [ 54.285968542215215, 24.458179712424368 ], [ 54.288333177335204, 24.45627355618015 ], [ 54.287461757654597, 24.448558449513456 ], [ 54.289683580433604, 24.445069312899079 ], [ 54.29341804940421, 24.445989965964856 ], [ 54.29352927215885, 24.446277260687708 ], [ 54.290076255915352, 24.457858204793013 ], [ 54.295196413784055, 24.447247505069015 ], [ 54.299513578689442, 24.447224617322803 ], [ 54.300764918766873, 24.448395848490321 ], [ 54.300666212776292, 24.44965457919605 ], [ 54.295318960802291, 24.4551160333788 ], [ 54.294772744067842, 24.458915114141689 ], [ 54.292059421106018, 24.462100028993888 ], [ 54.292977929288924, 24.472088456317806 ], [ 54.29315674328987, 24.472590804123115 ], [ 54.300143241718189, 24.476885676633458 ], [ 54.299852967540943, 24.477283954891391 ], [ 54.29934036746468, 24.47744405310101 ], [ 54.292155265453943, 24.473638534991125 ], [ 54.291859626821207, 24.473097443492861 ], [ 54.290372252478249, 24.462100505634481 ] ], [ [ 54.284891128323551, 24.261718750120991 ], [ 54.287338852706426, 24.25837051838522 ], [ 54.290490627541232, 24.258341551222145 ], [ 54.290404915854964, 24.258826017807024 ], [ 54.289981604068458, 24.259084105248064 ], [ 54.284891128323551, 24.261718750120991 ] ], [ [ 54.287188410517359, 24.250922441118462 ], [ 54.286798477068857, 24.250721454332307 ], [ 54.28625547900802, 24.249266148014897 ], [ 54.288247108617924, 24.248980044893784 ], [ 54.289041519351514, 24.249231457566509 ], [ 54.289319753404783, 24.250252724084618 ], [ 54.287188410517359, 24.250922441118462 ] ], [ [ 54.28205335178157, 24.44645845879154 ], [ 54.281899929239017, 24.447361946497438 ], [ 54.271790027788455, 24.441190600766106 ], [ 54.272504806252556, 24.441284060111968 ], [ 54.279339552179209, 24.444985151644062 ], [ 54.28205335178157, 24.44645845879154 ] ], [ [ 54.254717350226286, 24.348487973441877 ], [ 54.25588321693786, 24.348703026524163 ], [ 54.255657673263983, 24.350303649794256 ], [ 54.252949356827997, 24.352538943517885 ], [ 54.249782442806321, 24.357640743526133 ], [ 54.249539971193286, 24.354480147241532 ], [ 54.254228234146552, 24.348695159254731 ], [ 54.254717350226286, 24.348487973441877 ] ], [ [ 54.238881945546183, 25.231923461399361 ], [ 54.237608074753638, 25.236895203251521 ], [ 54.236725211200479, 25.239257812198758 ], [ 54.232949734043615, 25.245805144692355 ], [ 54.229113460018795, 25.250559329749905 ], [ 54.227929711188125, 25.251629353012788 ], [ 54.224625945531471, 25.253405332390741 ], [ 54.223711013952794, 25.253697753249469 ], [ 54.221067309309689, 25.254155039623754 ], [ 54.21750044788817, 25.254185318898124 ], [ 54.214470148079755, 25.253156900071588 ], [ 54.204057932328652, 25.247459173302616 ], [ 54.19827604250591, 25.24335324745519 ], [ 54.197042942478532, 25.238331914287016 ], [ 54.197043061189135, 25.233202577037844 ], [ 54.197702050210097, 25.230754018084014 ], [ 54.199411869163185, 25.225884914058099 ], [ 54.200148701702147, 25.224498748519125 ], [ 54.203833818576555, 25.220699071505749 ], [ 54.20514333219981, 25.219701647813395 ], [ 54.208281517378879, 25.218117832872309 ], [ 54.212602734629314, 25.216826320079178 ], [ 54.228876709893001, 25.21732544921079 ], [ 54.238506555933355, 25.21226155742562 ], [ 54.240373373133735, 25.21206736591688 ], [ 54.240973472748379, 25.212197780203894 ], [ 54.241072177839413, 25.212454080691742 ], [ 54.23946046862639, 25.218164920475459 ], [ 54.23894715268969, 25.220400572129506 ], [ 54.238881945546183, 25.231923461399361 ] ], [ [ 54.190099955049419, 24.267351865996432 ], [ 54.191057801377184, 24.26746094206959 ], [ 54.191957950799605, 24.268109918039073 ], [ 54.1921467778524, 24.268677949628142 ], [ 54.191033244489489, 24.269914627159011 ], [ 54.18922984568141, 24.268192768082542 ], [ 54.190099955049419, 24.267351865996432 ] ], [ [ 54.183694124584946, 24.273897648058608 ], [ 54.184857129653466, 24.274050831381516 ], [ 54.185524225163448, 24.275314331192078 ], [ 54.185524225163448, 24.275739670050427 ], [ 54.184831261554081, 24.277774810659537 ], [ 54.184322118471897, 24.278644562097583 ], [ 54.179446339677696, 24.283578634047274 ], [ 54.178314924195462, 24.283803224439964 ], [ 54.177921533752425, 24.283615112348087 ], [ 54.180560350580578, 24.277209043562891 ], [ 54.181069850693945, 24.276324272547669 ], [ 54.183091640867275, 24.274255752701436 ], [ 54.183694124584946, 24.273897648058608 ] ], [ [ 54.150604009668001, 24.60906243358491 ], [ 54.149524927534145, 24.60797500574273 ], [ 54.149653434359237, 24.607722401468351 ], [ 54.151080966014632, 24.607537627660179 ], [ 54.151508927295964, 24.607786774940308 ], [ 54.150898456699025, 24.608906150299219 ], [ 54.150604009668001, 24.60906243358491 ] ], [ [ 54.131630301098113, 24.183421015467985 ], [ 54.132040142839202, 24.18361437330546 ], [ 54.131401658360431, 24.190400242877502 ], [ 54.128418803186065, 24.193500757254924 ], [ 54.12776303283843, 24.193717360768261 ], [ 54.127369404075608, 24.19252634091859 ], [ 54.127367854543564, 24.189792752633963 ], [ 54.130447149417051, 24.186852455177331 ], [ 54.130548834861457, 24.184294938860916 ], [ 54.130960464454716, 24.183662653409471 ], [ 54.131630301098113, 24.183421015467985 ] ], [ [ 54.120122671524683, 24.188253402872959 ], [ 54.118983745803831, 24.188834070836208 ], [ 54.118513822155847, 24.188928842293024 ], [ 54.117510319046715, 24.188232779619568 ], [ 54.116241454780067, 24.184797644596017 ], [ 54.117079973662698, 24.182668209171226 ], [ 54.119839548756801, 24.180542230740059 ], [ 54.120244026041888, 24.180595636080369 ], [ 54.120991110851918, 24.183290719891517 ], [ 54.120122671524683, 24.188253402872959 ] ], [ [ 54.09271466754879, 24.165473103301736 ], [ 54.093601346026134, 24.167650818830708 ], [ 54.098309635981735, 24.16490566706355 ], [ 54.100934863154265, 24.164888262484084 ], [ 54.105062842177034, 24.168062210103415 ], [ 54.109286546837353, 24.168544054265482 ], [ 54.109697938110088, 24.168692350671932 ], [ 54.110429048262546, 24.169645428794126 ], [ 54.107030749470056, 24.170938730338918 ], [ 54.104162574044182, 24.173660158889703 ], [ 54.089419126192553, 24.175223230967873 ], [ 54.086007356454871, 24.173798442244959 ], [ 54.084680556962752, 24.172572374016511 ], [ 54.080851674466004, 24.167552352059971 ], [ 54.080781340287245, 24.167062759339643 ], [ 54.082881570228977, 24.162568211254467 ], [ 54.086337923856973, 24.162417769065456 ], [ 54.090927958359117, 24.164391279134776 ], [ 54.09271466754879, 24.165473103301736 ] ], [ [ 54.099318742766314, 24.257812499847688 ], [ 54.099660157790794, 24.257812499847688 ], [ 54.100455046064354, 24.256516933810133 ], [ 54.104258537102766, 24.255043745373115 ], [ 54.104695916084523, 24.256084441744321 ], [ 54.102717280778592, 24.257812499847688 ], [ 54.102378248957649, 24.257812499847688 ], [ 54.102380633060335, 24.258285641270106 ], [ 54.101016521596051, 24.258873462441045 ], [ 54.100309252470794, 24.258819102919801 ], [ 54.099318742766314, 24.257812499847688 ] ], [ [ 54.096450447730518, 24.256696343162474 ], [ 54.094616055587295, 24.256696343162474 ], [ 54.094367027017512, 24.254884600444768 ], [ 54.094816207802779, 24.254054307660738 ], [ 54.096681952111197, 24.252344608317742 ], [ 54.097189545661564, 24.252349376523028 ], [ 54.098187803925072, 24.25512647670601 ], [ 54.096450447730518, 24.256696343162474 ] ], [ [ 54.091253280915083, 24.253069042802764 ], [ 54.090947747041838, 24.253069042802764 ], [ 54.090423345162066, 24.25268042056544 ], [ 54.092841506131464, 24.248892426644773 ], [ 54.093167067007499, 24.24904716039876 ], [ 54.094330549615876, 24.249638438563863 ], [ 54.094071507094924, 24.250350474994917 ], [ 54.092859506961446, 24.251529216400911 ], [ 54.091253280915083, 24.253069042802764 ] ], [ [ 54.082010627189305, 24.26762092156892 ], [ 54.082978009928041, 24.26857471465209 ], [ 54.082575917645073, 24.268854379526744 ], [ 54.0782959460021, 24.269301056598948 ], [ 54.080657958698822, 24.26773774620068 ], [ 54.082010627189305, 24.26762092156892 ] ], [ [ 54.042871355629387, 24.212621569730402 ], [ 54.043539762351003, 24.215392112956181 ], [ 54.042240858030169, 24.213209867541934 ], [ 54.042871355629387, 24.212621569730402 ] ], [ [ 54.016415238173664, 24.241003275081823 ], [ 54.015637635768968, 24.243466138651968 ], [ 54.016510247950265, 24.244704127394073 ], [ 54.01636660103847, 24.245021105140523 ], [ 54.014408826406992, 24.244470238911077 ], [ 54.013786435296623, 24.241814255823925 ], [ 54.01423895346548, 24.241124152958065 ], [ 54.016415238173664, 24.241003275081823 ] ], [ [ 54.014542579876803, 24.204025149041939 ], [ 54.015979051692767, 24.205800414358379 ], [ 54.016302466786073, 24.207939744124616 ], [ 54.016011953389608, 24.208646655319455 ], [ 54.013786554006884, 24.208516359742987 ], [ 54.011851549310251, 24.207875728582763 ], [ 54.014227747913111, 24.204114675652534 ], [ 54.014542579876803, 24.204025149041939 ] ], [ [ 54.007470011832339, 24.172844052012152 ], [ 54.008351445463489, 24.173013567922624 ], [ 54.00887835015655, 24.17364585427336 ], [ 54.008827328918784, 24.174828529313828 ], [ 54.006701230877894, 24.176501631645635 ], [ 54.005860328792124, 24.176682829749268 ], [ 54.004809617570373, 24.175635933452156 ], [ 54.005183458550363, 24.17413222832036 ], [ 54.007470011832339, 24.172844052012152 ] ] ] ] } },
{ "type": "Feature", "properties": { "MRGID": 48947, "GEONAME": "Overlapping claim Abu musa, Greater and Lesser Tunb: United Arab Emirates / Iran", "MRGID_TER1": 64457.0, "POL_TYPE": "Overlapping claim", "MRGID_SOV1": 2206, "TERRITORY1": "Abu musa, Greater and Lesser Tunb", "ISO_TER1": null, "SOVEREIGN1": "United Arab Emirates", "MRGID_TER2": 64457.0, "MRGID_SOV2": 2126.0, "TERRITORY2": "Abu musa, Greater and Lesser Tunb", "ISO_TER2": null, "SOVEREIGN2": "Iran", "MRGID_TER3": null, "MRGID_SOV3": null, "TERRITORY3": null, "ISO_TER3": null, "SOVEREIGN3": null, "X_1": 55.1718, "Y_1": 26.01269, "MRGID_EEZ": 48947, "AREA_KM2": 6173, "ISO_SOV1": "ARE", "ISO_SOV2": "IRN", "ISO_SOV3": null, "UN_SOV1": 784, "UN_SOV2": 364.0, "UN_SOV3": null, "UN_TER1": null, "UN_TER2": 364.0, "UN_TER3": null }, "geometry": { "type": "Polygon", "coordinates": [ [ [ 55.72318931063856, 26.213567630941583 ], [ 55.721100517375504, 26.206982989173753 ], [ 55.712893928512273, 26.182616888059187 ], [ 55.704314502313167, 26.154606326620979 ], [ 55.660472512097243, 26.059651792396778 ], [ 55.537019597177135, 25.968003300911988 ], [ 55.496753889680889, 25.943714297777177 ], [ 55.466625485078481, 25.93180269633757 ], [ 55.428557990459495, 25.919320537113464 ], [ 55.40915305696862, 25.886864063825811 ], [ 55.372877214212707, 25.825437297793343 ], [ 55.352654442649253, 25.791257236932239 ], [ 55.291001028575096, 25.69872037444614 ], [ 55.284838525877802, 25.690229537763429 ], [ 55.271699755440153, 25.673221563724667 ], [ 55.23360709149452, 25.638667383093747 ], [ 55.094048121823874, 25.601978414272764 ], [ 54.8848185860098, 25.538860629614902 ], [ 54.752731978898481, 25.495889125583005 ], [ 54.758460602775273, 25.566590973994579 ], [ 54.77092081314558, 25.727280962147034 ], [ 54.774066668642575, 25.784364281486717 ], [ 54.775126135663157, 25.800425237035341 ], [ 54.779025379318256, 25.859535712803307 ], [ 54.779324754634246, 25.864876285512281 ], [ 54.781765396856002, 25.890925654895256 ], [ 54.785765294433332, 25.934357751209319 ], [ 54.788227918783917, 25.960292466024782 ], [ 54.789819596497551, 25.9761922064055 ], [ 54.792493019238151, 26.008712020743332 ], [ 54.800232610846791, 26.074104113514238 ], [ 54.804281387476607, 26.105369301652161 ], [ 54.826298726505541, 26.12859847893705 ], [ 54.83093292761302, 26.133248431669955 ], [ 54.834191531114897, 26.199729853450179 ], [ 54.835952204930805, 26.223470259345191 ], [ 54.842516985171102, 26.231003372008274 ], [ 54.883136763850842, 26.270924720099885 ], [ 54.924450821848524, 26.304951282875464 ], [ 54.96645922571318, 26.3330883870197 ], [ 54.99231604664871, 26.346562660338833 ], [ 55.009135185540998, 26.355567749152499 ], [ 55.041637517058263, 26.368232103828547 ], [ 55.06348117271861, 26.375189672865275 ], [ 55.096509827966798, 26.383398572986096 ], [ 55.141249888372073, 26.388405473833615 ], [ 55.186691878627727, 26.387474727676761 ], [ 55.187456923798578, 26.387360853720708 ], [ 55.19100420428137, 26.386892565939377 ], [ 55.195752559033878, 26.388383803769841 ], [ 55.224594664212617, 26.397651859745849 ], [ 55.230556701730933, 26.399884759474247 ], [ 55.264472928483286, 26.407509842205769 ], [ 55.282459393686651, 26.408253464626029 ], [ 55.358748310886398, 26.412927088414648 ], [ 55.382135901950988, 26.411393307255594 ], [ 55.383694557458369, 26.411045584386585 ], [ 55.437834232963979, 26.399257253020238 ], [ 55.454360052574685, 26.393181137399836 ], [ 55.494730633612534, 26.379149991279291 ], [ 55.524754666495227, 26.364473929628531 ], [ 55.552698021596797, 26.351914509647202 ], [ 55.596960943992855, 26.326244868206373 ], [ 55.626779812738704, 26.307064533201839 ], [ 55.67197356043178, 26.275191015752995 ], [ 55.728069597734162, 26.22887894041088 ], [ 55.72318931063856, 26.213567630941583 ] ], [ [ 55.152693629207903, 26.24484992058737 ], [ 55.151212453891645, 26.2438783649946 ], [ 55.15105044821965, 26.245032071972531 ], [ 55.14607584472472, 26.24767696821749 ], [ 55.143698811551218, 26.246852159499554 ], [ 55.140448451235301, 26.249131440863295 ], [ 55.137845039816881, 26.245993018263164 ], [ 55.140421628955011, 26.244878649430149 ], [ 55.140738248771328, 26.240192532259556 ], [ 55.142669319833232, 26.238211631561512 ], [ 55.144085764646576, 26.233561754371465 ], [ 55.153368353666764, 26.236098051184143 ], [ 55.15361666637628, 26.23639225989487 ], [ 55.155757069933003, 26.241233229529882 ], [ 55.155368804726692, 26.242143869543952 ], [ 55.152497648947616, 26.243113159744496 ], [ 55.15248644339502, 26.244218826737466 ], [ 55.152693629207903, 26.24484992058737 ] ], [ [ 55.297283530510498, 26.247247338693711 ], [ 55.314844608292248, 26.248011946793923 ], [ 55.316790341900884, 26.246991514846542 ], [ 55.322818279040604, 26.246944308533017 ], [ 55.322401642921847, 26.252951741130005 ], [ 55.323954344017835, 26.253518104476967 ], [ 55.322365402941074, 26.256208420082544 ], [ 55.322708130076109, 26.259722351905054 ], [ 55.323808073783681, 26.262693166956069 ], [ 55.326930045985222, 26.264672756442536 ], [ 55.327071547114457, 26.26555705081725 ], [ 55.326349138801817, 26.26611924130998 ], [ 55.323197364866729, 26.265929341366046 ], [ 55.32356560217093, 26.268824935322471 ], [ 55.322554349603735, 26.27105796365413 ], [ 55.319991708051163, 26.278047322825643 ], [ 55.315155267401707, 26.28281343019566 ], [ 55.31355977026729, 26.283516049825863 ], [ 55.312137246037395, 26.282440423786511 ], [ 55.307426333658469, 26.282401442672466 ], [ 55.302048206159753, 26.277193307724957 ], [ 55.294494509814086, 26.27557504155493 ], [ 55.293864727175588, 26.275348067059639 ], [ 55.292046308790219, 26.274084806468665 ], [ 55.291575431861105, 26.273625254701699 ], [ 55.290843248816969, 26.27122795620528 ], [ 55.288671254774755, 26.270772218463151 ], [ 55.288372635788761, 26.270215154106012 ], [ 55.284879445930045, 26.259874820266702 ], [ 55.288980603572242, 26.2542822359365 ], [ 55.291568636583548, 26.253169059604403 ], [ 55.292751907874248, 26.250054955571727 ], [ 55.297283530510498, 26.247247338693711 ] ], [ [ 55.01811242145132, 25.882716059598522 ], [ 55.012722611759415, 25.882887840001843 ], [ 55.009288430017165, 25.87645053866143 ], [ 55.00924074616367, 25.875849724085469 ], [ 55.010099172439169, 25.875463366341279 ], [ 55.009526848385491, 25.872115970075924 ], [ 55.011005520888233, 25.870141863756004 ], [ 55.009812951506689, 25.873103141496813 ], [ 55.011341929386646, 25.874976873583819 ], [ 55.011819720304032, 25.873875617765549 ], [ 55.015778064706154, 25.872502326920852 ], [ 55.018353342632707, 25.868940353314656 ], [ 55.018496513803285, 25.865378260997971 ], [ 55.015778064706154, 25.863490104684558 ], [ 55.01582574855982, 25.863232612595027 ], [ 55.017924308460266, 25.861730456095671 ], [ 55.019354939179408, 25.862030863833297 ], [ 55.018973350539767, 25.863189578236472 ], [ 55.020928740169467, 25.863704562415592 ], [ 55.020976543632884, 25.864605903439724 ], [ 55.022264122791199, 25.864605903439724 ], [ 55.028034806161628, 25.861215471916466 ], [ 55.031230211605163, 25.860614657340591 ], [ 55.034282445878404, 25.855808257645009 ], [ 55.03671455353404, 25.858469009836909 ], [ 55.039242148506474, 25.858726501027235 ], [ 55.039433121341773, 25.85906982441287 ], [ 55.056220412542217, 25.859241366495894 ], [ 55.055934310320396, 25.862417220678196 ], [ 55.051167249669021, 25.872416376914288 ], [ 55.051787376286626, 25.873103141496813 ], [ 55.04902064798469, 25.882415651860811 ], [ 55.049927115144413, 25.886535644904086 ], [ 55.046397209563708, 25.889711260766092 ], [ 55.045967936171593, 25.894260406692439 ], [ 55.040644645733806, 25.897046447035933 ], [ 55.03977847089979, 25.898913860486289 ], [ 55.039289712750104, 25.899968147412068 ], [ 55.036809206279855, 25.896406054196007 ], [ 55.029512047843042, 25.891771316193314 ], [ 55.026554942057288, 25.891127467258769 ], [ 55.01811242145132, 25.882716059598522 ] ] ] } },
{ "type": "Feature", "properties": { "MRGID": 8469, "GEONAME": "Iranian Exclusive Economic Zone", "MRGID_TER1": 2126.0, "POL_TYPE": "200NM", "MRGID_SOV1": 2126, "TERRITORY1": "Iran", "ISO_TER1": "IRN", "SOVEREIGN1": "Iran", "MRGID_TER2": null, "MRGID_SOV2": null, "TERRITORY2": null, "ISO_TER2": null, "SOVEREIGN2": null, "MRGID_TER3": null, "MRGID_SOV3": null, "TERRITORY3": null, "ISO_TER3": null, "SOVEREIGN3": null, "X_1": 53.87936, "Y_1": 29.7816, "MRGID_EEZ": 8469, "AREA_KM2": 215613, "ISO_SOV1": "IRN", "ISO_SOV2": null, "ISO_SOV3": null, "UN_SOV1": 364, "UN_SOV2": null, "UN_SOV3": null, "UN_TER1": 364.0, "UN_TER2": null, "UN_TER3": null }, "geometry": { "type": "MultiPolygon", "coordinates": [ [ [ [ 55.707710623846253, 26.876104712262702 ], [ 55.715214848486539, 26.881267428748913 ], [ 55.717511853689132, 26.883475585429949 ], [ 55.71484434578997, 26.880100011606316 ], [ 55.707710623846253, 26.876104712262702 ] ] ], [ [ [ 54.00765991177559, 26.753576517142619 ], [ 54.008649111167585, 26.756679773552776 ], [ 54.010427117617439, 26.757514834542008 ], [ 54.022498846044982, 26.756562351771151 ], [ 54.031054973508276, 26.752278447392484 ], [ 54.037083148968179, 26.750626444954548 ], [ 54.04322981820161, 26.745976328544771 ], [ 54.048185109655151, 26.73892843699781 ], [ 54.051406502807936, 26.740432739279527 ], [ 54.063264846395612, 26.734810948566462 ], [ 54.066406845599488, 26.735532880238281 ], [ 54.075129866550128, 26.732650637616871 ], [ 54.08544337721014, 26.72651255151311 ], [ 54.089841604306628, 26.722196817429221 ], [ 54.091943979131372, 26.723990440606372 ], [ 54.096341848297698, 26.722280145012746 ], [ 54.099104404644606, 26.719631552554176 ], [ 54.103139043032456, 26.720899224319794 ], [ 54.109565258429996, 26.720342040352932 ], [ 54.112499952211067, 26.718750000212367 ], [ 54.113485574999345, 26.718750000212367 ], [ 54.122597455608116, 26.713644146959894 ], [ 54.128541111882839, 26.717835545274227 ], [ 54.132959604302357, 26.717851042391771 ], [ 54.137357353858874, 26.716017008178426 ], [ 54.140625000043769, 26.717912912151235 ], [ 54.144122243147081, 26.715872049155792 ], [ 54.152553916130387, 26.713666201034414 ], [ 54.163542032538828, 26.712386846176059 ], [ 54.165385007811892, 26.711468100572461 ], [ 54.166178941904718, 26.70891106089681 ], [ 54.17598187956014, 26.710863113142182 ], [ 54.18239355112155, 26.709486723233738 ], [ 54.189717412228845, 26.706100821595669 ], [ 54.192312121807049, 26.70369756239262 ], [ 54.195775151102396, 26.707814455472771 ], [ 54.199719667528711, 26.707857846862169 ], [ 54.204445362063836, 26.706219434979005 ], [ 54.211904526172987, 26.710658431041793 ], [ 54.2258143420583, 26.710990667585293 ], [ 54.227236032616872, 26.714253544665382 ], [ 54.229398846379695, 26.715093255149668 ], [ 54.24115693534435, 26.715372562094103 ], [ 54.244544148193938, 26.714535474932291 ], [ 54.246723413254983, 26.718361258365405 ], [ 54.247310161534756, 26.718750000212367 ], [ 54.247812509339894, 26.718750000212367 ], [ 54.251123547813563, 26.720935821331125 ], [ 54.254321456070386, 26.722049713523518 ], [ 54.258645773283888, 26.722363352986406 ], [ 54.258749842831037, 26.724748849679713 ], [ 54.26059365267497, 26.726022958792555 ], [ 54.264843940395565, 26.726312875938504 ], [ 54.269891858422568, 26.728207111668894 ], [ 54.279201150113067, 26.727708101247913 ], [ 54.281372547005503, 26.724272966224476 ], [ 54.28207755073845, 26.725887417470403 ], [ 54.28697180790266, 26.725294351453215 ], [ 54.290255546556295, 26.722430944232769 ], [ 54.291011810746511, 26.723356008473047 ], [ 54.289120555369379, 26.728049874202384 ], [ 54.289651155376589, 26.729281663917732 ], [ 54.294033646135915, 26.721849441698453 ], [ 54.294606804760292, 26.721261858847754 ], [ 54.299687504874498, 26.718750000212367 ], [ 54.300341009829822, 26.718750000212367 ], [ 54.302417039914531, 26.717785358607443 ], [ 54.307126164441001, 26.71398830401705 ], [ 54.312062621392897, 26.713466047919837 ], [ 54.314914107200366, 26.716546058653762 ], [ 54.315335154493823, 26.716299175866311 ], [ 54.315611243664023, 26.710166812148714 ], [ 54.318234920405303, 26.709015131343278 ], [ 54.31978774111144, 26.705772042046135 ], [ 54.322699547146442, 26.704669475915637 ], [ 54.323408603224493, 26.700966954461421 ], [ 54.333496928140789, 26.690754532995356 ], [ 54.336818217986433, 26.688966512594504 ], [ 54.343389511117095, 26.680943131820129 ], [ 54.354057073175454, 26.660606980028149 ], [ 54.358773469619962, 26.654530644074043 ], [ 54.358580469712933, 26.65186691242809 ], [ 54.360967636447299, 26.653549552070217 ], [ 54.361742258498509, 26.652070045895925 ], [ 54.360852003417278, 26.651032447689374 ], [ 54.362633108930879, 26.651310205101936 ], [ 54.364248752677838, 26.649687052015906 ], [ 54.375534057251002, 26.623483538834307 ], [ 54.378603458682733, 26.622413516470658 ], [ 54.381402969071814, 26.619810820013356 ], [ 54.390335202008032, 26.604602217618321 ], [ 54.397265076422173, 26.603083729430637 ], [ 54.403507351683004, 26.596272349689229 ], [ 54.411823629956587, 26.592313409036649 ], [ 54.41679120075338, 26.593146920494064 ], [ 54.421808242356576, 26.589630365349137 ], [ 54.431806445311281, 26.589959859859675 ], [ 54.440210699764009, 26.584328771055993 ], [ 54.446202158602773, 26.586143136196824 ], [ 54.454264759710952, 26.583674073599695 ], [ 54.455836534528487, 26.583825230749824 ], [ 54.456782579052856, 26.584025144644784 ], [ 54.458865046484789, 26.585629105299006 ], [ 54.469467878040177, 26.587667107550999 ], [ 54.47389745730186, 26.589045405820855 ], [ 54.484295248826754, 26.594101906078151 ], [ 54.492187500352941, 26.595982074613119 ], [ 54.494312167572502, 26.596769213428502 ], [ 54.501485466880865, 26.597905755046611 ], [ 54.505018353714092, 26.598129272547965 ], [ 54.507270574477502, 26.597403645561826 ], [ 54.507873058195116, 26.598471403432598 ], [ 54.511060237539994, 26.598772168201037 ], [ 54.52418732668383, 26.598392844054558 ], [ 54.530063748743089, 26.59758973148098 ], [ 54.546260118809471, 26.592822074579146 ], [ 54.552860975353781, 26.592883348088094 ], [ 54.561216354351302, 26.589843273548297 ], [ 54.567470908056009, 26.584495901964374 ], [ 54.577846646405646, 26.572437763192283 ], [ 54.578062057418094, 26.572139859167237 ], [ 54.578514337266881, 26.569762825993678 ], [ 54.5868556499683, 26.557896256307231 ], [ 54.593257665508929, 26.542968749608178 ], [ 54.593323946443036, 26.542968749608178 ], [ 54.598423242738534, 26.531969308936482 ], [ 54.601362109373895, 26.520568966684493 ], [ 54.604400157741168, 26.514392733138152 ], [ 54.60600698003816, 26.513276815672555 ], [ 54.606570959282408, 26.509710907532394 ], [ 54.607189536368082, 26.509188414014147 ], [ 54.608477115526512, 26.510716557323292 ], [ 54.615000963123975, 26.504363656457656 ], [ 54.625026941640101, 26.50034844882191 ], [ 54.642387747596501, 26.503002047806319 ], [ 54.659737348899569, 26.507542014352509 ], [ 54.663865208312757, 26.505995869313949 ], [ 54.664682031050972, 26.506465077101666 ], [ 54.662701845313961, 26.507080912154436 ], [ 54.662312030575777, 26.508534431518854 ], [ 54.663893938054855, 26.508810639399542 ], [ 54.664589167056477, 26.510740757180258 ], [ 54.671073913930059, 26.513306855726853 ], [ 54.703432679474645, 26.513923048709785 ], [ 54.714054465141487, 26.512660741400168 ], [ 54.714431763115442, 26.514069318943939 ], [ 54.716663241015794, 26.512966633203632 ], [ 54.721849203178238, 26.514760017161109 ], [ 54.731672525766498, 26.513997554843343 ], [ 54.734123349213235, 26.515608549095305 ], [ 54.736375808296941, 26.513174176047414 ], [ 54.745520234471314, 26.511554836986193 ], [ 54.754482030821123, 26.508191943603379 ], [ 54.756662607093688, 26.508854150398747 ], [ 54.762318253684498, 26.506729841109347 ], [ 54.763836741872183, 26.507294416604111 ], [ 54.769467354035214, 26.502854943001296 ], [ 54.778672218248346, 26.50275087345409 ], [ 54.790523409527793, 26.4959491488342 ], [ 54.793918132615772, 26.495317340023291 ], [ 54.799860358069111, 26.500941038198391 ], [ 54.805171727992899, 26.512655973194683 ], [ 54.810764670253377, 26.518197774607643 ], [ 54.813995957747295, 26.519746303748946 ], [ 54.829743147028694, 26.522233247566362 ], [ 54.843749999762736, 26.517857074544395 ], [ 54.84564697752603, 26.517537355664501 ], [ 54.847680210673218, 26.518802642428057 ], [ 54.861080050703833, 26.536220907868653 ], [ 54.867146134386644, 26.539699077250646 ], [ 54.874152302786626, 26.541762947602024 ], [ 54.87520062900586, 26.542968749608178 ], [ 54.875880241280186, 26.542968749608178 ], [ 54.875827074260144, 26.543390631472505 ], [ 54.883592844234443, 26.547807336039796 ], [ 54.889396548012314, 26.548578143166822 ], [ 54.889051556384288, 26.552370667872083 ], [ 54.890493512265834, 26.556621551843193 ], [ 54.898872256549453, 26.566096544519951 ], [ 54.911230563839524, 26.572289705105845 ], [ 54.918824434699957, 26.578363180316558 ], [ 54.93341374414905, 26.585328340530566 ], [ 54.942638158724094, 26.593155622334166 ], [ 54.94529855208657, 26.594255209010726 ], [ 54.950298547939667, 26.593939662085802 ], [ 54.950013637319557, 26.590368747419802 ], [ 54.951082110151333, 26.590751648170055 ], [ 54.951833248205901, 26.593845248559433 ], [ 54.949864506341953, 26.596343755859721 ], [ 54.950953602426864, 26.599702953928215 ], [ 54.960764646571249, 26.610412954993933 ], [ 54.961943745907206, 26.610528469313465 ], [ 54.963108658437875, 26.612962842361355 ], [ 54.968443155327407, 26.613139748900323 ], [ 54.968193053866401, 26.615495442960366 ], [ 54.971843599902286, 26.618523716596314 ], [ 54.975888848491593, 26.619186758861872 ], [ 54.979936361573891, 26.621642231803605 ], [ 54.986330151915013, 26.621937275085202 ], [ 54.992038011345187, 26.626093029669619 ], [ 55.001485466780935, 26.626594066263181 ], [ 55.00317990822623, 26.62586212153974 ], [ 55.008129358583062, 26.62887752048124 ], [ 55.011054039312512, 26.628305554357894 ], [ 55.013591766047227, 26.631309151496168 ], [ 55.020605325975055, 26.633289575553533 ], [ 55.02669525158467, 26.639976858745058 ], [ 55.029585123154959, 26.641405463291562 ], [ 55.053049445275747, 26.641191601811045 ], [ 55.060933828633324, 26.644551634450409 ], [ 55.064984202459016, 26.648838520081711 ], [ 55.073400258715026, 26.663448452783939 ], [ 55.076625347182073, 26.672732353015704 ], [ 55.07953774946759, 26.676049470906435 ], [ 55.083516955443201, 26.676326275037638 ], [ 55.091980457232353, 26.688640713398229 ], [ 55.098518848666004, 26.695284008949898 ], [ 55.112556933955375, 26.70086514940715 ], [ 55.13103485077778, 26.699306130573518 ], [ 55.139279246240278, 26.700364351133942 ], [ 55.142773508990274, 26.704321860965138 ], [ 55.146036147750067, 26.71102571506475 ], [ 55.148490547800577, 26.713782549025495 ], [ 55.154759645341414, 26.718750000212367 ], [ 55.155312537743498, 26.718750000212367 ], [ 55.159839152954589, 26.721519470547207 ], [ 55.175991058740408, 26.719349741897133 ], [ 55.191243410455058, 26.72239112854777 ], [ 55.19531250007185, 26.722098231048562 ], [ 55.19531250007185, 26.722377062251667 ], [ 55.200016021822023, 26.723007559851055 ], [ 55.20065081098619, 26.723424077259381 ], [ 55.204126834585793, 26.728043079824317 ], [ 55.204457044956712, 26.728205322917347 ], [ 55.212393045802457, 26.729661226384565 ], [ 55.216656326927989, 26.732709527023133 ], [ 55.217586517303971, 26.734023809751079 ], [ 55.22148394612725, 26.745434403375043 ], [ 55.223200202427449, 26.749254703641725 ], [ 55.226408839596331, 26.753805517810463 ], [ 55.228049873902592, 26.761842847069772 ], [ 55.235677957671669, 26.776348471904498 ], [ 55.242903948258686, 26.779485821613434 ], [ 55.249892354148869, 26.779175519534647 ], [ 55.252242326722069, 26.782628417067826 ], [ 55.277380347425151, 26.783960938046903 ], [ 55.299531221388804, 26.782477736558349 ], [ 55.305132627169087, 26.782611608738819 ], [ 55.307667851090514, 26.783675670395951 ], [ 55.311275244057299, 26.782215476263275 ], [ 55.323350071548646, 26.787331462177292 ], [ 55.328047155951538, 26.785736560394014 ], [ 55.333272815088378, 26.78649485075681 ], [ 55.335536361014306, 26.784641742822203 ], [ 55.336984157992561, 26.785111308540081 ], [ 55.343634844172755, 26.779462575937202 ], [ 55.352818965522886, 26.769742846255383 ], [ 55.367053746932925, 26.761629820160124 ], [ 55.37096345420008, 26.757461666622646 ], [ 55.377101659913706, 26.753968358053328 ], [ 55.377572178912999, 26.753839135367855 ], [ 55.386980533624808, 26.752538323584815 ], [ 55.405165314627595, 26.753831625129465 ], [ 55.407224655093785, 26.753097176693416 ], [ 55.414953828056753, 26.754670858073666 ], [ 55.427475213910043, 26.751454353635552 ], [ 55.431915164153565, 26.749243855119857 ], [ 55.434135914041235, 26.748999953585042 ], [ 55.439373135761684, 26.752445221270023 ], [ 55.440738439727284, 26.750501752154207 ], [ 55.441073537014177, 26.750457048653914 ], [ 55.446191549100774, 26.751601457541256 ], [ 55.459776878799971, 26.749496936934122 ], [ 55.460257053820044, 26.749505400453927 ], [ 55.465246319861819, 26.750467657956108 ], [ 55.47603404483533, 26.757194041871571 ], [ 55.494867920518175, 26.765375375972894 ], [ 55.502780318656846, 26.769992947716389 ], [ 55.5180841682498, 26.780305505095043 ], [ 55.519253253634815, 26.782243371434504 ], [ 55.522661566378247, 26.782892823145346 ], [ 55.53794825061135, 26.797183036967624 ], [ 55.542269467861729, 26.796787977383303 ], [ 55.546875000381021, 26.798828125417685 ], [ 55.549689054606233, 26.799704671233656 ], [ 55.55728805070305, 26.804438471358424 ], [ 55.559790134607056, 26.806733727379651 ], [ 55.56449615917046, 26.813688516611819 ], [ 55.56452524684272, 26.814109205975114 ], [ 55.56234455096029, 26.817469716154505 ], [ 55.560294151553933, 26.828815817595967 ], [ 55.557770967756028, 26.830492019890869 ], [ 55.557551860529998, 26.834137320181242 ], [ 55.559898615328905, 26.837152600412253 ], [ 55.568116068901531, 26.839739441821848 ], [ 55.572234630224045, 26.845178723219533 ], [ 55.573989868537637, 26.850330710793742 ], [ 55.573838830097998, 26.850703358373323 ], [ 55.572068810527242, 26.852056860535754 ], [ 55.56348598039375, 26.855034470864211 ], [ 55.557543158689896, 26.850451350349601 ], [ 55.554288148879039, 26.850880264912348 ], [ 55.557533144738898, 26.85128903376193 ], [ 55.560742736088457, 26.855080247255671 ], [ 55.563336133555765, 26.856166959237839 ], [ 55.572796344975416, 26.853020429249455 ], [ 55.573366045706507, 26.853102207301049 ], [ 55.57399511338383, 26.853938579501914 ], [ 55.572305917683991, 26.86038875553669 ], [ 55.570660710523441, 26.861619710681168 ], [ 55.568556904877312, 26.86119794842665 ], [ 55.568674445369425, 26.864488244037261 ], [ 55.564021944856904, 26.865306258377188 ], [ 55.562194943342035, 26.86722087904036 ], [ 55.563478112225141, 26.868528366490978 ], [ 55.562626838258041, 26.870414376122596 ], [ 55.562615752315196, 26.870436966193097 ], [ 55.562604665472975, 26.87045955626354 ], [ 55.554098844286273, 26.869676828622801 ], [ 55.554163336468832, 26.870052456555698 ], [ 55.557029843652401, 26.871009111281523 ], [ 55.56356501551312, 26.871099352852923 ], [ 55.575952053444553, 26.871955752056351 ], [ 55.576352357875066, 26.872674941695266 ], [ 55.576481342240186, 26.873328209229498 ], [ 55.573781251903313, 26.88238334621451 ], [ 55.575296044776678, 26.882401943295122 ], [ 55.575539707991197, 26.883914470776233 ], [ 55.572708845436921, 26.887063145647687 ], [ 55.572498679270666, 26.887763142854794 ], [ 55.573245764080809, 26.890627979997305 ], [ 55.574705243252424, 26.886621951741745 ], [ 55.581884503267247, 26.884012341296568 ], [ 55.590817451164469, 26.889488815956156 ], [ 55.590312361326482, 26.894531249917293 ], [ 55.590038418837992, 26.894531249917293 ], [ 55.589373827040561, 26.899914264331869 ], [ 55.589224338132738, 26.900306821102959 ], [ 55.587059974838041, 26.903048753297355 ], [ 55.586618542611689, 26.903133035061558 ], [ 55.57789671416208, 26.900453925008662 ], [ 55.576766014539999, 26.901284337402274 ], [ 55.572637438367167, 26.897135257586115 ], [ 55.572533250109473, 26.897786378438639 ], [ 55.57544565239499, 26.90140962645313 ], [ 55.57893466939953, 26.904017806076922 ], [ 55.585692048449346, 26.905018925982688 ], [ 55.585444450700891, 26.906634330509974 ], [ 55.582676171967819, 26.907490968933132 ], [ 55.582347512028093, 26.908105134844163 ], [ 55.58262872733394, 26.908552050237006 ], [ 55.585969447931745, 26.912220358782577 ], [ 55.586792945438162, 26.912547230870075 ], [ 55.587868213547267, 26.912649274244643 ], [ 55.590628504501922, 26.910700559383372 ], [ 55.596081733485278, 26.920524835252991 ], [ 55.596179843225229, 26.92088413239685 ], [ 55.595224261390626, 26.92614674557592 ], [ 55.594827652274375, 26.9266029599587 ], [ 55.58974945587272, 26.926568507830439 ], [ 55.586739540097767, 26.9256801602113 ], [ 55.586173653391427, 26.925395846740969 ], [ 55.584829210999317, 26.923749447079388 ], [ 55.584583759033308, 26.922802328764533 ], [ 55.584944844029394, 26.920572877036705 ], [ 55.582385659470674, 26.922705054494713 ], [ 55.580882668400477, 26.922602653189927 ], [ 55.580476761193609, 26.922340154574499 ], [ 55.570669770293705, 26.910468816682567 ], [ 55.568864703243491, 26.913410067420728 ], [ 55.575076579620486, 26.922737717871428 ], [ 55.576193570876626, 26.9264171123599 ], [ 55.59222495581713, 26.940024853164516 ], [ 55.595100641481451, 26.940932154895108 ], [ 55.606417774860461, 26.950312614435632 ], [ 55.611292005022051, 26.95052015817879 ], [ 55.618967533425007, 26.952771902301492 ], [ 55.624349951589068, 26.956876159007606 ], [ 55.624644518230014, 26.957136511840588 ], [ 55.630474209717079, 26.965300678783365 ], [ 55.631231427188652, 26.971435070472182 ], [ 55.632321119524079, 26.973600506658101 ], [ 55.633201718584473, 26.974748850079436 ], [ 55.637710451676071, 26.978743076531828 ], [ 55.640059947608563, 26.980148315792178 ], [ 55.647282957842265, 26.98307335355247 ], [ 55.648996948750266, 26.983537912744509 ], [ 55.671556472853013, 26.984013914910292 ], [ 55.672714233075453, 26.984117269496437 ], [ 55.676857948435611, 26.986018657535055 ], [ 55.681060910232873, 26.98626005625664 ], [ 55.696933626885425, 26.984587073534669 ], [ 55.707691550124991, 26.980373144505052 ], [ 55.719721555405499, 26.98209440733109 ], [ 55.727656841290241, 26.98169565243245 ], [ 55.738696933117012, 26.977633118873371 ], [ 55.744683862070644, 26.971583843519625 ], [ 55.748754143289148, 26.972567677556299 ], [ 55.759163737516531, 26.986589670377043 ], [ 55.762362360734414, 26.988233446716265 ], [ 55.763366222673085, 26.987863301949858 ], [ 55.761890053882951, 26.984809040604773 ], [ 55.767862558610261, 26.985563159012656 ], [ 55.769870876939478, 26.98680150478566 ], [ 55.77258300739993, 26.9926929473217 ], [ 55.773548364865178, 26.992233037624658 ], [ 55.77501821501869, 26.993384003469032 ], [ 55.77517211420178, 26.994458556617133 ], [ 55.773607969232444, 26.997587561516809 ], [ 55.771783233109772, 26.997449040740662 ], [ 55.770631551405017, 27.00174820391652 ], [ 55.761695861474891, 27.011858939938179 ], [ 55.761388063108654, 27.012889266226694 ], [ 55.763214469272384, 27.014476656872262 ], [ 55.764474749510157, 27.014876127631226 ], [ 55.765656113338991, 27.015010953093054 ], [ 55.771156429925327, 27.013862371351422 ], [ 55.765573143685685, 27.013256311029977 ], [ 55.763485551017425, 27.010496974256 ], [ 55.767195463100222, 27.006624340640883 ], [ 55.77221000189013, 27.004935144941044 ], [ 55.775858640463923, 27.000425219348472 ], [ 55.775891065520284, 26.995890140617519 ], [ 55.776081800035115, 26.995593667413857 ], [ 55.778302549922785, 26.994832158377449 ], [ 55.780118465494866, 26.994892477705719 ], [ 55.780832052357368, 26.995174646292924 ], [ 55.783804178620017, 26.998046755353528 ], [ 55.787921309121145, 26.998099446632182 ], [ 55.790566444585806, 26.999678612078355 ], [ 55.80592226959709, 26.995924949776679 ], [ 55.814065575865698, 26.999144673787725 ], [ 55.809445262089241, 27.009796262087889 ], [ 55.809386134362683, 27.013842940599261 ], [ 55.812728405391624, 27.020574212330075 ], [ 55.811022043432615, 27.026278257735441 ], [ 55.813267946458609, 27.025301933037838 ], [ 55.814626574756687, 27.022326946031797 ], [ 55.814172149125454, 27.018459201131293 ], [ 55.810870766672622, 27.014208555480479 ], [ 55.812905907281845, 27.013276219322108 ], [ 55.812131643160853, 27.012174368152614 ], [ 55.813221215886472, 27.004633903531897 ], [ 55.813521265693907, 27.003926873626369 ], [ 55.817533850906557, 27.002697468013764 ], [ 55.819125056476253, 27.000275969660322 ], [ 55.819864749758437, 27.00027692294168 ], [ 55.826630354007705, 27.000030636404801 ], [ 55.829056858886986, 27.001055240307153 ], [ 55.836093544881237, 27.00132322298839 ], [ 55.836658716626516, 27.001461863374345 ], [ 55.849156737193709, 27.005933046173197 ], [ 55.854640841701553, 27.005594968533046 ], [ 55.8565514091203, 27.00749278086721 ], [ 55.859824538471742, 27.006868124364473 ], [ 55.860084414664072, 27.005329847494522 ], [ 55.863306045237834, 27.005363345442106 ], [ 55.870774745757956, 27.009236454798611 ], [ 55.874228238642331, 27.008754968567018 ], [ 55.881990671232529, 27.015143514061947 ], [ 55.882352114158778, 27.015289425466676 ], [ 55.890470146779876, 27.016175627303426 ], [ 55.892513751808281, 27.017328858540054 ], [ 55.894616126632968, 27.018832802891609 ], [ 55.894890427950941, 27.019326209636915 ], [ 55.89366197561975, 27.021092057252702 ], [ 55.894534229870885, 27.021411419101753 ], [ 55.897494435619762, 27.020661950188924 ], [ 55.898437499790816, 27.01702010599314 ], [ 55.89916503423899, 27.01678514461878 ], [ 55.900088071407424, 27.01766920067314 ], [ 55.899867057618678, 27.020050406700932 ], [ 55.905266999972127, 27.018386006209255 ], [ 55.906707048391638, 27.016216278458558 ], [ 55.913219570826584, 27.016270041729115 ], [ 55.926291823808697, 27.02076363563333 ], [ 55.936090111969122, 27.022402167126359 ], [ 55.941711306431728, 27.021282076806472 ], [ 55.948689460949936, 27.022072434295467 ], [ 55.95211183998947, 27.023619413005576 ], [ 55.95412123210923, 27.027660131709752 ], [ 55.956898451002758, 27.029711604007389 ], [ 55.956555128516413, 27.031430959371335 ], [ 55.957961439768667, 27.033387779822249 ], [ 55.963055372507483, 27.033378243411278 ], [ 55.967437744556321, 27.029347538658044 ], [ 55.974912404883639, 27.030516743652868 ], [ 55.97021484384004, 27.031214356757232 ], [ 55.966078043367077, 27.039262652349578 ], [ 55.959780454404495, 27.040335655066485 ], [ 55.958889842292422, 27.044860839456248 ], [ 55.958967327879918, 27.045358776986006 ], [ 55.960213423111043, 27.047972202355311 ], [ 55.966848730884294, 27.049828052322823 ], [ 55.96837675548295, 27.047672748798391 ], [ 55.970517874000734, 27.049908041622871 ], [ 55.970849752614072, 27.046849131682109 ], [ 55.974465608201285, 27.050297856361055 ], [ 55.974919676801676, 27.045609473798208 ], [ 55.975940227459603, 27.049652576605183 ], [ 55.982408642644771, 27.049461245839893 ], [ 55.984344243592034, 27.050335764583906 ], [ 55.985352755025701, 27.053195714810442 ], [ 55.985050201505658, 27.058685540805129 ], [ 55.984717130391289, 27.059863805570217 ], [ 55.983235240114311, 27.060726403800572 ], [ 55.983435273619023, 27.06214797474928 ], [ 55.983115553839809, 27.062343716689213 ], [ 55.980720758156508, 27.061507344488405 ], [ 55.980547428221314, 27.063673376924839 ], [ 55.978266954356513, 27.066561341033093 ], [ 55.980010509577426, 27.068354606280081 ], [ 55.983825922028757, 27.070312499622219 ], [ 55.984236955371273, 27.07043302046759 ], [ 56.0188280342864, 27.086301923095334 ], [ 56.027930617703873, 27.088112354601549 ], [ 56.030195236521024, 27.088958859463844 ], [ 56.035323619589406, 27.09206342708552 ], [ 56.041564941568879, 27.093862653039082 ], [ 56.042694926229899, 27.095535874081349 ], [ 56.0442173480522, 27.095181942292868 ], [ 56.04671204132768, 27.091029763412905 ], [ 56.046097278266814, 27.087103128206877 ], [ 56.04859042201042, 27.087782978801499 ], [ 56.049857259205226, 27.086620330763708 ], [ 56.069814324271704, 27.086491466008397 ], [ 56.064788937859248, 27.086748957198665 ], [ 56.064716577508079, 27.087650179512252 ], [ 56.064174414018055, 27.086813450280545 ], [ 56.049640655691746, 27.087070942370133 ], [ 56.04595303510456, 27.095471620219143 ], [ 56.04819452785523, 27.097821235761444 ], [ 56.051412224794376, 27.092059850481746 ], [ 56.06030631028807, 27.095793366170938 ], [ 56.056076049570095, 27.103582621041198 ], [ 56.05828154066063, 27.104741334544997 ], [ 56.063017845397326, 27.097241759399708 ], [ 56.070212722139445, 27.100589156564354 ], [ 56.065765619587751, 27.1074770686119 ], [ 56.066524743622097, 27.108764648669649 ], [ 56.072266220609663, 27.101076722213008 ], [ 56.079383373443989, 27.101444840806835 ], [ 56.080277204229674, 27.098271846468606 ], [ 56.078372955447605, 27.097198843751698 ], [ 56.080518245920359, 27.097563743671856 ], [ 56.080976248155366, 27.096040248958388 ], [ 56.078324675343538, 27.091403961423737 ], [ 56.075251817817218, 27.09053885948083 ], [ 56.072585344138361, 27.091786146313666 ], [ 56.072490453971341, 27.091512560856074 ], [ 56.074949145586629, 27.090386151899452 ], [ 56.072707414515605, 27.089452743749177 ], [ 56.078637003594906, 27.091190814904223 ], [ 56.081385850676497, 27.09535360308638 ], [ 56.079653501907615, 27.102337956631459 ], [ 56.081298709068221, 27.103157520503203 ], [ 56.079633951545702, 27.102651834414701 ], [ 56.080006122484633, 27.104639410780237 ], [ 56.077782511853513, 27.108126163291843 ], [ 56.080229043735415, 27.109215259376754 ], [ 56.081410169243952, 27.108389139447297 ], [ 56.080060243685352, 27.11041676981813 ], [ 56.081494451008155, 27.111205459064763 ], [ 56.082802176779069, 27.109703421275924 ], [ 56.082253932972662, 27.110942602519117 ], [ 56.084953546668885, 27.112331867122009 ], [ 56.086999117615221, 27.108305793877321 ], [ 56.08658529817302, 27.107826256476585 ], [ 56.087037205702529, 27.108230829089564 ], [ 56.087011813344589, 27.108280805314962 ], [ 56.088740348987983, 27.110323547893472 ], [ 56.091452241128081, 27.110293507839174 ], [ 56.089226245494899, 27.111590862628248 ], [ 56.090414524210985, 27.116575240854729 ], [ 56.092387318420037, 27.11989784281127 ], [ 56.094382643344375, 27.118946552541445 ], [ 56.094027876984967, 27.120662569621913 ], [ 56.097285151288759, 27.126633763137704 ], [ 56.105554103639008, 27.133321642579801 ], [ 56.107222557375167, 27.132543444824194 ], [ 56.107054233965755, 27.13479304316445 ], [ 56.117250442454008, 27.144614100360513 ], [ 56.117671847677684, 27.144990444153734 ], [ 56.125216007612721, 27.149727940492085 ], [ 56.132727622881532, 27.152280450282603 ], [ 56.13484144247866, 27.152826667017109 ], [ 56.139950751825779, 27.153789877800648 ], [ 56.147390961823476, 27.154195427976674 ], [ 56.150365233868513, 27.154242873509872 ], [ 56.173030972401534, 27.15349984194421 ], [ 56.180669307542587, 27.154224753069968 ], [ 56.188260674690412, 27.152529477953124 ], [ 56.190886616823946, 27.150448917983226 ], [ 56.191442131649126, 27.146380543327439 ], [ 56.188516259317964, 27.13690435904897 ], [ 56.186028241710062, 27.137810945818558 ], [ 56.186171412880469, 27.136628747418797 ], [ 56.188463211008411, 27.135697602862138 ], [ 56.197333812505519, 27.135417819276995 ], [ 56.199769616374738, 27.129323959133444 ], [ 56.201803445772441, 27.128391265944231 ], [ 56.19989967363108, 27.130560755374631 ], [ 56.19899141771981, 27.135470628366875 ], [ 56.200549244951731, 27.13655006843095 ], [ 56.202646374930339, 27.136086106388746 ], [ 56.203667521838724, 27.137658357846988 ], [ 56.202403664997178, 27.14245891554657 ], [ 56.204176664021873, 27.145460248191966 ], [ 56.203715920653281, 27.153076052617791 ], [ 56.204538345268475, 27.148273229525955 ], [ 56.206340551575238, 27.14737606045685 ], [ 56.204572319856709, 27.146585464647501 ], [ 56.20546257493794, 27.142757654142486 ], [ 56.208852052280463, 27.142635703375049 ], [ 56.212725758786803, 27.146224379651471 ], [ 56.212892174734122, 27.143452643924434 ], [ 56.214418173160198, 27.142747640191487 ], [ 56.214555144404471, 27.142162680663205 ], [ 56.213795066189391, 27.140190959345375 ], [ 56.213218570180914, 27.140062808651749 ], [ 56.210350155535309, 27.141328454244842 ], [ 56.207013248962312, 27.14051055951478 ], [ 56.20463252047449, 27.139229058874037 ], [ 56.205403447211381, 27.137854456817763 ], [ 56.205729126797792, 27.137631058926274 ], [ 56.20752727986013, 27.137884259451084 ], [ 56.208195448261392, 27.136331200424593 ], [ 56.21007323269356, 27.135957240734115 ], [ 56.217103957981351, 27.138994574140327 ], [ 56.221799850782531, 27.14215946198965 ], [ 56.22211837806077, 27.152493715512605 ], [ 56.219680070478944, 27.159593462868088 ], [ 56.220984578475566, 27.162003040707816 ], [ 56.221327304711394, 27.162179469706814 ], [ 56.222708940365351, 27.16024756407387 ], [ 56.221648574022538, 27.159058332076427 ], [ 56.22287070771705, 27.1508970258771 ], [ 56.230355143675013, 27.154410004418196 ], [ 56.231969236990722, 27.156472325237644 ], [ 56.234998345197539, 27.154332757151053 ], [ 56.23453295233395, 27.157244205255893 ], [ 56.234757423116662, 27.157555460616038 ], [ 56.236737132212909, 27.15927612809088 ], [ 56.241397857924881, 27.162333726820066 ], [ 56.250000000099988, 27.166573643558877 ], [ 56.262663841263304, 27.17240345465575 ], [ 56.273343801375404, 27.175788641332758 ], [ 56.276774048583547, 27.176774144511228 ], [ 56.277237653594909, 27.176834463839498 ], [ 56.278580546455089, 27.175888419315129 ], [ 56.283128857810595, 27.178426027339356 ], [ 56.285889506695412, 27.178285121561146 ], [ 56.287425518173166, 27.179380774603089 ], [ 56.290030956663372, 27.17886424089204 ], [ 56.291535615975931, 27.180219769226994 ], [ 56.295172572356364, 27.180043458938542 ], [ 56.297206640074421, 27.181156873590908 ], [ 56.29893875142227, 27.180604934470182 ], [ 56.31125712431691, 27.182756543579671 ], [ 56.318723439834912, 27.182869553287333 ], [ 56.320611357827943, 27.185010552195251 ], [ 56.327528357547692, 27.18452405943782 ], [ 56.331696033545143, 27.186677813430379 ], [ 56.336905241383818, 27.185888052191899 ], [ 56.349683642685989, 27.189781308160889 ], [ 56.363544702725903, 27.186164617103429 ], [ 56.36631107309762, 27.187637328899655 ], [ 56.370497703206468, 27.187950253401539 ], [ 56.372674822485124, 27.186530947845029 ], [ 56.37132132032275, 27.185162901846468 ], [ 56.382714271946156, 27.182284950789892 ], [ 56.387844920406792, 27.182999133902968 ], [ 56.392514944209381, 27.180555344053914 ], [ 56.396129250264721, 27.18329262765269 ], [ 56.402455449359536, 27.18568623083496 ], [ 56.403630256231395, 27.188670277611266 ], [ 56.404107212577856, 27.188592076163445 ], [ 56.404436707088394, 27.187628865379907 ], [ 56.402364731147486, 27.183293104293398 ], [ 56.396243810403575, 27.181501746508445 ], [ 56.393528104238669, 27.178241848882294 ], [ 56.393520832320633, 27.17527747117839 ], [ 56.399023771330064, 27.172739148193159 ], [ 56.400129437423629, 27.17407810651946 ], [ 56.402093410182772, 27.173225522240102 ], [ 56.405544042323754, 27.17628967792632 ], [ 56.416001558724986, 27.170512318888484 ], [ 56.423607468809678, 27.168321252024214 ], [ 56.4296560283031, 27.169677376609684 ], [ 56.432455777911855, 27.173019409318329 ], [ 56.434124469968367, 27.173261046360267 ], [ 56.437214255433616, 27.170792580013597 ], [ 56.439363241220633, 27.171298265202836 ], [ 56.440708279863259, 27.168980717685997 ], [ 56.448451161192168, 27.166097760103582 ], [ 56.452003240457259, 27.165284633579006 ], [ 56.454406737980605, 27.166517854115739 ], [ 56.468877434945739, 27.162740707817477 ], [ 56.479193210997948, 27.16398406011632 ], [ 56.485218763135492, 27.166813612358396 ], [ 56.489481925550479, 27.167154550741998 ], [ 56.489679455342639, 27.168251157065299 ], [ 56.492072343563848, 27.16642630133282 ], [ 56.500216126473106, 27.16846525686617 ], [ 56.502963304413015, 27.167183041264366 ], [ 56.506970643880152, 27.168584346890157 ], [ 56.510081172208402, 27.167474865872407 ], [ 56.512599348581148, 27.168496251101146 ], [ 56.513615012322987, 27.166092872288289 ], [ 56.519259333751279, 27.166551709094165 ], [ 56.520429372417652, 27.164515257273365 ], [ 56.522724748048745, 27.164411544757058 ], [ 56.521417975559189, 27.169065356481042 ], [ 56.517925024020712, 27.171982407362236 ], [ 56.520955443438993, 27.171942829997647 ], [ 56.521813153853998, 27.174201011467574 ], [ 56.529671549502439, 27.174317955709114 ], [ 56.529980420759841, 27.173334241282248 ], [ 56.527938842803394, 27.172560930442614 ], [ 56.527652740581573, 27.171010733058949 ], [ 56.530332803915826, 27.168491959536368 ], [ 56.532091617933872, 27.169536948371501 ], [ 56.53091526063082, 27.166298270249001 ], [ 56.534664869688015, 27.16459155125915 ], [ 56.538593769386978, 27.166165709280108 ], [ 56.537807703462818, 27.163904667066788 ], [ 56.54380345386636, 27.162853955845435 ], [ 56.545020341815359, 27.159975529047472 ], [ 56.546646356544159, 27.160007119532963 ], [ 56.547863602423377, 27.158090353087402 ], [ 56.552212119493788, 27.15600085295705 ], [ 56.558813929319456, 27.156552552858102 ], [ 56.561356544768785, 27.159580469463151 ], [ 56.562885165617956, 27.158513903194148 ], [ 56.565327763865241, 27.160696744858967 ], [ 56.56743574146634, 27.1578189134122 ], [ 56.569178820046545, 27.157228111887889 ], [ 56.570381164159471, 27.161221146738569 ], [ 56.572504520167513, 27.161302447250193 ], [ 56.574186443949259, 27.162719845344611 ], [ 56.576020002421217, 27.162722706987381 ], [ 56.576846480280892, 27.161544918862944 ], [ 56.576650142989763, 27.163318872068317 ], [ 56.579225778846649, 27.164746642043951 ], [ 56.579111814059047, 27.166803240477236 ], [ 56.582704544479213, 27.167485952714571 ], [ 56.582648754136756, 27.166198730586984 ], [ 56.583930611808341, 27.165860533336968 ], [ 56.586629867574402, 27.170637011688768 ], [ 56.590075254869191, 27.173102617291988 ], [ 56.59013855455072, 27.175451159043803 ], [ 56.593320012408697, 27.176236867937178 ], [ 56.596144914256456, 27.181060910532665 ], [ 56.594828843676225, 27.175407051794082 ], [ 56.59196960931007, 27.174849033256351 ], [ 56.591260671942507, 27.170567751300723 ], [ 56.588716268640951, 27.17031586198749 ], [ 56.587116956582349, 27.168689965969179 ], [ 56.587584256907974, 27.16702854673008 ], [ 56.587903260826863, 27.166776061166331 ], [ 56.595055341530838, 27.162268400066637 ], [ 56.595663309314318, 27.162319779234451 ], [ 56.5984441039123, 27.164509058246495 ], [ 56.599015355074641, 27.164734125279722 ], [ 56.601562500409102, 27.164899468335818 ], [ 56.605647563784089, 27.16620635953592 ], [ 56.605803966679787, 27.169569253818054 ], [ 56.608596801401291, 27.167339324550255 ], [ 56.606862545170372, 27.165660857762418 ], [ 56.606440543696181, 27.16141450367644 ], [ 56.608528852224822, 27.160996556346049 ], [ 56.610345124827688, 27.163204551149192 ], [ 56.613238573001809, 27.158027052506498 ], [ 56.615896225230642, 27.159852147458707 ], [ 56.617070436751305, 27.159041523747362 ], [ 56.618932604456177, 27.16067755242716 ], [ 56.621161580442617, 27.158933400955732 ], [ 56.623612045959192, 27.159221648959999 ], [ 56.624240755706353, 27.157884001845275 ], [ 56.625946641024711, 27.158053159825499 ], [ 56.62603437888356, 27.153906345401595 ], [ 56.628644465969387, 27.153878926871016 ], [ 56.633248329346998, 27.151555418647717 ], [ 56.63637220901029, 27.152587056147752 ], [ 56.637797355663508, 27.15147590598832 ], [ 56.637838363849482, 27.147459149720021 ], [ 56.639795660941047, 27.147063612595673 ], [ 56.641122340823415, 27.147518634477478 ], [ 56.641534447956474, 27.148139953596058 ], [ 56.642559647210021, 27.154131054504603 ], [ 56.642865299793812, 27.154906511126626 ], [ 56.647861242402485, 27.164277553866043 ], [ 56.651408075922006, 27.165860772556641 ], [ 56.657177567690667, 27.165430664593543 ], [ 56.660842537952817, 27.169494271043845 ], [ 56.662268042536198, 27.172677159723207 ], [ 56.661175369847513, 27.178774833891509 ], [ 56.663807630617725, 27.184853315628061 ], [ 56.664298057909093, 27.183304906096566 ], [ 56.662445425715873, 27.178329348420732 ], [ 56.663570761781273, 27.17289376233731 ], [ 56.660852908934658, 27.166690945730636 ], [ 56.654675602497093, 27.16235887995839 ], [ 56.649945736006941, 27.163879155998302 ], [ 56.647693633954077, 27.160770416421656 ], [ 56.648271202853778, 27.158990264189413 ], [ 56.650017142177433, 27.158869743344042 ], [ 56.648648023287706, 27.15697014315765 ], [ 56.650838851831622, 27.156699181022418 ], [ 56.649437427495343, 27.153047204165205 ], [ 56.651819825124903, 27.152914166555604 ], [ 56.654184341534176, 27.148880719769465 ], [ 56.654234529100279, 27.14885354045856 ], [ 56.654284715767062, 27.148826361147712 ], [ 56.654631971888023, 27.148754119507032 ], [ 56.655019044593303, 27.149344206070282 ], [ 56.653257846472513, 27.151034831692186 ], [ 56.661519169873827, 27.152571677740809 ], [ 56.665646552646365, 27.158103227781794 ], [ 56.670074344055763, 27.155644178236287 ], [ 56.675625443559454, 27.15539693841805 ], [ 56.670279979437566, 27.152323841672001 ], [ 56.672220349489578, 27.14984035484855 ], [ 56.675669074168468, 27.149061202912208 ], [ 56.67659175430606, 27.150506734498265 ], [ 56.678876758055992, 27.150074719972395 ], [ 56.679676413635661, 27.149397969340839 ], [ 56.677060127522907, 27.147345542862581 ], [ 56.677709579233749, 27.146323799703623 ], [ 56.680125951451544, 27.145164132019147 ], [ 56.683105945882744, 27.14596712588218 ], [ 56.684914469926923, 27.149232626284743 ], [ 56.686470031766589, 27.148147463834448 ], [ 56.686740040620407, 27.145370006620567 ], [ 56.689054250753145, 27.144049167834851 ], [ 56.692147851142465, 27.146995901739501 ], [ 56.694026350535694, 27.144134044950249 ], [ 56.696110129179146, 27.144542932510376 ], [ 56.70011174715944, 27.149979949415183 ], [ 56.703490257269607, 27.144838332822872 ], [ 56.703307151703768, 27.149783849545088 ], [ 56.704643249286562, 27.152432203683304 ], [ 56.707028627269381, 27.153709650180247 ], [ 56.713769555020974, 27.151242852075995 ], [ 56.709218740852236, 27.150595306927926 ], [ 56.708832263498209, 27.149219751590294 ], [ 56.713286637967997, 27.149027943284977 ], [ 56.715455055406551, 27.151810764954917 ], [ 56.718277216120669, 27.151747941914039 ], [ 56.71965277235762, 27.150670051381837 ], [ 56.719176530972163, 27.147191047428919 ], [ 56.722165822594718, 27.14635550979898 ], [ 56.723119139936387, 27.147708058679996 ], [ 56.721272706770037, 27.148908734550503 ], [ 56.720904349855914, 27.153458952468725 ], [ 56.726523637755747, 27.148386120523071 ], [ 56.727244376926535, 27.145218611150028 ], [ 56.72889387565192, 27.146200537724667 ], [ 56.73287570494989, 27.139657616405941 ], [ 56.740273118010066, 27.14065122607326 ], [ 56.7390848401933, 27.138582109976426 ], [ 56.737864852281177, 27.13948714721414 ], [ 56.736659526915673, 27.138367176504062 ], [ 56.738208651408172, 27.136563539375913 ], [ 56.736625552327439, 27.131186842698696 ], [ 56.739271163533431, 27.13140881066812 ], [ 56.737511754164188, 27.129920243824245 ], [ 56.737421274272435, 27.129488706838401 ], [ 56.738407015771202, 27.1290575268834 ], [ 56.743973374072027, 27.128069043351729 ], [ 56.749752521861467, 27.12875604625458 ], [ 56.751603007372921, 27.132359266367075 ], [ 56.749691963313524, 27.133430838262655 ], [ 56.745440244771544, 27.132915258732282 ], [ 56.744529008507016, 27.135461806916908 ], [ 56.745587348677248, 27.136892318925447 ], [ 56.748060822449077, 27.136492251915968 ], [ 56.750938057645271, 27.137851714784858 ], [ 56.755196451854829, 27.136962175564008 ], [ 56.756976962017234, 27.132053971713447 ], [ 56.755115151343205, 27.131114244027174 ], [ 56.754269957692429, 27.128356337175262 ], [ 56.758504509975182, 27.129346609458537 ], [ 56.757634758537336, 27.131601572254795 ], [ 56.758326530544991, 27.13331210616883 ], [ 56.761533736892488, 27.133584737445744 ], [ 56.764686822938586, 27.135833740434805 ], [ 56.764960170075824, 27.133901118941537 ], [ 56.769775748252243, 27.136036634683023 ], [ 56.770890712436483, 27.130664348281073 ], [ 56.771267652480219, 27.130398750601898 ], [ 56.773291707146598, 27.129818558379839 ], [ 56.77658975131601, 27.130372047032381 ], [ 56.77800357370603, 27.127700209796899 ], [ 56.780688405245769, 27.129664420876395 ], [ 56.780943631943103, 27.129344940316798 ], [ 56.780811310193883, 27.125306844934983 ], [ 56.784753203297726, 27.12341725869959 ], [ 56.787963032967639, 27.120046615858712 ], [ 56.788014293424965, 27.120041013082357 ], [ 56.788065552982914, 27.120035410306002 ], [ 56.788364410289375, 27.120713353438589 ], [ 56.792397141215133, 27.123059749407957 ], [ 56.794520020582524, 27.121587872182602 ], [ 56.803853869160776, 27.123701215139022 ], [ 56.804323554488519, 27.130440830779776 ], [ 56.80693101915125, 27.134383201423645 ], [ 56.810186028062787, 27.135715245762015 ], [ 56.807104468696309, 27.133365154478327 ], [ 56.805300474537319, 27.129579305440643 ], [ 56.805779337446495, 27.124589919789003 ], [ 56.804352164620752, 27.12061941655287 ], [ 56.807376742043061, 27.114552259079517 ], [ 56.803511261635492, 27.118829369979494 ], [ 56.801051258808627, 27.119346142010897 ], [ 56.800429106018498, 27.119229674410008 ], [ 56.797031044647042, 27.117975711909651 ], [ 56.795239568151601, 27.116699218694066 ], [ 56.789841413650379, 27.111771822411754 ], [ 56.789798558256905, 27.111671627143949 ], [ 56.789755701964111, 27.111571430976824 ], [ 56.789732217967526, 27.109769344279869 ], [ 56.794624924700543, 27.112704277280613 ], [ 56.797052145440205, 27.112360358543754 ], [ 56.798095345523848, 27.108316064135124 ], [ 56.800502776681867, 27.106163501744277 ], [ 56.800554633389652, 27.103057026660508 ], [ 56.814441561528895, 27.09056925746529 ], [ 56.813544273749301, 27.088960051964875 ], [ 56.817162156408472, 27.085031270976401 ], [ 56.817576646744897, 27.084903359502505 ], [ 56.826511263783857, 27.086982846581179 ], [ 56.827208042317352, 27.086977600835667 ], [ 56.831689715707853, 27.08573865881209 ], [ 56.833728432920907, 27.086110949360886 ], [ 56.834003448300564, 27.086620807404415 ], [ 56.833718776900071, 27.087630748760091 ], [ 56.83001720872727, 27.090543866006669 ], [ 56.831679701756912, 27.098661303276572 ], [ 56.825949906962705, 27.100486159009108 ], [ 56.831727743540569, 27.100216746405749 ], [ 56.835937499715897, 27.097516656068876 ], [ 56.835943460422413, 27.093580246131523 ], [ 56.831798076819837, 27.092165470460145 ], [ 56.831337809192576, 27.090663313960818 ], [ 56.834966778693911, 27.088265180893416 ], [ 56.835655927379207, 27.086384534818478 ], [ 56.830479502527055, 27.083663821228413 ], [ 56.830296278250671, 27.083405614177821 ], [ 56.830096840996475, 27.082461357505679 ], [ 56.831581949947065, 27.079956651178577 ], [ 56.834789157193882, 27.079767346585811 ], [ 56.836070656935306, 27.078358650331495 ], [ 56.83476507694678, 27.076133847199344 ], [ 56.83591485029018, 27.074607015101719 ], [ 56.838314532889456, 27.075390338992975 ], [ 56.838861345874477, 27.074348210901235 ], [ 56.842204332763799, 27.075007915782749 ], [ 56.843601345925435, 27.074028372411533 ], [ 56.84505665314208, 27.075487852482468 ], [ 56.843923330197583, 27.079867959139051 ], [ 56.844154238327519, 27.080287456900692 ], [ 56.846361875200444, 27.080207347990779 ], [ 56.846415758080809, 27.08129930481914 ], [ 56.846746445092435, 27.081466317016975 ], [ 56.847760677113627, 27.08131933182176 ], [ 56.850862622312206, 27.07907414465609 ], [ 56.851862669326806, 27.076064825131652 ], [ 56.849143623979103, 27.075454354534884 ], [ 56.847569942598852, 27.073700547042677 ], [ 56.847648262757161, 27.073182344189888 ], [ 56.850506901772178, 27.07310915016717 ], [ 56.853484154170417, 27.070312499622219 ], [ 56.853530656314774, 27.070312499622219 ], [ 56.853558759229429, 27.070286507416427 ], [ 56.850669145764527, 27.068530679147557 ], [ 56.84904062732312, 27.065024614594336 ], [ 56.850278616065339, 27.062126040284568 ], [ 56.852907418942266, 27.061043143226527 ], [ 56.85042405172868, 27.054266333424607 ], [ 56.85071396797531, 27.054195761824985 ], [ 56.855679631310011, 27.055826902689432 ], [ 56.856633305682578, 27.057159543278374 ], [ 56.857702374764813, 27.056556701630541 ], [ 56.863687157936056, 27.059096932077807 ], [ 56.867566108389269, 27.063144445160049 ], [ 56.871474504444905, 27.063646912574995 ], [ 56.860885620475074, 27.056270241478501 ], [ 56.860789537806966, 27.056185960613618 ], [ 56.86148715001201, 27.055741667643872 ], [ 56.862650752230479, 27.051523327439668 ], [ 56.860104441466831, 27.048668146317937 ], [ 56.858934879441165, 27.047824740519388 ], [ 56.856004714645906, 27.046910763121275 ], [ 56.85618865478267, 27.046665429865755 ], [ 56.857862711295127, 27.046430110561232 ], [ 56.860227823055652, 27.047792673393189 ], [ 56.867550969201943, 27.049106120651004 ], [ 56.869966030208161, 27.048396230002083 ], [ 56.869853854172106, 27.047027826073361 ], [ 56.859182357579812, 27.044604539867692 ], [ 56.858191371234852, 27.045439958787142 ], [ 56.850484967307466, 27.045635819437564 ], [ 56.846569657263899, 27.047948360428563 ], [ 56.842697977829459, 27.047664165668778 ], [ 56.841578602470577, 27.047624349983835 ], [ 56.837054848902199, 27.045147657538394 ], [ 56.83649921446721, 27.043946147097074 ], [ 56.836602926084254, 27.043591857378374 ], [ 56.841568946449797, 27.042672157594041 ], [ 56.842401504625798, 27.036986708369966 ], [ 56.846127510076599, 27.034705757864458 ], [ 56.853853821396797, 27.025159359017266 ], [ 56.860802054571195, 27.020835041803764 ], [ 56.862202524726797, 27.020419835606958 ], [ 56.865465044776045, 27.020394205827984 ], [ 56.866327166365693, 27.021593928417133 ], [ 56.8692494629924, 27.02177584148194 ], [ 56.873955845485909, 27.018606901287512 ], [ 56.875301122448889, 27.021060466767153 ], [ 56.878923774212865, 27.023216962792674 ], [ 56.874646306282045, 27.017436861721819 ], [ 56.867225051295122, 27.014616131829086 ], [ 56.867225348970749, 27.014518201953535 ], [ 56.867225646646318, 27.014420271178608 ], [ 56.869658828092497, 27.010513544264711 ], [ 56.874080657896116, 27.006988644310525 ], [ 56.877420544822314, 27.005346179182879 ], [ 56.878887652942865, 27.005532145492168 ], [ 56.879106045207891, 27.007147907949616 ], [ 56.88334250405336, 27.011760949808036 ], [ 56.884207367675913, 27.016376375769198 ], [ 56.889808058495134, 27.023484825864045 ], [ 56.892565250386042, 27.024215459376023 ], [ 56.89448201683166, 27.0212835076278 ], [ 56.896803140952272, 27.020708561151253 ], [ 56.902933001856582, 27.024786830148116 ], [ 56.904046535219493, 27.023304224010758 ], [ 56.904676079537523, 27.031894207351854 ], [ 56.906209706912477, 27.035114050073389 ], [ 56.904122472174379, 27.016037941098148 ], [ 56.905107617422686, 27.015066742536192 ], [ 56.904724836282242, 27.012698650422408 ], [ 56.907363534399622, 27.011619806608849 ], [ 56.908996343506487, 27.008583546093803 ], [ 56.904942631397375, 27.008602142275095 ], [ 56.904519677541145, 27.007021903937755 ], [ 56.906241417007834, 27.00348854046382 ], [ 56.910093069439654, 26.999903679111526 ], [ 56.915116429679529, 26.998317956708377 ], [ 56.916205644474985, 27.000618815505959 ], [ 56.917182207492942, 26.998546004094862 ], [ 56.916440367528992, 26.997358322528612 ], [ 56.917941331527288, 26.995463252227353 ], [ 56.924516916222785, 26.993909001599206 ], [ 56.926481604842252, 26.994902729977071 ], [ 56.929023504431257, 26.994281649178845 ], [ 56.928691864138273, 26.995987654107012 ], [ 56.930228948507249, 26.9978183509362 ], [ 56.927512526481962, 27.000670909634835 ], [ 56.932348609201028, 26.999035358495064 ], [ 56.931226968449892, 27.001231908525824 ], [ 56.929634571278484, 27.002442956277434 ], [ 56.928133249350026, 27.002116202900481 ], [ 56.926445246151218, 27.004650831470769 ], [ 56.924153566733764, 27.005603671272468 ], [ 56.92470550495517, 27.00636124577494 ], [ 56.927919149549155, 27.006024122315466 ], [ 56.928992628906769, 27.007361054469129 ], [ 56.927948117611606, 27.010026931897414 ], [ 56.931805371920404, 27.008521556724531 ], [ 56.927493334050155, 27.014536261239527 ], [ 56.928407073127971, 27.014843344644703 ], [ 56.931939244100874, 27.011265635600637 ], [ 56.936807275235594, 27.008832573764323 ], [ 56.93679904913688, 27.0121978521492 ], [ 56.930334567586272, 27.021090269400474 ], [ 56.930057168103872, 27.023081660690139 ], [ 56.935404062147825, 27.019223212980933 ], [ 56.941710114630155, 27.01050484152529 ], [ 56.943569302881087, 27.009822249797026 ], [ 56.943918824394302, 27.009809255492826 ], [ 56.945194125108856, 27.011200547167562 ], [ 56.943553447833381, 27.01232886358622 ], [ 56.941728949131743, 27.016366243107711 ], [ 56.942143559078033, 27.018293618855466 ], [ 56.946278810918443, 27.014521360372555 ], [ 56.946610927852078, 27.014541149054821 ], [ 56.945772766899722, 27.0209008451979 ], [ 56.948450446131233, 27.016041636412467 ], [ 56.949913620617167, 27.01645290807528 ], [ 56.949967026856882, 27.017756223570927 ], [ 56.951036452969959, 27.017743110556182 ], [ 56.951804757283753, 27.017165541656482 ], [ 56.951978445149166, 27.014087676704946 ], [ 56.953124999818954, 27.013950943781083 ], [ 56.953437805610292, 27.01911270608656 ], [ 56.953124999818954, 27.019810319190924 ], [ 56.95100927365911, 27.021114349647576 ], [ 56.951266407818537, 27.021897911859185 ], [ 56.952384710286196, 27.021428465751171 ], [ 56.953124999818954, 27.026227712239177 ], [ 56.955253005321993, 27.026265740071892 ], [ 56.956375479744622, 27.024003505357541 ], [ 56.956136345515972, 27.020035147903798 ], [ 56.957279444091114, 27.019074678253844 ], [ 56.958406448398932, 27.020800113934172 ], [ 56.958436608063039, 27.029213071126378 ], [ 56.9645229579682, 27.028990745226736 ], [ 56.964979767702175, 27.02882456759977 ], [ 56.961721062577055, 27.028530358888986 ], [ 56.960136532674881, 27.025873542130341 ], [ 56.961198806479786, 27.023546815233374 ], [ 56.959329843497528, 27.018306255229561 ], [ 56.962498307051305, 27.018044233254784 ], [ 56.956397772139553, 27.015290021717192 ], [ 56.956413269257041, 27.012040138041982 ], [ 56.953124999818954, 27.010881543248672 ], [ 56.950806856051599, 27.009438514475903 ], [ 56.950077653361063, 27.007975458700514 ], [ 56.951441645215823, 27.007362365680706 ], [ 56.951100945152575, 27.004570602950992 ], [ 56.953124999818954, 27.00362706213923 ], [ 56.953591227253412, 27.006314754422419 ], [ 56.954448342317221, 27.004508972411202 ], [ 56.956546663897484, 27.005215763996375 ], [ 56.955486059234318, 27.005938768559361 ], [ 56.955709815055968, 27.007914066481021 ], [ 56.957604647036874, 27.009131550680593 ], [ 56.958373546701864, 27.007403135546326 ], [ 56.958447575295395, 27.011235952577181 ], [ 56.961233853959243, 27.011634111225305 ], [ 56.965789318522297, 27.015889048440897 ], [ 56.96704387637385, 27.021482944882052 ], [ 56.970559358627554, 27.020733833000065 ], [ 56.968105554827559, 27.019457459394289 ], [ 56.968305110792301, 27.015910506264902 ], [ 56.968693256388747, 27.015476942207158 ], [ 56.970456123651218, 27.016591071820585 ], [ 56.972810029859033, 27.016103864102092 ], [ 56.969527244486812, 27.015215038942927 ], [ 56.969025849963032, 27.014304518538722 ], [ 56.969173073478601, 27.014000773417024 ], [ 56.972112059723827, 27.013403177514704 ], [ 56.971529245078671, 27.012224674429206 ], [ 56.97327172740836, 27.010290741724418 ], [ 56.975318312789966, 27.010696411510253 ], [ 56.972757459089507, 27.009666204831547 ], [ 56.970564841794044, 27.012890935368432 ], [ 56.967016458742648, 27.014081835608295 ], [ 56.961635350890788, 27.009013653157638 ], [ 56.961645006911567, 27.006315946923451 ], [ 56.962903142266271, 27.005757332135204 ], [ 56.961800217306234, 27.002660513072271 ], [ 56.958437919274616, 27.000980377142753 ], [ 56.957077264803956, 26.998984217647603 ], [ 56.955668449839152, 26.999082922738751 ], [ 56.954244733107998, 26.997036814897115 ], [ 56.955978512698266, 26.992930054478506 ], [ 56.959860206083704, 26.995283007404907 ], [ 56.962883353583948, 26.994796156717314 ], [ 56.960315108355644, 26.993681907494079 ], [ 56.956948042118483, 26.989172578152022 ], [ 56.957239627506851, 26.987361430785427 ], [ 56.960266947861385, 26.986172914648364 ], [ 56.961812973290137, 26.984065055757753 ], [ 56.957569956588259, 26.986034750903059 ], [ 56.958399414801193, 26.982881307826119 ], [ 56.956858158477303, 26.982481240816639 ], [ 56.954360961489215, 26.984612941633998 ], [ 56.954614877874349, 26.98207282989722 ], [ 56.953124999818954, 26.982421756059239 ], [ 56.951333165393351, 26.983503341905759 ], [ 56.950989961617495, 26.983303904651507 ], [ 56.948765754735859, 26.980842947643964 ], [ 56.948490619746337, 26.978936671789995 ], [ 56.950009941605572, 26.977179766133361 ], [ 56.953124999818954, 26.977678537334668 ], [ 56.953124999818954, 26.977399468710587 ], [ 56.954225421066383, 26.975919246675971 ], [ 56.953565478763892, 26.97459697706887 ], [ 56.95400595680951, 26.974200844593327 ], [ 56.956021308736467, 26.973375320015066 ], [ 56.958225011974775, 26.973723053676053 ], [ 56.95950937245965, 26.972223639209631 ], [ 56.961204052225298, 26.971820712356021 ], [ 56.963240027405391, 26.97184860662793 ], [ 56.968958616646887, 26.973364234072221 ], [ 56.966581702183873, 26.971568346402137 ], [ 56.965753555182459, 26.968460917137691 ], [ 56.964884639214802, 26.967989206536686 ], [ 56.95577335395717, 26.970573902163892 ], [ 56.955207943891537, 26.970585107716602 ], [ 56.953950404787406, 26.968317628156058 ], [ 56.953614354219098, 26.968238115496661 ], [ 56.953124999818954, 26.969028949626363 ], [ 56.950020075166378, 26.97030735030404 ], [ 56.948923945483727, 26.973198771406203 ], [ 56.945034742759219, 26.971690058849163 ], [ 56.94349265096514, 26.973347306133348 ], [ 56.943853735961227, 26.976237058993149 ], [ 56.94304060943665, 26.975774645583499 ], [ 56.942219972673627, 26.974068522844107 ], [ 56.942030668080918, 26.971999168426919 ], [ 56.944431543181224, 26.968038916562818 ], [ 56.941278934675154, 26.965628147121322 ], [ 56.942696929020087, 26.963523268584026 ], [ 56.944064975018648, 26.963316559411737 ], [ 56.942575454893358, 26.959884643961175 ], [ 56.939667940423192, 26.960577726281088 ], [ 56.939685106682361, 26.956484079776487 ], [ 56.9423569439179, 26.95896947406203 ], [ 56.943874955464878, 26.959222078336325 ], [ 56.944275856145907, 26.958978175902132 ], [ 56.947012663103976, 26.953224658791044 ], [ 56.950120449399265, 26.952191471759079 ], [ 56.952781200691902, 26.948953747817256 ], [ 56.952407955962428, 26.947402119612207 ], [ 56.953124999818954, 26.94587051840972 ], [ 56.953205168084082, 26.945905565889177 ], [ 56.955435752957669, 26.941522955520043 ], [ 56.955563426111269, 26.94108772321988 ], [ 56.955143928349685, 26.940150141315996 ], [ 56.953124999818954, 26.939174055838066 ], [ 56.950925946075586, 26.942663073741926 ], [ 56.950818657854825, 26.945407271328577 ], [ 56.949951053098687, 26.945914506949009 ], [ 56.949280500594682, 26.946031212870253 ], [ 56.947068214226761, 26.94421362905581 ], [ 56.94545006766657, 26.947016239407958 ], [ 56.943523406879763, 26.944130301472285 ], [ 56.943932652370052, 26.941503048127231 ], [ 56.943060040188755, 26.941019058183031 ], [ 56.942466974171566, 26.940901637300783 ], [ 56.936345934717167, 26.944548248802676 ], [ 56.935596108773439, 26.947868347046608 ], [ 56.925540566843722, 26.956021070116321 ], [ 56.924662232276262, 26.96025443079742 ], [ 56.92237091078897, 26.962976455599005 ], [ 56.922985553340652, 26.968454241470113 ], [ 56.920041441859098, 26.9688768382955 ], [ 56.917576551216939, 26.966765642020789 ], [ 56.916529059568518, 26.969055533586072 ], [ 56.912900805028187, 26.966902613265063 ], [ 56.912500858527835, 26.966182946985441 ], [ 56.912997007306103, 26.963926553367799 ], [ 56.915530205054949, 26.960473775444427 ], [ 56.913601040555648, 26.955476760843908 ], [ 56.915741920753078, 26.95478022063071 ], [ 56.915158509857406, 26.953241348409563 ], [ 56.922713041673603, 26.941301345480781 ], [ 56.92406606629595, 26.935970306484535 ], [ 56.928517937952506, 26.932559847958657 ], [ 56.927558541193775, 26.927885412981482 ], [ 56.928913354567726, 26.921308040433757 ], [ 56.926192879298014, 26.919473648290307 ], [ 56.927857041469338, 26.915883064551849 ], [ 56.933940053091021, 26.908034443634733 ], [ 56.934398650677224, 26.907781958970304 ], [ 56.939570903574406, 26.905760050086315 ], [ 56.943037271153173, 26.906195163675932 ], [ 56.945767045412879, 26.905279755456377 ], [ 56.948626279779035, 26.90636742071996 ], [ 56.951070547168058, 26.905271648967471 ], [ 56.953124999818954, 26.905412912675843 ], [ 56.95583987231231, 26.906094551122692 ], [ 56.953124999818954, 26.903180837625598 ], [ 56.953124999818954, 26.902901649391652 ], [ 56.950174569700664, 26.899308443230098 ], [ 56.946395158909525, 26.898837804621053 ], [ 56.944667458736262, 26.899765014643776 ], [ 56.943939209327084, 26.898329615719263 ], [ 56.940446734429315, 26.901606440384967 ], [ 56.938780904015573, 26.899995565742813 ], [ 56.938737153796637, 26.896902918634851 ], [ 56.941239357310565, 26.894531249917293 ], [ 56.941562533184424, 26.894531249917293 ], [ 56.947657227898787, 26.891211629213387 ], [ 56.953124999818954, 26.890624999644047 ], [ 56.956100344755157, 26.889577269675328 ], [ 56.962708353607695, 26.885247469295336 ], [ 56.970497012227383, 26.878804207248436 ], [ 56.970810055439756, 26.878528714328752 ], [ 56.975158452900359, 26.873392939732412 ], [ 56.97804665532891, 26.872032523582163 ], [ 56.980937361470126, 26.867606043384228 ], [ 56.990912317849222, 26.85779082818425 ], [ 57.004037379921215, 26.840356111445431 ], [ 57.008013844763184, 26.837088704480152 ], [ 57.014176607364618, 26.823809743225127 ], [ 57.015916943911861, 26.8224780559176 ], [ 57.018979549166943, 26.812630772692046 ], [ 57.021799445388126, 26.807763219097353 ], [ 57.028049945848352, 26.787069440202572 ], [ 57.031012534800709, 26.77283775785628 ], [ 57.040699959035919, 26.75401604190688 ], [ 57.04878294507688, 26.732810020865827 ], [ 57.050937533640308, 26.730887175003147 ], [ 57.050970554047865, 26.727840065966348 ], [ 57.054999947589579, 26.718750000212367 ], [ 57.055065512663361, 26.718750000212367 ], [ 57.057477354995967, 26.714251518492858 ], [ 57.057610750535787, 26.711144447158574 ], [ 57.059890270219853, 26.708050846769197 ], [ 57.060574054449091, 26.702465414747167 ], [ 57.065991878922148, 26.687623501023779 ], [ 57.076064347891418, 26.634933352792075 ], [ 57.077870249512443, 26.630133510053497 ], [ 57.080743551074079, 26.593987345939297 ], [ 57.085044860931646, 26.567814946602539 ], [ 57.085077762628714, 26.557059049535553 ], [ 57.084141969476377, 26.542968749608178 ], [ 57.084181607095559, 26.542968749608178 ], [ 57.083876967148342, 26.53851234896581 ], [ 57.082008719127145, 26.525619745454946 ], [ 57.078075766183701, 26.507573843158411 ], [ 57.082150578186713, 26.504873752821482 ], [ 57.078679442402404, 26.498821854145319 ], [ 57.079372644332125, 26.497795343680195 ], [ 57.080619812454415, 26.499305247838947 ], [ 57.081528425396584, 26.498810053241414 ], [ 57.081389546690275, 26.495759367600783 ], [ 57.08318412314884, 26.492110610316445 ], [ 57.082815051273656, 26.482941150613669 ], [ 57.07858431301571, 26.475121259438595 ], [ 57.076694011819257, 26.464443921749648 ], [ 57.072771311147164, 26.463812351259037 ], [ 57.070785641344344, 26.462354541229161 ], [ 57.074223876330905, 26.458565831448027 ], [ 57.074280023704205, 26.454927444246209 ], [ 57.070814251476577, 26.452417731393268 ], [ 57.070359349204637, 26.452214717535242 ], [ 57.067889570747127, 26.452148675820808 ], [ 57.067515850276322, 26.451851129725924 ], [ 57.065884709411876, 26.448894858510982 ], [ 57.064058304147466, 26.440393447599604 ], [ 57.06432807468093, 26.436776637831599 ], [ 57.067500353158835, 26.430643439543132 ], [ 57.067660928009502, 26.428150415409391 ], [ 57.06477046018864, 26.425027966567427 ], [ 57.064342737227605, 26.423748850928803 ], [ 57.065711974827821, 26.422329307051939 ], [ 57.063102126062347, 26.419538378893094 ], [ 57.064059377038689, 26.416992544770153 ], [ 57.062423824999598, 26.405552506443087 ], [ 57.063531041524413, 26.397277951316426 ], [ 57.059040546683946, 26.395902753009693 ], [ 57.061489700988943, 26.391322374527988 ], [ 57.061840176682836, 26.373281240436938 ], [ 57.064065814385856, 26.372942924476433 ], [ 57.066437005563387, 26.37041962106872 ], [ 57.065960645467442, 26.367187499903253 ], [ 57.065870165575745, 26.362843155687131 ], [ 57.066775679454111, 26.361116648014956 ], [ 57.06935155363135, 26.359841466010892 ], [ 57.068801521972716, 26.355550050494458 ], [ 57.071751237129945, 26.354449630146348 ], [ 57.069769858891902, 26.350932240430609 ], [ 57.071860551523287, 26.349419951269795 ], [ 57.071792125706111, 26.345506310367966 ], [ 57.072010040431053, 26.344995141112918 ], [ 57.07522296916477, 26.342455506016847 ], [ 57.076349854762043, 26.339271903275744 ], [ 57.078463435139497, 26.337287306364146 ], [ 57.078793525900551, 26.336641549967624 ], [ 57.079692840752045, 26.330181956232366 ], [ 57.082189202269944, 26.32626032845144 ], [ 57.089845180310874, 26.317818641517135 ], [ 57.091345071417948, 26.318281054926786 ], [ 57.094550847843379, 26.323757767906727 ], [ 57.095381140627183, 26.323312520756303 ], [ 57.095595240428054, 26.321865201318019 ], [ 57.092161178295783, 26.316837668223855 ], [ 57.093672514175239, 26.312197804085429 ], [ 57.095003247302088, 26.311616659481274 ], [ 57.095060467566555, 26.30916905380883 ], [ 57.099364519457083, 26.3054866789671 ], [ 57.102918744504507, 26.306633829887403 ], [ 57.110620855967795, 26.30639564983943 ], [ 57.10994744272034, 26.304072141616075 ], [ 57.10683226579647, 26.304155349589735 ], [ 57.105841040231894, 26.302267312886215 ], [ 57.107252716839469, 26.301113128368229 ], [ 57.11031091181917, 26.303547144385277 ], [ 57.1128646132114, 26.303782224470126 ], [ 57.113466143647656, 26.297311544792024 ], [ 57.117177009911131, 26.294515132567369 ], [ 57.116086840934997, 26.290799975638436 ], [ 57.117791056212354, 26.286879419849413 ], [ 57.11577653885621, 26.279582023991281 ], [ 57.116557240324425, 26.275026202397385 ], [ 57.125867843226445, 26.263731479224418 ], [ 57.129089355089718, 26.262419819818888 ], [ 57.129068613126037, 26.255464077305362 ], [ 57.136800170191748, 26.244884848457048 ], [ 57.137732743771153, 26.241384267969636 ], [ 57.137221455805616, 26.234048247128953 ], [ 57.139435410415899, 26.229843735799818 ], [ 57.151594757991745, 26.226899504708399 ], [ 57.159473061932317, 26.22334754505323 ], [ 57.176732659085019, 26.212857008244384 ], [ 57.178326248757401, 26.209495544783636 ], [ 57.185797810920292, 26.210023641977557 ], [ 57.193707346516874, 26.200446367605821 ], [ 57.193716764217356, 26.191406250198327 ], [ 57.193765759282428, 26.191406250198327 ], [ 57.194873809478793, 26.186522245305412 ], [ 57.206078052760006, 26.178103447016497 ], [ 57.219487547912081, 26.173519611540883 ], [ 57.221732974297367, 26.171322941900314 ], [ 57.225101947996563, 26.157547354326994 ], [ 57.225096940571405, 26.156875371900924 ], [ 57.224528074411182, 26.152526974440377 ], [ 57.221379637860082, 26.144921779316689 ], [ 57.2161358591826, 26.137130856204124 ], [ 57.206914543671303, 26.127114176677935 ], [ 57.19803655154567, 26.112060904287375 ], [ 57.193133473830812, 26.108697414653989 ], [ 57.19110167060569, 26.10191011426042 ], [ 57.18378674965885, 26.096530675550298 ], [ 57.183590054437502, 26.096228003319766 ], [ 57.182980656731957, 26.093504547696796 ], [ 57.182981729623179, 26.090847134687579 ], [ 57.18368196515064, 26.08933877916138 ], [ 57.184099555450189, 26.089137554054901 ], [ 57.185847759266721, 26.089785217913516 ], [ 57.185754180311221, 26.085827111831804 ], [ 57.187868953189707, 26.082495331394455 ], [ 57.187423825649091, 26.078275561268185 ], [ 57.190411448129908, 26.077099203965133 ], [ 57.189237236609245, 26.070293665320435 ], [ 57.191362738399732, 26.063697337761994 ], [ 57.190365671738391, 26.056243777328518 ], [ 57.186976432716278, 26.051206707823383 ], [ 57.187994241341244, 26.036223053750973 ], [ 57.188123464926036, 26.035604834595517 ], [ 57.190510749471571, 26.031082272628851 ], [ 57.199044465829502, 26.023414849815538 ], [ 57.202161550215408, 26.021861910398911 ], [ 57.19804072350064, 26.015624999594081 ], [ 57.197596550140759, 26.014586449005492 ], [ 57.199293971039992, 26.011299252458571 ], [ 57.202539801470721, 26.008399009906441 ], [ 57.20932447944125, 26.005079626623512 ], [ 57.213524937525904, 26.004468917706447 ], [ 57.219574927840711, 25.999954104298524 ], [ 57.219249248254243, 25.999277353666969 ], [ 57.226449609062286, 25.999375700827954 ], [ 57.233914852588441, 25.995328903606094 ], [ 57.239117503470084, 25.995890259527926 ], [ 57.24092912657801, 25.988936901117142 ], [ 57.246361255667466, 25.985082745872091 ], [ 57.248396157956392, 25.980937838910165 ], [ 57.254114508877535, 25.974996566738241 ], [ 57.255361557390017, 25.972795725142646 ], [ 57.255672335210136, 25.969405055299092 ], [ 57.252425313177696, 25.968697547853594 ], [ 57.252826571788887, 25.967517613946768 ], [ 57.260123372295823, 25.959412574730607 ], [ 57.26453435447695, 25.948809623565353 ], [ 57.270961761476144, 25.94180560094776 ], [ 57.279249906258201, 25.925351023830729 ], [ 57.285082936028743, 25.900989532640892 ], [ 57.283933401005697, 25.899355053492968 ], [ 57.2847824095806, 25.898663044064278 ], [ 57.284135341972501, 25.894374608901103 ], [ 57.285572528749242, 25.893064022386795 ], [ 57.288625120952645, 25.879460215216795 ], [ 57.289985656712759, 25.877909302872069 ], [ 57.289575814971954, 25.874823331431628 ], [ 57.292425751247492, 25.862390756328409 ], [ 57.292390108416839, 25.856373429390317 ], [ 57.29662692519247, 25.839843749889212 ], [ 57.296634078400075, 25.839843749889212 ], [ 57.297489643032634, 25.837262749576269 ], [ 57.297911643607506, 25.828910350932006 ], [ 57.300631642236567, 25.816766262153351 ], [ 57.301009058921011, 25.80675756950626 ], [ 57.303849100855359, 25.808270811948489 ], [ 57.304687500128068, 25.808314562167368 ], [ 57.30621564343727, 25.807970404210835 ], [ 57.308601141029897, 25.809090972070749 ], [ 57.31115150413865, 25.811638236115755 ], [ 57.311437725970336, 25.811501503191892 ], [ 57.3115952017572, 25.809405564814995 ], [ 57.316623210592752, 25.808277249295656 ], [ 57.326950908057995, 25.800283431934872 ], [ 57.330600142882361, 25.793907522813981 ], [ 57.335751771627031, 25.791815758190751 ], [ 57.336404800840967, 25.789124011763761 ], [ 57.339981555704298, 25.785517215946811 ], [ 57.336579200969425, 25.784480642967367 ], [ 57.336351632921549, 25.784411311532835 ], [ 57.334586859096305, 25.782072544512346 ], [ 57.331902817161335, 25.782100402811409 ], [ 57.330348730209778, 25.782116532152315 ], [ 57.323053955875423, 25.783511638751179 ], [ 57.316248774261567, 25.786242842932893 ], [ 57.3115049601858, 25.786622643720079 ], [ 57.311045050488758, 25.786767005592878 ], [ 57.304687500128068, 25.790178537009922 ], [ 57.301747440991676, 25.792131543436028 ], [ 57.299478650219612, 25.794207453910929 ], [ 57.296634912071568, 25.799133658591529 ], [ 57.296296954041225, 25.799051642219581 ], [ 57.296081423419025, 25.797914623960764 ], [ 57.296690344483864, 25.796469569015471 ], [ 57.302535057347086, 25.788983106884928 ], [ 57.302750945000184, 25.788789152797222 ], [ 57.304687500128068, 25.787667274625051 ], [ 57.315397024553079, 25.783421755109941 ], [ 57.328740238771047, 25.781000375466988 ], [ 57.348278235951909, 25.780365022427873 ], [ 57.374640345475598, 25.779507756278008 ], [ 57.378745436752581, 25.778049946248075 ], [ 57.382757425714658, 25.775049805204389 ], [ 57.385890841788978, 25.771004438803857 ], [ 57.387578844987786, 25.771905779827932 ], [ 57.390050331257839, 25.765669952706219 ], [ 57.390202045088358, 25.76528716077388 ], [ 57.394307136365285, 25.762583613443041 ], [ 57.392992461532913, 25.764634936453206 ], [ 57.390028953473461, 25.769258976120909 ], [ 57.395212173602999, 25.768883228578204 ], [ 57.396332740563594, 25.764394402879418 ], [ 57.399622321213201, 25.764317154712955 ], [ 57.425195932146607, 25.757467150888374 ], [ 57.451837778490756, 25.753098249784443 ], [ 57.495299815933834, 25.749095916843146 ], [ 57.499285220936258, 25.747906923165999 ], [ 57.505814552599588, 25.743005871623723 ], [ 57.50705254044243, 25.742819905314434 ], [ 57.523021459372899, 25.744698643927336 ], [ 57.551989913004149, 25.746064066603424 ], [ 57.567252040349445, 25.745785236299639 ], [ 57.573799252333686, 25.743333101641383 ], [ 57.581634640626191, 25.743273973015505 ], [ 57.600604652982383, 25.740725636079276 ], [ 57.628720641044822, 25.734160542874804 ], [ 57.633253931923491, 25.735412716623614 ], [ 57.644694447790584, 25.733009457420565 ], [ 57.647649646114303, 25.733009338710076 ], [ 57.654582857912601, 25.735062956790102 ], [ 57.655631542062054, 25.738420009975528 ], [ 57.651710152601538, 25.741145253450725 ], [ 57.651351571318003, 25.741928458631492 ], [ 57.651393413175526, 25.742529511527778 ], [ 57.652972817841317, 25.743964552522129 ], [ 57.65625000043724, 25.743024468704334 ], [ 57.657310723810895, 25.743054747978306 ], [ 57.662099957247278, 25.744898676532728 ], [ 57.666120648049514, 25.744616865875685 ], [ 57.667013645163649, 25.74338686491194 ], [ 57.674031973296962, 25.743358850130903 ], [ 57.674983143956979, 25.744471311501854 ], [ 57.679483651849125, 25.744746446491376 ], [ 57.683032274120194, 25.74686265019119 ], [ 57.698141575173622, 25.747239112694956 ], [ 57.701357126330379, 25.748040080385465 ], [ 57.701753258805923, 25.748249650301148 ], [ 57.703820347830856, 25.752319336168455 ], [ 57.703899860490196, 25.754910230822532 ], [ 57.702290654090461, 25.756221651907765 ], [ 57.692550301155507, 25.752832174565242 ], [ 57.687672972829489, 25.749592900192226 ], [ 57.684590459282333, 25.751276851045873 ], [ 57.68773865661376, 25.751917362596259 ], [ 57.688042759665677, 25.754456758472656 ], [ 57.690199613621303, 25.754865646032783 ], [ 57.69070208103625, 25.756542801609044 ], [ 57.69544947171579, 25.755400657214636 ], [ 57.697067856596334, 25.758518457460866 ], [ 57.697100519973048, 25.762137174690906 ], [ 57.697726845617467, 25.762665510205181 ], [ 57.698563575748494, 25.762442469344535 ], [ 57.702674508122129, 25.759476542108757 ], [ 57.704548955170196, 25.759642004774776 ], [ 57.705003142481075, 25.759339452154052 ], [ 57.70610785439402, 25.756534576409649 ], [ 57.707919478401266, 25.755957245830302 ], [ 57.708265900850677, 25.753383040794745 ], [ 57.704971670706072, 25.751806259451371 ], [ 57.705554723671639, 25.749709844433823 ], [ 57.711395740321223, 25.748913407527766 ], [ 57.72507250319353, 25.751769423220367 ], [ 57.736061334562976, 25.746082544074227 ], [ 57.735204935359548, 25.745180726409444 ], [ 57.741531848516047, 25.743336320314995 ], [ 57.742968321231103, 25.74379813657481 ], [ 57.744886279278433, 25.741943359498521 ], [ 57.746008873310927, 25.742331266774613 ], [ 57.747991919791332, 25.74081444772861 ], [ 57.748930454077254, 25.741884946732966 ], [ 57.749698042530667, 25.740581631237319 ], [ 57.751772046442852, 25.740154624136665 ], [ 57.749916553506182, 25.737526536220741 ], [ 57.749902844240921, 25.735507369369657 ], [ 57.750788211506801, 25.737580537811596 ], [ 57.754687666502662, 25.737123370147458 ], [ 57.757211446551082, 25.7343657016159 ], [ 57.759236216178465, 25.734525441895698 ], [ 57.769373416549968, 25.7264802453671 ], [ 57.782277703153511, 25.709139824343481 ], [ 57.783581137359647, 25.704598307366041 ], [ 57.788620352647229, 25.702961445014751 ], [ 57.789906143953431, 25.701276659590235 ], [ 57.790211558216868, 25.700669169346725 ], [ 57.78876507245019, 25.698062062614156 ], [ 57.788658022549782, 25.694489360095929 ], [ 57.784157633368125, 25.691640853742456 ], [ 57.779925226867761, 25.692123651185625 ], [ 57.776603460381466, 25.689371824650038 ], [ 57.776726245719715, 25.676147818267225 ], [ 57.778182744538071, 25.670340419175034 ], [ 57.778018951013848, 25.664062500184286 ], [ 57.777215600119916, 25.655624151533402 ], [ 57.773915768098277, 25.648432731785192 ], [ 57.770252942719196, 25.645485520340515 ], [ 57.768857717409787, 25.645231008604242 ], [ 57.767969369790649, 25.646505117717084 ], [ 57.766289472181427, 25.646016478277886 ], [ 57.764682769494243, 25.646982074063544 ], [ 57.762657881156372, 25.636880755742311 ], [ 57.764067530692046, 25.635644436141888 ], [ 57.770500540467651, 25.636945247924928 ], [ 57.780177116180994, 25.642872809932271 ], [ 57.782263755567897, 25.642777561835089 ], [ 57.786590338173596, 25.645589351567367 ], [ 57.813137650482247, 25.657129049166315 ], [ 57.824146628464177, 25.664062500184286 ], [ 57.82460391483886, 25.664062500184286 ], [ 57.846418141983747, 25.676883220884008 ], [ 57.850839018505951, 25.675053119405959 ], [ 57.84882295161799, 25.676870942440075 ], [ 57.84877514815463, 25.678315639455263 ], [ 57.85063612425779, 25.677321434436692 ], [ 57.852706671176009, 25.677792668396989 ], [ 57.851569413697518, 25.673018932078094 ], [ 57.853694438847356, 25.674804568376203 ], [ 57.852553129023761, 25.680392264891168 ], [ 57.860926032210671, 25.685524702103351 ], [ 57.880488157302693, 25.693050742497803 ], [ 57.88941264168011, 25.693644523476053 ], [ 57.893179178676235, 25.695942043990215 ], [ 57.89365184345786, 25.696096420713275 ], [ 57.905563354065578, 25.699285745840541 ], [ 57.913014173365468, 25.700863242144976 ], [ 57.920846342984419, 25.701699852666138 ], [ 57.933693528033928, 25.702008843533349 ], [ 57.937274455751606, 25.701979279220438 ], [ 57.9496972561235, 25.699314355972774 ], [ 57.950696706887584, 25.700115561084317 ], [ 57.952310443172451, 25.698423147610242 ], [ 57.956294179033193, 25.697109341522946 ], [ 57.95751154452222, 25.694929957751413 ], [ 57.96768295780231, 25.690276146027372 ], [ 57.977720975542638, 25.682585358827282 ], [ 57.982143640816446, 25.673989653999399 ], [ 57.986888647393243, 25.668346643782627 ], [ 57.990350127156717, 25.665978312449226 ], [ 57.994587063542212, 25.666334867560124 ], [ 57.997459650142787, 25.668370366099566 ], [ 57.996052503420344, 25.664062500184286 ], [ 57.996057629555992, 25.664062500184286 ], [ 57.995771646943979, 25.663168668499281 ], [ 57.997357964698381, 25.661576151718066 ], [ 58.003467440669908, 25.657985329659311 ], [ 58.003455638866683, 25.655475855126667 ], [ 58.001300811982958, 25.65307664826878 ], [ 58.006188512190135, 25.650042533536123 ], [ 58.005064963976963, 25.649080753573969 ], [ 58.005370974490916, 25.64436912533489 ], [ 58.006423950205203, 25.643138766440984 ], [ 58.005422830299437, 25.640485644097225 ], [ 58.007812499847034, 25.637276649897501 ], [ 58.007812499847034, 25.634207606395989 ], [ 58.007891774186078, 25.6342725752192 ], [ 58.007812499847034, 25.631138444183875 ], [ 58.007514119181337, 25.62991273388559 ], [ 58.007812499847034, 25.629464149351065 ], [ 58.025926351320095, 25.606068849298026 ], [ 58.03417587291824, 25.597751856063383 ], [ 58.040385246482003, 25.59324324168233 ], [ 58.051951528040661, 25.588031411420559 ], [ 58.076895236725875, 25.572499155611581 ], [ 58.09429776672863, 25.563726544244673 ], [ 58.096719741722779, 25.562711119722451 ], [ 58.113812327576909, 25.558623075094886 ], [ 58.12906253350917, 25.557448148613219 ], [ 58.137656212164529, 25.555285215240531 ], [ 58.13805961565879, 25.555289745125663 ], [ 58.139713048918111, 25.55669367317455 ], [ 58.15444350246571, 25.556949138192238 ], [ 58.162313818627865, 25.559121132234509 ], [ 58.18164885051408, 25.56086397159504 ], [ 58.189243912976281, 25.562749505485328 ], [ 58.196646570882592, 25.563586116006491 ], [ 58.205994844586485, 25.563039541341823 ], [ 58.205527424650995, 25.565468430323847 ], [ 58.20767188055288, 25.567206859409112 ], [ 58.207304716139788, 25.565416336195028 ], [ 58.208571911264755, 25.564391017331616 ], [ 58.212993860678182, 25.566541314330266 ], [ 58.22123670570943, 25.566504359388716 ], [ 58.224710703136509, 25.564095259088958 ], [ 58.236848234958131, 25.562989950026235 ], [ 58.245394944720999, 25.560307860519401 ], [ 58.245651841459392, 25.562054753124414 ], [ 58.241812467471448, 25.56584095919294 ], [ 58.242132425571015, 25.577185750322144 ], [ 58.243348836879363, 25.577185154071628 ], [ 58.245429277239396, 25.564977407681283 ], [ 58.249134659437061, 25.565040707362812 ], [ 58.268565059030323, 25.572909116962251 ], [ 58.282229065918727, 25.575892805808394 ], [ 58.298892259670083, 25.575922250511496 ], [ 58.30412757392844, 25.577037930556116 ], [ 58.310268163744809, 25.581438541755347 ], [ 58.3374879360195, 25.587919950345508 ], [ 58.345297932853384, 25.591146111703722 ], [ 58.352111339666635, 25.589089155340275 ], [ 58.359375000156206, 25.590122819012947 ], [ 58.363822102707957, 25.591835140779153 ], [ 58.370361924063616, 25.592275738434637 ], [ 58.374036908276764, 25.590444207034579 ], [ 58.390905976629597, 25.594278573597364 ], [ 58.404982328072037, 25.594866037737518 ], [ 58.425281166992306, 25.594278454886819 ], [ 58.433085203119674, 25.592604279663817 ], [ 58.437051057760186, 25.588652252999111 ], [ 58.439490913974566, 25.58296287103974 ], [ 58.445233821783518, 25.580387353893343 ], [ 58.448536277127516, 25.580386638932282 ], [ 58.46802556522772, 25.585719347070267 ], [ 58.483835100909232, 25.5877469774411 ], [ 58.492829441925267, 25.587592363297006 ], [ 58.495946407600684, 25.586050749042897 ], [ 58.498671769786426, 25.587860822618893 ], [ 58.516172408629814, 25.587923645659771 ], [ 58.544741511111908, 25.591796755915595 ], [ 58.555074453423344, 25.590769648300693 ], [ 58.566900849494687, 25.587127923714775 ], [ 58.570806980158068, 25.587166071157299 ], [ 58.580201745214424, 25.590973377119724 ], [ 58.591951251049466, 25.590930342761169 ], [ 58.630835175403092, 25.582801342008395 ], [ 58.65205895895383, 25.575922846762012 ], [ 58.670515656272585, 25.572611569968046 ], [ 58.689159274081305, 25.566994547460467 ], [ 58.691027045461851, 25.566750168385624 ], [ 58.703273058005266, 25.56671464426546 ], [ 58.710937499566, 25.568359256074871 ], [ 58.744658708332793, 25.573352217430966 ], [ 58.772932529212881, 25.575334668560174 ], [ 58.784518003203345, 25.57530534256756 ], [ 58.802047253078342, 25.571957111731365 ], [ 58.804846644756879, 25.569820642708521 ], [ 58.806384563696724, 25.565367937380472 ], [ 58.808524966354184, 25.56411254405873 ], [ 58.810619234689966, 25.559810757560456 ], [ 58.830155730003014, 25.553538441346063 ], [ 58.830711007407103, 25.553254246586278 ], [ 58.83613145340388, 25.547854304232828 ], [ 58.837479949040471, 25.544299006294182 ], [ 58.837742924296549, 25.542738079998458 ], [ 58.836122155313262, 25.540918946652141 ], [ 58.833538532577279, 25.540033221456042 ], [ 58.833644628297009, 25.53938245763436 ], [ 58.834384917829766, 25.538974166324749 ], [ 58.861893057718476, 25.535684823995496 ], [ 58.878557443970919, 25.532336473549492 ], [ 58.881847739581588, 25.531597137298093 ], [ 58.895674705423346, 25.526179552044766 ], [ 58.906856656309685, 25.519698500485447 ], [ 58.915113330216059, 25.513911605036583 ], [ 58.932016849797833, 25.499302506005904 ], [ 58.941505551739851, 25.488281249580041 ], [ 58.974179506279256, 25.450314760517813 ], [ 58.988113045380771, 25.435128330907787 ], [ 58.993669032699756, 25.429826855325189 ], [ 59.0, 25.424454752062491 ], [ 59.0, 24.581692285697681 ], [ 58.967869349291107, 24.590451302885356 ], [ 58.904600242906952, 24.607456459348157 ], [ 58.881384653479017, 24.613040034270227 ], [ 58.810270438929649, 24.628787803614273 ], [ 58.719117070096786, 24.644400107179251 ], [ 58.642479776220739, 24.653750381874659 ], [ 58.59622684389376, 24.657896853656894 ], [ 58.534375707572906, 24.662449738964312 ], [ 58.440787128423267, 24.664888927881748 ], [ 58.402704351624607, 24.664101943749756 ], [ 58.348797208424457, 24.675980299950936 ], [ 58.288031739073574, 24.686410036294205 ], [ 58.242326114358718, 24.693521142087093 ], [ 58.16571181524813, 24.70300351100326 ], [ 58.072985633780036, 24.710118230272144 ], [ 58.031315663686996, 24.711388721412391 ], [ 58.029552040094643, 24.711444020725025 ], [ 58.0277882573223, 24.711500851583082 ], [ 58.026024316269229, 24.711559215785257 ], [ 58.024260216935545, 24.711619111532798 ], [ 58.022495958421814, 24.711680539725194 ], [ 58.020731541627413, 24.711743500362275 ], [ 58.018966966552341, 24.711807993444211 ], [ 58.017202232297223, 24.711874018970832 ], [ 58.01543733976149, 24.711941576942252 ], [ 58.013672288945031, 24.71201066735847 ], [ 57.97954530157449, 24.713376011793571 ], [ 57.856523829211426, 24.712700698278638 ], [ 57.847254953953041, 24.713033231598388 ], [ 57.837740570071333, 24.713416912060893 ], [ 57.828218089593236, 24.713843221287675 ], [ 57.824417597793968, 24.714030219119365 ], [ 57.818703759670825, 24.714226726382378 ], [ 57.809192167284721, 24.714595894485001 ], [ 57.799672537657557, 24.715007387381092 ], [ 57.792569427736964, 24.71534571952941 ], [ 57.760643165050055, 24.716396946961595 ], [ 57.728580339411167, 24.716985202505157 ], [ 57.722589251093098, 24.71700851113394 ], [ 57.714533388605048, 24.718675104172746 ], [ 57.710594165588304, 24.719615744670932 ], [ 57.698118109163488, 24.72301527103798 ], [ 57.67708528046137, 24.728417178410098 ], [ 57.673083231705846, 24.729597773318631 ], [ 57.668384544711046, 24.731897380259966 ], [ 57.641189505591285, 24.748654507299705 ], [ 57.618342064434785, 24.762261964817867 ], [ 57.613843668150821, 24.765271501078985 ], [ 57.611779108918824, 24.766606403462788 ], [ 57.586837519935671, 24.783039335696856 ], [ 57.579551411468515, 24.787675706868413 ], [ 57.559882919960842, 24.800978829309599 ], [ 57.532846429519168, 24.818636846813092 ], [ 57.510631331370917, 24.832635347543317 ], [ 57.420225170555227, 24.896179901880998 ], [ 57.385478462161359, 24.919423475513042 ], [ 57.35034842314127, 24.941761723225 ], [ 57.314834941979029, 24.963195187308088 ], [ 57.280900119944647, 24.982602301654936 ], [ 57.279107174856279, 24.984121728734863 ], [ 57.263927017118192, 24.996362798604309 ], [ 57.258507631422106, 25.000802904430543 ], [ 57.254412117025652, 25.004744270531717 ], [ 57.250265718088485, 25.008635674796608 ], [ 57.238636439020524, 25.020103890682037 ], [ 57.214885877980919, 25.042934577468827 ], [ 57.182748776434948, 25.07226530499986 ], [ 57.175193427135014, 25.078804863753533 ], [ 57.161385191473471, 25.090820091374155 ], [ 57.141016859240722, 25.1072759904946 ], [ 57.12739197286129, 25.117143843913311 ], [ 57.087948600047923, 25.157741416533213 ], [ 57.060165737958471, 25.199630861674962 ], [ 57.042012780365553, 25.230058766598859 ], [ 56.980808652297526, 25.330487439044134 ], [ 56.971887111401145, 25.345053605339672 ], [ 56.949981363848906, 25.381787713831955 ], [ 56.918054482428488, 25.437504472853163 ], [ 56.913306285956367, 25.445782868984281 ], [ 56.899128898380013, 25.475963019677693 ], [ 56.882992147969333, 25.521771309198584 ], [ 56.881845417931743, 25.525122197531459 ], [ 56.841161569750682, 25.639921712517094 ], [ 56.838497700508526, 25.649968065174107 ], [ 56.839166666608435, 25.657222222527594 ], [ 56.856437044833797, 25.74582676879038 ], [ 56.858333333716416, 25.755555555544504 ], [ 56.830555555494527, 25.968055555119804 ], [ 56.837499999825184, 26.051388888886152 ], [ 56.799999999900137, 26.193055555569458 ], [ 56.79722222252758, 26.274999999750264 ], [ 56.801388888586416, 26.36666666653349 ], [ 56.791666666883202, 26.42083333339167 ], [ 56.795833333841358, 26.587500000025045 ], [ 56.754166666958156, 26.661111111188859 ], [ 56.733333333066923, 26.693055555469584 ], [ 56.683333333166843, 26.73749999972523 ], [ 56.557596580018185, 26.706065811887754 ], [ 56.550000000399734, 26.70416666675834 ], [ 56.327777778221957, 26.616666666933156 ], [ 56.275000000049999, 26.593055555669423 ], [ 56.241666667083052, 26.590277777397546 ], [ 56.173611111563616, 26.547222221828122 ], [ 56.14305555596917, 26.518055555819274 ], [ 56.132043515795658, 26.503539685008491 ], [ 56.11250000037478, 26.477777777622407 ], [ 55.870833332991992, 26.313888888361532 ], [ 55.795833333141843, 26.276388888436486 ], [ 55.743611111163887, 26.258888889011075 ], [ 55.728069597733793, 26.228878940410823 ], [ 55.671973560431525, 26.275191015752853 ], [ 55.626779812738221, 26.307064533201697 ], [ 55.596960943992428, 26.326244868206174 ], [ 55.552698021596484, 26.351914509646974 ], [ 55.524754666494744, 26.364473929628218 ], [ 55.520152745652751, 26.366723396667453 ], [ 55.49473063361188, 26.379149991279121 ], [ 55.45436005257443, 26.393181137399608 ], [ 55.437834232963553, 26.399257253019869 ], [ 55.383694557457886, 26.411045584386272 ], [ 55.382135901950392, 26.411393307255366 ], [ 55.358748310885915, 26.412927088414449 ], [ 55.282459393686111, 26.408253464625716 ], [ 55.264472928482917, 26.407509842205513 ], [ 55.23055670173045, 26.399884759474105 ], [ 55.224594664212418, 26.397651859745565 ], [ 55.195752559033451, 26.388383803769557 ], [ 55.191004204280659, 26.386892565939206 ], [ 55.187456923798038, 26.387360853720452 ], [ 55.186691878627357, 26.38747472767659 ], [ 55.141249888371703, 26.388405473833586 ], [ 55.096509827966258, 26.383398572985811 ], [ 55.063481172718014, 26.375189672865133 ], [ 55.041637517057836, 26.368232103828575 ], [ 55.009135185540458, 26.355567749152328 ], [ 54.992316046648284, 26.346562660338577 ], [ 54.966459225712754, 26.333088387019473 ], [ 54.924450821847984, 26.304951282875436 ], [ 54.923396177891334, 26.304082670878586 ], [ 54.883136763850644, 26.270924720099799 ], [ 54.842516985170789, 26.231003372008047 ], [ 54.835952204930379, 26.223470259345049 ], [ 54.8341915311143, 26.199729853450037 ], [ 54.830932927612594, 26.133248431669813 ], [ 54.826298726505058, 26.128598478936681 ], [ 54.804281387476124, 26.10536930165199 ], [ 54.800232610846365, 26.074104113514068 ], [ 54.792493019237497, 26.008712020743189 ], [ 54.789819596497239, 25.976192206405244 ], [ 54.788227918783491, 25.960292466024555 ], [ 54.785765294432849, 25.934357751209291 ], [ 54.781765396855633, 25.890925654895113 ], [ 54.779324754633762, 25.864876285512196 ], [ 54.779025379317829, 25.859535712802938 ], [ 54.775126135662674, 25.800425237035086 ], [ 54.751944444380683, 25.791666666783271 ], [ 54.747222222127903, 25.788888888511451 ], [ 54.736111110839147, 25.777222221928071 ], [ 54.723888888961085, 25.764444444755384 ], [ 54.711111110889135, 25.753055555369656 ], [ 54.695833333541543, 25.741666666883248 ], [ 54.691911624821671, 25.739022108783331 ], [ 54.690868571327542, 25.738278019614938 ], [ 54.678333333216813, 25.729722222202838 ], [ 54.658888888911122, 25.720555555794306 ], [ 54.640833333291766, 25.712222221878108 ], [ 54.620000000299854, 25.705277777547451 ], [ 54.595000000349785, 25.698611111313767 ], [ 54.572222222477649, 25.694444444355668 ], [ 54.546944444430608, 25.692777777572417 ], [ 54.524999999950069, 25.692777777572417 ], [ 54.517984465111056, 25.69288570880849 ], [ 54.517696783679696, 25.692903688054798 ], [ 54.506944444330713, 25.693055555669389 ], [ 54.438333333516596, 25.6652777774475 ], [ 54.156157709111028, 25.642471189793639 ], [ 54.087777778022087, 25.636944443930986 ], [ 54.0, 25.628076364545759 ], [ 54.0, 26.495086306326463 ], [ 54.008851051235069, 26.497417450355101 ], [ 54.010741233721035, 26.497738242126218 ], [ 54.025064349240381, 26.498399018999578 ], [ 54.026006341419588, 26.498517155742206 ], [ 54.036523937929474, 26.501601458040909 ], [ 54.039071321584288, 26.501266002823797 ], [ 54.040823459934757, 26.501953125336513 ], [ 54.041023470956475, 26.502144197996415 ], [ 54.045286178314541, 26.506216406462045 ], [ 54.049641966403669, 26.514561772407944 ], [ 54.050579667018098, 26.518343210270984 ], [ 54.049527406264815, 26.51995313163178 ], [ 54.04987144461154, 26.523284912069073 ], [ 54.043331861576178, 26.524674177571285 ], [ 54.041700602001242, 26.526900648945855 ], [ 54.039364576114338, 26.527581214501481 ], [ 54.039087653272645, 26.527844667297586 ], [ 54.036208748934655, 26.531302451746797 ], [ 54.036983847626516, 26.532755255250891 ], [ 54.035394906549755, 26.533267855327324 ], [ 54.033479928855684, 26.536394238703224 ], [ 54.033086776733398, 26.536648273798846 ], [ 54.028580069814439, 26.537497044053396 ], [ 54.028035044681644, 26.537782073384051 ], [ 54.026286125004731, 26.540145516002838 ], [ 54.025098204218807, 26.542968749608178 ], [ 54.024995684203532, 26.542968749608178 ], [ 54.024130105619918, 26.545166015499262 ], [ 54.023936510361693, 26.55552172684628 ], [ 54.026345014410936, 26.555993675767581 ], [ 54.027059555454173, 26.557271123163844 ], [ 54.023606061670478, 26.562044143622359 ], [ 54.022864580536009, 26.562472104903748 ], [ 54.01935470105866, 26.561956524474056 ], [ 54.013426661511289, 26.565432309753362 ], [ 54.009742259597658, 26.565490245878209 ], [ 54.007820964166228, 26.563555717822169 ], [ 54.004776239232115, 26.567281841983458 ], [ 54.004447221362227, 26.564552426553291 ], [ 54.0, 26.564351147473364 ], [ 54.0, 26.753806979522906 ], [ 54.00765991177559, 26.753576517142619 ] ], [ [ 56.084152102337725, 27.105647921314585 ], [ 56.082003831511656, 27.105301856795279 ], [ 56.08402097219016, 27.105110049389339 ], [ 56.083962321104309, 27.102024077948897 ], [ 56.084451913824807, 27.105354070533963 ], [ 56.08658529817302, 27.107826256476585 ], [ 56.084152102337725, 27.105647921314585 ] ], [ [ 54.525406003384376, 26.253623723556075 ], [ 54.528833746879968, 26.256836653189055 ], [ 54.536252379443795, 26.269985556288418 ], [ 54.540076017094577, 26.282048702485667 ], [ 54.539976835362722, 26.289094566960728 ], [ 54.539198160067087, 26.292861103956852 ], [ 54.537529825940794, 26.298007130824487 ], [ 54.535733342020194, 26.299785852235345 ], [ 54.535672545151897, 26.302577257034841 ], [ 54.534701347489261, 26.304843544993673 ], [ 54.533164024799987, 26.308055639156464 ], [ 54.529576063484569, 26.312460422310664 ], [ 54.528672457068296, 26.31330430474992 ], [ 54.524329662384048, 26.314972638876213 ], [ 54.521181344543493, 26.316120147726679 ], [ 54.511879921021603, 26.317174315042678 ], [ 54.504151820949858, 26.314657449881452 ], [ 54.503312349685245, 26.313374042677992 ], [ 54.497742533491191, 26.313038349140527 ], [ 54.495505451915108, 26.310655236549962 ], [ 54.492187500352941, 26.309709667766981 ], [ 54.492187500352941, 26.308872818925522 ], [ 54.490510225166815, 26.308776855867279 ], [ 54.490360855868857, 26.308524608623827 ], [ 54.490228652830126, 26.305122851938108 ], [ 54.486938238508969, 26.300662159730962 ], [ 54.485103607145788, 26.295500874965455 ], [ 54.485389232726959, 26.292287230371414 ], [ 54.487637161925534, 26.290103555035103 ], [ 54.489722728421214, 26.28337395154665 ], [ 54.492187500352941, 26.282086968638737 ], [ 54.492187500352941, 26.281528950101006 ], [ 54.500659227341544, 26.268347144405254 ], [ 54.504272818435879, 26.266252756459608 ], [ 54.507597923205651, 26.253847479377725 ], [ 54.51007735768394, 26.251615047296639 ], [ 54.512808322646038, 26.252717852646811 ], [ 54.516574740032297, 26.250617027353996 ], [ 54.517511964005962, 26.252308725867067 ], [ 54.520308375331297, 26.251709938363035 ], [ 54.523054242059686, 26.253723740758062 ], [ 54.525406003384376, 26.253623723556075 ] ], [ [ 54.505970358944978, 25.917686819691028 ], [ 54.502400875100363, 25.919111013062832 ], [ 54.497570156837298, 25.913607120772042 ], [ 54.494725346697464, 25.91406583796811 ], [ 54.496523380149938, 25.909937858945057 ], [ 54.494698524417402, 25.903492451115767 ], [ 54.495946526211242, 25.900402903970871 ], [ 54.504013776814418, 25.897951126343457 ], [ 54.52204692402637, 25.89923846718159 ], [ 54.538234233423168, 25.894381046248327 ], [ 54.543327808231822, 25.894147276475678 ], [ 54.546615719739748, 25.891942858276366 ], [ 54.549430370215475, 25.89288711584777 ], [ 54.551815748198294, 25.896835327588349 ], [ 54.552159548224608, 25.904903411863017 ], [ 54.554730057945847, 25.910694718486525 ], [ 54.554600000689561, 25.911757350221592 ], [ 54.554115414494845, 25.913705825863246 ], [ 54.548527956300177, 25.922737240531262 ], [ 54.54781830307229, 25.927844166675015 ], [ 54.544665932886574, 25.932387948145333 ], [ 54.543872475434455, 25.932782173158841 ], [ 54.54307925720201, 25.932913541626704 ], [ 54.5369416477389, 25.92852020234551 ], [ 54.532954215664574, 25.927037000856956 ], [ 54.529572248560498, 25.927093148230256 ], [ 54.526002406785722, 25.925046801169003 ], [ 54.521284342098738, 25.923601031262649 ], [ 54.519996165790474, 25.924051165329047 ], [ 54.513104558428665, 25.919013619183204 ], [ 54.505970358944978, 25.917686819691028 ] ], [ [ 55.316491785867299, 26.544482823923261 ], [ 55.317188024807535, 26.544266938968121 ], [ 55.318477631037922, 26.544485211623282 ], [ 55.319010071957337, 26.544789345252127 ], [ 55.321787357400694, 26.546375751140033 ], [ 55.323336601503001, 26.547979236052925 ], [ 55.323162555707427, 26.548654555863095 ], [ 55.320737004109503, 26.549286127253026 ], [ 55.320302248450048, 26.549680948516993 ], [ 55.318066835116383, 26.552930354652176 ], [ 55.330185055795766, 26.570735454477699 ], [ 55.333734154707543, 26.571957349851857 ], [ 55.347266554807732, 26.57146894963239 ], [ 55.350237011928584, 26.568602919988791 ], [ 55.353280067721016, 26.568377852056301 ], [ 55.354279040945016, 26.565875053191178 ], [ 55.357786536319622, 26.564007878061147 ], [ 55.359549760612992, 26.560466170677273 ], [ 55.36368882647821, 26.564453243922117 ], [ 55.366775751200009, 26.565539837193796 ], [ 55.374516725966203, 26.565434933075778 ], [ 55.413498044199457, 26.575084328578953 ], [ 55.425475239490765, 26.579619645630203 ], [ 55.42644393434017, 26.581165671058898 ], [ 55.432901620613336, 26.583333850177098 ], [ 55.434101939453001, 26.585424661518971 ], [ 55.443476319576519, 26.588912725242153 ], [ 55.444864154257345, 26.590372443633441 ], [ 55.458307147357004, 26.59427332855131 ], [ 55.471258163633422, 26.593382358509075 ], [ 55.472782849948601, 26.591478824688068 ], [ 55.478200316491495, 26.592413544949181 ], [ 55.488615155565014, 26.588774561496848 ], [ 55.490593432940614, 26.589030861984725 ], [ 55.492293357552455, 26.591779827776861 ], [ 55.501521468341139, 26.595279574592723 ], [ 55.502269744752994, 26.595489144508463 ], [ 55.512726545293901, 26.596905231391361 ], [ 55.51328134515802, 26.597104549035748 ], [ 55.515796542076828, 26.599070430156303 ], [ 55.515991926086599, 26.599314212980573 ], [ 55.515988349482825, 26.600689529997851 ], [ 55.517636656606498, 26.601418137337191 ], [ 55.518843531503819, 26.600561856844251 ], [ 55.519985675898283, 26.601111769792396 ], [ 55.521233558981635, 26.601969241887048 ], [ 55.521453618589703, 26.602499008222708 ], [ 55.520208835469418, 26.602909922854735 ], [ 55.522946238678003, 26.605160712796703 ], [ 55.525259137599164, 26.610080957670107 ], [ 55.52833545211945, 26.613330245094801 ], [ 55.535490870207525, 26.617159723842235 ], [ 55.541972041376653, 26.618677854099758 ], [ 55.544535279179854, 26.621930837738034 ], [ 55.546875000381021, 26.621930837738034 ], [ 55.546875000381021, 26.622488856275766 ], [ 55.556516647325452, 26.625034451179033 ], [ 55.573010563486775, 26.627273201896799 ], [ 55.580148339574293, 26.630128622238203 ], [ 55.581167101480617, 26.632495046109568 ], [ 55.590647339902887, 26.636536120945266 ], [ 55.593038558982357, 26.636208057256113 ], [ 55.59700775190629, 26.638920426036861 ], [ 55.601613044306589, 26.639721751657589 ], [ 55.604612112459051, 26.638459206027562 ], [ 55.616184353824906, 26.639030932931234 ], [ 55.624031662631182, 26.644127846023309 ], [ 55.628730535785678, 26.645129561280271 ], [ 55.630554556947288, 26.64620661724166 ], [ 55.638728379910845, 26.652593255274553 ], [ 55.639361977473357, 26.652929902093376 ], [ 55.646776914722864, 26.654849529282387 ], [ 55.656188726428638, 26.663116216240439 ], [ 55.662403464448403, 26.666222929644562 ], [ 55.66500234598152, 26.669899344679038 ], [ 55.665435313788748, 26.670281767889321 ], [ 55.671234726901162, 26.673598051209126 ], [ 55.673433542324176, 26.676311969521805 ], [ 55.683473825456758, 26.683444738184164 ], [ 55.686338305568427, 26.684762358296268 ], [ 55.69048345085065, 26.686151742508969 ], [ 55.6989041566016, 26.687126874705541 ], [ 55.707925438608186, 26.686633467960235 ], [ 55.71432030184053, 26.685512543069478 ], [ 55.714909553832911, 26.685222744634018 ], [ 55.715228914782642, 26.682307124574209 ], [ 55.715560436365081, 26.681927442497511 ], [ 55.71777451058523, 26.680978774650782 ], [ 55.720214128479313, 26.68096435042446 ], [ 55.720823526184859, 26.681586265793555 ], [ 55.720526456730624, 26.681940675122121 ], [ 55.716110110093553, 26.68313467532505 ], [ 55.716203212408402, 26.685181856057852 ], [ 55.717074871308341, 26.685533642963321 ], [ 55.717563151918, 26.685506224432743 ], [ 55.720358729571785, 26.684048533113355 ], [ 55.724512100053403, 26.684097409467938 ], [ 55.743445158367422, 26.678930044386107 ], [ 55.747067212981563, 26.67892742196301 ], [ 55.748227476916554, 26.680274248457863 ], [ 55.757564663778282, 26.680274128847998 ], [ 55.763818740842282, 26.681970358145577 ], [ 55.793875455987575, 26.696048140409403 ], [ 55.797464847225001, 26.698194742093733 ], [ 55.801478028688109, 26.700747012664579 ], [ 55.802315712100494, 26.701634526612168 ], [ 55.807848334133382, 26.709233641419473 ], [ 55.816313505064272, 26.713264942423223 ], [ 55.820599556124648, 26.716642141321813 ], [ 55.821074962939235, 26.718750000212367 ], [ 55.821494341091011, 26.718878150006674 ], [ 55.825233459556557, 26.721228718830389 ], [ 55.827356457634494, 26.72233033167953 ], [ 55.831411361345317, 26.722606420849672 ], [ 55.83229005294362, 26.724226116941793 ], [ 55.835260510064529, 26.725424408709557 ], [ 55.836776733759336, 26.728223323747443 ], [ 55.837106346980363, 26.728407978845212 ], [ 55.843984842226746, 26.72883391395402 ], [ 55.844476938659852, 26.728998542049112 ], [ 55.845333218253472, 26.729491710474122 ], [ 55.844860315151493, 26.73042917276814 ], [ 55.851422428902026, 26.733186245049239 ], [ 55.851998806200015, 26.733325243365357 ], [ 55.867361664809039, 26.734178900535881 ], [ 55.870990753020862, 26.735803961983322 ], [ 55.874080776806466, 26.735384822151843 ], [ 55.87415921657464, 26.733920455164935 ], [ 55.874841332561516, 26.733469248207314 ], [ 55.881098032048612, 26.732776641628732 ], [ 55.8970816135257, 26.723482847055777 ], [ 55.898437499790816, 26.722098231048562 ], [ 55.902892112580957, 26.719428539595469 ], [ 55.902812361601264, 26.718750000212367 ], [ 55.903116702973534, 26.718750000212367 ], [ 55.913030743773845, 26.70694243864267 ], [ 55.913508653401664, 26.696169852856485 ], [ 55.915637850506471, 26.690492868051479 ], [ 55.916939258540026, 26.688975930294987 ], [ 55.91729140247628, 26.68881690497625 ], [ 55.92037832719808, 26.688776135110572 ], [ 55.925207734249568, 26.684599637663212 ], [ 55.929449320130061, 26.685445427564503 ], [ 55.935005426159535, 26.688279509691654 ], [ 55.938118458200336, 26.687256217000879 ], [ 55.942903280462076, 26.688551306397699 ], [ 55.960067749127347, 26.698021769189324 ], [ 55.960482359073694, 26.698295354646973 ], [ 55.978014468792765, 26.712894559336519 ], [ 55.978557109822816, 26.714920758885967 ], [ 55.976193547594221, 26.716667532780491 ], [ 55.978337837121558, 26.718750000212367 ], [ 55.978437543158122, 26.718750000212367 ], [ 55.976600408981767, 26.720247745537051 ], [ 55.980955958750542, 26.72680866678661 ], [ 55.981516123070662, 26.72717177885454 ], [ 55.990490555794565, 26.731510042754337 ], [ 55.997655868223774, 26.732550143774176 ], [ 56.001412152948546, 26.736301541582918 ], [ 56.004579663220909, 26.737016558367543 ], [ 56.002904057176579, 26.738203644582597 ], [ 56.003621220642856, 26.739367008480713 ], [ 56.006205677949708, 26.739937425072185 ], [ 56.006351948183919, 26.738233327606054 ], [ 56.01389896886235, 26.744832872938787 ], [ 56.01861882230088, 26.746923565570171 ], [ 56.024858235918884, 26.746953129883082 ], [ 56.026283145151069, 26.751153469257247 ], [ 56.031461954105964, 26.755542755293959 ], [ 56.042934655809745, 26.760148644844151 ], [ 56.044284343947368, 26.761680006826907 ], [ 56.050819515808087, 26.762667059537193 ], [ 56.054298758081302, 26.769987225330226 ], [ 56.056998729707686, 26.772257804853837 ], [ 56.058349251516802, 26.773046731521504 ], [ 56.06177806880288, 26.773160218769135 ], [ 56.064797878019704, 26.775333762343337 ], [ 56.068893551596204, 26.774891376835626 ], [ 56.069616675768998, 26.775226474122519 ], [ 56.070580005263082, 26.775856852112099 ], [ 56.086235166020174, 26.788422822755138 ], [ 56.087657808960785, 26.790078043866686 ], [ 56.087939739227636, 26.791640162663441 ], [ 56.087712764732373, 26.792179345800207 ], [ 56.087386727215744, 26.792508840310802 ], [ 56.085809827161825, 26.791595459163148 ], [ 56.085110544915779, 26.791790961883407 ], [ 56.084386110430728, 26.792338014088102 ], [ 56.083804130356384, 26.795078277140817 ], [ 56.089419365011736, 26.805372953299184 ], [ 56.094876647239516, 26.807011842722432 ], [ 56.101958632085257, 26.812767267295612 ], [ 56.108262300464844, 26.813740253709796 ], [ 56.107581734909218, 26.815994143614887 ], [ 56.107949733893179, 26.817018270876531 ], [ 56.108978271430146, 26.818817257610419 ], [ 56.11460506956837, 26.825336933252913 ], [ 56.118963480080595, 26.828950524347249 ], [ 56.12456154847672, 26.832409501297491 ], [ 56.129564047143106, 26.830691457145065 ], [ 56.130394339926909, 26.83101105731447 ], [ 56.132587432963703, 26.832898259447177 ], [ 56.133139252474564, 26.833590745516517 ], [ 56.133853673907993, 26.836678862739348 ], [ 56.141883969569619, 26.842018604475072 ], [ 56.141716957371727, 26.844311713814591 ], [ 56.14590322955047, 26.850587248702595 ], [ 56.146360039284446, 26.856026173069495 ], [ 56.155065059405047, 26.86921524978402 ], [ 56.155897736291536, 26.872530341502113 ], [ 56.154745102204743, 26.873463749652387 ], [ 56.156085371742563, 26.876757740577318 ], [ 56.154724240631253, 26.877558946588181 ], [ 56.159622073499975, 26.88380265267034 ], [ 56.157552361152625, 26.885558962975836 ], [ 56.161528229744079, 26.892420053642638 ], [ 56.161679447148799, 26.894531249917293 ], [ 56.161796450745669, 26.894531249917293 ], [ 56.161831021584419, 26.895811558057005 ], [ 56.162645578031061, 26.896736264367178 ], [ 56.166940808471566, 26.898565769594654 ], [ 56.165516853420115, 26.904383659278494 ], [ 56.166935324405756, 26.906994819255544 ], [ 56.186817049667184, 26.917262076883389 ], [ 56.187334179628749, 26.917467474844159 ], [ 56.201427816940281, 26.92178821545383 ], [ 56.205609560133155, 26.922439337205674 ], [ 56.217054247955218, 26.923475980332285 ], [ 56.219343304949632, 26.922766924254177 ], [ 56.222202420605299, 26.923744439654229 ], [ 56.230138540161533, 26.923828125167915 ], [ 56.231389641918497, 26.924944043532832 ], [ 56.242954850585932, 26.92469465703283 ], [ 56.249218106130741, 26.926339149232376 ], [ 56.250000000099988, 26.926339149232376 ], [ 56.25276875457439, 26.926985025238764 ], [ 56.265255450878385, 26.928172469383981 ], [ 56.26564943757154, 26.928359746904846 ], [ 56.268049121070135, 26.931226730729065 ], [ 56.275436043538605, 26.933704853096572 ], [ 56.279505967726266, 26.939613342281973 ], [ 56.284443855499603, 26.941594719620639 ], [ 56.28599262206194, 26.942756652697426 ], [ 56.286655068076982, 26.943756938032323 ], [ 56.287463069365231, 26.946545004548398 ], [ 56.286915660129694, 26.947368741274431 ], [ 56.285997151947072, 26.946722269017528 ], [ 56.285063862507286, 26.944894552541598 ], [ 56.285152316226458, 26.942937135840225 ], [ 56.282110571645603, 26.942613840356501 ], [ 56.28235852732422, 26.946940541672689 ], [ 56.285241841937534, 26.947798371697559 ], [ 56.280968070220297, 26.949402332351781 ], [ 56.2811118367419, 26.954416036570876 ], [ 56.279637455803993, 26.958219528508494 ], [ 56.277528047381509, 26.962666273130026 ], [ 56.273607015851155, 26.964893102434758 ], [ 56.273669242641517, 26.967481255955249 ], [ 56.271705508202672, 26.967180728607786 ], [ 56.271816253417398, 26.96493446855095 ], [ 56.271229266817272, 26.964582919965835 ], [ 56.27083146609931, 26.964729428520343 ], [ 56.257969140963155, 26.972479343446992 ], [ 56.250000000099988, 26.97488844374675 ], [ 56.250000000099988, 26.975167274050534 ], [ 56.245658159596417, 26.97646212602632 ], [ 56.247281432292311, 26.97870934026389 ], [ 56.245340943529754, 26.980332016709269 ], [ 56.245728254555331, 26.978207945740166 ], [ 56.243449806863168, 26.977055907004569 ], [ 56.239073515130656, 26.977823257137629 ], [ 56.238287449206496, 26.978229761494333 ], [ 56.238250851295788, 26.978745579345059 ], [ 56.240715741938004, 26.982033133822142 ], [ 56.240061164091514, 26.982596158885656 ], [ 56.23738455775117, 26.978902220561054 ], [ 56.235283612848491, 26.979632854073031 ], [ 56.236737608853616, 26.984714746688269 ], [ 56.233714819283534, 26.980650067346801 ], [ 56.232310533304542, 26.980768919050433 ], [ 56.224329828958503, 26.98600923983463 ], [ 56.219068050350302, 26.990652918897126 ], [ 56.217297912069057, 26.99383234968326 ], [ 56.210360169486307, 26.996189355854142 ], [ 56.209227442792326, 26.996320962642358 ], [ 56.208836078522268, 26.996191859566693 ], [ 56.205998659010959, 26.993637800244358 ], [ 56.204955935568023, 26.993369460532222 ], [ 56.190096974295955, 26.991020202920083 ], [ 56.185083031756562, 26.999133229015342 ], [ 56.184348106679806, 26.997367262689068 ], [ 56.186715840863428, 26.992990374706096 ], [ 56.181929945710465, 26.992965340278261 ], [ 56.17500197875836, 26.991143941539747 ], [ 56.173923969515613, 26.991148233104525 ], [ 56.170154333455798, 26.991379857094785 ], [ 56.166942954254012, 26.992244959037691 ], [ 56.165370464475416, 26.993075966782499 ], [ 56.157622337400994, 26.999562263187954 ], [ 56.156223773808165, 26.999688028879461 ], [ 56.151621342151259, 26.998590469274802 ], [ 56.149055957666349, 26.992141008201031 ], [ 56.143733143869554, 26.98918521362674 ], [ 56.122764706625958, 26.983009457620426 ], [ 56.094961046814888, 26.983176350208453 ], [ 56.092664957122111, 26.981801748152179 ], [ 56.091482162471891, 26.978647350894562 ], [ 56.087324738745735, 26.974235057501971 ], [ 56.078034043236585, 26.971213937073571 ], [ 56.072433829058014, 26.967689752979766 ], [ 56.067441224732818, 26.968618512534363 ], [ 56.065937757921233, 26.971139550549879 ], [ 56.065844774316929, 26.965666174954038 ], [ 56.063286661750112, 26.965200066230125 ], [ 56.05777001347542, 26.965865254278128 ], [ 56.052897215034477, 26.969072580235434 ], [ 56.044083118840888, 26.959425330514648 ], [ 56.038828372931107, 26.958712458613149 ], [ 56.033475160250475, 26.960898161021362 ], [ 56.028805852308267, 26.959872842158006 ], [ 56.027104616484905, 26.955065369571173 ], [ 56.024631261423622, 26.953348636630324 ], [ 56.010606646179838, 26.951760053483724 ], [ 56.005292057582437, 26.953497051747604 ], [ 55.997751116321012, 26.953867554444116 ], [ 55.994059443388664, 26.950645208009973 ], [ 55.987438321521381, 26.949555158643705 ], [ 55.985535144731216, 26.950397849481192 ], [ 55.986430644658583, 26.953829407900912 ], [ 55.983865857323508, 26.951739906871239 ], [ 55.982228159502029, 26.944614768057136 ], [ 55.981491565283591, 26.943423748207465 ], [ 55.979538441046259, 26.941429853205193 ], [ 55.975608825486972, 26.938388944094527 ], [ 55.973246812790251, 26.93754410747465 ], [ 55.968510627663363, 26.937506317962232 ], [ 55.967824459331382, 26.937640548072864 ], [ 55.966684341109499, 26.939884543636822 ], [ 55.966274261048341, 26.939844966272233 ], [ 55.962173342625704, 26.937975167819786 ], [ 55.960259437822856, 26.936355352117857 ], [ 55.955531954536127, 26.930112958146537 ], [ 55.955425620496044, 26.929836154015334 ], [ 55.956926941525182, 26.928413152245241 ], [ 55.957208753081545, 26.925585270044223 ], [ 55.95681011689345, 26.925331354558409 ], [ 55.95263671850978, 26.923682212863866 ], [ 55.947551131479599, 26.923493862451835 ], [ 55.947077870447401, 26.923338652057225 ], [ 55.944957375182753, 26.921550273726211 ], [ 55.942920923361953, 26.92240250097467 ], [ 55.942318558354827, 26.924388169878171 ], [ 55.940421104850145, 26.91753447073927 ], [ 55.935756564214103, 26.913722633992393 ], [ 55.919274448956685, 26.907295941954203 ], [ 55.90092623235978, 26.905505776670282 ], [ 55.899520754779076, 26.904738426537222 ], [ 55.898702978759502, 26.90167665495369 ], [ 55.898437499790816, 26.901506542792788 ], [ 55.897636056358976, 26.90115881003112 ], [ 55.894976616277859, 26.90026021014063 ], [ 55.890809773951958, 26.899364352283101 ], [ 55.889832853903158, 26.899341106606812 ], [ 55.881075263013031, 26.900036454318979 ], [ 55.876840949050631, 26.897753954281598 ], [ 55.876347541405949, 26.897692441552977 ], [ 55.871766209642942, 26.897678851897524 ], [ 55.865835547672418, 26.898188829550918 ], [ 55.86381065843517, 26.898645520574348 ], [ 55.854516625541862, 26.901731014474763 ], [ 55.852354645450589, 26.902660965631128 ], [ 55.849371075314934, 26.904492258710832 ], [ 55.84300661096637, 26.910629153212881 ], [ 55.841312050810529, 26.911806463797291 ], [ 55.83882355656192, 26.912122368652433 ], [ 55.837222337940602, 26.914334655020355 ], [ 55.833756565712974, 26.91590642893857 ], [ 55.832975149283754, 26.917407750867085 ], [ 55.828639746127408, 26.917641758960031 ], [ 55.816550373900668, 26.92581665481481 ], [ 55.813652635061089, 26.926353573458698 ], [ 55.809975862096394, 26.929254412261344 ], [ 55.805107951470859, 26.930915117438758 ], [ 55.795666813772471, 26.940199136381068 ], [ 55.792981028951374, 26.941307902437813 ], [ 55.792414069353867, 26.943946480945385 ], [ 55.787188768147189, 26.94609951997694 ], [ 55.783020615509031, 26.947406172856631 ], [ 55.78218674702083, 26.947477460316577 ], [ 55.772847652697067, 26.947023153395889 ], [ 55.765112400317093, 26.950401544795511 ], [ 55.750563144873297, 26.952339768165814 ], [ 55.747555136560379, 26.949059009865437 ], [ 55.741861820067015, 26.946266650885264 ], [ 55.734292626603462, 26.945486426057755 ], [ 55.728385210309284, 26.938739776819318 ], [ 55.729140758639176, 26.937556267208038 ], [ 55.731068253097476, 26.938220619785852 ], [ 55.731854558241309, 26.936317801825169 ], [ 55.730842947743895, 26.935008525623005 ], [ 55.730624318057892, 26.927881121416647 ], [ 55.733403921054162, 26.920546412686861 ], [ 55.737586855848747, 26.918989538736298 ], [ 55.739663004644001, 26.915091156631604 ], [ 55.74275743960419, 26.912544012196463 ], [ 55.745181202450567, 26.907300949379362 ], [ 55.748288035464498, 26.905484318846277 ], [ 55.750301837859581, 26.902166724314952 ], [ 55.753606915626733, 26.899681925380605 ], [ 55.754419327190249, 26.896772503448346 ], [ 55.75822105106073, 26.894532630376659 ], [ 55.758223717550607, 26.894531249917293 ], [ 55.758124947708211, 26.894531249917293 ], [ 55.762603640745454, 26.892263650746941 ], [ 55.765042066138506, 26.888804435476345 ], [ 55.767625451453455, 26.887460947264969 ], [ 55.766919970180538, 26.883096218116009 ], [ 55.769393801882529, 26.884231448522598 ], [ 55.771614670480687, 26.881815314625101 ], [ 55.772915959803754, 26.87906646754351 ], [ 55.772971510926538, 26.87848258000713 ], [ 55.770455717757216, 26.869657158651023 ], [ 55.771133542179257, 26.864815354445113 ], [ 55.76940047755005, 26.857246875942622 ], [ 55.770549059291682, 26.852697133765787 ], [ 55.773288607383392, 26.850079059800805 ], [ 55.777340769960631, 26.849613547327408 ], [ 55.780406713499076, 26.846144557325488 ], [ 55.780910134195381, 26.842580914577582 ], [ 55.779146671581657, 26.842671752399497 ], [ 55.77822911757977, 26.839166044877118 ], [ 55.779083132680455, 26.836111426501191 ], [ 55.785273432522956, 26.83508050486148 ], [ 55.785195350684944, 26.834362864754439 ], [ 55.778511404877463, 26.834343433103015 ], [ 55.773989915802019, 26.833029866235393 ], [ 55.770492434378411, 26.830564975593177 ], [ 55.76432454564133, 26.830591439943078 ], [ 55.763838649134414, 26.829689502668487 ], [ 55.764788150652691, 26.823710441883463 ], [ 55.770510911849158, 26.821558832773974 ], [ 55.766235947630946, 26.821688651709962 ], [ 55.767773151609731, 26.809237480425452 ], [ 55.765691757068964, 26.806219101130637 ], [ 55.766597509267683, 26.802002430068171 ], [ 55.771911621224376, 26.798904776434313 ], [ 55.775144219030551, 26.794300317705563 ], [ 55.774832963670406, 26.793117523055287 ], [ 55.768593668762833, 26.798046946409499 ], [ 55.766324520060607, 26.798491120668757 ], [ 55.762965202382247, 26.796568513126431 ], [ 55.761820077634525, 26.79837882502278 ], [ 55.759819269543698, 26.798229455724879 ], [ 55.757150053831992, 26.793045043993629 ], [ 55.745351552931879, 26.785986900175374 ], [ 55.744725346897269, 26.783671975081631 ], [ 55.748084902895982, 26.781425357094633 ], [ 55.739109754311755, 26.78057765973125 ], [ 55.736752033179869, 26.775767326401024 ], [ 55.733588934082093, 26.773913740926446 ], [ 55.729999303624993, 26.774012446017593 ], [ 55.728353143183085, 26.77525627585652 ], [ 55.734527349657526, 26.776137232847077 ], [ 55.735784649541984, 26.777722120679357 ], [ 55.737093448204121, 26.781574964712888 ], [ 55.734881162735519, 26.783938408230995 ], [ 55.733025312768007, 26.784887671428919 ], [ 55.730700254113515, 26.782952070481713 ], [ 55.721048116577379, 26.781566858223982 ], [ 55.719617724178704, 26.783183455252299 ], [ 55.716325044465293, 26.784115553090373 ], [ 55.709113359394053, 26.789527058926694 ], [ 55.700384974886731, 26.805809378999697 ], [ 55.697550654439226, 26.807047844382566 ], [ 55.682316541874968, 26.784828305382064 ], [ 55.683902979239178, 26.783275365965437 ], [ 55.68743944177686, 26.784200310595907 ], [ 55.687057256886931, 26.783124804166448 ], [ 55.68309414427938, 26.782443047009053 ], [ 55.680371761547633, 26.783575415772873 ], [ 55.677757024966809, 26.780598401694931 ], [ 55.67136454583715, 26.776840448727796 ], [ 55.659553766493161, 26.772966742221399 ], [ 55.651069521841009, 26.771234750483416 ], [ 55.645684838284694, 26.771254539165682 ], [ 55.639994144214427, 26.768686413547186 ], [ 55.634715557277218, 26.764898657946731 ], [ 55.634239435501627, 26.762821554970856 ], [ 55.636338472042894, 26.762393235759248 ], [ 55.64285302154974, 26.766603231154249 ], [ 55.646834134987387, 26.767373442930079 ], [ 55.644810556961716, 26.765109300753693 ], [ 55.633020877511569, 26.758904218754765 ], [ 55.622597217887346, 26.746428251362772 ], [ 55.620246529453823, 26.744331955955033 ], [ 55.617537021416467, 26.743672609003738 ], [ 55.617699980369878, 26.742302656442519 ], [ 55.612568974878343, 26.738032222109439 ], [ 55.612257003657874, 26.737808823318574 ], [ 55.603306054930556, 26.733083010072903 ], [ 55.598070740672199, 26.731668829752721 ], [ 55.594358206166362, 26.732492566478811 ], [ 55.593168258308538, 26.730841755642587 ], [ 55.593458652095194, 26.728898764066741 ], [ 55.58862161609477, 26.725490331713502 ], [ 55.588145255998825, 26.725285053362597 ], [ 55.578137278312795, 26.724903941363834 ], [ 55.57236373419903, 26.723188400024696 ], [ 55.570037722263123, 26.720740913962061 ], [ 55.5677813295448, 26.720064043720697 ], [ 55.567812442490265, 26.718750000212367 ], [ 55.568087339159433, 26.718750000212367 ], [ 55.568017959161523, 26.717723250527627 ], [ 55.565258979418445, 26.714986323959749 ], [ 55.557504534606664, 26.714056253193576 ], [ 55.553573370414767, 26.711244941001269 ], [ 55.547318220459545, 26.709013820131759 ], [ 55.546875000381021, 26.708984255818791 ], [ 55.536739349541392, 26.708209872087991 ], [ 55.535344957903533, 26.708603143820085 ], [ 55.534556746196927, 26.71042811826311 ], [ 55.532399654820267, 26.711040139291072 ], [ 55.531767845110039, 26.710928916536318 ], [ 55.527611374665241, 26.708804249316699 ], [ 55.527574777653911, 26.705841660364399 ], [ 55.524564146917896, 26.702595353292963 ], [ 55.521965503705076, 26.701596975420102 ], [ 55.518289446600761, 26.701029657892434 ], [ 55.510115265706986, 26.702537536777925 ], [ 55.497830272049498, 26.701428413690394 ], [ 55.490226268527522, 26.698708653381686 ], [ 55.477805853157633, 26.690044403126763 ], [ 55.472486972995455, 26.690392255498239 ], [ 55.472172021421727, 26.690257906677118 ], [ 55.467737555244014, 26.685569763333945 ], [ 55.462372065018826, 26.684029221971059 ], [ 55.459632873958014, 26.682037830681395 ], [ 55.458592057077851, 26.681671023299145 ], [ 55.453156232674075, 26.681159734434232 ], [ 55.452284574673456, 26.680835366059341 ], [ 55.448195218834314, 26.677855849168168 ], [ 55.433766126305727, 26.676588177402493 ], [ 55.432973146393635, 26.676361680447258 ], [ 55.427760959101022, 26.672501206565471 ], [ 55.420760035547232, 26.675192117522272 ], [ 55.416872024424435, 26.673037052318136 ], [ 55.413141250768149, 26.674592256227697 ], [ 55.410428762377535, 26.674168229480244 ], [ 55.406149029953838, 26.672680855137401 ], [ 55.396121859836001, 26.664256930712838 ], [ 55.376095771802454, 26.658260107418073 ], [ 55.365224957565772, 26.650419950920025 ], [ 55.355233073247803, 26.648649453809298 ], [ 55.339255214156879, 26.643701314663986 ], [ 55.33490204849079, 26.643687248367883 ], [ 55.333002448304399, 26.645288706208873 ], [ 55.332150339766429, 26.645487069672583 ], [ 55.329595446772487, 26.644913315697011 ], [ 55.32925677288182, 26.645020723527637 ], [ 55.325752973720796, 26.647276639605309 ], [ 55.316821455745639, 26.646003246352791 ], [ 55.310336828481923, 26.646608472103367 ], [ 55.301423549657159, 26.651937365317224 ], [ 55.298597455308368, 26.65026044806126 ], [ 55.291277766156043, 26.650203347406602 ], [ 55.286779642366639, 26.654399156895636 ], [ 55.285320520225866, 26.657822250896231 ], [ 55.282001972413127, 26.658282637233981 ], [ 55.281057477420688, 26.659975051607375 ], [ 55.277785063030308, 26.658423543012134 ], [ 55.273152232489565, 26.660082221117648 ], [ 55.270015358522016, 26.65914022893844 ], [ 55.269197345081466, 26.661091566222865 ], [ 55.268983245280594, 26.659456253403448 ], [ 55.261830330005807, 26.656963705910357 ], [ 55.259271860408091, 26.653363942791771 ], [ 55.260953068329513, 26.651657342512408 ], [ 55.260796904653489, 26.649731517195789 ], [ 55.265627622916497, 26.646726250915776 ], [ 55.267637252457291, 26.643881321166077 ], [ 55.266544342347572, 26.642831564125458 ], [ 55.263970613053402, 26.626214623406213 ], [ 55.265239000679401, 26.618956923623159 ], [ 55.26729834114559, 26.614624499920808 ], [ 55.268423319280828, 26.614082813071434 ], [ 55.270706057638506, 26.615263461939264 ], [ 55.275779604545164, 26.607546806639846 ], [ 55.27462780502924, 26.599831342942196 ], [ 55.276026606942423, 26.593662261704083 ], [ 55.275395631803008, 26.588507652606154 ], [ 55.271596551040034, 26.58486115891543 ], [ 55.272568464563051, 26.582507133097749 ], [ 55.271216630643039, 26.581113576930079 ], [ 55.268955468819911, 26.582298159432582 ], [ 55.267140865358726, 26.57404816119373 ], [ 55.268878817803227, 26.566276073482072 ], [ 55.27144241353659, 26.561762213355507 ], [ 55.271818757329868, 26.556369900850314 ], [ 55.27812981633798, 26.543685555144293 ], [ 55.278601765259339, 26.542968749608178 ], [ 55.278683722276014, 26.542968749608178 ], [ 55.280770778948352, 26.540547132544191 ], [ 55.281405918848122, 26.540226200478799 ], [ 55.283270359139806, 26.539284110273513 ], [ 55.28608632082711, 26.53789234195807 ], [ 55.287690639411551, 26.537417053854028 ], [ 55.29199564458338, 26.537360429840021 ], [ 55.294522047054897, 26.535496115453441 ], [ 55.295700073499631, 26.536358952903413 ], [ 55.295697451076535, 26.539007425752175 ], [ 55.291510718444954, 26.541429106667977 ], [ 55.291618109188448, 26.542968749608178 ], [ 55.291703462944497, 26.542968749608178 ], [ 55.291670322027812, 26.543651223525217 ], [ 55.295202017259328, 26.547029256994676 ], [ 55.2975107433262, 26.548047542260292 ], [ 55.3028440477147, 26.549035549151313 ], [ 55.304144263247224, 26.54913663834526 ], [ 55.308045267774958, 26.548259257958421 ], [ 55.310197472235586, 26.546434521835749 ], [ 55.316491785867299, 26.544482823923261 ] ], [ [ 55.273473620511254, 26.59080874882477 ], [ 55.273456454252027, 26.590237140631586 ], [ 55.27392256297594, 26.59018254279016 ], [ 55.274188756905687, 26.590672135510715 ], [ 55.274363637272074, 26.591510533884104 ], [ 55.27447605162854, 26.592225313247638 ], [ 55.274421572497602, 26.592771649592009 ], [ 55.274188756905687, 26.59323406210234 ], [ 55.273837447540245, 26.592771053341494 ], [ 55.273674845617677, 26.592421055187572 ], [ 55.273519754832876, 26.592007636842993 ], [ 55.273396015313892, 26.591586947479698 ], [ 55.273394107851857, 26.59116852260928 ], [ 55.273473620511254, 26.59080874882477 ] ], [ [ 55.272979617515375, 26.661348819992099 ], [ 55.27249574628172, 26.662076234830408 ], [ 55.270550608923543, 26.662755250854218 ], [ 55.269517540602067, 26.6618735789026 ], [ 55.272856950887615, 26.66108727465803 ], [ 55.272979617515375, 26.661348819992099 ] ], [ [ 55.606717705957408, 26.738900781046254 ], [ 55.607763171433248, 26.739311456458609 ], [ 55.611844420783427, 26.741519809191914 ], [ 55.613572955527502, 26.74716484558121 ], [ 55.605147242351393, 26.743544340498943 ], [ 55.601373076406389, 26.739948749335383 ], [ 55.601286411438764, 26.739491343350892 ], [ 55.602442741739196, 26.737496852997424 ], [ 55.60287630579694, 26.73748075962942 ], [ 55.606717705957408, 26.738900781046254 ] ], [ [ 55.605140447973326, 26.749207258108527 ], [ 55.606759905745093, 26.748942017460195 ], [ 55.609985232532495, 26.749762177582454 ], [ 55.610873580151633, 26.750125050430768 ], [ 55.614861011326639, 26.752512335875679 ], [ 55.618138432242915, 26.755238055991526 ], [ 55.618492841571424, 26.755688905918305 ], [ 55.62009155737951, 26.758843541496276 ], [ 55.620228051983077, 26.759491443675245 ], [ 55.620155930851581, 26.761589050294504 ], [ 55.619976162669843, 26.761819958424383 ], [ 55.618437528768993, 26.761858224577452 ], [ 55.613810539324959, 26.758430361472051 ], [ 55.609004377949759, 26.754471063788628 ], [ 55.605389118613004, 26.751008033593905 ], [ 55.605140447973326, 26.749207258108527 ] ], [ [ 55.630951762314055, 26.759920954488507 ], [ 55.63434290879826, 26.761378645807895 ], [ 55.634199976847526, 26.761703252503139 ], [ 55.632032155659488, 26.762861848195769 ], [ 55.630317926431189, 26.76069641111053 ], [ 55.630316853540023, 26.760185122245673 ], [ 55.630951762314055, 26.759920954488507 ] ], [ [ 55.686971068560013, 26.802633523918018 ], [ 55.692675948536248, 26.811290145224064 ], [ 55.694606303737999, 26.81678700481649 ], [ 55.694432735482394, 26.823502779429759 ], [ 55.694525241546728, 26.824087738958042 ], [ 55.695433735778352, 26.82607853399719 ], [ 55.695841550447255, 26.826364755828877 ], [ 55.697608709274562, 26.826948523755391 ], [ 55.69865512803176, 26.826931953746737 ], [ 55.701419949770923, 26.826131940236905 ], [ 55.704038143345713, 26.823466658159816 ], [ 55.706156969468623, 26.818668246242623 ], [ 55.709615350168349, 26.815868616243677 ], [ 55.712497830210737, 26.815902829152321 ], [ 55.721529364488617, 26.821159362914329 ], [ 55.724016547525707, 26.825729012483976 ], [ 55.726410031098112, 26.834015965664321 ], [ 55.726256013204477, 26.834971308279307 ], [ 55.725128531356688, 26.834028362818742 ], [ 55.723790645921611, 26.834300040814298 ], [ 55.723490357793821, 26.834623217587477 ], [ 55.724857807541866, 26.835961937593424 ], [ 55.724693059836909, 26.836546659700616 ], [ 55.723224044254266, 26.83786845176769 ], [ 55.720074176881838, 26.838924646155533 ], [ 55.712338804891999, 26.838830352239029 ], [ 55.69845497581656, 26.84091711033642 ], [ 55.697625040962919, 26.843945145652015 ], [ 55.689040065047038, 26.843949317606985 ], [ 55.683603764002555, 26.842423677111071 ], [ 55.683188557805749, 26.842228054780946 ], [ 55.681473732326936, 26.840811252937044 ], [ 55.681157946182338, 26.838774203966409 ], [ 55.686796426513922, 26.82877707480219 ], [ 55.685566663870475, 26.824036717720389 ], [ 55.680895567176719, 26.815468310913843 ], [ 55.682015061246148, 26.813156842814124 ], [ 55.679444074884202, 26.815264343774516 ], [ 55.684450745505558, 26.824858665694933 ], [ 55.684935212090409, 26.826543331509583 ], [ 55.684997678100444, 26.829667568203774 ], [ 55.683634876948076, 26.830816268655951 ], [ 55.682678341832059, 26.83133077619442 ], [ 55.678012132953654, 26.831314324896255 ], [ 55.670707702598463, 26.832978605778067 ], [ 55.663874745423243, 26.835196376211854 ], [ 55.661319732819493, 26.835972547794881 ], [ 55.660995602764899, 26.836121320842324 ], [ 55.651760816308695, 26.842701673743306 ], [ 55.644228458176883, 26.84427845508668 ], [ 55.64359366901266, 26.84402894987619 ], [ 55.637836933227959, 26.837533474090606 ], [ 55.637280822152263, 26.836383342817044 ], [ 55.637820363219248, 26.827451824841887 ], [ 55.63558542742561, 26.824265360458071 ], [ 55.637215852429676, 26.819323063308786 ], [ 55.634600162567494, 26.82112944157052 ], [ 55.633789300535852, 26.819616914089352 ], [ 55.637737273956077, 26.816885351977476 ], [ 55.644886850947444, 26.818775415752896 ], [ 55.642160177550181, 26.816272855208126 ], [ 55.64493107780703, 26.81294500840545 ], [ 55.644569158240131, 26.808815836881422 ], [ 55.643031000979988, 26.805830717213894 ], [ 55.640415072797452, 26.804761767741411 ], [ 55.641923547034139, 26.790870905068289 ], [ 55.639477252573215, 26.790015577856707 ], [ 55.637861848045929, 26.787561417025813 ], [ 55.637719273125981, 26.782712817542574 ], [ 55.63403511043208, 26.777836919138565 ], [ 55.628943443085461, 26.773462653578633 ], [ 55.626085638641371, 26.772777080597848 ], [ 55.625969648580451, 26.772512436200032 ], [ 55.62695312468702, 26.770228624051811 ], [ 55.627694010470236, 26.769989729042834 ], [ 55.629899621170637, 26.769831061654202 ], [ 55.631736635737184, 26.770673751592426 ], [ 55.643492340599096, 26.777118802390873 ], [ 55.644074916923955, 26.777310848117224 ], [ 55.660057305900011, 26.780222415831872 ], [ 55.662513136771906, 26.781002878979734 ], [ 55.66816985625394, 26.783689737591374 ], [ 55.675284147445495, 26.789254308039915 ], [ 55.686971068560013, 26.802633523918018 ] ], [ [ 55.580508947030353, 26.826620459166918 ], [ 55.577555417848316, 26.824051380267065 ], [ 55.580083847391677, 26.822311758680769 ], [ 55.580468058454187, 26.822677373561987 ], [ 55.581517338854155, 26.823900461437177 ], [ 55.580728530897034, 26.826345920427912 ], [ 55.580508947030353, 26.826620459166918 ] ], [ [ 55.584703564917618, 26.83888566504146 ], [ 55.585274100219578, 26.841573119004295 ], [ 55.584388971274052, 26.842205047425068 ], [ 55.583074331515263, 26.839964747175372 ], [ 55.583412051225253, 26.838119029869404 ], [ 55.588311553235656, 26.836269735959604 ], [ 55.587695956503239, 26.838370204221576 ], [ 55.586613059445199, 26.838813066369994 ], [ 55.584703564917618, 26.83888566504146 ] ], [ [ 55.660947442270697, 26.858993649837146 ], [ 55.659013629175718, 26.866961956129444 ], [ 55.658818721806597, 26.867333650427668 ], [ 55.65711975137549, 26.869680642647609 ], [ 55.651759505097118, 26.875873446202604 ], [ 55.63802194625589, 26.867450714279073 ], [ 55.637020826350124, 26.861151457074129 ], [ 55.641473412068365, 26.86036586779062 ], [ 55.640408157910201, 26.857830762579681 ], [ 55.643842458362826, 26.852130055457735 ], [ 55.642909526853259, 26.848963021826023 ], [ 55.643612742733922, 26.845648050617115 ], [ 55.652947306273234, 26.84380435948367 ], [ 55.666184902311443, 26.836596727656911 ], [ 55.666833042810708, 26.836388349342883 ], [ 55.673085450733026, 26.843078255856881 ], [ 55.673840880352373, 26.848363280141314 ], [ 55.669892072361279, 26.853142022986049 ], [ 55.666972160736691, 26.854116916862267 ], [ 55.662654280870413, 26.858659505831554 ], [ 55.660947442270697, 26.858993649837146 ] ], [ [ 55.585473179543669, 26.88012444978358 ], [ 55.58196377760629, 26.877677321651106 ], [ 55.584322452918911, 26.875060677608246 ], [ 55.585125445882682, 26.875537514344842 ], [ 55.586485147071926, 26.878916025354329 ], [ 55.585473179543669, 26.88012444978358 ] ], [ [ 55.669268965390472, 26.870717167962994 ], [ 55.67044043577755, 26.871309637729667 ], [ 55.67640387983522, 26.87140607832788 ], [ 55.68586337539449, 26.876189827698454 ], [ 55.689014434368687, 26.881975054904899 ], [ 55.685296655016657, 26.885779858054036 ], [ 55.685312509165044, 26.894531249917293 ], [ 55.68521767835324, 26.894531249917293 ], [ 55.685046673165516, 26.89489436108596 ], [ 55.683195948434332, 26.901100158945212 ], [ 55.677494526351381, 26.906868458212841 ], [ 55.67253434618317, 26.903680324687286 ], [ 55.668650746235016, 26.895164609159451 ], [ 55.667866230741993, 26.894531249917293 ], [ 55.667812347861627, 26.894531249917293 ], [ 55.659720540370699, 26.88618922225487 ], [ 55.658800840586366, 26.882894873399721 ], [ 55.657617926326282, 26.877811074221768 ], [ 55.657655477518347, 26.877201556906357 ], [ 55.660634041128162, 26.874554872809199 ], [ 55.662063479346159, 26.865056156916182 ], [ 55.662361264660717, 26.864686608400291 ], [ 55.663888454688504, 26.864434719087058 ], [ 55.664304852487021, 26.864559053957237 ], [ 55.665851354556423, 26.867457151626297 ], [ 55.669268965390472, 26.870717167962994 ] ], [ [ 55.650057554312752, 26.886893153096594 ], [ 55.651897430522069, 26.885502457672317 ], [ 55.652346849627463, 26.885527372490287 ], [ 55.655277848094272, 26.886909842715113 ], [ 55.661977172308696, 26.894531249917293 ], [ 55.6637954710842, 26.897090554085878 ], [ 55.664089321864765, 26.899427056613433 ], [ 55.663833856847077, 26.900739670199698 ], [ 55.660964250599761, 26.904582858212393 ], [ 55.657718062238814, 26.902264356514877 ], [ 55.653172254595916, 26.894531249917293 ], [ 55.653125047383071, 26.894531249917293 ], [ 55.651005864229319, 26.891378045160707 ], [ 55.650072216859371, 26.887347936657989 ], [ 55.650057554312752, 26.886893153096594 ] ], [ [ 55.628994465222434, 26.892793059152382 ], [ 55.62526476355805, 26.89216935593106 ], [ 55.628144740787207, 26.890398264368457 ], [ 55.629555702433777, 26.890787363246261 ], [ 55.629902601523895, 26.892375826783052 ], [ 55.629558563177227, 26.892681717687196 ], [ 55.628994465222434, 26.892793059152382 ] ], [ [ 55.716146350074041, 26.897462367993967 ], [ 55.714780211537573, 26.910287618578764 ], [ 55.714202404317575, 26.913488745509255 ], [ 55.710977554170825, 26.91702544726661 ], [ 55.70887184106266, 26.915801763140905 ], [ 55.706192135658569, 26.911643147813095 ], [ 55.703435421307688, 26.90156304809625 ], [ 55.702763914623006, 26.901030063986298 ], [ 55.702531576571062, 26.90148067469346 ], [ 55.702656269371403, 26.905464410554146 ], [ 55.706671357397283, 26.915919423242826 ], [ 55.706470012680995, 26.916693210723167 ], [ 55.707295179329094, 26.928354144128491 ], [ 55.706146359267109, 26.9319716688575 ], [ 55.702304840396096, 26.935537457387795 ], [ 55.700937152327754, 26.930198908153159 ], [ 55.698963046007805, 26.927335857963499 ], [ 55.694538354561473, 26.924571156733521 ], [ 55.693655133077982, 26.922428130753701 ], [ 55.68304967909944, 26.917835355117575 ], [ 55.678348779772421, 26.916630148462616 ], [ 55.6746622320764, 26.917589903151566 ], [ 55.67374360518329, 26.916399359942545 ], [ 55.674502253476248, 26.910856008098335 ], [ 55.674911618576402, 26.910273552282661 ], [ 55.683856368276849, 26.904649614887887 ], [ 55.686457515202221, 26.900503039683599 ], [ 55.68759202974843, 26.897719979693363 ], [ 55.687625050155987, 26.894531249917293 ], [ 55.687698304433241, 26.894493401049658 ], [ 55.68870902100457, 26.891333579980767 ], [ 55.688719749017253, 26.891056657139075 ], [ 55.687575459739719, 26.888951658991914 ], [ 55.68771183473342, 26.888455748534 ], [ 55.691263317747996, 26.882290363509526 ], [ 55.691146850147049, 26.87919664351034 ], [ 55.690755963417018, 26.875035404860114 ], [ 55.689684152301822, 26.873225450893869 ], [ 55.682422042243502, 26.871796846347422 ], [ 55.679786801120031, 26.869824409169212 ], [ 55.680442929397714, 26.868587016677509 ], [ 55.685718655591529, 26.868378758872666 ], [ 55.687632441683888, 26.866705536931022 ], [ 55.680802345252062, 26.867665172010106 ], [ 55.677520156130356, 26.870769977952193 ], [ 55.671812057480508, 26.870546579161328 ], [ 55.669698715423408, 26.869676351982093 ], [ 55.663560271389485, 26.862760305543702 ], [ 55.666273951381811, 26.856753706618292 ], [ 55.669857859452691, 26.855830311519696 ], [ 55.673203349155301, 26.857428074046425 ], [ 55.67618346229699, 26.861079454653179 ], [ 55.677695751457804, 26.861241102395013 ], [ 55.674396634397226, 26.857084870270626 ], [ 55.670552253883443, 26.854665637309381 ], [ 55.675100445629141, 26.851206422038786 ], [ 55.676283240279361, 26.846292734122414 ], [ 55.674851656278975, 26.842681527130821 ], [ 55.670832276688259, 26.838996052326024 ], [ 55.669251680420757, 26.836046338068115 ], [ 55.669102549443153, 26.835176944560374 ], [ 55.670545935246764, 26.834316968753171 ], [ 55.680187344770218, 26.832615136679237 ], [ 55.679150224103637, 26.837685227491306 ], [ 55.680721044740494, 26.843919157942821 ], [ 55.683695555105828, 26.845882535350768 ], [ 55.692740679039161, 26.848708868019912 ], [ 55.695863246591614, 26.848145603736668 ], [ 55.699633955542652, 26.849524855287882 ], [ 55.700345158302468, 26.853885054551654 ], [ 55.712737917720801, 26.863830447517216 ], [ 55.713646530662913, 26.867476105737751 ], [ 55.710325718357296, 26.86888301413984 ], [ 55.715151548805011, 26.870121359912901 ], [ 55.722135663130416, 26.886343479368122 ], [ 55.720463752400292, 26.887022853322094 ], [ 55.717511853689132, 26.883475585429949 ], [ 55.719473719336747, 26.886898637162403 ], [ 55.719609141049091, 26.888219356338254 ], [ 55.719364404943406, 26.889086246133388 ], [ 55.715517520717071, 26.891527652779018 ], [ 55.71538114572337, 26.891874909799299 ], [ 55.715775132416468, 26.894531249917293 ], [ 55.716146350074041, 26.897462367993967 ] ], [ [ 55.7622735499844, 26.867465376825749 ], [ 55.761028528543818, 26.870664239263306 ], [ 55.760903001172608, 26.870925545377645 ], [ 55.760858059352017, 26.868642210769451 ], [ 55.762442111714165, 26.866767048760323 ], [ 55.7622735499844, 26.867465376825749 ] ], [ [ 55.76200783269536, 26.839743852996492 ], [ 55.765517950493063, 26.834020614259998 ], [ 55.770250559016119, 26.832884668892405 ], [ 55.770549535932389, 26.833038449365006 ], [ 55.772701859103563, 26.836899161567089 ], [ 55.772670626548233, 26.837204456220718 ], [ 55.765345454229362, 26.852268815453499 ], [ 55.765140652519165, 26.857326865242669 ], [ 55.764705419319682, 26.858093142484563 ], [ 55.759884953327969, 26.86108565368005 ], [ 55.7583296298086, 26.860196351880177 ], [ 55.755677342035767, 26.855063438027287 ], [ 55.75523805649118, 26.853816270804316 ], [ 55.753171801137739, 26.848253369497456 ], [ 55.753332733918569, 26.84747064095734 ], [ 55.754689216434258, 26.845405339784634 ], [ 55.755746841643486, 26.844135403526082 ], [ 55.76200783269536, 26.839743852996492 ] ], [ [ 55.740553141014686, 26.84912860410185 ], [ 55.738014578809839, 26.836599826720658 ], [ 55.738222241263486, 26.836303233907188 ], [ 55.746415019237816, 26.832515954947439 ], [ 55.752216338912945, 26.831647872651274 ], [ 55.756420373601429, 26.828741074041375 ], [ 55.756750822292645, 26.828827739009 ], [ 55.757715105967407, 26.832219958384428 ], [ 55.757463336264038, 26.835448742165795 ], [ 55.75666904424105, 26.836158752424524 ], [ 55.750096559508677, 26.843739271050595 ], [ 55.745999455110791, 26.845608115322307 ], [ 55.746189952204588, 26.848856568176132 ], [ 55.74410975016491, 26.851509809230379 ], [ 55.744112014657787, 26.851869344694535 ], [ 55.745746970446362, 26.851509570910025 ], [ 55.745508909108935, 26.851886510953761 ], [ 55.743146776802348, 26.853586673885957 ], [ 55.741919278651835, 26.852058053036785 ], [ 55.740553141014686, 26.84912860410185 ] ], [ [ 55.745834827015699, 26.815661072500518 ], [ 55.747430443760038, 26.815049648622448 ], [ 55.750399351349017, 26.819252133779003 ], [ 55.750852942409438, 26.823931813602371 ], [ 55.748322963334147, 26.827983260319286 ], [ 55.747408032654619, 26.828915357257983 ], [ 55.745514750205587, 26.829852342911352 ], [ 55.744520306866718, 26.830247759526515 ], [ 55.741611123254813, 26.833578467072641 ], [ 55.737931251226314, 26.833591223056544 ], [ 55.737732053191735, 26.833330750613698 ], [ 55.736747741615034, 26.819241046936838 ], [ 55.743687748690718, 26.816543460312516 ], [ 55.744879007760062, 26.816749453624425 ], [ 55.745590447940856, 26.818810105302191 ], [ 55.745834827015699, 26.815661072500518 ] ], [ [ 55.752336740148507, 26.808254361349725 ], [ 55.75223982290953, 26.807752370575486 ], [ 55.753968953904177, 26.807455301121308 ], [ 55.754189967692923, 26.806079506564004 ], [ 55.7544462681808, 26.805825949008408 ], [ 55.756418347428848, 26.804996609505963 ], [ 55.75759971125774, 26.804815531012025 ], [ 55.759970307084075, 26.805325031125335 ], [ 55.761390328500909, 26.81041491061967 ], [ 55.761381745371295, 26.812071442942795 ], [ 55.760288953972122, 26.815627932483153 ], [ 55.757729411483183, 26.818397521528425 ], [ 55.755815148750173, 26.818522333938631 ], [ 55.755455255355798, 26.818295836084019 ], [ 55.755747437894001, 26.814399242730929 ], [ 55.755383849185364, 26.814306020806271 ], [ 55.754929303944266, 26.814547657848209 ], [ 55.754450201815416, 26.814854741253384 ], [ 55.754769205734306, 26.81946885600297 ], [ 55.751665234363145, 26.821110964099773 ], [ 55.751483440008826, 26.818522215228086 ], [ 55.748783230961408, 26.816001415532924 ], [ 55.748542905131046, 26.815257668106938 ], [ 55.748624443962967, 26.814060210910043 ], [ 55.746539235397449, 26.813541173486442 ], [ 55.751085043040348, 26.809253334573782 ], [ 55.751471399885247, 26.809135317441019 ], [ 55.75422584974325, 26.811005949564958 ], [ 55.75607388909873, 26.809499559956805 ], [ 55.752336740148507, 26.808254361349725 ] ], [ [ 55.741057872922568, 26.797591447887044 ], [ 55.744292974441294, 26.801735162347939 ], [ 55.744298458507103, 26.802044749465665 ], [ 55.742761254528318, 26.80511224253604 ], [ 55.742459773899498, 26.805637955627219 ], [ 55.738023400259749, 26.808508753476247 ], [ 55.737917960145808, 26.808481454555533 ], [ 55.73781251913249, 26.80845415563482 ], [ 55.739243626492225, 26.797282218699479 ], [ 55.740437150054504, 26.797263502908379 ], [ 55.741057872922568, 26.797591447887044 ] ], [ [ 55.752797246096065, 26.803495168867016 ], [ 55.750500440542964, 26.802410960597399 ], [ 55.750740647662838, 26.800955057130238 ], [ 55.753412008257612, 26.799729346831953 ], [ 55.754284262508747, 26.799862504051362 ], [ 55.756474018161441, 26.801740646413748 ], [ 55.75640285031136, 26.802041411182245 ], [ 55.753261208138326, 26.803640126990331 ], [ 55.752797246096065, 26.803495168867016 ] ], [ [ 55.746958375228871, 26.798222661346813 ], [ 55.749020934368673, 26.799018621612163 ], [ 55.74866294843639, 26.799807429569285 ], [ 55.746649861002311, 26.801691770958541 ], [ 55.743033051234363, 26.799369454336897 ], [ 55.742554425746221, 26.798596739747779 ], [ 55.742686629684272, 26.797851800720082 ], [ 55.743003368210907, 26.797452449570926 ], [ 55.745469808384996, 26.796941756956585 ], [ 55.746958375228871, 26.798222661346813 ] ], [ [ 55.743584632424927, 26.796172737681729 ], [ 55.746881246672274, 26.795264006029129 ], [ 55.748026848060647, 26.795531749490692 ], [ 55.749671220650384, 26.796829700530282 ], [ 55.750159740479717, 26.798496245905085 ], [ 55.746667146871403, 26.797173023016626 ], [ 55.743584632424927, 26.796172737681729 ] ], [ [ 55.724343776644048, 26.821891427247635 ], [ 55.719895720810939, 26.81735217566245 ], [ 55.712002873034237, 26.814578056731989 ], [ 55.710182428476344, 26.814227700647905 ], [ 55.709792852058513, 26.814223527793615 ], [ 55.706608176426244, 26.816298723307511 ], [ 55.703669548111236, 26.818817257610419 ], [ 55.699806571416218, 26.824641942571645 ], [ 55.697997569832012, 26.825646162440478 ], [ 55.697632431591501, 26.815485954713097 ], [ 55.700338244314594, 26.811002970111019 ], [ 55.706230521421503, 26.807840347653951 ], [ 55.714551449190083, 26.790658712729453 ], [ 55.719581603808024, 26.78517246243922 ], [ 55.720363378167406, 26.78474485908805 ], [ 55.723280548658465, 26.78488421443501 ], [ 55.724965930333497, 26.785613418024866 ], [ 55.725414753188375, 26.786021471014124 ], [ 55.73027634607655, 26.791414261059344 ], [ 55.730868100882219, 26.796726822584844 ], [ 55.7314794060498, 26.799908518763175 ], [ 55.729905009708489, 26.814397453979382 ], [ 55.728918552349342, 26.819658755946875 ], [ 55.729645848477162, 26.830979943469686 ], [ 55.729437113132292, 26.831441641018955 ], [ 55.728158116204156, 26.8320269584774 ], [ 55.724343776644048, 26.821891427247635 ] ], [ [ 55.741711139557481, 26.794737100436862 ], [ 55.740839958197569, 26.794935346089403 ], [ 55.74011254335926, 26.793563246846418 ], [ 55.738025903972357, 26.792908668100608 ], [ 55.734568714874342, 26.786193251417444 ], [ 55.734435438944388, 26.785747170595471 ], [ 55.73716783562719, 26.782420038753855 ], [ 55.739573359323117, 26.783406138182784 ], [ 55.740352034618752, 26.786558747588174 ], [ 55.743851303894587, 26.791733145368426 ], [ 55.743392348378222, 26.794479012096758 ], [ 55.743140339455181, 26.794628143074419 ], [ 55.741711139557481, 26.794737100436862 ] ], [ [ 55.744257450321129, 26.810208678088088 ], [ 55.74431765093891, 26.807884931544379 ], [ 55.745733976142162, 26.80561137166751 ], [ 55.747981428700029, 26.805485009725487 ], [ 55.750317573297423, 26.806138873510235 ], [ 55.750347018000525, 26.806763410403107 ], [ 55.744531154489266, 26.813616037550162 ], [ 55.744257450321129, 26.810208678088088 ] ], [ [ 55.743712901828985, 26.807027221129374 ], [ 55.744085550307943, 26.806501865069094 ], [ 55.74427866892546, 26.806375861057177 ], [ 55.744318604220268, 26.806469082981835 ], [ 55.744358539515019, 26.806562304906492 ], [ 55.744308948199432, 26.80693423752507 ], [ 55.744138121976789, 26.807320356049615 ], [ 55.74392175678372, 26.807701349337833 ], [ 55.743704557019726, 26.808095216421179 ], [ 55.743603825755997, 26.808439731408555 ], [ 55.743476152602398, 26.808756709154864 ], [ 55.743271350892201, 26.809105754027371 ], [ 55.742991566407738, 26.809488653878304 ], [ 55.742787718878162, 26.809802412951058 ], [ 55.742634654265942, 26.81003642104406 ], [ 55.742535889819521, 26.810001969815119 ], [ 55.742437124473781, 26.809967517686857 ], [ 55.742547273437992, 26.809561252549827 ], [ 55.742767810586031, 26.808921455960501 ], [ 55.743159651496796, 26.807950019977511 ], [ 55.743712901828985, 26.807027221129374 ] ], [ [ 55.701076031034063, 26.845543503529939 ], [ 55.700191259119379, 26.844153404356177 ], [ 55.70027065306823, 26.84343183061452 ], [ 55.700499653736074, 26.842953801376893 ], [ 55.703418135438653, 26.841720342519864 ], [ 55.717303275725669, 26.841488241888896 ], [ 55.723621368331521, 26.84027087729919 ], [ 55.724508046808978, 26.84003925330893 ], [ 55.727908134352958, 26.836842536653819 ], [ 55.724527001819752, 26.846411109185397 ], [ 55.724678158969937, 26.849416137145056 ], [ 55.726176857575979, 26.85349595567385 ], [ 55.725446343673866, 26.855956554751231 ], [ 55.724958538805595, 26.856537342324543 ], [ 55.721640825563725, 26.857105255203408 ], [ 55.719454765225294, 26.856414914017137 ], [ 55.715716123400455, 26.853012800300519 ], [ 55.703120231413607, 26.846774220354064 ], [ 55.701076031034063, 26.845543503529939 ] ], [ [ 55.604208230525501, 26.915308952646114 ], [ 55.603762864664532, 26.916676402394103 ], [ 55.603427767377639, 26.916820525946548 ], [ 55.601767539740194, 26.916573644058474 ], [ 55.597532749137144, 26.912480711615615 ], [ 55.597486376495112, 26.909775734362711 ], [ 55.5996085409015, 26.908033847384218 ], [ 55.599889159057511, 26.908276558216642 ], [ 55.604208230525501, 26.915308952646114 ] ], [ [ 55.728465557539494, 26.922215819704377 ], [ 55.72915267915289, 26.923588633908366 ], [ 55.728472113597206, 26.924772620160354 ], [ 55.726551651837326, 26.923975944933943 ], [ 55.727776527564743, 26.921991348022345 ], [ 55.728465557539494, 26.922215819704377 ] ], [ [ 55.73963475244193, 26.905844569271494 ], [ 55.740879535562158, 26.905788063968032 ], [ 55.741212248746365, 26.906693339526043 ], [ 55.739192247324411, 26.909719109449384 ], [ 55.737889647689144, 26.910180210748194 ], [ 55.738153457516091, 26.907145023124372 ], [ 55.738401531905254, 26.906735062673079 ], [ 55.73963475244193, 26.905844569271494 ] ], [ [ 55.674482941434633, 26.976098656927547 ], [ 55.671120643403015, 26.978137374140545 ], [ 55.669409156207621, 26.979169130351124 ], [ 55.663009047229821, 26.981537342074716 ], [ 55.662570118716076, 26.981660843273346 ], [ 55.651318430800984, 26.982051372972535 ], [ 55.649841547049789, 26.98215472665936 ], [ 55.646016955218386, 26.981238365158504 ], [ 55.637710451676071, 26.977906108080447 ], [ 55.63248896629284, 26.97262370621911 ], [ 55.632256865661873, 26.972235560622664 ], [ 55.632164478308084, 26.969180703027064 ], [ 55.633435368747314, 26.967513323081448 ], [ 55.637233972869581, 26.965827107734867 ], [ 55.637920856162623, 26.965853214154549 ], [ 55.644189834992972, 26.97001254534274 ], [ 55.648062348098961, 26.970152616550081 ], [ 55.655927300704434, 26.966826319279278 ], [ 55.66295504563891, 26.966104507217267 ], [ 55.674488425500499, 26.974748850079436 ], [ 55.674712657962857, 26.975312948034173 ], [ 55.674482941434633, 26.976098656927547 ] ], [ [ 56.899785160656677, 26.983546256654449 ], [ 56.899617910138488, 26.984813213459063 ], [ 56.89641284957338, 26.987675309467988 ], [ 56.896434664428284, 26.991723417901483 ], [ 56.889405012031716, 26.993449211511972 ], [ 56.893840909030757, 26.993619322773554 ], [ 56.890192747097672, 26.996334075657103 ], [ 56.893781542983902, 26.996746778141357 ], [ 56.893004655540494, 26.998881578022463 ], [ 56.890075444925913, 26.998916148861213 ], [ 56.888136267374875, 26.999922751933525 ], [ 56.883614778299432, 27.003894805600851 ], [ 56.883053660697954, 27.003955722078956 ], [ 56.88278305559362, 27.003815770481481 ], [ 56.883304953760671, 27.002404570514557 ], [ 56.883520961023578, 27.001682520132249 ], [ 56.885228156654136, 27.000103473396621 ], [ 56.883847355571049, 26.997931838183831 ], [ 56.885142922507896, 26.996232509822505 ], [ 56.878525614665421, 26.999688625129977 ], [ 56.874922752483087, 26.999907851066553 ], [ 56.880727648762047, 26.997496128343698 ], [ 56.88247454136706, 26.995852709035319 ], [ 56.881807923396991, 26.994029641155066 ], [ 56.884545921956772, 26.994305849035754 ], [ 56.887053846957542, 26.990527868166623 ], [ 56.899503111679337, 26.983439564684204 ], [ 56.899785160656677, 26.983546256654449 ] ], [ [ 56.879592180035161, 27.000398754998571 ], [ 56.881679653992876, 26.99950253921088 ], [ 56.882421016416856, 26.999588132186602 ], [ 56.882763623942139, 27.000530243076298 ], [ 56.881328821268141, 27.001922011391741 ], [ 56.879319905789089, 27.002140522367256 ], [ 56.879141211397837, 27.000829458312921 ], [ 56.879592180035161, 27.000398754998571 ] ], [ [ 56.328589558461431, 26.820871471940904 ], [ 56.329897880482861, 26.821746349514456 ], [ 56.330469250355691, 26.823012828779099 ], [ 56.337343573647047, 26.824218750395062 ], [ 56.340835928935007, 26.824155807744376 ], [ 56.343435406718697, 26.822101473804025 ], [ 56.346782326343316, 26.822297334454447 ], [ 56.348734855229452, 26.822896957428668 ], [ 56.347806334894472, 26.824211955117676 ], [ 56.349982023351743, 26.825564980639399 ], [ 56.363592163547537, 26.827311841768108 ], [ 56.366017460637352, 26.827623128604557 ], [ 56.368088602906766, 26.829770446149212 ], [ 56.374373435885389, 26.832240819957917 ], [ 56.373892545904312, 26.833642602224359 ], [ 56.37703514135876, 26.837144613533155 ], [ 56.379571676491707, 26.835453152441062 ], [ 56.380705833107754, 26.836865663619506 ], [ 56.383400201957784, 26.837356329231284 ], [ 56.384035467762658, 26.838968873015119 ], [ 56.387966156213167, 26.841205834981338 ], [ 56.392399549499657, 26.842117071245866 ], [ 56.400959848917921, 26.849295377979388 ], [ 56.406016350074538, 26.855826854525787 ], [ 56.413048624894202, 26.86841225592093 ], [ 56.413196206339933, 26.868740439219948 ], [ 56.413740515612346, 26.875130772567161 ], [ 56.413312077690307, 26.875739455311646 ], [ 56.41239303890768, 26.876339208687568 ], [ 56.412171840757878, 26.876483559768531 ], [ 56.411471128589767, 26.875138640735713 ], [ 56.409254908587229, 26.875345110688386 ], [ 56.40458774552809, 26.882688641767459 ], [ 56.402032971244694, 26.88429212578103 ], [ 56.40007197883881, 26.88469350310271 ], [ 56.390937447904946, 26.884287357575545 ], [ 56.369531155038828, 26.885602712295395 ], [ 56.354027032721433, 26.884178042282883 ], [ 56.344745874522573, 26.882079244061913 ], [ 56.343997836431072, 26.881687760182047 ], [ 56.328712463409488, 26.864926576300491 ], [ 56.326761841985501, 26.864392876330214 ], [ 56.32701146590648, 26.863317847440783 ], [ 56.323596239175174, 26.862056136381625 ], [ 56.319542765386359, 26.857403874189515 ], [ 56.31724631776342, 26.857391953675744 ], [ 56.316849708647169, 26.851042151873855 ], [ 56.315130353283223, 26.850669980035605 ], [ 56.315083861031439, 26.850325226727875 ], [ 56.314720511542419, 26.839256167738029 ], [ 56.315079927396766, 26.83756196461303 ], [ 56.316595553941738, 26.833520055206407 ], [ 56.31902825874721, 26.829659939254839 ], [ 56.31967163104099, 26.828946829032986 ], [ 56.325122237601249, 26.824360013204114 ], [ 56.325296044177151, 26.824099540761267 ], [ 56.325091958327278, 26.82150530782377 ], [ 56.32735824628611, 26.820678829964095 ], [ 56.328589558461431, 26.820871471940904 ] ], [ [ 56.111065745387918, 26.813232421838848 ], [ 56.110676646510058, 26.809561014229473 ], [ 56.111085057429534, 26.80870866737115 ], [ 56.111511469178993, 26.808778166978868 ], [ 56.113259076745067, 26.812300443610638 ], [ 56.113342404328534, 26.812912941279251 ], [ 56.112088441828178, 26.814242839835231 ], [ 56.111664652501759, 26.814482450704588 ], [ 56.111065745387918, 26.813232421838848 ] ], [ [ 56.094695925776421, 26.796055316799482 ], [ 56.095879673708055, 26.796257853117481 ], [ 56.098728180061528, 26.799616217514483 ], [ 56.098576903301478, 26.799897431921011 ], [ 56.095780372366335, 26.798844217886369 ], [ 56.094585657202344, 26.796379446854019 ], [ 56.094695925776421, 26.796055316799482 ] ], [ [ 55.868835568206975, 26.667295455720762 ], [ 55.860863328280004, 26.652426719717369 ], [ 55.857155919010495, 26.649162769746056 ], [ 55.856075048125035, 26.643260478688205 ], [ 55.853205442777039, 26.639090418588012 ], [ 55.853228926773625, 26.635179758039442 ], [ 55.849876165152978, 26.633996725068869 ], [ 55.847611546335827, 26.629255413806334 ], [ 55.844787716479971, 26.628579974386355 ], [ 55.843944311580742, 26.625489234740428 ], [ 55.843960047018584, 26.622852444984403 ], [ 55.845141649167829, 26.619400143701739 ], [ 55.849578619058093, 26.616003274831314 ], [ 55.850117206843663, 26.614369273223417 ], [ 55.854301333240016, 26.613449573439141 ], [ 55.857046246686991, 26.61057198031267 ], [ 55.858193516317783, 26.612395644443495 ], [ 55.862075019046927, 26.610890330424468 ], [ 55.863508820775508, 26.610334276905405 ], [ 55.866449602067519, 26.612206527809064 ], [ 55.867358565745292, 26.612785219962007 ], [ 55.868187208273071, 26.612949837265205 ], [ 55.869704843004172, 26.613251328685919 ], [ 55.873979925932872, 26.612016200687151 ], [ 55.879598140941482, 26.614646434385463 ], [ 55.886739849764297, 26.615542650173211 ], [ 55.898437499790816, 26.623883843264821 ], [ 55.898710846928111, 26.62405776945053 ], [ 55.900689833868796, 26.626853738309421 ], [ 55.902437329019563, 26.629322648021855 ], [ 55.903660655215106, 26.631836057088435 ], [ 55.903773546212221, 26.63211405282135 ], [ 55.902575612374676, 26.634565234198249 ], [ 55.903258919963264, 26.637350678291227 ], [ 55.90965342526539, 26.648457646403301 ], [ 55.909563422014344, 26.650363564327108 ], [ 55.913206815742001, 26.654008627196447 ], [ 55.915255546905996, 26.659822344925317 ], [ 55.910768151129332, 26.660835743274959 ], [ 55.909417748030705, 26.6713663340891 ], [ 55.904628872524484, 26.674697518275877 ], [ 55.903288245056501, 26.677055359017629 ], [ 55.90070080739639, 26.677207946989199 ], [ 55.898437499790816, 26.679687500178034 ], [ 55.895043254242864, 26.682110905993568 ], [ 55.894617438743865, 26.683097600773692 ], [ 55.892017841350366, 26.68651974239225 ], [ 55.889330149067177, 26.683203577782933 ], [ 55.877454757930764, 26.680945754243226 ], [ 55.87756633771636, 26.677032828302458 ], [ 55.876260161477319, 26.67648267703396 ], [ 55.87500846346984, 26.670999050066143 ], [ 55.868835568206975, 26.667295455720762 ] ], [ [ 57.100701808641588, 26.301880240180992 ], [ 57.102076768628024, 26.301345110288651 ], [ 57.102280259126701, 26.301737069909905 ], [ 57.101501465120577, 26.303469657898461 ], [ 57.10081815753199, 26.303928375094472 ], [ 57.099475145061945, 26.303982257974894 ], [ 57.099773526627018, 26.303033948058328 ], [ 57.100701808641588, 26.301880240180992 ] ], [ [ 57.999969720925947, 25.659123659129591 ], [ 57.997309327563471, 25.6572989221076 ], [ 58.001321911876801, 25.655190944506558 ], [ 58.002215027701425, 25.657465100633942 ], [ 58.001984357891843, 25.658069014273622 ], [ 58.000440954886187, 25.658257007654811 ], [ 57.999969720925947, 25.659123659129591 ] ], [ [ 56.936565875614747, 26.995825171794309 ], [ 56.937407135630849, 26.995959758935783 ], [ 56.938690542834365, 26.999209999641835 ], [ 56.937049746848402, 26.999851345763034 ], [ 56.936501145111833, 26.999545812789052 ], [ 56.938008069816647, 26.998430252354296 ], [ 56.938004851143035, 26.998005270526846 ], [ 56.93632125821955, 26.99608087513235 ], [ 56.936565875614747, 26.995825171794309 ] ], [ [ 56.933049678399982, 27.000722170092104 ], [ 56.934268355100585, 26.998638033518489 ], [ 56.93488323687194, 26.998935580512693 ], [ 56.935274362821644, 26.999679207429551 ], [ 56.935092210537164, 27.000169634720919 ], [ 56.933049678399982, 27.000722170092104 ] ], [ [ 56.9472029209781, 27.000036835431672 ], [ 56.94733524362664, 27.000501155404038 ], [ 56.946237564412115, 27.001180410647464 ], [ 56.944355368805304, 26.999889969846265 ], [ 56.946334958291743, 26.999479413144456 ], [ 56.9472029209781, 27.000036835431672 ] ], [ [ 56.900918841531393, 27.010495543434615 ], [ 56.902508854600001, 27.011935233923964 ], [ 56.901137113287177, 27.012968659276282 ], [ 56.89928972683947, 27.012691736434533 ], [ 56.900918841531393, 27.010495543434615 ] ], [ [ 56.494473456984508, 27.044981121981266 ], [ 56.494503021297476, 27.047947764178048 ], [ 56.497565746162309, 27.050436616356819 ], [ 56.501703858746112, 27.05937171003643 ], [ 56.500601828611536, 27.070312499622219 ], [ 56.50066840632195, 27.070312499622219 ], [ 56.500584840418128, 27.07138204534516 ], [ 56.498459219917095, 27.073603153163049 ], [ 56.498459219917095, 27.076002120801263 ], [ 56.496751666356374, 27.077566862021115 ], [ 56.494122028009258, 27.079255342759893 ], [ 56.491151332567995, 27.079262614677987 ], [ 56.489222168967956, 27.082886338433809 ], [ 56.485104441316992, 27.084614634857587 ], [ 56.483703255301066, 27.091027974661358 ], [ 56.482048273409134, 27.092582941149885 ], [ 56.480055927938793, 27.093645453275087 ], [ 56.479614853642659, 27.09386360632044 ], [ 56.478749275059045, 27.093754768567749 ], [ 56.478316903502332, 27.093214034999789 ], [ 56.477532148789692, 27.091118454553111 ], [ 56.482023835231871, 27.091206550342065 ], [ 56.48361742490431, 27.089794040062941 ], [ 56.48306524746323, 27.08770024746849 ], [ 56.479166150397589, 27.0868598220232 ], [ 56.47667884865001, 27.087054967712618 ], [ 56.472520112813015, 27.089810013821136 ], [ 56.460111021706325, 27.09182846571116 ], [ 56.457058906143686, 27.094421744467979 ], [ 56.454563021266495, 27.097228646384963 ], [ 56.453335762335598, 27.10203814514432 ], [ 56.448006271971906, 27.094482660046765 ], [ 56.444126843978722, 27.095078229776561 ], [ 56.445765376371071, 27.092697143358521 ], [ 56.445162058082587, 27.09114146190899 ], [ 56.441867232586787, 27.092996478204952 ], [ 56.441944121923768, 27.09556651128554 ], [ 56.440959453316168, 27.095294475359822 ], [ 56.440915942316963, 27.09280693529189 ], [ 56.444048643430222, 27.090699553041986 ], [ 56.444345354954237, 27.090256572183137 ], [ 56.444654822462155, 27.087807416978762 ], [ 56.44437396508647, 27.087226748115995 ], [ 56.442801236987577, 27.085261822075495 ], [ 56.439109444445364, 27.082906365436486 ], [ 56.426419258542012, 27.076034665467489 ], [ 56.424978971802147, 27.073533773165138 ], [ 56.426406740878463, 27.070312499622219 ], [ 56.427743434711772, 27.067678332289233 ], [ 56.427466153939918, 27.067080259746263 ], [ 56.424538254536856, 27.065522074584123 ], [ 56.424075842026525, 27.065385222050395 ], [ 56.422861456890757, 27.06580126281807 ], [ 56.422690511058306, 27.065542221196608 ], [ 56.422377943587264, 27.064567327320333 ], [ 56.422023415548267, 27.054870605893825 ], [ 56.420857548836864, 27.052837013917099 ], [ 56.427263855942272, 27.04436886353227 ], [ 56.441461444090407, 27.037173747570421 ], [ 56.44631886502367, 27.038035512129227 ], [ 56.459793925249528, 27.033048152650167 ], [ 56.471433758761009, 27.033664941883615 ], [ 56.474134564058943, 27.032692551719947 ], [ 56.474733352462295, 27.032779455007869 ], [ 56.478629350464189, 27.034510373854744 ], [ 56.482843041173453, 27.038755058798984 ], [ 56.485440731104916, 27.038711547799721 ], [ 56.48979866497649, 27.041436433344757 ], [ 56.495668994128835, 27.042891217156011 ], [ 56.496428251262842, 27.043079376012429 ], [ 56.496138773885377, 27.043360996912554 ], [ 56.494473456984508, 27.044981121981266 ] ], [ [ 56.849539518134293, 27.048910021680229 ], [ 56.851720571946885, 27.048980951209955 ], [ 56.852075457916101, 27.049651145783798 ], [ 56.851438641680033, 27.050043821265376 ], [ 56.850156545688094, 27.050250053797015 ], [ 56.849294662418799, 27.049579143362848 ], [ 56.849539518134293, 27.048910021680229 ] ], [ [ 56.10876274080789, 27.131287932791906 ], [ 56.108481049760712, 27.131670117681836 ], [ 56.108024000807063, 27.132174372949009 ], [ 56.107500314787728, 27.131804228182659 ], [ 56.107897758474849, 27.131353378255881 ], [ 56.108213305399772, 27.130941033701788 ], [ 56.108527541113176, 27.13052344340224 ], [ 56.108822346074476, 27.130082011175944 ], [ 56.109193444122184, 27.129533648658992 ], [ 56.109646320221543, 27.128897905314147 ], [ 56.110187053789559, 27.128363132452648 ], [ 56.110491156841476, 27.128240347114399 ], [ 56.110139966186523, 27.128922223881602 ], [ 56.109803080148083, 27.12939393538187 ], [ 56.109470367863253, 27.129893422443558 ], [ 56.109241366296089, 27.130356907845055 ], [ 56.109073639137193, 27.130711555493917 ], [ 56.108941554808951, 27.130995750253703 ], [ 56.10876274080789, 27.131287932791906 ] ], [ [ 56.209233045568681, 27.130507350034236 ], [ 56.209658742357135, 27.132733344768099 ], [ 56.21007895507978, 27.134789944100703 ], [ 56.209849238551556, 27.135334730013824 ], [ 56.207423448633278, 27.132464766735666 ], [ 56.209185003784967, 27.13207244828493 ], [ 56.208191871657618, 27.130053401043654 ], [ 56.209233045568681, 27.130507350034236 ] ], [ [ 56.673846244608569, 27.146517157540814 ], [ 56.675918101838988, 27.147367358616748 ], [ 56.675721049586798, 27.147959351742713 ], [ 56.675302028465921, 27.148406625065718 ], [ 56.673593402013921, 27.148113965886864 ], [ 56.671548127843892, 27.149045347864558 ], [ 56.671074866811693, 27.148546933694092 ], [ 56.671327233664954, 27.148209810234619 ], [ 56.673192501332949, 27.146672249224991 ], [ 56.673846244608569, 27.146517157540814 ] ], [ [ 56.6678674221439, 27.155861616320578 ], [ 56.666120648249375, 27.156163453980241 ], [ 56.666221976662939, 27.154218435332552 ], [ 56.666647314621912, 27.153726578119119 ], [ 56.668236255698673, 27.153322219544862 ], [ 56.66917824787788, 27.154024124214004 ], [ 56.669119000541514, 27.154383659678217 ], [ 56.6678674221439, 27.155861616320578 ] ], [ [ 56.587733029955416, 27.164056300857624 ], [ 56.590617656679569, 27.158405900012326 ], [ 56.59653270282206, 27.155818104422053 ], [ 56.596671938559155, 27.157567143708775 ], [ 56.596199035457175, 27.158195257205421 ], [ 56.594024658211481, 27.160802006907147 ], [ 56.590896725303708, 27.163186550319097 ], [ 56.589632153501157, 27.162326454902029 ], [ 56.589258313420487, 27.162651061597273 ], [ 56.587947249366096, 27.164426803554193 ], [ 56.587733029955416, 27.164056300857624 ] ], [ [ 56.523684143908156, 27.172126055173351 ], [ 56.523637532945827, 27.17170608077106 ], [ 56.526862979343093, 27.170844912462769 ], [ 56.526632546954545, 27.172353148379159 ], [ 56.525616407471261, 27.172672748548564 ], [ 56.523684143908156, 27.172126055173351 ] ] ] ] } }
]
}
