{
"type": "FeatureCollection",
"name": "Suez_Canal",
"crs": { "type": "name", "properties": { "name": "urn:ogc:def:crs:OGC:1.3:CRS84" } },
"features": [
{ "type": "Feature", "properties": { "MRGID": 8356, "GEONAME": "Saudi Arabian Exclusive Economic Zone", "MRGID_TER1": 2215.0, "POL_TYPE": "200NM", "MRGID_SOV1": 2215, "TERRITORY1": "Saudi Arabia", "ISO_TER1": "SAU", "SOVEREIGN1": "Saudi Arabia", "MRGID_TER2": null, "MRGID_SOV2": null, "TERRITORY2": null, "ISO_TER2": null, "SOVEREIGN2": null, "MRGID_TER3": null, "MRGID_SOV3": null, "TERRITORY3": null, "ISO_TER3": null, "SOVEREIGN3": null, "X_1": 40.48313, "Y_1": 22.45276, "MRGID_EEZ": 8356, "AREA_KM2": 224157, "ISO_SOV1": "SAU", "ISO_SOV2": null, "ISO_SOV3": null, "UN_SOV1": 682, "UN_SOV2": null, "UN_SOV3": null, "UN_TER1": 682.0, "UN_TER2": null, "UN_TER3": null }, "geometry": { "type": "Polygon", "coordinates": [ [ [ 34.944432258942378, 29.301957845678338 ], [ 34.933808207883217, 29.300742149331285 ], [ 34.932343602575784, 29.293378114608913 ], [ 34.928987741891333, 29.291906356992868 ], [ 34.928720948114126, 29.29142768833767 ], [ 34.928249955171793, 29.290582656564666 ], [ 34.928107857792064, 29.290060043436782 ], [ 34.928151582829877, 29.289880482099164 ], [ 34.930577039999029, 29.279920101032211 ], [ 34.931172132188422, 29.275815129365093 ], [ 34.931099653126914, 29.269745111148403 ], [ 34.936181902773107, 29.265856146744028 ], [ 34.937241554154859, 29.254878044286357 ], [ 34.939176321430317, 29.250758767103626 ], [ 34.933949470692042, 29.245817541946316 ], [ 34.939062237932731, 29.245007753705146 ], [ 34.941557646169045, 29.241381049596292 ], [ 34.938363433226542, 29.23790490638666 ], [ 34.931940436502281, 29.235044241199169 ], [ 34.92770051976369, 29.231216072763587 ], [ 34.921067118553324, 29.229700804149182 ], [ 34.914092540639004, 29.23008203485832 ], [ 34.915855646221779, 29.226891517230001 ], [ 34.911505817939677, 29.225384115884388 ], [ 34.912047028148322, 29.223018526583942 ], [ 34.909585117859272, 29.220231652569183 ], [ 34.910261154429286, 29.218569517469405 ], [ 34.912979006376695, 29.217253923529839 ], [ 34.911709546758736, 29.215253949110696 ], [ 34.916846632566852, 29.205310463607269 ], [ 34.911614418271249, 29.202795624618574 ], [ 34.910657643935579, 29.201341151972962 ], [ 34.907250642403838, 29.201906442428381 ], [ 34.90616905655726, 29.199982404964452 ], [ 34.904435634897276, 29.199609756485088 ], [ 34.908175706643981, 29.196386813800892 ], [ 34.907384157553352, 29.193969249981265 ], [ 34.907088875951693, 29.193465947995399 ], [ 34.906606316828629, 29.192858814782895 ], [ 34.899594545652597, 29.191789865310312 ], [ 34.899079680183846, 29.18701171871637 ], [ 34.897452115923151, 29.185868263110436 ], [ 34.896375536602527, 29.186438441381256 ], [ 34.895982485658912, 29.185776500493731 ], [ 34.89519095409986, 29.184443473488066 ], [ 34.895023941902096, 29.183869599902344 ], [ 34.894918096919632, 29.183002089147202 ], [ 34.894866466115467, 29.182578921680445 ], [ 34.896565914086082, 29.179687499678799 ], [ 34.896816610898455, 29.179262638360136 ], [ 34.89444434682963, 29.178382158010351 ], [ 34.893765211195856, 29.175995946356124 ], [ 34.893773913036171, 29.17557275328052 ], [ 34.894546747234941, 29.173937559171428 ], [ 34.898041248305496, 29.171322822590483 ], [ 34.895752072600679, 29.169984340905174 ], [ 34.894145965264663, 29.166413069208232 ], [ 34.895545243818574, 29.164265155413048 ], [ 34.893920659910911, 29.163660765132562 ], [ 34.89215791225844, 29.160106062545168 ], [ 34.89314401168749, 29.158686518668141 ], [ 34.891896248214053, 29.156676173267236 ], [ 34.893396139321013, 29.154671907282946 ], [ 34.893347262966408, 29.150194645067039 ], [ 34.881282806456866, 29.142137646735335 ], [ 34.88217604189164, 29.132980346765827 ], [ 34.880378127149484, 29.127427578120404 ], [ 34.881173134133199, 29.124288320949653 ], [ 34.877028942132611, 29.117061972432303 ], [ 34.875225067583322, 29.110859036215984 ], [ 34.87865734096421, 29.103371024553347 ], [ 34.874493241570022, 29.097022772283445 ], [ 34.870808005085692, 29.080983042533624 ], [ 34.873363256009966, 29.072694063180769 ], [ 34.87304484834182, 29.0699225666731 ], [ 34.865092754128128, 29.058334350650071 ], [ 34.858681202176285, 29.054718017522895 ], [ 34.85416483923656, 29.047679900706967 ], [ 34.853379249952717, 29.041499972745868 ], [ 34.849843144445821, 29.035966515242549 ], [ 34.849858045313113, 29.029848456141707 ], [ 34.847538948264763, 29.027531146944995 ], [ 34.847759842443352, 29.025889635098991 ], [ 34.856594562789319, 29.019227027505622 ], [ 34.860680818665564, 29.012950658945812 ], [ 34.861063003555522, 29.007029652996628 ], [ 34.859997749397216, 29.005170345135888 ], [ 34.860733747365032, 29.003906249973653 ], [ 34.861531376772177, 28.994837164503764 ], [ 34.859431147729765, 28.992919922317149 ], [ 34.854426979921634, 28.981161117491659 ], [ 34.850404023727506, 28.978328704506531 ], [ 34.845105528497918, 28.972148775645699 ], [ 34.842984914523008, 28.960498452441939 ], [ 34.844624042266233, 28.944082140578722 ], [ 34.842956662320653, 28.936185836707594 ], [ 34.838181972720513, 28.93016755558827 ], [ 34.836609244621648, 28.925529718522057 ], [ 34.833691358270265, 28.921764612347225 ], [ 34.831393241505467, 28.914384842187104 ], [ 34.831436038443194, 28.897129059059203 ], [ 34.828648328958074, 28.892755508460276 ], [ 34.825609446019541, 28.891124725525984 ], [ 34.821786165399445, 28.88331413244142 ], [ 34.822178244630571, 28.882026553283104 ], [ 34.832765579068699, 28.877649307370078 ], [ 34.838352203591867, 28.872572660500083 ], [ 34.839562177552715, 28.868282437484837 ], [ 34.836784839948905, 28.856457233015163 ], [ 34.83369553112415, 28.851017356266105 ], [ 34.834682345514352, 28.848981618507118 ], [ 34.838751911771844, 28.847594380076679 ], [ 34.83892154729223, 28.845724702133367 ], [ 34.835351228876917, 28.838857770370417 ], [ 34.8351440430637, 28.838572979360002 ], [ 34.829244255718457, 28.833259940294319 ], [ 34.82865571958645, 28.83137154566068 ], [ 34.828768849802934, 28.830249309558411 ], [ 34.831436753403992, 28.828125000268777 ], [ 34.831706166007066, 28.828125000268777 ], [ 34.833110451985945, 28.82554340370541 ], [ 34.831470251351611, 28.817242502939187 ], [ 34.83251047108196, 28.811869740796361 ], [ 34.827679037858069, 28.80233705031511 ], [ 34.82709264750828, 28.797848344226239 ], [ 34.825495004591652, 28.795366167714711 ], [ 34.825440645070231, 28.79029750862324 ], [ 34.823320269415618, 28.789290904651779 ], [ 34.819436907787711, 28.782762408458794 ], [ 34.818719148970352, 28.778229117580025 ], [ 34.814979314644397, 28.776264667280792 ], [ 34.818560123651217, 28.769153476052303 ], [ 34.814380169209976, 28.768761635141651 ], [ 34.814113378130081, 28.762020469069626 ], [ 34.812704921096056, 28.760468125004159 ], [ 34.809739828431148, 28.74513483070794 ], [ 34.80468750012858, 28.736328125143316 ], [ 34.803767919953906, 28.73363316094165 ], [ 34.804128408699867, 28.72928535973184 ], [ 34.80468750012858, 28.728515624596831 ], [ 34.805552005820857, 28.726894140652647 ], [ 34.805552005820857, 28.725960254962182 ], [ 34.805168748039613, 28.723916053683084 ], [ 34.80468750012858, 28.724051356684775 ], [ 34.80468750012858, 28.723772168450999 ], [ 34.802173376101123, 28.723227023708318 ], [ 34.798027872888511, 28.718962669691926 ], [ 34.797642827254911, 28.718248844508608 ], [ 34.793826937263724, 28.701216220952418 ], [ 34.793628215870072, 28.700726628231564 ], [ 34.791412234188009, 28.695478439278723 ], [ 34.779609441723032, 28.678685546201464 ], [ 34.778712630584259, 28.675135374398351 ], [ 34.776949809997689, 28.672955947066058 ], [ 34.776545643966998, 28.672456264345527 ], [ 34.776218771879648, 28.67158305681302 ], [ 34.776407256232574, 28.670544594999591 ], [ 34.776974678139368, 28.667418360269572 ], [ 34.774854819607633, 28.662392568198612 ], [ 34.774849057638683, 28.662378907561013 ], [ 34.774859207476901, 28.662370631551447 ], [ 34.780003308806158, 28.658176064474127 ], [ 34.783708214363081, 28.652343749664531 ], [ 34.784063339552425, 28.652343749664531 ], [ 34.785239338924974, 28.650303006279231 ], [ 34.785888552315576, 28.645527362498001 ], [ 34.787528157599027, 28.643871069394798 ], [ 34.78756070136582, 28.635229348955562 ], [ 34.797186255841346, 28.613393903206351 ], [ 34.797294855273904, 28.612895965676742 ], [ 34.796455144789824, 28.605412721320214 ], [ 34.792096614667585, 28.595859050554871 ], [ 34.792032912988986, 28.57688427269126 ], [ 34.792032003774594, 28.576613545279216 ], [ 34.792159880406011, 28.576381923972193 ], [ 34.798308015303199, 28.565245866403664 ], [ 34.803060650829039, 28.547885537088149 ], [ 34.803452611349613, 28.542829155541348 ], [ 34.80468750012858, 28.540457606433591 ], [ 34.804877758002831, 28.540411115081042 ], [ 34.804941177293721, 28.540318131476759 ], [ 34.804877758002831, 28.540225029162194 ], [ 34.80468750012858, 28.540178537809737 ], [ 34.803525328731681, 28.536794424023824 ], [ 34.80468750012858, 28.53487706222667 ], [ 34.80468750012858, 28.528738856513449 ], [ 34.80468750012858, 28.526227712838846 ], [ 34.80468750012858, 28.525111556153547 ], [ 34.805202960948741, 28.52375626523974 ], [ 34.80468750012858, 28.523158431017258 ], [ 34.80468750012858, 28.522879362393226 ], [ 34.796941042195513, 28.514406919544243 ], [ 34.794332146711689, 28.507677673985953 ], [ 34.794679522442621, 28.505934357984529 ], [ 34.793072461825332, 28.504838824552472 ], [ 34.793231248823638, 28.500447631053603 ], [ 34.791960358384351, 28.496983647577544 ], [ 34.791780949032173, 28.496692419220118 ], [ 34.781079649806486, 28.490746855483394 ], [ 34.777435399854902, 28.486527600562127 ], [ 34.774487733422802, 28.48311483897875 ], [ 34.772250056495764, 28.479194402799948 ], [ 34.771371603217645, 28.476562499959655 ], [ 34.771084546814905, 28.476562499959655 ], [ 34.768249734705499, 28.469977395615174 ], [ 34.767516851721687, 28.468274951427951 ], [ 34.766742944631631, 28.461747050586119 ], [ 34.763481504668462, 28.460563197434077 ], [ 34.762886047354073, 28.460347056172296 ], [ 34.761849818552378, 28.45698448954689 ], [ 34.759569645323658, 28.449585318907587 ], [ 34.757138099744019, 28.446286116411677 ], [ 34.755220651612277, 28.443684458671235 ], [ 34.755158426392903, 28.441791092967463 ], [ 34.755086541111176, 28.439603805571636 ], [ 34.756626367513739, 28.436554670361978 ], [ 34.754316568555417, 28.433799624253574 ], [ 34.751592159650897, 28.424039244315878 ], [ 34.747049212751698, 28.418635248718118 ], [ 34.742470145481448, 28.410229206413042 ], [ 34.740494741439768, 28.408495901665219 ], [ 34.738200068179388, 28.40648245809939 ], [ 34.738120888269023, 28.40273469265243 ], [ 34.738082051046256, 28.400896429826915 ], [ 34.73427796375735, 28.38716316255011 ], [ 34.731065511664745, 28.379019141320803 ], [ 34.727129101727442, 28.374291777643933 ], [ 34.723806142740095, 28.360487222907373 ], [ 34.716803907974388, 28.346361040929615 ], [ 34.715058564901383, 28.336659550398068 ], [ 34.714911341385964, 28.33632361854054 ], [ 34.709618448932751, 28.329683661272519 ], [ 34.695516348101492, 28.300781250254957 ], [ 34.693584322858946, 28.295038819086606 ], [ 34.689562559165317, 28.290846228271015 ], [ 34.685464859416378, 28.283649921606667 ], [ 34.683349013646321, 28.277388810944913 ], [ 34.678804492933686, 28.272603440996612 ], [ 34.675915002675779, 28.269560814180608 ], [ 34.675764680096506, 28.267148255987649 ], [ 34.676127554731913, 28.266980455059652 ], [ 34.67707324043819, 28.266543149846903 ], [ 34.680542946300548, 28.267986178619729 ], [ 34.683341265087726, 28.266628741923085 ], [ 34.685252904498405, 28.268663763821991 ], [ 34.685594558742324, 28.267753720058707 ], [ 34.684135317891233, 28.264144062598483 ], [ 34.681785106997516, 28.264135241148779 ], [ 34.682124257529175, 28.2629922630829 ], [ 34.676586746781275, 28.263489723072453 ], [ 34.673595071056347, 28.257938503959089 ], [ 34.672755718502131, 28.25397646424269 ], [ 34.675883412190174, 28.252138257175062 ], [ 34.671994924426393, 28.251108407527013 ], [ 34.672560811132954, 28.247269630689367 ], [ 34.673445225117575, 28.246577501650926 ], [ 34.67578125010516, 28.248980402923642 ], [ 34.677992105651974, 28.244829416544661 ], [ 34.677206754688335, 28.244034647881243 ], [ 34.670941352461966, 28.243949174514995 ], [ 34.67085385292377, 28.242237567709907 ], [ 34.668972849818054, 28.240950226871711 ], [ 34.668833256150052, 28.233516931760981 ], [ 34.667385459172365, 28.231597423282864 ], [ 34.668863534524704, 28.229557752788224 ], [ 34.666834473332749, 28.22719144852671 ], [ 34.666812777188397, 28.222012043321364 ], [ 34.663600325994722, 28.219604611264195 ], [ 34.661752223686555, 28.216311454909736 ], [ 34.66142916652349, 28.212589979344514 ], [ 34.664538860280565, 28.208050609048684 ], [ 34.666707754359834, 28.207223773258896 ], [ 34.661649941991882, 28.204669713936369 ], [ 34.663901448693586, 28.201596140549455 ], [ 34.66213214408392, 28.200055837507279 ], [ 34.655349611895588, 28.200470328743009 ], [ 34.653561949424912, 28.198677658847281 ], [ 34.649399519173144, 28.197360753696131 ], [ 34.648678660392214, 28.192497729986457 ], [ 34.64663386376224, 28.190699934854401 ], [ 34.647506356333587, 28.186608314522253 ], [ 34.650757909150627, 28.182825207517702 ], [ 34.654356003127525, 28.184165954595329 ], [ 34.654616952211022, 28.179976224523472 ], [ 34.648865461272401, 28.17748761156448 ], [ 34.64545667188866, 28.177336574024046 ], [ 34.648727535847364, 28.174152612453298 ], [ 34.653108954615071, 28.175344705194348 ], [ 34.656540274714416, 28.173343658783111 ], [ 34.65827202813206, 28.170975804090261 ], [ 34.658307075611468, 28.164370655980996 ], [ 34.650819778010707, 28.163195729499556 ], [ 34.644972205303588, 28.164222955825068 ], [ 34.64409792398034, 28.166364908014287 ], [ 34.645990848499423, 28.168465256666622 ], [ 34.638688921856804, 28.172248601991555 ], [ 34.640985131159503, 28.176409244391408 ], [ 34.635014415183733, 28.173692941975702 ], [ 34.633786320782541, 28.174981951955793 ], [ 34.633086919825836, 28.174819350033289 ], [ 34.630298375769726, 28.173132061795535 ], [ 34.625067829717089, 28.164771080021765 ], [ 34.625402450363303, 28.162291765153071 ], [ 34.628110647189388, 28.16138780080658 ], [ 34.628457069638692, 28.160126209357671 ], [ 34.62505114099806, 28.157971024543507 ], [ 34.61612784822244, 28.155238747470733 ], [ 34.615029454046649, 28.149756312104422 ], [ 34.608226537824656, 28.143054723396986 ], [ 34.609963536088813, 28.142026543790465 ], [ 34.61066555946833, 28.139078259454685 ], [ 34.604771733728874, 28.138481020582638 ], [ 34.600603938121836, 28.140061140209603 ], [ 34.598911762068603, 28.139481902168427 ], [ 34.590800762146408, 28.131619811205631 ], [ 34.589749455573497, 28.129608869553948 ], [ 34.588930844982897, 28.126296162837804 ], [ 34.591091752183097, 28.124999999650711 ], [ 34.591159820969793, 28.124999999650711 ], [ 34.590964436960022, 28.120308279703764 ], [ 34.58294951880579, 28.121237755118798 ], [ 34.582429766421015, 28.121031522586946 ], [ 34.581735729920652, 28.120169043966513 ], [ 34.580001712010151, 28.116166949345569 ], [ 34.579870343542225, 28.115606903735767 ], [ 34.580201149263885, 28.113377928648866 ], [ 34.577644229197986, 28.111792564175651 ], [ 34.577709436341934, 28.110240578940036 ], [ 34.573355317394679, 28.107948422881478 ], [ 34.576745509697744, 28.103043556415074 ], [ 34.573734402320973, 28.097565412614266 ], [ 34.570657253230415, 28.0954269174185 ], [ 34.574199914795052, 28.093009472309426 ], [ 34.573143958727222, 28.088461756305293 ], [ 34.573335528712164, 28.088201641792608 ], [ 34.575290918341935, 28.087284207400685 ], [ 34.580872058799187, 28.08628904820155 ], [ 34.581402301775384, 28.086403966270566 ], [ 34.581955910037905, 28.086761474662879 ], [ 34.581999659357272, 28.089425206308448 ], [ 34.584693312347, 28.091796040455051 ], [ 34.590860366513361, 28.090697050028922 ], [ 34.591129303375297, 28.090911626470607 ], [ 34.593618631295627, 28.096579432794698 ], [ 34.592676758726178, 28.098769307158321 ], [ 34.595056772252882, 28.10087645018816 ], [ 34.604592323477505, 28.098970055623816 ], [ 34.609677075936943, 28.095889449538745 ], [ 34.60986530763855, 28.095600366963623 ], [ 34.610363245168337, 28.092825650883256 ], [ 34.607015609683252, 28.091721534321344 ], [ 34.606040239166099, 28.089379071986933 ], [ 34.608649969220913, 28.087779521607935 ], [ 34.609699249621258, 28.085517406503548 ], [ 34.607938408531254, 28.081330180144128 ], [ 34.609476923721346, 28.081197142534307 ], [ 34.611935734946904, 28.077995300642868 ], [ 34.608691811978261, 28.075798749712831 ], [ 34.609607219298162, 28.070639610729607 ], [ 34.605261803090229, 28.067988157527815 ], [ 34.604459524187988, 28.062351941689144 ], [ 34.611349106276997, 28.05787086454913 ], [ 34.612167954287905, 28.050798654434708 ], [ 34.619084119437289, 28.049742221726547 ], [ 34.622471332286516, 28.047016978251037 ], [ 34.623608350545524, 28.043270945797559 ], [ 34.622465252869368, 28.040345549208055 ], [ 34.619497537781648, 28.042391419628331 ], [ 34.616906404807331, 28.042023658965164 ], [ 34.621167421439843, 28.034179567933073 ], [ 34.619251131634783, 28.033029436659739 ], [ 34.616474270671567, 28.037511348370479 ], [ 34.614368438852601, 28.037030816319351 ], [ 34.614257216098217, 28.035704731788101 ], [ 34.615661502077096, 28.033367872229711 ], [ 34.615388751190508, 28.030237078578715 ], [ 34.623427152441892, 28.025368571702494 ], [ 34.623852252979773, 28.025141119667154 ], [ 34.630053043413696, 28.025977731087913 ], [ 34.632891177886108, 28.031012058560144 ], [ 34.637697339261216, 28.031294942108197 ], [ 34.637871145837281, 28.031584501323913 ], [ 34.63761150796519, 28.04016244454143 ], [ 34.641980648288857, 28.040020227551864 ], [ 34.642679571705244, 28.035304307747957 ], [ 34.644386529915224, 28.034086703938442 ], [ 34.647366523446806, 28.048463940658529 ], [ 34.643677115007335, 28.051754951230144 ], [ 34.64356613147244, 28.052037834778467 ], [ 34.644456266943642, 28.055301904359929 ], [ 34.647202849532384, 28.061040401893266 ], [ 34.649063348995142, 28.063208580111919 ], [ 34.650075674453447, 28.063886046603983 ], [ 34.653186440202617, 28.064198613175805 ], [ 34.653351544938367, 28.064432978299379 ], [ 34.655128836426925, 28.071516156545627 ], [ 34.65725040458301, 28.06816077250177 ], [ 34.661777258114419, 28.068318247389655 ], [ 34.662516713076393, 28.067963719350374 ], [ 34.664288043858619, 28.064468145388979 ], [ 34.666524767504477, 28.064491152745084 ], [ 34.666846156425549, 28.064951419472571 ], [ 34.667588353420705, 28.06751883013051 ], [ 34.667566657275998, 28.06984961027149 ], [ 34.665861964458962, 28.073627710750628 ], [ 34.665781140587811, 28.074664711807294 ], [ 34.666805624880588, 28.077699064860298 ], [ 34.66666042843692, 28.077951431713487 ], [ 34.66213357490507, 28.083022356196828 ], [ 34.651638508211498, 28.087318062379062 ], [ 34.64997041240521, 28.089764953090267 ], [ 34.650322079700587, 28.093871116359225 ], [ 34.650432348275125, 28.094179510975913 ], [ 34.660150408814523, 28.100834012080291 ], [ 34.663284778170407, 28.107892751249906 ], [ 34.670673727710891, 28.109307766140859 ], [ 34.675772309045001, 28.112593650576777 ], [ 34.677992462682646, 28.117625951876356 ], [ 34.678655624557926, 28.124999999650711 ], [ 34.678112268567148, 28.124999999650711 ], [ 34.678120255445947, 28.128165840781115 ], [ 34.680576920888846, 28.132526159654816 ], [ 34.681075573379523, 28.132883548437206 ], [ 34.683233142296118, 28.133789778175831 ], [ 34.684245348144501, 28.133862614268722 ], [ 34.687709450331468, 28.132867574679153 ], [ 34.689371824650735, 28.134917974085596 ], [ 34.69418835610832, 28.126741528698972 ], [ 34.697889566350788, 28.128069043152003 ], [ 34.703637361975488, 28.126884817680633 ], [ 34.703982114383621, 28.135116576769136 ], [ 34.704217553298029, 28.135599851752012 ], [ 34.707925319598239, 28.139110326580884 ], [ 34.708795071036221, 28.139542937357156 ], [ 34.710862755412471, 28.139122962954701 ], [ 34.711598038419218, 28.13826572918051 ], [ 34.71576845644951, 28.124999999650711 ], [ 34.715928078019161, 28.124999999650711 ], [ 34.715907454765834, 28.124587774706043 ], [ 34.72385644901648, 28.117328644102045 ], [ 34.72034895454091, 28.114541649577994 ], [ 34.715700149343228, 28.113469123501332 ], [ 34.714408755260358, 28.110379219325786 ], [ 34.715233803197883, 28.108822703305712 ], [ 34.715815425342285, 28.108427047470599 ], [ 34.718559979959814, 28.108181476794094 ], [ 34.725067735088729, 28.111550330883382 ], [ 34.738915443793069, 28.103434204824694 ], [ 34.741611361275567, 28.103108167308065 ], [ 34.7460829020049, 28.10633432866657 ], [ 34.753006100751456, 28.105098605316613 ], [ 34.754881977722015, 28.100742817227818 ], [ 34.753667712195487, 28.099613309207108 ], [ 34.750065446263896, 28.099815249274705 ], [ 34.750169515811095, 28.093537211573448 ], [ 34.753722906287628, 28.089318513438798 ], [ 34.754165649725451, 28.086125016356732 ], [ 34.757114410702002, 28.083557009448455 ], [ 34.754965901555941, 28.082816243275346 ], [ 34.753990649748985, 28.079625249006611 ], [ 34.749839901690301, 28.076413511874279 ], [ 34.751835704154928, 28.070151329220515 ], [ 34.743327737185851, 28.07250571206955 ], [ 34.741147637553922, 28.071895361082198 ], [ 34.739056944922723, 28.063173770952986 ], [ 34.741464376080351, 28.060970663965122 ], [ 34.750587821071484, 28.062709927621512 ], [ 34.758869766826813, 28.060896873691853 ], [ 34.769024849318171, 28.062120318598126 ], [ 34.766686677648913, 28.066621542350703 ], [ 34.759297371077309, 28.067260503469825 ], [ 34.756980538521638, 28.070947051165739 ], [ 34.753548502562033, 28.073393464336981 ], [ 34.754407048447085, 28.074360966685617 ], [ 34.75766265360916, 28.074525236850377 ], [ 34.757780552031299, 28.07651126368421 ], [ 34.758901715242636, 28.076890707440626 ], [ 34.765440702027391, 28.07323551190958 ], [ 34.759581446227024, 28.080573677633446 ], [ 34.759662747638139, 28.081687211895577 ], [ 34.762878656725256, 28.080996155748515 ], [ 34.764588952318846, 28.082107662938625 ], [ 34.762141346646573, 28.083264351168978 ], [ 34.761628627859771, 28.08502364182791 ], [ 34.755105256902667, 28.088476658071514 ], [ 34.754937648454302, 28.091172218523432 ], [ 34.755996942804941, 28.092079758574094 ], [ 34.758310437077185, 28.08897995915801 ], [ 34.761800050332695, 28.088727474493368 ], [ 34.756561875330945, 28.094806432870847 ], [ 34.756493926154349, 28.098809242452859 ], [ 34.759794950676699, 28.094897151082719 ], [ 34.767579436442382, 28.091020941763333 ], [ 34.769536733533982, 28.092162251586871 ], [ 34.776108503305288, 28.089977502460016 ], [ 34.786011933904255, 28.090138435240895 ], [ 34.786731362762694, 28.093654870776184 ], [ 34.783219575823317, 28.09549212456227 ], [ 34.783301114655181, 28.097517370830381 ], [ 34.790720701399906, 28.099514603216527 ], [ 34.793671846479064, 28.102605223252596 ], [ 34.789377808539619, 28.104410767842879 ], [ 34.796754121706293, 28.107762217352615 ], [ 34.797415614439856, 28.107908129656721 ], [ 34.801912903658312, 28.108655333177467 ], [ 34.80468750012858, 28.107979774147594 ], [ 34.809356927680838, 28.108447313693162 ], [ 34.809786916033765, 28.108574152275736 ], [ 34.812426328213427, 28.111049055969453 ], [ 34.817380428065022, 28.110487460827947 ], [ 34.82100355646925, 28.106583357236246 ], [ 34.816511034557166, 28.104865551404622 ], [ 34.81455814864028, 28.099340915351277 ], [ 34.81456601590925, 28.098780154780769 ], [ 34.814800143612516, 28.097181678191895 ], [ 34.818119049355019, 28.095391750329348 ], [ 34.818537473326401, 28.094400167733937 ], [ 34.818265080369677, 28.093942165498866 ], [ 34.81363976006709, 28.092247247412807 ], [ 34.810537457837938, 28.089344859078246 ], [ 34.810211539032039, 28.089212179398736 ], [ 34.80468750012858, 28.088448643290263 ], [ 34.80468750012858, 28.088169574666409 ], [ 34.802891612458716, 28.085101843275893 ], [ 34.799177407911593, 28.082270741501723 ], [ 34.799067258947332, 28.081950426371485 ], [ 34.801334261867297, 28.073858380560367 ], [ 34.80468750012858, 28.072265624559144 ], [ 34.80468750012858, 28.07198655593529 ], [ 34.810024381120471, 28.075738549094829 ], [ 34.812321543704797, 28.080741167371258 ], [ 34.816886901709772, 28.085000156932281 ], [ 34.82026755850179, 28.090290426962063 ], [ 34.825125574785616, 28.093221664648148 ], [ 34.828003644553192, 28.098050832480524 ], [ 34.82796132605462, 28.10198795827764 ], [ 34.822906375329595, 28.103192925712982 ], [ 34.822461843140047, 28.103437543108299 ], [ 34.821321249176769, 28.105035066415631 ], [ 34.821711420945796, 28.105582475650991 ], [ 34.823689341290461, 28.106647849419041 ], [ 34.831500411015796, 28.107842206652776 ], [ 34.833174109597749, 28.113616347017022 ], [ 34.83436775187095, 28.114866852523633 ], [ 34.834914207825037, 28.114944935260802 ], [ 34.835806250758424, 28.114026546688052 ], [ 34.835461855380963, 28.111067414729831 ], [ 34.839074015653544, 28.11029481885091 ], [ 34.846897840463512, 28.113996744054894 ], [ 34.85236680488449, 28.114591479213701 ], [ 34.860145926193915, 28.113890528725292 ], [ 34.870748162398527, 28.10906195624451 ], [ 34.870213151216504, 28.106688737995299 ], [ 34.865957617750624, 28.105547547781683 ], [ 34.863409757454995, 28.102581858866259 ], [ 34.860085129325753, 28.103172540780307 ], [ 34.857252240599131, 28.102369546917615 ], [ 34.856717348127304, 28.099749445880683 ], [ 34.85318684539714, 28.097603678767001 ], [ 34.849739909470053, 28.099109530580648 ], [ 34.841019630552069, 28.095290779845904 ], [ 34.838169455956177, 28.095677375910576 ], [ 34.842291950913491, 28.090776204758093 ], [ 34.842307448031214, 28.086357951558526 ], [ 34.844417452703532, 28.083126664064594 ], [ 34.840888977045211, 28.078526138970382 ], [ 34.841029643603875, 28.074030279674069 ], [ 34.841249108759882, 28.073563456888309 ], [ 34.842984079952103, 28.072018027709987 ], [ 34.843381404928316, 28.072162270872468 ], [ 34.844440341349177, 28.075284958034473 ], [ 34.845068931486274, 28.075969218904753 ], [ 34.846998810946957, 28.076320171239232 ], [ 34.84846520410639, 28.075727343542525 ], [ 34.849103808194755, 28.074861645349038 ], [ 34.849141121066303, 28.07324254550737 ], [ 34.84778964507634, 28.072609066655239 ], [ 34.84802484477126, 28.070305824654383 ], [ 34.852100967985862, 28.070319652630218 ], [ 34.861092448258375, 28.07256865471993 ], [ 34.860869050366901, 28.074216246882543 ], [ 34.858141541499428, 28.076786518283683 ], [ 34.860648513218976, 28.079523801882225 ], [ 34.863683462522317, 28.08083796500037 ], [ 34.870382547517139, 28.076793074341154 ], [ 34.87827694392643, 28.079624534045365 ], [ 34.88160574401072, 28.079203843782828 ], [ 34.88352680202081, 28.081493854957472 ], [ 34.888248920851701, 28.081492542846966 ], [ 34.890465379174444, 28.07833182785199 ], [ 34.898342728934402, 28.079490065614401 ], [ 34.90185940278981, 28.077306508988578 ], [ 34.914431333239911, 28.076737641928808 ], [ 34.916576743322388, 28.077809453044132 ], [ 34.921069979296611, 28.076255440736318 ], [ 34.929056763958684, 28.076759815613471 ], [ 34.93694806130457, 28.085089206901458 ], [ 34.950426816844711, 28.093122243696854 ], [ 34.955746054936661, 28.095235943684337 ], [ 34.959319949057218, 28.095357060779889 ], [ 34.963549852743995, 28.09895682299922 ], [ 34.967764854664914, 28.09845924339983 ], [ 34.976836204627844, 28.099538803073663 ], [ 34.977524757062291, 28.100026964972834 ], [ 34.975587129942383, 28.101818442367531 ], [ 34.986039877238902, 28.103149533424556 ], [ 34.990581512027681, 28.10780072182618 ], [ 35.0, 28.109991311979943 ], [ 35.0, 28.0 ], [ 34.551735008178817, 28.0 ], [ 34.552025437224472, 28.001267552055907 ], [ 34.551987052360914, 28.001304745318066 ], [ 34.544801950350397, 28.005966425210659 ], [ 34.542488813108825, 28.009686112024511 ], [ 34.537936449408242, 28.01336061959713 ], [ 34.536588668732641, 28.013877749558468 ], [ 34.516798854184223, 28.012802362738874 ], [ 34.512313127549191, 28.010921001703203 ], [ 34.506094574605235, 28.010504007653957 ], [ 34.504622525382288, 28.0 ], [ 34.498187030979565, 28.0 ], [ 34.497876166852052, 28.000232935102197 ], [ 34.49484360255078, 28.000115871250699 ], [ 34.494795634126909, 28.0 ], [ 34.461533793927678, 28.0 ], [ 34.461637806939919, 28.001746400576387 ], [ 34.46180892184492, 28.00237533425468 ], [ 34.462119433465602, 28.003727970369617 ], [ 34.462374429037197, 28.00508789549022 ], [ 34.462573904962305, 28.006455109615956 ], [ 34.462717858542916, 28.007829612746825 ], [ 34.462774408812543, 28.008713242522575 ], [ 34.462908453662692, 28.009197993293121 ], [ 34.463224807279417, 28.01054986318595 ], [ 34.463485701504752, 28.01190901399039 ], [ 34.463691133639614, 28.013275445705631 ], [ 34.463841101885968, 28.014649158332304 ], [ 34.463911642908499, 28.015680006227527 ], [ 34.464007378438225, 28.016020729673251 ], [ 34.465418763665582, 28.021939394687699 ], [ 34.465470125746393, 28.022160934579908 ], [ 34.46552014423974, 28.022383003273475 ], [ 34.465563691211905, 28.022582142851903 ], [ 34.465573214133023, 28.022603870472672 ], [ 34.465662298277081, 28.022810556262577 ], [ 34.465750106283103, 28.023017744773369 ], [ 34.465836636352435, 28.023225436005674 ], [ 34.465921890283553, 28.023433629958419 ], [ 34.466005866278508, 28.023642326632313 ], [ 34.466088566135163, 28.023851526926734 ], [ 34.466169988954491, 28.02406122904285 ], [ 34.468191030892299, 28.029361879047912 ], [ 34.472200631254786, 28.035968184584036 ], [ 34.472769545978295, 28.036641340625792 ], [ 34.473813101294141, 28.037959767429697 ], [ 34.474823984239848, 28.039323196308828 ], [ 34.475802194816211, 28.040731624565076 ], [ 34.476747733021902, 28.042185049500681 ], [ 34.476930016607461, 28.042484260240506 ], [ 34.477777623139268, 28.043522228068639 ], [ 34.478807748879085, 28.044859063095764 ], [ 34.479808910153501, 28.046235785753325 ], [ 34.480781107862683, 28.04765239334349 ], [ 34.4816545168432, 28.049001065247424 ], [ 34.481733833450349, 28.049095806126743 ], [ 34.48277928183883, 28.050411451327705 ], [ 34.485061485100047, 28.053436929870777 ], [ 34.486015772810234, 28.054762878604166 ], [ 34.486949064048659, 28.056121864832342 ], [ 34.487861357915953, 28.057513886756645 ], [ 34.488752653512748, 28.058938944376912 ], [ 34.488789105733012, 28.059000017337468 ], [ 34.489197523847274, 28.05949818599268 ], [ 34.48943392773414, 28.059982138165417 ], [ 34.490512169901251, 28.062425113228549 ], [ 34.491501372890461, 28.064921452263327 ], [ 34.492401532205633, 28.067471148974512 ], [ 34.492811487260781, 28.068786800470789 ], [ 34.493379270637362, 28.069974296776792 ], [ 34.494444249603177, 28.072425107632647 ], [ 34.4954261851707, 28.074925677078824 ], [ 34.496325072844506, 28.077476001516679 ], [ 34.496672900034937, 28.078584536447458 ], [ 34.498112893595859, 28.081653659988902 ], [ 34.499874902904985, 28.086068497563531 ], [ 34.500644370042373, 28.088374915970107 ], [ 34.501652643155637, 28.090473396730196 ], [ 34.50346632391215, 28.094855728309597 ], [ 34.504628950366104, 28.098164489699897 ], [ 34.505184763766479, 28.09929747809624 ], [ 34.507044151667102, 28.103651042161935 ], [ 34.508624664297386, 28.107953391635775 ], [ 34.508710478506195, 28.108125137865102 ], [ 34.510610588608429, 28.112453055964025 ], [ 34.512310741648029, 28.116905799963234 ], [ 34.512585669793609, 28.117744714547165 ], [ 34.512645977430807, 28.117878771988046 ], [ 34.512729814929614, 28.118249261194919 ], [ 34.514751763383792, 28.127657229198221 ], [ 34.517202579636134, 28.1351306934272 ], [ 34.517781071240179, 28.137016120298185 ], [ 34.517920119018804, 28.137502161595975 ], [ 34.518457755321656, 28.138851664472796 ], [ 34.519147075777305, 28.140680778495174 ], [ 34.519803630333982, 28.142526520082832 ], [ 34.5204274180917, 28.144388887437565 ], [ 34.521018437251442, 28.146267879658936 ], [ 34.521331450786356, 28.147330764103927 ], [ 34.52165151230809, 28.14812550219056 ], [ 34.522348593913236, 28.149950611531729 ], [ 34.523014177662773, 28.15179170092653 ], [ 34.523648262657773, 28.153648771274163 ], [ 34.524776954093731, 28.157157127299591 ], [ 34.52811090189725, 28.164961221883132 ], [ 34.52948147858779, 28.168466051667217 ], [ 34.530754438367069, 28.172039038371409 ], [ 34.531929775839039, 28.175680174800668 ], [ 34.533007487406223, 28.17938945196218 ], [ 34.533987567672412, 28.18316685816432 ], [ 34.5348700130411, 28.187012386213027 ], [ 34.535654819015178, 28.190926023517392 ], [ 34.536341982896616, 28.194907761984069 ], [ 34.536931501088745, 28.198957589921072 ], [ 34.537094015776852, 28.200318174244586 ], [ 34.537611668244324, 28.20294392841992 ], [ 34.538657218256667, 28.209045259231793 ], [ 34.538830010397355, 28.210092134844658 ], [ 34.538996948850638, 28.211143425228911 ], [ 34.539158033617142, 28.212199130385805 ], [ 34.539174651289798, 28.212312614036193 ], [ 34.539372095646222, 28.213214774342831 ], [ 34.539587783649765, 28.214229179933113 ], [ 34.539798045144202, 28.215247678338017 ], [ 34.540002879229988, 28.21627026955754 ], [ 34.540202286806839, 28.217296952692493 ], [ 34.540396267874044, 28.218327727742967 ], [ 34.540584822432322, 28.219362595607343 ], [ 34.541469625823325, 28.224382373847888 ], [ 34.543973137850699, 28.234636800847866 ], [ 34.544442814185054, 28.236692317397015 ], [ 34.544730123297022, 28.237674288038086 ], [ 34.54555344543558, 28.240647363085657 ], [ 34.545697460170473, 28.24119780753319 ], [ 34.545682984682728, 28.243347732212541 ], [ 34.545487377640875, 28.248315731086514 ], [ 34.545510345426592, 28.249564063830711 ], [ 34.545426728261582, 28.255751786216301 ], [ 34.545259464253427, 28.259486203026306 ], [ 34.54528624786262, 28.261957518425206 ], [ 34.545163669368598, 28.268157369966872 ], [ 34.545039115962879, 28.270658796466584 ], [ 34.545053314459565, 28.27435315657322 ], [ 34.545034778532731, 28.275078236771677 ], [ 34.546650004095184, 28.279182302821262 ], [ 34.546975762821845, 28.279899540031948 ], [ 34.549259342945064, 28.285330575545707 ], [ 34.550700610845112, 28.289051099628658 ], [ 34.551476149305408, 28.2907829357843 ], [ 34.553291223112311, 28.295165052425673 ], [ 34.554560228572136, 28.298982018905448 ], [ 34.558442538892734, 28.308905530466113 ], [ 34.562851262875952, 28.318657849780259 ], [ 34.567627948071781, 28.327931130817539 ], [ 34.567765541646892, 28.328245851265464 ], [ 34.568502284253725, 28.329721834795265 ], [ 34.572111754654252, 28.338018598679803 ], [ 34.573014605640132, 28.33983587942285 ], [ 34.577411848878285, 28.349992779443625 ], [ 34.581261640612574, 28.36035363940951 ], [ 34.58415159582016, 28.369599569365121 ], [ 34.584596572274691, 28.370906197962888 ], [ 34.585674878293744, 28.374715826874244 ], [ 34.586637488330226, 28.377816081347206 ], [ 34.589402805595618, 28.380910459650309 ], [ 34.596741465047039, 28.389971519570381 ], [ 34.603511053292827, 28.39924484647284 ], [ 34.609711387771029, 28.408730392693769 ], [ 34.609725906426107, 28.408755398343054 ], [ 34.611412148752322, 28.411772220012331 ], [ 34.613042921793905, 28.414806060451824 ], [ 34.61461822015535, 28.417856916963601 ], [ 34.615099728869851, 28.41882889074089 ], [ 34.616219744546143, 28.420899748824837 ], [ 34.617803313073118, 28.423948096228045 ], [ 34.618989907358973, 28.426329092713885 ], [ 34.620922420034098, 28.431206653064969 ], [ 34.625859616228823, 28.442611979359654 ], [ 34.629545615338671, 28.451039154833545 ], [ 34.62990075941326, 28.45169763483829 ], [ 34.63403713720475, 28.459120678576731 ], [ 34.635183473339296, 28.461634185669418 ], [ 34.637258649067974, 28.466528869112061 ], [ 34.639015474684868, 28.471005221214121 ], [ 34.645768670088557, 28.492715070344531 ], [ 34.650384309189171, 28.514478697134514 ], [ 34.650468701569984, 28.515174839847411 ], [ 34.652705078077524, 28.51899909803025 ], [ 34.659905960492225, 28.531699257415198 ], [ 34.666734269071767, 28.544352844508524 ], [ 34.668739104326555, 28.546558012742494 ], [ 34.668850115740661, 28.546902278617772 ], [ 34.669360640181871, 28.548621070106819 ], [ 34.671888381744161, 28.557614268983698 ], [ 34.673595011700982, 28.56390369839724 ], [ 34.675466432530484, 28.572140102484269 ], [ 34.676958183873822, 28.58031719088595 ], [ 34.678070192885627, 28.588434978891485 ], [ 34.678802383124022, 28.596493481788819 ], [ 34.678923242114749, 28.599237787294328 ], [ 34.679541881253513, 28.604553017108302 ], [ 34.68009101988541, 28.612582804653229 ], [ 34.680190111684979, 28.617628489663304 ], [ 34.680686921464869, 28.620619775982306 ], [ 34.681355997282196, 28.62640799793089 ], [ 34.681767768068553, 28.628732137478551 ], [ 34.682689617232668, 28.636096024712053 ], [ 34.682830499628551, 28.636841558191719 ], [ 34.683869133853754, 28.644512551313582 ], [ 34.683979540024453, 28.645800517180518 ], [ 34.684547585103601, 28.64955760589897 ], [ 34.685409712089225, 28.655450561094874 ], [ 34.686291221263502, 28.659550715093864 ], [ 34.68822399114471, 28.6676173568558 ], [ 34.689215376788688, 28.671068616723829 ], [ 34.690238305253999, 28.674000685383604 ], [ 34.691900235308196, 28.678076198857859 ], [ 34.692180255415124, 28.678778048668306 ], [ 34.69552929294322, 28.688774375636982 ], [ 34.698514319081312, 28.694689160976182 ], [ 34.699689823826944, 28.697058756756576 ], [ 34.701527184632312, 28.70089287870362 ], [ 34.705135076722911, 28.710125153353282 ], [ 34.708024727060142, 28.719562244102491 ], [ 34.710195948584492, 28.729204092495252 ], [ 34.711506035076141, 28.738084565850329 ], [ 34.711545393905581, 28.738304505848632 ], [ 34.711732704701163, 28.739026654257174 ], [ 34.713465432983796, 28.748511623112925 ], [ 34.713533968518554, 28.748773642390134 ], [ 34.715007856627892, 28.756686066609163 ], [ 34.71549473249685, 28.75847501690879 ], [ 34.717416523454418, 28.768187343371601 ], [ 34.717982566642654, 28.772664253053236 ], [ 34.719011381170887, 28.777992631854886 ], [ 34.719151958696685, 28.779133869732512 ], [ 34.720839622851159, 28.787731270681803 ], [ 34.721045013616973, 28.789341329639164 ], [ 34.722617242592165, 28.797225803828255 ], [ 34.722840437236883, 28.799549919993282 ], [ 34.723243595216687, 28.80197663531353 ], [ 34.723876707144811, 28.80683379904093 ], [ 34.724046066573251, 28.807164248631466 ], [ 34.726353020976049, 28.812062925963602 ], [ 34.727235736140919, 28.814115963980967 ], [ 34.728595913970757, 28.816973942893611 ], [ 34.730737645826267, 28.821904420253333 ], [ 34.732691740432124, 28.826870954131714 ], [ 34.734458167211372, 28.831873538233609 ], [ 34.73537662503184, 28.834804893731238 ], [ 34.735525178644536, 28.83633143984413 ], [ 34.735834804433367, 28.841219474599399 ], [ 34.735976059148406, 28.846083750165029 ], [ 34.735948922105834, 28.850924271937771 ], [ 34.735753371721152, 28.855741042615378 ], [ 34.735389383713951, 28.860534064895425 ], [ 34.734856936499185, 28.865303343274938 ], [ 34.734192800657574, 28.869799786231575 ], [ 34.734165940606147, 28.870050279796843 ], [ 34.733461865873146, 28.874962540489278 ], [ 34.733486436250523, 28.879017194188648 ], [ 34.734881169630867, 28.896404845807346 ], [ 34.734945245427355, 28.897275189898451 ], [ 34.735003639306953, 28.898146310104288 ], [ 34.735056351270195, 28.899018207324758 ], [ 34.735103380417527, 28.899890879760761 ], [ 34.735144727647608, 28.900764328311489 ], [ 34.735180392961425, 28.90163855297704 ], [ 34.735210375459062, 28.902513553757579 ], [ 34.735234675140887, 28.90338933065356 ], [ 34.735253292905725, 28.904265883663825 ], [ 34.735266226955382, 28.90514321278944 ], [ 34.735312229976152, 28.91071395078869 ], [ 34.735398617053022, 28.912713028583816 ], [ 34.735463401515347, 28.91332883036165 ], [ 34.735826527972606, 28.914846565816568 ], [ 34.736382351265334, 28.915593537312155 ], [ 34.7408411009365, 28.922260592952341 ], [ 34.741193250269035, 28.922851959251027 ], [ 34.745078884483419, 28.928974605793677 ], [ 34.748896580313286, 28.935777734255232 ], [ 34.751874845348588, 28.941859809682789 ], [ 34.752312887130458, 28.94266598174967 ], [ 34.755575268683984, 28.949586909708401 ], [ 34.758390929098496, 28.956602498506655 ], [ 34.76075976944815, 28.963712731957024 ], [ 34.762681695304479, 28.97091758847651 ], [ 34.762770637355452, 28.971357785034023 ], [ 34.764196317306698, 28.978208645912616 ], [ 34.764988572365056, 28.983675625530068 ], [ 34.76507433980958, 28.985693259936284 ], [ 34.765083815066696, 28.990620183175366 ], [ 34.764975233620639, 28.993444523846215 ], [ 34.764977978351389, 28.994020493751137 ], [ 34.765180230484034, 28.995541211358265 ], [ 34.765632782827097, 29.000438114327963 ], [ 34.765888364756677, 29.005348357840731 ], [ 34.76594694929274, 29.010271938299894 ], [ 34.765808507656985, 29.015208853905904 ], [ 34.765473012869748, 29.020159103760022 ], [ 34.765215227601416, 29.022561674981816 ], [ 34.765140851869262, 29.025109117092583 ], [ 34.764803271554271, 29.03005948745546 ], [ 34.76339084850953, 29.043260435221129 ], [ 34.763327981402099, 29.043887215023233 ], [ 34.763101903530739, 29.045859681879307 ], [ 34.762847039260251, 29.047837621109572 ], [ 34.762563387690818, 29.049821030916277 ], [ 34.762331382388027, 29.051297895781438 ], [ 34.762419324392731, 29.051777852266568 ], [ 34.76259363009256, 29.052808272084398 ], [ 34.762803983317795, 29.053633996312321 ], [ 34.76324745520634, 29.055478941999922 ], [ 34.763665625568947, 29.057328704456552 ], [ 34.764058495303644, 29.059183282782662 ], [ 34.764426060814472, 29.061042677877268 ], [ 34.764768322100899, 29.062906887942873 ], [ 34.764948734197269, 29.063970749051236 ], [ 34.766735013510711, 29.070980378941634 ], [ 34.767467841368486, 29.074261756875096 ], [ 34.767713573922883, 29.075078280138676 ], [ 34.768037543897904, 29.076282634236371 ], [ 34.768902644042491, 29.079123030503538 ], [ 34.770010888492394, 29.083188175694232 ], [ 34.770998519466552, 29.087283753942415 ], [ 34.771865523475583, 29.091409761651242 ], [ 34.77189296628778, 29.091562593339347 ], [ 34.772829606601533, 29.095511252942195 ], [ 34.77287531464475, 29.095732599479916 ], [ 34.774248376162305, 29.099498002431133 ], [ 34.775580322474568, 29.103506661203703 ], [ 34.776793376613838, 29.107545315963925 ], [ 34.777679526289788, 29.110840522772051 ], [ 34.777728243464438, 29.111081730837661 ], [ 34.780115279797215, 29.114708476315464 ], [ 34.78286986994901, 29.119209370916046 ], [ 34.785438985721399, 29.1237441942393 ], [ 34.787822599234282, 29.128312940889991 ], [ 34.790020681709784, 29.132915608169029 ], [ 34.792033204369595, 29.137552190681447 ], [ 34.793860139334413, 29.142222684829591 ], [ 34.795501459625385, 29.146927086116335 ], [ 34.796348211800868, 29.149683332819919 ], [ 34.797332018858292, 29.151596962430339 ], [ 34.798276952719846, 29.15361577135117 ], [ 34.799598663847682, 29.156187271225811 ], [ 34.805667012922918, 29.169172638906403 ], [ 34.807211550873077, 29.172757137832086 ], [ 34.808642075472122, 29.176377264299745 ], [ 34.809102085893343, 29.177654673025032 ], [ 34.809615815518228, 29.178719700553778 ], [ 34.810229025449772, 29.179948516211454 ], [ 34.811870299875117, 29.183502801513349 ], [ 34.813397037543851, 29.187092875335928 ], [ 34.814809224966496, 29.190718734082779 ], [ 34.81610685135071, 29.194380373256067 ], [ 34.817044277672167, 29.197310138752407 ], [ 34.817292921331784, 29.198076845870204 ], [ 34.81836790615445, 29.201777684692622 ], [ 34.819402527605362, 29.206476068616048 ], [ 34.820876722383346, 29.211328802282864 ], [ 34.82112892825802, 29.212095155067473 ], [ 34.822012153339003, 29.215432208230077 ], [ 34.822920862508695, 29.219363679990039 ], [ 34.823707031854852, 29.223330340423317 ], [ 34.824370650585749, 29.227332184133417 ], [ 34.824506726104957, 29.228347510629447 ], [ 34.825026195203364, 29.231033888103966 ], [ 34.825081597937938, 29.231320398617854 ], [ 34.82572915387783, 29.235326791998105 ], [ 34.825790102731439, 29.235794090525182 ], [ 34.826453816790618, 29.239311003600342 ], [ 34.827073062972332, 29.243240656930901 ], [ 34.827090258908825, 29.243320523923387 ], [ 34.827669644439133, 29.246465361387607 ], [ 34.828122601477325, 29.250683553203714 ], [ 34.828204347153417, 29.251183148183948 ], [ 34.828421930928059, 29.251981349559962 ], [ 34.829763607005411, 29.257939998432235 ], [ 34.830837768049165, 29.263954022160675 ], [ 34.831644368193352, 29.270023409053479 ], [ 34.831732834503455, 29.271028702712464 ], [ 34.833115705825705, 29.275955163700239 ], [ 34.833827753048936, 29.278997774328218 ], [ 34.835442265448528, 29.281273997097422 ], [ 34.835721547212202, 29.281652108058452 ], [ 34.839421784388506, 29.287122622011843 ], [ 34.842826839787392, 29.292654315944269 ], [ 34.845936655852498, 29.298247179064361 ], [ 34.848161374448424, 29.302716394146287 ], [ 34.849924256999557, 29.306670923624566 ], [ 34.855375034431106, 29.319035956943949 ], [ 34.855410465921025, 29.319121623664067 ], [ 34.855782533437733, 29.320041174161148 ], [ 34.856147365908726, 29.320963195095771 ], [ 34.856504962434713, 29.321887684669292 ], [ 34.856855323914544, 29.322814644680527 ], [ 34.857198450348918, 29.323744074230028 ], [ 34.857222663695715, 29.323811253586683 ], [ 34.857817062508104, 29.32457945357919 ], [ 34.858450049430807, 29.32540992802609 ], [ 34.861513035998478, 29.329489959694257 ], [ 34.862896115064416, 29.331399098989444 ], [ 34.86424035870597, 29.33332334779427 ], [ 34.865545763326637, 29.335262703411345 ], [ 34.866812327127768, 29.337217165839782 ], [ 34.868040046511524, 29.339186735079927 ], [ 34.869228918780152, 29.341171408434121 ], [ 34.869243709030243, 29.341197128145367 ], [ 34.870391113559677, 29.343091795550201 ], [ 34.870453674897831, 29.343235880431742 ], [ 34.87075759538714, 29.343835021369401 ], [ 34.871482446258554, 29.345310165831897 ], [ 34.872185663937842, 29.346788853623039 ], [ 34.872867247525903, 29.348271084743196 ], [ 34.873527197023172, 29.349756858292629 ], [ 34.874165509730929, 29.35124617517134 ], [ 34.879728383158877, 29.364712065909103 ], [ 34.879974381013582, 29.365119751075795 ], [ 34.880769422171561, 29.366475765044996 ], [ 34.881545410292965, 29.367838608465426 ], [ 34.882302345377795, 29.369208281337258 ], [ 34.883040225626523, 29.370584782761746 ], [ 34.883759051040116, 29.371968112738713 ], [ 34.884458820718848, 29.373358271267534 ], [ 34.885139532863988, 29.374755258348749 ], [ 34.885352158931674, 29.375206381339538 ], [ 34.888093333333629, 29.374515833333646 ], [ 34.892926900271441, 29.373300277037316 ], [ 34.911228551284083, 29.368697736635184 ], [ 34.949420833333726, 29.359093055555739 ], [ 34.955940807351297, 29.358106967942312 ], [ 34.956499772573849, 29.358022429463958 ], [ 34.960690555556091, 29.357388611111489 ], [ 34.960868358588655, 29.357355952415475 ], [ 34.956635952088185, 29.355705619119497 ], [ 34.956454753984552, 29.355468750283045 ], [ 34.956407666381224, 29.35403120557568 ], [ 34.958086848130073, 29.352796554218088 ], [ 34.957880854818328, 29.35215520899591 ], [ 34.954238057341421, 29.349581718022165 ], [ 34.948128700080268, 29.34031963354483 ], [ 34.951686263411034, 29.336069941175445 ], [ 34.951950549878589, 29.334545611891052 ], [ 34.951816916018522, 29.334118246859951 ], [ 34.949063539951112, 29.332197308459072 ], [ 34.944425463664793, 29.323642850137631 ], [ 34.948081850797415, 29.318647265459617 ], [ 34.947787761696432, 29.314059376739486 ], [ 34.94973206538328, 29.310746431703137 ], [ 34.951407670528404, 29.302216052728923 ], [ 34.949435352959675, 29.300074458469929 ], [ 34.945916533322134, 29.299378276186992 ], [ 34.944432258942378, 29.301957845678338 ] ], [ [ 34.908359646781058, 29.208691477430051 ], [ 34.907345533470043, 29.207893609702609 ], [ 34.909668445442684, 29.207239150566657 ], [ 34.910061835885749, 29.208655357059264 ], [ 34.908359646781058, 29.208691477430051 ] ], [ [ 34.650768041812178, 28.181125521225994 ], [ 34.650762319425795, 28.182129501875274 ], [ 34.650401830680629, 28.182374000559683 ], [ 34.647889375794357, 28.183673143201325 ], [ 34.646747351009928, 28.182569146249335 ], [ 34.647214055084781, 28.181451558742623 ], [ 34.649456859047419, 28.180567502688213 ], [ 34.650231957739315, 28.180680751615604 ], [ 34.650768041812178, 28.181125521225994 ] ], [ [ 34.588317037002184, 28.124999999650711 ], [ 34.587859749728182, 28.125174403375951 ], [ 34.586421847090961, 28.124999999650711 ], [ 34.585745453490453, 28.123084545315479 ], [ 34.58955240242166, 28.123781800489965 ], [ 34.588317037002184, 28.124999999650711 ] ], [ [ 34.615970849975149, 28.045402765325576 ], [ 34.614731431311093, 28.047040462247651 ], [ 34.614389777066997, 28.047215700544058 ], [ 34.613806605390891, 28.046383857329396 ], [ 34.614008545458226, 28.045172333836398 ], [ 34.614899754720703, 28.044465542251231 ], [ 34.615531801851603, 28.044666051497323 ], [ 34.615970849975149, 28.045402765325576 ] ], [ [ 34.694998263958972, 28.023576974697875 ], [ 34.699159025968747, 28.027267813958488 ], [ 34.702226162008117, 28.032781958520872 ], [ 34.702461123382385, 28.033315300560645 ], [ 34.70142221486406, 28.037873744577745 ], [ 34.701021313283505, 28.038076877146381 ], [ 34.699959277798882, 28.036825656679142 ], [ 34.698050379521924, 28.030339718203777 ], [ 34.6932442190461, 28.026311874193901 ], [ 34.693051457459141, 28.024128913818593 ], [ 34.693895459508454, 28.023514628297562 ], [ 34.694998263958972, 28.023576974697875 ] ], [ [ 34.665899634360827, 28.034594177879356 ], [ 34.667270302782434, 28.026156545088497 ], [ 34.668681144819764, 28.029545545790612 ], [ 34.668957352699977, 28.029893159841578 ], [ 34.671868562484683, 28.029733538272552 ], [ 34.673410415958202, 28.034935712513175 ], [ 34.673362135854198, 28.036136627603391 ], [ 34.672281622899177, 28.036408543919165 ], [ 34.669054508259308, 28.03471577161568 ], [ 34.665899634360827, 28.034594177879356 ] ], [ [ 34.659471034860807, 28.040133953119494 ], [ 34.660864472317961, 28.036240815861234 ], [ 34.662571430527407, 28.035994052683698 ], [ 34.662199258689171, 28.042318463026859 ], [ 34.660958528813353, 28.04365384564894 ], [ 34.659471034860807, 28.040133953119494 ] ], [ [ 34.672889947713429, 28.047452807701255 ], [ 34.676210403887715, 28.050266742316353 ], [ 34.676197529192805, 28.050709605364453 ], [ 34.674088835731538, 28.054103374271243 ], [ 34.673766255208889, 28.054217338159702 ], [ 34.672104954680457, 28.054433703352935 ], [ 34.671232700429314, 28.054129361980827 ], [ 34.669566154155177, 28.052630662475529 ], [ 34.668998956237388, 28.051894069156305 ], [ 34.668035149203206, 28.04747426552504 ], [ 34.666590213867828, 28.050160646596765 ], [ 34.665056943523624, 28.050192117472449 ], [ 34.66430461386701, 28.044672131813662 ], [ 34.66981387151327, 28.042432427814333 ], [ 34.670140027740722, 28.042426705428483 ], [ 34.672380327990389, 28.046832561473721 ], [ 34.672889947713429, 28.047452807701255 ] ], [ [ 34.656953573449208, 28.055411577582525 ], [ 34.65480160730899, 28.057742476434413 ], [ 34.650701165526606, 28.05775654273063 ], [ 34.648357272370859, 28.055838704292881 ], [ 34.648363709717785, 28.05550313036521 ], [ 34.651297807248412, 28.048923254104828 ], [ 34.651600122448308, 28.048641920088834 ], [ 34.653042912900574, 28.048588753068628 ], [ 34.652866244681853, 28.053304433652691 ], [ 34.653735637290247, 28.053609967526448 ], [ 34.656866908481383, 28.046478033434617 ], [ 34.658732056539428, 28.046014308813604 ], [ 34.659685850521889, 28.046581268411011 ], [ 34.659790754639992, 28.049734473167419 ], [ 34.656487226404934, 28.05312776543397 ], [ 34.656529307481961, 28.053770304056457 ], [ 34.656953573449208, 28.055411577582525 ] ], [ [ 34.725596905173369, 28.057237744526411 ], [ 34.725359916727079, 28.058122635151804 ], [ 34.72475194894394, 28.055015445106633 ], [ 34.725303411423532, 28.05529105673704 ], [ 34.725596905173369, 28.057237744526411 ] ], [ [ 34.78633165368344, 28.05919814068195 ], [ 34.789632916526266, 28.062739968574789 ], [ 34.785330057136939, 28.061595916718161 ], [ 34.774676203444351, 28.058334707880604 ], [ 34.774534463995018, 28.055859207936372 ], [ 34.774710059322096, 28.055455803542749 ], [ 34.775599479832316, 28.055285930601258 ], [ 34.781345367095369, 28.056780338542033 ], [ 34.78633165368344, 28.05919814068195 ] ], [ [ 34.71860396849867, 28.05116546181695 ], [ 34.718413948944885, 28.050856232629272 ], [ 34.717543244225809, 28.050951242406384 ], [ 34.716488361049528, 28.051630258429974 ], [ 34.716366648602389, 28.052988171766856 ], [ 34.711490035237262, 28.049903750757409 ], [ 34.711233973069795, 28.049681306147477 ], [ 34.711220979665221, 28.045007467421122 ], [ 34.708288669986949, 28.04498684416771 ], [ 34.707630157606232, 28.043604612263394 ], [ 34.707169413337986, 28.043523550072123 ], [ 34.705140233435479, 28.048117041568275 ], [ 34.704207658956769, 28.048174023512416 ], [ 34.705750822742417, 28.040809512149188 ], [ 34.709926008978805, 28.040922641466658 ], [ 34.721652269137067, 28.050611257303913 ], [ 34.721915245292848, 28.051125645232524 ], [ 34.721495270890664, 28.052569508575985 ], [ 34.717978715745453, 28.053609847916526 ], [ 34.717687249067637, 28.053185105308685 ], [ 34.71860396849867, 28.05116546181695 ] ], [ [ 34.680896043517969, 28.042468905215877 ], [ 34.682104349236738, 28.041398167891117 ], [ 34.683007121081928, 28.041291236701525 ], [ 34.684101343302494, 28.041556120318788 ], [ 34.6849348547603, 28.042394280371887 ], [ 34.685148834951114, 28.043619513130423 ], [ 34.684473157210867, 28.047126650574704 ], [ 34.683345556652874, 28.043947219788677 ], [ 34.680896043517969, 28.042468905215877 ] ], [ [ 34.700802921917798, 28.054498672176322 ], [ 34.700218439030202, 28.051863670272269 ], [ 34.701084255934063, 28.049641847493177 ], [ 34.701499342520854, 28.049762248728825 ], [ 34.702581524618033, 28.054090142546016 ], [ 34.701244950394646, 28.054967045393063 ], [ 34.700802921917798, 28.054498672176322 ] ], [ [ 34.67005085906046, 28.02103722089123 ], [ 34.670661568876774, 28.021109938273213 ], [ 34.671665429915961, 28.022362827882162 ], [ 34.671593665815344, 28.022902608168941 ], [ 34.669939637204735, 28.024096608372098 ], [ 34.669763326916495, 28.024358749057342 ], [ 34.669467925704474, 28.021205663910585 ], [ 34.67005085906046, 28.02103722089123 ] ], [ [ 34.733520031324979, 28.072560549130131 ], [ 34.734022855770881, 28.073590278268888 ], [ 34.733932017948995, 28.074029446002356 ], [ 34.731258034930697, 28.078306674713303 ], [ 34.729920268206278, 28.07950985429656 ], [ 34.722378730694288, 28.081877827699962 ], [ 34.721464276655574, 28.082655668424508 ], [ 34.720508336890717, 28.081752062008057 ], [ 34.711055874929116, 28.082000851358515 ], [ 34.7049793006546, 28.079410672564755 ], [ 34.704278350166014, 28.078164815653871 ], [ 34.704378604789461, 28.077715277838102 ], [ 34.705438732811807, 28.077344656431023 ], [ 34.71559762932764, 28.078880906228974 ], [ 34.716635822885337, 28.078781843207722 ], [ 34.719899057895638, 28.07816863057807 ], [ 34.723911761819089, 28.076041579255616 ], [ 34.724322080200317, 28.075785040447286 ], [ 34.729135632204148, 28.071876168650554 ], [ 34.730687856659699, 28.067119002340078 ], [ 34.730326533343366, 28.061778664353852 ], [ 34.730751275951029, 28.061393260790481 ], [ 34.731891751203754, 28.061664700465748 ], [ 34.732854843276691, 28.062775254374763 ], [ 34.732951640905803, 28.070984244427365 ], [ 34.732426524065481, 28.072084069424662 ], [ 34.731785177943848, 28.074023365686017 ], [ 34.731935023882791, 28.074622154089411 ], [ 34.733520031324979, 28.072560549130131 ] ], [ [ 34.734054565865698, 28.08387184141251 ], [ 34.736933230984064, 28.087721824702726 ], [ 34.735097646339959, 28.090047717028398 ], [ 34.734685421395646, 28.090228676812181 ], [ 34.731121778647548, 28.090309858613374 ], [ 34.72993349993159, 28.090413570230353 ], [ 34.729513048888457, 28.090118646558381 ], [ 34.728424549054012, 28.084995866266148 ], [ 34.728575944524572, 28.084681153013001 ], [ 34.736606836436764, 28.077911258098389 ], [ 34.736957907481887, 28.077762842081398 ], [ 34.737495302766426, 28.079843044121176 ], [ 34.734054565865698, 28.08387184141251 ] ], [ [ 34.744747877313038, 28.083598375564947 ], [ 34.746376634074856, 28.084276080376767 ], [ 34.748596071851708, 28.08140826198192 ], [ 34.748967647439429, 28.081541061270997 ], [ 34.750778913516818, 28.084792256158174 ], [ 34.753147125240162, 28.085546851206132 ], [ 34.752870559429198, 28.086261272639966 ], [ 34.748242735414351, 28.088267564796197 ], [ 34.743555546252132, 28.093924402988733 ], [ 34.743104219684369, 28.09420335290266 ], [ 34.742359757297343, 28.094273209541441 ], [ 34.739494204294282, 28.092036842926262 ], [ 34.739948869145472, 28.090580105787254 ], [ 34.741372346656981, 28.088577628554866 ], [ 34.741972446271689, 28.083336233980241 ], [ 34.739443063446991, 28.081607580525457 ], [ 34.739589810321732, 28.081023931309659 ], [ 34.740465521567117, 28.080561637509525 ], [ 34.742953777495352, 28.080613374607687 ], [ 34.744747877313038, 28.083598375564947 ] ], [ [ 34.738823056439301, 28.077333449978724 ], [ 34.738695144965178, 28.074463844631069 ], [ 34.739545345142282, 28.07439684873566 ], [ 34.739820123100358, 28.075071454484167 ], [ 34.738823056439301, 28.077333449978724 ] ] ] } },
{ "type": "Feature", "properties": { "MRGID": 8490, "GEONAME": "Egyptian Exclusive Economic Zone", "MRGID_TER1": 3868.0, "POL_TYPE": "200NM", "MRGID_SOV1": 3868, "TERRITORY1": "Egypt", "ISO_TER1": "EGY", "SOVEREIGN1": "Egypt", "MRGID_TER2": null, "MRGID_SOV2": null, "TERRITORY2": null, "ISO_TER2": null, "SOVEREIGN2": null, "MRGID_TER3": null, "MRGID_SOV3": null, "TERRITORY3": null, "ISO_TER3": null, "SOVEREIGN3": null, "X_1": 31.15948, "Y_1": 30.4476, "MRGID_EEZ": 8490, "AREA_KM2": 242929, "ISO_SOV1": "EGY", "ISO_SOV2": null, "ISO_SOV3": null, "UN_SOV1": 818, "UN_SOV2": null, "UN_SOV3": null, "UN_TER1": 818.0, "UN_TER2": null, "UN_TER3": null }, "geometry": { "type": "MultiPolygon", "coordinates": [ [ [ [ 33.329543294088325, 32.526215332871345 ], [ 33.368153300234866, 32.471295804857789 ], [ 33.373840357447051, 32.46324772150524 ], [ 33.379533733295688, 32.455234067798131 ], [ 33.385233425982591, 32.447254854528012 ], [ 33.390939436406569, 32.439310092486863 ], [ 33.396651763668245, 32.431399789768705 ], [ 33.402370408667565, 32.423523958064635 ], [ 33.408095371404528, 32.415682604568701 ], [ 33.413705747922535, 32.408040436517069 ], [ 33.413820665092118, 32.407842290689501 ], [ 33.419276386096925, 32.398494431572857 ], [ 33.424740282838201, 32.389191141058717 ], [ 33.486234004296051, 32.285089143649117 ], [ 33.541489402114308, 32.195949203093278 ], [ 33.573831130902448, 32.126219276298997 ], [ 33.585181847209384, 32.101576326448338 ], [ 33.597170165770905, 32.075549111502482 ], [ 33.606502491796817, 32.049689874088614 ], [ 33.60942977606399, 32.04250156239732 ], [ 33.62808055247595, 31.989598181311123 ], [ 33.628320550953077, 31.988913954615384 ], [ 33.629477741904481, 31.985648042323305 ], [ 33.630922624179817, 31.980517115073042 ], [ 33.63340842226151, 31.971797443197545 ], [ 33.635911392896702, 31.963124280661106 ], [ 33.638431536086927, 31.954497645450147 ], [ 33.639399293842615, 31.95122520677802 ], [ 33.640963028721018, 31.9459014262099 ], [ 33.643508192848827, 31.93734206748249 ], [ 33.646070621262453, 31.928829526561458 ], [ 33.648650312162459, 31.920363818735325 ], [ 33.651247266448223, 31.911944959292498 ], [ 33.65386148322105, 31.903572964421016 ], [ 33.661341855142751, 31.879905595167344 ], [ 33.663753686683464, 31.876752090936435 ], [ 33.698252909744184, 31.844019202924017 ], [ 33.723110810515919, 31.81882149151869 ], [ 33.723514101594759, 31.818420489214247 ], [ 33.851599891122106, 31.686911443808242 ], [ 33.914441333001349, 31.624005569101826 ], [ 33.963405355829622, 31.57166329769143 ], [ 33.99345171932643, 31.596368215295968 ], [ 34.165879557822478, 31.38665978415014 ], [ 34.213945216964561, 31.328201857294545 ], [ 34.217076540250133, 31.324393511151754 ], [ 34.213431970138714, 31.321583601887284 ], [ 34.205292586784225, 31.315308258569416 ], [ 34.19356572587813, 31.306267023304599 ], [ 34.184804558384002, 31.301511049495332 ], [ 34.173147201582452, 31.292158245906563 ], [ 34.167378544384661, 31.289062499734797 ], [ 34.136585831271447, 31.270116448015671 ], [ 34.127148031856649, 31.264780640813996 ], [ 34.106242060623202, 31.253117442016503 ], [ 34.101562500409301, 31.250836968151646 ], [ 34.095841325616988, 31.247953636451314 ], [ 34.081260356480897, 31.240605185181238 ], [ 34.061006427005253, 31.230397700993393 ], [ 34.051584959279097, 31.226042747474878 ], [ 34.017652631064408, 31.211083531579902 ], [ 34.000129461505907, 31.204383254084036 ], [ 33.99917316471047, 31.202006220910363 ], [ 33.99543845651985, 31.201800704239133 ], [ 33.983889102900406, 31.197852730818965 ], [ 33.976345777536238, 31.196979522387267 ], [ 33.959845304417655, 31.19081890556825 ], [ 33.957084655532952, 31.188542366237613 ], [ 33.940604329026911, 31.183572054307149 ], [ 33.91784656017083, 31.174326300618361 ], [ 33.906780004893761, 31.170743703759001 ], [ 33.903667927033638, 31.170722245935025 ], [ 33.868810653289614, 31.159201622057566 ], [ 33.860869169277095, 31.158415079492272 ], [ 33.835032701797758, 31.151756048503245 ], [ 33.830826521327282, 31.153901338975885 ], [ 33.831083059236306, 31.156779527453409 ], [ 33.827018141574541, 31.153374910024183 ], [ 33.79768550388323, 31.143289804680819 ], [ 33.783602237553595, 31.138813376136596 ], [ 33.765838145913705, 31.135015129944463 ], [ 33.760782956868269, 31.132875561857844 ], [ 33.750000000100187, 31.130580305836531 ], [ 33.726499319288422, 31.125913142777648 ], [ 33.723767757176432, 31.124473571897909 ], [ 33.718652844153524, 31.124412417099421 ], [ 33.681508303065783, 31.117816210050051 ], [ 33.66852533837428, 31.117952346723456 ], [ 33.660707116341058, 31.11643505103703 ], [ 33.607452630934773, 31.113560318653697 ], [ 33.570308923518297, 31.113560318653697 ], [ 33.539783478125543, 31.115263819869512 ], [ 33.511789202509732, 31.119756340882844 ], [ 33.494096636650426, 31.124180912719055 ], [ 33.493032336673565, 31.124686002557098 ], [ 33.481638550479119, 31.132042050400656 ], [ 33.477403759875955, 31.136966943869538 ], [ 33.476840853522589, 31.137312650458568 ], [ 33.473670363796913, 31.137539744563696 ], [ 33.482428312616747, 31.130556702230336 ], [ 33.481717348177625, 31.128799438643597 ], [ 33.484609365530247, 31.128623843315808 ], [ 33.487255454276379, 31.12615275364675 ], [ 33.487124324128246, 31.126059531722092 ], [ 33.483181476844464, 31.127146243704516 ], [ 33.482943057576648, 31.125712633531293 ], [ 33.481040001295554, 31.128566145511314 ], [ 33.472775817150563, 31.129972100632273 ], [ 33.472995758047858, 31.131840705683942 ], [ 33.470977306157721, 31.135055303559824 ], [ 33.468628644796212, 31.13577961933413 ], [ 33.464420318543517, 31.139591932721601 ], [ 33.463371276463903, 31.139774560747611 ], [ 33.46217286598548, 31.138947248317237 ], [ 33.462189555604169, 31.138533354230958 ], [ 33.46364986934654, 31.135431051102415 ], [ 33.464552044941485, 31.133902549862881 ], [ 33.467668652686228, 31.1325370075769 ], [ 33.469504952292112, 31.129969835240132 ], [ 33.465179443477069, 31.131237149075162 ], [ 33.457917213808713, 31.134996652473717 ], [ 33.45191514476889, 31.1426150802221 ], [ 33.444347024196162, 31.142797351217013 ], [ 33.447216510833897, 31.144127964734167 ], [ 33.447060942509182, 31.145046949557155 ], [ 33.441051125809594, 31.15132105362386 ], [ 33.437636852359304, 31.152842760485242 ], [ 33.433545828278028, 31.150732159561613 ], [ 33.430851221107758, 31.152170062198763 ], [ 33.428831458006101, 31.151448130526973 ], [ 33.426062941851995, 31.152611613135548 ], [ 33.425418853697437, 31.153123378641425 ], [ 33.42563354974871, 31.153594135960958 ], [ 33.428971647923362, 31.152253031852126 ], [ 33.436371207665303, 31.154445051997783 ], [ 33.433287858648129, 31.158128142699894 ], [ 33.431848049448348, 31.158025026433876 ], [ 33.433237552371537, 31.159661531754381 ], [ 33.430832743636216, 31.158637046562603 ], [ 33.431327104562541, 31.160196423326482 ], [ 33.423639654746779, 31.160203933564787 ], [ 33.423098444537885, 31.163068651996866 ], [ 33.424271941097544, 31.164260744737646 ], [ 33.429889440246228, 31.16266357936081 ], [ 33.439080238163086, 31.157721757952885 ], [ 33.43826341632419, 31.156456708610278 ], [ 33.440213322786889, 31.154432535233468 ], [ 33.444360852171911, 31.15586125849066 ], [ 33.454043030661893, 31.150760769694188 ], [ 33.452164769589075, 31.150163412111965 ], [ 33.447886109156883, 31.152873158469816 ], [ 33.44459772100808, 31.152817845667215 ], [ 33.448062658665407, 31.148749113081351 ], [ 33.447226166854847, 31.147864342065958 ], [ 33.449293970840671, 31.146470070037822 ], [ 33.450297832779114, 31.146787524425037 ], [ 33.450099825447097, 31.148171305861496 ], [ 33.447371959549031, 31.151396870969137 ], [ 33.451600552024416, 31.149613380453332 ], [ 33.452840805259285, 31.147841453420398 ], [ 33.460053443612054, 31.146949530097032 ], [ 33.463050008051681, 31.14540302712814 ], [ 33.462897538790997, 31.147145509457943 ], [ 33.426981568744935, 31.164942145763575 ], [ 33.424957275758032, 31.167368412322418 ], [ 33.409780502168616, 31.175369620311756 ], [ 33.398437499791129, 31.179966450091683 ], [ 33.398437499791129, 31.180245518715708 ], [ 33.375709175638377, 31.188265442496601 ], [ 33.363895535551109, 31.191655755309142 ], [ 33.357249140935636, 31.192455530498677 ], [ 33.34585714349268, 31.196235657150197 ], [ 33.340832710361525, 31.196562051697498 ], [ 33.317422032800579, 31.202256441082142 ], [ 33.29774284385789, 31.203687668051543 ], [ 33.291051149491608, 31.204513907590893 ], [ 33.286291002827937, 31.205871105067615 ], [ 33.273735165745705, 31.210178732662683 ], [ 33.272700429182095, 31.211004853491318 ], [ 33.272355556263875, 31.211712956288153 ], [ 33.273937821673741, 31.214805245466124 ], [ 33.273754000246953, 31.215020418158048 ], [ 33.273660421292078, 31.215002655648362 ], [ 33.269446253941709, 31.208009958193259 ], [ 33.269446850192224, 31.207751631533 ], [ 33.270265341173086, 31.206042647150724 ], [ 33.27194881448699, 31.205319642587767 ], [ 33.273215055430825, 31.201419353920159 ], [ 33.274175763401246, 31.201680660034526 ], [ 33.273130536245816, 31.205466151141934 ], [ 33.276368856438097, 31.203732251941886 ], [ 33.27701520908542, 31.204913973700997 ], [ 33.27874135972607, 31.20488393274772 ], [ 33.280477523419592, 31.202712655464779 ], [ 33.284393668033402, 31.200863361555122 ], [ 33.288100123122575, 31.201851367546993 ], [ 33.288159012528382, 31.203766464850503 ], [ 33.290626406883433, 31.203781604937177 ], [ 33.301079869141375, 31.202155947239305 ], [ 33.307085871815929, 31.199803948493667 ], [ 33.325570106375807, 31.195927619564003 ], [ 33.353370070872614, 31.185357451385414 ], [ 33.36094963531778, 31.181110144018163 ], [ 33.365861773702449, 31.179936051207989 ], [ 33.367528438687117, 31.173481345287939 ], [ 33.373290538927989, 31.170918226195312 ], [ 33.38121974449578, 31.164528369488977 ], [ 33.385160445998025, 31.169078349985881 ], [ 33.383365154578854, 31.17009520532946 ], [ 33.383862376248402, 31.171766161878935 ], [ 33.402872323898833, 31.162848829810088 ], [ 33.412241459176101, 31.161306142664415 ], [ 33.412693500705046, 31.159418940531737 ], [ 33.405930280558522, 31.159168600750633 ], [ 33.405032276918718, 31.15941286111493 ], [ 33.390637636517937, 31.166046500645763 ], [ 33.386753440319552, 31.167016745027041 ], [ 33.385339974960033, 31.166841268410252 ], [ 33.384147643899126, 31.165658355049231 ], [ 33.383029341431012, 31.163437962192432 ], [ 33.383031725534323, 31.162711501534602 ], [ 33.385540128074496, 31.15711653220248 ], [ 33.385132312506158, 31.154004216022059 ], [ 33.381034731468304, 31.146156668895287 ], [ 33.371990918746377, 31.137731433259177 ], [ 33.372029542829438, 31.133833051154767 ], [ 33.374690413732225, 31.126945018597809 ], [ 33.374884843561375, 31.12094974483486 ], [ 33.37351644053129, 31.120508551828465 ], [ 33.370422720532787, 31.115435242342812 ], [ 33.36479783075535, 31.113281250029843 ], [ 33.364024519916001, 31.113281250029843 ], [ 33.364069819667151, 31.113160848794365 ], [ 33.360489368590009, 31.112025261356791 ], [ 33.348163605066503, 31.111786127128369 ], [ 33.330988407489343, 31.109245300430331 ], [ 33.325620174331988, 31.110611319357105 ], [ 33.322376131753771, 31.110844016238445 ], [ 33.314665437160471, 31.110615849242464 ], [ 33.312144875786174, 31.110029340182052 ], [ 33.306405544580315, 31.107596278345682 ], [ 33.306181907469721, 31.105203151804204 ], [ 33.303902864426021, 31.10332322158942 ], [ 33.29276680954095, 31.099667906449071 ], [ 33.285514474214068, 31.095691562116087 ], [ 33.279053211337242, 31.094706415968403 ], [ 33.277615308699779, 31.094030380298108 ], [ 33.277272104923867, 31.092054247805265 ], [ 33.271235942585207, 31.092009663915007 ], [ 33.267688154885064, 31.090250373256509 ], [ 33.266668558407304, 31.088528752499968 ], [ 33.260690927545028, 31.086845517506987 ], [ 33.259456753726766, 31.085628032407953 ], [ 33.260077356984965, 31.083815455119492 ], [ 33.257313012785659, 31.086977958866015 ], [ 33.257362842421429, 31.088672041481715 ], [ 33.25627231641451, 31.087627172256617 ], [ 33.254935145041173, 31.089434743019126 ], [ 33.24943125275027, 31.089048504884744 ], [ 33.245702623977508, 31.085538745017203 ], [ 33.240655064780043, 31.076858043464341 ], [ 33.235511541625016, 31.073056101957661 ], [ 33.231185436558832, 31.072614669731422 ], [ 33.229969858922317, 31.073620676553105 ], [ 33.227956414457111, 31.072046756852643 ], [ 33.226573705911875, 31.073480129604434 ], [ 33.225472331383315, 31.072367548623504 ], [ 33.215803742548957, 31.073145151028172 ], [ 33.199069977197979, 31.069125652726882 ], [ 33.196712016846817, 31.066488862071367 ], [ 33.195962309613464, 31.060861825612875 ], [ 33.196987151836282, 31.059862374849132 ], [ 33.191254257978329, 31.057453155838886 ], [ 33.185071348764012, 31.052661657009992 ], [ 33.175024271253193, 31.048216223600235 ], [ 33.167442441416171, 31.047029614025547 ], [ 33.165178775880264, 31.048397302993493 ], [ 33.163082360862944, 31.046159743877098 ], [ 33.15349912668367, 31.044671654573335 ], [ 33.15169703998717, 31.042061329167183 ], [ 33.152208566272776, 31.043135046845151 ], [ 33.149103164979152, 31.045076846819143 ], [ 33.147901773248776, 31.044660806950617 ], [ 33.147935271196133, 31.042587875929826 ], [ 33.147293328824077, 31.044691919896337 ], [ 33.139212131534663, 31.042889356558902 ], [ 33.138401031183179, 31.044336318966145 ], [ 33.135365128598124, 31.043109535776523 ], [ 33.134265541921735, 31.043871044812988 ], [ 33.139017820416285, 31.045448064476801 ], [ 33.143106460394876, 31.049919247275568 ], [ 33.141926765708405, 31.051899909653315 ], [ 33.139550447495623, 31.051397323527709 ], [ 33.139719247545912, 31.055086017006204 ], [ 33.144764303929861, 31.054891705887542 ], [ 33.14644825478311, 31.053369879416493 ], [ 33.148646354345743, 31.058151006364085 ], [ 33.147474050287798, 31.060122012720768 ], [ 33.143027543986506, 31.060302257543213 ], [ 33.144191861166092, 31.062404275337173 ], [ 33.149485826510414, 31.064543128462986 ], [ 33.145012259608137, 31.068486452388157 ], [ 33.144165515526112, 31.070566058177349 ], [ 33.144956469266305, 31.072382569100455 ], [ 33.142910957674616, 31.07572841673317 ], [ 33.145341157868671, 31.077319741013355 ], [ 33.149542450524422, 31.077167510972146 ], [ 33.152259350089395, 31.08014774282438 ], [ 33.156146168711274, 31.081410646384256 ], [ 33.158914804475302, 31.081426263111723 ], [ 33.160156250211202, 31.080382705097833 ], [ 33.160537242599872, 31.081851959000744 ], [ 33.157356142672398, 31.083073258124443 ], [ 33.150789618646598, 31.080170869789981 ], [ 33.146420717542441, 31.080021500492052 ], [ 33.143615603477855, 31.082112073513429 ], [ 33.134902954408261, 31.085484862136752 ], [ 33.130989432216978, 31.085905551500105 ], [ 33.122408747866103, 31.091079473539082 ], [ 33.117494940339185, 31.092541336813326 ], [ 33.119349122064563, 31.094390154082731 ], [ 33.118423342862997, 31.099748849929796 ], [ 33.114021420452417, 31.100570201653511 ], [ 33.117205739054128, 31.103526234548127 ], [ 33.120198250249217, 31.104678034963456 ], [ 33.124038577518917, 31.099824428954264 ], [ 33.124278307098592, 31.101007818955708 ], [ 33.126825809464009, 31.10101795161728 ], [ 33.130693316044329, 31.104153633083854 ], [ 33.135560750928079, 31.10470593013477 ], [ 33.130988478935791, 31.105433344972909 ], [ 33.124136209718955, 31.104054331742105 ], [ 33.12315022989938, 31.104451656718766 ], [ 33.122023105981697, 31.105618000070791 ], [ 33.121602654039833, 31.107792735246818 ], [ 33.121345639490272, 31.108017921889768 ], [ 33.11765146284543, 31.108720540620681 ], [ 33.115089654963953, 31.111295223196009 ], [ 33.114195346638411, 31.113281250029843 ], [ 33.113984227190798, 31.114493847313327 ], [ 33.10978508031755, 31.115467429078933 ], [ 33.110157132546334, 31.11721897117863 ], [ 33.112171769512287, 31.118266344116535 ], [ 33.11218941241188, 31.11875283687408 ], [ 33.110126853272021, 31.119959950091811 ], [ 33.110410333071144, 31.120954156009589 ], [ 33.109004139629548, 31.122180461659042 ], [ 33.10434675220111, 31.123221516859587 ], [ 33.106075644875119, 31.12590527550816 ], [ 33.10616517058665, 31.128701925154047 ], [ 33.104083537725302, 31.134691714850902 ], [ 33.106005549016999, 31.135321140458274 ], [ 33.109449267170675, 31.134271263807875 ], [ 33.114175557956258, 31.135262847302812 ], [ 33.11335992771896, 31.142014146036303 ], [ 33.1161571745142, 31.141900420468318 ], [ 33.119335651119428, 31.137359142710409 ], [ 33.117280363897834, 31.134327650400763 ], [ 33.117654203978503, 31.132623552934689 ], [ 33.120028853049661, 31.131083846142673 ], [ 33.12999343844703, 31.130564928328909 ], [ 33.134224653345285, 31.126941561604184 ], [ 33.138523339880663, 31.129578947610668 ], [ 33.142216563244318, 31.128865361647541 ], [ 33.144898176110047, 31.127058744165794 ], [ 33.146374225290884, 31.123724579625787 ], [ 33.156025529155073, 31.113281250029843 ], [ 33.156473875369528, 31.113281250029843 ], [ 33.156473875369528, 31.112583756535315 ], [ 33.159991025865537, 31.109969973235764 ], [ 33.160298227981542, 31.110351443164916 ], [ 33.156799316635642, 31.113281250029843 ], [ 33.157003045454445, 31.113281250029843 ], [ 33.147820830667428, 31.124337434325213 ], [ 33.14764153912617, 31.127915859229603 ], [ 33.14565813561515, 31.130772232852479 ], [ 33.131850957556225, 31.135113358394904 ], [ 33.127148628307026, 31.139719962906099 ], [ 33.126554131467998, 31.146079302018279 ], [ 33.122934579667202, 31.150786519082772 ], [ 33.123280047936504, 31.154633164089461 ], [ 33.115152359294569, 31.160494446961252 ], [ 33.113498807324646, 31.164007067572498 ], [ 33.108539819657466, 31.168167352941168 ], [ 33.110520839964892, 31.169359207361651 ], [ 33.109965562560745, 31.172031164207112 ], [ 33.105616569749003, 31.175473809468855 ], [ 33.096152901336012, 31.177319168844832 ], [ 33.093720674069999, 31.178961515261847 ], [ 33.093912124445666, 31.180580854322983 ], [ 33.097025036876488, 31.180274010137566 ], [ 33.099195838417614, 31.182878017806416 ], [ 33.098276257343827, 31.183168649913597 ], [ 33.101429462100242, 31.185183763519973 ], [ 33.103809833556994, 31.184742450903656 ], [ 33.105200052340905, 31.183065175717559 ], [ 33.108844280639147, 31.184059262025386 ], [ 33.105751156891159, 31.185027838164416 ], [ 33.105079651105171, 31.187056779746911 ], [ 33.106575965608471, 31.18817532053464 ], [ 33.108482718103147, 31.187888979992692 ], [ 33.108897924300294, 31.189006209569015 ], [ 33.112245917715342, 31.185860515050791 ], [ 33.1147735117884, 31.184774875959818 ], [ 33.117102742397861, 31.185432672480175 ], [ 33.117419838854943, 31.187182903368409 ], [ 33.113717317400784, 31.186564206672927 ], [ 33.11154365511598, 31.189944505534896 ], [ 33.109815001661531, 31.190221309666157 ], [ 33.094542979974989, 31.182065844563112 ], [ 33.088550329534399, 31.180001616281913 ], [ 33.062198519945838, 31.165482043861346 ], [ 33.055197716002425, 31.162264943172914 ], [ 33.04947793515916, 31.160320759095981 ], [ 33.046875000381391, 31.160470843355057 ], [ 33.041573405189098, 31.160189151408133 ], [ 33.0412143472644, 31.160047531568722 ], [ 33.034915447090583, 31.155247449610158 ], [ 33.030421376546002, 31.15437054676346 ], [ 33.02557134624081, 31.15146744256856 ], [ 33.010743140883534, 31.13271772904011 ], [ 33.002808212928898, 31.117897272241322 ], [ 32.998706102005173, 31.11556172389453 ], [ 32.99767565700634, 31.113281250029843 ], [ 32.996791124311329, 31.113281250029843 ], [ 32.991964459292916, 31.10823237872151 ], [ 32.986714005846949, 31.104653358466152 ], [ 32.98317170131358, 31.102968573940586 ], [ 32.979280352806512, 31.102135657834367 ], [ 32.97002375149529, 31.101924657996676 ], [ 32.964565754306676, 31.101926445848846 ], [ 32.957951307207765, 31.10293960587822 ], [ 32.954812646286911, 31.101368903951936 ], [ 32.95442092408652, 31.100851535669847 ], [ 32.954211354170894, 31.099744558364648 ], [ 32.95437335984289, 31.099486470024715 ], [ 32.958604813062237, 31.097128748892857 ], [ 32.963582277300901, 31.098264455939926 ], [ 32.965176343613535, 31.094514846882646 ], [ 32.964727163728156, 31.092148304300849 ], [ 32.968764901179924, 31.091853380629033 ], [ 32.973509431115616, 31.088818073395743 ], [ 32.974637746635011, 31.090293645935105 ], [ 32.980822443701157, 31.092269778427692 ], [ 32.980962276588031, 31.094034552252793 ], [ 32.993714928501589, 31.09244513543473 ], [ 33.009559273342546, 31.093968272218177 ], [ 33.013751745447138, 31.093068957366796 ], [ 33.024263978400398, 31.087082148022887 ], [ 33.024539947061413, 31.087086916228543 ], [ 33.026184200940776, 31.090313315007876 ], [ 33.025932431237464, 31.092229246882368 ], [ 33.029191970933397, 31.093685269060131 ], [ 33.027857780812695, 31.094408511943385 ], [ 33.024971842876965, 31.092898846105015 ], [ 33.024966836350842, 31.091011643073017 ], [ 33.022475361748633, 31.091310501279025 ], [ 33.022722124926105, 31.094253301548889 ], [ 33.025236248954087, 31.094531655212052 ], [ 33.024162053736148, 31.09771597381328 ], [ 33.026888251392023, 31.098682641590756 ], [ 33.027796745623704, 31.100150346861142 ], [ 33.024025202101512, 31.101775527019072 ], [ 33.024996876405083, 31.105809212125621 ], [ 33.027047157101237, 31.107280850131303 ], [ 33.026262640708609, 31.109906553944427 ], [ 33.02717113494063, 31.111477613801128 ], [ 33.027498364058914, 31.111768842158369 ], [ 33.031110167300568, 31.112892627792519 ], [ 33.031433820714568, 31.113281250029843 ], [ 33.031433820714568, 31.113399147552798 ], [ 33.032324910366782, 31.11539483040724 ], [ 33.033030510350301, 31.115707158658495 ], [ 33.035195231575216, 31.116316914294259 ], [ 33.043295025945127, 31.117227912238519 ], [ 33.046875000381391, 31.118708014663241 ], [ 33.046875000381391, 31.119179844874054 ], [ 33.056364178963946, 31.121241331122775 ], [ 33.060798048890803, 31.119516372982361 ], [ 33.062754750631854, 31.120770215872852 ], [ 33.063007831546685, 31.120573162721456 ], [ 33.064167380520388, 31.1176173690464 ], [ 33.06277215521132, 31.114139676305143 ], [ 33.061412454021905, 31.11361515481579 ], [ 33.061488866718349, 31.113281250029843 ], [ 33.061741352281757, 31.113281250029843 ], [ 33.061931848476576, 31.112513065325743 ], [ 33.058283448222909, 31.110209465394831 ], [ 33.052802562388678, 31.110697150653152 ], [ 33.046875000381391, 31.101004361962083 ], [ 33.046123027755897, 31.098783731684108 ], [ 33.045985102330775, 31.097644209712769 ], [ 33.046875000381391, 31.094586968014283 ], [ 33.047554254725611, 31.093633413251752 ], [ 33.047989726245106, 31.093513130726592 ], [ 33.05125415285724, 31.095422148613295 ], [ 33.053000211790589, 31.095263599935549 ], [ 33.054870963524735, 31.090203642684202 ], [ 33.046875000381391, 31.086216449829408 ], [ 33.046034455325952, 31.085691451699262 ], [ 33.041560650104401, 31.086442351433476 ], [ 33.035897969915737, 31.088139176082279 ], [ 33.02658724740408, 31.08822405319782 ], [ 33.025083542271744, 31.084120154421555 ], [ 33.019505142948589, 31.079664468740333 ], [ 33.017642259383223, 31.080257177726764 ], [ 33.017058253136128, 31.081937909007394 ], [ 33.016569971627376, 31.081992626458856 ], [ 33.014741420580634, 31.081714629826564 ], [ 33.012044310596906, 31.079941272871594 ], [ 33.012049675052737, 31.076569318819082 ], [ 33.009427904874627, 31.070214867522196 ], [ 33.010184645705493, 31.066887140329555 ], [ 33.017421603524639, 31.070373654520864 ], [ 33.026268124774703, 31.065712570878787 ], [ 33.026550412071884, 31.065509319599528 ], [ 33.026555418598008, 31.063909649610679 ], [ 33.026069045450384, 31.062632441434232 ], [ 33.022954463877994, 31.059818148888809 ], [ 33.016979932978217, 31.057843565927953 ], [ 33.007631540563438, 31.048815250323656 ], [ 32.987643360752514, 31.049394011724331 ], [ 32.985121011526047, 31.051509737884288 ], [ 32.974793076639884, 31.053787231395944 ], [ 32.971647858762452, 31.057098508189853 ], [ 32.966859459896767, 31.057332873313612 ], [ 32.978849529882353, 31.061240434798322 ], [ 32.977358460225076, 31.063431143732743 ], [ 32.978495716804588, 31.064980149514696 ], [ 32.974912047053834, 31.066646456568805 ], [ 32.973819613584823, 31.069588661487899 ], [ 32.970213771049231, 31.071073651728085 ], [ 32.976611614634663, 31.073667168805088 ], [ 32.975654244048741, 31.074192166035687 ], [ 32.976411104489529, 31.075166940302125 ], [ 32.970124244438665, 31.078019380290357 ], [ 32.970862746119025, 31.079321742504675 ], [ 32.983947872896778, 31.078223943680115 ], [ 32.983281851177225, 31.075993657381815 ], [ 32.984348773577238, 31.073165059320075 ], [ 32.987442135646603, 31.070213436700868 ], [ 32.990647912071807, 31.070050954388108 ], [ 32.989005446044956, 31.072181343993918 ], [ 32.990399956393588, 31.072865128223413 ], [ 32.989779829775983, 31.073983550300852 ], [ 32.985442877087252, 31.0763410331123 ], [ 32.984765052665438, 31.078930258624695 ], [ 32.981863855932801, 31.080677509159898 ], [ 32.982252001529247, 31.082518219939971 ], [ 32.984233856407883, 31.083829045674236 ], [ 32.982797741622988, 31.086462020506076 ], [ 32.978975415183271, 31.086515068815544 ], [ 32.976109504250786, 31.083440303827246 ], [ 32.970821737933562, 31.083662748437177 ], [ 32.969237565961379, 31.084673046823639 ], [ 32.970291137925898, 31.08603167512203 ], [ 32.967267036245261, 31.086892366789385 ], [ 32.966053366969589, 31.090110063728616 ], [ 32.962609052565966, 31.090499520536554 ], [ 32.955016255496133, 31.095925330989417 ], [ 32.949456453253248, 31.096156835369868 ], [ 32.948712706726582, 31.098158359320905 ], [ 32.944914340924441, 31.097587347378266 ], [ 32.938853145057095, 31.098469019329912 ], [ 32.931990861889318, 31.103125930117727 ], [ 32.928344965348487, 31.103206753988701 ], [ 32.923725724462855, 31.101254343812968 ], [ 32.919856071201224, 31.097772837046875 ], [ 32.918943047084298, 31.092681169700455 ], [ 32.920335411650143, 31.092224359067046 ], [ 32.919853925419005, 31.094988704165559 ], [ 32.926768660645706, 31.097044825958307 ], [ 32.92815077294037, 31.096080064743489 ], [ 32.926615238103494, 31.095278858732343 ], [ 32.928352952227186, 31.093839764493538 ], [ 32.929806709012979, 31.095878124675892 ], [ 32.934541821248473, 31.096731066885184 ], [ 32.935714959877799, 31.09860146068894 ], [ 32.938759803522686, 31.096396207918843 ], [ 32.938549756966182, 31.095447659681838 ], [ 32.936370253584386, 31.095856905172383 ], [ 32.938887119645386, 31.089744329237732 ], [ 32.937727332351272, 31.087101817095373 ], [ 32.934231758389529, 31.085607052123862 ], [ 32.933495521201934, 31.083969473912248 ], [ 32.926942228901311, 31.083498000732277 ], [ 32.925689458901928, 31.082940101804326 ], [ 32.925288558220842, 31.07899177045428 ], [ 32.921480417687263, 31.078777313622084 ], [ 32.926741838365416, 31.075901866278201 ], [ 32.925739645568655, 31.074571609792088 ], [ 32.923184156324254, 31.0746574401891 ], [ 32.923133969657528, 31.075987816284794 ], [ 32.922081708903903, 31.076030731033512 ], [ 32.916770219370193, 31.073455810137631 ], [ 32.915166735357133, 31.071352958672406 ], [ 32.912911772560932, 31.070923804889759 ], [ 32.911508917402585, 31.074013709964788 ], [ 32.907249569912295, 31.076760172943949 ], [ 32.910606741808266, 31.077833056051105 ], [ 32.914114355892963, 31.076459765206152 ], [ 32.922382354962082, 31.07980716237094 ], [ 32.923133969657528, 31.081094741529427 ], [ 32.91807305822519, 31.081395149266882 ], [ 32.930099129871024, 31.08482825721839 ], [ 32.930297255914212, 31.087413668705864 ], [ 32.92808687700844, 31.087128519765429 ], [ 32.92350757141773, 31.0886880161394 ], [ 32.919178366388763, 31.086670517530536 ], [ 32.915294051479776, 31.088011741249176 ], [ 32.913843154538512, 31.086078405694082 ], [ 32.910187959906551, 31.086030840551217 ], [ 32.910374641177185, 31.087644576836084 ], [ 32.903549432560766, 31.087418318201145 ], [ 32.895667433305817, 31.090604543365117 ], [ 32.890040039816398, 31.086242914179564 ], [ 32.88118731953918, 31.088370561752185 ], [ 32.878227353010601, 31.087359547505287 ], [ 32.873354315349928, 31.087652563714983 ], [ 32.87219846258958, 31.085262775456755 ], [ 32.867124676462964, 31.084804058260971 ], [ 32.867801308384031, 31.086325049261944 ], [ 32.871381044499827, 31.086904406912879 ], [ 32.873889922782467, 31.089173555615332 ], [ 32.870669245489779, 31.090275048854608 ], [ 32.861392736785575, 31.085890531922701 ], [ 32.857277631557707, 31.081738353042681 ], [ 32.852303147672188, 31.079764246722675 ], [ 32.841380834658224, 31.078696846782492 ], [ 32.829208850708511, 31.070780754228764 ], [ 32.818807602189651, 31.067945360889979 ], [ 32.814447879566472, 31.063898563667863 ], [ 32.812097549062941, 31.063581466311831 ], [ 32.812099814455422, 31.062638640461017 ], [ 32.806679368458475, 31.059321403859883 ], [ 32.790448069623352, 31.044167757236323 ], [ 32.788871168669715, 31.043303846895185 ], [ 32.783233762128958, 31.041883349736878 ], [ 32.769971132562176, 31.040620446176746 ], [ 32.766322254768482, 31.040869951387464 ], [ 32.754726051865788, 31.045398354450839 ], [ 32.748397707888586, 31.045674562331584 ], [ 32.743873000139018, 31.043378949279401 ], [ 32.741145968811878, 31.039637446710856 ], [ 32.73278617863977, 31.032759428105152 ], [ 32.721589207276878, 31.031714200949835 ], [ 32.718565702745508, 31.029017805927026 ], [ 32.709748506588852, 31.02909934475889 ], [ 32.699608207153261, 31.031156420732628 ], [ 32.699247122157288, 31.031456350929943 ], [ 32.699050307326303, 31.032300114658852 ], [ 32.699546456104798, 31.032997846473762 ], [ 32.701580047182205, 31.034287929344686 ], [ 32.70571601398305, 31.035764574775413 ], [ 32.707672476503859, 31.036288618725081 ], [ 32.714779138746195, 31.035901069379037 ], [ 32.714211940829017, 31.043378472638807 ], [ 32.716378569515967, 31.047855615244799 ], [ 32.715173602080625, 31.049273014238253 ], [ 32.71456205859252, 31.049548745478148 ], [ 32.708053350182325, 31.050886869233949 ], [ 32.706654548269256, 31.0509891509287 ], [ 32.70436835291784, 31.050690650653365 ], [ 32.702453136003868, 31.049271941347143 ], [ 32.695312500072276, 31.049665213079322 ], [ 32.687909364625654, 31.048592448682967 ], [ 32.68162345875632, 31.051116109121466 ], [ 32.680623411741436, 31.048422456131561 ], [ 32.682481050460552, 31.045569061962794 ], [ 32.67675232855774, 31.043598055605912 ], [ 32.672342300557006, 31.044845819079427 ], [ 32.66884362663248, 31.047620653870183 ], [ 32.674024104729, 31.051856517364456 ], [ 32.677394747570105, 31.051550269429526 ], [ 32.681388377771754, 31.052965521741669 ], [ 32.684276103559597, 31.051925659042155 ], [ 32.694824576493573, 31.056640624665334 ], [ 32.695312500072276, 31.056640624665334 ], [ 32.705436110788497, 31.058285236474916 ], [ 32.713579774087833, 31.058219671401019 ], [ 32.720543146449216, 31.060794353077227 ], [ 32.728302479076859, 31.060887336681418 ], [ 32.734096408123179, 31.063199043101406 ], [ 32.743077754835298, 31.063890576789134 ], [ 32.748384475263634, 31.066246032528653 ], [ 32.756801843630655, 31.066503524618099 ], [ 32.75980794448131, 31.06804835754582 ], [ 32.760709643436002, 31.070022463865655 ], [ 32.762713909419944, 31.070795058845022 ], [ 32.766421437399657, 31.070194244269402 ], [ 32.773538947265166, 31.074830413093196 ], [ 32.77558183643319, 31.074685215750407 ], [ 32.77801907022436, 31.076307058524179 ], [ 32.781869769374481, 31.076377749733524 ], [ 32.787145257248227, 31.078961610790003 ], [ 32.793635725608937, 31.078643679762195 ], [ 32.792805552434828, 31.079976916601538 ], [ 32.796807765765976, 31.082328558316306 ], [ 32.799069165909742, 31.081947207097983 ], [ 32.802800774136671, 31.085040927097253 ], [ 32.808308958891672, 31.085732936525943 ], [ 32.811252355412392, 31.088227271871148 ], [ 32.81723546944167, 31.089682937018239 ], [ 32.817737460215966, 31.091307878855588 ], [ 32.82250511621865, 31.094089508024467 ], [ 32.829542040533482, 31.096013546388377 ], [ 32.843773126628975, 31.10516011744582 ], [ 32.852545380964813, 31.109418511655178 ], [ 32.864686966031201, 31.113822221917928 ], [ 32.883368849992706, 31.120395421611448 ], [ 32.902987718708374, 31.131273507766252 ], [ 32.908815741953532, 31.13374114044143 ], [ 32.910883664649901, 31.134438514326092 ], [ 32.919599056651663, 31.136826515631498 ], [ 32.924153447423834, 31.134712576424619 ], [ 32.927301645655092, 31.134897827772591 ], [ 32.927796840252341, 31.135130644263995 ], [ 32.928527712984163, 31.136654257688036 ], [ 32.928380966109358, 31.137100100189627 ], [ 32.92578315746735, 31.141556978372222 ], [ 32.922513961750468, 31.147553801666874 ], [ 32.922049403457294, 31.147392868885817 ], [ 32.895477533361515, 31.131738066958349 ], [ 32.877276062740322, 31.122825741414999 ], [ 32.863926053245194, 31.117802739105429 ], [ 32.863496780751831, 31.117599844857011 ], [ 32.855942845186831, 31.113281250029843 ], [ 32.855320454076463, 31.113281250029843 ], [ 32.813192725464404, 31.092247247712351 ], [ 32.811082959111246, 31.090288758119812 ], [ 32.800907850517405, 31.088304520037696 ], [ 32.793651461946155, 31.08435213544314 ], [ 32.793086171490103, 31.085464715524381 ], [ 32.789499044745838, 31.0846172573807 ], [ 32.779160141727488, 31.080114722416539 ], [ 32.757902145267821, 31.073327660343409 ], [ 32.757322430586072, 31.073164105139341 ], [ 32.71909844853505, 31.064315914747766 ], [ 32.695312500072276, 31.060546756227978 ], [ 32.678015947078762, 31.058344244591183 ], [ 32.662953138277231, 31.056919574578814 ], [ 32.634413838428458, 31.055899620171488 ], [ 32.631249070189, 31.055895447317084 ], [ 32.614511847843659, 31.056721806466527 ], [ 32.609904647082516, 31.057872652700922 ], [ 32.602420568154884, 31.058401346145416 ], [ 32.59810698075259, 31.059401154839577 ], [ 32.587398647929462, 31.062367558716062 ], [ 32.577429175616174, 31.065506815886891 ], [ 32.575657747707481, 31.066330716289656 ], [ 32.563436150857825, 31.072015046757116 ], [ 32.563067195894888, 31.072236430167123 ], [ 32.556011557587766, 31.076470017477533 ], [ 32.54922115813028, 31.080794930042231 ], [ 32.530995249331482, 31.095882773271597 ], [ 32.513646006857783, 31.107271075399865 ], [ 32.510634779871708, 31.109827279605327 ], [ 32.507335543201208, 31.113281250029843 ], [ 32.507289528489054, 31.114795446652693 ], [ 32.505731224616824, 31.114999413792219 ], [ 32.506549715597401, 31.119157552479095 ], [ 32.505528330368378, 31.122591852932004 ], [ 32.499424576783525, 31.1293224097017 ], [ 32.498166442327687, 31.129202127176711 ], [ 32.498019933773065, 31.131409407018708 ], [ 32.497014165272248, 31.131587743479685 ], [ 32.496613263691785, 31.130396843240106 ], [ 32.496032357407529, 31.132990956567454 ], [ 32.483672857616824, 31.144650220831124 ], [ 32.476979017467983, 31.154025912166162 ], [ 32.466124653630544, 31.165335178276052 ], [ 32.451413870054552, 31.175071954607205 ], [ 32.449155568974817, 31.17762505974909 ], [ 32.439430714056556, 31.182893514923961 ], [ 32.437864422405625, 31.187054276034274 ], [ 32.434658765589717, 31.189964055896581 ], [ 32.427402258307978, 31.192621708125358 ], [ 32.403184175709185, 31.206149816660798 ], [ 32.378790021142862, 31.217358946858241 ], [ 32.37884390312442, 31.222181916562306 ], [ 32.372938275581504, 31.224490761339723 ], [ 32.372435331525679, 31.222649931848935 ], [ 32.371435761152014, 31.225022911778268 ], [ 32.370033502244809, 31.224732041350791 ], [ 32.361457109458087, 31.228741764920699 ], [ 32.357409715985995, 31.228378057501658 ], [ 32.357372641434921, 31.226146459991497 ], [ 32.358736157547838, 31.22544002543691 ], [ 32.35653305056033, 31.224558711415511 ], [ 32.355184554923284, 31.221671104338157 ], [ 32.357055902907945, 31.220385432641763 ], [ 32.35428082979692, 31.209723949101289 ], [ 32.352349042874124, 31.207111477912406 ], [ 32.353115320115961, 31.204412460467125 ], [ 32.351523041655781, 31.199708104145742 ], [ 32.349359750352704, 31.203972339452292 ], [ 32.350962042764451, 31.206074475956626 ], [ 32.350351452557874, 31.208304166903787 ], [ 32.354865312684609, 31.223909735446284 ], [ 32.356979727632876, 31.225660204654872 ], [ 32.355983733862246, 31.228428244168384 ], [ 32.356884479535751, 31.238684535463051 ], [ 32.36001503486645, 31.24853014954698 ], [ 32.360002636812766, 31.249229550503685 ], [ 32.358770847097531, 31.249575853343316 ], [ 32.357367753619002, 31.245598078188806 ], [ 32.354382037701299, 31.233075141904322 ], [ 32.349614858339606, 31.232840418850458 ], [ 32.349614262987842, 31.232548355922205 ], [ 32.348796248648199, 31.225175738069993 ], [ 32.347376465551889, 31.223245501578987 ], [ 32.349057078121888, 31.219128251467822 ], [ 32.347572207491766, 31.218285322309896 ], [ 32.343749999763219, 31.210937499666045 ], [ 32.343749999763219, 31.21065843104185 ], [ 32.342845201745121, 31.21028232556904 ], [ 32.339912056596773, 31.201578855879887 ], [ 32.33861505973735, 31.190965772052834 ], [ 32.330633759141364, 31.168352365069893 ], [ 32.315077543594356, 31.113281250029843 ], [ 32.315130710614284, 31.113281250029843 ], [ 32.31411397488003, 31.109964251749176 ], [ 32.312125920975149, 31.105121373752496 ], [ 32.311956524674343, 31.104446172652757 ], [ 32.310011029386004, 31.093660354242104 ], [ 32.310016632162359, 31.093021273513301 ], [ 32.313504457565188, 30.990931749301211 ], [ 32.315130710614284, 30.974469900265831 ], [ 32.315130710614284, 30.944615006477562 ], [ 32.31545591355993, 30.937500000324803 ], [ 32.315508127298671, 30.937500000324803 ], [ 32.315832733994085, 30.932896256557171 ], [ 32.319078922354578, 30.827985524911981 ], [ 32.31972813574518, 30.816824674818974 ], [ 32.320736407959458, 30.80725133408211 ], [ 32.321598052908342, 30.802001357277106 ], [ 32.333037614594815, 30.761718749720558 ], [ 32.3330571649565, 30.761718749720558 ], [ 32.343749999763219, 30.724051356285088 ], [ 32.343749999763219, 30.72181904291466 ], [ 32.34391605867981, 30.721904158350242 ], [ 32.34626305089941, 30.709814429092717 ], [ 32.346254706090036, 30.708754659000419 ], [ 32.345626950523837, 30.700036764185484 ], [ 32.343749999763219, 30.693638443958946 ], [ 32.343749999763219, 30.691127061964494 ], [ 32.327469945082186, 30.621414304127057 ], [ 32.309727669196803, 30.58593750001566 ], [ 32.309790253917498, 30.58593750001566 ], [ 32.306266903495526, 30.578512906745345 ], [ 32.305325030925786, 30.568882345743702 ], [ 32.305311441270163, 30.56785047082289 ], [ 32.308138966440623, 30.560905218001409 ], [ 32.308181524158073, 30.556810140675566 ], [ 32.312771200730737, 30.547240256932497 ], [ 32.327822327339135, 30.529981851381336 ], [ 32.33568310708975, 30.519624948432835 ], [ 32.339300871038432, 30.512994765895797 ], [ 32.339471816871566, 30.512603640845583 ], [ 32.343749999763219, 30.492745518291088 ], [ 32.343915820359342, 30.490310549892172 ], [ 32.350297450966679, 30.458952069682567 ], [ 32.351891278959528, 30.453100800761632 ], [ 32.352104305869176, 30.452586651153069 ], [ 32.360531448967976, 30.437268853075295 ], [ 32.360689521004957, 30.43686342250902 ], [ 32.360602140177292, 30.433239102502682 ], [ 32.363513111641367, 30.419531703325617 ], [ 32.365327716001815, 30.414669513287464 ], [ 32.365616917287497, 30.414172649548419 ], [ 32.36930036502028, 30.410156250310962 ], [ 32.370544910719588, 30.410156250310962 ], [ 32.37186181587046, 30.407250642403625 ], [ 32.374424338712657, 30.405712843073275 ], [ 32.373595118819793, 30.403441548589029 ], [ 32.373851418408634, 30.402822136932485 ], [ 32.374892830640221, 30.401359319477052 ], [ 32.380346417553568, 30.396917700991253 ], [ 32.380880355844482, 30.394698142705295 ], [ 32.383420944221399, 30.394630431848981 ], [ 32.386439561836909, 30.389106273335955 ], [ 32.389155149290929, 30.388288020676015 ], [ 32.393432975152194, 30.384609580368107 ], [ 32.399634122617243, 30.372660279348594 ], [ 32.402917146309591, 30.36944544315287 ], [ 32.405012726756553, 30.368884563871632 ], [ 32.413917422451419, 30.357240557505861 ], [ 32.415386319323289, 30.357023358641442 ], [ 32.416429877337151, 30.358989357572739 ], [ 32.41168081751627, 30.364416480136612 ], [ 32.415244817294791, 30.369141340101066 ], [ 32.427049517221604, 30.363487005621124 ], [ 32.428236365116476, 30.36142182315902 ], [ 32.436061978677486, 30.356672525017245 ], [ 32.440789580675272, 30.351385712880472 ], [ 32.445201158207084, 30.33582973475464 ], [ 32.448313951927361, 30.330219029984448 ], [ 32.44833910506631, 30.326891302791523 ], [ 32.442912817073505, 30.317857980661557 ], [ 32.446628451542409, 30.308158635912406 ], [ 32.445424079458149, 30.306457638409313 ], [ 32.445476651126654, 30.303152203611432 ], [ 32.448017120793935, 30.298900246749099 ], [ 32.447264671527904, 30.291415572471038 ], [ 32.449488640088617, 30.290257454318379 ], [ 32.45034110565777, 30.286252855984543 ], [ 32.455610752434467, 30.285714149488598 ], [ 32.462088346100899, 30.278536319395641 ], [ 32.466252446393497, 30.278604149861764 ], [ 32.468419551721666, 30.2758475542214 ], [ 32.476324558332379, 30.275480746839236 ], [ 32.480597853408739, 30.273455262250479 ], [ 32.481218934206908, 30.273345351606793 ], [ 32.485676527350591, 30.273531556236378 ], [ 32.488315462888949, 30.271727800397628 ], [ 32.491820574160755, 30.272005557810331 ], [ 32.503925919246029, 30.267860054597918 ], [ 32.512498855938105, 30.264376044119388 ], [ 32.517317771498227, 30.264918803859729 ], [ 32.523372054277075, 30.261070847641633 ], [ 32.52389061416082, 30.260956525823133 ], [ 32.528316259787942, 30.261650204393533 ], [ 32.531432866633878, 30.264527559199593 ], [ 32.535534262596542, 30.264681816312901 ], [ 32.536982059575024, 30.25927066840697 ], [ 32.541417479933301, 30.25522494317687 ], [ 32.543166756640602, 30.250787138715623 ], [ 32.55314326255197, 30.243544459409719 ], [ 32.562686324014891, 30.235077500626375 ], [ 32.562629103750368, 30.234374999706716 ], [ 32.562872409934101, 30.234374999706716 ], [ 32.561666607928117, 30.231092572264515 ], [ 32.561913847746524, 30.225604414512361 ], [ 32.563438653671682, 30.222364544788036 ], [ 32.562585949782061, 30.220869303176158 ], [ 32.569612861044703, 30.217708945211854 ], [ 32.573793650057354, 30.21019256083801 ], [ 32.574246168226608, 30.201538920784685 ], [ 32.575695276416326, 30.199014544485578 ], [ 32.57262766373637, 30.192089557886845 ], [ 32.573745966203802, 30.186740636771049 ], [ 32.572222709810688, 30.183981657028227 ], [ 32.572507262500636, 30.173987626927499 ], [ 32.570928335374703, 30.165318131826496 ], [ 32.570928335374703, 30.160016656244039 ], [ 32.571653246500404, 30.105907201556505 ], [ 32.572703241861262, 30.072945117723435 ], [ 32.574150562199151, 30.058593750001847 ], [ 32.574261545734402, 30.058593750001847 ], [ 32.574620246627745, 30.051798820659457 ], [ 32.588070631254737, 29.980835079775204 ], [ 32.588008523175318, 29.968610048415087 ], [ 32.585310816941302, 29.956287145635372 ], [ 32.581954240396414, 29.949356317939959 ], [ 32.580003738581951, 29.946251154067625 ], [ 32.574349046171989, 29.938995957097859 ], [ 32.568596958982738, 29.935212850992656 ], [ 32.559662818584769, 29.926315545926087 ], [ 32.559623241219839, 29.926239371549769 ], [ 32.566198825915791, 29.922816157040046 ], [ 32.560966730330819, 29.920080065942358 ], [ 32.55902433410651, 29.917336463706931 ], [ 32.56553995650458, 29.914725303729881 ], [ 32.569806456302928, 29.907248974260767 ], [ 32.570179819743004, 29.907091260153919 ], [ 32.570656657379374, 29.907855272003616 ], [ 32.569628000232029, 29.909687161333466 ], [ 32.574994444638463, 29.911362171127422 ], [ 32.574833751077421, 29.916893959488931 ], [ 32.577284574523588, 29.91724133521987 ], [ 32.583140253719961, 29.914569258764658 ], [ 32.588581442579965, 29.909085273866481 ], [ 32.59190392492664, 29.897832274739642 ], [ 32.593151450079489, 29.897376060357203 ], [ 32.594596624635159, 29.898965716394855 ], [ 32.601201057782731, 29.89637064978595 ], [ 32.606306314785314, 29.89303445817373 ], [ 32.607573628620258, 29.891953825608965 ], [ 32.617080211782962, 29.882812500296893 ], [ 32.617544531754703, 29.882812500296893 ], [ 32.624744534632697, 29.873135804973714 ], [ 32.627336620888883, 29.873940944618994 ], [ 32.629297017943458, 29.87283337106328 ], [ 32.632005811019866, 29.870506644166426 ], [ 32.633771061486044, 29.867957353949095 ], [ 32.634542464863301, 29.866768836912485 ], [ 32.634542346152756, 29.863429546236688 ], [ 32.632837057085027, 29.857246637023025 ], [ 32.632162809266646, 29.855692148074354 ], [ 32.629150152358164, 29.851522207583827 ], [ 32.631679535183054, 29.84504485133894 ], [ 32.625653743825495, 29.835691571109066 ], [ 32.610592961196488, 29.823257326864336 ], [ 32.608774066170696, 29.820631026800527 ], [ 32.611599564269198, 29.81839168073148 ], [ 32.621451258668941, 29.817129731352111 ], [ 32.621822952967392, 29.816941380940108 ], [ 32.629862546719693, 29.810257553843087 ], [ 32.631057262782946, 29.806811451587436 ], [ 32.634498715543856, 29.805883049963057 ], [ 32.636975407989183, 29.802067517901918 ], [ 32.640195965671609, 29.793224811575982 ], [ 32.644407153567585, 29.790084600224247 ], [ 32.646376609493217, 29.786746144119434 ], [ 32.649475217307639, 29.783296466158902 ], [ 32.656976938235488, 29.777813911183216 ], [ 32.660782456345345, 29.772641659185581 ], [ 32.663785815163891, 29.767119765165404 ], [ 32.666602611422007, 29.7573281526725 ], [ 32.670446634005629, 29.756760120183714 ], [ 32.672658920373152, 29.759172558766835 ], [ 32.681436061625533, 29.754066825123857 ], [ 32.688074231040929, 29.742974162527645 ], [ 32.68900847466179, 29.739154815542406 ], [ 32.690927624311115, 29.737728476388412 ], [ 32.693330645193583, 29.732403158878952 ], [ 32.695312500072276, 29.732142806045971 ], [ 32.695312500072276, 29.731863856132492 ], [ 32.695477246877971, 29.731901169003862 ], [ 32.696025252363512, 29.730465054219081 ], [ 32.698446869427784, 29.713450669812744 ], [ 32.698143362626666, 29.71028375669016 ], [ 32.696595549345744, 29.707031249692648 ], [ 32.695312500072276, 29.704799055931773 ], [ 32.695312500072276, 29.704241037394183 ], [ 32.687699556389617, 29.693312764572653 ], [ 32.690417766267075, 29.68090081182342 ], [ 32.686729312008509, 29.672606349303862 ], [ 32.687645554799047, 29.672301650001344 ], [ 32.687580228045618, 29.669828057518856 ], [ 32.686286449860489, 29.665708422405999 ], [ 32.684103846515853, 29.660923958074534 ], [ 32.68225681799791, 29.659924745630633 ], [ 32.681232452415685, 29.65643072120119 ], [ 32.682606458222125, 29.652595162137061 ], [ 32.686001539239868, 29.649110078767336 ], [ 32.687647938901449, 29.630499958906114 ], [ 32.691767216084742, 29.619783520493257 ], [ 32.692017554966895, 29.617964148826701 ], [ 32.691723227545168, 29.615906238282406 ], [ 32.689504743049866, 29.608867644826262 ], [ 32.679622531055628, 29.600362658210031 ], [ 32.679273962823203, 29.599748850229588 ], [ 32.679285645916451, 29.597007275065977 ], [ 32.680925845651785, 29.59498751196432 ], [ 32.68133676028387, 29.594797849441392 ], [ 32.695312500072276, 29.590959667954451 ], [ 32.695312500072276, 29.590680837650723 ], [ 32.697549700358906, 29.590270399659403 ], [ 32.703205823590082, 29.587097049189538 ], [ 32.70441031438483, 29.588148832403107 ], [ 32.708255648179971, 29.588219523612281 ], [ 32.709707260082297, 29.586854457967036 ], [ 32.714102148895705, 29.579046606915483 ], [ 32.714317441197267, 29.57841515513536 ], [ 32.71448695620856, 29.575837254785654 ], [ 32.71270501612392, 29.571513652533412 ], [ 32.716264128986921, 29.566974043917128 ], [ 32.716374159240075, 29.560253977739023 ], [ 32.720196724000203, 29.559340953622524 ], [ 32.721259832375466, 29.557316422315125 ], [ 32.720824957106714, 29.55222940446356 ], [ 32.726483344831223, 29.548040270642019 ], [ 32.724921345644162, 29.541165351999467 ], [ 32.720847248602098, 29.536154150593717 ], [ 32.720729351079257, 29.535397648982411 ], [ 32.721887827161794, 29.53124999998775 ], [ 32.722813844683827, 29.528848171605972 ], [ 32.721982479008688, 29.521048545753956 ], [ 32.722064972021457, 29.520154714968214 ], [ 32.723714352036239, 29.516890049136492 ], [ 32.723714947387379, 29.513201355658367 ], [ 32.71808195112132, 29.506972074701537 ], [ 32.718128920014095, 29.506645322224017 ], [ 32.721033930771483, 29.506749272161557 ], [ 32.723714947387379, 29.504956841485239 ], [ 32.729989051453884, 29.497657060624903 ], [ 32.734045505596072, 29.490073323325362 ], [ 32.734879613303889, 29.482482314107699 ], [ 32.731224656093644, 29.474178910528224 ], [ 32.724937558622031, 29.467520832820384 ], [ 32.724404335292121, 29.463494419632099 ], [ 32.737188458081363, 29.470574855845086 ], [ 32.734193325362213, 29.471695422805567 ], [ 32.733132123549098, 29.473578214663263 ], [ 32.733776211703372, 29.475473046643998 ], [ 32.737143277940135, 29.476526617709339 ], [ 32.739673733656474, 29.471083522286932 ], [ 32.735684275409625, 29.467233777317119 ], [ 32.735484003583935, 29.462587833761546 ], [ 32.732450843032296, 29.459905505035209 ], [ 32.735060572187678, 29.454465150746188 ], [ 32.738004446248709, 29.456215143314381 ], [ 32.73919641937951, 29.455655813565215 ], [ 32.741299867994684, 29.457770705153905 ], [ 32.740243315677247, 29.459267258876991 ], [ 32.738921046069578, 29.458138465817598 ], [ 32.741097927028335, 29.46525621400329 ], [ 32.744261264446237, 29.464370012166484 ], [ 32.746187925232704, 29.459621429885232 ], [ 32.746203065319463, 29.456058502098301 ], [ 32.74969935424221, 29.454082131285332 ], [ 32.751941442344418, 29.451137065623243 ], [ 32.75259625941041, 29.447732448194017 ], [ 32.750577330879736, 29.446110010069191 ], [ 32.75065124076238, 29.444792866597737 ], [ 32.768522620622917, 29.437208771367693 ], [ 32.771695256131778, 29.434103846715544 ], [ 32.777126550650024, 29.434924602188744 ], [ 32.782905459220189, 29.432946323914024 ], [ 32.788251042052394, 29.428481936392672 ], [ 32.789414048020518, 29.423082351969185 ], [ 32.792282461766803, 29.421043276825799 ], [ 32.798157214683982, 29.411425948449079 ], [ 32.801429272043805, 29.409169912761399 ], [ 32.807092070942332, 29.409311771820825 ], [ 32.810393810426348, 29.408306956600825 ], [ 32.811897754777561, 29.405941963550902 ], [ 32.819013357181035, 29.400473832801453 ], [ 32.825718760812578, 29.383104205395114 ], [ 32.821234345389286, 29.379711628089353 ], [ 32.817700147344425, 29.367732405725945 ], [ 32.817845344687527, 29.35966515512294 ], [ 32.815882921460258, 29.358186841449708 ], [ 32.81577014917346, 29.356477857067603 ], [ 32.816022038487034, 29.355468750282796 ], [ 32.816441654958481, 29.355468750282796 ], [ 32.818558931549688, 29.354231357791036 ], [ 32.82933497433018, 29.3457058666325 ], [ 32.831749915726647, 29.339406371107344 ], [ 32.831428647314482, 29.333238244049966 ], [ 32.828514814207352, 29.327836275523794 ], [ 32.828494667595152, 29.327374220044391 ], [ 32.829782724293494, 29.323828220196333 ], [ 32.829580426296133, 29.317149043493771 ], [ 32.830106854348315, 29.315771818115223 ], [ 32.83112025269773, 29.313950657696864 ], [ 32.834178567287751, 29.313866257222145 ], [ 32.842200040599465, 29.310771465231113 ], [ 32.846017241802855, 29.305268644932141 ], [ 32.846832036569793, 29.299749017203567 ], [ 32.847218870954322, 29.299495220428497 ], [ 32.851686954689939, 29.298606753199294 ], [ 32.85649740673054, 29.299436211412171 ], [ 32.864901423762348, 29.294189453280751 ], [ 32.870018959208068, 29.28833866100058 ], [ 32.87024545706285, 29.287908553937001 ], [ 32.870820880180105, 29.281637549833192 ], [ 32.873463272711973, 29.27981781933704 ], [ 32.873654842697562, 29.277520775463529 ], [ 32.877596020840059, 29.274760961149724 ], [ 32.878369927030491, 29.270470738134378 ], [ 32.880349278197258, 29.269113540657401 ], [ 32.880484342878475, 29.268791556385452 ], [ 32.880596279694913, 29.267299413837264 ], [ 32.880299806491252, 29.266263842702301 ], [ 32.874677657848082, 29.254644632443984 ], [ 32.877200365005564, 29.246791243321326 ], [ 32.882152080754537, 29.24252057066812 ], [ 32.88413155063111, 29.23362696181502 ], [ 32.884510636456838, 29.233193636077601 ], [ 32.897775173485712, 29.22409212555155 ], [ 32.903273224680191, 29.223606944005411 ], [ 32.907717943128972, 29.22170615221728 ], [ 32.924960851562588, 29.204820513855935 ], [ 32.935045957805329, 29.207406520694377 ], [ 32.940867424092374, 29.207280278362504 ], [ 32.953488111287783, 29.202806353530491 ], [ 32.955260753281522, 29.197343468526384 ], [ 32.95730507417008, 29.193775057572992 ], [ 32.963898062546122, 29.185493350138046 ], [ 32.966481446961865, 29.17968749967855 ], [ 32.966484546924988, 29.178398967238707 ], [ 32.972102642323847, 29.173921942443968 ], [ 32.975538968948428, 29.167251348870906 ], [ 32.976351142191646, 29.16661727466763 ], [ 32.977170348133569, 29.166327834162303 ], [ 32.990565657379506, 29.165430665093311 ], [ 32.996984362538882, 29.162554144858319 ], [ 32.999364852706179, 29.160616874769261 ], [ 33.001365661696667, 29.157756447901818 ], [ 33.003740907017374, 29.156923056054353 ], [ 33.00390470054154, 29.156682848934395 ], [ 33.004857063702929, 29.15243125000228 ], [ 33.010263920044252, 29.144633173682308 ], [ 33.015792131801931, 29.141014933992125 ], [ 33.016317963603257, 29.136439919067271 ], [ 33.017996550000959, 29.13438797012904 ], [ 33.021111011065017, 29.133465647921469 ], [ 33.023875356163074, 29.134693741423376 ], [ 33.026836514294217, 29.133940458485483 ], [ 33.029884457901943, 29.131063580320273 ], [ 33.032585739840528, 29.127092957474133 ], [ 33.03479397296374, 29.121824860229452 ], [ 33.035928368799745, 29.120369910942998 ], [ 33.038157940137097, 29.118048429791401 ], [ 33.046875000381391, 29.112723230992344 ], [ 33.049484372506441, 29.111335754241765 ], [ 33.055758953213541, 29.105810046197035 ], [ 33.055953026011792, 29.105599045459797 ], [ 33.056969046784303, 29.101849913942743 ], [ 33.063084245142221, 29.099142551687748 ], [ 33.065184474184633, 29.096590041897088 ], [ 33.065315246402037, 29.091850281065803 ], [ 33.068784475623801, 29.092973113418765 ], [ 33.076210140885252, 29.086606025747642 ], [ 33.077736258921703, 29.08239185839787 ], [ 33.076897501719003, 29.076906204358153 ], [ 33.074596524210307, 29.072363376168965 ], [ 33.07575154329939, 29.066767811485448 ], [ 33.080298065903122, 29.064748048383791 ], [ 33.085046410763624, 29.060027361274052 ], [ 33.096616744667557, 29.056470632513907 ], [ 33.098130464649643, 29.046073913880093 ], [ 33.102913617769985, 29.043512344319367 ], [ 33.111228466121332, 29.043380379600904 ], [ 33.113071441394624, 29.044635414992428 ], [ 33.1161798239402, 29.044523238956344 ], [ 33.118348718019291, 29.041871070793377 ], [ 33.121710777730613, 29.044090628180072 ], [ 33.125732303103945, 29.039859414180881 ], [ 33.127854228290261, 29.03305935870236 ], [ 33.1332658528369, 29.031708121033404 ], [ 33.134784102704856, 29.029333949502558 ], [ 33.138326168018779, 29.030181645966337 ], [ 33.143686056367045, 29.025609850614273 ], [ 33.153612256001139, 29.022117733646581 ], [ 33.15639650849252, 29.018021106788581 ], [ 33.156652331440426, 29.012694954708593 ], [ 33.15896797149523, 29.008798480066076 ], [ 33.161517739252446, 29.007004856888727 ], [ 33.16672456298889, 29.005912423419716 ], [ 33.173474430900313, 29.006472706450523 ], [ 33.174037456863601, 29.00629878026453 ], [ 33.177036046576831, 29.003906249973511 ], [ 33.177118659199465, 29.003906249973511 ], [ 33.181137323828949, 29.001016736333753 ], [ 33.181548953421697, 29.000434517938658 ], [ 33.180726409196524, 28.988506555133455 ], [ 33.178360104935365, 28.98138725741606 ], [ 33.174951076331666, 28.976829767579886 ], [ 33.173297405650857, 28.970563650392165 ], [ 33.173854351297877, 28.965958475803035 ], [ 33.170749664066221, 28.954380631660968 ], [ 33.171096563156112, 28.946300506363229 ], [ 33.166322946447082, 28.943286538243171 ], [ 33.167020916582288, 28.94140684634894 ], [ 33.168414831579838, 28.94381403918689 ], [ 33.1716675759981, 28.942953467128831 ], [ 33.166310548393739, 28.937288403736943 ], [ 33.166549802231913, 28.936986923108378 ], [ 33.168133377953637, 28.937256217000993 ], [ 33.172005176098338, 28.941406250098424 ], [ 33.174072742663469, 28.941890240042909 ], [ 33.177553414858579, 28.940240740418119 ], [ 33.181806802542241, 28.932301760118207 ], [ 33.184155941443777, 28.930803537253666 ], [ 33.184212327137317, 28.929107665886249 ], [ 33.187775611955459, 28.924548268587785 ], [ 33.189136743966088, 28.920185446901002 ], [ 33.185987114913615, 28.912014365070917 ], [ 33.182719826659167, 28.910592079161432 ], [ 33.179724931361108, 28.90470325904829 ], [ 33.175094842853213, 28.899516105284164 ], [ 33.173651337439509, 28.893967747813463 ], [ 33.177144646908488, 28.892809510050881 ], [ 33.17917132399802, 28.889986038125272 ], [ 33.179889559455972, 28.88494420041485 ], [ 33.174495339489027, 28.875963926594011 ], [ 33.173012614641124, 28.87027454373532 ], [ 33.173497557866625, 28.852744340579022 ], [ 33.17481720415114, 28.852213024711347 ], [ 33.174701214090391, 28.847814202263919 ], [ 33.178744673928094, 28.839130759577245 ], [ 33.178551554411371, 28.834653854392258 ], [ 33.181740045867031, 28.834305644090506 ], [ 33.184442758627114, 28.828125000268614 ], [ 33.182338118409433, 28.825882077595963 ], [ 33.182492255913274, 28.821773409715206 ], [ 33.182734370495353, 28.821552514637148 ], [ 33.188612938336661, 28.822935700722184 ], [ 33.196661114319653, 28.813323617191287 ], [ 33.205885410184209, 28.807064175671258 ], [ 33.210104465349531, 28.80651724307657 ], [ 33.211928248190617, 28.796875954062131 ], [ 33.215420246447678, 28.793367147475976 ], [ 33.219183802191452, 28.781440853812654 ], [ 33.230862141075562, 28.771366954021858 ], [ 33.233063340601319, 28.767719864979711 ], [ 33.233063340601319, 28.767445564561342 ], [ 33.229189872415219, 28.758244156442771 ], [ 33.22866106026035, 28.75404346003765 ], [ 33.222338437769366, 28.742326855899904 ], [ 33.22196054444376, 28.736480831824963 ], [ 33.21877396134991, 28.733447909593536 ], [ 33.219877123730299, 28.728496670485072 ], [ 33.217600226469784, 28.726652741031302 ], [ 33.215634703279449, 28.722001672239514 ], [ 33.209027052356674, 28.715674042323315 ], [ 33.207716346233013, 28.707170724849163 ], [ 33.208587169662138, 28.69899511313406 ], [ 33.205862641148229, 28.695117950533131 ], [ 33.206729054302428, 28.693498849792178 ], [ 33.202278614366804, 28.685478448472026 ], [ 33.203194022586075, 28.682635545793971 ], [ 33.19848954665585, 28.673255801214424 ], [ 33.19827997673994, 28.671678304910017 ], [ 33.198503613851443, 28.67041707049151 ], [ 33.205581068811824, 28.657243251675055 ], [ 33.204676509113852, 28.65604877483122 ], [ 33.205809235808232, 28.652343749664368 ], [ 33.205839633792465, 28.652343749664368 ], [ 33.207039833022492, 28.649125456474565 ], [ 33.210802435484737, 28.644953846842611 ], [ 33.209545254310086, 28.643199443999521 ], [ 33.22005915640554, 28.632997155194914 ], [ 33.222257137257685, 28.628002047156855 ], [ 33.222260355931297, 28.627011537452574 ], [ 33.221403122156829, 28.620719313845512 ], [ 33.219655155761387, 28.618564247742171 ], [ 33.209406853144372, 28.619174241697976 ], [ 33.205886721395444, 28.621249556821624 ], [ 33.207515239836965, 28.618267536217843 ], [ 33.219608545698378, 28.61745631715533 ], [ 33.219391226324518, 28.61540174489474 ], [ 33.224160074827608, 28.605683446034249 ], [ 33.223844766223607, 28.586653232161098 ], [ 33.233054161220963, 28.573276877026444 ], [ 33.23764634150595, 28.56119561218776 ], [ 33.241737246876966, 28.554586052904398 ], [ 33.247485041602118, 28.550719141674961 ], [ 33.251690030471224, 28.549316167807035 ], [ 33.257534742434785, 28.549023151597339 ], [ 33.245314240060651, 28.55248594257236 ], [ 33.242599010536395, 28.555213809369889 ], [ 33.245143055907675, 28.555334210605707 ], [ 33.247026443116255, 28.557065964023167 ], [ 33.24627637885223, 28.559148550165816 ], [ 33.242891550105611, 28.560855746695466 ], [ 33.244390844962055, 28.563045144418055 ], [ 33.242337703522679, 28.565506935097119 ], [ 33.244128346346741, 28.566287636565193 ], [ 33.243714570971377, 28.568302511851726 ], [ 33.241894364733724, 28.5680414440574 ], [ 33.239776015251408, 28.572921156486302 ], [ 33.235858321104701, 28.574918628092547 ], [ 33.236466407599295, 28.579359769937582 ], [ 33.24322664739239, 28.581001043463573 ], [ 33.257208824528078, 28.581934451613876 ], [ 33.262016654145526, 28.577129960279677 ], [ 33.264928818111031, 28.569038152788863 ], [ 33.269259571772608, 28.563048123871909 ], [ 33.270485162460744, 28.556867956691036 ], [ 33.269896626328801, 28.553167820238798 ], [ 33.271371722227769, 28.551200627906837 ], [ 33.270886540681516, 28.548674225435235 ], [ 33.269001603042142, 28.547719001530822 ], [ 33.271191954945351, 28.544741272491734 ], [ 33.270530462211269, 28.542879343107302 ], [ 33.266778230731262, 28.542037010199948 ], [ 33.2644139526424, 28.545850634798995 ], [ 33.263770938278952, 28.546190858221763 ], [ 33.258418560169076, 28.546569466508089 ], [ 33.257787466318717, 28.546515703237361 ], [ 33.257385849777819, 28.546129703423475 ], [ 33.258302450498121, 28.542390465347864 ], [ 33.258605479759609, 28.541922807991369 ], [ 33.266178369436403, 28.538299679586714 ], [ 33.269970416601808, 28.534873843553356 ], [ 33.277567624846284, 28.530657052880827 ], [ 33.278799056631811, 28.52445685869742 ], [ 33.284721255082644, 28.51037061201427 ], [ 33.294278144521314, 28.506105065496513 ], [ 33.301234006644648, 28.495284676246825 ], [ 33.310189366546552, 28.488590240747016 ], [ 33.312808036761538, 28.487972259911999 ], [ 33.315465450670132, 28.484755754574707 ], [ 33.319722771988808, 28.483054518751203 ], [ 33.3239792587365, 28.479341506705111 ], [ 33.324351907215231, 28.47885644476915 ], [ 33.325142264703942, 28.47656249995967 ], [ 33.325208544738558, 28.47656249995967 ], [ 33.324980855282462, 28.474713802300187 ], [ 33.330621958037426, 28.473038434576267 ], [ 33.335300445359934, 28.469990730188385 ], [ 33.335837245293163, 28.468500375492113 ], [ 33.351263046552873, 28.465387940601119 ], [ 33.352991461687196, 28.464468955778131 ], [ 33.355557561132827, 28.462236404086781 ], [ 33.358279109293818, 28.457790255715906 ], [ 33.363309741452127, 28.455915212417324 ], [ 33.365639447802806, 28.453784823711061 ], [ 33.368720054787246, 28.447427153740421 ], [ 33.368072032998015, 28.437372446381602 ], [ 33.372507453356235, 28.431221127653174 ], [ 33.374061346054731, 28.426720142221171 ], [ 33.379676342389899, 28.420942544862584 ], [ 33.380521654751277, 28.418620109530622 ], [ 33.39284753788408, 28.406640648847031 ], [ 33.396384239641492, 28.406661272100251 ], [ 33.397144079536332, 28.402989506560573 ], [ 33.398437499791129, 28.402622818788501 ], [ 33.400620103135765, 28.402544379020213 ], [ 33.40108311189627, 28.402035951798041 ], [ 33.402884006092421, 28.399412512477682 ], [ 33.402909040520484, 28.39331972612473 ], [ 33.404664159223927, 28.389599442160716 ], [ 33.404914141075409, 28.389356255586904 ], [ 33.407711744001887, 28.389690041662476 ], [ 33.414866208809229, 28.385130524754089 ], [ 33.41701042639059, 28.379805565174877 ], [ 33.422944545354511, 28.374364137994746 ], [ 33.42868494945148, 28.371355056790691 ], [ 33.433409214064767, 28.364354849097452 ], [ 33.449954509393507, 28.356335162737565 ], [ 33.456556320118267, 28.354590654235665 ], [ 33.462958335658897, 28.349638938486407 ], [ 33.474537253592047, 28.346780419081142 ], [ 33.47626972197034, 28.343850255185259 ], [ 33.483202576737852, 28.341488242488538 ], [ 33.490180253716204, 28.337297916165994 ], [ 33.49703252293304, 28.328329920789372 ], [ 33.505824804271498, 28.32014405770218 ], [ 33.509892344356757, 28.318212747420688 ], [ 33.515307545506829, 28.317512750213638 ], [ 33.517844915211043, 28.315155148691275 ], [ 33.525399923668118, 28.314976453400732 ], [ 33.532995701091437, 28.312732100805931 ], [ 33.545529365387978, 28.300781250254801 ], [ 33.545897602692918, 28.300781250254801 ], [ 33.549206733704438, 28.298218727412348 ], [ 33.550492048369705, 28.297644972537626 ], [ 33.553403854405104, 28.296904444684714 ], [ 33.560549378151592, 28.296559453056744 ], [ 33.566109657035753, 28.294517755490176 ], [ 33.567267060227238, 28.293429017335512 ], [ 33.573183179260838, 28.28221440307243 ], [ 33.576484442103578, 28.271761059525289 ], [ 33.586833834813802, 28.268708825252247 ], [ 33.587069154118552, 28.256873846051491 ], [ 33.588088512275618, 28.254368305153179 ], [ 33.593965768905349, 28.25196874126479 ], [ 33.593461751958415, 28.244267225152498 ], [ 33.597634434481762, 28.24265670754113 ], [ 33.597392677830356, 28.241190314381527 ], [ 33.599691867486257, 28.2375837568853 ], [ 33.607650756977279, 28.230618119131066 ], [ 33.609162807817796, 28.232021570539132 ], [ 33.606476307136433, 28.237140417196713 ], [ 33.608613252799586, 28.236927747318106 ], [ 33.609645009010563, 28.238587141283631 ], [ 33.612057804624527, 28.23853015933966 ], [ 33.616440176673422, 28.235855340851714 ], [ 33.618078351135267, 28.232613563665467 ], [ 33.622876406021845, 28.227857947786418 ], [ 33.626555800510374, 28.208224773554804 ], [ 33.625674248168167, 28.188656926076618 ], [ 33.628087878353455, 28.180025219588401 ], [ 33.632079244062624, 28.175573468441115 ], [ 33.638430357075464, 28.171647549095411 ], [ 33.648669719532307, 28.168496370511207 ], [ 33.64917802804402, 28.161312579711904 ], [ 33.652324557132971, 28.166292548562268 ], [ 33.662094116450675, 28.165546655353921 ], [ 33.666627407329514, 28.163323044723001 ], [ 33.669209718854148, 28.157686948493989 ], [ 33.668675422633186, 28.148298025433547 ], [ 33.670636772969004, 28.13320386446685 ], [ 33.671736955896534, 28.131805657904749 ], [ 33.680337070999798, 28.128996371885108 ], [ 33.683547973560707, 28.124999999650555 ], [ 33.683983326369713, 28.124999999650555 ], [ 33.684332609562915, 28.119310736401701 ], [ 33.686110377692074, 28.11500096302413 ], [ 33.686317324285795, 28.11457145221101 ], [ 33.690368533581392, 28.11080741892755 ], [ 33.693073034193361, 28.104748010912004 ], [ 33.69344341728052, 28.104314446854374 ], [ 33.703989148180852, 28.092988252805952 ], [ 33.709853648827135, 28.088545680139077 ], [ 33.710250615873832, 28.085602402329243 ], [ 33.710461378290148, 28.085183978358288 ], [ 33.713658571586478, 28.081695914634849 ], [ 33.713903903942509, 28.079276442453931 ], [ 33.713322758438977, 28.076872348680268 ], [ 33.70983636385759, 28.072986959980256 ], [ 33.714034319128899, 28.066374659562996 ], [ 33.717224120897043, 28.06642687330185 ], [ 33.718760371594357, 28.067950129694765 ], [ 33.723281144809249, 28.068073034642936 ], [ 33.731352329047098, 28.063702464397409 ], [ 33.733960866601223, 28.060771346320877 ], [ 33.733133554170678, 28.058989048306017 ], [ 33.734595418344469, 28.056610226380997 ], [ 33.735038757133424, 28.05638027153239 ], [ 33.736018538824936, 28.056509613827842 ], [ 33.73512041557521, 28.058454155834738 ], [ 33.736175775392184, 28.058801054924885 ], [ 33.744131803240549, 28.055316806125717 ], [ 33.74478292499262, 28.051733970946344 ], [ 33.750000000100187, 28.052734255381722 ], [ 33.756219148395559, 28.049700736899609 ], [ 33.75675320629577, 28.049557447018685 ], [ 33.759287357325746, 28.05027103388116 ], [ 33.760706067531174, 28.048967719285002 ], [ 33.767012953685565, 28.037564277969153 ], [ 33.767131447458581, 28.037232041425739 ], [ 33.764497756766474, 28.031948566673179 ], [ 33.760190963742474, 28.027003526591756 ], [ 33.762364626026937, 28.019390344588999 ], [ 33.779308557544283, 28.012390613536155 ], [ 33.780723929466234, 28.00935351845024 ], [ 33.784907340901299, 28.010508775859364 ], [ 33.790730238010411, 28.009266257232014 ], [ 33.796384334169858, 28.004337430128487 ], [ 33.79889874558453, 28.0 ], [ 33.460809610570443, 28.0 ], [ 33.451975345386273, 28.002457976554467 ], [ 33.451810240650588, 28.003549456742121 ], [ 33.44048464285251, 28.011638045559437 ], [ 33.437066077837727, 28.017842173377659 ], [ 33.432255029546326, 28.020740031826961 ], [ 33.42384600598902, 28.021391630219625 ], [ 33.419976234016275, 28.025253534023307 ], [ 33.4213055372214, 28.027308464214371 ], [ 33.41890430419042, 28.02823126306248 ], [ 33.416515827144138, 28.032331466524198 ], [ 33.410666346974921, 28.034208059354484 ], [ 33.407124757401647, 28.034235954525997 ], [ 33.398437499791129, 28.032924055900537 ], [ 33.384749174335269, 28.030546307765974 ], [ 33.378092646158876, 28.030463456823156 ], [ 33.377667903551043, 28.030594826190452 ], [ 33.372699857012861, 28.034957646977944 ], [ 33.373755216830176, 28.03781724017341 ], [ 33.370771646694692, 28.039441347440402 ], [ 33.368341326890999, 28.039432644701236 ], [ 33.368429779710738, 28.042550206626828 ], [ 33.366618871563986, 28.044410348159204 ], [ 33.366174816914935, 28.048111677112217 ], [ 33.357256769884572, 28.047726750189696 ], [ 33.354099511883504, 28.049640059641206 ], [ 33.352156877338729, 28.049064040273521 ], [ 33.349138617653324, 28.05232155289761 ], [ 33.341475009764252, 28.052242040238042 ], [ 33.334072947209364, 28.067059159652672 ], [ 33.333721161202988, 28.080471038907405 ], [ 33.335553527173573, 28.084535956569169 ], [ 33.327655076620971, 28.091868639126517 ], [ 33.324875235304347, 28.092536449597617 ], [ 33.321779847062913, 28.095540166345643 ], [ 33.314978957013835, 28.096559166572433 ], [ 33.313536405781036, 28.099843502376018 ], [ 33.304515957445489, 28.107033252982518 ], [ 33.304543733906684, 28.109249949625649 ], [ 33.297709107589782, 28.112082957962372 ], [ 33.29725956887458, 28.112496137986454 ], [ 33.292417526348089, 28.119603633900567 ], [ 33.285700678843824, 28.124246955033215 ], [ 33.285672068711364, 28.124999999650555 ], [ 33.285469054852996, 28.124999999650555 ], [ 33.281174778593453, 28.129091143341924 ], [ 33.282539009668113, 28.134332179986075 ], [ 33.281308054523748, 28.137873530339476 ], [ 33.280976772160869, 28.138089179672022 ], [ 33.272995352853712, 28.139515876756747 ], [ 33.267944335763076, 28.142259239772272 ], [ 33.262501477761447, 28.140074014904172 ], [ 33.255215525775981, 28.140148401427865 ], [ 33.249271273251196, 28.142942070720125 ], [ 33.245060444184702, 28.143078923253881 ], [ 33.241541743257272, 28.162907123565049 ], [ 33.243560075537488, 28.167816758236938 ], [ 33.241376042271071, 28.171874642301333 ], [ 33.241066813083393, 28.172291159709459 ], [ 33.234914660683074, 28.177052259653976 ], [ 33.227346658821801, 28.187473535175627 ], [ 33.216832638016427, 28.194059610462716 ], [ 33.208225250095467, 28.206892251676209 ], [ 33.204398274161264, 28.210208058355477 ], [ 33.196422577240668, 28.214322329012333 ], [ 33.193559765371248, 28.217254519080882 ], [ 33.185269951447111, 28.219697236938003 ], [ 33.181517362936432, 28.231118679083835 ], [ 33.175017475976205, 28.236672520620544 ], [ 33.170408845292371, 28.23889946953517 ], [ 33.165748834541404, 28.246201157857485 ], [ 33.162318467723793, 28.248419046102271 ], [ 33.161348342952266, 28.256654143474123 ], [ 33.158802032188504, 28.261790514320893 ], [ 33.157375454713673, 28.270753741492314 ], [ 33.15068256874568, 28.27486193183293 ], [ 33.15066647537779, 28.279994249435305 ], [ 33.145493149589669, 28.280140876700301 ], [ 33.141961574867338, 28.281484246201103 ], [ 33.136586547331746, 28.284347176780813 ], [ 33.131670117382015, 28.289734244440154 ], [ 33.125661611894628, 28.291825055781828 ], [ 33.125124454930386, 28.292283177626643 ], [ 33.124831557431065, 28.293100119075348 ], [ 33.125668049241625, 28.300781250254801 ], [ 33.125493049265089, 28.300781250254801 ], [ 33.124808668785164, 28.305965304055604 ], [ 33.124612450204467, 28.306481122805991 ], [ 33.122285246667587, 28.30981946019989 ], [ 33.114179849521037, 28.31541526320396 ], [ 33.113368750068304, 28.316571355184152 ], [ 33.113209724749169, 28.317121743873798 ], [ 33.112785935422579, 28.324527025102213 ], [ 33.111300348932247, 28.32812154337492 ], [ 33.1127971409758, 28.331596254863427 ], [ 33.111485243250144, 28.333333254026769 ], [ 33.111227751160271, 28.340541243783491 ], [ 33.11215794063682, 28.351331949110346 ], [ 33.10864925366073, 28.357867956441083 ], [ 33.090859532242206, 28.364800453278406 ], [ 33.08443224395333, 28.365204572633075 ], [ 33.078299045665148, 28.369051337249431 ], [ 33.075469016782364, 28.372189044888671 ], [ 33.068541764790865, 28.381453633078877 ], [ 33.068491339804012, 28.385499238699083 ], [ 33.066558479990391, 28.386291741970524 ], [ 33.066079616181781, 28.390204071660861 ], [ 33.063352226923968, 28.3894630671671 ], [ 33.061873555320318, 28.391328215224974 ], [ 33.059039473193906, 28.392249942081406 ], [ 33.054685354245834, 28.399449825349478 ], [ 33.050796746873033, 28.401768565367092 ], [ 33.050935745188923, 28.405207037774687 ], [ 33.050470709356404, 28.406201958653526 ], [ 33.046875000381391, 28.410714149638466 ], [ 33.046875000381391, 28.411272168176225 ], [ 33.042787075363862, 28.418674707372162 ], [ 33.042720317788934, 28.422843336651084 ], [ 33.039101838879191, 28.432669043342031 ], [ 33.028548240709227, 28.447381973599619 ], [ 33.023300528397243, 28.463090062156795 ], [ 33.004940271676759, 28.473857641417368 ], [ 33.002176642438172, 28.47656249995967 ], [ 33.001859664692319, 28.47656249995967 ], [ 33.001806855602439, 28.476395129831786 ], [ 33.001701235623699, 28.476339340388336 ], [ 33.001595616544904, 28.476395129831786 ], [ 33.001542806555989, 28.47656249995967 ], [ 33.001501917979823, 28.47656249995967 ], [ 32.999088764435186, 28.481900215522558 ], [ 32.998085380036486, 28.48593044273602 ], [ 32.998088955741395, 28.486211180501698 ], [ 32.999219178722825, 28.487694144569133 ], [ 32.998278618264038, 28.489865779781951 ], [ 32.997849702801972, 28.490170836115226 ], [ 32.992202520630116, 28.491827011407764 ], [ 32.982874870179529, 28.491378545583473 ], [ 32.981254458226914, 28.493527054729896 ], [ 32.97742545612013, 28.493135452139541 ], [ 32.976864933870019, 28.493976115905326 ], [ 32.978556155742439, 28.497259259207624 ], [ 32.975725173578525, 28.494470834761245 ], [ 32.974326252954853, 28.494784950865125 ], [ 32.973996043483083, 28.495087504385054 ], [ 32.970056653192472, 28.500727414638561 ], [ 32.971611618781395, 28.50403392322707 ], [ 32.969624519057078, 28.502061247728562 ], [ 32.969230175332626, 28.50356221172683 ], [ 32.966319442189246, 28.505445480224864 ], [ 32.964279532474478, 28.509872555773939 ], [ 32.964706540475078, 28.513049125816678 ], [ 32.967482208937469, 28.516170143837229 ], [ 32.969703555075142, 28.514452576325453 ], [ 32.968014836016522, 28.517819762172337 ], [ 32.96696543690561, 28.51828682417792 ], [ 32.966127633883474, 28.516714572719479 ], [ 32.960097908891811, 28.516493439321124 ], [ 32.952931046930843, 28.521154641673576 ], [ 32.949181676194115, 28.52496850459292 ], [ 32.947624445212426, 28.529797435003672 ], [ 32.939596057012494, 28.542227744714808 ], [ 32.933041215180509, 28.545283675201773 ], [ 32.933969616804887, 28.547532200650807 ], [ 32.930386662914799, 28.55164742458922 ], [ 32.926088333410092, 28.55407202200638 ], [ 32.913478135907468, 28.556647658762529 ], [ 32.909889817561606, 28.55843782404645 ], [ 32.901567935611837, 28.558198809427779 ], [ 32.892227769296454, 28.562139510929939 ], [ 32.885844230327308, 28.562150239841856 ], [ 32.885022044032524, 28.564274549131284 ], [ 32.882940172851391, 28.56552815460077 ], [ 32.868551135227307, 28.571428179367018 ], [ 32.868129849613268, 28.571949720503341 ], [ 32.864500761401445, 28.577527522677173 ], [ 32.868204712778009, 28.583897948631744 ], [ 32.868203878206401, 28.589688301074432 ], [ 32.865416050010793, 28.601992845093747 ], [ 32.863191008558573, 28.623748422052444 ], [ 32.861862539924431, 28.624298453710992 ], [ 32.861858606290326, 28.627653956465025 ], [ 32.858769655395321, 28.634762644880453 ], [ 32.858435511390411, 28.640431642806476 ], [ 32.857084155010369, 28.643768071839446 ], [ 32.854361653567793, 28.646251916592803 ], [ 32.854277134382784, 28.652343749664368 ], [ 32.854564547815954, 28.652343749664368 ], [ 32.854604959751526, 28.653323769676376 ], [ 32.851596474797901, 28.655199766256317 ], [ 32.846336841971919, 28.657454848662553 ], [ 32.846258044273355, 28.661568045528952 ], [ 32.84382045255208, 28.663569807800428 ], [ 32.84367787853185, 28.663967371097385 ], [ 32.842803358888119, 28.669224261890292 ], [ 32.843115806749751, 28.677593231442586 ], [ 32.845169544439699, 28.678970455921842 ], [ 32.839022635985913, 28.692111849682391 ], [ 32.839163661374499, 28.698031902350579 ], [ 32.835280656777371, 28.699627757415215 ], [ 32.829194546091884, 28.710340142583533 ], [ 32.829031467528722, 28.710950851500684 ], [ 32.82872045048893, 28.72107160057422 ], [ 32.832025646966684, 28.729860544528805 ], [ 32.827770829360901, 28.734531044971988 ], [ 32.824421644343857, 28.736181259557867 ], [ 32.819971561438905, 28.744733214166615 ], [ 32.816887259140202, 28.756171942181538 ], [ 32.813335537805386, 28.764208078040411 ], [ 32.80370557305443, 28.781947374472196 ], [ 32.797137976137464, 28.788741350533229 ], [ 32.786127329013624, 28.79527735696459 ], [ 32.7736308570787, 28.799077748939055 ], [ 32.756803751092747, 28.800750255919951 ], [ 32.756198644951922, 28.801073670114221 ], [ 32.749689101970745, 28.805413722765195 ], [ 32.748510837206055, 28.808266759003914 ], [ 32.744480728703223, 28.810018062783513 ], [ 32.742394805176872, 28.811843633477309 ], [ 32.740809559413862, 28.813491940600812 ], [ 32.736585855653431, 28.818754673389748 ], [ 32.736361623190788, 28.819154143249335 ], [ 32.733774542561065, 28.828125000268614 ], [ 32.733844160879897, 28.828125000268614 ], [ 32.732643961649927, 28.831397652979575 ], [ 32.72553145920952, 28.844166278651215 ], [ 32.717255949902693, 28.849885464142886 ], [ 32.706859349979794, 28.853994846085442 ], [ 32.701326012985504, 28.861143231475381 ], [ 32.695312500072276, 28.864955305642923 ], [ 32.695312500072276, 28.865234255556828 ], [ 32.690078973666431, 28.868924260246558 ], [ 32.691420435704771, 28.870582222491748 ], [ 32.689206123164666, 28.877093076684588 ], [ 32.680889844891198, 28.885110259331157 ], [ 32.682233334001552, 28.895342349869992 ], [ 32.679433941423525, 28.897284149843784 ], [ 32.675284624186276, 28.907828569533024 ], [ 32.672491073604732, 28.91974997538145 ], [ 32.667555212903238, 28.9269330503204 ], [ 32.663434267477982, 28.937587618973623 ], [ 32.649079441863222, 28.950708746511623 ], [ 32.64137935657206, 28.959748863919145 ], [ 32.633384228000267, 28.966609359234809 ], [ 32.631937027272301, 28.966706156863921 ], [ 32.622114300934726, 28.983202457127675 ], [ 32.620796441602948, 28.989815831335761 ], [ 32.622707247341651, 29.003906249973511 ], [ 32.622894406152312, 29.003906249973511 ], [ 32.623106360170908, 29.012198567609971 ], [ 32.625480652211053, 29.021137952854616 ], [ 32.631497979149088, 29.028619646779276 ], [ 32.630492210647361, 29.039447903298452 ], [ 32.62324714633931, 29.048105717105301 ], [ 32.627722501992224, 29.049184322598592 ], [ 32.623235225825596, 29.049150109689805 ], [ 32.622959256265148, 29.049437880154329 ], [ 32.623028158722917, 29.0499812361453 ], [ 32.625161409072376, 29.054591775190431 ], [ 32.632377147387928, 29.062115430582793 ], [ 32.638781666641165, 29.063892245430935 ], [ 32.641207933200207, 29.063662648512747 ], [ 32.642617225704527, 29.061792611739691 ], [ 32.643169761075939, 29.063931346154845 ], [ 32.640945434584495, 29.065812707191043 ], [ 32.641387343451669, 29.06772112882723 ], [ 32.641788840383271, 29.068287968815156 ], [ 32.645523309353706, 29.06995606462084 ], [ 32.651216745456708, 29.075034856373662 ], [ 32.65343594581239, 29.076340079331288 ], [ 32.653847813726287, 29.076413274253497 ], [ 32.654695272769317, 29.075644254978499 ], [ 32.65578544174528, 29.0780111554906 ], [ 32.661662220834984, 29.082679271830926 ], [ 32.667364120457904, 29.098390102421376 ], [ 32.667457104062834, 29.09912335835628 ], [ 32.665637731496162, 29.104859948427872 ], [ 32.66621243965298, 29.111295223595732 ], [ 32.665802479201176, 29.111604928524713 ], [ 32.666060447931642, 29.111856817837946 ], [ 32.665820837062512, 29.11235332454649 ], [ 32.663324713864512, 29.116187930329005 ], [ 32.659195780661463, 29.118994474315542 ], [ 32.660119414080185, 29.121562242903252 ], [ 32.658272265952377, 29.1264206171181 ], [ 32.655552268222749, 29.126544951988251 ], [ 32.654860139184592, 29.128258347544886 ], [ 32.651686429885302, 29.128936767318123 ], [ 32.651968956402328, 29.136800647032459 ], [ 32.649948358729972, 29.140757441902707 ], [ 32.65152311300173, 29.143333554400243 ], [ 32.649275302513587, 29.145500779337709 ], [ 32.649337648914099, 29.149973631278101 ], [ 32.646954655933285, 29.153508544283966 ], [ 32.648253321933424, 29.155412674355546 ], [ 32.647511959509728, 29.158563017469561 ], [ 32.649409532624105, 29.160551905946051 ], [ 32.646413445724107, 29.16423845274241 ], [ 32.645511269230127, 29.167850852235375 ], [ 32.64788544166035, 29.170057654537175 ], [ 32.647628903751382, 29.172703147032905 ], [ 32.649673462060633, 29.173470258845811 ], [ 32.648092627472948, 29.174417972511748 ], [ 32.648233055711302, 29.176012158434503 ], [ 32.647970557096215, 29.176174640747519 ], [ 32.64348864538519, 29.177032351162211 ], [ 32.642673849718875, 29.17968749967855 ], [ 32.640440344746452, 29.180287242262494 ], [ 32.641557336002364, 29.186587572358889 ], [ 32.63875007615556, 29.192145347529987 ], [ 32.638649940243198, 29.194914341224234 ], [ 32.637537836802238, 29.196937322999219 ], [ 32.631958007556392, 29.201913356416441 ], [ 32.628201246191196, 29.202972174126671 ], [ 32.628074049678133, 29.207010864859626 ], [ 32.631289958764881, 29.203770756815004 ], [ 32.632960558283884, 29.204847454846259 ], [ 32.629567742657315, 29.211627245001779 ], [ 32.629314660843391, 29.214658856021771 ], [ 32.627373575830319, 29.215754151133268 ], [ 32.628657340964168, 29.218302726389709 ], [ 32.62508821504926, 29.222119927593013 ], [ 32.625082850593429, 29.222641706150256 ], [ 32.627508640511877, 29.225508451653724 ], [ 32.628641724236871, 29.230320453226511 ], [ 32.626927971648598, 29.232844352884825 ], [ 32.629968643338742, 29.233593344257571 ], [ 32.631522059395621, 29.237644910584379 ], [ 32.627278923983766, 29.243748545459141 ], [ 32.626891970888067, 29.248564243245625 ], [ 32.625147939026675, 29.249521255901243 ], [ 32.624906659015238, 29.251260518658171 ], [ 32.622206330358466, 29.250681638547206 ], [ 32.623066544485511, 29.251748442236874 ], [ 32.618331551860223, 29.254549860987368 ], [ 32.617017627062268, 29.25745570631608 ], [ 32.616994738416992, 29.261797547718828 ], [ 32.618019342319343, 29.263381600081004 ], [ 32.61966133080594, 29.263505459209995 ], [ 32.619555831336783, 29.266596555886679 ], [ 32.617272257509143, 29.268293618855836 ], [ 32.617277979895363, 29.27115094665902 ], [ 32.606770634757396, 29.277788519824242 ], [ 32.606180906124422, 29.285830021038663 ], [ 32.606932759139937, 29.287296772128514 ], [ 32.610515117679171, 29.288838624703175 ], [ 32.610771775197776, 29.290617942364207 ], [ 32.608890175841083, 29.293177247432169 ], [ 32.607209801591495, 29.29345726933758 ], [ 32.601926445549651, 29.302953958158696 ], [ 32.602874755466047, 29.305014371516478 ], [ 32.601454734948419, 29.309674740197408 ], [ 32.602468848259178, 29.313052535346486 ], [ 32.59710967577135, 29.331243753696555 ], [ 32.593982339113978, 29.335842013398548 ], [ 32.59488475302939, 29.341244459464349 ], [ 32.594742775259391, 29.341651320851952 ], [ 32.592898249554963, 29.345042109406137 ], [ 32.590676665096254, 29.347061276257023 ], [ 32.585915446441192, 29.349347234187604 ], [ 32.585728645561261, 29.349576831106248 ], [ 32.582492947791792, 29.355468750282796 ], [ 32.582607626640964, 29.355468750282796 ], [ 32.581335902530412, 29.357583523161225 ], [ 32.580459117494485, 29.363141656262542 ], [ 32.577841043530015, 29.36409926426964 ], [ 32.576679230062695, 29.362128257912957 ], [ 32.573482513407868, 29.366078615435896 ], [ 32.572752118216073, 29.369718670880076 ], [ 32.57440614682659, 29.373735308438029 ], [ 32.574261427023515, 29.373979210871823 ], [ 32.569395303350774, 29.377900004082107 ], [ 32.566585540690738, 29.383739471199675 ], [ 32.560603261231478, 29.385792135998543 ], [ 32.553668856932603, 29.391498803827034 ], [ 32.55166125266507, 29.394781470488567 ], [ 32.542941451287135, 29.399413108528336 ], [ 32.542436241839795, 29.401743054098858 ], [ 32.533145427619587, 29.406953215218721 ], [ 32.528698206357518, 29.411731004782069 ], [ 32.516855955238412, 29.415813445734045 ], [ 32.515068769408771, 29.419551849238843 ], [ 32.506128072952691, 29.422033309889486 ], [ 32.500164747605567, 29.429198145678328 ], [ 32.501246810092283, 29.43180215334695 ], [ 32.500323414994313, 29.438494801893683 ], [ 32.494255065918907, 29.441941976141408 ], [ 32.48851776088631, 29.442726850463941 ], [ 32.485141158238179, 29.445248961370709 ], [ 32.482999205149241, 29.44412660565834 ], [ 32.480037450768265, 29.446254372841338 ], [ 32.477097511241624, 29.45155465592282 ], [ 32.477785944965518, 29.45449244966693 ], [ 32.47744214493909, 29.455169558228846 ], [ 32.474815249524653, 29.456445455193659 ], [ 32.474023937855037, 29.458807468789729 ], [ 32.471343517489998, 29.460908054863012 ], [ 32.465049147201029, 29.464277624812809 ], [ 32.460516810502469, 29.469365000594451 ], [ 32.459781407885799, 29.469861149372775 ], [ 32.45139133933904, 29.47356462500781 ], [ 32.448095559662733, 29.483443140788495 ], [ 32.445934533751739, 29.486063956786325 ], [ 32.444339632868463, 29.487406134685699 ], [ 32.432919025293444, 29.490811943716409 ], [ 32.432526231100695, 29.491016030465602 ], [ 32.430848955915195, 29.49321877952309 ], [ 32.415042757617272, 29.50370156777322 ], [ 32.39892673478127, 29.51070594832089 ], [ 32.395084977589789, 29.514780402393768 ], [ 32.393727779214174, 29.519013166824379 ], [ 32.3874893188773, 29.521776556842696 ], [ 32.381537914044173, 29.526133656143259 ], [ 32.379610657906227, 29.53124999998775 ], [ 32.379355311598914, 29.53124999998775 ], [ 32.373020648984294, 29.535241246086628 ], [ 32.373502850176777, 29.538857937144201 ], [ 32.372263908153485, 29.541992068179781 ], [ 32.365740180165545, 29.549754142839447 ], [ 32.363931536511501, 29.554237007831972 ], [ 32.361838102746759, 29.555585145538089 ], [ 32.361597418986179, 29.556134938876568 ], [ 32.362352847706035, 29.56502485241532 ], [ 32.35682475555862, 29.571472645246445 ], [ 32.351737141456255, 29.580494045963547 ], [ 32.348101615897434, 29.583032369848326 ], [ 32.343749999763219, 29.588169574366475 ], [ 32.343749999763219, 29.588448643889876 ], [ 32.342889427705444, 29.59017574781268 ], [ 32.34285390358545, 29.590852618054299 ], [ 32.342867851170496, 29.594068765461202 ], [ 32.343589544522587, 29.594866036938129 ], [ 32.343749999763219, 29.594866036938129 ], [ 32.343749999763219, 29.595982074913138 ], [ 32.344706058238188, 29.596331715136671 ], [ 32.346892118576562, 29.603758930830139 ], [ 32.347198962762178, 29.604291200878549 ], [ 32.356293320980029, 29.617273569319877 ], [ 32.359998226537499, 29.620547175312026 ], [ 32.365987419983668, 29.631302356518461 ], [ 32.364953041350162, 29.642985105678264 ], [ 32.3721059557258, 29.643554568089201 ], [ 32.365003347627095, 29.644121527686423 ], [ 32.363491773426887, 29.64604377729853 ], [ 32.360592722476184, 29.645925521845442 ], [ 32.358062267660188, 29.643914341873653 ], [ 32.354757428213105, 29.64386105524369 ], [ 32.353931665314889, 29.648782133788529 ], [ 32.353797912743715, 29.649129152488428 ], [ 32.350947380217718, 29.653707146867589 ], [ 32.35088384131646, 29.654224753469691 ], [ 32.35144376731634, 29.655641556213084 ], [ 32.352361559638638, 29.655380367909743 ], [ 32.355999112269416, 29.650096654836801 ], [ 32.361929654629904, 29.648404240463378 ], [ 32.364074468462462, 29.649810672225072 ], [ 32.370574235813052, 29.649912357669592 ], [ 32.363751053368645, 29.650531649716214 ], [ 32.363048434638273, 29.656106114505889 ], [ 32.36453950429464, 29.657733917086972 ], [ 32.363995909983743, 29.660575747772612 ], [ 32.365668177744709, 29.662895917712859 ], [ 32.364074111431449, 29.664759755458505 ], [ 32.365001558875548, 29.666070938223186 ], [ 32.364475846683519, 29.668601155619143 ], [ 32.362388849366624, 29.670923352630723 ], [ 32.360716819925841, 29.677871465296192 ], [ 32.36223495018325, 29.679132342683602 ], [ 32.363926648696548, 29.677688241019638 ], [ 32.365541577482446, 29.680743575255832 ], [ 32.363810300705126, 29.682375431081425 ], [ 32.366366505810305, 29.681877255231512 ], [ 32.367298960678994, 29.688297152891494 ], [ 32.375191807556149, 29.697524071179117 ], [ 32.381541371037912, 29.702685237234192 ], [ 32.382308244530265, 29.703809261188809 ], [ 32.383204460317955, 29.707031249692648 ], [ 32.383276701059543, 29.707031249692648 ], [ 32.388262868037685, 29.713779926003127 ], [ 32.391866922720823, 29.7257298232729 ], [ 32.409500241243592, 29.750976323798596 ], [ 32.412817120813969, 29.753990054497734 ], [ 32.420315146427328, 29.768149853133565 ], [ 32.430226921835157, 29.778526306444206 ], [ 32.436616778541662, 29.783424734663697 ], [ 32.44053494932902, 29.788859725396179 ], [ 32.454726815090879, 29.799533366871572 ], [ 32.468605279710545, 29.806956767641026 ], [ 32.473728179611811, 29.811435103647142 ], [ 32.476980447390389, 29.816067457547348 ], [ 32.485755205438551, 29.822400331410279 ], [ 32.487430453552719, 29.830720544217968 ], [ 32.492220163629923, 29.837225676024246 ], [ 32.497321605707754, 29.840818166325505 ], [ 32.497941851934939, 29.844032525880635 ], [ 32.500865340163926, 29.846179247174632 ], [ 32.507386923268342, 29.85587310785769 ], [ 32.507571578366395, 29.856271624436346 ], [ 32.508672714574544, 29.859428405796393 ], [ 32.508078456056609, 29.863493203848492 ], [ 32.499457120550318, 29.86062586299343 ], [ 32.495567321574953, 29.861422657829763 ], [ 32.492739916014699, 29.864557504725099 ], [ 32.490076542299079, 29.865483165216091 ], [ 32.487144351331352, 29.865056037606365 ], [ 32.484250545226843, 29.862771630106664 ], [ 32.478837251538579, 29.8634045127082 ], [ 32.474988937390179, 29.868099927969325 ], [ 32.475210667038965, 29.874302029615194 ], [ 32.479786872666267, 29.8728717568261 ], [ 32.480796337381577, 29.874572515109634 ], [ 32.478131651555003, 29.875833034566995 ], [ 32.473256111080815, 29.882812500296893 ], [ 32.473171353575623, 29.882812500296893 ], [ 32.470926523440397, 29.887236952523438 ], [ 32.468294262670355, 29.886774301693066 ], [ 32.465285539396547, 29.888623952633395 ], [ 32.462708234398036, 29.888392806183163 ], [ 32.459700941945044, 29.891652107558798 ], [ 32.459822059041215, 29.894749879903202 ], [ 32.465330242896897, 29.898162245891371 ], [ 32.465608000309516, 29.900872110959199 ], [ 32.46738171609374, 29.900410651730482 ], [ 32.465841651371392, 29.90407335749947 ], [ 32.4661067724102, 29.906245231932218 ], [ 32.467735647882392, 29.907606363043158 ], [ 32.467258453215351, 29.910840749601022 ], [ 32.471179008105395, 29.912378072290522 ], [ 32.469687461807126, 29.913637042215811 ], [ 32.471258402054076, 29.918092608287395 ], [ 32.475049852968283, 29.922050952689318 ], [ 32.475442648060465, 29.92970216252516 ], [ 32.481546163325135, 29.931828022245611 ], [ 32.477333545507435, 29.934550404977301 ], [ 32.477057575946986, 29.935985326361845 ], [ 32.481457352575347, 29.940549850695362 ], [ 32.489551067527742, 29.94489824815571 ], [ 32.492632508184414, 29.946204423495402 ], [ 32.496883273444297, 29.947502255824588 ], [ 32.500494957076995, 29.947582840475889 ], [ 32.501555323419524, 29.948819875936607 ], [ 32.515063643272725, 29.953528523822428 ], [ 32.516286731147972, 29.953799605567752 ], [ 32.525460719837127, 29.954234242516407 ], [ 32.527700543445945, 29.953095078475087 ], [ 32.531869054013868, 29.94893574728701 ], [ 32.536309004257333, 29.941590070425548 ], [ 32.539950609233728, 29.940339564919014 ], [ 32.532979249993019, 29.950062513274531 ], [ 32.534054636812613, 29.953930139464688 ], [ 32.535995960145812, 29.954751730408049 ], [ 32.54361104961103, 29.953955412212679 ], [ 32.548660874200635, 29.956810355014028 ], [ 32.559096216917425, 29.95931434638004 ], [ 32.564175247889665, 29.954413533158117 ], [ 32.566765307972872, 29.948781371463326 ], [ 32.555142760330256, 29.940699934954438 ], [ 32.556538701500443, 29.938067435863559 ], [ 32.558362960982407, 29.939030647546417 ], [ 32.558676242514679, 29.937308907180579 ], [ 32.564357757205215, 29.938508749379423 ], [ 32.556447505748537, 29.935796022668512 ], [ 32.556026816385014, 29.932381272577715 ], [ 32.556675672744319, 29.9319415094931 ], [ 32.557244658514293, 29.931920647920009 ], [ 32.558017373103752, 29.934692144427146 ], [ 32.558306813609278, 29.935013532448949 ], [ 32.559757947971633, 29.933423757700297 ], [ 32.562530160339037, 29.934771180445949 ], [ 32.564223527994017, 29.934054255300026 ], [ 32.570691108608202, 29.939537048596037 ], [ 32.573438048227416, 29.946583032681104 ], [ 32.572809219770392, 29.951945543452354 ], [ 32.574428677541817, 29.951948165875166 ], [ 32.575426578773801, 29.95064747370202 ], [ 32.575105071142701, 29.946728110414398 ], [ 32.577026605793804, 29.946578979436509 ], [ 32.581442236570496, 29.954119801087984 ], [ 32.584298611092294, 29.962756275781686 ], [ 32.585207820285376, 29.967494249659921 ], [ 32.585762262219163, 29.974544525309767 ], [ 32.584465980321085, 29.986611962172702 ], [ 32.5768706795387, 30.021066546484263 ], [ 32.576481222730678, 30.030497550621646 ], [ 32.574617624204592, 30.035571456357644 ], [ 32.574550628309538, 30.04107964021361 ], [ 32.572365045510452, 30.047097325081552 ], [ 32.571076750491699, 30.056260109116948 ], [ 32.571042060942688, 30.058593750001847 ], [ 32.571250557967488, 30.058593750001847 ], [ 32.57004475596122, 30.062798857581498 ], [ 32.568593978629821, 30.16007256529673 ], [ 32.567028045808087, 30.171275019826595 ], [ 32.564922928950722, 30.172472000382697 ], [ 32.563848257091848, 30.176099300742322 ], [ 32.563454508719161, 30.190809845997848 ], [ 32.561003327342206, 30.194019556057896 ], [ 32.56097936670497, 30.19735574766986 ], [ 32.557417750129645, 30.199967026357257 ], [ 32.553008913730565, 30.199518323112216 ], [ 32.550125956148662, 30.201420069081109 ], [ 32.546856403400824, 30.20179903529737 ], [ 32.536890148861772, 30.197895169127122 ], [ 32.534599542335712, 30.205471277477756 ], [ 32.535081863137833, 30.210883140344748 ], [ 32.536954641044275, 30.21216154102234 ], [ 32.53840732583771, 30.211270213050199 ], [ 32.539950132592793, 30.206826805812483 ], [ 32.539739728106582, 30.212581038784037 ], [ 32.542345166596618, 30.213830948040112 ], [ 32.539322376126876, 30.216267823900864 ], [ 32.53544104067177, 30.222786068722172 ], [ 32.533479809945874, 30.220251917691911 ], [ 32.535666346924899, 30.218266725429089 ], [ 32.536475538915482, 30.215599656399093 ], [ 32.533707022761376, 30.214906931110221 ], [ 32.527572035721306, 30.217283129713081 ], [ 32.51808106928658, 30.224190831342099 ], [ 32.518832206441715, 30.230408430105058 ], [ 32.519517659812408, 30.231155156985039 ], [ 32.521418332890534, 30.229656457479734 ], [ 32.521449327124998, 30.2320445774956 ], [ 32.524434328082322, 30.233569264709956 ], [ 32.524525999575388, 30.234374999706716 ], [ 32.524074435586982, 30.234385371587933 ], [ 32.524164915479076, 30.236045002974663 ], [ 32.525136232751578, 30.237727641717413 ], [ 32.525425910677228, 30.239225506652076 ], [ 32.525298357134119, 30.241160869278758 ], [ 32.524198055496385, 30.244717359718408 ], [ 32.52377855773446, 30.245095253043843 ], [ 32.514689564871588, 30.248383760802142 ], [ 32.506697654973181, 30.253158927043131 ], [ 32.500961422831637, 30.254434943617838 ], [ 32.500625014333338, 30.256711959589524 ], [ 32.502663254905571, 30.258959412147448 ], [ 32.502540826598164, 30.260453343447267 ], [ 32.500849843046495, 30.260320544157935 ], [ 32.497382521286539, 30.256270050722691 ], [ 32.484456539438128, 30.258875727532939 ], [ 32.480739235827599, 30.261469722150338 ], [ 32.476467370673362, 30.260851740415575 ], [ 32.472090244369809, 30.258660912770949 ], [ 32.461440563531738, 30.263008952301504 ], [ 32.461817145645142, 30.261539935819542 ], [ 32.466115713470032, 30.258332252831337 ], [ 32.475922823080367, 30.254251122191846 ], [ 32.476252555910918, 30.252447366352953 ], [ 32.472965717294727, 30.245995760396085 ], [ 32.472956776234838, 30.241469145185079 ], [ 32.472576022166294, 30.240983724419522 ], [ 32.466847061943014, 30.236640453094623 ], [ 32.456406354769769, 30.231606245232314 ], [ 32.450300812432744, 30.231521129796477 ], [ 32.446221948085025, 30.234374999706716 ], [ 32.44296157381811, 30.234730124895634 ], [ 32.440623641367978, 30.233021259224159 ], [ 32.438872456299492, 30.235149741367593 ], [ 32.434994339517715, 30.235119223773097 ], [ 32.431463241435694, 30.238387941950123 ], [ 32.431312202996452, 30.238714575717268 ], [ 32.430029035012495, 30.24373471728353 ], [ 32.429712653516816, 30.247709751304058 ], [ 32.430527448283414, 30.249870777214795 ], [ 32.426976323199113, 30.258270621392001 ], [ 32.418740630476037, 30.265041232167135 ], [ 32.408043622815484, 30.27083241918109 ], [ 32.407394051494833, 30.272462963794908 ], [ 32.409281134916995, 30.274760127278142 ], [ 32.406847358119279, 30.27776145902439 ], [ 32.401384711435838, 30.278668403724083 ], [ 32.395804405549057, 30.276858806788596 ], [ 32.387154459910988, 30.281034946306164 ], [ 32.381261229522664, 30.282336473050151 ], [ 32.375870943190108, 30.282449245336494 ], [ 32.369137644387223, 30.284204125720009 ], [ 32.368777751892225, 30.283460259583592 ], [ 32.36328125022979, 30.283482074438297 ], [ 32.349596142547938, 30.284358620254494 ], [ 32.348064542245112, 30.287378907011032 ], [ 32.343749999763219, 30.288783431310378 ], [ 32.343749999763219, 30.289062499934658 ], [ 32.338626026970161, 30.295115113571882 ], [ 32.334397435393527, 30.301223158722081 ], [ 32.332095145774559, 30.308906555293589 ], [ 32.325847745277741, 30.317050933553844 ], [ 32.325534224525626, 30.317418217576943 ], [ 32.320215344363163, 30.321047544109234 ], [ 32.316129326807328, 30.327157854651574 ], [ 32.314198374455799, 30.327176451732242 ], [ 32.310943245934567, 30.32961904997947 ], [ 32.310598015986301, 30.331077456259834 ], [ 32.30564582359645, 30.333886027318755 ], [ 32.305212855789165, 30.338291764653349 ], [ 32.303028702912826, 30.34116017839952 ], [ 32.302199840950294, 30.351350665401043 ], [ 32.303434014768612, 30.360024928707531 ], [ 32.30512905156516, 30.362518549091845 ], [ 32.307523250997718, 30.374661445369497 ], [ 32.309417247508094, 30.375536561263374 ], [ 32.30947303785112, 30.376089334055536 ], [ 32.307533502369751, 30.381865263171591 ], [ 32.306136607918774, 30.383104801445768 ], [ 32.306013942189935, 30.388479947691536 ], [ 32.308125853425935, 30.39496052261012 ], [ 32.309852838638193, 30.396027922550985 ], [ 32.309859156375211, 30.398894071804136 ], [ 32.313586354327157, 30.401788831189663 ], [ 32.317011713719836, 30.402151346107928 ], [ 32.317146778401678, 30.404464602060131 ], [ 32.317484140181165, 30.404836177647496 ], [ 32.318396449336745, 30.40526604639129 ], [ 32.320811867374431, 30.406182647111592 ], [ 32.327599167767602, 30.407023667908248 ], [ 32.331653714447981, 30.408786535170719 ], [ 32.343749999763219, 30.405691861890062 ], [ 32.347657203317368, 30.409410238391899 ], [ 32.34891533867264, 30.410156250310962 ], [ 32.349571466050833, 30.410156250310962 ], [ 32.352248549031657, 30.412761211261198 ], [ 32.353310942446143, 30.413245916166318 ], [ 32.354573131045726, 30.413457870184999 ], [ 32.355302333736489, 30.413376927603196 ], [ 32.356867909526926, 30.411837219911831 ], [ 32.357295512878324, 30.412310838874191 ], [ 32.35726964477837, 30.413006901547448 ], [ 32.343749999763219, 30.475446343773854 ], [ 32.343749999763219, 30.477957606158554 ], [ 32.343584060456152, 30.477851629149512 ], [ 32.338497638855443, 30.50486624268305 ], [ 32.337682604868718, 30.508636713313706 ], [ 32.335388660058726, 30.514677643858306 ], [ 32.299431800537405, 30.558155774669473 ], [ 32.296700477645544, 30.557344675216626 ], [ 32.297573208536818, 30.55475950204962 ], [ 32.303352951677908, 30.551812410214694 ], [ 32.303471803381029, 30.550832509812551 ], [ 32.298906445376616, 30.551119804535489 ], [ 32.293957471660093, 30.549426435981331 ], [ 32.291183948081112, 30.550540804814261 ], [ 32.289160847595639, 30.553404331644685 ], [ 32.289313435566811, 30.555142879440524 ], [ 32.290568470958334, 30.556084513689683 ], [ 32.291578054383905, 30.555100441332399 ], [ 32.29410755591968, 30.556883812238453 ], [ 32.290244579223923, 30.559815406955579 ], [ 32.291336417341796, 30.562590718386986 ], [ 32.290473341572095, 30.564632058023165 ], [ 32.284792065202026, 30.568370223207666 ], [ 32.282757044202498, 30.571351647560931 ], [ 32.277006506545575, 30.574229240687032 ], [ 32.276797056239587, 30.574412346253041 ], [ 32.27070724934012, 30.581494450708362 ], [ 32.270434021813315, 30.582502841632902 ], [ 32.271192073855701, 30.584726453163455 ], [ 32.27506041500672, 30.583436965643671 ], [ 32.279321312928772, 30.584581137110121 ], [ 32.278937220576296, 30.585998535204652 ], [ 32.278785347566128, 30.586275458046288 ], [ 32.281928419661341, 30.587696552354117 ], [ 32.283909201648925, 30.587028145632502 ], [ 32.284454226781662, 30.58593750001566 ], [ 32.285259246816764, 30.584898710207369 ], [ 32.294090270949852, 30.584456920950288 ], [ 32.296159147827069, 30.583276748723307 ], [ 32.299558520409875, 30.585551142271726 ], [ 32.299764156691111, 30.58593750001566 ], [ 32.297813653977556, 30.586624145887754 ], [ 32.30039572718178, 30.58823955041504 ], [ 32.30022692713149, 30.590706467230035 ], [ 32.303416252258756, 30.590518116817805 ], [ 32.30154180521069, 30.588592052281484 ], [ 32.304730773307227, 30.587139130067129 ], [ 32.307546853704281, 30.588844418235482 ], [ 32.30771863500749, 30.589135169952158 ], [ 32.311933040677985, 30.600210905508931 ], [ 32.320018649141815, 30.612006902696521 ], [ 32.324274539638651, 30.621834158919512 ], [ 32.339827537411423, 30.68714153735246 ], [ 32.342693805375205, 30.706126928115253 ], [ 32.337972402404915, 30.723705411375903 ], [ 32.330471754368745, 30.733273029726661 ], [ 32.322536706804186, 30.746924042310809 ], [ 32.319448352160265, 30.761718749720558 ], [ 32.319403529049993, 30.761718749720558 ], [ 32.31391966376205, 30.789381265433093 ], [ 32.316713809695017, 30.816147208327351 ], [ 32.312261938937894, 30.937500000324803 ], [ 32.312203645781921, 30.937500000324803 ], [ 32.31187844283599, 30.939313650504516 ], [ 32.306280255729774, 31.113281250029843 ], [ 32.306178331065865, 31.11612725267068 ], [ 32.302126049777911, 31.229133367511054 ], [ 32.303290605277397, 31.234578371294901 ], [ 32.302371144713192, 31.238137244938315 ], [ 32.304965973001771, 31.240015625620799 ], [ 32.303092956775146, 31.245740652209662 ], [ 32.304953813267929, 31.252396464525447 ], [ 32.302355766306022, 31.254469752577108 ], [ 32.30241250992961, 31.254765033279739 ], [ 32.30901551225665, 31.256299256905493 ], [ 32.309413433483627, 31.256566643336072 ], [ 32.311594605107672, 31.259041547929513 ], [ 32.317326545684153, 31.266203165044146 ], [ 32.317443371214921, 31.26695752177244 ], [ 32.319368243250466, 31.270797252791169 ], [ 32.323511839000247, 31.274167418091963 ], [ 32.323853611954718, 31.274558544041724 ], [ 32.325302362214387, 31.277729034667658 ], [ 32.328383207519238, 31.279978275077582 ], [ 32.335589170204543, 31.289062499734797 ], [ 32.342696547408281, 31.298119545080965 ], [ 32.342949151682234, 31.298476457222762 ], [ 32.341966510146875, 31.299776554044769 ], [ 32.333649516012969, 31.289062499734797 ], [ 32.330311059907984, 31.283945679249712 ], [ 32.322852849979398, 31.275271415943308 ], [ 32.320866108184845, 31.273707509294326 ], [ 32.314017057641678, 31.272926330285912 ], [ 32.311813950653487, 31.272926330285912 ], [ 32.274369835499925, 31.276839732867472 ], [ 32.265411257823502, 31.27838921529019 ], [ 32.24417793786219, 31.281294465267393 ], [ 32.223354100811747, 31.285650611286854 ], [ 32.218665122897647, 31.287588000086288 ], [ 32.215723752549906, 31.287243604709005 ], [ 32.212031364655985, 31.288278937522989 ], [ 32.212199568455475, 31.289062499734797 ], [ 32.212256908330204, 31.289482355426458 ], [ 32.208083749166263, 31.291362643571262 ], [ 32.197480440070734, 31.293825268821394 ], [ 32.192886352323711, 31.296010613299387 ], [ 32.189354419671332, 31.295699954189928 ], [ 32.188633680500487, 31.29605400558799 ], [ 32.183816075252167, 31.298851609414385 ], [ 32.180167674998501, 31.30336964149609 ], [ 32.17515122874633, 31.304726600652401 ], [ 32.168065547687121, 31.310488342962969 ], [ 32.155421256885717, 31.317498922537681 ], [ 32.153885960369308, 31.31963157663634 ], [ 32.143043517944619, 31.325841546450619 ], [ 32.140287756874528, 31.328488350157329 ], [ 32.115514636092115, 31.339869141148171 ], [ 32.108159542429036, 31.34436523876505 ], [ 32.092102646420557, 31.349683165645615 ], [ 32.0861103539103, 31.353888631155485 ], [ 32.080148816415061, 31.355952143576673 ], [ 32.068475365346188, 31.362780452156215 ], [ 32.059326052255727, 31.368799805266832 ], [ 32.032392859743226, 31.388167620139711 ], [ 32.018387079000519, 31.400373935708501 ], [ 32.006687641121829, 31.408304333778119 ], [ 32.00103473656398, 31.415084242643985 ], [ 31.998115420290816, 31.419443845657071 ], [ 31.994233608195117, 31.428752541097225 ], [ 31.994023918669285, 31.429043531134198 ], [ 31.99218750035314, 31.430524468129818 ], [ 31.99218750035314, 31.430803537653219 ], [ 31.99210786808365, 31.430803537653219 ], [ 31.985558867347805, 31.436144947631362 ], [ 31.97969937322793, 31.443808317200393 ], [ 31.977579474213911, 31.449846744931477 ], [ 31.978468656403464, 31.459752440023237 ], [ 31.975691675830689, 31.450070142823137 ], [ 31.974308967285509, 31.455253243342753 ], [ 31.972073554850994, 31.45684981336845 ], [ 31.966919064463497, 31.464291453288126 ], [ 31.966726064556752, 31.464843750339043 ], [ 31.96667873863359, 31.464843750339043 ], [ 31.959219574524099, 31.487083077122577 ], [ 31.955696701642154, 31.493011474600195 ], [ 31.955029607031491, 31.496890068022196 ], [ 31.955332040941215, 31.49737405796651 ], [ 31.957217335612171, 31.498399138509626 ], [ 31.95871436597551, 31.497926712048297 ], [ 31.963667869576938, 31.492257833732197 ], [ 31.967496276332639, 31.491071343767601 ], [ 31.971171021325659, 31.48797571630638 ], [ 31.974657058876375, 31.479750514174896 ], [ 31.974856972771676, 31.474985122665402 ], [ 31.976639151176443, 31.474626779702277 ], [ 31.976932406605869, 31.477400660312298 ], [ 31.974383115488905, 31.484555244728938 ], [ 31.974547147333482, 31.485835671579167 ], [ 31.975137114286639, 31.485314250052767 ], [ 31.979096054939276, 31.473587751573518 ], [ 31.979105949280353, 31.464843750339043 ], [ 31.978934168877203, 31.460972427935332 ], [ 31.979760050486533, 31.464843750339043 ], [ 31.980087042183783, 31.471958756491574 ], [ 31.979725479647783, 31.476343750963451 ], [ 31.978309040230755, 31.482659485546947 ], [ 31.978090405148436, 31.483634352443659 ], [ 31.979433059688091, 31.48310065247324 ], [ 31.980887770654448, 31.478879809455719 ], [ 31.983167528658868, 31.47953045366765 ], [ 31.985091209092474, 31.473155140797246 ], [ 31.985535145031321, 31.475430726846525 ], [ 31.986376523758025, 31.473614573853467 ], [ 31.987375736201642, 31.474529742853321 ], [ 31.990336537301772, 31.468538165304039 ], [ 31.990481257104847, 31.467841148450191 ], [ 31.9895761011567, 31.464843750338787 ], [ 31.988608240877994, 31.462510108554625 ], [ 31.990229249081068, 31.462247848259551 ], [ 31.991533279537663, 31.464843750338787 ], [ 31.991533279537663, 31.464983225295697 ], [ 31.991696953451907, 31.465122818962897 ], [ 31.99218750035314, 31.465122818962897 ], [ 31.992351055556895, 31.465122818962897 ], [ 31.992514371541034, 31.464983225295697 ], [ 31.992514371541034, 31.464843750338787 ], [ 31.992513776189952, 31.462751150245396 ], [ 31.99218750035314, 31.462611555678819 ], [ 31.99218750035314, 31.461774468516836 ], [ 31.989579558150211, 31.459166765533865 ], [ 31.991728543937512, 31.458912253797564 ], [ 31.99218750035314, 31.457589149619537 ], [ 31.988803506176879, 31.45323443442183 ], [ 31.988619208110123, 31.452344059730535 ], [ 31.989157676285942, 31.452175617610891 ], [ 31.99218750035314, 31.453125000418481 ], [ 31.99218750035314, 31.453403949432754 ], [ 31.996096253439674, 31.458876013816962 ], [ 31.99512517448764, 31.464843750338787 ], [ 31.9948036668562, 31.464843750338787 ], [ 31.99218750035314, 31.473772168351076 ], [ 31.99218750035314, 31.47433030649853 ], [ 31.986765145994724, 31.481699943097908 ], [ 31.968777963132453, 31.492498016570238 ], [ 31.965781211634379, 31.494297027585787 ], [ 31.952676763822154, 31.507244320669116 ], [ 31.946198821219213, 31.51364457623643 ], [ 31.933622956234984, 31.521021008113223 ], [ 31.928712129960985, 31.523231744949044 ], [ 31.92327892798059, 31.524921536000107 ], [ 31.921025391508948, 31.525048217201544 ], [ 31.919368505752431, 31.525141358187312 ], [ 31.897961974565845, 31.523965358814337 ], [ 31.888775348603843, 31.523133873529616 ], [ 31.883102059113384, 31.521664619626534 ], [ 31.868785858481061, 31.523275137238073 ], [ 31.861817359983348, 31.521945834033147 ], [ 31.847451328816277, 31.524035453773223 ], [ 31.845156669944657, 31.5264728071744 ], [ 31.84500205490113, 31.526433348520612 ], [ 31.844591064725734, 31.526433348520442 ], [ 31.844559550683158, 31.526433348520442 ], [ 31.844016671332696, 31.526518821886242 ], [ 31.843973517364105, 31.526536464786005 ], [ 31.84367144138443, 31.527114033685564 ], [ 31.841058485461502, 31.525062496637048 ], [ 31.833183050357974, 31.518879175533556 ], [ 31.820005059586407, 31.512184977454865 ], [ 31.805679440354282, 31.50261032550614 ], [ 31.770003080278315, 31.487225055791839 ], [ 31.763851404518874, 31.486734151859764 ], [ 31.762248515856612, 31.488421559707433 ], [ 31.764254450982463, 31.482195019884472 ], [ 31.759642839046052, 31.479961753232431 ], [ 31.757607102186142, 31.476268053228438 ], [ 31.759444355972875, 31.47084784465244 ], [ 31.759806275539546, 31.470485210124679 ], [ 31.762461662376182, 31.468052029577763 ], [ 31.768043756114793, 31.466432810126179 ], [ 31.768306970590885, 31.466120004334954 ], [ 31.768258213845996, 31.464843750339043 ], [ 31.76816844981434, 31.464843750339043 ], [ 31.765744805678736, 31.459332108590104 ], [ 31.767362713918743, 31.456851959150669 ], [ 31.771324634924298, 31.45423305061496 ], [ 31.771633148251539, 31.453799128626912 ], [ 31.771658421000069, 31.452354430712461 ], [ 31.770886778402343, 31.451778054314047 ], [ 31.770491361787407, 31.451794266392483 ], [ 31.767951250050459, 31.452756643504529 ], [ 31.75682771192956, 31.463408350515152 ], [ 31.752921939196852, 31.462359428045318 ], [ 31.749644040740549, 31.46442830582177 ], [ 31.749651670588577, 31.464843750339043 ], [ 31.749527454428659, 31.464843750339043 ], [ 31.753417373013946, 31.475637554729531 ], [ 31.753536463037477, 31.481207370923727 ], [ 31.756283659863669, 31.492164803363096 ], [ 31.75637733954315, 31.492538451888095 ], [ 31.755300879832163, 31.492053508662508 ], [ 31.755186772951532, 31.491739145245703 ], [ 31.752039670994606, 31.48306894327726 ], [ 31.751701712964262, 31.482900619868161 ], [ 31.735984563736992, 31.478265047294201 ], [ 31.732336640124146, 31.476216674060595 ], [ 31.719226360209035, 31.472685575079453 ], [ 31.711354613224927, 31.471597433175049 ], [ 31.698318719833338, 31.467540740712764 ], [ 31.683786154008118, 31.464700580068126 ], [ 31.640625000044082, 31.454520106118224 ], [ 31.639152407857949, 31.454643845637207 ], [ 31.635590434251668, 31.452869057860909 ], [ 31.613794473246088, 31.449153174911146 ], [ 31.596562299111355, 31.446215349059401 ], [ 31.585855841374524, 31.444390058954099 ], [ 31.582718015024597, 31.44496071296669 ], [ 31.577787637489536, 31.443638444258994 ], [ 31.567394375849887, 31.444167018093736 ], [ 31.565715670741696, 31.443701147690064 ], [ 31.563131570466084, 31.442568540605691 ], [ 31.559854745800607, 31.44442927838864 ], [ 31.559293270268682, 31.444374203906534 ], [ 31.55964052638987, 31.443158269238722 ], [ 31.558519959429049, 31.44263732435337 ], [ 31.556283235782729, 31.444752812192576 ], [ 31.550024628833881, 31.444066047610136 ], [ 31.545542240482547, 31.445654272826715 ], [ 31.54292345065673, 31.445078611388908 ], [ 31.532405256997407, 31.447045564501309 ], [ 31.507722854426532, 31.456797719239546 ], [ 31.503006457981684, 31.459571003599109 ], [ 31.499931216353133, 31.459038257809425 ], [ 31.495952844948107, 31.461303949517799 ], [ 31.490689754228953, 31.462091564973946 ], [ 31.484487056333109, 31.464723109883664 ], [ 31.473441600949712, 31.471046209015583 ], [ 31.448756456346104, 31.480936050858134 ], [ 31.446812748909309, 31.481912612976771 ], [ 31.428225159763343, 31.492428064603615 ], [ 31.402609348143216, 31.504407763607702 ], [ 31.390267252932034, 31.512508630868808 ], [ 31.37188196178343, 31.519096255687771 ], [ 31.363906621893506, 31.523013353583764 ], [ 31.362576842048071, 31.524656534571847 ], [ 31.356796264336282, 31.526847958466647 ], [ 31.332881211898354, 31.537698507380242 ], [ 31.324533007692452, 31.542387320718348 ], [ 31.322623133651149, 31.54346001137074 ], [ 31.306744760262944, 31.548676094526542 ], [ 31.292806148085759, 31.553254962146895 ], [ 31.290847880625932, 31.55429620350705 ], [ 31.289062499734968, 31.555245518865661 ], [ 31.27886116511101, 31.559385180081961 ], [ 31.269569635030649, 31.562288045956564 ], [ 31.265984654068603, 31.563307523723296 ], [ 31.263194047867529, 31.563793526350253 ], [ 31.254265427507761, 31.565348506328633 ], [ 31.235558867048525, 31.571398973284346 ], [ 31.214718818818682, 31.574647069107044 ], [ 31.207021355950957, 31.579123616362239 ], [ 31.203005075424556, 31.579553246785053 ], [ 31.190510630561647, 31.583950638411352 ], [ 31.179250121196532, 31.584769249001681 ], [ 31.137624621679578, 31.59361994310612 ], [ 31.127849936226113, 31.597637176914219 ], [ 31.127560085630051, 31.598019377992301 ], [ 31.126208543989407, 31.599801540209029 ], [ 31.124042748973721, 31.59925031694857 ], [ 31.123036265511274, 31.600219726759235 ], [ 31.104319334070368, 31.602648257811126 ], [ 31.076441049415365, 31.602648615741089 ], [ 31.066188216013444, 31.601283431385554 ], [ 31.060731411325577, 31.601769209181782 ], [ 31.055539726777369, 31.600203156750382 ], [ 31.050796270631537, 31.601869940445539 ], [ 31.038477857267793, 31.599999999900206 ], [ 31.034538149516465, 31.59940195073969 ], [ 31.01257300354186, 31.59397280200335 ], [ 31.011999249565889, 31.593817829929236 ], [ 30.996874809325476, 31.588354706604747 ], [ 30.993500947811043, 31.588926911048418 ], [ 30.992656112090486, 31.58731460558468 ], [ 30.981308936858426, 31.587020278163578 ], [ 30.979540944359513, 31.586119652100365 ], [ 30.978218539854169, 31.586946146147767 ], [ 30.977189540964872, 31.587589263933467 ], [ 30.97084644990403, 31.585025871446931 ], [ 30.963509440708521, 31.582060813855662 ], [ 30.956389973918562, 31.581260262551211 ], [ 30.956004619817492, 31.58121693141635 ], [ 30.955911156945461, 31.581135540891438 ], [ 30.952402472596106, 31.578080058348121 ], [ 30.949323654363212, 31.578502773884196 ], [ 30.943563818616013, 31.576507448959717 ], [ 30.93750000032523, 31.572544574672492 ], [ 30.937009453423997, 31.572265624759012 ], [ 30.928651452003436, 31.572099566741628 ], [ 30.926390766821072, 31.570338010690932 ], [ 30.919316649244564, 31.568291306598752 ], [ 30.904649972918691, 31.565636158082413 ], [ 30.89954555048709, 31.563835620917445 ], [ 30.898609280694217, 31.561952829060004 ], [ 30.893847465788014, 31.561671138012713 ], [ 30.881589651441772, 31.557429552132248 ], [ 30.879150867218783, 31.558289766259719 ], [ 30.877299428426539, 31.55674576790301 ], [ 30.85749447379132, 31.554045557956243 ], [ 30.854208708065613, 31.551867365786592 ], [ 30.84971845154584, 31.552449107540212 ], [ 30.838278651539184, 31.547250032363337 ], [ 30.837111234396417, 31.548264265283763 ], [ 30.835598826524944, 31.546473741170502 ], [ 30.833701610441238, 31.547129749838177 ], [ 30.832733035201471, 31.545498013622677 ], [ 30.82404553927077, 31.544894337403974 ], [ 30.823469638613204, 31.544740557830806 ], [ 30.814508557224457, 31.541532039372242 ], [ 30.813736677205981, 31.540260553581732 ], [ 30.812690138839258, 31.540989041311263 ], [ 30.809676051109278, 31.540151476609736 ], [ 30.807193517567242, 31.538110017363749 ], [ 30.804067969661418, 31.537918567887743 ], [ 30.800612926346133, 31.535851359253144 ], [ 30.797567963990986, 31.535087347403447 ], [ 30.794651627171305, 31.535707950661475 ], [ 30.793921708620104, 31.535441637122005 ], [ 30.793184757371108, 31.534980654533626 ], [ 30.793340444406653, 31.53349661847426 ], [ 30.789281964091543, 31.533687114668709 ], [ 30.78887855969819, 31.533570408747693 ], [ 30.787460208322528, 31.533032775142857 ], [ 30.787006616362731, 31.531409024906736 ], [ 30.784553408813196, 31.532024979569286 ], [ 30.778888940772703, 31.530272602898577 ], [ 30.775181054862372, 31.528716206487985 ], [ 30.775180101580844, 31.527579069518509 ], [ 30.768937945030615, 31.526100158695556 ], [ 30.769044161259302, 31.524746656533125 ], [ 30.767093420225905, 31.525566816655612 ], [ 30.754523872978751, 31.520647168032554 ], [ 30.746099829843985, 31.519825577988115 ], [ 30.738311648764096, 31.515633344203621 ], [ 30.730007767644594, 31.514351367821519 ], [ 30.712552428552129, 31.506757855790426 ], [ 30.709416270444791, 31.50608611078556 ], [ 30.708040356277905, 31.507163762997294 ], [ 30.696311831626161, 31.502511143774257 ], [ 30.692967653135241, 31.502467274845145 ], [ 30.68137121191242, 31.498387813346937 ], [ 30.681540846533409, 31.499346255925218 ], [ 30.680010319121692, 31.499412178929163 ], [ 30.679124832245492, 31.49768066383163 ], [ 30.678744673528371, 31.497508048857668 ], [ 30.675028443708328, 31.496281266567252 ], [ 30.674623250563144, 31.496155499976595 ], [ 30.672092437816417, 31.496871948481669 ], [ 30.671286225279601, 31.495059251583314 ], [ 30.668810010374301, 31.496095657289089 ], [ 30.668194412742224, 31.495916962897638 ], [ 30.666276335984691, 31.493922233324554 ], [ 30.663814902336611, 31.494228243838563 ], [ 30.655851722179904, 31.490974068598518 ], [ 30.653496265540667, 31.491442441815366 ], [ 30.651514053630677, 31.489202141565585 ], [ 30.638090252963451, 31.485520601294922 ], [ 30.624578237795703, 31.482177734015124 ], [ 30.622721553257435, 31.483378052855016 ], [ 30.622346758995917, 31.481360673856045 ], [ 30.620670914631233, 31.482399940305129 ], [ 30.620009541507414, 31.480692505454897 ], [ 30.618909954830684, 31.481265544469636 ], [ 30.614621400957418, 31.479279756855647 ], [ 30.611812949508675, 31.480189800618916 ], [ 30.608649849511465, 31.478289246252046 ], [ 30.601464510079637, 31.478302955517421 ], [ 30.600821852746805, 31.476326704314033 ], [ 30.59984755512076, 31.476040362872794 ], [ 30.597908258859292, 31.475798845440607 ], [ 30.59081840494585, 31.476661563280885 ], [ 30.590176225153385, 31.476516127617373 ], [ 30.587756156721497, 31.475663900369142 ], [ 30.587789654669137, 31.473962545834922 ], [ 30.585937500016172, 31.474051356584852 ], [ 30.572950363368847, 31.469615578296526 ], [ 30.565717935434947, 31.467708349161114 ], [ 30.567388653663869, 31.469291448242018 ], [ 30.557976961567618, 31.468163251433054 ], [ 30.549085020957676, 31.464700580068126 ], [ 30.548206448969012, 31.464356065080466 ], [ 30.538386106733782, 31.461867212901808 ], [ 30.534556508376426, 31.462050318467561 ], [ 30.533349871799459, 31.460788727018382 ], [ 30.519137144463713, 31.457618832643021 ], [ 30.510549426515041, 31.457838654830226 ], [ 30.495808601086736, 31.45566582711632 ], [ 30.481659656601806, 31.457602964831608 ], [ 30.467257142403554, 31.459574818523151 ], [ 30.461731672678951, 31.462582110975887 ], [ 30.454879128269539, 31.463093991594661 ], [ 30.449735641087244, 31.463478207153941 ], [ 30.442635655411749, 31.464843750339043 ], [ 30.440734029052436, 31.464843750339043 ], [ 30.437233447665477, 31.46588182428701 ], [ 30.436048508132757, 31.466393351472163 ], [ 30.430732727033984, 31.470386862963693 ], [ 30.421905041185454, 31.472993612665221 ], [ 30.420987844213727, 31.474761843484487 ], [ 30.410207033228545, 31.472768664342567 ], [ 30.408595562336103, 31.474849939273383 ], [ 30.401659965535572, 31.476262807482556 ], [ 30.401222944483692, 31.476266742016776 ], [ 30.400148749265696, 31.474747300547676 ], [ 30.401327014031068, 31.47384810440667 ], [ 30.402241945610029, 31.475144505914329 ], [ 30.408107280827011, 31.470946550642822 ], [ 30.407561421123006, 31.468569159539129 ], [ 30.413260460002931, 31.465577721235292 ], [ 30.415513038696105, 31.462758540874034 ], [ 30.413746237799131, 31.462218403556506 ], [ 30.405397057828196, 31.464843750339043 ], [ 30.396369457184989, 31.473611712211067 ], [ 30.395882010246595, 31.472726941195504 ], [ 30.399366855296279, 31.4697468280539 ], [ 30.400016069586542, 31.46679067644871 ], [ 30.402811646341064, 31.464843750339043 ], [ 30.403107046653275, 31.462481856352895 ], [ 30.399262667038982, 31.462798834099061 ], [ 30.397588730136391, 31.464843750339043 ], [ 30.388993740269513, 31.468838572142801 ], [ 30.383066535292841, 31.467867612800205 ], [ 30.380232453165462, 31.464843750339043 ], [ 30.381335854766661, 31.463569641226002 ], [ 30.380401254115128, 31.461865901690402 ], [ 30.377385854274195, 31.461515068965412 ], [ 30.376822948820205, 31.46334826950735 ], [ 30.373517274803106, 31.464597820832694 ], [ 30.373139023547111, 31.465795517249575 ], [ 30.37551355390778, 31.47779405075508 ], [ 30.387256502786073, 31.480117440267776 ], [ 30.393242240137539, 31.478981136969935 ], [ 30.393734335671724, 31.480315804630777 ], [ 30.392942070720636, 31.482284426884945 ], [ 30.391576170504351, 31.483234644263518 ], [ 30.390696644335122, 31.483291864528297 ], [ 30.388163805415871, 31.481852650679485 ], [ 30.375668644692809, 31.479718327438775 ], [ 30.375315069935169, 31.479582429085951 ], [ 30.368681550013974, 31.475155473146685 ], [ 30.364624977161242, 31.470307946554811 ], [ 30.367073774435511, 31.466261506363622 ], [ 30.368769169162164, 31.464843750339043 ], [ 30.369189620205503, 31.464843750339043 ], [ 30.371024250669137, 31.463909030077787 ], [ 30.385970354448972, 31.444302320196329 ], [ 30.391705512799689, 31.442454457107658 ], [ 30.397852421252509, 31.443598627674561 ], [ 30.406513929474812, 31.44305074179843 ], [ 30.421034574786319, 31.439144969065126 ], [ 30.428775310332554, 31.431571126106803 ], [ 30.432808757118977, 31.420876264228383 ], [ 30.432808279578666, 31.413737177828835 ], [ 30.427218317671617, 31.387716412283027 ], [ 30.422799468220916, 31.380258678995034 ], [ 30.426191807206891, 31.376995443984754 ], [ 30.428893208754772, 31.376748442486644 ], [ 30.435618758099423, 31.376703500666423 ], [ 30.443133949972406, 31.37995624508477 ], [ 30.448803902078367, 31.377930045535464 ], [ 30.45337104793586, 31.370115757136716 ], [ 30.457283258016474, 31.34709060184997 ], [ 30.461037516568155, 31.337145805135123 ], [ 30.461347341107597, 31.336874246749204 ], [ 30.464023352096746, 31.336841821692786 ], [ 30.475699544298635, 31.34812855708762 ], [ 30.484895825382495, 31.348924636962636 ], [ 30.492648958982699, 31.34668564792446 ], [ 30.501295209306562, 31.341689348285115 ], [ 30.514251351719082, 31.333688616936371 ], [ 30.522246480291102, 31.32633340366371 ], [ 30.522249460644304, 31.305677056351101 ], [ 30.520360111830286, 31.298560261447193 ], [ 30.520325541890287, 31.289481044214853 ], [ 30.521991610625008, 31.282068729388413 ], [ 30.519759058934113, 31.270563244698081 ], [ 30.518572926899395, 31.267255306187593 ], [ 30.512196541137683, 31.259618043937621 ], [ 30.501610040371446, 31.250762104987359 ], [ 30.497348070457662, 31.242318272270751 ], [ 30.497330546268273, 31.238770246250311 ], [ 30.498056649895005, 31.236933827034676 ], [ 30.499526500947781, 31.237339138890576 ], [ 30.501334548351309, 31.236143707866091 ], [ 30.504988313060863, 31.229953169703037 ], [ 30.508553624051018, 31.228266954356656 ], [ 30.514707565202542, 31.228263616972782 ], [ 30.519093870885825, 31.230227231801393 ], [ 30.524592757549982, 31.229719042899575 ], [ 30.525824069725644, 31.228747129376586 ], [ 30.527215957650498, 31.224774241138363 ], [ 30.522318721032747, 31.208956122327578 ], [ 30.522297739849563, 31.200898409034352 ], [ 30.527496933737069, 31.196655154012262 ], [ 30.534696578684731, 31.193091869194546 ], [ 30.540555834484479, 31.192698955392785 ], [ 30.545995950453317, 31.194600343431176 ], [ 30.550480007946277, 31.197609901276167 ], [ 30.5534465314324, 31.201799511738102 ], [ 30.553929448485604, 31.207818269497835 ], [ 30.555861234509024, 31.208732843146294 ], [ 30.556895732752452, 31.208555936607297 ], [ 30.573053360025114, 31.197355151219483 ], [ 30.581275224771815, 31.193171143533817 ], [ 30.581802845325655, 31.192781328795462 ], [ 30.590288519899872, 31.182150006717677 ], [ 30.591437816602394, 31.181382536974638 ], [ 30.596157312110648, 31.178791880640915 ], [ 30.608466863555037, 31.174558759179547 ], [ 30.615521907410113, 31.16395962203913 ], [ 30.619640350022479, 31.149352311759912 ], [ 30.621452212349851, 31.146623849611245 ], [ 30.633005737925117, 31.136900662935375 ], [ 30.634404539837902, 31.138549804629861 ], [ 30.642341851895566, 31.126574635511133 ], [ 30.653305649735927, 31.11687541037216 ], [ 30.656226873471809, 31.112354874577761 ], [ 30.664847135187614, 31.10584127925182 ], [ 30.670811056785539, 31.104959964331044 ], [ 30.68076241045739, 31.101773261626732 ], [ 30.684586524748312, 31.099850058733438 ], [ 30.689665675331099, 31.096622109523111 ], [ 30.694269179879228, 31.092215418906619 ], [ 30.693643450484984, 31.090299606641622 ], [ 30.698331713438307, 31.087253332175948 ], [ 30.701404928894902, 31.087562441753704 ], [ 30.705194711566861, 31.083447814065551 ], [ 30.716983914376641, 31.075138807709891 ], [ 30.721494316609864, 31.071031808970929 ], [ 30.723571657905808, 31.067947744992665 ], [ 30.727361440578392, 31.060276746474671 ], [ 30.728288412280989, 31.049749612654722 ], [ 30.727699876148989, 31.043954849037164 ], [ 30.720336079746829, 31.024061918223083 ], [ 30.720339655451454, 31.02363133451891 ], [ 30.720940947567186, 31.021933079048523 ], [ 30.726868748794317, 31.016020059978075 ], [ 30.734400152745451, 31.012585163275077 ], [ 30.744161725184114, 31.009996414403275 ], [ 30.74645471581286, 31.008964418973193 ], [ 30.751041531641619, 31.006763100736777 ], [ 30.754937410034216, 31.00352275347251 ], [ 30.755412459817109, 31.002774477060655 ], [ 30.76246011214468, 30.990942954853438 ], [ 30.763170957873825, 30.982069849644091 ], [ 30.761689543338406, 30.979155540795801 ], [ 30.749832510962023, 30.973603010470697 ], [ 30.748581647525015, 30.967210650051726 ], [ 30.750017523989783, 30.963538647091013 ], [ 30.755999445518654, 30.956151843333004 ], [ 30.761860728390076, 30.953196168368578 ], [ 30.76982390854684, 30.946736216703187 ], [ 30.775899052899575, 30.944537519990661 ], [ 30.781377435020858, 30.940074324970169 ], [ 30.783727049663554, 30.937900543075926 ], [ 30.785866737360351, 30.931754708413138 ], [ 30.785867810251801, 30.9251043792639 ], [ 30.781324148391349, 30.914786220008097 ], [ 30.761086940909848, 30.892696142013563 ], [ 30.758016109555939, 30.888970851523965 ], [ 30.757030129736989, 30.887659907079239 ], [ 30.756744027515055, 30.885199308001688 ], [ 30.756908059359631, 30.884549141329899 ], [ 30.760169506518281, 30.88144624195084 ], [ 30.766544580168755, 30.878404021628427 ], [ 30.781053543286447, 30.87604796873876 ], [ 30.781522154823932, 30.875903845186656 ], [ 30.7854621413654, 30.87381482079735 ], [ 30.78897714607885, 30.87134957312432 ], [ 30.790737747949009, 30.869807004689562 ], [ 30.795332550657093, 30.86058354339599 ], [ 30.795361757040013, 30.852636456607172 ], [ 30.789022922470593, 30.842705249547777 ], [ 30.785675764525564, 30.839066266994706 ], [ 30.779846548779375, 30.834853410856368 ], [ 30.774883747087728, 30.831784367354828 ], [ 30.766770363062477, 30.82783615561425 ], [ 30.764258146496246, 30.824491023841773 ], [ 30.764042257943942, 30.821441650312266 ], [ 30.765647172779126, 30.819733858431022 ], [ 30.768581629139334, 30.819277047797613 ], [ 30.772184014681187, 30.819960713316476 ], [ 30.773877144015358, 30.820378541936464 ], [ 30.778611421680552, 30.82252514362068 ], [ 30.783159851746376, 30.826692461687855 ], [ 30.784514069769074, 30.827219605600618 ], [ 30.791192651120667, 30.829023003508894 ], [ 30.794658064518245, 30.829443574161843 ], [ 30.799288749276997, 30.82948982719418 ], [ 30.804567455824071, 30.827893257168483 ], [ 30.808798670722268, 30.825854539955486 ], [ 30.812733649838577, 30.82251596424075 ], [ 30.813063978919928, 30.818611144788633 ], [ 30.813069462985396, 30.817089557537145 ], [ 30.81089615863138, 30.81383633647792 ], [ 30.810586809833779, 30.813639045006227 ], [ 30.79747903363122, 30.808555364538705 ], [ 30.790599465493216, 30.804690718702119 ], [ 30.785861253294883, 30.79930186229123 ], [ 30.784867406205905, 30.798472643298027 ], [ 30.778011441675204, 30.794338345638266 ], [ 30.767273545438428, 30.784099221502316 ], [ 30.758952021419049, 30.778884410887173 ], [ 30.757657408662595, 30.777692436856483 ], [ 30.755158901362876, 30.772762060221083 ], [ 30.755158901362876, 30.767145037713362 ], [ 30.757336258961885, 30.761718749720558 ], [ 30.760836362807851, 30.75904464709285 ], [ 30.762396335822615, 30.758434653136788 ], [ 30.76292860497162, 30.758436440989243 ], [ 30.770129561130801, 30.759796976749215 ], [ 30.770541548653938, 30.759964704807572 ], [ 30.779124140467246, 30.765375614393207 ], [ 30.784002065942815, 30.764725804752089 ], [ 30.787642240097711, 30.76298546820513 ], [ 30.791773557404014, 30.759177446382125 ], [ 30.79236555142981, 30.757106065792385 ], [ 30.791914105252289, 30.756901622012521 ], [ 30.791194558582418, 30.756718158516321 ], [ 30.784687161383459, 30.761837959354608 ], [ 30.778581857367243, 30.763318300099627 ], [ 30.766902566101038, 30.756593823646369 ], [ 30.761437654923924, 30.757302403083543 ], [ 30.755663275340481, 30.761616707245622 ], [ 30.753533959524788, 30.766405939782572 ], [ 30.753428817086586, 30.774932145901857 ], [ 30.756405353624899, 30.779455542439706 ], [ 30.76265120548905, 30.783048748600947 ], [ 30.768618464470904, 30.790178656519942 ], [ 30.774791359733939, 30.793306827748125 ], [ 30.792049765284588, 30.8082612754379 ], [ 30.806262254300208, 30.813624501169869 ], [ 30.809845924050677, 30.817858338491845 ], [ 30.810566424901111, 30.822976708508378 ], [ 30.799699306878068, 30.827538251589061 ], [ 30.791659355195151, 30.827537417018249 ], [ 30.785089254565918, 30.825584173171052 ], [ 30.775615811421147, 30.818192243277451 ], [ 30.769837141171791, 30.816192865109002 ], [ 30.765130042817788, 30.817442059403675 ], [ 30.762054204937812, 30.821679711649494 ], [ 30.76329505442348, 30.827743411229733 ], [ 30.769560337040645, 30.830752134503541 ], [ 30.776883840217778, 30.837535143332559 ], [ 30.781532764126013, 30.839044928780595 ], [ 30.785871148535335, 30.842496633812601 ], [ 30.791589260236691, 30.851328134585799 ], [ 30.792657733068694, 30.855541944905127 ], [ 30.792754411987261, 30.860394954663803 ], [ 30.790413141253879, 30.866762757295561 ], [ 30.786042452297949, 30.871323347094801 ], [ 30.758409142068871, 30.877935052161092 ], [ 30.755738019794393, 30.879096269377612 ], [ 30.754513263676273, 30.882000326853955 ], [ 30.755082369056225, 30.888780713259536 ], [ 30.764836311646917, 30.904105663645652 ], [ 30.776077866900522, 30.911604642540482 ], [ 30.781280517781823, 30.920037865954839 ], [ 30.782298803047723, 30.931063652265834 ], [ 30.781205653718274, 30.935420155315938 ], [ 30.777688861152313, 30.94072675703427 ], [ 30.759711861313946, 30.950114726813524 ], [ 30.755110979188913, 30.954132914802358 ], [ 30.746315955816812, 30.965663433021319 ], [ 30.745329261037085, 30.96838402790101 ], [ 30.74595737453339, 30.974154472051254 ], [ 30.752951264489212, 30.977197647453778 ], [ 30.75891995429285, 30.986777544248554 ], [ 30.758723974032563, 30.993967056534501 ], [ 30.75304150606118, 31.002398729517864 ], [ 30.748397350357976, 31.00592470146384 ], [ 30.74296176427427, 31.008139252324753 ], [ 30.723711252472839, 31.01232826743572 ], [ 30.719391226824172, 31.01489794258643 ], [ 30.715580820898452, 31.01905035978649 ], [ 30.715435743165671, 31.02105605569281 ], [ 30.719527125177279, 31.029798627005221 ], [ 30.722724914723216, 31.052705407228984 ], [ 30.724056244100979, 31.054905057222697 ], [ 30.722820043210703, 31.065882921359901 ], [ 30.710767745535037, 31.076568842178489 ], [ 30.692735672114367, 31.086254834692937 ], [ 30.683287262497714, 31.093737602408709 ], [ 30.674825071919571, 31.098751664557909 ], [ 30.646905065017421, 31.109162927027398 ], [ 30.639303326887699, 31.113084316488198 ], [ 30.636489153052111, 31.115850925180212 ], [ 30.629004835805205, 31.133796334533201 ], [ 30.615857124307439, 31.146510720293776 ], [ 30.613385439286986, 31.15421783918211 ], [ 30.613956451229313, 31.158909559129057 ], [ 30.608227252686191, 31.169010042879421 ], [ 30.602082014273748, 31.173885822572657 ], [ 30.586093306661297, 31.180493712714849 ], [ 30.580093145082941, 31.185739517564713 ], [ 30.575483560218828, 31.192319154605627 ], [ 30.568503141207742, 31.197796463836056 ], [ 30.564564108847179, 31.200029135136617 ], [ 30.555160164410694, 31.200026750134555 ], [ 30.548377633121646, 31.190978169207256 ], [ 30.539154053117585, 31.186411619600875 ], [ 30.530668139323467, 31.186471223968113 ], [ 30.521831154484715, 31.188928246441748 ], [ 30.521541953199034, 31.19650375854178 ], [ 30.51934301816604, 31.202263474679938 ], [ 30.518919706379705, 31.208352207788323 ], [ 30.523019313590765, 31.217304110696233 ], [ 30.524278640547351, 31.222797035754695 ], [ 30.523126721421107, 31.22611022001098 ], [ 30.521952033260078, 31.227670431345416 ], [ 30.519359349854398, 31.228165626842639 ], [ 30.512393355069861, 31.225755572362203 ], [ 30.504434108547827, 31.227525353612293 ], [ 30.497866749951044, 31.231189012662924 ], [ 30.494877219109156, 31.239020943961606 ], [ 30.495764135906853, 31.244508742884449 ], [ 30.498977303859959, 31.250139355946658 ], [ 30.504595160039258, 31.256307840034793 ], [ 30.507173657538573, 31.257591247238594 ], [ 30.506916403769111, 31.258780360525549 ], [ 30.517154455014378, 31.271063924260886 ], [ 30.518457650900331, 31.274462342663128 ], [ 30.51872491862045, 31.285813927271079 ], [ 30.516769171060929, 31.296603202675726 ], [ 30.516836643596577, 31.307463645930824 ], [ 30.519587755171216, 31.322829008252342 ], [ 30.51830124890401, 31.326318741117177 ], [ 30.516022920821371, 31.329352736239855 ], [ 30.505420804227271, 31.336452364884849 ], [ 30.486725449320346, 31.346421956807859 ], [ 30.483066201444018, 31.347297549342869 ], [ 30.478183746083545, 31.34711682787966 ], [ 30.47433364408235, 31.344236374009739 ], [ 30.473414420939235, 31.341356754710461 ], [ 30.468330502151417, 31.334912658092804 ], [ 30.461584329553688, 31.333308339508449 ], [ 30.459243536360276, 31.33578968054934 ], [ 30.452343821610356, 31.3500940802777 ], [ 30.451414823735462, 31.361416101472059 ], [ 30.445604920031172, 31.372165918222606 ], [ 30.44025337739194, 31.376754879834181 ], [ 30.436478375976634, 31.375068306557239 ], [ 30.427489042385531, 31.374020934518711 ], [ 30.422270059815872, 31.375430107413791 ], [ 30.419579744210381, 31.377741575513483 ], [ 30.419674039026262, 31.381885647904426 ], [ 30.421998978070661, 31.383971929361422 ], [ 30.422470808281474, 31.386294841334148 ], [ 30.424765228832626, 31.409163713334777 ], [ 30.427358269268751, 31.411459207676586 ], [ 30.428599357974264, 31.416992068029856 ], [ 30.427092909910442, 31.425756931737112 ], [ 30.421685457318546, 31.436777830232955 ], [ 30.417201876465896, 31.438315749172546 ], [ 30.413656950408125, 31.437089562233524 ], [ 30.410618662821292, 31.439148664379388 ], [ 30.404773116286805, 31.440261244461311 ], [ 30.393097400724542, 31.439379215478567 ], [ 30.384652733437321, 31.442846655948529 ], [ 30.380846619975756, 31.444773077515862 ], [ 30.37851905850826, 31.448548555571563 ], [ 30.374734044040991, 31.450139045280736 ], [ 30.373939752917209, 31.452961802245625 ], [ 30.366140008355245, 31.46045661008452 ], [ 30.365350962077429, 31.463271140950468 ], [ 30.363966703100829, 31.464843750339043 ], [ 30.3635536435863, 31.464843750339043 ], [ 30.362576365607339, 31.466494679885983 ], [ 30.362214326430745, 31.46642219992458 ], [ 30.362245559885054, 31.464843750339043 ], [ 30.362008214408007, 31.464843750339043 ], [ 30.358827114480249, 31.453810572500061 ], [ 30.359673857663125, 31.452507138293981 ], [ 30.354656458129767, 31.444441556832601 ], [ 30.348548531689829, 31.424534916752975 ], [ 30.346047640287082, 31.420619249678651 ], [ 30.34597980982042, 31.418125629294536 ], [ 30.339571475643396, 31.403077840969615 ], [ 30.339420080172857, 31.402746677317396 ], [ 30.336024760834022, 31.398102521614192 ], [ 30.334337115565944, 31.391789913074206 ], [ 30.327139854721025, 31.379616856233071 ], [ 30.32618105421264, 31.375942229950084 ], [ 30.319107055346734, 31.364143372019413 ], [ 30.317664862043927, 31.363657355003085 ], [ 30.318196773262827, 31.362322926561916 ], [ 30.313467979664068, 31.354745149969034 ], [ 30.306788563741833, 31.347570658159327 ], [ 30.305699348046772, 31.34486603703823 ], [ 30.302637457752752, 31.342682242091911 ], [ 30.301874757114575, 31.340212941174485 ], [ 30.301523208529574, 31.339917540862103 ], [ 30.298179745899148, 31.338608742200023 ], [ 30.297880530662411, 31.338318228803416 ], [ 30.29302704336348, 31.331046819755102 ], [ 30.28157174623945, 31.320985555439364 ], [ 30.26485276214575, 31.308086037940399 ], [ 30.252212166658552, 31.300749420849485 ], [ 30.248203039339245, 31.296355128286592 ], [ 30.244588137033219, 31.294101953342903 ], [ 30.234374999706716, 31.290178537709636 ], [ 30.231763601409654, 31.289062499734797 ], [ 30.231442451707977, 31.289062499734797 ], [ 30.21980547894006, 31.283352256201937 ], [ 30.196080446056357, 31.275492668052294 ], [ 30.194720268226007, 31.274047016856656 ], [ 30.17796754876386, 31.272389769572385 ], [ 30.179229736463725, 31.267929315685421 ], [ 30.179128051018751, 31.267907142900555 ], [ 30.17697596526861, 31.269246339547124 ], [ 30.176988601643046, 31.271906972129102 ], [ 30.163790464258994, 31.267761349306824 ], [ 30.162732243698684, 31.271365642310627 ], [ 30.159392833412852, 31.269896268797794 ], [ 30.154308557594362, 31.272346377283753 ], [ 30.155383109843257, 31.27366387868517 ], [ 30.152800917928204, 31.273157239315253 ], [ 30.150387406453802, 31.27069580566706 ], [ 30.141837954658484, 31.272538304299474 ], [ 30.126992702651165, 31.271269202611734 ], [ 30.124374509076773, 31.271502375234547 ], [ 30.121689915857559, 31.274696946107525 ], [ 30.099756122048092, 31.278116345693149 ], [ 30.098476052228449, 31.278319358651487 ], [ 30.090180635528583, 31.28062701182742 ], [ 30.088569521666528, 31.281347751897528 ], [ 30.08603501360497, 31.283034801814722 ], [ 30.085752725408128, 31.283390402744942 ], [ 30.085850357608166, 31.289062499734797 ], [ 30.085860848200099, 31.289400220344078 ], [ 30.084487080714808, 31.291885852949861 ], [ 30.078882456260345, 31.295313239414526 ], [ 30.076204657419368, 31.299238800830011 ], [ 30.076385140561996, 31.303074121573502 ], [ 30.071566343712021, 31.308985352791979 ], [ 30.073388219091299, 31.313493728852706 ], [ 30.070875644595702, 31.316987157031804 ], [ 30.076672315675381, 31.318565726227519 ], [ 30.074171542982555, 31.319666743725662 ], [ 30.076538801425244, 31.322418451550391 ], [ 30.073450565491584, 31.323686123315895 ], [ 30.073305249437993, 31.326387047324431 ], [ 30.077577352912641, 31.329177140912321 ], [ 30.07949280724776, 31.32879686348457 ], [ 30.080756902409661, 31.327036142004488 ], [ 30.08142507081115, 31.327203512132371 ], [ 30.082141280096522, 31.328179240579573 ], [ 30.079890370544291, 31.331086278409146 ], [ 30.079522609880854, 31.331127643626075 ], [ 30.069580912229952, 31.32964324963632 ], [ 30.062043309252005, 31.324908256111314 ], [ 30.058163404617716, 31.31998097853949 ], [ 30.047103405398474, 31.317345142064966 ], [ 30.046916723228748, 31.314802407904949 ], [ 30.043410539964583, 31.313912749074433 ], [ 30.048686146548818, 31.310144543835747 ], [ 30.048938870433034, 31.307952046150291 ], [ 30.042248130247657, 31.301525354112101 ], [ 30.036409020160676, 31.293768643907924 ], [ 30.028237819620102, 31.290489911780185 ], [ 30.024972438827689, 31.290486931426955 ], [ 30.023076533954935, 31.291327356871932 ], [ 30.020418166765381, 31.295176625201435 ], [ 30.020058750911033, 31.295066714557464 ], [ 30.017994761848996, 31.291715145437649 ], [ 30.018016457993866, 31.291106224373124 ], [ 30.018660545248139, 31.28976511936483 ], [ 30.021224379302197, 31.290138602414828 ], [ 30.02121782324437, 31.289062499734797 ], [ 30.021286964022892, 31.289062499734797 ], [ 30.020110249688656, 31.287672400561007 ], [ 30.018354654343995, 31.289062499734797 ], [ 30.018279909890424, 31.289062499734797 ], [ 30.015397548558695, 31.290964841953951 ], [ 30.01159322294896, 31.290320038838956 ], [ 30.011751413697169, 31.289062499734797 ], [ 30.012016773056388, 31.288021445433543 ], [ 30.011670828146492, 31.287766456157186 ], [ 30.00954937960077, 31.288151026049292 ], [ 30.008148670225552, 31.286417841810078 ], [ 30.010784268379751, 31.283359766440242 ], [ 30.008583307174462, 31.279515862567251 ], [ 30.002807259347861, 31.278628826159462 ], [ 30.002312541391206, 31.276085853679405 ], [ 30.0, 31.273914104376569 ], [ 30.0, 33.0 ], [ 32.558080808121119, 33.0 ], [ 32.972222222477541, 32.888888888711392 ], [ 33.014830563180425, 32.85796855550447 ], [ 33.275085090404872, 32.595823190188213 ], [ 33.275181888933645, 32.595714507118913 ], [ 33.285463113032819, 32.582908577568901 ], [ 33.329543294088325, 32.526215332871345 ] ], [ [ 30.106809020120664, 31.359069943822931 ], [ 30.106030821465396, 31.359715223578945 ], [ 30.105005264281857, 31.359057069128369 ], [ 30.103675842366471, 31.355505704824679 ], [ 30.104797005577808, 31.356377005794258 ], [ 30.108644128124268, 31.358356475671087 ], [ 30.108700633428015, 31.358764648270096 ], [ 30.106809020120664, 31.359069943822931 ] ], [ [ 30.036797404076907, 31.308932542802694 ], [ 30.037314177008199, 31.304200768850308 ], [ 30.038094758866436, 31.303865909883967 ], [ 30.038457751324216, 31.304220676243375 ], [ 30.038764118869238, 31.305728435518859 ], [ 30.03845596347233, 31.307020544562789 ], [ 30.036797404076907, 31.308932542802694 ] ], [ [ 30.532737017100118, 31.189937471936844 ], [ 30.524714946637886, 31.195074677354626 ], [ 30.524142622584321, 31.195384263572976 ], [ 30.523420930131948, 31.194731116547956 ], [ 30.522486448191586, 31.191148161758207 ], [ 30.522552967446046, 31.190734744312977 ], [ 30.523589133931722, 31.189778804548183 ], [ 30.525459051094259, 31.188469647955912 ], [ 30.525801658619713, 31.188420057539702 ], [ 30.529297947542517, 31.188525557908207 ], [ 30.532238006678682, 31.188957214503944 ], [ 30.532778262706955, 31.189339757324007 ], [ 30.532737017100118, 31.189937471936844 ] ], [ [ 30.575202822452724, 31.194495320602613 ], [ 30.577041268739578, 31.192537665581057 ], [ 30.581013441117506, 31.191078663049836 ], [ 30.578824758356262, 31.193604111340676 ], [ 30.576356530329605, 31.195084213765483 ], [ 30.575377344888608, 31.194973706871252 ], [ 30.575202822452724, 31.194495320602613 ] ], [ [ 30.641200661681324, 31.124896764973698 ], [ 30.635518550740898, 31.130305052136521 ], [ 30.634631157302323, 31.131034254827085 ], [ 30.631241560350048, 31.132571578415707 ], [ 30.637152433638306, 31.116724848573057 ], [ 30.642889380740854, 31.112421750863348 ], [ 30.660914301853524, 31.104372144059198 ], [ 30.661596656160867, 31.10425424563698 ], [ 30.662111401120427, 31.10495758022833 ], [ 30.652508258649419, 31.111924647904289 ], [ 30.651788711979606, 31.113683819852469 ], [ 30.641200661681324, 31.124896764973698 ] ], [ [ 30.683069110351397, 31.099370479963682 ], [ 30.681071400425225, 31.100788354699091 ], [ 30.680645226996234, 31.100948452908881 ], [ 30.675432205132353, 31.102327942780363 ], [ 30.673774838238586, 31.102250457192838 ], [ 30.67527496856539, 31.100227237097357 ], [ 30.675535440108746, 31.100053906262957 ], [ 30.682082056741905, 31.097726344795149 ], [ 30.690781354476343, 31.091811061231454 ], [ 30.691264629459312, 31.093184352076406 ], [ 30.689876556458302, 31.095005631205083 ], [ 30.687763809751942, 31.096577406022476 ], [ 30.683069110351397, 31.099370479963682 ] ], [ [ 30.716967702297865, 31.020882725757161 ], [ 30.717709541362439, 31.018114447923551 ], [ 30.720241069969887, 31.016269445578672 ], [ 30.722697257872625, 31.016270875500453 ], [ 30.718412160992472, 31.021664858046762 ], [ 30.717877746061589, 31.021836042199567 ], [ 30.716967702297865, 31.020882725757161 ] ], [ [ 30.558527946507894, 31.206020116435127 ], [ 30.557373643279249, 31.207007646685582 ], [ 30.555611848908057, 31.207648515266726 ], [ 30.555171131642595, 31.2076708076616 ], [ 30.554903149860849, 31.202078342041915 ], [ 30.555333971885574, 31.202255129870309 ], [ 30.559137940464012, 31.204382539123145 ], [ 30.558527946507894, 31.206020116435127 ] ], [ [ 30.383801340759618, 31.476667642697521 ], [ 30.384177207912302, 31.475417852152219 ], [ 30.384657740862195, 31.475063562433689 ], [ 30.385916471568322, 31.474709034394579 ], [ 30.386064410045009, 31.475232243772979 ], [ 30.385612249805803, 31.47652447242649 ], [ 30.384814142858858, 31.476788043933254 ], [ 30.383801340759618, 31.476667642697521 ] ], [ [ 30.391580223748377, 31.473383546113752 ], [ 30.390143275292445, 31.474591850933422 ], [ 30.388968348810721, 31.474912643603545 ], [ 30.388164043735657, 31.474484444001916 ], [ 30.388054370513231, 31.47411441794614 ], [ 30.391371608013316, 31.472021341211899 ], [ 30.391881466057356, 31.472964048352338 ], [ 30.391580223748377, 31.473383546113752 ] ], [ [ 30.394462943010723, 31.469480752834556 ], [ 30.39519071577908, 31.469432115699504 ], [ 30.3954192398065, 31.469624877286464 ], [ 30.392570972672701, 31.47160446677276 ], [ 30.392095923788219, 31.47101295028736 ], [ 30.394462943010723, 31.469480752834556 ] ], [ [ 30.398870229877531, 31.465986251764264 ], [ 30.395760417409832, 31.469389557981629 ], [ 30.396631955800359, 31.466971158692104 ], [ 30.398870229877531, 31.465986251764264 ] ], [ [ 31.983455300022143, 31.462897300869798 ], [ 31.983724475204639, 31.463219165532365 ], [ 31.985005974945722, 31.464843750338787 ], [ 31.98531973401893, 31.464843750338787 ], [ 31.986096978492952, 31.466123700548422 ], [ 31.985593557796534, 31.46762275708457 ], [ 31.983580350753044, 31.466109156712264 ], [ 31.98368453990966, 31.464843750338787 ], [ 31.983373880800201, 31.464843750338787 ], [ 31.983455300022143, 31.462897300869798 ] ], [ [ 31.982147455540797, 31.46938157110273 ], [ 31.982674002303526, 31.473350644416939 ], [ 31.981658459070985, 31.474393248249896 ], [ 31.9814654591639, 31.468401551090921 ], [ 31.98200714601299, 31.468692421518227 ], [ 31.982147455540797, 31.46938157110273 ] ], [ [ 31.974560260347886, 31.464843750338787 ], [ 31.974368810872505, 31.46270012810848 ], [ 31.974639415976498, 31.462967634148924 ], [ 31.975539565398805, 31.464843750338787 ], [ 31.97583580028234, 31.464843750338787 ], [ 31.976731538530004, 31.470516443578987 ], [ 31.974151134467405, 31.473623752334277 ], [ 31.973299980110454, 31.470855116570249 ], [ 31.975435018311799, 31.467247724502869 ], [ 31.97485470737891, 31.464843750338787 ], [ 31.974560260347886, 31.464843750338787 ] ], [ [ 31.972321272209427, 31.47416555879343 ], [ 31.972131848006626, 31.475531339399652 ], [ 31.971669315886373, 31.470962644010882 ], [ 31.972008466418032, 31.471371531570981 ], [ 31.972321272209427, 31.47416555879343 ] ], [ [ 32.340401410996691, 31.214731573903066 ], [ 32.339134455091454, 31.216651201092162 ], [ 32.341444254049492, 31.217686772226614 ], [ 32.343195676539295, 31.22902154940499 ], [ 32.343547940085699, 31.230038166428528 ], [ 32.343749999762878, 31.229910731594998 ], [ 32.344544530106162, 31.229749440884149 ], [ 32.3459576366362, 31.234320640884903 ], [ 32.347154617191933, 31.236315249948944 ], [ 32.343749999762878, 31.235770106105463 ], [ 32.343749999762878, 31.236049056019198 ], [ 32.341888070378417, 31.238002061545842 ], [ 32.342934608745423, 31.242678522695797 ], [ 32.341310501478887, 31.242239237151068 ], [ 32.341002703112707, 31.242367148625021 ], [ 32.331172346926479, 31.246551751662082 ], [ 32.326848864284017, 31.252844452809256 ], [ 32.330070019116391, 31.257048964138477 ], [ 32.327141403853005, 31.259282708330403 ], [ 32.325732827208725, 31.262097716736264 ], [ 32.320425152599199, 31.26335704369265 ], [ 32.319734811412587, 31.263238549019832 ], [ 32.318953752913472, 31.260396003372961 ], [ 32.31293857085862, 31.25465536095615 ], [ 32.310351371519033, 31.250706910895303 ], [ 32.308784842446727, 31.248016357868693 ], [ 32.307753324556785, 31.241190433391864 ], [ 32.307056427312403, 31.239123106046463 ], [ 32.305684924320161, 31.238305926277434 ], [ 32.307512879116331, 31.234647751292641 ], [ 32.306364536594373, 31.225541352951211 ], [ 32.307824730726821, 31.221007943361883 ], [ 32.306033253332458, 31.209014535092706 ], [ 32.306033253332458, 31.207838058179817 ], [ 32.307026266748863, 31.196008563044899 ], [ 32.307103871946339, 31.195657134069563 ], [ 32.308294534765054, 31.194084763900918 ], [ 32.308737158593232, 31.193954348714527 ], [ 32.316196679733054, 31.194553017507729 ], [ 32.319425940155583, 31.19313406988141 ], [ 32.333203315580789, 31.193432569257908 ], [ 32.340401410996691, 31.214731573903066 ] ], [ [ 32.307975054205912, 31.137482404689251 ], [ 32.309054732590283, 31.13581180607008 ], [ 32.310190320027601, 31.114146232362714 ], [ 32.311107516099327, 31.11443972611238 ], [ 32.315369010271553, 31.128808260093138 ], [ 32.315385580280378, 31.132319450782262 ], [ 32.317325830723092, 31.135773539916897 ], [ 32.322026133799426, 31.154438734260168 ], [ 32.331318974191305, 31.182782650099284 ], [ 32.332599758972009, 31.190215825600063 ], [ 32.332624435469739, 31.190669655880015 ], [ 32.332299232524036, 31.191432356518135 ], [ 32.33179092401204, 31.191650629173182 ], [ 32.330145358921101, 31.191938162216417 ], [ 32.319559455305097, 31.192129850012719 ], [ 32.307932853518793, 31.193279624255297 ], [ 32.307561874181403, 31.192754745734931 ], [ 32.307344675316898, 31.191452741450973 ], [ 32.308797955461472, 31.144285559231264 ], [ 32.307975054205912, 31.137482404689251 ] ], [ [ 32.309146642404102, 31.059905052176418 ], [ 32.308908105325116, 31.059960842518706 ], [ 32.308626175058322, 31.059849261834273 ], [ 32.308951378004252, 31.059570312819716 ], [ 32.309021234642586, 31.056466221838775 ], [ 32.309160471278943, 31.056396365200413 ], [ 32.309392810230491, 31.056396365200413 ], [ 32.30953216557711, 31.056466221838775 ], [ 32.309450149205219, 31.05968177299556 ], [ 32.309146642404102, 31.059905052176418 ] ], [ [ 32.326964258993627, 30.744010210103113 ], [ 32.33966326724638, 30.726094961313663 ], [ 32.33204853571155, 30.755160450894124 ], [ 32.330476760894243, 30.757416844511766 ], [ 32.330141067356664, 30.761718749720558 ], [ 32.329791426233754, 30.761718749720558 ], [ 32.329756975004869, 30.762386441481084 ], [ 32.318684459020773, 30.800894737002579 ], [ 32.318475842386391, 30.800881623987976 ], [ 32.316890359202915, 30.792091369720936 ], [ 32.3171653745828, 30.787316441800328 ], [ 32.322325110715298, 30.761718749720558 ], [ 32.322364568470306, 30.761718749720558 ], [ 32.32471060740906, 30.750212550069335 ], [ 32.326657056877679, 30.744561314652998 ], [ 32.326964258993627, 30.744010210103113 ] ], [ [ 32.301900267783566, 30.565495848754381 ], [ 32.298161506348634, 30.568514228049423 ], [ 32.298684835337127, 30.562674164680971 ], [ 32.298890113688259, 30.562322139455375 ], [ 32.303351521755502, 30.559237241805249 ], [ 32.304229855423699, 30.559370756055557 ], [ 32.304250002036525, 30.559719920538129 ], [ 32.302110433949707, 30.565139413253348 ], [ 32.301900267783566, 30.565495848754381 ] ], [ [ 32.358667015870566, 30.416777968428448 ], [ 32.360432267235552, 30.414356946715912 ], [ 32.357089877496179, 30.433469772312407 ], [ 32.354954123434396, 30.439004063486806 ], [ 32.354598164573787, 30.439395308146942 ], [ 32.358667015870566, 30.416777968428448 ] ], [ [ 32.435130477090041, 30.334577203075554 ], [ 32.434860825267236, 30.333575248598919 ], [ 32.434852600067785, 30.333266019411241 ], [ 32.436722635941493, 30.331499934374563 ], [ 32.437314152426353, 30.331632256123669 ], [ 32.439345002370118, 30.334000707067219 ], [ 32.438841700384586, 30.337857246414899 ], [ 32.435130477090041, 30.334577203075554 ] ], [ [ 32.537990450499279, 30.230605721576751 ], [ 32.533872007887197, 30.232736944854082 ], [ 32.533517837778476, 30.232556462610717 ], [ 32.535231352045599, 30.228631615256916 ], [ 32.536568045878909, 30.228845358026888 ], [ 32.538142561830199, 30.229415058757922 ], [ 32.538288712454431, 30.230199575150493 ], [ 32.537990450499279, 30.230605721576751 ] ], [ [ 32.532526850533969, 30.229212522440065 ], [ 32.531404972361628, 30.229437232442422 ], [ 32.530442476539321, 30.228836774897474 ], [ 32.532527923425079, 30.228256106034451 ], [ 32.533178329316712, 30.228482961819282 ], [ 32.532526850533969, 30.229212522440065 ] ], [ [ 32.742199659486943, 29.449776649472767 ], [ 32.736496329042581, 29.446477174482027 ], [ 32.743129015291885, 29.444761157401757 ], [ 32.748450517877501, 29.447740554683008 ], [ 32.74393534653953, 29.449688911613919 ], [ 32.742518543796137, 29.449710249828229 ], [ 32.742199659486943, 29.449776649472767 ] ], [ [ 33.069485426111925, 31.217950821273519 ], [ 33.046875000381391, 31.20507812515558 ], [ 33.027282953045898, 31.194607973279489 ], [ 32.9999855755743, 31.181347727815336 ], [ 32.996967434600009, 31.178445219871122 ], [ 32.960522174859051, 31.162719130483794 ], [ 32.947878480308162, 31.156107306707128 ], [ 32.928017378299529, 31.141639113454602 ], [ 32.927984475703596, 31.14161097996282 ], [ 32.931560278184719, 31.138117313463425 ], [ 32.937976002990553, 31.139796853142485 ], [ 32.944784403278021, 31.144727111067425 ], [ 32.950151443034912, 31.152611136494784 ], [ 32.953136205671427, 31.154562234559592 ], [ 32.983441710167, 31.165629029056561 ], [ 32.992353319850082, 31.167805075444079 ], [ 33.010713815790069, 31.18046724836492 ], [ 33.025246977865805, 31.188047051130468 ], [ 33.043544649865936, 31.195373058020294 ], [ 33.046736955346347, 31.197986602999322 ], [ 33.046875000381391, 31.197986602999322 ], [ 33.046875000381391, 31.198222517655296 ], [ 33.059310316618024, 31.203596472299353 ], [ 33.074293255729657, 31.203154444721946 ], [ 33.091675639119813, 31.207310318916058 ], [ 33.099120617322825, 31.207618713532668 ], [ 33.103459835403413, 31.20891094218652 ], [ 33.103897333095887, 31.209936022729465 ], [ 33.10107946394632, 31.209965825362616 ], [ 33.10219514399094, 31.211577772895936 ], [ 33.10131990938649, 31.211923242064074 ], [ 33.098888755012155, 31.20955884436529 ], [ 33.094408154512706, 31.209877252932984 ], [ 33.093083500803317, 31.212979555162576 ], [ 33.083034157900357, 31.21682715435 ], [ 33.086488247035135, 31.219104647861116 ], [ 33.090097426954884, 31.217735648581311 ], [ 33.090327978053978, 31.218960046768672 ], [ 33.093396067374812, 31.220379948575925 ], [ 33.093924641209554, 31.219510555067984 ], [ 33.093981027802528, 31.221024036729943 ], [ 33.098901748417262, 31.22295975728693 ], [ 33.104090929253488, 31.22275495557659 ], [ 33.119212507851302, 31.225851774639921 ], [ 33.120166659763612, 31.227154731306115 ], [ 33.120230079055233, 31.225988030023501 ], [ 33.121878146959062, 31.225412845226828 ], [ 33.135212540626611, 31.226946353891407 ], [ 33.14155483219011, 31.225570559333846 ], [ 33.145045519235367, 31.226956367842149 ], [ 33.147028446106361, 31.225418329292467 ], [ 33.152928352161865, 31.225417376011279 ], [ 33.157986044920534, 31.227231264511317 ], [ 33.169376015291135, 31.227592348608056 ], [ 33.174507021682274, 31.226312041367834 ], [ 33.186735510935392, 31.226211428814452 ], [ 33.192551851087302, 31.225137948557659 ], [ 33.196377157879937, 31.222854256918396 ], [ 33.202195525103804, 31.223727345740372 ], [ 33.221076130459579, 31.218776464562268 ], [ 33.228775620399034, 31.218343019215268 ], [ 33.236027121155274, 31.216447472272932 ], [ 33.236930012610372, 31.217478275202268 ], [ 33.238141655712781, 31.215966224361893 ], [ 33.244223356123342, 31.213852047733837 ], [ 33.249682902844, 31.21497714547894 ], [ 33.250532507669249, 31.21333825605592 ], [ 33.252799153558641, 31.212414741347374 ], [ 33.25373554206206, 31.214241266221478 ], [ 33.26243507901566, 31.209400534907019 ], [ 33.266201138472098, 31.211904048733061 ], [ 33.268231272555369, 31.211549639404581 ], [ 33.271629572247406, 31.217679023668012 ], [ 33.271641969401713, 31.217976569762811 ], [ 33.271495461746753, 31.218414306674958 ], [ 33.271211027767009, 31.218433857036814 ], [ 33.266598463448503, 31.216575861287026 ], [ 33.26211464427567, 31.217912315900662 ], [ 33.234342456239716, 31.220725416844488 ], [ 33.226526856629363, 31.22416424718233 ], [ 33.225611806339856, 31.222136258881193 ], [ 33.218014001845148, 31.223637700419602 ], [ 33.215222120404889, 31.225409149912196 ], [ 33.212768316605121, 31.224560975908275 ], [ 33.202354312102187, 31.227370023607961 ], [ 33.186157345785404, 31.228449463671893 ], [ 33.181654930430824, 31.229846001092085 ], [ 33.170614361963629, 31.230717659092704 ], [ 33.147790313072932, 31.230076074651294 ], [ 33.134032368399204, 31.231026649060539 ], [ 33.116205335008573, 31.23038887954317 ], [ 33.109047651528243, 31.229881048571741 ], [ 33.095615744371145, 31.227611541939069 ], [ 33.09497666364237, 31.227466464205975 ], [ 33.08027183987403, 31.222905754796983 ], [ 33.071474552009448, 31.218999505422886 ], [ 33.069485426111925, 31.217950821273519 ] ], [ [ 33.116718530436145, 31.211095571703453 ], [ 33.117413521117243, 31.210678219724002 ], [ 33.118708014263774, 31.210174917738129 ], [ 33.11905586753457, 31.21017384484702 ], [ 33.121412634485949, 31.21105456351728 ], [ 33.12169170400918, 31.211349248868856 ], [ 33.121434450240059, 31.211935877538764 ], [ 33.118366956270364, 31.211666941576112 ], [ 33.117413401507321, 31.213967442443618 ], [ 33.115909576766029, 31.213704347577533 ], [ 33.116718530436145, 31.211095571703453 ] ], [ [ 33.326470017477703, 31.187914967701658 ], [ 33.321251749868821, 31.189363956281625 ], [ 33.320228815108038, 31.19100940266182 ], [ 33.317858457601943, 31.194576501504457 ], [ 33.317047834789861, 31.195195316910286 ], [ 33.315803050770427, 31.195492744294711 ], [ 33.313908458009195, 31.194281339512344 ], [ 33.313216209360831, 31.192964434361215 ], [ 33.313916444888179, 31.190402746090086 ], [ 33.316702843161778, 31.190393566709815 ], [ 33.31696903709198, 31.188100219049772 ], [ 33.318556547347129, 31.186923265496318 ], [ 33.318990945975855, 31.186737179577364 ], [ 33.323000549935813, 31.186692357366354 ], [ 33.326470017477703, 31.187914967701658 ] ], [ [ 32.88046264673423, 31.1141996386024 ], [ 32.878649949835875, 31.117174625608584 ], [ 32.877773046089459, 31.113281250029672 ], [ 32.87863433400733, 31.110245466155419 ], [ 32.881896138196652, 31.11189484617023 ], [ 32.881012916713217, 31.113281250029672 ], [ 32.880705356667448, 31.113281250029672 ], [ 32.88046264673423, 31.1141996386024 ] ], [ [ 32.884207725906236, 31.095805168074151 ], [ 32.888824105148871, 31.090701580213818 ], [ 32.889462828846689, 31.090772748064097 ], [ 32.890248775161041, 31.09271037608292 ], [ 32.884467244168405, 31.097401619389473 ], [ 32.883990407431469, 31.099380969656011 ], [ 32.885429859600862, 31.100021242886243 ], [ 32.890555143605155, 31.095720529279134 ], [ 32.893379211781195, 31.100029229765227 ], [ 32.893826723425008, 31.100571155834245 ], [ 32.892661809995133, 31.104543209501713 ], [ 32.890606522772856, 31.106194972719834 ], [ 32.890385269764664, 31.10872685925716 ], [ 32.890040755676836, 31.109023452070829 ], [ 32.884392857644826, 31.111587047804051 ], [ 32.878949046361726, 31.10935282697136 ], [ 32.878737330663597, 31.109034180982718 ], [ 32.881608366833035, 31.105575561962667 ], [ 32.880725145349601, 31.100565075518062 ], [ 32.884207725906236, 31.095805168074151 ] ], [ [ 33.346798658132087, 31.16497027835581 ], [ 33.347468376065279, 31.168494701669204 ], [ 33.344712972925578, 31.168724656517782 ], [ 33.343864440991098, 31.168285846714355 ], [ 33.343268275011127, 31.167531251666048 ], [ 33.343101024493166, 31.166566133420616 ], [ 33.343409657430328, 31.165349840822614 ], [ 33.344331621707141, 31.16400373018817 ], [ 33.347202062525156, 31.162818551435009 ], [ 33.349058628353163, 31.162898421125249 ], [ 33.350389241870488, 31.163741946533605 ], [ 33.346960305873409, 31.164587736434839 ], [ 33.346798658132087, 31.16497027835581 ] ], [ [ 33.137696504989862, 31.11496222053006 ], [ 33.136398911880832, 31.114220380566195 ], [ 33.136476159147634, 31.113281250029672 ], [ 33.136960744443087, 31.113281250029672 ], [ 33.137638449255263, 31.111241340315644 ], [ 33.141363978065243, 31.109963059247974 ], [ 33.141272068251709, 31.112318515886784 ], [ 33.140213013120473, 31.113281250029672 ], [ 33.14006006721857, 31.113281250029672 ], [ 33.139638066643471, 31.113514303941912 ], [ 33.138032675167977, 31.114958763536094 ], [ 33.137696504989862, 31.11496222053006 ] ], [ [ 33.125973463505119, 31.117135405274922 ], [ 33.125225901154607, 31.116282105135326 ], [ 33.127690673086505, 31.115481734594368 ], [ 33.124125004165734, 31.119779229527779 ], [ 33.126981974039296, 31.121709704339338 ], [ 33.125549554568551, 31.122827648876921 ], [ 33.127249955821043, 31.123789429738451 ], [ 33.129019618361298, 31.123089075500388 ], [ 33.129031062233736, 31.123246312067778 ], [ 33.127744674677075, 31.124012947239834 ], [ 33.12477004560148, 31.124370813562365 ], [ 33.121721744963082, 31.123844146290622 ], [ 33.119153141804276, 31.122437119177675 ], [ 33.121875047895372, 31.113281250029672 ], [ 33.122118711109778, 31.113141656362558 ], [ 33.122858643611977, 31.113281250029672 ], [ 33.122702240716279, 31.113281250029672 ], [ 33.12315320935349, 31.11703634225367 ], [ 33.12498962856867, 31.117733120787136 ], [ 33.125973463505119, 31.117135405274922 ] ], [ [ 33.470094442604676, 31.140794754374525 ], [ 33.473094344428517, 31.138252258535061 ], [ 33.473373532662578, 31.139218926312367 ], [ 33.471280455928508, 31.141339659897369 ], [ 33.47094261660871, 31.141547441061562 ], [ 33.470094442604676, 31.140794754374525 ] ], [ [ 33.473734855979359, 31.134630441341812 ], [ 33.473704933736002, 31.131168841968531 ], [ 33.476869225334866, 31.130624174766155 ], [ 33.478251576849033, 31.131209015583892 ], [ 33.478257656265981, 31.131625532992018 ], [ 33.471565127329001, 31.137028455698925 ], [ 33.473734855979359, 31.134630441341812 ] ] ], [ [ [ 34.439576029710423, 28.017922043967189 ], [ 34.44280707798444, 28.025691151325702 ], [ 34.442874312200303, 28.02856755285066 ], [ 34.442329048747098, 28.031970262817538 ], [ 34.437113761491418, 28.039630770743742 ], [ 34.437680840698675, 28.048321247028127 ], [ 34.440409541167725, 28.056810021565468 ], [ 34.439938664238099, 28.061800241788035 ], [ 34.436148404925547, 28.06611335254928 ], [ 34.431236744080849, 28.069143653257072 ], [ 34.428784728133309, 28.075672745700842 ], [ 34.42795121667595, 28.085075617246048 ], [ 34.431157350131826, 28.087103843867709 ], [ 34.432307720625175, 28.090226650639636 ], [ 34.435074448927111, 28.092433452941947 ], [ 34.435504317670649, 28.093395948764368 ], [ 34.437402129105493, 28.101943016457341 ], [ 34.439077853860539, 28.102917552403255 ], [ 34.437495231420058, 28.106760144165378 ], [ 34.438291669225435, 28.111181378617687 ], [ 34.44159400495991, 28.112825632497049 ], [ 34.443204641281653, 28.115896344241122 ], [ 34.441985130010409, 28.118364215236511 ], [ 34.443895101178185, 28.123882531753509 ], [ 34.443648934251456, 28.124999999650555 ], [ 34.443631767992173, 28.124999999650555 ], [ 34.443191766587375, 28.125940203977393 ], [ 34.441674351290743, 28.126219510921999 ], [ 34.441979050593233, 28.131419420669943 ], [ 34.44018554702555, 28.136081576304008 ], [ 34.440182328351938, 28.139601468832922 ], [ 34.440528631191938, 28.140600561666645 ], [ 34.443871378861644, 28.146663307965412 ], [ 34.444074749750115, 28.14697325211398 ], [ 34.447831154084923, 28.148463964740557 ], [ 34.449611067996983, 28.151387572578528 ], [ 34.448762059421909, 28.157507419531981 ], [ 34.450511812770088, 28.173257350846512 ], [ 34.448133111354338, 28.182719230508411 ], [ 34.447907448070538, 28.183200359709161 ], [ 34.445962071493028, 28.185628652440499 ], [ 34.442525863578084, 28.185445070233925 ], [ 34.443753123408129, 28.187963366216593 ], [ 34.439518213195669, 28.192940831354605 ], [ 34.4351725577678, 28.1969865556851 ], [ 34.434515952849637, 28.19265663659462 ], [ 34.430119037863932, 28.196957350201728 ], [ 34.423771023914213, 28.199359655224356 ], [ 34.425713300528599, 28.20437192952096 ], [ 34.428829550344147, 28.204832672889921 ], [ 34.428699016447212, 28.206183552628914 ], [ 34.424565076717471, 28.209258079297115 ], [ 34.421293973538553, 28.207084059981781 ], [ 34.419032335074604, 28.208856463654939 ], [ 34.418752908520418, 28.20926046339963 ], [ 34.420582055817334, 28.213353156622986 ], [ 34.415217637584448, 28.221071362353598 ], [ 34.414984464961634, 28.221533179513045 ], [ 34.412062644975236, 28.23017132244874 ], [ 34.411388635477664, 28.232642650438208 ], [ 34.411388635477664, 28.236424446231609 ], [ 34.415537715294107, 28.243073939910659 ], [ 34.416726469751296, 28.248142838221526 ], [ 34.413505077497888, 28.25676357747713 ], [ 34.410173654990359, 28.26146745715775 ], [ 34.41032421589054, 28.266449927921997 ], [ 34.408857226480421, 28.270829557937702 ], [ 34.408674120914071, 28.289849042899419 ], [ 34.407320260821479, 28.292976379556364 ], [ 34.407858133646158, 28.296948551934207 ], [ 34.4100893732261, 28.300781250254801 ], [ 34.410328745775729, 28.300781250254801 ], [ 34.410572051959178, 28.3016673324816 ], [ 34.408904552403868, 28.304133176405031 ], [ 34.408835410725686, 28.305346726969873 ], [ 34.40976727024352, 28.311348914720867 ], [ 34.409921407747419, 28.311814070163479 ], [ 34.412625551328659, 28.315135836649887 ], [ 34.410173177450389, 28.319502234041096 ], [ 34.410092473189167, 28.319891572138687 ], [ 34.41088592974225, 28.322430133444129 ], [ 34.41352903813484, 28.326550245197666 ], [ 34.419486165354868, 28.333111047736793 ], [ 34.421871662047607, 28.343196153979335 ], [ 34.422192931359206, 28.343612909708014 ], [ 34.428213834901243, 28.347745180296045 ], [ 34.431196212535696, 28.35292172475792 ], [ 34.436503052574579, 28.354843139799215 ], [ 34.441288232766027, 28.35850095775325 ], [ 34.442582845522423, 28.370181679840954 ], [ 34.448656677764205, 28.378489256274236 ], [ 34.448539256881389, 28.383037924660613 ], [ 34.446572065448464, 28.386986374721658 ], [ 34.446658850026296, 28.394492149792825 ], [ 34.449930071915816, 28.398400068308803 ], [ 34.450416207642007, 28.399530052969936 ], [ 34.452094554819865, 28.408858418381442 ], [ 34.452966452040499, 28.410156249811138 ], [ 34.453124999819323, 28.410156249811138 ], [ 34.453124999819323, 28.411551356410001 ], [ 34.456681728579639, 28.41585397747923 ], [ 34.457895517464948, 28.419335245925168 ], [ 34.457847714001531, 28.422261119155536 ], [ 34.45560300347617, 28.426374912272365 ], [ 34.456469536240633, 28.43429744217363 ], [ 34.456967711191709, 28.435397148459685 ], [ 34.459164857472189, 28.437584877040365 ], [ 34.463243293743204, 28.43827061729516 ], [ 34.464120746075679, 28.438418150177711 ], [ 34.467065930448513, 28.440189242639462 ], [ 34.467724442829109, 28.440624356229051 ], [ 34.47061753307284, 28.444195151285157 ], [ 34.470703789541489, 28.444530472345122 ], [ 34.471480011693274, 28.447548031616378 ], [ 34.470667243098916, 28.456465244075844 ], [ 34.472749948851373, 28.457990050000916 ], [ 34.47376036684787, 28.460884332746048 ], [ 34.477326154478902, 28.463160276725546 ], [ 34.479374647322601, 28.468217253623749 ], [ 34.483886480377322, 28.470868706825456 ], [ 34.484825849233545, 28.47656249995967 ], [ 34.485072374091573, 28.476705312300652 ], [ 34.493580102740083, 28.479073643633825 ], [ 34.497755050655627, 28.478991746871742 ], [ 34.501271128260186, 28.476760506392253 ], [ 34.502490162891462, 28.478008747406022 ], [ 34.50553810559947, 28.477745771250682 ], [ 34.506773948559413, 28.476396202722896 ], [ 34.504627943125541, 28.47378444649533 ], [ 34.498916864122037, 28.473296165885529 ], [ 34.501209139790632, 28.471803545797371 ], [ 34.505270958388365, 28.471789241180858 ], [ 34.505866989470718, 28.471445513999385 ], [ 34.507716775309092, 28.470378756174739 ], [ 34.511771440699732, 28.47656249995967 ], [ 34.511824369399193, 28.47656249995967 ], [ 34.514932036084673, 28.48199152908586 ], [ 34.515241265272351, 28.4826649423334 ], [ 34.516578204551394, 28.487990882050838 ], [ 34.51782000109236, 28.492937803636977 ], [ 34.517753601447822, 28.497380376303624 ], [ 34.521255851076688, 28.499996424095798 ], [ 34.520064234976786, 28.506536364162258 ], [ 34.512376546840215, 28.517380953268457 ], [ 34.515232920463262, 28.530932903730701 ], [ 34.516124725076594, 28.543923259051383 ], [ 34.519014834967123, 28.552589178447874 ], [ 34.535832479186041, 28.570117167473398 ], [ 34.545014023978609, 28.579686522415102 ], [ 34.545206473474678, 28.584948908925128 ], [ 34.54549121864531, 28.592735052181126 ], [ 34.553136349063749, 28.610819578560836 ], [ 34.558563947368413, 28.611690163670431 ], [ 34.560811639146067, 28.616240501198178 ], [ 34.563669323980633, 28.617965221018295 ], [ 34.566055195691234, 28.617936219680985 ], [ 34.566483974455906, 28.617931008109707 ], [ 34.569400429985848, 28.621557950538943 ], [ 34.575747251434876, 28.623984456317658 ], [ 34.57408979910511, 28.630648749240493 ], [ 34.573730349976159, 28.632094025419065 ], [ 34.577638745132361, 28.638897657501303 ], [ 34.579033903892281, 28.638471421119391 ], [ 34.57980394389719, 28.638236164767306 ], [ 34.578172564712389, 28.635270357141309 ], [ 34.578796744574589, 28.634416818681217 ], [ 34.580130934695347, 28.635316848493943 ], [ 34.580593466815259, 28.637986302525917 ], [ 34.580111473366202, 28.640224937231238 ], [ 34.579809070032894, 28.641629457033844 ], [ 34.57455050919927, 28.647220969372398 ], [ 34.575504303181532, 28.652343749664368 ], [ 34.576806426176319, 28.654380917345492 ], [ 34.583069443400092, 28.657004237055929 ], [ 34.585959911221352, 28.659743428116769 ], [ 34.586865067169157, 28.663069129137114 ], [ 34.584530830034197, 28.669794201840972 ], [ 34.589494467196545, 28.672933459012341 ], [ 34.594041347730325, 28.680133938530759 ], [ 34.599730610979435, 28.684644460373818 ], [ 34.600646853769632, 28.688429951481311 ], [ 34.606816837028049, 28.694112546257031 ], [ 34.607028842307699, 28.694307804361927 ], [ 34.607103628130318, 28.694691250101158 ], [ 34.607959270104658, 28.699078321107805 ], [ 34.612460994779468, 28.70550164968148 ], [ 34.613390802943428, 28.706828355644177 ], [ 34.613436882406887, 28.707470851998409 ], [ 34.613546132948301, 28.708994149760315 ], [ 34.614962972563177, 28.710550284468496 ], [ 34.617200732228213, 28.713008046184427 ], [ 34.622780681083981, 28.725844740642231 ], [ 34.627032637946485, 28.730116605796894 ], [ 34.626293145142967, 28.733412952804258 ], [ 34.626286506417756, 28.733442545137365 ], [ 34.620406865684714, 28.743187546668338 ], [ 34.62064170834887, 28.75348770599291 ], [ 34.623473644693121, 28.756319046087555 ], [ 34.623850345517013, 28.759276866834114 ], [ 34.626011609748417, 28.761443972161658 ], [ 34.627117758778098, 28.764615393585615 ], [ 34.627558708068335, 28.765879630840516 ], [ 34.627154557237503, 28.767099304889456 ], [ 34.62388312850365, 28.776972055116232 ], [ 34.625338912361457, 28.7833484408782 ], [ 34.624532580214435, 28.804262638210218 ], [ 34.62597393984592, 28.81103754055016 ], [ 34.624640941326874, 28.813721657128923 ], [ 34.621427059311799, 28.816303014472453 ], [ 34.621338248561671, 28.816729426222452 ], [ 34.624040841711832, 28.821940303202751 ], [ 34.621277451693771, 28.828125000268614 ], [ 34.620944976829577, 28.828125000268614 ], [ 34.620626569161544, 28.828822374153475 ], [ 34.621098041442025, 28.838580250378556 ], [ 34.622354626365535, 28.842300057701522 ], [ 34.623185038759146, 28.843294978580559 ], [ 34.626987576516086, 28.845908880590684 ], [ 34.631885528994616, 28.852012515465276 ], [ 34.63609463316115, 28.853016821668973 ], [ 34.644881963731819, 28.855113506483264 ], [ 34.648331403372055, 28.860072374540692 ], [ 34.647766947486645, 28.865410805064727 ], [ 34.646502978230359, 28.868541577132021 ], [ 34.64487755255746, 28.872567653974414 ], [ 34.646333567540609, 28.87565682340383 ], [ 34.646818637570249, 28.876685976976233 ], [ 34.646290096118577, 28.877482646514238 ], [ 34.644784808172375, 28.879751563484177 ], [ 34.646177139463902, 28.882226817913505 ], [ 34.64787685903022, 28.88524854178678 ], [ 34.647567153201948, 28.891337871145907 ], [ 34.64952230451118, 28.894984364836745 ], [ 34.648586154328001, 28.899652361567234 ], [ 34.646746158508762, 28.902227520783413 ], [ 34.647488832143978, 28.908008933065844 ], [ 34.645431203100117, 28.913556152389361 ], [ 34.64298701304088, 28.920145511606222 ], [ 34.64521890822661, 28.92247253977618 ], [ 34.648432255144854, 28.925822854341419 ], [ 34.648556351694509, 28.928718805328629 ], [ 34.648338436969226, 28.931777358238577 ], [ 34.640406251048233, 28.939736366440059 ], [ 34.640116453512036, 28.940920948942733 ], [ 34.639490246577822, 28.948810577146276 ], [ 34.639606117928025, 28.949692130387604 ], [ 34.642072439391967, 28.955372333866137 ], [ 34.64207209585058, 28.955810858584357 ], [ 34.642069339428843, 28.959329843697446 ], [ 34.642364144390257, 28.95976245447369 ], [ 34.644569668755338, 28.960806004393703 ], [ 34.649233221935702, 28.963012576469339 ], [ 34.65352344495156, 28.969772100402082 ], [ 34.653891205614713, 28.96994805365992 ], [ 34.660885516453419, 28.971586699366867 ], [ 34.663480043469661, 28.97219455203728 ], [ 34.663788435388227, 28.972105077587401 ], [ 34.667940139426292, 28.970900535531257 ], [ 34.668155745591861, 28.972884954377207 ], [ 34.668262839558423, 28.973870634722118 ], [ 34.680958530212564, 28.977091338994285 ], [ 34.68291795240188, 28.977588414973667 ], [ 34.683242678706932, 28.977790355940215 ], [ 34.686646341955424, 28.98239791373274 ], [ 34.686779617885435, 28.983086347457004 ], [ 34.685920518018207, 28.990620445776983 ], [ 34.684828161890408, 29.000200152815012 ], [ 34.685077370324933, 29.0007382207923 ], [ 34.686544656510733, 29.003906249973511 ], [ 34.686649322308625, 29.003906249973511 ], [ 34.685555458018456, 29.005261421277567 ], [ 34.684489607609549, 29.013495206538806 ], [ 34.68409955545016, 29.014307021851835 ], [ 34.681769360767731, 29.015897205791475 ], [ 34.678718567208506, 29.017979145321561 ], [ 34.678645253576377, 29.019618153455127 ], [ 34.674542546401852, 29.022512912840682 ], [ 34.675320151673048, 29.027278163129438 ], [ 34.675410747408506, 29.027833342534734 ], [ 34.674770951718386, 29.030320644282313 ], [ 34.673134208077414, 29.031139373583386 ], [ 34.673527360199643, 29.034151435140785 ], [ 34.672103523858794, 29.034111976486599 ], [ 34.670735128376549, 29.035369381869856 ], [ 34.66863644131891, 29.037297844620156 ], [ 34.666940927881768, 29.040218472104897 ], [ 34.665117621680992, 29.040891766641835 ], [ 34.664469480283032, 29.039835333933581 ], [ 34.663782000738792, 29.04028773339229 ], [ 34.663389205647519, 29.040874123741901 ], [ 34.664720058384688, 29.041681409169826 ], [ 34.664747833945825, 29.041984915971284 ], [ 34.663719773049678, 29.043123722082214 ], [ 34.663740157982346, 29.043686151794788 ], [ 34.664662003548898, 29.046327829366049 ], [ 34.669416666146475, 29.050731420918453 ], [ 34.672037005503995, 29.054227948161639 ], [ 34.673629164354878, 29.057845234570181 ], [ 34.673050045923077, 29.064661621736548 ], [ 34.670138954849648, 29.070829748794182 ], [ 34.671929478962539, 29.074056029762261 ], [ 34.671190857672258, 29.078232169279318 ], [ 34.673087239185321, 29.080963135140934 ], [ 34.673210620773915, 29.084078669994852 ], [ 34.679642233902683, 29.091553226900004 ], [ 34.679694533076741, 29.091614007580489 ], [ 34.680871844560244, 29.096143841465192 ], [ 34.680865279509163, 29.098515181930253 ], [ 34.680864930572369, 29.098641276773805 ], [ 34.675541758845469, 29.106158852749047 ], [ 34.679102659560584, 29.109480142594691 ], [ 34.683186173403186, 29.121777772626302 ], [ 34.685164168392333, 29.122985779769948 ], [ 34.687315106607429, 29.124299406892248 ], [ 34.685885652194287, 29.127092685836658 ], [ 34.685113310831156, 29.128601908351783 ], [ 34.686437395269849, 29.130233375669832 ], [ 34.687175035399804, 29.131142258408602 ], [ 34.687658548703524, 29.135509133340037 ], [ 34.690737009006028, 29.140029549524172 ], [ 34.690107345977736, 29.143225550318846 ], [ 34.692474245590034, 29.147602200881153 ], [ 34.69255697692293, 29.14800643894597 ], [ 34.692342758411627, 29.151527166046122 ], [ 34.690720344568291, 29.154613243606661 ], [ 34.690210699664675, 29.155582666007575 ], [ 34.691675662901531, 29.161674738298558 ], [ 34.692150354755682, 29.162734270070843 ], [ 34.69594657387583, 29.166945576677051 ], [ 34.701188445090764, 29.169401169228905 ], [ 34.709034793421296, 29.170688078392317 ], [ 34.718068957316774, 29.172169804992507 ], [ 34.720146655644015, 29.17968749967838 ], [ 34.720820456499411, 29.182068310904043 ], [ 34.722386002611955, 29.187600016527739 ], [ 34.72964682214311, 29.19236573718905 ], [ 34.730151772586595, 29.192697167040791 ], [ 34.73207213811915, 29.195195272344023 ], [ 34.733382344220018, 29.196899652197629 ], [ 34.736053466494496, 29.207239746816924 ], [ 34.736766630676044, 29.2076532191208 ], [ 34.738741874637952, 29.208798408619742 ], [ 34.739608764433029, 29.210322618294214 ], [ 34.739714979762965, 29.210800051281495 ], [ 34.738575458690633, 29.213045715986993 ], [ 34.738689212829996, 29.213805480574393 ], [ 34.739242076661043, 29.217498064284399 ], [ 34.74039811737984, 29.219273977112749 ], [ 34.741170048659029, 29.220459818665887 ], [ 34.740979044347881, 29.221132943230856 ], [ 34.739952802780266, 29.224749565040554 ], [ 34.74094605451748, 29.227869629779832 ], [ 34.73926305784417, 29.234026074643936 ], [ 34.737499475620865, 29.236124634544296 ], [ 34.733474969894615, 29.254043340327996 ], [ 34.735342263734964, 29.257609128858377 ], [ 34.740413546148687, 29.261579156353321 ], [ 34.740866175833702, 29.262557386714462 ], [ 34.742921710369018, 29.26699984067011 ], [ 34.741475701243047, 29.282906771130854 ], [ 34.746191144406026, 29.29234433132595 ], [ 34.746166348298715, 29.295589566405368 ], [ 34.742276549323634, 29.302875041749814 ], [ 34.74216740040535, 29.307167399756082 ], [ 34.742066741087314, 29.311125874559849 ], [ 34.743550538826327, 29.313041568114045 ], [ 34.751274010088054, 29.316274009438075 ], [ 34.752465843824012, 29.316772818410868 ], [ 34.753048090996828, 29.318048091246538 ], [ 34.753905057672938, 29.319925069886352 ], [ 34.753291845042639, 29.32353961426216 ], [ 34.754987359379214, 29.326347112429431 ], [ 34.758308529615221, 29.32762467853621 ], [ 34.764114618395439, 29.337425350799464 ], [ 34.772891044686133, 29.339438319522912 ], [ 34.774318525979851, 29.339318526229221 ], [ 34.777148366004468, 29.339081048551805 ], [ 34.779604077266555, 29.340913653742319 ], [ 34.775738813345782, 29.340738813595351 ], [ 34.775582433183018, 29.340731739778249 ], [ 34.775977807530154, 29.340977807779865 ], [ 34.779724716822756, 29.343309759737735 ], [ 34.781479835526198, 29.346967458980942 ], [ 34.782668829203232, 29.349907755538453 ], [ 34.782827734912445, 29.350785255535385 ], [ 34.782465760421502, 29.354093295528799 ], [ 34.782315254445933, 29.355468750282796 ], [ 34.782442927599647, 29.35775995216008 ], [ 34.784387946247392, 29.360618829495309 ], [ 34.784620403908804, 29.361656427702144 ], [ 34.784736752799034, 29.366770148223821 ], [ 34.786709547008201, 29.370425700785461 ], [ 34.789073348456469, 29.373600840906249 ], [ 34.793393134885918, 29.374953866427916 ], [ 34.794126153399901, 29.375023723066704 ], [ 34.799999475495866, 29.37447202226636 ], [ 34.800076023989988, 29.374495127648316 ], [ 34.802982926021429, 29.375372528719225 ], [ 34.804687500128438, 29.377790213047888 ], [ 34.804687500128438, 29.378906250123606 ], [ 34.805357575092586, 29.379878758997677 ], [ 34.809387564884304, 29.383872866739722 ], [ 34.811012148792059, 29.388420223914437 ], [ 34.811003923592267, 29.389426231635127 ], [ 34.810886571058603, 29.390042192593285 ], [ 34.808895945991623, 29.400490642029951 ], [ 34.813214779138974, 29.401764153992673 ], [ 34.816401723760777, 29.399808608780347 ], [ 34.816700458759584, 29.399625301766406 ], [ 34.818091750433979, 29.400042652846253 ], [ 34.817510770406074, 29.401772544667324 ], [ 34.815984368184189, 29.406317472773196 ], [ 34.816700577469845, 29.410843610444431 ], [ 34.819111228200967, 29.411992668826912 ], [ 34.81948041878681, 29.414302825715197 ], [ 34.82441914113096, 29.418496251101402 ], [ 34.827427659359472, 29.419333702488416 ], [ 34.829298258208183, 29.419854402758517 ], [ 34.829858302918609, 29.420135736774853 ], [ 34.832991242352335, 29.422264456339576 ], [ 34.833446264234198, 29.423117041518196 ], [ 34.832500281763288, 29.425805771619508 ], [ 34.832491755290249, 29.42583000654966 ], [ 34.828462839289074, 29.431107878525921 ], [ 34.833473324834557, 29.428320526971021 ], [ 34.836471677126696, 29.43129444108564 ], [ 34.840957987421604, 29.432290013074038 ], [ 34.842172860889178, 29.432559609138622 ], [ 34.844019996425885, 29.434637552980945 ], [ 34.84775034830048, 29.438834029766923 ], [ 34.852689027477055, 29.444389820134177 ], [ 34.855879545105353, 29.453525543569157 ], [ 34.855725755639497, 29.454784845344449 ], [ 34.855040907512574, 29.460392713652936 ], [ 34.857441067651479, 29.464249610930949 ], [ 34.858817338849377, 29.471508145284872 ], [ 34.865414690735946, 29.474162714637629 ], [ 34.865952968255129, 29.474379301064204 ], [ 34.869769573207378, 29.482041954772399 ], [ 34.879848011876874, 29.4861470514453 ], [ 34.888439655366057, 29.489646553645656 ], [ 34.892095069432258, 29.489646210104468 ], [ 34.894776344152973, 29.489645958294687 ], [ 34.898687720561981, 29.488454460905047 ], [ 34.901453664423485, 29.489503254349501 ], [ 34.902276754768621, 29.489815354594896 ], [ 34.91286187507572, 29.464141460260549 ], [ 34.91469094921203, 29.460184099144413 ], [ 34.919416741198148, 29.449959436798025 ], [ 34.91211422189437, 29.440652629815361 ], [ 34.910655036800932, 29.432977327142282 ], [ 34.910699248372197, 29.431389825880103 ], [ 34.910341528638895, 29.425016228016744 ], [ 34.910287488377236, 29.424053385055828 ], [ 34.902262486125352, 29.409106580704304 ], [ 34.900523276428572, 29.405007626400931 ], [ 34.89456341796793, 29.392562507553919 ], [ 34.894191417000656, 29.391670956549689 ], [ 34.892764702829169, 29.389688393904436 ], [ 34.887069075078188, 29.379522997088941 ], [ 34.886710924569655, 29.378308656019982 ], [ 34.886249128994535, 29.377142405298031 ], [ 34.88580118747538, 29.376159073083102 ], [ 34.885352158931681, 29.375206381339552 ], [ 34.885139532864031, 29.374755258348785 ], [ 34.884458820718891, 29.373358271267563 ], [ 34.883759051040073, 29.371968112738728 ], [ 34.883040225626559, 29.370584782761767 ], [ 34.882302345377838, 29.369208281337279 ], [ 34.881545410293, 29.367838608465433 ], [ 34.880769422171596, 29.36647576504501 ], [ 34.879974381013625, 29.36511975107581 ], [ 34.879728383158835, 29.364712065909117 ], [ 34.874165509730943, 29.351246175171354 ], [ 34.873527197023208, 29.349756858292665 ], [ 34.872867247525932, 29.348271084743203 ], [ 34.87218566393787, 29.346788853623053 ], [ 34.871482446258568, 29.345310165831904 ], [ 34.870757595387175, 29.343835021369415 ], [ 34.870453674897789, 29.343235880431763 ], [ 34.870391113559634, 29.343091795550237 ], [ 34.869243709030258, 29.341197128145382 ], [ 34.86922891878018, 29.34117140843415 ], [ 34.868040046511481, 29.339186735079949 ], [ 34.866812327127803, 29.337217165839803 ], [ 34.865545763326651, 29.33526270341136 ], [ 34.864240358705985, 29.333323347794305 ], [ 34.862896115064444, 29.331399098989465 ], [ 34.861513035998513, 29.329489959694286 ], [ 34.858450049430843, 29.325409928026119 ], [ 34.857817062508133, 29.324579453579219 ], [ 34.857222663695751, 29.323811253586712 ], [ 34.857198450348932, 29.323744074230063 ], [ 34.856855323914573, 29.322814644680562 ], [ 34.856504962434741, 29.321887684669321 ], [ 34.856147365908754, 29.3209631950958 ], [ 34.85578253343769, 29.320041174161162 ], [ 34.85541046592104, 29.319121623664103 ], [ 34.855375034431148, 29.319035956943964 ], [ 34.849924256999515, 29.30667092362458 ], [ 34.848161374448381, 29.302716394146302 ], [ 34.845936655852455, 29.29824717906439 ], [ 34.842826839787421, 29.292654315944276 ], [ 34.839421784388463, 29.28712262201185 ], [ 34.83572154721216, 29.281652108058466 ], [ 34.835442265448563, 29.281273997097458 ], [ 34.833827753048894, 29.278997774328246 ], [ 34.833115705825747, 29.275955163700274 ], [ 34.831732834503413, 29.271028702712499 ], [ 34.831644368193366, 29.270023409053493 ], [ 34.830837768049122, 29.263954022160704 ], [ 34.829763607005447, 29.257939998432249 ], [ 34.828421930928101, 29.251981349559998 ], [ 34.828204347153445, 29.251183148183969 ], [ 34.828122601477361, 29.250683553203743 ], [ 34.827669644439169, 29.246465361387635 ], [ 34.827090258908783, 29.243320523923416 ], [ 34.827073062972289, 29.243240656930936 ], [ 34.826453816790632, 29.239311003600363 ], [ 34.825790102731474, 29.235794090525189 ], [ 34.825729153877859, 29.235326791998119 ], [ 34.825081597937896, 29.231320398617868 ], [ 34.825026195203321, 29.23103388810398 ], [ 34.824506726105, 29.228347510629476 ], [ 34.824370650585792, 29.227332184133445 ], [ 34.823707031854809, 29.223330340423331 ], [ 34.822920862508653, 29.219363679990067 ], [ 34.822012153339045, 29.215432208230084 ], [ 34.821128928258048, 29.212095155067487 ], [ 34.820876722383304, 29.211328802282878 ], [ 34.81940252760532, 29.20647606861607 ], [ 34.818367906154407, 29.201777684692644 ], [ 34.817292921331813, 29.198076845870219 ], [ 34.817044277672125, 29.197310138752442 ], [ 34.816106851350668, 29.194380373256081 ], [ 34.814809224966524, 29.190718734082793 ], [ 34.813397037543808, 29.187092875335964 ], [ 34.811870299875153, 29.183502801513384 ], [ 34.810229025449729, 29.179948516211482 ], [ 34.809615815518185, 29.178719700553813 ], [ 34.809102085893386, 29.177654673025046 ], [ 34.808642075472079, 29.176377264299759 ], [ 34.80721155087312, 29.172757137832093 ], [ 34.805667012922953, 29.169172638906417 ], [ 34.799598663847718, 29.156187271225832 ], [ 34.798276952719874, 29.153615771351184 ], [ 34.797332018858327, 29.151596962430347 ], [ 34.796348211800904, 29.149683332819933 ], [ 34.795501459625342, 29.146927086116364 ], [ 34.793860139334441, 29.142222684829619 ], [ 34.792033204369631, 29.137552190681475 ], [ 34.790020681709819, 29.132915608169043 ], [ 34.787822599234318, 29.128312940889998 ], [ 34.785438985721356, 29.123744194239322 ], [ 34.782869869949053, 29.119209370916053 ], [ 34.780115279797172, 29.114708476315485 ], [ 34.777728243464452, 29.111081730837697 ], [ 34.777679526289802, 29.110840522772065 ], [ 34.776793376613881, 29.107545315963932 ], [ 34.77558032247461, 29.103506661203738 ], [ 34.774248376162262, 29.099498002431147 ], [ 34.772875314644779, 29.095732599479931 ], [ 34.772829606601562, 29.095511252942231 ], [ 34.771892966287822, 29.091562593339376 ], [ 34.771865523475611, 29.091409761651278 ], [ 34.770998519466588, 29.087283753942444 ], [ 34.770010888492351, 29.083188175694261 ], [ 34.768902644042527, 29.079123030503553 ], [ 34.768037543897918, 29.076282634236406 ], [ 34.767713573922919, 29.075078280138712 ], [ 34.767467841368529, 29.074261756875131 ], [ 34.766735013510669, 29.07098037894167 ], [ 34.764948734197304, 29.063970749051265 ], [ 34.764768322100934, 29.062906887942887 ], [ 34.764426060814486, 29.061042677877282 ], [ 34.764058495303658, 29.059183282782698 ], [ 34.763665625568905, 29.05732870445658 ], [ 34.763247455206368, 29.055478941999951 ], [ 34.762803983317752, 29.053633996312357 ], [ 34.762593630092596, 29.052808272084405 ], [ 34.762419324392766, 29.051777852266582 ], [ 34.762331382388055, 29.05129789578146 ], [ 34.762563387690847, 29.049821030916291 ], [ 34.762847039260208, 29.047837621109608 ], [ 34.763101903530782, 29.045859681879335 ], [ 34.763327981402057, 29.043887215023261 ], [ 34.763390848509488, 29.043260435221157 ], [ 34.764803271554314, 29.030059487455475 ], [ 34.76514085186929, 29.025109117092597 ], [ 34.765215227601374, 29.02256167498183 ], [ 34.765473012869705, 29.020159103760051 ], [ 34.765808507656999, 29.015208853905932 ], [ 34.765946949292783, 29.010271938299923 ], [ 34.765888364756705, 29.005348357840745 ], [ 34.765632782827112, 29.000438114327977 ], [ 34.765180230483992, 28.995541211358301 ], [ 34.764977978351425, 28.994020493751151 ], [ 34.764975233620675, 28.993444523846222 ], [ 34.765083815066731, 28.990620183175395 ], [ 34.765074339809615, 28.985693259936312 ], [ 34.76498857236507, 28.983675625530083 ], [ 34.764196317306727, 28.978208645912645 ], [ 34.762770637355487, 28.971357785034058 ], [ 34.762681695304508, 28.970917588476539 ], [ 34.760759769448185, 28.96371273195706 ], [ 34.75839092909851, 28.956602498506669 ], [ 34.755575268683998, 28.949586909708415 ], [ 34.7523128871305, 28.942665981749684 ], [ 34.751874845348624, 28.941859809682825 ], [ 34.7488965803133, 28.935777734255254 ], [ 34.745078884483434, 28.928974605793712 ], [ 34.741193250268992, 28.922851959251062 ], [ 34.740841100936535, 28.92226059295237 ], [ 34.736382351265291, 28.915593537312191 ], [ 34.735826527972648, 28.914846565816589 ], [ 34.735463401515375, 28.913328830361678 ], [ 34.73539861705305, 28.912713028583823 ], [ 34.735312229976188, 28.910713950788704 ], [ 34.735266226955417, 28.905143212789454 ], [ 34.735253292905753, 28.90426588366384 ], [ 34.735234675140845, 28.903389330653596 ], [ 34.735210375459104, 28.902513553757615 ], [ 34.735180392961382, 28.901638552977062 ], [ 34.735144727647565, 28.90076432831151 ], [ 34.735103380417485, 28.89989087976079 ], [ 34.735056351270231, 28.899018207324787 ], [ 34.735003639306996, 28.898146310104323 ], [ 34.734945245427383, 28.897275189898465 ], [ 34.734881169630825, 28.896404845807353 ], [ 34.733486436250558, 28.879017194188663 ], [ 34.733461865873181, 28.874962540489292 ], [ 34.734165940606175, 28.870050279796857 ], [ 34.73419280065761, 28.869799786231596 ], [ 34.734856936499199, 28.865303343274974 ], [ 34.735389383713908, 28.860534064895461 ], [ 34.735753371721188, 28.855741042615392 ], [ 34.735948922105848, 28.850924271937799 ], [ 34.735976059148442, 28.846083750165064 ], [ 34.735834804433324, 28.841219474599427 ], [ 34.735525178644565, 28.836331439844145 ], [ 34.735376625031876, 28.834804893731246 ], [ 34.734458167211386, 28.831873538233623 ], [ 34.732691740432159, 28.826870954131721 ], [ 34.730737645826224, 28.821904420253361 ], [ 34.728595913970793, 28.81697394289364 ], [ 34.727235736140955, 28.814115963980981 ], [ 34.726353020976006, 28.81206292596363 ], [ 34.724046066573209, 28.807164248631494 ], [ 34.723876707144854, 28.806833799040959 ], [ 34.723243595216644, 28.801976635313565 ], [ 34.72284043723684, 28.799549919993296 ], [ 34.722617242592122, 28.797225803828269 ], [ 34.721045013616987, 28.789341329639171 ], [ 34.720839622851116, 28.787731270681832 ], [ 34.719151958696642, 28.779133869732533 ], [ 34.71901138117093, 28.777992631854914 ], [ 34.717982566642689, 28.77266425305325 ], [ 34.717416523454375, 28.768187343371608 ], [ 34.715494732496808, 28.758475016908818 ], [ 34.715007856627921, 28.756686066609177 ], [ 34.71353396851859, 28.748773642390148 ], [ 34.713465432983838, 28.748511623112961 ], [ 34.71173270470112, 28.739026654257202 ], [ 34.711545393905539, 28.738304505848646 ], [ 34.711506035076098, 28.738084565850357 ], [ 34.710195948584527, 28.72920409249528 ], [ 34.708024727060177, 28.719562244102519 ], [ 34.705135076722939, 28.710125153353317 ], [ 34.70152718463234, 28.700892878703655 ], [ 34.699689823826901, 28.697058756756604 ], [ 34.69851431908134, 28.694689160976196 ], [ 34.695529292943178, 28.688774375636996 ], [ 34.692180255415082, 28.678778048668335 ], [ 34.691900235308225, 28.678076198857894 ], [ 34.690238305254042, 28.674000685383618 ], [ 34.689215376788724, 28.671068616723858 ], [ 34.688223991144724, 28.667617356855828 ], [ 34.686291221263531, 28.659550715093872 ], [ 34.685409712089239, 28.655450561094909 ], [ 34.684547585103559, 28.649557605898991 ], [ 34.68397954002441, 28.645800517180533 ], [ 34.68386913385379, 28.644512551313596 ], [ 34.682830499628579, 28.636841558191747 ], [ 34.682689617232626, 28.636096024712089 ], [ 34.681767768068511, 28.628732137478579 ], [ 34.681355997282225, 28.626407997930926 ], [ 34.680686921464911, 28.620619775982334 ], [ 34.680190111684936, 28.617628489663332 ], [ 34.680091019885452, 28.612582804653243 ], [ 34.679541881253471, 28.604553017108316 ], [ 34.678923242114791, 28.599237787294356 ], [ 34.678802383124065, 28.596493481788855 ], [ 34.678070192885656, 28.588434978891513 ], [ 34.676958183873779, 28.580317190885978 ], [ 34.675466432530442, 28.572140102484298 ], [ 34.673595011700939, 28.563903698397269 ], [ 34.671888381744196, 28.557614268983713 ], [ 34.669360640181907, 28.548621070106833 ], [ 34.668850115740696, 28.546902278617779 ], [ 34.66873910432659, 28.546558012742508 ], [ 34.666734269071725, 28.544352844508552 ], [ 34.659905960492182, 28.531699257415227 ], [ 34.65270507807756, 28.518999098030264 ], [ 34.65046870157002, 28.515174839847447 ], [ 34.650384309189207, 28.514478697134535 ], [ 34.645768670088586, 28.492715070344559 ], [ 34.639015474684896, 28.471005221214142 ], [ 34.637258649068002, 28.466528869112096 ], [ 34.63518347333931, 28.461634185669425 ], [ 34.634037137204785, 28.459120678576767 ], [ 34.629900759413289, 28.451697634838325 ], [ 34.629545615338628, 28.45103915483358 ], [ 34.62585961622878, 28.442611979359668 ], [ 34.620922420034134, 28.431206653064976 ], [ 34.618989907359008, 28.4263290927139 ], [ 34.617803313073154, 28.42394809622806 ], [ 34.6162197445461, 28.420899748824866 ], [ 34.615099728869865, 28.418828890740912 ], [ 34.614618220155393, 28.417856916963615 ], [ 34.613042921793948, 28.414806060451838 ], [ 34.611412148752351, 28.411772220012352 ], [ 34.609725906426064, 28.408755398343089 ], [ 34.609711387771057, 28.408730392693798 ], [ 34.603511053292863, 28.399244846472868 ], [ 34.596741465047074, 28.389971519570395 ], [ 34.589402805595654, 28.380910459650323 ], [ 34.586637488330183, 28.37781608134722 ], [ 34.585674878293702, 28.374715826874251 ], [ 34.584596572274648, 28.37090619796291 ], [ 34.584151595820202, 28.369599569365135 ], [ 34.58126164061261, 28.360353639409539 ], [ 34.577411848878313, 28.349992779443653 ], [ 34.573014605640168, 28.339835879422878 ], [ 34.572111754654287, 28.338018598679838 ], [ 34.568502284253753, 28.329721834795293 ], [ 34.567765541646935, 28.328245851265478 ], [ 34.567627948071816, 28.327931130817575 ], [ 34.562851262875967, 28.318657849780294 ], [ 34.558442538892763, 28.30890553046612 ], [ 34.554560228572171, 28.298982018905463 ], [ 34.553291223112268, 28.295165052425688 ], [ 34.551476149305444, 28.290782935784307 ], [ 34.550700610845155, 28.289051099628693 ], [ 34.549259342945078, 28.285330575545743 ], [ 34.546975762821802, 28.279899540031977 ], [ 34.546650004095198, 28.279182302821283 ], [ 34.545034778532766, 28.275078236771691 ], [ 34.545053314459523, 28.274353156573227 ], [ 34.545039115962908, 28.27065879646662 ], [ 34.545163669368634, 28.2681573699669 ], [ 34.545286247862663, 28.26195751842522 ], [ 34.545259464253462, 28.259486203026341 ], [ 34.545426728261617, 28.255751786216308 ], [ 34.545510345426607, 28.249564063830746 ], [ 34.54548737764091, 28.248315731086535 ], [ 34.54568298468277, 28.243347732212555 ], [ 34.54569746017043, 28.241197807533212 ], [ 34.545553445435615, 28.240647363085685 ], [ 34.544730123297057, 28.237674288038107 ], [ 34.544442814185089, 28.236692317397029 ], [ 34.543973137850656, 28.234636800847881 ], [ 34.541469625823282, 28.224382373847902 ], [ 34.540584822432351, 28.219362595607379 ], [ 34.540396267874002, 28.218327727742974 ], [ 34.540202286806874, 28.217296952692521 ], [ 34.540002879229945, 28.216270269557555 ], [ 34.539798045144238, 28.215247678338045 ], [ 34.539587783649807, 28.214229179933142 ], [ 34.539372095646257, 28.213214774342845 ], [ 34.539174651289812, 28.212312614036222 ], [ 34.539158033617099, 28.212199130385841 ], [ 34.538996948850667, 28.211143425228926 ], [ 34.53883001039739, 28.210092134844672 ], [ 34.538657218256702, 28.2090452592318 ], [ 34.537611668244352, 28.202943928419955 ], [ 34.537094015776887, 28.200318174244615 ], [ 34.536931501088787, 28.198957589921093 ], [ 34.53634198289663, 28.194907761984098 ], [ 34.535654819015207, 28.19092602351742 ], [ 34.534870013041115, 28.187012386213041 ], [ 34.533987567672426, 28.183166858164356 ], [ 34.533007487406252, 28.179389451962209 ], [ 34.531929775839075, 28.175680174800675 ], [ 34.530754438367097, 28.172039038371423 ], [ 34.529481478587826, 28.168466051667252 ], [ 34.528110901897293, 28.164961221883146 ], [ 34.524776954093767, 28.157157127299627 ], [ 34.523648262657815, 28.153648771274192 ], [ 34.523014177662816, 28.151791700926566 ], [ 34.522348593913279, 28.14995061153175 ], [ 34.521651512308125, 28.148125502190567 ], [ 34.521331450786391, 28.147330764103941 ], [ 34.521018437251456, 28.14626787965895 ], [ 34.520427418091657, 28.1443888874376 ], [ 34.519803630333939, 28.142526520082868 ], [ 34.51914707577734, 28.140680778495209 ], [ 34.518457755321691, 28.13885166447281 ], [ 34.517920119018839, 28.137502161595989 ], [ 34.517781071240137, 28.137016120298199 ], [ 34.517202579636177, 28.135130693427215 ], [ 34.514751763383828, 28.127657229198235 ], [ 34.512729814929656, 28.118249261194933 ], [ 34.512645977430765, 28.117878771988075 ], [ 34.512585669793651, 28.1177447145472 ], [ 34.512310741648065, 28.116905799963263 ], [ 34.510610588608387, 28.112453055964039 ], [ 34.508710478506231, 28.10812513786513 ], [ 34.508624664297344, 28.107953391635789 ], [ 34.507044151667145, 28.103651042161971 ], [ 34.505184763766437, 28.099297478096275 ], [ 34.50462895036614, 28.098164489699911 ], [ 34.503466323912193, 28.094855728309625 ], [ 34.501652643155666, 28.090473396730232 ], [ 34.500644370042409, 28.088374915970121 ], [ 34.49987490290502, 28.086068497563559 ], [ 34.498112893595902, 28.081653659988916 ], [ 34.496672900034895, 28.078584536447494 ], [ 34.496325072844542, 28.077476001516686 ], [ 34.495426185170714, 28.074925677078852 ], [ 34.49444424960322, 28.072425107632682 ], [ 34.493379270637405, 28.06997429677682 ], [ 34.492811487260809, 28.068786800470804 ], [ 34.492401532205662, 28.067471148974533 ], [ 34.491501372890497, 28.064921452263349 ], [ 34.49051216990128, 28.062425113228585 ], [ 34.489433927734098, 28.059982138165452 ], [ 34.489197523847309, 28.059498185992709 ], [ 34.488789105733048, 28.059000017337496 ], [ 34.488752653512705, 28.058938944376933 ], [ 34.487861357915989, 28.057513886756681 ], [ 34.486949064048616, 28.056121864832363 ], [ 34.486015772810191, 28.05476287860418 ], [ 34.48506148510009, 28.053436929870799 ], [ 34.482779281838845, 28.050411451327733 ], [ 34.481733833450306, 28.049095806126758 ], [ 34.481654516843236, 28.049001065247438 ], [ 34.480781107862725, 28.047652393343526 ], [ 34.479808910153537, 28.046235785753339 ], [ 34.47880774887912, 28.044859063095771 ], [ 34.477777623139303, 28.043522228068667 ], [ 34.476930016607497, 28.042484260240542 ], [ 34.476747733021938, 28.042185049500688 ], [ 34.475802194816168, 28.040731624565097 ], [ 34.474823984239862, 28.039323196308857 ], [ 34.473813101294098, 28.037959767429726 ], [ 34.472769545978252, 28.036641340625806 ], [ 34.472200631254822, 28.03596818458405 ], [ 34.468191030892257, 28.02936187904794 ], [ 34.466169988954533, 28.024061229042871 ], [ 34.466088566135198, 28.023851526926762 ], [ 34.46600586627855, 28.023642326632341 ], [ 34.465921890283511, 28.023433629958447 ], [ 34.465836636352464, 28.023225436005703 ], [ 34.465750106283139, 28.023017744773398 ], [ 34.465662298277124, 28.022810556262613 ], [ 34.465573214133059, 28.022603870472693 ], [ 34.465563691211941, 28.022582142851917 ], [ 34.465520144239775, 28.02238300327349 ], [ 34.46547012574635, 28.022160934579944 ], [ 34.46541876366561, 28.021939394687735 ], [ 34.464007378438254, 28.016020729673272 ], [ 34.463911642908528, 28.015680006227541 ], [ 34.463841101886004, 28.014649158332332 ], [ 34.463691133639571, 28.013275445705659 ], [ 34.463485701504709, 28.011909013990419 ], [ 34.463224807279431, 28.010549863185986 ], [ 34.46290845366272, 28.009197993293157 ], [ 34.462774408812578, 28.008713242522589 ], [ 34.462717858542959, 28.00782961274686 ], [ 34.462573904962341, 28.006455109615985 ], [ 34.462374429037226, 28.005087895490249 ], [ 34.462119433465631, 28.003727970369653 ], [ 34.461808921844948, 28.002375334254708 ], [ 34.461637806939933, 28.001746400576423 ], [ 34.4615337939277, 28.0 ], [ 34.435958904735443, 28.0 ], [ 34.439576029710423, 28.017922043967189 ] ], [ [ 34.860795259194305, 29.461275935136342 ], [ 34.861611724002245, 29.462331652883449 ], [ 34.861517548796286, 29.463385105238473 ], [ 34.860674500028239, 29.464175701047822 ], [ 34.859788179481342, 29.464372872909792 ], [ 34.859190702289453, 29.463357448387626 ], [ 34.859347939756134, 29.462101340104823 ], [ 34.860478639377874, 29.460972547944976 ], [ 34.860795259194305, 29.461275935136342 ] ] ] ] } },
{ "type": "Feature", "properties": { "MRGID": 8491, "GEONAME": "Jordanian Exclusive Economic Zone", "MRGID_TER1": 2120.0, "POL_TYPE": "200NM", "MRGID_SOV1": 2120, "TERRITORY1": "Jordan", "ISO_TER1": "JOR", "SOVEREIGN1": "Jordan", "MRGID_TER2": null, "MRGID_SOV2": null, "TERRITORY2": null, "ISO_TER2": null, "SOVEREIGN2": null, "MRGID_TER3": null, "MRGID_SOV3": null, "TERRITORY3": null, "ISO_TER3": null, "SOVEREIGN3": null, "X_1": 34.94683, "Y_1": 29.43517, "MRGID_EEZ": 8491, "AREA_KM2": 97, "ISO_SOV1": "JOR", "ISO_SOV2": null, "ISO_SOV3": null, "UN_SOV1": 400, "UN_SOV2": null, "UN_SOV3": null, "UN_TER1": 400.0, "UN_TER2": null, "UN_TER3": null }, "geometry": { "type": "Polygon", "coordinates": [ [ [ 34.960690555556056, 29.357388611111503 ], [ 34.956499772573892, 29.358022429463972 ], [ 34.955940807351311, 29.358106967942319 ], [ 34.949420833333733, 29.359093055555775 ], [ 34.911228551284097, 29.368697736635198 ], [ 34.892926900271476, 29.373300277037345 ], [ 34.888093333333671, 29.374515833333675 ], [ 34.885352158931681, 29.375206381339552 ], [ 34.88580118747538, 29.376159073083102 ], [ 34.886249128994535, 29.377142405298031 ], [ 34.886710924569655, 29.378308656019982 ], [ 34.887069075078188, 29.379522997088941 ], [ 34.892764702829169, 29.389688393904436 ], [ 34.894191417000656, 29.391670956549689 ], [ 34.89456341796793, 29.392562507553919 ], [ 34.900523276428572, 29.405007626400931 ], [ 34.902262486125352, 29.409106580704304 ], [ 34.910287488377236, 29.424053385055828 ], [ 34.910341528638895, 29.425016228016744 ], [ 34.910699248372197, 29.431389825880103 ], [ 34.910655036800932, 29.432977327142282 ], [ 34.91211422189437, 29.440652629815361 ], [ 34.919416741198148, 29.449959436798025 ], [ 34.921111111111458, 29.453333333333518 ], [ 34.93361111111156, 29.466944444444607 ], [ 34.944745158121322, 29.484683434595979 ], [ 34.951645905243964, 29.495677845265305 ], [ 34.966388888889327, 29.519166666666905 ], [ 34.969502314328821, 29.525393517546178 ], [ 34.97573840000527, 29.537865688898847 ], [ 34.977929175480966, 29.54224723985061 ], [ 34.977988662006197, 29.542366212900959 ], [ 34.978055555555926, 29.542500000000302 ], [ 34.978064963766286, 29.542523200176305 ], [ 34.978544831079063, 29.542335033635027 ], [ 34.979528426795838, 29.542024135305724 ], [ 34.996507048761629, 29.53124999998758 ], [ 34.997118353929096, 29.53124999998758 ], [ 34.999955177190287, 29.527205228938385 ], [ 35.0, 29.52720820927172 ], [ 35.0, 29.51771378476024 ], [ 34.998845457851559, 29.516932248924263 ], [ 34.999924540885303, 29.515993476318101 ], [ 34.997458457741942, 29.514679312300501 ], [ 34.99819815192356, 29.516798258033333 ], [ 34.998363256659587, 29.517397641787966 ], [ 34.996256351050334, 29.517571210942833 ], [ 34.990878343161597, 29.503490448325607 ], [ 34.991858005243188, 29.500463247580967 ], [ 34.985996723270461, 29.490702152682388 ], [ 34.982970953347291, 29.482495427122274 ], [ 34.980143070247067, 29.480520248810535 ], [ 34.979884028625492, 29.477383732773319 ], [ 34.974928975491849, 29.470562934431996 ], [ 34.974436521128865, 29.462994575539312 ], [ 34.976180552990201, 29.459168314566284 ], [ 34.971657633992976, 29.453347206208718 ], [ 34.970940470526699, 29.449856042522583 ], [ 34.967916846385748, 29.446848630459897 ], [ 34.969885945280367, 29.439349531955429 ], [ 34.974700450565905, 29.43176054980961 ], [ 34.972546458252879, 29.420475720977862 ], [ 34.977661371275786, 29.409672855917762 ], [ 34.976524353016686, 29.406349658610026 ], [ 34.969742536689324, 29.402901649791488 ], [ 34.964926242652467, 29.398199439252664 ], [ 34.964063644422112, 29.393562912498481 ], [ 34.96856844387915, 29.386567115979972 ], [ 34.963779449662212, 29.381508350330108 ], [ 34.962299942588317, 29.377411723472562 ], [ 34.966097235499007, 29.372352361572382 ], [ 34.962360739456727, 29.369438171434638 ], [ 34.95876467255178, 29.368217110631235 ], [ 34.958714127954892, 29.365639567312371 ], [ 34.959551215116875, 29.367742538387517 ], [ 34.960979103802771, 29.367742538387517 ], [ 34.965811252887448, 29.361232518766087 ], [ 34.964908241822485, 29.359688758729391 ], [ 34.960868358588613, 29.357355952415503 ], [ 34.960690555556056, 29.357388611111503 ] ] ] } },
{ "type": "Feature", "properties": { "MRGID": 8375, "GEONAME": "Israeli Exclusive Economic Zone", "MRGID_TER1": 2123.0, "POL_TYPE": "200NM", "MRGID_SOV1": 2123, "TERRITORY1": "Israel", "ISO_TER1": "ISR", "SOVEREIGN1": "Israel", "MRGID_TER2": null, "MRGID_SOV2": null, "TERRITORY2": null, "ISO_TER2": null, "SOVEREIGN2": null, "MRGID_TER3": null, "MRGID_SOV3": null, "TERRITORY3": null, "ISO_TER3": null, "SOVEREIGN3": null, "X_1": 34.1022, "Y_1": 32.6112, "MRGID_EEZ": 8375, "AREA_KM2": 25955, "ISO_SOV1": "ISR", "ISO_SOV2": null, "ISO_SOV3": null, "UN_SOV1": 376, "UN_SOV2": null, "UN_SOV3": null, "UN_TER1": 376.0, "UN_TER2": null, "UN_TER3": null }, "geometry": { "type": "MultiPolygon", "coordinates": [ [ [ [ 34.91469094921203, 29.460184099144413 ], [ 34.91286187507572, 29.464141460260549 ], [ 34.902276754768621, 29.489815354594896 ], [ 34.903004177781241, 29.490027412725226 ], [ 34.903731704055502, 29.49023950095264 ], [ 34.906595706626803, 29.493768811181866 ], [ 34.914204954994915, 29.498275041460317 ], [ 34.918630481012116, 29.502462149108908 ], [ 34.920204043682219, 29.506309509076942 ], [ 34.926894068906876, 29.512679815421336 ], [ 34.927220701774303, 29.516600251600664 ], [ 34.927439451070228, 29.516971945898774 ], [ 34.931126237086602, 29.520310044073341 ], [ 34.932130336446363, 29.522955656178993 ], [ 34.938920140552426, 29.528733133927233 ], [ 34.940990924891452, 29.529207944491247 ], [ 34.94130206064213, 29.529502272811726 ], [ 34.942366838159302, 29.53124999998775 ], [ 34.942618012511815, 29.53124999998775 ], [ 34.94472193686849, 29.537129879040833 ], [ 34.945562243602836, 29.538324237173839 ], [ 34.948719978244782, 29.540682077016243 ], [ 34.950926542226711, 29.540907740300213 ], [ 34.955169558928418, 29.549215555053877 ], [ 34.955543517719576, 29.54945516592349 ], [ 34.96996200094614, 29.545700550340513 ], [ 34.978064963766286, 29.542523200176305 ], [ 34.978055555555926, 29.542500000000302 ], [ 34.977988662006197, 29.542366212900959 ], [ 34.977929175480966, 29.54224723985061 ], [ 34.97573840000527, 29.537865688898847 ], [ 34.969502314328821, 29.525393517546178 ], [ 34.966388888889327, 29.519166666666905 ], [ 34.951645905243964, 29.495677845265305 ], [ 34.944745158121322, 29.484683434595979 ], [ 34.93361111111156, 29.466944444444607 ], [ 34.921111111111458, 29.453333333333518 ], [ 34.919416741198148, 29.449959436798025 ], [ 34.91469094921203, 29.460184099144413 ] ] ], [ [ [ 34.991195917157967, 32.828836441448914 ], [ 34.993010640229244, 32.829556942299433 ], [ 35.0, 32.826137900790634 ], [ 35.0, 32.823021293097042 ], [ 34.991195917157967, 32.828836441448914 ] ] ], [ [ [ 34.98853826492919, 32.831655860130269 ], [ 34.985858201595164, 32.835287332444693 ], [ 34.981681943367136, 32.836720108946054 ], [ 34.980507612236551, 32.836659550398252 ], [ 34.978317379943263, 32.83584094070676 ], [ 34.972728371317402, 32.832086920475035 ], [ 34.963587046005927, 32.83058345276433 ], [ 34.959226370101277, 32.826760053433873 ], [ 34.95604002442812, 32.826613426168876 ], [ 34.954485416768961, 32.824937820124376 ], [ 34.955351948633648, 32.823603153363194 ], [ 34.953983425994323, 32.82186102896361 ], [ 34.954039811688148, 32.813262343782554 ], [ 34.955843925457344, 32.809411049280584 ], [ 34.955731749421062, 32.806537509398794 ], [ 34.954463004764278, 32.80696892767395 ], [ 34.953184604985694, 32.805830478593805 ], [ 34.95451414561191, 32.801987052260699 ], [ 34.953919768382804, 32.793920039977991 ], [ 34.952345609462526, 32.792647003756485 ], [ 34.952940702551444, 32.78585374355572 ], [ 34.947267413060985, 32.737091660452108 ], [ 34.94203507915617, 32.719980001775696 ], [ 34.94158267969712, 32.71388733413329 ], [ 34.936993241445549, 32.707222223726774 ], [ 34.933268427596573, 32.707332253081091 ], [ 34.931190371338658, 32.705512404773685 ], [ 34.930984854667685, 32.705258607998786 ], [ 34.928212046948858, 32.7011964323695 ], [ 34.926739335152519, 32.69531250007185 ], [ 34.926509380304225, 32.69531250007185 ], [ 34.926178454972018, 32.694893956491171 ], [ 34.926291346868453, 32.691990256045642 ], [ 34.927760958701668, 32.690038323409851 ], [ 34.925908446118257, 32.685802340306111 ], [ 34.926743745428126, 32.683281778931274 ], [ 34.924487829350454, 32.65707325922358 ], [ 34.923825740365857, 32.653872012683536 ], [ 34.921195149636873, 32.651544809145918 ], [ 34.920248747182228, 32.6413532492532 ], [ 34.921764850367907, 32.640434145719468 ], [ 34.919635653263043, 32.636485933978918 ], [ 34.917315602033881, 32.622671126971056 ], [ 34.91497194809719, 32.619721531423949 ], [ 34.912734150661009, 32.608507156380256 ], [ 34.91351175306508, 32.606194257459151 ], [ 34.912310004303691, 32.603355765056619 ], [ 34.91246914833269, 32.596122860481785 ], [ 34.909380555368699, 32.589478016297562 ], [ 34.910533666995349, 32.587468027927315 ], [ 34.909550070379709, 32.584250449698686 ], [ 34.907800078711062, 32.581923246161324 ], [ 34.910349845569186, 32.57716882188393 ], [ 34.908212304554326, 32.573249221174706 ], [ 34.908411145558233, 32.571006536822154 ], [ 34.906351208841755, 32.569024920264013 ], [ 34.902902364552943, 32.561111450133467 ], [ 34.903634667206546, 32.558457016578188 ], [ 34.90044474582848, 32.553323745694456 ], [ 34.903588772104541, 32.549703478932514 ], [ 34.90345430367384, 32.548344731024656 ], [ 34.902224541029938, 32.546695232299214 ], [ 34.898426175227854, 32.54508054273299 ], [ 34.896697520873971, 32.541579961346372 ], [ 34.896781444708182, 32.537972927208926 ], [ 34.899036049574278, 32.536826372539338 ], [ 34.899179101135161, 32.534297346745404 ], [ 34.895060777233283, 32.519531250366953 ], [ 34.894476056025809, 32.519531250366953 ], [ 34.892737030689631, 32.515349268853981 ], [ 34.891252040449814, 32.514695763898487 ], [ 34.891972422589419, 32.513565778338062 ], [ 34.894358277213172, 32.513502359046754 ], [ 34.891996979477511, 32.510676503018374 ], [ 34.88941442963241, 32.504442452956852 ], [ 34.888616442295046, 32.502045512390822 ], [ 34.889527440239618, 32.498450875407741 ], [ 34.887785434550295, 32.497090577968237 ], [ 34.886169910413543, 32.490790247871672 ], [ 34.886109471475066, 32.489683747207266 ], [ 34.886297703176837, 32.487681746615465 ], [ 34.888450742208505, 32.487029552871661 ], [ 34.885617613362314, 32.481887817568975 ], [ 34.885936856501274, 32.478240251886234 ], [ 34.882326960721031, 32.477900743424783 ], [ 34.883200526183572, 32.476439953041563 ], [ 34.88180196259097, 32.472574949274559 ], [ 34.884201646089281, 32.471440553439095 ], [ 34.880796909050247, 32.471120357918323 ], [ 34.87971246246056, 32.473819852004624 ], [ 34.877801656721573, 32.471233845166267 ], [ 34.868013619932952, 32.47108161422517 ], [ 34.867033242890358, 32.470046639341234 ], [ 34.878757357266494, 32.469667553514967 ], [ 34.881504654816325, 32.464775204711998 ], [ 34.87701547118732, 32.450186729834087 ], [ 34.876285552636119, 32.441352129097538 ], [ 34.871960163430998, 32.422874212275303 ], [ 34.869556069657079, 32.421448946012134 ], [ 34.866947174172964, 32.41672563557978 ], [ 34.86975574523197, 32.416493654558877 ], [ 34.866768718102065, 32.412238001482905 ], [ 34.86580884470257, 32.410870551734973 ], [ 34.865388750690812, 32.406705617770172 ], [ 34.859610915012382, 32.397234440017684 ], [ 34.861443638913016, 32.395901322788092 ], [ 34.85990035551734, 32.390433430358883 ], [ 34.859780907563078, 32.383556842574251 ], [ 34.856058239496718, 32.379235148683307 ], [ 34.857794642408777, 32.378020643937759 ], [ 34.856148958607633, 32.368221759526762 ], [ 34.849251747570662, 32.343749999762707 ], [ 34.849497556567286, 32.343749999762707 ], [ 34.847110032802192, 32.334227919482998 ], [ 34.846508860296098, 32.332282662514956 ], [ 34.846304654836075, 32.33204650863982 ], [ 34.842923641013584, 32.330118417930692 ], [ 34.844366550176204, 32.326398730217278 ], [ 34.838987946936612, 32.305867314025562 ], [ 34.838985801154394, 32.298359870711636 ], [ 34.837275028020571, 32.298746108846245 ], [ 34.837271809346902, 32.295060157400428 ], [ 34.831785440346295, 32.284044861681025 ], [ 34.830683946207529, 32.27693426580376 ], [ 34.828779101174888, 32.273750424742218 ], [ 34.829364061602206, 32.269108414821687 ], [ 34.824229240287281, 32.255609750989379 ], [ 34.824065328052853, 32.251823544920796 ], [ 34.819919943550957, 32.243615508149361 ], [ 34.817884445011799, 32.232321858766852 ], [ 34.816035151101374, 32.229778051715982 ], [ 34.813988208689437, 32.220301270287479 ], [ 34.809033155556023, 32.210657954201395 ], [ 34.808987975415079, 32.207786202171775 ], [ 34.804687500128438, 32.200892806058476 ], [ 34.804687500128438, 32.198102712470416 ], [ 34.804687500128438, 32.196707605871524 ], [ 34.804687500128438, 32.195312500171781 ], [ 34.802848935130754, 32.192473411518876 ], [ 34.802212357215154, 32.19162356837333 ], [ 34.801787734216958, 32.190834641705521 ], [ 34.795132279831051, 32.167968750058009 ], [ 34.79482126279126, 32.167968750058009 ], [ 34.794038534251143, 32.165590524383305 ], [ 34.791892051277642, 32.165543556390077 ], [ 34.790861249247513, 32.163248300368934 ], [ 34.79096424590378, 32.158785342769534 ], [ 34.792674661107213, 32.157809973151927 ], [ 34.792835116347788, 32.156375050868007 ], [ 34.792688131152573, 32.155812859476242 ], [ 34.78989481889144, 32.153855562384734 ], [ 34.790462732669397, 32.151438712626543 ], [ 34.787485003630678, 32.144281745006566 ], [ 34.783860206982951, 32.129133104909045 ], [ 34.7837339637517, 32.128785252537597 ], [ 34.780645132467242, 32.124396801071669 ], [ 34.776698708579119, 32.110484958114569 ], [ 34.775678157920737, 32.108374833831704 ], [ 34.775098919879582, 32.107718348523264 ], [ 34.774751901179826, 32.107717156022233 ], [ 34.773136734972496, 32.108881354491075 ], [ 34.774095773801292, 32.105290651142894 ], [ 34.770079851204599, 32.097487569196261 ], [ 34.76979231816145, 32.096995234442858 ], [ 34.766430020129718, 32.095501422752506 ], [ 34.767792939992461, 32.088583230531924 ], [ 34.762297749541943, 32.07833564287597 ], [ 34.760636806044118, 32.068539857528549 ], [ 34.75379765074112, 32.057171344981725 ], [ 34.746502756797298, 32.05289924150685 ], [ 34.747672200112021, 32.050363659655261 ], [ 34.744631767642403, 32.047475815156872 ], [ 34.74302267995327, 32.04091393972675 ], [ 34.739553213310757, 32.034369945516829 ], [ 34.737380147276525, 32.028361916669269 ], [ 34.738710760793225, 32.027666449347123 ], [ 34.736765623434934, 32.024820446706627 ], [ 34.735216736363867, 32.017190218054168 ], [ 34.733572245063414, 32.013584971769205 ], [ 34.725906014750905, 31.99218750035314 ], [ 34.718605637640138, 31.970163345362181 ], [ 34.71482408016729, 31.961385846179951 ], [ 34.705519437972185, 31.941501020955656 ], [ 34.6886991263639, 31.918178558793613 ], [ 34.685687422736549, 31.907868147197576 ], [ 34.685146332137975, 31.90655016915531 ], [ 34.671380758515596, 31.875351429225304 ], [ 34.670351743438601, 31.873758912444174 ], [ 34.670426845822561, 31.873495459648069 ], [ 34.670022845178352, 31.873166323067323 ], [ 34.655952573153257, 31.845336556836799 ], [ 34.653442621080416, 31.843507409539342 ], [ 34.652470945877809, 31.844553351656089 ], [ 34.651758909446386, 31.843905210257333 ], [ 34.65165770064263, 31.835534453752132 ], [ 34.653177738362416, 31.834568023395775 ], [ 34.649920940699218, 31.830308675904774 ], [ 34.639937639510748, 31.831189155355389 ], [ 34.640821457245039, 31.828462124028221 ], [ 34.639245271252463, 31.821913361612673 ], [ 34.641760945711525, 31.820340633513467 ], [ 34.641144514408182, 31.819050074001922 ], [ 34.638631701592118, 31.819679975350965 ], [ 34.635704755470584, 31.823491573777289 ], [ 34.635697006911784, 31.829005956659586 ], [ 34.638201951559068, 31.833142042171716 ], [ 34.637253761252538, 31.83472693000391 ], [ 34.634407758611161, 31.825631738114481 ], [ 34.635908722609912, 31.820717334337871 ], [ 34.639196753727362, 31.817896604444911 ], [ 34.639041543333036, 31.817395448241257 ], [ 34.638244152246187, 31.816406249749065 ], [ 34.626055956217755, 31.791768074037634 ], [ 34.589837551362251, 31.730826139714765 ], [ 34.58500075368201, 31.725116253212775 ], [ 34.558269858267494, 31.684171676281778 ], [ 34.557232141350738, 31.683534503015096 ], [ 34.555715680234954, 31.684551120038293 ], [ 34.546071648288404, 31.668936848756744 ], [ 34.539181470848604, 31.663401841721736 ], [ 34.535231351645876, 31.654909968120535 ], [ 34.525072574740051, 31.64062500004394 ], [ 34.52138721954455, 31.635741114760975 ], [ 34.517971873203777, 31.63724565536279 ], [ 34.52018463621252, 31.639747977587405 ], [ 34.520167112023131, 31.64062500004394 ], [ 34.519513130426873, 31.64062500004394 ], [ 34.517072677962034, 31.637172341730377 ], [ 34.519027829271323, 31.632469653651697 ], [ 34.512575149523997, 31.626961350186235 ], [ 34.5081123431506, 31.620786246582497 ], [ 34.490564345868137, 31.596505403501823 ], [ 34.490535735736074, 31.596224307805585 ], [ 34.485964417024235, 31.589763044928674 ], [ 34.472704098146011, 31.572656453419199 ], [ 34.368943108228251, 31.652721493132901 ], [ 34.191730493316555, 31.789463972767038 ], [ 34.159277802183539, 31.757418250076142 ], [ 34.120745522277076, 31.719369178845795 ], [ 34.008968852380718, 31.608994228672117 ], [ 34.20422812461257, 31.369432486468042 ], [ 34.231497503995143, 31.335975944511716 ], [ 34.223727703070978, 31.329540967941369 ], [ 34.217281102740714, 31.324776649322814 ], [ 34.217076540250133, 31.324393511151754 ], [ 34.213945216964561, 31.328201857294545 ], [ 34.165879557822478, 31.38665978415014 ], [ 33.99345171932643, 31.596368215295968 ], [ 33.963405355829622, 31.57166329769143 ], [ 33.914441333001349, 31.624005569101826 ], [ 33.851599891122106, 31.686911443808242 ], [ 33.723514101594759, 31.818420489214247 ], [ 33.723110810515919, 31.81882149151869 ], [ 33.698252909744184, 31.844019202924017 ], [ 33.663753686683464, 31.876752090936435 ], [ 33.661341855142751, 31.879905595167344 ], [ 33.65386148322105, 31.903572964421016 ], [ 33.651247266448223, 31.911944959292498 ], [ 33.648650312162459, 31.920363818735325 ], [ 33.646070621262453, 31.928829526561458 ], [ 33.643508192848827, 31.93734206748249 ], [ 33.640963028721018, 31.9459014262099 ], [ 33.639399293842615, 31.95122520677802 ], [ 33.638431536086927, 31.954497645450147 ], [ 33.635911392896702, 31.963124280661106 ], [ 33.63340842226151, 31.971797443197545 ], [ 33.630922624179817, 31.980517115073042 ], [ 33.629477741904481, 31.985648042323305 ], [ 33.628320550953077, 31.988913954615384 ], [ 33.62808055247595, 31.989598181311123 ], [ 33.60942977606399, 32.04250156239732 ], [ 33.606502491796817, 32.049689874088614 ], [ 33.597170165770905, 32.075549111502482 ], [ 33.585181847209384, 32.101576326448338 ], [ 33.573831130902448, 32.126219276298997 ], [ 33.541489402114308, 32.195949203093278 ], [ 33.486234004296051, 32.285089143649117 ], [ 33.424740282838201, 32.389191141058717 ], [ 33.419276386096925, 32.398494431572857 ], [ 33.413820665092118, 32.407842290689501 ], [ 33.413705747922535, 32.408040436517069 ], [ 33.408095371404528, 32.415682604568701 ], [ 33.402370408667565, 32.423523958064635 ], [ 33.396651763668245, 32.431399789768705 ], [ 33.390939436406569, 32.439310092486863 ], [ 33.385233425982591, 32.447254854528012 ], [ 33.379533733295688, 32.455234067798131 ], [ 33.373840357447051, 32.46324772150524 ], [ 33.368153300234866, 32.471295804857789 ], [ 33.329543294088325, 32.526215332871345 ], [ 33.285463113032819, 32.582908577568901 ], [ 33.275181888933645, 32.595714507118913 ], [ 33.275085090404872, 32.595823190188213 ], [ 33.014830563180425, 32.85796855550447 ], [ 32.972222222477541, 32.888888888711392 ], [ 32.997222222428007, 32.909722222602824 ], [ 33.026666666533828, 32.934166666358749 ], [ 33.098888889011363, 32.993611110764363 ], [ 33.106612346082969, 33.0 ], [ 35.0, 33.0 ], [ 35.0, 32.828432560499195 ], [ 34.98853826492919, 32.831655860130269 ] ] ] ] } },
{ "type": "Feature", "properties": { "MRGID": 48953, "GEONAME": "Palestinian Exclusive Economic Zone", "MRGID_TER1": 15525.0, "POL_TYPE": "200NM", "MRGID_SOV1": 15525, "TERRITORY1": "Palestine", "ISO_TER1": "PSE", "SOVEREIGN1": "Palestine", "MRGID_TER2": 2123.0, "MRGID_SOV2": 2123.0, "TERRITORY2": "Israel", "ISO_TER2": "ISR", "SOVEREIGN2": "Israel", "MRGID_TER3": null, "MRGID_SOV3": null, "TERRITORY3": null, "ISO_TER3": null, "SOVEREIGN3": null, "X_1": 34.23444, "Y_1": 31.56915, "MRGID_EEZ": 48953, "AREA_KM2": 1120, "ISO_SOV1": "PSE", "ISO_SOV2": "ISR", "ISO_SOV3": null, "UN_SOV1": 275, "UN_SOV2": 376.0, "UN_SOV3": null, "UN_TER1": 275.0, "UN_TER2": 376.0, "UN_TER3": null }, "geometry": { "type": "Polygon", "coordinates": [ [ [ 34.464534521451384, 31.562117218834771 ], [ 34.459576606675597, 31.553721427901735 ], [ 34.453061580528043, 31.546640276727487 ], [ 34.452585458752566, 31.545764327162175 ], [ 34.433781504413076, 31.52509677429714 ], [ 34.429351329800141, 31.523723602162733 ], [ 34.429731726838241, 31.521389841668025 ], [ 34.418074369137088, 31.508273958976275 ], [ 34.375414252666047, 31.466525554511236 ], [ 34.373982549056194, 31.464843750339043 ], [ 34.373803138804391, 31.464843750339043 ], [ 34.354217410105974, 31.444056749519575 ], [ 34.352631449382471, 31.441068649498817 ], [ 34.334300279434473, 31.422786712936784 ], [ 34.331961750735076, 31.420662402748121 ], [ 34.324523449098223, 31.416049003858745 ], [ 34.298670649931324, 31.394812107293262 ], [ 34.296591043242728, 31.393010258916348 ], [ 34.260993242544799, 31.360535740732104 ], [ 34.244204640132835, 31.34650003954556 ], [ 34.231497503995143, 31.335975944511716 ], [ 34.20422812461257, 31.369432486468042 ], [ 34.008968852380718, 31.608994228672117 ], [ 34.120745522277076, 31.719369178845795 ], [ 34.159277802183539, 31.757418250076142 ], [ 34.191730493316555, 31.789463972767038 ], [ 34.368943108228251, 31.652721493132901 ], [ 34.472704098146011, 31.572656453419199 ], [ 34.464534521451384, 31.562117218834771 ] ] ] } },
{ "type": "Feature", "properties": { "MRGID": 8376, "GEONAME": "Cypriote Exclusive Economic Zone", "MRGID_TER1": 2159.0, "POL_TYPE": "200NM", "MRGID_SOV1": 2159, "TERRITORY1": "Cyprus", "ISO_TER1": "CYP", "SOVEREIGN1": "Cyprus", "MRGID_TER2": null, "MRGID_SOV2": null, "TERRITORY2": null, "ISO_TER2": null, "SOVEREIGN2": null, "MRGID_TER3": null, "MRGID_SOV3": null, "TERRITORY3": null, "ISO_TER3": null, "SOVEREIGN3": null, "X_1": 32.63526, "Y_1": 34.48929, "MRGID_EEZ": 8376, "AREA_KM2": 98450, "ISO_SOV1": "CYP", "ISO_SOV2": null, "ISO_SOV3": null, "UN_SOV1": 196, "UN_SOV2": null, "UN_SOV3": null, "UN_TER1": 196.0, "UN_TER2": null, "UN_TER3": null }, "geometry": { "type": "Polygon", "coordinates": [ [ [ 33.098888889011363, 32.993611110764363 ], [ 33.026666666533828, 32.934166666358749 ], [ 32.997222222428007, 32.909722222602824 ], [ 32.972222222477541, 32.888888888711392 ], [ 32.558080808121119, 33.0 ], [ 33.106612346082969, 33.0 ], [ 33.098888889011363, 32.993611110764363 ] ] ] } }
]
}
